ros_timestamp_ns,wall_time,trajectory_mode,meas_x,meas_y,meas_z,is_tracked,pred_x,pred_y,pred_z,mae_x,mae_y,mae_z,inference_ms,buffer_size,robot_ee_x,robot_ee_y,robot_ee_z,hand_base_x,hand_base_y,hand_base_z,target_cmd_x,target_cmd_y,target_cmd_z,hand_vel_x,hand_vel_y,hand_vel_z,hand_speed,ee_vel_x,ee_vel_y,ee_vel_z,ee_speed,j1_pos,j2_pos,j3_pos,j4_pos,j5_pos,j6_pos,j1_vel,j2_vel,j3_vel,j4_vel,j5_vel,j6_vel,j1_eff,j2_eff,j3_eff,j4_eff,j5_eff,j6_eff,rula_upper_arm,rula_lower_arm,rula_wrist,rula_twist,rula_total,rula_alpha_s,rula_alpha_c,rula_beta_s,rula_beta_t,rula_gamma_s,adapt_w,adapt_sr,adapt_se
1786594594468482736,2026-08-13T11:16:34.468501,ground_truth,0.212080,0.016000,0.103416,True,,,,,,,,,-0.163027,0.246809,0.385875,-0.161991,0.308956,0.388249,-0.163027,0.246820,0.385880,0.000000,0.000000,0.000000,0.000000,0.000000,-0.000010,0.000023,0.000025,1.575093,0.056960,-1.101794,0.000841,-0.353928,-1.884226,0.000000,0.000000,0.000000,0.000000,0.000000,0.000000,-0.048580,-0.120820,0.095616,-0.025440,-0.001568,-0.000512,1.0000,2.0000,1.0000,0.0000,2.0000,12.4507,18.3336,49.2140,-10.5513,9.7489,0.775615,0.924269,0.772861
1786594594502124310,2026-08-13T11:16:34.502144,ground_truth,0.206542,0.040000,0.107358,True,,,,,,,,,-0.161991,0.308956,0.388249,-0.161991,0.308956,0.388249,-0.161991,0.308956,0.388249,0.000000,0.000000,0.000000,0.000000,0.000537,0.032205,0.001230,0.032233,1.575093,0.056960,-1.101794,0.000841,-0.353928,-1.884226,0.000000,0.000000,0.000000,0.000000,0.000000,0.000000,-0.047320,-0.118020,0.094620,-0.024544,-0.002688,-0.000736,1.0000,2.0000,1.0000,0.0000,2.0000,13.3135,19.1813,48.9722,-11.7292,9.6214,0.775615,0.924269,0.772861
1786594594541894354,2026-08-13T11:16:34.541920,ground_truth,0.207170,0.032000,0.107264,True,,,,,,,,,-0.161991,0.308956,0.388249,-0.161991,0.308956,0.388249,-0.161991,0.308956,0.388249,0.000000,0.000000,0.000000,0.000000,0.000537,0.032205,0.001230,0.032233,1.575093,0.056960,-1.101794,0.000841,-0.353928,-1.884226,0.000000,0.000000,0.000000,0.000000,0.000000,0.000000,-0.044520,-0.116760,0.095284,-0.023936,-0.002464,-0.000224,1.0000,2.0000,1.0000,0.0000,2.0000,13.3331,19.2270,49.1742,-11.4109,10.0627,0.775615,0.924269,0.772861
1786594594568596569,2026-08-13T11:16:34.568612,ground_truth,0.203544,0.032000,0.110897,True,,,,,,,,,-0.161991,0.308956,0.388249,-0.161991,0.308956,0.388249,-0.161991,0.308956,0.388249,0.000000,0.000000,0.000000,0.000000,0.000000,0.000000,0.000000,0.000000,1.575093,0.056960,-1.101794,0.000841,-0.353928,-1.884226,0.000000,0.000000,0.000000,0.000000,0.000000,0.000000,-0.044520,-0.116760,0.095284,-0.023936,-0.002464,-0.000224,1.0000,2.0000,1.0000,0.0000,2.0000,13.3942,19.3961,49.1752,-12.6051,9.8966,0.775615,0.924269,0.772861
1786594594604119919,2026-08-13T11:16:34.604144,ground_truth,0.198187,0.055000,0.111129,True,,,,,,,,,-0.161991,0.308956,0.388249,-0.161991,0.308956,0.388249,-0.161991,0.308956,0.388249,0.000000,0.000000,0.000000,0.000000,0.000000,0.000000,0.000000,0.000000,1.575093,0.056960,-1.101794,0.000841,-0.353928,-1.884226,0.000000,0.000000,0.000000,0.000000,0.000000,0.000000,-0.044520,-0.116760,0.095284,-0.023936,-0.002464,-0.000224,1.0000,2.0000,1.0000,0.0000,2.0000,13.0458,19.2045,50.5601,-11.1511,9.5479,0.775615,0.924269,0.772861
1786594594634521136,2026-08-13T11:16:34.634543,ground_truth,0.199316,0.040000,0.114597,True,,,,,,,,,-0.161991,0.308956,0.388249,-0.161991,0.308956,0.388249,-0.161991,0.308956,0.388249,0.000000,0.000000,0.000000,0.000000,0.000000,0.000000,0.000000,0.000000,1.575093,0.056960,-1.101794,0.000841,-0.353928,-1.884226,0.000000,0.000000,0.000000,0.000000,0.000000,0.000000,-0.044520,-0.116760,0.095284,-0.023936,-0.002464,-0.000224,1.0000,2.0000,1.0000,0.0000,2.0000,12.0967,18.3054,50.9873,-11.3610,9.8747,0.775615,0.924269,0.772861
1786594594667069564,2026-08-13T11:16:34.667086,ground_truth,0.193421,0.071000,0.118428,True,,,,,,,,,-0.161991,0.308956,0.388249,-0.161991,0.308956,0.388249,-0.161991,0.308956,0.388249,0.000000,0.000000,0.000000,0.000000,0.000000,0.000000,0.000000,0.000000,1.575093,0.056960,-1.101794,0.000841,-0.353928,-1.884226,0.000000,0.000000,0.000000,0.000000,0.000000,0.000000,-0.044520,-0.116760,0.095284,-0.023936,-0.002464,-0.000224,1.0000,2.0000,1.0000,0.0000,2.0000,11.9697,18.2561,51.5520,-13.2953,9.0943,0.775615,0.924269,0.772861
1786594594704698736,2026-08-13T11:16:34.704719,ground_truth,0.189859,0.071000,0.118428,True,,,,,,,,,-0.161991,0.308956,0.388249,-0.161991,0.308956,0.388249,-0.161991,0.308956,0.388249,0.000000,0.000000,0.000000,0.000000,0.000000,0.000000,0.000000,0.000000,1.575093,0.056967,-1.101787,0.000841,-0.353928,-1.884226,0.000000,0.000000,0.000000,0.000000,0.000000,0.000000,-0.069020,-0.027580,0.154795,-0.023104,-0.003520,-0.000736,1.0000,2.0000,1.0000,0.0000,2.0000,13.4330,19.6525,50.2405,-17.4533,8.9026,0.775615,0.924269,0.772861
1786594594733481821,2026-08-13T11:16:34.733499,ground_truth,0.192667,0.032000,0.118163,True,,,,,,,,,-0.161991,0.308956,0.388249,-0.161991,0.308956,0.388249,-0.161991,0.308956,0.388249,0.000000,0.000000,0.000000,0.000000,0.000000,0.000000,0.000000,0.000000,1.575067,0.057248,-1.101512,0.000841,-0.353950,-1.884226,0.001744,0.016138,0.017012,0.000000,0.002609,0.000000,-0.086380,0.060340,0.222191,-0.029728,-0.029056,0.004352,1.0000,2.0000,1.0000,0.0000,2.0000,11.2585,17.8062,51.9279,-17.1454,8.7576,0.775615,0.924269,0.772861
1786594594769496593,2026-08-13T11:16:34.769520,ground_truth,0.185242,0.086000,0.118530,True,,,,,,,,,-0.161991,0.308956,0.388249,-0.161991,0.308956,0.388249,-0.161991,0.308956,0.388249,0.000000,0.000000,0.000000,0.000000,0.000000,0.000000,0.000000,0.000000,1.574975,0.058058,-1.100664,0.000841,-0.354101,-1.884215,0.003051,0.039267,0.040573,0.000000,0.007847,0.000000,-0.085540,0.111860,0.239538,-0.035456,-0.076864,0.015712,1.0000,2.0000,1.0000,0.0000,2.0000,11.3746,18.1395,51.7347,-17.8428,8.5726,0.775615,0.924269,0.772861
1786594594806828794,2026-08-13T11:16:34.806849,ground_truth,0.181706,0.086000,0.118530,True,,,,,,,,,-0.161991,0.308956,0.388249,-0.161991,0.308956,0.388249,-0.161991,0.308956,0.388249,0.000000,0.000000,0.000000,0.000000,0.000000,0.000000,0.000000,0.000000,1.574910,0.058835,-1.099839,0.000841,-0.354564,-1.884194,0.005233,0.055849,0.057592,0.000000,0.029665,0.002609,-0.085540,0.121100,0.244352,-0.039520,-0.045088,0.026560,1.0000,2.0000,1.0000,0.0000,2.0000,10.5558,17.8072,51.3969,-17.9297,7.7242,0.775615,0.924269,0.772861
1786594594836681358,2026-08-13T11:16:34.836701,ground_truth,0.177163,0.101000,0.122151,True,,,,,,,,,-0.145875,0.348666,0.398388,-0.145875,0.348666,0.398388,-0.145875,0.348666,0.398388,0.431705,1.063754,0.271597,1.179706,0.239261,0.589557,0.150525,0.653820,1.574910,0.058835,-1.099839,0.000841,-0.354564,-1.884194,0.005233,0.055849,0.057592,0.000000,0.029665,0.002609,-0.085540,0.121100,0.244352,-0.039520,-0.045088,0.026560,1.0000,2.0000,1.0000,0.0000,2.0000,10.6173,18.3129,51.7710,-19.3365,7.9539,0.775615,0.924269,0.772861
1786594594869410988,2026-08-13T11:16:34.869438,ground_truth,0.173193,0.108000,0.122187,True,,,,,,,,,-0.145875,0.348666,0.398388,-0.144202,0.359032,0.399122,-0.144202,0.359032,0.399122,0.056802,0.351780,0.024918,0.357206,0.239261,0.589557,0.150525,0.653820,1.574910,0.058835,-1.099839,0.000841,-0.354564,-1.884194,0.005233,0.055849,0.057592,0.000000,0.029665,0.002609,-0.085540,0.121100,0.244352,-0.039520,-0.045088,0.026560,1.0000,2.0000,1.0000,0.0000,2.0000,10.6173,18.3129,51.7710,-19.3365,7.9539,0.775615,0.924269,0.772861
1786594594901133557,2026-08-13T11:16:34.901151,ground_truth,0.173193,0.108000,0.122187,True,,,,,,,,,-0.142480,0.364079,0.399746,-0.142480,0.364079,0.399746,-0.142480,0.364079,0.399746,0.051612,0.151316,0.018709,0.160967,0.051083,0.231891,0.020436,0.238329,1.574910,0.058835,-1.099839,0.000841,-0.354564,-1.884194,0.005233,0.055849,0.057592,0.000000,0.029665,0.002609,-0.085540,0.121100,0.244352,-0.039520,-0.045088,0.026560,1.0000,2.0000,1.0000,0.0000,2.0000,10.0080,17.8251,53.2709,-19.2752,7.3949,0.775615,0.924269,0.772861
1786594594934726650,2026-08-13T11:16:34.934751,ground_truth,0.168736,0.123000,0.122265,True,,,,,,,,,-0.142480,0.364079,0.399746,-0.141004,0.368038,0.400281,-0.141004,0.368038,0.400281,0.047297,0.126886,0.017145,0.136496,0.051083,0.231891,0.020436,0.238329,1.574910,0.058835,-1.099839,0.000841,-0.354564,-1.884194,0.005233,0.055849,0.057592,0.000000,0.029665,0.002609,-0.085540,0.121100,0.244352,-0.039520,-0.045088,0.026560,1.0000,2.0000,1.0000,0.0000,2.0000,9.8851,17.3556,52.7358,-21.0489,7.8812,0.775615,0.924269,0.772861
1786594594972185764,2026-08-13T11:16:34.972204,ground_truth,0.165757,0.115000,0.122224,True,,,,,,,,,-0.139428,0.371386,0.400750,-0.139428,0.371386,0.400750,-0.139428,0.371386,0.400750,0.046467,0.098708,0.013820,0.109970,0.045871,0.109829,0.015086,0.119975,1.573067,0.088322,-1.069154,0.000442,-0.368674,-1.881844,0.013087,0.236922,0.250890,0.002609,0.115619,0.021375,-0.100380,0.134820,0.276307,-0.067680,-0.053664,0.032288,1.0000,2.0000,1.0000,0.0000,2.0000,12.0274,19.2134,52.2909,-25.4829,9.2740,0.775615,0.924269,0.772861
1786594595001909267,2026-08-13T11:16:35.001929,ground_truth,0.165260,0.123000,0.125747,True,,,,,,,,,-0.139428,0.371386,0.400750,-0.136340,0.377336,0.402003,-0.136340,0.377336,0.402003,0.082708,0.159343,0.033580,0.182643,0.045871,0.109829,0.015086,0.119975,1.573067,0.088322,-1.069154,0.000442,-0.368674,-1.881844,0.013087,0.236922,0.250890,0.002609,0.115619,0.021375,-0.100380,0.134820,0.276307,-0.067680,-0.053664,0.032288,1.0000,2.0000,1.0000,0.0000,2.0000,11.7036,18.3521,53.1550,-25.9272,9.4640,0.775615,0.924269,0.772861
1786594595038022386,2026-08-13T11:16:35.038042,ground_truth,0.160515,0.144000,0.125821,True,,,,,,,,,-0.133588,0.382952,0.403229,-0.133588,0.382952,0.403229,-0.133588,0.382952,0.403229,0.092992,0.189784,0.041425,0.215364,0.087424,0.173135,0.037120,0.197476,1.573067,0.088322,-1.069154,0.000442,-0.368674,-1.881844,0.013087,0.236922,0.250890,0.002609,0.115619,0.021375,-0.100380,0.134820,0.276307,-0.067680,-0.053664,0.032288,1.0000,2.0000,1.0000,0.0000,2.0000,10.4790,16.6760,54.3007,-22.2918,7.0006,0.775615,0.924269,0.772861
1786594595069044119,2026-08-13T11:16:35.069063,ground_truth,0.160092,0.151000,0.125845,True,,,,,,,,,-0.133588,0.382952,0.403229,-0.130478,0.388929,0.404466,-0.130478,0.388929,0.404466,0.086570,0.166348,0.034433,0.190661,0.087424,0.173135,0.037120,0.197476,1.573067,0.088322,-1.069154,0.000442,-0.368674,-1.881844,0.013087,0.236922,0.250890,0.002609,0.115619,0.021375,-0.100380,0.134820,0.276307,-0.067680,-0.053664,0.032288,1.0000,2.0000,1.0000,0.0000,2.0000,9.9235,15.9086,55.3813,-21.0788,7.1084,0.775615,0.924269,0.772861
1786594595106958792,2026-08-13T11:16:35.106976,ground_truth,0.156662,0.151000,0.129282,True,,,,,,,,,-0.127581,0.396098,0.405463,-0.127581,0.396098,0.405463,-0.127581,0.396098,0.405463,0.093215,0.230674,0.032068,0.250855,0.090611,0.198282,0.033693,0.220593,1.573067,0.088322,-1.069154,0.000442,-0.368674,-1.881844,0.013087,0.236922,0.250890,0.002609,0.115619,0.021375,-0.100380,0.134820,0.276307,-0.067680,-0.053664,0.032288,1.0000,2.0000,1.0000,0.0000,2.0000,9.9473,15.6757,55.4044,-21.1018,7.3829,0.775615,0.924269,0.772861
1786594595140239182,2026-08-13T11:16:35.140260,ground_truth,0.156251,0.158000,0.129295,True,,,,,,,,,-0.127581,0.396098,0.405463,-0.124812,0.403878,0.406673,-0.124812,0.403878,0.406673,0.073118,0.205500,0.031964,0.220450,0.090611,0.198282,0.033693,0.220593,1.572780,0.093085,-1.064076,0.000399,-0.370981,-1.881466,0.014831,0.238673,0.254816,0.002609,0.115619,0.021807,-0.101640,0.085540,0.259956,-0.066784,-0.052992,0.030944,1.0000,2.0000,1.0000,0.0000,2.0000,10.2485,15.7563,56.0447,-19.7010,6.2433,0.775615,0.924269,0.772861
1786594595175393468,2026-08-13T11:16:35.175417,ground_truth,0.155839,0.165000,0.129308,True,,,,,,,,,-0.121941,0.411354,0.407653,-0.121941,0.411354,0.407653,-0.121941,0.411354,0.407653,0.085646,0.223020,0.029229,0.240682,0.083984,0.227209,0.032615,0.244420,1.571049,0.120970,-1.022885,0.000054,-0.384218,-1.879332,0.004796,0.075045,0.191112,0.000000,0.034903,0.005228,-0.096320,-0.072100,0.196046,-0.058944,-0.047712,0.028000,1.0000,2.0000,1.0000,0.0000,2.0000,10.8277,12.5289,57.4992,-12.8982,7.0574,0.775615,0.924269,0.772861
1786594595211151505,2026-08-13T11:16:35.211169,ground_truth,0.155839,0.165000,0.132721,True,,,,,,,,,-0.121941,0.411354,0.407653,-0.119436,0.418343,0.408378,-0.119436,0.418343,0.408378,0.071388,0.199127,0.020667,0.212544,0.083984,0.227209,0.032615,0.244420,1.570905,0.123080,-1.016082,0.000032,-0.385221,-1.879170,0.003051,0.035778,0.152279,0.000000,0.016137,0.002609,-0.097020,-0.086800,0.197623,-0.059008,-0.043648,0.029120,1.0000,2.0000,1.0000,0.0000,2.0000,11.7591,11.3651,58.1217,-10.7277,8.0327,0.775615,0.924269,0.772861
1786594595241633190,2026-08-13T11:16:35.241652,ground_truth,0.155839,0.165000,0.132721,True,,,,,,,,,-0.117168,0.424754,0.409331,-0.117168,0.424754,0.409331,-0.117168,0.424754,0.409331,0.063231,0.178739,0.026565,0.191446,0.071881,0.201780,0.025271,0.215686,1.570905,0.123080,-1.016082,0.000032,-0.385221,-1.879170,0.003051,0.035778,0.152279,0.000000,0.016137,0.002609,-0.097020,-0.086800,0.197623,-0.059008,-0.043648,0.029120,1.0000,2.0000,1.0000,0.0000,2.0000,11.8661,11.3216,59.6126,-10.6980,9.7524,0.775615,0.924269,0.772861
1786594595272164662,2026-08-13T11:16:35.272183,ground_truth,0.155428,0.172000,0.136124,True,,,,,,,,,-0.117168,0.424754,0.409331,-0.114713,0.431049,0.410302,-0.114713,0.431049,0.410302,0.078777,0.202001,0.031142,0.219043,0.071881,0.201780,0.025271,0.215686,1.570905,0.123080,-1.016082,0.000032,-0.385221,-1.879170,0.003051,0.035778,0.152279,0.000000,0.016137,0.002609,-0.097020,-0.086800,0.197623,-0.059008,-0.043648,0.029120,1.0000,1.0000,1.0000,0.0000,1.0000,12.6713,10.4859,60.4989,-7.8363,10.1799,0.775615,0.924269,0.772861
1786594595307052138,2026-08-13T11:16:35.307070,ground_truth,0.155016,0.179000,0.139504,True,,,,,,,,,-0.112725,0.437322,0.411475,-0.112725,0.437322,0.411475,-0.112725,0.437322,0.411475,0.067259,0.212250,0.039690,0.226161,0.066657,0.188561,0.032159,0.202565,1.570905,0.123080,-1.016082,0.000032,-0.385221,-1.879170,0.003051,0.035778,0.152279,0.000000,0.016137,0.002609,-0.097020,-0.086800,0.197623,-0.059008,-0.043648,0.029120,1.0000,1.0000,1.0000,0.0000,1.0000,12.6728,10.2128,60.7811,-6.4441,10.0687,0.775615,0.924269,0.772861
1786594595359149656,2026-08-13T11:16:35.359171,ground_truth,0.154193,0.193000,0.139460,True,,,,,,,,,-0.112725,0.437322,0.411475,-0.110946,0.443163,0.412873,-0.110946,0.443163,0.412873,0.050597,0.166100,0.039761,0.178130,0.066657,0.188561,0.032159,0.202565,1.569356,0.124648,-1.001301,-0.000205,-0.386859,-1.877737,0.040574,0.013087,0.066752,0.008289,0.040142,0.045812,-0.162120,-0.028140,0.222855,-0.070848,-0.051264,0.039360,1.0000,2.0000,1.0000,0.0000,2.0000,13.0314,9.5954,59.0465,-6.6255,10.8609,0.775615,0.924269,0.772861
1786594595389892068,2026-08-13T11:16:35.389914,ground_truth,0.153840,0.199000,0.139442,True,,,,,,,,,-0.110946,0.443163,0.412873,-0.109414,0.449291,0.414027,-0.109414,0.449291,0.414027,0.029328,0.117365,0.022100,0.122976,0.026643,0.087466,0.020937,0.093800,1.569356,0.124648,-1.001301,-0.000205,-0.386859,-1.877737,0.040574,0.013087,0.066752,0.008289,0.040142,0.045812,-0.162120,-0.028140,0.222855,-0.070848,-0.051264,0.039360,1.0000,2.0000,1.0000,0.0000,2.0000,12.1786,9.9104,59.8536,-6.3843,10.1728,0.775615,0.924269,0.772861
1786594595426173603,2026-08-13T11:16:35.426195,ground_truth,0.154193,0.193000,0.139460,True,,,,,,,,,-0.110946,0.443163,0.412873,-0.108124,0.455423,0.415177,-0.108124,0.455423,0.415177,0.042028,0.199759,0.037471,0.207543,0.026643,0.087466,0.020937,0.093800,1.565554,0.125779,-0.996022,-0.000798,-0.390740,-1.873403,0.092934,0.025742,0.120858,0.013517,0.094244,0.107772,-0.194880,-0.019460,0.250328,-0.072416,-0.057056,0.047712,1.0000,1.0000,1.0000,0.0000,1.0000,11.8745,10.1359,60.2917,-5.8279,9.6635,0.775615,0.924269,0.772861
1786594595463354073,2026-08-13T11:16:35.463378,ground_truth,0.152664,0.219000,0.142704,True,,,,,,,,,-0.108124,0.455423,0.415177,-0.106858,0.461183,0.416329,-0.106858,0.461183,0.416329,0.035027,0.159273,0.031843,0.166159,0.041361,0.179729,0.033778,0.187495,1.560464,0.127242,-0.989413,-0.001552,-0.395957,-1.867593,0.133952,0.039267,0.174963,0.021807,0.137436,0.153584,-0.227500,-0.009800,0.271493,-0.074688,-0.060384,0.047040,1.0000,1.0000,1.0000,0.0000,1.0000,10.9653,11.5012,60.9905,-5.7161,10.4020,0.775615,0.924269,0.772861
1786594595495593310,2026-08-13T11:16:35.495615,ground_truth,0.153428,0.206000,0.142765,True,,,,,,,,,-0.105786,0.467189,0.417691,-0.105786,0.467189,0.417691,-0.105786,0.467189,0.417691,0.028712,0.160923,0.036513,0.167493,0.035725,0.179758,0.038413,0.187256,1.556916,0.128268,-0.984825,-0.002059,-0.399579,-1.863573,0.153586,0.045814,0.202458,0.021375,0.158823,0.178021,-0.229600,-0.011060,0.277054,-0.076928,-0.065792,0.053888,1.0000,1.0000,1.0000,0.0000,1.0000,10.4311,13.7338,61.3410,-6.7930,11.6378,0.775615,0.924269,0.772861
1786594595528192353,2026-08-13T11:16:35.528212,ground_truth,0.153428,0.206000,0.142765,True,,,,,,,,,-0.105786,0.467189,0.417691,-0.104964,0.473243,0.419061,-0.104964,0.473243,0.419061,0.025502,0.187849,0.042490,0.194275,0.035725,0.179758,0.038413,0.187256,1.552212,0.129653,-0.978691,-0.002738,-0.404386,-1.858205,0.174533,0.051923,0.230377,0.027045,0.183259,0.199396,-0.231560,-0.002100,0.279627,-0.076416,-0.062624,0.052320,1.0000,1.0000,1.0000,0.0000,1.0000,11.1099,15.8066,60.9839,-8.1081,12.7837,0.775615,0.924269,0.772861
1786594595558941047,2026-08-13T11:16:35.558964,ground_truth,0.154193,0.193000,0.142827,True,,,,,,,,,-0.105786,0.467189,0.417691,-0.104175,0.478880,0.420195,-0.104175,0.478880,0.420195,0.024467,0.174865,0.035191,0.180041,0.035725,0.179758,0.038413,0.187256,1.544045,0.132293,-0.967739,-0.003934,-0.412751,-1.848848,0.189364,0.065447,0.260489,0.027045,0.196345,0.218163,-0.217840,0.020020,0.279461,-0.072640,-0.065344,0.050944,1.0000,1.0000,1.0000,0.0000,1.0000,11.3323,16.1377,61.4126,-7.1909,11.0753,0.775615,0.924269,0.772861
1786594595595907485,2026-08-13T11:16:35.595925,ground_truth,0.153017,0.213000,0.142732,True,,,,,,,,,-0.104175,0.478880,0.420195,-0.103754,0.484435,0.421329,-0.103754,0.484435,0.421329,0.013692,0.180423,0.036829,0.184652,0.024355,0.176789,0.037862,0.182431,1.536460,0.135174,-0.957107,-0.005002,-0.420598,-1.840203,0.186313,0.076790,0.267902,0.023995,0.194157,0.207685,-0.171360,-0.004620,0.250162,-0.071200,-0.061664,0.047488,1.0000,1.0000,1.0000,0.0000,1.0000,11.8082,16.8462,60.3601,-7.3507,10.2473,0.775615,0.924269,0.772861
1786594595636377683,2026-08-13T11:16:35.636400,ground_truth,0.151488,0.239000,0.142609,True,,,,,,,,,-0.103282,0.488852,0.422455,-0.103282,0.488852,0.422455,-0.103282,0.488852,0.422455,0.012612,0.118113,0.030101,0.122539,0.013475,0.150442,0.034090,0.154843,1.530730,0.137742,-0.948661,-0.005767,-0.426506,-1.833789,0.173219,0.083336,0.260050,0.021807,0.177579,0.193726,-0.151900,-0.003080,0.257217,-0.071680,-0.062624,0.042976,1.0000,2.0000,1.0000,0.0000,2.0000,12.3209,17.8179,59.0249,-9.8498,9.6620,0.775615,0.924269,0.772861
1786594595667602050,2026-08-13T11:16:35.667622,ground_truth,0.152252,0.226000,0.142670,True,,,,,,,,,-0.103282,0.488852,0.422455,-0.102937,0.493042,0.423343,-0.102937,0.493042,0.423343,0.008566,0.104048,0.022061,0.106705,0.013475,0.150442,0.034090,0.154843,1.526169,0.140133,-0.941523,-0.006381,-0.431259,-1.828734,0.155330,0.086825,0.251322,0.021807,0.161873,0.172351,-0.130480,0.000560,0.241447,-0.071072,-0.063232,0.043040,1.0000,2.0000,1.0000,0.0000,2.0000,12.9124,18.5017,58.7325,-10.3336,8.8928,0.775615,0.924269,0.772861
1786594595704997020,2026-08-13T11:16:35.705015,ground_truth,0.151077,0.246000,0.142575,True,,,,,,,,,-0.102671,0.497880,0.424235,-0.102671,0.497880,0.424235,-0.102671,0.497880,0.424235,0.008561,0.155383,0.028639,0.158232,0.009082,0.134086,0.026439,0.136969,1.520975,0.143380,-0.932802,-0.007017,-0.436724,-1.822978,0.137004,0.091190,0.236050,0.016137,0.145295,0.150964,-0.139720,-0.011760,0.236301,-0.072960,-0.061952,0.041920,2.0000,2.0000,1.0000,0.0000,3.0000,14.4136,20.3991,57.2909,-10.8440,8.5809,0.775615,0.924269,0.772861
1786594595734877686,2026-08-13T11:16:35.734899,ground_truth,0.154773,0.239000,0.142609,True,,,,,,,,,-0.102671,0.497880,0.424235,-0.102353,0.503168,0.425120,-0.102353,0.503168,0.425120,0.008453,0.140778,0.023549,0.142984,0.009082,0.134086,0.026439,0.136969,1.516852,0.146353,-0.925485,-0.007546,-0.441122,-1.818429,0.125661,0.093372,0.224704,0.016137,0.132208,0.137436,-0.136080,-0.014560,0.247755,-0.068736,-0.060832,0.040192,2.0000,2.0000,1.0000,0.0000,3.0000,15.0350,20.8693,54.2956,-11.1328,8.5015,0.775615,0.924269,0.772861
1786594595764218887,2026-08-13T11:16:35.764235,ground_truth,0.154350,0.246000,0.142575,True,,,,,,,,,-0.102282,0.508172,0.425779,-0.102282,0.508172,0.425779,-0.102282,0.508172,0.425779,0.002407,0.169396,0.022314,0.170876,0.005833,0.154486,0.023172,0.156323,1.512468,0.149711,-0.917612,-0.008052,-0.445682,-1.813664,0.119114,0.094679,0.217730,0.013517,0.123908,0.129147,-0.165760,-0.022820,0.245763,-0.068736,-0.060608,0.044480,2.0000,2.0000,1.0000,0.0000,3.0000,14.5415,20.5617,55.4664,-11.4195,7.4228,0.775615,0.924269,0.772861
1786594595795249724,2026-08-13T11:16:35.795267,ground_truth,0.161342,0.239000,0.142609,True,,,,,,,,,-0.102282,0.508172,0.425779,-0.102183,0.513493,0.426436,-0.102183,0.513493,0.426436,0.003398,0.182057,0.022479,0.183471,0.005833,0.154486,0.023172,0.156323,1.510560,0.151221,-0.914177,-0.008268,-0.447644,-1.811616,0.117370,0.095116,0.213797,0.013517,0.121300,0.126970,-0.142240,-0.017640,0.251241,-0.069344,-0.054656,0.042976,2.0000,2.0000,1.0000,0.0000,3.0000,14.2346,20.4523,54.2869,-13.8372,8.6810,0.775615,0.924269,0.772861
1786594595830717359,2026-08-13T11:16:35.830733,ground_truth,0.160896,0.246000,0.142575,True,,,,,,,,,-0.102577,0.518504,0.426868,-0.102577,0.518504,0.426868,-0.102577,0.518504,0.426868,-0.012471,0.158487,0.013674,0.159564,-0.004423,0.154913,0.016332,0.155834,1.503994,0.156585,-0.902214,-0.008947,-0.454122,-1.804448,0.115626,0.096423,0.213797,0.010898,0.113000,0.129589,-0.168840,-0.029960,0.247423,-0.068864,-0.060832,0.041312,2.0000,2.0000,1.0000,0.0000,3.0000,14.2755,21.0409,54.4015,-15.1050,8.7613,0.775615,0.924269,0.772861
1786594595859756755,2026-08-13T11:16:35.859777,ground_truth,0.164627,0.239000,0.142609,True,,,,,,,,,-0.102577,0.518504,0.426868,-0.102969,0.523453,0.427073,-0.102969,0.523453,0.427073,-0.011040,0.139387,0.005767,0.139943,-0.004423,0.154913,0.016332,0.155834,1.501158,0.158858,-0.897091,-0.009238,-0.456914,-1.801333,0.117370,0.093372,0.213797,0.013086,0.116061,0.134817,-0.152460,-0.027160,0.248502,-0.072032,-0.056320,0.042912,2.0000,2.0000,1.0000,0.0000,3.0000,14.9528,21.7272,52.2970,-18.3981,9.8255,0.775615,0.924269,0.772861
1786594595888409024,2026-08-13T11:16:35.888425,ground_truth,0.165019,0.233000,0.142637,True,,,,,,,,,-0.102577,0.518504,0.426868,-0.103665,0.527642,0.427283,-0.103665,0.527642,0.427283,-0.024223,0.145908,0.007309,0.148085,-0.004423,0.154913,0.016332,0.155834,1.499231,0.160342,-0.893693,-0.009432,-0.458811,-1.799220,0.120859,0.091190,0.211618,0.010898,0.118680,0.131766,-0.178500,-0.040180,0.260039,-0.071584,-0.055040,0.043424,2.0000,2.0000,1.0000,0.0000,3.0000,15.5354,22.0249,52.1964,-20.3587,10.7416,0.775615,0.924269,0.772861
1786594595922856208,2026-08-13T11:16:35.922880,ground_truth,0.165477,0.226000,0.139358,True,,,,,,,,,-0.104410,0.530934,0.427496,-0.104410,0.530934,0.427496,-0.104410,0.530934,0.427496,-0.026385,0.116522,0.007542,0.119710,-0.027734,0.188090,0.009498,0.190361,1.499231,0.160342,-0.893693,-0.009432,-0.458811,-1.799220,0.120859,0.091190,0.211618,0.010898,0.118680,0.131766,-0.178500,-0.040180,0.260039,-0.071584,-0.055040,0.043424,2.0000,2.0000,1.0000,0.0000,3.0000,17.6635,23.3777,51.0072,-21.3824,10.6686,0.775615,0.924269,0.772861
1786594595955290493,2026-08-13T11:16:35.955308,ground_truth,0.163776,0.252000,0.139277,True,,,,,,,,,-0.104410,0.530934,0.427496,-0.105162,0.533725,0.427489,-0.105162,0.533725,0.427489,-0.021763,0.080762,-0.000197,0.083643,-0.027734,0.188090,0.009498,0.190361,1.499231,0.160342,-0.893693,-0.009432,-0.458811,-1.799220,0.120859,0.091190,0.211618,0.010898,0.118680,0.131766,-0.178500,-0.040180,0.260039,-0.071584,-0.055040,0.043424,2.0000,2.0000,1.0000,0.0000,3.0000,17.6533,23.5890,50.3044,-20.6927,9.7878,0.775615,0.924269,0.772861
1786594595983779624,2026-08-13T11:16:35.983822,ground_truth,0.163776,0.252000,0.139277,True,,,,,,,,,-0.105903,0.536097,0.427260,-0.105903,0.536097,0.427260,-0.105903,0.536097,0.427260,-0.022782,0.072934,-0.007025,0.076731,-0.022380,0.077393,-0.003526,0.080641,1.499231,0.160342,-0.893693,-0.009432,-0.458811,-1.799220,0.120859,0.091190,0.211618,0.010898,0.118680,0.131766,-0.178500,-0.040180,0.260039,-0.071584,-0.055040,0.043424,2.0000,2.0000,1.0000,0.0000,3.0000,14.7914,21.6039,47.5870,-20.8182,8.9792,0.775615,0.924269,0.772861
1786594596017896738,2026-08-13T11:16:36.017915,ground_truth,0.163776,0.252000,0.139277,True,,,,,,,,,-0.105903,0.536097,0.427260,-0.106593,0.539025,0.427028,-0.106593,0.539025,0.427028,-0.024213,0.102756,-0.008162,0.105885,-0.022380,0.077393,-0.003526,0.080641,1.497774,0.161433,-0.891150,-0.009594,-0.460266,-1.797614,0.122603,0.089883,0.212057,0.013517,0.123908,0.134386,-0.164500,-0.037100,0.252403,-0.070912,-0.054432,0.042240,2.0000,2.0000,1.0000,0.0000,3.0000,15.0090,22.0170,47.1309,-21.2688,8.0179,0.775615,0.924269,0.772861
1786594596046241952,2026-08-13T11:16:36.046257,ground_truth,0.163384,0.258000,0.135999,True,,,,,,,,,-0.107283,0.542063,0.426795,-0.107283,0.542063,0.426795,-0.107283,0.542063,0.426795,-0.020149,0.088758,-0.006792,0.091269,-0.020660,0.089341,-0.006964,0.091963,1.479362,0.174801,-0.859231,-0.011502,-0.479055,-1.777694,0.109079,0.096423,0.213797,0.010467,0.118680,0.118680,-0.126140,-0.035000,0.274813,-0.079584,-0.056672,0.043584,2.0000,2.0000,1.0000,0.0000,3.0000,15.1096,22.3174,46.9830,-21.6404,8.1274,0.775615,0.924269,0.772861
1786594596075726929,2026-08-13T11:16:36.075743,ground_truth,0.163776,0.252000,0.132738,True,,,,,,,,,-0.107283,0.542063,0.426795,-0.107895,0.545125,0.426340,-0.107895,0.545125,0.426340,-0.021782,0.108815,-0.016182,0.112147,-0.020660,0.089341,-0.006964,0.091963,1.475527,0.178276,-0.851536,-0.011900,-0.483420,-1.773522,0.102970,0.096423,0.213797,0.010898,0.123908,0.116061,-0.145040,-0.063420,0.267592,-0.073856,-0.052224,0.037696,2.0000,2.0000,1.0000,0.0000,3.0000,15.5757,22.9396,46.4650,-23.5750,9.7299,0.775615,0.924269,0.772861
1786594596104823004,2026-08-13T11:16:36.104838,ground_truth,0.162926,0.265000,0.126245,True,,,,,,,,,-0.108613,0.548190,0.425674,-0.108613,0.548190,0.425674,-0.108613,0.548190,0.425674,-0.024247,0.103626,-0.022522,0.108782,-0.019926,0.091785,-0.016801,0.095414,1.473482,0.180191,-0.847268,-0.012105,-0.485846,-1.771312,0.101225,0.094679,0.213797,0.007847,0.118680,0.107772,-0.130480,-0.043400,0.257632,-0.076096,-0.052096,0.041984,2.0000,2.0000,1.0000,0.0000,3.0000,16.3032,23.4589,45.1817,-23.1761,10.0381,0.775615,0.924269,0.772861
1786594596137034572,2026-08-13T11:16:36.137052,ground_truth,0.163776,0.252000,0.119661,True,,,,,,,,,-0.108613,0.548190,0.425674,-0.109375,0.551203,0.424583,-0.109375,0.551203,0.424583,-0.026245,0.103706,-0.037547,0.113374,-0.019926,0.091785,-0.016801,0.095414,1.469608,0.184033,-0.838628,-0.012482,-0.490589,-1.767206,0.092934,0.097736,0.219470,0.007847,0.118680,0.096863,-0.152180,-0.035280,0.274066,-0.076800,-0.051328,0.040032,2.0000,2.0000,1.0000,0.0000,3.0000,15.9677,23.2804,44.7459,-23.1111,10.6647,0.775615,0.924269,0.772861
1786594596171199183,2026-08-13T11:16:36.171218,ground_truth,0.162926,0.265000,0.113253,True,,,,,,,,,-0.110144,0.553193,0.423049,-0.110144,0.553193,0.423049,-0.110144,0.553193,0.423049,-0.023951,0.062016,-0.047822,0.081894,-0.023022,0.075232,-0.039476,0.088025,1.466694,0.187260,-0.831476,-0.012730,-0.494394,-1.764177,0.088139,0.104714,0.228637,0.007847,0.118680,0.091624,-0.141960,-0.032480,0.287346,-0.082048,-0.052768,0.035584,2.0000,2.0000,1.0000,0.0000,3.0000,15.3948,22.7692,45.6603,-22.3634,10.3801,0.775615,0.924269,0.772861
1786594596202607717,2026-08-13T11:16:36.202625,ground_truth,0.158537,0.283000,0.110217,True,,,,,,,,,-0.110144,0.553193,0.423049,-0.110934,0.554977,0.421094,-0.110934,0.554977,0.421094,-0.023038,0.052042,-0.057008,0.080554,-0.023022,0.075232,-0.039476,0.088025,1.463969,0.190651,-0.824041,-0.012989,-0.498317,-1.761342,0.081592,0.108210,0.236050,0.008289,0.123908,0.089005,-0.147560,-0.039620,0.277884,-0.077312,-0.057280,0.035360,2.0000,2.0000,1.0000,0.0000,3.0000,15.1683,22.5929,45.5303,-22.6238,10.3694,0.775615,0.924269,0.772861
1786594596240827889,2026-08-13T11:16:36.240851,ground_truth,0.158537,0.283000,0.100562,True,,,,,,,,,-0.111184,0.556721,0.418935,-0.111184,0.556721,0.418935,-0.111184,0.556721,0.418935,-0.007966,0.055345,-0.068545,0.088458,-0.015516,0.052587,-0.061324,0.082261,1.462976,0.191938,-0.821201,-0.013054,-0.499848,-1.760328,0.083336,0.107772,0.236050,0.005670,0.126528,0.083766,-0.121520,-0.047040,0.292326,-0.080768,-0.052768,0.036864,2.0000,2.0000,1.0000,0.0000,3.0000,15.7544,22.9582,42.7591,-26.0063,12.1216,0.775615,0.924269,0.772861
1786594596269945805,2026-08-13T11:16:36.269965,ground_truth,0.155325,0.283000,0.097344,True,,,,,,,,,-0.111184,0.556721,0.418935,-0.111464,0.559043,0.416134,-0.111464,0.559043,0.416134,-0.007310,0.060802,-0.073340,0.095546,-0.015516,0.052587,-0.061324,0.082261,1.462976,0.191938,-0.821201,-0.013054,-0.499848,-1.760328,0.083336,0.107772,0.236050,0.005670,0.126528,0.083766,-0.121520,-0.047040,0.292326,-0.080768,-0.052768,0.036864,2.0000,2.0000,1.0000,0.0000,3.0000,14.9773,22.0947,43.8759,-26.9964,12.7165,0.775615,0.924269,0.772861
1786594596303235585,2026-08-13T11:16:36.303252,ground_truth,0.155325,0.283000,0.097344,True,,,,,,,,,-0.111063,0.561854,0.413116,-0.111063,0.561854,0.413116,-0.111063,0.561854,0.413116,0.013698,0.095994,-0.103047,0.141496,0.001827,0.076922,-0.087192,0.116287,1.462976,0.191938,-0.821201,-0.013054,-0.499848,-1.760328,0.083336,0.107772,0.236050,0.005670,0.126528,0.083766,-0.121520,-0.047040,0.292326,-0.080768,-0.052768,0.036864,2.0000,2.0000,1.0000,0.0000,3.0000,15.0621,22.1873,43.8567,-27.5348,12.5982,0.775615,0.924269,0.772861
1786594596336697401,2026-08-13T11:16:36.336716,ground_truth,0.150602,0.308000,0.094627,True,,,,,,,,,-0.111063,0.561854,0.413116,-0.110691,0.564389,0.410101,-0.110691,0.564389,0.410101,0.011135,0.076021,-0.090409,0.118646,0.001827,0.076922,-0.087192,0.116287,1.462976,0.191938,-0.821201,-0.013054,-0.499848,-1.760328,0.083336,0.107772,0.236050,0.005670,0.126528,0.083766,-0.121520,-0.047040,0.292326,-0.080768,-0.052768,0.036864,2.0000,2.0000,1.0000,0.0000,3.0000,13.7261,20.9277,46.6078,-29.1856,13.8469,0.775615,0.924269,0.772861
1786594596373059666,2026-08-13T11:16:36.373083,ground_truth,0.147431,0.308000,0.094627,True,,,,,,,,,-0.109756,0.567243,0.406902,-0.109756,0.567243,0.406902,-0.109756,0.567243,0.406902,0.028326,0.086459,-0.096912,0.132926,0.019687,0.081217,-0.093648,0.125514,1.452555,0.207429,-0.784560,-0.013765,-0.521256,-1.749786,0.055412,0.104714,0.260489,0.002609,0.161442,0.056721,-0.096040,-0.053620,0.288010,-0.082944,-0.057440,0.037344,2.0000,2.0000,1.0000,0.0000,3.0000,13.4838,20.9555,47.2083,-27.6528,13.4768,0.775615,0.924269,0.772861
1786594596408037157,2026-08-13T11:16:36.408065,ground_truth,0.143574,0.320000,0.091710,True,,,,,,,,,-0.109756,0.567243,0.406902,-0.108584,0.571494,0.403701,-0.108584,0.571494,0.403701,0.032100,0.116373,-0.087625,0.149168,0.019687,0.081217,-0.093648,0.125514,1.451490,0.209559,-0.779289,-0.013808,-0.524500,-1.748697,0.052354,0.107772,0.263976,0.000000,0.161442,0.054101,-0.105980,-0.060340,0.303282,-0.083200,-0.062240,0.034400,2.0000,2.0000,1.0000,0.0000,3.0000,13.4500,20.7900,47.3505,-27.8007,14.5643,0.775615,0.924269,0.772861
1786594596436072088,2026-08-13T11:16:36.436089,ground_truth,0.136357,0.337000,0.092078,True,,,,,,,,,-0.107124,0.576344,0.400525,-0.107124,0.576344,0.400525,-0.107124,0.576344,0.400525,0.041194,0.136832,-0.089617,0.168674,0.039283,0.135797,-0.095157,0.170407,1.451490,0.209559,-0.779289,-0.013808,-0.524500,-1.748697,0.052354,0.107772,0.263976,0.000000,0.161442,0.054101,-0.105980,-0.060340,0.303282,-0.083200,-0.062240,0.034400,2.0000,2.0000,1.0000,0.0000,3.0000,17.8100,23.3932,50.2284,-23.1016,13.7137,0.775615,0.924269,0.772861
1786594596471676378,2026-08-13T11:16:36.471695,ground_truth,0.136357,0.337000,0.092078,True,,,,,,,,,-0.107124,0.576344,0.400525,-0.105296,0.581954,0.397378,-0.105296,0.581954,0.397378,0.066166,0.203063,-0.113896,0.242043,0.039283,0.135797,-0.095157,0.170407,1.451490,0.209559,-0.779289,-0.013808,-0.524500,-1.748697,0.052354,0.107772,0.263976,0.000000,0.161442,0.054101,-0.105980,-0.060340,0.303282,-0.083200,-0.062240,0.034400,2.0000,2.0000,1.0000,0.0000,3.0000,16.9359,22.9757,49.7829,-21.5161,14.3063,0.775615,0.924269,0.772861
1786594596507911408,2026-08-13T11:16:36.507943,ground_truth,0.132921,0.343000,0.089089,True,,,,,,,,,-0.103468,0.587609,0.394232,-0.103468,0.587609,0.394232,-0.103468,0.587609,0.394232,0.051338,0.158829,-0.088371,0.188869,0.055035,0.169585,-0.094736,0.201898,1.451490,0.209559,-0.779289,-0.013808,-0.524500,-1.748697,0.052354,0.107772,0.263976,0.000000,0.161442,0.054101,-0.105980,-0.060340,0.303282,-0.083200,-0.062240,0.034400,2.0000,2.0000,1.0000,0.0000,3.0000,17.8388,23.7304,48.8660,-19.4801,12.0272,0.775615,0.924269,0.772861
1786594596537165287,2026-08-13T11:16:36.537183,ground_truth,0.126401,0.349000,0.089229,True,,,,,,,,,-0.103468,0.587609,0.394232,-0.101411,0.593274,0.390886,-0.101411,0.593274,0.390886,0.056043,0.154324,-0.091157,0.187794,0.055035,0.169585,-0.094736,0.201898,1.451490,0.209559,-0.779289,-0.013808,-0.524500,-1.748697,0.052354,0.107772,0.263976,0.000000,0.161442,0.054101,-0.105980,-0.060340,0.303282,-0.083200,-0.062240,0.034400,2.0000,2.0000,1.0000,0.0000,3.0000,17.1420,23.4097,48.5489,-17.9197,11.4468,0.775615,0.924269,0.772861
1786594596569569454,2026-08-13T11:16:36.569589,ground_truth,0.123581,0.343000,0.089089,True,,,,,,,,,-0.098945,0.599260,0.387768,-0.098945,0.599260,0.387768,-0.098945,0.599260,0.387768,0.085516,0.207629,-0.108146,0.249235,0.068248,0.175813,-0.097543,0.212326,1.446812,0.230212,-0.727823,-0.013841,-0.555372,-1.743933,0.004796,0.119114,0.301501,0.002609,0.177579,0.002609,-0.078120,-0.087360,0.303365,-0.028000,-0.062720,0.029440,2.0000,2.0000,1.0000,0.0000,3.0000,17.0824,23.5783,47.7278,-18.0489,11.3572,0.775615,0.924269,0.772861
1786594596610649500,2026-08-13T11:16:36.610678,ground_truth,0.119921,0.355000,0.089369,True,,,,,,,,,-0.098945,0.599260,0.387768,-0.096265,0.605311,0.384858,-0.096265,0.605311,0.384858,0.082731,0.186804,-0.089841,0.223185,0.068248,0.175813,-0.097543,0.212326,1.446779,0.235498,-0.714589,-0.013754,-0.563209,-1.743944,0.000000,0.120859,0.301063,0.002609,0.174959,0.002609,-0.018200,-0.087920,0.309673,0.002848,-0.061504,0.000352,2.0000,2.0000,1.0000,0.0000,3.0000,16.7513,23.2233,48.0731,-17.1865,11.2885,0.775615,0.924269,0.772861
1786594596639799284,2026-08-13T11:16:36.639824,ground_truth,0.117091,0.349000,0.089229,True,,,,,,,,,-0.093398,0.611374,0.382399,-0.093398,0.611374,0.382399,-0.093398,0.611374,0.382399,0.069470,0.146922,-0.059569,0.173091,0.082417,0.179999,-0.079767,0.213436,1.446779,0.235498,-0.714589,-0.013754,-0.563209,-1.743944,0.000000,0.120859,0.301063,0.002609,0.174959,0.002609,-0.018200,-0.087920,0.309673,0.002848,-0.061504,0.000352,2.0000,2.0000,1.0000,0.0000,3.0000,17.0987,23.3760,46.8868,-19.1543,11.7877,0.775615,0.924269,0.772861
1786594596675096453,2026-08-13T11:16:36.675115,ground_truth,0.113480,0.361000,0.089509,True,,,,,,,,,-0.093398,0.611374,0.382399,-0.090286,0.617760,0.380371,-0.090286,0.617760,0.380371,0.106684,0.218900,-0.069542,0.253248,0.082417,0.179999,-0.079767,0.213436,1.446779,0.235498,-0.714589,-0.013754,-0.563209,-1.743944,0.000000,0.120859,0.301063,0.002609,0.174959,0.002609,-0.018200,-0.087920,0.309673,0.002848,-0.061504,0.000352,2.0000,2.0000,1.0000,0.0000,3.0000,20.6181,25.6773,45.0286,-23.0650,14.2561,0.775615,0.924269,0.772861
1786594596714353346,2026-08-13T11:16:36.714374,ground_truth,0.110194,0.366000,0.089626,True,,,,,,,,,-0.086990,0.623837,0.378788,-0.086990,0.623837,0.378788,-0.086990,0.623837,0.378788,0.094001,0.173301,-0.045140,0.202255,0.096593,0.187847,-0.054436,0.218128,1.446779,0.235498,-0.714589,-0.013754,-0.563209,-1.743944,0.000000,0.120859,0.301063,0.002609,0.174959,0.002609,-0.018200,-0.087920,0.309673,0.002848,-0.061504,0.000352,2.0000,2.0000,1.0000,0.0000,3.0000,21.3374,25.9931,46.1237,-17.9734,12.7183,0.775615,0.924269,0.772861
1786594596742402774,2026-08-13T11:16:36.742420,ground_truth,0.110194,0.366000,0.092707,True,,,,,,,,,-0.086990,0.623837,0.378788,-0.083767,0.630173,0.377415,-0.083767,0.630173,0.377415,0.081074,0.159373,-0.034532,0.182113,0.096593,0.187847,-0.054436,0.218128,1.446786,0.236942,-0.710982,-0.013701,-0.565322,-1.743965,0.000000,0.120859,0.301501,0.005670,0.174959,0.002609,0.054180,-0.071820,0.303863,0.002304,-0.061440,-0.021888,2.0000,2.0000,1.0000,0.0000,3.0000,20.9972,26.0188,46.3680,-16.4468,11.7747,0.775615,0.924269,0.772861
1786594596771075103,2026-08-13T11:16:36.771094,ground_truth,0.106221,0.389000,0.093206,True,,,,,,,,,-0.080544,0.635866,0.376891,-0.080544,0.635866,0.376891,-0.080544,0.635866,0.376891,0.116789,0.206325,-0.018977,0.237844,0.097330,0.181638,-0.028636,0.208052,1.449896,0.256641,-0.665851,-0.012590,-0.590632,-1.747932,0.039267,0.143988,0.299323,0.008289,0.156203,0.045812,0.103180,-0.078680,0.316064,-0.001728,-0.056832,-0.035072,2.0000,2.0000,1.0000,0.0000,3.0000,21.2470,26.3891,45.4141,-17.2296,13.2073,0.775615,0.924269,0.772861
1786594596807233279,2026-08-13T11:16:36.807257,ground_truth,0.106221,0.389000,0.093206,True,,,,,,,,,-0.080544,0.635866,0.376891,-0.077270,0.641432,0.376615,-0.077270,0.641432,0.376615,0.113817,0.193500,-0.009593,0.224697,0.097330,0.181638,-0.028636,0.208052,1.451313,0.261345,-0.656230,-0.012332,-0.595536,-1.749549,0.047558,0.148784,0.301063,0.005228,0.148345,0.053659,0.127400,-0.072520,0.319633,-0.000224,-0.054560,-0.031744,2.0000,2.0000,1.0000,0.0000,3.0000,20.3756,25.7120,45.3175,-15.4873,13.2103,0.775615,0.924269,0.772861
1786594596840959097,2026-08-13T11:16:36.840990,ground_truth,0.103184,0.389000,0.093206,True,,,,,,,,,-0.073997,0.648198,0.376339,-0.073997,0.648198,0.376339,-0.073997,0.648198,0.376339,0.090184,0.186407,-0.007601,0.207216,0.096767,0.182264,-0.008156,0.206520,1.451313,0.261345,-0.656230,-0.012332,-0.595536,-1.749549,0.047558,0.148784,0.301063,0.005228,0.148345,0.053659,0.127400,-0.072520,0.319633,-0.000224,-0.054560,-0.031744,2.0000,2.0000,1.0000,0.0000,3.0000,19.9208,25.2391,45.4883,-13.2278,12.6132,0.775615,0.924269,0.772861
1786594596871437152,2026-08-13T11:16:36.871457,ground_truth,0.102399,0.410000,0.096669,True,,,,,,,,,-0.073997,0.648198,0.376339,-0.070835,0.655205,0.376245,-0.070835,0.655205,0.376245,0.093303,0.206801,-0.002796,0.226892,0.096767,0.182264,-0.008156,0.206520,1.451313,0.261345,-0.656230,-0.012332,-0.595536,-1.749549,0.047558,0.148784,0.301063,0.005228,0.148345,0.053659,0.127400,-0.072520,0.319633,-0.000224,-0.054560,-0.031744,2.0000,2.0000,1.0000,0.0000,3.0000,20.1143,25.5249,45.8025,-10.0922,11.9554,0.775615,0.924269,0.772861
1786594596904665663,2026-08-13T11:16:36.904684,ground_truth,0.102399,0.410000,0.096669,True,,,,,,,,,-0.067833,0.660926,0.376381,-0.067833,0.660926,0.376381,-0.067833,0.660926,0.376381,0.099569,0.189754,0.004517,0.214339,0.092921,0.191893,0.000625,0.213208,1.451313,0.261345,-0.656230,-0.012332,-0.595536,-1.749549,0.047558,0.148784,0.301063,0.005228,0.148345,0.053659,0.127400,-0.072520,0.319633,-0.000224,-0.054560,-0.031744,2.0000,2.0000,1.0000,0.0000,3.0000,20.9556,26.4535,45.2469,-10.4271,11.4547,0.775615,0.924269,0.772861
1786594596937380310,2026-08-13T11:16:36.937398,ground_truth,0.101764,0.427000,0.097010,True,,,,,,,,,-0.067833,0.660926,0.376381,-0.065088,0.667510,0.376711,-0.065088,0.667510,0.376711,0.082649,0.198245,0.009955,0.215014,0.092921,0.191893,0.000625,0.213208,1.451313,0.261345,-0.656230,-0.012332,-0.595536,-1.749549,0.047558,0.148784,0.301063,0.005228,0.148345,0.053659,0.127400,-0.072520,0.319633,-0.000224,-0.054560,-0.031744,2.0000,2.0000,1.0000,0.0000,3.0000,21.4659,27.2150,44.9459,-10.9333,11.9743,0.775615,0.924269,0.772861
1786594596969887687,2026-08-13T11:16:36.969907,ground_truth,0.104739,0.427000,0.097010,True,,,,,,,,,-0.062782,0.673627,0.377040,-0.062782,0.673627,0.377040,-0.062782,0.673627,0.377040,0.070263,0.186365,0.010016,0.199422,0.075750,0.190473,0.009889,0.205222,1.451313,0.261345,-0.656230,-0.012332,-0.595536,-1.749549,0.047558,0.148784,0.301063,0.005228,0.148345,0.053659,0.127400,-0.072520,0.319633,-0.000224,-0.054560,-0.031744,2.0000,2.0000,1.0000,0.0000,3.0000,21.9783,27.9445,44.1285,-11.9281,12.6266,0.775615,0.924269,0.772861
1786594597009229344,2026-08-13T11:16:37.009257,ground_truth,0.104973,0.421000,0.099880,True,,,,,,,,,-0.062782,0.673627,0.377040,-0.060674,0.679651,0.377369,-0.060674,0.679651,0.377369,0.064995,0.185728,0.010137,0.197033,0.075750,0.190473,0.009889,0.205222,1.451313,0.261345,-0.656230,-0.012332,-0.595536,-1.749549,0.047558,0.148784,0.301063,0.005228,0.148345,0.053659,0.127400,-0.072520,0.319633,-0.000224,-0.054560,-0.031744,2.0000,2.0000,1.0000,0.0000,3.0000,23.8647,29.7516,43.2260,-12.8046,14.2848,0.775615,0.924269,0.772861
1786594597040635608,2026-08-13T11:16:37.040654,ground_truth,0.104544,0.432000,0.100082,True,,,,,,,,,-0.058811,0.685655,0.378088,-0.058811,0.685655,0.378088,-0.058811,0.685655,0.378088,0.047077,0.151720,0.018176,0.159892,0.059732,0.180925,0.015766,0.191182,1.451895,0.263161,-0.652624,-0.012224,-0.597304,-1.750185,0.048865,0.151841,0.301063,0.008289,0.145295,0.051482,0.133560,-0.079660,0.305523,-0.002848,-0.050720,-0.035744,2.0000,2.0000,1.0000,0.0000,3.0000,24.7635,30.4480,43.8164,-12.4368,14.0254,0.775615,0.924269,0.772861
1786594597073103837,2026-08-13T11:16:37.073124,ground_truth,0.107103,0.442000,0.103221,True,,,,,,,,,-0.058811,0.685655,0.378088,-0.057354,0.691336,0.378812,-0.057354,0.691336,0.378812,0.046332,0.180634,0.023005,0.187895,0.059732,0.180925,0.015766,0.191182,1.467269,0.298116,-0.594103,-0.010316,-0.620965,-1.767443,0.055412,0.123917,0.154457,0.002609,0.029665,0.065010,0.096320,-0.113960,0.260205,0.005696,-0.049440,-0.036640,3.0000,2.0000,1.0000,0.0000,3.0000,25.0603,31.0961,42.9115,-12.1407,14.2667,0.775615,0.924269,0.772861
1786594597106572046,2026-08-13T11:16:37.106594,ground_truth,0.107103,0.442000,0.106177,True,,,,,,,,,-0.056255,0.697219,0.379754,-0.056255,0.697219,0.379754,-0.056255,0.697219,0.379754,0.034241,0.183368,0.029366,0.188835,0.038289,0.173248,0.024954,0.179175,1.467269,0.298116,-0.594103,-0.010316,-0.620965,-1.767443,0.055412,0.123917,0.154457,0.002609,0.029665,0.065010,0.096320,-0.113960,0.260205,0.005696,-0.049440,-0.036640,3.0000,2.0000,1.0000,0.0000,3.0000,26.4540,32.1294,43.4764,-11.0195,13.9978,0.775615,0.924269,0.772861
1786594597139127455,2026-08-13T11:16:37.139148,ground_truth,0.106860,0.448000,0.109213,True,,,,,,,,,-0.056255,0.697219,0.379754,-0.055401,0.703356,0.380874,-0.055401,0.703356,0.380874,0.025611,0.183928,0.033584,0.188715,0.038289,0.173248,0.024954,0.179175,1.467269,0.298116,-0.594103,-0.010316,-0.620965,-1.767443,0.055412,0.123917,0.154457,0.002609,0.029665,0.065010,0.096320,-0.113960,0.260205,0.005696,-0.049440,-0.036640,3.0000,2.0000,2.0000,0.0000,4.0000,28.1346,33.4404,43.0799,-16.7160,15.5241,0.775615,0.924269,0.772861
1786594597171704834,2026-08-13T11:16:37.171725,ground_truth,0.112520,0.453000,0.115155,True,,,,,,,,,-0.054719,0.709543,0.382207,-0.054719,0.709543,0.382207,-0.054719,0.709543,0.382207,0.020836,0.188994,0.040694,0.194445,0.022972,0.184243,0.036669,0.189256,1.467269,0.298116,-0.594103,-0.010316,-0.620965,-1.767443,0.055412,0.123917,0.154457,0.002609,0.029665,0.065010,0.096320,-0.113960,0.260205,0.005696,-0.049440,-0.036640,3.0000,2.0000,1.0000,0.0000,3.0000,27.8906,33.3531,44.4115,-16.4648,14.6698,0.775615,0.924269,0.772861
1786594597203084146,2026-08-13T11:16:37.203103,ground_truth,0.115223,0.458000,0.123993,True,,,,,,,,,-0.054719,0.709543,0.382207,-0.054655,0.715740,0.383916,-0.054655,0.715740,0.383916,0.001958,0.189446,0.052263,0.196532,0.022972,0.184243,0.036669,0.189256,1.467269,0.298116,-0.594103,-0.010316,-0.620965,-1.767443,0.055412,0.123917,0.154457,0.002609,0.029665,0.065010,0.096320,-0.113960,0.260205,0.005696,-0.049440,-0.036640,3.0000,2.0000,1.0000,0.0000,3.0000,27.6474,33.3467,44.9689,-17.1486,14.2718,0.775615,0.924269,0.772861
1786594597238871350,2026-08-13T11:16:37.238891,ground_truth,0.118147,0.458000,0.126922,True,,,,,,,,,-0.054990,0.721887,0.386208,-0.054990,0.721887,0.386208,-0.054990,0.721887,0.386208,-0.010800,0.197960,0.073794,0.211543,-0.004068,0.185099,0.059994,0.194621,1.467269,0.298116,-0.594103,-0.010316,-0.620965,-1.767443,0.055412,0.123917,0.154457,0.002609,0.029665,0.065010,0.096320,-0.113960,0.260205,0.005696,-0.049440,-0.036640,3.0000,2.0000,2.0000,0.0000,4.0000,28.5479,33.9763,44.2218,-25.1703,17.1976,0.775615,0.924269,0.772861
1786594597270931517,2026-08-13T11:16:37.270951,ground_truth,0.121315,0.453000,0.129842,True,,,,,,,,,-0.054990,0.721887,0.386208,-0.055520,0.728023,0.388489,-0.055520,0.728023,0.388489,-0.014708,0.170202,0.063272,0.182177,-0.004068,0.185099,0.059994,0.194621,1.467269,0.298116,-0.594103,-0.010316,-0.620965,-1.767443,0.055412,0.123917,0.154457,0.002609,0.029665,0.065010,0.096320,-0.113960,0.260205,0.005696,-0.049440,-0.036640,3.0000,2.0000,2.0000,0.0000,4.0000,28.1397,33.8918,43.2103,-29.1467,20.6923,0.775615,0.924269,0.772861
1786594597303581134,2026-08-13T11:16:37.303609,ground_truth,0.121315,0.453000,0.132779,True,,,,,,,,,-0.056526,0.734156,0.390931,-0.056526,0.734156,0.390931,-0.056526,0.734156,0.390931,-0.031620,0.192748,0.076749,0.209862,-0.023117,0.184603,0.071065,0.199155,1.467269,0.298116,-0.594103,-0.010316,-0.620965,-1.767443,0.055412,0.123917,0.154457,0.002609,0.029665,0.065010,0.096320,-0.113960,0.260205,0.005696,-0.049440,-0.036640,3.0000,3.0000,2.0000,0.0000,4.0000,26.7960,33.0762,42.5255,-31.7151,20.3581,0.775615,0.924269,0.772861
1786594597336905497,2026-08-13T11:16:37.336929,ground_truth,0.121315,0.453000,0.132779,True,,,,,,,,,-0.056526,0.734156,0.390931,-0.057533,0.738796,0.393569,-0.057533,0.738796,0.393569,-0.030763,0.141857,0.080656,0.166058,-0.023117,0.184603,0.071065,0.199155,1.476148,0.340663,-0.566831,-0.009550,-0.605636,-1.776659,0.003051,0.204202,0.087697,0.000000,0.118238,0.002609,-0.056700,-0.086800,0.260205,-0.014592,0.051424,0.009760,2.0000,3.0000,2.0000,0.0000,4.0000,24.6488,31.4322,45.2370,-30.8284,17.3716,0.775615,0.924269,0.772861
1786594597369422494,2026-08-13T11:16:37.369447,ground_truth,0.121315,0.453000,0.135716,True,,,,,,,,,-0.058741,0.743138,0.396207,-0.058741,0.743138,0.396207,-0.058741,0.743138,0.396207,-0.036366,0.130616,0.079375,0.157109,-0.032346,0.131161,0.077055,0.155522,1.475867,0.347406,-0.563767,-0.009561,-0.601788,-1.776185,0.014831,0.215544,0.100352,0.000000,0.118238,0.024426,-0.126700,-0.076860,0.262778,-0.033280,0.047200,0.029440,3.0000,2.0000,2.0000,0.0000,4.0000,25.3008,31.9011,45.8295,-28.2382,16.4768,0.775615,0.924269,0.772861
1786594597402572345,2026-08-13T11:16:37.402589,ground_truth,0.121070,0.458000,0.135709,True,,,,,,,,,-0.058741,0.743138,0.396207,-0.060002,0.747419,0.398810,-0.060002,0.747419,0.398810,-0.038254,0.129883,0.078966,0.156743,-0.032346,0.131161,0.077055,0.155522,1.475063,0.355331,-0.559819,-0.009604,-0.597714,-1.774988,0.029669,0.223835,0.115185,0.000000,0.107772,0.037523,-0.154560,-0.091420,0.272074,-0.060000,0.048928,0.033728,3.0000,2.0000,1.0000,0.0000,3.0000,25.6213,31.8466,48.3097,-26.1929,14.7195,0.775615,0.924269,0.772861
1786594597435286440,2026-08-13T11:16:37.435306,ground_truth,0.120581,0.468000,0.138607,True,,,,,,,,,-0.061247,0.750569,0.401413,-0.061247,0.750569,0.401413,-0.061247,0.750569,0.401413,-0.038266,0.096826,0.080011,0.131306,-0.038606,0.114493,0.080205,0.145024,1.473939,0.362564,-0.555938,-0.009745,-0.594437,-1.773630,0.038829,0.226887,0.126099,0.008289,0.094244,0.045812,-0.127680,-0.105700,0.273070,-0.075584,0.041920,0.030112,2.0000,2.0000,1.0000,0.0000,3.0000,23.3292,30.3678,49.9573,-22.2149,11.4184,0.775615,0.924269,0.772861
1786594597480767465,2026-08-13T11:16:37.480804,ground_truth,0.119970,0.480500,0.138568,True,,,,,,,,,-0.061247,0.750569,0.401413,-0.062502,0.753759,0.404186,-0.062502,0.753759,0.404186,-0.037756,0.096006,0.083463,0.132698,-0.038606,0.114493,0.080205,0.145024,1.471999,0.372554,-0.549916,-0.010143,-0.590750,-1.771399,0.047120,0.225580,0.147037,0.007847,0.075477,0.056721,-0.136920,-0.121100,0.275311,-0.076864,0.044320,0.034688,2.0000,2.0000,1.0000,0.0000,3.0000,23.5419,30.4032,49.3144,-22.0265,11.9364,0.775615,0.924269,0.772861
1786594597514663828,2026-08-13T11:16:37.514690,ground_truth,0.117674,0.468000,0.138607,True,,,,,,,,,-0.063517,0.756584,0.406957,-0.063517,0.756584,0.406957,-0.063517,0.756584,0.406957,-0.022318,0.062083,0.060895,0.089781,-0.034210,0.090648,0.083552,0.127939,1.469960,0.381524,-0.543700,-0.010467,-0.588034,-1.769081,0.052354,0.222091,0.161439,0.007847,0.061949,0.059340,-0.157780,-0.107240,0.282532,-0.077760,0.044256,0.035456,2.0000,2.0000,1.0000,0.0000,3.0000,23.4172,30.1887,46.8234,-22.5403,10.3284,0.775615,0.924269,0.772861
1786594597547450638,2026-08-13T11:16:37.547468,ground_truth,0.116493,0.493000,0.135658,True,,,,,,,,,-0.063517,0.756584,0.406957,-0.064364,0.759335,0.409539,-0.064364,0.759335,0.409539,-0.024663,0.080142,0.075197,0.112630,-0.034210,0.090648,0.083552,0.127939,1.468373,0.387757,-0.539023,-0.010682,-0.586438,-1.767313,0.060645,0.223835,0.169290,0.005228,0.053659,0.064568,-0.138460,-0.122640,0.283196,-0.078880,0.038976,0.038144,3.0000,2.0000,1.0000,0.0000,3.0000,25.3380,31.2640,43.9842,-29.7013,14.9234,0.775615,0.924269,0.772861
1786594597576597464,2026-08-13T11:16:37.576621,ground_truth,0.113399,0.498000,0.135651,True,,,,,,,,,-0.065161,0.762739,0.411910,-0.065161,0.762739,0.411910,-0.065161,0.762739,0.411910,-0.024661,0.105367,0.073423,0.130772,-0.024689,0.092473,0.074420,0.121240,1.467889,0.389541,-0.537655,-0.010736,-0.586040,-1.766785,0.060645,0.223835,0.172785,0.008289,0.051482,0.064568,-0.145600,-0.128240,0.276805,-0.079872,0.038240,0.038016,3.0000,3.0000,2.0000,0.0000,4.0000,27.0636,32.1241,42.2356,-32.7328,17.8132,0.775615,0.924269,0.772861
1786594597603294481,2026-08-13T11:16:37.603319,ground_truth,0.113627,0.493000,0.132787,True,,,,,,,,,-0.065161,0.762739,0.411910,-0.065580,0.766673,0.414072,-0.065580,0.766673,0.414072,-0.014534,0.136233,0.074868,0.156128,-0.024689,0.092473,0.074420,0.121240,1.467889,0.389541,-0.537655,-0.010736,-0.586040,-1.766785,0.060645,0.223835,0.172785,0.008289,0.051482,0.064568,-0.145600,-0.128240,0.276805,-0.079872,0.038240,0.038016,3.0000,3.0000,2.0000,0.0000,4.0000,27.1962,32.2117,41.7943,-32.9114,18.0756,0.775615,0.924269,0.772861
1786594597635935191,2026-08-13T11:16:37.635953,ground_truth,0.112943,0.508000,0.129943,True,,,,,,,,,-0.066015,0.770180,0.415846,-0.066015,0.770180,0.415846,-0.066015,0.770180,0.415846,-0.016083,0.129681,0.065602,0.146217,-0.012613,0.109817,0.058090,0.124873,1.467889,0.389541,-0.537655,-0.010736,-0.586040,-1.766785,0.060645,0.223835,0.172785,0.008289,0.051482,0.064568,-0.145600,-0.128240,0.276805,-0.079872,0.038240,0.038016,3.0000,3.0000,2.0000,0.0000,4.0000,27.0314,31.8307,42.6585,-32.6584,17.6018,0.775615,0.924269,0.772861
1786594597677675276,2026-08-13T11:16:37.677693,ground_truth,0.110542,0.498000,0.127062,True,,,,,,,,,-0.066015,0.770180,0.415846,-0.066421,0.773868,0.417229,-0.066421,0.773868,0.417229,-0.012465,0.113348,0.042476,0.121685,-0.012613,0.109817,0.058090,0.124873,1.466903,0.393089,-0.534897,-0.010866,-0.585317,-1.765675,0.061958,0.220778,0.172785,0.008289,0.042751,0.069807,-0.153720,-0.156520,0.281702,-0.079648,0.035968,0.036416,3.0000,3.0000,2.0000,0.0000,4.0000,29.4852,32.9625,41.8850,-34.9355,19.5821,0.775615,0.924269,0.772861
1786594597705807621,2026-08-13T11:16:37.705827,ground_truth,0.104257,0.512000,0.124271,True,,,,,,,,,-0.066289,0.777272,0.418022,-0.066289,0.777272,0.418022,-0.066289,0.777272,0.418022,0.003168,0.081771,0.019068,0.084025,-0.004175,0.108197,0.033194,0.113251,1.456945,0.420883,-0.509156,-0.011954,-0.582881,-1.755715,0.081592,0.192853,0.205945,0.008289,0.002609,0.083335,-0.152180,-0.173180,0.287678,-0.080256,0.008192,0.034784,3.0000,3.0000,2.0000,0.0000,4.0000,31.1775,33.5126,42.4518,-35.9004,20.7022,0.775615,0.924269,0.772861
1786594597736906773,2026-08-13T11:16:37.736925,ground_truth,0.101579,0.508000,0.121404,True,,,,,,,,,-0.066289,0.777272,0.418022,-0.065558,0.780886,0.418041,-0.065558,0.780886,0.418041,0.025930,0.128191,0.000659,0.130789,-0.004175,0.108197,0.033194,0.113251,1.455240,0.424666,-0.504993,-0.012105,-0.583000,-1.754055,0.086388,0.186313,0.208124,0.007847,0.008289,0.083335,-0.143780,-0.171640,0.296974,-0.083104,-0.039744,0.038688,3.0000,3.0000,2.0000,0.0000,4.0000,31.1025,33.5068,41.5529,-36.7292,20.0772,0.775615,0.924269,0.772861
1786594597769610806,2026-08-13T11:16:37.769627,ground_truth,0.101033,0.522000,0.121499,True,,,,,,,,,-0.064453,0.784276,0.417673,-0.064453,0.784276,0.417673,-0.064453,0.784276,0.417673,0.036019,0.110533,-0.011996,0.116871,0.027367,0.104417,-0.005207,0.108069,1.455240,0.424666,-0.504993,-0.012105,-0.583000,-1.754055,0.086388,0.186313,0.208124,0.007847,0.008289,0.083335,-0.143780,-0.171640,0.296974,-0.083104,-0.039744,0.038688,3.0000,3.0000,2.0000,0.0000,4.0000,30.9457,33.8920,41.2002,-35.4187,19.8786,0.775615,0.924269,0.772861
1786594597803543805,2026-08-13T11:16:37.803571,ground_truth,0.098402,0.517000,0.121465,True,,,,,,,,,-0.064453,0.784276,0.417673,-0.063101,0.787834,0.417117,-0.063101,0.787834,0.417117,0.040759,0.107248,-0.016764,0.115950,0.027367,0.104417,-0.005207,0.108069,1.455240,0.424666,-0.504993,-0.012105,-0.583000,-1.754055,0.086388,0.186313,0.208124,0.007847,0.008289,0.083335,-0.143780,-0.171640,0.296974,-0.083104,-0.039744,0.038688,3.0000,3.0000,2.0000,0.0000,4.0000,30.8134,33.9346,41.8639,-33.5474,19.2949,0.775615,0.924269,0.772861
1786594597837738255,2026-08-13T11:16:37.837751,ground_truth,0.090215,0.508000,0.118557,True,,,,,,,,,-0.061574,0.791959,0.416363,-0.061574,0.791959,0.416363,-0.061574,0.791959,0.416363,0.045293,0.122306,-0.022364,0.132327,0.043211,0.115284,-0.019663,0.124676,1.455240,0.424666,-0.504993,-0.012105,-0.583000,-1.754055,0.086388,0.186313,0.208124,0.007847,0.008289,0.083335,-0.143780,-0.171640,0.296974,-0.083104,-0.039744,0.038688,3.0000,3.0000,2.0000,0.0000,4.0000,30.8345,34.5056,40.7666,-30.8189,18.7648,0.775615,0.924269,0.772861
1786594597873573086,2026-08-13T11:16:37.873599,ground_truth,0.086943,0.522000,0.118676,True,,,,,,,,,-0.061574,0.791959,0.416363,-0.059500,0.796197,0.415415,-0.059500,0.796197,0.415415,0.060459,0.123589,-0.027646,0.140334,0.043211,0.115284,-0.019663,0.124676,1.455240,0.424666,-0.504993,-0.012105,-0.583000,-1.754055,0.086388,0.186313,0.208124,0.007847,0.008289,0.083335,-0.143780,-0.171640,0.296974,-0.083104,-0.039744,0.038688,3.0000,2.0000,2.0000,0.0000,4.0000,31.2349,34.9766,39.4255,-27.8906,18.4747,0.775615,0.924269,0.772861
1786594597906411380,2026-08-13T11:16:37.906426,ground_truth,0.081444,0.517000,0.118634,True,,,,,,,,,-0.057209,0.800458,0.414279,-0.057209,0.800458,0.414279,-0.057209,0.800458,0.414279,0.063472,0.118027,-0.031467,0.137657,0.065753,0.128036,-0.031396,0.147317,1.438808,0.456713,-0.461468,-0.013614,-0.595029,-1.736387,0.088139,0.173219,0.273144,0.008289,0.110391,0.097294,-0.159600,-0.152740,0.328265,-0.086112,-0.060608,0.040032,3.0000,2.0000,2.0000,0.0000,4.0000,31.3364,35.4170,38.5596,-25.5916,18.7036,0.775615,0.924269,0.772861
1786594597936980531,2026-08-13T11:16:37.937000,ground_truth,0.075333,0.536000,0.115994,True,,,,,,,,,-0.057209,0.800458,0.414279,-0.054567,0.804723,0.413140,-0.054567,0.804723,0.413140,0.079675,0.128648,-0.034333,0.155168,0.065753,0.128036,-0.031396,0.147317,1.436711,0.460986,-0.454650,-0.013765,-0.598037,-1.734102,0.086825,0.181073,0.291464,0.005228,0.134386,0.094244,-0.167580,-0.158060,0.327352,-0.085824,-0.060512,0.042080,3.0000,2.0000,2.0000,0.0000,4.0000,30.9015,35.6160,38.6073,-22.7467,17.4468,0.775615,0.924269,0.772861
1786594597973627289,2026-08-13T11:16:37.973645,ground_truth,0.074994,0.550000,0.116136,True,,,,,,,,,-0.051550,0.808990,0.411633,-0.051550,0.808990,0.411633,-0.051550,0.808990,0.411633,0.098758,0.139677,-0.049354,0.178041,0.084247,0.127033,-0.039395,0.157439,1.433522,0.467788,-0.443556,-0.013927,-0.603793,-1.730718,0.089883,0.194166,0.317643,0.002609,0.180198,0.094244,-0.160160,-0.165200,0.344782,-0.087488,-0.073760,0.041024,3.0000,2.0000,2.0000,0.0000,4.0000,30.7358,35.8059,38.3364,-21.3827,16.3128,0.775615,0.924269,0.772861
1786594598002492348,2026-08-13T11:16:38.002510,ground_truth,0.072425,0.541000,0.118837,True,,,,,,,,,-0.051550,0.808990,0.411633,-0.048552,0.813470,0.410137,-0.048552,0.813470,0.410137,0.082828,0.123755,-0.041312,0.154539,0.084247,0.127033,-0.039395,0.157439,1.430994,0.473322,-0.434322,-0.014067,-0.609420,-1.728141,0.091190,0.201144,0.336409,0.005228,0.215543,0.091624,-0.128240,-0.171360,0.311748,-0.082432,-0.072960,0.038304,3.0000,2.0000,2.0000,0.0000,4.0000,30.5719,36.0283,37.0660,-21.3389,17.3129,0.775615,0.924269,0.772861
1786594598037233424,2026-08-13T11:16:38.037255,ground_truth,0.069346,0.555000,0.118955,True,,,,,,,,,-0.045535,0.818259,0.408819,-0.045535,0.818259,0.408819,-0.045535,0.818259,0.408819,0.104349,0.165670,-0.045593,0.201032,0.090457,0.139398,-0.042312,0.171477,1.427910,0.480600,-0.422106,-0.014196,-0.617828,-1.724951,0.083336,0.202457,0.339896,0.002609,0.245208,0.086386,-0.126140,-0.145600,0.309839,-0.086560,-0.073856,0.038400,3.0000,2.0000,2.0000,0.0000,4.0000,30.8003,36.3930,36.5842,-19.1635,16.7096,0.775615,0.924269,0.772861
1786594598069286104,2026-08-13T11:16:38.069307,ground_truth,0.066160,0.577000,0.119141,True,,,,,,,,,-0.045535,0.818259,0.408819,-0.042392,0.822924,0.407706,-0.042392,0.822924,0.407706,0.090103,0.133718,-0.031922,0.164371,0.090457,0.139398,-0.042312,0.171477,1.425434,0.487114,-0.411258,-0.014283,-0.625740,-1.722310,0.075045,0.204202,0.338156,0.002609,0.250447,0.081158,-0.100660,-0.181020,0.319633,-0.085888,-0.076864,0.035296,3.0000,2.0000,2.0000,0.0000,4.0000,31.1452,36.7112,36.7254,-18.7210,16.4920,0.775615,0.924269,0.772861
1786594598102469544,2026-08-13T11:16:38.102482,ground_truth,0.066237,0.573000,0.119107,True,,,,,,,,,-0.039243,0.827163,0.406605,-0.039243,0.827163,0.406605,-0.039243,0.827163,0.406605,0.098313,0.132350,-0.034360,0.168412,0.094925,0.134325,-0.033403,0.167838,1.422899,0.495209,-0.397674,-0.014358,-0.636433,-1.719572,0.055849,0.201144,0.342082,0.000000,0.288412,0.058898,-0.076160,-0.208880,0.322953,-0.085376,-0.082496,0.033344,3.0000,2.0000,2.0000,0.0000,4.0000,31.4362,37.0874,36.1824,-18.8317,16.6761,0.775615,0.924269,0.772861
1786594598137066829,2026-08-13T11:16:38.137080,ground_truth,0.060626,0.582000,0.119184,True,,,,,,,,,-0.039243,0.827163,0.406605,-0.036084,0.832278,0.405693,-0.036084,0.832278,0.405693,0.096074,0.155530,-0.027732,0.184902,0.094925,0.134325,-0.033403,0.167838,1.421690,0.500724,-0.388016,-0.014369,-0.645089,-1.718246,0.034465,0.194166,0.347755,0.000000,0.325934,0.037523,-0.082740,-0.222180,0.324945,-0.077824,-0.094720,0.030336,3.0000,2.0000,2.0000,0.0000,4.0000,31.6989,37.3411,35.8039,-19.1261,16.9924,0.775615,0.924269,0.772861
1786594598172032545,2026-08-13T11:16:38.172049,ground_truth,0.057849,0.586000,0.119217,True,,,,,,,,,-0.032596,0.837514,0.404976,-0.032596,0.837514,0.404976,-0.032596,0.837514,0.404976,0.100166,0.150379,-0.020601,0.181856,0.099749,0.155326,-0.024449,0.186209,1.420795,0.508198,-0.373986,-0.014358,-0.659307,-1.717384,0.011342,0.179766,0.352989,0.000000,0.376985,0.007847,-0.044240,-0.201180,0.327435,-0.051200,-0.088832,0.026048,3.0000,2.0000,2.0000,0.0000,4.0000,31.3307,36.8905,36.0463,-18.0286,17.4206,0.775615,0.924269,0.772861
1786594598209624340,2026-08-13T11:16:38.209643,ground_truth,0.055074,0.591000,0.119260,True,,,,,,,,,-0.032596,0.837514,0.404976,-0.029083,0.843041,0.404453,-0.029083,0.843041,0.404453,0.099095,0.155921,-0.014753,0.185335,0.099749,0.155326,-0.024449,0.186209,1.420775,0.513824,-0.362707,-0.014304,-0.671563,-1.717448,0.006540,0.171475,0.351242,0.002609,0.388325,0.008289,0.080220,-0.233380,0.325692,-0.016864,-0.087328,-0.026496,3.0000,2.0000,2.0000,0.0000,4.0000,31.8488,36.9583,35.8469,-18.9976,17.5506,0.775615,0.924269,0.772861
1786594598240874901,2026-08-13T11:16:38.240891,ground_truth,0.055023,0.595000,0.119294,True,,,,,,,,,-0.025804,0.848307,0.404119,-0.025804,0.848307,0.404119,-0.025804,0.848307,0.404119,0.088220,0.141668,-0.008989,0.167133,0.101423,0.161172,-0.012799,0.190858,1.421612,0.520442,-0.348818,-0.014002,-0.686621,-1.718688,0.032720,0.160133,0.343829,0.010898,0.366519,0.043193,0.122080,-0.268380,0.315400,0.000128,-0.085760,-0.032896,3.0000,2.0000,2.0000,0.0000,4.0000,32.1028,36.8321,36.6637,-21.9169,17.9100,0.775615,0.924269,0.772861
1786594598274951073,2026-08-13T11:16:38.274985,ground_truth,0.055074,0.591000,0.119260,True,,,,,,,,,-0.025804,0.848307,0.404119,-0.022700,0.853787,0.403978,-0.022700,0.853787,0.403978,0.099208,0.175157,-0.004497,0.201351,0.101423,0.161172,-0.012799,0.190858,1.422899,0.525264,-0.337881,-0.013582,-0.697940,-1.720359,0.045376,0.143988,0.342082,0.013517,0.345132,0.058898,0.122080,-0.278320,0.333411,-0.006240,-0.079424,-0.038080,3.0000,2.0000,2.0000,0.0000,4.0000,31.9504,36.2657,37.7771,-23.1404,18.5845,0.775615,0.924269,0.772861
1786594598308443629,2026-08-13T11:16:38.308472,ground_truth,0.054973,0.599000,0.119327,True,,,,,,,,,-0.019636,0.859096,0.403829,-0.019636,0.859096,0.403829,-0.019636,0.859096,0.403829,0.090567,0.156937,-0.004413,0.181249,0.092745,0.162239,-0.004361,0.186928,1.424290,0.529053,-0.328282,-0.013237,-0.707436,-1.722137,0.050609,0.127406,0.346008,0.010467,0.336843,0.067188,0.103460,-0.251720,0.333743,-0.004576,-0.077152,-0.036960,3.0000,2.0000,2.0000,0.0000,4.0000,31.6561,35.6398,38.1696,-24.1452,18.4826,0.775615,0.924269,0.772861
1786594598336771761,2026-08-13T11:16:38.336807,ground_truth,0.055137,0.586000,0.119217,True,,,,,,,,,-0.019636,0.859096,0.403829,-0.016741,0.864318,0.403686,-0.016741,0.864318,0.403686,0.085890,0.154912,-0.004228,0.177180,0.092745,0.162239,-0.004361,0.186928,1.426146,0.533340,-0.315844,-0.012806,-0.719002,-1.724638,0.050609,0.111261,0.345569,0.013517,0.307168,0.067188,0.083300,-0.280840,0.327186,-0.006240,-0.079712,-0.037024,3.0000,2.0000,2.0000,0.0000,4.0000,31.6561,35.6398,38.1696,-24.1452,18.4826,0.775615,0.924269,0.772861
1786594598373701701,2026-08-13T11:16:38.373724,ground_truth,0.054973,0.599000,0.119327,True,,,,,,,,,-0.019636,0.859096,0.403829,-0.014403,0.869309,0.403730,-0.014403,0.869309,0.403730,0.083274,0.177730,0.001567,0.196278,0.092745,0.162239,-0.004361,0.186928,1.427309,0.535816,-0.307620,-0.012569,-0.725955,-1.726244,0.045814,0.096423,0.340335,0.010898,0.272264,0.065010,0.080780,-0.308420,0.325692,-0.002784,-0.077472,-0.036736,3.0000,2.0000,2.0000,0.0000,4.0000,30.4846,33.9970,40.6130,-24.5548,17.9425,0.775615,0.924269,0.772861
1786594598404381153,2026-08-13T11:16:38.404401,ground_truth,0.054809,0.612000,0.119437,True,,,,,,,,,-0.019636,0.859096,0.403829,-0.012271,0.874680,0.403773,-0.012271,0.874680,0.403773,0.057316,0.144451,0.001168,0.155411,0.092745,0.162239,-0.004361,0.186928,1.428968,0.539233,-0.294475,-0.012235,-0.735419,-1.728572,0.035778,0.071994,0.319829,0.005670,0.199396,0.054101,0.076160,-0.307160,0.328763,-0.005120,-0.066080,-0.035232,3.0000,2.0000,2.0000,0.0000,4.0000,30.4003,33.9006,40.2651,-25.1705,18.0518,0.775615,0.924269,0.772861
1786594598437221740,2026-08-13T11:16:38.437240,ground_truth,0.054645,0.625000,0.119547,True,,,,,,,,,-0.010496,0.880128,0.403827,-0.010496,0.880128,0.403827,-0.010496,0.880128,0.403827,0.058190,0.178518,0.001756,0.187770,0.068444,0.157484,-0.000011,0.171714,1.430007,0.541232,-0.284557,-0.012051,-0.740798,-1.729963,0.029231,0.054105,0.301501,0.005670,0.143106,0.037523,0.094780,-0.345240,0.338723,-0.009536,-0.053984,-0.035904,3.0000,2.0000,2.0000,0.0000,4.0000,30.4649,33.7649,40.5979,-25.2018,17.3115,0.775615,0.924269,0.772861
1786594598470596510,2026-08-13T11:16:38.470614,ground_truth,0.054758,0.616000,0.116803,True,,,,,,,,,-0.010496,0.880128,0.403827,-0.009116,0.886017,0.404064,-0.009116,0.886017,0.404064,0.042349,0.180839,0.007274,0.185874,0.068444,0.157484,-0.000011,0.171714,1.430674,0.542349,-0.277397,-0.011976,-0.743698,-1.730782,0.026174,0.041012,0.295397,0.002609,0.105152,0.032284,0.086800,-0.349580,0.319301,-0.007680,-0.056832,-0.031744,3.0000,2.0000,2.0000,0.0000,4.0000,29.9317,33.1058,40.7816,-26.8678,17.8818,0.775615,0.924269,0.772861
1786594598504369168,2026-08-13T11:16:38.504386,ground_truth,0.051909,0.633000,0.114335,True,,,,,,,,,-0.007767,0.891462,0.404108,-0.007767,0.891462,0.404108,-0.007767,0.891462,0.404108,0.040303,0.162656,0.001329,0.167580,0.041197,0.171144,0.004249,0.176084,1.431745,0.543682,-0.264601,-0.011814,-0.747643,-1.731936,0.022685,0.023122,0.287977,0.002609,0.083335,0.024426,0.091420,-0.345940,0.336980,-0.009920,-0.054944,-0.029728,3.0000,2.0000,2.0000,0.0000,4.0000,29.7639,32.9659,40.3681,-27.5742,17.6637,0.775615,0.924269,0.772861
1786594598537610504,2026-08-13T11:16:38.537628,ground_truth,0.051952,0.629000,0.111641,True,,,,,,,,,-0.007767,0.891462,0.404108,-0.006400,0.897031,0.403808,-0.006400,0.897031,0.403808,0.040470,0.164774,-0.008879,0.169903,0.041197,0.171144,0.004249,0.176084,1.432386,0.544172,-0.256556,-0.011739,-0.749928,-1.732615,0.022685,0.014394,0.288415,0.000000,0.080716,0.024426,0.094220,-0.341180,0.326688,-0.006976,-0.054048,-0.029568,3.0000,2.0000,2.0000,0.0000,4.0000,29.6825,32.9255,40.2428,-26.8805,17.7312,0.775615,0.924269,0.772861
1786594598575766686,2026-08-13T11:16:38.575885,ground_truth,0.051865,0.637000,0.109115,True,,,,,,,,,-0.007767,0.891462,0.404108,-0.005240,0.902358,0.403321,-0.005240,0.902358,0.403321,0.034785,0.159800,-0.014626,0.164195,0.041197,0.171144,0.004249,0.176084,1.433202,0.544558,-0.246281,-0.011609,-0.753011,-1.733542,0.022685,0.008285,0.282304,0.005670,0.085954,0.027045,0.097860,-0.320180,0.334822,-0.009984,-0.057344,-0.030464,3.0000,2.0000,2.0000,0.0000,4.0000,30.1917,33.2419,39.5612,-27.2623,18.2187,0.775615,0.924269,0.772861
1786594598603704300,2026-08-13T11:16:38.603723,ground_truth,0.051996,0.625000,0.106281,True,,,,,,,,,-0.007767,0.891462,0.404108,-0.004287,0.907583,0.402652,-0.004287,0.907583,0.402652,0.024996,0.137053,-0.017531,0.140413,0.041197,0.171144,0.004249,0.176084,1.433483,0.544662,-0.242890,-0.011566,-0.754089,-1.733865,0.023122,0.008285,0.280995,0.003051,0.089005,0.027045,0.097860,-0.320460,0.334075,-0.010240,-0.057504,-0.030240,3.0000,2.0000,2.0000,0.0000,4.0000,30.6609,33.0260,39.8319,-28.8772,18.7953,0.775615,0.924269,0.772861
1786594598638141270,2026-08-13T11:16:38.638161,ground_truth,0.051865,0.637000,0.106482,True,,,,,,,,,-0.003338,0.911615,0.401797,-0.003338,0.911615,0.401797,-0.003338,0.911615,0.401797,0.033920,0.144052,-0.030551,0.151112,0.033136,0.150754,-0.017288,0.155318,1.433483,0.544662,-0.242890,-0.011566,-0.754089,-1.733865,0.023122,0.008285,0.280995,0.003051,0.089005,0.027045,0.097860,-0.320460,0.334075,-0.010240,-0.057504,-0.030240,3.0000,2.0000,2.0000,0.0000,4.0000,30.5548,32.7991,40.0622,-29.2083,19.3173,0.775615,0.924269,0.772861
1786594598678068072,2026-08-13T11:16:38.678087,ground_truth,0.051766,0.646000,0.104014,True,,,,,,,,,-0.003338,0.911615,0.401797,-0.002754,0.915622,0.400951,-0.002754,0.915622,0.400951,0.016894,0.115885,-0.024493,0.119644,0.033136,0.150754,-0.017288,0.155318,1.433483,0.544662,-0.242890,-0.011566,-0.754089,-1.733865,0.023122,0.008285,0.280995,0.003051,0.089005,0.027045,0.097860,-0.320460,0.334075,-0.010240,-0.057504,-0.030240,3.0000,2.0000,2.0000,0.0000,4.0000,30.3657,32.5961,40.6751,-28.8279,19.2609,0.775615,0.924269,0.772861
1786594598705589700,2026-08-13T11:16:38.705610,ground_truth,0.051810,0.642000,0.103940,True,,,,,,,,,-0.002348,0.919356,0.399937,-0.002348,0.919356,0.399937,-0.002348,0.919356,0.399937,0.010161,0.093562,-0.025393,0.097477,0.014846,0.116125,-0.027908,0.120351,1.433483,0.544662,-0.242890,-0.011566,-0.754089,-1.733865,0.023122,0.008285,0.280995,0.003051,0.089005,0.027045,0.097860,-0.320460,0.334075,-0.010240,-0.057504,-0.030240,3.0000,2.0000,2.0000,0.0000,4.0000,29.8270,32.1557,41.5011,-27.7641,18.3811,0.775615,0.924269,0.772861
1786594598744001373,2026-08-13T11:16:38.744027,ground_truth,0.051678,0.654000,0.104161,True,,,,,,,,,-0.002348,0.919356,0.399937,-0.002130,0.923090,0.398916,-0.002130,0.923090,0.398916,0.007923,0.135930,-0.037182,0.141146,0.014846,0.116125,-0.027908,0.120351,1.433869,0.544800,-0.238414,-0.011512,-0.755577,-1.734296,0.024429,0.008285,0.278809,0.002609,0.094244,0.027045,0.097580,-0.310800,0.316562,-0.009696,-0.053504,-0.034016,3.0000,2.0000,2.0000,0.0000,4.0000,28.0286,31.2629,42.2567,-26.9289,16.2132,0.775615,0.924269,0.772861
1786594598770848075,2026-08-13T11:16:38.770868,ground_truth,0.051722,0.650000,0.104087,True,,,,,,,,,-0.001907,0.926770,0.397907,-0.001907,0.926770,0.397907,-0.001907,0.926770,0.397907,0.005803,0.095756,-0.026250,0.099458,0.006648,0.111859,-0.030631,0.116168,1.439017,0.548295,-0.191551,-0.010844,-0.777092,-1.739923,0.034465,0.032283,0.262229,0.005228,0.164492,0.040573,0.086100,-0.305340,0.335154,-0.007136,-0.064352,-0.033344,3.0000,2.0000,2.0000,0.0000,4.0000,26.8749,30.5581,43.0340,-26.9158,16.0114,0.775615,0.924269,0.772861
1786594598809822815,2026-08-13T11:16:38.809849,ground_truth,0.051722,0.650000,0.104087,True,,,,,,,,,-0.001907,0.926770,0.397907,-0.001684,0.930653,0.396895,-0.001684,0.930653,0.396895,0.008401,0.145963,-0.038025,0.151069,0.006648,0.111859,-0.030631,0.116168,1.440343,0.549896,-0.181060,-0.010650,-0.784045,-1.741562,0.031414,0.045814,0.262229,0.005670,0.180640,0.040573,0.084000,-0.267400,0.344201,-0.009184,-0.060960,-0.031008,3.0000,2.0000,2.0000,0.0000,4.0000,26.5716,30.2350,43.6993,-26.7198,16.1545,0.775615,0.924269,0.772861
1786594598837964348,2026-08-13T11:16:38.837985,ground_truth,0.051678,0.654000,0.104161,True,,,,,,,,,-0.001467,0.934362,0.395879,-0.001467,0.934362,0.395879,-0.001467,0.934362,0.395879,0.005517,0.094431,-0.025861,0.098063,0.006556,0.113080,-0.030196,0.117226,1.440709,0.550477,-0.177900,-0.010596,-0.786212,-1.742025,0.030976,0.050609,0.263976,0.005228,0.178021,0.037523,0.082740,-0.272440,0.339055,-0.010592,-0.065568,-0.031840,3.0000,2.0000,2.0000,0.0000,4.0000,26.0343,30.1016,43.7885,-26.7299,15.5649,0.775615,0.924269,0.772861
1786594598871655684,2026-08-13T11:16:38.871680,ground_truth,0.051678,0.654000,0.106766,True,,,,,,,,,-0.001467,0.934362,0.395879,-0.001237,0.938251,0.394876,-0.001237,0.938251,0.394876,0.008314,0.140203,-0.036190,0.145037,0.006556,0.113080,-0.030196,0.117226,1.442055,0.553319,-0.165253,-0.010391,-0.795040,-1.743685,0.026174,0.068498,0.263976,0.002609,0.183259,0.032284,0.091140,-0.264740,0.331502,-0.008864,-0.066304,-0.032224,2.0000,2.0000,1.0000,0.0000,3.0000,24.2872,29.2269,45.5629,-24.4627,13.5483,0.775615,0.924269,0.772861
1786594598904911205,2026-08-13T11:16:38.904938,ground_truth,0.051590,0.662000,0.106900,True,,,,,,,,,-0.001017,0.941962,0.394038,-0.001017,0.941962,0.394038,-0.001017,0.941962,0.394038,0.006472,0.109340,-0.024673,0.112276,0.006756,0.114025,-0.027625,0.117518,1.442369,0.554208,-0.162100,-0.010348,-0.797260,-1.744052,0.026174,0.076790,0.262229,0.005228,0.183259,0.029234,0.081200,-0.274260,0.332166,-0.007744,-0.067008,-0.032960,2.0000,2.0000,1.0000,0.0000,3.0000,24.0891,29.3008,45.0433,-24.2733,14.4835,0.775615,0.924269,0.772861
1786594598937918469,2026-08-13T11:16:38.937937,ground_truth,0.051590,0.662000,0.106900,True,,,,,,,,,-0.001017,0.941962,0.394038,-0.000802,0.945638,0.393202,-0.000802,0.945638,0.393202,0.006500,0.111348,-0.025321,0.114376,0.006756,0.114025,-0.027625,0.117518,1.442369,0.554208,-0.162100,-0.010348,-0.797260,-1.744052,0.026174,0.076790,0.262229,0.005228,0.183259,0.029234,0.081200,-0.274260,0.332166,-0.007744,-0.067008,-0.032960,2.0000,2.0000,2.0000,0.0000,3.0000,24.6553,29.4593,43.7981,-26.5342,15.2661,0.775615,0.924269,0.772861
1786594598971859901,2026-08-13T11:16:38.971886,ground_truth,0.048816,0.682000,0.107234,True,,,,,,,,,-0.000599,0.949039,0.392359,-0.000599,0.949039,0.392359,-0.000599,0.949039,0.392359,0.006067,0.101362,-0.025124,0.104605,0.006283,0.106325,-0.025224,0.109457,1.442369,0.554208,-0.162100,-0.010348,-0.797260,-1.744052,0.026174,0.076790,0.262229,0.005228,0.183259,0.029234,0.081200,-0.274260,0.332166,-0.007744,-0.067008,-0.032960,2.0000,2.0000,2.0000,0.0000,3.0000,24.9789,29.6698,43.5376,-27.1393,15.5522,0.775615,0.924269,0.772861
1786594599004922553,2026-08-13T11:16:39.004940,ground_truth,0.048928,0.670000,0.107034,True,,,,,,,,,-0.000599,0.949039,0.392359,-0.000203,0.952173,0.391721,-0.000203,0.952173,0.391721,0.011669,0.092316,-0.018792,0.094929,0.006283,0.106325,-0.025224,0.109457,1.442552,0.554822,-0.159996,-0.010327,-0.798726,-1.744267,0.023122,0.078534,0.261798,0.002609,0.183259,0.027045,0.072800,-0.246960,0.318803,-0.006240,-0.065792,-0.033952,3.0000,2.0000,2.0000,0.0000,4.0000,26.1145,30.1382,42.0484,-29.6794,16.8916,0.775615,0.924269,0.772861
1786594599043577547,2026-08-13T11:16:39.043590,ground_truth,0.048816,0.682000,0.104675,True,,,,,,,,,-0.000004,0.955200,0.391235,-0.000004,0.955200,0.391235,-0.000004,0.955200,0.391235,0.006081,0.092646,-0.014899,0.094033,0.008973,0.092931,-0.016966,0.094892,1.442362,0.570960,-0.121430,-0.010089,-0.821891,-1.744526,0.032720,0.130895,0.243470,0.000000,0.113000,0.032284,-0.153020,-0.263480,0.340134,-0.015360,-0.050880,0.029440,3.0000,3.0000,2.0000,0.0000,4.0000,26.8281,30.4932,40.5775,-31.6563,17.9141,0.775615,0.924269,0.772861
1786594599070394329,2026-08-13T11:16:39.070410,ground_truth,0.048779,0.686000,0.104749,True,,,,,,,,,-0.000004,0.955200,0.391235,0.000205,0.958632,0.390770,0.000205,0.958632,0.390770,0.005401,0.088665,-0.011998,0.089636,0.008973,0.092931,-0.016966,0.094892,1.441657,0.573665,-0.116590,-0.010089,-0.823972,-1.743782,0.035778,0.138748,0.241292,0.000000,0.099482,0.037954,-0.126980,-0.271180,0.326522,-0.023840,-0.056672,0.032896,3.0000,3.0000,2.0000,0.0000,4.0000,26.9303,30.5366,40.8018,-31.7254,17.8415,0.775615,0.924269,0.772861
1786594599111369754,2026-08-13T11:16:39.111391,ground_truth,0.046116,0.701000,0.105024,True,,,,,,,,,0.000411,0.961932,0.390479,0.000411,0.961932,0.390479,0.000411,0.961932,0.390479,0.007659,0.122866,-0.010839,0.123581,0.006215,0.100864,-0.011320,0.101687,1.439533,0.580695,-0.105066,-0.010100,-0.828445,-1.741411,0.055849,0.151841,0.239544,0.000000,0.086386,0.056721,-0.195580,-0.277760,0.344035,-0.054048,-0.049664,0.037184,3.0000,2.0000,2.0000,0.0000,4.0000,26.8390,30.5856,42.4270,-29.3064,16.7099,0.775615,0.924269,0.772861
1786594599145806785,2026-08-13T11:16:39.145823,ground_truth,0.046208,0.689000,0.107351,True,,,,,,,,,0.000411,0.961932,0.390479,0.000803,0.965632,0.390395,0.000803,0.965632,0.390395,0.009450,0.089190,-0.002020,0.089712,0.006215,0.100864,-0.011320,0.101687,1.437423,0.586327,-0.096337,-0.010154,-0.831485,-1.739190,0.060645,0.158388,0.243470,0.002609,0.083335,0.064568,-0.183820,-0.261520,0.357979,-0.079584,-0.050816,0.036352,3.0000,2.0000,2.0000,0.0000,4.0000,27.0275,30.7646,42.2632,-28.8593,16.6653,0.775615,0.924269,0.772861
1786594599174263911,2026-08-13T11:16:39.174306,ground_truth,0.046147,0.697000,0.107485,True,,,,,,,,,0.001180,0.969145,0.390453,0.001180,0.969145,0.390453,0.001180,0.969145,0.390453,0.010969,0.102199,0.001686,0.102800,0.011487,0.107736,-0.000386,0.108347,1.435803,0.590234,-0.090404,-0.010219,-0.833447,-1.737552,0.070243,0.164928,0.249143,0.002609,0.080716,0.070249,-0.148120,-0.279580,0.351837,-0.095680,-0.053280,0.037568,3.0000,2.0000,2.0000,0.0000,4.0000,26.7853,30.8337,42.1742,-29.2005,16.4436,0.775615,0.924269,0.772861
1786594599207860837,2026-08-13T11:16:39.207875,ground_truth,0.046232,0.686000,0.107301,True,,,,,,,,,0.001180,0.969145,0.390453,0.001555,0.973048,0.390685,0.001555,0.973048,0.390685,0.013368,0.139271,0.008259,0.140155,0.011487,0.107736,-0.000386,0.108347,1.435228,0.591567,-0.088403,-0.010273,-0.834104,-1.736980,0.071994,0.168424,0.250890,0.007847,0.080716,0.072857,-0.164920,-0.288820,0.343869,-0.093952,-0.051328,0.036352,3.0000,2.0000,2.0000,0.0000,4.0000,25.6292,30.2617,43.6025,-27.7385,15.4593,0.775615,0.924269,0.772861
1786594599237861084,2026-08-13T11:16:39.237886,ground_truth,0.046116,0.701000,0.107552,True,,,,,,,,,0.001926,0.976335,0.390909,0.001926,0.976335,0.390909,0.001926,0.976335,0.390909,0.011133,0.098408,0.006708,0.099262,0.011145,0.107343,0.006800,0.108134,1.435228,0.591567,-0.088403,-0.010273,-0.834104,-1.736980,0.071994,0.168424,0.250890,0.007847,0.080716,0.072857,-0.164920,-0.288820,0.343869,-0.093952,-0.051328,0.036352,3.0000,2.0000,1.0000,0.0000,3.0000,25.5779,30.4311,43.2679,-27.6301,14.8180,0.775615,0.924269,0.772861
1786594599273672669,2026-08-13T11:16:39.273696,ground_truth,0.046208,0.689000,0.107351,True,,,,,,,,,0.001926,0.976335,0.390909,0.002297,0.979712,0.391135,0.002297,0.979712,0.391135,0.012384,0.112802,0.007551,0.113730,0.011145,0.107343,0.006800,0.108134,1.435228,0.591567,-0.088403,-0.010273,-0.834104,-1.736980,0.071994,0.168424,0.250890,0.007847,0.080716,0.072857,-0.164920,-0.288820,0.343869,-0.093952,-0.051328,0.036352,3.0000,2.0000,1.0000,0.0000,3.0000,25.1336,30.3318,43.6435,-26.3224,14.1097,0.775615,0.924269,0.772861
1786594599305124002,2026-08-13T11:16:39.305140,ground_truth,0.046147,0.697000,0.110020,True,,,,,,,,,0.002665,0.982468,0.391352,0.002665,0.982468,0.391352,0.002665,0.982468,0.391352,0.010187,0.076367,0.006031,0.077279,0.011059,0.091864,0.006646,0.092766,1.435228,0.591567,-0.088403,-0.010273,-0.834104,-1.736980,0.071994,0.168424,0.250890,0.007847,0.080716,0.072857,-0.164920,-0.288820,0.343869,-0.093952,-0.051328,0.036352,3.0000,2.0000,2.0000,0.0000,4.0000,26.8045,31.6283,40.1312,-29.4055,15.9692,0.775615,0.924269,0.772861
1786594599348876311,2026-08-13T11:16:39.348898,ground_truth,0.046116,0.701000,0.110080,True,,,,,,,,,0.002665,0.982468,0.391352,0.003036,0.985525,0.391748,0.003036,0.985525,0.391748,0.011913,0.098016,0.012677,0.099548,0.011059,0.091864,0.006646,0.092766,1.434097,0.594253,-0.084366,-0.010413,-0.835430,-1.735805,0.070243,0.169730,0.252630,0.008289,0.083766,0.075477,-0.163660,-0.287560,0.363540,-0.091008,-0.046880,0.037408,3.0000,2.0000,2.0000,0.0000,4.0000,26.8011,31.5977,40.0898,-28.8492,15.8741,0.775615,0.924269,0.772861
1786594599379157375,2026-08-13T11:16:39.379180,ground_truth,0.046147,0.697000,0.110020,True,,,,,,,,,0.003407,0.988644,0.392142,0.003407,0.988644,0.392142,0.003407,0.988644,0.392142,0.008488,0.071382,0.009033,0.072450,0.011208,0.093232,0.011927,0.094657,1.421154,0.622367,-0.041131,-0.011491,-0.849863,-1.722051,0.086388,0.189364,0.306736,0.007847,0.118238,0.096863,-0.173600,-0.290360,0.378314,-0.097344,-0.058048,0.037792,3.0000,2.0000,1.0000,0.0000,3.0000,25.1733,30.3821,43.7247,-24.1408,13.2186,0.775615,0.924269,0.772861
1786594599412167216,2026-08-13T11:16:39.412185,ground_truth,0.043545,0.709000,0.107686,True,,,,,,,,,0.003407,0.988644,0.392142,0.003776,0.991561,0.392359,0.003776,0.991561,0.392359,0.012011,0.095020,0.007065,0.096036,0.011208,0.093232,0.011927,0.094657,1.421154,0.622367,-0.041131,-0.011491,-0.849863,-1.722051,0.086388,0.189364,0.306736,0.007847,0.118238,0.096863,-0.173600,-0.290360,0.378314,-0.097344,-0.058048,0.037792,3.0000,2.0000,2.0000,0.0000,4.0000,27.0326,31.4663,40.2693,-29.6600,16.6101,0.775615,0.924269,0.772861
1786594599438635976,2026-08-13T11:16:39.438655,ground_truth,0.043527,0.712000,0.107736,True,,,,,,,,,0.004312,0.994651,0.392412,0.004312,0.994651,0.392412,0.004312,0.994651,0.392412,0.016329,0.094081,0.001595,0.095501,0.013557,0.089982,0.004034,0.091087,1.421154,0.622367,-0.041131,-0.011491,-0.849863,-1.722051,0.086388,0.189364,0.306736,0.007847,0.118238,0.096863,-0.173600,-0.290360,0.378314,-0.097344,-0.058048,0.037792,3.0000,2.0000,2.0000,0.0000,4.0000,26.7202,31.0301,41.9705,-27.9836,15.7404,0.775615,0.924269,0.772861
1786594599473258854,2026-08-13T11:16:39.473282,ground_truth,0.043455,0.724000,0.110426,True,,,,,,,,,0.004312,0.994651,0.392412,0.004850,0.997775,0.392467,0.004850,0.997775,0.392467,0.020193,0.117380,0.002094,0.119123,0.013557,0.089982,0.004034,0.091087,1.420076,0.624653,-0.037406,-0.011566,-0.851297,-1.720930,0.091628,0.189802,0.311977,0.005228,0.121300,0.091624,-0.145880,-0.289100,0.363540,-0.095520,-0.061120,0.038624,3.0000,2.0000,2.0000,0.0000,4.0000,26.7202,31.0301,41.9705,-27.9836,15.7404,0.775615,0.924269,0.772861
1786594599507616798,2026-08-13T11:16:39.507636,ground_truth,0.043527,0.712000,0.110246,True,,,,,,,,,0.005207,1.001067,0.392680,0.005207,1.001067,0.392680,0.005207,1.001067,0.392680,0.010267,0.094542,0.006112,0.095294,0.013509,0.096847,0.004053,0.097869,1.407309,0.654329,0.015279,-0.012310,-0.875421,-1.707962,0.076790,0.219033,0.405347,0.003051,0.207685,0.075477,-0.150640,-0.295960,0.404791,-0.099296,-0.069568,0.037248,3.0000,2.0000,1.0000,0.0000,3.0000,26.5130,30.9215,42.6491,-27.6678,14.5872,0.775615,0.924269,0.772861
1786594599537398261,2026-08-13T11:16:39.537415,ground_truth,0.043593,0.701000,0.110080,True,,,,,,,,,0.005207,1.001067,0.392680,0.005567,1.003965,0.392894,0.005567,1.003965,0.392894,0.010546,0.084887,0.006271,0.085769,0.013509,0.096847,0.004053,0.097869,1.405781,0.658765,0.023488,-0.012375,-0.879690,-1.706496,0.073738,0.223835,0.414515,0.003051,0.218594,0.072857,-0.145600,-0.307440,0.410933,-0.100864,-0.069024,0.037024,3.0000,2.0000,2.0000,0.0000,4.0000,27.3790,31.4707,41.2237,-29.3316,15.8890,0.775615,0.924269,0.772861
1786594599573833925,2026-08-13T11:16:39.573852,ground_truth,0.043479,0.720000,0.110366,True,,,,,,,,,0.005916,1.006145,0.393255,0.005916,1.006145,0.393255,0.005916,1.006145,0.393255,0.011748,0.073542,0.012156,0.075460,0.010528,0.075481,0.008538,0.076689,1.404938,0.661470,0.028521,-0.012396,-0.882374,-1.705656,0.068498,0.225142,0.420188,0.002609,0.223833,0.070249,-0.129780,-0.310520,0.415249,-0.101632,-0.072256,0.037696,3.0000,2.0000,1.0000,0.0000,3.0000,27.4305,31.4266,43.8021,-25.0006,13.4223,0.775615,0.924269,0.772861
1786594599612844594,2026-08-13T11:16:39.612868,ground_truth,0.040939,0.731000,0.110532,True,,,,,,,,,0.005916,1.006145,0.393255,0.006269,1.008181,0.393629,0.006269,1.008181,0.393629,0.009726,0.056038,0.010308,0.057803,0.010528,0.075481,0.008538,0.076689,1.404938,0.661470,0.028521,-0.012396,-0.882374,-1.705656,0.068498,0.225142,0.420188,0.002609,0.223833,0.070249,-0.129780,-0.310520,0.415249,-0.101632,-0.072256,0.037696,3.0000,2.0000,1.0000,0.0000,3.0000,27.8833,31.8082,44.1698,-23.2534,13.4859,0.775615,0.924269,0.772861
1786594599640673918,2026-08-13T11:16:39.640698,ground_truth,0.038496,0.720000,0.107870,True,,,,,,,,,0.006614,1.010401,0.393996,0.006614,1.010401,0.393996,0.006614,1.010401,0.393996,0.008781,0.056495,0.009341,0.057931,0.010490,0.063926,0.011138,0.065731,1.404938,0.661470,0.028521,-0.012396,-0.882374,-1.705656,0.068498,0.225142,0.420188,0.002609,0.223833,0.070249,-0.129780,-0.310520,0.415249,-0.101632,-0.072256,0.037696,3.0000,2.0000,1.0000,0.0000,3.0000,27.7929,32.3390,42.7454,-20.9193,12.6141,0.775615,0.924269,0.772861
1786594599675121062,2026-08-13T11:16:39.675138,ground_truth,0.038427,0.745000,0.105833,True,,,,,,,,,0.006614,1.010401,0.393996,0.007128,1.012499,0.394031,0.007128,1.012499,0.394031,0.018469,0.075339,0.001241,0.077579,0.010490,0.063926,0.011138,0.065731,1.403886,0.665090,0.035332,-0.012439,-0.886050,-1.704556,0.061958,0.228638,0.427601,0.002609,0.232122,0.067629,-0.134820,-0.277760,0.401637,-0.098560,-0.075200,0.034784,3.0000,2.0000,1.0000,0.0000,3.0000,28.5499,32.7869,41.9668,-22.0249,13.8588,0.775615,0.924269,0.772861
1786594599707813783,2026-08-13T11:16:39.707831,ground_truth,0.035992,0.731000,0.105576,True,,,,,,,,,0.007643,1.014732,0.393921,0.007643,1.014732,0.393921,0.007643,1.014732,0.393921,0.015038,0.065243,-0.003219,0.067031,0.015500,0.065241,-0.001139,0.067067,1.397117,0.702358,0.101378,-0.012579,-0.923443,-1.697981,0.022685,0.258307,0.424114,0.000000,0.247827,0.018756,-0.125160,-0.283640,0.383792,-0.088384,-0.073920,0.031904,3.0000,2.0000,1.0000,0.0000,3.0000,29.3588,33.0265,42.7373,-21.5269,13.6299,0.775615,0.924269,0.772861
1786594599738650051,2026-08-13T11:16:39.738662,ground_truth,0.035988,0.735000,0.103178,True,,,,,,,,,0.007643,1.014732,0.393921,0.008325,1.017418,0.393806,0.008325,1.017418,0.393806,0.020798,0.081857,-0.003505,0.084531,0.015500,0.065241,-0.001139,0.067067,1.396562,0.709571,0.112969,-0.012579,-0.930277,-1.697528,0.016576,0.256562,0.407095,0.000000,0.239980,0.013517,-0.119000,-0.316400,0.386863,-0.084928,-0.075200,0.030560,3.0000,2.0000,2.0000,0.0000,4.0000,31.1914,33.6070,41.2186,-25.3709,15.8991,0.775615,0.924269,0.772861
1786594599771529630,2026-08-13T11:16:39.771547,ground_truth,0.035980,0.742000,0.103318,True,,,,,,,,,0.007643,1.014732,0.393921,0.009001,1.019982,0.393514,0.009001,1.019982,0.393514,0.022158,0.084139,-0.009570,0.087532,0.015500,0.065241,-0.001139,0.067067,1.396209,0.715647,0.122560,-0.012579,-0.935850,-1.697269,0.013087,0.250016,0.394001,0.000000,0.226452,0.008289,-0.110880,-0.353080,0.375907,-0.081312,-0.069472,0.031616,3.0000,2.0000,2.0000,0.0000,4.0000,30.9621,32.7930,40.9392,-27.7432,17.1084,0.775615,0.924269,0.772861
1786594599814298466,2026-08-13T11:16:39.814311,ground_truth,0.033529,0.749000,0.103458,True,,,,,,,,,0.007643,1.014732,0.393921,0.009682,1.022948,0.393245,0.009682,1.022948,0.393245,0.020691,0.090008,-0.008160,0.092716,0.015500,0.065241,-0.001139,0.067067,1.396209,0.715647,0.122560,-0.012579,-0.935850,-1.697269,0.013087,0.250016,0.394001,0.000000,0.226452,0.008289,-0.110880,-0.353080,0.375907,-0.081312,-0.069472,0.031616,3.0000,2.0000,2.0000,0.0000,4.0000,31.0489,32.5783,41.9560,-27.3628,17.2544,0.775615,0.924269,0.772861
1786594599847506340,2026-08-13T11:16:39.847536,ground_truth,0.033525,0.742000,0.100858,True,,,,,,,,,0.010524,1.025942,0.392808,0.010524,1.025942,0.392808,0.010524,1.025942,0.392808,0.019562,0.069608,-0.010173,0.073017,0.021584,0.083985,-0.008339,0.087114,1.396209,0.715647,0.122560,-0.012579,-0.935850,-1.697269,0.013087,0.250016,0.394001,0.000000,0.226452,0.008289,-0.110880,-0.353080,0.375907,-0.081312,-0.069472,0.031616,3.0000,2.0000,1.0000,0.0000,3.0000,27.7767,31.7510,41.8892,-22.6391,13.7392,0.775615,0.924269,0.772861
1786594599881956004,2026-08-13T11:16:39.881974,ground_truth,0.033535,0.760000,0.101248,True,,,,,,,,,0.010524,1.025942,0.392808,0.011363,1.028940,0.392193,0.011363,1.028940,0.392193,0.025181,0.089956,-0.018443,0.095217,0.021584,0.083985,-0.008339,0.087114,1.396209,0.715647,0.122560,-0.012579,-0.935850,-1.697269,0.013087,0.250016,0.394001,0.000000,0.226452,0.008289,-0.110880,-0.353080,0.375907,-0.081312,-0.069472,0.031616,3.0000,2.0000,1.0000,0.0000,3.0000,27.0366,31.3185,41.1962,-23.6888,13.9914,0.775615,0.924269,0.772861
1786594599915770956,2026-08-13T11:16:39.915797,ground_truth,0.033535,0.760000,0.098818,True,,,,,,,,,0.012204,1.032313,0.391608,0.012204,1.032313,0.391608,0.012204,1.032313,0.391608,0.024571,0.098576,-0.017089,0.103019,0.025253,0.095768,-0.018029,0.100669,1.396209,0.715647,0.122560,-0.012579,-0.935850,-1.697269,0.013087,0.250016,0.394001,0.000000,0.226452,0.008289,-0.110880,-0.353080,0.375907,-0.081312,-0.069472,0.031616,3.0000,2.0000,1.0000,0.0000,3.0000,27.3519,31.4150,40.7167,-24.4574,14.1404,0.775615,0.924269,0.772861
1786594599948857296,2026-08-13T11:16:39.948872,ground_truth,0.033537,0.763000,0.096463,True,,,,,,,,,0.012204,1.032313,0.391608,0.012871,1.036135,0.391017,0.012871,1.036135,0.391017,0.019621,0.112357,-0.017383,0.115374,0.025253,0.095768,-0.018029,0.100669,1.396078,0.718613,0.127222,-0.012579,-0.938480,-1.697172,0.010029,0.246958,0.386589,0.000000,0.215543,0.007847,-0.102900,-0.364140,0.377567,-0.079104,-0.069856,0.031392,3.0000,2.0000,1.0000,0.0000,3.0000,28.5688,31.8343,40.9070,-25.5996,14.7750,0.775615,0.924269,0.772861
1786594599978435325,2026-08-13T11:16:39.978454,ground_truth,0.033537,0.763000,0.094037,True,,,,,,,,,0.013537,1.039619,0.390265,0.013537,1.039619,0.390265,0.013537,1.039619,0.390265,0.020021,0.104744,-0.022593,0.109008,0.019937,0.109239,-0.020078,0.112844,1.396222,0.756116,0.198495,-0.012418,-0.968512,-1.698013,0.010029,0.133952,0.328989,0.003051,0.094244,0.010467,0.055720,-0.423360,0.381717,-0.010080,-0.049536,-0.026048,3.0000,2.0000,1.0000,0.0000,3.0000,28.5608,31.9764,41.4146,-23.9767,14.4616,0.775615,0.924269,0.772861
1786594600006109573,2026-08-13T11:16:40.006125,ground_truth,0.033539,0.767000,0.094144,True,,,,,,,,,0.013537,1.039619,0.390265,0.014198,1.043036,0.389173,0.014198,1.043036,0.389173,0.022454,0.116038,-0.037105,0.123878,0.019937,0.109239,-0.020078,0.112844,1.396509,0.760259,0.208837,-0.012235,-0.971303,-1.698304,0.009598,0.126099,0.318081,0.003051,0.085954,0.010898,0.053200,-0.425600,0.387029,-0.020544,-0.048160,-0.026720,3.0000,2.0000,1.0000,0.0000,3.0000,26.5163,31.4528,41.0956,-21.3849,13.7673,0.775615,0.924269,0.772861
1786594600045019659,2026-08-13T11:16:40.045037,ground_truth,0.033541,0.770000,0.094224,True,,,,,,,,,0.014864,1.046439,0.388099,0.014864,1.046439,0.388099,0.014864,1.046439,0.388099,0.023913,0.122228,-0.038551,0.130375,0.019840,0.101966,-0.032384,0.108809,1.396856,0.764205,0.218897,-0.012116,-0.974095,-1.698649,0.011342,0.122603,0.311977,0.003051,0.091624,0.013517,0.038080,-0.366100,0.375160,-0.020320,-0.054720,-0.029792,3.0000,2.0000,1.0000,0.0000,3.0000,26.4986,31.0222,41.1547,-20.7404,14.7722,0.775615,0.924269,0.772861
1786594600077115231,2026-08-13T11:16:40.077135,ground_truth,0.033539,0.767000,0.094144,True,,,,,,,,,0.014864,1.046439,0.388099,0.015534,1.050053,0.387042,0.015534,1.050053,0.387042,0.017267,0.093115,-0.027235,0.098541,0.019840,0.101966,-0.032384,0.108809,1.397176,0.767701,0.227485,-0.012062,-0.976844,-1.699005,0.009598,0.127406,0.303248,0.002609,0.102533,0.013517,0.038080,-0.365120,0.362959,-0.015808,-0.052928,-0.029440,3.0000,2.0000,1.0000,0.0000,3.0000,25.9591,30.6871,41.3345,-20.1049,13.9422,0.775615,0.924269,0.772861
1786594600104478387,2026-08-13T11:16:40.104497,ground_truth,0.033539,0.767000,0.094144,True,,,,,,,,,0.016197,1.053709,0.385961,0.016197,1.053709,0.385961,0.016197,1.053709,0.385961,0.020587,0.113588,-0.033599,0.120229,0.020098,0.109628,-0.032248,0.116027,1.397555,0.772411,0.238117,-0.012008,-0.980595,-1.699479,0.007853,0.133952,0.287977,0.002609,0.107772,0.010467,0.064680,-0.378420,0.362627,-0.014656,-0.052320,-0.030848,3.0000,2.0000,1.0000,0.0000,3.0000,26.6917,30.8722,43.6636,-19.1583,13.8586,0.775615,0.924269,0.772861
1786594600139326770,2026-08-13T11:16:40.139347,ground_truth,0.033543,0.774000,0.094330,True,,,,,,,,,0.016197,1.053709,0.385961,0.016690,1.056947,0.384868,0.016690,1.056947,0.384868,0.018248,0.119772,-0.040413,0.127717,0.020098,0.109628,-0.032248,0.116027,1.397921,0.777423,0.248214,-0.011933,-0.984497,-1.699953,0.011342,0.140492,0.275322,0.003051,0.116061,0.013517,0.072520,-0.400400,0.372753,-0.018368,-0.056448,-0.031680,3.0000,2.0000,1.0000,0.0000,3.0000,26.6835,30.4381,44.1870,-20.6631,13.5242,0.775615,0.924269,0.772861
1786594600171577600,2026-08-13T11:16:40.171597,ground_truth,0.033543,0.774000,0.094330,True,,,,,,,,,0.017020,1.060101,0.383966,0.017020,1.060101,0.383966,0.017020,1.060101,0.383966,0.009441,0.090193,-0.025810,0.094287,0.012331,0.095719,-0.029876,0.101029,1.398215,0.781402,0.255924,-0.011890,-0.987817,-1.700341,0.010029,0.143988,0.274883,0.002609,0.121300,0.016137,0.077140,-0.403620,0.382796,-0.019712,-0.056000,-0.031392,3.0000,2.0000,1.0000,0.0000,3.0000,26.2166,29.9619,45.7642,-20.3198,13.4965,0.775615,0.924269,0.772861
1786594600204217705,2026-08-13T11:16:40.204240,ground_truth,0.033543,0.774000,0.091923,True,,,,,,,,,0.017020,1.060101,0.383966,0.017346,1.063025,0.383199,0.017346,1.063025,0.383199,0.010020,0.089985,-0.023598,0.093566,0.012331,0.095719,-0.029876,0.101029,1.398685,0.787785,0.267991,-0.011836,-0.993282,-1.700945,0.011342,0.145295,0.274883,0.002609,0.129147,0.013517,0.072520,-0.401100,0.377899,-0.018816,-0.062016,-0.032224,3.0000,2.0000,1.0000,0.0000,3.0000,26.2166,29.9619,45.7642,-20.3198,13.4965,0.775615,0.924269,0.772861
1786594600238092585,2026-08-13T11:16:40.238110,ground_truth,0.031141,0.774000,0.091923,True,,,,,,,,,0.017509,1.065904,0.382289,0.017509,1.065904,0.382289,0.017509,1.065904,0.382289,0.004976,0.087718,-0.027739,0.092133,0.007352,0.087255,-0.025218,0.091123,1.398907,0.790686,0.273515,-0.011803,-0.995977,-1.701215,0.011342,0.143550,0.278809,0.003051,0.134386,0.013517,0.058800,-0.388080,0.375326,-0.018592,-0.059168,-0.032352,3.0000,2.0000,1.0000,0.0000,3.0000,25.1179,29.2964,45.7175,-22.1155,13.3969,0.775615,0.924269,0.772861
1786594600273839823,2026-08-13T11:16:40.273865,ground_truth,0.031147,0.777000,0.089606,True,,,,,,,,,0.017509,1.065904,0.382289,0.017833,1.068559,0.381538,0.017833,1.068559,0.381538,0.009741,0.080051,-0.022616,0.083753,0.007352,0.087255,-0.025218,0.091123,1.399260,0.795874,0.283620,-0.011749,-1.001054,-1.701700,0.009598,0.143550,0.284482,0.003051,0.145295,0.013517,0.056420,-0.375900,0.382713,-0.018816,-0.065728,-0.030784,2.0000,2.0000,1.0000,0.0000,3.0000,24.2250,28.7916,45.9944,-21.8956,13.3654,0.775615,0.924269,0.772861
1786594600317313282,2026-08-13T11:16:40.317330,ground_truth,0.031163,0.784000,0.089816,True,,,,,,,,,0.018155,1.071170,0.380624,0.018155,1.071170,0.380624,0.018155,1.071170,0.380624,0.008852,0.071737,-0.025114,0.076519,0.009535,0.077814,-0.024591,0.082163,1.399744,0.802851,0.297427,-0.011663,-1.008082,-1.702249,0.010029,0.143988,0.289724,0.002609,0.145295,0.010898,0.061320,-0.439880,0.391013,-0.020992,-0.059552,-0.031520,3.0000,2.0000,1.0000,0.0000,3.0000,25.5820,28.9519,47.3280,-24.0365,14.4232,0.775615,0.924269,0.772861
1786594600369867040,2026-08-13T11:16:40.369887,ground_truth,0.028777,0.784000,0.087425,True,,,,,,,,,0.018312,1.073559,0.379715,0.018312,1.073559,0.379715,0.018312,1.073559,0.379715,0.003673,0.055623,-0.021177,0.059632,0.002399,0.036332,-0.013832,0.038950,1.400194,0.810744,0.313888,-0.011566,-1.016523,-1.702767,0.006540,0.137441,0.295397,0.003051,0.161442,0.010898,0.052640,-0.441980,0.389104,-0.021152,-0.061280,-0.034176,3.0000,2.0000,1.0000,0.0000,3.0000,25.7017,28.9419,47.8916,-24.7864,14.5268,0.775615,0.924269,0.772861
1786594600400668719,2026-08-13T11:16:40.400692,ground_truth,0.028816,0.794000,0.087741,True,,,,,,,,,0.018312,1.073559,0.379715,0.018629,1.076277,0.378819,0.018629,1.076277,0.378819,0.005994,0.051461,-0.016957,0.054513,0.002399,0.036332,-0.013832,0.038950,1.400364,0.813978,0.321011,-0.011534,-1.020468,-1.703025,0.008285,0.133952,0.297137,0.000000,0.167112,0.010467,0.060340,-0.420000,0.392424,-0.020544,-0.063232,-0.032800,3.0000,2.0000,1.0000,0.0000,3.0000,25.7017,28.9419,47.8916,-24.7864,14.5268,0.775615,0.924269,0.772861
1786594600437506055,2026-08-13T11:16:40.437524,ground_truth,0.028804,0.791000,0.085267,True,,,,,,,,,0.018944,1.078687,0.377919,0.018944,1.078687,0.377919,0.018944,1.078687,0.377919,0.010093,0.077311,-0.028884,0.083145,0.009389,0.076278,-0.026715,0.081364,1.400632,0.818232,0.330513,-0.011491,-1.025944,-1.703381,0.008285,0.132639,0.295828,0.000000,0.167112,0.010898,0.056980,-0.418460,0.383460,-0.021056,-0.063520,-0.035136,2.0000,2.0000,1.0000,0.0000,3.0000,24.5252,27.8313,48.5299,-25.1713,13.2598,0.775615,0.924269,0.772861
1786594600472160027,2026-08-13T11:16:40.472178,ground_truth,0.028843,0.801000,0.085600,True,,,,,,,,,0.018944,1.078687,0.377919,0.019259,1.080823,0.377015,0.019259,1.080823,0.377015,0.008693,0.058851,-0.024897,0.064490,0.009389,0.076278,-0.026715,0.081364,1.400835,0.822942,0.341227,-0.011426,-1.031894,-1.703661,0.005233,0.129150,0.297137,0.002609,0.161442,0.008289,0.053900,-0.413420,0.380555,-0.020768,-0.061728,-0.032736,2.0000,2.0000,1.0000,0.0000,3.0000,23.4037,27.3825,47.2512,-27.1177,14.2031,0.775615,0.924269,0.772861
1786594600502359546,2026-08-13T11:16:40.502375,ground_truth,0.028804,0.791000,0.082888,True,,,,,,,,,0.019572,1.083063,0.376291,0.019572,1.083063,0.376291,0.019572,1.083063,0.376291,0.009044,0.064746,-0.020929,0.068643,0.009430,0.065667,-0.024425,0.070694,1.401050,0.828666,0.354209,-0.011361,-1.039084,-1.703920,0.004796,0.127406,0.291902,0.000000,0.167112,0.008289,0.060760,-0.447580,0.387029,-0.019104,-0.060288,-0.034016,2.0000,2.0000,1.0000,0.0000,3.0000,22.6140,26.7510,47.6180,-26.3043,12.7090,0.775615,0.924269,0.772861
1786594600532519495,2026-08-13T11:16:40.532542,ground_truth,0.028843,0.801000,0.080875,True,,,,,,,,,0.019572,1.083063,0.376291,0.019888,1.085005,0.375548,0.019888,1.085005,0.375548,0.010470,0.064419,-0.024663,0.069769,0.009430,0.065667,-0.024425,0.070694,1.401122,0.830711,0.358885,-0.011329,-1.041779,-1.704028,0.004796,0.127406,0.291902,0.002609,0.169731,0.008289,0.062860,-0.450660,0.377733,-0.019104,-0.059104,-0.033632,2.0000,2.0000,1.0000,0.0000,3.0000,22.4838,26.4671,47.5832,-26.6413,13.0054,0.775615,0.924269,0.772861
1786594600564478690,2026-08-13T11:16:40.564501,ground_truth,0.028881,0.811000,0.078894,True,,,,,,,,,0.020201,1.087419,0.374663,0.020201,1.087419,0.374663,0.020201,1.087419,0.374663,0.010167,0.078413,-0.028723,0.084125,0.009470,0.065627,-0.024524,0.070697,1.401233,0.833710,0.365822,-0.011275,-1.045832,-1.704222,0.004796,0.123917,0.287977,0.002609,0.169731,0.010898,0.051660,-0.426440,0.385867,-0.021152,-0.060896,-0.031680,2.0000,2.0000,1.0000,0.0000,3.0000,22.1923,26.2239,48.0450,-26.1280,12.7268,0.775615,0.924269,0.772861
1786594600595107985,2026-08-13T11:16:40.595128,ground_truth,0.026485,0.801000,0.076150,True,,,,,,,,,0.020201,1.087419,0.374663,0.020511,1.089716,0.373641,0.020511,1.089716,0.373641,0.009855,0.072844,-0.032419,0.080339,0.009470,0.065627,-0.024524,0.070697,1.401233,0.833710,0.365822,-0.011275,-1.045832,-1.704222,0.004796,0.123917,0.287977,0.002609,0.169731,0.010898,0.051660,-0.426440,0.385867,-0.021152,-0.060896,-0.031680,2.0000,2.0000,1.0000,0.0000,3.0000,22.7375,26.2246,46.4062,-28.2560,13.7738,0.775615,0.924269,0.772861
1786594600626582764,2026-08-13T11:16:40.626595,ground_truth,0.026501,0.804000,0.076269,True,,,,,,,,,0.020982,1.091988,0.372442,0.020982,1.091988,0.372442,0.020982,1.091988,0.372442,0.015436,0.074586,-0.039371,0.085741,0.011751,0.068745,-0.033427,0.077339,1.401233,0.833710,0.365822,-0.011275,-1.045832,-1.704222,0.004796,0.123917,0.287977,0.002609,0.169731,0.010898,0.051660,-0.426440,0.385867,-0.021152,-0.060896,-0.031680,2.0000,2.0000,1.0000,0.0000,3.0000,21.9374,26.0381,46.8320,-26.3680,12.8359,0.775615,0.924269,0.772861
1786594600660176616,2026-08-13T11:16:40.660197,ground_truth,0.026523,0.808000,0.076429,True,,,,,,,,,0.020982,1.091988,0.372442,0.021451,1.094416,0.371250,0.021451,1.094416,0.371250,0.014822,0.076695,-0.037643,0.086711,0.011751,0.068745,-0.033427,0.077339,1.401233,0.833710,0.365822,-0.011275,-1.045832,-1.704222,0.004796,0.123917,0.287977,0.002609,0.169731,0.010898,0.051660,-0.426440,0.385867,-0.021152,-0.060896,-0.031680,2.0000,2.0000,1.0000,0.0000,3.0000,21.7141,25.4360,47.8934,-26.4238,13.5594,0.775615,0.924269,0.772861
1786594600698700698,2026-08-13T11:16:40.698726,ground_truth,0.026540,0.811000,0.074202,True,,,,,,,,,0.021919,1.096875,0.370057,0.021919,1.096875,0.370057,0.021919,1.096875,0.370057,0.013967,0.073384,-0.035617,0.082758,0.014044,0.073227,-0.035740,0.082685,1.401743,0.850749,0.405050,-0.011113,-1.067595,-1.704836,0.001744,0.117370,0.265723,0.002609,0.140056,0.000000,0.044940,-0.477400,0.377567,-0.019648,-0.059008,-0.030112,2.0000,2.0000,1.0000,0.0000,3.0000,21.1253,25.1407,47.0943,-26.6569,13.0036,0.775615,0.924269,0.772861
1786594600729790537,2026-08-13T11:16:40.729813,ground_truth,0.026595,0.821000,0.072288,True,,,,,,,,,0.021919,1.096875,0.370057,0.022386,1.099180,0.368715,0.022386,1.099180,0.368715,0.012110,0.059790,-0.034805,0.070234,0.014044,0.073227,-0.035740,0.082685,1.401841,0.854428,0.413303,-0.011081,-1.072273,-1.704901,0.003051,0.113006,0.250890,0.002609,0.148345,0.002609,0.051100,-0.486080,0.375160,-0.019200,-0.059552,-0.033504,2.0000,2.0000,1.0000,0.0000,3.0000,21.0297,24.5633,47.5438,-26.8036,12.9654,0.775615,0.924269,0.772861
1786594600776729137,2026-08-13T11:16:40.776752,ground_truth,0.026611,0.824000,0.072418,True,,,,,,,,,0.022849,1.101615,0.367406,0.022849,1.101615,0.367406,0.022849,1.101615,0.367406,0.014781,0.077680,-0.041771,0.089428,0.013894,0.070798,-0.039599,0.082301,1.401939,0.858812,0.423065,-0.011038,-1.078105,-1.705030,0.001307,0.111261,0.241723,0.002609,0.137436,0.002609,0.040180,-0.478240,0.384788,-0.018432,-0.052768,-0.032224,2.0000,2.0000,1.0000,0.0000,3.0000,19.7404,24.0216,48.0206,-25.2951,11.5111,0.775615,0.924269,0.772861
1786594600841449434,2026-08-13T11:16:40.841477,ground_truth,0.026595,0.821000,0.069959,True,,,,,,,,,0.023151,1.104608,0.366105,0.023151,1.104608,0.366105,0.023151,1.104608,0.366105,0.006421,0.063655,-0.027652,0.069698,0.004440,0.044019,-0.019122,0.048198,1.401913,0.868704,0.443824,-0.010995,-1.089315,-1.705052,0.000000,0.147039,0.291902,0.000000,0.158823,0.003051,-0.084840,-0.370720,0.404791,-0.019552,-0.066080,-0.013760,2.0000,2.0000,1.0000,0.0000,3.0000,19.8749,23.8649,48.2983,-26.2585,12.0162,0.775615,0.924269,0.772861
1786594600915342251,2026-08-13T11:16:40.915370,ground_truth,0.026628,0.827000,0.070228,True,,,,,,,,,0.023151,1.104608,0.366105,0.023455,1.107714,0.364796,0.023455,1.107714,0.364796,0.004760,0.048702,-0.020542,0.053071,0.004440,0.044019,-0.019122,0.048198,1.401625,0.879615,0.465036,-0.010963,-1.101399,-1.704987,0.006540,0.191108,0.362588,0.000000,0.210305,0.002609,-0.126420,-0.388360,0.440730,-0.020768,-0.066176,0.020832,2.0000,2.0000,1.0000,0.0000,3.0000,19.8749,23.8649,48.2983,-26.2585,12.0162,0.775615,0.924269,0.772861
1786594600953203112,2026-08-13T11:16:40.953227,ground_truth,0.026644,0.830000,0.068047,True,,,,,,,,,0.023151,1.104608,0.366105,0.023757,1.110841,0.363490,0.023757,1.110841,0.363490,0.004025,0.041641,-0.017386,0.045304,0.004440,0.044019,-0.019122,0.048198,1.401299,0.887743,0.480494,-0.010952,-1.110012,-1.704847,0.008285,0.212493,0.407095,0.000000,0.220782,0.005228,-0.110880,-0.369180,0.437742,-0.020096,-0.064736,0.020096,2.0000,2.0000,1.0000,0.0000,3.0000,18.9624,23.6064,46.5478,-26.1874,11.9127,0.775615,0.924269,0.772861
1786594600988204201,2026-08-13T11:16:40.988226,ground_truth,0.026644,0.830000,0.065733,True,,,,,,,,,0.023899,1.113760,0.362198,0.023899,1.113760,0.362198,0.023899,1.113760,0.362198,0.003788,0.077761,-0.034416,0.085121,0.005683,0.069536,-0.029689,0.075822,1.401050,0.893917,0.492308,-0.010919,-1.116102,-1.704729,0.008285,0.226887,0.432835,0.000000,0.215543,0.005228,-0.123340,-0.398300,0.462725,-0.021984,-0.071968,0.024672,2.0000,2.0000,1.0000,0.0000,3.0000,19.0862,23.5159,46.5689,-26.5854,12.0026,0.775615,0.924269,0.772861
1786594601023239173,2026-08-13T11:16:41.023261,ground_truth,0.026683,0.837000,0.066070,True,,,,,,,,,0.023899,1.113760,0.362198,0.024044,1.116797,0.360731,0.024044,1.116797,0.360731,0.004172,0.087540,-0.042290,0.097309,0.005683,0.069536,-0.029689,0.075822,1.400671,0.904155,0.512279,-0.010887,-1.125750,-1.704513,0.006540,0.235178,0.466434,0.000000,0.223401,0.005228,-0.121800,-0.394940,0.435335,-0.022880,-0.073632,0.023712,2.0000,2.0000,1.0000,0.0000,3.0000,19.1571,23.4908,46.5391,-26.2735,12.1141,0.775615,0.924269,0.772861
1786594601057700804,2026-08-13T11:16:41.057724,ground_truth,0.026644,0.830000,0.063418,True,,,,,,,,,0.024044,1.116797,0.360731,0.024185,1.119485,0.359451,0.024185,1.119485,0.359451,0.004032,0.076623,-0.036490,0.084964,0.002150,0.045104,-0.021790,0.050138,1.400515,0.909826,0.523536,-0.010876,-1.131172,-1.704416,0.006540,0.235178,0.468182,0.000000,0.226452,0.002609,-0.122640,-0.409500,0.426122,-0.021504,-0.065792,0.026048,2.0000,2.0000,1.0000,0.0000,3.0000,19.0111,23.3784,46.0686,-25.6993,12.3371,0.775615,0.924269,0.772861
1786594601094611878,2026-08-13T11:16:41.094629,ground_truth,0.026644,0.830000,0.061104,True,,,,,,,,,0.024332,1.121942,0.357972,0.024332,1.121942,0.357972,0.024332,1.121942,0.357972,0.004232,0.070973,-0.042707,0.082940,0.004335,0.077457,-0.041531,0.087996,1.400430,0.913557,0.530949,-0.010866,-1.134707,-1.704351,0.004796,0.230382,0.461200,0.000000,0.221213,0.002609,-0.121100,-0.434280,0.435750,-0.020704,-0.066688,0.024160,2.0000,2.0000,1.0000,0.0000,3.0000,20.0012,22.6430,48.0915,-26.5599,11.7405,0.775615,0.924269,0.772861
1786594601133260675,2026-08-13T11:16:41.133282,ground_truth,0.026644,0.830000,0.056475,True,,,,,,,,,0.024332,1.121942,0.357972,0.024476,1.124514,0.356520,0.024476,1.124514,0.356520,0.003918,0.069989,-0.039528,0.080475,0.004335,0.077457,-0.041531,0.087996,1.400430,0.913557,0.530949,-0.010866,-1.134707,-1.704351,0.004796,0.230382,0.461200,0.000000,0.221213,0.002609,-0.121100,-0.434280,0.435750,-0.020704,-0.066688,0.024160,2.0000,2.0000,1.0000,0.0000,3.0000,20.5241,23.0057,45.6616,-28.1161,12.9497,0.775615,0.924269,0.772861
1786594601163635566,2026-08-13T11:16:41.163652,ground_truth,0.026644,0.830000,0.054160,True,,,,,,,,,0.024622,1.126575,0.354893,0.024622,1.126575,0.354893,0.024622,1.126575,0.354893,0.003831,0.053876,-0.042523,0.068742,0.004372,0.069718,-0.046338,0.083827,1.400430,0.913557,0.530949,-0.010866,-1.134707,-1.704351,0.004796,0.230382,0.461200,0.000000,0.221213,0.002609,-0.121100,-0.434280,0.435750,-0.020704,-0.066688,0.024160,2.0000,2.0000,1.0000,0.0000,3.0000,20.6352,23.2604,45.3296,-27.7258,13.0732,0.775615,0.924269,0.772861
1786594601194911987,2026-08-13T11:16:41.194932,ground_truth,0.026573,0.817000,0.053427,True,,,,,,,,,0.024622,1.126575,0.354893,0.024771,1.128534,0.353244,0.024771,1.128534,0.353244,0.004841,0.063598,-0.053536,0.083272,0.004372,0.069718,-0.046338,0.083827,1.400430,0.913557,0.530949,-0.010866,-1.134707,-1.704351,0.004796,0.230382,0.461200,0.000000,0.221213,0.002609,-0.121100,-0.434280,0.435750,-0.020704,-0.066688,0.024160,2.0000,2.0000,1.0000,0.0000,3.0000,20.3553,23.2684,45.1237,-27.4333,12.8203,0.775615,0.924269,0.772861
1786594601227623853,2026-08-13T11:16:41.227635,ground_truth,0.026595,0.821000,0.053653,True,,,,,,,,,0.024765,1.130472,0.351729,0.024765,1.130472,0.351729,0.024765,1.130472,0.351729,-0.000188,0.062169,-0.048584,0.078902,0.002149,0.058460,-0.047457,0.075329,1.400319,0.919013,0.541722,-0.010844,-1.139827,-1.704287,0.004796,0.222091,0.440255,0.000000,0.207254,0.002609,-0.131740,-0.465500,0.430521,-0.020992,-0.060896,0.024672,2.0000,2.0000,1.0000,0.0000,3.0000,20.1837,23.4786,44.9019,-26.4368,12.6771,0.775615,0.924269,0.772861
1786594601260723590,2026-08-13T11:16:41.260740,ground_truth,0.026595,0.821000,0.051323,True,,,,,,,,,0.024765,1.130472,0.351729,0.024759,1.131766,0.350221,0.024759,1.131766,0.350221,-0.000188,0.038984,-0.045412,0.059850,0.002149,0.058460,-0.047457,0.075329,1.400149,0.949864,0.602750,-0.010682,-1.166592,-1.704535,0.003489,0.164928,0.312408,0.000000,0.145726,0.008289,0.036260,-0.496860,0.403048,-0.026336,-0.052224,-0.027840,2.0000,2.0000,1.0000,0.0000,3.0000,20.0769,23.5642,44.3665,-26.4722,12.9625,0.775615,0.924269,0.772861
1786594601297084944,2026-08-13T11:16:41.297101,ground_truth,0.026595,0.821000,0.048994,True,,,,,,,,,0.024754,1.132932,0.348548,0.024754,1.132932,0.348548,0.024754,1.132932,0.348548,-0.000144,0.035129,-0.050445,0.061472,-0.000165,0.036881,-0.047700,0.060295,1.400149,0.949864,0.602750,-0.010682,-1.166592,-1.704535,0.003489,0.164928,0.312408,0.000000,0.145726,0.008289,0.036260,-0.496860,0.403048,-0.026336,-0.052224,-0.027840,2.0000,2.0000,1.0000,0.0000,3.0000,19.6205,23.4035,44.4282,-25.5290,12.7065,0.775615,0.924269,0.772861
1786594601328278555,2026-08-13T11:16:41.328303,ground_truth,0.026611,0.824000,0.044524,True,,,,,,,,,0.024754,1.132932,0.348548,0.024751,1.133858,0.346867,0.024751,1.133858,0.346867,-0.000102,0.025833,-0.046861,0.053509,-0.000165,0.036881,-0.047700,0.060295,1.400149,0.949864,0.602750,-0.010682,-1.166592,-1.704535,0.003489,0.164928,0.312408,0.000000,0.145726,0.008289,0.036260,-0.496860,0.403048,-0.026336,-0.052224,-0.027840,2.0000,2.0000,1.0000,0.0000,3.0000,19.4373,23.2242,43.7100,-24.6659,12.9656,0.775615,0.924269,0.772861
1786594601358643114,2026-08-13T11:16:41.358670,ground_truth,0.026540,0.811000,0.041359,True,,,,,,,,,0.024754,1.132932,0.348548,0.024750,1.134577,0.345016,0.024750,1.134577,0.345016,-0.000035,0.023065,-0.059407,0.063727,-0.000165,0.036881,-0.047700,0.060295,1.400149,0.949864,0.602750,-0.010682,-1.166592,-1.704535,0.003489,0.164928,0.312408,0.000000,0.145726,0.008289,0.036260,-0.496860,0.403048,-0.026336,-0.052224,-0.027840,2.0000,2.0000,1.0000,0.0000,3.0000,20.6164,22.9188,43.3850,-25.8527,13.0541,0.775615,0.924269,0.772861
1786594601392672018,2026-08-13T11:16:41.392688,ground_truth,0.026523,0.808000,0.038815,True,,,,,,,,,0.024750,1.134577,0.345016,0.024754,1.134721,0.342946,0.024754,1.134721,0.342946,0.000155,0.004678,-0.067387,0.067549,-0.000071,0.024326,-0.052221,0.057609,1.400149,0.949864,0.602750,-0.010682,-1.166592,-1.704535,0.003489,0.164928,0.312408,0.000000,0.145726,0.008289,0.036260,-0.496860,0.403048,-0.026336,-0.052224,-0.027840,2.0000,2.0000,1.0000,0.0000,3.0000,20.4707,22.8220,43.0814,-25.0887,13.3166,0.775615,0.924269,0.772861
1786594601422892335,2026-08-13T11:16:41.422915,ground_truth,0.026485,0.801000,0.035988,True,,,,,,,,,0.024750,1.134577,0.345016,0.024759,1.134216,0.340869,0.024759,1.134216,0.340869,0.000142,-0.014965,-0.061579,0.063371,-0.000071,0.024326,-0.052221,0.057609,1.400149,0.949864,0.602750,-0.010682,-1.166592,-1.704535,0.003489,0.164928,0.312408,0.000000,0.145726,0.008289,0.036260,-0.496860,0.403048,-0.026336,-0.052224,-0.027840,2.0000,2.0000,1.0000,0.0000,3.0000,21.0687,23.1660,43.4198,-23.3749,12.9549,0.775615,0.924269,0.772861
1786594601460684139,2026-08-13T11:16:41.460708,ground_truth,0.028870,0.808000,0.036464,True,,,,,,,,,0.024769,1.133262,0.338587,0.024769,1.133262,0.338587,0.024769,1.133262,0.338587,0.000317,-0.031671,-0.075758,0.082112,0.000293,-0.020150,-0.098512,0.100552,1.400149,0.949864,0.602750,-0.010682,-1.166592,-1.704535,0.003489,0.164928,0.312408,0.000000,0.145726,0.008289,0.036260,-0.496860,0.403048,-0.026336,-0.052224,-0.027840,2.0000,2.0000,1.0000,0.0000,3.0000,20.7527,23.2130,43.8768,-23.5192,13.2141,0.775615,0.924269,0.772861
1786594601498998122,2026-08-13T11:16:41.499015,ground_truth,0.028816,0.794000,0.035513,True,,,,,,,,,0.024620,1.132058,0.336481,0.024620,1.132058,0.336481,0.024620,1.132058,0.336481,-0.003921,-0.031832,-0.055659,0.064238,-0.002209,-0.017931,-0.031352,0.036185,1.400149,0.949864,0.602750,-0.010682,-1.166592,-1.704535,0.003489,0.164928,0.312408,0.000000,0.145726,0.008289,0.036260,-0.496860,0.403048,-0.026336,-0.052224,-0.027840,2.0000,2.0000,1.0000,0.0000,3.0000,21.1606,23.3977,42.4249,-23.2115,13.2377,0.775615,0.924269,0.772861
1786594601527599959,2026-08-13T11:16:41.527618,ground_truth,0.028881,0.811000,0.034321,True,,,,,,,,,0.024620,1.132058,0.336481,0.024476,1.130270,0.334467,0.024476,1.130270,0.334467,-0.003756,-0.046380,-0.052275,0.069985,-0.002209,-0.017931,-0.031352,0.036185,1.400201,0.953053,0.608824,-0.010672,-1.169341,-1.704664,0.003489,0.157075,0.297575,0.000000,0.137436,0.005228,0.023520,-0.486640,0.390681,-0.025728,-0.055168,-0.030336,2.0000,2.0000,1.0000,0.0000,3.0000,20.9434,23.5629,41.4888,-22.7552,13.4396,0.775615,0.924269,0.772861
1786594601555159620,2026-08-13T11:16:41.555179,ground_truth,0.028843,0.801000,0.033626,True,,,,,,,,,0.024620,1.132058,0.336481,0.024329,1.128739,0.332350,0.024329,1.128739,0.332350,-0.005122,-0.053505,-0.073976,0.091441,-0.002209,-0.017931,-0.031352,0.036185,1.401312,0.991046,0.678781,-0.010478,-1.201119,-1.706184,0.003489,0.132208,0.246957,0.000000,0.107772,0.002609,0.078680,-0.485380,0.402384,-0.025056,-0.046304,-0.031744,2.0000,2.0000,1.0000,0.0000,3.0000,20.3404,23.4947,44.0392,-18.7842,12.5044,0.775615,0.924269,0.772861
1786594601589876490,2026-08-13T11:16:41.589898,ground_truth,0.028804,0.791000,0.030551,True,,,,,,,,,0.024183,1.126886,0.330364,0.024183,1.126886,0.330364,0.024183,1.126886,0.330364,-0.005324,-0.067319,-0.072163,0.098832,-0.006648,-0.078515,-0.092882,0.121803,1.401403,0.996495,0.688804,-0.010445,-1.205603,-1.706281,0.001307,0.138748,0.252630,0.000000,0.116061,0.002609,0.057260,-0.482020,0.412178,-0.027552,-0.047584,-0.032960,2.0000,2.0000,1.0000,0.0000,3.0000,19.7023,23.5081,42.8820,-19.2890,12.5881,0.775615,0.924269,0.772861
1786594601623101075,2026-08-13T11:16:41.623124,ground_truth,0.028870,0.808000,0.031762,True,,,,,,,,,0.024183,1.126886,0.330364,0.024039,1.124969,0.328327,0.024039,1.124969,0.328327,-0.004166,-0.055480,-0.058942,0.081053,-0.006648,-0.078515,-0.092882,0.121803,1.401442,1.000376,0.695926,-0.010434,-1.208912,-1.706335,0.000000,0.138748,0.254816,0.000000,0.118680,0.002609,0.064120,-0.459060,0.420063,-0.028160,-0.043520,-0.033568,2.0000,2.0000,1.0000,0.0000,3.0000,19.7023,23.5081,42.8820,-19.2890,12.5881,0.775615,0.924269,0.772861
1786594601655937844,2026-08-13T11:16:41.655957,ground_truth,0.028804,0.791000,0.030551,True,,,,,,,,,0.023890,1.123039,0.326679,0.023890,1.123039,0.326679,0.023890,1.123039,0.326679,-0.004448,-0.057879,-0.049404,0.076227,-0.004327,-0.056945,-0.054533,0.078964,1.401442,1.000376,0.695926,-0.010434,-1.208912,-1.706335,0.000000,0.138748,0.254816,0.000000,0.118680,0.002609,0.064120,-0.459060,0.420063,-0.028160,-0.043520,-0.033568,2.0000,2.0000,2.0000,0.0000,3.0000,21.9823,24.2393,40.2224,-21.7051,15.8533,0.775615,0.924269,0.772861
1786594601688275592,2026-08-13T11:16:41.688301,ground_truth,0.028789,0.787000,0.027880,True,,,,,,,,,0.023890,1.123039,0.326679,0.023746,1.120573,0.325105,0.023746,1.120573,0.325105,-0.004438,-0.076019,-0.048520,0.090293,-0.004327,-0.056945,-0.054533,0.078964,1.401442,1.000376,0.695926,-0.010434,-1.208912,-1.706335,0.000000,0.138748,0.254816,0.000000,0.118680,0.002609,0.064120,-0.459060,0.420063,-0.028160,-0.043520,-0.033568,2.0000,2.0000,2.0000,0.0000,3.0000,21.9823,24.2393,40.2224,-21.7051,15.8533,0.775615,0.924269,0.772861
1786594601722216680,2026-08-13T11:16:41.722232,ground_truth,0.028765,0.781000,0.027443,True,,,,,,,,,0.023599,1.118000,0.323402,0.023599,1.118000,0.323402,0.023599,1.118000,0.323402,-0.004514,-0.078633,-0.052045,0.094404,-0.004413,-0.076232,-0.049575,0.091041,1.401442,1.000376,0.695926,-0.010434,-1.208912,-1.706335,0.000000,0.138748,0.254816,0.000000,0.118680,0.002609,0.064120,-0.459060,0.420063,-0.028160,-0.043520,-0.033568,2.0000,2.0000,2.0000,0.0000,3.0000,23.7445,25.6082,38.3288,-21.4294,16.9018,0.775615,0.924269,0.772861
1786594601749043387,2026-08-13T11:16:41.749059,ground_truth,0.031147,0.777000,0.027151,True,,,,,,,,,0.023599,1.118000,0.323402,0.023454,1.115672,0.321655,0.023454,1.115672,0.321655,-0.004292,-0.069051,-0.051828,0.086445,-0.004413,-0.076232,-0.049575,0.091041,1.401449,1.001500,0.697978,-0.010434,-1.209850,-1.706346,0.000000,0.140492,0.256563,0.000000,0.115619,0.000000,0.066920,-0.473620,0.409190,-0.028160,-0.044704,-0.033792,2.0000,2.0000,2.0000,0.0000,3.0000,23.7445,25.6082,38.3288,-21.4294,16.9018,0.775615,0.924269,0.772861
1786594601776818199,2026-08-13T11:16:41.776840,ground_truth,0.031170,0.787000,0.027880,True,,,,,,,,,0.023150,1.113073,0.320044,0.023150,1.113073,0.320044,0.023150,1.113073,0.320044,-0.011118,-0.095199,-0.059029,0.112565,-0.006589,-0.072427,-0.049375,0.087903,1.401475,1.022401,0.734760,-0.010380,-1.226105,-1.706529,0.000000,0.150097,0.256563,0.002609,0.118680,0.002609,0.070560,-0.466480,0.426952,-0.025888,-0.050048,-0.033568,3.0000,2.0000,2.0000,0.0000,4.0000,25.9003,26.8664,37.8494,-20.4899,18.1810,0.775615,0.924269,0.772861
1786594601809495189,2026-08-13T11:16:41.809511,ground_truth,0.031156,0.781000,0.027443,True,,,,,,,,,0.023150,1.113073,0.320044,0.022845,1.110420,0.318636,0.022845,1.110420,0.318636,-0.011209,-0.097508,-0.051732,0.110949,-0.006589,-0.072427,-0.049375,0.087903,1.401501,1.027419,0.743571,-0.010370,-1.230137,-1.706615,0.001744,0.164928,0.291902,0.000000,0.132208,0.002609,0.084280,-0.423080,0.434007,-0.025952,-0.056992,-0.033280,3.0000,2.0000,2.0000,0.0000,4.0000,25.6946,26.7201,37.8715,-21.1641,17.6805,0.775615,0.924269,0.772861
1786594601849482461,2026-08-13T11:16:41.849500,ground_truth,0.031156,0.781000,0.027443,True,,,,,,,,,0.022542,1.107756,0.317497,0.022542,1.107756,0.317497,0.022542,1.107756,0.317497,-0.009314,-0.081887,-0.035003,0.089540,-0.009303,-0.081356,-0.038961,0.090682,1.401612,1.034508,0.756485,-0.010348,-1.235839,-1.706820,0.004796,0.188057,0.342082,0.000000,0.148345,0.005228,0.083020,-0.417760,0.440149,-0.023712,-0.053824,-0.033120,3.0000,2.0000,2.0000,0.0000,4.0000,25.4021,26.7167,38.1113,-19.8140,17.7973,0.775615,0.924269,0.772861
1786594601883118518,2026-08-13T11:16:41.883146,ground_truth,0.028789,0.787000,0.027880,True,,,,,,,,,0.022542,1.107756,0.317497,0.022235,1.105090,0.316569,0.022235,1.105090,0.316569,-0.007601,-0.065847,-0.022914,0.070133,-0.009303,-0.081356,-0.038961,0.090682,1.401756,1.040799,0.767891,-0.010316,-1.240733,-1.707025,0.005233,0.202889,0.364335,0.002609,0.158823,0.005670,0.088900,-0.452200,0.428114,-0.024544,-0.060896,-0.035008,3.0000,2.0000,2.0000,0.0000,4.0000,26.3917,27.3346,38.7652,-18.4856,17.6827,0.775615,0.924269,0.772861
1786594601910329162,2026-08-13T11:16:41.910346,ground_truth,0.028777,0.784000,0.027662,True,,,,,,,,,0.022084,1.102957,0.315840,0.022084,1.102957,0.315840,0.022084,1.102957,0.315840,-0.004424,-0.062490,-0.021354,0.066185,-0.006884,-0.072008,-0.024857,0.076488,1.401958,1.048235,0.781244,-0.010251,-1.246683,-1.707305,0.006540,0.207691,0.375681,0.000000,0.164492,0.007847,0.097860,-0.462700,0.433343,-0.030720,-0.061056,-0.034464,3.0000,2.0000,2.0000,0.0000,4.0000,25.9692,27.2790,39.0440,-18.1754,17.0145,0.775615,0.924269,0.772861
1786594601943736172,2026-08-13T11:16:41.943757,ground_truth,0.031147,0.777000,0.027151,True,,,,,,,,,0.022084,1.102957,0.315840,0.021931,1.101250,0.315285,0.021931,1.101250,0.315285,-0.005869,-0.065544,-0.021319,0.069174,-0.006884,-0.072008,-0.024857,0.076488,1.401958,1.048235,0.781244,-0.010251,-1.246683,-1.707305,0.006540,0.207691,0.375681,0.000000,0.164492,0.007847,0.097860,-0.462700,0.433343,-0.030720,-0.061056,-0.034464,3.0000,2.0000,2.0000,0.0000,4.0000,26.9639,27.6770,39.7184,-17.6840,17.2672,0.775615,0.924269,0.772861
1786594601975851965,2026-08-13T11:16:41.975871,ground_truth,0.028723,0.770000,0.026641,True,,,,,,,,,0.021779,1.099629,0.314665,0.021779,1.099629,0.314665,0.021779,1.099629,0.314665,-0.004514,-0.048192,-0.018453,0.051801,-0.004555,-0.049752,-0.017580,0.052963,1.401958,1.048235,0.781244,-0.010251,-1.246683,-1.707305,0.006540,0.207691,0.375681,0.000000,0.164492,0.007847,0.097860,-0.462700,0.433343,-0.030720,-0.061056,-0.034464,3.0000,2.0000,2.0000,0.0000,4.0000,26.7297,27.5721,39.2403,-17.6592,17.3937,0.775615,0.924269,0.772861
1786594602007624736,2026-08-13T11:16:42.007645,ground_truth,0.028750,0.777000,0.027151,True,,,,,,,,,0.021779,1.099629,0.314665,0.021785,1.098024,0.314073,0.021785,1.098024,0.314073,0.000193,-0.050228,-0.018517,0.053533,-0.004555,-0.049752,-0.017580,0.052963,1.401958,1.048235,0.781244,-0.010251,-1.246683,-1.707305,0.006540,0.207691,0.375681,0.000000,0.164492,0.007847,0.097860,-0.462700,0.433343,-0.030720,-0.061056,-0.034464,3.0000,2.0000,2.0000,0.0000,4.0000,26.7953,27.6940,39.2085,-17.5686,17.2262,0.775615,0.924269,0.772861
1786594602040995543,2026-08-13T11:16:42.041015,ground_truth,0.028738,0.774000,0.026933,True,,,,,,,,,0.021794,1.096050,0.313595,0.021794,1.096050,0.313595,0.021794,1.096050,0.313595,0.000275,-0.062008,-0.015014,0.063801,0.000224,-0.053642,-0.016031,0.055987,1.401958,1.048235,0.781244,-0.010251,-1.246683,-1.707305,0.006540,0.207691,0.375681,0.000000,0.164492,0.007847,0.097860,-0.462700,0.433343,-0.030720,-0.061056,-0.034464,3.0000,2.0000,2.0000,0.0000,4.0000,26.6406,27.6115,39.2175,-17.4842,17.9892,0.775615,0.924269,0.772861
1786594602082546264,2026-08-13T11:16:42.082564,ground_truth,0.028750,0.777000,0.027151,True,,,,,,,,,0.021794,1.096050,0.313595,0.021801,1.094215,0.313149,0.021801,1.094215,0.313149,0.000209,-0.055176,-0.013418,0.056785,0.000224,-0.053642,-0.016031,0.055987,1.402070,1.051606,0.787296,-0.010219,-1.249302,-1.707445,0.006540,0.212055,0.377421,0.003051,0.164492,0.007847,0.095480,-0.471800,0.442390,-0.030016,-0.060224,-0.033856,3.0000,2.0000,2.0000,0.0000,4.0000,26.8723,27.8808,39.2152,-17.1487,17.7687,0.775615,0.924269,0.772861
1786594602119701921,2026-08-13T11:16:42.119728,ground_truth,0.031147,0.777000,0.027151,True,,,,,,,,,0.021804,1.092568,0.312922,0.021804,1.092568,0.312922,0.021804,1.092568,0.312922,0.000086,-0.039225,-0.005398,0.039594,0.000158,-0.052102,-0.010068,0.053066,1.403429,1.086267,0.848904,-0.010100,-1.276358,-1.709148,0.008285,0.170168,0.286229,0.000000,0.121300,0.007847,0.097860,-0.529060,0.383128,-0.027392,-0.044192,-0.035520,3.0000,2.0000,2.0000,0.0000,4.0000,25.5591,27.4822,39.6385,-15.6077,16.8750,0.775615,0.924269,0.772861
1786594602148520351,2026-08-13T11:16:42.148542,ground_truth,0.031132,0.770000,0.026641,True,,,,,,,,,0.021804,1.092568,0.312922,0.021653,1.090959,0.312615,0.021653,1.090959,0.312615,-0.004054,-0.042970,-0.008207,0.043934,0.000158,-0.052102,-0.010068,0.053066,1.403709,1.092539,0.859224,-0.010079,-1.280239,-1.709450,0.006540,0.145295,0.233871,0.000000,0.078096,0.005228,0.097860,-0.534940,0.356236,-0.024832,-0.041312,-0.035232,2.0000,2.0000,2.0000,0.0000,3.0000,24.3588,27.2369,39.2518,-14.9105,15.2672,0.775615,0.924269,0.772861
1786594602183755328,2026-08-13T11:16:42.183777,ground_truth,0.031132,0.770000,0.026641,True,,,,,,,,,0.021497,1.089890,0.312354,0.021497,1.089890,0.312354,0.021497,1.089890,0.312354,-0.005461,-0.037597,-0.009171,0.039083,-0.004616,-0.040256,-0.008539,0.041409,1.403709,1.092539,0.859224,-0.010079,-1.280239,-1.709450,0.006540,0.145295,0.233871,0.000000,0.078096,0.005228,0.097860,-0.534940,0.356236,-0.024832,-0.041312,-0.035232,2.0000,2.0000,2.0000,0.0000,3.0000,24.4708,27.1661,39.1608,-15.8675,15.6154,0.775615,0.924269,0.772861
1786594602216069658,2026-08-13T11:16:42.216086,ground_truth,0.031132,0.770000,0.026641,True,,,,,,,,,0.021497,1.089890,0.312354,0.021341,1.088557,0.312272,0.021341,1.088557,0.312272,-0.004420,-0.037735,-0.002337,0.038065,-0.004616,-0.040256,-0.008539,0.041409,1.403709,1.092539,0.859224,-0.010079,-1.280239,-1.709450,0.006540,0.145295,0.233871,0.000000,0.078096,0.005228,0.097860,-0.534940,0.356236,-0.024832,-0.041312,-0.035232,2.0000,2.0000,1.0000,0.0000,3.0000,21.5505,26.0834,39.4534,-14.1913,13.1749,0.775615,0.924269,0.772861
1786594602246667238,2026-08-13T11:16:42.246686,ground_truth,0.031125,0.767000,0.026422,True,,,,,,,,,0.021183,1.087383,0.312218,0.021183,1.087383,0.312218,0.021183,1.087383,0.312218,-0.004808,-0.035756,-0.001629,0.036114,-0.004708,-0.037592,-0.002040,0.037941,1.403709,1.092539,0.859224,-0.010079,-1.280239,-1.709450,0.006540,0.145295,0.233871,0.000000,0.078096,0.005228,0.097860,-0.534940,0.356236,-0.024832,-0.041312,-0.035232,2.0000,2.0000,1.0000,0.0000,3.0000,22.2203,26.1518,40.7792,-14.4506,13.4892,0.775615,0.924269,0.772861
1786594602273301250,2026-08-13T11:16:42.273324,ground_truth,0.031125,0.767000,0.028841,True,,,,,,,,,0.021183,1.087383,0.312218,0.021185,1.086562,0.312170,0.021185,1.086562,0.312170,0.000050,-0.027603,-0.001633,0.027651,-0.004708,-0.037592,-0.002040,0.037941,1.403709,1.092539,0.859224,-0.010079,-1.280239,-1.709450,0.006540,0.145295,0.233871,0.000000,0.078096,0.005228,0.097860,-0.534940,0.356236,-0.024832,-0.041312,-0.035232,2.0000,2.0000,1.0000,0.0000,3.0000,22.2203,26.1518,40.7792,-14.4506,13.4892,0.775615,0.924269,0.772861
1786594602307164588,2026-08-13T11:16:42.307183,ground_truth,0.031132,0.770000,0.029055,True,,,,,,,,,0.021188,1.085651,0.312234,0.021188,1.085651,0.312234,0.021188,1.085651,0.312234,0.000108,-0.033522,0.002357,0.033605,0.000067,-0.026064,0.000233,0.026065,1.404199,1.105149,0.866726,-0.009992,-1.274267,-1.709881,0.000000,0.013087,0.126099,0.000000,0.150964,0.000000,0.092260,-0.617400,0.058847,-0.037248,0.066784,-0.022432,2.0000,2.0000,1.0000,0.0000,3.0000,21.2128,25.8229,38.7195,-15.8904,14.0684,0.775615,0.924269,0.772861
1786594602350025534,2026-08-13T11:16:42.350050,ground_truth,0.031125,0.767000,0.028841,True,,,,,,,,,0.021188,1.085651,0.312234,0.021189,1.084722,0.312341,0.021189,1.084722,0.312341,0.000049,-0.027888,0.003226,0.028074,0.000067,-0.026064,0.000233,0.026065,1.404199,1.105182,0.858398,-0.010003,-1.265989,-1.709849,0.000000,0.009598,0.215544,0.000000,0.196345,0.000000,0.036260,-0.912940,0.012616,-0.048256,0.070304,0.006848,2.0000,2.0000,1.0000,0.0000,3.0000,21.6958,25.9871,38.7925,-16.7596,14.3439,0.775615,0.924269,0.772861
1786594602376897457,2026-08-13T11:16:42.376915,ground_truth,0.031132,0.770000,0.029055,True,,,,,,,,,0.021191,1.083790,0.312434,0.021191,1.083790,0.312434,0.021191,1.083790,0.312434,0.000048,-0.021495,0.002149,0.021602,0.000055,-0.027929,0.003011,0.028090,1.404199,1.105182,0.858398,-0.010003,-1.265989,-1.709849,0.000000,0.009598,0.215544,0.000000,0.196345,0.000000,0.036260,-0.912940,0.012616,-0.048256,0.070304,0.006848,2.0000,2.0000,1.0000,0.0000,3.0000,21.6953,25.9592,39.3513,-16.0874,13.9195,0.775615,0.924269,0.772861
1786594602406850289,2026-08-13T11:16:42.406865,ground_truth,0.031132,0.770000,0.029055,True,,,,,,,,,0.021191,1.083790,0.312434,0.021035,1.083016,0.312513,0.021035,1.083016,0.312513,-0.005822,-0.028814,0.002918,0.029541,0.000055,-0.027929,0.003011,0.028090,1.404199,1.105182,0.858398,-0.010003,-1.265989,-1.709849,0.000000,0.009598,0.215544,0.000000,0.196345,0.000000,0.036260,-0.912940,0.012616,-0.048256,0.070304,0.006848,2.0000,2.0000,1.0000,0.0000,3.0000,21.6494,25.9660,39.2996,-15.7488,14.0047,0.775615,0.924269,0.772861
1786594602446259863,2026-08-13T11:16:42.446274,ground_truth,0.031117,0.763000,0.030981,True,,,,,,,,,0.020878,1.082115,0.312605,0.020878,1.082115,0.312605,0.020878,1.082115,0.312605,-0.005272,-0.030264,0.003119,0.030877,-0.004671,-0.024972,0.002553,0.025533,1.404199,1.105182,0.858398,-0.010003,-1.265989,-1.709849,0.000000,0.009598,0.215544,0.000000,0.196345,0.000000,0.036260,-0.912940,0.012616,-0.048256,0.070304,0.006848,2.0000,2.0000,1.0000,0.0000,3.0000,21.4932,25.9369,41.7169,-14.1045,12.6350,0.775615,0.924269,0.772861
1786594602479379809,2026-08-13T11:16:42.479400,ground_truth,0.031125,0.767000,0.033678,True,,,,,,,,,0.020878,1.082115,0.312605,0.020880,1.081188,0.312861,0.020880,1.081188,0.312861,0.000052,-0.023540,0.006484,0.024417,-0.004671,-0.024972,0.002553,0.025533,1.404199,1.105051,0.856584,-0.010003,-1.264393,-1.709838,0.000000,0.017889,0.230377,0.000000,0.202457,0.002609,0.027580,-0.924980,0.018592,-0.049440,0.074912,0.011264,2.0000,2.0000,1.0000,0.0000,3.0000,21.5847,25.8826,41.2850,-14.4307,12.8370,0.775615,0.924269,0.772861
1786594602510153096,2026-08-13T11:16:42.510174,ground_truth,0.031117,0.763000,0.033406,True,,,,,,,,,0.020720,1.080470,0.313330,0.020720,1.080470,0.313330,0.020720,1.080470,0.313330,-0.004813,-0.021600,0.014099,0.026240,-0.002397,-0.024946,0.010982,0.027362,1.403729,1.096178,0.813646,-0.010068,-1.231301,-1.708900,0.004796,0.088570,0.308483,0.002609,0.231691,0.008289,-0.062300,-0.968940,0.038180,-0.100736,0.073184,0.027008,2.0000,2.0000,1.0000,0.0000,3.0000,20.5891,25.6002,42.6413,-12.6610,11.6302,0.775615,0.924269,0.772861
1786594602544584374,2026-08-13T11:16:42.544604,ground_truth,0.031117,0.763000,0.033406,True,,,,,,,,,0.020720,1.080470,0.313330,0.020562,1.079579,0.313747,0.020562,1.079579,0.313747,-0.005108,-0.028826,0.013501,0.032238,-0.002397,-0.024946,0.010982,0.027362,1.403546,1.093317,0.803535,-0.010089,-1.223820,-1.708652,0.006540,0.091190,0.323316,0.002609,0.234310,0.005670,-0.063420,-1.013600,0.017264,-0.108800,0.072640,0.028512,2.0000,2.0000,1.0000,0.0000,3.0000,20.3787,25.3141,41.8428,-14.8782,12.7893,0.775615,0.924269,0.772861
1786594602574043597,2026-08-13T11:16:42.574067,ground_truth,0.031117,0.763000,0.033406,True,,,,,,,,,0.020404,1.078814,0.314179,0.020404,1.078814,0.314179,0.020404,1.078814,0.314179,-0.004614,-0.022257,0.012561,0.025969,-0.004720,-0.024701,0.012664,0.028157,1.403546,1.093317,0.803535,-0.010089,-1.223820,-1.708652,0.006540,0.091190,0.323316,0.002609,0.234310,0.005670,-0.063420,-1.013600,0.017264,-0.108800,0.072640,0.028512,2.0000,2.0000,1.0000,0.0000,3.0000,19.2207,24.9403,42.1050,-13.6554,11.7709,0.775615,0.924269,0.772861
1786594602612413728,2026-08-13T11:16:42.612431,ground_truth,0.031125,0.767000,0.033678,True,,,,,,,,,0.020404,1.078814,0.314179,0.020246,1.077915,0.314596,0.020246,1.077915,0.314596,-0.005339,-0.030443,0.014112,0.033977,-0.004720,-0.024701,0.012664,0.028157,1.403546,1.093317,0.803535,-0.010089,-1.223820,-1.708652,0.006540,0.091190,0.323316,0.002609,0.234310,0.005670,-0.063420,-1.013600,0.017264,-0.108800,0.072640,0.028512,2.0000,2.0000,1.0000,0.0000,3.0000,19.2735,24.7199,41.1533,-15.5156,12.4725,0.775615,0.924269,0.772861
1786594602640716632,2026-08-13T11:16:42.640733,ground_truth,0.031132,0.770000,0.033882,True,,,,,,,,,0.020248,1.076988,0.315031,0.020248,1.076988,0.315031,0.020248,1.076988,0.315031,0.000039,-0.024279,0.011402,0.026823,-0.002339,-0.027330,0.012753,0.030249,1.403546,1.093317,0.803535,-0.010089,-1.223820,-1.708652,0.006540,0.091190,0.323316,0.002609,0.234310,0.005670,-0.063420,-1.013600,0.017264,-0.108800,0.072640,0.028512,2.0000,2.0000,1.0000,0.0000,3.0000,18.2997,24.0160,40.9721,-15.7910,11.9635,0.775615,0.924269,0.772861
1786594602676367952,2026-08-13T11:16:42.676388,ground_truth,0.031141,0.774000,0.034154,True,,,,,,,,,0.020248,1.076988,0.315031,0.020248,1.076270,0.315513,0.020248,1.076270,0.315513,0.000000,-0.025494,0.017125,0.030712,-0.002339,-0.027330,0.012753,0.030249,1.403455,1.091801,0.798196,-0.010111,-1.219961,-1.708512,0.006540,0.098174,0.338588,0.002609,0.242158,0.010898,-0.064400,-1.032500,0.027556,-0.113664,0.069024,0.026624,2.0000,2.0000,1.0000,0.0000,3.0000,17.5963,23.3202,41.4931,-15.9915,12.3775,0.775615,0.924269,0.772861
1786594602709604061,2026-08-13T11:16:42.709624,ground_truth,0.031117,0.763000,0.033406,True,,,,,,,,,0.020247,1.076126,0.316014,0.020247,1.076126,0.316014,0.020247,1.076126,0.316014,-0.000017,-0.004033,0.014053,0.014620,-0.000008,-0.012007,0.013694,0.018213,1.402546,1.073762,0.742864,-0.010499,-1.182772,-1.707251,0.005233,0.106028,0.314156,0.000000,0.210305,0.008289,-0.067760,-0.910700,0.063827,-0.111872,0.066784,0.030112,2.0000,2.0000,1.0000,0.0000,3.0000,17.3686,22.7861,40.6617,-19.1761,13.3475,0.775615,0.924269,0.772861
1786594602751014393,2026-08-13T11:16:42.751034,ground_truth,0.031132,0.770000,0.033882,True,,,,,,,,,0.020247,1.076126,0.316014,0.020248,1.076097,0.316465,0.020248,1.076097,0.316465,0.000031,-0.000855,0.013416,0.013444,-0.000008,-0.012007,0.013694,0.018213,1.402390,1.070181,0.732381,-0.010531,-1.175539,-1.706992,0.004796,0.094679,0.278809,0.003051,0.191107,0.008289,-0.070000,-0.955360,0.048223,-0.111104,0.065280,0.029120,2.0000,2.0000,1.0000,0.0000,3.0000,17.1050,22.2185,40.8355,-20.7092,13.6915,0.775615,0.924269,0.772861
1786594602779382679,2026-08-13T11:16:42.779402,ground_truth,0.031132,0.770000,0.033882,True,,,,,,,,,0.020248,1.076091,0.316963,0.020248,1.076091,0.316963,0.020248,1.076091,0.316963,-0.000011,-0.000140,0.012076,0.012077,0.000010,-0.000558,0.015333,0.015343,1.402239,1.067535,0.724641,-0.010564,-1.170279,-1.706787,0.004796,0.094679,0.277069,0.002609,0.185868,0.007847,-0.069020,-0.974260,0.036686,-0.110528,0.062944,0.029952,2.0000,2.0000,1.0000,0.0000,3.0000,16.7831,21.7979,41.1077,-22.2467,14.5530,0.775615,0.924269,0.772861
1786594602808019848,2026-08-13T11:16:42.808042,ground_truth,0.031125,0.767000,0.033678,True,,,,,,,,,0.020248,1.076091,0.316963,0.020247,1.076250,0.317299,0.020247,1.076250,0.317299,-0.000016,0.005633,0.011918,0.013182,0.000010,-0.000558,0.015333,0.015343,1.402148,1.065973,0.720247,-0.010585,-1.167379,-1.706658,0.004796,0.099919,0.275322,0.002609,0.180198,0.007847,-0.067200,-0.949760,0.048555,-0.110656,0.056384,0.029344,2.0000,2.0000,1.0000,0.0000,3.0000,16.4786,21.4517,40.0635,-23.7495,14.1068,0.775615,0.924269,0.772861
1786594602847916669,2026-08-13T11:16:42.847930,ground_truth,0.031132,0.770000,0.036296,True,,,,,,,,,0.020248,1.076442,0.317607,0.020248,1.076442,0.317607,0.020248,1.076442,0.317607,0.000015,0.006594,0.010598,0.012482,0.000000,0.005271,0.009686,0.011027,1.402148,1.065973,0.720247,-0.010585,-1.167379,-1.706658,0.004796,0.099919,0.275322,0.002609,0.180198,0.007847,-0.067200,-0.949760,0.048555,-0.110656,0.056384,0.029344,2.0000,2.0000,1.0000,0.0000,3.0000,16.2448,20.8215,41.6721,-26.2340,13.6314,0.775615,0.924269,0.772861
1786594602877175973,2026-08-13T11:16:42.877189,ground_truth,0.031132,0.770000,0.036296,True,,,,,,,,,0.020248,1.076442,0.317607,0.020247,1.076640,0.318104,0.020247,1.076640,0.318104,-0.000011,0.004994,0.012513,0.013473,0.000000,0.005271,0.009686,0.011027,1.402148,1.065973,0.720247,-0.010585,-1.167379,-1.706658,0.004796,0.099919,0.275322,0.002609,0.180198,0.007847,-0.067200,-0.949760,0.048555,-0.110656,0.056384,0.029344,2.0000,2.0000,1.0000,0.0000,3.0000,16.3646,20.5748,42.2840,-28.3258,13.5821,0.775615,0.924269,0.772861


============================================================
EXPERIMENT METRICS
  File: experiment_GROUND_TRUTH_20260813_111634.csv
  Total samples: 250
  Task completion time: 8.43 s
  Mode: GROUND TRUTH (no prediction metrics)
  --- Trajectory Smoothness (Robot EE) ---
  Mean Jerk (3D): 11.2571 m/s³
      Jerk X: 2.1079 m/s³
      Jerk Y: 9.7135 m/s³
      Jerk Z: 3.4600 m/s³
  Max Jerk (3D): 131.4022 m/s³
  RMS Jerk (3D): 21.2500 m/s³
============================================================
