ros_timestamp_ns,wall_time,trajectory_mode,meas_x,meas_y,meas_z,is_tracked,pred_x,pred_y,pred_z,mae_x,mae_y,mae_z,inference_ms,buffer_size,robot_ee_x,robot_ee_y,robot_ee_z,hand_base_x,hand_base_y,hand_base_z,target_cmd_x,target_cmd_y,target_cmd_z,hand_vel_x,hand_vel_y,hand_vel_z,hand_speed,ee_vel_x,ee_vel_y,ee_vel_z,ee_speed,j1_pos,j2_pos,j3_pos,j4_pos,j5_pos,j6_pos,j1_vel,j2_vel,j3_vel,j4_vel,j5_vel,j6_vel,j1_eff,j2_eff,j3_eff,j4_eff,j5_eff,j6_eff,rula_upper_arm,rula_lower_arm,rula_wrist,rula_twist,rula_total,rula_alpha_s,rula_alpha_c,rula_beta_s,rula_beta_t,rula_gamma_s,adapt_w,adapt_sr,adapt_se
1786594091286215418,2026-08-13T11:08:11.286235,prediction,0.229634,0.024000,0.125400,True,0.149634,0.104000,0.161851,0.080000,0.080000,0.036451,5.82,20,-0.161990,0.308956,0.388244,-0.161991,0.308956,0.388249,0.050752,1.105208,0.338508,0.000000,0.000000,0.000000,0.000000,0.000000,0.000000,0.000000,0.000000,1.570768,0.124243,-1.002803,0.000022,-0.385652,-1.879117,0.000000,0.000000,0.000000,0.000000,0.000000,0.002609,-0.000840,-0.165200,0.083083,-0.010304,0.020000,-0.004576,2.0000,2.0000,1.0000,0.0000,3.0000,16.5509,23.2290,43.2970,-23.8319,12.1343,0.775615,0.924269,0.772861
1786594091326116592,2026-08-13T11:08:11.326134,prediction,0.228218,0.040000,0.125456,True,0.149351,0.107200,0.162403,0.078867,0.067200,0.036946,6.69,20,-0.161991,0.308956,0.388249,-0.161991,0.308956,0.388249,-0.161991,0.308956,0.388249,0.000000,0.000000,0.000000,0.000000,-0.000000,0.000000,0.000001,0.000001,1.570768,0.124243,-1.002803,0.000022,-0.385652,-1.879117,0.000000,0.000000,0.000000,0.000000,0.000000,0.002609,-0.000840,-0.165200,0.083083,-0.010304,0.020000,-0.004576,2.0000,2.0000,1.0000,0.0000,3.0000,17.1807,23.7749,42.9799,-24.4492,12.3863,0.775615,0.924269,0.772861
1786594091360144768,2026-08-13T11:08:11.360165,prediction,0.224856,0.078000,0.129146,True,0.151381,0.115200,0.168547,0.073475,0.037200,0.039400,6.19,20,-0.161991,0.308956,0.388249,-0.161991,0.308956,0.388249,-0.161991,0.308956,0.388249,0.000000,0.000000,0.000000,0.000000,-0.000000,0.000000,0.000001,0.000001,1.570768,0.124243,-1.002803,0.000022,-0.385652,-1.879117,0.000000,0.000000,0.000000,0.000000,0.000000,0.000000,-0.002100,-0.165200,0.083083,-0.010464,0.020000,-0.004736,2.0000,2.0000,1.0000,0.0000,3.0000,17.7517,24.3037,42.1968,-26.2964,13.4637,0.775615,0.924269,0.772861
1786594091391794528,2026-08-13T11:08:11.391808,prediction,0.228218,0.040000,0.132696,True,0.159381,0.116160,0.170910,0.068837,0.076160,0.038214,4.70,20,-0.161991,0.308956,0.388249,-0.161991,0.308956,0.388249,-0.161991,0.308956,0.388249,0.000000,0.000000,0.000000,0.000000,0.000000,0.000000,0.000000,0.000000,1.570768,0.124243,-1.002803,0.000022,-0.385652,-1.879127,0.000000,0.000000,0.000000,0.000000,0.000000,0.002609,-0.001120,-0.165200,0.084328,-0.010144,0.020000,-0.004864,2.0000,2.0000,1.0000,0.0000,3.0000,18.1769,24.7237,42.2473,-25.8327,13.9792,0.775615,0.924269,0.772861
1786594091432135077,2026-08-13T11:08:11.432156,prediction,0.228926,0.032000,0.136327,True,0.157290,0.115328,0.170763,0.071636,0.083328,0.034436,8.02,20,-0.161991,0.308956,0.388249,-0.161991,0.308956,0.388249,-0.161991,0.308956,0.388249,0.000000,0.000000,0.000000,0.000000,0.000000,0.000000,0.000000,0.000000,1.570768,0.124243,-1.002803,0.000022,-0.385652,-1.879127,0.000000,0.000000,0.000000,0.000000,0.000000,0.002609,-0.001120,-0.165200,0.084328,-0.010144,0.020000,-0.004864,2.0000,2.0000,1.0000,0.0000,3.0000,18.8045,25.1224,42.5535,-25.7363,13.7940,0.775615,0.924269,0.772861
1786594091466288023,2026-08-13T11:08:11.466303,prediction,0.227510,0.048000,0.136304,True,0.155334,0.117862,0.169125,0.072176,0.069862,0.032822,4.71,20,-0.161991,0.308956,0.388249,-0.161991,0.308956,0.388249,-0.161991,0.308956,0.388249,0.000000,0.000000,0.000000,0.000000,0.000000,0.000000,0.000000,0.000000,1.570768,0.124243,-1.002803,0.000022,-0.385652,-1.879127,0.000000,0.000000,0.000000,0.000000,0.000000,0.002609,-0.001120,-0.165200,0.084328,-0.010144,0.020000,-0.004864,2.0000,2.0000,1.0000,0.0000,3.0000,19.1024,25.5379,42.5784,-26.1039,14.1543,0.775615,0.924269,0.772861
1786594091502156300,2026-08-13T11:08:11.502175,prediction,0.224148,0.086000,0.139792,True,0.158046,0.125862,0.172473,0.066102,0.039863,0.032680,4.64,20,-0.161991,0.308956,0.388249,-0.161991,0.308956,0.388249,-0.161991,0.308956,0.388249,0.000000,0.000000,0.000000,0.000000,0.000000,0.000000,0.000000,0.000000,1.570768,0.124243,-1.002803,0.000022,-0.385652,-1.879127,0.000000,0.000000,0.000000,0.000000,0.000000,0.002609,-0.001120,-0.165200,0.084328,-0.010144,0.020000,-0.004864,2.0000,2.0000,1.0000,0.0000,3.0000,19.1793,25.5079,43.3404,-25.2499,14.1194,0.775615,0.924269,0.772861
1786594091549018355,2026-08-13T11:08:11.549045,prediction,0.224856,0.078000,0.139817,True,0.166046,0.132290,0.172245,0.058810,0.054290,0.032428,9.27,20,-0.161991,0.308956,0.388249,-0.161991,0.308956,0.388249,-0.161991,0.308956,0.388249,0.000000,0.000000,0.000000,0.000000,0.000000,0.000000,0.000000,0.000000,1.570768,0.124243,-1.002803,0.000022,-0.385652,-1.879117,0.000000,0.000000,0.000000,0.000000,0.000000,0.002609,-0.000840,-0.167020,0.083415,-0.010144,0.019648,-0.004576,2.0000,2.0000,1.0000,0.0000,3.0000,18.7142,25.1081,43.4799,-24.1980,13.9064,0.775615,0.924269,0.772861
1786594091606744001,2026-08-13T11:08:11.606779,prediction,0.226891,0.055000,0.143483,True,0.169959,0.132832,0.172404,0.056932,0.077832,0.028921,10.61,20,-0.161991,0.308956,0.388249,-0.161991,0.308956,0.388249,-0.161991,0.308956,0.388249,0.000000,0.000000,0.000000,0.000000,0.000000,0.000000,0.000000,0.000000,1.570768,0.124243,-1.002803,0.000022,-0.385652,-1.879117,0.000000,0.000000,0.000000,0.000000,0.000000,0.002609,-0.000840,-0.167020,0.083415,-0.010144,0.019648,-0.004576,2.0000,2.0000,1.0000,0.0000,3.0000,18.8296,25.2667,43.2873,-24.6418,14.1388,0.775615,0.924269,0.772861
1786594091644505437,2026-08-13T11:08:11.644530,prediction,0.220003,0.093000,0.143303,True,0.163968,0.140832,0.171350,0.056036,0.047832,0.028047,9.52,20,-0.161991,0.308956,0.388249,-0.156559,0.349436,0.401791,-0.161991,0.308956,0.388249,0.140547,1.047533,0.350441,1.113502,0.000000,0.000000,0.000000,0.000000,1.570768,0.124243,-1.002803,0.000022,-0.385652,-1.879117,0.000000,0.000000,0.000000,0.000000,0.000000,0.002609,-0.000840,-0.167020,0.083415,-0.010144,0.019648,-0.004576,2.0000,2.0000,2.0000,0.0000,3.0000,18.2976,24.8834,42.3869,-27.8961,15.3067,0.775615,0.924269,0.772861
1786594091689863677,2026-08-13T11:08:11.689908,prediction,0.221306,0.078000,0.143374,True,0.161878,0.144266,0.170362,0.059428,0.066266,0.026988,9.04,20,-0.161991,0.308956,0.388249,-0.156103,0.359525,0.402537,-0.111991,0.358956,0.435826,0.010023,0.221560,0.016374,0.222390,0.000000,0.000000,0.000000,0.000000,1.570768,0.124243,-1.002803,0.000022,-0.385652,-1.879117,0.000000,0.000000,0.000000,0.000000,0.000000,0.002609,-0.000840,-0.167020,0.083415,-0.010144,0.019648,-0.004576,2.0000,2.0000,2.0000,0.0000,3.0000,19.3325,25.6195,42.0957,-28.3522,15.7440,0.775615,0.924269,0.772861
1786594091724833920,2026-08-13T11:08:11.724856,prediction,0.223303,0.055000,0.143483,True,0.166606,0.142413,0.168065,0.056697,0.087412,0.024582,6.44,20,-0.088621,0.408956,0.435931,-0.155889,0.363204,0.403167,-0.088621,0.408956,0.435931,0.005659,0.097324,0.016681,0.098905,1.110751,1.513918,0.721860,2.011665,1.570768,0.124243,-1.002803,0.000022,-0.385652,-1.879117,0.000000,0.000000,0.000000,0.000000,0.000000,0.002609,-0.000840,-0.167020,0.083415,-0.010144,0.019648,-0.004576,2.0000,3.0000,2.0000,0.0000,4.0000,19.8736,25.8570,41.6993,-31.9410,16.3130,0.775615,0.924269,0.772861
1786594091765590655,2026-08-13T11:08:11.765606,prediction,0.219715,0.055000,0.143483,True,0.161228,0.140930,0.165278,0.058487,0.085930,0.021794,4.76,20,-0.089306,0.429904,0.435827,-0.155432,0.363929,0.403701,-0.089306,0.429904,0.435827,0.010634,0.016881,0.012413,0.023498,-0.010174,0.311173,-0.001543,0.311344,1.570768,0.124243,-1.002803,0.000022,-0.385652,-1.879117,0.000000,0.000000,0.000000,0.000000,0.000000,0.002609,-0.000840,-0.167020,0.083415,-0.010144,0.019648,-0.004576,2.0000,3.0000,2.0000,0.0000,4.0000,20.5352,26.1165,42.2998,-31.1323,15.4675,0.775615,0.924269,0.772861
1786594091803518171,2026-08-13T11:08:11.803538,prediction,0.218352,0.071000,0.143407,True,0.158104,0.142944,0.163825,0.060248,0.071944,0.020418,4.87,20,-0.089306,0.429904,0.435827,-0.154943,0.364065,0.404153,-0.089472,0.431582,0.435524,0.012922,0.003601,0.011938,0.017958,-0.010174,0.311173,-0.001543,0.311344,1.570768,0.124243,-1.002803,0.000022,-0.385652,-1.879117,0.000000,0.000000,0.000000,0.000000,0.000000,0.002609,-0.000840,-0.167580,0.084992,-0.010592,0.019648,-0.005472,2.0000,3.0000,2.0000,0.0000,4.0000,20.5174,26.2003,42.2564,-30.4731,15.2025,0.775615,0.924269,0.772861
1786594091838535930,2026-08-13T11:08:11.838558,prediction,0.217756,0.078000,0.143374,True,0.164264,0.145955,0.161444,0.053492,0.067955,0.018069,4.45,20,-0.089391,0.433025,0.435161,-0.154480,0.364938,0.404542,-0.089391,0.433025,0.435161,0.013063,0.024599,0.010971,0.029936,-0.001291,0.047556,-0.010136,0.048641,1.571316,0.124028,-1.002112,0.003611,-0.383873,-1.882922,0.006540,0.003489,0.007413,0.026614,0.013517,0.029665,0.071540,-0.264740,0.180940,0.013088,0.031840,-0.035680,2.0000,3.0000,1.0000,0.0000,3.0000,20.4442,26.4527,41.8281,-30.3945,14.9056,0.775615,0.924269,0.772861
1786594091873100008,2026-08-13T11:08:11.873119,prediction,0.219033,0.063000,0.143445,True,0.172264,0.145364,0.158292,0.046770,0.082364,0.014847,4.10,20,-0.089391,0.433025,0.435161,-0.153773,0.367619,0.405745,-0.089731,0.434301,0.434688,0.020011,0.075927,0.034066,0.085591,-0.001291,0.047556,-0.010136,0.048641,1.571421,0.123975,-1.001978,0.004204,-0.383582,-1.883547,0.004796,0.003489,0.005234,0.027045,0.013517,0.029665,0.070280,-0.265020,0.183845,0.017536,0.031008,-0.037184,2.0000,3.0000,1.0000,0.0000,3.0000,20.5670,26.9254,41.5525,-30.5411,13.9880,0.775615,0.924269,0.772861
1786594091903871521,2026-08-13T11:08:11.903891,prediction,0.212284,0.101000,0.143265,True,0.164268,0.152491,0.155974,0.048017,0.051491,0.012709,4.22,20,-0.091240,0.436762,0.434451,-0.152711,0.370182,0.406932,-0.091240,0.436762,0.434451,0.034730,0.083796,0.038817,0.098664,-0.027545,0.055672,-0.010584,0.063009,1.571421,0.123975,-1.001978,0.004204,-0.383582,-1.883547,0.004796,0.003489,0.005234,0.027045,0.013517,0.029665,0.070280,-0.265020,0.183845,0.017536,0.031008,-0.037184,2.0000,2.0000,1.0000,0.0000,3.0000,20.6921,27.4454,41.5827,-28.7933,12.3304,0.775615,0.924269,0.772861
1786594091937791499,2026-08-13T11:08:11.937813,prediction,0.211229,0.071000,0.143407,True,0.157713,0.152193,0.154449,0.053515,0.081193,0.011041,4.20,20,-0.091240,0.436762,0.434451,-0.151802,0.372348,0.407883,-0.092234,0.439321,0.434022,0.026773,0.063831,0.028019,0.074674,-0.027545,0.055672,-0.010584,0.063009,1.571421,0.123975,-1.001978,0.004204,-0.383582,-1.883547,0.004796,0.003489,0.005234,0.027045,0.013517,0.029665,0.070280,-0.265020,0.183845,0.017536,0.031008,-0.037184,2.0000,3.0000,1.0000,0.0000,3.0000,20.4951,27.9715,41.0489,-30.6567,11.4834,0.775615,0.924269,0.772861
1786594091967910110,2026-08-13T11:08:11.967929,prediction,0.210001,0.086000,0.143336,True,0.153893,0.154954,0.153940,0.056107,0.068955,0.010604,4.06,20,-0.092657,0.442233,0.433083,-0.150588,0.375235,0.408592,-0.092657,0.442233,0.433083,0.039977,0.095014,0.023349,0.105693,-0.021301,0.082256,-0.020576,0.087425,1.571421,0.123975,-1.001978,0.004204,-0.383582,-1.883547,0.004796,0.003489,0.005234,0.027045,0.013517,0.029665,0.070280,-0.265020,0.183845,0.017536,0.031008,-0.037184,2.0000,2.0000,1.0000,0.0000,3.0000,20.6441,28.5513,41.6947,-29.7528,11.3031,0.775615,0.924269,0.772861
1786594091999848187,2026-08-13T11:08:11.999867,prediction,0.201810,0.144000,0.143060,True,0.147477,0.162954,0.154074,0.054333,0.018954,0.011014,4.12,20,-0.092657,0.442233,0.433083,-0.148780,0.378265,0.409041,-0.092291,0.444804,0.431951,0.056907,0.095404,0.014131,0.111983,-0.021301,0.082256,-0.020576,0.087425,1.571421,0.123975,-1.001978,0.004204,-0.383582,-1.883547,0.004796,0.003489,0.005234,0.027045,0.013517,0.029665,0.070280,-0.265020,0.183845,0.017536,0.031008,-0.037184,2.0000,2.0000,1.0000,0.0000,3.0000,20.4555,28.4830,42.6461,-26.0096,10.5322,0.775615,0.924269,0.772861
1786594092030396810,2026-08-13T11:08:12.030419,prediction,0.198369,0.144000,0.143060,True,0.143520,0.170954,0.155616,0.054849,0.026954,0.012556,4.76,20,-0.091637,0.447431,0.430839,-0.146837,0.384418,0.409491,-0.091637,0.447431,0.430839,0.065705,0.208092,0.015234,0.218750,0.015417,0.078575,-0.033914,0.086959,1.571421,0.123975,-1.001978,0.004204,-0.383582,-1.883547,0.004796,0.003489,0.005234,0.027045,0.013517,0.029665,0.070280,-0.265020,0.183845,0.017536,0.031008,-0.037184,2.0000,2.0000,1.0000,0.0000,3.0000,21.8201,29.6937,42.0563,-28.9791,11.5866,0.775615,0.924269,0.772861
1786594092064024845,2026-08-13T11:08:12.064046,prediction,0.198919,0.137000,0.143094,True,0.140876,0.178954,0.155049,0.058043,0.041954,0.011955,4.55,20,-0.091637,0.447431,0.430839,-0.145155,0.390769,0.409712,-0.090849,0.450453,0.429938,0.049409,0.186556,0.006465,0.193096,0.015417,0.078575,-0.033914,0.086959,1.571421,0.123975,-1.001978,0.004204,-0.383582,-1.883547,0.004796,0.003489,0.005234,0.027045,0.013517,0.029665,0.070280,-0.265020,0.183845,0.017536,0.031008,-0.037184,2.0000,2.0000,1.0000,0.0000,3.0000,24.2117,31.3714,42.4666,-28.6430,13.2004,0.775615,0.924269,0.772861
1786594092093733377,2026-08-13T11:08:12.093748,prediction,0.194928,0.144000,0.143060,True,0.135686,0.186954,0.153312,0.059242,0.042954,0.010252,4.52,20,-0.089704,0.453888,0.428776,-0.143160,0.395559,0.409928,-0.089704,0.453888,0.428776,0.066356,0.159307,0.007190,0.172724,0.028867,0.096464,-0.030808,0.105298,1.571421,0.123975,-1.001978,0.004204,-0.383582,-1.883547,0.004796,0.003489,0.005234,0.027045,0.013517,0.029665,0.070280,-0.265020,0.183845,0.017536,0.031008,-0.037184,2.0000,2.0000,1.0000,0.0000,3.0000,23.9327,31.3622,43.1206,-24.3453,13.1947,0.775615,0.924269,0.772861
1786594092129951698,2026-08-13T11:08:12.129971,prediction,0.193312,0.165000,0.142960,True,0.132241,0.194954,0.152972,0.061071,0.029954,0.010011,4.59,20,-0.089704,0.453888,0.428776,-0.140921,0.400037,0.409893,-0.087680,0.457407,0.427514,0.062683,0.125388,-0.000976,0.140187,0.028867,0.096464,-0.030808,0.105298,1.568455,0.125086,-0.997606,0.006338,-0.386353,-1.882728,0.073301,0.031414,0.072425,0.032284,0.096863,0.094244,-0.189700,-0.005180,0.242941,-0.068352,-0.062944,0.045248,2.0000,2.0000,1.0000,0.0000,3.0000,22.9764,30.5329,44.6004,-22.7166,14.9922,0.775615,0.924269,0.772861
1786594092159402488,2026-08-13T11:08:12.159414,prediction,0.193312,0.165000,0.146374,True,0.137071,0.202954,0.154757,0.056241,0.037954,0.008384,4.44,20,-0.085166,0.461026,0.426219,-0.139142,0.405573,0.410098,-0.085166,0.461026,0.426219,0.058856,0.183094,0.006771,0.192440,0.068303,0.107423,-0.038492,0.132991,1.567494,0.125491,-0.996654,0.005907,-0.387625,-1.881499,0.083336,0.034465,0.082024,0.037523,0.110391,0.107772,-0.190260,-0.010220,0.246427,-0.066624,-0.063232,0.047104,2.0000,2.0000,1.0000,0.0000,3.0000,21.7734,29.2948,45.9837,-21.9564,14.6909,0.775615,0.924269,0.772861
1786594092196200479,2026-08-13T11:08:12.196221,prediction,0.194928,0.144000,0.146508,True,0.142929,0.207164,0.153639,0.051999,0.063164,0.007131,4.37,20,-0.085166,0.461026,0.426219,-0.137383,0.411320,0.410307,-0.083373,0.465063,0.425113,0.048217,0.157578,0.005729,0.164890,0.068303,0.107423,-0.038492,0.132991,1.564241,0.126837,-0.993457,0.004527,-0.391828,-1.877381,0.116063,0.047558,0.111259,0.045812,0.148345,0.142675,-0.215040,0.005180,0.268920,-0.073024,-0.070080,0.052768,2.0000,2.0000,2.0000,0.0000,3.0000,20.9758,28.0871,47.5141,-22.0130,15.2404,0.775615,0.924269,0.772861
1786594092226285061,2026-08-13T11:08:12.226299,prediction,0.194389,0.151000,0.146463,True,0.137221,0.211931,0.150451,0.057168,0.060931,0.003988,4.41,20,-0.082109,0.469184,0.423998,-0.135456,0.416362,0.410505,-0.082109,0.469184,0.423998,0.064518,0.168786,0.006649,0.180819,0.045681,0.121924,-0.033195,0.134365,1.564241,0.126837,-0.993457,0.004527,-0.391828,-1.877381,0.116063,0.047558,0.111259,0.045812,0.148345,0.142675,-0.215040,0.005180,0.268920,-0.073024,-0.070080,0.052768,2.0000,2.0000,2.0000,0.0000,3.0000,21.7874,28.3175,47.8728,-25.1387,17.3052,0.775615,0.924269,0.772861
1786594092267032975,2026-08-13T11:08:12.267054,prediction,0.193067,0.123000,0.150125,True,0.132467,0.210145,0.154214,0.060601,0.087145,0.004088,4.31,20,-0.082109,0.469184,0.423998,-0.133679,0.422118,0.410948,-0.080150,0.473462,0.422823,0.043405,0.140616,0.010819,0.147560,0.045681,0.121924,-0.033195,0.134365,1.564241,0.126837,-0.993457,0.004527,-0.391828,-1.877381,0.116063,0.047558,0.111259,0.045812,0.148345,0.142675,-0.215040,0.005180,0.268920,-0.073024,-0.070080,0.052768,2.0000,2.0000,2.0000,0.0000,3.0000,21.9412,27.8846,49.8947,-23.3268,17.0799,0.775615,0.924269,0.772861
1786594092298734369,2026-08-13T11:08:12.298756,prediction,0.191486,0.144000,0.149956,True,0.129042,0.212916,0.155440,0.062444,0.068916,0.005484,4.29,20,-0.078233,0.477929,0.422086,-0.131888,0.428015,0.411385,-0.078233,0.477929,0.422086,0.056889,0.187328,0.013867,0.196267,0.057883,0.130586,-0.028548,0.145665,1.564241,0.126837,-0.993457,0.004527,-0.391828,-1.877381,0.116063,0.047558,0.111259,0.045812,0.148345,0.142675,-0.215040,0.005180,0.268920,-0.073024,-0.070080,0.052768,2.0000,2.0000,2.0000,0.0000,3.0000,23.5007,28.7613,49.0622,-27.8702,18.4472,0.775615,0.924269,0.772861
1786594092331610610,2026-08-13T11:08:12.331630,prediction,0.187530,0.151000,0.149900,True,0.128337,0.216533,0.156064,0.059192,0.065533,0.006165,4.17,20,-0.078233,0.477929,0.422086,-0.129873,0.433088,0.411820,-0.076295,0.482531,0.421527,0.060460,0.152206,0.013053,0.164293,0.057883,0.130586,-0.028548,0.145665,1.564241,0.126837,-0.993457,0.004527,-0.391828,-1.877381,0.116063,0.047558,0.111259,0.045812,0.148345,0.142675,-0.215040,0.005180,0.268920,-0.073024,-0.070080,0.052768,2.0000,2.0000,2.0000,0.0000,3.0000,22.7658,27.9215,50.7201,-25.9587,17.4528,0.775615,0.924269,0.772861
1786594092361233685,2026-08-13T11:08:12.361248,prediction,0.185468,0.179000,0.149674,True,0.125826,0.224533,0.159412,0.059642,0.045533,0.009738,4.14,20,-0.073900,0.487183,0.421168,-0.127635,0.438370,0.412235,-0.073900,0.487183,0.421168,0.075639,0.178516,0.014036,0.194386,0.065482,0.139854,-0.013869,0.155046,1.527783,0.141401,-0.957389,-0.009895,-0.438923,-1.830944,0.230382,0.088139,0.228637,0.083335,0.293650,0.291031,-0.204260,-0.013860,0.250328,-0.072704,-0.080384,0.054720,2.0000,2.0000,2.0000,0.0000,3.0000,22.3526,27.6471,51.9405,-24.1457,16.8960,0.775615,0.924269,0.772861
1786594092399648754,2026-08-13T11:08:12.399664,prediction,0.181580,0.186000,0.152996,True,0.125708,0.232533,0.163974,0.055872,0.046533,0.010978,4.56,20,-0.073900,0.487183,0.421168,-0.125589,0.444812,0.412884,-0.070804,0.491909,0.421243,0.054712,0.172211,0.017340,0.181523,0.065482,0.139854,-0.013869,0.155046,1.518499,0.144792,-0.948081,-0.012935,-0.450759,-1.819011,0.233433,0.079847,0.234310,0.070249,0.301498,0.304559,-0.221900,-0.033460,0.254810,-0.074144,-0.081536,0.056896,2.0000,2.0000,2.0000,0.0000,3.0000,21.9878,27.4186,52.5110,-23.8713,16.8478,0.775615,0.924269,0.772861
1786594092429124832,2026-08-13T11:08:12.429144,prediction,0.182588,0.172000,0.153132,True,0.130473,0.236426,0.164808,0.052115,0.064426,0.011676,4.31,20,-0.068234,0.497045,0.421776,-0.123679,0.451861,0.413532,-0.068234,0.497045,0.421776,0.064131,0.236745,0.021775,0.246242,0.085157,0.148208,0.009136,0.171175,1.511861,0.146915,-0.941389,-0.014703,-0.459318,-1.810355,0.238235,0.073738,0.241723,0.056721,0.309787,0.312406,-0.224980,-0.045220,0.252984,-0.068960,-0.082656,0.059168,2.0000,2.0000,2.0000,0.0000,3.0000,22.1720,27.6330,52.9474,-24.7213,17.1428,0.775615,0.924269,0.772861
1786594092463973878,2026-08-13T11:08:12.463992,prediction,0.180644,0.199000,0.152870,True,0.124507,0.244426,0.162810,0.056137,0.045426,0.009941,4.63,20,-0.068234,0.497045,0.421776,-0.121722,0.458604,0.414167,-0.066418,0.502357,0.422467,0.056227,0.193729,0.018260,0.202549,0.085157,0.148208,0.009136,0.171175,1.508953,0.147751,-0.938467,-0.015361,-0.463047,-1.806550,0.243469,0.068498,0.245217,0.053659,0.309787,0.317645,-0.226520,-0.049560,0.264106,-0.072128,-0.082048,0.057120,2.0000,2.0000,2.0000,0.0000,3.0000,22.6277,28.1107,53.9858,-22.6334,17.0990,0.775615,0.924269,0.772861
1786594092496569976,2026-08-13T11:08:12.496588,prediction,0.177294,0.199000,0.152870,True,0.120011,0.251341,0.165160,0.057283,0.052341,0.012290,4.32,20,-0.064459,0.507896,0.423058,-0.120088,0.465979,0.414821,-0.064459,0.507896,0.423058,0.050331,0.227117,0.020138,0.233497,0.056589,0.162657,0.019218,0.173289,1.498055,0.150463,-0.927523,-0.017247,-0.477093,-1.792343,0.251322,0.057156,0.252630,0.034903,0.323757,0.328985,-0.231840,-0.065660,0.264604,-0.070624,-0.079488,0.057504,2.0000,2.0000,2.0000,0.0000,3.0000,22.3317,28.3278,54.0600,-22.3801,17.0642,0.775615,0.924269,0.772861
1786594092525268484,2026-08-13T11:08:12.525286,prediction,0.178208,0.186000,0.152996,True,0.123564,0.254273,0.165547,0.054644,0.068273,0.012551,4.26,20,-0.064459,0.507896,0.423058,-0.118744,0.470388,0.415484,-0.062628,0.513775,0.423797,0.045500,0.149238,0.022424,0.157623,0.056589,0.162657,0.019218,0.173289,1.498055,0.150463,-0.927523,-0.017247,-0.477093,-1.792343,0.251322,0.057156,0.252630,0.034903,0.323757,0.328985,-0.231840,-0.065660,0.264604,-0.070624,-0.079488,0.057504,2.0000,2.0000,2.0000,0.0000,3.0000,22.2046,28.2230,54.4263,-21.7486,17.2183,0.775615,0.924269,0.772861
1786594092567679035,2026-08-13T11:08:12.567695,prediction,0.173943,0.199000,0.152870,True,0.117640,0.259218,0.164712,0.056303,0.060218,0.011843,4.42,20,-0.061297,0.519665,0.424459,-0.117079,0.474203,0.416136,-0.061297,0.519665,0.424459,0.039721,0.091009,0.015548,0.100510,0.046971,0.174868,0.020818,0.182260,1.498055,0.150463,-0.927523,-0.017247,-0.477093,-1.792343,0.251322,0.057156,0.252630,0.034903,0.323757,0.328985,-0.231840,-0.065660,0.264604,-0.070624,-0.079488,0.057504,2.0000,2.0000,2.0000,0.0000,3.0000,21.8581,27.9877,54.3068,-21.2420,16.0270,0.775615,0.924269,0.772861
1786594092598508596,2026-08-13T11:08:12.598523,prediction,0.170124,0.206000,0.152802,True,0.114034,0.264575,0.167205,0.056089,0.058575,0.014403,4.95,20,-0.061297,0.519665,0.424459,-0.115425,0.477899,0.416785,-0.059748,0.525287,0.425103,0.054193,0.121138,0.021284,0.134404,0.046971,0.174868,0.020818,0.182260,1.498055,0.150463,-0.927523,-0.017247,-0.477093,-1.792343,0.251322,0.057156,0.252630,0.034903,0.323757,0.328985,-0.231840,-0.065660,0.264604,-0.070624,-0.079488,0.057504,2.0000,2.0000,1.0000,0.0000,3.0000,19.4558,26.1791,55.5963,-17.9874,14.6786,0.775615,0.924269,0.772861
1786594092631531722,2026-08-13T11:08:12.631549,prediction,0.166327,0.213000,0.156068,True,0.113890,0.270260,0.172801,0.052436,0.057260,0.016733,4.55,20,-0.058305,0.530692,0.426030,-0.113626,0.481945,0.417659,-0.058305,0.530692,0.426030,0.053514,0.120352,0.025993,0.134253,0.044989,0.165772,0.023609,0.173384,1.458729,0.156232,-0.887953,-0.018864,-0.527497,-1.741443,0.259613,0.034465,0.263976,0.000000,0.323315,0.325934,-0.186620,-0.048020,0.271825,-0.046592,-0.082880,0.055840,2.0000,2.0000,1.0000,0.0000,3.0000,18.5320,25.5429,56.2346,-15.4670,12.2154,0.775615,0.924269,0.772861
1786594092665120848,2026-08-13T11:08:12.665138,prediction,0.161342,0.239000,0.155772,True,0.111569,0.278260,0.173115,0.049773,0.039260,0.017343,4.51,20,-0.058305,0.530692,0.426030,-0.111495,0.485314,0.418285,-0.057081,0.535913,0.427352,0.063827,0.100896,0.018764,0.120855,0.044989,0.165772,0.023609,0.173384,1.453692,0.156970,-0.882734,-0.018853,-0.533684,-1.735169,0.246527,0.039267,0.258303,0.000000,0.296259,0.304559,-0.168000,-0.042700,0.262446,-0.032800,-0.082592,0.048928,2.0000,2.0000,1.0000,0.0000,3.0000,19.0608,26.2694,55.5002,-16.1648,11.8328,0.775615,0.924269,0.772861
1786594092697404900,2026-08-13T11:08:12.697424,prediction,0.158865,0.226000,0.155920,True,0.113805,0.281744,0.173153,0.045060,0.055744,0.017233,4.35,20,-0.055381,0.540973,0.428575,-0.109090,0.489241,0.418913,-0.055381,0.540973,0.428575,0.074924,0.122385,0.019554,0.144824,0.043864,0.154260,0.038198,0.164862,1.445335,0.158584,-0.873744,-0.018821,-0.543407,-1.725220,0.220346,0.050609,0.243470,0.000000,0.247827,0.256117,-0.160860,-0.010780,0.259126,-0.012704,-0.069856,0.046304,2.0000,2.0000,1.0000,0.0000,3.0000,19.4256,26.6978,54.5764,-17.5348,12.5944,0.775615,0.924269,0.772861
1786594092725716895,2026-08-13T11:08:12.725736,prediction,0.158430,0.233000,0.155840,True,0.108602,0.287996,0.172301,0.049828,0.054996,0.016461,4.46,20,-0.055381,0.540973,0.428575,-0.106693,0.494400,0.419538,-0.053440,0.546001,0.429876,0.083236,0.179117,0.021706,0.198702,0.043864,0.154260,0.038198,0.164862,1.441944,0.159453,-0.869930,-0.018799,-0.547126,-1.721372,0.207253,0.058463,0.236050,0.000000,0.223833,0.234310,-0.143500,-0.014840,0.259458,-0.002912,-0.067456,0.043136,2.0000,2.0000,1.0000,0.0000,3.0000,21.1690,28.1888,53.8076,-19.1129,12.9731,0.775615,0.924269,0.772861
1786594092758901495,2026-08-13T11:08:12.758918,prediction,0.158430,0.233000,0.155840,True,0.109562,0.292996,0.172228,0.048867,0.059996,0.016388,4.37,20,-0.055381,0.540973,0.428575,-0.104384,0.500179,0.419919,-0.051532,0.550985,0.431333,0.069689,0.174389,0.011499,0.188150,0.043864,0.154260,0.038198,0.164862,1.433568,0.162374,-0.859915,-0.018734,-0.555318,-1.712619,0.176277,0.073738,0.221217,0.000000,0.156634,0.174959,-0.159600,0.013020,0.253316,0.009920,-0.058944,0.037344,2.0000,2.0000,1.0000,0.0000,3.0000,20.8197,28.2889,53.2619,-19.8833,13.0026,0.775615,0.924269,0.772861
1786594092787639372,2026-08-13T11:08:12.787656,prediction,0.158057,0.239000,0.155772,True,0.111391,0.298197,0.171503,0.046667,0.059197,0.015731,4.74,20,-0.051532,0.550985,0.431333,-0.102155,0.506081,0.420307,-0.050005,0.556133,0.432534,0.078140,0.206951,0.013595,0.221629,0.057953,0.150724,0.041515,0.166733,1.427067,0.165771,-0.851313,-0.018637,-0.560266,-1.706928,0.151841,0.092934,0.211618,0.000000,0.099482,0.118680,-0.132580,0.013860,0.267592,0.005472,-0.055264,0.036736,2.0000,2.0000,1.0000,0.0000,3.0000,20.8949,28.4293,53.5000,-18.5772,12.4836,0.775615,0.924269,0.772861
1786594092822417253,2026-08-13T11:08:12.822436,prediction,0.157623,0.246000,0.158972,True,0.114064,0.300777,0.174191,0.043559,0.054776,0.015219,4.25,20,-0.051532,0.550985,0.431333,-0.100162,0.512328,0.420912,-0.048828,0.561487,0.433605,0.057280,0.179475,0.017376,0.189194,0.057953,0.150724,0.041515,0.166733,1.425297,0.166928,-0.848800,-0.018627,-0.561323,-1.705634,0.145295,0.098174,0.209871,0.000000,0.083766,0.102533,-0.123060,0.011060,0.266347,0.002080,-0.050592,0.036640,2.0000,2.0000,1.0000,0.0000,3.0000,21.6713,29.0872,52.6201,-18.8166,11.6628,0.775615,0.924269,0.772861
1786594092852011047,2026-08-13T11:08:12.852031,prediction,0.158865,0.226000,0.159232,True,0.121955,0.292777,0.172600,0.036910,0.066776,0.013368,4.49,20,-0.047877,0.567106,0.434813,-0.098388,0.518271,0.421549,-0.047877,0.567106,0.434813,0.060633,0.203167,0.021785,0.213138,0.054914,0.242189,0.052286,0.253781,1.425297,0.166928,-0.848800,-0.018627,-0.561323,-1.705634,0.145295,0.098174,0.209871,0.000000,0.083766,0.102533,-0.123060,0.011060,0.266347,0.002080,-0.050592,0.036640,2.0000,2.0000,1.0000,0.0000,3.0000,21.4652,29.1997,51.4705,-18.3207,11.4660,0.775615,0.924269,0.772861
1786594092887351469,2026-08-13T11:08:12.887372,prediction,0.154773,0.239000,0.159063,True,0.113955,0.298021,0.170262,0.040818,0.059021,0.011199,4.45,20,-0.047877,0.567106,0.434813,-0.096601,0.522659,0.421953,-0.047618,0.572585,0.435693,0.050534,0.124090,0.011437,0.134473,0.054914,0.242189,0.052286,0.253781,1.425297,0.166928,-0.848800,-0.018627,-0.561323,-1.705634,0.145295,0.098174,0.209871,0.000000,0.083766,0.102533,-0.123060,0.011060,0.266347,0.002080,-0.050592,0.036640,2.0000,2.0000,1.0000,0.0000,3.0000,23.3801,31.1505,48.3175,-19.3363,12.2377,0.775615,0.924269,0.772861
1786594092920132265,2026-08-13T11:08:12.920152,prediction,0.154773,0.239000,0.162354,True,0.114442,0.299546,0.174110,0.040331,0.060546,0.011756,4.49,20,-0.046835,0.577600,0.436112,-0.094746,0.526737,0.422568,-0.046835,0.577600,0.436112,0.056878,0.125073,0.018858,0.138686,0.015581,0.156986,0.019424,0.158949,1.425297,0.166928,-0.848800,-0.018627,-0.561323,-1.705634,0.145295,0.098174,0.209871,0.000000,0.083766,0.102533,-0.123060,0.011060,0.266347,0.002080,-0.050592,0.036640,3.0000,2.0000,2.0000,0.0000,4.0000,25.3072,33.1548,44.8563,-24.6228,15.3814,0.775615,0.924269,0.772861
1786594092950175363,2026-08-13T11:08:12.950195,prediction,0.159299,0.219000,0.162647,True,0.122442,0.291546,0.174777,0.036857,0.072546,0.012129,4.38,20,-0.046835,0.577600,0.436112,-0.093323,0.530379,0.423220,-0.045766,0.582096,0.436732,0.047088,0.120522,0.021570,0.131179,0.015581,0.156986,0.019424,0.158949,1.422520,0.169018,-0.844629,-0.018616,-0.562659,-1.703812,0.135697,0.107772,0.208124,0.000000,0.056279,0.083766,-0.136640,0.018200,0.267592,-0.001504,-0.048992,0.034240,3.0000,2.0000,2.0000,0.0000,4.0000,26.7827,34.6692,42.6154,-26.4786,16.1630,0.775615,0.924269,0.772861
1786594092984194963,2026-08-13T11:08:12.984211,prediction,0.158430,0.233000,0.162442,True,0.114442,0.295837,0.174210,0.043988,0.062837,0.011768,4.41,20,-0.045628,0.586280,0.437530,-0.092066,0.532921,0.423858,-0.045628,0.586280,0.437530,0.036852,0.074482,0.018700,0.085178,0.018186,0.130841,0.021373,0.133816,1.404886,0.188547,-0.810494,-0.018885,-0.564912,-1.695545,0.084643,0.116063,0.217730,0.002609,0.002609,0.045812,-0.120540,-0.039900,0.275477,-0.077824,-0.010752,0.033120,3.0000,2.0000,2.0000,0.0000,4.0000,27.5353,35.4464,41.9774,-25.9477,16.2766,0.775615,0.924269,0.772861
1786594093013419423,2026-08-13T11:08:13.013437,prediction,0.157623,0.246000,0.162251,True,0.112381,0.301870,0.176462,0.045242,0.055870,0.014211,4.52,20,-0.045628,0.586280,0.437530,-0.090693,0.535243,0.424475,-0.045257,0.589859,0.438133,0.046725,0.079045,0.021008,0.094195,0.018186,0.130841,0.021373,0.133816,1.403598,0.190364,-0.807007,-0.018928,-0.564869,-1.694812,0.076790,0.111261,0.217730,0.002609,0.002609,0.045812,-0.115220,-0.052920,0.275975,-0.079104,0.016928,0.031456,3.0000,2.0000,2.0000,0.0000,4.0000,28.0722,35.6420,41.4413,-25.7617,15.9896,0.775615,0.924269,0.772861
1786594093048430693,2026-08-13T11:08:13.048448,prediction,0.156877,0.258000,0.158816,True,0.115662,0.309096,0.175439,0.041215,0.051096,0.016623,4.54,20,-0.044512,0.592948,0.438861,-0.089556,0.538214,0.424872,-0.044512,0.592948,0.438861,0.032845,0.085770,0.011444,0.092554,0.016614,0.099183,0.019799,0.102496,1.403598,0.190364,-0.807007,-0.018928,-0.564869,-1.694812,0.076790,0.111261,0.217730,0.002609,0.002609,0.045812,-0.115220,-0.052920,0.275975,-0.079104,0.016928,0.031456,3.0000,2.0000,2.0000,0.0000,4.0000,29.0488,36.5116,39.6816,-26.8978,16.1895,0.775615,0.924269,0.772861
1786594093079222853,2026-08-13T11:08:13.079239,prediction,0.153987,0.252000,0.158894,True,0.121138,0.307498,0.175953,0.032849,0.055498,0.017059,4.34,20,-0.044512,0.592948,0.438861,-0.088480,0.541635,0.425278,-0.044380,0.596104,0.439576,0.034004,0.108130,0.012838,0.114076,0.016614,0.099183,0.019799,0.102496,1.403598,0.190364,-0.807007,-0.018928,-0.564869,-1.694812,0.076790,0.111261,0.217730,0.002609,0.002609,0.045812,-0.115220,-0.052920,0.275975,-0.079104,0.016928,0.031456,3.0000,2.0000,2.0000,0.0000,4.0000,27.8446,35.5778,40.8057,-25.4314,15.1231,0.775615,0.924269,0.772861
1786594093115442334,2026-08-13T11:08:13.115462,prediction,0.153624,0.258000,0.155556,True,0.118997,0.312457,0.171070,0.034627,0.054457,0.015513,4.43,20,-0.044853,0.599310,0.440159,-0.087633,0.545092,0.425244,-0.044853,0.599310,0.440159,0.023726,0.096869,-0.000955,0.099737,-0.005158,0.096042,0.019598,0.098157,1.403598,0.190364,-0.807007,-0.018928,-0.564869,-1.694812,0.076790,0.111261,0.217730,0.002609,0.002609,0.045812,-0.115220,-0.052920,0.275975,-0.079104,0.016928,0.031456,3.0000,2.0000,2.0000,0.0000,4.0000,27.0266,35.4590,40.5353,-25.6018,15.3370,0.775615,0.924269,0.772861
1786594093151164702,2026-08-13T11:08:13.151184,prediction,0.154168,0.249000,0.155659,True,0.120260,0.311896,0.170536,0.033908,0.062896,0.014877,7.30,20,-0.044853,0.599310,0.440159,-0.087155,0.547864,0.425236,-0.045194,0.602326,0.440044,0.014416,0.083545,-0.000228,0.084780,-0.005158,0.096042,0.019598,0.098157,1.402161,0.192533,-0.802635,-0.018961,-0.564783,-1.693928,0.068498,0.106459,0.217291,0.000000,0.005670,0.042751,-0.116200,-0.055440,0.270331,-0.079584,0.043744,0.031008,3.0000,2.0000,1.0000,0.0000,3.0000,28.0054,36.2003,40.0062,-24.3432,14.8053,0.775615,0.924269,0.772861
1786594093181647737,2026-08-13T11:08:13.181665,prediction,0.156877,0.258000,0.155556,True,0.127057,0.317117,0.168762,0.029821,0.059117,0.013205,5.30,20,-0.045773,0.605150,0.439872,-0.087022,0.550125,0.425212,-0.045773,0.605150,0.439872,0.004127,0.070438,-0.000755,0.070563,-0.013813,0.087684,-0.004315,0.088871,1.396006,0.205241,-0.768315,-0.019036,-0.562573,-1.688786,0.019634,0.063703,0.223395,0.000000,0.013517,0.026614,-0.122640,-0.082460,0.287346,-0.068960,0.042144,0.031680,3.0000,2.0000,2.0000,0.0000,4.0000,27.8344,35.8040,39.2141,-24.8887,15.0239,0.775615,0.924269,0.772861
1786594093216897750,2026-08-13T11:08:13.216915,prediction,0.156877,0.258000,0.155556,True,0.132016,0.311720,0.166585,0.024862,0.053720,0.011029,4.48,20,-0.045773,0.605150,0.439872,-0.086919,0.551910,0.425193,-0.046657,0.607538,0.439579,0.002848,0.049138,-0.000521,0.049223,-0.013813,0.087684,-0.004315,0.088871,1.395150,0.207848,-0.759541,-0.019036,-0.562153,-1.687708,0.024429,0.068498,0.217291,0.002609,0.005670,0.029665,-0.157080,-0.060760,0.276805,-0.066400,0.040960,0.034624,3.0000,2.0000,2.0000,0.0000,4.0000,28.9171,36.4359,39.1337,-26.1006,17.0158,0.775615,0.924269,0.772861
1786594093255291033,2026-08-13T11:08:13.255309,prediction,0.161119,0.242500,0.155733,True,0.140016,0.303720,0.166211,0.021103,0.061220,0.010479,4.24,20,-0.048218,0.609624,0.439198,-0.087098,0.553601,0.425186,-0.048218,0.609624,0.439198,-0.004638,0.043741,-0.000186,0.043987,-0.036503,0.066820,-0.010062,0.076803,1.394562,0.209292,-0.755229,-0.019036,-0.562077,-1.687061,0.032720,0.075045,0.213797,0.000000,0.000000,0.035335,-0.162400,-0.056700,0.283196,-0.071296,0.041248,0.034176,3.0000,2.0000,2.0000,0.0000,4.0000,29.2002,36.6491,38.9850,-24.5455,16.5426,0.775615,0.924269,0.772861
1786594093291669567,2026-08-13T11:08:13.291683,prediction,0.160896,0.246000,0.155693,True,0.137192,0.303926,0.163377,0.023704,0.057925,0.007684,3.86,20,-0.048218,0.609624,0.439198,-0.087287,0.554632,0.425180,-0.050248,0.611307,0.438797,-0.005105,0.027828,-0.000143,0.028293,-0.036503,0.066820,-0.010062,0.076803,1.394562,0.209292,-0.755229,-0.019036,-0.562077,-1.687061,0.032720,0.075045,0.213797,0.000000,0.000000,0.035335,-0.162400,-0.056700,0.283196,-0.071296,0.041248,0.034176,3.0000,2.0000,2.0000,0.0000,4.0000,29.6653,36.6120,39.1007,-22.9389,15.9839,0.775615,0.924269,0.772861
1786594093329499611,2026-08-13T11:08:13.329536,prediction,0.161342,0.239000,0.155772,True,0.140301,0.295926,0.163726,0.021041,0.056925,0.007954,5.49,20,-0.050248,0.611307,0.438797,-0.087535,0.555025,0.424967,-0.051968,0.612226,0.438255,-0.007094,0.011242,-0.006103,0.014627,-0.030571,0.025335,-0.006040,0.040161,1.394562,0.209292,-0.755229,-0.019036,-0.562077,-1.687061,0.032720,0.075045,0.213797,0.000000,0.000000,0.035335,-0.162400,-0.056700,0.283196,-0.071296,0.041248,0.034176,3.0000,2.0000,2.0000,0.0000,4.0000,30.3249,36.8174,38.2457,-23.8542,16.1435,0.775615,0.924269,0.772861
1786594093358946142,2026-08-13T11:08:13.358963,prediction,0.156877,0.258000,0.155556,True,0.135055,0.303758,0.163083,0.021823,0.045758,0.007527,4.48,20,-0.050248,0.611307,0.438797,-0.087403,0.555477,0.424722,-0.053717,0.612704,0.437557,0.004232,0.014437,-0.007829,0.016959,-0.030571,0.025335,-0.006040,0.040161,1.394562,0.209292,-0.755229,-0.019036,-0.562077,-1.687061,0.032720,0.075045,0.213797,0.000000,0.000000,0.035335,-0.162400,-0.056700,0.283196,-0.071296,0.041248,0.034176,3.0000,2.0000,2.0000,0.0000,4.0000,30.6960,36.8998,38.1652,-23.5432,15.6610,0.775615,0.924269,0.772861
1786594093394307430,2026-08-13T11:08:13.394329,prediction,0.152476,0.277000,0.155340,True,0.134194,0.307433,0.163881,0.018281,0.030432,0.008541,4.52,20,-0.053717,0.612704,0.437557,-0.087250,0.556581,0.424474,-0.054590,0.613097,0.436923,0.004359,0.031416,-0.007064,0.032494,-0.051711,0.020835,-0.018475,0.058732,1.394562,0.209292,-0.755229,-0.019036,-0.562077,-1.687061,0.032720,0.075045,0.213797,0.000000,0.000000,0.035335,-0.162400,-0.056700,0.283196,-0.071296,0.041248,0.034176,3.0000,2.0000,2.0000,0.0000,4.0000,30.9934,37.1426,37.9447,-23.5840,15.4910,0.775615,0.924269,0.772861
1786594093432811604,2026-08-13T11:08:13.432829,prediction,0.152476,0.277000,0.155340,True,0.139849,0.302090,0.164541,0.012626,0.025090,0.009200,6.00,20,-0.055940,0.613481,0.436497,-0.087097,0.558828,0.424006,-0.055940,0.613481,0.436497,0.004149,0.060893,-0.012669,0.062335,-0.033420,0.011678,-0.015936,0.038823,1.393752,0.210899,-0.750983,-0.019036,-0.562077,-1.686296,0.045814,0.085081,0.212057,0.000000,0.000000,0.040573,-0.143500,-0.035840,0.273236,-0.083104,0.013536,0.033792,3.0000,2.0000,2.0000,0.0000,4.0000,31.1492,37.3125,37.7664,-22.0244,15.7859,0.775615,0.924269,0.772861
1786594093466954160,2026-08-13T11:08:13.466970,prediction,0.148901,0.283000,0.152054,True,0.133103,0.304565,0.159644,0.015798,0.021565,0.007590,4.25,20,-0.055940,0.613481,0.436497,-0.086403,0.561304,0.423300,-0.057633,0.613864,0.435860,0.019099,0.068220,-0.019457,0.073467,-0.033420,0.011678,-0.015936,0.038823,1.380450,0.234132,-0.711838,-0.020341,-0.569030,-1.673512,0.079847,0.159695,0.238236,0.005670,0.075477,0.086386,-0.152740,-0.051380,0.312578,-0.091840,-0.055616,0.035584,3.0000,2.0000,2.0000,0.0000,4.0000,31.6571,37.7897,36.3770,-24.6060,15.5197,0.775615,0.924269,0.772861
1786594093498388289,2026-08-13T11:08:13.498403,prediction,0.146032,0.277000,0.152112,True,0.130586,0.300007,0.161344,0.015446,0.023007,0.009232,4.68,20,-0.058344,0.614289,0.434851,-0.085577,0.564146,0.422611,-0.058344,0.614289,0.434851,0.026277,0.090350,-0.021894,0.096607,-0.035574,0.011960,-0.024363,0.044745,1.380450,0.234132,-0.711838,-0.020341,-0.569030,-1.673512,0.079847,0.159695,0.238236,0.005670,0.075477,0.086386,-0.152740,-0.051380,0.312578,-0.091840,-0.055616,0.035584,3.0000,2.0000,2.0000,0.0000,4.0000,31.6499,37.9392,36.2542,-24.0706,15.1962,0.775615,0.924269,0.772861
1786594093531062611,2026-08-13T11:08:13.531078,prediction,0.143143,0.271000,0.152171,True,0.126567,0.296289,0.161502,0.016576,0.025289,0.009332,4.36,20,-0.058344,0.614289,0.434851,-0.084612,0.567061,0.421939,-0.059420,0.614708,0.433993,0.030127,0.090979,-0.020975,0.098106,-0.035574,0.011960,-0.024363,0.044745,1.380450,0.234132,-0.711838,-0.020341,-0.569030,-1.673512,0.079847,0.159695,0.238236,0.005670,0.075477,0.086386,-0.152740,-0.051380,0.312578,-0.091840,-0.055616,0.035584,3.0000,2.0000,1.0000,0.0000,3.0000,31.6501,38.1520,38.0316,-20.7600,14.7923,0.775615,0.924269,0.772861
1786594093562883819,2026-08-13T11:08:13.562897,prediction,0.138565,0.296000,0.148731,True,0.120474,0.304289,0.155252,0.018091,0.008289,0.006521,4.36,20,-0.060366,0.615014,0.432996,-0.083391,0.569297,0.421267,-0.060366,0.615014,0.432996,0.038080,0.069755,-0.020971,0.082192,-0.030706,0.011005,-0.028170,0.043099,1.380450,0.234132,-0.711838,-0.020341,-0.569030,-1.673512,0.079847,0.159695,0.238236,0.005670,0.075477,0.086386,-0.152740,-0.051380,0.312578,-0.091840,-0.055616,0.035584,3.0000,2.0000,2.0000,0.0000,4.0000,32.2899,38.4892,38.7089,-20.9854,15.1796,0.775615,0.924269,0.772861
1786594093595272461,2026-08-13T11:08:13.595289,prediction,0.132921,0.343000,0.145233,True,0.116914,0.312289,0.152265,0.016007,0.030711,0.007031,4.18,20,-0.060366,0.615014,0.432996,-0.081986,0.572091,0.420356,-0.060687,0.614976,0.431650,0.043481,0.086500,-0.028196,0.100836,-0.030706,0.011005,-0.028170,0.043099,1.380450,0.234132,-0.711838,-0.020341,-0.569030,-1.673512,0.079847,0.159695,0.238236,0.005670,0.075477,0.086386,-0.152740,-0.051380,0.312578,-0.091840,-0.055616,0.035584,3.0000,2.0000,2.0000,0.0000,4.0000,32.1666,38.4143,37.9331,-19.6964,15.1911,0.775615,0.924269,0.772861
1786594093625126826,2026-08-13T11:08:13.625143,prediction,0.130111,0.337000,0.142143,True,0.117257,0.320289,0.150202,0.012854,0.016711,0.008059,4.18,20,-0.060366,0.615014,0.432996,-0.080419,0.576864,0.419462,-0.060405,0.614797,0.430071,0.051775,0.157618,-0.029536,0.168513,-0.030706,0.011005,-0.028170,0.043099,1.378254,0.238699,-0.704938,-0.020567,-0.571347,-1.671151,0.075045,0.164928,0.250890,0.005228,0.088574,0.083335,-0.128240,-0.051100,0.307266,-0.087104,-0.053824,0.037568,3.0000,2.0000,2.0000,0.0000,4.0000,31.6168,37.9247,38.7289,-17.5217,17.1050,0.775615,0.924269,0.772861
1786594093668980198,2026-08-13T11:08:13.668996,prediction,0.126548,0.346000,0.142100,True,0.109257,0.328289,0.147752,0.017290,0.017711,0.005652,4.32,20,-0.060405,0.614797,0.430071,-0.078577,0.582671,0.418558,-0.060289,0.614932,0.428679,0.041706,0.131544,-0.020474,0.139507,-0.000589,-0.003265,-0.044020,0.044145,1.369604,0.270792,-0.643791,-0.020653,-0.599460,-1.661406,0.029231,0.138748,0.317643,0.002609,0.175401,0.024426,-0.121800,-0.085820,0.337561,-0.006976,-0.061792,0.032064,3.0000,2.0000,2.0000,0.0000,4.0000,31.1163,37.5283,39.1282,-15.6613,15.7253,0.775615,0.924269,0.772861
1786594093704186622,2026-08-13T11:08:13.704202,prediction,0.123014,0.355000,0.138958,True,0.102151,0.336289,0.142458,0.020863,0.018711,0.003501,3.88,20,-0.059556,0.615406,0.427160,-0.076320,0.588526,0.417451,-0.059556,0.615406,0.427160,0.064458,0.167170,-0.031595,0.181931,0.012699,0.009104,-0.043503,0.046224,1.369604,0.270792,-0.643791,-0.020653,-0.599460,-1.661406,0.029231,0.138748,0.317643,0.002609,0.175401,0.024426,-0.121800,-0.085820,0.337561,-0.006976,-0.061792,0.032064,3.0000,2.0000,2.0000,0.0000,4.0000,30.5982,36.6323,40.2047,-16.9141,15.5930,0.775615,0.924269,0.772861
1786594093737637784,2026-08-13T11:08:13.737655,prediction,0.123865,0.337000,0.135885,True,0.104118,0.344289,0.138003,0.019746,0.007289,0.002119,4.21,20,-0.059556,0.615406,0.427160,-0.074119,0.594390,0.416140,-0.057896,0.616346,0.425407,0.065266,0.173907,-0.038891,0.189778,0.012699,0.009104,-0.043503,0.046224,1.369604,0.270792,-0.643791,-0.020653,-0.599460,-1.661406,0.029231,0.138748,0.317643,0.002609,0.175401,0.024426,-0.121800,-0.085820,0.337561,-0.006976,-0.061792,0.032064,3.0000,2.0000,2.0000,0.0000,4.0000,29.4947,35.2631,41.5912,-17.1267,15.6027,0.775615,0.924269,0.772861
1786594093768684711,2026-08-13T11:08:13.768700,prediction,0.119921,0.355000,0.132759,True,0.096118,0.352289,0.132377,0.023802,0.002711,0.000382,4.32,20,-0.056036,0.617834,0.423501,-0.071372,0.600737,0.414608,-0.056036,0.617834,0.423501,0.087701,0.202643,-0.048905,0.226158,0.052882,0.036475,-0.054968,0.084548,1.369604,0.270792,-0.643791,-0.020653,-0.599460,-1.661406,0.029231,0.138748,0.317643,0.002609,0.175401,0.024426,-0.121800,-0.085820,0.337561,-0.006976,-0.061792,0.032064,3.0000,2.0000,2.0000,0.0000,4.0000,28.8838,34.4828,42.9874,-18.8123,15.2970,0.775615,0.924269,0.772861
1786594093799525471,2026-08-13T11:08:13.799541,prediction,0.119146,0.372000,0.129691,True,0.094587,0.360289,0.130010,0.024559,0.011711,0.000319,4.10,20,-0.056036,0.617834,0.423501,-0.068589,0.607819,0.412875,-0.053109,0.619869,0.421246,0.090302,0.229785,-0.056239,0.253216,0.052882,0.036475,-0.054968,0.084548,1.369604,0.270792,-0.643791,-0.020653,-0.599460,-1.661406,0.029231,0.138748,0.317643,0.002609,0.175401,0.024426,-0.121800,-0.085820,0.337561,-0.006976,-0.061792,0.032064,3.0000,2.0000,2.0000,0.0000,4.0000,28.4014,33.6452,43.7157,-20.6004,15.5487,0.775615,0.924269,0.772861
1786594093836912971,2026-08-13T11:08:13.836929,prediction,0.116828,0.355000,0.126561,True,0.095631,0.368289,0.126870,0.021196,0.013289,0.000310,3.90,20,-0.050269,0.622855,0.419021,-0.065622,0.615236,0.410928,-0.050269,0.622855,0.419021,0.079462,0.198586,-0.052145,0.220158,0.086423,0.075247,-0.067139,0.132811,1.365684,0.290642,-0.595270,-0.020147,-0.627960,-1.657925,0.013087,0.112568,0.295397,0.002609,0.180640,0.019198,-0.096040,-0.133840,0.327186,-0.003520,-0.063616,0.029792,3.0000,2.0000,2.0000,0.0000,4.0000,26.6104,32.1596,44.6560,-23.9380,15.0761,0.775615,0.924269,0.772861
1786594093873733794,2026-08-13T11:08:13.873771,prediction,0.115333,0.389000,0.123637,True,0.090907,0.376289,0.121321,0.024426,0.012711,0.002315,4.76,20,-0.050269,0.622855,0.419021,-0.062852,0.623439,0.408800,-0.047291,0.626470,0.416564,0.080142,0.237371,-0.061575,0.257991,0.086423,0.075247,-0.067139,0.132811,1.365684,0.290642,-0.595270,-0.020147,-0.627960,-1.657925,0.013087,0.112568,0.295397,0.002609,0.180640,0.019198,-0.096040,-0.133840,0.327186,-0.003520,-0.063616,0.029792,3.0000,2.0000,1.0000,0.0000,3.0000,26.9635,32.6437,44.8445,-28.7195,14.9665,0.775615,0.924269,0.772861
1786594093904175385,2026-08-13T11:08:13.904194,prediction,0.114242,0.343000,0.120280,True,0.089178,0.384289,0.117785,0.025064,0.041289,0.002496,4.36,20,-0.050269,0.622855,0.419021,-0.060303,0.630253,0.406462,-0.044348,0.630634,0.413780,0.080893,0.216252,-0.074179,0.242510,0.086423,0.075247,-0.067139,0.132811,1.365684,0.290642,-0.595270,-0.020147,-0.627960,-1.657925,0.013087,0.112568,0.295397,0.002609,0.180640,0.019198,-0.096040,-0.133840,0.327186,-0.003520,-0.063616,0.029792,2.0000,3.0000,2.0000,0.0000,4.0000,24.5553,31.3930,44.5771,-32.5364,15.5729,0.775615,0.924269,0.772861
1786594093938414930,2026-08-13T11:08:13.938430,prediction,0.109055,0.394000,0.117593,True,0.081178,0.392289,0.114365,0.027878,0.001711,0.003227,4.00,20,-0.050269,0.622855,0.419021,-0.057408,0.637589,0.403946,-0.041347,0.635335,0.410707,0.081735,0.207143,-0.071056,0.233747,0.086423,0.075247,-0.067139,0.132811,1.365684,0.290642,-0.595270,-0.020147,-0.627960,-1.657925,0.013087,0.112568,0.295397,0.002609,0.180640,0.019198,-0.096040,-0.133840,0.327186,-0.003520,-0.063616,0.029792,3.0000,3.0000,2.0000,0.0000,4.0000,26.3034,32.6212,44.0848,-33.3807,15.8382,0.775615,0.924269,0.772861
1786594093970002633,2026-08-13T11:08:13.970019,prediction,0.106026,0.394000,0.117593,True,0.076775,0.400289,0.115170,0.029251,0.006289,0.002422,3.83,20,-0.037435,0.640571,0.407362,-0.054550,0.645296,0.401648,-0.037435,0.640571,0.407362,0.091119,0.245694,-0.073238,0.272088,0.096318,0.132954,-0.087504,0.186040,1.365684,0.290642,-0.595270,-0.020147,-0.627960,-1.657925,0.013087,0.112568,0.295397,0.002609,0.180640,0.019198,-0.096040,-0.133840,0.327186,-0.003520,-0.063616,0.029792,3.0000,3.0000,2.0000,0.0000,4.0000,29.4330,34.2879,42.2297,-38.8900,19.4961,0.775615,0.924269,0.772861
1786594094003511280,2026-08-13T11:08:14.003530,prediction,0.103632,0.377000,0.114386,True,0.076668,0.408289,0.113930,0.026964,0.031289,0.000456,4.21,20,-0.037435,0.640571,0.407362,-0.051723,0.653078,0.399133,-0.033680,0.646296,0.404397,0.085911,0.236505,-0.076442,0.262980,0.096318,0.132954,-0.087504,0.186040,1.365684,0.290642,-0.595270,-0.020147,-0.627960,-1.657925,0.013087,0.112568,0.295397,0.002609,0.180640,0.019198,-0.096040,-0.133840,0.327186,-0.003520,-0.063616,0.029792,3.0000,3.0000,2.0000,0.0000,4.0000,30.4853,35.0580,42.2857,-36.6605,19.6570,0.775615,0.924269,0.772861
1786594094032303797,2026-08-13T11:08:14.032321,prediction,0.099486,0.407500,0.114694,True,0.068668,0.416289,0.112869,0.030818,0.008789,0.001825,4.12,20,-0.030085,0.652679,0.401236,-0.048813,0.660874,0.396635,-0.030085,0.652679,0.401236,0.099416,0.266306,-0.085341,0.296792,0.109770,0.180836,-0.091491,0.230482,1.365684,0.290642,-0.595270,-0.020147,-0.627960,-1.657925,0.013087,0.112568,0.295397,0.002609,0.180640,0.019198,-0.096040,-0.133840,0.327186,-0.003520,-0.063616,0.029792,3.0000,3.0000,2.0000,0.0000,4.0000,30.9413,35.4137,42.2886,-35.6148,19.9288,0.775615,0.924269,0.772861
1786594094066807204,2026-08-13T11:08:14.066824,prediction,0.099575,0.405000,0.111652,True,0.067597,0.424289,0.114432,0.031978,0.019289,0.002779,4.20,20,-0.030085,0.652679,0.401236,-0.046214,0.669260,0.394163,-0.026225,0.659730,0.397994,0.075813,0.244589,-0.072097,0.266025,0.109770,0.180836,-0.091491,0.230482,1.365684,0.290642,-0.595270,-0.020147,-0.627960,-1.657925,0.013087,0.112568,0.295397,0.002609,0.180640,0.019198,-0.096040,-0.133840,0.327186,-0.003520,-0.063616,0.029792,3.0000,3.0000,2.0000,0.0000,4.0000,29.7655,35.0036,43.5036,-32.7372,18.3664,0.775615,0.924269,0.772861
1786594094104426908,2026-08-13T11:08:14.104443,prediction,0.096019,0.421000,0.111841,True,0.059597,0.432289,0.115923,0.036422,0.011289,0.004082,4.30,20,-0.022700,0.667342,0.395273,-0.043753,0.676884,0.391937,-0.022700,0.667342,0.395273,0.065695,0.203589,-0.059448,0.222032,0.110143,0.218697,-0.088943,0.260520,1.366821,0.322506,-0.521573,-0.018950,-0.669525,-1.660081,0.026174,0.116063,0.243470,0.005228,0.134386,0.032284,0.095060,-0.149940,0.318305,-0.005120,-0.055392,-0.033184,3.0000,3.0000,2.0000,0.0000,4.0000,29.7167,35.1349,43.4748,-31.5288,18.4400,0.775615,0.924269,0.772861
1786594094139392142,2026-08-13T11:08:14.139407,prediction,0.096019,0.421000,0.111841,True,0.062622,0.438138,0.118320,0.033398,0.017138,0.006480,4.29,20,-0.022700,0.667342,0.395273,-0.041481,0.682889,0.389917,-0.018879,0.675265,0.392850,0.063560,0.167928,-0.056494,0.188232,0.110143,0.218697,-0.088943,0.260520,1.367579,0.325695,-0.514963,-0.018788,-0.673233,-1.661094,0.027487,0.113006,0.230377,0.005670,0.129589,0.037523,0.084000,-0.155820,0.304527,-0.003840,-0.055840,-0.032000,3.0000,2.0000,2.0000,0.0000,4.0000,29.8115,35.2543,43.5893,-28.4797,18.0705,0.775615,0.924269,0.772861
1786594094174704687,2026-08-13T11:08:14.174726,prediction,0.096019,0.421000,0.111841,True,0.058830,0.433985,0.119539,0.037190,0.012985,0.007698,4.50,20,-0.015237,0.683249,0.390724,-0.039445,0.688250,0.387899,-0.015237,0.683249,0.390724,0.060716,0.159930,-0.060180,0.181344,0.113449,0.241794,-0.069136,0.275889,1.368709,0.329621,-0.506985,-0.018594,-0.677621,-1.662495,0.032720,0.104283,0.212057,0.005228,0.113000,0.037954,0.102900,-0.167300,0.296061,-0.004576,-0.048384,-0.033792,3.0000,2.0000,2.0000,0.0000,4.0000,29.8726,35.1205,43.4192,-28.2061,18.1894,0.775615,0.924269,0.772861
1786594094203647779,2026-08-13T11:08:14.203663,prediction,0.095645,0.432000,0.114942,True,0.055684,0.441867,0.124128,0.039960,0.009867,0.009186,4.39,20,-0.015237,0.683249,0.390724,-0.037621,0.693322,0.386298,-0.011875,0.690910,0.388844,0.061035,0.169668,-0.053556,0.188098,0.113449,0.241794,-0.069136,0.275889,1.368709,0.329621,-0.506985,-0.018594,-0.677621,-1.662495,0.032720,0.104283,0.212057,0.005228,0.113000,0.037954,0.102900,-0.167300,0.296061,-0.004576,-0.048384,-0.033792,3.0000,2.0000,2.0000,0.0000,4.0000,29.3994,34.6061,44.3015,-25.7817,17.9986,0.775615,0.924269,0.772861
1786594094236216747,2026-08-13T11:08:14.236231,prediction,0.098611,0.432000,0.114942,True,0.063319,0.444513,0.125996,0.035292,0.012513,0.011054,4.44,20,-0.008777,0.698301,0.387622,-0.035937,0.698923,0.384902,-0.008777,0.698301,0.387622,0.051798,0.172326,-0.042955,0.184999,0.096064,0.223839,-0.046145,0.247914,1.368709,0.329621,-0.506985,-0.018594,-0.677621,-1.662495,0.032720,0.104283,0.212057,0.005228,0.113000,0.037954,0.102900,-0.167300,0.296061,-0.004576,-0.048384,-0.033792,3.0000,2.0000,2.0000,0.0000,4.0000,28.7814,34.1810,45.6210,-22.0860,16.1966,0.775615,0.924269,0.772861
1786594094267472137,2026-08-13T11:08:14.267489,prediction,0.098432,0.437000,0.120920,True,0.061861,0.440881,0.132375,0.036572,0.003881,0.011454,4.34,20,-0.008777,0.698301,0.387622,-0.034505,0.704150,0.384113,-0.006057,0.705410,0.386821,0.046576,0.169940,-0.025661,0.178065,0.096064,0.223839,-0.046145,0.247914,1.368709,0.329621,-0.506985,-0.018594,-0.677621,-1.662495,0.032720,0.104283,0.212057,0.005228,0.113000,0.037954,0.102900,-0.167300,0.296061,-0.004576,-0.048384,-0.033792,3.0000,2.0000,2.0000,0.0000,4.0000,28.7687,34.0632,46.1889,-20.2616,15.5843,0.775615,0.924269,0.772861
1786594094306610586,2026-08-13T11:08:14.306627,prediction,0.097861,0.453000,0.123967,True,0.064920,0.448881,0.136357,0.032941,0.004119,0.012390,7.68,20,-0.003773,0.712036,0.386821,-0.033086,0.709568,0.383731,-0.003773,0.712036,0.386821,0.039526,0.150942,-0.010631,0.156393,0.075477,0.207177,-0.012077,0.220827,1.375262,0.342479,-0.482583,-0.017754,-0.689101,-1.669933,0.057156,0.078534,0.137877,0.005228,0.056721,0.070249,0.103460,-0.197120,0.281702,-0.000512,-0.044096,-0.035360,3.0000,2.0000,1.0000,0.0000,3.0000,28.3710,33.8834,46.6567,-17.3145,14.7774,0.775615,0.924269,0.772861
1786594094336874182,2026-08-13T11:08:14.336892,prediction,0.098254,0.442000,0.126866,True,0.071467,0.446963,0.138325,0.026787,0.004963,0.011459,4.91,20,-0.003773,0.712036,0.386821,-0.031847,0.715292,0.383752,-0.001796,0.718279,0.387244,0.037068,0.171347,0.000609,0.175312,0.075477,0.207177,-0.012077,0.220827,1.375262,0.342479,-0.482583,-0.017754,-0.689101,-1.669933,0.057156,0.078534,0.137877,0.005228,0.056721,0.070249,0.103460,-0.197120,0.281702,-0.000512,-0.044096,-0.035360,3.0000,2.0000,2.0000,0.0000,4.0000,27.7444,33.5077,45.8751,-17.7381,15.1689,0.775615,0.924269,0.772861
1786594094371802298,2026-08-13T11:08:14.371819,prediction,0.098611,0.432000,0.129803,True,0.075441,0.438963,0.140996,0.023170,0.006963,0.011194,4.23,20,-0.000185,0.724151,0.388008,-0.030733,0.720170,0.384163,-0.000185,0.724151,0.388008,0.031583,0.138200,0.011646,0.142240,0.053664,0.181162,0.017746,0.189774,1.375262,0.342479,-0.482583,-0.017754,-0.689101,-1.669933,0.057156,0.078534,0.137877,0.005228,0.056721,0.070249,0.103460,-0.197120,0.281702,-0.000512,-0.044096,-0.035360,3.0000,2.0000,2.0000,0.0000,4.0000,26.9743,33.5101,44.8651,-18.8494,15.4358,0.775615,0.924269,0.772861
1786594094403887325,2026-08-13T11:08:14.403901,prediction,0.098254,0.442000,0.132777,True,0.074109,0.446963,0.143533,0.024145,0.004963,0.010756,4.00,20,-0.000185,0.724151,0.388008,-0.029667,0.725786,0.384996,0.000846,0.729521,0.389319,0.031682,0.166916,0.024762,0.171691,0.053664,0.181162,0.017746,0.189774,1.375262,0.342479,-0.482583,-0.017754,-0.689101,-1.669933,0.057156,0.078534,0.137877,0.005228,0.056721,0.070249,0.103460,-0.197120,0.281702,-0.000512,-0.044096,-0.035360,3.0000,2.0000,2.0000,0.0000,4.0000,26.9945,33.9212,43.9855,-22.0616,16.6177,0.775615,0.924269,0.772861
1786594094439109756,2026-08-13T11:08:14.439125,prediction,0.101204,0.442000,0.135732,True,0.080098,0.450515,0.147259,0.021106,0.008515,0.011527,4.51,20,0.001851,0.734364,0.391036,-0.029143,0.729736,0.386205,0.001851,0.734364,0.391036,0.015423,0.116385,0.035633,0.122691,0.030710,0.154091,0.045686,0.163629,1.383560,0.350712,-0.470494,-0.016902,-0.692485,-1.679311,0.070243,0.051047,0.055414,0.007847,0.002609,0.080716,0.106260,-0.196140,0.248502,-0.001344,-0.047712,-0.038080,3.0000,2.0000,2.0000,0.0000,4.0000,26.4328,34.1099,43.3948,-22.9660,15.9410,0.775615,0.924269,0.772861
1786594094467639368,2026-08-13T11:08:14.467654,prediction,0.100980,0.448000,0.141615,True,0.083426,0.451812,0.152893,0.017554,0.003812,0.011278,4.15,20,0.001851,0.734364,0.391036,-0.028807,0.733086,0.387807,0.001923,0.738676,0.393229,0.011573,0.115235,0.055089,0.128249,0.030710,0.154091,0.045686,0.163629,1.383560,0.350712,-0.470494,-0.016902,-0.692485,-1.679311,0.070243,0.051047,0.055414,0.007847,0.002609,0.080716,0.106260,-0.196140,0.248502,-0.001344,-0.047712,-0.038080,3.0000,2.0000,2.0000,0.0000,4.0000,27.0294,34.6149,44.0136,-24.1305,15.3756,0.775615,0.924269,0.772861
1786594094497419385,2026-08-13T11:08:14.497435,prediction,0.100793,0.453000,0.144528,True,0.084955,0.456415,0.154818,0.015838,0.003415,0.010289,4.60,20,0.001479,0.742643,0.395744,-0.028618,0.736636,0.389816,0.001479,0.742643,0.395744,0.006506,0.121999,0.069058,0.140339,-0.005557,0.123867,0.070436,0.142601,1.383560,0.350712,-0.470494,-0.016902,-0.692485,-1.679311,0.070243,0.051047,0.055414,0.007847,0.002609,0.080716,0.106260,-0.196140,0.248502,-0.001344,-0.047712,-0.038080,3.0000,2.0000,2.0000,0.0000,4.0000,27.7992,34.9734,43.6240,-27.3737,16.4265,0.775615,0.924269,0.772861
1786594094534196887,2026-08-13T11:08:14.534212,prediction,0.100606,0.458000,0.144496,True,0.085770,0.462424,0.154997,0.014836,0.004424,0.010501,4.14,20,0.001479,0.742643,0.395744,-0.028692,0.740492,0.391803,0.000927,0.746185,0.398469,-0.002020,0.104345,0.053754,0.117395,-0.005557,0.123867,0.070436,0.142601,1.383560,0.350712,-0.470494,-0.016902,-0.692485,-1.679311,0.070243,0.051047,0.055414,0.007847,0.002609,0.080716,0.106260,-0.196140,0.248502,-0.001344,-0.047712,-0.038080,3.0000,2.0000,2.0000,0.0000,4.0000,27.5928,34.7964,42.9729,-28.2263,16.5514,0.775615,0.924269,0.772861
1786594094564819475,2026-08-13T11:08:14.564834,prediction,0.100046,0.473000,0.144400,True,0.086493,0.470424,0.155624,0.013553,0.002576,0.011223,4.41,20,-0.000213,0.749460,0.401278,-0.028724,0.744090,0.393986,-0.000213,0.749460,0.401278,-0.001034,0.118653,0.071996,0.138791,-0.025159,0.101318,0.082262,0.132912,1.383560,0.350712,-0.470494,-0.016902,-0.692485,-1.679311,0.070243,0.051047,0.055414,0.007847,0.002609,0.080716,0.106260,-0.196140,0.248502,-0.001344,-0.047712,-0.038080,3.0000,2.0000,2.0000,0.0000,4.0000,26.5011,33.6943,44.5067,-24.9341,15.4528,0.775615,0.924269,0.772861
1786594094593808797,2026-08-13T11:08:14.593826,prediction,0.100606,0.458000,0.147426,True,0.092160,0.477395,0.157537,0.008446,0.019395,0.010111,4.50,20,-0.000213,0.749460,0.401278,-0.029029,0.747503,0.396358,-0.001473,0.752575,0.404024,-0.010437,0.116499,0.080978,0.142262,-0.025159,0.101318,0.082262,0.132912,1.383560,0.350712,-0.470494,-0.016902,-0.692485,-1.679311,0.070243,0.051047,0.055414,0.007847,0.002609,0.080716,0.106260,-0.196140,0.248502,-0.001344,-0.047712,-0.038080,3.0000,2.0000,2.0000,0.0000,4.0000,25.6541,33.0201,43.4293,-25.0138,15.2449,0.775615,0.924269,0.772861
1786594094630918925,2026-08-13T11:08:14.630933,prediction,0.103529,0.458000,0.150355,True,0.089494,0.485395,0.157717,0.014035,0.027395,0.007362,4.83,20,-0.003644,0.755659,0.406798,-0.029530,0.750159,0.398926,-0.003644,0.755659,0.406798,-0.013528,0.071764,0.069378,0.100730,-0.051742,0.093502,0.083264,0.135472,1.383560,0.350712,-0.470494,-0.016902,-0.692485,-1.679311,0.070243,0.051047,0.055414,0.007847,0.002609,0.080716,0.106260,-0.196140,0.248502,-0.001344,-0.047712,-0.038080,3.0000,2.0000,1.0000,0.0000,3.0000,25.6014,32.6244,43.5578,-25.3963,14.5545,0.775615,0.924269,0.772861
1786594094659058523,2026-08-13T11:08:14.659075,prediction,0.102554,0.483000,0.150112,True,0.084994,0.493395,0.152928,0.017560,0.010395,0.002816,4.33,20,-0.003644,0.755659,0.406798,-0.029966,0.752664,0.401477,-0.005435,0.758681,0.409425,-0.015369,0.088355,0.090010,0.127062,-0.051742,0.093502,0.083264,0.135472,1.383560,0.350712,-0.470494,-0.016902,-0.692485,-1.679311,0.070243,0.051047,0.055414,0.007847,0.002609,0.080716,0.106260,-0.196140,0.248502,-0.001344,-0.047712,-0.038080,2.0000,3.0000,2.0000,0.0000,4.0000,24.4339,31.5823,42.5390,-30.1548,16.2994,0.775615,0.924269,0.772861
1786594094688083410,2026-08-13T11:08:14.688101,prediction,0.102944,0.473000,0.150209,True,0.087564,0.501395,0.151113,0.015380,0.028395,0.000904,4.29,20,-0.003644,0.755659,0.406798,-0.030452,0.755938,0.403828,-0.007179,0.762028,0.411651,-0.016877,0.113554,0.081539,0.140811,-0.051742,0.093502,0.083264,0.135472,1.383560,0.350712,-0.470494,-0.016902,-0.692485,-1.679311,0.070243,0.051047,0.055414,0.007847,0.002609,0.080716,0.106260,-0.196140,0.248502,-0.001344,-0.047712,-0.038080,2.0000,3.0000,2.0000,0.0000,4.0000,24.7538,31.7930,41.9281,-31.4251,16.4012,0.775615,0.924269,0.772861
1786594094717844122,2026-08-13T11:08:14.717858,prediction,0.102944,0.473000,0.150209,True,0.084813,0.509395,0.149358,0.018131,0.036395,0.000851,4.37,20,-0.009305,0.765644,0.413450,-0.030741,0.758779,0.406180,-0.009305,0.765644,0.413450,-0.009661,0.095025,0.078625,0.123714,-0.085391,0.150614,0.100328,0.200105,1.383560,0.350712,-0.470494,-0.016902,-0.692485,-1.679311,0.070243,0.051047,0.055414,0.007847,0.002609,0.080716,0.106260,-0.196140,0.248502,-0.001344,-0.047712,-0.038080,3.0000,2.0000,2.0000,0.0000,4.0000,25.0673,31.8856,41.8080,-29.8044,15.6879,0.775615,0.924269,0.772861
1786594094750426152,2026-08-13T11:08:14.750444,prediction,0.102749,0.478000,0.150160,True,0.081489,0.517395,0.148306,0.021260,0.039395,0.001854,4.55,20,-0.009305,0.765644,0.413450,-0.031029,0.761534,0.408129,-0.010738,0.769542,0.415007,-0.008974,0.085910,0.060787,0.105623,-0.085391,0.150614,0.100328,0.200105,1.383560,0.350712,-0.470494,-0.016902,-0.692485,-1.679311,0.070243,0.051047,0.055414,0.007847,0.002609,0.080716,0.106260,-0.196140,0.248502,-0.001344,-0.047712,-0.038080,3.0000,3.0000,2.0000,0.0000,4.0000,25.1714,31.8742,40.4462,-30.3984,15.2402,0.775615,0.924269,0.772861
1786594094778240705,2026-08-13T11:08:14.778254,prediction,0.103139,0.468000,0.147345,True,0.081822,0.523516,0.143319,0.021317,0.055516,0.004025,3.93,20,-0.012046,0.773923,0.416069,-0.031381,0.764005,0.409687,-0.012046,0.773923,0.416069,-0.011976,0.084098,0.053044,0.100148,-0.041086,0.124080,0.039259,0.136474,1.383560,0.350712,-0.470494,-0.016902,-0.692485,-1.679311,0.070243,0.051047,0.055414,0.007847,0.002609,0.080716,0.106260,-0.196140,0.248502,-0.001344,-0.047712,-0.038080,3.0000,2.0000,2.0000,0.0000,4.0000,26.0836,32.8355,39.1555,-28.9870,15.1771,0.775615,0.924269,0.772861
1786594094805613662,2026-08-13T11:08:14.805627,prediction,0.096968,0.478000,0.144368,True,0.073822,0.530413,0.138738,0.023146,0.052413,0.005630,3.84,20,-0.012046,0.773923,0.416069,-0.031295,0.766420,0.410854,-0.013173,0.778687,0.416533,0.003121,0.087907,0.042488,0.097686,-0.041086,0.124080,0.039259,0.136474,1.383560,0.350712,-0.470494,-0.016902,-0.692485,-1.679311,0.070243,0.051047,0.055414,0.007847,0.002609,0.080716,0.106260,-0.196140,0.248502,-0.001344,-0.047712,-0.038080,3.0000,2.0000,2.0000,0.0000,4.0000,26.2573,33.0589,37.6023,-27.7934,15.4087,0.775615,0.924269,0.772861
1786594094839787783,2026-08-13T11:08:14.839801,prediction,0.096968,0.478000,0.144368,True,0.076348,0.535407,0.140621,0.020620,0.057407,0.003748,3.87,20,-0.013330,0.783722,0.416561,-0.031186,0.768822,0.411825,-0.013330,0.783722,0.416561,0.003203,0.070281,0.028402,0.075870,-0.019264,0.147027,0.007378,0.148467,1.396130,0.373684,-0.468955,-0.015878,-0.672695,-1.691837,0.054105,0.096423,0.007413,0.005228,0.083766,0.051482,-0.177520,-0.109340,0.266181,-0.089120,0.047264,0.034176,3.0000,2.0000,2.0000,0.0000,4.0000,27.3046,34.1287,36.6615,-26.6033,15.3054,0.775615,0.924269,0.772861
1786594094879251989,2026-08-13T11:08:14.879276,prediction,0.093907,0.483000,0.141448,True,0.069554,0.537696,0.138451,0.024353,0.054696,0.002998,4.25,20,-0.013330,0.783722,0.416561,-0.030896,0.771223,0.412403,-0.013391,0.789180,0.416536,0.007550,0.062550,0.015064,0.064780,-0.019264,0.147027,0.007378,0.148467,1.394151,0.377206,-0.467780,-0.016180,-0.670032,-1.689939,0.068498,0.122172,0.057592,0.010898,0.080716,0.067629,-0.178500,-0.104440,0.327020,-0.087936,0.048864,0.039680,3.0000,2.0000,1.0000,0.0000,3.0000,27.5097,34.1635,36.4596,-27.5654,14.9472,0.775615,0.924269,0.772861
1786594094908434304,2026-08-13T11:08:14.908449,prediction,0.090377,0.503000,0.141353,True,0.064046,0.545696,0.138315,0.026331,0.042696,0.003038,4.24,20,-0.013087,0.794988,0.416197,-0.030174,0.773890,0.412778,-0.013087,0.794988,0.416197,0.024648,0.091065,0.012796,0.095205,0.003656,0.169371,-0.005470,0.169499,1.391753,0.381655,-0.465170,-0.016525,-0.667520,-1.687439,0.080279,0.151841,0.098604,0.010467,0.075046,0.083335,-0.189280,-0.100380,0.309341,-0.085056,0.048256,0.044320,3.0000,2.0000,2.0000,0.0000,4.0000,27.5569,33.8704,37.7976,-28.7245,17.0783,0.775615,0.924269,0.772861
1786594094942820778,2026-08-13T11:08:14.942837,prediction,0.087989,0.488000,0.138545,True,0.064422,0.548571,0.137614,0.023567,0.060571,0.000931,4.53,20,-0.013087,0.794988,0.416197,-0.029308,0.776876,0.412574,-0.012017,0.800989,0.415601,0.025632,0.088396,-0.006057,0.092236,0.003656,0.169371,-0.005470,0.169499,1.387356,0.389953,-0.459259,-0.017074,-0.664168,-1.682556,0.099481,0.189364,0.141371,0.013086,0.064568,0.113000,-0.194880,-0.091700,0.319799,-0.084704,0.042464,0.042976,3.0000,2.0000,2.0000,0.0000,4.0000,26.9248,33.4199,38.7991,-28.9547,17.3332,0.775615,0.924269,0.772861
1786594094978269884,2026-08-13T11:08:14.978283,prediction,0.085406,0.478000,0.138576,True,0.057370,0.543141,0.138803,0.028036,0.065141,0.000227,3.96,20,-0.010750,0.807266,0.414582,-0.028282,0.779607,0.412177,-0.010750,0.807266,0.414582,0.027824,0.074070,-0.010764,0.079852,0.035016,0.183951,-0.024196,0.188811,1.386141,0.392298,-0.457505,-0.017225,-0.663435,-1.681187,0.102532,0.197655,0.150531,0.010898,0.059340,0.116061,-0.213780,-0.110040,0.308179,-0.084992,0.042688,0.044544,3.0000,2.0000,2.0000,0.0000,4.0000,28.1438,34.3039,39.0397,-28.6308,16.6240,0.775615,0.924269,0.772861
1786594095019987166,2026-08-13T11:08:15.020007,prediction,0.079496,0.483000,0.138561,True,0.050001,0.547113,0.138471,0.029495,0.064113,0.000089,7.46,20,-0.010750,0.807266,0.414582,-0.026875,0.781753,0.411781,-0.008911,0.813528,0.413515,0.038190,0.058239,-0.010739,0.070467,0.035016,0.183951,-0.024196,0.188811,1.381822,0.400779,-0.450895,-0.017764,-0.661225,-1.676390,0.111261,0.222091,0.180205,0.010898,0.051040,0.123908,-0.181580,-0.096320,0.326356,-0.082592,0.043200,0.040800,3.0000,3.0000,2.0000,0.0000,4.0000,31.3594,35.9598,36.9331,-32.7342,16.7104,0.775615,0.924269,0.772861
1786594095047380763,2026-08-13T11:08:15.047397,prediction,0.078850,0.508000,0.135636,True,0.049277,0.555113,0.133512,0.029574,0.047113,0.002124,5.07,20,-0.006526,0.819618,0.412413,-0.025462,0.783516,0.411197,-0.006526,0.819618,0.412413,0.047448,0.059186,-0.019619,0.078353,0.063484,0.185660,-0.032607,0.198904,1.381822,0.400779,-0.450895,-0.017764,-0.661225,-1.676390,0.111261,0.222091,0.180205,0.010898,0.051040,0.123908,-0.181580,-0.096320,0.326356,-0.082592,0.043200,0.040800,3.0000,3.0000,2.0000,0.0000,4.0000,31.4804,36.1584,37.6346,-30.8623,16.5666,0.775615,0.924269,0.772861
1786594095079586684,2026-08-13T11:08:15.079605,prediction,0.075671,0.522000,0.135616,True,0.052099,0.563113,0.132347,0.023572,0.041113,0.003269,4.40,20,-0.006526,0.819618,0.412413,-0.023800,0.786535,0.410409,-0.004045,0.825352,0.410939,0.050139,0.091065,-0.023746,0.106634,0.063484,0.185660,-0.032607,0.198904,1.381822,0.400779,-0.450895,-0.017764,-0.661225,-1.676390,0.111261,0.222091,0.180205,0.010898,0.051040,0.123908,-0.181580,-0.096320,0.326356,-0.082592,0.043200,0.040800,3.0000,2.0000,2.0000,0.0000,4.0000,31.0691,35.9685,38.1733,-28.3950,15.9491,0.775615,0.924269,0.772861
1786594095121616812,2026-08-13T11:08:15.121633,prediction,0.075792,0.517000,0.135623,True,0.056635,0.566854,0.131697,0.019157,0.049854,0.003926,4.28,20,-0.001374,0.831016,0.409260,-0.021950,0.790286,0.409427,-0.001374,0.831016,0.409260,0.042793,0.086792,-0.022727,0.099401,0.076955,0.170265,-0.047104,0.192694,1.381822,0.400779,-0.450895,-0.017764,-0.661225,-1.676390,0.111261,0.222091,0.180205,0.010898,0.051040,0.123908,-0.181580,-0.096320,0.326356,-0.082592,0.043200,0.040800,3.0000,2.0000,2.0000,0.0000,4.0000,30.9074,35.7836,37.8782,-28.7451,16.1213,0.775615,0.924269,0.772861
1786594095154818054,2026-08-13T11:08:15.154833,prediction,0.073281,0.503000,0.132789,True,0.050638,0.568402,0.127610,0.022643,0.065402,0.005179,4.29,20,-0.001374,0.831016,0.409260,-0.019999,0.794182,0.408273,0.000816,0.836720,0.407525,0.060930,0.121662,-0.036056,0.140762,0.076955,0.170265,-0.047104,0.192694,1.381822,0.400779,-0.450895,-0.017764,-0.661225,-1.676390,0.111261,0.222091,0.180205,0.010898,0.051040,0.123908,-0.181580,-0.096320,0.326356,-0.082592,0.043200,0.040800,3.0000,2.0000,2.0000,0.0000,4.0000,30.1050,35.6529,37.9955,-25.8112,15.7151,0.775615,0.924269,0.772861
1786594095181788714,2026-08-13T11:08:15.181806,prediction,0.075550,0.527000,0.132794,True,0.051246,0.576121,0.124844,0.024304,0.049121,0.007950,4.04,20,0.003107,0.842206,0.405837,-0.018173,0.797308,0.407112,0.003107,0.842206,0.405837,0.065156,0.111528,-0.041422,0.135645,0.067514,0.168590,-0.051565,0.188785,1.381822,0.400779,-0.450895,-0.017764,-0.661225,-1.676390,0.111261,0.222091,0.180205,0.010898,0.051040,0.123908,-0.181580,-0.096320,0.326356,-0.082592,0.043200,0.040800,3.0000,2.0000,2.0000,0.0000,4.0000,29.3106,35.1427,38.8592,-26.4445,15.9834,0.775615,0.924269,0.772861
1786594095216355351,2026-08-13T11:08:15.216376,prediction,0.066852,0.541000,0.132797,True,0.050092,0.584121,0.124004,0.016760,0.043121,0.008793,4.20,20,0.003107,0.842206,0.405837,-0.015766,0.800814,0.405951,0.005528,0.847303,0.404086,0.070424,0.102591,-0.033975,0.128991,0.067514,0.168590,-0.051565,0.188785,1.381822,0.400779,-0.450895,-0.017764,-0.661225,-1.676390,0.111261,0.222091,0.180205,0.010898,0.051040,0.123908,-0.181580,-0.096320,0.326356,-0.082592,0.043200,0.040800,3.0000,2.0000,2.0000,0.0000,4.0000,29.6191,35.3971,38.8769,-26.0970,15.8052,0.775615,0.924269,0.772861
1786594095245815839,2026-08-13T11:08:15.245831,prediction,0.066852,0.541000,0.132797,True,0.056857,0.588016,0.125570,0.009994,0.047016,0.007227,4.07,20,0.007842,0.852308,0.402395,-0.013373,0.805141,0.404793,0.007842,0.852308,0.402395,0.079865,0.144425,-0.038631,0.169497,0.070704,0.150820,-0.051380,0.174315,1.381822,0.400779,-0.450895,-0.017764,-0.661225,-1.676390,0.111261,0.222091,0.180205,0.010898,0.051040,0.123908,-0.181580,-0.096320,0.326356,-0.082592,0.043200,0.040800,3.0000,2.0000,2.0000,0.0000,4.0000,29.1404,34.9256,39.4248,-26.0074,16.4907,0.775615,0.924269,0.772861
1786594095278548092,2026-08-13T11:08:15.278563,prediction,0.067313,0.517000,0.132792,True,0.058532,0.585241,0.123241,0.008782,0.068241,0.009551,4.05,20,0.007842,0.852308,0.402395,-0.010985,0.809633,0.403823,0.009485,0.857294,0.400880,0.073562,0.138358,-0.029882,0.159522,0.070704,0.150820,-0.051380,0.174315,1.355988,0.465266,-0.389213,-0.020254,-0.656730,-1.648514,0.060645,0.200706,0.230377,0.002609,0.029665,0.061949,-0.130200,-0.196420,0.317558,-0.088544,-0.050592,0.031840,3.0000,2.0000,2.0000,0.0000,4.0000,28.8854,34.6372,39.4231,-26.5715,17.0053,0.775615,0.924269,0.772861
1786594095313327098,2026-08-13T11:08:15.313342,prediction,0.061056,0.555000,0.132799,True,0.050532,0.593241,0.120064,0.010524,0.038241,0.012735,4.19,20,0.011037,0.861910,0.399541,-0.008591,0.813892,0.403052,0.011037,0.861910,0.399541,0.070343,0.125117,-0.022660,0.145313,0.048128,0.144646,-0.042998,0.158391,1.354243,0.471571,-0.381793,-0.020362,-0.657981,-1.646704,0.050609,0.192853,0.232124,0.002609,0.045812,0.051040,-0.144340,-0.231840,0.311914,-0.089344,-0.052320,0.032512,3.0000,2.0000,2.0000,0.0000,4.0000,29.2657,35.0096,38.4134,-27.2860,16.6767,0.775615,0.924269,0.772861
1786594095346610072,2026-08-13T11:08:15.346629,prediction,0.061056,0.555000,0.132799,True,0.047895,0.601241,0.120835,0.013160,0.046241,0.011964,4.57,20,0.011037,0.861910,0.399541,-0.006197,0.818850,0.402280,0.012590,0.866273,0.398296,0.074173,0.153614,-0.023894,0.172249,0.048128,0.144646,-0.042998,0.158391,1.352303,0.479045,-0.372298,-0.020481,-0.660352,-1.644903,0.044069,0.181073,0.239544,0.000000,0.069807,0.043193,-0.147560,-0.213220,0.304361,-0.086336,-0.053664,0.032736,3.0000,2.0000,2.0000,0.0000,4.0000,30.2045,35.4066,38.9256,-26.1942,16.5783,0.775615,0.924269,0.772861
1786594095375923257,2026-08-13T11:08:15.375944,prediction,0.061279,0.541000,0.132797,True,0.051684,0.600732,0.121590,0.009595,0.059732,0.011206,4.41,20,0.014487,0.870497,0.396977,-0.004021,0.823949,0.401704,0.014487,0.870497,0.396977,0.072485,0.169891,-0.019220,0.185705,0.051429,0.128016,-0.038226,0.143158,1.352303,0.479045,-0.372298,-0.020481,-0.660352,-1.644903,0.044069,0.181073,0.239544,0.000000,0.069807,0.043193,-0.147560,-0.213220,0.304361,-0.086336,-0.053664,0.032736,3.0000,2.0000,2.0000,0.0000,4.0000,31.6494,36.0161,38.6865,-28.0255,18.0423,0.775615,0.924269,0.772861
1786594095408180620,2026-08-13T11:08:15.408193,prediction,0.058363,0.550000,0.132798,True,0.043684,0.600020,0.121704,0.014680,0.050020,0.011095,4.12,20,0.014487,0.870497,0.396977,-0.001887,0.828542,0.401133,0.015678,0.874825,0.395853,0.064679,0.139193,-0.017284,0.154457,0.051429,0.128016,-0.038226,0.143158,1.352303,0.479045,-0.372298,-0.020481,-0.660352,-1.644903,0.044069,0.181073,0.239544,0.000000,0.069807,0.043193,-0.147560,-0.213220,0.304361,-0.086336,-0.053664,0.032736,3.0000,2.0000,2.0000,0.0000,4.0000,31.5304,35.6587,38.9791,-28.4962,17.9916,0.775615,0.924269,0.772861
1786594095441242645,2026-08-13T11:08:15.441256,prediction,0.058164,0.564000,0.132801,True,0.039629,0.608020,0.123073,0.018535,0.044020,0.009728,4.12,20,0.017036,0.879053,0.394746,0.000101,0.832767,0.400750,0.017036,0.879053,0.394746,0.060335,0.128212,-0.011619,0.142174,0.038266,0.128457,-0.033500,0.138158,1.352303,0.479045,-0.372298,-0.020481,-0.660352,-1.644903,0.044069,0.181073,0.239544,0.000000,0.069807,0.043193,-0.147560,-0.213220,0.304361,-0.086336,-0.053664,0.032736,3.0000,2.0000,2.0000,0.0000,4.0000,31.2019,35.4620,38.7762,-28.3325,17.4184,0.775615,0.924269,0.772861
1786594095475360582,2026-08-13T11:08:15.475382,prediction,0.055478,0.559000,0.132800,True,0.041837,0.613079,0.125196,0.013641,0.054078,0.007604,4.33,20,0.017036,0.879053,0.394746,0.002096,0.837399,0.400365,0.018689,0.882834,0.393776,0.058174,0.135047,-0.011227,0.147472,0.038266,0.128457,-0.033500,0.138158,1.351774,0.481182,-0.369399,-0.020502,-0.661247,-1.644429,0.044069,0.176277,0.241723,0.002609,0.078096,0.040573,-0.142520,-0.176260,0.310752,-0.087712,-0.052992,0.033568,3.0000,2.0000,2.0000,0.0000,4.0000,31.1553,35.3087,38.7463,-28.0660,17.3207,0.775615,0.924269,0.772861
1786594095511011557,2026-08-13T11:08:15.511032,prediction,0.055251,0.577000,0.132804,True,0.044433,0.614838,0.127382,0.010818,0.037838,0.005422,4.36,20,0.019724,0.886914,0.392869,0.003713,0.842645,0.399982,0.019724,0.886914,0.392869,0.045890,0.148950,-0.010896,0.156240,0.040423,0.118196,-0.028215,0.128064,1.346691,0.505421,-0.331792,-0.020642,-0.675648,-1.639557,0.024867,0.145732,0.275322,0.000000,0.123908,0.021807,-0.127680,-0.225960,0.330672,-0.081376,-0.060960,0.031456,3.0000,2.0000,2.0000,0.0000,4.0000,31.0935,35.1894,38.6447,-27.5880,17.6699,0.775615,0.924269,0.772861
1786594095541714780,2026-08-13T11:08:15.541737,prediction,0.055737,0.538500,0.132796,True,0.047862,0.606838,0.128867,0.007875,0.068338,0.003929,4.39,20,0.019724,0.886914,0.392869,0.005254,0.847748,0.399792,0.020095,0.891248,0.392130,0.050104,0.165918,-0.006157,0.173427,0.040423,0.118196,-0.028215,0.128064,1.346416,0.507166,-0.328453,-0.020642,-0.677243,-1.639298,0.021378,0.143550,0.280995,0.000000,0.134386,0.021807,-0.118300,-0.208600,0.348351,-0.079104,-0.060160,0.030944,3.0000,2.0000,2.0000,0.0000,4.0000,31.5062,35.4179,38.4052,-27.4026,17.4446,0.775615,0.924269,0.772861
1786594095574774528,2026-08-13T11:08:15.574795,prediction,0.052666,0.564000,0.132801,True,0.039862,0.602062,0.129306,0.012805,0.038062,0.003495,3.85,20,0.020190,0.895633,0.391820,0.006787,0.851755,0.399604,0.020190,0.895633,0.391820,0.045121,0.117893,-0.005521,0.126353,0.006969,0.130527,-0.015703,0.131652,1.346416,0.507166,-0.328453,-0.020642,-0.677243,-1.639298,0.021378,0.143550,0.280995,0.000000,0.134386,0.021807,-0.118300,-0.208600,0.348351,-0.079104,-0.060160,0.030944,3.0000,2.0000,2.0000,0.0000,4.0000,31.7247,35.4127,38.6332,-26.3848,16.5700,0.775615,0.924269,0.772861
1786594095608698367,2026-08-13T11:08:15.608717,prediction,0.052666,0.564000,0.132801,True,0.040507,0.594062,0.132162,0.012159,0.030062,0.000639,4.29,20,0.020190,0.895633,0.391820,0.008329,0.855063,0.399416,0.021005,0.899269,0.391618,0.046090,0.098897,-0.005625,0.109255,0.006969,0.130527,-0.015703,0.131652,1.346416,0.507166,-0.328453,-0.020642,-0.677243,-1.639298,0.021378,0.143550,0.280995,0.000000,0.134386,0.021807,-0.118300,-0.208600,0.348351,-0.079104,-0.060160,0.030944,3.0000,2.0000,2.0000,0.0000,4.0000,32.3582,35.8002,38.4041,-26.5371,16.7643,0.775615,0.924269,0.772861
1786594095643589790,2026-08-13T11:08:15.643607,prediction,0.052370,0.591000,0.130097,True,0.043014,0.586062,0.135537,0.009356,0.004938,0.005439,4.43,20,0.022081,0.902073,0.391649,0.009723,0.858231,0.399237,0.022081,0.902073,0.391649,0.040532,0.092115,-0.005217,0.100773,0.028265,0.096261,-0.002567,0.100358,1.346416,0.507166,-0.328453,-0.020642,-0.677243,-1.639298,0.021378,0.143550,0.280995,0.000000,0.134386,0.021807,-0.118300,-0.208600,0.348351,-0.079104,-0.060160,0.030944,3.0000,2.0000,2.0000,0.0000,4.0000,32.0329,35.5055,38.1011,-27.0185,18.1414,0.775615,0.924269,0.772861
1786594095674325743,2026-08-13T11:08:15.674339,prediction,0.049666,0.591000,0.130097,True,0.045413,0.578062,0.138999,0.004252,0.012938,0.008901,4.29,20,0.022081,0.902073,0.391649,0.011449,0.862811,0.399057,0.022589,0.904085,0.392177,0.055303,0.146789,-0.005761,0.156967,0.028265,0.096261,-0.002567,0.100358,1.346089,0.509479,-0.323859,-0.020642,-0.679572,-1.639018,0.019634,0.143550,0.291902,0.000000,0.153584,0.016137,-0.119000,-0.230300,0.336150,-0.074816,-0.061568,0.030336,3.0000,2.0000,2.0000,0.0000,4.0000,31.4364,35.1640,39.1742,-24.4238,17.4258,0.775615,0.924269,0.772861
1786594095708997634,2026-08-13T11:08:15.709016,prediction,0.049628,0.595000,0.127402,True,0.044541,0.570062,0.139805,0.005087,0.024938,0.012403,4.30,20,0.022978,0.905430,0.393121,0.012597,0.867141,0.398697,0.022978,0.905430,0.393121,0.034115,0.128627,-0.010685,0.133502,0.013529,0.050612,0.022198,0.056898,1.346089,0.509479,-0.323859,-0.020642,-0.679572,-1.639018,0.019634,0.143550,0.291902,0.000000,0.153584,0.016137,-0.119000,-0.230300,0.336150,-0.074816,-0.061568,0.030336,3.0000,2.0000,2.0000,0.0000,4.0000,31.2893,35.0260,39.3911,-25.2330,17.2614,0.775615,0.924269,0.772861
1786594095743719553,2026-08-13T11:08:15.743735,prediction,0.049544,0.604000,0.127433,True,0.042255,0.577117,0.140340,0.007289,0.026883,0.012906,4.15,20,0.022978,0.905430,0.393121,0.013751,0.870887,0.398340,0.023348,0.905802,0.394174,0.032745,0.106305,-0.010147,0.111696,0.013529,0.050612,0.022198,0.056898,1.346089,0.509479,-0.323859,-0.020642,-0.679572,-1.639018,0.019634,0.143550,0.291902,0.000000,0.153584,0.016137,-0.119000,-0.230300,0.336150,-0.074816,-0.061568,0.030336,3.0000,2.0000,2.0000,0.0000,4.0000,31.3223,35.1974,39.4237,-26.5699,17.1437,0.775615,0.924269,0.772861
1786594095778007086,2026-08-13T11:08:15.778022,prediction,0.049507,0.608000,0.127447,True,0.049701,0.573076,0.143353,0.000194,0.034924,0.015905,4.31,20,0.024321,0.905503,0.395159,0.014938,0.874996,0.397984,0.024321,0.905503,0.395159,0.034615,0.119822,-0.010389,0.125153,0.020082,0.001095,0.030463,0.036503,1.346089,0.509479,-0.323859,-0.020642,-0.679572,-1.639018,0.019634,0.143550,0.291902,0.000000,0.153584,0.016137,-0.119000,-0.230300,0.336150,-0.074816,-0.061568,0.030336,3.0000,2.0000,2.0000,0.0000,4.0000,31.5389,35.2231,39.4018,-27.8949,16.9949,0.775615,0.924269,0.772861
1786594095813750497,2026-08-13T11:08:15.813768,prediction,0.049591,0.599000,0.127416,True,0.050361,0.565076,0.142295,0.000770,0.033924,0.014879,4.39,20,0.024321,0.905503,0.395159,0.015702,0.879178,0.397625,0.024910,0.904794,0.396499,0.021469,0.117463,-0.010081,0.119833,0.020082,0.001095,0.030463,0.036503,1.346527,0.531765,-0.270631,-0.019834,-0.713893,-1.639988,0.034465,0.117370,0.286229,0.010467,0.231691,0.040142,0.111160,-0.257880,0.296476,0.001632,-0.071680,-0.036960,3.0000,2.0000,2.0000,0.0000,4.0000,31.4290,35.3554,39.6428,-27.8240,16.8554,0.775615,0.924269,0.772861
1786594095842723588,2026-08-13T11:08:15.842743,prediction,0.049591,0.599000,0.127416,True,0.048437,0.565583,0.142293,0.001154,0.033417,0.014877,3.89,20,0.024922,0.903856,0.397981,0.016467,0.882361,0.397266,0.024922,0.903856,0.397981,0.025519,0.106274,-0.011983,0.109950,0.009012,-0.024735,0.042391,0.049901,1.354779,0.545577,-0.246563,-0.018249,-0.741273,-1.649679,0.091628,0.096423,0.079846,0.013517,0.174959,0.099914,0.132300,-0.283920,0.231487,0.005120,-0.062848,-0.045760,3.0000,2.0000,2.0000,0.0000,4.0000,31.5339,35.5379,39.6666,-27.8307,16.7860,0.775615,0.924269,0.772861
1786594095878964671,2026-08-13T11:08:15.878983,prediction,0.049628,0.595000,0.127402,True,0.047928,0.569898,0.140671,0.001700,0.025102,0.013269,4.13,20,0.024922,0.903856,0.397981,0.017243,0.885344,0.396906,0.024885,0.902193,0.399412,0.021839,0.083885,-0.010113,0.087269,0.009012,-0.024735,0.042391,0.049901,1.357458,0.548230,-0.244972,-0.017883,-0.745875,-1.652761,0.099919,0.092934,0.041012,0.013517,0.159254,0.118680,0.126420,-0.280420,0.220282,0.004288,-0.069920,-0.040192,3.0000,2.0000,2.0000,0.0000,4.0000,31.7375,35.7546,38.6063,-29.2727,16.8968,0.775615,0.924269,0.772861
1786594095910997755,2026-08-13T11:08:15.911017,prediction,0.049470,0.612000,0.124787,True,0.048019,0.577898,0.137522,0.001450,0.034102,0.012735,4.22,20,0.024922,0.903856,0.397981,0.017836,0.888554,0.396372,0.025136,0.899986,0.400684,0.018143,0.098220,-0.016343,0.101210,0.009012,-0.024735,0.042391,0.049901,1.357458,0.548230,-0.244972,-0.017883,-0.745875,-1.652761,0.099919,0.092934,0.041012,0.013517,0.159254,0.118680,0.126420,-0.280420,0.220282,0.004288,-0.069920,-0.040192,3.0000,2.0000,2.0000,0.0000,4.0000,31.7324,35.5728,39.0690,-29.8998,17.1577,0.775615,0.924269,0.772861
1786594095943727687,2026-08-13T11:08:15.943747,prediction,0.049470,0.612000,0.124787,True,0.050355,0.585898,0.136620,0.000886,0.026102,0.011833,4.12,20,0.024922,0.903856,0.397981,0.018416,0.892503,0.395838,0.024847,0.897900,0.401739,0.017738,0.120841,-0.016351,0.123225,0.009012,-0.024735,0.042391,0.049901,1.357458,0.548230,-0.244972,-0.017883,-0.745875,-1.652761,0.099919,0.092934,0.041012,0.013517,0.159254,0.118680,0.126420,-0.280420,0.220282,0.004288,-0.069920,-0.040192,3.0000,2.0000,2.0000,0.0000,4.0000,31.7904,35.7300,39.3620,-29.4509,16.9722,0.775615,0.924269,0.772861
1786594095976099143,2026-08-13T11:08:15.976118,prediction,0.044052,0.625000,0.122201,True,0.042355,0.593898,0.131888,0.001697,0.031102,0.009687,4.10,20,0.024132,0.896265,0.402642,0.019178,0.896119,0.395131,0.024132,0.896265,0.402642,0.023307,0.110653,-0.021621,0.115129,-0.005919,-0.056883,0.034922,0.067010,1.357458,0.548230,-0.244972,-0.017883,-0.745875,-1.652761,0.099919,0.092934,0.041012,0.013517,0.159254,0.118680,0.126420,-0.280420,0.220282,0.004288,-0.069920,-0.040192,3.0000,2.0000,2.0000,0.0000,4.0000,31.7891,35.7872,39.0840,-29.8590,17.0435,0.775615,0.924269,0.772861
1786594096011267236,2026-08-13T11:08:16.011286,prediction,0.044052,0.625000,0.122201,True,0.042907,0.601898,0.131740,0.001145,0.023102,0.009539,3.89,20,0.024132,0.896265,0.402642,0.019924,0.900096,0.394424,0.024097,0.894758,0.403088,0.021233,0.113099,-0.020104,0.116818,-0.005919,-0.056883,0.034922,0.067010,1.357458,0.548230,-0.244972,-0.017883,-0.745875,-1.652761,0.099919,0.092934,0.041012,0.013517,0.159254,0.118680,0.126420,-0.280420,0.220282,0.004288,-0.069920,-0.040192,3.0000,2.0000,2.0000,0.0000,4.0000,31.7795,35.8601,39.1277,-29.7747,17.1299,0.775615,0.924269,0.772861
1786594096046940066,2026-08-13T11:08:16.046958,prediction,0.044028,0.629000,0.119581,True,0.041401,0.609898,0.127949,0.002626,0.019102,0.008367,4.11,20,0.024199,0.893434,0.403378,0.020705,0.904411,0.393543,0.024199,0.893434,0.403378,0.022408,0.123876,-0.025290,0.128402,0.001008,-0.042494,0.011057,0.043921,1.357458,0.548230,-0.244972,-0.017883,-0.745875,-1.652761,0.099919,0.092934,0.041012,0.013517,0.159254,0.118680,0.126420,-0.280420,0.220282,0.004288,-0.069920,-0.040192,3.0000,2.0000,2.0000,0.0000,4.0000,30.6693,35.4276,39.5935,-29.1543,16.6299,0.775615,0.924269,0.772861
1786594096076044425,2026-08-13T11:08:16.076061,prediction,0.044076,0.621000,0.119514,True,0.040482,0.612261,0.127023,0.003594,0.008739,0.007510,4.15,20,0.024199,0.893434,0.403378,0.021277,0.908527,0.392657,0.024629,0.892572,0.403317,0.019384,0.139337,-0.029985,0.143839,0.001008,-0.042494,0.011057,0.043921,1.359477,0.550066,-0.244355,-0.017624,-0.749055,-1.655208,0.102532,0.089883,0.025740,0.013517,0.159254,0.126528,0.108780,-0.257180,0.224930,0.003744,-0.067904,-0.046080,3.0000,2.0000,2.0000,0.0000,4.0000,30.1302,35.2383,39.1789,-29.3420,16.9881,0.775615,0.924269,0.772861
1786594096116931858,2026-08-13T11:08:16.116951,prediction,0.046570,0.642000,0.117066,True,0.039633,0.620261,0.123513,0.006936,0.021739,0.006447,4.25,20,0.024588,0.892563,0.403165,0.021684,0.912817,0.391608,0.024588,0.892563,0.403165,0.010026,0.105822,-0.025876,0.109400,0.005867,-0.013115,-0.003216,0.014723,1.377392,0.569235,-0.214949,-0.015296,-0.794490,-1.676422,0.037523,0.079847,0.288415,0.005670,0.242599,0.037954,0.052640,-0.326060,0.376405,-0.010240,-0.070848,-0.034464,3.0000,2.0000,2.0000,0.0000,4.0000,29.4742,34.5105,40.7785,-27.9743,16.8925,0.775615,0.924269,0.772861
1786594096161505345,2026-08-13T11:08:16.161524,prediction,0.046570,0.642000,0.114441,True,0.039913,0.628261,0.120271,0.006657,0.013739,0.005830,4.04,20,0.024588,0.892563,0.403165,0.022071,0.917835,0.390565,0.024646,0.893106,0.402588,0.008585,0.111408,-0.023173,0.114116,0.005867,-0.013115,-0.003216,0.014723,1.378758,0.572685,-0.200941,-0.015123,-0.804881,-1.677522,0.024429,0.078534,0.340335,0.002609,0.232122,0.019198,0.052080,-0.329140,0.361963,-0.005024,-0.064672,-0.032064,3.0000,2.0000,2.0000,0.0000,4.0000,29.2070,34.5468,40.0446,-27.2577,16.3444,0.775615,0.924269,0.772861
1786594096190651413,2026-08-13T11:08:16.190670,prediction,0.046570,0.642000,0.111816,True,0.043868,0.633288,0.118558,0.002701,0.008712,0.006743,4.15,20,0.024588,0.892563,0.403165,0.022277,0.921559,0.389346,0.024853,0.894611,0.401571,0.007147,0.128931,-0.042200,0.135849,0.005867,-0.013115,-0.003216,0.014723,1.378758,0.572685,-0.200941,-0.015123,-0.804881,-1.677522,0.024429,0.078534,0.340335,0.002609,0.232122,0.019198,0.052080,-0.329140,0.361963,-0.005024,-0.064672,-0.032064,3.0000,2.0000,2.0000,0.0000,4.0000,29.0212,34.4622,39.7271,-27.7897,16.3686,0.775615,0.924269,0.772861
1786594096224478374,2026-08-13T11:08:16.224499,prediction,0.046608,0.637000,0.106482,True,0.041287,0.641288,0.111545,0.005321,0.004288,0.005063,7.02,20,0.024588,0.892563,0.403165,0.022478,0.925024,0.387951,0.024956,0.897163,0.400208,0.006398,0.110096,-0.044317,0.118853,0.005867,-0.013115,-0.003216,0.014723,1.378758,0.572685,-0.200941,-0.015123,-0.804881,-1.677522,0.024429,0.078534,0.340335,0.002609,0.232122,0.019198,0.052080,-0.329140,0.361963,-0.005024,-0.064672,-0.032064,3.0000,2.0000,2.0000,0.0000,4.0000,28.8926,34.3950,40.1056,-26.8041,16.2422,0.775615,0.924269,0.772861
1786594096253117284,2026-08-13T11:08:16.253139,prediction,0.046608,0.637000,0.106482,True,0.041193,0.648911,0.112728,0.005415,0.011911,0.006246,7.01,20,0.024956,0.897163,0.400208,0.022674,0.927957,0.386554,0.025173,0.900619,0.398324,0.006873,0.102978,-0.049042,0.114267,0.002762,0.034522,-0.022193,0.041133,1.378758,0.572685,-0.200941,-0.015123,-0.804881,-1.677522,0.024429,0.078534,0.340335,0.002609,0.232122,0.019198,0.052080,-0.329140,0.361963,-0.005024,-0.064672,-0.032064,3.0000,2.0000,2.0000,0.0000,4.0000,29.9490,35.1202,39.5703,-28.6928,17.5465,0.775615,0.924269,0.772861
1786594096287297473,2026-08-13T11:08:16.287317,prediction,0.046669,0.629000,0.103702,True,0.041908,0.651257,0.108191,0.004761,0.022257,0.004489,4.59,20,0.024956,0.897163,0.400208,0.022863,0.930303,0.384971,0.025244,0.904732,0.396483,0.005122,0.063533,-0.042861,0.076810,0.002762,0.034522,-0.022193,0.041133,1.378758,0.572685,-0.200941,-0.015123,-0.804881,-1.677522,0.024429,0.078534,0.340335,0.002609,0.232122,0.019198,0.052080,-0.329140,0.361963,-0.005024,-0.064672,-0.032064,3.0000,2.0000,2.0000,0.0000,4.0000,29.8842,35.1488,39.7873,-28.1745,17.5887,0.775615,0.924269,0.772861
1786594096316335861,2026-08-13T11:08:16.316356,prediction,0.046570,0.642000,0.103940,True,0.039222,0.659257,0.107550,0.007347,0.017257,0.003610,4.19,20,0.025763,0.909600,0.394139,0.023065,0.932533,0.383406,0.025763,0.909600,0.394139,0.006871,0.076043,-0.053384,0.093164,0.012091,0.186269,-0.090897,0.207616,1.378758,0.572685,-0.200941,-0.015123,-0.804881,-1.677522,0.024429,0.078534,0.340335,0.002609,0.232122,0.019198,0.052080,-0.329140,0.361963,-0.005024,-0.064672,-0.032064,3.0000,2.0000,2.0000,0.0000,4.0000,29.8679,35.1988,39.5668,-28.8597,17.6919,0.775615,0.924269,0.772861
1786594096355173938,2026-08-13T11:08:16.355194,prediction,0.046570,0.642000,0.103940,True,0.040386,0.662236,0.107524,0.006184,0.020236,0.003583,7.51,20,0.025763,0.909600,0.394139,0.023266,0.935272,0.381841,0.026506,0.914743,0.391823,0.005736,0.078001,-0.044566,0.090018,0.012091,0.186269,-0.090897,0.207616,1.379182,0.574207,-0.194019,-0.015069,-0.809312,-1.677823,0.019634,0.075045,0.349495,0.002609,0.218163,0.013517,0.049280,-0.318360,0.355074,-0.002304,-0.068064,-0.030720,3.0000,2.0000,2.0000,0.0000,4.0000,30.4187,35.5706,39.1902,-28.9868,17.5496,0.775615,0.924269,0.772861
1786594096392954959,2026-08-13T11:08:16.392972,prediction,0.049274,0.633000,0.103775,True,0.045662,0.655645,0.107442,0.003612,0.022645,0.003667,4.47,20,0.027043,0.920767,0.389505,0.023290,0.938113,0.380266,0.027043,0.920767,0.389505,0.000575,0.069163,-0.038343,0.079082,0.019200,0.167609,-0.069552,0.182480,1.379182,0.574207,-0.194019,-0.015069,-0.809312,-1.677823,0.019634,0.075045,0.349495,0.002609,0.218163,0.013517,0.049280,-0.318360,0.355074,-0.002304,-0.068064,-0.030720,3.0000,2.0000,2.0000,0.0000,4.0000,30.6705,35.7233,39.5950,-28.8368,17.3623,0.775615,0.924269,0.772861
1786594096423404937,2026-08-13T11:08:16.423424,prediction,0.049152,0.646000,0.104014,True,0.039636,0.663645,0.105677,0.009516,0.017645,0.001663,4.37,20,0.027043,0.920767,0.389505,0.023311,0.940974,0.378881,0.027194,0.926968,0.387290,0.000694,0.093905,-0.045446,0.104326,0.019200,0.167609,-0.069552,0.182480,1.379182,0.574207,-0.194019,-0.015069,-0.809312,-1.677823,0.019634,0.075045,0.349495,0.002609,0.218163,0.013517,0.049280,-0.318360,0.355074,-0.002304,-0.068064,-0.030720,3.0000,2.0000,2.0000,0.0000,4.0000,30.6977,35.8150,39.7327,-28.4073,17.3198,0.775615,0.924269,0.772861
1786594096457491340,2026-08-13T11:08:16.457511,prediction,0.049115,0.650000,0.104087,True,0.040223,0.670895,0.106797,0.008892,0.020895,0.002709,4.27,20,0.027753,0.933133,0.385167,0.023334,0.943360,0.377501,0.027753,0.933133,0.385167,0.000698,0.070437,-0.040744,0.081376,0.010501,0.182909,-0.064170,0.194123,1.379182,0.574207,-0.194019,-0.015069,-0.809312,-1.677823,0.019634,0.075045,0.349495,0.002609,0.218163,0.013517,0.049280,-0.318360,0.355074,-0.002304,-0.068064,-0.030720,3.0000,2.0000,2.0000,0.0000,4.0000,30.5988,35.8949,39.8044,-28.5034,16.8443,0.775615,0.924269,0.772861
1786594096495030401,2026-08-13T11:08:16.495050,prediction,0.049040,0.658000,0.104234,True,0.040903,0.676891,0.107470,0.008137,0.018891,0.003235,4.95,20,0.028428,0.938939,0.383178,0.023002,0.945864,0.376304,0.028428,0.938939,0.383178,-0.008951,0.067391,-0.032238,0.075239,0.010222,0.087868,-0.030089,0.093437,1.379182,0.574207,-0.194019,-0.015069,-0.809312,-1.677823,0.019634,0.075045,0.349495,0.002609,0.218163,0.013517,0.049280,-0.318360,0.355074,-0.002304,-0.068064,-0.030720,3.0000,2.0000,2.0000,0.0000,4.0000,30.5628,35.9758,39.7996,-28.7132,16.6450,0.775615,0.924269,0.772861
1786594096534881614,2026-08-13T11:08:16.534897,prediction,0.049078,0.654000,0.104161,True,0.044112,0.670357,0.108708,0.004966,0.016357,0.004548,4.75,20,0.028428,0.938939,0.383178,0.022667,0.947911,0.375101,0.028525,0.944634,0.381550,-0.008558,0.052297,-0.030719,0.061253,0.010222,0.087868,-0.030089,0.093437,1.379182,0.574207,-0.194019,-0.015069,-0.809312,-1.677823,0.019634,0.075045,0.349495,0.002609,0.218163,0.013517,0.049280,-0.318360,0.355074,-0.002304,-0.068064,-0.030720,3.0000,2.0000,2.0000,0.0000,4.0000,30.5564,36.0041,40.0179,-29.2994,16.5282,0.775615,0.924269,0.772861
1786594096570616593,2026-08-13T11:08:16.570639,prediction,0.049003,0.662000,0.106900,True,0.040155,0.678357,0.110799,0.008848,0.016357,0.003899,4.61,20,0.028445,0.949879,0.380015,0.022335,0.950081,0.374256,0.028445,0.949879,0.380015,-0.009197,0.060155,-0.023441,0.065212,0.000247,0.164199,-0.047480,0.170926,1.379182,0.574207,-0.194019,-0.015069,-0.809312,-1.677823,0.019634,0.075045,0.349495,0.002609,0.218163,0.013517,0.049280,-0.318360,0.355074,-0.002304,-0.068064,-0.030720,3.0000,2.0000,2.0000,0.0000,4.0000,30.5130,36.0764,39.9343,-29.3909,16.6729,0.775615,0.924269,0.772861
1786594096602950503,2026-08-13T11:08:16.602973,prediction,0.048928,0.670000,0.107034,True,0.039813,0.686357,0.109867,0.009116,0.016357,0.002833,4.80,20,0.028445,0.949879,0.380015,0.022012,0.952488,0.373424,0.028528,0.954928,0.378872,-0.010090,0.075089,-0.025952,0.080086,0.000247,0.164199,-0.047480,0.170926,1.380045,0.588790,-0.126070,-0.014822,-0.834417,-1.679041,0.001744,0.076790,0.312408,0.000000,0.059340,0.000000,-0.034300,-0.333480,0.365947,-0.008192,-0.050144,-0.017920,3.0000,3.0000,2.0000,0.0000,4.0000,30.7341,36.1968,40.0883,-30.3131,16.9652,0.775615,0.924269,0.772861
1786594096633349793,2026-08-13T11:08:16.633370,prediction,0.046293,0.678000,0.107168,True,0.040548,0.694199,0.109762,0.005745,0.016199,0.002595,4.70,20,0.028572,0.959589,0.377728,0.022030,0.955156,0.372764,0.028572,0.959589,0.377728,0.000599,0.086623,-0.021424,0.089235,0.001909,0.145139,-0.034188,0.149124,1.380045,0.588790,-0.126070,-0.014822,-0.834417,-1.679041,0.001744,0.076790,0.312408,0.000000,0.059340,0.000000,-0.034300,-0.333480,0.365947,-0.008192,-0.050144,-0.017920,3.0000,3.0000,2.0000,0.0000,4.0000,30.9538,36.4152,39.8835,-30.8491,16.9861,0.775615,0.924269,0.772861
1786594096665105204,2026-08-13T11:08:16.665127,prediction,0.046262,0.682000,0.107234,True,0.041792,0.695166,0.110018,0.004470,0.013166,0.002784,4.45,20,0.028572,0.959589,0.377728,0.022051,0.957610,0.372283,0.028511,0.964473,0.376811,0.000645,0.077296,-0.015135,0.078766,0.001909,0.145139,-0.034188,0.149124,1.380045,0.588790,-0.126070,-0.014822,-0.834417,-1.679041,0.001744,0.076790,0.312408,0.000000,0.059340,0.000000,-0.034300,-0.333480,0.365947,-0.008192,-0.050144,-0.017920,3.0000,3.0000,2.0000,0.0000,4.0000,31.2975,36.7115,39.2535,-30.4391,17.1379,0.775615,0.924269,0.772861
1786594096697495877,2026-08-13T11:08:16.697513,prediction,0.046262,0.682000,0.109793,True,0.041310,0.699134,0.113584,0.004952,0.017134,0.003791,4.37,20,0.028386,0.969393,0.376128,0.022071,0.960234,0.372148,0.028386,0.969393,0.376128,0.000629,0.080544,-0.004138,0.080652,-0.002800,0.147311,-0.024043,0.149286,1.380045,0.588790,-0.126070,-0.014822,-0.834417,-1.679041,0.001744,0.076790,0.312408,0.000000,0.059340,0.000000,-0.034300,-0.333480,0.365947,-0.008192,-0.050144,-0.017920,3.0000,3.0000,2.0000,0.0000,4.0000,31.5191,36.8450,39.3073,-30.8991,17.4128,0.775615,0.924269,0.772861
1786594096734286768,2026-08-13T11:08:16.734312,prediction,0.046324,0.674000,0.109673,True,0.040667,0.694909,0.112444,0.005656,0.020908,0.002771,4.76,20,0.028386,0.969393,0.376128,0.022090,0.962892,0.372361,0.028557,0.973945,0.375796,0.000522,0.073206,0.005859,0.073442,-0.002800,0.147311,-0.024043,0.149286,1.380045,0.588790,-0.126070,-0.014822,-0.834417,-1.679041,0.001744,0.076790,0.312408,0.000000,0.059340,0.000000,-0.034300,-0.333480,0.365947,-0.008192,-0.050144,-0.017920,3.0000,3.0000,2.0000,0.0000,4.0000,31.7210,36.9819,39.1510,-31.2853,17.4329,0.775615,0.924269,0.772861
1786594096770472911,2026-08-13T11:08:16.770497,prediction,0.046232,0.686000,0.109854,True,0.038557,0.702909,0.110844,0.007675,0.016908,0.000990,5.19,20,0.028598,0.978156,0.375856,0.022115,0.965824,0.372586,0.028598,0.978156,0.375856,0.000713,0.083328,0.006389,0.083576,0.003169,0.131065,-0.004064,0.131167,1.380045,0.588790,-0.126070,-0.014822,-0.834417,-1.679041,0.001744,0.076790,0.312408,0.000000,0.059340,0.000000,-0.034300,-0.333480,0.365947,-0.008192,-0.050144,-0.017920,3.0000,3.0000,2.0000,0.0000,4.0000,32.1269,37.3795,39.0015,-31.1561,17.5105,0.775615,0.924269,0.772861
1786594096839961063,2026-08-13T11:08:16.839989,prediction,0.046385,0.666000,0.112138,True,0.041301,0.701665,0.112752,0.005084,0.035664,0.000614,9.22,20,0.028774,0.982083,0.375730,0.022134,0.968383,0.373148,0.028774,0.982083,0.375730,0.000287,0.038814,0.008528,0.039741,0.002631,0.058803,-0.001881,0.058892,1.380045,0.588790,-0.126070,-0.014822,-0.834417,-1.679041,0.001744,0.076790,0.312408,0.000000,0.059340,0.000000,-0.034300,-0.333480,0.365947,-0.008192,-0.050144,-0.017920,3.0000,3.0000,2.0000,0.0000,4.0000,32.0577,37.7701,38.8035,-30.6703,17.2833,0.775615,0.924269,0.772861
1786594096876271673,2026-08-13T11:08:16.876293,prediction,0.046324,0.674000,0.112245,True,0.036455,0.705409,0.111690,0.009869,0.031409,0.000555,6.58,20,0.028774,0.982083,0.375730,0.022151,0.970869,0.373702,0.028814,0.985682,0.376034,0.000410,0.062246,0.013867,0.063773,0.002631,0.058803,-0.001881,0.058892,1.368461,0.663136,0.011138,-0.015069,-0.876650,-1.667217,0.030976,0.160133,0.280556,0.005670,0.089005,0.024426,-0.137200,-0.329840,0.355572,-0.091232,-0.052000,0.030560,3.0000,3.0000,2.0000,0.0000,4.0000,32.0911,37.8740,38.6346,-30.9435,17.0965,0.775615,0.924269,0.772861
1786594096914365592,2026-08-13T11:08:16.914395,prediction,0.043666,0.689000,0.112446,True,0.033651,0.713409,0.112025,0.010015,0.024409,0.000421,6.79,20,0.028999,0.989156,0.376310,0.022344,0.973072,0.374269,0.028999,0.989156,0.376310,0.005096,0.058012,0.014928,0.060118,0.003399,0.106868,0.008763,0.107281,1.368461,0.663136,0.011138,-0.015069,-0.876650,-1.667217,0.030976,0.160133,0.280556,0.005670,0.089005,0.024426,-0.137200,-0.329840,0.355572,-0.091232,-0.052000,0.030560,3.0000,3.0000,2.0000,0.0000,4.0000,32.0246,37.6780,38.6421,-31.7753,17.3110,0.775615,0.924269,0.772861
1786594096950685914,2026-08-13T11:08:16.950706,prediction,0.043666,0.689000,0.112446,True,0.038701,0.712961,0.113934,0.004965,0.023961,0.001488,6.11,20,0.028999,0.989156,0.376310,0.022718,0.976020,0.374847,0.029448,0.992313,0.376611,0.010004,0.078872,0.015470,0.080995,0.003399,0.106868,0.008763,0.107281,1.368461,0.663136,0.011138,-0.015069,-0.876650,-1.667217,0.030976,0.160133,0.280556,0.005670,0.089005,0.024426,-0.137200,-0.329840,0.355572,-0.091232,-0.052000,0.030560,3.0000,3.0000,2.0000,0.0000,4.0000,31.0564,37.1012,38.9682,-31.5380,17.1206,0.775615,0.924269,0.772861
1786594096984586788,2026-08-13T11:08:16.984605,prediction,0.043618,0.697000,0.112554,True,0.037502,0.713461,0.114904,0.006116,0.016460,0.002351,5.51,20,0.029912,0.995808,0.377043,0.023087,0.979116,0.375417,0.029912,0.995808,0.377043,0.010745,0.090163,0.016579,0.092303,0.013673,0.099608,0.010976,0.101139,1.368461,0.663136,0.011138,-0.015069,-0.876650,-1.667217,0.030976,0.160133,0.280556,0.005670,0.089005,0.024426,-0.137200,-0.329840,0.355572,-0.091232,-0.052000,0.030560,3.0000,3.0000,2.0000,0.0000,4.0000,31.9646,37.6242,36.8747,-35.1965,18.3038,0.775615,0.924269,0.772861
1786594097020701801,2026-08-13T11:08:17.020718,prediction,0.043545,0.709000,0.112715,True,0.037342,0.721461,0.116748,0.006203,0.012460,0.004033,4.79,20,0.029912,0.995808,0.377043,0.023458,0.982455,0.375992,0.030054,0.999237,0.377658,0.010209,0.091812,0.015814,0.093722,0.013673,0.099608,0.010976,0.101139,1.367761,0.666939,0.017956,-0.015134,-0.878655,-1.666634,0.029669,0.156637,0.287977,0.002609,0.083766,0.023995,-0.127400,-0.317380,0.374164,-0.090496,-0.049216,0.033408,3.0000,3.0000,2.0000,0.0000,4.0000,32.2389,37.5782,37.0913,-35.4496,18.2658,0.775615,0.924269,0.772861
1786594097063179888,2026-08-13T11:08:17.063199,prediction,0.043666,0.689000,0.112446,True,0.039025,0.718047,0.116801,0.004641,0.029047,0.004354,4.71,20,0.030246,1.002579,0.378322,0.023817,0.985630,0.376539,0.030246,1.002579,0.378322,0.008572,0.075945,0.013097,0.077541,0.005036,0.101977,0.019256,0.103901,1.364945,0.689937,0.064514,-0.015253,-0.891946,-1.663746,0.009598,0.143988,0.297575,0.000000,0.096863,0.007847,-0.133840,-0.305340,0.360552,-0.086656,-0.050432,0.031456,3.0000,3.0000,2.0000,0.0000,4.0000,32.8545,37.9806,36.9819,-35.4013,18.3152,0.775615,0.924269,0.772861
1786594097098253178,2026-08-13T11:08:17.098265,prediction,0.043642,0.693000,0.112500,True,0.036155,0.721201,0.116080,0.007487,0.028201,0.003580,5.24,20,0.030371,1.005762,0.378944,0.024179,0.988344,0.377095,0.030371,1.005762,0.378944,0.010475,0.078471,0.016069,0.080781,0.001851,0.047065,0.009197,0.047991,1.364730,0.693479,0.071630,-0.015253,-0.894350,-1.663562,0.008285,0.150528,0.295397,0.000000,0.102091,0.007847,-0.138460,-0.323260,0.350426,-0.084000,-0.055776,0.031840,3.0000,3.0000,2.0000,0.0000,4.0000,33.3287,37.6380,37.0943,-38.2695,19.0232,0.775615,0.924269,0.772861
1786594097127304605,2026-08-13T11:08:17.127320,prediction,0.043545,0.709000,0.115229,True,0.036005,0.729201,0.119545,0.007540,0.020201,0.004316,4.32,20,0.030371,1.005762,0.378944,0.024543,0.990754,0.377650,0.030902,1.009082,0.379435,0.011709,0.077545,0.017870,0.080434,0.001851,0.047065,0.009197,0.047991,1.364730,0.693479,0.071630,-0.015253,-0.894350,-1.663562,0.008285,0.150528,0.295397,0.000000,0.102091,0.007847,-0.138460,-0.323260,0.350426,-0.084000,-0.055776,0.031840,3.0000,3.0000,2.0000,0.0000,4.0000,33.2321,37.4117,37.9296,-38.2324,19.2407,0.775615,0.924269,0.772861
1786594097164518101,2026-08-13T11:08:17.164530,prediction,0.043527,0.712000,0.115265,True,0.038990,0.733632,0.120173,0.004537,0.021632,0.004908,4.31,20,0.031178,1.012109,0.380019,0.024903,0.993743,0.378199,0.031178,1.012109,0.380019,0.009692,0.080441,0.014769,0.082358,0.012221,0.096091,0.016269,0.098222,1.364730,0.693479,0.071630,-0.015253,-0.894350,-1.663562,0.008285,0.150528,0.295397,0.000000,0.102091,0.007847,-0.138460,-0.323260,0.350426,-0.084000,-0.055776,0.031840,3.0000,3.0000,2.0000,0.0000,4.0000,33.3872,37.4199,37.7821,-37.9921,19.0773,0.775615,0.924269,0.772861
1786594097201372553,2026-08-13T11:08:17.201384,prediction,0.043569,0.705000,0.115182,True,0.041493,0.727845,0.119488,0.002077,0.022845,0.004306,4.44,20,0.031178,1.012109,0.380019,0.025084,0.996420,0.378733,0.031233,1.015426,0.380706,0.005030,0.074178,0.014802,0.075808,0.012221,0.096091,0.016269,0.098222,1.364730,0.693479,0.071630,-0.015253,-0.894350,-1.663562,0.008285,0.150528,0.295397,0.000000,0.102091,0.007847,-0.138460,-0.323260,0.350426,-0.084000,-0.055776,0.031840,3.0000,3.0000,2.0000,0.0000,4.0000,33.9639,37.6831,37.4633,-39.0239,19.2760,0.775615,0.924269,0.772861
1786594097233628126,2026-08-13T11:08:17.233639,prediction,0.043569,0.705000,0.115182,True,0.038187,0.731141,0.119491,0.005382,0.026141,0.004309,4.28,20,0.031170,1.018375,0.381354,0.025264,0.998396,0.379263,0.031170,1.018375,0.381354,0.005488,0.060388,0.016196,0.062763,-0.000122,0.094167,0.020072,0.096283,1.364730,0.693479,0.071630,-0.015253,-0.894350,-1.663562,0.008285,0.150528,0.295397,0.000000,0.102091,0.007847,-0.138460,-0.323260,0.350426,-0.084000,-0.055776,0.031840,3.0000,3.0000,2.0000,0.0000,4.0000,33.8940,37.5122,37.7253,-38.9784,19.4141,0.775615,0.924269,0.772861
1786594097267261009,2026-08-13T11:08:17.267277,prediction,0.040970,0.724000,0.115406,True,0.032941,0.739141,0.119096,0.008029,0.015141,0.003690,4.43,20,0.031170,1.018375,0.381354,0.025617,1.000018,0.379637,0.031411,1.020935,0.381986,0.010628,0.048853,0.011271,0.051250,-0.000122,0.094167,0.020072,0.096283,1.364730,0.693479,0.071630,-0.015253,-0.894350,-1.663562,0.008285,0.150528,0.295397,0.000000,0.102091,0.007847,-0.138460,-0.323260,0.350426,-0.084000,-0.055776,0.031840,3.0000,3.0000,2.0000,0.0000,4.0000,33.5996,37.7172,38.4427,-35.8050,18.3597,0.775615,0.924269,0.772861
1786594097299264623,2026-08-13T11:08:17.299274,prediction,0.040987,0.720000,0.115359,True,0.037229,0.747141,0.119143,0.003759,0.027141,0.003784,4.22,20,0.031968,1.023365,0.382353,0.025973,1.002369,0.380016,0.031968,1.023365,0.382353,0.010650,0.070380,0.011347,0.072080,0.011913,0.074478,0.014909,0.076884,1.364730,0.693479,0.071630,-0.015253,-0.894350,-1.663562,0.008285,0.150528,0.295397,0.000000,0.102091,0.007847,-0.138460,-0.323260,0.350426,-0.084000,-0.055776,0.031840,3.0000,3.0000,2.0000,0.0000,4.0000,33.5782,37.6192,38.3756,-36.9865,18.4451,0.775615,0.924269,0.772861
1786594097332961728,2026-08-13T11:08:17.332978,prediction,0.038466,0.731000,0.115488,True,0.031262,0.755141,0.117383,0.007204,0.024141,0.001895,4.61,20,0.031968,1.023365,0.382353,0.026490,1.005079,0.380392,0.032198,1.026197,0.382800,0.016189,0.084747,0.011746,0.087076,0.011913,0.074478,0.014909,0.076884,1.364638,0.695275,0.075169,-0.015253,-0.895579,-1.663508,0.006540,0.150097,0.293650,0.000000,0.102091,0.002609,-0.134120,-0.328580,0.357647,-0.082816,-0.056160,0.031296,3.0000,3.0000,2.0000,0.0000,4.0000,32.4313,37.3256,39.0662,-33.6126,17.3974,0.775615,0.924269,0.772861
1786594097361360098,2026-08-13T11:08:17.361373,prediction,0.038485,0.724000,0.115406,True,0.030436,0.757060,0.118155,0.008049,0.033060,0.002749,4.09,20,0.032684,1.029323,0.383236,0.027017,1.008288,0.380610,0.032684,1.029323,0.383236,0.017662,0.107600,0.007306,0.109285,0.010850,0.090342,0.013381,0.091970,1.363404,0.723507,0.134204,-0.015123,-0.924726,-1.663368,0.011342,0.019634,0.096865,0.002609,0.085954,0.003051,-0.160580,-0.521920,0.303282,-0.012192,-0.047872,0.033568,3.0000,3.0000,2.0000,0.0000,4.0000,32.6756,37.4585,39.1052,-34.1345,16.1963,0.775615,0.924269,0.772861
1786594097396149584,2026-08-13T11:08:17.396165,prediction,0.035997,0.727000,0.115441,True,0.023244,0.765060,0.117512,0.012753,0.038060,0.002071,4.37,20,0.032684,1.029323,0.383236,0.027705,1.011756,0.380823,0.033408,1.032801,0.383596,0.020026,0.100890,0.006197,0.103045,0.010850,0.090342,0.013381,0.091970,1.362907,0.723677,0.136732,-0.015080,-0.927324,-1.662980,0.014394,0.004796,0.048432,0.002609,0.061949,0.013517,-0.169540,-0.724360,0.269086,-0.009856,-0.044640,0.033504,3.0000,3.0000,2.0000,0.0000,4.0000,32.6400,37.4416,38.5881,-34.4065,16.4680,0.775615,0.924269,0.772861
1786594097428928637,2026-08-13T11:08:17.428941,prediction,0.036004,0.720000,0.112862,True,0.024049,0.762324,0.115265,0.011955,0.042324,0.002403,4.32,20,0.034289,1.036384,0.383984,0.028216,1.015116,0.380851,0.034289,1.036384,0.383984,0.015824,0.104107,0.000859,0.105307,0.024145,0.106221,0.011258,0.109510,1.362508,0.723207,0.137349,-0.015069,-0.928466,-1.662603,0.018320,0.031414,0.009599,0.000000,0.037954,0.016137,-0.156240,-0.813960,0.249000,-0.011744,-0.044480,0.034304,3.0000,3.0000,2.0000,0.0000,4.0000,32.5860,37.5624,38.1512,-33.8697,16.4611,0.775615,0.924269,0.772861
1786594097460303543,2026-08-13T11:08:17.460329,prediction,0.033519,0.731000,0.113010,True,0.018267,0.769341,0.115588,0.015252,0.038341,0.002578,4.94,20,0.034289,1.036384,0.383984,0.028893,1.017815,0.380888,0.034929,1.040136,0.384200,0.021952,0.087580,0.001219,0.090298,0.024145,0.106221,0.011258,0.109510,1.362508,0.723207,0.137349,-0.015069,-0.928466,-1.662603,0.018320,0.031414,0.009599,0.000000,0.037954,0.016137,-0.156240,-0.813960,0.249000,-0.011744,-0.044480,0.034304,3.0000,3.0000,2.0000,0.0000,4.0000,30.5826,36.8672,38.2887,-32.0964,15.5595,0.775615,0.924269,0.772861
1786594097500172205,2026-08-13T11:08:17.500187,prediction,0.033519,0.731000,0.113010,True,0.016543,0.767482,0.116460,0.016976,0.036482,0.003450,5.43,20,0.036292,1.043665,0.384310,0.029566,1.020595,0.380919,0.036292,1.043665,0.384310,0.017107,0.070634,0.000773,0.072680,0.029112,0.105857,0.004744,0.109889,1.362508,0.723207,0.137349,-0.015069,-0.928466,-1.662603,0.018320,0.031414,0.009599,0.000000,0.037954,0.016137,-0.156240,-0.813960,0.249000,-0.011744,-0.044480,0.034304,3.0000,3.0000,2.0000,0.0000,4.0000,32.1923,37.5238,36.2927,-36.4067,16.3413,0.775615,0.924269,0.772861
1786594097532113251,2026-08-13T11:08:17.532126,prediction,0.033515,0.724000,0.112916,True,0.018126,0.759482,0.116184,0.015389,0.035482,0.003268,4.02,20,0.036292,1.043665,0.384310,0.030235,1.022964,0.380932,0.037689,1.047255,0.384414,0.019668,0.069690,0.000395,0.072413,0.029112,0.105857,0.004744,0.109889,1.362508,0.723207,0.137349,-0.015069,-0.928466,-1.662603,0.018320,0.031414,0.009599,0.000000,0.037954,0.016137,-0.156240,-0.813960,0.249000,-0.011744,-0.044480,0.034304,3.0000,3.0000,2.0000,0.0000,4.0000,31.1444,36.5495,38.4232,-34.5509,17.0437,0.775615,0.924269,0.772861
1786594097563240654,2026-08-13T11:08:17.563255,prediction,0.031061,0.738000,0.113104,True,0.010126,0.767482,0.113192,0.020935,0.029482,0.000088,4.23,20,0.036292,1.043665,0.384310,0.031075,1.025251,0.380976,0.038970,1.050854,0.384376,0.027211,0.074064,0.001419,0.078917,0.029112,0.105857,0.004744,0.109889,1.362162,0.722403,0.137260,-0.015059,-0.929027,-1.662269,0.017889,0.045814,0.015264,0.000000,0.021807,0.016137,-0.146860,-0.869540,0.087731,-0.015200,-0.043744,0.034080,3.0000,3.0000,2.0000,0.0000,4.0000,31.3874,35.8535,39.7678,-36.1540,16.6296,0.775615,0.924269,0.772861
1786594097597562467,2026-08-13T11:08:17.597577,prediction,0.028572,0.731000,0.113010,True,0.007836,0.766308,0.113820,0.020737,0.035308,0.000810,4.51,20,0.036292,1.043665,0.384310,0.032079,1.027735,0.381010,0.040896,1.054211,0.384136,0.029457,0.072838,0.000997,0.078576,0.029112,0.105857,0.004744,0.109889,1.360490,0.716725,0.132114,-0.015059,-0.930051,-1.660091,0.001307,0.017889,0.033592,0.000000,0.016137,0.005228,-0.130480,-0.366940,0.329261,-0.036192,-0.047712,0.028064,3.0000,3.0000,2.0000,0.0000,4.0000,31.5695,35.8728,38.9169,-37.0124,16.9344,0.775615,0.924269,0.772861
1786594097626107345,2026-08-13T11:08:17.626115,prediction,0.026016,0.716000,0.112809,True,0.004573,0.758308,0.112894,0.021444,0.042308,0.000086,4.05,20,0.042784,1.057288,0.383985,0.033248,1.030259,0.380849,0.042784,1.057288,0.383985,0.039919,0.086202,-0.005512,0.095156,0.049346,0.103528,-0.002471,0.114713,1.360490,0.716725,0.132114,-0.015059,-0.930051,-1.660091,0.001307,0.017889,0.033592,0.000000,0.016137,0.005228,-0.130480,-0.366940,0.329261,-0.036192,-0.047712,0.028064,3.0000,3.0000,2.0000,0.0000,4.0000,31.7690,35.9651,38.1983,-37.0337,17.1017,0.775615,0.924269,0.772861
1786594097658616966,2026-08-13T11:08:17.658633,prediction,0.026138,0.738000,0.113104,True,0.000803,0.766308,0.111342,0.025334,0.028308,0.001762,4.35,20,0.042784,1.057288,0.383985,0.034407,1.031937,0.380705,0.044880,1.060309,0.383542,0.037246,0.053912,-0.004628,0.065690,0.049346,0.103528,-0.002471,0.114713,1.360490,0.716725,0.132114,-0.015059,-0.930051,-1.660091,0.001307,0.017889,0.033592,0.000000,0.016137,0.005228,-0.130480,-0.366940,0.329261,-0.036192,-0.047712,0.028064,3.0000,3.0000,2.0000,0.0000,4.0000,32.1965,36.4963,38.0117,-34.4738,15.7967,0.775615,0.924269,0.772861
1786594097693319971,2026-08-13T11:08:17.693328,prediction,0.026077,0.727000,0.107987,True,0.002543,0.768747,0.107919,0.023534,0.041747,0.000068,4.50,20,0.047426,1.062892,0.382953,0.035574,1.033233,0.380225,0.047426,1.062892,0.382953,0.033596,0.037326,-0.013819,0.052085,0.069790,0.084273,-0.015520,0.110514,1.360490,0.716725,0.132114,-0.015059,-0.930051,-1.660091,0.001307,0.017889,0.033592,0.000000,0.016137,0.005228,-0.130480,-0.366940,0.329261,-0.036192,-0.047712,0.028064,3.0000,3.0000,2.0000,0.0000,4.0000,31.5933,35.8736,39.5729,-33.0660,15.7116,0.775615,0.924269,0.772861
1786594097724968143,2026-08-13T11:08:17.724982,prediction,0.026077,0.727000,0.107987,True,0.001696,0.765109,0.108665,0.024381,0.038109,0.000679,4.25,20,0.047426,1.062892,0.382953,0.036740,1.034665,0.379745,0.050022,1.065388,0.382182,0.035881,0.044074,-0.014759,0.058718,0.069790,0.084273,-0.015520,0.110514,1.360490,0.716725,0.132114,-0.015059,-0.930051,-1.660091,0.001307,0.017889,0.033592,0.000000,0.016137,0.005228,-0.130480,-0.366940,0.329261,-0.036192,-0.047712,0.028064,3.0000,3.0000,1.0000,0.0000,4.0000,31.6562,35.9688,39.2601,-31.7320,14.9283,0.775615,0.924269,0.772861
1786594097755383123,2026-08-13T11:08:17.755397,prediction,0.026060,0.724000,0.105447,True,0.004237,0.759491,0.106969,0.021824,0.035491,0.001522,4.04,20,0.047426,1.062892,0.382953,0.037734,1.036125,0.379081,0.052455,1.067762,0.381460,0.032475,0.047696,-0.021692,0.061645,0.069790,0.084273,-0.015520,0.110514,1.360483,0.717699,0.133572,-0.015048,-0.930590,-1.660016,0.000000,0.055849,0.077660,0.003051,0.027045,0.000000,-0.045780,-0.333480,0.364038,-0.036416,-0.046432,0.025280,3.0000,3.0000,2.0000,0.0000,4.0000,30.7054,35.4489,39.3012,-32.2417,15.0417,0.775615,0.924269,0.772861
1786594097787969671,2026-08-13T11:08:17.787980,prediction,0.026121,0.735000,0.100706,True,0.002139,0.767491,0.100782,0.023982,0.032491,0.000076,4.13,20,0.054369,1.070049,0.380651,0.038725,1.036790,0.378104,0.054369,1.070049,0.380651,0.030421,0.020421,-0.029984,0.047344,0.104139,0.107348,-0.034519,0.153493,1.364292,0.757116,0.187305,-0.014660,-0.948440,-1.663778,0.027487,0.244782,0.314156,0.002609,0.137436,0.029665,0.040600,-0.344400,0.376073,-0.007744,-0.059168,-0.034240,3.0000,3.0000,2.0000,0.0000,4.0000,30.6837,35.3951,39.0021,-32.1504,15.4392,0.775615,0.924269,0.772861
1786594097817613810,2026-08-13T11:08:17.817628,prediction,0.026099,0.731000,0.098141,True,0.004669,0.765635,0.098120,0.021430,0.034635,0.000021,4.45,20,0.054369,1.070049,0.380651,0.039549,1.037297,0.376948,0.056708,1.071891,0.379427,0.028548,0.017535,-0.040045,0.052212,0.104139,0.107348,-0.034519,0.153493,1.364717,0.761023,0.192235,-0.014595,-0.950672,-1.664295,0.026174,0.243469,0.304996,0.002609,0.140056,0.032715,0.055160,-0.347760,0.373998,-0.009920,-0.058560,-0.035072,3.0000,3.0000,1.0000,0.0000,4.0000,30.6283,35.0643,40.0082,-30.4341,14.3160,0.775615,0.924269,0.772861
1786594097850801010,2026-08-13T11:08:17.850819,prediction,0.026176,0.745000,0.091103,True,0.004343,0.764699,0.092729,0.021834,0.019698,0.001626,4.37,20,0.058481,1.073246,0.378143,0.040370,1.037985,0.375328,0.058481,1.073246,0.378143,0.024401,0.020457,-0.048178,0.057750,0.061281,0.047644,-0.037378,0.086154,1.365638,0.769621,0.202837,-0.014444,-0.955964,-1.665438,0.024429,0.235178,0.286229,0.003051,0.148345,0.032284,0.069440,-0.339640,0.373998,-0.012800,-0.061120,-0.033632,3.0000,3.0000,1.0000,0.0000,4.0000,30.2171,34.6574,39.4403,-30.1700,14.3892,0.775615,0.924269,0.772861
1786594097884448141,2026-08-13T11:08:17.884464,prediction,0.026198,0.749000,0.086319,True,0.004866,0.764645,0.088964,0.021332,0.015645,0.002645,4.14,20,0.058481,1.073246,0.378143,0.041023,1.039082,0.373386,0.060220,1.074077,0.376448,0.019318,0.032458,-0.057413,0.068724,0.061281,0.047644,-0.037378,0.086154,1.366664,0.778958,0.214235,-0.014326,-0.962238,-1.666721,0.026174,0.230382,0.282304,0.005228,0.161442,0.032284,0.077700,-0.357980,0.388772,-0.012480,-0.056320,-0.035744,3.0000,2.0000,1.0000,0.0000,3.0000,30.5193,35.0282,38.8166,-29.9050,14.8943,0.775615,0.924269,0.772861
1786594097921249032,2026-08-13T11:08:17.921263,prediction,0.026198,0.749000,0.086319,True,0.008242,0.760824,0.089384,0.017956,0.011824,0.003065,3.98,20,0.061446,1.074650,0.374545,0.041677,1.040635,0.371617,0.061446,1.074650,0.374545,0.017879,0.042468,-0.048394,0.066822,0.044672,0.021158,-0.054217,0.073367,1.367180,0.783518,0.219893,-0.014250,-0.965504,-1.667367,0.026174,0.227324,0.282304,0.002609,0.164492,0.032284,0.056420,-0.387100,0.392922,-0.012704,-0.062400,-0.034304,3.0000,3.0000,2.0000,0.0000,4.0000,30.4672,34.7444,38.6700,-30.5803,15.3297,0.775615,0.924269,0.772861
1786594097955362193,2026-08-13T11:08:17.955377,prediction,0.026138,0.738000,0.085972,True,0.009771,0.752824,0.087046,0.016367,0.014824,0.001074,4.35,20,0.061446,1.074650,0.374545,0.042169,1.042119,0.369814,0.062499,1.074889,0.372820,0.014463,0.043613,-0.052978,0.070128,0.044672,0.021158,-0.054217,0.073367,1.368212,0.792456,0.231232,-0.014142,-0.972360,-1.668693,0.024429,0.220778,0.286229,0.002609,0.178021,0.034903,0.053620,-0.393260,0.393088,-0.011520,-0.066464,-0.034560,3.0000,3.0000,2.0000,0.0000,4.0000,30.0434,34.4556,38.9240,-30.1648,15.3983,0.775615,0.924269,0.772861
1786594097986078183,2026-08-13T11:08:17.986090,prediction,0.026160,0.742000,0.083638,True,0.009048,0.752555,0.082116,0.017111,0.010555,0.001522,4.12,20,0.063066,1.074710,0.370917,0.042659,1.043002,0.367856,0.063066,1.074710,0.370917,0.015839,0.028521,-0.063215,0.071137,0.024383,0.000907,-0.054604,0.059808,1.368212,0.792456,0.231232,-0.014142,-0.972360,-1.668693,0.024429,0.220778,0.286229,0.002609,0.178021,0.034903,0.053620,-0.393260,0.393088,-0.011520,-0.066464,-0.034560,3.0000,3.0000,2.0000,0.0000,4.0000,30.9692,34.8524,38.0142,-30.9738,15.1057,0.775615,0.924269,0.772861
1786594098025414801,2026-08-13T11:08:18.025429,prediction,0.026275,0.763000,0.081911,True,0.009339,0.760555,0.079508,0.016936,0.002445,0.002404,4.27,20,0.063066,1.074710,0.370917,0.043142,1.043766,0.365789,0.063565,1.073893,0.368627,0.012597,0.019922,-0.053945,0.058870,0.024383,0.000907,-0.054604,0.059808,1.368212,0.792456,0.231232,-0.014142,-0.972360,-1.668693,0.024429,0.220778,0.286229,0.002609,0.178021,0.034903,0.053620,-0.393260,0.393088,-0.011520,-0.066464,-0.034560,3.0000,2.0000,2.0000,0.0000,4.0000,30.5471,34.3641,39.6171,-29.5571,15.6788,0.775615,0.924269,0.772861
1786594098059439826,2026-08-13T11:08:18.059459,prediction,0.026275,0.763000,0.081911,True,0.015735,0.763668,0.081368,0.010541,0.000668,0.000543,4.17,20,0.063565,1.073893,0.368627,0.043461,1.045625,0.363710,0.064151,1.072948,0.366182,0.009367,0.054590,-0.061054,0.082434,0.007469,-0.012219,-0.034229,0.037104,1.368212,0.792456,0.231232,-0.014142,-0.972360,-1.668693,0.024429,0.220778,0.286229,0.002609,0.178021,0.034903,0.053620,-0.393260,0.393088,-0.011520,-0.066464,-0.034560,3.0000,2.0000,2.0000,0.0000,4.0000,29.8171,33.8049,41.0256,-28.4169,15.5978,0.775615,0.924269,0.772861
1786594098088316885,2026-08-13T11:08:18.088331,prediction,0.026275,0.763000,0.081911,True,0.015294,0.763868,0.080048,0.010982,0.000868,0.001863,4.07,20,0.063565,1.073893,0.368627,0.043614,1.047704,0.361636,0.063777,1.072389,0.364061,0.005118,0.069471,-0.069294,0.098256,0.007469,-0.012219,-0.034229,0.037104,1.368807,0.797683,0.238176,-0.014089,-0.976704,-1.669513,0.022685,0.215544,0.293650,0.002609,0.188929,0.035335,0.066220,-0.368200,0.393586,-0.010240,-0.063744,-0.034176,3.0000,2.0000,2.0000,0.0000,4.0000,28.9575,33.4432,41.2954,-28.1955,15.4405,0.775615,0.924269,0.772861
1786594098124607829,2026-08-13T11:08:18.124622,prediction,0.026297,0.767000,0.079632,True,0.015265,0.771868,0.076180,0.011033,0.004868,0.003452,5.37,20,0.063280,1.072137,0.361809,0.043596,1.049826,0.359425,0.063280,1.072137,0.361809,-0.000546,0.061824,-0.064428,0.089294,-0.004296,-0.026443,-0.102662,0.106100,1.372975,0.831743,0.292601,-0.013517,-1.010626,-1.674999,0.025742,0.186313,0.349495,0.005670,0.202015,0.029665,0.053900,-0.406700,0.393088,-0.010688,-0.072256,-0.034080,3.0000,2.0000,2.0000,0.0000,4.0000,28.5224,32.8777,41.2653,-28.7761,15.3240,0.775615,0.924269,0.772861
1786594098156032011,2026-08-13T11:08:18.156052,prediction,0.026336,0.774000,0.079888,True,0.017162,0.779868,0.077244,0.009174,0.005868,0.002644,4.49,20,0.063280,1.072137,0.361809,0.043582,1.052170,0.357210,0.062567,1.071956,0.359361,-0.000409,0.072471,-0.068450,0.099688,-0.004296,-0.026443,-0.102662,0.106100,1.373276,0.833951,0.296780,-0.013463,-1.013041,-1.675312,0.024867,0.181511,0.349495,0.005670,0.199396,0.024426,0.059500,-0.414680,0.398566,-0.013152,-0.070144,-0.036288,3.0000,2.0000,2.0000,0.0000,4.0000,28.0078,32.5281,41.3023,-29.4183,15.2660,0.775615,0.924269,0.772861
1786594098186935696,2026-08-13T11:08:18.186951,prediction,0.026314,0.770000,0.077328,True,0.021410,0.780948,0.076797,0.004904,0.010948,0.000531,4.03,20,0.061477,1.072217,0.357088,0.043567,1.054933,0.355166,0.061477,1.072217,0.357088,-0.000492,0.086050,-0.063673,0.107047,-0.027072,0.001198,-0.070870,0.075874,1.373276,0.833951,0.296780,-0.013463,-1.013041,-1.675312,0.024867,0.181511,0.349495,0.005670,0.199396,0.024426,0.059500,-0.414680,0.398566,-0.013152,-0.070144,-0.036288,3.0000,3.0000,2.0000,0.0000,4.0000,27.8862,31.9554,41.2412,-30.6889,15.2454,0.775615,0.924269,0.772861
1786594098221528085,2026-08-13T11:08:18.221546,prediction,0.026336,0.774000,0.077481,True,0.020336,0.785921,0.077241,0.006000,0.011921,0.000240,4.16,20,0.061477,1.072217,0.357088,0.043549,1.057992,0.353133,0.060219,1.072992,0.355013,-0.000504,0.089249,-0.059334,0.107174,-0.027072,0.001198,-0.070870,0.075874,1.373276,0.833951,0.296780,-0.013463,-1.013041,-1.675312,0.024867,0.181511,0.349495,0.005670,0.199396,0.024426,0.059500,-0.414680,0.398566,-0.013152,-0.070144,-0.036288,3.0000,3.0000,1.0000,0.0000,4.0000,28.2177,32.3746,39.5634,-31.1472,14.5958,0.775615,0.924269,0.772861
1786594098259309348,2026-08-13T11:08:18.259324,prediction,0.026352,0.777000,0.075193,True,0.019875,0.791575,0.073774,0.006477,0.014575,0.001420,4.11,20,0.058976,1.073928,0.352918,0.043530,1.061110,0.351116,0.058976,1.073928,0.352918,-0.000528,0.084649,-0.054747,0.100812,-0.037464,0.025638,-0.062475,0.077227,1.373276,0.833951,0.296780,-0.013463,-1.013041,-1.675312,0.024867,0.181511,0.349495,0.005670,0.199396,0.024426,0.059500,-0.414680,0.398566,-0.013152,-0.070144,-0.036288,3.0000,3.0000,2.0000,0.0000,4.0000,27.6911,31.9961,39.9067,-31.4462,15.3268,0.775615,0.924269,0.772861
1786594098295038569,2026-08-13T11:08:18.295052,prediction,0.026352,0.777000,0.072791,True,0.021361,0.798858,0.070959,0.004991,0.021858,0.001832,4.24,20,0.057934,1.075225,0.350705,0.043514,1.064401,0.349255,0.057934,1.075225,0.350705,-0.000419,0.089362,-0.050542,0.102666,-0.015657,0.019480,-0.033234,0.041583,1.376053,0.854859,0.345770,-0.013000,-1.037779,-1.678039,0.011780,0.099919,0.314156,0.005228,0.118238,0.007847,0.055720,-0.497420,0.405953,-0.017536,-0.055104,-0.033120,3.0000,3.0000,2.0000,0.0000,4.0000,28.3509,32.2407,39.7564,-32.0646,15.3999,0.775615,0.924269,0.772861
1786594098332344832,2026-08-13T11:08:18.332358,prediction,0.026352,0.777000,0.072791,True,0.022606,0.800373,0.071727,0.003746,0.023373,0.001065,3.96,20,0.057934,1.075225,0.350705,0.043498,1.067512,0.347565,0.056652,1.076896,0.348717,-0.000452,0.083317,-0.045254,0.094815,-0.015657,0.019480,-0.033234,0.041583,1.376360,0.857753,0.355733,-0.012946,-1.041423,-1.678308,0.008285,0.083336,0.308483,0.000000,0.110391,0.007847,0.058520,-0.507780,0.395827,-0.015872,-0.051104,-0.031520,3.0000,3.0000,2.0000,0.0000,4.0000,28.1771,32.3124,40.5789,-30.8196,15.6578,0.775615,0.924269,0.772861
1786594098366750628,2026-08-13T11:08:18.366766,prediction,0.026314,0.770000,0.067674,True,0.022923,0.796610,0.067483,0.003391,0.026610,0.000190,6.15,20,0.055456,1.079002,0.346958,0.043488,1.070374,0.346003,0.055456,1.079002,0.346958,-0.000290,0.090309,-0.049282,0.102881,-0.036113,0.055061,-0.054633,0.085561,1.376360,0.857753,0.355733,-0.012946,-1.041423,-1.678308,0.008285,0.083336,0.308483,0.000000,0.110391,0.007847,0.058520,-0.507780,0.395827,-0.015872,-0.051104,-0.031520,3.0000,3.0000,2.0000,0.0000,4.0000,28.3703,32.4975,40.0596,-30.7408,15.9842,0.775615,0.924269,0.772861
1786594098396945428,2026-08-13T11:08:18.396956,prediction,0.026391,0.784000,0.065910,True,0.019820,0.804610,0.064289,0.006571,0.020610,0.001621,3.88,20,0.055456,1.079002,0.346958,0.043475,1.072653,0.344642,0.054218,1.081195,0.345275,-0.000389,0.068888,-0.041126,0.080231,-0.036113,0.055061,-0.054633,0.085561,1.376360,0.857753,0.355733,-0.012946,-1.041423,-1.678308,0.008285,0.083336,0.308483,0.000000,0.110391,0.007847,0.058520,-0.507780,0.395827,-0.015872,-0.051104,-0.031520,3.0000,3.0000,2.0000,0.0000,4.0000,28.1056,32.6450,38.6835,-31.1029,15.9142,0.775615,0.924269,0.772861
1786594098430804480,2026-08-13T11:08:18.430816,prediction,0.026408,0.787000,0.061278,True,0.021691,0.812610,0.060641,0.004717,0.025610,0.000638,3.98,20,0.053221,1.083536,0.343630,0.043462,1.074976,0.342973,0.053221,1.083536,0.343630,-0.000412,0.068495,-0.049234,0.084354,-0.033288,0.067516,-0.049555,0.090123,1.376360,0.857753,0.355733,-0.012946,-1.041423,-1.678308,0.008285,0.083336,0.308483,0.000000,0.110391,0.007847,0.058520,-0.507780,0.395827,-0.015872,-0.051104,-0.031520,3.0000,3.0000,2.0000,0.0000,4.0000,26.7777,32.1235,38.8800,-30.2807,16.2417,0.775615,0.924269,0.772861
1786594098460604430,2026-08-13T11:08:18.460617,prediction,0.026391,0.784000,0.058739,True,0.024035,0.808513,0.058994,0.002356,0.024513,0.000255,4.02,20,0.053221,1.083536,0.343630,0.043445,1.077307,0.341157,0.052324,1.086136,0.341713,-0.000568,0.078429,-0.061082,0.099410,-0.033288,0.067516,-0.049555,0.090123,1.376360,0.857753,0.355733,-0.012946,-1.041423,-1.678308,0.008285,0.083336,0.308483,0.000000,0.110391,0.007847,0.058520,-0.507780,0.395827,-0.015872,-0.051104,-0.031520,3.0000,3.0000,2.0000,0.0000,4.0000,26.5986,32.0806,38.6726,-30.8994,15.9550,0.775615,0.924269,0.772861
1786594098494103292,2026-08-13T11:08:18.494115,prediction,0.026408,0.787000,0.056507,True,0.022510,0.812222,0.055996,0.003898,0.025222,0.000512,4.08,20,0.051373,1.089200,0.339843,0.043428,1.080173,0.339348,0.051373,1.089200,0.339843,-0.000496,0.086092,-0.054329,0.101802,-0.028710,0.088001,-0.058837,0.109682,1.376517,0.859315,0.361845,-0.012903,-1.043611,-1.678470,0.007853,0.073738,0.304557,0.002609,0.105152,0.007847,0.061880,-0.501200,0.388606,-0.016992,-0.056768,-0.033408,3.0000,3.0000,2.0000,0.0000,4.0000,26.0132,31.8522,38.5675,-31.0439,15.9499,0.775615,0.924269,0.772861
1786594098527027207,2026-08-13T11:08:18.527040,prediction,0.026446,0.794000,0.054505,True,0.022515,0.820222,0.052742,0.003931,0.026222,0.001762,3.84,20,0.051373,1.089200,0.339843,0.043417,1.083147,0.337521,0.050476,1.092980,0.338102,-0.000344,0.089742,-0.055148,0.105333,-0.028710,0.088001,-0.058837,0.109682,1.377353,0.870520,0.406827,-0.012773,-1.058637,-1.679688,0.006540,0.096423,0.311977,0.000000,0.115619,0.008289,0.068180,-0.413840,0.401637,-0.015872,-0.054112,-0.031840,2.0000,3.0000,2.0000,0.0000,4.0000,24.3351,30.9640,39.1642,-31.4889,16.0676,0.775615,0.924269,0.772861
1786594098561819775,2026-08-13T11:08:18.561832,prediction,0.026408,0.787000,0.056507,True,0.025582,0.820960,0.053790,0.000825,0.033960,0.002717,4.69,20,0.049597,1.096904,0.336318,0.043408,1.085021,0.335828,0.049597,1.096904,0.336318,-0.000267,0.056777,-0.051294,0.076517,-0.026562,0.115243,-0.052737,0.129490,1.377353,0.870520,0.406827,-0.012773,-1.058637,-1.679688,0.006540,0.096423,0.311977,0.000000,0.115619,0.008289,0.068180,-0.413840,0.401637,-0.015872,-0.054112,-0.031840,2.0000,3.0000,2.0000,0.0000,4.0000,24.6750,31.1944,38.8990,-32.4410,16.4716,0.775615,0.924269,0.772861
1786594098594592235,2026-08-13T11:08:18.594609,prediction,0.026408,0.787000,0.054122,True,0.025142,0.817130,0.051278,0.001266,0.030130,0.002843,3.89,20,0.049597,1.096904,0.336318,0.043399,1.086676,0.333975,0.048941,1.100871,0.334479,-0.000253,0.047413,-0.053078,0.071171,-0.026562,0.115243,-0.052737,0.129490,1.377353,0.870520,0.406827,-0.012773,-1.058637,-1.679688,0.006540,0.096423,0.311977,0.000000,0.115619,0.008289,0.068180,-0.413840,0.401637,-0.015872,-0.054112,-0.031840,3.0000,3.0000,2.0000,0.0000,4.0000,25.1698,31.4260,38.4477,-32.3429,16.3106,0.775615,0.924269,0.772861
1786594098626776276,2026-08-13T11:08:18.626795,prediction,0.026468,0.798000,0.054724,True,0.023754,0.824074,0.051688,0.002714,0.026074,0.003036,3.87,20,0.048284,1.104681,0.332561,0.043388,1.088287,0.332315,0.048284,1.104681,0.332561,-0.000354,0.050131,-0.051675,0.071997,-0.019696,0.116650,-0.056349,0.131036,1.377353,0.870520,0.406827,-0.012773,-1.058637,-1.679688,0.006540,0.096423,0.311977,0.000000,0.115619,0.008289,0.068180,-0.413840,0.401637,-0.015872,-0.054112,-0.031840,3.0000,3.0000,2.0000,0.0000,4.0000,27.1584,31.8411,39.6100,-32.4696,16.1956,0.775615,0.924269,0.772861
1786594098665748309,2026-08-13T11:08:18.665768,prediction,0.024027,0.787000,0.051736,True,0.024114,0.821511,0.050617,0.000087,0.034511,0.001120,9.84,20,0.048284,1.104681,0.332561,0.043542,1.089676,0.330438,0.047718,1.108487,0.330928,0.004720,0.042583,-0.057543,0.071741,-0.019696,0.116650,-0.056349,0.131036,1.377353,0.870520,0.406827,-0.012773,-1.058637,-1.679688,0.006540,0.096423,0.311977,0.000000,0.115619,0.008289,0.068180,-0.413840,0.401637,-0.015872,-0.054112,-0.031840,3.0000,3.0000,2.0000,0.0000,4.0000,27.0924,31.9716,38.8777,-33.0029,16.0610,0.775615,0.924269,0.772861
1786594098692371803,2026-08-13T11:08:18.692385,prediction,0.024127,0.801000,0.050163,True,0.021460,0.829511,0.049010,0.002667,0.028511,0.001153,3.85,20,0.048284,1.104681,0.332561,0.043687,1.091447,0.328627,0.047255,1.111896,0.329153,0.004412,0.053590,-0.054797,0.076773,-0.019696,0.116650,-0.056349,0.131036,1.377353,0.870520,0.406827,-0.012773,-1.058637,-1.679688,0.006540,0.096423,0.311977,0.000000,0.115619,0.008289,0.068180,-0.413840,0.401637,-0.015872,-0.054112,-0.031840,3.0000,3.0000,2.0000,0.0000,4.0000,26.6517,31.9323,38.7993,-32.6789,16.3164,0.775615,0.924269,0.772861
1786594098720975201,2026-08-13T11:08:18.720988,prediction,0.024105,0.798000,0.049989,True,0.023291,0.826192,0.050699,0.000815,0.028192,0.000710,3.93,20,0.047255,1.111896,0.329153,0.043836,1.093081,0.326794,0.047252,1.114936,0.327301,0.005221,0.057378,-0.064350,0.086374,-0.015383,0.107827,-0.050927,0.120236,1.377353,0.870520,0.406827,-0.012773,-1.058637,-1.679688,0.006540,0.096423,0.311977,0.000000,0.115619,0.008289,0.068180,-0.413840,0.401637,-0.015872,-0.054112,-0.031840,3.0000,3.0000,2.0000,0.0000,4.0000,26.4654,31.8632,38.7434,-33.1811,16.3116,0.775615,0.924269,0.772861


============================================================
EXPERIMENT METRICS
  File: experiment_GRU_20260813_110811.csv
  Total samples: 220
  Task completion time: 7.49 s
  --- Prediction Accuracy (over 220 samples) ---
  Avg Inference Time: 4.67 ms
  Mean Squared Error (MSE): 0.002774 m²
  Mean Absolute Error (MAE - 3D): 0.0456 m
      MAE X: 0.0241 m
      MAE Y: 0.0348 m
      MAE Z: 0.0080 m
  --- Trajectory Smoothness (Robot EE) ---
  Mean Jerk (3D): 10.6727 m/s³
      Jerk X: 3.7551 m/s³
      Jerk Y: 7.5068 m/s³
      Jerk Z: 3.3726 m/s³
  Max Jerk (3D): 135.2988 m/s³
  RMS Jerk (3D): 18.9215 m/s³
============================================================
