ros_timestamp_ns,wall_time,trajectory_mode,meas_x,meas_y,meas_z,is_tracked,pred_x,pred_y,pred_z,mae_x,mae_y,mae_z,inference_ms,buffer_size,robot_ee_x,robot_ee_y,robot_ee_z,hand_base_x,hand_base_y,hand_base_z,target_cmd_x,target_cmd_y,target_cmd_z,hand_vel_x,hand_vel_y,hand_vel_z,hand_speed,ee_vel_x,ee_vel_y,ee_vel_z,ee_speed,j1_pos,j2_pos,j3_pos,j4_pos,j5_pos,j6_pos,j1_vel,j2_vel,j3_vel,j4_vel,j5_vel,j6_vel,j1_eff,j2_eff,j3_eff,j4_eff,j5_eff,j6_eff,rula_upper_arm,rula_lower_arm,rula_wrist,rula_twist,rula_total,rula_alpha_s,rula_alpha_c,rula_beta_s,rula_beta_t,rula_gamma_s,adapt_w,adapt_sr,adapt_se
1786594490524734096,2026-08-13T11:14:50.524761,ground_truth,0.214243,-0.058000,0.075952,True,,,,,,,,,-0.161990,0.308951,0.388245,-0.161010,0.254482,0.377757,-0.003378,1.105986,0.331880,-0.004707,0.032109,0.015886,0.036131,-0.000000,-0.000007,0.000020,0.000021,1.570768,0.124243,-1.002818,0.000022,-0.385652,-1.879127,0.000000,0.000000,0.000000,0.000000,0.000000,0.000000,-0.004900,-0.185640,0.063163,-0.011872,0.027840,-0.004288,1.0000,2.0000,2.0000,0.0000,2.0000,9.3240,11.7395,41.2450,-20.6296,17.0404,0.775615,0.924269,0.772861
1786594490561593352,2026-08-13T11:14:50.561608,ground_truth,0.213614,-0.050000,0.083689,True,,,,,,,,,-0.161991,0.308956,0.388249,-0.161991,0.308956,0.388249,-0.161991,0.308956,0.388249,-0.032017,1.778810,0.342609,1.811787,-0.000000,0.000004,0.000003,0.000005,1.570768,0.124243,-1.002818,0.000022,-0.385652,-1.879127,0.000000,0.000000,0.000000,0.000000,0.000000,0.000000,-0.006440,-0.185640,0.064491,-0.011744,0.028224,-0.005632,1.0000,2.0000,2.0000,0.0000,2.0000,9.0732,11.4538,43.9058,-20.0152,16.9645,0.775615,0.924269,0.772861
1786594490591147870,2026-08-13T11:14:50.591169,ground_truth,0.216286,-0.084000,0.094425,True,,,,,,,,,-0.161991,0.308956,0.388249,-0.161991,0.308956,0.388249,-0.161991,0.308956,0.388249,0.000000,0.000000,0.000000,0.000000,-0.000000,0.000004,0.000003,0.000005,1.570768,0.124243,-1.002818,0.000022,-0.385652,-1.879127,0.000000,0.000000,0.000000,0.000000,0.000000,0.000000,-0.006440,-0.185640,0.064491,-0.011744,0.028224,-0.005632,1.0000,2.0000,2.0000,0.0000,2.0000,9.3546,11.7909,43.9762,-19.5430,16.7103,0.775615,0.924269,0.772861
1786594490628807422,2026-08-13T11:14:50.628835,ground_truth,0.212907,-0.041000,0.102651,True,,,,,,,,,-0.161991,0.308956,0.388249,-0.161991,0.308956,0.388249,-0.161991,0.308956,0.388249,0.000000,0.000000,0.000000,0.000000,0.000000,0.000000,0.000000,0.000000,1.570768,0.124243,-1.002818,0.000022,-0.385652,-1.879127,0.000000,0.000000,0.000000,0.000000,0.000000,0.000000,-0.006440,-0.185640,0.064491,-0.011744,0.028224,-0.005632,1.0000,2.0000,2.0000,0.0000,2.0000,10.0693,12.7276,44.9317,-19.2868,16.1934,0.775615,0.924269,0.772861
1786594490657388150,2026-08-13T11:14:50.657406,ground_truth,0.211650,-0.025000,0.110320,True,,,,,,,,,-0.161991,0.308956,0.388249,-0.161991,0.308956,0.388249,-0.161991,0.308956,0.388249,0.000000,0.000000,0.000000,0.000000,0.000000,0.000000,0.000000,0.000000,1.570768,0.124243,-1.002818,0.000022,-0.385652,-1.879127,0.000000,0.000000,0.000000,0.000000,0.000000,0.000000,-0.006440,-0.185640,0.064491,-0.011744,0.028224,-0.005632,1.0000,2.0000,2.0000,0.0000,2.0000,10.2991,12.8204,44.5616,-17.4563,15.7113,0.775615,0.924269,0.772861
1786594490694314432,2026-08-13T11:14:50.694328,ground_truth,0.213614,-0.050000,0.121373,True,,,,,,,,,-0.161991,0.308956,0.388249,-0.161991,0.308956,0.388249,-0.161991,0.308956,0.388249,0.000000,0.000000,0.000000,0.000000,0.000000,0.000000,0.000000,0.000000,1.570768,0.124243,-1.002818,0.000022,-0.385652,-1.879127,0.000000,0.000000,0.000000,0.000000,0.000000,0.000000,-0.006440,-0.185640,0.064491,-0.011744,0.028224,-0.005632,1.0000,2.0000,2.0000,0.0000,2.0000,10.1828,12.9342,45.6183,-17.2633,15.6964,0.775615,0.924269,0.772861
1786594490723127787,2026-08-13T11:14:50.723141,ground_truth,0.214243,-0.058000,0.128894,True,,,,,,,,,-0.161991,0.308956,0.388249,-0.161991,0.308956,0.388249,-0.161991,0.308956,0.388249,0.000000,0.000000,0.000000,0.000000,0.000000,0.000000,0.000000,0.000000,1.570768,0.124243,-1.002818,0.000022,-0.385652,-1.879127,0.000000,0.000000,0.000000,0.000000,0.000000,0.000000,-0.006440,-0.185640,0.064491,-0.011744,0.028224,-0.005632,1.0000,2.0000,2.0000,0.0000,2.0000,10.0133,12.7782,45.8517,-16.6424,15.4965,0.775615,0.924269,0.772861
1786594490770507008,2026-08-13T11:14:50.770536,ground_truth,0.210314,-0.008000,0.132686,True,,,,,,,,,-0.161991,0.308956,0.388249,-0.161991,0.308956,0.388249,-0.161991,0.308956,0.388249,0.000000,0.000000,0.000000,0.000000,0.000000,0.000000,0.000000,0.000000,1.570768,0.124243,-1.002818,0.000022,-0.385652,-1.879127,0.000000,0.000000,0.000000,0.000000,0.000000,0.000000,-0.006440,-0.185640,0.064491,-0.011744,0.028224,-0.005632,1.0000,2.0000,1.0000,0.0000,2.0000,10.1083,12.7868,47.3315,-16.3527,13.6407,0.775615,0.924269,0.772861
1786594490796637951,2026-08-13T11:14:50.796661,ground_truth,0.208428,0.016000,0.132691,True,,,,,,,,,-0.161991,0.308956,0.388249,-0.161991,0.308956,0.388249,-0.161991,0.308956,0.388249,0.000000,0.000000,0.000000,0.000000,0.000000,0.000000,0.000000,0.000000,1.570768,0.124243,-1.002818,0.000022,-0.385652,-1.879127,0.000000,0.000000,0.000000,0.000000,0.000000,0.000000,-0.006440,-0.185640,0.064491,-0.011744,0.028224,-0.005632,1.0000,2.0000,1.0000,0.0000,2.0000,10.3311,13.3869,48.6012,-18.9981,13.2357,0.775615,0.924269,0.772861
1786594490830795578,2026-08-13T11:14:50.830816,ground_truth,0.205913,0.048000,0.136304,True,,,,,,,,,-0.161991,0.308956,0.388249,-0.161991,0.308956,0.388249,-0.161991,0.308956,0.388249,0.000000,0.000000,0.000000,0.000000,0.000000,0.000000,0.000000,0.000000,1.570768,0.124243,-1.002818,0.000022,-0.385652,-1.879127,0.000000,0.000000,0.000000,0.000000,0.000000,0.000000,-0.006440,-0.185640,0.064491,-0.011744,0.028224,-0.005632,1.0000,2.0000,1.0000,0.0000,2.0000,10.6623,13.7423,49.3186,-21.6275,13.1254,0.775615,0.924269,0.772861
1786594490868004820,2026-08-13T11:14:50.868029,ground_truth,0.202313,0.048000,0.139910,True,,,,,,,,,-0.161991,0.308956,0.388249,-0.158533,0.337756,0.428430,-0.158533,0.337756,0.428430,0.100644,0.838284,1.169548,1.442460,0.000000,0.000000,0.000000,0.000000,1.570768,0.124243,-1.002818,0.000022,-0.385652,-1.879127,0.000000,0.000000,0.000000,0.000000,0.000000,0.000000,-0.006440,-0.185640,0.064491,-0.011744,0.028224,-0.005632,1.0000,2.0000,1.0000,0.0000,2.0000,11.2276,14.2132,50.3395,-21.5766,13.9545,0.775615,0.924269,0.772861
1786594490905615287,2026-08-13T11:14:50.905636,ground_truth,0.202313,0.048000,0.143517,True,,,,,,,,,-0.157641,0.349844,0.430976,-0.157641,0.349844,0.430976,-0.157641,0.349844,0.430976,0.023990,0.325228,0.068519,0.333232,0.065625,0.616923,0.644687,0.894719,1.570768,0.124243,-1.002818,0.000022,-0.385652,-1.879117,0.000000,0.000000,0.000000,0.000000,0.000000,0.002609,-0.007000,-0.182560,0.062831,-0.010816,0.027008,-0.006624,1.0000,2.0000,1.0000,0.0000,2.0000,11.8872,14.1816,51.1669,-20.0703,14.6651,0.775615,0.924269,0.772861
1786594490934259602,2026-08-13T11:14:50.934289,ground_truth,0.210469,-0.058000,0.147802,True,,,,,,,,,-0.157641,0.349844,0.430976,-0.156898,0.357534,0.433399,-0.156898,0.357534,0.433399,0.019625,0.203119,0.063989,0.213862,0.065625,0.616923,0.644687,0.894719,1.570768,0.124243,-1.002818,0.000022,-0.385652,-1.879117,0.000000,0.000000,0.000000,0.000000,0.000000,0.002609,-0.007700,-0.182280,0.061586,-0.010816,0.026336,-0.006624,1.0000,2.0000,1.0000,0.0000,2.0000,12.4835,13.9398,50.7487,-19.4459,14.8112,0.775615,0.924269,0.772861
1786594490963267514,2026-08-13T11:14:50.963284,ground_truth,0.199390,0.086000,0.143336,True,,,,,,,,,-0.156897,0.363533,0.435779,-0.156897,0.363533,0.435779,-0.156897,0.363533,0.435779,0.000048,0.210046,0.083310,0.225964,0.011145,0.204959,0.071898,0.217489,1.570768,0.124243,-1.002818,0.000022,-0.385652,-1.879117,0.000000,0.000000,0.000000,0.000000,0.000000,0.002609,-0.007700,-0.182280,0.061586,-0.010816,0.026336,-0.006624,1.0000,2.0000,2.0000,0.0000,2.0000,12.6473,13.9226,50.2264,-20.2617,15.1428,0.775615,0.924269,0.772861
1786594490992062522,2026-08-13T11:14:50.992081,ground_truth,0.202313,0.048000,0.143517,True,,,,,,,,,-0.156897,0.363533,0.435779,-0.156104,0.368557,0.437499,-0.156104,0.368557,0.437499,0.027540,0.174586,0.059791,0.186585,0.011145,0.204959,0.071898,0.217489,1.570768,0.124243,-1.002818,0.000022,-0.385652,-1.879117,0.000000,0.000000,0.000000,0.000000,0.000000,0.002609,-0.007700,-0.182280,0.061586,-0.010816,0.026336,-0.006624,1.0000,2.0000,1.0000,0.0000,2.0000,12.6607,13.9898,51.1282,-19.5728,14.7872,0.775615,0.924269,0.772861
1786594491024513035,2026-08-13T11:14:51.024529,ground_truth,0.205913,0.048000,0.143517,True,,,,,,,,,-0.156897,0.363533,0.435779,-0.155612,0.372877,0.439002,-0.155612,0.372877,0.439002,0.017187,0.150893,0.052518,0.160693,0.011145,0.204959,0.071898,0.217489,1.570768,0.124243,-1.002818,0.000022,-0.385652,-1.879117,0.000000,0.000000,0.000000,0.000000,0.000000,0.002609,-0.007700,-0.182280,0.061586,-0.010816,0.026336,-0.006624,1.0000,2.0000,1.0000,0.0000,2.0000,12.4350,13.9617,51.4049,-20.6402,14.9039,0.775615,0.924269,0.772861
1786594491057308446,2026-08-13T11:14:51.057322,ground_truth,0.205363,0.055000,0.143483,True,,,,,,,,,-0.155612,0.372877,0.439002,-0.155057,0.379394,0.443507,-0.155057,0.379394,0.443507,0.016786,0.196994,0.136152,0.240053,0.019375,0.140930,0.048628,0.150337,1.570768,0.124243,-1.002818,0.000022,-0.385652,-1.879117,0.000000,0.000000,0.000000,0.000000,0.000000,0.002609,-0.007700,-0.182280,0.061586,-0.010816,0.026336,-0.006624,1.0000,2.0000,1.0000,0.0000,2.0000,12.4350,13.9617,51.4049,-20.6402,14.9039,0.775615,0.924269,0.772861
1786594491094602195,2026-08-13T11:14:51.094618,ground_truth,0.199390,0.086000,0.143336,True,,,,,,,,,-0.154507,0.385924,0.447493,-0.154507,0.385924,0.447493,-0.154507,0.385924,0.447493,0.016920,0.200853,0.122611,0.235927,0.016415,0.193744,0.126081,0.231738,1.570931,0.123864,-1.002253,0.002199,-0.384509,-1.881326,0.003489,0.014394,0.024432,0.032284,0.002609,0.034903,0.074900,-0.307160,0.219618,0.007744,0.032576,-0.035904,1.0000,2.0000,1.0000,0.0000,2.0000,11.6969,15.1032,53.0715,-24.5663,14.1300,0.775615,0.924269,0.772861
1786594491127930636,2026-08-13T11:14:51.127946,ground_truth,0.200005,0.078000,0.143374,True,,,,,,,,,-0.154507,0.385924,0.447493,-0.153381,0.393256,0.450754,-0.153381,0.393256,0.450754,0.030428,0.198075,0.088080,0.218901,0.016415,0.193744,0.126081,0.231738,1.570957,0.123120,-1.001026,0.003234,-0.384693,-1.882253,0.000000,0.030976,0.050172,0.034903,0.016137,0.023995,0.032480,-0.317100,0.245016,0.004864,-0.062112,-0.031744,1.0000,2.0000,1.0000,0.0000,2.0000,11.6819,15.1008,52.9470,-24.0964,13.9250,0.775615,0.924269,0.772861
1786594491158033205,2026-08-13T11:14:51.158058,ground_truth,0.207237,-0.016000,0.143821,True,,,,,,,,,-0.154507,0.385924,0.447493,-0.152520,0.401550,0.453469,-0.152520,0.401550,0.453469,0.025573,0.246574,0.080718,0.260707,0.016415,0.193744,0.126081,0.231738,1.570957,0.123120,-1.001026,0.003234,-0.384693,-1.882253,0.000000,0.030976,0.050172,0.034903,0.016137,0.023995,0.032480,-0.317100,0.245016,0.004864,-0.062112,-0.031744,1.0000,2.0000,1.0000,0.0000,2.0000,11.4300,15.3057,51.5170,-28.0959,13.4756,0.775615,0.924269,0.772861
1786594491192167399,2026-08-13T11:14:51.192183,ground_truth,0.196982,0.071000,0.139839,True,,,,,,,,,-0.152520,0.401550,0.453469,-0.152226,0.409555,0.455702,-0.152226,0.409555,0.455702,0.009829,0.267484,0.074625,0.277873,0.029075,0.228700,0.087458,0.246573,1.570957,0.123120,-1.001026,0.003234,-0.384693,-1.882253,0.000000,0.030976,0.050172,0.034903,0.016137,0.023995,0.032480,-0.317100,0.245016,0.004864,-0.062112,-0.031744,1.0000,2.0000,1.0000,0.0000,2.0000,11.6351,15.7321,50.9243,-29.2673,12.7905,0.775615,0.924269,0.772861
1786594491234451284,2026-08-13T11:14:51.234471,ground_truth,0.198187,0.055000,0.139889,True,,,,,,,,,-0.151118,0.417129,0.456933,-0.151118,0.417129,0.456933,-0.151118,0.417129,0.456933,0.032522,0.222164,0.036109,0.227416,0.021603,0.239904,0.053348,0.246711,1.570957,0.123120,-1.001026,0.003234,-0.384693,-1.882253,0.000000,0.030976,0.050172,0.034903,0.016137,0.023995,0.032480,-0.317100,0.245016,0.004864,-0.062112,-0.031744,1.0000,2.0000,1.0000,0.0000,2.0000,11.7781,15.9157,51.1688,-29.7221,11.9898,0.775615,0.924269,0.772861
1786594491262494522,2026-08-13T11:14:51.262518,ground_truth,0.192013,0.137000,0.139634,True,,,,,,,,,-0.151118,0.417129,0.456933,-0.150047,0.424244,0.457666,-0.150047,0.424244,0.457666,0.025072,0.166653,0.017168,0.169401,0.021603,0.239904,0.053348,0.246711,1.570957,0.123120,-1.001026,0.003234,-0.384693,-1.882253,0.000000,0.030976,0.050172,0.034903,0.016137,0.023995,0.032480,-0.317100,0.245016,0.004864,-0.062112,-0.031744,1.0000,3.0000,1.0000,0.0000,2.0000,11.0089,15.8719,52.4429,-30.2539,11.6854,0.775615,0.924269,0.772861
1786594491299300001,2026-08-13T11:14:51.299317,ground_truth,0.188818,0.133500,0.136180,True,,,,,,,,,-0.148827,0.432121,0.458129,-0.148827,0.432121,0.458129,-0.148827,0.432121,0.458129,0.044039,0.284307,0.016720,0.288183,0.034473,0.225631,0.018003,0.228958,1.570957,0.123120,-1.001026,0.003234,-0.384693,-1.882253,0.000000,0.030976,0.050172,0.034903,0.016137,0.023995,0.032480,-0.317100,0.245016,0.004864,-0.062112,-0.031744,1.0000,3.0000,1.0000,0.0000,2.0000,10.6106,15.2250,53.4634,-30.5780,11.3337,0.775615,0.924269,0.772861
1786594491330610925,2026-08-13T11:14:51.330637,ground_truth,0.190181,0.115000,0.136207,True,,,,,,,,,-0.148827,0.432121,0.458129,-0.147520,0.441242,0.458362,-0.147520,0.441242,0.458362,0.035119,0.245050,0.006248,0.247632,0.034473,0.225631,0.018003,0.228958,1.570957,0.123120,-1.001026,0.003234,-0.384693,-1.882253,0.000000,0.030976,0.050172,0.034903,0.016137,0.023995,0.032480,-0.317100,0.245016,0.004864,-0.062112,-0.031744,1.0000,3.0000,1.0000,0.0000,2.0000,10.7516,15.1749,52.8310,-30.0413,10.6420,0.775615,0.924269,0.772861
1786594491356991392,2026-08-13T11:14:51.357013,ground_truth,0.191801,0.093000,0.136239,True,,,,,,,,,-0.148827,0.432121,0.458129,-0.146471,0.449334,0.458355,-0.146471,0.449334,0.458355,0.034000,0.262292,-0.000210,0.264487,0.034473,0.225631,0.018003,0.228958,1.570957,0.123120,-1.001026,0.003234,-0.384693,-1.882253,0.000000,0.030976,0.050172,0.034903,0.016137,0.023995,0.032480,-0.317100,0.245016,0.004864,-0.062112,-0.031744,1.0000,2.0000,1.0000,0.0000,2.0000,10.5221,15.2948,53.3696,-29.9736,10.6940,0.775615,0.924269,0.772861
1786594491392908026,2026-08-13T11:14:51.392928,ground_truth,0.187530,0.151000,0.132718,True,,,,,,,,,-0.145770,0.454525,0.458111,-0.145770,0.454525,0.458111,-0.145770,0.454525,0.458111,0.026643,0.197353,-0.009305,0.199361,0.045746,0.335272,-0.000279,0.338378,1.570951,0.122701,-1.000335,0.003590,-0.385188,-1.882512,0.001744,0.036209,0.061518,0.029665,0.048432,0.018756,-0.012600,-0.328160,0.250328,0.005344,-0.050944,-0.032896,1.0000,2.0000,1.0000,0.0000,2.0000,9.9050,15.0466,56.7312,-27.6601,11.4625,0.775615,0.924269,0.772861
1786594491424344805,2026-08-13T11:14:51.424365,ground_truth,0.185612,0.130000,0.132714,True,,,,,,,,,-0.145770,0.454525,0.458111,-0.144785,0.459137,0.457391,-0.144785,0.459137,0.457391,0.027294,0.127713,-0.019937,0.132110,0.045746,0.335272,-0.000279,0.338378,1.561483,0.092065,-0.946980,0.001207,-0.454963,-1.870504,0.038829,0.102970,0.267902,0.032284,0.361280,0.067629,-0.111580,-0.251020,0.295397,-0.076096,-0.086880,0.034400,1.0000,2.0000,1.0000,0.0000,2.0000,9.3419,14.2250,57.2774,-22.9457,8.6267,0.775615,0.924269,0.772861
1786594491457002069,2026-08-13T11:14:51.457019,ground_truth,0.180178,0.158000,0.132720,True,,,,,,,,,-0.144785,0.459137,0.457391,-0.143127,0.464432,0.456385,-0.143127,0.464432,0.456385,0.052684,0.168361,-0.031980,0.179287,0.014864,0.069550,-0.010857,0.071945,1.560288,0.089230,-0.938125,0.000280,-0.466820,-1.868520,0.035778,0.078534,0.284051,0.024426,0.377427,0.056721,-0.105000,-0.216300,0.297306,-0.076640,-0.082592,0.036640,1.0000,2.0000,1.0000,0.0000,2.0000,9.6383,14.0822,56.0579,-21.0137,9.8059,0.775615,0.924269,0.772861
1786594491491291763,2026-08-13T11:14:51.491309,ground_truth,0.180670,0.151000,0.132718,True,,,,,,,,,-0.144785,0.459137,0.457391,-0.141847,0.470985,0.455677,-0.141847,0.470985,0.455677,0.039378,0.201452,-0.021760,0.206414,0.014864,0.069550,-0.010857,0.071945,1.560288,0.089230,-0.938125,0.000280,-0.466820,-1.868520,0.035778,0.078534,0.284051,0.024426,0.377427,0.056721,-0.105000,-0.216300,0.297306,-0.076640,-0.082592,0.036640,1.0000,2.0000,1.0000,0.0000,2.0000,9.8195,14.1803,55.7563,-19.0990,7.8516,0.775615,0.924269,0.772861
1786594491525191639,2026-08-13T11:14:51.525204,ground_truth,0.179193,0.172000,0.136124,True,,,,,,,,,-0.141847,0.470985,0.455677,-0.140404,0.477789,0.454957,-0.140404,0.477789,0.454957,0.042497,0.200392,-0.021203,0.205943,0.043967,0.177311,-0.025646,0.184472,1.560288,0.089230,-0.938125,0.000280,-0.466820,-1.868520,0.035778,0.078534,0.284051,0.024426,0.377427,0.056721,-0.105000,-0.216300,0.297306,-0.076640,-0.082592,0.036640,1.0000,2.0000,1.0000,0.0000,2.0000,10.9138,15.0908,55.3549,-16.2734,6.9289,0.775615,0.924269,0.772861
1786594491559179163,2026-08-13T11:14:51.559196,ground_truth,0.178701,0.179000,0.136114,True,,,,,,,,,-0.141847,0.470985,0.455677,-0.138622,0.485016,0.454464,-0.138622,0.485016,0.454464,0.052267,0.212063,-0.014461,0.218887,0.043967,0.177311,-0.025646,0.184472,1.560288,0.089230,-0.938125,0.000280,-0.466820,-1.868520,0.035778,0.078534,0.284051,0.024426,0.377427,0.056721,-0.105000,-0.216300,0.297306,-0.076640,-0.082592,0.036640,1.0000,2.0000,1.0000,0.0000,2.0000,10.5822,14.2967,55.1978,-13.9707,8.8079,0.775615,0.924269,0.772861
1786594491594508731,2026-08-13T11:14:51.594531,ground_truth,0.175317,0.179000,0.139504,True,,,,,,,,,-0.138622,0.485016,0.454464,-0.136845,0.493075,0.453973,-0.136845,0.493075,0.453973,0.052260,0.236940,-0.014445,0.243064,0.047629,0.207272,-0.017915,0.213427,1.560288,0.089230,-0.938125,0.000280,-0.466820,-1.868520,0.035778,0.078534,0.284051,0.024426,0.377427,0.056721,-0.105000,-0.216300,0.297306,-0.076640,-0.082592,0.036640,1.0000,2.0000,1.0000,0.0000,2.0000,10.4865,14.1884,55.8219,-14.3989,9.9965,0.775615,0.924269,0.772861
1786594491637723007,2026-08-13T11:14:51.637744,ground_truth,0.174356,0.193000,0.142827,True,,,,,,,,,-0.135240,0.501300,0.453717,-0.135240,0.501300,0.453717,-0.135240,0.501300,0.453717,0.044830,0.229762,-0.007137,0.234204,0.051545,0.248160,-0.011381,0.253712,1.556564,0.086917,-0.883239,-0.001746,-0.535344,-1.863206,0.013087,0.035778,0.328989,0.002609,0.385275,0.013517,-0.101360,-0.011340,0.294733,-0.079488,-0.082656,0.032448,1.0000,2.0000,1.0000,0.0000,2.0000,10.4925,14.0287,55.7327,-14.1943,9.7745,0.775615,0.924269,0.772861
1786594491673486122,2026-08-13T11:14:51.673503,ground_truth,0.174836,0.186000,0.146239,True,,,,,,,,,-0.135240,0.501300,0.453717,-0.133530,0.508332,0.453681,-0.133530,0.508332,0.453681,0.039638,0.162995,-0.000845,0.167747,0.051545,0.248160,-0.011381,0.253712,1.556256,0.087662,-0.876704,-0.001800,-0.542793,-1.862937,0.016138,0.039267,0.325063,0.002609,0.361280,0.013517,-0.106260,-0.018900,0.284607,-0.077312,-0.086560,0.032352,1.0000,2.0000,1.0000,0.0000,2.0000,10.5683,13.5510,56.8749,-12.3363,8.8085,0.775615,0.924269,0.772861
1786594491701521567,2026-08-13T11:14:51.701541,ground_truth,0.172982,0.213000,0.149400,True,,,,,,,,,-0.131370,0.515498,0.453842,-0.131370,0.515498,0.453842,-0.131370,0.515498,0.453842,0.061329,0.203467,0.004577,0.212559,0.057609,0.211349,0.001857,0.219068,1.556256,0.087662,-0.876704,-0.001800,-0.542793,-1.862937,0.016138,0.039267,0.325063,0.002609,0.361280,0.013517,-0.106260,-0.018900,0.284607,-0.077312,-0.086560,0.032352,1.0000,2.0000,1.0000,0.0000,2.0000,11.1752,11.4984,58.6191,-7.6983,9.9257,0.775615,0.924269,0.772861
1786594491731440142,2026-08-13T11:14:51.731458,ground_truth,0.174356,0.193000,0.152928,True,,,,,,,,,-0.131370,0.515498,0.453842,-0.129770,0.523438,0.454480,-0.129770,0.523438,0.454480,0.056608,0.280906,0.022551,0.287439,0.057609,0.211349,0.001857,0.219068,1.556256,0.087662,-0.876704,-0.001800,-0.542793,-1.862937,0.016138,0.039267,0.325063,0.002609,0.361280,0.013517,-0.106260,-0.018900,0.284607,-0.077312,-0.086560,0.032352,1.0000,1.0000,1.0000,0.0000,1.0000,12.1041,10.5171,60.1543,-4.5438,9.9862,0.775615,0.924269,0.772861
1786594491766448233,2026-08-13T11:14:51.766467,ground_truth,0.172570,0.219000,0.152676,True,,,,,,,,,-0.128181,0.532386,0.455349,-0.128181,0.532386,0.455349,-0.128181,0.532386,0.455349,0.053097,0.299043,0.029052,0.305107,0.047746,0.252865,0.022560,0.258320,1.556256,0.087662,-0.876704,-0.001800,-0.542793,-1.862937,0.016138,0.039267,0.325063,0.002609,0.361280,0.013517,-0.106260,-0.018900,0.284607,-0.077312,-0.086560,0.032352,1.0000,2.0000,1.0000,0.0000,2.0000,13.3521,9.9970,59.5353,-3.7438,9.6457,0.775615,0.924269,0.772861
1786594491815494833,2026-08-13T11:14:51.815515,ground_truth,0.168313,0.233000,0.152540,True,,,,,,,,,-0.128181,0.532386,0.455349,-0.126885,0.541749,0.456218,-0.126885,0.541749,0.456218,0.036752,0.265461,0.024650,0.269124,0.047746,0.252865,0.022560,0.258320,1.556067,0.088145,-0.872860,-0.001832,-0.547072,-1.862764,0.016576,0.041012,0.319829,0.000000,0.352991,0.013517,-0.103740,-0.026880,0.284109,-0.080096,-0.080480,0.032448,1.0000,2.0000,1.0000,0.0000,2.0000,13.5030,9.9483,59.5664,-4.4138,9.8383,0.775615,0.924269,0.772861
1786594491848572278,2026-08-13T11:14:51.848589,ground_truth,0.168313,0.233000,0.152540,True,,,,,,,,,-0.125518,0.548181,0.457309,-0.125518,0.548181,0.457309,-0.125518,0.548181,0.457309,0.027999,0.131753,0.022339,0.136535,0.040097,0.237809,0.029510,0.242964,1.551879,0.095672,-0.823892,-0.002296,-0.593402,-1.858754,0.030976,0.053667,0.260050,0.002609,0.207685,0.032284,-0.122360,-0.030380,0.296476,-0.081088,-0.068352,0.036352,1.0000,2.0000,1.0000,0.0000,2.0000,13.1317,10.3379,59.3869,-5.5093,9.7287,0.775615,0.924269,0.772861
1786594491877534423,2026-08-13T11:14:51.877554,ground_truth,0.167442,0.246000,0.152413,True,,,,,,,,,-0.125518,0.548181,0.457309,-0.124060,0.554775,0.458398,-0.124060,0.554775,0.458398,0.044164,0.199738,0.032987,0.207205,0.040097,0.237809,0.029510,0.242964,1.550866,0.097527,-0.815572,-0.002328,-0.599880,-1.857666,0.032720,0.062390,0.258303,0.000000,0.199396,0.034903,-0.134120,0.004620,0.310586,-0.081984,-0.062336,0.034624,1.0000,2.0000,1.0000,0.0000,2.0000,12.7747,10.6965,59.3515,-5.9316,9.1699,0.775615,0.924269,0.772861
1786594491909323033,2026-08-13T11:14:51.909344,ground_truth,0.170303,0.252000,0.152355,True,,,,,,,,,-0.122436,0.562387,0.459476,-0.122436,0.562387,0.459476,-0.122436,0.562387,0.459476,0.056426,0.264493,0.037468,0.273028,0.046440,0.214063,0.032658,0.221463,1.550050,0.099187,-0.809401,-0.002339,-0.604483,-1.856814,0.034465,0.075045,0.256563,0.000000,0.188929,0.034903,-0.141260,0.008960,0.302784,-0.080032,-0.063072,0.037920,1.0000,1.0000,1.0000,0.0000,1.0000,10.9604,11.9754,60.4297,-9.9675,11.5731,0.775615,0.924269,0.772861
1786594491953814973,2026-08-13T11:14:51.953835,ground_truth,0.170303,0.252000,0.152355,True,,,,,,,,,-0.122436,0.562387,0.459476,-0.121288,0.570896,0.460785,-0.121288,0.570896,0.460785,0.035598,0.263747,0.040578,0.269215,0.046440,0.214063,0.032658,0.221463,1.550050,0.099187,-0.809401,-0.002339,-0.604483,-1.856814,0.034465,0.075045,0.256563,0.000000,0.188929,0.034903,-0.141260,0.008960,0.302784,-0.080032,-0.063072,0.037920,1.0000,1.0000,1.0000,0.0000,1.0000,10.0078,13.5303,62.2145,-11.7519,8.8004,0.775615,0.924269,0.772861
1786594491985574886,2026-08-13T11:14:51.985594,ground_truth,0.168998,0.271000,0.152171,True,,,,,,,,,-0.120267,0.579104,0.462095,-0.120267,0.579104,0.462095,-0.120267,0.579104,0.462095,0.023179,0.186426,0.029739,0.190201,0.032579,0.251093,0.039330,0.256235,1.550050,0.099187,-0.809401,-0.002339,-0.604483,-1.856814,0.034465,0.075045,0.256563,0.000000,0.188929,0.034903,-0.141260,0.008960,0.302784,-0.080032,-0.063072,0.037920,1.0000,1.0000,1.0000,0.0000,1.0000,10.3805,16.4003,61.0173,-18.5104,11.3609,0.775615,0.924269,0.772861
1786594492021360604,2026-08-13T11:14:52.021378,ground_truth,0.168998,0.271000,0.155409,True,,,,,,,,,-0.120267,0.579104,0.462095,-0.119522,0.586133,0.463391,-0.119522,0.586133,0.463391,0.023279,0.219513,0.040500,0.224429,0.032579,0.251093,0.039330,0.256235,1.549468,0.100461,-0.805319,-0.002339,-0.607480,-1.856210,0.037523,0.083336,0.254816,0.000000,0.185868,0.040142,-0.124880,0.021700,0.297970,-0.078656,-0.061888,0.037120,1.0000,1.0000,1.0000,0.0000,1.0000,10.3992,17.1215,60.5829,-19.1213,9.8603,0.775615,0.924269,0.772861
1786594492075567930,2026-08-13T11:14:52.075593,ground_truth,0.168998,0.271000,0.155409,True,,,,,,,,,-0.118744,0.593938,0.464904,-0.118744,0.593938,0.464904,-0.118744,0.593938,0.464904,0.021919,0.219866,0.042609,0.225027,0.022810,0.222090,0.042062,0.227186,1.542314,0.122649,-0.766411,-0.002576,-0.633425,-1.849333,0.049303,0.184568,0.224704,0.005670,0.137436,0.045812,-0.152460,0.046480,0.296642,-0.084384,-0.058880,0.035072,1.0000,2.0000,1.0000,0.0000,2.0000,10.4199,17.6536,59.4251,-21.5064,10.2167,0.775615,0.924269,0.772861
1786594492109993085,2026-08-13T11:14:52.110020,ground_truth,0.168173,0.283000,0.155272,True,,,,,,,,,-0.118064,0.601526,0.466190,-0.118064,0.601526,0.466190,-0.118064,0.601526,0.466190,0.012416,0.138601,0.023484,0.141123,0.010159,0.113406,0.019215,0.115470,1.540883,0.128039,-0.760136,-0.002760,-0.637069,-1.848094,0.052354,0.197655,0.221217,0.008289,0.123908,0.045812,-0.145880,0.024080,0.290251,-0.083872,-0.059904,0.035456,1.0000,2.0000,1.0000,0.0000,2.0000,11.3757,18.7845,57.0951,-22.2254,7.9954,0.775615,0.924269,0.772861
1786594492157772067,2026-08-13T11:14:52.157804,ground_truth,0.171385,0.283000,0.155272,True,,,,,,,,,-0.118064,0.601526,0.466190,-0.117362,0.608324,0.467467,-0.117362,0.608324,0.467467,0.020475,0.198312,0.037262,0.202819,0.010159,0.113406,0.019215,0.115470,1.537904,0.140140,-0.746998,-0.003180,-0.644119,-1.845366,0.047558,0.199400,0.215544,0.007847,0.107772,0.045812,-0.117740,0.000560,0.282366,-0.080544,-0.055840,0.033184,1.0000,2.0000,1.0000,0.0000,2.0000,12.1845,19.4981,54.5614,-25.0958,8.9590,0.775615,0.924269,0.772861
1786594492194551652,2026-08-13T11:14:52.194577,ground_truth,0.170963,0.289000,0.155204,True,,,,,,,,,-0.117362,0.608324,0.467467,-0.117100,0.615230,0.468518,-0.117100,0.615230,0.468518,0.005486,0.144532,0.022000,0.146300,0.010582,0.102489,0.019257,0.104818,1.536832,0.144844,-0.741853,-0.003331,-0.646479,-1.844289,0.042756,0.192853,0.212057,0.005228,0.091624,0.045812,-0.138180,-0.026320,0.295231,-0.082592,-0.055264,0.032800,1.0000,2.0000,1.0000,0.0000,2.0000,11.9125,18.7776,54.0463,-22.5112,8.6565,0.775615,0.924269,0.772861
1786594492233255649,2026-08-13T11:14:52.233282,ground_truth,0.170963,0.289000,0.155204,True,,,,,,,,,-0.116874,0.622158,0.469343,-0.116874,0.622158,0.469343,-0.116874,0.622158,0.469343,0.006164,0.188841,0.022491,0.190276,0.007329,0.207638,0.028163,0.209668,1.534813,0.154318,-0.730797,-0.003600,-0.650468,-1.842025,0.035778,0.171475,0.215983,0.002609,0.064568,0.043193,-0.131740,-0.052080,0.295563,-0.083424,-0.049312,0.034176,1.0000,2.0000,1.0000,0.0000,2.0000,12.0214,18.8280,53.8881,-23.3295,8.6742,0.775615,0.924269,0.772861
1786594492270668271,2026-08-13T11:14:52.270689,ground_truth,0.172798,0.308000,0.154988,True,,,,,,,,,-0.116874,0.622158,0.469343,-0.116616,0.629037,0.469941,-0.116616,0.629037,0.469941,0.006672,0.177761,0.015445,0.178555,0.007329,0.207638,0.028163,0.209668,1.533853,0.158937,-0.724715,-0.003697,-0.652041,-1.840818,0.034465,0.158388,0.221217,0.002609,0.051482,0.043193,-0.128520,-0.054180,0.293737,-0.082880,-0.049216,0.033856,2.0000,2.0000,1.0000,0.0000,3.0000,13.6316,20.8883,51.0662,-26.8169,10.0312,0.775615,0.924269,0.772861
1786594492306667281,2026-08-13T11:14:52.306687,ground_truth,0.176410,0.302000,0.155056,True,,,,,,,,,-0.116603,0.635532,0.470314,-0.116603,0.635532,0.470314,-0.116603,0.635532,0.470314,0.000327,0.173261,0.009937,0.173546,0.004048,0.200165,0.014520,0.200732,1.532396,0.165457,-0.714834,-0.003805,-0.653841,-1.838953,0.032283,0.139186,0.228637,0.000000,0.032284,0.043193,-0.107520,-0.060340,0.305025,-0.083648,-0.042368,0.035840,2.0000,2.0000,1.0000,0.0000,3.0000,13.9248,20.9424,52.4252,-23.1930,8.3721,0.775615,0.924269,0.772861
1786594492339562814,2026-08-13T11:14:52.339582,ground_truth,0.179591,0.302000,0.155056,True,,,,,,,,,-0.116603,0.635532,0.470314,-0.116740,0.642645,0.470455,-0.116740,0.642645,0.470455,-0.003775,0.196022,0.003910,0.196097,0.004048,0.200165,0.014520,0.200732,1.531559,0.169182,-0.708417,-0.003859,-0.654564,-1.837789,0.027925,0.128712,0.228637,0.003051,0.018756,0.040142,-0.123060,-0.069720,0.295729,-0.082432,-0.045472,0.036128,2.0000,2.0000,1.0000,0.0000,3.0000,14.3145,20.5989,50.6956,-20.0758,8.6988,0.775615,0.924269,0.772861
1786594492387089722,2026-08-13T11:14:52.387108,ground_truth,0.178236,0.320000,0.154852,True,,,,,,,,,-0.117208,0.648814,0.470614,-0.117208,0.648814,0.470614,-0.117208,0.648814,0.470614,-0.014333,0.188893,0.004860,0.189498,-0.009070,0.199088,0.004506,0.199346,1.530298,0.174493,-0.698268,-0.003902,-0.655081,-1.836010,0.029231,0.114319,0.230377,0.000000,0.005228,0.040142,-0.120260,-0.078120,0.300211,-0.083488,-0.047488,0.033632,1.0000,2.0000,1.0000,0.0000,2.0000,14.7375,19.9890,49.2739,-17.1967,7.6691,0.775615,0.924269,0.772861
1786594492423066183,2026-08-13T11:14:52.423085,ground_truth,0.178688,0.314000,0.154920,True,,,,,,,,,-0.117208,0.648814,0.470614,-0.117870,0.654475,0.470768,-0.117870,0.654475,0.470768,-0.014019,0.119960,0.003267,0.120820,-0.009070,0.199088,0.004506,0.199346,1.529246,0.178538,-0.689993,-0.003913,-0.655210,-1.834566,0.030976,0.110823,0.228637,0.000000,0.002609,0.037954,-0.127960,-0.069440,0.306602,-0.084384,-0.049760,0.034400,2.0000,2.0000,1.0000,0.0000,3.0000,14.9257,20.1672,49.3751,-16.9834,6.9912,0.775615,0.924269,0.772861
1786594492456199293,2026-08-13T11:14:52.456222,ground_truth,0.178236,0.320000,0.154852,True,,,,,,,,,-0.118562,0.659927,0.470927,-0.118562,0.659927,0.470927,-0.118562,0.659927,0.470927,-0.019234,0.151623,0.004413,0.152902,-0.020466,0.168082,0.004732,0.169390,1.529246,0.178538,-0.689993,-0.003913,-0.655210,-1.834566,0.030976,0.110823,0.228637,0.000000,0.002609,0.037954,-0.127960,-0.069440,0.306602,-0.084384,-0.049760,0.034400,2.0000,2.0000,1.0000,0.0000,3.0000,14.7973,20.0531,49.3060,-17.3864,5.5935,0.775615,0.924269,0.772861
1786594492491751278,2026-08-13T11:14:52.491769,ground_truth,0.182310,0.308000,0.154988,True,,,,,,,,,-0.118562,0.659927,0.470927,-0.119281,0.665657,0.471090,-0.119281,0.665657,0.471090,-0.021542,0.171545,0.004867,0.172960,-0.020466,0.168082,0.004732,0.169390,1.529246,0.178538,-0.689993,-0.003913,-0.655210,-1.834566,0.030976,0.110823,0.228637,0.000000,0.002609,0.037954,-0.127960,-0.069440,0.306602,-0.084384,-0.049760,0.034400,2.0000,2.0000,1.0000,0.0000,3.0000,15.6175,21.3379,50.0988,-16.3722,5.7936,0.775615,0.924269,0.772861
1786594492520629494,2026-08-13T11:14:52.520656,ground_truth,0.181849,0.314000,0.154920,True,,,,,,,,,-0.119281,0.665657,0.471090,-0.120082,0.670430,0.471265,-0.120082,0.670430,0.471265,-0.022609,0.134803,0.004958,0.136776,-0.010763,0.085709,0.002431,0.086417,1.529246,0.178538,-0.689993,-0.003913,-0.655210,-1.834566,0.030976,0.110823,0.228637,0.000000,0.002609,0.037954,-0.127960,-0.069440,0.306602,-0.084384,-0.049760,0.034400,2.0000,2.0000,1.0000,0.0000,3.0000,15.8046,21.9777,48.9468,-17.2943,4.8754,0.775615,0.924269,0.772861
1786594492553891647,2026-08-13T11:14:52.553917,ground_truth,0.177784,0.326000,0.151636,True,,,,,,,,,-0.119281,0.665657,0.471090,-0.120851,0.674691,0.471436,-0.120851,0.674691,0.471436,-0.026624,0.147393,0.005915,0.149895,-0.010763,0.085709,0.002431,0.086417,1.529246,0.178538,-0.689993,-0.003913,-0.655210,-1.834566,0.030976,0.110823,0.228637,0.000000,0.002609,0.037954,-0.127960,-0.069440,0.306602,-0.084384,-0.049760,0.034400,2.0000,2.0000,1.0000,0.0000,3.0000,15.7193,22.1762,47.3250,-18.1001,4.8884,0.775615,0.924269,0.772861
1786594492586705695,2026-08-13T11:14:52.586725,ground_truth,0.177784,0.326000,0.151636,True,,,,,,,,,-0.121437,0.678850,0.471401,-0.121437,0.678850,0.471401,-0.121437,0.678850,0.471401,-0.017652,0.125328,-0.001073,0.126570,-0.032348,0.197941,0.004665,0.200621,1.529246,0.178538,-0.689993,-0.003913,-0.655210,-1.834566,0.030976,0.110823,0.228637,0.000000,0.002609,0.037954,-0.127960,-0.069440,0.306602,-0.084384,-0.049760,0.034400,2.0000,2.0000,1.0000,0.0000,3.0000,15.6771,22.1215,46.1892,-18.6588,4.9639,0.775615,0.924269,0.772861
1786594492614806387,2026-08-13T11:14:52.614821,ground_truth,0.174643,0.326000,0.145342,True,,,,,,,,,-0.121437,0.678850,0.471401,-0.122023,0.682615,0.471149,-0.122023,0.682615,0.471149,-0.017679,0.113636,-0.007590,0.115253,-0.032348,0.197941,0.004665,0.200621,1.528998,0.179439,-0.688149,-0.003913,-0.655254,-1.834231,0.030976,0.113006,0.230377,0.000000,0.005228,0.040142,-0.136640,-0.063420,0.310586,-0.086208,-0.048704,0.032224,2.0000,2.0000,1.0000,0.0000,3.0000,17.8597,24.4534,47.0687,-20.6356,6.9153,0.775615,0.924269,0.772861
1786594492644440570,2026-08-13T11:14:52.644456,ground_truth,0.170710,0.337000,0.142143,True,,,,,,,,,-0.122399,0.686301,0.470478,-0.122399,0.686301,0.470478,-0.122399,0.686301,0.470478,-0.013410,0.131344,-0.023911,0.134174,-0.014343,0.111084,-0.013754,0.112847,1.519936,0.208592,-0.643174,-0.004775,-0.661516,-1.824605,0.048865,0.156637,0.200711,0.003051,0.048432,0.051482,-0.151480,-0.078120,0.295397,-0.087488,-0.047936,0.034560,2.0000,2.0000,1.0000,0.0000,3.0000,18.8084,24.8889,47.7556,-18.7703,7.1519,0.775615,0.924269,0.772861
1786594492673242754,2026-08-13T11:14:52.673261,ground_truth,0.165899,0.361000,0.138939,True,,,,,,,,,-0.122399,0.686301,0.470478,-0.122568,0.689972,0.469603,-0.122568,0.689972,0.469603,-0.005746,0.124718,-0.029741,0.128343,-0.014343,0.111084,-0.013754,0.112847,1.518087,0.214270,-0.635888,-0.004958,-0.663489,-1.822665,0.050609,0.156637,0.202889,0.008289,0.056721,0.053659,-0.152180,-0.073360,0.307100,-0.089600,-0.049536,0.036736,2.0000,2.0000,1.0000,0.0000,3.0000,18.6436,24.8034,46.4719,-18.0372,7.7712,0.775615,0.924269,0.772861
1786594492705379209,2026-08-13T11:14:52.705399,ground_truth,0.156322,0.366000,0.129680,True,,,,,,,,,-0.122203,0.693586,0.468514,-0.122203,0.693586,0.468514,-0.122203,0.693586,0.468514,0.012467,0.123181,-0.037113,0.129253,0.002925,0.108348,-0.029214,0.112255,1.518087,0.214270,-0.635888,-0.004958,-0.663489,-1.822665,0.050609,0.156637,0.202889,0.008289,0.056721,0.053659,-0.152180,-0.073360,0.307100,-0.089600,-0.049536,0.036736,2.0000,2.0000,1.0000,0.0000,3.0000,17.9931,23.8925,45.9504,-17.0107,7.4998,0.775615,0.924269,0.772861
1786594492739530431,2026-08-13T11:14:52.739543,ground_truth,0.155602,0.377000,0.129701,True,,,,,,,,,-0.122203,0.693586,0.468514,-0.121226,0.698469,0.466812,-0.121226,0.698469,0.466812,0.030730,0.153722,-0.053570,0.165664,0.002925,0.108348,-0.029214,0.112255,1.518087,0.214270,-0.635888,-0.004958,-0.663489,-1.822665,0.050609,0.156637,0.202889,0.008289,0.056721,0.053659,-0.152180,-0.073360,0.307100,-0.089600,-0.049536,0.036736,2.0000,2.0000,1.0000,0.0000,3.0000,17.8061,23.7796,45.6614,-15.7777,8.5708,0.775615,0.924269,0.772861
1786594492771364551,2026-08-13T11:14:52.771382,ground_truth,0.148060,0.400000,0.120668,True,,,,,,,,,-0.120202,0.703552,0.465112,-0.120202,0.703552,0.465112,-0.120202,0.703552,0.465112,0.030358,0.150687,-0.050401,0.161766,0.030249,0.150719,-0.051447,0.162105,1.518087,0.214270,-0.635888,-0.004958,-0.663489,-1.822665,0.050609,0.156637,0.202889,0.008289,0.056721,0.053659,-0.152180,-0.073360,0.307100,-0.089600,-0.049536,0.036736,2.0000,2.0000,1.0000,0.0000,3.0000,19.3302,24.8024,45.9597,-16.5713,9.6305,0.775615,0.924269,0.772861
1786594492799376607,2026-08-13T11:14:52.799390,ground_truth,0.143374,0.377000,0.120512,True,,,,,,,,,-0.120202,0.703552,0.465112,-0.118553,0.709262,0.462824,-0.118553,0.709262,0.462824,0.051463,0.178180,-0.071396,0.198731,0.030249,0.150719,-0.051447,0.162105,1.518087,0.214270,-0.635888,-0.004958,-0.663489,-1.822665,0.050609,0.156637,0.202889,0.008289,0.056721,0.053659,-0.152180,-0.073360,0.307100,-0.089600,-0.049536,0.036736,2.0000,2.0000,1.0000,0.0000,3.0000,21.7442,26.0137,48.4002,-15.8321,11.0573,0.775615,0.924269,0.772861
1786594492840575353,2026-08-13T11:14:52.840596,ground_truth,0.139002,0.400000,0.117644,True,,,,,,,,,-0.120202,0.703552,0.465112,-0.116351,0.714404,0.460521,-0.116351,0.714404,0.460521,0.078706,0.183755,-0.082299,0.216179,0.030249,0.150719,-0.051447,0.162105,1.517264,0.216746,-0.632639,-0.005045,-0.664394,-1.821792,0.050609,0.153586,0.202458,0.005228,0.056279,0.053659,-0.139160,-0.089460,0.310918,-0.087392,-0.047200,0.035968,3.0000,2.0000,1.0000,0.0000,3.0000,25.1799,27.8009,48.8302,-14.9909,13.9319,0.775615,0.924269,0.772861
1786594492869318514,2026-08-13T11:14:52.869337,ground_truth,0.138717,0.405000,0.114669,True,,,,,,,,,-0.120202,0.703552,0.465112,-0.113645,0.720659,0.458027,-0.113645,0.720659,0.458027,0.065502,0.151417,-0.060377,0.175679,0.030249,0.150719,-0.051447,0.162105,1.510626,0.237046,-0.601478,-0.005519,-0.673061,-1.814699,0.039267,0.129150,0.219470,0.003051,0.080716,0.040142,-0.116760,-0.086100,0.324281,-0.093344,-0.052384,0.035072,3.0000,2.0000,1.0000,0.0000,3.0000,25.0733,27.5421,50.0086,-13.2858,13.3341,0.775615,0.924269,0.772861
1786594492898250999,2026-08-13T11:14:52.898268,ground_truth,0.135428,0.410000,0.114720,True,,,,,,,,,-0.111010,0.727137,0.455348,-0.111010,0.727137,0.455348,-0.111010,0.727137,0.455348,0.091914,0.225989,-0.093458,0.261254,0.068709,0.176291,-0.072984,0.202796,1.510626,0.237046,-0.601478,-0.005519,-0.673061,-1.814699,0.039267,0.129150,0.219470,0.003051,0.080716,0.040142,-0.116760,-0.086100,0.324281,-0.093344,-0.052384,0.035072,2.0000,2.0000,1.0000,0.0000,3.0000,23.5865,26.4160,50.4836,-10.7392,13.1093,0.775615,0.924269,0.772861
1786594492928107752,2026-08-13T11:14:52.928139,ground_truth,0.132103,0.416000,0.114780,True,,,,,,,,,-0.111010,0.727137,0.455348,-0.108126,0.733286,0.452668,-0.108126,0.733286,0.452668,0.097885,0.208700,-0.090963,0.247814,0.068709,0.176291,-0.072984,0.202796,1.510626,0.237046,-0.601478,-0.005519,-0.673061,-1.814699,0.039267,0.129150,0.219470,0.003051,0.080716,0.040142,-0.116760,-0.086100,0.324281,-0.093344,-0.052384,0.035072,2.0000,2.0000,1.0000,0.0000,3.0000,22.1751,25.6283,47.5350,-11.1579,12.1125,0.775615,0.924269,0.772861
1786594492965227173,2026-08-13T11:14:52.965249,ground_truth,0.128849,0.421000,0.111841,True,,,,,,,,,-0.105051,0.739316,0.449996,-0.105051,0.739316,0.449996,-0.105051,0.739316,0.449996,0.102814,0.201572,-0.089305,0.243264,0.089260,0.182410,-0.080153,0.218324,1.510626,0.237046,-0.601478,-0.005519,-0.673061,-1.814699,0.039267,0.129150,0.219470,0.003051,0.080716,0.040142,-0.116760,-0.086100,0.324281,-0.093344,-0.052384,0.035072,2.0000,2.0000,1.0000,0.0000,3.0000,21.5994,25.1156,49.2397,-8.9585,10.7917,0.775615,0.924269,0.772861
1786594492998233752,2026-08-13T11:14:52.998254,ground_truth,0.125864,0.421000,0.111841,True,,,,,,,,,-0.105051,0.739316,0.449996,-0.101487,0.745962,0.447120,-0.101487,0.745962,0.447120,0.097008,0.180891,-0.078293,0.219685,0.089260,0.182410,-0.080153,0.218324,1.510626,0.237046,-0.601478,-0.005519,-0.673061,-1.814699,0.039267,0.129150,0.219470,0.003051,0.080716,0.040142,-0.116760,-0.086100,0.324281,-0.093344,-0.052384,0.035072,2.0000,2.0000,1.0000,0.0000,3.0000,17.4597,21.8609,48.9056,-12.3226,9.5271,0.775615,0.924269,0.772861
1786594493027053994,2026-08-13T11:14:53.027068,ground_truth,0.116181,0.437000,0.109065,True,,,,,,,,,-0.097754,0.752997,0.444248,-0.097754,0.752997,0.444248,-0.097754,0.752997,0.444248,0.113111,0.213229,-0.087038,0.256586,0.110225,0.206689,-0.086841,0.249823,1.509685,0.240156,-0.596110,-0.005584,-0.675195,-1.813718,0.039267,0.130895,0.225143,0.002609,0.096863,0.040142,-0.124180,-0.094500,0.325526,-0.095232,-0.052000,0.033792,2.0000,2.0000,1.0000,0.0000,3.0000,17.0259,22.0559,49.1890,-16.9243,11.6675,0.775615,0.924269,0.772861
1786594493062423010,2026-08-13T11:14:53.062441,ground_truth,0.110053,0.442000,0.109132,True,,,,,,,,,-0.097754,0.752997,0.444248,-0.093648,0.760111,0.441410,-0.093648,0.760111,0.441410,0.142605,0.247017,-0.098548,0.301770,0.110225,0.206689,-0.086841,0.249823,1.502818,0.267186,-0.547603,-0.006112,-0.698479,-1.806884,0.032720,0.138748,0.263976,0.002609,0.129147,0.034903,-0.107800,-0.101360,0.329095,-0.095616,-0.054112,0.033568,2.0000,2.0000,1.0000,0.0000,3.0000,17.0486,22.0276,47.6723,-17.4497,11.1138,0.775615,0.924269,0.772861
1786594493096310176,2026-08-13T11:14:53.096327,ground_truth,0.106860,0.448000,0.109213,True,,,,,,,,,-0.089132,0.767454,0.438576,-0.089132,0.767454,0.438576,-0.089132,0.767454,0.438576,0.128167,0.208420,-0.080431,0.257555,0.129335,0.216852,-0.085077,0.266440,1.501629,0.272707,-0.537001,-0.006166,-0.703416,-1.805494,0.027925,0.137004,0.267902,0.002609,0.121300,0.035335,-0.114380,-0.120820,0.320878,-0.099968,-0.053216,0.033792,2.0000,2.0000,1.0000,0.0000,3.0000,18.4423,23.1694,46.3283,-18.8809,10.9946,0.775615,0.924269,0.772861
1786594493127314299,2026-08-13T11:14:53.127336,ground_truth,0.103334,0.463000,0.109414,True,,,,,,,,,-0.089132,0.767454,0.438576,-0.084613,0.775109,0.436168,-0.084613,0.775109,0.436168,0.132561,0.224564,-0.070656,0.270174,0.129335,0.216852,-0.085077,0.266440,1.500851,0.276516,-0.529484,-0.006230,-0.706800,-1.804621,0.026174,0.135259,0.271396,0.002609,0.121300,0.029665,-0.096040,-0.126980,0.329095,-0.098240,-0.054720,0.032736,2.0000,2.0000,1.0000,0.0000,3.0000,19.6804,24.2601,43.8936,-22.2109,12.3561,0.775615,0.924269,0.772861
1786594493159067199,2026-08-13T11:14:53.159091,ground_truth,0.100232,0.468000,0.109481,True,,,,,,,,,-0.089132,0.767454,0.438576,-0.080122,0.783147,0.433986,-0.080122,0.783147,0.433986,0.144655,0.258853,-0.070268,0.304742,0.129335,0.216852,-0.085077,0.266440,1.500035,0.280828,-0.520763,-0.006274,-0.710810,-1.803715,0.024429,0.133952,0.274883,0.000000,0.129589,0.027045,-0.102480,-0.136080,0.336980,-0.099840,-0.059328,0.034464,2.0000,2.0000,1.0000,0.0000,3.0000,19.9182,24.6315,43.3814,-20.7801,12.4147,0.775615,0.924269,0.772861
1786594493192455265,2026-08-13T11:14:53.192476,ground_truth,0.099859,0.478000,0.109615,True,,,,,,,,,-0.080122,0.783147,0.433986,-0.075744,0.791474,0.432022,-0.075744,0.791474,0.432022,0.138244,0.262972,-0.062016,0.303499,0.135445,0.235892,-0.069004,0.280628,1.499322,0.285127,-0.511930,-0.006306,-0.715251,-1.802939,0.021378,0.133952,0.276631,0.000000,0.145295,0.021375,-0.117740,-0.140000,0.318471,-0.098624,-0.057216,0.035232,2.0000,2.0000,1.0000,0.0000,3.0000,19.2338,24.0427,45.8514,-18.0996,11.5057,0.775615,0.924269,0.772861
1786594493228308049,2026-08-13T11:14:53.228337,ground_truth,0.096790,0.483000,0.109682,True,,,,,,,,,-0.080122,0.783147,0.433986,-0.071980,0.798847,0.430684,-0.071980,0.798847,0.430684,0.112863,0.221042,-0.040108,0.251409,0.135445,0.235892,-0.069004,0.280628,1.498663,0.289407,-0.503082,-0.006338,-0.720027,-1.802303,0.019634,0.133952,0.275322,0.000000,0.153584,0.018756,-0.113960,-0.135100,0.333909,-0.097632,-0.053600,0.033504,2.0000,2.0000,1.0000,0.0000,3.0000,19.5988,24.4291,47.3401,-14.9217,10.9780,0.775615,0.924269,0.772861
1786594493262142774,2026-08-13T11:14:53.262160,ground_truth,0.096968,0.478000,0.109615,True,,,,,,,,,-0.080122,0.783147,0.433986,-0.068059,0.806294,0.429350,-0.068059,0.806294,0.429350,0.109101,0.207241,-0.037135,0.237131,0.135445,0.235892,-0.069004,0.280628,1.498146,0.293098,-0.495416,-0.006349,-0.724241,-1.801850,0.017889,0.130457,0.273144,0.000000,0.147914,0.013517,-0.109620,-0.128940,0.328265,-0.097728,-0.055488,0.033792,2.0000,2.0000,1.0000,0.0000,3.0000,19.2031,24.1741,49.8839,-11.8507,11.1110,0.775615,0.924269,0.772861
1786594493293364819,2026-08-13T11:14:53.293378,ground_truth,0.096968,0.478000,0.109615,True,,,,,,,,,-0.064653,0.813171,0.428613,-0.064653,0.813171,0.428613,-0.064653,0.813171,0.428613,0.101240,0.204382,-0.021902,0.229131,0.115872,0.224897,-0.040247,0.256174,1.497722,0.296718,-0.487862,-0.006360,-0.728230,-1.801473,0.014831,0.127406,0.269649,0.000000,0.140056,0.010467,-0.110600,-0.153720,0.321542,-0.096128,-0.060672,0.032448,2.0000,2.0000,1.0000,0.0000,3.0000,19.2031,24.1741,49.8839,-11.8507,11.1110,0.775615,0.924269,0.772861
1786594493335850560,2026-08-13T11:14:53.335874,ground_truth,0.096432,0.493000,0.109817,True,,,,,,,,,-0.064653,0.813171,0.428613,-0.061559,0.819933,0.427886,-0.061559,0.819933,0.427886,0.098730,0.215794,-0.023183,0.238437,0.115872,0.224897,-0.040247,0.256174,1.497068,0.303735,-0.473193,-0.006371,-0.736206,-1.800977,0.009598,0.122603,0.256563,0.000000,0.143106,0.008289,-0.109620,-0.150640,0.318803,-0.093280,-0.063520,0.030848,2.0000,2.0000,1.0000,0.0000,3.0000,22.4753,26.7645,46.7364,-12.0345,12.9129,0.775615,0.924269,0.772861
1786594493365350943,2026-08-13T11:14:53.365370,ground_truth,0.099111,0.498000,0.112747,True,,,,,,,,,-0.058721,0.825445,0.427365,-0.058721,0.825445,0.427365,-0.058721,0.825445,0.427365,0.066566,0.129294,-0.012239,0.145938,0.089294,0.184773,-0.018791,0.206077,1.496879,0.306166,-0.468122,-0.006371,-0.739020,-1.800848,0.008285,0.119114,0.250890,0.000000,0.140498,0.005670,-0.117460,-0.173880,0.326854,-0.091776,-0.056832,0.032448,2.0000,2.0000,1.0000,0.0000,3.0000,22.6301,26.8980,47.7099,-9.3261,12.0423,0.775615,0.924269,0.772861
1786594493394409923,2026-08-13T11:14:53.394430,ground_truth,0.102359,0.488000,0.115509,True,,,,,,,,,-0.058721,0.825445,0.427365,-0.056081,0.831507,0.427236,-0.056081,0.831507,0.427236,0.090969,0.208873,-0.004416,0.227866,0.089294,0.184773,-0.018791,0.206077,1.496657,0.309491,-0.461200,-0.006371,-0.742846,-1.800675,0.006540,0.117808,0.243470,0.000000,0.131766,0.005228,-0.123060,-0.164220,0.330838,-0.090784,-0.054880,0.032000,2.0000,2.0000,1.0000,0.0000,3.0000,23.3822,27.7620,47.1155,-11.2533,12.4214,0.775615,0.924269,0.772861
1786594493428381951,2026-08-13T11:14:53.428402,ground_truth,0.102164,0.493000,0.115559,True,,,,,,,,,-0.053876,0.837413,0.427289,-0.053876,0.837413,0.427289,-0.053876,0.837413,0.427289,0.074886,0.200608,0.001786,0.214137,0.072561,0.179245,-0.001132,0.193378,1.496657,0.309491,-0.461200,-0.006371,-0.742846,-1.800675,0.006540,0.117808,0.243470,0.000000,0.131766,0.005228,-0.123060,-0.164220,0.330838,-0.090784,-0.054880,0.032000,2.0000,2.0000,1.0000,0.0000,3.0000,23.2734,27.7761,47.8231,-11.1491,12.5433,0.775615,0.924269,0.772861
1786594493460597831,2026-08-13T11:14:53.460617,ground_truth,0.105233,0.488000,0.118388,True,,,,,,,,,-0.053876,0.837413,0.427289,-0.051880,0.843021,0.427341,-0.051880,0.843021,0.427341,0.059513,0.167212,0.001548,0.177494,0.072561,0.179245,-0.001132,0.193378,1.496657,0.309491,-0.461200,-0.006371,-0.742846,-1.800675,0.006540,0.117808,0.243470,0.000000,0.131766,0.005228,-0.123060,-0.164220,0.330838,-0.090784,-0.054880,0.032000,2.0000,2.0000,1.0000,0.0000,3.0000,23.4592,28.0836,47.0952,-14.1490,13.9036,0.775615,0.924269,0.772861
1786594493493778813,2026-08-13T11:14:53.493803,ground_truth,0.104827,0.498000,0.121336,True,,,,,,,,,-0.050306,0.847983,0.427777,-0.050306,0.847983,0.427777,-0.050306,0.847983,0.427777,0.048548,0.152997,0.013460,0.161079,0.053201,0.157496,0.007278,0.166398,1.496657,0.309491,-0.461200,-0.006371,-0.742846,-1.800675,0.006540,0.117808,0.243470,0.000000,0.131766,0.005228,-0.123060,-0.164220,0.330838,-0.090784,-0.054880,0.032000,2.0000,2.0000,1.0000,0.0000,3.0000,23.0076,27.8138,48.1923,-17.2041,14.3846,0.775615,0.924269,0.772861
1786594493526126725,2026-08-13T11:14:53.526145,ground_truth,0.110761,0.493000,0.127044,True,,,,,,,,,-0.050306,0.847983,0.427777,-0.048903,0.852815,0.428410,-0.048903,0.852815,0.428410,0.042564,0.146652,0.019211,0.153908,0.053201,0.157496,0.007278,0.166398,1.496657,0.309491,-0.461200,-0.006371,-0.742846,-1.800675,0.006540,0.117808,0.243470,0.000000,0.131766,0.005228,-0.123060,-0.164220,0.330838,-0.090784,-0.054880,0.032000,2.0000,2.0000,1.0000,0.0000,3.0000,22.6242,27.7399,48.6852,-17.0861,14.2470,0.775615,0.924269,0.772861
1786594493561085663,2026-08-13T11:14:53.561100,ground_truth,0.110322,0.503000,0.129934,True,,,,,,,,,-0.048542,0.857621,0.429609,-0.048542,0.857621,0.429609,-0.048542,0.857621,0.429609,0.011037,0.146823,0.036614,0.151721,0.026589,0.145297,0.027610,0.150268,1.496304,0.330882,-0.417407,-0.006360,-0.764545,-1.800298,0.003489,0.142243,0.277069,0.000000,0.140498,0.002609,0.056700,-0.136360,0.341628,-0.053664,-0.056384,-0.015808,2.0000,2.0000,1.0000,0.0000,3.0000,21.9781,27.2918,49.4954,-16.3741,14.1313,0.775615,0.924269,0.772861
1786594493593395198,2026-08-13T11:14:53.593416,ground_truth,0.113171,0.503000,0.129934,True,,,,,,,,,-0.048542,0.857621,0.429609,-0.048560,0.861836,0.430996,-0.048560,0.861836,0.430996,-0.000515,0.121264,0.039901,0.127661,0.026589,0.145297,0.027610,0.150268,1.496539,0.336194,-0.407191,-0.006338,-0.769514,-1.800546,0.009598,0.152279,0.291902,0.002609,0.140056,0.007847,0.074060,-0.122080,0.357149,-0.040256,-0.058496,-0.029568,2.0000,2.0000,2.0000,0.0000,3.0000,22.0282,27.5408,49.4165,-18.8984,15.0037,0.775615,0.924269,0.772861
1786594493627212578,2026-08-13T11:14:53.627226,ground_truth,0.112761,0.512000,0.132791,True,,,,,,,,,-0.048980,0.865932,0.432377,-0.048980,0.865932,0.432377,-0.048980,0.865932,0.432377,-0.012921,0.125789,0.042421,0.133377,-0.006576,0.124589,0.041499,0.131483,1.496709,0.338690,-0.402455,-0.006327,-0.771767,-1.800762,0.011780,0.157075,0.301063,0.000000,0.143106,0.013517,0.080500,-0.132580,0.356485,-0.034912,-0.060224,-0.029568,2.0000,2.0000,2.0000,0.0000,3.0000,21.9625,27.4470,49.4567,-20.1996,16.0602,0.775615,0.924269,0.772861
1786594493660387392,2026-08-13T11:14:53.660414,ground_truth,0.115784,0.508000,0.132790,True,,,,,,,,,-0.048980,0.865932,0.432377,-0.049609,0.869685,0.433936,-0.049609,0.869685,0.433936,-0.018628,0.111237,0.046197,0.121881,-0.006576,0.124589,0.041499,0.131483,1.496709,0.338690,-0.402455,-0.006327,-0.771767,-1.800762,0.011780,0.157075,0.301063,0.000000,0.143106,0.013517,0.080500,-0.132580,0.356485,-0.034912,-0.060224,-0.029568,2.0000,2.0000,2.0000,0.0000,3.0000,21.4602,27.1864,49.7004,-20.5116,15.7786,0.775615,0.924269,0.772861
1786594493695632734,2026-08-13T11:14:53.695651,ground_truth,0.115784,0.508000,0.132790,True,,,,,,,,,-0.050646,0.872835,0.435490,-0.050646,0.872835,0.435490,-0.050646,0.872835,0.435490,-0.031444,0.095549,0.047128,0.111083,-0.024895,0.103203,0.046531,0.115912,1.496709,0.338690,-0.402455,-0.006327,-0.771767,-1.800762,0.011780,0.157075,0.301063,0.000000,0.143106,0.013517,0.080500,-0.132580,0.356485,-0.034912,-0.060224,-0.029568,2.0000,2.0000,2.0000,0.0000,3.0000,21.9447,27.5478,49.1521,-20.8134,15.8454,0.775615,0.924269,0.772861
1786594493726406737,2026-08-13T11:14:53.726424,ground_truth,0.115784,0.508000,0.132790,True,,,,,,,,,-0.050646,0.872835,0.435490,-0.051707,0.875599,0.437035,-0.051707,0.875599,0.437035,-0.029859,0.077719,0.043451,0.093913,-0.024895,0.103203,0.046531,0.115912,1.496709,0.338690,-0.402455,-0.006327,-0.771767,-1.800762,0.011780,0.157075,0.301063,0.000000,0.143106,0.013517,0.080500,-0.132580,0.356485,-0.034912,-0.060224,-0.029568,2.0000,2.0000,2.0000,0.0000,3.0000,21.1954,27.1470,49.7496,-18.5638,15.2266,0.775615,0.924269,0.772861
1786594493762529299,2026-08-13T11:14:53.762548,ground_truth,0.112761,0.512000,0.129951,True,,,,,,,,,-0.052974,0.877752,0.438575,-0.052974,0.877752,0.438575,-0.052974,0.877752,0.438575,-0.041476,0.070508,0.050457,0.096112,-0.035046,0.074008,0.046449,0.094143,1.500322,0.365844,-0.352982,-0.005756,-0.794048,-1.804621,0.032720,0.185875,0.325502,0.002609,0.137436,0.032284,0.109060,-0.179060,0.351671,-0.012032,-0.056448,-0.035072,2.0000,2.0000,1.0000,0.0000,3.0000,18.8466,25.8770,50.3540,-18.0466,11.6923,0.775615,0.924269,0.772861
1786594493795446238,2026-08-13T11:14:53.795465,ground_truth,0.112305,0.522000,0.129969,True,,,,,,,,,-0.052974,0.877752,0.438575,-0.054027,0.879782,0.439931,-0.054027,0.879782,0.439931,-0.028886,0.055711,0.037195,0.072949,-0.035046,0.074008,0.046449,0.094143,1.501596,0.372488,-0.341532,-0.005594,-0.798856,-1.805882,0.037523,0.183255,0.314156,0.002609,0.131766,0.037954,0.103740,-0.160580,0.354908,-0.018656,-0.057664,-0.035072,2.0000,2.0000,1.0000,0.0000,3.0000,19.6448,26.3361,49.5186,-19.8634,12.5217,0.775615,0.924269,0.772861
1786594493827072953,2026-08-13T11:14:53.827088,ground_truth,0.112077,0.527000,0.124348,True,,,,,,,,,-0.055049,0.882001,0.441288,-0.055049,0.882001,0.441288,-0.055049,0.882001,0.441288,-0.031224,0.067780,0.041440,0.085359,-0.031101,0.063694,0.040654,0.081712,1.501903,0.373958,-0.339041,-0.005562,-0.799934,-1.806205,0.039267,0.182817,0.310230,0.003051,0.134817,0.040573,0.101920,-0.151200,0.363457,-0.017664,-0.052704,-0.035744,2.0000,2.0000,1.0000,0.0000,3.0000,19.8392,26.5780,48.9512,-17.5851,11.9542,0.775615,0.924269,0.772861
1786594493861776553,2026-08-13T11:14:53.861816,ground_truth,0.112077,0.527000,0.121533,True,,,,,,,,,-0.055049,0.882001,0.441288,-0.056092,0.884792,0.442257,-0.056092,0.884792,0.442257,-0.033388,0.089336,0.031014,0.100287,-0.031101,0.063694,0.040654,0.081712,1.501903,0.373958,-0.339041,-0.005562,-0.799934,-1.806205,0.039267,0.182817,0.310230,0.003051,0.134817,0.040573,0.101920,-0.151200,0.363457,-0.017664,-0.052704,-0.035744,2.0000,2.0000,1.0000,0.0000,3.0000,17.3206,24.5740,49.3000,-16.6949,9.6645,0.775615,0.924269,0.772861
1786594493896848217,2026-08-13T11:14:53.896871,ground_truth,0.111210,0.546000,0.116095,True,,,,,,,,,-0.056956,0.887163,0.442842,-0.056956,0.887163,0.442842,-0.056956,0.887163,0.442842,-0.024733,0.067860,0.016762,0.074146,-0.028700,0.077676,0.023393,0.086050,1.501903,0.373958,-0.339041,-0.005562,-0.799934,-1.806205,0.039267,0.182817,0.310230,0.003051,0.134817,0.040573,0.101920,-0.151200,0.363457,-0.017664,-0.052704,-0.035744,2.0000,2.0000,1.0000,0.0000,3.0000,18.3084,25.5421,47.1762,-19.3256,10.1719,0.775615,0.924269,0.772861
1786594493926273405,2026-08-13T11:14:53.926305,ground_truth,0.111438,0.541000,0.113253,True,,,,,,,,,-0.056956,0.887163,0.442842,-0.057546,0.889451,0.442881,-0.057546,0.889451,0.442881,-0.016644,0.064528,0.001103,0.066649,-0.028700,0.077676,0.023393,0.086050,1.501903,0.373958,-0.339041,-0.005562,-0.799934,-1.806205,0.039267,0.182817,0.310230,0.003051,0.134817,0.040573,0.101920,-0.151200,0.363457,-0.017664,-0.052704,-0.035744,2.0000,2.0000,1.0000,0.0000,3.0000,18.7695,25.9678,46.5375,-19.9966,11.6228,0.775615,0.924269,0.772861
1786594493968858357,2026-08-13T11:14:53.968888,ground_truth,0.111028,0.550000,0.110581,True,,,,,,,,,-0.058165,0.892469,0.442728,-0.058165,0.892469,0.442728,-0.058165,0.892469,0.442728,-0.021228,0.103604,-0.005280,0.105888,-0.018205,0.079930,-0.001728,0.081995,1.508391,0.402027,-0.294207,-0.004948,-0.819757,-1.813643,0.034465,0.164928,0.252630,0.003051,0.099914,0.040142,0.063140,-0.170100,0.333411,-0.015936,-0.053152,-0.035360,2.0000,2.0000,1.0000,0.0000,3.0000,19.3790,26.4230,45.6104,-19.4112,11.7673,0.775615,0.924269,0.772861
1786594493998552705,2026-08-13T11:14:53.998574,ground_truth,0.107245,0.573000,0.108151,True,,,,,,,,,-0.058165,0.892469,0.442728,-0.058551,0.896165,0.442207,-0.058551,0.896165,0.442207,-0.009049,0.086599,-0.012192,0.087920,-0.018205,0.079930,-0.001728,0.081995,1.509286,0.407339,-0.286096,-0.004840,-0.822829,-1.814742,0.023122,0.167986,0.253069,0.002609,0.091624,0.029665,0.055160,-0.181020,0.350094,-0.017312,-0.054784,-0.033568,2.0000,2.0000,1.0000,0.0000,3.0000,20.2180,27.2465,43.7182,-19.2600,12.8677,0.775615,0.924269,0.772861
1786594494039282820,2026-08-13T11:14:54.039303,ground_truth,0.107245,0.573000,0.108151,True,,,,,,,,,-0.058712,0.899945,0.441328,-0.058712,0.899945,0.441328,-0.058712,0.899945,0.441328,-0.005438,0.127481,-0.029649,0.130996,-0.008213,0.112151,-0.020993,0.114395,1.509587,0.410102,-0.282043,-0.004797,-0.824230,-1.815152,0.016138,0.174964,0.254377,0.002609,0.086386,0.024426,0.058520,-0.171920,0.337395,-0.017536,-0.053216,-0.032000,2.0000,2.0000,1.0000,0.0000,3.0000,20.4829,27.2355,43.0318,-19.5105,13.6740,0.775615,0.924269,0.772861
1786594494068274675,2026-08-13T11:14:54.068297,ground_truth,0.106849,0.582000,0.108286,True,,,,,,,,,-0.058712,0.899945,0.441328,-0.058478,0.904967,0.440069,-0.058478,0.904967,0.440069,0.005745,0.123074,-0.030865,0.127015,-0.008213,0.112151,-0.020993,0.114395,1.509587,0.410102,-0.282043,-0.004797,-0.824230,-1.815152,0.016138,0.174964,0.254377,0.002609,0.086386,0.024426,0.058520,-0.171920,0.337395,-0.017536,-0.053216,-0.032000,2.0000,2.0000,1.0000,0.0000,3.0000,20.4404,27.2358,41.7018,-20.2191,14.7948,0.775615,0.924269,0.772861
1786594494101654922,2026-08-13T11:14:54.101676,ground_truth,0.106453,0.591000,0.108422,True,,,,,,,,,-0.058246,0.909972,0.438626,-0.058246,0.909972,0.438626,-0.058246,0.909972,0.438626,0.007974,0.172371,-0.049708,0.179572,0.006867,0.147765,-0.039830,0.153193,1.509587,0.410102,-0.282043,-0.004797,-0.824230,-1.815152,0.016138,0.174964,0.254377,0.002609,0.086386,0.024426,0.058520,-0.171920,0.337395,-0.017536,-0.053216,-0.032000,2.0000,2.0000,2.0000,0.0000,3.0000,20.3908,27.0019,41.0591,-20.7583,15.6347,0.775615,0.924269,0.772861
1786594494135473355,2026-08-13T11:14:54.135511,ground_truth,0.103411,0.599000,0.108543,True,,,,,,,,,-0.058246,0.909972,0.438626,-0.057798,0.915186,0.437191,-0.057798,0.915186,0.437191,0.013477,0.156911,-0.043157,0.163295,0.006867,0.147765,-0.039830,0.153193,1.509587,0.410102,-0.282043,-0.004797,-0.824230,-1.815152,0.016138,0.174964,0.254377,0.002609,0.086386,0.024426,0.058520,-0.171920,0.337395,-0.017536,-0.053216,-0.032000,2.0000,2.0000,2.0000,0.0000,3.0000,19.7106,26.0859,39.1193,-24.9631,17.4968,0.775615,0.924269,0.772861
1786594494162569714,2026-08-13T11:14:54.162588,ground_truth,0.103411,0.599000,0.108543,True,,,,,,,,,-0.057175,0.920922,0.435575,-0.057175,0.920922,0.435575,-0.057175,0.920922,0.435575,0.018299,0.168397,-0.047457,0.175911,0.016203,0.165641,-0.046146,0.172710,1.506157,0.439099,-0.244102,-0.004786,-0.832692,-1.811239,0.066754,0.220346,0.256563,0.002609,0.032284,0.072857,-0.157780,-0.150640,0.337063,-0.071680,-0.047936,0.043360,2.0000,2.0000,2.0000,0.0000,3.0000,19.7998,25.5211,38.8526,-26.1346,18.0221,0.775615,0.924269,0.772861
1786594494194037023,2026-08-13T11:14:54.194060,ground_truth,0.103030,0.608000,0.108678,True,,,,,,,,,-0.057175,0.920922,0.435575,-0.056350,0.926923,0.433958,-0.056350,0.926923,0.433958,0.030836,0.224315,-0.060428,0.234349,0.016203,0.165641,-0.046146,0.172710,1.506157,0.439099,-0.244102,-0.004786,-0.832692,-1.811239,0.066754,0.220346,0.256563,0.002609,0.032284,0.072857,-0.157780,-0.150640,0.337063,-0.071680,-0.047936,0.043360,2.0000,2.0000,2.0000,0.0000,3.0000,21.2843,26.0499,37.5312,-26.0828,19.1848,0.775615,0.924269,0.772861
1786594494226112820,2026-08-13T11:14:54.226129,ground_truth,0.103199,0.604000,0.108618,True,,,,,,,,,-0.057175,0.920922,0.435575,-0.055500,0.932976,0.432351,-0.055500,0.932976,0.432351,0.027089,0.192855,-0.051211,0.201369,0.016203,0.165641,-0.046146,0.172710,1.506157,0.439099,-0.244102,-0.004786,-0.832692,-1.811239,0.066754,0.220346,0.256563,0.002609,0.032284,0.072857,-0.157780,-0.150640,0.337063,-0.071680,-0.047936,0.043360,2.0000,2.0000,2.0000,0.0000,3.0000,21.1399,25.6608,36.7955,-27.6157,19.2773,0.775615,0.924269,0.772861
1786594494259643172,2026-08-13T11:14:54.259666,ground_truth,0.106102,0.599000,0.108543,True,,,,,,,,,-0.055500,0.932976,0.432351,-0.054661,0.939307,0.430739,-0.054661,0.939307,0.430739,0.026049,0.196556,-0.050033,0.204490,0.025130,0.180832,-0.048365,0.188868,1.506157,0.439099,-0.244102,-0.004786,-0.832692,-1.811239,0.066754,0.220346,0.256563,0.002609,0.032284,0.072857,-0.157780,-0.150640,0.337063,-0.071680,-0.047936,0.043360,2.0000,2.0000,2.0000,0.0000,3.0000,22.6963,26.5175,33.2404,-25.2568,21.3241,0.775615,0.924269,0.772861
1786594494312570507,2026-08-13T11:14:54.312599,ground_truth,0.108793,0.599000,0.108543,True,,,,,,,,,-0.054217,0.945693,0.429312,-0.054217,0.945693,0.429312,-0.054217,0.945693,0.429312,0.013280,0.191040,-0.042695,0.196203,0.019481,0.193102,-0.046141,0.199491,1.493841,0.471571,-0.210079,-0.005929,-0.836562,-1.798013,0.091628,0.232127,0.237797,0.010467,0.021375,0.094244,-0.188720,-0.223160,0.347521,-0.100192,-0.040800,0.041536,2.0000,2.0000,2.0000,0.0000,3.0000,24.7698,27.0094,32.0948,-28.2452,22.8393,0.775615,0.924269,0.772861
1786594494340965935,2026-08-13T11:14:54.340993,ground_truth,0.114370,0.595000,0.105780,True,,,,,,,,,-0.054217,0.945693,0.429312,-0.053983,0.951610,0.427884,-0.053983,0.951610,0.427884,0.004387,0.110883,-0.026768,0.114153,0.019481,0.193102,-0.046141,0.199491,1.490574,0.479881,-0.201402,-0.006230,-0.837295,-1.794650,0.089445,0.229944,0.245217,0.007847,0.021375,0.091624,-0.179480,-0.217840,0.342707,-0.099520,-0.043872,0.043872,2.0000,2.0000,2.0000,0.0000,3.0000,24.6838,26.3781,32.3783,-28.3486,23.2779,0.775615,0.924269,0.772861
1786594494369959286,2026-08-13T11:14:54.369986,ground_truth,0.119087,0.608000,0.105997,True,,,,,,,,,-0.054217,0.945693,0.429312,-0.054136,0.956900,0.426646,-0.054136,0.956900,0.426646,-0.005411,0.187195,-0.043805,0.192328,0.019481,0.193102,-0.046141,0.199491,1.487791,0.487180,-0.193439,-0.006424,-0.837974,-1.791815,0.084643,0.227324,0.250890,0.005228,0.021375,0.085954,-0.169540,-0.207900,0.351256,-0.105248,-0.040128,0.037920,2.0000,2.0000,2.0000,0.0000,3.0000,24.7063,26.3122,31.8966,-28.2971,23.0570,0.775615,0.924269,0.772861
1786594494398299971,2026-08-13T11:14:54.398316,ground_truth,0.122679,0.591000,0.105713,True,,,,,,,,,-0.054217,0.945693,0.429312,-0.054603,0.961798,0.425610,-0.054603,0.961798,0.425610,-0.016107,0.168802,-0.035695,0.173285,0.019481,0.193102,-0.046141,0.199491,1.485837,0.492629,-0.187328,-0.006575,-0.838481,-1.789788,0.078534,0.225580,0.254816,0.005228,0.021375,0.083335,-0.166740,-0.211680,0.368354,-0.107520,-0.038016,0.036960,2.0000,2.0000,2.0000,0.0000,3.0000,24.5677,25.9766,31.8514,-27.3593,22.5213,0.775615,0.924269,0.772861
1786594494437024997,2026-08-13T11:14:54.437053,ground_truth,0.125882,0.582000,0.105562,True,,,,,,,,,-0.055368,0.966405,0.424918,-0.055368,0.966405,0.424918,-0.055368,0.966405,0.424918,-0.027045,0.162935,-0.024484,0.166969,-0.008599,0.154766,-0.032836,0.158445,1.484602,0.496255,-0.183186,-0.006672,-0.838825,-1.788506,0.076790,0.225580,0.260050,0.005670,0.021375,0.078096,-0.132020,-0.230860,0.356236,-0.108256,-0.038400,0.037568,2.0000,2.0000,2.0000,0.0000,3.0000,23.1233,25.1913,32.4735,-26.1069,20.3528,0.775615,0.924269,0.772861
1786594494463504960,2026-08-13T11:14:54.463522,ground_truth,0.131614,0.577000,0.105479,True,,,,,,,,,-0.055368,0.966405,0.424918,-0.056331,0.969993,0.424405,-0.056331,0.969993,0.424405,-0.024814,0.092455,-0.013211,0.096634,-0.008599,0.154766,-0.032836,0.158445,1.484602,0.496255,-0.183186,-0.006672,-0.838825,-1.788506,0.076790,0.225580,0.260050,0.005670,0.021375,0.078096,-0.132020,-0.230860,0.356236,-0.108256,-0.038400,0.037568,2.0000,2.0000,2.0000,0.0000,3.0000,21.6783,23.3632,34.7386,-27.4971,21.1288,0.775615,0.924269,0.772861
1786594494495722009,2026-08-13T11:14:54.495745,ground_truth,0.134583,0.573000,0.105412,True,,,,,,,,,-0.057703,0.972630,0.424065,-0.057703,0.972630,0.424065,-0.057703,0.972630,0.424065,-0.051874,0.099691,-0.012858,0.113113,-0.035006,0.093315,-0.012784,0.100481,1.484602,0.496255,-0.183186,-0.006672,-0.838825,-1.788506,0.076790,0.225580,0.260050,0.005670,0.021375,0.078096,-0.132020,-0.230860,0.356236,-0.108256,-0.038400,0.037568,2.0000,2.0000,2.0000,0.0000,3.0000,21.0400,21.9930,35.8706,-28.2883,22.0165,0.775615,0.924269,0.772861
1786594494529059490,2026-08-13T11:14:54.529079,ground_truth,0.140944,0.559000,0.105178,True,,,,,,,,,-0.057703,0.972630,0.424065,-0.059526,0.974598,0.423882,-0.059526,0.974598,0.423882,-0.056653,0.061158,-0.005676,0.083559,-0.035006,0.093315,-0.012784,0.100481,1.484602,0.496255,-0.183186,-0.006672,-0.838825,-1.788506,0.076790,0.225580,0.260050,0.005670,0.021375,0.078096,-0.132020,-0.230860,0.356236,-0.108256,-0.038400,0.037568,2.0000,2.0000,2.0000,0.0000,3.0000,20.6038,21.2344,36.4481,-28.2984,21.7475,0.775615,0.924269,0.772861
1786594494563354702,2026-08-13T11:14:54.563372,ground_truth,0.141199,0.555000,0.105111,True,,,,,,,,,-0.057703,0.972630,0.424065,-0.061772,0.974991,0.423684,-0.061772,0.974991,0.423684,-0.067578,0.011837,-0.005962,0.068865,-0.035006,0.093315,-0.012784,0.100481,1.474070,0.528596,-0.143163,-0.007481,-0.842878,-1.777629,0.071994,0.202457,0.260050,0.005670,0.042751,0.072857,-0.149940,-0.260400,0.356651,-0.104960,-0.044320,0.039424,1.0000,2.0000,2.0000,0.0000,2.0000,20.6088,19.4777,37.4352,-27.9043,21.5363,0.775615,0.924269,0.772861
1786594494593792103,2026-08-13T11:14:54.593812,ground_truth,0.144289,0.550000,0.105027,True,,,,,,,,,-0.057703,0.972630,0.424065,-0.064062,0.974323,0.423473,-0.064062,0.974323,0.423473,-0.067038,-0.019554,-0.006198,0.070106,-0.035006,0.093315,-0.012784,0.100481,1.472038,0.534202,-0.135906,-0.007643,-0.844269,-1.775570,0.073738,0.197655,0.258303,0.005228,0.053659,0.075477,-0.162960,-0.218820,0.367109,-0.105856,-0.039200,0.042144,1.0000,2.0000,2.0000,0.0000,2.0000,19.3285,17.2598,38.6508,-28.9892,22.0987,0.775615,0.924269,0.772861
1786594494627771394,2026-08-13T11:14:54.627794,ground_truth,0.146447,0.517000,0.107307,True,,,,,,,,,-0.066585,0.972750,0.423246,-0.066585,0.972750,0.423246,-0.066585,0.972750,0.423246,-0.082407,-0.051410,-0.007394,0.097409,-0.066475,0.000894,-0.006129,0.066762,1.471150,0.536567,-0.132784,-0.007707,-0.844959,-1.774665,0.075045,0.197655,0.260050,0.005228,0.059340,0.075477,-0.162400,-0.238000,0.372919,-0.105088,-0.038304,0.040128,1.0000,3.0000,2.0000,0.0000,3.0000,19.2417,16.4610,38.2798,-30.1192,22.5970,0.775615,0.924269,0.772861
1786594494662539051,2026-08-13T11:14:54.662557,ground_truth,0.148603,0.527000,0.107458,True,,,,,,,,,-0.066585,0.972750,0.423246,-0.069454,0.970248,0.423164,-0.069454,0.970248,0.423164,-0.084839,-0.073966,-0.002436,0.112581,-0.066475,0.000894,-0.006129,0.066762,1.471150,0.536567,-0.132784,-0.007707,-0.844959,-1.774665,0.075045,0.197655,0.260050,0.005228,0.059340,0.075477,-0.162400,-0.238000,0.372919,-0.105088,-0.038304,0.040128,1.0000,2.0000,2.0000,0.0000,2.0000,19.0266,15.9992,39.0573,-29.2348,22.2874,0.775615,0.924269,0.772861
1786594494695346186,2026-08-13T11:14:54.695361,ground_truth,0.148268,0.532000,0.110340,True,,,,,,,,,-0.072466,0.965908,0.423091,-0.072466,0.965908,0.423091,-0.072466,0.965908,0.423091,-0.087408,-0.125921,-0.002099,0.153300,-0.088383,-0.102805,-0.002325,0.135595,1.471150,0.536567,-0.132784,-0.007707,-0.844959,-1.774665,0.075045,0.197655,0.260050,0.005228,0.059340,0.075477,-0.162400,-0.238000,0.372919,-0.105088,-0.038304,0.040128,1.0000,2.0000,2.0000,0.0000,2.0000,19.2803,16.4590,38.0984,-29.1419,22.3225,0.775615,0.924269,0.772861
1786594494726940177,2026-08-13T11:14:54.726955,ground_truth,0.147999,0.536000,0.113194,True,,,,,,,,,-0.072466,0.965908,0.423091,-0.075482,0.961200,0.423202,-0.075482,0.961200,0.423202,-0.090279,-0.140935,0.003316,0.167404,-0.088383,-0.102805,-0.002325,0.135595,1.471150,0.536567,-0.132784,-0.007707,-0.844959,-1.774665,0.075045,0.197655,0.260050,0.005228,0.059340,0.075477,-0.162400,-0.238000,0.372919,-0.105088,-0.038304,0.040128,1.0000,2.0000,2.0000,0.0000,2.0000,20.3130,16.6929,38.3564,-28.3439,22.3524,0.775615,0.924269,0.772861
1786594494758942034,2026-08-13T11:14:54.758975,ground_truth,0.147664,0.541000,0.116045,True,,,,,,,,,-0.072466,0.965908,0.423091,-0.078469,0.956418,0.423507,-0.078469,0.956418,0.423507,-0.093892,-0.150320,0.009590,0.177493,-0.088383,-0.102805,-0.002325,0.135595,1.457592,0.570594,-0.087110,-0.008634,-0.861063,-1.760479,0.091628,0.230382,0.317643,0.005670,0.134386,0.096863,-0.154560,-0.228760,0.378812,-0.099744,-0.053600,0.039296,1.0000,2.0000,2.0000,0.0000,2.0000,20.3130,16.6929,38.3564,-28.3439,22.3524,0.775615,0.924269,0.772861
1786594494795860076,2026-08-13T11:14:54.795878,ground_truth,0.145519,0.573000,0.119107,True,,,,,,,,,-0.078469,0.956418,0.423507,-0.081240,0.951835,0.424007,-0.081240,0.951835,0.424007,-0.086441,-0.142974,0.015602,0.167800,-0.090142,-0.142510,0.006245,0.168741,1.454672,0.578043,-0.076775,-0.008850,-0.865494,-1.757429,0.089883,0.232127,0.325502,0.005228,0.140056,0.096863,-0.155260,-0.282660,0.385120,-0.100640,-0.049824,0.038688,1.0000,2.0000,2.0000,0.0000,2.0000,21.9680,18.7305,37.4433,-25.9513,22.4392,0.775615,0.924269,0.772861
1786594494835368679,2026-08-13T11:14:54.835393,ground_truth,0.144916,0.582000,0.124632,True,,,,,,,,,-0.078469,0.956418,0.423507,-0.083688,0.947825,0.424712,-0.083688,0.947825,0.424712,-0.066558,-0.109007,0.019146,0.129148,-0.090142,-0.142510,0.006245,0.168741,1.450908,0.587974,-0.062180,-0.009087,-0.871832,-1.753462,0.081592,0.217289,0.336409,0.008289,0.145295,0.086386,-0.161700,-0.286020,0.380555,-0.099680,-0.055168,0.039296,1.0000,2.0000,2.0000,0.0000,2.0000,22.2839,19.4365,36.8771,-25.0605,22.0519,0.775615,0.924269,0.772861
1786594494862263012,2026-08-13T11:14:54.862277,ground_truth,0.146457,0.559000,0.130038,True,,,,,,,,,-0.078469,0.956418,0.423507,-0.085725,0.945637,0.425969,-0.085725,0.945637,0.425969,-0.050922,-0.054731,0.031429,0.081095,-0.090142,-0.142510,0.006245,0.168741,1.449033,0.593018,-0.054083,-0.009206,-0.875313,-1.751489,0.075483,0.204202,0.338156,0.005228,0.142675,0.080716,-0.153720,-0.290780,0.377401,-0.100640,-0.054112,0.037024,1.0000,2.0000,2.0000,0.0000,2.0000,22.8640,19.8822,36.4837,-27.7152,22.3163,0.775615,0.924269,0.772861
1786594494901747470,2026-08-13T11:14:54.901765,ground_truth,0.141608,0.591000,0.130097,True,,,,,,,,,-0.087549,0.943812,0.427571,-0.087549,0.943812,0.427571,-0.087549,0.943812,0.427571,-0.068592,-0.068581,0.060248,0.114185,-0.068227,-0.094718,0.030536,0.120660,1.447040,0.598512,-0.044692,-0.009324,-0.879269,-1.749387,0.070243,0.189364,0.334662,0.005670,0.140056,0.072426,-0.123340,-0.314300,0.377235,-0.099584,-0.052544,0.038912,2.0000,3.0000,2.0000,0.0000,4.0000,23.0591,20.1347,34.9217,-30.7624,22.2350,0.775615,0.924269,0.772861
1786594494928690144,2026-08-13T11:14:54.928713,ground_truth,0.138075,0.604000,0.135497,True,,,,,,,,,-0.087549,0.943812,0.427571,-0.088811,0.942754,0.429197,-0.088811,0.942754,0.429197,-0.032089,-0.026908,0.041337,0.058843,-0.068227,-0.094718,0.030536,0.120660,1.447040,0.598512,-0.044692,-0.009324,-0.879269,-1.749387,0.070243,0.189364,0.334662,0.005670,0.140056,0.072426,-0.123340,-0.314300,0.377235,-0.099584,-0.052544,0.038912,2.0000,3.0000,2.0000,0.0000,4.0000,23.0591,20.1347,34.9217,-30.7624,22.2350,0.775615,0.924269,0.772861
1786594494959498334,2026-08-13T11:14:54.959512,ground_truth,0.135392,0.604000,0.140873,True,,,,,,,,,-0.087549,0.943812,0.427571,-0.089624,0.942543,0.431193,-0.089624,0.942543,0.431193,-0.030414,-0.007919,0.074671,0.081015,-0.068227,-0.094718,0.030536,0.120660,1.447040,0.598512,-0.044692,-0.009324,-0.879269,-1.749387,0.070243,0.189364,0.334662,0.005670,0.140056,0.072426,-0.123340,-0.314300,0.377235,-0.099584,-0.052544,0.038912,2.0000,3.0000,2.0000,0.0000,4.0000,23.4158,21.2986,34.7421,-30.7721,22.1112,0.775615,0.924269,0.772861
1786594494996524173,2026-08-13T11:14:54.996540,ground_truth,0.131984,0.616000,0.146152,True,,,,,,,,,-0.089624,0.942543,0.431193,-0.089876,0.943674,0.433552,-0.089876,0.943674,0.433552,-0.008234,0.036977,0.077145,0.085945,-0.030932,-0.018932,0.053988,0.065038,1.447040,0.598512,-0.044692,-0.009324,-0.879269,-1.749387,0.070243,0.189364,0.334662,0.005670,0.140056,0.072426,-0.123340,-0.314300,0.377235,-0.099584,-0.052544,0.038912,2.0000,3.0000,2.0000,0.0000,4.0000,24.2255,22.4594,34.3430,-31.8189,22.3252,0.775615,0.924269,0.772861
1786594495029400778,2026-08-13T11:14:55.029415,ground_truth,0.126373,0.621000,0.151432,True,,,,,,,,,-0.089703,0.945340,0.436268,-0.089703,0.945340,0.436268,-0.089703,0.945340,0.436268,0.004683,0.045030,0.073403,0.086242,-0.001174,0.041783,0.075818,0.086577,1.440337,0.619766,0.000223,-0.009680,-0.897939,-1.742715,0.032720,0.137004,0.337718,0.000000,0.153584,0.029665,-0.126980,-0.319480,0.358145,-0.098016,-0.063456,0.033504,3.0000,3.0000,2.0000,0.0000,4.0000,25.5856,23.7604,31.8837,-33.3657,21.2092,0.775615,0.924269,0.772861
1786594495059901563,2026-08-13T11:14:55.059925,ground_truth,0.117991,0.629000,0.156634,True,,,,,,,,,-0.089703,0.945340,0.436268,-0.088731,0.947966,0.439352,-0.088731,0.947966,0.439352,0.029574,0.079966,0.093880,0.126817,-0.001174,0.041783,0.075818,0.086577,1.439396,0.624653,0.012528,-0.009691,-0.903760,-1.741777,0.022685,0.135697,0.346008,0.000000,0.164492,0.024426,-0.126980,-0.324800,0.378812,-0.096128,-0.066240,0.032960,3.0000,3.0000,2.0000,0.0000,4.0000,26.3084,24.9960,31.4019,-33.4647,21.2641,0.775615,0.924269,0.772861
1786594495095485957,2026-08-13T11:14:55.095512,ground_truth,0.109688,0.637000,0.156517,True,,,,,,,,,-0.087184,0.951798,0.442787,-0.087184,0.951798,0.442787,-0.087184,0.951798,0.442787,0.050304,0.124590,0.111679,0.174715,0.037867,0.097104,0.098005,0.143066,1.438658,0.630089,0.026283,-0.009701,-0.910702,-1.741098,0.014394,0.133952,0.343829,0.000000,0.177579,0.010898,-0.119840,-0.299740,0.388606,-0.093792,-0.061056,0.032800,3.0000,3.0000,2.0000,0.0000,4.0000,27.0212,26.1997,31.3873,-33.3682,20.8485,0.775615,0.924269,0.772861
1786594495128594501,2026-08-13T11:14:55.128624,ground_truth,0.103860,0.650000,0.158938,True,,,,,,,,,-0.087184,0.951798,0.442787,-0.084877,0.956511,0.446219,-0.084877,0.956511,0.446219,0.064243,0.131260,0.095600,0.174630,0.037867,0.097104,0.098005,0.143066,1.438403,0.633317,0.034558,-0.009701,-0.914981,-1.740861,0.007853,0.133952,0.345569,0.000000,0.180640,0.008289,-0.109620,-0.317660,0.371591,-0.091680,-0.060736,0.031680,3.0000,3.0000,2.0000,0.0000,4.0000,27.0212,26.1997,31.3873,-33.3682,20.8485,0.775615,0.924269,0.772861
1786594495160290108,2026-08-13T11:14:55.160312,ground_truth,0.100576,0.666000,0.161262,True,,,,,,,,,-0.082038,0.962094,0.449661,-0.082038,0.962094,0.449661,-0.082038,0.962094,0.449661,0.086876,0.170826,0.105325,0.218683,0.077192,0.154443,0.103125,0.201112,1.438318,0.635447,0.040068,-0.009701,-0.917924,-1.740796,0.003489,0.132208,0.346008,0.000000,0.185868,0.002609,-0.107240,-0.308420,0.360054,-0.089440,-0.063904,0.031008,3.0000,3.0000,2.0000,0.0000,4.0000,28.0414,27.0117,31.4076,-30.7702,20.4971,0.775615,0.924269,0.772861
1786594495193686453,2026-08-13T11:14:55.193704,ground_truth,0.100068,0.678000,0.163612,True,,,,,,,,,-0.082038,0.962094,0.449661,-0.078836,0.969771,0.453248,-0.078836,0.969771,0.453248,0.099427,0.238384,0.111388,0.281283,0.077192,0.154443,0.103125,0.201112,1.438318,0.635447,0.040068,-0.009701,-0.917924,-1.740796,0.003489,0.132208,0.346008,0.000000,0.185868,0.002609,-0.107240,-0.308420,0.360054,-0.089440,-0.063904,0.031008,3.0000,3.0000,2.0000,0.0000,4.0000,28.7884,26.6782,30.8729,-33.0627,20.5268,0.775615,0.924269,0.772861
1786594495226306190,2026-08-13T11:14:55.226324,ground_truth,0.097508,0.678000,0.163612,True,,,,,,,,,-0.082038,0.962094,0.449661,-0.075623,0.978719,0.456800,-0.075623,0.978719,0.456800,0.096467,0.268651,0.106621,0.304708,0.077192,0.154443,0.103125,0.201112,1.438318,0.635447,0.040068,-0.009701,-0.917924,-1.740796,0.003489,0.132208,0.346008,0.000000,0.185868,0.002609,-0.107240,-0.308420,0.360054,-0.089440,-0.063904,0.031008,3.0000,3.0000,2.0000,0.0000,4.0000,28.7950,26.7276,31.3854,-32.4396,20.3361,0.775615,0.924269,0.772861
1786594495275186419,2026-08-13T11:14:55.275211,ground_truth,0.087128,0.682000,0.163534,True,,,,,,,,,-0.075623,0.978719,0.456800,-0.072257,0.988296,0.460161,-0.072257,0.988296,0.460161,0.103899,0.295585,0.103748,0.330044,0.096061,0.248950,0.106893,0.287454,1.438305,0.637041,0.044165,-0.009701,-0.920199,-1.740785,0.000000,0.133952,0.340335,0.000000,0.188487,0.000000,-0.099820,-0.340340,0.377733,-0.086560,-0.073248,0.025728,3.0000,3.0000,2.0000,0.0000,4.0000,28.6989,26.8679,30.8561,-33.1317,19.4940,0.775615,0.924269,0.772861
1786594495303251475,2026-08-13T11:14:55.303271,ground_truth,0.081805,0.689000,0.163396,True,,,,,,,,,-0.068221,0.997784,0.463327,-0.068221,0.997784,0.463327,-0.068221,0.997784,0.463327,0.081471,0.191552,0.063913,0.217749,0.112264,0.289159,0.098998,0.325602,1.441036,0.653264,0.089288,-0.009497,-0.949173,-1.744375,0.035778,0.091190,0.277069,0.005228,0.185868,0.043193,0.113120,-0.377580,0.351671,-0.017152,-0.061184,-0.036960,3.0000,3.0000,2.0000,0.0000,4.0000,27.8532,26.9976,31.6890,-33.1566,21.0961,0.775615,0.924269,0.772861
1786594495332883022,2026-08-13T11:14:55.332900,ground_truth,0.078360,0.720000,0.162788,True,,,,,,,,,-0.068221,0.997784,0.463327,-0.063974,1.007202,0.466280,-0.063974,1.007202,0.466280,0.152929,0.339071,0.106304,0.386855,0.112264,0.289159,0.098998,0.325602,1.442166,0.655675,0.096857,-0.009270,-0.954240,-1.745647,0.042318,0.083336,0.266162,0.010898,0.175401,0.045812,0.108080,-0.383460,0.346110,-0.018944,-0.057280,-0.034624,3.0000,3.0000,2.0000,0.0000,4.0000,27.6015,26.9626,32.3110,-34.5577,20.8509,0.775615,0.924269,0.772861
1786594495360879028,2026-08-13T11:14:55.360900,ground_truth,0.078360,0.720000,0.160292,True,,,,,,,,,-0.059537,1.015272,0.468823,-0.059537,1.015272,0.468823,-0.059537,1.015272,0.468823,0.153539,0.279261,0.088023,0.330619,0.129689,0.261150,0.082077,0.302911,1.443623,0.658217,0.105043,-0.009055,-0.959640,-1.747124,0.045814,0.078534,0.249143,0.005670,0.167112,0.048432,0.089880,-0.388360,0.356817,-0.019488,-0.059904,-0.036864,3.0000,3.0000,2.0000,0.0000,4.0000,26.9121,26.8562,33.1813,-36.7270,21.2941,0.775615,0.924269,0.772861
1786594495394598257,2026-08-13T11:14:55.394615,ground_truth,0.078243,0.724000,0.160220,True,,,,,,,,,-0.059537,1.015272,0.468823,-0.054997,1.024726,0.470840,-0.054997,1.024726,0.470840,0.161936,0.337224,0.071943,0.380945,0.129689,0.261150,0.082077,0.302911,1.445237,0.661020,0.113683,-0.008871,-0.965633,-1.748913,0.044069,0.076790,0.234310,0.005670,0.164492,0.051040,0.089180,-0.381500,0.352833,-0.020320,-0.064224,-0.037184,3.0000,3.0000,2.0000,0.0000,4.0000,26.8271,26.8593,32.5614,-36.2206,22.0813,0.775615,0.924269,0.772861
1786594495438583557,2026-08-13T11:14:55.438606,ground_truth,0.075374,0.738000,0.155035,True,,,,,,,,,-0.050772,1.033977,0.472848,-0.050772,1.033977,0.472848,-0.050772,1.033977,0.472848,0.124989,0.273713,0.059418,0.306711,0.131989,0.281696,0.060618,0.316935,1.447119,0.664482,0.123720,-0.008645,-0.972565,-1.751058,0.042756,0.081592,0.224704,0.002609,0.145726,0.045812,0.105280,-0.359240,0.363540,-0.020480,-0.053216,-0.032800,3.0000,3.0000,2.0000,0.0000,4.0000,26.2855,26.4646,32.7406,-36.7380,22.1713,0.775615,0.924269,0.772861
1786594495472516123,2026-08-13T11:14:55.472534,ground_truth,0.072912,0.738000,0.150102,True,,,,,,,,,-0.050772,1.033977,0.472848,-0.046592,1.042920,0.474151,-0.046592,1.042920,0.474151,0.093695,0.200465,0.029196,0.223199,0.131989,0.281696,0.060618,0.316935,1.448321,0.666848,0.129995,-0.008526,-0.976380,-1.752244,0.042318,0.088139,0.224704,0.002609,0.134817,0.040142,0.085820,-0.360780,0.352501,-0.022656,-0.052608,-0.035232,3.0000,3.0000,2.0000,0.0000,4.0000,25.9900,26.9229,32.7155,-35.8202,21.2896,0.775615,0.924269,0.772861
1786594495512820987,2026-08-13T11:14:55.512842,ground_truth,0.065213,0.753000,0.145048,True,,,,,,,,,-0.042427,1.051856,0.474766,-0.042427,1.051856,0.474766,-0.042427,1.051856,0.474766,0.122510,0.262803,0.018096,0.290520,0.125255,0.268339,0.028784,0.297528,1.449830,0.670722,0.138999,-0.008386,-0.981501,-1.753828,0.035778,0.104714,0.228637,0.005228,0.123908,0.037523,0.070980,-0.349020,0.368354,-0.023776,-0.052992,-0.034016,3.0000,3.0000,2.0000,0.0000,4.0000,26.3748,27.5082,32.1129,-34.1240,20.3506,0.775615,0.924269,0.772861
1786594495543155705,2026-08-13T11:14:55.543179,ground_truth,0.062584,0.763000,0.137692,True,,,,,,,,,-0.042427,1.051856,0.474766,-0.037976,1.060790,0.474693,-0.037976,1.060790,0.474693,0.111249,0.223272,-0.001840,0.249460,0.125255,0.268339,0.028784,0.297528,1.451013,0.674714,0.147520,-0.008289,-0.985812,-1.755122,0.030976,0.117370,0.243470,0.002609,0.118238,0.032284,0.083580,-0.337260,0.393420,-0.025216,-0.052704,-0.035072,3.0000,3.0000,2.0000,0.0000,4.0000,26.0084,27.6571,31.4998,-34.1698,18.9725,0.775615,0.924269,0.772861
1786594495571436966,2026-08-13T11:14:55.571459,ground_truth,0.057966,0.749000,0.132838,True,,,,,,,,,-0.033723,1.069883,0.473777,-0.033723,1.069883,0.473777,-0.033723,1.069883,0.473777,0.140625,0.300704,-0.030290,0.333341,0.130477,0.270237,-0.014834,0.300453,1.451692,0.677759,0.153602,-0.008214,-0.988701,-1.755930,0.026174,0.133952,0.258303,0.002609,0.124350,0.035335,0.090160,-0.313600,0.379642,-0.023840,-0.056992,-0.036736,3.0000,3.0000,2.0000,0.0000,4.0000,25.7711,27.5583,31.7392,-34.4874,19.0403,0.775615,0.924269,0.772861
1786594495602740998,2026-08-13T11:14:55.602767,ground_truth,0.057791,0.760000,0.125550,True,,,,,,,,,-0.033723,1.069883,0.473777,-0.029721,1.078742,0.472190,-0.029721,1.078742,0.472190,0.141188,0.312556,-0.055971,0.347502,0.130477,0.270237,-0.014834,0.300453,1.452111,0.679980,0.157870,-0.008192,-0.990717,-1.756459,0.026174,0.143550,0.271396,0.000000,0.126970,0.032284,0.091700,-0.320740,0.375326,-0.022784,-0.060896,-0.037472,3.0000,3.0000,2.0000,0.0000,4.0000,25.1857,27.2320,31.0711,-35.1944,18.6664,0.775615,0.924269,0.772861
1786594495630792988,2026-08-13T11:14:55.630808,ground_truth,0.057854,0.756000,0.123093,True,,,,,,,,,-0.026261,1.087500,0.470126,-0.026261,1.087500,0.470126,-0.026261,1.087500,0.470126,0.110395,0.279460,-0.065871,0.307610,0.112219,0.264957,-0.054907,0.292933,1.452111,0.679980,0.157870,-0.008192,-0.990717,-1.756459,0.026174,0.143550,0.271396,0.000000,0.126970,0.032284,0.091700,-0.320740,0.375326,-0.022784,-0.060896,-0.037472,2.0000,3.0000,2.0000,0.0000,4.0000,24.8878,27.3126,31.0915,-34.1161,18.5665,0.775615,0.924269,0.772861
1786594495666369190,2026-08-13T11:14:55.666386,ground_truth,0.057679,0.767000,0.118330,True,,,,,,,,,-0.026261,1.087500,0.470126,-0.023194,1.095598,0.467736,-0.023194,1.095598,0.467736,0.110357,0.291392,-0.085984,0.323236,0.112219,0.264957,-0.054907,0.292933,1.452111,0.679980,0.157870,-0.008192,-0.990717,-1.756459,0.026174,0.143550,0.271396,0.000000,0.126970,0.032284,0.091700,-0.320740,0.375326,-0.022784,-0.060896,-0.037472,2.0000,3.0000,2.0000,0.0000,4.0000,24.5416,26.9340,31.5691,-32.8512,18.9578,0.775615,0.924269,0.772861
1786594495704167599,2026-08-13T11:14:55.704193,ground_truth,0.057631,0.770000,0.115947,True,,,,,,,,,-0.020335,1.103085,0.464874,-0.020335,1.103085,0.464874,-0.020335,1.103085,0.464874,0.080053,0.209561,-0.080118,0.238208,0.088355,0.232330,-0.078292,0.260602,1.452496,0.682358,0.162294,-0.008149,-0.992819,-1.756987,0.024429,0.151841,0.278809,0.002609,0.134817,0.032284,0.089180,-0.301000,0.405123,-0.022496,-0.059232,-0.034400,2.0000,3.0000,2.0000,0.0000,4.0000,24.2978,26.9345,31.7587,-31.5285,19.3600,0.775615,0.924269,0.772861
1786594495736363611,2026-08-13T11:14:55.736387,ground_truth,0.057568,0.774000,0.108773,True,,,,,,,,,-0.020335,1.103085,0.464874,-0.017505,1.109969,0.461696,-0.017505,1.109969,0.461696,0.074084,0.180263,-0.083211,0.211913,0.088355,0.232330,-0.078292,0.260602,1.454574,0.711217,0.211328,-0.007912,-1.012674,-1.759498,0.013087,0.239980,0.401860,0.000000,0.161442,0.010898,0.111860,-0.297500,0.428861,-0.027904,-0.062240,-0.032000,2.0000,3.0000,2.0000,0.0000,4.0000,24.4556,27.2283,30.8468,-30.4775,19.3811,0.775615,0.924269,0.772861
1786594495762557549,2026-08-13T11:14:55.762572,ground_truth,0.055065,0.781000,0.104099,True,,,,,,,,,-0.014843,1.116252,0.458040,-0.014843,1.116252,0.458040,-0.014843,1.116252,0.458040,0.082919,0.195674,-0.113851,0.241093,0.082002,0.196611,-0.102037,0.236203,1.455005,0.717104,0.221150,-0.007880,-1.016652,-1.759757,0.019634,0.246527,0.412768,0.000000,0.169731,0.010898,0.110040,-0.316120,0.410767,-0.028384,-0.066464,-0.034080,2.0000,2.0000,2.0000,0.0000,3.0000,24.2939,27.2011,30.1999,-27.5163,19.1668,0.775615,0.924269,0.772861
1786594495795295324,2026-08-13T11:14:55.795314,ground_truth,0.054923,0.791000,0.099541,True,,,,,,,,,-0.014843,1.116252,0.458040,-0.012705,1.122629,0.454078,-0.012705,1.122629,0.454078,0.083294,0.248481,-0.154400,0.304171,0.082002,0.196611,-0.102037,0.236203,1.455704,0.724102,0.232801,-0.007858,-1.021384,-1.760242,0.029231,0.251322,0.416693,0.000000,0.172782,0.024426,0.131320,-0.334740,0.397902,-0.025056,-0.057824,-0.035904,2.0000,2.0000,2.0000,0.0000,3.0000,23.9128,26.9455,30.5101,-28.1570,18.8632,0.775615,0.924269,0.772861
1786594495830152279,2026-08-13T11:14:55.830170,ground_truth,0.055022,0.784000,0.099378,True,,,,,,,,,-0.010913,1.129184,0.449821,-0.010913,1.129184,0.449821,-0.010913,1.129184,0.449821,0.054739,0.200222,-0.130024,0.244931,0.059121,0.194558,-0.123657,0.237990,1.457266,0.733994,0.249099,-0.007740,-1.027841,-1.761643,0.048865,0.245213,0.397496,0.002609,0.153584,0.045812,0.175420,-0.355880,0.401803,-0.028160,-0.059456,-0.039424,2.0000,2.0000,2.0000,0.0000,3.0000,23.8233,27.0444,29.8152,-26.5440,20.7142,0.775615,0.924269,0.772861
1786594495862397621,2026-08-13T11:14:55.862420,ground_truth,0.054880,0.794000,0.094863,True,,,,,,,,,-0.010913,1.129184,0.449821,-0.009357,1.135562,0.445594,-0.009357,1.135562,0.445594,0.044194,0.181165,-0.120081,0.221796,0.059121,0.194558,-0.123657,0.237990,1.458670,0.739782,0.258430,-0.007599,-1.031430,-1.763012,0.065447,0.240418,0.383094,0.005228,0.145726,0.067188,0.183820,-0.387800,0.410103,-0.034304,-0.056544,-0.041024,2.0000,2.0000,2.0000,0.0000,3.0000,23.8640,27.2181,29.1524,-24.3681,19.5217,0.775615,0.924269,0.772861
1786594495898282780,2026-08-13T11:14:55.898302,ground_truth,0.052548,0.791000,0.094783,True,,,,,,,,,-0.007792,1.140624,0.441232,-0.007792,1.140624,0.441232,-0.007792,1.140624,0.441232,0.048170,0.155779,-0.134229,0.211199,0.047147,0.172809,-0.129747,0.221178,1.462225,0.749687,0.274638,-0.007351,-1.037521,-1.766667,0.095116,0.210742,0.355168,0.007847,0.134817,0.099914,0.198660,-0.437080,0.376737,-0.027904,-0.058944,-0.045760,2.0000,2.0000,2.0000,0.0000,3.0000,23.7540,26.8982,29.5640,-24.4235,18.9506,0.775615,0.924269,0.772861
1786594495929836987,2026-08-13T11:14:55.929856,ground_truth,0.052384,0.804000,0.092772,True,,,,,,,,,-0.007792,1.140624,0.441232,-0.006079,1.145423,0.436869,-0.006079,1.145423,0.436869,0.048771,0.136636,-0.124203,0.190983,0.047147,0.172809,-0.129747,0.221178,1.465145,0.755097,0.283865,-0.007147,-1.041110,-1.769663,0.111261,0.179328,0.308483,0.008289,0.121300,0.110391,0.191520,-0.476980,0.358311,-0.030112,-0.053280,-0.048480,2.0000,2.0000,2.0000,0.0000,3.0000,23.4660,26.6352,29.5715,-23.2427,18.8436,0.775615,0.924269,0.772861
1786594495964071276,2026-08-13T11:14:55.964089,ground_truth,0.052384,0.804000,0.090414,True,,,,,,,,,-0.007792,1.140624,0.441232,-0.004546,1.150116,0.432719,-0.004546,1.150116,0.432719,0.048483,0.148459,-0.131305,0.204039,0.047147,0.172809,-0.129747,0.221178,1.468987,0.759997,0.292378,-0.006845,-1.044624,-1.773490,0.125661,0.130895,0.230377,0.010898,0.099482,0.123908,0.190260,-0.562520,0.334075,-0.033856,-0.056064,-0.047360,2.0000,2.0000,2.0000,0.0000,3.0000,22.7335,25.8905,30.3166,-23.2313,18.4208,0.775615,0.924269,0.772861
1786594495995901365,2026-08-13T11:14:55.995921,ground_truth,0.054780,0.801000,0.090325,True,,,,,,,,,-0.007792,1.140624,0.441232,-0.003178,1.154575,0.428739,-0.003178,1.154575,0.428739,0.040078,0.130572,-0.116531,0.179541,0.047147,0.172809,-0.129747,0.221178,1.474155,0.763637,0.299286,-0.006500,-1.048041,-1.778836,0.127406,0.058901,0.127839,0.007847,0.075477,0.140056,0.140980,-0.585480,0.317558,-0.027904,-0.050496,-0.047424,2.0000,2.0000,2.0000,0.0000,3.0000,22.7335,25.8905,30.3166,-23.2313,18.4208,0.775615,0.924269,0.772861
1786594496043252444,2026-08-13T11:14:56.043279,ground_truth,0.054780,0.801000,0.087962,True,,,,,,,,,-0.002482,1.158987,0.425091,-0.002482,1.158987,0.425091,-0.002482,1.158987,0.425091,0.021333,0.135309,-0.111892,0.176871,0.039870,0.137880,-0.121196,0.187854,1.478624,0.764682,0.302624,-0.006155,-1.050456,-1.783892,0.120859,0.008285,0.072425,0.008289,0.064568,0.137436,0.110880,-0.553560,0.333411,-0.028672,-0.050144,-0.043424,2.0000,2.0000,2.0000,0.0000,3.0000,21.6733,24.5999,31.5593,-24.0292,17.5488,0.775615,0.924269,0.772861
1786594496069923716,2026-08-13T11:14:56.069951,ground_truth,0.059320,0.811000,0.088278,True,,,,,,,,,-0.002482,1.158987,0.425091,-0.001962,1.162429,0.421776,-0.001962,1.162429,0.421776,0.011176,0.073942,-0.071213,0.103264,0.039870,0.137880,-0.121196,0.187854,1.481407,0.764676,0.304193,-0.005950,-1.052148,-1.787018,0.112568,0.003489,0.063265,0.007847,0.075477,0.123908,0.083580,-0.765380,0.320214,-0.028160,-0.054048,-0.041760,2.0000,2.0000,2.0000,0.0000,3.0000,21.5122,24.1440,32.0842,-24.7466,17.8915,0.775615,0.924269,0.772861
1786594496097693473,2026-08-13T11:14:56.097714,ground_truth,0.058933,0.833000,0.086664,True,,,,,,,,,-0.002052,1.165678,0.418805,-0.002052,1.165678,0.418805,-0.002052,1.165678,0.418805,-0.003306,0.118967,-0.108794,0.161245,0.006338,0.098618,-0.092652,0.135463,1.481407,0.764676,0.304193,-0.005950,-1.052148,-1.787018,0.112568,0.003489,0.063265,0.007847,0.075477,0.123908,0.083580,-0.765380,0.320214,-0.028160,-0.054048,-0.041760,2.0000,2.0000,2.0000,0.0000,3.0000,21.3576,24.0748,31.8376,-24.4721,18.3148,0.775615,0.924269,0.772861
1786594496129004799,2026-08-13T11:14:56.129032,ground_truth,0.061411,0.824000,0.086364,True,,,,,,,,,-0.002052,1.165678,0.418805,-0.002128,1.169047,0.416213,-0.002128,1.169047,0.416213,-0.002761,0.122151,-0.093975,0.154142,0.006338,0.098618,-0.092652,0.135463,1.481407,0.764676,0.304193,-0.005950,-1.052148,-1.787018,0.112568,0.003489,0.063265,0.007847,0.075477,0.123908,0.083580,-0.765380,0.320214,-0.028160,-0.054048,-0.041760,2.0000,2.0000,2.0000,0.0000,3.0000,20.9332,23.6193,32.0313,-23.2900,18.4888,0.775615,0.924269,0.772861
1786594496161661738,2026-08-13T11:14:56.161679,ground_truth,0.061296,0.830000,0.084249,True,,,,,,,,,-0.002052,1.165678,0.418805,-0.002366,1.173348,0.413764,-0.002366,1.173348,0.413764,-0.007519,0.136361,-0.077637,0.157094,0.006338,0.098618,-0.092652,0.135463,1.481407,0.764676,0.304193,-0.005950,-1.052148,-1.787018,0.112568,0.003489,0.063265,0.007847,0.075477,0.123908,0.083580,-0.765380,0.320214,-0.028160,-0.054048,-0.041760,2.0000,2.0000,2.0000,0.0000,3.0000,20.7168,23.5187,32.1196,-23.1428,18.0373,0.775615,0.924269,0.772861
1786594496197473261,2026-08-13T11:14:56.197499,ground_truth,0.061354,0.827000,0.081825,True,,,,,,,,,-0.002052,1.165678,0.418805,-0.002607,1.177941,0.411492,-0.002607,1.177941,0.411492,-0.007476,0.142423,-0.070447,0.159069,0.006338,0.098618,-0.092652,0.135463,1.481407,0.764676,0.304193,-0.005950,-1.052148,-1.787018,0.112568,0.003489,0.063265,0.007847,0.075477,0.123908,0.083580,-0.765380,0.320214,-0.028160,-0.054048,-0.041760,2.0000,2.0000,2.0000,0.0000,3.0000,20.5965,23.4163,31.8694,-23.0197,18.2514,0.775615,0.924269,0.772861
1786594496232697416,2026-08-13T11:14:56.232714,ground_truth,0.061296,0.830000,0.079620,True,,,,,,,,,-0.002855,1.182060,0.409217,-0.002855,1.182060,0.409217,-0.002855,1.182060,0.409217,-0.006917,0.114808,-0.063409,0.131337,-0.006041,0.123309,-0.072167,0.143003,1.481407,0.764676,0.304193,-0.005950,-1.052148,-1.787018,0.112568,0.003489,0.063265,0.007847,0.075477,0.123908,0.083580,-0.765380,0.320214,-0.028160,-0.054048,-0.041760,2.0000,2.0000,2.0000,0.0000,3.0000,20.2612,23.2423,31.8165,-22.8967,18.3769,0.775615,0.924269,0.772861
1786594496264038004,2026-08-13T11:14:56.264056,ground_truth,0.061546,0.817000,0.076788,True,,,,,,,,,-0.002855,1.182060,0.409217,-0.003103,1.186084,0.407274,-0.003103,1.186084,0.407274,-0.006967,0.112794,-0.054481,0.125456,-0.006041,0.123309,-0.072167,0.143003,1.488549,0.763669,0.332781,-0.005293,-1.084820,-1.795124,0.029231,0.093372,0.328989,0.000000,0.301940,0.029665,-0.160860,-0.278600,0.449943,-0.035584,-0.077088,0.034560,2.0000,2.0000,2.0000,0.0000,3.0000,20.0263,23.0058,31.9061,-22.5891,18.0109,0.775615,0.924269,0.772861
1786594496298734897,2026-08-13T11:14:56.298752,ground_truth,0.063940,0.814000,0.074327,True,,,,,,,,,-0.003535,1.189715,0.405453,-0.003535,1.189715,0.405453,-0.003535,1.189715,0.405453,-0.013964,0.117371,-0.058849,0.132038,-0.010303,0.115885,-0.056984,0.129548,1.487033,0.769001,0.347703,-0.005293,-1.098834,-1.793270,0.044069,0.164928,0.405347,0.000000,0.385275,0.056279,-0.173880,-0.251020,0.431932,-0.051936,-0.088224,0.039072,2.0000,2.0000,2.0000,0.0000,3.0000,19.5669,22.6849,31.9616,-21.8890,17.8235,0.775615,0.924269,0.772861
1786594496329624626,2026-08-13T11:14:56.329652,ground_truth,0.063940,0.814000,0.071986,True,,,,,,,,,-0.003535,1.189715,0.405453,-0.004137,1.192361,0.403772,-0.004137,1.192361,0.403772,-0.017252,0.075940,-0.048238,0.091604,-0.010303,0.115885,-0.056984,0.129548,1.486027,0.772601,0.356097,-0.005303,-1.106789,-1.792073,0.054105,0.186313,0.429348,0.000000,0.404473,0.061949,-0.192780,-0.280840,0.422138,-0.067136,-0.095072,0.037120,2.0000,2.0000,2.0000,0.0000,3.0000,19.3369,22.4389,32.3078,-21.2214,17.8412,0.775615,0.924269,0.772861
1786594496364234094,2026-08-13T11:14:56.364251,ground_truth,0.066344,0.811000,0.069511,True,,,,,,,,,-0.004731,1.194491,0.401946,-0.004731,1.194491,0.401946,-0.004731,1.194491,0.401946,-0.019194,0.068745,-0.058959,0.092577,-0.017876,0.071398,-0.052434,0.090369,1.483341,0.781767,0.375510,-0.005347,-1.124844,-1.789314,0.063703,0.223835,0.448107,0.000000,0.409711,0.061949,-0.168280,-0.349300,0.452765,-0.096960,-0.096512,0.036800,2.0000,2.0000,2.0000,0.0000,3.0000,19.6120,22.4897,32.6947,-20.0136,17.7343,0.775615,0.924269,0.772861
1786594496397049300,2026-08-13T11:14:56.397069,ground_truth,0.066569,0.801000,0.064338,True,,,,,,,,,-0.004731,1.194491,0.401946,-0.005495,1.196143,0.400256,-0.005495,1.196143,0.400256,-0.022288,0.048189,-0.049287,0.072444,-0.017876,0.071398,-0.052434,0.090369,1.481734,0.787295,0.386425,-0.005400,-1.134739,-1.787794,0.068498,0.233433,0.459021,0.002609,0.412331,0.061949,-0.145320,-0.390600,0.456832,-0.115488,-0.093888,0.037344,2.0000,2.0000,2.0000,0.0000,3.0000,19.6071,22.6625,32.6297,-17.9223,17.1072,0.775615,0.924269,0.772861
1786594496438974759,2026-08-13T11:14:56.438997,ground_truth,0.066209,0.817000,0.065107,True,,,,,,,,,-0.004731,1.194491,0.401946,-0.006430,1.197540,0.398226,-0.006430,1.197540,0.398226,-0.028524,0.042634,-0.061936,0.080420,-0.017876,0.071398,-0.052434,0.090369,1.477716,0.801473,0.415325,-0.005745,-1.159812,-1.784011,0.060645,0.233871,0.496108,0.005228,0.420620,0.065010,-0.146860,-0.381500,0.460484,-0.114720,-0.093952,0.035680,2.0000,2.0000,2.0000,0.0000,3.0000,20.6863,23.0414,34.1567,-14.5607,15.5279,0.775615,0.924269,0.772861
1786594496470294696,2026-08-13T11:14:56.470322,ground_truth,0.068927,0.801000,0.061975,True,,,,,,,,,-0.004731,1.194491,0.401946,-0.007352,1.198727,0.396382,-0.007352,1.198727,0.396382,-0.021758,0.028000,-0.043538,0.056151,-0.017876,0.071398,-0.052434,0.090369,1.476507,0.806092,0.425266,-0.005886,-1.168091,-1.782728,0.061958,0.228638,0.494361,0.005670,0.406661,0.061949,-0.136080,-0.390600,0.439651,-0.112096,-0.087488,0.034560,2.0000,2.0000,2.0000,0.0000,3.0000,20.4210,22.9584,33.8924,-14.2018,15.4310,0.775615,0.924269,0.772861
1786594496506939683,2026-08-13T11:14:56.506960,ground_truth,0.069096,0.794000,0.059253,True,,,,,,,,,-0.008455,1.198804,0.394486,-0.008455,1.198804,0.394486,-0.008455,1.198804,0.394486,-0.035321,0.002473,-0.060720,0.070290,-0.027892,0.032307,-0.055881,0.070316,1.475514,0.809725,0.433162,-0.005972,-1.174397,-1.781736,0.061958,0.223835,0.492613,0.005228,0.385275,0.061949,-0.154000,-0.416640,0.437576,-0.112768,-0.080992,0.035456,2.0000,2.0000,2.0000,0.0000,3.0000,21.8061,23.4830,33.8845,-14.4376,16.7051,0.775615,0.924269,0.772861
1786594496534506106,2026-08-13T11:14:56.534531,ground_truth,0.070950,0.814000,0.060281,True,,,,,,,,,-0.008455,1.198804,0.394486,-0.009409,1.198659,0.392414,-0.009409,1.198659,0.392414,-0.026411,-0.004000,-0.057321,0.063240,-0.027892,0.032307,-0.055881,0.070316,1.475514,0.809725,0.433162,-0.005972,-1.174397,-1.781736,0.061958,0.223835,0.492613,0.005228,0.385275,0.061949,-0.154000,-0.416640,0.437576,-0.112768,-0.080992,0.035456,2.0000,2.0000,2.0000,0.0000,3.0000,21.5698,23.8667,32.9638,-13.6464,15.8886,0.775615,0.924269,0.772861
1786594496562928207,2026-08-13T11:14:56.562945,ground_truth,0.071285,0.801000,0.059613,True,,,,,,,,,-0.010487,1.198630,0.390569,-0.010487,1.198630,0.390569,-0.010487,1.198630,0.390569,-0.038096,-0.001022,-0.065218,0.075536,-0.030440,-0.002598,-0.058664,0.066142,1.475514,0.809725,0.433162,-0.005972,-1.174397,-1.781736,0.061958,0.223835,0.492613,0.005228,0.385275,0.061949,-0.154000,-0.416640,0.437576,-0.112768,-0.080992,0.035456,2.0000,2.0000,2.0000,0.0000,3.0000,22.3645,24.4253,32.0219,-13.6585,16.5066,0.775615,0.924269,0.772861
1786594496597874850,2026-08-13T11:14:56.597888,ground_truth,0.073835,0.794000,0.059253,True,,,,,,,,,-0.010487,1.198630,0.390569,-0.011285,1.198624,0.388658,-0.011285,1.198624,0.388658,-0.028814,-0.000209,-0.069029,0.074801,-0.030440,-0.002598,-0.058664,0.066142,1.475514,0.809725,0.433162,-0.005972,-1.174397,-1.781736,0.061958,0.223835,0.492613,0.005228,0.385275,0.061949,-0.154000,-0.416640,0.437576,-0.112768,-0.080992,0.035456,2.0000,2.0000,2.0000,0.0000,3.0000,22.3869,25.5801,30.9688,-10.7042,15.4327,0.775615,0.924269,0.772861
1786594496630363267,2026-08-13T11:14:56.630383,ground_truth,0.073451,0.808000,0.059973,True,,,,,,,,,-0.012278,1.198090,0.386831,-0.012278,1.198090,0.386831,-0.012278,1.198090,0.386831,-0.028372,-0.015264,-0.052187,0.061331,-0.026935,-0.008124,-0.056217,0.062863,1.474527,0.813273,0.440954,-0.006026,-1.180347,-1.780788,0.062390,0.218602,0.485200,0.002609,0.363457,0.056279,-0.128520,-0.413840,0.453595,-0.115104,-0.077696,0.034560,2.0000,2.0000,1.0000,0.0000,3.0000,22.6864,26.2935,29.4769,-9.0186,14.4455,0.775615,0.924269,0.772861
1786594496664111413,2026-08-13T11:14:56.664129,ground_truth,0.076205,0.794000,0.056879,True,,,,,,,,,-0.012278,1.198090,0.386831,-0.013081,1.196756,0.385071,-0.013081,1.196756,0.385071,-0.024406,-0.040550,-0.053500,0.071430,-0.026935,-0.008124,-0.056217,0.062863,1.466302,0.844360,0.518592,-0.006381,-1.226816,-1.772746,0.047558,0.195911,0.505707,0.002609,0.274884,0.048432,-0.139440,-0.402640,0.458575,-0.121120,-0.076480,0.032128,2.0000,2.0000,1.0000,0.0000,3.0000,22.7294,26.8276,28.6997,-8.1214,14.8249,0.775615,0.924269,0.772861
1786594496696284024,2026-08-13T11:14:56.696301,ground_truth,0.076205,0.794000,0.056879,True,,,,,,,,,-0.012278,1.198090,0.386831,-0.014075,1.194570,0.383246,-0.014075,1.194570,0.383246,-0.029607,-0.065137,-0.054354,0.089854,-0.026935,-0.008124,-0.056217,0.062863,1.463995,0.853971,0.543001,-0.006511,-1.239956,-1.770429,0.047558,0.205946,0.514867,0.002609,0.274884,0.048863,-0.154560,-0.411880,0.455670,-0.117376,-0.083648,0.033632,2.0000,2.0000,2.0000,0.0000,3.0000,23.0921,27.4087,28.9384,-6.9463,15.3626,0.775615,0.924269,0.772861
1786594496737770546,2026-08-13T11:14:56.737802,ground_truth,0.076001,0.801000,0.057250,True,,,,,,,,,-0.012278,1.198090,0.386831,-0.015065,1.192372,0.381583,-0.015065,1.192372,0.381583,-0.030717,-0.068173,-0.051597,0.090848,-0.026935,-0.008124,-0.056217,0.062863,1.461924,0.863294,0.565983,-0.006619,-1.252482,-1.768337,0.045814,0.217289,0.527960,0.003051,0.288412,0.048432,-0.156800,-0.401940,0.459737,-0.119040,-0.079040,0.036416,2.0000,2.0000,2.0000,0.0000,3.0000,23.0921,27.4087,28.9384,-6.9463,15.3626,0.775615,0.924269,0.772861
1786594496773720164,2026-08-13T11:14:56.773734,ground_truth,0.075914,0.804000,0.057409,True,,,,,,,,,-0.016045,1.190013,0.380092,-0.016045,1.190013,0.380092,-0.016045,1.190013,0.380092,-0.023402,-0.056324,-0.035600,0.070622,-0.028328,-0.060741,-0.050675,0.084024,1.460598,0.869494,0.580764,-0.006662,-1.260491,-1.767022,0.047558,0.223835,0.526213,0.002609,0.283173,0.045812,-0.146580,-0.428680,0.481483,-0.122400,-0.077760,0.037408,2.0000,2.0000,2.0000,0.0000,3.0000,23.7348,28.4785,28.0603,-5.8243,15.2579,0.775615,0.924269,0.772861
1786594496802710508,2026-08-13T11:14:56.802724,ground_truth,0.076205,0.794000,0.056879,True,,,,,,,,,-0.016045,1.190013,0.380092,-0.017003,1.188154,0.378800,-0.017003,1.188154,0.378800,-0.027334,-0.053038,-0.036866,0.070138,-0.028328,-0.060741,-0.050675,0.084024,1.459441,0.874911,0.593448,-0.006716,-1.267261,-1.765890,0.047120,0.226887,0.529707,0.002609,0.280122,0.045812,-0.158620,-0.406980,0.462891,-0.121344,-0.078432,0.035008,2.0000,2.0000,1.0000,0.0000,3.0000,23.5895,28.6898,27.9501,-3.8696,14.9435,0.775615,0.924269,0.772861
1786594496831463966,2026-08-13T11:14:56.831481,ground_truth,0.076088,0.798000,0.057091,True,,,,,,,,,-0.017821,1.186929,0.377637,-0.017821,1.186929,0.377637,-0.017821,1.186929,0.377637,-0.028063,-0.042045,-0.039923,0.064414,-0.025686,-0.044610,-0.035517,0.062540,1.458082,0.881327,0.608289,-0.006802,-1.275086,-1.764565,0.050609,0.232127,0.531447,0.003051,0.277503,0.048432,-0.138460,-0.414960,0.469033,-0.119552,-0.078656,0.032960,2.0000,2.0000,1.0000,0.0000,3.0000,23.7006,29.1730,27.7236,-4.4353,14.6045,0.775615,0.924269,0.772861
1786594496874814800,2026-08-13T11:14:56.874835,ground_truth,0.075797,0.808000,0.057622,True,,,,,,,,,-0.017821,1.186929,0.377637,-0.018631,1.185831,0.376644,-0.018631,1.185831,0.376644,-0.027872,-0.037798,-0.034173,0.058081,-0.025686,-0.044610,-0.035517,0.062540,1.457135,0.885979,0.618936,-0.006856,-1.280681,-1.763648,0.045814,0.233433,0.531886,0.002609,0.280553,0.045812,-0.151900,-0.405720,0.470610,-0.117376,-0.075808,0.035904,2.0000,2.0000,1.0000,0.0000,3.0000,23.9328,29.0573,28.3412,-6.1965,14.9694,0.775615,0.924269,0.772861
1786594496922057546,2026-08-13T11:14:56.922085,ground_truth,0.076088,0.798000,0.059458,True,,,,,,,,,-0.019261,1.184758,0.375851,-0.019261,1.184758,0.375851,-0.019261,1.184758,0.375851,-0.014633,-0.024915,-0.018404,0.034257,-0.022052,-0.033249,-0.027342,0.048367,1.457135,0.885979,0.618936,-0.006856,-1.280681,-1.763648,0.045814,0.233433,0.531886,0.002609,0.280553,0.045812,-0.151900,-0.405720,0.470610,-0.117376,-0.075808,0.035904,3.0000,2.0000,2.0000,0.0000,4.0000,25.1325,30.1718,28.6384,-5.4718,15.0755,0.775615,0.924269,0.772861
1786594496953358297,2026-08-13T11:14:56.953380,ground_truth,0.076409,0.787000,0.058893,True,,,,,,,,,-0.019261,1.184758,0.375851,-0.019895,1.183850,0.375526,-0.019895,1.183850,0.375526,-0.013399,-0.019170,-0.006868,0.024376,-0.022052,-0.033249,-0.027342,0.048367,1.457135,0.885979,0.618936,-0.006856,-1.280681,-1.763648,0.045814,0.233433,0.531886,0.002609,0.280553,0.045812,-0.151900,-0.405720,0.470610,-0.117376,-0.075808,0.035904,3.0000,2.0000,2.0000,0.0000,4.0000,25.0646,30.2230,28.1149,-5.3946,15.3768,0.775615,0.924269,0.772861
1786594496984226361,2026-08-13T11:14:56.984251,ground_truth,0.076496,0.784000,0.058739,True,,,,,,,,,-0.020575,1.182975,0.375112,-0.020575,1.182975,0.375112,-0.020575,1.182975,0.375112,-0.021530,-0.027702,-0.013118,0.037457,-0.020048,-0.027189,-0.011279,0.035614,1.456423,0.889768,0.627471,-0.006888,-1.285133,-1.762915,0.044069,0.238235,0.533633,0.002609,0.280122,0.045812,-0.162680,-0.409500,0.443635,-0.116544,-0.075424,0.033504,3.0000,2.0000,2.0000,0.0000,4.0000,25.2408,30.3454,28.2935,-4.9960,15.5926,0.775615,0.924269,0.772861
1786594497016953798,2026-08-13T11:14:57.016975,ground_truth,0.078790,0.787000,0.058893,True,,,,,,,,,-0.020575,1.182975,0.375112,-0.021080,1.182053,0.374896,-0.021080,1.182053,0.374896,-0.016332,-0.029832,-0.006984,0.034719,-0.020048,-0.027189,-0.011279,0.035614,1.449582,0.926886,0.699287,-0.007168,-1.327388,-1.755876,0.044069,0.243469,0.388328,0.003051,0.294082,0.045812,-0.140980,-0.441420,0.424545,-0.119328,-0.075808,0.033184,3.0000,2.0000,2.0000,0.0000,4.0000,25.0898,30.3765,28.3230,-5.1677,15.4493,0.775615,0.924269,0.772861
1786594497049881291,2026-08-13T11:14:57.049907,ground_truth,0.078451,0.798000,0.059458,True,,,,,,,,,-0.021726,1.181122,0.374872,-0.021726,1.181122,0.374872,-0.021726,1.181122,0.374872,-0.019845,-0.028591,-0.000737,0.034811,-0.017196,-0.027684,-0.003583,0.032786,1.448053,0.935504,0.712299,-0.007265,-1.338124,-1.754281,0.042318,0.235178,0.338156,0.002609,0.299320,0.045812,-0.149100,-0.427700,0.394250,-0.113312,-0.072800,0.034912,3.0000,2.0000,2.0000,0.0000,4.0000,25.1646,30.5210,28.2893,-5.0481,15.4686,0.775615,0.924269,0.772861
1786594497097289669,2026-08-13T11:14:57.097306,ground_truth,0.078974,0.781000,0.058584,True,,,,,,,,,-0.021726,1.181122,0.374872,-0.022226,1.180190,0.374817,-0.022226,1.180190,0.374817,-0.015208,-0.028368,-0.001668,0.032231,-0.017196,-0.027684,-0.003583,0.032786,1.446276,0.944683,0.724381,-0.007330,-1.350110,-1.752589,0.044069,0.225142,0.274883,0.000000,0.299320,0.040573,-0.148120,-0.442960,0.376737,-0.116480,-0.078976,0.033184,3.0000,2.0000,2.0000,0.0000,4.0000,25.3300,30.6669,28.3399,-4.6317,15.3120,0.775615,0.924269,0.772861
1786594497133662447,2026-08-13T11:14:57.133682,ground_truth,0.078667,0.791000,0.059099,True,,,,,,,,,-0.021726,1.181122,0.374872,-0.022739,1.179256,0.374749,-0.022739,1.179256,0.374749,-0.010839,-0.019733,-0.001450,0.022561,-0.017196,-0.027684,-0.003583,0.032786,1.444518,0.953556,0.734284,-0.007405,-1.362259,-1.750983,0.042318,0.219033,0.230377,0.005228,0.307168,0.040142,-0.139160,-0.460320,0.395495,-0.120544,-0.082720,0.034624,3.0000,2.0000,2.0000,0.0000,4.0000,25.3133,30.6745,28.3929,-4.6498,15.2619,0.775615,0.924269,0.772861
1786594497168773189,2026-08-13T11:14:57.168803,ground_truth,0.078882,0.784000,0.058739,True,,,,,,,,,-0.023061,1.178536,0.374738,-0.023061,1.178536,0.374738,-0.023061,1.178536,0.374738,-0.008803,-0.019679,-0.000281,0.021560,-0.009989,-0.019352,-0.001000,0.021801,1.443225,0.960547,0.741303,-0.007513,-1.372079,-1.749775,0.039267,0.220346,0.212057,0.005228,0.301940,0.034903,-0.163940,-0.465220,0.389436,-0.117376,-0.080096,0.034624,3.0000,2.0000,2.0000,0.0000,4.0000,25.3586,30.8348,28.1442,-5.3219,15.0214,0.775615,0.924269,0.772861
1786594497201495165,2026-08-13T11:14:57.201509,ground_truth,0.078882,0.784000,0.058739,True,,,,,,,,,-0.023061,1.178536,0.374738,-0.023423,1.177486,0.374656,-0.023423,1.177486,0.374656,-0.010335,-0.029991,-0.002348,0.031808,-0.009989,-0.019352,-0.001000,0.021801,1.443225,0.960547,0.741303,-0.007513,-1.372079,-1.749775,0.039267,0.220346,0.212057,0.005228,0.301940,0.034903,-0.163940,-0.465220,0.389436,-0.117376,-0.080096,0.034624,3.0000,2.0000,2.0000,0.0000,4.0000,26.4071,31.5144,28.2674,-5.8542,15.8622,0.775615,0.924269,0.772861
1786594497232723277,2026-08-13T11:14:57.232741,ground_truth,0.079097,0.777000,0.058379,True,,,,,,,,,-0.023061,1.178536,0.374738,-0.023602,1.176742,0.374780,-0.023602,1.176742,0.374780,-0.005476,-0.022811,0.003804,0.023765,-0.009989,-0.019352,-0.001000,0.021801,1.443225,0.960547,0.741303,-0.007513,-1.372079,-1.749775,0.039267,0.220346,0.212057,0.005228,0.301940,0.034903,-0.163940,-0.465220,0.389436,-0.117376,-0.080096,0.034624,3.0000,2.0000,2.0000,0.0000,4.0000,26.7933,31.8625,27.9498,-6.5676,16.1965,0.775615,0.924269,0.772861
1786594497267125445,2026-08-13T11:14:57.267140,ground_truth,0.078882,0.784000,0.058739,True,,,,,,,,,-0.023061,1.178536,0.374738,-0.023794,1.176060,0.374880,-0.023794,1.176060,0.374880,-0.006239,-0.022068,0.003236,0.023160,-0.009989,-0.019352,-0.001000,0.021801,1.443225,0.960547,0.741303,-0.007513,-1.372079,-1.749775,0.039267,0.220346,0.212057,0.005228,0.301940,0.034903,-0.163940,-0.465220,0.389436,-0.117376,-0.080096,0.034624,3.0000,2.0000,2.0000,0.0000,4.0000,27.5450,32.1939,28.7342,-5.8289,16.4893,0.775615,0.924269,0.772861
1786594497299613606,2026-08-13T11:14:57.299662,ground_truth,0.076292,0.791000,0.059099,True,,,,,,,,,-0.023986,1.175390,0.374979,-0.023986,1.175390,0.374979,-0.023986,1.175390,0.374979,-0.005563,-0.019397,0.002874,0.020383,-0.006932,-0.023563,0.001805,0.024628,1.443225,0.960547,0.741303,-0.007513,-1.372079,-1.749775,0.039267,0.220346,0.212057,0.005228,0.301940,0.034903,-0.163940,-0.465220,0.389436,-0.117376,-0.080096,0.034624,3.0000,2.0000,2.0000,0.0000,4.0000,27.6645,32.3848,27.9904,-6.3702,16.7187,0.775615,0.924269,0.772861
1786594497334073453,2026-08-13T11:14:57.334096,ground_truth,0.076409,0.787000,0.056507,True,,,,,,,,,-0.023986,1.175390,0.374979,-0.024012,1.174350,0.375092,-0.024012,1.174350,0.375092,-0.000771,-0.031800,0.003441,0.031994,-0.006932,-0.023563,0.001805,0.024628,1.437952,1.000075,0.779787,-0.007793,-1.410529,-1.745356,0.019634,0.251322,0.256563,0.002609,0.159254,0.016137,-0.136080,-0.438340,0.422304,-0.118560,-0.058496,0.029280,3.0000,2.0000,2.0000,0.0000,4.0000,27.4542,32.2966,28.1840,-7.8045,16.4922,0.775615,0.924269,0.772861
1786594497369378928,2026-08-13T11:14:57.369400,ground_truth,0.076496,0.784000,0.056348,True,,,,,,,,,-0.023986,1.175390,0.374979,-0.024025,1.173395,0.375067,-0.024025,1.173395,0.375067,-0.000392,-0.027571,-0.000715,0.027583,-0.006932,-0.023563,0.001805,0.024628,1.437253,1.010405,0.790315,-0.007815,-1.416242,-1.744817,0.016138,0.263102,0.267902,0.000000,0.129147,0.013517,-0.127680,-0.441980,0.414585,-0.117440,-0.060672,0.029504,3.0000,2.0000,2.0000,0.0000,4.0000,27.6372,32.4382,27.8712,-7.9789,16.2452,0.775615,0.924269,0.772861
1786594497406094705,2026-08-13T11:14:57.406125,ground_truth,0.079097,0.777000,0.055977,True,,,,,,,,,-0.023986,1.175390,0.374979,-0.024052,1.172617,0.375017,-0.024052,1.172617,0.375017,-0.000773,-0.022124,-0.001409,0.022183,-0.006932,-0.023563,0.001805,0.024628,1.436822,1.018781,0.799141,-0.007858,-1.420208,-1.744483,0.011342,0.261358,0.278809,0.002609,0.116061,0.010467,-0.119840,-0.444500,0.432430,-0.116096,-0.057120,0.031072,3.0000,2.0000,2.0000,0.0000,4.0000,27.3418,31.7740,28.6224,-9.2153,16.3188,0.775615,0.924269,0.772861
1786594497454828056,2026-08-13T11:14:57.454856,ground_truth,0.078974,0.781000,0.056189,True,,,,,,,,,-0.024272,1.171715,0.374908,-0.024272,1.171715,0.374908,-0.024272,1.171715,0.374908,-0.005917,-0.024262,-0.002949,0.025147,-0.002138,-0.027477,-0.000534,0.027565,1.436175,1.034475,0.816323,-0.007890,-1.426848,-1.744019,0.010029,0.261358,0.297137,0.000000,0.110391,0.005228,-0.123060,-0.496300,0.448283,-0.122496,-0.053824,0.032064,3.0000,2.0000,2.0000,0.0000,4.0000,27.2123,31.6888,29.3831,-9.7064,16.4035,0.775615,0.924269,0.772861
1786594497498909523,2026-08-13T11:14:57.498928,ground_truth,0.079313,0.770000,0.053191,True,,,,,,,,,-0.024465,1.170628,0.374690,-0.024465,1.170628,0.374690,-0.024465,1.170628,0.374690,-0.003951,-0.022324,-0.004476,0.023108,-0.002722,-0.015381,-0.003084,0.015921,1.435731,1.046882,0.831967,-0.007944,-1.432508,-1.743674,0.006540,0.258307,0.356915,0.000000,0.123908,0.008289,-0.120820,-0.476700,0.467207,-0.118272,-0.058720,0.031616,3.0000,2.0000,2.0000,0.0000,4.0000,30.7536,32.7094,31.2107,-10.9271,20.5433,0.775615,0.924269,0.772861
1786594497536891956,2026-08-13T11:14:57.536916,ground_truth,0.079528,0.763000,0.050383,True,,,,,,,,,-0.024465,1.170628,0.374690,-0.024658,1.169291,0.374310,-0.024658,1.169291,0.374310,-0.004404,-0.030420,-0.008645,0.031930,-0.002722,-0.015381,-0.003084,0.015921,1.435731,1.046882,0.831967,-0.007944,-1.432508,-1.743674,0.006540,0.258307,0.356915,0.000000,0.123908,0.008289,-0.120820,-0.476700,0.467207,-0.118272,-0.058720,0.031616,3.0000,2.0000,2.0000,0.0000,4.0000,29.9731,32.6570,30.9378,-10.4787,19.2463,0.775615,0.924269,0.772861
1786594497574086264,2026-08-13T11:14:57.574110,ground_truth,0.079313,0.770000,0.048364,True,,,,,,,,,-0.024465,1.170628,0.374690,-0.024861,1.168117,0.373753,-0.024861,1.168117,0.373753,-0.005359,-0.031129,-0.014768,0.034869,-0.002722,-0.015381,-0.003084,0.015921,1.435731,1.046882,0.831967,-0.007944,-1.432508,-1.743674,0.006540,0.258307,0.356915,0.000000,0.123908,0.008289,-0.120820,-0.476700,0.467207,-0.118272,-0.058720,0.031616,3.0000,2.0000,2.0000,0.0000,4.0000,29.5183,32.9313,30.5668,-9.3645,18.7775,0.775615,0.924269,0.772861
1786594497608877629,2026-08-13T11:14:57.608901,ground_truth,0.079097,0.777000,0.046368,True,,,,,,,,,-0.024465,1.170628,0.374690,-0.024895,1.166975,0.373051,-0.024895,1.166975,0.373051,-0.000938,-0.030700,-0.018878,0.036052,-0.002722,-0.015381,-0.003084,0.015921,1.435731,1.046882,0.831967,-0.007944,-1.432508,-1.743674,0.006540,0.258307,0.356915,0.000000,0.123908,0.008289,-0.120820,-0.476700,0.467207,-0.118272,-0.058720,0.031616,3.0000,2.0000,2.0000,0.0000,4.0000,29.1873,32.3790,31.0936,-9.8236,18.5275,0.775615,0.924269,0.772861
1786594497648289906,2026-08-13T11:14:57.648309,ground_truth,0.079190,0.774000,0.043782,True,,,,,,,,,-0.024939,1.165840,0.372178,-0.024939,1.165840,0.372178,-0.024939,1.165840,0.372178,-0.001238,-0.032620,-0.025082,0.041166,-0.003677,-0.037172,-0.019500,0.042137,1.435639,1.049979,0.836361,-0.007944,-1.434060,-1.743588,0.008285,0.257869,0.370008,0.000000,0.131766,0.007847,-0.124880,-0.490700,0.480902,-0.118272,-0.056768,0.031520,3.0000,2.0000,2.0000,0.0000,4.0000,29.1761,32.5389,30.8167,-9.2212,18.3811,0.775615,0.924269,0.772861
1786594497681864354,2026-08-13T11:14:57.681879,ground_truth,0.079405,0.767000,0.043353,True,,,,,,,,,-0.024939,1.165840,0.372178,-0.024953,1.164920,0.371191,-0.024953,1.164920,0.371191,-0.000362,-0.023176,-0.024851,0.033983,-0.003677,-0.037172,-0.019500,0.042137,1.434509,1.084738,0.896362,-0.007966,-1.453355,-1.742305,0.004796,0.133952,0.274883,0.000000,0.088574,0.005228,-0.122360,-0.594580,0.414253,-0.112320,-0.046976,0.032224,3.0000,2.0000,2.0000,0.0000,4.0000,29.1761,32.5389,30.8167,-9.2212,18.3811,0.775615,0.924269,0.772861
1786594497714849990,2026-08-13T11:14:57.714871,ground_truth,0.079405,0.767000,0.043353,True,,,,,,,,,-0.025002,1.163829,0.370142,-0.025002,1.163829,0.370142,-0.025002,1.163829,0.370142,-0.001454,-0.032225,-0.031013,0.044747,-0.000956,-0.030245,-0.030629,0.043056,1.434411,1.088443,0.904221,-0.007966,-1.455812,-1.742165,0.003489,0.101225,0.219470,0.000000,0.067629,0.002609,-0.139440,-0.641900,0.361465,-0.108096,-0.046528,0.034240,3.0000,2.0000,2.0000,0.0000,4.0000,29.0191,32.3380,31.1916,-9.5385,18.0944,0.775615,0.924269,0.772861
1786594497747143378,2026-08-13T11:14:57.747160,ground_truth,0.076904,0.770000,0.038709,True,,,,,,,,,-0.025002,1.163829,0.370142,-0.025037,1.162704,0.369116,-0.025037,1.162704,0.369116,-0.001074,-0.034646,-0.031593,0.046900,-0.000956,-0.030245,-0.030629,0.043056,1.434411,1.088443,0.904221,-0.007966,-1.455812,-1.742165,0.003489,0.101225,0.219470,0.000000,0.067629,0.002609,-0.139440,-0.641900,0.361465,-0.108096,-0.046528,0.034240,3.0000,2.0000,2.0000,0.0000,4.0000,28.8802,32.4295,30.8243,-9.4359,18.0816,0.775615,0.924269,0.772861
1786594497784148223,2026-08-13T11:14:57.784175,ground_truth,0.076904,0.770000,0.038709,True,,,,,,,,,-0.024905,1.161573,0.367781,-0.024905,1.161573,0.367781,-0.024905,1.161573,0.367781,0.004036,-0.034632,-0.040864,0.053717,0.001456,-0.033858,-0.035427,0.049026,1.434411,1.088443,0.904221,-0.007966,-1.455812,-1.742165,0.003489,0.101225,0.219470,0.000000,0.067629,0.002609,-0.139440,-0.641900,0.361465,-0.108096,-0.046528,0.034240,3.0000,2.0000,2.0000,0.0000,4.0000,29.4687,32.8704,30.3966,-9.8336,18.2496,0.775615,0.924269,0.772861
1786594497815907625,2026-08-13T11:14:57.815927,ground_truth,0.077107,0.763000,0.038257,True,,,,,,,,,-0.024905,1.161573,0.367781,-0.024759,1.160600,0.366469,-0.024759,1.160600,0.366469,0.004001,-0.026617,-0.035872,0.044847,0.001456,-0.033858,-0.035427,0.049026,1.434411,1.088443,0.904221,-0.007966,-1.455812,-1.742165,0.003489,0.101225,0.219470,0.000000,0.067629,0.002609,-0.139440,-0.641900,0.361465,-0.108096,-0.046528,0.034240,3.0000,2.0000,2.0000,0.0000,4.0000,29.4451,32.8870,30.8381,-10.5004,17.6746,0.775615,0.924269,0.772861
1786594497849796283,2026-08-13T11:14:57.849815,ground_truth,0.074577,0.767000,0.036097,True,,,,,,,,,-0.024641,1.159658,0.365104,-0.024641,1.159658,0.365104,-0.024641,1.159658,0.365104,0.003733,-0.029700,-0.043084,0.052462,0.003974,-0.028754,-0.040207,0.049590,1.434385,1.089547,0.906623,-0.007966,-1.456567,-1.742111,0.003489,0.086825,0.191543,0.000000,0.059340,0.002609,-0.143500,-0.650020,0.344948,-0.107136,-0.045088,0.034176,3.0000,2.0000,2.0000,0.0000,4.0000,30.2602,33.3362,31.4656,-11.2000,18.3600,0.775615,0.924269,0.772861
1786594497885839730,2026-08-13T11:14:57.885860,ground_truth,0.074687,0.763000,0.035832,True,,,,,,,,,-0.024641,1.159658,0.365104,-0.024526,1.158563,0.363570,-0.024526,1.158563,0.363570,0.003355,-0.032124,-0.044990,0.055383,0.003974,-0.028754,-0.040207,0.049590,1.434189,1.093199,0.914229,-0.007966,-1.458777,-1.741874,0.000000,0.000000,0.001740,0.000000,0.000000,0.000000,-0.126980,-0.622720,0.345280,-0.101344,-0.049216,0.031904,3.0000,2.0000,2.0000,0.0000,4.0000,29.1363,33.1264,31.8303,-10.2348,17.3002,0.775615,0.924269,0.772861
1786594497916953876,2026-08-13T11:14:57.916969,ground_truth,0.074577,0.767000,0.036097,True,,,,,,,,,-0.024411,1.157064,0.362192,-0.024411,1.157064,0.362192,-0.024411,1.157064,0.362192,0.003142,-0.041038,-0.037736,0.055838,0.003452,-0.039078,-0.043868,0.058851,1.434189,1.093212,0.914236,-0.007966,-1.458788,-1.741874,0.000000,0.001744,0.000000,0.000000,0.000000,0.000000,-0.125860,-0.630840,0.345114,-0.100288,-0.048544,0.031168,3.0000,2.0000,2.0000,0.0000,4.0000,29.2495,33.3481,31.3713,-11.2379,16.8744,0.775615,0.924269,0.772861
1786594497950038141,2026-08-13T11:14:57.950052,ground_truth,0.074495,0.770000,0.036296,True,,,,,,,,,-0.024411,1.157064,0.362192,-0.024284,1.155698,0.360842,-0.024284,1.155698,0.360842,0.004174,-0.044582,-0.044047,0.062810,0.003452,-0.039078,-0.043868,0.058851,1.434182,1.093212,0.914244,-0.007966,-1.458798,-1.741874,0.000000,0.000000,0.000000,0.000000,0.000000,0.000000,-0.122640,-0.641060,0.341794,-0.098464,-0.047808,0.030112,3.0000,2.0000,2.0000,0.0000,4.0000,29.4268,33.4449,31.4308,-11.8896,17.9041,0.775615,0.924269,0.772861
1786594497980975509,2026-08-13T11:14:57.980994,ground_truth,0.074577,0.767000,0.036097,True,,,,,,,,,-0.023977,1.154518,0.359530,-0.023977,1.154518,0.359530,-0.023977,1.154518,0.359530,0.009292,-0.035732,-0.039732,0.054238,0.006514,-0.038150,-0.039884,0.055575,1.434182,1.093212,0.914244,-0.007966,-1.458809,-1.741863,0.000000,0.000000,0.000000,0.000000,0.000000,0.000000,-0.123620,-0.644700,0.340134,-0.097120,-0.047040,0.029056,3.0000,2.0000,2.0000,0.0000,4.0000,29.7124,33.4795,32.0799,-12.5733,17.2901,0.775615,0.924269,0.772861
1786594498013677457,2026-08-13T11:14:58.013691,ground_truth,0.072086,0.770000,0.033882,True,,,,,,,,,-0.023977,1.154518,0.359530,-0.023684,1.153535,0.358190,-0.023684,1.153535,0.358190,0.009372,-0.031415,-0.042822,0.053931,0.006514,-0.038150,-0.039884,0.055575,1.434182,1.093212,0.914244,-0.007966,-1.458809,-1.741863,0.000000,0.000000,0.000000,0.000000,0.000000,0.000000,-0.123620,-0.644700,0.340134,-0.097120,-0.047040,0.029056,3.0000,2.0000,2.0000,0.0000,4.0000,30.0592,33.7190,31.4430,-13.5038,17.9959,0.775615,0.924269,0.772861
1786594498042704271,2026-08-13T11:14:58.042719,ground_truth,0.072086,0.770000,0.033882,True,,,,,,,,,-0.023202,1.152965,0.356903,-0.023202,1.152965,0.356903,-0.023202,1.152965,0.356903,0.014942,-0.017673,-0.039922,0.046145,0.011598,-0.023236,-0.039313,0.047117,1.434182,1.093212,0.914244,-0.007966,-1.458809,-1.741863,0.000000,0.000000,0.000000,0.000000,0.000000,0.000000,-0.123620,-0.644700,0.340134,-0.097120,-0.047040,0.029056,3.0000,2.0000,2.0000,0.0000,4.0000,30.7572,34.1355,31.6387,-13.0056,18.5025,0.775615,0.924269,0.772861
1786594498072887622,2026-08-13T11:14:58.072911,ground_truth,0.072344,0.760000,0.030772,True,,,,,,,,,-0.023202,1.152965,0.356903,-0.022706,1.152851,0.355803,-0.022706,1.152851,0.355803,0.017019,-0.003909,-0.037734,0.041578,0.011598,-0.023236,-0.039313,0.047117,1.434182,1.093212,0.914244,-0.007966,-1.458809,-1.741863,0.000000,0.000000,0.000000,0.000000,0.000000,0.000000,-0.123620,-0.644700,0.340134,-0.097120,-0.047040,0.029056,3.0000,2.0000,2.0000,0.0000,4.0000,30.6378,33.9755,33.3188,-11.7635,18.4187,0.775615,0.924269,0.772861
1786594498103999936,2026-08-13T11:14:58.104017,ground_truth,0.072266,0.763000,0.030981,True,,,,,,,,,-0.022241,1.152829,0.354630,-0.022241,1.152829,0.354630,-0.022241,1.152829,0.354630,0.015384,-0.000755,-0.038834,0.041777,0.014343,-0.002042,-0.033931,0.036894,1.434182,1.093212,0.914244,-0.007966,-1.458809,-1.741863,0.000000,0.000000,0.000000,0.000000,0.000000,0.000000,-0.123620,-0.644700,0.340134,-0.097120,-0.047040,0.029056,3.0000,2.0000,2.0000,0.0000,4.0000,30.5790,34.0029,33.3200,-12.0801,18.0436,0.775615,0.924269,0.772861
1786594498136029926,2026-08-13T11:14:58.136045,ground_truth,0.072163,0.767000,0.031260,True,,,,,,,,,-0.022241,1.152829,0.354630,-0.021786,1.152451,0.353605,-0.021786,1.152451,0.353605,0.014608,-0.012121,-0.032904,0.037987,0.014343,-0.002042,-0.033931,0.036894,1.434182,1.093212,0.914244,-0.007966,-1.458809,-1.741863,0.000000,0.000000,0.000000,0.000000,0.000000,0.000000,-0.123620,-0.644700,0.340134,-0.097120,-0.047040,0.029056,3.0000,2.0000,2.0000,0.0000,4.0000,29.5226,34.0064,31.6897,-12.0691,18.7114,0.775615,0.924269,0.772861
1786594498166220507,2026-08-13T11:14:58.166241,ground_truth,0.072628,0.749000,0.027559,True,,,,,,,,,-0.021317,1.151789,0.352770,-0.021317,1.151789,0.352770,-0.021317,1.151789,0.352770,0.014637,-0.020692,-0.026085,0.036371,0.013949,-0.015705,-0.028093,0.035078,1.434182,1.093147,0.918132,-0.007966,-1.458820,-1.741863,0.000000,0.000000,0.090753,0.000000,0.000000,0.000000,-0.119840,-0.924700,0.414419,-0.103680,-0.039904,0.025664,3.0000,2.0000,2.0000,0.0000,4.0000,29.7007,33.9841,31.8042,-12.9577,18.7948,0.775615,0.924269,0.772861
1786594498204654844,2026-08-13T11:14:58.204671,ground_truth,0.069918,0.760000,0.028342,True,,,,,,,,,-0.021317,1.151789,0.352770,-0.020865,1.151069,0.351717,-0.020865,1.151069,0.351717,0.014992,-0.023861,-0.034938,0.044886,0.013949,-0.015705,-0.028093,0.035078,1.434182,1.093134,0.919798,-0.007966,-1.458820,-1.741863,0.000000,0.001744,0.113445,0.000000,0.000000,0.000000,-0.117740,-0.932400,0.414253,-0.103808,-0.039136,0.025664,3.0000,2.0000,2.0000,0.0000,4.0000,29.4757,33.9536,32.9104,-12.1501,18.2676,0.775615,0.924269,0.772861
1786594498238636435,2026-08-13T11:14:58.238659,ground_truth,0.070015,0.756000,0.028057,True,,,,,,,,,-0.020233,1.150552,0.350716,-0.020233,1.150552,0.350716,-0.020233,1.150552,0.350716,0.016373,-0.013388,-0.025906,0.033443,0.016178,-0.018447,-0.030642,0.039255,1.434182,1.093134,0.919798,-0.007966,-1.458820,-1.741863,0.000000,0.001744,0.113445,0.000000,0.000000,0.000000,-0.117740,-0.932400,0.414253,-0.103808,-0.039136,0.025664,3.0000,2.0000,2.0000,0.0000,4.0000,29.7027,33.9486,32.9631,-13.2945,17.8886,0.775615,0.924269,0.772861
1786594498269629063,2026-08-13T11:14:58.269648,ground_truth,0.070015,0.756000,0.028057,True,,,,,,,,,-0.020233,1.150552,0.350716,-0.019774,1.149862,0.350006,-0.019774,1.149862,0.350006,0.013755,-0.020670,-0.021270,0.032694,0.016178,-0.018447,-0.030642,0.039255,1.434182,1.093134,0.919798,-0.007966,-1.458820,-1.741863,0.000000,0.001744,0.113445,0.000000,0.000000,0.000000,-0.117740,-0.932400,0.414253,-0.103808,-0.039136,0.025664,3.0000,2.0000,2.0000,0.0000,4.0000,30.1048,34.2191,33.0377,-12.6903,18.3138,0.775615,0.924269,0.772861
1786594498299805966,2026-08-13T11:14:58.299827,ground_truth,0.070281,0.745000,0.024819,True,,,,,,,,,-0.019314,1.148978,0.349296,-0.019314,1.148978,0.349296,-0.019314,1.148978,0.349296,0.014631,-0.028186,-0.022625,0.038992,0.013790,-0.023643,-0.021323,0.034696,1.434182,1.093134,0.919798,-0.007966,-1.458820,-1.741863,0.000000,0.001744,0.113445,0.000000,0.000000,0.000000,-0.117740,-0.932400,0.414253,-0.103808,-0.039136,0.025664,3.0000,2.0000,2.0000,0.0000,4.0000,30.3373,34.5352,33.8207,-11.1996,19.1500,0.775615,0.924269,0.772861
1786594498331139228,2026-08-13T11:14:58.331162,ground_truth,0.067740,0.749000,0.022662,True,,,,,,,,,-0.019314,1.148978,0.349296,-0.018859,1.148054,0.348400,-0.018859,1.148054,0.348400,0.015049,-0.030541,-0.029624,0.045131,0.013790,-0.023643,-0.021323,0.034696,1.434182,1.093134,0.919798,-0.007966,-1.458820,-1.741863,0.000000,0.001744,0.113445,0.000000,0.000000,0.000000,-0.117740,-0.932400,0.414253,-0.103808,-0.039136,0.025664,3.0000,2.0000,2.0000,0.0000,4.0000,30.5231,34.7033,33.4200,-11.4595,19.1940,0.775615,0.924269,0.772861
1786594498368075866,2026-08-13T11:14:58.368095,ground_truth,0.067740,0.749000,0.022662,True,,,,,,,,,-0.018403,1.146909,0.347504,-0.018403,1.146909,0.347504,-0.018403,1.146909,0.347504,0.014624,-0.036731,-0.028740,0.048878,0.013626,-0.030940,-0.026800,0.043142,1.434182,1.093127,0.921798,-0.007966,-1.458820,-1.741863,0.000000,0.000000,0.135698,0.000000,0.000000,0.000000,-0.117180,-0.933940,0.423881,-0.103968,-0.038080,0.025440,3.0000,2.0000,2.0000,0.0000,4.0000,30.6233,34.8490,33.4300,-11.2683,18.9837,0.775615,0.924269,0.772861
1786594498398170654,2026-08-13T11:14:58.398184,ground_truth,0.065297,0.749000,0.022662,True,,,,,,,,,-0.018403,1.146909,0.347504,-0.017940,1.145934,0.346626,-0.017940,1.145934,0.346626,0.012426,-0.026179,-0.023559,0.037347,0.013626,-0.030940,-0.026800,0.043142,1.434182,1.093127,0.921798,-0.007966,-1.458820,-1.741863,0.000000,0.000000,0.135698,0.000000,0.000000,0.000000,-0.117180,-0.933940,0.423881,-0.103968,-0.038080,0.025440,3.0000,2.0000,2.0000,0.0000,4.0000,31.3588,35.3823,32.2483,-12.6695,19.6316,0.775615,0.924269,0.772861
1786594498434675170,2026-08-13T11:14:58.434694,ground_truth,0.062930,0.745000,0.019909,True,,,,,,,,,-0.017322,1.144778,0.345731,-0.017322,1.144778,0.345731,-0.017322,1.144778,0.345731,0.020616,-0.038492,-0.029846,0.052891,0.016302,-0.032110,-0.026729,0.044847,1.434182,1.093127,0.921798,-0.007966,-1.458820,-1.741863,0.000000,0.000000,0.135698,0.000000,0.000000,0.000000,-0.117180,-0.933940,0.423881,-0.103968,-0.038080,0.025440,3.0000,2.0000,2.0000,0.0000,4.0000,29.9571,34.5268,34.5183,-11.4305,18.8134,0.775615,0.924269,0.772861
1786594498465079544,2026-08-13T11:14:58.465103,ground_truth,0.060533,0.742000,0.019680,True,,,,,,,,,-0.017322,1.144778,0.345731,-0.016551,1.143587,0.344638,-0.016551,1.143587,0.344638,0.021232,-0.032801,-0.030086,0.049314,0.016302,-0.032110,-0.026729,0.044847,1.434182,1.093127,0.921798,-0.007966,-1.458820,-1.741863,0.000000,0.000000,0.135698,0.000000,0.000000,0.000000,-0.117180,-0.933940,0.423881,-0.103968,-0.038080,0.025440,3.0000,2.0000,2.0000,0.0000,4.0000,30.3661,35.0769,34.1807,-10.6909,18.8088,0.775615,0.924269,0.772861
1786594498501630021,2026-08-13T11:14:58.501647,ground_truth,0.060339,0.753000,0.020518,True,,,,,,,,,-0.015614,1.142176,0.343544,-0.015614,1.142176,0.343544,-0.015614,1.142176,0.343544,0.030666,-0.046231,-0.035846,0.066051,0.025764,-0.039275,-0.033003,0.057407,1.434202,1.093866,1.000848,-0.007955,-1.458637,-1.741745,0.000000,0.003489,0.250890,0.000000,0.000000,0.000000,0.007000,-0.914480,0.410269,-0.080320,0.010144,0.012928,3.0000,2.0000,2.0000,0.0000,4.0000,30.4444,35.2943,33.9988,-11.1120,17.6532,0.775615,0.924269,0.772861
1786594498531944617,2026-08-13T11:14:58.531975,ground_truth,0.060339,0.753000,0.020518,True,,,,,,,,,-0.015614,1.142176,0.343544,-0.014831,1.140560,0.342653,-0.014831,1.140560,0.342653,0.021513,-0.044386,-0.024476,0.055063,0.025764,-0.039275,-0.033003,0.057407,1.434202,1.093866,1.000848,-0.007955,-1.458637,-1.741745,0.000000,0.003489,0.250890,0.000000,0.000000,0.000000,0.007000,-0.914480,0.410269,-0.080320,0.010144,0.012928,3.0000,2.0000,2.0000,0.0000,4.0000,30.3853,35.3181,33.8075,-11.4756,17.6633,0.775615,0.924269,0.772861
1786594498564935778,2026-08-13T11:14:58.564951,ground_truth,0.057902,0.753000,0.020518,True,,,,,,,,,-0.015614,1.142176,0.343544,-0.014048,1.139330,0.341762,-0.014048,1.139330,0.341762,0.025557,-0.040135,-0.029075,0.055761,0.025764,-0.039275,-0.033003,0.057407,1.434202,1.093866,1.000848,-0.007955,-1.458637,-1.741745,0.000000,0.003489,0.250890,0.000000,0.000000,0.000000,0.007000,-0.914480,0.410269,-0.080320,0.010144,0.012928,3.0000,2.0000,2.0000,0.0000,4.0000,30.0149,35.2000,33.9712,-12.3568,16.8235,0.775615,0.924269,0.772861
1786594498602046728,2026-08-13T11:14:58.602100,ground_truth,0.055465,0.753000,0.020518,True,,,,,,,,,-0.015614,1.142176,0.343544,-0.013085,1.138178,0.341078,-0.013085,1.138178,0.341078,0.029671,-0.035521,-0.021067,0.050852,0.025764,-0.039275,-0.033003,0.057407,1.434202,1.093866,1.000848,-0.007955,-1.458637,-1.741745,0.000000,0.003489,0.250890,0.000000,0.000000,0.000000,0.007000,-0.914480,0.410269,-0.080320,0.010144,0.012928,3.0000,2.0000,2.0000,0.0000,4.0000,28.4065,34.8522,31.3701,-14.0203,16.1292,0.775615,0.924269,0.772861
1786594498633415101,2026-08-13T11:14:58.633434,ground_truth,0.053129,0.745000,0.019909,True,,,,,,,,,-0.011965,1.137414,0.340381,-0.011965,1.137414,0.340381,-0.011965,1.137414,0.340381,0.029686,-0.020245,-0.018487,0.040409,0.026871,-0.035066,-0.023291,0.049941,1.434195,1.092814,1.027428,-0.007944,-1.458841,-1.741853,0.000000,0.007853,0.145297,0.000000,0.002609,0.000000,-0.070560,-0.907620,0.359556,-0.073536,-0.054560,-0.019200,3.0000,2.0000,2.0000,0.0000,4.0000,29.0687,35.7005,31.3734,-14.2405,16.7030,0.775615,0.924269,0.772861
1786594498666245858,2026-08-13T11:14:58.666267,ground_truth,0.053129,0.745000,0.022364,True,,,,,,,,,-0.011965,1.137414,0.340381,-0.010696,1.136728,0.339624,-0.010696,1.136728,0.339624,0.041565,-0.022474,-0.024787,0.053358,0.026871,-0.035066,-0.023291,0.049941,1.434195,1.092755,1.031815,-0.007944,-1.459035,-1.741906,0.000000,0.000000,0.106025,0.000000,0.002609,0.000000,-0.069720,-0.920640,0.360386,-0.069120,-0.040960,-0.020480,3.0000,2.0000,2.0000,0.0000,4.0000,29.2095,35.8049,31.3866,-14.2890,16.6605,0.775615,0.924269,0.772861
1786594498699923244,2026-08-13T11:14:58.699950,ground_truth,0.053028,0.753000,0.022960,True,,,,,,,,,-0.009397,1.135631,0.339278,-0.009397,1.135631,0.339278,-0.009397,1.135631,0.339278,0.039362,-0.033224,-0.010487,0.052566,0.039766,-0.027606,-0.017075,0.051333,1.434195,1.092755,1.034454,-0.007944,-1.459057,-1.741917,0.000000,0.000000,0.085519,0.000000,0.000000,0.000000,-0.061040,-0.796320,0.361299,-0.068512,-0.035232,-0.016992,3.0000,2.0000,2.0000,0.0000,4.0000,29.2523,35.9488,31.6156,-13.7766,16.6684,0.775615,0.924269,0.772861
1786594498731599800,2026-08-13T11:14:58.731614,ground_truth,0.053167,0.742000,0.024600,True,,,,,,,,,-0.009397,1.135631,0.339278,-0.008271,1.134611,0.338919,-0.008271,1.134611,0.338919,0.033381,-0.030221,-0.010637,0.046268,0.039766,-0.027606,-0.017075,0.051333,1.434195,1.092755,1.034454,-0.007944,-1.459057,-1.741917,0.000000,0.000000,0.085519,0.000000,0.000000,0.000000,-0.061040,-0.796320,0.361299,-0.068512,-0.035232,-0.016992,3.0000,2.0000,2.0000,0.0000,4.0000,29.5661,36.1606,31.5285,-14.3965,16.7090,0.775615,0.924269,0.772861
1786594498764993537,2026-08-13T11:14:58.765008,ground_truth,0.053167,0.742000,0.027060,True,,,,,,,,,-0.007147,1.133821,0.338688,-0.007147,1.133821,0.338688,-0.007147,1.133821,0.338688,0.035368,-0.024894,-0.007258,0.043855,0.033774,-0.027179,-0.008849,0.044246,1.434195,1.092755,1.034454,-0.007944,-1.459057,-1.741917,0.000000,0.000000,0.085519,0.000000,0.000000,0.000000,-0.061040,-0.796320,0.361299,-0.068512,-0.035232,-0.016992,3.0000,2.0000,2.0000,0.0000,4.0000,29.5661,36.1606,31.5285,-14.3965,16.7090,0.775615,0.924269,0.772861
1786594498796842671,2026-08-13T11:14:58.796857,ground_truth,0.053079,0.749000,0.027559,True,,,,,,,,,-0.007147,1.133821,0.338688,-0.006024,1.132916,0.338622,-0.006024,1.132916,0.338622,0.033464,-0.026956,-0.001981,0.043016,0.033774,-0.027179,-0.008849,0.044246,1.434195,1.092755,1.034454,-0.007944,-1.459057,-1.741917,0.000000,0.000000,0.085519,0.000000,0.000000,0.000000,-0.061040,-0.796320,0.361299,-0.068512,-0.035232,-0.016992,3.0000,2.0000,2.0000,0.0000,4.0000,30.0863,36.4640,32.1277,-14.1427,16.7506,0.775615,0.924269,0.772861
1786594498829307740,2026-08-13T11:14:58.829324,ground_truth,0.053167,0.742000,0.029520,True,,,,,,,,,-0.007147,1.133821,0.338688,-0.004877,1.131988,0.338804,-0.004877,1.131988,0.338804,0.036180,-0.029264,0.005763,0.046889,0.033774,-0.027179,-0.008849,0.044246,1.434195,1.093251,1.039072,-0.007934,-1.458895,-1.741896,0.000000,0.006540,0.011339,0.000000,0.002609,0.000000,-0.037100,-0.641340,0.381385,-0.074752,0.035968,0.006752,3.0000,2.0000,2.0000,0.0000,4.0000,30.1497,36.4925,32.4300,-13.9138,16.6238,0.775615,0.924269,0.772861


============================================================
EXPERIMENT METRICS
  File: experiment_GROUND_TRUTH_20260813_111450.csv
  Total samples: 246
  Task completion time: 8.31 s
  Mode: GROUND TRUTH (no prediction metrics)
  --- Trajectory Smoothness (Robot EE) ---
  Mean Jerk (3D): 24.9292 m/s³
      Jerk X: 5.0370 m/s³
      Jerk Y: 21.9208 m/s³
      Jerk Z: 7.1951 m/s³
  Max Jerk (3D): 315.8960 m/s³
  RMS Jerk (3D): 49.6924 m/s³
============================================================
