[0.075s] [34mcolcon[0m [1;30mDEBUG[0m [32mCommand line arguments: ['/usr/bin/colcon', 'build'][0m
[0.075s] [34mcolcon[0m [1;30mDEBUG[0m [32mParsed command line arguments: Namespace(log_base=None, log_level=None, verb_name='build', build_base='build', install_base='install', merge_install=False, symlink_install=False, test_result_base=None, continue_on_error=False, executor='parallel', parallel_workers=16, event_handlers=None, ignore_user_meta=False, metas=['./colcon.meta'], base_paths=['.'], packages_ignore=None, packages_ignore_regex=None, paths=None, packages_up_to=None, packages_up_to_regex=None, packages_above=None, packages_above_and_dependencies=None, packages_above_depth=None, packages_select_by_dep=None, packages_skip_by_dep=None, packages_skip_up_to=None, packages_select_build_failed=False, packages_skip_build_finished=False, packages_select_test_failures=False, packages_skip_test_passed=False, packages_select=None, packages_skip=None, packages_select_regex=None, packages_skip_regex=None, packages_start=None, packages_end=None, allow_overriding=[], cmake_args=None, cmake_target=None, cmake_target_skip_unavailable=False, cmake_clean_cache=False, cmake_clean_first=False, cmake_force_configure=False, ament_cmake_args=None, catkin_cmake_args=None, catkin_skip_building_tests=False, verb_parser=<colcon_defaults.argument_parser.defaults.DefaultArgumentsDecorator object at 0x78f2a4ca5bd0>, verb_extension=<colcon_core.verb.build.BuildVerb object at 0x78f2a4e3af80>, main=<bound method BuildVerb.main of <colcon_core.verb.build.BuildVerb object at 0x78f2a4e3af80>>)[0m
[0.194s] [34mcolcon.colcon_core.package_discovery[0m [1;30mLevel 1[0m discover_packages(colcon_meta) check parameters
[0.194s] [34mcolcon.colcon_core.package_discovery[0m [1;30mLevel 1[0m discover_packages(recursive) check parameters
[0.194s] [34mcolcon.colcon_core.package_discovery[0m [1;30mLevel 1[0m discover_packages(ignore) check parameters
[0.194s] [34mcolcon.colcon_core.package_discovery[0m [1;30mLevel 1[0m discover_packages(path) check parameters
[0.194s] [34mcolcon.colcon_core.package_discovery[0m [1;30mLevel 1[0m discover_packages(colcon_meta) discover
[0.194s] [34mcolcon.colcon_core.package_discovery[0m [1;30mLevel 1[0m discover_packages(recursive) discover
[0.195s] [34mcolcon.colcon_core.package_discovery[0m [1;30mINFO[0m Crawling recursively for packages in '/home/duy/cocarry_ws'
[0.195s] [34mcolcon.colcon_core.package_identification[0m [1;30mLevel 1[0m _identify(.) by extensions ['ignore', 'ignore_ament_install']
[0.195s] [34mcolcon.colcon_core.package_identification[0m [1;30mLevel 1[0m _identify(.) by extension 'ignore'
[0.195s] [34mcolcon.colcon_core.package_identification[0m [1;30mLevel 1[0m _identify(.) by extension 'ignore_ament_install'
[0.195s] [34mcolcon.colcon_core.package_identification[0m [1;30mLevel 1[0m _identify(.) by extensions ['colcon_pkg']
[0.195s] [34mcolcon.colcon_core.package_identification[0m [1;30mLevel 1[0m _identify(.) by extension 'colcon_pkg'
[0.195s] [34mcolcon.colcon_core.package_identification[0m [1;30mLevel 1[0m _identify(.) by extensions ['colcon_meta']
[0.195s] [34mcolcon.colcon_core.package_identification[0m [1;30mLevel 1[0m _identify(.) by extension 'colcon_meta'
[0.195s] [34mcolcon.colcon_core.package_identification[0m [1;30mLevel 1[0m _identify(.) by extensions ['ros']
[0.195s] [34mcolcon.colcon_core.package_identification[0m [1;30mLevel 1[0m _identify(.) by extension 'ros'
[0.206s] [34mcolcon.colcon_core.package_identification[0m [1;30mLevel 1[0m _identify(.) by extensions ['cmake', 'python']
[0.206s] [34mcolcon.colcon_core.package_identification[0m [1;30mLevel 1[0m _identify(.) by extension 'cmake'
[0.206s] [34mcolcon.colcon_core.package_identification[0m [1;30mLevel 1[0m _identify(.) by extension 'python'
[0.206s] [34mcolcon.colcon_core.package_identification[0m [1;30mLevel 1[0m _identify(.) by extensions ['python_setup_py']
[0.206s] [34mcolcon.colcon_core.package_identification[0m [1;30mLevel 1[0m _identify(.) by extension 'python_setup_py'
[0.207s] [34mcolcon.colcon_core.package_identification[0m [1;30mLevel 1[0m _identify(adaptive_weight) by extensions ['ignore', 'ignore_ament_install']
[0.207s] [34mcolcon.colcon_core.package_identification[0m [1;30mLevel 1[0m _identify(adaptive_weight) by extension 'ignore'
[0.207s] [34mcolcon.colcon_core.package_identification[0m [1;30mLevel 1[0m _identify(adaptive_weight) by extension 'ignore_ament_install'
[0.207s] [34mcolcon.colcon_core.package_identification[0m [1;30mLevel 1[0m _identify(adaptive_weight) by extensions ['colcon_pkg']
[0.207s] [34mcolcon.colcon_core.package_identification[0m [1;30mLevel 1[0m _identify(adaptive_weight) by extension 'colcon_pkg'
[0.207s] [34mcolcon.colcon_core.package_identification[0m [1;30mLevel 1[0m _identify(adaptive_weight) by extensions ['colcon_meta']
[0.207s] [34mcolcon.colcon_core.package_identification[0m [1;30mLevel 1[0m _identify(adaptive_weight) by extension 'colcon_meta'
[0.207s] [34mcolcon.colcon_core.package_identification[0m [1;30mLevel 1[0m _identify(adaptive_weight) by extensions ['ros']
[0.207s] [34mcolcon.colcon_core.package_identification[0m [1;30mLevel 1[0m _identify(adaptive_weight) by extension 'ros'
[0.207s] [34mcolcon.colcon_core.package_identification[0m [1;30mLevel 1[0m _identify(adaptive_weight) by extensions ['cmake', 'python']
[0.207s] [34mcolcon.colcon_core.package_identification[0m [1;30mLevel 1[0m _identify(adaptive_weight) by extension 'cmake'
[0.207s] [34mcolcon.colcon_core.package_identification[0m [1;30mLevel 1[0m _identify(adaptive_weight) by extension 'python'
[0.207s] [34mcolcon.colcon_core.package_identification[0m [1;30mLevel 1[0m _identify(adaptive_weight) by extensions ['python_setup_py']
[0.207s] [34mcolcon.colcon_core.package_identification[0m [1;30mLevel 1[0m _identify(adaptive_weight) by extension 'python_setup_py'
[0.207s] [34mcolcon.colcon_core.package_identification[0m [1;30mLevel 1[0m _identify(build) by extensions ['ignore', 'ignore_ament_install']
[0.207s] [34mcolcon.colcon_core.package_identification[0m [1;30mLevel 1[0m _identify(build) by extension 'ignore'
[0.207s] [34mcolcon.colcon_core.package_identification[0m [1;30mLevel 1[0m _identify(build) ignored
[0.207s] [34mcolcon.colcon_core.package_identification[0m [1;30mLevel 1[0m _identify(cocarry_logs) by extensions ['ignore', 'ignore_ament_install']
[0.207s] [34mcolcon.colcon_core.package_identification[0m [1;30mLevel 1[0m _identify(cocarry_logs) by extension 'ignore'
[0.207s] [34mcolcon.colcon_core.package_identification[0m [1;30mLevel 1[0m _identify(cocarry_logs) by extension 'ignore_ament_install'
[0.207s] [34mcolcon.colcon_core.package_identification[0m [1;30mLevel 1[0m _identify(cocarry_logs) by extensions ['colcon_pkg']
[0.207s] [34mcolcon.colcon_core.package_identification[0m [1;30mLevel 1[0m _identify(cocarry_logs) by extension 'colcon_pkg'
[0.207s] [34mcolcon.colcon_core.package_identification[0m [1;30mLevel 1[0m _identify(cocarry_logs) by extensions ['colcon_meta']
[0.207s] [34mcolcon.colcon_core.package_identification[0m [1;30mLevel 1[0m _identify(cocarry_logs) by extension 'colcon_meta'
[0.207s] [34mcolcon.colcon_core.package_identification[0m [1;30mLevel 1[0m _identify(cocarry_logs) by extensions ['ros']
[0.207s] [34mcolcon.colcon_core.package_identification[0m [1;30mLevel 1[0m _identify(cocarry_logs) by extension 'ros'
[0.207s] [34mcolcon.colcon_core.package_identification[0m [1;30mLevel 1[0m _identify(cocarry_logs) by extensions ['cmake', 'python']
[0.207s] [34mcolcon.colcon_core.package_identification[0m [1;30mLevel 1[0m _identify(cocarry_logs) by extension 'cmake'
[0.207s] [34mcolcon.colcon_core.package_identification[0m [1;30mLevel 1[0m _identify(cocarry_logs) by extension 'python'
[0.207s] [34mcolcon.colcon_core.package_identification[0m [1;30mLevel 1[0m _identify(cocarry_logs) by extensions ['python_setup_py']
[0.207s] [34mcolcon.colcon_core.package_identification[0m [1;30mLevel 1[0m _identify(cocarry_logs) by extension 'python_setup_py'
[0.208s] [34mcolcon.colcon_core.package_identification[0m [1;30mLevel 1[0m _identify(cocarry_logs/Bách) by extensions ['ignore', 'ignore_ament_install']
[0.208s] [34mcolcon.colcon_core.package_identification[0m [1;30mLevel 1[0m _identify(cocarry_logs/Bách) by extension 'ignore'
[0.208s] [34mcolcon.colcon_core.package_identification[0m [1;30mLevel 1[0m _identify(cocarry_logs/Bách) by extension 'ignore_ament_install'
[0.208s] [34mcolcon.colcon_core.package_identification[0m [1;30mLevel 1[0m _identify(cocarry_logs/Bách) by extensions ['colcon_pkg']
[0.208s] [34mcolcon.colcon_core.package_identification[0m [1;30mLevel 1[0m _identify(cocarry_logs/Bách) by extension 'colcon_pkg'
[0.208s] [34mcolcon.colcon_core.package_identification[0m [1;30mLevel 1[0m _identify(cocarry_logs/Bách) by extensions ['colcon_meta']
[0.208s] [34mcolcon.colcon_core.package_identification[0m [1;30mLevel 1[0m _identify(cocarry_logs/Bách) by extension 'colcon_meta'
[0.208s] [34mcolcon.colcon_core.package_identification[0m [1;30mLevel 1[0m _identify(cocarry_logs/Bách) by extensions ['ros']
[0.208s] [34mcolcon.colcon_core.package_identification[0m [1;30mLevel 1[0m _identify(cocarry_logs/Bách) by extension 'ros'
[0.208s] [34mcolcon.colcon_core.package_identification[0m [1;30mLevel 1[0m _identify(cocarry_logs/Bách) by extensions ['cmake', 'python']
[0.208s] [34mcolcon.colcon_core.package_identification[0m [1;30mLevel 1[0m _identify(cocarry_logs/Bách) by extension 'cmake'
[0.208s] [34mcolcon.colcon_core.package_identification[0m [1;30mLevel 1[0m _identify(cocarry_logs/Bách) by extension 'python'
[0.208s] [34mcolcon.colcon_core.package_identification[0m [1;30mLevel 1[0m _identify(cocarry_logs/Bách) by extensions ['python_setup_py']
[0.208s] [34mcolcon.colcon_core.package_identification[0m [1;30mLevel 1[0m _identify(cocarry_logs/Bách) by extension 'python_setup_py'
[0.208s] [34mcolcon.colcon_core.package_identification[0m [1;30mLevel 1[0m _identify(cocarry_logs/Duy) by extensions ['ignore', 'ignore_ament_install']
[0.208s] [34mcolcon.colcon_core.package_identification[0m [1;30mLevel 1[0m _identify(cocarry_logs/Duy) by extension 'ignore'
[0.208s] [34mcolcon.colcon_core.package_identification[0m [1;30mLevel 1[0m _identify(cocarry_logs/Duy) by extension 'ignore_ament_install'
[0.208s] [34mcolcon.colcon_core.package_identification[0m [1;30mLevel 1[0m _identify(cocarry_logs/Duy) by extensions ['colcon_pkg']
[0.208s] [34mcolcon.colcon_core.package_identification[0m [1;30mLevel 1[0m _identify(cocarry_logs/Duy) by extension 'colcon_pkg'
[0.208s] [34mcolcon.colcon_core.package_identification[0m [1;30mLevel 1[0m _identify(cocarry_logs/Duy) by extensions ['colcon_meta']
[0.208s] [34mcolcon.colcon_core.package_identification[0m [1;30mLevel 1[0m _identify(cocarry_logs/Duy) by extension 'colcon_meta'
[0.208s] [34mcolcon.colcon_core.package_identification[0m [1;30mLevel 1[0m _identify(cocarry_logs/Duy) by extensions ['ros']
[0.208s] [34mcolcon.colcon_core.package_identification[0m [1;30mLevel 1[0m _identify(cocarry_logs/Duy) by extension 'ros'
[0.208s] [34mcolcon.colcon_core.package_identification[0m [1;30mLevel 1[0m _identify(cocarry_logs/Duy) by extensions ['cmake', 'python']
[0.208s] [34mcolcon.colcon_core.package_identification[0m [1;30mLevel 1[0m _identify(cocarry_logs/Duy) by extension 'cmake'
[0.208s] [34mcolcon.colcon_core.package_identification[0m [1;30mLevel 1[0m _identify(cocarry_logs/Duy) by extension 'python'
[0.208s] [34mcolcon.colcon_core.package_identification[0m [1;30mLevel 1[0m _identify(cocarry_logs/Duy) by extensions ['python_setup_py']
[0.208s] [34mcolcon.colcon_core.package_identification[0m [1;30mLevel 1[0m _identify(cocarry_logs/Duy) by extension 'python_setup_py'
[0.208s] [34mcolcon.colcon_core.package_identification[0m [1;30mLevel 1[0m _identify(cocarry_logs/Long) by extensions ['ignore', 'ignore_ament_install']
[0.208s] [34mcolcon.colcon_core.package_identification[0m [1;30mLevel 1[0m _identify(cocarry_logs/Long) by extension 'ignore'
[0.208s] [34mcolcon.colcon_core.package_identification[0m [1;30mLevel 1[0m _identify(cocarry_logs/Long) by extension 'ignore_ament_install'
[0.208s] [34mcolcon.colcon_core.package_identification[0m [1;30mLevel 1[0m _identify(cocarry_logs/Long) by extensions ['colcon_pkg']
[0.208s] [34mcolcon.colcon_core.package_identification[0m [1;30mLevel 1[0m _identify(cocarry_logs/Long) by extension 'colcon_pkg'
[0.208s] [34mcolcon.colcon_core.package_identification[0m [1;30mLevel 1[0m _identify(cocarry_logs/Long) by extensions ['colcon_meta']
[0.208s] [34mcolcon.colcon_core.package_identification[0m [1;30mLevel 1[0m _identify(cocarry_logs/Long) by extension 'colcon_meta'
[0.209s] [34mcolcon.colcon_core.package_identification[0m [1;30mLevel 1[0m _identify(cocarry_logs/Long) by extensions ['ros']
[0.209s] [34mcolcon.colcon_core.package_identification[0m [1;30mLevel 1[0m _identify(cocarry_logs/Long) by extension 'ros'
[0.209s] [34mcolcon.colcon_core.package_identification[0m [1;30mLevel 1[0m _identify(cocarry_logs/Long) by extensions ['cmake', 'python']
[0.209s] [34mcolcon.colcon_core.package_identification[0m [1;30mLevel 1[0m _identify(cocarry_logs/Long) by extension 'cmake'
[0.209s] [34mcolcon.colcon_core.package_identification[0m [1;30mLevel 1[0m _identify(cocarry_logs/Long) by extension 'python'
[0.209s] [34mcolcon.colcon_core.package_identification[0m [1;30mLevel 1[0m _identify(cocarry_logs/Long) by extensions ['python_setup_py']
[0.209s] [34mcolcon.colcon_core.package_identification[0m [1;30mLevel 1[0m _identify(cocarry_logs/Long) by extension 'python_setup_py'
[0.209s] [34mcolcon.colcon_core.package_identification[0m [1;30mLevel 1[0m _identify(cocarry_logs/Lộc) by extensions ['ignore', 'ignore_ament_install']
[0.209s] [34mcolcon.colcon_core.package_identification[0m [1;30mLevel 1[0m _identify(cocarry_logs/Lộc) by extension 'ignore'
[0.209s] [34mcolcon.colcon_core.package_identification[0m [1;30mLevel 1[0m _identify(cocarry_logs/Lộc) by extension 'ignore_ament_install'
[0.209s] [34mcolcon.colcon_core.package_identification[0m [1;30mLevel 1[0m _identify(cocarry_logs/Lộc) by extensions ['colcon_pkg']
[0.209s] [34mcolcon.colcon_core.package_identification[0m [1;30mLevel 1[0m _identify(cocarry_logs/Lộc) by extension 'colcon_pkg'
[0.209s] [34mcolcon.colcon_core.package_identification[0m [1;30mLevel 1[0m _identify(cocarry_logs/Lộc) by extensions ['colcon_meta']
[0.209s] [34mcolcon.colcon_core.package_identification[0m [1;30mLevel 1[0m _identify(cocarry_logs/Lộc) by extension 'colcon_meta'
[0.209s] [34mcolcon.colcon_core.package_identification[0m [1;30mLevel 1[0m _identify(cocarry_logs/Lộc) by extensions ['ros']
[0.209s] [34mcolcon.colcon_core.package_identification[0m [1;30mLevel 1[0m _identify(cocarry_logs/Lộc) by extension 'ros'
[0.209s] [34mcolcon.colcon_core.package_identification[0m [1;30mLevel 1[0m _identify(cocarry_logs/Lộc) by extensions ['cmake', 'python']
[0.209s] [34mcolcon.colcon_core.package_identification[0m [1;30mLevel 1[0m _identify(cocarry_logs/Lộc) by extension 'cmake'
[0.209s] [34mcolcon.colcon_core.package_identification[0m [1;30mLevel 1[0m _identify(cocarry_logs/Lộc) by extension 'python'
[0.209s] [34mcolcon.colcon_core.package_identification[0m [1;30mLevel 1[0m _identify(cocarry_logs/Lộc) by extensions ['python_setup_py']
[0.209s] [34mcolcon.colcon_core.package_identification[0m [1;30mLevel 1[0m _identify(cocarry_logs/Lộc) by extension 'python_setup_py'
[0.209s] [34mcolcon.colcon_core.package_identification[0m [1;30mLevel 1[0m _identify(cocarry_logs/Minh) by extensions ['ignore', 'ignore_ament_install']
[0.209s] [34mcolcon.colcon_core.package_identification[0m [1;30mLevel 1[0m _identify(cocarry_logs/Minh) by extension 'ignore'
[0.209s] [34mcolcon.colcon_core.package_identification[0m [1;30mLevel 1[0m _identify(cocarry_logs/Minh) by extension 'ignore_ament_install'
[0.209s] [34mcolcon.colcon_core.package_identification[0m [1;30mLevel 1[0m _identify(cocarry_logs/Minh) by extensions ['colcon_pkg']
[0.209s] [34mcolcon.colcon_core.package_identification[0m [1;30mLevel 1[0m _identify(cocarry_logs/Minh) by extension 'colcon_pkg'
[0.209s] [34mcolcon.colcon_core.package_identification[0m [1;30mLevel 1[0m _identify(cocarry_logs/Minh) by extensions ['colcon_meta']
[0.209s] [34mcolcon.colcon_core.package_identification[0m [1;30mLevel 1[0m _identify(cocarry_logs/Minh) by extension 'colcon_meta'
[0.209s] [34mcolcon.colcon_core.package_identification[0m [1;30mLevel 1[0m _identify(cocarry_logs/Minh) by extensions ['ros']
[0.209s] [34mcolcon.colcon_core.package_identification[0m [1;30mLevel 1[0m _identify(cocarry_logs/Minh) by extension 'ros'
[0.209s] [34mcolcon.colcon_core.package_identification[0m [1;30mLevel 1[0m _identify(cocarry_logs/Minh) by extensions ['cmake', 'python']
[0.210s] [34mcolcon.colcon_core.package_identification[0m [1;30mLevel 1[0m _identify(cocarry_logs/Minh) by extension 'cmake'
[0.210s] [34mcolcon.colcon_core.package_identification[0m [1;30mLevel 1[0m _identify(cocarry_logs/Minh) by extension 'python'
[0.210s] [34mcolcon.colcon_core.package_identification[0m [1;30mLevel 1[0m _identify(cocarry_logs/Minh) by extensions ['python_setup_py']
[0.210s] [34mcolcon.colcon_core.package_identification[0m [1;30mLevel 1[0m _identify(cocarry_logs/Minh) by extension 'python_setup_py'
[0.210s] [34mcolcon.colcon_core.package_identification[0m [1;30mLevel 1[0m _identify(cocarry_logs/Nam) by extensions ['ignore', 'ignore_ament_install']
[0.210s] [34mcolcon.colcon_core.package_identification[0m [1;30mLevel 1[0m _identify(cocarry_logs/Nam) by extension 'ignore'
[0.210s] [34mcolcon.colcon_core.package_identification[0m [1;30mLevel 1[0m _identify(cocarry_logs/Nam) by extension 'ignore_ament_install'
[0.210s] [34mcolcon.colcon_core.package_identification[0m [1;30mLevel 1[0m _identify(cocarry_logs/Nam) by extensions ['colcon_pkg']
[0.210s] [34mcolcon.colcon_core.package_identification[0m [1;30mLevel 1[0m _identify(cocarry_logs/Nam) by extension 'colcon_pkg'
[0.210s] [34mcolcon.colcon_core.package_identification[0m [1;30mLevel 1[0m _identify(cocarry_logs/Nam) by extensions ['colcon_meta']
[0.210s] [34mcolcon.colcon_core.package_identification[0m [1;30mLevel 1[0m _identify(cocarry_logs/Nam) by extension 'colcon_meta'
[0.210s] [34mcolcon.colcon_core.package_identification[0m [1;30mLevel 1[0m _identify(cocarry_logs/Nam) by extensions ['ros']
[0.210s] [34mcolcon.colcon_core.package_identification[0m [1;30mLevel 1[0m _identify(cocarry_logs/Nam) by extension 'ros'
[0.210s] [34mcolcon.colcon_core.package_identification[0m [1;30mLevel 1[0m _identify(cocarry_logs/Nam) by extensions ['cmake', 'python']
[0.210s] [34mcolcon.colcon_core.package_identification[0m [1;30mLevel 1[0m _identify(cocarry_logs/Nam) by extension 'cmake'
[0.210s] [34mcolcon.colcon_core.package_identification[0m [1;30mLevel 1[0m _identify(cocarry_logs/Nam) by extension 'python'
[0.210s] [34mcolcon.colcon_core.package_identification[0m [1;30mLevel 1[0m _identify(cocarry_logs/Nam) by extensions ['python_setup_py']
[0.210s] [34mcolcon.colcon_core.package_identification[0m [1;30mLevel 1[0m _identify(cocarry_logs/Nam) by extension 'python_setup_py'
[0.210s] [34mcolcon.colcon_core.package_identification[0m [1;30mLevel 1[0m _identify(cocarry_logs/Phong) by extensions ['ignore', 'ignore_ament_install']
[0.210s] [34mcolcon.colcon_core.package_identification[0m [1;30mLevel 1[0m _identify(cocarry_logs/Phong) by extension 'ignore'
[0.210s] [34mcolcon.colcon_core.package_identification[0m [1;30mLevel 1[0m _identify(cocarry_logs/Phong) by extension 'ignore_ament_install'
[0.210s] [34mcolcon.colcon_core.package_identification[0m [1;30mLevel 1[0m _identify(cocarry_logs/Phong) by extensions ['colcon_pkg']
[0.210s] [34mcolcon.colcon_core.package_identification[0m [1;30mLevel 1[0m _identify(cocarry_logs/Phong) by extension 'colcon_pkg'
[0.210s] [34mcolcon.colcon_core.package_identification[0m [1;30mLevel 1[0m _identify(cocarry_logs/Phong) by extensions ['colcon_meta']
[0.210s] [34mcolcon.colcon_core.package_identification[0m [1;30mLevel 1[0m _identify(cocarry_logs/Phong) by extension 'colcon_meta'
[0.210s] [34mcolcon.colcon_core.package_identification[0m [1;30mLevel 1[0m _identify(cocarry_logs/Phong) by extensions ['ros']
[0.210s] [34mcolcon.colcon_core.package_identification[0m [1;30mLevel 1[0m _identify(cocarry_logs/Phong) by extension 'ros'
[0.210s] [34mcolcon.colcon_core.package_identification[0m [1;30mLevel 1[0m _identify(cocarry_logs/Phong) by extensions ['cmake', 'python']
[0.210s] [34mcolcon.colcon_core.package_identification[0m [1;30mLevel 1[0m _identify(cocarry_logs/Phong) by extension 'cmake'
[0.210s] [34mcolcon.colcon_core.package_identification[0m [1;30mLevel 1[0m _identify(cocarry_logs/Phong) by extension 'python'
[0.210s] [34mcolcon.colcon_core.package_identification[0m [1;30mLevel 1[0m _identify(cocarry_logs/Phong) by extensions ['python_setup_py']
[0.210s] [34mcolcon.colcon_core.package_identification[0m [1;30mLevel 1[0m _identify(cocarry_logs/Phong) by extension 'python_setup_py'
[0.211s] [34mcolcon.colcon_core.package_identification[0m [1;30mLevel 1[0m _identify(cocarry_logs/Phát) by extensions ['ignore', 'ignore_ament_install']
[0.211s] [34mcolcon.colcon_core.package_identification[0m [1;30mLevel 1[0m _identify(cocarry_logs/Phát) by extension 'ignore'
[0.211s] [34mcolcon.colcon_core.package_identification[0m [1;30mLevel 1[0m _identify(cocarry_logs/Phát) by extension 'ignore_ament_install'
[0.211s] [34mcolcon.colcon_core.package_identification[0m [1;30mLevel 1[0m _identify(cocarry_logs/Phát) by extensions ['colcon_pkg']
[0.211s] [34mcolcon.colcon_core.package_identification[0m [1;30mLevel 1[0m _identify(cocarry_logs/Phát) by extension 'colcon_pkg'
[0.211s] [34mcolcon.colcon_core.package_identification[0m [1;30mLevel 1[0m _identify(cocarry_logs/Phát) by extensions ['colcon_meta']
[0.211s] [34mcolcon.colcon_core.package_identification[0m [1;30mLevel 1[0m _identify(cocarry_logs/Phát) by extension 'colcon_meta'
[0.211s] [34mcolcon.colcon_core.package_identification[0m [1;30mLevel 1[0m _identify(cocarry_logs/Phát) by extensions ['ros']
[0.211s] [34mcolcon.colcon_core.package_identification[0m [1;30mLevel 1[0m _identify(cocarry_logs/Phát) by extension 'ros'
[0.211s] [34mcolcon.colcon_core.package_identification[0m [1;30mLevel 1[0m _identify(cocarry_logs/Phát) by extensions ['cmake', 'python']
[0.211s] [34mcolcon.colcon_core.package_identification[0m [1;30mLevel 1[0m _identify(cocarry_logs/Phát) by extension 'cmake'
[0.211s] [34mcolcon.colcon_core.package_identification[0m [1;30mLevel 1[0m _identify(cocarry_logs/Phát) by extension 'python'
[0.211s] [34mcolcon.colcon_core.package_identification[0m [1;30mLevel 1[0m _identify(cocarry_logs/Phát) by extensions ['python_setup_py']
[0.211s] [34mcolcon.colcon_core.package_identification[0m [1;30mLevel 1[0m _identify(cocarry_logs/Phát) by extension 'python_setup_py'
[0.211s] [34mcolcon.colcon_core.package_identification[0m [1;30mLevel 1[0m _identify(cocarry_logs/Tuấn) by extensions ['ignore', 'ignore_ament_install']
[0.211s] [34mcolcon.colcon_core.package_identification[0m [1;30mLevel 1[0m _identify(cocarry_logs/Tuấn) by extension 'ignore'
[0.211s] [34mcolcon.colcon_core.package_identification[0m [1;30mLevel 1[0m _identify(cocarry_logs/Tuấn) by extension 'ignore_ament_install'
[0.211s] [34mcolcon.colcon_core.package_identification[0m [1;30mLevel 1[0m _identify(cocarry_logs/Tuấn) by extensions ['colcon_pkg']
[0.211s] [34mcolcon.colcon_core.package_identification[0m [1;30mLevel 1[0m _identify(cocarry_logs/Tuấn) by extension 'colcon_pkg'
[0.211s] [34mcolcon.colcon_core.package_identification[0m [1;30mLevel 1[0m _identify(cocarry_logs/Tuấn) by extensions ['colcon_meta']
[0.211s] [34mcolcon.colcon_core.package_identification[0m [1;30mLevel 1[0m _identify(cocarry_logs/Tuấn) by extension 'colcon_meta'
[0.211s] [34mcolcon.colcon_core.package_identification[0m [1;30mLevel 1[0m _identify(cocarry_logs/Tuấn) by extensions ['ros']
[0.211s] [34mcolcon.colcon_core.package_identification[0m [1;30mLevel 1[0m _identify(cocarry_logs/Tuấn) by extension 'ros'
[0.211s] [34mcolcon.colcon_core.package_identification[0m [1;30mLevel 1[0m _identify(cocarry_logs/Tuấn) by extensions ['cmake', 'python']
[0.211s] [34mcolcon.colcon_core.package_identification[0m [1;30mLevel 1[0m _identify(cocarry_logs/Tuấn) by extension 'cmake'
[0.211s] [34mcolcon.colcon_core.package_identification[0m [1;30mLevel 1[0m _identify(cocarry_logs/Tuấn) by extension 'python'
[0.211s] [34mcolcon.colcon_core.package_identification[0m [1;30mLevel 1[0m _identify(cocarry_logs/Tuấn) by extensions ['python_setup_py']
[0.211s] [34mcolcon.colcon_core.package_identification[0m [1;30mLevel 1[0m _identify(cocarry_logs/Tuấn) by extension 'python_setup_py'
[0.212s] [34mcolcon.colcon_core.package_identification[0m [1;30mLevel 1[0m _identify(cocarry_logs/ros_log) by extensions ['ignore', 'ignore_ament_install']
[0.212s] [34mcolcon.colcon_core.package_identification[0m [1;30mLevel 1[0m _identify(cocarry_logs/ros_log) by extension 'ignore'
[0.212s] [34mcolcon.colcon_core.package_identification[0m [1;30mLevel 1[0m _identify(cocarry_logs/ros_log) by extension 'ignore_ament_install'
[0.212s] [34mcolcon.colcon_core.package_identification[0m [1;30mLevel 1[0m _identify(cocarry_logs/ros_log) by extensions ['colcon_pkg']
[0.212s] [34mcolcon.colcon_core.package_identification[0m [1;30mLevel 1[0m _identify(cocarry_logs/ros_log) by extension 'colcon_pkg'
[0.212s] [34mcolcon.colcon_core.package_identification[0m [1;30mLevel 1[0m _identify(cocarry_logs/ros_log) by extensions ['colcon_meta']
[0.212s] [34mcolcon.colcon_core.package_identification[0m [1;30mLevel 1[0m _identify(cocarry_logs/ros_log) by extension 'colcon_meta'
[0.212s] [34mcolcon.colcon_core.package_identification[0m [1;30mLevel 1[0m _identify(cocarry_logs/ros_log) by extensions ['ros']
[0.212s] [34mcolcon.colcon_core.package_identification[0m [1;30mLevel 1[0m _identify(cocarry_logs/ros_log) by extension 'ros'
[0.212s] [34mcolcon.colcon_core.package_identification[0m [1;30mLevel 1[0m _identify(cocarry_logs/ros_log) by extensions ['cmake', 'python']
[0.212s] [34mcolcon.colcon_core.package_identification[0m [1;30mLevel 1[0m _identify(cocarry_logs/ros_log) by extension 'cmake'
[0.212s] [34mcolcon.colcon_core.package_identification[0m [1;30mLevel 1[0m _identify(cocarry_logs/ros_log) by extension 'python'
[0.212s] [34mcolcon.colcon_core.package_identification[0m [1;30mLevel 1[0m _identify(cocarry_logs/ros_log) by extensions ['python_setup_py']
[0.212s] [34mcolcon.colcon_core.package_identification[0m [1;30mLevel 1[0m _identify(cocarry_logs/ros_log) by extension 'python_setup_py'
[0.212s] [34mcolcon.colcon_core.package_identification[0m [1;30mLevel 1[0m _identify(cocarry_logs/Đức) by extensions ['ignore', 'ignore_ament_install']
[0.212s] [34mcolcon.colcon_core.package_identification[0m [1;30mLevel 1[0m _identify(cocarry_logs/Đức) by extension 'ignore'
[0.212s] [34mcolcon.colcon_core.package_identification[0m [1;30mLevel 1[0m _identify(cocarry_logs/Đức) by extension 'ignore_ament_install'
[0.212s] [34mcolcon.colcon_core.package_identification[0m [1;30mLevel 1[0m _identify(cocarry_logs/Đức) by extensions ['colcon_pkg']
[0.212s] [34mcolcon.colcon_core.package_identification[0m [1;30mLevel 1[0m _identify(cocarry_logs/Đức) by extension 'colcon_pkg'
[0.212s] [34mcolcon.colcon_core.package_identification[0m [1;30mLevel 1[0m _identify(cocarry_logs/Đức) by extensions ['colcon_meta']
[0.212s] [34mcolcon.colcon_core.package_identification[0m [1;30mLevel 1[0m _identify(cocarry_logs/Đức) by extension 'colcon_meta'
[0.212s] [34mcolcon.colcon_core.package_identification[0m [1;30mLevel 1[0m _identify(cocarry_logs/Đức) by extensions ['ros']
[0.212s] [34mcolcon.colcon_core.package_identification[0m [1;30mLevel 1[0m _identify(cocarry_logs/Đức) by extension 'ros'
[0.212s] [34mcolcon.colcon_core.package_identification[0m [1;30mLevel 1[0m _identify(cocarry_logs/Đức) by extensions ['cmake', 'python']
[0.213s] [34mcolcon.colcon_core.package_identification[0m [1;30mLevel 1[0m _identify(cocarry_logs/Đức) by extension 'cmake'
[0.213s] [34mcolcon.colcon_core.package_identification[0m [1;30mLevel 1[0m _identify(cocarry_logs/Đức) by extension 'python'
[0.213s] [34mcolcon.colcon_core.package_identification[0m [1;30mLevel 1[0m _identify(cocarry_logs/Đức) by extensions ['python_setup_py']
[0.213s] [34mcolcon.colcon_core.package_identification[0m [1;30mLevel 1[0m _identify(cocarry_logs/Đức) by extension 'python_setup_py'
[0.213s] [34mcolcon.colcon_core.package_identification[0m [1;30mLevel 1[0m _identify(docs) by extensions ['ignore', 'ignore_ament_install']
[0.213s] [34mcolcon.colcon_core.package_identification[0m [1;30mLevel 1[0m _identify(docs) by extension 'ignore'
[0.213s] [34mcolcon.colcon_core.package_identification[0m [1;30mLevel 1[0m _identify(docs) by extension 'ignore_ament_install'
[0.213s] [34mcolcon.colcon_core.package_identification[0m [1;30mLevel 1[0m _identify(docs) by extensions ['colcon_pkg']
[0.213s] [34mcolcon.colcon_core.package_identification[0m [1;30mLevel 1[0m _identify(docs) by extension 'colcon_pkg'
[0.213s] [34mcolcon.colcon_core.package_identification[0m [1;30mLevel 1[0m _identify(docs) by extensions ['colcon_meta']
[0.213s] [34mcolcon.colcon_core.package_identification[0m [1;30mLevel 1[0m _identify(docs) by extension 'colcon_meta'
[0.213s] [34mcolcon.colcon_core.package_identification[0m [1;30mLevel 1[0m _identify(docs) by extensions ['ros']
[0.213s] [34mcolcon.colcon_core.package_identification[0m [1;30mLevel 1[0m _identify(docs) by extension 'ros'
[0.213s] [34mcolcon.colcon_core.package_identification[0m [1;30mLevel 1[0m _identify(docs) by extensions ['cmake', 'python']
[0.213s] [34mcolcon.colcon_core.package_identification[0m [1;30mLevel 1[0m _identify(docs) by extension 'cmake'
[0.213s] [34mcolcon.colcon_core.package_identification[0m [1;30mLevel 1[0m _identify(docs) by extension 'python'
[0.213s] [34mcolcon.colcon_core.package_identification[0m [1;30mLevel 1[0m _identify(docs) by extensions ['python_setup_py']
[0.213s] [34mcolcon.colcon_core.package_identification[0m [1;30mLevel 1[0m _identify(docs) by extension 'python_setup_py'
[0.213s] [34mcolcon.colcon_core.package_identification[0m [1;30mLevel 1[0m _identify(install) by extensions ['ignore', 'ignore_ament_install']
[0.213s] [34mcolcon.colcon_core.package_identification[0m [1;30mLevel 1[0m _identify(install) by extension 'ignore'
[0.213s] [34mcolcon.colcon_core.package_identification[0m [1;30mLevel 1[0m _identify(install) ignored
[0.213s] [34mcolcon.colcon_core.package_identification[0m [1;30mLevel 1[0m _identify(libfreenect2) by extensions ['ignore', 'ignore_ament_install']
[0.214s] [34mcolcon.colcon_core.package_identification[0m [1;30mLevel 1[0m _identify(libfreenect2) by extension 'ignore'
[0.214s] [34mcolcon.colcon_core.package_identification[0m [1;30mLevel 1[0m _identify(libfreenect2) by extension 'ignore_ament_install'
[0.214s] [34mcolcon.colcon_core.package_identification[0m [1;30mLevel 1[0m _identify(libfreenect2) by extensions ['colcon_pkg']
[0.214s] [34mcolcon.colcon_core.package_identification[0m [1;30mLevel 1[0m _identify(libfreenect2) by extension 'colcon_pkg'
[0.214s] [34mcolcon.colcon_core.package_identification[0m [1;30mLevel 1[0m _identify(libfreenect2) by extensions ['colcon_meta']
[0.214s] [34mcolcon.colcon_core.package_identification[0m [1;30mLevel 1[0m _identify(libfreenect2) by extension 'colcon_meta'
[0.214s] [34mcolcon.colcon_core.package_identification[0m [1;30mLevel 1[0m _identify(libfreenect2) by extensions ['ros']
[0.214s] [34mcolcon.colcon_core.package_identification[0m [1;30mLevel 1[0m _identify(libfreenect2) by extension 'ros'
[0.214s] [34mcolcon.colcon_core.package_identification[0m [1;30mLevel 1[0m _identify(libfreenect2) by extensions ['cmake', 'python']
[0.214s] [34mcolcon.colcon_core.package_identification[0m [1;30mLevel 1[0m _identify(libfreenect2) by extension 'cmake'
[0.223s] [34mcolcon.colcon_core.package_identification[0m [1;30mLevel 1[0m _identify(libfreenect2) by extension 'python'
[0.224s] [34mcolcon.colcon_core.package_identification[0m [1;30mDEBUG[0m [32mPackage 'libfreenect2' with type 'cmake' and name 'libfreenect2'[0m
[0.224s] [34mcolcon.colcon_core.package_identification[0m [1;30mLevel 1[0m _identify(log) by extensions ['ignore', 'ignore_ament_install']
[0.224s] [34mcolcon.colcon_core.package_identification[0m [1;30mLevel 1[0m _identify(log) by extension 'ignore'
[0.224s] [34mcolcon.colcon_core.package_identification[0m [1;30mLevel 1[0m _identify(log) ignored
[0.224s] [34mcolcon.colcon_core.package_identification[0m [1;30mLevel 1[0m _identify(log_temp) by extensions ['ignore', 'ignore_ament_install']
[0.224s] [34mcolcon.colcon_core.package_identification[0m [1;30mLevel 1[0m _identify(log_temp) by extension 'ignore'
[0.225s] [34mcolcon.colcon_core.package_identification[0m [1;30mLevel 1[0m _identify(log_temp) by extension 'ignore_ament_install'
[0.225s] [34mcolcon.colcon_core.package_identification[0m [1;30mLevel 1[0m _identify(log_temp) by extensions ['colcon_pkg']
[0.225s] [34mcolcon.colcon_core.package_identification[0m [1;30mLevel 1[0m _identify(log_temp) by extension 'colcon_pkg'
[0.225s] [34mcolcon.colcon_core.package_identification[0m [1;30mLevel 1[0m _identify(log_temp) by extensions ['colcon_meta']
[0.225s] [34mcolcon.colcon_core.package_identification[0m [1;30mLevel 1[0m _identify(log_temp) by extension 'colcon_meta'
[0.225s] [34mcolcon.colcon_core.package_identification[0m [1;30mLevel 1[0m _identify(log_temp) by extensions ['ros']
[0.225s] [34mcolcon.colcon_core.package_identification[0m [1;30mLevel 1[0m _identify(log_temp) by extension 'ros'
[0.225s] [34mcolcon.colcon_core.package_identification[0m [1;30mLevel 1[0m _identify(log_temp) by extensions ['cmake', 'python']
[0.225s] [34mcolcon.colcon_core.package_identification[0m [1;30mLevel 1[0m _identify(log_temp) by extension 'cmake'
[0.225s] [34mcolcon.colcon_core.package_identification[0m [1;30mLevel 1[0m _identify(log_temp) by extension 'python'
[0.225s] [34mcolcon.colcon_core.package_identification[0m [1;30mLevel 1[0m _identify(log_temp) by extensions ['python_setup_py']
[0.225s] [34mcolcon.colcon_core.package_identification[0m [1;30mLevel 1[0m _identify(log_temp) by extension 'python_setup_py'
[0.225s] [34mcolcon.colcon_core.package_identification[0m [1;30mLevel 1[0m _identify(ros_log) by extensions ['ignore', 'ignore_ament_install']
[0.225s] [34mcolcon.colcon_core.package_identification[0m [1;30mLevel 1[0m _identify(ros_log) by extension 'ignore'
[0.225s] [34mcolcon.colcon_core.package_identification[0m [1;30mLevel 1[0m _identify(ros_log) by extension 'ignore_ament_install'
[0.225s] [34mcolcon.colcon_core.package_identification[0m [1;30mLevel 1[0m _identify(ros_log) by extensions ['colcon_pkg']
[0.225s] [34mcolcon.colcon_core.package_identification[0m [1;30mLevel 1[0m _identify(ros_log) by extension 'colcon_pkg'
[0.225s] [34mcolcon.colcon_core.package_identification[0m [1;30mLevel 1[0m _identify(ros_log) by extensions ['colcon_meta']
[0.225s] [34mcolcon.colcon_core.package_identification[0m [1;30mLevel 1[0m _identify(ros_log) by extension 'colcon_meta'
[0.225s] [34mcolcon.colcon_core.package_identification[0m [1;30mLevel 1[0m _identify(ros_log) by extensions ['ros']
[0.226s] [34mcolcon.colcon_core.package_identification[0m [1;30mLevel 1[0m _identify(ros_log) by extension 'ros'
[0.226s] [34mcolcon.colcon_core.package_identification[0m [1;30mLevel 1[0m _identify(ros_log) by extensions ['cmake', 'python']
[0.226s] [34mcolcon.colcon_core.package_identification[0m [1;30mLevel 1[0m _identify(ros_log) by extension 'cmake'
[0.226s] [34mcolcon.colcon_core.package_identification[0m [1;30mLevel 1[0m _identify(ros_log) by extension 'python'
[0.226s] [34mcolcon.colcon_core.package_identification[0m [1;30mLevel 1[0m _identify(ros_log) by extensions ['python_setup_py']
[0.226s] [34mcolcon.colcon_core.package_identification[0m [1;30mLevel 1[0m _identify(ros_log) by extension 'python_setup_py'
[0.226s] [34mcolcon.colcon_core.package_identification[0m [1;30mLevel 1[0m _identify(src) by extensions ['ignore', 'ignore_ament_install']
[0.226s] [34mcolcon.colcon_core.package_identification[0m [1;30mLevel 1[0m _identify(src) by extension 'ignore'
[0.226s] [34mcolcon.colcon_core.package_identification[0m [1;30mLevel 1[0m _identify(src) by extension 'ignore_ament_install'
[0.226s] [34mcolcon.colcon_core.package_identification[0m [1;30mLevel 1[0m _identify(src) by extensions ['colcon_pkg']
[0.226s] [34mcolcon.colcon_core.package_identification[0m [1;30mLevel 1[0m _identify(src) by extension 'colcon_pkg'
[0.226s] [34mcolcon.colcon_core.package_identification[0m [1;30mLevel 1[0m _identify(src) by extensions ['colcon_meta']
[0.226s] [34mcolcon.colcon_core.package_identification[0m [1;30mLevel 1[0m _identify(src) by extension 'colcon_meta'
[0.226s] [34mcolcon.colcon_core.package_identification[0m [1;30mLevel 1[0m _identify(src) by extensions ['ros']
[0.226s] [34mcolcon.colcon_core.package_identification[0m [1;30mLevel 1[0m _identify(src) by extension 'ros'
[0.226s] [34mcolcon.colcon_core.package_identification[0m [1;30mLevel 1[0m _identify(src) by extensions ['cmake', 'python']
[0.226s] [34mcolcon.colcon_core.package_identification[0m [1;30mLevel 1[0m _identify(src) by extension 'cmake'
[0.226s] [34mcolcon.colcon_core.package_identification[0m [1;30mLevel 1[0m _identify(src) by extension 'python'
[0.226s] [34mcolcon.colcon_core.package_identification[0m [1;30mLevel 1[0m _identify(src) by extensions ['python_setup_py']
[0.226s] [34mcolcon.colcon_core.package_identification[0m [1;30mLevel 1[0m _identify(src) by extension 'python_setup_py'
[0.227s] [34mcolcon.colcon_core.package_identification[0m [1;30mLevel 1[0m _identify(src/GRU-Model) by extensions ['ignore', 'ignore_ament_install']
[0.227s] [34mcolcon.colcon_core.package_identification[0m [1;30mLevel 1[0m _identify(src/GRU-Model) by extension 'ignore'
[0.227s] [34mcolcon.colcon_core.package_identification[0m [1;30mLevel 1[0m _identify(src/GRU-Model) by extension 'ignore_ament_install'
[0.227s] [34mcolcon.colcon_core.package_identification[0m [1;30mLevel 1[0m _identify(src/GRU-Model) by extensions ['colcon_pkg']
[0.227s] [34mcolcon.colcon_core.package_identification[0m [1;30mLevel 1[0m _identify(src/GRU-Model) by extension 'colcon_pkg'
[0.227s] [34mcolcon.colcon_core.package_identification[0m [1;30mLevel 1[0m _identify(src/GRU-Model) by extensions ['colcon_meta']
[0.227s] [34mcolcon.colcon_core.package_identification[0m [1;30mLevel 1[0m _identify(src/GRU-Model) by extension 'colcon_meta'
[0.227s] [34mcolcon.colcon_core.package_identification[0m [1;30mLevel 1[0m _identify(src/GRU-Model) by extensions ['ros']
[0.227s] [34mcolcon.colcon_core.package_identification[0m [1;30mLevel 1[0m _identify(src/GRU-Model) by extension 'ros'
[0.227s] [34mcolcon.colcon_core.package_identification[0m [1;30mLevel 1[0m _identify(src/GRU-Model) by extensions ['cmake', 'python']
[0.227s] [34mcolcon.colcon_core.package_identification[0m [1;30mLevel 1[0m _identify(src/GRU-Model) by extension 'cmake'
[0.227s] [34mcolcon.colcon_core.package_identification[0m [1;30mLevel 1[0m _identify(src/GRU-Model) by extension 'python'
[0.227s] [34mcolcon.colcon_core.package_identification[0m [1;30mLevel 1[0m _identify(src/GRU-Model) by extensions ['python_setup_py']
[0.227s] [34mcolcon.colcon_core.package_identification[0m [1;30mLevel 1[0m _identify(src/GRU-Model) by extension 'python_setup_py'
[0.227s] [34mcolcon.colcon_core.package_identification[0m [1;30mLevel 1[0m _identify(src/GRU-Model/Best_Autoregressive) by extensions ['ignore', 'ignore_ament_install']
[0.227s] [34mcolcon.colcon_core.package_identification[0m [1;30mLevel 1[0m _identify(src/GRU-Model/Best_Autoregressive) by extension 'ignore'
[0.227s] [34mcolcon.colcon_core.package_identification[0m [1;30mLevel 1[0m _identify(src/GRU-Model/Best_Autoregressive) by extension 'ignore_ament_install'
[0.227s] [34mcolcon.colcon_core.package_identification[0m [1;30mLevel 1[0m _identify(src/GRU-Model/Best_Autoregressive) by extensions ['colcon_pkg']
[0.227s] [34mcolcon.colcon_core.package_identification[0m [1;30mLevel 1[0m _identify(src/GRU-Model/Best_Autoregressive) by extension 'colcon_pkg'
[0.227s] [34mcolcon.colcon_core.package_identification[0m [1;30mLevel 1[0m _identify(src/GRU-Model/Best_Autoregressive) by extensions ['colcon_meta']
[0.228s] [34mcolcon.colcon_core.package_identification[0m [1;30mLevel 1[0m _identify(src/GRU-Model/Best_Autoregressive) by extension 'colcon_meta'
[0.228s] [34mcolcon.colcon_core.package_identification[0m [1;30mLevel 1[0m _identify(src/GRU-Model/Best_Autoregressive) by extensions ['ros']
[0.228s] [34mcolcon.colcon_core.package_identification[0m [1;30mLevel 1[0m _identify(src/GRU-Model/Best_Autoregressive) by extension 'ros'
[0.228s] [34mcolcon.colcon_core.package_identification[0m [1;30mLevel 1[0m _identify(src/GRU-Model/Best_Autoregressive) by extensions ['cmake', 'python']
[0.228s] [34mcolcon.colcon_core.package_identification[0m [1;30mLevel 1[0m _identify(src/GRU-Model/Best_Autoregressive) by extension 'cmake'
[0.228s] [34mcolcon.colcon_core.package_identification[0m [1;30mLevel 1[0m _identify(src/GRU-Model/Best_Autoregressive) by extension 'python'
[0.228s] [34mcolcon.colcon_core.package_identification[0m [1;30mLevel 1[0m _identify(src/GRU-Model/Best_Autoregressive) by extensions ['python_setup_py']
[0.228s] [34mcolcon.colcon_core.package_identification[0m [1;30mLevel 1[0m _identify(src/GRU-Model/Best_Autoregressive) by extension 'python_setup_py'
[0.228s] [34mcolcon.colcon_core.package_identification[0m [1;30mLevel 1[0m _identify(src/coord_transform) by extensions ['ignore', 'ignore_ament_install']
[0.228s] [34mcolcon.colcon_core.package_identification[0m [1;30mLevel 1[0m _identify(src/coord_transform) by extension 'ignore'
[0.228s] [34mcolcon.colcon_core.package_identification[0m [1;30mLevel 1[0m _identify(src/coord_transform) by extension 'ignore_ament_install'
[0.228s] [34mcolcon.colcon_core.package_identification[0m [1;30mLevel 1[0m _identify(src/coord_transform) by extensions ['colcon_pkg']
[0.228s] [34mcolcon.colcon_core.package_identification[0m [1;30mLevel 1[0m _identify(src/coord_transform) by extension 'colcon_pkg'
[0.228s] [34mcolcon.colcon_core.package_identification[0m [1;30mLevel 1[0m _identify(src/coord_transform) by extensions ['colcon_meta']
[0.228s] [34mcolcon.colcon_core.package_identification[0m [1;30mLevel 1[0m _identify(src/coord_transform) by extension 'colcon_meta'
[0.228s] [34mcolcon.colcon_core.package_identification[0m [1;30mLevel 1[0m _identify(src/coord_transform) by extensions ['ros']
[0.228s] [34mcolcon.colcon_core.package_identification[0m [1;30mLevel 1[0m _identify(src/coord_transform) by extension 'ros'
[0.231s] [34mcolcon.colcon_core.package_identification[0m [1;30mDEBUG[0m [32mPackage 'src/coord_transform' with type 'ros.ament_python' and name 'coord_transform'[0m
[0.232s] [34mcolcon.colcon_core.package_identification[0m [1;30mLevel 1[0m _identify(src/experiment_logger) by extensions ['ignore', 'ignore_ament_install']
[0.232s] [34mcolcon.colcon_core.package_identification[0m [1;30mLevel 1[0m _identify(src/experiment_logger) by extension 'ignore'
[0.232s] [34mcolcon.colcon_core.package_identification[0m [1;30mLevel 1[0m _identify(src/experiment_logger) by extension 'ignore_ament_install'
[0.232s] [34mcolcon.colcon_core.package_identification[0m [1;30mLevel 1[0m _identify(src/experiment_logger) by extensions ['colcon_pkg']
[0.232s] [34mcolcon.colcon_core.package_identification[0m [1;30mLevel 1[0m _identify(src/experiment_logger) by extension 'colcon_pkg'
[0.232s] [34mcolcon.colcon_core.package_identification[0m [1;30mLevel 1[0m _identify(src/experiment_logger) by extensions ['colcon_meta']
[0.232s] [34mcolcon.colcon_core.package_identification[0m [1;30mLevel 1[0m _identify(src/experiment_logger) by extension 'colcon_meta'
[0.232s] [34mcolcon.colcon_core.package_identification[0m [1;30mLevel 1[0m _identify(src/experiment_logger) by extensions ['ros']
[0.232s] [34mcolcon.colcon_core.package_identification[0m [1;30mLevel 1[0m _identify(src/experiment_logger) by extension 'ros'
[0.233s] [34mcolcon.colcon_core.package_identification[0m [1;30mDEBUG[0m [32mPackage 'src/experiment_logger' with type 'ros.ament_python' and name 'experiment_logger'[0m
[0.233s] [34mcolcon.colcon_core.package_identification[0m [1;30mLevel 1[0m _identify(src/hc10dtp_bringup) by extensions ['ignore', 'ignore_ament_install']
[0.233s] [34mcolcon.colcon_core.package_identification[0m [1;30mLevel 1[0m _identify(src/hc10dtp_bringup) by extension 'ignore'
[0.233s] [34mcolcon.colcon_core.package_identification[0m [1;30mLevel 1[0m _identify(src/hc10dtp_bringup) by extension 'ignore_ament_install'
[0.233s] [34mcolcon.colcon_core.package_identification[0m [1;30mLevel 1[0m _identify(src/hc10dtp_bringup) by extensions ['colcon_pkg']
[0.233s] [34mcolcon.colcon_core.package_identification[0m [1;30mLevel 1[0m _identify(src/hc10dtp_bringup) by extension 'colcon_pkg'
[0.233s] [34mcolcon.colcon_core.package_identification[0m [1;30mLevel 1[0m _identify(src/hc10dtp_bringup) by extensions ['colcon_meta']
[0.233s] [34mcolcon.colcon_core.package_identification[0m [1;30mLevel 1[0m _identify(src/hc10dtp_bringup) by extension 'colcon_meta'
[0.233s] [34mcolcon.colcon_core.package_identification[0m [1;30mLevel 1[0m _identify(src/hc10dtp_bringup) by extensions ['ros']
[0.233s] [34mcolcon.colcon_core.package_identification[0m [1;30mLevel 1[0m _identify(src/hc10dtp_bringup) by extension 'ros'
[0.234s] [34mcolcon.colcon_core.package_identification[0m [1;30mDEBUG[0m [32mPackage 'src/hc10dtp_bringup' with type 'ros.ament_cmake' and name 'hc10dtp_bringup'[0m
[0.234s] [34mcolcon.colcon_core.package_identification[0m [1;30mLevel 1[0m _identify(src/hc10dtp_moveit_config) by extensions ['ignore', 'ignore_ament_install']
[0.234s] [34mcolcon.colcon_core.package_identification[0m [1;30mLevel 1[0m _identify(src/hc10dtp_moveit_config) by extension 'ignore'
[0.234s] [34mcolcon.colcon_core.package_identification[0m [1;30mLevel 1[0m _identify(src/hc10dtp_moveit_config) by extension 'ignore_ament_install'
[0.234s] [34mcolcon.colcon_core.package_identification[0m [1;30mLevel 1[0m _identify(src/hc10dtp_moveit_config) by extensions ['colcon_pkg']
[0.234s] [34mcolcon.colcon_core.package_identification[0m [1;30mLevel 1[0m _identify(src/hc10dtp_moveit_config) by extension 'colcon_pkg'
[0.234s] [34mcolcon.colcon_core.package_identification[0m [1;30mLevel 1[0m _identify(src/hc10dtp_moveit_config) by extensions ['colcon_meta']
[0.234s] [34mcolcon.colcon_core.package_identification[0m [1;30mLevel 1[0m _identify(src/hc10dtp_moveit_config) by extension 'colcon_meta'
[0.234s] [34mcolcon.colcon_core.package_identification[0m [1;30mLevel 1[0m _identify(src/hc10dtp_moveit_config) by extensions ['ros']
[0.234s] [34mcolcon.colcon_core.package_identification[0m [1;30mLevel 1[0m _identify(src/hc10dtp_moveit_config) by extension 'ros'
[0.235s] [34mcolcon.colcon_core.package_identification[0m [1;30mDEBUG[0m [32mPackage 'src/hc10dtp_moveit_config' with type 'ros.ament_cmake' and name 'hc10dtp_moveit_config'[0m
[0.235s] [34mcolcon.colcon_core.package_identification[0m [1;30mLevel 1[0m _identify(src/hc10dtp_simulation) by extensions ['ignore', 'ignore_ament_install']
[0.235s] [34mcolcon.colcon_core.package_identification[0m [1;30mLevel 1[0m _identify(src/hc10dtp_simulation) by extension 'ignore'
[0.235s] [34mcolcon.colcon_core.package_identification[0m [1;30mLevel 1[0m _identify(src/hc10dtp_simulation) by extension 'ignore_ament_install'
[0.235s] [34mcolcon.colcon_core.package_identification[0m [1;30mLevel 1[0m _identify(src/hc10dtp_simulation) by extensions ['colcon_pkg']
[0.235s] [34mcolcon.colcon_core.package_identification[0m [1;30mLevel 1[0m _identify(src/hc10dtp_simulation) by extension 'colcon_pkg'
[0.236s] [34mcolcon.colcon_core.package_identification[0m [1;30mLevel 1[0m _identify(src/hc10dtp_simulation) by extensions ['colcon_meta']
[0.236s] [34mcolcon.colcon_core.package_identification[0m [1;30mLevel 1[0m _identify(src/hc10dtp_simulation) by extension 'colcon_meta'
[0.236s] [34mcolcon.colcon_core.package_identification[0m [1;30mLevel 1[0m _identify(src/hc10dtp_simulation) by extensions ['ros']
[0.236s] [34mcolcon.colcon_core.package_identification[0m [1;30mLevel 1[0m _identify(src/hc10dtp_simulation) by extension 'ros'
[0.236s] [34mcolcon.colcon_core.package_identification[0m [1;30mDEBUG[0m [32mPackage 'src/hc10dtp_simulation' with type 'ros.ament_cmake' and name 'hc10dtp_simulation'[0m
[0.237s] [34mcolcon.colcon_core.package_identification[0m [1;30mLevel 1[0m _identify(src/hrc_bringup) by extensions ['ignore', 'ignore_ament_install']
[0.237s] [34mcolcon.colcon_core.package_identification[0m [1;30mLevel 1[0m _identify(src/hrc_bringup) by extension 'ignore'
[0.237s] [34mcolcon.colcon_core.package_identification[0m [1;30mLevel 1[0m _identify(src/hrc_bringup) by extension 'ignore_ament_install'
[0.237s] [34mcolcon.colcon_core.package_identification[0m [1;30mLevel 1[0m _identify(src/hrc_bringup) by extensions ['colcon_pkg']
[0.237s] [34mcolcon.colcon_core.package_identification[0m [1;30mLevel 1[0m _identify(src/hrc_bringup) by extension 'colcon_pkg'
[0.237s] [34mcolcon.colcon_core.package_identification[0m [1;30mLevel 1[0m _identify(src/hrc_bringup) by extensions ['colcon_meta']
[0.237s] [34mcolcon.colcon_core.package_identification[0m [1;30mLevel 1[0m _identify(src/hrc_bringup) by extension 'colcon_meta'
[0.237s] [34mcolcon.colcon_core.package_identification[0m [1;30mLevel 1[0m _identify(src/hrc_bringup) by extensions ['ros']
[0.237s] [34mcolcon.colcon_core.package_identification[0m [1;30mLevel 1[0m _identify(src/hrc_bringup) by extension 'ros'
[0.237s] [34mcolcon.colcon_core.package_identification[0m [1;30mDEBUG[0m [32mPackage 'src/hrc_bringup' with type 'ros.ament_cmake' and name 'hrc_bringup'[0m
[0.238s] [34mcolcon.colcon_core.package_identification[0m [1;30mLevel 1[0m _identify(src/human_hand_msgs) by extensions ['ignore', 'ignore_ament_install']
[0.238s] [34mcolcon.colcon_core.package_identification[0m [1;30mLevel 1[0m _identify(src/human_hand_msgs) by extension 'ignore'
[0.238s] [34mcolcon.colcon_core.package_identification[0m [1;30mLevel 1[0m _identify(src/human_hand_msgs) by extension 'ignore_ament_install'
[0.238s] [34mcolcon.colcon_core.package_identification[0m [1;30mLevel 1[0m _identify(src/human_hand_msgs) by extensions ['colcon_pkg']
[0.238s] [34mcolcon.colcon_core.package_identification[0m [1;30mLevel 1[0m _identify(src/human_hand_msgs) by extension 'colcon_pkg'
[0.238s] [34mcolcon.colcon_core.package_identification[0m [1;30mLevel 1[0m _identify(src/human_hand_msgs) by extensions ['colcon_meta']
[0.238s] [34mcolcon.colcon_core.package_identification[0m [1;30mLevel 1[0m _identify(src/human_hand_msgs) by extension 'colcon_meta'
[0.238s] [34mcolcon.colcon_core.package_identification[0m [1;30mLevel 1[0m _identify(src/human_hand_msgs) by extensions ['ros']
[0.238s] [34mcolcon.colcon_core.package_identification[0m [1;30mLevel 1[0m _identify(src/human_hand_msgs) by extension 'ros'
[0.238s] [34mcolcon.colcon_core.package_identification[0m [1;30mDEBUG[0m [32mPackage 'src/human_hand_msgs' with type 'ros.catkin' and name 'human_hand_msgs'[0m
[0.239s] [34mcolcon.colcon_core.package_identification[0m [1;30mLevel 1[0m _identify(src/kinect2_ros2) by extensions ['ignore', 'ignore_ament_install']
[0.239s] [34mcolcon.colcon_core.package_identification[0m [1;30mLevel 1[0m _identify(src/kinect2_ros2) by extension 'ignore'
[0.239s] [34mcolcon.colcon_core.package_identification[0m [1;30mLevel 1[0m _identify(src/kinect2_ros2) by extension 'ignore_ament_install'
[0.239s] [34mcolcon.colcon_core.package_identification[0m [1;30mLevel 1[0m _identify(src/kinect2_ros2) by extensions ['colcon_pkg']
[0.239s] [34mcolcon.colcon_core.package_identification[0m [1;30mLevel 1[0m _identify(src/kinect2_ros2) by extension 'colcon_pkg'
[0.239s] [34mcolcon.colcon_core.package_identification[0m [1;30mLevel 1[0m _identify(src/kinect2_ros2) by extensions ['colcon_meta']
[0.239s] [34mcolcon.colcon_core.package_identification[0m [1;30mLevel 1[0m _identify(src/kinect2_ros2) by extension 'colcon_meta'
[0.239s] [34mcolcon.colcon_core.package_identification[0m [1;30mLevel 1[0m _identify(src/kinect2_ros2) by extensions ['ros']
[0.239s] [34mcolcon.colcon_core.package_identification[0m [1;30mLevel 1[0m _identify(src/kinect2_ros2) by extension 'ros'
[0.239s] [34mcolcon.colcon_core.package_identification[0m [1;30mLevel 1[0m _identify(src/kinect2_ros2) by extensions ['cmake', 'python']
[0.239s] [34mcolcon.colcon_core.package_identification[0m [1;30mLevel 1[0m _identify(src/kinect2_ros2) by extension 'cmake'
[0.239s] [34mcolcon.colcon_core.package_identification[0m [1;30mLevel 1[0m _identify(src/kinect2_ros2) by extension 'python'
[0.239s] [34mcolcon.colcon_core.package_identification[0m [1;30mLevel 1[0m _identify(src/kinect2_ros2) by extensions ['python_setup_py']
[0.239s] [34mcolcon.colcon_core.package_identification[0m [1;30mLevel 1[0m _identify(src/kinect2_ros2) by extension 'python_setup_py'
[0.239s] [34mcolcon.colcon_core.package_identification[0m [1;30mLevel 1[0m _identify(src/kinect2_ros2/kinect2_bridge) by extensions ['ignore', 'ignore_ament_install']
[0.239s] [34mcolcon.colcon_core.package_identification[0m [1;30mLevel 1[0m _identify(src/kinect2_ros2/kinect2_bridge) by extension 'ignore'
[0.239s] [34mcolcon.colcon_core.package_identification[0m [1;30mLevel 1[0m _identify(src/kinect2_ros2/kinect2_bridge) by extension 'ignore_ament_install'
[0.239s] [34mcolcon.colcon_core.package_identification[0m [1;30mLevel 1[0m _identify(src/kinect2_ros2/kinect2_bridge) by extensions ['colcon_pkg']
[0.239s] [34mcolcon.colcon_core.package_identification[0m [1;30mLevel 1[0m _identify(src/kinect2_ros2/kinect2_bridge) by extension 'colcon_pkg'
[0.239s] [34mcolcon.colcon_core.package_identification[0m [1;30mLevel 1[0m _identify(src/kinect2_ros2/kinect2_bridge) by extensions ['colcon_meta']
[0.239s] [34mcolcon.colcon_core.package_identification[0m [1;30mLevel 1[0m _identify(src/kinect2_ros2/kinect2_bridge) by extension 'colcon_meta'
[0.240s] [34mcolcon.colcon_core.package_identification[0m [1;30mLevel 1[0m _identify(src/kinect2_ros2/kinect2_bridge) by extensions ['ros']
[0.240s] [34mcolcon.colcon_core.package_identification[0m [1;30mLevel 1[0m _identify(src/kinect2_ros2/kinect2_bridge) by extension 'ros'
[0.240s] [34mcolcon.colcon_core.package_identification[0m [1;30mDEBUG[0m [32mPackage 'src/kinect2_ros2/kinect2_bridge' with type 'ros.ament_cmake' and name 'kinect2_bridge'[0m
[0.241s] [34mcolcon.colcon_core.package_identification[0m [1;30mLevel 1[0m _identify(src/kinect2_ros2/kinect2_calibration) by extensions ['ignore', 'ignore_ament_install']
[0.241s] [34mcolcon.colcon_core.package_identification[0m [1;30mLevel 1[0m _identify(src/kinect2_ros2/kinect2_calibration) by extension 'ignore'
[0.241s] [34mcolcon.colcon_core.package_identification[0m [1;30mLevel 1[0m _identify(src/kinect2_ros2/kinect2_calibration) by extension 'ignore_ament_install'
[0.241s] [34mcolcon.colcon_core.package_identification[0m [1;30mLevel 1[0m _identify(src/kinect2_ros2/kinect2_calibration) by extensions ['colcon_pkg']
[0.241s] [34mcolcon.colcon_core.package_identification[0m [1;30mLevel 1[0m _identify(src/kinect2_ros2/kinect2_calibration) by extension 'colcon_pkg'
[0.241s] [34mcolcon.colcon_core.package_identification[0m [1;30mLevel 1[0m _identify(src/kinect2_ros2/kinect2_calibration) by extensions ['colcon_meta']
[0.241s] [34mcolcon.colcon_core.package_identification[0m [1;30mLevel 1[0m _identify(src/kinect2_ros2/kinect2_calibration) by extension 'colcon_meta'
[0.241s] [34mcolcon.colcon_core.package_identification[0m [1;30mLevel 1[0m _identify(src/kinect2_ros2/kinect2_calibration) by extensions ['ros']
[0.241s] [34mcolcon.colcon_core.package_identification[0m [1;30mLevel 1[0m _identify(src/kinect2_ros2/kinect2_calibration) by extension 'ros'
[0.242s] [34mcolcon.colcon_core.package_identification[0m [1;30mDEBUG[0m [32mPackage 'src/kinect2_ros2/kinect2_calibration' with type 'ros.ament_cmake' and name 'kinect2_calibration'[0m
[0.242s] [34mcolcon.colcon_core.package_identification[0m [1;30mLevel 1[0m _identify(src/kinect2_ros2/kinect2_registration) by extensions ['ignore', 'ignore_ament_install']
[0.242s] [34mcolcon.colcon_core.package_identification[0m [1;30mLevel 1[0m _identify(src/kinect2_ros2/kinect2_registration) by extension 'ignore'
[0.242s] [34mcolcon.colcon_core.package_identification[0m [1;30mLevel 1[0m _identify(src/kinect2_ros2/kinect2_registration) by extension 'ignore_ament_install'
[0.242s] [34mcolcon.colcon_core.package_identification[0m [1;30mLevel 1[0m _identify(src/kinect2_ros2/kinect2_registration) by extensions ['colcon_pkg']
[0.242s] [34mcolcon.colcon_core.package_identification[0m [1;30mLevel 1[0m _identify(src/kinect2_ros2/kinect2_registration) by extension 'colcon_pkg'
[0.242s] [34mcolcon.colcon_core.package_identification[0m [1;30mLevel 1[0m _identify(src/kinect2_ros2/kinect2_registration) by extensions ['colcon_meta']
[0.242s] [34mcolcon.colcon_core.package_identification[0m [1;30mLevel 1[0m _identify(src/kinect2_ros2/kinect2_registration) by extension 'colcon_meta'
[0.242s] [34mcolcon.colcon_core.package_identification[0m [1;30mLevel 1[0m _identify(src/kinect2_ros2/kinect2_registration) by extensions ['ros']
[0.242s] [34mcolcon.colcon_core.package_identification[0m [1;30mLevel 1[0m _identify(src/kinect2_ros2/kinect2_registration) by extension 'ros'
[0.243s] [34mcolcon.colcon_core.package_identification[0m [1;30mDEBUG[0m [32mPackage 'src/kinect2_ros2/kinect2_registration' with type 'ros.ament_cmake' and name 'kinect2_registration'[0m
[0.243s] [34mcolcon.colcon_core.package_identification[0m [1;30mLevel 1[0m _identify(src/motoman_ros2_support_packages) by extensions ['ignore', 'ignore_ament_install']
[0.243s] [34mcolcon.colcon_core.package_identification[0m [1;30mLevel 1[0m _identify(src/motoman_ros2_support_packages) by extension 'ignore'
[0.244s] [34mcolcon.colcon_core.package_identification[0m [1;30mLevel 1[0m _identify(src/motoman_ros2_support_packages) by extension 'ignore_ament_install'
[0.244s] [34mcolcon.colcon_core.package_identification[0m [1;30mLevel 1[0m _identify(src/motoman_ros2_support_packages) by extensions ['colcon_pkg']
[0.244s] [34mcolcon.colcon_core.package_identification[0m [1;30mLevel 1[0m _identify(src/motoman_ros2_support_packages) by extension 'colcon_pkg'
[0.244s] [34mcolcon.colcon_core.package_identification[0m [1;30mLevel 1[0m _identify(src/motoman_ros2_support_packages) by extensions ['colcon_meta']
[0.244s] [34mcolcon.colcon_core.package_identification[0m [1;30mLevel 1[0m _identify(src/motoman_ros2_support_packages) by extension 'colcon_meta'
[0.244s] [34mcolcon.colcon_core.package_identification[0m [1;30mLevel 1[0m _identify(src/motoman_ros2_support_packages) by extensions ['ros']
[0.244s] [34mcolcon.colcon_core.package_identification[0m [1;30mLevel 1[0m _identify(src/motoman_ros2_support_packages) by extension 'ros'
[0.244s] [34mcolcon.colcon_core.package_identification[0m [1;30mLevel 1[0m _identify(src/motoman_ros2_support_packages) by extensions ['cmake', 'python']
[0.244s] [34mcolcon.colcon_core.package_identification[0m [1;30mLevel 1[0m _identify(src/motoman_ros2_support_packages) by extension 'cmake'
[0.244s] [34mcolcon.colcon_core.package_identification[0m [1;30mLevel 1[0m _identify(src/motoman_ros2_support_packages) by extension 'python'
[0.244s] [34mcolcon.colcon_core.package_identification[0m [1;30mLevel 1[0m _identify(src/motoman_ros2_support_packages) by extensions ['python_setup_py']
[0.244s] [34mcolcon.colcon_core.package_identification[0m [1;30mLevel 1[0m _identify(src/motoman_ros2_support_packages) by extension 'python_setup_py'
[0.244s] [34mcolcon.colcon_core.package_identification[0m [1;30mLevel 1[0m _identify(src/motoman_ros2_support_packages/motoman_gp4_support) by extensions ['ignore', 'ignore_ament_install']
[0.244s] [34mcolcon.colcon_core.package_identification[0m [1;30mLevel 1[0m _identify(src/motoman_ros2_support_packages/motoman_gp4_support) by extension 'ignore'
[0.244s] [34mcolcon.colcon_core.package_identification[0m [1;30mLevel 1[0m _identify(src/motoman_ros2_support_packages/motoman_gp4_support) by extension 'ignore_ament_install'
[0.244s] [34mcolcon.colcon_core.package_identification[0m [1;30mLevel 1[0m _identify(src/motoman_ros2_support_packages/motoman_gp4_support) by extensions ['colcon_pkg']
[0.244s] [34mcolcon.colcon_core.package_identification[0m [1;30mLevel 1[0m _identify(src/motoman_ros2_support_packages/motoman_gp4_support) by extension 'colcon_pkg'
[0.244s] [34mcolcon.colcon_core.package_identification[0m [1;30mLevel 1[0m _identify(src/motoman_ros2_support_packages/motoman_gp4_support) by extensions ['colcon_meta']
[0.244s] [34mcolcon.colcon_core.package_identification[0m [1;30mLevel 1[0m _identify(src/motoman_ros2_support_packages/motoman_gp4_support) by extension 'colcon_meta'
[0.244s] [34mcolcon.colcon_core.package_identification[0m [1;30mLevel 1[0m _identify(src/motoman_ros2_support_packages/motoman_gp4_support) by extensions ['ros']
[0.244s] [34mcolcon.colcon_core.package_identification[0m [1;30mLevel 1[0m _identify(src/motoman_ros2_support_packages/motoman_gp4_support) by extension 'ros'
[0.245s] [34mcolcon.colcon_core.package_identification[0m [1;30mDEBUG[0m [32mPackage 'src/motoman_ros2_support_packages/motoman_gp4_support' with type 'ros.ament_cmake' and name 'motoman_gp4_support'[0m
[0.245s] [34mcolcon.colcon_core.package_identification[0m [1;30mLevel 1[0m _identify(src/motoman_ros2_support_packages/motoman_hc10dtp_support) by extensions ['ignore', 'ignore_ament_install']
[0.245s] [34mcolcon.colcon_core.package_identification[0m [1;30mLevel 1[0m _identify(src/motoman_ros2_support_packages/motoman_hc10dtp_support) by extension 'ignore'
[0.245s] [34mcolcon.colcon_core.package_identification[0m [1;30mLevel 1[0m _identify(src/motoman_ros2_support_packages/motoman_hc10dtp_support) by extension 'ignore_ament_install'
[0.245s] [34mcolcon.colcon_core.package_identification[0m [1;30mLevel 1[0m _identify(src/motoman_ros2_support_packages/motoman_hc10dtp_support) by extensions ['colcon_pkg']
[0.245s] [34mcolcon.colcon_core.package_identification[0m [1;30mLevel 1[0m _identify(src/motoman_ros2_support_packages/motoman_hc10dtp_support) by extension 'colcon_pkg'
[0.245s] [34mcolcon.colcon_core.package_identification[0m [1;30mLevel 1[0m _identify(src/motoman_ros2_support_packages/motoman_hc10dtp_support) by extensions ['colcon_meta']
[0.245s] [34mcolcon.colcon_core.package_identification[0m [1;30mLevel 1[0m _identify(src/motoman_ros2_support_packages/motoman_hc10dtp_support) by extension 'colcon_meta'
[0.245s] [34mcolcon.colcon_core.package_identification[0m [1;30mLevel 1[0m _identify(src/motoman_ros2_support_packages/motoman_hc10dtp_support) by extensions ['ros']
[0.245s] [34mcolcon.colcon_core.package_identification[0m [1;30mLevel 1[0m _identify(src/motoman_ros2_support_packages/motoman_hc10dtp_support) by extension 'ros'
[0.246s] [34mcolcon.colcon_core.package_identification[0m [1;30mDEBUG[0m [32mPackage 'src/motoman_ros2_support_packages/motoman_hc10dtp_support' with type 'ros.ament_cmake' and name 'motoman_hc10dtp_support'[0m
[0.246s] [34mcolcon.colcon_core.package_identification[0m [1;30mLevel 1[0m _identify(src/motoman_ros2_support_packages/motoman_resources) by extensions ['ignore', 'ignore_ament_install']
[0.246s] [34mcolcon.colcon_core.package_identification[0m [1;30mLevel 1[0m _identify(src/motoman_ros2_support_packages/motoman_resources) by extension 'ignore'
[0.246s] [34mcolcon.colcon_core.package_identification[0m [1;30mLevel 1[0m _identify(src/motoman_ros2_support_packages/motoman_resources) by extension 'ignore_ament_install'
[0.246s] [34mcolcon.colcon_core.package_identification[0m [1;30mLevel 1[0m _identify(src/motoman_ros2_support_packages/motoman_resources) by extensions ['colcon_pkg']
[0.246s] [34mcolcon.colcon_core.package_identification[0m [1;30mLevel 1[0m _identify(src/motoman_ros2_support_packages/motoman_resources) by extension 'colcon_pkg'
[0.246s] [34mcolcon.colcon_core.package_identification[0m [1;30mLevel 1[0m _identify(src/motoman_ros2_support_packages/motoman_resources) by extensions ['colcon_meta']
[0.246s] [34mcolcon.colcon_core.package_identification[0m [1;30mLevel 1[0m _identify(src/motoman_ros2_support_packages/motoman_resources) by extension 'colcon_meta'
[0.247s] [34mcolcon.colcon_core.package_identification[0m [1;30mLevel 1[0m _identify(src/motoman_ros2_support_packages/motoman_resources) by extensions ['ros']
[0.247s] [34mcolcon.colcon_core.package_identification[0m [1;30mLevel 1[0m _identify(src/motoman_ros2_support_packages/motoman_resources) by extension 'ros'
[0.247s] [34mcolcon.colcon_core.package_identification[0m [1;30mDEBUG[0m [32mPackage 'src/motoman_ros2_support_packages/motoman_resources' with type 'ros.ament_cmake' and name 'motoman_resources'[0m
[0.247s] [34mcolcon.colcon_core.package_identification[0m [1;30mLevel 1[0m _identify(src/motoros2_client_interface_dependencies) by extensions ['ignore', 'ignore_ament_install']
[0.247s] [34mcolcon.colcon_core.package_identification[0m [1;30mLevel 1[0m _identify(src/motoros2_client_interface_dependencies) by extension 'ignore'
[0.247s] [34mcolcon.colcon_core.package_identification[0m [1;30mLevel 1[0m _identify(src/motoros2_client_interface_dependencies) by extension 'ignore_ament_install'
[0.247s] [34mcolcon.colcon_core.package_identification[0m [1;30mLevel 1[0m _identify(src/motoros2_client_interface_dependencies) by extensions ['colcon_pkg']
[0.247s] [34mcolcon.colcon_core.package_identification[0m [1;30mLevel 1[0m _identify(src/motoros2_client_interface_dependencies) by extension 'colcon_pkg'
[0.247s] [34mcolcon.colcon_core.package_identification[0m [1;30mLevel 1[0m _identify(src/motoros2_client_interface_dependencies) by extensions ['colcon_meta']
[0.247s] [34mcolcon.colcon_core.package_identification[0m [1;30mLevel 1[0m _identify(src/motoros2_client_interface_dependencies) by extension 'colcon_meta'
[0.248s] [34mcolcon.colcon_core.package_identification[0m [1;30mLevel 1[0m _identify(src/motoros2_client_interface_dependencies) by extensions ['ros']
[0.248s] [34mcolcon.colcon_core.package_identification[0m [1;30mLevel 1[0m _identify(src/motoros2_client_interface_dependencies) by extension 'ros'
[0.248s] [34mcolcon.colcon_core.package_identification[0m [1;30mDEBUG[0m [32mPackage 'src/motoros2_client_interface_dependencies' with type 'ros.ament_cmake' and name 'motoros2_client_interface_dependencies'[0m
[0.248s] [34mcolcon.colcon_core.package_identification[0m [1;30mLevel 1[0m _identify(src/motoros2_client_library) by extensions ['ignore', 'ignore_ament_install']
[0.248s] [34mcolcon.colcon_core.package_identification[0m [1;30mLevel 1[0m _identify(src/motoros2_client_library) by extension 'ignore'
[0.248s] [34mcolcon.colcon_core.package_identification[0m [1;30mLevel 1[0m _identify(src/motoros2_client_library) by extension 'ignore_ament_install'
[0.248s] [34mcolcon.colcon_core.package_identification[0m [1;30mLevel 1[0m _identify(src/motoros2_client_library) by extensions ['colcon_pkg']
[0.248s] [34mcolcon.colcon_core.package_identification[0m [1;30mLevel 1[0m _identify(src/motoros2_client_library) by extension 'colcon_pkg'
[0.249s] [34mcolcon.colcon_core.package_identification[0m [1;30mLevel 1[0m _identify(src/motoros2_client_library) by extensions ['colcon_meta']
[0.249s] [34mcolcon.colcon_core.package_identification[0m [1;30mLevel 1[0m _identify(src/motoros2_client_library) by extension 'colcon_meta'
[0.249s] [34mcolcon.colcon_core.package_identification[0m [1;30mLevel 1[0m _identify(src/motoros2_client_library) by extensions ['ros']
[0.249s] [34mcolcon.colcon_core.package_identification[0m [1;30mLevel 1[0m _identify(src/motoros2_client_library) by extension 'ros'
[0.249s] [34mcolcon.colcon_core.package_identification[0m [1;30mLevel 1[0m _identify(src/motoros2_client_library) by extensions ['cmake', 'python']
[0.249s] [34mcolcon.colcon_core.package_identification[0m [1;30mLevel 1[0m _identify(src/motoros2_client_library) by extension 'cmake'
[0.249s] [34mcolcon.colcon_core.package_identification[0m [1;30mLevel 1[0m _identify(src/motoros2_client_library) by extension 'python'
[0.249s] [34mcolcon.colcon_core.package_identification[0m [1;30mLevel 1[0m _identify(src/motoros2_client_library) by extensions ['python_setup_py']
[0.249s] [34mcolcon.colcon_core.package_identification[0m [1;30mLevel 1[0m _identify(src/motoros2_client_library) by extension 'python_setup_py'
[0.249s] [34mcolcon.colcon_core.package_identification[0m [1;30mLevel 1[0m _identify(src/predictor_ui) by extensions ['ignore', 'ignore_ament_install']
[0.249s] [34mcolcon.colcon_core.package_identification[0m [1;30mLevel 1[0m _identify(src/predictor_ui) by extension 'ignore'
[0.249s] [34mcolcon.colcon_core.package_identification[0m [1;30mLevel 1[0m _identify(src/predictor_ui) by extension 'ignore_ament_install'
[0.249s] [34mcolcon.colcon_core.package_identification[0m [1;30mLevel 1[0m _identify(src/predictor_ui) by extensions ['colcon_pkg']
[0.249s] [34mcolcon.colcon_core.package_identification[0m [1;30mLevel 1[0m _identify(src/predictor_ui) by extension 'colcon_pkg'
[0.249s] [34mcolcon.colcon_core.package_identification[0m [1;30mLevel 1[0m _identify(src/predictor_ui) by extensions ['colcon_meta']
[0.249s] [34mcolcon.colcon_core.package_identification[0m [1;30mLevel 1[0m _identify(src/predictor_ui) by extension 'colcon_meta'
[0.249s] [34mcolcon.colcon_core.package_identification[0m [1;30mLevel 1[0m _identify(src/predictor_ui) by extensions ['ros']
[0.249s] [34mcolcon.colcon_core.package_identification[0m [1;30mLevel 1[0m _identify(src/predictor_ui) by extension 'ros'
[0.250s] [34mcolcon.colcon_core.package_identification[0m [1;30mDEBUG[0m [32mPackage 'src/predictor_ui' with type 'ros.ament_python' and name 'predictor_ui'[0m
[0.250s] [34mcolcon.colcon_core.package_identification[0m [1;30mLevel 1[0m _identify(src/realsense_tracker) by extensions ['ignore', 'ignore_ament_install']
[0.250s] [34mcolcon.colcon_core.package_identification[0m [1;30mLevel 1[0m _identify(src/realsense_tracker) by extension 'ignore'
[0.250s] [34mcolcon.colcon_core.package_identification[0m [1;30mLevel 1[0m _identify(src/realsense_tracker) by extension 'ignore_ament_install'
[0.251s] [34mcolcon.colcon_core.package_identification[0m [1;30mLevel 1[0m _identify(src/realsense_tracker) by extensions ['colcon_pkg']
[0.251s] [34mcolcon.colcon_core.package_identification[0m [1;30mLevel 1[0m _identify(src/realsense_tracker) by extension 'colcon_pkg'
[0.251s] [34mcolcon.colcon_core.package_identification[0m [1;30mLevel 1[0m _identify(src/realsense_tracker) by extensions ['colcon_meta']
[0.251s] [34mcolcon.colcon_core.package_identification[0m [1;30mLevel 1[0m _identify(src/realsense_tracker) by extension 'colcon_meta'
[0.251s] [34mcolcon.colcon_core.package_identification[0m [1;30mLevel 1[0m _identify(src/realsense_tracker) by extensions ['ros']
[0.251s] [34mcolcon.colcon_core.package_identification[0m [1;30mLevel 1[0m _identify(src/realsense_tracker) by extension 'ros'
[0.251s] [34mcolcon.colcon_core.package_identification[0m [1;30mDEBUG[0m [32mPackage 'src/realsense_tracker' with type 'ros.ament_python' and name 'realsense_tracker'[0m
[0.252s] [34mcolcon.colcon_core.package_identification[0m [1;30mLevel 1[0m _identify(src/ros-industrial) by extensions ['ignore', 'ignore_ament_install']
[0.252s] [34mcolcon.colcon_core.package_identification[0m [1;30mLevel 1[0m _identify(src/ros-industrial) by extension 'ignore'
[0.252s] [34mcolcon.colcon_core.package_identification[0m [1;30mLevel 1[0m _identify(src/ros-industrial) by extension 'ignore_ament_install'
[0.252s] [34mcolcon.colcon_core.package_identification[0m [1;30mLevel 1[0m _identify(src/ros-industrial) by extensions ['colcon_pkg']
[0.252s] [34mcolcon.colcon_core.package_identification[0m [1;30mLevel 1[0m _identify(src/ros-industrial) by extension 'colcon_pkg'
[0.252s] [34mcolcon.colcon_core.package_identification[0m [1;30mLevel 1[0m _identify(src/ros-industrial) by extensions ['colcon_meta']
[0.252s] [34mcolcon.colcon_core.package_identification[0m [1;30mLevel 1[0m _identify(src/ros-industrial) by extension 'colcon_meta'
[0.252s] [34mcolcon.colcon_core.package_identification[0m [1;30mLevel 1[0m _identify(src/ros-industrial) by extensions ['ros']
[0.252s] [34mcolcon.colcon_core.package_identification[0m [1;30mLevel 1[0m _identify(src/ros-industrial) by extension 'ros'
[0.252s] [34mcolcon.colcon_core.package_identification[0m [1;30mLevel 1[0m _identify(src/ros-industrial) by extensions ['cmake', 'python']
[0.252s] [34mcolcon.colcon_core.package_identification[0m [1;30mLevel 1[0m _identify(src/ros-industrial) by extension 'cmake'
[0.252s] [34mcolcon.colcon_core.package_identification[0m [1;30mLevel 1[0m _identify(src/ros-industrial) by extension 'python'
[0.252s] [34mcolcon.colcon_core.package_identification[0m [1;30mLevel 1[0m _identify(src/ros-industrial) by extensions ['python_setup_py']
[0.252s] [34mcolcon.colcon_core.package_identification[0m [1;30mLevel 1[0m _identify(src/ros-industrial) by extension 'python_setup_py'
[0.252s] [34mcolcon.colcon_core.package_identification[0m [1;30mLevel 1[0m _identify(src/ros-industrial/industrial_core_ros2_msgs_only) by extensions ['ignore', 'ignore_ament_install']
[0.252s] [34mcolcon.colcon_core.package_identification[0m [1;30mLevel 1[0m _identify(src/ros-industrial/industrial_core_ros2_msgs_only) by extension 'ignore'
[0.252s] [34mcolcon.colcon_core.package_identification[0m [1;30mLevel 1[0m _identify(src/ros-industrial/industrial_core_ros2_msgs_only) by extension 'ignore_ament_install'
[0.252s] [34mcolcon.colcon_core.package_identification[0m [1;30mLevel 1[0m _identify(src/ros-industrial/industrial_core_ros2_msgs_only) by extensions ['colcon_pkg']
[0.252s] [34mcolcon.colcon_core.package_identification[0m [1;30mLevel 1[0m _identify(src/ros-industrial/industrial_core_ros2_msgs_only) by extension 'colcon_pkg'
[0.252s] [34mcolcon.colcon_core.package_identification[0m [1;30mLevel 1[0m _identify(src/ros-industrial/industrial_core_ros2_msgs_only) by extensions ['colcon_meta']
[0.252s] [34mcolcon.colcon_core.package_identification[0m [1;30mLevel 1[0m _identify(src/ros-industrial/industrial_core_ros2_msgs_only) by extension 'colcon_meta'
[0.252s] [34mcolcon.colcon_core.package_identification[0m [1;30mLevel 1[0m _identify(src/ros-industrial/industrial_core_ros2_msgs_only) by extensions ['ros']
[0.252s] [34mcolcon.colcon_core.package_identification[0m [1;30mLevel 1[0m _identify(src/ros-industrial/industrial_core_ros2_msgs_only) by extension 'ros'
[0.252s] [34mcolcon.colcon_core.package_identification[0m [1;30mLevel 1[0m _identify(src/ros-industrial/industrial_core_ros2_msgs_only) by extensions ['cmake', 'python']
[0.252s] [34mcolcon.colcon_core.package_identification[0m [1;30mLevel 1[0m _identify(src/ros-industrial/industrial_core_ros2_msgs_only) by extension 'cmake'
[0.252s] [34mcolcon.colcon_core.package_identification[0m [1;30mLevel 1[0m _identify(src/ros-industrial/industrial_core_ros2_msgs_only) by extension 'python'
[0.252s] [34mcolcon.colcon_core.package_identification[0m [1;30mLevel 1[0m _identify(src/ros-industrial/industrial_core_ros2_msgs_only) by extensions ['python_setup_py']
[0.252s] [34mcolcon.colcon_core.package_identification[0m [1;30mLevel 1[0m _identify(src/ros-industrial/industrial_core_ros2_msgs_only) by extension 'python_setup_py'
[0.253s] [34mcolcon.colcon_core.package_identification[0m [1;30mLevel 1[0m _identify(src/ros-industrial/industrial_core_ros2_msgs_only/industrial_msgs) by extensions ['ignore', 'ignore_ament_install']
[0.253s] [34mcolcon.colcon_core.package_identification[0m [1;30mLevel 1[0m _identify(src/ros-industrial/industrial_core_ros2_msgs_only/industrial_msgs) by extension 'ignore'
[0.253s] [34mcolcon.colcon_core.package_identification[0m [1;30mLevel 1[0m _identify(src/ros-industrial/industrial_core_ros2_msgs_only/industrial_msgs) by extension 'ignore_ament_install'
[0.253s] [34mcolcon.colcon_core.package_identification[0m [1;30mLevel 1[0m _identify(src/ros-industrial/industrial_core_ros2_msgs_only/industrial_msgs) by extensions ['colcon_pkg']
[0.253s] [34mcolcon.colcon_core.package_identification[0m [1;30mLevel 1[0m _identify(src/ros-industrial/industrial_core_ros2_msgs_only/industrial_msgs) by extension 'colcon_pkg'
[0.253s] [34mcolcon.colcon_core.package_identification[0m [1;30mLevel 1[0m _identify(src/ros-industrial/industrial_core_ros2_msgs_only/industrial_msgs) by extensions ['colcon_meta']
[0.253s] [34mcolcon.colcon_core.package_identification[0m [1;30mLevel 1[0m _identify(src/ros-industrial/industrial_core_ros2_msgs_only/industrial_msgs) by extension 'colcon_meta'
[0.253s] [34mcolcon.colcon_core.package_identification[0m [1;30mLevel 1[0m _identify(src/ros-industrial/industrial_core_ros2_msgs_only/industrial_msgs) by extensions ['ros']
[0.253s] [34mcolcon.colcon_core.package_identification[0m [1;30mLevel 1[0m _identify(src/ros-industrial/industrial_core_ros2_msgs_only/industrial_msgs) by extension 'ros'
[0.253s] [34mcolcon.colcon_core.package_identification[0m [1;30mDEBUG[0m [32mPackage 'src/ros-industrial/industrial_core_ros2_msgs_only/industrial_msgs' with type 'ros.ament_cmake' and name 'industrial_msgs'[0m
[0.253s] [34mcolcon.colcon_core.package_identification[0m [1;30mLevel 1[0m _identify(src/rula_tracker) by extensions ['ignore', 'ignore_ament_install']
[0.254s] [34mcolcon.colcon_core.package_identification[0m [1;30mLevel 1[0m _identify(src/rula_tracker) by extension 'ignore'
[0.254s] [34mcolcon.colcon_core.package_identification[0m [1;30mLevel 1[0m _identify(src/rula_tracker) by extension 'ignore_ament_install'
[0.254s] [34mcolcon.colcon_core.package_identification[0m [1;30mLevel 1[0m _identify(src/rula_tracker) by extensions ['colcon_pkg']
[0.254s] [34mcolcon.colcon_core.package_identification[0m [1;30mLevel 1[0m _identify(src/rula_tracker) by extension 'colcon_pkg'
[0.254s] [34mcolcon.colcon_core.package_identification[0m [1;30mLevel 1[0m _identify(src/rula_tracker) by extensions ['colcon_meta']
[0.254s] [34mcolcon.colcon_core.package_identification[0m [1;30mLevel 1[0m _identify(src/rula_tracker) by extension 'colcon_meta'
[0.254s] [34mcolcon.colcon_core.package_identification[0m [1;30mLevel 1[0m _identify(src/rula_tracker) by extensions ['ros']
[0.254s] [34mcolcon.colcon_core.package_identification[0m [1;30mLevel 1[0m _identify(src/rula_tracker) by extension 'ros'
[0.254s] [34mcolcon.colcon_core.package_identification[0m [1;30mDEBUG[0m [32mPackage 'src/rula_tracker' with type 'ros.ament_python' and name 'rula_tracker'[0m
[0.254s] [34mcolcon.colcon_core.package_identification[0m [1;30mLevel 1[0m _identify(src/trac_ik) by extensions ['ignore', 'ignore_ament_install']
[0.254s] [34mcolcon.colcon_core.package_identification[0m [1;30mLevel 1[0m _identify(src/trac_ik) by extension 'ignore'
[0.254s] [34mcolcon.colcon_core.package_identification[0m [1;30mLevel 1[0m _identify(src/trac_ik) by extension 'ignore_ament_install'
[0.255s] [34mcolcon.colcon_core.package_identification[0m [1;30mLevel 1[0m _identify(src/trac_ik) by extensions ['colcon_pkg']
[0.255s] [34mcolcon.colcon_core.package_identification[0m [1;30mLevel 1[0m _identify(src/trac_ik) by extension 'colcon_pkg'
[0.255s] [34mcolcon.colcon_core.package_identification[0m [1;30mLevel 1[0m _identify(src/trac_ik) by extensions ['colcon_meta']
[0.255s] [34mcolcon.colcon_core.package_identification[0m [1;30mLevel 1[0m _identify(src/trac_ik) by extension 'colcon_meta'
[0.255s] [34mcolcon.colcon_core.package_identification[0m [1;30mLevel 1[0m _identify(src/trac_ik) by extensions ['ros']
[0.255s] [34mcolcon.colcon_core.package_identification[0m [1;30mLevel 1[0m _identify(src/trac_ik) by extension 'ros'
[0.255s] [34mcolcon.colcon_core.package_identification[0m [1;30mLevel 1[0m _identify(src/trac_ik) by extensions ['cmake', 'python']
[0.255s] [34mcolcon.colcon_core.package_identification[0m [1;30mLevel 1[0m _identify(src/trac_ik) by extension 'cmake'
[0.255s] [34mcolcon.colcon_core.package_identification[0m [1;30mLevel 1[0m _identify(src/trac_ik) by extension 'python'
[0.255s] [34mcolcon.colcon_core.package_identification[0m [1;30mLevel 1[0m _identify(src/trac_ik) by extensions ['python_setup_py']
[0.255s] [34mcolcon.colcon_core.package_identification[0m [1;30mLevel 1[0m _identify(src/trac_ik) by extension 'python_setup_py'
[0.255s] [34mcolcon.colcon_core.package_identification[0m [1;30mLevel 1[0m _identify(src/trac_ik/nlopt) by extensions ['ignore', 'ignore_ament_install']
[0.255s] [34mcolcon.colcon_core.package_identification[0m [1;30mLevel 1[0m _identify(src/trac_ik/nlopt) by extension 'ignore'
[0.255s] [34mcolcon.colcon_core.package_identification[0m [1;30mLevel 1[0m _identify(src/trac_ik/nlopt) by extension 'ignore_ament_install'
[0.255s] [34mcolcon.colcon_core.package_identification[0m [1;30mLevel 1[0m _identify(src/trac_ik/nlopt) by extensions ['colcon_pkg']
[0.255s] [34mcolcon.colcon_core.package_identification[0m [1;30mLevel 1[0m _identify(src/trac_ik/nlopt) by extension 'colcon_pkg'
[0.255s] [34mcolcon.colcon_core.package_identification[0m [1;30mLevel 1[0m _identify(src/trac_ik/nlopt) by extensions ['colcon_meta']
[0.255s] [34mcolcon.colcon_core.package_identification[0m [1;30mLevel 1[0m _identify(src/trac_ik/nlopt) by extension 'colcon_meta'
[0.255s] [34mcolcon.colcon_core.package_identification[0m [1;30mLevel 1[0m _identify(src/trac_ik/nlopt) by extensions ['ros']
[0.255s] [34mcolcon.colcon_core.package_identification[0m [1;30mLevel 1[0m _identify(src/trac_ik/nlopt) by extension 'ros'
[0.255s] [34mcolcon.colcon_core.package_identification[0m [1;30mLevel 1[0m _identify(src/trac_ik/nlopt) by extensions ['cmake', 'python']
[0.255s] [34mcolcon.colcon_core.package_identification[0m [1;30mLevel 1[0m _identify(src/trac_ik/nlopt) by extension 'cmake'
[0.255s] [34mcolcon.colcon_core.package_identification[0m [1;30mLevel 1[0m _identify(src/trac_ik/nlopt) by extension 'python'
[0.255s] [34mcolcon.colcon_core.package_identification[0m [1;30mLevel 1[0m _identify(src/trac_ik/nlopt) by extensions ['python_setup_py']
[0.255s] [34mcolcon.colcon_core.package_identification[0m [1;30mLevel 1[0m _identify(src/trac_ik/nlopt) by extension 'python_setup_py'
[0.255s] [34mcolcon.colcon_core.package_identification[0m [1;30mLevel 1[0m _identify(src/trac_ik/trac_ik) by extensions ['ignore', 'ignore_ament_install']
[0.255s] [34mcolcon.colcon_core.package_identification[0m [1;30mLevel 1[0m _identify(src/trac_ik/trac_ik) by extension 'ignore'
[0.255s] [34mcolcon.colcon_core.package_identification[0m [1;30mLevel 1[0m _identify(src/trac_ik/trac_ik) by extension 'ignore_ament_install'
[0.255s] [34mcolcon.colcon_core.package_identification[0m [1;30mLevel 1[0m _identify(src/trac_ik/trac_ik) by extensions ['colcon_pkg']
[0.255s] [34mcolcon.colcon_core.package_identification[0m [1;30mLevel 1[0m _identify(src/trac_ik/trac_ik) by extension 'colcon_pkg'
[0.255s] [34mcolcon.colcon_core.package_identification[0m [1;30mLevel 1[0m _identify(src/trac_ik/trac_ik) by extensions ['colcon_meta']
[0.256s] [34mcolcon.colcon_core.package_identification[0m [1;30mLevel 1[0m _identify(src/trac_ik/trac_ik) by extension 'colcon_meta'
[0.256s] [34mcolcon.colcon_core.package_identification[0m [1;30mLevel 1[0m _identify(src/trac_ik/trac_ik) by extensions ['ros']
[0.256s] [34mcolcon.colcon_core.package_identification[0m [1;30mLevel 1[0m _identify(src/trac_ik/trac_ik) by extension 'ros'
[0.256s] [34mcolcon.colcon_core.package_identification[0m [1;30mDEBUG[0m [32mPackage 'src/trac_ik/trac_ik' with type 'ros.ament_cmake' and name 'trac_ik'[0m
[0.256s] [34mcolcon.colcon_core.package_identification[0m [1;30mLevel 1[0m _identify(src/trac_ik/trac_ik_examples) by extensions ['ignore', 'ignore_ament_install']
[0.256s] [34mcolcon.colcon_core.package_identification[0m [1;30mLevel 1[0m _identify(src/trac_ik/trac_ik_examples) by extension 'ignore'
[0.256s] [34mcolcon.colcon_core.package_identification[0m [1;30mLevel 1[0m _identify(src/trac_ik/trac_ik_examples) ignored
[0.256s] [34mcolcon.colcon_core.package_identification[0m [1;30mLevel 1[0m _identify(src/trac_ik/trac_ik_kinematics) by extensions ['ignore', 'ignore_ament_install']
[0.256s] [34mcolcon.colcon_core.package_identification[0m [1;30mLevel 1[0m _identify(src/trac_ik/trac_ik_kinematics) by extension 'ignore'
[0.256s] [34mcolcon.colcon_core.package_identification[0m [1;30mLevel 1[0m _identify(src/trac_ik/trac_ik_kinematics) by extension 'ignore_ament_install'
[0.256s] [34mcolcon.colcon_core.package_identification[0m [1;30mLevel 1[0m _identify(src/trac_ik/trac_ik_kinematics) by extensions ['colcon_pkg']
[0.256s] [34mcolcon.colcon_core.package_identification[0m [1;30mLevel 1[0m _identify(src/trac_ik/trac_ik_kinematics) by extension 'colcon_pkg'
[0.256s] [34mcolcon.colcon_core.package_identification[0m [1;30mLevel 1[0m _identify(src/trac_ik/trac_ik_kinematics) by extensions ['colcon_meta']
[0.256s] [34mcolcon.colcon_core.package_identification[0m [1;30mLevel 1[0m _identify(src/trac_ik/trac_ik_kinematics) by extension 'colcon_meta'
[0.256s] [34mcolcon.colcon_core.package_identification[0m [1;30mLevel 1[0m _identify(src/trac_ik/trac_ik_kinematics) by extensions ['ros']
[0.256s] [34mcolcon.colcon_core.package_identification[0m [1;30mLevel 1[0m _identify(src/trac_ik/trac_ik_kinematics) by extension 'ros'
[0.257s] [34mcolcon.colcon_core.package_identification[0m [1;30mDEBUG[0m [32mPackage 'src/trac_ik/trac_ik_kinematics' with type 'ros.ament_cmake' and name 'trac_ik_kinematics'[0m
[0.258s] [34mcolcon.colcon_core.package_identification[0m [1;30mLevel 1[0m _identify(src/trac_ik/trac_ik_lib) by extensions ['ignore', 'ignore_ament_install']
[0.258s] [34mcolcon.colcon_core.package_identification[0m [1;30mLevel 1[0m _identify(src/trac_ik/trac_ik_lib) by extension 'ignore'
[0.258s] [34mcolcon.colcon_core.package_identification[0m [1;30mLevel 1[0m _identify(src/trac_ik/trac_ik_lib) by extension 'ignore_ament_install'
[0.258s] [34mcolcon.colcon_core.package_identification[0m [1;30mLevel 1[0m _identify(src/trac_ik/trac_ik_lib) by extensions ['colcon_pkg']
[0.258s] [34mcolcon.colcon_core.package_identification[0m [1;30mLevel 1[0m _identify(src/trac_ik/trac_ik_lib) by extension 'colcon_pkg'
[0.258s] [34mcolcon.colcon_core.package_identification[0m [1;30mLevel 1[0m _identify(src/trac_ik/trac_ik_lib) by extensions ['colcon_meta']
[0.258s] [34mcolcon.colcon_core.package_identification[0m [1;30mLevel 1[0m _identify(src/trac_ik/trac_ik_lib) by extension 'colcon_meta'
[0.258s] [34mcolcon.colcon_core.package_identification[0m [1;30mLevel 1[0m _identify(src/trac_ik/trac_ik_lib) by extensions ['ros']
[0.258s] [34mcolcon.colcon_core.package_identification[0m [1;30mLevel 1[0m _identify(src/trac_ik/trac_ik_lib) by extension 'ros'
[0.258s] [34mcolcon.colcon_core.package_identification[0m [1;30mDEBUG[0m [32mPackage 'src/trac_ik/trac_ik_lib' with type 'ros.ament_cmake' and name 'trac_ik_lib'[0m
[0.258s] [34mcolcon.colcon_core.package_identification[0m [1;30mLevel 1[0m _identify(src/trac_ik/trac_ik_python) by extensions ['ignore', 'ignore_ament_install']
[0.258s] [34mcolcon.colcon_core.package_identification[0m [1;30mLevel 1[0m _identify(src/trac_ik/trac_ik_python) by extension 'ignore'
[0.258s] [34mcolcon.colcon_core.package_identification[0m [1;30mLevel 1[0m _identify(src/trac_ik/trac_ik_python) ignored
[0.259s] [34mcolcon.colcon_core.package_identification[0m [1;30mLevel 1[0m _identify(src/trajectory_predictor) by extensions ['ignore', 'ignore_ament_install']
[0.259s] [34mcolcon.colcon_core.package_identification[0m [1;30mLevel 1[0m _identify(src/trajectory_predictor) by extension 'ignore'
[0.259s] [34mcolcon.colcon_core.package_identification[0m [1;30mLevel 1[0m _identify(src/trajectory_predictor) by extension 'ignore_ament_install'
[0.259s] [34mcolcon.colcon_core.package_identification[0m [1;30mLevel 1[0m _identify(src/trajectory_predictor) by extensions ['colcon_pkg']
[0.259s] [34mcolcon.colcon_core.package_identification[0m [1;30mLevel 1[0m _identify(src/trajectory_predictor) by extension 'colcon_pkg'
[0.259s] [34mcolcon.colcon_core.package_identification[0m [1;30mLevel 1[0m _identify(src/trajectory_predictor) by extensions ['colcon_meta']
[0.259s] [34mcolcon.colcon_core.package_identification[0m [1;30mLevel 1[0m _identify(src/trajectory_predictor) by extension 'colcon_meta'
[0.259s] [34mcolcon.colcon_core.package_identification[0m [1;30mLevel 1[0m _identify(src/trajectory_predictor) by extensions ['ros']
[0.259s] [34mcolcon.colcon_core.package_identification[0m [1;30mLevel 1[0m _identify(src/trajectory_predictor) by extension 'ros'
[0.259s] [34mcolcon.colcon_core.package_identification[0m [1;30mDEBUG[0m [32mPackage 'src/trajectory_predictor' with type 'ros.ament_python' and name 'trajectory_predictor'[0m
[0.259s] [34mcolcon.colcon_core.package_identification[0m [1;30mLevel 1[0m _identify(src/yaskawa-global) by extensions ['ignore', 'ignore_ament_install']
[0.259s] [34mcolcon.colcon_core.package_identification[0m [1;30mLevel 1[0m _identify(src/yaskawa-global) by extension 'ignore'
[0.259s] [34mcolcon.colcon_core.package_identification[0m [1;30mLevel 1[0m _identify(src/yaskawa-global) by extension 'ignore_ament_install'
[0.259s] [34mcolcon.colcon_core.package_identification[0m [1;30mLevel 1[0m _identify(src/yaskawa-global) by extensions ['colcon_pkg']
[0.260s] [34mcolcon.colcon_core.package_identification[0m [1;30mLevel 1[0m _identify(src/yaskawa-global) by extension 'colcon_pkg'
[0.260s] [34mcolcon.colcon_core.package_identification[0m [1;30mLevel 1[0m _identify(src/yaskawa-global) by extensions ['colcon_meta']
[0.260s] [34mcolcon.colcon_core.package_identification[0m [1;30mLevel 1[0m _identify(src/yaskawa-global) by extension 'colcon_meta'
[0.260s] [34mcolcon.colcon_core.package_identification[0m [1;30mLevel 1[0m _identify(src/yaskawa-global) by extensions ['ros']
[0.260s] [34mcolcon.colcon_core.package_identification[0m [1;30mLevel 1[0m _identify(src/yaskawa-global) by extension 'ros'
[0.260s] [34mcolcon.colcon_core.package_identification[0m [1;30mLevel 1[0m _identify(src/yaskawa-global) by extensions ['cmake', 'python']
[0.260s] [34mcolcon.colcon_core.package_identification[0m [1;30mLevel 1[0m _identify(src/yaskawa-global) by extension 'cmake'
[0.260s] [34mcolcon.colcon_core.package_identification[0m [1;30mLevel 1[0m _identify(src/yaskawa-global) by extension 'python'
[0.260s] [34mcolcon.colcon_core.package_identification[0m [1;30mLevel 1[0m _identify(src/yaskawa-global) by extensions ['python_setup_py']
[0.260s] [34mcolcon.colcon_core.package_identification[0m [1;30mLevel 1[0m _identify(src/yaskawa-global) by extension 'python_setup_py'
[0.260s] [34mcolcon.colcon_core.package_identification[0m [1;30mLevel 1[0m _identify(src/yaskawa-global/motoros2_interfaces) by extensions ['ignore', 'ignore_ament_install']
[0.260s] [34mcolcon.colcon_core.package_identification[0m [1;30mLevel 1[0m _identify(src/yaskawa-global/motoros2_interfaces) by extension 'ignore'
[0.260s] [34mcolcon.colcon_core.package_identification[0m [1;30mLevel 1[0m _identify(src/yaskawa-global/motoros2_interfaces) by extension 'ignore_ament_install'
[0.260s] [34mcolcon.colcon_core.package_identification[0m [1;30mLevel 1[0m _identify(src/yaskawa-global/motoros2_interfaces) by extensions ['colcon_pkg']
[0.260s] [34mcolcon.colcon_core.package_identification[0m [1;30mLevel 1[0m _identify(src/yaskawa-global/motoros2_interfaces) by extension 'colcon_pkg'
[0.260s] [34mcolcon.colcon_core.package_identification[0m [1;30mLevel 1[0m _identify(src/yaskawa-global/motoros2_interfaces) by extensions ['colcon_meta']
[0.260s] [34mcolcon.colcon_core.package_identification[0m [1;30mLevel 1[0m _identify(src/yaskawa-global/motoros2_interfaces) by extension 'colcon_meta'
[0.260s] [34mcolcon.colcon_core.package_identification[0m [1;30mLevel 1[0m _identify(src/yaskawa-global/motoros2_interfaces) by extensions ['ros']
[0.260s] [34mcolcon.colcon_core.package_identification[0m [1;30mLevel 1[0m _identify(src/yaskawa-global/motoros2_interfaces) by extension 'ros'
[0.261s] [34mcolcon.colcon_core.package_identification[0m [1;30mDEBUG[0m [32mPackage 'src/yaskawa-global/motoros2_interfaces' with type 'ros.ament_cmake' and name 'motoros2_interfaces'[0m
[0.261s] [34mcolcon.colcon_core.package_discovery[0m [1;30mLevel 1[0m discover_packages(recursive) using defaults
[0.261s] [34mcolcon.colcon_core.package_discovery[0m [1;30mLevel 1[0m discover_packages(ignore) discover
[0.261s] [34mcolcon.colcon_core.package_discovery[0m [1;30mLevel 1[0m discover_packages(ignore) using defaults
[0.261s] [34mcolcon.colcon_core.package_discovery[0m [1;30mLevel 1[0m discover_packages(path) discover
[0.261s] [34mcolcon.colcon_core.package_discovery[0m [1;30mLevel 1[0m discover_packages(path) using defaults
[0.278s] [34mcolcon.colcon_core.package_discovery[0m [1;30mLevel 1[0m discover_packages(prefix_path) check parameters
[0.278s] [34mcolcon.colcon_core.package_discovery[0m [1;30mLevel 1[0m discover_packages(prefix_path) discover
[0.279s] [34mcolcon.colcon_installed_package_information.package_discovery[0m [1;30mDEBUG[0m [32mFound 24 installed packages in /home/duy/cocarry_ws/install[0m
[0.281s] [34mcolcon.colcon_installed_package_information.package_discovery[0m [1;30mDEBUG[0m [32mFound 383 installed packages in /opt/ros/humble[0m
[0.282s] [34mcolcon.colcon_core.package_discovery[0m [1;30mLevel 1[0m discover_packages(prefix_path) using defaults
[0.313s] [34mcolcon.colcon_core.verb[0m [1;30mLevel 5[0m set package 'human_hand_msgs' build argument 'cmake_args' from command line to 'None'
[0.313s] [34mcolcon.colcon_core.verb[0m [1;30mLevel 5[0m set package 'human_hand_msgs' build argument 'cmake_target' from command line to 'None'
[0.313s] [34mcolcon.colcon_core.verb[0m [1;30mLevel 5[0m set package 'human_hand_msgs' build argument 'cmake_target_skip_unavailable' from command line to 'False'
[0.313s] [34mcolcon.colcon_core.verb[0m [1;30mLevel 5[0m set package 'human_hand_msgs' build argument 'cmake_clean_cache' from command line to 'False'
[0.313s] [34mcolcon.colcon_core.verb[0m [1;30mLevel 5[0m set package 'human_hand_msgs' build argument 'cmake_clean_first' from command line to 'False'
[0.313s] [34mcolcon.colcon_core.verb[0m [1;30mLevel 5[0m set package 'human_hand_msgs' build argument 'cmake_force_configure' from command line to 'False'
[0.313s] [34mcolcon.colcon_core.verb[0m [1;30mLevel 5[0m set package 'human_hand_msgs' build argument 'ament_cmake_args' from command line to 'None'
[0.313s] [34mcolcon.colcon_core.verb[0m [1;30mLevel 5[0m set package 'human_hand_msgs' build argument 'catkin_cmake_args' from command line to 'None'
[0.313s] [34mcolcon.colcon_core.verb[0m [1;30mLevel 5[0m set package 'human_hand_msgs' build argument 'catkin_skip_building_tests' from command line to 'False'
[0.313s] [34mcolcon.colcon_core.verb[0m [1;30mDEBUG[0m [32mBuilding package 'human_hand_msgs' with the following arguments: {'ament_cmake_args': None, 'build_base': '/home/duy/cocarry_ws/build/human_hand_msgs', 'catkin_cmake_args': None, 'catkin_skip_building_tests': False, 'cmake_args': None, 'cmake_clean_cache': False, 'cmake_clean_first': False, 'cmake_force_configure': False, 'cmake_target': None, 'cmake_target_skip_unavailable': False, 'install_base': '/home/duy/cocarry_ws/install/human_hand_msgs', 'merge_install': False, 'path': '/home/duy/cocarry_ws/src/human_hand_msgs', 'symlink_install': False, 'test_result_base': None}[0m
[0.313s] [34mcolcon.colcon_core.verb[0m [1;30mLevel 5[0m set package 'industrial_msgs' build argument 'cmake_args' from command line to 'None'
[0.313s] [34mcolcon.colcon_core.verb[0m [1;30mLevel 5[0m set package 'industrial_msgs' build argument 'cmake_target' from command line to 'None'
[0.313s] [34mcolcon.colcon_core.verb[0m [1;30mLevel 5[0m set package 'industrial_msgs' build argument 'cmake_target_skip_unavailable' from command line to 'False'
[0.313s] [34mcolcon.colcon_core.verb[0m [1;30mLevel 5[0m set package 'industrial_msgs' build argument 'cmake_clean_cache' from command line to 'False'
[0.313s] [34mcolcon.colcon_core.verb[0m [1;30mLevel 5[0m set package 'industrial_msgs' build argument 'cmake_clean_first' from command line to 'False'
[0.313s] [34mcolcon.colcon_core.verb[0m [1;30mLevel 5[0m set package 'industrial_msgs' build argument 'cmake_force_configure' from command line to 'False'
[0.313s] [34mcolcon.colcon_core.verb[0m [1;30mLevel 5[0m set package 'industrial_msgs' build argument 'ament_cmake_args' from command line to 'None'
[0.313s] [34mcolcon.colcon_core.verb[0m [1;30mLevel 5[0m set package 'industrial_msgs' build argument 'catkin_cmake_args' from command line to 'None'
[0.313s] [34mcolcon.colcon_core.verb[0m [1;30mLevel 5[0m set package 'industrial_msgs' build argument 'catkin_skip_building_tests' from command line to 'False'
[0.313s] [34mcolcon.colcon_core.verb[0m [1;30mDEBUG[0m [32mBuilding package 'industrial_msgs' with the following arguments: {'ament_cmake_args': None, 'build_base': '/home/duy/cocarry_ws/build/industrial_msgs', 'catkin_cmake_args': None, 'catkin_skip_building_tests': False, 'cmake_args': None, 'cmake_clean_cache': False, 'cmake_clean_first': False, 'cmake_force_configure': False, 'cmake_target': None, 'cmake_target_skip_unavailable': False, 'install_base': '/home/duy/cocarry_ws/install/industrial_msgs', 'merge_install': False, 'path': '/home/duy/cocarry_ws/src/ros-industrial/industrial_core_ros2_msgs_only/industrial_msgs', 'symlink_install': False, 'test_result_base': None}[0m
[0.314s] [34mcolcon.colcon_core.verb[0m [1;30mLevel 5[0m set package 'kinect2_registration' build argument 'cmake_args' from command line to 'None'
[0.314s] [34mcolcon.colcon_core.verb[0m [1;30mLevel 5[0m set package 'kinect2_registration' build argument 'cmake_target' from command line to 'None'
[0.314s] [34mcolcon.colcon_core.verb[0m [1;30mLevel 5[0m set package 'kinect2_registration' build argument 'cmake_target_skip_unavailable' from command line to 'False'
[0.314s] [34mcolcon.colcon_core.verb[0m [1;30mLevel 5[0m set package 'kinect2_registration' build argument 'cmake_clean_cache' from command line to 'False'
[0.314s] [34mcolcon.colcon_core.verb[0m [1;30mLevel 5[0m set package 'kinect2_registration' build argument 'cmake_clean_first' from command line to 'False'
[0.314s] [34mcolcon.colcon_core.verb[0m [1;30mLevel 5[0m set package 'kinect2_registration' build argument 'cmake_force_configure' from command line to 'False'
[0.314s] [34mcolcon.colcon_core.verb[0m [1;30mLevel 5[0m set package 'kinect2_registration' build argument 'ament_cmake_args' from command line to 'None'
[0.314s] [34mcolcon.colcon_core.verb[0m [1;30mLevel 5[0m set package 'kinect2_registration' build argument 'catkin_cmake_args' from command line to 'None'
[0.314s] [34mcolcon.colcon_core.verb[0m [1;30mLevel 5[0m set package 'kinect2_registration' build argument 'catkin_skip_building_tests' from command line to 'False'
[0.314s] [34mcolcon.colcon_core.verb[0m [1;30mDEBUG[0m [32mBuilding package 'kinect2_registration' with the following arguments: {'ament_cmake_args': None, 'build_base': '/home/duy/cocarry_ws/build/kinect2_registration', 'catkin_cmake_args': None, 'catkin_skip_building_tests': False, 'cmake_args': None, 'cmake_clean_cache': False, 'cmake_clean_first': False, 'cmake_force_configure': False, 'cmake_target': None, 'cmake_target_skip_unavailable': False, 'install_base': '/home/duy/cocarry_ws/install/kinect2_registration', 'merge_install': False, 'path': '/home/duy/cocarry_ws/src/kinect2_ros2/kinect2_registration', 'symlink_install': False, 'test_result_base': None}[0m
[0.314s] [34mcolcon.colcon_core.verb[0m [1;30mLevel 5[0m set package 'libfreenect2' build argument 'cmake_args' from command line to 'None'
[0.314s] [34mcolcon.colcon_core.verb[0m [1;30mLevel 5[0m set package 'libfreenect2' build argument 'cmake_target' from command line to 'None'
[0.314s] [34mcolcon.colcon_core.verb[0m [1;30mLevel 5[0m set package 'libfreenect2' build argument 'cmake_target_skip_unavailable' from command line to 'False'
[0.314s] [34mcolcon.colcon_core.verb[0m [1;30mLevel 5[0m set package 'libfreenect2' build argument 'cmake_clean_cache' from command line to 'False'
[0.314s] [34mcolcon.colcon_core.verb[0m [1;30mLevel 5[0m set package 'libfreenect2' build argument 'cmake_clean_first' from command line to 'False'
[0.314s] [34mcolcon.colcon_core.verb[0m [1;30mLevel 5[0m set package 'libfreenect2' build argument 'cmake_force_configure' from command line to 'False'
[0.314s] [34mcolcon.colcon_core.verb[0m [1;30mLevel 5[0m set package 'libfreenect2' build argument 'ament_cmake_args' from command line to 'None'
[0.314s] [34mcolcon.colcon_core.verb[0m [1;30mLevel 5[0m set package 'libfreenect2' build argument 'catkin_cmake_args' from command line to 'None'
[0.314s] [34mcolcon.colcon_core.verb[0m [1;30mLevel 5[0m set package 'libfreenect2' build argument 'catkin_skip_building_tests' from command line to 'False'
[0.314s] [34mcolcon.colcon_core.verb[0m [1;30mDEBUG[0m [32mBuilding package 'libfreenect2' with the following arguments: {'ament_cmake_args': None, 'build_base': '/home/duy/cocarry_ws/build/libfreenect2', 'catkin_cmake_args': None, 'catkin_skip_building_tests': False, 'cmake_args': None, 'cmake_clean_cache': False, 'cmake_clean_first': False, 'cmake_force_configure': False, 'cmake_target': None, 'cmake_target_skip_unavailable': False, 'install_base': '/home/duy/cocarry_ws/install/libfreenect2', 'merge_install': False, 'path': '/home/duy/cocarry_ws/libfreenect2', 'symlink_install': False, 'test_result_base': None}[0m
[0.314s] [34mcolcon.colcon_core.verb[0m [1;30mLevel 5[0m set package 'motoman_resources' build argument 'cmake_args' from command line to 'None'
[0.314s] [34mcolcon.colcon_core.verb[0m [1;30mLevel 5[0m set package 'motoman_resources' build argument 'cmake_target' from command line to 'None'
[0.314s] [34mcolcon.colcon_core.verb[0m [1;30mLevel 5[0m set package 'motoman_resources' build argument 'cmake_target_skip_unavailable' from command line to 'False'
[0.314s] [34mcolcon.colcon_core.verb[0m [1;30mLevel 5[0m set package 'motoman_resources' build argument 'cmake_clean_cache' from command line to 'False'
[0.314s] [34mcolcon.colcon_core.verb[0m [1;30mLevel 5[0m set package 'motoman_resources' build argument 'cmake_clean_first' from command line to 'False'
[0.314s] [34mcolcon.colcon_core.verb[0m [1;30mLevel 5[0m set package 'motoman_resources' build argument 'cmake_force_configure' from command line to 'False'
[0.314s] [34mcolcon.colcon_core.verb[0m [1;30mLevel 5[0m set package 'motoman_resources' build argument 'ament_cmake_args' from command line to 'None'
[0.314s] [34mcolcon.colcon_core.verb[0m [1;30mLevel 5[0m set package 'motoman_resources' build argument 'catkin_cmake_args' from command line to 'None'
[0.314s] [34mcolcon.colcon_core.verb[0m [1;30mLevel 5[0m set package 'motoman_resources' build argument 'catkin_skip_building_tests' from command line to 'False'
[0.314s] [34mcolcon.colcon_core.verb[0m [1;30mDEBUG[0m [32mBuilding package 'motoman_resources' with the following arguments: {'ament_cmake_args': None, 'build_base': '/home/duy/cocarry_ws/build/motoman_resources', 'catkin_cmake_args': None, 'catkin_skip_building_tests': False, 'cmake_args': None, 'cmake_clean_cache': False, 'cmake_clean_first': False, 'cmake_force_configure': False, 'cmake_target': None, 'cmake_target_skip_unavailable': False, 'install_base': '/home/duy/cocarry_ws/install/motoman_resources', 'merge_install': False, 'path': '/home/duy/cocarry_ws/src/motoman_ros2_support_packages/motoman_resources', 'symlink_install': False, 'test_result_base': None}[0m
[0.315s] [34mcolcon.colcon_core.verb[0m [1;30mLevel 5[0m set package 'motoros2_interfaces' build argument 'cmake_args' from command line to 'None'
[0.315s] [34mcolcon.colcon_core.verb[0m [1;30mLevel 5[0m set package 'motoros2_interfaces' build argument 'cmake_target' from command line to 'None'
[0.315s] [34mcolcon.colcon_core.verb[0m [1;30mLevel 5[0m set package 'motoros2_interfaces' build argument 'cmake_target_skip_unavailable' from command line to 'False'
[0.315s] [34mcolcon.colcon_core.verb[0m [1;30mLevel 5[0m set package 'motoros2_interfaces' build argument 'cmake_clean_cache' from command line to 'False'
[0.315s] [34mcolcon.colcon_core.verb[0m [1;30mLevel 5[0m set package 'motoros2_interfaces' build argument 'cmake_clean_first' from command line to 'False'
[0.315s] [34mcolcon.colcon_core.verb[0m [1;30mLevel 5[0m set package 'motoros2_interfaces' build argument 'cmake_force_configure' from command line to 'False'
[0.315s] [34mcolcon.colcon_core.verb[0m [1;30mLevel 5[0m set package 'motoros2_interfaces' build argument 'ament_cmake_args' from command line to 'None'
[0.315s] [34mcolcon.colcon_core.verb[0m [1;30mLevel 5[0m set package 'motoros2_interfaces' build argument 'catkin_cmake_args' from command line to 'None'
[0.315s] [34mcolcon.colcon_core.verb[0m [1;30mLevel 5[0m set package 'motoros2_interfaces' build argument 'catkin_skip_building_tests' from command line to 'False'
[0.315s] [34mcolcon.colcon_core.verb[0m [1;30mDEBUG[0m [32mBuilding package 'motoros2_interfaces' with the following arguments: {'ament_cmake_args': None, 'build_base': '/home/duy/cocarry_ws/build/motoros2_interfaces', 'catkin_cmake_args': None, 'catkin_skip_building_tests': False, 'cmake_args': None, 'cmake_clean_cache': False, 'cmake_clean_first': False, 'cmake_force_configure': False, 'cmake_target': None, 'cmake_target_skip_unavailable': False, 'install_base': '/home/duy/cocarry_ws/install/motoros2_interfaces', 'merge_install': False, 'path': '/home/duy/cocarry_ws/src/yaskawa-global/motoros2_interfaces', 'symlink_install': False, 'test_result_base': None}[0m
[0.315s] [34mcolcon.colcon_core.verb[0m [1;30mLevel 5[0m set package 'rula_tracker' build argument 'cmake_args' from command line to 'None'
[0.315s] [34mcolcon.colcon_core.verb[0m [1;30mLevel 5[0m set package 'rula_tracker' build argument 'cmake_target' from command line to 'None'
[0.315s] [34mcolcon.colcon_core.verb[0m [1;30mLevel 5[0m set package 'rula_tracker' build argument 'cmake_target_skip_unavailable' from command line to 'False'
[0.315s] [34mcolcon.colcon_core.verb[0m [1;30mLevel 5[0m set package 'rula_tracker' build argument 'cmake_clean_cache' from command line to 'False'
[0.315s] [34mcolcon.colcon_core.verb[0m [1;30mLevel 5[0m set package 'rula_tracker' build argument 'cmake_clean_first' from command line to 'False'
[0.315s] [34mcolcon.colcon_core.verb[0m [1;30mLevel 5[0m set package 'rula_tracker' build argument 'cmake_force_configure' from command line to 'False'
[0.315s] [34mcolcon.colcon_core.verb[0m [1;30mLevel 5[0m set package 'rula_tracker' build argument 'ament_cmake_args' from command line to 'None'
[0.315s] [34mcolcon.colcon_core.verb[0m [1;30mLevel 5[0m set package 'rula_tracker' build argument 'catkin_cmake_args' from command line to 'None'
[0.315s] [34mcolcon.colcon_core.verb[0m [1;30mLevel 5[0m set package 'rula_tracker' build argument 'catkin_skip_building_tests' from command line to 'False'
[0.315s] [34mcolcon.colcon_core.verb[0m [1;30mDEBUG[0m [32mBuilding package 'rula_tracker' with the following arguments: {'ament_cmake_args': None, 'build_base': '/home/duy/cocarry_ws/build/rula_tracker', 'catkin_cmake_args': None, 'catkin_skip_building_tests': False, 'cmake_args': None, 'cmake_clean_cache': False, 'cmake_clean_first': False, 'cmake_force_configure': False, 'cmake_target': None, 'cmake_target_skip_unavailable': False, 'install_base': '/home/duy/cocarry_ws/install/rula_tracker', 'merge_install': False, 'path': '/home/duy/cocarry_ws/src/rula_tracker', 'symlink_install': False, 'test_result_base': None}[0m
[0.315s] [34mcolcon.colcon_core.verb[0m [1;30mLevel 5[0m set package 'trac_ik_lib' build argument 'cmake_args' from command line to 'None'
[0.315s] [34mcolcon.colcon_core.verb[0m [1;30mLevel 5[0m set package 'trac_ik_lib' build argument 'cmake_target' from command line to 'None'
[0.315s] [34mcolcon.colcon_core.verb[0m [1;30mLevel 5[0m set package 'trac_ik_lib' build argument 'cmake_target_skip_unavailable' from command line to 'False'
[0.315s] [34mcolcon.colcon_core.verb[0m [1;30mLevel 5[0m set package 'trac_ik_lib' build argument 'cmake_clean_cache' from command line to 'False'
[0.315s] [34mcolcon.colcon_core.verb[0m [1;30mLevel 5[0m set package 'trac_ik_lib' build argument 'cmake_clean_first' from command line to 'False'
[0.315s] [34mcolcon.colcon_core.verb[0m [1;30mLevel 5[0m set package 'trac_ik_lib' build argument 'cmake_force_configure' from command line to 'False'
[0.315s] [34mcolcon.colcon_core.verb[0m [1;30mLevel 5[0m set package 'trac_ik_lib' build argument 'ament_cmake_args' from command line to 'None'
[0.316s] [34mcolcon.colcon_core.verb[0m [1;30mLevel 5[0m set package 'trac_ik_lib' build argument 'catkin_cmake_args' from command line to 'None'
[0.316s] [34mcolcon.colcon_core.verb[0m [1;30mLevel 5[0m set package 'trac_ik_lib' build argument 'catkin_skip_building_tests' from command line to 'False'
[0.316s] [34mcolcon.colcon_core.verb[0m [1;30mDEBUG[0m [32mBuilding package 'trac_ik_lib' with the following arguments: {'ament_cmake_args': None, 'build_base': '/home/duy/cocarry_ws/build/trac_ik_lib', 'catkin_cmake_args': None, 'catkin_skip_building_tests': False, 'cmake_args': None, 'cmake_clean_cache': False, 'cmake_clean_first': False, 'cmake_force_configure': False, 'cmake_target': None, 'cmake_target_skip_unavailable': False, 'install_base': '/home/duy/cocarry_ws/install/trac_ik_lib', 'merge_install': False, 'path': '/home/duy/cocarry_ws/src/trac_ik/trac_ik_lib', 'symlink_install': False, 'test_result_base': None}[0m
[0.316s] [34mcolcon.colcon_core.verb[0m [1;30mLevel 5[0m set package 'coord_transform' build argument 'cmake_args' from command line to 'None'
[0.316s] [34mcolcon.colcon_core.verb[0m [1;30mLevel 5[0m set package 'coord_transform' build argument 'cmake_target' from command line to 'None'
[0.316s] [34mcolcon.colcon_core.verb[0m [1;30mLevel 5[0m set package 'coord_transform' build argument 'cmake_target_skip_unavailable' from command line to 'False'
[0.316s] [34mcolcon.colcon_core.verb[0m [1;30mLevel 5[0m set package 'coord_transform' build argument 'cmake_clean_cache' from command line to 'False'
[0.316s] [34mcolcon.colcon_core.verb[0m [1;30mLevel 5[0m set package 'coord_transform' build argument 'cmake_clean_first' from command line to 'False'
[0.316s] [34mcolcon.colcon_core.verb[0m [1;30mLevel 5[0m set package 'coord_transform' build argument 'cmake_force_configure' from command line to 'False'
[0.316s] [34mcolcon.colcon_core.verb[0m [1;30mLevel 5[0m set package 'coord_transform' build argument 'ament_cmake_args' from command line to 'None'
[0.316s] [34mcolcon.colcon_core.verb[0m [1;30mLevel 5[0m set package 'coord_transform' build argument 'catkin_cmake_args' from command line to 'None'
[0.316s] [34mcolcon.colcon_core.verb[0m [1;30mLevel 5[0m set package 'coord_transform' build argument 'catkin_skip_building_tests' from command line to 'False'
[0.316s] [34mcolcon.colcon_core.verb[0m [1;30mDEBUG[0m [32mBuilding package 'coord_transform' with the following arguments: {'ament_cmake_args': None, 'build_base': '/home/duy/cocarry_ws/build/coord_transform', 'catkin_cmake_args': None, 'catkin_skip_building_tests': False, 'cmake_args': None, 'cmake_clean_cache': False, 'cmake_clean_first': False, 'cmake_force_configure': False, 'cmake_target': None, 'cmake_target_skip_unavailable': False, 'install_base': '/home/duy/cocarry_ws/install/coord_transform', 'merge_install': False, 'path': '/home/duy/cocarry_ws/src/coord_transform', 'symlink_install': False, 'test_result_base': None}[0m
[0.316s] [34mcolcon.colcon_core.verb[0m [1;30mLevel 5[0m set package 'experiment_logger' build argument 'cmake_args' from command line to 'None'
[0.316s] [34mcolcon.colcon_core.verb[0m [1;30mLevel 5[0m set package 'experiment_logger' build argument 'cmake_target' from command line to 'None'
[0.316s] [34mcolcon.colcon_core.verb[0m [1;30mLevel 5[0m set package 'experiment_logger' build argument 'cmake_target_skip_unavailable' from command line to 'False'
[0.316s] [34mcolcon.colcon_core.verb[0m [1;30mLevel 5[0m set package 'experiment_logger' build argument 'cmake_clean_cache' from command line to 'False'
[0.316s] [34mcolcon.colcon_core.verb[0m [1;30mLevel 5[0m set package 'experiment_logger' build argument 'cmake_clean_first' from command line to 'False'
[0.316s] [34mcolcon.colcon_core.verb[0m [1;30mLevel 5[0m set package 'experiment_logger' build argument 'cmake_force_configure' from command line to 'False'
[0.316s] [34mcolcon.colcon_core.verb[0m [1;30mLevel 5[0m set package 'experiment_logger' build argument 'ament_cmake_args' from command line to 'None'
[0.316s] [34mcolcon.colcon_core.verb[0m [1;30mLevel 5[0m set package 'experiment_logger' build argument 'catkin_cmake_args' from command line to 'None'
[0.316s] [34mcolcon.colcon_core.verb[0m [1;30mLevel 5[0m set package 'experiment_logger' build argument 'catkin_skip_building_tests' from command line to 'False'
[0.316s] [34mcolcon.colcon_core.verb[0m [1;30mDEBUG[0m [32mBuilding package 'experiment_logger' with the following arguments: {'ament_cmake_args': None, 'build_base': '/home/duy/cocarry_ws/build/experiment_logger', 'catkin_cmake_args': None, 'catkin_skip_building_tests': False, 'cmake_args': None, 'cmake_clean_cache': False, 'cmake_clean_first': False, 'cmake_force_configure': False, 'cmake_target': None, 'cmake_target_skip_unavailable': False, 'install_base': '/home/duy/cocarry_ws/install/experiment_logger', 'merge_install': False, 'path': '/home/duy/cocarry_ws/src/experiment_logger', 'symlink_install': False, 'test_result_base': None}[0m
[0.316s] [34mcolcon.colcon_core.verb[0m [1;30mLevel 5[0m set package 'kinect2_bridge' build argument 'cmake_args' from command line to 'None'
[0.317s] [34mcolcon.colcon_core.verb[0m [1;30mLevel 5[0m set package 'kinect2_bridge' build argument 'cmake_target' from command line to 'None'
[0.317s] [34mcolcon.colcon_core.verb[0m [1;30mLevel 5[0m set package 'kinect2_bridge' build argument 'cmake_target_skip_unavailable' from command line to 'False'
[0.317s] [34mcolcon.colcon_core.verb[0m [1;30mLevel 5[0m set package 'kinect2_bridge' build argument 'cmake_clean_cache' from command line to 'False'
[0.317s] [34mcolcon.colcon_core.verb[0m [1;30mLevel 5[0m set package 'kinect2_bridge' build argument 'cmake_clean_first' from command line to 'False'
[0.317s] [34mcolcon.colcon_core.verb[0m [1;30mLevel 5[0m set package 'kinect2_bridge' build argument 'cmake_force_configure' from command line to 'False'
[0.317s] [34mcolcon.colcon_core.verb[0m [1;30mLevel 5[0m set package 'kinect2_bridge' build argument 'ament_cmake_args' from command line to 'None'
[0.317s] [34mcolcon.colcon_core.verb[0m [1;30mLevel 5[0m set package 'kinect2_bridge' build argument 'catkin_cmake_args' from command line to 'None'
[0.317s] [34mcolcon.colcon_core.verb[0m [1;30mLevel 5[0m set package 'kinect2_bridge' build argument 'catkin_skip_building_tests' from command line to 'False'
[0.317s] [34mcolcon.colcon_core.verb[0m [1;30mDEBUG[0m [32mBuilding package 'kinect2_bridge' with the following arguments: {'ament_cmake_args': None, 'build_base': '/home/duy/cocarry_ws/build/kinect2_bridge', 'catkin_cmake_args': None, 'catkin_skip_building_tests': False, 'cmake_args': None, 'cmake_clean_cache': False, 'cmake_clean_first': False, 'cmake_force_configure': False, 'cmake_target': None, 'cmake_target_skip_unavailable': False, 'install_base': '/home/duy/cocarry_ws/install/kinect2_bridge', 'merge_install': False, 'path': '/home/duy/cocarry_ws/src/kinect2_ros2/kinect2_bridge', 'symlink_install': False, 'test_result_base': None}[0m
[0.317s] [34mcolcon.colcon_core.verb[0m [1;30mLevel 5[0m set package 'motoman_gp4_support' build argument 'cmake_args' from command line to 'None'
[0.317s] [34mcolcon.colcon_core.verb[0m [1;30mLevel 5[0m set package 'motoman_gp4_support' build argument 'cmake_target' from command line to 'None'
[0.317s] [34mcolcon.colcon_core.verb[0m [1;30mLevel 5[0m set package 'motoman_gp4_support' build argument 'cmake_target_skip_unavailable' from command line to 'False'
[0.317s] [34mcolcon.colcon_core.verb[0m [1;30mLevel 5[0m set package 'motoman_gp4_support' build argument 'cmake_clean_cache' from command line to 'False'
[0.317s] [34mcolcon.colcon_core.verb[0m [1;30mLevel 5[0m set package 'motoman_gp4_support' build argument 'cmake_clean_first' from command line to 'False'
[0.317s] [34mcolcon.colcon_core.verb[0m [1;30mLevel 5[0m set package 'motoman_gp4_support' build argument 'cmake_force_configure' from command line to 'False'
[0.317s] [34mcolcon.colcon_core.verb[0m [1;30mLevel 5[0m set package 'motoman_gp4_support' build argument 'ament_cmake_args' from command line to 'None'
[0.317s] [34mcolcon.colcon_core.verb[0m [1;30mLevel 5[0m set package 'motoman_gp4_support' build argument 'catkin_cmake_args' from command line to 'None'
[0.317s] [34mcolcon.colcon_core.verb[0m [1;30mLevel 5[0m set package 'motoman_gp4_support' build argument 'catkin_skip_building_tests' from command line to 'False'
[0.317s] [34mcolcon.colcon_core.verb[0m [1;30mDEBUG[0m [32mBuilding package 'motoman_gp4_support' with the following arguments: {'ament_cmake_args': None, 'build_base': '/home/duy/cocarry_ws/build/motoman_gp4_support', 'catkin_cmake_args': None, 'catkin_skip_building_tests': False, 'cmake_args': None, 'cmake_clean_cache': False, 'cmake_clean_first': False, 'cmake_force_configure': False, 'cmake_target': None, 'cmake_target_skip_unavailable': False, 'install_base': '/home/duy/cocarry_ws/install/motoman_gp4_support', 'merge_install': False, 'path': '/home/duy/cocarry_ws/src/motoman_ros2_support_packages/motoman_gp4_support', 'symlink_install': False, 'test_result_base': None}[0m
[0.317s] [34mcolcon.colcon_core.verb[0m [1;30mLevel 5[0m set package 'motoman_hc10dtp_support' build argument 'cmake_args' from command line to 'None'
[0.317s] [34mcolcon.colcon_core.verb[0m [1;30mLevel 5[0m set package 'motoman_hc10dtp_support' build argument 'cmake_target' from command line to 'None'
[0.317s] [34mcolcon.colcon_core.verb[0m [1;30mLevel 5[0m set package 'motoman_hc10dtp_support' build argument 'cmake_target_skip_unavailable' from command line to 'False'
[0.317s] [34mcolcon.colcon_core.verb[0m [1;30mLevel 5[0m set package 'motoman_hc10dtp_support' build argument 'cmake_clean_cache' from command line to 'False'
[0.317s] [34mcolcon.colcon_core.verb[0m [1;30mLevel 5[0m set package 'motoman_hc10dtp_support' build argument 'cmake_clean_first' from command line to 'False'
[0.317s] [34mcolcon.colcon_core.verb[0m [1;30mLevel 5[0m set package 'motoman_hc10dtp_support' build argument 'cmake_force_configure' from command line to 'False'
[0.317s] [34mcolcon.colcon_core.verb[0m [1;30mLevel 5[0m set package 'motoman_hc10dtp_support' build argument 'ament_cmake_args' from command line to 'None'
[0.317s] [34mcolcon.colcon_core.verb[0m [1;30mLevel 5[0m set package 'motoman_hc10dtp_support' build argument 'catkin_cmake_args' from command line to 'None'
[0.317s] [34mcolcon.colcon_core.verb[0m [1;30mLevel 5[0m set package 'motoman_hc10dtp_support' build argument 'catkin_skip_building_tests' from command line to 'False'
[0.317s] [34mcolcon.colcon_core.verb[0m [1;30mDEBUG[0m [32mBuilding package 'motoman_hc10dtp_support' with the following arguments: {'ament_cmake_args': None, 'build_base': '/home/duy/cocarry_ws/build/motoman_hc10dtp_support', 'catkin_cmake_args': None, 'catkin_skip_building_tests': False, 'cmake_args': None, 'cmake_clean_cache': False, 'cmake_clean_first': False, 'cmake_force_configure': False, 'cmake_target': None, 'cmake_target_skip_unavailable': False, 'install_base': '/home/duy/cocarry_ws/install/motoman_hc10dtp_support', 'merge_install': False, 'path': '/home/duy/cocarry_ws/src/motoman_ros2_support_packages/motoman_hc10dtp_support', 'symlink_install': False, 'test_result_base': None}[0m
[0.318s] [34mcolcon.colcon_core.verb[0m [1;30mLevel 5[0m set package 'motoros2_client_interface_dependencies' build argument 'cmake_args' from command line to 'None'
[0.318s] [34mcolcon.colcon_core.verb[0m [1;30mLevel 5[0m set package 'motoros2_client_interface_dependencies' build argument 'cmake_target' from command line to 'None'
[0.318s] [34mcolcon.colcon_core.verb[0m [1;30mLevel 5[0m set package 'motoros2_client_interface_dependencies' build argument 'cmake_target_skip_unavailable' from command line to 'False'
[0.318s] [34mcolcon.colcon_core.verb[0m [1;30mLevel 5[0m set package 'motoros2_client_interface_dependencies' build argument 'cmake_clean_cache' from command line to 'False'
[0.318s] [34mcolcon.colcon_core.verb[0m [1;30mLevel 5[0m set package 'motoros2_client_interface_dependencies' build argument 'cmake_clean_first' from command line to 'False'
[0.318s] [34mcolcon.colcon_core.verb[0m [1;30mLevel 5[0m set package 'motoros2_client_interface_dependencies' build argument 'cmake_force_configure' from command line to 'False'
[0.318s] [34mcolcon.colcon_core.verb[0m [1;30mLevel 5[0m set package 'motoros2_client_interface_dependencies' build argument 'ament_cmake_args' from command line to 'None'
[0.318s] [34mcolcon.colcon_core.verb[0m [1;30mLevel 5[0m set package 'motoros2_client_interface_dependencies' build argument 'catkin_cmake_args' from command line to 'None'
[0.318s] [34mcolcon.colcon_core.verb[0m [1;30mLevel 5[0m set package 'motoros2_client_interface_dependencies' build argument 'catkin_skip_building_tests' from command line to 'False'
[0.318s] [34mcolcon.colcon_core.verb[0m [1;30mDEBUG[0m [32mBuilding package 'motoros2_client_interface_dependencies' with the following arguments: {'ament_cmake_args': None, 'build_base': '/home/duy/cocarry_ws/build/motoros2_client_interface_dependencies', 'catkin_cmake_args': None, 'catkin_skip_building_tests': False, 'cmake_args': None, 'cmake_clean_cache': False, 'cmake_clean_first': False, 'cmake_force_configure': False, 'cmake_target': None, 'cmake_target_skip_unavailable': False, 'install_base': '/home/duy/cocarry_ws/install/motoros2_client_interface_dependencies', 'merge_install': False, 'path': '/home/duy/cocarry_ws/src/motoros2_client_interface_dependencies', 'symlink_install': False, 'test_result_base': None}[0m
[0.318s] [34mcolcon.colcon_core.verb[0m [1;30mLevel 5[0m set package 'predictor_ui' build argument 'cmake_args' from command line to 'None'
[0.318s] [34mcolcon.colcon_core.verb[0m [1;30mLevel 5[0m set package 'predictor_ui' build argument 'cmake_target' from command line to 'None'
[0.318s] [34mcolcon.colcon_core.verb[0m [1;30mLevel 5[0m set package 'predictor_ui' build argument 'cmake_target_skip_unavailable' from command line to 'False'
[0.318s] [34mcolcon.colcon_core.verb[0m [1;30mLevel 5[0m set package 'predictor_ui' build argument 'cmake_clean_cache' from command line to 'False'
[0.318s] [34mcolcon.colcon_core.verb[0m [1;30mLevel 5[0m set package 'predictor_ui' build argument 'cmake_clean_first' from command line to 'False'
[0.318s] [34mcolcon.colcon_core.verb[0m [1;30mLevel 5[0m set package 'predictor_ui' build argument 'cmake_force_configure' from command line to 'False'
[0.318s] [34mcolcon.colcon_core.verb[0m [1;30mLevel 5[0m set package 'predictor_ui' build argument 'ament_cmake_args' from command line to 'None'
[0.318s] [34mcolcon.colcon_core.verb[0m [1;30mLevel 5[0m set package 'predictor_ui' build argument 'catkin_cmake_args' from command line to 'None'
[0.318s] [34mcolcon.colcon_core.verb[0m [1;30mLevel 5[0m set package 'predictor_ui' build argument 'catkin_skip_building_tests' from command line to 'False'
[0.318s] [34mcolcon.colcon_core.verb[0m [1;30mDEBUG[0m [32mBuilding package 'predictor_ui' with the following arguments: {'ament_cmake_args': None, 'build_base': '/home/duy/cocarry_ws/build/predictor_ui', 'catkin_cmake_args': None, 'catkin_skip_building_tests': False, 'cmake_args': None, 'cmake_clean_cache': False, 'cmake_clean_first': False, 'cmake_force_configure': False, 'cmake_target': None, 'cmake_target_skip_unavailable': False, 'install_base': '/home/duy/cocarry_ws/install/predictor_ui', 'merge_install': False, 'path': '/home/duy/cocarry_ws/src/predictor_ui', 'symlink_install': False, 'test_result_base': None}[0m
[0.318s] [34mcolcon.colcon_core.verb[0m [1;30mLevel 5[0m set package 'realsense_tracker' build argument 'cmake_args' from command line to 'None'
[0.318s] [34mcolcon.colcon_core.verb[0m [1;30mLevel 5[0m set package 'realsense_tracker' build argument 'cmake_target' from command line to 'None'
[0.318s] [34mcolcon.colcon_core.verb[0m [1;30mLevel 5[0m set package 'realsense_tracker' build argument 'cmake_target_skip_unavailable' from command line to 'False'
[0.318s] [34mcolcon.colcon_core.verb[0m [1;30mLevel 5[0m set package 'realsense_tracker' build argument 'cmake_clean_cache' from command line to 'False'
[0.318s] [34mcolcon.colcon_core.verb[0m [1;30mLevel 5[0m set package 'realsense_tracker' build argument 'cmake_clean_first' from command line to 'False'
[0.318s] [34mcolcon.colcon_core.verb[0m [1;30mLevel 5[0m set package 'realsense_tracker' build argument 'cmake_force_configure' from command line to 'False'
[0.318s] [34mcolcon.colcon_core.verb[0m [1;30mLevel 5[0m set package 'realsense_tracker' build argument 'ament_cmake_args' from command line to 'None'
[0.318s] [34mcolcon.colcon_core.verb[0m [1;30mLevel 5[0m set package 'realsense_tracker' build argument 'catkin_cmake_args' from command line to 'None'
[0.318s] [34mcolcon.colcon_core.verb[0m [1;30mLevel 5[0m set package 'realsense_tracker' build argument 'catkin_skip_building_tests' from command line to 'False'
[0.318s] [34mcolcon.colcon_core.verb[0m [1;30mDEBUG[0m [32mBuilding package 'realsense_tracker' with the following arguments: {'ament_cmake_args': None, 'build_base': '/home/duy/cocarry_ws/build/realsense_tracker', 'catkin_cmake_args': None, 'catkin_skip_building_tests': False, 'cmake_args': None, 'cmake_clean_cache': False, 'cmake_clean_first': False, 'cmake_force_configure': False, 'cmake_target': None, 'cmake_target_skip_unavailable': False, 'install_base': '/home/duy/cocarry_ws/install/realsense_tracker', 'merge_install': False, 'path': '/home/duy/cocarry_ws/src/realsense_tracker', 'symlink_install': False, 'test_result_base': None}[0m
[0.319s] [34mcolcon.colcon_core.verb[0m [1;30mLevel 5[0m set package 'trac_ik_kinematics' build argument 'cmake_args' from command line to 'None'
[0.319s] [34mcolcon.colcon_core.verb[0m [1;30mLevel 5[0m set package 'trac_ik_kinematics' build argument 'cmake_target' from command line to 'None'
[0.319s] [34mcolcon.colcon_core.verb[0m [1;30mLevel 5[0m set package 'trac_ik_kinematics' build argument 'cmake_target_skip_unavailable' from command line to 'False'
[0.319s] [34mcolcon.colcon_core.verb[0m [1;30mLevel 5[0m set package 'trac_ik_kinematics' build argument 'cmake_clean_cache' from command line to 'False'
[0.319s] [34mcolcon.colcon_core.verb[0m [1;30mLevel 5[0m set package 'trac_ik_kinematics' build argument 'cmake_clean_first' from command line to 'False'
[0.319s] [34mcolcon.colcon_core.verb[0m [1;30mLevel 5[0m set package 'trac_ik_kinematics' build argument 'cmake_force_configure' from command line to 'False'
[0.319s] [34mcolcon.colcon_core.verb[0m [1;30mLevel 5[0m set package 'trac_ik_kinematics' build argument 'ament_cmake_args' from command line to 'None'
[0.319s] [34mcolcon.colcon_core.verb[0m [1;30mLevel 5[0m set package 'trac_ik_kinematics' build argument 'catkin_cmake_args' from command line to 'None'
[0.319s] [34mcolcon.colcon_core.verb[0m [1;30mLevel 5[0m set package 'trac_ik_kinematics' build argument 'catkin_skip_building_tests' from command line to 'False'
[0.319s] [34mcolcon.colcon_core.verb[0m [1;30mDEBUG[0m [32mBuilding package 'trac_ik_kinematics' with the following arguments: {'ament_cmake_args': None, 'build_base': '/home/duy/cocarry_ws/build/trac_ik_kinematics', 'catkin_cmake_args': None, 'catkin_skip_building_tests': False, 'cmake_args': None, 'cmake_clean_cache': False, 'cmake_clean_first': False, 'cmake_force_configure': False, 'cmake_target': None, 'cmake_target_skip_unavailable': False, 'install_base': '/home/duy/cocarry_ws/install/trac_ik_kinematics', 'merge_install': False, 'path': '/home/duy/cocarry_ws/src/trac_ik/trac_ik_kinematics', 'symlink_install': False, 'test_result_base': None}[0m
[0.319s] [34mcolcon.colcon_core.verb[0m [1;30mLevel 5[0m set package 'trajectory_predictor' build argument 'cmake_args' from command line to 'None'
[0.319s] [34mcolcon.colcon_core.verb[0m [1;30mLevel 5[0m set package 'trajectory_predictor' build argument 'cmake_target' from command line to 'None'
[0.319s] [34mcolcon.colcon_core.verb[0m [1;30mLevel 5[0m set package 'trajectory_predictor' build argument 'cmake_target_skip_unavailable' from command line to 'False'
[0.319s] [34mcolcon.colcon_core.verb[0m [1;30mLevel 5[0m set package 'trajectory_predictor' build argument 'cmake_clean_cache' from command line to 'False'
[0.319s] [34mcolcon.colcon_core.verb[0m [1;30mLevel 5[0m set package 'trajectory_predictor' build argument 'cmake_clean_first' from command line to 'False'
[0.319s] [34mcolcon.colcon_core.verb[0m [1;30mLevel 5[0m set package 'trajectory_predictor' build argument 'cmake_force_configure' from command line to 'False'
[0.319s] [34mcolcon.colcon_core.verb[0m [1;30mLevel 5[0m set package 'trajectory_predictor' build argument 'ament_cmake_args' from command line to 'None'
[0.319s] [34mcolcon.colcon_core.verb[0m [1;30mLevel 5[0m set package 'trajectory_predictor' build argument 'catkin_cmake_args' from command line to 'None'
[0.319s] [34mcolcon.colcon_core.verb[0m [1;30mLevel 5[0m set package 'trajectory_predictor' build argument 'catkin_skip_building_tests' from command line to 'False'
[0.319s] [34mcolcon.colcon_core.verb[0m [1;30mDEBUG[0m [32mBuilding package 'trajectory_predictor' with the following arguments: {'ament_cmake_args': None, 'build_base': '/home/duy/cocarry_ws/build/trajectory_predictor', 'catkin_cmake_args': None, 'catkin_skip_building_tests': False, 'cmake_args': None, 'cmake_clean_cache': False, 'cmake_clean_first': False, 'cmake_force_configure': False, 'cmake_target': None, 'cmake_target_skip_unavailable': False, 'install_base': '/home/duy/cocarry_ws/install/trajectory_predictor', 'merge_install': False, 'path': '/home/duy/cocarry_ws/src/trajectory_predictor', 'symlink_install': False, 'test_result_base': None}[0m
[0.319s] [34mcolcon.colcon_core.verb[0m [1;30mLevel 5[0m set package 'hc10dtp_moveit_config' build argument 'cmake_args' from command line to 'None'
[0.319s] [34mcolcon.colcon_core.verb[0m [1;30mLevel 5[0m set package 'hc10dtp_moveit_config' build argument 'cmake_target' from command line to 'None'
[0.319s] [34mcolcon.colcon_core.verb[0m [1;30mLevel 5[0m set package 'hc10dtp_moveit_config' build argument 'cmake_target_skip_unavailable' from command line to 'False'
[0.320s] [34mcolcon.colcon_core.verb[0m [1;30mLevel 5[0m set package 'hc10dtp_moveit_config' build argument 'cmake_clean_cache' from command line to 'False'
[0.320s] [34mcolcon.colcon_core.verb[0m [1;30mLevel 5[0m set package 'hc10dtp_moveit_config' build argument 'cmake_clean_first' from command line to 'False'
[0.320s] [34mcolcon.colcon_core.verb[0m [1;30mLevel 5[0m set package 'hc10dtp_moveit_config' build argument 'cmake_force_configure' from command line to 'False'
[0.320s] [34mcolcon.colcon_core.verb[0m [1;30mLevel 5[0m set package 'hc10dtp_moveit_config' build argument 'ament_cmake_args' from command line to 'None'
[0.320s] [34mcolcon.colcon_core.verb[0m [1;30mLevel 5[0m set package 'hc10dtp_moveit_config' build argument 'catkin_cmake_args' from command line to 'None'
[0.320s] [34mcolcon.colcon_core.verb[0m [1;30mLevel 5[0m set package 'hc10dtp_moveit_config' build argument 'catkin_skip_building_tests' from command line to 'False'
[0.320s] [34mcolcon.colcon_core.verb[0m [1;30mDEBUG[0m [32mBuilding package 'hc10dtp_moveit_config' with the following arguments: {'ament_cmake_args': None, 'build_base': '/home/duy/cocarry_ws/build/hc10dtp_moveit_config', 'catkin_cmake_args': None, 'catkin_skip_building_tests': False, 'cmake_args': None, 'cmake_clean_cache': False, 'cmake_clean_first': False, 'cmake_force_configure': False, 'cmake_target': None, 'cmake_target_skip_unavailable': False, 'install_base': '/home/duy/cocarry_ws/install/hc10dtp_moveit_config', 'merge_install': False, 'path': '/home/duy/cocarry_ws/src/hc10dtp_moveit_config', 'symlink_install': False, 'test_result_base': None}[0m
[0.320s] [34mcolcon.colcon_core.verb[0m [1;30mLevel 5[0m set package 'kinect2_calibration' build argument 'cmake_args' from command line to 'None'
[0.320s] [34mcolcon.colcon_core.verb[0m [1;30mLevel 5[0m set package 'kinect2_calibration' build argument 'cmake_target' from command line to 'None'
[0.320s] [34mcolcon.colcon_core.verb[0m [1;30mLevel 5[0m set package 'kinect2_calibration' build argument 'cmake_target_skip_unavailable' from command line to 'False'
[0.320s] [34mcolcon.colcon_core.verb[0m [1;30mLevel 5[0m set package 'kinect2_calibration' build argument 'cmake_clean_cache' from command line to 'False'
[0.320s] [34mcolcon.colcon_core.verb[0m [1;30mLevel 5[0m set package 'kinect2_calibration' build argument 'cmake_clean_first' from command line to 'False'
[0.320s] [34mcolcon.colcon_core.verb[0m [1;30mLevel 5[0m set package 'kinect2_calibration' build argument 'cmake_force_configure' from command line to 'False'
[0.320s] [34mcolcon.colcon_core.verb[0m [1;30mLevel 5[0m set package 'kinect2_calibration' build argument 'ament_cmake_args' from command line to 'None'
[0.320s] [34mcolcon.colcon_core.verb[0m [1;30mLevel 5[0m set package 'kinect2_calibration' build argument 'catkin_cmake_args' from command line to 'None'
[0.320s] [34mcolcon.colcon_core.verb[0m [1;30mLevel 5[0m set package 'kinect2_calibration' build argument 'catkin_skip_building_tests' from command line to 'False'
[0.320s] [34mcolcon.colcon_core.verb[0m [1;30mDEBUG[0m [32mBuilding package 'kinect2_calibration' with the following arguments: {'ament_cmake_args': None, 'build_base': '/home/duy/cocarry_ws/build/kinect2_calibration', 'catkin_cmake_args': None, 'catkin_skip_building_tests': False, 'cmake_args': None, 'cmake_clean_cache': False, 'cmake_clean_first': False, 'cmake_force_configure': False, 'cmake_target': None, 'cmake_target_skip_unavailable': False, 'install_base': '/home/duy/cocarry_ws/install/kinect2_calibration', 'merge_install': False, 'path': '/home/duy/cocarry_ws/src/kinect2_ros2/kinect2_calibration', 'symlink_install': False, 'test_result_base': None}[0m
[0.320s] [34mcolcon.colcon_core.verb[0m [1;30mLevel 5[0m set package 'trac_ik' build argument 'cmake_args' from command line to 'None'
[0.320s] [34mcolcon.colcon_core.verb[0m [1;30mLevel 5[0m set package 'trac_ik' build argument 'cmake_target' from command line to 'None'
[0.320s] [34mcolcon.colcon_core.verb[0m [1;30mLevel 5[0m set package 'trac_ik' build argument 'cmake_target_skip_unavailable' from command line to 'False'
[0.320s] [34mcolcon.colcon_core.verb[0m [1;30mLevel 5[0m set package 'trac_ik' build argument 'cmake_clean_cache' from command line to 'False'
[0.320s] [34mcolcon.colcon_core.verb[0m [1;30mLevel 5[0m set package 'trac_ik' build argument 'cmake_clean_first' from command line to 'False'
[0.320s] [34mcolcon.colcon_core.verb[0m [1;30mLevel 5[0m set package 'trac_ik' build argument 'cmake_force_configure' from command line to 'False'
[0.320s] [34mcolcon.colcon_core.verb[0m [1;30mLevel 5[0m set package 'trac_ik' build argument 'ament_cmake_args' from command line to 'None'
[0.320s] [34mcolcon.colcon_core.verb[0m [1;30mLevel 5[0m set package 'trac_ik' build argument 'catkin_cmake_args' from command line to 'None'
[0.320s] [34mcolcon.colcon_core.verb[0m [1;30mLevel 5[0m set package 'trac_ik' build argument 'catkin_skip_building_tests' from command line to 'False'
[0.320s] [34mcolcon.colcon_core.verb[0m [1;30mDEBUG[0m [32mBuilding package 'trac_ik' with the following arguments: {'ament_cmake_args': None, 'build_base': '/home/duy/cocarry_ws/build/trac_ik', 'catkin_cmake_args': None, 'catkin_skip_building_tests': False, 'cmake_args': None, 'cmake_clean_cache': False, 'cmake_clean_first': False, 'cmake_force_configure': False, 'cmake_target': None, 'cmake_target_skip_unavailable': False, 'install_base': '/home/duy/cocarry_ws/install/trac_ik', 'merge_install': False, 'path': '/home/duy/cocarry_ws/src/trac_ik/trac_ik', 'symlink_install': False, 'test_result_base': None}[0m
[0.321s] [34mcolcon.colcon_core.verb[0m [1;30mLevel 5[0m set package 'hc10dtp_bringup' build argument 'cmake_args' from command line to 'None'
[0.321s] [34mcolcon.colcon_core.verb[0m [1;30mLevel 5[0m set package 'hc10dtp_bringup' build argument 'cmake_target' from command line to 'None'
[0.321s] [34mcolcon.colcon_core.verb[0m [1;30mLevel 5[0m set package 'hc10dtp_bringup' build argument 'cmake_target_skip_unavailable' from command line to 'False'
[0.321s] [34mcolcon.colcon_core.verb[0m [1;30mLevel 5[0m set package 'hc10dtp_bringup' build argument 'cmake_clean_cache' from command line to 'False'
[0.321s] [34mcolcon.colcon_core.verb[0m [1;30mLevel 5[0m set package 'hc10dtp_bringup' build argument 'cmake_clean_first' from command line to 'False'
[0.321s] [34mcolcon.colcon_core.verb[0m [1;30mLevel 5[0m set package 'hc10dtp_bringup' build argument 'cmake_force_configure' from command line to 'False'
[0.321s] [34mcolcon.colcon_core.verb[0m [1;30mLevel 5[0m set package 'hc10dtp_bringup' build argument 'ament_cmake_args' from command line to 'None'
[0.321s] [34mcolcon.colcon_core.verb[0m [1;30mLevel 5[0m set package 'hc10dtp_bringup' build argument 'catkin_cmake_args' from command line to 'None'
[0.321s] [34mcolcon.colcon_core.verb[0m [1;30mLevel 5[0m set package 'hc10dtp_bringup' build argument 'catkin_skip_building_tests' from command line to 'False'
[0.321s] [34mcolcon.colcon_core.verb[0m [1;30mDEBUG[0m [32mBuilding package 'hc10dtp_bringup' with the following arguments: {'ament_cmake_args': None, 'build_base': '/home/duy/cocarry_ws/build/hc10dtp_bringup', 'catkin_cmake_args': None, 'catkin_skip_building_tests': False, 'cmake_args': None, 'cmake_clean_cache': False, 'cmake_clean_first': False, 'cmake_force_configure': False, 'cmake_target': None, 'cmake_target_skip_unavailable': False, 'install_base': '/home/duy/cocarry_ws/install/hc10dtp_bringup', 'merge_install': False, 'path': '/home/duy/cocarry_ws/src/hc10dtp_bringup', 'symlink_install': False, 'test_result_base': None}[0m
[0.321s] [34mcolcon.colcon_core.verb[0m [1;30mLevel 5[0m set package 'hc10dtp_simulation' build argument 'cmake_args' from command line to 'None'
[0.321s] [34mcolcon.colcon_core.verb[0m [1;30mLevel 5[0m set package 'hc10dtp_simulation' build argument 'cmake_target' from command line to 'None'
[0.321s] [34mcolcon.colcon_core.verb[0m [1;30mLevel 5[0m set package 'hc10dtp_simulation' build argument 'cmake_target_skip_unavailable' from command line to 'False'
[0.321s] [34mcolcon.colcon_core.verb[0m [1;30mLevel 5[0m set package 'hc10dtp_simulation' build argument 'cmake_clean_cache' from command line to 'False'
[0.321s] [34mcolcon.colcon_core.verb[0m [1;30mLevel 5[0m set package 'hc10dtp_simulation' build argument 'cmake_clean_first' from command line to 'False'
[0.321s] [34mcolcon.colcon_core.verb[0m [1;30mLevel 5[0m set package 'hc10dtp_simulation' build argument 'cmake_force_configure' from command line to 'False'
[0.321s] [34mcolcon.colcon_core.verb[0m [1;30mLevel 5[0m set package 'hc10dtp_simulation' build argument 'ament_cmake_args' from command line to 'None'
[0.321s] [34mcolcon.colcon_core.verb[0m [1;30mLevel 5[0m set package 'hc10dtp_simulation' build argument 'catkin_cmake_args' from command line to 'None'
[0.321s] [34mcolcon.colcon_core.verb[0m [1;30mLevel 5[0m set package 'hc10dtp_simulation' build argument 'catkin_skip_building_tests' from command line to 'False'
[0.321s] [34mcolcon.colcon_core.verb[0m [1;30mDEBUG[0m [32mBuilding package 'hc10dtp_simulation' with the following arguments: {'ament_cmake_args': None, 'build_base': '/home/duy/cocarry_ws/build/hc10dtp_simulation', 'catkin_cmake_args': None, 'catkin_skip_building_tests': False, 'cmake_args': None, 'cmake_clean_cache': False, 'cmake_clean_first': False, 'cmake_force_configure': False, 'cmake_target': None, 'cmake_target_skip_unavailable': False, 'install_base': '/home/duy/cocarry_ws/install/hc10dtp_simulation', 'merge_install': False, 'path': '/home/duy/cocarry_ws/src/hc10dtp_simulation', 'symlink_install': False, 'test_result_base': None}[0m
[0.321s] [34mcolcon.colcon_core.verb[0m [1;30mLevel 5[0m set package 'hrc_bringup' build argument 'cmake_args' from command line to 'None'
[0.321s] [34mcolcon.colcon_core.verb[0m [1;30mLevel 5[0m set package 'hrc_bringup' build argument 'cmake_target' from command line to 'None'
[0.321s] [34mcolcon.colcon_core.verb[0m [1;30mLevel 5[0m set package 'hrc_bringup' build argument 'cmake_target_skip_unavailable' from command line to 'False'
[0.321s] [34mcolcon.colcon_core.verb[0m [1;30mLevel 5[0m set package 'hrc_bringup' build argument 'cmake_clean_cache' from command line to 'False'
[0.321s] [34mcolcon.colcon_core.verb[0m [1;30mLevel 5[0m set package 'hrc_bringup' build argument 'cmake_clean_first' from command line to 'False'
[0.321s] [34mcolcon.colcon_core.verb[0m [1;30mLevel 5[0m set package 'hrc_bringup' build argument 'cmake_force_configure' from command line to 'False'
[0.321s] [34mcolcon.colcon_core.verb[0m [1;30mLevel 5[0m set package 'hrc_bringup' build argument 'ament_cmake_args' from command line to 'None'
[0.321s] [34mcolcon.colcon_core.verb[0m [1;30mLevel 5[0m set package 'hrc_bringup' build argument 'catkin_cmake_args' from command line to 'None'
[0.321s] [34mcolcon.colcon_core.verb[0m [1;30mLevel 5[0m set package 'hrc_bringup' build argument 'catkin_skip_building_tests' from command line to 'False'
[0.321s] [34mcolcon.colcon_core.verb[0m [1;30mDEBUG[0m [32mBuilding package 'hrc_bringup' with the following arguments: {'ament_cmake_args': None, 'build_base': '/home/duy/cocarry_ws/build/hrc_bringup', 'catkin_cmake_args': None, 'catkin_skip_building_tests': False, 'cmake_args': None, 'cmake_clean_cache': False, 'cmake_clean_first': False, 'cmake_force_configure': False, 'cmake_target': None, 'cmake_target_skip_unavailable': False, 'install_base': '/home/duy/cocarry_ws/install/hrc_bringup', 'merge_install': False, 'path': '/home/duy/cocarry_ws/src/hrc_bringup', 'symlink_install': False, 'test_result_base': None}[0m
[0.322s] [34mcolcon.colcon_core.executor[0m [1;30mINFO[0m Executing jobs using 'parallel' executor
[0.322s] [34mcolcon.colcon_parallel_executor.executor.parallel[0m [1;30mDEBUG[0m [32mrun_until_complete[0m
[0.323s] [34mcolcon.colcon_ros.task.catkin.build[0m [1;30mINFO[0m Building ROS package in '/home/duy/cocarry_ws/src/human_hand_msgs' with build type 'catkin'
[0.323s] [34mcolcon.colcon_cmake.task.cmake.build[0m [1;30mINFO[0m Building CMake package in '/home/duy/cocarry_ws/src/human_hand_msgs'
[0.325s] [34mcolcon.colcon_core.plugin_system[0m [1;30mINFO[0m Skipping extension 'colcon_core.shell.bat': Not used on non-Windows systems
[0.325s] [34mcolcon.colcon_core.shell[0m [1;30mINFO[0m Skip shell extension 'powershell' for command environment: Not usable outside of PowerShell
[0.325s] [34mcolcon.colcon_core.shell[0m [1;30mDEBUG[0m [32mSkip shell extension 'dsv' for command environment[0m
[0.328s] [34mcolcon.colcon_ros.task.ament_cmake.build[0m [1;30mINFO[0m Building ROS package in '/home/duy/cocarry_ws/src/motoman_ros2_support_packages/motoman_resources' with build type 'ament_cmake'
[0.328s] [34mcolcon.colcon_cmake.task.cmake.build[0m [1;30mINFO[0m Building CMake package in '/home/duy/cocarry_ws/src/motoman_ros2_support_packages/motoman_resources'
[0.329s] [34mcolcon.colcon_core.shell[0m [1;30mINFO[0m Skip shell extension 'powershell' for command environment: Not usable outside of PowerShell
[0.329s] [34mcolcon.colcon_core.shell[0m [1;30mDEBUG[0m [32mSkip shell extension 'dsv' for command environment[0m
[0.331s] [34mcolcon.colcon_ros.task.ament_cmake.build[0m [1;30mINFO[0m Building ROS package in '/home/duy/cocarry_ws/src/yaskawa-global/motoros2_interfaces' with build type 'ament_cmake'
[0.332s] [34mcolcon.colcon_cmake.task.cmake.build[0m [1;30mINFO[0m Building CMake package in '/home/duy/cocarry_ws/src/yaskawa-global/motoros2_interfaces'
[0.332s] [34mcolcon.colcon_core.shell[0m [1;30mINFO[0m Skip shell extension 'powershell' for command environment: Not usable outside of PowerShell
[0.332s] [34mcolcon.colcon_core.shell[0m [1;30mDEBUG[0m [32mSkip shell extension 'dsv' for command environment[0m
[0.335s] [34mcolcon.colcon_ros.task.ament_cmake.build[0m [1;30mINFO[0m Building ROS package in '/home/duy/cocarry_ws/src/kinect2_ros2/kinect2_registration' with build type 'ament_cmake'
[0.335s] [34mcolcon.colcon_cmake.task.cmake.build[0m [1;30mINFO[0m Building CMake package in '/home/duy/cocarry_ws/src/kinect2_ros2/kinect2_registration'
[0.335s] [34mcolcon.colcon_core.shell[0m [1;30mINFO[0m Skip shell extension 'powershell' for command environment: Not usable outside of PowerShell
[0.335s] [34mcolcon.colcon_core.shell[0m [1;30mDEBUG[0m [32mSkip shell extension 'dsv' for command environment[0m
[0.338s] [34mcolcon.colcon_ros.task.ament_cmake.build[0m [1;30mINFO[0m Building ROS package in '/home/duy/cocarry_ws/src/trac_ik/trac_ik_lib' with build type 'ament_cmake'
[0.338s] [34mcolcon.colcon_cmake.task.cmake.build[0m [1;30mINFO[0m Building CMake package in '/home/duy/cocarry_ws/src/trac_ik/trac_ik_lib'
[0.338s] [34mcolcon.colcon_core.shell[0m [1;30mINFO[0m Skip shell extension 'powershell' for command environment: Not usable outside of PowerShell
[0.338s] [34mcolcon.colcon_core.shell[0m [1;30mDEBUG[0m [32mSkip shell extension 'dsv' for command environment[0m
[0.341s] [34mcolcon.colcon_ros.task.ament_cmake.build[0m [1;30mINFO[0m Building ROS package in '/home/duy/cocarry_ws/src/ros-industrial/industrial_core_ros2_msgs_only/industrial_msgs' with build type 'ament_cmake'
[0.341s] [34mcolcon.colcon_cmake.task.cmake.build[0m [1;30mINFO[0m Building CMake package in '/home/duy/cocarry_ws/src/ros-industrial/industrial_core_ros2_msgs_only/industrial_msgs'
[0.341s] [34mcolcon.colcon_core.shell[0m [1;30mINFO[0m Skip shell extension 'powershell' for command environment: Not usable outside of PowerShell
[0.341s] [34mcolcon.colcon_core.shell[0m [1;30mDEBUG[0m [32mSkip shell extension 'dsv' for command environment[0m
[0.344s] [34mcolcon.colcon_cmake.task.cmake.build[0m [1;30mINFO[0m Building CMake package in '/home/duy/cocarry_ws/libfreenect2'
[0.344s] [34mcolcon.colcon_core.shell[0m [1;30mINFO[0m Skip shell extension 'powershell' for command environment: Not usable outside of PowerShell
[0.344s] [34mcolcon.colcon_core.shell[0m [1;30mDEBUG[0m [32mSkip shell extension 'dsv' for command environment[0m
[0.347s] [34mcolcon.colcon_ros.task.ament_python.build[0m [1;30mINFO[0m Building ROS package in '/home/duy/cocarry_ws/src/rula_tracker' with build type 'ament_python'
[0.347s] [34mcolcon.colcon_core.shell[0m [1;30mLevel 1[0m create_environment_hook('rula_tracker', 'ament_prefix_path')
[0.348s] [34mcolcon.colcon_core.shell[0m [1;30mINFO[0m Creating environment hook '/home/duy/cocarry_ws/install/rula_tracker/share/rula_tracker/hook/ament_prefix_path.ps1'
[0.348s] [34mcolcon.colcon_core.shell[0m [1;30mINFO[0m Creating environment descriptor '/home/duy/cocarry_ws/install/rula_tracker/share/rula_tracker/hook/ament_prefix_path.dsv'
[0.348s] [34mcolcon.colcon_core.shell[0m [1;30mINFO[0m Creating environment hook '/home/duy/cocarry_ws/install/rula_tracker/share/rula_tracker/hook/ament_prefix_path.sh'
[0.349s] [34mcolcon.colcon_core.shell[0m [1;30mINFO[0m Skip shell extension 'powershell' for command environment: Not usable outside of PowerShell
[0.349s] [34mcolcon.colcon_core.shell[0m [1;30mDEBUG[0m [32mSkip shell extension 'dsv' for command environment[0m
[0.355s] [34mcolcon.colcon_core.event_handler.log_command[0m [1;30mDEBUG[0m [32mInvoking command in '/home/duy/cocarry_ws/build/human_hand_msgs': /usr/bin/cmake --build /home/duy/cocarry_ws/build/human_hand_msgs -- -j16 -l16[0m
[0.357s] [34mcolcon.colcon_core.event_handler.log_command[0m [1;30mDEBUG[0m [32mInvoking command in '/home/duy/cocarry_ws/build/motoman_resources': CMAKE_PREFIX_PATH=/home/duy/cocarry_ws/install/hrc_bringup:/home/duy/cocarry_ws/install/trac_ik:/home/duy/cocarry_ws/install/trac_ik_kinematics:/home/duy/cocarry_ws/install/trac_ik_lib:/home/duy/cocarry_ws/install/motoros2_client_interface_dependencies:/home/duy/cocarry_ws/install/hc10dtp_simulation:/home/duy/cocarry_ws/install/motoros2_interfaces:/home/duy/cocarry_ws/install/hc10dtp_bringup:/home/duy/cocarry_ws/install/hc10dtp_moveit_config:/home/duy/cocarry_ws/install/motoman_hc10dtp_support:/home/duy/cocarry_ws/install/motoman_gp4_support:/home/duy/cocarry_ws/install/motoman_resources:/home/duy/cocarry_ws/install/libfreenect2:/home/duy/cocarry_ws/install/kinect2_calibration:/home/duy/cocarry_ws/install/kinect2_bridge:/home/duy/cocarry_ws/install/kinect2_registration:/home/duy/cocarry_ws/install/industrial_msgs:/home/duy/cocarry_ws/install/trajectory_predictor:/home/duy/cocarry_ws/install/rula_tracker:/home/duy/cocarry_ws/install/realsense_tracker:/home/duy/cocarry_ws/install/predictor_ui:/home/duy/cocarry_ws/install/experiment_logger:/home/duy/cocarry_ws/install/coord_transform:/opt/ros/humble:/home/duy/cocarry_ws/install/human_hand_msgs /usr/bin/cmake --build /home/duy/cocarry_ws/build/motoman_resources -- -j16 -l16[0m
[0.358s] [34mcolcon.colcon_core.event_handler.log_command[0m [1;30mDEBUG[0m [32mInvoking command in '/home/duy/cocarry_ws/build/motoros2_interfaces': CMAKE_PREFIX_PATH=/home/duy/cocarry_ws/install/hrc_bringup:/home/duy/cocarry_ws/install/trac_ik:/home/duy/cocarry_ws/install/trac_ik_kinematics:/home/duy/cocarry_ws/install/trac_ik_lib:/home/duy/cocarry_ws/install/motoros2_client_interface_dependencies:/home/duy/cocarry_ws/install/hc10dtp_simulation:/home/duy/cocarry_ws/install/motoros2_interfaces:/home/duy/cocarry_ws/install/hc10dtp_bringup:/home/duy/cocarry_ws/install/hc10dtp_moveit_config:/home/duy/cocarry_ws/install/motoman_hc10dtp_support:/home/duy/cocarry_ws/install/motoman_gp4_support:/home/duy/cocarry_ws/install/motoman_resources:/home/duy/cocarry_ws/install/libfreenect2:/home/duy/cocarry_ws/install/kinect2_calibration:/home/duy/cocarry_ws/install/kinect2_bridge:/home/duy/cocarry_ws/install/kinect2_registration:/home/duy/cocarry_ws/install/industrial_msgs:/home/duy/cocarry_ws/install/trajectory_predictor:/home/duy/cocarry_ws/install/rula_tracker:/home/duy/cocarry_ws/install/realsense_tracker:/home/duy/cocarry_ws/install/predictor_ui:/home/duy/cocarry_ws/install/experiment_logger:/home/duy/cocarry_ws/install/coord_transform:/opt/ros/humble:/home/duy/cocarry_ws/install/human_hand_msgs /usr/bin/cmake --build /home/duy/cocarry_ws/build/motoros2_interfaces -- -j16 -l16[0m
[0.360s] [34mcolcon.colcon_core.event_handler.log_command[0m [1;30mDEBUG[0m [32mInvoking command in '/home/duy/cocarry_ws/build/kinect2_registration': CMAKE_PREFIX_PATH=/home/duy/cocarry_ws/install/hrc_bringup:/home/duy/cocarry_ws/install/trac_ik:/home/duy/cocarry_ws/install/trac_ik_kinematics:/home/duy/cocarry_ws/install/trac_ik_lib:/home/duy/cocarry_ws/install/motoros2_client_interface_dependencies:/home/duy/cocarry_ws/install/hc10dtp_simulation:/home/duy/cocarry_ws/install/motoros2_interfaces:/home/duy/cocarry_ws/install/hc10dtp_bringup:/home/duy/cocarry_ws/install/hc10dtp_moveit_config:/home/duy/cocarry_ws/install/motoman_hc10dtp_support:/home/duy/cocarry_ws/install/motoman_gp4_support:/home/duy/cocarry_ws/install/motoman_resources:/home/duy/cocarry_ws/install/libfreenect2:/home/duy/cocarry_ws/install/kinect2_calibration:/home/duy/cocarry_ws/install/kinect2_bridge:/home/duy/cocarry_ws/install/kinect2_registration:/home/duy/cocarry_ws/install/industrial_msgs:/home/duy/cocarry_ws/install/trajectory_predictor:/home/duy/cocarry_ws/install/rula_tracker:/home/duy/cocarry_ws/install/realsense_tracker:/home/duy/cocarry_ws/install/predictor_ui:/home/duy/cocarry_ws/install/experiment_logger:/home/duy/cocarry_ws/install/coord_transform:/opt/ros/humble:/home/duy/cocarry_ws/install/human_hand_msgs /usr/bin/cmake --build /home/duy/cocarry_ws/build/kinect2_registration -- -j16 -l16[0m
[0.362s] [34mcolcon.colcon_core.event_handler.log_command[0m [1;30mDEBUG[0m [32mInvoking command in '/home/duy/cocarry_ws/build/trac_ik_lib': CMAKE_PREFIX_PATH=/home/duy/cocarry_ws/install/hrc_bringup:/home/duy/cocarry_ws/install/trac_ik:/home/duy/cocarry_ws/install/trac_ik_kinematics:/home/duy/cocarry_ws/install/trac_ik_lib:/home/duy/cocarry_ws/install/motoros2_client_interface_dependencies:/home/duy/cocarry_ws/install/hc10dtp_simulation:/home/duy/cocarry_ws/install/motoros2_interfaces:/home/duy/cocarry_ws/install/hc10dtp_bringup:/home/duy/cocarry_ws/install/hc10dtp_moveit_config:/home/duy/cocarry_ws/install/motoman_hc10dtp_support:/home/duy/cocarry_ws/install/motoman_gp4_support:/home/duy/cocarry_ws/install/motoman_resources:/home/duy/cocarry_ws/install/libfreenect2:/home/duy/cocarry_ws/install/kinect2_calibration:/home/duy/cocarry_ws/install/kinect2_bridge:/home/duy/cocarry_ws/install/kinect2_registration:/home/duy/cocarry_ws/install/industrial_msgs:/home/duy/cocarry_ws/install/trajectory_predictor:/home/duy/cocarry_ws/install/rula_tracker:/home/duy/cocarry_ws/install/realsense_tracker:/home/duy/cocarry_ws/install/predictor_ui:/home/duy/cocarry_ws/install/experiment_logger:/home/duy/cocarry_ws/install/coord_transform:/opt/ros/humble:/home/duy/cocarry_ws/install/human_hand_msgs /usr/bin/cmake --build /home/duy/cocarry_ws/build/trac_ik_lib -- -j16 -l16[0m
[0.364s] [34mcolcon.colcon_core.event_handler.log_command[0m [1;30mDEBUG[0m [32mInvoking command in '/home/duy/cocarry_ws/build/industrial_msgs': CMAKE_PREFIX_PATH=/home/duy/cocarry_ws/install/hrc_bringup:/home/duy/cocarry_ws/install/trac_ik:/home/duy/cocarry_ws/install/trac_ik_kinematics:/home/duy/cocarry_ws/install/trac_ik_lib:/home/duy/cocarry_ws/install/motoros2_client_interface_dependencies:/home/duy/cocarry_ws/install/hc10dtp_simulation:/home/duy/cocarry_ws/install/motoros2_interfaces:/home/duy/cocarry_ws/install/hc10dtp_bringup:/home/duy/cocarry_ws/install/hc10dtp_moveit_config:/home/duy/cocarry_ws/install/motoman_hc10dtp_support:/home/duy/cocarry_ws/install/motoman_gp4_support:/home/duy/cocarry_ws/install/motoman_resources:/home/duy/cocarry_ws/install/libfreenect2:/home/duy/cocarry_ws/install/kinect2_calibration:/home/duy/cocarry_ws/install/kinect2_bridge:/home/duy/cocarry_ws/install/kinect2_registration:/home/duy/cocarry_ws/install/industrial_msgs:/home/duy/cocarry_ws/install/trajectory_predictor:/home/duy/cocarry_ws/install/rula_tracker:/home/duy/cocarry_ws/install/realsense_tracker:/home/duy/cocarry_ws/install/predictor_ui:/home/duy/cocarry_ws/install/experiment_logger:/home/duy/cocarry_ws/install/coord_transform:/opt/ros/humble:/home/duy/cocarry_ws/install/human_hand_msgs /usr/bin/cmake --build /home/duy/cocarry_ws/build/industrial_msgs -- -j16 -l16[0m
[0.366s] [34mcolcon.colcon_core.event_handler.log_command[0m [1;30mDEBUG[0m [32mInvoking command in '/home/duy/cocarry_ws/build/libfreenect2': /usr/bin/cmake --build /home/duy/cocarry_ws/build/libfreenect2 -- -j16 -l16[0m
[0.744s] [34mcolcon.colcon_core.task.python.build[0m [1;30mINFO[0m Building Python package in '/home/duy/cocarry_ws/src/rula_tracker'
[0.744s] [34mcolcon.colcon_core.shell[0m [1;30mINFO[0m Skip shell extension 'powershell' for command environment: Not usable outside of PowerShell
[0.744s] [34mcolcon.colcon_core.shell[0m [1;30mDEBUG[0m [32mSkip shell extension 'dsv' for command environment[0m
[0.751s] [34mcolcon.colcon_core.event_handler.log_command[0m [1;30mDEBUG[0m [32mInvoked command in '/home/duy/cocarry_ws/build/kinect2_registration' returned '0': CMAKE_PREFIX_PATH=/home/duy/cocarry_ws/install/hrc_bringup:/home/duy/cocarry_ws/install/trac_ik:/home/duy/cocarry_ws/install/trac_ik_kinematics:/home/duy/cocarry_ws/install/trac_ik_lib:/home/duy/cocarry_ws/install/motoros2_client_interface_dependencies:/home/duy/cocarry_ws/install/hc10dtp_simulation:/home/duy/cocarry_ws/install/motoros2_interfaces:/home/duy/cocarry_ws/install/hc10dtp_bringup:/home/duy/cocarry_ws/install/hc10dtp_moveit_config:/home/duy/cocarry_ws/install/motoman_hc10dtp_support:/home/duy/cocarry_ws/install/motoman_gp4_support:/home/duy/cocarry_ws/install/motoman_resources:/home/duy/cocarry_ws/install/libfreenect2:/home/duy/cocarry_ws/install/kinect2_calibration:/home/duy/cocarry_ws/install/kinect2_bridge:/home/duy/cocarry_ws/install/kinect2_registration:/home/duy/cocarry_ws/install/industrial_msgs:/home/duy/cocarry_ws/install/trajectory_predictor:/home/duy/cocarry_ws/install/rula_tracker:/home/duy/cocarry_ws/install/realsense_tracker:/home/duy/cocarry_ws/install/predictor_ui:/home/duy/cocarry_ws/install/experiment_logger:/home/duy/cocarry_ws/install/coord_transform:/opt/ros/humble:/home/duy/cocarry_ws/install/human_hand_msgs /usr/bin/cmake --build /home/duy/cocarry_ws/build/kinect2_registration -- -j16 -l16[0m
[0.763s] [34mcolcon.colcon_core.event_handler.log_command[0m [1;30mDEBUG[0m [32mInvoking command in '/home/duy/cocarry_ws/build/kinect2_registration': CMAKE_PREFIX_PATH=/home/duy/cocarry_ws/install/hrc_bringup:/home/duy/cocarry_ws/install/trac_ik:/home/duy/cocarry_ws/install/trac_ik_kinematics:/home/duy/cocarry_ws/install/trac_ik_lib:/home/duy/cocarry_ws/install/motoros2_client_interface_dependencies:/home/duy/cocarry_ws/install/hc10dtp_simulation:/home/duy/cocarry_ws/install/motoros2_interfaces:/home/duy/cocarry_ws/install/hc10dtp_bringup:/home/duy/cocarry_ws/install/hc10dtp_moveit_config:/home/duy/cocarry_ws/install/motoman_hc10dtp_support:/home/duy/cocarry_ws/install/motoman_gp4_support:/home/duy/cocarry_ws/install/motoman_resources:/home/duy/cocarry_ws/install/libfreenect2:/home/duy/cocarry_ws/install/kinect2_calibration:/home/duy/cocarry_ws/install/kinect2_bridge:/home/duy/cocarry_ws/install/kinect2_registration:/home/duy/cocarry_ws/install/industrial_msgs:/home/duy/cocarry_ws/install/trajectory_predictor:/home/duy/cocarry_ws/install/rula_tracker:/home/duy/cocarry_ws/install/realsense_tracker:/home/duy/cocarry_ws/install/predictor_ui:/home/duy/cocarry_ws/install/experiment_logger:/home/duy/cocarry_ws/install/coord_transform:/opt/ros/humble:/home/duy/cocarry_ws/install/human_hand_msgs /usr/bin/cmake --install /home/duy/cocarry_ws/build/kinect2_registration[0m
[0.765s] [34mcolcon.colcon_core.event_handler.log_command[0m [1;30mDEBUG[0m [32mInvoked command in '/home/duy/cocarry_ws/build/motoman_resources' returned '0': CMAKE_PREFIX_PATH=/home/duy/cocarry_ws/install/hrc_bringup:/home/duy/cocarry_ws/install/trac_ik:/home/duy/cocarry_ws/install/trac_ik_kinematics:/home/duy/cocarry_ws/install/trac_ik_lib:/home/duy/cocarry_ws/install/motoros2_client_interface_dependencies:/home/duy/cocarry_ws/install/hc10dtp_simulation:/home/duy/cocarry_ws/install/motoros2_interfaces:/home/duy/cocarry_ws/install/hc10dtp_bringup:/home/duy/cocarry_ws/install/hc10dtp_moveit_config:/home/duy/cocarry_ws/install/motoman_hc10dtp_support:/home/duy/cocarry_ws/install/motoman_gp4_support:/home/duy/cocarry_ws/install/motoman_resources:/home/duy/cocarry_ws/install/libfreenect2:/home/duy/cocarry_ws/install/kinect2_calibration:/home/duy/cocarry_ws/install/kinect2_bridge:/home/duy/cocarry_ws/install/kinect2_registration:/home/duy/cocarry_ws/install/industrial_msgs:/home/duy/cocarry_ws/install/trajectory_predictor:/home/duy/cocarry_ws/install/rula_tracker:/home/duy/cocarry_ws/install/realsense_tracker:/home/duy/cocarry_ws/install/predictor_ui:/home/duy/cocarry_ws/install/experiment_logger:/home/duy/cocarry_ws/install/coord_transform:/opt/ros/humble:/home/duy/cocarry_ws/install/human_hand_msgs /usr/bin/cmake --build /home/duy/cocarry_ws/build/motoman_resources -- -j16 -l16[0m
[0.766s] [34mcolcon.colcon_core.event_handler.log_command[0m [1;30mDEBUG[0m [32mInvoking command in '/home/duy/cocarry_ws/build/motoman_resources': CMAKE_PREFIX_PATH=/home/duy/cocarry_ws/install/hrc_bringup:/home/duy/cocarry_ws/install/trac_ik:/home/duy/cocarry_ws/install/trac_ik_kinematics:/home/duy/cocarry_ws/install/trac_ik_lib:/home/duy/cocarry_ws/install/motoros2_client_interface_dependencies:/home/duy/cocarry_ws/install/hc10dtp_simulation:/home/duy/cocarry_ws/install/motoros2_interfaces:/home/duy/cocarry_ws/install/hc10dtp_bringup:/home/duy/cocarry_ws/install/hc10dtp_moveit_config:/home/duy/cocarry_ws/install/motoman_hc10dtp_support:/home/duy/cocarry_ws/install/motoman_gp4_support:/home/duy/cocarry_ws/install/motoman_resources:/home/duy/cocarry_ws/install/libfreenect2:/home/duy/cocarry_ws/install/kinect2_calibration:/home/duy/cocarry_ws/install/kinect2_bridge:/home/duy/cocarry_ws/install/kinect2_registration:/home/duy/cocarry_ws/install/industrial_msgs:/home/duy/cocarry_ws/install/trajectory_predictor:/home/duy/cocarry_ws/install/rula_tracker:/home/duy/cocarry_ws/install/realsense_tracker:/home/duy/cocarry_ws/install/predictor_ui:/home/duy/cocarry_ws/install/experiment_logger:/home/duy/cocarry_ws/install/coord_transform:/opt/ros/humble:/home/duy/cocarry_ws/install/human_hand_msgs /usr/bin/cmake --install /home/duy/cocarry_ws/build/motoman_resources[0m
[0.766s] [34mcolcon.colcon_core.event_handler.log_command[0m [1;30mDEBUG[0m [32mInvoked command in '/home/duy/cocarry_ws/build/libfreenect2' returned '0': /usr/bin/cmake --build /home/duy/cocarry_ws/build/libfreenect2 -- -j16 -l16[0m
[0.768s] [34mcolcon.colcon_core.event_handler.log_command[0m [1;30mDEBUG[0m [32mInvoking command in '/home/duy/cocarry_ws/build/libfreenect2': /usr/bin/cmake --install /home/duy/cocarry_ws/build/libfreenect2[0m
[0.769s] [34mcolcon.colcon_core.event_handler.log_command[0m [1;30mDEBUG[0m [32mInvoked command in '/home/duy/cocarry_ws/build/trac_ik_lib' returned '0': CMAKE_PREFIX_PATH=/home/duy/cocarry_ws/install/hrc_bringup:/home/duy/cocarry_ws/install/trac_ik:/home/duy/cocarry_ws/install/trac_ik_kinematics:/home/duy/cocarry_ws/install/trac_ik_lib:/home/duy/cocarry_ws/install/motoros2_client_interface_dependencies:/home/duy/cocarry_ws/install/hc10dtp_simulation:/home/duy/cocarry_ws/install/motoros2_interfaces:/home/duy/cocarry_ws/install/hc10dtp_bringup:/home/duy/cocarry_ws/install/hc10dtp_moveit_config:/home/duy/cocarry_ws/install/motoman_hc10dtp_support:/home/duy/cocarry_ws/install/motoman_gp4_support:/home/duy/cocarry_ws/install/motoman_resources:/home/duy/cocarry_ws/install/libfreenect2:/home/duy/cocarry_ws/install/kinect2_calibration:/home/duy/cocarry_ws/install/kinect2_bridge:/home/duy/cocarry_ws/install/kinect2_registration:/home/duy/cocarry_ws/install/industrial_msgs:/home/duy/cocarry_ws/install/trajectory_predictor:/home/duy/cocarry_ws/install/rula_tracker:/home/duy/cocarry_ws/install/realsense_tracker:/home/duy/cocarry_ws/install/predictor_ui:/home/duy/cocarry_ws/install/experiment_logger:/home/duy/cocarry_ws/install/coord_transform:/opt/ros/humble:/home/duy/cocarry_ws/install/human_hand_msgs /usr/bin/cmake --build /home/duy/cocarry_ws/build/trac_ik_lib -- -j16 -l16[0m
[0.770s] [34mcolcon.colcon_core.event_handler.log_command[0m [1;30mDEBUG[0m [32mInvoking command in '/home/duy/cocarry_ws/build/trac_ik_lib': CMAKE_PREFIX_PATH=/home/duy/cocarry_ws/install/hrc_bringup:/home/duy/cocarry_ws/install/trac_ik:/home/duy/cocarry_ws/install/trac_ik_kinematics:/home/duy/cocarry_ws/install/trac_ik_lib:/home/duy/cocarry_ws/install/motoros2_client_interface_dependencies:/home/duy/cocarry_ws/install/hc10dtp_simulation:/home/duy/cocarry_ws/install/motoros2_interfaces:/home/duy/cocarry_ws/install/hc10dtp_bringup:/home/duy/cocarry_ws/install/hc10dtp_moveit_config:/home/duy/cocarry_ws/install/motoman_hc10dtp_support:/home/duy/cocarry_ws/install/motoman_gp4_support:/home/duy/cocarry_ws/install/motoman_resources:/home/duy/cocarry_ws/install/libfreenect2:/home/duy/cocarry_ws/install/kinect2_calibration:/home/duy/cocarry_ws/install/kinect2_bridge:/home/duy/cocarry_ws/install/kinect2_registration:/home/duy/cocarry_ws/install/industrial_msgs:/home/duy/cocarry_ws/install/trajectory_predictor:/home/duy/cocarry_ws/install/rula_tracker:/home/duy/cocarry_ws/install/realsense_tracker:/home/duy/cocarry_ws/install/predictor_ui:/home/duy/cocarry_ws/install/experiment_logger:/home/duy/cocarry_ws/install/coord_transform:/opt/ros/humble:/home/duy/cocarry_ws/install/human_hand_msgs /usr/bin/cmake --install /home/duy/cocarry_ws/build/trac_ik_lib[0m
[0.786s] [34mcolcon.colcon_core.event_handler.log_command[0m [1;30mDEBUG[0m [32mInvoked command in '/home/duy/cocarry_ws/build/industrial_msgs' returned '0': CMAKE_PREFIX_PATH=/home/duy/cocarry_ws/install/hrc_bringup:/home/duy/cocarry_ws/install/trac_ik:/home/duy/cocarry_ws/install/trac_ik_kinematics:/home/duy/cocarry_ws/install/trac_ik_lib:/home/duy/cocarry_ws/install/motoros2_client_interface_dependencies:/home/duy/cocarry_ws/install/hc10dtp_simulation:/home/duy/cocarry_ws/install/motoros2_interfaces:/home/duy/cocarry_ws/install/hc10dtp_bringup:/home/duy/cocarry_ws/install/hc10dtp_moveit_config:/home/duy/cocarry_ws/install/motoman_hc10dtp_support:/home/duy/cocarry_ws/install/motoman_gp4_support:/home/duy/cocarry_ws/install/motoman_resources:/home/duy/cocarry_ws/install/libfreenect2:/home/duy/cocarry_ws/install/kinect2_calibration:/home/duy/cocarry_ws/install/kinect2_bridge:/home/duy/cocarry_ws/install/kinect2_registration:/home/duy/cocarry_ws/install/industrial_msgs:/home/duy/cocarry_ws/install/trajectory_predictor:/home/duy/cocarry_ws/install/rula_tracker:/home/duy/cocarry_ws/install/realsense_tracker:/home/duy/cocarry_ws/install/predictor_ui:/home/duy/cocarry_ws/install/experiment_logger:/home/duy/cocarry_ws/install/coord_transform:/opt/ros/humble:/home/duy/cocarry_ws/install/human_hand_msgs /usr/bin/cmake --build /home/duy/cocarry_ws/build/industrial_msgs -- -j16 -l16[0m
[0.789s] [34mcolcon.colcon_core.environment[0m [1;30mLevel 1[0m create_environment_scripts_only(libfreenect2)
[0.790s] [34mcolcon.colcon_core.event_handler.log_command[0m [1;30mDEBUG[0m [32mInvoking command in '/home/duy/cocarry_ws/build/industrial_msgs': CMAKE_PREFIX_PATH=/home/duy/cocarry_ws/install/hrc_bringup:/home/duy/cocarry_ws/install/trac_ik:/home/duy/cocarry_ws/install/trac_ik_kinematics:/home/duy/cocarry_ws/install/trac_ik_lib:/home/duy/cocarry_ws/install/motoros2_client_interface_dependencies:/home/duy/cocarry_ws/install/hc10dtp_simulation:/home/duy/cocarry_ws/install/motoros2_interfaces:/home/duy/cocarry_ws/install/hc10dtp_bringup:/home/duy/cocarry_ws/install/hc10dtp_moveit_config:/home/duy/cocarry_ws/install/motoman_hc10dtp_support:/home/duy/cocarry_ws/install/motoman_gp4_support:/home/duy/cocarry_ws/install/motoman_resources:/home/duy/cocarry_ws/install/libfreenect2:/home/duy/cocarry_ws/install/kinect2_calibration:/home/duy/cocarry_ws/install/kinect2_bridge:/home/duy/cocarry_ws/install/kinect2_registration:/home/duy/cocarry_ws/install/industrial_msgs:/home/duy/cocarry_ws/install/trajectory_predictor:/home/duy/cocarry_ws/install/rula_tracker:/home/duy/cocarry_ws/install/realsense_tracker:/home/duy/cocarry_ws/install/predictor_ui:/home/duy/cocarry_ws/install/experiment_logger:/home/duy/cocarry_ws/install/coord_transform:/opt/ros/humble:/home/duy/cocarry_ws/install/human_hand_msgs /usr/bin/cmake --install /home/duy/cocarry_ws/build/industrial_msgs[0m
[0.792s] [34mcolcon.colcon_core.event_handler.log_command[0m [1;30mDEBUG[0m [32mInvoked command in '/home/duy/cocarry_ws/build/libfreenect2' returned '0': /usr/bin/cmake --install /home/duy/cocarry_ws/build/libfreenect2[0m
[0.797s] [34mcolcon.colcon_core.environment[0m [1;30mLevel 1[0m checking '/home/duy/cocarry_ws/install/libfreenect2' for CMake module files
[0.798s] [34mcolcon.colcon_core.environment[0m [1;30mLevel 1[0m checking '/home/duy/cocarry_ws/install/libfreenect2' for CMake config files
[0.799s] [34mcolcon.colcon_core.shell[0m [1;30mLevel 1[0m create_environment_hook('libfreenect2', 'cmake_prefix_path')
[0.799s] [34mcolcon.colcon_core.shell[0m [1;30mINFO[0m Creating environment hook '/home/duy/cocarry_ws/install/libfreenect2/share/libfreenect2/hook/cmake_prefix_path.ps1'
[0.801s] [34mcolcon.colcon_core.shell[0m [1;30mINFO[0m Creating environment descriptor '/home/duy/cocarry_ws/install/libfreenect2/share/libfreenect2/hook/cmake_prefix_path.dsv'
[0.802s] [34mcolcon.colcon_core.shell[0m [1;30mINFO[0m Creating environment hook '/home/duy/cocarry_ws/install/libfreenect2/share/libfreenect2/hook/cmake_prefix_path.sh'
[0.803s] [34mcolcon.colcon_core.environment[0m [1;30mLevel 1[0m checking '/home/duy/cocarry_ws/install/libfreenect2/lib'
[0.803s] [34mcolcon.colcon_core.shell[0m [1;30mLevel 1[0m create_environment_hook('libfreenect2', 'ld_library_path_lib')
[0.803s] [34mcolcon.colcon_core.shell[0m [1;30mINFO[0m Creating environment hook '/home/duy/cocarry_ws/install/libfreenect2/share/libfreenect2/hook/ld_library_path_lib.ps1'
[0.804s] [34mcolcon.colcon_core.shell[0m [1;30mINFO[0m Creating environment descriptor '/home/duy/cocarry_ws/install/libfreenect2/share/libfreenect2/hook/ld_library_path_lib.dsv'
[0.804s] [34mcolcon.colcon_core.shell[0m [1;30mINFO[0m Creating environment hook '/home/duy/cocarry_ws/install/libfreenect2/share/libfreenect2/hook/ld_library_path_lib.sh'
[0.804s] [34mcolcon.colcon_core.environment[0m [1;30mLevel 1[0m checking '/home/duy/cocarry_ws/install/libfreenect2/bin'
[0.804s] [34mcolcon.colcon_core.environment[0m [1;30mLevel 1[0m checking '/home/duy/cocarry_ws/install/libfreenect2/lib/pkgconfig/libfreenect2.pc'
[0.805s] [34mcolcon.colcon_core.environment[0m [1;30mLevel 1[0m checking '/home/duy/cocarry_ws/install/libfreenect2/lib/python3.10/site-packages'
[0.805s] [34mcolcon.colcon_core.environment[0m [1;30mLevel 1[0m checking '/home/duy/cocarry_ws/install/libfreenect2/bin'
[0.805s] [34mcolcon.colcon_core.shell[0m [1;30mINFO[0m Creating package script '/home/duy/cocarry_ws/install/libfreenect2/share/libfreenect2/package.ps1'
[0.806s] [34mcolcon.colcon_core.shell[0m [1;30mINFO[0m Creating package descriptor '/home/duy/cocarry_ws/install/libfreenect2/share/libfreenect2/package.dsv'
[0.807s] [34mcolcon.colcon_core.shell[0m [1;30mINFO[0m Creating package script '/home/duy/cocarry_ws/install/libfreenect2/share/libfreenect2/package.sh'
[0.807s] [34mcolcon.colcon_core.shell[0m [1;30mINFO[0m Creating package script '/home/duy/cocarry_ws/install/libfreenect2/share/libfreenect2/package.bash'
[0.808s] [34mcolcon.colcon_core.shell[0m [1;30mINFO[0m Creating package script '/home/duy/cocarry_ws/install/libfreenect2/share/libfreenect2/package.zsh'
[0.809s] [34mcolcon.colcon_core.environment[0m [1;30mLevel 1[0m create_file_with_runtime_dependencies(/home/duy/cocarry_ws/install/libfreenect2/share/colcon-core/packages/libfreenect2)
[0.809s] [34mcolcon.colcon_core.environment[0m [1;30mLevel 1[0m create_environment_scripts_only(kinect2_registration)
[0.810s] [34mcolcon.colcon_core.environment[0m [1;30mLevel 1[0m checking '/home/duy/cocarry_ws/install/kinect2_registration' for CMake module files
[0.812s] [34mcolcon.colcon_core.event_handler.log_command[0m [1;30mDEBUG[0m [32mInvoked command in '/home/duy/cocarry_ws/build/kinect2_registration' returned '0': CMAKE_PREFIX_PATH=/home/duy/cocarry_ws/install/hrc_bringup:/home/duy/cocarry_ws/install/trac_ik:/home/duy/cocarry_ws/install/trac_ik_kinematics:/home/duy/cocarry_ws/install/trac_ik_lib:/home/duy/cocarry_ws/install/motoros2_client_interface_dependencies:/home/duy/cocarry_ws/install/hc10dtp_simulation:/home/duy/cocarry_ws/install/motoros2_interfaces:/home/duy/cocarry_ws/install/hc10dtp_bringup:/home/duy/cocarry_ws/install/hc10dtp_moveit_config:/home/duy/cocarry_ws/install/motoman_hc10dtp_support:/home/duy/cocarry_ws/install/motoman_gp4_support:/home/duy/cocarry_ws/install/motoman_resources:/home/duy/cocarry_ws/install/libfreenect2:/home/duy/cocarry_ws/install/kinect2_calibration:/home/duy/cocarry_ws/install/kinect2_bridge:/home/duy/cocarry_ws/install/kinect2_registration:/home/duy/cocarry_ws/install/industrial_msgs:/home/duy/cocarry_ws/install/trajectory_predictor:/home/duy/cocarry_ws/install/rula_tracker:/home/duy/cocarry_ws/install/realsense_tracker:/home/duy/cocarry_ws/install/predictor_ui:/home/duy/cocarry_ws/install/experiment_logger:/home/duy/cocarry_ws/install/coord_transform:/opt/ros/humble:/home/duy/cocarry_ws/install/human_hand_msgs /usr/bin/cmake --install /home/duy/cocarry_ws/build/kinect2_registration[0m
[0.815s] [34mcolcon.colcon_core.environment[0m [1;30mLevel 1[0m checking '/home/duy/cocarry_ws/install/kinect2_registration' for CMake config files
[0.820s] [34mcolcon.colcon_core.shell[0m [1;30mLevel 1[0m create_environment_hook('kinect2_registration', 'cmake_prefix_path')
[0.820s] [34mcolcon.colcon_core.shell[0m [1;30mINFO[0m Creating environment hook '/home/duy/cocarry_ws/install/kinect2_registration/share/kinect2_registration/hook/cmake_prefix_path.ps1'
[0.822s] [34mcolcon.colcon_core.shell[0m [1;30mINFO[0m Creating environment descriptor '/home/duy/cocarry_ws/install/kinect2_registration/share/kinect2_registration/hook/cmake_prefix_path.dsv'
[0.824s] [34mcolcon.colcon_core.shell[0m [1;30mINFO[0m Creating environment hook '/home/duy/cocarry_ws/install/kinect2_registration/share/kinect2_registration/hook/cmake_prefix_path.sh'
[0.827s] [34mcolcon.colcon_core.environment[0m [1;30mLevel 1[0m checking '/home/duy/cocarry_ws/install/kinect2_registration/lib'
[0.827s] [34mcolcon.colcon_core.environment[0m [1;30mLevel 1[0m checking '/home/duy/cocarry_ws/install/kinect2_registration/bin'
[0.827s] [34mcolcon.colcon_core.environment[0m [1;30mLevel 1[0m checking '/home/duy/cocarry_ws/install/kinect2_registration/lib/pkgconfig/kinect2_registration.pc'
[0.828s] [34mcolcon.colcon_core.environment[0m [1;30mLevel 1[0m checking '/home/duy/cocarry_ws/install/kinect2_registration/lib/python3.10/site-packages'
[0.828s] [34mcolcon.colcon_core.environment[0m [1;30mLevel 1[0m checking '/home/duy/cocarry_ws/install/kinect2_registration/bin'
[0.829s] [34mcolcon.colcon_core.shell[0m [1;30mINFO[0m Creating package script '/home/duy/cocarry_ws/install/kinect2_registration/share/kinect2_registration/package.ps1'
[0.831s] [34mcolcon.colcon_core.shell[0m [1;30mINFO[0m Creating package descriptor '/home/duy/cocarry_ws/install/kinect2_registration/share/kinect2_registration/package.dsv'
[0.831s] [34mcolcon.colcon_core.shell[0m [1;30mINFO[0m Creating package script '/home/duy/cocarry_ws/install/kinect2_registration/share/kinect2_registration/package.sh'
[0.832s] [34mcolcon.colcon_core.shell[0m [1;30mINFO[0m Creating package script '/home/duy/cocarry_ws/install/kinect2_registration/share/kinect2_registration/package.bash'
[0.832s] [34mcolcon.colcon_core.shell[0m [1;30mINFO[0m Creating package script '/home/duy/cocarry_ws/install/kinect2_registration/share/kinect2_registration/package.zsh'
[0.833s] [34mcolcon.colcon_core.environment[0m [1;30mLevel 1[0m create_file_with_runtime_dependencies(/home/duy/cocarry_ws/install/kinect2_registration/share/colcon-core/packages/kinect2_registration)
[0.834s] [34mcolcon.colcon_core.environment[0m [1;30mLevel 1[0m create_environment_scripts_only(kinect2_registration)
[0.834s] [34mcolcon.colcon_core.environment[0m [1;30mLevel 1[0m checking '/home/duy/cocarry_ws/install/kinect2_registration' for CMake module files
[0.835s] [34mcolcon.colcon_core.environment[0m [1;30mLevel 1[0m checking '/home/duy/cocarry_ws/install/kinect2_registration' for CMake config files
[0.836s] [34mcolcon.colcon_core.shell[0m [1;30mLevel 1[0m create_environment_hook('kinect2_registration', 'cmake_prefix_path')
[0.837s] [34mcolcon.colcon_core.shell[0m [1;30mINFO[0m Creating environment hook '/home/duy/cocarry_ws/install/kinect2_registration/share/kinect2_registration/hook/cmake_prefix_path.ps1'
[0.837s] [34mcolcon.colcon_core.shell[0m [1;30mINFO[0m Creating environment descriptor '/home/duy/cocarry_ws/install/kinect2_registration/share/kinect2_registration/hook/cmake_prefix_path.dsv'
[0.838s] [34mcolcon.colcon_core.shell[0m [1;30mINFO[0m Creating environment hook '/home/duy/cocarry_ws/install/kinect2_registration/share/kinect2_registration/hook/cmake_prefix_path.sh'
[0.840s] [34mcolcon.colcon_core.environment[0m [1;30mLevel 1[0m checking '/home/duy/cocarry_ws/install/kinect2_registration/lib'
[0.841s] [34mcolcon.colcon_core.environment[0m [1;30mLevel 1[0m checking '/home/duy/cocarry_ws/install/kinect2_registration/bin'
[0.841s] [34mcolcon.colcon_core.environment[0m [1;30mLevel 1[0m checking '/home/duy/cocarry_ws/install/kinect2_registration/lib/pkgconfig/kinect2_registration.pc'
[0.842s] [34mcolcon.colcon_core.environment[0m [1;30mLevel 1[0m checking '/home/duy/cocarry_ws/install/kinect2_registration/lib/python3.10/site-packages'
[0.842s] [34mcolcon.colcon_core.environment[0m [1;30mLevel 1[0m checking '/home/duy/cocarry_ws/install/kinect2_registration/bin'
[0.843s] [34mcolcon.colcon_core.shell[0m [1;30mINFO[0m Creating package script '/home/duy/cocarry_ws/install/kinect2_registration/share/kinect2_registration/package.ps1'
[0.845s] [34mcolcon.colcon_core.shell[0m [1;30mINFO[0m Creating package descriptor '/home/duy/cocarry_ws/install/kinect2_registration/share/kinect2_registration/package.dsv'
[0.846s] [34mcolcon.colcon_core.shell[0m [1;30mINFO[0m Creating package script '/home/duy/cocarry_ws/install/kinect2_registration/share/kinect2_registration/package.sh'
[0.846s] [34mcolcon.colcon_core.shell[0m [1;30mINFO[0m Creating package script '/home/duy/cocarry_ws/install/kinect2_registration/share/kinect2_registration/package.bash'
[0.847s] [34mcolcon.colcon_core.shell[0m [1;30mINFO[0m Creating package script '/home/duy/cocarry_ws/install/kinect2_registration/share/kinect2_registration/package.zsh'
[0.847s] [34mcolcon.colcon_core.environment[0m [1;30mLevel 1[0m create_file_with_runtime_dependencies(/home/duy/cocarry_ws/install/kinect2_registration/share/colcon-core/packages/kinect2_registration)
[0.848s] [34mcolcon.colcon_ros.task.ament_cmake.build[0m [1;30mINFO[0m Building ROS package in '/home/duy/cocarry_ws/src/kinect2_ros2/kinect2_bridge' with build type 'ament_cmake'
[0.848s] [34mcolcon.colcon_cmake.task.cmake.build[0m [1;30mINFO[0m Building CMake package in '/home/duy/cocarry_ws/src/kinect2_ros2/kinect2_bridge'
[0.848s] [34mcolcon.colcon_core.shell[0m [1;30mINFO[0m Skip shell extension 'powershell' for command environment: Not usable outside of PowerShell
[0.848s] [34mcolcon.colcon_core.shell[0m [1;30mDEBUG[0m [32mSkip shell extension 'dsv' for command environment[0m
[0.854s] [34mcolcon.colcon_core.environment[0m [1;30mLevel 1[0m create_environment_scripts_only(motoman_resources)
[0.854s] [34mcolcon.colcon_core.environment[0m [1;30mLevel 1[0m checking '/home/duy/cocarry_ws/install/motoman_resources' for CMake module files
[0.855s] [34mcolcon.colcon_core.environment[0m [1;30mLevel 1[0m checking '/home/duy/cocarry_ws/install/motoman_resources' for CMake config files
[0.856s] [34mcolcon.colcon_core.event_handler.log_command[0m [1;30mDEBUG[0m [32mInvoked command in '/home/duy/cocarry_ws/build/motoman_resources' returned '0': CMAKE_PREFIX_PATH=/home/duy/cocarry_ws/install/hrc_bringup:/home/duy/cocarry_ws/install/trac_ik:/home/duy/cocarry_ws/install/trac_ik_kinematics:/home/duy/cocarry_ws/install/trac_ik_lib:/home/duy/cocarry_ws/install/motoros2_client_interface_dependencies:/home/duy/cocarry_ws/install/hc10dtp_simulation:/home/duy/cocarry_ws/install/motoros2_interfaces:/home/duy/cocarry_ws/install/hc10dtp_bringup:/home/duy/cocarry_ws/install/hc10dtp_moveit_config:/home/duy/cocarry_ws/install/motoman_hc10dtp_support:/home/duy/cocarry_ws/install/motoman_gp4_support:/home/duy/cocarry_ws/install/motoman_resources:/home/duy/cocarry_ws/install/libfreenect2:/home/duy/cocarry_ws/install/kinect2_calibration:/home/duy/cocarry_ws/install/kinect2_bridge:/home/duy/cocarry_ws/install/kinect2_registration:/home/duy/cocarry_ws/install/industrial_msgs:/home/duy/cocarry_ws/install/trajectory_predictor:/home/duy/cocarry_ws/install/rula_tracker:/home/duy/cocarry_ws/install/realsense_tracker:/home/duy/cocarry_ws/install/predictor_ui:/home/duy/cocarry_ws/install/experiment_logger:/home/duy/cocarry_ws/install/coord_transform:/opt/ros/humble:/home/duy/cocarry_ws/install/human_hand_msgs /usr/bin/cmake --install /home/duy/cocarry_ws/build/motoman_resources[0m
[0.856s] [34mcolcon.colcon_core.shell[0m [1;30mLevel 1[0m create_environment_hook('motoman_resources', 'cmake_prefix_path')
[0.856s] [34mcolcon.colcon_core.shell[0m [1;30mINFO[0m Creating environment hook '/home/duy/cocarry_ws/install/motoman_resources/share/motoman_resources/hook/cmake_prefix_path.ps1'
[0.857s] [34mcolcon.colcon_core.shell[0m [1;30mINFO[0m Creating environment descriptor '/home/duy/cocarry_ws/install/motoman_resources/share/motoman_resources/hook/cmake_prefix_path.dsv'
[0.857s] [34mcolcon.colcon_core.shell[0m [1;30mINFO[0m Creating environment hook '/home/duy/cocarry_ws/install/motoman_resources/share/motoman_resources/hook/cmake_prefix_path.sh'
[0.858s] [34mcolcon.colcon_core.environment[0m [1;30mLevel 1[0m checking '/home/duy/cocarry_ws/install/motoman_resources/bin'
[0.858s] [34mcolcon.colcon_core.environment[0m [1;30mLevel 1[0m checking '/home/duy/cocarry_ws/install/motoman_resources/lib/pkgconfig/motoman_resources.pc'
[0.859s] [34mcolcon.colcon_core.environment[0m [1;30mLevel 1[0m checking '/home/duy/cocarry_ws/install/motoman_resources/lib/python3.10/site-packages'
[0.859s] [34mcolcon.colcon_core.environment[0m [1;30mLevel 1[0m checking '/home/duy/cocarry_ws/install/motoman_resources/bin'
[0.859s] [34mcolcon.colcon_core.shell[0m [1;30mINFO[0m Creating package script '/home/duy/cocarry_ws/install/motoman_resources/share/motoman_resources/package.ps1'
[0.860s] [34mcolcon.colcon_core.shell[0m [1;30mINFO[0m Creating package descriptor '/home/duy/cocarry_ws/install/motoman_resources/share/motoman_resources/package.dsv'
[0.861s] [34mcolcon.colcon_core.shell[0m [1;30mINFO[0m Creating package script '/home/duy/cocarry_ws/install/motoman_resources/share/motoman_resources/package.sh'
[0.861s] [34mcolcon.colcon_core.shell[0m [1;30mINFO[0m Creating package script '/home/duy/cocarry_ws/install/motoman_resources/share/motoman_resources/package.bash'
[0.862s] [34mcolcon.colcon_core.shell[0m [1;30mINFO[0m Creating package script '/home/duy/cocarry_ws/install/motoman_resources/share/motoman_resources/package.zsh'
[0.863s] [34mcolcon.colcon_core.environment[0m [1;30mLevel 1[0m create_file_with_runtime_dependencies(/home/duy/cocarry_ws/install/motoman_resources/share/colcon-core/packages/motoman_resources)
[0.863s] [34mcolcon.colcon_core.environment[0m [1;30mLevel 1[0m create_environment_scripts_only(motoman_resources)
[0.864s] [34mcolcon.colcon_core.environment[0m [1;30mLevel 1[0m checking '/home/duy/cocarry_ws/install/motoman_resources' for CMake module files
[0.864s] [34mcolcon.colcon_core.environment[0m [1;30mLevel 1[0m checking '/home/duy/cocarry_ws/install/motoman_resources' for CMake config files
[0.865s] [34mcolcon.colcon_core.shell[0m [1;30mLevel 1[0m create_environment_hook('motoman_resources', 'cmake_prefix_path')
[0.865s] [34mcolcon.colcon_core.shell[0m [1;30mINFO[0m Creating environment hook '/home/duy/cocarry_ws/install/motoman_resources/share/motoman_resources/hook/cmake_prefix_path.ps1'
[0.866s] [34mcolcon.colcon_core.shell[0m [1;30mINFO[0m Creating environment descriptor '/home/duy/cocarry_ws/install/motoman_resources/share/motoman_resources/hook/cmake_prefix_path.dsv'
[0.866s] [34mcolcon.colcon_core.shell[0m [1;30mINFO[0m Creating environment hook '/home/duy/cocarry_ws/install/motoman_resources/share/motoman_resources/hook/cmake_prefix_path.sh'
[0.867s] [34mcolcon.colcon_core.environment[0m [1;30mLevel 1[0m checking '/home/duy/cocarry_ws/install/motoman_resources/bin'
[0.867s] [34mcolcon.colcon_core.environment[0m [1;30mLevel 1[0m checking '/home/duy/cocarry_ws/install/motoman_resources/lib/pkgconfig/motoman_resources.pc'
[0.867s] [34mcolcon.colcon_core.environment[0m [1;30mLevel 1[0m checking '/home/duy/cocarry_ws/install/motoman_resources/lib/python3.10/site-packages'
[0.868s] [34mcolcon.colcon_core.environment[0m [1;30mLevel 1[0m checking '/home/duy/cocarry_ws/install/motoman_resources/bin'
[0.868s] [34mcolcon.colcon_core.shell[0m [1;30mINFO[0m Creating package script '/home/duy/cocarry_ws/install/motoman_resources/share/motoman_resources/package.ps1'
[0.869s] [34mcolcon.colcon_core.shell[0m [1;30mINFO[0m Creating package descriptor '/home/duy/cocarry_ws/install/motoman_resources/share/motoman_resources/package.dsv'
[0.870s] [34mcolcon.colcon_core.shell[0m [1;30mINFO[0m Creating package script '/home/duy/cocarry_ws/install/motoman_resources/share/motoman_resources/package.sh'
[0.871s] [34mcolcon.colcon_core.shell[0m [1;30mINFO[0m Creating package script '/home/duy/cocarry_ws/install/motoman_resources/share/motoman_resources/package.bash'
[0.872s] [34mcolcon.colcon_core.shell[0m [1;30mINFO[0m Creating package script '/home/duy/cocarry_ws/install/motoman_resources/share/motoman_resources/package.zsh'
[0.874s] [34mcolcon.colcon_core.environment[0m [1;30mLevel 1[0m create_file_with_runtime_dependencies(/home/duy/cocarry_ws/install/motoman_resources/share/colcon-core/packages/motoman_resources)
[0.875s] [34mcolcon.colcon_core.environment[0m [1;30mLevel 1[0m create_environment_scripts_only(trac_ik_lib)
[0.875s] [34mcolcon.colcon_core.environment[0m [1;30mLevel 1[0m checking '/home/duy/cocarry_ws/install/trac_ik_lib' for CMake module files
[0.877s] [34mcolcon.colcon_core.environment[0m [1;30mLevel 1[0m checking '/home/duy/cocarry_ws/install/trac_ik_lib' for CMake config files
[0.877s] [34mcolcon.colcon_core.event_handler.log_command[0m [1;30mDEBUG[0m [32mInvoked command in '/home/duy/cocarry_ws/build/trac_ik_lib' returned '0': CMAKE_PREFIX_PATH=/home/duy/cocarry_ws/install/hrc_bringup:/home/duy/cocarry_ws/install/trac_ik:/home/duy/cocarry_ws/install/trac_ik_kinematics:/home/duy/cocarry_ws/install/trac_ik_lib:/home/duy/cocarry_ws/install/motoros2_client_interface_dependencies:/home/duy/cocarry_ws/install/hc10dtp_simulation:/home/duy/cocarry_ws/install/motoros2_interfaces:/home/duy/cocarry_ws/install/hc10dtp_bringup:/home/duy/cocarry_ws/install/hc10dtp_moveit_config:/home/duy/cocarry_ws/install/motoman_hc10dtp_support:/home/duy/cocarry_ws/install/motoman_gp4_support:/home/duy/cocarry_ws/install/motoman_resources:/home/duy/cocarry_ws/install/libfreenect2:/home/duy/cocarry_ws/install/kinect2_calibration:/home/duy/cocarry_ws/install/kinect2_bridge:/home/duy/cocarry_ws/install/kinect2_registration:/home/duy/cocarry_ws/install/industrial_msgs:/home/duy/cocarry_ws/install/trajectory_predictor:/home/duy/cocarry_ws/install/rula_tracker:/home/duy/cocarry_ws/install/realsense_tracker:/home/duy/cocarry_ws/install/predictor_ui:/home/duy/cocarry_ws/install/experiment_logger:/home/duy/cocarry_ws/install/coord_transform:/opt/ros/humble:/home/duy/cocarry_ws/install/human_hand_msgs /usr/bin/cmake --install /home/duy/cocarry_ws/build/trac_ik_lib[0m
[0.878s] [34mcolcon.colcon_core.shell[0m [1;30mLevel 1[0m create_environment_hook('trac_ik_lib', 'cmake_prefix_path')
[0.878s] [34mcolcon.colcon_core.shell[0m [1;30mINFO[0m Creating environment hook '/home/duy/cocarry_ws/install/trac_ik_lib/share/trac_ik_lib/hook/cmake_prefix_path.ps1'
[0.879s] [34mcolcon.colcon_core.shell[0m [1;30mINFO[0m Creating environment descriptor '/home/duy/cocarry_ws/install/trac_ik_lib/share/trac_ik_lib/hook/cmake_prefix_path.dsv'
[0.879s] [34mcolcon.colcon_core.shell[0m [1;30mINFO[0m Creating environment hook '/home/duy/cocarry_ws/install/trac_ik_lib/share/trac_ik_lib/hook/cmake_prefix_path.sh'
[0.880s] [34mcolcon.colcon_core.environment[0m [1;30mLevel 1[0m checking '/home/duy/cocarry_ws/install/trac_ik_lib/lib'
[0.880s] [34mcolcon.colcon_core.shell[0m [1;30mLevel 1[0m create_environment_hook('trac_ik_lib', 'ld_library_path_lib')
[0.881s] [34mcolcon.colcon_core.shell[0m [1;30mINFO[0m Creating environment hook '/home/duy/cocarry_ws/install/trac_ik_lib/share/trac_ik_lib/hook/ld_library_path_lib.ps1'
[0.881s] [34mcolcon.colcon_core.shell[0m [1;30mINFO[0m Creating environment descriptor '/home/duy/cocarry_ws/install/trac_ik_lib/share/trac_ik_lib/hook/ld_library_path_lib.dsv'
[0.882s] [34mcolcon.colcon_core.shell[0m [1;30mINFO[0m Creating environment hook '/home/duy/cocarry_ws/install/trac_ik_lib/share/trac_ik_lib/hook/ld_library_path_lib.sh'
[0.882s] [34mcolcon.colcon_core.environment[0m [1;30mLevel 1[0m checking '/home/duy/cocarry_ws/install/trac_ik_lib/bin'
[0.882s] [34mcolcon.colcon_core.environment[0m [1;30mLevel 1[0m checking '/home/duy/cocarry_ws/install/trac_ik_lib/lib/pkgconfig/trac_ik_lib.pc'
[0.882s] [34mcolcon.colcon_core.environment[0m [1;30mLevel 1[0m checking '/home/duy/cocarry_ws/install/trac_ik_lib/lib/python3.10/site-packages'
[0.883s] [34mcolcon.colcon_core.environment[0m [1;30mLevel 1[0m checking '/home/duy/cocarry_ws/install/trac_ik_lib/bin'
[0.883s] [34mcolcon.colcon_core.shell[0m [1;30mINFO[0m Creating package script '/home/duy/cocarry_ws/install/trac_ik_lib/share/trac_ik_lib/package.ps1'
[0.884s] [34mcolcon.colcon_core.shell[0m [1;30mINFO[0m Creating package descriptor '/home/duy/cocarry_ws/install/trac_ik_lib/share/trac_ik_lib/package.dsv'
[0.885s] [34mcolcon.colcon_core.shell[0m [1;30mINFO[0m Creating package script '/home/duy/cocarry_ws/install/trac_ik_lib/share/trac_ik_lib/package.sh'
[0.885s] [34mcolcon.colcon_core.shell[0m [1;30mINFO[0m Creating package script '/home/duy/cocarry_ws/install/trac_ik_lib/share/trac_ik_lib/package.bash'
[0.886s] [34mcolcon.colcon_core.shell[0m [1;30mINFO[0m Creating package script '/home/duy/cocarry_ws/install/trac_ik_lib/share/trac_ik_lib/package.zsh'
[0.886s] [34mcolcon.colcon_core.environment[0m [1;30mLevel 1[0m create_file_with_runtime_dependencies(/home/duy/cocarry_ws/install/trac_ik_lib/share/colcon-core/packages/trac_ik_lib)
[0.887s] [34mcolcon.colcon_core.environment[0m [1;30mLevel 1[0m create_environment_scripts_only(trac_ik_lib)
[0.887s] [34mcolcon.colcon_core.environment[0m [1;30mLevel 1[0m checking '/home/duy/cocarry_ws/install/trac_ik_lib' for CMake module files
[0.888s] [34mcolcon.colcon_core.environment[0m [1;30mLevel 1[0m checking '/home/duy/cocarry_ws/install/trac_ik_lib' for CMake config files
[0.888s] [34mcolcon.colcon_core.shell[0m [1;30mLevel 1[0m create_environment_hook('trac_ik_lib', 'cmake_prefix_path')
[0.888s] [34mcolcon.colcon_core.shell[0m [1;30mINFO[0m Creating environment hook '/home/duy/cocarry_ws/install/trac_ik_lib/share/trac_ik_lib/hook/cmake_prefix_path.ps1'
[0.888s] [34mcolcon.colcon_core.shell[0m [1;30mINFO[0m Creating environment descriptor '/home/duy/cocarry_ws/install/trac_ik_lib/share/trac_ik_lib/hook/cmake_prefix_path.dsv'
[0.889s] [34mcolcon.colcon_core.shell[0m [1;30mINFO[0m Creating environment hook '/home/duy/cocarry_ws/install/trac_ik_lib/share/trac_ik_lib/hook/cmake_prefix_path.sh'
[0.889s] [34mcolcon.colcon_core.environment[0m [1;30mLevel 1[0m checking '/home/duy/cocarry_ws/install/trac_ik_lib/lib'
[0.889s] [34mcolcon.colcon_core.shell[0m [1;30mLevel 1[0m create_environment_hook('trac_ik_lib', 'ld_library_path_lib')
[0.889s] [34mcolcon.colcon_core.shell[0m [1;30mINFO[0m Creating environment hook '/home/duy/cocarry_ws/install/trac_ik_lib/share/trac_ik_lib/hook/ld_library_path_lib.ps1'
[0.890s] [34mcolcon.colcon_core.shell[0m [1;30mINFO[0m Creating environment descriptor '/home/duy/cocarry_ws/install/trac_ik_lib/share/trac_ik_lib/hook/ld_library_path_lib.dsv'
[0.890s] [34mcolcon.colcon_core.shell[0m [1;30mINFO[0m Creating environment hook '/home/duy/cocarry_ws/install/trac_ik_lib/share/trac_ik_lib/hook/ld_library_path_lib.sh'
[0.890s] [34mcolcon.colcon_core.environment[0m [1;30mLevel 1[0m checking '/home/duy/cocarry_ws/install/trac_ik_lib/bin'
[0.890s] [34mcolcon.colcon_core.environment[0m [1;30mLevel 1[0m checking '/home/duy/cocarry_ws/install/trac_ik_lib/lib/pkgconfig/trac_ik_lib.pc'
[0.890s] [34mcolcon.colcon_core.environment[0m [1;30mLevel 1[0m checking '/home/duy/cocarry_ws/install/trac_ik_lib/lib/python3.10/site-packages'
[0.891s] [34mcolcon.colcon_core.environment[0m [1;30mLevel 1[0m checking '/home/duy/cocarry_ws/install/trac_ik_lib/bin'
[0.891s] [34mcolcon.colcon_core.shell[0m [1;30mINFO[0m Creating package script '/home/duy/cocarry_ws/install/trac_ik_lib/share/trac_ik_lib/package.ps1'
[0.891s] [34mcolcon.colcon_core.shell[0m [1;30mINFO[0m Creating package descriptor '/home/duy/cocarry_ws/install/trac_ik_lib/share/trac_ik_lib/package.dsv'
[0.892s] [34mcolcon.colcon_core.shell[0m [1;30mINFO[0m Creating package script '/home/duy/cocarry_ws/install/trac_ik_lib/share/trac_ik_lib/package.sh'
[0.892s] [34mcolcon.colcon_core.shell[0m [1;30mINFO[0m Creating package script '/home/duy/cocarry_ws/install/trac_ik_lib/share/trac_ik_lib/package.bash'
[0.892s] [34mcolcon.colcon_core.shell[0m [1;30mINFO[0m Creating package script '/home/duy/cocarry_ws/install/trac_ik_lib/share/trac_ik_lib/package.zsh'
[0.893s] [34mcolcon.colcon_core.environment[0m [1;30mLevel 1[0m create_file_with_runtime_dependencies(/home/duy/cocarry_ws/install/trac_ik_lib/share/colcon-core/packages/trac_ik_lib)
[0.895s] [34mcolcon.colcon_core.event_handler.log_command[0m [1;30mDEBUG[0m [32mInvoked command in '/home/duy/cocarry_ws/build/motoros2_interfaces' returned '0': CMAKE_PREFIX_PATH=/home/duy/cocarry_ws/install/hrc_bringup:/home/duy/cocarry_ws/install/trac_ik:/home/duy/cocarry_ws/install/trac_ik_kinematics:/home/duy/cocarry_ws/install/trac_ik_lib:/home/duy/cocarry_ws/install/motoros2_client_interface_dependencies:/home/duy/cocarry_ws/install/hc10dtp_simulation:/home/duy/cocarry_ws/install/motoros2_interfaces:/home/duy/cocarry_ws/install/hc10dtp_bringup:/home/duy/cocarry_ws/install/hc10dtp_moveit_config:/home/duy/cocarry_ws/install/motoman_hc10dtp_support:/home/duy/cocarry_ws/install/motoman_gp4_support:/home/duy/cocarry_ws/install/motoman_resources:/home/duy/cocarry_ws/install/libfreenect2:/home/duy/cocarry_ws/install/kinect2_calibration:/home/duy/cocarry_ws/install/kinect2_bridge:/home/duy/cocarry_ws/install/kinect2_registration:/home/duy/cocarry_ws/install/industrial_msgs:/home/duy/cocarry_ws/install/trajectory_predictor:/home/duy/cocarry_ws/install/rula_tracker:/home/duy/cocarry_ws/install/realsense_tracker:/home/duy/cocarry_ws/install/predictor_ui:/home/duy/cocarry_ws/install/experiment_logger:/home/duy/cocarry_ws/install/coord_transform:/opt/ros/humble:/home/duy/cocarry_ws/install/human_hand_msgs /usr/bin/cmake --build /home/duy/cocarry_ws/build/motoros2_interfaces -- -j16 -l16[0m
[0.895s] [34mcolcon.colcon_ros.task.ament_cmake.build[0m [1;30mINFO[0m Building ROS package in '/home/duy/cocarry_ws/src/motoman_ros2_support_packages/motoman_hc10dtp_support' with build type 'ament_cmake'
[0.895s] [34mcolcon.colcon_cmake.task.cmake.build[0m [1;30mINFO[0m Building CMake package in '/home/duy/cocarry_ws/src/motoman_ros2_support_packages/motoman_hc10dtp_support'
[0.895s] [34mcolcon.colcon_core.shell[0m [1;30mINFO[0m Skip shell extension 'powershell' for command environment: Not usable outside of PowerShell
[0.895s] [34mcolcon.colcon_core.shell[0m [1;30mDEBUG[0m [32mSkip shell extension 'dsv' for command environment[0m
[0.896s] [34mcolcon.colcon_core.event_handler.log_command[0m [1;30mDEBUG[0m [32mInvoking command in '/home/duy/cocarry_ws/build/motoros2_interfaces': CMAKE_PREFIX_PATH=/home/duy/cocarry_ws/install/hrc_bringup:/home/duy/cocarry_ws/install/trac_ik:/home/duy/cocarry_ws/install/trac_ik_kinematics:/home/duy/cocarry_ws/install/trac_ik_lib:/home/duy/cocarry_ws/install/motoros2_client_interface_dependencies:/home/duy/cocarry_ws/install/hc10dtp_simulation:/home/duy/cocarry_ws/install/motoros2_interfaces:/home/duy/cocarry_ws/install/hc10dtp_bringup:/home/duy/cocarry_ws/install/hc10dtp_moveit_config:/home/duy/cocarry_ws/install/motoman_hc10dtp_support:/home/duy/cocarry_ws/install/motoman_gp4_support:/home/duy/cocarry_ws/install/motoman_resources:/home/duy/cocarry_ws/install/libfreenect2:/home/duy/cocarry_ws/install/kinect2_calibration:/home/duy/cocarry_ws/install/kinect2_bridge:/home/duy/cocarry_ws/install/kinect2_registration:/home/duy/cocarry_ws/install/industrial_msgs:/home/duy/cocarry_ws/install/trajectory_predictor:/home/duy/cocarry_ws/install/rula_tracker:/home/duy/cocarry_ws/install/realsense_tracker:/home/duy/cocarry_ws/install/predictor_ui:/home/duy/cocarry_ws/install/experiment_logger:/home/duy/cocarry_ws/install/coord_transform:/opt/ros/humble:/home/duy/cocarry_ws/install/human_hand_msgs /usr/bin/cmake --install /home/duy/cocarry_ws/build/motoros2_interfaces[0m
[0.899s] [34mcolcon.colcon_ros.task.ament_cmake.build[0m [1;30mINFO[0m Building ROS package in '/home/duy/cocarry_ws/src/trac_ik/trac_ik_kinematics' with build type 'ament_cmake'
[0.899s] [34mcolcon.colcon_cmake.task.cmake.build[0m [1;30mINFO[0m Building CMake package in '/home/duy/cocarry_ws/src/trac_ik/trac_ik_kinematics'
[0.900s] [34mcolcon.colcon_core.shell[0m [1;30mINFO[0m Skip shell extension 'powershell' for command environment: Not usable outside of PowerShell
[0.900s] [34mcolcon.colcon_core.shell[0m [1;30mDEBUG[0m [32mSkip shell extension 'dsv' for command environment[0m
[0.903s] [34mcolcon.colcon_ros.task.ament_cmake.build[0m [1;30mINFO[0m Building ROS package in '/home/duy/cocarry_ws/src/motoman_ros2_support_packages/motoman_gp4_support' with build type 'ament_cmake'
[0.904s] [34mcolcon.colcon_cmake.task.cmake.build[0m [1;30mINFO[0m Building CMake package in '/home/duy/cocarry_ws/src/motoman_ros2_support_packages/motoman_gp4_support'
[0.904s] [34mcolcon.colcon_core.shell[0m [1;30mINFO[0m Skip shell extension 'powershell' for command environment: Not usable outside of PowerShell
[0.905s] [34mcolcon.colcon_core.shell[0m [1;30mDEBUG[0m [32mSkip shell extension 'dsv' for command environment[0m
[0.919s] [34mcolcon.colcon_core.event_handler.log_command[0m [1;30mDEBUG[0m [32mInvoked command in '/home/duy/cocarry_ws/build/human_hand_msgs' returned '0': /usr/bin/cmake --build /home/duy/cocarry_ws/build/human_hand_msgs -- -j16 -l16[0m
[0.922s] [34mcolcon.colcon_core.environment[0m [1;30mLevel 1[0m create_environment_scripts_only(industrial_msgs)
[0.922s] [34mcolcon.colcon_core.environment[0m [1;30mLevel 1[0m checking '/home/duy/cocarry_ws/install/industrial_msgs' for CMake module files
[0.923s] [34mcolcon.colcon_core.environment[0m [1;30mLevel 1[0m checking '/home/duy/cocarry_ws/install/industrial_msgs' for CMake config files
[0.926s] [34mcolcon.colcon_core.shell[0m [1;30mLevel 1[0m create_environment_hook('industrial_msgs', 'cmake_prefix_path')
[0.926s] [34mcolcon.colcon_core.shell[0m [1;30mINFO[0m Creating environment hook '/home/duy/cocarry_ws/install/industrial_msgs/share/industrial_msgs/hook/cmake_prefix_path.ps1'
[0.927s] [34mcolcon.colcon_core.shell[0m [1;30mINFO[0m Creating environment descriptor '/home/duy/cocarry_ws/install/industrial_msgs/share/industrial_msgs/hook/cmake_prefix_path.dsv'
[0.927s] [34mcolcon.colcon_core.shell[0m [1;30mINFO[0m Creating environment hook '/home/duy/cocarry_ws/install/industrial_msgs/share/industrial_msgs/hook/cmake_prefix_path.sh'
[0.928s] [34mcolcon.colcon_core.environment[0m [1;30mLevel 1[0m checking '/home/duy/cocarry_ws/install/industrial_msgs/lib'
[0.928s] [34mcolcon.colcon_core.shell[0m [1;30mLevel 1[0m create_environment_hook('industrial_msgs', 'ld_library_path_lib')
[0.929s] [34mcolcon.colcon_core.shell[0m [1;30mINFO[0m Creating environment hook '/home/duy/cocarry_ws/install/industrial_msgs/share/industrial_msgs/hook/ld_library_path_lib.ps1'
[0.929s] [34mcolcon.colcon_core.shell[0m [1;30mINFO[0m Creating environment descriptor '/home/duy/cocarry_ws/install/industrial_msgs/share/industrial_msgs/hook/ld_library_path_lib.dsv'
[0.930s] [34mcolcon.colcon_core.shell[0m [1;30mINFO[0m Creating environment hook '/home/duy/cocarry_ws/install/industrial_msgs/share/industrial_msgs/hook/ld_library_path_lib.sh'
[0.934s] [34mcolcon.colcon_core.event_handler.log_command[0m [1;30mDEBUG[0m [32mInvoking command in '/home/duy/cocarry_ws/build/human_hand_msgs': /usr/bin/cmake --install /home/duy/cocarry_ws/build/human_hand_msgs[0m
[0.935s] [34mcolcon.colcon_core.environment[0m [1;30mLevel 1[0m checking '/home/duy/cocarry_ws/install/industrial_msgs/bin'
[0.936s] [34mcolcon.colcon_core.environment[0m [1;30mLevel 1[0m checking '/home/duy/cocarry_ws/install/industrial_msgs/lib/pkgconfig/industrial_msgs.pc'
[0.936s] [34mcolcon.colcon_core.event_handler.log_command[0m [1;30mDEBUG[0m [32mInvoked command in '/home/duy/cocarry_ws/build/industrial_msgs' returned '0': CMAKE_PREFIX_PATH=/home/duy/cocarry_ws/install/hrc_bringup:/home/duy/cocarry_ws/install/trac_ik:/home/duy/cocarry_ws/install/trac_ik_kinematics:/home/duy/cocarry_ws/install/trac_ik_lib:/home/duy/cocarry_ws/install/motoros2_client_interface_dependencies:/home/duy/cocarry_ws/install/hc10dtp_simulation:/home/duy/cocarry_ws/install/motoros2_interfaces:/home/duy/cocarry_ws/install/hc10dtp_bringup:/home/duy/cocarry_ws/install/hc10dtp_moveit_config:/home/duy/cocarry_ws/install/motoman_hc10dtp_support:/home/duy/cocarry_ws/install/motoman_gp4_support:/home/duy/cocarry_ws/install/motoman_resources:/home/duy/cocarry_ws/install/libfreenect2:/home/duy/cocarry_ws/install/kinect2_calibration:/home/duy/cocarry_ws/install/kinect2_bridge:/home/duy/cocarry_ws/install/kinect2_registration:/home/duy/cocarry_ws/install/industrial_msgs:/home/duy/cocarry_ws/install/trajectory_predictor:/home/duy/cocarry_ws/install/rula_tracker:/home/duy/cocarry_ws/install/realsense_tracker:/home/duy/cocarry_ws/install/predictor_ui:/home/duy/cocarry_ws/install/experiment_logger:/home/duy/cocarry_ws/install/coord_transform:/opt/ros/humble:/home/duy/cocarry_ws/install/human_hand_msgs /usr/bin/cmake --install /home/duy/cocarry_ws/build/industrial_msgs[0m
[0.936s] [34mcolcon.colcon_core.environment[0m [1;30mLevel 1[0m checking '/home/duy/cocarry_ws/install/industrial_msgs/lib/python3.10/site-packages'
[0.937s] [34mcolcon.colcon_core.environment[0m [1;30mLevel 1[0m checking '/home/duy/cocarry_ws/install/industrial_msgs/bin'
[0.938s] [34mcolcon.colcon_core.shell[0m [1;30mINFO[0m Creating package script '/home/duy/cocarry_ws/install/industrial_msgs/share/industrial_msgs/package.ps1'
[0.941s] [34mcolcon.colcon_core.shell[0m [1;30mINFO[0m Creating package descriptor '/home/duy/cocarry_ws/install/industrial_msgs/share/industrial_msgs/package.dsv'
[0.947s] [34mcolcon.colcon_core.shell[0m [1;30mINFO[0m Creating package script '/home/duy/cocarry_ws/install/industrial_msgs/share/industrial_msgs/package.sh'
[0.949s] [34mcolcon.colcon_core.shell[0m [1;30mINFO[0m Creating package script '/home/duy/cocarry_ws/install/industrial_msgs/share/industrial_msgs/package.bash'
[0.950s] [34mcolcon.colcon_core.shell[0m [1;30mINFO[0m Creating package script '/home/duy/cocarry_ws/install/industrial_msgs/share/industrial_msgs/package.zsh'
[0.950s] [34mcolcon.colcon_core.environment[0m [1;30mLevel 1[0m create_file_with_runtime_dependencies(/home/duy/cocarry_ws/install/industrial_msgs/share/colcon-core/packages/industrial_msgs)
[0.950s] [34mcolcon.colcon_core.environment[0m [1;30mLevel 1[0m create_environment_scripts_only(industrial_msgs)
[0.951s] [34mcolcon.colcon_core.environment[0m [1;30mLevel 1[0m checking '/home/duy/cocarry_ws/install/industrial_msgs' for CMake module files
[0.951s] [34mcolcon.colcon_core.environment[0m [1;30mLevel 1[0m checking '/home/duy/cocarry_ws/install/industrial_msgs' for CMake config files
[0.952s] [34mcolcon.colcon_core.shell[0m [1;30mLevel 1[0m create_environment_hook('industrial_msgs', 'cmake_prefix_path')
[0.952s] [34mcolcon.colcon_core.shell[0m [1;30mINFO[0m Creating environment hook '/home/duy/cocarry_ws/install/industrial_msgs/share/industrial_msgs/hook/cmake_prefix_path.ps1'
[0.952s] [34mcolcon.colcon_core.shell[0m [1;30mINFO[0m Creating environment descriptor '/home/duy/cocarry_ws/install/industrial_msgs/share/industrial_msgs/hook/cmake_prefix_path.dsv'
[0.953s] [34mcolcon.colcon_core.shell[0m [1;30mINFO[0m Creating environment hook '/home/duy/cocarry_ws/install/industrial_msgs/share/industrial_msgs/hook/cmake_prefix_path.sh'
[0.953s] [34mcolcon.colcon_core.environment[0m [1;30mLevel 1[0m checking '/home/duy/cocarry_ws/install/industrial_msgs/lib'
[0.953s] [34mcolcon.colcon_core.shell[0m [1;30mLevel 1[0m create_environment_hook('industrial_msgs', 'ld_library_path_lib')
[0.953s] [34mcolcon.colcon_core.shell[0m [1;30mINFO[0m Creating environment hook '/home/duy/cocarry_ws/install/industrial_msgs/share/industrial_msgs/hook/ld_library_path_lib.ps1'
[0.954s] [34mcolcon.colcon_core.shell[0m [1;30mINFO[0m Creating environment descriptor '/home/duy/cocarry_ws/install/industrial_msgs/share/industrial_msgs/hook/ld_library_path_lib.dsv'
[0.955s] [34mcolcon.colcon_core.shell[0m [1;30mINFO[0m Creating environment hook '/home/duy/cocarry_ws/install/industrial_msgs/share/industrial_msgs/hook/ld_library_path_lib.sh'
[0.956s] [34mcolcon.colcon_core.environment[0m [1;30mLevel 1[0m checking '/home/duy/cocarry_ws/install/industrial_msgs/bin'
[0.956s] [34mcolcon.colcon_core.environment[0m [1;30mLevel 1[0m checking '/home/duy/cocarry_ws/install/industrial_msgs/lib/pkgconfig/industrial_msgs.pc'
[0.957s] [34mcolcon.colcon_core.environment[0m [1;30mLevel 1[0m checking '/home/duy/cocarry_ws/install/industrial_msgs/lib/python3.10/site-packages'
[0.957s] [34mcolcon.colcon_core.environment[0m [1;30mLevel 1[0m checking '/home/duy/cocarry_ws/install/industrial_msgs/bin'
[0.958s] [34mcolcon.colcon_core.shell[0m [1;30mINFO[0m Creating package script '/home/duy/cocarry_ws/install/industrial_msgs/share/industrial_msgs/package.ps1'
[0.959s] [34mcolcon.colcon_core.shell[0m [1;30mINFO[0m Creating package descriptor '/home/duy/cocarry_ws/install/industrial_msgs/share/industrial_msgs/package.dsv'
[0.959s] [34mcolcon.colcon_core.shell[0m [1;30mINFO[0m Creating package script '/home/duy/cocarry_ws/install/industrial_msgs/share/industrial_msgs/package.sh'
[0.960s] [34mcolcon.colcon_core.shell[0m [1;30mINFO[0m Creating package script '/home/duy/cocarry_ws/install/industrial_msgs/share/industrial_msgs/package.bash'
[0.960s] [34mcolcon.colcon_core.shell[0m [1;30mINFO[0m Creating package script '/home/duy/cocarry_ws/install/industrial_msgs/share/industrial_msgs/package.zsh'
[0.961s] [34mcolcon.colcon_core.environment[0m [1;30mLevel 1[0m create_file_with_runtime_dependencies(/home/duy/cocarry_ws/install/industrial_msgs/share/colcon-core/packages/industrial_msgs)
[0.965s] [34mcolcon.colcon_core.event_handler.log_command[0m [1;30mDEBUG[0m [32mInvoking command in '/home/duy/cocarry_ws/build/kinect2_bridge': CMAKE_PREFIX_PATH=/home/duy/cocarry_ws/install/kinect2_registration:/home/duy/cocarry_ws/install/hrc_bringup:/home/duy/cocarry_ws/install/trac_ik:/home/duy/cocarry_ws/install/trac_ik_kinematics:/home/duy/cocarry_ws/install/trac_ik_lib:/home/duy/cocarry_ws/install/motoros2_client_interface_dependencies:/home/duy/cocarry_ws/install/hc10dtp_simulation:/home/duy/cocarry_ws/install/motoros2_interfaces:/home/duy/cocarry_ws/install/hc10dtp_bringup:/home/duy/cocarry_ws/install/hc10dtp_moveit_config:/home/duy/cocarry_ws/install/motoman_hc10dtp_support:/home/duy/cocarry_ws/install/motoman_gp4_support:/home/duy/cocarry_ws/install/motoman_resources:/home/duy/cocarry_ws/install/libfreenect2:/home/duy/cocarry_ws/install/kinect2_calibration:/home/duy/cocarry_ws/install/kinect2_bridge:/home/duy/cocarry_ws/install/industrial_msgs:/home/duy/cocarry_ws/install/trajectory_predictor:/home/duy/cocarry_ws/install/rula_tracker:/home/duy/cocarry_ws/install/realsense_tracker:/home/duy/cocarry_ws/install/predictor_ui:/home/duy/cocarry_ws/install/experiment_logger:/home/duy/cocarry_ws/install/coord_transform:/opt/ros/humble:/home/duy/cocarry_ws/install/human_hand_msgs /usr/bin/cmake --build /home/duy/cocarry_ws/build/kinect2_bridge -- -j16 -l16[0m
[0.975s] [34mcolcon.colcon_core.event_handler.log_command[0m [1;30mDEBUG[0m [32mInvoking command in '/home/duy/cocarry_ws/build/motoman_hc10dtp_support': CMAKE_PREFIX_PATH=/home/duy/cocarry_ws/install/motoman_resources:/home/duy/cocarry_ws/install/hrc_bringup:/home/duy/cocarry_ws/install/trac_ik:/home/duy/cocarry_ws/install/trac_ik_kinematics:/home/duy/cocarry_ws/install/trac_ik_lib:/home/duy/cocarry_ws/install/motoros2_client_interface_dependencies:/home/duy/cocarry_ws/install/hc10dtp_simulation:/home/duy/cocarry_ws/install/motoros2_interfaces:/home/duy/cocarry_ws/install/hc10dtp_bringup:/home/duy/cocarry_ws/install/hc10dtp_moveit_config:/home/duy/cocarry_ws/install/motoman_hc10dtp_support:/home/duy/cocarry_ws/install/motoman_gp4_support:/home/duy/cocarry_ws/install/libfreenect2:/home/duy/cocarry_ws/install/kinect2_calibration:/home/duy/cocarry_ws/install/kinect2_bridge:/home/duy/cocarry_ws/install/kinect2_registration:/home/duy/cocarry_ws/install/industrial_msgs:/home/duy/cocarry_ws/install/trajectory_predictor:/home/duy/cocarry_ws/install/rula_tracker:/home/duy/cocarry_ws/install/realsense_tracker:/home/duy/cocarry_ws/install/predictor_ui:/home/duy/cocarry_ws/install/experiment_logger:/home/duy/cocarry_ws/install/coord_transform:/opt/ros/humble:/home/duy/cocarry_ws/install/human_hand_msgs /usr/bin/cmake --build /home/duy/cocarry_ws/build/motoman_hc10dtp_support -- -j16 -l16[0m
[0.978s] [34mcolcon.colcon_core.event_handler.log_command[0m [1;30mDEBUG[0m [32mInvoking command in '/home/duy/cocarry_ws/build/trac_ik_kinematics': CMAKE_PREFIX_PATH=/home/duy/cocarry_ws/install/trac_ik_lib:/home/duy/cocarry_ws/install/hrc_bringup:/home/duy/cocarry_ws/install/trac_ik:/home/duy/cocarry_ws/install/trac_ik_kinematics:/home/duy/cocarry_ws/install/motoros2_client_interface_dependencies:/home/duy/cocarry_ws/install/hc10dtp_simulation:/home/duy/cocarry_ws/install/motoros2_interfaces:/home/duy/cocarry_ws/install/hc10dtp_bringup:/home/duy/cocarry_ws/install/hc10dtp_moveit_config:/home/duy/cocarry_ws/install/motoman_hc10dtp_support:/home/duy/cocarry_ws/install/motoman_gp4_support:/home/duy/cocarry_ws/install/motoman_resources:/home/duy/cocarry_ws/install/libfreenect2:/home/duy/cocarry_ws/install/kinect2_calibration:/home/duy/cocarry_ws/install/kinect2_bridge:/home/duy/cocarry_ws/install/kinect2_registration:/home/duy/cocarry_ws/install/industrial_msgs:/home/duy/cocarry_ws/install/trajectory_predictor:/home/duy/cocarry_ws/install/rula_tracker:/home/duy/cocarry_ws/install/realsense_tracker:/home/duy/cocarry_ws/install/predictor_ui:/home/duy/cocarry_ws/install/experiment_logger:/home/duy/cocarry_ws/install/coord_transform:/opt/ros/humble:/home/duy/cocarry_ws/install/human_hand_msgs LD_LIBRARY_PATH=/home/duy/cocarry_ws/install/trac_ik_lib/lib:/home/duy/cocarry_ws/install/trac_ik_kinematics/lib:/home/duy/cocarry_ws/install/motoros2_interfaces/lib:/home/duy/cocarry_ws/install/libfreenect2/lib:/home/duy/cocarry_ws/install/kinect2_registration/lib:/home/duy/cocarry_ws/install/industrial_msgs/lib:/home/duy/cocarry_ws/install/human_hand_msgs/lib:/usr/local/lib/nuitrack:/usr/lib/x86_64-linux-gnu/gazebo-11/plugins:/opt/ros/humble/opt/rviz_ogre_vendor/lib:/opt/ros/humble/lib/x86_64-linux-gnu:/opt/ros/humble/lib:/usr/local/lib/nuitrack /usr/bin/cmake --build /home/duy/cocarry_ws/build/trac_ik_kinematics -- -j16 -l16[0m
[0.982s] [34mcolcon.colcon_core.event_handler.log_command[0m [1;30mDEBUG[0m [32mInvoking command in '/home/duy/cocarry_ws/build/motoman_gp4_support': CMAKE_PREFIX_PATH=/home/duy/cocarry_ws/install/motoman_resources:/home/duy/cocarry_ws/install/hrc_bringup:/home/duy/cocarry_ws/install/trac_ik:/home/duy/cocarry_ws/install/trac_ik_kinematics:/home/duy/cocarry_ws/install/trac_ik_lib:/home/duy/cocarry_ws/install/motoros2_client_interface_dependencies:/home/duy/cocarry_ws/install/hc10dtp_simulation:/home/duy/cocarry_ws/install/motoros2_interfaces:/home/duy/cocarry_ws/install/hc10dtp_bringup:/home/duy/cocarry_ws/install/hc10dtp_moveit_config:/home/duy/cocarry_ws/install/motoman_hc10dtp_support:/home/duy/cocarry_ws/install/motoman_gp4_support:/home/duy/cocarry_ws/install/libfreenect2:/home/duy/cocarry_ws/install/kinect2_calibration:/home/duy/cocarry_ws/install/kinect2_bridge:/home/duy/cocarry_ws/install/kinect2_registration:/home/duy/cocarry_ws/install/industrial_msgs:/home/duy/cocarry_ws/install/trajectory_predictor:/home/duy/cocarry_ws/install/rula_tracker:/home/duy/cocarry_ws/install/realsense_tracker:/home/duy/cocarry_ws/install/predictor_ui:/home/duy/cocarry_ws/install/experiment_logger:/home/duy/cocarry_ws/install/coord_transform:/opt/ros/humble:/home/duy/cocarry_ws/install/human_hand_msgs /usr/bin/cmake --build /home/duy/cocarry_ws/build/motoman_gp4_support -- -j16 -l16[0m
[1.009s] [34mcolcon.colcon_core.environment[0m [1;30mLevel 1[0m create_environment_scripts_only(motoros2_interfaces)
[1.010s] [34mcolcon.colcon_core.environment[0m [1;30mLevel 1[0m checking '/home/duy/cocarry_ws/install/motoros2_interfaces' for CMake module files
[1.014s] [34mcolcon.colcon_core.environment[0m [1;30mLevel 1[0m checking '/home/duy/cocarry_ws/install/motoros2_interfaces' for CMake config files
[1.015s] [34mcolcon.colcon_core.event_handler.log_command[0m [1;30mDEBUG[0m [32mInvoked command in '/home/duy/cocarry_ws/build/motoros2_interfaces' returned '0': CMAKE_PREFIX_PATH=/home/duy/cocarry_ws/install/hrc_bringup:/home/duy/cocarry_ws/install/trac_ik:/home/duy/cocarry_ws/install/trac_ik_kinematics:/home/duy/cocarry_ws/install/trac_ik_lib:/home/duy/cocarry_ws/install/motoros2_client_interface_dependencies:/home/duy/cocarry_ws/install/hc10dtp_simulation:/home/duy/cocarry_ws/install/motoros2_interfaces:/home/duy/cocarry_ws/install/hc10dtp_bringup:/home/duy/cocarry_ws/install/hc10dtp_moveit_config:/home/duy/cocarry_ws/install/motoman_hc10dtp_support:/home/duy/cocarry_ws/install/motoman_gp4_support:/home/duy/cocarry_ws/install/motoman_resources:/home/duy/cocarry_ws/install/libfreenect2:/home/duy/cocarry_ws/install/kinect2_calibration:/home/duy/cocarry_ws/install/kinect2_bridge:/home/duy/cocarry_ws/install/kinect2_registration:/home/duy/cocarry_ws/install/industrial_msgs:/home/duy/cocarry_ws/install/trajectory_predictor:/home/duy/cocarry_ws/install/rula_tracker:/home/duy/cocarry_ws/install/realsense_tracker:/home/duy/cocarry_ws/install/predictor_ui:/home/duy/cocarry_ws/install/experiment_logger:/home/duy/cocarry_ws/install/coord_transform:/opt/ros/humble:/home/duy/cocarry_ws/install/human_hand_msgs /usr/bin/cmake --install /home/duy/cocarry_ws/build/motoros2_interfaces[0m
[1.020s] [34mcolcon.colcon_core.shell[0m [1;30mLevel 1[0m create_environment_hook('motoros2_interfaces', 'cmake_prefix_path')
[1.020s] [34mcolcon.colcon_core.shell[0m [1;30mINFO[0m Creating environment hook '/home/duy/cocarry_ws/install/motoros2_interfaces/share/motoros2_interfaces/hook/cmake_prefix_path.ps1'
[1.021s] [34mcolcon.colcon_core.shell[0m [1;30mINFO[0m Creating environment descriptor '/home/duy/cocarry_ws/install/motoros2_interfaces/share/motoros2_interfaces/hook/cmake_prefix_path.dsv'
[1.021s] [34mcolcon.colcon_core.shell[0m [1;30mINFO[0m Creating environment hook '/home/duy/cocarry_ws/install/motoros2_interfaces/share/motoros2_interfaces/hook/cmake_prefix_path.sh'
[1.021s] [34mcolcon.colcon_core.environment[0m [1;30mLevel 1[0m checking '/home/duy/cocarry_ws/install/motoros2_interfaces/lib'
[1.022s] [34mcolcon.colcon_core.shell[0m [1;30mLevel 1[0m create_environment_hook('motoros2_interfaces', 'ld_library_path_lib')
[1.022s] [34mcolcon.colcon_core.shell[0m [1;30mINFO[0m Creating environment hook '/home/duy/cocarry_ws/install/motoros2_interfaces/share/motoros2_interfaces/hook/ld_library_path_lib.ps1'
[1.022s] [34mcolcon.colcon_core.shell[0m [1;30mINFO[0m Creating environment descriptor '/home/duy/cocarry_ws/install/motoros2_interfaces/share/motoros2_interfaces/hook/ld_library_path_lib.dsv'
[1.022s] [34mcolcon.colcon_core.shell[0m [1;30mINFO[0m Creating environment hook '/home/duy/cocarry_ws/install/motoros2_interfaces/share/motoros2_interfaces/hook/ld_library_path_lib.sh'
[1.023s] [34mcolcon.colcon_core.environment[0m [1;30mLevel 1[0m checking '/home/duy/cocarry_ws/install/motoros2_interfaces/bin'
[1.023s] [34mcolcon.colcon_core.environment[0m [1;30mLevel 1[0m checking '/home/duy/cocarry_ws/install/motoros2_interfaces/lib/pkgconfig/motoros2_interfaces.pc'
[1.023s] [34mcolcon.colcon_core.environment[0m [1;30mLevel 1[0m checking '/home/duy/cocarry_ws/install/motoros2_interfaces/lib/python3.10/site-packages'
[1.023s] [34mcolcon.colcon_core.environment[0m [1;30mLevel 1[0m checking '/home/duy/cocarry_ws/install/motoros2_interfaces/bin'
[1.024s] [34mcolcon.colcon_core.shell[0m [1;30mINFO[0m Creating package script '/home/duy/cocarry_ws/install/motoros2_interfaces/share/motoros2_interfaces/package.ps1'
[1.025s] [34mcolcon.colcon_core.shell[0m [1;30mINFO[0m Creating package descriptor '/home/duy/cocarry_ws/install/motoros2_interfaces/share/motoros2_interfaces/package.dsv'
[1.025s] [34mcolcon.colcon_core.shell[0m [1;30mINFO[0m Creating package script '/home/duy/cocarry_ws/install/motoros2_interfaces/share/motoros2_interfaces/package.sh'
[1.025s] [34mcolcon.colcon_core.shell[0m [1;30mINFO[0m Creating package script '/home/duy/cocarry_ws/install/motoros2_interfaces/share/motoros2_interfaces/package.bash'
[1.026s] [34mcolcon.colcon_core.shell[0m [1;30mINFO[0m Creating package script '/home/duy/cocarry_ws/install/motoros2_interfaces/share/motoros2_interfaces/package.zsh'
[1.026s] [34mcolcon.colcon_core.environment[0m [1;30mLevel 1[0m create_file_with_runtime_dependencies(/home/duy/cocarry_ws/install/motoros2_interfaces/share/colcon-core/packages/motoros2_interfaces)
[1.027s] [34mcolcon.colcon_core.environment[0m [1;30mLevel 1[0m create_environment_scripts_only(motoros2_interfaces)
[1.027s] [34mcolcon.colcon_core.environment[0m [1;30mLevel 1[0m checking '/home/duy/cocarry_ws/install/motoros2_interfaces' for CMake module files
[1.027s] [34mcolcon.colcon_core.environment[0m [1;30mLevel 1[0m checking '/home/duy/cocarry_ws/install/motoros2_interfaces' for CMake config files
[1.030s] [34mcolcon.colcon_core.shell[0m [1;30mLevel 1[0m create_environment_hook('motoros2_interfaces', 'cmake_prefix_path')
[1.030s] [34mcolcon.colcon_core.shell[0m [1;30mINFO[0m Creating environment hook '/home/duy/cocarry_ws/install/motoros2_interfaces/share/motoros2_interfaces/hook/cmake_prefix_path.ps1'
[1.030s] [34mcolcon.colcon_core.shell[0m [1;30mINFO[0m Creating environment descriptor '/home/duy/cocarry_ws/install/motoros2_interfaces/share/motoros2_interfaces/hook/cmake_prefix_path.dsv'
[1.030s] [34mcolcon.colcon_core.shell[0m [1;30mINFO[0m Creating environment hook '/home/duy/cocarry_ws/install/motoros2_interfaces/share/motoros2_interfaces/hook/cmake_prefix_path.sh'
[1.031s] [34mcolcon.colcon_core.environment[0m [1;30mLevel 1[0m checking '/home/duy/cocarry_ws/install/motoros2_interfaces/lib'
[1.031s] [34mcolcon.colcon_core.shell[0m [1;30mLevel 1[0m create_environment_hook('motoros2_interfaces', 'ld_library_path_lib')
[1.031s] [34mcolcon.colcon_core.shell[0m [1;30mINFO[0m Creating environment hook '/home/duy/cocarry_ws/install/motoros2_interfaces/share/motoros2_interfaces/hook/ld_library_path_lib.ps1'
[1.031s] [34mcolcon.colcon_core.shell[0m [1;30mINFO[0m Creating environment descriptor '/home/duy/cocarry_ws/install/motoros2_interfaces/share/motoros2_interfaces/hook/ld_library_path_lib.dsv'
[1.032s] [34mcolcon.colcon_core.shell[0m [1;30mINFO[0m Creating environment hook '/home/duy/cocarry_ws/install/motoros2_interfaces/share/motoros2_interfaces/hook/ld_library_path_lib.sh'
[1.032s] [34mcolcon.colcon_core.environment[0m [1;30mLevel 1[0m checking '/home/duy/cocarry_ws/install/motoros2_interfaces/bin'
[1.032s] [34mcolcon.colcon_core.environment[0m [1;30mLevel 1[0m checking '/home/duy/cocarry_ws/install/motoros2_interfaces/lib/pkgconfig/motoros2_interfaces.pc'
[1.032s] [34mcolcon.colcon_core.environment[0m [1;30mLevel 1[0m checking '/home/duy/cocarry_ws/install/motoros2_interfaces/lib/python3.10/site-packages'
[1.033s] [34mcolcon.colcon_core.environment[0m [1;30mLevel 1[0m checking '/home/duy/cocarry_ws/install/motoros2_interfaces/bin'
[1.033s] [34mcolcon.colcon_core.shell[0m [1;30mINFO[0m Creating package script '/home/duy/cocarry_ws/install/motoros2_interfaces/share/motoros2_interfaces/package.ps1'
[1.034s] [34mcolcon.colcon_core.shell[0m [1;30mINFO[0m Creating package descriptor '/home/duy/cocarry_ws/install/motoros2_interfaces/share/motoros2_interfaces/package.dsv'
[1.034s] [34mcolcon.colcon_core.shell[0m [1;30mINFO[0m Creating package script '/home/duy/cocarry_ws/install/motoros2_interfaces/share/motoros2_interfaces/package.sh'
[1.034s] [34mcolcon.colcon_core.shell[0m [1;30mINFO[0m Creating package script '/home/duy/cocarry_ws/install/motoros2_interfaces/share/motoros2_interfaces/package.bash'
[1.035s] [34mcolcon.colcon_core.shell[0m [1;30mINFO[0m Creating package script '/home/duy/cocarry_ws/install/motoros2_interfaces/share/motoros2_interfaces/package.zsh'
[1.036s] [34mcolcon.colcon_core.environment[0m [1;30mLevel 1[0m create_file_with_runtime_dependencies(/home/duy/cocarry_ws/install/motoros2_interfaces/share/colcon-core/packages/motoros2_interfaces)
[1.037s] [34mcolcon.colcon_ros.task.ament_cmake.build[0m [1;30mINFO[0m Building ROS package in '/home/duy/cocarry_ws/src/motoros2_client_interface_dependencies' with build type 'ament_cmake'
[1.037s] [34mcolcon.colcon_cmake.task.cmake.build[0m [1;30mINFO[0m Building CMake package in '/home/duy/cocarry_ws/src/motoros2_client_interface_dependencies'
[1.037s] [34mcolcon.colcon_core.shell[0m [1;30mINFO[0m Skip shell extension 'powershell' for command environment: Not usable outside of PowerShell
[1.037s] [34mcolcon.colcon_core.shell[0m [1;30mDEBUG[0m [32mSkip shell extension 'dsv' for command environment[0m
[1.047s] [34mcolcon.colcon_core.event_handler.log_command[0m [1;30mDEBUG[0m [32mInvoked command in '/home/duy/cocarry_ws/build/human_hand_msgs' returned '0': /usr/bin/cmake --install /home/duy/cocarry_ws/build/human_hand_msgs[0m
[1.047s] [34mcolcon.colcon_core.shell[0m [1;30mLevel 1[0m create_environment_hook('human_hand_msgs', 'ros_package_path')
[1.048s] [34mcolcon.colcon_core.shell[0m [1;30mINFO[0m Creating environment hook '/home/duy/cocarry_ws/install/human_hand_msgs/share/human_hand_msgs/hook/ros_package_path.ps1'
[1.049s] [34mcolcon.colcon_core.shell[0m [1;30mINFO[0m Creating environment descriptor '/home/duy/cocarry_ws/install/human_hand_msgs/share/human_hand_msgs/hook/ros_package_path.dsv'
[1.049s] [34mcolcon.colcon_core.shell[0m [1;30mINFO[0m Creating environment hook '/home/duy/cocarry_ws/install/human_hand_msgs/share/human_hand_msgs/hook/ros_package_path.sh'
[1.050s] [34mcolcon.colcon_ros.task.catkin[0m [1;30mLevel 1[0m checking '/home/duy/cocarry_ws/install/human_hand_msgs/local/lib/python3.10/dist-packages'
[1.050s] [34mcolcon.colcon_core.shell[0m [1;30mLevel 1[0m create_environment_hook('human_hand_msgs', 'catkin_pythonpath')
[1.050s] [34mcolcon.colcon_core.shell[0m [1;30mINFO[0m Creating environment hook '/home/duy/cocarry_ws/install/human_hand_msgs/share/human_hand_msgs/hook/catkin_pythonpath.ps1'
[1.051s] [34mcolcon.colcon_core.shell[0m [1;30mINFO[0m Creating environment descriptor '/home/duy/cocarry_ws/install/human_hand_msgs/share/human_hand_msgs/hook/catkin_pythonpath.dsv'
[1.051s] [34mcolcon.colcon_core.shell[0m [1;30mINFO[0m Creating environment hook '/home/duy/cocarry_ws/install/human_hand_msgs/share/human_hand_msgs/hook/catkin_pythonpath.sh'
[1.052s] [34mcolcon.colcon_core.shell[0m [1;30mLevel 1[0m create_environment_hook('human_hand_msgs', 'pkg_config_path')
[1.052s] [34mcolcon.colcon_core.shell[0m [1;30mINFO[0m Creating environment hook '/home/duy/cocarry_ws/install/human_hand_msgs/share/human_hand_msgs/hook/pkg_config_path.ps1'
[1.053s] [34mcolcon.colcon_core.shell[0m [1;30mINFO[0m Creating environment descriptor '/home/duy/cocarry_ws/install/human_hand_msgs/share/human_hand_msgs/hook/pkg_config_path.dsv'
[1.053s] [34mcolcon.colcon_core.shell[0m [1;30mINFO[0m Creating environment hook '/home/duy/cocarry_ws/install/human_hand_msgs/share/human_hand_msgs/hook/pkg_config_path.sh'
[1.056s] [34mcolcon.colcon_core.shell[0m [1;30mLevel 1[0m create_environment_hook('human_hand_msgs', 'pkg_config_path_multiarch')
[1.057s] [34mcolcon.colcon_core.shell[0m [1;30mINFO[0m Creating environment hook '/home/duy/cocarry_ws/install/human_hand_msgs/share/human_hand_msgs/hook/pkg_config_path_multiarch.ps1'
[1.057s] [34mcolcon.colcon_core.shell[0m [1;30mINFO[0m Creating environment descriptor '/home/duy/cocarry_ws/install/human_hand_msgs/share/human_hand_msgs/hook/pkg_config_path_multiarch.dsv'
[1.058s] [34mcolcon.colcon_core.shell[0m [1;30mINFO[0m Creating environment hook '/home/duy/cocarry_ws/install/human_hand_msgs/share/human_hand_msgs/hook/pkg_config_path_multiarch.sh'
[1.059s] [34mcolcon.colcon_core.environment[0m [1;30mLevel 1[0m create_environment_scripts_only(human_hand_msgs)
[1.060s] [34mcolcon.colcon_core.environment[0m [1;30mLevel 1[0m checking '/home/duy/cocarry_ws/install/human_hand_msgs' for CMake module files
[1.061s] [34mcolcon.colcon_core.environment[0m [1;30mLevel 1[0m checking '/home/duy/cocarry_ws/install/human_hand_msgs' for CMake config files
[1.061s] [34mcolcon.colcon_core.shell[0m [1;30mLevel 1[0m create_environment_hook('human_hand_msgs', 'cmake_prefix_path')
[1.062s] [34mcolcon.colcon_core.shell[0m [1;30mINFO[0m Creating environment hook '/home/duy/cocarry_ws/install/human_hand_msgs/share/human_hand_msgs/hook/cmake_prefix_path.ps1'
[1.062s] [34mcolcon.colcon_core.shell[0m [1;30mINFO[0m Creating environment descriptor '/home/duy/cocarry_ws/install/human_hand_msgs/share/human_hand_msgs/hook/cmake_prefix_path.dsv'
[1.063s] [34mcolcon.colcon_core.shell[0m [1;30mINFO[0m Creating environment hook '/home/duy/cocarry_ws/install/human_hand_msgs/share/human_hand_msgs/hook/cmake_prefix_path.sh'
[1.063s] [34mcolcon.colcon_core.environment[0m [1;30mLevel 1[0m checking '/home/duy/cocarry_ws/install/human_hand_msgs/lib'
[1.064s] [34mcolcon.colcon_core.shell[0m [1;30mLevel 1[0m create_environment_hook('human_hand_msgs', 'ld_library_path_lib')
[1.064s] [34mcolcon.colcon_core.shell[0m [1;30mINFO[0m Creating environment hook '/home/duy/cocarry_ws/install/human_hand_msgs/share/human_hand_msgs/hook/ld_library_path_lib.ps1'
[1.064s] [34mcolcon.colcon_core.shell[0m [1;30mINFO[0m Creating environment descriptor '/home/duy/cocarry_ws/install/human_hand_msgs/share/human_hand_msgs/hook/ld_library_path_lib.dsv'
[1.065s] [34mcolcon.colcon_core.shell[0m [1;30mINFO[0m Creating environment hook '/home/duy/cocarry_ws/install/human_hand_msgs/share/human_hand_msgs/hook/ld_library_path_lib.sh'
[1.065s] [34mcolcon.colcon_core.environment[0m [1;30mLevel 1[0m checking '/home/duy/cocarry_ws/install/human_hand_msgs/bin'
[1.065s] [34mcolcon.colcon_core.environment[0m [1;30mLevel 1[0m checking '/home/duy/cocarry_ws/install/human_hand_msgs/lib/pkgconfig/human_hand_msgs.pc'
[1.066s] [34mcolcon.colcon_core.environment[0m [1;30mLevel 1[0m checking '/home/duy/cocarry_ws/install/human_hand_msgs/lib/python3.10/site-packages'
[1.066s] [34mcolcon.colcon_core.environment[0m [1;30mLevel 1[0m checking '/home/duy/cocarry_ws/install/human_hand_msgs/bin'
[1.067s] [34mcolcon.colcon_core.shell[0m [1;30mINFO[0m Creating package script '/home/duy/cocarry_ws/install/human_hand_msgs/share/human_hand_msgs/package.ps1'
[1.068s] [34mcolcon.colcon_core.shell[0m [1;30mINFO[0m Creating package descriptor '/home/duy/cocarry_ws/install/human_hand_msgs/share/human_hand_msgs/package.dsv'
[1.068s] [34mcolcon.colcon_core.shell[0m [1;30mINFO[0m Creating package script '/home/duy/cocarry_ws/install/human_hand_msgs/share/human_hand_msgs/package.sh'
[1.069s] [34mcolcon.colcon_core.shell[0m [1;30mINFO[0m Creating package script '/home/duy/cocarry_ws/install/human_hand_msgs/share/human_hand_msgs/package.bash'
[1.069s] [34mcolcon.colcon_core.shell[0m [1;30mINFO[0m Creating package script '/home/duy/cocarry_ws/install/human_hand_msgs/share/human_hand_msgs/package.zsh'
[1.070s] [34mcolcon.colcon_core.environment[0m [1;30mLevel 1[0m create_file_with_runtime_dependencies(/home/duy/cocarry_ws/install/human_hand_msgs/share/colcon-core/packages/human_hand_msgs)
[1.072s] [34mcolcon.colcon_ros.task.ament_python.build[0m [1;30mINFO[0m Building ROS package in '/home/duy/cocarry_ws/src/coord_transform' with build type 'ament_python'
[1.072s] [34mcolcon.colcon_core.shell[0m [1;30mLevel 1[0m create_environment_hook('coord_transform', 'ament_prefix_path')
[1.072s] [34mcolcon.colcon_core.shell[0m [1;30mINFO[0m Creating environment hook '/home/duy/cocarry_ws/install/coord_transform/share/coord_transform/hook/ament_prefix_path.ps1'
[1.073s] [34mcolcon.colcon_core.event_handler.log_command[0m [1;30mDEBUG[0m [32mInvoked command in '/home/duy/cocarry_ws/build/motoman_hc10dtp_support' returned '0': CMAKE_PREFIX_PATH=/home/duy/cocarry_ws/install/motoman_resources:/home/duy/cocarry_ws/install/hrc_bringup:/home/duy/cocarry_ws/install/trac_ik:/home/duy/cocarry_ws/install/trac_ik_kinematics:/home/duy/cocarry_ws/install/trac_ik_lib:/home/duy/cocarry_ws/install/motoros2_client_interface_dependencies:/home/duy/cocarry_ws/install/hc10dtp_simulation:/home/duy/cocarry_ws/install/motoros2_interfaces:/home/duy/cocarry_ws/install/hc10dtp_bringup:/home/duy/cocarry_ws/install/hc10dtp_moveit_config:/home/duy/cocarry_ws/install/motoman_hc10dtp_support:/home/duy/cocarry_ws/install/motoman_gp4_support:/home/duy/cocarry_ws/install/libfreenect2:/home/duy/cocarry_ws/install/kinect2_calibration:/home/duy/cocarry_ws/install/kinect2_bridge:/home/duy/cocarry_ws/install/kinect2_registration:/home/duy/cocarry_ws/install/industrial_msgs:/home/duy/cocarry_ws/install/trajectory_predictor:/home/duy/cocarry_ws/install/rula_tracker:/home/duy/cocarry_ws/install/realsense_tracker:/home/duy/cocarry_ws/install/predictor_ui:/home/duy/cocarry_ws/install/experiment_logger:/home/duy/cocarry_ws/install/coord_transform:/opt/ros/humble:/home/duy/cocarry_ws/install/human_hand_msgs /usr/bin/cmake --build /home/duy/cocarry_ws/build/motoman_hc10dtp_support -- -j16 -l16[0m
[1.073s] [34mcolcon.colcon_core.shell[0m [1;30mINFO[0m Creating environment descriptor '/home/duy/cocarry_ws/install/coord_transform/share/coord_transform/hook/ament_prefix_path.dsv'
[1.074s] [34mcolcon.colcon_core.event_handler.log_command[0m [1;30mDEBUG[0m [32mInvoking command in '/home/duy/cocarry_ws/build/motoman_hc10dtp_support': CMAKE_PREFIX_PATH=/home/duy/cocarry_ws/install/motoman_resources:/home/duy/cocarry_ws/install/hrc_bringup:/home/duy/cocarry_ws/install/trac_ik:/home/duy/cocarry_ws/install/trac_ik_kinematics:/home/duy/cocarry_ws/install/trac_ik_lib:/home/duy/cocarry_ws/install/motoros2_client_interface_dependencies:/home/duy/cocarry_ws/install/hc10dtp_simulation:/home/duy/cocarry_ws/install/motoros2_interfaces:/home/duy/cocarry_ws/install/hc10dtp_bringup:/home/duy/cocarry_ws/install/hc10dtp_moveit_config:/home/duy/cocarry_ws/install/motoman_hc10dtp_support:/home/duy/cocarry_ws/install/motoman_gp4_support:/home/duy/cocarry_ws/install/libfreenect2:/home/duy/cocarry_ws/install/kinect2_calibration:/home/duy/cocarry_ws/install/kinect2_bridge:/home/duy/cocarry_ws/install/kinect2_registration:/home/duy/cocarry_ws/install/industrial_msgs:/home/duy/cocarry_ws/install/trajectory_predictor:/home/duy/cocarry_ws/install/rula_tracker:/home/duy/cocarry_ws/install/realsense_tracker:/home/duy/cocarry_ws/install/predictor_ui:/home/duy/cocarry_ws/install/experiment_logger:/home/duy/cocarry_ws/install/coord_transform:/opt/ros/humble:/home/duy/cocarry_ws/install/human_hand_msgs /usr/bin/cmake --install /home/duy/cocarry_ws/build/motoman_hc10dtp_support[0m
[1.074s] [34mcolcon.colcon_core.shell[0m [1;30mINFO[0m Creating environment hook '/home/duy/cocarry_ws/install/coord_transform/share/coord_transform/hook/ament_prefix_path.sh'
[1.074s] [34mcolcon.colcon_core.shell[0m [1;30mINFO[0m Skip shell extension 'powershell' for command environment: Not usable outside of PowerShell
[1.074s] [34mcolcon.colcon_core.shell[0m [1;30mDEBUG[0m [32mSkip shell extension 'dsv' for command environment[0m
[1.078s] [34mcolcon.colcon_ros.task.ament_python.build[0m [1;30mINFO[0m Building ROS package in '/home/duy/cocarry_ws/src/experiment_logger' with build type 'ament_python'
[1.078s] [34mcolcon.colcon_core.shell[0m [1;30mLevel 1[0m create_environment_hook('experiment_logger', 'ament_prefix_path')
[1.079s] [34mcolcon.colcon_core.shell[0m [1;30mINFO[0m Creating environment hook '/home/duy/cocarry_ws/install/experiment_logger/share/experiment_logger/hook/ament_prefix_path.ps1'
[1.079s] [34mcolcon.colcon_core.shell[0m [1;30mINFO[0m Creating environment descriptor '/home/duy/cocarry_ws/install/experiment_logger/share/experiment_logger/hook/ament_prefix_path.dsv'
[1.079s] [34mcolcon.colcon_core.shell[0m [1;30mINFO[0m Creating environment hook '/home/duy/cocarry_ws/install/experiment_logger/share/experiment_logger/hook/ament_prefix_path.sh'
[1.080s] [34mcolcon.colcon_core.shell[0m [1;30mINFO[0m Skip shell extension 'powershell' for command environment: Not usable outside of PowerShell
[1.080s] [34mcolcon.colcon_core.shell[0m [1;30mDEBUG[0m [32mSkip shell extension 'dsv' for command environment[0m
[1.084s] [34mcolcon.colcon_ros.task.ament_python.build[0m [1;30mINFO[0m Building ROS package in '/home/duy/cocarry_ws/src/predictor_ui' with build type 'ament_python'
[1.084s] [34mcolcon.colcon_core.shell[0m [1;30mLevel 1[0m create_environment_hook('predictor_ui', 'ament_prefix_path')
[1.084s] [34mcolcon.colcon_core.shell[0m [1;30mINFO[0m Creating environment hook '/home/duy/cocarry_ws/install/predictor_ui/share/predictor_ui/hook/ament_prefix_path.ps1'
[1.085s] [34mcolcon.colcon_core.shell[0m [1;30mINFO[0m Creating environment descriptor '/home/duy/cocarry_ws/install/predictor_ui/share/predictor_ui/hook/ament_prefix_path.dsv'
[1.085s] [34mcolcon.colcon_core.shell[0m [1;30mINFO[0m Creating environment hook '/home/duy/cocarry_ws/install/predictor_ui/share/predictor_ui/hook/ament_prefix_path.sh'
[1.085s] [34mcolcon.colcon_core.shell[0m [1;30mINFO[0m Skip shell extension 'powershell' for command environment: Not usable outside of PowerShell
[1.085s] [34mcolcon.colcon_core.shell[0m [1;30mDEBUG[0m [32mSkip shell extension 'dsv' for command environment[0m
[1.089s] [34mcolcon.colcon_ros.task.ament_python.build[0m [1;30mINFO[0m Building ROS package in '/home/duy/cocarry_ws/src/realsense_tracker' with build type 'ament_python'
[1.090s] [34mcolcon.colcon_core.shell[0m [1;30mLevel 1[0m create_environment_hook('realsense_tracker', 'ament_prefix_path')
[1.090s] [34mcolcon.colcon_core.shell[0m [1;30mINFO[0m Creating environment hook '/home/duy/cocarry_ws/install/realsense_tracker/share/realsense_tracker/hook/ament_prefix_path.ps1'
[1.090s] [34mcolcon.colcon_core.shell[0m [1;30mINFO[0m Creating environment descriptor '/home/duy/cocarry_ws/install/realsense_tracker/share/realsense_tracker/hook/ament_prefix_path.dsv'
[1.091s] [34mcolcon.colcon_core.shell[0m [1;30mINFO[0m Creating environment hook '/home/duy/cocarry_ws/install/realsense_tracker/share/realsense_tracker/hook/ament_prefix_path.sh'
[1.091s] [34mcolcon.colcon_core.shell[0m [1;30mINFO[0m Skip shell extension 'powershell' for command environment: Not usable outside of PowerShell
[1.091s] [34mcolcon.colcon_core.shell[0m [1;30mDEBUG[0m [32mSkip shell extension 'dsv' for command environment[0m
[1.095s] [34mcolcon.colcon_ros.task.ament_python.build[0m [1;30mINFO[0m Building ROS package in '/home/duy/cocarry_ws/src/trajectory_predictor' with build type 'ament_python'
[1.095s] [34mcolcon.colcon_core.shell[0m [1;30mLevel 1[0m create_environment_hook('trajectory_predictor', 'ament_prefix_path')
[1.095s] [34mcolcon.colcon_core.shell[0m [1;30mINFO[0m Creating environment hook '/home/duy/cocarry_ws/install/trajectory_predictor/share/trajectory_predictor/hook/ament_prefix_path.ps1'
[1.096s] [34mcolcon.colcon_core.shell[0m [1;30mINFO[0m Creating environment descriptor '/home/duy/cocarry_ws/install/trajectory_predictor/share/trajectory_predictor/hook/ament_prefix_path.dsv'
[1.096s] [34mcolcon.colcon_core.shell[0m [1;30mINFO[0m Creating environment hook '/home/duy/cocarry_ws/install/trajectory_predictor/share/trajectory_predictor/hook/ament_prefix_path.sh'
[1.097s] [34mcolcon.colcon_core.shell[0m [1;30mINFO[0m Skip shell extension 'powershell' for command environment: Not usable outside of PowerShell
[1.097s] [34mcolcon.colcon_core.shell[0m [1;30mDEBUG[0m [32mSkip shell extension 'dsv' for command environment[0m
[1.102s] [34mcolcon.colcon_core.event_handler.log_command[0m [1;30mDEBUG[0m [32mInvoked command in '/home/duy/cocarry_ws/build/motoman_gp4_support' returned '0': CMAKE_PREFIX_PATH=/home/duy/cocarry_ws/install/motoman_resources:/home/duy/cocarry_ws/install/hrc_bringup:/home/duy/cocarry_ws/install/trac_ik:/home/duy/cocarry_ws/install/trac_ik_kinematics:/home/duy/cocarry_ws/install/trac_ik_lib:/home/duy/cocarry_ws/install/motoros2_client_interface_dependencies:/home/duy/cocarry_ws/install/hc10dtp_simulation:/home/duy/cocarry_ws/install/motoros2_interfaces:/home/duy/cocarry_ws/install/hc10dtp_bringup:/home/duy/cocarry_ws/install/hc10dtp_moveit_config:/home/duy/cocarry_ws/install/motoman_hc10dtp_support:/home/duy/cocarry_ws/install/motoman_gp4_support:/home/duy/cocarry_ws/install/libfreenect2:/home/duy/cocarry_ws/install/kinect2_calibration:/home/duy/cocarry_ws/install/kinect2_bridge:/home/duy/cocarry_ws/install/kinect2_registration:/home/duy/cocarry_ws/install/industrial_msgs:/home/duy/cocarry_ws/install/trajectory_predictor:/home/duy/cocarry_ws/install/rula_tracker:/home/duy/cocarry_ws/install/realsense_tracker:/home/duy/cocarry_ws/install/predictor_ui:/home/duy/cocarry_ws/install/experiment_logger:/home/duy/cocarry_ws/install/coord_transform:/opt/ros/humble:/home/duy/cocarry_ws/install/human_hand_msgs /usr/bin/cmake --build /home/duy/cocarry_ws/build/motoman_gp4_support -- -j16 -l16[0m
[1.109s] [34mcolcon.colcon_core.event_handler.log_command[0m [1;30mDEBUG[0m [32mInvoking command in '/home/duy/cocarry_ws/build/motoman_gp4_support': CMAKE_PREFIX_PATH=/home/duy/cocarry_ws/install/motoman_resources:/home/duy/cocarry_ws/install/hrc_bringup:/home/duy/cocarry_ws/install/trac_ik:/home/duy/cocarry_ws/install/trac_ik_kinematics:/home/duy/cocarry_ws/install/trac_ik_lib:/home/duy/cocarry_ws/install/motoros2_client_interface_dependencies:/home/duy/cocarry_ws/install/hc10dtp_simulation:/home/duy/cocarry_ws/install/motoros2_interfaces:/home/duy/cocarry_ws/install/hc10dtp_bringup:/home/duy/cocarry_ws/install/hc10dtp_moveit_config:/home/duy/cocarry_ws/install/motoman_hc10dtp_support:/home/duy/cocarry_ws/install/motoman_gp4_support:/home/duy/cocarry_ws/install/libfreenect2:/home/duy/cocarry_ws/install/kinect2_calibration:/home/duy/cocarry_ws/install/kinect2_bridge:/home/duy/cocarry_ws/install/kinect2_registration:/home/duy/cocarry_ws/install/industrial_msgs:/home/duy/cocarry_ws/install/trajectory_predictor:/home/duy/cocarry_ws/install/rula_tracker:/home/duy/cocarry_ws/install/realsense_tracker:/home/duy/cocarry_ws/install/predictor_ui:/home/duy/cocarry_ws/install/experiment_logger:/home/duy/cocarry_ws/install/coord_transform:/opt/ros/humble:/home/duy/cocarry_ws/install/human_hand_msgs /usr/bin/cmake --install /home/duy/cocarry_ws/build/motoman_gp4_support[0m
[1.109s] [34mcolcon.colcon_core.event_handler.log_command[0m [1;30mDEBUG[0m [32mInvoked command in '/home/duy/cocarry_ws/build/kinect2_bridge' returned '0': CMAKE_PREFIX_PATH=/home/duy/cocarry_ws/install/kinect2_registration:/home/duy/cocarry_ws/install/hrc_bringup:/home/duy/cocarry_ws/install/trac_ik:/home/duy/cocarry_ws/install/trac_ik_kinematics:/home/duy/cocarry_ws/install/trac_ik_lib:/home/duy/cocarry_ws/install/motoros2_client_interface_dependencies:/home/duy/cocarry_ws/install/hc10dtp_simulation:/home/duy/cocarry_ws/install/motoros2_interfaces:/home/duy/cocarry_ws/install/hc10dtp_bringup:/home/duy/cocarry_ws/install/hc10dtp_moveit_config:/home/duy/cocarry_ws/install/motoman_hc10dtp_support:/home/duy/cocarry_ws/install/motoman_gp4_support:/home/duy/cocarry_ws/install/motoman_resources:/home/duy/cocarry_ws/install/libfreenect2:/home/duy/cocarry_ws/install/kinect2_calibration:/home/duy/cocarry_ws/install/kinect2_bridge:/home/duy/cocarry_ws/install/industrial_msgs:/home/duy/cocarry_ws/install/trajectory_predictor:/home/duy/cocarry_ws/install/rula_tracker:/home/duy/cocarry_ws/install/realsense_tracker:/home/duy/cocarry_ws/install/predictor_ui:/home/duy/cocarry_ws/install/experiment_logger:/home/duy/cocarry_ws/install/coord_transform:/opt/ros/humble:/home/duy/cocarry_ws/install/human_hand_msgs /usr/bin/cmake --build /home/duy/cocarry_ws/build/kinect2_bridge -- -j16 -l16[0m
[1.110s] [34mcolcon.colcon_core.event_handler.log_command[0m [1;30mDEBUG[0m [32mInvoking command in '/home/duy/cocarry_ws/build/kinect2_bridge': CMAKE_PREFIX_PATH=/home/duy/cocarry_ws/install/kinect2_registration:/home/duy/cocarry_ws/install/hrc_bringup:/home/duy/cocarry_ws/install/trac_ik:/home/duy/cocarry_ws/install/trac_ik_kinematics:/home/duy/cocarry_ws/install/trac_ik_lib:/home/duy/cocarry_ws/install/motoros2_client_interface_dependencies:/home/duy/cocarry_ws/install/hc10dtp_simulation:/home/duy/cocarry_ws/install/motoros2_interfaces:/home/duy/cocarry_ws/install/hc10dtp_bringup:/home/duy/cocarry_ws/install/hc10dtp_moveit_config:/home/duy/cocarry_ws/install/motoman_hc10dtp_support:/home/duy/cocarry_ws/install/motoman_gp4_support:/home/duy/cocarry_ws/install/motoman_resources:/home/duy/cocarry_ws/install/libfreenect2:/home/duy/cocarry_ws/install/kinect2_calibration:/home/duy/cocarry_ws/install/kinect2_bridge:/home/duy/cocarry_ws/install/industrial_msgs:/home/duy/cocarry_ws/install/trajectory_predictor:/home/duy/cocarry_ws/install/rula_tracker:/home/duy/cocarry_ws/install/realsense_tracker:/home/duy/cocarry_ws/install/predictor_ui:/home/duy/cocarry_ws/install/experiment_logger:/home/duy/cocarry_ws/install/coord_transform:/opt/ros/humble:/home/duy/cocarry_ws/install/human_hand_msgs /usr/bin/cmake --install /home/duy/cocarry_ws/build/kinect2_bridge[0m
[1.117s] [34mcolcon.colcon_core.event_handler.log_command[0m [1;30mDEBUG[0m [32mInvoking command in '/home/duy/cocarry_ws/build/motoros2_client_interface_dependencies': CMAKE_PREFIX_PATH=/home/duy/cocarry_ws/install/motoros2_interfaces:/home/duy/cocarry_ws/install/industrial_msgs:/home/duy/cocarry_ws/install/hrc_bringup:/home/duy/cocarry_ws/install/trac_ik:/home/duy/cocarry_ws/install/trac_ik_kinematics:/home/duy/cocarry_ws/install/trac_ik_lib:/home/duy/cocarry_ws/install/motoros2_client_interface_dependencies:/home/duy/cocarry_ws/install/hc10dtp_simulation:/home/duy/cocarry_ws/install/hc10dtp_bringup:/home/duy/cocarry_ws/install/hc10dtp_moveit_config:/home/duy/cocarry_ws/install/motoman_hc10dtp_support:/home/duy/cocarry_ws/install/motoman_gp4_support:/home/duy/cocarry_ws/install/motoman_resources:/home/duy/cocarry_ws/install/libfreenect2:/home/duy/cocarry_ws/install/kinect2_calibration:/home/duy/cocarry_ws/install/kinect2_bridge:/home/duy/cocarry_ws/install/kinect2_registration:/home/duy/cocarry_ws/install/trajectory_predictor:/home/duy/cocarry_ws/install/rula_tracker:/home/duy/cocarry_ws/install/realsense_tracker:/home/duy/cocarry_ws/install/predictor_ui:/home/duy/cocarry_ws/install/experiment_logger:/home/duy/cocarry_ws/install/coord_transform:/opt/ros/humble:/home/duy/cocarry_ws/install/human_hand_msgs LD_LIBRARY_PATH=/home/duy/cocarry_ws/install/motoros2_interfaces/lib:/home/duy/cocarry_ws/install/industrial_msgs/lib:/home/duy/cocarry_ws/install/trac_ik_kinematics/lib:/home/duy/cocarry_ws/install/trac_ik_lib/lib:/home/duy/cocarry_ws/install/libfreenect2/lib:/home/duy/cocarry_ws/install/kinect2_registration/lib:/home/duy/cocarry_ws/install/human_hand_msgs/lib:/usr/local/lib/nuitrack:/usr/lib/x86_64-linux-gnu/gazebo-11/plugins:/opt/ros/humble/opt/rviz_ogre_vendor/lib:/opt/ros/humble/lib/x86_64-linux-gnu:/opt/ros/humble/lib:/usr/local/lib/nuitrack /usr/bin/cmake --build /home/duy/cocarry_ws/build/motoros2_client_interface_dependencies -- -j16 -l16[0m
[1.118s] [34mcolcon.colcon_core.event_handler.log_command[0m [1;30mDEBUG[0m [32mInvoked command in '/home/duy/cocarry_ws/build/trac_ik_kinematics' returned '0': CMAKE_PREFIX_PATH=/home/duy/cocarry_ws/install/trac_ik_lib:/home/duy/cocarry_ws/install/hrc_bringup:/home/duy/cocarry_ws/install/trac_ik:/home/duy/cocarry_ws/install/trac_ik_kinematics:/home/duy/cocarry_ws/install/motoros2_client_interface_dependencies:/home/duy/cocarry_ws/install/hc10dtp_simulation:/home/duy/cocarry_ws/install/motoros2_interfaces:/home/duy/cocarry_ws/install/hc10dtp_bringup:/home/duy/cocarry_ws/install/hc10dtp_moveit_config:/home/duy/cocarry_ws/install/motoman_hc10dtp_support:/home/duy/cocarry_ws/install/motoman_gp4_support:/home/duy/cocarry_ws/install/motoman_resources:/home/duy/cocarry_ws/install/libfreenect2:/home/duy/cocarry_ws/install/kinect2_calibration:/home/duy/cocarry_ws/install/kinect2_bridge:/home/duy/cocarry_ws/install/kinect2_registration:/home/duy/cocarry_ws/install/industrial_msgs:/home/duy/cocarry_ws/install/trajectory_predictor:/home/duy/cocarry_ws/install/rula_tracker:/home/duy/cocarry_ws/install/realsense_tracker:/home/duy/cocarry_ws/install/predictor_ui:/home/duy/cocarry_ws/install/experiment_logger:/home/duy/cocarry_ws/install/coord_transform:/opt/ros/humble:/home/duy/cocarry_ws/install/human_hand_msgs LD_LIBRARY_PATH=/home/duy/cocarry_ws/install/trac_ik_lib/lib:/home/duy/cocarry_ws/install/trac_ik_kinematics/lib:/home/duy/cocarry_ws/install/motoros2_interfaces/lib:/home/duy/cocarry_ws/install/libfreenect2/lib:/home/duy/cocarry_ws/install/kinect2_registration/lib:/home/duy/cocarry_ws/install/industrial_msgs/lib:/home/duy/cocarry_ws/install/human_hand_msgs/lib:/usr/local/lib/nuitrack:/usr/lib/x86_64-linux-gnu/gazebo-11/plugins:/opt/ros/humble/opt/rviz_ogre_vendor/lib:/opt/ros/humble/lib/x86_64-linux-gnu:/opt/ros/humble/lib:/usr/local/lib/nuitrack /usr/bin/cmake --build /home/duy/cocarry_ws/build/trac_ik_kinematics -- -j16 -l16[0m
[1.120s] [34mcolcon.colcon_core.event_handler.log_command[0m [1;30mDEBUG[0m [32mInvoking command in '/home/duy/cocarry_ws/build/trac_ik_kinematics': CMAKE_PREFIX_PATH=/home/duy/cocarry_ws/install/trac_ik_lib:/home/duy/cocarry_ws/install/hrc_bringup:/home/duy/cocarry_ws/install/trac_ik:/home/duy/cocarry_ws/install/trac_ik_kinematics:/home/duy/cocarry_ws/install/motoros2_client_interface_dependencies:/home/duy/cocarry_ws/install/hc10dtp_simulation:/home/duy/cocarry_ws/install/motoros2_interfaces:/home/duy/cocarry_ws/install/hc10dtp_bringup:/home/duy/cocarry_ws/install/hc10dtp_moveit_config:/home/duy/cocarry_ws/install/motoman_hc10dtp_support:/home/duy/cocarry_ws/install/motoman_gp4_support:/home/duy/cocarry_ws/install/motoman_resources:/home/duy/cocarry_ws/install/libfreenect2:/home/duy/cocarry_ws/install/kinect2_calibration:/home/duy/cocarry_ws/install/kinect2_bridge:/home/duy/cocarry_ws/install/kinect2_registration:/home/duy/cocarry_ws/install/industrial_msgs:/home/duy/cocarry_ws/install/trajectory_predictor:/home/duy/cocarry_ws/install/rula_tracker:/home/duy/cocarry_ws/install/realsense_tracker:/home/duy/cocarry_ws/install/predictor_ui:/home/duy/cocarry_ws/install/experiment_logger:/home/duy/cocarry_ws/install/coord_transform:/opt/ros/humble:/home/duy/cocarry_ws/install/human_hand_msgs LD_LIBRARY_PATH=/home/duy/cocarry_ws/install/trac_ik_lib/lib:/home/duy/cocarry_ws/install/trac_ik_kinematics/lib:/home/duy/cocarry_ws/install/motoros2_interfaces/lib:/home/duy/cocarry_ws/install/libfreenect2/lib:/home/duy/cocarry_ws/install/kinect2_registration/lib:/home/duy/cocarry_ws/install/industrial_msgs/lib:/home/duy/cocarry_ws/install/human_hand_msgs/lib:/usr/local/lib/nuitrack:/usr/lib/x86_64-linux-gnu/gazebo-11/plugins:/opt/ros/humble/opt/rviz_ogre_vendor/lib:/opt/ros/humble/lib/x86_64-linux-gnu:/opt/ros/humble/lib:/usr/local/lib/nuitrack /usr/bin/cmake --install /home/duy/cocarry_ws/build/trac_ik_kinematics[0m
[1.121s] [34mcolcon.colcon_core.environment[0m [1;30mLevel 1[0m create_environment_scripts_only(motoman_hc10dtp_support)
[1.121s] [34mcolcon.colcon_core.environment[0m [1;30mLevel 1[0m checking '/home/duy/cocarry_ws/install/motoman_hc10dtp_support' for CMake module files
[1.121s] [34mcolcon.colcon_core.event_handler.log_command[0m [1;30mDEBUG[0m [32mInvoked command in '/home/duy/cocarry_ws/build/motoman_hc10dtp_support' returned '0': CMAKE_PREFIX_PATH=/home/duy/cocarry_ws/install/motoman_resources:/home/duy/cocarry_ws/install/hrc_bringup:/home/duy/cocarry_ws/install/trac_ik:/home/duy/cocarry_ws/install/trac_ik_kinematics:/home/duy/cocarry_ws/install/trac_ik_lib:/home/duy/cocarry_ws/install/motoros2_client_interface_dependencies:/home/duy/cocarry_ws/install/hc10dtp_simulation:/home/duy/cocarry_ws/install/motoros2_interfaces:/home/duy/cocarry_ws/install/hc10dtp_bringup:/home/duy/cocarry_ws/install/hc10dtp_moveit_config:/home/duy/cocarry_ws/install/motoman_hc10dtp_support:/home/duy/cocarry_ws/install/motoman_gp4_support:/home/duy/cocarry_ws/install/libfreenect2:/home/duy/cocarry_ws/install/kinect2_calibration:/home/duy/cocarry_ws/install/kinect2_bridge:/home/duy/cocarry_ws/install/kinect2_registration:/home/duy/cocarry_ws/install/industrial_msgs:/home/duy/cocarry_ws/install/trajectory_predictor:/home/duy/cocarry_ws/install/rula_tracker:/home/duy/cocarry_ws/install/realsense_tracker:/home/duy/cocarry_ws/install/predictor_ui:/home/duy/cocarry_ws/install/experiment_logger:/home/duy/cocarry_ws/install/coord_transform:/opt/ros/humble:/home/duy/cocarry_ws/install/human_hand_msgs /usr/bin/cmake --install /home/duy/cocarry_ws/build/motoman_hc10dtp_support[0m
[1.122s] [34mcolcon.colcon_core.environment[0m [1;30mLevel 1[0m checking '/home/duy/cocarry_ws/install/motoman_hc10dtp_support' for CMake config files
[1.124s] [34mcolcon.colcon_core.shell[0m [1;30mLevel 1[0m create_environment_hook('motoman_hc10dtp_support', 'cmake_prefix_path')
[1.124s] [34mcolcon.colcon_core.shell[0m [1;30mINFO[0m Creating environment hook '/home/duy/cocarry_ws/install/motoman_hc10dtp_support/share/motoman_hc10dtp_support/hook/cmake_prefix_path.ps1'
[1.126s] [34mcolcon.colcon_core.shell[0m [1;30mINFO[0m Creating environment descriptor '/home/duy/cocarry_ws/install/motoman_hc10dtp_support/share/motoman_hc10dtp_support/hook/cmake_prefix_path.dsv'
[1.127s] [34mcolcon.colcon_core.shell[0m [1;30mINFO[0m Creating environment hook '/home/duy/cocarry_ws/install/motoman_hc10dtp_support/share/motoman_hc10dtp_support/hook/cmake_prefix_path.sh'
[1.129s] [34mcolcon.colcon_core.environment[0m [1;30mLevel 1[0m checking '/home/duy/cocarry_ws/install/motoman_hc10dtp_support/bin'
[1.129s] [34mcolcon.colcon_core.environment[0m [1;30mLevel 1[0m checking '/home/duy/cocarry_ws/install/motoman_hc10dtp_support/lib/pkgconfig/motoman_hc10dtp_support.pc'
[1.130s] [34mcolcon.colcon_core.environment[0m [1;30mLevel 1[0m checking '/home/duy/cocarry_ws/install/motoman_hc10dtp_support/lib/python3.10/site-packages'
[1.130s] [34mcolcon.colcon_core.environment[0m [1;30mLevel 1[0m checking '/home/duy/cocarry_ws/install/motoman_hc10dtp_support/bin'
[1.130s] [34mcolcon.colcon_core.shell[0m [1;30mINFO[0m Creating package script '/home/duy/cocarry_ws/install/motoman_hc10dtp_support/share/motoman_hc10dtp_support/package.ps1'
[1.131s] [34mcolcon.colcon_core.shell[0m [1;30mINFO[0m Creating package descriptor '/home/duy/cocarry_ws/install/motoman_hc10dtp_support/share/motoman_hc10dtp_support/package.dsv'
[1.132s] [34mcolcon.colcon_core.shell[0m [1;30mINFO[0m Creating package script '/home/duy/cocarry_ws/install/motoman_hc10dtp_support/share/motoman_hc10dtp_support/package.sh'
[1.132s] [34mcolcon.colcon_core.shell[0m [1;30mINFO[0m Creating package script '/home/duy/cocarry_ws/install/motoman_hc10dtp_support/share/motoman_hc10dtp_support/package.bash'
[1.133s] [34mcolcon.colcon_core.shell[0m [1;30mINFO[0m Creating package script '/home/duy/cocarry_ws/install/motoman_hc10dtp_support/share/motoman_hc10dtp_support/package.zsh'
[1.133s] [34mcolcon.colcon_core.environment[0m [1;30mLevel 1[0m create_file_with_runtime_dependencies(/home/duy/cocarry_ws/install/motoman_hc10dtp_support/share/colcon-core/packages/motoman_hc10dtp_support)
[1.134s] [34mcolcon.colcon_core.environment[0m [1;30mLevel 1[0m create_environment_scripts_only(motoman_hc10dtp_support)
[1.134s] [34mcolcon.colcon_core.environment[0m [1;30mLevel 1[0m checking '/home/duy/cocarry_ws/install/motoman_hc10dtp_support' for CMake module files
[1.135s] [34mcolcon.colcon_core.environment[0m [1;30mLevel 1[0m checking '/home/duy/cocarry_ws/install/motoman_hc10dtp_support' for CMake config files
[1.136s] [34mcolcon.colcon_core.shell[0m [1;30mLevel 1[0m create_environment_hook('motoman_hc10dtp_support', 'cmake_prefix_path')
[1.136s] [34mcolcon.colcon_core.shell[0m [1;30mINFO[0m Creating environment hook '/home/duy/cocarry_ws/install/motoman_hc10dtp_support/share/motoman_hc10dtp_support/hook/cmake_prefix_path.ps1'
[1.137s] [34mcolcon.colcon_core.shell[0m [1;30mINFO[0m Creating environment descriptor '/home/duy/cocarry_ws/install/motoman_hc10dtp_support/share/motoman_hc10dtp_support/hook/cmake_prefix_path.dsv'
[1.137s] [34mcolcon.colcon_core.shell[0m [1;30mINFO[0m Creating environment hook '/home/duy/cocarry_ws/install/motoman_hc10dtp_support/share/motoman_hc10dtp_support/hook/cmake_prefix_path.sh'
[1.138s] [34mcolcon.colcon_core.environment[0m [1;30mLevel 1[0m checking '/home/duy/cocarry_ws/install/motoman_hc10dtp_support/bin'
[1.138s] [34mcolcon.colcon_core.environment[0m [1;30mLevel 1[0m checking '/home/duy/cocarry_ws/install/motoman_hc10dtp_support/lib/pkgconfig/motoman_hc10dtp_support.pc'
[1.138s] [34mcolcon.colcon_core.environment[0m [1;30mLevel 1[0m checking '/home/duy/cocarry_ws/install/motoman_hc10dtp_support/lib/python3.10/site-packages'
[1.139s] [34mcolcon.colcon_core.environment[0m [1;30mLevel 1[0m checking '/home/duy/cocarry_ws/install/motoman_hc10dtp_support/bin'
[1.139s] [34mcolcon.colcon_core.shell[0m [1;30mINFO[0m Creating package script '/home/duy/cocarry_ws/install/motoman_hc10dtp_support/share/motoman_hc10dtp_support/package.ps1'
[1.140s] [34mcolcon.colcon_core.shell[0m [1;30mINFO[0m Creating package descriptor '/home/duy/cocarry_ws/install/motoman_hc10dtp_support/share/motoman_hc10dtp_support/package.dsv'
[1.141s] [34mcolcon.colcon_core.shell[0m [1;30mINFO[0m Creating package script '/home/duy/cocarry_ws/install/motoman_hc10dtp_support/share/motoman_hc10dtp_support/package.sh'
[1.141s] [34mcolcon.colcon_core.shell[0m [1;30mINFO[0m Creating package script '/home/duy/cocarry_ws/install/motoman_hc10dtp_support/share/motoman_hc10dtp_support/package.bash'
[1.142s] [34mcolcon.colcon_core.shell[0m [1;30mINFO[0m Creating package script '/home/duy/cocarry_ws/install/motoman_hc10dtp_support/share/motoman_hc10dtp_support/package.zsh'
[1.142s] [34mcolcon.colcon_core.environment[0m [1;30mLevel 1[0m create_file_with_runtime_dependencies(/home/duy/cocarry_ws/install/motoman_hc10dtp_support/share/colcon-core/packages/motoman_hc10dtp_support)
[1.144s] [34mcolcon.colcon_ros.task.ament_cmake.build[0m [1;30mINFO[0m Building ROS package in '/home/duy/cocarry_ws/src/hc10dtp_moveit_config' with build type 'ament_cmake'
[1.144s] [34mcolcon.colcon_cmake.task.cmake.build[0m [1;30mINFO[0m Building CMake package in '/home/duy/cocarry_ws/src/hc10dtp_moveit_config'
[1.145s] [34mcolcon.colcon_core.shell[0m [1;30mINFO[0m Skip shell extension 'powershell' for command environment: Not usable outside of PowerShell
[1.145s] [34mcolcon.colcon_core.shell[0m [1;30mDEBUG[0m [32mSkip shell extension 'dsv' for command environment[0m
[1.371s] [34mcolcon.colcon_core.task.python.build[0m [1;30mINFO[0m Building Python package in '/home/duy/cocarry_ws/src/coord_transform'
[1.371s] [34mcolcon.colcon_core.shell[0m [1;30mINFO[0m Skip shell extension 'powershell' for command environment: Not usable outside of PowerShell
[1.371s] [34mcolcon.colcon_core.shell[0m [1;30mDEBUG[0m [32mSkip shell extension 'dsv' for command environment[0m
[1.580s] [34mcolcon.colcon_core.task.python.build[0m [1;30mINFO[0m Building Python package in '/home/duy/cocarry_ws/src/experiment_logger'
[1.581s] [34mcolcon.colcon_core.shell[0m [1;30mINFO[0m Skip shell extension 'powershell' for command environment: Not usable outside of PowerShell
[1.581s] [34mcolcon.colcon_core.shell[0m [1;30mDEBUG[0m [32mSkip shell extension 'dsv' for command environment[0m
[1.805s] [34mcolcon.colcon_core.task.python.build[0m [1;30mINFO[0m Building Python package in '/home/duy/cocarry_ws/src/predictor_ui'
[1.805s] [34mcolcon.colcon_core.shell[0m [1;30mINFO[0m Skip shell extension 'powershell' for command environment: Not usable outside of PowerShell
[1.805s] [34mcolcon.colcon_core.shell[0m [1;30mDEBUG[0m [32mSkip shell extension 'dsv' for command environment[0m
[2.012s] [34mcolcon.colcon_core.task.python.build[0m [1;30mINFO[0m Building Python package in '/home/duy/cocarry_ws/src/realsense_tracker'
[2.012s] [34mcolcon.colcon_core.shell[0m [1;30mINFO[0m Skip shell extension 'powershell' for command environment: Not usable outside of PowerShell
[2.013s] [34mcolcon.colcon_core.shell[0m [1;30mDEBUG[0m [32mSkip shell extension 'dsv' for command environment[0m
[2.220s] [34mcolcon.colcon_core.task.python.build[0m [1;30mINFO[0m Building Python package in '/home/duy/cocarry_ws/src/trajectory_predictor'
[2.220s] [34mcolcon.colcon_core.shell[0m [1;30mINFO[0m Skip shell extension 'powershell' for command environment: Not usable outside of PowerShell
[2.221s] [34mcolcon.colcon_core.shell[0m [1;30mDEBUG[0m [32mSkip shell extension 'dsv' for command environment[0m
[2.227s] [34mcolcon.colcon_core.environment[0m [1;30mLevel 1[0m create_environment_scripts_only(motoman_gp4_support)
[2.228s] [34mcolcon.colcon_core.environment[0m [1;30mLevel 1[0m checking '/home/duy/cocarry_ws/install/motoman_gp4_support' for CMake module files
[2.228s] [34mcolcon.colcon_core.event_handler.log_command[0m [1;30mDEBUG[0m [32mInvoking command in '/home/duy/cocarry_ws/src/rula_tracker': PYTHONPATH=/home/duy/cocarry_ws/build/rula_tracker/prefix_override:/usr/lib/python3/dist-packages/colcon_core/task/python/colcon_distutils_commands:/home/duy/cocarry_ws/install/rula_tracker/lib/python3.10/site-packages:${PYTHONPATH} /usr/bin/python3 -W ignore:setup.py install is deprecated -W ignore:easy_install command is deprecated setup.py egg_info --egg-base ../../build/rula_tracker build --build-base /home/duy/cocarry_ws/build/rula_tracker/build install --record /home/duy/cocarry_ws/build/rula_tracker/install.log --single-version-externally-managed install_data[0m
[2.229s] [34mcolcon.colcon_core.event_handler.log_command[0m [1;30mDEBUG[0m [32mInvoked command in '/home/duy/cocarry_ws/build/motoman_gp4_support' returned '0': CMAKE_PREFIX_PATH=/home/duy/cocarry_ws/install/motoman_resources:/home/duy/cocarry_ws/install/hrc_bringup:/home/duy/cocarry_ws/install/trac_ik:/home/duy/cocarry_ws/install/trac_ik_kinematics:/home/duy/cocarry_ws/install/trac_ik_lib:/home/duy/cocarry_ws/install/motoros2_client_interface_dependencies:/home/duy/cocarry_ws/install/hc10dtp_simulation:/home/duy/cocarry_ws/install/motoros2_interfaces:/home/duy/cocarry_ws/install/hc10dtp_bringup:/home/duy/cocarry_ws/install/hc10dtp_moveit_config:/home/duy/cocarry_ws/install/motoman_hc10dtp_support:/home/duy/cocarry_ws/install/motoman_gp4_support:/home/duy/cocarry_ws/install/libfreenect2:/home/duy/cocarry_ws/install/kinect2_calibration:/home/duy/cocarry_ws/install/kinect2_bridge:/home/duy/cocarry_ws/install/kinect2_registration:/home/duy/cocarry_ws/install/industrial_msgs:/home/duy/cocarry_ws/install/trajectory_predictor:/home/duy/cocarry_ws/install/rula_tracker:/home/duy/cocarry_ws/install/realsense_tracker:/home/duy/cocarry_ws/install/predictor_ui:/home/duy/cocarry_ws/install/experiment_logger:/home/duy/cocarry_ws/install/coord_transform:/opt/ros/humble:/home/duy/cocarry_ws/install/human_hand_msgs /usr/bin/cmake --install /home/duy/cocarry_ws/build/motoman_gp4_support[0m
[2.229s] [34mcolcon.colcon_core.environment[0m [1;30mLevel 1[0m checking '/home/duy/cocarry_ws/install/motoman_gp4_support' for CMake config files
[2.229s] [34mcolcon.colcon_core.shell[0m [1;30mLevel 1[0m create_environment_hook('motoman_gp4_support', 'cmake_prefix_path')
[2.229s] [34mcolcon.colcon_core.shell[0m [1;30mINFO[0m Creating environment hook '/home/duy/cocarry_ws/install/motoman_gp4_support/share/motoman_gp4_support/hook/cmake_prefix_path.ps1'
[2.230s] [34mcolcon.colcon_core.shell[0m [1;30mINFO[0m Creating environment descriptor '/home/duy/cocarry_ws/install/motoman_gp4_support/share/motoman_gp4_support/hook/cmake_prefix_path.dsv'
[2.230s] [34mcolcon.colcon_core.shell[0m [1;30mINFO[0m Creating environment hook '/home/duy/cocarry_ws/install/motoman_gp4_support/share/motoman_gp4_support/hook/cmake_prefix_path.sh'
[2.231s] [34mcolcon.colcon_core.environment[0m [1;30mLevel 1[0m checking '/home/duy/cocarry_ws/install/motoman_gp4_support/bin'
[2.231s] [34mcolcon.colcon_core.environment[0m [1;30mLevel 1[0m checking '/home/duy/cocarry_ws/install/motoman_gp4_support/lib/pkgconfig/motoman_gp4_support.pc'
[2.231s] [34mcolcon.colcon_core.environment[0m [1;30mLevel 1[0m checking '/home/duy/cocarry_ws/install/motoman_gp4_support/lib/python3.10/site-packages'
[2.231s] [34mcolcon.colcon_core.environment[0m [1;30mLevel 1[0m checking '/home/duy/cocarry_ws/install/motoman_gp4_support/bin'
[2.232s] [34mcolcon.colcon_core.shell[0m [1;30mINFO[0m Creating package script '/home/duy/cocarry_ws/install/motoman_gp4_support/share/motoman_gp4_support/package.ps1'
[2.232s] [34mcolcon.colcon_core.shell[0m [1;30mINFO[0m Creating package descriptor '/home/duy/cocarry_ws/install/motoman_gp4_support/share/motoman_gp4_support/package.dsv'
[2.233s] [34mcolcon.colcon_core.shell[0m [1;30mINFO[0m Creating package script '/home/duy/cocarry_ws/install/motoman_gp4_support/share/motoman_gp4_support/package.sh'
[2.233s] [34mcolcon.colcon_core.shell[0m [1;30mINFO[0m Creating package script '/home/duy/cocarry_ws/install/motoman_gp4_support/share/motoman_gp4_support/package.bash'
[2.233s] [34mcolcon.colcon_core.shell[0m [1;30mINFO[0m Creating package script '/home/duy/cocarry_ws/install/motoman_gp4_support/share/motoman_gp4_support/package.zsh'
[2.234s] [34mcolcon.colcon_core.environment[0m [1;30mLevel 1[0m create_file_with_runtime_dependencies(/home/duy/cocarry_ws/install/motoman_gp4_support/share/colcon-core/packages/motoman_gp4_support)
[2.234s] [34mcolcon.colcon_core.environment[0m [1;30mLevel 1[0m create_environment_scripts_only(motoman_gp4_support)
[2.234s] [34mcolcon.colcon_core.environment[0m [1;30mLevel 1[0m checking '/home/duy/cocarry_ws/install/motoman_gp4_support' for CMake module files
[2.234s] [34mcolcon.colcon_core.environment[0m [1;30mLevel 1[0m checking '/home/duy/cocarry_ws/install/motoman_gp4_support' for CMake config files
[2.235s] [34mcolcon.colcon_core.shell[0m [1;30mLevel 1[0m create_environment_hook('motoman_gp4_support', 'cmake_prefix_path')
[2.235s] [34mcolcon.colcon_core.shell[0m [1;30mINFO[0m Creating environment hook '/home/duy/cocarry_ws/install/motoman_gp4_support/share/motoman_gp4_support/hook/cmake_prefix_path.ps1'
[2.235s] [34mcolcon.colcon_core.shell[0m [1;30mINFO[0m Creating environment descriptor '/home/duy/cocarry_ws/install/motoman_gp4_support/share/motoman_gp4_support/hook/cmake_prefix_path.dsv'
[2.235s] [34mcolcon.colcon_core.shell[0m [1;30mINFO[0m Creating environment hook '/home/duy/cocarry_ws/install/motoman_gp4_support/share/motoman_gp4_support/hook/cmake_prefix_path.sh'
[2.235s] [34mcolcon.colcon_core.environment[0m [1;30mLevel 1[0m checking '/home/duy/cocarry_ws/install/motoman_gp4_support/bin'
[2.235s] [34mcolcon.colcon_core.environment[0m [1;30mLevel 1[0m checking '/home/duy/cocarry_ws/install/motoman_gp4_support/lib/pkgconfig/motoman_gp4_support.pc'
[2.235s] [34mcolcon.colcon_core.environment[0m [1;30mLevel 1[0m checking '/home/duy/cocarry_ws/install/motoman_gp4_support/lib/python3.10/site-packages'
[2.236s] [34mcolcon.colcon_core.environment[0m [1;30mLevel 1[0m checking '/home/duy/cocarry_ws/install/motoman_gp4_support/bin'
[2.236s] [34mcolcon.colcon_core.shell[0m [1;30mINFO[0m Creating package script '/home/duy/cocarry_ws/install/motoman_gp4_support/share/motoman_gp4_support/package.ps1'
[2.236s] [34mcolcon.colcon_core.shell[0m [1;30mINFO[0m Creating package descriptor '/home/duy/cocarry_ws/install/motoman_gp4_support/share/motoman_gp4_support/package.dsv'
[2.236s] [34mcolcon.colcon_core.shell[0m [1;30mINFO[0m Creating package script '/home/duy/cocarry_ws/install/motoman_gp4_support/share/motoman_gp4_support/package.sh'
[2.237s] [34mcolcon.colcon_core.shell[0m [1;30mINFO[0m Creating package script '/home/duy/cocarry_ws/install/motoman_gp4_support/share/motoman_gp4_support/package.bash'
[2.237s] [34mcolcon.colcon_core.shell[0m [1;30mINFO[0m Creating package script '/home/duy/cocarry_ws/install/motoman_gp4_support/share/motoman_gp4_support/package.zsh'
[2.237s] [34mcolcon.colcon_core.environment[0m [1;30mLevel 1[0m create_file_with_runtime_dependencies(/home/duy/cocarry_ws/install/motoman_gp4_support/share/colcon-core/packages/motoman_gp4_support)
[2.238s] [34mcolcon.colcon_core.environment[0m [1;30mLevel 1[0m create_environment_scripts_only(kinect2_bridge)
[2.238s] [34mcolcon.colcon_core.environment[0m [1;30mLevel 1[0m checking '/home/duy/cocarry_ws/install/kinect2_bridge' for CMake module files
[2.238s] [34mcolcon.colcon_core.event_handler.log_command[0m [1;30mDEBUG[0m [32mInvoked command in '/home/duy/cocarry_ws/build/kinect2_bridge' returned '0': CMAKE_PREFIX_PATH=/home/duy/cocarry_ws/install/kinect2_registration:/home/duy/cocarry_ws/install/hrc_bringup:/home/duy/cocarry_ws/install/trac_ik:/home/duy/cocarry_ws/install/trac_ik_kinematics:/home/duy/cocarry_ws/install/trac_ik_lib:/home/duy/cocarry_ws/install/motoros2_client_interface_dependencies:/home/duy/cocarry_ws/install/hc10dtp_simulation:/home/duy/cocarry_ws/install/motoros2_interfaces:/home/duy/cocarry_ws/install/hc10dtp_bringup:/home/duy/cocarry_ws/install/hc10dtp_moveit_config:/home/duy/cocarry_ws/install/motoman_hc10dtp_support:/home/duy/cocarry_ws/install/motoman_gp4_support:/home/duy/cocarry_ws/install/motoman_resources:/home/duy/cocarry_ws/install/libfreenect2:/home/duy/cocarry_ws/install/kinect2_calibration:/home/duy/cocarry_ws/install/kinect2_bridge:/home/duy/cocarry_ws/install/industrial_msgs:/home/duy/cocarry_ws/install/trajectory_predictor:/home/duy/cocarry_ws/install/rula_tracker:/home/duy/cocarry_ws/install/realsense_tracker:/home/duy/cocarry_ws/install/predictor_ui:/home/duy/cocarry_ws/install/experiment_logger:/home/duy/cocarry_ws/install/coord_transform:/opt/ros/humble:/home/duy/cocarry_ws/install/human_hand_msgs /usr/bin/cmake --install /home/duy/cocarry_ws/build/kinect2_bridge[0m
[2.238s] [34mcolcon.colcon_core.environment[0m [1;30mLevel 1[0m checking '/home/duy/cocarry_ws/install/kinect2_bridge' for CMake config files
[2.239s] [34mcolcon.colcon_core.shell[0m [1;30mLevel 1[0m create_environment_hook('kinect2_bridge', 'cmake_prefix_path')
[2.239s] [34mcolcon.colcon_core.shell[0m [1;30mINFO[0m Creating environment hook '/home/duy/cocarry_ws/install/kinect2_bridge/share/kinect2_bridge/hook/cmake_prefix_path.ps1'
[2.239s] [34mcolcon.colcon_core.shell[0m [1;30mINFO[0m Creating environment descriptor '/home/duy/cocarry_ws/install/kinect2_bridge/share/kinect2_bridge/hook/cmake_prefix_path.dsv'
[2.239s] [34mcolcon.colcon_core.shell[0m [1;30mINFO[0m Creating environment hook '/home/duy/cocarry_ws/install/kinect2_bridge/share/kinect2_bridge/hook/cmake_prefix_path.sh'
[2.239s] [34mcolcon.colcon_core.environment[0m [1;30mLevel 1[0m checking '/home/duy/cocarry_ws/install/kinect2_bridge/lib'
[2.239s] [34mcolcon.colcon_core.environment[0m [1;30mLevel 1[0m checking '/home/duy/cocarry_ws/install/kinect2_bridge/bin'
[2.239s] [34mcolcon.colcon_core.environment[0m [1;30mLevel 1[0m checking '/home/duy/cocarry_ws/install/kinect2_bridge/lib/pkgconfig/kinect2_bridge.pc'
[2.240s] [34mcolcon.colcon_core.environment[0m [1;30mLevel 1[0m checking '/home/duy/cocarry_ws/install/kinect2_bridge/lib/python3.10/site-packages'
[2.240s] [34mcolcon.colcon_core.environment[0m [1;30mLevel 1[0m checking '/home/duy/cocarry_ws/install/kinect2_bridge/bin'
[2.240s] [34mcolcon.colcon_core.shell[0m [1;30mINFO[0m Creating package script '/home/duy/cocarry_ws/install/kinect2_bridge/share/kinect2_bridge/package.ps1'
[2.240s] [34mcolcon.colcon_core.shell[0m [1;30mINFO[0m Creating package descriptor '/home/duy/cocarry_ws/install/kinect2_bridge/share/kinect2_bridge/package.dsv'
[2.240s] [34mcolcon.colcon_core.shell[0m [1;30mINFO[0m Creating package script '/home/duy/cocarry_ws/install/kinect2_bridge/share/kinect2_bridge/package.sh'
[2.241s] [34mcolcon.colcon_core.shell[0m [1;30mINFO[0m Creating package script '/home/duy/cocarry_ws/install/kinect2_bridge/share/kinect2_bridge/package.bash'
[2.241s] [34mcolcon.colcon_core.shell[0m [1;30mINFO[0m Creating package script '/home/duy/cocarry_ws/install/kinect2_bridge/share/kinect2_bridge/package.zsh'
[2.241s] [34mcolcon.colcon_core.environment[0m [1;30mLevel 1[0m create_file_with_runtime_dependencies(/home/duy/cocarry_ws/install/kinect2_bridge/share/colcon-core/packages/kinect2_bridge)
[2.241s] [34mcolcon.colcon_core.environment[0m [1;30mLevel 1[0m create_environment_scripts_only(kinect2_bridge)
[2.241s] [34mcolcon.colcon_core.environment[0m [1;30mLevel 1[0m checking '/home/duy/cocarry_ws/install/kinect2_bridge' for CMake module files
[2.242s] [34mcolcon.colcon_core.environment[0m [1;30mLevel 1[0m checking '/home/duy/cocarry_ws/install/kinect2_bridge' for CMake config files
[2.242s] [34mcolcon.colcon_core.shell[0m [1;30mLevel 1[0m create_environment_hook('kinect2_bridge', 'cmake_prefix_path')
[2.242s] [34mcolcon.colcon_core.shell[0m [1;30mINFO[0m Creating environment hook '/home/duy/cocarry_ws/install/kinect2_bridge/share/kinect2_bridge/hook/cmake_prefix_path.ps1'
[2.242s] [34mcolcon.colcon_core.shell[0m [1;30mINFO[0m Creating environment descriptor '/home/duy/cocarry_ws/install/kinect2_bridge/share/kinect2_bridge/hook/cmake_prefix_path.dsv'
[2.242s] [34mcolcon.colcon_core.shell[0m [1;30mINFO[0m Creating environment hook '/home/duy/cocarry_ws/install/kinect2_bridge/share/kinect2_bridge/hook/cmake_prefix_path.sh'
[2.242s] [34mcolcon.colcon_core.environment[0m [1;30mLevel 1[0m checking '/home/duy/cocarry_ws/install/kinect2_bridge/lib'
[2.242s] [34mcolcon.colcon_core.environment[0m [1;30mLevel 1[0m checking '/home/duy/cocarry_ws/install/kinect2_bridge/bin'
[2.242s] [34mcolcon.colcon_core.environment[0m [1;30mLevel 1[0m checking '/home/duy/cocarry_ws/install/kinect2_bridge/lib/pkgconfig/kinect2_bridge.pc'
[2.243s] [34mcolcon.colcon_core.environment[0m [1;30mLevel 1[0m checking '/home/duy/cocarry_ws/install/kinect2_bridge/lib/python3.10/site-packages'
[2.243s] [34mcolcon.colcon_core.environment[0m [1;30mLevel 1[0m checking '/home/duy/cocarry_ws/install/kinect2_bridge/bin'
[2.243s] [34mcolcon.colcon_core.shell[0m [1;30mINFO[0m Creating package script '/home/duy/cocarry_ws/install/kinect2_bridge/share/kinect2_bridge/package.ps1'
[2.243s] [34mcolcon.colcon_core.shell[0m [1;30mINFO[0m Creating package descriptor '/home/duy/cocarry_ws/install/kinect2_bridge/share/kinect2_bridge/package.dsv'
[2.244s] [34mcolcon.colcon_core.shell[0m [1;30mINFO[0m Creating package script '/home/duy/cocarry_ws/install/kinect2_bridge/share/kinect2_bridge/package.sh'
[2.244s] [34mcolcon.colcon_core.shell[0m [1;30mINFO[0m Creating package script '/home/duy/cocarry_ws/install/kinect2_bridge/share/kinect2_bridge/package.bash'
[2.244s] [34mcolcon.colcon_core.shell[0m [1;30mINFO[0m Creating package script '/home/duy/cocarry_ws/install/kinect2_bridge/share/kinect2_bridge/package.zsh'
[2.245s] [34mcolcon.colcon_core.environment[0m [1;30mLevel 1[0m create_file_with_runtime_dependencies(/home/duy/cocarry_ws/install/kinect2_bridge/share/colcon-core/packages/kinect2_bridge)
[2.246s] [34mcolcon.colcon_ros.task.ament_cmake.build[0m [1;30mINFO[0m Building ROS package in '/home/duy/cocarry_ws/src/kinect2_ros2/kinect2_calibration' with build type 'ament_cmake'
[2.246s] [34mcolcon.colcon_cmake.task.cmake.build[0m [1;30mINFO[0m Building CMake package in '/home/duy/cocarry_ws/src/kinect2_ros2/kinect2_calibration'
[2.247s] [34mcolcon.colcon_core.shell[0m [1;30mINFO[0m Skip shell extension 'powershell' for command environment: Not usable outside of PowerShell
[2.247s] [34mcolcon.colcon_core.shell[0m [1;30mDEBUG[0m [32mSkip shell extension 'dsv' for command environment[0m
[2.251s] [34mcolcon.colcon_core.environment[0m [1;30mLevel 1[0m create_environment_scripts_only(trac_ik_kinematics)
[2.251s] [34mcolcon.colcon_core.environment[0m [1;30mLevel 1[0m checking '/home/duy/cocarry_ws/install/trac_ik_kinematics' for CMake module files
[2.251s] [34mcolcon.colcon_core.event_handler.log_command[0m [1;30mDEBUG[0m [32mInvoked command in '/home/duy/cocarry_ws/build/trac_ik_kinematics' returned '0': CMAKE_PREFIX_PATH=/home/duy/cocarry_ws/install/trac_ik_lib:/home/duy/cocarry_ws/install/hrc_bringup:/home/duy/cocarry_ws/install/trac_ik:/home/duy/cocarry_ws/install/trac_ik_kinematics:/home/duy/cocarry_ws/install/motoros2_client_interface_dependencies:/home/duy/cocarry_ws/install/hc10dtp_simulation:/home/duy/cocarry_ws/install/motoros2_interfaces:/home/duy/cocarry_ws/install/hc10dtp_bringup:/home/duy/cocarry_ws/install/hc10dtp_moveit_config:/home/duy/cocarry_ws/install/motoman_hc10dtp_support:/home/duy/cocarry_ws/install/motoman_gp4_support:/home/duy/cocarry_ws/install/motoman_resources:/home/duy/cocarry_ws/install/libfreenect2:/home/duy/cocarry_ws/install/kinect2_calibration:/home/duy/cocarry_ws/install/kinect2_bridge:/home/duy/cocarry_ws/install/kinect2_registration:/home/duy/cocarry_ws/install/industrial_msgs:/home/duy/cocarry_ws/install/trajectory_predictor:/home/duy/cocarry_ws/install/rula_tracker:/home/duy/cocarry_ws/install/realsense_tracker:/home/duy/cocarry_ws/install/predictor_ui:/home/duy/cocarry_ws/install/experiment_logger:/home/duy/cocarry_ws/install/coord_transform:/opt/ros/humble:/home/duy/cocarry_ws/install/human_hand_msgs LD_LIBRARY_PATH=/home/duy/cocarry_ws/install/trac_ik_lib/lib:/home/duy/cocarry_ws/install/trac_ik_kinematics/lib:/home/duy/cocarry_ws/install/motoros2_interfaces/lib:/home/duy/cocarry_ws/install/libfreenect2/lib:/home/duy/cocarry_ws/install/kinect2_registration/lib:/home/duy/cocarry_ws/install/industrial_msgs/lib:/home/duy/cocarry_ws/install/human_hand_msgs/lib:/usr/local/lib/nuitrack:/usr/lib/x86_64-linux-gnu/gazebo-11/plugins:/opt/ros/humble/opt/rviz_ogre_vendor/lib:/opt/ros/humble/lib/x86_64-linux-gnu:/opt/ros/humble/lib:/usr/local/lib/nuitrack /usr/bin/cmake --install /home/duy/cocarry_ws/build/trac_ik_kinematics[0m
[2.252s] [34mcolcon.colcon_core.environment[0m [1;30mLevel 1[0m checking '/home/duy/cocarry_ws/install/trac_ik_kinematics' for CMake config files
[2.252s] [34mcolcon.colcon_core.shell[0m [1;30mLevel 1[0m create_environment_hook('trac_ik_kinematics', 'cmake_prefix_path')
[2.252s] [34mcolcon.colcon_core.shell[0m [1;30mINFO[0m Creating environment hook '/home/duy/cocarry_ws/install/trac_ik_kinematics/share/trac_ik_kinematics/hook/cmake_prefix_path.ps1'
[2.252s] [34mcolcon.colcon_core.shell[0m [1;30mINFO[0m Creating environment descriptor '/home/duy/cocarry_ws/install/trac_ik_kinematics/share/trac_ik_kinematics/hook/cmake_prefix_path.dsv'
[2.252s] [34mcolcon.colcon_core.shell[0m [1;30mINFO[0m Creating environment hook '/home/duy/cocarry_ws/install/trac_ik_kinematics/share/trac_ik_kinematics/hook/cmake_prefix_path.sh'
[2.253s] [34mcolcon.colcon_core.environment[0m [1;30mLevel 1[0m checking '/home/duy/cocarry_ws/install/trac_ik_kinematics/lib'
[2.253s] [34mcolcon.colcon_core.shell[0m [1;30mLevel 1[0m create_environment_hook('trac_ik_kinematics', 'ld_library_path_lib')
[2.253s] [34mcolcon.colcon_core.shell[0m [1;30mINFO[0m Creating environment hook '/home/duy/cocarry_ws/install/trac_ik_kinematics/share/trac_ik_kinematics/hook/ld_library_path_lib.ps1'
[2.253s] [34mcolcon.colcon_core.shell[0m [1;30mINFO[0m Creating environment descriptor '/home/duy/cocarry_ws/install/trac_ik_kinematics/share/trac_ik_kinematics/hook/ld_library_path_lib.dsv'
[2.253s] [34mcolcon.colcon_core.shell[0m [1;30mINFO[0m Creating environment hook '/home/duy/cocarry_ws/install/trac_ik_kinematics/share/trac_ik_kinematics/hook/ld_library_path_lib.sh'
[2.254s] [34mcolcon.colcon_core.environment[0m [1;30mLevel 1[0m checking '/home/duy/cocarry_ws/install/trac_ik_kinematics/bin'
[2.254s] [34mcolcon.colcon_core.environment[0m [1;30mLevel 1[0m checking '/home/duy/cocarry_ws/install/trac_ik_kinematics/lib/pkgconfig/trac_ik_kinematics.pc'
[2.254s] [34mcolcon.colcon_core.environment[0m [1;30mLevel 1[0m checking '/home/duy/cocarry_ws/install/trac_ik_kinematics/lib/python3.10/site-packages'
[2.254s] [34mcolcon.colcon_core.environment[0m [1;30mLevel 1[0m checking '/home/duy/cocarry_ws/install/trac_ik_kinematics/bin'
[2.254s] [34mcolcon.colcon_core.shell[0m [1;30mINFO[0m Creating package script '/home/duy/cocarry_ws/install/trac_ik_kinematics/share/trac_ik_kinematics/package.ps1'
[2.255s] [34mcolcon.colcon_core.shell[0m [1;30mINFO[0m Creating package descriptor '/home/duy/cocarry_ws/install/trac_ik_kinematics/share/trac_ik_kinematics/package.dsv'
[2.255s] [34mcolcon.colcon_core.shell[0m [1;30mINFO[0m Creating package script '/home/duy/cocarry_ws/install/trac_ik_kinematics/share/trac_ik_kinematics/package.sh'
[2.256s] [34mcolcon.colcon_core.shell[0m [1;30mINFO[0m Creating package script '/home/duy/cocarry_ws/install/trac_ik_kinematics/share/trac_ik_kinematics/package.bash'
[2.256s] [34mcolcon.colcon_core.shell[0m [1;30mINFO[0m Creating package script '/home/duy/cocarry_ws/install/trac_ik_kinematics/share/trac_ik_kinematics/package.zsh'
[2.256s] [34mcolcon.colcon_core.environment[0m [1;30mLevel 1[0m create_file_with_runtime_dependencies(/home/duy/cocarry_ws/install/trac_ik_kinematics/share/colcon-core/packages/trac_ik_kinematics)
[2.257s] [34mcolcon.colcon_core.environment[0m [1;30mLevel 1[0m create_environment_scripts_only(trac_ik_kinematics)
[2.257s] [34mcolcon.colcon_core.environment[0m [1;30mLevel 1[0m checking '/home/duy/cocarry_ws/install/trac_ik_kinematics' for CMake module files
[2.257s] [34mcolcon.colcon_core.environment[0m [1;30mLevel 1[0m checking '/home/duy/cocarry_ws/install/trac_ik_kinematics' for CMake config files
[2.257s] [34mcolcon.colcon_core.shell[0m [1;30mLevel 1[0m create_environment_hook('trac_ik_kinematics', 'cmake_prefix_path')
[2.257s] [34mcolcon.colcon_core.shell[0m [1;30mINFO[0m Creating environment hook '/home/duy/cocarry_ws/install/trac_ik_kinematics/share/trac_ik_kinematics/hook/cmake_prefix_path.ps1'
[2.257s] [34mcolcon.colcon_core.shell[0m [1;30mINFO[0m Creating environment descriptor '/home/duy/cocarry_ws/install/trac_ik_kinematics/share/trac_ik_kinematics/hook/cmake_prefix_path.dsv'
[2.258s] [34mcolcon.colcon_core.shell[0m [1;30mINFO[0m Creating environment hook '/home/duy/cocarry_ws/install/trac_ik_kinematics/share/trac_ik_kinematics/hook/cmake_prefix_path.sh'
[2.258s] [34mcolcon.colcon_core.environment[0m [1;30mLevel 1[0m checking '/home/duy/cocarry_ws/install/trac_ik_kinematics/lib'
[2.258s] [34mcolcon.colcon_core.shell[0m [1;30mLevel 1[0m create_environment_hook('trac_ik_kinematics', 'ld_library_path_lib')
[2.258s] [34mcolcon.colcon_core.shell[0m [1;30mINFO[0m Creating environment hook '/home/duy/cocarry_ws/install/trac_ik_kinematics/share/trac_ik_kinematics/hook/ld_library_path_lib.ps1'
[2.258s] [34mcolcon.colcon_core.shell[0m [1;30mINFO[0m Creating environment descriptor '/home/duy/cocarry_ws/install/trac_ik_kinematics/share/trac_ik_kinematics/hook/ld_library_path_lib.dsv'
[2.259s] [34mcolcon.colcon_core.shell[0m [1;30mINFO[0m Creating environment hook '/home/duy/cocarry_ws/install/trac_ik_kinematics/share/trac_ik_kinematics/hook/ld_library_path_lib.sh'
[2.259s] [34mcolcon.colcon_core.environment[0m [1;30mLevel 1[0m checking '/home/duy/cocarry_ws/install/trac_ik_kinematics/bin'
[2.259s] [34mcolcon.colcon_core.environment[0m [1;30mLevel 1[0m checking '/home/duy/cocarry_ws/install/trac_ik_kinematics/lib/pkgconfig/trac_ik_kinematics.pc'
[2.259s] [34mcolcon.colcon_core.environment[0m [1;30mLevel 1[0m checking '/home/duy/cocarry_ws/install/trac_ik_kinematics/lib/python3.10/site-packages'
[2.259s] [34mcolcon.colcon_core.environment[0m [1;30mLevel 1[0m checking '/home/duy/cocarry_ws/install/trac_ik_kinematics/bin'
[2.259s] [34mcolcon.colcon_core.shell[0m [1;30mINFO[0m Creating package script '/home/duy/cocarry_ws/install/trac_ik_kinematics/share/trac_ik_kinematics/package.ps1'
[2.260s] [34mcolcon.colcon_core.shell[0m [1;30mINFO[0m Creating package descriptor '/home/duy/cocarry_ws/install/trac_ik_kinematics/share/trac_ik_kinematics/package.dsv'
[2.260s] [34mcolcon.colcon_core.shell[0m [1;30mINFO[0m Creating package script '/home/duy/cocarry_ws/install/trac_ik_kinematics/share/trac_ik_kinematics/package.sh'
[2.260s] [34mcolcon.colcon_core.shell[0m [1;30mINFO[0m Creating package script '/home/duy/cocarry_ws/install/trac_ik_kinematics/share/trac_ik_kinematics/package.bash'
[2.260s] [34mcolcon.colcon_core.shell[0m [1;30mINFO[0m Creating package script '/home/duy/cocarry_ws/install/trac_ik_kinematics/share/trac_ik_kinematics/package.zsh'
[2.261s] [34mcolcon.colcon_core.environment[0m [1;30mLevel 1[0m create_file_with_runtime_dependencies(/home/duy/cocarry_ws/install/trac_ik_kinematics/share/colcon-core/packages/trac_ik_kinematics)
[2.262s] [34mcolcon.colcon_ros.task.ament_cmake.build[0m [1;30mINFO[0m Building ROS package in '/home/duy/cocarry_ws/src/trac_ik/trac_ik' with build type 'ament_cmake'
[2.262s] [34mcolcon.colcon_cmake.task.cmake.build[0m [1;30mINFO[0m Building CMake package in '/home/duy/cocarry_ws/src/trac_ik/trac_ik'
[2.262s] [34mcolcon.colcon_core.shell[0m [1;30mINFO[0m Skip shell extension 'powershell' for command environment: Not usable outside of PowerShell
[2.262s] [34mcolcon.colcon_core.shell[0m [1;30mDEBUG[0m [32mSkip shell extension 'dsv' for command environment[0m
[2.262s] [34mcolcon.colcon_core.event_handler.log_command[0m [1;30mDEBUG[0m [32mInvoked command in '/home/duy/cocarry_ws/build/motoros2_client_interface_dependencies' returned '0': CMAKE_PREFIX_PATH=/home/duy/cocarry_ws/install/motoros2_interfaces:/home/duy/cocarry_ws/install/industrial_msgs:/home/duy/cocarry_ws/install/hrc_bringup:/home/duy/cocarry_ws/install/trac_ik:/home/duy/cocarry_ws/install/trac_ik_kinematics:/home/duy/cocarry_ws/install/trac_ik_lib:/home/duy/cocarry_ws/install/motoros2_client_interface_dependencies:/home/duy/cocarry_ws/install/hc10dtp_simulation:/home/duy/cocarry_ws/install/hc10dtp_bringup:/home/duy/cocarry_ws/install/hc10dtp_moveit_config:/home/duy/cocarry_ws/install/motoman_hc10dtp_support:/home/duy/cocarry_ws/install/motoman_gp4_support:/home/duy/cocarry_ws/install/motoman_resources:/home/duy/cocarry_ws/install/libfreenect2:/home/duy/cocarry_ws/install/kinect2_calibration:/home/duy/cocarry_ws/install/kinect2_bridge:/home/duy/cocarry_ws/install/kinect2_registration:/home/duy/cocarry_ws/install/trajectory_predictor:/home/duy/cocarry_ws/install/rula_tracker:/home/duy/cocarry_ws/install/realsense_tracker:/home/duy/cocarry_ws/install/predictor_ui:/home/duy/cocarry_ws/install/experiment_logger:/home/duy/cocarry_ws/install/coord_transform:/opt/ros/humble:/home/duy/cocarry_ws/install/human_hand_msgs LD_LIBRARY_PATH=/home/duy/cocarry_ws/install/motoros2_interfaces/lib:/home/duy/cocarry_ws/install/industrial_msgs/lib:/home/duy/cocarry_ws/install/trac_ik_kinematics/lib:/home/duy/cocarry_ws/install/trac_ik_lib/lib:/home/duy/cocarry_ws/install/libfreenect2/lib:/home/duy/cocarry_ws/install/kinect2_registration/lib:/home/duy/cocarry_ws/install/human_hand_msgs/lib:/usr/local/lib/nuitrack:/usr/lib/x86_64-linux-gnu/gazebo-11/plugins:/opt/ros/humble/opt/rviz_ogre_vendor/lib:/opt/ros/humble/lib/x86_64-linux-gnu:/opt/ros/humble/lib:/usr/local/lib/nuitrack /usr/bin/cmake --build /home/duy/cocarry_ws/build/motoros2_client_interface_dependencies -- -j16 -l16[0m
[2.263s] [34mcolcon.colcon_core.event_handler.log_command[0m [1;30mDEBUG[0m [32mInvoking command in '/home/duy/cocarry_ws/build/motoros2_client_interface_dependencies': CMAKE_PREFIX_PATH=/home/duy/cocarry_ws/install/motoros2_interfaces:/home/duy/cocarry_ws/install/industrial_msgs:/home/duy/cocarry_ws/install/hrc_bringup:/home/duy/cocarry_ws/install/trac_ik:/home/duy/cocarry_ws/install/trac_ik_kinematics:/home/duy/cocarry_ws/install/trac_ik_lib:/home/duy/cocarry_ws/install/motoros2_client_interface_dependencies:/home/duy/cocarry_ws/install/hc10dtp_simulation:/home/duy/cocarry_ws/install/hc10dtp_bringup:/home/duy/cocarry_ws/install/hc10dtp_moveit_config:/home/duy/cocarry_ws/install/motoman_hc10dtp_support:/home/duy/cocarry_ws/install/motoman_gp4_support:/home/duy/cocarry_ws/install/motoman_resources:/home/duy/cocarry_ws/install/libfreenect2:/home/duy/cocarry_ws/install/kinect2_calibration:/home/duy/cocarry_ws/install/kinect2_bridge:/home/duy/cocarry_ws/install/kinect2_registration:/home/duy/cocarry_ws/install/trajectory_predictor:/home/duy/cocarry_ws/install/rula_tracker:/home/duy/cocarry_ws/install/realsense_tracker:/home/duy/cocarry_ws/install/predictor_ui:/home/duy/cocarry_ws/install/experiment_logger:/home/duy/cocarry_ws/install/coord_transform:/opt/ros/humble:/home/duy/cocarry_ws/install/human_hand_msgs LD_LIBRARY_PATH=/home/duy/cocarry_ws/install/motoros2_interfaces/lib:/home/duy/cocarry_ws/install/industrial_msgs/lib:/home/duy/cocarry_ws/install/trac_ik_kinematics/lib:/home/duy/cocarry_ws/install/trac_ik_lib/lib:/home/duy/cocarry_ws/install/libfreenect2/lib:/home/duy/cocarry_ws/install/kinect2_registration/lib:/home/duy/cocarry_ws/install/human_hand_msgs/lib:/usr/local/lib/nuitrack:/usr/lib/x86_64-linux-gnu/gazebo-11/plugins:/opt/ros/humble/opt/rviz_ogre_vendor/lib:/opt/ros/humble/lib/x86_64-linux-gnu:/opt/ros/humble/lib:/usr/local/lib/nuitrack /usr/bin/cmake --install /home/duy/cocarry_ws/build/motoros2_client_interface_dependencies[0m
[2.269s] [34mcolcon.colcon_core.event_handler.log_command[0m [1;30mDEBUG[0m [32mInvoking command in '/home/duy/cocarry_ws/build/hc10dtp_moveit_config': CMAKE_PREFIX_PATH=/home/duy/cocarry_ws/install/motoman_hc10dtp_support:/home/duy/cocarry_ws/install/motoman_resources:/home/duy/cocarry_ws/install/hrc_bringup:/home/duy/cocarry_ws/install/trac_ik:/home/duy/cocarry_ws/install/trac_ik_kinematics:/home/duy/cocarry_ws/install/trac_ik_lib:/home/duy/cocarry_ws/install/motoros2_client_interface_dependencies:/home/duy/cocarry_ws/install/hc10dtp_simulation:/home/duy/cocarry_ws/install/motoros2_interfaces:/home/duy/cocarry_ws/install/hc10dtp_bringup:/home/duy/cocarry_ws/install/hc10dtp_moveit_config:/home/duy/cocarry_ws/install/motoman_gp4_support:/home/duy/cocarry_ws/install/libfreenect2:/home/duy/cocarry_ws/install/kinect2_calibration:/home/duy/cocarry_ws/install/kinect2_bridge:/home/duy/cocarry_ws/install/kinect2_registration:/home/duy/cocarry_ws/install/industrial_msgs:/home/duy/cocarry_ws/install/trajectory_predictor:/home/duy/cocarry_ws/install/rula_tracker:/home/duy/cocarry_ws/install/realsense_tracker:/home/duy/cocarry_ws/install/predictor_ui:/home/duy/cocarry_ws/install/experiment_logger:/home/duy/cocarry_ws/install/coord_transform:/opt/ros/humble:/home/duy/cocarry_ws/install/human_hand_msgs /usr/bin/cmake --build /home/duy/cocarry_ws/build/hc10dtp_moveit_config -- -j16 -l16[0m
[2.282s] [34mcolcon.colcon_core.event_handler.log_command[0m [1;30mDEBUG[0m [32mInvoking command in '/home/duy/cocarry_ws/build/kinect2_calibration': CMAKE_PREFIX_PATH=/home/duy/cocarry_ws/install/kinect2_bridge:/home/duy/cocarry_ws/install/kinect2_registration:/home/duy/cocarry_ws/install/hrc_bringup:/home/duy/cocarry_ws/install/trac_ik:/home/duy/cocarry_ws/install/trac_ik_kinematics:/home/duy/cocarry_ws/install/trac_ik_lib:/home/duy/cocarry_ws/install/motoros2_client_interface_dependencies:/home/duy/cocarry_ws/install/hc10dtp_simulation:/home/duy/cocarry_ws/install/motoros2_interfaces:/home/duy/cocarry_ws/install/hc10dtp_bringup:/home/duy/cocarry_ws/install/hc10dtp_moveit_config:/home/duy/cocarry_ws/install/motoman_hc10dtp_support:/home/duy/cocarry_ws/install/motoman_gp4_support:/home/duy/cocarry_ws/install/motoman_resources:/home/duy/cocarry_ws/install/libfreenect2:/home/duy/cocarry_ws/install/kinect2_calibration:/home/duy/cocarry_ws/install/industrial_msgs:/home/duy/cocarry_ws/install/trajectory_predictor:/home/duy/cocarry_ws/install/rula_tracker:/home/duy/cocarry_ws/install/realsense_tracker:/home/duy/cocarry_ws/install/predictor_ui:/home/duy/cocarry_ws/install/experiment_logger:/home/duy/cocarry_ws/install/coord_transform:/opt/ros/humble:/home/duy/cocarry_ws/install/human_hand_msgs /usr/bin/cmake --build /home/duy/cocarry_ws/build/kinect2_calibration -- -j16 -l16[0m
[2.284s] [34mcolcon.colcon_core.environment[0m [1;30mLevel 1[0m create_environment_scripts_only(motoros2_client_interface_dependencies)
[2.285s] [34mcolcon.colcon_core.environment[0m [1;30mLevel 1[0m checking '/home/duy/cocarry_ws/install/motoros2_client_interface_dependencies' for CMake module files
[2.285s] [34mcolcon.colcon_core.event_handler.log_command[0m [1;30mDEBUG[0m [32mInvoking command in '/home/duy/cocarry_ws/build/trac_ik': CMAKE_PREFIX_PATH=/home/duy/cocarry_ws/install/trac_ik_kinematics:/home/duy/cocarry_ws/install/trac_ik_lib:/home/duy/cocarry_ws/install/hrc_bringup:/home/duy/cocarry_ws/install/trac_ik:/home/duy/cocarry_ws/install/motoros2_client_interface_dependencies:/home/duy/cocarry_ws/install/hc10dtp_simulation:/home/duy/cocarry_ws/install/motoros2_interfaces:/home/duy/cocarry_ws/install/hc10dtp_bringup:/home/duy/cocarry_ws/install/hc10dtp_moveit_config:/home/duy/cocarry_ws/install/motoman_hc10dtp_support:/home/duy/cocarry_ws/install/motoman_gp4_support:/home/duy/cocarry_ws/install/motoman_resources:/home/duy/cocarry_ws/install/libfreenect2:/home/duy/cocarry_ws/install/kinect2_calibration:/home/duy/cocarry_ws/install/kinect2_bridge:/home/duy/cocarry_ws/install/kinect2_registration:/home/duy/cocarry_ws/install/industrial_msgs:/home/duy/cocarry_ws/install/trajectory_predictor:/home/duy/cocarry_ws/install/rula_tracker:/home/duy/cocarry_ws/install/realsense_tracker:/home/duy/cocarry_ws/install/predictor_ui:/home/duy/cocarry_ws/install/experiment_logger:/home/duy/cocarry_ws/install/coord_transform:/opt/ros/humble:/home/duy/cocarry_ws/install/human_hand_msgs /usr/bin/cmake --build /home/duy/cocarry_ws/build/trac_ik -- -j16 -l16[0m
[2.286s] [34mcolcon.colcon_core.event_handler.log_command[0m [1;30mDEBUG[0m [32mInvoked command in '/home/duy/cocarry_ws/build/motoros2_client_interface_dependencies' returned '0': CMAKE_PREFIX_PATH=/home/duy/cocarry_ws/install/motoros2_interfaces:/home/duy/cocarry_ws/install/industrial_msgs:/home/duy/cocarry_ws/install/hrc_bringup:/home/duy/cocarry_ws/install/trac_ik:/home/duy/cocarry_ws/install/trac_ik_kinematics:/home/duy/cocarry_ws/install/trac_ik_lib:/home/duy/cocarry_ws/install/motoros2_client_interface_dependencies:/home/duy/cocarry_ws/install/hc10dtp_simulation:/home/duy/cocarry_ws/install/hc10dtp_bringup:/home/duy/cocarry_ws/install/hc10dtp_moveit_config:/home/duy/cocarry_ws/install/motoman_hc10dtp_support:/home/duy/cocarry_ws/install/motoman_gp4_support:/home/duy/cocarry_ws/install/motoman_resources:/home/duy/cocarry_ws/install/libfreenect2:/home/duy/cocarry_ws/install/kinect2_calibration:/home/duy/cocarry_ws/install/kinect2_bridge:/home/duy/cocarry_ws/install/kinect2_registration:/home/duy/cocarry_ws/install/trajectory_predictor:/home/duy/cocarry_ws/install/rula_tracker:/home/duy/cocarry_ws/install/realsense_tracker:/home/duy/cocarry_ws/install/predictor_ui:/home/duy/cocarry_ws/install/experiment_logger:/home/duy/cocarry_ws/install/coord_transform:/opt/ros/humble:/home/duy/cocarry_ws/install/human_hand_msgs LD_LIBRARY_PATH=/home/duy/cocarry_ws/install/motoros2_interfaces/lib:/home/duy/cocarry_ws/install/industrial_msgs/lib:/home/duy/cocarry_ws/install/trac_ik_kinematics/lib:/home/duy/cocarry_ws/install/trac_ik_lib/lib:/home/duy/cocarry_ws/install/libfreenect2/lib:/home/duy/cocarry_ws/install/kinect2_registration/lib:/home/duy/cocarry_ws/install/human_hand_msgs/lib:/usr/local/lib/nuitrack:/usr/lib/x86_64-linux-gnu/gazebo-11/plugins:/opt/ros/humble/opt/rviz_ogre_vendor/lib:/opt/ros/humble/lib/x86_64-linux-gnu:/opt/ros/humble/lib:/usr/local/lib/nuitrack /usr/bin/cmake --install /home/duy/cocarry_ws/build/motoros2_client_interface_dependencies[0m
[2.286s] [34mcolcon.colcon_core.environment[0m [1;30mLevel 1[0m checking '/home/duy/cocarry_ws/install/motoros2_client_interface_dependencies' for CMake config files
[2.286s] [34mcolcon.colcon_core.shell[0m [1;30mLevel 1[0m create_environment_hook('motoros2_client_interface_dependencies', 'cmake_prefix_path')
[2.287s] [34mcolcon.colcon_core.shell[0m [1;30mINFO[0m Creating environment hook '/home/duy/cocarry_ws/install/motoros2_client_interface_dependencies/share/motoros2_client_interface_dependencies/hook/cmake_prefix_path.ps1'
[2.287s] [34mcolcon.colcon_core.shell[0m [1;30mINFO[0m Creating environment descriptor '/home/duy/cocarry_ws/install/motoros2_client_interface_dependencies/share/motoros2_client_interface_dependencies/hook/cmake_prefix_path.dsv'
[2.288s] [34mcolcon.colcon_core.shell[0m [1;30mINFO[0m Creating environment hook '/home/duy/cocarry_ws/install/motoros2_client_interface_dependencies/share/motoros2_client_interface_dependencies/hook/cmake_prefix_path.sh'
[2.288s] [34mcolcon.colcon_core.environment[0m [1;30mLevel 1[0m checking '/home/duy/cocarry_ws/install/motoros2_client_interface_dependencies/bin'
[2.289s] [34mcolcon.colcon_core.environment[0m [1;30mLevel 1[0m checking '/home/duy/cocarry_ws/install/motoros2_client_interface_dependencies/lib/pkgconfig/motoros2_client_interface_dependencies.pc'
[2.289s] [34mcolcon.colcon_core.environment[0m [1;30mLevel 1[0m checking '/home/duy/cocarry_ws/install/motoros2_client_interface_dependencies/lib/python3.10/site-packages'
[2.289s] [34mcolcon.colcon_core.environment[0m [1;30mLevel 1[0m checking '/home/duy/cocarry_ws/install/motoros2_client_interface_dependencies/bin'
[2.290s] [34mcolcon.colcon_core.shell[0m [1;30mINFO[0m Creating package script '/home/duy/cocarry_ws/install/motoros2_client_interface_dependencies/share/motoros2_client_interface_dependencies/package.ps1'
[2.291s] [34mcolcon.colcon_core.shell[0m [1;30mINFO[0m Creating package descriptor '/home/duy/cocarry_ws/install/motoros2_client_interface_dependencies/share/motoros2_client_interface_dependencies/package.dsv'
[2.291s] [34mcolcon.colcon_core.shell[0m [1;30mINFO[0m Creating package script '/home/duy/cocarry_ws/install/motoros2_client_interface_dependencies/share/motoros2_client_interface_dependencies/package.sh'
[2.292s] [34mcolcon.colcon_core.shell[0m [1;30mINFO[0m Creating package script '/home/duy/cocarry_ws/install/motoros2_client_interface_dependencies/share/motoros2_client_interface_dependencies/package.bash'
[2.292s] [34mcolcon.colcon_core.shell[0m [1;30mINFO[0m Creating package script '/home/duy/cocarry_ws/install/motoros2_client_interface_dependencies/share/motoros2_client_interface_dependencies/package.zsh'
[2.293s] [34mcolcon.colcon_core.environment[0m [1;30mLevel 1[0m create_file_with_runtime_dependencies(/home/duy/cocarry_ws/install/motoros2_client_interface_dependencies/share/colcon-core/packages/motoros2_client_interface_dependencies)
[2.294s] [34mcolcon.colcon_core.environment[0m [1;30mLevel 1[0m create_environment_scripts_only(motoros2_client_interface_dependencies)
[2.294s] [34mcolcon.colcon_core.environment[0m [1;30mLevel 1[0m checking '/home/duy/cocarry_ws/install/motoros2_client_interface_dependencies' for CMake module files
[2.295s] [34mcolcon.colcon_core.environment[0m [1;30mLevel 1[0m checking '/home/duy/cocarry_ws/install/motoros2_client_interface_dependencies' for CMake config files
[2.295s] [34mcolcon.colcon_core.shell[0m [1;30mLevel 1[0m create_environment_hook('motoros2_client_interface_dependencies', 'cmake_prefix_path')
[2.295s] [34mcolcon.colcon_core.shell[0m [1;30mINFO[0m Creating environment hook '/home/duy/cocarry_ws/install/motoros2_client_interface_dependencies/share/motoros2_client_interface_dependencies/hook/cmake_prefix_path.ps1'
[2.296s] [34mcolcon.colcon_core.shell[0m [1;30mINFO[0m Creating environment descriptor '/home/duy/cocarry_ws/install/motoros2_client_interface_dependencies/share/motoros2_client_interface_dependencies/hook/cmake_prefix_path.dsv'
[2.296s] [34mcolcon.colcon_core.shell[0m [1;30mINFO[0m Creating environment hook '/home/duy/cocarry_ws/install/motoros2_client_interface_dependencies/share/motoros2_client_interface_dependencies/hook/cmake_prefix_path.sh'
[2.297s] [34mcolcon.colcon_core.environment[0m [1;30mLevel 1[0m checking '/home/duy/cocarry_ws/install/motoros2_client_interface_dependencies/bin'
[2.297s] [34mcolcon.colcon_core.environment[0m [1;30mLevel 1[0m checking '/home/duy/cocarry_ws/install/motoros2_client_interface_dependencies/lib/pkgconfig/motoros2_client_interface_dependencies.pc'
[2.297s] [34mcolcon.colcon_core.environment[0m [1;30mLevel 1[0m checking '/home/duy/cocarry_ws/install/motoros2_client_interface_dependencies/lib/python3.10/site-packages'
[2.297s] [34mcolcon.colcon_core.environment[0m [1;30mLevel 1[0m checking '/home/duy/cocarry_ws/install/motoros2_client_interface_dependencies/bin'
[2.298s] [34mcolcon.colcon_core.shell[0m [1;30mINFO[0m Creating package script '/home/duy/cocarry_ws/install/motoros2_client_interface_dependencies/share/motoros2_client_interface_dependencies/package.ps1'
[2.298s] [34mcolcon.colcon_core.shell[0m [1;30mINFO[0m Creating package descriptor '/home/duy/cocarry_ws/install/motoros2_client_interface_dependencies/share/motoros2_client_interface_dependencies/package.dsv'
[2.299s] [34mcolcon.colcon_core.shell[0m [1;30mINFO[0m Creating package script '/home/duy/cocarry_ws/install/motoros2_client_interface_dependencies/share/motoros2_client_interface_dependencies/package.sh'
[2.299s] [34mcolcon.colcon_core.shell[0m [1;30mINFO[0m Creating package script '/home/duy/cocarry_ws/install/motoros2_client_interface_dependencies/share/motoros2_client_interface_dependencies/package.bash'
[2.300s] [34mcolcon.colcon_core.shell[0m [1;30mINFO[0m Creating package script '/home/duy/cocarry_ws/install/motoros2_client_interface_dependencies/share/motoros2_client_interface_dependencies/package.zsh'
[2.301s] [34mcolcon.colcon_core.environment[0m [1;30mLevel 1[0m create_file_with_runtime_dependencies(/home/duy/cocarry_ws/install/motoros2_client_interface_dependencies/share/colcon-core/packages/motoros2_client_interface_dependencies)
[2.307s] [34mcolcon.colcon_core.event_handler.log_command[0m [1;30mDEBUG[0m [32mInvoked command in '/home/duy/cocarry_ws/build/hc10dtp_moveit_config' returned '0': CMAKE_PREFIX_PATH=/home/duy/cocarry_ws/install/motoman_hc10dtp_support:/home/duy/cocarry_ws/install/motoman_resources:/home/duy/cocarry_ws/install/hrc_bringup:/home/duy/cocarry_ws/install/trac_ik:/home/duy/cocarry_ws/install/trac_ik_kinematics:/home/duy/cocarry_ws/install/trac_ik_lib:/home/duy/cocarry_ws/install/motoros2_client_interface_dependencies:/home/duy/cocarry_ws/install/hc10dtp_simulation:/home/duy/cocarry_ws/install/motoros2_interfaces:/home/duy/cocarry_ws/install/hc10dtp_bringup:/home/duy/cocarry_ws/install/hc10dtp_moveit_config:/home/duy/cocarry_ws/install/motoman_gp4_support:/home/duy/cocarry_ws/install/libfreenect2:/home/duy/cocarry_ws/install/kinect2_calibration:/home/duy/cocarry_ws/install/kinect2_bridge:/home/duy/cocarry_ws/install/kinect2_registration:/home/duy/cocarry_ws/install/industrial_msgs:/home/duy/cocarry_ws/install/trajectory_predictor:/home/duy/cocarry_ws/install/rula_tracker:/home/duy/cocarry_ws/install/realsense_tracker:/home/duy/cocarry_ws/install/predictor_ui:/home/duy/cocarry_ws/install/experiment_logger:/home/duy/cocarry_ws/install/coord_transform:/opt/ros/humble:/home/duy/cocarry_ws/install/human_hand_msgs /usr/bin/cmake --build /home/duy/cocarry_ws/build/hc10dtp_moveit_config -- -j16 -l16[0m
[2.308s] [34mcolcon.colcon_core.event_handler.log_command[0m [1;30mDEBUG[0m [32mInvoking command in '/home/duy/cocarry_ws/build/hc10dtp_moveit_config': CMAKE_PREFIX_PATH=/home/duy/cocarry_ws/install/motoman_hc10dtp_support:/home/duy/cocarry_ws/install/motoman_resources:/home/duy/cocarry_ws/install/hrc_bringup:/home/duy/cocarry_ws/install/trac_ik:/home/duy/cocarry_ws/install/trac_ik_kinematics:/home/duy/cocarry_ws/install/trac_ik_lib:/home/duy/cocarry_ws/install/motoros2_client_interface_dependencies:/home/duy/cocarry_ws/install/hc10dtp_simulation:/home/duy/cocarry_ws/install/motoros2_interfaces:/home/duy/cocarry_ws/install/hc10dtp_bringup:/home/duy/cocarry_ws/install/hc10dtp_moveit_config:/home/duy/cocarry_ws/install/motoman_gp4_support:/home/duy/cocarry_ws/install/libfreenect2:/home/duy/cocarry_ws/install/kinect2_calibration:/home/duy/cocarry_ws/install/kinect2_bridge:/home/duy/cocarry_ws/install/kinect2_registration:/home/duy/cocarry_ws/install/industrial_msgs:/home/duy/cocarry_ws/install/trajectory_predictor:/home/duy/cocarry_ws/install/rula_tracker:/home/duy/cocarry_ws/install/realsense_tracker:/home/duy/cocarry_ws/install/predictor_ui:/home/duy/cocarry_ws/install/experiment_logger:/home/duy/cocarry_ws/install/coord_transform:/opt/ros/humble:/home/duy/cocarry_ws/install/human_hand_msgs /usr/bin/cmake --install /home/duy/cocarry_ws/build/hc10dtp_moveit_config[0m
[2.322s] [34mcolcon.colcon_core.event_handler.log_command[0m [1;30mDEBUG[0m [32mInvoked command in '/home/duy/cocarry_ws/build/trac_ik' returned '0': CMAKE_PREFIX_PATH=/home/duy/cocarry_ws/install/trac_ik_kinematics:/home/duy/cocarry_ws/install/trac_ik_lib:/home/duy/cocarry_ws/install/hrc_bringup:/home/duy/cocarry_ws/install/trac_ik:/home/duy/cocarry_ws/install/motoros2_client_interface_dependencies:/home/duy/cocarry_ws/install/hc10dtp_simulation:/home/duy/cocarry_ws/install/motoros2_interfaces:/home/duy/cocarry_ws/install/hc10dtp_bringup:/home/duy/cocarry_ws/install/hc10dtp_moveit_config:/home/duy/cocarry_ws/install/motoman_hc10dtp_support:/home/duy/cocarry_ws/install/motoman_gp4_support:/home/duy/cocarry_ws/install/motoman_resources:/home/duy/cocarry_ws/install/libfreenect2:/home/duy/cocarry_ws/install/kinect2_calibration:/home/duy/cocarry_ws/install/kinect2_bridge:/home/duy/cocarry_ws/install/kinect2_registration:/home/duy/cocarry_ws/install/industrial_msgs:/home/duy/cocarry_ws/install/trajectory_predictor:/home/duy/cocarry_ws/install/rula_tracker:/home/duy/cocarry_ws/install/realsense_tracker:/home/duy/cocarry_ws/install/predictor_ui:/home/duy/cocarry_ws/install/experiment_logger:/home/duy/cocarry_ws/install/coord_transform:/opt/ros/humble:/home/duy/cocarry_ws/install/human_hand_msgs /usr/bin/cmake --build /home/duy/cocarry_ws/build/trac_ik -- -j16 -l16[0m
[2.325s] [34mcolcon.colcon_core.event_handler.log_command[0m [1;30mDEBUG[0m [32mInvoking command in '/home/duy/cocarry_ws/build/trac_ik': CMAKE_PREFIX_PATH=/home/duy/cocarry_ws/install/trac_ik_kinematics:/home/duy/cocarry_ws/install/trac_ik_lib:/home/duy/cocarry_ws/install/hrc_bringup:/home/duy/cocarry_ws/install/trac_ik:/home/duy/cocarry_ws/install/motoros2_client_interface_dependencies:/home/duy/cocarry_ws/install/hc10dtp_simulation:/home/duy/cocarry_ws/install/motoros2_interfaces:/home/duy/cocarry_ws/install/hc10dtp_bringup:/home/duy/cocarry_ws/install/hc10dtp_moveit_config:/home/duy/cocarry_ws/install/motoman_hc10dtp_support:/home/duy/cocarry_ws/install/motoman_gp4_support:/home/duy/cocarry_ws/install/motoman_resources:/home/duy/cocarry_ws/install/libfreenect2:/home/duy/cocarry_ws/install/kinect2_calibration:/home/duy/cocarry_ws/install/kinect2_bridge:/home/duy/cocarry_ws/install/kinect2_registration:/home/duy/cocarry_ws/install/industrial_msgs:/home/duy/cocarry_ws/install/trajectory_predictor:/home/duy/cocarry_ws/install/rula_tracker:/home/duy/cocarry_ws/install/realsense_tracker:/home/duy/cocarry_ws/install/predictor_ui:/home/duy/cocarry_ws/install/experiment_logger:/home/duy/cocarry_ws/install/coord_transform:/opt/ros/humble:/home/duy/cocarry_ws/install/human_hand_msgs /usr/bin/cmake --install /home/duy/cocarry_ws/build/trac_ik[0m
[2.337s] [34mcolcon.colcon_core.environment[0m [1;30mLevel 1[0m create_environment_scripts_only(hc10dtp_moveit_config)
[2.338s] [34mcolcon.colcon_core.environment[0m [1;30mLevel 1[0m checking '/home/duy/cocarry_ws/install/hc10dtp_moveit_config' for CMake module files
[2.338s] [34mcolcon.colcon_core.event_handler.log_command[0m [1;30mDEBUG[0m [32mInvoked command in '/home/duy/cocarry_ws/build/hc10dtp_moveit_config' returned '0': CMAKE_PREFIX_PATH=/home/duy/cocarry_ws/install/motoman_hc10dtp_support:/home/duy/cocarry_ws/install/motoman_resources:/home/duy/cocarry_ws/install/hrc_bringup:/home/duy/cocarry_ws/install/trac_ik:/home/duy/cocarry_ws/install/trac_ik_kinematics:/home/duy/cocarry_ws/install/trac_ik_lib:/home/duy/cocarry_ws/install/motoros2_client_interface_dependencies:/home/duy/cocarry_ws/install/hc10dtp_simulation:/home/duy/cocarry_ws/install/motoros2_interfaces:/home/duy/cocarry_ws/install/hc10dtp_bringup:/home/duy/cocarry_ws/install/hc10dtp_moveit_config:/home/duy/cocarry_ws/install/motoman_gp4_support:/home/duy/cocarry_ws/install/libfreenect2:/home/duy/cocarry_ws/install/kinect2_calibration:/home/duy/cocarry_ws/install/kinect2_bridge:/home/duy/cocarry_ws/install/kinect2_registration:/home/duy/cocarry_ws/install/industrial_msgs:/home/duy/cocarry_ws/install/trajectory_predictor:/home/duy/cocarry_ws/install/rula_tracker:/home/duy/cocarry_ws/install/realsense_tracker:/home/duy/cocarry_ws/install/predictor_ui:/home/duy/cocarry_ws/install/experiment_logger:/home/duy/cocarry_ws/install/coord_transform:/opt/ros/humble:/home/duy/cocarry_ws/install/human_hand_msgs /usr/bin/cmake --install /home/duy/cocarry_ws/build/hc10dtp_moveit_config[0m
[2.339s] [34mcolcon.colcon_core.environment[0m [1;30mLevel 1[0m checking '/home/duy/cocarry_ws/install/hc10dtp_moveit_config' for CMake config files
[2.339s] [34mcolcon.colcon_core.shell[0m [1;30mLevel 1[0m create_environment_hook('hc10dtp_moveit_config', 'cmake_prefix_path')
[2.340s] [34mcolcon.colcon_core.shell[0m [1;30mINFO[0m Creating environment hook '/home/duy/cocarry_ws/install/hc10dtp_moveit_config/share/hc10dtp_moveit_config/hook/cmake_prefix_path.ps1'
[2.340s] [34mcolcon.colcon_core.shell[0m [1;30mINFO[0m Creating environment descriptor '/home/duy/cocarry_ws/install/hc10dtp_moveit_config/share/hc10dtp_moveit_config/hook/cmake_prefix_path.dsv'
[2.341s] [34mcolcon.colcon_core.shell[0m [1;30mINFO[0m Creating environment hook '/home/duy/cocarry_ws/install/hc10dtp_moveit_config/share/hc10dtp_moveit_config/hook/cmake_prefix_path.sh'
[2.342s] [34mcolcon.colcon_core.environment[0m [1;30mLevel 1[0m checking '/home/duy/cocarry_ws/install/hc10dtp_moveit_config/bin'
[2.343s] [34mcolcon.colcon_core.environment[0m [1;30mLevel 1[0m checking '/home/duy/cocarry_ws/install/hc10dtp_moveit_config/lib/pkgconfig/hc10dtp_moveit_config.pc'
[2.343s] [34mcolcon.colcon_core.environment[0m [1;30mLevel 1[0m checking '/home/duy/cocarry_ws/install/hc10dtp_moveit_config/lib/python3.10/site-packages'
[2.343s] [34mcolcon.colcon_core.environment[0m [1;30mLevel 1[0m checking '/home/duy/cocarry_ws/install/hc10dtp_moveit_config/bin'
[2.344s] [34mcolcon.colcon_core.shell[0m [1;30mINFO[0m Creating package script '/home/duy/cocarry_ws/install/hc10dtp_moveit_config/share/hc10dtp_moveit_config/package.ps1'
[2.345s] [34mcolcon.colcon_core.shell[0m [1;30mINFO[0m Creating package descriptor '/home/duy/cocarry_ws/install/hc10dtp_moveit_config/share/hc10dtp_moveit_config/package.dsv'
[2.345s] [34mcolcon.colcon_core.shell[0m [1;30mINFO[0m Creating package script '/home/duy/cocarry_ws/install/hc10dtp_moveit_config/share/hc10dtp_moveit_config/package.sh'
[2.346s] [34mcolcon.colcon_core.shell[0m [1;30mINFO[0m Creating package script '/home/duy/cocarry_ws/install/hc10dtp_moveit_config/share/hc10dtp_moveit_config/package.bash'
[2.346s] [34mcolcon.colcon_core.shell[0m [1;30mINFO[0m Creating package script '/home/duy/cocarry_ws/install/hc10dtp_moveit_config/share/hc10dtp_moveit_config/package.zsh'
[2.346s] [34mcolcon.colcon_core.environment[0m [1;30mLevel 1[0m create_file_with_runtime_dependencies(/home/duy/cocarry_ws/install/hc10dtp_moveit_config/share/colcon-core/packages/hc10dtp_moveit_config)
[2.347s] [34mcolcon.colcon_core.environment[0m [1;30mLevel 1[0m create_environment_scripts_only(hc10dtp_moveit_config)
[2.347s] [34mcolcon.colcon_core.environment[0m [1;30mLevel 1[0m checking '/home/duy/cocarry_ws/install/hc10dtp_moveit_config' for CMake module files
[2.347s] [34mcolcon.colcon_core.environment[0m [1;30mLevel 1[0m checking '/home/duy/cocarry_ws/install/hc10dtp_moveit_config' for CMake config files
[2.347s] [34mcolcon.colcon_core.shell[0m [1;30mLevel 1[0m create_environment_hook('hc10dtp_moveit_config', 'cmake_prefix_path')
[2.347s] [34mcolcon.colcon_core.shell[0m [1;30mINFO[0m Creating environment hook '/home/duy/cocarry_ws/install/hc10dtp_moveit_config/share/hc10dtp_moveit_config/hook/cmake_prefix_path.ps1'
[2.348s] [34mcolcon.colcon_core.shell[0m [1;30mINFO[0m Creating environment descriptor '/home/duy/cocarry_ws/install/hc10dtp_moveit_config/share/hc10dtp_moveit_config/hook/cmake_prefix_path.dsv'
[2.348s] [34mcolcon.colcon_core.shell[0m [1;30mINFO[0m Creating environment hook '/home/duy/cocarry_ws/install/hc10dtp_moveit_config/share/hc10dtp_moveit_config/hook/cmake_prefix_path.sh'
[2.349s] [34mcolcon.colcon_core.environment[0m [1;30mLevel 1[0m checking '/home/duy/cocarry_ws/install/hc10dtp_moveit_config/bin'
[2.349s] [34mcolcon.colcon_core.environment[0m [1;30mLevel 1[0m checking '/home/duy/cocarry_ws/install/hc10dtp_moveit_config/lib/pkgconfig/hc10dtp_moveit_config.pc'
[2.349s] [34mcolcon.colcon_core.environment[0m [1;30mLevel 1[0m checking '/home/duy/cocarry_ws/install/hc10dtp_moveit_config/lib/python3.10/site-packages'
[2.349s] [34mcolcon.colcon_core.environment[0m [1;30mLevel 1[0m checking '/home/duy/cocarry_ws/install/hc10dtp_moveit_config/bin'
[2.350s] [34mcolcon.colcon_core.shell[0m [1;30mINFO[0m Creating package script '/home/duy/cocarry_ws/install/hc10dtp_moveit_config/share/hc10dtp_moveit_config/package.ps1'
[2.350s] [34mcolcon.colcon_core.shell[0m [1;30mINFO[0m Creating package descriptor '/home/duy/cocarry_ws/install/hc10dtp_moveit_config/share/hc10dtp_moveit_config/package.dsv'
[2.351s] [34mcolcon.colcon_core.shell[0m [1;30mINFO[0m Creating package script '/home/duy/cocarry_ws/install/hc10dtp_moveit_config/share/hc10dtp_moveit_config/package.sh'
[2.351s] [34mcolcon.colcon_core.shell[0m [1;30mINFO[0m Creating package script '/home/duy/cocarry_ws/install/hc10dtp_moveit_config/share/hc10dtp_moveit_config/package.bash'
[2.352s] [34mcolcon.colcon_core.shell[0m [1;30mINFO[0m Creating package script '/home/duy/cocarry_ws/install/hc10dtp_moveit_config/share/hc10dtp_moveit_config/package.zsh'
[2.352s] [34mcolcon.colcon_core.environment[0m [1;30mLevel 1[0m create_file_with_runtime_dependencies(/home/duy/cocarry_ws/install/hc10dtp_moveit_config/share/colcon-core/packages/hc10dtp_moveit_config)
[2.352s] [34mcolcon.colcon_ros.task.ament_cmake.build[0m [1;30mINFO[0m Building ROS package in '/home/duy/cocarry_ws/src/hc10dtp_bringup' with build type 'ament_cmake'
[2.352s] [34mcolcon.colcon_cmake.task.cmake.build[0m [1;30mINFO[0m Building CMake package in '/home/duy/cocarry_ws/src/hc10dtp_bringup'
[2.353s] [34mcolcon.colcon_core.shell[0m [1;30mINFO[0m Skip shell extension 'powershell' for command environment: Not usable outside of PowerShell
[2.353s] [34mcolcon.colcon_core.shell[0m [1;30mDEBUG[0m [32mSkip shell extension 'dsv' for command environment[0m
[2.359s] [34mcolcon.colcon_core.environment[0m [1;30mLevel 1[0m create_environment_scripts_only(trac_ik)
[2.360s] [34mcolcon.colcon_core.environment[0m [1;30mLevel 1[0m checking '/home/duy/cocarry_ws/install/trac_ik' for CMake module files
[2.361s] [34mcolcon.colcon_core.event_handler.log_command[0m [1;30mDEBUG[0m [32mInvoked command in '/home/duy/cocarry_ws/build/trac_ik' returned '0': CMAKE_PREFIX_PATH=/home/duy/cocarry_ws/install/trac_ik_kinematics:/home/duy/cocarry_ws/install/trac_ik_lib:/home/duy/cocarry_ws/install/hrc_bringup:/home/duy/cocarry_ws/install/trac_ik:/home/duy/cocarry_ws/install/motoros2_client_interface_dependencies:/home/duy/cocarry_ws/install/hc10dtp_simulation:/home/duy/cocarry_ws/install/motoros2_interfaces:/home/duy/cocarry_ws/install/hc10dtp_bringup:/home/duy/cocarry_ws/install/hc10dtp_moveit_config:/home/duy/cocarry_ws/install/motoman_hc10dtp_support:/home/duy/cocarry_ws/install/motoman_gp4_support:/home/duy/cocarry_ws/install/motoman_resources:/home/duy/cocarry_ws/install/libfreenect2:/home/duy/cocarry_ws/install/kinect2_calibration:/home/duy/cocarry_ws/install/kinect2_bridge:/home/duy/cocarry_ws/install/kinect2_registration:/home/duy/cocarry_ws/install/industrial_msgs:/home/duy/cocarry_ws/install/trajectory_predictor:/home/duy/cocarry_ws/install/rula_tracker:/home/duy/cocarry_ws/install/realsense_tracker:/home/duy/cocarry_ws/install/predictor_ui:/home/duy/cocarry_ws/install/experiment_logger:/home/duy/cocarry_ws/install/coord_transform:/opt/ros/humble:/home/duy/cocarry_ws/install/human_hand_msgs /usr/bin/cmake --install /home/duy/cocarry_ws/build/trac_ik[0m
[2.361s] [34mcolcon.colcon_core.environment[0m [1;30mLevel 1[0m checking '/home/duy/cocarry_ws/install/trac_ik' for CMake config files
[2.361s] [34mcolcon.colcon_core.shell[0m [1;30mLevel 1[0m create_environment_hook('trac_ik', 'cmake_prefix_path')
[2.362s] [34mcolcon.colcon_core.shell[0m [1;30mINFO[0m Creating environment hook '/home/duy/cocarry_ws/install/trac_ik/share/trac_ik/hook/cmake_prefix_path.ps1'
[2.363s] [34mcolcon.colcon_core.shell[0m [1;30mINFO[0m Creating environment descriptor '/home/duy/cocarry_ws/install/trac_ik/share/trac_ik/hook/cmake_prefix_path.dsv'
[2.363s] [34mcolcon.colcon_core.shell[0m [1;30mINFO[0m Creating environment hook '/home/duy/cocarry_ws/install/trac_ik/share/trac_ik/hook/cmake_prefix_path.sh'
[2.364s] [34mcolcon.colcon_core.environment[0m [1;30mLevel 1[0m checking '/home/duy/cocarry_ws/install/trac_ik/bin'
[2.364s] [34mcolcon.colcon_core.environment[0m [1;30mLevel 1[0m checking '/home/duy/cocarry_ws/install/trac_ik/lib/pkgconfig/trac_ik.pc'
[2.365s] [34mcolcon.colcon_core.environment[0m [1;30mLevel 1[0m checking '/home/duy/cocarry_ws/install/trac_ik/lib/python3.10/site-packages'
[2.365s] [34mcolcon.colcon_core.environment[0m [1;30mLevel 1[0m checking '/home/duy/cocarry_ws/install/trac_ik/bin'
[2.366s] [34mcolcon.colcon_core.shell[0m [1;30mINFO[0m Creating package script '/home/duy/cocarry_ws/install/trac_ik/share/trac_ik/package.ps1'
[2.367s] [34mcolcon.colcon_core.shell[0m [1;30mINFO[0m Creating package descriptor '/home/duy/cocarry_ws/install/trac_ik/share/trac_ik/package.dsv'
[2.367s] [34mcolcon.colcon_core.shell[0m [1;30mINFO[0m Creating package script '/home/duy/cocarry_ws/install/trac_ik/share/trac_ik/package.sh'
[2.368s] [34mcolcon.colcon_core.shell[0m [1;30mINFO[0m Creating package script '/home/duy/cocarry_ws/install/trac_ik/share/trac_ik/package.bash'
[2.368s] [34mcolcon.colcon_core.shell[0m [1;30mINFO[0m Creating package script '/home/duy/cocarry_ws/install/trac_ik/share/trac_ik/package.zsh'
[2.369s] [34mcolcon.colcon_core.environment[0m [1;30mLevel 1[0m create_file_with_runtime_dependencies(/home/duy/cocarry_ws/install/trac_ik/share/colcon-core/packages/trac_ik)
[2.370s] [34mcolcon.colcon_core.environment[0m [1;30mLevel 1[0m create_environment_scripts_only(trac_ik)
[2.370s] [34mcolcon.colcon_core.environment[0m [1;30mLevel 1[0m checking '/home/duy/cocarry_ws/install/trac_ik' for CMake module files
[2.371s] [34mcolcon.colcon_core.environment[0m [1;30mLevel 1[0m checking '/home/duy/cocarry_ws/install/trac_ik' for CMake config files
[2.371s] [34mcolcon.colcon_core.shell[0m [1;30mLevel 1[0m create_environment_hook('trac_ik', 'cmake_prefix_path')
[2.371s] [34mcolcon.colcon_core.shell[0m [1;30mINFO[0m Creating environment hook '/home/duy/cocarry_ws/install/trac_ik/share/trac_ik/hook/cmake_prefix_path.ps1'
[2.372s] [34mcolcon.colcon_core.shell[0m [1;30mINFO[0m Creating environment descriptor '/home/duy/cocarry_ws/install/trac_ik/share/trac_ik/hook/cmake_prefix_path.dsv'
[2.372s] [34mcolcon.colcon_core.shell[0m [1;30mINFO[0m Creating environment hook '/home/duy/cocarry_ws/install/trac_ik/share/trac_ik/hook/cmake_prefix_path.sh'
[2.373s] [34mcolcon.colcon_core.environment[0m [1;30mLevel 1[0m checking '/home/duy/cocarry_ws/install/trac_ik/bin'
[2.373s] [34mcolcon.colcon_core.environment[0m [1;30mLevel 1[0m checking '/home/duy/cocarry_ws/install/trac_ik/lib/pkgconfig/trac_ik.pc'
[2.373s] [34mcolcon.colcon_core.environment[0m [1;30mLevel 1[0m checking '/home/duy/cocarry_ws/install/trac_ik/lib/python3.10/site-packages'
[2.374s] [34mcolcon.colcon_core.environment[0m [1;30mLevel 1[0m checking '/home/duy/cocarry_ws/install/trac_ik/bin'
[2.374s] [34mcolcon.colcon_core.shell[0m [1;30mINFO[0m Creating package script '/home/duy/cocarry_ws/install/trac_ik/share/trac_ik/package.ps1'
[2.375s] [34mcolcon.colcon_core.shell[0m [1;30mINFO[0m Creating package descriptor '/home/duy/cocarry_ws/install/trac_ik/share/trac_ik/package.dsv'
[2.376s] [34mcolcon.colcon_core.shell[0m [1;30mINFO[0m Creating package script '/home/duy/cocarry_ws/install/trac_ik/share/trac_ik/package.sh'
[2.377s] [34mcolcon.colcon_core.shell[0m [1;30mINFO[0m Creating package script '/home/duy/cocarry_ws/install/trac_ik/share/trac_ik/package.bash'
[2.377s] [34mcolcon.colcon_core.shell[0m [1;30mINFO[0m Creating package script '/home/duy/cocarry_ws/install/trac_ik/share/trac_ik/package.zsh'
[2.378s] [34mcolcon.colcon_core.environment[0m [1;30mLevel 1[0m create_file_with_runtime_dependencies(/home/duy/cocarry_ws/install/trac_ik/share/colcon-core/packages/trac_ik)
[2.384s] [34mcolcon.colcon_core.event_handler.log_command[0m [1;30mDEBUG[0m [32mInvoking command in '/home/duy/cocarry_ws/build/hc10dtp_bringup': CMAKE_PREFIX_PATH=/home/duy/cocarry_ws/install/hc10dtp_moveit_config:/home/duy/cocarry_ws/install/motoman_hc10dtp_support:/home/duy/cocarry_ws/install/motoman_resources:/home/duy/cocarry_ws/install/hrc_bringup:/home/duy/cocarry_ws/install/trac_ik:/home/duy/cocarry_ws/install/trac_ik_kinematics:/home/duy/cocarry_ws/install/trac_ik_lib:/home/duy/cocarry_ws/install/motoros2_client_interface_dependencies:/home/duy/cocarry_ws/install/hc10dtp_simulation:/home/duy/cocarry_ws/install/motoros2_interfaces:/home/duy/cocarry_ws/install/hc10dtp_bringup:/home/duy/cocarry_ws/install/motoman_gp4_support:/home/duy/cocarry_ws/install/libfreenect2:/home/duy/cocarry_ws/install/kinect2_calibration:/home/duy/cocarry_ws/install/kinect2_bridge:/home/duy/cocarry_ws/install/kinect2_registration:/home/duy/cocarry_ws/install/industrial_msgs:/home/duy/cocarry_ws/install/trajectory_predictor:/home/duy/cocarry_ws/install/rula_tracker:/home/duy/cocarry_ws/install/realsense_tracker:/home/duy/cocarry_ws/install/predictor_ui:/home/duy/cocarry_ws/install/experiment_logger:/home/duy/cocarry_ws/install/coord_transform:/opt/ros/humble:/home/duy/cocarry_ws/install/human_hand_msgs /usr/bin/cmake --build /home/duy/cocarry_ws/build/hc10dtp_bringup -- -j16 -l16[0m
[2.384s] [34mcolcon.colcon_core.event_handler.log_command[0m [1;30mDEBUG[0m [32mInvoked command in '/home/duy/cocarry_ws/build/kinect2_calibration' returned '0': CMAKE_PREFIX_PATH=/home/duy/cocarry_ws/install/kinect2_bridge:/home/duy/cocarry_ws/install/kinect2_registration:/home/duy/cocarry_ws/install/hrc_bringup:/home/duy/cocarry_ws/install/trac_ik:/home/duy/cocarry_ws/install/trac_ik_kinematics:/home/duy/cocarry_ws/install/trac_ik_lib:/home/duy/cocarry_ws/install/motoros2_client_interface_dependencies:/home/duy/cocarry_ws/install/hc10dtp_simulation:/home/duy/cocarry_ws/install/motoros2_interfaces:/home/duy/cocarry_ws/install/hc10dtp_bringup:/home/duy/cocarry_ws/install/hc10dtp_moveit_config:/home/duy/cocarry_ws/install/motoman_hc10dtp_support:/home/duy/cocarry_ws/install/motoman_gp4_support:/home/duy/cocarry_ws/install/motoman_resources:/home/duy/cocarry_ws/install/libfreenect2:/home/duy/cocarry_ws/install/kinect2_calibration:/home/duy/cocarry_ws/install/industrial_msgs:/home/duy/cocarry_ws/install/trajectory_predictor:/home/duy/cocarry_ws/install/rula_tracker:/home/duy/cocarry_ws/install/realsense_tracker:/home/duy/cocarry_ws/install/predictor_ui:/home/duy/cocarry_ws/install/experiment_logger:/home/duy/cocarry_ws/install/coord_transform:/opt/ros/humble:/home/duy/cocarry_ws/install/human_hand_msgs /usr/bin/cmake --build /home/duy/cocarry_ws/build/kinect2_calibration -- -j16 -l16[0m
[2.385s] [34mcolcon.colcon_core.event_handler.log_command[0m [1;30mDEBUG[0m [32mInvoking command in '/home/duy/cocarry_ws/build/kinect2_calibration': CMAKE_PREFIX_PATH=/home/duy/cocarry_ws/install/kinect2_bridge:/home/duy/cocarry_ws/install/kinect2_registration:/home/duy/cocarry_ws/install/hrc_bringup:/home/duy/cocarry_ws/install/trac_ik:/home/duy/cocarry_ws/install/trac_ik_kinematics:/home/duy/cocarry_ws/install/trac_ik_lib:/home/duy/cocarry_ws/install/motoros2_client_interface_dependencies:/home/duy/cocarry_ws/install/hc10dtp_simulation:/home/duy/cocarry_ws/install/motoros2_interfaces:/home/duy/cocarry_ws/install/hc10dtp_bringup:/home/duy/cocarry_ws/install/hc10dtp_moveit_config:/home/duy/cocarry_ws/install/motoman_hc10dtp_support:/home/duy/cocarry_ws/install/motoman_gp4_support:/home/duy/cocarry_ws/install/motoman_resources:/home/duy/cocarry_ws/install/libfreenect2:/home/duy/cocarry_ws/install/kinect2_calibration:/home/duy/cocarry_ws/install/industrial_msgs:/home/duy/cocarry_ws/install/trajectory_predictor:/home/duy/cocarry_ws/install/rula_tracker:/home/duy/cocarry_ws/install/realsense_tracker:/home/duy/cocarry_ws/install/predictor_ui:/home/duy/cocarry_ws/install/experiment_logger:/home/duy/cocarry_ws/install/coord_transform:/opt/ros/humble:/home/duy/cocarry_ws/install/human_hand_msgs /usr/bin/cmake --install /home/duy/cocarry_ws/build/kinect2_calibration[0m
[2.403s] [34mcolcon.colcon_core.environment[0m [1;30mLevel 1[0m create_environment_scripts_only(kinect2_calibration)
[2.404s] [34mcolcon.colcon_core.environment[0m [1;30mLevel 1[0m checking '/home/duy/cocarry_ws/install/kinect2_calibration' for CMake module files
[2.404s] [34mcolcon.colcon_core.event_handler.log_command[0m [1;30mDEBUG[0m [32mInvoked command in '/home/duy/cocarry_ws/build/kinect2_calibration' returned '0': CMAKE_PREFIX_PATH=/home/duy/cocarry_ws/install/kinect2_bridge:/home/duy/cocarry_ws/install/kinect2_registration:/home/duy/cocarry_ws/install/hrc_bringup:/home/duy/cocarry_ws/install/trac_ik:/home/duy/cocarry_ws/install/trac_ik_kinematics:/home/duy/cocarry_ws/install/trac_ik_lib:/home/duy/cocarry_ws/install/motoros2_client_interface_dependencies:/home/duy/cocarry_ws/install/hc10dtp_simulation:/home/duy/cocarry_ws/install/motoros2_interfaces:/home/duy/cocarry_ws/install/hc10dtp_bringup:/home/duy/cocarry_ws/install/hc10dtp_moveit_config:/home/duy/cocarry_ws/install/motoman_hc10dtp_support:/home/duy/cocarry_ws/install/motoman_gp4_support:/home/duy/cocarry_ws/install/motoman_resources:/home/duy/cocarry_ws/install/libfreenect2:/home/duy/cocarry_ws/install/kinect2_calibration:/home/duy/cocarry_ws/install/industrial_msgs:/home/duy/cocarry_ws/install/trajectory_predictor:/home/duy/cocarry_ws/install/rula_tracker:/home/duy/cocarry_ws/install/realsense_tracker:/home/duy/cocarry_ws/install/predictor_ui:/home/duy/cocarry_ws/install/experiment_logger:/home/duy/cocarry_ws/install/coord_transform:/opt/ros/humble:/home/duy/cocarry_ws/install/human_hand_msgs /usr/bin/cmake --install /home/duy/cocarry_ws/build/kinect2_calibration[0m
[2.405s] [34mcolcon.colcon_core.environment[0m [1;30mLevel 1[0m checking '/home/duy/cocarry_ws/install/kinect2_calibration' for CMake config files
[2.405s] [34mcolcon.colcon_core.shell[0m [1;30mLevel 1[0m create_environment_hook('kinect2_calibration', 'cmake_prefix_path')
[2.405s] [34mcolcon.colcon_core.shell[0m [1;30mINFO[0m Creating environment hook '/home/duy/cocarry_ws/install/kinect2_calibration/share/kinect2_calibration/hook/cmake_prefix_path.ps1'
[2.406s] [34mcolcon.colcon_core.shell[0m [1;30mINFO[0m Creating environment descriptor '/home/duy/cocarry_ws/install/kinect2_calibration/share/kinect2_calibration/hook/cmake_prefix_path.dsv'
[2.406s] [34mcolcon.colcon_core.shell[0m [1;30mINFO[0m Creating environment hook '/home/duy/cocarry_ws/install/kinect2_calibration/share/kinect2_calibration/hook/cmake_prefix_path.sh'
[2.407s] [34mcolcon.colcon_core.environment[0m [1;30mLevel 1[0m checking '/home/duy/cocarry_ws/install/kinect2_calibration/lib'
[2.407s] [34mcolcon.colcon_core.environment[0m [1;30mLevel 1[0m checking '/home/duy/cocarry_ws/install/kinect2_calibration/bin'
[2.407s] [34mcolcon.colcon_core.environment[0m [1;30mLevel 1[0m checking '/home/duy/cocarry_ws/install/kinect2_calibration/lib/pkgconfig/kinect2_calibration.pc'
[2.407s] [34mcolcon.colcon_core.environment[0m [1;30mLevel 1[0m checking '/home/duy/cocarry_ws/install/kinect2_calibration/lib/python3.10/site-packages'
[2.407s] [34mcolcon.colcon_core.environment[0m [1;30mLevel 1[0m checking '/home/duy/cocarry_ws/install/kinect2_calibration/bin'
[2.408s] [34mcolcon.colcon_core.shell[0m [1;30mINFO[0m Creating package script '/home/duy/cocarry_ws/install/kinect2_calibration/share/kinect2_calibration/package.ps1'
[2.408s] [34mcolcon.colcon_core.shell[0m [1;30mINFO[0m Creating package descriptor '/home/duy/cocarry_ws/install/kinect2_calibration/share/kinect2_calibration/package.dsv'
[2.409s] [34mcolcon.colcon_core.shell[0m [1;30mINFO[0m Creating package script '/home/duy/cocarry_ws/install/kinect2_calibration/share/kinect2_calibration/package.sh'
[2.409s] [34mcolcon.colcon_core.shell[0m [1;30mINFO[0m Creating package script '/home/duy/cocarry_ws/install/kinect2_calibration/share/kinect2_calibration/package.bash'
[2.409s] [34mcolcon.colcon_core.shell[0m [1;30mINFO[0m Creating package script '/home/duy/cocarry_ws/install/kinect2_calibration/share/kinect2_calibration/package.zsh'
[2.409s] [34mcolcon.colcon_core.environment[0m [1;30mLevel 1[0m create_file_with_runtime_dependencies(/home/duy/cocarry_ws/install/kinect2_calibration/share/colcon-core/packages/kinect2_calibration)
[2.410s] [34mcolcon.colcon_core.environment[0m [1;30mLevel 1[0m create_environment_scripts_only(kinect2_calibration)
[2.410s] [34mcolcon.colcon_core.environment[0m [1;30mLevel 1[0m checking '/home/duy/cocarry_ws/install/kinect2_calibration' for CMake module files
[2.411s] [34mcolcon.colcon_core.environment[0m [1;30mLevel 1[0m checking '/home/duy/cocarry_ws/install/kinect2_calibration' for CMake config files
[2.411s] [34mcolcon.colcon_core.shell[0m [1;30mLevel 1[0m create_environment_hook('kinect2_calibration', 'cmake_prefix_path')
[2.411s] [34mcolcon.colcon_core.shell[0m [1;30mINFO[0m Creating environment hook '/home/duy/cocarry_ws/install/kinect2_calibration/share/kinect2_calibration/hook/cmake_prefix_path.ps1'
[2.411s] [34mcolcon.colcon_core.shell[0m [1;30mINFO[0m Creating environment descriptor '/home/duy/cocarry_ws/install/kinect2_calibration/share/kinect2_calibration/hook/cmake_prefix_path.dsv'
[2.412s] [34mcolcon.colcon_core.shell[0m [1;30mINFO[0m Creating environment hook '/home/duy/cocarry_ws/install/kinect2_calibration/share/kinect2_calibration/hook/cmake_prefix_path.sh'
[2.412s] [34mcolcon.colcon_core.environment[0m [1;30mLevel 1[0m checking '/home/duy/cocarry_ws/install/kinect2_calibration/lib'
[2.412s] [34mcolcon.colcon_core.environment[0m [1;30mLevel 1[0m checking '/home/duy/cocarry_ws/install/kinect2_calibration/bin'
[2.412s] [34mcolcon.colcon_core.environment[0m [1;30mLevel 1[0m checking '/home/duy/cocarry_ws/install/kinect2_calibration/lib/pkgconfig/kinect2_calibration.pc'
[2.413s] [34mcolcon.colcon_core.environment[0m [1;30mLevel 1[0m checking '/home/duy/cocarry_ws/install/kinect2_calibration/lib/python3.10/site-packages'
[2.413s] [34mcolcon.colcon_core.environment[0m [1;30mLevel 1[0m checking '/home/duy/cocarry_ws/install/kinect2_calibration/bin'
[2.413s] [34mcolcon.colcon_core.shell[0m [1;30mINFO[0m Creating package script '/home/duy/cocarry_ws/install/kinect2_calibration/share/kinect2_calibration/package.ps1'
[2.414s] [34mcolcon.colcon_core.shell[0m [1;30mINFO[0m Creating package descriptor '/home/duy/cocarry_ws/install/kinect2_calibration/share/kinect2_calibration/package.dsv'
[2.414s] [34mcolcon.colcon_core.shell[0m [1;30mINFO[0m Creating package script '/home/duy/cocarry_ws/install/kinect2_calibration/share/kinect2_calibration/package.sh'
[2.414s] [34mcolcon.colcon_core.shell[0m [1;30mINFO[0m Creating package script '/home/duy/cocarry_ws/install/kinect2_calibration/share/kinect2_calibration/package.bash'
[2.415s] [34mcolcon.colcon_core.shell[0m [1;30mINFO[0m Creating package script '/home/duy/cocarry_ws/install/kinect2_calibration/share/kinect2_calibration/package.zsh'
[2.415s] [34mcolcon.colcon_core.environment[0m [1;30mLevel 1[0m create_file_with_runtime_dependencies(/home/duy/cocarry_ws/install/kinect2_calibration/share/colcon-core/packages/kinect2_calibration)
[2.423s] [34mcolcon.colcon_core.event_handler.log_command[0m [1;30mDEBUG[0m [32mInvoked command in '/home/duy/cocarry_ws/build/hc10dtp_bringup' returned '0': CMAKE_PREFIX_PATH=/home/duy/cocarry_ws/install/hc10dtp_moveit_config:/home/duy/cocarry_ws/install/motoman_hc10dtp_support:/home/duy/cocarry_ws/install/motoman_resources:/home/duy/cocarry_ws/install/hrc_bringup:/home/duy/cocarry_ws/install/trac_ik:/home/duy/cocarry_ws/install/trac_ik_kinematics:/home/duy/cocarry_ws/install/trac_ik_lib:/home/duy/cocarry_ws/install/motoros2_client_interface_dependencies:/home/duy/cocarry_ws/install/hc10dtp_simulation:/home/duy/cocarry_ws/install/motoros2_interfaces:/home/duy/cocarry_ws/install/hc10dtp_bringup:/home/duy/cocarry_ws/install/motoman_gp4_support:/home/duy/cocarry_ws/install/libfreenect2:/home/duy/cocarry_ws/install/kinect2_calibration:/home/duy/cocarry_ws/install/kinect2_bridge:/home/duy/cocarry_ws/install/kinect2_registration:/home/duy/cocarry_ws/install/industrial_msgs:/home/duy/cocarry_ws/install/trajectory_predictor:/home/duy/cocarry_ws/install/rula_tracker:/home/duy/cocarry_ws/install/realsense_tracker:/home/duy/cocarry_ws/install/predictor_ui:/home/duy/cocarry_ws/install/experiment_logger:/home/duy/cocarry_ws/install/coord_transform:/opt/ros/humble:/home/duy/cocarry_ws/install/human_hand_msgs /usr/bin/cmake --build /home/duy/cocarry_ws/build/hc10dtp_bringup -- -j16 -l16[0m
[2.425s] [34mcolcon.colcon_core.event_handler.log_command[0m [1;30mDEBUG[0m [32mInvoking command in '/home/duy/cocarry_ws/build/hc10dtp_bringup': CMAKE_PREFIX_PATH=/home/duy/cocarry_ws/install/hc10dtp_moveit_config:/home/duy/cocarry_ws/install/motoman_hc10dtp_support:/home/duy/cocarry_ws/install/motoman_resources:/home/duy/cocarry_ws/install/hrc_bringup:/home/duy/cocarry_ws/install/trac_ik:/home/duy/cocarry_ws/install/trac_ik_kinematics:/home/duy/cocarry_ws/install/trac_ik_lib:/home/duy/cocarry_ws/install/motoros2_client_interface_dependencies:/home/duy/cocarry_ws/install/hc10dtp_simulation:/home/duy/cocarry_ws/install/motoros2_interfaces:/home/duy/cocarry_ws/install/hc10dtp_bringup:/home/duy/cocarry_ws/install/motoman_gp4_support:/home/duy/cocarry_ws/install/libfreenect2:/home/duy/cocarry_ws/install/kinect2_calibration:/home/duy/cocarry_ws/install/kinect2_bridge:/home/duy/cocarry_ws/install/kinect2_registration:/home/duy/cocarry_ws/install/industrial_msgs:/home/duy/cocarry_ws/install/trajectory_predictor:/home/duy/cocarry_ws/install/rula_tracker:/home/duy/cocarry_ws/install/realsense_tracker:/home/duy/cocarry_ws/install/predictor_ui:/home/duy/cocarry_ws/install/experiment_logger:/home/duy/cocarry_ws/install/coord_transform:/opt/ros/humble:/home/duy/cocarry_ws/install/human_hand_msgs /usr/bin/cmake --install /home/duy/cocarry_ws/build/hc10dtp_bringup[0m
[2.456s] [34mcolcon.colcon_core.environment[0m [1;30mLevel 1[0m create_environment_scripts_only(hc10dtp_bringup)
[2.456s] [34mcolcon.colcon_core.environment[0m [1;30mLevel 1[0m checking '/home/duy/cocarry_ws/install/hc10dtp_bringup' for CMake module files
[2.457s] [34mcolcon.colcon_core.event_handler.log_command[0m [1;30mDEBUG[0m [32mInvoked command in '/home/duy/cocarry_ws/build/hc10dtp_bringup' returned '0': CMAKE_PREFIX_PATH=/home/duy/cocarry_ws/install/hc10dtp_moveit_config:/home/duy/cocarry_ws/install/motoman_hc10dtp_support:/home/duy/cocarry_ws/install/motoman_resources:/home/duy/cocarry_ws/install/hrc_bringup:/home/duy/cocarry_ws/install/trac_ik:/home/duy/cocarry_ws/install/trac_ik_kinematics:/home/duy/cocarry_ws/install/trac_ik_lib:/home/duy/cocarry_ws/install/motoros2_client_interface_dependencies:/home/duy/cocarry_ws/install/hc10dtp_simulation:/home/duy/cocarry_ws/install/motoros2_interfaces:/home/duy/cocarry_ws/install/hc10dtp_bringup:/home/duy/cocarry_ws/install/motoman_gp4_support:/home/duy/cocarry_ws/install/libfreenect2:/home/duy/cocarry_ws/install/kinect2_calibration:/home/duy/cocarry_ws/install/kinect2_bridge:/home/duy/cocarry_ws/install/kinect2_registration:/home/duy/cocarry_ws/install/industrial_msgs:/home/duy/cocarry_ws/install/trajectory_predictor:/home/duy/cocarry_ws/install/rula_tracker:/home/duy/cocarry_ws/install/realsense_tracker:/home/duy/cocarry_ws/install/predictor_ui:/home/duy/cocarry_ws/install/experiment_logger:/home/duy/cocarry_ws/install/coord_transform:/opt/ros/humble:/home/duy/cocarry_ws/install/human_hand_msgs /usr/bin/cmake --install /home/duy/cocarry_ws/build/hc10dtp_bringup[0m
[2.458s] [34mcolcon.colcon_core.environment[0m [1;30mLevel 1[0m checking '/home/duy/cocarry_ws/install/hc10dtp_bringup' for CMake config files
[2.458s] [34mcolcon.colcon_core.shell[0m [1;30mLevel 1[0m create_environment_hook('hc10dtp_bringup', 'cmake_prefix_path')
[2.458s] [34mcolcon.colcon_core.shell[0m [1;30mINFO[0m Creating environment hook '/home/duy/cocarry_ws/install/hc10dtp_bringup/share/hc10dtp_bringup/hook/cmake_prefix_path.ps1'
[2.459s] [34mcolcon.colcon_core.shell[0m [1;30mINFO[0m Creating environment descriptor '/home/duy/cocarry_ws/install/hc10dtp_bringup/share/hc10dtp_bringup/hook/cmake_prefix_path.dsv'
[2.460s] [34mcolcon.colcon_core.shell[0m [1;30mINFO[0m Creating environment hook '/home/duy/cocarry_ws/install/hc10dtp_bringup/share/hc10dtp_bringup/hook/cmake_prefix_path.sh'
[2.461s] [34mcolcon.colcon_core.environment[0m [1;30mLevel 1[0m checking '/home/duy/cocarry_ws/install/hc10dtp_bringup/lib'
[2.461s] [34mcolcon.colcon_core.environment[0m [1;30mLevel 1[0m checking '/home/duy/cocarry_ws/install/hc10dtp_bringup/bin'
[2.461s] [34mcolcon.colcon_core.environment[0m [1;30mLevel 1[0m checking '/home/duy/cocarry_ws/install/hc10dtp_bringup/lib/pkgconfig/hc10dtp_bringup.pc'
[2.461s] [34mcolcon.colcon_core.environment[0m [1;30mLevel 1[0m checking '/home/duy/cocarry_ws/install/hc10dtp_bringup/lib/python3.10/site-packages'
[2.462s] [34mcolcon.colcon_core.environment[0m [1;30mLevel 1[0m checking '/home/duy/cocarry_ws/install/hc10dtp_bringup/bin'
[2.462s] [34mcolcon.colcon_core.shell[0m [1;30mINFO[0m Creating package script '/home/duy/cocarry_ws/install/hc10dtp_bringup/share/hc10dtp_bringup/package.ps1'
[2.463s] [34mcolcon.colcon_core.shell[0m [1;30mINFO[0m Creating package descriptor '/home/duy/cocarry_ws/install/hc10dtp_bringup/share/hc10dtp_bringup/package.dsv'
[2.464s] [34mcolcon.colcon_core.shell[0m [1;30mINFO[0m Creating package script '/home/duy/cocarry_ws/install/hc10dtp_bringup/share/hc10dtp_bringup/package.sh'
[2.464s] [34mcolcon.colcon_core.shell[0m [1;30mINFO[0m Creating package script '/home/duy/cocarry_ws/install/hc10dtp_bringup/share/hc10dtp_bringup/package.bash'
[2.465s] [34mcolcon.colcon_core.shell[0m [1;30mINFO[0m Creating package script '/home/duy/cocarry_ws/install/hc10dtp_bringup/share/hc10dtp_bringup/package.zsh'
[2.465s] [34mcolcon.colcon_core.environment[0m [1;30mLevel 1[0m create_file_with_runtime_dependencies(/home/duy/cocarry_ws/install/hc10dtp_bringup/share/colcon-core/packages/hc10dtp_bringup)
[2.466s] [34mcolcon.colcon_core.environment[0m [1;30mLevel 1[0m create_environment_scripts_only(hc10dtp_bringup)
[2.466s] [34mcolcon.colcon_core.environment[0m [1;30mLevel 1[0m checking '/home/duy/cocarry_ws/install/hc10dtp_bringup' for CMake module files
[2.467s] [34mcolcon.colcon_core.environment[0m [1;30mLevel 1[0m checking '/home/duy/cocarry_ws/install/hc10dtp_bringup' for CMake config files
[2.467s] [34mcolcon.colcon_core.shell[0m [1;30mLevel 1[0m create_environment_hook('hc10dtp_bringup', 'cmake_prefix_path')
[2.468s] [34mcolcon.colcon_core.shell[0m [1;30mINFO[0m Creating environment hook '/home/duy/cocarry_ws/install/hc10dtp_bringup/share/hc10dtp_bringup/hook/cmake_prefix_path.ps1'
[2.468s] [34mcolcon.colcon_core.shell[0m [1;30mINFO[0m Creating environment descriptor '/home/duy/cocarry_ws/install/hc10dtp_bringup/share/hc10dtp_bringup/hook/cmake_prefix_path.dsv'
[2.469s] [34mcolcon.colcon_core.shell[0m [1;30mINFO[0m Creating environment hook '/home/duy/cocarry_ws/install/hc10dtp_bringup/share/hc10dtp_bringup/hook/cmake_prefix_path.sh'
[2.469s] [34mcolcon.colcon_core.environment[0m [1;30mLevel 1[0m checking '/home/duy/cocarry_ws/install/hc10dtp_bringup/lib'
[2.469s] [34mcolcon.colcon_core.environment[0m [1;30mLevel 1[0m checking '/home/duy/cocarry_ws/install/hc10dtp_bringup/bin'
[2.469s] [34mcolcon.colcon_core.environment[0m [1;30mLevel 1[0m checking '/home/duy/cocarry_ws/install/hc10dtp_bringup/lib/pkgconfig/hc10dtp_bringup.pc'
[2.469s] [34mcolcon.colcon_core.environment[0m [1;30mLevel 1[0m checking '/home/duy/cocarry_ws/install/hc10dtp_bringup/lib/python3.10/site-packages'
[2.470s] [34mcolcon.colcon_core.environment[0m [1;30mLevel 1[0m checking '/home/duy/cocarry_ws/install/hc10dtp_bringup/bin'
[2.470s] [34mcolcon.colcon_core.shell[0m [1;30mINFO[0m Creating package script '/home/duy/cocarry_ws/install/hc10dtp_bringup/share/hc10dtp_bringup/package.ps1'
[2.471s] [34mcolcon.colcon_core.shell[0m [1;30mINFO[0m Creating package descriptor '/home/duy/cocarry_ws/install/hc10dtp_bringup/share/hc10dtp_bringup/package.dsv'
[2.471s] [34mcolcon.colcon_core.shell[0m [1;30mINFO[0m Creating package script '/home/duy/cocarry_ws/install/hc10dtp_bringup/share/hc10dtp_bringup/package.sh'
[2.472s] [34mcolcon.colcon_core.shell[0m [1;30mINFO[0m Creating package script '/home/duy/cocarry_ws/install/hc10dtp_bringup/share/hc10dtp_bringup/package.bash'
[2.472s] [34mcolcon.colcon_core.shell[0m [1;30mINFO[0m Creating package script '/home/duy/cocarry_ws/install/hc10dtp_bringup/share/hc10dtp_bringup/package.zsh'
[2.472s] [34mcolcon.colcon_core.environment[0m [1;30mLevel 1[0m create_file_with_runtime_dependencies(/home/duy/cocarry_ws/install/hc10dtp_bringup/share/colcon-core/packages/hc10dtp_bringup)
[2.473s] [34mcolcon.colcon_ros.task.ament_cmake.build[0m [1;30mINFO[0m Building ROS package in '/home/duy/cocarry_ws/src/hc10dtp_simulation' with build type 'ament_cmake'
[2.473s] [34mcolcon.colcon_cmake.task.cmake.build[0m [1;30mINFO[0m Building CMake package in '/home/duy/cocarry_ws/src/hc10dtp_simulation'
[2.473s] [34mcolcon.colcon_core.shell[0m [1;30mINFO[0m Skip shell extension 'powershell' for command environment: Not usable outside of PowerShell
[2.473s] [34mcolcon.colcon_core.shell[0m [1;30mDEBUG[0m [32mSkip shell extension 'dsv' for command environment[0m
[2.491s] [34mcolcon.colcon_core.event_handler.log_command[0m [1;30mDEBUG[0m [32mInvoking command in '/home/duy/cocarry_ws/build/hc10dtp_simulation': CMAKE_PREFIX_PATH=/home/duy/cocarry_ws/install/hc10dtp_bringup:/home/duy/cocarry_ws/install/hc10dtp_moveit_config:/home/duy/cocarry_ws/install/motoman_hc10dtp_support:/home/duy/cocarry_ws/install/motoros2_interfaces:/home/duy/cocarry_ws/install/motoman_resources:/home/duy/cocarry_ws/install/hrc_bringup:/home/duy/cocarry_ws/install/trac_ik:/home/duy/cocarry_ws/install/trac_ik_kinematics:/home/duy/cocarry_ws/install/trac_ik_lib:/home/duy/cocarry_ws/install/motoros2_client_interface_dependencies:/home/duy/cocarry_ws/install/hc10dtp_simulation:/home/duy/cocarry_ws/install/motoman_gp4_support:/home/duy/cocarry_ws/install/libfreenect2:/home/duy/cocarry_ws/install/kinect2_calibration:/home/duy/cocarry_ws/install/kinect2_bridge:/home/duy/cocarry_ws/install/kinect2_registration:/home/duy/cocarry_ws/install/industrial_msgs:/home/duy/cocarry_ws/install/trajectory_predictor:/home/duy/cocarry_ws/install/rula_tracker:/home/duy/cocarry_ws/install/realsense_tracker:/home/duy/cocarry_ws/install/predictor_ui:/home/duy/cocarry_ws/install/experiment_logger:/home/duy/cocarry_ws/install/coord_transform:/opt/ros/humble:/home/duy/cocarry_ws/install/human_hand_msgs LD_LIBRARY_PATH=/home/duy/cocarry_ws/install/motoros2_interfaces/lib:/home/duy/cocarry_ws/install/trac_ik_kinematics/lib:/home/duy/cocarry_ws/install/trac_ik_lib/lib:/home/duy/cocarry_ws/install/libfreenect2/lib:/home/duy/cocarry_ws/install/kinect2_registration/lib:/home/duy/cocarry_ws/install/industrial_msgs/lib:/home/duy/cocarry_ws/install/human_hand_msgs/lib:/usr/local/lib/nuitrack:/usr/lib/x86_64-linux-gnu/gazebo-11/plugins:/opt/ros/humble/opt/rviz_ogre_vendor/lib:/opt/ros/humble/lib/x86_64-linux-gnu:/opt/ros/humble/lib:/usr/local/lib/nuitrack /usr/bin/cmake --build /home/duy/cocarry_ws/build/hc10dtp_simulation -- -j16 -l16[0m
[2.538s] [34mcolcon.colcon_core.event_handler.log_command[0m [1;30mDEBUG[0m [32mInvoked command in '/home/duy/cocarry_ws/build/hc10dtp_simulation' returned '0': CMAKE_PREFIX_PATH=/home/duy/cocarry_ws/install/hc10dtp_bringup:/home/duy/cocarry_ws/install/hc10dtp_moveit_config:/home/duy/cocarry_ws/install/motoman_hc10dtp_support:/home/duy/cocarry_ws/install/motoros2_interfaces:/home/duy/cocarry_ws/install/motoman_resources:/home/duy/cocarry_ws/install/hrc_bringup:/home/duy/cocarry_ws/install/trac_ik:/home/duy/cocarry_ws/install/trac_ik_kinematics:/home/duy/cocarry_ws/install/trac_ik_lib:/home/duy/cocarry_ws/install/motoros2_client_interface_dependencies:/home/duy/cocarry_ws/install/hc10dtp_simulation:/home/duy/cocarry_ws/install/motoman_gp4_support:/home/duy/cocarry_ws/install/libfreenect2:/home/duy/cocarry_ws/install/kinect2_calibration:/home/duy/cocarry_ws/install/kinect2_bridge:/home/duy/cocarry_ws/install/kinect2_registration:/home/duy/cocarry_ws/install/industrial_msgs:/home/duy/cocarry_ws/install/trajectory_predictor:/home/duy/cocarry_ws/install/rula_tracker:/home/duy/cocarry_ws/install/realsense_tracker:/home/duy/cocarry_ws/install/predictor_ui:/home/duy/cocarry_ws/install/experiment_logger:/home/duy/cocarry_ws/install/coord_transform:/opt/ros/humble:/home/duy/cocarry_ws/install/human_hand_msgs LD_LIBRARY_PATH=/home/duy/cocarry_ws/install/motoros2_interfaces/lib:/home/duy/cocarry_ws/install/trac_ik_kinematics/lib:/home/duy/cocarry_ws/install/trac_ik_lib/lib:/home/duy/cocarry_ws/install/libfreenect2/lib:/home/duy/cocarry_ws/install/kinect2_registration/lib:/home/duy/cocarry_ws/install/industrial_msgs/lib:/home/duy/cocarry_ws/install/human_hand_msgs/lib:/usr/local/lib/nuitrack:/usr/lib/x86_64-linux-gnu/gazebo-11/plugins:/opt/ros/humble/opt/rviz_ogre_vendor/lib:/opt/ros/humble/lib/x86_64-linux-gnu:/opt/ros/humble/lib:/usr/local/lib/nuitrack /usr/bin/cmake --build /home/duy/cocarry_ws/build/hc10dtp_simulation -- -j16 -l16[0m
[2.540s] [34mcolcon.colcon_core.event_handler.log_command[0m [1;30mDEBUG[0m [32mInvoking command in '/home/duy/cocarry_ws/build/hc10dtp_simulation': CMAKE_PREFIX_PATH=/home/duy/cocarry_ws/install/hc10dtp_bringup:/home/duy/cocarry_ws/install/hc10dtp_moveit_config:/home/duy/cocarry_ws/install/motoman_hc10dtp_support:/home/duy/cocarry_ws/install/motoros2_interfaces:/home/duy/cocarry_ws/install/motoman_resources:/home/duy/cocarry_ws/install/hrc_bringup:/home/duy/cocarry_ws/install/trac_ik:/home/duy/cocarry_ws/install/trac_ik_kinematics:/home/duy/cocarry_ws/install/trac_ik_lib:/home/duy/cocarry_ws/install/motoros2_client_interface_dependencies:/home/duy/cocarry_ws/install/hc10dtp_simulation:/home/duy/cocarry_ws/install/motoman_gp4_support:/home/duy/cocarry_ws/install/libfreenect2:/home/duy/cocarry_ws/install/kinect2_calibration:/home/duy/cocarry_ws/install/kinect2_bridge:/home/duy/cocarry_ws/install/kinect2_registration:/home/duy/cocarry_ws/install/industrial_msgs:/home/duy/cocarry_ws/install/trajectory_predictor:/home/duy/cocarry_ws/install/rula_tracker:/home/duy/cocarry_ws/install/realsense_tracker:/home/duy/cocarry_ws/install/predictor_ui:/home/duy/cocarry_ws/install/experiment_logger:/home/duy/cocarry_ws/install/coord_transform:/opt/ros/humble:/home/duy/cocarry_ws/install/human_hand_msgs LD_LIBRARY_PATH=/home/duy/cocarry_ws/install/motoros2_interfaces/lib:/home/duy/cocarry_ws/install/trac_ik_kinematics/lib:/home/duy/cocarry_ws/install/trac_ik_lib/lib:/home/duy/cocarry_ws/install/libfreenect2/lib:/home/duy/cocarry_ws/install/kinect2_registration/lib:/home/duy/cocarry_ws/install/industrial_msgs/lib:/home/duy/cocarry_ws/install/human_hand_msgs/lib:/usr/local/lib/nuitrack:/usr/lib/x86_64-linux-gnu/gazebo-11/plugins:/opt/ros/humble/opt/rviz_ogre_vendor/lib:/opt/ros/humble/lib/x86_64-linux-gnu:/opt/ros/humble/lib:/usr/local/lib/nuitrack /usr/bin/cmake --install /home/duy/cocarry_ws/build/hc10dtp_simulation[0m
[2.569s] [34mcolcon.colcon_core.environment[0m [1;30mLevel 1[0m create_environment_scripts_only(hc10dtp_simulation)
[2.569s] [34mcolcon.colcon_core.environment[0m [1;30mLevel 1[0m checking '/home/duy/cocarry_ws/install/hc10dtp_simulation' for CMake module files
[2.570s] [34mcolcon.colcon_core.event_handler.log_command[0m [1;30mDEBUG[0m [32mInvoked command in '/home/duy/cocarry_ws/build/hc10dtp_simulation' returned '0': CMAKE_PREFIX_PATH=/home/duy/cocarry_ws/install/hc10dtp_bringup:/home/duy/cocarry_ws/install/hc10dtp_moveit_config:/home/duy/cocarry_ws/install/motoman_hc10dtp_support:/home/duy/cocarry_ws/install/motoros2_interfaces:/home/duy/cocarry_ws/install/motoman_resources:/home/duy/cocarry_ws/install/hrc_bringup:/home/duy/cocarry_ws/install/trac_ik:/home/duy/cocarry_ws/install/trac_ik_kinematics:/home/duy/cocarry_ws/install/trac_ik_lib:/home/duy/cocarry_ws/install/motoros2_client_interface_dependencies:/home/duy/cocarry_ws/install/hc10dtp_simulation:/home/duy/cocarry_ws/install/motoman_gp4_support:/home/duy/cocarry_ws/install/libfreenect2:/home/duy/cocarry_ws/install/kinect2_calibration:/home/duy/cocarry_ws/install/kinect2_bridge:/home/duy/cocarry_ws/install/kinect2_registration:/home/duy/cocarry_ws/install/industrial_msgs:/home/duy/cocarry_ws/install/trajectory_predictor:/home/duy/cocarry_ws/install/rula_tracker:/home/duy/cocarry_ws/install/realsense_tracker:/home/duy/cocarry_ws/install/predictor_ui:/home/duy/cocarry_ws/install/experiment_logger:/home/duy/cocarry_ws/install/coord_transform:/opt/ros/humble:/home/duy/cocarry_ws/install/human_hand_msgs LD_LIBRARY_PATH=/home/duy/cocarry_ws/install/motoros2_interfaces/lib:/home/duy/cocarry_ws/install/trac_ik_kinematics/lib:/home/duy/cocarry_ws/install/trac_ik_lib/lib:/home/duy/cocarry_ws/install/libfreenect2/lib:/home/duy/cocarry_ws/install/kinect2_registration/lib:/home/duy/cocarry_ws/install/industrial_msgs/lib:/home/duy/cocarry_ws/install/human_hand_msgs/lib:/usr/local/lib/nuitrack:/usr/lib/x86_64-linux-gnu/gazebo-11/plugins:/opt/ros/humble/opt/rviz_ogre_vendor/lib:/opt/ros/humble/lib/x86_64-linux-gnu:/opt/ros/humble/lib:/usr/local/lib/nuitrack /usr/bin/cmake --install /home/duy/cocarry_ws/build/hc10dtp_simulation[0m
[2.571s] [34mcolcon.colcon_core.environment[0m [1;30mLevel 1[0m checking '/home/duy/cocarry_ws/install/hc10dtp_simulation' for CMake config files
[2.571s] [34mcolcon.colcon_core.shell[0m [1;30mLevel 1[0m create_environment_hook('hc10dtp_simulation', 'cmake_prefix_path')
[2.572s] [34mcolcon.colcon_core.shell[0m [1;30mINFO[0m Creating environment hook '/home/duy/cocarry_ws/install/hc10dtp_simulation/share/hc10dtp_simulation/hook/cmake_prefix_path.ps1'
[2.572s] [34mcolcon.colcon_core.shell[0m [1;30mINFO[0m Creating environment descriptor '/home/duy/cocarry_ws/install/hc10dtp_simulation/share/hc10dtp_simulation/hook/cmake_prefix_path.dsv'
[2.573s] [34mcolcon.colcon_core.shell[0m [1;30mINFO[0m Creating environment hook '/home/duy/cocarry_ws/install/hc10dtp_simulation/share/hc10dtp_simulation/hook/cmake_prefix_path.sh'
[2.574s] [34mcolcon.colcon_core.environment[0m [1;30mLevel 1[0m checking '/home/duy/cocarry_ws/install/hc10dtp_simulation/lib'
[2.574s] [34mcolcon.colcon_core.environment[0m [1;30mLevel 1[0m checking '/home/duy/cocarry_ws/install/hc10dtp_simulation/bin'
[2.574s] [34mcolcon.colcon_core.environment[0m [1;30mLevel 1[0m checking '/home/duy/cocarry_ws/install/hc10dtp_simulation/lib/pkgconfig/hc10dtp_simulation.pc'
[2.574s] [34mcolcon.colcon_core.environment[0m [1;30mLevel 1[0m checking '/home/duy/cocarry_ws/install/hc10dtp_simulation/lib/python3.10/site-packages'
[2.575s] [34mcolcon.colcon_core.environment[0m [1;30mLevel 1[0m checking '/home/duy/cocarry_ws/install/hc10dtp_simulation/bin'
[2.575s] [34mcolcon.colcon_core.shell[0m [1;30mINFO[0m Creating package script '/home/duy/cocarry_ws/install/hc10dtp_simulation/share/hc10dtp_simulation/package.ps1'
[2.576s] [34mcolcon.colcon_core.shell[0m [1;30mINFO[0m Creating package descriptor '/home/duy/cocarry_ws/install/hc10dtp_simulation/share/hc10dtp_simulation/package.dsv'
[2.577s] [34mcolcon.colcon_core.shell[0m [1;30mINFO[0m Creating package script '/home/duy/cocarry_ws/install/hc10dtp_simulation/share/hc10dtp_simulation/package.sh'
[2.577s] [34mcolcon.colcon_core.shell[0m [1;30mINFO[0m Creating package script '/home/duy/cocarry_ws/install/hc10dtp_simulation/share/hc10dtp_simulation/package.bash'
[2.578s] [34mcolcon.colcon_core.shell[0m [1;30mINFO[0m Creating package script '/home/duy/cocarry_ws/install/hc10dtp_simulation/share/hc10dtp_simulation/package.zsh'
[2.578s] [34mcolcon.colcon_core.environment[0m [1;30mLevel 1[0m create_file_with_runtime_dependencies(/home/duy/cocarry_ws/install/hc10dtp_simulation/share/colcon-core/packages/hc10dtp_simulation)
[2.579s] [34mcolcon.colcon_core.environment[0m [1;30mLevel 1[0m create_environment_scripts_only(hc10dtp_simulation)
[2.579s] [34mcolcon.colcon_core.environment[0m [1;30mLevel 1[0m checking '/home/duy/cocarry_ws/install/hc10dtp_simulation' for CMake module files
[2.579s] [34mcolcon.colcon_core.environment[0m [1;30mLevel 1[0m checking '/home/duy/cocarry_ws/install/hc10dtp_simulation' for CMake config files
[2.579s] [34mcolcon.colcon_core.shell[0m [1;30mLevel 1[0m create_environment_hook('hc10dtp_simulation', 'cmake_prefix_path')
[2.580s] [34mcolcon.colcon_core.shell[0m [1;30mINFO[0m Creating environment hook '/home/duy/cocarry_ws/install/hc10dtp_simulation/share/hc10dtp_simulation/hook/cmake_prefix_path.ps1'
[2.580s] [34mcolcon.colcon_core.shell[0m [1;30mINFO[0m Creating environment descriptor '/home/duy/cocarry_ws/install/hc10dtp_simulation/share/hc10dtp_simulation/hook/cmake_prefix_path.dsv'
[2.580s] [34mcolcon.colcon_core.shell[0m [1;30mINFO[0m Creating environment hook '/home/duy/cocarry_ws/install/hc10dtp_simulation/share/hc10dtp_simulation/hook/cmake_prefix_path.sh'
[2.581s] [34mcolcon.colcon_core.environment[0m [1;30mLevel 1[0m checking '/home/duy/cocarry_ws/install/hc10dtp_simulation/lib'
[2.581s] [34mcolcon.colcon_core.environment[0m [1;30mLevel 1[0m checking '/home/duy/cocarry_ws/install/hc10dtp_simulation/bin'
[2.581s] [34mcolcon.colcon_core.environment[0m [1;30mLevel 1[0m checking '/home/duy/cocarry_ws/install/hc10dtp_simulation/lib/pkgconfig/hc10dtp_simulation.pc'
[2.581s] [34mcolcon.colcon_core.environment[0m [1;30mLevel 1[0m checking '/home/duy/cocarry_ws/install/hc10dtp_simulation/lib/python3.10/site-packages'
[2.581s] [34mcolcon.colcon_core.environment[0m [1;30mLevel 1[0m checking '/home/duy/cocarry_ws/install/hc10dtp_simulation/bin'
[2.582s] [34mcolcon.colcon_core.shell[0m [1;30mINFO[0m Creating package script '/home/duy/cocarry_ws/install/hc10dtp_simulation/share/hc10dtp_simulation/package.ps1'
[2.582s] [34mcolcon.colcon_core.shell[0m [1;30mINFO[0m Creating package descriptor '/home/duy/cocarry_ws/install/hc10dtp_simulation/share/hc10dtp_simulation/package.dsv'
[2.583s] [34mcolcon.colcon_core.shell[0m [1;30mINFO[0m Creating package script '/home/duy/cocarry_ws/install/hc10dtp_simulation/share/hc10dtp_simulation/package.sh'
[2.583s] [34mcolcon.colcon_core.shell[0m [1;30mINFO[0m Creating package script '/home/duy/cocarry_ws/install/hc10dtp_simulation/share/hc10dtp_simulation/package.bash'
[2.583s] [34mcolcon.colcon_core.shell[0m [1;30mINFO[0m Creating package script '/home/duy/cocarry_ws/install/hc10dtp_simulation/share/hc10dtp_simulation/package.zsh'
[2.584s] [34mcolcon.colcon_core.environment[0m [1;30mLevel 1[0m create_file_with_runtime_dependencies(/home/duy/cocarry_ws/install/hc10dtp_simulation/share/colcon-core/packages/hc10dtp_simulation)
[2.692s] [34mcolcon.colcon_core.event_handler.log_command[0m [1;30mDEBUG[0m [32mInvoking command in '/home/duy/cocarry_ws/src/realsense_tracker': CMAKE_PREFIX_PATH=/home/duy/cocarry_ws/install/human_hand_msgs:/home/duy/cocarry_ws/install/hrc_bringup:/home/duy/cocarry_ws/install/trac_ik:/home/duy/cocarry_ws/install/trac_ik_kinematics:/home/duy/cocarry_ws/install/trac_ik_lib:/home/duy/cocarry_ws/install/motoros2_client_interface_dependencies:/home/duy/cocarry_ws/install/hc10dtp_simulation:/home/duy/cocarry_ws/install/motoros2_interfaces:/home/duy/cocarry_ws/install/hc10dtp_bringup:/home/duy/cocarry_ws/install/hc10dtp_moveit_config:/home/duy/cocarry_ws/install/motoman_hc10dtp_support:/home/duy/cocarry_ws/install/motoman_gp4_support:/home/duy/cocarry_ws/install/motoman_resources:/home/duy/cocarry_ws/install/libfreenect2:/home/duy/cocarry_ws/install/kinect2_calibration:/home/duy/cocarry_ws/install/kinect2_bridge:/home/duy/cocarry_ws/install/kinect2_registration:/home/duy/cocarry_ws/install/industrial_msgs LD_LIBRARY_PATH=/home/duy/cocarry_ws/install/human_hand_msgs/lib:/home/duy/cocarry_ws/install/trac_ik_kinematics/lib:/home/duy/cocarry_ws/install/trac_ik_lib/lib:/home/duy/cocarry_ws/install/motoros2_interfaces/lib:/home/duy/cocarry_ws/install/libfreenect2/lib:/home/duy/cocarry_ws/install/kinect2_registration/lib:/home/duy/cocarry_ws/install/industrial_msgs/lib:/usr/local/lib/nuitrack:/usr/lib/x86_64-linux-gnu/gazebo-11/plugins:/opt/ros/humble/opt/rviz_ogre_vendor/lib:/opt/ros/humble/lib/x86_64-linux-gnu:/opt/ros/humble/lib:/usr/local/lib/nuitrack PYTHONPATH=/home/duy/cocarry_ws/build/realsense_tracker/prefix_override:/usr/lib/python3/dist-packages/colcon_core/task/python/colcon_distutils_commands:/home/duy/cocarry_ws/install/realsense_tracker/lib/python3.10/site-packages:/home/duy/cocarry_ws/install/human_hand_msgs/local/lib/python3.10/dist-packages:/home/duy/cocarry_ws/install/trajectory_predictor/lib/python3.10/site-packages:/home/duy/cocarry_ws/install/rula_tracker/lib/python3.10/site-packages:/home/duy/cocarry_ws/install/realsense_tracker/lib/python3.10/site-packages:/home/duy/cocarry_ws/install/predictor_ui/lib/python3.10/site-packages:/home/duy/cocarry_ws/install/motoros2_interfaces/local/lib/python3.10/dist-packages:/home/duy/cocarry_ws/install/industrial_msgs/local/lib/python3.10/dist-packages:/home/duy/cocarry_ws/install/experiment_logger/lib/python3.10/site-packages:/home/duy/cocarry_ws/install/coord_transform/lib/python3.10/site-packages:/opt/ros/humble/lib/python3.10/site-packages:/opt/ros/humble/local/lib/python3.10/dist-packages /usr/bin/python3 -W ignore:setup.py install is deprecated -W ignore:easy_install command is deprecated setup.py egg_info --egg-base ../../build/realsense_tracker build --build-base /home/duy/cocarry_ws/build/realsense_tracker/build install --record /home/duy/cocarry_ws/build/realsense_tracker/install.log --single-version-externally-managed install_data[0m
[2.701s] [34mcolcon.colcon_core.event_handler.log_command[0m [1;30mDEBUG[0m [32mInvoking command in '/home/duy/cocarry_ws/src/experiment_logger': CMAKE_PREFIX_PATH=/home/duy/cocarry_ws/install/human_hand_msgs:/home/duy/cocarry_ws/install/hrc_bringup:/home/duy/cocarry_ws/install/trac_ik:/home/duy/cocarry_ws/install/trac_ik_kinematics:/home/duy/cocarry_ws/install/trac_ik_lib:/home/duy/cocarry_ws/install/motoros2_client_interface_dependencies:/home/duy/cocarry_ws/install/hc10dtp_simulation:/home/duy/cocarry_ws/install/motoros2_interfaces:/home/duy/cocarry_ws/install/hc10dtp_bringup:/home/duy/cocarry_ws/install/hc10dtp_moveit_config:/home/duy/cocarry_ws/install/motoman_hc10dtp_support:/home/duy/cocarry_ws/install/motoman_gp4_support:/home/duy/cocarry_ws/install/motoman_resources:/home/duy/cocarry_ws/install/libfreenect2:/home/duy/cocarry_ws/install/kinect2_calibration:/home/duy/cocarry_ws/install/kinect2_bridge:/home/duy/cocarry_ws/install/kinect2_registration:/home/duy/cocarry_ws/install/industrial_msgs LD_LIBRARY_PATH=/home/duy/cocarry_ws/install/human_hand_msgs/lib:/home/duy/cocarry_ws/install/trac_ik_kinematics/lib:/home/duy/cocarry_ws/install/trac_ik_lib/lib:/home/duy/cocarry_ws/install/motoros2_interfaces/lib:/home/duy/cocarry_ws/install/libfreenect2/lib:/home/duy/cocarry_ws/install/kinect2_registration/lib:/home/duy/cocarry_ws/install/industrial_msgs/lib:/usr/local/lib/nuitrack:/usr/lib/x86_64-linux-gnu/gazebo-11/plugins:/opt/ros/humble/opt/rviz_ogre_vendor/lib:/opt/ros/humble/lib/x86_64-linux-gnu:/opt/ros/humble/lib:/usr/local/lib/nuitrack PYTHONPATH=/home/duy/cocarry_ws/build/experiment_logger/prefix_override:/usr/lib/python3/dist-packages/colcon_core/task/python/colcon_distutils_commands:/home/duy/cocarry_ws/install/experiment_logger/lib/python3.10/site-packages:/home/duy/cocarry_ws/install/human_hand_msgs/local/lib/python3.10/dist-packages:/home/duy/cocarry_ws/install/trajectory_predictor/lib/python3.10/site-packages:/home/duy/cocarry_ws/install/rula_tracker/lib/python3.10/site-packages:/home/duy/cocarry_ws/install/realsense_tracker/lib/python3.10/site-packages:/home/duy/cocarry_ws/install/predictor_ui/lib/python3.10/site-packages:/home/duy/cocarry_ws/install/motoros2_interfaces/local/lib/python3.10/dist-packages:/home/duy/cocarry_ws/install/industrial_msgs/local/lib/python3.10/dist-packages:/home/duy/cocarry_ws/install/experiment_logger/lib/python3.10/site-packages:/home/duy/cocarry_ws/install/coord_transform/lib/python3.10/site-packages:/opt/ros/humble/lib/python3.10/site-packages:/opt/ros/humble/local/lib/python3.10/dist-packages /usr/bin/python3 -W ignore:setup.py install is deprecated -W ignore:easy_install command is deprecated setup.py egg_info --egg-base ../../build/experiment_logger build --build-base /home/duy/cocarry_ws/build/experiment_logger/build install --record /home/duy/cocarry_ws/build/experiment_logger/install.log --single-version-externally-managed install_data[0m
[2.730s] [34mcolcon.colcon_core.event_handler.log_command[0m [1;30mDEBUG[0m [32mInvoking command in '/home/duy/cocarry_ws/src/coord_transform': CMAKE_PREFIX_PATH=/home/duy/cocarry_ws/install/human_hand_msgs:/home/duy/cocarry_ws/install/hrc_bringup:/home/duy/cocarry_ws/install/trac_ik:/home/duy/cocarry_ws/install/trac_ik_kinematics:/home/duy/cocarry_ws/install/trac_ik_lib:/home/duy/cocarry_ws/install/motoros2_client_interface_dependencies:/home/duy/cocarry_ws/install/hc10dtp_simulation:/home/duy/cocarry_ws/install/motoros2_interfaces:/home/duy/cocarry_ws/install/hc10dtp_bringup:/home/duy/cocarry_ws/install/hc10dtp_moveit_config:/home/duy/cocarry_ws/install/motoman_hc10dtp_support:/home/duy/cocarry_ws/install/motoman_gp4_support:/home/duy/cocarry_ws/install/motoman_resources:/home/duy/cocarry_ws/install/libfreenect2:/home/duy/cocarry_ws/install/kinect2_calibration:/home/duy/cocarry_ws/install/kinect2_bridge:/home/duy/cocarry_ws/install/kinect2_registration:/home/duy/cocarry_ws/install/industrial_msgs LD_LIBRARY_PATH=/home/duy/cocarry_ws/install/human_hand_msgs/lib:/home/duy/cocarry_ws/install/trac_ik_kinematics/lib:/home/duy/cocarry_ws/install/trac_ik_lib/lib:/home/duy/cocarry_ws/install/motoros2_interfaces/lib:/home/duy/cocarry_ws/install/libfreenect2/lib:/home/duy/cocarry_ws/install/kinect2_registration/lib:/home/duy/cocarry_ws/install/industrial_msgs/lib:/usr/local/lib/nuitrack:/usr/lib/x86_64-linux-gnu/gazebo-11/plugins:/opt/ros/humble/opt/rviz_ogre_vendor/lib:/opt/ros/humble/lib/x86_64-linux-gnu:/opt/ros/humble/lib:/usr/local/lib/nuitrack PYTHONPATH=/home/duy/cocarry_ws/build/coord_transform/prefix_override:/usr/lib/python3/dist-packages/colcon_core/task/python/colcon_distutils_commands:/home/duy/cocarry_ws/install/coord_transform/lib/python3.10/site-packages:/home/duy/cocarry_ws/install/human_hand_msgs/local/lib/python3.10/dist-packages:/home/duy/cocarry_ws/install/trajectory_predictor/lib/python3.10/site-packages:/home/duy/cocarry_ws/install/rula_tracker/lib/python3.10/site-packages:/home/duy/cocarry_ws/install/realsense_tracker/lib/python3.10/site-packages:/home/duy/cocarry_ws/install/predictor_ui/lib/python3.10/site-packages:/home/duy/cocarry_ws/install/motoros2_interfaces/local/lib/python3.10/dist-packages:/home/duy/cocarry_ws/install/industrial_msgs/local/lib/python3.10/dist-packages:/home/duy/cocarry_ws/install/experiment_logger/lib/python3.10/site-packages:/home/duy/cocarry_ws/install/coord_transform/lib/python3.10/site-packages:/opt/ros/humble/lib/python3.10/site-packages:/opt/ros/humble/local/lib/python3.10/dist-packages /usr/bin/python3 -W ignore:setup.py install is deprecated -W ignore:easy_install command is deprecated setup.py egg_info --egg-base ../../build/coord_transform build --build-base /home/duy/cocarry_ws/build/coord_transform/build install --record /home/duy/cocarry_ws/build/coord_transform/install.log --single-version-externally-managed install_data[0m
[2.732s] [34mcolcon.colcon_core.environment[0m [1;30mLevel 1[0m checking '/home/duy/cocarry_ws/install/rula_tracker' for CMake module files
[2.733s] [34mcolcon.colcon_core.event_handler.log_command[0m [1;30mDEBUG[0m [32mInvoked command in '/home/duy/cocarry_ws/src/rula_tracker' returned '0': PYTHONPATH=/home/duy/cocarry_ws/build/rula_tracker/prefix_override:/usr/lib/python3/dist-packages/colcon_core/task/python/colcon_distutils_commands:/home/duy/cocarry_ws/install/rula_tracker/lib/python3.10/site-packages:${PYTHONPATH} /usr/bin/python3 -W ignore:setup.py install is deprecated -W ignore:easy_install command is deprecated setup.py egg_info --egg-base ../../build/rula_tracker build --build-base /home/duy/cocarry_ws/build/rula_tracker/build install --record /home/duy/cocarry_ws/build/rula_tracker/install.log --single-version-externally-managed install_data[0m
[2.733s] [34mcolcon.colcon_core.environment[0m [1;30mLevel 1[0m checking '/home/duy/cocarry_ws/install/rula_tracker' for CMake config files
[2.734s] [34mcolcon.colcon_core.environment[0m [1;30mLevel 1[0m checking '/home/duy/cocarry_ws/install/rula_tracker/lib'
[2.734s] [34mcolcon.colcon_core.environment[0m [1;30mLevel 1[0m checking '/home/duy/cocarry_ws/install/rula_tracker/bin'
[2.734s] [34mcolcon.colcon_core.environment[0m [1;30mLevel 1[0m checking '/home/duy/cocarry_ws/install/rula_tracker/lib/pkgconfig/rula_tracker.pc'
[2.734s] [34mcolcon.colcon_core.environment[0m [1;30mLevel 1[0m checking '/home/duy/cocarry_ws/install/rula_tracker/lib/python3.10/site-packages'
[2.734s] [34mcolcon.colcon_core.shell[0m [1;30mLevel 1[0m create_environment_hook('rula_tracker', 'pythonpath')
[2.735s] [34mcolcon.colcon_core.shell[0m [1;30mINFO[0m Creating environment hook '/home/duy/cocarry_ws/install/rula_tracker/share/rula_tracker/hook/pythonpath.ps1'
[2.735s] [34mcolcon.colcon_core.shell[0m [1;30mINFO[0m Creating environment descriptor '/home/duy/cocarry_ws/install/rula_tracker/share/rula_tracker/hook/pythonpath.dsv'
[2.735s] [34mcolcon.colcon_core.shell[0m [1;30mINFO[0m Creating environment hook '/home/duy/cocarry_ws/install/rula_tracker/share/rula_tracker/hook/pythonpath.sh'
[2.736s] [34mcolcon.colcon_core.environment[0m [1;30mLevel 1[0m checking '/home/duy/cocarry_ws/install/rula_tracker/bin'
[2.736s] [34mcolcon.colcon_core.environment[0m [1;30mLevel 1[0m create_environment_scripts_only(rula_tracker)
[2.736s] [34mcolcon.colcon_core.shell[0m [1;30mINFO[0m Creating package script '/home/duy/cocarry_ws/install/rula_tracker/share/rula_tracker/package.ps1'
[2.737s] [34mcolcon.colcon_core.shell[0m [1;30mINFO[0m Creating package descriptor '/home/duy/cocarry_ws/install/rula_tracker/share/rula_tracker/package.dsv'
[2.737s] [34mcolcon.colcon_core.shell[0m [1;30mINFO[0m Creating package script '/home/duy/cocarry_ws/install/rula_tracker/share/rula_tracker/package.sh'
[2.738s] [34mcolcon.colcon_core.shell[0m [1;30mINFO[0m Creating package script '/home/duy/cocarry_ws/install/rula_tracker/share/rula_tracker/package.bash'
[2.738s] [34mcolcon.colcon_core.shell[0m [1;30mINFO[0m Creating package script '/home/duy/cocarry_ws/install/rula_tracker/share/rula_tracker/package.zsh'
[2.738s] [34mcolcon.colcon_core.environment[0m [1;30mLevel 1[0m create_file_with_runtime_dependencies(/home/duy/cocarry_ws/install/rula_tracker/share/colcon-core/packages/rula_tracker)
[2.893s] [34mcolcon.colcon_core.event_handler.log_command[0m [1;30mDEBUG[0m [32mInvoking command in '/home/duy/cocarry_ws/src/predictor_ui': CMAKE_PREFIX_PATH=/home/duy/cocarry_ws/install/human_hand_msgs:/home/duy/cocarry_ws/install/hrc_bringup:/home/duy/cocarry_ws/install/trac_ik:/home/duy/cocarry_ws/install/trac_ik_kinematics:/home/duy/cocarry_ws/install/trac_ik_lib:/home/duy/cocarry_ws/install/motoros2_client_interface_dependencies:/home/duy/cocarry_ws/install/hc10dtp_simulation:/home/duy/cocarry_ws/install/motoros2_interfaces:/home/duy/cocarry_ws/install/hc10dtp_bringup:/home/duy/cocarry_ws/install/hc10dtp_moveit_config:/home/duy/cocarry_ws/install/motoman_hc10dtp_support:/home/duy/cocarry_ws/install/motoman_gp4_support:/home/duy/cocarry_ws/install/motoman_resources:/home/duy/cocarry_ws/install/libfreenect2:/home/duy/cocarry_ws/install/kinect2_calibration:/home/duy/cocarry_ws/install/kinect2_bridge:/home/duy/cocarry_ws/install/kinect2_registration:/home/duy/cocarry_ws/install/industrial_msgs LD_LIBRARY_PATH=/home/duy/cocarry_ws/install/human_hand_msgs/lib:/home/duy/cocarry_ws/install/trac_ik_kinematics/lib:/home/duy/cocarry_ws/install/trac_ik_lib/lib:/home/duy/cocarry_ws/install/motoros2_interfaces/lib:/home/duy/cocarry_ws/install/libfreenect2/lib:/home/duy/cocarry_ws/install/kinect2_registration/lib:/home/duy/cocarry_ws/install/industrial_msgs/lib:/usr/local/lib/nuitrack:/usr/lib/x86_64-linux-gnu/gazebo-11/plugins:/opt/ros/humble/opt/rviz_ogre_vendor/lib:/opt/ros/humble/lib/x86_64-linux-gnu:/opt/ros/humble/lib:/usr/local/lib/nuitrack PYTHONPATH=/home/duy/cocarry_ws/build/predictor_ui/prefix_override:/usr/lib/python3/dist-packages/colcon_core/task/python/colcon_distutils_commands:/home/duy/cocarry_ws/install/predictor_ui/lib/python3.10/site-packages:/home/duy/cocarry_ws/install/human_hand_msgs/local/lib/python3.10/dist-packages:/home/duy/cocarry_ws/install/trajectory_predictor/lib/python3.10/site-packages:/home/duy/cocarry_ws/install/rula_tracker/lib/python3.10/site-packages:/home/duy/cocarry_ws/install/realsense_tracker/lib/python3.10/site-packages:/home/duy/cocarry_ws/install/predictor_ui/lib/python3.10/site-packages:/home/duy/cocarry_ws/install/motoros2_interfaces/local/lib/python3.10/dist-packages:/home/duy/cocarry_ws/install/industrial_msgs/local/lib/python3.10/dist-packages:/home/duy/cocarry_ws/install/experiment_logger/lib/python3.10/site-packages:/home/duy/cocarry_ws/install/coord_transform/lib/python3.10/site-packages:/opt/ros/humble/lib/python3.10/site-packages:/opt/ros/humble/local/lib/python3.10/dist-packages /usr/bin/python3 -W ignore:setup.py install is deprecated -W ignore:easy_install command is deprecated setup.py egg_info --egg-base ../../build/predictor_ui build --build-base /home/duy/cocarry_ws/build/predictor_ui/build install --record /home/duy/cocarry_ws/build/predictor_ui/install.log --single-version-externally-managed install_data[0m
[2.898s] [34mcolcon.colcon_core.event_handler.log_command[0m [1;30mDEBUG[0m [32mInvoking command in '/home/duy/cocarry_ws/src/trajectory_predictor': CMAKE_PREFIX_PATH=/home/duy/cocarry_ws/install/human_hand_msgs:/home/duy/cocarry_ws/install/hrc_bringup:/home/duy/cocarry_ws/install/trac_ik:/home/duy/cocarry_ws/install/trac_ik_kinematics:/home/duy/cocarry_ws/install/trac_ik_lib:/home/duy/cocarry_ws/install/motoros2_client_interface_dependencies:/home/duy/cocarry_ws/install/hc10dtp_simulation:/home/duy/cocarry_ws/install/motoros2_interfaces:/home/duy/cocarry_ws/install/hc10dtp_bringup:/home/duy/cocarry_ws/install/hc10dtp_moveit_config:/home/duy/cocarry_ws/install/motoman_hc10dtp_support:/home/duy/cocarry_ws/install/motoman_gp4_support:/home/duy/cocarry_ws/install/motoman_resources:/home/duy/cocarry_ws/install/libfreenect2:/home/duy/cocarry_ws/install/kinect2_calibration:/home/duy/cocarry_ws/install/kinect2_bridge:/home/duy/cocarry_ws/install/kinect2_registration:/home/duy/cocarry_ws/install/industrial_msgs LD_LIBRARY_PATH=/home/duy/cocarry_ws/install/human_hand_msgs/lib:/home/duy/cocarry_ws/install/trac_ik_kinematics/lib:/home/duy/cocarry_ws/install/trac_ik_lib/lib:/home/duy/cocarry_ws/install/motoros2_interfaces/lib:/home/duy/cocarry_ws/install/libfreenect2/lib:/home/duy/cocarry_ws/install/kinect2_registration/lib:/home/duy/cocarry_ws/install/industrial_msgs/lib:/usr/local/lib/nuitrack:/usr/lib/x86_64-linux-gnu/gazebo-11/plugins:/opt/ros/humble/opt/rviz_ogre_vendor/lib:/opt/ros/humble/lib/x86_64-linux-gnu:/opt/ros/humble/lib:/usr/local/lib/nuitrack PYTHONPATH=/home/duy/cocarry_ws/build/trajectory_predictor/prefix_override:/usr/lib/python3/dist-packages/colcon_core/task/python/colcon_distutils_commands:/home/duy/cocarry_ws/install/trajectory_predictor/lib/python3.10/site-packages:/home/duy/cocarry_ws/install/human_hand_msgs/local/lib/python3.10/dist-packages:/home/duy/cocarry_ws/install/trajectory_predictor/lib/python3.10/site-packages:/home/duy/cocarry_ws/install/rula_tracker/lib/python3.10/site-packages:/home/duy/cocarry_ws/install/realsense_tracker/lib/python3.10/site-packages:/home/duy/cocarry_ws/install/predictor_ui/lib/python3.10/site-packages:/home/duy/cocarry_ws/install/motoros2_interfaces/local/lib/python3.10/dist-packages:/home/duy/cocarry_ws/install/industrial_msgs/local/lib/python3.10/dist-packages:/home/duy/cocarry_ws/install/experiment_logger/lib/python3.10/site-packages:/home/duy/cocarry_ws/install/coord_transform/lib/python3.10/site-packages:/opt/ros/humble/lib/python3.10/site-packages:/opt/ros/humble/local/lib/python3.10/dist-packages /usr/bin/python3 -W ignore:setup.py install is deprecated -W ignore:easy_install command is deprecated setup.py egg_info --egg-base ../../build/trajectory_predictor build --build-base /home/duy/cocarry_ws/build/trajectory_predictor/build install --record /home/duy/cocarry_ws/build/trajectory_predictor/install.log --single-version-externally-managed install_data[0m
[2.997s] [34mcolcon.colcon_core.environment[0m [1;30mLevel 1[0m checking '/home/duy/cocarry_ws/install/realsense_tracker' for CMake module files
[2.998s] [34mcolcon.colcon_core.event_handler.log_command[0m [1;30mDEBUG[0m [32mInvoked command in '/home/duy/cocarry_ws/src/realsense_tracker' returned '0': CMAKE_PREFIX_PATH=/home/duy/cocarry_ws/install/human_hand_msgs:/home/duy/cocarry_ws/install/hrc_bringup:/home/duy/cocarry_ws/install/trac_ik:/home/duy/cocarry_ws/install/trac_ik_kinematics:/home/duy/cocarry_ws/install/trac_ik_lib:/home/duy/cocarry_ws/install/motoros2_client_interface_dependencies:/home/duy/cocarry_ws/install/hc10dtp_simulation:/home/duy/cocarry_ws/install/motoros2_interfaces:/home/duy/cocarry_ws/install/hc10dtp_bringup:/home/duy/cocarry_ws/install/hc10dtp_moveit_config:/home/duy/cocarry_ws/install/motoman_hc10dtp_support:/home/duy/cocarry_ws/install/motoman_gp4_support:/home/duy/cocarry_ws/install/motoman_resources:/home/duy/cocarry_ws/install/libfreenect2:/home/duy/cocarry_ws/install/kinect2_calibration:/home/duy/cocarry_ws/install/kinect2_bridge:/home/duy/cocarry_ws/install/kinect2_registration:/home/duy/cocarry_ws/install/industrial_msgs LD_LIBRARY_PATH=/home/duy/cocarry_ws/install/human_hand_msgs/lib:/home/duy/cocarry_ws/install/trac_ik_kinematics/lib:/home/duy/cocarry_ws/install/trac_ik_lib/lib:/home/duy/cocarry_ws/install/motoros2_interfaces/lib:/home/duy/cocarry_ws/install/libfreenect2/lib:/home/duy/cocarry_ws/install/kinect2_registration/lib:/home/duy/cocarry_ws/install/industrial_msgs/lib:/usr/local/lib/nuitrack:/usr/lib/x86_64-linux-gnu/gazebo-11/plugins:/opt/ros/humble/opt/rviz_ogre_vendor/lib:/opt/ros/humble/lib/x86_64-linux-gnu:/opt/ros/humble/lib:/usr/local/lib/nuitrack PYTHONPATH=/home/duy/cocarry_ws/build/realsense_tracker/prefix_override:/usr/lib/python3/dist-packages/colcon_core/task/python/colcon_distutils_commands:/home/duy/cocarry_ws/install/realsense_tracker/lib/python3.10/site-packages:/home/duy/cocarry_ws/install/human_hand_msgs/local/lib/python3.10/dist-packages:/home/duy/cocarry_ws/install/trajectory_predictor/lib/python3.10/site-packages:/home/duy/cocarry_ws/install/rula_tracker/lib/python3.10/site-packages:/home/duy/cocarry_ws/install/realsense_tracker/lib/python3.10/site-packages:/home/duy/cocarry_ws/install/predictor_ui/lib/python3.10/site-packages:/home/duy/cocarry_ws/install/motoros2_interfaces/local/lib/python3.10/dist-packages:/home/duy/cocarry_ws/install/industrial_msgs/local/lib/python3.10/dist-packages:/home/duy/cocarry_ws/install/experiment_logger/lib/python3.10/site-packages:/home/duy/cocarry_ws/install/coord_transform/lib/python3.10/site-packages:/opt/ros/humble/lib/python3.10/site-packages:/opt/ros/humble/local/lib/python3.10/dist-packages /usr/bin/python3 -W ignore:setup.py install is deprecated -W ignore:easy_install command is deprecated setup.py egg_info --egg-base ../../build/realsense_tracker build --build-base /home/duy/cocarry_ws/build/realsense_tracker/build install --record /home/duy/cocarry_ws/build/realsense_tracker/install.log --single-version-externally-managed install_data[0m
[2.998s] [34mcolcon.colcon_core.environment[0m [1;30mLevel 1[0m checking '/home/duy/cocarry_ws/install/realsense_tracker' for CMake config files
[2.999s] [34mcolcon.colcon_core.environment[0m [1;30mLevel 1[0m checking '/home/duy/cocarry_ws/install/realsense_tracker/lib'
[2.999s] [34mcolcon.colcon_core.environment[0m [1;30mLevel 1[0m checking '/home/duy/cocarry_ws/install/realsense_tracker/bin'
[2.999s] [34mcolcon.colcon_core.environment[0m [1;30mLevel 1[0m checking '/home/duy/cocarry_ws/install/realsense_tracker/lib/pkgconfig/realsense_tracker.pc'
[2.999s] [34mcolcon.colcon_core.environment[0m [1;30mLevel 1[0m checking '/home/duy/cocarry_ws/install/realsense_tracker/lib/python3.10/site-packages'
[2.999s] [34mcolcon.colcon_core.shell[0m [1;30mLevel 1[0m create_environment_hook('realsense_tracker', 'pythonpath')
[2.999s] [34mcolcon.colcon_core.shell[0m [1;30mINFO[0m Creating environment hook '/home/duy/cocarry_ws/install/realsense_tracker/share/realsense_tracker/hook/pythonpath.ps1'
[3.000s] [34mcolcon.colcon_core.shell[0m [1;30mINFO[0m Creating environment descriptor '/home/duy/cocarry_ws/install/realsense_tracker/share/realsense_tracker/hook/pythonpath.dsv'
[3.001s] [34mcolcon.colcon_core.shell[0m [1;30mINFO[0m Creating environment hook '/home/duy/cocarry_ws/install/realsense_tracker/share/realsense_tracker/hook/pythonpath.sh'
[3.002s] [34mcolcon.colcon_core.environment[0m [1;30mLevel 1[0m checking '/home/duy/cocarry_ws/install/realsense_tracker/bin'
[3.002s] [34mcolcon.colcon_core.environment[0m [1;30mLevel 1[0m create_environment_scripts_only(realsense_tracker)
[3.002s] [34mcolcon.colcon_core.shell[0m [1;30mINFO[0m Creating package script '/home/duy/cocarry_ws/install/realsense_tracker/share/realsense_tracker/package.ps1'
[3.003s] [34mcolcon.colcon_core.shell[0m [1;30mINFO[0m Creating package descriptor '/home/duy/cocarry_ws/install/realsense_tracker/share/realsense_tracker/package.dsv'
[3.004s] [34mcolcon.colcon_core.shell[0m [1;30mINFO[0m Creating package script '/home/duy/cocarry_ws/install/realsense_tracker/share/realsense_tracker/package.sh'
[3.004s] [34mcolcon.colcon_core.shell[0m [1;30mINFO[0m Creating package script '/home/duy/cocarry_ws/install/realsense_tracker/share/realsense_tracker/package.bash'
[3.005s] [34mcolcon.colcon_core.shell[0m [1;30mINFO[0m Creating package script '/home/duy/cocarry_ws/install/realsense_tracker/share/realsense_tracker/package.zsh'
[3.006s] [34mcolcon.colcon_core.environment[0m [1;30mLevel 1[0m create_file_with_runtime_dependencies(/home/duy/cocarry_ws/install/realsense_tracker/share/colcon-core/packages/realsense_tracker)
[3.025s] [34mcolcon.colcon_core.environment[0m [1;30mLevel 1[0m checking '/home/duy/cocarry_ws/install/coord_transform' for CMake module files
[3.025s] [34mcolcon.colcon_core.event_handler.log_command[0m [1;30mDEBUG[0m [32mInvoked command in '/home/duy/cocarry_ws/src/coord_transform' returned '0': CMAKE_PREFIX_PATH=/home/duy/cocarry_ws/install/human_hand_msgs:/home/duy/cocarry_ws/install/hrc_bringup:/home/duy/cocarry_ws/install/trac_ik:/home/duy/cocarry_ws/install/trac_ik_kinematics:/home/duy/cocarry_ws/install/trac_ik_lib:/home/duy/cocarry_ws/install/motoros2_client_interface_dependencies:/home/duy/cocarry_ws/install/hc10dtp_simulation:/home/duy/cocarry_ws/install/motoros2_interfaces:/home/duy/cocarry_ws/install/hc10dtp_bringup:/home/duy/cocarry_ws/install/hc10dtp_moveit_config:/home/duy/cocarry_ws/install/motoman_hc10dtp_support:/home/duy/cocarry_ws/install/motoman_gp4_support:/home/duy/cocarry_ws/install/motoman_resources:/home/duy/cocarry_ws/install/libfreenect2:/home/duy/cocarry_ws/install/kinect2_calibration:/home/duy/cocarry_ws/install/kinect2_bridge:/home/duy/cocarry_ws/install/kinect2_registration:/home/duy/cocarry_ws/install/industrial_msgs LD_LIBRARY_PATH=/home/duy/cocarry_ws/install/human_hand_msgs/lib:/home/duy/cocarry_ws/install/trac_ik_kinematics/lib:/home/duy/cocarry_ws/install/trac_ik_lib/lib:/home/duy/cocarry_ws/install/motoros2_interfaces/lib:/home/duy/cocarry_ws/install/libfreenect2/lib:/home/duy/cocarry_ws/install/kinect2_registration/lib:/home/duy/cocarry_ws/install/industrial_msgs/lib:/usr/local/lib/nuitrack:/usr/lib/x86_64-linux-gnu/gazebo-11/plugins:/opt/ros/humble/opt/rviz_ogre_vendor/lib:/opt/ros/humble/lib/x86_64-linux-gnu:/opt/ros/humble/lib:/usr/local/lib/nuitrack PYTHONPATH=/home/duy/cocarry_ws/build/coord_transform/prefix_override:/usr/lib/python3/dist-packages/colcon_core/task/python/colcon_distutils_commands:/home/duy/cocarry_ws/install/coord_transform/lib/python3.10/site-packages:/home/duy/cocarry_ws/install/human_hand_msgs/local/lib/python3.10/dist-packages:/home/duy/cocarry_ws/install/trajectory_predictor/lib/python3.10/site-packages:/home/duy/cocarry_ws/install/rula_tracker/lib/python3.10/site-packages:/home/duy/cocarry_ws/install/realsense_tracker/lib/python3.10/site-packages:/home/duy/cocarry_ws/install/predictor_ui/lib/python3.10/site-packages:/home/duy/cocarry_ws/install/motoros2_interfaces/local/lib/python3.10/dist-packages:/home/duy/cocarry_ws/install/industrial_msgs/local/lib/python3.10/dist-packages:/home/duy/cocarry_ws/install/experiment_logger/lib/python3.10/site-packages:/home/duy/cocarry_ws/install/coord_transform/lib/python3.10/site-packages:/opt/ros/humble/lib/python3.10/site-packages:/opt/ros/humble/local/lib/python3.10/dist-packages /usr/bin/python3 -W ignore:setup.py install is deprecated -W ignore:easy_install command is deprecated setup.py egg_info --egg-base ../../build/coord_transform build --build-base /home/duy/cocarry_ws/build/coord_transform/build install --record /home/duy/cocarry_ws/build/coord_transform/install.log --single-version-externally-managed install_data[0m
[3.026s] [34mcolcon.colcon_core.environment[0m [1;30mLevel 1[0m checking '/home/duy/cocarry_ws/install/coord_transform' for CMake config files
[3.027s] [34mcolcon.colcon_core.environment[0m [1;30mLevel 1[0m checking '/home/duy/cocarry_ws/install/coord_transform/lib'
[3.027s] [34mcolcon.colcon_core.environment[0m [1;30mLevel 1[0m checking '/home/duy/cocarry_ws/install/coord_transform/bin'
[3.027s] [34mcolcon.colcon_core.environment[0m [1;30mLevel 1[0m checking '/home/duy/cocarry_ws/install/coord_transform/lib/pkgconfig/coord_transform.pc'
[3.027s] [34mcolcon.colcon_core.environment[0m [1;30mLevel 1[0m checking '/home/duy/cocarry_ws/install/coord_transform/lib/python3.10/site-packages'
[3.027s] [34mcolcon.colcon_core.shell[0m [1;30mLevel 1[0m create_environment_hook('coord_transform', 'pythonpath')
[3.028s] [34mcolcon.colcon_core.shell[0m [1;30mINFO[0m Creating environment hook '/home/duy/cocarry_ws/install/coord_transform/share/coord_transform/hook/pythonpath.ps1'
[3.029s] [34mcolcon.colcon_core.shell[0m [1;30mINFO[0m Creating environment descriptor '/home/duy/cocarry_ws/install/coord_transform/share/coord_transform/hook/pythonpath.dsv'
[3.029s] [34mcolcon.colcon_core.shell[0m [1;30mINFO[0m Creating environment hook '/home/duy/cocarry_ws/install/coord_transform/share/coord_transform/hook/pythonpath.sh'
[3.030s] [34mcolcon.colcon_core.environment[0m [1;30mLevel 1[0m checking '/home/duy/cocarry_ws/install/coord_transform/bin'
[3.030s] [34mcolcon.colcon_core.environment[0m [1;30mLevel 1[0m create_environment_scripts_only(coord_transform)
[3.030s] [34mcolcon.colcon_core.shell[0m [1;30mINFO[0m Creating package script '/home/duy/cocarry_ws/install/coord_transform/share/coord_transform/package.ps1'
[3.031s] [34mcolcon.colcon_core.shell[0m [1;30mINFO[0m Creating package descriptor '/home/duy/cocarry_ws/install/coord_transform/share/coord_transform/package.dsv'
[3.031s] [34mcolcon.colcon_core.shell[0m [1;30mINFO[0m Creating package script '/home/duy/cocarry_ws/install/coord_transform/share/coord_transform/package.sh'
[3.031s] [34mcolcon.colcon_core.shell[0m [1;30mINFO[0m Creating package script '/home/duy/cocarry_ws/install/coord_transform/share/coord_transform/package.bash'
[3.032s] [34mcolcon.colcon_core.shell[0m [1;30mINFO[0m Creating package script '/home/duy/cocarry_ws/install/coord_transform/share/coord_transform/package.zsh'
[3.032s] [34mcolcon.colcon_core.environment[0m [1;30mLevel 1[0m create_file_with_runtime_dependencies(/home/duy/cocarry_ws/install/coord_transform/share/colcon-core/packages/coord_transform)
[3.082s] [34mcolcon.colcon_core.environment[0m [1;30mLevel 1[0m checking '/home/duy/cocarry_ws/install/experiment_logger' for CMake module files
[3.083s] [34mcolcon.colcon_core.event_handler.log_command[0m [1;30mDEBUG[0m [32mInvoked command in '/home/duy/cocarry_ws/src/experiment_logger' returned '0': CMAKE_PREFIX_PATH=/home/duy/cocarry_ws/install/human_hand_msgs:/home/duy/cocarry_ws/install/hrc_bringup:/home/duy/cocarry_ws/install/trac_ik:/home/duy/cocarry_ws/install/trac_ik_kinematics:/home/duy/cocarry_ws/install/trac_ik_lib:/home/duy/cocarry_ws/install/motoros2_client_interface_dependencies:/home/duy/cocarry_ws/install/hc10dtp_simulation:/home/duy/cocarry_ws/install/motoros2_interfaces:/home/duy/cocarry_ws/install/hc10dtp_bringup:/home/duy/cocarry_ws/install/hc10dtp_moveit_config:/home/duy/cocarry_ws/install/motoman_hc10dtp_support:/home/duy/cocarry_ws/install/motoman_gp4_support:/home/duy/cocarry_ws/install/motoman_resources:/home/duy/cocarry_ws/install/libfreenect2:/home/duy/cocarry_ws/install/kinect2_calibration:/home/duy/cocarry_ws/install/kinect2_bridge:/home/duy/cocarry_ws/install/kinect2_registration:/home/duy/cocarry_ws/install/industrial_msgs LD_LIBRARY_PATH=/home/duy/cocarry_ws/install/human_hand_msgs/lib:/home/duy/cocarry_ws/install/trac_ik_kinematics/lib:/home/duy/cocarry_ws/install/trac_ik_lib/lib:/home/duy/cocarry_ws/install/motoros2_interfaces/lib:/home/duy/cocarry_ws/install/libfreenect2/lib:/home/duy/cocarry_ws/install/kinect2_registration/lib:/home/duy/cocarry_ws/install/industrial_msgs/lib:/usr/local/lib/nuitrack:/usr/lib/x86_64-linux-gnu/gazebo-11/plugins:/opt/ros/humble/opt/rviz_ogre_vendor/lib:/opt/ros/humble/lib/x86_64-linux-gnu:/opt/ros/humble/lib:/usr/local/lib/nuitrack PYTHONPATH=/home/duy/cocarry_ws/build/experiment_logger/prefix_override:/usr/lib/python3/dist-packages/colcon_core/task/python/colcon_distutils_commands:/home/duy/cocarry_ws/install/experiment_logger/lib/python3.10/site-packages:/home/duy/cocarry_ws/install/human_hand_msgs/local/lib/python3.10/dist-packages:/home/duy/cocarry_ws/install/trajectory_predictor/lib/python3.10/site-packages:/home/duy/cocarry_ws/install/rula_tracker/lib/python3.10/site-packages:/home/duy/cocarry_ws/install/realsense_tracker/lib/python3.10/site-packages:/home/duy/cocarry_ws/install/predictor_ui/lib/python3.10/site-packages:/home/duy/cocarry_ws/install/motoros2_interfaces/local/lib/python3.10/dist-packages:/home/duy/cocarry_ws/install/industrial_msgs/local/lib/python3.10/dist-packages:/home/duy/cocarry_ws/install/experiment_logger/lib/python3.10/site-packages:/home/duy/cocarry_ws/install/coord_transform/lib/python3.10/site-packages:/opt/ros/humble/lib/python3.10/site-packages:/opt/ros/humble/local/lib/python3.10/dist-packages /usr/bin/python3 -W ignore:setup.py install is deprecated -W ignore:easy_install command is deprecated setup.py egg_info --egg-base ../../build/experiment_logger build --build-base /home/duy/cocarry_ws/build/experiment_logger/build install --record /home/duy/cocarry_ws/build/experiment_logger/install.log --single-version-externally-managed install_data[0m
[3.083s] [34mcolcon.colcon_core.environment[0m [1;30mLevel 1[0m checking '/home/duy/cocarry_ws/install/experiment_logger' for CMake config files
[3.084s] [34mcolcon.colcon_core.environment[0m [1;30mLevel 1[0m checking '/home/duy/cocarry_ws/install/experiment_logger/lib'
[3.084s] [34mcolcon.colcon_core.environment[0m [1;30mLevel 1[0m checking '/home/duy/cocarry_ws/install/experiment_logger/bin'
[3.084s] [34mcolcon.colcon_core.environment[0m [1;30mLevel 1[0m checking '/home/duy/cocarry_ws/install/experiment_logger/lib/pkgconfig/experiment_logger.pc'
[3.084s] [34mcolcon.colcon_core.environment[0m [1;30mLevel 1[0m checking '/home/duy/cocarry_ws/install/experiment_logger/lib/python3.10/site-packages'
[3.084s] [34mcolcon.colcon_core.shell[0m [1;30mLevel 1[0m create_environment_hook('experiment_logger', 'pythonpath')
[3.084s] [34mcolcon.colcon_core.shell[0m [1;30mINFO[0m Creating environment hook '/home/duy/cocarry_ws/install/experiment_logger/share/experiment_logger/hook/pythonpath.ps1'
[3.085s] [34mcolcon.colcon_core.shell[0m [1;30mINFO[0m Creating environment descriptor '/home/duy/cocarry_ws/install/experiment_logger/share/experiment_logger/hook/pythonpath.dsv'
[3.085s] [34mcolcon.colcon_core.shell[0m [1;30mINFO[0m Creating environment hook '/home/duy/cocarry_ws/install/experiment_logger/share/experiment_logger/hook/pythonpath.sh'
[3.085s] [34mcolcon.colcon_core.environment[0m [1;30mLevel 1[0m checking '/home/duy/cocarry_ws/install/experiment_logger/bin'
[3.086s] [34mcolcon.colcon_core.environment[0m [1;30mLevel 1[0m create_environment_scripts_only(experiment_logger)
[3.086s] [34mcolcon.colcon_core.shell[0m [1;30mINFO[0m Creating package script '/home/duy/cocarry_ws/install/experiment_logger/share/experiment_logger/package.ps1'
[3.086s] [34mcolcon.colcon_core.shell[0m [1;30mINFO[0m Creating package descriptor '/home/duy/cocarry_ws/install/experiment_logger/share/experiment_logger/package.dsv'
[3.087s] [34mcolcon.colcon_core.shell[0m [1;30mINFO[0m Creating package script '/home/duy/cocarry_ws/install/experiment_logger/share/experiment_logger/package.sh'
[3.087s] [34mcolcon.colcon_core.shell[0m [1;30mINFO[0m Creating package script '/home/duy/cocarry_ws/install/experiment_logger/share/experiment_logger/package.bash'
[3.087s] [34mcolcon.colcon_core.shell[0m [1;30mINFO[0m Creating package script '/home/duy/cocarry_ws/install/experiment_logger/share/experiment_logger/package.zsh'
[3.087s] [34mcolcon.colcon_core.environment[0m [1;30mLevel 1[0m create_file_with_runtime_dependencies(/home/duy/cocarry_ws/install/experiment_logger/share/colcon-core/packages/experiment_logger)
[3.170s] [34mcolcon.colcon_core.environment[0m [1;30mLevel 1[0m checking '/home/duy/cocarry_ws/install/trajectory_predictor' for CMake module files
[3.171s] [34mcolcon.colcon_core.event_handler.log_command[0m [1;30mDEBUG[0m [32mInvoked command in '/home/duy/cocarry_ws/src/trajectory_predictor' returned '0': CMAKE_PREFIX_PATH=/home/duy/cocarry_ws/install/human_hand_msgs:/home/duy/cocarry_ws/install/hrc_bringup:/home/duy/cocarry_ws/install/trac_ik:/home/duy/cocarry_ws/install/trac_ik_kinematics:/home/duy/cocarry_ws/install/trac_ik_lib:/home/duy/cocarry_ws/install/motoros2_client_interface_dependencies:/home/duy/cocarry_ws/install/hc10dtp_simulation:/home/duy/cocarry_ws/install/motoros2_interfaces:/home/duy/cocarry_ws/install/hc10dtp_bringup:/home/duy/cocarry_ws/install/hc10dtp_moveit_config:/home/duy/cocarry_ws/install/motoman_hc10dtp_support:/home/duy/cocarry_ws/install/motoman_gp4_support:/home/duy/cocarry_ws/install/motoman_resources:/home/duy/cocarry_ws/install/libfreenect2:/home/duy/cocarry_ws/install/kinect2_calibration:/home/duy/cocarry_ws/install/kinect2_bridge:/home/duy/cocarry_ws/install/kinect2_registration:/home/duy/cocarry_ws/install/industrial_msgs LD_LIBRARY_PATH=/home/duy/cocarry_ws/install/human_hand_msgs/lib:/home/duy/cocarry_ws/install/trac_ik_kinematics/lib:/home/duy/cocarry_ws/install/trac_ik_lib/lib:/home/duy/cocarry_ws/install/motoros2_interfaces/lib:/home/duy/cocarry_ws/install/libfreenect2/lib:/home/duy/cocarry_ws/install/kinect2_registration/lib:/home/duy/cocarry_ws/install/industrial_msgs/lib:/usr/local/lib/nuitrack:/usr/lib/x86_64-linux-gnu/gazebo-11/plugins:/opt/ros/humble/opt/rviz_ogre_vendor/lib:/opt/ros/humble/lib/x86_64-linux-gnu:/opt/ros/humble/lib:/usr/local/lib/nuitrack PYTHONPATH=/home/duy/cocarry_ws/build/trajectory_predictor/prefix_override:/usr/lib/python3/dist-packages/colcon_core/task/python/colcon_distutils_commands:/home/duy/cocarry_ws/install/trajectory_predictor/lib/python3.10/site-packages:/home/duy/cocarry_ws/install/human_hand_msgs/local/lib/python3.10/dist-packages:/home/duy/cocarry_ws/install/trajectory_predictor/lib/python3.10/site-packages:/home/duy/cocarry_ws/install/rula_tracker/lib/python3.10/site-packages:/home/duy/cocarry_ws/install/realsense_tracker/lib/python3.10/site-packages:/home/duy/cocarry_ws/install/predictor_ui/lib/python3.10/site-packages:/home/duy/cocarry_ws/install/motoros2_interfaces/local/lib/python3.10/dist-packages:/home/duy/cocarry_ws/install/industrial_msgs/local/lib/python3.10/dist-packages:/home/duy/cocarry_ws/install/experiment_logger/lib/python3.10/site-packages:/home/duy/cocarry_ws/install/coord_transform/lib/python3.10/site-packages:/opt/ros/humble/lib/python3.10/site-packages:/opt/ros/humble/local/lib/python3.10/dist-packages /usr/bin/python3 -W ignore:setup.py install is deprecated -W ignore:easy_install command is deprecated setup.py egg_info --egg-base ../../build/trajectory_predictor build --build-base /home/duy/cocarry_ws/build/trajectory_predictor/build install --record /home/duy/cocarry_ws/build/trajectory_predictor/install.log --single-version-externally-managed install_data[0m
[3.171s] [34mcolcon.colcon_core.environment[0m [1;30mLevel 1[0m checking '/home/duy/cocarry_ws/install/trajectory_predictor' for CMake config files
[3.172s] [34mcolcon.colcon_core.environment[0m [1;30mLevel 1[0m checking '/home/duy/cocarry_ws/install/trajectory_predictor/lib'
[3.172s] [34mcolcon.colcon_core.environment[0m [1;30mLevel 1[0m checking '/home/duy/cocarry_ws/install/trajectory_predictor/bin'
[3.172s] [34mcolcon.colcon_core.environment[0m [1;30mLevel 1[0m checking '/home/duy/cocarry_ws/install/trajectory_predictor/lib/pkgconfig/trajectory_predictor.pc'
[3.173s] [34mcolcon.colcon_core.environment[0m [1;30mLevel 1[0m checking '/home/duy/cocarry_ws/install/trajectory_predictor/lib/python3.10/site-packages'
[3.173s] [34mcolcon.colcon_core.shell[0m [1;30mLevel 1[0m create_environment_hook('trajectory_predictor', 'pythonpath')
[3.173s] [34mcolcon.colcon_core.shell[0m [1;30mINFO[0m Creating environment hook '/home/duy/cocarry_ws/install/trajectory_predictor/share/trajectory_predictor/hook/pythonpath.ps1'
[3.174s] [34mcolcon.colcon_core.shell[0m [1;30mINFO[0m Creating environment descriptor '/home/duy/cocarry_ws/install/trajectory_predictor/share/trajectory_predictor/hook/pythonpath.dsv'
[3.174s] [34mcolcon.colcon_core.shell[0m [1;30mINFO[0m Creating environment hook '/home/duy/cocarry_ws/install/trajectory_predictor/share/trajectory_predictor/hook/pythonpath.sh'
[3.175s] [34mcolcon.colcon_core.environment[0m [1;30mLevel 1[0m checking '/home/duy/cocarry_ws/install/trajectory_predictor/bin'
[3.175s] [34mcolcon.colcon_core.environment[0m [1;30mLevel 1[0m create_environment_scripts_only(trajectory_predictor)
[3.176s] [34mcolcon.colcon_core.shell[0m [1;30mINFO[0m Creating package script '/home/duy/cocarry_ws/install/trajectory_predictor/share/trajectory_predictor/package.ps1'
[3.176s] [34mcolcon.colcon_core.shell[0m [1;30mINFO[0m Creating package descriptor '/home/duy/cocarry_ws/install/trajectory_predictor/share/trajectory_predictor/package.dsv'
[3.177s] [34mcolcon.colcon_core.shell[0m [1;30mINFO[0m Creating package script '/home/duy/cocarry_ws/install/trajectory_predictor/share/trajectory_predictor/package.sh'
[3.178s] [34mcolcon.colcon_core.shell[0m [1;30mINFO[0m Creating package script '/home/duy/cocarry_ws/install/trajectory_predictor/share/trajectory_predictor/package.bash'
[3.178s] [34mcolcon.colcon_core.shell[0m [1;30mINFO[0m Creating package script '/home/duy/cocarry_ws/install/trajectory_predictor/share/trajectory_predictor/package.zsh'
[3.178s] [34mcolcon.colcon_core.environment[0m [1;30mLevel 1[0m create_file_with_runtime_dependencies(/home/duy/cocarry_ws/install/trajectory_predictor/share/colcon-core/packages/trajectory_predictor)
[3.194s] [34mcolcon.colcon_core.environment[0m [1;30mLevel 1[0m checking '/home/duy/cocarry_ws/install/predictor_ui' for CMake module files
[3.195s] [34mcolcon.colcon_core.event_handler.log_command[0m [1;30mDEBUG[0m [32mInvoked command in '/home/duy/cocarry_ws/src/predictor_ui' returned '0': CMAKE_PREFIX_PATH=/home/duy/cocarry_ws/install/human_hand_msgs:/home/duy/cocarry_ws/install/hrc_bringup:/home/duy/cocarry_ws/install/trac_ik:/home/duy/cocarry_ws/install/trac_ik_kinematics:/home/duy/cocarry_ws/install/trac_ik_lib:/home/duy/cocarry_ws/install/motoros2_client_interface_dependencies:/home/duy/cocarry_ws/install/hc10dtp_simulation:/home/duy/cocarry_ws/install/motoros2_interfaces:/home/duy/cocarry_ws/install/hc10dtp_bringup:/home/duy/cocarry_ws/install/hc10dtp_moveit_config:/home/duy/cocarry_ws/install/motoman_hc10dtp_support:/home/duy/cocarry_ws/install/motoman_gp4_support:/home/duy/cocarry_ws/install/motoman_resources:/home/duy/cocarry_ws/install/libfreenect2:/home/duy/cocarry_ws/install/kinect2_calibration:/home/duy/cocarry_ws/install/kinect2_bridge:/home/duy/cocarry_ws/install/kinect2_registration:/home/duy/cocarry_ws/install/industrial_msgs LD_LIBRARY_PATH=/home/duy/cocarry_ws/install/human_hand_msgs/lib:/home/duy/cocarry_ws/install/trac_ik_kinematics/lib:/home/duy/cocarry_ws/install/trac_ik_lib/lib:/home/duy/cocarry_ws/install/motoros2_interfaces/lib:/home/duy/cocarry_ws/install/libfreenect2/lib:/home/duy/cocarry_ws/install/kinect2_registration/lib:/home/duy/cocarry_ws/install/industrial_msgs/lib:/usr/local/lib/nuitrack:/usr/lib/x86_64-linux-gnu/gazebo-11/plugins:/opt/ros/humble/opt/rviz_ogre_vendor/lib:/opt/ros/humble/lib/x86_64-linux-gnu:/opt/ros/humble/lib:/usr/local/lib/nuitrack PYTHONPATH=/home/duy/cocarry_ws/build/predictor_ui/prefix_override:/usr/lib/python3/dist-packages/colcon_core/task/python/colcon_distutils_commands:/home/duy/cocarry_ws/install/predictor_ui/lib/python3.10/site-packages:/home/duy/cocarry_ws/install/human_hand_msgs/local/lib/python3.10/dist-packages:/home/duy/cocarry_ws/install/trajectory_predictor/lib/python3.10/site-packages:/home/duy/cocarry_ws/install/rula_tracker/lib/python3.10/site-packages:/home/duy/cocarry_ws/install/realsense_tracker/lib/python3.10/site-packages:/home/duy/cocarry_ws/install/predictor_ui/lib/python3.10/site-packages:/home/duy/cocarry_ws/install/motoros2_interfaces/local/lib/python3.10/dist-packages:/home/duy/cocarry_ws/install/industrial_msgs/local/lib/python3.10/dist-packages:/home/duy/cocarry_ws/install/experiment_logger/lib/python3.10/site-packages:/home/duy/cocarry_ws/install/coord_transform/lib/python3.10/site-packages:/opt/ros/humble/lib/python3.10/site-packages:/opt/ros/humble/local/lib/python3.10/dist-packages /usr/bin/python3 -W ignore:setup.py install is deprecated -W ignore:easy_install command is deprecated setup.py egg_info --egg-base ../../build/predictor_ui build --build-base /home/duy/cocarry_ws/build/predictor_ui/build install --record /home/duy/cocarry_ws/build/predictor_ui/install.log --single-version-externally-managed install_data[0m
[3.195s] [34mcolcon.colcon_core.environment[0m [1;30mLevel 1[0m checking '/home/duy/cocarry_ws/install/predictor_ui' for CMake config files
[3.196s] [34mcolcon.colcon_core.environment[0m [1;30mLevel 1[0m checking '/home/duy/cocarry_ws/install/predictor_ui/lib'
[3.196s] [34mcolcon.colcon_core.environment[0m [1;30mLevel 1[0m checking '/home/duy/cocarry_ws/install/predictor_ui/bin'
[3.196s] [34mcolcon.colcon_core.environment[0m [1;30mLevel 1[0m checking '/home/duy/cocarry_ws/install/predictor_ui/lib/pkgconfig/predictor_ui.pc'
[3.196s] [34mcolcon.colcon_core.environment[0m [1;30mLevel 1[0m checking '/home/duy/cocarry_ws/install/predictor_ui/lib/python3.10/site-packages'
[3.196s] [34mcolcon.colcon_core.shell[0m [1;30mLevel 1[0m create_environment_hook('predictor_ui', 'pythonpath')
[3.196s] [34mcolcon.colcon_core.shell[0m [1;30mINFO[0m Creating environment hook '/home/duy/cocarry_ws/install/predictor_ui/share/predictor_ui/hook/pythonpath.ps1'
[3.197s] [34mcolcon.colcon_core.shell[0m [1;30mINFO[0m Creating environment descriptor '/home/duy/cocarry_ws/install/predictor_ui/share/predictor_ui/hook/pythonpath.dsv'
[3.197s] [34mcolcon.colcon_core.shell[0m [1;30mINFO[0m Creating environment hook '/home/duy/cocarry_ws/install/predictor_ui/share/predictor_ui/hook/pythonpath.sh'
[3.198s] [34mcolcon.colcon_core.environment[0m [1;30mLevel 1[0m checking '/home/duy/cocarry_ws/install/predictor_ui/bin'
[3.198s] [34mcolcon.colcon_core.environment[0m [1;30mLevel 1[0m create_environment_scripts_only(predictor_ui)
[3.198s] [34mcolcon.colcon_core.shell[0m [1;30mINFO[0m Creating package script '/home/duy/cocarry_ws/install/predictor_ui/share/predictor_ui/package.ps1'
[3.198s] [34mcolcon.colcon_core.shell[0m [1;30mINFO[0m Creating package descriptor '/home/duy/cocarry_ws/install/predictor_ui/share/predictor_ui/package.dsv'
[3.199s] [34mcolcon.colcon_core.shell[0m [1;30mINFO[0m Creating package script '/home/duy/cocarry_ws/install/predictor_ui/share/predictor_ui/package.sh'
[3.199s] [34mcolcon.colcon_core.shell[0m [1;30mINFO[0m Creating package script '/home/duy/cocarry_ws/install/predictor_ui/share/predictor_ui/package.bash'
[3.199s] [34mcolcon.colcon_core.shell[0m [1;30mINFO[0m Creating package script '/home/duy/cocarry_ws/install/predictor_ui/share/predictor_ui/package.zsh'
[3.199s] [34mcolcon.colcon_core.environment[0m [1;30mLevel 1[0m create_file_with_runtime_dependencies(/home/duy/cocarry_ws/install/predictor_ui/share/colcon-core/packages/predictor_ui)
[3.200s] [34mcolcon.colcon_ros.task.ament_cmake.build[0m [1;30mINFO[0m Building ROS package in '/home/duy/cocarry_ws/src/hrc_bringup' with build type 'ament_cmake'
[3.200s] [34mcolcon.colcon_cmake.task.cmake.build[0m [1;30mINFO[0m Building CMake package in '/home/duy/cocarry_ws/src/hrc_bringup'
[3.200s] [34mcolcon.colcon_core.shell[0m [1;30mINFO[0m Skip shell extension 'powershell' for command environment: Not usable outside of PowerShell
[3.200s] [34mcolcon.colcon_core.shell[0m [1;30mDEBUG[0m [32mSkip shell extension 'dsv' for command environment[0m
[3.219s] [34mcolcon.colcon_core.event_handler.log_command[0m [1;30mDEBUG[0m [32mInvoking command in '/home/duy/cocarry_ws/build/hrc_bringup': AMENT_PREFIX_PATH=/home/duy/cocarry_ws/install/trajectory_predictor:/home/duy/cocarry_ws/install/realsense_tracker:/home/duy/cocarry_ws/install/predictor_ui:/home/duy/cocarry_ws/install/experiment_logger:/home/duy/cocarry_ws/install/coord_transform:/home/duy/cocarry_ws/install/hrc_bringup:/home/duy/cocarry_ws/install/trac_ik:/home/duy/cocarry_ws/install/trac_ik_kinematics:/home/duy/cocarry_ws/install/trac_ik_lib:/home/duy/cocarry_ws/install/rula_tracker:/home/duy/cocarry_ws/install/motoros2_client_interface_dependencies:/home/duy/cocarry_ws/install/hc10dtp_simulation:/home/duy/cocarry_ws/install/motoros2_interfaces:/home/duy/cocarry_ws/install/hc10dtp_bringup:/home/duy/cocarry_ws/install/hc10dtp_moveit_config:/home/duy/cocarry_ws/install/motoman_hc10dtp_support:/home/duy/cocarry_ws/install/motoman_gp4_support:/home/duy/cocarry_ws/install/motoman_resources:/home/duy/cocarry_ws/install/kinect2_calibration:/home/duy/cocarry_ws/install/kinect2_bridge:/home/duy/cocarry_ws/install/kinect2_registration:/home/duy/cocarry_ws/install/industrial_msgs:/opt/ros/humble CMAKE_PREFIX_PATH=/home/duy/cocarry_ws/install/hc10dtp_simulation:/home/duy/cocarry_ws/install/hc10dtp_bringup:/home/duy/cocarry_ws/install/hc10dtp_moveit_config:/home/duy/cocarry_ws/install/motoman_hc10dtp_support:/home/duy/cocarry_ws/install/motoros2_interfaces:/home/duy/cocarry_ws/install/motoman_resources:/home/duy/cocarry_ws/install/trajectory_predictor:/home/duy/cocarry_ws/install/rula_tracker:/home/duy/cocarry_ws/install/realsense_tracker:/home/duy/cocarry_ws/install/predictor_ui:/home/duy/cocarry_ws/install/experiment_logger:/home/duy/cocarry_ws/install/coord_transform:/opt/ros/humble:/home/duy/cocarry_ws/install/human_hand_msgs:/home/duy/cocarry_ws/install/hrc_bringup:/home/duy/cocarry_ws/install/trac_ik:/home/duy/cocarry_ws/install/trac_ik_kinematics:/home/duy/cocarry_ws/install/trac_ik_lib:/home/duy/cocarry_ws/install/motoros2_client_interface_dependencies:/home/duy/cocarry_ws/install/motoman_gp4_support:/home/duy/cocarry_ws/install/libfreenect2:/home/duy/cocarry_ws/install/kinect2_calibration:/home/duy/cocarry_ws/install/kinect2_bridge:/home/duy/cocarry_ws/install/kinect2_registration:/home/duy/cocarry_ws/install/industrial_msgs LD_LIBRARY_PATH=/home/duy/cocarry_ws/install/motoros2_interfaces/lib:/home/duy/cocarry_ws/install/human_hand_msgs/lib:/home/duy/cocarry_ws/install/trac_ik_kinematics/lib:/home/duy/cocarry_ws/install/trac_ik_lib/lib:/home/duy/cocarry_ws/install/libfreenect2/lib:/home/duy/cocarry_ws/install/kinect2_registration/lib:/home/duy/cocarry_ws/install/industrial_msgs/lib:/usr/local/lib/nuitrack:/usr/lib/x86_64-linux-gnu/gazebo-11/plugins:/opt/ros/humble/opt/rviz_ogre_vendor/lib:/opt/ros/humble/lib/x86_64-linux-gnu:/opt/ros/humble/lib:/usr/local/lib/nuitrack PYTHONPATH=/home/duy/cocarry_ws/install/trajectory_predictor/lib/python3.10/site-packages:/home/duy/cocarry_ws/install/realsense_tracker/lib/python3.10/site-packages:/home/duy/cocarry_ws/install/predictor_ui/lib/python3.10/site-packages:/home/duy/cocarry_ws/install/experiment_logger/lib/python3.10/site-packages:/home/duy/cocarry_ws/install/coord_transform/lib/python3.10/site-packages:/home/duy/cocarry_ws/install/human_hand_msgs/local/lib/python3.10/dist-packages:/home/duy/cocarry_ws/install/rula_tracker/lib/python3.10/site-packages:/home/duy/cocarry_ws/install/motoros2_interfaces/local/lib/python3.10/dist-packages:/home/duy/cocarry_ws/install/industrial_msgs/local/lib/python3.10/dist-packages:/opt/ros/humble/lib/python3.10/site-packages:/opt/ros/humble/local/lib/python3.10/dist-packages /usr/bin/cmake --build /home/duy/cocarry_ws/build/hrc_bringup -- -j16 -l16[0m
[3.254s] [34mcolcon.colcon_core.event_handler.log_command[0m [1;30mDEBUG[0m [32mInvoked command in '/home/duy/cocarry_ws/build/hrc_bringup' returned '0': AMENT_PREFIX_PATH=/home/duy/cocarry_ws/install/trajectory_predictor:/home/duy/cocarry_ws/install/realsense_tracker:/home/duy/cocarry_ws/install/predictor_ui:/home/duy/cocarry_ws/install/experiment_logger:/home/duy/cocarry_ws/install/coord_transform:/home/duy/cocarry_ws/install/hrc_bringup:/home/duy/cocarry_ws/install/trac_ik:/home/duy/cocarry_ws/install/trac_ik_kinematics:/home/duy/cocarry_ws/install/trac_ik_lib:/home/duy/cocarry_ws/install/rula_tracker:/home/duy/cocarry_ws/install/motoros2_client_interface_dependencies:/home/duy/cocarry_ws/install/hc10dtp_simulation:/home/duy/cocarry_ws/install/motoros2_interfaces:/home/duy/cocarry_ws/install/hc10dtp_bringup:/home/duy/cocarry_ws/install/hc10dtp_moveit_config:/home/duy/cocarry_ws/install/motoman_hc10dtp_support:/home/duy/cocarry_ws/install/motoman_gp4_support:/home/duy/cocarry_ws/install/motoman_resources:/home/duy/cocarry_ws/install/kinect2_calibration:/home/duy/cocarry_ws/install/kinect2_bridge:/home/duy/cocarry_ws/install/kinect2_registration:/home/duy/cocarry_ws/install/industrial_msgs:/opt/ros/humble CMAKE_PREFIX_PATH=/home/duy/cocarry_ws/install/hc10dtp_simulation:/home/duy/cocarry_ws/install/hc10dtp_bringup:/home/duy/cocarry_ws/install/hc10dtp_moveit_config:/home/duy/cocarry_ws/install/motoman_hc10dtp_support:/home/duy/cocarry_ws/install/motoros2_interfaces:/home/duy/cocarry_ws/install/motoman_resources:/home/duy/cocarry_ws/install/trajectory_predictor:/home/duy/cocarry_ws/install/rula_tracker:/home/duy/cocarry_ws/install/realsense_tracker:/home/duy/cocarry_ws/install/predictor_ui:/home/duy/cocarry_ws/install/experiment_logger:/home/duy/cocarry_ws/install/coord_transform:/opt/ros/humble:/home/duy/cocarry_ws/install/human_hand_msgs:/home/duy/cocarry_ws/install/hrc_bringup:/home/duy/cocarry_ws/install/trac_ik:/home/duy/cocarry_ws/install/trac_ik_kinematics:/home/duy/cocarry_ws/install/trac_ik_lib:/home/duy/cocarry_ws/install/motoros2_client_interface_dependencies:/home/duy/cocarry_ws/install/motoman_gp4_support:/home/duy/cocarry_ws/install/libfreenect2:/home/duy/cocarry_ws/install/kinect2_calibration:/home/duy/cocarry_ws/install/kinect2_bridge:/home/duy/cocarry_ws/install/kinect2_registration:/home/duy/cocarry_ws/install/industrial_msgs LD_LIBRARY_PATH=/home/duy/cocarry_ws/install/motoros2_interfaces/lib:/home/duy/cocarry_ws/install/human_hand_msgs/lib:/home/duy/cocarry_ws/install/trac_ik_kinematics/lib:/home/duy/cocarry_ws/install/trac_ik_lib/lib:/home/duy/cocarry_ws/install/libfreenect2/lib:/home/duy/cocarry_ws/install/kinect2_registration/lib:/home/duy/cocarry_ws/install/industrial_msgs/lib:/usr/local/lib/nuitrack:/usr/lib/x86_64-linux-gnu/gazebo-11/plugins:/opt/ros/humble/opt/rviz_ogre_vendor/lib:/opt/ros/humble/lib/x86_64-linux-gnu:/opt/ros/humble/lib:/usr/local/lib/nuitrack PYTHONPATH=/home/duy/cocarry_ws/install/trajectory_predictor/lib/python3.10/site-packages:/home/duy/cocarry_ws/install/realsense_tracker/lib/python3.10/site-packages:/home/duy/cocarry_ws/install/predictor_ui/lib/python3.10/site-packages:/home/duy/cocarry_ws/install/experiment_logger/lib/python3.10/site-packages:/home/duy/cocarry_ws/install/coord_transform/lib/python3.10/site-packages:/home/duy/cocarry_ws/install/human_hand_msgs/local/lib/python3.10/dist-packages:/home/duy/cocarry_ws/install/rula_tracker/lib/python3.10/site-packages:/home/duy/cocarry_ws/install/motoros2_interfaces/local/lib/python3.10/dist-packages:/home/duy/cocarry_ws/install/industrial_msgs/local/lib/python3.10/dist-packages:/opt/ros/humble/lib/python3.10/site-packages:/opt/ros/humble/local/lib/python3.10/dist-packages /usr/bin/cmake --build /home/duy/cocarry_ws/build/hrc_bringup -- -j16 -l16[0m
[3.255s] [34mcolcon.colcon_core.event_handler.log_command[0m [1;30mDEBUG[0m [32mInvoking command in '/home/duy/cocarry_ws/build/hrc_bringup': AMENT_PREFIX_PATH=/home/duy/cocarry_ws/install/trajectory_predictor:/home/duy/cocarry_ws/install/realsense_tracker:/home/duy/cocarry_ws/install/predictor_ui:/home/duy/cocarry_ws/install/experiment_logger:/home/duy/cocarry_ws/install/coord_transform:/home/duy/cocarry_ws/install/hrc_bringup:/home/duy/cocarry_ws/install/trac_ik:/home/duy/cocarry_ws/install/trac_ik_kinematics:/home/duy/cocarry_ws/install/trac_ik_lib:/home/duy/cocarry_ws/install/rula_tracker:/home/duy/cocarry_ws/install/motoros2_client_interface_dependencies:/home/duy/cocarry_ws/install/hc10dtp_simulation:/home/duy/cocarry_ws/install/motoros2_interfaces:/home/duy/cocarry_ws/install/hc10dtp_bringup:/home/duy/cocarry_ws/install/hc10dtp_moveit_config:/home/duy/cocarry_ws/install/motoman_hc10dtp_support:/home/duy/cocarry_ws/install/motoman_gp4_support:/home/duy/cocarry_ws/install/motoman_resources:/home/duy/cocarry_ws/install/kinect2_calibration:/home/duy/cocarry_ws/install/kinect2_bridge:/home/duy/cocarry_ws/install/kinect2_registration:/home/duy/cocarry_ws/install/industrial_msgs:/opt/ros/humble CMAKE_PREFIX_PATH=/home/duy/cocarry_ws/install/hc10dtp_simulation:/home/duy/cocarry_ws/install/hc10dtp_bringup:/home/duy/cocarry_ws/install/hc10dtp_moveit_config:/home/duy/cocarry_ws/install/motoman_hc10dtp_support:/home/duy/cocarry_ws/install/motoros2_interfaces:/home/duy/cocarry_ws/install/motoman_resources:/home/duy/cocarry_ws/install/trajectory_predictor:/home/duy/cocarry_ws/install/rula_tracker:/home/duy/cocarry_ws/install/realsense_tracker:/home/duy/cocarry_ws/install/predictor_ui:/home/duy/cocarry_ws/install/experiment_logger:/home/duy/cocarry_ws/install/coord_transform:/opt/ros/humble:/home/duy/cocarry_ws/install/human_hand_msgs:/home/duy/cocarry_ws/install/hrc_bringup:/home/duy/cocarry_ws/install/trac_ik:/home/duy/cocarry_ws/install/trac_ik_kinematics:/home/duy/cocarry_ws/install/trac_ik_lib:/home/duy/cocarry_ws/install/motoros2_client_interface_dependencies:/home/duy/cocarry_ws/install/motoman_gp4_support:/home/duy/cocarry_ws/install/libfreenect2:/home/duy/cocarry_ws/install/kinect2_calibration:/home/duy/cocarry_ws/install/kinect2_bridge:/home/duy/cocarry_ws/install/kinect2_registration:/home/duy/cocarry_ws/install/industrial_msgs LD_LIBRARY_PATH=/home/duy/cocarry_ws/install/motoros2_interfaces/lib:/home/duy/cocarry_ws/install/human_hand_msgs/lib:/home/duy/cocarry_ws/install/trac_ik_kinematics/lib:/home/duy/cocarry_ws/install/trac_ik_lib/lib:/home/duy/cocarry_ws/install/libfreenect2/lib:/home/duy/cocarry_ws/install/kinect2_registration/lib:/home/duy/cocarry_ws/install/industrial_msgs/lib:/usr/local/lib/nuitrack:/usr/lib/x86_64-linux-gnu/gazebo-11/plugins:/opt/ros/humble/opt/rviz_ogre_vendor/lib:/opt/ros/humble/lib/x86_64-linux-gnu:/opt/ros/humble/lib:/usr/local/lib/nuitrack PYTHONPATH=/home/duy/cocarry_ws/install/trajectory_predictor/lib/python3.10/site-packages:/home/duy/cocarry_ws/install/realsense_tracker/lib/python3.10/site-packages:/home/duy/cocarry_ws/install/predictor_ui/lib/python3.10/site-packages:/home/duy/cocarry_ws/install/experiment_logger/lib/python3.10/site-packages:/home/duy/cocarry_ws/install/coord_transform/lib/python3.10/site-packages:/home/duy/cocarry_ws/install/human_hand_msgs/local/lib/python3.10/dist-packages:/home/duy/cocarry_ws/install/rula_tracker/lib/python3.10/site-packages:/home/duy/cocarry_ws/install/motoros2_interfaces/local/lib/python3.10/dist-packages:/home/duy/cocarry_ws/install/industrial_msgs/local/lib/python3.10/dist-packages:/opt/ros/humble/lib/python3.10/site-packages:/opt/ros/humble/local/lib/python3.10/dist-packages /usr/bin/cmake --install /home/duy/cocarry_ws/build/hrc_bringup[0m
[3.278s] [34mcolcon.colcon_core.environment[0m [1;30mLevel 1[0m create_environment_scripts_only(hrc_bringup)
[3.278s] [34mcolcon.colcon_core.environment[0m [1;30mLevel 1[0m checking '/home/duy/cocarry_ws/install/hrc_bringup' for CMake module files
[3.279s] [34mcolcon.colcon_core.event_handler.log_command[0m [1;30mDEBUG[0m [32mInvoked command in '/home/duy/cocarry_ws/build/hrc_bringup' returned '0': AMENT_PREFIX_PATH=/home/duy/cocarry_ws/install/trajectory_predictor:/home/duy/cocarry_ws/install/realsense_tracker:/home/duy/cocarry_ws/install/predictor_ui:/home/duy/cocarry_ws/install/experiment_logger:/home/duy/cocarry_ws/install/coord_transform:/home/duy/cocarry_ws/install/hrc_bringup:/home/duy/cocarry_ws/install/trac_ik:/home/duy/cocarry_ws/install/trac_ik_kinematics:/home/duy/cocarry_ws/install/trac_ik_lib:/home/duy/cocarry_ws/install/rula_tracker:/home/duy/cocarry_ws/install/motoros2_client_interface_dependencies:/home/duy/cocarry_ws/install/hc10dtp_simulation:/home/duy/cocarry_ws/install/motoros2_interfaces:/home/duy/cocarry_ws/install/hc10dtp_bringup:/home/duy/cocarry_ws/install/hc10dtp_moveit_config:/home/duy/cocarry_ws/install/motoman_hc10dtp_support:/home/duy/cocarry_ws/install/motoman_gp4_support:/home/duy/cocarry_ws/install/motoman_resources:/home/duy/cocarry_ws/install/kinect2_calibration:/home/duy/cocarry_ws/install/kinect2_bridge:/home/duy/cocarry_ws/install/kinect2_registration:/home/duy/cocarry_ws/install/industrial_msgs:/opt/ros/humble CMAKE_PREFIX_PATH=/home/duy/cocarry_ws/install/hc10dtp_simulation:/home/duy/cocarry_ws/install/hc10dtp_bringup:/home/duy/cocarry_ws/install/hc10dtp_moveit_config:/home/duy/cocarry_ws/install/motoman_hc10dtp_support:/home/duy/cocarry_ws/install/motoros2_interfaces:/home/duy/cocarry_ws/install/motoman_resources:/home/duy/cocarry_ws/install/trajectory_predictor:/home/duy/cocarry_ws/install/rula_tracker:/home/duy/cocarry_ws/install/realsense_tracker:/home/duy/cocarry_ws/install/predictor_ui:/home/duy/cocarry_ws/install/experiment_logger:/home/duy/cocarry_ws/install/coord_transform:/opt/ros/humble:/home/duy/cocarry_ws/install/human_hand_msgs:/home/duy/cocarry_ws/install/hrc_bringup:/home/duy/cocarry_ws/install/trac_ik:/home/duy/cocarry_ws/install/trac_ik_kinematics:/home/duy/cocarry_ws/install/trac_ik_lib:/home/duy/cocarry_ws/install/motoros2_client_interface_dependencies:/home/duy/cocarry_ws/install/motoman_gp4_support:/home/duy/cocarry_ws/install/libfreenect2:/home/duy/cocarry_ws/install/kinect2_calibration:/home/duy/cocarry_ws/install/kinect2_bridge:/home/duy/cocarry_ws/install/kinect2_registration:/home/duy/cocarry_ws/install/industrial_msgs LD_LIBRARY_PATH=/home/duy/cocarry_ws/install/motoros2_interfaces/lib:/home/duy/cocarry_ws/install/human_hand_msgs/lib:/home/duy/cocarry_ws/install/trac_ik_kinematics/lib:/home/duy/cocarry_ws/install/trac_ik_lib/lib:/home/duy/cocarry_ws/install/libfreenect2/lib:/home/duy/cocarry_ws/install/kinect2_registration/lib:/home/duy/cocarry_ws/install/industrial_msgs/lib:/usr/local/lib/nuitrack:/usr/lib/x86_64-linux-gnu/gazebo-11/plugins:/opt/ros/humble/opt/rviz_ogre_vendor/lib:/opt/ros/humble/lib/x86_64-linux-gnu:/opt/ros/humble/lib:/usr/local/lib/nuitrack PYTHONPATH=/home/duy/cocarry_ws/install/trajectory_predictor/lib/python3.10/site-packages:/home/duy/cocarry_ws/install/realsense_tracker/lib/python3.10/site-packages:/home/duy/cocarry_ws/install/predictor_ui/lib/python3.10/site-packages:/home/duy/cocarry_ws/install/experiment_logger/lib/python3.10/site-packages:/home/duy/cocarry_ws/install/coord_transform/lib/python3.10/site-packages:/home/duy/cocarry_ws/install/human_hand_msgs/local/lib/python3.10/dist-packages:/home/duy/cocarry_ws/install/rula_tracker/lib/python3.10/site-packages:/home/duy/cocarry_ws/install/motoros2_interfaces/local/lib/python3.10/dist-packages:/home/duy/cocarry_ws/install/industrial_msgs/local/lib/python3.10/dist-packages:/opt/ros/humble/lib/python3.10/site-packages:/opt/ros/humble/local/lib/python3.10/dist-packages /usr/bin/cmake --install /home/duy/cocarry_ws/build/hrc_bringup[0m
[3.279s] [34mcolcon.colcon_core.environment[0m [1;30mLevel 1[0m checking '/home/duy/cocarry_ws/install/hrc_bringup' for CMake config files
[3.279s] [34mcolcon.colcon_core.shell[0m [1;30mLevel 1[0m create_environment_hook('hrc_bringup', 'cmake_prefix_path')
[3.279s] [34mcolcon.colcon_core.shell[0m [1;30mINFO[0m Creating environment hook '/home/duy/cocarry_ws/install/hrc_bringup/share/hrc_bringup/hook/cmake_prefix_path.ps1'
[3.280s] [34mcolcon.colcon_core.shell[0m [1;30mINFO[0m Creating environment descriptor '/home/duy/cocarry_ws/install/hrc_bringup/share/hrc_bringup/hook/cmake_prefix_path.dsv'
[3.280s] [34mcolcon.colcon_core.shell[0m [1;30mINFO[0m Creating environment hook '/home/duy/cocarry_ws/install/hrc_bringup/share/hrc_bringup/hook/cmake_prefix_path.sh'
[3.280s] [34mcolcon.colcon_core.environment[0m [1;30mLevel 1[0m checking '/home/duy/cocarry_ws/install/hrc_bringup/bin'
[3.280s] [34mcolcon.colcon_core.environment[0m [1;30mLevel 1[0m checking '/home/duy/cocarry_ws/install/hrc_bringup/lib/pkgconfig/hrc_bringup.pc'
[3.280s] [34mcolcon.colcon_core.environment[0m [1;30mLevel 1[0m checking '/home/duy/cocarry_ws/install/hrc_bringup/lib/python3.10/site-packages'
[3.281s] [34mcolcon.colcon_core.environment[0m [1;30mLevel 1[0m checking '/home/duy/cocarry_ws/install/hrc_bringup/bin'
[3.281s] [34mcolcon.colcon_core.shell[0m [1;30mINFO[0m Creating package script '/home/duy/cocarry_ws/install/hrc_bringup/share/hrc_bringup/package.ps1'
[3.281s] [34mcolcon.colcon_core.shell[0m [1;30mINFO[0m Creating package descriptor '/home/duy/cocarry_ws/install/hrc_bringup/share/hrc_bringup/package.dsv'
[3.281s] [34mcolcon.colcon_core.shell[0m [1;30mINFO[0m Creating package script '/home/duy/cocarry_ws/install/hrc_bringup/share/hrc_bringup/package.sh'
[3.282s] [34mcolcon.colcon_core.shell[0m [1;30mINFO[0m Creating package script '/home/duy/cocarry_ws/install/hrc_bringup/share/hrc_bringup/package.bash'
[3.282s] [34mcolcon.colcon_core.shell[0m [1;30mINFO[0m Creating package script '/home/duy/cocarry_ws/install/hrc_bringup/share/hrc_bringup/package.zsh'
[3.282s] [34mcolcon.colcon_core.environment[0m [1;30mLevel 1[0m create_file_with_runtime_dependencies(/home/duy/cocarry_ws/install/hrc_bringup/share/colcon-core/packages/hrc_bringup)
[3.282s] [34mcolcon.colcon_core.environment[0m [1;30mLevel 1[0m create_environment_scripts_only(hrc_bringup)
[3.282s] [34mcolcon.colcon_core.environment[0m [1;30mLevel 1[0m checking '/home/duy/cocarry_ws/install/hrc_bringup' for CMake module files
[3.283s] [34mcolcon.colcon_core.environment[0m [1;30mLevel 1[0m checking '/home/duy/cocarry_ws/install/hrc_bringup' for CMake config files
[3.283s] [34mcolcon.colcon_core.shell[0m [1;30mLevel 1[0m create_environment_hook('hrc_bringup', 'cmake_prefix_path')
[3.283s] [34mcolcon.colcon_core.shell[0m [1;30mINFO[0m Creating environment hook '/home/duy/cocarry_ws/install/hrc_bringup/share/hrc_bringup/hook/cmake_prefix_path.ps1'
[3.283s] [34mcolcon.colcon_core.shell[0m [1;30mINFO[0m Creating environment descriptor '/home/duy/cocarry_ws/install/hrc_bringup/share/hrc_bringup/hook/cmake_prefix_path.dsv'
[3.283s] [34mcolcon.colcon_core.shell[0m [1;30mINFO[0m Creating environment hook '/home/duy/cocarry_ws/install/hrc_bringup/share/hrc_bringup/hook/cmake_prefix_path.sh'
[3.283s] [34mcolcon.colcon_core.environment[0m [1;30mLevel 1[0m checking '/home/duy/cocarry_ws/install/hrc_bringup/bin'
[3.284s] [34mcolcon.colcon_core.environment[0m [1;30mLevel 1[0m checking '/home/duy/cocarry_ws/install/hrc_bringup/lib/pkgconfig/hrc_bringup.pc'
[3.284s] [34mcolcon.colcon_core.environment[0m [1;30mLevel 1[0m checking '/home/duy/cocarry_ws/install/hrc_bringup/lib/python3.10/site-packages'
[3.284s] [34mcolcon.colcon_core.environment[0m [1;30mLevel 1[0m checking '/home/duy/cocarry_ws/install/hrc_bringup/bin'
[3.284s] [34mcolcon.colcon_core.shell[0m [1;30mINFO[0m Creating package script '/home/duy/cocarry_ws/install/hrc_bringup/share/hrc_bringup/package.ps1'
[3.285s] [34mcolcon.colcon_core.shell[0m [1;30mINFO[0m Creating package descriptor '/home/duy/cocarry_ws/install/hrc_bringup/share/hrc_bringup/package.dsv'
[3.285s] [34mcolcon.colcon_core.shell[0m [1;30mINFO[0m Creating package script '/home/duy/cocarry_ws/install/hrc_bringup/share/hrc_bringup/package.sh'
[3.285s] [34mcolcon.colcon_core.shell[0m [1;30mINFO[0m Creating package script '/home/duy/cocarry_ws/install/hrc_bringup/share/hrc_bringup/package.bash'
[3.285s] [34mcolcon.colcon_core.shell[0m [1;30mINFO[0m Creating package script '/home/duy/cocarry_ws/install/hrc_bringup/share/hrc_bringup/package.zsh'
[3.286s] [34mcolcon.colcon_core.environment[0m [1;30mLevel 1[0m create_file_with_runtime_dependencies(/home/duy/cocarry_ws/install/hrc_bringup/share/colcon-core/packages/hrc_bringup)
[3.286s] [34mcolcon.colcon_parallel_executor.executor.parallel[0m [1;30mDEBUG[0m [32mclosing loop[0m
[3.286s] [34mcolcon.colcon_parallel_executor.executor.parallel[0m [1;30mDEBUG[0m [32mloop closed[0m
[3.286s] [34mcolcon.colcon_parallel_executor.executor.parallel[0m [1;30mDEBUG[0m [32mrun_until_complete finished with '0'[0m
[3.286s] [34mcolcon.colcon_core.event_reactor[0m [1;30mDEBUG[0m [32mjoining thread[0m
[3.290s] [34mcolcon.colcon_core.plugin_system[0m [1;30mINFO[0m Skipping extension 'colcon_notification.desktop_notification.terminal_notifier': Not used on non-Darwin systems
[3.290s] [34mcolcon.colcon_core.plugin_system[0m [1;30mINFO[0m Skipping extension 'colcon_notification.desktop_notification.win32': Not used on non-Windows systems
[3.290s] [34mcolcon.colcon_notification.desktop_notification[0m [1;30mINFO[0m Sending desktop notification using 'notify2'
[3.296s] [34mcolcon.colcon_core.event_reactor[0m [1;30mDEBUG[0m [32mjoined thread[0m
[3.297s] [34mcolcon.colcon_core.shell[0m [1;30mINFO[0m Creating prefix script '/home/duy/cocarry_ws/install/local_setup.ps1'
[3.297s] [34mcolcon.colcon_core.shell[0m [1;30mINFO[0m Creating prefix util module '/home/duy/cocarry_ws/install/_local_setup_util_ps1.py'
[3.298s] [34mcolcon.colcon_core.shell[0m [1;30mINFO[0m Creating prefix chain script '/home/duy/cocarry_ws/install/setup.ps1'
[3.299s] [34mcolcon.colcon_core.shell[0m [1;30mINFO[0m Creating prefix script '/home/duy/cocarry_ws/install/local_setup.sh'
[3.299s] [34mcolcon.colcon_core.shell[0m [1;30mINFO[0m Creating prefix util module '/home/duy/cocarry_ws/install/_local_setup_util_sh.py'
[3.300s] [34mcolcon.colcon_core.shell[0m [1;30mINFO[0m Creating prefix chain script '/home/duy/cocarry_ws/install/setup.sh'
[3.301s] [34mcolcon.colcon_core.shell[0m [1;30mINFO[0m Creating prefix script '/home/duy/cocarry_ws/install/local_setup.bash'
[3.301s] [34mcolcon.colcon_core.shell[0m [1;30mINFO[0m Creating prefix chain script '/home/duy/cocarry_ws/install/setup.bash'
[3.302s] [34mcolcon.colcon_core.shell[0m [1;30mINFO[0m Creating prefix script '/home/duy/cocarry_ws/install/local_setup.zsh'
[3.302s] [34mcolcon.colcon_core.shell[0m [1;30mINFO[0m Creating prefix chain script '/home/duy/cocarry_ws/install/setup.zsh'
