[0.105s] [34mcolcon[0m [1;30mDEBUG[0m [32mCommand line arguments: ['/usr/bin/colcon', 'build'][0m
[0.105s] [34mcolcon[0m [1;30mDEBUG[0m [32mParsed command line arguments: Namespace(log_base=None, log_level=None, verb_name='build', build_base='build', install_base='install', merge_install=False, symlink_install=False, test_result_base=None, continue_on_error=False, executor='parallel', parallel_workers=16, event_handlers=None, ignore_user_meta=False, metas=['./colcon.meta'], base_paths=['.'], packages_ignore=None, packages_ignore_regex=None, paths=None, packages_up_to=None, packages_up_to_regex=None, packages_above=None, packages_above_and_dependencies=None, packages_above_depth=None, packages_select_by_dep=None, packages_skip_by_dep=None, packages_skip_up_to=None, packages_select_build_failed=False, packages_skip_build_finished=False, packages_select_test_failures=False, packages_skip_test_passed=False, packages_select=None, packages_skip=None, packages_select_regex=None, packages_skip_regex=None, packages_start=None, packages_end=None, allow_overriding=[], cmake_args=None, cmake_target=None, cmake_target_skip_unavailable=False, cmake_clean_cache=False, cmake_clean_first=False, cmake_force_configure=False, ament_cmake_args=None, catkin_cmake_args=None, catkin_skip_building_tests=False, verb_parser=<colcon_defaults.argument_parser.defaults.DefaultArgumentsDecorator object at 0x73339d435bd0>, verb_extension=<colcon_core.verb.build.BuildVerb object at 0x73339d542f80>, main=<bound method BuildVerb.main of <colcon_core.verb.build.BuildVerb object at 0x73339d542f80>>)[0m
[0.299s] [34mcolcon.colcon_core.package_discovery[0m [1;30mLevel 1[0m discover_packages(colcon_meta) check parameters
[0.299s] [34mcolcon.colcon_core.package_discovery[0m [1;30mLevel 1[0m discover_packages(recursive) check parameters
[0.299s] [34mcolcon.colcon_core.package_discovery[0m [1;30mLevel 1[0m discover_packages(ignore) check parameters
[0.299s] [34mcolcon.colcon_core.package_discovery[0m [1;30mLevel 1[0m discover_packages(path) check parameters
[0.299s] [34mcolcon.colcon_core.package_discovery[0m [1;30mLevel 1[0m discover_packages(colcon_meta) discover
[0.299s] [34mcolcon.colcon_core.package_discovery[0m [1;30mLevel 1[0m discover_packages(recursive) discover
[0.299s] [34mcolcon.colcon_core.package_discovery[0m [1;30mINFO[0m Crawling recursively for packages in '/home/duy/cocarry_ws'
[0.299s] [34mcolcon.colcon_core.package_identification[0m [1;30mLevel 1[0m _identify(.) by extensions ['ignore', 'ignore_ament_install']
[0.300s] [34mcolcon.colcon_core.package_identification[0m [1;30mLevel 1[0m _identify(.) by extension 'ignore'
[0.300s] [34mcolcon.colcon_core.package_identification[0m [1;30mLevel 1[0m _identify(.) by extension 'ignore_ament_install'
[0.300s] [34mcolcon.colcon_core.package_identification[0m [1;30mLevel 1[0m _identify(.) by extensions ['colcon_pkg']
[0.300s] [34mcolcon.colcon_core.package_identification[0m [1;30mLevel 1[0m _identify(.) by extension 'colcon_pkg'
[0.300s] [34mcolcon.colcon_core.package_identification[0m [1;30mLevel 1[0m _identify(.) by extensions ['colcon_meta']
[0.300s] [34mcolcon.colcon_core.package_identification[0m [1;30mLevel 1[0m _identify(.) by extension 'colcon_meta'
[0.300s] [34mcolcon.colcon_core.package_identification[0m [1;30mLevel 1[0m _identify(.) by extensions ['ros']
[0.300s] [34mcolcon.colcon_core.package_identification[0m [1;30mLevel 1[0m _identify(.) by extension 'ros'
[0.312s] [34mcolcon.colcon_core.package_identification[0m [1;30mLevel 1[0m _identify(.) by extensions ['cmake', 'python']
[0.312s] [34mcolcon.colcon_core.package_identification[0m [1;30mLevel 1[0m _identify(.) by extension 'cmake'
[0.312s] [34mcolcon.colcon_core.package_identification[0m [1;30mLevel 1[0m _identify(.) by extension 'python'
[0.312s] [34mcolcon.colcon_core.package_identification[0m [1;30mLevel 1[0m _identify(.) by extensions ['python_setup_py']
[0.312s] [34mcolcon.colcon_core.package_identification[0m [1;30mLevel 1[0m _identify(.) by extension 'python_setup_py'
[0.312s] [34mcolcon.colcon_core.package_identification[0m [1;30mLevel 1[0m _identify(adaptive_weight) by extensions ['ignore', 'ignore_ament_install']
[0.312s] [34mcolcon.colcon_core.package_identification[0m [1;30mLevel 1[0m _identify(adaptive_weight) by extension 'ignore'
[0.312s] [34mcolcon.colcon_core.package_identification[0m [1;30mLevel 1[0m _identify(adaptive_weight) by extension 'ignore_ament_install'
[0.312s] [34mcolcon.colcon_core.package_identification[0m [1;30mLevel 1[0m _identify(adaptive_weight) by extensions ['colcon_pkg']
[0.312s] [34mcolcon.colcon_core.package_identification[0m [1;30mLevel 1[0m _identify(adaptive_weight) by extension 'colcon_pkg'
[0.312s] [34mcolcon.colcon_core.package_identification[0m [1;30mLevel 1[0m _identify(adaptive_weight) by extensions ['colcon_meta']
[0.312s] [34mcolcon.colcon_core.package_identification[0m [1;30mLevel 1[0m _identify(adaptive_weight) by extension 'colcon_meta'
[0.312s] [34mcolcon.colcon_core.package_identification[0m [1;30mLevel 1[0m _identify(adaptive_weight) by extensions ['ros']
[0.312s] [34mcolcon.colcon_core.package_identification[0m [1;30mLevel 1[0m _identify(adaptive_weight) by extension 'ros'
[0.312s] [34mcolcon.colcon_core.package_identification[0m [1;30mLevel 1[0m _identify(adaptive_weight) by extensions ['cmake', 'python']
[0.312s] [34mcolcon.colcon_core.package_identification[0m [1;30mLevel 1[0m _identify(adaptive_weight) by extension 'cmake'
[0.312s] [34mcolcon.colcon_core.package_identification[0m [1;30mLevel 1[0m _identify(adaptive_weight) by extension 'python'
[0.312s] [34mcolcon.colcon_core.package_identification[0m [1;30mLevel 1[0m _identify(adaptive_weight) by extensions ['python_setup_py']
[0.312s] [34mcolcon.colcon_core.package_identification[0m [1;30mLevel 1[0m _identify(adaptive_weight) by extension 'python_setup_py'
[0.312s] [34mcolcon.colcon_core.package_identification[0m [1;30mLevel 1[0m _identify(build) by extensions ['ignore', 'ignore_ament_install']
[0.312s] [34mcolcon.colcon_core.package_identification[0m [1;30mLevel 1[0m _identify(build) by extension 'ignore'
[0.312s] [34mcolcon.colcon_core.package_identification[0m [1;30mLevel 1[0m _identify(build) ignored
[0.312s] [34mcolcon.colcon_core.package_identification[0m [1;30mLevel 1[0m _identify(cocarry_logs) by extensions ['ignore', 'ignore_ament_install']
[0.312s] [34mcolcon.colcon_core.package_identification[0m [1;30mLevel 1[0m _identify(cocarry_logs) by extension 'ignore'
[0.312s] [34mcolcon.colcon_core.package_identification[0m [1;30mLevel 1[0m _identify(cocarry_logs) by extension 'ignore_ament_install'
[0.313s] [34mcolcon.colcon_core.package_identification[0m [1;30mLevel 1[0m _identify(cocarry_logs) by extensions ['colcon_pkg']
[0.313s] [34mcolcon.colcon_core.package_identification[0m [1;30mLevel 1[0m _identify(cocarry_logs) by extension 'colcon_pkg'
[0.313s] [34mcolcon.colcon_core.package_identification[0m [1;30mLevel 1[0m _identify(cocarry_logs) by extensions ['colcon_meta']
[0.313s] [34mcolcon.colcon_core.package_identification[0m [1;30mLevel 1[0m _identify(cocarry_logs) by extension 'colcon_meta'
[0.313s] [34mcolcon.colcon_core.package_identification[0m [1;30mLevel 1[0m _identify(cocarry_logs) by extensions ['ros']
[0.313s] [34mcolcon.colcon_core.package_identification[0m [1;30mLevel 1[0m _identify(cocarry_logs) by extension 'ros'
[0.313s] [34mcolcon.colcon_core.package_identification[0m [1;30mLevel 1[0m _identify(cocarry_logs) by extensions ['cmake', 'python']
[0.313s] [34mcolcon.colcon_core.package_identification[0m [1;30mLevel 1[0m _identify(cocarry_logs) by extension 'cmake'
[0.313s] [34mcolcon.colcon_core.package_identification[0m [1;30mLevel 1[0m _identify(cocarry_logs) by extension 'python'
[0.313s] [34mcolcon.colcon_core.package_identification[0m [1;30mLevel 1[0m _identify(cocarry_logs) by extensions ['python_setup_py']
[0.313s] [34mcolcon.colcon_core.package_identification[0m [1;30mLevel 1[0m _identify(cocarry_logs) by extension 'python_setup_py'
[0.313s] [34mcolcon.colcon_core.package_identification[0m [1;30mLevel 1[0m _identify(cocarry_logs/Bách) by extensions ['ignore', 'ignore_ament_install']
[0.313s] [34mcolcon.colcon_core.package_identification[0m [1;30mLevel 1[0m _identify(cocarry_logs/Bách) by extension 'ignore'
[0.313s] [34mcolcon.colcon_core.package_identification[0m [1;30mLevel 1[0m _identify(cocarry_logs/Bách) by extension 'ignore_ament_install'
[0.313s] [34mcolcon.colcon_core.package_identification[0m [1;30mLevel 1[0m _identify(cocarry_logs/Bách) by extensions ['colcon_pkg']
[0.313s] [34mcolcon.colcon_core.package_identification[0m [1;30mLevel 1[0m _identify(cocarry_logs/Bách) by extension 'colcon_pkg'
[0.313s] [34mcolcon.colcon_core.package_identification[0m [1;30mLevel 1[0m _identify(cocarry_logs/Bách) by extensions ['colcon_meta']
[0.313s] [34mcolcon.colcon_core.package_identification[0m [1;30mLevel 1[0m _identify(cocarry_logs/Bách) by extension 'colcon_meta'
[0.313s] [34mcolcon.colcon_core.package_identification[0m [1;30mLevel 1[0m _identify(cocarry_logs/Bách) by extensions ['ros']
[0.313s] [34mcolcon.colcon_core.package_identification[0m [1;30mLevel 1[0m _identify(cocarry_logs/Bách) by extension 'ros'
[0.313s] [34mcolcon.colcon_core.package_identification[0m [1;30mLevel 1[0m _identify(cocarry_logs/Bách) by extensions ['cmake', 'python']
[0.313s] [34mcolcon.colcon_core.package_identification[0m [1;30mLevel 1[0m _identify(cocarry_logs/Bách) by extension 'cmake'
[0.313s] [34mcolcon.colcon_core.package_identification[0m [1;30mLevel 1[0m _identify(cocarry_logs/Bách) by extension 'python'
[0.313s] [34mcolcon.colcon_core.package_identification[0m [1;30mLevel 1[0m _identify(cocarry_logs/Bách) by extensions ['python_setup_py']
[0.313s] [34mcolcon.colcon_core.package_identification[0m [1;30mLevel 1[0m _identify(cocarry_logs/Bách) by extension 'python_setup_py'
[0.313s] [34mcolcon.colcon_core.package_identification[0m [1;30mLevel 1[0m _identify(cocarry_logs/Duy) by extensions ['ignore', 'ignore_ament_install']
[0.313s] [34mcolcon.colcon_core.package_identification[0m [1;30mLevel 1[0m _identify(cocarry_logs/Duy) by extension 'ignore'
[0.313s] [34mcolcon.colcon_core.package_identification[0m [1;30mLevel 1[0m _identify(cocarry_logs/Duy) by extension 'ignore_ament_install'
[0.313s] [34mcolcon.colcon_core.package_identification[0m [1;30mLevel 1[0m _identify(cocarry_logs/Duy) by extensions ['colcon_pkg']
[0.313s] [34mcolcon.colcon_core.package_identification[0m [1;30mLevel 1[0m _identify(cocarry_logs/Duy) by extension 'colcon_pkg'
[0.313s] [34mcolcon.colcon_core.package_identification[0m [1;30mLevel 1[0m _identify(cocarry_logs/Duy) by extensions ['colcon_meta']
[0.313s] [34mcolcon.colcon_core.package_identification[0m [1;30mLevel 1[0m _identify(cocarry_logs/Duy) by extension 'colcon_meta'
[0.313s] [34mcolcon.colcon_core.package_identification[0m [1;30mLevel 1[0m _identify(cocarry_logs/Duy) by extensions ['ros']
[0.313s] [34mcolcon.colcon_core.package_identification[0m [1;30mLevel 1[0m _identify(cocarry_logs/Duy) by extension 'ros'
[0.313s] [34mcolcon.colcon_core.package_identification[0m [1;30mLevel 1[0m _identify(cocarry_logs/Duy) by extensions ['cmake', 'python']
[0.313s] [34mcolcon.colcon_core.package_identification[0m [1;30mLevel 1[0m _identify(cocarry_logs/Duy) by extension 'cmake'
[0.313s] [34mcolcon.colcon_core.package_identification[0m [1;30mLevel 1[0m _identify(cocarry_logs/Duy) by extension 'python'
[0.313s] [34mcolcon.colcon_core.package_identification[0m [1;30mLevel 1[0m _identify(cocarry_logs/Duy) by extensions ['python_setup_py']
[0.313s] [34mcolcon.colcon_core.package_identification[0m [1;30mLevel 1[0m _identify(cocarry_logs/Duy) by extension 'python_setup_py'
[0.313s] [34mcolcon.colcon_core.package_identification[0m [1;30mLevel 1[0m _identify(cocarry_logs/Long) by extensions ['ignore', 'ignore_ament_install']
[0.313s] [34mcolcon.colcon_core.package_identification[0m [1;30mLevel 1[0m _identify(cocarry_logs/Long) by extension 'ignore'
[0.314s] [34mcolcon.colcon_core.package_identification[0m [1;30mLevel 1[0m _identify(cocarry_logs/Long) by extension 'ignore_ament_install'
[0.314s] [34mcolcon.colcon_core.package_identification[0m [1;30mLevel 1[0m _identify(cocarry_logs/Long) by extensions ['colcon_pkg']
[0.314s] [34mcolcon.colcon_core.package_identification[0m [1;30mLevel 1[0m _identify(cocarry_logs/Long) by extension 'colcon_pkg'
[0.314s] [34mcolcon.colcon_core.package_identification[0m [1;30mLevel 1[0m _identify(cocarry_logs/Long) by extensions ['colcon_meta']
[0.314s] [34mcolcon.colcon_core.package_identification[0m [1;30mLevel 1[0m _identify(cocarry_logs/Long) by extension 'colcon_meta'
[0.314s] [34mcolcon.colcon_core.package_identification[0m [1;30mLevel 1[0m _identify(cocarry_logs/Long) by extensions ['ros']
[0.314s] [34mcolcon.colcon_core.package_identification[0m [1;30mLevel 1[0m _identify(cocarry_logs/Long) by extension 'ros'
[0.314s] [34mcolcon.colcon_core.package_identification[0m [1;30mLevel 1[0m _identify(cocarry_logs/Long) by extensions ['cmake', 'python']
[0.314s] [34mcolcon.colcon_core.package_identification[0m [1;30mLevel 1[0m _identify(cocarry_logs/Long) by extension 'cmake'
[0.314s] [34mcolcon.colcon_core.package_identification[0m [1;30mLevel 1[0m _identify(cocarry_logs/Long) by extension 'python'
[0.314s] [34mcolcon.colcon_core.package_identification[0m [1;30mLevel 1[0m _identify(cocarry_logs/Long) by extensions ['python_setup_py']
[0.314s] [34mcolcon.colcon_core.package_identification[0m [1;30mLevel 1[0m _identify(cocarry_logs/Long) by extension 'python_setup_py'
[0.314s] [34mcolcon.colcon_core.package_identification[0m [1;30mLevel 1[0m _identify(cocarry_logs/Lộc) by extensions ['ignore', 'ignore_ament_install']
[0.314s] [34mcolcon.colcon_core.package_identification[0m [1;30mLevel 1[0m _identify(cocarry_logs/Lộc) by extension 'ignore'
[0.314s] [34mcolcon.colcon_core.package_identification[0m [1;30mLevel 1[0m _identify(cocarry_logs/Lộc) by extension 'ignore_ament_install'
[0.314s] [34mcolcon.colcon_core.package_identification[0m [1;30mLevel 1[0m _identify(cocarry_logs/Lộc) by extensions ['colcon_pkg']
[0.314s] [34mcolcon.colcon_core.package_identification[0m [1;30mLevel 1[0m _identify(cocarry_logs/Lộc) by extension 'colcon_pkg'
[0.314s] [34mcolcon.colcon_core.package_identification[0m [1;30mLevel 1[0m _identify(cocarry_logs/Lộc) by extensions ['colcon_meta']
[0.314s] [34mcolcon.colcon_core.package_identification[0m [1;30mLevel 1[0m _identify(cocarry_logs/Lộc) by extension 'colcon_meta'
[0.314s] [34mcolcon.colcon_core.package_identification[0m [1;30mLevel 1[0m _identify(cocarry_logs/Lộc) by extensions ['ros']
[0.314s] [34mcolcon.colcon_core.package_identification[0m [1;30mLevel 1[0m _identify(cocarry_logs/Lộc) by extension 'ros'
[0.314s] [34mcolcon.colcon_core.package_identification[0m [1;30mLevel 1[0m _identify(cocarry_logs/Lộc) by extensions ['cmake', 'python']
[0.314s] [34mcolcon.colcon_core.package_identification[0m [1;30mLevel 1[0m _identify(cocarry_logs/Lộc) by extension 'cmake'
[0.314s] [34mcolcon.colcon_core.package_identification[0m [1;30mLevel 1[0m _identify(cocarry_logs/Lộc) by extension 'python'
[0.314s] [34mcolcon.colcon_core.package_identification[0m [1;30mLevel 1[0m _identify(cocarry_logs/Lộc) by extensions ['python_setup_py']
[0.314s] [34mcolcon.colcon_core.package_identification[0m [1;30mLevel 1[0m _identify(cocarry_logs/Lộc) by extension 'python_setup_py'
[0.314s] [34mcolcon.colcon_core.package_identification[0m [1;30mLevel 1[0m _identify(cocarry_logs/Minh) by extensions ['ignore', 'ignore_ament_install']
[0.314s] [34mcolcon.colcon_core.package_identification[0m [1;30mLevel 1[0m _identify(cocarry_logs/Minh) by extension 'ignore'
[0.314s] [34mcolcon.colcon_core.package_identification[0m [1;30mLevel 1[0m _identify(cocarry_logs/Minh) by extension 'ignore_ament_install'
[0.314s] [34mcolcon.colcon_core.package_identification[0m [1;30mLevel 1[0m _identify(cocarry_logs/Minh) by extensions ['colcon_pkg']
[0.314s] [34mcolcon.colcon_core.package_identification[0m [1;30mLevel 1[0m _identify(cocarry_logs/Minh) by extension 'colcon_pkg'
[0.314s] [34mcolcon.colcon_core.package_identification[0m [1;30mLevel 1[0m _identify(cocarry_logs/Minh) by extensions ['colcon_meta']
[0.314s] [34mcolcon.colcon_core.package_identification[0m [1;30mLevel 1[0m _identify(cocarry_logs/Minh) by extension 'colcon_meta'
[0.314s] [34mcolcon.colcon_core.package_identification[0m [1;30mLevel 1[0m _identify(cocarry_logs/Minh) by extensions ['ros']
[0.314s] [34mcolcon.colcon_core.package_identification[0m [1;30mLevel 1[0m _identify(cocarry_logs/Minh) by extension 'ros'
[0.314s] [34mcolcon.colcon_core.package_identification[0m [1;30mLevel 1[0m _identify(cocarry_logs/Minh) by extensions ['cmake', 'python']
[0.314s] [34mcolcon.colcon_core.package_identification[0m [1;30mLevel 1[0m _identify(cocarry_logs/Minh) by extension 'cmake'
[0.314s] [34mcolcon.colcon_core.package_identification[0m [1;30mLevel 1[0m _identify(cocarry_logs/Minh) by extension 'python'
[0.314s] [34mcolcon.colcon_core.package_identification[0m [1;30mLevel 1[0m _identify(cocarry_logs/Minh) by extensions ['python_setup_py']
[0.314s] [34mcolcon.colcon_core.package_identification[0m [1;30mLevel 1[0m _identify(cocarry_logs/Minh) by extension 'python_setup_py'
[0.314s] [34mcolcon.colcon_core.package_identification[0m [1;30mLevel 1[0m _identify(cocarry_logs/Nam) by extensions ['ignore', 'ignore_ament_install']
[0.314s] [34mcolcon.colcon_core.package_identification[0m [1;30mLevel 1[0m _identify(cocarry_logs/Nam) by extension 'ignore'
[0.315s] [34mcolcon.colcon_core.package_identification[0m [1;30mLevel 1[0m _identify(cocarry_logs/Nam) by extension 'ignore_ament_install'
[0.315s] [34mcolcon.colcon_core.package_identification[0m [1;30mLevel 1[0m _identify(cocarry_logs/Nam) by extensions ['colcon_pkg']
[0.315s] [34mcolcon.colcon_core.package_identification[0m [1;30mLevel 1[0m _identify(cocarry_logs/Nam) by extension 'colcon_pkg'
[0.315s] [34mcolcon.colcon_core.package_identification[0m [1;30mLevel 1[0m _identify(cocarry_logs/Nam) by extensions ['colcon_meta']
[0.315s] [34mcolcon.colcon_core.package_identification[0m [1;30mLevel 1[0m _identify(cocarry_logs/Nam) by extension 'colcon_meta'
[0.315s] [34mcolcon.colcon_core.package_identification[0m [1;30mLevel 1[0m _identify(cocarry_logs/Nam) by extensions ['ros']
[0.315s] [34mcolcon.colcon_core.package_identification[0m [1;30mLevel 1[0m _identify(cocarry_logs/Nam) by extension 'ros'
[0.315s] [34mcolcon.colcon_core.package_identification[0m [1;30mLevel 1[0m _identify(cocarry_logs/Nam) by extensions ['cmake', 'python']
[0.315s] [34mcolcon.colcon_core.package_identification[0m [1;30mLevel 1[0m _identify(cocarry_logs/Nam) by extension 'cmake'
[0.315s] [34mcolcon.colcon_core.package_identification[0m [1;30mLevel 1[0m _identify(cocarry_logs/Nam) by extension 'python'
[0.315s] [34mcolcon.colcon_core.package_identification[0m [1;30mLevel 1[0m _identify(cocarry_logs/Nam) by extensions ['python_setup_py']
[0.315s] [34mcolcon.colcon_core.package_identification[0m [1;30mLevel 1[0m _identify(cocarry_logs/Nam) by extension 'python_setup_py'
[0.315s] [34mcolcon.colcon_core.package_identification[0m [1;30mLevel 1[0m _identify(cocarry_logs/Phong) by extensions ['ignore', 'ignore_ament_install']
[0.315s] [34mcolcon.colcon_core.package_identification[0m [1;30mLevel 1[0m _identify(cocarry_logs/Phong) by extension 'ignore'
[0.315s] [34mcolcon.colcon_core.package_identification[0m [1;30mLevel 1[0m _identify(cocarry_logs/Phong) by extension 'ignore_ament_install'
[0.315s] [34mcolcon.colcon_core.package_identification[0m [1;30mLevel 1[0m _identify(cocarry_logs/Phong) by extensions ['colcon_pkg']
[0.315s] [34mcolcon.colcon_core.package_identification[0m [1;30mLevel 1[0m _identify(cocarry_logs/Phong) by extension 'colcon_pkg'
[0.315s] [34mcolcon.colcon_core.package_identification[0m [1;30mLevel 1[0m _identify(cocarry_logs/Phong) by extensions ['colcon_meta']
[0.315s] [34mcolcon.colcon_core.package_identification[0m [1;30mLevel 1[0m _identify(cocarry_logs/Phong) by extension 'colcon_meta'
[0.315s] [34mcolcon.colcon_core.package_identification[0m [1;30mLevel 1[0m _identify(cocarry_logs/Phong) by extensions ['ros']
[0.315s] [34mcolcon.colcon_core.package_identification[0m [1;30mLevel 1[0m _identify(cocarry_logs/Phong) by extension 'ros'
[0.315s] [34mcolcon.colcon_core.package_identification[0m [1;30mLevel 1[0m _identify(cocarry_logs/Phong) by extensions ['cmake', 'python']
[0.315s] [34mcolcon.colcon_core.package_identification[0m [1;30mLevel 1[0m _identify(cocarry_logs/Phong) by extension 'cmake'
[0.315s] [34mcolcon.colcon_core.package_identification[0m [1;30mLevel 1[0m _identify(cocarry_logs/Phong) by extension 'python'
[0.315s] [34mcolcon.colcon_core.package_identification[0m [1;30mLevel 1[0m _identify(cocarry_logs/Phong) by extensions ['python_setup_py']
[0.315s] [34mcolcon.colcon_core.package_identification[0m [1;30mLevel 1[0m _identify(cocarry_logs/Phong) by extension 'python_setup_py'
[0.315s] [34mcolcon.colcon_core.package_identification[0m [1;30mLevel 1[0m _identify(cocarry_logs/Phát) by extensions ['ignore', 'ignore_ament_install']
[0.315s] [34mcolcon.colcon_core.package_identification[0m [1;30mLevel 1[0m _identify(cocarry_logs/Phát) by extension 'ignore'
[0.315s] [34mcolcon.colcon_core.package_identification[0m [1;30mLevel 1[0m _identify(cocarry_logs/Phát) by extension 'ignore_ament_install'
[0.315s] [34mcolcon.colcon_core.package_identification[0m [1;30mLevel 1[0m _identify(cocarry_logs/Phát) by extensions ['colcon_pkg']
[0.315s] [34mcolcon.colcon_core.package_identification[0m [1;30mLevel 1[0m _identify(cocarry_logs/Phát) by extension 'colcon_pkg'
[0.315s] [34mcolcon.colcon_core.package_identification[0m [1;30mLevel 1[0m _identify(cocarry_logs/Phát) by extensions ['colcon_meta']
[0.315s] [34mcolcon.colcon_core.package_identification[0m [1;30mLevel 1[0m _identify(cocarry_logs/Phát) by extension 'colcon_meta'
[0.315s] [34mcolcon.colcon_core.package_identification[0m [1;30mLevel 1[0m _identify(cocarry_logs/Phát) by extensions ['ros']
[0.315s] [34mcolcon.colcon_core.package_identification[0m [1;30mLevel 1[0m _identify(cocarry_logs/Phát) by extension 'ros'
[0.315s] [34mcolcon.colcon_core.package_identification[0m [1;30mLevel 1[0m _identify(cocarry_logs/Phát) by extensions ['cmake', 'python']
[0.315s] [34mcolcon.colcon_core.package_identification[0m [1;30mLevel 1[0m _identify(cocarry_logs/Phát) by extension 'cmake'
[0.315s] [34mcolcon.colcon_core.package_identification[0m [1;30mLevel 1[0m _identify(cocarry_logs/Phát) by extension 'python'
[0.315s] [34mcolcon.colcon_core.package_identification[0m [1;30mLevel 1[0m _identify(cocarry_logs/Phát) by extensions ['python_setup_py']
[0.315s] [34mcolcon.colcon_core.package_identification[0m [1;30mLevel 1[0m _identify(cocarry_logs/Phát) by extension 'python_setup_py'
[0.315s] [34mcolcon.colcon_core.package_identification[0m [1;30mLevel 1[0m _identify(cocarry_logs/Tuấn) by extensions ['ignore', 'ignore_ament_install']
[0.315s] [34mcolcon.colcon_core.package_identification[0m [1;30mLevel 1[0m _identify(cocarry_logs/Tuấn) by extension 'ignore'
[0.315s] [34mcolcon.colcon_core.package_identification[0m [1;30mLevel 1[0m _identify(cocarry_logs/Tuấn) by extension 'ignore_ament_install'
[0.316s] [34mcolcon.colcon_core.package_identification[0m [1;30mLevel 1[0m _identify(cocarry_logs/Tuấn) by extensions ['colcon_pkg']
[0.316s] [34mcolcon.colcon_core.package_identification[0m [1;30mLevel 1[0m _identify(cocarry_logs/Tuấn) by extension 'colcon_pkg'
[0.316s] [34mcolcon.colcon_core.package_identification[0m [1;30mLevel 1[0m _identify(cocarry_logs/Tuấn) by extensions ['colcon_meta']
[0.316s] [34mcolcon.colcon_core.package_identification[0m [1;30mLevel 1[0m _identify(cocarry_logs/Tuấn) by extension 'colcon_meta'
[0.316s] [34mcolcon.colcon_core.package_identification[0m [1;30mLevel 1[0m _identify(cocarry_logs/Tuấn) by extensions ['ros']
[0.316s] [34mcolcon.colcon_core.package_identification[0m [1;30mLevel 1[0m _identify(cocarry_logs/Tuấn) by extension 'ros'
[0.316s] [34mcolcon.colcon_core.package_identification[0m [1;30mLevel 1[0m _identify(cocarry_logs/Tuấn) by extensions ['cmake', 'python']
[0.316s] [34mcolcon.colcon_core.package_identification[0m [1;30mLevel 1[0m _identify(cocarry_logs/Tuấn) by extension 'cmake'
[0.316s] [34mcolcon.colcon_core.package_identification[0m [1;30mLevel 1[0m _identify(cocarry_logs/Tuấn) by extension 'python'
[0.316s] [34mcolcon.colcon_core.package_identification[0m [1;30mLevel 1[0m _identify(cocarry_logs/Tuấn) by extensions ['python_setup_py']
[0.316s] [34mcolcon.colcon_core.package_identification[0m [1;30mLevel 1[0m _identify(cocarry_logs/Tuấn) by extension 'python_setup_py'
[0.316s] [34mcolcon.colcon_core.package_identification[0m [1;30mLevel 1[0m _identify(cocarry_logs/ros_log) by extensions ['ignore', 'ignore_ament_install']
[0.316s] [34mcolcon.colcon_core.package_identification[0m [1;30mLevel 1[0m _identify(cocarry_logs/ros_log) by extension 'ignore'
[0.316s] [34mcolcon.colcon_core.package_identification[0m [1;30mLevel 1[0m _identify(cocarry_logs/ros_log) by extension 'ignore_ament_install'
[0.316s] [34mcolcon.colcon_core.package_identification[0m [1;30mLevel 1[0m _identify(cocarry_logs/ros_log) by extensions ['colcon_pkg']
[0.316s] [34mcolcon.colcon_core.package_identification[0m [1;30mLevel 1[0m _identify(cocarry_logs/ros_log) by extension 'colcon_pkg'
[0.316s] [34mcolcon.colcon_core.package_identification[0m [1;30mLevel 1[0m _identify(cocarry_logs/ros_log) by extensions ['colcon_meta']
[0.316s] [34mcolcon.colcon_core.package_identification[0m [1;30mLevel 1[0m _identify(cocarry_logs/ros_log) by extension 'colcon_meta'
[0.316s] [34mcolcon.colcon_core.package_identification[0m [1;30mLevel 1[0m _identify(cocarry_logs/ros_log) by extensions ['ros']
[0.316s] [34mcolcon.colcon_core.package_identification[0m [1;30mLevel 1[0m _identify(cocarry_logs/ros_log) by extension 'ros'
[0.316s] [34mcolcon.colcon_core.package_identification[0m [1;30mLevel 1[0m _identify(cocarry_logs/ros_log) by extensions ['cmake', 'python']
[0.316s] [34mcolcon.colcon_core.package_identification[0m [1;30mLevel 1[0m _identify(cocarry_logs/ros_log) by extension 'cmake'
[0.316s] [34mcolcon.colcon_core.package_identification[0m [1;30mLevel 1[0m _identify(cocarry_logs/ros_log) by extension 'python'
[0.316s] [34mcolcon.colcon_core.package_identification[0m [1;30mLevel 1[0m _identify(cocarry_logs/ros_log) by extensions ['python_setup_py']
[0.316s] [34mcolcon.colcon_core.package_identification[0m [1;30mLevel 1[0m _identify(cocarry_logs/ros_log) by extension 'python_setup_py'
[0.316s] [34mcolcon.colcon_core.package_identification[0m [1;30mLevel 1[0m _identify(cocarry_logs/Đức) by extensions ['ignore', 'ignore_ament_install']
[0.316s] [34mcolcon.colcon_core.package_identification[0m [1;30mLevel 1[0m _identify(cocarry_logs/Đức) by extension 'ignore'
[0.316s] [34mcolcon.colcon_core.package_identification[0m [1;30mLevel 1[0m _identify(cocarry_logs/Đức) by extension 'ignore_ament_install'
[0.316s] [34mcolcon.colcon_core.package_identification[0m [1;30mLevel 1[0m _identify(cocarry_logs/Đức) by extensions ['colcon_pkg']
[0.316s] [34mcolcon.colcon_core.package_identification[0m [1;30mLevel 1[0m _identify(cocarry_logs/Đức) by extension 'colcon_pkg'
[0.317s] [34mcolcon.colcon_core.package_identification[0m [1;30mLevel 1[0m _identify(cocarry_logs/Đức) by extensions ['colcon_meta']
[0.317s] [34mcolcon.colcon_core.package_identification[0m [1;30mLevel 1[0m _identify(cocarry_logs/Đức) by extension 'colcon_meta'
[0.317s] [34mcolcon.colcon_core.package_identification[0m [1;30mLevel 1[0m _identify(cocarry_logs/Đức) by extensions ['ros']
[0.317s] [34mcolcon.colcon_core.package_identification[0m [1;30mLevel 1[0m _identify(cocarry_logs/Đức) by extension 'ros'
[0.317s] [34mcolcon.colcon_core.package_identification[0m [1;30mLevel 1[0m _identify(cocarry_logs/Đức) by extensions ['cmake', 'python']
[0.317s] [34mcolcon.colcon_core.package_identification[0m [1;30mLevel 1[0m _identify(cocarry_logs/Đức) by extension 'cmake'
[0.317s] [34mcolcon.colcon_core.package_identification[0m [1;30mLevel 1[0m _identify(cocarry_logs/Đức) by extension 'python'
[0.317s] [34mcolcon.colcon_core.package_identification[0m [1;30mLevel 1[0m _identify(cocarry_logs/Đức) by extensions ['python_setup_py']
[0.317s] [34mcolcon.colcon_core.package_identification[0m [1;30mLevel 1[0m _identify(cocarry_logs/Đức) by extension 'python_setup_py'
[0.317s] [34mcolcon.colcon_core.package_identification[0m [1;30mLevel 1[0m _identify(docs) by extensions ['ignore', 'ignore_ament_install']
[0.317s] [34mcolcon.colcon_core.package_identification[0m [1;30mLevel 1[0m _identify(docs) by extension 'ignore'
[0.317s] [34mcolcon.colcon_core.package_identification[0m [1;30mLevel 1[0m _identify(docs) by extension 'ignore_ament_install'
[0.317s] [34mcolcon.colcon_core.package_identification[0m [1;30mLevel 1[0m _identify(docs) by extensions ['colcon_pkg']
[0.317s] [34mcolcon.colcon_core.package_identification[0m [1;30mLevel 1[0m _identify(docs) by extension 'colcon_pkg'
[0.317s] [34mcolcon.colcon_core.package_identification[0m [1;30mLevel 1[0m _identify(docs) by extensions ['colcon_meta']
[0.317s] [34mcolcon.colcon_core.package_identification[0m [1;30mLevel 1[0m _identify(docs) by extension 'colcon_meta'
[0.317s] [34mcolcon.colcon_core.package_identification[0m [1;30mLevel 1[0m _identify(docs) by extensions ['ros']
[0.317s] [34mcolcon.colcon_core.package_identification[0m [1;30mLevel 1[0m _identify(docs) by extension 'ros'
[0.317s] [34mcolcon.colcon_core.package_identification[0m [1;30mLevel 1[0m _identify(docs) by extensions ['cmake', 'python']
[0.317s] [34mcolcon.colcon_core.package_identification[0m [1;30mLevel 1[0m _identify(docs) by extension 'cmake'
[0.317s] [34mcolcon.colcon_core.package_identification[0m [1;30mLevel 1[0m _identify(docs) by extension 'python'
[0.317s] [34mcolcon.colcon_core.package_identification[0m [1;30mLevel 1[0m _identify(docs) by extensions ['python_setup_py']
[0.317s] [34mcolcon.colcon_core.package_identification[0m [1;30mLevel 1[0m _identify(docs) by extension 'python_setup_py'
[0.317s] [34mcolcon.colcon_core.package_identification[0m [1;30mLevel 1[0m _identify(install) by extensions ['ignore', 'ignore_ament_install']
[0.317s] [34mcolcon.colcon_core.package_identification[0m [1;30mLevel 1[0m _identify(install) by extension 'ignore'
[0.317s] [34mcolcon.colcon_core.package_identification[0m [1;30mLevel 1[0m _identify(install) ignored
[0.317s] [34mcolcon.colcon_core.package_identification[0m [1;30mLevel 1[0m _identify(libfreenect2) by extensions ['ignore', 'ignore_ament_install']
[0.317s] [34mcolcon.colcon_core.package_identification[0m [1;30mLevel 1[0m _identify(libfreenect2) by extension 'ignore'
[0.317s] [34mcolcon.colcon_core.package_identification[0m [1;30mLevel 1[0m _identify(libfreenect2) by extension 'ignore_ament_install'
[0.317s] [34mcolcon.colcon_core.package_identification[0m [1;30mLevel 1[0m _identify(libfreenect2) by extensions ['colcon_pkg']
[0.317s] [34mcolcon.colcon_core.package_identification[0m [1;30mLevel 1[0m _identify(libfreenect2) by extension 'colcon_pkg'
[0.317s] [34mcolcon.colcon_core.package_identification[0m [1;30mLevel 1[0m _identify(libfreenect2) by extensions ['colcon_meta']
[0.317s] [34mcolcon.colcon_core.package_identification[0m [1;30mLevel 1[0m _identify(libfreenect2) by extension 'colcon_meta'
[0.317s] [34mcolcon.colcon_core.package_identification[0m [1;30mLevel 1[0m _identify(libfreenect2) by extensions ['ros']
[0.317s] [34mcolcon.colcon_core.package_identification[0m [1;30mLevel 1[0m _identify(libfreenect2) by extension 'ros'
[0.317s] [34mcolcon.colcon_core.package_identification[0m [1;30mLevel 1[0m _identify(libfreenect2) by extensions ['cmake', 'python']
[0.318s] [34mcolcon.colcon_core.package_identification[0m [1;30mLevel 1[0m _identify(libfreenect2) by extension 'cmake'
[0.335s] [34mcolcon.colcon_core.package_identification[0m [1;30mLevel 1[0m _identify(libfreenect2) by extension 'python'
[0.335s] [34mcolcon.colcon_core.package_identification[0m [1;30mDEBUG[0m [32mPackage 'libfreenect2' with type 'cmake' and name 'libfreenect2'[0m
[0.335s] [34mcolcon.colcon_core.package_identification[0m [1;30mLevel 1[0m _identify(log) by extensions ['ignore', 'ignore_ament_install']
[0.335s] [34mcolcon.colcon_core.package_identification[0m [1;30mLevel 1[0m _identify(log) by extension 'ignore'
[0.335s] [34mcolcon.colcon_core.package_identification[0m [1;30mLevel 1[0m _identify(log) ignored
[0.335s] [34mcolcon.colcon_core.package_identification[0m [1;30mLevel 1[0m _identify(log_temp) by extensions ['ignore', 'ignore_ament_install']
[0.335s] [34mcolcon.colcon_core.package_identification[0m [1;30mLevel 1[0m _identify(log_temp) by extension 'ignore'
[0.335s] [34mcolcon.colcon_core.package_identification[0m [1;30mLevel 1[0m _identify(log_temp) by extension 'ignore_ament_install'
[0.335s] [34mcolcon.colcon_core.package_identification[0m [1;30mLevel 1[0m _identify(log_temp) by extensions ['colcon_pkg']
[0.335s] [34mcolcon.colcon_core.package_identification[0m [1;30mLevel 1[0m _identify(log_temp) by extension 'colcon_pkg'
[0.335s] [34mcolcon.colcon_core.package_identification[0m [1;30mLevel 1[0m _identify(log_temp) by extensions ['colcon_meta']
[0.335s] [34mcolcon.colcon_core.package_identification[0m [1;30mLevel 1[0m _identify(log_temp) by extension 'colcon_meta'
[0.335s] [34mcolcon.colcon_core.package_identification[0m [1;30mLevel 1[0m _identify(log_temp) by extensions ['ros']
[0.335s] [34mcolcon.colcon_core.package_identification[0m [1;30mLevel 1[0m _identify(log_temp) by extension 'ros'
[0.335s] [34mcolcon.colcon_core.package_identification[0m [1;30mLevel 1[0m _identify(log_temp) by extensions ['cmake', 'python']
[0.335s] [34mcolcon.colcon_core.package_identification[0m [1;30mLevel 1[0m _identify(log_temp) by extension 'cmake'
[0.335s] [34mcolcon.colcon_core.package_identification[0m [1;30mLevel 1[0m _identify(log_temp) by extension 'python'
[0.335s] [34mcolcon.colcon_core.package_identification[0m [1;30mLevel 1[0m _identify(log_temp) by extensions ['python_setup_py']
[0.335s] [34mcolcon.colcon_core.package_identification[0m [1;30mLevel 1[0m _identify(log_temp) by extension 'python_setup_py'
[0.335s] [34mcolcon.colcon_core.package_identification[0m [1;30mLevel 1[0m _identify(ros_log) by extensions ['ignore', 'ignore_ament_install']
[0.335s] [34mcolcon.colcon_core.package_identification[0m [1;30mLevel 1[0m _identify(ros_log) by extension 'ignore'
[0.335s] [34mcolcon.colcon_core.package_identification[0m [1;30mLevel 1[0m _identify(ros_log) by extension 'ignore_ament_install'
[0.335s] [34mcolcon.colcon_core.package_identification[0m [1;30mLevel 1[0m _identify(ros_log) by extensions ['colcon_pkg']
[0.335s] [34mcolcon.colcon_core.package_identification[0m [1;30mLevel 1[0m _identify(ros_log) by extension 'colcon_pkg'
[0.335s] [34mcolcon.colcon_core.package_identification[0m [1;30mLevel 1[0m _identify(ros_log) by extensions ['colcon_meta']
[0.335s] [34mcolcon.colcon_core.package_identification[0m [1;30mLevel 1[0m _identify(ros_log) by extension 'colcon_meta'
[0.336s] [34mcolcon.colcon_core.package_identification[0m [1;30mLevel 1[0m _identify(ros_log) by extensions ['ros']
[0.336s] [34mcolcon.colcon_core.package_identification[0m [1;30mLevel 1[0m _identify(ros_log) by extension 'ros'
[0.336s] [34mcolcon.colcon_core.package_identification[0m [1;30mLevel 1[0m _identify(ros_log) by extensions ['cmake', 'python']
[0.336s] [34mcolcon.colcon_core.package_identification[0m [1;30mLevel 1[0m _identify(ros_log) by extension 'cmake'
[0.336s] [34mcolcon.colcon_core.package_identification[0m [1;30mLevel 1[0m _identify(ros_log) by extension 'python'
[0.336s] [34mcolcon.colcon_core.package_identification[0m [1;30mLevel 1[0m _identify(ros_log) by extensions ['python_setup_py']
[0.336s] [34mcolcon.colcon_core.package_identification[0m [1;30mLevel 1[0m _identify(ros_log) by extension 'python_setup_py'
[0.336s] [34mcolcon.colcon_core.package_identification[0m [1;30mLevel 1[0m _identify(src) by extensions ['ignore', 'ignore_ament_install']
[0.336s] [34mcolcon.colcon_core.package_identification[0m [1;30mLevel 1[0m _identify(src) by extension 'ignore'
[0.336s] [34mcolcon.colcon_core.package_identification[0m [1;30mLevel 1[0m _identify(src) by extension 'ignore_ament_install'
[0.336s] [34mcolcon.colcon_core.package_identification[0m [1;30mLevel 1[0m _identify(src) by extensions ['colcon_pkg']
[0.336s] [34mcolcon.colcon_core.package_identification[0m [1;30mLevel 1[0m _identify(src) by extension 'colcon_pkg'
[0.336s] [34mcolcon.colcon_core.package_identification[0m [1;30mLevel 1[0m _identify(src) by extensions ['colcon_meta']
[0.336s] [34mcolcon.colcon_core.package_identification[0m [1;30mLevel 1[0m _identify(src) by extension 'colcon_meta'
[0.336s] [34mcolcon.colcon_core.package_identification[0m [1;30mLevel 1[0m _identify(src) by extensions ['ros']
[0.336s] [34mcolcon.colcon_core.package_identification[0m [1;30mLevel 1[0m _identify(src) by extension 'ros'
[0.336s] [34mcolcon.colcon_core.package_identification[0m [1;30mLevel 1[0m _identify(src) by extensions ['cmake', 'python']
[0.336s] [34mcolcon.colcon_core.package_identification[0m [1;30mLevel 1[0m _identify(src) by extension 'cmake'
[0.336s] [34mcolcon.colcon_core.package_identification[0m [1;30mLevel 1[0m _identify(src) by extension 'python'
[0.336s] [34mcolcon.colcon_core.package_identification[0m [1;30mLevel 1[0m _identify(src) by extensions ['python_setup_py']
[0.336s] [34mcolcon.colcon_core.package_identification[0m [1;30mLevel 1[0m _identify(src) by extension 'python_setup_py'
[0.336s] [34mcolcon.colcon_core.package_identification[0m [1;30mLevel 1[0m _identify(src/GRU-Model) by extensions ['ignore', 'ignore_ament_install']
[0.336s] [34mcolcon.colcon_core.package_identification[0m [1;30mLevel 1[0m _identify(src/GRU-Model) by extension 'ignore'
[0.336s] [34mcolcon.colcon_core.package_identification[0m [1;30mLevel 1[0m _identify(src/GRU-Model) by extension 'ignore_ament_install'
[0.336s] [34mcolcon.colcon_core.package_identification[0m [1;30mLevel 1[0m _identify(src/GRU-Model) by extensions ['colcon_pkg']
[0.336s] [34mcolcon.colcon_core.package_identification[0m [1;30mLevel 1[0m _identify(src/GRU-Model) by extension 'colcon_pkg'
[0.336s] [34mcolcon.colcon_core.package_identification[0m [1;30mLevel 1[0m _identify(src/GRU-Model) by extensions ['colcon_meta']
[0.336s] [34mcolcon.colcon_core.package_identification[0m [1;30mLevel 1[0m _identify(src/GRU-Model) by extension 'colcon_meta'
[0.336s] [34mcolcon.colcon_core.package_identification[0m [1;30mLevel 1[0m _identify(src/GRU-Model) by extensions ['ros']
[0.336s] [34mcolcon.colcon_core.package_identification[0m [1;30mLevel 1[0m _identify(src/GRU-Model) by extension 'ros'
[0.336s] [34mcolcon.colcon_core.package_identification[0m [1;30mLevel 1[0m _identify(src/GRU-Model) by extensions ['cmake', 'python']
[0.336s] [34mcolcon.colcon_core.package_identification[0m [1;30mLevel 1[0m _identify(src/GRU-Model) by extension 'cmake'
[0.336s] [34mcolcon.colcon_core.package_identification[0m [1;30mLevel 1[0m _identify(src/GRU-Model) by extension 'python'
[0.336s] [34mcolcon.colcon_core.package_identification[0m [1;30mLevel 1[0m _identify(src/GRU-Model) by extensions ['python_setup_py']
[0.336s] [34mcolcon.colcon_core.package_identification[0m [1;30mLevel 1[0m _identify(src/GRU-Model) by extension 'python_setup_py'
[0.336s] [34mcolcon.colcon_core.package_identification[0m [1;30mLevel 1[0m _identify(src/GRU-Model/Best_Autoregressive) by extensions ['ignore', 'ignore_ament_install']
[0.336s] [34mcolcon.colcon_core.package_identification[0m [1;30mLevel 1[0m _identify(src/GRU-Model/Best_Autoregressive) by extension 'ignore'
[0.336s] [34mcolcon.colcon_core.package_identification[0m [1;30mLevel 1[0m _identify(src/GRU-Model/Best_Autoregressive) by extension 'ignore_ament_install'
[0.337s] [34mcolcon.colcon_core.package_identification[0m [1;30mLevel 1[0m _identify(src/GRU-Model/Best_Autoregressive) by extensions ['colcon_pkg']
[0.337s] [34mcolcon.colcon_core.package_identification[0m [1;30mLevel 1[0m _identify(src/GRU-Model/Best_Autoregressive) by extension 'colcon_pkg'
[0.337s] [34mcolcon.colcon_core.package_identification[0m [1;30mLevel 1[0m _identify(src/GRU-Model/Best_Autoregressive) by extensions ['colcon_meta']
[0.337s] [34mcolcon.colcon_core.package_identification[0m [1;30mLevel 1[0m _identify(src/GRU-Model/Best_Autoregressive) by extension 'colcon_meta'
[0.337s] [34mcolcon.colcon_core.package_identification[0m [1;30mLevel 1[0m _identify(src/GRU-Model/Best_Autoregressive) by extensions ['ros']
[0.337s] [34mcolcon.colcon_core.package_identification[0m [1;30mLevel 1[0m _identify(src/GRU-Model/Best_Autoregressive) by extension 'ros'
[0.337s] [34mcolcon.colcon_core.package_identification[0m [1;30mLevel 1[0m _identify(src/GRU-Model/Best_Autoregressive) by extensions ['cmake', 'python']
[0.337s] [34mcolcon.colcon_core.package_identification[0m [1;30mLevel 1[0m _identify(src/GRU-Model/Best_Autoregressive) by extension 'cmake'
[0.337s] [34mcolcon.colcon_core.package_identification[0m [1;30mLevel 1[0m _identify(src/GRU-Model/Best_Autoregressive) by extension 'python'
[0.337s] [34mcolcon.colcon_core.package_identification[0m [1;30mLevel 1[0m _identify(src/GRU-Model/Best_Autoregressive) by extensions ['python_setup_py']
[0.337s] [34mcolcon.colcon_core.package_identification[0m [1;30mLevel 1[0m _identify(src/GRU-Model/Best_Autoregressive) by extension 'python_setup_py'
[0.337s] [34mcolcon.colcon_core.package_identification[0m [1;30mLevel 1[0m _identify(src/coord_transform) by extensions ['ignore', 'ignore_ament_install']
[0.337s] [34mcolcon.colcon_core.package_identification[0m [1;30mLevel 1[0m _identify(src/coord_transform) by extension 'ignore'
[0.337s] [34mcolcon.colcon_core.package_identification[0m [1;30mLevel 1[0m _identify(src/coord_transform) by extension 'ignore_ament_install'
[0.337s] [34mcolcon.colcon_core.package_identification[0m [1;30mLevel 1[0m _identify(src/coord_transform) by extensions ['colcon_pkg']
[0.337s] [34mcolcon.colcon_core.package_identification[0m [1;30mLevel 1[0m _identify(src/coord_transform) by extension 'colcon_pkg'
[0.337s] [34mcolcon.colcon_core.package_identification[0m [1;30mLevel 1[0m _identify(src/coord_transform) by extensions ['colcon_meta']
[0.337s] [34mcolcon.colcon_core.package_identification[0m [1;30mLevel 1[0m _identify(src/coord_transform) by extension 'colcon_meta'
[0.337s] [34mcolcon.colcon_core.package_identification[0m [1;30mLevel 1[0m _identify(src/coord_transform) by extensions ['ros']
[0.337s] [34mcolcon.colcon_core.package_identification[0m [1;30mLevel 1[0m _identify(src/coord_transform) by extension 'ros'
[0.339s] [34mcolcon.colcon_core.package_identification[0m [1;30mDEBUG[0m [32mPackage 'src/coord_transform' with type 'ros.ament_python' and name 'coord_transform'[0m
[0.339s] [34mcolcon.colcon_core.package_identification[0m [1;30mLevel 1[0m _identify(src/experiment_logger) by extensions ['ignore', 'ignore_ament_install']
[0.340s] [34mcolcon.colcon_core.package_identification[0m [1;30mLevel 1[0m _identify(src/experiment_logger) by extension 'ignore'
[0.340s] [34mcolcon.colcon_core.package_identification[0m [1;30mLevel 1[0m _identify(src/experiment_logger) by extension 'ignore_ament_install'
[0.340s] [34mcolcon.colcon_core.package_identification[0m [1;30mLevel 1[0m _identify(src/experiment_logger) by extensions ['colcon_pkg']
[0.340s] [34mcolcon.colcon_core.package_identification[0m [1;30mLevel 1[0m _identify(src/experiment_logger) by extension 'colcon_pkg'
[0.340s] [34mcolcon.colcon_core.package_identification[0m [1;30mLevel 1[0m _identify(src/experiment_logger) by extensions ['colcon_meta']
[0.340s] [34mcolcon.colcon_core.package_identification[0m [1;30mLevel 1[0m _identify(src/experiment_logger) by extension 'colcon_meta'
[0.340s] [34mcolcon.colcon_core.package_identification[0m [1;30mLevel 1[0m _identify(src/experiment_logger) by extensions ['ros']
[0.340s] [34mcolcon.colcon_core.package_identification[0m [1;30mLevel 1[0m _identify(src/experiment_logger) by extension 'ros'
[0.340s] [34mcolcon.colcon_core.package_identification[0m [1;30mDEBUG[0m [32mPackage 'src/experiment_logger' with type 'ros.ament_python' and name 'experiment_logger'[0m
[0.340s] [34mcolcon.colcon_core.package_identification[0m [1;30mLevel 1[0m _identify(src/hc10dtp_bringup) by extensions ['ignore', 'ignore_ament_install']
[0.340s] [34mcolcon.colcon_core.package_identification[0m [1;30mLevel 1[0m _identify(src/hc10dtp_bringup) by extension 'ignore'
[0.340s] [34mcolcon.colcon_core.package_identification[0m [1;30mLevel 1[0m _identify(src/hc10dtp_bringup) by extension 'ignore_ament_install'
[0.340s] [34mcolcon.colcon_core.package_identification[0m [1;30mLevel 1[0m _identify(src/hc10dtp_bringup) by extensions ['colcon_pkg']
[0.340s] [34mcolcon.colcon_core.package_identification[0m [1;30mLevel 1[0m _identify(src/hc10dtp_bringup) by extension 'colcon_pkg'
[0.340s] [34mcolcon.colcon_core.package_identification[0m [1;30mLevel 1[0m _identify(src/hc10dtp_bringup) by extensions ['colcon_meta']
[0.340s] [34mcolcon.colcon_core.package_identification[0m [1;30mLevel 1[0m _identify(src/hc10dtp_bringup) by extension 'colcon_meta'
[0.340s] [34mcolcon.colcon_core.package_identification[0m [1;30mLevel 1[0m _identify(src/hc10dtp_bringup) by extensions ['ros']
[0.340s] [34mcolcon.colcon_core.package_identification[0m [1;30mLevel 1[0m _identify(src/hc10dtp_bringup) by extension 'ros'
[0.341s] [34mcolcon.colcon_core.package_identification[0m [1;30mDEBUG[0m [32mPackage 'src/hc10dtp_bringup' with type 'ros.ament_cmake' and name 'hc10dtp_bringup'[0m
[0.341s] [34mcolcon.colcon_core.package_identification[0m [1;30mLevel 1[0m _identify(src/hc10dtp_moveit_config) by extensions ['ignore', 'ignore_ament_install']
[0.341s] [34mcolcon.colcon_core.package_identification[0m [1;30mLevel 1[0m _identify(src/hc10dtp_moveit_config) by extension 'ignore'
[0.341s] [34mcolcon.colcon_core.package_identification[0m [1;30mLevel 1[0m _identify(src/hc10dtp_moveit_config) by extension 'ignore_ament_install'
[0.341s] [34mcolcon.colcon_core.package_identification[0m [1;30mLevel 1[0m _identify(src/hc10dtp_moveit_config) by extensions ['colcon_pkg']
[0.341s] [34mcolcon.colcon_core.package_identification[0m [1;30mLevel 1[0m _identify(src/hc10dtp_moveit_config) by extension 'colcon_pkg'
[0.341s] [34mcolcon.colcon_core.package_identification[0m [1;30mLevel 1[0m _identify(src/hc10dtp_moveit_config) by extensions ['colcon_meta']
[0.341s] [34mcolcon.colcon_core.package_identification[0m [1;30mLevel 1[0m _identify(src/hc10dtp_moveit_config) by extension 'colcon_meta'
[0.341s] [34mcolcon.colcon_core.package_identification[0m [1;30mLevel 1[0m _identify(src/hc10dtp_moveit_config) by extensions ['ros']
[0.341s] [34mcolcon.colcon_core.package_identification[0m [1;30mLevel 1[0m _identify(src/hc10dtp_moveit_config) by extension 'ros'
[0.341s] [34mcolcon.colcon_core.package_identification[0m [1;30mDEBUG[0m [32mPackage 'src/hc10dtp_moveit_config' with type 'ros.ament_cmake' and name 'hc10dtp_moveit_config'[0m
[0.341s] [34mcolcon.colcon_core.package_identification[0m [1;30mLevel 1[0m _identify(src/hc10dtp_simulation) by extensions ['ignore', 'ignore_ament_install']
[0.341s] [34mcolcon.colcon_core.package_identification[0m [1;30mLevel 1[0m _identify(src/hc10dtp_simulation) by extension 'ignore'
[0.341s] [34mcolcon.colcon_core.package_identification[0m [1;30mLevel 1[0m _identify(src/hc10dtp_simulation) by extension 'ignore_ament_install'
[0.341s] [34mcolcon.colcon_core.package_identification[0m [1;30mLevel 1[0m _identify(src/hc10dtp_simulation) by extensions ['colcon_pkg']
[0.341s] [34mcolcon.colcon_core.package_identification[0m [1;30mLevel 1[0m _identify(src/hc10dtp_simulation) by extension 'colcon_pkg'
[0.341s] [34mcolcon.colcon_core.package_identification[0m [1;30mLevel 1[0m _identify(src/hc10dtp_simulation) by extensions ['colcon_meta']
[0.341s] [34mcolcon.colcon_core.package_identification[0m [1;30mLevel 1[0m _identify(src/hc10dtp_simulation) by extension 'colcon_meta'
[0.342s] [34mcolcon.colcon_core.package_identification[0m [1;30mLevel 1[0m _identify(src/hc10dtp_simulation) by extensions ['ros']
[0.342s] [34mcolcon.colcon_core.package_identification[0m [1;30mLevel 1[0m _identify(src/hc10dtp_simulation) by extension 'ros'
[0.342s] [34mcolcon.colcon_core.package_identification[0m [1;30mDEBUG[0m [32mPackage 'src/hc10dtp_simulation' with type 'ros.ament_cmake' and name 'hc10dtp_simulation'[0m
[0.342s] [34mcolcon.colcon_core.package_identification[0m [1;30mLevel 1[0m _identify(src/hrc_bringup) by extensions ['ignore', 'ignore_ament_install']
[0.342s] [34mcolcon.colcon_core.package_identification[0m [1;30mLevel 1[0m _identify(src/hrc_bringup) by extension 'ignore'
[0.342s] [34mcolcon.colcon_core.package_identification[0m [1;30mLevel 1[0m _identify(src/hrc_bringup) by extension 'ignore_ament_install'
[0.342s] [34mcolcon.colcon_core.package_identification[0m [1;30mLevel 1[0m _identify(src/hrc_bringup) by extensions ['colcon_pkg']
[0.342s] [34mcolcon.colcon_core.package_identification[0m [1;30mLevel 1[0m _identify(src/hrc_bringup) by extension 'colcon_pkg'
[0.342s] [34mcolcon.colcon_core.package_identification[0m [1;30mLevel 1[0m _identify(src/hrc_bringup) by extensions ['colcon_meta']
[0.342s] [34mcolcon.colcon_core.package_identification[0m [1;30mLevel 1[0m _identify(src/hrc_bringup) by extension 'colcon_meta'
[0.342s] [34mcolcon.colcon_core.package_identification[0m [1;30mLevel 1[0m _identify(src/hrc_bringup) by extensions ['ros']
[0.342s] [34mcolcon.colcon_core.package_identification[0m [1;30mLevel 1[0m _identify(src/hrc_bringup) by extension 'ros'
[0.342s] [34mcolcon.colcon_core.package_identification[0m [1;30mDEBUG[0m [32mPackage 'src/hrc_bringup' with type 'ros.ament_cmake' and name 'hrc_bringup'[0m
[0.343s] [34mcolcon.colcon_core.package_identification[0m [1;30mLevel 1[0m _identify(src/human_hand_msgs) by extensions ['ignore', 'ignore_ament_install']
[0.343s] [34mcolcon.colcon_core.package_identification[0m [1;30mLevel 1[0m _identify(src/human_hand_msgs) by extension 'ignore'
[0.343s] [34mcolcon.colcon_core.package_identification[0m [1;30mLevel 1[0m _identify(src/human_hand_msgs) by extension 'ignore_ament_install'
[0.343s] [34mcolcon.colcon_core.package_identification[0m [1;30mLevel 1[0m _identify(src/human_hand_msgs) by extensions ['colcon_pkg']
[0.343s] [34mcolcon.colcon_core.package_identification[0m [1;30mLevel 1[0m _identify(src/human_hand_msgs) by extension 'colcon_pkg'
[0.343s] [34mcolcon.colcon_core.package_identification[0m [1;30mLevel 1[0m _identify(src/human_hand_msgs) by extensions ['colcon_meta']
[0.343s] [34mcolcon.colcon_core.package_identification[0m [1;30mLevel 1[0m _identify(src/human_hand_msgs) by extension 'colcon_meta'
[0.343s] [34mcolcon.colcon_core.package_identification[0m [1;30mLevel 1[0m _identify(src/human_hand_msgs) by extensions ['ros']
[0.343s] [34mcolcon.colcon_core.package_identification[0m [1;30mLevel 1[0m _identify(src/human_hand_msgs) by extension 'ros'
[0.343s] [34mcolcon.colcon_core.package_identification[0m [1;30mDEBUG[0m [32mPackage 'src/human_hand_msgs' with type 'ros.catkin' and name 'human_hand_msgs'[0m
[0.343s] [34mcolcon.colcon_core.package_identification[0m [1;30mLevel 1[0m _identify(src/kinect2_ros2) by extensions ['ignore', 'ignore_ament_install']
[0.343s] [34mcolcon.colcon_core.package_identification[0m [1;30mLevel 1[0m _identify(src/kinect2_ros2) by extension 'ignore'
[0.343s] [34mcolcon.colcon_core.package_identification[0m [1;30mLevel 1[0m _identify(src/kinect2_ros2) by extension 'ignore_ament_install'
[0.343s] [34mcolcon.colcon_core.package_identification[0m [1;30mLevel 1[0m _identify(src/kinect2_ros2) by extensions ['colcon_pkg']
[0.343s] [34mcolcon.colcon_core.package_identification[0m [1;30mLevel 1[0m _identify(src/kinect2_ros2) by extension 'colcon_pkg'
[0.343s] [34mcolcon.colcon_core.package_identification[0m [1;30mLevel 1[0m _identify(src/kinect2_ros2) by extensions ['colcon_meta']
[0.343s] [34mcolcon.colcon_core.package_identification[0m [1;30mLevel 1[0m _identify(src/kinect2_ros2) by extension 'colcon_meta'
[0.343s] [34mcolcon.colcon_core.package_identification[0m [1;30mLevel 1[0m _identify(src/kinect2_ros2) by extensions ['ros']
[0.343s] [34mcolcon.colcon_core.package_identification[0m [1;30mLevel 1[0m _identify(src/kinect2_ros2) by extension 'ros'
[0.343s] [34mcolcon.colcon_core.package_identification[0m [1;30mLevel 1[0m _identify(src/kinect2_ros2) by extensions ['cmake', 'python']
[0.343s] [34mcolcon.colcon_core.package_identification[0m [1;30mLevel 1[0m _identify(src/kinect2_ros2) by extension 'cmake'
[0.343s] [34mcolcon.colcon_core.package_identification[0m [1;30mLevel 1[0m _identify(src/kinect2_ros2) by extension 'python'
[0.343s] [34mcolcon.colcon_core.package_identification[0m [1;30mLevel 1[0m _identify(src/kinect2_ros2) by extensions ['python_setup_py']
[0.343s] [34mcolcon.colcon_core.package_identification[0m [1;30mLevel 1[0m _identify(src/kinect2_ros2) by extension 'python_setup_py'
[0.343s] [34mcolcon.colcon_core.package_identification[0m [1;30mLevel 1[0m _identify(src/kinect2_ros2/kinect2_bridge) by extensions ['ignore', 'ignore_ament_install']
[0.344s] [34mcolcon.colcon_core.package_identification[0m [1;30mLevel 1[0m _identify(src/kinect2_ros2/kinect2_bridge) by extension 'ignore'
[0.344s] [34mcolcon.colcon_core.package_identification[0m [1;30mLevel 1[0m _identify(src/kinect2_ros2/kinect2_bridge) by extension 'ignore_ament_install'
[0.344s] [34mcolcon.colcon_core.package_identification[0m [1;30mLevel 1[0m _identify(src/kinect2_ros2/kinect2_bridge) by extensions ['colcon_pkg']
[0.344s] [34mcolcon.colcon_core.package_identification[0m [1;30mLevel 1[0m _identify(src/kinect2_ros2/kinect2_bridge) by extension 'colcon_pkg'
[0.344s] [34mcolcon.colcon_core.package_identification[0m [1;30mLevel 1[0m _identify(src/kinect2_ros2/kinect2_bridge) by extensions ['colcon_meta']
[0.344s] [34mcolcon.colcon_core.package_identification[0m [1;30mLevel 1[0m _identify(src/kinect2_ros2/kinect2_bridge) by extension 'colcon_meta'
[0.344s] [34mcolcon.colcon_core.package_identification[0m [1;30mLevel 1[0m _identify(src/kinect2_ros2/kinect2_bridge) by extensions ['ros']
[0.344s] [34mcolcon.colcon_core.package_identification[0m [1;30mLevel 1[0m _identify(src/kinect2_ros2/kinect2_bridge) by extension 'ros'
[0.344s] [34mcolcon.colcon_core.package_identification[0m [1;30mDEBUG[0m [32mPackage 'src/kinect2_ros2/kinect2_bridge' with type 'ros.ament_cmake' and name 'kinect2_bridge'[0m
[0.344s] [34mcolcon.colcon_core.package_identification[0m [1;30mLevel 1[0m _identify(src/kinect2_ros2/kinect2_calibration) by extensions ['ignore', 'ignore_ament_install']
[0.344s] [34mcolcon.colcon_core.package_identification[0m [1;30mLevel 1[0m _identify(src/kinect2_ros2/kinect2_calibration) by extension 'ignore'
[0.344s] [34mcolcon.colcon_core.package_identification[0m [1;30mLevel 1[0m _identify(src/kinect2_ros2/kinect2_calibration) by extension 'ignore_ament_install'
[0.344s] [34mcolcon.colcon_core.package_identification[0m [1;30mLevel 1[0m _identify(src/kinect2_ros2/kinect2_calibration) by extensions ['colcon_pkg']
[0.344s] [34mcolcon.colcon_core.package_identification[0m [1;30mLevel 1[0m _identify(src/kinect2_ros2/kinect2_calibration) by extension 'colcon_pkg'
[0.344s] [34mcolcon.colcon_core.package_identification[0m [1;30mLevel 1[0m _identify(src/kinect2_ros2/kinect2_calibration) by extensions ['colcon_meta']
[0.344s] [34mcolcon.colcon_core.package_identification[0m [1;30mLevel 1[0m _identify(src/kinect2_ros2/kinect2_calibration) by extension 'colcon_meta'
[0.345s] [34mcolcon.colcon_core.package_identification[0m [1;30mLevel 1[0m _identify(src/kinect2_ros2/kinect2_calibration) by extensions ['ros']
[0.345s] [34mcolcon.colcon_core.package_identification[0m [1;30mLevel 1[0m _identify(src/kinect2_ros2/kinect2_calibration) by extension 'ros'
[0.345s] [34mcolcon.colcon_core.package_identification[0m [1;30mDEBUG[0m [32mPackage 'src/kinect2_ros2/kinect2_calibration' with type 'ros.ament_cmake' and name 'kinect2_calibration'[0m
[0.345s] [34mcolcon.colcon_core.package_identification[0m [1;30mLevel 1[0m _identify(src/kinect2_ros2/kinect2_registration) by extensions ['ignore', 'ignore_ament_install']
[0.345s] [34mcolcon.colcon_core.package_identification[0m [1;30mLevel 1[0m _identify(src/kinect2_ros2/kinect2_registration) by extension 'ignore'
[0.345s] [34mcolcon.colcon_core.package_identification[0m [1;30mLevel 1[0m _identify(src/kinect2_ros2/kinect2_registration) by extension 'ignore_ament_install'
[0.345s] [34mcolcon.colcon_core.package_identification[0m [1;30mLevel 1[0m _identify(src/kinect2_ros2/kinect2_registration) by extensions ['colcon_pkg']
[0.345s] [34mcolcon.colcon_core.package_identification[0m [1;30mLevel 1[0m _identify(src/kinect2_ros2/kinect2_registration) by extension 'colcon_pkg'
[0.345s] [34mcolcon.colcon_core.package_identification[0m [1;30mLevel 1[0m _identify(src/kinect2_ros2/kinect2_registration) by extensions ['colcon_meta']
[0.345s] [34mcolcon.colcon_core.package_identification[0m [1;30mLevel 1[0m _identify(src/kinect2_ros2/kinect2_registration) by extension 'colcon_meta'
[0.346s] [34mcolcon.colcon_core.package_identification[0m [1;30mLevel 1[0m _identify(src/kinect2_ros2/kinect2_registration) by extensions ['ros']
[0.346s] [34mcolcon.colcon_core.package_identification[0m [1;30mLevel 1[0m _identify(src/kinect2_ros2/kinect2_registration) by extension 'ros'
[0.346s] [34mcolcon.colcon_core.package_identification[0m [1;30mDEBUG[0m [32mPackage 'src/kinect2_ros2/kinect2_registration' with type 'ros.ament_cmake' and name 'kinect2_registration'[0m
[0.346s] [34mcolcon.colcon_core.package_identification[0m [1;30mLevel 1[0m _identify(src/motoman_ros2_support_packages) by extensions ['ignore', 'ignore_ament_install']
[0.346s] [34mcolcon.colcon_core.package_identification[0m [1;30mLevel 1[0m _identify(src/motoman_ros2_support_packages) by extension 'ignore'
[0.346s] [34mcolcon.colcon_core.package_identification[0m [1;30mLevel 1[0m _identify(src/motoman_ros2_support_packages) by extension 'ignore_ament_install'
[0.346s] [34mcolcon.colcon_core.package_identification[0m [1;30mLevel 1[0m _identify(src/motoman_ros2_support_packages) by extensions ['colcon_pkg']
[0.346s] [34mcolcon.colcon_core.package_identification[0m [1;30mLevel 1[0m _identify(src/motoman_ros2_support_packages) by extension 'colcon_pkg'
[0.346s] [34mcolcon.colcon_core.package_identification[0m [1;30mLevel 1[0m _identify(src/motoman_ros2_support_packages) by extensions ['colcon_meta']
[0.346s] [34mcolcon.colcon_core.package_identification[0m [1;30mLevel 1[0m _identify(src/motoman_ros2_support_packages) by extension 'colcon_meta'
[0.346s] [34mcolcon.colcon_core.package_identification[0m [1;30mLevel 1[0m _identify(src/motoman_ros2_support_packages) by extensions ['ros']
[0.346s] [34mcolcon.colcon_core.package_identification[0m [1;30mLevel 1[0m _identify(src/motoman_ros2_support_packages) by extension 'ros'
[0.346s] [34mcolcon.colcon_core.package_identification[0m [1;30mLevel 1[0m _identify(src/motoman_ros2_support_packages) by extensions ['cmake', 'python']
[0.346s] [34mcolcon.colcon_core.package_identification[0m [1;30mLevel 1[0m _identify(src/motoman_ros2_support_packages) by extension 'cmake'
[0.346s] [34mcolcon.colcon_core.package_identification[0m [1;30mLevel 1[0m _identify(src/motoman_ros2_support_packages) by extension 'python'
[0.346s] [34mcolcon.colcon_core.package_identification[0m [1;30mLevel 1[0m _identify(src/motoman_ros2_support_packages) by extensions ['python_setup_py']
[0.346s] [34mcolcon.colcon_core.package_identification[0m [1;30mLevel 1[0m _identify(src/motoman_ros2_support_packages) by extension 'python_setup_py'
[0.347s] [34mcolcon.colcon_core.package_identification[0m [1;30mLevel 1[0m _identify(src/motoman_ros2_support_packages/motoman_gp4_support) by extensions ['ignore', 'ignore_ament_install']
[0.347s] [34mcolcon.colcon_core.package_identification[0m [1;30mLevel 1[0m _identify(src/motoman_ros2_support_packages/motoman_gp4_support) by extension 'ignore'
[0.347s] [34mcolcon.colcon_core.package_identification[0m [1;30mLevel 1[0m _identify(src/motoman_ros2_support_packages/motoman_gp4_support) by extension 'ignore_ament_install'
[0.347s] [34mcolcon.colcon_core.package_identification[0m [1;30mLevel 1[0m _identify(src/motoman_ros2_support_packages/motoman_gp4_support) by extensions ['colcon_pkg']
[0.347s] [34mcolcon.colcon_core.package_identification[0m [1;30mLevel 1[0m _identify(src/motoman_ros2_support_packages/motoman_gp4_support) by extension 'colcon_pkg'
[0.347s] [34mcolcon.colcon_core.package_identification[0m [1;30mLevel 1[0m _identify(src/motoman_ros2_support_packages/motoman_gp4_support) by extensions ['colcon_meta']
[0.347s] [34mcolcon.colcon_core.package_identification[0m [1;30mLevel 1[0m _identify(src/motoman_ros2_support_packages/motoman_gp4_support) by extension 'colcon_meta'
[0.347s] [34mcolcon.colcon_core.package_identification[0m [1;30mLevel 1[0m _identify(src/motoman_ros2_support_packages/motoman_gp4_support) by extensions ['ros']
[0.347s] [34mcolcon.colcon_core.package_identification[0m [1;30mLevel 1[0m _identify(src/motoman_ros2_support_packages/motoman_gp4_support) by extension 'ros'
[0.347s] [34mcolcon.colcon_core.package_identification[0m [1;30mDEBUG[0m [32mPackage 'src/motoman_ros2_support_packages/motoman_gp4_support' with type 'ros.ament_cmake' and name 'motoman_gp4_support'[0m
[0.347s] [34mcolcon.colcon_core.package_identification[0m [1;30mLevel 1[0m _identify(src/motoman_ros2_support_packages/motoman_hc10dtp_support) by extensions ['ignore', 'ignore_ament_install']
[0.347s] [34mcolcon.colcon_core.package_identification[0m [1;30mLevel 1[0m _identify(src/motoman_ros2_support_packages/motoman_hc10dtp_support) by extension 'ignore'
[0.347s] [34mcolcon.colcon_core.package_identification[0m [1;30mLevel 1[0m _identify(src/motoman_ros2_support_packages/motoman_hc10dtp_support) by extension 'ignore_ament_install'
[0.347s] [34mcolcon.colcon_core.package_identification[0m [1;30mLevel 1[0m _identify(src/motoman_ros2_support_packages/motoman_hc10dtp_support) by extensions ['colcon_pkg']
[0.347s] [34mcolcon.colcon_core.package_identification[0m [1;30mLevel 1[0m _identify(src/motoman_ros2_support_packages/motoman_hc10dtp_support) by extension 'colcon_pkg'
[0.347s] [34mcolcon.colcon_core.package_identification[0m [1;30mLevel 1[0m _identify(src/motoman_ros2_support_packages/motoman_hc10dtp_support) by extensions ['colcon_meta']
[0.348s] [34mcolcon.colcon_core.package_identification[0m [1;30mLevel 1[0m _identify(src/motoman_ros2_support_packages/motoman_hc10dtp_support) by extension 'colcon_meta'
[0.348s] [34mcolcon.colcon_core.package_identification[0m [1;30mLevel 1[0m _identify(src/motoman_ros2_support_packages/motoman_hc10dtp_support) by extensions ['ros']
[0.348s] [34mcolcon.colcon_core.package_identification[0m [1;30mLevel 1[0m _identify(src/motoman_ros2_support_packages/motoman_hc10dtp_support) by extension 'ros'
[0.348s] [34mcolcon.colcon_core.package_identification[0m [1;30mDEBUG[0m [32mPackage 'src/motoman_ros2_support_packages/motoman_hc10dtp_support' with type 'ros.ament_cmake' and name 'motoman_hc10dtp_support'[0m
[0.348s] [34mcolcon.colcon_core.package_identification[0m [1;30mLevel 1[0m _identify(src/motoman_ros2_support_packages/motoman_resources) by extensions ['ignore', 'ignore_ament_install']
[0.348s] [34mcolcon.colcon_core.package_identification[0m [1;30mLevel 1[0m _identify(src/motoman_ros2_support_packages/motoman_resources) by extension 'ignore'
[0.348s] [34mcolcon.colcon_core.package_identification[0m [1;30mLevel 1[0m _identify(src/motoman_ros2_support_packages/motoman_resources) by extension 'ignore_ament_install'
[0.348s] [34mcolcon.colcon_core.package_identification[0m [1;30mLevel 1[0m _identify(src/motoman_ros2_support_packages/motoman_resources) by extensions ['colcon_pkg']
[0.348s] [34mcolcon.colcon_core.package_identification[0m [1;30mLevel 1[0m _identify(src/motoman_ros2_support_packages/motoman_resources) by extension 'colcon_pkg'
[0.348s] [34mcolcon.colcon_core.package_identification[0m [1;30mLevel 1[0m _identify(src/motoman_ros2_support_packages/motoman_resources) by extensions ['colcon_meta']
[0.348s] [34mcolcon.colcon_core.package_identification[0m [1;30mLevel 1[0m _identify(src/motoman_ros2_support_packages/motoman_resources) by extension 'colcon_meta'
[0.348s] [34mcolcon.colcon_core.package_identification[0m [1;30mLevel 1[0m _identify(src/motoman_ros2_support_packages/motoman_resources) by extensions ['ros']
[0.348s] [34mcolcon.colcon_core.package_identification[0m [1;30mLevel 1[0m _identify(src/motoman_ros2_support_packages/motoman_resources) by extension 'ros'
[0.349s] [34mcolcon.colcon_core.package_identification[0m [1;30mDEBUG[0m [32mPackage 'src/motoman_ros2_support_packages/motoman_resources' with type 'ros.ament_cmake' and name 'motoman_resources'[0m
[0.349s] [34mcolcon.colcon_core.package_identification[0m [1;30mLevel 1[0m _identify(src/motoros2_client_interface_dependencies) by extensions ['ignore', 'ignore_ament_install']
[0.349s] [34mcolcon.colcon_core.package_identification[0m [1;30mLevel 1[0m _identify(src/motoros2_client_interface_dependencies) by extension 'ignore'
[0.349s] [34mcolcon.colcon_core.package_identification[0m [1;30mLevel 1[0m _identify(src/motoros2_client_interface_dependencies) by extension 'ignore_ament_install'
[0.349s] [34mcolcon.colcon_core.package_identification[0m [1;30mLevel 1[0m _identify(src/motoros2_client_interface_dependencies) by extensions ['colcon_pkg']
[0.349s] [34mcolcon.colcon_core.package_identification[0m [1;30mLevel 1[0m _identify(src/motoros2_client_interface_dependencies) by extension 'colcon_pkg'
[0.349s] [34mcolcon.colcon_core.package_identification[0m [1;30mLevel 1[0m _identify(src/motoros2_client_interface_dependencies) by extensions ['colcon_meta']
[0.349s] [34mcolcon.colcon_core.package_identification[0m [1;30mLevel 1[0m _identify(src/motoros2_client_interface_dependencies) by extension 'colcon_meta'
[0.349s] [34mcolcon.colcon_core.package_identification[0m [1;30mLevel 1[0m _identify(src/motoros2_client_interface_dependencies) by extensions ['ros']
[0.349s] [34mcolcon.colcon_core.package_identification[0m [1;30mLevel 1[0m _identify(src/motoros2_client_interface_dependencies) by extension 'ros'
[0.349s] [34mcolcon.colcon_core.package_identification[0m [1;30mDEBUG[0m [32mPackage 'src/motoros2_client_interface_dependencies' with type 'ros.ament_cmake' and name 'motoros2_client_interface_dependencies'[0m
[0.349s] [34mcolcon.colcon_core.package_identification[0m [1;30mLevel 1[0m _identify(src/motoros2_client_library) by extensions ['ignore', 'ignore_ament_install']
[0.350s] [34mcolcon.colcon_core.package_identification[0m [1;30mLevel 1[0m _identify(src/motoros2_client_library) by extension 'ignore'
[0.350s] [34mcolcon.colcon_core.package_identification[0m [1;30mLevel 1[0m _identify(src/motoros2_client_library) by extension 'ignore_ament_install'
[0.350s] [34mcolcon.colcon_core.package_identification[0m [1;30mLevel 1[0m _identify(src/motoros2_client_library) by extensions ['colcon_pkg']
[0.350s] [34mcolcon.colcon_core.package_identification[0m [1;30mLevel 1[0m _identify(src/motoros2_client_library) by extension 'colcon_pkg'
[0.350s] [34mcolcon.colcon_core.package_identification[0m [1;30mLevel 1[0m _identify(src/motoros2_client_library) by extensions ['colcon_meta']
[0.350s] [34mcolcon.colcon_core.package_identification[0m [1;30mLevel 1[0m _identify(src/motoros2_client_library) by extension 'colcon_meta'
[0.350s] [34mcolcon.colcon_core.package_identification[0m [1;30mLevel 1[0m _identify(src/motoros2_client_library) by extensions ['ros']
[0.350s] [34mcolcon.colcon_core.package_identification[0m [1;30mLevel 1[0m _identify(src/motoros2_client_library) by extension 'ros'
[0.350s] [34mcolcon.colcon_core.package_identification[0m [1;30mLevel 1[0m _identify(src/motoros2_client_library) by extensions ['cmake', 'python']
[0.350s] [34mcolcon.colcon_core.package_identification[0m [1;30mLevel 1[0m _identify(src/motoros2_client_library) by extension 'cmake'
[0.350s] [34mcolcon.colcon_core.package_identification[0m [1;30mLevel 1[0m _identify(src/motoros2_client_library) by extension 'python'
[0.350s] [34mcolcon.colcon_core.package_identification[0m [1;30mLevel 1[0m _identify(src/motoros2_client_library) by extensions ['python_setup_py']
[0.350s] [34mcolcon.colcon_core.package_identification[0m [1;30mLevel 1[0m _identify(src/motoros2_client_library) by extension 'python_setup_py'
[0.350s] [34mcolcon.colcon_core.package_identification[0m [1;30mLevel 1[0m _identify(src/predictor_ui) by extensions ['ignore', 'ignore_ament_install']
[0.350s] [34mcolcon.colcon_core.package_identification[0m [1;30mLevel 1[0m _identify(src/predictor_ui) by extension 'ignore'
[0.350s] [34mcolcon.colcon_core.package_identification[0m [1;30mLevel 1[0m _identify(src/predictor_ui) by extension 'ignore_ament_install'
[0.350s] [34mcolcon.colcon_core.package_identification[0m [1;30mLevel 1[0m _identify(src/predictor_ui) by extensions ['colcon_pkg']
[0.350s] [34mcolcon.colcon_core.package_identification[0m [1;30mLevel 1[0m _identify(src/predictor_ui) by extension 'colcon_pkg'
[0.350s] [34mcolcon.colcon_core.package_identification[0m [1;30mLevel 1[0m _identify(src/predictor_ui) by extensions ['colcon_meta']
[0.350s] [34mcolcon.colcon_core.package_identification[0m [1;30mLevel 1[0m _identify(src/predictor_ui) by extension 'colcon_meta'
[0.350s] [34mcolcon.colcon_core.package_identification[0m [1;30mLevel 1[0m _identify(src/predictor_ui) by extensions ['ros']
[0.350s] [34mcolcon.colcon_core.package_identification[0m [1;30mLevel 1[0m _identify(src/predictor_ui) by extension 'ros'
[0.351s] [34mcolcon.colcon_core.package_identification[0m [1;30mDEBUG[0m [32mPackage 'src/predictor_ui' with type 'ros.ament_python' and name 'predictor_ui'[0m
[0.351s] [34mcolcon.colcon_core.package_identification[0m [1;30mLevel 1[0m _identify(src/realsense_tracker) by extensions ['ignore', 'ignore_ament_install']
[0.351s] [34mcolcon.colcon_core.package_identification[0m [1;30mLevel 1[0m _identify(src/realsense_tracker) by extension 'ignore'
[0.351s] [34mcolcon.colcon_core.package_identification[0m [1;30mLevel 1[0m _identify(src/realsense_tracker) by extension 'ignore_ament_install'
[0.351s] [34mcolcon.colcon_core.package_identification[0m [1;30mLevel 1[0m _identify(src/realsense_tracker) by extensions ['colcon_pkg']
[0.351s] [34mcolcon.colcon_core.package_identification[0m [1;30mLevel 1[0m _identify(src/realsense_tracker) by extension 'colcon_pkg'
[0.351s] [34mcolcon.colcon_core.package_identification[0m [1;30mLevel 1[0m _identify(src/realsense_tracker) by extensions ['colcon_meta']
[0.351s] [34mcolcon.colcon_core.package_identification[0m [1;30mLevel 1[0m _identify(src/realsense_tracker) by extension 'colcon_meta'
[0.351s] [34mcolcon.colcon_core.package_identification[0m [1;30mLevel 1[0m _identify(src/realsense_tracker) by extensions ['ros']
[0.351s] [34mcolcon.colcon_core.package_identification[0m [1;30mLevel 1[0m _identify(src/realsense_tracker) by extension 'ros'
[0.352s] [34mcolcon.colcon_core.package_identification[0m [1;30mDEBUG[0m [32mPackage 'src/realsense_tracker' with type 'ros.ament_python' and name 'realsense_tracker'[0m
[0.352s] [34mcolcon.colcon_core.package_identification[0m [1;30mLevel 1[0m _identify(src/ros-industrial) by extensions ['ignore', 'ignore_ament_install']
[0.352s] [34mcolcon.colcon_core.package_identification[0m [1;30mLevel 1[0m _identify(src/ros-industrial) by extension 'ignore'
[0.352s] [34mcolcon.colcon_core.package_identification[0m [1;30mLevel 1[0m _identify(src/ros-industrial) by extension 'ignore_ament_install'
[0.352s] [34mcolcon.colcon_core.package_identification[0m [1;30mLevel 1[0m _identify(src/ros-industrial) by extensions ['colcon_pkg']
[0.352s] [34mcolcon.colcon_core.package_identification[0m [1;30mLevel 1[0m _identify(src/ros-industrial) by extension 'colcon_pkg'
[0.352s] [34mcolcon.colcon_core.package_identification[0m [1;30mLevel 1[0m _identify(src/ros-industrial) by extensions ['colcon_meta']
[0.352s] [34mcolcon.colcon_core.package_identification[0m [1;30mLevel 1[0m _identify(src/ros-industrial) by extension 'colcon_meta'
[0.352s] [34mcolcon.colcon_core.package_identification[0m [1;30mLevel 1[0m _identify(src/ros-industrial) by extensions ['ros']
[0.352s] [34mcolcon.colcon_core.package_identification[0m [1;30mLevel 1[0m _identify(src/ros-industrial) by extension 'ros'
[0.352s] [34mcolcon.colcon_core.package_identification[0m [1;30mLevel 1[0m _identify(src/ros-industrial) by extensions ['cmake', 'python']
[0.352s] [34mcolcon.colcon_core.package_identification[0m [1;30mLevel 1[0m _identify(src/ros-industrial) by extension 'cmake'
[0.352s] [34mcolcon.colcon_core.package_identification[0m [1;30mLevel 1[0m _identify(src/ros-industrial) by extension 'python'
[0.352s] [34mcolcon.colcon_core.package_identification[0m [1;30mLevel 1[0m _identify(src/ros-industrial) by extensions ['python_setup_py']
[0.352s] [34mcolcon.colcon_core.package_identification[0m [1;30mLevel 1[0m _identify(src/ros-industrial) by extension 'python_setup_py'
[0.352s] [34mcolcon.colcon_core.package_identification[0m [1;30mLevel 1[0m _identify(src/ros-industrial/industrial_core_ros2_msgs_only) by extensions ['ignore', 'ignore_ament_install']
[0.352s] [34mcolcon.colcon_core.package_identification[0m [1;30mLevel 1[0m _identify(src/ros-industrial/industrial_core_ros2_msgs_only) by extension 'ignore'
[0.352s] [34mcolcon.colcon_core.package_identification[0m [1;30mLevel 1[0m _identify(src/ros-industrial/industrial_core_ros2_msgs_only) by extension 'ignore_ament_install'
[0.352s] [34mcolcon.colcon_core.package_identification[0m [1;30mLevel 1[0m _identify(src/ros-industrial/industrial_core_ros2_msgs_only) by extensions ['colcon_pkg']
[0.352s] [34mcolcon.colcon_core.package_identification[0m [1;30mLevel 1[0m _identify(src/ros-industrial/industrial_core_ros2_msgs_only) by extension 'colcon_pkg'
[0.352s] [34mcolcon.colcon_core.package_identification[0m [1;30mLevel 1[0m _identify(src/ros-industrial/industrial_core_ros2_msgs_only) by extensions ['colcon_meta']
[0.352s] [34mcolcon.colcon_core.package_identification[0m [1;30mLevel 1[0m _identify(src/ros-industrial/industrial_core_ros2_msgs_only) by extension 'colcon_meta'
[0.352s] [34mcolcon.colcon_core.package_identification[0m [1;30mLevel 1[0m _identify(src/ros-industrial/industrial_core_ros2_msgs_only) by extensions ['ros']
[0.352s] [34mcolcon.colcon_core.package_identification[0m [1;30mLevel 1[0m _identify(src/ros-industrial/industrial_core_ros2_msgs_only) by extension 'ros'
[0.352s] [34mcolcon.colcon_core.package_identification[0m [1;30mLevel 1[0m _identify(src/ros-industrial/industrial_core_ros2_msgs_only) by extensions ['cmake', 'python']
[0.352s] [34mcolcon.colcon_core.package_identification[0m [1;30mLevel 1[0m _identify(src/ros-industrial/industrial_core_ros2_msgs_only) by extension 'cmake'
[0.352s] [34mcolcon.colcon_core.package_identification[0m [1;30mLevel 1[0m _identify(src/ros-industrial/industrial_core_ros2_msgs_only) by extension 'python'
[0.352s] [34mcolcon.colcon_core.package_identification[0m [1;30mLevel 1[0m _identify(src/ros-industrial/industrial_core_ros2_msgs_only) by extensions ['python_setup_py']
[0.353s] [34mcolcon.colcon_core.package_identification[0m [1;30mLevel 1[0m _identify(src/ros-industrial/industrial_core_ros2_msgs_only) by extension 'python_setup_py'
[0.353s] [34mcolcon.colcon_core.package_identification[0m [1;30mLevel 1[0m _identify(src/ros-industrial/industrial_core_ros2_msgs_only/industrial_msgs) by extensions ['ignore', 'ignore_ament_install']
[0.353s] [34mcolcon.colcon_core.package_identification[0m [1;30mLevel 1[0m _identify(src/ros-industrial/industrial_core_ros2_msgs_only/industrial_msgs) by extension 'ignore'
[0.353s] [34mcolcon.colcon_core.package_identification[0m [1;30mLevel 1[0m _identify(src/ros-industrial/industrial_core_ros2_msgs_only/industrial_msgs) by extension 'ignore_ament_install'
[0.353s] [34mcolcon.colcon_core.package_identification[0m [1;30mLevel 1[0m _identify(src/ros-industrial/industrial_core_ros2_msgs_only/industrial_msgs) by extensions ['colcon_pkg']
[0.353s] [34mcolcon.colcon_core.package_identification[0m [1;30mLevel 1[0m _identify(src/ros-industrial/industrial_core_ros2_msgs_only/industrial_msgs) by extension 'colcon_pkg'
[0.353s] [34mcolcon.colcon_core.package_identification[0m [1;30mLevel 1[0m _identify(src/ros-industrial/industrial_core_ros2_msgs_only/industrial_msgs) by extensions ['colcon_meta']
[0.353s] [34mcolcon.colcon_core.package_identification[0m [1;30mLevel 1[0m _identify(src/ros-industrial/industrial_core_ros2_msgs_only/industrial_msgs) by extension 'colcon_meta'
[0.353s] [34mcolcon.colcon_core.package_identification[0m [1;30mLevel 1[0m _identify(src/ros-industrial/industrial_core_ros2_msgs_only/industrial_msgs) by extensions ['ros']
[0.353s] [34mcolcon.colcon_core.package_identification[0m [1;30mLevel 1[0m _identify(src/ros-industrial/industrial_core_ros2_msgs_only/industrial_msgs) by extension 'ros'
[0.353s] [34mcolcon.colcon_core.package_identification[0m [1;30mDEBUG[0m [32mPackage 'src/ros-industrial/industrial_core_ros2_msgs_only/industrial_msgs' with type 'ros.ament_cmake' and name 'industrial_msgs'[0m
[0.353s] [34mcolcon.colcon_core.package_identification[0m [1;30mLevel 1[0m _identify(src/rula_tracker) by extensions ['ignore', 'ignore_ament_install']
[0.353s] [34mcolcon.colcon_core.package_identification[0m [1;30mLevel 1[0m _identify(src/rula_tracker) by extension 'ignore'
[0.353s] [34mcolcon.colcon_core.package_identification[0m [1;30mLevel 1[0m _identify(src/rula_tracker) by extension 'ignore_ament_install'
[0.353s] [34mcolcon.colcon_core.package_identification[0m [1;30mLevel 1[0m _identify(src/rula_tracker) by extensions ['colcon_pkg']
[0.353s] [34mcolcon.colcon_core.package_identification[0m [1;30mLevel 1[0m _identify(src/rula_tracker) by extension 'colcon_pkg'
[0.353s] [34mcolcon.colcon_core.package_identification[0m [1;30mLevel 1[0m _identify(src/rula_tracker) by extensions ['colcon_meta']
[0.353s] [34mcolcon.colcon_core.package_identification[0m [1;30mLevel 1[0m _identify(src/rula_tracker) by extension 'colcon_meta'
[0.354s] [34mcolcon.colcon_core.package_identification[0m [1;30mLevel 1[0m _identify(src/rula_tracker) by extensions ['ros']
[0.354s] [34mcolcon.colcon_core.package_identification[0m [1;30mLevel 1[0m _identify(src/rula_tracker) by extension 'ros'
[0.354s] [34mcolcon.colcon_core.package_identification[0m [1;30mDEBUG[0m [32mPackage 'src/rula_tracker' with type 'ros.ament_python' and name 'rula_tracker'[0m
[0.354s] [34mcolcon.colcon_core.package_identification[0m [1;30mLevel 1[0m _identify(src/trac_ik) by extensions ['ignore', 'ignore_ament_install']
[0.354s] [34mcolcon.colcon_core.package_identification[0m [1;30mLevel 1[0m _identify(src/trac_ik) by extension 'ignore'
[0.354s] [34mcolcon.colcon_core.package_identification[0m [1;30mLevel 1[0m _identify(src/trac_ik) by extension 'ignore_ament_install'
[0.354s] [34mcolcon.colcon_core.package_identification[0m [1;30mLevel 1[0m _identify(src/trac_ik) by extensions ['colcon_pkg']
[0.354s] [34mcolcon.colcon_core.package_identification[0m [1;30mLevel 1[0m _identify(src/trac_ik) by extension 'colcon_pkg'
[0.354s] [34mcolcon.colcon_core.package_identification[0m [1;30mLevel 1[0m _identify(src/trac_ik) by extensions ['colcon_meta']
[0.354s] [34mcolcon.colcon_core.package_identification[0m [1;30mLevel 1[0m _identify(src/trac_ik) by extension 'colcon_meta'
[0.354s] [34mcolcon.colcon_core.package_identification[0m [1;30mLevel 1[0m _identify(src/trac_ik) by extensions ['ros']
[0.354s] [34mcolcon.colcon_core.package_identification[0m [1;30mLevel 1[0m _identify(src/trac_ik) by extension 'ros'
[0.354s] [34mcolcon.colcon_core.package_identification[0m [1;30mLevel 1[0m _identify(src/trac_ik) by extensions ['cmake', 'python']
[0.354s] [34mcolcon.colcon_core.package_identification[0m [1;30mLevel 1[0m _identify(src/trac_ik) by extension 'cmake'
[0.354s] [34mcolcon.colcon_core.package_identification[0m [1;30mLevel 1[0m _identify(src/trac_ik) by extension 'python'
[0.354s] [34mcolcon.colcon_core.package_identification[0m [1;30mLevel 1[0m _identify(src/trac_ik) by extensions ['python_setup_py']
[0.354s] [34mcolcon.colcon_core.package_identification[0m [1;30mLevel 1[0m _identify(src/trac_ik) by extension 'python_setup_py'
[0.354s] [34mcolcon.colcon_core.package_identification[0m [1;30mLevel 1[0m _identify(src/trac_ik/nlopt) by extensions ['ignore', 'ignore_ament_install']
[0.355s] [34mcolcon.colcon_core.package_identification[0m [1;30mLevel 1[0m _identify(src/trac_ik/nlopt) by extension 'ignore'
[0.355s] [34mcolcon.colcon_core.package_identification[0m [1;30mLevel 1[0m _identify(src/trac_ik/nlopt) by extension 'ignore_ament_install'
[0.355s] [34mcolcon.colcon_core.package_identification[0m [1;30mLevel 1[0m _identify(src/trac_ik/nlopt) by extensions ['colcon_pkg']
[0.355s] [34mcolcon.colcon_core.package_identification[0m [1;30mLevel 1[0m _identify(src/trac_ik/nlopt) by extension 'colcon_pkg'
[0.355s] [34mcolcon.colcon_core.package_identification[0m [1;30mLevel 1[0m _identify(src/trac_ik/nlopt) by extensions ['colcon_meta']
[0.355s] [34mcolcon.colcon_core.package_identification[0m [1;30mLevel 1[0m _identify(src/trac_ik/nlopt) by extension 'colcon_meta'
[0.355s] [34mcolcon.colcon_core.package_identification[0m [1;30mLevel 1[0m _identify(src/trac_ik/nlopt) by extensions ['ros']
[0.355s] [34mcolcon.colcon_core.package_identification[0m [1;30mLevel 1[0m _identify(src/trac_ik/nlopt) by extension 'ros'
[0.355s] [34mcolcon.colcon_core.package_identification[0m [1;30mLevel 1[0m _identify(src/trac_ik/nlopt) by extensions ['cmake', 'python']
[0.355s] [34mcolcon.colcon_core.package_identification[0m [1;30mLevel 1[0m _identify(src/trac_ik/nlopt) by extension 'cmake'
[0.355s] [34mcolcon.colcon_core.package_identification[0m [1;30mLevel 1[0m _identify(src/trac_ik/nlopt) by extension 'python'
[0.355s] [34mcolcon.colcon_core.package_identification[0m [1;30mLevel 1[0m _identify(src/trac_ik/nlopt) by extensions ['python_setup_py']
[0.355s] [34mcolcon.colcon_core.package_identification[0m [1;30mLevel 1[0m _identify(src/trac_ik/nlopt) by extension 'python_setup_py'
[0.355s] [34mcolcon.colcon_core.package_identification[0m [1;30mLevel 1[0m _identify(src/trac_ik/trac_ik) by extensions ['ignore', 'ignore_ament_install']
[0.355s] [34mcolcon.colcon_core.package_identification[0m [1;30mLevel 1[0m _identify(src/trac_ik/trac_ik) by extension 'ignore'
[0.355s] [34mcolcon.colcon_core.package_identification[0m [1;30mLevel 1[0m _identify(src/trac_ik/trac_ik) by extension 'ignore_ament_install'
[0.355s] [34mcolcon.colcon_core.package_identification[0m [1;30mLevel 1[0m _identify(src/trac_ik/trac_ik) by extensions ['colcon_pkg']
[0.355s] [34mcolcon.colcon_core.package_identification[0m [1;30mLevel 1[0m _identify(src/trac_ik/trac_ik) by extension 'colcon_pkg'
[0.355s] [34mcolcon.colcon_core.package_identification[0m [1;30mLevel 1[0m _identify(src/trac_ik/trac_ik) by extensions ['colcon_meta']
[0.355s] [34mcolcon.colcon_core.package_identification[0m [1;30mLevel 1[0m _identify(src/trac_ik/trac_ik) by extension 'colcon_meta'
[0.355s] [34mcolcon.colcon_core.package_identification[0m [1;30mLevel 1[0m _identify(src/trac_ik/trac_ik) by extensions ['ros']
[0.355s] [34mcolcon.colcon_core.package_identification[0m [1;30mLevel 1[0m _identify(src/trac_ik/trac_ik) by extension 'ros'
[0.355s] [34mcolcon.colcon_core.package_identification[0m [1;30mDEBUG[0m [32mPackage 'src/trac_ik/trac_ik' with type 'ros.ament_cmake' and name 'trac_ik'[0m
[0.356s] [34mcolcon.colcon_core.package_identification[0m [1;30mLevel 1[0m _identify(src/trac_ik/trac_ik_examples) by extensions ['ignore', 'ignore_ament_install']
[0.356s] [34mcolcon.colcon_core.package_identification[0m [1;30mLevel 1[0m _identify(src/trac_ik/trac_ik_examples) by extension 'ignore'
[0.356s] [34mcolcon.colcon_core.package_identification[0m [1;30mLevel 1[0m _identify(src/trac_ik/trac_ik_examples) ignored
[0.356s] [34mcolcon.colcon_core.package_identification[0m [1;30mLevel 1[0m _identify(src/trac_ik/trac_ik_kinematics) by extensions ['ignore', 'ignore_ament_install']
[0.356s] [34mcolcon.colcon_core.package_identification[0m [1;30mLevel 1[0m _identify(src/trac_ik/trac_ik_kinematics) by extension 'ignore'
[0.356s] [34mcolcon.colcon_core.package_identification[0m [1;30mLevel 1[0m _identify(src/trac_ik/trac_ik_kinematics) by extension 'ignore_ament_install'
[0.356s] [34mcolcon.colcon_core.package_identification[0m [1;30mLevel 1[0m _identify(src/trac_ik/trac_ik_kinematics) by extensions ['colcon_pkg']
[0.356s] [34mcolcon.colcon_core.package_identification[0m [1;30mLevel 1[0m _identify(src/trac_ik/trac_ik_kinematics) by extension 'colcon_pkg'
[0.356s] [34mcolcon.colcon_core.package_identification[0m [1;30mLevel 1[0m _identify(src/trac_ik/trac_ik_kinematics) by extensions ['colcon_meta']
[0.356s] [34mcolcon.colcon_core.package_identification[0m [1;30mLevel 1[0m _identify(src/trac_ik/trac_ik_kinematics) by extension 'colcon_meta'
[0.356s] [34mcolcon.colcon_core.package_identification[0m [1;30mLevel 1[0m _identify(src/trac_ik/trac_ik_kinematics) by extensions ['ros']
[0.356s] [34mcolcon.colcon_core.package_identification[0m [1;30mLevel 1[0m _identify(src/trac_ik/trac_ik_kinematics) by extension 'ros'
[0.357s] [34mcolcon.colcon_core.package_identification[0m [1;30mDEBUG[0m [32mPackage 'src/trac_ik/trac_ik_kinematics' with type 'ros.ament_cmake' and name 'trac_ik_kinematics'[0m
[0.357s] [34mcolcon.colcon_core.package_identification[0m [1;30mLevel 1[0m _identify(src/trac_ik/trac_ik_lib) by extensions ['ignore', 'ignore_ament_install']
[0.357s] [34mcolcon.colcon_core.package_identification[0m [1;30mLevel 1[0m _identify(src/trac_ik/trac_ik_lib) by extension 'ignore'
[0.357s] [34mcolcon.colcon_core.package_identification[0m [1;30mLevel 1[0m _identify(src/trac_ik/trac_ik_lib) by extension 'ignore_ament_install'
[0.357s] [34mcolcon.colcon_core.package_identification[0m [1;30mLevel 1[0m _identify(src/trac_ik/trac_ik_lib) by extensions ['colcon_pkg']
[0.357s] [34mcolcon.colcon_core.package_identification[0m [1;30mLevel 1[0m _identify(src/trac_ik/trac_ik_lib) by extension 'colcon_pkg'
[0.357s] [34mcolcon.colcon_core.package_identification[0m [1;30mLevel 1[0m _identify(src/trac_ik/trac_ik_lib) by extensions ['colcon_meta']
[0.357s] [34mcolcon.colcon_core.package_identification[0m [1;30mLevel 1[0m _identify(src/trac_ik/trac_ik_lib) by extension 'colcon_meta'
[0.357s] [34mcolcon.colcon_core.package_identification[0m [1;30mLevel 1[0m _identify(src/trac_ik/trac_ik_lib) by extensions ['ros']
[0.357s] [34mcolcon.colcon_core.package_identification[0m [1;30mLevel 1[0m _identify(src/trac_ik/trac_ik_lib) by extension 'ros'
[0.358s] [34mcolcon.colcon_core.package_identification[0m [1;30mDEBUG[0m [32mPackage 'src/trac_ik/trac_ik_lib' with type 'ros.ament_cmake' and name 'trac_ik_lib'[0m
[0.358s] [34mcolcon.colcon_core.package_identification[0m [1;30mLevel 1[0m _identify(src/trac_ik/trac_ik_python) by extensions ['ignore', 'ignore_ament_install']
[0.358s] [34mcolcon.colcon_core.package_identification[0m [1;30mLevel 1[0m _identify(src/trac_ik/trac_ik_python) by extension 'ignore'
[0.358s] [34mcolcon.colcon_core.package_identification[0m [1;30mLevel 1[0m _identify(src/trac_ik/trac_ik_python) ignored
[0.358s] [34mcolcon.colcon_core.package_identification[0m [1;30mLevel 1[0m _identify(src/trajectory_predictor) by extensions ['ignore', 'ignore_ament_install']
[0.358s] [34mcolcon.colcon_core.package_identification[0m [1;30mLevel 1[0m _identify(src/trajectory_predictor) by extension 'ignore'
[0.358s] [34mcolcon.colcon_core.package_identification[0m [1;30mLevel 1[0m _identify(src/trajectory_predictor) by extension 'ignore_ament_install'
[0.358s] [34mcolcon.colcon_core.package_identification[0m [1;30mLevel 1[0m _identify(src/trajectory_predictor) by extensions ['colcon_pkg']
[0.358s] [34mcolcon.colcon_core.package_identification[0m [1;30mLevel 1[0m _identify(src/trajectory_predictor) by extension 'colcon_pkg'
[0.358s] [34mcolcon.colcon_core.package_identification[0m [1;30mLevel 1[0m _identify(src/trajectory_predictor) by extensions ['colcon_meta']
[0.358s] [34mcolcon.colcon_core.package_identification[0m [1;30mLevel 1[0m _identify(src/trajectory_predictor) by extension 'colcon_meta'
[0.358s] [34mcolcon.colcon_core.package_identification[0m [1;30mLevel 1[0m _identify(src/trajectory_predictor) by extensions ['ros']
[0.358s] [34mcolcon.colcon_core.package_identification[0m [1;30mLevel 1[0m _identify(src/trajectory_predictor) by extension 'ros'
[0.358s] [34mcolcon.colcon_core.package_identification[0m [1;30mDEBUG[0m [32mPackage 'src/trajectory_predictor' with type 'ros.ament_python' and name 'trajectory_predictor'[0m
[0.359s] [34mcolcon.colcon_core.package_identification[0m [1;30mLevel 1[0m _identify(src/yaskawa-global) by extensions ['ignore', 'ignore_ament_install']
[0.359s] [34mcolcon.colcon_core.package_identification[0m [1;30mLevel 1[0m _identify(src/yaskawa-global) by extension 'ignore'
[0.359s] [34mcolcon.colcon_core.package_identification[0m [1;30mLevel 1[0m _identify(src/yaskawa-global) by extension 'ignore_ament_install'
[0.359s] [34mcolcon.colcon_core.package_identification[0m [1;30mLevel 1[0m _identify(src/yaskawa-global) by extensions ['colcon_pkg']
[0.359s] [34mcolcon.colcon_core.package_identification[0m [1;30mLevel 1[0m _identify(src/yaskawa-global) by extension 'colcon_pkg'
[0.359s] [34mcolcon.colcon_core.package_identification[0m [1;30mLevel 1[0m _identify(src/yaskawa-global) by extensions ['colcon_meta']
[0.359s] [34mcolcon.colcon_core.package_identification[0m [1;30mLevel 1[0m _identify(src/yaskawa-global) by extension 'colcon_meta'
[0.359s] [34mcolcon.colcon_core.package_identification[0m [1;30mLevel 1[0m _identify(src/yaskawa-global) by extensions ['ros']
[0.359s] [34mcolcon.colcon_core.package_identification[0m [1;30mLevel 1[0m _identify(src/yaskawa-global) by extension 'ros'
[0.359s] [34mcolcon.colcon_core.package_identification[0m [1;30mLevel 1[0m _identify(src/yaskawa-global) by extensions ['cmake', 'python']
[0.359s] [34mcolcon.colcon_core.package_identification[0m [1;30mLevel 1[0m _identify(src/yaskawa-global) by extension 'cmake'
[0.359s] [34mcolcon.colcon_core.package_identification[0m [1;30mLevel 1[0m _identify(src/yaskawa-global) by extension 'python'
[0.359s] [34mcolcon.colcon_core.package_identification[0m [1;30mLevel 1[0m _identify(src/yaskawa-global) by extensions ['python_setup_py']
[0.359s] [34mcolcon.colcon_core.package_identification[0m [1;30mLevel 1[0m _identify(src/yaskawa-global) by extension 'python_setup_py'
[0.359s] [34mcolcon.colcon_core.package_identification[0m [1;30mLevel 1[0m _identify(src/yaskawa-global/motoros2_interfaces) by extensions ['ignore', 'ignore_ament_install']
[0.359s] [34mcolcon.colcon_core.package_identification[0m [1;30mLevel 1[0m _identify(src/yaskawa-global/motoros2_interfaces) by extension 'ignore'
[0.359s] [34mcolcon.colcon_core.package_identification[0m [1;30mLevel 1[0m _identify(src/yaskawa-global/motoros2_interfaces) by extension 'ignore_ament_install'
[0.359s] [34mcolcon.colcon_core.package_identification[0m [1;30mLevel 1[0m _identify(src/yaskawa-global/motoros2_interfaces) by extensions ['colcon_pkg']
[0.359s] [34mcolcon.colcon_core.package_identification[0m [1;30mLevel 1[0m _identify(src/yaskawa-global/motoros2_interfaces) by extension 'colcon_pkg'
[0.359s] [34mcolcon.colcon_core.package_identification[0m [1;30mLevel 1[0m _identify(src/yaskawa-global/motoros2_interfaces) by extensions ['colcon_meta']
[0.359s] [34mcolcon.colcon_core.package_identification[0m [1;30mLevel 1[0m _identify(src/yaskawa-global/motoros2_interfaces) by extension 'colcon_meta'
[0.359s] [34mcolcon.colcon_core.package_identification[0m [1;30mLevel 1[0m _identify(src/yaskawa-global/motoros2_interfaces) by extensions ['ros']
[0.359s] [34mcolcon.colcon_core.package_identification[0m [1;30mLevel 1[0m _identify(src/yaskawa-global/motoros2_interfaces) by extension 'ros'
[0.360s] [34mcolcon.colcon_core.package_identification[0m [1;30mDEBUG[0m [32mPackage 'src/yaskawa-global/motoros2_interfaces' with type 'ros.ament_cmake' and name 'motoros2_interfaces'[0m
[0.360s] [34mcolcon.colcon_core.package_discovery[0m [1;30mLevel 1[0m discover_packages(recursive) using defaults
[0.360s] [34mcolcon.colcon_core.package_discovery[0m [1;30mLevel 1[0m discover_packages(ignore) discover
[0.360s] [34mcolcon.colcon_core.package_discovery[0m [1;30mLevel 1[0m discover_packages(ignore) using defaults
[0.360s] [34mcolcon.colcon_core.package_discovery[0m [1;30mLevel 1[0m discover_packages(path) discover
[0.360s] [34mcolcon.colcon_core.package_discovery[0m [1;30mLevel 1[0m discover_packages(path) using defaults
[0.380s] [34mcolcon.colcon_core.package_discovery[0m [1;30mLevel 1[0m discover_packages(prefix_path) check parameters
[0.380s] [34mcolcon.colcon_core.package_discovery[0m [1;30mLevel 1[0m discover_packages(prefix_path) discover
[0.384s] [34mcolcon.colcon_installed_package_information.package_discovery[0m [1;30mDEBUG[0m [32mFound 24 installed packages in /home/duy/cocarry_ws/install[0m
[0.385s] [34mcolcon.colcon_installed_package_information.package_discovery[0m [1;30mDEBUG[0m [32mFound 383 installed packages in /opt/ros/humble[0m
[0.386s] [34mcolcon.colcon_core.package_discovery[0m [1;30mLevel 1[0m discover_packages(prefix_path) using defaults
[0.420s] [34mcolcon.colcon_core.verb[0m [1;30mLevel 5[0m set package 'human_hand_msgs' build argument 'cmake_args' from command line to 'None'
[0.420s] [34mcolcon.colcon_core.verb[0m [1;30mLevel 5[0m set package 'human_hand_msgs' build argument 'cmake_target' from command line to 'None'
[0.420s] [34mcolcon.colcon_core.verb[0m [1;30mLevel 5[0m set package 'human_hand_msgs' build argument 'cmake_target_skip_unavailable' from command line to 'False'
[0.420s] [34mcolcon.colcon_core.verb[0m [1;30mLevel 5[0m set package 'human_hand_msgs' build argument 'cmake_clean_cache' from command line to 'False'
[0.420s] [34mcolcon.colcon_core.verb[0m [1;30mLevel 5[0m set package 'human_hand_msgs' build argument 'cmake_clean_first' from command line to 'False'
[0.420s] [34mcolcon.colcon_core.verb[0m [1;30mLevel 5[0m set package 'human_hand_msgs' build argument 'cmake_force_configure' from command line to 'False'
[0.420s] [34mcolcon.colcon_core.verb[0m [1;30mLevel 5[0m set package 'human_hand_msgs' build argument 'ament_cmake_args' from command line to 'None'
[0.420s] [34mcolcon.colcon_core.verb[0m [1;30mLevel 5[0m set package 'human_hand_msgs' build argument 'catkin_cmake_args' from command line to 'None'
[0.420s] [34mcolcon.colcon_core.verb[0m [1;30mLevel 5[0m set package 'human_hand_msgs' build argument 'catkin_skip_building_tests' from command line to 'False'
[0.420s] [34mcolcon.colcon_core.verb[0m [1;30mDEBUG[0m [32mBuilding package 'human_hand_msgs' with the following arguments: {'ament_cmake_args': None, 'build_base': '/home/duy/cocarry_ws/build/human_hand_msgs', 'catkin_cmake_args': None, 'catkin_skip_building_tests': False, 'cmake_args': None, 'cmake_clean_cache': False, 'cmake_clean_first': False, 'cmake_force_configure': False, 'cmake_target': None, 'cmake_target_skip_unavailable': False, 'install_base': '/home/duy/cocarry_ws/install/human_hand_msgs', 'merge_install': False, 'path': '/home/duy/cocarry_ws/src/human_hand_msgs', 'symlink_install': False, 'test_result_base': None}[0m
[0.420s] [34mcolcon.colcon_core.verb[0m [1;30mLevel 5[0m set package 'industrial_msgs' build argument 'cmake_args' from command line to 'None'
[0.420s] [34mcolcon.colcon_core.verb[0m [1;30mLevel 5[0m set package 'industrial_msgs' build argument 'cmake_target' from command line to 'None'
[0.420s] [34mcolcon.colcon_core.verb[0m [1;30mLevel 5[0m set package 'industrial_msgs' build argument 'cmake_target_skip_unavailable' from command line to 'False'
[0.420s] [34mcolcon.colcon_core.verb[0m [1;30mLevel 5[0m set package 'industrial_msgs' build argument 'cmake_clean_cache' from command line to 'False'
[0.420s] [34mcolcon.colcon_core.verb[0m [1;30mLevel 5[0m set package 'industrial_msgs' build argument 'cmake_clean_first' from command line to 'False'
[0.420s] [34mcolcon.colcon_core.verb[0m [1;30mLevel 5[0m set package 'industrial_msgs' build argument 'cmake_force_configure' from command line to 'False'
[0.421s] [34mcolcon.colcon_core.verb[0m [1;30mLevel 5[0m set package 'industrial_msgs' build argument 'ament_cmake_args' from command line to 'None'
[0.421s] [34mcolcon.colcon_core.verb[0m [1;30mLevel 5[0m set package 'industrial_msgs' build argument 'catkin_cmake_args' from command line to 'None'
[0.421s] [34mcolcon.colcon_core.verb[0m [1;30mLevel 5[0m set package 'industrial_msgs' build argument 'catkin_skip_building_tests' from command line to 'False'
[0.421s] [34mcolcon.colcon_core.verb[0m [1;30mDEBUG[0m [32mBuilding package 'industrial_msgs' with the following arguments: {'ament_cmake_args': None, 'build_base': '/home/duy/cocarry_ws/build/industrial_msgs', 'catkin_cmake_args': None, 'catkin_skip_building_tests': False, 'cmake_args': None, 'cmake_clean_cache': False, 'cmake_clean_first': False, 'cmake_force_configure': False, 'cmake_target': None, 'cmake_target_skip_unavailable': False, 'install_base': '/home/duy/cocarry_ws/install/industrial_msgs', 'merge_install': False, 'path': '/home/duy/cocarry_ws/src/ros-industrial/industrial_core_ros2_msgs_only/industrial_msgs', 'symlink_install': False, 'test_result_base': None}[0m
[0.421s] [34mcolcon.colcon_core.verb[0m [1;30mLevel 5[0m set package 'kinect2_registration' build argument 'cmake_args' from command line to 'None'
[0.421s] [34mcolcon.colcon_core.verb[0m [1;30mLevel 5[0m set package 'kinect2_registration' build argument 'cmake_target' from command line to 'None'
[0.421s] [34mcolcon.colcon_core.verb[0m [1;30mLevel 5[0m set package 'kinect2_registration' build argument 'cmake_target_skip_unavailable' from command line to 'False'
[0.421s] [34mcolcon.colcon_core.verb[0m [1;30mLevel 5[0m set package 'kinect2_registration' build argument 'cmake_clean_cache' from command line to 'False'
[0.421s] [34mcolcon.colcon_core.verb[0m [1;30mLevel 5[0m set package 'kinect2_registration' build argument 'cmake_clean_first' from command line to 'False'
[0.421s] [34mcolcon.colcon_core.verb[0m [1;30mLevel 5[0m set package 'kinect2_registration' build argument 'cmake_force_configure' from command line to 'False'
[0.421s] [34mcolcon.colcon_core.verb[0m [1;30mLevel 5[0m set package 'kinect2_registration' build argument 'ament_cmake_args' from command line to 'None'
[0.421s] [34mcolcon.colcon_core.verb[0m [1;30mLevel 5[0m set package 'kinect2_registration' build argument 'catkin_cmake_args' from command line to 'None'
[0.421s] [34mcolcon.colcon_core.verb[0m [1;30mLevel 5[0m set package 'kinect2_registration' build argument 'catkin_skip_building_tests' from command line to 'False'
[0.421s] [34mcolcon.colcon_core.verb[0m [1;30mDEBUG[0m [32mBuilding package 'kinect2_registration' with the following arguments: {'ament_cmake_args': None, 'build_base': '/home/duy/cocarry_ws/build/kinect2_registration', 'catkin_cmake_args': None, 'catkin_skip_building_tests': False, 'cmake_args': None, 'cmake_clean_cache': False, 'cmake_clean_first': False, 'cmake_force_configure': False, 'cmake_target': None, 'cmake_target_skip_unavailable': False, 'install_base': '/home/duy/cocarry_ws/install/kinect2_registration', 'merge_install': False, 'path': '/home/duy/cocarry_ws/src/kinect2_ros2/kinect2_registration', 'symlink_install': False, 'test_result_base': None}[0m
[0.421s] [34mcolcon.colcon_core.verb[0m [1;30mLevel 5[0m set package 'libfreenect2' build argument 'cmake_args' from command line to 'None'
[0.421s] [34mcolcon.colcon_core.verb[0m [1;30mLevel 5[0m set package 'libfreenect2' build argument 'cmake_target' from command line to 'None'
[0.421s] [34mcolcon.colcon_core.verb[0m [1;30mLevel 5[0m set package 'libfreenect2' build argument 'cmake_target_skip_unavailable' from command line to 'False'
[0.421s] [34mcolcon.colcon_core.verb[0m [1;30mLevel 5[0m set package 'libfreenect2' build argument 'cmake_clean_cache' from command line to 'False'
[0.421s] [34mcolcon.colcon_core.verb[0m [1;30mLevel 5[0m set package 'libfreenect2' build argument 'cmake_clean_first' from command line to 'False'
[0.421s] [34mcolcon.colcon_core.verb[0m [1;30mLevel 5[0m set package 'libfreenect2' build argument 'cmake_force_configure' from command line to 'False'
[0.421s] [34mcolcon.colcon_core.verb[0m [1;30mLevel 5[0m set package 'libfreenect2' build argument 'ament_cmake_args' from command line to 'None'
[0.421s] [34mcolcon.colcon_core.verb[0m [1;30mLevel 5[0m set package 'libfreenect2' build argument 'catkin_cmake_args' from command line to 'None'
[0.421s] [34mcolcon.colcon_core.verb[0m [1;30mLevel 5[0m set package 'libfreenect2' build argument 'catkin_skip_building_tests' from command line to 'False'
[0.421s] [34mcolcon.colcon_core.verb[0m [1;30mDEBUG[0m [32mBuilding package 'libfreenect2' with the following arguments: {'ament_cmake_args': None, 'build_base': '/home/duy/cocarry_ws/build/libfreenect2', 'catkin_cmake_args': None, 'catkin_skip_building_tests': False, 'cmake_args': None, 'cmake_clean_cache': False, 'cmake_clean_first': False, 'cmake_force_configure': False, 'cmake_target': None, 'cmake_target_skip_unavailable': False, 'install_base': '/home/duy/cocarry_ws/install/libfreenect2', 'merge_install': False, 'path': '/home/duy/cocarry_ws/libfreenect2', 'symlink_install': False, 'test_result_base': None}[0m
[0.422s] [34mcolcon.colcon_core.verb[0m [1;30mLevel 5[0m set package 'motoman_resources' build argument 'cmake_args' from command line to 'None'
[0.422s] [34mcolcon.colcon_core.verb[0m [1;30mLevel 5[0m set package 'motoman_resources' build argument 'cmake_target' from command line to 'None'
[0.422s] [34mcolcon.colcon_core.verb[0m [1;30mLevel 5[0m set package 'motoman_resources' build argument 'cmake_target_skip_unavailable' from command line to 'False'
[0.422s] [34mcolcon.colcon_core.verb[0m [1;30mLevel 5[0m set package 'motoman_resources' build argument 'cmake_clean_cache' from command line to 'False'
[0.422s] [34mcolcon.colcon_core.verb[0m [1;30mLevel 5[0m set package 'motoman_resources' build argument 'cmake_clean_first' from command line to 'False'
[0.422s] [34mcolcon.colcon_core.verb[0m [1;30mLevel 5[0m set package 'motoman_resources' build argument 'cmake_force_configure' from command line to 'False'
[0.422s] [34mcolcon.colcon_core.verb[0m [1;30mLevel 5[0m set package 'motoman_resources' build argument 'ament_cmake_args' from command line to 'None'
[0.422s] [34mcolcon.colcon_core.verb[0m [1;30mLevel 5[0m set package 'motoman_resources' build argument 'catkin_cmake_args' from command line to 'None'
[0.422s] [34mcolcon.colcon_core.verb[0m [1;30mLevel 5[0m set package 'motoman_resources' build argument 'catkin_skip_building_tests' from command line to 'False'
[0.422s] [34mcolcon.colcon_core.verb[0m [1;30mDEBUG[0m [32mBuilding package 'motoman_resources' with the following arguments: {'ament_cmake_args': None, 'build_base': '/home/duy/cocarry_ws/build/motoman_resources', 'catkin_cmake_args': None, 'catkin_skip_building_tests': False, 'cmake_args': None, 'cmake_clean_cache': False, 'cmake_clean_first': False, 'cmake_force_configure': False, 'cmake_target': None, 'cmake_target_skip_unavailable': False, 'install_base': '/home/duy/cocarry_ws/install/motoman_resources', 'merge_install': False, 'path': '/home/duy/cocarry_ws/src/motoman_ros2_support_packages/motoman_resources', 'symlink_install': False, 'test_result_base': None}[0m
[0.422s] [34mcolcon.colcon_core.verb[0m [1;30mLevel 5[0m set package 'motoros2_interfaces' build argument 'cmake_args' from command line to 'None'
[0.422s] [34mcolcon.colcon_core.verb[0m [1;30mLevel 5[0m set package 'motoros2_interfaces' build argument 'cmake_target' from command line to 'None'
[0.422s] [34mcolcon.colcon_core.verb[0m [1;30mLevel 5[0m set package 'motoros2_interfaces' build argument 'cmake_target_skip_unavailable' from command line to 'False'
[0.422s] [34mcolcon.colcon_core.verb[0m [1;30mLevel 5[0m set package 'motoros2_interfaces' build argument 'cmake_clean_cache' from command line to 'False'
[0.422s] [34mcolcon.colcon_core.verb[0m [1;30mLevel 5[0m set package 'motoros2_interfaces' build argument 'cmake_clean_first' from command line to 'False'
[0.422s] [34mcolcon.colcon_core.verb[0m [1;30mLevel 5[0m set package 'motoros2_interfaces' build argument 'cmake_force_configure' from command line to 'False'
[0.422s] [34mcolcon.colcon_core.verb[0m [1;30mLevel 5[0m set package 'motoros2_interfaces' build argument 'ament_cmake_args' from command line to 'None'
[0.422s] [34mcolcon.colcon_core.verb[0m [1;30mLevel 5[0m set package 'motoros2_interfaces' build argument 'catkin_cmake_args' from command line to 'None'
[0.422s] [34mcolcon.colcon_core.verb[0m [1;30mLevel 5[0m set package 'motoros2_interfaces' build argument 'catkin_skip_building_tests' from command line to 'False'
[0.422s] [34mcolcon.colcon_core.verb[0m [1;30mDEBUG[0m [32mBuilding package 'motoros2_interfaces' with the following arguments: {'ament_cmake_args': None, 'build_base': '/home/duy/cocarry_ws/build/motoros2_interfaces', 'catkin_cmake_args': None, 'catkin_skip_building_tests': False, 'cmake_args': None, 'cmake_clean_cache': False, 'cmake_clean_first': False, 'cmake_force_configure': False, 'cmake_target': None, 'cmake_target_skip_unavailable': False, 'install_base': '/home/duy/cocarry_ws/install/motoros2_interfaces', 'merge_install': False, 'path': '/home/duy/cocarry_ws/src/yaskawa-global/motoros2_interfaces', 'symlink_install': False, 'test_result_base': None}[0m
[0.422s] [34mcolcon.colcon_core.verb[0m [1;30mLevel 5[0m set package 'rula_tracker' build argument 'cmake_args' from command line to 'None'
[0.422s] [34mcolcon.colcon_core.verb[0m [1;30mLevel 5[0m set package 'rula_tracker' build argument 'cmake_target' from command line to 'None'
[0.422s] [34mcolcon.colcon_core.verb[0m [1;30mLevel 5[0m set package 'rula_tracker' build argument 'cmake_target_skip_unavailable' from command line to 'False'
[0.422s] [34mcolcon.colcon_core.verb[0m [1;30mLevel 5[0m set package 'rula_tracker' build argument 'cmake_clean_cache' from command line to 'False'
[0.422s] [34mcolcon.colcon_core.verb[0m [1;30mLevel 5[0m set package 'rula_tracker' build argument 'cmake_clean_first' from command line to 'False'
[0.422s] [34mcolcon.colcon_core.verb[0m [1;30mLevel 5[0m set package 'rula_tracker' build argument 'cmake_force_configure' from command line to 'False'
[0.422s] [34mcolcon.colcon_core.verb[0m [1;30mLevel 5[0m set package 'rula_tracker' build argument 'ament_cmake_args' from command line to 'None'
[0.422s] [34mcolcon.colcon_core.verb[0m [1;30mLevel 5[0m set package 'rula_tracker' build argument 'catkin_cmake_args' from command line to 'None'
[0.423s] [34mcolcon.colcon_core.verb[0m [1;30mLevel 5[0m set package 'rula_tracker' build argument 'catkin_skip_building_tests' from command line to 'False'
[0.423s] [34mcolcon.colcon_core.verb[0m [1;30mDEBUG[0m [32mBuilding package 'rula_tracker' with the following arguments: {'ament_cmake_args': None, 'build_base': '/home/duy/cocarry_ws/build/rula_tracker', 'catkin_cmake_args': None, 'catkin_skip_building_tests': False, 'cmake_args': None, 'cmake_clean_cache': False, 'cmake_clean_first': False, 'cmake_force_configure': False, 'cmake_target': None, 'cmake_target_skip_unavailable': False, 'install_base': '/home/duy/cocarry_ws/install/rula_tracker', 'merge_install': False, 'path': '/home/duy/cocarry_ws/src/rula_tracker', 'symlink_install': False, 'test_result_base': None}[0m
[0.423s] [34mcolcon.colcon_core.verb[0m [1;30mLevel 5[0m set package 'trac_ik_lib' build argument 'cmake_args' from command line to 'None'
[0.423s] [34mcolcon.colcon_core.verb[0m [1;30mLevel 5[0m set package 'trac_ik_lib' build argument 'cmake_target' from command line to 'None'
[0.423s] [34mcolcon.colcon_core.verb[0m [1;30mLevel 5[0m set package 'trac_ik_lib' build argument 'cmake_target_skip_unavailable' from command line to 'False'
[0.423s] [34mcolcon.colcon_core.verb[0m [1;30mLevel 5[0m set package 'trac_ik_lib' build argument 'cmake_clean_cache' from command line to 'False'
[0.423s] [34mcolcon.colcon_core.verb[0m [1;30mLevel 5[0m set package 'trac_ik_lib' build argument 'cmake_clean_first' from command line to 'False'
[0.423s] [34mcolcon.colcon_core.verb[0m [1;30mLevel 5[0m set package 'trac_ik_lib' build argument 'cmake_force_configure' from command line to 'False'
[0.423s] [34mcolcon.colcon_core.verb[0m [1;30mLevel 5[0m set package 'trac_ik_lib' build argument 'ament_cmake_args' from command line to 'None'
[0.423s] [34mcolcon.colcon_core.verb[0m [1;30mLevel 5[0m set package 'trac_ik_lib' build argument 'catkin_cmake_args' from command line to 'None'
[0.423s] [34mcolcon.colcon_core.verb[0m [1;30mLevel 5[0m set package 'trac_ik_lib' build argument 'catkin_skip_building_tests' from command line to 'False'
[0.423s] [34mcolcon.colcon_core.verb[0m [1;30mDEBUG[0m [32mBuilding package 'trac_ik_lib' with the following arguments: {'ament_cmake_args': None, 'build_base': '/home/duy/cocarry_ws/build/trac_ik_lib', 'catkin_cmake_args': None, 'catkin_skip_building_tests': False, 'cmake_args': None, 'cmake_clean_cache': False, 'cmake_clean_first': False, 'cmake_force_configure': False, 'cmake_target': None, 'cmake_target_skip_unavailable': False, 'install_base': '/home/duy/cocarry_ws/install/trac_ik_lib', 'merge_install': False, 'path': '/home/duy/cocarry_ws/src/trac_ik/trac_ik_lib', 'symlink_install': False, 'test_result_base': None}[0m
[0.423s] [34mcolcon.colcon_core.verb[0m [1;30mLevel 5[0m set package 'coord_transform' build argument 'cmake_args' from command line to 'None'
[0.423s] [34mcolcon.colcon_core.verb[0m [1;30mLevel 5[0m set package 'coord_transform' build argument 'cmake_target' from command line to 'None'
[0.423s] [34mcolcon.colcon_core.verb[0m [1;30mLevel 5[0m set package 'coord_transform' build argument 'cmake_target_skip_unavailable' from command line to 'False'
[0.423s] [34mcolcon.colcon_core.verb[0m [1;30mLevel 5[0m set package 'coord_transform' build argument 'cmake_clean_cache' from command line to 'False'
[0.423s] [34mcolcon.colcon_core.verb[0m [1;30mLevel 5[0m set package 'coord_transform' build argument 'cmake_clean_first' from command line to 'False'
[0.423s] [34mcolcon.colcon_core.verb[0m [1;30mLevel 5[0m set package 'coord_transform' build argument 'cmake_force_configure' from command line to 'False'
[0.423s] [34mcolcon.colcon_core.verb[0m [1;30mLevel 5[0m set package 'coord_transform' build argument 'ament_cmake_args' from command line to 'None'
[0.423s] [34mcolcon.colcon_core.verb[0m [1;30mLevel 5[0m set package 'coord_transform' build argument 'catkin_cmake_args' from command line to 'None'
[0.423s] [34mcolcon.colcon_core.verb[0m [1;30mLevel 5[0m set package 'coord_transform' build argument 'catkin_skip_building_tests' from command line to 'False'
[0.423s] [34mcolcon.colcon_core.verb[0m [1;30mDEBUG[0m [32mBuilding package 'coord_transform' with the following arguments: {'ament_cmake_args': None, 'build_base': '/home/duy/cocarry_ws/build/coord_transform', 'catkin_cmake_args': None, 'catkin_skip_building_tests': False, 'cmake_args': None, 'cmake_clean_cache': False, 'cmake_clean_first': False, 'cmake_force_configure': False, 'cmake_target': None, 'cmake_target_skip_unavailable': False, 'install_base': '/home/duy/cocarry_ws/install/coord_transform', 'merge_install': False, 'path': '/home/duy/cocarry_ws/src/coord_transform', 'symlink_install': False, 'test_result_base': None}[0m
[0.424s] [34mcolcon.colcon_core.verb[0m [1;30mLevel 5[0m set package 'experiment_logger' build argument 'cmake_args' from command line to 'None'
[0.424s] [34mcolcon.colcon_core.verb[0m [1;30mLevel 5[0m set package 'experiment_logger' build argument 'cmake_target' from command line to 'None'
[0.424s] [34mcolcon.colcon_core.verb[0m [1;30mLevel 5[0m set package 'experiment_logger' build argument 'cmake_target_skip_unavailable' from command line to 'False'
[0.424s] [34mcolcon.colcon_core.verb[0m [1;30mLevel 5[0m set package 'experiment_logger' build argument 'cmake_clean_cache' from command line to 'False'
[0.424s] [34mcolcon.colcon_core.verb[0m [1;30mLevel 5[0m set package 'experiment_logger' build argument 'cmake_clean_first' from command line to 'False'
[0.424s] [34mcolcon.colcon_core.verb[0m [1;30mLevel 5[0m set package 'experiment_logger' build argument 'cmake_force_configure' from command line to 'False'
[0.424s] [34mcolcon.colcon_core.verb[0m [1;30mLevel 5[0m set package 'experiment_logger' build argument 'ament_cmake_args' from command line to 'None'
[0.424s] [34mcolcon.colcon_core.verb[0m [1;30mLevel 5[0m set package 'experiment_logger' build argument 'catkin_cmake_args' from command line to 'None'
[0.424s] [34mcolcon.colcon_core.verb[0m [1;30mLevel 5[0m set package 'experiment_logger' build argument 'catkin_skip_building_tests' from command line to 'False'
[0.424s] [34mcolcon.colcon_core.verb[0m [1;30mDEBUG[0m [32mBuilding package 'experiment_logger' with the following arguments: {'ament_cmake_args': None, 'build_base': '/home/duy/cocarry_ws/build/experiment_logger', 'catkin_cmake_args': None, 'catkin_skip_building_tests': False, 'cmake_args': None, 'cmake_clean_cache': False, 'cmake_clean_first': False, 'cmake_force_configure': False, 'cmake_target': None, 'cmake_target_skip_unavailable': False, 'install_base': '/home/duy/cocarry_ws/install/experiment_logger', 'merge_install': False, 'path': '/home/duy/cocarry_ws/src/experiment_logger', 'symlink_install': False, 'test_result_base': None}[0m
[0.424s] [34mcolcon.colcon_core.verb[0m [1;30mLevel 5[0m set package 'kinect2_bridge' build argument 'cmake_args' from command line to 'None'
[0.424s] [34mcolcon.colcon_core.verb[0m [1;30mLevel 5[0m set package 'kinect2_bridge' build argument 'cmake_target' from command line to 'None'
[0.424s] [34mcolcon.colcon_core.verb[0m [1;30mLevel 5[0m set package 'kinect2_bridge' build argument 'cmake_target_skip_unavailable' from command line to 'False'
[0.424s] [34mcolcon.colcon_core.verb[0m [1;30mLevel 5[0m set package 'kinect2_bridge' build argument 'cmake_clean_cache' from command line to 'False'
[0.424s] [34mcolcon.colcon_core.verb[0m [1;30mLevel 5[0m set package 'kinect2_bridge' build argument 'cmake_clean_first' from command line to 'False'
[0.424s] [34mcolcon.colcon_core.verb[0m [1;30mLevel 5[0m set package 'kinect2_bridge' build argument 'cmake_force_configure' from command line to 'False'
[0.424s] [34mcolcon.colcon_core.verb[0m [1;30mLevel 5[0m set package 'kinect2_bridge' build argument 'ament_cmake_args' from command line to 'None'
[0.424s] [34mcolcon.colcon_core.verb[0m [1;30mLevel 5[0m set package 'kinect2_bridge' build argument 'catkin_cmake_args' from command line to 'None'
[0.424s] [34mcolcon.colcon_core.verb[0m [1;30mLevel 5[0m set package 'kinect2_bridge' build argument 'catkin_skip_building_tests' from command line to 'False'
[0.424s] [34mcolcon.colcon_core.verb[0m [1;30mDEBUG[0m [32mBuilding package 'kinect2_bridge' with the following arguments: {'ament_cmake_args': None, 'build_base': '/home/duy/cocarry_ws/build/kinect2_bridge', 'catkin_cmake_args': None, 'catkin_skip_building_tests': False, 'cmake_args': None, 'cmake_clean_cache': False, 'cmake_clean_first': False, 'cmake_force_configure': False, 'cmake_target': None, 'cmake_target_skip_unavailable': False, 'install_base': '/home/duy/cocarry_ws/install/kinect2_bridge', 'merge_install': False, 'path': '/home/duy/cocarry_ws/src/kinect2_ros2/kinect2_bridge', 'symlink_install': False, 'test_result_base': None}[0m
[0.424s] [34mcolcon.colcon_core.verb[0m [1;30mLevel 5[0m set package 'motoman_gp4_support' build argument 'cmake_args' from command line to 'None'
[0.424s] [34mcolcon.colcon_core.verb[0m [1;30mLevel 5[0m set package 'motoman_gp4_support' build argument 'cmake_target' from command line to 'None'
[0.424s] [34mcolcon.colcon_core.verb[0m [1;30mLevel 5[0m set package 'motoman_gp4_support' build argument 'cmake_target_skip_unavailable' from command line to 'False'
[0.424s] [34mcolcon.colcon_core.verb[0m [1;30mLevel 5[0m set package 'motoman_gp4_support' build argument 'cmake_clean_cache' from command line to 'False'
[0.424s] [34mcolcon.colcon_core.verb[0m [1;30mLevel 5[0m set package 'motoman_gp4_support' build argument 'cmake_clean_first' from command line to 'False'
[0.424s] [34mcolcon.colcon_core.verb[0m [1;30mLevel 5[0m set package 'motoman_gp4_support' build argument 'cmake_force_configure' from command line to 'False'
[0.424s] [34mcolcon.colcon_core.verb[0m [1;30mLevel 5[0m set package 'motoman_gp4_support' build argument 'ament_cmake_args' from command line to 'None'
[0.424s] [34mcolcon.colcon_core.verb[0m [1;30mLevel 5[0m set package 'motoman_gp4_support' build argument 'catkin_cmake_args' from command line to 'None'
[0.424s] [34mcolcon.colcon_core.verb[0m [1;30mLevel 5[0m set package 'motoman_gp4_support' build argument 'catkin_skip_building_tests' from command line to 'False'
[0.424s] [34mcolcon.colcon_core.verb[0m [1;30mDEBUG[0m [32mBuilding package 'motoman_gp4_support' with the following arguments: {'ament_cmake_args': None, 'build_base': '/home/duy/cocarry_ws/build/motoman_gp4_support', 'catkin_cmake_args': None, 'catkin_skip_building_tests': False, 'cmake_args': None, 'cmake_clean_cache': False, 'cmake_clean_first': False, 'cmake_force_configure': False, 'cmake_target': None, 'cmake_target_skip_unavailable': False, 'install_base': '/home/duy/cocarry_ws/install/motoman_gp4_support', 'merge_install': False, 'path': '/home/duy/cocarry_ws/src/motoman_ros2_support_packages/motoman_gp4_support', 'symlink_install': False, 'test_result_base': None}[0m
[0.425s] [34mcolcon.colcon_core.verb[0m [1;30mLevel 5[0m set package 'motoman_hc10dtp_support' build argument 'cmake_args' from command line to 'None'
[0.425s] [34mcolcon.colcon_core.verb[0m [1;30mLevel 5[0m set package 'motoman_hc10dtp_support' build argument 'cmake_target' from command line to 'None'
[0.425s] [34mcolcon.colcon_core.verb[0m [1;30mLevel 5[0m set package 'motoman_hc10dtp_support' build argument 'cmake_target_skip_unavailable' from command line to 'False'
[0.425s] [34mcolcon.colcon_core.verb[0m [1;30mLevel 5[0m set package 'motoman_hc10dtp_support' build argument 'cmake_clean_cache' from command line to 'False'
[0.425s] [34mcolcon.colcon_core.verb[0m [1;30mLevel 5[0m set package 'motoman_hc10dtp_support' build argument 'cmake_clean_first' from command line to 'False'
[0.425s] [34mcolcon.colcon_core.verb[0m [1;30mLevel 5[0m set package 'motoman_hc10dtp_support' build argument 'cmake_force_configure' from command line to 'False'
[0.425s] [34mcolcon.colcon_core.verb[0m [1;30mLevel 5[0m set package 'motoman_hc10dtp_support' build argument 'ament_cmake_args' from command line to 'None'
[0.425s] [34mcolcon.colcon_core.verb[0m [1;30mLevel 5[0m set package 'motoman_hc10dtp_support' build argument 'catkin_cmake_args' from command line to 'None'
[0.425s] [34mcolcon.colcon_core.verb[0m [1;30mLevel 5[0m set package 'motoman_hc10dtp_support' build argument 'catkin_skip_building_tests' from command line to 'False'
[0.425s] [34mcolcon.colcon_core.verb[0m [1;30mDEBUG[0m [32mBuilding package 'motoman_hc10dtp_support' with the following arguments: {'ament_cmake_args': None, 'build_base': '/home/duy/cocarry_ws/build/motoman_hc10dtp_support', 'catkin_cmake_args': None, 'catkin_skip_building_tests': False, 'cmake_args': None, 'cmake_clean_cache': False, 'cmake_clean_first': False, 'cmake_force_configure': False, 'cmake_target': None, 'cmake_target_skip_unavailable': False, 'install_base': '/home/duy/cocarry_ws/install/motoman_hc10dtp_support', 'merge_install': False, 'path': '/home/duy/cocarry_ws/src/motoman_ros2_support_packages/motoman_hc10dtp_support', 'symlink_install': False, 'test_result_base': None}[0m
[0.425s] [34mcolcon.colcon_core.verb[0m [1;30mLevel 5[0m set package 'motoros2_client_interface_dependencies' build argument 'cmake_args' from command line to 'None'
[0.425s] [34mcolcon.colcon_core.verb[0m [1;30mLevel 5[0m set package 'motoros2_client_interface_dependencies' build argument 'cmake_target' from command line to 'None'
[0.425s] [34mcolcon.colcon_core.verb[0m [1;30mLevel 5[0m set package 'motoros2_client_interface_dependencies' build argument 'cmake_target_skip_unavailable' from command line to 'False'
[0.425s] [34mcolcon.colcon_core.verb[0m [1;30mLevel 5[0m set package 'motoros2_client_interface_dependencies' build argument 'cmake_clean_cache' from command line to 'False'
[0.425s] [34mcolcon.colcon_core.verb[0m [1;30mLevel 5[0m set package 'motoros2_client_interface_dependencies' build argument 'cmake_clean_first' from command line to 'False'
[0.425s] [34mcolcon.colcon_core.verb[0m [1;30mLevel 5[0m set package 'motoros2_client_interface_dependencies' build argument 'cmake_force_configure' from command line to 'False'
[0.425s] [34mcolcon.colcon_core.verb[0m [1;30mLevel 5[0m set package 'motoros2_client_interface_dependencies' build argument 'ament_cmake_args' from command line to 'None'
[0.425s] [34mcolcon.colcon_core.verb[0m [1;30mLevel 5[0m set package 'motoros2_client_interface_dependencies' build argument 'catkin_cmake_args' from command line to 'None'
[0.425s] [34mcolcon.colcon_core.verb[0m [1;30mLevel 5[0m set package 'motoros2_client_interface_dependencies' build argument 'catkin_skip_building_tests' from command line to 'False'
[0.425s] [34mcolcon.colcon_core.verb[0m [1;30mDEBUG[0m [32mBuilding package 'motoros2_client_interface_dependencies' with the following arguments: {'ament_cmake_args': None, 'build_base': '/home/duy/cocarry_ws/build/motoros2_client_interface_dependencies', 'catkin_cmake_args': None, 'catkin_skip_building_tests': False, 'cmake_args': None, 'cmake_clean_cache': False, 'cmake_clean_first': False, 'cmake_force_configure': False, 'cmake_target': None, 'cmake_target_skip_unavailable': False, 'install_base': '/home/duy/cocarry_ws/install/motoros2_client_interface_dependencies', 'merge_install': False, 'path': '/home/duy/cocarry_ws/src/motoros2_client_interface_dependencies', 'symlink_install': False, 'test_result_base': None}[0m
[0.425s] [34mcolcon.colcon_core.verb[0m [1;30mLevel 5[0m set package 'predictor_ui' build argument 'cmake_args' from command line to 'None'
[0.425s] [34mcolcon.colcon_core.verb[0m [1;30mLevel 5[0m set package 'predictor_ui' build argument 'cmake_target' from command line to 'None'
[0.425s] [34mcolcon.colcon_core.verb[0m [1;30mLevel 5[0m set package 'predictor_ui' build argument 'cmake_target_skip_unavailable' from command line to 'False'
[0.425s] [34mcolcon.colcon_core.verb[0m [1;30mLevel 5[0m set package 'predictor_ui' build argument 'cmake_clean_cache' from command line to 'False'
[0.425s] [34mcolcon.colcon_core.verb[0m [1;30mLevel 5[0m set package 'predictor_ui' build argument 'cmake_clean_first' from command line to 'False'
[0.426s] [34mcolcon.colcon_core.verb[0m [1;30mLevel 5[0m set package 'predictor_ui' build argument 'cmake_force_configure' from command line to 'False'
[0.426s] [34mcolcon.colcon_core.verb[0m [1;30mLevel 5[0m set package 'predictor_ui' build argument 'ament_cmake_args' from command line to 'None'
[0.426s] [34mcolcon.colcon_core.verb[0m [1;30mLevel 5[0m set package 'predictor_ui' build argument 'catkin_cmake_args' from command line to 'None'
[0.426s] [34mcolcon.colcon_core.verb[0m [1;30mLevel 5[0m set package 'predictor_ui' build argument 'catkin_skip_building_tests' from command line to 'False'
[0.426s] [34mcolcon.colcon_core.verb[0m [1;30mDEBUG[0m [32mBuilding package 'predictor_ui' with the following arguments: {'ament_cmake_args': None, 'build_base': '/home/duy/cocarry_ws/build/predictor_ui', 'catkin_cmake_args': None, 'catkin_skip_building_tests': False, 'cmake_args': None, 'cmake_clean_cache': False, 'cmake_clean_first': False, 'cmake_force_configure': False, 'cmake_target': None, 'cmake_target_skip_unavailable': False, 'install_base': '/home/duy/cocarry_ws/install/predictor_ui', 'merge_install': False, 'path': '/home/duy/cocarry_ws/src/predictor_ui', 'symlink_install': False, 'test_result_base': None}[0m
[0.426s] [34mcolcon.colcon_core.verb[0m [1;30mLevel 5[0m set package 'realsense_tracker' build argument 'cmake_args' from command line to 'None'
[0.426s] [34mcolcon.colcon_core.verb[0m [1;30mLevel 5[0m set package 'realsense_tracker' build argument 'cmake_target' from command line to 'None'
[0.426s] [34mcolcon.colcon_core.verb[0m [1;30mLevel 5[0m set package 'realsense_tracker' build argument 'cmake_target_skip_unavailable' from command line to 'False'
[0.426s] [34mcolcon.colcon_core.verb[0m [1;30mLevel 5[0m set package 'realsense_tracker' build argument 'cmake_clean_cache' from command line to 'False'
[0.426s] [34mcolcon.colcon_core.verb[0m [1;30mLevel 5[0m set package 'realsense_tracker' build argument 'cmake_clean_first' from command line to 'False'
[0.426s] [34mcolcon.colcon_core.verb[0m [1;30mLevel 5[0m set package 'realsense_tracker' build argument 'cmake_force_configure' from command line to 'False'
[0.426s] [34mcolcon.colcon_core.verb[0m [1;30mLevel 5[0m set package 'realsense_tracker' build argument 'ament_cmake_args' from command line to 'None'
[0.426s] [34mcolcon.colcon_core.verb[0m [1;30mLevel 5[0m set package 'realsense_tracker' build argument 'catkin_cmake_args' from command line to 'None'
[0.426s] [34mcolcon.colcon_core.verb[0m [1;30mLevel 5[0m set package 'realsense_tracker' build argument 'catkin_skip_building_tests' from command line to 'False'
[0.426s] [34mcolcon.colcon_core.verb[0m [1;30mDEBUG[0m [32mBuilding package 'realsense_tracker' with the following arguments: {'ament_cmake_args': None, 'build_base': '/home/duy/cocarry_ws/build/realsense_tracker', 'catkin_cmake_args': None, 'catkin_skip_building_tests': False, 'cmake_args': None, 'cmake_clean_cache': False, 'cmake_clean_first': False, 'cmake_force_configure': False, 'cmake_target': None, 'cmake_target_skip_unavailable': False, 'install_base': '/home/duy/cocarry_ws/install/realsense_tracker', 'merge_install': False, 'path': '/home/duy/cocarry_ws/src/realsense_tracker', 'symlink_install': False, 'test_result_base': None}[0m
[0.426s] [34mcolcon.colcon_core.verb[0m [1;30mLevel 5[0m set package 'trac_ik_kinematics' build argument 'cmake_args' from command line to 'None'
[0.426s] [34mcolcon.colcon_core.verb[0m [1;30mLevel 5[0m set package 'trac_ik_kinematics' build argument 'cmake_target' from command line to 'None'
[0.426s] [34mcolcon.colcon_core.verb[0m [1;30mLevel 5[0m set package 'trac_ik_kinematics' build argument 'cmake_target_skip_unavailable' from command line to 'False'
[0.426s] [34mcolcon.colcon_core.verb[0m [1;30mLevel 5[0m set package 'trac_ik_kinematics' build argument 'cmake_clean_cache' from command line to 'False'
[0.426s] [34mcolcon.colcon_core.verb[0m [1;30mLevel 5[0m set package 'trac_ik_kinematics' build argument 'cmake_clean_first' from command line to 'False'
[0.426s] [34mcolcon.colcon_core.verb[0m [1;30mLevel 5[0m set package 'trac_ik_kinematics' build argument 'cmake_force_configure' from command line to 'False'
[0.426s] [34mcolcon.colcon_core.verb[0m [1;30mLevel 5[0m set package 'trac_ik_kinematics' build argument 'ament_cmake_args' from command line to 'None'
[0.426s] [34mcolcon.colcon_core.verb[0m [1;30mLevel 5[0m set package 'trac_ik_kinematics' build argument 'catkin_cmake_args' from command line to 'None'
[0.426s] [34mcolcon.colcon_core.verb[0m [1;30mLevel 5[0m set package 'trac_ik_kinematics' build argument 'catkin_skip_building_tests' from command line to 'False'
[0.426s] [34mcolcon.colcon_core.verb[0m [1;30mDEBUG[0m [32mBuilding package 'trac_ik_kinematics' with the following arguments: {'ament_cmake_args': None, 'build_base': '/home/duy/cocarry_ws/build/trac_ik_kinematics', 'catkin_cmake_args': None, 'catkin_skip_building_tests': False, 'cmake_args': None, 'cmake_clean_cache': False, 'cmake_clean_first': False, 'cmake_force_configure': False, 'cmake_target': None, 'cmake_target_skip_unavailable': False, 'install_base': '/home/duy/cocarry_ws/install/trac_ik_kinematics', 'merge_install': False, 'path': '/home/duy/cocarry_ws/src/trac_ik/trac_ik_kinematics', 'symlink_install': False, 'test_result_base': None}[0m
[0.427s] [34mcolcon.colcon_core.verb[0m [1;30mLevel 5[0m set package 'trajectory_predictor' build argument 'cmake_args' from command line to 'None'
[0.427s] [34mcolcon.colcon_core.verb[0m [1;30mLevel 5[0m set package 'trajectory_predictor' build argument 'cmake_target' from command line to 'None'
[0.427s] [34mcolcon.colcon_core.verb[0m [1;30mLevel 5[0m set package 'trajectory_predictor' build argument 'cmake_target_skip_unavailable' from command line to 'False'
[0.427s] [34mcolcon.colcon_core.verb[0m [1;30mLevel 5[0m set package 'trajectory_predictor' build argument 'cmake_clean_cache' from command line to 'False'
[0.427s] [34mcolcon.colcon_core.verb[0m [1;30mLevel 5[0m set package 'trajectory_predictor' build argument 'cmake_clean_first' from command line to 'False'
[0.427s] [34mcolcon.colcon_core.verb[0m [1;30mLevel 5[0m set package 'trajectory_predictor' build argument 'cmake_force_configure' from command line to 'False'
[0.427s] [34mcolcon.colcon_core.verb[0m [1;30mLevel 5[0m set package 'trajectory_predictor' build argument 'ament_cmake_args' from command line to 'None'
[0.427s] [34mcolcon.colcon_core.verb[0m [1;30mLevel 5[0m set package 'trajectory_predictor' build argument 'catkin_cmake_args' from command line to 'None'
[0.427s] [34mcolcon.colcon_core.verb[0m [1;30mLevel 5[0m set package 'trajectory_predictor' build argument 'catkin_skip_building_tests' from command line to 'False'
[0.427s] [34mcolcon.colcon_core.verb[0m [1;30mDEBUG[0m [32mBuilding package 'trajectory_predictor' with the following arguments: {'ament_cmake_args': None, 'build_base': '/home/duy/cocarry_ws/build/trajectory_predictor', 'catkin_cmake_args': None, 'catkin_skip_building_tests': False, 'cmake_args': None, 'cmake_clean_cache': False, 'cmake_clean_first': False, 'cmake_force_configure': False, 'cmake_target': None, 'cmake_target_skip_unavailable': False, 'install_base': '/home/duy/cocarry_ws/install/trajectory_predictor', 'merge_install': False, 'path': '/home/duy/cocarry_ws/src/trajectory_predictor', 'symlink_install': False, 'test_result_base': None}[0m
[0.427s] [34mcolcon.colcon_core.verb[0m [1;30mLevel 5[0m set package 'hc10dtp_moveit_config' build argument 'cmake_args' from command line to 'None'
[0.427s] [34mcolcon.colcon_core.verb[0m [1;30mLevel 5[0m set package 'hc10dtp_moveit_config' build argument 'cmake_target' from command line to 'None'
[0.427s] [34mcolcon.colcon_core.verb[0m [1;30mLevel 5[0m set package 'hc10dtp_moveit_config' build argument 'cmake_target_skip_unavailable' from command line to 'False'
[0.427s] [34mcolcon.colcon_core.verb[0m [1;30mLevel 5[0m set package 'hc10dtp_moveit_config' build argument 'cmake_clean_cache' from command line to 'False'
[0.427s] [34mcolcon.colcon_core.verb[0m [1;30mLevel 5[0m set package 'hc10dtp_moveit_config' build argument 'cmake_clean_first' from command line to 'False'
[0.427s] [34mcolcon.colcon_core.verb[0m [1;30mLevel 5[0m set package 'hc10dtp_moveit_config' build argument 'cmake_force_configure' from command line to 'False'
[0.427s] [34mcolcon.colcon_core.verb[0m [1;30mLevel 5[0m set package 'hc10dtp_moveit_config' build argument 'ament_cmake_args' from command line to 'None'
[0.427s] [34mcolcon.colcon_core.verb[0m [1;30mLevel 5[0m set package 'hc10dtp_moveit_config' build argument 'catkin_cmake_args' from command line to 'None'
[0.427s] [34mcolcon.colcon_core.verb[0m [1;30mLevel 5[0m set package 'hc10dtp_moveit_config' build argument 'catkin_skip_building_tests' from command line to 'False'
[0.427s] [34mcolcon.colcon_core.verb[0m [1;30mDEBUG[0m [32mBuilding package 'hc10dtp_moveit_config' with the following arguments: {'ament_cmake_args': None, 'build_base': '/home/duy/cocarry_ws/build/hc10dtp_moveit_config', 'catkin_cmake_args': None, 'catkin_skip_building_tests': False, 'cmake_args': None, 'cmake_clean_cache': False, 'cmake_clean_first': False, 'cmake_force_configure': False, 'cmake_target': None, 'cmake_target_skip_unavailable': False, 'install_base': '/home/duy/cocarry_ws/install/hc10dtp_moveit_config', 'merge_install': False, 'path': '/home/duy/cocarry_ws/src/hc10dtp_moveit_config', 'symlink_install': False, 'test_result_base': None}[0m
[0.427s] [34mcolcon.colcon_core.verb[0m [1;30mLevel 5[0m set package 'kinect2_calibration' build argument 'cmake_args' from command line to 'None'
[0.427s] [34mcolcon.colcon_core.verb[0m [1;30mLevel 5[0m set package 'kinect2_calibration' build argument 'cmake_target' from command line to 'None'
[0.427s] [34mcolcon.colcon_core.verb[0m [1;30mLevel 5[0m set package 'kinect2_calibration' build argument 'cmake_target_skip_unavailable' from command line to 'False'
[0.427s] [34mcolcon.colcon_core.verb[0m [1;30mLevel 5[0m set package 'kinect2_calibration' build argument 'cmake_clean_cache' from command line to 'False'
[0.427s] [34mcolcon.colcon_core.verb[0m [1;30mLevel 5[0m set package 'kinect2_calibration' build argument 'cmake_clean_first' from command line to 'False'
[0.427s] [34mcolcon.colcon_core.verb[0m [1;30mLevel 5[0m set package 'kinect2_calibration' build argument 'cmake_force_configure' from command line to 'False'
[0.427s] [34mcolcon.colcon_core.verb[0m [1;30mLevel 5[0m set package 'kinect2_calibration' build argument 'ament_cmake_args' from command line to 'None'
[0.427s] [34mcolcon.colcon_core.verb[0m [1;30mLevel 5[0m set package 'kinect2_calibration' build argument 'catkin_cmake_args' from command line to 'None'
[0.427s] [34mcolcon.colcon_core.verb[0m [1;30mLevel 5[0m set package 'kinect2_calibration' build argument 'catkin_skip_building_tests' from command line to 'False'
[0.427s] [34mcolcon.colcon_core.verb[0m [1;30mDEBUG[0m [32mBuilding package 'kinect2_calibration' with the following arguments: {'ament_cmake_args': None, 'build_base': '/home/duy/cocarry_ws/build/kinect2_calibration', 'catkin_cmake_args': None, 'catkin_skip_building_tests': False, 'cmake_args': None, 'cmake_clean_cache': False, 'cmake_clean_first': False, 'cmake_force_configure': False, 'cmake_target': None, 'cmake_target_skip_unavailable': False, 'install_base': '/home/duy/cocarry_ws/install/kinect2_calibration', 'merge_install': False, 'path': '/home/duy/cocarry_ws/src/kinect2_ros2/kinect2_calibration', 'symlink_install': False, 'test_result_base': None}[0m
[0.428s] [34mcolcon.colcon_core.verb[0m [1;30mLevel 5[0m set package 'trac_ik' build argument 'cmake_args' from command line to 'None'
[0.428s] [34mcolcon.colcon_core.verb[0m [1;30mLevel 5[0m set package 'trac_ik' build argument 'cmake_target' from command line to 'None'
[0.428s] [34mcolcon.colcon_core.verb[0m [1;30mLevel 5[0m set package 'trac_ik' build argument 'cmake_target_skip_unavailable' from command line to 'False'
[0.428s] [34mcolcon.colcon_core.verb[0m [1;30mLevel 5[0m set package 'trac_ik' build argument 'cmake_clean_cache' from command line to 'False'
[0.428s] [34mcolcon.colcon_core.verb[0m [1;30mLevel 5[0m set package 'trac_ik' build argument 'cmake_clean_first' from command line to 'False'
[0.428s] [34mcolcon.colcon_core.verb[0m [1;30mLevel 5[0m set package 'trac_ik' build argument 'cmake_force_configure' from command line to 'False'
[0.428s] [34mcolcon.colcon_core.verb[0m [1;30mLevel 5[0m set package 'trac_ik' build argument 'ament_cmake_args' from command line to 'None'
[0.428s] [34mcolcon.colcon_core.verb[0m [1;30mLevel 5[0m set package 'trac_ik' build argument 'catkin_cmake_args' from command line to 'None'
[0.428s] [34mcolcon.colcon_core.verb[0m [1;30mLevel 5[0m set package 'trac_ik' build argument 'catkin_skip_building_tests' from command line to 'False'
[0.428s] [34mcolcon.colcon_core.verb[0m [1;30mDEBUG[0m [32mBuilding package 'trac_ik' with the following arguments: {'ament_cmake_args': None, 'build_base': '/home/duy/cocarry_ws/build/trac_ik', 'catkin_cmake_args': None, 'catkin_skip_building_tests': False, 'cmake_args': None, 'cmake_clean_cache': False, 'cmake_clean_first': False, 'cmake_force_configure': False, 'cmake_target': None, 'cmake_target_skip_unavailable': False, 'install_base': '/home/duy/cocarry_ws/install/trac_ik', 'merge_install': False, 'path': '/home/duy/cocarry_ws/src/trac_ik/trac_ik', 'symlink_install': False, 'test_result_base': None}[0m
[0.428s] [34mcolcon.colcon_core.verb[0m [1;30mLevel 5[0m set package 'hc10dtp_bringup' build argument 'cmake_args' from command line to 'None'
[0.428s] [34mcolcon.colcon_core.verb[0m [1;30mLevel 5[0m set package 'hc10dtp_bringup' build argument 'cmake_target' from command line to 'None'
[0.428s] [34mcolcon.colcon_core.verb[0m [1;30mLevel 5[0m set package 'hc10dtp_bringup' build argument 'cmake_target_skip_unavailable' from command line to 'False'
[0.428s] [34mcolcon.colcon_core.verb[0m [1;30mLevel 5[0m set package 'hc10dtp_bringup' build argument 'cmake_clean_cache' from command line to 'False'
[0.428s] [34mcolcon.colcon_core.verb[0m [1;30mLevel 5[0m set package 'hc10dtp_bringup' build argument 'cmake_clean_first' from command line to 'False'
[0.428s] [34mcolcon.colcon_core.verb[0m [1;30mLevel 5[0m set package 'hc10dtp_bringup' build argument 'cmake_force_configure' from command line to 'False'
[0.428s] [34mcolcon.colcon_core.verb[0m [1;30mLevel 5[0m set package 'hc10dtp_bringup' build argument 'ament_cmake_args' from command line to 'None'
[0.428s] [34mcolcon.colcon_core.verb[0m [1;30mLevel 5[0m set package 'hc10dtp_bringup' build argument 'catkin_cmake_args' from command line to 'None'
[0.428s] [34mcolcon.colcon_core.verb[0m [1;30mLevel 5[0m set package 'hc10dtp_bringup' build argument 'catkin_skip_building_tests' from command line to 'False'
[0.428s] [34mcolcon.colcon_core.verb[0m [1;30mDEBUG[0m [32mBuilding package 'hc10dtp_bringup' with the following arguments: {'ament_cmake_args': None, 'build_base': '/home/duy/cocarry_ws/build/hc10dtp_bringup', 'catkin_cmake_args': None, 'catkin_skip_building_tests': False, 'cmake_args': None, 'cmake_clean_cache': False, 'cmake_clean_first': False, 'cmake_force_configure': False, 'cmake_target': None, 'cmake_target_skip_unavailable': False, 'install_base': '/home/duy/cocarry_ws/install/hc10dtp_bringup', 'merge_install': False, 'path': '/home/duy/cocarry_ws/src/hc10dtp_bringup', 'symlink_install': False, 'test_result_base': None}[0m
[0.428s] [34mcolcon.colcon_core.verb[0m [1;30mLevel 5[0m set package 'hc10dtp_simulation' build argument 'cmake_args' from command line to 'None'
[0.428s] [34mcolcon.colcon_core.verb[0m [1;30mLevel 5[0m set package 'hc10dtp_simulation' build argument 'cmake_target' from command line to 'None'
[0.428s] [34mcolcon.colcon_core.verb[0m [1;30mLevel 5[0m set package 'hc10dtp_simulation' build argument 'cmake_target_skip_unavailable' from command line to 'False'
[0.428s] [34mcolcon.colcon_core.verb[0m [1;30mLevel 5[0m set package 'hc10dtp_simulation' build argument 'cmake_clean_cache' from command line to 'False'
[0.428s] [34mcolcon.colcon_core.verb[0m [1;30mLevel 5[0m set package 'hc10dtp_simulation' build argument 'cmake_clean_first' from command line to 'False'
[0.428s] [34mcolcon.colcon_core.verb[0m [1;30mLevel 5[0m set package 'hc10dtp_simulation' build argument 'cmake_force_configure' from command line to 'False'
[0.428s] [34mcolcon.colcon_core.verb[0m [1;30mLevel 5[0m set package 'hc10dtp_simulation' build argument 'ament_cmake_args' from command line to 'None'
[0.428s] [34mcolcon.colcon_core.verb[0m [1;30mLevel 5[0m set package 'hc10dtp_simulation' build argument 'catkin_cmake_args' from command line to 'None'
[0.429s] [34mcolcon.colcon_core.verb[0m [1;30mLevel 5[0m set package 'hc10dtp_simulation' build argument 'catkin_skip_building_tests' from command line to 'False'
[0.429s] [34mcolcon.colcon_core.verb[0m [1;30mDEBUG[0m [32mBuilding package 'hc10dtp_simulation' with the following arguments: {'ament_cmake_args': None, 'build_base': '/home/duy/cocarry_ws/build/hc10dtp_simulation', 'catkin_cmake_args': None, 'catkin_skip_building_tests': False, 'cmake_args': None, 'cmake_clean_cache': False, 'cmake_clean_first': False, 'cmake_force_configure': False, 'cmake_target': None, 'cmake_target_skip_unavailable': False, 'install_base': '/home/duy/cocarry_ws/install/hc10dtp_simulation', 'merge_install': False, 'path': '/home/duy/cocarry_ws/src/hc10dtp_simulation', 'symlink_install': False, 'test_result_base': None}[0m
[0.429s] [34mcolcon.colcon_core.verb[0m [1;30mLevel 5[0m set package 'hrc_bringup' build argument 'cmake_args' from command line to 'None'
[0.429s] [34mcolcon.colcon_core.verb[0m [1;30mLevel 5[0m set package 'hrc_bringup' build argument 'cmake_target' from command line to 'None'
[0.429s] [34mcolcon.colcon_core.verb[0m [1;30mLevel 5[0m set package 'hrc_bringup' build argument 'cmake_target_skip_unavailable' from command line to 'False'
[0.429s] [34mcolcon.colcon_core.verb[0m [1;30mLevel 5[0m set package 'hrc_bringup' build argument 'cmake_clean_cache' from command line to 'False'
[0.429s] [34mcolcon.colcon_core.verb[0m [1;30mLevel 5[0m set package 'hrc_bringup' build argument 'cmake_clean_first' from command line to 'False'
[0.429s] [34mcolcon.colcon_core.verb[0m [1;30mLevel 5[0m set package 'hrc_bringup' build argument 'cmake_force_configure' from command line to 'False'
[0.429s] [34mcolcon.colcon_core.verb[0m [1;30mLevel 5[0m set package 'hrc_bringup' build argument 'ament_cmake_args' from command line to 'None'
[0.429s] [34mcolcon.colcon_core.verb[0m [1;30mLevel 5[0m set package 'hrc_bringup' build argument 'catkin_cmake_args' from command line to 'None'
[0.429s] [34mcolcon.colcon_core.verb[0m [1;30mLevel 5[0m set package 'hrc_bringup' build argument 'catkin_skip_building_tests' from command line to 'False'
[0.429s] [34mcolcon.colcon_core.verb[0m [1;30mDEBUG[0m [32mBuilding package 'hrc_bringup' with the following arguments: {'ament_cmake_args': None, 'build_base': '/home/duy/cocarry_ws/build/hrc_bringup', 'catkin_cmake_args': None, 'catkin_skip_building_tests': False, 'cmake_args': None, 'cmake_clean_cache': False, 'cmake_clean_first': False, 'cmake_force_configure': False, 'cmake_target': None, 'cmake_target_skip_unavailable': False, 'install_base': '/home/duy/cocarry_ws/install/hrc_bringup', 'merge_install': False, 'path': '/home/duy/cocarry_ws/src/hrc_bringup', 'symlink_install': False, 'test_result_base': None}[0m
[0.429s] [34mcolcon.colcon_core.executor[0m [1;30mINFO[0m Executing jobs using 'parallel' executor
[0.430s] [34mcolcon.colcon_parallel_executor.executor.parallel[0m [1;30mDEBUG[0m [32mrun_until_complete[0m
[0.430s] [34mcolcon.colcon_ros.task.catkin.build[0m [1;30mINFO[0m Building ROS package in '/home/duy/cocarry_ws/src/human_hand_msgs' with build type 'catkin'
[0.430s] [34mcolcon.colcon_cmake.task.cmake.build[0m [1;30mINFO[0m Building CMake package in '/home/duy/cocarry_ws/src/human_hand_msgs'
[0.433s] [34mcolcon.colcon_core.plugin_system[0m [1;30mINFO[0m Skipping extension 'colcon_core.shell.bat': Not used on non-Windows systems
[0.433s] [34mcolcon.colcon_core.shell[0m [1;30mINFO[0m Skip shell extension 'powershell' for command environment: Not usable outside of PowerShell
[0.433s] [34mcolcon.colcon_core.shell[0m [1;30mDEBUG[0m [32mSkip shell extension 'dsv' for command environment[0m
[0.436s] [34mcolcon.colcon_ros.task.ament_cmake.build[0m [1;30mINFO[0m Building ROS package in '/home/duy/cocarry_ws/src/motoman_ros2_support_packages/motoman_resources' with build type 'ament_cmake'
[0.436s] [34mcolcon.colcon_cmake.task.cmake.build[0m [1;30mINFO[0m Building CMake package in '/home/duy/cocarry_ws/src/motoman_ros2_support_packages/motoman_resources'
[0.436s] [34mcolcon.colcon_core.shell[0m [1;30mINFO[0m Skip shell extension 'powershell' for command environment: Not usable outside of PowerShell
[0.436s] [34mcolcon.colcon_core.shell[0m [1;30mDEBUG[0m [32mSkip shell extension 'dsv' for command environment[0m
[0.439s] [34mcolcon.colcon_ros.task.ament_cmake.build[0m [1;30mINFO[0m Building ROS package in '/home/duy/cocarry_ws/src/yaskawa-global/motoros2_interfaces' with build type 'ament_cmake'
[0.439s] [34mcolcon.colcon_cmake.task.cmake.build[0m [1;30mINFO[0m Building CMake package in '/home/duy/cocarry_ws/src/yaskawa-global/motoros2_interfaces'
[0.439s] [34mcolcon.colcon_core.shell[0m [1;30mINFO[0m Skip shell extension 'powershell' for command environment: Not usable outside of PowerShell
[0.439s] [34mcolcon.colcon_core.shell[0m [1;30mDEBUG[0m [32mSkip shell extension 'dsv' for command environment[0m
[0.442s] [34mcolcon.colcon_ros.task.ament_cmake.build[0m [1;30mINFO[0m Building ROS package in '/home/duy/cocarry_ws/src/kinect2_ros2/kinect2_registration' with build type 'ament_cmake'
[0.442s] [34mcolcon.colcon_cmake.task.cmake.build[0m [1;30mINFO[0m Building CMake package in '/home/duy/cocarry_ws/src/kinect2_ros2/kinect2_registration'
[0.442s] [34mcolcon.colcon_core.shell[0m [1;30mINFO[0m Skip shell extension 'powershell' for command environment: Not usable outside of PowerShell
[0.442s] [34mcolcon.colcon_core.shell[0m [1;30mDEBUG[0m [32mSkip shell extension 'dsv' for command environment[0m
[0.445s] [34mcolcon.colcon_ros.task.ament_cmake.build[0m [1;30mINFO[0m Building ROS package in '/home/duy/cocarry_ws/src/trac_ik/trac_ik_lib' with build type 'ament_cmake'
[0.445s] [34mcolcon.colcon_cmake.task.cmake.build[0m [1;30mINFO[0m Building CMake package in '/home/duy/cocarry_ws/src/trac_ik/trac_ik_lib'
[0.445s] [34mcolcon.colcon_core.shell[0m [1;30mINFO[0m Skip shell extension 'powershell' for command environment: Not usable outside of PowerShell
[0.445s] [34mcolcon.colcon_core.shell[0m [1;30mDEBUG[0m [32mSkip shell extension 'dsv' for command environment[0m
[0.448s] [34mcolcon.colcon_ros.task.ament_cmake.build[0m [1;30mINFO[0m Building ROS package in '/home/duy/cocarry_ws/src/ros-industrial/industrial_core_ros2_msgs_only/industrial_msgs' with build type 'ament_cmake'
[0.448s] [34mcolcon.colcon_cmake.task.cmake.build[0m [1;30mINFO[0m Building CMake package in '/home/duy/cocarry_ws/src/ros-industrial/industrial_core_ros2_msgs_only/industrial_msgs'
[0.448s] [34mcolcon.colcon_core.shell[0m [1;30mINFO[0m Skip shell extension 'powershell' for command environment: Not usable outside of PowerShell
[0.448s] [34mcolcon.colcon_core.shell[0m [1;30mDEBUG[0m [32mSkip shell extension 'dsv' for command environment[0m
[0.450s] [34mcolcon.colcon_cmake.task.cmake.build[0m [1;30mINFO[0m Building CMake package in '/home/duy/cocarry_ws/libfreenect2'
[0.450s] [34mcolcon.colcon_core.shell[0m [1;30mINFO[0m Skip shell extension 'powershell' for command environment: Not usable outside of PowerShell
[0.451s] [34mcolcon.colcon_core.shell[0m [1;30mDEBUG[0m [32mSkip shell extension 'dsv' for command environment[0m
[0.453s] [34mcolcon.colcon_ros.task.ament_python.build[0m [1;30mINFO[0m Building ROS package in '/home/duy/cocarry_ws/src/rula_tracker' with build type 'ament_python'
[0.453s] [34mcolcon.colcon_core.shell[0m [1;30mLevel 1[0m create_environment_hook('rula_tracker', 'ament_prefix_path')
[0.453s] [34mcolcon.colcon_core.shell[0m [1;30mINFO[0m Creating environment hook '/home/duy/cocarry_ws/install/rula_tracker/share/rula_tracker/hook/ament_prefix_path.ps1'
[0.453s] [34mcolcon.colcon_core.shell[0m [1;30mINFO[0m Creating environment descriptor '/home/duy/cocarry_ws/install/rula_tracker/share/rula_tracker/hook/ament_prefix_path.dsv'
[0.454s] [34mcolcon.colcon_core.shell[0m [1;30mINFO[0m Creating environment hook '/home/duy/cocarry_ws/install/rula_tracker/share/rula_tracker/hook/ament_prefix_path.sh'
[0.454s] [34mcolcon.colcon_core.shell[0m [1;30mINFO[0m Skip shell extension 'powershell' for command environment: Not usable outside of PowerShell
[0.454s] [34mcolcon.colcon_core.shell[0m [1;30mDEBUG[0m [32mSkip shell extension 'dsv' for command environment[0m
[0.460s] [34mcolcon.colcon_core.event_handler.log_command[0m [1;30mDEBUG[0m [32mInvoking command in '/home/duy/cocarry_ws/build/human_hand_msgs': /usr/bin/cmake --build /home/duy/cocarry_ws/build/human_hand_msgs -- -j16 -l16[0m
[0.462s] [34mcolcon.colcon_core.event_handler.log_command[0m [1;30mDEBUG[0m [32mInvoking command in '/home/duy/cocarry_ws/build/motoman_resources': CMAKE_PREFIX_PATH=/home/duy/cocarry_ws/install/hrc_bringup:/home/duy/cocarry_ws/install/trac_ik:/home/duy/cocarry_ws/install/trac_ik_kinematics:/home/duy/cocarry_ws/install/trac_ik_lib:/home/duy/cocarry_ws/install/motoros2_client_interface_dependencies:/home/duy/cocarry_ws/install/hc10dtp_simulation:/home/duy/cocarry_ws/install/motoros2_interfaces:/home/duy/cocarry_ws/install/hc10dtp_bringup:/home/duy/cocarry_ws/install/hc10dtp_moveit_config:/home/duy/cocarry_ws/install/motoman_hc10dtp_support:/home/duy/cocarry_ws/install/motoman_gp4_support:/home/duy/cocarry_ws/install/motoman_resources:/home/duy/cocarry_ws/install/libfreenect2:/home/duy/cocarry_ws/install/kinect2_calibration:/home/duy/cocarry_ws/install/kinect2_bridge:/home/duy/cocarry_ws/install/kinect2_registration:/home/duy/cocarry_ws/install/industrial_msgs:/home/duy/cocarry_ws/install/trajectory_predictor:/home/duy/cocarry_ws/install/rula_tracker:/home/duy/cocarry_ws/install/realsense_tracker:/home/duy/cocarry_ws/install/predictor_ui:/home/duy/cocarry_ws/install/experiment_logger:/home/duy/cocarry_ws/install/coord_transform:/opt/ros/humble:/home/duy/cocarry_ws/install/human_hand_msgs /usr/bin/cmake --build /home/duy/cocarry_ws/build/motoman_resources -- -j16 -l16[0m
[0.464s] [34mcolcon.colcon_core.event_handler.log_command[0m [1;30mDEBUG[0m [32mInvoking command in '/home/duy/cocarry_ws/build/motoros2_interfaces': CMAKE_PREFIX_PATH=/home/duy/cocarry_ws/install/hrc_bringup:/home/duy/cocarry_ws/install/trac_ik:/home/duy/cocarry_ws/install/trac_ik_kinematics:/home/duy/cocarry_ws/install/trac_ik_lib:/home/duy/cocarry_ws/install/motoros2_client_interface_dependencies:/home/duy/cocarry_ws/install/hc10dtp_simulation:/home/duy/cocarry_ws/install/motoros2_interfaces:/home/duy/cocarry_ws/install/hc10dtp_bringup:/home/duy/cocarry_ws/install/hc10dtp_moveit_config:/home/duy/cocarry_ws/install/motoman_hc10dtp_support:/home/duy/cocarry_ws/install/motoman_gp4_support:/home/duy/cocarry_ws/install/motoman_resources:/home/duy/cocarry_ws/install/libfreenect2:/home/duy/cocarry_ws/install/kinect2_calibration:/home/duy/cocarry_ws/install/kinect2_bridge:/home/duy/cocarry_ws/install/kinect2_registration:/home/duy/cocarry_ws/install/industrial_msgs:/home/duy/cocarry_ws/install/trajectory_predictor:/home/duy/cocarry_ws/install/rula_tracker:/home/duy/cocarry_ws/install/realsense_tracker:/home/duy/cocarry_ws/install/predictor_ui:/home/duy/cocarry_ws/install/experiment_logger:/home/duy/cocarry_ws/install/coord_transform:/opt/ros/humble:/home/duy/cocarry_ws/install/human_hand_msgs /usr/bin/cmake --build /home/duy/cocarry_ws/build/motoros2_interfaces -- -j16 -l16[0m
[0.465s] [34mcolcon.colcon_core.event_handler.log_command[0m [1;30mDEBUG[0m [32mInvoking command in '/home/duy/cocarry_ws/build/kinect2_registration': CMAKE_PREFIX_PATH=/home/duy/cocarry_ws/install/hrc_bringup:/home/duy/cocarry_ws/install/trac_ik:/home/duy/cocarry_ws/install/trac_ik_kinematics:/home/duy/cocarry_ws/install/trac_ik_lib:/home/duy/cocarry_ws/install/motoros2_client_interface_dependencies:/home/duy/cocarry_ws/install/hc10dtp_simulation:/home/duy/cocarry_ws/install/motoros2_interfaces:/home/duy/cocarry_ws/install/hc10dtp_bringup:/home/duy/cocarry_ws/install/hc10dtp_moveit_config:/home/duy/cocarry_ws/install/motoman_hc10dtp_support:/home/duy/cocarry_ws/install/motoman_gp4_support:/home/duy/cocarry_ws/install/motoman_resources:/home/duy/cocarry_ws/install/libfreenect2:/home/duy/cocarry_ws/install/kinect2_calibration:/home/duy/cocarry_ws/install/kinect2_bridge:/home/duy/cocarry_ws/install/kinect2_registration:/home/duy/cocarry_ws/install/industrial_msgs:/home/duy/cocarry_ws/install/trajectory_predictor:/home/duy/cocarry_ws/install/rula_tracker:/home/duy/cocarry_ws/install/realsense_tracker:/home/duy/cocarry_ws/install/predictor_ui:/home/duy/cocarry_ws/install/experiment_logger:/home/duy/cocarry_ws/install/coord_transform:/opt/ros/humble:/home/duy/cocarry_ws/install/human_hand_msgs /usr/bin/cmake --build /home/duy/cocarry_ws/build/kinect2_registration -- -j16 -l16[0m
[0.467s] [34mcolcon.colcon_core.event_handler.log_command[0m [1;30mDEBUG[0m [32mInvoking command in '/home/duy/cocarry_ws/build/trac_ik_lib': CMAKE_PREFIX_PATH=/home/duy/cocarry_ws/install/hrc_bringup:/home/duy/cocarry_ws/install/trac_ik:/home/duy/cocarry_ws/install/trac_ik_kinematics:/home/duy/cocarry_ws/install/trac_ik_lib:/home/duy/cocarry_ws/install/motoros2_client_interface_dependencies:/home/duy/cocarry_ws/install/hc10dtp_simulation:/home/duy/cocarry_ws/install/motoros2_interfaces:/home/duy/cocarry_ws/install/hc10dtp_bringup:/home/duy/cocarry_ws/install/hc10dtp_moveit_config:/home/duy/cocarry_ws/install/motoman_hc10dtp_support:/home/duy/cocarry_ws/install/motoman_gp4_support:/home/duy/cocarry_ws/install/motoman_resources:/home/duy/cocarry_ws/install/libfreenect2:/home/duy/cocarry_ws/install/kinect2_calibration:/home/duy/cocarry_ws/install/kinect2_bridge:/home/duy/cocarry_ws/install/kinect2_registration:/home/duy/cocarry_ws/install/industrial_msgs:/home/duy/cocarry_ws/install/trajectory_predictor:/home/duy/cocarry_ws/install/rula_tracker:/home/duy/cocarry_ws/install/realsense_tracker:/home/duy/cocarry_ws/install/predictor_ui:/home/duy/cocarry_ws/install/experiment_logger:/home/duy/cocarry_ws/install/coord_transform:/opt/ros/humble:/home/duy/cocarry_ws/install/human_hand_msgs /usr/bin/cmake --build /home/duy/cocarry_ws/build/trac_ik_lib -- -j16 -l16[0m
[0.470s] [34mcolcon.colcon_core.event_handler.log_command[0m [1;30mDEBUG[0m [32mInvoking command in '/home/duy/cocarry_ws/build/industrial_msgs': CMAKE_PREFIX_PATH=/home/duy/cocarry_ws/install/hrc_bringup:/home/duy/cocarry_ws/install/trac_ik:/home/duy/cocarry_ws/install/trac_ik_kinematics:/home/duy/cocarry_ws/install/trac_ik_lib:/home/duy/cocarry_ws/install/motoros2_client_interface_dependencies:/home/duy/cocarry_ws/install/hc10dtp_simulation:/home/duy/cocarry_ws/install/motoros2_interfaces:/home/duy/cocarry_ws/install/hc10dtp_bringup:/home/duy/cocarry_ws/install/hc10dtp_moveit_config:/home/duy/cocarry_ws/install/motoman_hc10dtp_support:/home/duy/cocarry_ws/install/motoman_gp4_support:/home/duy/cocarry_ws/install/motoman_resources:/home/duy/cocarry_ws/install/libfreenect2:/home/duy/cocarry_ws/install/kinect2_calibration:/home/duy/cocarry_ws/install/kinect2_bridge:/home/duy/cocarry_ws/install/kinect2_registration:/home/duy/cocarry_ws/install/industrial_msgs:/home/duy/cocarry_ws/install/trajectory_predictor:/home/duy/cocarry_ws/install/rula_tracker:/home/duy/cocarry_ws/install/realsense_tracker:/home/duy/cocarry_ws/install/predictor_ui:/home/duy/cocarry_ws/install/experiment_logger:/home/duy/cocarry_ws/install/coord_transform:/opt/ros/humble:/home/duy/cocarry_ws/install/human_hand_msgs /usr/bin/cmake --build /home/duy/cocarry_ws/build/industrial_msgs -- -j16 -l16[0m
[0.475s] [34mcolcon.colcon_core.event_handler.log_command[0m [1;30mDEBUG[0m [32mInvoking command in '/home/duy/cocarry_ws/build/libfreenect2': /usr/bin/cmake --build /home/duy/cocarry_ws/build/libfreenect2 -- -j16 -l16[0m
[2.548s] [34mcolcon.colcon_core.task.python.build[0m [1;30mINFO[0m Building Python package in '/home/duy/cocarry_ws/src/rula_tracker'
[2.548s] [34mcolcon.colcon_core.shell[0m [1;30mINFO[0m Skip shell extension 'powershell' for command environment: Not usable outside of PowerShell
[2.558s] [34mcolcon.colcon_core.shell[0m [1;30mDEBUG[0m [32mSkip shell extension 'dsv' for command environment[0m
[2.639s] [34mcolcon.colcon_core.event_handler.log_command[0m [1;30mDEBUG[0m [32mInvoked command in '/home/duy/cocarry_ws/build/motoman_resources' returned '0': CMAKE_PREFIX_PATH=/home/duy/cocarry_ws/install/hrc_bringup:/home/duy/cocarry_ws/install/trac_ik:/home/duy/cocarry_ws/install/trac_ik_kinematics:/home/duy/cocarry_ws/install/trac_ik_lib:/home/duy/cocarry_ws/install/motoros2_client_interface_dependencies:/home/duy/cocarry_ws/install/hc10dtp_simulation:/home/duy/cocarry_ws/install/motoros2_interfaces:/home/duy/cocarry_ws/install/hc10dtp_bringup:/home/duy/cocarry_ws/install/hc10dtp_moveit_config:/home/duy/cocarry_ws/install/motoman_hc10dtp_support:/home/duy/cocarry_ws/install/motoman_gp4_support:/home/duy/cocarry_ws/install/motoman_resources:/home/duy/cocarry_ws/install/libfreenect2:/home/duy/cocarry_ws/install/kinect2_calibration:/home/duy/cocarry_ws/install/kinect2_bridge:/home/duy/cocarry_ws/install/kinect2_registration:/home/duy/cocarry_ws/install/industrial_msgs:/home/duy/cocarry_ws/install/trajectory_predictor:/home/duy/cocarry_ws/install/rula_tracker:/home/duy/cocarry_ws/install/realsense_tracker:/home/duy/cocarry_ws/install/predictor_ui:/home/duy/cocarry_ws/install/experiment_logger:/home/duy/cocarry_ws/install/coord_transform:/opt/ros/humble:/home/duy/cocarry_ws/install/human_hand_msgs /usr/bin/cmake --build /home/duy/cocarry_ws/build/motoman_resources -- -j16 -l16[0m
[2.740s] [34mcolcon.colcon_core.event_handler.log_command[0m [1;30mDEBUG[0m [32mInvoking command in '/home/duy/cocarry_ws/build/motoman_resources': CMAKE_PREFIX_PATH=/home/duy/cocarry_ws/install/hrc_bringup:/home/duy/cocarry_ws/install/trac_ik:/home/duy/cocarry_ws/install/trac_ik_kinematics:/home/duy/cocarry_ws/install/trac_ik_lib:/home/duy/cocarry_ws/install/motoros2_client_interface_dependencies:/home/duy/cocarry_ws/install/hc10dtp_simulation:/home/duy/cocarry_ws/install/motoros2_interfaces:/home/duy/cocarry_ws/install/hc10dtp_bringup:/home/duy/cocarry_ws/install/hc10dtp_moveit_config:/home/duy/cocarry_ws/install/motoman_hc10dtp_support:/home/duy/cocarry_ws/install/motoman_gp4_support:/home/duy/cocarry_ws/install/motoman_resources:/home/duy/cocarry_ws/install/libfreenect2:/home/duy/cocarry_ws/install/kinect2_calibration:/home/duy/cocarry_ws/install/kinect2_bridge:/home/duy/cocarry_ws/install/kinect2_registration:/home/duy/cocarry_ws/install/industrial_msgs:/home/duy/cocarry_ws/install/trajectory_predictor:/home/duy/cocarry_ws/install/rula_tracker:/home/duy/cocarry_ws/install/realsense_tracker:/home/duy/cocarry_ws/install/predictor_ui:/home/duy/cocarry_ws/install/experiment_logger:/home/duy/cocarry_ws/install/coord_transform:/opt/ros/humble:/home/duy/cocarry_ws/install/human_hand_msgs /usr/bin/cmake --install /home/duy/cocarry_ws/build/motoman_resources[0m
[2.878s] [34mcolcon.colcon_core.environment[0m [1;30mLevel 1[0m create_environment_scripts_only(motoman_resources)
[2.881s] [34mcolcon.colcon_core.event_handler.log_command[0m [1;30mDEBUG[0m [32mInvoked command in '/home/duy/cocarry_ws/build/motoman_resources' returned '0': CMAKE_PREFIX_PATH=/home/duy/cocarry_ws/install/hrc_bringup:/home/duy/cocarry_ws/install/trac_ik:/home/duy/cocarry_ws/install/trac_ik_kinematics:/home/duy/cocarry_ws/install/trac_ik_lib:/home/duy/cocarry_ws/install/motoros2_client_interface_dependencies:/home/duy/cocarry_ws/install/hc10dtp_simulation:/home/duy/cocarry_ws/install/motoros2_interfaces:/home/duy/cocarry_ws/install/hc10dtp_bringup:/home/duy/cocarry_ws/install/hc10dtp_moveit_config:/home/duy/cocarry_ws/install/motoman_hc10dtp_support:/home/duy/cocarry_ws/install/motoman_gp4_support:/home/duy/cocarry_ws/install/motoman_resources:/home/duy/cocarry_ws/install/libfreenect2:/home/duy/cocarry_ws/install/kinect2_calibration:/home/duy/cocarry_ws/install/kinect2_bridge:/home/duy/cocarry_ws/install/kinect2_registration:/home/duy/cocarry_ws/install/industrial_msgs:/home/duy/cocarry_ws/install/trajectory_predictor:/home/duy/cocarry_ws/install/rula_tracker:/home/duy/cocarry_ws/install/realsense_tracker:/home/duy/cocarry_ws/install/predictor_ui:/home/duy/cocarry_ws/install/experiment_logger:/home/duy/cocarry_ws/install/coord_transform:/opt/ros/humble:/home/duy/cocarry_ws/install/human_hand_msgs /usr/bin/cmake --install /home/duy/cocarry_ws/build/motoman_resources[0m
[2.895s] [34mcolcon.colcon_core.environment[0m [1;30mLevel 1[0m checking '/home/duy/cocarry_ws/install/motoman_resources' for CMake module files
[2.896s] [34mcolcon.colcon_core.environment[0m [1;30mLevel 1[0m checking '/home/duy/cocarry_ws/install/motoman_resources' for CMake config files
[2.896s] [34mcolcon.colcon_core.shell[0m [1;30mLevel 1[0m create_environment_hook('motoman_resources', 'cmake_prefix_path')
[2.897s] [34mcolcon.colcon_core.shell[0m [1;30mINFO[0m Creating environment hook '/home/duy/cocarry_ws/install/motoman_resources/share/motoman_resources/hook/cmake_prefix_path.ps1'
[2.898s] [34mcolcon.colcon_core.shell[0m [1;30mINFO[0m Creating environment descriptor '/home/duy/cocarry_ws/install/motoman_resources/share/motoman_resources/hook/cmake_prefix_path.dsv'
[2.907s] [34mcolcon.colcon_core.shell[0m [1;30mINFO[0m Creating environment hook '/home/duy/cocarry_ws/install/motoman_resources/share/motoman_resources/hook/cmake_prefix_path.sh'
[2.908s] [34mcolcon.colcon_core.environment[0m [1;30mLevel 1[0m checking '/home/duy/cocarry_ws/install/motoman_resources/bin'
[2.908s] [34mcolcon.colcon_core.environment[0m [1;30mLevel 1[0m checking '/home/duy/cocarry_ws/install/motoman_resources/lib/pkgconfig/motoman_resources.pc'
[2.909s] [34mcolcon.colcon_core.environment[0m [1;30mLevel 1[0m checking '/home/duy/cocarry_ws/install/motoman_resources/lib/python3.10/site-packages'
[2.919s] [34mcolcon.colcon_core.environment[0m [1;30mLevel 1[0m checking '/home/duy/cocarry_ws/install/motoman_resources/bin'
[2.920s] [34mcolcon.colcon_core.shell[0m [1;30mINFO[0m Creating package script '/home/duy/cocarry_ws/install/motoman_resources/share/motoman_resources/package.ps1'
[2.923s] [34mcolcon.colcon_core.shell[0m [1;30mINFO[0m Creating package descriptor '/home/duy/cocarry_ws/install/motoman_resources/share/motoman_resources/package.dsv'
[2.929s] [34mcolcon.colcon_core.shell[0m [1;30mINFO[0m Creating package script '/home/duy/cocarry_ws/install/motoman_resources/share/motoman_resources/package.sh'
[2.931s] [34mcolcon.colcon_core.shell[0m [1;30mINFO[0m Creating package script '/home/duy/cocarry_ws/install/motoman_resources/share/motoman_resources/package.bash'
[2.939s] [34mcolcon.colcon_core.shell[0m [1;30mINFO[0m Creating package script '/home/duy/cocarry_ws/install/motoman_resources/share/motoman_resources/package.zsh'
[2.945s] [34mcolcon.colcon_core.environment[0m [1;30mLevel 1[0m create_file_with_runtime_dependencies(/home/duy/cocarry_ws/install/motoman_resources/share/colcon-core/packages/motoman_resources)
[2.948s] [34mcolcon.colcon_core.environment[0m [1;30mLevel 1[0m create_environment_scripts_only(motoman_resources)
[2.951s] [34mcolcon.colcon_core.environment[0m [1;30mLevel 1[0m checking '/home/duy/cocarry_ws/install/motoman_resources' for CMake module files
[2.956s] [34mcolcon.colcon_core.environment[0m [1;30mLevel 1[0m checking '/home/duy/cocarry_ws/install/motoman_resources' for CMake config files
[2.956s] [34mcolcon.colcon_core.shell[0m [1;30mLevel 1[0m create_environment_hook('motoman_resources', 'cmake_prefix_path')
[2.957s] [34mcolcon.colcon_core.shell[0m [1;30mINFO[0m Creating environment hook '/home/duy/cocarry_ws/install/motoman_resources/share/motoman_resources/hook/cmake_prefix_path.ps1'
[2.964s] [34mcolcon.colcon_core.shell[0m [1;30mINFO[0m Creating environment descriptor '/home/duy/cocarry_ws/install/motoman_resources/share/motoman_resources/hook/cmake_prefix_path.dsv'
[2.966s] [34mcolcon.colcon_core.shell[0m [1;30mINFO[0m Creating environment hook '/home/duy/cocarry_ws/install/motoman_resources/share/motoman_resources/hook/cmake_prefix_path.sh'
[2.967s] [34mcolcon.colcon_core.environment[0m [1;30mLevel 1[0m checking '/home/duy/cocarry_ws/install/motoman_resources/bin'
[2.972s] [34mcolcon.colcon_core.environment[0m [1;30mLevel 1[0m checking '/home/duy/cocarry_ws/install/motoman_resources/lib/pkgconfig/motoman_resources.pc'
[2.972s] [34mcolcon.colcon_core.environment[0m [1;30mLevel 1[0m checking '/home/duy/cocarry_ws/install/motoman_resources/lib/python3.10/site-packages'
[2.973s] [34mcolcon.colcon_core.environment[0m [1;30mLevel 1[0m checking '/home/duy/cocarry_ws/install/motoman_resources/bin'
[2.974s] [34mcolcon.colcon_core.shell[0m [1;30mINFO[0m Creating package script '/home/duy/cocarry_ws/install/motoman_resources/share/motoman_resources/package.ps1'
[2.981s] [34mcolcon.colcon_core.shell[0m [1;30mINFO[0m Creating package descriptor '/home/duy/cocarry_ws/install/motoman_resources/share/motoman_resources/package.dsv'
[2.982s] [34mcolcon.colcon_core.shell[0m [1;30mINFO[0m Creating package script '/home/duy/cocarry_ws/install/motoman_resources/share/motoman_resources/package.sh'
[2.983s] [34mcolcon.colcon_core.shell[0m [1;30mINFO[0m Creating package script '/home/duy/cocarry_ws/install/motoman_resources/share/motoman_resources/package.bash'
[2.989s] [34mcolcon.colcon_core.shell[0m [1;30mINFO[0m Creating package script '/home/duy/cocarry_ws/install/motoman_resources/share/motoman_resources/package.zsh'
[2.990s] [34mcolcon.colcon_core.environment[0m [1;30mLevel 1[0m create_file_with_runtime_dependencies(/home/duy/cocarry_ws/install/motoman_resources/share/colcon-core/packages/motoman_resources)
[2.997s] [34mcolcon.colcon_ros.task.ament_cmake.build[0m [1;30mINFO[0m Building ROS package in '/home/duy/cocarry_ws/src/motoman_ros2_support_packages/motoman_hc10dtp_support' with build type 'ament_cmake'
[2.997s] [34mcolcon.colcon_cmake.task.cmake.build[0m [1;30mINFO[0m Building CMake package in '/home/duy/cocarry_ws/src/motoman_ros2_support_packages/motoman_hc10dtp_support'
[2.998s] [34mcolcon.colcon_core.shell[0m [1;30mINFO[0m Skip shell extension 'powershell' for command environment: Not usable outside of PowerShell
[2.998s] [34mcolcon.colcon_core.shell[0m [1;30mDEBUG[0m [32mSkip shell extension 'dsv' for command environment[0m
[3.029s] [34mcolcon.colcon_ros.task.ament_cmake.build[0m [1;30mINFO[0m Building ROS package in '/home/duy/cocarry_ws/src/motoman_ros2_support_packages/motoman_gp4_support' with build type 'ament_cmake'
[3.030s] [34mcolcon.colcon_cmake.task.cmake.build[0m [1;30mINFO[0m Building CMake package in '/home/duy/cocarry_ws/src/motoman_ros2_support_packages/motoman_gp4_support'
[3.030s] [34mcolcon.colcon_core.shell[0m [1;30mINFO[0m Skip shell extension 'powershell' for command environment: Not usable outside of PowerShell
[3.031s] [34mcolcon.colcon_core.shell[0m [1;30mDEBUG[0m [32mSkip shell extension 'dsv' for command environment[0m
[3.098s] [34mcolcon.colcon_core.event_handler.log_command[0m [1;30mDEBUG[0m [32mInvoking command in '/home/duy/cocarry_ws/build/motoman_hc10dtp_support': CMAKE_PREFIX_PATH=/home/duy/cocarry_ws/install/motoman_resources:/home/duy/cocarry_ws/install/hrc_bringup:/home/duy/cocarry_ws/install/trac_ik:/home/duy/cocarry_ws/install/trac_ik_kinematics:/home/duy/cocarry_ws/install/trac_ik_lib:/home/duy/cocarry_ws/install/motoros2_client_interface_dependencies:/home/duy/cocarry_ws/install/hc10dtp_simulation:/home/duy/cocarry_ws/install/motoros2_interfaces:/home/duy/cocarry_ws/install/hc10dtp_bringup:/home/duy/cocarry_ws/install/hc10dtp_moveit_config:/home/duy/cocarry_ws/install/motoman_hc10dtp_support:/home/duy/cocarry_ws/install/motoman_gp4_support:/home/duy/cocarry_ws/install/libfreenect2:/home/duy/cocarry_ws/install/kinect2_calibration:/home/duy/cocarry_ws/install/kinect2_bridge:/home/duy/cocarry_ws/install/kinect2_registration:/home/duy/cocarry_ws/install/industrial_msgs:/home/duy/cocarry_ws/install/trajectory_predictor:/home/duy/cocarry_ws/install/rula_tracker:/home/duy/cocarry_ws/install/realsense_tracker:/home/duy/cocarry_ws/install/predictor_ui:/home/duy/cocarry_ws/install/experiment_logger:/home/duy/cocarry_ws/install/coord_transform:/opt/ros/humble:/home/duy/cocarry_ws/install/human_hand_msgs /usr/bin/cmake --build /home/duy/cocarry_ws/build/motoman_hc10dtp_support -- -j16 -l16[0m
[3.126s] [34mcolcon.colcon_core.event_handler.log_command[0m [1;30mDEBUG[0m [32mInvoking command in '/home/duy/cocarry_ws/build/motoman_gp4_support': CMAKE_PREFIX_PATH=/home/duy/cocarry_ws/install/motoman_resources:/home/duy/cocarry_ws/install/hrc_bringup:/home/duy/cocarry_ws/install/trac_ik:/home/duy/cocarry_ws/install/trac_ik_kinematics:/home/duy/cocarry_ws/install/trac_ik_lib:/home/duy/cocarry_ws/install/motoros2_client_interface_dependencies:/home/duy/cocarry_ws/install/hc10dtp_simulation:/home/duy/cocarry_ws/install/motoros2_interfaces:/home/duy/cocarry_ws/install/hc10dtp_bringup:/home/duy/cocarry_ws/install/hc10dtp_moveit_config:/home/duy/cocarry_ws/install/motoman_hc10dtp_support:/home/duy/cocarry_ws/install/motoman_gp4_support:/home/duy/cocarry_ws/install/libfreenect2:/home/duy/cocarry_ws/install/kinect2_calibration:/home/duy/cocarry_ws/install/kinect2_bridge:/home/duy/cocarry_ws/install/kinect2_registration:/home/duy/cocarry_ws/install/industrial_msgs:/home/duy/cocarry_ws/install/trajectory_predictor:/home/duy/cocarry_ws/install/rula_tracker:/home/duy/cocarry_ws/install/realsense_tracker:/home/duy/cocarry_ws/install/predictor_ui:/home/duy/cocarry_ws/install/experiment_logger:/home/duy/cocarry_ws/install/coord_transform:/opt/ros/humble:/home/duy/cocarry_ws/install/human_hand_msgs /usr/bin/cmake --build /home/duy/cocarry_ws/build/motoman_gp4_support -- -j16 -l16[0m
[3.264s] [34mcolcon.colcon_core.event_handler.log_command[0m [1;30mDEBUG[0m [32mInvoked command in '/home/duy/cocarry_ws/build/motoman_hc10dtp_support' returned '0': CMAKE_PREFIX_PATH=/home/duy/cocarry_ws/install/motoman_resources:/home/duy/cocarry_ws/install/hrc_bringup:/home/duy/cocarry_ws/install/trac_ik:/home/duy/cocarry_ws/install/trac_ik_kinematics:/home/duy/cocarry_ws/install/trac_ik_lib:/home/duy/cocarry_ws/install/motoros2_client_interface_dependencies:/home/duy/cocarry_ws/install/hc10dtp_simulation:/home/duy/cocarry_ws/install/motoros2_interfaces:/home/duy/cocarry_ws/install/hc10dtp_bringup:/home/duy/cocarry_ws/install/hc10dtp_moveit_config:/home/duy/cocarry_ws/install/motoman_hc10dtp_support:/home/duy/cocarry_ws/install/motoman_gp4_support:/home/duy/cocarry_ws/install/libfreenect2:/home/duy/cocarry_ws/install/kinect2_calibration:/home/duy/cocarry_ws/install/kinect2_bridge:/home/duy/cocarry_ws/install/kinect2_registration:/home/duy/cocarry_ws/install/industrial_msgs:/home/duy/cocarry_ws/install/trajectory_predictor:/home/duy/cocarry_ws/install/rula_tracker:/home/duy/cocarry_ws/install/realsense_tracker:/home/duy/cocarry_ws/install/predictor_ui:/home/duy/cocarry_ws/install/experiment_logger:/home/duy/cocarry_ws/install/coord_transform:/opt/ros/humble:/home/duy/cocarry_ws/install/human_hand_msgs /usr/bin/cmake --build /home/duy/cocarry_ws/build/motoman_hc10dtp_support -- -j16 -l16[0m
[3.267s] [34mcolcon.colcon_core.event_handler.log_command[0m [1;30mDEBUG[0m [32mInvoking command in '/home/duy/cocarry_ws/build/motoman_hc10dtp_support': CMAKE_PREFIX_PATH=/home/duy/cocarry_ws/install/motoman_resources:/home/duy/cocarry_ws/install/hrc_bringup:/home/duy/cocarry_ws/install/trac_ik:/home/duy/cocarry_ws/install/trac_ik_kinematics:/home/duy/cocarry_ws/install/trac_ik_lib:/home/duy/cocarry_ws/install/motoros2_client_interface_dependencies:/home/duy/cocarry_ws/install/hc10dtp_simulation:/home/duy/cocarry_ws/install/motoros2_interfaces:/home/duy/cocarry_ws/install/hc10dtp_bringup:/home/duy/cocarry_ws/install/hc10dtp_moveit_config:/home/duy/cocarry_ws/install/motoman_hc10dtp_support:/home/duy/cocarry_ws/install/motoman_gp4_support:/home/duy/cocarry_ws/install/libfreenect2:/home/duy/cocarry_ws/install/kinect2_calibration:/home/duy/cocarry_ws/install/kinect2_bridge:/home/duy/cocarry_ws/install/kinect2_registration:/home/duy/cocarry_ws/install/industrial_msgs:/home/duy/cocarry_ws/install/trajectory_predictor:/home/duy/cocarry_ws/install/rula_tracker:/home/duy/cocarry_ws/install/realsense_tracker:/home/duy/cocarry_ws/install/predictor_ui:/home/duy/cocarry_ws/install/experiment_logger:/home/duy/cocarry_ws/install/coord_transform:/opt/ros/humble:/home/duy/cocarry_ws/install/human_hand_msgs /usr/bin/cmake --install /home/duy/cocarry_ws/build/motoman_hc10dtp_support[0m
[3.335s] [34mcolcon.colcon_core.event_handler.log_command[0m [1;30mDEBUG[0m [32mInvoked command in '/home/duy/cocarry_ws/build/motoman_gp4_support' returned '0': CMAKE_PREFIX_PATH=/home/duy/cocarry_ws/install/motoman_resources:/home/duy/cocarry_ws/install/hrc_bringup:/home/duy/cocarry_ws/install/trac_ik:/home/duy/cocarry_ws/install/trac_ik_kinematics:/home/duy/cocarry_ws/install/trac_ik_lib:/home/duy/cocarry_ws/install/motoros2_client_interface_dependencies:/home/duy/cocarry_ws/install/hc10dtp_simulation:/home/duy/cocarry_ws/install/motoros2_interfaces:/home/duy/cocarry_ws/install/hc10dtp_bringup:/home/duy/cocarry_ws/install/hc10dtp_moveit_config:/home/duy/cocarry_ws/install/motoman_hc10dtp_support:/home/duy/cocarry_ws/install/motoman_gp4_support:/home/duy/cocarry_ws/install/libfreenect2:/home/duy/cocarry_ws/install/kinect2_calibration:/home/duy/cocarry_ws/install/kinect2_bridge:/home/duy/cocarry_ws/install/kinect2_registration:/home/duy/cocarry_ws/install/industrial_msgs:/home/duy/cocarry_ws/install/trajectory_predictor:/home/duy/cocarry_ws/install/rula_tracker:/home/duy/cocarry_ws/install/realsense_tracker:/home/duy/cocarry_ws/install/predictor_ui:/home/duy/cocarry_ws/install/experiment_logger:/home/duy/cocarry_ws/install/coord_transform:/opt/ros/humble:/home/duy/cocarry_ws/install/human_hand_msgs /usr/bin/cmake --build /home/duy/cocarry_ws/build/motoman_gp4_support -- -j16 -l16[0m
[3.346s] [34mcolcon.colcon_core.event_handler.log_command[0m [1;30mDEBUG[0m [32mInvoking command in '/home/duy/cocarry_ws/build/motoman_gp4_support': CMAKE_PREFIX_PATH=/home/duy/cocarry_ws/install/motoman_resources:/home/duy/cocarry_ws/install/hrc_bringup:/home/duy/cocarry_ws/install/trac_ik:/home/duy/cocarry_ws/install/trac_ik_kinematics:/home/duy/cocarry_ws/install/trac_ik_lib:/home/duy/cocarry_ws/install/motoros2_client_interface_dependencies:/home/duy/cocarry_ws/install/hc10dtp_simulation:/home/duy/cocarry_ws/install/motoros2_interfaces:/home/duy/cocarry_ws/install/hc10dtp_bringup:/home/duy/cocarry_ws/install/hc10dtp_moveit_config:/home/duy/cocarry_ws/install/motoman_hc10dtp_support:/home/duy/cocarry_ws/install/motoman_gp4_support:/home/duy/cocarry_ws/install/libfreenect2:/home/duy/cocarry_ws/install/kinect2_calibration:/home/duy/cocarry_ws/install/kinect2_bridge:/home/duy/cocarry_ws/install/kinect2_registration:/home/duy/cocarry_ws/install/industrial_msgs:/home/duy/cocarry_ws/install/trajectory_predictor:/home/duy/cocarry_ws/install/rula_tracker:/home/duy/cocarry_ws/install/realsense_tracker:/home/duy/cocarry_ws/install/predictor_ui:/home/duy/cocarry_ws/install/experiment_logger:/home/duy/cocarry_ws/install/coord_transform:/opt/ros/humble:/home/duy/cocarry_ws/install/human_hand_msgs /usr/bin/cmake --install /home/duy/cocarry_ws/build/motoman_gp4_support[0m
[3.369s] [34mcolcon.colcon_core.environment[0m [1;30mLevel 1[0m create_environment_scripts_only(motoman_hc10dtp_support)
[3.370s] [34mcolcon.colcon_core.environment[0m [1;30mLevel 1[0m checking '/home/duy/cocarry_ws/install/motoman_hc10dtp_support' for CMake module files
[3.371s] [34mcolcon.colcon_core.environment[0m [1;30mLevel 1[0m checking '/home/duy/cocarry_ws/install/motoman_hc10dtp_support' for CMake config files
[3.371s] [34mcolcon.colcon_core.shell[0m [1;30mLevel 1[0m create_environment_hook('motoman_hc10dtp_support', 'cmake_prefix_path')
[3.372s] [34mcolcon.colcon_core.shell[0m [1;30mINFO[0m Creating environment hook '/home/duy/cocarry_ws/install/motoman_hc10dtp_support/share/motoman_hc10dtp_support/hook/cmake_prefix_path.ps1'
[3.377s] [34mcolcon.colcon_core.shell[0m [1;30mINFO[0m Creating environment descriptor '/home/duy/cocarry_ws/install/motoman_hc10dtp_support/share/motoman_hc10dtp_support/hook/cmake_prefix_path.dsv'
[3.378s] [34mcolcon.colcon_core.shell[0m [1;30mINFO[0m Creating environment hook '/home/duy/cocarry_ws/install/motoman_hc10dtp_support/share/motoman_hc10dtp_support/hook/cmake_prefix_path.sh'
[3.379s] [34mcolcon.colcon_core.environment[0m [1;30mLevel 1[0m checking '/home/duy/cocarry_ws/install/motoman_hc10dtp_support/bin'
[3.380s] [34mcolcon.colcon_core.environment[0m [1;30mLevel 1[0m checking '/home/duy/cocarry_ws/install/motoman_hc10dtp_support/lib/pkgconfig/motoman_hc10dtp_support.pc'
[3.380s] [34mcolcon.colcon_core.environment[0m [1;30mLevel 1[0m checking '/home/duy/cocarry_ws/install/motoman_hc10dtp_support/lib/python3.10/site-packages'
[3.391s] [34mcolcon.colcon_core.event_handler.log_command[0m [1;30mDEBUG[0m [32mInvoked command in '/home/duy/cocarry_ws/build/motoman_hc10dtp_support' returned '0': CMAKE_PREFIX_PATH=/home/duy/cocarry_ws/install/motoman_resources:/home/duy/cocarry_ws/install/hrc_bringup:/home/duy/cocarry_ws/install/trac_ik:/home/duy/cocarry_ws/install/trac_ik_kinematics:/home/duy/cocarry_ws/install/trac_ik_lib:/home/duy/cocarry_ws/install/motoros2_client_interface_dependencies:/home/duy/cocarry_ws/install/hc10dtp_simulation:/home/duy/cocarry_ws/install/motoros2_interfaces:/home/duy/cocarry_ws/install/hc10dtp_bringup:/home/duy/cocarry_ws/install/hc10dtp_moveit_config:/home/duy/cocarry_ws/install/motoman_hc10dtp_support:/home/duy/cocarry_ws/install/motoman_gp4_support:/home/duy/cocarry_ws/install/libfreenect2:/home/duy/cocarry_ws/install/kinect2_calibration:/home/duy/cocarry_ws/install/kinect2_bridge:/home/duy/cocarry_ws/install/kinect2_registration:/home/duy/cocarry_ws/install/industrial_msgs:/home/duy/cocarry_ws/install/trajectory_predictor:/home/duy/cocarry_ws/install/rula_tracker:/home/duy/cocarry_ws/install/realsense_tracker:/home/duy/cocarry_ws/install/predictor_ui:/home/duy/cocarry_ws/install/experiment_logger:/home/duy/cocarry_ws/install/coord_transform:/opt/ros/humble:/home/duy/cocarry_ws/install/human_hand_msgs /usr/bin/cmake --install /home/duy/cocarry_ws/build/motoman_hc10dtp_support[0m
[3.394s] [34mcolcon.colcon_core.environment[0m [1;30mLevel 1[0m checking '/home/duy/cocarry_ws/install/motoman_hc10dtp_support/bin'
[3.394s] [34mcolcon.colcon_core.shell[0m [1;30mINFO[0m Creating package script '/home/duy/cocarry_ws/install/motoman_hc10dtp_support/share/motoman_hc10dtp_support/package.ps1'
[3.396s] [34mcolcon.colcon_core.shell[0m [1;30mINFO[0m Creating package descriptor '/home/duy/cocarry_ws/install/motoman_hc10dtp_support/share/motoman_hc10dtp_support/package.dsv'
[3.401s] [34mcolcon.colcon_core.shell[0m [1;30mINFO[0m Creating package script '/home/duy/cocarry_ws/install/motoman_hc10dtp_support/share/motoman_hc10dtp_support/package.sh'
[3.402s] [34mcolcon.colcon_core.shell[0m [1;30mINFO[0m Creating package script '/home/duy/cocarry_ws/install/motoman_hc10dtp_support/share/motoman_hc10dtp_support/package.bash'
[3.402s] [34mcolcon.colcon_core.shell[0m [1;30mINFO[0m Creating package script '/home/duy/cocarry_ws/install/motoman_hc10dtp_support/share/motoman_hc10dtp_support/package.zsh'
[3.404s] [34mcolcon.colcon_core.environment[0m [1;30mLevel 1[0m create_file_with_runtime_dependencies(/home/duy/cocarry_ws/install/motoman_hc10dtp_support/share/colcon-core/packages/motoman_hc10dtp_support)
[3.406s] [34mcolcon.colcon_core.environment[0m [1;30mLevel 1[0m create_environment_scripts_only(motoman_hc10dtp_support)
[3.406s] [34mcolcon.colcon_core.environment[0m [1;30mLevel 1[0m checking '/home/duy/cocarry_ws/install/motoman_hc10dtp_support' for CMake module files
[3.411s] [34mcolcon.colcon_core.environment[0m [1;30mLevel 1[0m checking '/home/duy/cocarry_ws/install/motoman_hc10dtp_support' for CMake config files
[3.411s] [34mcolcon.colcon_core.shell[0m [1;30mLevel 1[0m create_environment_hook('motoman_hc10dtp_support', 'cmake_prefix_path')
[3.411s] [34mcolcon.colcon_core.shell[0m [1;30mINFO[0m Creating environment hook '/home/duy/cocarry_ws/install/motoman_hc10dtp_support/share/motoman_hc10dtp_support/hook/cmake_prefix_path.ps1'
[3.421s] [34mcolcon.colcon_core.shell[0m [1;30mINFO[0m Creating environment descriptor '/home/duy/cocarry_ws/install/motoman_hc10dtp_support/share/motoman_hc10dtp_support/hook/cmake_prefix_path.dsv'
[3.425s] [34mcolcon.colcon_core.shell[0m [1;30mINFO[0m Creating environment hook '/home/duy/cocarry_ws/install/motoman_hc10dtp_support/share/motoman_hc10dtp_support/hook/cmake_prefix_path.sh'
[3.427s] [34mcolcon.colcon_core.environment[0m [1;30mLevel 1[0m checking '/home/duy/cocarry_ws/install/motoman_hc10dtp_support/bin'
[3.427s] [34mcolcon.colcon_core.environment[0m [1;30mLevel 1[0m checking '/home/duy/cocarry_ws/install/motoman_hc10dtp_support/lib/pkgconfig/motoman_hc10dtp_support.pc'
[3.428s] [34mcolcon.colcon_core.environment[0m [1;30mLevel 1[0m checking '/home/duy/cocarry_ws/install/motoman_hc10dtp_support/lib/python3.10/site-packages'
[3.431s] [34mcolcon.colcon_core.environment[0m [1;30mLevel 1[0m checking '/home/duy/cocarry_ws/install/motoman_hc10dtp_support/bin'
[3.432s] [34mcolcon.colcon_core.shell[0m [1;30mINFO[0m Creating package script '/home/duy/cocarry_ws/install/motoman_hc10dtp_support/share/motoman_hc10dtp_support/package.ps1'
[3.437s] [34mcolcon.colcon_core.shell[0m [1;30mINFO[0m Creating package descriptor '/home/duy/cocarry_ws/install/motoman_hc10dtp_support/share/motoman_hc10dtp_support/package.dsv'
[3.438s] [34mcolcon.colcon_core.shell[0m [1;30mINFO[0m Creating package script '/home/duy/cocarry_ws/install/motoman_hc10dtp_support/share/motoman_hc10dtp_support/package.sh'
[3.439s] [34mcolcon.colcon_core.shell[0m [1;30mINFO[0m Creating package script '/home/duy/cocarry_ws/install/motoman_hc10dtp_support/share/motoman_hc10dtp_support/package.bash'
[3.440s] [34mcolcon.colcon_core.shell[0m [1;30mINFO[0m Creating package script '/home/duy/cocarry_ws/install/motoman_hc10dtp_support/share/motoman_hc10dtp_support/package.zsh'
[3.444s] [34mcolcon.colcon_core.environment[0m [1;30mLevel 1[0m create_file_with_runtime_dependencies(/home/duy/cocarry_ws/install/motoman_hc10dtp_support/share/colcon-core/packages/motoman_hc10dtp_support)
[3.445s] [34mcolcon.colcon_ros.task.ament_cmake.build[0m [1;30mINFO[0m Building ROS package in '/home/duy/cocarry_ws/src/hc10dtp_moveit_config' with build type 'ament_cmake'
[3.445s] [34mcolcon.colcon_cmake.task.cmake.build[0m [1;30mINFO[0m Building CMake package in '/home/duy/cocarry_ws/src/hc10dtp_moveit_config'
[3.446s] [34mcolcon.colcon_core.shell[0m [1;30mINFO[0m Skip shell extension 'powershell' for command environment: Not usable outside of PowerShell
[3.449s] [34mcolcon.colcon_core.shell[0m [1;30mDEBUG[0m [32mSkip shell extension 'dsv' for command environment[0m
[3.498s] [34mcolcon.colcon_core.event_handler.log_command[0m [1;30mDEBUG[0m [32mInvoking command in '/home/duy/cocarry_ws/build/hc10dtp_moveit_config': CMAKE_PREFIX_PATH=/home/duy/cocarry_ws/install/motoman_hc10dtp_support:/home/duy/cocarry_ws/install/motoman_resources:/home/duy/cocarry_ws/install/hrc_bringup:/home/duy/cocarry_ws/install/trac_ik:/home/duy/cocarry_ws/install/trac_ik_kinematics:/home/duy/cocarry_ws/install/trac_ik_lib:/home/duy/cocarry_ws/install/motoros2_client_interface_dependencies:/home/duy/cocarry_ws/install/hc10dtp_simulation:/home/duy/cocarry_ws/install/motoros2_interfaces:/home/duy/cocarry_ws/install/hc10dtp_bringup:/home/duy/cocarry_ws/install/hc10dtp_moveit_config:/home/duy/cocarry_ws/install/motoman_gp4_support:/home/duy/cocarry_ws/install/libfreenect2:/home/duy/cocarry_ws/install/kinect2_calibration:/home/duy/cocarry_ws/install/kinect2_bridge:/home/duy/cocarry_ws/install/kinect2_registration:/home/duy/cocarry_ws/install/industrial_msgs:/home/duy/cocarry_ws/install/trajectory_predictor:/home/duy/cocarry_ws/install/rula_tracker:/home/duy/cocarry_ws/install/realsense_tracker:/home/duy/cocarry_ws/install/predictor_ui:/home/duy/cocarry_ws/install/experiment_logger:/home/duy/cocarry_ws/install/coord_transform:/opt/ros/humble:/home/duy/cocarry_ws/install/human_hand_msgs /usr/bin/cmake --build /home/duy/cocarry_ws/build/hc10dtp_moveit_config -- -j16 -l16[0m
[3.507s] [34mcolcon.colcon_core.environment[0m [1;30mLevel 1[0m create_environment_scripts_only(motoman_gp4_support)
[3.507s] [34mcolcon.colcon_core.environment[0m [1;30mLevel 1[0m checking '/home/duy/cocarry_ws/install/motoman_gp4_support' for CMake module files
[3.508s] [34mcolcon.colcon_core.environment[0m [1;30mLevel 1[0m checking '/home/duy/cocarry_ws/install/motoman_gp4_support' for CMake config files
[3.509s] [34mcolcon.colcon_core.shell[0m [1;30mLevel 1[0m create_environment_hook('motoman_gp4_support', 'cmake_prefix_path')
[3.517s] [34mcolcon.colcon_core.shell[0m [1;30mINFO[0m Creating environment hook '/home/duy/cocarry_ws/install/motoman_gp4_support/share/motoman_gp4_support/hook/cmake_prefix_path.ps1'
[3.518s] [34mcolcon.colcon_core.shell[0m [1;30mINFO[0m Creating environment descriptor '/home/duy/cocarry_ws/install/motoman_gp4_support/share/motoman_gp4_support/hook/cmake_prefix_path.dsv'
[3.518s] [34mcolcon.colcon_core.shell[0m [1;30mINFO[0m Creating environment hook '/home/duy/cocarry_ws/install/motoman_gp4_support/share/motoman_gp4_support/hook/cmake_prefix_path.sh'
[3.524s] [34mcolcon.colcon_core.environment[0m [1;30mLevel 1[0m checking '/home/duy/cocarry_ws/install/motoman_gp4_support/bin'
[3.524s] [34mcolcon.colcon_core.environment[0m [1;30mLevel 1[0m checking '/home/duy/cocarry_ws/install/motoman_gp4_support/lib/pkgconfig/motoman_gp4_support.pc'
[3.525s] [34mcolcon.colcon_core.environment[0m [1;30mLevel 1[0m checking '/home/duy/cocarry_ws/install/motoman_gp4_support/lib/python3.10/site-packages'
[3.533s] [34mcolcon.colcon_core.environment[0m [1;30mLevel 1[0m checking '/home/duy/cocarry_ws/install/motoman_gp4_support/bin'
[3.534s] [34mcolcon.colcon_core.shell[0m [1;30mINFO[0m Creating package script '/home/duy/cocarry_ws/install/motoman_gp4_support/share/motoman_gp4_support/package.ps1'
[3.535s] [34mcolcon.colcon_core.shell[0m [1;30mINFO[0m Creating package descriptor '/home/duy/cocarry_ws/install/motoman_gp4_support/share/motoman_gp4_support/package.dsv'
[3.541s] [34mcolcon.colcon_core.event_handler.log_command[0m [1;30mDEBUG[0m [32mInvoked command in '/home/duy/cocarry_ws/build/motoman_gp4_support' returned '0': CMAKE_PREFIX_PATH=/home/duy/cocarry_ws/install/motoman_resources:/home/duy/cocarry_ws/install/hrc_bringup:/home/duy/cocarry_ws/install/trac_ik:/home/duy/cocarry_ws/install/trac_ik_kinematics:/home/duy/cocarry_ws/install/trac_ik_lib:/home/duy/cocarry_ws/install/motoros2_client_interface_dependencies:/home/duy/cocarry_ws/install/hc10dtp_simulation:/home/duy/cocarry_ws/install/motoros2_interfaces:/home/duy/cocarry_ws/install/hc10dtp_bringup:/home/duy/cocarry_ws/install/hc10dtp_moveit_config:/home/duy/cocarry_ws/install/motoman_hc10dtp_support:/home/duy/cocarry_ws/install/motoman_gp4_support:/home/duy/cocarry_ws/install/libfreenect2:/home/duy/cocarry_ws/install/kinect2_calibration:/home/duy/cocarry_ws/install/kinect2_bridge:/home/duy/cocarry_ws/install/kinect2_registration:/home/duy/cocarry_ws/install/industrial_msgs:/home/duy/cocarry_ws/install/trajectory_predictor:/home/duy/cocarry_ws/install/rula_tracker:/home/duy/cocarry_ws/install/realsense_tracker:/home/duy/cocarry_ws/install/predictor_ui:/home/duy/cocarry_ws/install/experiment_logger:/home/duy/cocarry_ws/install/coord_transform:/opt/ros/humble:/home/duy/cocarry_ws/install/human_hand_msgs /usr/bin/cmake --install /home/duy/cocarry_ws/build/motoman_gp4_support[0m
[3.542s] [34mcolcon.colcon_core.shell[0m [1;30mINFO[0m Creating package script '/home/duy/cocarry_ws/install/motoman_gp4_support/share/motoman_gp4_support/package.sh'
[3.543s] [34mcolcon.colcon_core.shell[0m [1;30mINFO[0m Creating package script '/home/duy/cocarry_ws/install/motoman_gp4_support/share/motoman_gp4_support/package.bash'
[3.544s] [34mcolcon.colcon_core.shell[0m [1;30mINFO[0m Creating package script '/home/duy/cocarry_ws/install/motoman_gp4_support/share/motoman_gp4_support/package.zsh'
[3.545s] [34mcolcon.colcon_core.environment[0m [1;30mLevel 1[0m create_file_with_runtime_dependencies(/home/duy/cocarry_ws/install/motoman_gp4_support/share/colcon-core/packages/motoman_gp4_support)
[3.553s] [34mcolcon.colcon_core.environment[0m [1;30mLevel 1[0m create_environment_scripts_only(motoman_gp4_support)
[3.554s] [34mcolcon.colcon_core.environment[0m [1;30mLevel 1[0m checking '/home/duy/cocarry_ws/install/motoman_gp4_support' for CMake module files
[3.555s] [34mcolcon.colcon_core.environment[0m [1;30mLevel 1[0m checking '/home/duy/cocarry_ws/install/motoman_gp4_support' for CMake config files
[3.562s] [34mcolcon.colcon_core.shell[0m [1;30mLevel 1[0m create_environment_hook('motoman_gp4_support', 'cmake_prefix_path')
[3.563s] [34mcolcon.colcon_core.shell[0m [1;30mINFO[0m Creating environment hook '/home/duy/cocarry_ws/install/motoman_gp4_support/share/motoman_gp4_support/hook/cmake_prefix_path.ps1'
[3.564s] [34mcolcon.colcon_core.shell[0m [1;30mINFO[0m Creating environment descriptor '/home/duy/cocarry_ws/install/motoman_gp4_support/share/motoman_gp4_support/hook/cmake_prefix_path.dsv'
[3.571s] [34mcolcon.colcon_core.shell[0m [1;30mINFO[0m Creating environment hook '/home/duy/cocarry_ws/install/motoman_gp4_support/share/motoman_gp4_support/hook/cmake_prefix_path.sh'
[3.572s] [34mcolcon.colcon_core.environment[0m [1;30mLevel 1[0m checking '/home/duy/cocarry_ws/install/motoman_gp4_support/bin'
[3.572s] [34mcolcon.colcon_core.environment[0m [1;30mLevel 1[0m checking '/home/duy/cocarry_ws/install/motoman_gp4_support/lib/pkgconfig/motoman_gp4_support.pc'
[3.573s] [34mcolcon.colcon_core.environment[0m [1;30mLevel 1[0m checking '/home/duy/cocarry_ws/install/motoman_gp4_support/lib/python3.10/site-packages'
[3.580s] [34mcolcon.colcon_core.environment[0m [1;30mLevel 1[0m checking '/home/duy/cocarry_ws/install/motoman_gp4_support/bin'
[3.580s] [34mcolcon.colcon_core.shell[0m [1;30mINFO[0m Creating package script '/home/duy/cocarry_ws/install/motoman_gp4_support/share/motoman_gp4_support/package.ps1'
[3.582s] [34mcolcon.colcon_core.shell[0m [1;30mINFO[0m Creating package descriptor '/home/duy/cocarry_ws/install/motoman_gp4_support/share/motoman_gp4_support/package.dsv'
[3.589s] [34mcolcon.colcon_core.shell[0m [1;30mINFO[0m Creating package script '/home/duy/cocarry_ws/install/motoman_gp4_support/share/motoman_gp4_support/package.sh'
[3.590s] [34mcolcon.colcon_core.shell[0m [1;30mINFO[0m Creating package script '/home/duy/cocarry_ws/install/motoman_gp4_support/share/motoman_gp4_support/package.bash'
[3.591s] [34mcolcon.colcon_core.shell[0m [1;30mINFO[0m Creating package script '/home/duy/cocarry_ws/install/motoman_gp4_support/share/motoman_gp4_support/package.zsh'
[3.597s] [34mcolcon.colcon_core.environment[0m [1;30mLevel 1[0m create_file_with_runtime_dependencies(/home/duy/cocarry_ws/install/motoman_gp4_support/share/colcon-core/packages/motoman_gp4_support)
[3.687s] [34mcolcon.colcon_core.event_handler.log_command[0m [1;30mDEBUG[0m [32mInvoked command in '/home/duy/cocarry_ws/build/hc10dtp_moveit_config' returned '0': CMAKE_PREFIX_PATH=/home/duy/cocarry_ws/install/motoman_hc10dtp_support:/home/duy/cocarry_ws/install/motoman_resources:/home/duy/cocarry_ws/install/hrc_bringup:/home/duy/cocarry_ws/install/trac_ik:/home/duy/cocarry_ws/install/trac_ik_kinematics:/home/duy/cocarry_ws/install/trac_ik_lib:/home/duy/cocarry_ws/install/motoros2_client_interface_dependencies:/home/duy/cocarry_ws/install/hc10dtp_simulation:/home/duy/cocarry_ws/install/motoros2_interfaces:/home/duy/cocarry_ws/install/hc10dtp_bringup:/home/duy/cocarry_ws/install/hc10dtp_moveit_config:/home/duy/cocarry_ws/install/motoman_gp4_support:/home/duy/cocarry_ws/install/libfreenect2:/home/duy/cocarry_ws/install/kinect2_calibration:/home/duy/cocarry_ws/install/kinect2_bridge:/home/duy/cocarry_ws/install/kinect2_registration:/home/duy/cocarry_ws/install/industrial_msgs:/home/duy/cocarry_ws/install/trajectory_predictor:/home/duy/cocarry_ws/install/rula_tracker:/home/duy/cocarry_ws/install/realsense_tracker:/home/duy/cocarry_ws/install/predictor_ui:/home/duy/cocarry_ws/install/experiment_logger:/home/duy/cocarry_ws/install/coord_transform:/opt/ros/humble:/home/duy/cocarry_ws/install/human_hand_msgs /usr/bin/cmake --build /home/duy/cocarry_ws/build/hc10dtp_moveit_config -- -j16 -l16[0m
[3.695s] [34mcolcon.colcon_core.event_handler.log_command[0m [1;30mDEBUG[0m [32mInvoking command in '/home/duy/cocarry_ws/build/hc10dtp_moveit_config': CMAKE_PREFIX_PATH=/home/duy/cocarry_ws/install/motoman_hc10dtp_support:/home/duy/cocarry_ws/install/motoman_resources:/home/duy/cocarry_ws/install/hrc_bringup:/home/duy/cocarry_ws/install/trac_ik:/home/duy/cocarry_ws/install/trac_ik_kinematics:/home/duy/cocarry_ws/install/trac_ik_lib:/home/duy/cocarry_ws/install/motoros2_client_interface_dependencies:/home/duy/cocarry_ws/install/hc10dtp_simulation:/home/duy/cocarry_ws/install/motoros2_interfaces:/home/duy/cocarry_ws/install/hc10dtp_bringup:/home/duy/cocarry_ws/install/hc10dtp_moveit_config:/home/duy/cocarry_ws/install/motoman_gp4_support:/home/duy/cocarry_ws/install/libfreenect2:/home/duy/cocarry_ws/install/kinect2_calibration:/home/duy/cocarry_ws/install/kinect2_bridge:/home/duy/cocarry_ws/install/kinect2_registration:/home/duy/cocarry_ws/install/industrial_msgs:/home/duy/cocarry_ws/install/trajectory_predictor:/home/duy/cocarry_ws/install/rula_tracker:/home/duy/cocarry_ws/install/realsense_tracker:/home/duy/cocarry_ws/install/predictor_ui:/home/duy/cocarry_ws/install/experiment_logger:/home/duy/cocarry_ws/install/coord_transform:/opt/ros/humble:/home/duy/cocarry_ws/install/human_hand_msgs /usr/bin/cmake --install /home/duy/cocarry_ws/build/hc10dtp_moveit_config[0m
[3.808s] [34mcolcon.colcon_core.environment[0m [1;30mLevel 1[0m create_environment_scripts_only(hc10dtp_moveit_config)
[3.808s] [34mcolcon.colcon_core.event_handler.log_command[0m [1;30mDEBUG[0m [32mInvoked command in '/home/duy/cocarry_ws/build/hc10dtp_moveit_config' returned '0': CMAKE_PREFIX_PATH=/home/duy/cocarry_ws/install/motoman_hc10dtp_support:/home/duy/cocarry_ws/install/motoman_resources:/home/duy/cocarry_ws/install/hrc_bringup:/home/duy/cocarry_ws/install/trac_ik:/home/duy/cocarry_ws/install/trac_ik_kinematics:/home/duy/cocarry_ws/install/trac_ik_lib:/home/duy/cocarry_ws/install/motoros2_client_interface_dependencies:/home/duy/cocarry_ws/install/hc10dtp_simulation:/home/duy/cocarry_ws/install/motoros2_interfaces:/home/duy/cocarry_ws/install/hc10dtp_bringup:/home/duy/cocarry_ws/install/hc10dtp_moveit_config:/home/duy/cocarry_ws/install/motoman_gp4_support:/home/duy/cocarry_ws/install/libfreenect2:/home/duy/cocarry_ws/install/kinect2_calibration:/home/duy/cocarry_ws/install/kinect2_bridge:/home/duy/cocarry_ws/install/kinect2_registration:/home/duy/cocarry_ws/install/industrial_msgs:/home/duy/cocarry_ws/install/trajectory_predictor:/home/duy/cocarry_ws/install/rula_tracker:/home/duy/cocarry_ws/install/realsense_tracker:/home/duy/cocarry_ws/install/predictor_ui:/home/duy/cocarry_ws/install/experiment_logger:/home/duy/cocarry_ws/install/coord_transform:/opt/ros/humble:/home/duy/cocarry_ws/install/human_hand_msgs /usr/bin/cmake --install /home/duy/cocarry_ws/build/hc10dtp_moveit_config[0m
[3.809s] [34mcolcon.colcon_core.environment[0m [1;30mLevel 1[0m checking '/home/duy/cocarry_ws/install/hc10dtp_moveit_config' for CMake module files
[3.813s] [34mcolcon.colcon_core.environment[0m [1;30mLevel 1[0m checking '/home/duy/cocarry_ws/install/hc10dtp_moveit_config' for CMake config files
[3.814s] [34mcolcon.colcon_core.shell[0m [1;30mLevel 1[0m create_environment_hook('hc10dtp_moveit_config', 'cmake_prefix_path')
[3.814s] [34mcolcon.colcon_core.shell[0m [1;30mINFO[0m Creating environment hook '/home/duy/cocarry_ws/install/hc10dtp_moveit_config/share/hc10dtp_moveit_config/hook/cmake_prefix_path.ps1'
[3.815s] [34mcolcon.colcon_core.shell[0m [1;30mINFO[0m Creating environment descriptor '/home/duy/cocarry_ws/install/hc10dtp_moveit_config/share/hc10dtp_moveit_config/hook/cmake_prefix_path.dsv'
[3.816s] [34mcolcon.colcon_core.shell[0m [1;30mINFO[0m Creating environment hook '/home/duy/cocarry_ws/install/hc10dtp_moveit_config/share/hc10dtp_moveit_config/hook/cmake_prefix_path.sh'
[3.820s] [34mcolcon.colcon_core.environment[0m [1;30mLevel 1[0m checking '/home/duy/cocarry_ws/install/hc10dtp_moveit_config/bin'
[3.821s] [34mcolcon.colcon_core.environment[0m [1;30mLevel 1[0m checking '/home/duy/cocarry_ws/install/hc10dtp_moveit_config/lib/pkgconfig/hc10dtp_moveit_config.pc'
[3.822s] [34mcolcon.colcon_core.environment[0m [1;30mLevel 1[0m checking '/home/duy/cocarry_ws/install/hc10dtp_moveit_config/lib/python3.10/site-packages'
[3.822s] [34mcolcon.colcon_core.environment[0m [1;30mLevel 1[0m checking '/home/duy/cocarry_ws/install/hc10dtp_moveit_config/bin'
[3.826s] [34mcolcon.colcon_core.shell[0m [1;30mINFO[0m Creating package script '/home/duy/cocarry_ws/install/hc10dtp_moveit_config/share/hc10dtp_moveit_config/package.ps1'
[3.828s] [34mcolcon.colcon_core.shell[0m [1;30mINFO[0m Creating package descriptor '/home/duy/cocarry_ws/install/hc10dtp_moveit_config/share/hc10dtp_moveit_config/package.dsv'
[3.829s] [34mcolcon.colcon_core.shell[0m [1;30mINFO[0m Creating package script '/home/duy/cocarry_ws/install/hc10dtp_moveit_config/share/hc10dtp_moveit_config/package.sh'
[3.832s] [34mcolcon.colcon_core.shell[0m [1;30mINFO[0m Creating package script '/home/duy/cocarry_ws/install/hc10dtp_moveit_config/share/hc10dtp_moveit_config/package.bash'
[3.834s] [34mcolcon.colcon_core.shell[0m [1;30mINFO[0m Creating package script '/home/duy/cocarry_ws/install/hc10dtp_moveit_config/share/hc10dtp_moveit_config/package.zsh'
[3.836s] [34mcolcon.colcon_core.environment[0m [1;30mLevel 1[0m create_file_with_runtime_dependencies(/home/duy/cocarry_ws/install/hc10dtp_moveit_config/share/colcon-core/packages/hc10dtp_moveit_config)
[3.841s] [34mcolcon.colcon_core.environment[0m [1;30mLevel 1[0m create_environment_scripts_only(hc10dtp_moveit_config)
[3.843s] [34mcolcon.colcon_core.environment[0m [1;30mLevel 1[0m checking '/home/duy/cocarry_ws/install/hc10dtp_moveit_config' for CMake module files
[3.846s] [34mcolcon.colcon_core.environment[0m [1;30mLevel 1[0m checking '/home/duy/cocarry_ws/install/hc10dtp_moveit_config' for CMake config files
[3.846s] [34mcolcon.colcon_core.shell[0m [1;30mLevel 1[0m create_environment_hook('hc10dtp_moveit_config', 'cmake_prefix_path')
[3.847s] [34mcolcon.colcon_core.shell[0m [1;30mINFO[0m Creating environment hook '/home/duy/cocarry_ws/install/hc10dtp_moveit_config/share/hc10dtp_moveit_config/hook/cmake_prefix_path.ps1'
[3.850s] [34mcolcon.colcon_core.shell[0m [1;30mINFO[0m Creating environment descriptor '/home/duy/cocarry_ws/install/hc10dtp_moveit_config/share/hc10dtp_moveit_config/hook/cmake_prefix_path.dsv'
[3.851s] [34mcolcon.colcon_core.shell[0m [1;30mINFO[0m Creating environment hook '/home/duy/cocarry_ws/install/hc10dtp_moveit_config/share/hc10dtp_moveit_config/hook/cmake_prefix_path.sh'
[3.852s] [34mcolcon.colcon_core.environment[0m [1;30mLevel 1[0m checking '/home/duy/cocarry_ws/install/hc10dtp_moveit_config/bin'
[3.852s] [34mcolcon.colcon_core.environment[0m [1;30mLevel 1[0m checking '/home/duy/cocarry_ws/install/hc10dtp_moveit_config/lib/pkgconfig/hc10dtp_moveit_config.pc'
[3.857s] [34mcolcon.colcon_core.environment[0m [1;30mLevel 1[0m checking '/home/duy/cocarry_ws/install/hc10dtp_moveit_config/lib/python3.10/site-packages'
[3.858s] [34mcolcon.colcon_core.environment[0m [1;30mLevel 1[0m checking '/home/duy/cocarry_ws/install/hc10dtp_moveit_config/bin'
[3.858s] [34mcolcon.colcon_core.shell[0m [1;30mINFO[0m Creating package script '/home/duy/cocarry_ws/install/hc10dtp_moveit_config/share/hc10dtp_moveit_config/package.ps1'
[3.863s] [34mcolcon.colcon_core.shell[0m [1;30mINFO[0m Creating package descriptor '/home/duy/cocarry_ws/install/hc10dtp_moveit_config/share/hc10dtp_moveit_config/package.dsv'
[3.864s] [34mcolcon.colcon_core.shell[0m [1;30mINFO[0m Creating package script '/home/duy/cocarry_ws/install/hc10dtp_moveit_config/share/hc10dtp_moveit_config/package.sh'
[3.865s] [34mcolcon.colcon_core.shell[0m [1;30mINFO[0m Creating package script '/home/duy/cocarry_ws/install/hc10dtp_moveit_config/share/hc10dtp_moveit_config/package.bash'
[3.871s] [34mcolcon.colcon_core.shell[0m [1;30mINFO[0m Creating package script '/home/duy/cocarry_ws/install/hc10dtp_moveit_config/share/hc10dtp_moveit_config/package.zsh'
[3.872s] [34mcolcon.colcon_core.environment[0m [1;30mLevel 1[0m create_file_with_runtime_dependencies(/home/duy/cocarry_ws/install/hc10dtp_moveit_config/share/colcon-core/packages/hc10dtp_moveit_config)
[3.877s] [34mcolcon.colcon_ros.task.ament_cmake.build[0m [1;30mINFO[0m Building ROS package in '/home/duy/cocarry_ws/src/hc10dtp_bringup' with build type 'ament_cmake'
[3.877s] [34mcolcon.colcon_cmake.task.cmake.build[0m [1;30mINFO[0m Building CMake package in '/home/duy/cocarry_ws/src/hc10dtp_bringup'
[3.877s] [34mcolcon.colcon_core.shell[0m [1;30mINFO[0m Skip shell extension 'powershell' for command environment: Not usable outside of PowerShell
[3.877s] [34mcolcon.colcon_core.shell[0m [1;30mDEBUG[0m [32mSkip shell extension 'dsv' for command environment[0m
[3.945s] [34mcolcon.colcon_core.event_handler.log_command[0m [1;30mDEBUG[0m [32mInvoking command in '/home/duy/cocarry_ws/build/hc10dtp_bringup': CMAKE_PREFIX_PATH=/home/duy/cocarry_ws/install/hc10dtp_moveit_config:/home/duy/cocarry_ws/install/motoman_hc10dtp_support:/home/duy/cocarry_ws/install/motoman_resources:/home/duy/cocarry_ws/install/hrc_bringup:/home/duy/cocarry_ws/install/trac_ik:/home/duy/cocarry_ws/install/trac_ik_kinematics:/home/duy/cocarry_ws/install/trac_ik_lib:/home/duy/cocarry_ws/install/motoros2_client_interface_dependencies:/home/duy/cocarry_ws/install/hc10dtp_simulation:/home/duy/cocarry_ws/install/motoros2_interfaces:/home/duy/cocarry_ws/install/hc10dtp_bringup:/home/duy/cocarry_ws/install/motoman_gp4_support:/home/duy/cocarry_ws/install/libfreenect2:/home/duy/cocarry_ws/install/kinect2_calibration:/home/duy/cocarry_ws/install/kinect2_bridge:/home/duy/cocarry_ws/install/kinect2_registration:/home/duy/cocarry_ws/install/industrial_msgs:/home/duy/cocarry_ws/install/trajectory_predictor:/home/duy/cocarry_ws/install/rula_tracker:/home/duy/cocarry_ws/install/realsense_tracker:/home/duy/cocarry_ws/install/predictor_ui:/home/duy/cocarry_ws/install/experiment_logger:/home/duy/cocarry_ws/install/coord_transform:/opt/ros/humble:/home/duy/cocarry_ws/install/human_hand_msgs /usr/bin/cmake --build /home/duy/cocarry_ws/build/hc10dtp_bringup -- -j16 -l16[0m
[4.062s] [34mcolcon.colcon_core.event_handler.log_command[0m [1;30mDEBUG[0m [32mInvoked command in '/home/duy/cocarry_ws/build/hc10dtp_bringup' returned '0': CMAKE_PREFIX_PATH=/home/duy/cocarry_ws/install/hc10dtp_moveit_config:/home/duy/cocarry_ws/install/motoman_hc10dtp_support:/home/duy/cocarry_ws/install/motoman_resources:/home/duy/cocarry_ws/install/hrc_bringup:/home/duy/cocarry_ws/install/trac_ik:/home/duy/cocarry_ws/install/trac_ik_kinematics:/home/duy/cocarry_ws/install/trac_ik_lib:/home/duy/cocarry_ws/install/motoros2_client_interface_dependencies:/home/duy/cocarry_ws/install/hc10dtp_simulation:/home/duy/cocarry_ws/install/motoros2_interfaces:/home/duy/cocarry_ws/install/hc10dtp_bringup:/home/duy/cocarry_ws/install/motoman_gp4_support:/home/duy/cocarry_ws/install/libfreenect2:/home/duy/cocarry_ws/install/kinect2_calibration:/home/duy/cocarry_ws/install/kinect2_bridge:/home/duy/cocarry_ws/install/kinect2_registration:/home/duy/cocarry_ws/install/industrial_msgs:/home/duy/cocarry_ws/install/trajectory_predictor:/home/duy/cocarry_ws/install/rula_tracker:/home/duy/cocarry_ws/install/realsense_tracker:/home/duy/cocarry_ws/install/predictor_ui:/home/duy/cocarry_ws/install/experiment_logger:/home/duy/cocarry_ws/install/coord_transform:/opt/ros/humble:/home/duy/cocarry_ws/install/human_hand_msgs /usr/bin/cmake --build /home/duy/cocarry_ws/build/hc10dtp_bringup -- -j16 -l16[0m
[4.069s] [34mcolcon.colcon_core.event_handler.log_command[0m [1;30mDEBUG[0m [32mInvoking command in '/home/duy/cocarry_ws/build/hc10dtp_bringup': CMAKE_PREFIX_PATH=/home/duy/cocarry_ws/install/hc10dtp_moveit_config:/home/duy/cocarry_ws/install/motoman_hc10dtp_support:/home/duy/cocarry_ws/install/motoman_resources:/home/duy/cocarry_ws/install/hrc_bringup:/home/duy/cocarry_ws/install/trac_ik:/home/duy/cocarry_ws/install/trac_ik_kinematics:/home/duy/cocarry_ws/install/trac_ik_lib:/home/duy/cocarry_ws/install/motoros2_client_interface_dependencies:/home/duy/cocarry_ws/install/hc10dtp_simulation:/home/duy/cocarry_ws/install/motoros2_interfaces:/home/duy/cocarry_ws/install/hc10dtp_bringup:/home/duy/cocarry_ws/install/motoman_gp4_support:/home/duy/cocarry_ws/install/libfreenect2:/home/duy/cocarry_ws/install/kinect2_calibration:/home/duy/cocarry_ws/install/kinect2_bridge:/home/duy/cocarry_ws/install/kinect2_registration:/home/duy/cocarry_ws/install/industrial_msgs:/home/duy/cocarry_ws/install/trajectory_predictor:/home/duy/cocarry_ws/install/rula_tracker:/home/duy/cocarry_ws/install/realsense_tracker:/home/duy/cocarry_ws/install/predictor_ui:/home/duy/cocarry_ws/install/experiment_logger:/home/duy/cocarry_ws/install/coord_transform:/opt/ros/humble:/home/duy/cocarry_ws/install/human_hand_msgs /usr/bin/cmake --install /home/duy/cocarry_ws/build/hc10dtp_bringup[0m
[4.150s] [34mcolcon.colcon_core.environment[0m [1;30mLevel 1[0m create_environment_scripts_only(hc10dtp_bringup)
[4.151s] [34mcolcon.colcon_core.environment[0m [1;30mLevel 1[0m checking '/home/duy/cocarry_ws/install/hc10dtp_bringup' for CMake module files
[4.152s] [34mcolcon.colcon_core.environment[0m [1;30mLevel 1[0m checking '/home/duy/cocarry_ws/install/hc10dtp_bringup' for CMake config files
[4.153s] [34mcolcon.colcon_core.shell[0m [1;30mLevel 1[0m create_environment_hook('hc10dtp_bringup', 'cmake_prefix_path')
[4.157s] [34mcolcon.colcon_core.shell[0m [1;30mINFO[0m Creating environment hook '/home/duy/cocarry_ws/install/hc10dtp_bringup/share/hc10dtp_bringup/hook/cmake_prefix_path.ps1'
[4.158s] [34mcolcon.colcon_core.event_handler.log_command[0m [1;30mDEBUG[0m [32mInvoked command in '/home/duy/cocarry_ws/build/hc10dtp_bringup' returned '0': CMAKE_PREFIX_PATH=/home/duy/cocarry_ws/install/hc10dtp_moveit_config:/home/duy/cocarry_ws/install/motoman_hc10dtp_support:/home/duy/cocarry_ws/install/motoman_resources:/home/duy/cocarry_ws/install/hrc_bringup:/home/duy/cocarry_ws/install/trac_ik:/home/duy/cocarry_ws/install/trac_ik_kinematics:/home/duy/cocarry_ws/install/trac_ik_lib:/home/duy/cocarry_ws/install/motoros2_client_interface_dependencies:/home/duy/cocarry_ws/install/hc10dtp_simulation:/home/duy/cocarry_ws/install/motoros2_interfaces:/home/duy/cocarry_ws/install/hc10dtp_bringup:/home/duy/cocarry_ws/install/motoman_gp4_support:/home/duy/cocarry_ws/install/libfreenect2:/home/duy/cocarry_ws/install/kinect2_calibration:/home/duy/cocarry_ws/install/kinect2_bridge:/home/duy/cocarry_ws/install/kinect2_registration:/home/duy/cocarry_ws/install/industrial_msgs:/home/duy/cocarry_ws/install/trajectory_predictor:/home/duy/cocarry_ws/install/rula_tracker:/home/duy/cocarry_ws/install/realsense_tracker:/home/duy/cocarry_ws/install/predictor_ui:/home/duy/cocarry_ws/install/experiment_logger:/home/duy/cocarry_ws/install/coord_transform:/opt/ros/humble:/home/duy/cocarry_ws/install/human_hand_msgs /usr/bin/cmake --install /home/duy/cocarry_ws/build/hc10dtp_bringup[0m
[4.159s] [34mcolcon.colcon_core.shell[0m [1;30mINFO[0m Creating environment descriptor '/home/duy/cocarry_ws/install/hc10dtp_bringup/share/hc10dtp_bringup/hook/cmake_prefix_path.dsv'
[4.160s] [34mcolcon.colcon_core.shell[0m [1;30mINFO[0m Creating environment hook '/home/duy/cocarry_ws/install/hc10dtp_bringup/share/hc10dtp_bringup/hook/cmake_prefix_path.sh'
[4.166s] [34mcolcon.colcon_core.environment[0m [1;30mLevel 1[0m checking '/home/duy/cocarry_ws/install/hc10dtp_bringup/lib'
[4.167s] [34mcolcon.colcon_core.environment[0m [1;30mLevel 1[0m checking '/home/duy/cocarry_ws/install/hc10dtp_bringup/bin'
[4.167s] [34mcolcon.colcon_core.environment[0m [1;30mLevel 1[0m checking '/home/duy/cocarry_ws/install/hc10dtp_bringup/lib/pkgconfig/hc10dtp_bringup.pc'
[4.168s] [34mcolcon.colcon_core.environment[0m [1;30mLevel 1[0m checking '/home/duy/cocarry_ws/install/hc10dtp_bringup/lib/python3.10/site-packages'
[4.168s] [34mcolcon.colcon_core.environment[0m [1;30mLevel 1[0m checking '/home/duy/cocarry_ws/install/hc10dtp_bringup/bin'
[4.181s] [34mcolcon.colcon_core.shell[0m [1;30mINFO[0m Creating package script '/home/duy/cocarry_ws/install/hc10dtp_bringup/share/hc10dtp_bringup/package.ps1'
[4.183s] [34mcolcon.colcon_core.shell[0m [1;30mINFO[0m Creating package descriptor '/home/duy/cocarry_ws/install/hc10dtp_bringup/share/hc10dtp_bringup/package.dsv'
[4.190s] [34mcolcon.colcon_core.shell[0m [1;30mINFO[0m Creating package script '/home/duy/cocarry_ws/install/hc10dtp_bringup/share/hc10dtp_bringup/package.sh'
[4.191s] [34mcolcon.colcon_core.shell[0m [1;30mINFO[0m Creating package script '/home/duy/cocarry_ws/install/hc10dtp_bringup/share/hc10dtp_bringup/package.bash'
[4.192s] [34mcolcon.colcon_core.shell[0m [1;30mINFO[0m Creating package script '/home/duy/cocarry_ws/install/hc10dtp_bringup/share/hc10dtp_bringup/package.zsh'
[4.199s] [34mcolcon.colcon_core.environment[0m [1;30mLevel 1[0m create_file_with_runtime_dependencies(/home/duy/cocarry_ws/install/hc10dtp_bringup/share/colcon-core/packages/hc10dtp_bringup)
[4.200s] [34mcolcon.colcon_core.environment[0m [1;30mLevel 1[0m create_environment_scripts_only(hc10dtp_bringup)
[4.201s] [34mcolcon.colcon_core.environment[0m [1;30mLevel 1[0m checking '/home/duy/cocarry_ws/install/hc10dtp_bringup' for CMake module files
[4.202s] [34mcolcon.colcon_core.environment[0m [1;30mLevel 1[0m checking '/home/duy/cocarry_ws/install/hc10dtp_bringup' for CMake config files
[4.208s] [34mcolcon.colcon_core.shell[0m [1;30mLevel 1[0m create_environment_hook('hc10dtp_bringup', 'cmake_prefix_path')
[4.209s] [34mcolcon.colcon_core.shell[0m [1;30mINFO[0m Creating environment hook '/home/duy/cocarry_ws/install/hc10dtp_bringup/share/hc10dtp_bringup/hook/cmake_prefix_path.ps1'
[4.211s] [34mcolcon.colcon_core.shell[0m [1;30mINFO[0m Creating environment descriptor '/home/duy/cocarry_ws/install/hc10dtp_bringup/share/hc10dtp_bringup/hook/cmake_prefix_path.dsv'
[4.217s] [34mcolcon.colcon_core.shell[0m [1;30mINFO[0m Creating environment hook '/home/duy/cocarry_ws/install/hc10dtp_bringup/share/hc10dtp_bringup/hook/cmake_prefix_path.sh'
[4.219s] [34mcolcon.colcon_core.environment[0m [1;30mLevel 1[0m checking '/home/duy/cocarry_ws/install/hc10dtp_bringup/lib'
[4.220s] [34mcolcon.colcon_core.environment[0m [1;30mLevel 1[0m checking '/home/duy/cocarry_ws/install/hc10dtp_bringup/bin'
[4.220s] [34mcolcon.colcon_core.environment[0m [1;30mLevel 1[0m checking '/home/duy/cocarry_ws/install/hc10dtp_bringup/lib/pkgconfig/hc10dtp_bringup.pc'
[4.226s] [34mcolcon.colcon_core.environment[0m [1;30mLevel 1[0m checking '/home/duy/cocarry_ws/install/hc10dtp_bringup/lib/python3.10/site-packages'
[4.227s] [34mcolcon.colcon_core.environment[0m [1;30mLevel 1[0m checking '/home/duy/cocarry_ws/install/hc10dtp_bringup/bin'
[4.227s] [34mcolcon.colcon_core.shell[0m [1;30mINFO[0m Creating package script '/home/duy/cocarry_ws/install/hc10dtp_bringup/share/hc10dtp_bringup/package.ps1'
[4.229s] [34mcolcon.colcon_core.shell[0m [1;30mINFO[0m Creating package descriptor '/home/duy/cocarry_ws/install/hc10dtp_bringup/share/hc10dtp_bringup/package.dsv'
[4.234s] [34mcolcon.colcon_core.shell[0m [1;30mINFO[0m Creating package script '/home/duy/cocarry_ws/install/hc10dtp_bringup/share/hc10dtp_bringup/package.sh'
[4.236s] [34mcolcon.colcon_core.shell[0m [1;30mINFO[0m Creating package script '/home/duy/cocarry_ws/install/hc10dtp_bringup/share/hc10dtp_bringup/package.bash'
[4.243s] [34mcolcon.colcon_core.shell[0m [1;30mINFO[0m Creating package script '/home/duy/cocarry_ws/install/hc10dtp_bringup/share/hc10dtp_bringup/package.zsh'
[4.244s] [34mcolcon.colcon_core.environment[0m [1;30mLevel 1[0m create_file_with_runtime_dependencies(/home/duy/cocarry_ws/install/hc10dtp_bringup/share/colcon-core/packages/hc10dtp_bringup)
[5.181s] [34mcolcon.colcon_core.event_handler.log_command[0m [1;30mDEBUG[0m [32mInvoking command in '/home/duy/cocarry_ws/src/rula_tracker': PYTHONPATH=/home/duy/cocarry_ws/build/rula_tracker/prefix_override:/usr/lib/python3/dist-packages/colcon_core/task/python/colcon_distutils_commands:/home/duy/cocarry_ws/install/rula_tracker/lib/python3.10/site-packages:${PYTHONPATH} /usr/bin/python3 -W ignore:setup.py install is deprecated -W ignore:easy_install command is deprecated setup.py egg_info --egg-base ../../build/rula_tracker build --build-base /home/duy/cocarry_ws/build/rula_tracker/build install --record /home/duy/cocarry_ws/build/rula_tracker/install.log --single-version-externally-managed install_data[0m
[6.715s] [34mcolcon.colcon_core.event_handler.log_command[0m [1;30mDEBUG[0m [32mInvoked command in '/home/duy/cocarry_ws/build/human_hand_msgs' returned '0': /usr/bin/cmake --build /home/duy/cocarry_ws/build/human_hand_msgs -- -j16 -l16[0m
[6.726s] [34mcolcon.colcon_core.event_handler.log_command[0m [1;30mDEBUG[0m [32mInvoking command in '/home/duy/cocarry_ws/build/human_hand_msgs': /usr/bin/cmake --install /home/duy/cocarry_ws/build/human_hand_msgs[0m
[7.154s] [34mcolcon.colcon_core.event_handler.log_command[0m [1;30mDEBUG[0m [32mInvoked command in '/home/duy/cocarry_ws/build/human_hand_msgs' returned '0': /usr/bin/cmake --install /home/duy/cocarry_ws/build/human_hand_msgs[0m
[7.155s] [34mcolcon.colcon_core.shell[0m [1;30mLevel 1[0m create_environment_hook('human_hand_msgs', 'ros_package_path')
[7.155s] [34mcolcon.colcon_core.shell[0m [1;30mINFO[0m Creating environment hook '/home/duy/cocarry_ws/install/human_hand_msgs/share/human_hand_msgs/hook/ros_package_path.ps1'
[7.158s] [34mcolcon.colcon_core.shell[0m [1;30mINFO[0m Creating environment descriptor '/home/duy/cocarry_ws/install/human_hand_msgs/share/human_hand_msgs/hook/ros_package_path.dsv'
[7.165s] [34mcolcon.colcon_core.shell[0m [1;30mINFO[0m Creating environment hook '/home/duy/cocarry_ws/install/human_hand_msgs/share/human_hand_msgs/hook/ros_package_path.sh'
[7.167s] [34mcolcon.colcon_ros.task.catkin[0m [1;30mLevel 1[0m checking '/home/duy/cocarry_ws/install/human_hand_msgs/local/lib/python3.10/dist-packages'
[7.167s] [34mcolcon.colcon_core.shell[0m [1;30mLevel 1[0m create_environment_hook('human_hand_msgs', 'catkin_pythonpath')
[7.167s] [34mcolcon.colcon_core.shell[0m [1;30mINFO[0m Creating environment hook '/home/duy/cocarry_ws/install/human_hand_msgs/share/human_hand_msgs/hook/catkin_pythonpath.ps1'
[7.177s] [34mcolcon.colcon_core.shell[0m [1;30mINFO[0m Creating environment descriptor '/home/duy/cocarry_ws/install/human_hand_msgs/share/human_hand_msgs/hook/catkin_pythonpath.dsv'
[7.177s] [34mcolcon.colcon_core.shell[0m [1;30mINFO[0m Creating environment hook '/home/duy/cocarry_ws/install/human_hand_msgs/share/human_hand_msgs/hook/catkin_pythonpath.sh'
[7.178s] [34mcolcon.colcon_core.shell[0m [1;30mLevel 1[0m create_environment_hook('human_hand_msgs', 'pkg_config_path')
[7.179s] [34mcolcon.colcon_core.shell[0m [1;30mINFO[0m Creating environment hook '/home/duy/cocarry_ws/install/human_hand_msgs/share/human_hand_msgs/hook/pkg_config_path.ps1'
[7.181s] [34mcolcon.colcon_core.shell[0m [1;30mINFO[0m Creating environment descriptor '/home/duy/cocarry_ws/install/human_hand_msgs/share/human_hand_msgs/hook/pkg_config_path.dsv'
[7.182s] [34mcolcon.colcon_core.shell[0m [1;30mINFO[0m Creating environment hook '/home/duy/cocarry_ws/install/human_hand_msgs/share/human_hand_msgs/hook/pkg_config_path.sh'
[7.191s] [34mcolcon.colcon_core.shell[0m [1;30mLevel 1[0m create_environment_hook('human_hand_msgs', 'pkg_config_path_multiarch')
[7.192s] [34mcolcon.colcon_core.shell[0m [1;30mINFO[0m Creating environment hook '/home/duy/cocarry_ws/install/human_hand_msgs/share/human_hand_msgs/hook/pkg_config_path_multiarch.ps1'
[7.194s] [34mcolcon.colcon_core.shell[0m [1;30mINFO[0m Creating environment descriptor '/home/duy/cocarry_ws/install/human_hand_msgs/share/human_hand_msgs/hook/pkg_config_path_multiarch.dsv'
[7.197s] [34mcolcon.colcon_core.shell[0m [1;30mINFO[0m Creating environment hook '/home/duy/cocarry_ws/install/human_hand_msgs/share/human_hand_msgs/hook/pkg_config_path_multiarch.sh'
[7.202s] [34mcolcon.colcon_core.environment[0m [1;30mLevel 1[0m create_environment_scripts_only(human_hand_msgs)
[7.202s] [34mcolcon.colcon_core.environment[0m [1;30mLevel 1[0m checking '/home/duy/cocarry_ws/install/human_hand_msgs' for CMake module files
[7.203s] [34mcolcon.colcon_core.environment[0m [1;30mLevel 1[0m checking '/home/duy/cocarry_ws/install/human_hand_msgs' for CMake config files
[7.205s] [34mcolcon.colcon_core.shell[0m [1;30mLevel 1[0m create_environment_hook('human_hand_msgs', 'cmake_prefix_path')
[7.210s] [34mcolcon.colcon_core.shell[0m [1;30mINFO[0m Creating environment hook '/home/duy/cocarry_ws/install/human_hand_msgs/share/human_hand_msgs/hook/cmake_prefix_path.ps1'
[7.212s] [34mcolcon.colcon_core.shell[0m [1;30mINFO[0m Creating environment descriptor '/home/duy/cocarry_ws/install/human_hand_msgs/share/human_hand_msgs/hook/cmake_prefix_path.dsv'
[7.216s] [34mcolcon.colcon_core.shell[0m [1;30mINFO[0m Creating environment hook '/home/duy/cocarry_ws/install/human_hand_msgs/share/human_hand_msgs/hook/cmake_prefix_path.sh'
[7.218s] [34mcolcon.colcon_core.environment[0m [1;30mLevel 1[0m checking '/home/duy/cocarry_ws/install/human_hand_msgs/lib'
[7.218s] [34mcolcon.colcon_core.shell[0m [1;30mLevel 1[0m create_environment_hook('human_hand_msgs', 'ld_library_path_lib')
[7.219s] [34mcolcon.colcon_core.shell[0m [1;30mINFO[0m Creating environment hook '/home/duy/cocarry_ws/install/human_hand_msgs/share/human_hand_msgs/hook/ld_library_path_lib.ps1'
[7.220s] [34mcolcon.colcon_core.shell[0m [1;30mINFO[0m Creating environment descriptor '/home/duy/cocarry_ws/install/human_hand_msgs/share/human_hand_msgs/hook/ld_library_path_lib.dsv'
[7.225s] [34mcolcon.colcon_core.shell[0m [1;30mINFO[0m Creating environment hook '/home/duy/cocarry_ws/install/human_hand_msgs/share/human_hand_msgs/hook/ld_library_path_lib.sh'
[7.226s] [34mcolcon.colcon_core.environment[0m [1;30mLevel 1[0m checking '/home/duy/cocarry_ws/install/human_hand_msgs/bin'
[7.226s] [34mcolcon.colcon_core.environment[0m [1;30mLevel 1[0m checking '/home/duy/cocarry_ws/install/human_hand_msgs/lib/pkgconfig/human_hand_msgs.pc'
[7.226s] [34mcolcon.colcon_core.environment[0m [1;30mLevel 1[0m checking '/home/duy/cocarry_ws/install/human_hand_msgs/lib/python3.10/site-packages'
[7.233s] [34mcolcon.colcon_core.environment[0m [1;30mLevel 1[0m checking '/home/duy/cocarry_ws/install/human_hand_msgs/bin'
[7.235s] [34mcolcon.colcon_core.shell[0m [1;30mINFO[0m Creating package script '/home/duy/cocarry_ws/install/human_hand_msgs/share/human_hand_msgs/package.ps1'
[7.243s] [34mcolcon.colcon_core.shell[0m [1;30mINFO[0m Creating package descriptor '/home/duy/cocarry_ws/install/human_hand_msgs/share/human_hand_msgs/package.dsv'
[7.244s] [34mcolcon.colcon_core.shell[0m [1;30mINFO[0m Creating package script '/home/duy/cocarry_ws/install/human_hand_msgs/share/human_hand_msgs/package.sh'
[7.245s] [34mcolcon.colcon_core.shell[0m [1;30mINFO[0m Creating package script '/home/duy/cocarry_ws/install/human_hand_msgs/share/human_hand_msgs/package.bash'
[7.256s] [34mcolcon.colcon_core.shell[0m [1;30mINFO[0m Creating package script '/home/duy/cocarry_ws/install/human_hand_msgs/share/human_hand_msgs/package.zsh'
[7.257s] [34mcolcon.colcon_core.environment[0m [1;30mLevel 1[0m create_file_with_runtime_dependencies(/home/duy/cocarry_ws/install/human_hand_msgs/share/colcon-core/packages/human_hand_msgs)
[7.262s] [34mcolcon.colcon_ros.task.ament_python.build[0m [1;30mINFO[0m Building ROS package in '/home/duy/cocarry_ws/src/coord_transform' with build type 'ament_python'
[7.262s] [34mcolcon.colcon_core.shell[0m [1;30mLevel 1[0m create_environment_hook('coord_transform', 'ament_prefix_path')
[7.265s] [34mcolcon.colcon_core.shell[0m [1;30mINFO[0m Creating environment hook '/home/duy/cocarry_ws/install/coord_transform/share/coord_transform/hook/ament_prefix_path.ps1'
[7.267s] [34mcolcon.colcon_core.shell[0m [1;30mINFO[0m Creating environment descriptor '/home/duy/cocarry_ws/install/coord_transform/share/coord_transform/hook/ament_prefix_path.dsv'
[7.267s] [34mcolcon.colcon_core.shell[0m [1;30mINFO[0m Creating environment hook '/home/duy/cocarry_ws/install/coord_transform/share/coord_transform/hook/ament_prefix_path.sh'
[7.276s] [34mcolcon.colcon_core.shell[0m [1;30mINFO[0m Skip shell extension 'powershell' for command environment: Not usable outside of PowerShell
[7.276s] [34mcolcon.colcon_core.shell[0m [1;30mDEBUG[0m [32mSkip shell extension 'dsv' for command environment[0m
[7.310s] [34mcolcon.colcon_ros.task.ament_python.build[0m [1;30mINFO[0m Building ROS package in '/home/duy/cocarry_ws/src/experiment_logger' with build type 'ament_python'
[7.311s] [34mcolcon.colcon_core.shell[0m [1;30mLevel 1[0m create_environment_hook('experiment_logger', 'ament_prefix_path')
[7.311s] [34mcolcon.colcon_core.shell[0m [1;30mINFO[0m Creating environment hook '/home/duy/cocarry_ws/install/experiment_logger/share/experiment_logger/hook/ament_prefix_path.ps1'
[7.312s] [34mcolcon.colcon_core.shell[0m [1;30mINFO[0m Creating environment descriptor '/home/duy/cocarry_ws/install/experiment_logger/share/experiment_logger/hook/ament_prefix_path.dsv'
[7.321s] [34mcolcon.colcon_core.shell[0m [1;30mINFO[0m Creating environment hook '/home/duy/cocarry_ws/install/experiment_logger/share/experiment_logger/hook/ament_prefix_path.sh'
[7.322s] [34mcolcon.colcon_core.shell[0m [1;30mINFO[0m Skip shell extension 'powershell' for command environment: Not usable outside of PowerShell
[7.323s] [34mcolcon.colcon_core.shell[0m [1;30mDEBUG[0m [32mSkip shell extension 'dsv' for command environment[0m
[7.363s] [34mcolcon.colcon_ros.task.ament_python.build[0m [1;30mINFO[0m Building ROS package in '/home/duy/cocarry_ws/src/predictor_ui' with build type 'ament_python'
[7.364s] [34mcolcon.colcon_core.shell[0m [1;30mLevel 1[0m create_environment_hook('predictor_ui', 'ament_prefix_path')
[7.364s] [34mcolcon.colcon_core.shell[0m [1;30mINFO[0m Creating environment hook '/home/duy/cocarry_ws/install/predictor_ui/share/predictor_ui/hook/ament_prefix_path.ps1'
[7.365s] [34mcolcon.colcon_core.shell[0m [1;30mINFO[0m Creating environment descriptor '/home/duy/cocarry_ws/install/predictor_ui/share/predictor_ui/hook/ament_prefix_path.dsv'
[7.366s] [34mcolcon.colcon_core.shell[0m [1;30mINFO[0m Creating environment hook '/home/duy/cocarry_ws/install/predictor_ui/share/predictor_ui/hook/ament_prefix_path.sh'
[7.367s] [34mcolcon.colcon_core.shell[0m [1;30mINFO[0m Skip shell extension 'powershell' for command environment: Not usable outside of PowerShell
[7.367s] [34mcolcon.colcon_core.shell[0m [1;30mDEBUG[0m [32mSkip shell extension 'dsv' for command environment[0m
[7.404s] [34mcolcon.colcon_ros.task.ament_python.build[0m [1;30mINFO[0m Building ROS package in '/home/duy/cocarry_ws/src/realsense_tracker' with build type 'ament_python'
[7.404s] [34mcolcon.colcon_core.shell[0m [1;30mLevel 1[0m create_environment_hook('realsense_tracker', 'ament_prefix_path')
[7.405s] [34mcolcon.colcon_core.shell[0m [1;30mINFO[0m Creating environment hook '/home/duy/cocarry_ws/install/realsense_tracker/share/realsense_tracker/hook/ament_prefix_path.ps1'
[7.406s] [34mcolcon.colcon_core.shell[0m [1;30mINFO[0m Creating environment descriptor '/home/duy/cocarry_ws/install/realsense_tracker/share/realsense_tracker/hook/ament_prefix_path.dsv'
[7.406s] [34mcolcon.colcon_core.shell[0m [1;30mINFO[0m Creating environment hook '/home/duy/cocarry_ws/install/realsense_tracker/share/realsense_tracker/hook/ament_prefix_path.sh'
[7.415s] [34mcolcon.colcon_core.shell[0m [1;30mINFO[0m Skip shell extension 'powershell' for command environment: Not usable outside of PowerShell
[7.415s] [34mcolcon.colcon_core.shell[0m [1;30mDEBUG[0m [32mSkip shell extension 'dsv' for command environment[0m
[7.450s] [34mcolcon.colcon_ros.task.ament_python.build[0m [1;30mINFO[0m Building ROS package in '/home/duy/cocarry_ws/src/trajectory_predictor' with build type 'ament_python'
[7.450s] [34mcolcon.colcon_core.shell[0m [1;30mLevel 1[0m create_environment_hook('trajectory_predictor', 'ament_prefix_path')
[7.451s] [34mcolcon.colcon_core.shell[0m [1;30mINFO[0m Creating environment hook '/home/duy/cocarry_ws/install/trajectory_predictor/share/trajectory_predictor/hook/ament_prefix_path.ps1'
[7.452s] [34mcolcon.colcon_core.shell[0m [1;30mINFO[0m Creating environment descriptor '/home/duy/cocarry_ws/install/trajectory_predictor/share/trajectory_predictor/hook/ament_prefix_path.dsv'
[7.453s] [34mcolcon.colcon_core.shell[0m [1;30mINFO[0m Creating environment hook '/home/duy/cocarry_ws/install/trajectory_predictor/share/trajectory_predictor/hook/ament_prefix_path.sh'
[7.458s] [34mcolcon.colcon_core.shell[0m [1;30mINFO[0m Skip shell extension 'powershell' for command environment: Not usable outside of PowerShell
[7.459s] [34mcolcon.colcon_core.shell[0m [1;30mDEBUG[0m [32mSkip shell extension 'dsv' for command environment[0m
[7.491s] [34mcolcon.colcon_core.environment[0m [1;30mLevel 1[0m checking '/home/duy/cocarry_ws/install/rula_tracker' for CMake module files
[7.492s] [34mcolcon.colcon_core.event_handler.log_command[0m [1;30mDEBUG[0m [32mInvoked command in '/home/duy/cocarry_ws/src/rula_tracker' returned '0': PYTHONPATH=/home/duy/cocarry_ws/build/rula_tracker/prefix_override:/usr/lib/python3/dist-packages/colcon_core/task/python/colcon_distutils_commands:/home/duy/cocarry_ws/install/rula_tracker/lib/python3.10/site-packages:${PYTHONPATH} /usr/bin/python3 -W ignore:setup.py install is deprecated -W ignore:easy_install command is deprecated setup.py egg_info --egg-base ../../build/rula_tracker build --build-base /home/duy/cocarry_ws/build/rula_tracker/build install --record /home/duy/cocarry_ws/build/rula_tracker/install.log --single-version-externally-managed install_data[0m
[7.494s] [34mcolcon.colcon_core.environment[0m [1;30mLevel 1[0m checking '/home/duy/cocarry_ws/install/rula_tracker' for CMake config files
[7.495s] [34mcolcon.colcon_core.environment[0m [1;30mLevel 1[0m checking '/home/duy/cocarry_ws/install/rula_tracker/lib'
[7.495s] [34mcolcon.colcon_core.environment[0m [1;30mLevel 1[0m checking '/home/duy/cocarry_ws/install/rula_tracker/bin'
[7.495s] [34mcolcon.colcon_core.environment[0m [1;30mLevel 1[0m checking '/home/duy/cocarry_ws/install/rula_tracker/lib/pkgconfig/rula_tracker.pc'
[7.495s] [34mcolcon.colcon_core.environment[0m [1;30mLevel 1[0m checking '/home/duy/cocarry_ws/install/rula_tracker/lib/python3.10/site-packages'
[7.495s] [34mcolcon.colcon_core.shell[0m [1;30mLevel 1[0m create_environment_hook('rula_tracker', 'pythonpath')
[7.496s] [34mcolcon.colcon_core.shell[0m [1;30mINFO[0m Creating environment hook '/home/duy/cocarry_ws/install/rula_tracker/share/rula_tracker/hook/pythonpath.ps1'
[7.497s] [34mcolcon.colcon_core.shell[0m [1;30mINFO[0m Creating environment descriptor '/home/duy/cocarry_ws/install/rula_tracker/share/rula_tracker/hook/pythonpath.dsv'
[7.506s] [34mcolcon.colcon_core.shell[0m [1;30mINFO[0m Creating environment hook '/home/duy/cocarry_ws/install/rula_tracker/share/rula_tracker/hook/pythonpath.sh'
[7.507s] [34mcolcon.colcon_core.environment[0m [1;30mLevel 1[0m checking '/home/duy/cocarry_ws/install/rula_tracker/bin'
[7.507s] [34mcolcon.colcon_core.environment[0m [1;30mLevel 1[0m create_environment_scripts_only(rula_tracker)
[7.508s] [34mcolcon.colcon_core.shell[0m [1;30mINFO[0m Creating package script '/home/duy/cocarry_ws/install/rula_tracker/share/rula_tracker/package.ps1'
[7.514s] [34mcolcon.colcon_core.shell[0m [1;30mINFO[0m Creating package descriptor '/home/duy/cocarry_ws/install/rula_tracker/share/rula_tracker/package.dsv'
[7.515s] [34mcolcon.colcon_core.shell[0m [1;30mINFO[0m Creating package script '/home/duy/cocarry_ws/install/rula_tracker/share/rula_tracker/package.sh'
[7.521s] [34mcolcon.colcon_core.shell[0m [1;30mINFO[0m Creating package script '/home/duy/cocarry_ws/install/rula_tracker/share/rula_tracker/package.bash'
[7.523s] [34mcolcon.colcon_core.shell[0m [1;30mINFO[0m Creating package script '/home/duy/cocarry_ws/install/rula_tracker/share/rula_tracker/package.zsh'
[7.523s] [34mcolcon.colcon_core.environment[0m [1;30mLevel 1[0m create_file_with_runtime_dependencies(/home/duy/cocarry_ws/install/rula_tracker/share/colcon-core/packages/rula_tracker)
[8.876s] [34mcolcon.colcon_core.task.python.build[0m [1;30mINFO[0m Building Python package in '/home/duy/cocarry_ws/src/coord_transform'
[8.877s] [34mcolcon.colcon_core.shell[0m [1;30mINFO[0m Skip shell extension 'powershell' for command environment: Not usable outside of PowerShell
[8.877s] [34mcolcon.colcon_core.shell[0m [1;30mDEBUG[0m [32mSkip shell extension 'dsv' for command environment[0m
[10.581s] [34mcolcon.colcon_core.task.python.build[0m [1;30mINFO[0m Building Python package in '/home/duy/cocarry_ws/src/experiment_logger'
[10.584s] [34mcolcon.colcon_core.shell[0m [1;30mINFO[0m Skip shell extension 'powershell' for command environment: Not usable outside of PowerShell
[10.584s] [34mcolcon.colcon_core.shell[0m [1;30mDEBUG[0m [32mSkip shell extension 'dsv' for command environment[0m
[12.157s] [34mcolcon.colcon_core.task.python.build[0m [1;30mINFO[0m Building Python package in '/home/duy/cocarry_ws/src/predictor_ui'
[12.158s] [34mcolcon.colcon_core.shell[0m [1;30mINFO[0m Skip shell extension 'powershell' for command environment: Not usable outside of PowerShell
[12.158s] [34mcolcon.colcon_core.shell[0m [1;30mDEBUG[0m [32mSkip shell extension 'dsv' for command environment[0m
[13.184s] [34mcolcon.colcon_core.task.python.build[0m [1;30mINFO[0m Building Python package in '/home/duy/cocarry_ws/src/realsense_tracker'
[13.186s] [34mcolcon.colcon_core.shell[0m [1;30mINFO[0m Skip shell extension 'powershell' for command environment: Not usable outside of PowerShell
[13.187s] [34mcolcon.colcon_core.shell[0m [1;30mDEBUG[0m [32mSkip shell extension 'dsv' for command environment[0m
[14.043s] [34mcolcon.colcon_core.task.python.build[0m [1;30mINFO[0m Building Python package in '/home/duy/cocarry_ws/src/trajectory_predictor'
[14.044s] [34mcolcon.colcon_core.shell[0m [1;30mINFO[0m Skip shell extension 'powershell' for command environment: Not usable outside of PowerShell
[14.044s] [34mcolcon.colcon_core.shell[0m [1;30mDEBUG[0m [32mSkip shell extension 'dsv' for command environment[0m
[14.061s] [34mcolcon.colcon_core.event_handler.log_command[0m [1;30mDEBUG[0m [32mInvoked command in '/home/duy/cocarry_ws/build/industrial_msgs' returned '0': CMAKE_PREFIX_PATH=/home/duy/cocarry_ws/install/hrc_bringup:/home/duy/cocarry_ws/install/trac_ik:/home/duy/cocarry_ws/install/trac_ik_kinematics:/home/duy/cocarry_ws/install/trac_ik_lib:/home/duy/cocarry_ws/install/motoros2_client_interface_dependencies:/home/duy/cocarry_ws/install/hc10dtp_simulation:/home/duy/cocarry_ws/install/motoros2_interfaces:/home/duy/cocarry_ws/install/hc10dtp_bringup:/home/duy/cocarry_ws/install/hc10dtp_moveit_config:/home/duy/cocarry_ws/install/motoman_hc10dtp_support:/home/duy/cocarry_ws/install/motoman_gp4_support:/home/duy/cocarry_ws/install/motoman_resources:/home/duy/cocarry_ws/install/libfreenect2:/home/duy/cocarry_ws/install/kinect2_calibration:/home/duy/cocarry_ws/install/kinect2_bridge:/home/duy/cocarry_ws/install/kinect2_registration:/home/duy/cocarry_ws/install/industrial_msgs:/home/duy/cocarry_ws/install/trajectory_predictor:/home/duy/cocarry_ws/install/rula_tracker:/home/duy/cocarry_ws/install/realsense_tracker:/home/duy/cocarry_ws/install/predictor_ui:/home/duy/cocarry_ws/install/experiment_logger:/home/duy/cocarry_ws/install/coord_transform:/opt/ros/humble:/home/duy/cocarry_ws/install/human_hand_msgs /usr/bin/cmake --build /home/duy/cocarry_ws/build/industrial_msgs -- -j16 -l16[0m
[14.065s] [34mcolcon.colcon_core.event_handler.log_command[0m [1;30mDEBUG[0m [32mInvoking command in '/home/duy/cocarry_ws/build/industrial_msgs': CMAKE_PREFIX_PATH=/home/duy/cocarry_ws/install/hrc_bringup:/home/duy/cocarry_ws/install/trac_ik:/home/duy/cocarry_ws/install/trac_ik_kinematics:/home/duy/cocarry_ws/install/trac_ik_lib:/home/duy/cocarry_ws/install/motoros2_client_interface_dependencies:/home/duy/cocarry_ws/install/hc10dtp_simulation:/home/duy/cocarry_ws/install/motoros2_interfaces:/home/duy/cocarry_ws/install/hc10dtp_bringup:/home/duy/cocarry_ws/install/hc10dtp_moveit_config:/home/duy/cocarry_ws/install/motoman_hc10dtp_support:/home/duy/cocarry_ws/install/motoman_gp4_support:/home/duy/cocarry_ws/install/motoman_resources:/home/duy/cocarry_ws/install/libfreenect2:/home/duy/cocarry_ws/install/kinect2_calibration:/home/duy/cocarry_ws/install/kinect2_bridge:/home/duy/cocarry_ws/install/kinect2_registration:/home/duy/cocarry_ws/install/industrial_msgs:/home/duy/cocarry_ws/install/trajectory_predictor:/home/duy/cocarry_ws/install/rula_tracker:/home/duy/cocarry_ws/install/realsense_tracker:/home/duy/cocarry_ws/install/predictor_ui:/home/duy/cocarry_ws/install/experiment_logger:/home/duy/cocarry_ws/install/coord_transform:/opt/ros/humble:/home/duy/cocarry_ws/install/human_hand_msgs /usr/bin/cmake --install /home/duy/cocarry_ws/build/industrial_msgs[0m
[14.246s] [34mcolcon.colcon_core.event_handler.log_command[0m [1;30mDEBUG[0m [32mInvoked command in '/home/duy/cocarry_ws/build/motoros2_interfaces' returned '0': CMAKE_PREFIX_PATH=/home/duy/cocarry_ws/install/hrc_bringup:/home/duy/cocarry_ws/install/trac_ik:/home/duy/cocarry_ws/install/trac_ik_kinematics:/home/duy/cocarry_ws/install/trac_ik_lib:/home/duy/cocarry_ws/install/motoros2_client_interface_dependencies:/home/duy/cocarry_ws/install/hc10dtp_simulation:/home/duy/cocarry_ws/install/motoros2_interfaces:/home/duy/cocarry_ws/install/hc10dtp_bringup:/home/duy/cocarry_ws/install/hc10dtp_moveit_config:/home/duy/cocarry_ws/install/motoman_hc10dtp_support:/home/duy/cocarry_ws/install/motoman_gp4_support:/home/duy/cocarry_ws/install/motoman_resources:/home/duy/cocarry_ws/install/libfreenect2:/home/duy/cocarry_ws/install/kinect2_calibration:/home/duy/cocarry_ws/install/kinect2_bridge:/home/duy/cocarry_ws/install/kinect2_registration:/home/duy/cocarry_ws/install/industrial_msgs:/home/duy/cocarry_ws/install/trajectory_predictor:/home/duy/cocarry_ws/install/rula_tracker:/home/duy/cocarry_ws/install/realsense_tracker:/home/duy/cocarry_ws/install/predictor_ui:/home/duy/cocarry_ws/install/experiment_logger:/home/duy/cocarry_ws/install/coord_transform:/opt/ros/humble:/home/duy/cocarry_ws/install/human_hand_msgs /usr/bin/cmake --build /home/duy/cocarry_ws/build/motoros2_interfaces -- -j16 -l16[0m
[14.252s] [34mcolcon.colcon_core.event_handler.log_command[0m [1;30mDEBUG[0m [32mInvoking command in '/home/duy/cocarry_ws/build/motoros2_interfaces': CMAKE_PREFIX_PATH=/home/duy/cocarry_ws/install/hrc_bringup:/home/duy/cocarry_ws/install/trac_ik:/home/duy/cocarry_ws/install/trac_ik_kinematics:/home/duy/cocarry_ws/install/trac_ik_lib:/home/duy/cocarry_ws/install/motoros2_client_interface_dependencies:/home/duy/cocarry_ws/install/hc10dtp_simulation:/home/duy/cocarry_ws/install/motoros2_interfaces:/home/duy/cocarry_ws/install/hc10dtp_bringup:/home/duy/cocarry_ws/install/hc10dtp_moveit_config:/home/duy/cocarry_ws/install/motoman_hc10dtp_support:/home/duy/cocarry_ws/install/motoman_gp4_support:/home/duy/cocarry_ws/install/motoman_resources:/home/duy/cocarry_ws/install/libfreenect2:/home/duy/cocarry_ws/install/kinect2_calibration:/home/duy/cocarry_ws/install/kinect2_bridge:/home/duy/cocarry_ws/install/kinect2_registration:/home/duy/cocarry_ws/install/industrial_msgs:/home/duy/cocarry_ws/install/trajectory_predictor:/home/duy/cocarry_ws/install/rula_tracker:/home/duy/cocarry_ws/install/realsense_tracker:/home/duy/cocarry_ws/install/predictor_ui:/home/duy/cocarry_ws/install/experiment_logger:/home/duy/cocarry_ws/install/coord_transform:/opt/ros/humble:/home/duy/cocarry_ws/install/human_hand_msgs /usr/bin/cmake --install /home/duy/cocarry_ws/build/motoros2_interfaces[0m
[14.303s] [34mcolcon.colcon_core.environment[0m [1;30mLevel 1[0m create_environment_scripts_only(industrial_msgs)
[14.304s] [34mcolcon.colcon_core.environment[0m [1;30mLevel 1[0m checking '/home/duy/cocarry_ws/install/industrial_msgs' for CMake module files
[14.309s] [34mcolcon.colcon_core.environment[0m [1;30mLevel 1[0m checking '/home/duy/cocarry_ws/install/industrial_msgs' for CMake config files
[14.310s] [34mcolcon.colcon_core.event_handler.log_command[0m [1;30mDEBUG[0m [32mInvoked command in '/home/duy/cocarry_ws/build/industrial_msgs' returned '0': CMAKE_PREFIX_PATH=/home/duy/cocarry_ws/install/hrc_bringup:/home/duy/cocarry_ws/install/trac_ik:/home/duy/cocarry_ws/install/trac_ik_kinematics:/home/duy/cocarry_ws/install/trac_ik_lib:/home/duy/cocarry_ws/install/motoros2_client_interface_dependencies:/home/duy/cocarry_ws/install/hc10dtp_simulation:/home/duy/cocarry_ws/install/motoros2_interfaces:/home/duy/cocarry_ws/install/hc10dtp_bringup:/home/duy/cocarry_ws/install/hc10dtp_moveit_config:/home/duy/cocarry_ws/install/motoman_hc10dtp_support:/home/duy/cocarry_ws/install/motoman_gp4_support:/home/duy/cocarry_ws/install/motoman_resources:/home/duy/cocarry_ws/install/libfreenect2:/home/duy/cocarry_ws/install/kinect2_calibration:/home/duy/cocarry_ws/install/kinect2_bridge:/home/duy/cocarry_ws/install/kinect2_registration:/home/duy/cocarry_ws/install/industrial_msgs:/home/duy/cocarry_ws/install/trajectory_predictor:/home/duy/cocarry_ws/install/rula_tracker:/home/duy/cocarry_ws/install/realsense_tracker:/home/duy/cocarry_ws/install/predictor_ui:/home/duy/cocarry_ws/install/experiment_logger:/home/duy/cocarry_ws/install/coord_transform:/opt/ros/humble:/home/duy/cocarry_ws/install/human_hand_msgs /usr/bin/cmake --install /home/duy/cocarry_ws/build/industrial_msgs[0m
[14.320s] [34mcolcon.colcon_core.shell[0m [1;30mLevel 1[0m create_environment_hook('industrial_msgs', 'cmake_prefix_path')
[14.321s] [34mcolcon.colcon_core.shell[0m [1;30mINFO[0m Creating environment hook '/home/duy/cocarry_ws/install/industrial_msgs/share/industrial_msgs/hook/cmake_prefix_path.ps1'
[14.322s] [34mcolcon.colcon_core.shell[0m [1;30mINFO[0m Creating environment descriptor '/home/duy/cocarry_ws/install/industrial_msgs/share/industrial_msgs/hook/cmake_prefix_path.dsv'
[14.324s] [34mcolcon.colcon_core.shell[0m [1;30mINFO[0m Creating environment hook '/home/duy/cocarry_ws/install/industrial_msgs/share/industrial_msgs/hook/cmake_prefix_path.sh'
[14.328s] [34mcolcon.colcon_core.environment[0m [1;30mLevel 1[0m checking '/home/duy/cocarry_ws/install/industrial_msgs/lib'
[14.329s] [34mcolcon.colcon_core.shell[0m [1;30mLevel 1[0m create_environment_hook('industrial_msgs', 'ld_library_path_lib')
[14.330s] [34mcolcon.colcon_core.shell[0m [1;30mINFO[0m Creating environment hook '/home/duy/cocarry_ws/install/industrial_msgs/share/industrial_msgs/hook/ld_library_path_lib.ps1'
[14.334s] [34mcolcon.colcon_core.shell[0m [1;30mINFO[0m Creating environment descriptor '/home/duy/cocarry_ws/install/industrial_msgs/share/industrial_msgs/hook/ld_library_path_lib.dsv'
[14.338s] [34mcolcon.colcon_core.shell[0m [1;30mINFO[0m Creating environment hook '/home/duy/cocarry_ws/install/industrial_msgs/share/industrial_msgs/hook/ld_library_path_lib.sh'
[14.343s] [34mcolcon.colcon_core.environment[0m [1;30mLevel 1[0m checking '/home/duy/cocarry_ws/install/industrial_msgs/bin'
[14.344s] [34mcolcon.colcon_core.environment[0m [1;30mLevel 1[0m checking '/home/duy/cocarry_ws/install/industrial_msgs/lib/pkgconfig/industrial_msgs.pc'
[14.346s] [34mcolcon.colcon_core.environment[0m [1;30mLevel 1[0m checking '/home/duy/cocarry_ws/install/industrial_msgs/lib/python3.10/site-packages'
[14.348s] [34mcolcon.colcon_core.environment[0m [1;30mLevel 1[0m checking '/home/duy/cocarry_ws/install/industrial_msgs/bin'
[14.350s] [34mcolcon.colcon_core.shell[0m [1;30mINFO[0m Creating package script '/home/duy/cocarry_ws/install/industrial_msgs/share/industrial_msgs/package.ps1'
[14.358s] [34mcolcon.colcon_core.shell[0m [1;30mINFO[0m Creating package descriptor '/home/duy/cocarry_ws/install/industrial_msgs/share/industrial_msgs/package.dsv'
[14.363s] [34mcolcon.colcon_core.shell[0m [1;30mINFO[0m Creating package script '/home/duy/cocarry_ws/install/industrial_msgs/share/industrial_msgs/package.sh'
[14.366s] [34mcolcon.colcon_core.shell[0m [1;30mINFO[0m Creating package script '/home/duy/cocarry_ws/install/industrial_msgs/share/industrial_msgs/package.bash'
[14.369s] [34mcolcon.colcon_core.shell[0m [1;30mINFO[0m Creating package script '/home/duy/cocarry_ws/install/industrial_msgs/share/industrial_msgs/package.zsh'
[14.371s] [34mcolcon.colcon_core.environment[0m [1;30mLevel 1[0m create_file_with_runtime_dependencies(/home/duy/cocarry_ws/install/industrial_msgs/share/colcon-core/packages/industrial_msgs)
[14.375s] [34mcolcon.colcon_core.environment[0m [1;30mLevel 1[0m create_environment_scripts_only(industrial_msgs)
[14.376s] [34mcolcon.colcon_core.environment[0m [1;30mLevel 1[0m checking '/home/duy/cocarry_ws/install/industrial_msgs' for CMake module files
[14.381s] [34mcolcon.colcon_core.environment[0m [1;30mLevel 1[0m checking '/home/duy/cocarry_ws/install/industrial_msgs' for CMake config files
[14.388s] [34mcolcon.colcon_core.shell[0m [1;30mLevel 1[0m create_environment_hook('industrial_msgs', 'cmake_prefix_path')
[14.389s] [34mcolcon.colcon_core.shell[0m [1;30mINFO[0m Creating environment hook '/home/duy/cocarry_ws/install/industrial_msgs/share/industrial_msgs/hook/cmake_prefix_path.ps1'
[14.391s] [34mcolcon.colcon_core.shell[0m [1;30mINFO[0m Creating environment descriptor '/home/duy/cocarry_ws/install/industrial_msgs/share/industrial_msgs/hook/cmake_prefix_path.dsv'
[14.393s] [34mcolcon.colcon_core.shell[0m [1;30mINFO[0m Creating environment hook '/home/duy/cocarry_ws/install/industrial_msgs/share/industrial_msgs/hook/cmake_prefix_path.sh'
[14.397s] [34mcolcon.colcon_core.environment[0m [1;30mLevel 1[0m checking '/home/duy/cocarry_ws/install/industrial_msgs/lib'
[14.397s] [34mcolcon.colcon_core.shell[0m [1;30mLevel 1[0m create_environment_hook('industrial_msgs', 'ld_library_path_lib')
[14.398s] [34mcolcon.colcon_core.shell[0m [1;30mINFO[0m Creating environment hook '/home/duy/cocarry_ws/install/industrial_msgs/share/industrial_msgs/hook/ld_library_path_lib.ps1'
[14.400s] [34mcolcon.colcon_core.shell[0m [1;30mINFO[0m Creating environment descriptor '/home/duy/cocarry_ws/install/industrial_msgs/share/industrial_msgs/hook/ld_library_path_lib.dsv'
[14.401s] [34mcolcon.colcon_core.shell[0m [1;30mINFO[0m Creating environment hook '/home/duy/cocarry_ws/install/industrial_msgs/share/industrial_msgs/hook/ld_library_path_lib.sh'
[14.402s] [34mcolcon.colcon_core.environment[0m [1;30mLevel 1[0m checking '/home/duy/cocarry_ws/install/industrial_msgs/bin'
[14.403s] [34mcolcon.colcon_core.environment[0m [1;30mLevel 1[0m checking '/home/duy/cocarry_ws/install/industrial_msgs/lib/pkgconfig/industrial_msgs.pc'
[14.403s] [34mcolcon.colcon_core.environment[0m [1;30mLevel 1[0m checking '/home/duy/cocarry_ws/install/industrial_msgs/lib/python3.10/site-packages'
[14.405s] [34mcolcon.colcon_core.environment[0m [1;30mLevel 1[0m checking '/home/duy/cocarry_ws/install/industrial_msgs/bin'
[14.406s] [34mcolcon.colcon_core.shell[0m [1;30mINFO[0m Creating package script '/home/duy/cocarry_ws/install/industrial_msgs/share/industrial_msgs/package.ps1'
[14.411s] [34mcolcon.colcon_core.shell[0m [1;30mINFO[0m Creating package descriptor '/home/duy/cocarry_ws/install/industrial_msgs/share/industrial_msgs/package.dsv'
[14.414s] [34mcolcon.colcon_core.shell[0m [1;30mINFO[0m Creating package script '/home/duy/cocarry_ws/install/industrial_msgs/share/industrial_msgs/package.sh'
[14.416s] [34mcolcon.colcon_core.shell[0m [1;30mINFO[0m Creating package script '/home/duy/cocarry_ws/install/industrial_msgs/share/industrial_msgs/package.bash'
[14.420s] [34mcolcon.colcon_core.shell[0m [1;30mINFO[0m Creating package script '/home/duy/cocarry_ws/install/industrial_msgs/share/industrial_msgs/package.zsh'
[14.425s] [34mcolcon.colcon_core.environment[0m [1;30mLevel 1[0m create_file_with_runtime_dependencies(/home/duy/cocarry_ws/install/industrial_msgs/share/colcon-core/packages/industrial_msgs)
[14.567s] [34mcolcon.colcon_core.environment[0m [1;30mLevel 1[0m create_environment_scripts_only(motoros2_interfaces)
[14.568s] [34mcolcon.colcon_core.environment[0m [1;30mLevel 1[0m checking '/home/duy/cocarry_ws/install/motoros2_interfaces' for CMake module files
[14.570s] [34mcolcon.colcon_core.event_handler.log_command[0m [1;30mDEBUG[0m [32mInvoked command in '/home/duy/cocarry_ws/build/motoros2_interfaces' returned '0': CMAKE_PREFIX_PATH=/home/duy/cocarry_ws/install/hrc_bringup:/home/duy/cocarry_ws/install/trac_ik:/home/duy/cocarry_ws/install/trac_ik_kinematics:/home/duy/cocarry_ws/install/trac_ik_lib:/home/duy/cocarry_ws/install/motoros2_client_interface_dependencies:/home/duy/cocarry_ws/install/hc10dtp_simulation:/home/duy/cocarry_ws/install/motoros2_interfaces:/home/duy/cocarry_ws/install/hc10dtp_bringup:/home/duy/cocarry_ws/install/hc10dtp_moveit_config:/home/duy/cocarry_ws/install/motoman_hc10dtp_support:/home/duy/cocarry_ws/install/motoman_gp4_support:/home/duy/cocarry_ws/install/motoman_resources:/home/duy/cocarry_ws/install/libfreenect2:/home/duy/cocarry_ws/install/kinect2_calibration:/home/duy/cocarry_ws/install/kinect2_bridge:/home/duy/cocarry_ws/install/kinect2_registration:/home/duy/cocarry_ws/install/industrial_msgs:/home/duy/cocarry_ws/install/trajectory_predictor:/home/duy/cocarry_ws/install/rula_tracker:/home/duy/cocarry_ws/install/realsense_tracker:/home/duy/cocarry_ws/install/predictor_ui:/home/duy/cocarry_ws/install/experiment_logger:/home/duy/cocarry_ws/install/coord_transform:/opt/ros/humble:/home/duy/cocarry_ws/install/human_hand_msgs /usr/bin/cmake --install /home/duy/cocarry_ws/build/motoros2_interfaces[0m
[14.572s] [34mcolcon.colcon_core.environment[0m [1;30mLevel 1[0m checking '/home/duy/cocarry_ws/install/motoros2_interfaces' for CMake config files
[14.580s] [34mcolcon.colcon_core.shell[0m [1;30mLevel 1[0m create_environment_hook('motoros2_interfaces', 'cmake_prefix_path')
[14.581s] [34mcolcon.colcon_core.shell[0m [1;30mINFO[0m Creating environment hook '/home/duy/cocarry_ws/install/motoros2_interfaces/share/motoros2_interfaces/hook/cmake_prefix_path.ps1'
[14.583s] [34mcolcon.colcon_core.shell[0m [1;30mINFO[0m Creating environment descriptor '/home/duy/cocarry_ws/install/motoros2_interfaces/share/motoros2_interfaces/hook/cmake_prefix_path.dsv'
[14.584s] [34mcolcon.colcon_core.shell[0m [1;30mINFO[0m Creating environment hook '/home/duy/cocarry_ws/install/motoros2_interfaces/share/motoros2_interfaces/hook/cmake_prefix_path.sh'
[14.586s] [34mcolcon.colcon_core.environment[0m [1;30mLevel 1[0m checking '/home/duy/cocarry_ws/install/motoros2_interfaces/lib'
[14.586s] [34mcolcon.colcon_core.shell[0m [1;30mLevel 1[0m create_environment_hook('motoros2_interfaces', 'ld_library_path_lib')
[14.587s] [34mcolcon.colcon_core.shell[0m [1;30mINFO[0m Creating environment hook '/home/duy/cocarry_ws/install/motoros2_interfaces/share/motoros2_interfaces/hook/ld_library_path_lib.ps1'
[14.589s] [34mcolcon.colcon_core.shell[0m [1;30mINFO[0m Creating environment descriptor '/home/duy/cocarry_ws/install/motoros2_interfaces/share/motoros2_interfaces/hook/ld_library_path_lib.dsv'
[14.590s] [34mcolcon.colcon_core.shell[0m [1;30mINFO[0m Creating environment hook '/home/duy/cocarry_ws/install/motoros2_interfaces/share/motoros2_interfaces/hook/ld_library_path_lib.sh'
[14.591s] [34mcolcon.colcon_core.environment[0m [1;30mLevel 1[0m checking '/home/duy/cocarry_ws/install/motoros2_interfaces/bin'
[14.592s] [34mcolcon.colcon_core.environment[0m [1;30mLevel 1[0m checking '/home/duy/cocarry_ws/install/motoros2_interfaces/lib/pkgconfig/motoros2_interfaces.pc'
[14.592s] [34mcolcon.colcon_core.environment[0m [1;30mLevel 1[0m checking '/home/duy/cocarry_ws/install/motoros2_interfaces/lib/python3.10/site-packages'
[14.594s] [34mcolcon.colcon_core.environment[0m [1;30mLevel 1[0m checking '/home/duy/cocarry_ws/install/motoros2_interfaces/bin'
[14.595s] [34mcolcon.colcon_core.shell[0m [1;30mINFO[0m Creating package script '/home/duy/cocarry_ws/install/motoros2_interfaces/share/motoros2_interfaces/package.ps1'
[14.597s] [34mcolcon.colcon_core.shell[0m [1;30mINFO[0m Creating package descriptor '/home/duy/cocarry_ws/install/motoros2_interfaces/share/motoros2_interfaces/package.dsv'
[14.599s] [34mcolcon.colcon_core.shell[0m [1;30mINFO[0m Creating package script '/home/duy/cocarry_ws/install/motoros2_interfaces/share/motoros2_interfaces/package.sh'
[14.600s] [34mcolcon.colcon_core.shell[0m [1;30mINFO[0m Creating package script '/home/duy/cocarry_ws/install/motoros2_interfaces/share/motoros2_interfaces/package.bash'
[14.602s] [34mcolcon.colcon_core.shell[0m [1;30mINFO[0m Creating package script '/home/duy/cocarry_ws/install/motoros2_interfaces/share/motoros2_interfaces/package.zsh'
[14.603s] [34mcolcon.colcon_core.environment[0m [1;30mLevel 1[0m create_file_with_runtime_dependencies(/home/duy/cocarry_ws/install/motoros2_interfaces/share/colcon-core/packages/motoros2_interfaces)
[14.605s] [34mcolcon.colcon_core.environment[0m [1;30mLevel 1[0m create_environment_scripts_only(motoros2_interfaces)
[14.606s] [34mcolcon.colcon_core.environment[0m [1;30mLevel 1[0m checking '/home/duy/cocarry_ws/install/motoros2_interfaces' for CMake module files
[14.609s] [34mcolcon.colcon_core.environment[0m [1;30mLevel 1[0m checking '/home/duy/cocarry_ws/install/motoros2_interfaces' for CMake config files
[14.617s] [34mcolcon.colcon_core.shell[0m [1;30mLevel 1[0m create_environment_hook('motoros2_interfaces', 'cmake_prefix_path')
[14.618s] [34mcolcon.colcon_core.shell[0m [1;30mINFO[0m Creating environment hook '/home/duy/cocarry_ws/install/motoros2_interfaces/share/motoros2_interfaces/hook/cmake_prefix_path.ps1'
[14.619s] [34mcolcon.colcon_core.shell[0m [1;30mINFO[0m Creating environment descriptor '/home/duy/cocarry_ws/install/motoros2_interfaces/share/motoros2_interfaces/hook/cmake_prefix_path.dsv'
[14.620s] [34mcolcon.colcon_core.shell[0m [1;30mINFO[0m Creating environment hook '/home/duy/cocarry_ws/install/motoros2_interfaces/share/motoros2_interfaces/hook/cmake_prefix_path.sh'
[14.622s] [34mcolcon.colcon_core.environment[0m [1;30mLevel 1[0m checking '/home/duy/cocarry_ws/install/motoros2_interfaces/lib'
[14.622s] [34mcolcon.colcon_core.shell[0m [1;30mLevel 1[0m create_environment_hook('motoros2_interfaces', 'ld_library_path_lib')
[14.623s] [34mcolcon.colcon_core.shell[0m [1;30mINFO[0m Creating environment hook '/home/duy/cocarry_ws/install/motoros2_interfaces/share/motoros2_interfaces/hook/ld_library_path_lib.ps1'
[14.624s] [34mcolcon.colcon_core.shell[0m [1;30mINFO[0m Creating environment descriptor '/home/duy/cocarry_ws/install/motoros2_interfaces/share/motoros2_interfaces/hook/ld_library_path_lib.dsv'
[14.625s] [34mcolcon.colcon_core.shell[0m [1;30mINFO[0m Creating environment hook '/home/duy/cocarry_ws/install/motoros2_interfaces/share/motoros2_interfaces/hook/ld_library_path_lib.sh'
[14.626s] [34mcolcon.colcon_core.environment[0m [1;30mLevel 1[0m checking '/home/duy/cocarry_ws/install/motoros2_interfaces/bin'
[14.626s] [34mcolcon.colcon_core.environment[0m [1;30mLevel 1[0m checking '/home/duy/cocarry_ws/install/motoros2_interfaces/lib/pkgconfig/motoros2_interfaces.pc'
[14.627s] [34mcolcon.colcon_core.environment[0m [1;30mLevel 1[0m checking '/home/duy/cocarry_ws/install/motoros2_interfaces/lib/python3.10/site-packages'
[14.629s] [34mcolcon.colcon_core.environment[0m [1;30mLevel 1[0m checking '/home/duy/cocarry_ws/install/motoros2_interfaces/bin'
[14.630s] [34mcolcon.colcon_core.shell[0m [1;30mINFO[0m Creating package script '/home/duy/cocarry_ws/install/motoros2_interfaces/share/motoros2_interfaces/package.ps1'
[14.632s] [34mcolcon.colcon_core.shell[0m [1;30mINFO[0m Creating package descriptor '/home/duy/cocarry_ws/install/motoros2_interfaces/share/motoros2_interfaces/package.dsv'
[14.634s] [34mcolcon.colcon_core.shell[0m [1;30mINFO[0m Creating package script '/home/duy/cocarry_ws/install/motoros2_interfaces/share/motoros2_interfaces/package.sh'
[14.636s] [34mcolcon.colcon_core.shell[0m [1;30mINFO[0m Creating package script '/home/duy/cocarry_ws/install/motoros2_interfaces/share/motoros2_interfaces/package.bash'
[14.637s] [34mcolcon.colcon_core.shell[0m [1;30mINFO[0m Creating package script '/home/duy/cocarry_ws/install/motoros2_interfaces/share/motoros2_interfaces/package.zsh'
[14.638s] [34mcolcon.colcon_core.environment[0m [1;30mLevel 1[0m create_file_with_runtime_dependencies(/home/duy/cocarry_ws/install/motoros2_interfaces/share/colcon-core/packages/motoros2_interfaces)
[14.640s] [34mcolcon.colcon_ros.task.ament_cmake.build[0m [1;30mINFO[0m Building ROS package in '/home/duy/cocarry_ws/src/hc10dtp_simulation' with build type 'ament_cmake'
[14.640s] [34mcolcon.colcon_cmake.task.cmake.build[0m [1;30mINFO[0m Building CMake package in '/home/duy/cocarry_ws/src/hc10dtp_simulation'
[14.641s] [34mcolcon.colcon_core.shell[0m [1;30mINFO[0m Skip shell extension 'powershell' for command environment: Not usable outside of PowerShell
[14.642s] [34mcolcon.colcon_core.shell[0m [1;30mDEBUG[0m [32mSkip shell extension 'dsv' for command environment[0m
[14.659s] [34mcolcon.colcon_ros.task.ament_cmake.build[0m [1;30mINFO[0m Building ROS package in '/home/duy/cocarry_ws/src/motoros2_client_interface_dependencies' with build type 'ament_cmake'
[14.659s] [34mcolcon.colcon_cmake.task.cmake.build[0m [1;30mINFO[0m Building CMake package in '/home/duy/cocarry_ws/src/motoros2_client_interface_dependencies'
[14.660s] [34mcolcon.colcon_core.shell[0m [1;30mINFO[0m Skip shell extension 'powershell' for command environment: Not usable outside of PowerShell
[14.660s] [34mcolcon.colcon_core.shell[0m [1;30mDEBUG[0m [32mSkip shell extension 'dsv' for command environment[0m
[14.684s] [34mcolcon.colcon_core.event_handler.log_command[0m [1;30mDEBUG[0m [32mInvoking command in '/home/duy/cocarry_ws/build/hc10dtp_simulation': CMAKE_PREFIX_PATH=/home/duy/cocarry_ws/install/hc10dtp_bringup:/home/duy/cocarry_ws/install/hc10dtp_moveit_config:/home/duy/cocarry_ws/install/motoman_hc10dtp_support:/home/duy/cocarry_ws/install/motoros2_interfaces:/home/duy/cocarry_ws/install/motoman_resources:/home/duy/cocarry_ws/install/hrc_bringup:/home/duy/cocarry_ws/install/trac_ik:/home/duy/cocarry_ws/install/trac_ik_kinematics:/home/duy/cocarry_ws/install/trac_ik_lib:/home/duy/cocarry_ws/install/motoros2_client_interface_dependencies:/home/duy/cocarry_ws/install/hc10dtp_simulation:/home/duy/cocarry_ws/install/motoman_gp4_support:/home/duy/cocarry_ws/install/libfreenect2:/home/duy/cocarry_ws/install/kinect2_calibration:/home/duy/cocarry_ws/install/kinect2_bridge:/home/duy/cocarry_ws/install/kinect2_registration:/home/duy/cocarry_ws/install/industrial_msgs:/home/duy/cocarry_ws/install/trajectory_predictor:/home/duy/cocarry_ws/install/rula_tracker:/home/duy/cocarry_ws/install/realsense_tracker:/home/duy/cocarry_ws/install/predictor_ui:/home/duy/cocarry_ws/install/experiment_logger:/home/duy/cocarry_ws/install/coord_transform:/opt/ros/humble:/home/duy/cocarry_ws/install/human_hand_msgs LD_LIBRARY_PATH=/home/duy/cocarry_ws/install/motoros2_interfaces/lib:/home/duy/cocarry_ws/install/trac_ik_kinematics/lib:/home/duy/cocarry_ws/install/trac_ik_lib/lib:/home/duy/cocarry_ws/install/libfreenect2/lib:/home/duy/cocarry_ws/install/kinect2_registration/lib:/home/duy/cocarry_ws/install/industrial_msgs/lib:/home/duy/cocarry_ws/install/human_hand_msgs/lib:/usr/local/lib/nuitrack:/usr/lib/x86_64-linux-gnu/gazebo-11/plugins:/opt/ros/humble/opt/rviz_ogre_vendor/lib:/opt/ros/humble/lib/x86_64-linux-gnu:/opt/ros/humble/lib:/usr/local/lib/nuitrack /usr/bin/cmake --build /home/duy/cocarry_ws/build/hc10dtp_simulation -- -j16 -l16[0m
[14.696s] [34mcolcon.colcon_core.event_handler.log_command[0m [1;30mDEBUG[0m [32mInvoking command in '/home/duy/cocarry_ws/build/motoros2_client_interface_dependencies': CMAKE_PREFIX_PATH=/home/duy/cocarry_ws/install/motoros2_interfaces:/home/duy/cocarry_ws/install/industrial_msgs:/home/duy/cocarry_ws/install/hrc_bringup:/home/duy/cocarry_ws/install/trac_ik:/home/duy/cocarry_ws/install/trac_ik_kinematics:/home/duy/cocarry_ws/install/trac_ik_lib:/home/duy/cocarry_ws/install/motoros2_client_interface_dependencies:/home/duy/cocarry_ws/install/hc10dtp_simulation:/home/duy/cocarry_ws/install/hc10dtp_bringup:/home/duy/cocarry_ws/install/hc10dtp_moveit_config:/home/duy/cocarry_ws/install/motoman_hc10dtp_support:/home/duy/cocarry_ws/install/motoman_gp4_support:/home/duy/cocarry_ws/install/motoman_resources:/home/duy/cocarry_ws/install/libfreenect2:/home/duy/cocarry_ws/install/kinect2_calibration:/home/duy/cocarry_ws/install/kinect2_bridge:/home/duy/cocarry_ws/install/kinect2_registration:/home/duy/cocarry_ws/install/trajectory_predictor:/home/duy/cocarry_ws/install/rula_tracker:/home/duy/cocarry_ws/install/realsense_tracker:/home/duy/cocarry_ws/install/predictor_ui:/home/duy/cocarry_ws/install/experiment_logger:/home/duy/cocarry_ws/install/coord_transform:/opt/ros/humble:/home/duy/cocarry_ws/install/human_hand_msgs LD_LIBRARY_PATH=/home/duy/cocarry_ws/install/motoros2_interfaces/lib:/home/duy/cocarry_ws/install/industrial_msgs/lib:/home/duy/cocarry_ws/install/trac_ik_kinematics/lib:/home/duy/cocarry_ws/install/trac_ik_lib/lib:/home/duy/cocarry_ws/install/libfreenect2/lib:/home/duy/cocarry_ws/install/kinect2_registration/lib:/home/duy/cocarry_ws/install/human_hand_msgs/lib:/usr/local/lib/nuitrack:/usr/lib/x86_64-linux-gnu/gazebo-11/plugins:/opt/ros/humble/opt/rviz_ogre_vendor/lib:/opt/ros/humble/lib/x86_64-linux-gnu:/opt/ros/humble/lib:/usr/local/lib/nuitrack /usr/bin/cmake --build /home/duy/cocarry_ws/build/motoros2_client_interface_dependencies -- -j16 -l16[0m
[14.778s] [34mcolcon.colcon_core.event_handler.log_command[0m [1;30mDEBUG[0m [32mInvoked command in '/home/duy/cocarry_ws/build/hc10dtp_simulation' returned '0': CMAKE_PREFIX_PATH=/home/duy/cocarry_ws/install/hc10dtp_bringup:/home/duy/cocarry_ws/install/hc10dtp_moveit_config:/home/duy/cocarry_ws/install/motoman_hc10dtp_support:/home/duy/cocarry_ws/install/motoros2_interfaces:/home/duy/cocarry_ws/install/motoman_resources:/home/duy/cocarry_ws/install/hrc_bringup:/home/duy/cocarry_ws/install/trac_ik:/home/duy/cocarry_ws/install/trac_ik_kinematics:/home/duy/cocarry_ws/install/trac_ik_lib:/home/duy/cocarry_ws/install/motoros2_client_interface_dependencies:/home/duy/cocarry_ws/install/hc10dtp_simulation:/home/duy/cocarry_ws/install/motoman_gp4_support:/home/duy/cocarry_ws/install/libfreenect2:/home/duy/cocarry_ws/install/kinect2_calibration:/home/duy/cocarry_ws/install/kinect2_bridge:/home/duy/cocarry_ws/install/kinect2_registration:/home/duy/cocarry_ws/install/industrial_msgs:/home/duy/cocarry_ws/install/trajectory_predictor:/home/duy/cocarry_ws/install/rula_tracker:/home/duy/cocarry_ws/install/realsense_tracker:/home/duy/cocarry_ws/install/predictor_ui:/home/duy/cocarry_ws/install/experiment_logger:/home/duy/cocarry_ws/install/coord_transform:/opt/ros/humble:/home/duy/cocarry_ws/install/human_hand_msgs LD_LIBRARY_PATH=/home/duy/cocarry_ws/install/motoros2_interfaces/lib:/home/duy/cocarry_ws/install/trac_ik_kinematics/lib:/home/duy/cocarry_ws/install/trac_ik_lib/lib:/home/duy/cocarry_ws/install/libfreenect2/lib:/home/duy/cocarry_ws/install/kinect2_registration/lib:/home/duy/cocarry_ws/install/industrial_msgs/lib:/home/duy/cocarry_ws/install/human_hand_msgs/lib:/usr/local/lib/nuitrack:/usr/lib/x86_64-linux-gnu/gazebo-11/plugins:/opt/ros/humble/opt/rviz_ogre_vendor/lib:/opt/ros/humble/lib/x86_64-linux-gnu:/opt/ros/humble/lib:/usr/local/lib/nuitrack /usr/bin/cmake --build /home/duy/cocarry_ws/build/hc10dtp_simulation -- -j16 -l16[0m
[14.783s] [34mcolcon.colcon_core.event_handler.log_command[0m [1;30mDEBUG[0m [32mInvoking command in '/home/duy/cocarry_ws/build/hc10dtp_simulation': CMAKE_PREFIX_PATH=/home/duy/cocarry_ws/install/hc10dtp_bringup:/home/duy/cocarry_ws/install/hc10dtp_moveit_config:/home/duy/cocarry_ws/install/motoman_hc10dtp_support:/home/duy/cocarry_ws/install/motoros2_interfaces:/home/duy/cocarry_ws/install/motoman_resources:/home/duy/cocarry_ws/install/hrc_bringup:/home/duy/cocarry_ws/install/trac_ik:/home/duy/cocarry_ws/install/trac_ik_kinematics:/home/duy/cocarry_ws/install/trac_ik_lib:/home/duy/cocarry_ws/install/motoros2_client_interface_dependencies:/home/duy/cocarry_ws/install/hc10dtp_simulation:/home/duy/cocarry_ws/install/motoman_gp4_support:/home/duy/cocarry_ws/install/libfreenect2:/home/duy/cocarry_ws/install/kinect2_calibration:/home/duy/cocarry_ws/install/kinect2_bridge:/home/duy/cocarry_ws/install/kinect2_registration:/home/duy/cocarry_ws/install/industrial_msgs:/home/duy/cocarry_ws/install/trajectory_predictor:/home/duy/cocarry_ws/install/rula_tracker:/home/duy/cocarry_ws/install/realsense_tracker:/home/duy/cocarry_ws/install/predictor_ui:/home/duy/cocarry_ws/install/experiment_logger:/home/duy/cocarry_ws/install/coord_transform:/opt/ros/humble:/home/duy/cocarry_ws/install/human_hand_msgs LD_LIBRARY_PATH=/home/duy/cocarry_ws/install/motoros2_interfaces/lib:/home/duy/cocarry_ws/install/trac_ik_kinematics/lib:/home/duy/cocarry_ws/install/trac_ik_lib/lib:/home/duy/cocarry_ws/install/libfreenect2/lib:/home/duy/cocarry_ws/install/kinect2_registration/lib:/home/duy/cocarry_ws/install/industrial_msgs/lib:/home/duy/cocarry_ws/install/human_hand_msgs/lib:/usr/local/lib/nuitrack:/usr/lib/x86_64-linux-gnu/gazebo-11/plugins:/opt/ros/humble/opt/rviz_ogre_vendor/lib:/opt/ros/humble/lib/x86_64-linux-gnu:/opt/ros/humble/lib:/usr/local/lib/nuitrack /usr/bin/cmake --install /home/duy/cocarry_ws/build/hc10dtp_simulation[0m
[14.789s] [34mcolcon.colcon_core.event_handler.log_command[0m [1;30mDEBUG[0m [32mInvoked command in '/home/duy/cocarry_ws/build/motoros2_client_interface_dependencies' returned '0': CMAKE_PREFIX_PATH=/home/duy/cocarry_ws/install/motoros2_interfaces:/home/duy/cocarry_ws/install/industrial_msgs:/home/duy/cocarry_ws/install/hrc_bringup:/home/duy/cocarry_ws/install/trac_ik:/home/duy/cocarry_ws/install/trac_ik_kinematics:/home/duy/cocarry_ws/install/trac_ik_lib:/home/duy/cocarry_ws/install/motoros2_client_interface_dependencies:/home/duy/cocarry_ws/install/hc10dtp_simulation:/home/duy/cocarry_ws/install/hc10dtp_bringup:/home/duy/cocarry_ws/install/hc10dtp_moveit_config:/home/duy/cocarry_ws/install/motoman_hc10dtp_support:/home/duy/cocarry_ws/install/motoman_gp4_support:/home/duy/cocarry_ws/install/motoman_resources:/home/duy/cocarry_ws/install/libfreenect2:/home/duy/cocarry_ws/install/kinect2_calibration:/home/duy/cocarry_ws/install/kinect2_bridge:/home/duy/cocarry_ws/install/kinect2_registration:/home/duy/cocarry_ws/install/trajectory_predictor:/home/duy/cocarry_ws/install/rula_tracker:/home/duy/cocarry_ws/install/realsense_tracker:/home/duy/cocarry_ws/install/predictor_ui:/home/duy/cocarry_ws/install/experiment_logger:/home/duy/cocarry_ws/install/coord_transform:/opt/ros/humble:/home/duy/cocarry_ws/install/human_hand_msgs LD_LIBRARY_PATH=/home/duy/cocarry_ws/install/motoros2_interfaces/lib:/home/duy/cocarry_ws/install/industrial_msgs/lib:/home/duy/cocarry_ws/install/trac_ik_kinematics/lib:/home/duy/cocarry_ws/install/trac_ik_lib/lib:/home/duy/cocarry_ws/install/libfreenect2/lib:/home/duy/cocarry_ws/install/kinect2_registration/lib:/home/duy/cocarry_ws/install/human_hand_msgs/lib:/usr/local/lib/nuitrack:/usr/lib/x86_64-linux-gnu/gazebo-11/plugins:/opt/ros/humble/opt/rviz_ogre_vendor/lib:/opt/ros/humble/lib/x86_64-linux-gnu:/opt/ros/humble/lib:/usr/local/lib/nuitrack /usr/bin/cmake --build /home/duy/cocarry_ws/build/motoros2_client_interface_dependencies -- -j16 -l16[0m
[14.793s] [34mcolcon.colcon_core.event_handler.log_command[0m [1;30mDEBUG[0m [32mInvoking command in '/home/duy/cocarry_ws/build/motoros2_client_interface_dependencies': CMAKE_PREFIX_PATH=/home/duy/cocarry_ws/install/motoros2_interfaces:/home/duy/cocarry_ws/install/industrial_msgs:/home/duy/cocarry_ws/install/hrc_bringup:/home/duy/cocarry_ws/install/trac_ik:/home/duy/cocarry_ws/install/trac_ik_kinematics:/home/duy/cocarry_ws/install/trac_ik_lib:/home/duy/cocarry_ws/install/motoros2_client_interface_dependencies:/home/duy/cocarry_ws/install/hc10dtp_simulation:/home/duy/cocarry_ws/install/hc10dtp_bringup:/home/duy/cocarry_ws/install/hc10dtp_moveit_config:/home/duy/cocarry_ws/install/motoman_hc10dtp_support:/home/duy/cocarry_ws/install/motoman_gp4_support:/home/duy/cocarry_ws/install/motoman_resources:/home/duy/cocarry_ws/install/libfreenect2:/home/duy/cocarry_ws/install/kinect2_calibration:/home/duy/cocarry_ws/install/kinect2_bridge:/home/duy/cocarry_ws/install/kinect2_registration:/home/duy/cocarry_ws/install/trajectory_predictor:/home/duy/cocarry_ws/install/rula_tracker:/home/duy/cocarry_ws/install/realsense_tracker:/home/duy/cocarry_ws/install/predictor_ui:/home/duy/cocarry_ws/install/experiment_logger:/home/duy/cocarry_ws/install/coord_transform:/opt/ros/humble:/home/duy/cocarry_ws/install/human_hand_msgs LD_LIBRARY_PATH=/home/duy/cocarry_ws/install/motoros2_interfaces/lib:/home/duy/cocarry_ws/install/industrial_msgs/lib:/home/duy/cocarry_ws/install/trac_ik_kinematics/lib:/home/duy/cocarry_ws/install/trac_ik_lib/lib:/home/duy/cocarry_ws/install/libfreenect2/lib:/home/duy/cocarry_ws/install/kinect2_registration/lib:/home/duy/cocarry_ws/install/human_hand_msgs/lib:/usr/local/lib/nuitrack:/usr/lib/x86_64-linux-gnu/gazebo-11/plugins:/opt/ros/humble/opt/rviz_ogre_vendor/lib:/opt/ros/humble/lib/x86_64-linux-gnu:/opt/ros/humble/lib:/usr/local/lib/nuitrack /usr/bin/cmake --install /home/duy/cocarry_ws/build/motoros2_client_interface_dependencies[0m
[14.817s] [34mcolcon.colcon_core.event_handler.log_command[0m [1;30mDEBUG[0m [32mInvoking command in '/home/duy/cocarry_ws/src/realsense_tracker': CMAKE_PREFIX_PATH=/home/duy/cocarry_ws/install/human_hand_msgs:/home/duy/cocarry_ws/install/hrc_bringup:/home/duy/cocarry_ws/install/trac_ik:/home/duy/cocarry_ws/install/trac_ik_kinematics:/home/duy/cocarry_ws/install/trac_ik_lib:/home/duy/cocarry_ws/install/motoros2_client_interface_dependencies:/home/duy/cocarry_ws/install/hc10dtp_simulation:/home/duy/cocarry_ws/install/motoros2_interfaces:/home/duy/cocarry_ws/install/hc10dtp_bringup:/home/duy/cocarry_ws/install/hc10dtp_moveit_config:/home/duy/cocarry_ws/install/motoman_hc10dtp_support:/home/duy/cocarry_ws/install/motoman_gp4_support:/home/duy/cocarry_ws/install/motoman_resources:/home/duy/cocarry_ws/install/libfreenect2:/home/duy/cocarry_ws/install/kinect2_calibration:/home/duy/cocarry_ws/install/kinect2_bridge:/home/duy/cocarry_ws/install/kinect2_registration:/home/duy/cocarry_ws/install/industrial_msgs LD_LIBRARY_PATH=/home/duy/cocarry_ws/install/human_hand_msgs/lib:/home/duy/cocarry_ws/install/trac_ik_kinematics/lib:/home/duy/cocarry_ws/install/trac_ik_lib/lib:/home/duy/cocarry_ws/install/motoros2_interfaces/lib:/home/duy/cocarry_ws/install/libfreenect2/lib:/home/duy/cocarry_ws/install/kinect2_registration/lib:/home/duy/cocarry_ws/install/industrial_msgs/lib:/usr/local/lib/nuitrack:/usr/lib/x86_64-linux-gnu/gazebo-11/plugins:/opt/ros/humble/opt/rviz_ogre_vendor/lib:/opt/ros/humble/lib/x86_64-linux-gnu:/opt/ros/humble/lib:/usr/local/lib/nuitrack PYTHONPATH=/home/duy/cocarry_ws/build/realsense_tracker/prefix_override:/usr/lib/python3/dist-packages/colcon_core/task/python/colcon_distutils_commands:/home/duy/cocarry_ws/install/realsense_tracker/lib/python3.10/site-packages:/home/duy/cocarry_ws/install/human_hand_msgs/local/lib/python3.10/dist-packages:/home/duy/cocarry_ws/install/trajectory_predictor/lib/python3.10/site-packages:/home/duy/cocarry_ws/install/rula_tracker/lib/python3.10/site-packages:/home/duy/cocarry_ws/install/realsense_tracker/lib/python3.10/site-packages:/home/duy/cocarry_ws/install/predictor_ui/lib/python3.10/site-packages:/home/duy/cocarry_ws/install/motoros2_interfaces/local/lib/python3.10/dist-packages:/home/duy/cocarry_ws/install/industrial_msgs/local/lib/python3.10/dist-packages:/home/duy/cocarry_ws/install/experiment_logger/lib/python3.10/site-packages:/home/duy/cocarry_ws/install/coord_transform/lib/python3.10/site-packages:/opt/ros/humble/lib/python3.10/site-packages:/opt/ros/humble/local/lib/python3.10/dist-packages /usr/bin/python3 -W ignore:setup.py install is deprecated -W ignore:easy_install command is deprecated setup.py egg_info --egg-base ../../build/realsense_tracker build --build-base /home/duy/cocarry_ws/build/realsense_tracker/build install --record /home/duy/cocarry_ws/build/realsense_tracker/install.log --single-version-externally-managed install_data[0m
[14.822s] [34mcolcon.colcon_core.event_handler.log_command[0m [1;30mDEBUG[0m [32mInvoking command in '/home/duy/cocarry_ws/src/coord_transform': CMAKE_PREFIX_PATH=/home/duy/cocarry_ws/install/human_hand_msgs:/home/duy/cocarry_ws/install/hrc_bringup:/home/duy/cocarry_ws/install/trac_ik:/home/duy/cocarry_ws/install/trac_ik_kinematics:/home/duy/cocarry_ws/install/trac_ik_lib:/home/duy/cocarry_ws/install/motoros2_client_interface_dependencies:/home/duy/cocarry_ws/install/hc10dtp_simulation:/home/duy/cocarry_ws/install/motoros2_interfaces:/home/duy/cocarry_ws/install/hc10dtp_bringup:/home/duy/cocarry_ws/install/hc10dtp_moveit_config:/home/duy/cocarry_ws/install/motoman_hc10dtp_support:/home/duy/cocarry_ws/install/motoman_gp4_support:/home/duy/cocarry_ws/install/motoman_resources:/home/duy/cocarry_ws/install/libfreenect2:/home/duy/cocarry_ws/install/kinect2_calibration:/home/duy/cocarry_ws/install/kinect2_bridge:/home/duy/cocarry_ws/install/kinect2_registration:/home/duy/cocarry_ws/install/industrial_msgs LD_LIBRARY_PATH=/home/duy/cocarry_ws/install/human_hand_msgs/lib:/home/duy/cocarry_ws/install/trac_ik_kinematics/lib:/home/duy/cocarry_ws/install/trac_ik_lib/lib:/home/duy/cocarry_ws/install/motoros2_interfaces/lib:/home/duy/cocarry_ws/install/libfreenect2/lib:/home/duy/cocarry_ws/install/kinect2_registration/lib:/home/duy/cocarry_ws/install/industrial_msgs/lib:/usr/local/lib/nuitrack:/usr/lib/x86_64-linux-gnu/gazebo-11/plugins:/opt/ros/humble/opt/rviz_ogre_vendor/lib:/opt/ros/humble/lib/x86_64-linux-gnu:/opt/ros/humble/lib:/usr/local/lib/nuitrack PYTHONPATH=/home/duy/cocarry_ws/build/coord_transform/prefix_override:/usr/lib/python3/dist-packages/colcon_core/task/python/colcon_distutils_commands:/home/duy/cocarry_ws/install/coord_transform/lib/python3.10/site-packages:/home/duy/cocarry_ws/install/human_hand_msgs/local/lib/python3.10/dist-packages:/home/duy/cocarry_ws/install/trajectory_predictor/lib/python3.10/site-packages:/home/duy/cocarry_ws/install/rula_tracker/lib/python3.10/site-packages:/home/duy/cocarry_ws/install/realsense_tracker/lib/python3.10/site-packages:/home/duy/cocarry_ws/install/predictor_ui/lib/python3.10/site-packages:/home/duy/cocarry_ws/install/motoros2_interfaces/local/lib/python3.10/dist-packages:/home/duy/cocarry_ws/install/industrial_msgs/local/lib/python3.10/dist-packages:/home/duy/cocarry_ws/install/experiment_logger/lib/python3.10/site-packages:/home/duy/cocarry_ws/install/coord_transform/lib/python3.10/site-packages:/opt/ros/humble/lib/python3.10/site-packages:/opt/ros/humble/local/lib/python3.10/dist-packages /usr/bin/python3 -W ignore:setup.py install is deprecated -W ignore:easy_install command is deprecated setup.py egg_info --egg-base ../../build/coord_transform build --build-base /home/duy/cocarry_ws/build/coord_transform/build install --record /home/duy/cocarry_ws/build/coord_transform/install.log --single-version-externally-managed install_data[0m
[14.832s] [34mcolcon.colcon_core.environment[0m [1;30mLevel 1[0m create_environment_scripts_only(motoros2_client_interface_dependencies)
[14.833s] [34mcolcon.colcon_core.environment[0m [1;30mLevel 1[0m checking '/home/duy/cocarry_ws/install/motoros2_client_interface_dependencies' for CMake module files
[14.834s] [34mcolcon.colcon_core.event_handler.log_command[0m [1;30mDEBUG[0m [32mInvoked command in '/home/duy/cocarry_ws/build/motoros2_client_interface_dependencies' returned '0': CMAKE_PREFIX_PATH=/home/duy/cocarry_ws/install/motoros2_interfaces:/home/duy/cocarry_ws/install/industrial_msgs:/home/duy/cocarry_ws/install/hrc_bringup:/home/duy/cocarry_ws/install/trac_ik:/home/duy/cocarry_ws/install/trac_ik_kinematics:/home/duy/cocarry_ws/install/trac_ik_lib:/home/duy/cocarry_ws/install/motoros2_client_interface_dependencies:/home/duy/cocarry_ws/install/hc10dtp_simulation:/home/duy/cocarry_ws/install/hc10dtp_bringup:/home/duy/cocarry_ws/install/hc10dtp_moveit_config:/home/duy/cocarry_ws/install/motoman_hc10dtp_support:/home/duy/cocarry_ws/install/motoman_gp4_support:/home/duy/cocarry_ws/install/motoman_resources:/home/duy/cocarry_ws/install/libfreenect2:/home/duy/cocarry_ws/install/kinect2_calibration:/home/duy/cocarry_ws/install/kinect2_bridge:/home/duy/cocarry_ws/install/kinect2_registration:/home/duy/cocarry_ws/install/trajectory_predictor:/home/duy/cocarry_ws/install/rula_tracker:/home/duy/cocarry_ws/install/realsense_tracker:/home/duy/cocarry_ws/install/predictor_ui:/home/duy/cocarry_ws/install/experiment_logger:/home/duy/cocarry_ws/install/coord_transform:/opt/ros/humble:/home/duy/cocarry_ws/install/human_hand_msgs LD_LIBRARY_PATH=/home/duy/cocarry_ws/install/motoros2_interfaces/lib:/home/duy/cocarry_ws/install/industrial_msgs/lib:/home/duy/cocarry_ws/install/trac_ik_kinematics/lib:/home/duy/cocarry_ws/install/trac_ik_lib/lib:/home/duy/cocarry_ws/install/libfreenect2/lib:/home/duy/cocarry_ws/install/kinect2_registration/lib:/home/duy/cocarry_ws/install/human_hand_msgs/lib:/usr/local/lib/nuitrack:/usr/lib/x86_64-linux-gnu/gazebo-11/plugins:/opt/ros/humble/opt/rviz_ogre_vendor/lib:/opt/ros/humble/lib/x86_64-linux-gnu:/opt/ros/humble/lib:/usr/local/lib/nuitrack /usr/bin/cmake --install /home/duy/cocarry_ws/build/motoros2_client_interface_dependencies[0m
[14.836s] [34mcolcon.colcon_core.environment[0m [1;30mLevel 1[0m checking '/home/duy/cocarry_ws/install/motoros2_client_interface_dependencies' for CMake config files
[14.836s] [34mcolcon.colcon_core.shell[0m [1;30mLevel 1[0m create_environment_hook('motoros2_client_interface_dependencies', 'cmake_prefix_path')
[14.837s] [34mcolcon.colcon_core.shell[0m [1;30mINFO[0m Creating environment hook '/home/duy/cocarry_ws/install/motoros2_client_interface_dependencies/share/motoros2_client_interface_dependencies/hook/cmake_prefix_path.ps1'
[14.840s] [34mcolcon.colcon_core.shell[0m [1;30mINFO[0m Creating environment descriptor '/home/duy/cocarry_ws/install/motoros2_client_interface_dependencies/share/motoros2_client_interface_dependencies/hook/cmake_prefix_path.dsv'
[14.841s] [34mcolcon.colcon_core.shell[0m [1;30mINFO[0m Creating environment hook '/home/duy/cocarry_ws/install/motoros2_client_interface_dependencies/share/motoros2_client_interface_dependencies/hook/cmake_prefix_path.sh'
[14.842s] [34mcolcon.colcon_core.environment[0m [1;30mLevel 1[0m checking '/home/duy/cocarry_ws/install/motoros2_client_interface_dependencies/bin'
[14.843s] [34mcolcon.colcon_core.environment[0m [1;30mLevel 1[0m checking '/home/duy/cocarry_ws/install/motoros2_client_interface_dependencies/lib/pkgconfig/motoros2_client_interface_dependencies.pc'
[14.843s] [34mcolcon.colcon_core.environment[0m [1;30mLevel 1[0m checking '/home/duy/cocarry_ws/install/motoros2_client_interface_dependencies/lib/python3.10/site-packages'
[14.844s] [34mcolcon.colcon_core.environment[0m [1;30mLevel 1[0m checking '/home/duy/cocarry_ws/install/motoros2_client_interface_dependencies/bin'
[14.845s] [34mcolcon.colcon_core.shell[0m [1;30mINFO[0m Creating package script '/home/duy/cocarry_ws/install/motoros2_client_interface_dependencies/share/motoros2_client_interface_dependencies/package.ps1'
[14.847s] [34mcolcon.colcon_core.shell[0m [1;30mINFO[0m Creating package descriptor '/home/duy/cocarry_ws/install/motoros2_client_interface_dependencies/share/motoros2_client_interface_dependencies/package.dsv'
[14.848s] [34mcolcon.colcon_core.shell[0m [1;30mINFO[0m Creating package script '/home/duy/cocarry_ws/install/motoros2_client_interface_dependencies/share/motoros2_client_interface_dependencies/package.sh'
[14.849s] [34mcolcon.colcon_core.shell[0m [1;30mINFO[0m Creating package script '/home/duy/cocarry_ws/install/motoros2_client_interface_dependencies/share/motoros2_client_interface_dependencies/package.bash'
[14.850s] [34mcolcon.colcon_core.shell[0m [1;30mINFO[0m Creating package script '/home/duy/cocarry_ws/install/motoros2_client_interface_dependencies/share/motoros2_client_interface_dependencies/package.zsh'
[14.851s] [34mcolcon.colcon_core.environment[0m [1;30mLevel 1[0m create_file_with_runtime_dependencies(/home/duy/cocarry_ws/install/motoros2_client_interface_dependencies/share/colcon-core/packages/motoros2_client_interface_dependencies)
[14.853s] [34mcolcon.colcon_core.environment[0m [1;30mLevel 1[0m create_environment_scripts_only(motoros2_client_interface_dependencies)
[14.854s] [34mcolcon.colcon_core.environment[0m [1;30mLevel 1[0m checking '/home/duy/cocarry_ws/install/motoros2_client_interface_dependencies' for CMake module files
[14.855s] [34mcolcon.colcon_core.environment[0m [1;30mLevel 1[0m checking '/home/duy/cocarry_ws/install/motoros2_client_interface_dependencies' for CMake config files
[14.856s] [34mcolcon.colcon_core.shell[0m [1;30mLevel 1[0m create_environment_hook('motoros2_client_interface_dependencies', 'cmake_prefix_path')
[14.857s] [34mcolcon.colcon_core.shell[0m [1;30mINFO[0m Creating environment hook '/home/duy/cocarry_ws/install/motoros2_client_interface_dependencies/share/motoros2_client_interface_dependencies/hook/cmake_prefix_path.ps1'
[14.858s] [34mcolcon.colcon_core.shell[0m [1;30mINFO[0m Creating environment descriptor '/home/duy/cocarry_ws/install/motoros2_client_interface_dependencies/share/motoros2_client_interface_dependencies/hook/cmake_prefix_path.dsv'
[14.859s] [34mcolcon.colcon_core.shell[0m [1;30mINFO[0m Creating environment hook '/home/duy/cocarry_ws/install/motoros2_client_interface_dependencies/share/motoros2_client_interface_dependencies/hook/cmake_prefix_path.sh'
[14.861s] [34mcolcon.colcon_core.environment[0m [1;30mLevel 1[0m checking '/home/duy/cocarry_ws/install/motoros2_client_interface_dependencies/bin'
[14.861s] [34mcolcon.colcon_core.environment[0m [1;30mLevel 1[0m checking '/home/duy/cocarry_ws/install/motoros2_client_interface_dependencies/lib/pkgconfig/motoros2_client_interface_dependencies.pc'
[14.862s] [34mcolcon.colcon_core.environment[0m [1;30mLevel 1[0m checking '/home/duy/cocarry_ws/install/motoros2_client_interface_dependencies/lib/python3.10/site-packages'
[14.863s] [34mcolcon.colcon_core.environment[0m [1;30mLevel 1[0m checking '/home/duy/cocarry_ws/install/motoros2_client_interface_dependencies/bin'
[14.864s] [34mcolcon.colcon_core.shell[0m [1;30mINFO[0m Creating package script '/home/duy/cocarry_ws/install/motoros2_client_interface_dependencies/share/motoros2_client_interface_dependencies/package.ps1'
[14.866s] [34mcolcon.colcon_core.shell[0m [1;30mINFO[0m Creating package descriptor '/home/duy/cocarry_ws/install/motoros2_client_interface_dependencies/share/motoros2_client_interface_dependencies/package.dsv'
[14.867s] [34mcolcon.colcon_core.shell[0m [1;30mINFO[0m Creating package script '/home/duy/cocarry_ws/install/motoros2_client_interface_dependencies/share/motoros2_client_interface_dependencies/package.sh'
[14.869s] [34mcolcon.colcon_core.shell[0m [1;30mINFO[0m Creating package script '/home/duy/cocarry_ws/install/motoros2_client_interface_dependencies/share/motoros2_client_interface_dependencies/package.bash'
[14.870s] [34mcolcon.colcon_core.shell[0m [1;30mINFO[0m Creating package script '/home/duy/cocarry_ws/install/motoros2_client_interface_dependencies/share/motoros2_client_interface_dependencies/package.zsh'
[14.871s] [34mcolcon.colcon_core.environment[0m [1;30mLevel 1[0m create_file_with_runtime_dependencies(/home/duy/cocarry_ws/install/motoros2_client_interface_dependencies/share/colcon-core/packages/motoros2_client_interface_dependencies)
[14.874s] [34mcolcon.colcon_core.environment[0m [1;30mLevel 1[0m create_environment_scripts_only(hc10dtp_simulation)
[14.875s] [34mcolcon.colcon_core.environment[0m [1;30mLevel 1[0m checking '/home/duy/cocarry_ws/install/hc10dtp_simulation' for CMake module files
[14.877s] [34mcolcon.colcon_core.event_handler.log_command[0m [1;30mDEBUG[0m [32mInvoked command in '/home/duy/cocarry_ws/build/hc10dtp_simulation' returned '0': CMAKE_PREFIX_PATH=/home/duy/cocarry_ws/install/hc10dtp_bringup:/home/duy/cocarry_ws/install/hc10dtp_moveit_config:/home/duy/cocarry_ws/install/motoman_hc10dtp_support:/home/duy/cocarry_ws/install/motoros2_interfaces:/home/duy/cocarry_ws/install/motoman_resources:/home/duy/cocarry_ws/install/hrc_bringup:/home/duy/cocarry_ws/install/trac_ik:/home/duy/cocarry_ws/install/trac_ik_kinematics:/home/duy/cocarry_ws/install/trac_ik_lib:/home/duy/cocarry_ws/install/motoros2_client_interface_dependencies:/home/duy/cocarry_ws/install/hc10dtp_simulation:/home/duy/cocarry_ws/install/motoman_gp4_support:/home/duy/cocarry_ws/install/libfreenect2:/home/duy/cocarry_ws/install/kinect2_calibration:/home/duy/cocarry_ws/install/kinect2_bridge:/home/duy/cocarry_ws/install/kinect2_registration:/home/duy/cocarry_ws/install/industrial_msgs:/home/duy/cocarry_ws/install/trajectory_predictor:/home/duy/cocarry_ws/install/rula_tracker:/home/duy/cocarry_ws/install/realsense_tracker:/home/duy/cocarry_ws/install/predictor_ui:/home/duy/cocarry_ws/install/experiment_logger:/home/duy/cocarry_ws/install/coord_transform:/opt/ros/humble:/home/duy/cocarry_ws/install/human_hand_msgs LD_LIBRARY_PATH=/home/duy/cocarry_ws/install/motoros2_interfaces/lib:/home/duy/cocarry_ws/install/trac_ik_kinematics/lib:/home/duy/cocarry_ws/install/trac_ik_lib/lib:/home/duy/cocarry_ws/install/libfreenect2/lib:/home/duy/cocarry_ws/install/kinect2_registration/lib:/home/duy/cocarry_ws/install/industrial_msgs/lib:/home/duy/cocarry_ws/install/human_hand_msgs/lib:/usr/local/lib/nuitrack:/usr/lib/x86_64-linux-gnu/gazebo-11/plugins:/opt/ros/humble/opt/rviz_ogre_vendor/lib:/opt/ros/humble/lib/x86_64-linux-gnu:/opt/ros/humble/lib:/usr/local/lib/nuitrack /usr/bin/cmake --install /home/duy/cocarry_ws/build/hc10dtp_simulation[0m
[14.878s] [34mcolcon.colcon_core.environment[0m [1;30mLevel 1[0m checking '/home/duy/cocarry_ws/install/hc10dtp_simulation' for CMake config files
[14.879s] [34mcolcon.colcon_core.shell[0m [1;30mLevel 1[0m create_environment_hook('hc10dtp_simulation', 'cmake_prefix_path')
[14.879s] [34mcolcon.colcon_core.shell[0m [1;30mINFO[0m Creating environment hook '/home/duy/cocarry_ws/install/hc10dtp_simulation/share/hc10dtp_simulation/hook/cmake_prefix_path.ps1'
[14.881s] [34mcolcon.colcon_core.shell[0m [1;30mINFO[0m Creating environment descriptor '/home/duy/cocarry_ws/install/hc10dtp_simulation/share/hc10dtp_simulation/hook/cmake_prefix_path.dsv'
[14.882s] [34mcolcon.colcon_core.shell[0m [1;30mINFO[0m Creating environment hook '/home/duy/cocarry_ws/install/hc10dtp_simulation/share/hc10dtp_simulation/hook/cmake_prefix_path.sh'
[14.884s] [34mcolcon.colcon_core.environment[0m [1;30mLevel 1[0m checking '/home/duy/cocarry_ws/install/hc10dtp_simulation/lib'
[14.884s] [34mcolcon.colcon_core.environment[0m [1;30mLevel 1[0m checking '/home/duy/cocarry_ws/install/hc10dtp_simulation/bin'
[14.884s] [34mcolcon.colcon_core.environment[0m [1;30mLevel 1[0m checking '/home/duy/cocarry_ws/install/hc10dtp_simulation/lib/pkgconfig/hc10dtp_simulation.pc'
[14.885s] [34mcolcon.colcon_core.environment[0m [1;30mLevel 1[0m checking '/home/duy/cocarry_ws/install/hc10dtp_simulation/lib/python3.10/site-packages'
[14.887s] [34mcolcon.colcon_core.environment[0m [1;30mLevel 1[0m checking '/home/duy/cocarry_ws/install/hc10dtp_simulation/bin'
[14.888s] [34mcolcon.colcon_core.shell[0m [1;30mINFO[0m Creating package script '/home/duy/cocarry_ws/install/hc10dtp_simulation/share/hc10dtp_simulation/package.ps1'
[14.890s] [34mcolcon.colcon_core.shell[0m [1;30mINFO[0m Creating package descriptor '/home/duy/cocarry_ws/install/hc10dtp_simulation/share/hc10dtp_simulation/package.dsv'
[14.891s] [34mcolcon.colcon_core.shell[0m [1;30mINFO[0m Creating package script '/home/duy/cocarry_ws/install/hc10dtp_simulation/share/hc10dtp_simulation/package.sh'
[14.892s] [34mcolcon.colcon_core.shell[0m [1;30mINFO[0m Creating package script '/home/duy/cocarry_ws/install/hc10dtp_simulation/share/hc10dtp_simulation/package.bash'
[14.894s] [34mcolcon.colcon_core.shell[0m [1;30mINFO[0m Creating package script '/home/duy/cocarry_ws/install/hc10dtp_simulation/share/hc10dtp_simulation/package.zsh'
[14.895s] [34mcolcon.colcon_core.environment[0m [1;30mLevel 1[0m create_file_with_runtime_dependencies(/home/duy/cocarry_ws/install/hc10dtp_simulation/share/colcon-core/packages/hc10dtp_simulation)
[14.896s] [34mcolcon.colcon_core.environment[0m [1;30mLevel 1[0m create_environment_scripts_only(hc10dtp_simulation)
[14.897s] [34mcolcon.colcon_core.environment[0m [1;30mLevel 1[0m checking '/home/duy/cocarry_ws/install/hc10dtp_simulation' for CMake module files
[14.899s] [34mcolcon.colcon_core.environment[0m [1;30mLevel 1[0m checking '/home/duy/cocarry_ws/install/hc10dtp_simulation' for CMake config files
[14.900s] [34mcolcon.colcon_core.shell[0m [1;30mLevel 1[0m create_environment_hook('hc10dtp_simulation', 'cmake_prefix_path')
[14.900s] [34mcolcon.colcon_core.shell[0m [1;30mINFO[0m Creating environment hook '/home/duy/cocarry_ws/install/hc10dtp_simulation/share/hc10dtp_simulation/hook/cmake_prefix_path.ps1'
[14.902s] [34mcolcon.colcon_core.shell[0m [1;30mINFO[0m Creating environment descriptor '/home/duy/cocarry_ws/install/hc10dtp_simulation/share/hc10dtp_simulation/hook/cmake_prefix_path.dsv'
[14.903s] [34mcolcon.colcon_core.shell[0m [1;30mINFO[0m Creating environment hook '/home/duy/cocarry_ws/install/hc10dtp_simulation/share/hc10dtp_simulation/hook/cmake_prefix_path.sh'
[14.905s] [34mcolcon.colcon_core.environment[0m [1;30mLevel 1[0m checking '/home/duy/cocarry_ws/install/hc10dtp_simulation/lib'
[14.906s] [34mcolcon.colcon_core.environment[0m [1;30mLevel 1[0m checking '/home/duy/cocarry_ws/install/hc10dtp_simulation/bin'
[14.906s] [34mcolcon.colcon_core.environment[0m [1;30mLevel 1[0m checking '/home/duy/cocarry_ws/install/hc10dtp_simulation/lib/pkgconfig/hc10dtp_simulation.pc'
[14.907s] [34mcolcon.colcon_core.environment[0m [1;30mLevel 1[0m checking '/home/duy/cocarry_ws/install/hc10dtp_simulation/lib/python3.10/site-packages'
[14.908s] [34mcolcon.colcon_core.environment[0m [1;30mLevel 1[0m checking '/home/duy/cocarry_ws/install/hc10dtp_simulation/bin'
[14.909s] [34mcolcon.colcon_core.shell[0m [1;30mINFO[0m Creating package script '/home/duy/cocarry_ws/install/hc10dtp_simulation/share/hc10dtp_simulation/package.ps1'
[14.911s] [34mcolcon.colcon_core.shell[0m [1;30mINFO[0m Creating package descriptor '/home/duy/cocarry_ws/install/hc10dtp_simulation/share/hc10dtp_simulation/package.dsv'
[14.912s] [34mcolcon.colcon_core.shell[0m [1;30mINFO[0m Creating package script '/home/duy/cocarry_ws/install/hc10dtp_simulation/share/hc10dtp_simulation/package.sh'
[14.914s] [34mcolcon.colcon_core.shell[0m [1;30mINFO[0m Creating package script '/home/duy/cocarry_ws/install/hc10dtp_simulation/share/hc10dtp_simulation/package.bash'
[14.916s] [34mcolcon.colcon_core.shell[0m [1;30mINFO[0m Creating package script '/home/duy/cocarry_ws/install/hc10dtp_simulation/share/hc10dtp_simulation/package.zsh'
[14.918s] [34mcolcon.colcon_core.environment[0m [1;30mLevel 1[0m create_file_with_runtime_dependencies(/home/duy/cocarry_ws/install/hc10dtp_simulation/share/colcon-core/packages/hc10dtp_simulation)
[15.385s] [34mcolcon.colcon_core.event_handler.log_command[0m [1;30mDEBUG[0m [32mInvoking command in '/home/duy/cocarry_ws/src/trajectory_predictor': CMAKE_PREFIX_PATH=/home/duy/cocarry_ws/install/human_hand_msgs:/home/duy/cocarry_ws/install/hrc_bringup:/home/duy/cocarry_ws/install/trac_ik:/home/duy/cocarry_ws/install/trac_ik_kinematics:/home/duy/cocarry_ws/install/trac_ik_lib:/home/duy/cocarry_ws/install/motoros2_client_interface_dependencies:/home/duy/cocarry_ws/install/hc10dtp_simulation:/home/duy/cocarry_ws/install/motoros2_interfaces:/home/duy/cocarry_ws/install/hc10dtp_bringup:/home/duy/cocarry_ws/install/hc10dtp_moveit_config:/home/duy/cocarry_ws/install/motoman_hc10dtp_support:/home/duy/cocarry_ws/install/motoman_gp4_support:/home/duy/cocarry_ws/install/motoman_resources:/home/duy/cocarry_ws/install/libfreenect2:/home/duy/cocarry_ws/install/kinect2_calibration:/home/duy/cocarry_ws/install/kinect2_bridge:/home/duy/cocarry_ws/install/kinect2_registration:/home/duy/cocarry_ws/install/industrial_msgs LD_LIBRARY_PATH=/home/duy/cocarry_ws/install/human_hand_msgs/lib:/home/duy/cocarry_ws/install/trac_ik_kinematics/lib:/home/duy/cocarry_ws/install/trac_ik_lib/lib:/home/duy/cocarry_ws/install/motoros2_interfaces/lib:/home/duy/cocarry_ws/install/libfreenect2/lib:/home/duy/cocarry_ws/install/kinect2_registration/lib:/home/duy/cocarry_ws/install/industrial_msgs/lib:/usr/local/lib/nuitrack:/usr/lib/x86_64-linux-gnu/gazebo-11/plugins:/opt/ros/humble/opt/rviz_ogre_vendor/lib:/opt/ros/humble/lib/x86_64-linux-gnu:/opt/ros/humble/lib:/usr/local/lib/nuitrack PYTHONPATH=/home/duy/cocarry_ws/build/trajectory_predictor/prefix_override:/usr/lib/python3/dist-packages/colcon_core/task/python/colcon_distutils_commands:/home/duy/cocarry_ws/install/trajectory_predictor/lib/python3.10/site-packages:/home/duy/cocarry_ws/install/human_hand_msgs/local/lib/python3.10/dist-packages:/home/duy/cocarry_ws/install/trajectory_predictor/lib/python3.10/site-packages:/home/duy/cocarry_ws/install/rula_tracker/lib/python3.10/site-packages:/home/duy/cocarry_ws/install/realsense_tracker/lib/python3.10/site-packages:/home/duy/cocarry_ws/install/predictor_ui/lib/python3.10/site-packages:/home/duy/cocarry_ws/install/motoros2_interfaces/local/lib/python3.10/dist-packages:/home/duy/cocarry_ws/install/industrial_msgs/local/lib/python3.10/dist-packages:/home/duy/cocarry_ws/install/experiment_logger/lib/python3.10/site-packages:/home/duy/cocarry_ws/install/coord_transform/lib/python3.10/site-packages:/opt/ros/humble/lib/python3.10/site-packages:/opt/ros/humble/local/lib/python3.10/dist-packages /usr/bin/python3 -W ignore:setup.py install is deprecated -W ignore:easy_install command is deprecated setup.py egg_info --egg-base ../../build/trajectory_predictor build --build-base /home/duy/cocarry_ws/build/trajectory_predictor/build install --record /home/duy/cocarry_ws/build/trajectory_predictor/install.log --single-version-externally-managed install_data[0m
[15.406s] [34mcolcon.colcon_core.event_handler.log_command[0m [1;30mDEBUG[0m [32mInvoking command in '/home/duy/cocarry_ws/src/experiment_logger': CMAKE_PREFIX_PATH=/home/duy/cocarry_ws/install/human_hand_msgs:/home/duy/cocarry_ws/install/hrc_bringup:/home/duy/cocarry_ws/install/trac_ik:/home/duy/cocarry_ws/install/trac_ik_kinematics:/home/duy/cocarry_ws/install/trac_ik_lib:/home/duy/cocarry_ws/install/motoros2_client_interface_dependencies:/home/duy/cocarry_ws/install/hc10dtp_simulation:/home/duy/cocarry_ws/install/motoros2_interfaces:/home/duy/cocarry_ws/install/hc10dtp_bringup:/home/duy/cocarry_ws/install/hc10dtp_moveit_config:/home/duy/cocarry_ws/install/motoman_hc10dtp_support:/home/duy/cocarry_ws/install/motoman_gp4_support:/home/duy/cocarry_ws/install/motoman_resources:/home/duy/cocarry_ws/install/libfreenect2:/home/duy/cocarry_ws/install/kinect2_calibration:/home/duy/cocarry_ws/install/kinect2_bridge:/home/duy/cocarry_ws/install/kinect2_registration:/home/duy/cocarry_ws/install/industrial_msgs LD_LIBRARY_PATH=/home/duy/cocarry_ws/install/human_hand_msgs/lib:/home/duy/cocarry_ws/install/trac_ik_kinematics/lib:/home/duy/cocarry_ws/install/trac_ik_lib/lib:/home/duy/cocarry_ws/install/motoros2_interfaces/lib:/home/duy/cocarry_ws/install/libfreenect2/lib:/home/duy/cocarry_ws/install/kinect2_registration/lib:/home/duy/cocarry_ws/install/industrial_msgs/lib:/usr/local/lib/nuitrack:/usr/lib/x86_64-linux-gnu/gazebo-11/plugins:/opt/ros/humble/opt/rviz_ogre_vendor/lib:/opt/ros/humble/lib/x86_64-linux-gnu:/opt/ros/humble/lib:/usr/local/lib/nuitrack PYTHONPATH=/home/duy/cocarry_ws/build/experiment_logger/prefix_override:/usr/lib/python3/dist-packages/colcon_core/task/python/colcon_distutils_commands:/home/duy/cocarry_ws/install/experiment_logger/lib/python3.10/site-packages:/home/duy/cocarry_ws/install/human_hand_msgs/local/lib/python3.10/dist-packages:/home/duy/cocarry_ws/install/trajectory_predictor/lib/python3.10/site-packages:/home/duy/cocarry_ws/install/rula_tracker/lib/python3.10/site-packages:/home/duy/cocarry_ws/install/realsense_tracker/lib/python3.10/site-packages:/home/duy/cocarry_ws/install/predictor_ui/lib/python3.10/site-packages:/home/duy/cocarry_ws/install/motoros2_interfaces/local/lib/python3.10/dist-packages:/home/duy/cocarry_ws/install/industrial_msgs/local/lib/python3.10/dist-packages:/home/duy/cocarry_ws/install/experiment_logger/lib/python3.10/site-packages:/home/duy/cocarry_ws/install/coord_transform/lib/python3.10/site-packages:/opt/ros/humble/lib/python3.10/site-packages:/opt/ros/humble/local/lib/python3.10/dist-packages /usr/bin/python3 -W ignore:setup.py install is deprecated -W ignore:easy_install command is deprecated setup.py egg_info --egg-base ../../build/experiment_logger build --build-base /home/duy/cocarry_ws/build/experiment_logger/build install --record /home/duy/cocarry_ws/build/experiment_logger/install.log --single-version-externally-managed install_data[0m
[15.416s] [34mcolcon.colcon_core.event_handler.log_command[0m [1;30mDEBUG[0m [32mInvoking command in '/home/duy/cocarry_ws/src/predictor_ui': CMAKE_PREFIX_PATH=/home/duy/cocarry_ws/install/human_hand_msgs:/home/duy/cocarry_ws/install/hrc_bringup:/home/duy/cocarry_ws/install/trac_ik:/home/duy/cocarry_ws/install/trac_ik_kinematics:/home/duy/cocarry_ws/install/trac_ik_lib:/home/duy/cocarry_ws/install/motoros2_client_interface_dependencies:/home/duy/cocarry_ws/install/hc10dtp_simulation:/home/duy/cocarry_ws/install/motoros2_interfaces:/home/duy/cocarry_ws/install/hc10dtp_bringup:/home/duy/cocarry_ws/install/hc10dtp_moveit_config:/home/duy/cocarry_ws/install/motoman_hc10dtp_support:/home/duy/cocarry_ws/install/motoman_gp4_support:/home/duy/cocarry_ws/install/motoman_resources:/home/duy/cocarry_ws/install/libfreenect2:/home/duy/cocarry_ws/install/kinect2_calibration:/home/duy/cocarry_ws/install/kinect2_bridge:/home/duy/cocarry_ws/install/kinect2_registration:/home/duy/cocarry_ws/install/industrial_msgs LD_LIBRARY_PATH=/home/duy/cocarry_ws/install/human_hand_msgs/lib:/home/duy/cocarry_ws/install/trac_ik_kinematics/lib:/home/duy/cocarry_ws/install/trac_ik_lib/lib:/home/duy/cocarry_ws/install/motoros2_interfaces/lib:/home/duy/cocarry_ws/install/libfreenect2/lib:/home/duy/cocarry_ws/install/kinect2_registration/lib:/home/duy/cocarry_ws/install/industrial_msgs/lib:/usr/local/lib/nuitrack:/usr/lib/x86_64-linux-gnu/gazebo-11/plugins:/opt/ros/humble/opt/rviz_ogre_vendor/lib:/opt/ros/humble/lib/x86_64-linux-gnu:/opt/ros/humble/lib:/usr/local/lib/nuitrack PYTHONPATH=/home/duy/cocarry_ws/build/predictor_ui/prefix_override:/usr/lib/python3/dist-packages/colcon_core/task/python/colcon_distutils_commands:/home/duy/cocarry_ws/install/predictor_ui/lib/python3.10/site-packages:/home/duy/cocarry_ws/install/human_hand_msgs/local/lib/python3.10/dist-packages:/home/duy/cocarry_ws/install/trajectory_predictor/lib/python3.10/site-packages:/home/duy/cocarry_ws/install/rula_tracker/lib/python3.10/site-packages:/home/duy/cocarry_ws/install/realsense_tracker/lib/python3.10/site-packages:/home/duy/cocarry_ws/install/predictor_ui/lib/python3.10/site-packages:/home/duy/cocarry_ws/install/motoros2_interfaces/local/lib/python3.10/dist-packages:/home/duy/cocarry_ws/install/industrial_msgs/local/lib/python3.10/dist-packages:/home/duy/cocarry_ws/install/experiment_logger/lib/python3.10/site-packages:/home/duy/cocarry_ws/install/coord_transform/lib/python3.10/site-packages:/opt/ros/humble/lib/python3.10/site-packages:/opt/ros/humble/local/lib/python3.10/dist-packages /usr/bin/python3 -W ignore:setup.py install is deprecated -W ignore:easy_install command is deprecated setup.py egg_info --egg-base ../../build/predictor_ui build --build-base /home/duy/cocarry_ws/build/predictor_ui/build install --record /home/duy/cocarry_ws/build/predictor_ui/install.log --single-version-externally-managed install_data[0m
[15.717s] [34mcolcon.colcon_core.environment[0m [1;30mLevel 1[0m checking '/home/duy/cocarry_ws/install/coord_transform' for CMake module files
[15.718s] [34mcolcon.colcon_core.event_handler.log_command[0m [1;30mDEBUG[0m [32mInvoked command in '/home/duy/cocarry_ws/src/coord_transform' returned '0': CMAKE_PREFIX_PATH=/home/duy/cocarry_ws/install/human_hand_msgs:/home/duy/cocarry_ws/install/hrc_bringup:/home/duy/cocarry_ws/install/trac_ik:/home/duy/cocarry_ws/install/trac_ik_kinematics:/home/duy/cocarry_ws/install/trac_ik_lib:/home/duy/cocarry_ws/install/motoros2_client_interface_dependencies:/home/duy/cocarry_ws/install/hc10dtp_simulation:/home/duy/cocarry_ws/install/motoros2_interfaces:/home/duy/cocarry_ws/install/hc10dtp_bringup:/home/duy/cocarry_ws/install/hc10dtp_moveit_config:/home/duy/cocarry_ws/install/motoman_hc10dtp_support:/home/duy/cocarry_ws/install/motoman_gp4_support:/home/duy/cocarry_ws/install/motoman_resources:/home/duy/cocarry_ws/install/libfreenect2:/home/duy/cocarry_ws/install/kinect2_calibration:/home/duy/cocarry_ws/install/kinect2_bridge:/home/duy/cocarry_ws/install/kinect2_registration:/home/duy/cocarry_ws/install/industrial_msgs LD_LIBRARY_PATH=/home/duy/cocarry_ws/install/human_hand_msgs/lib:/home/duy/cocarry_ws/install/trac_ik_kinematics/lib:/home/duy/cocarry_ws/install/trac_ik_lib/lib:/home/duy/cocarry_ws/install/motoros2_interfaces/lib:/home/duy/cocarry_ws/install/libfreenect2/lib:/home/duy/cocarry_ws/install/kinect2_registration/lib:/home/duy/cocarry_ws/install/industrial_msgs/lib:/usr/local/lib/nuitrack:/usr/lib/x86_64-linux-gnu/gazebo-11/plugins:/opt/ros/humble/opt/rviz_ogre_vendor/lib:/opt/ros/humble/lib/x86_64-linux-gnu:/opt/ros/humble/lib:/usr/local/lib/nuitrack PYTHONPATH=/home/duy/cocarry_ws/build/coord_transform/prefix_override:/usr/lib/python3/dist-packages/colcon_core/task/python/colcon_distutils_commands:/home/duy/cocarry_ws/install/coord_transform/lib/python3.10/site-packages:/home/duy/cocarry_ws/install/human_hand_msgs/local/lib/python3.10/dist-packages:/home/duy/cocarry_ws/install/trajectory_predictor/lib/python3.10/site-packages:/home/duy/cocarry_ws/install/rula_tracker/lib/python3.10/site-packages:/home/duy/cocarry_ws/install/realsense_tracker/lib/python3.10/site-packages:/home/duy/cocarry_ws/install/predictor_ui/lib/python3.10/site-packages:/home/duy/cocarry_ws/install/motoros2_interfaces/local/lib/python3.10/dist-packages:/home/duy/cocarry_ws/install/industrial_msgs/local/lib/python3.10/dist-packages:/home/duy/cocarry_ws/install/experiment_logger/lib/python3.10/site-packages:/home/duy/cocarry_ws/install/coord_transform/lib/python3.10/site-packages:/opt/ros/humble/lib/python3.10/site-packages:/opt/ros/humble/local/lib/python3.10/dist-packages /usr/bin/python3 -W ignore:setup.py install is deprecated -W ignore:easy_install command is deprecated setup.py egg_info --egg-base ../../build/coord_transform build --build-base /home/duy/cocarry_ws/build/coord_transform/build install --record /home/duy/cocarry_ws/build/coord_transform/install.log --single-version-externally-managed install_data[0m
[15.721s] [34mcolcon.colcon_core.environment[0m [1;30mLevel 1[0m checking '/home/duy/cocarry_ws/install/coord_transform' for CMake config files
[15.723s] [34mcolcon.colcon_core.environment[0m [1;30mLevel 1[0m checking '/home/duy/cocarry_ws/install/coord_transform/lib'
[15.723s] [34mcolcon.colcon_core.environment[0m [1;30mLevel 1[0m checking '/home/duy/cocarry_ws/install/coord_transform/bin'
[15.723s] [34mcolcon.colcon_core.environment[0m [1;30mLevel 1[0m checking '/home/duy/cocarry_ws/install/coord_transform/lib/pkgconfig/coord_transform.pc'
[15.724s] [34mcolcon.colcon_core.environment[0m [1;30mLevel 1[0m checking '/home/duy/cocarry_ws/install/coord_transform/lib/python3.10/site-packages'
[15.724s] [34mcolcon.colcon_core.shell[0m [1;30mLevel 1[0m create_environment_hook('coord_transform', 'pythonpath')
[15.725s] [34mcolcon.colcon_core.shell[0m [1;30mINFO[0m Creating environment hook '/home/duy/cocarry_ws/install/coord_transform/share/coord_transform/hook/pythonpath.ps1'
[15.727s] [34mcolcon.colcon_core.shell[0m [1;30mINFO[0m Creating environment descriptor '/home/duy/cocarry_ws/install/coord_transform/share/coord_transform/hook/pythonpath.dsv'
[15.728s] [34mcolcon.colcon_core.shell[0m [1;30mINFO[0m Creating environment hook '/home/duy/cocarry_ws/install/coord_transform/share/coord_transform/hook/pythonpath.sh'
[15.731s] [34mcolcon.colcon_core.environment[0m [1;30mLevel 1[0m checking '/home/duy/cocarry_ws/install/coord_transform/bin'
[15.731s] [34mcolcon.colcon_core.environment[0m [1;30mLevel 1[0m create_environment_scripts_only(coord_transform)
[15.733s] [34mcolcon.colcon_core.shell[0m [1;30mINFO[0m Creating package script '/home/duy/cocarry_ws/install/coord_transform/share/coord_transform/package.ps1'
[15.735s] [34mcolcon.colcon_core.shell[0m [1;30mINFO[0m Creating package descriptor '/home/duy/cocarry_ws/install/coord_transform/share/coord_transform/package.dsv'
[15.737s] [34mcolcon.colcon_core.shell[0m [1;30mINFO[0m Creating package script '/home/duy/cocarry_ws/install/coord_transform/share/coord_transform/package.sh'
[15.739s] [34mcolcon.colcon_core.shell[0m [1;30mINFO[0m Creating package script '/home/duy/cocarry_ws/install/coord_transform/share/coord_transform/package.bash'
[15.740s] [34mcolcon.colcon_core.shell[0m [1;30mINFO[0m Creating package script '/home/duy/cocarry_ws/install/coord_transform/share/coord_transform/package.zsh'
[15.743s] [34mcolcon.colcon_core.environment[0m [1;30mLevel 1[0m create_file_with_runtime_dependencies(/home/duy/cocarry_ws/install/coord_transform/share/colcon-core/packages/coord_transform)
[15.750s] [34mcolcon.colcon_core.environment[0m [1;30mLevel 1[0m checking '/home/duy/cocarry_ws/install/realsense_tracker' for CMake module files
[15.753s] [34mcolcon.colcon_core.environment[0m [1;30mLevel 1[0m checking '/home/duy/cocarry_ws/install/realsense_tracker' for CMake config files
[15.754s] [34mcolcon.colcon_core.environment[0m [1;30mLevel 1[0m checking '/home/duy/cocarry_ws/install/realsense_tracker/lib'
[15.755s] [34mcolcon.colcon_core.environment[0m [1;30mLevel 1[0m checking '/home/duy/cocarry_ws/install/realsense_tracker/bin'
[15.752s] [34mcolcon.colcon_core.event_handler.log_command[0m [1;30mDEBUG[0m [32mInvoked command in '/home/duy/cocarry_ws/src/realsense_tracker' returned '0': CMAKE_PREFIX_PATH=/home/duy/cocarry_ws/install/human_hand_msgs:/home/duy/cocarry_ws/install/hrc_bringup:/home/duy/cocarry_ws/install/trac_ik:/home/duy/cocarry_ws/install/trac_ik_kinematics:/home/duy/cocarry_ws/install/trac_ik_lib:/home/duy/cocarry_ws/install/motoros2_client_interface_dependencies:/home/duy/cocarry_ws/install/hc10dtp_simulation:/home/duy/cocarry_ws/install/motoros2_interfaces:/home/duy/cocarry_ws/install/hc10dtp_bringup:/home/duy/cocarry_ws/install/hc10dtp_moveit_config:/home/duy/cocarry_ws/install/motoman_hc10dtp_support:/home/duy/cocarry_ws/install/motoman_gp4_support:/home/duy/cocarry_ws/install/motoman_resources:/home/duy/cocarry_ws/install/libfreenect2:/home/duy/cocarry_ws/install/kinect2_calibration:/home/duy/cocarry_ws/install/kinect2_bridge:/home/duy/cocarry_ws/install/kinect2_registration:/home/duy/cocarry_ws/install/industrial_msgs LD_LIBRARY_PATH=/home/duy/cocarry_ws/install/human_hand_msgs/lib:/home/duy/cocarry_ws/install/trac_ik_kinematics/lib:/home/duy/cocarry_ws/install/trac_ik_lib/lib:/home/duy/cocarry_ws/install/motoros2_interfaces/lib:/home/duy/cocarry_ws/install/libfreenect2/lib:/home/duy/cocarry_ws/install/kinect2_registration/lib:/home/duy/cocarry_ws/install/industrial_msgs/lib:/usr/local/lib/nuitrack:/usr/lib/x86_64-linux-gnu/gazebo-11/plugins:/opt/ros/humble/opt/rviz_ogre_vendor/lib:/opt/ros/humble/lib/x86_64-linux-gnu:/opt/ros/humble/lib:/usr/local/lib/nuitrack PYTHONPATH=/home/duy/cocarry_ws/build/realsense_tracker/prefix_override:/usr/lib/python3/dist-packages/colcon_core/task/python/colcon_distutils_commands:/home/duy/cocarry_ws/install/realsense_tracker/lib/python3.10/site-packages:/home/duy/cocarry_ws/install/human_hand_msgs/local/lib/python3.10/dist-packages:/home/duy/cocarry_ws/install/trajectory_predictor/lib/python3.10/site-packages:/home/duy/cocarry_ws/install/rula_tracker/lib/python3.10/site-packages:/home/duy/cocarry_ws/install/realsense_tracker/lib/python3.10/site-packages:/home/duy/cocarry_ws/install/predictor_ui/lib/python3.10/site-packages:/home/duy/cocarry_ws/install/motoros2_interfaces/local/lib/python3.10/dist-packages:/home/duy/cocarry_ws/install/industrial_msgs/local/lib/python3.10/dist-packages:/home/duy/cocarry_ws/install/experiment_logger/lib/python3.10/site-packages:/home/duy/cocarry_ws/install/coord_transform/lib/python3.10/site-packages:/opt/ros/humble/lib/python3.10/site-packages:/opt/ros/humble/local/lib/python3.10/dist-packages /usr/bin/python3 -W ignore:setup.py install is deprecated -W ignore:easy_install command is deprecated setup.py egg_info --egg-base ../../build/realsense_tracker build --build-base /home/duy/cocarry_ws/build/realsense_tracker/build install --record /home/duy/cocarry_ws/build/realsense_tracker/install.log --single-version-externally-managed install_data[0m
[15.756s] [34mcolcon.colcon_core.environment[0m [1;30mLevel 1[0m checking '/home/duy/cocarry_ws/install/realsense_tracker/lib/pkgconfig/realsense_tracker.pc'
[15.758s] [34mcolcon.colcon_core.environment[0m [1;30mLevel 1[0m checking '/home/duy/cocarry_ws/install/realsense_tracker/lib/python3.10/site-packages'
[15.762s] [34mcolcon.colcon_core.shell[0m [1;30mLevel 1[0m create_environment_hook('realsense_tracker', 'pythonpath')
[15.763s] [34mcolcon.colcon_core.shell[0m [1;30mINFO[0m Creating environment hook '/home/duy/cocarry_ws/install/realsense_tracker/share/realsense_tracker/hook/pythonpath.ps1'
[15.768s] [34mcolcon.colcon_core.shell[0m [1;30mINFO[0m Creating environment descriptor '/home/duy/cocarry_ws/install/realsense_tracker/share/realsense_tracker/hook/pythonpath.dsv'
[15.769s] [34mcolcon.colcon_core.shell[0m [1;30mINFO[0m Creating environment hook '/home/duy/cocarry_ws/install/realsense_tracker/share/realsense_tracker/hook/pythonpath.sh'
[15.776s] [34mcolcon.colcon_core.environment[0m [1;30mLevel 1[0m checking '/home/duy/cocarry_ws/install/realsense_tracker/bin'
[15.777s] [34mcolcon.colcon_core.environment[0m [1;30mLevel 1[0m create_environment_scripts_only(realsense_tracker)
[15.778s] [34mcolcon.colcon_core.shell[0m [1;30mINFO[0m Creating package script '/home/duy/cocarry_ws/install/realsense_tracker/share/realsense_tracker/package.ps1'
[15.781s] [34mcolcon.colcon_core.shell[0m [1;30mINFO[0m Creating package descriptor '/home/duy/cocarry_ws/install/realsense_tracker/share/realsense_tracker/package.dsv'
[15.783s] [34mcolcon.colcon_core.shell[0m [1;30mINFO[0m Creating package script '/home/duy/cocarry_ws/install/realsense_tracker/share/realsense_tracker/package.sh'
[15.787s] [34mcolcon.colcon_core.shell[0m [1;30mINFO[0m Creating package script '/home/duy/cocarry_ws/install/realsense_tracker/share/realsense_tracker/package.bash'
[15.788s] [34mcolcon.colcon_core.shell[0m [1;30mINFO[0m Creating package script '/home/duy/cocarry_ws/install/realsense_tracker/share/realsense_tracker/package.zsh'
[15.790s] [34mcolcon.colcon_core.environment[0m [1;30mLevel 1[0m create_file_with_runtime_dependencies(/home/duy/cocarry_ws/install/realsense_tracker/share/colcon-core/packages/realsense_tracker)
[16.641s] [34mcolcon.colcon_core.environment[0m [1;30mLevel 1[0m checking '/home/duy/cocarry_ws/install/trajectory_predictor' for CMake module files
[16.643s] [34mcolcon.colcon_core.event_handler.log_command[0m [1;30mDEBUG[0m [32mInvoked command in '/home/duy/cocarry_ws/src/trajectory_predictor' returned '0': CMAKE_PREFIX_PATH=/home/duy/cocarry_ws/install/human_hand_msgs:/home/duy/cocarry_ws/install/hrc_bringup:/home/duy/cocarry_ws/install/trac_ik:/home/duy/cocarry_ws/install/trac_ik_kinematics:/home/duy/cocarry_ws/install/trac_ik_lib:/home/duy/cocarry_ws/install/motoros2_client_interface_dependencies:/home/duy/cocarry_ws/install/hc10dtp_simulation:/home/duy/cocarry_ws/install/motoros2_interfaces:/home/duy/cocarry_ws/install/hc10dtp_bringup:/home/duy/cocarry_ws/install/hc10dtp_moveit_config:/home/duy/cocarry_ws/install/motoman_hc10dtp_support:/home/duy/cocarry_ws/install/motoman_gp4_support:/home/duy/cocarry_ws/install/motoman_resources:/home/duy/cocarry_ws/install/libfreenect2:/home/duy/cocarry_ws/install/kinect2_calibration:/home/duy/cocarry_ws/install/kinect2_bridge:/home/duy/cocarry_ws/install/kinect2_registration:/home/duy/cocarry_ws/install/industrial_msgs LD_LIBRARY_PATH=/home/duy/cocarry_ws/install/human_hand_msgs/lib:/home/duy/cocarry_ws/install/trac_ik_kinematics/lib:/home/duy/cocarry_ws/install/trac_ik_lib/lib:/home/duy/cocarry_ws/install/motoros2_interfaces/lib:/home/duy/cocarry_ws/install/libfreenect2/lib:/home/duy/cocarry_ws/install/kinect2_registration/lib:/home/duy/cocarry_ws/install/industrial_msgs/lib:/usr/local/lib/nuitrack:/usr/lib/x86_64-linux-gnu/gazebo-11/plugins:/opt/ros/humble/opt/rviz_ogre_vendor/lib:/opt/ros/humble/lib/x86_64-linux-gnu:/opt/ros/humble/lib:/usr/local/lib/nuitrack PYTHONPATH=/home/duy/cocarry_ws/build/trajectory_predictor/prefix_override:/usr/lib/python3/dist-packages/colcon_core/task/python/colcon_distutils_commands:/home/duy/cocarry_ws/install/trajectory_predictor/lib/python3.10/site-packages:/home/duy/cocarry_ws/install/human_hand_msgs/local/lib/python3.10/dist-packages:/home/duy/cocarry_ws/install/trajectory_predictor/lib/python3.10/site-packages:/home/duy/cocarry_ws/install/rula_tracker/lib/python3.10/site-packages:/home/duy/cocarry_ws/install/realsense_tracker/lib/python3.10/site-packages:/home/duy/cocarry_ws/install/predictor_ui/lib/python3.10/site-packages:/home/duy/cocarry_ws/install/motoros2_interfaces/local/lib/python3.10/dist-packages:/home/duy/cocarry_ws/install/industrial_msgs/local/lib/python3.10/dist-packages:/home/duy/cocarry_ws/install/experiment_logger/lib/python3.10/site-packages:/home/duy/cocarry_ws/install/coord_transform/lib/python3.10/site-packages:/opt/ros/humble/lib/python3.10/site-packages:/opt/ros/humble/local/lib/python3.10/dist-packages /usr/bin/python3 -W ignore:setup.py install is deprecated -W ignore:easy_install command is deprecated setup.py egg_info --egg-base ../../build/trajectory_predictor build --build-base /home/duy/cocarry_ws/build/trajectory_predictor/build install --record /home/duy/cocarry_ws/build/trajectory_predictor/install.log --single-version-externally-managed install_data[0m
[16.644s] [34mcolcon.colcon_core.environment[0m [1;30mLevel 1[0m checking '/home/duy/cocarry_ws/install/trajectory_predictor' for CMake config files
[16.645s] [34mcolcon.colcon_core.environment[0m [1;30mLevel 1[0m checking '/home/duy/cocarry_ws/install/trajectory_predictor/lib'
[16.645s] [34mcolcon.colcon_core.environment[0m [1;30mLevel 1[0m checking '/home/duy/cocarry_ws/install/trajectory_predictor/bin'
[16.645s] [34mcolcon.colcon_core.environment[0m [1;30mLevel 1[0m checking '/home/duy/cocarry_ws/install/trajectory_predictor/lib/pkgconfig/trajectory_predictor.pc'
[16.645s] [34mcolcon.colcon_core.environment[0m [1;30mLevel 1[0m checking '/home/duy/cocarry_ws/install/trajectory_predictor/lib/python3.10/site-packages'
[16.646s] [34mcolcon.colcon_core.shell[0m [1;30mLevel 1[0m create_environment_hook('trajectory_predictor', 'pythonpath')
[16.646s] [34mcolcon.colcon_core.shell[0m [1;30mINFO[0m Creating environment hook '/home/duy/cocarry_ws/install/trajectory_predictor/share/trajectory_predictor/hook/pythonpath.ps1'
[16.647s] [34mcolcon.colcon_core.shell[0m [1;30mINFO[0m Creating environment descriptor '/home/duy/cocarry_ws/install/trajectory_predictor/share/trajectory_predictor/hook/pythonpath.dsv'
[16.647s] [34mcolcon.colcon_core.shell[0m [1;30mINFO[0m Creating environment hook '/home/duy/cocarry_ws/install/trajectory_predictor/share/trajectory_predictor/hook/pythonpath.sh'
[16.649s] [34mcolcon.colcon_core.environment[0m [1;30mLevel 1[0m checking '/home/duy/cocarry_ws/install/trajectory_predictor/bin'
[16.649s] [34mcolcon.colcon_core.environment[0m [1;30mLevel 1[0m create_environment_scripts_only(trajectory_predictor)
[16.650s] [34mcolcon.colcon_core.shell[0m [1;30mINFO[0m Creating package script '/home/duy/cocarry_ws/install/trajectory_predictor/share/trajectory_predictor/package.ps1'
[16.651s] [34mcolcon.colcon_core.shell[0m [1;30mINFO[0m Creating package descriptor '/home/duy/cocarry_ws/install/trajectory_predictor/share/trajectory_predictor/package.dsv'
[16.652s] [34mcolcon.colcon_core.shell[0m [1;30mINFO[0m Creating package script '/home/duy/cocarry_ws/install/trajectory_predictor/share/trajectory_predictor/package.sh'
[16.652s] [34mcolcon.colcon_core.shell[0m [1;30mINFO[0m Creating package script '/home/duy/cocarry_ws/install/trajectory_predictor/share/trajectory_predictor/package.bash'
[16.653s] [34mcolcon.colcon_core.shell[0m [1;30mINFO[0m Creating package script '/home/duy/cocarry_ws/install/trajectory_predictor/share/trajectory_predictor/package.zsh'
[16.654s] [34mcolcon.colcon_core.environment[0m [1;30mLevel 1[0m create_file_with_runtime_dependencies(/home/duy/cocarry_ws/install/trajectory_predictor/share/colcon-core/packages/trajectory_predictor)
[16.689s] [34mcolcon.colcon_core.environment[0m [1;30mLevel 1[0m checking '/home/duy/cocarry_ws/install/experiment_logger' for CMake module files
[16.691s] [34mcolcon.colcon_core.event_handler.log_command[0m [1;30mDEBUG[0m [32mInvoked command in '/home/duy/cocarry_ws/src/experiment_logger' returned '0': CMAKE_PREFIX_PATH=/home/duy/cocarry_ws/install/human_hand_msgs:/home/duy/cocarry_ws/install/hrc_bringup:/home/duy/cocarry_ws/install/trac_ik:/home/duy/cocarry_ws/install/trac_ik_kinematics:/home/duy/cocarry_ws/install/trac_ik_lib:/home/duy/cocarry_ws/install/motoros2_client_interface_dependencies:/home/duy/cocarry_ws/install/hc10dtp_simulation:/home/duy/cocarry_ws/install/motoros2_interfaces:/home/duy/cocarry_ws/install/hc10dtp_bringup:/home/duy/cocarry_ws/install/hc10dtp_moveit_config:/home/duy/cocarry_ws/install/motoman_hc10dtp_support:/home/duy/cocarry_ws/install/motoman_gp4_support:/home/duy/cocarry_ws/install/motoman_resources:/home/duy/cocarry_ws/install/libfreenect2:/home/duy/cocarry_ws/install/kinect2_calibration:/home/duy/cocarry_ws/install/kinect2_bridge:/home/duy/cocarry_ws/install/kinect2_registration:/home/duy/cocarry_ws/install/industrial_msgs LD_LIBRARY_PATH=/home/duy/cocarry_ws/install/human_hand_msgs/lib:/home/duy/cocarry_ws/install/trac_ik_kinematics/lib:/home/duy/cocarry_ws/install/trac_ik_lib/lib:/home/duy/cocarry_ws/install/motoros2_interfaces/lib:/home/duy/cocarry_ws/install/libfreenect2/lib:/home/duy/cocarry_ws/install/kinect2_registration/lib:/home/duy/cocarry_ws/install/industrial_msgs/lib:/usr/local/lib/nuitrack:/usr/lib/x86_64-linux-gnu/gazebo-11/plugins:/opt/ros/humble/opt/rviz_ogre_vendor/lib:/opt/ros/humble/lib/x86_64-linux-gnu:/opt/ros/humble/lib:/usr/local/lib/nuitrack PYTHONPATH=/home/duy/cocarry_ws/build/experiment_logger/prefix_override:/usr/lib/python3/dist-packages/colcon_core/task/python/colcon_distutils_commands:/home/duy/cocarry_ws/install/experiment_logger/lib/python3.10/site-packages:/home/duy/cocarry_ws/install/human_hand_msgs/local/lib/python3.10/dist-packages:/home/duy/cocarry_ws/install/trajectory_predictor/lib/python3.10/site-packages:/home/duy/cocarry_ws/install/rula_tracker/lib/python3.10/site-packages:/home/duy/cocarry_ws/install/realsense_tracker/lib/python3.10/site-packages:/home/duy/cocarry_ws/install/predictor_ui/lib/python3.10/site-packages:/home/duy/cocarry_ws/install/motoros2_interfaces/local/lib/python3.10/dist-packages:/home/duy/cocarry_ws/install/industrial_msgs/local/lib/python3.10/dist-packages:/home/duy/cocarry_ws/install/experiment_logger/lib/python3.10/site-packages:/home/duy/cocarry_ws/install/coord_transform/lib/python3.10/site-packages:/opt/ros/humble/lib/python3.10/site-packages:/opt/ros/humble/local/lib/python3.10/dist-packages /usr/bin/python3 -W ignore:setup.py install is deprecated -W ignore:easy_install command is deprecated setup.py egg_info --egg-base ../../build/experiment_logger build --build-base /home/duy/cocarry_ws/build/experiment_logger/build install --record /home/duy/cocarry_ws/build/experiment_logger/install.log --single-version-externally-managed install_data[0m
[16.692s] [34mcolcon.colcon_core.environment[0m [1;30mLevel 1[0m checking '/home/duy/cocarry_ws/install/experiment_logger' for CMake config files
[16.693s] [34mcolcon.colcon_core.environment[0m [1;30mLevel 1[0m checking '/home/duy/cocarry_ws/install/experiment_logger/lib'
[16.693s] [34mcolcon.colcon_core.environment[0m [1;30mLevel 1[0m checking '/home/duy/cocarry_ws/install/experiment_logger/bin'
[16.694s] [34mcolcon.colcon_core.environment[0m [1;30mLevel 1[0m checking '/home/duy/cocarry_ws/install/experiment_logger/lib/pkgconfig/experiment_logger.pc'
[16.694s] [34mcolcon.colcon_core.environment[0m [1;30mLevel 1[0m checking '/home/duy/cocarry_ws/install/experiment_logger/lib/python3.10/site-packages'
[16.695s] [34mcolcon.colcon_core.shell[0m [1;30mLevel 1[0m create_environment_hook('experiment_logger', 'pythonpath')
[16.695s] [34mcolcon.colcon_core.shell[0m [1;30mINFO[0m Creating environment hook '/home/duy/cocarry_ws/install/experiment_logger/share/experiment_logger/hook/pythonpath.ps1'
[16.697s] [34mcolcon.colcon_core.shell[0m [1;30mINFO[0m Creating environment descriptor '/home/duy/cocarry_ws/install/experiment_logger/share/experiment_logger/hook/pythonpath.dsv'
[16.698s] [34mcolcon.colcon_core.shell[0m [1;30mINFO[0m Creating environment hook '/home/duy/cocarry_ws/install/experiment_logger/share/experiment_logger/hook/pythonpath.sh'
[16.700s] [34mcolcon.colcon_core.environment[0m [1;30mLevel 1[0m checking '/home/duy/cocarry_ws/install/experiment_logger/bin'
[16.700s] [34mcolcon.colcon_core.environment[0m [1;30mLevel 1[0m create_environment_scripts_only(experiment_logger)
[16.701s] [34mcolcon.colcon_core.shell[0m [1;30mINFO[0m Creating package script '/home/duy/cocarry_ws/install/experiment_logger/share/experiment_logger/package.ps1'
[16.703s] [34mcolcon.colcon_core.shell[0m [1;30mINFO[0m Creating package descriptor '/home/duy/cocarry_ws/install/experiment_logger/share/experiment_logger/package.dsv'
[16.704s] [34mcolcon.colcon_core.shell[0m [1;30mINFO[0m Creating package script '/home/duy/cocarry_ws/install/experiment_logger/share/experiment_logger/package.sh'
[16.706s] [34mcolcon.colcon_core.shell[0m [1;30mINFO[0m Creating package script '/home/duy/cocarry_ws/install/experiment_logger/share/experiment_logger/package.bash'
[16.707s] [34mcolcon.colcon_core.shell[0m [1;30mINFO[0m Creating package script '/home/duy/cocarry_ws/install/experiment_logger/share/experiment_logger/package.zsh'
[16.708s] [34mcolcon.colcon_core.environment[0m [1;30mLevel 1[0m create_file_with_runtime_dependencies(/home/duy/cocarry_ws/install/experiment_logger/share/colcon-core/packages/experiment_logger)
[16.711s] [34mcolcon.colcon_core.environment[0m [1;30mLevel 1[0m checking '/home/duy/cocarry_ws/install/predictor_ui' for CMake module files
[16.712s] [34mcolcon.colcon_core.environment[0m [1;30mLevel 1[0m checking '/home/duy/cocarry_ws/install/predictor_ui' for CMake config files
[16.713s] [34mcolcon.colcon_core.event_handler.log_command[0m [1;30mDEBUG[0m [32mInvoked command in '/home/duy/cocarry_ws/src/predictor_ui' returned '0': CMAKE_PREFIX_PATH=/home/duy/cocarry_ws/install/human_hand_msgs:/home/duy/cocarry_ws/install/hrc_bringup:/home/duy/cocarry_ws/install/trac_ik:/home/duy/cocarry_ws/install/trac_ik_kinematics:/home/duy/cocarry_ws/install/trac_ik_lib:/home/duy/cocarry_ws/install/motoros2_client_interface_dependencies:/home/duy/cocarry_ws/install/hc10dtp_simulation:/home/duy/cocarry_ws/install/motoros2_interfaces:/home/duy/cocarry_ws/install/hc10dtp_bringup:/home/duy/cocarry_ws/install/hc10dtp_moveit_config:/home/duy/cocarry_ws/install/motoman_hc10dtp_support:/home/duy/cocarry_ws/install/motoman_gp4_support:/home/duy/cocarry_ws/install/motoman_resources:/home/duy/cocarry_ws/install/libfreenect2:/home/duy/cocarry_ws/install/kinect2_calibration:/home/duy/cocarry_ws/install/kinect2_bridge:/home/duy/cocarry_ws/install/kinect2_registration:/home/duy/cocarry_ws/install/industrial_msgs LD_LIBRARY_PATH=/home/duy/cocarry_ws/install/human_hand_msgs/lib:/home/duy/cocarry_ws/install/trac_ik_kinematics/lib:/home/duy/cocarry_ws/install/trac_ik_lib/lib:/home/duy/cocarry_ws/install/motoros2_interfaces/lib:/home/duy/cocarry_ws/install/libfreenect2/lib:/home/duy/cocarry_ws/install/kinect2_registration/lib:/home/duy/cocarry_ws/install/industrial_msgs/lib:/usr/local/lib/nuitrack:/usr/lib/x86_64-linux-gnu/gazebo-11/plugins:/opt/ros/humble/opt/rviz_ogre_vendor/lib:/opt/ros/humble/lib/x86_64-linux-gnu:/opt/ros/humble/lib:/usr/local/lib/nuitrack PYTHONPATH=/home/duy/cocarry_ws/build/predictor_ui/prefix_override:/usr/lib/python3/dist-packages/colcon_core/task/python/colcon_distutils_commands:/home/duy/cocarry_ws/install/predictor_ui/lib/python3.10/site-packages:/home/duy/cocarry_ws/install/human_hand_msgs/local/lib/python3.10/dist-packages:/home/duy/cocarry_ws/install/trajectory_predictor/lib/python3.10/site-packages:/home/duy/cocarry_ws/install/rula_tracker/lib/python3.10/site-packages:/home/duy/cocarry_ws/install/realsense_tracker/lib/python3.10/site-packages:/home/duy/cocarry_ws/install/predictor_ui/lib/python3.10/site-packages:/home/duy/cocarry_ws/install/motoros2_interfaces/local/lib/python3.10/dist-packages:/home/duy/cocarry_ws/install/industrial_msgs/local/lib/python3.10/dist-packages:/home/duy/cocarry_ws/install/experiment_logger/lib/python3.10/site-packages:/home/duy/cocarry_ws/install/coord_transform/lib/python3.10/site-packages:/opt/ros/humble/lib/python3.10/site-packages:/opt/ros/humble/local/lib/python3.10/dist-packages /usr/bin/python3 -W ignore:setup.py install is deprecated -W ignore:easy_install command is deprecated setup.py egg_info --egg-base ../../build/predictor_ui build --build-base /home/duy/cocarry_ws/build/predictor_ui/build install --record /home/duy/cocarry_ws/build/predictor_ui/install.log --single-version-externally-managed install_data[0m
[16.714s] [34mcolcon.colcon_core.environment[0m [1;30mLevel 1[0m checking '/home/duy/cocarry_ws/install/predictor_ui/lib'
[16.714s] [34mcolcon.colcon_core.environment[0m [1;30mLevel 1[0m checking '/home/duy/cocarry_ws/install/predictor_ui/bin'
[16.714s] [34mcolcon.colcon_core.environment[0m [1;30mLevel 1[0m checking '/home/duy/cocarry_ws/install/predictor_ui/lib/pkgconfig/predictor_ui.pc'
[16.714s] [34mcolcon.colcon_core.environment[0m [1;30mLevel 1[0m checking '/home/duy/cocarry_ws/install/predictor_ui/lib/python3.10/site-packages'
[16.714s] [34mcolcon.colcon_core.shell[0m [1;30mLevel 1[0m create_environment_hook('predictor_ui', 'pythonpath')
[16.715s] [34mcolcon.colcon_core.shell[0m [1;30mINFO[0m Creating environment hook '/home/duy/cocarry_ws/install/predictor_ui/share/predictor_ui/hook/pythonpath.ps1'
[16.716s] [34mcolcon.colcon_core.shell[0m [1;30mINFO[0m Creating environment descriptor '/home/duy/cocarry_ws/install/predictor_ui/share/predictor_ui/hook/pythonpath.dsv'
[16.716s] [34mcolcon.colcon_core.shell[0m [1;30mINFO[0m Creating environment hook '/home/duy/cocarry_ws/install/predictor_ui/share/predictor_ui/hook/pythonpath.sh'
[16.717s] [34mcolcon.colcon_core.environment[0m [1;30mLevel 1[0m checking '/home/duy/cocarry_ws/install/predictor_ui/bin'
[16.717s] [34mcolcon.colcon_core.environment[0m [1;30mLevel 1[0m create_environment_scripts_only(predictor_ui)
[16.718s] [34mcolcon.colcon_core.shell[0m [1;30mINFO[0m Creating package script '/home/duy/cocarry_ws/install/predictor_ui/share/predictor_ui/package.ps1'
[16.719s] [34mcolcon.colcon_core.shell[0m [1;30mINFO[0m Creating package descriptor '/home/duy/cocarry_ws/install/predictor_ui/share/predictor_ui/package.dsv'
[16.719s] [34mcolcon.colcon_core.shell[0m [1;30mINFO[0m Creating package script '/home/duy/cocarry_ws/install/predictor_ui/share/predictor_ui/package.sh'
[16.720s] [34mcolcon.colcon_core.shell[0m [1;30mINFO[0m Creating package script '/home/duy/cocarry_ws/install/predictor_ui/share/predictor_ui/package.bash'
[16.721s] [34mcolcon.colcon_core.shell[0m [1;30mINFO[0m Creating package script '/home/duy/cocarry_ws/install/predictor_ui/share/predictor_ui/package.zsh'
[16.721s] [34mcolcon.colcon_core.environment[0m [1;30mLevel 1[0m create_file_with_runtime_dependencies(/home/duy/cocarry_ws/install/predictor_ui/share/colcon-core/packages/predictor_ui)
[16.722s] [34mcolcon.colcon_ros.task.ament_cmake.build[0m [1;30mINFO[0m Building ROS package in '/home/duy/cocarry_ws/src/hrc_bringup' with build type 'ament_cmake'
[16.722s] [34mcolcon.colcon_cmake.task.cmake.build[0m [1;30mINFO[0m Building CMake package in '/home/duy/cocarry_ws/src/hrc_bringup'
[16.722s] [34mcolcon.colcon_core.shell[0m [1;30mINFO[0m Skip shell extension 'powershell' for command environment: Not usable outside of PowerShell
[16.722s] [34mcolcon.colcon_core.shell[0m [1;30mDEBUG[0m [32mSkip shell extension 'dsv' for command environment[0m
[16.775s] [34mcolcon.colcon_core.event_handler.log_command[0m [1;30mDEBUG[0m [32mInvoking command in '/home/duy/cocarry_ws/build/hrc_bringup': AMENT_PREFIX_PATH=/home/duy/cocarry_ws/install/trajectory_predictor:/home/duy/cocarry_ws/install/realsense_tracker:/home/duy/cocarry_ws/install/predictor_ui:/home/duy/cocarry_ws/install/experiment_logger:/home/duy/cocarry_ws/install/coord_transform:/home/duy/cocarry_ws/install/hrc_bringup:/home/duy/cocarry_ws/install/trac_ik:/home/duy/cocarry_ws/install/trac_ik_kinematics:/home/duy/cocarry_ws/install/trac_ik_lib:/home/duy/cocarry_ws/install/rula_tracker:/home/duy/cocarry_ws/install/motoros2_client_interface_dependencies:/home/duy/cocarry_ws/install/hc10dtp_simulation:/home/duy/cocarry_ws/install/motoros2_interfaces:/home/duy/cocarry_ws/install/hc10dtp_bringup:/home/duy/cocarry_ws/install/hc10dtp_moveit_config:/home/duy/cocarry_ws/install/motoman_hc10dtp_support:/home/duy/cocarry_ws/install/motoman_gp4_support:/home/duy/cocarry_ws/install/motoman_resources:/home/duy/cocarry_ws/install/kinect2_calibration:/home/duy/cocarry_ws/install/kinect2_bridge:/home/duy/cocarry_ws/install/kinect2_registration:/home/duy/cocarry_ws/install/industrial_msgs:/opt/ros/humble CMAKE_PREFIX_PATH=/home/duy/cocarry_ws/install/hc10dtp_simulation:/home/duy/cocarry_ws/install/hc10dtp_bringup:/home/duy/cocarry_ws/install/hc10dtp_moveit_config:/home/duy/cocarry_ws/install/motoman_hc10dtp_support:/home/duy/cocarry_ws/install/motoros2_interfaces:/home/duy/cocarry_ws/install/motoman_resources:/home/duy/cocarry_ws/install/trajectory_predictor:/home/duy/cocarry_ws/install/rula_tracker:/home/duy/cocarry_ws/install/realsense_tracker:/home/duy/cocarry_ws/install/predictor_ui:/home/duy/cocarry_ws/install/experiment_logger:/home/duy/cocarry_ws/install/coord_transform:/opt/ros/humble:/home/duy/cocarry_ws/install/human_hand_msgs:/home/duy/cocarry_ws/install/hrc_bringup:/home/duy/cocarry_ws/install/trac_ik:/home/duy/cocarry_ws/install/trac_ik_kinematics:/home/duy/cocarry_ws/install/trac_ik_lib:/home/duy/cocarry_ws/install/motoros2_client_interface_dependencies:/home/duy/cocarry_ws/install/motoman_gp4_support:/home/duy/cocarry_ws/install/libfreenect2:/home/duy/cocarry_ws/install/kinect2_calibration:/home/duy/cocarry_ws/install/kinect2_bridge:/home/duy/cocarry_ws/install/kinect2_registration:/home/duy/cocarry_ws/install/industrial_msgs LD_LIBRARY_PATH=/home/duy/cocarry_ws/install/motoros2_interfaces/lib:/home/duy/cocarry_ws/install/human_hand_msgs/lib:/home/duy/cocarry_ws/install/trac_ik_kinematics/lib:/home/duy/cocarry_ws/install/trac_ik_lib/lib:/home/duy/cocarry_ws/install/libfreenect2/lib:/home/duy/cocarry_ws/install/kinect2_registration/lib:/home/duy/cocarry_ws/install/industrial_msgs/lib:/usr/local/lib/nuitrack:/usr/lib/x86_64-linux-gnu/gazebo-11/plugins:/opt/ros/humble/opt/rviz_ogre_vendor/lib:/opt/ros/humble/lib/x86_64-linux-gnu:/opt/ros/humble/lib:/usr/local/lib/nuitrack PYTHONPATH=/home/duy/cocarry_ws/install/trajectory_predictor/lib/python3.10/site-packages:/home/duy/cocarry_ws/install/realsense_tracker/lib/python3.10/site-packages:/home/duy/cocarry_ws/install/predictor_ui/lib/python3.10/site-packages:/home/duy/cocarry_ws/install/experiment_logger/lib/python3.10/site-packages:/home/duy/cocarry_ws/install/coord_transform/lib/python3.10/site-packages:/home/duy/cocarry_ws/install/human_hand_msgs/local/lib/python3.10/dist-packages:/home/duy/cocarry_ws/install/rula_tracker/lib/python3.10/site-packages:/home/duy/cocarry_ws/install/motoros2_interfaces/local/lib/python3.10/dist-packages:/home/duy/cocarry_ws/install/industrial_msgs/local/lib/python3.10/dist-packages:/opt/ros/humble/lib/python3.10/site-packages:/opt/ros/humble/local/lib/python3.10/dist-packages /usr/bin/cmake --build /home/duy/cocarry_ws/build/hrc_bringup -- -j16 -l16[0m
[16.852s] [34mcolcon.colcon_core.event_handler.log_command[0m [1;30mDEBUG[0m [32mInvoked command in '/home/duy/cocarry_ws/build/hrc_bringup' returned '0': AMENT_PREFIX_PATH=/home/duy/cocarry_ws/install/trajectory_predictor:/home/duy/cocarry_ws/install/realsense_tracker:/home/duy/cocarry_ws/install/predictor_ui:/home/duy/cocarry_ws/install/experiment_logger:/home/duy/cocarry_ws/install/coord_transform:/home/duy/cocarry_ws/install/hrc_bringup:/home/duy/cocarry_ws/install/trac_ik:/home/duy/cocarry_ws/install/trac_ik_kinematics:/home/duy/cocarry_ws/install/trac_ik_lib:/home/duy/cocarry_ws/install/rula_tracker:/home/duy/cocarry_ws/install/motoros2_client_interface_dependencies:/home/duy/cocarry_ws/install/hc10dtp_simulation:/home/duy/cocarry_ws/install/motoros2_interfaces:/home/duy/cocarry_ws/install/hc10dtp_bringup:/home/duy/cocarry_ws/install/hc10dtp_moveit_config:/home/duy/cocarry_ws/install/motoman_hc10dtp_support:/home/duy/cocarry_ws/install/motoman_gp4_support:/home/duy/cocarry_ws/install/motoman_resources:/home/duy/cocarry_ws/install/kinect2_calibration:/home/duy/cocarry_ws/install/kinect2_bridge:/home/duy/cocarry_ws/install/kinect2_registration:/home/duy/cocarry_ws/install/industrial_msgs:/opt/ros/humble CMAKE_PREFIX_PATH=/home/duy/cocarry_ws/install/hc10dtp_simulation:/home/duy/cocarry_ws/install/hc10dtp_bringup:/home/duy/cocarry_ws/install/hc10dtp_moveit_config:/home/duy/cocarry_ws/install/motoman_hc10dtp_support:/home/duy/cocarry_ws/install/motoros2_interfaces:/home/duy/cocarry_ws/install/motoman_resources:/home/duy/cocarry_ws/install/trajectory_predictor:/home/duy/cocarry_ws/install/rula_tracker:/home/duy/cocarry_ws/install/realsense_tracker:/home/duy/cocarry_ws/install/predictor_ui:/home/duy/cocarry_ws/install/experiment_logger:/home/duy/cocarry_ws/install/coord_transform:/opt/ros/humble:/home/duy/cocarry_ws/install/human_hand_msgs:/home/duy/cocarry_ws/install/hrc_bringup:/home/duy/cocarry_ws/install/trac_ik:/home/duy/cocarry_ws/install/trac_ik_kinematics:/home/duy/cocarry_ws/install/trac_ik_lib:/home/duy/cocarry_ws/install/motoros2_client_interface_dependencies:/home/duy/cocarry_ws/install/motoman_gp4_support:/home/duy/cocarry_ws/install/libfreenect2:/home/duy/cocarry_ws/install/kinect2_calibration:/home/duy/cocarry_ws/install/kinect2_bridge:/home/duy/cocarry_ws/install/kinect2_registration:/home/duy/cocarry_ws/install/industrial_msgs LD_LIBRARY_PATH=/home/duy/cocarry_ws/install/motoros2_interfaces/lib:/home/duy/cocarry_ws/install/human_hand_msgs/lib:/home/duy/cocarry_ws/install/trac_ik_kinematics/lib:/home/duy/cocarry_ws/install/trac_ik_lib/lib:/home/duy/cocarry_ws/install/libfreenect2/lib:/home/duy/cocarry_ws/install/kinect2_registration/lib:/home/duy/cocarry_ws/install/industrial_msgs/lib:/usr/local/lib/nuitrack:/usr/lib/x86_64-linux-gnu/gazebo-11/plugins:/opt/ros/humble/opt/rviz_ogre_vendor/lib:/opt/ros/humble/lib/x86_64-linux-gnu:/opt/ros/humble/lib:/usr/local/lib/nuitrack PYTHONPATH=/home/duy/cocarry_ws/install/trajectory_predictor/lib/python3.10/site-packages:/home/duy/cocarry_ws/install/realsense_tracker/lib/python3.10/site-packages:/home/duy/cocarry_ws/install/predictor_ui/lib/python3.10/site-packages:/home/duy/cocarry_ws/install/experiment_logger/lib/python3.10/site-packages:/home/duy/cocarry_ws/install/coord_transform/lib/python3.10/site-packages:/home/duy/cocarry_ws/install/human_hand_msgs/local/lib/python3.10/dist-packages:/home/duy/cocarry_ws/install/rula_tracker/lib/python3.10/site-packages:/home/duy/cocarry_ws/install/motoros2_interfaces/local/lib/python3.10/dist-packages:/home/duy/cocarry_ws/install/industrial_msgs/local/lib/python3.10/dist-packages:/opt/ros/humble/lib/python3.10/site-packages:/opt/ros/humble/local/lib/python3.10/dist-packages /usr/bin/cmake --build /home/duy/cocarry_ws/build/hrc_bringup -- -j16 -l16[0m
[16.856s] [34mcolcon.colcon_core.event_handler.log_command[0m [1;30mDEBUG[0m [32mInvoking command in '/home/duy/cocarry_ws/build/hrc_bringup': AMENT_PREFIX_PATH=/home/duy/cocarry_ws/install/trajectory_predictor:/home/duy/cocarry_ws/install/realsense_tracker:/home/duy/cocarry_ws/install/predictor_ui:/home/duy/cocarry_ws/install/experiment_logger:/home/duy/cocarry_ws/install/coord_transform:/home/duy/cocarry_ws/install/hrc_bringup:/home/duy/cocarry_ws/install/trac_ik:/home/duy/cocarry_ws/install/trac_ik_kinematics:/home/duy/cocarry_ws/install/trac_ik_lib:/home/duy/cocarry_ws/install/rula_tracker:/home/duy/cocarry_ws/install/motoros2_client_interface_dependencies:/home/duy/cocarry_ws/install/hc10dtp_simulation:/home/duy/cocarry_ws/install/motoros2_interfaces:/home/duy/cocarry_ws/install/hc10dtp_bringup:/home/duy/cocarry_ws/install/hc10dtp_moveit_config:/home/duy/cocarry_ws/install/motoman_hc10dtp_support:/home/duy/cocarry_ws/install/motoman_gp4_support:/home/duy/cocarry_ws/install/motoman_resources:/home/duy/cocarry_ws/install/kinect2_calibration:/home/duy/cocarry_ws/install/kinect2_bridge:/home/duy/cocarry_ws/install/kinect2_registration:/home/duy/cocarry_ws/install/industrial_msgs:/opt/ros/humble CMAKE_PREFIX_PATH=/home/duy/cocarry_ws/install/hc10dtp_simulation:/home/duy/cocarry_ws/install/hc10dtp_bringup:/home/duy/cocarry_ws/install/hc10dtp_moveit_config:/home/duy/cocarry_ws/install/motoman_hc10dtp_support:/home/duy/cocarry_ws/install/motoros2_interfaces:/home/duy/cocarry_ws/install/motoman_resources:/home/duy/cocarry_ws/install/trajectory_predictor:/home/duy/cocarry_ws/install/rula_tracker:/home/duy/cocarry_ws/install/realsense_tracker:/home/duy/cocarry_ws/install/predictor_ui:/home/duy/cocarry_ws/install/experiment_logger:/home/duy/cocarry_ws/install/coord_transform:/opt/ros/humble:/home/duy/cocarry_ws/install/human_hand_msgs:/home/duy/cocarry_ws/install/hrc_bringup:/home/duy/cocarry_ws/install/trac_ik:/home/duy/cocarry_ws/install/trac_ik_kinematics:/home/duy/cocarry_ws/install/trac_ik_lib:/home/duy/cocarry_ws/install/motoros2_client_interface_dependencies:/home/duy/cocarry_ws/install/motoman_gp4_support:/home/duy/cocarry_ws/install/libfreenect2:/home/duy/cocarry_ws/install/kinect2_calibration:/home/duy/cocarry_ws/install/kinect2_bridge:/home/duy/cocarry_ws/install/kinect2_registration:/home/duy/cocarry_ws/install/industrial_msgs LD_LIBRARY_PATH=/home/duy/cocarry_ws/install/motoros2_interfaces/lib:/home/duy/cocarry_ws/install/human_hand_msgs/lib:/home/duy/cocarry_ws/install/trac_ik_kinematics/lib:/home/duy/cocarry_ws/install/trac_ik_lib/lib:/home/duy/cocarry_ws/install/libfreenect2/lib:/home/duy/cocarry_ws/install/kinect2_registration/lib:/home/duy/cocarry_ws/install/industrial_msgs/lib:/usr/local/lib/nuitrack:/usr/lib/x86_64-linux-gnu/gazebo-11/plugins:/opt/ros/humble/opt/rviz_ogre_vendor/lib:/opt/ros/humble/lib/x86_64-linux-gnu:/opt/ros/humble/lib:/usr/local/lib/nuitrack PYTHONPATH=/home/duy/cocarry_ws/install/trajectory_predictor/lib/python3.10/site-packages:/home/duy/cocarry_ws/install/realsense_tracker/lib/python3.10/site-packages:/home/duy/cocarry_ws/install/predictor_ui/lib/python3.10/site-packages:/home/duy/cocarry_ws/install/experiment_logger/lib/python3.10/site-packages:/home/duy/cocarry_ws/install/coord_transform/lib/python3.10/site-packages:/home/duy/cocarry_ws/install/human_hand_msgs/local/lib/python3.10/dist-packages:/home/duy/cocarry_ws/install/rula_tracker/lib/python3.10/site-packages:/home/duy/cocarry_ws/install/motoros2_interfaces/local/lib/python3.10/dist-packages:/home/duy/cocarry_ws/install/industrial_msgs/local/lib/python3.10/dist-packages:/opt/ros/humble/lib/python3.10/site-packages:/opt/ros/humble/local/lib/python3.10/dist-packages /usr/bin/cmake --install /home/duy/cocarry_ws/build/hrc_bringup[0m
[16.927s] [34mcolcon.colcon_core.environment[0m [1;30mLevel 1[0m create_environment_scripts_only(hrc_bringup)
[16.928s] [34mcolcon.colcon_core.environment[0m [1;30mLevel 1[0m checking '/home/duy/cocarry_ws/install/hrc_bringup' for CMake module files
[16.929s] [34mcolcon.colcon_core.event_handler.log_command[0m [1;30mDEBUG[0m [32mInvoked command in '/home/duy/cocarry_ws/build/hrc_bringup' returned '0': AMENT_PREFIX_PATH=/home/duy/cocarry_ws/install/trajectory_predictor:/home/duy/cocarry_ws/install/realsense_tracker:/home/duy/cocarry_ws/install/predictor_ui:/home/duy/cocarry_ws/install/experiment_logger:/home/duy/cocarry_ws/install/coord_transform:/home/duy/cocarry_ws/install/hrc_bringup:/home/duy/cocarry_ws/install/trac_ik:/home/duy/cocarry_ws/install/trac_ik_kinematics:/home/duy/cocarry_ws/install/trac_ik_lib:/home/duy/cocarry_ws/install/rula_tracker:/home/duy/cocarry_ws/install/motoros2_client_interface_dependencies:/home/duy/cocarry_ws/install/hc10dtp_simulation:/home/duy/cocarry_ws/install/motoros2_interfaces:/home/duy/cocarry_ws/install/hc10dtp_bringup:/home/duy/cocarry_ws/install/hc10dtp_moveit_config:/home/duy/cocarry_ws/install/motoman_hc10dtp_support:/home/duy/cocarry_ws/install/motoman_gp4_support:/home/duy/cocarry_ws/install/motoman_resources:/home/duy/cocarry_ws/install/kinect2_calibration:/home/duy/cocarry_ws/install/kinect2_bridge:/home/duy/cocarry_ws/install/kinect2_registration:/home/duy/cocarry_ws/install/industrial_msgs:/opt/ros/humble CMAKE_PREFIX_PATH=/home/duy/cocarry_ws/install/hc10dtp_simulation:/home/duy/cocarry_ws/install/hc10dtp_bringup:/home/duy/cocarry_ws/install/hc10dtp_moveit_config:/home/duy/cocarry_ws/install/motoman_hc10dtp_support:/home/duy/cocarry_ws/install/motoros2_interfaces:/home/duy/cocarry_ws/install/motoman_resources:/home/duy/cocarry_ws/install/trajectory_predictor:/home/duy/cocarry_ws/install/rula_tracker:/home/duy/cocarry_ws/install/realsense_tracker:/home/duy/cocarry_ws/install/predictor_ui:/home/duy/cocarry_ws/install/experiment_logger:/home/duy/cocarry_ws/install/coord_transform:/opt/ros/humble:/home/duy/cocarry_ws/install/human_hand_msgs:/home/duy/cocarry_ws/install/hrc_bringup:/home/duy/cocarry_ws/install/trac_ik:/home/duy/cocarry_ws/install/trac_ik_kinematics:/home/duy/cocarry_ws/install/trac_ik_lib:/home/duy/cocarry_ws/install/motoros2_client_interface_dependencies:/home/duy/cocarry_ws/install/motoman_gp4_support:/home/duy/cocarry_ws/install/libfreenect2:/home/duy/cocarry_ws/install/kinect2_calibration:/home/duy/cocarry_ws/install/kinect2_bridge:/home/duy/cocarry_ws/install/kinect2_registration:/home/duy/cocarry_ws/install/industrial_msgs LD_LIBRARY_PATH=/home/duy/cocarry_ws/install/motoros2_interfaces/lib:/home/duy/cocarry_ws/install/human_hand_msgs/lib:/home/duy/cocarry_ws/install/trac_ik_kinematics/lib:/home/duy/cocarry_ws/install/trac_ik_lib/lib:/home/duy/cocarry_ws/install/libfreenect2/lib:/home/duy/cocarry_ws/install/kinect2_registration/lib:/home/duy/cocarry_ws/install/industrial_msgs/lib:/usr/local/lib/nuitrack:/usr/lib/x86_64-linux-gnu/gazebo-11/plugins:/opt/ros/humble/opt/rviz_ogre_vendor/lib:/opt/ros/humble/lib/x86_64-linux-gnu:/opt/ros/humble/lib:/usr/local/lib/nuitrack PYTHONPATH=/home/duy/cocarry_ws/install/trajectory_predictor/lib/python3.10/site-packages:/home/duy/cocarry_ws/install/realsense_tracker/lib/python3.10/site-packages:/home/duy/cocarry_ws/install/predictor_ui/lib/python3.10/site-packages:/home/duy/cocarry_ws/install/experiment_logger/lib/python3.10/site-packages:/home/duy/cocarry_ws/install/coord_transform/lib/python3.10/site-packages:/home/duy/cocarry_ws/install/human_hand_msgs/local/lib/python3.10/dist-packages:/home/duy/cocarry_ws/install/rula_tracker/lib/python3.10/site-packages:/home/duy/cocarry_ws/install/motoros2_interfaces/local/lib/python3.10/dist-packages:/home/duy/cocarry_ws/install/industrial_msgs/local/lib/python3.10/dist-packages:/opt/ros/humble/lib/python3.10/site-packages:/opt/ros/humble/local/lib/python3.10/dist-packages /usr/bin/cmake --install /home/duy/cocarry_ws/build/hrc_bringup[0m
[16.930s] [34mcolcon.colcon_core.environment[0m [1;30mLevel 1[0m checking '/home/duy/cocarry_ws/install/hrc_bringup' for CMake config files
[16.931s] [34mcolcon.colcon_core.shell[0m [1;30mLevel 1[0m create_environment_hook('hrc_bringup', 'cmake_prefix_path')
[16.931s] [34mcolcon.colcon_core.shell[0m [1;30mINFO[0m Creating environment hook '/home/duy/cocarry_ws/install/hrc_bringup/share/hrc_bringup/hook/cmake_prefix_path.ps1'
[16.932s] [34mcolcon.colcon_core.shell[0m [1;30mINFO[0m Creating environment descriptor '/home/duy/cocarry_ws/install/hrc_bringup/share/hrc_bringup/hook/cmake_prefix_path.dsv'
[16.933s] [34mcolcon.colcon_core.shell[0m [1;30mINFO[0m Creating environment hook '/home/duy/cocarry_ws/install/hrc_bringup/share/hrc_bringup/hook/cmake_prefix_path.sh'
[16.935s] [34mcolcon.colcon_core.environment[0m [1;30mLevel 1[0m checking '/home/duy/cocarry_ws/install/hrc_bringup/bin'
[16.935s] [34mcolcon.colcon_core.environment[0m [1;30mLevel 1[0m checking '/home/duy/cocarry_ws/install/hrc_bringup/lib/pkgconfig/hrc_bringup.pc'
[16.936s] [34mcolcon.colcon_core.environment[0m [1;30mLevel 1[0m checking '/home/duy/cocarry_ws/install/hrc_bringup/lib/python3.10/site-packages'
[16.937s] [34mcolcon.colcon_core.environment[0m [1;30mLevel 1[0m checking '/home/duy/cocarry_ws/install/hrc_bringup/bin'
[16.938s] [34mcolcon.colcon_core.shell[0m [1;30mINFO[0m Creating package script '/home/duy/cocarry_ws/install/hrc_bringup/share/hrc_bringup/package.ps1'
[16.939s] [34mcolcon.colcon_core.shell[0m [1;30mINFO[0m Creating package descriptor '/home/duy/cocarry_ws/install/hrc_bringup/share/hrc_bringup/package.dsv'
[16.939s] [34mcolcon.colcon_core.shell[0m [1;30mINFO[0m Creating package script '/home/duy/cocarry_ws/install/hrc_bringup/share/hrc_bringup/package.sh'
[16.940s] [34mcolcon.colcon_core.shell[0m [1;30mINFO[0m Creating package script '/home/duy/cocarry_ws/install/hrc_bringup/share/hrc_bringup/package.bash'
[16.940s] [34mcolcon.colcon_core.shell[0m [1;30mINFO[0m Creating package script '/home/duy/cocarry_ws/install/hrc_bringup/share/hrc_bringup/package.zsh'
[16.941s] [34mcolcon.colcon_core.environment[0m [1;30mLevel 1[0m create_file_with_runtime_dependencies(/home/duy/cocarry_ws/install/hrc_bringup/share/colcon-core/packages/hrc_bringup)
[16.942s] [34mcolcon.colcon_core.environment[0m [1;30mLevel 1[0m create_environment_scripts_only(hrc_bringup)
[16.942s] [34mcolcon.colcon_core.environment[0m [1;30mLevel 1[0m checking '/home/duy/cocarry_ws/install/hrc_bringup' for CMake module files
[16.943s] [34mcolcon.colcon_core.environment[0m [1;30mLevel 1[0m checking '/home/duy/cocarry_ws/install/hrc_bringup' for CMake config files
[16.943s] [34mcolcon.colcon_core.shell[0m [1;30mLevel 1[0m create_environment_hook('hrc_bringup', 'cmake_prefix_path')
[16.943s] [34mcolcon.colcon_core.shell[0m [1;30mINFO[0m Creating environment hook '/home/duy/cocarry_ws/install/hrc_bringup/share/hrc_bringup/hook/cmake_prefix_path.ps1'
[16.944s] [34mcolcon.colcon_core.shell[0m [1;30mINFO[0m Creating environment descriptor '/home/duy/cocarry_ws/install/hrc_bringup/share/hrc_bringup/hook/cmake_prefix_path.dsv'
[16.944s] [34mcolcon.colcon_core.shell[0m [1;30mINFO[0m Creating environment hook '/home/duy/cocarry_ws/install/hrc_bringup/share/hrc_bringup/hook/cmake_prefix_path.sh'
[16.945s] [34mcolcon.colcon_core.environment[0m [1;30mLevel 1[0m checking '/home/duy/cocarry_ws/install/hrc_bringup/bin'
[16.945s] [34mcolcon.colcon_core.environment[0m [1;30mLevel 1[0m checking '/home/duy/cocarry_ws/install/hrc_bringup/lib/pkgconfig/hrc_bringup.pc'
[16.946s] [34mcolcon.colcon_core.environment[0m [1;30mLevel 1[0m checking '/home/duy/cocarry_ws/install/hrc_bringup/lib/python3.10/site-packages'
[16.946s] [34mcolcon.colcon_core.environment[0m [1;30mLevel 1[0m checking '/home/duy/cocarry_ws/install/hrc_bringup/bin'
[16.947s] [34mcolcon.colcon_core.shell[0m [1;30mINFO[0m Creating package script '/home/duy/cocarry_ws/install/hrc_bringup/share/hrc_bringup/package.ps1'
[16.948s] [34mcolcon.colcon_core.shell[0m [1;30mINFO[0m Creating package descriptor '/home/duy/cocarry_ws/install/hrc_bringup/share/hrc_bringup/package.dsv'
[16.948s] [34mcolcon.colcon_core.shell[0m [1;30mINFO[0m Creating package script '/home/duy/cocarry_ws/install/hrc_bringup/share/hrc_bringup/package.sh'
[16.949s] [34mcolcon.colcon_core.shell[0m [1;30mINFO[0m Creating package script '/home/duy/cocarry_ws/install/hrc_bringup/share/hrc_bringup/package.bash'
[16.949s] [34mcolcon.colcon_core.shell[0m [1;30mINFO[0m Creating package script '/home/duy/cocarry_ws/install/hrc_bringup/share/hrc_bringup/package.zsh'
[16.950s] [34mcolcon.colcon_core.environment[0m [1;30mLevel 1[0m create_file_with_runtime_dependencies(/home/duy/cocarry_ws/install/hrc_bringup/share/colcon-core/packages/hrc_bringup)
[17.173s] [34mcolcon.colcon_core.event_handler.log_command[0m [1;30mDEBUG[0m [32mInvoked command in '/home/duy/cocarry_ws/build/kinect2_registration' returned '0': CMAKE_PREFIX_PATH=/home/duy/cocarry_ws/install/hrc_bringup:/home/duy/cocarry_ws/install/trac_ik:/home/duy/cocarry_ws/install/trac_ik_kinematics:/home/duy/cocarry_ws/install/trac_ik_lib:/home/duy/cocarry_ws/install/motoros2_client_interface_dependencies:/home/duy/cocarry_ws/install/hc10dtp_simulation:/home/duy/cocarry_ws/install/motoros2_interfaces:/home/duy/cocarry_ws/install/hc10dtp_bringup:/home/duy/cocarry_ws/install/hc10dtp_moveit_config:/home/duy/cocarry_ws/install/motoman_hc10dtp_support:/home/duy/cocarry_ws/install/motoman_gp4_support:/home/duy/cocarry_ws/install/motoman_resources:/home/duy/cocarry_ws/install/libfreenect2:/home/duy/cocarry_ws/install/kinect2_calibration:/home/duy/cocarry_ws/install/kinect2_bridge:/home/duy/cocarry_ws/install/kinect2_registration:/home/duy/cocarry_ws/install/industrial_msgs:/home/duy/cocarry_ws/install/trajectory_predictor:/home/duy/cocarry_ws/install/rula_tracker:/home/duy/cocarry_ws/install/realsense_tracker:/home/duy/cocarry_ws/install/predictor_ui:/home/duy/cocarry_ws/install/experiment_logger:/home/duy/cocarry_ws/install/coord_transform:/opt/ros/humble:/home/duy/cocarry_ws/install/human_hand_msgs /usr/bin/cmake --build /home/duy/cocarry_ws/build/kinect2_registration -- -j16 -l16[0m
[17.178s] [34mcolcon.colcon_core.event_handler.log_command[0m [1;30mDEBUG[0m [32mInvoking command in '/home/duy/cocarry_ws/build/kinect2_registration': CMAKE_PREFIX_PATH=/home/duy/cocarry_ws/install/hrc_bringup:/home/duy/cocarry_ws/install/trac_ik:/home/duy/cocarry_ws/install/trac_ik_kinematics:/home/duy/cocarry_ws/install/trac_ik_lib:/home/duy/cocarry_ws/install/motoros2_client_interface_dependencies:/home/duy/cocarry_ws/install/hc10dtp_simulation:/home/duy/cocarry_ws/install/motoros2_interfaces:/home/duy/cocarry_ws/install/hc10dtp_bringup:/home/duy/cocarry_ws/install/hc10dtp_moveit_config:/home/duy/cocarry_ws/install/motoman_hc10dtp_support:/home/duy/cocarry_ws/install/motoman_gp4_support:/home/duy/cocarry_ws/install/motoman_resources:/home/duy/cocarry_ws/install/libfreenect2:/home/duy/cocarry_ws/install/kinect2_calibration:/home/duy/cocarry_ws/install/kinect2_bridge:/home/duy/cocarry_ws/install/kinect2_registration:/home/duy/cocarry_ws/install/industrial_msgs:/home/duy/cocarry_ws/install/trajectory_predictor:/home/duy/cocarry_ws/install/rula_tracker:/home/duy/cocarry_ws/install/realsense_tracker:/home/duy/cocarry_ws/install/predictor_ui:/home/duy/cocarry_ws/install/experiment_logger:/home/duy/cocarry_ws/install/coord_transform:/opt/ros/humble:/home/duy/cocarry_ws/install/human_hand_msgs /usr/bin/cmake --install /home/duy/cocarry_ws/build/kinect2_registration[0m
[17.214s] [34mcolcon.colcon_core.environment[0m [1;30mLevel 1[0m create_environment_scripts_only(kinect2_registration)
[17.215s] [34mcolcon.colcon_core.environment[0m [1;30mLevel 1[0m checking '/home/duy/cocarry_ws/install/kinect2_registration' for CMake module files
[17.216s] [34mcolcon.colcon_core.event_handler.log_command[0m [1;30mDEBUG[0m [32mInvoked command in '/home/duy/cocarry_ws/build/kinect2_registration' returned '0': CMAKE_PREFIX_PATH=/home/duy/cocarry_ws/install/hrc_bringup:/home/duy/cocarry_ws/install/trac_ik:/home/duy/cocarry_ws/install/trac_ik_kinematics:/home/duy/cocarry_ws/install/trac_ik_lib:/home/duy/cocarry_ws/install/motoros2_client_interface_dependencies:/home/duy/cocarry_ws/install/hc10dtp_simulation:/home/duy/cocarry_ws/install/motoros2_interfaces:/home/duy/cocarry_ws/install/hc10dtp_bringup:/home/duy/cocarry_ws/install/hc10dtp_moveit_config:/home/duy/cocarry_ws/install/motoman_hc10dtp_support:/home/duy/cocarry_ws/install/motoman_gp4_support:/home/duy/cocarry_ws/install/motoman_resources:/home/duy/cocarry_ws/install/libfreenect2:/home/duy/cocarry_ws/install/kinect2_calibration:/home/duy/cocarry_ws/install/kinect2_bridge:/home/duy/cocarry_ws/install/kinect2_registration:/home/duy/cocarry_ws/install/industrial_msgs:/home/duy/cocarry_ws/install/trajectory_predictor:/home/duy/cocarry_ws/install/rula_tracker:/home/duy/cocarry_ws/install/realsense_tracker:/home/duy/cocarry_ws/install/predictor_ui:/home/duy/cocarry_ws/install/experiment_logger:/home/duy/cocarry_ws/install/coord_transform:/opt/ros/humble:/home/duy/cocarry_ws/install/human_hand_msgs /usr/bin/cmake --install /home/duy/cocarry_ws/build/kinect2_registration[0m
[17.217s] [34mcolcon.colcon_core.environment[0m [1;30mLevel 1[0m checking '/home/duy/cocarry_ws/install/kinect2_registration' for CMake config files
[17.217s] [34mcolcon.colcon_core.shell[0m [1;30mLevel 1[0m create_environment_hook('kinect2_registration', 'cmake_prefix_path')
[17.218s] [34mcolcon.colcon_core.shell[0m [1;30mINFO[0m Creating environment hook '/home/duy/cocarry_ws/install/kinect2_registration/share/kinect2_registration/hook/cmake_prefix_path.ps1'
[17.219s] [34mcolcon.colcon_core.shell[0m [1;30mINFO[0m Creating environment descriptor '/home/duy/cocarry_ws/install/kinect2_registration/share/kinect2_registration/hook/cmake_prefix_path.dsv'
[17.220s] [34mcolcon.colcon_core.shell[0m [1;30mINFO[0m Creating environment hook '/home/duy/cocarry_ws/install/kinect2_registration/share/kinect2_registration/hook/cmake_prefix_path.sh'
[17.221s] [34mcolcon.colcon_core.environment[0m [1;30mLevel 1[0m checking '/home/duy/cocarry_ws/install/kinect2_registration/lib'
[17.221s] [34mcolcon.colcon_core.environment[0m [1;30mLevel 1[0m checking '/home/duy/cocarry_ws/install/kinect2_registration/bin'
[17.221s] [34mcolcon.colcon_core.environment[0m [1;30mLevel 1[0m checking '/home/duy/cocarry_ws/install/kinect2_registration/lib/pkgconfig/kinect2_registration.pc'
[17.222s] [34mcolcon.colcon_core.environment[0m [1;30mLevel 1[0m checking '/home/duy/cocarry_ws/install/kinect2_registration/lib/python3.10/site-packages'
[17.223s] [34mcolcon.colcon_core.environment[0m [1;30mLevel 1[0m checking '/home/duy/cocarry_ws/install/kinect2_registration/bin'
[17.223s] [34mcolcon.colcon_core.shell[0m [1;30mINFO[0m Creating package script '/home/duy/cocarry_ws/install/kinect2_registration/share/kinect2_registration/package.ps1'
[17.225s] [34mcolcon.colcon_core.shell[0m [1;30mINFO[0m Creating package descriptor '/home/duy/cocarry_ws/install/kinect2_registration/share/kinect2_registration/package.dsv'
[17.226s] [34mcolcon.colcon_core.shell[0m [1;30mINFO[0m Creating package script '/home/duy/cocarry_ws/install/kinect2_registration/share/kinect2_registration/package.sh'
[17.226s] [34mcolcon.colcon_core.shell[0m [1;30mINFO[0m Creating package script '/home/duy/cocarry_ws/install/kinect2_registration/share/kinect2_registration/package.bash'
[17.227s] [34mcolcon.colcon_core.shell[0m [1;30mINFO[0m Creating package script '/home/duy/cocarry_ws/install/kinect2_registration/share/kinect2_registration/package.zsh'
[17.228s] [34mcolcon.colcon_core.environment[0m [1;30mLevel 1[0m create_file_with_runtime_dependencies(/home/duy/cocarry_ws/install/kinect2_registration/share/colcon-core/packages/kinect2_registration)
[17.229s] [34mcolcon.colcon_core.environment[0m [1;30mLevel 1[0m create_environment_scripts_only(kinect2_registration)
[17.230s] [34mcolcon.colcon_core.environment[0m [1;30mLevel 1[0m checking '/home/duy/cocarry_ws/install/kinect2_registration' for CMake module files
[17.231s] [34mcolcon.colcon_core.environment[0m [1;30mLevel 1[0m checking '/home/duy/cocarry_ws/install/kinect2_registration' for CMake config files
[17.231s] [34mcolcon.colcon_core.shell[0m [1;30mLevel 1[0m create_environment_hook('kinect2_registration', 'cmake_prefix_path')
[17.232s] [34mcolcon.colcon_core.shell[0m [1;30mINFO[0m Creating environment hook '/home/duy/cocarry_ws/install/kinect2_registration/share/kinect2_registration/hook/cmake_prefix_path.ps1'
[17.232s] [34mcolcon.colcon_core.shell[0m [1;30mINFO[0m Creating environment descriptor '/home/duy/cocarry_ws/install/kinect2_registration/share/kinect2_registration/hook/cmake_prefix_path.dsv'
[17.233s] [34mcolcon.colcon_core.shell[0m [1;30mINFO[0m Creating environment hook '/home/duy/cocarry_ws/install/kinect2_registration/share/kinect2_registration/hook/cmake_prefix_path.sh'
[17.234s] [34mcolcon.colcon_core.environment[0m [1;30mLevel 1[0m checking '/home/duy/cocarry_ws/install/kinect2_registration/lib'
[17.235s] [34mcolcon.colcon_core.environment[0m [1;30mLevel 1[0m checking '/home/duy/cocarry_ws/install/kinect2_registration/bin'
[17.235s] [34mcolcon.colcon_core.environment[0m [1;30mLevel 1[0m checking '/home/duy/cocarry_ws/install/kinect2_registration/lib/pkgconfig/kinect2_registration.pc'
[17.235s] [34mcolcon.colcon_core.environment[0m [1;30mLevel 1[0m checking '/home/duy/cocarry_ws/install/kinect2_registration/lib/python3.10/site-packages'
[17.236s] [34mcolcon.colcon_core.environment[0m [1;30mLevel 1[0m checking '/home/duy/cocarry_ws/install/kinect2_registration/bin'
[17.236s] [34mcolcon.colcon_core.shell[0m [1;30mINFO[0m Creating package script '/home/duy/cocarry_ws/install/kinect2_registration/share/kinect2_registration/package.ps1'
[17.238s] [34mcolcon.colcon_core.shell[0m [1;30mINFO[0m Creating package descriptor '/home/duy/cocarry_ws/install/kinect2_registration/share/kinect2_registration/package.dsv'
[17.239s] [34mcolcon.colcon_core.shell[0m [1;30mINFO[0m Creating package script '/home/duy/cocarry_ws/install/kinect2_registration/share/kinect2_registration/package.sh'
[17.240s] [34mcolcon.colcon_core.shell[0m [1;30mINFO[0m Creating package script '/home/duy/cocarry_ws/install/kinect2_registration/share/kinect2_registration/package.bash'
[17.241s] [34mcolcon.colcon_core.shell[0m [1;30mINFO[0m Creating package script '/home/duy/cocarry_ws/install/kinect2_registration/share/kinect2_registration/package.zsh'
[17.241s] [34mcolcon.colcon_core.environment[0m [1;30mLevel 1[0m create_file_with_runtime_dependencies(/home/duy/cocarry_ws/install/kinect2_registration/share/colcon-core/packages/kinect2_registration)
[17.242s] [34mcolcon.colcon_ros.task.ament_cmake.build[0m [1;30mINFO[0m Building ROS package in '/home/duy/cocarry_ws/src/kinect2_ros2/kinect2_bridge' with build type 'ament_cmake'
[17.242s] [34mcolcon.colcon_cmake.task.cmake.build[0m [1;30mINFO[0m Building CMake package in '/home/duy/cocarry_ws/src/kinect2_ros2/kinect2_bridge'
[17.243s] [34mcolcon.colcon_core.shell[0m [1;30mINFO[0m Skip shell extension 'powershell' for command environment: Not usable outside of PowerShell
[17.243s] [34mcolcon.colcon_core.shell[0m [1;30mDEBUG[0m [32mSkip shell extension 'dsv' for command environment[0m
[17.266s] [34mcolcon.colcon_core.event_handler.log_command[0m [1;30mDEBUG[0m [32mInvoking command in '/home/duy/cocarry_ws/build/kinect2_bridge': CMAKE_PREFIX_PATH=/home/duy/cocarry_ws/install/kinect2_registration:/home/duy/cocarry_ws/install/hrc_bringup:/home/duy/cocarry_ws/install/trac_ik:/home/duy/cocarry_ws/install/trac_ik_kinematics:/home/duy/cocarry_ws/install/trac_ik_lib:/home/duy/cocarry_ws/install/motoros2_client_interface_dependencies:/home/duy/cocarry_ws/install/hc10dtp_simulation:/home/duy/cocarry_ws/install/motoros2_interfaces:/home/duy/cocarry_ws/install/hc10dtp_bringup:/home/duy/cocarry_ws/install/hc10dtp_moveit_config:/home/duy/cocarry_ws/install/motoman_hc10dtp_support:/home/duy/cocarry_ws/install/motoman_gp4_support:/home/duy/cocarry_ws/install/motoman_resources:/home/duy/cocarry_ws/install/libfreenect2:/home/duy/cocarry_ws/install/kinect2_calibration:/home/duy/cocarry_ws/install/kinect2_bridge:/home/duy/cocarry_ws/install/industrial_msgs:/home/duy/cocarry_ws/install/trajectory_predictor:/home/duy/cocarry_ws/install/rula_tracker:/home/duy/cocarry_ws/install/realsense_tracker:/home/duy/cocarry_ws/install/predictor_ui:/home/duy/cocarry_ws/install/experiment_logger:/home/duy/cocarry_ws/install/coord_transform:/opt/ros/humble:/home/duy/cocarry_ws/install/human_hand_msgs /usr/bin/cmake --build /home/duy/cocarry_ws/build/kinect2_bridge -- -j16 -l16[0m
[18.628s] [34mcolcon.colcon_core.event_handler.log_command[0m [1;30mDEBUG[0m [32mInvoked command in '/home/duy/cocarry_ws/build/libfreenect2' returned '0': /usr/bin/cmake --build /home/duy/cocarry_ws/build/libfreenect2 -- -j16 -l16[0m
[18.630s] [34mcolcon.colcon_core.event_handler.log_command[0m [1;30mDEBUG[0m [32mInvoking command in '/home/duy/cocarry_ws/build/libfreenect2': /usr/bin/cmake --install /home/duy/cocarry_ws/build/libfreenect2[0m
[18.656s] [34mcolcon.colcon_core.environment[0m [1;30mLevel 1[0m create_environment_scripts_only(libfreenect2)
[18.656s] [34mcolcon.colcon_core.environment[0m [1;30mLevel 1[0m checking '/home/duy/cocarry_ws/install/libfreenect2' for CMake module files
[18.657s] [34mcolcon.colcon_core.event_handler.log_command[0m [1;30mDEBUG[0m [32mInvoked command in '/home/duy/cocarry_ws/build/libfreenect2' returned '0': /usr/bin/cmake --install /home/duy/cocarry_ws/build/libfreenect2[0m
[18.658s] [34mcolcon.colcon_core.environment[0m [1;30mLevel 1[0m checking '/home/duy/cocarry_ws/install/libfreenect2' for CMake config files
[18.658s] [34mcolcon.colcon_core.shell[0m [1;30mLevel 1[0m create_environment_hook('libfreenect2', 'cmake_prefix_path')
[18.658s] [34mcolcon.colcon_core.shell[0m [1;30mINFO[0m Creating environment hook '/home/duy/cocarry_ws/install/libfreenect2/share/libfreenect2/hook/cmake_prefix_path.ps1'
[18.659s] [34mcolcon.colcon_core.shell[0m [1;30mINFO[0m Creating environment descriptor '/home/duy/cocarry_ws/install/libfreenect2/share/libfreenect2/hook/cmake_prefix_path.dsv'
[18.660s] [34mcolcon.colcon_core.shell[0m [1;30mINFO[0m Creating environment hook '/home/duy/cocarry_ws/install/libfreenect2/share/libfreenect2/hook/cmake_prefix_path.sh'
[18.661s] [34mcolcon.colcon_core.environment[0m [1;30mLevel 1[0m checking '/home/duy/cocarry_ws/install/libfreenect2/lib'
[18.661s] [34mcolcon.colcon_core.shell[0m [1;30mLevel 1[0m create_environment_hook('libfreenect2', 'ld_library_path_lib')
[18.661s] [34mcolcon.colcon_core.shell[0m [1;30mINFO[0m Creating environment hook '/home/duy/cocarry_ws/install/libfreenect2/share/libfreenect2/hook/ld_library_path_lib.ps1'
[18.662s] [34mcolcon.colcon_core.shell[0m [1;30mINFO[0m Creating environment descriptor '/home/duy/cocarry_ws/install/libfreenect2/share/libfreenect2/hook/ld_library_path_lib.dsv'
[18.662s] [34mcolcon.colcon_core.shell[0m [1;30mINFO[0m Creating environment hook '/home/duy/cocarry_ws/install/libfreenect2/share/libfreenect2/hook/ld_library_path_lib.sh'
[18.663s] [34mcolcon.colcon_core.environment[0m [1;30mLevel 1[0m checking '/home/duy/cocarry_ws/install/libfreenect2/bin'
[18.663s] [34mcolcon.colcon_core.environment[0m [1;30mLevel 1[0m checking '/home/duy/cocarry_ws/install/libfreenect2/lib/pkgconfig/libfreenect2.pc'
[18.663s] [34mcolcon.colcon_core.environment[0m [1;30mLevel 1[0m checking '/home/duy/cocarry_ws/install/libfreenect2/lib/python3.10/site-packages'
[18.664s] [34mcolcon.colcon_core.environment[0m [1;30mLevel 1[0m checking '/home/duy/cocarry_ws/install/libfreenect2/bin'
[18.665s] [34mcolcon.colcon_core.shell[0m [1;30mINFO[0m Creating package script '/home/duy/cocarry_ws/install/libfreenect2/share/libfreenect2/package.ps1'
[18.666s] [34mcolcon.colcon_core.shell[0m [1;30mINFO[0m Creating package descriptor '/home/duy/cocarry_ws/install/libfreenect2/share/libfreenect2/package.dsv'
[18.666s] [34mcolcon.colcon_core.shell[0m [1;30mINFO[0m Creating package script '/home/duy/cocarry_ws/install/libfreenect2/share/libfreenect2/package.sh'
[18.667s] [34mcolcon.colcon_core.shell[0m [1;30mINFO[0m Creating package script '/home/duy/cocarry_ws/install/libfreenect2/share/libfreenect2/package.bash'
[18.668s] [34mcolcon.colcon_core.shell[0m [1;30mINFO[0m Creating package script '/home/duy/cocarry_ws/install/libfreenect2/share/libfreenect2/package.zsh'
[18.668s] [34mcolcon.colcon_core.environment[0m [1;30mLevel 1[0m create_file_with_runtime_dependencies(/home/duy/cocarry_ws/install/libfreenect2/share/colcon-core/packages/libfreenect2)
[22.854s] [34mcolcon.colcon_core.event_handler.log_command[0m [1;30mDEBUG[0m [32mInvoked command in '/home/duy/cocarry_ws/build/trac_ik_lib' returned '0': CMAKE_PREFIX_PATH=/home/duy/cocarry_ws/install/hrc_bringup:/home/duy/cocarry_ws/install/trac_ik:/home/duy/cocarry_ws/install/trac_ik_kinematics:/home/duy/cocarry_ws/install/trac_ik_lib:/home/duy/cocarry_ws/install/motoros2_client_interface_dependencies:/home/duy/cocarry_ws/install/hc10dtp_simulation:/home/duy/cocarry_ws/install/motoros2_interfaces:/home/duy/cocarry_ws/install/hc10dtp_bringup:/home/duy/cocarry_ws/install/hc10dtp_moveit_config:/home/duy/cocarry_ws/install/motoman_hc10dtp_support:/home/duy/cocarry_ws/install/motoman_gp4_support:/home/duy/cocarry_ws/install/motoman_resources:/home/duy/cocarry_ws/install/libfreenect2:/home/duy/cocarry_ws/install/kinect2_calibration:/home/duy/cocarry_ws/install/kinect2_bridge:/home/duy/cocarry_ws/install/kinect2_registration:/home/duy/cocarry_ws/install/industrial_msgs:/home/duy/cocarry_ws/install/trajectory_predictor:/home/duy/cocarry_ws/install/rula_tracker:/home/duy/cocarry_ws/install/realsense_tracker:/home/duy/cocarry_ws/install/predictor_ui:/home/duy/cocarry_ws/install/experiment_logger:/home/duy/cocarry_ws/install/coord_transform:/opt/ros/humble:/home/duy/cocarry_ws/install/human_hand_msgs /usr/bin/cmake --build /home/duy/cocarry_ws/build/trac_ik_lib -- -j16 -l16[0m
[22.855s] [34mcolcon.colcon_core.event_handler.log_command[0m [1;30mDEBUG[0m [32mInvoking command in '/home/duy/cocarry_ws/build/trac_ik_lib': CMAKE_PREFIX_PATH=/home/duy/cocarry_ws/install/hrc_bringup:/home/duy/cocarry_ws/install/trac_ik:/home/duy/cocarry_ws/install/trac_ik_kinematics:/home/duy/cocarry_ws/install/trac_ik_lib:/home/duy/cocarry_ws/install/motoros2_client_interface_dependencies:/home/duy/cocarry_ws/install/hc10dtp_simulation:/home/duy/cocarry_ws/install/motoros2_interfaces:/home/duy/cocarry_ws/install/hc10dtp_bringup:/home/duy/cocarry_ws/install/hc10dtp_moveit_config:/home/duy/cocarry_ws/install/motoman_hc10dtp_support:/home/duy/cocarry_ws/install/motoman_gp4_support:/home/duy/cocarry_ws/install/motoman_resources:/home/duy/cocarry_ws/install/libfreenect2:/home/duy/cocarry_ws/install/kinect2_calibration:/home/duy/cocarry_ws/install/kinect2_bridge:/home/duy/cocarry_ws/install/kinect2_registration:/home/duy/cocarry_ws/install/industrial_msgs:/home/duy/cocarry_ws/install/trajectory_predictor:/home/duy/cocarry_ws/install/rula_tracker:/home/duy/cocarry_ws/install/realsense_tracker:/home/duy/cocarry_ws/install/predictor_ui:/home/duy/cocarry_ws/install/experiment_logger:/home/duy/cocarry_ws/install/coord_transform:/opt/ros/humble:/home/duy/cocarry_ws/install/human_hand_msgs /usr/bin/cmake --install /home/duy/cocarry_ws/build/trac_ik_lib[0m
[22.881s] [34mcolcon.colcon_core.environment[0m [1;30mLevel 1[0m create_environment_scripts_only(trac_ik_lib)
[22.882s] [34mcolcon.colcon_core.environment[0m [1;30mLevel 1[0m checking '/home/duy/cocarry_ws/install/trac_ik_lib' for CMake module files
[22.882s] [34mcolcon.colcon_core.event_handler.log_command[0m [1;30mDEBUG[0m [32mInvoked command in '/home/duy/cocarry_ws/build/trac_ik_lib' returned '0': CMAKE_PREFIX_PATH=/home/duy/cocarry_ws/install/hrc_bringup:/home/duy/cocarry_ws/install/trac_ik:/home/duy/cocarry_ws/install/trac_ik_kinematics:/home/duy/cocarry_ws/install/trac_ik_lib:/home/duy/cocarry_ws/install/motoros2_client_interface_dependencies:/home/duy/cocarry_ws/install/hc10dtp_simulation:/home/duy/cocarry_ws/install/motoros2_interfaces:/home/duy/cocarry_ws/install/hc10dtp_bringup:/home/duy/cocarry_ws/install/hc10dtp_moveit_config:/home/duy/cocarry_ws/install/motoman_hc10dtp_support:/home/duy/cocarry_ws/install/motoman_gp4_support:/home/duy/cocarry_ws/install/motoman_resources:/home/duy/cocarry_ws/install/libfreenect2:/home/duy/cocarry_ws/install/kinect2_calibration:/home/duy/cocarry_ws/install/kinect2_bridge:/home/duy/cocarry_ws/install/kinect2_registration:/home/duy/cocarry_ws/install/industrial_msgs:/home/duy/cocarry_ws/install/trajectory_predictor:/home/duy/cocarry_ws/install/rula_tracker:/home/duy/cocarry_ws/install/realsense_tracker:/home/duy/cocarry_ws/install/predictor_ui:/home/duy/cocarry_ws/install/experiment_logger:/home/duy/cocarry_ws/install/coord_transform:/opt/ros/humble:/home/duy/cocarry_ws/install/human_hand_msgs /usr/bin/cmake --install /home/duy/cocarry_ws/build/trac_ik_lib[0m
[22.883s] [34mcolcon.colcon_core.environment[0m [1;30mLevel 1[0m checking '/home/duy/cocarry_ws/install/trac_ik_lib' for CMake config files
[22.883s] [34mcolcon.colcon_core.shell[0m [1;30mLevel 1[0m create_environment_hook('trac_ik_lib', 'cmake_prefix_path')
[22.883s] [34mcolcon.colcon_core.shell[0m [1;30mINFO[0m Creating environment hook '/home/duy/cocarry_ws/install/trac_ik_lib/share/trac_ik_lib/hook/cmake_prefix_path.ps1'
[22.884s] [34mcolcon.colcon_core.shell[0m [1;30mINFO[0m Creating environment descriptor '/home/duy/cocarry_ws/install/trac_ik_lib/share/trac_ik_lib/hook/cmake_prefix_path.dsv'
[22.884s] [34mcolcon.colcon_core.shell[0m [1;30mINFO[0m Creating environment hook '/home/duy/cocarry_ws/install/trac_ik_lib/share/trac_ik_lib/hook/cmake_prefix_path.sh'
[22.884s] [34mcolcon.colcon_core.environment[0m [1;30mLevel 1[0m checking '/home/duy/cocarry_ws/install/trac_ik_lib/lib'
[22.884s] [34mcolcon.colcon_core.shell[0m [1;30mLevel 1[0m create_environment_hook('trac_ik_lib', 'ld_library_path_lib')
[22.885s] [34mcolcon.colcon_core.shell[0m [1;30mINFO[0m Creating environment hook '/home/duy/cocarry_ws/install/trac_ik_lib/share/trac_ik_lib/hook/ld_library_path_lib.ps1'
[22.885s] [34mcolcon.colcon_core.shell[0m [1;30mINFO[0m Creating environment descriptor '/home/duy/cocarry_ws/install/trac_ik_lib/share/trac_ik_lib/hook/ld_library_path_lib.dsv'
[22.885s] [34mcolcon.colcon_core.shell[0m [1;30mINFO[0m Creating environment hook '/home/duy/cocarry_ws/install/trac_ik_lib/share/trac_ik_lib/hook/ld_library_path_lib.sh'
[22.886s] [34mcolcon.colcon_core.environment[0m [1;30mLevel 1[0m checking '/home/duy/cocarry_ws/install/trac_ik_lib/bin'
[22.886s] [34mcolcon.colcon_core.environment[0m [1;30mLevel 1[0m checking '/home/duy/cocarry_ws/install/trac_ik_lib/lib/pkgconfig/trac_ik_lib.pc'
[22.886s] [34mcolcon.colcon_core.environment[0m [1;30mLevel 1[0m checking '/home/duy/cocarry_ws/install/trac_ik_lib/lib/python3.10/site-packages'
[22.886s] [34mcolcon.colcon_core.environment[0m [1;30mLevel 1[0m checking '/home/duy/cocarry_ws/install/trac_ik_lib/bin'
[22.886s] [34mcolcon.colcon_core.shell[0m [1;30mINFO[0m Creating package script '/home/duy/cocarry_ws/install/trac_ik_lib/share/trac_ik_lib/package.ps1'
[22.887s] [34mcolcon.colcon_core.shell[0m [1;30mINFO[0m Creating package descriptor '/home/duy/cocarry_ws/install/trac_ik_lib/share/trac_ik_lib/package.dsv'
[22.887s] [34mcolcon.colcon_core.shell[0m [1;30mINFO[0m Creating package script '/home/duy/cocarry_ws/install/trac_ik_lib/share/trac_ik_lib/package.sh'
[22.887s] [34mcolcon.colcon_core.shell[0m [1;30mINFO[0m Creating package script '/home/duy/cocarry_ws/install/trac_ik_lib/share/trac_ik_lib/package.bash'
[22.888s] [34mcolcon.colcon_core.shell[0m [1;30mINFO[0m Creating package script '/home/duy/cocarry_ws/install/trac_ik_lib/share/trac_ik_lib/package.zsh'
[22.888s] [34mcolcon.colcon_core.environment[0m [1;30mLevel 1[0m create_file_with_runtime_dependencies(/home/duy/cocarry_ws/install/trac_ik_lib/share/colcon-core/packages/trac_ik_lib)
[22.888s] [34mcolcon.colcon_core.environment[0m [1;30mLevel 1[0m create_environment_scripts_only(trac_ik_lib)
[22.889s] [34mcolcon.colcon_core.environment[0m [1;30mLevel 1[0m checking '/home/duy/cocarry_ws/install/trac_ik_lib' for CMake module files
[22.889s] [34mcolcon.colcon_core.environment[0m [1;30mLevel 1[0m checking '/home/duy/cocarry_ws/install/trac_ik_lib' for CMake config files
[22.889s] [34mcolcon.colcon_core.shell[0m [1;30mLevel 1[0m create_environment_hook('trac_ik_lib', 'cmake_prefix_path')
[22.889s] [34mcolcon.colcon_core.shell[0m [1;30mINFO[0m Creating environment hook '/home/duy/cocarry_ws/install/trac_ik_lib/share/trac_ik_lib/hook/cmake_prefix_path.ps1'
[22.890s] [34mcolcon.colcon_core.shell[0m [1;30mINFO[0m Creating environment descriptor '/home/duy/cocarry_ws/install/trac_ik_lib/share/trac_ik_lib/hook/cmake_prefix_path.dsv'
[22.890s] [34mcolcon.colcon_core.shell[0m [1;30mINFO[0m Creating environment hook '/home/duy/cocarry_ws/install/trac_ik_lib/share/trac_ik_lib/hook/cmake_prefix_path.sh'
[22.890s] [34mcolcon.colcon_core.environment[0m [1;30mLevel 1[0m checking '/home/duy/cocarry_ws/install/trac_ik_lib/lib'
[22.890s] [34mcolcon.colcon_core.shell[0m [1;30mLevel 1[0m create_environment_hook('trac_ik_lib', 'ld_library_path_lib')
[22.890s] [34mcolcon.colcon_core.shell[0m [1;30mINFO[0m Creating environment hook '/home/duy/cocarry_ws/install/trac_ik_lib/share/trac_ik_lib/hook/ld_library_path_lib.ps1'
[22.891s] [34mcolcon.colcon_core.shell[0m [1;30mINFO[0m Creating environment descriptor '/home/duy/cocarry_ws/install/trac_ik_lib/share/trac_ik_lib/hook/ld_library_path_lib.dsv'
[22.891s] [34mcolcon.colcon_core.shell[0m [1;30mINFO[0m Creating environment hook '/home/duy/cocarry_ws/install/trac_ik_lib/share/trac_ik_lib/hook/ld_library_path_lib.sh'
[22.891s] [34mcolcon.colcon_core.environment[0m [1;30mLevel 1[0m checking '/home/duy/cocarry_ws/install/trac_ik_lib/bin'
[22.891s] [34mcolcon.colcon_core.environment[0m [1;30mLevel 1[0m checking '/home/duy/cocarry_ws/install/trac_ik_lib/lib/pkgconfig/trac_ik_lib.pc'
[22.891s] [34mcolcon.colcon_core.environment[0m [1;30mLevel 1[0m checking '/home/duy/cocarry_ws/install/trac_ik_lib/lib/python3.10/site-packages'
[22.892s] [34mcolcon.colcon_core.environment[0m [1;30mLevel 1[0m checking '/home/duy/cocarry_ws/install/trac_ik_lib/bin'
[22.892s] [34mcolcon.colcon_core.shell[0m [1;30mINFO[0m Creating package script '/home/duy/cocarry_ws/install/trac_ik_lib/share/trac_ik_lib/package.ps1'
[22.892s] [34mcolcon.colcon_core.shell[0m [1;30mINFO[0m Creating package descriptor '/home/duy/cocarry_ws/install/trac_ik_lib/share/trac_ik_lib/package.dsv'
[22.893s] [34mcolcon.colcon_core.shell[0m [1;30mINFO[0m Creating package script '/home/duy/cocarry_ws/install/trac_ik_lib/share/trac_ik_lib/package.sh'
[22.893s] [34mcolcon.colcon_core.shell[0m [1;30mINFO[0m Creating package script '/home/duy/cocarry_ws/install/trac_ik_lib/share/trac_ik_lib/package.bash'
[22.893s] [34mcolcon.colcon_core.shell[0m [1;30mINFO[0m Creating package script '/home/duy/cocarry_ws/install/trac_ik_lib/share/trac_ik_lib/package.zsh'
[22.894s] [34mcolcon.colcon_core.environment[0m [1;30mLevel 1[0m create_file_with_runtime_dependencies(/home/duy/cocarry_ws/install/trac_ik_lib/share/colcon-core/packages/trac_ik_lib)
[22.894s] [34mcolcon.colcon_ros.task.ament_cmake.build[0m [1;30mINFO[0m Building ROS package in '/home/duy/cocarry_ws/src/trac_ik/trac_ik_kinematics' with build type 'ament_cmake'
[22.894s] [34mcolcon.colcon_cmake.task.cmake.build[0m [1;30mINFO[0m Building CMake package in '/home/duy/cocarry_ws/src/trac_ik/trac_ik_kinematics'
[22.894s] [34mcolcon.colcon_core.shell[0m [1;30mINFO[0m Skip shell extension 'powershell' for command environment: Not usable outside of PowerShell
[22.894s] [34mcolcon.colcon_core.shell[0m [1;30mDEBUG[0m [32mSkip shell extension 'dsv' for command environment[0m
[22.907s] [34mcolcon.colcon_core.event_handler.log_command[0m [1;30mDEBUG[0m [32mInvoking command in '/home/duy/cocarry_ws/build/trac_ik_kinematics': CMAKE_PREFIX_PATH=/home/duy/cocarry_ws/install/trac_ik_lib:/home/duy/cocarry_ws/install/hrc_bringup:/home/duy/cocarry_ws/install/trac_ik:/home/duy/cocarry_ws/install/trac_ik_kinematics:/home/duy/cocarry_ws/install/motoros2_client_interface_dependencies:/home/duy/cocarry_ws/install/hc10dtp_simulation:/home/duy/cocarry_ws/install/motoros2_interfaces:/home/duy/cocarry_ws/install/hc10dtp_bringup:/home/duy/cocarry_ws/install/hc10dtp_moveit_config:/home/duy/cocarry_ws/install/motoman_hc10dtp_support:/home/duy/cocarry_ws/install/motoman_gp4_support:/home/duy/cocarry_ws/install/motoman_resources:/home/duy/cocarry_ws/install/libfreenect2:/home/duy/cocarry_ws/install/kinect2_calibration:/home/duy/cocarry_ws/install/kinect2_bridge:/home/duy/cocarry_ws/install/kinect2_registration:/home/duy/cocarry_ws/install/industrial_msgs:/home/duy/cocarry_ws/install/trajectory_predictor:/home/duy/cocarry_ws/install/rula_tracker:/home/duy/cocarry_ws/install/realsense_tracker:/home/duy/cocarry_ws/install/predictor_ui:/home/duy/cocarry_ws/install/experiment_logger:/home/duy/cocarry_ws/install/coord_transform:/opt/ros/humble:/home/duy/cocarry_ws/install/human_hand_msgs LD_LIBRARY_PATH=/home/duy/cocarry_ws/install/trac_ik_lib/lib:/home/duy/cocarry_ws/install/trac_ik_kinematics/lib:/home/duy/cocarry_ws/install/motoros2_interfaces/lib:/home/duy/cocarry_ws/install/libfreenect2/lib:/home/duy/cocarry_ws/install/kinect2_registration/lib:/home/duy/cocarry_ws/install/industrial_msgs/lib:/home/duy/cocarry_ws/install/human_hand_msgs/lib:/usr/local/lib/nuitrack:/usr/lib/x86_64-linux-gnu/gazebo-11/plugins:/opt/ros/humble/opt/rviz_ogre_vendor/lib:/opt/ros/humble/lib/x86_64-linux-gnu:/opt/ros/humble/lib:/usr/local/lib/nuitrack /usr/bin/cmake --build /home/duy/cocarry_ws/build/trac_ik_kinematics -- -j16 -l16[0m
[24.672s] [34mcolcon.colcon_core.event_handler.log_command[0m [1;30mDEBUG[0m [32mInvoked command in '/home/duy/cocarry_ws/build/kinect2_bridge' returned '0': CMAKE_PREFIX_PATH=/home/duy/cocarry_ws/install/kinect2_registration:/home/duy/cocarry_ws/install/hrc_bringup:/home/duy/cocarry_ws/install/trac_ik:/home/duy/cocarry_ws/install/trac_ik_kinematics:/home/duy/cocarry_ws/install/trac_ik_lib:/home/duy/cocarry_ws/install/motoros2_client_interface_dependencies:/home/duy/cocarry_ws/install/hc10dtp_simulation:/home/duy/cocarry_ws/install/motoros2_interfaces:/home/duy/cocarry_ws/install/hc10dtp_bringup:/home/duy/cocarry_ws/install/hc10dtp_moveit_config:/home/duy/cocarry_ws/install/motoman_hc10dtp_support:/home/duy/cocarry_ws/install/motoman_gp4_support:/home/duy/cocarry_ws/install/motoman_resources:/home/duy/cocarry_ws/install/libfreenect2:/home/duy/cocarry_ws/install/kinect2_calibration:/home/duy/cocarry_ws/install/kinect2_bridge:/home/duy/cocarry_ws/install/industrial_msgs:/home/duy/cocarry_ws/install/trajectory_predictor:/home/duy/cocarry_ws/install/rula_tracker:/home/duy/cocarry_ws/install/realsense_tracker:/home/duy/cocarry_ws/install/predictor_ui:/home/duy/cocarry_ws/install/experiment_logger:/home/duy/cocarry_ws/install/coord_transform:/opt/ros/humble:/home/duy/cocarry_ws/install/human_hand_msgs /usr/bin/cmake --build /home/duy/cocarry_ws/build/kinect2_bridge -- -j16 -l16[0m
[24.674s] [34mcolcon.colcon_core.event_handler.log_command[0m [1;30mDEBUG[0m [32mInvoking command in '/home/duy/cocarry_ws/build/kinect2_bridge': CMAKE_PREFIX_PATH=/home/duy/cocarry_ws/install/kinect2_registration:/home/duy/cocarry_ws/install/hrc_bringup:/home/duy/cocarry_ws/install/trac_ik:/home/duy/cocarry_ws/install/trac_ik_kinematics:/home/duy/cocarry_ws/install/trac_ik_lib:/home/duy/cocarry_ws/install/motoros2_client_interface_dependencies:/home/duy/cocarry_ws/install/hc10dtp_simulation:/home/duy/cocarry_ws/install/motoros2_interfaces:/home/duy/cocarry_ws/install/hc10dtp_bringup:/home/duy/cocarry_ws/install/hc10dtp_moveit_config:/home/duy/cocarry_ws/install/motoman_hc10dtp_support:/home/duy/cocarry_ws/install/motoman_gp4_support:/home/duy/cocarry_ws/install/motoman_resources:/home/duy/cocarry_ws/install/libfreenect2:/home/duy/cocarry_ws/install/kinect2_calibration:/home/duy/cocarry_ws/install/kinect2_bridge:/home/duy/cocarry_ws/install/industrial_msgs:/home/duy/cocarry_ws/install/trajectory_predictor:/home/duy/cocarry_ws/install/rula_tracker:/home/duy/cocarry_ws/install/realsense_tracker:/home/duy/cocarry_ws/install/predictor_ui:/home/duy/cocarry_ws/install/experiment_logger:/home/duy/cocarry_ws/install/coord_transform:/opt/ros/humble:/home/duy/cocarry_ws/install/human_hand_msgs /usr/bin/cmake --install /home/duy/cocarry_ws/build/kinect2_bridge[0m
[24.695s] [34mcolcon.colcon_core.environment[0m [1;30mLevel 1[0m create_environment_scripts_only(kinect2_bridge)
[24.696s] [34mcolcon.colcon_core.environment[0m [1;30mLevel 1[0m checking '/home/duy/cocarry_ws/install/kinect2_bridge' for CMake module files
[24.696s] [34mcolcon.colcon_core.event_handler.log_command[0m [1;30mDEBUG[0m [32mInvoked command in '/home/duy/cocarry_ws/build/kinect2_bridge' returned '0': CMAKE_PREFIX_PATH=/home/duy/cocarry_ws/install/kinect2_registration:/home/duy/cocarry_ws/install/hrc_bringup:/home/duy/cocarry_ws/install/trac_ik:/home/duy/cocarry_ws/install/trac_ik_kinematics:/home/duy/cocarry_ws/install/trac_ik_lib:/home/duy/cocarry_ws/install/motoros2_client_interface_dependencies:/home/duy/cocarry_ws/install/hc10dtp_simulation:/home/duy/cocarry_ws/install/motoros2_interfaces:/home/duy/cocarry_ws/install/hc10dtp_bringup:/home/duy/cocarry_ws/install/hc10dtp_moveit_config:/home/duy/cocarry_ws/install/motoman_hc10dtp_support:/home/duy/cocarry_ws/install/motoman_gp4_support:/home/duy/cocarry_ws/install/motoman_resources:/home/duy/cocarry_ws/install/libfreenect2:/home/duy/cocarry_ws/install/kinect2_calibration:/home/duy/cocarry_ws/install/kinect2_bridge:/home/duy/cocarry_ws/install/industrial_msgs:/home/duy/cocarry_ws/install/trajectory_predictor:/home/duy/cocarry_ws/install/rula_tracker:/home/duy/cocarry_ws/install/realsense_tracker:/home/duy/cocarry_ws/install/predictor_ui:/home/duy/cocarry_ws/install/experiment_logger:/home/duy/cocarry_ws/install/coord_transform:/opt/ros/humble:/home/duy/cocarry_ws/install/human_hand_msgs /usr/bin/cmake --install /home/duy/cocarry_ws/build/kinect2_bridge[0m
[24.697s] [34mcolcon.colcon_core.environment[0m [1;30mLevel 1[0m checking '/home/duy/cocarry_ws/install/kinect2_bridge' for CMake config files
[24.697s] [34mcolcon.colcon_core.shell[0m [1;30mLevel 1[0m create_environment_hook('kinect2_bridge', 'cmake_prefix_path')
[24.697s] [34mcolcon.colcon_core.shell[0m [1;30mINFO[0m Creating environment hook '/home/duy/cocarry_ws/install/kinect2_bridge/share/kinect2_bridge/hook/cmake_prefix_path.ps1'
[24.698s] [34mcolcon.colcon_core.shell[0m [1;30mINFO[0m Creating environment descriptor '/home/duy/cocarry_ws/install/kinect2_bridge/share/kinect2_bridge/hook/cmake_prefix_path.dsv'
[24.698s] [34mcolcon.colcon_core.shell[0m [1;30mINFO[0m Creating environment hook '/home/duy/cocarry_ws/install/kinect2_bridge/share/kinect2_bridge/hook/cmake_prefix_path.sh'
[24.699s] [34mcolcon.colcon_core.environment[0m [1;30mLevel 1[0m checking '/home/duy/cocarry_ws/install/kinect2_bridge/lib'
[24.699s] [34mcolcon.colcon_core.environment[0m [1;30mLevel 1[0m checking '/home/duy/cocarry_ws/install/kinect2_bridge/bin'
[24.699s] [34mcolcon.colcon_core.environment[0m [1;30mLevel 1[0m checking '/home/duy/cocarry_ws/install/kinect2_bridge/lib/pkgconfig/kinect2_bridge.pc'
[24.700s] [34mcolcon.colcon_core.environment[0m [1;30mLevel 1[0m checking '/home/duy/cocarry_ws/install/kinect2_bridge/lib/python3.10/site-packages'
[24.700s] [34mcolcon.colcon_core.environment[0m [1;30mLevel 1[0m checking '/home/duy/cocarry_ws/install/kinect2_bridge/bin'
[24.701s] [34mcolcon.colcon_core.shell[0m [1;30mINFO[0m Creating package script '/home/duy/cocarry_ws/install/kinect2_bridge/share/kinect2_bridge/package.ps1'
[24.701s] [34mcolcon.colcon_core.shell[0m [1;30mINFO[0m Creating package descriptor '/home/duy/cocarry_ws/install/kinect2_bridge/share/kinect2_bridge/package.dsv'
[24.701s] [34mcolcon.colcon_core.shell[0m [1;30mINFO[0m Creating package script '/home/duy/cocarry_ws/install/kinect2_bridge/share/kinect2_bridge/package.sh'
[24.702s] [34mcolcon.colcon_core.shell[0m [1;30mINFO[0m Creating package script '/home/duy/cocarry_ws/install/kinect2_bridge/share/kinect2_bridge/package.bash'
[24.702s] [34mcolcon.colcon_core.shell[0m [1;30mINFO[0m Creating package script '/home/duy/cocarry_ws/install/kinect2_bridge/share/kinect2_bridge/package.zsh'
[24.702s] [34mcolcon.colcon_core.environment[0m [1;30mLevel 1[0m create_file_with_runtime_dependencies(/home/duy/cocarry_ws/install/kinect2_bridge/share/colcon-core/packages/kinect2_bridge)
[24.703s] [34mcolcon.colcon_core.environment[0m [1;30mLevel 1[0m create_environment_scripts_only(kinect2_bridge)
[24.703s] [34mcolcon.colcon_core.environment[0m [1;30mLevel 1[0m checking '/home/duy/cocarry_ws/install/kinect2_bridge' for CMake module files
[24.703s] [34mcolcon.colcon_core.environment[0m [1;30mLevel 1[0m checking '/home/duy/cocarry_ws/install/kinect2_bridge' for CMake config files
[24.703s] [34mcolcon.colcon_core.shell[0m [1;30mLevel 1[0m create_environment_hook('kinect2_bridge', 'cmake_prefix_path')
[24.703s] [34mcolcon.colcon_core.shell[0m [1;30mINFO[0m Creating environment hook '/home/duy/cocarry_ws/install/kinect2_bridge/share/kinect2_bridge/hook/cmake_prefix_path.ps1'
[24.704s] [34mcolcon.colcon_core.shell[0m [1;30mINFO[0m Creating environment descriptor '/home/duy/cocarry_ws/install/kinect2_bridge/share/kinect2_bridge/hook/cmake_prefix_path.dsv'
[24.704s] [34mcolcon.colcon_core.shell[0m [1;30mINFO[0m Creating environment hook '/home/duy/cocarry_ws/install/kinect2_bridge/share/kinect2_bridge/hook/cmake_prefix_path.sh'
[24.704s] [34mcolcon.colcon_core.environment[0m [1;30mLevel 1[0m checking '/home/duy/cocarry_ws/install/kinect2_bridge/lib'
[24.704s] [34mcolcon.colcon_core.environment[0m [1;30mLevel 1[0m checking '/home/duy/cocarry_ws/install/kinect2_bridge/bin'
[24.704s] [34mcolcon.colcon_core.environment[0m [1;30mLevel 1[0m checking '/home/duy/cocarry_ws/install/kinect2_bridge/lib/pkgconfig/kinect2_bridge.pc'
[24.705s] [34mcolcon.colcon_core.environment[0m [1;30mLevel 1[0m checking '/home/duy/cocarry_ws/install/kinect2_bridge/lib/python3.10/site-packages'
[24.705s] [34mcolcon.colcon_core.environment[0m [1;30mLevel 1[0m checking '/home/duy/cocarry_ws/install/kinect2_bridge/bin'
[24.705s] [34mcolcon.colcon_core.shell[0m [1;30mINFO[0m Creating package script '/home/duy/cocarry_ws/install/kinect2_bridge/share/kinect2_bridge/package.ps1'
[24.706s] [34mcolcon.colcon_core.shell[0m [1;30mINFO[0m Creating package descriptor '/home/duy/cocarry_ws/install/kinect2_bridge/share/kinect2_bridge/package.dsv'
[24.706s] [34mcolcon.colcon_core.shell[0m [1;30mINFO[0m Creating package script '/home/duy/cocarry_ws/install/kinect2_bridge/share/kinect2_bridge/package.sh'
[24.706s] [34mcolcon.colcon_core.shell[0m [1;30mINFO[0m Creating package script '/home/duy/cocarry_ws/install/kinect2_bridge/share/kinect2_bridge/package.bash'
[24.707s] [34mcolcon.colcon_core.shell[0m [1;30mINFO[0m Creating package script '/home/duy/cocarry_ws/install/kinect2_bridge/share/kinect2_bridge/package.zsh'
[24.707s] [34mcolcon.colcon_core.environment[0m [1;30mLevel 1[0m create_file_with_runtime_dependencies(/home/duy/cocarry_ws/install/kinect2_bridge/share/colcon-core/packages/kinect2_bridge)
[24.707s] [34mcolcon.colcon_ros.task.ament_cmake.build[0m [1;30mINFO[0m Building ROS package in '/home/duy/cocarry_ws/src/kinect2_ros2/kinect2_calibration' with build type 'ament_cmake'
[24.707s] [34mcolcon.colcon_cmake.task.cmake.build[0m [1;30mINFO[0m Building CMake package in '/home/duy/cocarry_ws/src/kinect2_ros2/kinect2_calibration'
[24.708s] [34mcolcon.colcon_core.shell[0m [1;30mINFO[0m Skip shell extension 'powershell' for command environment: Not usable outside of PowerShell
[24.708s] [34mcolcon.colcon_core.shell[0m [1;30mDEBUG[0m [32mSkip shell extension 'dsv' for command environment[0m
[24.724s] [34mcolcon.colcon_core.event_handler.log_command[0m [1;30mDEBUG[0m [32mInvoking command in '/home/duy/cocarry_ws/build/kinect2_calibration': CMAKE_PREFIX_PATH=/home/duy/cocarry_ws/install/kinect2_bridge:/home/duy/cocarry_ws/install/kinect2_registration:/home/duy/cocarry_ws/install/hrc_bringup:/home/duy/cocarry_ws/install/trac_ik:/home/duy/cocarry_ws/install/trac_ik_kinematics:/home/duy/cocarry_ws/install/trac_ik_lib:/home/duy/cocarry_ws/install/motoros2_client_interface_dependencies:/home/duy/cocarry_ws/install/hc10dtp_simulation:/home/duy/cocarry_ws/install/motoros2_interfaces:/home/duy/cocarry_ws/install/hc10dtp_bringup:/home/duy/cocarry_ws/install/hc10dtp_moveit_config:/home/duy/cocarry_ws/install/motoman_hc10dtp_support:/home/duy/cocarry_ws/install/motoman_gp4_support:/home/duy/cocarry_ws/install/motoman_resources:/home/duy/cocarry_ws/install/libfreenect2:/home/duy/cocarry_ws/install/kinect2_calibration:/home/duy/cocarry_ws/install/industrial_msgs:/home/duy/cocarry_ws/install/trajectory_predictor:/home/duy/cocarry_ws/install/rula_tracker:/home/duy/cocarry_ws/install/realsense_tracker:/home/duy/cocarry_ws/install/predictor_ui:/home/duy/cocarry_ws/install/experiment_logger:/home/duy/cocarry_ws/install/coord_transform:/opt/ros/humble:/home/duy/cocarry_ws/install/human_hand_msgs /usr/bin/cmake --build /home/duy/cocarry_ws/build/kinect2_calibration -- -j16 -l16[0m
[29.621s] [34mcolcon.colcon_core.event_handler.log_command[0m [1;30mDEBUG[0m [32mInvoked command in '/home/duy/cocarry_ws/build/trac_ik_kinematics' returned '0': CMAKE_PREFIX_PATH=/home/duy/cocarry_ws/install/trac_ik_lib:/home/duy/cocarry_ws/install/hrc_bringup:/home/duy/cocarry_ws/install/trac_ik:/home/duy/cocarry_ws/install/trac_ik_kinematics:/home/duy/cocarry_ws/install/motoros2_client_interface_dependencies:/home/duy/cocarry_ws/install/hc10dtp_simulation:/home/duy/cocarry_ws/install/motoros2_interfaces:/home/duy/cocarry_ws/install/hc10dtp_bringup:/home/duy/cocarry_ws/install/hc10dtp_moveit_config:/home/duy/cocarry_ws/install/motoman_hc10dtp_support:/home/duy/cocarry_ws/install/motoman_gp4_support:/home/duy/cocarry_ws/install/motoman_resources:/home/duy/cocarry_ws/install/libfreenect2:/home/duy/cocarry_ws/install/kinect2_calibration:/home/duy/cocarry_ws/install/kinect2_bridge:/home/duy/cocarry_ws/install/kinect2_registration:/home/duy/cocarry_ws/install/industrial_msgs:/home/duy/cocarry_ws/install/trajectory_predictor:/home/duy/cocarry_ws/install/rula_tracker:/home/duy/cocarry_ws/install/realsense_tracker:/home/duy/cocarry_ws/install/predictor_ui:/home/duy/cocarry_ws/install/experiment_logger:/home/duy/cocarry_ws/install/coord_transform:/opt/ros/humble:/home/duy/cocarry_ws/install/human_hand_msgs LD_LIBRARY_PATH=/home/duy/cocarry_ws/install/trac_ik_lib/lib:/home/duy/cocarry_ws/install/trac_ik_kinematics/lib:/home/duy/cocarry_ws/install/motoros2_interfaces/lib:/home/duy/cocarry_ws/install/libfreenect2/lib:/home/duy/cocarry_ws/install/kinect2_registration/lib:/home/duy/cocarry_ws/install/industrial_msgs/lib:/home/duy/cocarry_ws/install/human_hand_msgs/lib:/usr/local/lib/nuitrack:/usr/lib/x86_64-linux-gnu/gazebo-11/plugins:/opt/ros/humble/opt/rviz_ogre_vendor/lib:/opt/ros/humble/lib/x86_64-linux-gnu:/opt/ros/humble/lib:/usr/local/lib/nuitrack /usr/bin/cmake --build /home/duy/cocarry_ws/build/trac_ik_kinematics -- -j16 -l16[0m
[29.624s] [34mcolcon.colcon_core.event_handler.log_command[0m [1;30mDEBUG[0m [32mInvoking command in '/home/duy/cocarry_ws/build/trac_ik_kinematics': CMAKE_PREFIX_PATH=/home/duy/cocarry_ws/install/trac_ik_lib:/home/duy/cocarry_ws/install/hrc_bringup:/home/duy/cocarry_ws/install/trac_ik:/home/duy/cocarry_ws/install/trac_ik_kinematics:/home/duy/cocarry_ws/install/motoros2_client_interface_dependencies:/home/duy/cocarry_ws/install/hc10dtp_simulation:/home/duy/cocarry_ws/install/motoros2_interfaces:/home/duy/cocarry_ws/install/hc10dtp_bringup:/home/duy/cocarry_ws/install/hc10dtp_moveit_config:/home/duy/cocarry_ws/install/motoman_hc10dtp_support:/home/duy/cocarry_ws/install/motoman_gp4_support:/home/duy/cocarry_ws/install/motoman_resources:/home/duy/cocarry_ws/install/libfreenect2:/home/duy/cocarry_ws/install/kinect2_calibration:/home/duy/cocarry_ws/install/kinect2_bridge:/home/duy/cocarry_ws/install/kinect2_registration:/home/duy/cocarry_ws/install/industrial_msgs:/home/duy/cocarry_ws/install/trajectory_predictor:/home/duy/cocarry_ws/install/rula_tracker:/home/duy/cocarry_ws/install/realsense_tracker:/home/duy/cocarry_ws/install/predictor_ui:/home/duy/cocarry_ws/install/experiment_logger:/home/duy/cocarry_ws/install/coord_transform:/opt/ros/humble:/home/duy/cocarry_ws/install/human_hand_msgs LD_LIBRARY_PATH=/home/duy/cocarry_ws/install/trac_ik_lib/lib:/home/duy/cocarry_ws/install/trac_ik_kinematics/lib:/home/duy/cocarry_ws/install/motoros2_interfaces/lib:/home/duy/cocarry_ws/install/libfreenect2/lib:/home/duy/cocarry_ws/install/kinect2_registration/lib:/home/duy/cocarry_ws/install/industrial_msgs/lib:/home/duy/cocarry_ws/install/human_hand_msgs/lib:/usr/local/lib/nuitrack:/usr/lib/x86_64-linux-gnu/gazebo-11/plugins:/opt/ros/humble/opt/rviz_ogre_vendor/lib:/opt/ros/humble/lib/x86_64-linux-gnu:/opt/ros/humble/lib:/usr/local/lib/nuitrack /usr/bin/cmake --install /home/duy/cocarry_ws/build/trac_ik_kinematics[0m
[29.648s] [34mcolcon.colcon_core.environment[0m [1;30mLevel 1[0m create_environment_scripts_only(trac_ik_kinematics)
[29.649s] [34mcolcon.colcon_core.environment[0m [1;30mLevel 1[0m checking '/home/duy/cocarry_ws/install/trac_ik_kinematics' for CMake module files
[29.649s] [34mcolcon.colcon_core.event_handler.log_command[0m [1;30mDEBUG[0m [32mInvoked command in '/home/duy/cocarry_ws/build/trac_ik_kinematics' returned '0': CMAKE_PREFIX_PATH=/home/duy/cocarry_ws/install/trac_ik_lib:/home/duy/cocarry_ws/install/hrc_bringup:/home/duy/cocarry_ws/install/trac_ik:/home/duy/cocarry_ws/install/trac_ik_kinematics:/home/duy/cocarry_ws/install/motoros2_client_interface_dependencies:/home/duy/cocarry_ws/install/hc10dtp_simulation:/home/duy/cocarry_ws/install/motoros2_interfaces:/home/duy/cocarry_ws/install/hc10dtp_bringup:/home/duy/cocarry_ws/install/hc10dtp_moveit_config:/home/duy/cocarry_ws/install/motoman_hc10dtp_support:/home/duy/cocarry_ws/install/motoman_gp4_support:/home/duy/cocarry_ws/install/motoman_resources:/home/duy/cocarry_ws/install/libfreenect2:/home/duy/cocarry_ws/install/kinect2_calibration:/home/duy/cocarry_ws/install/kinect2_bridge:/home/duy/cocarry_ws/install/kinect2_registration:/home/duy/cocarry_ws/install/industrial_msgs:/home/duy/cocarry_ws/install/trajectory_predictor:/home/duy/cocarry_ws/install/rula_tracker:/home/duy/cocarry_ws/install/realsense_tracker:/home/duy/cocarry_ws/install/predictor_ui:/home/duy/cocarry_ws/install/experiment_logger:/home/duy/cocarry_ws/install/coord_transform:/opt/ros/humble:/home/duy/cocarry_ws/install/human_hand_msgs LD_LIBRARY_PATH=/home/duy/cocarry_ws/install/trac_ik_lib/lib:/home/duy/cocarry_ws/install/trac_ik_kinematics/lib:/home/duy/cocarry_ws/install/motoros2_interfaces/lib:/home/duy/cocarry_ws/install/libfreenect2/lib:/home/duy/cocarry_ws/install/kinect2_registration/lib:/home/duy/cocarry_ws/install/industrial_msgs/lib:/home/duy/cocarry_ws/install/human_hand_msgs/lib:/usr/local/lib/nuitrack:/usr/lib/x86_64-linux-gnu/gazebo-11/plugins:/opt/ros/humble/opt/rviz_ogre_vendor/lib:/opt/ros/humble/lib/x86_64-linux-gnu:/opt/ros/humble/lib:/usr/local/lib/nuitrack /usr/bin/cmake --install /home/duy/cocarry_ws/build/trac_ik_kinematics[0m
[29.650s] [34mcolcon.colcon_core.environment[0m [1;30mLevel 1[0m checking '/home/duy/cocarry_ws/install/trac_ik_kinematics' for CMake config files
[29.650s] [34mcolcon.colcon_core.shell[0m [1;30mLevel 1[0m create_environment_hook('trac_ik_kinematics', 'cmake_prefix_path')
[29.650s] [34mcolcon.colcon_core.shell[0m [1;30mINFO[0m Creating environment hook '/home/duy/cocarry_ws/install/trac_ik_kinematics/share/trac_ik_kinematics/hook/cmake_prefix_path.ps1'
[29.650s] [34mcolcon.colcon_core.shell[0m [1;30mINFO[0m Creating environment descriptor '/home/duy/cocarry_ws/install/trac_ik_kinematics/share/trac_ik_kinematics/hook/cmake_prefix_path.dsv'
[29.651s] [34mcolcon.colcon_core.shell[0m [1;30mINFO[0m Creating environment hook '/home/duy/cocarry_ws/install/trac_ik_kinematics/share/trac_ik_kinematics/hook/cmake_prefix_path.sh'
[29.651s] [34mcolcon.colcon_core.environment[0m [1;30mLevel 1[0m checking '/home/duy/cocarry_ws/install/trac_ik_kinematics/lib'
[29.651s] [34mcolcon.colcon_core.shell[0m [1;30mLevel 1[0m create_environment_hook('trac_ik_kinematics', 'ld_library_path_lib')
[29.651s] [34mcolcon.colcon_core.shell[0m [1;30mINFO[0m Creating environment hook '/home/duy/cocarry_ws/install/trac_ik_kinematics/share/trac_ik_kinematics/hook/ld_library_path_lib.ps1'
[29.652s] [34mcolcon.colcon_core.shell[0m [1;30mINFO[0m Creating environment descriptor '/home/duy/cocarry_ws/install/trac_ik_kinematics/share/trac_ik_kinematics/hook/ld_library_path_lib.dsv'
[29.652s] [34mcolcon.colcon_core.shell[0m [1;30mINFO[0m Creating environment hook '/home/duy/cocarry_ws/install/trac_ik_kinematics/share/trac_ik_kinematics/hook/ld_library_path_lib.sh'
[29.652s] [34mcolcon.colcon_core.environment[0m [1;30mLevel 1[0m checking '/home/duy/cocarry_ws/install/trac_ik_kinematics/bin'
[29.652s] [34mcolcon.colcon_core.environment[0m [1;30mLevel 1[0m checking '/home/duy/cocarry_ws/install/trac_ik_kinematics/lib/pkgconfig/trac_ik_kinematics.pc'
[29.652s] [34mcolcon.colcon_core.environment[0m [1;30mLevel 1[0m checking '/home/duy/cocarry_ws/install/trac_ik_kinematics/lib/python3.10/site-packages'
[29.653s] [34mcolcon.colcon_core.environment[0m [1;30mLevel 1[0m checking '/home/duy/cocarry_ws/install/trac_ik_kinematics/bin'
[29.653s] [34mcolcon.colcon_core.shell[0m [1;30mINFO[0m Creating package script '/home/duy/cocarry_ws/install/trac_ik_kinematics/share/trac_ik_kinematics/package.ps1'
[29.653s] [34mcolcon.colcon_core.shell[0m [1;30mINFO[0m Creating package descriptor '/home/duy/cocarry_ws/install/trac_ik_kinematics/share/trac_ik_kinematics/package.dsv'
[29.654s] [34mcolcon.colcon_core.shell[0m [1;30mINFO[0m Creating package script '/home/duy/cocarry_ws/install/trac_ik_kinematics/share/trac_ik_kinematics/package.sh'
[29.654s] [34mcolcon.colcon_core.shell[0m [1;30mINFO[0m Creating package script '/home/duy/cocarry_ws/install/trac_ik_kinematics/share/trac_ik_kinematics/package.bash'
[29.654s] [34mcolcon.colcon_core.shell[0m [1;30mINFO[0m Creating package script '/home/duy/cocarry_ws/install/trac_ik_kinematics/share/trac_ik_kinematics/package.zsh'
[29.655s] [34mcolcon.colcon_core.environment[0m [1;30mLevel 1[0m create_file_with_runtime_dependencies(/home/duy/cocarry_ws/install/trac_ik_kinematics/share/colcon-core/packages/trac_ik_kinematics)
[29.655s] [34mcolcon.colcon_core.environment[0m [1;30mLevel 1[0m create_environment_scripts_only(trac_ik_kinematics)
[29.655s] [34mcolcon.colcon_core.environment[0m [1;30mLevel 1[0m checking '/home/duy/cocarry_ws/install/trac_ik_kinematics' for CMake module files
[29.656s] [34mcolcon.colcon_core.environment[0m [1;30mLevel 1[0m checking '/home/duy/cocarry_ws/install/trac_ik_kinematics' for CMake config files
[29.656s] [34mcolcon.colcon_core.shell[0m [1;30mLevel 1[0m create_environment_hook('trac_ik_kinematics', 'cmake_prefix_path')
[29.656s] [34mcolcon.colcon_core.shell[0m [1;30mINFO[0m Creating environment hook '/home/duy/cocarry_ws/install/trac_ik_kinematics/share/trac_ik_kinematics/hook/cmake_prefix_path.ps1'
[29.656s] [34mcolcon.colcon_core.shell[0m [1;30mINFO[0m Creating environment descriptor '/home/duy/cocarry_ws/install/trac_ik_kinematics/share/trac_ik_kinematics/hook/cmake_prefix_path.dsv'
[29.656s] [34mcolcon.colcon_core.shell[0m [1;30mINFO[0m Creating environment hook '/home/duy/cocarry_ws/install/trac_ik_kinematics/share/trac_ik_kinematics/hook/cmake_prefix_path.sh'
[29.657s] [34mcolcon.colcon_core.environment[0m [1;30mLevel 1[0m checking '/home/duy/cocarry_ws/install/trac_ik_kinematics/lib'
[29.657s] [34mcolcon.colcon_core.shell[0m [1;30mLevel 1[0m create_environment_hook('trac_ik_kinematics', 'ld_library_path_lib')
[29.657s] [34mcolcon.colcon_core.shell[0m [1;30mINFO[0m Creating environment hook '/home/duy/cocarry_ws/install/trac_ik_kinematics/share/trac_ik_kinematics/hook/ld_library_path_lib.ps1'
[29.658s] [34mcolcon.colcon_core.shell[0m [1;30mINFO[0m Creating environment descriptor '/home/duy/cocarry_ws/install/trac_ik_kinematics/share/trac_ik_kinematics/hook/ld_library_path_lib.dsv'
[29.658s] [34mcolcon.colcon_core.shell[0m [1;30mINFO[0m Creating environment hook '/home/duy/cocarry_ws/install/trac_ik_kinematics/share/trac_ik_kinematics/hook/ld_library_path_lib.sh'
[29.658s] [34mcolcon.colcon_core.environment[0m [1;30mLevel 1[0m checking '/home/duy/cocarry_ws/install/trac_ik_kinematics/bin'
[29.658s] [34mcolcon.colcon_core.environment[0m [1;30mLevel 1[0m checking '/home/duy/cocarry_ws/install/trac_ik_kinematics/lib/pkgconfig/trac_ik_kinematics.pc'
[29.658s] [34mcolcon.colcon_core.environment[0m [1;30mLevel 1[0m checking '/home/duy/cocarry_ws/install/trac_ik_kinematics/lib/python3.10/site-packages'
[29.659s] [34mcolcon.colcon_core.environment[0m [1;30mLevel 1[0m checking '/home/duy/cocarry_ws/install/trac_ik_kinematics/bin'
[29.659s] [34mcolcon.colcon_core.shell[0m [1;30mINFO[0m Creating package script '/home/duy/cocarry_ws/install/trac_ik_kinematics/share/trac_ik_kinematics/package.ps1'
[29.659s] [34mcolcon.colcon_core.shell[0m [1;30mINFO[0m Creating package descriptor '/home/duy/cocarry_ws/install/trac_ik_kinematics/share/trac_ik_kinematics/package.dsv'
[29.660s] [34mcolcon.colcon_core.shell[0m [1;30mINFO[0m Creating package script '/home/duy/cocarry_ws/install/trac_ik_kinematics/share/trac_ik_kinematics/package.sh'
[29.660s] [34mcolcon.colcon_core.shell[0m [1;30mINFO[0m Creating package script '/home/duy/cocarry_ws/install/trac_ik_kinematics/share/trac_ik_kinematics/package.bash'
[29.660s] [34mcolcon.colcon_core.shell[0m [1;30mINFO[0m Creating package script '/home/duy/cocarry_ws/install/trac_ik_kinematics/share/trac_ik_kinematics/package.zsh'
[29.661s] [34mcolcon.colcon_core.environment[0m [1;30mLevel 1[0m create_file_with_runtime_dependencies(/home/duy/cocarry_ws/install/trac_ik_kinematics/share/colcon-core/packages/trac_ik_kinematics)
[29.661s] [34mcolcon.colcon_ros.task.ament_cmake.build[0m [1;30mINFO[0m Building ROS package in '/home/duy/cocarry_ws/src/trac_ik/trac_ik' with build type 'ament_cmake'
[29.661s] [34mcolcon.colcon_cmake.task.cmake.build[0m [1;30mINFO[0m Building CMake package in '/home/duy/cocarry_ws/src/trac_ik/trac_ik'
[29.661s] [34mcolcon.colcon_core.shell[0m [1;30mINFO[0m Skip shell extension 'powershell' for command environment: Not usable outside of PowerShell
[29.661s] [34mcolcon.colcon_core.shell[0m [1;30mDEBUG[0m [32mSkip shell extension 'dsv' for command environment[0m
[29.680s] [34mcolcon.colcon_core.event_handler.log_command[0m [1;30mDEBUG[0m [32mInvoking command in '/home/duy/cocarry_ws/build/trac_ik': CMAKE_PREFIX_PATH=/home/duy/cocarry_ws/install/trac_ik_kinematics:/home/duy/cocarry_ws/install/trac_ik_lib:/home/duy/cocarry_ws/install/hrc_bringup:/home/duy/cocarry_ws/install/trac_ik:/home/duy/cocarry_ws/install/motoros2_client_interface_dependencies:/home/duy/cocarry_ws/install/hc10dtp_simulation:/home/duy/cocarry_ws/install/motoros2_interfaces:/home/duy/cocarry_ws/install/hc10dtp_bringup:/home/duy/cocarry_ws/install/hc10dtp_moveit_config:/home/duy/cocarry_ws/install/motoman_hc10dtp_support:/home/duy/cocarry_ws/install/motoman_gp4_support:/home/duy/cocarry_ws/install/motoman_resources:/home/duy/cocarry_ws/install/libfreenect2:/home/duy/cocarry_ws/install/kinect2_calibration:/home/duy/cocarry_ws/install/kinect2_bridge:/home/duy/cocarry_ws/install/kinect2_registration:/home/duy/cocarry_ws/install/industrial_msgs:/home/duy/cocarry_ws/install/trajectory_predictor:/home/duy/cocarry_ws/install/rula_tracker:/home/duy/cocarry_ws/install/realsense_tracker:/home/duy/cocarry_ws/install/predictor_ui:/home/duy/cocarry_ws/install/experiment_logger:/home/duy/cocarry_ws/install/coord_transform:/opt/ros/humble:/home/duy/cocarry_ws/install/human_hand_msgs /usr/bin/cmake --build /home/duy/cocarry_ws/build/trac_ik -- -j16 -l16[0m
[29.723s] [34mcolcon.colcon_core.event_handler.log_command[0m [1;30mDEBUG[0m [32mInvoked command in '/home/duy/cocarry_ws/build/trac_ik' returned '0': CMAKE_PREFIX_PATH=/home/duy/cocarry_ws/install/trac_ik_kinematics:/home/duy/cocarry_ws/install/trac_ik_lib:/home/duy/cocarry_ws/install/hrc_bringup:/home/duy/cocarry_ws/install/trac_ik:/home/duy/cocarry_ws/install/motoros2_client_interface_dependencies:/home/duy/cocarry_ws/install/hc10dtp_simulation:/home/duy/cocarry_ws/install/motoros2_interfaces:/home/duy/cocarry_ws/install/hc10dtp_bringup:/home/duy/cocarry_ws/install/hc10dtp_moveit_config:/home/duy/cocarry_ws/install/motoman_hc10dtp_support:/home/duy/cocarry_ws/install/motoman_gp4_support:/home/duy/cocarry_ws/install/motoman_resources:/home/duy/cocarry_ws/install/libfreenect2:/home/duy/cocarry_ws/install/kinect2_calibration:/home/duy/cocarry_ws/install/kinect2_bridge:/home/duy/cocarry_ws/install/kinect2_registration:/home/duy/cocarry_ws/install/industrial_msgs:/home/duy/cocarry_ws/install/trajectory_predictor:/home/duy/cocarry_ws/install/rula_tracker:/home/duy/cocarry_ws/install/realsense_tracker:/home/duy/cocarry_ws/install/predictor_ui:/home/duy/cocarry_ws/install/experiment_logger:/home/duy/cocarry_ws/install/coord_transform:/opt/ros/humble:/home/duy/cocarry_ws/install/human_hand_msgs /usr/bin/cmake --build /home/duy/cocarry_ws/build/trac_ik -- -j16 -l16[0m
[29.725s] [34mcolcon.colcon_core.event_handler.log_command[0m [1;30mDEBUG[0m [32mInvoking command in '/home/duy/cocarry_ws/build/trac_ik': CMAKE_PREFIX_PATH=/home/duy/cocarry_ws/install/trac_ik_kinematics:/home/duy/cocarry_ws/install/trac_ik_lib:/home/duy/cocarry_ws/install/hrc_bringup:/home/duy/cocarry_ws/install/trac_ik:/home/duy/cocarry_ws/install/motoros2_client_interface_dependencies:/home/duy/cocarry_ws/install/hc10dtp_simulation:/home/duy/cocarry_ws/install/motoros2_interfaces:/home/duy/cocarry_ws/install/hc10dtp_bringup:/home/duy/cocarry_ws/install/hc10dtp_moveit_config:/home/duy/cocarry_ws/install/motoman_hc10dtp_support:/home/duy/cocarry_ws/install/motoman_gp4_support:/home/duy/cocarry_ws/install/motoman_resources:/home/duy/cocarry_ws/install/libfreenect2:/home/duy/cocarry_ws/install/kinect2_calibration:/home/duy/cocarry_ws/install/kinect2_bridge:/home/duy/cocarry_ws/install/kinect2_registration:/home/duy/cocarry_ws/install/industrial_msgs:/home/duy/cocarry_ws/install/trajectory_predictor:/home/duy/cocarry_ws/install/rula_tracker:/home/duy/cocarry_ws/install/realsense_tracker:/home/duy/cocarry_ws/install/predictor_ui:/home/duy/cocarry_ws/install/experiment_logger:/home/duy/cocarry_ws/install/coord_transform:/opt/ros/humble:/home/duy/cocarry_ws/install/human_hand_msgs /usr/bin/cmake --install /home/duy/cocarry_ws/build/trac_ik[0m
[29.744s] [34mcolcon.colcon_core.environment[0m [1;30mLevel 1[0m create_environment_scripts_only(trac_ik)
[29.744s] [34mcolcon.colcon_core.event_handler.log_command[0m [1;30mDEBUG[0m [32mInvoked command in '/home/duy/cocarry_ws/build/trac_ik' returned '0': CMAKE_PREFIX_PATH=/home/duy/cocarry_ws/install/trac_ik_kinematics:/home/duy/cocarry_ws/install/trac_ik_lib:/home/duy/cocarry_ws/install/hrc_bringup:/home/duy/cocarry_ws/install/trac_ik:/home/duy/cocarry_ws/install/motoros2_client_interface_dependencies:/home/duy/cocarry_ws/install/hc10dtp_simulation:/home/duy/cocarry_ws/install/motoros2_interfaces:/home/duy/cocarry_ws/install/hc10dtp_bringup:/home/duy/cocarry_ws/install/hc10dtp_moveit_config:/home/duy/cocarry_ws/install/motoman_hc10dtp_support:/home/duy/cocarry_ws/install/motoman_gp4_support:/home/duy/cocarry_ws/install/motoman_resources:/home/duy/cocarry_ws/install/libfreenect2:/home/duy/cocarry_ws/install/kinect2_calibration:/home/duy/cocarry_ws/install/kinect2_bridge:/home/duy/cocarry_ws/install/kinect2_registration:/home/duy/cocarry_ws/install/industrial_msgs:/home/duy/cocarry_ws/install/trajectory_predictor:/home/duy/cocarry_ws/install/rula_tracker:/home/duy/cocarry_ws/install/realsense_tracker:/home/duy/cocarry_ws/install/predictor_ui:/home/duy/cocarry_ws/install/experiment_logger:/home/duy/cocarry_ws/install/coord_transform:/opt/ros/humble:/home/duy/cocarry_ws/install/human_hand_msgs /usr/bin/cmake --install /home/duy/cocarry_ws/build/trac_ik[0m
[29.744s] [34mcolcon.colcon_core.environment[0m [1;30mLevel 1[0m checking '/home/duy/cocarry_ws/install/trac_ik' for CMake module files
[29.745s] [34mcolcon.colcon_core.environment[0m [1;30mLevel 1[0m checking '/home/duy/cocarry_ws/install/trac_ik' for CMake config files
[29.745s] [34mcolcon.colcon_core.shell[0m [1;30mLevel 1[0m create_environment_hook('trac_ik', 'cmake_prefix_path')
[29.745s] [34mcolcon.colcon_core.shell[0m [1;30mINFO[0m Creating environment hook '/home/duy/cocarry_ws/install/trac_ik/share/trac_ik/hook/cmake_prefix_path.ps1'
[29.746s] [34mcolcon.colcon_core.shell[0m [1;30mINFO[0m Creating environment descriptor '/home/duy/cocarry_ws/install/trac_ik/share/trac_ik/hook/cmake_prefix_path.dsv'
[29.746s] [34mcolcon.colcon_core.shell[0m [1;30mINFO[0m Creating environment hook '/home/duy/cocarry_ws/install/trac_ik/share/trac_ik/hook/cmake_prefix_path.sh'
[29.746s] [34mcolcon.colcon_core.environment[0m [1;30mLevel 1[0m checking '/home/duy/cocarry_ws/install/trac_ik/bin'
[29.746s] [34mcolcon.colcon_core.environment[0m [1;30mLevel 1[0m checking '/home/duy/cocarry_ws/install/trac_ik/lib/pkgconfig/trac_ik.pc'
[29.747s] [34mcolcon.colcon_core.environment[0m [1;30mLevel 1[0m checking '/home/duy/cocarry_ws/install/trac_ik/lib/python3.10/site-packages'
[29.747s] [34mcolcon.colcon_core.environment[0m [1;30mLevel 1[0m checking '/home/duy/cocarry_ws/install/trac_ik/bin'
[29.747s] [34mcolcon.colcon_core.shell[0m [1;30mINFO[0m Creating package script '/home/duy/cocarry_ws/install/trac_ik/share/trac_ik/package.ps1'
[29.748s] [34mcolcon.colcon_core.shell[0m [1;30mINFO[0m Creating package descriptor '/home/duy/cocarry_ws/install/trac_ik/share/trac_ik/package.dsv'
[29.748s] [34mcolcon.colcon_core.shell[0m [1;30mINFO[0m Creating package script '/home/duy/cocarry_ws/install/trac_ik/share/trac_ik/package.sh'
[29.748s] [34mcolcon.colcon_core.shell[0m [1;30mINFO[0m Creating package script '/home/duy/cocarry_ws/install/trac_ik/share/trac_ik/package.bash'
[29.748s] [34mcolcon.colcon_core.shell[0m [1;30mINFO[0m Creating package script '/home/duy/cocarry_ws/install/trac_ik/share/trac_ik/package.zsh'
[29.749s] [34mcolcon.colcon_core.environment[0m [1;30mLevel 1[0m create_file_with_runtime_dependencies(/home/duy/cocarry_ws/install/trac_ik/share/colcon-core/packages/trac_ik)
[29.749s] [34mcolcon.colcon_core.environment[0m [1;30mLevel 1[0m create_environment_scripts_only(trac_ik)
[29.749s] [34mcolcon.colcon_core.environment[0m [1;30mLevel 1[0m checking '/home/duy/cocarry_ws/install/trac_ik' for CMake module files
[29.749s] [34mcolcon.colcon_core.environment[0m [1;30mLevel 1[0m checking '/home/duy/cocarry_ws/install/trac_ik' for CMake config files
[29.750s] [34mcolcon.colcon_core.shell[0m [1;30mLevel 1[0m create_environment_hook('trac_ik', 'cmake_prefix_path')
[29.750s] [34mcolcon.colcon_core.shell[0m [1;30mINFO[0m Creating environment hook '/home/duy/cocarry_ws/install/trac_ik/share/trac_ik/hook/cmake_prefix_path.ps1'
[29.750s] [34mcolcon.colcon_core.shell[0m [1;30mINFO[0m Creating environment descriptor '/home/duy/cocarry_ws/install/trac_ik/share/trac_ik/hook/cmake_prefix_path.dsv'
[29.750s] [34mcolcon.colcon_core.shell[0m [1;30mINFO[0m Creating environment hook '/home/duy/cocarry_ws/install/trac_ik/share/trac_ik/hook/cmake_prefix_path.sh'
[29.751s] [34mcolcon.colcon_core.environment[0m [1;30mLevel 1[0m checking '/home/duy/cocarry_ws/install/trac_ik/bin'
[29.751s] [34mcolcon.colcon_core.environment[0m [1;30mLevel 1[0m checking '/home/duy/cocarry_ws/install/trac_ik/lib/pkgconfig/trac_ik.pc'
[29.751s] [34mcolcon.colcon_core.environment[0m [1;30mLevel 1[0m checking '/home/duy/cocarry_ws/install/trac_ik/lib/python3.10/site-packages'
[29.751s] [34mcolcon.colcon_core.environment[0m [1;30mLevel 1[0m checking '/home/duy/cocarry_ws/install/trac_ik/bin'
[29.751s] [34mcolcon.colcon_core.shell[0m [1;30mINFO[0m Creating package script '/home/duy/cocarry_ws/install/trac_ik/share/trac_ik/package.ps1'
[29.752s] [34mcolcon.colcon_core.shell[0m [1;30mINFO[0m Creating package descriptor '/home/duy/cocarry_ws/install/trac_ik/share/trac_ik/package.dsv'
[29.752s] [34mcolcon.colcon_core.shell[0m [1;30mINFO[0m Creating package script '/home/duy/cocarry_ws/install/trac_ik/share/trac_ik/package.sh'
[29.753s] [34mcolcon.colcon_core.shell[0m [1;30mINFO[0m Creating package script '/home/duy/cocarry_ws/install/trac_ik/share/trac_ik/package.bash'
[29.753s] [34mcolcon.colcon_core.shell[0m [1;30mINFO[0m Creating package script '/home/duy/cocarry_ws/install/trac_ik/share/trac_ik/package.zsh'
[29.753s] [34mcolcon.colcon_core.environment[0m [1;30mLevel 1[0m create_file_with_runtime_dependencies(/home/duy/cocarry_ws/install/trac_ik/share/colcon-core/packages/trac_ik)
[30.572s] [34mcolcon.colcon_core.event_handler.log_command[0m [1;30mDEBUG[0m [32mInvoked command in '/home/duy/cocarry_ws/build/kinect2_calibration' returned '0': CMAKE_PREFIX_PATH=/home/duy/cocarry_ws/install/kinect2_bridge:/home/duy/cocarry_ws/install/kinect2_registration:/home/duy/cocarry_ws/install/hrc_bringup:/home/duy/cocarry_ws/install/trac_ik:/home/duy/cocarry_ws/install/trac_ik_kinematics:/home/duy/cocarry_ws/install/trac_ik_lib:/home/duy/cocarry_ws/install/motoros2_client_interface_dependencies:/home/duy/cocarry_ws/install/hc10dtp_simulation:/home/duy/cocarry_ws/install/motoros2_interfaces:/home/duy/cocarry_ws/install/hc10dtp_bringup:/home/duy/cocarry_ws/install/hc10dtp_moveit_config:/home/duy/cocarry_ws/install/motoman_hc10dtp_support:/home/duy/cocarry_ws/install/motoman_gp4_support:/home/duy/cocarry_ws/install/motoman_resources:/home/duy/cocarry_ws/install/libfreenect2:/home/duy/cocarry_ws/install/kinect2_calibration:/home/duy/cocarry_ws/install/industrial_msgs:/home/duy/cocarry_ws/install/trajectory_predictor:/home/duy/cocarry_ws/install/rula_tracker:/home/duy/cocarry_ws/install/realsense_tracker:/home/duy/cocarry_ws/install/predictor_ui:/home/duy/cocarry_ws/install/experiment_logger:/home/duy/cocarry_ws/install/coord_transform:/opt/ros/humble:/home/duy/cocarry_ws/install/human_hand_msgs /usr/bin/cmake --build /home/duy/cocarry_ws/build/kinect2_calibration -- -j16 -l16[0m
[30.573s] [34mcolcon.colcon_core.event_handler.log_command[0m [1;30mDEBUG[0m [32mInvoking command in '/home/duy/cocarry_ws/build/kinect2_calibration': CMAKE_PREFIX_PATH=/home/duy/cocarry_ws/install/kinect2_bridge:/home/duy/cocarry_ws/install/kinect2_registration:/home/duy/cocarry_ws/install/hrc_bringup:/home/duy/cocarry_ws/install/trac_ik:/home/duy/cocarry_ws/install/trac_ik_kinematics:/home/duy/cocarry_ws/install/trac_ik_lib:/home/duy/cocarry_ws/install/motoros2_client_interface_dependencies:/home/duy/cocarry_ws/install/hc10dtp_simulation:/home/duy/cocarry_ws/install/motoros2_interfaces:/home/duy/cocarry_ws/install/hc10dtp_bringup:/home/duy/cocarry_ws/install/hc10dtp_moveit_config:/home/duy/cocarry_ws/install/motoman_hc10dtp_support:/home/duy/cocarry_ws/install/motoman_gp4_support:/home/duy/cocarry_ws/install/motoman_resources:/home/duy/cocarry_ws/install/libfreenect2:/home/duy/cocarry_ws/install/kinect2_calibration:/home/duy/cocarry_ws/install/industrial_msgs:/home/duy/cocarry_ws/install/trajectory_predictor:/home/duy/cocarry_ws/install/rula_tracker:/home/duy/cocarry_ws/install/realsense_tracker:/home/duy/cocarry_ws/install/predictor_ui:/home/duy/cocarry_ws/install/experiment_logger:/home/duy/cocarry_ws/install/coord_transform:/opt/ros/humble:/home/duy/cocarry_ws/install/human_hand_msgs /usr/bin/cmake --install /home/duy/cocarry_ws/build/kinect2_calibration[0m
[30.593s] [34mcolcon.colcon_core.environment[0m [1;30mLevel 1[0m create_environment_scripts_only(kinect2_calibration)
[30.593s] [34mcolcon.colcon_core.environment[0m [1;30mLevel 1[0m checking '/home/duy/cocarry_ws/install/kinect2_calibration' for CMake module files
[30.594s] [34mcolcon.colcon_core.event_handler.log_command[0m [1;30mDEBUG[0m [32mInvoked command in '/home/duy/cocarry_ws/build/kinect2_calibration' returned '0': CMAKE_PREFIX_PATH=/home/duy/cocarry_ws/install/kinect2_bridge:/home/duy/cocarry_ws/install/kinect2_registration:/home/duy/cocarry_ws/install/hrc_bringup:/home/duy/cocarry_ws/install/trac_ik:/home/duy/cocarry_ws/install/trac_ik_kinematics:/home/duy/cocarry_ws/install/trac_ik_lib:/home/duy/cocarry_ws/install/motoros2_client_interface_dependencies:/home/duy/cocarry_ws/install/hc10dtp_simulation:/home/duy/cocarry_ws/install/motoros2_interfaces:/home/duy/cocarry_ws/install/hc10dtp_bringup:/home/duy/cocarry_ws/install/hc10dtp_moveit_config:/home/duy/cocarry_ws/install/motoman_hc10dtp_support:/home/duy/cocarry_ws/install/motoman_gp4_support:/home/duy/cocarry_ws/install/motoman_resources:/home/duy/cocarry_ws/install/libfreenect2:/home/duy/cocarry_ws/install/kinect2_calibration:/home/duy/cocarry_ws/install/industrial_msgs:/home/duy/cocarry_ws/install/trajectory_predictor:/home/duy/cocarry_ws/install/rula_tracker:/home/duy/cocarry_ws/install/realsense_tracker:/home/duy/cocarry_ws/install/predictor_ui:/home/duy/cocarry_ws/install/experiment_logger:/home/duy/cocarry_ws/install/coord_transform:/opt/ros/humble:/home/duy/cocarry_ws/install/human_hand_msgs /usr/bin/cmake --install /home/duy/cocarry_ws/build/kinect2_calibration[0m
[30.594s] [34mcolcon.colcon_core.environment[0m [1;30mLevel 1[0m checking '/home/duy/cocarry_ws/install/kinect2_calibration' for CMake config files
[30.595s] [34mcolcon.colcon_core.shell[0m [1;30mLevel 1[0m create_environment_hook('kinect2_calibration', 'cmake_prefix_path')
[30.595s] [34mcolcon.colcon_core.shell[0m [1;30mINFO[0m Creating environment hook '/home/duy/cocarry_ws/install/kinect2_calibration/share/kinect2_calibration/hook/cmake_prefix_path.ps1'
[30.595s] [34mcolcon.colcon_core.shell[0m [1;30mINFO[0m Creating environment descriptor '/home/duy/cocarry_ws/install/kinect2_calibration/share/kinect2_calibration/hook/cmake_prefix_path.dsv'
[30.596s] [34mcolcon.colcon_core.shell[0m [1;30mINFO[0m Creating environment hook '/home/duy/cocarry_ws/install/kinect2_calibration/share/kinect2_calibration/hook/cmake_prefix_path.sh'
[30.596s] [34mcolcon.colcon_core.environment[0m [1;30mLevel 1[0m checking '/home/duy/cocarry_ws/install/kinect2_calibration/lib'
[30.597s] [34mcolcon.colcon_core.environment[0m [1;30mLevel 1[0m checking '/home/duy/cocarry_ws/install/kinect2_calibration/bin'
[30.597s] [34mcolcon.colcon_core.environment[0m [1;30mLevel 1[0m checking '/home/duy/cocarry_ws/install/kinect2_calibration/lib/pkgconfig/kinect2_calibration.pc'
[30.597s] [34mcolcon.colcon_core.environment[0m [1;30mLevel 1[0m checking '/home/duy/cocarry_ws/install/kinect2_calibration/lib/python3.10/site-packages'
[30.597s] [34mcolcon.colcon_core.environment[0m [1;30mLevel 1[0m checking '/home/duy/cocarry_ws/install/kinect2_calibration/bin'
[30.598s] [34mcolcon.colcon_core.shell[0m [1;30mINFO[0m Creating package script '/home/duy/cocarry_ws/install/kinect2_calibration/share/kinect2_calibration/package.ps1'
[30.598s] [34mcolcon.colcon_core.shell[0m [1;30mINFO[0m Creating package descriptor '/home/duy/cocarry_ws/install/kinect2_calibration/share/kinect2_calibration/package.dsv'
[30.599s] [34mcolcon.colcon_core.shell[0m [1;30mINFO[0m Creating package script '/home/duy/cocarry_ws/install/kinect2_calibration/share/kinect2_calibration/package.sh'
[30.599s] [34mcolcon.colcon_core.shell[0m [1;30mINFO[0m Creating package script '/home/duy/cocarry_ws/install/kinect2_calibration/share/kinect2_calibration/package.bash'
[30.599s] [34mcolcon.colcon_core.shell[0m [1;30mINFO[0m Creating package script '/home/duy/cocarry_ws/install/kinect2_calibration/share/kinect2_calibration/package.zsh'
[30.599s] [34mcolcon.colcon_core.environment[0m [1;30mLevel 1[0m create_file_with_runtime_dependencies(/home/duy/cocarry_ws/install/kinect2_calibration/share/colcon-core/packages/kinect2_calibration)
[30.600s] [34mcolcon.colcon_core.environment[0m [1;30mLevel 1[0m create_environment_scripts_only(kinect2_calibration)
[30.600s] [34mcolcon.colcon_core.environment[0m [1;30mLevel 1[0m checking '/home/duy/cocarry_ws/install/kinect2_calibration' for CMake module files
[30.600s] [34mcolcon.colcon_core.environment[0m [1;30mLevel 1[0m checking '/home/duy/cocarry_ws/install/kinect2_calibration' for CMake config files
[30.600s] [34mcolcon.colcon_core.shell[0m [1;30mLevel 1[0m create_environment_hook('kinect2_calibration', 'cmake_prefix_path')
[30.600s] [34mcolcon.colcon_core.shell[0m [1;30mINFO[0m Creating environment hook '/home/duy/cocarry_ws/install/kinect2_calibration/share/kinect2_calibration/hook/cmake_prefix_path.ps1'
[30.601s] [34mcolcon.colcon_core.shell[0m [1;30mINFO[0m Creating environment descriptor '/home/duy/cocarry_ws/install/kinect2_calibration/share/kinect2_calibration/hook/cmake_prefix_path.dsv'
[30.601s] [34mcolcon.colcon_core.shell[0m [1;30mINFO[0m Creating environment hook '/home/duy/cocarry_ws/install/kinect2_calibration/share/kinect2_calibration/hook/cmake_prefix_path.sh'
[30.601s] [34mcolcon.colcon_core.environment[0m [1;30mLevel 1[0m checking '/home/duy/cocarry_ws/install/kinect2_calibration/lib'
[30.601s] [34mcolcon.colcon_core.environment[0m [1;30mLevel 1[0m checking '/home/duy/cocarry_ws/install/kinect2_calibration/bin'
[30.601s] [34mcolcon.colcon_core.environment[0m [1;30mLevel 1[0m checking '/home/duy/cocarry_ws/install/kinect2_calibration/lib/pkgconfig/kinect2_calibration.pc'
[30.601s] [34mcolcon.colcon_core.environment[0m [1;30mLevel 1[0m checking '/home/duy/cocarry_ws/install/kinect2_calibration/lib/python3.10/site-packages'
[30.602s] [34mcolcon.colcon_core.environment[0m [1;30mLevel 1[0m checking '/home/duy/cocarry_ws/install/kinect2_calibration/bin'
[30.602s] [34mcolcon.colcon_core.shell[0m [1;30mINFO[0m Creating package script '/home/duy/cocarry_ws/install/kinect2_calibration/share/kinect2_calibration/package.ps1'
[30.602s] [34mcolcon.colcon_core.shell[0m [1;30mINFO[0m Creating package descriptor '/home/duy/cocarry_ws/install/kinect2_calibration/share/kinect2_calibration/package.dsv'
[30.602s] [34mcolcon.colcon_core.shell[0m [1;30mINFO[0m Creating package script '/home/duy/cocarry_ws/install/kinect2_calibration/share/kinect2_calibration/package.sh'
[30.603s] [34mcolcon.colcon_core.shell[0m [1;30mINFO[0m Creating package script '/home/duy/cocarry_ws/install/kinect2_calibration/share/kinect2_calibration/package.bash'
[30.603s] [34mcolcon.colcon_core.shell[0m [1;30mINFO[0m Creating package script '/home/duy/cocarry_ws/install/kinect2_calibration/share/kinect2_calibration/package.zsh'
[30.603s] [34mcolcon.colcon_core.environment[0m [1;30mLevel 1[0m create_file_with_runtime_dependencies(/home/duy/cocarry_ws/install/kinect2_calibration/share/colcon-core/packages/kinect2_calibration)
[30.603s] [34mcolcon.colcon_parallel_executor.executor.parallel[0m [1;30mDEBUG[0m [32mclosing loop[0m
[30.603s] [34mcolcon.colcon_parallel_executor.executor.parallel[0m [1;30mDEBUG[0m [32mloop closed[0m
[30.603s] [34mcolcon.colcon_parallel_executor.executor.parallel[0m [1;30mDEBUG[0m [32mrun_until_complete finished with '0'[0m
[30.603s] [34mcolcon.colcon_core.event_reactor[0m [1;30mDEBUG[0m [32mjoining thread[0m
[30.610s] [34mcolcon.colcon_core.plugin_system[0m [1;30mINFO[0m Skipping extension 'colcon_notification.desktop_notification.terminal_notifier': Not used on non-Darwin systems
[30.610s] [34mcolcon.colcon_core.plugin_system[0m [1;30mINFO[0m Skipping extension 'colcon_notification.desktop_notification.win32': Not used on non-Windows systems
[30.610s] [34mcolcon.colcon_notification.desktop_notification[0m [1;30mINFO[0m Sending desktop notification using 'notify2'
[30.621s] [34mcolcon.colcon_core.event_reactor[0m [1;30mDEBUG[0m [32mjoined thread[0m
[30.621s] [34mcolcon.colcon_core.shell[0m [1;30mINFO[0m Creating prefix script '/home/duy/cocarry_ws/install/local_setup.ps1'
[30.622s] [34mcolcon.colcon_core.shell[0m [1;30mINFO[0m Creating prefix util module '/home/duy/cocarry_ws/install/_local_setup_util_ps1.py'
[30.623s] [34mcolcon.colcon_core.shell[0m [1;30mINFO[0m Creating prefix chain script '/home/duy/cocarry_ws/install/setup.ps1'
[30.624s] [34mcolcon.colcon_core.shell[0m [1;30mINFO[0m Creating prefix script '/home/duy/cocarry_ws/install/local_setup.sh'
[30.625s] [34mcolcon.colcon_core.shell[0m [1;30mINFO[0m Creating prefix util module '/home/duy/cocarry_ws/install/_local_setup_util_sh.py'
[30.625s] [34mcolcon.colcon_core.shell[0m [1;30mINFO[0m Creating prefix chain script '/home/duy/cocarry_ws/install/setup.sh'
[30.626s] [34mcolcon.colcon_core.shell[0m [1;30mINFO[0m Creating prefix script '/home/duy/cocarry_ws/install/local_setup.bash'
[30.627s] [34mcolcon.colcon_core.shell[0m [1;30mINFO[0m Creating prefix chain script '/home/duy/cocarry_ws/install/setup.bash'
[30.628s] [34mcolcon.colcon_core.shell[0m [1;30mINFO[0m Creating prefix script '/home/duy/cocarry_ws/install/local_setup.zsh'
[30.628s] [34mcolcon.colcon_core.shell[0m [1;30mINFO[0m Creating prefix chain script '/home/duy/cocarry_ws/install/setup.zsh'
