[INFO] [1781233475.346031146] [cartesian_streamer]: CartesianStreamer khởi động (chờ Enable Robot từ UI).
  Stream rate:       15 Hz (period=66.7ms)
  Queue dt:          0.067 s
  Prebuffer points:  3
  Retry backoff:     66.0 ms
  Gửi PoseStamped lên: /cartesian_streamer/target_pose
  Gửi XYZ lên:        /cartesian_streamer/target_xyz
  Nhận EE pose tại:   /cartesian_streamer/current_pose
[INFO] [1781233475.349304621] [cartesian_streamer]: Nhận joint_states: ['1.571', '0.124', '-1.022', '0.000', '-0.398', '0.000']
[WARN] [1781233476.831065814] [cartesian_streamer]: Không thể cross-validate FK (local hoặc MoveIt! FK thất bại). Local IK vẫn hoạt động nhưng CHƯA ĐƯỢC VALIDATE.
[INFO] [1781233476.832020466] [cartesian_streamer]: Đã nhận joint_states. EE hiện tại: (-0.1620, 0.2959, 0.3839). IK mode: Local DLS. Chờ Enable Robot từ UI...
[INFO] [1781233514.827586552] [cartesian_streamer]: Enable Robot: bắt đầu chuỗi khởi động...
[INFO] [1781233514.828514493] [cartesian_streamer]: Enable: reset_error...
[INFO] [1781233514.840061248] [cartesian_streamer]: reset_error: code=1, msg="success"
[INFO] [1781233514.840601249] [cartesian_streamer]: Enable: stop_traj_mode (giải phóng mode cũ)...
[INFO] [1781233514.888216036] [cartesian_streamer]: stop_traj_mode: success=True, code=N/A, msg=""
[INFO] [1781233514.888853391] [cartesian_streamer]: Enable: chờ 1.5s để hệ thống ổn định trước khi start queue...
[INFO] [1781233516.389913522] [cartesian_streamer]: Enable: StartPointQueueMode...
[INFO] [1781233520.781654837] [cartesian_streamer]: StartPointQueueMode response: code=1, msg=""
[INFO] [1781233520.782185011] [cartesian_streamer]: ✓ Robot ENABLED — Point Queue Mode active. Servo ON!
[INFO] [1781233520.795928171] [cartesian_streamer]: Runtime rate: state=seeding, tick_hz=0.0, queue_send_hz=0.0, ack_hz=0.0, busy_hz=0.0, retry_count=0, reject_count=0, inter_ack_ms=0.0, max_joint_delta=0.000, cumul_time=0.00s, hold_count=0, ik_mode=Local, ik_avg_ms=0.00, ik_fails=0
[INFO] [1781233520.796889925] [cartesian_streamer]: Bootstrap EE pose via FK: (-0.1620, 0.2959, 0.3839)
[INFO] [1781233520.797415862] [cartesian_streamer]: Đang stream qua service: /queue_traj_point
[INFO] [1781233520.798179240] [cartesian_streamer]: Đã gửi seed point (current joints, t=0), chờ ACK...
[INFO] [1781233520.808797359] [cartesian_streamer]: Seed ACK nhận được, bắt đầu prebuffer.
[INFO] [1781233520.809355783] [cartesian_streamer]: Queue accepted sample#1: svc=/queue_traj_point, t_cumul=0.0000s, code=1, msg="", hold=False
[INFO] [1781233520.884109687] [cartesian_streamer]: Queue accepted sample#2: svc=/queue_traj_point, t_cumul=0.0646s, code=1, msg="", hold=True
[INFO] [1781233520.939132780] [cartesian_streamer]: Queue accepted sample#3: svc=/queue_traj_point, t_cumul=0.1311s, code=1, msg="", hold=True
[INFO] [1781233521.011300250] [cartesian_streamer]: Pre-buffer hoàn tất (3 points), bắt đầu stream ổn định. Đang chờ target...
[INFO] [1781233521.011557075] [cartesian_streamer]: Queue accepted sample#4: svc=/queue_traj_point, t_cumul=0.1977s, code=1, msg="", hold=True
[INFO] [1781233521.063535259] [cartesian_streamer]: IK OK → Δmax=0.0072 rad, joints: [1.568, 0.129, -1.015, -0.000, -0.400, 0.003]
[INFO] [1781233521.285134964] [cartesian_streamer]: Queue accepted sample#5: svc=/queue_traj_point, t_cumul=0.2662s, code=1, msg="", hold=False
[INFO] [1781233522.916516418] [cartesian_streamer]: QueueTrajPoint accepted #20: t=1.863s, hold=False
[INFO] [1781233523.064571175] [cartesian_streamer]: IK OK → Δmax=0.0085 rad, joints: [1.495, 0.117, -0.951, -0.004, -0.476, 0.079]
[INFO] [1781233524.873529548] [cartesian_streamer]: QueueTrajPoint accepted #40: t=3.930s, hold=False
[INFO] [1781233525.064751683] [cartesian_streamer]: IK OK → Δmax=0.0122 rad, joints: [1.367, 0.225, -0.693, -0.009, -0.627, 0.211]
[INFO] [1781233525.795695873] [cartesian_streamer]: Runtime rate: state=streaming, tick_hz=15.0, queue_send_hz=9.6, ack_hz=9.4, busy_hz=0.0, retry_count=0, reject_count=0, inter_ack_ms=105.9, max_joint_delta=0.041, cumul_time=4.73s, hold_count=0, ik_mode=Local, ik_avg_ms=1.48, ik_fails=0
[WARN] [1781233527.069351351] [cartesian_streamer]: Queue BUSY, sẽ resend (backoff 66ms): msg="Busy processing the previous trajectory point. Please resend the next point shortly"
[INFO] [1781233527.196837876] [cartesian_streamer]: IK OK → Δmax=0.0244 rad, joints: [1.288, 0.407, -0.475, -0.012, -0.663, 0.293]
[INFO] [1781233527.311949039] [cartesian_streamer]: QueueTrajPoint accepted #60: t=5.996s, hold=False
[INFO] [1781233529.196902477] [cartesian_streamer]: IK OK → Δmax=0.0252 rad, joints: [1.219, 0.518, -0.193, -0.012, -0.835, 0.360]
[INFO] [1781233529.589321481] [cartesian_streamer]: QueueTrajPoint accepted #80: t=7.928s, hold=False
[INFO] [1781233530.863381265] [cartesian_streamer]: Runtime rate: state=streaming, tick_hz=15.0, queue_send_hz=9.1, ack_hz=9.1, busy_hz=0.2, retry_count=1, reject_count=0, inter_ack_ms=112.4, max_joint_delta=0.063, cumul_time=9.20s, hold_count=0, ik_mode=Local, ik_avg_ms=1.46, ik_fails=0
[INFO] [1781233531.197797573] [cartesian_streamer]: IK OK → Δmax=0.0102 rad, joints: [1.142, 0.549, -0.025, -0.013, -0.973, 0.436]
[INFO] [1781233531.649447393] [cartesian_streamer]: QueueTrajPoint accepted #100: t=9.997s, hold=False
[INFO] [1781233533.198092857] [cartesian_streamer]: IK OK → Δmax=0.0341 rad, joints: [1.105, 0.734, 0.294, -0.013, -1.108, 0.471]
[INFO] [1781233534.290040627] [cartesian_streamer]: QueueTrajPoint accepted #120: t=12.263s, hold=False
[INFO] [1781233535.199013721] [cartesian_streamer]: IK OK → Δmax=0.0146 rad, joints: [1.030, 0.841, 0.463, -0.015, -1.170, 0.546]
[INFO] [1781233535.929021215] [cartesian_streamer]: Runtime rate: state=streaming, tick_hz=15.0, queue_send_hz=8.3, ack_hz=8.3, busy_hz=0.0, retry_count=0, reject_count=0, inter_ack_ms=119.8, max_joint_delta=0.064, cumul_time=14.00s, hold_count=0, ik_mode=Local, ik_avg_ms=1.54, ik_fails=0
[INFO] [1781233536.140061258] [cartesian_streamer]: Disable Robot: dừng stream, tắt traj mode...
[INFO] [1781233536.140966438] [cartesian_streamer]: ✗ Robot DISABLED.
[INFO] [1781233702.383933450] [cartesian_streamer]: Enable Robot: bắt đầu chuỗi khởi động...
[INFO] [1781233702.384472032] [cartesian_streamer]: Enable: reset_error...
[INFO] [1781233702.401080214] [cartesian_streamer]: reset_error: code=1, msg="success"
[INFO] [1781233702.401613227] [cartesian_streamer]: Enable: stop_traj_mode (giải phóng mode cũ)...
[INFO] [1781233702.446734053] [cartesian_streamer]: stop_traj_mode: success=True, code=N/A, msg=""
[INFO] [1781233702.447284728] [cartesian_streamer]: Enable: chờ 1.5s để hệ thống ổn định trước khi start queue...
[INFO] [1781233703.948120795] [cartesian_streamer]: Enable: StartPointQueueMode...
[INFO] [1781233705.507347733] [cartesian_streamer]: StartPointQueueMode response: code=1, msg=""
[INFO] [1781233705.507893903] [cartesian_streamer]: ✓ Robot ENABLED — Point Queue Mode active. Servo ON!
[INFO] [1781233705.529403407] [cartesian_streamer]: Runtime rate: state=seeding, tick_hz=0.0, queue_send_hz=0.0, ack_hz=0.0, busy_hz=0.0, retry_count=0, reject_count=0, inter_ack_ms=368.9, max_joint_delta=0.017, cumul_time=0.00s, hold_count=0, ik_mode=Local, ik_avg_ms=1.53, ik_fails=0
[WARN] [1781233705.530454362] [cartesian_streamer]: Target stream stale: không có target mới trong 169.4s
[WARN] [1781233705.532009620] [cartesian_streamer]: QueueTrajPoint đã được accept nhưng joint_states hầu như không đổi. Kiểm tra: 1) Robot ở mode AUTO? 2) Servo ON? 3) E-stop cleared?
[INFO] [1781233705.532745829] [cartesian_streamer]: Bootstrap EE pose via FK: (-0.1620, 0.2959, 0.3839)
[INFO] [1781233705.533214475] [cartesian_streamer]: Đã gửi seed point (current joints, t=0), chờ ACK...
[INFO] [1781233705.536485690] [cartesian_streamer]: Seed ACK nhận được, bắt đầu prebuffer.
[INFO] [1781233705.801720031] [cartesian_streamer]: Pre-buffer hoàn tất (3 points), bắt đầu stream ổn định. Đang chờ target...
[INFO] [1781233705.802269119] [cartesian_streamer]: QueueTrajPoint accepted #140: t=0.262s, hold=True
[WARN] [1781233707.863037159] [cartesian_streamer]: Service call timeout (500ms). Resetting inflight flag.
[WARN] [1781233708.396388817] [cartesian_streamer]: Service call timeout (500ms). Resetting inflight flag.
[WARN] [1781233708.929660680] [cartesian_streamer]: Service call timeout (500ms). Resetting inflight flag.
[WARN] [1781233709.462349164] [cartesian_streamer]: Service call timeout (500ms). Resetting inflight flag.
[INFO] [1781233709.669593273] [cartesian_streamer]: IK OK → Δmax=0.0117 rad, joints: [1.565, 0.118, -1.034, 0.009, -0.387, -0.003]
[WARN] [1781233709.997428835] [cartesian_streamer]: Service call timeout (500ms). Resetting inflight flag.
[WARN] [1781233710.434832776] [cartesian_streamer]: Queue BUSY, sẽ resend (backoff 66ms): msg="Busy processing the previous trajectory point. Please resend the next point shortly"
[INFO] [1781233710.595853564] [cartesian_streamer]: Runtime rate: state=streaming, tick_hz=15.0, queue_send_hz=3.4, ack_hz=2.6, busy_hz=0.4, retry_count=2, reject_count=0, inter_ack_ms=13403.0, max_joint_delta=0.021, cumul_time=2.33s, hold_count=0, ik_mode=Local, ik_avg_ms=1.51, ik_fails=0
[WARN] [1781233710.596212985] [cartesian_streamer]: QueueTrajPoint đã được accept nhưng joint_states hầu như không đổi. Kiểm tra: 1) Robot ở mode AUTO? 2) Servo ON? 3) E-stop cleared?
[INFO] [1781233711.729764662] [cartesian_streamer]: IK OK → Δmax=0.0000 rad, joints: [1.571, 0.124, -1.022, 0.002, -0.397, -0.003]
[WARN] [1781233712.378522596] [cartesian_streamer]: Queue BUSY, sẽ resend (backoff 66ms): msg="Busy processing the previous trajectory point. Please resend the next point shortly"
[INFO] [1781233712.985583595] [cartesian_streamer]: QueueTrajPoint accepted #160: t=3.598s, hold=False
[INFO] [1781233713.730305784] [cartesian_streamer]: IK OK → Δmax=0.0000 rad, joints: [1.571, 0.124, -1.022, 0.001, -0.398, -0.001]
[WARN] [1781233714.399360643] [cartesian_streamer]: Service call timeout (500ms). Resetting inflight flag.
[INFO] [1781233714.730360984] [cartesian_streamer]: IK delta clamped → joints: [1.521, 0.096, -0.952, -0.003, -0.488, 0.052]
[WARN] [1781233714.930374240] [cartesian_streamer]: Service call timeout (500ms). Resetting inflight flag.
[WARN] [1781233715.465618323] [cartesian_streamer]: Service call timeout (500ms). Resetting inflight flag.
[INFO] [1781233715.662718188] [cartesian_streamer]: Runtime rate: state=streaming, tick_hz=15.0, queue_send_hz=4.3, ack_hz=3.0, busy_hz=0.6, retry_count=3, reject_count=0, inter_ack_ms=220.7, max_joint_delta=0.090, cumul_time=5.00s, hold_count=0, ik_mode=Local, ik_avg_ms=1.31, ik_fails=0
[INFO] [1781233715.730623619] [cartesian_streamer]: IK OK → Δmax=0.0900 rad, joints: [1.501, 0.059, -0.952, -0.004, -0.488, 0.089]
[WARN] [1781233715.999661945] [cartesian_streamer]: Service call timeout (500ms). Resetting inflight flag.
[WARN] [1781233716.531768777] [cartesian_streamer]: Service call timeout (500ms). Resetting inflight flag.
[INFO] [1781233716.797021154] [cartesian_streamer]: IK delta clamped → joints: [1.501, 0.054, -0.952, -0.004, -0.488, 0.089]
[WARN] [1781233717.159157011] [cartesian_streamer]: Queue BUSY, sẽ resend (backoff 66ms): msg="Busy processing the previous trajectory point. Please resend the next point shortly"
[INFO] [1781233717.732957640] [cartesian_streamer]: IK OK → Δmax=0.0079 rad, joints: [1.470, 0.036, -0.900, -0.005, -0.578, 0.105]
[INFO] [1781233719.053038213] [cartesian_streamer]: QueueTrajPoint accepted #180: t=6.603s, hold=False
[INFO] [1781233719.597861620] [cartesian_streamer]: IK delta clamped → joints: [1.372, 0.145, -0.753, -0.008, -0.661, 0.206]
[INFO] [1781233719.798317330] [cartesian_streamer]: IK OK → Δmax=0.0577 rad, joints: [1.354, 0.172, -0.697, -0.009, -0.675, 0.224]
[INFO] [1781233720.728984467] [cartesian_streamer]: Runtime rate: state=streaming, tick_hz=15.0, queue_send_hz=6.1, ack_hz=5.5, busy_hz=1.0, retry_count=5, reject_count=0, inter_ack_ms=245.6, max_joint_delta=0.090, cumul_time=8.20s, hold_count=0, ik_mode=Local, ik_avg_ms=1.31, ik_fails=0
[INFO] [1781233721.538938229] [cartesian_streamer]: QueueTrajPoint accepted #200: t=9.068s, hold=False
[INFO] [1781233721.866277309] [cartesian_streamer]: IK OK → Δmax=0.0114 rad, joints: [1.290, 0.197, -0.644, -0.011, -0.705, 0.289]
[INFO] [1781233723.884230276] [cartesian_streamer]: QueueTrajPoint accepted #220: t=11.265s, hold=False
[INFO] [1781233723.932556799] [cartesian_streamer]: IK OK → Δmax=0.0038 rad, joints: [1.215, 0.176, -0.522, -0.012, -0.848, 0.364]
[INFO] [1781233725.732717810] [cartesian_streamer]: Runtime rate: state=streaming, tick_hz=15.0, queue_send_hz=9.2, ack_hz=9.2, busy_hz=0.0, retry_count=0, reject_count=0, inter_ack_ms=108.8, max_joint_delta=0.050, cumul_time=12.93s, hold_count=0, ik_mode=Local, ik_avg_ms=1.32, ik_fails=0
[INFO] [1781233725.913118272] [cartesian_streamer]: QueueTrajPoint accepted #240: t=13.066s, hold=False
[INFO] [1781233725.998509215] [cartesian_streamer]: IK OK → Δmax=0.0335 rad, joints: [1.156, 0.188, -0.379, -0.013, -0.980, 0.422]
[WARN] [1781233727.293031572] [cartesian_streamer]: Queue BUSY, sẽ resend (backoff 66ms): msg="Busy processing the previous trajectory point. Please resend the next point shortly"
[INFO] [1781233727.466131485] [cartesian_streamer]: IK delta clamped → joints: [1.186, 0.370, -0.104, -0.011, -1.076, 0.390]
[INFO] [1781233728.000173709] [cartesian_streamer]: IK OK → Δmax=0.0144 rad, joints: [1.185, 0.388, -0.065, -0.011, -1.093, 0.391]
[INFO] [1781233728.280008493] [cartesian_streamer]: QueueTrajPoint accepted #260: t=15.265s, hold=False
[WARN] [1781233729.280573596] [cartesian_streamer]: Queue BUSY, sẽ resend (backoff 66ms): msg="Busy processing the previous trajectory point. Please resend the next point shortly"
[INFO] [1781233730.065763090] [cartesian_streamer]: IK OK → Δmax=0.0302 rad, joints: [1.171, 0.541, 0.170, -0.011, -1.175, 0.403]
[INFO] [1781233730.795831577] [cartesian_streamer]: Runtime rate: state=streaming, tick_hz=15.0, queue_send_hz=8.3, ack_hz=7.5, busy_hz=0.6, retry_count=3, reject_count=0, inter_ack_ms=132.4, max_joint_delta=0.070, cumul_time=17.13s, hold_count=0, ik_mode=Local, ik_avg_ms=1.35, ik_fails=0
[INFO] [1781233731.489177403] [cartesian_streamer]: QueueTrajPoint accepted #280: t=17.600s, hold=False
[INFO] [1781233732.131448084] [cartesian_streamer]: IK OK → Δmax=0.0030 rad, joints: [1.164, 0.697, 0.325, -0.011, -1.174, 0.411]
[INFO] [1781233732.598221389] [cartesian_streamer]: IK delta clamped → joints: [1.147, 0.723, 0.395, -0.011, -1.223, 0.428]
[INFO] [1781233733.681009200] [cartesian_streamer]: QueueTrajPoint accepted #300: t=19.800s, hold=False
[INFO] [1781233734.197948068] [cartesian_streamer]: IK OK → Δmax=0.0138 rad, joints: [1.122, 0.835, 0.661, -0.012, -1.373, 0.451]
[INFO] [1781233735.796215877] [cartesian_streamer]: Runtime rate: state=streaming, tick_hz=15.0, queue_send_hz=8.6, ack_hz=8.6, busy_hz=0.0, retry_count=0, reject_count=0, inter_ack_ms=115.5, max_joint_delta=0.070, cumul_time=21.80s, hold_count=0, ik_mode=Local, ik_avg_ms=1.37, ik_fails=0
[INFO] [1781233735.956397514] [cartesian_streamer]: QueueTrajPoint accepted #320: t=21.799s, hold=False
[INFO] [1781233736.263643346] [cartesian_streamer]: IK OK → Δmax=0.0064 rad, joints: [1.123, 0.934, 0.759, -0.012, -1.372, 0.450]
[INFO] [1781233738.266035346] [cartesian_streamer]: IK OK → Δmax=0.0128 rad, joints: [1.108, 0.988, 0.811, -0.012, -1.370, 0.465]
[INFO] [1781233739.050576248] [cartesian_streamer]: QueueTrajPoint accepted #340: t=24.536s, hold=False
[INFO] [1781233739.609226809] [cartesian_streamer]: Disable Robot: dừng stream, tắt traj mode...
[INFO] [1781233739.610674279] [cartesian_streamer]: ✗ Robot DISABLED.
[INFO] [1781234081.685123862] [cartesian_streamer]: Enable Robot: bắt đầu chuỗi khởi động...
[INFO] [1781234081.685805077] [cartesian_streamer]: Enable: reset_error...
[INFO] [1781234081.691207870] [cartesian_streamer]: reset_error: code=1, msg="success"
[INFO] [1781234081.691820311] [cartesian_streamer]: Enable: stop_traj_mode (giải phóng mode cũ)...
[INFO] [1781234081.737686886] [cartesian_streamer]: stop_traj_mode: success=True, code=N/A, msg=""
[INFO] [1781234081.738333167] [cartesian_streamer]: Enable: chờ 1.5s để hệ thống ổn định trước khi start queue...
[INFO] [1781234083.239715277] [cartesian_streamer]: Enable: StartPointQueueMode...
[INFO] [1781234087.625707721] [cartesian_streamer]: StartPointQueueMode response: code=1, msg=""
[INFO] [1781234087.626230874] [cartesian_streamer]: ✓ Robot ENABLED — Point Queue Mode active. Servo ON!
[INFO] [1781234087.663309405] [cartesian_streamer]: Runtime rate: state=seeding, tick_hz=0.2, queue_send_hz=0.1, ack_hz=0.1, busy_hz=0.0, retry_count=0, reject_count=0, inter_ack_ms=151.3, max_joint_delta=0.052, cumul_time=0.00s, hold_count=0, ik_mode=Local, ik_avg_ms=1.38, ik_fails=0
[WARN] [1781234087.663918709] [cartesian_streamer]: Target stream stale: không có target mới trong 348.1s
[WARN] [1781234087.664520337] [cartesian_streamer]: QueueTrajPoint đã được accept nhưng joint_states hầu như không đổi. Kiểm tra: 1) Robot ở mode AUTO? 2) Servo ON? 3) E-stop cleared?
[INFO] [1781234087.665445006] [cartesian_streamer]: Bootstrap EE pose via FK: (-0.1620, 0.2959, 0.3840)
[INFO] [1781234087.666243634] [cartesian_streamer]: Đã gửi seed point (current joints, t=0), chờ ACK...
[INFO] [1781234087.678134049] [cartesian_streamer]: Seed ACK nhận được, bắt đầu prebuffer.
[INFO] [1781234087.877590293] [cartesian_streamer]: Pre-buffer hoàn tất (3 points), bắt đầu stream ổn định. Đang chờ target...
[INFO] [1781234088.402789677] [cartesian_streamer]: IK OK → Δmax=0.0113 rad, joints: [1.564, 0.126, -1.021, 0.011, -0.395, -0.003]
[WARN] [1781234089.468348632] [cartesian_streamer]: ⚠ Queue mode bị drop! Auto-recovery lần 1/3...
[INFO] [1781234089.969329033] [cartesian_streamer]: Auto-recovery: bắt đầu re-enable queue mode...
[INFO] [1781234089.969720946] [cartesian_streamer]: Enable: reset_error...
[INFO] [1781234090.298185735] [cartesian_streamer]: reset_error: code=1, msg="success"
[INFO] [1781234090.298447618] [cartesian_streamer]: Enable: stop_traj_mode (giải phóng mode cũ)...
[INFO] [1781234090.547015589] [cartesian_streamer]: stop_traj_mode: success=True, code=N/A, msg=""
[INFO] [1781234090.547517601] [cartesian_streamer]: Enable: chờ 1.5s để hệ thống ổn định trước khi start queue...
[INFO] [1781234092.048396014] [cartesian_streamer]: Enable: StartPointQueueMode...
[INFO] [1781234092.182252722] [cartesian_streamer]: StartPointQueueMode response: code=111, msg="A PFL event has occurred. Please return the robot to a safe state"
[ERROR] [1781234092.182507828] [cartesian_streamer]: StartPointQueueMode FAILED: A PFL event has occurred. Please return the robot to a safe state
[INFO] [1781234122.962397581] [cartesian_streamer]: Disable Robot: dừng stream, tắt traj mode...
[INFO] [1781234122.963219055] [cartesian_streamer]: ✗ Robot DISABLED.
[INFO] [1781234126.316354124] [cartesian_streamer]: Enable Robot: bắt đầu chuỗi khởi động...
[INFO] [1781234126.316853840] [cartesian_streamer]: Enable: reset_error...
[INFO] [1781234126.330949794] [cartesian_streamer]: reset_error: code=1, msg="success"
[INFO] [1781234126.331443706] [cartesian_streamer]: Enable: stop_traj_mode (giải phóng mode cũ)...
[INFO] [1781234126.377699480] [cartesian_streamer]: stop_traj_mode: success=True, code=N/A, msg=""
[INFO] [1781234126.378146020] [cartesian_streamer]: Enable: chờ 1.5s để hệ thống ổn định trước khi start queue...
[INFO] [1781234127.879050835] [cartesian_streamer]: Enable: StartPointQueueMode...
[INFO] [1781234129.521017056] [cartesian_streamer]: StartPointQueueMode response: code=1, msg=""
[INFO] [1781234129.521291390] [cartesian_streamer]: ✓ Robot ENABLED — Point Queue Mode active. Servo ON!
[INFO] [1781234129.529624358] [cartesian_streamer]: Runtime rate: state=seeding, tick_hz=0.7, queue_send_hz=0.3, ack_hz=0.3, busy_hz=0.0, retry_count=0, reject_count=1, inter_ack_ms=29153.6, max_joint_delta=0.035, cumul_time=0.00s, hold_count=0, ik_mode=Local, ik_avg_ms=1.38, ik_fails=0
[WARN] [1781234129.530249193] [cartesian_streamer]: Target stream stale: không có target mới trong 40.1s
[WARN] [1781234129.530933161] [cartesian_streamer]: QueueTrajPoint đã được accept nhưng joint_states hầu như không đổi. Kiểm tra: 1) Robot ở mode AUTO? 2) Servo ON? 3) E-stop cleared?
[INFO] [1781234129.531499987] [cartesian_streamer]: Bootstrap EE pose via FK: (-0.1546, 0.3129, 0.3827)
[INFO] [1781234129.531959277] [cartesian_streamer]: Đã gửi seed point (current joints, t=0), chờ ACK...
[INFO] [1781234129.549446323] [cartesian_streamer]: Seed ACK nhận được, bắt đầu prebuffer.
[INFO] [1781234129.744783443] [cartesian_streamer]: QueueTrajPoint accepted #360: t=0.197s, hold=True
[INFO] [1781234129.917371241] [cartesian_streamer]: Pre-buffer hoàn tất (3 points), bắt đầu stream ổn định. Đang chờ target...
[WARN] [1781234130.604513798] [cartesian_streamer]: Queue BUSY, sẽ resend (backoff 66ms): msg="Busy processing the previous trajectory point. Please resend the next point shortly"
[INFO] [1781234133.047077613] [cartesian_streamer]: QueueTrajPoint accepted #380: t=2.730s, hold=True
[WARN] [1781234133.596088417] [cartesian_streamer]: Service call timeout (500ms). Resetting inflight flag.
[INFO] [1781234133.799258590] [cartesian_streamer]: IK OK → Δmax=0.0065 rad, joints: [1.552, 0.137, -1.009, -0.000, -0.398, 0.019]
[INFO] [1781234134.595914369] [cartesian_streamer]: Runtime rate: state=streaming, tick_hz=15.0, queue_send_hz=6.3, ack_hz=6.1, busy_hz=0.2, retry_count=1, reject_count=0, inter_ack_ms=1454.8, max_joint_delta=0.027, cumul_time=3.86s, hold_count=0, ik_mode=Local, ik_avg_ms=1.38, ik_fails=0
[INFO] [1781234135.865856027] [cartesian_streamer]: IK OK → Δmax=0.0643 rad, joints: [1.571, 0.093, -0.990, 0.000, -0.461, -0.000]
[INFO] [1781234136.276333096] [cartesian_streamer]: QueueTrajPoint accepted #400: t=5.259s, hold=False
[INFO] [1781234137.866058201] [cartesian_streamer]: IK OK → Δmax=0.0507 rad, joints: [1.560, 0.096, -0.995, -0.001, -0.454, 0.012]
[INFO] [1781234138.063793411] [cartesian_streamer]: IK delta clamped → joints: [1.556, 0.065, -0.940, -0.001, -0.516, 0.016]
[WARN] [1781234138.326395621] [cartesian_streamer]: ⚠ Queue mode bị drop! Auto-recovery lần 1/3...
[INFO] [1781234138.827307219] [cartesian_streamer]: Auto-recovery: bắt đầu re-enable queue mode...
[INFO] [1781234138.827832328] [cartesian_streamer]: Enable: reset_error...
[INFO] [1781234138.946616817] [cartesian_streamer]: reset_error: code=1, msg="success"
[INFO] [1781234138.947160026] [cartesian_streamer]: Enable: stop_traj_mode (giải phóng mode cũ)...
[INFO] [1781234138.985057519] [cartesian_streamer]: stop_traj_mode: success=True, code=N/A, msg=""
[INFO] [1781234138.985578210] [cartesian_streamer]: Enable: chờ 1.5s để hệ thống ổn định trước khi start queue...
[INFO] [1781234140.486464227] [cartesian_streamer]: Enable: StartPointQueueMode...
[INFO] [1781234140.614514764] [cartesian_streamer]: StartPointQueueMode response: code=104, msg="The teach pendant must not be in TEACH mode"
[ERROR] [1781234140.615021089] [cartesian_streamer]: StartPointQueueMode FAILED: The teach pendant must not be in TEACH mode
[INFO] [1781234144.888406167] [cartesian_streamer]: Disable Robot: dừng stream, tắt traj mode...
[INFO] [1781234144.889120949] [cartesian_streamer]: ✗ Robot DISABLED.
[INFO] [1781234200.255172170] [cartesian_streamer]: Enable Robot: bắt đầu chuỗi khởi động...
[INFO] [1781234200.255483157] [cartesian_streamer]: Enable: reset_error...
[INFO] [1781234200.276615031] [cartesian_streamer]: reset_error: code=105, msg="Pendant is not in REMOTE mode"
[INFO] [1781234200.277156529] [cartesian_streamer]: Enable: stop_traj_mode (giải phóng mode cũ)...
[INFO] [1781234200.326079271] [cartesian_streamer]: stop_traj_mode: success=True, code=N/A, msg=""
[INFO] [1781234200.326570281] [cartesian_streamer]: Enable: chờ 1.5s để hệ thống ổn định trước khi start queue...
[INFO] [1781234201.827706868] [cartesian_streamer]: Enable: StartPointQueueMode...
[INFO] [1781234201.855881714] [cartesian_streamer]: StartPointQueueMode response: code=104, msg="The teach pendant must not be in TEACH mode"
[ERROR] [1781234201.856519632] [cartesian_streamer]: StartPointQueueMode FAILED: The teach pendant must not be in TEACH mode
[INFO] [1781234208.276549909] [cartesian_streamer]: Enable Robot: bắt đầu chuỗi khởi động...
[INFO] [1781234208.277082453] [cartesian_streamer]: Enable: reset_error...
[INFO] [1781234208.283460592] [cartesian_streamer]: reset_error: code=1, msg="success"
[INFO] [1781234208.283981738] [cartesian_streamer]: Enable: stop_traj_mode (giải phóng mode cũ)...
[INFO] [1781234208.331448989] [cartesian_streamer]: stop_traj_mode: success=True, code=N/A, msg=""
[INFO] [1781234208.331978258] [cartesian_streamer]: Enable: chờ 1.5s để hệ thống ổn định trước khi start queue...
[INFO] [1781234209.832922520] [cartesian_streamer]: Enable: StartPointQueueMode...
[INFO] [1781234211.256979013] [cartesian_streamer]: StartPointQueueMode response: code=1, msg=""
[INFO] [1781234211.257507395] [cartesian_streamer]: ✓ Robot ENABLED — Point Queue Mode active. Servo ON!
[INFO] [1781234211.262615288] [cartesian_streamer]: Runtime rate: state=seeding, tick_hz=0.7, queue_send_hz=0.4, ack_hz=0.4, busy_hz=0.0, retry_count=0, reject_count=1, inter_ack_ms=128.6, max_joint_delta=0.090, cumul_time=0.00s, hold_count=0, ik_mode=Local, ik_avg_ms=1.40, ik_fails=0
[WARN] [1781234211.265544382] [cartesian_streamer]: Target stream stale: không có target mới trong 73.0s
[WARN] [1781234211.266234683] [cartesian_streamer]: QueueTrajPoint đã được accept nhưng joint_states hầu như không đổi. Kiểm tra: 1) Robot ở mode AUTO? 2) Servo ON? 3) E-stop cleared?
[INFO] [1781234211.267224736] [cartesian_streamer]: Bootstrap EE pose via FK: (-0.1612, 0.2972, 0.3858)
[INFO] [1781234211.268114179] [cartesian_streamer]: Đã gửi seed point (current joints, t=0), chờ ACK...
[INFO] [1781234211.280809955] [cartesian_streamer]: Seed ACK nhận được, bắt đầu prebuffer.
[INFO] [1781234211.603792083] [cartesian_streamer]: Pre-buffer hoàn tất (3 points), bắt đầu stream ổn định. Đang chờ target...
[INFO] [1781234211.604070280] [cartesian_streamer]: QueueTrajPoint accepted #420: t=0.328s, hold=True
[WARN] [1781234212.596354325] [cartesian_streamer]: Service call timeout (500ms). Resetting inflight flag.
[WARN] [1781234213.129670760] [cartesian_streamer]: Service call timeout (500ms). Resetting inflight flag.
[INFO] [1781234213.264714128] [cartesian_streamer]: IK OK → Δmax=0.0065 rad, joints: [1.566, 0.127, -1.012, -0.000, -0.406, 0.006]
[WARN] [1781234213.663728072] [cartesian_streamer]: Service call timeout (500ms). Resetting inflight flag.
[WARN] [1781234214.197716734] [cartesian_streamer]: Service call timeout (500ms). Resetting inflight flag.
[INFO] [1781234214.597111184] [cartesian_streamer]: IK delta clamped → joints: [1.554, 0.126, -0.949, -0.001, -0.473, 0.017]
[WARN] [1781234214.731574750] [cartesian_streamer]: Service call timeout (500ms). Resetting inflight flag.
[WARN] [1781234215.129712556] [cartesian_streamer]: Queue BUSY, sẽ resend (backoff 66ms): msg="Busy processing the previous trajectory point. Please resend the next point shortly"
[INFO] [1781234215.332077900] [cartesian_streamer]: IK OK → Δmax=0.0900 rad, joints: [1.529, 0.107, -0.953, -0.002, -0.488, 0.044]
[INFO] [1781234216.264073832] [cartesian_streamer]: Runtime rate: state=streaming, tick_hz=15.0, queue_send_hz=4.0, ack_hz=2.8, busy_hz=0.6, retry_count=3, reject_count=0, inter_ack_ms=5540.9, max_joint_delta=0.090, cumul_time=2.13s, hold_count=0, ik_mode=Local, ik_avg_ms=1.39, ik_fails=0
[WARN] [1781234216.397325071] [cartesian_streamer]: Service call timeout (500ms). Resetting inflight flag.
[INFO] [1781234216.598113112] [cartesian_streamer]: IK delta clamped → joints: [1.447, 0.057, -0.813, -0.005, -0.668, 0.128]
[WARN] [1781234216.933494989] [cartesian_streamer]: Service call timeout (500ms). Resetting inflight flag.
[INFO] [1781234217.332681204] [cartesian_streamer]: IK OK → Δmax=0.0900 rad, joints: [1.445, 0.045, -0.813, -0.006, -0.668, 0.148]
[WARN] [1781234217.465218318] [cartesian_streamer]: Service call timeout (500ms). Resetting inflight flag.
[INFO] [1781234218.354259468] [cartesian_streamer]: QueueTrajPoint accepted #440: t=2.663s, hold=False
[WARN] [1781234219.141661976] [cartesian_streamer]: Queue BUSY, sẽ resend (backoff 66ms): msg="Busy processing the previous trajectory point. Please resend the next point shortly"
[INFO] [1781234219.396217590] [cartesian_streamer]: IK OK → Δmax=0.0359 rad, joints: [1.364, 0.260, -0.135, -0.006, -1.150, 0.209]
[INFO] [1781234219.596801612] [cartesian_streamer]: IK delta clamped → joints: [1.357, 0.288, -0.101, -0.006, -1.171, 0.216]
[INFO] [1781234220.285579066] [cartesian_streamer]: QueueTrajPoint accepted #460: t=4.195s, hold=False
[WARN] [1781234220.651212525] [cartesian_streamer]: Queue BUSY, sẽ resend (backoff 66ms): msg="Busy processing the previous trajectory point. Please resend the next point shortly"
[INFO] [1781234221.329789665] [cartesian_streamer]: Runtime rate: state=streaming, tick_hz=15.0, queue_send_hz=8.1, ack_hz=7.7, busy_hz=0.6, retry_count=3, reject_count=0, inter_ack_ms=143.4, max_joint_delta=0.090, cumul_time=4.86s, hold_count=0, ik_mode=Local, ik_avg_ms=1.38, ik_fails=0
[INFO] [1781234221.397698141] [cartesian_streamer]: IK OK → Δmax=0.0700 rad, joints: [1.362, 0.655, 0.556, -0.005, -1.454, 0.209]
[WARN] [1781234221.916738103] [cartesian_streamer]: Queue BUSY, sẽ resend (backoff 66ms): msg="Busy processing the previous trajectory point. Please resend the next point shortly"
[INFO] [1781234221.999291262] [cartesian_streamer]: IK delta clamped → joints: [1.350, 0.806, 0.775, -0.006, -1.565, 0.221]
[INFO] [1781234222.357493992] [cartesian_streamer]: Local IK không hội tụ (fail #1)
[INFO] [1781234222.625354003] [cartesian_streamer]: QueueTrajPoint accepted #480: t=5.882s, hold=True
[WARN] [1781234222.950864042] [cartesian_streamer]: Local IK failed 10x liên tiếp! Fallback sang MoveIt! IK...
[WARN] [1781234223.241068622] [cartesian_streamer]: Queue BUSY, sẽ resend (backoff 66ms): msg="Busy processing the previous trajectory point. Please resend the next point shortly"
[INFO] [1781234223.483688586] [cartesian_streamer]: IK OK → Δmax=0.0700 rad, joints: [1.352, 0.901, 1.017, -0.006, -1.663, 0.218]
[WARN] [1781234225.018510559] [cartesian_streamer]: Local IK failed 35x liên tiếp! Fallback sang MoveIt! IK...
[INFO] [1781234225.490727244] [cartesian_streamer]: IK OK → Δmax=0.0000 rad, joints: [1.352, 0.901, 1.018, -0.006, -1.663, 0.218]
[INFO] [1781234225.696630361] [cartesian_streamer]: QueueTrajPoint accepted #500: t=8.381s, hold=False
[INFO] [1781234226.395995154] [cartesian_streamer]: Runtime rate: state=streaming, tick_hz=15.0, queue_send_hz=7.7, ack_hz=6.9, busy_hz=0.6, retry_count=3, reject_count=0, inter_ack_ms=143.9, max_joint_delta=0.083, cumul_time=9.09s, hold_count=0, ik_mode=Local, ik_avg_ms=2.81, ik_fails=51
[WARN] [1781234227.027270753] [cartesian_streamer]: Local IK failed 61x liên tiếp! Fallback sang MoveIt! IK...
[INFO] [1781234227.561332551] [cartesian_streamer]: IK OK → Δmax=0.0000 rad, joints: [1.352, 0.901, 1.018, -0.006, -1.663, 0.218]
[INFO] [1781234228.959069682] [cartesian_streamer]: QueueTrajPoint accepted #520: t=11.150s, hold=False
[WARN] [1781234229.081143465] [cartesian_streamer]: Local IK failed 88x liên tiếp! Fallback sang MoveIt! IK...
[INFO] [1781234229.614825529] [cartesian_streamer]: IK OK → Δmax=0.0000 rad, joints: [1.352, 0.901, 1.018, -0.006, -1.663, 0.218]
[WARN] [1781234229.662581881] [cartesian_streamer]: QueueTrajPoint đã được accept nhưng joint_states hầu như không đổi. Kiểm tra: 1) Robot ở mode AUTO? 2) Servo ON? 3) E-stop cleared?
[INFO] [1781234230.866328298] [cartesian_streamer]: IK delta clamped → joints: [1.282, 0.845, 1.018, -0.008, -1.719, 0.295]
[INFO] [1781234231.396276777] [cartesian_streamer]: Runtime rate: state=streaming, tick_hz=15.0, queue_send_hz=6.6, ack_hz=6.6, busy_hz=0.0, retry_count=0, reject_count=0, inter_ack_ms=150.3, max_joint_delta=0.083, cumul_time=13.56s, hold_count=0, ik_mode=Local, ik_avg_ms=4.20, ik_fails=113
[INFO] [1781234231.664551780] [cartesian_streamer]: IK OK → Δmax=0.0091 rad, joints: [1.278, 0.805, 0.861, -0.008, -1.602, 0.293]
[INFO] [1781234231.788155760] [cartesian_streamer]: QueueTrajPoint accepted #540: t=13.826s, hold=False
[INFO] [1781234232.997852811] [cartesian_streamer]: IK delta clamped → joints: [1.206, 0.867, 0.974, -0.009, -1.660, 0.363]
[INFO] [1781234233.151570173] [cartesian_streamer]: Local IK không hội tụ (fail #1)
[WARN] [1781234233.829477444] [cartesian_streamer]: Local IK failed 10x liên tiếp! Fallback sang MoveIt! IK...
[INFO] [1781234233.829804533] [cartesian_streamer]: IK OK → Δmax=0.0088 rad, joints: [1.209, 0.891, 1.025, -0.009, -1.681, 0.361]
[INFO] [1781234234.111807527] [cartesian_streamer]: QueueTrajPoint accepted #560: t=16.185s, hold=False
[WARN] [1781234235.882610538] [cartesian_streamer]: Local IK failed 38x liên tiếp! Fallback sang MoveIt! IK...
[INFO] [1781234235.882965766] [cartesian_streamer]: IK OK → Δmax=0.0000 rad, joints: [1.209, 0.891, 1.025, -0.009, -1.681, 0.361]
[WARN] [1781234236.170674336] [cartesian_streamer]: Service call timeout (500ms). Resetting inflight flag.
[INFO] [1781234236.462575248] [cartesian_streamer]: Runtime rate: state=streaming, tick_hz=15.0, queue_send_hz=7.3, ack_hz=7.1, busy_hz=0.0, retry_count=0, reject_count=0, inter_ack_ms=118.7, max_joint_delta=0.070, cumul_time=17.86s, hold_count=0, ik_mode=Local, ik_avg_ms=5.04, ik_fails=158
[WARN] [1781234236.685844408] [cartesian_streamer]: Service call timeout (500ms). Resetting inflight flag.
[WARN] [1781234237.230532984] [cartesian_streamer]: Service call timeout (500ms). Resetting inflight flag.
[WARN] [1781234237.756191214] [cartesian_streamer]: Service call timeout (500ms). Resetting inflight flag.
[INFO] [1781234237.799746646] [cartesian_streamer]: IK delta clamped → joints: [1.191, 0.961, 1.037, -0.010, -1.611, 0.379]
[INFO] [1781234237.930524769] [cartesian_streamer]: IK OK → Δmax=0.0900 rad, joints: [1.178, 0.955, 0.972, -0.010, -1.591, 0.392]
[WARN] [1781234238.265612292] [cartesian_streamer]: Service call timeout (500ms). Resetting inflight flag.
[WARN] [1781234238.773061932] [cartesian_streamer]: Queue BUSY, sẽ resend (backoff 66ms): msg="Busy processing the previous trajectory point. Please resend the next point shortly"
[WARN] [1781234239.729749701] [cartesian_streamer]: QueueTrajPoint đã được accept nhưng joint_states hầu như không đổi. Kiểm tra: 1) Robot ở mode AUTO? 2) Servo ON? 3) E-stop cleared?
[WARN] [1781234239.824311610] [cartesian_streamer]: Queue BUSY, sẽ resend (backoff 66ms): msg="Busy processing the previous trajectory point. Please resend the next point shortly"
[INFO] [1781234239.930521718] [cartesian_streamer]: IK delta clamped → joints: [1.141, 0.843, 0.885, -0.012, -1.501, 0.434]
[INFO] [1781234239.930896517] [cartesian_streamer]: IK OK → Δmax=0.0900 rad, joints: [1.141, 0.843, 0.885, -0.012, -1.501, 0.434]
[INFO] [1781234240.623709585] [cartesian_streamer]: QueueTrajPoint accepted #580: t=18.991s, hold=False
[INFO] [1781234241.529531221] [cartesian_streamer]: Runtime rate: state=streaming, tick_hz=15.0, queue_send_hz=4.5, ack_hz=3.4, busy_hz=1.0, retry_count=5, reject_count=0, inter_ack_ms=342.1, max_joint_delta=0.090, cumul_time=19.99s, hold_count=0, ik_mode=Local, ik_avg_ms=5.25, ik_fails=177
[WARN] [1781234241.693595059] [cartesian_streamer]: Queue BUSY, sẽ resend (backoff 66ms): msg="Busy processing the previous trajectory point. Please resend the next point shortly"
[INFO] [1781234242.063909416] [cartesian_streamer]: IK delta clamped → joints: [1.151, 0.911, 0.547, -0.011, -1.236, 0.424]
[INFO] [1781234242.064197234] [cartesian_streamer]: IK OK → Δmax=0.0700 rad, joints: [1.151, 0.911, 0.547, -0.011, -1.236, 0.424]
[INFO] [1781234242.877555037] [cartesian_streamer]: QueueTrajPoint accepted #600: t=20.920s, hold=False
[WARN] [1781234243.072909334] [cartesian_streamer]: Queue BUSY, sẽ resend (backoff 66ms): msg="Busy processing the previous trajectory point. Please resend the next point shortly"
[INFO] [1781234244.065063371] [cartesian_streamer]: IK OK → Δmax=0.0478 rad, joints: [1.114, 0.719, 0.411, -0.012, -1.238, 0.460]
[INFO] [1781234244.264405060] [cartesian_streamer]: IK delta clamped → joints: [1.117, 0.727, 0.462, -0.012, -1.281, 0.457]
[WARN] [1781234244.464977942] [cartesian_streamer]: Service call timeout (500ms). Resetting inflight flag.
[WARN] [1781234244.998595733] [cartesian_streamer]: Service call timeout (500ms). Resetting inflight flag.
[WARN] [1781234245.531928586] [cartesian_streamer]: Service call timeout (500ms). Resetting inflight flag.
[WARN] [1781234246.064087510] [cartesian_streamer]: Service call timeout (500ms). Resetting inflight flag.
[WARN] [1781234246.116073688] [cartesian_streamer]: Queue BUSY, sẽ resend (backoff 66ms): msg="Busy processing the previous trajectory point. Please resend the next point shortly"
[INFO] [1781234246.265335431] [cartesian_streamer]: IK delta clamped → joints: [1.095, 0.612, 0.478, -0.012, -1.371, 0.478]
[INFO] [1781234246.266631319] [cartesian_streamer]: IK OK → Δmax=0.0900 rad, joints: [1.095, 0.612, 0.478, -0.012, -1.371, 0.478]
[INFO] [1781234246.596223658] [cartesian_streamer]: Runtime rate: state=streaming, tick_hz=15.0, queue_send_hz=5.5, ack_hz=4.7, busy_hz=1.0, retry_count=5, reject_count=0, inter_ack_ms=214.1, max_joint_delta=0.090, cumul_time=22.45s, hold_count=0, ik_mode=Local, ik_avg_ms=5.02, ik_fails=177
[INFO] [1781234246.949514374] [cartesian_streamer]: QueueTrajPoint accepted #620: t=22.854s, hold=False
[WARN] [1781234247.224518590] [cartesian_streamer]: Queue BUSY, sẽ resend (backoff 66ms): msg="Busy processing the previous trajectory point. Please resend the next point shortly"
[INFO] [1781234248.330597394] [cartesian_streamer]: IK OK → Δmax=0.0572 rad, joints: [1.007, 0.411, 0.286, -0.014, -1.424, 0.566]
[WARN] [1781234248.617375256] [cartesian_streamer]: Queue BUSY, sẽ resend (backoff 66ms): msg="Busy processing the previous trajectory point. Please resend the next point shortly"
[INFO] [1781234249.389594268] [cartesian_streamer]: QueueTrajPoint accepted #640: t=24.521s, hold=False
[INFO] [1781234250.331939395] [cartesian_streamer]: IK OK → Δmax=0.0085 rad, joints: [1.012, 0.354, 0.116, -0.014, -1.310, 0.563]
[INFO] [1781234251.448819550] [cartesian_streamer]: QueueTrajPoint accepted #660: t=26.522s, hold=False
[INFO] [1781234251.662286460] [cartesian_streamer]: Runtime rate: state=streaming, tick_hz=15.0, queue_send_hz=10.1, ack_hz=9.5, busy_hz=0.6, retry_count=3, reject_count=0, inter_ack_ms=105.3, max_joint_delta=0.070, cumul_time=26.79s, hold_count=0, ik_mode=Local, ik_avg_ms=4.81, ik_fails=177
[INFO] [1781234252.397826132] [cartesian_streamer]: IK OK → Δmax=0.0512 rad, joints: [1.078, 0.357, 0.049, -0.013, -1.239, 0.497]
[INFO] [1781234252.863312261] [cartesian_streamer]: IK delta clamped → joints: [1.106, 0.412, 0.119, -0.012, -1.257, 0.468]
[WARN] [1781234253.536487137] [cartesian_streamer]: Queue BUSY, sẽ resend (backoff 66ms): msg="Busy processing the previous trajectory point. Please resend the next point shortly"
[INFO] [1781234254.052783762] [cartesian_streamer]: QueueTrajPoint accepted #680: t=28.785s, hold=False
[INFO] [1781234254.464207558] [cartesian_streamer]: IK OK → Δmax=0.0161 rad, joints: [1.033, 0.176, -0.107, -0.014, -1.265, 0.542]
[INFO] [1781234256.350866494] [cartesian_streamer]: QueueTrajPoint accepted #700: t=30.988s, hold=False
[INFO] [1781234256.464962291] [cartesian_streamer]: IK OK → Δmax=0.0202 rad, joints: [1.091, 0.157, -0.204, -0.013, -1.187, 0.484]
[INFO] [1781234256.662846265] [cartesian_streamer]: Runtime rate: state=streaming, tick_hz=15.0, queue_send_hz=8.4, ack_hz=8.0, busy_hz=0.2, retry_count=1, reject_count=0, inter_ack_ms=123.7, max_joint_delta=0.070, cumul_time=31.26s, hold_count=0, ik_mode=Local, ik_avg_ms=4.63, ik_fails=177
[INFO] [1781234258.390059282] [cartesian_streamer]: QueueTrajPoint accepted #720: t=32.921s, hold=False
[INFO] [1781234258.530521872] [cartesian_streamer]: IK OK → Δmax=0.0117 rad, joints: [1.263, 0.215, -0.171, -0.009, -1.160, 0.311]
[INFO] [1781234259.331767947] [cartesian_streamer]: IK delta clamped → joints: [1.346, 0.331, -0.089, -0.006, -1.130, 0.228]
[INFO] [1781234260.480940477] [cartesian_streamer]: QueueTrajPoint accepted #740: t=35.054s, hold=False
[INFO] [1781234260.531347483] [cartesian_streamer]: IK OK → Δmax=0.0191 rad, joints: [1.360, 0.418, 0.121, -0.006, -1.248, 0.213]
[INFO] [1781234261.663770761] [cartesian_streamer]: Runtime rate: state=streaming, tick_hz=15.0, queue_send_hz=9.8, ack_hz=9.8, busy_hz=0.0, retry_count=0, reject_count=0, inter_ack_ms=102.2, max_joint_delta=0.070, cumul_time=36.19s, hold_count=0, ik_mode=Local, ik_avg_ms=4.47, ik_fails=177
[INFO] [1781234261.931384457] [cartesian_streamer]: IK delta clamped → joints: [1.354, 0.703, 0.604, -0.006, -1.463, 0.217]
[INFO] [1781234262.531850537] [cartesian_streamer]: IK OK → Δmax=0.0700 rad, joints: [1.355, 0.838, 0.839, -0.006, -1.548, 0.216]
[INFO] [1781234262.613106126] [cartesian_streamer]: QueueTrajPoint accepted #760: t=37.052s, hold=False
[INFO] [1781234263.150580463] [cartesian_streamer]: Local IK không hội tụ (fail #1)
[WARN] [1781234263.366174613] [cartesian_streamer]: Queue BUSY, sẽ resend (backoff 66ms): msg="Busy processing the previous trajectory point. Please resend the next point shortly"
[INFO] [1781234264.131691959] [cartesian_streamer]: IK delta clamped → joints: [1.337, 0.916, 0.904, -0.006, -1.495, 0.234]
[INFO] [1781234264.531894310] [cartesian_streamer]: IK OK → Δmax=0.0900 rad, joints: [1.338, 0.829, 0.772, -0.006, -1.375, 0.234]
[INFO] [1781234265.542699518] [cartesian_streamer]: QueueTrajPoint accepted #780: t=39.525s, hold=False
[INFO] [1781234266.596499461] [cartesian_streamer]: IK OK → Δmax=0.0000 rad, joints: [1.375, 0.850, 0.547, -0.005, -1.242, 0.197]
[INFO] [1781234266.729183070] [cartesian_streamer]: Runtime rate: state=streaming, tick_hz=15.0, queue_send_hz=8.3, ack_hz=8.1, busy_hz=0.2, retry_count=1, reject_count=0, inter_ack_ms=123.2, max_joint_delta=0.090, cumul_time=40.66s, hold_count=0, ik_mode=Local, ik_avg_ms=4.44, ik_fails=186
[INFO] [1781234268.060982233] [cartesian_streamer]: QueueTrajPoint accepted #800: t=41.724s, hold=False
[INFO] [1781234268.596700925] [cartesian_streamer]: IK OK → Δmax=0.0000 rad, joints: [1.375, 0.850, 0.547, -0.005, -1.242, 0.197]
[WARN] [1781234269.263272552] [cartesian_streamer]: Service call timeout (500ms). Resetting inflight flag.
[WARN] [1781234269.797300892] [cartesian_streamer]: Service call timeout (500ms). Resetting inflight flag.
[WARN] [1781234270.331026895] [cartesian_streamer]: Service call timeout (500ms). Resetting inflight flag.
[INFO] [1781234270.596796798] [cartesian_streamer]: IK OK → Δmax=0.0000 rad, joints: [1.375, 0.850, 0.547, -0.005, -1.242, 0.197]
[WARN] [1781234270.864837300] [cartesian_streamer]: Service call timeout (500ms). Resetting inflight flag.
[WARN] [1781234271.396407378] [cartesian_streamer]: Service call timeout (500ms). Resetting inflight flag.
[INFO] [1781234271.796480309] [cartesian_streamer]: Runtime rate: state=streaming, tick_hz=15.0, queue_send_hz=3.6, ack_hz=2.6, busy_hz=0.0, retry_count=0, reject_count=0, inter_ack_ms=162.6, max_joint_delta=0.000, cumul_time=43.46s, hold_count=0, ik_mode=Local, ik_avg_ms=4.24, ik_fails=186
[WARN] [1781234271.797306075] [cartesian_streamer]: Target stream stale: không có target mới trong 5.6s
[WARN] [1781234271.859236200] [cartesian_streamer]: Queue BUSY, sẽ resend (backoff 66ms): msg="Busy processing the previous trajectory point. Please resend the next point shortly"
[WARN] [1781234272.464273018] [cartesian_streamer]: Service call timeout (500ms). Resetting inflight flag.
[WARN] [1781234272.662559736] [cartesian_streamer]: QueueTrajPoint đã được accept nhưng joint_states hầu như không đổi. Kiểm tra: 1) Robot ở mode AUTO? 2) Servo ON? 3) E-stop cleared?
[INFO] [1781234272.663712381] [cartesian_streamer]: IK OK → Δmax=0.0000 rad, joints: [1.375, 0.850, 0.547, -0.005, -1.242, 0.197]
[WARN] [1781234272.998217045] [cartesian_streamer]: Service call timeout (500ms). Resetting inflight flag.
[INFO] [1781234273.264589519] [cartesian_streamer]: IK delta clamped → joints: [1.377, 0.780, 0.477, -0.005, -1.230, 0.196]
[WARN] [1781234273.532167352] [cartesian_streamer]: Service call timeout (500ms). Resetting inflight flag.
[WARN] [1781234274.056352783] [cartesian_streamer]: Queue BUSY, sẽ resend (backoff 66ms): msg="Busy processing the previous trajectory point. Please resend the next point shortly"
[INFO] [1781234274.664446979] [cartesian_streamer]: IK OK → Δmax=0.0197 rad, joints: [1.306, 0.632, 0.518, -0.007, -1.431, 0.265]
[INFO] [1781234274.872796983] [cartesian_streamer]: QueueTrajPoint accepted #820: t=44.056s, hold=False
[WARN] [1781234275.382308224] [cartesian_streamer]: Queue BUSY, sẽ resend (backoff 66ms): msg="Busy processing the previous trajectory point. Please resend the next point shortly"
[INFO] [1781234275.531047799] [cartesian_streamer]: IK delta clamped → joints: [1.286, 0.639, 0.617, -0.007, -1.539, 0.285]
[INFO] [1781234276.731115349] [cartesian_streamer]: IK OK → Δmax=0.0281 rad, joints: [1.200, 0.455, 0.458, -0.010, -1.548, 0.371]
[INFO] [1781234276.863422423] [cartesian_streamer]: Runtime rate: state=streaming, tick_hz=15.0, queue_send_hz=6.7, ack_hz=6.1, busy_hz=1.2, retry_count=6, reject_count=0, inter_ack_ms=260.9, max_joint_delta=0.076, cumul_time=45.26s, hold_count=0, ik_mode=Local, ik_avg_ms=4.12, ik_fails=186
[WARN] [1781234276.881194447] [cartesian_streamer]: Queue BUSY, sẽ resend (backoff 66ms): msg="Busy processing the previous trajectory point. Please resend the next point shortly"
[INFO] [1781234277.345895625] [cartesian_streamer]: QueueTrajPoint accepted #840: t=45.593s, hold=False
[WARN] [1781234278.014246942] [cartesian_streamer]: Queue BUSY, sẽ resend (backoff 66ms): msg="Busy processing the previous trajectory point. Please resend the next point shortly"
[INFO] [1781234278.732354175] [cartesian_streamer]: IK OK → Δmax=0.0272 rad, joints: [1.220, 0.489, 0.417, -0.009, -1.474, 0.352]
[INFO] [1781234279.479644724] [cartesian_streamer]: QueueTrajPoint accepted #860: t=47.527s, hold=False
[INFO] [1781234280.732534222] [cartesian_streamer]: IK OK → Δmax=0.0146 rad, joints: [1.208, 0.319, 0.231, -0.009, -1.458, 0.363]
[INFO] [1781234281.402020588] [cartesian_streamer]: QueueTrajPoint accepted #880: t=49.459s, hold=False
[INFO] [1781234281.929241274] [cartesian_streamer]: Runtime rate: state=streaming, tick_hz=15.0, queue_send_hz=9.9, ack_hz=9.3, busy_hz=0.4, retry_count=2, reject_count=0, inter_ack_ms=106.8, max_joint_delta=0.057, cumul_time=49.86s, hold_count=0, ik_mode=Local, ik_avg_ms=4.00, ik_fails=186
[WARN] [1781234282.003849253] [cartesian_streamer]: Queue BUSY, sẽ resend (backoff 66ms): msg="Busy processing the previous trajectory point. Please resend the next point shortly"
[INFO] [1781234282.797660191] [cartesian_streamer]: IK OK → Δmax=0.0273 rad, joints: [0.900, 0.305, 0.286, -0.016, -1.531, 0.671]
[INFO] [1781234283.619150215] [cartesian_streamer]: QueueTrajPoint accepted #900: t=51.394s, hold=False
[INFO] [1781234284.864488453] [cartesian_streamer]: IK OK → Δmax=0.0152 rad, joints: [0.902, 0.225, 0.090, -0.017, -1.415, 0.671]
[INFO] [1781234285.651705583] [cartesian_streamer]: QueueTrajPoint accepted #920: t=53.258s, hold=False
[INFO] [1781234286.929215012] [cartesian_streamer]: Runtime rate: state=streaming, tick_hz=15.0, queue_send_hz=9.6, ack_hz=9.6, busy_hz=0.2, retry_count=1, reject_count=0, inter_ack_ms=105.4, max_joint_delta=0.068, cumul_time=54.39s, hold_count=0, ik_mode=Local, ik_avg_ms=3.90, ik_fails=186
[INFO] [1781234286.931207018] [cartesian_streamer]: IK OK → Δmax=0.0691 rad, joints: [1.298, 0.072, 0.041, -0.007, -1.515, 0.273]
[INFO] [1781234286.999080565] [cartesian_streamer]: IK delta clamped → joints: [1.299, 0.073, 0.042, -0.007, -1.515, 0.256]
[INFO] [1781234288.082235281] [cartesian_streamer]: QueueTrajPoint accepted #940: t=55.592s, hold=False
[INFO] [1781234288.933442481] [cartesian_streamer]: IK OK → Δmax=0.0467 rad, joints: [1.506, 0.135, 0.118, -0.002, -1.527, 0.065]
[INFO] [1781234289.851533202] [cartesian_streamer]: QueueTrajPoint accepted #960: t=57.258s, hold=False
[INFO] [1781234290.531532812] [cartesian_streamer]: IK delta clamped → joints: [1.377, 0.425, 0.546, -0.005, -1.671, 0.194]
[INFO] [1781234290.997774148] [cartesian_streamer]: IK OK → Δmax=0.0555 rad, joints: [1.363, 0.542, 0.735, -0.005, -1.739, 0.207]
[INFO] [1781234291.616964622] [cartesian_streamer]: Local IK không hội tụ (fail #1)
[INFO] [1781234291.763780072] [cartesian_streamer]: QueueTrajPoint accepted #980: t=59.213s, hold=True
[INFO] [1781234291.929556634] [cartesian_streamer]: Runtime rate: state=streaming, tick_hz=15.0, queue_send_hz=10.2, ack_hz=10.0, busy_hz=0.0, retry_count=0, reject_count=0, inter_ack_ms=99.2, max_joint_delta=0.087, cumul_time=59.35s, hold_count=4, ik_mode=Local, ik_avg_ms=3.85, ik_fails=191
[INFO] [1781234292.997959608] [cartesian_streamer]: IK delta clamped → joints: [1.368, 0.747, 0.960, -0.005, -1.749, 0.202]
[INFO] [1781234292.998248254] [cartesian_streamer]: IK OK → Δmax=0.0700 rad, joints: [1.368, 0.747, 0.960, -0.005, -1.749, 0.202]
[INFO] [1781234294.144326676] [cartesian_streamer]: QueueTrajPoint accepted #1000: t=61.393s, hold=False
[INFO] [1781234295.064107204] [cartesian_streamer]: IK OK → Δmax=0.0456 rad, joints: [1.436, 0.914, 0.905, -0.004, -1.536, 0.135]
[INFO] [1781234295.197894896] [cartesian_streamer]: IK delta clamped → joints: [1.439, 0.882, 0.883, -0.003, -1.482, 0.132]
[INFO] [1781234296.216306891] [cartesian_streamer]: Local IK không hội tụ (fail #1)
[INFO] [1781234296.645063947] [cartesian_streamer]: QueueTrajPoint accepted #1020: t=63.592s, hold=False
[INFO] [1781234296.929961363] [cartesian_streamer]: Runtime rate: state=streaming, tick_hz=15.0, queue_send_hz=8.2, ack_hz=8.2, busy_hz=0.0, retry_count=0, reject_count=0, inter_ack_ms=122.1, max_joint_delta=0.090, cumul_time=63.93s, hold_count=0, ik_mode=Local, ik_avg_ms=3.80, ik_fails=195
[INFO] [1781234297.130079820] [cartesian_streamer]: IK OK → Δmax=0.0582 rad, joints: [1.426, 0.996, 0.929, -0.004, -1.478, 0.145]
[INFO] [1781234297.931129683] [cartesian_streamer]: IK delta clamped → joints: [1.410, 0.969, 0.922, -0.004, -1.446, 0.161]
[INFO] [1781234299.116963387] [cartesian_streamer]: QueueTrajPoint accepted #1040: t=65.925s, hold=False
[INFO] [1781234299.133229552] [cartesian_streamer]: IK OK → Δmax=0.0124 rad, joints: [1.394, 1.033, 0.999, -0.005, -1.511, 0.177]
[INFO] [1781234299.260250012] [cartesian_streamer]: Disable Robot: dừng stream, tắt traj mode...
[INFO] [1781234299.262091528] [cartesian_streamer]: ✗ Robot DISABLED.
[INFO] [1781234332.158471324] [cartesian_streamer]: Enable Robot: bắt đầu chuỗi khởi động...
[INFO] [1781234332.159028660] [cartesian_streamer]: Enable: reset_error...
[INFO] [1781234332.385081688] [cartesian_streamer]: reset_error: code=1, msg="success"
[INFO] [1781234332.385951033] [cartesian_streamer]: Enable: stop_traj_mode (giải phóng mode cũ)...
[INFO] [1781234332.513373583] [cartesian_streamer]: stop_traj_mode: success=True, code=N/A, msg=""
[INFO] [1781234332.513993466] [cartesian_streamer]: Enable: chờ 1.5s để hệ thống ổn định trước khi start queue...
[INFO] [1781234334.015026762] [cartesian_streamer]: Enable: StartPointQueueMode...
[INFO] [1781234336.088872551] [cartesian_streamer]: StartPointQueueMode response: code=1, msg=""
[INFO] [1781234336.089214822] [cartesian_streamer]: ✓ Robot ENABLED — Point Queue Mode active. Servo ON!
[INFO] [1781234336.129315242] [cartesian_streamer]: Runtime rate: state=seeding, tick_hz=0.9, queue_send_hz=0.5, ack_hz=0.5, busy_hz=0.0, retry_count=0, reject_count=0, inter_ack_ms=126.5, max_joint_delta=0.070, cumul_time=0.00s, hold_count=0, ik_mode=Local, ik_avg_ms=3.76, ik_fails=195
[WARN] [1781234336.129704781] [cartesian_streamer]: Target stream stale: không có target mới trong 36.9s
[WARN] [1781234336.130020030] [cartesian_streamer]: QueueTrajPoint đã được accept nhưng joint_states hầu như không đổi. Kiểm tra: 1) Robot ở mode AUTO? 2) Servo ON? 3) E-stop cleared?
[INFO] [1781234336.130707582] [cartesian_streamer]: Bootstrap EE pose via FK: (-0.1620, 0.2959, 0.3840)
[INFO] [1781234336.131329976] [cartesian_streamer]: Đã gửi seed point (current joints, t=0), chờ ACK...
[INFO] [1781234336.196866985] [cartesian_streamer]: Bootstrap EE pose via FK: (-0.1620, 0.2959, 0.3840)
[INFO] [1781234336.263375892] [cartesian_streamer]: Bootstrap EE pose via FK: (-0.1620, 0.2959, 0.3840)
[INFO] [1781234336.330342573] [cartesian_streamer]: Bootstrap EE pose via FK: (-0.1620, 0.2959, 0.3840)
[INFO] [1781234336.358380401] [cartesian_streamer]: Seed ACK nhận được, bắt đầu prebuffer.
[INFO] [1781234336.610637941] [cartesian_streamer]: Pre-buffer hoàn tất (3 points), bắt đầu stream ổn định. Đang chờ target...
[WARN] [1781234337.795669671] [cartesian_streamer]: Service call timeout (500ms). Resetting inflight flag.
[WARN] [1781234338.329620589] [cartesian_streamer]: Service call timeout (500ms). Resetting inflight flag.
[WARN] [1781234338.863018146] [cartesian_streamer]: Service call timeout (500ms). Resetting inflight flag.
[WARN] [1781234339.396364505] [cartesian_streamer]: Service call timeout (500ms). Resetting inflight flag.
[WARN] [1781234339.929136177] [cartesian_streamer]: Service call timeout (500ms). Resetting inflight flag.
[WARN] [1781234340.462314805] [cartesian_streamer]: Service call timeout (500ms). Resetting inflight flag.
[WARN] [1781234340.694962614] [cartesian_streamer]: Queue BUSY, sẽ resend (backoff 66ms): msg="Busy processing the previous trajectory point. Please resend the next point shortly"
[INFO] [1781234341.195927116] [cartesian_streamer]: Runtime rate: state=streaming, tick_hz=15.0, queue_send_hz=3.4, ack_hz=2.6, busy_hz=0.2, retry_count=1, reject_count=0, inter_ack_ms=3189.7, max_joint_delta=0.000, cumul_time=2.47s, hold_count=16, ik_mode=Local, ik_avg_ms=3.76, ik_fails=195
[WARN] [1781234341.196609066] [cartesian_streamer]: Target stream stale: không có target mới trong 42.0s
[WARN] [1781234341.329795767] [cartesian_streamer]: Service call timeout (500ms). Resetting inflight flag.
[WARN] [1781234341.862724489] [cartesian_streamer]: Service call timeout (500ms). Resetting inflight flag.
[WARN] [1781234342.396173362] [cartesian_streamer]: Service call timeout (500ms). Resetting inflight flag.
[WARN] [1781234342.929464029] [cartesian_streamer]: Service call timeout (500ms). Resetting inflight flag.
[WARN] [1781234343.462886749] [cartesian_streamer]: Service call timeout (500ms). Resetting inflight flag.
[WARN] [1781234343.943042160] [cartesian_streamer]: Queue BUSY, sẽ resend (backoff 66ms): msg="Busy processing the previous trajectory point. Please resend the next point shortly"
[INFO] [1781234344.482957521] [cartesian_streamer]: QueueTrajPoint accepted #1060: t=3.733s, hold=True
[WARN] [1781234345.729483281] [cartesian_streamer]: Service call timeout (500ms). Resetting inflight flag.
[INFO] [1781234346.196273276] [cartesian_streamer]: Runtime rate: state=streaming, tick_hz=15.0, queue_send_hz=3.4, ack_hz=2.2, busy_hz=0.6, retry_count=3, reject_count=0, inter_ack_ms=402.3, max_joint_delta=0.000, cumul_time=4.60s, hold_count=31, ik_mode=Local, ik_avg_ms=3.76, ik_fails=195
[WARN] [1781234346.196955311] [cartesian_streamer]: Target stream stale: không có target mới trong 47.0s
[WARN] [1781234346.262838745] [cartesian_streamer]: Service call timeout (500ms). Resetting inflight flag.
[WARN] [1781234346.796707884] [cartesian_streamer]: Service call timeout (500ms). Resetting inflight flag.
[WARN] [1781234347.330415693] [cartesian_streamer]: Service call timeout (500ms). Resetting inflight flag.
[WARN] [1781234347.863027459] [cartesian_streamer]: Service call timeout (500ms). Resetting inflight flag.
[WARN] [1781234348.396381420] [cartesian_streamer]: Service call timeout (500ms). Resetting inflight flag.
[WARN] [1781234348.590040491] [cartesian_streamer]: Queue BUSY, sẽ resend (backoff 66ms): msg="Busy processing the previous trajectory point. Please resend the next point shortly"
[WARN] [1781234350.596696316] [cartesian_streamer]: Service call timeout (500ms). Resetting inflight flag.
[WARN] [1781234351.129235004] [cartesian_streamer]: Service call timeout (500ms). Resetting inflight flag.
[INFO] [1781234351.196400602] [cartesian_streamer]: Runtime rate: state=streaming, tick_hz=15.0, queue_send_hz=3.4, ack_hz=2.4, busy_hz=0.4, retry_count=2, reject_count=0, inter_ack_ms=406.3, max_joint_delta=0.000, cumul_time=6.93s, hold_count=46, ik_mode=Local, ik_avg_ms=3.76, ik_fails=195
[WARN] [1781234351.196823481] [cartesian_streamer]: Target stream stale: không có target mới trong 52.0s
[WARN] [1781234351.662677916] [cartesian_streamer]: Service call timeout (500ms). Resetting inflight flag.
[WARN] [1781234352.196337233] [cartesian_streamer]: Service call timeout (500ms). Resetting inflight flag.
[WARN] [1781234352.729679147] [cartesian_streamer]: Service call timeout (500ms). Resetting inflight flag.
[WARN] [1781234353.182039206] [cartesian_streamer]: Queue BUSY, sẽ resend (backoff 66ms): msg="Busy processing the previous trajectory point. Please resend the next point shortly"
[INFO] [1781234353.414275652] [cartesian_streamer]: QueueTrajPoint accepted #1080: t=7.398s, hold=True
[WARN] [1781234355.596433033] [cartesian_streamer]: Service call timeout (500ms). Resetting inflight flag.
[WARN] [1781234356.129502939] [cartesian_streamer]: Service call timeout (500ms). Resetting inflight flag.
[INFO] [1781234356.263091074] [cartesian_streamer]: Runtime rate: state=streaming, tick_hz=15.0, queue_send_hz=3.9, ack_hz=2.6, busy_hz=1.0, retry_count=5, reject_count=0, inter_ack_ms=387.1, max_joint_delta=0.000, cumul_time=8.80s, hold_count=63, ik_mode=Local, ik_avg_ms=3.76, ik_fails=195
[WARN] [1781234356.263784880] [cartesian_streamer]: Target stream stale: không có target mới trong 57.0s
[WARN] [1781234356.662263960] [cartesian_streamer]: Service call timeout (500ms). Resetting inflight flag.
[WARN] [1781234357.195880932] [cartesian_streamer]: Service call timeout (500ms). Resetting inflight flag.
[WARN] [1781234357.729085044] [cartesian_streamer]: Service call timeout (500ms). Resetting inflight flag.
[WARN] [1781234358.219213405] [cartesian_streamer]: Queue BUSY, sẽ resend (backoff 66ms): msg="Busy processing the previous trajectory point. Please resend the next point shortly"
[INFO] [1781234359.668683771] [cartesian_streamer]: QueueTrajPoint accepted #1100: t=10.265s, hold=True
[WARN] [1781234360.741741346] [cartesian_streamer]: ⚠ Queue mode bị drop! Auto-recovery lần 1/3...
[INFO] [1781234361.242697670] [cartesian_streamer]: Auto-recovery: bắt đầu re-enable queue mode...
[INFO] [1781234361.243287273] [cartesian_streamer]: Enable: reset_error...
[INFO] [1781234361.263835604] [cartesian_streamer]: reset_error: code=105, msg="Pendant is not in REMOTE mode"
[INFO] [1781234361.264130755] [cartesian_streamer]: Enable: stop_traj_mode (giải phóng mode cũ)...
[INFO] [1781234361.656778114] [cartesian_streamer]: stop_traj_mode: success=True, code=N/A, msg=""
[INFO] [1781234361.657046172] [cartesian_streamer]: Enable: chờ 1.5s để hệ thống ổn định trước khi start queue...
[INFO] [1781234363.159375342] [cartesian_streamer]: Enable: StartPointQueueMode...
[INFO] [1781234363.174818589] [cartesian_streamer]: StartPointQueueMode response: code=111, msg="A PFL event has occurred. Please return the robot to a safe state"
[ERROR] [1781234363.175113678] [cartesian_streamer]: StartPointQueueMode FAILED: A PFL event has occurred. Please return the robot to a safe state
[INFO] [1781234377.594208408] [cartesian_streamer]: Enable Robot: bắt đầu chuỗi khởi động...
[INFO] [1781234377.594571496] [cartesian_streamer]: Enable: reset_error...
[INFO] [1781234377.617741317] [cartesian_streamer]: reset_error: code=1, msg="success"
[INFO] [1781234377.618467668] [cartesian_streamer]: Enable: stop_traj_mode (giải phóng mode cũ)...
[INFO] [1781234377.680410941] [cartesian_streamer]: stop_traj_mode: success=True, code=N/A, msg=""
[INFO] [1781234377.680964090] [cartesian_streamer]: Enable: chờ 1.5s để hệ thống ổn định trước khi start queue...
[INFO] [1781234379.181929616] [cartesian_streamer]: Enable: StartPointQueueMode...
[INFO] [1781234383.385459774] [cartesian_streamer]: StartPointQueueMode response: code=1, msg=""
[INFO] [1781234383.386018487] [cartesian_streamer]: ✓ Robot ENABLED — Point Queue Mode active. Servo ON!
[INFO] [1781234383.395612790] [cartesian_streamer]: Runtime rate: state=seeding, tick_hz=2.5, queue_send_hz=0.7, ack_hz=0.6, busy_hz=0.1, retry_count=4, reject_count=1, inter_ack_ms=377.4, max_joint_delta=0.000, cumul_time=0.00s, hold_count=0, ik_mode=Local, ik_avg_ms=3.76, ik_fails=195
[WARN] [1781234383.396305393] [cartesian_streamer]: QueueTrajPoint đã được accept nhưng joint_states hầu như không đổi. Kiểm tra: 1) Robot ở mode AUTO? 2) Servo ON? 3) E-stop cleared?
[INFO] [1781234383.397268589] [cartesian_streamer]: Bootstrap EE pose via FK: (-0.1620, 0.2959, 0.3840)
[INFO] [1781234383.397903283] [cartesian_streamer]: Đã gửi seed point (current joints, t=0), chờ ACK...
[INFO] [1781234383.412089585] [cartesian_streamer]: Seed ACK nhận được, bắt đầu prebuffer.
[INFO] [1781234383.614821725] [cartesian_streamer]: Pre-buffer hoàn tất (3 points), bắt đầu stream ổn định. Đang chờ target...
[INFO] [1781234383.668989526] [cartesian_streamer]: IK OK → Δmax=0.0142 rad, joints: [1.565, 0.115, -1.014, 0.005, -0.412, 0.004]
[INFO] [1781234385.115199297] [cartesian_streamer]: QueueTrajPoint accepted #1120: t=1.466s, hold=False
[INFO] [1781234385.731915542] [cartesian_streamer]: IK OK → Δmax=0.0462 rad, joints: [1.430, 0.008, -0.770, -0.005, -0.767, 0.145]
[INFO] [1781234385.864030054] [cartesian_streamer]: IK delta clamped → joints: [1.415, -0.003, -0.736, -0.006, -0.810, 0.159]
[WARN] [1781234386.081639115] [cartesian_streamer]: Queue BUSY, sẽ resend (backoff 66ms): msg="Busy processing the previous trajectory point. Please resend the next point shortly"
[INFO] [1781234387.486304513] [cartesian_streamer]: QueueTrajPoint accepted #1140: t=3.464s, hold=False
[INFO] [1781234387.797007704] [cartesian_streamer]: IK OK → Δmax=0.0429 rad, joints: [1.366, 0.156, -0.170, -0.006, -1.219, 0.207]
[INFO] [1781234388.332039196] [cartesian_streamer]: IK delta clamped → joints: [1.367, 0.257, -0.018, -0.006, -1.281, 0.205]
[INFO] [1781234388.395946416] [cartesian_streamer]: Runtime rate: state=streaming, tick_hz=15.0, queue_send_hz=8.8, ack_hz=8.6, busy_hz=0.2, retry_count=1, reject_count=0, inter_ack_ms=643.1, max_joint_delta=0.090, cumul_time=4.13s, hold_count=0, ik_mode=Local, ik_avg_ms=3.68, ik_fails=195
[INFO] [1781234389.342288971] [cartesian_streamer]: QueueTrajPoint accepted #1160: t=5.264s, hold=False
[INFO] [1781234389.797690306] [cartesian_streamer]: IK OK → Δmax=0.0090 rad, joints: [1.384, 0.426, 0.226, -0.005, -1.344, 0.188]
[INFO] [1781234391.602008471] [cartesian_streamer]: QueueTrajPoint accepted #1180: t=7.397s, hold=False
[INFO] [1781234391.799285431] [cartesian_streamer]: IK OK → Δmax=0.0239 rad, joints: [1.460, 0.707, 0.441, -0.003, -1.279, 0.112]
[INFO] [1781234393.462714071] [cartesian_streamer]: Runtime rate: state=streaming, tick_hz=15.0, queue_send_hz=9.9, ack_hz=9.7, busy_hz=0.0, retry_count=0, reject_count=0, inter_ack_ms=102.4, max_joint_delta=0.070, cumul_time=9.33s, hold_count=0, ik_mode=Local, ik_avg_ms=3.61, ik_fails=195
[INFO] [1781234393.719511596] [cartesian_streamer]: QueueTrajPoint accepted #1200: t=9.526s, hold=False
[INFO] [1781234393.802260486] [cartesian_streamer]: IK OK → Δmax=0.0166 rad, joints: [1.533, 1.011, 0.824, -0.001, -1.358, 0.038]
[INFO] [1781234395.863312283] [cartesian_streamer]: IK OK → Δmax=0.0000 rad, joints: [1.543, 1.092, 0.947, -0.001, -1.400, 0.028]
[INFO] [1781234396.381366466] [cartesian_streamer]: QueueTrajPoint accepted #1220: t=11.925s, hold=False
[INFO] [1781234396.465549851] [cartesian_streamer]: IK delta clamped → joints: [1.531, 1.119, 1.033, -0.001, -1.466, 0.040]
[INFO] [1781234396.556329875] [cartesian_streamer]: Local IK không hội tụ (fail #1)
[WARN] [1781234397.229599849] [cartesian_streamer]: Local IK failed 10x liên tiếp! Fallback sang MoveIt! IK...
[INFO] [1781234397.887140675] [cartesian_streamer]: IK OK → Δmax=0.0000 rad, joints: [1.531, 1.119, 1.040, -0.001, -1.466, 0.040]
[INFO] [1781234398.462602635] [cartesian_streamer]: Runtime rate: state=streaming, tick_hz=15.0, queue_send_hz=7.6, ack_hz=7.8, busy_hz=0.0, retry_count=0, reject_count=0, inter_ack_ms=129.8, max_joint_delta=0.070, cumul_time=13.95s, hold_count=0, ik_mode=Local, ik_avg_ms=3.84, ik_fails=220
[INFO] [1781234398.913888463] [cartesian_streamer]: QueueTrajPoint accepted #1240: t=14.404s, hold=False
[WARN] [1781234399.292392560] [cartesian_streamer]: Local IK failed 35x liên tiếp! Fallback sang MoveIt! IK...
[INFO] [1781234399.868166640] [cartesian_streamer]: IK delta clamped → joints: [1.461, 1.049, 1.040, -0.005, -1.556, 0.130]
[INFO] [1781234399.932263721] [cartesian_streamer]: IK OK → Δmax=0.0900 rad, joints: [1.461, 1.049, 0.989, -0.005, -1.556, 0.130]
[WARN] [1781234400.874025710] [cartesian_streamer]: Queue BUSY, sẽ resend (backoff 66ms): msg="Busy processing the previous trajectory point. Please resend the next point shortly"
[INFO] [1781234401.854440475] [cartesian_streamer]: QueueTrajPoint accepted #1260: t=16.522s, hold=False
[INFO] [1781234401.996970220] [cartesian_streamer]: IK delta clamped → joints: [1.261, 0.375, 0.335, -0.008, -1.493, 0.310]
[INFO] [1781234401.997279324] [cartesian_streamer]: IK OK → Δmax=0.0700 rad, joints: [1.261, 0.375, 0.335, -0.008, -1.493, 0.310]
[WARN] [1781234402.148612866] [cartesian_streamer]: Queue BUSY, sẽ resend (backoff 66ms): msg="Busy processing the previous trajectory point. Please resend the next point shortly"
[WARN] [1781234403.278033713] [cartesian_streamer]: Queue BUSY, sẽ resend (backoff 66ms): msg="Busy processing the previous trajectory point. Please resend the next point shortly"
[INFO] [1781234403.530422365] [cartesian_streamer]: Runtime rate: state=streaming, tick_hz=15.0, queue_send_hz=7.5, ack_hz=6.1, busy_hz=1.4, retry_count=7, reject_count=0, inter_ack_ms=163.6, max_joint_delta=0.090, cumul_time=17.25s, hold_count=0, ik_mode=Local, ik_avg_ms=3.99, ik_fails=238
[INFO] [1781234404.064657944] [cartesian_streamer]: IK OK → Δmax=0.0332 rad, joints: [1.285, 0.298, 0.037, -0.008, -1.285, 0.288]
[WARN] [1781234404.793797566] [cartesian_streamer]: Queue BUSY, sẽ resend (backoff 66ms): msg="Busy processing the previous trajectory point. Please resend the next point shortly"
[INFO] [1781234404.930799404] [cartesian_streamer]: IK delta clamped → joints: [1.369, 0.260, -0.092, -0.006, -1.181, 0.204]
[INFO] [1781234405.333924413] [cartesian_streamer]: QueueTrajPoint accepted #1280: t=18.386s, hold=False
[INFO] [1781234406.065643195] [cartesian_streamer]: IK OK → Δmax=0.0222 rad, joints: [1.223, 0.164, -0.153, -0.009, -1.229, 0.350]
[INFO] [1781234407.519089462] [cartesian_streamer]: QueueTrajPoint accepted #1300: t=20.520s, hold=False
[INFO] [1781234408.130717013] [cartesian_streamer]: IK OK → Δmax=0.0221 rad, joints: [1.063, 0.178, 0.160, -0.013, -1.530, 0.508]
[INFO] [1781234408.596098269] [cartesian_streamer]: Runtime rate: state=streaming, tick_hz=15.0, queue_send_hz=9.5, ack_hz=9.1, busy_hz=0.4, retry_count=2, reject_count=0, inter_ack_ms=109.5, max_joint_delta=0.070, cumul_time=21.65s, hold_count=0, ik_mode=Local, ik_avg_ms=3.91, ik_fails=238
[INFO] [1781234409.254335327] [cartesian_streamer]: QueueTrajPoint accepted #1320: t=22.252s, hold=False
[INFO] [1781234410.197849681] [cartesian_streamer]: IK OK → Δmax=0.0182 rad, joints: [1.082, 0.235, 0.216, -0.012, -1.529, 0.489]
[INFO] [1781234411.123512590] [cartesian_streamer]: QueueTrajPoint accepted #1340: t=24.054s, hold=False
[INFO] [1781234412.263612908] [cartesian_streamer]: IK OK → Δmax=0.0080 rad, joints: [1.092, 0.199, 0.172, -0.012, -1.520, 0.479]
[INFO] [1781234413.662457875] [cartesian_streamer]: Runtime rate: state=streaming, tick_hz=15.0, queue_send_hz=9.1, ack_hz=9.1, busy_hz=0.0, retry_count=0, reject_count=0, inter_ack_ms=110.8, max_joint_delta=0.038, cumul_time=26.12s, hold_count=0, ik_mode=Local, ik_avg_ms=3.84, ik_fails=238
[INFO] [1781234413.682902081] [cartesian_streamer]: QueueTrajPoint accepted #1360: t=26.252s, hold=False
[INFO] [1781234414.263925156] [cartesian_streamer]: IK OK → Δmax=0.0229 rad, joints: [1.108, 0.172, 0.204, -0.012, -1.579, 0.463]
[WARN] [1781234414.471528452] [cartesian_streamer]: Queue BUSY, sẽ resend (backoff 66ms): msg="Busy processing the previous trajectory point. Please resend the next point shortly"
[INFO] [1781234415.530874876] [cartesian_streamer]: IK delta clamped → joints: [1.088, 0.153, 0.192, -0.012, -1.575, 0.483]
[WARN] [1781234415.606739226] [cartesian_streamer]: Queue BUSY, sẽ resend (backoff 66ms): msg="Busy processing the previous trajectory point. Please resend the next point shortly"
[INFO] [1781234416.264863038] [cartesian_streamer]: IK OK → Δmax=0.0158 rad, joints: [1.116, 0.132, 0.093, -0.012, -1.508, 0.455]
[INFO] [1781234416.318747868] [cartesian_streamer]: QueueTrajPoint accepted #1380: t=28.250s, hold=False
[WARN] [1781234416.933665287] [cartesian_streamer]: Service call timeout (500ms). Resetting inflight flag.
[WARN] [1781234417.464365840] [cartesian_streamer]: Service call timeout (500ms). Resetting inflight flag.
[INFO] [1781234417.531681039] [cartesian_streamer]: IK delta clamped → joints: [1.149, 0.089, 0.032, -0.011, -1.480, 0.422]
[WARN] [1781234417.998758581] [cartesian_streamer]: Service call timeout (500ms). Resetting inflight flag.
[INFO] [1781234418.331526013] [cartesian_streamer]: IK OK → Δmax=0.0284 rad, joints: [1.133, 0.108, 0.088, -0.011, -1.526, 0.438]
[WARN] [1781234418.530799051] [cartesian_streamer]: Service call timeout (500ms). Resetting inflight flag.
[WARN] [1781234418.622711867] [cartesian_streamer]: Queue BUSY, sẽ resend (backoff 66ms): msg="Busy processing the previous trajectory point. Please resend the next point shortly"
[INFO] [1781234418.663079282] [cartesian_streamer]: Runtime rate: state=streaming, tick_hz=15.0, queue_send_hz=6.0, ack_hz=5.2, busy_hz=0.6, retry_count=3, reject_count=0, inter_ack_ms=190.4, max_joint_delta=0.070, cumul_time=29.25s, hold_count=0, ik_mode=Local, ik_avg_ms=3.77, ik_fails=238
[INFO] [1781234419.736147509] [cartesian_streamer]: QueueTrajPoint accepted #1400: t=30.250s, hold=False
[WARN] [1781234419.804786587] [cartesian_streamer]: Queue BUSY, sẽ resend (backoff 66ms): msg="Busy processing the previous trajectory point. Please resend the next point shortly"
[INFO] [1781234420.331709662] [cartesian_streamer]: IK OK → Δmax=0.0230 rad, joints: [1.323, 0.006, -0.176, -0.007, -1.363, 0.249]
[INFO] [1781234422.185740714] [cartesian_streamer]: QueueTrajPoint accepted #1420: t=32.314s, hold=False
[INFO] [1781234422.396805950] [cartesian_streamer]: IK OK → Δmax=0.0000 rad, joints: [1.366, 0.166, -0.214, -0.006, -1.165, 0.207]
[INFO] [1781234423.662581966] [cartesian_streamer]: Runtime rate: state=streaming, tick_hz=15.0, queue_send_hz=9.0, ack_hz=8.6, busy_hz=0.2, retry_count=1, reject_count=0, inter_ack_ms=111.1, max_joint_delta=0.076, cumul_time=33.38s, hold_count=0, ik_mode=Local, ik_avg_ms=3.70, ik_fails=238
[WARN] [1781234423.663014154] [cartesian_streamer]: Target stream stale: không có target mới trong 2.3s
[INFO] [1781234424.397952504] [cartesian_streamer]: IK delta clamped → joints: [1.368, 0.096, -0.215, -0.006, -1.237, 0.205]
[INFO] [1781234424.398548415] [cartesian_streamer]: IK OK → Δmax=0.0721 rad, joints: [1.368, 0.096, -0.215, -0.006, -1.237, 0.205]
[WARN] [1781234424.399150014] [cartesian_streamer]: Service call timeout (500ms). Resetting inflight flag.
[WARN] [1781234424.932781543] [cartesian_streamer]: Service call timeout (500ms). Resetting inflight flag.
[WARN] [1781234425.464503582] [cartesian_streamer]: Service call timeout (500ms). Resetting inflight flag.
[WARN] [1781234425.999434113] [cartesian_streamer]: Service call timeout (500ms). Resetting inflight flag.
[INFO] [1781234426.398388365] [cartesian_streamer]: IK delta clamped → joints: [1.296, 0.236, -0.144, -0.008, -1.255, 0.297]
[INFO] [1781234426.399014593] [cartesian_streamer]: IK OK → Δmax=0.0900 rad, joints: [1.296, 0.236, -0.144, -0.008, -1.255, 0.297]
[WARN] [1781234426.532313319] [cartesian_streamer]: Service call timeout (500ms). Resetting inflight flag.
[WARN] [1781234426.891617871] [cartesian_streamer]: Queue BUSY, sẽ resend (backoff 66ms): msg="Busy processing the previous trajectory point. Please resend the next point shortly"
[WARN] [1781234427.919870522] [cartesian_streamer]: Queue BUSY, sẽ resend (backoff 66ms): msg="Busy processing the previous trajectory point. Please resend the next point shortly"
[INFO] [1781234428.463349969] [cartesian_streamer]: IK delta clamped → joints: [1.285, 0.457, 0.138, -0.007, -1.563, 0.286]
[INFO] [1781234428.463661412] [cartesian_streamer]: IK OK → Δmax=0.0700 rad, joints: [1.285, 0.457, 0.138, -0.007, -1.563, 0.286]
[INFO] [1781234428.729331858] [cartesian_streamer]: Runtime rate: state=streaming, tick_hz=15.0, queue_send_hz=3.8, ack_hz=1.8, busy_hz=1.8, retry_count=9, reject_count=0, inter_ack_ms=590.2, max_joint_delta=0.090, cumul_time=34.72s, hold_count=0, ik_mode=Local, ik_avg_ms=3.64, ik_fails=238
[INFO] [1781234428.946145092] [cartesian_streamer]: QueueTrajPoint accepted #1440: t=35.116s, hold=False
[WARN] [1781234429.334915176] [cartesian_streamer]: Queue BUSY, sẽ resend (backoff 66ms): msg="Busy processing the previous trajectory point. Please resend the next point shortly"
[WARN] [1781234430.413989933] [cartesian_streamer]: Queue BUSY, sẽ resend (backoff 66ms): msg="Busy processing the previous trajectory point. Please resend the next point shortly"
[INFO] [1781234430.532340549] [cartesian_streamer]: IK OK → Δmax=0.0235 rad, joints: [1.258, 0.395, 0.238, -0.008, -1.390, 0.314]
[INFO] [1781234431.919027139] [cartesian_streamer]: QueueTrajPoint accepted #1460: t=36.782s, hold=False
[WARN] [1781234432.409633039] [cartesian_streamer]: Queue BUSY, sẽ resend (backoff 66ms): msg="Busy processing the previous trajectory point. Please resend the next point shortly"
[INFO] [1781234432.532743747] [cartesian_streamer]: IK OK → Δmax=0.0298 rad, joints: [1.276, 0.507, 0.498, -0.008, -1.537, 0.295]
[INFO] [1781234433.665706777] [cartesian_streamer]: IK delta clamped → joints: [1.295, 0.558, 0.504, -0.007, -1.499, 0.276]
[INFO] [1781234433.730323814] [cartesian_streamer]: Runtime rate: state=streaming, tick_hz=15.0, queue_send_hz=8.6, ack_hz=7.4, busy_hz=1.2, retry_count=6, reject_count=0, inter_ack_ms=135.9, max_joint_delta=0.083, cumul_time=38.31s, hold_count=0, ik_mode=Local, ik_avg_ms=3.59, ik_fails=238
[INFO] [1781234434.294313469] [cartesian_streamer]: QueueTrajPoint accepted #1480: t=38.981s, hold=False
[INFO] [1781234434.597339400] [cartesian_streamer]: IK OK → Δmax=0.0134 rad, joints: [1.298, 0.731, 0.768, -0.007, -1.582, 0.273]
[INFO] [1781234435.998390367] [cartesian_streamer]: IK delta clamped → joints: [1.333, 0.812, 0.837, -0.006, -1.591, 0.237]
[INFO] [1781234436.353216645] [cartesian_streamer]: Local IK không hội tụ (fail #1)
[INFO] [1781234436.768150182] [cartesian_streamer]: QueueTrajPoint accepted #1500: t=41.184s, hold=True
[WARN] [1781234437.098756701] [cartesian_streamer]: Local IK failed 10x liên tiếp! Fallback sang MoveIt! IK...
[INFO] [1781234437.099352331] [cartesian_streamer]: IK OK → Δmax=0.0700 rad, joints: [1.342, 0.899, 0.991, -0.006, -1.655, 0.229]
[INFO] [1781234438.729310117] [cartesian_streamer]: Runtime rate: state=streaming, tick_hz=15.0, queue_send_hz=7.8, ack_hz=7.8, busy_hz=0.0, retry_count=0, reject_count=0, inter_ack_ms=127.7, max_joint_delta=0.070, cumul_time=43.05s, hold_count=0, ik_mode=Local, ik_avg_ms=3.80, ik_fails=266
[WARN] [1781234439.154178858] [cartesian_streamer]: Local IK failed 32x liên tiếp! Fallback sang MoveIt! IK...
[INFO] [1781234439.154519828] [cartesian_streamer]: IK OK → Δmax=0.0000 rad, joints: [1.342, 0.899, 1.009, -0.006, -1.655, 0.229]
[INFO] [1781234439.396969168] [cartesian_streamer]: IK delta clamped → joints: [1.347, 0.896, 0.939, -0.006, -1.574, 0.223]
[INFO] [1781234439.784088192] [cartesian_streamer]: QueueTrajPoint accepted #1520: t=44.027s, hold=False
[INFO] [1781234441.198320846] [cartesian_streamer]: IK OK → Δmax=0.0692 rad, joints: [1.319, 0.634, 0.061, -0.008, -0.972, 0.256]
[WARN] [1781234441.213942401] [cartesian_streamer]: Queue BUSY, sẽ resend (backoff 66ms): msg="Busy processing the previous trajectory point. Please resend the next point shortly"
[INFO] [1781234441.468680009] [cartesian_streamer]: IK delta clamped → joints: [1.320, 0.600, -0.009, -0.008, -0.921, 0.255]
[INFO] [1781234442.087014935] [cartesian_streamer]: QueueTrajPoint accepted #1540: t=45.893s, hold=False
[INFO] [1781234443.263520635] [cartesian_streamer]: IK OK → Δmax=0.0000 rad, joints: [1.302, 0.620, 0.050, -0.008, -0.976, 0.273]
[WARN] [1781234443.543321714] [cartesian_streamer]: Queue BUSY, sẽ resend (backoff 66ms): msg="Busy processing the previous trajectory point. Please resend the next point shortly"
[INFO] [1781234443.795971986] [cartesian_streamer]: Runtime rate: state=streaming, tick_hz=15.0, queue_send_hz=8.3, ack_hz=7.7, busy_hz=0.6, retry_count=3, reject_count=0, inter_ack_ms=130.5, max_joint_delta=0.090, cumul_time=47.16s, hold_count=0, ik_mode=Local, ik_avg_ms=3.79, ik_fails=271
[WARN] [1781234445.078983921] [cartesian_streamer]: Queue BUSY, sẽ resend (backoff 66ms): msg="Busy processing the previous trajectory point. Please resend the next point shortly"
[INFO] [1781234445.316907339] [cartesian_streamer]: QueueTrajPoint accepted #1560: t=48.227s, hold=False
[INFO] [1781234445.330740982] [cartesian_streamer]: IK OK → Δmax=0.0000 rad, joints: [1.302, 0.620, 0.050, -0.008, -0.976, 0.273]
[INFO] [1781234446.019854128] [cartesian_streamer]: Disable Robot: dừng stream, tắt traj mode...
[INFO] [1781234446.020668799] [cartesian_streamer]: ✗ Robot DISABLED.
[WARN] [1781234446.272888689] [cartesian_streamer]: ⚠ Queue mode bị drop! Auto-recovery lần 1/3...
[INFO] [1781234446.773984844] [cartesian_streamer]: Auto-recovery: bắt đầu re-enable queue mode...
[INFO] [1781234446.774679082] [cartesian_streamer]: Enable: reset_error...
[INFO] [1781234446.894291890] [cartesian_streamer]: reset_error: code=1, msg="success"
[INFO] [1781234446.894942909] [cartesian_streamer]: Enable: stop_traj_mode (giải phóng mode cũ)...
[INFO] [1781234446.944707405] [cartesian_streamer]: stop_traj_mode: success=True, code=N/A, msg=""
[INFO] [1781234446.945022892] [cartesian_streamer]: Enable: chờ 1.5s để hệ thống ổn định trước khi start queue...
[INFO] [1781234448.445998342] [cartesian_streamer]: Enable: StartPointQueueMode...
[INFO] [1781234451.863289385] [cartesian_streamer]: StartPointQueueMode response: code=1, msg=""
[INFO] [1781234451.863848988] [cartesian_streamer]: ✓ Robot ENABLED — Point Queue Mode active. Servo ON!
[INFO] [1781234451.929771612] [cartesian_streamer]: Runtime rate: state=seeding, tick_hz=4.2, queue_send_hz=1.6, ack_hz=1.4, busy_hz=0.1, retry_count=1, reject_count=1, inter_ack_ms=168.9, max_joint_delta=0.000, cumul_time=0.00s, hold_count=0, ik_mode=Local, ik_avg_ms=3.75, ik_fails=271
[WARN] [1781234451.930417095] [cartesian_streamer]: Target stream stale: không có target mới trong 9.4s
[WARN] [1781234451.931144018] [cartesian_streamer]: QueueTrajPoint đã được accept nhưng joint_states hầu như không đổi. Kiểm tra: 1) Robot ở mode AUTO? 2) Servo ON? 3) E-stop cleared?
[INFO] [1781234451.932208687] [cartesian_streamer]: Bootstrap EE pose via FK: (0.0634, 0.8452, 0.4462)
[INFO] [1781234451.933021302] [cartesian_streamer]: Đã gửi seed point (current joints, t=0), chờ ACK...
[INFO] [1781234451.996788109] [cartesian_streamer]: Bootstrap EE pose via FK: (0.0634, 0.8452, 0.4462)
[INFO] [1781234452.063616960] [cartesian_streamer]: Bootstrap EE pose via FK: (0.0634, 0.8452, 0.4462)
[INFO] [1781234452.129899744] [cartesian_streamer]: Bootstrap EE pose via FK: (0.0634, 0.8452, 0.4462)
[INFO] [1781234452.196451875] [cartesian_streamer]: Bootstrap EE pose via FK: (0.0634, 0.8452, 0.4462)
[INFO] [1781234452.263178389] [cartesian_streamer]: Bootstrap EE pose via FK: (0.0634, 0.8452, 0.4462)
[INFO] [1781234452.330538903] [cartesian_streamer]: Bootstrap EE pose via FK: (0.0634, 0.8452, 0.4462)
[WARN] [1781234452.376724572] [cartesian_streamer]: ⚠ Queue mode bị drop! Auto-recovery lần 2/3...
[INFO] [1781234452.877786673] [cartesian_streamer]: Auto-recovery: bắt đầu re-enable queue mode...
[INFO] [1781234452.878425302] [cartesian_streamer]: Enable: reset_error...
[INFO] [1781234452.998313832] [cartesian_streamer]: reset_error: code=1, msg="success"
[INFO] [1781234452.998868182] [cartesian_streamer]: Enable: stop_traj_mode (giải phóng mode cũ)...
[INFO] [1781234453.042850698] [cartesian_streamer]: stop_traj_mode: success=True, code=N/A, msg=""
[INFO] [1781234453.043133763] [cartesian_streamer]: Enable: chờ 1.5s để hệ thống ổn định trước khi start queue...
[INFO] [1781234454.543975740] [cartesian_streamer]: Enable: StartPointQueueMode...
[INFO] [1781234454.674257058] [cartesian_streamer]: StartPointQueueMode response: code=1, msg=""
[INFO] [1781234454.674777515] [cartesian_streamer]: ✓ Robot ENABLED — Point Queue Mode active. Servo ON!
[INFO] [1781234454.730023447] [cartesian_streamer]: Bootstrap EE pose via FK: (0.0634, 0.8452, 0.4462)
[INFO] [1781234454.730908484] [cartesian_streamer]: Đã gửi seed point (current joints, t=0), chờ ACK...
[INFO] [1781234454.747174627] [cartesian_streamer]: Seed ACK nhận được, bắt đầu prebuffer.
[INFO] [1781234455.123247994] [cartesian_streamer]: Pre-buffer hoàn tất (3 points), bắt đầu stream ổn định. Đang chờ target...
[WARN] [1781234456.612373311] [cartesian_streamer]: Queue BUSY, sẽ resend (backoff 66ms): msg="Busy processing the previous trajectory point. Please resend the next point shortly"
[INFO] [1781234456.996230698] [cartesian_streamer]: Runtime rate: state=streaming, tick_hz=8.1, queue_send_hz=3.0, ack_hz=2.2, busy_hz=0.4, retry_count=2, reject_count=1, inter_ack_ms=966.3, max_joint_delta=0.000, cumul_time=1.26s, hold_count=11, ik_mode=Local, ik_avg_ms=3.75, ik_fails=271
[WARN] [1781234456.996833315] [cartesian_streamer]: Target stream stale: không có target mới trong 14.5s
[WARN] [1781234457.612414658] [cartesian_streamer]: Queue BUSY, sẽ resend (backoff 66ms): msg="Busy processing the previous trajectory point. Please resend the next point shortly"
[WARN] [1781234459.109319070] [cartesian_streamer]: Queue BUSY, sẽ resend (backoff 66ms): msg="Busy processing the previous trajectory point. Please resend the next point shortly"
[INFO] [1781234460.544433106] [cartesian_streamer]: QueueTrajPoint accepted #1580: t=1.465s, hold=True
[WARN] [1781234460.741035464] [cartesian_streamer]: Queue BUSY, sẽ resend (backoff 66ms): msg="Busy processing the previous trajectory point. Please resend the next point shortly"
[WARN] [1781234461.805379651] [cartesian_streamer]: Queue BUSY, sẽ resend (backoff 66ms): msg="Busy processing the previous trajectory point. Please resend the next point shortly"
[INFO] [1781234462.062589369] [cartesian_streamer]: Runtime rate: state=streaming, tick_hz=15.0, queue_send_hz=4.1, ack_hz=2.0, busy_hz=2.2, retry_count=11, reject_count=0, inter_ack_ms=545.6, max_joint_delta=0.000, cumul_time=2.06s, hold_count=21, ik_mode=Local, ik_avg_ms=3.75, ik_fails=271
[WARN] [1781234462.063416892] [cartesian_streamer]: Target stream stale: không có target mới trong 19.6s
[WARN] [1781234463.152744928] [cartesian_streamer]: Queue BUSY, sẽ resend (backoff 66ms): msg="Busy processing the previous trajectory point. Please resend the next point shortly"
[WARN] [1781234464.279536544] [cartesian_streamer]: Queue BUSY, sẽ resend (backoff 66ms): msg="Busy processing the previous trajectory point. Please resend the next point shortly"
[WARN] [1781234465.579199019] [cartesian_streamer]: Queue BUSY, sẽ resend (backoff 66ms): msg="Busy processing the previous trajectory point. Please resend the next point shortly"
[WARN] [1781234466.674228932] [cartesian_streamer]: Queue BUSY, sẽ resend (backoff 66ms): msg="Busy processing the previous trajectory point. Please resend the next point shortly"
[INFO] [1781234467.062883742] [cartesian_streamer]: Runtime rate: state=streaming, tick_hz=15.0, queue_send_hz=4.8, ack_hz=0.6, busy_hz=4.2, retry_count=21, reject_count=0, inter_ack_ms=1704.5, max_joint_delta=0.000, cumul_time=1.00s, hold_count=24, ik_mode=Local, ik_avg_ms=3.75, ik_fails=271
[WARN] [1781234467.063471872] [cartesian_streamer]: Target stream stale: không có target mới trong 24.6s
[WARN] [1781234467.678096125] [cartesian_streamer]: Queue BUSY, sẽ resend (backoff 66ms): msg="Busy processing the previous trajectory point. Please resend the next point shortly"
[WARN] [1781234468.702849330] [cartesian_streamer]: Queue BUSY, sẽ resend (backoff 66ms): msg="Busy processing the previous trajectory point. Please resend the next point shortly"
[WARN] [1781234469.845852971] [cartesian_streamer]: Queue BUSY, sẽ resend (backoff 66ms): msg="Busy processing the previous trajectory point. Please resend the next point shortly"
[WARN] [1781234470.851381724] [cartesian_streamer]: Queue BUSY, sẽ resend (backoff 66ms): msg="Busy processing the previous trajectory point. Please resend the next point shortly"
[WARN] [1781234472.048802345] [cartesian_streamer]: Queue BUSY, sẽ resend (backoff 66ms): msg="Busy processing the previous trajectory point. Please resend the next point shortly"
[INFO] [1781234472.129433173] [cartesian_streamer]: Runtime rate: state=streaming, tick_hz=15.0, queue_send_hz=4.9, ack_hz=0.0, busy_hz=5.1, retry_count=26, reject_count=0, inter_ack_ms=0.0, max_joint_delta=0.000, cumul_time=0.00s, hold_count=24, ik_mode=Local, ik_avg_ms=3.75, ik_fails=271
[WARN] [1781234472.129795172] [cartesian_streamer]: Target stream stale: không có target mới trong 29.6s
[WARN] [1781234473.100662232] [cartesian_streamer]: Queue BUSY, sẽ resend (backoff 66ms): msg="Busy processing the previous trajectory point. Please resend the next point shortly"
[WARN] [1781234474.247888338] [cartesian_streamer]: Queue BUSY, sẽ resend (backoff 66ms): msg="Busy processing the previous trajectory point. Please resend the next point shortly"
[WARN] [1781234475.254921516] [cartesian_streamer]: Queue BUSY, sẽ resend (backoff 66ms): msg="Busy processing the previous trajectory point. Please resend the next point shortly"
[WARN] [1781234476.339804721] [cartesian_streamer]: Queue BUSY, sẽ resend (backoff 66ms): msg="Busy processing the previous trajectory point. Please resend the next point shortly"
[INFO] [1781234477.196063640] [cartesian_streamer]: Runtime rate: state=streaming, tick_hz=15.0, queue_send_hz=6.1, ack_hz=0.0, busy_hz=6.1, retry_count=31, reject_count=0, inter_ack_ms=0.0, max_joint_delta=0.000, cumul_time=0.00s, hold_count=24, ik_mode=Local, ik_avg_ms=3.75, ik_fails=271
[WARN] [1781234477.196647590] [cartesian_streamer]: Target stream stale: không có target mới trong 34.7s
[WARN] [1781234477.516307215] [cartesian_streamer]: Queue BUSY, sẽ resend (backoff 66ms): msg="Busy processing the previous trajectory point. Please resend the next point shortly"
[WARN] [1781234478.676434718] [cartesian_streamer]: Queue BUSY, sẽ resend (backoff 66ms): msg="Busy processing the previous trajectory point. Please resend the next point shortly"
[WARN] [1781234479.813769178] [cartesian_streamer]: Queue BUSY, sẽ resend (backoff 66ms): msg="Busy processing the previous trajectory point. Please resend the next point shortly"
[INFO] [1781234480.781701785] [cartesian_streamer]: QueueTrajPoint accepted #1600: t=0.666s, hold=True
[WARN] [1781234481.086397566] [cartesian_streamer]: Queue BUSY, sẽ resend (backoff 66ms): msg="Busy processing the previous trajectory point. Please resend the next point shortly"
[WARN] [1781234482.184787953] [cartesian_streamer]: Queue BUSY, sẽ resend (backoff 66ms): msg="Busy processing the previous trajectory point. Please resend the next point shortly"
[INFO] [1781234482.196683673] [cartesian_streamer]: Runtime rate: state=streaming, tick_hz=15.0, queue_send_hz=7.2, ack_hz=2.8, busy_hz=4.4, retry_count=22, reject_count=0, inter_ack_ms=996.6, max_joint_delta=0.000, cumul_time=0.33s, hold_count=38, ik_mode=Local, ik_avg_ms=3.75, ik_fails=271
[WARN] [1781234482.197608150] [cartesian_streamer]: Target stream stale: không có target mới trong 39.7s
[WARN] [1781234483.205481067] [cartesian_streamer]: Queue BUSY, sẽ resend (backoff 66ms): msg="Busy processing the previous trajectory point. Please resend the next point shortly"
[INFO] [1781234485.511067412] [cartesian_streamer]: QueueTrajPoint accepted #1620: t=1.934s, hold=True
[WARN] [1781234486.129175320] [cartesian_streamer]: Service call timeout (500ms). Resetting inflight flag.
[WARN] [1781234486.662772715] [cartesian_streamer]: Service call timeout (500ms). Resetting inflight flag.
[WARN] [1781234487.195696756] [cartesian_streamer]: Service call timeout (500ms). Resetting inflight flag.
[INFO] [1781234487.262775874] [cartesian_streamer]: Runtime rate: state=streaming, tick_hz=15.0, queue_send_hz=6.1, ack_hz=3.9, busy_hz=1.4, retry_count=7, reject_count=0, inter_ack_ms=237.2, max_joint_delta=0.000, cumul_time=2.73s, hold_count=61, ik_mode=Local, ik_avg_ms=3.75, ik_fails=271
[WARN] [1781234487.263395419] [cartesian_streamer]: Target stream stale: không có target mới trong 44.8s
[WARN] [1781234487.729437820] [cartesian_streamer]: Service call timeout (500ms). Resetting inflight flag.
[WARN] [1781234488.263254162] [cartesian_streamer]: Service call timeout (500ms). Resetting inflight flag.
[WARN] [1781234488.602769905] [cartesian_streamer]: Queue BUSY, sẽ resend (backoff 66ms): msg="Busy processing the previous trajectory point. Please resend the next point shortly"
[WARN] [1781234490.406175110] [cartesian_streamer]: Queue BUSY, sẽ resend (backoff 66ms): msg="Busy processing the previous trajectory point. Please resend the next point shortly"
[WARN] [1781234491.529639422] [cartesian_streamer]: Service call timeout (500ms). Resetting inflight flag.
[WARN] [1781234492.062931644] [cartesian_streamer]: Service call timeout (500ms). Resetting inflight flag.
[INFO] [1781234492.329990728] [cartesian_streamer]: Runtime rate: state=streaming, tick_hz=15.0, queue_send_hz=3.9, ack_hz=2.8, busy_hz=1.0, retry_count=5, reject_count=0, inter_ack_ms=388.3, max_joint_delta=0.000, cumul_time=4.73s, hold_count=77, ik_mode=Local, ik_avg_ms=3.75, ik_fails=271
[WARN] [1781234492.330811806] [cartesian_streamer]: Target stream stale: không có target mới trong 49.8s
[WARN] [1781234492.596708557] [cartesian_streamer]: Service call timeout (500ms). Resetting inflight flag.
[WARN] [1781234493.129615000] [cartesian_streamer]: Service call timeout (500ms). Resetting inflight flag.
[WARN] [1781234493.662796546] [cartesian_streamer]: Service call timeout (500ms). Resetting inflight flag.
[WARN] [1781234494.176355801] [cartesian_streamer]: Queue BUSY, sẽ resend (backoff 66ms): msg="Busy processing the previous trajectory point. Please resend the next point shortly"
[INFO] [1781234494.984935957] [cartesian_streamer]: QueueTrajPoint accepted #1640: t=5.666s, hold=True
[INFO] [1781234497.396084396] [cartesian_streamer]: Runtime rate: state=streaming, tick_hz=15.0, queue_send_hz=4.7, ack_hz=3.9, busy_hz=0.8, retry_count=4, reject_count=0, inter_ack_ms=307.7, max_joint_delta=0.000, cumul_time=7.67s, hold_count=99, ik_mode=Local, ik_avg_ms=3.75, ik_fails=271
[WARN] [1781234497.396788249] [cartesian_streamer]: Target stream stale: không có target mới trong 54.9s
[INFO] [1781234498.116984309] [cartesian_streamer]: QueueTrajPoint accepted #1660: t=8.333s, hold=True
[INFO] [1781234500.416643090] [cartesian_streamer]: QueueTrajPoint accepted #1680: t=10.600s, hold=True
[WARN] [1781234501.716216829] [cartesian_streamer]: Queue BUSY, sẽ resend (backoff 66ms): msg="Busy processing the previous trajectory point. Please resend the next point shortly"
[INFO] [1781234502.462552053] [cartesian_streamer]: Runtime rate: state=streaming, tick_hz=15.0, queue_send_hz=7.1, ack_hz=6.5, busy_hz=0.6, retry_count=3, reject_count=0, inter_ack_ms=134.2, max_joint_delta=0.000, cumul_time=11.47s, hold_count=132, ik_mode=Local, ik_avg_ms=3.75, ik_fails=271
[WARN] [1781234502.462935987] [cartesian_streamer]: Target stream stale: không có target mới trong 60.0s
[WARN] [1781234502.786165492] [cartesian_streamer]: Queue BUSY, sẽ resend (backoff 66ms): msg="Busy processing the previous trajectory point. Please resend the next point shortly"
[WARN] [1781234503.881259029] [cartesian_streamer]: Queue BUSY, sẽ resend (backoff 66ms): msg="Busy processing the previous trajectory point. Please resend the next point shortly"
[WARN] [1781234505.182326547] [cartesian_streamer]: Queue BUSY, sẽ resend (backoff 66ms): msg="Busy processing the previous trajectory point. Please resend the next point shortly"
[WARN] [1781234506.595836541] [cartesian_streamer]: Queue BUSY, sẽ resend (backoff 66ms): msg="Busy processing the previous trajectory point. Please resend the next point shortly"
[INFO] [1781234507.462499558] [cartesian_streamer]: Runtime rate: state=streaming, tick_hz=15.0, queue_send_hz=2.8, ack_hz=0.0, busy_hz=2.8, retry_count=14, reject_count=0, inter_ack_ms=0.0, max_joint_delta=0.000, cumul_time=10.53s, hold_count=132, ik_mode=Local, ik_avg_ms=3.75, ik_fails=271
[WARN] [1781234507.462824466] [cartesian_streamer]: Target stream stale: không có target mới trong 65.0s
[WARN] [1781234507.703641647] [cartesian_streamer]: ⚠ Queue mode bị drop! Auto-recovery lần 1/3...
[INFO] [1781234508.205159908] [cartesian_streamer]: Auto-recovery: bắt đầu re-enable queue mode...
[INFO] [1781234508.205975367] [cartesian_streamer]: Enable: reset_error...
[INFO] [1781234508.217537385] [cartesian_streamer]: reset_error: code=105, msg="Pendant is not in REMOTE mode"
[INFO] [1781234508.217928036] [cartesian_streamer]: Enable: stop_traj_mode (giải phóng mode cũ)...
[INFO] [1781234508.411058830] [cartesian_streamer]: stop_traj_mode: success=True, code=N/A, msg=""
[INFO] [1781234508.411662306] [cartesian_streamer]: Enable: chờ 1.5s để hệ thống ổn định trước khi start queue...
[INFO] [1781234509.912527386] [cartesian_streamer]: Enable: StartPointQueueMode...
[INFO] [1781234511.431666985] [cartesian_streamer]: StartPointQueueMode response: code=1, msg=""
[INFO] [1781234511.431942584] [cartesian_streamer]: ✓ Robot ENABLED — Point Queue Mode active. Servo ON!
[WARN] [1781234511.463139610] [cartesian_streamer]: QueueTrajPoint đã được accept nhưng joint_states hầu như không đổi. Kiểm tra: 1) Robot ở mode AUTO? 2) Servo ON? 3) E-stop cleared?
[INFO] [1781234511.464204813] [cartesian_streamer]: Bootstrap EE pose via FK: (0.0634, 0.8452, 0.4462)
[INFO] [1781234511.465096192] [cartesian_streamer]: Đã gửi seed point (current joints, t=0), chờ ACK...
[INFO] [1781234511.529904232] [cartesian_streamer]: Bootstrap EE pose via FK: (0.0634, 0.8452, 0.4462)
[INFO] [1781234511.591066490] [cartesian_streamer]: Seed ACK nhận được, bắt đầu prebuffer.
[INFO] [1781234511.848385029] [cartesian_streamer]: Pre-buffer hoàn tất (3 points), bắt đầu stream ổn định. Đang chờ target...
[INFO] [1781234512.529096503] [cartesian_streamer]: Runtime rate: state=streaming, tick_hz=3.9, queue_send_hz=2.0, ack_hz=1.8, busy_hz=0.0, retry_count=0, reject_count=1, inter_ack_ms=1202.4, max_joint_delta=0.000, cumul_time=0.93s, hold_count=9, ik_mode=Local, ik_avg_ms=3.75, ik_fails=271
[WARN] [1781234512.529799355] [cartesian_streamer]: Target stream stale: không có target mới trong 70.0s
[INFO] [1781234512.850366976] [cartesian_streamer]: QueueTrajPoint accepted #1700: t=1.198s, hold=True
[WARN] [1781234513.396248241] [cartesian_streamer]: Service call timeout (500ms). Resetting inflight flag.
[WARN] [1781234513.510972205] [cartesian_streamer]: ⚠ Queue mode bị drop! Auto-recovery lần 1/3...
[INFO] [1781234514.012106763] [cartesian_streamer]: Auto-recovery: bắt đầu re-enable queue mode...
[INFO] [1781234514.012758036] [cartesian_streamer]: Enable: reset_error...
[INFO] [1781234514.131928630] [cartesian_streamer]: reset_error: code=1, msg="success"
[INFO] [1781234514.132497176] [cartesian_streamer]: Enable: stop_traj_mode (giải phóng mode cũ)...
[INFO] [1781234514.182376743] [cartesian_streamer]: stop_traj_mode: success=True, code=N/A, msg=""
[INFO] [1781234514.182942387] [cartesian_streamer]: Enable: chờ 1.5s để hệ thống ổn định trước khi start queue...
[INFO] [1781234515.683846001] [cartesian_streamer]: Enable: StartPointQueueMode...
[INFO] [1781234515.812243484] [cartesian_streamer]: StartPointQueueMode response: code=1, msg=""
[INFO] [1781234515.812770502] [cartesian_streamer]: ✓ Robot ENABLED — Point Queue Mode active. Servo ON!
[INFO] [1781234515.862890216] [cartesian_streamer]: Bootstrap EE pose via FK: (0.0634, 0.8452, 0.4462)
[INFO] [1781234515.863442093] [cartesian_streamer]: Đã gửi seed point (current joints, t=0), chờ ACK...
[INFO] [1781234515.929969902] [cartesian_streamer]: Bootstrap EE pose via FK: (0.0634, 0.8452, 0.4462)
[INFO] [1781234515.996716690] [cartesian_streamer]: Bootstrap EE pose via FK: (0.0634, 0.8452, 0.4462)
[INFO] [1781234516.063529671] [cartesian_streamer]: Bootstrap EE pose via FK: (0.0634, 0.8452, 0.4462)
[INFO] [1781234516.129909864] [cartesian_streamer]: Bootstrap EE pose via FK: (0.0634, 0.8452, 0.4462)
[INFO] [1781234516.196209693] [cartesian_streamer]: Bootstrap EE pose via FK: (0.0634, 0.8452, 0.4462)
[INFO] [1781234516.263219257] [cartesian_streamer]: Bootstrap EE pose via FK: (0.0634, 0.8452, 0.4462)
[INFO] [1781234516.271618688] [cartesian_streamer]: Seed ACK nhận được, bắt đầu prebuffer.
[INFO] [1781234516.858161082] [cartesian_streamer]: Pre-buffer hoàn tất (3 points), bắt đầu stream ổn định. Đang chờ target...
[WARN] [1781234517.472980072] [cartesian_streamer]: Queue BUSY, sẽ resend (backoff 66ms): msg="Busy processing the previous trajectory point. Please resend the next point shortly"
[INFO] [1781234517.529541272] [cartesian_streamer]: Runtime rate: state=streaming, tick_hz=8.0, queue_send_hz=2.2, ack_hz=1.8, busy_hz=0.2, retry_count=1, reject_count=2, inter_ack_ms=562.7, max_joint_delta=0.000, cumul_time=1.00s, hold_count=6, ik_mode=Local, ik_avg_ms=3.75, ik_fails=271
[WARN] [1781234517.529850400] [cartesian_streamer]: Target stream stale: không có target mới trong 75.0s
[WARN] [1781234518.667885855] [cartesian_streamer]: Queue BUSY, sẽ resend (backoff 66ms): msg="Busy processing the previous trajectory point. Please resend the next point shortly"
[WARN] [1781234520.076905063] [cartesian_streamer]: Queue BUSY, sẽ resend (backoff 66ms): msg="Busy processing the previous trajectory point. Please resend the next point shortly"
[WARN] [1781234522.132353467] [cartesian_streamer]: Queue BUSY, sẽ resend (backoff 66ms): msg="Busy processing the previous trajectory point. Please resend the next point shortly"
[INFO] [1781234522.595711483] [cartesian_streamer]: Runtime rate: state=streaming, tick_hz=15.0, queue_send_hz=4.9, ack_hz=2.0, busy_hz=3.0, retry_count=15, reject_count=0, inter_ack_ms=435.5, max_joint_delta=0.000, cumul_time=1.33s, hold_count=16, ik_mode=Local, ik_avg_ms=3.75, ik_fails=271
[WARN] [1781234522.596032009] [cartesian_streamer]: Target stream stale: không có target mới trong 80.1s
[WARN] [1781234523.268470716] [cartesian_streamer]: Queue BUSY, sẽ resend (backoff 66ms): msg="Busy processing the previous trajectory point. Please resend the next point shortly"
[WARN] [1781234524.472028077] [cartesian_streamer]: Queue BUSY, sẽ resend (backoff 66ms): msg="Busy processing the previous trajectory point. Please resend the next point shortly"
[WARN] [1781234525.501026379] [cartesian_streamer]: Queue BUSY, sẽ resend (backoff 66ms): msg="Busy processing the previous trajectory point. Please resend the next point shortly"
[WARN] [1781234526.676904409] [cartesian_streamer]: Queue BUSY, sẽ resend (backoff 66ms): msg="Busy processing the previous trajectory point. Please resend the next point shortly"
[INFO] [1781234527.596168811] [cartesian_streamer]: Runtime rate: state=streaming, tick_hz=15.0, queue_send_hz=4.2, ack_hz=0.6, busy_hz=3.6, retry_count=18, reject_count=0, inter_ack_ms=1005.1, max_joint_delta=0.000, cumul_time=0.60s, hold_count=19, ik_mode=Local, ik_avg_ms=3.75, ik_fails=271
[WARN] [1781234527.596791159] [cartesian_streamer]: Target stream stale: không có target mới trong 85.1s
[WARN] [1781234527.743679407] [cartesian_streamer]: Queue BUSY, sẽ resend (backoff 66ms): msg="Busy processing the previous trajectory point. Please resend the next point shortly"
[INFO] [1781234527.884003506] [cartesian_streamer]: QueueTrajPoint accepted #1720: t=1.332s, hold=True
[WARN] [1781234528.764984553] [cartesian_streamer]: Queue BUSY, sẽ resend (backoff 66ms): msg="Busy processing the previous trajectory point. Please resend the next point shortly"
[WARN] [1781234529.849467645] [cartesian_streamer]: Queue BUSY, sẽ resend (backoff 66ms): msg="Busy processing the previous trajectory point. Please resend the next point shortly"
[WARN] [1781234530.910191637] [cartesian_streamer]: Queue BUSY, sẽ resend (backoff 66ms): msg="Busy processing the previous trajectory point. Please resend the next point shortly"
[WARN] [1781234531.949741535] [cartesian_streamer]: Queue BUSY, sẽ resend (backoff 66ms): msg="Busy processing the previous trajectory point. Please resend the next point shortly"
[INFO] [1781234532.662492778] [cartesian_streamer]: Runtime rate: state=streaming, tick_hz=15.0, queue_send_hz=5.7, ack_hz=0.2, busy_hz=5.3, retry_count=27, reject_count=0, inter_ack_ms=3067.2, max_joint_delta=0.000, cumul_time=0.00s, hold_count=20, ik_mode=Local, ik_avg_ms=3.75, ik_fails=271
[WARN] [1781234532.662800352] [cartesian_streamer]: Target stream stale: không có target mới trong 90.2s
[WARN] [1781234533.010938909] [cartesian_streamer]: Queue BUSY, sẽ resend (backoff 66ms): msg="Busy processing the previous trajectory point. Please resend the next point shortly"
[WARN] [1781234534.050647154] [cartesian_streamer]: Queue BUSY, sẽ resend (backoff 66ms): msg="Busy processing the previous trajectory point. Please resend the next point shortly"
[WARN] [1781234535.072481448] [cartesian_streamer]: Queue BUSY, sẽ resend (backoff 66ms): msg="Busy processing the previous trajectory point. Please resend the next point shortly"
[WARN] [1781234536.181472418] [cartesian_streamer]: Queue BUSY, sẽ resend (backoff 66ms): msg="Busy processing the previous trajectory point. Please resend the next point shortly"
[WARN] [1781234537.254674291] [cartesian_streamer]: Queue BUSY, sẽ resend (backoff 66ms): msg="Busy processing the previous trajectory point. Please resend the next point shortly"
[INFO] [1781234537.729104317] [cartesian_streamer]: Runtime rate: state=streaming, tick_hz=15.0, queue_send_hz=6.7, ack_hz=3.0, busy_hz=3.9, retry_count=20, reject_count=0, inter_ack_ms=544.2, max_joint_delta=0.000, cumul_time=0.47s, hold_count=35, ik_mode=Local, ik_avg_ms=3.75, ik_fails=271
[WARN] [1781234537.729465787] [cartesian_streamer]: Target stream stale: không có target mới trong 95.2s
[WARN] [1781234538.460519015] [cartesian_streamer]: Queue BUSY, sẽ resend (backoff 66ms): msg="Busy processing the previous trajectory point. Please resend the next point shortly"
[INFO] [1781234539.614234655] [cartesian_streamer]: QueueTrajPoint accepted #1740: t=0.732s, hold=True
[WARN] [1781234540.196227457] [cartesian_streamer]: Service call timeout (500ms). Resetting inflight flag.
[WARN] [1781234540.729519234] [cartesian_streamer]: Service call timeout (500ms). Resetting inflight flag.
[WARN] [1781234541.263009094] [cartesian_streamer]: Service call timeout (500ms). Resetting inflight flag.
[WARN] [1781234541.795618370] [cartesian_streamer]: Service call timeout (500ms). Resetting inflight flag.
[WARN] [1781234542.329824831] [cartesian_streamer]: Service call timeout (500ms). Resetting inflight flag.
[INFO] [1781234542.729740258] [cartesian_streamer]: Runtime rate: state=streaming, tick_hz=15.0, queue_send_hz=3.2, ack_hz=1.0, busy_hz=1.0, retry_count=5, reject_count=0, inter_ack_ms=713.4, max_joint_delta=0.000, cumul_time=1.80s, hold_count=45, ik_mode=Local, ik_avg_ms=3.75, ik_fails=271
[WARN] [1781234542.730335859] [cartesian_streamer]: Target stream stale: không có target mới trong 100.2s
[WARN] [1781234542.767512753] [cartesian_streamer]: Queue BUSY, sẽ resend (backoff 66ms): msg="Busy processing the previous trajectory point. Please resend the next point shortly"
[INFO] [1781234545.475287788] [cartesian_streamer]: QueueTrajPoint accepted #1760: t=3.733s, hold=True
[INFO] [1781234547.795534648] [cartesian_streamer]: Runtime rate: state=streaming, tick_hz=15.0, queue_send_hz=6.9, ack_hz=6.9, busy_hz=0.8, retry_count=4, reject_count=0, inter_ack_ms=233.4, max_joint_delta=0.000, cumul_time=5.80s, hold_count=78, ik_mode=Local, ik_avg_ms=3.75, ik_fails=271
[WARN] [1781234547.795821936] [cartesian_streamer]: Target stream stale: không có target mới trong 105.3s
[INFO] [1781234548.388119141] [cartesian_streamer]: QueueTrajPoint accepted #1780: t=6.334s, hold=True
[INFO] [1781234549.282190099] [cartesian_streamer]: Disable Robot: dừng stream, tắt traj mode...
[INFO] [1781234549.282868200] [cartesian_streamer]: ✗ Robot DISABLED.
[INFO] [1781235048.536763383] [cartesian_streamer]: Enable Robot: bắt đầu chuỗi khởi động...
[INFO] [1781235048.537297235] [cartesian_streamer]: Enable: reset_error...
[INFO] [1781235048.545927385] [cartesian_streamer]: reset_error: code=1, msg="success"
[INFO] [1781235048.546207192] [cartesian_streamer]: Enable: stop_traj_mode (giải phóng mode cũ)...
[INFO] [1781235048.592446746] [cartesian_streamer]: stop_traj_mode: success=True, code=N/A, msg=""
[INFO] [1781235048.592968973] [cartesian_streamer]: Enable: chờ 1.5s để hệ thống ổn định trước khi start queue...
[INFO] [1781235050.093810285] [cartesian_streamer]: Enable: StartPointQueueMode...
[INFO] [1781235051.668031798] [cartesian_streamer]: StartPointQueueMode response: code=1, msg=""
[INFO] [1781235051.668596786] [cartesian_streamer]: ✓ Robot ENABLED — Point Queue Mode active. Servo ON!
[INFO] [1781235051.729242901] [cartesian_streamer]: Runtime rate: state=seeding, tick_hz=0.0, queue_send_hz=0.0, ack_hz=0.0, busy_hz=0.0, retry_count=0, reject_count=0, inter_ack_ms=115.0, max_joint_delta=0.000, cumul_time=0.00s, hold_count=0, ik_mode=Local, ik_avg_ms=3.75, ik_fails=271
[WARN] [1781235051.729927551] [cartesian_streamer]: Target stream stale: không có target mới trong 609.2s
[WARN] [1781235051.730662280] [cartesian_streamer]: QueueTrajPoint đã được accept nhưng joint_states hầu như không đổi. Kiểm tra: 1) Robot ở mode AUTO? 2) Servo ON? 3) E-stop cleared?
[INFO] [1781235051.731502330] [cartesian_streamer]: Bootstrap EE pose via FK: (-0.1620, 0.2959, 0.3840)
[INFO] [1781235051.732139837] [cartesian_streamer]: Đã gửi seed point (current joints, t=0), chờ ACK...
[INFO] [1781235051.797136300] [cartesian_streamer]: Bootstrap EE pose via FK: (-0.1620, 0.2959, 0.3840)
[INFO] [1781235051.852968122] [cartesian_streamer]: Seed ACK nhận được, bắt đầu prebuffer.
[INFO] [1781235052.078322899] [cartesian_streamer]: Pre-buffer hoàn tất (3 points), bắt đầu stream ổn định. Đang chờ target...
[INFO] [1781235052.464839054] [cartesian_streamer]: IK OK → Δmax=0.0161 rad, joints: [1.555, 0.118, -1.024, 0.007, -0.399, 0.009]
[INFO] [1781235053.045794643] [cartesian_streamer]: QueueTrajPoint accepted #1800: t=1.132s, hold=False
[INFO] [1781235054.531396264] [cartesian_streamer]: IK OK → Δmax=0.0381 rad, joints: [1.472, 0.072, -0.779, -0.004, -0.694, 0.102]
[INFO] [1781235055.015356358] [cartesian_streamer]: QueueTrajPoint accepted #1820: t=3.132s, hold=False
[INFO] [1781235056.531498107] [cartesian_streamer]: IK OK → Δmax=0.0428 rad, joints: [1.316, 0.074, -0.276, -0.007, -1.195, 0.258]
[INFO] [1781235056.789892576] [cartesian_streamer]: QueueTrajPoint accepted #1840: t=4.800s, hold=False
[INFO] [1781235056.796140123] [cartesian_streamer]: Runtime rate: state=streaming, tick_hz=15.0, queue_send_hz=10.1, ack_hz=10.1, busy_hz=0.0, retry_count=0, reject_count=0, inter_ack_ms=9949.0, max_joint_delta=0.063, cumul_time=4.80s, hold_count=0, ik_mode=Local, ik_avg_ms=3.70, ik_fails=271
[INFO] [1781235058.598204155] [cartesian_streamer]: IK OK → Δmax=0.0478 rad, joints: [1.353, 0.490, 0.384, -0.006, -1.440, 0.218]
[INFO] [1781235058.663053223] [cartesian_streamer]: IK delta clamped → joints: [1.354, 0.505, 0.407, -0.006, -1.449, 0.217]
[INFO] [1781235058.758024679] [cartesian_streamer]: QueueTrajPoint accepted #1860: t=6.868s, hold=False
[INFO] [1781235060.083909358] [cartesian_streamer]: Local IK không hội tụ (fail #1)
[WARN] [1781235060.682088574] [cartesian_streamer]: Local IK failed 10x liên tiếp! Fallback sang MoveIt! IK...
[INFO] [1781235060.682438803] [cartesian_streamer]: IK delta clamped → joints: [1.388, 0.884, 0.969, -0.005, -1.710, 0.182]
[INFO] [1781235060.682725957] [cartesian_streamer]: IK OK → Δmax=0.0700 rad, joints: [1.388, 0.884, 0.969, -0.005, -1.710, 0.182]
[WARN] [1781235061.706012435] [cartesian_streamer]: Service call timeout (500ms). Resetting inflight flag.
[INFO] [1781235061.712498516] [cartesian_streamer]: QueueTrajPoint accepted #1880: t=9.090s, hold=False
[INFO] [1781235061.795802977] [cartesian_streamer]: Runtime rate: state=streaming, tick_hz=15.0, queue_send_hz=8.2, ack_hz=8.2, busy_hz=0.0, retry_count=0, reject_count=0, inter_ack_ms=120.6, max_joint_delta=0.073, cumul_time=9.29s, hold_count=0, ik_mode=Local, ik_avg_ms=3.84, ik_fails=295
[WARN] [1781235062.684523775] [cartesian_streamer]: Local IK failed 37x liên tiếp! Fallback sang MoveIt! IK...
[INFO] [1781235062.684887527] [cartesian_streamer]: IK OK → Δmax=0.0000 rad, joints: [1.388, 0.884, 1.049, -0.005, -1.710, 0.182]
[INFO] [1781235063.198417435] [cartesian_streamer]: IK delta clamped → joints: [1.398, 0.881, 0.979, -0.005, -1.620, 0.173]
[INFO] [1781235064.078895119] [cartesian_streamer]: QueueTrajPoint accepted #1900: t=11.539s, hold=False
[INFO] [1781235064.733045349] [cartesian_streamer]: IK OK → Δmax=0.0446 rad, joints: [1.450, 0.601, 0.196, -0.003, -1.140, 0.122]
[INFO] [1781235066.134080576] [cartesian_streamer]: QueueTrajPoint accepted #1920: t=13.537s, hold=False
[INFO] [1781235066.796312872] [cartesian_streamer]: IK OK → Δmax=0.0000 rad, joints: [1.505, 0.505, -0.047, -0.002, -0.993, 0.067]
[INFO] [1781235066.862302318] [cartesian_streamer]: Runtime rate: state=streaming, tick_hz=15.0, queue_send_hz=8.9, ack_hz=8.7, busy_hz=0.0, retry_count=0, reject_count=0, inter_ack_ms=113.9, max_joint_delta=0.090, cumul_time=14.14s, hold_count=0, ik_mode=Local, ik_avg_ms=3.92, ik_fails=313
[WARN] [1781235067.219370225] [cartesian_streamer]: Queue BUSY, sẽ resend (backoff 66ms): msg="Busy processing the previous trajectory point. Please resend the next point shortly"
[INFO] [1781235068.797858015] [cartesian_streamer]: IK OK → Δmax=0.0062 rad, joints: [1.498, 0.496, -0.048, -0.002, -1.001, 0.074]
[INFO] [1781235069.338321404] [cartesian_streamer]: QueueTrajPoint accepted #1940: t=16.139s, hold=False
[INFO] [1781235070.799756468] [cartesian_streamer]: IK OK → Δmax=0.0067 rad, joints: [1.531, 0.620, 0.225, -0.001, -1.150, 0.040]
[INFO] [1781235071.383869520] [cartesian_streamer]: QueueTrajPoint accepted #1960: t=18.072s, hold=False
[INFO] [1781235071.862815307] [cartesian_streamer]: Runtime rate: state=streaming, tick_hz=15.0, queue_send_hz=8.0, ack_hz=8.0, busy_hz=0.2, retry_count=1, reject_count=0, inter_ack_ms=126.7, max_joint_delta=0.058, cumul_time=18.61s, hold_count=0, ik_mode=Local, ik_avg_ms=3.85, ik_fails=313
[INFO] [1781235072.865046082] [cartesian_streamer]: IK OK → Δmax=0.0061 rad, joints: [1.584, 0.725, 0.247, 0.000, -1.067, -0.013]
[INFO] [1781235074.054007505] [cartesian_streamer]: QueueTrajPoint accepted #1980: t=20.470s, hold=False
[INFO] [1781235074.931245827] [cartesian_streamer]: IK OK → Δmax=0.0400 rad, joints: [1.563, 0.656, 0.142, -0.000, -1.030, 0.008]
[INFO] [1781235076.319330274] [cartesian_streamer]: QueueTrajPoint accepted #2000: t=22.604s, hold=False
[INFO] [1781235076.863357393] [cartesian_streamer]: Runtime rate: state=streaming, tick_hz=15.0, queue_send_hz=8.0, ack_hz=7.8, busy_hz=0.0, retry_count=0, reject_count=0, inter_ack_ms=126.6, max_joint_delta=0.070, cumul_time=23.14s, hold_count=0, ik_mode=Local, ik_avg_ms=3.79, ik_fails=313
[INFO] [1781235076.935469762] [cartesian_streamer]: IK OK → Δmax=0.0628 rad, joints: [1.375, 0.601, 0.485, -0.005, -1.430, 0.197]
[INFO] [1781235077.865303125] [cartesian_streamer]: IK delta clamped → joints: [1.362, 0.826, 0.850, -0.005, -1.570, 0.209]
[INFO] [1781235078.355778344] [cartesian_streamer]: Local IK không hội tụ (fail #1)
[INFO] [1781235078.687678903] [cartesian_streamer]: QueueTrajPoint accepted #2020: t=24.836s, hold=False
[INFO] [1781235078.998751712] [cartesian_streamer]: IK OK → Δmax=0.0139 rad, joints: [1.355, 1.001, 1.022, -0.006, -1.566, 0.216]
[INFO] [1781235079.360887402] [cartesian_streamer]: Local IK không hội tụ (fail #3)
[WARN] [1781235079.889446836] [cartesian_streamer]: Local IK failed 10x liên tiếp! Fallback sang MoveIt! IK...
[INFO] [1781235081.063584327] [cartesian_streamer]: IK OK → Δmax=0.0000 rad, joints: [1.348, 1.030, 1.026, -0.006, -1.541, 0.223]
[INFO] [1781235081.116012959] [cartesian_streamer]: QueueTrajPoint accepted #2040: t=27.102s, hold=False
[INFO] [1781235081.663563249] [cartesian_streamer]: IK delta clamped → joints: [1.349, 0.990, 0.956, -0.006, -1.499, 0.222]
[INFO] [1781235081.929316743] [cartesian_streamer]: Runtime rate: state=streaming, tick_hz=15.0, queue_send_hz=7.9, ack_hz=7.9, busy_hz=0.0, retry_count=0, reject_count=0, inter_ack_ms=120.0, max_joint_delta=0.090, cumul_time=27.64s, hold_count=0, ik_mode=Local, ik_avg_ms=3.83, ik_fails=325
[WARN] [1781235082.130977455] [cartesian_streamer]: Service call timeout (500ms). Resetting inflight flag.
[WARN] [1781235082.665953170] [cartesian_streamer]: Service call timeout (500ms). Resetting inflight flag.
[INFO] [1781235083.064162091] [cartesian_streamer]: IK OK → Δmax=0.0700 rad, joints: [1.344, 0.983, 0.956, -0.006, -1.478, 0.228]
[WARN] [1781235083.198023227] [cartesian_streamer]: Service call timeout (500ms). Resetting inflight flag.
[WARN] [1781235083.732469716] [cartesian_streamer]: Service call timeout (500ms). Resetting inflight flag.
[INFO] [1781235084.065538391] [cartesian_streamer]: IK delta clamped → joints: [1.324, 0.963, 0.956, -0.006, -1.530, 0.247]
[WARN] [1781235084.264199922] [cartesian_streamer]: Service call timeout (500ms). Resetting inflight flag.
[WARN] [1781235084.797399549] [cartesian_streamer]: Service call timeout (500ms). Resetting inflight flag.
[WARN] [1781235084.871210369] [cartesian_streamer]: Queue BUSY, sẽ resend (backoff 66ms): msg="Busy processing the previous trajectory point. Please resend the next point shortly"
[INFO] [1781235085.130828197] [cartesian_streamer]: IK OK → Δmax=0.0207 rad, joints: [1.321, 1.074, 0.979, -0.007, -1.451, 0.251]
[INFO] [1781235085.626574793] [cartesian_streamer]: Local IK không hội tụ (fail #1)
[WARN] [1781235086.310212810] [cartesian_streamer]: Local IK failed 10x liên tiếp! Fallback sang MoveIt! IK...
[INFO] [1781235086.750902778] [cartesian_streamer]: Local IK không hội tụ (fail #1)
[INFO] [1781235086.929402044] [cartesian_streamer]: Runtime rate: state=streaming, tick_hz=15.0, queue_send_hz=4.0, ack_hz=2.8, busy_hz=1.0, retry_count=5, reject_count=0, inter_ack_ms=382.0, max_joint_delta=0.090, cumul_time=30.01s, hold_count=2, ik_mode=Local, ik_avg_ms=3.88, ik_fails=339
[INFO] [1781235087.392756994] [cartesian_streamer]: QueueTrajPoint accepted #2060: t=30.280s, hold=True
[INFO] [1781235087.436903575] [cartesian_streamer]: IK OK → Δmax=0.0116 rad, joints: [1.321, 1.162, 1.049, -0.007, -1.432, 0.251]
[WARN] [1781235088.358570582] [cartesian_streamer]: Local IK failed 21x liên tiếp! Fallback sang MoveIt! IK...
[INFO] [1781235088.863637654] [cartesian_streamer]: IK delta clamped → joints: [1.299, 1.092, 1.035, -0.007, -1.499, 0.272]
[INFO] [1781235089.464375672] [cartesian_streamer]: IK OK → Δmax=0.0214 rad, joints: [1.296, 0.999, 1.023, -0.007, -1.570, 0.275]
[INFO] [1781235090.350341587] [cartesian_streamer]: QueueTrajPoint accepted #2080: t=32.862s, hold=False
[WARN] [1781235090.600644696] [cartesian_streamer]: Queue BUSY, sẽ resend (backoff 66ms): msg="Busy processing the previous trajectory point. Please resend the next point shortly"
[INFO] [1781235091.265600962] [cartesian_streamer]: IK delta clamped → joints: [1.267, 0.720, 0.876, -0.008, -1.708, 0.303]
[INFO] [1781235091.530866751] [cartesian_streamer]: IK OK → Δmax=0.0700 rad, joints: [1.262, 0.652, 0.806, -0.008, -1.698, 0.308]
[INFO] [1781235091.929220390] [cartesian_streamer]: Runtime rate: state=streaming, tick_hz=15.0, queue_send_hz=6.8, ack_hz=6.2, busy_hz=0.4, retry_count=2, reject_count=0, inter_ack_ms=158.4, max_joint_delta=0.090, cumul_time=33.99s, hold_count=0, ik_mode=Local, ik_avg_ms=4.01, ik_fails=362
[INFO] [1781235092.884147308] [cartesian_streamer]: QueueTrajPoint accepted #2100: t=34.992s, hold=False
[INFO] [1781235093.331551645] [cartesian_streamer]: IK delta clamped → joints: [1.239, 0.266, 0.327, -0.009, -1.516, 0.332]
[INFO] [1781235093.598098642] [cartesian_streamer]: IK OK → Δmax=0.0808 rad, joints: [1.247, 0.235, 0.229, -0.008, -1.423, 0.325]
[INFO] [1781235095.410344093] [cartesian_streamer]: QueueTrajPoint accepted #2120: t=37.124s, hold=False
[INFO] [1781235095.598317325] [cartesian_streamer]: IK OK → Δmax=0.0276 rad, joints: [1.341, 0.110, -0.095, -0.006, -1.340, 0.232]
[INFO] [1781235096.598404499] [cartesian_streamer]: IK delta clamped → joints: [1.344, 0.108, 0.140, -0.006, -1.590, 0.227]
[INFO] [1781235096.996307837] [cartesian_streamer]: Runtime rate: state=streaming, tick_hz=15.0, queue_send_hz=8.5, ack_hz=8.7, busy_hz=0.0, retry_count=0, reject_count=0, inter_ack_ms=117.7, max_joint_delta=0.090, cumul_time=38.52s, hold_count=0, ik_mode=Local, ik_avg_ms=3.96, ik_fails=362
[INFO] [1781235097.664319886] [cartesian_streamer]: IK OK → Δmax=0.0481 rad, joints: [1.352, 0.028, -0.108, -0.006, -1.410, 0.219]
[INFO] [1781235097.668377771] [cartesian_streamer]: QueueTrajPoint accepted #2140: t=39.324s, hold=False
[INFO] [1781235098.930194879] [cartesian_streamer]: IK delta clamped → joints: [1.299, 0.010, -0.267, -0.007, -1.249, 0.274]
[INFO] [1781235099.664474901] [cartesian_streamer]: IK OK → Δmax=0.0201 rad, joints: [1.279, -0.067, -0.258, -0.008, -1.354, 0.293]
[INFO] [1781235099.815866329] [cartesian_streamer]: QueueTrajPoint accepted #2160: t=41.392s, hold=False
[INFO] [1781235101.650515006] [cartesian_streamer]: QueueTrajPoint accepted #2180: t=43.125s, hold=False
[INFO] [1781235101.664581419] [cartesian_streamer]: IK OK → Δmax=0.0397 rad, joints: [1.300, -0.053, -0.266, -0.007, -1.332, 0.272]
[INFO] [1781235101.996095355] [cartesian_streamer]: Runtime rate: state=streaming, tick_hz=15.0, queue_send_hz=10.2, ack_hz=10.0, busy_hz=0.0, retry_count=0, reject_count=0, inter_ack_ms=98.6, max_joint_delta=0.070, cumul_time=43.52s, hold_count=0, ik_mode=Local, ik_avg_ms=3.91, ik_fails=362
[INFO] [1781235102.936553896] [cartesian_streamer]: Disable Robot: dừng stream, tắt traj mode...
[INFO] [1781235102.937296770] [cartesian_streamer]: ✗ Robot DISABLED.
[INFO] [1781235107.362442794] [cartesian_streamer]: Disable Robot: dừng stream, tắt traj mode...
[INFO] [1781235107.364329982] [cartesian_streamer]: ✗ Robot DISABLED.
[INFO] [1781235600.986492574] [cartesian_streamer]: Enable Robot: bắt đầu chuỗi khởi động...
[INFO] [1781235600.986726315] [cartesian_streamer]: Enable: reset_error...
[INFO] [1781235600.996356663] [cartesian_streamer]: reset_error: code=1, msg="success"
[INFO] [1781235600.996838242] [cartesian_streamer]: Enable: stop_traj_mode (giải phóng mode cũ)...
[INFO] [1781235601.037444098] [cartesian_streamer]: stop_traj_mode: success=True, code=N/A, msg=""
[INFO] [1781235601.037943289] [cartesian_streamer]: Enable: chờ 1.5s để hệ thống ổn định trước khi start queue...
[INFO] [1781235602.538832653] [cartesian_streamer]: Enable: StartPointQueueMode...
[INFO] [1781235602.890080334] [cartesian_streamer]: StartPointQueueMode response: code=1, msg=""
[INFO] [1781235602.890362973] [cartesian_streamer]: ✓ Robot ENABLED — Point Queue Mode active. Servo ON!
[INFO] [1781235602.929551853] [cartesian_streamer]: Runtime rate: state=seeding, tick_hz=0.0, queue_send_hz=0.0, ack_hz=0.0, busy_hz=0.0, retry_count=0, reject_count=0, inter_ack_ms=114.7, max_joint_delta=0.045, cumul_time=0.00s, hold_count=0, ik_mode=Local, ik_avg_ms=3.90, ik_fails=362
[WARN] [1781235602.930136381] [cartesian_streamer]: Target stream stale: không có target mới trong 500.0s
[WARN] [1781235602.930729633] [cartesian_streamer]: QueueTrajPoint đã được accept nhưng joint_states hầu như không đổi. Kiểm tra: 1) Robot ở mode AUTO? 2) Servo ON? 3) E-stop cleared?
[INFO] [1781235602.931429912] [cartesian_streamer]: Bootstrap EE pose via FK: (-0.1620, 0.2959, 0.3840)
[INFO] [1781235602.931959380] [cartesian_streamer]: Đã gửi seed point (current joints, t=0), chờ ACK...
[INFO] [1781235602.936228380] [cartesian_streamer]: Seed ACK nhận được, bắt đầu prebuffer.
[INFO] [1781235603.137632062] [cartesian_streamer]: Pre-buffer hoàn tất (3 points), bắt đầu stream ổn định. Đang chờ target...
[INFO] [1781235603.273879778] [cartesian_streamer]: QueueTrajPoint accepted #2200: t=0.330s, hold=True
[INFO] [1781235604.805367392] [cartesian_streamer]: QueueTrajPoint accepted #2220: t=1.864s, hold=True
[WARN] [1781235606.396447121] [cartesian_streamer]: Service call timeout (500ms). Resetting inflight flag.
[WARN] [1781235606.929857117] [cartesian_streamer]: Service call timeout (500ms). Resetting inflight flag.
[WARN] [1781235607.463017777] [cartesian_streamer]: Service call timeout (500ms). Resetting inflight flag.
[INFO] [1781235607.929227434] [cartesian_streamer]: Runtime rate: state=streaming, tick_hz=15.0, queue_send_hz=9.0, ack_hz=8.2, busy_hz=0.0, retry_count=0, reject_count=0, inter_ack_ms=12259.1, max_joint_delta=0.000, cumul_time=3.53s, hold_count=44, ik_mode=Local, ik_avg_ms=3.90, ik_fails=362
[WARN] [1781235607.929516269] [cartesian_streamer]: Target stream stale: không có target mới trong 505.0s
[WARN] [1781235607.993851513] [cartesian_streamer]: Queue BUSY, sẽ resend (backoff 66ms): msg="Busy processing the previous trajectory point. Please resend the next point shortly"
[INFO] [1781235608.136791857] [cartesian_streamer]: QueueTrajPoint accepted #2240: t=3.731s, hold=True
[INFO] [1781235609.670036629] [cartesian_streamer]: QueueTrajPoint accepted #2260: t=5.197s, hold=True
[WARN] [1781235610.529692124] [cartesian_streamer]: Service call timeout (500ms). Resetting inflight flag.
[WARN] [1781235611.063091415] [cartesian_streamer]: Service call timeout (500ms). Resetting inflight flag.
[WARN] [1781235611.596115453] [cartesian_streamer]: Service call timeout (500ms). Resetting inflight flag.
[WARN] [1781235612.129806817] [cartesian_streamer]: Service call timeout (500ms). Resetting inflight flag.
[WARN] [1781235612.662440405] [cartesian_streamer]: Service call timeout (500ms). Resetting inflight flag.
[INFO] [1781235612.929415060] [cartesian_streamer]: Runtime rate: state=streaming, tick_hz=15.0, queue_send_hz=6.4, ack_hz=5.8, busy_hz=0.2, retry_count=1, reject_count=0, inter_ack_ms=142.9, max_joint_delta=0.000, cumul_time=6.53s, hold_count=76, ik_mode=Local, ik_avg_ms=3.90, ik_fails=362
[WARN] [1781235612.929749000] [cartesian_streamer]: Target stream stale: không có target mới trong 510.0s
[WARN] [1781235613.143863708] [cartesian_streamer]: Queue BUSY, sẽ resend (backoff 66ms): msg="Busy processing the previous trajectory point. Please resend the next point shortly"
[INFO] [1781235614.068115324] [cartesian_streamer]: QueueTrajPoint accepted #2280: t=7.264s, hold=True
[WARN] [1781235614.862449470] [cartesian_streamer]: Service call timeout (500ms). Resetting inflight flag.
[WARN] [1781235615.396072886] [cartesian_streamer]: Service call timeout (500ms). Resetting inflight flag.
[WARN] [1781235615.929119693] [cartesian_streamer]: Service call timeout (500ms). Resetting inflight flag.
[WARN] [1781235616.462734104] [cartesian_streamer]: Service call timeout (500ms). Resetting inflight flag.
[WARN] [1781235616.606719009] [cartesian_streamer]: Queue BUSY, sẽ resend (backoff 66ms): msg="Busy processing the previous trajectory point. Please resend the next point shortly"
[INFO] [1781235617.609353758] [cartesian_streamer]: QueueTrajPoint accepted #2300: t=9.129s, hold=True
[INFO] [1781235617.929706478] [cartesian_streamer]: Runtime rate: state=streaming, tick_hz=15.0, queue_send_hz=8.0, ack_hz=7.8, busy_hz=1.2, retry_count=6, reject_count=0, inter_ack_ms=201.7, max_joint_delta=0.000, cumul_time=9.40s, hold_count=114, ik_mode=Local, ik_avg_ms=3.90, ik_fails=362
[WARN] [1781235617.930316579] [cartesian_streamer]: Target stream stale: không có target mới trong 515.0s
[WARN] [1781235619.262945912] [cartesian_streamer]: Service call timeout (500ms). Resetting inflight flag.
[WARN] [1781235619.795970103] [cartesian_streamer]: Service call timeout (500ms). Resetting inflight flag.
[WARN] [1781235620.330200782] [cartesian_streamer]: Service call timeout (500ms). Resetting inflight flag.
[WARN] [1781235620.790219620] [cartesian_streamer]: Queue BUSY, sẽ resend (backoff 66ms): msg="Busy processing the previous trajectory point. Please resend the next point shortly"
[INFO] [1781235621.001327854] [cartesian_streamer]: QueueTrajPoint accepted #2320: t=11.129s, hold=True
[INFO] [1781235622.398749299] [cartesian_streamer]: QueueTrajPoint accepted #2340: t=12.529s, hold=True
[INFO] [1781235622.996045769] [cartesian_streamer]: Runtime rate: state=streaming, tick_hz=15.0, queue_send_hz=8.7, ack_hz=8.7, busy_hz=0.2, retry_count=1, reject_count=0, inter_ack_ms=116.5, max_joint_delta=0.000, cumul_time=13.06s, hold_count=158, ik_mode=Local, ik_avg_ms=3.90, ik_fails=362
[WARN] [1781235622.996390758] [cartesian_streamer]: Target stream stale: không có target mới trong 520.1s
[INFO] [1781235623.809151643] [cartesian_streamer]: QueueTrajPoint accepted #2360: t=13.929s, hold=True
[INFO] [1781235625.274202138] [cartesian_streamer]: QueueTrajPoint accepted #2380: t=15.396s, hold=True
[INFO] [1781235626.676782341] [cartesian_streamer]: QueueTrajPoint accepted #2400: t=16.796s, hold=True
[INFO] [1781235628.063010406] [cartesian_streamer]: Runtime rate: state=streaming, tick_hz=15.0, queue_send_hz=13.8, ack_hz=13.8, busy_hz=0.0, retry_count=0, reject_count=0, inter_ack_ms=72.9, max_joint_delta=0.000, cumul_time=18.06s, hold_count=228, ik_mode=Local, ik_avg_ms=3.90, ik_fails=362
[WARN] [1781235628.063632971] [cartesian_streamer]: Target stream stale: không có target mới trong 525.1s
[INFO] [1781235628.203660486] [cartesian_streamer]: QueueTrajPoint accepted #2420: t=18.329s, hold=True
[WARN] [1781235629.995723658] [cartesian_streamer]: Service call timeout (500ms). Resetting inflight flag.
[WARN] [1781235630.529243214] [cartesian_streamer]: Service call timeout (500ms). Resetting inflight flag.
[WARN] [1781235631.062827912] [cartesian_streamer]: Service call timeout (500ms). Resetting inflight flag.
[WARN] [1781235631.596254883] [cartesian_streamer]: Service call timeout (500ms). Resetting inflight flag.
[WARN] [1781235632.129682348] [cartesian_streamer]: Service call timeout (500ms). Resetting inflight flag.
[INFO] [1781235632.583097260] [cartesian_streamer]: QueueTrajPoint accepted #2440: t=19.796s, hold=True
[WARN] [1781235632.594677003] [cartesian_streamer]: Queue BUSY, sẽ resend (backoff 66ms): msg="Busy processing the previous trajectory point. Please resend the next point shortly"
[INFO] [1781235633.129273993] [cartesian_streamer]: Runtime rate: state=streaming, tick_hz=15.0, queue_send_hz=6.3, ack_hz=5.7, busy_hz=0.6, retry_count=3, reject_count=0, inter_ack_ms=173.4, max_joint_delta=0.000, cumul_time=20.80s, hold_count=259, ik_mode=Local, ik_avg_ms=3.90, ik_fails=362
[WARN] [1781235633.129959216] [cartesian_streamer]: Target stream stale: không có target mới trong 530.2s
[INFO] [1781235633.998162958] [cartesian_streamer]: QueueTrajPoint accepted #2460: t=21.729s, hold=True
[INFO] [1781235635.344955875] [cartesian_streamer]: QueueTrajPoint accepted #2480: t=23.062s, hold=True
[INFO] [1781235636.805984653] [cartesian_streamer]: QueueTrajPoint accepted #2500: t=24.529s, hold=True
[INFO] [1781235638.129146400] [cartesian_streamer]: Runtime rate: state=streaming, tick_hz=15.0, queue_send_hz=14.6, ack_hz=14.4, busy_hz=0.0, retry_count=0, reject_count=0, inter_ack_ms=68.5, max_joint_delta=0.000, cumul_time=25.80s, hold_count=332, ik_mode=Local, ik_avg_ms=3.90, ik_fails=362
[WARN] [1781235638.129687432] [cartesian_streamer]: Target stream stale: không có target mới trong 535.2s
[INFO] [1781235638.204918708] [cartesian_streamer]: QueueTrajPoint accepted #2520: t=25.929s, hold=True
[WARN] [1781235640.129466772] [cartesian_streamer]: Service call timeout (500ms). Resetting inflight flag.
[WARN] [1781235640.662798036] [cartesian_streamer]: Service call timeout (500ms). Resetting inflight flag.
[WARN] [1781235641.196086593] [cartesian_streamer]: Service call timeout (500ms). Resetting inflight flag.
[WARN] [1781235641.729301149] [cartesian_streamer]: Service call timeout (500ms). Resetting inflight flag.
[INFO] [1781235641.750533199] [cartesian_streamer]: QueueTrajPoint accepted #2540: t=27.329s, hold=True
[WARN] [1781235641.805937693] [cartesian_streamer]: Queue BUSY, sẽ resend (backoff 66ms): msg="Busy processing the previous trajectory point. Please resend the next point shortly"
[INFO] [1781235643.006629177] [cartesian_streamer]: QueueTrajPoint accepted #2560: t=29.261s, hold=True
[INFO] [1781235643.129715938] [cartesian_streamer]: Runtime rate: state=streaming, tick_hz=15.0, queue_send_hz=8.8, ack_hz=8.4, busy_hz=0.4, retry_count=2, reject_count=0, inter_ack_ms=119.2, max_joint_delta=0.000, cumul_time=29.33s, hold_count=376, ik_mode=Local, ik_avg_ms=3.90, ik_fails=362
[WARN] [1781235643.130379125] [cartesian_streamer]: Target stream stale: không có target mới trong 540.2s
[INFO] [1781235644.406417891] [cartesian_streamer]: QueueTrajPoint accepted #2580: t=30.661s, hold=True
[INFO] [1781235645.732864332] [cartesian_streamer]: QueueTrajPoint accepted #2600: t=31.994s, hold=True
[INFO] [1781235647.065325198] [cartesian_streamer]: QueueTrajPoint accepted #2620: t=33.328s, hold=True
[INFO] [1781235648.196021220] [cartesian_streamer]: Runtime rate: state=streaming, tick_hz=15.0, queue_send_hz=14.6, ack_hz=14.6, busy_hz=0.0, retry_count=0, reject_count=0, inter_ack_ms=69.0, max_joint_delta=0.000, cumul_time=34.39s, hold_count=450, ik_mode=Local, ik_avg_ms=3.90, ik_fails=362
[WARN] [1781235648.196633461] [cartesian_streamer]: Target stream stale: không có target mới trong 545.3s
[INFO] [1781235648.543402219] [cartesian_streamer]: QueueTrajPoint accepted #2640: t=34.794s, hold=True
[INFO] [1781235650.065505106] [cartesian_streamer]: QueueTrajPoint accepted #2660: t=36.328s, hold=True
[INFO] [1781235651.478392130] [cartesian_streamer]: QueueTrajPoint accepted #2680: t=37.728s, hold=True
[INFO] [1781235652.938801742] [cartesian_streamer]: QueueTrajPoint accepted #2700: t=39.194s, hold=True
[INFO] [1781235653.262516038] [cartesian_streamer]: Runtime rate: state=streaming, tick_hz=15.0, queue_send_hz=13.6, ack_hz=13.8, busy_hz=0.0, retry_count=0, reject_count=0, inter_ack_ms=72.8, max_joint_delta=0.000, cumul_time=39.46s, hold_count=519, ik_mode=Local, ik_avg_ms=3.90, ik_fails=362
[WARN] [1781235653.262822856] [cartesian_streamer]: Target stream stale: không có target mới trong 550.3s
[INFO] [1781235654.274693706] [cartesian_streamer]: QueueTrajPoint accepted #2720: t=40.528s, hold=True
[INFO] [1781235655.744444236] [cartesian_streamer]: QueueTrajPoint accepted #2740: t=41.994s, hold=True
[INFO] [1781235657.077527757] [cartesian_streamer]: QueueTrajPoint accepted #2760: t=43.328s, hold=True
[INFO] [1781235658.262947288] [cartesian_streamer]: Runtime rate: state=streaming, tick_hz=15.0, queue_send_hz=14.4, ack_hz=14.4, busy_hz=0.0, retry_count=0, reject_count=0, inter_ack_ms=69.4, max_joint_delta=0.000, cumul_time=44.46s, hold_count=591, ik_mode=Local, ik_avg_ms=3.90, ik_fails=362
[WARN] [1781235658.263689146] [cartesian_streamer]: Target stream stale: không có target mới trong 555.3s
[INFO] [1781235658.470075299] [cartesian_streamer]: QueueTrajPoint accepted #2780: t=44.728s, hold=True
[INFO] [1781235659.801750401] [cartesian_streamer]: QueueTrajPoint accepted #2800: t=46.061s, hold=True
[INFO] [1781235661.209756659] [cartesian_streamer]: QueueTrajPoint accepted #2820: t=47.461s, hold=True
[INFO] [1781235662.666423180] [cartesian_streamer]: QueueTrajPoint accepted #2840: t=48.928s, hold=True
[INFO] [1781235663.262889662] [cartesian_streamer]: Runtime rate: state=streaming, tick_hz=15.0, queue_send_hz=14.4, ack_hz=14.4, busy_hz=0.0, retry_count=0, reject_count=0, inter_ack_ms=69.4, max_joint_delta=0.000, cumul_time=49.46s, hold_count=663, ik_mode=Local, ik_avg_ms=3.90, ik_fails=362
[WARN] [1781235663.263524014] [cartesian_streamer]: Target stream stale: không có target mới trong 560.3s
[INFO] [1781235664.001481163] [cartesian_streamer]: QueueTrajPoint accepted #2860: t=50.261s, hold=True
[INFO] [1781235665.342986726] [cartesian_streamer]: QueueTrajPoint accepted #2880: t=51.594s, hold=True
[INFO] [1781235666.876721358] [cartesian_streamer]: QueueTrajPoint accepted #2900: t=53.128s, hold=True
[INFO] [1781235668.329408662] [cartesian_streamer]: Runtime rate: state=streaming, tick_hz=15.0, queue_send_hz=13.2, ack_hz=13.2, busy_hz=0.0, retry_count=0, reject_count=0, inter_ack_ms=75.8, max_joint_delta=0.000, cumul_time=54.33s, hold_count=730, ik_mode=Local, ik_avg_ms=3.90, ik_fails=362
[WARN] [1781235668.329744297] [cartesian_streamer]: Target stream stale: không có target mới trong 565.4s
[INFO] [1781235668.603294088] [cartesian_streamer]: QueueTrajPoint accepted #2920: t=54.661s, hold=True
[INFO] [1781235669.938850942] [cartesian_streamer]: QueueTrajPoint accepted #2940: t=55.995s, hold=True
[WARN] [1781235671.062350232] [cartesian_streamer]: Service call timeout (500ms). Resetting inflight flag.
[WARN] [1781235671.596096143] [cartesian_streamer]: Service call timeout (500ms). Resetting inflight flag.
[WARN] [1781235672.129182113] [cartesian_streamer]: Service call timeout (500ms). Resetting inflight flag.
[WARN] [1781235672.663425669] [cartesian_streamer]: Service call timeout (500ms). Resetting inflight flag.
[WARN] [1781235672.829689033] [cartesian_streamer]: Queue BUSY, sẽ resend (backoff 66ms): msg="Busy processing the previous trajectory point. Please resend the next point shortly"
[INFO] [1781235673.396059919] [cartesian_streamer]: Runtime rate: state=streaming, tick_hz=15.0, queue_send_hz=7.9, ack_hz=6.7, busy_hz=1.0, retry_count=5, reject_count=0, inter_ack_ms=141.1, max_joint_delta=0.000, cumul_time=57.19s, hold_count=768, ik_mode=Local, ik_avg_ms=3.90, ik_fails=362
[WARN] [1781235673.396384958] [cartesian_streamer]: Target stream stale: không có target mới trong 570.5s
[INFO] [1781235674.204587910] [cartesian_streamer]: QueueTrajPoint accepted #2960: t=57.795s, hold=True
[WARN] [1781235674.929776677] [cartesian_streamer]: Service call timeout (500ms). Resetting inflight flag.
[WARN] [1781235675.462556982] [cartesian_streamer]: Service call timeout (500ms). Resetting inflight flag.
[WARN] [1781235675.996170474] [cartesian_streamer]: Service call timeout (500ms). Resetting inflight flag.
[WARN] [1781235676.529352948] [cartesian_streamer]: Service call timeout (500ms). Resetting inflight flag.
[WARN] [1781235677.062848688] [cartesian_streamer]: Service call timeout (500ms). Resetting inflight flag.
[WARN] [1781235677.478792414] [cartesian_streamer]: Queue BUSY, sẽ resend (backoff 66ms): msg="Busy processing the previous trajectory point. Please resend the next point shortly"
[INFO] [1781235678.396247198] [cartesian_streamer]: Runtime rate: state=streaming, tick_hz=15.0, queue_send_hz=6.2, ack_hz=5.0, busy_hz=1.0, retry_count=5, reject_count=0, inter_ack_ms=210.7, max_joint_delta=0.000, cumul_time=59.46s, hold_count=795, ik_mode=Local, ik_avg_ms=3.90, ik_fails=362
[WARN] [1781235678.396926636] [cartesian_streamer]: Target stream stale: không có target mới trong 575.5s
[INFO] [1781235678.943006854] [cartesian_streamer]: QueueTrajPoint accepted #2980: t=59.995s, hold=True
[INFO] [1781235680.400765217] [cartesian_streamer]: QueueTrajPoint accepted #3000: t=61.461s, hold=True
[WARN] [1781235681.195848382] [cartesian_streamer]: Service call timeout (500ms). Resetting inflight flag.
[WARN] [1781235681.729873169] [cartesian_streamer]: Service call timeout (500ms). Resetting inflight flag.
[WARN] [1781235682.263140608] [cartesian_streamer]: Service call timeout (500ms). Resetting inflight flag.
[WARN] [1781235682.796351400] [cartesian_streamer]: Service call timeout (500ms). Resetting inflight flag.
[WARN] [1781235683.329799345] [cartesian_streamer]: Service call timeout (500ms). Resetting inflight flag.
[INFO] [1781235683.396898632] [cartesian_streamer]: Runtime rate: state=streaming, tick_hz=15.0, queue_send_hz=7.0, ack_hz=5.8, busy_hz=0.0, retry_count=0, reject_count=0, inter_ack_ms=77.8, max_joint_delta=0.000, cumul_time=62.73s, hold_count=830, ik_mode=Local, ik_avg_ms=3.90, ik_fails=362
[WARN] [1781235683.397255543] [cartesian_streamer]: Target stream stale: không có target mới trong 580.5s
[WARN] [1781235683.838014490] [cartesian_streamer]: Queue BUSY, sẽ resend (backoff 66ms): msg="Busy processing the previous trajectory point. Please resend the next point shortly"
[INFO] [1781235684.800235803] [cartesian_streamer]: QueueTrajPoint accepted #3020: t=63.595s, hold=True
[INFO] [1781235686.210359309] [cartesian_streamer]: QueueTrajPoint accepted #3040: t=64.995s, hold=True
[INFO] [1781235686.601072247] [cartesian_streamer]: IK OK → Δmax=0.0284 rad, joints: [1.546, 0.113, -1.009, -0.003, -0.423, 0.028]
[WARN] [1781235686.662201271] [cartesian_streamer]: QueueTrajPoint đã được accept nhưng joint_states hầu như không đổi. Kiểm tra: 1) Robot ở mode AUTO? 2) Servo ON? 3) E-stop cleared?
[INFO] [1781235687.541096933] [cartesian_streamer]: QueueTrajPoint accepted #3060: t=66.333s, hold=False
[INFO] [1781235688.463402231] [cartesian_streamer]: Runtime rate: state=streaming, tick_hz=15.0, queue_send_hz=13.2, ack_hz=13.8, busy_hz=0.6, retry_count=3, reject_count=0, inter_ack_ms=111.6, max_joint_delta=0.028, cumul_time=67.20s, hold_count=0, ik_mode=Local, ik_avg_ms=3.88, ik_fails=362
[INFO] [1781235688.663907112] [cartesian_streamer]: IK OK → Δmax=0.0140 rad, joints: [1.353, 0.276, -0.600, -0.009, -0.669, 0.225]
[INFO] [1781235688.868899947] [cartesian_streamer]: QueueTrajPoint accepted #3080: t=67.664s, hold=False
[INFO] [1781235690.338150020] [cartesian_streamer]: QueueTrajPoint accepted #3100: t=69.130s, hold=False
[INFO] [1781235690.730362822] [cartesian_streamer]: IK OK → Δmax=0.0232 rad, joints: [1.277, 0.470, -0.061, -0.009, -1.015, 0.298]
[WARN] [1781235691.662949274] [cartesian_streamer]: QueueTrajPoint đã được accept nhưng joint_states hầu như không đổi. Kiểm tra: 1) Robot ở mode AUTO? 2) Servo ON? 3) E-stop cleared?
[INFO] [1781235691.671064587] [cartesian_streamer]: QueueTrajPoint accepted #3120: t=70.467s, hold=False
[INFO] [1781235692.731597342] [cartesian_streamer]: IK OK → Δmax=0.0352 rad, joints: [1.266, 0.797, 0.687, -0.008, -1.436, 0.306]
[INFO] [1781235693.071313777] [cartesian_streamer]: QueueTrajPoint accepted #3140: t=71.863s, hold=False
[INFO] [1781235693.529491888] [cartesian_streamer]: Runtime rate: state=streaming, tick_hz=15.0, queue_send_hz=14.4, ack_hz=14.4, busy_hz=0.0, retry_count=0, reject_count=0, inter_ack_ms=69.4, max_joint_delta=0.043, cumul_time=72.27s, hold_count=0, ik_mode=Local, ik_avg_ms=3.83, ik_fails=362
[INFO] [1781235693.819976422] [cartesian_streamer]: Local IK không hội tụ (fail #1)
[WARN] [1781235694.414852727] [cartesian_streamer]: Local IK failed 10x liên tiếp! Fallback sang MoveIt! IK...
[INFO] [1781235694.420260684] [cartesian_streamer]: QueueTrajPoint accepted #3160: t=73.215s, hold=False
[INFO] [1781235694.754507939] [cartesian_streamer]: IK OK → Δmax=0.0000 rad, joints: [1.274, 0.964, 1.024, -0.008, -1.606, 0.296]
[INFO] [1781235695.902578532] [cartesian_streamer]: QueueTrajPoint accepted #3180: t=74.690s, hold=False
[WARN] [1781235696.420515752] [cartesian_streamer]: Local IK failed 38x liên tiếp! Fallback sang MoveIt! IK...
[WARN] [1781235696.663059035] [cartesian_streamer]: QueueTrajPoint đã được accept nhưng joint_states hầu như không đổi. Kiểm tra: 1) Robot ở mode AUTO? 2) Servo ON? 3) E-stop cleared?
[INFO] [1781235696.815889826] [cartesian_streamer]: IK OK → Δmax=0.0000 rad, joints: [1.274, 0.964, 1.024, -0.008, -1.606, 0.296]
[INFO] [1781235697.491378314] [cartesian_streamer]: QueueTrajPoint accepted #3200: t=76.284s, hold=False
[WARN] [1781235698.486044148] [cartesian_streamer]: Local IK failed 67x liên tiếp! Fallback sang MoveIt! IK...
[INFO] [1781235698.528987304] [cartesian_streamer]: Runtime rate: state=streaming, tick_hz=15.0, queue_send_hz=13.2, ack_hz=13.0, busy_hz=0.0, retry_count=0, reject_count=0, inter_ack_ms=74.1, max_joint_delta=0.053, cumul_time=77.15s, hold_count=0, ik_mode=Local, ik_avg_ms=4.20, ik_fails=429
[INFO] [1781235698.822627940] [cartesian_streamer]: IK OK → Δmax=0.0000 rad, joints: [1.274, 0.964, 1.024, -0.008, -1.606, 0.296]
[INFO] [1781235699.158805440] [cartesian_streamer]: QueueTrajPoint accepted #3220: t=77.880s, hold=False
[WARN] [1781235700.548724009] [cartesian_streamer]: Local IK failed 94x liên tiếp! Fallback sang MoveIt! IK...
[INFO] [1781235700.854446954] [cartesian_streamer]: IK OK → Δmax=0.0000 rad, joints: [1.274, 0.964, 1.024, -0.008, -1.606, 0.296]
[INFO] [1781235700.868505882] [cartesian_streamer]: QueueTrajPoint accepted #3240: t=79.583s, hold=False
[WARN] [1781235701.729316242] [cartesian_streamer]: QueueTrajPoint đã được accept nhưng joint_states hầu như không đổi. Kiểm tra: 1) Robot ở mode AUTO? 2) Servo ON? 3) E-stop cleared?
[INFO] [1781235702.426104179] [cartesian_streamer]: QueueTrajPoint accepted #3260: t=81.150s, hold=False
[WARN] [1781235702.556870922] [cartesian_streamer]: Local IK failed 120x liên tiếp! Fallback sang MoveIt! IK...
[INFO] [1781235702.903520888] [cartesian_streamer]: IK OK → Δmax=0.0000 rad, joints: [1.274, 0.964, 1.024, -0.008, -1.606, 0.296]
[INFO] [1781235703.532159441] [cartesian_streamer]: Runtime rate: state=streaming, tick_hz=15.0, queue_send_hz=11.4, ack_hz=11.4, busy_hz=0.0, retry_count=0, reject_count=0, inter_ack_ms=87.9, max_joint_delta=0.000, cumul_time=82.09s, hold_count=0, ik_mode=Local, ik_avg_ms=4.57, ik_fails=492
[INFO] [1781235703.931657928] [cartesian_streamer]: IK delta clamped → joints: [1.296, 1.034, 1.008, -0.007, -1.516, 0.276]
[WARN] [1781235704.333948094] [cartesian_streamer]: Service call timeout (500ms). Resetting inflight flag.
[WARN] [1781235704.865441693] [cartesian_streamer]: Service call timeout (500ms). Resetting inflight flag.
[INFO] [1781235704.929952210] [cartesian_streamer]: IK OK → Δmax=0.0900 rad, joints: [1.344, 1.034, 0.954, -0.005, -1.516, 0.206]
[WARN] [1781235705.398043429] [cartesian_streamer]: Service call timeout (500ms). Resetting inflight flag.
[WARN] [1781235705.868632742] [cartesian_streamer]: Queue BUSY, sẽ resend (backoff 66ms): msg="Busy processing the previous trajectory point. Please resend the next point shortly"
[INFO] [1781235705.997153440] [cartesian_streamer]: IK delta clamped → joints: [1.359, 1.037, 0.884, -0.006, -1.426, 0.213]
[INFO] [1781235706.743438903] [cartesian_streamer]: QueueTrajPoint accepted #3280: t=83.431s, hold=False
[WARN] [1781235706.796380779] [cartesian_streamer]: QueueTrajPoint đã được accept nhưng joint_states hầu như không đổi. Kiểm tra: 1) Robot ở mode AUTO? 2) Servo ON? 3) E-stop cleared?
[INFO] [1781235706.931302506] [cartesian_streamer]: IK OK → Δmax=0.0315 rad, joints: [1.275, 0.996, 0.814, -0.008, -1.364, 0.297]
[WARN] [1781235707.339406557] [cartesian_streamer]: Queue BUSY, sẽ resend (backoff 66ms): msg="Busy processing the previous trajectory point. Please resend the next point shortly"
[INFO] [1781235707.948860621] [cartesian_streamer]: Local IK không hội tụ (fail #1)
[INFO] [1781235708.596184233] [cartesian_streamer]: Runtime rate: state=streaming, tick_hz=15.0, queue_send_hz=7.3, ack_hz=5.9, busy_hz=1.6, retry_count=8, reject_count=0, inter_ack_ms=176.4, max_joint_delta=0.090, cumul_time=84.61s, hold_count=7, ik_mode=Local, ik_avg_ms=4.61, ik_fails=505
[WARN] [1781235708.818678992] [cartesian_streamer]: Local IK failed 10x liên tiếp! Fallback sang MoveIt! IK...
[INFO] [1781235708.830167298] [cartesian_streamer]: QueueTrajPoint accepted #3300: t=84.853s, hold=False
[WARN] [1781235708.918554806] [cartesian_streamer]: Queue BUSY, sẽ resend (backoff 66ms): msg="Busy processing the previous trajectory point. Please resend the next point shortly"
[INFO] [1781235709.020011186] [cartesian_streamer]: IK OK → Δmax=0.0000 rad, joints: [1.365, 1.105, 1.050, -0.005, -1.490, 0.207]
[INFO] [1781235709.199820320] [cartesian_streamer]: IK delta clamped → joints: [1.375, 1.150, 1.001, -0.005, -1.400, 0.197]
[WARN] [1781235710.200951965] [cartesian_streamer]: Queue BUSY, sẽ resend (backoff 66ms): msg="Busy processing the previous trajectory point. Please resend the next point shortly"
[INFO] [1781235710.486320656] [cartesian_streamer]: Local IK không hội tụ (fail #1)
[INFO] [1781235710.633238107] [cartesian_streamer]: QueueTrajPoint accepted #3320: t=86.096s, hold=True
[WARN] [1781235711.285684453] [cartesian_streamer]: Local IK failed 10x liên tiếp! Fallback sang MoveIt! IK...
[INFO] [1781235711.286138610] [cartesian_streamer]: IK OK → Δmax=0.0000 rad, joints: [1.400, 1.149, 1.041, -0.005, -1.438, 0.172]
[WARN] [1781235711.291713460] [cartesian_streamer]: Queue BUSY, sẽ resend (backoff 66ms): msg="Busy processing the previous trajectory point. Please resend the next point shortly"
[WARN] [1781235711.862927204] [cartesian_streamer]: QueueTrajPoint đã được accept nhưng joint_states hầu như không đổi. Kiểm tra: 1) Robot ở mode AUTO? 2) Servo ON? 3) E-stop cleared?
[INFO] [1781235712.701580426] [cartesian_streamer]: QueueTrajPoint accepted #3340: t=87.934s, hold=False
[WARN] [1781235713.358211914] [cartesian_streamer]: Local IK failed 33x liên tiếp! Fallback sang MoveIt! IK...
[INFO] [1781235713.358565128] [cartesian_streamer]: IK OK → Δmax=0.0000 rad, joints: [1.400, 1.149, 1.041, -0.005, -1.438, 0.172]
[INFO] [1781235713.596358113] [cartesian_streamer]: Runtime rate: state=streaming, tick_hz=15.0, queue_send_hz=10.8, ack_hz=10.0, busy_hz=0.8, retry_count=4, reject_count=0, inter_ack_ms=99.5, max_joint_delta=0.090, cumul_time=88.80s, hold_count=0, ik_mode=Local, ik_avg_ms=4.85, ik_fails=545
[WARN] [1781235714.297343053] [cartesian_streamer]: Service call timeout (500ms). Resetting inflight flag.
[WARN] [1781235715.360262792] [cartesian_streamer]: Local IK failed 59x liên tiếp! Fallback sang MoveIt! IK...
[INFO] [1781235715.360906140] [cartesian_streamer]: IK OK → Δmax=0.0000 rad, joints: [1.400, 1.149, 1.041, -0.005, -1.438, 0.172]
[INFO] [1781235715.442147145] [cartesian_streamer]: QueueTrajPoint accepted #3360: t=90.001s, hold=False
[WARN] [1781235716.862598459] [cartesian_streamer]: QueueTrajPoint đã được accept nhưng joint_states hầu như không đổi. Kiểm tra: 1) Robot ở mode AUTO? 2) Servo ON? 3) E-stop cleared?
[INFO] [1781235717.034245906] [cartesian_streamer]: QueueTrajPoint accepted #3380: t=91.599s, hold=False
[WARN] [1781235717.414450914] [cartesian_streamer]: Local IK failed 88x liên tiếp! Fallback sang MoveIt! IK...
[INFO] [1781235717.414776965] [cartesian_streamer]: IK OK → Δmax=0.0000 rad, joints: [1.400, 1.149, 1.041, -0.005, -1.438, 0.172]
[INFO] [1781235718.596337054] [cartesian_streamer]: Runtime rate: state=streaming, tick_hz=15.0, queue_send_hz=10.0, ack_hz=10.0, busy_hz=0.0, retry_count=0, reject_count=0, inter_ack_ms=99.8, max_joint_delta=0.000, cumul_time=93.13s, hold_count=0, ik_mode=Local, ik_avg_ms=5.21, ik_fails=611
[WARN] [1781235719.287199468] [cartesian_streamer]: Service call timeout (500ms). Resetting inflight flag.
[WARN] [1781235719.417250307] [cartesian_streamer]: Local IK failed 113x liên tiếp! Fallback sang MoveIt! IK...
[INFO] [1781235719.417610652] [cartesian_streamer]: IK OK → Δmax=0.0000 rad, joints: [1.400, 1.149, 1.041, -0.005, -1.438, 0.172]
[WARN] [1781235719.824676014] [cartesian_streamer]: Service call timeout (500ms). Resetting inflight flag.
[INFO] [1781235719.901977717] [cartesian_streamer]: QueueTrajPoint accepted #3400: t=93.328s, hold=False
[WARN] [1781235719.905070117] [cartesian_streamer]: Queue BUSY, sẽ resend (backoff 66ms): msg="Busy processing the previous trajectory point. Please resend the next point shortly"
[WARN] [1781235721.419197217] [cartesian_streamer]: Local IK failed 138x liên tiếp! Fallback sang MoveIt! IK...
[INFO] [1781235721.419578758] [cartesian_streamer]: IK OK → Δmax=0.0000 rad, joints: [1.400, 1.149, 1.041, -0.005, -1.438, 0.172]
[INFO] [1781235721.427033913] [cartesian_streamer]: QueueTrajPoint accepted #3420: t=95.256s, hold=False
[WARN] [1781235721.863167788] [cartesian_streamer]: QueueTrajPoint đã được accept nhưng joint_states hầu như không đổi. Kiểm tra: 1) Robot ở mode AUTO? 2) Servo ON? 3) E-stop cleared?
[INFO] [1781235723.353948832] [cartesian_streamer]: QueueTrajPoint accepted #3440: t=97.186s, hold=False
[WARN] [1781235723.483968753] [cartesian_streamer]: Local IK failed 161x liên tiếp! Fallback sang MoveIt! IK...
[INFO] [1781235723.484407711] [cartesian_streamer]: IK OK → Δmax=0.0000 rad, joints: [1.400, 1.149, 1.041, -0.005, -1.438, 0.172]
[INFO] [1781235723.662722051] [cartesian_streamer]: Runtime rate: state=streaming, tick_hz=15.0, queue_send_hz=9.3, ack_hz=9.1, busy_hz=0.2, retry_count=1, reject_count=0, inter_ack_ms=110.2, max_joint_delta=0.000, cumul_time=97.45s, hold_count=0, ik_mode=Local, ik_avg_ms=5.53, ik_fails=673
[WARN] [1781235723.663372630] [cartesian_streamer]: Target stream stale: không có target mới trong 4.1s
[INFO] [1781235725.094936803] [cartesian_streamer]: QueueTrajPoint accepted #3460: t=98.922s, hold=False
[WARN] [1781235725.484470014] [cartesian_streamer]: Local IK failed 185x liên tiếp! Fallback sang MoveIt! IK...
[INFO] [1781235725.484866952] [cartesian_streamer]: IK OK → Δmax=0.0000 rad, joints: [1.400, 1.149, 1.041, -0.005, -1.438, 0.172]
[INFO] [1781235726.693596469] [cartesian_streamer]: QueueTrajPoint accepted #3480: t=100.522s, hold=False
[WARN] [1781235726.929331535] [cartesian_streamer]: QueueTrajPoint đã được accept nhưng joint_states hầu như không đổi. Kiểm tra: 1) Robot ở mode AUTO? 2) Servo ON? 3) E-stop cleared?
[WARN] [1781235727.553690797] [cartesian_streamer]: Local IK failed 211x liên tiếp! Fallback sang MoveIt! IK...
[INFO] [1781235727.554029873] [cartesian_streamer]: IK OK → Δmax=0.0000 rad, joints: [1.400, 1.149, 1.041, -0.005, -1.438, 0.172]
[INFO] [1781235728.294116908] [cartesian_streamer]: QueueTrajPoint accepted #3500: t=102.118s, hold=False
[INFO] [1781235728.662902405] [cartesian_streamer]: Runtime rate: state=streaming, tick_hz=15.0, queue_send_hz=12.2, ack_hz=12.2, busy_hz=0.0, retry_count=0, reject_count=0, inter_ack_ms=82.1, max_joint_delta=0.000, cumul_time=102.46s, hold_count=0, ik_mode=Local, ik_avg_ms=5.83, ik_fails=737
[WARN] [1781235729.571571736] [cartesian_streamer]: Local IK failed 236x liên tiếp! Fallback sang MoveIt! IK...
[INFO] [1781235729.572000933] [cartesian_streamer]: IK OK → Δmax=0.0000 rad, joints: [1.400, 1.149, 1.041, -0.005, -1.438, 0.172]
[INFO] [1781235730.106025206] [cartesian_streamer]: QueueTrajPoint accepted #3520: t=103.936s, hold=False
[WARN] [1781235731.575593193] [cartesian_streamer]: Local IK failed 261x liên tiếp! Fallback sang MoveIt! IK...
[INFO] [1781235731.579846149] [cartesian_streamer]: IK OK → Δmax=0.0000 rad, joints: [1.400, 1.149, 1.041, -0.005, -1.438, 0.172]
[WARN] [1781235731.760734637] [cartesian_streamer]: Service call timeout (500ms). Resetting inflight flag.
[WARN] [1781235731.929356516] [cartesian_streamer]: QueueTrajPoint đã được accept nhưng joint_states hầu như không đổi. Kiểm tra: 1) Robot ở mode AUTO? 2) Servo ON? 3) E-stop cleared?
[WARN] [1781235732.285399341] [cartesian_streamer]: Service call timeout (500ms). Resetting inflight flag.
[WARN] [1781235732.816013598] [cartesian_streamer]: Service call timeout (500ms). Resetting inflight flag.
[WARN] [1781235733.348015821] [cartesian_streamer]: Service call timeout (500ms). Resetting inflight flag.
[WARN] [1781235733.617027568] [cartesian_streamer]: Local IK failed 292x liên tiếp! Fallback sang MoveIt! IK...
[INFO] [1781235733.617503042] [cartesian_streamer]: IK OK → Δmax=0.0000 rad, joints: [1.400, 1.149, 1.041, -0.005, -1.438, 0.172]
[INFO] [1781235733.729132895] [cartesian_streamer]: Runtime rate: state=streaming, tick_hz=15.0, queue_send_hz=6.1, ack_hz=5.1, busy_hz=0.0, retry_count=0, reject_count=0, inter_ack_ms=97.2, max_joint_delta=0.000, cumul_time=105.85s, hold_count=0, ik_mode=Local, ik_avg_ms=6.16, ik_fails=803
[WARN] [1781235733.912279139] [cartesian_streamer]: Service call timeout (500ms). Resetting inflight flag.
[WARN] [1781235734.366354202] [cartesian_streamer]: Queue BUSY, sẽ resend (backoff 66ms): msg="Busy processing the previous trajectory point. Please resend the next point shortly"
[INFO] [1781235734.835380748] [cartesian_streamer]: QueueTrajPoint accepted #3540: t=106.313s, hold=False
[WARN] [1781235735.421676640] [cartesian_streamer]: Service call timeout (500ms). Resetting inflight flag.
[WARN] [1781235735.624025356] [cartesian_streamer]: Local IK failed 319x liên tiếp! Fallback sang MoveIt! IK...
[INFO] [1781235735.624601945] [cartesian_streamer]: IK OK → Δmax=0.0000 rad, joints: [1.400, 1.149, 1.041, -0.005, -1.438, 0.172]
[WARN] [1781235735.950283106] [cartesian_streamer]: Service call timeout (500ms). Resetting inflight flag.
[WARN] [1781235736.483923743] [cartesian_streamer]: Service call timeout (500ms). Resetting inflight flag.
[WARN] [1781235736.929486941] [cartesian_streamer]: QueueTrajPoint đã được accept nhưng joint_states hầu như không đổi. Kiểm tra: 1) Robot ở mode AUTO? 2) Servo ON? 3) E-stop cleared?
[WARN] [1781235737.015783565] [cartesian_streamer]: Service call timeout (500ms). Resetting inflight flag.
[WARN] [1781235737.562451394] [cartesian_streamer]: Service call timeout (500ms). Resetting inflight flag.
[WARN] [1781235737.690900188] [cartesian_streamer]: Local IK failed 349x liên tiếp! Fallback sang MoveIt! IK...
[INFO] [1781235737.691218994] [cartesian_streamer]: IK OK → Δmax=0.0000 rad, joints: [1.400, 1.149, 1.041, -0.005, -1.438, 0.172]
[WARN] [1781235738.039105125] [cartesian_streamer]: Queue BUSY, sẽ resend (backoff 66ms): msg="Busy processing the previous trajectory point. Please resend the next point shortly"
[INFO] [1781235738.729345678] [cartesian_streamer]: Runtime rate: state=streaming, tick_hz=15.0, queue_send_hz=4.2, ack_hz=4.0, busy_hz=1.2, retry_count=6, reject_count=0, inter_ack_ms=376.3, max_joint_delta=0.000, cumul_time=107.84s, hold_count=0, ik_mode=Local, ik_avg_ms=6.47, ik_fails=871
[INFO] [1781235739.425825865] [cartesian_streamer]: QueueTrajPoint accepted #3560: t=108.582s, hold=False
[WARN] [1781235739.755970994] [cartesian_streamer]: Local IK failed 376x liên tiếp! Fallback sang MoveIt! IK...
[INFO] [1781235739.756363508] [cartesian_streamer]: IK OK → Δmax=0.0000 rad, joints: [1.400, 1.149, 1.041, -0.005, -1.438, 0.172]
[INFO] [1781235741.253242996] [cartesian_streamer]: QueueTrajPoint accepted #3580: t=110.343s, hold=False
[WARN] [1781235741.830565312] [cartesian_streamer]: Local IK failed 399x liên tiếp! Fallback sang MoveIt! IK...
[INFO] [1781235741.830933267] [cartesian_streamer]: IK OK → Δmax=0.0000 rad, joints: [1.400, 1.149, 1.041, -0.005, -1.438, 0.172]
[WARN] [1781235741.929895305] [cartesian_streamer]: QueueTrajPoint đã được accept nhưng joint_states hầu như không đổi. Kiểm tra: 1) Robot ở mode AUTO? 2) Servo ON? 3) E-stop cleared?
[INFO] [1781235742.962340049] [cartesian_streamer]: QueueTrajPoint accepted #3600: t=112.047s, hold=False
[INFO] [1781235743.729544218] [cartesian_streamer]: Runtime rate: state=streaming, tick_hz=15.0, queue_send_hz=11.8, ack_hz=11.8, busy_hz=0.0, retry_count=0, reject_count=0, inter_ack_ms=84.9, max_joint_delta=0.000, cumul_time=112.78s, hold_count=0, ik_mode=Local, ik_avg_ms=6.75, ik_fails=934
[WARN] [1781235743.730219721] [cartesian_streamer]: Target stream stale: không có target mới trong 4.9s
[WARN] [1781235743.849026282] [cartesian_streamer]: Local IK failed 426x liên tiếp! Fallback sang MoveIt! IK...
[INFO] [1781235743.849655623] [cartesian_streamer]: IK OK → Δmax=0.0000 rad, joints: [1.400, 1.149, 1.041, -0.005, -1.438, 0.172]
[INFO] [1781235744.572584413] [cartesian_streamer]: QueueTrajPoint accepted #3620: t=113.657s, hold=False
[WARN] [1781235745.894758320] [cartesian_streamer]: Local IK failed 452x liên tiếp! Fallback sang MoveIt! IK...
[INFO] [1781235745.895141455] [cartesian_streamer]: IK OK → Δmax=0.0000 rad, joints: [1.400, 1.149, 1.041, -0.005, -1.438, 0.172]
[INFO] [1781235746.027950164] [cartesian_streamer]: QueueTrajPoint accepted #3640: t=115.117s, hold=False
[WARN] [1781235746.996284305] [cartesian_streamer]: QueueTrajPoint đã được accept nhưng joint_states hầu như không đổi. Kiểm tra: 1) Robot ở mode AUTO? 2) Servo ON? 3) E-stop cleared?
[INFO] [1781235747.423722267] [cartesian_streamer]: QueueTrajPoint accepted #3660: t=116.515s, hold=False
[WARN] [1781235747.953163035] [cartesian_streamer]: Local IK failed 482x liên tiếp! Fallback sang MoveIt! IK...
[INFO] [1781235747.953570300] [cartesian_streamer]: IK OK → Δmax=0.0000 rad, joints: [1.400, 1.149, 1.041, -0.005, -1.438, 0.172]
[INFO] [1781235748.729612410] [cartesian_streamer]: Runtime rate: state=streaming, tick_hz=15.0, queue_send_hz=13.6, ack_hz=13.6, busy_hz=0.0, retry_count=0, reject_count=0, inter_ack_ms=73.6, max_joint_delta=0.000, cumul_time=117.79s, hold_count=0, ik_mode=Local, ik_avg_ms=7.05, ik_fails=1003
[WARN] [1781235748.729995169] [cartesian_streamer]: Target stream stale: không có target mới trong 2.4s
[INFO] [1781235748.830762724] [cartesian_streamer]: QueueTrajPoint accepted #3680: t=117.919s, hold=False
[WARN] [1781235750.015612262] [cartesian_streamer]: Local IK failed 511x liên tiếp! Fallback sang MoveIt! IK...
[INFO] [1781235750.015985952] [cartesian_streamer]: IK OK → Δmax=0.0000 rad, joints: [1.400, 1.149, 1.041, -0.005, -1.438, 0.172]
[INFO] [1781235750.286122958] [cartesian_streamer]: QueueTrajPoint accepted #3700: t=119.381s, hold=False
[INFO] [1781235751.754615963] [cartesian_streamer]: QueueTrajPoint accepted #3720: t=120.848s, hold=False
[WARN] [1781235752.062984806] [cartesian_streamer]: QueueTrajPoint đã được accept nhưng joint_states hầu như không đổi. Kiểm tra: 1) Robot ở mode AUTO? 2) Servo ON? 3) E-stop cleared?
[WARN] [1781235752.081024507] [cartesian_streamer]: Local IK failed 542x liên tiếp! Fallback sang MoveIt! IK...
[INFO] [1781235752.081348068] [cartesian_streamer]: IK OK → Δmax=0.0000 rad, joints: [1.400, 1.149, 1.041, -0.005, -1.438, 0.172]
[INFO] [1781235753.284857286] [cartesian_streamer]: QueueTrajPoint accepted #3740: t=122.249s, hold=False
[INFO] [1781235753.796074730] [cartesian_streamer]: Runtime rate: state=streaming, tick_hz=15.0, queue_send_hz=13.8, ack_hz=13.8, busy_hz=0.0, retry_count=0, reject_count=0, inter_ack_ms=72.2, max_joint_delta=0.000, cumul_time=122.85s, hold_count=0, ik_mode=Local, ik_avg_ms=7.28, ik_fails=1076
[WARN] [1781235753.796758688] [cartesian_streamer]: Target stream stale: không có target mới trong 7.5s
[WARN] [1781235754.095265379] [cartesian_streamer]: Local IK failed 571x liên tiếp! Fallback sang MoveIt! IK...
[INFO] [1781235754.095679782] [cartesian_streamer]: IK OK → Δmax=0.0000 rad, joints: [1.400, 1.149, 1.041, -0.005, -1.438, 0.172]
[INFO] [1781235754.694636046] [cartesian_streamer]: QueueTrajPoint accepted #3760: t=123.784s, hold=False
[WARN] [1781235756.148082464] [cartesian_streamer]: Local IK failed 599x liên tiếp! Fallback sang MoveIt! IK...
[INFO] [1781235756.148419878] [cartesian_streamer]: IK OK → Δmax=0.0000 rad, joints: [1.400, 1.149, 1.041, -0.005, -1.438, 0.172]
[INFO] [1781235756.299463217] [cartesian_streamer]: QueueTrajPoint accepted #3780: t=125.381s, hold=False
[WARN] [1781235757.129510833] [cartesian_streamer]: QueueTrajPoint đã được accept nhưng joint_states hầu như không đổi. Kiểm tra: 1) Robot ở mode AUTO? 2) Servo ON? 3) E-stop cleared?
[INFO] [1781235757.890987573] [cartesian_streamer]: QueueTrajPoint accepted #3800: t=126.980s, hold=False
[WARN] [1781235758.150169277] [cartesian_streamer]: Local IK failed 629x liên tiếp! Fallback sang MoveIt! IK...
[INFO] [1781235758.150528864] [cartesian_streamer]: IK OK → Δmax=0.0000 rad, joints: [1.400, 1.149, 1.041, -0.005, -1.438, 0.172]
[INFO] [1781235758.796312130] [cartesian_streamer]: Runtime rate: state=streaming, tick_hz=15.0, queue_send_hz=13.0, ack_hz=13.0, busy_hz=0.0, retry_count=0, reject_count=0, inter_ack_ms=77.0, max_joint_delta=0.000, cumul_time=127.85s, hold_count=0, ik_mode=Local, ik_avg_ms=7.52, ik_fails=1148
[WARN] [1781235758.796976871] [cartesian_streamer]: Target stream stale: không có target mới trong 12.5s
[INFO] [1781235759.418863597] [cartesian_streamer]: QueueTrajPoint accepted #3820: t=128.390s, hold=False
[WARN] [1781235760.156496645] [cartesian_streamer]: Local IK failed 659x liên tiếp! Fallback sang MoveIt! IK...
[INFO] [1781235760.156863247] [cartesian_streamer]: IK OK → Δmax=0.0000 rad, joints: [1.400, 1.149, 1.041, -0.005, -1.438, 0.172]
[INFO] [1781235760.957097761] [cartesian_streamer]: QueueTrajPoint accepted #3840: t=129.987s, hold=False
[WARN] [1781235762.129913420] [cartesian_streamer]: QueueTrajPoint đã được accept nhưng joint_states hầu như không đổi. Kiểm tra: 1) Robot ở mode AUTO? 2) Servo ON? 3) E-stop cleared?
[WARN] [1781235762.213851187] [cartesian_streamer]: Local IK failed 689x liên tiếp! Fallback sang MoveIt! IK...
[INFO] [1781235762.214177903] [cartesian_streamer]: IK OK → Δmax=0.0000 rad, joints: [1.400, 1.149, 1.041, -0.005, -1.438, 0.172]
[INFO] [1781235762.290233829] [cartesian_streamer]: QueueTrajPoint accepted #3860: t=131.320s, hold=False
[INFO] [1781235763.862679695] [cartesian_streamer]: Runtime rate: state=streaming, tick_hz=15.0, queue_send_hz=13.0, ack_hz=13.0, busy_hz=0.0, retry_count=0, reject_count=0, inter_ack_ms=76.7, max_joint_delta=0.000, cumul_time=132.85s, hold_count=0, ik_mode=Local, ik_avg_ms=7.76, ik_fails=1221
[WARN] [1781235763.863338521] [cartesian_streamer]: Target stream stale: không có target mới trong 17.5s
[INFO] [1781235763.895096234] [cartesian_streamer]: QueueTrajPoint accepted #3880: t=132.927s, hold=False
[WARN] [1781235764.216415809] [cartesian_streamer]: Local IK failed 717x liên tiếp! Fallback sang MoveIt! IK...
[INFO] [1781235764.216955046] [cartesian_streamer]: IK OK → Δmax=0.0000 rad, joints: [1.400, 1.149, 1.041, -0.005, -1.438, 0.172]
[INFO] [1781235765.418855572] [cartesian_streamer]: QueueTrajPoint accepted #3900: t=134.453s, hold=False
[WARN] [1781235766.223176137] [cartesian_streamer]: Local IK failed 745x liên tiếp! Fallback sang MoveIt! IK...
[INFO] [1781235766.223515717] [cartesian_streamer]: IK OK → Δmax=0.0000 rad, joints: [1.400, 1.149, 1.041, -0.005, -1.438, 0.172]
[INFO] [1781235766.959161673] [cartesian_streamer]: QueueTrajPoint accepted #3920: t=135.986s, hold=False
[WARN] [1781235767.195990472] [cartesian_streamer]: QueueTrajPoint đã được accept nhưng joint_states hầu như không đổi. Kiểm tra: 1) Robot ở mode AUTO? 2) Servo ON? 3) E-stop cleared?
[WARN] [1781235768.281704033] [cartesian_streamer]: Local IK failed 775x liên tiếp! Fallback sang MoveIt! IK...
[INFO] [1781235768.282073093] [cartesian_streamer]: IK OK → Δmax=0.0000 rad, joints: [1.400, 1.149, 1.041, -0.005, -1.438, 0.172]
[INFO] [1781235768.489473110] [cartesian_streamer]: QueueTrajPoint accepted #3940: t=137.521s, hold=False
[INFO] [1781235768.862892193] [cartesian_streamer]: Runtime rate: state=streaming, tick_hz=15.0, queue_send_hz=13.0, ack_hz=13.0, busy_hz=0.0, retry_count=0, reject_count=0, inter_ack_ms=76.9, max_joint_delta=0.000, cumul_time=137.86s, hold_count=0, ik_mode=Local, ik_avg_ms=7.97, ik_fails=1293
[WARN] [1781235768.863246476] [cartesian_streamer]: Target stream stale: không có target mới trong 22.5s
[WARN] [1781235770.280709278] [cartesian_streamer]: Service call timeout (500ms). Resetting inflight flag.
[WARN] [1781235770.349111187] [cartesian_streamer]: Local IK failed 805x liên tiếp! Fallback sang MoveIt! IK...
[INFO] [1781235770.349432985] [cartesian_streamer]: IK OK → Δmax=0.0000 rad, joints: [1.400, 1.149, 1.041, -0.005, -1.438, 0.172]
[WARN] [1781235770.821441221] [cartesian_streamer]: Service call timeout (500ms). Resetting inflight flag.
[WARN] [1781235771.348672588] [cartesian_streamer]: Service call timeout (500ms). Resetting inflight flag.
[WARN] [1781235771.890939630] [cartesian_streamer]: Service call timeout (500ms). Resetting inflight flag.
[WARN] [1781235772.262490750] [cartesian_streamer]: QueueTrajPoint đã được accept nhưng joint_states hầu như không đổi. Kiểm tra: 1) Robot ở mode AUTO? 2) Servo ON? 3) E-stop cleared?
[WARN] [1781235772.440577963] [cartesian_streamer]: Local IK failed 836x liên tiếp! Fallback sang MoveIt! IK...
[INFO] [1781235772.441329391] [cartesian_streamer]: IK OK → Δmax=0.0000 rad, joints: [1.400, 1.149, 1.041, -0.005, -1.438, 0.172]
[WARN] [1781235772.442165778] [cartesian_streamer]: Service call timeout (500ms). Resetting inflight flag.
[WARN] [1781235772.902464093] [cartesian_streamer]: Queue BUSY, sẽ resend (backoff 66ms): msg="Busy processing the previous trajectory point. Please resend the next point shortly"
[INFO] [1781235772.918934964] [cartesian_streamer]: QueueTrajPoint accepted #3960: t=139.593s, hold=False
[INFO] [1781235773.929482397] [cartesian_streamer]: Runtime rate: state=streaming, tick_hz=15.0, queue_send_hz=5.9, ack_hz=5.3, busy_hz=0.6, retry_count=3, reject_count=0, inter_ack_ms=188.0, max_joint_delta=0.000, cumul_time=140.59s, hold_count=0, ik_mode=Local, ik_avg_ms=8.20, ik_fails=1363
[WARN] [1781235774.498086561] [cartesian_streamer]: Local IK failed 862x liên tiếp! Fallback sang MoveIt! IK...
[INFO] [1781235774.498432957] [cartesian_streamer]: IK OK → Δmax=0.0000 rad, joints: [1.400, 1.149, 1.041, -0.005, -1.438, 0.172]
[INFO] [1781235774.512041893] [cartesian_streamer]: QueueTrajPoint accepted #3980: t=141.205s, hold=False
[INFO] [1781235776.032959543] [cartesian_streamer]: QueueTrajPoint accepted #4000: t=142.733s, hold=False
[WARN] [1781235776.549663342] [cartesian_streamer]: Local IK failed 892x liên tiếp! Fallback sang MoveIt! IK...
[INFO] [1781235776.550190591] [cartesian_streamer]: IK OK → Δmax=0.0000 rad, joints: [1.400, 1.149, 1.041, -0.005, -1.438, 0.172]
[WARN] [1781235777.263031383] [cartesian_streamer]: QueueTrajPoint đã được accept nhưng joint_states hầu như không đổi. Kiểm tra: 1) Robot ở mode AUTO? 2) Servo ON? 3) E-stop cleared?
[INFO] [1781235777.650223354] [cartesian_streamer]: QueueTrajPoint accepted #4020: t=144.340s, hold=False
[WARN] [1781235778.557219399] [cartesian_streamer]: Local IK failed 918x liên tiếp! Fallback sang MoveIt! IK...
[INFO] [1781235778.557555174] [cartesian_streamer]: IK OK → Δmax=0.0000 rad, joints: [1.400, 1.149, 1.041, -0.005, -1.438, 0.172]
[INFO] [1781235778.933781284] [cartesian_streamer]: Runtime rate: state=streaming, tick_hz=15.0, queue_send_hz=13.0, ack_hz=13.0, busy_hz=0.0, retry_count=0, reject_count=0, inter_ack_ms=76.9, max_joint_delta=0.000, cumul_time=145.59s, hold_count=0, ik_mode=Local, ik_avg_ms=8.42, ik_fails=1432
[INFO] [1781235779.167756335] [cartesian_streamer]: QueueTrajPoint accepted #4040: t=145.863s, hold=False
[WARN] [1781235780.566502790] [cartesian_streamer]: Local IK failed 943x liên tiếp! Fallback sang MoveIt! IK...
[INFO] [1781235780.566834692] [cartesian_streamer]: IK OK → Δmax=0.0000 rad, joints: [1.400, 1.149, 1.041, -0.005, -1.438, 0.172]
[INFO] [1781235781.043138891] [cartesian_streamer]: QueueTrajPoint accepted #4060: t=147.665s, hold=False
[WARN] [1781235782.262895002] [cartesian_streamer]: QueueTrajPoint đã được accept nhưng joint_states hầu như không đổi. Kiểm tra: 1) Robot ở mode AUTO? 2) Servo ON? 3) E-stop cleared?
[WARN] [1781235782.619641744] [cartesian_streamer]: Local IK failed 970x liên tiếp! Fallback sang MoveIt! IK...
[INFO] [1781235782.620013187] [cartesian_streamer]: IK OK → Δmax=0.0000 rad, joints: [1.400, 1.149, 1.041, -0.005, -1.438, 0.172]
[INFO] [1781235782.625242106] [cartesian_streamer]: QueueTrajPoint accepted #4080: t=149.258s, hold=False
[INFO] [1781235783.995964241] [cartesian_streamer]: Runtime rate: state=streaming, tick_hz=15.0, queue_send_hz=12.4, ack_hz=12.4, busy_hz=0.0, retry_count=0, reject_count=0, inter_ack_ms=80.6, max_joint_delta=0.000, cumul_time=150.59s, hold_count=0, ik_mode=Local, ik_avg_ms=8.65, ik_fails=1499
[INFO] [1781235784.043074168] [cartesian_streamer]: QueueTrajPoint accepted #4100: t=150.675s, hold=False
[WARN] [1781235784.629597880] [cartesian_streamer]: Local IK failed 997x liên tiếp! Fallback sang MoveIt! IK...
[INFO] [1781235784.629955856] [cartesian_streamer]: IK OK → Δmax=0.0000 rad, joints: [1.400, 1.149, 1.041, -0.005, -1.438, 0.172]
[INFO] [1781235785.714944175] [cartesian_streamer]: QueueTrajPoint accepted #4120: t=152.339s, hold=False
[WARN] [1781235786.685170314] [cartesian_streamer]: Local IK failed 1023x liên tiếp! Fallback sang MoveIt! IK...
[INFO] [1781235786.685541363] [cartesian_streamer]: IK OK → Δmax=0.0000 rad, joints: [1.400, 1.149, 1.041, -0.005, -1.438, 0.172]
[WARN] [1781235787.330147645] [cartesian_streamer]: QueueTrajPoint đã được accept nhưng joint_states hầu như không đổi. Kiểm tra: 1) Robot ở mode AUTO? 2) Servo ON? 3) E-stop cleared?
[INFO] [1781235787.486521678] [cartesian_streamer]: QueueTrajPoint accepted #4140: t=154.121s, hold=False
[WARN] [1781235788.750921093] [cartesian_streamer]: Local IK failed 1047x liên tiếp! Fallback sang MoveIt! IK...
[INFO] [1781235788.751248742] [cartesian_streamer]: IK OK → Δmax=0.0000 rad, joints: [1.400, 1.149, 1.041, -0.005, -1.438, 0.172]
[INFO] [1781235788.996374276] [cartesian_streamer]: Runtime rate: state=streaming, tick_hz=15.0, queue_send_hz=11.6, ack_hz=11.6, busy_hz=0.0, retry_count=0, reject_count=0, inter_ack_ms=86.2, max_joint_delta=0.000, cumul_time=155.60s, hold_count=0, ik_mode=Local, ik_avg_ms=8.87, ik_fails=1560
[INFO] [1781235789.123116173] [cartesian_streamer]: Disable Robot: dừng stream, tắt traj mode...
[INFO] [1781235789.124209841] [cartesian_streamer]: ✗ Robot DISABLED.
[INFO] [1781235802.075531994] [cartesian_streamer]: Disable Robot: dừng stream, tắt traj mode...
[INFO] [1781235802.076205141] [cartesian_streamer]: ✗ Robot DISABLED.
[INFO] [1781236076.019335507] [cartesian_streamer]: Graceful shutdown: tắt Point Queue Mode trước khi thoát...
[INFO] [1781236076.019695571] [cartesian_streamer]: Robot chưa enable, không cần stop_traj_mode.
[INFO] [1781236076.019969712] [cartesian_streamer]: Shutdown hoàn tất. Tủ điện sẽ KHÔNG bị alarm.
