[INFO] [1781244117.719197706] [coord_transform]: CoordTransformNode khởi động.
  Object offset (cam frame): [0.05 0.   0.1 ]
  Translation cam→base:      [0.5 0.  1.2]
  EE orientation (xyzw):     [0.0, 1.0, 0.0, 0.0]
  Prediction step:           5
  Axis remap:                [0, 1, 2]
  Axis sign:                 [-1.0, 1.0, 1.0]
  Workspace X: (-1.0, 1.0), Y: (-0.5, 1.3), Z: (0.05, 1.5)
  Filter outlier_threshold:  0.15m
  Filter median_size_y:      3
  Filter deadband_tol:       15.0mm
  Filter stationary_thresh:  3 frames
  Filter max_rate:           5.0cm/frame
  Filter EMA moving(x,y,z):  (1.0,1.0,1.0)
  Filter EMA hold  (x,y,z):  (0.08,0.02,0.05)
[WARN] [1781244131.868329492] [coord_transform]: Outlier rejected #1 (jumped 252.4mm). Ignoring.
[WARN] [1781244131.902492836] [coord_transform]: Outlier rejected #2 (jumped 252.0mm). Ignoring.
[WARN] [1781244131.935424295] [coord_transform]: Outlier rejected #3 (jumped 284.0mm). Ignoring.
[WARN] [1781244131.967201512] [coord_transform]: Outlier rejected #4 (jumped 284.1mm). Ignoring.
[INFO] [1781244132.007201147] [coord_transform]: Too many outliers (5). Resetting filter to new position.
[WARN] [1781244132.609942678] [coord_transform]: Outlier rejected #1 (jumped 199.3mm). Ignoring.
[WARN] [1781244132.644886212] [coord_transform]: Outlier rejected #2 (jumped 788.4mm). Ignoring.
[WARN] [1781244142.781608708] [coord_transform]: Outlier rejected #1 (jumped 2136.9mm). Ignoring.
[WARN] [1781244142.817753876] [coord_transform]: Outlier rejected #2 (jumped 2150.9mm). Ignoring.
[WARN] [1781244142.849946561] [coord_transform]: Outlier rejected #3 (jumped 2136.9mm). Ignoring.
[WARN] [1781244142.878441828] [coord_transform]: Outlier rejected #4 (jumped 2143.9mm). Ignoring.
[INFO] [1781244142.912961440] [coord_transform]: Too many outliers (5). Resetting filter to new position.
[INFO] [1781244147.597280890] [coord_transform]: Captured Init Pose! P_init=(-0.162, 0.296, 0.384), Cam_init=(0.002, 0.009, 0.002), Noise_Tol=43.7mm
Orientation=(0.707, 0.707, 0.009, -0.009)
[INFO] [1781244147.623754541] [coord_transform]: Deadband: RELEASE — motion detected
[INFO] [1781244147.756161707] [coord_transform]: Deadband: HOLD at (0.002, 0.009, 0.002)
[INFO] [1781244149.655357478] [coord_transform]: Deadband: RELEASE — motion detected
[INFO] [1781244149.763983310] [coord_transform]: Deadband: HOLD at (0.002, 0.009, 0.002)
[WARN] [1781244151.455837454] [coord_transform]: Outlier rejected #1 (jumped 179.1mm). Ignoring.
[WARN] [1781244151.492570712] [coord_transform]: Outlier rejected #2 (jumped 227.6mm). Ignoring.
[INFO] [1781244186.722946470] [coord_transform]: Re-sync camera init: [ 0.202 -0.101  0.022]
[INFO] [1781244186.723158050] [coord_transform]: Trạng thái tracking: RUNNING
[INFO] [1781244186.751064636] [coord_transform]: Deadband: RELEASE — motion detected
[INFO] [1781244186.752176032] [coord_transform]: [GROUND_TRUTH] Transform: cam[ 0.204 -0.118  0.021] → base[-0.164  0.279  0.383]
[INFO] [1781244186.876780511] [coord_transform]: Deadband: HOLD at (0.202, -0.101, 0.022)
[INFO] [1781244188.783265307] [coord_transform]: Deadband: RELEASE — motion detected
[INFO] [1781244188.784241945] [coord_transform]: [GROUND_TRUTH] Transform: cam[ 0.205 -0.091  0.022] → base[-0.165  0.306  0.384]
[INFO] [1781244188.879582637] [coord_transform]: Deadband: HOLD at (0.202, -0.101, 0.022)
[INFO] [1781244190.785775493] [coord_transform]: [GROUND_TRUTH] Transform: cam[ 0.228 -0.107  0.101] → base[-0.188  0.29   0.464]
[INFO] [1781244192.786117343] [coord_transform]: [GROUND_TRUTH] Transform: cam[ 0.267 -0.045  0.203] → base[-0.227  0.352  0.565]
[INFO] [1781244194.828795910] [coord_transform]: [GROUND_TRUTH] Transform: cam[0.329 0.037 0.286] → base[-0.289  0.434  0.648]
[INFO] [1781244198.454301797] [coord_transform]: [GROUND_TRUTH] Transform: cam[ 0.405 -0.027  0.292] → base[-0.365  0.37   0.654]
[INFO] [1781244198.501888097] [coord_transform]: Trạng thái tracking: STOPPED
[INFO] [1781244199.803347730] [coord_transform]: Trạng thái tracking: STOPPED
[WARN] [1781244215.998936298] [coord_transform]: Outlier rejected #1 (jumped 1006.9mm). Ignoring.
[WARN] [1781244216.034499896] [coord_transform]: Outlier rejected #2 (jumped 1013.7mm). Ignoring.
[WARN] [1781244216.069458787] [coord_transform]: Outlier rejected #3 (jumped 1028.5mm). Ignoring.
[WARN] [1781244216.110206155] [coord_transform]: Outlier rejected #4 (jumped 1026.9mm). Ignoring.
[INFO] [1781244216.140913691] [coord_transform]: Too many outliers (5). Resetting filter to new position.
[WARN] [1781244223.772198238] [coord_transform]: Outlier rejected #1 (jumped 463.9mm). Ignoring.
[WARN] [1781244223.811426882] [coord_transform]: Outlier rejected #2 (jumped 437.6mm). Ignoring.
[WARN] [1781244223.841058526] [coord_transform]: Outlier rejected #3 (jumped 428.2mm). Ignoring.
[WARN] [1781244223.875246855] [coord_transform]: Outlier rejected #4 (jumped 433.6mm). Ignoring.
[INFO] [1781244223.905813373] [coord_transform]: Too many outliers (5). Resetting filter to new position.
[WARN] [1781244232.956307381] [coord_transform]: Outlier rejected #1 (jumped 236.0mm). Ignoring.
[WARN] [1781244233.024632180] [coord_transform]: Outlier rejected #1 (jumped 409.7mm). Ignoring.
[WARN] [1781244233.050656632] [coord_transform]: Outlier rejected #2 (jumped 434.7mm). Ignoring.
[WARN] [1781244233.087099168] [coord_transform]: Outlier rejected #3 (jumped 430.6mm). Ignoring.
[WARN] [1781244233.120665505] [coord_transform]: Outlier rejected #4 (jumped 424.3mm). Ignoring.
[INFO] [1781244233.147206690] [coord_transform]: Too many outliers (5). Resetting filter to new position.
[WARN] [1781244233.349747006] [coord_transform]: Outlier rejected #1 (jumped 674.7mm). Ignoring.
[WARN] [1781244233.420552631] [coord_transform]: Outlier rejected #1 (jumped 643.6mm). Ignoring.
[WARN] [1781244233.452717185] [coord_transform]: Outlier rejected #2 (jumped 478.9mm). Ignoring.
[WARN] [1781244242.398080019] [coord_transform]: Outlier rejected #1 (jumped 918.3mm). Ignoring.
[WARN] [1781244242.423906479] [coord_transform]: Outlier rejected #2 (jumped 941.5mm). Ignoring.
[WARN] [1781244242.459348826] [coord_transform]: Outlier rejected #3 (jumped 940.5mm). Ignoring.
[WARN] [1781244242.493156563] [coord_transform]: Outlier rejected #4 (jumped 923.4mm). Ignoring.
[INFO] [1781244242.530850997] [coord_transform]: Too many outliers (5). Resetting filter to new position.
[WARN] [1781244243.423033979] [coord_transform]: Outlier rejected #1 (jumped 264.9mm). Ignoring.
[WARN] [1781244243.457717262] [coord_transform]: Outlier rejected #2 (jumped 417.0mm). Ignoring.
[WARN] [1781244243.499414464] [coord_transform]: Outlier rejected #3 (jumped 458.7mm). Ignoring.
[WARN] [1781244243.528183961] [coord_transform]: Outlier rejected #4 (jumped 512.5mm). Ignoring.
[INFO] [1781244243.560375560] [coord_transform]: Too many outliers (5). Resetting filter to new position.
[WARN] [1781244243.686433612] [coord_transform]: Outlier rejected #1 (jumped 756.9mm). Ignoring.
[WARN] [1781244243.759305647] [coord_transform]: Outlier rejected #1 (jumped 232.8mm). Ignoring.
[WARN] [1781244243.787377579] [coord_transform]: Outlier rejected #2 (jumped 432.8mm). Ignoring.
[WARN] [1781244243.821834670] [coord_transform]: Outlier rejected #3 (jumped 478.5mm). Ignoring.
[WARN] [1781244243.855672829] [coord_transform]: Outlier rejected #4 (jumped 437.8mm). Ignoring.
[INFO] [1781244243.890085924] [coord_transform]: Too many outliers (5). Resetting filter to new position.
[WARN] [1781244244.216284185] [coord_transform]: Outlier rejected #1 (jumped 329.4mm). Ignoring.
[WARN] [1781244244.242094413] [coord_transform]: Outlier rejected #2 (jumped 316.0mm). Ignoring.
[WARN] [1781244244.268947302] [coord_transform]: Outlier rejected #3 (jumped 300.7mm). Ignoring.
[WARN] [1781244244.299936414] [coord_transform]: Outlier rejected #4 (jumped 300.7mm). Ignoring.
[INFO] [1781244244.328934646] [coord_transform]: Too many outliers (5). Resetting filter to new position.
[WARN] [1781244245.730841887] [coord_transform]: Outlier rejected #1 (jumped 1787.0mm). Ignoring.
[WARN] [1781244245.755091118] [coord_transform]: Outlier rejected #2 (jumped 1790.8mm). Ignoring.
[WARN] [1781244245.787493997] [coord_transform]: Outlier rejected #3 (jumped 1804.2mm). Ignoring.
[WARN] [1781244245.826286219] [coord_transform]: Outlier rejected #4 (jumped 544.8mm). Ignoring.
[INFO] [1781244245.865254159] [coord_transform]: Too many outliers (5). Resetting filter to new position.
[WARN] [1781244245.994846676] [coord_transform]: Outlier rejected #1 (jumped 1537.3mm). Ignoring.
[WARN] [1781244246.026170167] [coord_transform]: Outlier rejected #2 (jumped 1567.4mm). Ignoring.
[WARN] [1781244246.064665215] [coord_transform]: Outlier rejected #3 (jumped 1589.1mm). Ignoring.
[WARN] [1781244246.095601579] [coord_transform]: Outlier rejected #4 (jumped 1617.2mm). Ignoring.
[INFO] [1781244246.128685075] [coord_transform]: Too many outliers (5). Resetting filter to new position.
[WARN] [1781244246.239098904] [coord_transform]: Outlier rejected #1 (jumped 1551.1mm). Ignoring.
[WARN] [1781244246.276375999] [coord_transform]: Outlier rejected #2 (jumped 1620.8mm). Ignoring.
[WARN] [1781244246.623703265] [coord_transform]: Outlier rejected #1 (jumped 153.8mm). Ignoring.
[WARN] [1781244251.425587528] [coord_transform]: Outlier rejected #2 (jumped 1688.8mm). Ignoring.
[WARN] [1781244251.460382847] [coord_transform]: Outlier rejected #3 (jumped 1704.6mm). Ignoring.
[WARN] [1781244251.499292828] [coord_transform]: Outlier rejected #4 (jumped 1711.7mm). Ignoring.
[INFO] [1781244251.529352210] [coord_transform]: Too many outliers (5). Resetting filter to new position.
[WARN] [1781244252.426601624] [coord_transform]: Outlier rejected #1 (jumped 428.6mm). Ignoring.
[WARN] [1781244252.527399718] [coord_transform]: Outlier rejected #1 (jumped 220.1mm). Ignoring.
[WARN] [1781244252.562528807] [coord_transform]: Outlier rejected #2 (jumped 189.2mm). Ignoring.
[WARN] [1781244252.593892928] [coord_transform]: Outlier rejected #3 (jumped 197.2mm). Ignoring.
[WARN] [1781244255.163955523] [coord_transform]: Outlier rejected #1 (jumped 195.2mm). Ignoring.
[WARN] [1781244255.195476868] [coord_transform]: Outlier rejected #2 (jumped 176.1mm). Ignoring.
[WARN] [1781244255.394809381] [coord_transform]: Outlier rejected #1 (jumped 250.4mm). Ignoring.
[WARN] [1781244255.599061104] [coord_transform]: Outlier rejected #1 (jumped 207.3mm). Ignoring.
[WARN] [1781244255.829938763] [coord_transform]: Outlier rejected #1 (jumped 176.1mm). Ignoring.
[WARN] [1781244257.168692284] [coord_transform]: Outlier rejected #1 (jumped 673.8mm). Ignoring.
[INFO] [1781244260.498244881] [coord_transform]: Deadband: HOLD at (0.202, -0.101, 0.022)
[INFO] [1781244260.532836289] [coord_transform]: Deadband: RELEASE — motion detected
[WARN] [1781244277.113029851] [coord_transform]: Outlier rejected #1 (jumped 462.8mm). Ignoring.
[WARN] [1781244277.147144692] [coord_transform]: Outlier rejected #2 (jumped 453.7mm). Ignoring.
[WARN] [1781244277.185911486] [coord_transform]: Outlier rejected #3 (jumped 439.9mm). Ignoring.
[WARN] [1781244277.214288003] [coord_transform]: Outlier rejected #4 (jumped 419.2mm). Ignoring.
[INFO] [1781244277.251358331] [coord_transform]: Too many outliers (5). Resetting filter to new position.
[WARN] [1781244281.051941566] [coord_transform]: Outlier rejected #1 (jumped 697.5mm). Ignoring.
[WARN] [1781244281.088045981] [coord_transform]: Outlier rejected #2 (jumped 678.0mm). Ignoring.
[WARN] [1781244292.455594843] [coord_transform]: Outlier rejected #1 (jumped 613.5mm). Ignoring.
[WARN] [1781244292.480704054] [coord_transform]: Outlier rejected #2 (jumped 544.0mm). Ignoring.
[WARN] [1781244292.602476231] [coord_transform]: Outlier rejected #3 (jumped 640.5mm). Ignoring.
[WARN] [1781244293.677727006] [coord_transform]: Outlier rejected #4 (jumped 1110.0mm). Ignoring.
[INFO] [1781244293.854184334] [coord_transform]: Too many outliers (5). Resetting filter to new position.
[WARN] [1781244305.713660160] [coord_transform]: Outlier rejected #1 (jumped 228.2mm). Ignoring.
[WARN] [1781244305.736566504] [coord_transform]: Outlier rejected #2 (jumped 228.1mm). Ignoring.
[WARN] [1781244306.075081885] [coord_transform]: Outlier rejected #3 (jumped 387.3mm). Ignoring.
[WARN] [1781244306.099328599] [coord_transform]: Outlier rejected #4 (jumped 433.3mm). Ignoring.
[INFO] [1781244306.140067936] [coord_transform]: Too many outliers (5). Resetting filter to new position.
[WARN] [1781244307.015247834] [coord_transform]: Outlier rejected #1 (jumped 282.5mm). Ignoring.
[WARN] [1781244307.040783912] [coord_transform]: Outlier rejected #2 (jumped 279.2mm). Ignoring.
[WARN] [1781244309.404030834] [coord_transform]: Outlier rejected #3 (jumped 1359.2mm). Ignoring.
[WARN] [1781244309.441558619] [coord_transform]: Outlier rejected #4 (jumped 1455.4mm). Ignoring.
[INFO] [1781244309.473935384] [coord_transform]: Too many outliers (5). Resetting filter to new position.
[WARN] [1781244309.673880012] [coord_transform]: Outlier rejected #1 (jumped 166.5mm). Ignoring.
[WARN] [1781244309.737528516] [coord_transform]: Outlier rejected #1 (jumped 150.4mm). Ignoring.
[WARN] [1781244309.837646489] [coord_transform]: Outlier rejected #1 (jumped 286.9mm). Ignoring.
[WARN] [1781244309.873212618] [coord_transform]: Outlier rejected #2 (jumped 530.4mm). Ignoring.
[WARN] [1781244309.939944156] [coord_transform]: Outlier rejected #3 (jumped 573.1mm). Ignoring.
[WARN] [1781244309.976180252] [coord_transform]: Outlier rejected #4 (jumped 406.5mm). Ignoring.
[INFO] [1781244310.013592208] [coord_transform]: Too many outliers (5). Resetting filter to new position.
[WARN] [1781244310.137984962] [coord_transform]: Outlier rejected #1 (jumped 478.0mm). Ignoring.
[WARN] [1781244310.174390335] [coord_transform]: Outlier rejected #2 (jumped 434.1mm). Ignoring.
[WARN] [1781244310.210196616] [coord_transform]: Outlier rejected #3 (jumped 398.5mm). Ignoring.
[WARN] [1781244310.246078267] [coord_transform]: Outlier rejected #4 (jumped 463.7mm). Ignoring.
[WARN] [1781244310.336990224] [coord_transform]: Outlier rejected #1 (jumped 390.0mm). Ignoring.
[WARN] [1781244310.370511283] [coord_transform]: Outlier rejected #2 (jumped 404.3mm). Ignoring.
[WARN] [1781244310.408188226] [coord_transform]: Outlier rejected #3 (jumped 470.1mm). Ignoring.
[WARN] [1781244310.440581342] [coord_transform]: Outlier rejected #4 (jumped 477.9mm). Ignoring.
[INFO] [1781244310.472481568] [coord_transform]: Too many outliers (5). Resetting filter to new position.
[WARN] [1781244310.821185440] [coord_transform]: Outlier rejected #1 (jumped 205.1mm). Ignoring.
[WARN] [1781244310.847818105] [coord_transform]: Outlier rejected #2 (jumped 205.1mm). Ignoring.
[WARN] [1781244311.250797557] [coord_transform]: Outlier rejected #1 (jumped 542.2mm). Ignoring.
[WARN] [1781244311.290929463] [coord_transform]: Outlier rejected #2 (jumped 514.0mm). Ignoring.
[WARN] [1781244311.317838878] [coord_transform]: Outlier rejected #3 (jumped 507.0mm). Ignoring.
[WARN] [1781244311.347957705] [coord_transform]: Outlier rejected #4 (jumped 575.7mm). Ignoring.
[INFO] [1781244311.380573099] [coord_transform]: Too many outliers (5). Resetting filter to new position.
[WARN] [1781244311.476499213] [coord_transform]: Outlier rejected #1 (jumped 202.8mm). Ignoring.
[WARN] [1781244311.556599141] [coord_transform]: Outlier rejected #1 (jumped 173.5mm). Ignoring.
[WARN] [1781244311.644774108] [coord_transform]: Outlier rejected #1 (jumped 450.2mm). Ignoring.
[WARN] [1781244311.670975595] [coord_transform]: Outlier rejected #2 (jumped 547.6mm). Ignoring.
[WARN] [1781244311.708274406] [coord_transform]: Outlier rejected #3 (jumped 674.1mm). Ignoring.
[WARN] [1781244311.743433433] [coord_transform]: Outlier rejected #4 (jumped 617.2mm). Ignoring.
[WARN] [1781244311.806115593] [coord_transform]: Outlier rejected #1 (jumped 610.6mm). Ignoring.
[WARN] [1781244312.304505703] [coord_transform]: Outlier rejected #1 (jumped 163.4mm). Ignoring.
[WARN] [1781244312.344851861] [coord_transform]: Outlier rejected #2 (jumped 367.0mm). Ignoring.
[WARN] [1781244312.372931412] [coord_transform]: Outlier rejected #3 (jumped 403.3mm). Ignoring.
[WARN] [1781244312.406951754] [coord_transform]: Outlier rejected #4 (jumped 416.3mm). Ignoring.
[INFO] [1781244312.442804968] [coord_transform]: Too many outliers (5). Resetting filter to new position.
[WARN] [1781244312.513939421] [coord_transform]: Outlier rejected #1 (jumped 200.4mm). Ignoring.
[WARN] [1781244312.542514596] [coord_transform]: Outlier rejected #2 (jumped 212.0mm). Ignoring.
[WARN] [1781244312.605502644] [coord_transform]: Outlier rejected #1 (jumped 288.5mm). Ignoring.
[WARN] [1781244312.788763558] [coord_transform]: Outlier rejected #2 (jumped 382.7mm). Ignoring.
[WARN] [1781244312.840820458] [coord_transform]: Outlier rejected #3 (jumped 396.0mm). Ignoring.
[WARN] [1781244312.874699404] [coord_transform]: Outlier rejected #4 (jumped 560.2mm). Ignoring.
[INFO] [1781244312.905314955] [coord_transform]: Too many outliers (5). Resetting filter to new position.
[WARN] [1781244312.972091265] [coord_transform]: Outlier rejected #1 (jumped 156.0mm). Ignoring.
[WARN] [1781244313.002392701] [coord_transform]: Outlier rejected #2 (jumped 206.5mm). Ignoring.
[WARN] [1781244313.038589817] [coord_transform]: Outlier rejected #3 (jumped 302.4mm). Ignoring.
[WARN] [1781244313.074691190] [coord_transform]: Outlier rejected #4 (jumped 171.2mm). Ignoring.
[WARN] [1781244313.235996012] [coord_transform]: Outlier rejected #1 (jumped 179.4mm). Ignoring.
[WARN] [1781244313.335867191] [coord_transform]: Outlier rejected #1 (jumped 541.4mm). Ignoring.
[WARN] [1781244315.815204568] [coord_transform]: Outlier rejected #1 (jumped 186.1mm). Ignoring.
[WARN] [1781244315.908208605] [coord_transform]: Outlier rejected #1 (jumped 158.4mm). Ignoring.
[WARN] [1781244317.048113460] [coord_transform]: Outlier rejected #1 (jumped 214.0mm). Ignoring.
[WARN] [1781244317.084175143] [coord_transform]: Outlier rejected #2 (jumped 350.1mm). Ignoring.
[WARN] [1781244317.115034915] [coord_transform]: Outlier rejected #3 (jumped 360.9mm). Ignoring.
[WARN] [1781244319.180004279] [coord_transform]: Outlier rejected #4 (jumped 759.3mm). Ignoring.
[INFO] [1781244319.220906609] [coord_transform]: Too many outliers (5). Resetting filter to new position.
[WARN] [1781244319.448764991] [coord_transform]: Outlier rejected #1 (jumped 165.0mm). Ignoring.
[WARN] [1781244319.578537158] [coord_transform]: Outlier rejected #1 (jumped 155.9mm). Ignoring.
[WARN] [1781244319.611462102] [coord_transform]: Outlier rejected #2 (jumped 284.6mm). Ignoring.
[WARN] [1781244319.677586293] [coord_transform]: Outlier rejected #1 (jumped 195.5mm). Ignoring.
[WARN] [1781244319.749290657] [coord_transform]: Outlier rejected #1 (jumped 200.2mm). Ignoring.
[WARN] [1781244319.978036466] [coord_transform]: Outlier rejected #1 (jumped 160.0mm). Ignoring.
[WARN] [1781244320.077533663] [coord_transform]: Outlier rejected #1 (jumped 179.1mm). Ignoring.
[WARN] [1781244320.476997006] [coord_transform]: Outlier rejected #1 (jumped 153.4mm). Ignoring.
[WARN] [1781244320.711606398] [coord_transform]: Outlier rejected #1 (jumped 205.3mm). Ignoring.
[WARN] [1781244321.244293486] [coord_transform]: Outlier rejected #1 (jumped 197.2mm). Ignoring.
[WARN] [1781244321.345083450] [coord_transform]: Outlier rejected #1 (jumped 238.0mm). Ignoring.
[WARN] [1781244321.420022761] [coord_transform]: Outlier rejected #1 (jumped 418.2mm). Ignoring.
[WARN] [1781244321.581703529] [coord_transform]: Outlier rejected #1 (jumped 331.0mm). Ignoring.
[WARN] [1781244321.619162377] [coord_transform]: Outlier rejected #2 (jumped 468.4mm). Ignoring.
[WARN] [1781244321.649829245] [coord_transform]: Outlier rejected #3 (jumped 573.7mm). Ignoring.
[WARN] [1781244321.686539053] [coord_transform]: Outlier rejected #4 (jumped 691.4mm). Ignoring.
[INFO] [1781244321.720250571] [coord_transform]: Too many outliers (5). Resetting filter to new position.
[WARN] [1781244321.755824062] [coord_transform]: Outlier rejected #1 (jumped 411.2mm). Ignoring.
[WARN] [1781244321.792087061] [coord_transform]: Outlier rejected #2 (jumped 462.1mm). Ignoring.
[WARN] [1781244322.278565901] [coord_transform]: Outlier rejected #3 (jumped 1041.8mm). Ignoring.
[WARN] [1781244322.314441748] [coord_transform]: Outlier rejected #4 (jumped 1029.0mm). Ignoring.
[INFO] [1781244322.349445282] [coord_transform]: Too many outliers (5). Resetting filter to new position.
[WARN] [1781244322.515999446] [coord_transform]: Outlier rejected #1 (jumped 238.5mm). Ignoring.
[WARN] [1781244322.549967563] [coord_transform]: Outlier rejected #2 (jumped 234.8mm). Ignoring.
[WARN] [1781244322.582978924] [coord_transform]: Outlier rejected #3 (jumped 380.3mm). Ignoring.
[WARN] [1781244322.616188272] [coord_transform]: Outlier rejected #4 (jumped 172.5mm). Ignoring.
[INFO] [1781244322.649504133] [coord_transform]: Too many outliers (5). Resetting filter to new position.
[WARN] [1781244322.748939208] [coord_transform]: Outlier rejected #1 (jumped 298.1mm). Ignoring.
[WARN] [1781244322.880707423] [coord_transform]: Outlier rejected #1 (jumped 176.1mm). Ignoring.
[WARN] [1781244322.947494109] [coord_transform]: Outlier rejected #1 (jumped 203.2mm). Ignoring.
[WARN] [1781244322.983044672] [coord_transform]: Outlier rejected #2 (jumped 299.8mm). Ignoring.
[WARN] [1781244323.015444253] [coord_transform]: Outlier rejected #3 (jumped 290.8mm). Ignoring.
[WARN] [1781244323.047855536] [coord_transform]: Outlier rejected #4 (jumped 262.8mm). Ignoring.
[WARN] [1781244323.313053382] [coord_transform]: Outlier rejected #1 (jumped 193.2mm). Ignoring.
[WARN] [1781244323.579532190] [coord_transform]: Outlier rejected #1 (jumped 221.6mm). Ignoring.
[WARN] [1781244323.646442054] [coord_transform]: Outlier rejected #1 (jumped 173.0mm). Ignoring.
[WARN] [1781244324.147284174] [coord_transform]: Outlier rejected #1 (jumped 169.9mm). Ignoring.
[WARN] [1781244324.314936347] [coord_transform]: Outlier rejected #1 (jumped 154.0mm). Ignoring.
[WARN] [1781244324.780408127] [coord_transform]: Outlier rejected #1 (jumped 179.4mm). Ignoring.
[WARN] [1781244327.312002511] [coord_transform]: Outlier rejected #1 (jumped 339.8mm). Ignoring.
[WARN] [1781244327.360977077] [coord_transform]: Outlier rejected #2 (jumped 287.6mm). Ignoring.
[WARN] [1781244327.385215884] [coord_transform]: Outlier rejected #3 (jumped 157.2mm). Ignoring.
[WARN] [1781244327.886940031] [coord_transform]: Outlier rejected #1 (jumped 239.2mm). Ignoring.
[WARN] [1781244327.914918848] [coord_transform]: Outlier rejected #2 (jumped 338.8mm). Ignoring.
[WARN] [1781244327.948550319] [coord_transform]: Outlier rejected #3 (jumped 399.3mm). Ignoring.
[WARN] [1781244327.982790606] [coord_transform]: Outlier rejected #4 (jumped 394.0mm). Ignoring.
[WARN] [1781244336.286742881] [coord_transform]: Outlier rejected #1 (jumped 192.9mm). Ignoring.
[WARN] [1781244336.325878015] [coord_transform]: Outlier rejected #2 (jumped 194.8mm). Ignoring.
[WARN] [1781244337.122618307] [coord_transform]: Outlier rejected #1 (jumped 180.8mm). Ignoring.
[WARN] [1781244337.159331101] [coord_transform]: Outlier rejected #2 (jumped 192.3mm). Ignoring.
[WARN] [1781244337.399586547] [coord_transform]: Outlier rejected #1 (jumped 193.4mm). Ignoring.
[WARN] [1781244339.579793371] [coord_transform]: Outlier rejected #2 (jumped 338.7mm). Ignoring.
[WARN] [1781244339.613609541] [coord_transform]: Outlier rejected #3 (jumped 331.4mm). Ignoring.
[WARN] [1781244339.650078839] [coord_transform]: Outlier rejected #4 (jumped 321.0mm). Ignoring.
[INFO] [1781244339.681829134] [coord_transform]: Too many outliers (5). Resetting filter to new position.
[WARN] [1781244340.793199689] [coord_transform]: Outlier rejected #1 (jumped 349.5mm). Ignoring.
[WARN] [1781244341.593702428] [coord_transform]: Outlier rejected #2 (jumped 358.9mm). Ignoring.
[WARN] [1781244341.626478382] [coord_transform]: Outlier rejected #3 (jumped 308.6mm). Ignoring.
[WARN] [1781244341.661136465] [coord_transform]: Outlier rejected #4 (jumped 300.6mm). Ignoring.
[INFO] [1781244341.696526217] [coord_transform]: Too many outliers (5). Resetting filter to new position.
[WARN] [1781244342.225596640] [coord_transform]: Outlier rejected #1 (jumped 169.6mm). Ignoring.
[WARN] [1781244345.596356507] [coord_transform]: Outlier rejected #2 (jumped 1038.9mm). Ignoring.
[WARN] [1781244345.629888007] [coord_transform]: Outlier rejected #3 (jumped 1086.1mm). Ignoring.
[WARN] [1781244345.663527464] [coord_transform]: Outlier rejected #4 (jumped 1066.5mm). Ignoring.
[INFO] [1781244345.696714797] [coord_transform]: Too many outliers (5). Resetting filter to new position.
[WARN] [1781244345.732028134] [coord_transform]: Outlier rejected #1 (jumped 282.4mm). Ignoring.
[WARN] [1781244345.764338371] [coord_transform]: Outlier rejected #2 (jumped 355.8mm). Ignoring.
[WARN] [1781244345.802662156] [coord_transform]: Outlier rejected #3 (jumped 374.3mm). Ignoring.
[WARN] [1781244345.837745820] [coord_transform]: Outlier rejected #4 (jumped 348.6mm). Ignoring.
[INFO] [1781244345.871262786] [coord_transform]: Too many outliers (5). Resetting filter to new position.
[WARN] [1781244356.807820421] [coord_transform]: Outlier rejected #1 (jumped 526.0mm). Ignoring.
[WARN] [1781244356.836983355] [coord_transform]: Outlier rejected #2 (jumped 500.9mm). Ignoring.
[WARN] [1781244356.870622819] [coord_transform]: Outlier rejected #3 (jumped 496.3mm). Ignoring.
[WARN] [1781244356.903485237] [coord_transform]: Outlier rejected #4 (jumped 506.5mm). Ignoring.
[INFO] [1781244356.938326866] [coord_transform]: Too many outliers (5). Resetting filter to new position.
[WARN] [1781244357.268569522] [coord_transform]: Outlier rejected #1 (jumped 1489.2mm). Ignoring.
[WARN] [1781244357.313255994] [coord_transform]: Outlier rejected #2 (jumped 1602.3mm). Ignoring.
[WARN] [1781244357.338432662] [coord_transform]: Outlier rejected #3 (jumped 1441.0mm). Ignoring.
[WARN] [1781244358.100645057] [coord_transform]: Outlier rejected #4 (jumped 275.2mm). Ignoring.
[INFO] [1781244358.143188662] [coord_transform]: Too many outliers (5). Resetting filter to new position.
[WARN] [1781244358.992482963] [coord_transform]: Outlier rejected #1 (jumped 166.8mm). Ignoring.
[WARN] [1781244359.021906241] [coord_transform]: Outlier rejected #2 (jumped 164.2mm). Ignoring.
[WARN] [1781244359.383840230] [coord_transform]: Outlier rejected #1 (jumped 218.4mm). Ignoring.
[WARN] [1781244359.419149140] [coord_transform]: Outlier rejected #2 (jumped 181.1mm). Ignoring.
[WARN] [1781244359.451263320] [coord_transform]: Outlier rejected #3 (jumped 185.2mm). Ignoring.
[WARN] [1781244360.092940770] [coord_transform]: Outlier rejected #1 (jumped 200.0mm). Ignoring.
[WARN] [1781244360.133110031] [coord_transform]: Outlier rejected #2 (jumped 248.1mm). Ignoring.
[WARN] [1781244360.168472633] [coord_transform]: Outlier rejected #3 (jumped 170.4mm). Ignoring.
[WARN] [1781244360.201829748] [coord_transform]: Outlier rejected #4 (jumped 188.8mm). Ignoring.
[INFO] [1781244360.235268518] [coord_transform]: Too many outliers (5). Resetting filter to new position.
[WARN] [1781244360.301221613] [coord_transform]: Outlier rejected #1 (jumped 192.4mm). Ignoring.
[WARN] [1781244360.362847237] [coord_transform]: Outlier rejected #1 (jumped 202.5mm). Ignoring.
[WARN] [1781244360.422032800] [coord_transform]: Outlier rejected #1 (jumped 223.9mm). Ignoring.
[WARN] [1781244360.459064276] [coord_transform]: Outlier rejected #2 (jumped 199.1mm). Ignoring.
[WARN] [1781244360.486520999] [coord_transform]: Outlier rejected #3 (jumped 275.9mm). Ignoring.
[WARN] [1781244360.515489857] [coord_transform]: Outlier rejected #4 (jumped 226.6mm). Ignoring.
[INFO] [1781244360.550876626] [coord_transform]: Too many outliers (5). Resetting filter to new position.
[WARN] [1781244360.614116529] [coord_transform]: Outlier rejected #1 (jumped 263.7mm). Ignoring.
[WARN] [1781244360.650167514] [coord_transform]: Outlier rejected #2 (jumped 747.1mm). Ignoring.
[WARN] [1781244360.677874550] [coord_transform]: Outlier rejected #3 (jumped 495.4mm). Ignoring.
[WARN] [1781244360.709868705] [coord_transform]: Outlier rejected #4 (jumped 542.7mm). Ignoring.
[INFO] [1781244360.741910324] [coord_transform]: Too many outliers (5). Resetting filter to new position.
[WARN] [1781244360.859106066] [coord_transform]: Outlier rejected #1 (jumped 894.4mm). Ignoring.
[WARN] [1781244362.347498131] [coord_transform]: Outlier rejected #2 (jumped 795.4mm). Ignoring.
[WARN] [1781244362.373731660] [coord_transform]: Outlier rejected #3 (jumped 794.8mm). Ignoring.
[WARN] [1781244362.416064166] [coord_transform]: Outlier rejected #4 (jumped 792.4mm). Ignoring.
[INFO] [1781244362.444427163] [coord_transform]: Too many outliers (5). Resetting filter to new position.
[WARN] [1781244363.610038250] [coord_transform]: Outlier rejected #1 (jumped 800.2mm). Ignoring.
[WARN] [1781244363.649929009] [coord_transform]: Outlier rejected #2 (jumped 834.6mm). Ignoring.
[WARN] [1781244363.678906977] [coord_transform]: Outlier rejected #3 (jumped 834.6mm). Ignoring.
[WARN] [1781244363.717845172] [coord_transform]: Outlier rejected #4 (jumped 885.4mm). Ignoring.
[INFO] [1781244363.745007549] [coord_transform]: Too many outliers (5). Resetting filter to new position.
[WARN] [1781244363.777599007] [coord_transform]: Outlier rejected #1 (jumped 905.0mm). Ignoring.
[WARN] [1781244363.816409092] [coord_transform]: Outlier rejected #2 (jumped 905.9mm). Ignoring.
[WARN] [1781244363.843876530] [coord_transform]: Outlier rejected #3 (jumped 920.2mm). Ignoring.
[WARN] [1781244363.880664283] [coord_transform]: Outlier rejected #4 (jumped 915.2mm). Ignoring.
[INFO] [1781244363.914230444] [coord_transform]: Too many outliers (5). Resetting filter to new position.
[WARN] [1781244364.242633837] [coord_transform]: Outlier rejected #1 (jumped 921.8mm). Ignoring.
[WARN] [1781244367.010217943] [coord_transform]: Outlier rejected #1 (jumped 980.9mm). Ignoring.
[WARN] [1781244367.045553020] [coord_transform]: Outlier rejected #2 (jumped 956.0mm). Ignoring.
[WARN] [1781244367.078583380] [coord_transform]: Outlier rejected #3 (jumped 1030.0mm). Ignoring.
[WARN] [1781244367.112642715] [coord_transform]: Outlier rejected #4 (jumped 1037.9mm). Ignoring.
[INFO] [1781244367.152091906] [coord_transform]: Too many outliers (5). Resetting filter to new position.
[WARN] [1781244367.211814498] [coord_transform]: Outlier rejected #1 (jumped 1041.4mm). Ignoring.
[WARN] [1781244367.254090601] [coord_transform]: Outlier rejected #2 (jumped 1039.8mm). Ignoring.
[WARN] [1781244367.282309461] [coord_transform]: Outlier rejected #3 (jumped 1039.8mm). Ignoring.
[WARN] [1781244367.313302619] [coord_transform]: Outlier rejected #4 (jumped 1025.7mm). Ignoring.
[INFO] [1781244367.347532530] [coord_transform]: Too many outliers (5). Resetting filter to new position.
[WARN] [1781244368.819514621] [coord_transform]: Outlier rejected #1 (jumped 461.9mm). Ignoring.
[WARN] [1781244368.851966699] [coord_transform]: Outlier rejected #2 (jumped 946.6mm). Ignoring.
[WARN] [1781244369.120948375] [coord_transform]: Outlier rejected #1 (jumped 1058.0mm). Ignoring.
[WARN] [1781244369.146903206] [coord_transform]: Outlier rejected #2 (jumped 974.6mm). Ignoring.
[WARN] [1781244369.193016954] [coord_transform]: Outlier rejected #3 (jumped 960.1mm). Ignoring.
[WARN] [1781244369.363233513] [coord_transform]: Outlier rejected #1 (jumped 1033.6mm). Ignoring.
[WARN] [1781244369.394785454] [coord_transform]: Outlier rejected #2 (jumped 1000.4mm). Ignoring.
[WARN] [1781244369.429100960] [coord_transform]: Outlier rejected #3 (jumped 1029.9mm). Ignoring.
[WARN] [1781244369.455133355] [coord_transform]: Outlier rejected #4 (jumped 973.0mm). Ignoring.
[INFO] [1781244369.488840219] [coord_transform]: Too many outliers (5). Resetting filter to new position.
[WARN] [1781244369.533259511] [coord_transform]: Outlier rejected #1 (jumped 1003.0mm). Ignoring.
[WARN] [1781244369.561247065] [coord_transform]: Outlier rejected #2 (jumped 998.2mm). Ignoring.
[WARN] [1781244369.586809883] [coord_transform]: Outlier rejected #3 (jumped 989.7mm). Ignoring.
[WARN] [1781244369.619637175] [coord_transform]: Outlier rejected #4 (jumped 994.9mm). Ignoring.
[INFO] [1781244369.648599468] [coord_transform]: Too many outliers (5). Resetting filter to new position.
[WARN] [1781244369.819554090] [coord_transform]: Outlier rejected #1 (jumped 874.1mm). Ignoring.
[WARN] [1781244369.852355362] [coord_transform]: Outlier rejected #2 (jumped 925.2mm). Ignoring.
[WARN] [1781244369.884549434] [coord_transform]: Outlier rejected #3 (jumped 979.2mm). Ignoring.
[WARN] [1781244369.917862714] [coord_transform]: Outlier rejected #4 (jumped 946.0mm). Ignoring.
[INFO] [1781244369.952468565] [coord_transform]: Too many outliers (5). Resetting filter to new position.
[WARN] [1781244370.056669303] [coord_transform]: Outlier rejected #1 (jumped 156.6mm). Ignoring.
[WARN] [1781244370.086707919] [coord_transform]: Outlier rejected #2 (jumped 180.3mm). Ignoring.
[WARN] [1781244370.517350241] [coord_transform]: Outlier rejected #1 (jumped 899.6mm). Ignoring.
[WARN] [1781244370.587201140] [coord_transform]: Outlier rejected #1 (jumped 793.4mm). Ignoring.
[WARN] [1781244370.614414712] [coord_transform]: Outlier rejected #2 (jumped 786.2mm). Ignoring.
[WARN] [1781244370.649207955] [coord_transform]: Outlier rejected #3 (jumped 791.4mm). Ignoring.
[WARN] [1781244370.683702875] [coord_transform]: Outlier rejected #4 (jumped 786.9mm). Ignoring.
[WARN] [1781244370.885514791] [coord_transform]: Outlier rejected #1 (jumped 1003.7mm). Ignoring.
[WARN] [1781244370.921020613] [coord_transform]: Outlier rejected #2 (jumped 1018.5mm). Ignoring.
[WARN] [1781244370.955203059] [coord_transform]: Outlier rejected #3 (jumped 1014.5mm). Ignoring.
[WARN] [1781244370.988864835] [coord_transform]: Outlier rejected #4 (jumped 1021.0mm). Ignoring.
[INFO] [1781244371.022932755] [coord_transform]: Too many outliers (5). Resetting filter to new position.
[WARN] [1781244371.273069340] [coord_transform]: Outlier rejected #1 (jumped 1048.6mm). Ignoring.
[WARN] [1781244371.300405567] [coord_transform]: Outlier rejected #2 (jumped 1014.6mm). Ignoring.
[WARN] [1781244371.332097399] [coord_transform]: Outlier rejected #3 (jumped 1020.5mm). Ignoring.
[WARN] [1781244371.364187334] [coord_transform]: Outlier rejected #4 (jumped 1069.3mm). Ignoring.
[INFO] [1781244371.394050604] [coord_transform]: Too many outliers (5). Resetting filter to new position.
[WARN] [1781244371.689246461] [coord_transform]: Outlier rejected #1 (jumped 996.7mm). Ignoring.
[WARN] [1781244372.280351431] [coord_transform]: Outlier rejected #1 (jumped 1009.0mm). Ignoring.
[WARN] [1781244372.317895241] [coord_transform]: Outlier rejected #2 (jumped 1007.3mm). Ignoring.
[WARN] [1781244372.351152213] [coord_transform]: Outlier rejected #3 (jumped 994.2mm). Ignoring.
[WARN] [1781244372.384492484] [coord_transform]: Outlier rejected #4 (jumped 999.7mm). Ignoring.
[INFO] [1781244372.418417918] [coord_transform]: Too many outliers (5). Resetting filter to new position.
[WARN] [1781244377.355752956] [coord_transform]: Outlier rejected #1 (jumped 908.8mm). Ignoring.
[WARN] [1781244377.387080285] [coord_transform]: Outlier rejected #2 (jumped 882.4mm). Ignoring.
[WARN] [1781244377.419102355] [coord_transform]: Outlier rejected #3 (jumped 908.8mm). Ignoring.
[WARN] [1781244377.619434971] [coord_transform]: Outlier rejected #1 (jumped 905.2mm). Ignoring.
[WARN] [1781244377.723913628] [coord_transform]: Outlier rejected #1 (jumped 891.7mm). Ignoring.
[WARN] [1781244377.756710820] [coord_transform]: Outlier rejected #2 (jumped 879.0mm). Ignoring.
[WARN] [1781244377.786053894] [coord_transform]: Outlier rejected #3 (jumped 896.4mm). Ignoring.
[WARN] [1781244377.818564584] [coord_transform]: Outlier rejected #4 (jumped 802.1mm). Ignoring.
[INFO] [1781244377.851795250] [coord_transform]: Too many outliers (5). Resetting filter to new position.
[WARN] [1781244377.894138710] [coord_transform]: Outlier rejected #1 (jumped 793.7mm). Ignoring.
[WARN] [1781244377.921492088] [coord_transform]: Outlier rejected #2 (jumped 799.0mm). Ignoring.
[WARN] [1781244377.963061719] [coord_transform]: Outlier rejected #3 (jumped 797.0mm). Ignoring.
[WARN] [1781244377.990993870] [coord_transform]: Outlier rejected #4 (jumped 819.1mm). Ignoring.
[INFO] [1781244378.019732932] [coord_transform]: Too many outliers (5). Resetting filter to new position.
[WARN] [1781244430.899981468] [coord_transform]: Outlier rejected #1 (jumped 1292.4mm). Ignoring.
[WARN] [1781244430.930240303] [coord_transform]: Outlier rejected #2 (jumped 1284.1mm). Ignoring.
[WARN] [1781244430.961374729] [coord_transform]: Outlier rejected #3 (jumped 1275.6mm). Ignoring.
[WARN] [1781244431.008447584] [coord_transform]: Outlier rejected #4 (jumped 1266.2mm). Ignoring.
[INFO] [1781244431.036565508] [coord_transform]: Too many outliers (5). Resetting filter to new position.
[WARN] [1781244431.359330202] [coord_transform]: Outlier rejected #1 (jumped 433.6mm). Ignoring.
[WARN] [1781244432.264742404] [coord_transform]: Outlier rejected #1 (jumped 281.4mm). Ignoring.
[WARN] [1781244432.292229256] [coord_transform]: Outlier rejected #2 (jumped 195.0mm). Ignoring.
[WARN] [1781244432.535596396] [coord_transform]: Outlier rejected #1 (jumped 222.1mm). Ignoring.
[WARN] [1781244432.564873371] [coord_transform]: Outlier rejected #2 (jumped 194.1mm). Ignoring.
[WARN] [1781244432.610634693] [coord_transform]: Outlier rejected #3 (jumped 223.2mm). Ignoring.
[WARN] [1781244432.638305241] [coord_transform]: Outlier rejected #4 (jumped 204.0mm). Ignoring.
[INFO] [1781244432.669600337] [coord_transform]: Too many outliers (5). Resetting filter to new position.
[WARN] [1781244432.696614527] [coord_transform]: Outlier rejected #1 (jumped 157.7mm). Ignoring.
[WARN] [1781244432.727877468] [coord_transform]: Outlier rejected #2 (jumped 498.0mm). Ignoring.
[WARN] [1781244432.906407504] [coord_transform]: Outlier rejected #3 (jumped 1132.9mm). Ignoring.
[WARN] [1781244432.931214741] [coord_transform]: Outlier rejected #4 (jumped 1149.7mm). Ignoring.
[INFO] [1781244432.959795972] [coord_transform]: Too many outliers (5). Resetting filter to new position.
[WARN] [1781244433.532130494] [coord_transform]: Outlier rejected #1 (jumped 1428.2mm). Ignoring.
[WARN] [1781244433.571261235] [coord_transform]: Outlier rejected #2 (jumped 1434.9mm). Ignoring.
[WARN] [1781244433.598750715] [coord_transform]: Outlier rejected #3 (jumped 1666.1mm). Ignoring.
[WARN] [1781244433.631207189] [coord_transform]: Outlier rejected #4 (jumped 1696.4mm). Ignoring.
[INFO] [1781244433.662435488] [coord_transform]: Too many outliers (5). Resetting filter to new position.
[WARN] [1781244434.134100077] [coord_transform]: Outlier rejected #1 (jumped 187.2mm). Ignoring.
[WARN] [1781244434.162221726] [coord_transform]: Outlier rejected #2 (jumped 217.8mm). Ignoring.
[WARN] [1781244434.196907177] [coord_transform]: Outlier rejected #3 (jumped 205.7mm). Ignoring.
[WARN] [1781244434.229197531] [coord_transform]: Outlier rejected #4 (jumped 289.2mm). Ignoring.
[INFO] [1781244434.273998325] [coord_transform]: Too many outliers (5). Resetting filter to new position.
[INFO] [1781244435.961607981] [coord_transform]: Deadband: HOLD at (0.202, -0.101, 0.022)
[INFO] [1781244436.001688048] [coord_transform]: Deadband: RELEASE — motion detected
[WARN] [1781244455.574859670] [coord_transform]: Outlier rejected #1 (jumped 612.5mm). Ignoring.
[WARN] [1781244455.607596280] [coord_transform]: Outlier rejected #2 (jumped 618.2mm). Ignoring.
[WARN] [1781244455.651889534] [coord_transform]: Outlier rejected #3 (jumped 624.4mm). Ignoring.
[WARN] [1781244455.678022385] [coord_transform]: Outlier rejected #4 (jumped 629.9mm). Ignoring.
[INFO] [1781244455.714434062] [coord_transform]: Too many outliers (5). Resetting filter to new position.
[INFO] [1781244455.715068631] [coord_transform]: Deadband: HOLD at (0.202, -0.101, 0.022)
[INFO] [1781244455.754147287] [coord_transform]: Deadband: RELEASE — motion detected
[WARN] [1781244463.194322194] [coord_transform]: Outlier rejected #1 (jumped 719.2mm). Ignoring.
[WARN] [1781244463.222459178] [coord_transform]: Outlier rejected #2 (jumped 837.4mm). Ignoring.
[WARN] [1781244463.248514164] [coord_transform]: Outlier rejected #3 (jumped 768.0mm). Ignoring.
[WARN] [1781244463.282240755] [coord_transform]: Outlier rejected #4 (jumped 831.1mm). Ignoring.
[INFO] [1781244463.324166736] [coord_transform]: Too many outliers (5). Resetting filter to new position.
[WARN] [1781244470.928321375] [coord_transform]: Outlier rejected #1 (jumped 208.8mm). Ignoring.
[WARN] [1781244470.994559314] [coord_transform]: Outlier rejected #2 (jumped 556.9mm). Ignoring.
[WARN] [1781244471.222621086] [coord_transform]: Outlier rejected #1 (jumped 300.7mm). Ignoring.
[WARN] [1781244471.253991665] [coord_transform]: Outlier rejected #2 (jumped 188.1mm). Ignoring.
[WARN] [1781244471.290277032] [coord_transform]: Outlier rejected #3 (jumped 250.4mm). Ignoring.
[WARN] [1781244471.330689758] [coord_transform]: Outlier rejected #4 (jumped 206.6mm). Ignoring.
[INFO] [1781244471.360791957] [coord_transform]: Too many outliers (5). Resetting filter to new position.
[WARN] [1781244471.395416991] [coord_transform]: Outlier rejected #1 (jumped 440.4mm). Ignoring.
[WARN] [1781244471.422586345] [coord_transform]: Outlier rejected #2 (jumped 460.5mm). Ignoring.
[WARN] [1781244471.463427142] [coord_transform]: Outlier rejected #3 (jumped 480.6mm). Ignoring.
[WARN] [1781244471.489509232] [coord_transform]: Outlier rejected #4 (jumped 301.6mm). Ignoring.
[INFO] [1781244471.523178548] [coord_transform]: Too many outliers (5). Resetting filter to new position.
[WARN] [1781244471.821765240] [coord_transform]: Outlier rejected #1 (jumped 155.0mm). Ignoring.
[WARN] [1781244474.932843923] [coord_transform]: Outlier rejected #1 (jumped 469.3mm). Ignoring.
[WARN] [1781244474.975812104] [coord_transform]: Outlier rejected #2 (jumped 514.1mm). Ignoring.
[WARN] [1781244475.003599553] [coord_transform]: Outlier rejected #3 (jumped 559.5mm). Ignoring.
[WARN] [1781244475.029795241] [coord_transform]: Outlier rejected #4 (jumped 594.0mm). Ignoring.
[INFO] [1781244475.057735137] [coord_transform]: Too many outliers (5). Resetting filter to new position.
[WARN] [1781244475.329851803] [coord_transform]: Outlier rejected #1 (jumped 305.7mm). Ignoring.
[INFO] [1781244492.468811581] [coord_transform]: Deadband: HOLD at (0.202, -0.101, 0.022)
[INFO] [1781244492.510933514] [coord_transform]: Deadband: RELEASE — motion detected
[WARN] [1781244494.982676315] [coord_transform]: Outlier rejected #1 (jumped 313.6mm). Ignoring.
[WARN] [1781244521.733464987] [coord_transform]: Outlier rejected #1 (jumped 523.7mm). Ignoring.
[WARN] [1781244521.764714594] [coord_transform]: Outlier rejected #2 (jumped 442.7mm). Ignoring.
[WARN] [1781244521.797177227] [coord_transform]: Outlier rejected #3 (jumped 496.0mm). Ignoring.
[WARN] [1781244521.826165593] [coord_transform]: Outlier rejected #4 (jumped 556.9mm). Ignoring.
[INFO] [1781244521.863678011] [coord_transform]: Too many outliers (5). Resetting filter to new position.
[INFO] [1781244522.258233822] [coord_transform]: Deadband: HOLD at (0.202, -0.101, 0.022)
[INFO] [1781244522.292939382] [coord_transform]: Deadband: RELEASE — motion detected
[INFO] [1781244524.298981202] [coord_transform]: Deadband: HOLD at (0.202, -0.101, 0.022)
[INFO] [1781244524.329943323] [coord_transform]: Deadband: RELEASE — motion detected
[WARN] [1781244529.470074924] [coord_transform]: Outlier rejected #1 (jumped 227.4mm). Ignoring.
[WARN] [1781244535.470173196] [coord_transform]: Outlier rejected #2 (jumped 1101.4mm). Ignoring.
[WARN] [1781244535.507615035] [coord_transform]: Outlier rejected #3 (jumped 1126.7mm). Ignoring.
[WARN] [1781244535.540174096] [coord_transform]: Outlier rejected #4 (jumped 1126.9mm). Ignoring.
[INFO] [1781244535.576555801] [coord_transform]: Too many outliers (5). Resetting filter to new position.
[WARN] [1781244535.803359149] [coord_transform]: Outlier rejected #1 (jumped 1023.7mm). Ignoring.
[WARN] [1781244535.837093639] [coord_transform]: Outlier rejected #2 (jumped 845.5mm). Ignoring.
[WARN] [1781244535.870811121] [coord_transform]: Outlier rejected #3 (jumped 914.6mm). Ignoring.
[WARN] [1781244535.905481645] [coord_transform]: Outlier rejected #4 (jumped 830.2mm). Ignoring.
[INFO] [1781244535.938262086] [coord_transform]: Too many outliers (5). Resetting filter to new position.
[WARN] [1781244536.003355779] [coord_transform]: Outlier rejected #1 (jumped 831.0mm). Ignoring.
[WARN] [1781244536.038622629] [coord_transform]: Outlier rejected #2 (jumped 839.7mm). Ignoring.
[WARN] [1781244536.071645243] [coord_transform]: Outlier rejected #3 (jumped 837.5mm). Ignoring.
[WARN] [1781244536.105713549] [coord_transform]: Outlier rejected #4 (jumped 820.7mm). Ignoring.
[INFO] [1781244536.141543700] [coord_transform]: Too many outliers (5). Resetting filter to new position.
[WARN] [1781244536.371867949] [coord_transform]: Outlier rejected #1 (jumped 1003.5mm). Ignoring.
[WARN] [1781244536.403370400] [coord_transform]: Outlier rejected #2 (jumped 950.4mm). Ignoring.
[WARN] [1781244536.438031278] [coord_transform]: Outlier rejected #3 (jumped 898.7mm). Ignoring.
[WARN] [1781244536.472353448] [coord_transform]: Outlier rejected #4 (jumped 885.4mm). Ignoring.
[INFO] [1781244536.507385612] [coord_transform]: Too many outliers (5). Resetting filter to new position.
[WARN] [1781244549.946253462] [coord_transform]: Outlier rejected #1 (jumped 652.3mm). Ignoring.
[WARN] [1781244549.981260998] [coord_transform]: Outlier rejected #2 (jumped 753.0mm). Ignoring.
[WARN] [1781244550.547449108] [coord_transform]: Outlier rejected #1 (jumped 654.0mm). Ignoring.
[WARN] [1781244550.579357515] [coord_transform]: Outlier rejected #2 (jumped 621.6mm). Ignoring.
[WARN] [1781244550.647528876] [coord_transform]: Outlier rejected #1 (jumped 632.2mm). Ignoring.
[WARN] [1781244550.680636668] [coord_transform]: Outlier rejected #2 (jumped 656.5mm). Ignoring.
[WARN] [1781244550.714404941] [coord_transform]: Outlier rejected #3 (jumped 712.2mm). Ignoring.
[WARN] [1781244550.755878985] [coord_transform]: Outlier rejected #4 (jumped 556.4mm). Ignoring.
[INFO] [1781244550.783199445] [coord_transform]: Too many outliers (5). Resetting filter to new position.
[WARN] [1781244550.949303975] [coord_transform]: Outlier rejected #1 (jumped 704.0mm). Ignoring.
[WARN] [1781244550.984010521] [coord_transform]: Outlier rejected #2 (jumped 731.7mm). Ignoring.
[WARN] [1781244551.017531556] [coord_transform]: Outlier rejected #3 (jumped 758.8mm). Ignoring.
[WARN] [1781244551.051130200] [coord_transform]: Outlier rejected #4 (jumped 751.8mm). Ignoring.
[INFO] [1781244551.084301793] [coord_transform]: Too many outliers (5). Resetting filter to new position.
[WARN] [1781244554.056913607] [coord_transform]: Outlier rejected #1 (jumped 923.6mm). Ignoring.
[WARN] [1781244554.096345527] [coord_transform]: Outlier rejected #2 (jumped 918.5mm). Ignoring.
[WARN] [1781244554.143031500] [coord_transform]: Outlier rejected #3 (jumped 918.3mm). Ignoring.
[WARN] [1781244554.179921622] [coord_transform]: Outlier rejected #4 (jumped 913.0mm). Ignoring.
[INFO] [1781244554.210840837] [coord_transform]: Too many outliers (5). Resetting filter to new position.
[WARN] [1781244554.278335391] [coord_transform]: Outlier rejected #1 (jumped 927.4mm). Ignoring.
[WARN] [1781244554.314331064] [coord_transform]: Outlier rejected #2 (jumped 897.0mm). Ignoring.
[WARN] [1781244554.348799038] [coord_transform]: Outlier rejected #3 (jumped 912.2mm). Ignoring.
[WARN] [1781244554.382823950] [coord_transform]: Outlier rejected #4 (jumped 934.1mm). Ignoring.
[INFO] [1781244554.420322673] [coord_transform]: Too many outliers (5). Resetting filter to new position.
[WARN] [1781244562.423943578] [coord_transform]: Outlier rejected #1 (jumped 860.4mm). Ignoring.
[WARN] [1781244562.459700750] [coord_transform]: Outlier rejected #2 (jumped 878.4mm). Ignoring.
[WARN] [1781244562.494733747] [coord_transform]: Outlier rejected #3 (jumped 863.2mm). Ignoring.
[WARN] [1781244562.526588714] [coord_transform]: Outlier rejected #4 (jumped 878.4mm). Ignoring.
[INFO] [1781244562.558353617] [coord_transform]: Too many outliers (5). Resetting filter to new position.
[WARN] [1781244562.588895080] [coord_transform]: Outlier rejected #1 (jumped 858.4mm). Ignoring.
[WARN] [1781244562.688959137] [coord_transform]: Outlier rejected #1 (jumped 904.9mm). Ignoring.
[WARN] [1781244562.722903728] [coord_transform]: Outlier rejected #2 (jumped 867.4mm). Ignoring.
[WARN] [1781244562.821980692] [coord_transform]: Outlier rejected #1 (jumped 898.2mm). Ignoring.
[WARN] [1781244562.856292038] [coord_transform]: Outlier rejected #2 (jumped 912.6mm). Ignoring.
[WARN] [1781244562.890396480] [coord_transform]: Outlier rejected #3 (jumped 891.1mm). Ignoring.
[WARN] [1781244562.924905627] [coord_transform]: Outlier rejected #4 (jumped 905.9mm). Ignoring.
[INFO] [1781244562.964193860] [coord_transform]: Too many outliers (5). Resetting filter to new position.
[WARN] [1781244563.023215320] [coord_transform]: Outlier rejected #1 (jumped 927.8mm). Ignoring.
[WARN] [1781244563.065437071] [coord_transform]: Outlier rejected #2 (jumped 894.0mm). Ignoring.
[WARN] [1781244563.100008434] [coord_transform]: Outlier rejected #3 (jumped 895.6mm). Ignoring.
[WARN] [1781244563.129021703] [coord_transform]: Outlier rejected #4 (jumped 911.8mm). Ignoring.
[WARN] [1781244563.957031262] [coord_transform]: Outlier rejected #1 (jumped 884.9mm). Ignoring.
[WARN] [1781244564.026283274] [coord_transform]: Outlier rejected #1 (jumped 895.9mm). Ignoring.
[WARN] [1781244564.065756011] [coord_transform]: Outlier rejected #2 (jumped 890.6mm). Ignoring.
[WARN] [1781244564.103050984] [coord_transform]: Outlier rejected #3 (jumped 890.8mm). Ignoring.
[WARN] [1781244564.134800034] [coord_transform]: Outlier rejected #4 (jumped 893.4mm). Ignoring.
[WARN] [1781244564.312441175] [coord_transform]: Outlier rejected #1 (jumped 873.9mm). Ignoring.
[WARN] [1781244567.357708311] [coord_transform]: Outlier rejected #1 (jumped 921.8mm). Ignoring.
[WARN] [1781244567.424015733] [coord_transform]: Outlier rejected #1 (jumped 895.9mm). Ignoring.
[WARN] [1781244567.458326749] [coord_transform]: Outlier rejected #2 (jumped 900.9mm). Ignoring.
[WARN] [1781244567.524885771] [coord_transform]: Outlier rejected #1 (jumped 908.4mm). Ignoring.
[WARN] [1781244567.561726109] [coord_transform]: Outlier rejected #2 (jumped 932.5mm). Ignoring.
[WARN] [1781244567.625314359] [coord_transform]: Outlier rejected #1 (jumped 928.8mm). Ignoring.
[WARN] [1781244567.660913370] [coord_transform]: Outlier rejected #2 (jumped 923.9mm). Ignoring.
[WARN] [1781244568.092360539] [coord_transform]: Outlier rejected #1 (jumped 926.2mm). Ignoring.
[WARN] [1781244568.125520443] [coord_transform]: Outlier rejected #2 (jumped 907.0mm). Ignoring.
[WARN] [1781244568.161415356] [coord_transform]: Outlier rejected #3 (jumped 932.0mm). Ignoring.
[WARN] [1781244568.196085177] [coord_transform]: Outlier rejected #4 (jumped 941.6mm). Ignoring.
[INFO] [1781244568.230441924] [coord_transform]: Too many outliers (5). Resetting filter to new position.
[WARN] [1781244568.268457359] [coord_transform]: Outlier rejected #1 (jumped 167.8mm). Ignoring.
[WARN] [1781244568.425308697] [coord_transform]: Outlier rejected #1 (jumped 971.5mm). Ignoring.
[WARN] [1781244569.361096999] [coord_transform]: Outlier rejected #1 (jumped 1149.0mm). Ignoring.
[WARN] [1781244569.400019500] [coord_transform]: Outlier rejected #2 (jumped 1088.9mm). Ignoring.
[WARN] [1781244569.495187751] [coord_transform]: Outlier rejected #1 (jumped 1081.9mm). Ignoring.
[WARN] [1781244569.528168774] [coord_transform]: Outlier rejected #2 (jumped 947.7mm). Ignoring.
[WARN] [1781244569.697599191] [coord_transform]: Outlier rejected #1 (jumped 228.9mm). Ignoring.
[WARN] [1781244570.272776047] [coord_transform]: Outlier rejected #1 (jumped 1072.7mm). Ignoring.
[WARN] [1781244570.299131873] [coord_transform]: Outlier rejected #2 (jumped 1064.8mm). Ignoring.
[WARN] [1781244570.331675943] [coord_transform]: Outlier rejected #3 (jumped 1056.5mm). Ignoring.
[WARN] [1781244570.361348947] [coord_transform]: Outlier rejected #4 (jumped 1041.3mm). Ignoring.
[INFO] [1781244570.395164338] [coord_transform]: Too many outliers (5). Resetting filter to new position.
[WARN] [1781244575.499305228] [coord_transform]: Outlier rejected #1 (jumped 176.2mm). Ignoring.
[WARN] [1781244575.534124834] [coord_transform]: Outlier rejected #2 (jumped 181.8mm). Ignoring.
[WARN] [1781244575.565219873] [coord_transform]: Outlier rejected #3 (jumped 172.4mm). Ignoring.
[WARN] [1781244575.598672987] [coord_transform]: Outlier rejected #4 (jumped 175.8mm). Ignoring.
[INFO] [1781244575.631919943] [coord_transform]: Too many outliers (5). Resetting filter to new position.
[WARN] [1781244627.875613464] [coord_transform]: Outlier rejected #1 (jumped 264.1mm). Ignoring.
[WARN] [1781244627.903330645] [coord_transform]: Outlier rejected #2 (jumped 288.7mm). Ignoring.
[WARN] [1781244627.943423496] [coord_transform]: Outlier rejected #3 (jumped 306.7mm). Ignoring.
[WARN] [1781244627.970855527] [coord_transform]: Outlier rejected #4 (jumped 340.9mm). Ignoring.
[INFO] [1781244628.007949908] [coord_transform]: Too many outliers (5). Resetting filter to new position.
[WARN] [1781244628.238077962] [coord_transform]: Outlier rejected #1 (jumped 234.9mm). Ignoring.
[WARN] [1781244628.273896383] [coord_transform]: Outlier rejected #2 (jumped 496.3mm). Ignoring.
[WARN] [1781244628.439028435] [coord_transform]: Outlier rejected #1 (jumped 282.4mm). Ignoring.
[WARN] [1781244628.570527795] [coord_transform]: Outlier rejected #1 (jumped 251.5mm). Ignoring.
[WARN] [1781244628.609610496] [coord_transform]: Outlier rejected #2 (jumped 244.4mm). Ignoring.
[WARN] [1781244628.640359367] [coord_transform]: Outlier rejected #3 (jumped 253.4mm). Ignoring.
[WARN] [1781244628.808352543] [coord_transform]: Outlier rejected #1 (jumped 203.5mm). Ignoring.
[WARN] [1781244628.839239822] [coord_transform]: Outlier rejected #2 (jumped 218.7mm). Ignoring.
[WARN] [1781244628.870475400] [coord_transform]: Outlier rejected #3 (jumped 287.8mm). Ignoring.
[WARN] [1781244628.905671950] [coord_transform]: Outlier rejected #4 (jumped 270.2mm). Ignoring.
[INFO] [1781244628.941503730] [coord_transform]: Too many outliers (5). Resetting filter to new position.
[WARN] [1781244628.970922242] [coord_transform]: Outlier rejected #1 (jumped 176.4mm). Ignoring.
[WARN] [1781244629.006466406] [coord_transform]: Outlier rejected #2 (jumped 184.7mm). Ignoring.
[WARN] [1781244629.074908891] [coord_transform]: Outlier rejected #1 (jumped 172.8mm). Ignoring.
[WARN] [1781244629.153557063] [coord_transform]: Outlier rejected #2 (jumped 173.6mm). Ignoring.
[WARN] [1781244636.788953789] [coord_transform]: Outlier rejected #3 (jumped 408.5mm). Ignoring.
[WARN] [1781244636.817541324] [coord_transform]: Outlier rejected #4 (jumped 404.3mm). Ignoring.
[INFO] [1781244636.848186901] [coord_transform]: Too many outliers (5). Resetting filter to new position.
[WARN] [1781244650.756149881] [coord_transform]: Outlier rejected #1 (jumped 165.5mm). Ignoring.
[WARN] [1781244650.786122606] [coord_transform]: Outlier rejected #2 (jumped 151.5mm). Ignoring.
[WARN] [1781244650.820301914] [coord_transform]: Outlier rejected #3 (jumped 152.5mm). Ignoring.
[WARN] [1781244650.860563549] [coord_transform]: Outlier rejected #4 (jumped 153.9mm). Ignoring.
[INFO] [1781244650.887850506] [coord_transform]: Too many outliers (5). Resetting filter to new position.
[WARN] [1781244684.281371891] [coord_transform]: Outlier rejected #1 (jumped 641.9mm). Ignoring.
[WARN] [1781244684.310219004] [coord_transform]: Outlier rejected #2 (jumped 602.8mm). Ignoring.
[WARN] [1781244684.379718800] [coord_transform]: Outlier rejected #3 (jumped 401.6mm). Ignoring.
[WARN] [1781244684.418828447] [coord_transform]: Outlier rejected #4 (jumped 412.5mm). Ignoring.
[INFO] [1781244684.448448091] [coord_transform]: Too many outliers (5). Resetting filter to new position.
[WARN] [1781244684.545129898] [coord_transform]: Outlier rejected #1 (jumped 183.6mm). Ignoring.
[WARN] [1781244684.614722233] [coord_transform]: Outlier rejected #1 (jumped 231.9mm). Ignoring.
[WARN] [1781244684.649908846] [coord_transform]: Outlier rejected #2 (jumped 204.6mm). Ignoring.
[WARN] [1781244684.691739421] [coord_transform]: Outlier rejected #3 (jumped 225.0mm). Ignoring.
[WARN] [1781244684.724865160] [coord_transform]: Outlier rejected #4 (jumped 222.6mm). Ignoring.
[INFO] [1781244684.756416529] [coord_transform]: Too many outliers (5). Resetting filter to new position.
[WARN] [1781244684.811174699] [coord_transform]: Outlier rejected #1 (jumped 299.0mm). Ignoring.
[WARN] [1781244684.847397755] [coord_transform]: Outlier rejected #2 (jumped 425.9mm). Ignoring.
[WARN] [1781244684.879668482] [coord_transform]: Outlier rejected #3 (jumped 462.2mm). Ignoring.
[WARN] [1781244684.912137623] [coord_transform]: Outlier rejected #4 (jumped 411.8mm). Ignoring.
[INFO] [1781244684.944863886] [coord_transform]: Too many outliers (5). Resetting filter to new position.
[WARN] [1781244684.979523933] [coord_transform]: Outlier rejected #1 (jumped 277.4mm). Ignoring.
[WARN] [1781244685.014302210] [coord_transform]: Outlier rejected #2 (jumped 240.4mm). Ignoring.
[WARN] [1781244685.058005536] [coord_transform]: Outlier rejected #3 (jumped 192.5mm). Ignoring.
[WARN] [1781244685.086608554] [coord_transform]: Outlier rejected #4 (jumped 426.0mm). Ignoring.
[INFO] [1781244685.119905141] [coord_transform]: Too many outliers (5). Resetting filter to new position.
[WARN] [1781244685.225029447] [coord_transform]: Outlier rejected #1 (jumped 234.4mm). Ignoring.
[WARN] [1781244685.779802035] [coord_transform]: Outlier rejected #1 (jumped 161.2mm). Ignoring.
[WARN] [1781244685.882716285] [coord_transform]: Outlier rejected #1 (jumped 291.8mm). Ignoring.
[WARN] [1781244685.913078213] [coord_transform]: Outlier rejected #2 (jumped 382.5mm). Ignoring.
[WARN] [1781244686.017614349] [coord_transform]: Outlier rejected #3 (jumped 444.7mm). Ignoring.
[WARN] [1781244686.048610385] [coord_transform]: Outlier rejected #4 (jumped 457.8mm). Ignoring.
[INFO] [1781244686.080006069] [coord_transform]: Too many outliers (5). Resetting filter to new position.
[WARN] [1781244686.115509374] [coord_transform]: Outlier rejected #1 (jumped 213.2mm). Ignoring.
[WARN] [1781244686.212000187] [coord_transform]: Outlier rejected #1 (jumped 181.4mm). Ignoring.
[WARN] [1781244686.315535577] [coord_transform]: Outlier rejected #1 (jumped 209.0mm). Ignoring.
[WARN] [1781244686.347615064] [coord_transform]: Outlier rejected #2 (jumped 276.1mm). Ignoring.
[WARN] [1781244686.382825898] [coord_transform]: Outlier rejected #3 (jumped 277.8mm). Ignoring.
[WARN] [1781244686.418112718] [coord_transform]: Outlier rejected #4 (jumped 169.3mm). Ignoring.
[WARN] [1781244686.589091749] [coord_transform]: Outlier rejected #1 (jumped 372.7mm). Ignoring.
[WARN] [1781244686.655157651] [coord_transform]: Outlier rejected #2 (jumped 422.8mm). Ignoring.
[WARN] [1781244686.687005329] [coord_transform]: Outlier rejected #3 (jumped 487.3mm). Ignoring.
[WARN] [1781244686.716362140] [coord_transform]: Outlier rejected #4 (jumped 457.9mm). Ignoring.
[INFO] [1781244686.781126450] [coord_transform]: Too many outliers (5). Resetting filter to new position.
[WARN] [1781244686.882852596] [coord_transform]: Outlier rejected #1 (jumped 151.8mm). Ignoring.
[WARN] [1781244686.946526649] [coord_transform]: Outlier rejected #1 (jumped 640.1mm). Ignoring.
[WARN] [1781244686.980856925] [coord_transform]: Outlier rejected #2 (jumped 268.3mm). Ignoring.
[WARN] [1781244687.013905855] [coord_transform]: Outlier rejected #3 (jumped 593.0mm). Ignoring.
[WARN] [1781244687.246513161] [coord_transform]: Outlier rejected #1 (jumped 176.3mm). Ignoring.
[WARN] [1781244687.311484669] [coord_transform]: Outlier rejected #1 (jumped 551.0mm). Ignoring.
[WARN] [1781244687.525611390] [coord_transform]: Outlier rejected #1 (jumped 228.8mm). Ignoring.
[WARN] [1781244687.555038933] [coord_transform]: Outlier rejected #2 (jumped 153.9mm). Ignoring.
[WARN] [1781244687.682860952] [coord_transform]: Outlier rejected #1 (jumped 275.9mm). Ignoring.
[WARN] [1781244687.787599467] [coord_transform]: Outlier rejected #1 (jumped 233.9mm). Ignoring.
[WARN] [1781244687.879876296] [coord_transform]: Outlier rejected #1 (jumped 231.9mm). Ignoring.
[WARN] [1781244687.914021904] [coord_transform]: Outlier rejected #2 (jumped 225.9mm). Ignoring.
[WARN] [1781244687.951016234] [coord_transform]: Outlier rejected #3 (jumped 216.2mm). Ignoring.
[WARN] [1781244688.148623809] [coord_transform]: Outlier rejected #1 (jumped 250.8mm). Ignoring.
[WARN] [1781244688.179231115] [coord_transform]: Outlier rejected #2 (jumped 278.2mm). Ignoring.
[WARN] [1781244688.217458726] [coord_transform]: Outlier rejected #3 (jumped 319.8mm). Ignoring.
[WARN] [1781244688.251245366] [coord_transform]: Outlier rejected #4 (jumped 359.2mm). Ignoring.
[INFO] [1781244688.281245548] [coord_transform]: Too many outliers (5). Resetting filter to new position.
[WARN] [1781244689.295279664] [coord_transform]: Outlier rejected #1 (jumped 268.0mm). Ignoring.
[WARN] [1781244689.328389156] [coord_transform]: Outlier rejected #2 (jumped 329.7mm). Ignoring.
[WARN] [1781244689.361351221] [coord_transform]: Outlier rejected #3 (jumped 348.9mm). Ignoring.
[WARN] [1781244689.394210415] [coord_transform]: Outlier rejected #4 (jumped 389.9mm). Ignoring.
[INFO] [1781244689.427962105] [coord_transform]: Too many outliers (5). Resetting filter to new position.
[WARN] [1781244690.418307156] [coord_transform]: Outlier rejected #1 (jumped 236.8mm). Ignoring.
[WARN] [1781244690.448509034] [coord_transform]: Outlier rejected #2 (jumped 496.9mm). Ignoring.
[WARN] [1781244690.553113824] [coord_transform]: Outlier rejected #1 (jumped 152.9mm). Ignoring.
[WARN] [1781244690.619521431] [coord_transform]: Outlier rejected #1 (jumped 220.4mm). Ignoring.
[WARN] [1781244690.652165752] [coord_transform]: Outlier rejected #2 (jumped 154.1mm). Ignoring.
[WARN] [1781244690.684077220] [coord_transform]: Outlier rejected #3 (jumped 199.9mm). Ignoring.
[WARN] [1781244690.720447078] [coord_transform]: Outlier rejected #4 (jumped 195.1mm). Ignoring.
[WARN] [1781244691.424677161] [coord_transform]: Outlier rejected #1 (jumped 404.7mm). Ignoring.
[WARN] [1781244691.589528420] [coord_transform]: Outlier rejected #2 (jumped 432.3mm). Ignoring.
[WARN] [1781244691.686606531] [coord_transform]: Outlier rejected #1 (jumped 424.3mm). Ignoring.
[WARN] [1781244691.916460789] [coord_transform]: Outlier rejected #2 (jumped 206.9mm). Ignoring.
[WARN] [1781244691.951645437] [coord_transform]: Outlier rejected #3 (jumped 307.0mm). Ignoring.
[WARN] [1781244691.986289176] [coord_transform]: Outlier rejected #4 (jumped 350.6mm). Ignoring.
[INFO] [1781244692.016594774] [coord_transform]: Too many outliers (5). Resetting filter to new position.
[WARN] [1781244692.182059024] [coord_transform]: Outlier rejected #1 (jumped 377.0mm). Ignoring.
[WARN] [1781244692.220882328] [coord_transform]: Outlier rejected #2 (jumped 362.3mm). Ignoring.
[WARN] [1781244692.253609379] [coord_transform]: Outlier rejected #3 (jumped 334.5mm). Ignoring.
[WARN] [1781244692.285077517] [coord_transform]: Outlier rejected #4 (jumped 341.5mm). Ignoring.
[INFO] [1781244692.319730445] [coord_transform]: Too many outliers (5). Resetting filter to new position.
[WARN] [1781244701.259117960] [coord_transform]: Outlier rejected #1 (jumped 247.9mm). Ignoring.
[WARN] [1781244701.289575055] [coord_transform]: Outlier rejected #2 (jumped 229.4mm). Ignoring.
[WARN] [1781244701.322485465] [coord_transform]: Outlier rejected #3 (jumped 232.2mm). Ignoring.
[WARN] [1781244701.365095882] [coord_transform]: Outlier rejected #4 (jumped 230.5mm). Ignoring.
[INFO] [1781244701.395837010] [coord_transform]: Too many outliers (5). Resetting filter to new position.
[WARN] [1781244702.958730452] [coord_transform]: Outlier rejected #1 (jumped 192.0mm). Ignoring.
[WARN] [1781244702.998488946] [coord_transform]: Outlier rejected #2 (jumped 205.5mm). Ignoring.
[WARN] [1781244703.023970593] [coord_transform]: Outlier rejected #3 (jumped 208.9mm). Ignoring.
[WARN] [1781244703.059451392] [coord_transform]: Outlier rejected #4 (jumped 296.0mm). Ignoring.
[INFO] [1781244703.097450488] [coord_transform]: Too many outliers (5). Resetting filter to new position.
[WARN] [1781244703.124883238] [coord_transform]: Outlier rejected #1 (jumped 350.1mm). Ignoring.
[WARN] [1781244704.198867932] [coord_transform]: Outlier rejected #2 (jumped 442.2mm). Ignoring.
[WARN] [1781244705.600139016] [coord_transform]: Outlier rejected #3 (jumped 482.4mm). Ignoring.
[WARN] [1781244705.631323897] [coord_transform]: Outlier rejected #4 (jumped 482.5mm). Ignoring.
[INFO] [1781244705.661079931] [coord_transform]: Too many outliers (5). Resetting filter to new position.
[WARN] [1781244705.727043324] [coord_transform]: Outlier rejected #1 (jumped 543.7mm). Ignoring.
[WARN] [1781244705.761099945] [coord_transform]: Outlier rejected #2 (jumped 229.8mm). Ignoring.
[WARN] [1781244706.093162429] [coord_transform]: Outlier rejected #1 (jumped 219.4mm). Ignoring.
[WARN] [1781244706.228727063] [coord_transform]: Outlier rejected #2 (jumped 223.3mm). Ignoring.
[WARN] [1781244706.328721258] [coord_transform]: Outlier rejected #3 (jumped 266.5mm). Ignoring.
[WARN] [1781244706.362623967] [coord_transform]: Outlier rejected #4 (jumped 237.5mm). Ignoring.
[INFO] [1781244706.395250697] [coord_transform]: Too many outliers (5). Resetting filter to new position.
[WARN] [1781244706.459760116] [coord_transform]: Outlier rejected #1 (jumped 221.7mm). Ignoring.
[WARN] [1781244706.595764056] [coord_transform]: Outlier rejected #1 (jumped 219.4mm). Ignoring.
[WARN] [1781244706.629415043] [coord_transform]: Outlier rejected #2 (jumped 218.3mm). Ignoring.
[WARN] [1781244706.665410616] [coord_transform]: Outlier rejected #3 (jumped 219.7mm). Ignoring.
[WARN] [1781244706.703823437] [coord_transform]: Outlier rejected #4 (jumped 230.5mm). Ignoring.
[INFO] [1781244706.730102357] [coord_transform]: Too many outliers (5). Resetting filter to new position.
[WARN] [1781244709.529963530] [coord_transform]: Outlier rejected #1 (jumped 239.7mm). Ignoring.
[WARN] [1781244711.297693052] [coord_transform]: Outlier rejected #1 (jumped 182.6mm). Ignoring.
[WARN] [1781244711.500705516] [coord_transform]: Outlier rejected #1 (jumped 207.2mm). Ignoring.
[WARN] [1781244711.533688268] [coord_transform]: Outlier rejected #2 (jumped 207.5mm). Ignoring.
[WARN] [1781244711.563985739] [coord_transform]: Outlier rejected #3 (jumped 205.2mm). Ignoring.
[WARN] [1781244711.600066180] [coord_transform]: Outlier rejected #4 (jumped 223.6mm). Ignoring.
[INFO] [1781244711.633987575] [coord_transform]: Too many outliers (5). Resetting filter to new position.
[WARN] [1781244712.564924270] [coord_transform]: Outlier rejected #1 (jumped 335.2mm). Ignoring.
[WARN] [1781244712.599009114] [coord_transform]: Outlier rejected #2 (jumped 327.2mm). Ignoring.
[WARN] [1781244712.633911904] [coord_transform]: Outlier rejected #3 (jumped 316.8mm). Ignoring.
[WARN] [1781244712.665391342] [coord_transform]: Outlier rejected #4 (jumped 310.4mm). Ignoring.
[INFO] [1781244712.699490034] [coord_transform]: Too many outliers (5). Resetting filter to new position.
[WARN] [1781244712.801499468] [coord_transform]: Outlier rejected #1 (jumped 159.6mm). Ignoring.
[WARN] [1781244712.837331251] [coord_transform]: Outlier rejected #2 (jumped 151.7mm). Ignoring.
[WARN] [1781244712.899596525] [coord_transform]: Outlier rejected #1 (jumped 180.3mm). Ignoring.
[WARN] [1781244712.932980394] [coord_transform]: Outlier rejected #2 (jumped 204.3mm). Ignoring.
[WARN] [1781244712.966344865] [coord_transform]: Outlier rejected #3 (jumped 222.4mm). Ignoring.
[WARN] [1781244713.005292907] [coord_transform]: Outlier rejected #4 (jumped 200.0mm). Ignoring.
[INFO] [1781244713.033093819] [coord_transform]: Too many outliers (5). Resetting filter to new position.
[WARN] [1781244713.135468313] [coord_transform]: Outlier rejected #1 (jumped 257.9mm). Ignoring.
[WARN] [1781244713.168867071] [coord_transform]: Outlier rejected #2 (jumped 330.3mm). Ignoring.
[WARN] [1781244713.334040480] [coord_transform]: Outlier rejected #1 (jumped 339.5mm). Ignoring.
[WARN] [1781244713.369232594] [coord_transform]: Outlier rejected #2 (jumped 348.2mm). Ignoring.
[WARN] [1781244713.632842916] [coord_transform]: Outlier rejected #1 (jumped 318.2mm). Ignoring.
[WARN] [1781244713.699371593] [coord_transform]: Outlier rejected #1 (jumped 277.2mm). Ignoring.
[WARN] [1781244713.733526269] [coord_transform]: Outlier rejected #2 (jumped 254.8mm). Ignoring.
[WARN] [1781244714.006118715] [coord_transform]: Outlier rejected #1 (jumped 299.9mm). Ignoring.
[WARN] [1781244714.036910017] [coord_transform]: Outlier rejected #2 (jumped 174.1mm). Ignoring.
[WARN] [1781244714.069121637] [coord_transform]: Outlier rejected #3 (jumped 153.6mm). Ignoring.
[WARN] [1781244714.135323630] [coord_transform]: Outlier rejected #4 (jumped 266.9mm). Ignoring.
[INFO] [1781244714.175233465] [coord_transform]: Too many outliers (5). Resetting filter to new position.
[WARN] [1781244715.100374788] [coord_transform]: Outlier rejected #1 (jumped 285.6mm). Ignoring.
[WARN] [1781244715.134597009] [coord_transform]: Outlier rejected #2 (jumped 304.4mm). Ignoring.
[WARN] [1781244715.170600796] [coord_transform]: Outlier rejected #3 (jumped 298.1mm). Ignoring.
[WARN] [1781244715.846395241] [coord_transform]: Outlier rejected #1 (jumped 170.5mm). Ignoring.
[WARN] [1781244715.877022353] [coord_transform]: Outlier rejected #2 (jumped 157.7mm). Ignoring.
[WARN] [1781244715.905968719] [coord_transform]: Outlier rejected #3 (jumped 161.6mm). Ignoring.
[WARN] [1781244716.236638163] [coord_transform]: Outlier rejected #1 (jumped 175.0mm). Ignoring.
[WARN] [1781244716.268404037] [coord_transform]: Outlier rejected #2 (jumped 167.3mm). Ignoring.
[WARN] [1781244716.302407438] [coord_transform]: Outlier rejected #3 (jumped 168.3mm). Ignoring.
[WARN] [1781244716.337420164] [coord_transform]: Outlier rejected #4 (jumped 150.3mm). Ignoring.
[INFO] [1781244716.499502334] [coord_transform]: Too many outliers (5). Resetting filter to new position.
[WARN] [1781244716.602103906] [coord_transform]: Outlier rejected #1 (jumped 234.5mm). Ignoring.
[WARN] [1781244716.642099017] [coord_transform]: Outlier rejected #2 (jumped 193.1mm). Ignoring.
[WARN] [1781244716.671510245] [coord_transform]: Outlier rejected #3 (jumped 223.4mm). Ignoring.
[WARN] [1781244716.704126749] [coord_transform]: Outlier rejected #4 (jumped 245.4mm). Ignoring.
[INFO] [1781244716.738666764] [coord_transform]: Too many outliers (5). Resetting filter to new position.
[WARN] [1781244716.868038514] [coord_transform]: Outlier rejected #1 (jumped 257.0mm). Ignoring.
[WARN] [1781244716.902845655] [coord_transform]: Outlier rejected #2 (jumped 242.4mm). Ignoring.
[WARN] [1781244716.937456464] [coord_transform]: Outlier rejected #3 (jumped 237.9mm). Ignoring.
[WARN] [1781244716.972092147] [coord_transform]: Outlier rejected #4 (jumped 235.5mm). Ignoring.
[INFO] [1781244717.069674407] [coord_transform]: Too many outliers (5). Resetting filter to new position.
[WARN] [1781244717.637513503] [coord_transform]: Outlier rejected #1 (jumped 236.9mm). Ignoring.
[WARN] [1781244717.736296059] [coord_transform]: Outlier rejected #2 (jumped 646.6mm). Ignoring.
[WARN] [1781244724.072310675] [coord_transform]: Outlier rejected #3 (jumped 287.7mm). Ignoring.
[WARN] [1781244724.113315159] [coord_transform]: Outlier rejected #4 (jumped 302.5mm). Ignoring.
[INFO] [1781244724.149465254] [coord_transform]: Too many outliers (5). Resetting filter to new position.
[WARN] [1781244728.650813735] [coord_transform]: Outlier rejected #1 (jumped 852.2mm). Ignoring.
[WARN] [1781244728.676611922] [coord_transform]: Outlier rejected #2 (jumped 845.3mm). Ignoring.
[WARN] [1781244728.711191419] [coord_transform]: Outlier rejected #3 (jumped 829.0mm). Ignoring.
[WARN] [1781244732.982492019] [coord_transform]: Outlier rejected #4 (jumped 192.2mm). Ignoring.
[INFO] [1781244733.016904423] [coord_transform]: Too many outliers (5). Resetting filter to new position.
[WARN] [1781244734.447521099] [coord_transform]: Outlier rejected #1 (jumped 196.7mm). Ignoring.
[WARN] [1781244734.514496490] [coord_transform]: Outlier rejected #2 (jumped 209.0mm). Ignoring.
[WARN] [1781244734.583477624] [coord_transform]: Outlier rejected #3 (jumped 237.5mm). Ignoring.
[WARN] [1781244734.859198835] [coord_transform]: Outlier rejected #1 (jumped 662.1mm). Ignoring.
[WARN] [1781244734.894616185] [coord_transform]: Outlier rejected #2 (jumped 676.3mm). Ignoring.
[WARN] [1781244734.939035170] [coord_transform]: Outlier rejected #3 (jumped 673.2mm). Ignoring.
[WARN] [1781244734.974381112] [coord_transform]: Outlier rejected #4 (jumped 661.2mm). Ignoring.
[INFO] [1781244735.011057677] [coord_transform]: Too many outliers (5). Resetting filter to new position.
[WARN] [1781244735.348280630] [coord_transform]: Outlier rejected #1 (jumped 461.8mm). Ignoring.
[WARN] [1781244735.381569590] [coord_transform]: Outlier rejected #2 (jumped 453.9mm). Ignoring.
[WARN] [1781244735.416086251] [coord_transform]: Outlier rejected #3 (jumped 504.0mm). Ignoring.
[WARN] [1781244735.452207926] [coord_transform]: Outlier rejected #4 (jumped 513.5mm). Ignoring.
[INFO] [1781244735.488179584] [coord_transform]: Too many outliers (5). Resetting filter to new position.
[WARN] [1781244735.947262747] [coord_transform]: Outlier rejected #1 (jumped 483.7mm). Ignoring.
[WARN] [1781244735.984309717] [coord_transform]: Outlier rejected #2 (jumped 482.8mm). Ignoring.
[WARN] [1781244736.015375045] [coord_transform]: Outlier rejected #3 (jumped 386.1mm). Ignoring.
[WARN] [1781244736.049457544] [coord_transform]: Outlier rejected #4 (jumped 494.0mm). Ignoring.
[INFO] [1781244736.081868764] [coord_transform]: Too many outliers (5). Resetting filter to new position.
[WARN] [1781244736.748132218] [coord_transform]: Outlier rejected #1 (jumped 161.2mm). Ignoring.
[WARN] [1781244736.919049864] [coord_transform]: Outlier rejected #1 (jumped 375.4mm). Ignoring.
[WARN] [1781244736.948532307] [coord_transform]: Outlier rejected #2 (jumped 253.3mm). Ignoring.
[WARN] [1781244754.396596684] [coord_transform]: Outlier rejected #1 (jumped 352.9mm). Ignoring.
[WARN] [1781244754.429347512] [coord_transform]: Outlier rejected #2 (jumped 336.3mm). Ignoring.
[WARN] [1781244754.464730645] [coord_transform]: Outlier rejected #3 (jumped 329.9mm). Ignoring.
[WARN] [1781244754.496912314] [coord_transform]: Outlier rejected #4 (jumped 288.9mm). Ignoring.
[INFO] [1781244754.531924396] [coord_transform]: Too many outliers (5). Resetting filter to new position.
[WARN] [1781244754.664364318] [coord_transform]: Outlier rejected #1 (jumped 392.2mm). Ignoring.
[WARN] [1781244754.696156107] [coord_transform]: Outlier rejected #2 (jumped 399.1mm). Ignoring.
[WARN] [1781244754.731007354] [coord_transform]: Outlier rejected #3 (jumped 395.1mm). Ignoring.
[WARN] [1781244754.766369240] [coord_transform]: Outlier rejected #4 (jumped 392.5mm). Ignoring.
[INFO] [1781244754.798833375] [coord_transform]: Too many outliers (5). Resetting filter to new position.
[WARN] [1781244761.766007860] [coord_transform]: Outlier rejected #1 (jumped 924.5mm). Ignoring.
[WARN] [1781244762.577344860] [coord_transform]: Outlier rejected #1 (jumped 891.5mm). Ignoring.
[WARN] [1781244764.034815973] [coord_transform]: Outlier rejected #1 (jumped 454.1mm). Ignoring.
[WARN] [1781244764.079725361] [coord_transform]: Outlier rejected #2 (jumped 444.5mm). Ignoring.
[WARN] [1781244764.113180874] [coord_transform]: Outlier rejected #3 (jumped 469.8mm). Ignoring.
[WARN] [1781244764.141231240] [coord_transform]: Outlier rejected #4 (jumped 464.5mm). Ignoring.
[INFO] [1781244764.172196165] [coord_transform]: Too many outliers (5). Resetting filter to new position.
[WARN] [1781244764.279919556] [coord_transform]: Outlier rejected #1 (jumped 575.2mm). Ignoring.
[WARN] [1781244764.305376479] [coord_transform]: Outlier rejected #2 (jumped 570.3mm). Ignoring.
[WARN] [1781244764.337349038] [coord_transform]: Outlier rejected #3 (jumped 566.5mm). Ignoring.
[WARN] [1781244764.370540219] [coord_transform]: Outlier rejected #4 (jumped 575.8mm). Ignoring.
[INFO] [1781244764.405367544] [coord_transform]: Too many outliers (5). Resetting filter to new position.
[WARN] [1781244765.056610552] [coord_transform]: Outlier rejected #1 (jumped 829.6mm). Ignoring.
[WARN] [1781244765.090532132] [coord_transform]: Outlier rejected #2 (jumped 808.2mm). Ignoring.
[WARN] [1781244765.128647531] [coord_transform]: Outlier rejected #3 (jumped 738.7mm). Ignoring.
[WARN] [1781244765.159392685] [coord_transform]: Outlier rejected #4 (jumped 840.8mm). Ignoring.
[INFO] [1781244765.191851424] [coord_transform]: Too many outliers (5). Resetting filter to new position.
[WARN] [1781244765.251755226] [coord_transform]: Outlier rejected #1 (jumped 823.1mm). Ignoring.
[WARN] [1781244765.284409194] [coord_transform]: Outlier rejected #2 (jumped 842.1mm). Ignoring.
[WARN] [1781244765.328007172] [coord_transform]: Outlier rejected #3 (jumped 717.1mm). Ignoring.
[WARN] [1781244765.365761137] [coord_transform]: Outlier rejected #4 (jumped 847.3mm). Ignoring.
[INFO] [1781244765.393266433] [coord_transform]: Too many outliers (5). Resetting filter to new position.
[WARN] [1781244774.647617509] [coord_transform]: Outlier rejected #1 (jumped 596.6mm). Ignoring.
[WARN] [1781244774.954213690] [coord_transform]: Outlier rejected #1 (jumped 222.7mm). Ignoring.
[WARN] [1781244774.978698992] [coord_transform]: Outlier rejected #2 (jumped 299.3mm). Ignoring.
[WARN] [1781244775.011206005] [coord_transform]: Outlier rejected #3 (jumped 260.4mm). Ignoring.
[WARN] [1781244775.055123600] [coord_transform]: Outlier rejected #4 (jumped 283.2mm). Ignoring.
[INFO] [1781244775.096022813] [coord_transform]: Too many outliers (5). Resetting filter to new position.
[WARN] [1781244775.127806930] [coord_transform]: Outlier rejected #1 (jumped 157.4mm). Ignoring.
[WARN] [1781244775.159545717] [coord_transform]: Outlier rejected #2 (jumped 176.9mm). Ignoring.
[WARN] [1781244775.216146766] [coord_transform]: Outlier rejected #3 (jumped 237.4mm). Ignoring.
[WARN] [1781244775.309860869] [coord_transform]: Outlier rejected #1 (jumped 177.0mm). Ignoring.
[WARN] [1781244775.343185426] [coord_transform]: Outlier rejected #2 (jumped 207.6mm). Ignoring.
[WARN] [1781244775.377236543] [coord_transform]: Outlier rejected #3 (jumped 178.6mm). Ignoring.
[WARN] [1781244775.409186297] [coord_transform]: Outlier rejected #4 (jumped 184.7mm). Ignoring.
[INFO] [1781244775.446954285] [coord_transform]: Too many outliers (5). Resetting filter to new position.
[WARN] [1781244776.144927618] [coord_transform]: Outlier rejected #1 (jumped 633.7mm). Ignoring.
[WARN] [1781244776.186003410] [coord_transform]: Outlier rejected #2 (jumped 629.1mm). Ignoring.
[WARN] [1781244776.213452603] [coord_transform]: Outlier rejected #3 (jumped 603.7mm). Ignoring.
[WARN] [1781244776.247832461] [coord_transform]: Outlier rejected #4 (jumped 551.7mm). Ignoring.
[INFO] [1781244776.286079386] [coord_transform]: Too many outliers (5). Resetting filter to new position.
[WARN] [1781244776.377232699] [coord_transform]: Outlier rejected #1 (jumped 530.9mm). Ignoring.
[WARN] [1781244776.413795760] [coord_transform]: Outlier rejected #2 (jumped 527.4mm). Ignoring.
[WARN] [1781244776.490103272] [coord_transform]: Outlier rejected #1 (jumped 663.9mm). Ignoring.
[WARN] [1781244776.515563823] [coord_transform]: Outlier rejected #2 (jumped 656.7mm). Ignoring.
[WARN] [1781244776.548644015] [coord_transform]: Outlier rejected #3 (jumped 651.2mm). Ignoring.
[WARN] [1781244776.579116711] [coord_transform]: Outlier rejected #4 (jumped 652.4mm). Ignoring.
[WARN] [1781244776.720889773] [coord_transform]: Outlier rejected #1 (jumped 612.8mm). Ignoring.
[WARN] [1781244776.820152341] [coord_transform]: Outlier rejected #1 (jumped 594.9mm). Ignoring.
[WARN] [1781244776.949101459] [coord_transform]: Outlier rejected #1 (jumped 559.0mm). Ignoring.
[WARN] [1781244777.012767826] [coord_transform]: Outlier rejected #1 (jumped 545.0mm). Ignoring.
[WARN] [1781244777.048301364] [coord_transform]: Outlier rejected #2 (jumped 551.1mm). Ignoring.
[WARN] [1781244777.152083226] [coord_transform]: Outlier rejected #1 (jumped 613.3mm). Ignoring.
[WARN] [1781244777.177918709] [coord_transform]: Outlier rejected #2 (jumped 605.6mm). Ignoring.
[WARN] [1781244777.213624055] [coord_transform]: Outlier rejected #3 (jumped 159.5mm). Ignoring.
[WARN] [1781244777.614530492] [coord_transform]: Outlier rejected #1 (jumped 619.6mm). Ignoring.
[WARN] [1781244777.646394532] [coord_transform]: Outlier rejected #2 (jumped 614.9mm). Ignoring.
[WARN] [1781244777.682120336] [coord_transform]: Outlier rejected #3 (jumped 601.0mm). Ignoring.
[WARN] [1781244777.722997542] [coord_transform]: Outlier rejected #4 (jumped 624.6mm). Ignoring.
[WARN] [1781244777.951779488] [coord_transform]: Outlier rejected #1 (jumped 555.1mm). Ignoring.
[WARN] [1781244777.980374587] [coord_transform]: Outlier rejected #2 (jumped 535.8mm). Ignoring.
[WARN] [1781244778.015705405] [coord_transform]: Outlier rejected #3 (jumped 539.5mm). Ignoring.
[WARN] [1781244778.049158170] [coord_transform]: Outlier rejected #4 (jumped 548.8mm). Ignoring.
[WARN] [1781244778.114382264] [coord_transform]: Outlier rejected #1 (jumped 607.5mm). Ignoring.
[WARN] [1781244778.150543889] [coord_transform]: Outlier rejected #2 (jumped 574.8mm). Ignoring.
[WARN] [1781244778.184143864] [coord_transform]: Outlier rejected #3 (jumped 587.7mm). Ignoring.
[WARN] [1781244778.214879933] [coord_transform]: Outlier rejected #4 (jumped 580.4mm). Ignoring.
[INFO] [1781244778.250824383] [coord_transform]: Too many outliers (5). Resetting filter to new position.
[WARN] [1781244779.948745836] [coord_transform]: Outlier rejected #1 (jumped 187.9mm). Ignoring.
[WARN] [1781244781.817285969] [coord_transform]: Outlier rejected #1 (jumped 379.6mm). Ignoring.
[WARN] [1781244781.849418611] [coord_transform]: Outlier rejected #2 (jumped 433.6mm). Ignoring.
[WARN] [1781244781.887267938] [coord_transform]: Outlier rejected #3 (jumped 405.9mm). Ignoring.
[WARN] [1781244781.922355758] [coord_transform]: Outlier rejected #4 (jumped 403.0mm). Ignoring.
[INFO] [1781244781.951854283] [coord_transform]: Too many outliers (5). Resetting filter to new position.
[WARN] [1781244791.756567872] [coord_transform]: Outlier rejected #1 (jumped 441.6mm). Ignoring.
[WARN] [1781244792.355007685] [coord_transform]: Outlier rejected #1 (jumped 629.9mm). Ignoring.
[WARN] [1781244792.391472698] [coord_transform]: Outlier rejected #2 (jumped 661.9mm). Ignoring.
[WARN] [1781244792.431390696] [coord_transform]: Outlier rejected #3 (jumped 623.1mm). Ignoring.
[WARN] [1781244792.464200620] [coord_transform]: Outlier rejected #4 (jumped 636.7mm). Ignoring.
[INFO] [1781244792.499154078] [coord_transform]: Too many outliers (5). Resetting filter to new position.
[WARN] [1781244792.589119698] [coord_transform]: Outlier rejected #1 (jumped 810.2mm). Ignoring.
[WARN] [1781244792.622549221] [coord_transform]: Outlier rejected #2 (jumped 812.3mm). Ignoring.
[WARN] [1781244792.658593104] [coord_transform]: Outlier rejected #3 (jumped 812.1mm). Ignoring.
[WARN] [1781244792.691879403] [coord_transform]: Outlier rejected #4 (jumped 821.2mm). Ignoring.
[INFO] [1781244792.723725783] [coord_transform]: Too many outliers (5). Resetting filter to new position.
[WARN] [1781244793.873297429] [coord_transform]: Outlier rejected #1 (jumped 679.4mm). Ignoring.
[WARN] [1781244794.890560224] [coord_transform]: Outlier rejected #1 (jumped 179.0mm). Ignoring.
[WARN] [1781244798.100312572] [coord_transform]: Outlier rejected #1 (jumped 604.3mm). Ignoring.
[WARN] [1781244798.126048759] [coord_transform]: Outlier rejected #2 (jumped 522.9mm). Ignoring.
[WARN] [1781244798.162077222] [coord_transform]: Outlier rejected #3 (jumped 596.4mm). Ignoring.
[WARN] [1781244798.194702490] [coord_transform]: Outlier rejected #4 (jumped 611.2mm). Ignoring.
[WARN] [1781244798.470638857] [coord_transform]: Outlier rejected #1 (jumped 516.3mm). Ignoring.
[WARN] [1781244798.565890627] [coord_transform]: Outlier rejected #1 (jumped 492.8mm). Ignoring.
[WARN] [1781244798.603510037] [coord_transform]: Outlier rejected #2 (jumped 563.5mm). Ignoring.
[WARN] [1781244798.642919826] [coord_transform]: Outlier rejected #3 (jumped 566.8mm). Ignoring.
[WARN] [1781244798.669654726] [coord_transform]: Outlier rejected #4 (jumped 472.1mm). Ignoring.
[INFO] [1781244798.697280706] [coord_transform]: Too many outliers (5). Resetting filter to new position.
[WARN] [1781244798.731222265] [coord_transform]: Outlier rejected #1 (jumped 550.9mm). Ignoring.
[WARN] [1781244798.763823842] [coord_transform]: Outlier rejected #2 (jumped 568.1mm). Ignoring.
[WARN] [1781244799.167505264] [coord_transform]: Outlier rejected #1 (jumped 222.5mm). Ignoring.
[WARN] [1781244799.278886073] [coord_transform]: Outlier rejected #1 (jumped 558.1mm). Ignoring.
[WARN] [1781244799.312181102] [coord_transform]: Outlier rejected #2 (jumped 449.9mm). Ignoring.
[WARN] [1781244799.344982944] [coord_transform]: Outlier rejected #3 (jumped 443.6mm). Ignoring.
[WARN] [1781244799.380172272] [coord_transform]: Outlier rejected #4 (jumped 450.7mm). Ignoring.
[INFO] [1781244799.415080379] [coord_transform]: Too many outliers (5). Resetting filter to new position.
[WARN] [1781244801.962299646] [coord_transform]: Outlier rejected #1 (jumped 371.1mm). Ignoring.
[WARN] [1781244801.999494732] [coord_transform]: Outlier rejected #2 (jumped 357.8mm). Ignoring.
[WARN] [1781244802.035237076] [coord_transform]: Outlier rejected #3 (jumped 370.1mm). Ignoring.
[WARN] [1781244802.073518835] [coord_transform]: Outlier rejected #4 (jumped 367.3mm). Ignoring.
[INFO] [1781244802.106350044] [coord_transform]: Too many outliers (5). Resetting filter to new position.
[WARN] [1781244802.711997937] [coord_transform]: Outlier rejected #1 (jumped 409.6mm). Ignoring.
[WARN] [1781244802.744602868] [coord_transform]: Outlier rejected #2 (jumped 402.2mm). Ignoring.
[WARN] [1781244803.472691338] [coord_transform]: Outlier rejected #1 (jumped 481.9mm). Ignoring.
[WARN] [1781244803.526665036] [coord_transform]: Outlier rejected #2 (jumped 393.1mm). Ignoring.
[WARN] [1781244803.562475268] [coord_transform]: Outlier rejected #3 (jumped 411.6mm). Ignoring.
[WARN] [1781244803.598968910] [coord_transform]: Outlier rejected #4 (jumped 432.6mm). Ignoring.
[INFO] [1781244803.633392687] [coord_transform]: Too many outliers (5). Resetting filter to new position.
[WARN] [1781244807.005213324] [coord_transform]: Outlier rejected #1 (jumped 492.3mm). Ignoring.
[WARN] [1781244807.045139559] [coord_transform]: Outlier rejected #2 (jumped 481.9mm). Ignoring.
[WARN] [1781244807.077772751] [coord_transform]: Outlier rejected #3 (jumped 489.6mm). Ignoring.
[WARN] [1781244807.114694251] [coord_transform]: Outlier rejected #4 (jumped 486.4mm). Ignoring.
[INFO] [1781244807.148486237] [coord_transform]: Too many outliers (5). Resetting filter to new position.
[WARN] [1781244808.236941873] [coord_transform]: Outlier rejected #1 (jumped 487.8mm). Ignoring.
[WARN] [1781244812.336583897] [coord_transform]: Outlier rejected #1 (jumped 175.2mm). Ignoring.
[WARN] [1781244812.511691340] [coord_transform]: Outlier rejected #1 (jumped 454.1mm). Ignoring.
[WARN] [1781244812.543611551] [coord_transform]: Outlier rejected #2 (jumped 428.5mm). Ignoring.
[WARN] [1781244812.587099425] [coord_transform]: Outlier rejected #3 (jumped 433.1mm). Ignoring.
[WARN] [1781244812.623788111] [coord_transform]: Outlier rejected #4 (jumped 455.8mm). Ignoring.
[INFO] [1781244812.651016397] [coord_transform]: Too many outliers (5). Resetting filter to new position.
[WARN] [1781244813.103736269] [coord_transform]: Outlier rejected #1 (jumped 262.5mm). Ignoring.
[WARN] [1781244813.138468702] [coord_transform]: Outlier rejected #2 (jumped 276.9mm). Ignoring.
[WARN] [1781244813.178183846] [coord_transform]: Outlier rejected #3 (jumped 314.6mm). Ignoring.
[WARN] [1781244813.206113854] [coord_transform]: Outlier rejected #4 (jumped 443.9mm). Ignoring.
[INFO] [1781244813.239427807] [coord_transform]: Too many outliers (5). Resetting filter to new position.
[WARN] [1781244814.339907909] [coord_transform]: Outlier rejected #1 (jumped 460.3mm). Ignoring.
[WARN] [1781244814.377228719] [coord_transform]: Outlier rejected #2 (jumped 454.2mm). Ignoring.
[WARN] [1781244814.414027955] [coord_transform]: Outlier rejected #3 (jumped 433.4mm). Ignoring.
[WARN] [1781244815.873037933] [coord_transform]: Outlier rejected #1 (jumped 417.2mm). Ignoring.
[WARN] [1781244815.939564086] [coord_transform]: Outlier rejected #1 (jumped 310.7mm). Ignoring.
[WARN] [1781244815.974640320] [coord_transform]: Outlier rejected #2 (jumped 299.0mm). Ignoring.
[WARN] [1781244816.039418793] [coord_transform]: Outlier rejected #1 (jumped 373.6mm). Ignoring.
[WARN] [1781244816.075797273] [coord_transform]: Outlier rejected #2 (jumped 291.5mm). Ignoring.
[WARN] [1781244816.284260582] [coord_transform]: Outlier rejected #1 (jumped 317.5mm). Ignoring.
[WARN] [1781244816.610121570] [coord_transform]: Outlier rejected #1 (jumped 371.5mm). Ignoring.
[WARN] [1781244816.640456022] [coord_transform]: Outlier rejected #2 (jumped 363.8mm). Ignoring.
[WARN] [1781244816.674782828] [coord_transform]: Outlier rejected #3 (jumped 388.1mm). Ignoring.
[WARN] [1781244816.717795691] [coord_transform]: Outlier rejected #4 (jumped 358.9mm). Ignoring.
[INFO] [1781244816.760386687] [coord_transform]: Too many outliers (5). Resetting filter to new position.
[WARN] [1781244817.006465690] [coord_transform]: Outlier rejected #1 (jumped 339.3mm). Ignoring.
[WARN] [1781244817.050834582] [coord_transform]: Outlier rejected #2 (jumped 306.5mm). Ignoring.
[WARN] [1781244817.078610588] [coord_transform]: Outlier rejected #3 (jumped 316.3mm). Ignoring.
[WARN] [1781244817.107743845] [coord_transform]: Outlier rejected #4 (jumped 312.7mm). Ignoring.
[INFO] [1781244817.140817240] [coord_transform]: Too many outliers (5). Resetting filter to new position.
[WARN] [1781244817.646627644] [coord_transform]: Outlier rejected #1 (jumped 221.7mm). Ignoring.
[WARN] [1781244817.675705095] [coord_transform]: Outlier rejected #2 (jumped 230.1mm). Ignoring.
[WARN] [1781244817.712795001] [coord_transform]: Outlier rejected #3 (jumped 242.8mm). Ignoring.
[WARN] [1781244817.743448345] [coord_transform]: Outlier rejected #4 (jumped 240.5mm). Ignoring.
[WARN] [1781244818.041916159] [coord_transform]: Outlier rejected #1 (jumped 401.5mm). Ignoring.
[WARN] [1781244818.076768768] [coord_transform]: Outlier rejected #2 (jumped 401.6mm). Ignoring.
[WARN] [1781244818.115689704] [coord_transform]: Outlier rejected #3 (jumped 401.8mm). Ignoring.
[WARN] [1781244818.149835382] [coord_transform]: Outlier rejected #4 (jumped 418.5mm). Ignoring.
[INFO] [1781244818.186060394] [coord_transform]: Too many outliers (5). Resetting filter to new position.
[WARN] [1781244818.976454590] [coord_transform]: Outlier rejected #1 (jumped 429.1mm). Ignoring.
[WARN] [1781244819.011435733] [coord_transform]: Outlier rejected #2 (jumped 434.9mm). Ignoring.
[WARN] [1781244819.045930552] [coord_transform]: Outlier rejected #3 (jumped 430.1mm). Ignoring.
[WARN] [1781244819.078106539] [coord_transform]: Outlier rejected #4 (jumped 440.9mm). Ignoring.
[INFO] [1781244819.109833839] [coord_transform]: Too many outliers (5). Resetting filter to new position.
[WARN] [1781244819.248647895] [coord_transform]: Outlier rejected #1 (jumped 437.8mm). Ignoring.
[WARN] [1781244819.277220220] [coord_transform]: Outlier rejected #2 (jumped 454.0mm). Ignoring.
[WARN] [1781244819.316553637] [coord_transform]: Outlier rejected #3 (jumped 448.3mm). Ignoring.
[WARN] [1781244819.352018239] [coord_transform]: Outlier rejected #4 (jumped 449.2mm). Ignoring.
[WARN] [1781244819.538612694] [coord_transform]: Outlier rejected #1 (jumped 413.4mm). Ignoring.
[WARN] [1781244819.688764296] [coord_transform]: Outlier rejected #1 (jumped 397.8mm). Ignoring.
[WARN] [1781244819.722363371] [coord_transform]: Outlier rejected #2 (jumped 395.6mm). Ignoring.
[WARN] [1781244820.000486522] [coord_transform]: Outlier rejected #1 (jumped 416.7mm). Ignoring.
[WARN] [1781244820.099732612] [coord_transform]: Outlier rejected #1 (jumped 409.1mm). Ignoring.
[WARN] [1781244820.134061286] [coord_transform]: Outlier rejected #2 (jumped 417.4mm). Ignoring.
[WARN] [1781244820.161060533] [coord_transform]: Outlier rejected #3 (jumped 421.1mm). Ignoring.
[WARN] [1781244820.188633458] [coord_transform]: Outlier rejected #4 (jumped 413.6mm). Ignoring.
[INFO] [1781244820.217070171] [coord_transform]: Too many outliers (5). Resetting filter to new position.
[WARN] [1781244820.249814994] [coord_transform]: Outlier rejected #1 (jumped 448.1mm). Ignoring.
[WARN] [1781244820.314698079] [coord_transform]: Outlier rejected #1 (jumped 452.1mm). Ignoring.
[WARN] [1781244820.351266279] [coord_transform]: Outlier rejected #2 (jumped 429.1mm). Ignoring.
[WARN] [1781244821.747552327] [coord_transform]: Outlier rejected #1 (jumped 457.7mm). Ignoring.
[WARN] [1781244822.811107747] [coord_transform]: Outlier rejected #1 (jumped 819.3mm). Ignoring.
[WARN] [1781244822.848166012] [coord_transform]: Outlier rejected #2 (jumped 793.2mm). Ignoring.
[WARN] [1781244822.886619011] [coord_transform]: Outlier rejected #3 (jumped 861.4mm). Ignoring.
[WARN] [1781244822.915083661] [coord_transform]: Outlier rejected #4 (jumped 963.2mm). Ignoring.
[INFO] [1781244822.948916781] [coord_transform]: Too many outliers (5). Resetting filter to new position.
[WARN] [1781244823.480084548] [coord_transform]: Outlier rejected #1 (jumped 1130.0mm). Ignoring.
[WARN] [1781244823.521032275] [coord_transform]: Outlier rejected #2 (jumped 1125.8mm). Ignoring.
[WARN] [1781244823.584952100] [coord_transform]: Outlier rejected #1 (jumped 1133.9mm). Ignoring.
[WARN] [1781244823.613295897] [coord_transform]: Outlier rejected #2 (jumped 1128.9mm). Ignoring.
[WARN] [1781244823.660942081] [coord_transform]: Outlier rejected #3 (jumped 1130.5mm). Ignoring.
[WARN] [1781244823.689547522] [coord_transform]: Outlier rejected #4 (jumped 1142.0mm). Ignoring.
[INFO] [1781244823.717357348] [coord_transform]: Too many outliers (5). Resetting filter to new position.
[WARN] [1781244826.246688408] [coord_transform]: Outlier rejected #1 (jumped 1163.1mm). Ignoring.
[WARN] [1781244826.280128006] [coord_transform]: Outlier rejected #2 (jumped 1163.4mm). Ignoring.
[WARN] [1781244826.318811501] [coord_transform]: Outlier rejected #3 (jumped 955.5mm). Ignoring.
[WARN] [1781244826.350617490] [coord_transform]: Outlier rejected #4 (jumped 956.1mm). Ignoring.
[INFO] [1781244826.382524791] [coord_transform]: Too many outliers (5). Resetting filter to new position.
[WARN] [1781244826.647547482] [coord_transform]: Outlier rejected #1 (jumped 1129.4mm). Ignoring.
[WARN] [1781244826.681893010] [coord_transform]: Outlier rejected #2 (jumped 1133.8mm). Ignoring.
[WARN] [1781244826.715954780] [coord_transform]: Outlier rejected #3 (jumped 1130.6mm). Ignoring.
[WARN] [1781244826.756004411] [coord_transform]: Outlier rejected #4 (jumped 1130.2mm). Ignoring.
[INFO] [1781244826.791137902] [coord_transform]: Too many outliers (5). Resetting filter to new position.
[WARN] [1781244828.350597924] [coord_transform]: Outlier rejected #1 (jumped 1041.1mm). Ignoring.
[WARN] [1781244828.384266749] [coord_transform]: Outlier rejected #2 (jumped 1084.6mm). Ignoring.
[WARN] [1781244828.748579283] [coord_transform]: Outlier rejected #1 (jumped 1112.5mm). Ignoring.
[WARN] [1781244836.663410818] [coord_transform]: Outlier rejected #1 (jumped 1012.1mm). Ignoring.
[WARN] [1781244839.903606701] [coord_transform]: Outlier rejected #1 (jumped 169.3mm). Ignoring.
[WARN] [1781244839.941536344] [coord_transform]: Outlier rejected #2 (jumped 184.9mm). Ignoring.
[WARN] [1781244839.978854095] [coord_transform]: Outlier rejected #3 (jumped 215.2mm). Ignoring.
[WARN] [1781244840.008844302] [coord_transform]: Outlier rejected #4 (jumped 213.2mm). Ignoring.
[INFO] [1781244840.040925805] [coord_transform]: Too many outliers (5). Resetting filter to new position.
[WARN] [1781244842.026947914] [coord_transform]: Outlier rejected #1 (jumped 657.9mm). Ignoring.
[WARN] [1781244842.062409457] [coord_transform]: Outlier rejected #2 (jumped 653.2mm). Ignoring.
[WARN] [1781244842.098127590] [coord_transform]: Outlier rejected #3 (jumped 639.1mm). Ignoring.
[WARN] [1781244842.128202794] [coord_transform]: Outlier rejected #4 (jumped 640.0mm). Ignoring.
[INFO] [1781244842.161215670] [coord_transform]: Too many outliers (5). Resetting filter to new position.
[WARN] [1781244842.695123122] [coord_transform]: Outlier rejected #1 (jumped 163.8mm). Ignoring.
[WARN] [1781244842.726573501] [coord_transform]: Outlier rejected #2 (jumped 236.7mm). Ignoring.
[WARN] [1781244842.764563623] [coord_transform]: Outlier rejected #3 (jumped 245.7mm). Ignoring.
[WARN] [1781244842.796185192] [coord_transform]: Outlier rejected #4 (jumped 251.6mm). Ignoring.
[WARN] [1781244857.136955850] [coord_transform]: Outlier rejected #1 (jumped 415.5mm). Ignoring.
[WARN] [1781244857.216318644] [coord_transform]: Outlier rejected #2 (jumped 205.1mm). Ignoring.
[WARN] [1781244857.304311834] [coord_transform]: Outlier rejected #1 (jumped 361.0mm). Ignoring.
[WARN] [1781244857.337584873] [coord_transform]: Outlier rejected #2 (jumped 385.9mm). Ignoring.
[WARN] [1781244857.473774275] [coord_transform]: Outlier rejected #1 (jumped 357.3mm). Ignoring.
[WARN] [1781244857.504692655] [coord_transform]: Outlier rejected #2 (jumped 429.6mm). Ignoring.
[WARN] [1781244857.539099448] [coord_transform]: Outlier rejected #3 (jumped 402.4mm). Ignoring.
[WARN] [1781244857.571140374] [coord_transform]: Outlier rejected #4 (jumped 399.4mm). Ignoring.
[INFO] [1781244857.605894049] [coord_transform]: Too many outliers (5). Resetting filter to new position.
[WARN] [1781244857.777911673] [coord_transform]: Outlier rejected #1 (jumped 482.5mm). Ignoring.
[WARN] [1781244857.937496465] [coord_transform]: Outlier rejected #1 (jumped 422.6mm). Ignoring.
[WARN] [1781244858.004013105] [coord_transform]: Outlier rejected #2 (jumped 355.2mm). Ignoring.
[WARN] [1781244858.038430291] [coord_transform]: Outlier rejected #3 (jumped 355.1mm). Ignoring.
[WARN] [1781244858.074413073] [coord_transform]: Outlier rejected #4 (jumped 466.7mm). Ignoring.
[INFO] [1781244858.111687871] [coord_transform]: Too many outliers (5). Resetting filter to new position.
[WARN] [1781244858.205636271] [coord_transform]: Outlier rejected #1 (jumped 636.0mm). Ignoring.
[WARN] [1781244858.239292604] [coord_transform]: Outlier rejected #2 (jumped 787.6mm). Ignoring.
[WARN] [1781244858.271820140] [coord_transform]: Outlier rejected #3 (jumped 175.6mm). Ignoring.
[WARN] [1781244858.307094600] [coord_transform]: Outlier rejected #4 (jumped 614.9mm). Ignoring.
[WARN] [1781244868.877353778] [coord_transform]: Outlier rejected #1 (jumped 164.9mm). Ignoring.
[WARN] [1781244868.925229803] [coord_transform]: Outlier rejected #2 (jumped 170.1mm). Ignoring.
[WARN] [1781244892.962365101] [coord_transform]: Outlier rejected #1 (jumped 155.8mm). Ignoring.
[WARN] [1781244904.704964545] [coord_transform]: Outlier rejected #1 (jumped 157.5mm). Ignoring.
[WARN] [1781244904.740599340] [coord_transform]: Outlier rejected #2 (jumped 154.4mm). Ignoring.
[WARN] [1781244904.875996797] [coord_transform]: Outlier rejected #1 (jumped 178.9mm). Ignoring.
[WARN] [1781244904.905013829] [coord_transform]: Outlier rejected #2 (jumped 151.4mm). Ignoring.
[WARN] [1781244907.611007032] [coord_transform]: Outlier rejected #1 (jumped 180.1mm). Ignoring.
[WARN] [1781244907.645522358] [coord_transform]: Outlier rejected #2 (jumped 191.4mm). Ignoring.
[WARN] [1781244907.678294567] [coord_transform]: Outlier rejected #3 (jumped 183.2mm). Ignoring.
[WARN] [1781244907.708555145] [coord_transform]: Outlier rejected #4 (jumped 194.6mm). Ignoring.
[INFO] [1781244907.742255521] [coord_transform]: Too many outliers (5). Resetting filter to new position.
[WARN] [1781244909.932458168] [coord_transform]: Outlier rejected #1 (jumped 852.9mm). Ignoring.
[WARN] [1781244909.962518507] [coord_transform]: Outlier rejected #2 (jumped 865.1mm). Ignoring.
[WARN] [1781244910.002907176] [coord_transform]: Outlier rejected #3 (jumped 876.5mm). Ignoring.
[WARN] [1781244910.031147183] [coord_transform]: Outlier rejected #4 (jumped 865.1mm). Ignoring.
[INFO] [1781244910.060969145] [coord_transform]: Too many outliers (5). Resetting filter to new position.
[WARN] [1781244997.637845978] [coord_transform]: Outlier rejected #1 (jumped 463.4mm). Ignoring.
[WARN] [1781244997.671301403] [coord_transform]: Outlier rejected #2 (jumped 465.8mm). Ignoring.
[WARN] [1781244997.708985443] [coord_transform]: Outlier rejected #3 (jumped 473.6mm). Ignoring.
[WARN] [1781244997.740526406] [coord_transform]: Outlier rejected #4 (jumped 487.5mm). Ignoring.
[INFO] [1781244997.774769836] [coord_transform]: Too many outliers (5). Resetting filter to new position.
[WARN] [1781245004.147158348] [coord_transform]: Outlier rejected #1 (jumped 362.7mm). Ignoring.
[WARN] [1781245004.181190481] [coord_transform]: Outlier rejected #2 (jumped 341.9mm). Ignoring.
[WARN] [1781245004.219123098] [coord_transform]: Outlier rejected #3 (jumped 361.9mm). Ignoring.
[WARN] [1781245004.250835190] [coord_transform]: Outlier rejected #4 (jumped 384.9mm). Ignoring.
[INFO] [1781245004.283003379] [coord_transform]: Too many outliers (5). Resetting filter to new position.
[WARN] [1781245005.176691211] [coord_transform]: Outlier rejected #1 (jumped 151.8mm). Ignoring.
[WARN] [1781245006.817680834] [coord_transform]: Outlier rejected #1 (jumped 282.5mm). Ignoring.
[WARN] [1781245006.849546735] [coord_transform]: Outlier rejected #2 (jumped 293.3mm). Ignoring.
[WARN] [1781245006.884555849] [coord_transform]: Outlier rejected #3 (jumped 288.5mm). Ignoring.
[WARN] [1781245006.918129076] [coord_transform]: Outlier rejected #4 (jumped 272.2mm). Ignoring.
[INFO] [1781245006.946375833] [coord_transform]: Too many outliers (5). Resetting filter to new position.
[WARN] [1781245007.651941076] [coord_transform]: Outlier rejected #1 (jumped 730.7mm). Ignoring.
[WARN] [1781245007.687387134] [coord_transform]: Outlier rejected #2 (jumped 733.9mm). Ignoring.
[WARN] [1781245007.717900325] [coord_transform]: Outlier rejected #3 (jumped 753.2mm). Ignoring.
[WARN] [1781245007.742956996] [coord_transform]: Outlier rejected #4 (jumped 830.7mm). Ignoring.
[INFO] [1781245007.774997106] [coord_transform]: Too many outliers (5). Resetting filter to new position.
[WARN] [1781245009.518584700] [coord_transform]: Outlier rejected #1 (jumped 763.6mm). Ignoring.
[WARN] [1781245009.550765877] [coord_transform]: Outlier rejected #2 (jumped 760.2mm). Ignoring.
[WARN] [1781245009.586742094] [coord_transform]: Outlier rejected #3 (jumped 754.3mm). Ignoring.
[WARN] [1781245009.618185312] [coord_transform]: Outlier rejected #4 (jumped 746.3mm). Ignoring.
[INFO] [1781245009.652396078] [coord_transform]: Too many outliers (5). Resetting filter to new position.
[WARN] [1781245011.982633818] [coord_transform]: Outlier rejected #1 (jumped 230.9mm). Ignoring.
[WARN] [1781245012.218498844] [coord_transform]: Outlier rejected #2 (jumped 736.3mm). Ignoring.
[WARN] [1781245012.253488135] [coord_transform]: Outlier rejected #3 (jumped 719.0mm). Ignoring.
[WARN] [1781245012.290465961] [coord_transform]: Outlier rejected #4 (jumped 709.9mm). Ignoring.
[INFO] [1781245012.323802409] [coord_transform]: Too many outliers (5). Resetting filter to new position.
[WARN] [1781245012.615816457] [coord_transform]: Outlier rejected #1 (jumped 420.3mm). Ignoring.
[WARN] [1781245012.691513168] [coord_transform]: Outlier rejected #1 (jumped 171.0mm). Ignoring.
[WARN] [1781245012.888176128] [coord_transform]: Outlier rejected #2 (jumped 156.7mm). Ignoring.
[WARN] [1781245012.916749788] [coord_transform]: Outlier rejected #3 (jumped 191.0mm). Ignoring.
[WARN] [1781245012.950588418] [coord_transform]: Outlier rejected #4 (jumped 163.4mm). Ignoring.
[INFO] [1781245012.985582952] [coord_transform]: Too many outliers (5). Resetting filter to new position.
[WARN] [1781245014.057820950] [coord_transform]: Outlier rejected #1 (jumped 992.9mm). Ignoring.
[WARN] [1781245014.088977049] [coord_transform]: Outlier rejected #2 (jumped 999.6mm). Ignoring.
[WARN] [1781245014.724081204] [coord_transform]: Outlier rejected #3 (jumped 981.8mm). Ignoring.
[WARN] [1781245014.751380448] [coord_transform]: Outlier rejected #4 (jumped 990.2mm). Ignoring.
[INFO] [1781245014.787093525] [coord_transform]: Too many outliers (5). Resetting filter to new position.
[WARN] [1781245016.762800434] [coord_transform]: Outlier rejected #1 (jumped 966.8mm). Ignoring.
[WARN] [1781245016.787780917] [coord_transform]: Outlier rejected #2 (jumped 1094.3mm). Ignoring.
[WARN] [1781245016.821370651] [coord_transform]: Outlier rejected #3 (jumped 1043.5mm). Ignoring.
[WARN] [1781245016.855374848] [coord_transform]: Outlier rejected #4 (jumped 1046.3mm). Ignoring.
[INFO] [1781245016.888248860] [coord_transform]: Too many outliers (5). Resetting filter to new position.
[WARN] [1781245023.323038323] [coord_transform]: Outlier rejected #1 (jumped 808.2mm). Ignoring.
[WARN] [1781245023.357347233] [coord_transform]: Outlier rejected #2 (jumped 781.6mm). Ignoring.
[WARN] [1781245023.393273486] [coord_transform]: Outlier rejected #3 (jumped 790.9mm). Ignoring.
[WARN] [1781245023.427025287] [coord_transform]: Outlier rejected #4 (jumped 777.2mm). Ignoring.
[INFO] [1781245023.466594610] [coord_transform]: Too many outliers (5). Resetting filter to new position.
[WARN] [1781245023.770432255] [coord_transform]: Outlier rejected #1 (jumped 392.3mm). Ignoring.
[WARN] [1781245023.797686667] [coord_transform]: Outlier rejected #2 (jumped 391.3mm). Ignoring.
[WARN] [1781245023.830399179] [coord_transform]: Outlier rejected #3 (jumped 411.0mm). Ignoring.
[WARN] [1781245023.868398202] [coord_transform]: Outlier rejected #4 (jumped 431.9mm). Ignoring.
[INFO] [1781245023.896382097] [coord_transform]: Too many outliers (5). Resetting filter to new position.
[WARN] [1781245028.397357241] [coord_transform]: Outlier rejected #1 (jumped 788.9mm). Ignoring.
[WARN] [1781245028.427806385] [coord_transform]: Outlier rejected #2 (jumped 785.0mm). Ignoring.
[WARN] [1781245028.464296721] [coord_transform]: Outlier rejected #3 (jumped 760.1mm). Ignoring.
[WARN] [1781245028.496326568] [coord_transform]: Outlier rejected #4 (jumped 765.0mm). Ignoring.
[INFO] [1781245028.529622977] [coord_transform]: Too many outliers (5). Resetting filter to new position.
[WARN] [1781245029.432422179] [coord_transform]: Outlier rejected #1 (jumped 1067.8mm). Ignoring.
[WARN] [1781245029.468768328] [coord_transform]: Outlier rejected #2 (jumped 1078.7mm). Ignoring.
[WARN] [1781245029.502126953] [coord_transform]: Outlier rejected #3 (jumped 1084.5mm). Ignoring.
[WARN] [1781245030.578401073] [coord_transform]: Outlier rejected #4 (jumped 1197.3mm). Ignoring.
[INFO] [1781245030.603138533] [coord_transform]: Too many outliers (5). Resetting filter to new position.
[WARN] [1781245033.265145274] [coord_transform]: Outlier rejected #1 (jumped 745.0mm). Ignoring.
[WARN] [1781245033.304779363] [coord_transform]: Outlier rejected #2 (jumped 733.3mm). Ignoring.
[WARN] [1781245033.332549064] [coord_transform]: Outlier rejected #3 (jumped 745.2mm). Ignoring.
[WARN] [1781245033.365914668] [coord_transform]: Outlier rejected #4 (jumped 763.0mm). Ignoring.
[INFO] [1781245033.398037169] [coord_transform]: Too many outliers (5). Resetting filter to new position.
[WARN] [1781245034.677772797] [coord_transform]: Outlier rejected #1 (jumped 236.6mm). Ignoring.
[WARN] [1781245034.718293131] [coord_transform]: Outlier rejected #2 (jumped 156.2mm). Ignoring.
[WARN] [1781245034.824091001] [coord_transform]: Outlier rejected #1 (jumped 294.7mm). Ignoring.
[WARN] [1781245034.858948616] [coord_transform]: Outlier rejected #2 (jumped 288.5mm). Ignoring.
[WARN] [1781245034.930284191] [coord_transform]: Outlier rejected #3 (jumped 242.8mm). Ignoring.
[WARN] [1781245036.539984310] [coord_transform]: Outlier rejected #1 (jumped 181.1mm). Ignoring.
[WARN] [1781245036.570726938] [coord_transform]: Outlier rejected #2 (jumped 184.6mm). Ignoring.
[WARN] [1781245036.601914300] [coord_transform]: Outlier rejected #3 (jumped 167.0mm). Ignoring.
[WARN] [1781245036.941685234] [coord_transform]: Outlier rejected #4 (jumped 193.0mm). Ignoring.
[WARN] [1781245037.507900718] [coord_transform]: Outlier rejected #1 (jumped 258.0mm). Ignoring.
[WARN] [1781245037.543667921] [coord_transform]: Outlier rejected #2 (jumped 269.5mm). Ignoring.
[WARN] [1781245037.569564462] [coord_transform]: Outlier rejected #3 (jumped 288.9mm). Ignoring.
[WARN] [1781245037.603658896] [coord_transform]: Outlier rejected #4 (jumped 278.1mm). Ignoring.
[INFO] [1781245037.640761556] [coord_transform]: Too many outliers (5). Resetting filter to new position.
[WARN] [1781245038.569241954] [coord_transform]: Outlier rejected #1 (jumped 364.7mm). Ignoring.
[WARN] [1781245038.606846398] [coord_transform]: Outlier rejected #2 (jumped 370.3mm). Ignoring.
[WARN] [1781245038.640200020] [coord_transform]: Outlier rejected #3 (jumped 372.1mm). Ignoring.
[WARN] [1781245040.270418023] [coord_transform]: Outlier rejected #1 (jumped 237.4mm). Ignoring.
[WARN] [1781245040.305078658] [coord_transform]: Outlier rejected #2 (jumped 267.5mm). Ignoring.
[WARN] [1781245040.337776468] [coord_transform]: Outlier rejected #3 (jumped 275.7mm). Ignoring.
[WARN] [1781245040.372632518] [coord_transform]: Outlier rejected #4 (jumped 272.1mm). Ignoring.
[INFO] [1781245040.403538258] [coord_transform]: Too many outliers (5). Resetting filter to new position.
[WARN] [1781245051.122776756] [coord_transform]: Outlier rejected #1 (jumped 312.0mm). Ignoring.
[WARN] [1781245051.498320528] [coord_transform]: Outlier rejected #1 (jumped 155.8mm). Ignoring.
[WARN] [1781245051.523788495] [coord_transform]: Outlier rejected #2 (jumped 187.8mm). Ignoring.
[WARN] [1781245051.552919961] [coord_transform]: Outlier rejected #3 (jumped 172.0mm). Ignoring.
[WARN] [1781245051.587825536] [coord_transform]: Outlier rejected #4 (jumped 160.1mm). Ignoring.
[INFO] [1781245051.614755887] [coord_transform]: Too many outliers (5). Resetting filter to new position.
[WARN] [1781245053.032913174] [coord_transform]: Outlier rejected #1 (jumped 167.7mm). Ignoring.
[WARN] [1781245053.063478190] [coord_transform]: Outlier rejected #2 (jumped 151.0mm). Ignoring.
[WARN] [1781245053.157318741] [coord_transform]: Outlier rejected #1 (jumped 332.4mm). Ignoring.
[WARN] [1781245053.354711488] [coord_transform]: Outlier rejected #1 (jumped 181.2mm). Ignoring.
[WARN] [1781245053.380355886] [coord_transform]: Outlier rejected #2 (jumped 172.4mm). Ignoring.
[WARN] [1781245053.414240346] [coord_transform]: Outlier rejected #3 (jumped 184.4mm). Ignoring.
[WARN] [1781245053.449103998] [coord_transform]: Outlier rejected #4 (jumped 178.6mm). Ignoring.
[INFO] [1781245053.490241370] [coord_transform]: Too many outliers (5). Resetting filter to new position.
[WARN] [1781245054.747369481] [coord_transform]: Outlier rejected #1 (jumped 156.1mm). Ignoring.
[WARN] [1781245054.848945499] [coord_transform]: Outlier rejected #1 (jumped 266.6mm). Ignoring.
[WARN] [1781245054.884596561] [coord_transform]: Outlier rejected #2 (jumped 282.7mm). Ignoring.
[WARN] [1781245054.917933323] [coord_transform]: Outlier rejected #3 (jumped 266.8mm). Ignoring.
[WARN] [1781245054.954145209] [coord_transform]: Outlier rejected #4 (jumped 251.2mm). Ignoring.
[INFO] [1781245054.987990080] [coord_transform]: Too many outliers (5). Resetting filter to new position.
[WARN] [1781245055.576579543] [coord_transform]: Outlier rejected #1 (jumped 827.2mm). Ignoring.
[WARN] [1781245055.606114518] [coord_transform]: Outlier rejected #2 (jumped 1647.8mm). Ignoring.
[WARN] [1781245055.631486817] [coord_transform]: Outlier rejected #3 (jumped 618.6mm). Ignoring.
[WARN] [1781245055.657157537] [coord_transform]: Outlier rejected #4 (jumped 621.3mm). Ignoring.
[INFO] [1781245055.688082216] [coord_transform]: Too many outliers (5). Resetting filter to new position.
[WARN] [1781245055.815539696] [coord_transform]: Outlier rejected #1 (jumped 738.8mm). Ignoring.
[WARN] [1781245055.919982453] [coord_transform]: Outlier rejected #1 (jumped 791.4mm). Ignoring.
[WARN] [1781245056.181460942] [coord_transform]: Outlier rejected #1 (jumped 871.8mm). Ignoring.
[WARN] [1781245056.215081395] [coord_transform]: Outlier rejected #2 (jumped 861.4mm). Ignoring.
[WARN] [1781245056.258586536] [coord_transform]: Outlier rejected #3 (jumped 873.2mm). Ignoring.
[WARN] [1781245056.306882182] [coord_transform]: Outlier rejected #4 (jumped 832.8mm). Ignoring.
[INFO] [1781245056.334545888] [coord_transform]: Too many outliers (5). Resetting filter to new position.
[WARN] [1781245057.281378124] [coord_transform]: Outlier rejected #1 (jumped 1251.6mm). Ignoring.
[WARN] [1781245057.335947897] [coord_transform]: Outlier rejected #2 (jumped 1144.2mm). Ignoring.
[WARN] [1781245057.459287226] [coord_transform]: Outlier rejected #1 (jumped 576.9mm). Ignoring.
[WARN] [1781245057.484816120] [coord_transform]: Outlier rejected #2 (jumped 568.2mm). Ignoring.
[WARN] [1781245057.516476755] [coord_transform]: Outlier rejected #3 (jumped 540.4mm). Ignoring.
[WARN] [1781245057.556508313] [coord_transform]: Outlier rejected #4 (jumped 532.6mm). Ignoring.
[WARN] [1781245058.066804270] [coord_transform]: Outlier rejected #1 (jumped 458.5mm). Ignoring.
[WARN] [1781245058.092262371] [coord_transform]: Outlier rejected #2 (jumped 455.1mm). Ignoring.
[WARN] [1781245058.118943123] [coord_transform]: Outlier rejected #3 (jumped 458.5mm). Ignoring.
[WARN] [1781245058.154157229] [coord_transform]: Outlier rejected #4 (jumped 452.2mm). Ignoring.
[INFO] [1781245058.191574643] [coord_transform]: Too many outliers (5). Resetting filter to new position.
[WARN] [1781245068.890260283] [coord_transform]: Outlier rejected #1 (jumped 311.3mm). Ignoring.
[WARN] [1781245068.925017305] [coord_transform]: Outlier rejected #2 (jumped 264.8mm). Ignoring.
[WARN] [1781245069.057817474] [coord_transform]: Outlier rejected #1 (jumped 218.4mm). Ignoring.
[WARN] [1781245069.091365495] [coord_transform]: Outlier rejected #2 (jumped 235.1mm). Ignoring.
[WARN] [1781245069.126149572] [coord_transform]: Outlier rejected #3 (jumped 233.6mm). Ignoring.
[WARN] [1781245069.161619915] [coord_transform]: Outlier rejected #4 (jumped 226.4mm). Ignoring.
[INFO] [1781245069.191236580] [coord_transform]: Too many outliers (5). Resetting filter to new position.
[WARN] [1781245085.803523804] [coord_transform]: Outlier rejected #1 (jumped 1042.9mm). Ignoring.
[WARN] [1781245085.841356699] [coord_transform]: Outlier rejected #2 (jumped 1121.2mm). Ignoring.
[WARN] [1781245086.609139218] [coord_transform]: Outlier rejected #1 (jumped 1495.6mm). Ignoring.
[WARN] [1781245086.639192077] [coord_transform]: Outlier rejected #2 (jumped 1760.1mm). Ignoring.
[WARN] [1781245087.305818947] [coord_transform]: Outlier rejected #1 (jumped 253.8mm). Ignoring.
[WARN] [1781245087.339953934] [coord_transform]: Outlier rejected #2 (jumped 232.7mm). Ignoring.
[WARN] [1781245087.373065328] [coord_transform]: Outlier rejected #3 (jumped 196.1mm). Ignoring.
[WARN] [1781245095.447447700] [coord_transform]: Outlier rejected #1 (jumped 1157.0mm). Ignoring.
[WARN] [1781245095.492833681] [coord_transform]: Outlier rejected #2 (jumped 1133.7mm). Ignoring.
[WARN] [1781245095.590935157] [coord_transform]: Outlier rejected #3 (jumped 285.3mm). Ignoring.
[WARN] [1781245095.623281903] [coord_transform]: Outlier rejected #4 (jumped 320.4mm). Ignoring.
[INFO] [1781245095.654944181] [coord_transform]: Too many outliers (5). Resetting filter to new position.
[WARN] [1781245096.076680872] [coord_transform]: Outlier rejected #1 (jumped 200.7mm). Ignoring.
[WARN] [1781245096.111702063] [coord_transform]: Outlier rejected #2 (jumped 264.5mm). Ignoring.
[WARN] [1781245096.146946841] [coord_transform]: Outlier rejected #3 (jumped 292.5mm). Ignoring.
[WARN] [1781245096.178419664] [coord_transform]: Outlier rejected #4 (jumped 283.9mm). Ignoring.
[INFO] [1781245096.213427804] [coord_transform]: Too many outliers (5). Resetting filter to new position.
[WARN] [1781245096.644293831] [coord_transform]: Outlier rejected #1 (jumped 1256.9mm). Ignoring.
[WARN] [1781245096.678154173] [coord_transform]: Outlier rejected #2 (jumped 1239.0mm). Ignoring.
[WARN] [1781245096.714389459] [coord_transform]: Outlier rejected #3 (jumped 1276.5mm). Ignoring.
[WARN] [1781245096.945476847] [coord_transform]: Outlier rejected #1 (jumped 199.3mm). Ignoring.
[WARN] [1781245096.977828225] [coord_transform]: Outlier rejected #2 (jumped 165.0mm). Ignoring.
[WARN] [1781245097.388985020] [coord_transform]: Outlier rejected #1 (jumped 150.5mm). Ignoring.
[WARN] [1781245097.958419716] [coord_transform]: Outlier rejected #1 (jumped 150.7mm). Ignoring.
[WARN] [1781245097.983383817] [coord_transform]: Outlier rejected #2 (jumped 153.7mm). Ignoring.
[WARN] [1781245098.113226695] [coord_transform]: Outlier rejected #1 (jumped 1216.4mm). Ignoring.
[WARN] [1781245098.152382274] [coord_transform]: Outlier rejected #2 (jumped 1245.6mm). Ignoring.
[WARN] [1781245098.192770097] [coord_transform]: Outlier rejected #3 (jumped 1206.6mm). Ignoring.
[WARN] [1781245098.220121606] [coord_transform]: Outlier rejected #4 (jumped 1159.2mm). Ignoring.
[INFO] [1781245098.248133386] [coord_transform]: Too many outliers (5). Resetting filter to new position.
[WARN] [1781245098.277590995] [coord_transform]: Outlier rejected #1 (jumped 1156.2mm). Ignoring.
[WARN] [1781245098.312670269] [coord_transform]: Outlier rejected #2 (jumped 1139.2mm). Ignoring.
[WARN] [1781245098.446976592] [coord_transform]: Outlier rejected #1 (jumped 168.7mm). Ignoring.
[WARN] [1781245098.481850316] [coord_transform]: Outlier rejected #2 (jumped 160.2mm). Ignoring.
[WARN] [1781245098.812663355] [coord_transform]: Outlier rejected #1 (jumped 1066.6mm). Ignoring.
[WARN] [1781245098.912891894] [coord_transform]: Outlier rejected #1 (jumped 1067.2mm). Ignoring.
[WARN] [1781245098.981028746] [coord_transform]: Outlier rejected #1 (jumped 1025.9mm). Ignoring.
[WARN] [1781245099.015446057] [coord_transform]: Outlier rejected #2 (jumped 1062.5mm). Ignoring.
[WARN] [1781245099.050793452] [coord_transform]: Outlier rejected #3 (jumped 1102.8mm). Ignoring.
[WARN] [1781245099.085818023] [coord_transform]: Outlier rejected #4 (jumped 1139.7mm). Ignoring.
[INFO] [1781245099.120995600] [coord_transform]: Too many outliers (5). Resetting filter to new position.
[WARN] [1781245100.010725429] [coord_transform]: Outlier rejected #1 (jumped 578.9mm). Ignoring.
[WARN] [1781245100.041041038] [coord_transform]: Outlier rejected #2 (jumped 682.0mm). Ignoring.
[WARN] [1781245100.068077408] [coord_transform]: Outlier rejected #3 (jumped 697.2mm). Ignoring.
[WARN] [1781245100.346300781] [coord_transform]: Outlier rejected #4 (jumped 802.0mm). Ignoring.
[INFO] [1781245100.389219857] [coord_transform]: Too many outliers (5). Resetting filter to new position.
[WARN] [1781245100.451224109] [coord_transform]: Outlier rejected #1 (jumped 244.7mm). Ignoring.
[WARN] [1781245100.550638590] [coord_transform]: Outlier rejected #2 (jumped 338.5mm). Ignoring.
[WARN] [1781245100.583709052] [coord_transform]: Outlier rejected #3 (jumped 309.1mm). Ignoring.
[WARN] [1781245100.620344915] [coord_transform]: Outlier rejected #4 (jumped 300.8mm). Ignoring.
[INFO] [1781245100.652722251] [coord_transform]: Too many outliers (5). Resetting filter to new position.
[WARN] [1781245116.899420459] [coord_transform]: Outlier rejected #1 (jumped 364.3mm). Ignoring.
[WARN] [1781245116.933585328] [coord_transform]: Outlier rejected #2 (jumped 361.3mm). Ignoring.
[WARN] [1781245116.958502039] [coord_transform]: Outlier rejected #3 (jumped 360.0mm). Ignoring.
[WARN] [1781245116.992921002] [coord_transform]: Outlier rejected #4 (jumped 359.1mm). Ignoring.
[INFO] [1781245117.024940072] [coord_transform]: Too many outliers (5). Resetting filter to new position.
[WARN] [1781245140.590450386] [coord_transform]: Outlier rejected #1 (jumped 633.4mm). Ignoring.
[WARN] [1781245140.615281226] [coord_transform]: Outlier rejected #2 (jumped 643.4mm). Ignoring.
[WARN] [1781245140.645465237] [coord_transform]: Outlier rejected #3 (jumped 650.7mm). Ignoring.
[WARN] [1781245140.679865849] [coord_transform]: Outlier rejected #4 (jumped 659.1mm). Ignoring.
[INFO] [1781245140.712309580] [coord_transform]: Too many outliers (5). Resetting filter to new position.
[WARN] [1781245146.246264744] [coord_transform]: Outlier rejected #1 (jumped 209.5mm). Ignoring.
[WARN] [1781245146.282255468] [coord_transform]: Outlier rejected #2 (jumped 193.4mm). Ignoring.
[WARN] [1781245146.314080405] [coord_transform]: Outlier rejected #3 (jumped 203.1mm). Ignoring.
[WARN] [1781245146.350234365] [coord_transform]: Outlier rejected #4 (jumped 213.1mm). Ignoring.
[INFO] [1781245146.382920197] [coord_transform]: Too many outliers (5). Resetting filter to new position.
[WARN] [1781245146.483079604] [coord_transform]: Outlier rejected #1 (jumped 167.2mm). Ignoring.
[WARN] [1781245148.682035541] [coord_transform]: Outlier rejected #1 (jumped 157.3mm). Ignoring.
[WARN] [1781245149.655887438] [coord_transform]: Outlier rejected #1 (jumped 155.1mm). Ignoring.
[WARN] [1781245150.015691607] [coord_transform]: Outlier rejected #1 (jumped 269.7mm). Ignoring.
[WARN] [1781245150.052423646] [coord_transform]: Outlier rejected #2 (jumped 282.1mm). Ignoring.
[WARN] [1781245150.085236435] [coord_transform]: Outlier rejected #3 (jumped 300.2mm). Ignoring.
[WARN] [1781245150.127266437] [coord_transform]: Outlier rejected #4 (jumped 271.9mm). Ignoring.
[INFO] [1781245150.154236073] [coord_transform]: Too many outliers (5). Resetting filter to new position.
[WARN] [1781245150.350483572] [coord_transform]: Outlier rejected #1 (jumped 194.6mm). Ignoring.
[WARN] [1781245151.057919910] [coord_transform]: Outlier rejected #1 (jumped 265.3mm). Ignoring.
[WARN] [1781245151.083204275] [coord_transform]: Outlier rejected #2 (jumped 190.0mm). Ignoring.
[WARN] [1781245151.185756622] [coord_transform]: Outlier rejected #1 (jumped 534.4mm). Ignoring.
[WARN] [1781245151.217414252] [coord_transform]: Outlier rejected #2 (jumped 473.0mm). Ignoring.
[WARN] [1781245151.253589361] [coord_transform]: Outlier rejected #3 (jumped 331.9mm). Ignoring.
[WARN] [1781245151.289004226] [coord_transform]: Outlier rejected #4 (jumped 314.2mm). Ignoring.
[INFO] [1781245151.319718701] [coord_transform]: Too many outliers (5). Resetting filter to new position.
[WARN] [1781245151.983140411] [coord_transform]: Outlier rejected #1 (jumped 161.8mm). Ignoring.
[WARN] [1781245152.018913414] [coord_transform]: Outlier rejected #2 (jumped 381.3mm). Ignoring.
[WARN] [1781245152.058156279] [coord_transform]: Outlier rejected #3 (jumped 363.4mm). Ignoring.
[WARN] [1781245152.093423589] [coord_transform]: Outlier rejected #4 (jumped 344.6mm). Ignoring.
[INFO] [1781245152.122153548] [coord_transform]: Too many outliers (5). Resetting filter to new position.
[WARN] [1781245152.185406740] [coord_transform]: Outlier rejected #1 (jumped 160.9mm). Ignoring.
[WARN] [1781245152.219381026] [coord_transform]: Outlier rejected #2 (jumped 229.5mm). Ignoring.
[WARN] [1781245152.257259503] [coord_transform]: Outlier rejected #3 (jumped 233.2mm). Ignoring.
[WARN] [1781245152.286520202] [coord_transform]: Outlier rejected #4 (jumped 242.7mm). Ignoring.
[INFO] [1781245152.319853922] [coord_transform]: Too many outliers (5). Resetting filter to new position.
[WARN] [1781245153.755871674] [coord_transform]: Outlier rejected #1 (jumped 398.3mm). Ignoring.
[WARN] [1781245156.328704331] [coord_transform]: Outlier rejected #1 (jumped 162.3mm). Ignoring.
[WARN] [1781245156.369146731] [coord_transform]: Outlier rejected #2 (jumped 154.0mm). Ignoring.
[WARN] [1781245157.362054482] [coord_transform]: Outlier rejected #1 (jumped 232.4mm). Ignoring.
[WARN] [1781245157.855120693] [coord_transform]: Outlier rejected #1 (jumped 344.5mm). Ignoring.
[WARN] [1781245157.888756876] [coord_transform]: Outlier rejected #2 (jumped 362.6mm). Ignoring.
[WARN] [1781245157.923189778] [coord_transform]: Outlier rejected #3 (jumped 325.7mm). Ignoring.
[WARN] [1781245157.957285694] [coord_transform]: Outlier rejected #4 (jumped 313.4mm). Ignoring.
[INFO] [1781245157.989353896] [coord_transform]: Too many outliers (5). Resetting filter to new position.
[WARN] [1781245158.089588201] [coord_transform]: Outlier rejected #1 (jumped 531.0mm). Ignoring.
[WARN] [1781245158.362795533] [coord_transform]: Outlier rejected #1 (jumped 419.4mm). Ignoring.
[WARN] [1781245158.390473180] [coord_transform]: Outlier rejected #2 (jumped 402.6mm). Ignoring.
[WARN] [1781245158.426256064] [coord_transform]: Outlier rejected #3 (jumped 422.0mm). Ignoring.
[WARN] [1781245158.456312243] [coord_transform]: Outlier rejected #4 (jumped 422.1mm). Ignoring.
[INFO] [1781245158.496395959] [coord_transform]: Too many outliers (5). Resetting filter to new position.
[WARN] [1781245159.925523303] [coord_transform]: Outlier rejected #1 (jumped 234.3mm). Ignoring.
[WARN] [1781245159.991390540] [coord_transform]: Outlier rejected #1 (jumped 192.6mm). Ignoring.
[WARN] [1781245160.033118618] [coord_transform]: Outlier rejected #2 (jumped 220.8mm). Ignoring.
[WARN] [1781245160.589460840] [coord_transform]: Outlier rejected #1 (jumped 169.1mm). Ignoring.
[WARN] [1781245160.625089940] [coord_transform]: Outlier rejected #2 (jumped 162.2mm). Ignoring.
[WARN] [1781245160.689086648] [coord_transform]: Outlier rejected #1 (jumped 301.0mm). Ignoring.
[WARN] [1781245160.762344164] [coord_transform]: Outlier rejected #1 (jumped 328.6mm). Ignoring.
[WARN] [1781245160.795643691] [coord_transform]: Outlier rejected #2 (jumped 321.0mm). Ignoring.
[WARN] [1781245160.823919238] [coord_transform]: Outlier rejected #3 (jumped 375.8mm). Ignoring.
[WARN] [1781245160.860183382] [coord_transform]: Outlier rejected #4 (jumped 357.8mm). Ignoring.
[INFO] [1781245160.892788820] [coord_transform]: Too many outliers (5). Resetting filter to new position.
[WARN] [1781245161.390218658] [coord_transform]: Outlier rejected #1 (jumped 531.2mm). Ignoring.
[WARN] [1781245161.436722542] [coord_transform]: Outlier rejected #2 (jumped 547.0mm). Ignoring.
[WARN] [1781245161.462732436] [coord_transform]: Outlier rejected #3 (jumped 548.7mm). Ignoring.
[WARN] [1781245161.493865402] [coord_transform]: Outlier rejected #4 (jumped 537.4mm). Ignoring.
[INFO] [1781245161.525370049] [coord_transform]: Too many outliers (5). Resetting filter to new position.
[WARN] [1781245161.659454296] [coord_transform]: Outlier rejected #1 (jumped 519.2mm). Ignoring.
[WARN] [1781245161.696877664] [coord_transform]: Outlier rejected #2 (jumped 530.8mm). Ignoring.
[WARN] [1781245161.726429269] [coord_transform]: Outlier rejected #3 (jumped 552.4mm). Ignoring.
[WARN] [1781245161.765291600] [coord_transform]: Outlier rejected #4 (jumped 550.6mm). Ignoring.
[INFO] [1781245161.802380520] [coord_transform]: Too many outliers (5). Resetting filter to new position.
[WARN] [1781245162.202822536] [coord_transform]: Outlier rejected #1 (jumped 523.7mm). Ignoring.
[WARN] [1781245162.226200874] [coord_transform]: Outlier rejected #2 (jumped 525.5mm). Ignoring.
[WARN] [1781245162.333179961] [coord_transform]: Outlier rejected #1 (jumped 517.4mm). Ignoring.
[WARN] [1781245162.428984257] [coord_transform]: Outlier rejected #1 (jumped 533.4mm). Ignoring.
[WARN] [1781245162.458433444] [coord_transform]: Outlier rejected #2 (jumped 515.3mm). Ignoring.
[WARN] [1781245162.496962072] [coord_transform]: Outlier rejected #3 (jumped 517.9mm). Ignoring.
[WARN] [1781245162.528896642] [coord_transform]: Outlier rejected #4 (jumped 531.4mm). Ignoring.
[WARN] [1781245162.593155899] [coord_transform]: Outlier rejected #1 (jumped 493.5mm). Ignoring.
[WARN] [1781245162.632603348] [coord_transform]: Outlier rejected #2 (jumped 493.6mm). Ignoring.
[WARN] [1781245162.665055722] [coord_transform]: Outlier rejected #3 (jumped 493.2mm). Ignoring.
[WARN] [1781245162.766529406] [coord_transform]: Outlier rejected #1 (jumped 466.7mm). Ignoring.
[WARN] [1781245162.794122563] [coord_transform]: Outlier rejected #2 (jumped 475.2mm). Ignoring.
[WARN] [1781245162.831173161] [coord_transform]: Outlier rejected #3 (jumped 471.7mm). Ignoring.
[WARN] [1781245162.866566152] [coord_transform]: Outlier rejected #4 (jumped 455.6mm). Ignoring.
[INFO] [1781245162.895622588] [coord_transform]: Too many outliers (5). Resetting filter to new position.
[WARN] [1781245163.199319833] [coord_transform]: Outlier rejected #1 (jumped 486.2mm). Ignoring.
[WARN] [1781245163.225620281] [coord_transform]: Outlier rejected #2 (jumped 486.2mm). Ignoring.
[WARN] [1781245163.270334836] [coord_transform]: Outlier rejected #3 (jumped 476.8mm). Ignoring.
[WARN] [1781245163.297580409] [coord_transform]: Outlier rejected #4 (jumped 460.1mm). Ignoring.
[INFO] [1781245163.326766367] [coord_transform]: Too many outliers (5). Resetting filter to new position.
[WARN] [1781245163.626448990] [coord_transform]: Outlier rejected #1 (jumped 331.4mm). Ignoring.
[WARN] [1781245163.662631930] [coord_transform]: Outlier rejected #2 (jumped 324.5mm). Ignoring.
[WARN] [1781245163.693647108] [coord_transform]: Outlier rejected #3 (jumped 333.2mm). Ignoring.
[WARN] [1781245163.727097671] [coord_transform]: Outlier rejected #4 (jumped 332.9mm). Ignoring.
[INFO] [1781245163.767975733] [coord_transform]: Too many outliers (5). Resetting filter to new position.
[WARN] [1781245163.865353001] [coord_transform]: Outlier rejected #1 (jumped 241.6mm). Ignoring.
[WARN] [1781245163.907749259] [coord_transform]: Outlier rejected #2 (jumped 237.6mm). Ignoring.
[WARN] [1781245163.935821545] [coord_transform]: Outlier rejected #3 (jumped 226.1mm). Ignoring.
[WARN] [1781245163.977016367] [coord_transform]: Outlier rejected #4 (jumped 223.2mm). Ignoring.
[INFO] [1781245164.006456127] [coord_transform]: Too many outliers (5). Resetting filter to new position.
[WARN] [1781245164.665599400] [coord_transform]: Outlier rejected #1 (jumped 188.9mm). Ignoring.
[WARN] [1781245164.705402246] [coord_transform]: Outlier rejected #2 (jumped 450.9mm). Ignoring.
[WARN] [1781245164.745871961] [coord_transform]: Outlier rejected #3 (jumped 443.3mm). Ignoring.
[WARN] [1781245164.777738183] [coord_transform]: Outlier rejected #4 (jumped 435.9mm). Ignoring.
[WARN] [1781245164.843442678] [coord_transform]: Outlier rejected #1 (jumped 450.8mm). Ignoring.
[WARN] [1781245165.041778912] [coord_transform]: Outlier rejected #1 (jumped 258.0mm). Ignoring.
[WARN] [1781245165.074573163] [coord_transform]: Outlier rejected #2 (jumped 228.9mm). Ignoring.
[WARN] [1781245165.106230561] [coord_transform]: Outlier rejected #3 (jumped 283.4mm). Ignoring.
[WARN] [1781245165.138700909] [coord_transform]: Outlier rejected #4 (jumped 278.8mm). Ignoring.
[INFO] [1781245165.172565004] [coord_transform]: Too many outliers (5). Resetting filter to new position.
[WARN] [1781245165.203939631] [coord_transform]: Outlier rejected #1 (jumped 540.2mm). Ignoring.
[WARN] [1781245165.235365981] [coord_transform]: Outlier rejected #2 (jumped 518.4mm). Ignoring.
[WARN] [1781245165.267947023] [coord_transform]: Outlier rejected #3 (jumped 568.4mm). Ignoring.
[WARN] [1781245165.296766559] [coord_transform]: Outlier rejected #4 (jumped 518.1mm). Ignoring.
[INFO] [1781245165.335519263] [coord_transform]: Too many outliers (5). Resetting filter to new position.
[WARN] [1781245165.961439275] [coord_transform]: Outlier rejected #1 (jumped 342.5mm). Ignoring.
[WARN] [1781245165.995961952] [coord_transform]: Outlier rejected #2 (jumped 395.3mm). Ignoring.
[WARN] [1781245166.032057437] [coord_transform]: Outlier rejected #3 (jumped 266.1mm). Ignoring.
[WARN] [1781245166.065795182] [coord_transform]: Outlier rejected #4 (jumped 283.7mm). Ignoring.
[INFO] [1781245166.097782252] [coord_transform]: Too many outliers (5). Resetting filter to new position.
[WARN] [1781245166.234029075] [coord_transform]: Outlier rejected #1 (jumped 192.9mm). Ignoring.
[WARN] [1781245166.528736318] [coord_transform]: Outlier rejected #1 (jumped 168.2mm). Ignoring.
[WARN] [1781245166.636600398] [coord_transform]: Outlier rejected #1 (jumped 220.8mm). Ignoring.
[WARN] [1781245166.666049287] [coord_transform]: Outlier rejected #2 (jumped 204.2mm). Ignoring.
[WARN] [1781245166.733706637] [coord_transform]: Outlier rejected #1 (jumped 296.1mm). Ignoring.
[WARN] [1781245167.038798715] [coord_transform]: Outlier rejected #1 (jumped 203.1mm). Ignoring.
[WARN] [1781245167.067739589] [coord_transform]: Outlier rejected #2 (jumped 280.3mm). Ignoring.
[WARN] [1781245167.096299283] [coord_transform]: Outlier rejected #3 (jumped 217.8mm). Ignoring.
[WARN] [1781245167.130238988] [coord_transform]: Outlier rejected #4 (jumped 183.3mm). Ignoring.
[INFO] [1781245167.169156719] [coord_transform]: Too many outliers (5). Resetting filter to new position.
[WARN] [1781245167.361161878] [coord_transform]: Outlier rejected #1 (jumped 208.8mm). Ignoring.
[WARN] [1781245167.401482761] [coord_transform]: Outlier rejected #2 (jumped 172.1mm). Ignoring.
[WARN] [1781245167.430580985] [coord_transform]: Outlier rejected #3 (jumped 173.8mm). Ignoring.
[WARN] [1781245167.464563599] [coord_transform]: Outlier rejected #4 (jumped 181.9mm). Ignoring.
[INFO] [1781245167.497514546] [coord_transform]: Too many outliers (5). Resetting filter to new position.
[WARN] [1781245167.698995648] [coord_transform]: Outlier rejected #1 (jumped 186.5mm). Ignoring.
[WARN] [1781245187.549820321] [coord_transform]: Outlier rejected #1 (jumped 161.1mm). Ignoring.
[WARN] [1781245187.589199447] [coord_transform]: Outlier rejected #2 (jumped 155.3mm). Ignoring.
[WARN] [1781245187.615258182] [coord_transform]: Outlier rejected #3 (jumped 155.7mm). Ignoring.
[WARN] [1781245187.855485016] [coord_transform]: Outlier rejected #1 (jumped 502.9mm). Ignoring.
[WARN] [1781245187.880885946] [coord_transform]: Outlier rejected #2 (jumped 518.9mm). Ignoring.
[WARN] [1781245207.359019772] [coord_transform]: Outlier rejected #1 (jumped 564.0mm). Ignoring.
[WARN] [1781245207.392964546] [coord_transform]: Outlier rejected #2 (jumped 577.3mm). Ignoring.
[WARN] [1781245207.424856211] [coord_transform]: Outlier rejected #3 (jumped 570.2mm). Ignoring.
[WARN] [1781245207.459875516] [coord_transform]: Outlier rejected #4 (jumped 559.7mm). Ignoring.
[INFO] [1781245207.499569854] [coord_transform]: Too many outliers (5). Resetting filter to new position.
[WARN] [1781245207.924623727] [coord_transform]: Outlier rejected #1 (jumped 563.3mm). Ignoring.
[WARN] [1781245207.966777580] [coord_transform]: Outlier rejected #2 (jumped 567.2mm). Ignoring.
[WARN] [1781245208.025590318] [coord_transform]: Outlier rejected #1 (jumped 562.3mm). Ignoring.
[WARN] [1781245208.063999287] [coord_transform]: Outlier rejected #2 (jumped 557.2mm). Ignoring.
[WARN] [1781245208.094639716] [coord_transform]: Outlier rejected #3 (jumped 557.6mm). Ignoring.
[WARN] [1781245208.199893383] [coord_transform]: Outlier rejected #1 (jumped 545.4mm). Ignoring.
[WARN] [1781245208.233979979] [coord_transform]: Outlier rejected #2 (jumped 544.9mm). Ignoring.
[WARN] [1781245208.266602083] [coord_transform]: Outlier rejected #3 (jumped 552.9mm). Ignoring.
[WARN] [1781245208.433210517] [coord_transform]: Outlier rejected #1 (jumped 577.6mm). Ignoring.
[WARN] [1781245208.457733580] [coord_transform]: Outlier rejected #2 (jumped 581.3mm). Ignoring.
[WARN] [1781245208.506455257] [coord_transform]: Outlier rejected #3 (jumped 578.3mm). Ignoring.
[WARN] [1781245208.759185547] [coord_transform]: Outlier rejected #1 (jumped 594.0mm). Ignoring.
[WARN] [1781245209.570289160] [coord_transform]: Outlier rejected #1 (jumped 665.9mm). Ignoring.
[WARN] [1781245209.602696603] [coord_transform]: Outlier rejected #2 (jumped 592.4mm). Ignoring.
[WARN] [1781245209.629252386] [coord_transform]: Outlier rejected #3 (jumped 642.1mm). Ignoring.
[WARN] [1781245209.663266035] [coord_transform]: Outlier rejected #4 (jumped 644.5mm). Ignoring.
[INFO] [1781245209.710489689] [coord_transform]: Too many outliers (5). Resetting filter to new position.
[WARN] [1781245209.742984983] [coord_transform]: Outlier rejected #1 (jumped 600.0mm). Ignoring.
[WARN] [1781245209.768310761] [coord_transform]: Outlier rejected #2 (jumped 604.9mm). Ignoring.
[WARN] [1781245209.796060037] [coord_transform]: Outlier rejected #3 (jumped 577.2mm). Ignoring.
[WARN] [1781245209.858050218] [coord_transform]: Outlier rejected #4 (jumped 597.0mm). Ignoring.
[INFO] [1781245209.892737664] [coord_transform]: Too many outliers (5). Resetting filter to new position.
[WARN] [1781245213.571165274] [coord_transform]: Outlier rejected #1 (jumped 613.2mm). Ignoring.
[WARN] [1781245213.907347581] [coord_transform]: Outlier rejected #1 (jumped 600.5mm). Ignoring.
[WARN] [1781245213.940094279] [coord_transform]: Outlier rejected #2 (jumped 606.5mm). Ignoring.
[WARN] [1781245214.995185539] [coord_transform]: Outlier rejected #1 (jumped 640.5mm). Ignoring.
[WARN] [1781245215.262456449] [coord_transform]: Outlier rejected #1 (jumped 616.8mm). Ignoring.
[WARN] [1781245216.066048937] [coord_transform]: Outlier rejected #1 (jumped 585.7mm). Ignoring.
[WARN] [1781245216.097129479] [coord_transform]: Outlier rejected #2 (jumped 592.6mm). Ignoring.
[WARN] [1781245216.133462354] [coord_transform]: Outlier rejected #3 (jumped 572.1mm). Ignoring.
[WARN] [1781245216.163981618] [coord_transform]: Outlier rejected #4 (jumped 579.0mm). Ignoring.
[INFO] [1781245216.198920180] [coord_transform]: Too many outliers (5). Resetting filter to new position.
[WARN] [1781245216.233080006] [coord_transform]: Outlier rejected #1 (jumped 606.1mm). Ignoring.
[WARN] [1781245216.265544908] [coord_transform]: Outlier rejected #2 (jumped 606.8mm). Ignoring.
[WARN] [1781245216.298393908] [coord_transform]: Outlier rejected #3 (jumped 581.7mm). Ignoring.
[WARN] [1781245216.340324772] [coord_transform]: Outlier rejected #4 (jumped 614.0mm). Ignoring.
[INFO] [1781245216.367175341] [coord_transform]: Too many outliers (5). Resetting filter to new position.
[WARN] [1781245216.931469772] [coord_transform]: Outlier rejected #1 (jumped 618.0mm). Ignoring.
[WARN] [1781245217.664780003] [coord_transform]: Outlier rejected #1 (jumped 617.0mm). Ignoring.
[WARN] [1781245218.201258298] [coord_transform]: Outlier rejected #1 (jumped 580.3mm). Ignoring.
[WARN] [1781245218.239122106] [coord_transform]: Outlier rejected #2 (jumped 594.8mm). Ignoring.
[WARN] [1781245218.665370510] [coord_transform]: Outlier rejected #1 (jumped 618.6mm). Ignoring.
[WARN] [1781245218.700965733] [coord_transform]: Outlier rejected #2 (jumped 615.1mm). Ignoring.
[WARN] [1781245218.734025550] [coord_transform]: Outlier rejected #3 (jumped 617.1mm). Ignoring.
[WARN] [1781245218.777513258] [coord_transform]: Outlier rejected #4 (jumped 609.0mm). Ignoring.
[WARN] [1781245220.001374166] [coord_transform]: Outlier rejected #1 (jumped 691.8mm). Ignoring.
[WARN] [1781245220.033638834] [coord_transform]: Outlier rejected #2 (jumped 624.1mm). Ignoring.
[WARN] [1781245220.070028194] [coord_transform]: Outlier rejected #3 (jumped 632.6mm). Ignoring.
[WARN] [1781245220.104855169] [coord_transform]: Outlier rejected #4 (jumped 637.0mm). Ignoring.
[INFO] [1781245220.137372100] [coord_transform]: Too many outliers (5). Resetting filter to new position.
[WARN] [1781245220.470865899] [coord_transform]: Outlier rejected #1 (jumped 202.0mm). Ignoring.
[WARN] [1781245220.725803291] [coord_transform]: Outlier rejected #1 (jumped 643.8mm). Ignoring.
[WARN] [1781245220.821385546] [coord_transform]: Outlier rejected #1 (jumped 631.7mm). Ignoring.
[WARN] [1781245220.852627539] [coord_transform]: Outlier rejected #2 (jumped 635.3mm). Ignoring.
[WARN] [1781245220.978068571] [coord_transform]: Outlier rejected #1 (jumped 265.9mm). Ignoring.
[WARN] [1781245221.139222386] [coord_transform]: Outlier rejected #1 (jumped 613.7mm). Ignoring.
[WARN] [1781245221.438127732] [coord_transform]: Outlier rejected #1 (jumped 631.8mm). Ignoring.
[WARN] [1781245221.469104401] [coord_transform]: Outlier rejected #2 (jumped 190.4mm). Ignoring.
[WARN] [1781245221.968415460] [coord_transform]: Outlier rejected #1 (jumped 639.8mm). Ignoring.
[WARN] [1781245222.003665164] [coord_transform]: Outlier rejected #2 (jumped 618.7mm). Ignoring.
[WARN] [1781245222.069670855] [coord_transform]: Outlier rejected #1 (jumped 632.8mm). Ignoring.
[WARN] [1781245222.107869328] [coord_transform]: Outlier rejected #2 (jumped 615.8mm). Ignoring.
[WARN] [1781245222.140632334] [coord_transform]: Outlier rejected #3 (jumped 619.7mm). Ignoring.
[WARN] [1781245222.206391241] [coord_transform]: Outlier rejected #1 (jumped 591.0mm). Ignoring.
[WARN] [1781245222.237054464] [coord_transform]: Outlier rejected #2 (jumped 614.2mm). Ignoring.
[WARN] [1781245222.270084985] [coord_transform]: Outlier rejected #3 (jumped 604.8mm). Ignoring.
[WARN] [1781245222.304295922] [coord_transform]: Outlier rejected #4 (jumped 617.8mm). Ignoring.
[INFO] [1781245222.346406678] [coord_transform]: Too many outliers (5). Resetting filter to new position.
[WARN] [1781245225.915452735] [coord_transform]: Outlier rejected #1 (jumped 707.6mm). Ignoring.
[WARN] [1781245226.245935686] [coord_transform]: Outlier rejected #2 (jumped 712.1mm). Ignoring.
[WARN] [1781245226.280665858] [coord_transform]: Outlier rejected #3 (jumped 711.1mm). Ignoring.
[WARN] [1781245226.304866656] [coord_transform]: Outlier rejected #4 (jumped 719.6mm). Ignoring.
[INFO] [1781245226.337454155] [coord_transform]: Too many outliers (5). Resetting filter to new position.
[WARN] [1781245257.233424329] [coord_transform]: Outlier rejected #1 (jumped 677.8mm). Ignoring.
[WARN] [1781245257.265141873] [coord_transform]: Outlier rejected #2 (jumped 682.3mm). Ignoring.
[WARN] [1781245257.299787395] [coord_transform]: Outlier rejected #3 (jumped 669.3mm). Ignoring.
[WARN] [1781245257.330696964] [coord_transform]: Outlier rejected #4 (jumped 653.7mm). Ignoring.
[INFO] [1781245257.361989451] [coord_transform]: Too many outliers (5). Resetting filter to new position.
[WARN] [1781245281.588736768] [coord_transform]: Outlier rejected #1 (jumped 431.2mm). Ignoring.
[WARN] [1781245281.644401256] [coord_transform]: Outlier rejected #1 (jumped 152.2mm). Ignoring.
[WARN] [1781245286.220242852] [coord_transform]: Outlier rejected #1 (jumped 468.7mm). Ignoring.
[WARN] [1781245286.330815427] [coord_transform]: Outlier rejected #2 (jumped 550.2mm). Ignoring.
[WARN] [1781245286.356056850] [coord_transform]: Outlier rejected #3 (jumped 543.8mm). Ignoring.
[WARN] [1781245286.384333645] [coord_transform]: Outlier rejected #4 (jumped 546.9mm). Ignoring.
[INFO] [1781245286.416228458] [coord_transform]: Too many outliers (5). Resetting filter to new position.
[WARN] [1781245286.921506641] [coord_transform]: Outlier rejected #1 (jumped 659.8mm). Ignoring.
[WARN] [1781245286.955227523] [coord_transform]: Outlier rejected #2 (jumped 690.7mm). Ignoring.
[WARN] [1781245286.987630592] [coord_transform]: Outlier rejected #3 (jumped 710.3mm). Ignoring.
[WARN] [1781245287.018753635] [coord_transform]: Outlier rejected #4 (jumped 829.0mm). Ignoring.
[INFO] [1781245287.050461143] [coord_transform]: Too many outliers (5). Resetting filter to new position.
[WARN] [1781245287.383427870] [coord_transform]: Outlier rejected #1 (jumped 1073.6mm). Ignoring.
[WARN] [1781245287.423623075] [coord_transform]: Outlier rejected #2 (jumped 1092.0mm). Ignoring.
[WARN] [1781245287.450080595] [coord_transform]: Outlier rejected #3 (jumped 1089.5mm). Ignoring.
[WARN] [1781245287.485059273] [coord_transform]: Outlier rejected #4 (jumped 1083.1mm). Ignoring.
[INFO] [1781245287.522481202] [coord_transform]: Too many outliers (5). Resetting filter to new position.
[WARN] [1781245287.818130154] [coord_transform]: Outlier rejected #1 (jumped 1247.2mm). Ignoring.
[WARN] [1781245287.863212373] [coord_transform]: Outlier rejected #2 (jumped 1167.7mm). Ignoring.
[WARN] [1781245287.895820598] [coord_transform]: Outlier rejected #3 (jumped 1063.2mm). Ignoring.
[WARN] [1781245287.929149599] [coord_transform]: Outlier rejected #4 (jumped 1017.6mm). Ignoring.
[INFO] [1781245287.954078826] [coord_transform]: Too many outliers (5). Resetting filter to new position.
[WARN] [1781245288.722052145] [coord_transform]: Outlier rejected #1 (jumped 219.3mm). Ignoring.
[WARN] [1781245288.789268760] [coord_transform]: Outlier rejected #2 (jumped 1019.8mm). Ignoring.
[WARN] [1781245288.831018787] [coord_transform]: Outlier rejected #3 (jumped 1018.4mm). Ignoring.
[WARN] [1781245288.857431422] [coord_transform]: Outlier rejected #4 (jumped 1017.9mm). Ignoring.
[INFO] [1781245288.885532018] [coord_transform]: Too many outliers (5). Resetting filter to new position.
[WARN] [1781245289.891640343] [coord_transform]: Outlier rejected #1 (jumped 1250.6mm). Ignoring.
[WARN] [1781245290.117725159] [coord_transform]: Outlier rejected #2 (jumped 1309.5mm). Ignoring.
[WARN] [1781245290.152340717] [coord_transform]: Outlier rejected #3 (jumped 1263.7mm). Ignoring.
[WARN] [1781245290.186285495] [coord_transform]: Outlier rejected #4 (jumped 1358.5mm). Ignoring.
[INFO] [1781245290.218547286] [coord_transform]: Too many outliers (5). Resetting filter to new position.
[WARN] [1781245290.423909583] [coord_transform]: Outlier rejected #1 (jumped 645.1mm). Ignoring.
[WARN] [1781245290.453308470] [coord_transform]: Outlier rejected #2 (jumped 1380.6mm). Ignoring.
[WARN] [1781245290.488156106] [coord_transform]: Outlier rejected #3 (jumped 1371.4mm). Ignoring.
[WARN] [1781245290.520473966] [coord_transform]: Outlier rejected #4 (jumped 1376.6mm). Ignoring.
[INFO] [1781245290.553748786] [coord_transform]: Too many outliers (5). Resetting filter to new position.
[WARN] [1781245291.223585893] [coord_transform]: Outlier rejected #1 (jumped 885.6mm). Ignoring.
[WARN] [1781245291.657935825] [coord_transform]: Outlier rejected #1 (jumped 206.3mm). Ignoring.
[WARN] [1781245291.886337413] [coord_transform]: Outlier rejected #1 (jumped 318.5mm). Ignoring.
[WARN] [1781245292.062667761] [coord_transform]: Outlier rejected #2 (jumped 554.2mm). Ignoring.
[WARN] [1781245292.094032529] [coord_transform]: Outlier rejected #3 (jumped 556.7mm). Ignoring.
[WARN] [1781245292.119284293] [coord_transform]: Outlier rejected #4 (jumped 549.1mm). Ignoring.
[INFO] [1781245292.152730332] [coord_transform]: Too many outliers (5). Resetting filter to new position.
[WARN] [1781245292.227303798] [coord_transform]: Outlier rejected #1 (jumped 542.0mm). Ignoring.
[WARN] [1781245292.252553194] [coord_transform]: Outlier rejected #2 (jumped 495.3mm). Ignoring.
[WARN] [1781245292.299191414] [coord_transform]: Outlier rejected #3 (jumped 494.6mm). Ignoring.
[WARN] [1781245292.359224115] [coord_transform]: Outlier rejected #1 (jumped 300.6mm). Ignoring.
[WARN] [1781245292.386551058] [coord_transform]: Outlier rejected #2 (jumped 480.1mm). Ignoring.
[WARN] [1781245292.427270945] [coord_transform]: Outlier rejected #3 (jumped 469.3mm). Ignoring.
[WARN] [1781245292.457414886] [coord_transform]: Outlier rejected #4 (jumped 460.8mm). Ignoring.
[INFO] [1781245292.495105537] [coord_transform]: Too many outliers (5). Resetting filter to new position.
[WARN] [1781245292.592617418] [coord_transform]: Outlier rejected #1 (jumped 162.5mm). Ignoring.
[WARN] [1781245292.787478525] [coord_transform]: Outlier rejected #1 (jumped 360.1mm). Ignoring.
[WARN] [1781245293.064119636] [coord_transform]: Outlier rejected #1 (jumped 476.9mm). Ignoring.
[WARN] [1781245293.126709520] [coord_transform]: Outlier rejected #2 (jumped 440.0mm). Ignoring.
[WARN] [1781245293.153235810] [coord_transform]: Outlier rejected #3 (jumped 507.8mm). Ignoring.
[WARN] [1781245293.190444903] [coord_transform]: Outlier rejected #4 (jumped 457.3mm). Ignoring.
[INFO] [1781245293.224292822] [coord_transform]: Too many outliers (5). Resetting filter to new position.
[WARN] [1781245294.924605184] [coord_transform]: Outlier rejected #1 (jumped 180.0mm). Ignoring.
[WARN] [1781245295.220219628] [coord_transform]: Outlier rejected #1 (jumped 792.9mm). Ignoring.
[WARN] [1781245295.921107061] [coord_transform]: Outlier rejected #1 (jumped 731.6mm). Ignoring.
[WARN] [1781245295.955306769] [coord_transform]: Outlier rejected #2 (jumped 675.8mm). Ignoring.
[WARN] [1781245295.995000905] [coord_transform]: Outlier rejected #3 (jumped 654.0mm). Ignoring.
[WARN] [1781245296.033492997] [coord_transform]: Outlier rejected #4 (jumped 450.7mm). Ignoring.
[INFO] [1781245296.063403772] [coord_transform]: Too many outliers (5). Resetting filter to new position.
[WARN] [1781245296.091203999] [coord_transform]: Outlier rejected #1 (jumped 157.9mm). Ignoring.
[WARN] [1781245296.122097191] [coord_transform]: Outlier rejected #2 (jumped 380.8mm). Ignoring.
[WARN] [1781245296.156349233] [coord_transform]: Outlier rejected #3 (jumped 694.2mm). Ignoring.
[WARN] [1781245296.188830039] [coord_transform]: Outlier rejected #4 (jumped 718.7mm). Ignoring.
[INFO] [1781245296.222518421] [coord_transform]: Too many outliers (5). Resetting filter to new position.
[WARN] [1781245307.506777228] [coord_transform]: Outlier rejected #1 (jumped 203.2mm). Ignoring.
[WARN] [1781245307.566761006] [coord_transform]: Outlier rejected #1 (jumped 208.8mm). Ignoring.
[WARN] [1781245307.600661258] [coord_transform]: Outlier rejected #2 (jumped 187.9mm). Ignoring.
[WARN] [1781245308.240210775] [coord_transform]: Outlier rejected #1 (jumped 486.4mm). Ignoring.
[WARN] [1781245308.268533394] [coord_transform]: Outlier rejected #2 (jumped 454.5mm). Ignoring.
[WARN] [1781245308.315765651] [coord_transform]: Outlier rejected #3 (jumped 651.0mm). Ignoring.
[WARN] [1781245308.347135740] [coord_transform]: Outlier rejected #4 (jumped 577.3mm). Ignoring.
[INFO] [1781245308.376308545] [coord_transform]: Too many outliers (5). Resetting filter to new position.
[WARN] [1781245308.533764503] [coord_transform]: Outlier rejected #1 (jumped 287.9mm). Ignoring.
[WARN] [1781245308.817627933] [coord_transform]: Outlier rejected #1 (jumped 352.8mm). Ignoring.
[WARN] [1781245308.854288009] [coord_transform]: Outlier rejected #2 (jumped 384.5mm). Ignoring.
[WARN] [1781245308.881542636] [coord_transform]: Outlier rejected #3 (jumped 202.0mm). Ignoring.
[WARN] [1781245308.926856174] [coord_transform]: Outlier rejected #4 (jumped 383.2mm). Ignoring.
[INFO] [1781245308.958763068] [coord_transform]: Too many outliers (5). Resetting filter to new position.
[WARN] [1781245308.997265868] [coord_transform]: Outlier rejected #1 (jumped 206.4mm). Ignoring.
[WARN] [1781245309.025203480] [coord_transform]: Outlier rejected #2 (jumped 379.4mm). Ignoring.
[WARN] [1781245309.057730969] [coord_transform]: Outlier rejected #3 (jumped 179.1mm). Ignoring.
[WARN] [1781245309.090958290] [coord_transform]: Outlier rejected #4 (jumped 197.9mm). Ignoring.
[INFO] [1781245309.118268672] [coord_transform]: Too many outliers (5). Resetting filter to new position.
[WARN] [1781245309.147534816] [coord_transform]: Outlier rejected #1 (jumped 765.4mm). Ignoring.
[WARN] [1781245309.178996998] [coord_transform]: Outlier rejected #2 (jumped 754.3mm). Ignoring.
[WARN] [1781245309.210932909] [coord_transform]: Outlier rejected #3 (jumped 756.7mm). Ignoring.
[WARN] [1781245309.243627917] [coord_transform]: Outlier rejected #4 (jumped 727.7mm). Ignoring.
[INFO] [1781245309.286744792] [coord_transform]: Too many outliers (5). Resetting filter to new position.
[WARN] [1781245325.020311632] [coord_transform]: Outlier rejected #1 (jumped 683.3mm). Ignoring.
[WARN] [1781245325.086893363] [coord_transform]: Outlier rejected #2 (jumped 162.8mm). Ignoring.
[WARN] [1781245325.331208437] [coord_transform]: Outlier rejected #1 (jumped 863.6mm). Ignoring.
[WARN] [1781245325.365969262] [coord_transform]: Outlier rejected #2 (jumped 862.0mm). Ignoring.
[WARN] [1781245325.398667202] [coord_transform]: Outlier rejected #3 (jumped 860.8mm). Ignoring.
[WARN] [1781245325.433505407] [coord_transform]: Outlier rejected #4 (jumped 859.6mm). Ignoring.
[INFO] [1781245325.466469432] [coord_transform]: Too many outliers (5). Resetting filter to new position.
[WARN] [1781245336.825522533] [coord_transform]: Outlier rejected #1 (jumped 219.7mm). Ignoring.
[WARN] [1781245336.851414900] [coord_transform]: Outlier rejected #2 (jumped 218.8mm). Ignoring.
[WARN] [1781245336.897119180] [coord_transform]: Outlier rejected #3 (jumped 218.6mm). Ignoring.
[WARN] [1781245336.926590100] [coord_transform]: Outlier rejected #4 (jumped 215.9mm). Ignoring.
[INFO] [1781245336.960741513] [coord_transform]: Too many outliers (5). Resetting filter to new position.
[WARN] [1781245341.827966367] [coord_transform]: Outlier rejected #1 (jumped 623.6mm). Ignoring.
[WARN] [1781245341.861352387] [coord_transform]: Outlier rejected #2 (jumped 613.6mm). Ignoring.
[WARN] [1781245341.889736857] [coord_transform]: Outlier rejected #3 (jumped 623.6mm). Ignoring.
[WARN] [1781245341.927875100] [coord_transform]: Outlier rejected #4 (jumped 620.9mm). Ignoring.
[INFO] [1781245341.958113202] [coord_transform]: Too many outliers (5). Resetting filter to new position.
[WARN] [1781245342.520842769] [coord_transform]: Outlier rejected #1 (jumped 151.4mm). Ignoring.
[WARN] [1781245342.588500414] [coord_transform]: Outlier rejected #1 (jumped 385.0mm). Ignoring.
[WARN] [1781245342.622854938] [coord_transform]: Outlier rejected #2 (jumped 304.5mm). Ignoring.
[WARN] [1781245342.666417415] [coord_transform]: Outlier rejected #3 (jumped 243.1mm). Ignoring.
[WARN] [1781245342.695352392] [coord_transform]: Outlier rejected #4 (jumped 220.8mm). Ignoring.
[INFO] [1781245342.727642651] [coord_transform]: Too many outliers (5). Resetting filter to new position.
[WARN] [1781245343.959868947] [coord_transform]: Outlier rejected #1 (jumped 1028.6mm). Ignoring.
[WARN] [1781245343.989681063] [coord_transform]: Outlier rejected #2 (jumped 1046.8mm). Ignoring.
[WARN] [1781245344.023553860] [coord_transform]: Outlier rejected #3 (jumped 1020.2mm). Ignoring.
[WARN] [1781245344.058138927] [coord_transform]: Outlier rejected #4 (jumped 1018.1mm). Ignoring.
[INFO] [1781245344.091690572] [coord_transform]: Too many outliers (5). Resetting filter to new position.
[WARN] [1781245344.390068052] [coord_transform]: Outlier rejected #1 (jumped 213.3mm). Ignoring.
[WARN] [1781245344.423956234] [coord_transform]: Outlier rejected #2 (jumped 157.5mm). Ignoring.
[WARN] [1781245344.457531107] [coord_transform]: Outlier rejected #3 (jumped 222.3mm). Ignoring.
[WARN] [1781245345.630196132] [coord_transform]: Outlier rejected #1 (jumped 245.1mm). Ignoring.
[WARN] [1781245345.657602473] [coord_transform]: Outlier rejected #2 (jumped 254.1mm). Ignoring.
[WARN] [1781245345.693086939] [coord_transform]: Outlier rejected #3 (jumped 244.7mm). Ignoring.
[WARN] [1781245345.728855335] [coord_transform]: Outlier rejected #4 (jumped 242.2mm). Ignoring.
[INFO] [1781245345.759066933] [coord_transform]: Too many outliers (5). Resetting filter to new position.
[WARN] [1781245349.702149260] [coord_transform]: Outlier rejected #1 (jumped 753.0mm). Ignoring.
[WARN] [1781245349.728456209] [coord_transform]: Outlier rejected #2 (jumped 777.7mm). Ignoring.
[WARN] [1781245349.763256560] [coord_transform]: Outlier rejected #3 (jumped 788.5mm). Ignoring.
[WARN] [1781245349.796955784] [coord_transform]: Outlier rejected #4 (jumped 797.0mm). Ignoring.
[INFO] [1781245349.831628160] [coord_transform]: Too many outliers (5). Resetting filter to new position.
[WARN] [1781245350.645695040] [coord_transform]: Outlier rejected #1 (jumped 213.2mm). Ignoring.
[WARN] [1781245350.676797055] [coord_transform]: Outlier rejected #2 (jumped 211.0mm). Ignoring.
