[INFO] [1781233475.178935569] [coord_transform]: CoordTransformNode khởi động.
  Object offset (cam frame): [0.05 0.   0.1 ]
  Translation cam→base:      [0.5 0.  1.2]
  EE orientation (xyzw):     [0.0, 1.0, 0.0, 0.0]
  Prediction step:           5
  Axis remap:                [0, 1, 2]
  Axis sign:                 [-1.0, 1.0, 1.0]
  Workspace X: (-1.0, 1.0), Y: (-0.5, 1.3), Z: (0.05, 1.5)
  Filter outlier_threshold:  0.15m
  Filter median_size_y:      3
  Filter deadband_tol:       15.0mm
  Filter stationary_thresh:  3 frames
  Filter max_rate:           5.0cm/frame
  Filter EMA moving(x,y,z):  (1.0,1.0,1.0)
  Filter EMA hold  (x,y,z):  (0.08,0.02,0.05)
[WARN] [1781233489.977712536] [coord_transform]: Outlier rejected #1 (jumped 2246.1mm). Ignoring.
[WARN] [1781233490.011929679] [coord_transform]: Outlier rejected #2 (jumped 2245.7mm). Ignoring.
[WARN] [1781233490.045799600] [coord_transform]: Outlier rejected #3 (jumped 2253.8mm). Ignoring.
[WARN] [1781233490.081724733] [coord_transform]: Outlier rejected #4 (jumped 2253.8mm). Ignoring.
[INFO] [1781233490.122396346] [coord_transform]: Too many outliers (5). Resetting filter to new position.
[INFO] [1781233503.578241795] [coord_transform]: Captured Init Pose! P_init=(-0.162, 0.296, 0.384), Cam_init=(0.205, -0.124, 0.055), Noise_Tol=54.2mm
Orientation=(0.707, 0.707, 0.009, -0.009)
[INFO] [1781233503.598810348] [coord_transform]: Deadband: RELEASE — motion detected
[INFO] [1781233503.734281806] [coord_transform]: Deadband: HOLD at (0.205, -0.124, 0.055)
[INFO] [1781233505.900670400] [coord_transform]: Deadband: RELEASE — motion detected
[INFO] [1781233505.936322637] [coord_transform]: Deadband: HOLD at (0.205, -0.124, 0.055)
[INFO] [1781233507.962295108] [coord_transform]: Deadband: RELEASE — motion detected
[INFO] [1781233507.997753283] [coord_transform]: Deadband: HOLD at (0.205, -0.124, 0.055)
[INFO] [1781233510.702331162] [coord_transform]: Deadband: RELEASE — motion detected
[INFO] [1781233510.734211557] [coord_transform]: Deadband: HOLD at (0.205, -0.124, 0.055)
[INFO] [1781233512.709281306] [coord_transform]: Deadband: RELEASE — motion detected
[INFO] [1781233512.738599505] [coord_transform]: Deadband: HOLD at (0.205, -0.124, 0.055)
[INFO] [1781233514.770489790] [coord_transform]: Deadband: RELEASE — motion detected
[INFO] [1781233514.802750446] [coord_transform]: Deadband: HOLD at (0.205, -0.124, 0.055)
[INFO] [1781233516.771918034] [coord_transform]: Deadband: RELEASE — motion detected
[INFO] [1781233516.805961478] [coord_transform]: Deadband: HOLD at (0.205, -0.124, 0.055)
[INFO] [1781233518.785676784] [coord_transform]: Deadband: RELEASE — motion detected
[INFO] [1781233518.812698836] [coord_transform]: Deadband: HOLD at (0.205, -0.124, 0.055)
[INFO] [1781233520.725524830] [coord_transform]: Re-sync camera init: [ 0.23  -0.164  0.061]
[INFO] [1781233520.725783534] [coord_transform]: Trạng thái tracking: RUNNING
[INFO] [1781233520.745336078] [coord_transform]: [GROUND_TRUTH] Transform: cam[ 0.224 -0.136  0.062] → base[-0.156  0.324  0.385]
[INFO] [1781233520.874708998] [coord_transform]: Deadband: HOLD at (0.230, -0.164, 0.061)
[INFO] [1781233520.912336644] [coord_transform]: Deadband: RELEASE — motion detected
[INFO] [1781233522.749950108] [coord_transform]: [GROUND_TRUTH] Transform: cam[ 0.23  -0.164  0.061] → base[-0.162  0.296  0.384]
[INFO] [1781233522.882511018] [coord_transform]: Deadband: HOLD at (0.230, -0.164, 0.061)
[INFO] [1781233522.984259650] [coord_transform]: Deadband: RELEASE — motion detected
[INFO] [1781233524.775373952] [coord_transform]: [GROUND_TRUTH] Transform: cam[0.144 0.004 0.105] → base[-0.076  0.464  0.429]
[INFO] [1781233526.784163096] [coord_transform]: [GROUND_TRUTH] Transform: cam[0.068 0.142 0.092] → base[-0.     0.601  0.416]
[INFO] [1781233528.821527128] [coord_transform]: [GROUND_TRUTH] Transform: cam[-0.006  0.258  0.094] → base[0.074 0.718 0.417]
[INFO] [1781233530.849869957] [coord_transform]: [GROUND_TRUTH] Transform: cam[-0.096  0.319  0.139] → base[0.164 0.779 0.462]
[INFO] [1781233532.851005012] [coord_transform]: [GROUND_TRUTH] Transform: cam[-0.182  0.427  0.141] → base[0.25  0.887 0.464]
[INFO] [1781233534.879850320] [coord_transform]: [GROUND_TRUTH] Transform: cam[-0.286  0.472  0.112] → base[0.353 0.932 0.435]
[INFO] [1781233536.139227992] [coord_transform]: Trạng thái tracking: STOPPED
[WARN] [1781233552.264869726] [coord_transform]: Outlier rejected #1 (jumped 188.3mm). Ignoring.
[INFO] [1781233552.312429446] [coord_transform]: Deadband: HOLD at (0.230, -0.164, 0.061)
[INFO] [1781233552.338869392] [coord_transform]: Deadband: RELEASE — motion detected
[WARN] [1781233552.436840835] [coord_transform]: Outlier rejected #1 (jumped 173.5mm). Ignoring.
[WARN] [1781233552.462628104] [coord_transform]: Outlier rejected #2 (jumped 312.0mm). Ignoring.
[WARN] [1781233552.501199382] [coord_transform]: Outlier rejected #3 (jumped 389.9mm). Ignoring.
[WARN] [1781233552.530825474] [coord_transform]: Outlier rejected #4 (jumped 461.7mm). Ignoring.
[INFO] [1781233552.565430272] [coord_transform]: Too many outliers (5). Resetting filter to new position.
[WARN] [1781233554.998880227] [coord_transform]: Outlier rejected #1 (jumped 180.6mm). Ignoring.
[WARN] [1781233555.031946059] [coord_transform]: Outlier rejected #2 (jumped 320.5mm). Ignoring.
[WARN] [1781233555.066917209] [coord_transform]: Outlier rejected #3 (jumped 299.8mm). Ignoring.
[WARN] [1781233555.099299917] [coord_transform]: Outlier rejected #4 (jumped 557.9mm). Ignoring.
[INFO] [1781233555.135086058] [coord_transform]: Too many outliers (5). Resetting filter to new position.
[WARN] [1781233556.817004281] [coord_transform]: Outlier rejected #1 (jumped 747.7mm). Ignoring.
[WARN] [1781233556.847755636] [coord_transform]: Outlier rejected #2 (jumped 873.3mm). Ignoring.
[WARN] [1781233556.884504822] [coord_transform]: Outlier rejected #3 (jumped 861.2mm). Ignoring.
[WARN] [1781233556.942176231] [coord_transform]: Outlier rejected #4 (jumped 1118.3mm). Ignoring.
[INFO] [1781233696.505132937] [coord_transform]: Too many outliers (5). Resetting filter to new position.
[WARN] [1781233698.408666130] [coord_transform]: Outlier rejected #1 (jumped 174.5mm). Ignoring.
[WARN] [1781233698.475563328] [coord_transform]: Outlier rejected #2 (jumped 586.1mm). Ignoring.
[WARN] [1781233698.511430298] [coord_transform]: Outlier rejected #3 (jumped 829.5mm). Ignoring.
[WARN] [1781233698.543692524] [coord_transform]: Outlier rejected #4 (jumped 501.5mm). Ignoring.
[INFO] [1781233698.576299236] [coord_transform]: Too many outliers (5). Resetting filter to new position.
[INFO] [1781233699.685535093] [coord_transform]: Deadband: HOLD at (0.230, -0.164, 0.061)
[INFO] [1781233699.722044888] [coord_transform]: Deadband: RELEASE — motion detected
[INFO] [1781233701.734124194] [coord_transform]: Deadband: HOLD at (0.230, -0.164, 0.061)
[INFO] [1781233701.769979006] [coord_transform]: Deadband: RELEASE — motion detected
[INFO] [1781233703.780661543] [coord_transform]: Deadband: HOLD at (0.230, -0.164, 0.061)
[INFO] [1781233703.818936728] [coord_transform]: Deadband: RELEASE — motion detected
[INFO] [1781233706.180426822] [coord_transform]: Deadband: RELEASE — motion detected
[INFO] [1781233706.220741859] [coord_transform]: Deadband: HOLD at (0.230, -0.164, 0.061)
[INFO] [1781233708.184019873] [coord_transform]: Deadband: RELEASE — motion detected
[INFO] [1781233708.301329636] [coord_transform]: Deadband: HOLD at (0.230, -0.164, 0.061)
[INFO] [1781233709.628419141] [coord_transform]: Re-sync camera init: [ 0.236 -0.136  0.054]
[INFO] [1781233709.629424756] [coord_transform]: Trạng thái tracking: RUNNING
[INFO] [1781233709.654760254] [coord_transform]: [GROUND_TRUTH] Transform: cam[ 0.239 -0.154  0.053] → base[-0.166  0.278  0.383]
[INFO] [1781233710.221718023] [coord_transform]: Deadband: RELEASE — motion detected
[INFO] [1781233710.317671456] [coord_transform]: Deadband: HOLD at (0.236, -0.136, 0.054)
[INFO] [1781233711.657784805] [coord_transform]: [GROUND_TRUTH] Transform: cam[ 0.236 -0.136  0.054] → base[-0.162  0.296  0.384]
[INFO] [1781233713.283840407] [coord_transform]: Deadband: RELEASE — motion detected
[INFO] [1781233713.319736190] [coord_transform]: Deadband: HOLD at (0.236, -0.136, 0.054)
[INFO] [1781233713.685295063] [coord_transform]: [GROUND_TRUTH] Transform: cam[ 0.229 -0.131  0.071] → base[-0.155  0.301  0.401]
[INFO] [1781233715.689922333] [coord_transform]: [GROUND_TRUTH] Transform: cam[ 0.208 -0.09   0.103] → base[-0.134  0.342  0.433]
[INFO] [1781233717.690015980] [coord_transform]: [GROUND_TRUTH] Transform: cam[ 0.201 -0.084  0.112] → base[-0.127  0.348  0.442]
[INFO] [1781233719.695645808] [coord_transform]: [GROUND_TRUTH] Transform: cam[0.136 0.043 0.124] → base[-0.062  0.475  0.454]
[INFO] [1781233721.698882168] [coord_transform]: [GROUND_TRUTH] Transform: cam[0.096 0.07  0.134] → base[-0.023  0.502  0.464]
[INFO] [1781233723.700291182] [coord_transform]: [GROUND_TRUTH] Transform: cam[0.057 0.097 0.182] → base[0.016 0.529 0.512]
[INFO] [1781233725.730554644] [coord_transform]: [GROUND_TRUTH] Transform: cam[0.007 0.124 0.233] → base[0.067 0.556 0.564]
[INFO] [1781233727.765455986] [coord_transform]: [GROUND_TRUTH] Transform: cam[-0.042  0.289  0.245] → base[0.116 0.721 0.575]
[INFO] [1781233729.798287607] [coord_transform]: [GROUND_TRUTH] Transform: cam[-0.093  0.385  0.24 ] → base[0.167 0.817 0.57 ]
[INFO] [1781233731.808196442] [coord_transform]: [GROUND_TRUTH] Transform: cam[-0.131  0.469  0.172] → base[0.204 0.901 0.502]
[INFO] [1781233733.870741088] [coord_transform]: [GROUND_TRUTH] Transform: cam[-0.214  0.557  0.201] → base[0.288 0.989 0.531]
[INFO] [1781233735.873916981] [coord_transform]: [GROUND_TRUTH] Transform: cam[-0.234  0.588  0.154] → base[0.308 1.02  0.484]
[INFO] [1781233737.916961457] [coord_transform]: [GROUND_TRUTH] Transform: cam[-0.259  0.612  0.118] → base[0.333 1.044 0.448]
[INFO] [1781233739.608613012] [coord_transform]: Trạng thái tracking: STOPPED
[INFO] [1781233756.983178749] [coord_transform]: Deadband: HOLD at (0.236, -0.136, 0.054)
[INFO] [1781233757.021195551] [coord_transform]: Deadband: RELEASE — motion detected
[INFO] [1781233758.987168335] [coord_transform]: Deadband: HOLD at (0.236, -0.136, 0.054)
[INFO] [1781233759.023945292] [coord_transform]: Deadband: RELEASE — motion detected
[INFO] [1781233760.987364993] [coord_transform]: Deadband: HOLD at (0.236, -0.136, 0.054)
[INFO] [1781233761.026670388] [coord_transform]: Deadband: RELEASE — motion detected
[INFO] [1781233762.989821101] [coord_transform]: Deadband: HOLD at (0.236, -0.136, 0.054)
[INFO] [1781233763.033253429] [coord_transform]: Deadband: RELEASE — motion detected
[INFO] [1781233764.990604050] [coord_transform]: Deadband: HOLD at (0.236, -0.136, 0.054)
[INFO] [1781233765.092117969] [coord_transform]: Deadband: RELEASE — motion detected
[INFO] [1781233766.996378189] [coord_transform]: Deadband: HOLD at (0.236, -0.136, 0.054)
[INFO] [1781233767.094955354] [coord_transform]: Deadband: RELEASE — motion detected
[INFO] [1781233769.060640067] [coord_transform]: Deadband: HOLD at (0.236, -0.136, 0.054)
[INFO] [1781233769.096385149] [coord_transform]: Deadband: RELEASE — motion detected
[INFO] [1781233771.065571868] [coord_transform]: Deadband: HOLD at (0.236, -0.136, 0.054)
[INFO] [1781233771.099256902] [coord_transform]: Deadband: RELEASE — motion detected
[WARN] [1781233773.098361036] [coord_transform]: Outlier rejected #1 (jumped 301.0mm). Ignoring.
[WARN] [1781233773.131617960] [coord_transform]: Outlier rejected #2 (jumped 414.5mm). Ignoring.
[WARN] [1781233773.169143431] [coord_transform]: Outlier rejected #3 (jumped 305.7mm). Ignoring.
[WARN] [1781233773.200732389] [coord_transform]: Outlier rejected #4 (jumped 313.8mm). Ignoring.
[INFO] [1781233773.235319836] [coord_transform]: Too many outliers (5). Resetting filter to new position.
[WARN] [1781233774.624149938] [coord_transform]: Outlier rejected #1 (jumped 715.6mm). Ignoring.
[WARN] [1781233774.652332480] [coord_transform]: Outlier rejected #2 (jumped 717.5mm). Ignoring.
[WARN] [1781233774.682073827] [coord_transform]: Outlier rejected #3 (jumped 731.6mm). Ignoring.
[WARN] [1781233774.708490621] [coord_transform]: Outlier rejected #4 (jumped 771.9mm). Ignoring.
[INFO] [1781233774.743517705] [coord_transform]: Too many outliers (5). Resetting filter to new position.
[WARN] [1781233775.415693243] [coord_transform]: Outlier rejected #1 (jumped 452.7mm). Ignoring.
[WARN] [1781233781.611853160] [coord_transform]: Outlier rejected #2 (jumped 357.5mm). Ignoring.
[WARN] [1781233783.475038923] [coord_transform]: Outlier rejected #3 (jumped 1245.1mm). Ignoring.
[WARN] [1781233783.506655009] [coord_transform]: Outlier rejected #4 (jumped 1257.8mm). Ignoring.
[INFO] [1781233783.539055660] [coord_transform]: Too many outliers (5). Resetting filter to new position.
[WARN] [1781233785.643140265] [coord_transform]: Outlier rejected #1 (jumped 317.2mm). Ignoring.
[WARN] [1781233785.679152039] [coord_transform]: Outlier rejected #2 (jumped 303.4mm). Ignoring.
[WARN] [1781233785.707582172] [coord_transform]: Outlier rejected #3 (jumped 358.7mm). Ignoring.
[WARN] [1781233785.745821701] [coord_transform]: Outlier rejected #4 (jumped 407.4mm). Ignoring.
[INFO] [1781233785.779455081] [coord_transform]: Too many outliers (5). Resetting filter to new position.
[INFO] [1781233786.174620939] [coord_transform]: Deadband: HOLD at (0.236, -0.136, 0.054)
[INFO] [1781233786.209793108] [coord_transform]: Deadband: RELEASE — motion detected
[INFO] [1781233788.186168713] [coord_transform]: Deadband: HOLD at (0.236, -0.136, 0.054)
[INFO] [1781233788.217478189] [coord_transform]: Deadband: RELEASE — motion detected
[INFO] [1781233790.219952590] [coord_transform]: Deadband: RELEASE — motion detected
[INFO] [1781233790.262816952] [coord_transform]: Deadband: HOLD at (0.236, -0.136, 0.054)
[INFO] [1781233792.286719571] [coord_transform]: Deadband: RELEASE — motion detected
[INFO] [1781233792.314384694] [coord_transform]: Deadband: HOLD at (0.236, -0.136, 0.054)
[INFO] [1781233794.341743993] [coord_transform]: Deadband: RELEASE — motion detected
[INFO] [1781233794.376957544] [coord_transform]: Deadband: HOLD at (0.236, -0.136, 0.054)
[INFO] [1781233796.413713445] [coord_transform]: Deadband: RELEASE — motion detected
[INFO] [1781233796.442457418] [coord_transform]: Deadband: HOLD at (0.236, -0.136, 0.054)
[INFO] [1781233798.426363297] [coord_transform]: Deadband: RELEASE — motion detected
[INFO] [1781233798.463192919] [coord_transform]: Deadband: HOLD at (0.236, -0.136, 0.054)
[INFO] [1781233800.477177876] [coord_transform]: Deadband: RELEASE — motion detected
[INFO] [1781233800.510102130] [coord_transform]: Deadband: HOLD at (0.236, -0.136, 0.054)
[INFO] [1781233802.530635369] [coord_transform]: Deadband: RELEASE — motion detected
[INFO] [1781233802.574712755] [coord_transform]: Deadband: HOLD at (0.236, -0.136, 0.054)
[INFO] [1781233804.537125284] [coord_transform]: Deadband: RELEASE — motion detected
[INFO] [1781233804.632693237] [coord_transform]: Deadband: HOLD at (0.236, -0.136, 0.054)
[INFO] [1781233806.601797770] [coord_transform]: Deadband: RELEASE — motion detected
[INFO] [1781233806.693180312] [coord_transform]: Deadband: HOLD at (0.236, -0.136, 0.054)
[INFO] [1781233808.659504661] [coord_transform]: Deadband: RELEASE — motion detected
[INFO] [1781233808.697477428] [coord_transform]: Deadband: HOLD at (0.236, -0.136, 0.054)
[INFO] [1781233810.669130439] [coord_transform]: Deadband: RELEASE — motion detected
[INFO] [1781233810.703207058] [coord_transform]: Deadband: HOLD at (0.236, -0.136, 0.054)
[INFO] [1781233812.723447402] [coord_transform]: Deadband: RELEASE — motion detected
[INFO] [1781233812.759522212] [coord_transform]: Deadband: HOLD at (0.236, -0.136, 0.054)
[INFO] [1781233814.742698166] [coord_transform]: Deadband: RELEASE — motion detected
[INFO] [1781233814.778594708] [coord_transform]: Deadband: HOLD at (0.236, -0.136, 0.054)
[WARN] [1781233825.452350758] [coord_transform]: Outlier rejected #1 (jumped 164.5mm). Ignoring.
[WARN] [1781233825.486047064] [coord_transform]: Outlier rejected #2 (jumped 226.5mm). Ignoring.
[WARN] [1781233825.552156682] [coord_transform]: Outlier rejected #3 (jumped 418.2mm). Ignoring.
[WARN] [1781233885.865671671] [coord_transform]: Outlier rejected #1 (jumped 203.9mm). Ignoring.
[WARN] [1781233885.894526846] [coord_transform]: Outlier rejected #2 (jumped 207.9mm). Ignoring.
[WARN] [1781233885.927846837] [coord_transform]: Outlier rejected #3 (jumped 194.6mm). Ignoring.
[WARN] [1781233885.961098260] [coord_transform]: Outlier rejected #4 (jumped 219.4mm). Ignoring.
[INFO] [1781233885.999116544] [coord_transform]: Too many outliers (5). Resetting filter to new position.
[WARN] [1781233887.809512241] [coord_transform]: Outlier rejected #1 (jumped 157.7mm). Ignoring.
[WARN] [1781233888.832452345] [coord_transform]: Outlier rejected #1 (jumped 220.8mm). Ignoring.
[WARN] [1781233888.868192889] [coord_transform]: Outlier rejected #2 (jumped 162.1mm). Ignoring.
[WARN] [1781233889.897924942] [coord_transform]: Outlier rejected #1 (jumped 151.7mm). Ignoring.
[WARN] [1781233890.395192437] [coord_transform]: Outlier rejected #1 (jumped 176.2mm). Ignoring.
[WARN] [1781233890.430281893] [coord_transform]: Outlier rejected #2 (jumped 191.9mm). Ignoring.
[WARN] [1781233890.895104593] [coord_transform]: Outlier rejected #1 (jumped 201.6mm). Ignoring.
[WARN] [1781233893.504938457] [coord_transform]: Outlier rejected #1 (jumped 174.5mm). Ignoring.
[WARN] [1781233893.532321093] [coord_transform]: Outlier rejected #2 (jumped 174.5mm). Ignoring.
[WARN] [1781233895.464314974] [coord_transform]: Outlier rejected #1 (jumped 159.3mm). Ignoring.
[WARN] [1781233895.532956672] [coord_transform]: Outlier rejected #1 (jumped 254.0mm). Ignoring.
[WARN] [1781233895.574660721] [coord_transform]: Outlier rejected #2 (jumped 330.5mm). Ignoring.
[WARN] [1781233895.604374502] [coord_transform]: Outlier rejected #3 (jumped 337.0mm). Ignoring.
[WARN] [1781233895.636209558] [coord_transform]: Outlier rejected #4 (jumped 260.2mm). Ignoring.
[INFO] [1781233895.669405022] [coord_transform]: Too many outliers (5). Resetting filter to new position.
[WARN] [1781233902.537693972] [coord_transform]: Outlier rejected #1 (jumped 384.4mm). Ignoring.
[WARN] [1781233902.569497478] [coord_transform]: Outlier rejected #2 (jumped 381.5mm). Ignoring.
[WARN] [1781233902.608323166] [coord_transform]: Outlier rejected #3 (jumped 362.7mm). Ignoring.
[WARN] [1781233902.640616064] [coord_transform]: Outlier rejected #4 (jumped 359.3mm). Ignoring.
[INFO] [1781233902.676882327] [coord_transform]: Too many outliers (5). Resetting filter to new position.
[WARN] [1781233918.407623978] [coord_transform]: Outlier rejected #1 (jumped 182.2mm). Ignoring.
[WARN] [1781233919.574267031] [coord_transform]: Outlier rejected #1 (jumped 195.7mm). Ignoring.
[WARN] [1781233996.279734040] [coord_transform]: Outlier rejected #1 (jumped 505.2mm). Ignoring.
[WARN] [1781233996.310187541] [coord_transform]: Outlier rejected #2 (jumped 737.4mm). Ignoring.
[WARN] [1781233996.342398757] [coord_transform]: Outlier rejected #3 (jumped 220.4mm). Ignoring.
[WARN] [1781233996.375205341] [coord_transform]: Outlier rejected #4 (jumped 189.8mm). Ignoring.
[WARN] [1781234002.178546252] [coord_transform]: Outlier rejected #1 (jumped 155.3mm). Ignoring.
[WARN] [1781234002.217320362] [coord_transform]: Outlier rejected #2 (jumped 209.7mm). Ignoring.
[WARN] [1781234002.246392624] [coord_transform]: Outlier rejected #3 (jumped 187.5mm). Ignoring.
[WARN] [1781234002.279626214] [coord_transform]: Outlier rejected #4 (jumped 186.0mm). Ignoring.
[INFO] [1781234002.311015857] [coord_transform]: Too many outliers (5). Resetting filter to new position.
[WARN] [1781234002.709562065] [coord_transform]: Outlier rejected #1 (jumped 166.6mm). Ignoring.
[WARN] [1781234002.911693806] [coord_transform]: Outlier rejected #2 (jumped 290.4mm). Ignoring.
[WARN] [1781234002.942088094] [coord_transform]: Outlier rejected #3 (jumped 317.5mm). Ignoring.
[WARN] [1781234002.978369165] [coord_transform]: Outlier rejected #4 (jumped 329.7mm). Ignoring.
[INFO] [1781234003.013898967] [coord_transform]: Too many outliers (5). Resetting filter to new position.
[WARN] [1781234003.478396218] [coord_transform]: Outlier rejected #1 (jumped 193.9mm). Ignoring.
[WARN] [1781234003.883237907] [coord_transform]: Outlier rejected #1 (jumped 175.2mm). Ignoring.
[WARN] [1781234004.409334833] [coord_transform]: Outlier rejected #1 (jumped 200.0mm). Ignoring.
[WARN] [1781234004.445294763] [coord_transform]: Outlier rejected #2 (jumped 229.5mm). Ignoring.
[WARN] [1781234004.476744004] [coord_transform]: Outlier rejected #3 (jumped 202.8mm). Ignoring.
[WARN] [1781234004.518067042] [coord_transform]: Outlier rejected #4 (jumped 206.3mm). Ignoring.
[INFO] [1781234004.546386440] [coord_transform]: Too many outliers (5). Resetting filter to new position.
[WARN] [1781234026.647295500] [coord_transform]: Outlier rejected #1 (jumped 265.2mm). Ignoring.
[WARN] [1781234047.122670094] [coord_transform]: Outlier rejected #1 (jumped 320.1mm). Ignoring.
[WARN] [1781234047.159208679] [coord_transform]: Outlier rejected #2 (jumped 515.0mm). Ignoring.
[WARN] [1781234047.194386199] [coord_transform]: Outlier rejected #3 (jumped 256.3mm). Ignoring.
[WARN] [1781234047.226992312] [coord_transform]: Outlier rejected #4 (jumped 210.2mm). Ignoring.
[INFO] [1781234047.266784567] [coord_transform]: Too many outliers (5). Resetting filter to new position.
[WARN] [1781234057.089770402] [coord_transform]: Outlier rejected #1 (jumped 226.8mm). Ignoring.
[WARN] [1781234057.125738782] [coord_transform]: Outlier rejected #2 (jumped 234.1mm). Ignoring.
[WARN] [1781234057.167474496] [coord_transform]: Outlier rejected #3 (jumped 283.2mm). Ignoring.
[WARN] [1781234057.198701673] [coord_transform]: Outlier rejected #4 (jumped 395.5mm). Ignoring.
[INFO] [1781234057.232017292] [coord_transform]: Too many outliers (5). Resetting filter to new position.
[INFO] [1781234084.267092937] [coord_transform]: Re-sync camera init: [ 0.15  -0.064  0.02 ]
[INFO] [1781234084.267321005] [coord_transform]: Trạng thái tracking: RUNNING
[INFO] [1781234084.281825301] [coord_transform]: Deadband: RELEASE — motion detected
[INFO] [1781234084.283049688] [coord_transform]: [GROUND_TRUTH] Transform: cam[ 0.148 -0.055  0.02 ] → base[-0.16   0.305  0.384]
[INFO] [1781234084.413270104] [coord_transform]: Deadband: HOLD at (0.150, -0.064, 0.020)
[INFO] [1781234086.304604901] [coord_transform]: [GROUND_TRUTH] Transform: cam[ 0.15  -0.064  0.02 ] → base[-0.162  0.296  0.384]
[INFO] [1781234086.514101495] [coord_transform]: Deadband: RELEASE — motion detected
[INFO] [1781234086.556654883] [coord_transform]: Deadband: HOLD at (0.150, -0.064, 0.020)
[INFO] [1781234088.370791875] [coord_transform]: [GROUND_TRUTH] Transform: cam[ 0.145 -0.054  0.019] → base[-0.157  0.306  0.383]
[INFO] [1781234088.572539556] [coord_transform]: Deadband: RELEASE — motion detected
[INFO] [1781234088.601876198] [coord_transform]: Deadband: HOLD at (0.150, -0.064, 0.020)
[INFO] [1781234090.401729183] [coord_transform]: [GROUND_TRUTH] Transform: cam[ 0.146 -0.021  0.057] → base[-0.157  0.339  0.421]
[INFO] [1781234091.211971104] [coord_transform]: Deadband: HOLD at (0.150, -0.064, 0.020)
[INFO] [1781234091.237892354] [coord_transform]: Deadband: RELEASE — motion detected
[INFO] [1781234092.407059145] [coord_transform]: [GROUND_TRUTH] Transform: cam[0.186 0.186 0.248] → base[-0.198  0.546  0.612]
[INFO] [1781234094.408588474] [coord_transform]: [GROUND_TRUTH] Transform: cam[0.212 0.411 0.281] → base[-0.224  0.771  0.645]
[INFO] [1781234096.471320150] [coord_transform]: [GROUND_TRUTH] Transform: cam[0.203 0.406 0.277] → base[-0.215  0.766  0.641]
[INFO] [1781234098.474380818] [coord_transform]: [GROUND_TRUTH] Transform: cam[0.222 0.382 0.285] → base[-0.234  0.742  0.65 ]
[INFO] [1781234100.505531690] [coord_transform]: [GROUND_TRUTH] Transform: cam[0.21  0.413 0.28 ] → base[-0.222  0.773  0.645]
[WARN] [1781234100.938343627] [coord_transform]: Outlier rejected #1 (jumped 153.1mm). Ignoring.
[WARN] [1781234102.161220231] [coord_transform]: Outlier rejected #1 (jumped 187.2mm). Ignoring.
[WARN] [1781234102.195730602] [coord_transform]: Outlier rejected #2 (jumped 347.9mm). Ignoring.
[WARN] [1781234102.451421854] [coord_transform]: Outlier rejected #1 (jumped 208.3mm). Ignoring.
[INFO] [1781234102.515806883] [coord_transform]: [GROUND_TRUTH] Transform: cam[-0.005 -0.098  0.283] → base[-0.007  0.262  0.647]
[INFO] [1781234104.543090698] [coord_transform]: [GROUND_TRUTH] Transform: cam[0.242 0.405 0.308] → base[-0.254  0.765  0.673]
[INFO] [1781234106.609268986] [coord_transform]: [GROUND_TRUTH] Transform: cam[0.226 0.401 0.286] → base[-0.238  0.761  0.65 ]
[WARN] [1781234108.508507652] [coord_transform]: Outlier rejected #1 (jumped 197.6mm). Ignoring.
[WARN] [1781234108.544450880] [coord_transform]: Outlier rejected #2 (jumped 178.4mm). Ignoring.
[WARN] [1781234108.576708055] [coord_transform]: Outlier rejected #3 (jumped 199.2mm). Ignoring.
[WARN] [1781234108.613985983] [coord_transform]: Outlier rejected #4 (jumped 193.6mm). Ignoring.
[INFO] [1781234108.646856459] [coord_transform]: Too many outliers (5). Resetting filter to new position.
[INFO] [1781234108.648566193] [coord_transform]: [GROUND_TRUTH] Transform: cam[0.137 0.327 0.278] → base[-0.149  0.687  0.642]
[INFO] [1781234110.684912677] [coord_transform]: [GROUND_TRUTH] Transform: cam[0.233 0.382 0.277] → base[-0.245  0.742  0.641]
[INFO] [1781234112.718335788] [coord_transform]: [GROUND_TRUTH] Transform: cam[0.217 0.364 0.277] → base[-0.229  0.724  0.641]
[WARN] [1781234114.050681268] [coord_transform]: Outlier rejected #1 (jumped 160.0mm). Ignoring.
[WARN] [1781234114.118529177] [coord_transform]: Outlier rejected #1 (jumped 153.2mm). Ignoring.
[INFO] [1781234114.743928205] [coord_transform]: [GROUND_TRUTH] Transform: cam[-0.02   0.021  0.231] → base[0.008 0.381 0.595]
[INFO] [1781234116.145685331] [coord_transform]: Deadband: HOLD at (0.150, -0.064, 0.020)
[INFO] [1781234116.180714161] [coord_transform]: Deadband: RELEASE — motion detected
[INFO] [1781234116.745597990] [coord_transform]: [GROUND_TRUTH] Transform: cam[ 0.15  -0.064  0.02 ] → base[-0.162  0.296  0.384]
[WARN] [1781234117.151031308] [coord_transform]: Outlier rejected #1 (jumped 190.8mm). Ignoring.
[WARN] [1781234117.182122682] [coord_transform]: Outlier rejected #2 (jumped 241.2mm). Ignoring.
[WARN] [1781234117.215738730] [coord_transform]: Outlier rejected #3 (jumped 312.4mm). Ignoring.
[WARN] [1781234117.248201077] [coord_transform]: Outlier rejected #4 (jumped 331.5mm). Ignoring.
[INFO] [1781234117.281763092] [coord_transform]: Too many outliers (5). Resetting filter to new position.
[INFO] [1781234118.859343766] [coord_transform]: [GROUND_TRUTH] Transform: cam[0.21  0.402 0.271] → base[-0.222  0.762  0.635]
[INFO] [1781234120.052757683] [coord_transform]: Deadband: HOLD at (0.150, -0.064, 0.020)
[INFO] [1781234120.085400343] [coord_transform]: Deadband: RELEASE — motion detected
[INFO] [1781234120.887368986] [coord_transform]: [GROUND_TRUTH] Transform: cam[0.127 0.015 0.067] → base[-0.139  0.375  0.431]
[INFO] [1781234122.920069036] [coord_transform]: [GROUND_TRUTH] Transform: cam[ 0.135 -0.032  0.072] → base[-0.147  0.328  0.436]
[INFO] [1781234122.961495252] [coord_transform]: Trạng thái tracking: STOPPED
[INFO] [1781234131.218159545] [coord_transform]: Deadband: HOLD at (0.150, -0.064, 0.020)
[INFO] [1781234131.257860162] [coord_transform]: Deadband: RELEASE — motion detected
[INFO] [1781234133.776528736] [coord_transform]: Re-sync camera init: [0.129 0.026 0.073]
[INFO] [1781234133.776980438] [coord_transform]: Trạng thái tracking: RUNNING
[INFO] [1781234133.785684017] [coord_transform]: Deadband: RELEASE — motion detected
[INFO] [1781234133.787024474] [coord_transform]: [GROUND_TRUTH] Transform: cam[0.13  0.017 0.073] → base[-0.164  0.287  0.384]
[INFO] [1781234133.917640289] [coord_transform]: Deadband: HOLD at (0.129, 0.026, 0.073)
[INFO] [1781234135.813699672] [coord_transform]: [GROUND_TRUTH] Transform: cam[0.129 0.026 0.073] → base[-0.162  0.296  0.384]
[INFO] [1781234135.850892422] [coord_transform]: Deadband: RELEASE — motion detected
[INFO] [1781234135.964902741] [coord_transform]: Deadband: HOLD at (0.129, 0.026, 0.073)
[INFO] [1781234137.848141791] [coord_transform]: [GROUND_TRUTH] Transform: cam[0.121 0.057 0.122] → base[-0.154  0.327  0.432]
[INFO] [1781234138.102514682] [coord_transform]: Deadband: HOLD at (0.129, 0.026, 0.073)
[INFO] [1781234138.138070778] [coord_transform]: Deadband: RELEASE — motion detected
[INFO] [1781234139.854845081] [coord_transform]: [GROUND_TRUTH] Transform: cam[0.137 0.208 0.236] → base[-0.17   0.477  0.547]
[INFO] [1781234141.873584389] [coord_transform]: [GROUND_TRUTH] Transform: cam[0.105 0.363 0.223] → base[-0.138  0.633  0.534]
[INFO] [1781234143.890693324] [coord_transform]: [GROUND_TRUTH] Transform: cam[0.049 0.087 0.214] → base[-0.082  0.356  0.525]
[INFO] [1781234144.885295899] [coord_transform]: Trạng thái tracking: STOPPED
[WARN] [1781234144.927118887] [coord_transform]: Outlier rejected #1 (jumped 540.6mm). Ignoring.
[WARN] [1781234144.957018824] [coord_transform]: Outlier rejected #2 (jumped 514.9mm). Ignoring.
[WARN] [1781234144.992978781] [coord_transform]: Outlier rejected #3 (jumped 330.8mm). Ignoring.
[WARN] [1781234145.023455697] [coord_transform]: Outlier rejected #4 (jumped 302.3mm). Ignoring.
[INFO] [1781234145.056470823] [coord_transform]: Too many outliers (5). Resetting filter to new position.
[WARN] [1781234148.277288037] [coord_transform]: Outlier rejected #1 (jumped 598.4mm). Ignoring.
[WARN] [1781234148.309321255] [coord_transform]: Outlier rejected #2 (jumped 608.9mm). Ignoring.
[WARN] [1781234148.339146158] [coord_transform]: Outlier rejected #3 (jumped 653.3mm). Ignoring.
[WARN] [1781234148.375002008] [coord_transform]: Outlier rejected #4 (jumped 694.9mm). Ignoring.
[INFO] [1781234156.341503154] [coord_transform]: Too many outliers (5). Resetting filter to new position.
[WARN] [1781234180.879269750] [coord_transform]: Outlier rejected #1 (jumped 1581.7mm). Ignoring.
[WARN] [1781234180.914971315] [coord_transform]: Outlier rejected #2 (jumped 1583.6mm). Ignoring.
[WARN] [1781234180.948446679] [coord_transform]: Outlier rejected #3 (jumped 1538.7mm). Ignoring.
[WARN] [1781234180.986082476] [coord_transform]: Outlier rejected #4 (jumped 1559.0mm). Ignoring.
[INFO] [1781234181.019905641] [coord_transform]: Too many outliers (5). Resetting filter to new position.
[WARN] [1781234189.645385251] [coord_transform]: Outlier rejected #1 (jumped 1411.1mm). Ignoring.
[WARN] [1781234189.677677062] [coord_transform]: Outlier rejected #2 (jumped 1420.8mm). Ignoring.
[WARN] [1781234189.713500388] [coord_transform]: Outlier rejected #3 (jumped 1447.9mm). Ignoring.
[WARN] [1781234189.747183626] [coord_transform]: Outlier rejected #4 (jumped 1421.0mm). Ignoring.
[INFO] [1781234189.780080706] [coord_transform]: Too many outliers (5). Resetting filter to new position.
[INFO] [1781234190.277887267] [coord_transform]: Deadband: HOLD at (0.129, 0.026, 0.073)
[INFO] [1781234190.305434453] [coord_transform]: Deadband: RELEASE — motion detected
[INFO] [1781234192.317340822] [coord_transform]: Deadband: HOLD at (0.129, 0.026, 0.073)
[INFO] [1781234192.348179763] [coord_transform]: Deadband: RELEASE — motion detected
[INFO] [1781234197.621471357] [coord_transform]: Deadband: HOLD at (0.129, 0.026, 0.073)
[INFO] [1781234197.656857748] [coord_transform]: Deadband: RELEASE — motion detected
[INFO] [1781234199.998506614] [coord_transform]: Deadband: HOLD at (0.129, 0.026, 0.073)
[INFO] [1781234200.026624468] [coord_transform]: Deadband: RELEASE — motion detected
[INFO] [1781234202.048871191] [coord_transform]: Deadband: HOLD at (0.129, 0.026, 0.073)
[INFO] [1781234202.090122972] [coord_transform]: Deadband: RELEASE — motion detected
[WARN] [1781234203.937806728] [coord_transform]: Outlier rejected #1 (jumped 644.3mm). Ignoring.
[WARN] [1781234203.977198463] [coord_transform]: Outlier rejected #2 (jumped 708.1mm). Ignoring.
[WARN] [1781234204.007534245] [coord_transform]: Outlier rejected #3 (jumped 728.8mm). Ignoring.
[WARN] [1781234204.039530143] [coord_transform]: Outlier rejected #4 (jumped 743.5mm). Ignoring.
[INFO] [1781234204.074679546] [coord_transform]: Too many outliers (5). Resetting filter to new position.
[INFO] [1781234206.475892612] [coord_transform]: Deadband: HOLD at (0.129, 0.026, 0.073)
[INFO] [1781234206.512115983] [coord_transform]: Deadband: RELEASE — motion detected
[INFO] [1781234212.889615130] [coord_transform]: Deadband: HOLD at (0.129, 0.026, 0.073)
[INFO] [1781234212.922881657] [coord_transform]: Deadband: RELEASE — motion detected
[INFO] [1781234213.195122541] [coord_transform]: Re-sync camera init: [ 0.139 -0.027  0.06 ]
[INFO] [1781234213.195787899] [coord_transform]: Trạng thái tracking: RUNNING
[INFO] [1781234213.200480657] [coord_transform]: [GROUND_TRUTH] Transform: cam[ 0.135 -0.009  0.061] → base[-0.158  0.314  0.385]
[INFO] [1781234215.226962980] [coord_transform]: [GROUND_TRUTH] Transform: cam[0.126 0.046 0.11 ] → base[-0.149  0.369  0.434]
[INFO] [1781234217.250629335] [coord_transform]: [GROUND_TRUTH] Transform: cam[0.063 0.134 0.222] → base[-0.086  0.457  0.545]
[INFO] [1781234219.276765355] [coord_transform]: [GROUND_TRUTH] Transform: cam[0.009 0.334 0.305] → base[-0.032  0.657  0.628]
[INFO] [1781234221.303257021] [coord_transform]: [GROUND_TRUTH] Transform: cam[-0.074  0.653  0.329] → base[0.051 0.976 0.653]
[INFO] [1781234223.326184100] [coord_transform]: [GROUND_TRUTH] Transform: cam[-0.135  0.853  0.28 ] → base[0.112 1.176 0.604]
[INFO] [1781234225.362942030] [coord_transform]: [GROUND_TRUTH] Transform: cam[-0.156  0.854  0.281] → base[0.133 1.177 0.604]
[INFO] [1781234227.413407875] [coord_transform]: [GROUND_TRUTH] Transform: cam[-0.154  0.91   0.181] → base[0.131 1.233 0.505]
[INFO] [1781234229.431604861] [coord_transform]: [GROUND_TRUTH] Transform: cam[-0.14   0.779  0.347] → base[0.117 1.102 0.671]
[INFO] [1781234231.435097714] [coord_transform]: [GROUND_TRUTH] Transform: cam[-0.16   0.681  0.349] → base[0.137 1.004 0.672]
[INFO] [1781234233.461267967] [coord_transform]: [GROUND_TRUTH] Transform: cam[-0.262  0.744  0.331] → base[0.239 1.067 0.654]
[INFO] [1781234235.473505604] [coord_transform]: [GROUND_TRUTH] Transform: cam[-0.303  0.805  0.306] → base[0.28  1.128 0.63 ]
[INFO] [1781234237.491900310] [coord_transform]: [GROUND_TRUTH] Transform: cam[-0.281  0.756  0.258] → base[0.258 1.079 0.582]
[INFO] [1781234239.508228042] [coord_transform]: [GROUND_TRUTH] Transform: cam[-0.288  0.644  0.112] → base[0.265 0.967 0.435]
[INFO] [1781234241.538681645] [coord_transform]: [GROUND_TRUTH] Transform: cam[-0.304  0.643  0.109] → base[0.281 0.966 0.433]
[INFO] [1781234243.540847549] [coord_transform]: [GROUND_TRUTH] Transform: cam[-0.28   0.561  0.192] → base[0.257 0.884 0.515]
[INFO] [1781234245.543105297] [coord_transform]: [GROUND_TRUTH] Transform: cam[-0.293  0.563  0.315] → base[0.27  0.886 0.638]
[INFO] [1781234247.550861064] [coord_transform]: [GROUND_TRUTH] Transform: cam[-0.31   0.498  0.418] → base[0.287 0.821 0.742]
[WARN] [1781234247.954461114] [coord_transform]: Outlier rejected #1 (jumped 153.2mm). Ignoring.
[WARN] [1781234247.981610761] [coord_transform]: Outlier rejected #2 (jumped 150.4mm). Ignoring.
[WARN] [1781234248.017816129] [coord_transform]: Outlier rejected #3 (jumped 157.0mm). Ignoring.
[WARN] [1781234248.052322968] [coord_transform]: Outlier rejected #4 (jumped 177.5mm). Ignoring.
[INFO] [1781234248.085617217] [coord_transform]: Too many outliers (5). Resetting filter to new position.
[INFO] [1781234249.581824484] [coord_transform]: [GROUND_TRUTH] Transform: cam[-0.273  0.442  0.391] → base[0.25  0.765 0.715]
[INFO] [1781234251.584116296] [coord_transform]: [GROUND_TRUTH] Transform: cam[-0.237  0.284  0.379] → base[0.214 0.607 0.702]
[WARN] [1781234252.855996110] [coord_transform]: Outlier rejected #1 (jumped 198.6mm). Ignoring.
[WARN] [1781234252.895708694] [coord_transform]: Outlier rejected #2 (jumped 193.8mm). Ignoring.
[WARN] [1781234253.088224035] [coord_transform]: Outlier rejected #1 (jumped 156.6mm). Ignoring.
[INFO] [1781234253.589708808] [coord_transform]: [GROUND_TRUTH] Transform: cam[-0.212  0.219  0.388] → base[0.189 0.542 0.712]
[INFO] [1781234255.592049092] [coord_transform]: [GROUND_TRUTH] Transform: cam[-0.164  0.306  0.342] → base[0.141 0.629 0.665]
[INFO] [1781234257.596346118] [coord_transform]: [GROUND_TRUTH] Transform: cam[-0.101  0.264  0.327] → base[0.078 0.587 0.651]
[INFO] [1781234259.611169458] [coord_transform]: [GROUND_TRUTH] Transform: cam[-0.033  0.369  0.313] → base[0.01  0.691 0.637]
[INFO] [1781234261.633592662] [coord_transform]: [GROUND_TRUTH] Transform: cam[-0.084  0.71   0.307] → base[0.061 1.033 0.631]
[INFO] [1781234263.639398001] [coord_transform]: [GROUND_TRUTH] Transform: cam[-0.119  0.772  0.248] → base[0.096 1.095 0.571]
[INFO] [1781234265.678968848] [coord_transform]: [GROUND_TRUTH] Transform: cam[-0.08   0.628  0.137] → base[0.057 0.951 0.46 ]
[INFO] [1781234272.751381704] [coord_transform]: [GROUND_TRUTH] Transform: cam[-0.059  0.701  0.137] → base[0.036 1.024 0.46 ]
[INFO] [1781234274.781878744] [coord_transform]: [GROUND_TRUTH] Transform: cam[-0.11   0.6    0.345] → base[0.087 0.923 0.668]
[INFO] [1781234276.793817612] [coord_transform]: [GROUND_TRUTH] Transform: cam[-0.172  0.464  0.465] → base[0.149 0.787 0.788]
[INFO] [1781234278.823668255] [coord_transform]: [GROUND_TRUTH] Transform: cam[-0.15   0.519  0.395] → base[0.127 0.842 0.719]
[INFO] [1781234280.830137255] [coord_transform]: [GROUND_TRUTH] Transform: cam[-0.124  0.393  0.447] → base[0.101 0.716 0.77 ]
[INFO] [1781234282.842481358] [coord_transform]: [GROUND_TRUTH] Transform: cam[-0.369  0.314  0.489] → base[0.346 0.637 0.813]
[INFO] [1781234284.866475214] [coord_transform]: [GROUND_TRUTH] Transform: cam[-0.288  0.276  0.444] → base[0.265 0.599 0.768]
[INFO] [1781234286.898629375] [coord_transform]: [GROUND_TRUTH] Transform: cam[0.035 0.255 0.505] → base[-0.058  0.578  0.829]
[INFO] [1781234288.903093046] [coord_transform]: [GROUND_TRUTH] Transform: cam[0.085 0.33  0.534] → base[-0.107  0.653  0.858]
[INFO] [1781234290.933169058] [coord_transform]: [GROUND_TRUTH] Transform: cam[-0.075  0.639  0.51 ] → base[0.052 0.962 0.833]
[INFO] [1781234292.968401848] [coord_transform]: [GROUND_TRUTH] Transform: cam[-0.055  0.714  0.388] → base[0.032 1.037 0.711]
[INFO] [1781234294.969128199] [coord_transform]: [GROUND_TRUTH] Transform: cam[0.008 0.693 0.23 ] → base[-0.031  1.016  0.553]
[INFO] [1781234296.972964314] [coord_transform]: [GROUND_TRUTH] Transform: cam[-0.019  0.78   0.17 ] → base[-0.004  1.103  0.493]
[INFO] [1781234299.010433871] [coord_transform]: [GROUND_TRUTH] Transform: cam[-0.059  0.796  0.163] → base[0.036 1.119 0.486]
[INFO] [1781234299.259312176] [coord_transform]: Trạng thái tracking: STOPPED
[WARN] [1781234318.801383521] [coord_transform]: Outlier rejected #1 (jumped 827.0mm). Ignoring.
[WARN] [1781234318.831274816] [coord_transform]: Outlier rejected #2 (jumped 827.0mm). Ignoring.
[WARN] [1781234318.863260976] [coord_transform]: Outlier rejected #3 (jumped 817.9mm). Ignoring.
[WARN] [1781234318.894673141] [coord_transform]: Outlier rejected #4 (jumped 758.1mm). Ignoring.
[INFO] [1781234318.929717902] [coord_transform]: Too many outliers (5). Resetting filter to new position.
[WARN] [1781234321.127990843] [coord_transform]: Outlier rejected #1 (jumped 153.4mm). Ignoring.
[WARN] [1781234321.166218974] [coord_transform]: Outlier rejected #2 (jumped 210.5mm). Ignoring.
[WARN] [1781234321.194826444] [coord_transform]: Outlier rejected #3 (jumped 257.1mm). Ignoring.
[WARN] [1781234321.228751946] [coord_transform]: Outlier rejected #4 (jumped 276.2mm). Ignoring.
[INFO] [1781234321.260810693] [coord_transform]: Too many outliers (5). Resetting filter to new position.
[WARN] [1781234323.769253542] [coord_transform]: Outlier rejected #1 (jumped 155.5mm). Ignoring.
[WARN] [1781234323.800884526] [coord_transform]: Outlier rejected #2 (jumped 198.2mm). Ignoring.
[WARN] [1781234323.997833319] [coord_transform]: Outlier rejected #1 (jumped 185.4mm). Ignoring.
[WARN] [1781234324.033104874] [coord_transform]: Outlier rejected #2 (jumped 160.3mm). Ignoring.
[INFO] [1781234324.123078549] [coord_transform]: Đã chuyển mode: ground_truth -> prediction
[WARN] [1781234324.274910857] [coord_transform]: Outlier rejected #1 (jumped 159.4mm). Ignoring.
[WARN] [1781234324.320700742] [coord_transform]: Outlier rejected #2 (jumped 241.0mm). Ignoring.
[WARN] [1781234324.348736867] [coord_transform]: Outlier rejected #3 (jumped 537.0mm). Ignoring.
[INFO] [1781234324.417769541] [coord_transform]: Deadband: HOLD at (0.139, -0.027, 0.060)
[INFO] [1781234324.424255494] [coord_transform]: [SNAP ON] Tay đứng yên, GRU lệch 8.5cm (< 10cm). Snap prediction về actual hand.
[INFO] [1781234324.453964770] [coord_transform]: Deadband: RELEASE — motion detected
[INFO] [1781234324.460174936] [coord_transform]: [SNAP OFF] Tay di chuyển lại. Thả snap.
[INFO] [1781234324.521820835] [coord_transform]: [SNAP OFF] Tay di chuyển lại. Thả snap.
[WARN] [1781234324.583431373] [coord_transform]: Outlier rejected #1 (jumped 160.7mm). Ignoring.
[WARN] [1781234324.615311169] [coord_transform]: Outlier rejected #2 (jumped 160.3mm). Ignoring.
[WARN] [1781234327.264249120] [coord_transform]: Outlier rejected #3 (jumped 161.2mm). Ignoring.
[WARN] [1781234327.304387475] [coord_transform]: Outlier rejected #4 (jumped 197.1mm). Ignoring.
[INFO] [1781234327.333372475] [coord_transform]: Too many outliers (5). Resetting filter to new position.
[INFO] [1781234327.371247663] [coord_transform]: Deadband: HOLD at (0.139, -0.027, 0.060)
[INFO] [1781234327.377908557] [coord_transform]: [SNAP ON] Tay đứng yên, GRU lệch 8.5cm (< 10cm). Snap prediction về actual hand.
[INFO] [1781234327.407095018] [coord_transform]: Deadband: RELEASE — motion detected
[INFO] [1781234327.413162309] [coord_transform]: [SNAP OFF] Tay di chuyển lại. Thả snap.
[INFO] [1781234327.473246992] [coord_transform]: [SNAP OFF] Tay di chuyển lại. Thả snap.
[INFO] [1781234327.575427287] [coord_transform]: [SNAP OFF] Tay di chuyển lại. Thả snap.
[INFO] [1781234327.651330171] [coord_transform]: [SNAP OFF] Tay di chuyển lại. Thả snap.
[INFO] [1781234327.721973872] [coord_transform]: [SNAP OFF] Tay di chuyển lại. Thả snap.
[INFO] [1781234328.814121483] [coord_transform]: [SNAP ON] Tay đứng yên, GRU lệch 8.6cm (< 10cm). Snap prediction về actual hand.
[INFO] [1781234328.849905887] [coord_transform]: [SNAP OFF] Tay di chuyển lại. Thả snap.
[INFO] [1781234328.916093826] [coord_transform]: [SNAP OFF] Tay di chuyển lại. Thả snap.
[INFO] [1781234328.973821940] [coord_transform]: [SNAP OFF] Tay di chuyển lại. Thả snap.
[INFO] [1781234329.038588315] [coord_transform]: [SNAP OFF] Tay di chuyển lại. Thả snap.
[INFO] [1781234329.108487474] [coord_transform]: [SNAP OFF] Tay di chuyển lại. Thả snap.
[INFO] [1781234329.180306536] [coord_transform]: [SNAP OFF] Tay di chuyển lại. Thả snap.
[INFO] [1781234329.246488652] [coord_transform]: [SNAP OFF] Tay di chuyển lại. Thả snap.
[INFO] [1781234329.306344660] [coord_transform]: [SNAP OFF] Tay di chuyển lại. Thả snap.
[INFO] [1781234329.371101660] [coord_transform]: [SNAP OFF] Tay di chuyển lại. Thả snap.
[INFO] [1781234329.406925451] [coord_transform]: Deadband: HOLD at (0.139, -0.027, 0.060)
[INFO] [1781234329.440360987] [coord_transform]: Deadband: RELEASE — motion detected
[INFO] [1781234329.441504629] [coord_transform]: [SNAP OFF] Tay di chuyển lại. Thả snap.
[INFO] [1781234329.506378301] [coord_transform]: [SNAP OFF] Tay di chuyển lại. Thả snap.
[INFO] [1781234329.574686300] [coord_transform]: [SNAP OFF] Tay di chuyển lại. Thả snap.
[INFO] [1781234329.645192825] [coord_transform]: [SNAP OFF] Tay di chuyển lại. Thả snap.
[INFO] [1781234329.715972959] [coord_transform]: [SNAP OFF] Tay di chuyển lại. Thả snap.
[INFO] [1781234329.784337232] [coord_transform]: [SNAP OFF] Tay di chuyển lại. Thả snap.
[INFO] [1781234329.830885242] [coord_transform]: [SNAP ON] Tay đứng yên, GRU lệch 5.6cm (< 10cm). Snap prediction về actual hand.
[INFO] [1781234329.860966581] [coord_transform]: [SNAP OFF] Tay di chuyển lại. Thả snap.
[INFO] [1781234329.923955831] [coord_transform]: [SNAP OFF] Tay di chuyển lại. Thả snap.
[INFO] [1781234329.992504599] [coord_transform]: [SNAP OFF] Tay di chuyển lại. Thả snap.
[INFO] [1781234330.064690150] [coord_transform]: [SNAP OFF] Tay di chuyển lại. Thả snap.
[INFO] [1781234330.134849292] [coord_transform]: [SNAP OFF] Tay di chuyển lại. Thả snap.
[INFO] [1781234330.201557233] [coord_transform]: [SNAP OFF] Tay di chuyển lại. Thả snap.
[INFO] [1781234330.268574953] [coord_transform]: [SNAP OFF] Tay di chuyển lại. Thả snap.
[INFO] [1781234330.339642767] [coord_transform]: [SNAP OFF] Tay di chuyển lại. Thả snap.
[INFO] [1781234330.403993843] [coord_transform]: [SNAP OFF] Tay di chuyển lại. Thả snap.
[INFO] [1781234330.471170155] [coord_transform]: [SNAP OFF] Tay di chuyển lại. Thả snap.
[INFO] [1781234330.545124449] [coord_transform]: [SNAP OFF] Tay di chuyển lại. Thả snap.
[INFO] [1781234330.616590096] [coord_transform]: [SNAP OFF] Tay di chuyển lại. Thả snap.
[INFO] [1781234330.681305920] [coord_transform]: [SNAP OFF] Tay di chuyển lại. Thả snap.
[INFO] [1781234330.746703084] [coord_transform]: [SNAP OFF] Tay di chuyển lại. Thả snap.
[INFO] [1781234330.810550458] [coord_transform]: [SNAP OFF] Tay di chuyển lại. Thả snap.
[INFO] [1781234330.845159868] [coord_transform]: [SNAP ON] Tay đứng yên, GRU lệch 9.4cm (< 10cm). Snap prediction về actual hand.
[INFO] [1781234330.879237283] [coord_transform]: [SNAP OFF] Tay di chuyển lại. Thả snap.
[INFO] [1781234330.941610219] [coord_transform]: [SNAP OFF] Tay di chuyển lại. Thả snap.
[INFO] [1781234331.004054274] [coord_transform]: [SNAP OFF] Tay di chuyển lại. Thả snap.
[INFO] [1781234331.069581262] [coord_transform]: [SNAP OFF] Tay di chuyển lại. Thả snap.
[INFO] [1781234331.134210161] [coord_transform]: [SNAP OFF] Tay di chuyển lại. Thả snap.
[INFO] [1781234331.209294898] [coord_transform]: [SNAP OFF] Tay di chuyển lại. Thả snap.
[INFO] [1781234331.277268238] [coord_transform]: [SNAP OFF] Tay di chuyển lại. Thả snap.
[INFO] [1781234331.341579940] [coord_transform]: [SNAP OFF] Tay di chuyển lại. Thả snap.
[INFO] [1781234331.410401509] [coord_transform]: [SNAP OFF] Tay di chuyển lại. Thả snap.
[INFO] [1781234331.435543939] [coord_transform]: Deadband: HOLD at (0.139, -0.027, 0.060)
[INFO] [1781234331.469031119] [coord_transform]: Deadband: RELEASE — motion detected
[INFO] [1781234331.477549659] [coord_transform]: [SNAP OFF] Tay di chuyển lại. Thả snap.
[INFO] [1781234331.543286014] [coord_transform]: [SNAP OFF] Tay di chuyển lại. Thả snap.
[INFO] [1781234331.621445920] [coord_transform]: [SNAP OFF] Tay di chuyển lại. Thả snap.
[INFO] [1781234331.685709135] [coord_transform]: [SNAP OFF] Tay di chuyển lại. Thả snap.
[INFO] [1781234331.754560715] [coord_transform]: [SNAP OFF] Tay di chuyển lại. Thả snap.
[INFO] [1781234331.816833729] [coord_transform]: [SNAP OFF] Tay di chuyển lại. Thả snap.
[INFO] [1781234331.856802291] [coord_transform]: [SNAP ON] Tay đứng yên, GRU lệch 8.1cm (< 10cm). Snap prediction về actual hand.
[INFO] [1781234331.884149712] [coord_transform]: [SNAP OFF] Tay di chuyển lại. Thả snap.
[INFO] [1781234331.950225173] [coord_transform]: [SNAP OFF] Tay di chuyển lại. Thả snap.
[INFO] [1781234332.016203987] [coord_transform]: [SNAP OFF] Tay di chuyển lại. Thả snap.
[INFO] [1781234332.083343917] [coord_transform]: [SNAP OFF] Tay di chuyển lại. Thả snap.
[INFO] [1781234332.156002578] [coord_transform]: [SNAP OFF] Tay di chuyển lại. Thả snap.
[INFO] [1781234332.221232031] [coord_transform]: [SNAP OFF] Tay di chuyển lại. Thả snap.
[INFO] [1781234332.282682003] [coord_transform]: [SNAP OFF] Tay di chuyển lại. Thả snap.
[INFO] [1781234332.353424418] [coord_transform]: [SNAP OFF] Tay di chuyển lại. Thả snap.
[INFO] [1781234332.430279230] [coord_transform]: [SNAP OFF] Tay di chuyển lại. Thả snap.
[INFO] [1781234332.495572871] [coord_transform]: [SNAP OFF] Tay di chuyển lại. Thả snap.
[INFO] [1781234332.557113534] [coord_transform]: [SNAP OFF] Tay di chuyển lại. Thả snap.
[INFO] [1781234332.627275606] [coord_transform]: [SNAP OFF] Tay di chuyển lại. Thả snap.
[INFO] [1781234332.693328097] [coord_transform]: [SNAP OFF] Tay di chuyển lại. Thả snap.
[INFO] [1781234332.755158988] [coord_transform]: [SNAP OFF] Tay di chuyển lại. Thả snap.
[INFO] [1781234332.817153636] [coord_transform]: [SNAP OFF] Tay di chuyển lại. Thả snap.
[INFO] [1781234332.889790089] [coord_transform]: [SNAP OFF] Tay di chuyển lại. Thả snap.
[INFO] [1781234332.919010138] [coord_transform]: [SNAP ON] Tay đứng yên, GRU lệch 8.1cm (< 10cm). Snap prediction về actual hand.
[INFO] [1781234332.952324130] [coord_transform]: [SNAP OFF] Tay di chuyển lại. Thả snap.
[INFO] [1781234333.018457920] [coord_transform]: [SNAP OFF] Tay di chuyển lại. Thả snap.
[INFO] [1781234333.087222201] [coord_transform]: [SNAP OFF] Tay di chuyển lại. Thả snap.
[INFO] [1781234333.149940366] [coord_transform]: [SNAP OFF] Tay di chuyển lại. Thả snap.
[INFO] [1781234333.221107635] [coord_transform]: [SNAP OFF] Tay di chuyển lại. Thả snap.
[INFO] [1781234333.290763542] [coord_transform]: [SNAP OFF] Tay di chuyển lại. Thả snap.
[INFO] [1781234333.358720727] [coord_transform]: [SNAP OFF] Tay di chuyển lại. Thả snap.
[INFO] [1781234333.427199916] [coord_transform]: [SNAP OFF] Tay di chuyển lại. Thả snap.
[INFO] [1781234333.454582679] [coord_transform]: Deadband: HOLD at (0.139, -0.027, 0.060)
[INFO] [1781234333.485134938] [coord_transform]: Deadband: RELEASE — motion detected
[INFO] [1781234333.495121515] [coord_transform]: [SNAP OFF] Tay di chuyển lại. Thả snap.
[INFO] [1781234333.557238977] [coord_transform]: [SNAP OFF] Tay di chuyển lại. Thả snap.
[INFO] [1781234333.633108465] [coord_transform]: [SNAP OFF] Tay di chuyển lại. Thả snap.
[INFO] [1781234333.698860511] [coord_transform]: [SNAP OFF] Tay di chuyển lại. Thả snap.
[INFO] [1781234333.760592571] [coord_transform]: [SNAP OFF] Tay di chuyển lại. Thả snap.
[INFO] [1781234333.830311374] [coord_transform]: [SNAP OFF] Tay di chuyển lại. Thả snap.
[INFO] [1781234333.891231266] [coord_transform]: [SNAP OFF] Tay di chuyển lại. Thả snap.
[INFO] [1781234333.925487967] [coord_transform]: [SNAP ON] Tay đứng yên, GRU lệch 8.5cm (< 10cm). Snap prediction về actual hand.
[INFO] [1781234333.964835049] [coord_transform]: [SNAP OFF] Tay di chuyển lại. Thả snap.
[INFO] [1781234334.031511647] [coord_transform]: [SNAP OFF] Tay di chuyển lại. Thả snap.
[INFO] [1781234334.098631206] [coord_transform]: [SNAP OFF] Tay di chuyển lại. Thả snap.
[INFO] [1781234334.162141115] [coord_transform]: [SNAP OFF] Tay di chuyển lại. Thả snap.
[INFO] [1781234334.230852187] [coord_transform]: [SNAP OFF] Tay di chuyển lại. Thả snap.
[INFO] [1781234334.299972119] [coord_transform]: [SNAP OFF] Tay di chuyển lại. Thả snap.
[INFO] [1781234334.366838697] [coord_transform]: [SNAP OFF] Tay di chuyển lại. Thả snap.
[INFO] [1781234334.427533089] [coord_transform]: [SNAP OFF] Tay di chuyển lại. Thả snap.
[INFO] [1781234334.491288211] [coord_transform]: [SNAP OFF] Tay di chuyển lại. Thả snap.
[INFO] [1781234334.555957608] [coord_transform]: [SNAP OFF] Tay di chuyển lại. Thả snap.
[INFO] [1781234334.619914100] [coord_transform]: [SNAP OFF] Tay di chuyển lại. Thả snap.
[INFO] [1781234334.688619999] [coord_transform]: [SNAP OFF] Tay di chuyển lại. Thả snap.
[INFO] [1781234334.757747758] [coord_transform]: [SNAP OFF] Tay di chuyển lại. Thả snap.
[INFO] [1781234334.822948078] [coord_transform]: [SNAP OFF] Tay di chuyển lại. Thả snap.
[INFO] [1781234334.886558386] [coord_transform]: [SNAP OFF] Tay di chuyển lại. Thả snap.
[INFO] [1781234334.930791192] [coord_transform]: [SNAP ON] Tay đứng yên, GRU lệch 7.4cm (< 10cm). Snap prediction về actual hand.
[INFO] [1781234334.964622241] [coord_transform]: [SNAP OFF] Tay di chuyển lại. Thả snap.
[INFO] [1781234335.036335735] [coord_transform]: [SNAP OFF] Tay di chuyển lại. Thả snap.
[INFO] [1781234335.108735656] [coord_transform]: [SNAP OFF] Tay di chuyển lại. Thả snap.
[INFO] [1781234335.186569447] [coord_transform]: [SNAP OFF] Tay di chuyển lại. Thả snap.
[INFO] [1781234335.257775847] [coord_transform]: [SNAP OFF] Tay di chuyển lại. Thả snap.
[INFO] [1781234335.341887940] [coord_transform]: [SNAP OFF] Tay di chuyển lại. Thả snap.
[INFO] [1781234335.440580683] [coord_transform]: [SNAP OFF] Tay di chuyển lại. Thả snap.
[INFO] [1781234335.466194444] [coord_transform]: Deadband: HOLD at (0.139, -0.027, 0.060)
[INFO] [1781234335.501593798] [coord_transform]: Deadband: RELEASE — motion detected
[INFO] [1781234335.514642420] [coord_transform]: [SNAP OFF] Tay di chuyển lại. Thả snap.
[INFO] [1781234335.582141483] [coord_transform]: [SNAP OFF] Tay di chuyển lại. Thả snap.
[INFO] [1781234335.659622702] [coord_transform]: [SNAP OFF] Tay di chuyển lại. Thả snap.
[INFO] [1781234335.725741915] [coord_transform]: [SNAP OFF] Tay di chuyển lại. Thả snap.
[INFO] [1781234335.791985647] [coord_transform]: [SNAP OFF] Tay di chuyển lại. Thả snap.
[INFO] [1781234335.856016557] [coord_transform]: [SNAP OFF] Tay di chuyển lại. Thả snap.
[INFO] [1781234335.934015626] [coord_transform]: [SNAP OFF] Tay di chuyển lại. Thả snap.
[INFO] [1781234335.967366106] [coord_transform]: [SNAP ON] Tay đứng yên, GRU lệch 0.0cm (< 10cm). Snap prediction về actual hand.
[INFO] [1781234335.999494016] [coord_transform]: [SNAP OFF] Tay di chuyển lại. Thả snap.
[INFO] [1781234336.064145500] [coord_transform]: [SNAP OFF] Tay di chuyển lại. Thả snap.
[INFO] [1781234336.134121408] [coord_transform]: [SNAP OFF] Tay di chuyển lại. Thả snap.
[INFO] [1781234336.199063352] [coord_transform]: [SNAP OFF] Tay di chuyển lại. Thả snap.
[INFO] [1781234336.267168406] [coord_transform]: [SNAP OFF] Tay di chuyển lại. Thả snap.
[INFO] [1781234336.325960387] [coord_transform]: [SNAP OFF] Tay di chuyển lại. Thả snap.
[INFO] [1781234336.388128623] [coord_transform]: [SNAP OFF] Tay di chuyển lại. Thả snap.
[INFO] [1781234336.448599460] [coord_transform]: [SNAP OFF] Tay di chuyển lại. Thả snap.
[INFO] [1781234336.515399069] [coord_transform]: [SNAP OFF] Tay di chuyển lại. Thả snap.
[INFO] [1781234336.577395940] [coord_transform]: [SNAP OFF] Tay di chuyển lại. Thả snap.
[INFO] [1781234336.646137629] [coord_transform]: [SNAP OFF] Tay di chuyển lại. Thả snap.
[INFO] [1781234336.711729925] [coord_transform]: [SNAP OFF] Tay di chuyển lại. Thả snap.
[INFO] [1781234336.791998310] [coord_transform]: [SNAP OFF] Tay di chuyển lại. Thả snap.
[INFO] [1781234336.858880128] [coord_transform]: [SNAP OFF] Tay di chuyển lại. Thả snap.
[INFO] [1781234336.926620389] [coord_transform]: [SNAP OFF] Tay di chuyển lại. Thả snap.
[INFO] [1781234336.970082392] [coord_transform]: [SNAP ON] Tay đứng yên, GRU lệch 0.0cm (< 10cm). Snap prediction về actual hand.
[INFO] [1781234336.998685553] [coord_transform]: [SNAP OFF] Tay di chuyển lại. Thả snap.
[INFO] [1781234337.068004034] [coord_transform]: [SNAP OFF] Tay di chuyển lại. Thả snap.
[INFO] [1781234337.134474573] [coord_transform]: [SNAP OFF] Tay di chuyển lại. Thả snap.
[INFO] [1781234337.207122322] [coord_transform]: [SNAP OFF] Tay di chuyển lại. Thả snap.
[INFO] [1781234337.275236749] [coord_transform]: [SNAP OFF] Tay di chuyển lại. Thả snap.
[INFO] [1781234337.343569678] [coord_transform]: [SNAP OFF] Tay di chuyển lại. Thả snap.
[INFO] [1781234337.416749861] [coord_transform]: [SNAP OFF] Tay di chuyển lại. Thả snap.
[INFO] [1781234337.488787733] [coord_transform]: [SNAP OFF] Tay di chuyển lại. Thả snap.
[INFO] [1781234337.517772438] [coord_transform]: Deadband: HOLD at (0.139, -0.027, 0.060)
[INFO] [1781234337.548669516] [coord_transform]: Deadband: RELEASE — motion detected
[INFO] [1781234337.558840173] [coord_transform]: [SNAP OFF] Tay di chuyển lại. Thả snap.
[INFO] [1781234337.622138744] [coord_transform]: [SNAP OFF] Tay di chuyển lại. Thả snap.
[INFO] [1781234337.692202583] [coord_transform]: [SNAP OFF] Tay di chuyển lại. Thả snap.
[INFO] [1781234345.058321950] [coord_transform]: Deadband: HOLD at (0.139, -0.027, 0.060)
[INFO] [1781234345.059984636] [coord_transform]: [SNAP ON] Tay đứng yên, GRU lệch 7.7cm (< 10cm). Snap prediction về actual hand.
[INFO] [1781234345.085871425] [coord_transform]: Deadband: RELEASE — motion detected
[INFO] [1781234345.087334035] [coord_transform]: [SNAP OFF] Tay di chuyển lại. Thả snap.
[INFO] [1781234345.165293913] [coord_transform]: [SNAP OFF] Tay di chuyển lại. Thả snap.
[INFO] [1781234345.232812691] [coord_transform]: [SNAP OFF] Tay di chuyển lại. Thả snap.
[INFO] [1781234345.300210104] [coord_transform]: [SNAP OFF] Tay di chuyển lại. Thả snap.
[INFO] [1781234345.367295892] [coord_transform]: [SNAP OFF] Tay di chuyển lại. Thả snap.
[INFO] [1781234345.437417084] [coord_transform]: [SNAP OFF] Tay di chuyển lại. Thả snap.
[INFO] [1781234345.502607616] [coord_transform]: [SNAP OFF] Tay di chuyển lại. Thả snap.
[INFO] [1781234345.577619574] [coord_transform]: [SNAP OFF] Tay di chuyển lại. Thả snap.
[INFO] [1781234345.949958659] [coord_transform]: [SNAP OFF] Tay di chuyển lại. Thả snap.
[INFO] [1781234346.010040333] [coord_transform]: [SNAP OFF] Tay di chuyển lại. Thả snap.
[INFO] [1781234346.079447826] [coord_transform]: [SNAP OFF] Tay di chuyển lại. Thả snap.
[INFO] [1781234346.114766494] [coord_transform]: [SNAP ON] Tay đứng yên, GRU lệch 5.9cm (< 10cm). Snap prediction về actual hand.
[INFO] [1781234346.147583075] [coord_transform]: [SNAP OFF] Tay di chuyển lại. Thả snap.
[INFO] [1781234346.214018872] [coord_transform]: [SNAP OFF] Tay di chuyển lại. Thả snap.
[INFO] [1781234346.279174460] [coord_transform]: [SNAP OFF] Tay di chuyển lại. Thả snap.
[INFO] [1781234346.343829134] [coord_transform]: [SNAP OFF] Tay di chuyển lại. Thả snap.
[INFO] [1781234346.411506976] [coord_transform]: [SNAP OFF] Tay di chuyển lại. Thả snap.
[INFO] [1781234346.488025573] [coord_transform]: [SNAP OFF] Tay di chuyển lại. Thả snap.
[INFO] [1781234346.552980633] [coord_transform]: [SNAP OFF] Tay di chuyển lại. Thả snap.
[INFO] [1781234346.625476239] [coord_transform]: [SNAP OFF] Tay di chuyển lại. Thả snap.
[WARN] [1781234350.646070953] [coord_transform]: Outlier rejected #1 (jumped 344.1mm). Ignoring.
[WARN] [1781234350.672786305] [coord_transform]: Outlier rejected #2 (jumped 399.9mm). Ignoring.
[WARN] [1781234359.440550509] [coord_transform]: Outlier rejected #3 (jumped 408.4mm). Ignoring.
[WARN] [1781234359.468764318] [coord_transform]: Outlier rejected #4 (jumped 379.6mm). Ignoring.
[INFO] [1781234359.498137393] [coord_transform]: Too many outliers (5). Resetting filter to new position.
[WARN] [1781234360.313726051] [coord_transform]: Outlier rejected #1 (jumped 1177.6mm). Ignoring.
[WARN] [1781234360.339202651] [coord_transform]: Outlier rejected #2 (jumped 1110.5mm). Ignoring.
[WARN] [1781234360.369816612] [coord_transform]: Outlier rejected #3 (jumped 1072.9mm). Ignoring.
[WARN] [1781234360.400932422] [coord_transform]: Outlier rejected #4 (jumped 994.5mm). Ignoring.
[INFO] [1781234360.433179804] [coord_transform]: Too many outliers (5). Resetting filter to new position.
[WARN] [1781234361.717964090] [coord_transform]: Outlier rejected #1 (jumped 285.8mm). Ignoring.
[WARN] [1781234361.753549456] [coord_transform]: Outlier rejected #1 (jumped 501.2mm). Ignoring.
[WARN] [1781234361.761783615] [coord_transform]: Outlier rejected #2 (jumped 275.8mm). Ignoring.
[WARN] [1781234361.783170012] [coord_transform]: Outlier rejected #2 (jumped 219.3mm). Ignoring.
[WARN] [1781234361.789526319] [coord_transform]: Outlier rejected #3 (jumped 264.2mm). Ignoring.
[WARN] [1781234361.819971832] [coord_transform]: Outlier rejected #4 (jumped 252.9mm). Ignoring.
[WARN] [1781234361.843075615] [coord_transform]: Outlier rejected #1 (jumped 595.2mm). Ignoring.
[INFO] [1781234361.852417415] [coord_transform]: Too many outliers (5). Resetting filter to new position.
[WARN] [1781234361.937297213] [coord_transform]: Outlier rejected #1 (jumped 616.5mm). Ignoring.
[WARN] [1781234361.973706637] [coord_transform]: Outlier rejected #2 (jumped 596.2mm). Ignoring.
[WARN] [1781234362.039760945] [coord_transform]: Outlier rejected #1 (jumped 263.2mm). Ignoring.
[WARN] [1781234362.078056375] [coord_transform]: Outlier rejected #2 (jumped 562.8mm). Ignoring.
[WARN] [1781234362.112944062] [coord_transform]: Outlier rejected #3 (jumped 256.6mm). Ignoring.
[WARN] [1781234362.964463938] [coord_transform]: Outlier rejected #1 (jumped 402.0mm). Ignoring.
[WARN] [1781234363.001542712] [coord_transform]: Outlier rejected #2 (jumped 647.0mm). Ignoring.
[WARN] [1781234363.334602369] [coord_transform]: Outlier rejected #3 (jumped 209.2mm). Ignoring.
[WARN] [1781234363.369400368] [coord_transform]: Outlier rejected #4 (jumped 151.7mm). Ignoring.
[INFO] [1781234363.404050600] [coord_transform]: Too many outliers (5). Resetting filter to new position.
[WARN] [1781234363.668777168] [coord_transform]: Outlier rejected #1 (jumped 170.5mm). Ignoring.
[WARN] [1781234363.702916397] [coord_transform]: Outlier rejected #2 (jumped 195.0mm). Ignoring.
[WARN] [1781234364.269050951] [coord_transform]: Outlier rejected #1 (jumped 159.4mm). Ignoring.
[WARN] [1781234364.370143455] [coord_transform]: Outlier rejected #1 (jumped 153.7mm). Ignoring.
[INFO] [1781234364.940485432] [coord_transform]: Deadband: HOLD at (0.139, -0.027, 0.060)
[INFO] [1781234364.969686333] [coord_transform]: Deadband: RELEASE — motion detected
[INFO] [1781234373.907997098] [coord_transform]: Deadband: HOLD at (0.139, -0.027, 0.060)
[INFO] [1781234373.944216819] [coord_transform]: Deadband: RELEASE — motion detected
[INFO] [1781234382.261443334] [coord_transform]: Re-sync camera init: [0.105 0.051 0.029]
[INFO] [1781234382.262144109] [coord_transform]: Trạng thái tracking: RUNNING
[INFO] [1781234382.280868760] [coord_transform]: Deadband: RELEASE — motion detected
[INFO] [1781234382.283763293] [coord_transform]: [PREDICTION] Transform: cam[0.1   0.061 0.033] → base[-0.156  0.306  0.388]
[INFO] [1781234382.413124824] [coord_transform]: Deadband: HOLD at (0.105, 0.051, 0.029)
[INFO] [1781234382.422809189] [coord_transform]: [SNAP ON] Tay đứng yên, GRU lệch 0.0cm (< 10cm). Snap prediction về actual hand.
[INFO] [1781234382.456762203] [coord_transform]: [SNAP OFF] Tay di chuyển lại. Thả snap.
[INFO] [1781234382.529082083] [coord_transform]: [SNAP OFF] Tay di chuyển lại. Thả snap.
[INFO] [1781234383.389945349] [coord_transform]: [SNAP OFF] Tay di chuyển lại. Thả snap.
[INFO] [1781234383.423720403] [coord_transform]: [SNAP ON] Tay đứng yên, GRU lệch 0.0cm (< 10cm). Snap prediction về actual hand.
[INFO] [1781234383.461178650] [coord_transform]: [SNAP OFF] Tay di chuyển lại. Thả snap.
[INFO] [1781234383.525417545] [coord_transform]: [SNAP OFF] Tay di chuyển lại. Thả snap.
[INFO] [1781234383.593623924] [coord_transform]: [SNAP OFF] Tay di chuyển lại. Thả snap.
[INFO] [1781234383.659348074] [coord_transform]: [SNAP OFF] Tay di chuyển lại. Thả snap.
[INFO] [1781234383.727389319] [coord_transform]: [SNAP OFF] Tay di chuyển lại. Thả snap.
[INFO] [1781234383.792203904] [coord_transform]: [SNAP OFF] Tay di chuyển lại. Thả snap.
[INFO] [1781234383.861845314] [coord_transform]: [SNAP OFF] Tay di chuyển lại. Thả snap.
[INFO] [1781234383.933315973] [coord_transform]: [SNAP OFF] Tay di chuyển lại. Thả snap.
[INFO] [1781234384.000465075] [coord_transform]: [SNAP OFF] Tay di chuyển lại. Thả snap.
[INFO] [1781234384.066962276] [coord_transform]: [SNAP OFF] Tay di chuyển lại. Thả snap.
[INFO] [1781234384.139495971] [coord_transform]: [SNAP OFF] Tay di chuyển lại. Thả snap.
[INFO] [1781234384.214683468] [coord_transform]: [SNAP OFF] Tay di chuyển lại. Thả snap.
[INFO] [1781234384.280281406] [coord_transform]: [SNAP OFF] Tay di chuyển lại. Thả snap.
[INFO] [1781234384.313485584] [coord_transform]: [PREDICTION] Transform: cam[0.105 0.051 0.029] → base[-0.162  0.296  0.384]
[INFO] [1781234384.341086258] [coord_transform]: Deadband: RELEASE — motion detected
[INFO] [1781234384.350113742] [coord_transform]: [SNAP OFF] Tay di chuyển lại. Thả snap.
[INFO] [1781234384.416841669] [coord_transform]: [SNAP OFF] Tay di chuyển lại. Thả snap.
[INFO] [1781234384.440232230] [coord_transform]: Deadband: HOLD at (0.105, 0.051, 0.029)
[INFO] [1781234384.449854812] [coord_transform]: [SNAP ON] Tay đứng yên, GRU lệch 0.0cm (< 10cm). Snap prediction về actual hand.
[INFO] [1781234384.482419081] [coord_transform]: [SNAP OFF] Tay di chuyển lại. Thả snap.
[INFO] [1781234384.551564024] [coord_transform]: [SNAP OFF] Tay di chuyển lại. Thả snap.
[INFO] [1781234384.620289998] [coord_transform]: [SNAP OFF] Tay di chuyển lại. Thả snap.
[INFO] [1781234386.319797677] [coord_transform]: [PREDICTION] Transform: cam[-0.005  0.236  0.29 ] → base[-0.052  0.481  0.645]
[INFO] [1781234388.328117986] [coord_transform]: [PREDICTION] Transform: cam[-0.058  0.538  0.354] → base[0.001 0.783 0.709]
[INFO] [1781234390.330476150] [coord_transform]: [PREDICTION] Transform: cam[-0.056  0.656  0.27 ] → base[-0.001  0.901  0.625]
[INFO] [1781234392.340420466] [coord_transform]: [PREDICTION] Transform: cam[0.038 0.815 0.123] → base[-0.095  1.06   0.477]
[INFO] [1781234394.374680204] [coord_transform]: [PREDICTION] Transform: cam[0.069 0.864 0.044] → base[-0.126  1.109  0.398]
[INFO] [1781234396.406724644] [coord_transform]: [PREDICTION] Transform: cam[0.06  0.892 0.056] → base[-0.117  1.137  0.411]
[INFO] [1781234398.411645276] [coord_transform]: [PREDICTION] Transform: cam[-0.028  0.939  0.283] → base[-0.029  1.184  0.638]
[INFO] [1781234400.508564917] [coord_transform]: [PREDICTION] Transform: cam[-0.08   0.662  0.378] → base[0.023 0.907 0.733]
[INFO] [1781234402.540474908] [coord_transform]: [PREDICTION] Transform: cam[-0.114  0.394  0.427] → base[0.057 0.639 0.781]
[INFO] [1781234404.541254077] [coord_transform]: [PREDICTION] Transform: cam[-0.027  0.423  0.287] → base[-0.03   0.668  0.642]
[INFO] [1781234406.546857965] [coord_transform]: [PREDICTION] Transform: cam[-0.14   0.323  0.403] → base[0.083 0.568 0.757]
[INFO] [1781234408.574038024] [coord_transform]: [PREDICTION] Transform: cam[-0.227  0.403  0.476] → base[0.17  0.648 0.831]
[INFO] [1781234410.607880931] [coord_transform]: [PREDICTION] Transform: cam[-0.222  0.423  0.452] → base[0.165 0.668 0.806]
[INFO] [1781234412.610047591] [coord_transform]: [PREDICTION] Transform: cam[-0.2    0.389  0.461] → base[0.143 0.634 0.816]
[INFO] [1781234414.640235565] [coord_transform]: [PREDICTION] Transform: cam[-0.253  0.397  0.514] → base[0.196 0.642 0.868]
[INFO] [1781234416.650895752] [coord_transform]: [PREDICTION] Transform: cam[-0.171  0.363  0.482] → base[0.114 0.608 0.837]
[INFO] [1781234418.651557676] [coord_transform]: [PREDICTION] Transform: cam[-0.12   0.348  0.466] → base[0.063 0.593 0.821]
[INFO] [1781234420.661557571] [coord_transform]: [PREDICTION] Transform: cam[-0.052  0.327  0.345] → base[-0.004  0.572  0.7  ]
[WARN] [1781234423.778294168] [coord_transform]: Outlier rejected #1 (jumped 186.7mm). Ignoring.
[INFO] [1781234423.785238658] [coord_transform]: [PREDICTION] Transform: cam[-0.012  0.36   0.296] → base[-0.045  0.605  0.651]
[WARN] [1781234423.811676500] [coord_transform]: Outlier rejected #2 (jumped 190.1mm). Ignoring.
[WARN] [1781234423.846065321] [coord_transform]: Outlier rejected #3 (jumped 192.1mm). Ignoring.
[WARN] [1781234423.878921325] [coord_transform]: Outlier rejected #4 (jumped 204.7mm). Ignoring.
[INFO] [1781234423.912616600] [coord_transform]: Too many outliers (5). Resetting filter to new position.
[INFO] [1781234425.785448570] [coord_transform]: [PREDICTION] Transform: cam[-0.125  0.472  0.463] → base[0.068 0.716 0.818]
[INFO] [1781234427.786590984] [coord_transform]: [PREDICTION] Transform: cam[-0.126  0.588  0.433] → base[0.069 0.833 0.787]
[INFO] [1781234429.795100492] [coord_transform]: [PREDICTION] Transform: cam[-0.117  0.538  0.42 ] → base[0.06  0.783 0.775]
[INFO] [1781234431.809326217] [coord_transform]: [PREDICTION] Transform: cam[-0.115  0.58   0.41 ] → base[0.059 0.825 0.765]
[INFO] [1781234433.831421714] [coord_transform]: [PREDICTION] Transform: cam[-0.155  0.668  0.371] → base[0.098 0.913 0.726]
[INFO] [1781234435.834221166] [coord_transform]: [PREDICTION] Transform: cam[-0.134  0.776  0.294] → base[0.077 1.021 0.649]
[INFO] [1781234437.838755323] [coord_transform]: [PREDICTION] Transform: cam[-0.15   0.871  0.251] → base[0.093 1.116 0.606]
[INFO] [1781234439.841665054] [coord_transform]: [PREDICTION] Transform: cam[-0.126  0.689  0.163] → base[0.07  0.934 0.518]
[INFO] [1781234441.872417267] [coord_transform]: [PREDICTION] Transform: cam[-0.102  0.528  0.107] → base[0.045 0.773 0.462]
[INFO] [1781234446.019104530] [coord_transform]: Trạng thái tracking: STOPPED
[WARN] [1781234447.819783287] [coord_transform]: Outlier rejected #1 (jumped 150.4mm). Ignoring.
[WARN] [1781234447.857289978] [coord_transform]: Outlier rejected #2 (jumped 150.4mm). Ignoring.
[WARN] [1781234447.893289596] [coord_transform]: Outlier rejected #3 (jumped 150.4mm). Ignoring.
[WARN] [1781234447.928529083] [coord_transform]: Outlier rejected #4 (jumped 150.4mm). Ignoring.
[INFO] [1781234447.960102243] [coord_transform]: Too many outliers (5). Resetting filter to new position.
[WARN] [1781234506.792491108] [coord_transform]: Outlier rejected #1 (jumped 166.5mm). Ignoring.
[INFO] [1781234549.281186446] [coord_transform]: Trạng thái tracking: STOPPED
[INFO] [1781234564.570441871] [coord_transform]: Deadband: HOLD at (0.105, 0.051, 0.029)
[INFO] [1781234564.607669063] [coord_transform]: Deadband: RELEASE — motion detected
[WARN] [1781234566.937266171] [coord_transform]: Outlier rejected #1 (jumped 218.0mm). Ignoring.
[WARN] [1781234570.075695095] [coord_transform]: Outlier rejected #1 (jumped 185.7mm). Ignoring.
[WARN] [1781234570.142951817] [coord_transform]: Outlier rejected #1 (jumped 215.2mm). Ignoring.
[WARN] [1781234570.177510576] [coord_transform]: Outlier rejected #2 (jumped 286.1mm). Ignoring.
[WARN] [1781234570.218421355] [coord_transform]: Outlier rejected #3 (jumped 310.4mm). Ignoring.
[WARN] [1781234570.254687521] [coord_transform]: Outlier rejected #4 (jumped 347.3mm). Ignoring.
[INFO] [1781234570.286025297] [coord_transform]: Too many outliers (5). Resetting filter to new position.
[WARN] [1781234994.954682728] [coord_transform]: Outlier rejected #1 (jumped 1012.6mm). Ignoring.
[WARN] [1781234994.978509027] [coord_transform]: Outlier rejected #2 (jumped 1006.9mm). Ignoring.
[WARN] [1781234995.004163668] [coord_transform]: Outlier rejected #3 (jumped 995.4mm). Ignoring.
[WARN] [1781234995.035436500] [coord_transform]: Outlier rejected #4 (jumped 995.4mm). Ignoring.
[INFO] [1781234995.060048702] [coord_transform]: Too many outliers (5). Resetting filter to new position.
[WARN] [1781234995.681496525] [coord_transform]: Outlier rejected #1 (jumped 466.3mm). Ignoring.
[WARN] [1781234995.714667632] [coord_transform]: Outlier rejected #2 (jumped 477.7mm). Ignoring.
[WARN] [1781234995.740443142] [coord_transform]: Outlier rejected #3 (jumped 498.7mm). Ignoring.
[WARN] [1781234995.775745117] [coord_transform]: Outlier rejected #4 (jumped 233.8mm). Ignoring.
[INFO] [1781234995.806004776] [coord_transform]: Too many outliers (5). Resetting filter to new position.
[WARN] [1781234996.065751952] [coord_transform]: Outlier rejected #1 (jumped 175.7mm). Ignoring.
[WARN] [1781234996.130319207] [coord_transform]: Outlier rejected #1 (jumped 190.6mm). Ignoring.
[WARN] [1781234996.200976875] [coord_transform]: Outlier rejected #2 (jumped 345.0mm). Ignoring.
[WARN] [1781234996.234063446] [coord_transform]: Outlier rejected #3 (jumped 354.6mm). Ignoring.
[WARN] [1781235006.177254229] [coord_transform]: Outlier rejected #4 (jumped 514.1mm). Ignoring.
[INFO] [1781235006.204826647] [coord_transform]: Too many outliers (5). Resetting filter to new position.
[WARN] [1781235006.844169050] [coord_transform]: Outlier rejected #1 (jumped 556.3mm). Ignoring.
[WARN] [1781235006.871326050] [coord_transform]: Outlier rejected #2 (jumped 556.3mm). Ignoring.
[WARN] [1781235006.908422461] [coord_transform]: Outlier rejected #3 (jumped 556.3mm). Ignoring.
[WARN] [1781235006.939850305] [coord_transform]: Outlier rejected #4 (jumped 556.3mm). Ignoring.
[INFO] [1781235006.973292492] [coord_transform]: Too many outliers (5). Resetting filter to new position.
[WARN] [1781235009.975261925] [coord_transform]: Outlier rejected #1 (jumped 399.7mm). Ignoring.
[WARN] [1781235010.006734053] [coord_transform]: Outlier rejected #2 (jumped 368.5mm). Ignoring.
[WARN] [1781235010.041556180] [coord_transform]: Outlier rejected #3 (jumped 341.1mm). Ignoring.
[WARN] [1781235010.518524723] [coord_transform]: Outlier rejected #4 (jumped 312.6mm). Ignoring.
[INFO] [1781235010.543758007] [coord_transform]: Too many outliers (5). Resetting filter to new position.
[WARN] [1781235024.869418095] [coord_transform]: Outlier rejected #1 (jumped 209.1mm). Ignoring.
[WARN] [1781235024.894245555] [coord_transform]: Outlier rejected #2 (jumped 218.5mm). Ignoring.
[WARN] [1781235024.959055852] [coord_transform]: Outlier rejected #3 (jumped 224.8mm). Ignoring.
[WARN] [1781235024.991018465] [coord_transform]: Outlier rejected #4 (jumped 308.9mm). Ignoring.
[INFO] [1781235029.829765340] [coord_transform]: Too many outliers (5). Resetting filter to new position.
[INFO] [1781235033.139402902] [coord_transform]: Deadband: HOLD at (0.105, 0.051, 0.029)
[INFO] [1781235033.165098808] [coord_transform]: Deadband: RELEASE — motion detected
[WARN] [1781235041.298446699] [coord_transform]: Outlier rejected #1 (jumped 214.3mm). Ignoring.
[WARN] [1781235041.331382717] [coord_transform]: Outlier rejected #2 (jumped 239.0mm). Ignoring.
[WARN] [1781235041.376294683] [coord_transform]: Outlier rejected #3 (jumped 254.8mm). Ignoring.
[WARN] [1781235041.404007837] [coord_transform]: Outlier rejected #4 (jumped 271.3mm). Ignoring.
[INFO] [1781235041.439684007] [coord_transform]: Too many outliers (5). Resetting filter to new position.
[INFO] [1781235042.869722718] [coord_transform]: Deadband: HOLD at (0.105, 0.051, 0.029)
[INFO] [1781235042.902602468] [coord_transform]: Deadband: RELEASE — motion detected
[WARN] [1781235043.304790242] [coord_transform]: Outlier rejected #1 (jumped 929.6mm). Ignoring.
[WARN] [1781235043.334696819] [coord_transform]: Outlier rejected #2 (jumped 929.6mm). Ignoring.
[WARN] [1781235043.367828051] [coord_transform]: Outlier rejected #3 (jumped 929.6mm). Ignoring.
[WARN] [1781235043.405291137] [coord_transform]: Outlier rejected #4 (jumped 929.6mm). Ignoring.
[INFO] [1781235043.434712081] [coord_transform]: Too many outliers (5). Resetting filter to new position.
[INFO] [1781235043.941902064] [coord_transform]: [SNAP ON] Tay đứng yên, GRU lệch 0.0cm (< 10cm). Snap prediction về actual hand.
[INFO] [1781235043.968632363] [coord_transform]: [SNAP OFF] Tay di chuyển lại. Thả snap.
[INFO] [1781235044.043843333] [coord_transform]: [SNAP OFF] Tay di chuyển lại. Thả snap.
[INFO] [1781235046.873396085] [coord_transform]: Deadband: RELEASE — motion detected
[INFO] [1781235046.875318673] [coord_transform]: [SNAP OFF] Tay di chuyển lại. Thả snap.
[INFO] [1781235046.908599173] [coord_transform]: Deadband: HOLD at (0.105, 0.051, 0.029)
[INFO] [1781235046.910485939] [coord_transform]: [SNAP ON] Tay đứng yên, GRU lệch 0.0cm (< 10cm). Snap prediction về actual hand.
[INFO] [1781235046.941301543] [coord_transform]: [SNAP OFF] Tay di chuyển lại. Thả snap.
[INFO] [1781235047.006157430] [coord_transform]: [SNAP OFF] Tay di chuyển lại. Thả snap.
[INFO] [1781235047.073757043] [coord_transform]: [SNAP OFF] Tay di chuyển lại. Thả snap.
[INFO] [1781235047.142033881] [coord_transform]: [SNAP OFF] Tay di chuyển lại. Thả snap.
[INFO] [1781235047.220497621] [coord_transform]: [SNAP OFF] Tay di chuyển lại. Thả snap.
[INFO] [1781235048.371346753] [coord_transform]: [SNAP OFF] Tay di chuyển lại. Thả snap.
[INFO] [1781235048.404461895] [coord_transform]: [SNAP ON] Tay đứng yên, GRU lệch 0.0cm (< 10cm). Snap prediction về actual hand.
[INFO] [1781235048.439820039] [coord_transform]: [SNAP OFF] Tay di chuyển lại. Thả snap.
[INFO] [1781235048.504624841] [coord_transform]: [SNAP OFF] Tay di chuyển lại. Thả snap.
[INFO] [1781235048.737632764] [coord_transform]: [SNAP OFF] Tay di chuyển lại. Thả snap.
[INFO] [1781235048.814819150] [coord_transform]: [SNAP OFF] Tay di chuyển lại. Thả snap.
[INFO] [1781235048.872316654] [coord_transform]: [SNAP OFF] Tay di chuyển lại. Thả snap.
[INFO] [1781235048.939197274] [coord_transform]: Deadband: RELEASE — motion detected
[INFO] [1781235048.940276620] [coord_transform]: [SNAP OFF] Tay di chuyển lại. Thả snap.
[INFO] [1781235048.976117124] [coord_transform]: Deadband: HOLD at (0.105, 0.051, 0.029)
[INFO] [1781235049.007185838] [coord_transform]: [SNAP OFF] Tay di chuyển lại. Thả snap.
[INFO] [1781235049.072352810] [coord_transform]: [SNAP OFF] Tay di chuyển lại. Thả snap.
[INFO] [1781235049.139773585] [coord_transform]: [SNAP OFF] Tay di chuyển lại. Thả snap.
[INFO] [1781235049.209166896] [coord_transform]: [SNAP OFF] Tay di chuyển lại. Thả snap.
[INFO] [1781235049.273476004] [coord_transform]: [SNAP OFF] Tay di chuyển lại. Thả snap.
[INFO] [1781235049.340074356] [coord_transform]: [SNAP OFF] Tay di chuyển lại. Thả snap.
[INFO] [1781235049.405465097] [coord_transform]: [SNAP OFF] Tay di chuyển lại. Thả snap.
[INFO] [1781235049.440261057] [coord_transform]: [SNAP ON] Tay đứng yên, GRU lệch 0.0cm (< 10cm). Snap prediction về actual hand.
[INFO] [1781235049.477279734] [coord_transform]: [SNAP OFF] Tay di chuyển lại. Thả snap.
[INFO] [1781235049.546995788] [coord_transform]: [SNAP OFF] Tay di chuyển lại. Thả snap.
[INFO] [1781235049.610991050] [coord_transform]: [SNAP OFF] Tay di chuyển lại. Thả snap.
[INFO] [1781235049.680551759] [coord_transform]: [SNAP OFF] Tay di chuyển lại. Thả snap.
[INFO] [1781235050.709292835] [coord_transform]: [SNAP OFF] Tay di chuyển lại. Thả snap.
[INFO] [1781235050.739759192] [coord_transform]: [SNAP ON] Tay đứng yên, GRU lệch 0.0cm (< 10cm). Snap prediction về actual hand.
[INFO] [1781235050.776961915] [coord_transform]: [SNAP OFF] Tay di chuyển lại. Thả snap.
[INFO] [1781235050.852302440] [coord_transform]: [SNAP OFF] Tay di chuyển lại. Thả snap.
[INFO] [1781235050.911544368] [coord_transform]: [SNAP OFF] Tay di chuyển lại. Thả snap.
[INFO] [1781235050.983067861] [coord_transform]: Deadband: RELEASE — motion detected
[INFO] [1781235050.988758022] [coord_transform]: [SNAP OFF] Tay di chuyển lại. Thả snap.
[INFO] [1781235051.015847916] [coord_transform]: Deadband: HOLD at (0.105, 0.051, 0.029)
[INFO] [1781235051.055099966] [coord_transform]: [SNAP OFF] Tay di chuyển lại. Thả snap.
[INFO] [1781235051.113255784] [coord_transform]: [SNAP OFF] Tay di chuyển lại. Thả snap.
[INFO] [1781235051.180342299] [coord_transform]: [SNAP OFF] Tay di chuyển lại. Thả snap.
[INFO] [1781235051.256371547] [coord_transform]: [SNAP OFF] Tay di chuyển lại. Thả snap.
[INFO] [1781235051.317826986] [coord_transform]: [SNAP OFF] Tay di chuyển lại. Thả snap.
[INFO] [1781235051.382089789] [coord_transform]: [SNAP OFF] Tay di chuyển lại. Thả snap.
[INFO] [1781235051.453213332] [coord_transform]: [SNAP OFF] Tay di chuyển lại. Thả snap.
[INFO] [1781235051.515091795] [coord_transform]: [SNAP OFF] Tay di chuyển lại. Thả snap.
[INFO] [1781235051.584028305] [coord_transform]: [SNAP OFF] Tay di chuyển lại. Thả snap.
[INFO] [1781235051.649292750] [coord_transform]: [SNAP OFF] Tay di chuyển lại. Thả snap.
[INFO] [1781235051.715445448] [coord_transform]: [SNAP OFF] Tay di chuyển lại. Thả snap.
[INFO] [1781235051.755003709] [coord_transform]: [SNAP ON] Tay đứng yên, GRU lệch 0.0cm (< 10cm). Snap prediction về actual hand.
[INFO] [1781235051.791558341] [coord_transform]: [SNAP OFF] Tay di chuyển lại. Thả snap.
[INFO] [1781235051.854815908] [coord_transform]: [SNAP OFF] Tay di chuyển lại. Thả snap.
[INFO] [1781235051.919135197] [coord_transform]: [SNAP OFF] Tay di chuyển lại. Thả snap.
[INFO] [1781235051.984159624] [coord_transform]: [SNAP OFF] Tay di chuyển lại. Thả snap.
[INFO] [1781235052.053852339] [coord_transform]: [SNAP OFF] Tay di chuyển lại. Thả snap.
[INFO] [1781235052.117195617] [coord_transform]: [SNAP OFF] Tay di chuyển lại. Thả snap.
[INFO] [1781235052.179282467] [coord_transform]: [SNAP OFF] Tay di chuyển lại. Thả snap.
[INFO] [1781235052.251647533] [coord_transform]: [SNAP OFF] Tay di chuyển lại. Thả snap.
[INFO] [1781235052.314746150] [coord_transform]: [SNAP OFF] Tay di chuyển lại. Thả snap.
[INFO] [1781235052.378562958] [coord_transform]: [SNAP OFF] Tay di chuyển lại. Thả snap.
[INFO] [1781235052.410493244] [coord_transform]: Re-sync camera init: [0.102 0.085 0.042]
[INFO] [1781235052.410773161] [coord_transform]: Trạng thái tracking: RUNNING
[INFO] [1781235052.412945726] [coord_transform]: [PREDICTION] Transform: cam[0.099 0.085 0.043] → base[-0.158  0.296  0.385]
[INFO] [1781235052.976082435] [coord_transform]: [SNAP OFF] Tay di chuyển lại. Thả snap.
[INFO] [1781235053.010216654] [coord_transform]: [SNAP ON] Tay đứng yên, GRU lệch 0.0cm (< 10cm). Snap prediction về actual hand.
[INFO] [1781235053.044077363] [coord_transform]: Deadband: RELEASE — motion detected
[INFO] [1781235053.045379098] [coord_transform]: [SNAP OFF] Tay di chuyển lại. Thả snap.
[INFO] [1781235053.082381732] [coord_transform]: Deadband: HOLD at (0.102, 0.085, 0.042)
[INFO] [1781235053.114343829] [coord_transform]: [SNAP OFF] Tay di chuyển lại. Thả snap.
[INFO] [1781235053.182732199] [coord_transform]: [SNAP OFF] Tay di chuyển lại. Thả snap.
[INFO] [1781235053.245220167] [coord_transform]: [SNAP OFF] Tay di chuyển lại. Thả snap.
[INFO] [1781235053.310770382] [coord_transform]: [SNAP OFF] Tay di chuyển lại. Thả snap.
[INFO] [1781235053.382974715] [coord_transform]: [SNAP OFF] Tay di chuyển lại. Thả snap.
[INFO] [1781235053.447932198] [coord_transform]: [SNAP OFF] Tay di chuyển lại. Thả snap.
[INFO] [1781235053.515599426] [coord_transform]: [SNAP OFF] Tay di chuyển lại. Thả snap.
[INFO] [1781235053.586601135] [coord_transform]: [SNAP OFF] Tay di chuyển lại. Thả snap.
[INFO] [1781235053.649662798] [coord_transform]: [SNAP OFF] Tay di chuyển lại. Thả snap.
[INFO] [1781235053.715349312] [coord_transform]: [SNAP OFF] Tay di chuyển lại. Thả snap.
[INFO] [1781235053.781673644] [coord_transform]: [SNAP OFF] Tay di chuyển lại. Thả snap.
[INFO] [1781235053.850465105] [coord_transform]: [SNAP OFF] Tay di chuyển lại. Thả snap.
[INFO] [1781235054.417464628] [coord_transform]: [PREDICTION] Transform: cam[0.045 0.221 0.149] → base[-0.105  0.432  0.491]
[INFO] [1781235056.420352332] [coord_transform]: [PREDICTION] Transform: cam[-0.049  0.403  0.383] → base[-0.011  0.614  0.725]
[INFO] [1781235058.423655453] [coord_transform]: [PREDICTION] Transform: cam[-0.092  0.687  0.363] → base[0.033 0.898 0.705]
[INFO] [1781235060.423812864] [coord_transform]: [PREDICTION] Transform: cam[-0.08   0.942  0.305] → base[0.02  1.153 0.647]
[INFO] [1781235062.431266068] [coord_transform]: [PREDICTION] Transform: cam[-0.097  0.873  0.307] → base[0.037 1.084 0.65 ]
[INFO] [1781235064.458971773] [coord_transform]: [PREDICTION] Transform: cam[0.018 0.617 0.166] → base[-0.077  0.828  0.508]
[INFO] [1781235068.536998291] [coord_transform]: [PREDICTION] Transform: cam[0.049 0.564 0.156] → base[-0.109  0.775  0.498]
[INFO] [1781235070.543534969] [coord_transform]: [PREDICTION] Transform: cam[0.074 0.662 0.174] → base[-0.134  0.873  0.516]
[INFO] [1781235072.572379495] [coord_transform]: [PREDICTION] Transform: cam[0.103 0.692 0.113] → base[-0.162  0.903  0.456]
[INFO] [1781235074.597371157] [coord_transform]: [PREDICTION] Transform: cam[0.112 0.678 0.088] → base[-0.171  0.889  0.431]
[INFO] [1781235076.603965684] [coord_transform]: [PREDICTION] Transform: cam[-0.088  0.695  0.342] → base[0.028 0.906 0.685]
[INFO] [1781235078.607625515] [coord_transform]: [PREDICTION] Transform: cam[-0.131  0.883  0.216] → base[0.071 1.094 0.558]
[INFO] [1781235081.440135245] [coord_transform]: [PREDICTION] Transform: cam[-0.144  0.9    0.163] → base[0.085 1.111 0.505]
[INFO] [1781235083.473494456] [coord_transform]: [PREDICTION] Transform: cam[-0.146  0.884  0.166] → base[0.086 1.095 0.508]
[INFO] [1781235085.476103346] [coord_transform]: [PREDICTION] Transform: cam[-0.196  0.916  0.099] → base[0.136 1.127 0.441]
[INFO] [1781235087.586561840] [coord_transform]: [PREDICTION] Transform: cam[-0.192  0.947  0.032] → base[0.133 1.158 0.375]
[INFO] [1781235089.610116591] [coord_transform]: [PREDICTION] Transform: cam[-0.183  0.816  0.314] → base[0.124 1.027 0.656]
[INFO] [1781235091.613984703] [coord_transform]: [PREDICTION] Transform: cam[-0.171  0.605  0.503] → base[0.112 0.815 0.845]
[INFO] [1781235093.614822456] [coord_transform]: [PREDICTION] Transform: cam[-0.109  0.482  0.393] → base[0.049 0.693 0.735]
[INFO] [1781235095.622994013] [coord_transform]: [PREDICTION] Transform: cam[-0.02   0.349  0.418] → base[-0.04   0.559  0.76 ]
[INFO] [1781235097.641910487] [coord_transform]: [PREDICTION] Transform: cam[-0.014  0.303  0.406] → base[-0.045  0.514  0.748]
[INFO] [1781235099.657883032] [coord_transform]: [PREDICTION] Transform: cam[-0.027  0.262  0.429] → base[-0.032  0.473  0.771]
[WARN] [1781235100.811699965] [coord_transform]: Outlier rejected #1 (jumped 154.8mm). Ignoring.
[WARN] [1781235100.848521455] [coord_transform]: Outlier rejected #2 (jumped 158.6mm). Ignoring.
[WARN] [1781235100.949604937] [coord_transform]: Outlier rejected #1 (jumped 368.4mm). Ignoring.
[INFO] [1781235101.689681891] [coord_transform]: [PREDICTION] Transform: cam[-0.009  0.264  0.375] → base[-0.051  0.475  0.717]
[INFO] [1781235102.935264950] [coord_transform]: Trạng thái tracking: STOPPED
[WARN] [1781235105.717009606] [coord_transform]: Outlier rejected #1 (jumped 223.9mm). Ignoring.
[WARN] [1781235105.747452730] [coord_transform]: Outlier rejected #2 (jumped 235.9mm). Ignoring.
[WARN] [1781235105.779216498] [coord_transform]: Outlier rejected #3 (jumped 242.6mm). Ignoring.
[WARN] [1781235105.813605213] [coord_transform]: Outlier rejected #4 (jumped 242.2mm). Ignoring.
[INFO] [1781235105.849656214] [coord_transform]: Too many outliers (5). Resetting filter to new position.
[WARN] [1781235106.588309607] [coord_transform]: Outlier rejected #1 (jumped 229.6mm). Ignoring.
[WARN] [1781235106.617128291] [coord_transform]: Outlier rejected #2 (jumped 256.9mm). Ignoring.
[INFO] [1781235107.361633170] [coord_transform]: Trạng thái tracking: STOPPED
[WARN] [1781235110.385035405] [coord_transform]: Outlier rejected #1 (jumped 172.0mm). Ignoring.
[WARN] [1781235110.418835758] [coord_transform]: Outlier rejected #2 (jumped 172.0mm). Ignoring.
[WARN] [1781235110.450417858] [coord_transform]: Outlier rejected #3 (jumped 172.0mm). Ignoring.
[WARN] [1781235110.486171142] [coord_transform]: Outlier rejected #4 (jumped 172.0mm). Ignoring.
[INFO] [1781235110.516511845] [coord_transform]: Too many outliers (5). Resetting filter to new position.
[WARN] [1781235121.065824976] [coord_transform]: Outlier rejected #1 (jumped 192.1mm). Ignoring.
[WARN] [1781235121.095444423] [coord_transform]: Outlier rejected #2 (jumped 383.6mm). Ignoring.
[WARN] [1781235121.125242760] [coord_transform]: Outlier rejected #3 (jumped 379.5mm). Ignoring.
[WARN] [1781235121.324991186] [coord_transform]: Outlier rejected #4 (jumped 157.5mm). Ignoring.
[INFO] [1781235121.360047822] [coord_transform]: Too many outliers (5). Resetting filter to new position.
[WARN] [1781235124.263158876] [coord_transform]: Outlier rejected #1 (jumped 155.9mm). Ignoring.
[WARN] [1781235125.031398617] [coord_transform]: Outlier rejected #1 (jumped 179.3mm). Ignoring.
[WARN] [1781235125.230647187] [coord_transform]: Outlier rejected #1 (jumped 597.9mm). Ignoring.
[WARN] [1781235125.263775068] [coord_transform]: Outlier rejected #2 (jumped 410.6mm). Ignoring.
[WARN] [1781235125.664515501] [coord_transform]: Outlier rejected #1 (jumped 162.6mm). Ignoring.
[WARN] [1781235125.729818440] [coord_transform]: Outlier rejected #1 (jumped 608.8mm). Ignoring.
[WARN] [1781235126.171584602] [coord_transform]: Outlier rejected #1 (jumped 214.1mm). Ignoring.
[WARN] [1781235126.213431118] [coord_transform]: Outlier rejected #2 (jumped 181.2mm). Ignoring.
[WARN] [1781235126.332510449] [coord_transform]: Outlier rejected #1 (jumped 219.0mm). Ignoring.
[WARN] [1781235126.396034392] [coord_transform]: Outlier rejected #1 (jumped 270.3mm). Ignoring.
[WARN] [1781235126.561010171] [coord_transform]: Outlier rejected #1 (jumped 364.1mm). Ignoring.
[WARN] [1781235126.597033388] [coord_transform]: Outlier rejected #2 (jumped 287.4mm). Ignoring.
[WARN] [1781235126.636072878] [coord_transform]: Outlier rejected #3 (jumped 233.4mm). Ignoring.
[WARN] [1781235126.668486200] [coord_transform]: Outlier rejected #4 (jumped 289.2mm). Ignoring.
[INFO] [1781235126.695384860] [coord_transform]: Too many outliers (5). Resetting filter to new position.
[WARN] [1781235128.433918580] [coord_transform]: Outlier rejected #1 (jumped 178.6mm). Ignoring.
[WARN] [1781235128.685191601] [coord_transform]: Outlier rejected #1 (jumped 199.8mm). Ignoring.
[WARN] [1781235128.936298920] [coord_transform]: Outlier rejected #1 (jumped 324.8mm). Ignoring.
[WARN] [1781235128.965705124] [coord_transform]: Outlier rejected #2 (jumped 219.9mm). Ignoring.
[WARN] [1781235129.002367163] [coord_transform]: Outlier rejected #3 (jumped 245.8mm). Ignoring.
[WARN] [1781235129.104226770] [coord_transform]: Outlier rejected #1 (jumped 207.8mm). Ignoring.
[WARN] [1781235130.306795202] [coord_transform]: Outlier rejected #1 (jumped 216.7mm). Ignoring.
[WARN] [1781235133.736521658] [coord_transform]: Outlier rejected #1 (jumped 158.0mm). Ignoring.
[WARN] [1781235133.769965212] [coord_transform]: Outlier rejected #2 (jumped 213.3mm). Ignoring.
[WARN] [1781235133.804963876] [coord_transform]: Outlier rejected #3 (jumped 160.9mm). Ignoring.
[WARN] [1781235134.712730720] [coord_transform]: Outlier rejected #1 (jumped 274.6mm). Ignoring.
[WARN] [1781235134.768212347] [coord_transform]: Outlier rejected #2 (jumped 285.9mm). Ignoring.
[WARN] [1781235134.808964313] [coord_transform]: Outlier rejected #3 (jumped 451.3mm). Ignoring.
[WARN] [1781235134.835222358] [coord_transform]: Outlier rejected #4 (jumped 545.4mm). Ignoring.
[INFO] [1781235134.873470490] [coord_transform]: Too many outliers (5). Resetting filter to new position.
[WARN] [1781235135.036852859] [coord_transform]: Outlier rejected #1 (jumped 237.8mm). Ignoring.
[WARN] [1781235135.102515721] [coord_transform]: Outlier rejected #1 (jumped 321.9mm). Ignoring.
[WARN] [1781235135.136624174] [coord_transform]: Outlier rejected #2 (jumped 420.9mm). Ignoring.
[WARN] [1781235135.170241000] [coord_transform]: Outlier rejected #3 (jumped 442.4mm). Ignoring.
[WARN] [1781235135.203269014] [coord_transform]: Outlier rejected #4 (jumped 407.7mm). Ignoring.
[WARN] [1781235135.935461608] [coord_transform]: Outlier rejected #1 (jumped 187.3mm). Ignoring.
[WARN] [1781235135.969666654] [coord_transform]: Outlier rejected #2 (jumped 543.8mm). Ignoring.
[WARN] [1781235136.003365485] [coord_transform]: Outlier rejected #3 (jumped 163.6mm). Ignoring.
[WARN] [1781235136.070466568] [coord_transform]: Outlier rejected #1 (jumped 197.9mm). Ignoring.
[WARN] [1781235136.237970606] [coord_transform]: Outlier rejected #1 (jumped 540.7mm). Ignoring.
[WARN] [1781235136.271428982] [coord_transform]: Outlier rejected #2 (jumped 336.5mm). Ignoring.
[WARN] [1781235136.305091439] [coord_transform]: Outlier rejected #3 (jumped 368.9mm). Ignoring.
[WARN] [1781235136.336332885] [coord_transform]: Outlier rejected #4 (jumped 596.2mm). Ignoring.
[WARN] [1781235136.403920082] [coord_transform]: Outlier rejected #1 (jumped 435.6mm). Ignoring.
[WARN] [1781235136.438170799] [coord_transform]: Outlier rejected #2 (jumped 241.5mm). Ignoring.
[WARN] [1781235136.470682913] [coord_transform]: Outlier rejected #3 (jumped 217.3mm). Ignoring.
[WARN] [1781235136.504099185] [coord_transform]: Outlier rejected #4 (jumped 363.8mm). Ignoring.
[WARN] [1781235136.572207814] [coord_transform]: Outlier rejected #1 (jumped 217.9mm). Ignoring.
[WARN] [1781235136.604960500] [coord_transform]: Outlier rejected #2 (jumped 321.0mm). Ignoring.
[WARN] [1781235136.673234772] [coord_transform]: Outlier rejected #1 (jumped 585.5mm). Ignoring.
[WARN] [1781235136.839866780] [coord_transform]: Outlier rejected #1 (jumped 275.8mm). Ignoring.
[WARN] [1781235136.872468915] [coord_transform]: Outlier rejected #2 (jumped 578.5mm). Ignoring.
[WARN] [1781235136.902935776] [coord_transform]: Outlier rejected #3 (jumped 309.3mm). Ignoring.
[WARN] [1781235136.940214946] [coord_transform]: Outlier rejected #4 (jumped 320.6mm). Ignoring.
[INFO] [1781235136.980057994] [coord_transform]: Too many outliers (5). Resetting filter to new position.
[WARN] [1781235137.007575165] [coord_transform]: Outlier rejected #1 (jumped 223.3mm). Ignoring.
[WARN] [1781235137.037160192] [coord_transform]: Outlier rejected #2 (jumped 215.0mm). Ignoring.
[WARN] [1781235137.078903848] [coord_transform]: Outlier rejected #3 (jumped 260.4mm). Ignoring.
[WARN] [1781235137.107354718] [coord_transform]: Outlier rejected #4 (jumped 174.5mm). Ignoring.
[INFO] [1781235137.138635199] [coord_transform]: Too many outliers (5). Resetting filter to new position.
[WARN] [1781235137.241815203] [coord_transform]: Outlier rejected #1 (jumped 160.8mm). Ignoring.
[WARN] [1781235137.703423570] [coord_transform]: Outlier rejected #1 (jumped 355.4mm). Ignoring.
[WARN] [1781235137.904190615] [coord_transform]: Outlier rejected #1 (jumped 245.3mm). Ignoring.
[WARN] [1781235146.044164899] [coord_transform]: Outlier rejected #1 (jumped 203.3mm). Ignoring.
[WARN] [1781235146.758495663] [coord_transform]: Outlier rejected #1 (jumped 202.7mm). Ignoring.
[WARN] [1781235146.783185647] [coord_transform]: Outlier rejected #2 (jumped 176.1mm). Ignoring.
[WARN] [1781235146.822238459] [coord_transform]: Outlier rejected #3 (jumped 293.9mm). Ignoring.
[WARN] [1781235147.045052661] [coord_transform]: Outlier rejected #1 (jumped 182.7mm). Ignoring.
[WARN] [1781235147.112906754] [coord_transform]: Outlier rejected #1 (jumped 361.3mm). Ignoring.
[WARN] [1781235147.177836536] [coord_transform]: Outlier rejected #1 (jumped 202.3mm). Ignoring.
[WARN] [1781235147.212307422] [coord_transform]: Outlier rejected #2 (jumped 214.9mm). Ignoring.
[WARN] [1781235147.311449145] [coord_transform]: Outlier rejected #1 (jumped 253.6mm). Ignoring.
[WARN] [1781235147.344773953] [coord_transform]: Outlier rejected #2 (jumped 279.8mm). Ignoring.
[WARN] [1781235147.446878378] [coord_transform]: Outlier rejected #1 (jumped 234.6mm). Ignoring.
[WARN] [1781235147.478592956] [coord_transform]: Outlier rejected #2 (jumped 225.6mm). Ignoring.
[WARN] [1781235147.510684269] [coord_transform]: Outlier rejected #3 (jumped 269.5mm). Ignoring.
[WARN] [1781235147.546577972] [coord_transform]: Outlier rejected #4 (jumped 227.0mm). Ignoring.
[INFO] [1781235147.579978663] [coord_transform]: Too many outliers (5). Resetting filter to new position.
[WARN] [1781235169.103584491] [coord_transform]: Outlier rejected #1 (jumped 202.9mm). Ignoring.
[WARN] [1781235169.129169996] [coord_transform]: Outlier rejected #2 (jumped 213.2mm). Ignoring.
[WARN] [1781235169.161774118] [coord_transform]: Outlier rejected #3 (jumped 218.0mm). Ignoring.
[WARN] [1781235169.198913404] [coord_transform]: Outlier rejected #4 (jumped 233.5mm). Ignoring.
[INFO] [1781235169.235912965] [coord_transform]: Too many outliers (5). Resetting filter to new position.
[WARN] [1781235171.440071095] [coord_transform]: Outlier rejected #1 (jumped 335.1mm). Ignoring.
[WARN] [1781235171.507646596] [coord_transform]: Outlier rejected #2 (jumped 370.4mm). Ignoring.
[WARN] [1781235171.545657206] [coord_transform]: Outlier rejected #3 (jumped 234.0mm). Ignoring.
[WARN] [1781235171.573547224] [coord_transform]: Outlier rejected #4 (jumped 317.1mm). Ignoring.
[INFO] [1781235171.601109418] [coord_transform]: Too many outliers (5). Resetting filter to new position.
[WARN] [1781235172.865537707] [coord_transform]: Outlier rejected #1 (jumped 206.1mm). Ignoring.
[WARN] [1781235172.899081496] [coord_transform]: Outlier rejected #2 (jumped 195.0mm). Ignoring.
[WARN] [1781235172.931040280] [coord_transform]: Outlier rejected #3 (jumped 206.1mm). Ignoring.
[WARN] [1781235172.964880901] [coord_transform]: Outlier rejected #4 (jumped 195.0mm). Ignoring.
[INFO] [1781235172.998337703] [coord_transform]: Too many outliers (5). Resetting filter to new position.
[WARN] [1781235173.264368338] [coord_transform]: Outlier rejected #1 (jumped 153.0mm). Ignoring.
[WARN] [1781235173.466059772] [coord_transform]: Outlier rejected #1 (jumped 226.4mm). Ignoring.
[WARN] [1781235173.965590967] [coord_transform]: Outlier rejected #1 (jumped 194.2mm). Ignoring.
[WARN] [1781235173.996702226] [coord_transform]: Outlier rejected #2 (jumped 162.5mm). Ignoring.
[WARN] [1781235174.040022978] [coord_transform]: Outlier rejected #3 (jumped 167.5mm). Ignoring.
[WARN] [1781235174.070913015] [coord_transform]: Outlier rejected #4 (jumped 296.8mm). Ignoring.
[WARN] [1781235174.432135368] [coord_transform]: Outlier rejected #1 (jumped 346.1mm). Ignoring.
[WARN] [1781235174.638148249] [coord_transform]: Outlier rejected #1 (jumped 218.3mm). Ignoring.
[WARN] [1781235174.669972228] [coord_transform]: Outlier rejected #2 (jumped 228.4mm). Ignoring.
[WARN] [1781235174.702956135] [coord_transform]: Outlier rejected #3 (jumped 188.2mm). Ignoring.
[WARN] [1781235174.731978267] [coord_transform]: Outlier rejected #4 (jumped 207.9mm). Ignoring.
[INFO] [1781235174.767318914] [coord_transform]: Too many outliers (5). Resetting filter to new position.
[WARN] [1781235174.798074623] [coord_transform]: Outlier rejected #1 (jumped 293.7mm). Ignoring.
[WARN] [1781235174.833075238] [coord_transform]: Outlier rejected #2 (jumped 270.0mm). Ignoring.
[WARN] [1781235174.867952996] [coord_transform]: Outlier rejected #3 (jumped 290.7mm). Ignoring.
[WARN] [1781235174.899867126] [coord_transform]: Outlier rejected #4 (jumped 259.3mm). Ignoring.
[INFO] [1781235174.934627744] [coord_transform]: Too many outliers (5). Resetting filter to new position.
[WARN] [1781235175.041416518] [coord_transform]: Outlier rejected #1 (jumped 280.5mm). Ignoring.
[WARN] [1781235175.066029868] [coord_transform]: Outlier rejected #2 (jumped 214.4mm). Ignoring.
[WARN] [1781235195.228063354] [coord_transform]: Outlier rejected #1 (jumped 301.1mm). Ignoring.
[WARN] [1781235195.259686446] [coord_transform]: Outlier rejected #2 (jumped 651.6mm). Ignoring.
[WARN] [1781235195.372018130] [coord_transform]: Outlier rejected #3 (jumped 526.7mm). Ignoring.
[WARN] [1781235195.412376798] [coord_transform]: Outlier rejected #4 (jumped 357.0mm). Ignoring.
[INFO] [1781235195.444885785] [coord_transform]: Too many outliers (5). Resetting filter to new position.
[WARN] [1781235205.561010210] [coord_transform]: Outlier rejected #1 (jumped 192.4mm). Ignoring.
[WARN] [1781235206.656111129] [coord_transform]: Outlier rejected #1 (jumped 198.4mm). Ignoring.
[WARN] [1781235206.691184362] [coord_transform]: Outlier rejected #2 (jumped 175.2mm). Ignoring.
[WARN] [1781235208.157201891] [coord_transform]: Outlier rejected #1 (jumped 314.0mm). Ignoring.
[WARN] [1781235208.190069378] [coord_transform]: Outlier rejected #2 (jumped 338.5mm). Ignoring.
[WARN] [1781235208.257333333] [coord_transform]: Outlier rejected #3 (jumped 192.1mm). Ignoring.
[WARN] [1781235208.299089151] [coord_transform]: Outlier rejected #4 (jumped 223.6mm). Ignoring.
[WARN] [1781235208.925614042] [coord_transform]: Outlier rejected #1 (jumped 205.3mm). Ignoring.
[WARN] [1781235208.991630077] [coord_transform]: Outlier rejected #1 (jumped 328.9mm). Ignoring.
[WARN] [1781235209.061832707] [coord_transform]: Outlier rejected #2 (jumped 184.8mm). Ignoring.
[WARN] [1781235210.026300804] [coord_transform]: Outlier rejected #1 (jumped 162.0mm). Ignoring.
[WARN] [1781235210.057773050] [coord_transform]: Outlier rejected #2 (jumped 202.9mm). Ignoring.
[WARN] [1781235210.095137224] [coord_transform]: Outlier rejected #3 (jumped 260.4mm). Ignoring.
[WARN] [1781235210.131141089] [coord_transform]: Outlier rejected #4 (jumped 289.1mm). Ignoring.
[INFO] [1781235210.160701050] [coord_transform]: Too many outliers (5). Resetting filter to new position.
[WARN] [1781235212.193734797] [coord_transform]: Outlier rejected #1 (jumped 571.5mm). Ignoring.
[WARN] [1781235212.227533182] [coord_transform]: Outlier rejected #2 (jumped 613.5mm). Ignoring.
[WARN] [1781235212.262533376] [coord_transform]: Outlier rejected #3 (jumped 400.0mm). Ignoring.
[WARN] [1781235212.292777047] [coord_transform]: Outlier rejected #4 (jumped 339.3mm). Ignoring.
[INFO] [1781235212.394037670] [coord_transform]: Too many outliers (5). Resetting filter to new position.
[WARN] [1781235214.729259178] [coord_transform]: Outlier rejected #1 (jumped 444.0mm). Ignoring.
[WARN] [1781235214.861969375] [coord_transform]: Outlier rejected #1 (jumped 168.8mm). Ignoring.
[WARN] [1781235215.027794848] [coord_transform]: Outlier rejected #1 (jumped 151.3mm). Ignoring.
[WARN] [1781235215.203516082] [coord_transform]: Outlier rejected #1 (jumped 163.2mm). Ignoring.
[WARN] [1781235215.835849836] [coord_transform]: Outlier rejected #1 (jumped 153.0mm). Ignoring.
[WARN] [1781235215.900727391] [coord_transform]: Outlier rejected #1 (jumped 223.3mm). Ignoring.
[WARN] [1781235218.508613032] [coord_transform]: Outlier rejected #1 (jumped 295.3mm). Ignoring.
[WARN] [1781235218.664745728] [coord_transform]: Outlier rejected #2 (jumped 475.6mm). Ignoring.
[WARN] [1781235218.697437709] [coord_transform]: Outlier rejected #3 (jumped 381.2mm). Ignoring.
[WARN] [1781235229.109362155] [coord_transform]: Outlier rejected #1 (jumped 196.0mm). Ignoring.
[WARN] [1781235229.139150197] [coord_transform]: Outlier rejected #2 (jumped 169.6mm). Ignoring.
[WARN] [1781235229.180223240] [coord_transform]: Outlier rejected #3 (jumped 217.9mm). Ignoring.
[WARN] [1781235229.205322624] [coord_transform]: Outlier rejected #4 (jumped 295.4mm). Ignoring.
[WARN] [1781235229.414191153] [coord_transform]: Outlier rejected #1 (jumped 432.3mm). Ignoring.
[WARN] [1781235229.439006839] [coord_transform]: Outlier rejected #2 (jumped 472.9mm). Ignoring.
[WARN] [1781235230.316154124] [coord_transform]: Outlier rejected #1 (jumped 381.3mm). Ignoring.
[WARN] [1781235230.344971709] [coord_transform]: Outlier rejected #2 (jumped 355.3mm). Ignoring.
[WARN] [1781235238.679252689] [coord_transform]: Outlier rejected #1 (jumped 196.5mm). Ignoring.
[WARN] [1781235239.347860051] [coord_transform]: Outlier rejected #1 (jumped 211.5mm). Ignoring.
[WARN] [1781235240.287776560] [coord_transform]: Outlier rejected #1 (jumped 208.9mm). Ignoring.
[WARN] [1781235245.385517865] [coord_transform]: Outlier rejected #1 (jumped 157.8mm). Ignoring.
[WARN] [1781235245.493271417] [coord_transform]: Outlier rejected #1 (jumped 211.0mm). Ignoring.
[WARN] [1781235245.555234708] [coord_transform]: Outlier rejected #1 (jumped 492.9mm). Ignoring.
[WARN] [1781235245.759413942] [coord_transform]: Outlier rejected #1 (jumped 254.9mm). Ignoring.
[WARN] [1781235245.794067834] [coord_transform]: Outlier rejected #2 (jumped 208.6mm). Ignoring.
[WARN] [1781235245.818832406] [coord_transform]: Outlier rejected #3 (jumped 222.4mm). Ignoring.
[WARN] [1781235245.851585409] [coord_transform]: Outlier rejected #4 (jumped 179.0mm). Ignoring.
[INFO] [1781235245.885384031] [coord_transform]: Too many outliers (5). Resetting filter to new position.
[WARN] [1781235247.525848208] [coord_transform]: Outlier rejected #1 (jumped 365.9mm). Ignoring.
[WARN] [1781235247.555911257] [coord_transform]: Outlier rejected #2 (jumped 518.3mm). Ignoring.
[WARN] [1781235247.588165701] [coord_transform]: Outlier rejected #3 (jumped 291.3mm). Ignoring.
[WARN] [1781235248.987933656] [coord_transform]: Outlier rejected #1 (jumped 150.9mm). Ignoring.
[WARN] [1781235249.054410380] [coord_transform]: Outlier rejected #1 (jumped 181.5mm). Ignoring.
[WARN] [1781235249.689467069] [coord_transform]: Outlier rejected #1 (jumped 217.7mm). Ignoring.
[WARN] [1781235252.388081803] [coord_transform]: Outlier rejected #1 (jumped 180.7mm). Ignoring.
[WARN] [1781235252.459267466] [coord_transform]: Outlier rejected #1 (jumped 235.4mm). Ignoring.
[WARN] [1781235253.625558617] [coord_transform]: Outlier rejected #1 (jumped 220.8mm). Ignoring.
[WARN] [1781235253.667843198] [coord_transform]: Outlier rejected #2 (jumped 182.0mm). Ignoring.
[WARN] [1781235253.702785113] [coord_transform]: Outlier rejected #3 (jumped 171.8mm). Ignoring.
[WARN] [1781235253.727540769] [coord_transform]: Outlier rejected #4 (jumped 244.9mm). Ignoring.
[INFO] [1781235253.758447128] [coord_transform]: Too many outliers (5). Resetting filter to new position.
[WARN] [1781235254.398495635] [coord_transform]: Outlier rejected #1 (jumped 203.5mm). Ignoring.
[WARN] [1781235254.825939280] [coord_transform]: Outlier rejected #1 (jumped 160.5mm). Ignoring.
[WARN] [1781235254.996424748] [coord_transform]: Outlier rejected #1 (jumped 151.3mm). Ignoring.
[WARN] [1781235255.030103284] [coord_transform]: Outlier rejected #2 (jumped 160.5mm). Ignoring.
[WARN] [1781235255.524964950] [coord_transform]: Outlier rejected #1 (jumped 158.5mm). Ignoring.
[WARN] [1781235256.146059954] [coord_transform]: Outlier rejected #1 (jumped 158.5mm). Ignoring.
[WARN] [1781235258.127541122] [coord_transform]: Outlier rejected #1 (jumped 208.4mm). Ignoring.
[WARN] [1781235258.196159804] [coord_transform]: Outlier rejected #1 (jumped 205.6mm). Ignoring.
[WARN] [1781235258.661006082] [coord_transform]: Outlier rejected #1 (jumped 269.9mm). Ignoring.
[WARN] [1781235260.265599451] [coord_transform]: Outlier rejected #1 (jumped 203.1mm). Ignoring.
[WARN] [1781235260.496901431] [coord_transform]: Outlier rejected #1 (jumped 165.7mm). Ignoring.
[WARN] [1781235260.696903502] [coord_transform]: Outlier rejected #1 (jumped 163.7mm). Ignoring.
[WARN] [1781235261.070766994] [coord_transform]: Outlier rejected #1 (jumped 189.6mm). Ignoring.
[WARN] [1781235261.198937220] [coord_transform]: Outlier rejected #1 (jumped 229.0mm). Ignoring.
[WARN] [1781235261.429508110] [coord_transform]: Outlier rejected #1 (jumped 168.8mm). Ignoring.
[WARN] [1781235262.046487758] [coord_transform]: Outlier rejected #1 (jumped 189.9mm). Ignoring.
[WARN] [1781235262.146219622] [coord_transform]: Outlier rejected #1 (jumped 180.9mm). Ignoring.
[WARN] [1781235262.205341824] [coord_transform]: Outlier rejected #1 (jumped 222.8mm). Ignoring.
[WARN] [1781235262.399337570] [coord_transform]: Outlier rejected #1 (jumped 178.8mm). Ignoring.
[WARN] [1781235262.533030796] [coord_transform]: Outlier rejected #1 (jumped 193.0mm). Ignoring.
[WARN] [1781235262.669545597] [coord_transform]: Outlier rejected #1 (jumped 180.9mm). Ignoring.
[WARN] [1781235263.266467152] [coord_transform]: Outlier rejected #1 (jumped 167.7mm). Ignoring.
[WARN] [1781235263.332053200] [coord_transform]: Outlier rejected #1 (jumped 158.2mm). Ignoring.
[WARN] [1781235263.498677325] [coord_transform]: Outlier rejected #1 (jumped 171.4mm). Ignoring.
[WARN] [1781235263.932066797] [coord_transform]: Outlier rejected #1 (jumped 272.6mm). Ignoring.
[WARN] [1781235264.066150211] [coord_transform]: Outlier rejected #1 (jumped 350.8mm). Ignoring.
[WARN] [1781235264.501477918] [coord_transform]: Outlier rejected #1 (jumped 177.8mm). Ignoring.
[WARN] [1781235264.531740729] [coord_transform]: Outlier rejected #2 (jumped 165.7mm). Ignoring.
[WARN] [1781235264.601243680] [coord_transform]: Outlier rejected #1 (jumped 185.9mm). Ignoring.
[WARN] [1781235264.966291773] [coord_transform]: Outlier rejected #1 (jumped 176.3mm). Ignoring.
[WARN] [1781235265.272583887] [coord_transform]: Outlier rejected #1 (jumped 167.8mm). Ignoring.
[WARN] [1781235265.332835710] [coord_transform]: Outlier rejected #1 (jumped 211.3mm). Ignoring.
[WARN] [1781235265.542721432] [coord_transform]: Outlier rejected #1 (jumped 233.5mm). Ignoring.
[WARN] [1781235265.568848639] [coord_transform]: Outlier rejected #2 (jumped 321.4mm). Ignoring.
[WARN] [1781235265.699853181] [coord_transform]: Outlier rejected #1 (jumped 169.9mm). Ignoring.
[WARN] [1781235265.942244816] [coord_transform]: Outlier rejected #1 (jumped 151.3mm). Ignoring.
[WARN] [1781235266.042732768] [coord_transform]: Outlier rejected #1 (jumped 451.8mm). Ignoring.
[WARN] [1781235266.210697593] [coord_transform]: Outlier rejected #1 (jumped 262.8mm). Ignoring.
[WARN] [1781235266.244941858] [coord_transform]: Outlier rejected #2 (jumped 293.1mm). Ignoring.
[WARN] [1781235266.270499669] [coord_transform]: Outlier rejected #3 (jumped 231.5mm). Ignoring.
[WARN] [1781235266.302432869] [coord_transform]: Outlier rejected #4 (jumped 262.8mm). Ignoring.
[INFO] [1781235266.333051617] [coord_transform]: Too many outliers (5). Resetting filter to new position.
[WARN] [1781235266.367842475] [coord_transform]: Outlier rejected #1 (jumped 231.5mm). Ignoring.
[WARN] [1781235266.443639148] [coord_transform]: Outlier rejected #1 (jumped 167.8mm). Ignoring.
[WARN] [1781235267.202164886] [coord_transform]: Outlier rejected #1 (jumped 159.7mm). Ignoring.
[WARN] [1781235267.306625807] [coord_transform]: Outlier rejected #1 (jumped 205.7mm). Ignoring.
[WARN] [1781235267.340393012] [coord_transform]: Outlier rejected #2 (jumped 212.3mm). Ignoring.
[WARN] [1781235267.613733925] [coord_transform]: Outlier rejected #1 (jumped 176.9mm). Ignoring.
[WARN] [1781235267.685812952] [coord_transform]: Outlier rejected #1 (jumped 288.1mm). Ignoring.
[WARN] [1781235267.784800339] [coord_transform]: Outlier rejected #1 (jumped 267.9mm). Ignoring.
[WARN] [1781235267.846738033] [coord_transform]: Outlier rejected #1 (jumped 429.6mm). Ignoring.
[WARN] [1781235268.070803479] [coord_transform]: Outlier rejected #1 (jumped 487.8mm). Ignoring.
[WARN] [1781235268.236498438] [coord_transform]: Outlier rejected #1 (jumped 156.6mm). Ignoring.
[WARN] [1781235268.471152855] [coord_transform]: Outlier rejected #1 (jumped 160.7mm). Ignoring.
[WARN] [1781235268.568962994] [coord_transform]: Outlier rejected #1 (jumped 237.5mm). Ignoring.
[WARN] [1781235268.967931407] [coord_transform]: Outlier rejected #1 (jumped 166.4mm). Ignoring.
[WARN] [1781235269.142977569] [coord_transform]: Outlier rejected #1 (jumped 278.0mm). Ignoring.
[WARN] [1781235269.241340176] [coord_transform]: Outlier rejected #1 (jumped 189.0mm). Ignoring.
[WARN] [1781235272.941988171] [coord_transform]: Outlier rejected #1 (jumped 178.3mm). Ignoring.
[WARN] [1781235275.706234068] [coord_transform]: Outlier rejected #1 (jumped 165.6mm). Ignoring.
[WARN] [1781235276.818728997] [coord_transform]: Outlier rejected #1 (jumped 158.6mm). Ignoring.
[WARN] [1781235278.419778743] [coord_transform]: Outlier rejected #1 (jumped 174.2mm). Ignoring.
[WARN] [1781235279.108091162] [coord_transform]: Outlier rejected #1 (jumped 163.1mm). Ignoring.
[WARN] [1781235279.243806784] [coord_transform]: Outlier rejected #1 (jumped 179.8mm). Ignoring.
[WARN] [1781235279.305884032] [coord_transform]: Outlier rejected #1 (jumped 151.0mm). Ignoring.
[WARN] [1781235279.928205256] [coord_transform]: Outlier rejected #1 (jumped 169.3mm). Ignoring.
[WARN] [1781235281.423479772] [coord_transform]: Outlier rejected #1 (jumped 178.7mm). Ignoring.
[WARN] [1781235281.556413070] [coord_transform]: Outlier rejected #1 (jumped 152.5mm). Ignoring.
[WARN] [1781235284.461384057] [coord_transform]: Outlier rejected #1 (jumped 154.5mm). Ignoring.
[WARN] [1781235284.890971816] [coord_transform]: Outlier rejected #1 (jumped 170.1mm). Ignoring.
[WARN] [1781235284.921810048] [coord_transform]: Outlier rejected #2 (jumped 190.3mm). Ignoring.
[WARN] [1781235284.947316749] [coord_transform]: Outlier rejected #3 (jumped 165.1mm). Ignoring.
[WARN] [1781235286.782286395] [coord_transform]: Outlier rejected #1 (jumped 212.2mm). Ignoring.
[WARN] [1781235286.984240050] [coord_transform]: Outlier rejected #1 (jumped 162.2mm). Ignoring.
[WARN] [1781235287.018078818] [coord_transform]: Outlier rejected #2 (jumped 505.0mm). Ignoring.
[WARN] [1781235287.049622783] [coord_transform]: Outlier rejected #3 (jumped 449.2mm). Ignoring.
[WARN] [1781235287.151570181] [coord_transform]: Outlier rejected #4 (jumped 248.7mm). Ignoring.
[WARN] [1781235287.315935056] [coord_transform]: Outlier rejected #1 (jumped 181.9mm). Ignoring.
[WARN] [1781235287.348925279] [coord_transform]: Outlier rejected #2 (jumped 182.4mm). Ignoring.
[WARN] [1781235287.723249865] [coord_transform]: Outlier rejected #1 (jumped 183.3mm). Ignoring.
[WARN] [1781235287.756825762] [coord_transform]: Outlier rejected #2 (jumped 156.4mm). Ignoring.
[WARN] [1781235287.786929180] [coord_transform]: Outlier rejected #3 (jumped 279.4mm). Ignoring.
[WARN] [1781235287.821922138] [coord_transform]: Outlier rejected #4 (jumped 304.6mm). Ignoring.
[INFO] [1781235287.852331637] [coord_transform]: Too many outliers (5). Resetting filter to new position.
[WARN] [1781235288.387644015] [coord_transform]: Outlier rejected #1 (jumped 364.0mm). Ignoring.
[WARN] [1781235288.453955452] [coord_transform]: Outlier rejected #2 (jumped 290.5mm). Ignoring.
[WARN] [1781235288.483896479] [coord_transform]: Outlier rejected #3 (jumped 162.3mm). Ignoring.
[WARN] [1781235288.517240443] [coord_transform]: Outlier rejected #4 (jumped 175.1mm). Ignoring.
[INFO] [1781235288.559242451] [coord_transform]: Too many outliers (5). Resetting filter to new position.
[WARN] [1781235288.787656395] [coord_transform]: Outlier rejected #1 (jumped 214.0mm). Ignoring.
[WARN] [1781235288.816764994] [coord_transform]: Outlier rejected #2 (jumped 200.0mm). Ignoring.
[WARN] [1781235288.985980768] [coord_transform]: Outlier rejected #3 (jumped 467.5mm). Ignoring.
[WARN] [1781235289.019535456] [coord_transform]: Outlier rejected #4 (jumped 351.5mm). Ignoring.
[WARN] [1781235289.917560934] [coord_transform]: Outlier rejected #1 (jumped 300.2mm). Ignoring.
[WARN] [1781235289.950796073] [coord_transform]: Outlier rejected #2 (jumped 185.1mm). Ignoring.
[WARN] [1781235289.984435079] [coord_transform]: Outlier rejected #3 (jumped 296.4mm). Ignoring.
[WARN] [1781235292.353147869] [coord_transform]: Outlier rejected #4 (jumped 384.4mm). Ignoring.
[INFO] [1781235292.556253720] [coord_transform]: Too many outliers (5). Resetting filter to new position.
[WARN] [1781235292.756526655] [coord_transform]: Outlier rejected #1 (jumped 205.3mm). Ignoring.
[WARN] [1781235293.888160867] [coord_transform]: Outlier rejected #1 (jumped 234.3mm). Ignoring.
[WARN] [1781235306.936033185] [coord_transform]: Outlier rejected #1 (jumped 462.6mm). Ignoring.
[WARN] [1781235306.968342444] [coord_transform]: Outlier rejected #2 (jumped 426.9mm). Ignoring.
[WARN] [1781235306.997712760] [coord_transform]: Outlier rejected #3 (jumped 413.7mm). Ignoring.
[WARN] [1781235307.031744838] [coord_transform]: Outlier rejected #4 (jumped 344.7mm). Ignoring.
[INFO] [1781235307.065446402] [coord_transform]: Too many outliers (5). Resetting filter to new position.
[WARN] [1781235316.638812178] [coord_transform]: Outlier rejected #1 (jumped 158.0mm). Ignoring.
[WARN] [1781235319.437476192] [coord_transform]: Outlier rejected #1 (jumped 205.8mm). Ignoring.
[WARN] [1781235319.473321515] [coord_transform]: Outlier rejected #2 (jumped 204.5mm). Ignoring.
[WARN] [1781235319.517133372] [coord_transform]: Outlier rejected #3 (jumped 222.6mm). Ignoring.
[WARN] [1781235319.549268372] [coord_transform]: Outlier rejected #4 (jumped 235.0mm). Ignoring.
[INFO] [1781235319.587519044] [coord_transform]: Too many outliers (5). Resetting filter to new position.
[WARN] [1781235330.149066075] [coord_transform]: Outlier rejected #1 (jumped 276.1mm). Ignoring.
[WARN] [1781235330.181742783] [coord_transform]: Outlier rejected #2 (jumped 631.1mm). Ignoring.
[WARN] [1781235330.220320808] [coord_transform]: Outlier rejected #3 (jumped 549.7mm). Ignoring.
[WARN] [1781235336.319951604] [coord_transform]: Outlier rejected #1 (jumped 185.7mm). Ignoring.
[WARN] [1781235336.356433495] [coord_transform]: Outlier rejected #2 (jumped 161.4mm). Ignoring.
[WARN] [1781235342.391918665] [coord_transform]: Outlier rejected #1 (jumped 522.5mm). Ignoring.
[WARN] [1781235342.424897034] [coord_transform]: Outlier rejected #2 (jumped 522.5mm). Ignoring.
[WARN] [1781235342.458871839] [coord_transform]: Outlier rejected #3 (jumped 522.5mm). Ignoring.
[WARN] [1781235342.492937202] [coord_transform]: Outlier rejected #4 (jumped 522.5mm). Ignoring.
[INFO] [1781235342.532130319] [coord_transform]: Too many outliers (5). Resetting filter to new position.
[INFO] [1781235344.326108033] [coord_transform]: Deadband: HOLD at (0.102, 0.085, 0.042)
[INFO] [1781235344.359412193] [coord_transform]: Deadband: RELEASE — motion detected
[WARN] [1781235346.396535998] [coord_transform]: Outlier rejected #1 (jumped 409.0mm). Ignoring.
[WARN] [1781235346.427807918] [coord_transform]: Outlier rejected #2 (jumped 327.6mm). Ignoring.
[WARN] [1781235346.463503771] [coord_transform]: Outlier rejected #3 (jumped 256.6mm). Ignoring.
[WARN] [1781235346.500918906] [coord_transform]: Outlier rejected #4 (jumped 161.1mm). Ignoring.
[INFO] [1781235346.552078108] [coord_transform]: Too many outliers (5). Resetting filter to new position.
[WARN] [1781235346.584934534] [coord_transform]: Outlier rejected #1 (jumped 243.1mm). Ignoring.
[WARN] [1781235346.617395828] [coord_transform]: Outlier rejected #2 (jumped 310.4mm). Ignoring.
[WARN] [1781235346.696870767] [coord_transform]: Outlier rejected #3 (jumped 238.1mm). Ignoring.
[WARN] [1781235346.729383044] [coord_transform]: Outlier rejected #4 (jumped 272.3mm). Ignoring.
[INFO] [1781235346.757142789] [coord_transform]: Too many outliers (5). Resetting filter to new position.
[WARN] [1781235350.141365740] [coord_transform]: Outlier rejected #1 (jumped 1045.1mm). Ignoring.
[WARN] [1781235350.168630066] [coord_transform]: Outlier rejected #2 (jumped 1014.6mm). Ignoring.
[WARN] [1781235350.202318590] [coord_transform]: Outlier rejected #3 (jumped 1081.7mm). Ignoring.
[WARN] [1781235350.237605046] [coord_transform]: Outlier rejected #4 (jumped 1108.2mm). Ignoring.
[INFO] [1781235358.335154009] [coord_transform]: Too many outliers (5). Resetting filter to new position.
[WARN] [1781235359.691362187] [coord_transform]: Outlier rejected #1 (jumped 217.9mm). Ignoring.
[WARN] [1781235359.773821745] [coord_transform]: Outlier rejected #1 (jumped 277.9mm). Ignoring.
[WARN] [1781235359.836980405] [coord_transform]: Outlier rejected #2 (jumped 1224.7mm). Ignoring.
[WARN] [1781235360.783834784] [coord_transform]: Outlier rejected #3 (jumped 355.5mm). Ignoring.
[WARN] [1781235360.809890924] [coord_transform]: Outlier rejected #4 (jumped 397.1mm). Ignoring.
[INFO] [1781235360.837281688] [coord_transform]: Too many outliers (5). Resetting filter to new position.
[WARN] [1781235361.627292201] [coord_transform]: Outlier rejected #1 (jumped 161.7mm). Ignoring.
[WARN] [1781235361.699266891] [coord_transform]: Outlier rejected #2 (jumped 213.7mm). Ignoring.
[WARN] [1781235466.696992470] [coord_transform]: Outlier rejected #3 (jumped 204.2mm). Ignoring.
[WARN] [1781235466.720525924] [coord_transform]: Outlier rejected #4 (jumped 211.1mm). Ignoring.
[INFO] [1781235466.749158828] [coord_transform]: Too many outliers (5). Resetting filter to new position.
[WARN] [1781235472.098268537] [coord_transform]: Outlier rejected #1 (jumped 1529.6mm). Ignoring.
[WARN] [1781235472.130684021] [coord_transform]: Outlier rejected #2 (jumped 1529.8mm). Ignoring.
[WARN] [1781235472.161477350] [coord_transform]: Outlier rejected #3 (jumped 1589.1mm). Ignoring.
[WARN] [1781235472.186807787] [coord_transform]: Outlier rejected #4 (jumped 1541.9mm). Ignoring.
[INFO] [1781235472.222604902] [coord_transform]: Too many outliers (5). Resetting filter to new position.
[WARN] [1781235472.329768390] [coord_transform]: Outlier rejected #1 (jumped 225.2mm). Ignoring.
[WARN] [1781235472.387413400] [coord_transform]: Outlier rejected #1 (jumped 199.1mm). Ignoring.
[WARN] [1781235472.420780451] [coord_transform]: Outlier rejected #2 (jumped 210.5mm). Ignoring.
[WARN] [1781235472.453866553] [coord_transform]: Outlier rejected #3 (jumped 356.3mm). Ignoring.
[WARN] [1781235472.494406991] [coord_transform]: Outlier rejected #4 (jumped 375.9mm). Ignoring.
[INFO] [1781235472.521601779] [coord_transform]: Too many outliers (5). Resetting filter to new position.
[WARN] [1781235474.153925731] [coord_transform]: Outlier rejected #1 (jumped 157.2mm). Ignoring.
[WARN] [1781235475.425138941] [coord_transform]: Outlier rejected #1 (jumped 182.9mm). Ignoring.
[WARN] [1781235475.454819655] [coord_transform]: Outlier rejected #2 (jumped 155.5mm). Ignoring.
[WARN] [1781235475.563839909] [coord_transform]: Outlier rejected #1 (jumped 154.9mm). Ignoring.
[WARN] [1781235475.594187307] [coord_transform]: Outlier rejected #2 (jumped 275.7mm). Ignoring.
[WARN] [1781235475.623395983] [coord_transform]: Outlier rejected #3 (jumped 366.1mm). Ignoring.
[WARN] [1781235475.662616219] [coord_transform]: Outlier rejected #4 (jumped 356.2mm). Ignoring.
[INFO] [1781235475.695643797] [coord_transform]: Too many outliers (5). Resetting filter to new position.
[WARN] [1781235476.402073076] [coord_transform]: Outlier rejected #1 (jumped 152.5mm). Ignoring.
[WARN] [1781235476.569695119] [coord_transform]: Outlier rejected #1 (jumped 151.1mm). Ignoring.
[WARN] [1781235476.655427878] [coord_transform]: Outlier rejected #1 (jumped 179.6mm). Ignoring.
[WARN] [1781235481.996847908] [coord_transform]: Outlier rejected #1 (jumped 159.0mm). Ignoring.
[WARN] [1781235483.296273958] [coord_transform]: Outlier rejected #1 (jumped 187.7mm). Ignoring.
[WARN] [1781235484.665376466] [coord_transform]: Outlier rejected #1 (jumped 167.3mm). Ignoring.
[WARN] [1781235485.198136837] [coord_transform]: Outlier rejected #1 (jumped 242.1mm). Ignoring.
[WARN] [1781235485.229331485] [coord_transform]: Outlier rejected #2 (jumped 542.4mm). Ignoring.
[WARN] [1781235485.262736832] [coord_transform]: Outlier rejected #3 (jumped 158.7mm). Ignoring.
[WARN] [1781235485.638895312] [coord_transform]: Outlier rejected #1 (jumped 338.4mm). Ignoring.
[WARN] [1781235486.304419981] [coord_transform]: Outlier rejected #1 (jumped 208.0mm). Ignoring.
[WARN] [1781235486.330508832] [coord_transform]: Outlier rejected #2 (jumped 229.6mm). Ignoring.
[WARN] [1781235486.368741273] [coord_transform]: Outlier rejected #3 (jumped 260.6mm). Ignoring.
[WARN] [1781235486.395816443] [coord_transform]: Outlier rejected #4 (jumped 292.4mm). Ignoring.
[INFO] [1781235486.430029231] [coord_transform]: Too many outliers (5). Resetting filter to new position.
[WARN] [1781235494.562464708] [coord_transform]: Outlier rejected #1 (jumped 186.6mm). Ignoring.
[WARN] [1781235510.614194180] [coord_transform]: Outlier rejected #1 (jumped 268.0mm). Ignoring.
[WARN] [1781235510.649010284] [coord_transform]: Outlier rejected #2 (jumped 284.3mm). Ignoring.
[WARN] [1781235510.681272558] [coord_transform]: Outlier rejected #3 (jumped 373.9mm). Ignoring.
[WARN] [1781235510.714921543] [coord_transform]: Outlier rejected #4 (jumped 262.9mm). Ignoring.
[INFO] [1781235510.747432857] [coord_transform]: Too many outliers (5). Resetting filter to new position.
[WARN] [1781235510.834246853] [coord_transform]: Outlier rejected #1 (jumped 518.0mm). Ignoring.
[WARN] [1781235510.859453512] [coord_transform]: Outlier rejected #2 (jumped 494.9mm). Ignoring.
[WARN] [1781235510.890627692] [coord_transform]: Outlier rejected #3 (jumped 447.0mm). Ignoring.
[WARN] [1781235510.917328496] [coord_transform]: Outlier rejected #4 (jumped 370.5mm). Ignoring.
[INFO] [1781235510.947456795] [coord_transform]: Too many outliers (5). Resetting filter to new position.
[WARN] [1781235512.623281627] [coord_transform]: Outlier rejected #1 (jumped 181.9mm). Ignoring.
[WARN] [1781235512.662715856] [coord_transform]: Outlier rejected #2 (jumped 332.2mm). Ignoring.
[WARN] [1781235512.693737542] [coord_transform]: Outlier rejected #3 (jumped 385.3mm). Ignoring.
[WARN] [1781235512.728525818] [coord_transform]: Outlier rejected #4 (jumped 385.4mm). Ignoring.
[INFO] [1781235512.755707618] [coord_transform]: Too many outliers (5). Resetting filter to new position.
[WARN] [1781235526.025507234] [coord_transform]: Outlier rejected #1 (jumped 463.2mm). Ignoring.
[WARN] [1781235526.073808847] [coord_transform]: Outlier rejected #2 (jumped 493.3mm). Ignoring.
[WARN] [1781235526.104774690] [coord_transform]: Outlier rejected #3 (jumped 445.2mm). Ignoring.
[WARN] [1781235526.137931524] [coord_transform]: Outlier rejected #4 (jumped 494.2mm). Ignoring.
[INFO] [1781235526.169012762] [coord_transform]: Too many outliers (5). Resetting filter to new position.
[WARN] [1781235528.426657688] [coord_transform]: Outlier rejected #1 (jumped 477.8mm). Ignoring.
[WARN] [1781235533.531771605] [coord_transform]: Outlier rejected #2 (jumped 1298.0mm). Ignoring.
[WARN] [1781235533.564950136] [coord_transform]: Outlier rejected #3 (jumped 1293.0mm). Ignoring.
[WARN] [1781235533.598728457] [coord_transform]: Outlier rejected #4 (jumped 477.3mm). Ignoring.
[INFO] [1781235533.640382000] [coord_transform]: Too many outliers (5). Resetting filter to new position.
[WARN] [1781235533.665075857] [coord_transform]: Outlier rejected #1 (jumped 1055.2mm). Ignoring.
[WARN] [1781235533.731988858] [coord_transform]: Outlier rejected #1 (jumped 160.6mm). Ignoring.
[WARN] [1781235533.770634550] [coord_transform]: Outlier rejected #2 (jumped 193.9mm). Ignoring.
[WARN] [1781235533.831898128] [coord_transform]: Outlier rejected #1 (jumped 1036.8mm). Ignoring.
[WARN] [1781235533.869094128] [coord_transform]: Outlier rejected #2 (jumped 1071.2mm). Ignoring.
[WARN] [1781235533.903839867] [coord_transform]: Outlier rejected #3 (jumped 174.1mm). Ignoring.
[WARN] [1781235533.968451512] [coord_transform]: Outlier rejected #1 (jumped 963.6mm). Ignoring.
[WARN] [1781235534.001292937] [coord_transform]: Outlier rejected #2 (jumped 985.0mm). Ignoring.
[WARN] [1781235534.076741199] [coord_transform]: Outlier rejected #3 (jumped 1004.1mm). Ignoring.
[WARN] [1781235534.155796423] [coord_transform]: Outlier rejected #4 (jumped 984.8mm). Ignoring.
[INFO] [1781235534.180631760] [coord_transform]: Too many outliers (5). Resetting filter to new position.
[WARN] [1781235534.235900897] [coord_transform]: Outlier rejected #1 (jumped 1014.5mm). Ignoring.
[WARN] [1781235534.375693882] [coord_transform]: Outlier rejected #2 (jumped 1153.2mm). Ignoring.
[WARN] [1781235534.432041120] [coord_transform]: Outlier rejected #3 (jumped 934.3mm). Ignoring.
[WARN] [1781235534.468917828] [coord_transform]: Outlier rejected #4 (jumped 1061.5mm). Ignoring.
[INFO] [1781235534.498496872] [coord_transform]: Too many outliers (5). Resetting filter to new position.
[WARN] [1781235534.533781703] [coord_transform]: Outlier rejected #1 (jumped 1093.0mm). Ignoring.
[WARN] [1781235534.570187199] [coord_transform]: Outlier rejected #2 (jumped 1168.5mm). Ignoring.
[WARN] [1781235534.610286886] [coord_transform]: Outlier rejected #3 (jumped 1117.5mm). Ignoring.
[WARN] [1781235534.634955334] [coord_transform]: Outlier rejected #4 (jumped 1122.6mm). Ignoring.
[INFO] [1781235534.666715374] [coord_transform]: Too many outliers (5). Resetting filter to new position.
[WARN] [1781235534.699130555] [coord_transform]: Outlier rejected #1 (jumped 1020.1mm). Ignoring.
[WARN] [1781235534.810960442] [coord_transform]: Outlier rejected #1 (jumped 1260.1mm). Ignoring.
[WARN] [1781235534.835891924] [coord_transform]: Outlier rejected #2 (jumped 1082.6mm). Ignoring.
[WARN] [1781235534.865922648] [coord_transform]: Outlier rejected #3 (jumped 1671.0mm). Ignoring.
[WARN] [1781235534.998726926] [coord_transform]: Outlier rejected #1 (jumped 1184.9mm). Ignoring.
[WARN] [1781235535.036238334] [coord_transform]: Outlier rejected #2 (jumped 1101.4mm). Ignoring.
[WARN] [1781235535.069689776] [coord_transform]: Outlier rejected #3 (jumped 1094.2mm). Ignoring.
[WARN] [1781235535.101397393] [coord_transform]: Outlier rejected #4 (jumped 1136.8mm). Ignoring.
[WARN] [1781235535.199384746] [coord_transform]: Outlier rejected #1 (jumped 1003.9mm). Ignoring.
[WARN] [1781235535.232134959] [coord_transform]: Outlier rejected #2 (jumped 1096.7mm). Ignoring.
[WARN] [1781235535.268488801] [coord_transform]: Outlier rejected #3 (jumped 1021.6mm). Ignoring.
[WARN] [1781235535.370824071] [coord_transform]: Outlier rejected #1 (jumped 238.2mm). Ignoring.
[WARN] [1781235535.431613983] [coord_transform]: Outlier rejected #2 (jumped 894.6mm). Ignoring.
[WARN] [1781235535.519116058] [coord_transform]: Outlier rejected #3 (jumped 1216.2mm). Ignoring.
[WARN] [1781235535.679815422] [coord_transform]: Outlier rejected #1 (jumped 170.3mm). Ignoring.
[WARN] [1781235536.004245664] [coord_transform]: Outlier rejected #2 (jumped 1116.6mm). Ignoring.
[WARN] [1781235536.470201897] [coord_transform]: Outlier rejected #1 (jumped 1126.8mm). Ignoring.
[WARN] [1781235536.542396580] [coord_transform]: Outlier rejected #2 (jumped 1230.4mm). Ignoring.
[WARN] [1781235536.736914257] [coord_transform]: Outlier rejected #1 (jumped 1074.4mm). Ignoring.
[WARN] [1781235536.770988865] [coord_transform]: Outlier rejected #2 (jumped 1383.3mm). Ignoring.
[WARN] [1781235536.878722585] [coord_transform]: Outlier rejected #1 (jumped 151.8mm). Ignoring.
[WARN] [1781235536.909623851] [coord_transform]: Outlier rejected #2 (jumped 1038.3mm). Ignoring.
[WARN] [1781235537.009524675] [coord_transform]: Outlier rejected #1 (jumped 1069.7mm). Ignoring.
[WARN] [1781235537.069229510] [coord_transform]: Outlier rejected #1 (jumped 954.5mm). Ignoring.
[WARN] [1781235537.108934144] [coord_transform]: Outlier rejected #2 (jumped 1036.9mm). Ignoring.
[WARN] [1781235537.135357932] [coord_transform]: Outlier rejected #3 (jumped 1063.0mm). Ignoring.
[WARN] [1781235537.202269709] [coord_transform]: Outlier rejected #1 (jumped 963.3mm). Ignoring.
[WARN] [1781235537.336406331] [coord_transform]: Outlier rejected #1 (jumped 962.5mm). Ignoring.
[WARN] [1781235537.368100195] [coord_transform]: Outlier rejected #2 (jumped 1006.2mm). Ignoring.
[WARN] [1781235537.401727466] [coord_transform]: Outlier rejected #3 (jumped 1077.2mm). Ignoring.
[WARN] [1781235537.537182547] [coord_transform]: Outlier rejected #1 (jumped 1074.6mm). Ignoring.
[WARN] [1781235537.603225848] [coord_transform]: Outlier rejected #1 (jumped 1193.6mm). Ignoring.
[WARN] [1781235537.646044170] [coord_transform]: Outlier rejected #2 (jumped 1134.5mm). Ignoring.
[WARN] [1781235537.701045907] [coord_transform]: Outlier rejected #1 (jumped 1066.6mm). Ignoring.
[WARN] [1781235537.768493637] [coord_transform]: Outlier rejected #1 (jumped 1476.7mm). Ignoring.
[WARN] [1781235538.004336461] [coord_transform]: Outlier rejected #2 (jumped 1089.1mm). Ignoring.
[WARN] [1781235538.174627369] [coord_transform]: Outlier rejected #3 (jumped 1237.2mm). Ignoring.
[WARN] [1781235538.246861320] [coord_transform]: Outlier rejected #4 (jumped 1066.9mm). Ignoring.
[INFO] [1781235538.566955214] [coord_transform]: Too many outliers (5). Resetting filter to new position.
[WARN] [1781235538.668272825] [coord_transform]: Outlier rejected #1 (jumped 244.7mm). Ignoring.
[WARN] [1781235538.919574571] [coord_transform]: Outlier rejected #2 (jumped 1020.4mm). Ignoring.
[WARN] [1781235538.979704741] [coord_transform]: Outlier rejected #3 (jumped 201.1mm). Ignoring.
[WARN] [1781235539.005895041] [coord_transform]: Outlier rejected #4 (jumped 757.1mm). Ignoring.
[INFO] [1781235539.069254935] [coord_transform]: Too many outliers (5). Resetting filter to new position.
[WARN] [1781235539.135531973] [coord_transform]: Outlier rejected #1 (jumped 1308.7mm). Ignoring.
[WARN] [1781235539.171657592] [coord_transform]: Outlier rejected #2 (jumped 1242.7mm). Ignoring.
[WARN] [1781235539.202954814] [coord_transform]: Outlier rejected #3 (jumped 1202.6mm). Ignoring.
[WARN] [1781235539.242553563] [coord_transform]: Outlier rejected #4 (jumped 1203.2mm). Ignoring.
[INFO] [1781235539.273134495] [coord_transform]: Too many outliers (5). Resetting filter to new position.
[WARN] [1781235540.445027350] [coord_transform]: Outlier rejected #1 (jumped 991.3mm). Ignoring.
[WARN] [1781235540.488207654] [coord_transform]: Outlier rejected #2 (jumped 992.0mm). Ignoring.
[WARN] [1781235540.515538515] [coord_transform]: Outlier rejected #3 (jumped 1143.9mm). Ignoring.
[WARN] [1781235540.544992821] [coord_transform]: Outlier rejected #4 (jumped 1099.6mm). Ignoring.
[INFO] [1781235540.577961305] [coord_transform]: Too many outliers (5). Resetting filter to new position.
[WARN] [1781235541.510263105] [coord_transform]: Outlier rejected #1 (jumped 213.9mm). Ignoring.
[WARN] [1781235542.013931549] [coord_transform]: Outlier rejected #1 (jumped 192.7mm). Ignoring.
[WARN] [1781235542.047464945] [coord_transform]: Outlier rejected #2 (jumped 199.2mm). Ignoring.
[WARN] [1781235542.241395673] [coord_transform]: Outlier rejected #1 (jumped 157.1mm). Ignoring.
[WARN] [1781235542.280918153] [coord_transform]: Outlier rejected #2 (jumped 220.4mm). Ignoring.
[WARN] [1781235544.039968566] [coord_transform]: Outlier rejected #1 (jumped 195.6mm). Ignoring.
[WARN] [1781235544.311268749] [coord_transform]: Outlier rejected #1 (jumped 262.3mm). Ignoring.
[WARN] [1781235544.480463942] [coord_transform]: Outlier rejected #1 (jumped 535.9mm). Ignoring.
[WARN] [1781235544.744054502] [coord_transform]: Outlier rejected #1 (jumped 151.5mm). Ignoring.
[WARN] [1781235544.774801264] [coord_transform]: Outlier rejected #2 (jumped 192.4mm). Ignoring.
[WARN] [1781235545.009402525] [coord_transform]: Outlier rejected #1 (jumped 179.8mm). Ignoring.
[WARN] [1781235545.040526772] [coord_transform]: Outlier rejected #2 (jumped 380.3mm). Ignoring.
[WARN] [1781235545.073778182] [coord_transform]: Outlier rejected #3 (jumped 322.5mm). Ignoring.
[WARN] [1781235545.115070934] [coord_transform]: Outlier rejected #4 (jumped 204.0mm). Ignoring.
[INFO] [1781235545.141501394] [coord_transform]: Too many outliers (5). Resetting filter to new position.
[WARN] [1781235546.650760435] [coord_transform]: Outlier rejected #1 (jumped 265.5mm). Ignoring.
[WARN] [1781235546.717491863] [coord_transform]: Outlier rejected #1 (jumped 204.2mm). Ignoring.
[WARN] [1781235546.747806363] [coord_transform]: Outlier rejected #2 (jumped 215.1mm). Ignoring.
[WARN] [1781235546.877271641] [coord_transform]: Outlier rejected #1 (jumped 239.9mm). Ignoring.
[WARN] [1781235547.475321876] [coord_transform]: Outlier rejected #1 (jumped 235.8mm). Ignoring.
[WARN] [1781235547.519311546] [coord_transform]: Outlier rejected #2 (jumped 406.8mm). Ignoring.
[WARN] [1781235547.749516708] [coord_transform]: Outlier rejected #1 (jumped 153.4mm). Ignoring.
[WARN] [1781235547.779978224] [coord_transform]: Outlier rejected #2 (jumped 161.6mm). Ignoring.
[WARN] [1781235547.950533762] [coord_transform]: Outlier rejected #1 (jumped 150.1mm). Ignoring.
[WARN] [1781235548.177389009] [coord_transform]: Outlier rejected #1 (jumped 176.0mm). Ignoring.
[WARN] [1781235549.956702882] [coord_transform]: Outlier rejected #1 (jumped 210.5mm). Ignoring.
[WARN] [1781235549.981157991] [coord_transform]: Outlier rejected #2 (jumped 188.4mm). Ignoring.
[WARN] [1781235550.016851232] [coord_transform]: Outlier rejected #3 (jumped 198.0mm). Ignoring.
[WARN] [1781235550.043041351] [coord_transform]: Outlier rejected #4 (jumped 187.4mm). Ignoring.
[INFO] [1781235550.075114089] [coord_transform]: Too many outliers (5). Resetting filter to new position.
[WARN] [1781235550.544144745] [coord_transform]: Outlier rejected #1 (jumped 157.0mm). Ignoring.
[WARN] [1781235551.420377237] [coord_transform]: Outlier rejected #1 (jumped 196.2mm). Ignoring.
[WARN] [1781235551.478508794] [coord_transform]: Outlier rejected #1 (jumped 253.0mm). Ignoring.
[WARN] [1781235551.627504151] [coord_transform]: Outlier rejected #1 (jumped 275.1mm). Ignoring.
[WARN] [1781235563.085336818] [coord_transform]: Outlier rejected #1 (jumped 260.8mm). Ignoring.
[WARN] [1781235563.119513974] [coord_transform]: Outlier rejected #2 (jumped 289.0mm). Ignoring.
[WARN] [1781235563.160794432] [coord_transform]: Outlier rejected #3 (jumped 299.1mm). Ignoring.
[WARN] [1781235563.185721848] [coord_transform]: Outlier rejected #4 (jumped 298.2mm). Ignoring.
[INFO] [1781235563.219452638] [coord_transform]: Too many outliers (5). Resetting filter to new position.
[WARN] [1781235568.929677612] [coord_transform]: Outlier rejected #1 (jumped 277.3mm). Ignoring.
[WARN] [1781235569.358438888] [coord_transform]: Outlier rejected #1 (jumped 195.8mm). Ignoring.
[WARN] [1781235569.393042447] [coord_transform]: Outlier rejected #2 (jumped 195.8mm). Ignoring.
[WARN] [1781235574.126180211] [coord_transform]: Outlier rejected #1 (jumped 705.6mm). Ignoring.
[WARN] [1781235589.738477721] [coord_transform]: Outlier rejected #2 (jumped 1258.3mm). Ignoring.
[WARN] [1781235589.771804835] [coord_transform]: Outlier rejected #3 (jumped 1317.5mm). Ignoring.
[WARN] [1781235589.805348135] [coord_transform]: Outlier rejected #4 (jumped 1373.0mm). Ignoring.
[INFO] [1781235589.839431184] [coord_transform]: Too many outliers (5). Resetting filter to new position.
[WARN] [1781235592.444105333] [coord_transform]: Outlier rejected #1 (jumped 1604.1mm). Ignoring.
[WARN] [1781235592.479205329] [coord_transform]: Outlier rejected #2 (jumped 1594.1mm). Ignoring.
[WARN] [1781235592.510461561] [coord_transform]: Outlier rejected #3 (jumped 1632.3mm). Ignoring.
[WARN] [1781235592.546195641] [coord_transform]: Outlier rejected #4 (jumped 1591.3mm). Ignoring.
[INFO] [1781235592.574018088] [coord_transform]: Too many outliers (5). Resetting filter to new position.
[WARN] [1781235593.175443374] [coord_transform]: Outlier rejected #1 (jumped 157.0mm). Ignoring.
[WARN] [1781235593.575631675] [coord_transform]: Outlier rejected #1 (jumped 316.0mm). Ignoring.
[WARN] [1781235593.608931468] [coord_transform]: Outlier rejected #2 (jumped 368.2mm). Ignoring.
[WARN] [1781235593.643066306] [coord_transform]: Outlier rejected #3 (jumped 381.9mm). Ignoring.
[WARN] [1781235593.675769588] [coord_transform]: Outlier rejected #4 (jumped 316.9mm). Ignoring.
[INFO] [1781235593.707875766] [coord_transform]: Too many outliers (5). Resetting filter to new position.
[WARN] [1781235594.643391888] [coord_transform]: Outlier rejected #1 (jumped 364.0mm). Ignoring.
[WARN] [1781235594.677756041] [coord_transform]: Outlier rejected #2 (jumped 395.1mm). Ignoring.
[WARN] [1781235594.709468007] [coord_transform]: Outlier rejected #3 (jumped 374.0mm). Ignoring.
[WARN] [1781235594.747989498] [coord_transform]: Outlier rejected #4 (jumped 403.9mm). Ignoring.
[INFO] [1781235594.775062455] [coord_transform]: Too many outliers (5). Resetting filter to new position.
[WARN] [1781235595.509634016] [coord_transform]: Outlier rejected #1 (jumped 198.7mm). Ignoring.
[WARN] [1781235595.544965238] [coord_transform]: Outlier rejected #2 (jumped 475.4mm). Ignoring.
[WARN] [1781235595.576944099] [coord_transform]: Outlier rejected #3 (jumped 162.3mm). Ignoring.
[WARN] [1781235595.609002779] [coord_transform]: Outlier rejected #4 (jumped 151.4mm). Ignoring.
[INFO] [1781235595.686226041] [coord_transform]: Too many outliers (5). Resetting filter to new position.
[WARN] [1781235596.582983602] [coord_transform]: Outlier rejected #1 (jumped 230.6mm). Ignoring.
[WARN] [1781235596.617442884] [coord_transform]: Outlier rejected #2 (jumped 249.5mm). Ignoring.
[WARN] [1781235596.647812706] [coord_transform]: Outlier rejected #3 (jumped 292.1mm). Ignoring.
[WARN] [1781235596.681571935] [coord_transform]: Outlier rejected #4 (jumped 315.5mm). Ignoring.
[INFO] [1781235596.714142017] [coord_transform]: Too many outliers (5). Resetting filter to new position.
[WARN] [1781235600.521726959] [coord_transform]: Outlier rejected #1 (jumped 274.1mm). Ignoring.
[WARN] [1781235600.715093272] [coord_transform]: Outlier rejected #1 (jumped 181.2mm). Ignoring.
[WARN] [1781235601.548328076] [coord_transform]: Outlier rejected #1 (jumped 150.5mm). Ignoring.
[WARN] [1781235605.993463397] [coord_transform]: Outlier rejected #1 (jumped 509.9mm). Ignoring.
[WARN] [1781235606.023531330] [coord_transform]: Outlier rejected #2 (jumped 614.8mm). Ignoring.
[WARN] [1781235606.060861194] [coord_transform]: Outlier rejected #3 (jumped 604.8mm). Ignoring.
[WARN] [1781235606.097503088] [coord_transform]: Outlier rejected #4 (jumped 656.5mm). Ignoring.
[INFO] [1781235606.128844573] [coord_transform]: Too many outliers (5). Resetting filter to new position.
[WARN] [1781235606.164624230] [coord_transform]: Outlier rejected #1 (jumped 156.4mm). Ignoring.
[WARN] [1781235606.287828789] [coord_transform]: Outlier rejected #1 (jumped 217.0mm). Ignoring.
[WARN] [1781235610.792566761] [coord_transform]: Outlier rejected #1 (jumped 440.7mm). Ignoring.
[WARN] [1781235610.823654879] [coord_transform]: Outlier rejected #2 (jumped 463.1mm). Ignoring.
[WARN] [1781235610.859456915] [coord_transform]: Outlier rejected #3 (jumped 480.8mm). Ignoring.
[WARN] [1781235610.890460557] [coord_transform]: Outlier rejected #4 (jumped 484.5mm). Ignoring.
[INFO] [1781235610.922190983] [coord_transform]: Too many outliers (5). Resetting filter to new position.
[WARN] [1781235611.355446175] [coord_transform]: Outlier rejected #1 (jumped 271.1mm). Ignoring.
[WARN] [1781235611.388352024] [coord_transform]: Outlier rejected #2 (jumped 322.1mm). Ignoring.
[WARN] [1781235611.422052518] [coord_transform]: Outlier rejected #3 (jumped 323.4mm). Ignoring.
[WARN] [1781235611.455511095] [coord_transform]: Outlier rejected #4 (jumped 319.2mm). Ignoring.
[INFO] [1781235611.489560164] [coord_transform]: Too many outliers (5). Resetting filter to new position.
[WARN] [1781235614.994861360] [coord_transform]: Outlier rejected #1 (jumped 1870.6mm). Ignoring.
[WARN] [1781235615.024315003] [coord_transform]: Outlier rejected #2 (jumped 1691.8mm). Ignoring.
[WARN] [1781235615.058522231] [coord_transform]: Outlier rejected #3 (jumped 1643.1mm). Ignoring.
[WARN] [1781235615.093595009] [coord_transform]: Outlier rejected #4 (jumped 669.1mm). Ignoring.
[INFO] [1781235615.125989778] [coord_transform]: Too many outliers (5). Resetting filter to new position.
[WARN] [1781235615.662140464] [coord_transform]: Outlier rejected #1 (jumped 172.3mm). Ignoring.
[WARN] [1781235619.662893474] [coord_transform]: Outlier rejected #1 (jumped 150.7mm). Ignoring.
[WARN] [1781235619.729631702] [coord_transform]: Outlier rejected #1 (jumped 216.9mm). Ignoring.
[WARN] [1781235619.759923492] [coord_transform]: Outlier rejected #2 (jumped 347.7mm). Ignoring.
[WARN] [1781235619.796147137] [coord_transform]: Outlier rejected #3 (jumped 332.3mm). Ignoring.
[WARN] [1781235619.826477288] [coord_transform]: Outlier rejected #4 (jumped 349.0mm). Ignoring.
[INFO] [1781235619.862003328] [coord_transform]: Too many outliers (5). Resetting filter to new position.
[WARN] [1781235619.994603112] [coord_transform]: Outlier rejected #1 (jumped 433.1mm). Ignoring.
[WARN] [1781235620.029063570] [coord_transform]: Outlier rejected #2 (jumped 573.9mm). Ignoring.
[WARN] [1781235620.060959185] [coord_transform]: Outlier rejected #3 (jumped 347.7mm). Ignoring.
[WARN] [1781235620.096218086] [coord_transform]: Outlier rejected #4 (jumped 328.8mm). Ignoring.
[INFO] [1781235620.129530046] [coord_transform]: Too many outliers (5). Resetting filter to new position.
[WARN] [1781235621.203290733] [coord_transform]: Outlier rejected #1 (jumped 377.5mm). Ignoring.
[WARN] [1781235621.237737528] [coord_transform]: Outlier rejected #2 (jumped 163.6mm). Ignoring.
[WARN] [1781235623.664336908] [coord_transform]: Outlier rejected #1 (jumped 846.8mm). Ignoring.
[WARN] [1781235623.698010227] [coord_transform]: Outlier rejected #2 (jumped 154.4mm). Ignoring.
[WARN] [1781235623.730502857] [coord_transform]: Outlier rejected #3 (jumped 187.0mm). Ignoring.
[WARN] [1781235623.764290930] [coord_transform]: Outlier rejected #4 (jumped 218.9mm). Ignoring.
[INFO] [1781235623.797604435] [coord_transform]: Too many outliers (5). Resetting filter to new position.
[WARN] [1781235629.770818957] [coord_transform]: Outlier rejected #1 (jumped 399.1mm). Ignoring.
[WARN] [1781235629.841477001] [coord_transform]: Outlier rejected #2 (jumped 306.6mm). Ignoring.
[WARN] [1781235629.872335232] [coord_transform]: Outlier rejected #3 (jumped 349.1mm). Ignoring.
[WARN] [1781235629.901627489] [coord_transform]: Outlier rejected #4 (jumped 390.2mm). Ignoring.
[INFO] [1781235629.937889888] [coord_transform]: Too many outliers (5). Resetting filter to new position.
[WARN] [1781235630.039443751] [coord_transform]: Outlier rejected #1 (jumped 492.6mm). Ignoring.
[WARN] [1781235630.069175618] [coord_transform]: Outlier rejected #2 (jumped 207.9mm). Ignoring.
[WARN] [1781235630.105957941] [coord_transform]: Outlier rejected #3 (jumped 300.6mm). Ignoring.
[WARN] [1781235630.142475385] [coord_transform]: Outlier rejected #4 (jumped 233.3mm). Ignoring.
[INFO] [1781235630.173769906] [coord_transform]: Too many outliers (5). Resetting filter to new position.
[WARN] [1781235635.639203617] [coord_transform]: Outlier rejected #1 (jumped 825.3mm). Ignoring.
[WARN] [1781235635.680272867] [coord_transform]: Outlier rejected #2 (jumped 889.8mm). Ignoring.
[WARN] [1781235635.706507466] [coord_transform]: Outlier rejected #3 (jumped 900.0mm). Ignoring.
[WARN] [1781235635.740712668] [coord_transform]: Outlier rejected #4 (jumped 914.5mm). Ignoring.
[INFO] [1781235635.781446762] [coord_transform]: Too many outliers (5). Resetting filter to new position.
[WARN] [1781235635.913413376] [coord_transform]: Outlier rejected #1 (jumped 709.7mm). Ignoring.
[WARN] [1781235635.974463909] [coord_transform]: Outlier rejected #1 (jumped 751.9mm). Ignoring.
[WARN] [1781235636.068804685] [coord_transform]: Outlier rejected #2 (jumped 735.5mm). Ignoring.
[WARN] [1781235636.145862495] [coord_transform]: Outlier rejected #3 (jumped 749.8mm). Ignoring.
[WARN] [1781235636.249582709] [coord_transform]: Outlier rejected #4 (jumped 974.6mm). Ignoring.
[INFO] [1781235636.330455087] [coord_transform]: Too many outliers (5). Resetting filter to new position.
[WARN] [1781235639.744988415] [coord_transform]: Outlier rejected #1 (jumped 386.3mm). Ignoring.
[WARN] [1781235639.909899871] [coord_transform]: Outlier rejected #1 (jumped 389.3mm). Ignoring.
[WARN] [1781235639.942747167] [coord_transform]: Outlier rejected #2 (jumped 394.1mm). Ignoring.
[WARN] [1781235639.977573593] [coord_transform]: Outlier rejected #3 (jumped 457.5mm). Ignoring.
[WARN] [1781235640.010134040] [coord_transform]: Outlier rejected #4 (jumped 514.8mm). Ignoring.
[INFO] [1781235640.043253178] [coord_transform]: Too many outliers (5). Resetting filter to new position.
[WARN] [1781235640.175957785] [coord_transform]: Outlier rejected #1 (jumped 527.4mm). Ignoring.
[WARN] [1781235640.218076026] [coord_transform]: Outlier rejected #2 (jumped 533.7mm). Ignoring.
[WARN] [1781235640.252749072] [coord_transform]: Outlier rejected #3 (jumped 531.8mm). Ignoring.
[WARN] [1781235640.282879671] [coord_transform]: Outlier rejected #4 (jumped 538.7mm). Ignoring.
[INFO] [1781235640.316294463] [coord_transform]: Too many outliers (5). Resetting filter to new position.
[WARN] [1781235640.359912803] [coord_transform]: Outlier rejected #1 (jumped 769.6mm). Ignoring.
[WARN] [1781235640.384514140] [coord_transform]: Outlier rejected #2 (jumped 725.6mm). Ignoring.
[WARN] [1781235640.415378490] [coord_transform]: Outlier rejected #3 (jumped 703.1mm). Ignoring.
[WARN] [1781235641.652221209] [coord_transform]: Outlier rejected #4 (jumped 416.9mm). Ignoring.
[INFO] [1781235641.680043089] [coord_transform]: Too many outliers (5). Resetting filter to new position.
[WARN] [1781235643.620931234] [coord_transform]: Outlier rejected #1 (jumped 377.9mm). Ignoring.
[WARN] [1781235643.648112669] [coord_transform]: Outlier rejected #2 (jumped 390.3mm). Ignoring.
[WARN] [1781235643.682692902] [coord_transform]: Outlier rejected #3 (jumped 348.2mm). Ignoring.
[WARN] [1781235643.711980587] [coord_transform]: Outlier rejected #4 (jumped 333.3mm). Ignoring.
[INFO] [1781235643.745636874] [coord_transform]: Too many outliers (5). Resetting filter to new position.
[WARN] [1781235648.094731800] [coord_transform]: Outlier rejected #1 (jumped 1372.0mm). Ignoring.
[WARN] [1781235648.127945370] [coord_transform]: Outlier rejected #2 (jumped 1372.0mm). Ignoring.
[WARN] [1781235648.161388501] [coord_transform]: Outlier rejected #3 (jumped 1372.0mm). Ignoring.
[WARN] [1781235648.187519174] [coord_transform]: Outlier rejected #4 (jumped 1372.0mm). Ignoring.
[INFO] [1781235648.220269778] [coord_transform]: Too many outliers (5). Resetting filter to new position.
[WARN] [1781235653.612935290] [coord_transform]: Outlier rejected #1 (jumped 329.5mm). Ignoring.
[WARN] [1781235654.010269541] [coord_transform]: Outlier rejected #2 (jumped 347.0mm). Ignoring.
[WARN] [1781235654.037926847] [coord_transform]: Outlier rejected #3 (jumped 312.7mm). Ignoring.
[WARN] [1781235654.061596103] [coord_transform]: Outlier rejected #4 (jumped 314.8mm). Ignoring.
[INFO] [1781235654.091326374] [coord_transform]: Too many outliers (5). Resetting filter to new position.
[WARN] [1781235654.963334235] [coord_transform]: Outlier rejected #1 (jumped 2364.3mm). Ignoring.
[WARN] [1781235656.506665162] [coord_transform]: Outlier rejected #2 (jumped 2001.8mm). Ignoring.
[WARN] [1781235656.531785303] [coord_transform]: Outlier rejected #3 (jumped 1966.3mm). Ignoring.
[WARN] [1781235656.557489353] [coord_transform]: Outlier rejected #4 (jumped 2020.0mm). Ignoring.
[INFO] [1781235656.589229758] [coord_transform]: Too many outliers (5). Resetting filter to new position.
[WARN] [1781235666.796838363] [coord_transform]: Outlier rejected #1 (jumped 152.1mm). Ignoring.
[WARN] [1781235666.862227670] [coord_transform]: Outlier rejected #1 (jumped 210.3mm). Ignoring.
[WARN] [1781235668.714450851] [coord_transform]: Outlier rejected #1 (jumped 158.1mm). Ignoring.
[WARN] [1781235683.220013923] [coord_transform]: Outlier rejected #1 (jumped 187.6mm). Ignoring.
[WARN] [1781235683.250590316] [coord_transform]: Outlier rejected #2 (jumped 180.7mm). Ignoring.
[WARN] [1781235683.711360092] [coord_transform]: Outlier rejected #1 (jumped 164.1mm). Ignoring.
[INFO] [1781235686.566425511] [coord_transform]: Re-sync camera init: [ 0.181 -0.161  0.077]
[INFO] [1781235686.566915190] [coord_transform]: Trạng thái tracking: RUNNING
[INFO] [1781235686.579697604] [coord_transform]: Deadband: RELEASE — motion detected
[INFO] [1781235686.587991930] [coord_transform]: [PREDICTION] Transform: cam[ 0.117 -0.081  0.1  ] → base[-0.097  0.376  0.407]
[INFO] [1781235686.717920799] [coord_transform]: Deadband: HOLD at (0.181, -0.161, 0.077)
[INFO] [1781235688.608884868] [coord_transform]: [PREDICTION] Transform: cam[0.044 0.113 0.129] → base[-0.024  0.569  0.436]
[INFO] [1781235690.625748697] [coord_transform]: [PREDICTION] Transform: cam[-0.05   0.337  0.212] → base[0.07  0.794 0.519]
[INFO] [1781235692.629406436] [coord_transform]: [PREDICTION] Transform: cam[-0.127  0.555  0.274] → base[0.146 1.012 0.581]
[INFO] [1781235694.656010286] [coord_transform]: [PREDICTION] Transform: cam[-0.14   0.66   0.263] → base[0.159 1.117 0.57 ]
[INFO] [1781235696.681997757] [coord_transform]: [PREDICTION] Transform: cam[-0.162  0.754  0.162] → base[0.181 1.211 0.469]
[INFO] [1781235698.716929415] [coord_transform]: [PREDICTION] Transform: cam[-0.195  0.749  0.125] → base[0.214 1.206 0.432]
[INFO] [1781235700.732119805] [coord_transform]: [PREDICTION] Transform: cam[-0.199  0.768  0.108] → base[0.218 1.225 0.415]
[INFO] [1781235702.771133909] [coord_transform]: [PREDICTION] Transform: cam[-0.185  0.699  0.168] → base[0.205 1.156 0.475]
[INFO] [1781235704.771741166] [coord_transform]: [PREDICTION] Transform: cam[0.028 0.646 0.017] → base[-0.008  1.103  0.325]
[INFO] [1781235706.805537352] [coord_transform]: [PREDICTION] Transform: cam[-0.128  0.637  0.128] → base[0.148 1.094 0.435]
[WARN] [1781235707.338523341] [coord_transform]: Outlier rejected #1 (jumped 220.1mm). Ignoring.
[WARN] [1781235707.365043920] [coord_transform]: Outlier rejected #2 (jumped 229.5mm). Ignoring.
[WARN] [1781235707.395341024] [coord_transform]: Outlier rejected #3 (jumped 219.4mm). Ignoring.
[WARN] [1781235707.435323690] [coord_transform]: Outlier rejected #4 (jumped 219.4mm). Ignoring.
[INFO] [1781235707.464740144] [coord_transform]: Too many outliers (5). Resetting filter to new position.
[INFO] [1781235708.832655308] [coord_transform]: [PREDICTION] Transform: cam[-0.031  0.684  0.059] → base[0.05  1.141 0.367]
[INFO] [1781235710.850062247] [coord_transform]: [PREDICTION] Transform: cam[0.008 0.744 0.047] → base[0.012 1.201 0.355]
[WARN] [1781235711.301973574] [coord_transform]: Tọa độ bị clamp: [0.03514816 1.3042132  0.37344413] → [0.03514816 1.3        0.37344413]
[WARN] [1781235712.341534024] [coord_transform]: Tọa độ bị clamp: [0.06541081 1.33364036 0.39248764] → [0.06541081 1.3        0.39248764]
[INFO] [1781235712.877299331] [coord_transform]: [PREDICTION] Transform: cam[-0.035  0.876  0.083] → base[0.054 1.3   0.39 ]
[INFO] [1781235714.909791125] [coord_transform]: [PREDICTION] Transform: cam[-0.073  0.724  0.106] → base[0.092 1.181 0.413]
[INFO] [1781235717.384404276] [coord_transform]: [PREDICTION] Transform: cam[-0.115  0.826 -0.008] → base[0.134 1.283 0.3  ]
[INFO] [1781235719.390272968] [coord_transform]: [PREDICTION] Transform: cam[-0.077  0.747 -0.145] → base[0.096 1.204 0.162]
[WARN] [1781235723.991545854] [coord_transform]: Outlier rejected #1 (jumped 191.6mm). Ignoring.
[INFO] [1781235723.999911988] [coord_transform]: [PREDICTION] Transform: cam[-0.049  0.722 -0.119] → base[0.069 1.179 0.188]
[WARN] [1781235724.028580555] [coord_transform]: Outlier rejected #2 (jumped 182.9mm). Ignoring.
[WARN] [1781235724.060052675] [coord_transform]: Outlier rejected #3 (jumped 180.3mm). Ignoring.
[WARN] [1781235724.091347799] [coord_transform]: Outlier rejected #4 (jumped 176.0mm). Ignoring.
[INFO] [1781235724.128140637] [coord_transform]: Too many outliers (5). Resetting filter to new position.
[WARN] [1781235724.904508886] [coord_transform]: Tọa độ bị clamp: [0.15342591 1.30605131 0.29657099] → [0.15342591 1.3        0.29657099]
[WARN] [1781235725.913295999] [coord_transform]: Tọa độ bị clamp: [0.14559657 1.32962447 0.30744624] → [0.14559657 1.3        0.30744624]
[WARN] [1781235728.471210933] [coord_transform]: Tọa độ bị clamp: [0.14463632 1.32882034 0.30877705] → [0.14463632 1.3        0.30877705]
[INFO] [1781235728.472367967] [coord_transform]: [PREDICTION] Transform: cam[-0.125  0.872  0.001] → base[0.145 1.3   0.309]
[INFO] [1781235730.523681478] [coord_transform]: [PREDICTION] Transform: cam[-0.094  0.731  0.096] → base[0.114 1.188 0.403]
[INFO] [1781235733.629613904] [coord_transform]: [PREDICTION] Transform: cam[-0.077  0.801  0.087] → base[0.097 1.258 0.394]
[INFO] [1781235737.961386951] [coord_transform]: [PREDICTION] Transform: cam[-0.073  0.786  0.091] → base[0.093 1.243 0.398]
[INFO] [1781235744.297495357] [coord_transform]: [PREDICTION] Transform: cam[-0.091  0.815  0.094] → base[0.111 1.272 0.401]
[INFO] [1781235746.300621027] [coord_transform]: [PREDICTION] Transform: cam[-0.093  0.812  0.08 ] → base[0.112 1.269 0.387]
[INFO] [1781235771.909337481] [coord_transform]: [PREDICTION] Transform: cam[-0.093  0.816  0.08 ] → base[0.112 1.273 0.388]
[WARN] [1781235772.655847618] [coord_transform]: Tọa độ bị clamp: [0.1177248  1.30113101 0.39771731] → [0.1177248  1.3        0.39771731]
[WARN] [1781235773.660142430] [coord_transform]: Tọa độ bị clamp: [0.10690348 1.31008256 0.3849411 ] → [0.10690348 1.3        0.3849411 ]
[WARN] [1781235776.576774130] [coord_transform]: Tọa độ bị clamp: [0.10015001 1.30292215 0.3840351 ] → [0.10015001 1.3        0.3840351 ]
[INFO] [1781235776.577858131] [coord_transform]: [PREDICTION] Transform: cam[-0.081  0.846  0.077] → base[0.1   1.3   0.384]
[INFO] [1781235778.595529688] [coord_transform]: [PREDICTION] Transform: cam[-0.123  0.693  0.394] → base[0.143 1.15  0.701]
[INFO] [1781235780.628702196] [coord_transform]: [PREDICTION] Transform: cam[-0.12   0.738  0.395] → base[0.14  1.195 0.703]
[INFO] [1781235782.654645621] [coord_transform]: [PREDICTION] Transform: cam[-0.127  0.67   0.476] → base[0.147 1.127 0.783]
[INFO] [1781235784.661361875] [coord_transform]: [PREDICTION] Transform: cam[-0.134  0.701  0.498] → base[0.154 1.158 0.806]
[INFO] [1781235786.817515505] [coord_transform]: [PREDICTION] Transform: cam[-0.126  0.707  0.473] → base[0.146 1.164 0.78 ]
[INFO] [1781235788.830225084] [coord_transform]: [PREDICTION] Transform: cam[-0.156  0.746  0.408] → base[0.176 1.203 0.715]
[INFO] [1781235789.122348158] [coord_transform]: Trạng thái tracking: STOPPED
[WARN] [1781235794.151934530] [coord_transform]: Outlier rejected #1 (jumped 220.1mm). Ignoring.
[WARN] [1781235794.185396878] [coord_transform]: Outlier rejected #2 (jumped 220.1mm). Ignoring.
[WARN] [1781235794.218862547] [coord_transform]: Outlier rejected #3 (jumped 220.1mm). Ignoring.
[WARN] [1781235794.264603043] [coord_transform]: Outlier rejected #4 (jumped 220.1mm). Ignoring.
[INFO] [1781235794.298223045] [coord_transform]: Too many outliers (5). Resetting filter to new position.
[INFO] [1781235802.074966189] [coord_transform]: Trạng thái tracking: STOPPED
[WARN] [1781235870.779521233] [coord_transform]: Outlier rejected #1 (jumped 472.1mm). Ignoring.
[WARN] [1781235870.819445363] [coord_transform]: Outlier rejected #2 (jumped 453.6mm). Ignoring.
[WARN] [1781235870.851583654] [coord_transform]: Outlier rejected #3 (jumped 385.9mm). Ignoring.
[WARN] [1781235870.881900104] [coord_transform]: Outlier rejected #4 (jumped 364.5mm). Ignoring.
[INFO] [1781235870.911322409] [coord_transform]: Too many outliers (5). Resetting filter to new position.
[WARN] [1781235873.459582851] [coord_transform]: Outlier rejected #1 (jumped 718.1mm). Ignoring.
[WARN] [1781235873.497046080] [coord_transform]: Outlier rejected #2 (jumped 785.1mm). Ignoring.
[WARN] [1781235874.194428501] [coord_transform]: Outlier rejected #3 (jumped 816.9mm). Ignoring.
[WARN] [1781235874.222955093] [coord_transform]: Outlier rejected #4 (jumped 774.2mm). Ignoring.
[INFO] [1781236014.239414619] [coord_transform]: Too many outliers (5). Resetting filter to new position.
[WARN] [1781236019.761730766] [coord_transform]: Outlier rejected #1 (jumped 638.8mm). Ignoring.
[WARN] [1781236019.795823861] [coord_transform]: Outlier rejected #2 (jumped 632.6mm). Ignoring.
[WARN] [1781236019.833069100] [coord_transform]: Outlier rejected #3 (jumped 652.0mm). Ignoring.
[WARN] [1781236019.866298425] [coord_transform]: Outlier rejected #4 (jumped 630.4mm). Ignoring.
[INFO] [1781236019.895552898] [coord_transform]: Too many outliers (5). Resetting filter to new position.
[WARN] [1781236024.798855637] [coord_transform]: Outlier rejected #1 (jumped 188.4mm). Ignoring.
[WARN] [1781236024.830808827] [coord_transform]: Outlier rejected #2 (jumped 173.8mm). Ignoring.
[WARN] [1781236024.860713213] [coord_transform]: Outlier rejected #3 (jumped 161.9mm). Ignoring.
[WARN] [1781236024.898916355] [coord_transform]: Outlier rejected #4 (jumped 151.9mm). Ignoring.
[WARN] [1781236025.703573480] [coord_transform]: Outlier rejected #1 (jumped 181.2mm). Ignoring.
[WARN] [1781236025.731467385] [coord_transform]: Outlier rejected #2 (jumped 287.6mm). Ignoring.
[WARN] [1781236025.773581568] [coord_transform]: Outlier rejected #3 (jumped 350.4mm). Ignoring.
[WARN] [1781236025.807738343] [coord_transform]: Outlier rejected #4 (jumped 457.8mm). Ignoring.
[INFO] [1781236025.840809548] [coord_transform]: Too many outliers (5). Resetting filter to new position.
[WARN] [1781236025.869261846] [coord_transform]: Outlier rejected #1 (jumped 150.1mm). Ignoring.
