[INFO] [1786591303.340105317] [coord_transform]: CoordTransformNode khởi động.
  Object offset (cam frame): [0.05 0.   0.1 ]
  Translation cam→base:      [0.5 0.  1.2]
  EE orientation (xyzw):     [0.0, 1.0, 0.0, 0.0]
  Prediction step:           5
  Axis remap:                [0, 1, 2]
  Axis sign:                 [-1.0, 1.0, 1.0]
  Workspace X: (-1.0, 1.0), Y: (-0.5, 1.3), Z: (0.05, 1.5)
  Filter outlier_threshold:  0.15m
  Filter median_size_y:      3
  Filter deadband_tol:       15.0mm
  Filter stationary_thresh:  3 frames
  Filter max_rate:           5.0cm/frame
  Filter EMA moving(x,y,z):  (1.0,0.8,1.0)
  Filter EMA hold  (x,y,z):  (0.08,0.02,0.05)
[WARN] [1786591317.298344496] [coord_transform]: Outlier rejected #1 (jumped 2202.2mm). Ignoring.
[WARN] [1786591317.333555836] [coord_transform]: Outlier rejected #2 (jumped 2202.2mm). Ignoring.
[WARN] [1786591317.372206115] [coord_transform]: Outlier rejected #3 (jumped 2194.2mm). Ignoring.
[WARN] [1786591317.408492093] [coord_transform]: Outlier rejected #4 (jumped 2210.2mm). Ignoring.
[INFO] [1786591317.431101617] [coord_transform]: Too many outliers (5). Resetting filter to new position.
[WARN] [1786591343.242919900] [coord_transform]: Outlier rejected #1 (jumped 162.0mm). Ignoring.
[WARN] [1786591343.277235764] [coord_transform]: Outlier rejected #2 (jumped 274.6mm). Ignoring.
[WARN] [1786591343.317161719] [coord_transform]: Outlier rejected #3 (jumped 274.2mm). Ignoring.
[WARN] [1786591343.352141530] [coord_transform]: Outlier rejected #4 (jumped 276.6mm). Ignoring.
[INFO] [1786591343.384647575] [coord_transform]: Too many outliers (5). Resetting filter to new position.
[INFO] [1786591361.199414263] [coord_transform]: Captured Init Pose! P_init=(-0.162, 0.309, 0.388), Cam_init=(0.207, -0.070, 0.074), Noise_Tol=51.3mm
Orientation=(0.988, -0.154, -0.004, -0.029)
[INFO] [1786591364.682428750] [coord_transform]: Đã chuyển mode: ground_truth -> prediction
[INFO] [1786591364.842060193] [coord_transform]: Deadband: HOLD at (0.207, -0.070, 0.074)
[INFO] [1786591364.843424597] [coord_transform]: [SNAP ON] Tay thực tế đứng yên. Ép dừng robot (GRU đang lệch 0.0cm).
[INFO] [1786591366.394706031] [coord_transform]: Deadband: RELEASE — motion detected
[INFO] [1786591366.400980491] [coord_transform]: [SNAP OFF] Tay di chuyển lại. Trả quyền cho GRU.
[INFO] [1786591370.421230859] [coord_transform]: Deadband: HOLD at (0.207, -0.070, 0.074)
[INFO] [1786591370.428987083] [coord_transform]: [SNAP ON] Tay thực tế đứng yên. Ép dừng robot (GRU đang lệch 29.3cm).
[INFO] [1786591371.338647607] [coord_transform]: Deadband: RELEASE — motion detected
[INFO] [1786591371.346551988] [coord_transform]: [SNAP OFF] Tay di chuyển lại. Trả quyền cho GRU.
[INFO] [1786591371.871593761] [coord_transform]: [SNAP ON] Tay thực tế đứng yên. Ép dừng robot (GRU đang lệch 0.0cm).
[INFO] [1786591377.191001360] [coord_transform]: Re-sync camera init: [ 0.228 -0.093  0.094]
[INFO] [1786591377.191241763] [coord_transform]: Trạng thái tracking: RUNNING
[INFO] [1786591377.196575266] [coord_transform]: Deadband: RELEASE — motion detected
[INFO] [1786591377.197713322] [coord_transform]: [PREDICTION] Transform: cam[ 0.228 -0.093  0.094] → base[-0.162  0.309  0.388]
[INFO] [1786591378.037672757] [coord_transform]: [SNAP OFF] Tay di chuyển lại. Trả quyền cho GRU.
[INFO] [1786591379.202925669] [coord_transform]: [PREDICTION] Transform: cam[0.138 0.148 0.188] → base[-0.071  0.55   0.482]
[INFO] [1786591381.204250885] [coord_transform]: [PREDICTION] Transform: cam[-0.024  0.52   0.192] → base[0.091 0.922 0.486]
[INFO] [1786591383.217284559] [coord_transform]: [PREDICTION] Transform: cam[-0.065  0.77   0.083] → base[0.132 1.172 0.377]
[INFO] [1786591385.074574773] [coord_transform]: Trạng thái tracking: STOPPED
[WARN] [1786591390.230274855] [coord_transform]: Outlier rejected #1 (jumped 455.2mm). Ignoring.
[WARN] [1786591390.277183169] [coord_transform]: Outlier rejected #2 (jumped 455.2mm). Ignoring.
[WARN] [1786591390.305664921] [coord_transform]: Outlier rejected #3 (jumped 455.2mm). Ignoring.
[WARN] [1786591390.337025544] [coord_transform]: Outlier rejected #4 (jumped 455.2mm). Ignoring.
[INFO] [1786591390.367845420] [coord_transform]: Too many outliers (5). Resetting filter to new position.
[WARN] [1786591397.935899560] [coord_transform]: Outlier rejected #1 (jumped 449.1mm). Ignoring.
[WARN] [1786591397.970763072] [coord_transform]: Outlier rejected #2 (jumped 449.1mm). Ignoring.
[WARN] [1786591398.010005116] [coord_transform]: Outlier rejected #3 (jumped 449.1mm). Ignoring.
[WARN] [1786591398.043028471] [coord_transform]: Outlier rejected #4 (jumped 449.1mm). Ignoring.
[INFO] [1786591398.077725739] [coord_transform]: Too many outliers (5). Resetting filter to new position.
[WARN] [1786591412.312583994] [coord_transform]: Outlier rejected #1 (jumped 154.4mm). Ignoring.
[INFO] [1786591416.587425519] [coord_transform]: Deadband: HOLD at (0.228, -0.093, 0.094)
[WARN] [1786591420.989596669] [coord_transform]: Outlier rejected #1 (jumped 780.1mm). Ignoring.
[WARN] [1786591421.021719067] [coord_transform]: Outlier rejected #2 (jumped 780.1mm). Ignoring.
[WARN] [1786591421.059475078] [coord_transform]: Outlier rejected #3 (jumped 780.1mm). Ignoring.
[WARN] [1786591421.092673692] [coord_transform]: Outlier rejected #4 (jumped 780.1mm). Ignoring.
[INFO] [1786591421.128308839] [coord_transform]: Too many outliers (5). Resetting filter to new position.
[INFO] [1786591421.128823358] [coord_transform]: [SNAP ON] Tay thực tế đứng yên. Ép dừng robot (GRU đang lệch 80.3cm).
[INFO] [1786591421.618364180] [coord_transform]: Deadband: HOLD at (0.228, -0.093, 0.094)
[INFO] [1786591426.219675056] [coord_transform]: Deadband: RELEASE — motion detected
[INFO] [1786591426.221026667] [coord_transform]: [SNAP OFF] Tay di chuyển lại. Trả quyền cho GRU.
[INFO] [1786591426.539627063] [coord_transform]: Re-sync camera init: [ 0.21  -0.05   0.099]
[INFO] [1786591426.540033417] [coord_transform]: Trạng thái tracking: RUNNING
[INFO] [1786591426.560371103] [coord_transform]: [SNAP ON] Tay thực tế đứng yên. Ép dừng robot (GRU đang lệch 0.0cm).
[INFO] [1786591426.561195627] [coord_transform]: [PREDICTION] Transform: cam[ 0.21  -0.05   0.099] → base[-0.162  0.309  0.388]
[INFO] [1786591427.174729628] [coord_transform]: [SNAP OFF] Tay di chuyển lại. Trả quyền cho GRU.
[INFO] [1786591428.577957649] [coord_transform]: [PREDICTION] Transform: cam[0.139 0.164 0.206] → base[-0.091  0.523  0.495]
[INFO] [1786591430.607472825] [coord_transform]: [PREDICTION] Transform: cam[-0.012  0.547  0.186] → base[0.06  0.905 0.476]
[INFO] [1786591432.633472843] [coord_transform]: [PREDICTION] Transform: cam[-0.071  0.79   0.077] → base[0.119 1.149 0.366]
[INFO] [1786591433.904516039] [coord_transform]: Trạng thái tracking: STOPPED
[INFO] [1786591453.039270656] [coord_transform]: Deadband: HOLD at (0.210, -0.050, 0.099)
[INFO] [1786591454.086186224] [coord_transform]: Deadband: RELEASE — motion detected
[INFO] [1786591459.312247548] [coord_transform]: Deadband: HOLD at (0.210, -0.050, 0.099)
[INFO] [1786591459.648040132] [coord_transform]: Deadband: RELEASE — motion detected
[WARN] [1786591460.082186065] [coord_transform]: Outlier rejected #1 (jumped 873.2mm). Ignoring.
[WARN] [1786591460.114724312] [coord_transform]: Outlier rejected #2 (jumped 873.2mm). Ignoring.
[WARN] [1786591460.152482798] [coord_transform]: Outlier rejected #3 (jumped 873.2mm). Ignoring.
[WARN] [1786591460.183637320] [coord_transform]: Outlier rejected #4 (jumped 873.2mm). Ignoring.
[INFO] [1786591460.215586618] [coord_transform]: Too many outliers (5). Resetting filter to new position.
[INFO] [1786591460.893062555] [coord_transform]: [SNAP ON] Tay thực tế đứng yên. Ép dừng robot (GRU đang lệch 5.4cm).
[INFO] [1786591460.929466663] [coord_transform]: [SNAP OFF] Tay di chuyển lại. Trả quyền cho GRU.
[INFO] [1786591461.464761017] [coord_transform]: [SNAP OFF] Tay di chuyển lại. Trả quyền cho GRU.
[INFO] [1786591461.493017909] [coord_transform]: Deadband: HOLD at (0.210, -0.050, 0.099)
[INFO] [1786591461.528822994] [coord_transform]: [SNAP OFF] Tay di chuyển lại. Trả quyền cho GRU.
[INFO] [1786591464.562809207] [coord_transform]: Deadband: HOLD at (0.210, -0.050, 0.099)
[INFO] [1786591464.563891776] [coord_transform]: [SNAP ON] Tay thực tế đứng yên. Ép dừng robot (GRU đang lệch 5.4cm).
[INFO] [1786591464.592635151] [coord_transform]: Deadband: RELEASE — motion detected
[INFO] [1786591464.594690257] [coord_transform]: [SNAP OFF] Tay di chuyển lại. Trả quyền cho GRU.
[INFO] [1786591467.026699078] [coord_transform]: Re-sync camera init: [ 0.212 -0.075  0.091]
[INFO] [1786591467.027230560] [coord_transform]: Trạng thái tracking: RUNNING
[INFO] [1786591467.035289949] [coord_transform]: [PREDICTION] Transform: cam[ 0.212 -0.075  0.091] → base[-0.162  0.309  0.388]
[INFO] [1786591467.494246531] [coord_transform]: Deadband: RELEASE — motion detected
[INFO] [1786591467.560208310] [coord_transform]: [SNAP OFF] Tay di chuyển lại. Trả quyền cho GRU.
[INFO] [1786591469.066647109] [coord_transform]: [PREDICTION] Transform: cam[0.125 0.236 0.188] → base[-0.075  0.62   0.485]
[INFO] [1786591471.076779363] [coord_transform]: [PREDICTION] Transform: cam[-0.007  0.599  0.171] → base[0.057 0.983 0.468]
[INFO] [1786591473.093240228] [coord_transform]: [PREDICTION] Transform: cam[-0.038  0.776  0.072] → base[0.088 1.16  0.37 ]
[INFO] [1786591474.396270627] [coord_transform]: Trạng thái tracking: STOPPED
[WARN] [1786591483.034353790] [coord_transform]: Outlier rejected #1 (jumped 491.5mm). Ignoring.
[WARN] [1786591483.064076938] [coord_transform]: Outlier rejected #2 (jumped 491.5mm). Ignoring.
[WARN] [1786591483.098491478] [coord_transform]: Outlier rejected #3 (jumped 491.5mm). Ignoring.
[WARN] [1786591483.133863147] [coord_transform]: Outlier rejected #4 (jumped 491.5mm). Ignoring.
[INFO] [1786591483.171988499] [coord_transform]: Too many outliers (5). Resetting filter to new position.
[WARN] [1786591486.069279123] [coord_transform]: Outlier rejected #1 (jumped 483.7mm). Ignoring.
[WARN] [1786591486.103208320] [coord_transform]: Outlier rejected #2 (jumped 483.7mm). Ignoring.
[WARN] [1786591486.135583931] [coord_transform]: Outlier rejected #3 (jumped 483.7mm). Ignoring.
[WARN] [1786591486.168201533] [coord_transform]: Outlier rejected #4 (jumped 483.7mm). Ignoring.
[INFO] [1786591486.199067497] [coord_transform]: Too many outliers (5). Resetting filter to new position.
[WARN] [1786591494.338471999] [coord_transform]: Outlier rejected #1 (jumped 178.3mm). Ignoring.
[WARN] [1786591494.374497955] [coord_transform]: Outlier rejected #2 (jumped 203.2mm). Ignoring.
[WARN] [1786591494.406748481] [coord_transform]: Outlier rejected #3 (jumped 267.1mm). Ignoring.
[WARN] [1786591494.440285776] [coord_transform]: Outlier rejected #4 (jumped 270.7mm). Ignoring.
[INFO] [1786591494.480036367] [coord_transform]: Too many outliers (5). Resetting filter to new position.
[INFO] [1786591499.849038191] [coord_transform]: Deadband: HOLD at (0.212, -0.075, 0.091)
[INFO] [1786591507.845520292] [coord_transform]: Re-sync camera init: [ 0.226 -0.058  0.11 ]
[INFO] [1786591507.845744531] [coord_transform]: Trạng thái tracking: RUNNING
[INFO] [1786591507.855857120] [coord_transform]: Deadband: RELEASE — motion detected
[INFO] [1786591507.856179314] [coord_transform]: [SNAP ON] Tay thực tế đứng yên. Ép dừng robot (GRU đang lệch 68.4cm).
[INFO] [1786591507.856890669] [coord_transform]: [PREDICTION] Transform: cam[ 0.226 -0.058  0.11 ] → base[-0.162  0.309  0.388]
[INFO] [1786591508.327408237] [coord_transform]: [SNAP OFF] Tay di chuyển lại. Trả quyền cho GRU.
[INFO] [1786591509.858021327] [coord_transform]: [PREDICTION] Transform: cam[0.114 0.359 0.236] → base[-0.05   0.725  0.515]
[INFO] [1786591511.114650772] [coord_transform]: Trạng thái tracking: STOPPED
[INFO] [1786591536.342578673] [coord_transform]: Deadband: HOLD at (0.226, -0.058, 0.110)
[INFO] [1786591536.673353835] [coord_transform]: Deadband: RELEASE — motion detected
[WARN] [1786591538.106960802] [coord_transform]: Outlier rejected #1 (jumped 164.0mm). Ignoring.
[WARN] [1786591538.140656141] [coord_transform]: Outlier rejected #2 (jumped 279.8mm). Ignoring.
[WARN] [1786591538.173403564] [coord_transform]: Outlier rejected #3 (jumped 227.7mm). Ignoring.
[WARN] [1786591538.210490013] [coord_transform]: Outlier rejected #4 (jumped 295.5mm). Ignoring.
[INFO] [1786591538.261081115] [coord_transform]: Too many outliers (5). Resetting filter to new position.
[INFO] [1786591541.518856026] [coord_transform]: Deadband: HOLD at (0.226, -0.058, 0.110)
[INFO] [1786591542.078169744] [coord_transform]: Deadband: RELEASE — motion detected
[INFO] [1786591542.210188240] [coord_transform]: Trạng thái tracking: STOPPED
[INFO] [1786591553.435448250] [coord_transform]: Re-sync camera init: [ 0.238 -0.033  0.099]
[INFO] [1786591553.435725090] [coord_transform]: Trạng thái tracking: RUNNING
[INFO] [1786591553.459040582] [coord_transform]: Deadband: RELEASE — motion detected
[INFO] [1786591553.459321967] [coord_transform]: [SNAP ON] Tay thực tế đứng yên. Ép dừng robot (GRU đang lệch 5.1cm).
[INFO] [1786591553.460175671] [coord_transform]: [PREDICTION] Transform: cam[ 0.238 -0.033  0.099] → base[-0.162  0.309  0.388]
[INFO] [1786591554.764646180] [coord_transform]: [SNAP OFF] Tay di chuyển lại. Trả quyền cho GRU.
[INFO] [1786591555.469272414] [coord_transform]: [PREDICTION] Transform: cam[0.197 0.103 0.168] → base[-0.121  0.445  0.458]
[INFO] [1786591557.497771766] [coord_transform]: [PREDICTION] Transform: cam[0.029 0.417 0.206] → base[0.048 0.759 0.495]
[INFO] [1786591559.508443919] [coord_transform]: [PREDICTION] Transform: cam[-0.071  0.662  0.132] → base[0.148 1.004 0.421]
[INFO] [1786591561.522682418] [coord_transform]: [PREDICTION] Transform: cam[-0.085  0.746  0.022] → base[0.161 1.088 0.312]
[INFO] [1786591561.849920519] [coord_transform]: Trạng thái tracking: STOPPED
[INFO] [1786591582.124882432] [coord_transform]: Deadband: HOLD at (0.238, -0.033, 0.099)
[INFO] [1786591583.315510009] [coord_transform]: Deadband: RELEASE — motion detected
[INFO] [1786591588.461910143] [coord_transform]: Deadband: HOLD at (0.238, -0.033, 0.099)
[INFO] [1786591588.590581601] [coord_transform]: Deadband: RELEASE — motion detected
[INFO] [1786591590.289706810] [coord_transform]: Trạng thái tracking: STOPPED
[INFO] [1786591593.029728483] [coord_transform]: Deadband: HOLD at (0.238, -0.033, 0.099)
[INFO] [1786591593.060948584] [coord_transform]: Deadband: RELEASE — motion detected
[INFO] [1786591595.161281823] [coord_transform]: Deadband: HOLD at (0.238, -0.033, 0.099)
[INFO] [1786591595.718978500] [coord_transform]: Deadband: RELEASE — motion detected
[INFO] [1786591600.085039408] [coord_transform]: Re-sync camera init: [ 0.228 -0.084  0.098]
[INFO] [1786591600.085370939] [coord_transform]: Trạng thái tracking: RUNNING
[INFO] [1786591600.108404014] [coord_transform]: Deadband: RELEASE — motion detected
[INFO] [1786591600.109004092] [coord_transform]: [SNAP ON] Tay thực tế đứng yên. Ép dừng robot (GRU đang lệch 9.7cm).
[INFO] [1786591600.109899174] [coord_transform]: [PREDICTION] Transform: cam[ 0.228 -0.084  0.098] → base[-0.162  0.309  0.388]
[INFO] [1786591601.134778279] [coord_transform]: [SNAP OFF] Tay di chuyển lại. Trả quyền cho GRU.
[INFO] [1786591602.130753957] [coord_transform]: [PREDICTION] Transform: cam[0.197 0.133 0.176] → base[-0.131  0.526  0.466]
[INFO] [1786591604.146307016] [coord_transform]: [PREDICTION] Transform: cam[0.033 0.419 0.2  ] → base[0.033 0.812 0.49 ]
[INFO] [1786591606.172286460] [coord_transform]: [PREDICTION] Transform: cam[-0.046  0.568  0.156] → base[0.111 0.961 0.446]
[INFO] [1786591608.174147217] [coord_transform]: [PREDICTION] Transform: cam[-0.063  0.697  0.095] → base[0.128 1.09  0.385]
[INFO] [1786591609.796109255] [coord_transform]: Trạng thái tracking: STOPPED
[WARN] [1786591623.451723057] [coord_transform]: Outlier rejected #1 (jumped 627.6mm). Ignoring.
[WARN] [1786591623.490326424] [coord_transform]: Outlier rejected #2 (jumped 616.8mm). Ignoring.
[WARN] [1786591623.520395434] [coord_transform]: Outlier rejected #3 (jumped 572.7mm). Ignoring.
[WARN] [1786591623.549609286] [coord_transform]: Outlier rejected #4 (jumped 600.1mm). Ignoring.
[INFO] [1786591623.578980046] [coord_transform]: Too many outliers (5). Resetting filter to new position.
[WARN] [1786591623.773710786] [coord_transform]: Outlier rejected #1 (jumped 258.9mm). Ignoring.
[WARN] [1786591623.819718830] [coord_transform]: Outlier rejected #2 (jumped 263.5mm). Ignoring.
[WARN] [1786591623.862201430] [coord_transform]: Outlier rejected #3 (jumped 247.7mm). Ignoring.
[WARN] [1786591623.890287810] [coord_transform]: Outlier rejected #4 (jumped 246.2mm). Ignoring.
[INFO] [1786591623.923448250] [coord_transform]: Too many outliers (5). Resetting filter to new position.
[WARN] [1786591624.317623039] [coord_transform]: Outlier rejected #1 (jumped 571.6mm). Ignoring.
[WARN] [1786591624.389002831] [coord_transform]: Outlier rejected #1 (jumped 525.6mm). Ignoring.
[WARN] [1786591624.421444520] [coord_transform]: Outlier rejected #2 (jumped 561.9mm). Ignoring.
[WARN] [1786591624.633439625] [coord_transform]: Outlier rejected #1 (jumped 615.7mm). Ignoring.
[WARN] [1786591625.160124526] [coord_transform]: Outlier rejected #1 (jumped 623.7mm). Ignoring.
[WARN] [1786591625.189333184] [coord_transform]: Outlier rejected #2 (jumped 623.7mm). Ignoring.
[WARN] [1786591625.227831161] [coord_transform]: Outlier rejected #3 (jumped 623.7mm). Ignoring.
[WARN] [1786591625.262567778] [coord_transform]: Outlier rejected #4 (jumped 623.7mm). Ignoring.
[INFO] [1786591625.304197031] [coord_transform]: Too many outliers (5). Resetting filter to new position.
[WARN] [1786591626.083126831] [coord_transform]: Outlier rejected #1 (jumped 729.2mm). Ignoring.
[WARN] [1786591626.114571420] [coord_transform]: Outlier rejected #2 (jumped 725.6mm). Ignoring.
[WARN] [1786591626.148060662] [coord_transform]: Outlier rejected #3 (jumped 721.0mm). Ignoring.
[WARN] [1786591626.179498197] [coord_transform]: Outlier rejected #4 (jumped 738.8mm). Ignoring.
[INFO] [1786591626.213455107] [coord_transform]: Too many outliers (5). Resetting filter to new position.
[WARN] [1786591628.185308232] [coord_transform]: Outlier rejected #1 (jumped 735.7mm). Ignoring.
[WARN] [1786591628.212289591] [coord_transform]: Outlier rejected #2 (jumped 735.7mm). Ignoring.
[WARN] [1786591628.248886454] [coord_transform]: Outlier rejected #3 (jumped 735.7mm). Ignoring.
[WARN] [1786591628.281835806] [coord_transform]: Outlier rejected #4 (jumped 735.7mm). Ignoring.
[INFO] [1786591628.315548699] [coord_transform]: Too many outliers (5). Resetting filter to new position.
[WARN] [1786591638.690317554] [coord_transform]: Outlier rejected #1 (jumped 339.7mm). Ignoring.
[WARN] [1786591638.720463426] [coord_transform]: Outlier rejected #2 (jumped 339.7mm). Ignoring.
[WARN] [1786591638.757301937] [coord_transform]: Outlier rejected #3 (jumped 339.7mm). Ignoring.
[WARN] [1786591638.792598359] [coord_transform]: Outlier rejected #4 (jumped 339.7mm). Ignoring.
[INFO] [1786591638.822432789] [coord_transform]: Too many outliers (5). Resetting filter to new position.
[WARN] [1786591642.520755754] [coord_transform]: Outlier rejected #1 (jumped 390.9mm). Ignoring.
[WARN] [1786591642.556132788] [coord_transform]: Outlier rejected #2 (jumped 414.7mm). Ignoring.
[WARN] [1786591642.599573214] [coord_transform]: Outlier rejected #3 (jumped 446.0mm). Ignoring.
[WARN] [1786591642.625788044] [coord_transform]: Outlier rejected #4 (jumped 462.3mm). Ignoring.
[INFO] [1786591642.657099152] [coord_transform]: Too many outliers (5). Resetting filter to new position.
[WARN] [1786591646.549418934] [coord_transform]: Outlier rejected #1 (jumped 600.4mm). Ignoring.
[WARN] [1786591646.581553535] [coord_transform]: Outlier rejected #2 (jumped 600.4mm). Ignoring.
[WARN] [1786591646.616124847] [coord_transform]: Outlier rejected #3 (jumped 600.4mm). Ignoring.
[WARN] [1786591646.648651122] [coord_transform]: Outlier rejected #4 (jumped 600.4mm). Ignoring.
[INFO] [1786591646.681439984] [coord_transform]: Too many outliers (5). Resetting filter to new position.
[WARN] [1786591652.937254306] [coord_transform]: Outlier rejected #1 (jumped 671.3mm). Ignoring.
[WARN] [1786591652.970419239] [coord_transform]: Outlier rejected #2 (jumped 671.3mm). Ignoring.
[WARN] [1786591652.999970359] [coord_transform]: Outlier rejected #3 (jumped 671.3mm). Ignoring.
[WARN] [1786591653.034472299] [coord_transform]: Outlier rejected #4 (jumped 671.3mm). Ignoring.
[INFO] [1786591653.068600972] [coord_transform]: Too many outliers (5). Resetting filter to new position.
[INFO] [1786591653.809961347] [coord_transform]: Trạng thái tracking: STOPPED
[INFO] [1786591655.400020191] [coord_transform]: Deadband: HOLD at (0.228, -0.084, 0.098)
[INFO] [1786591663.822531418] [coord_transform]: Re-sync camera init: [ 0.22  -0.041  0.091]
[INFO] [1786591663.823002876] [coord_transform]: Trạng thái tracking: RUNNING
[INFO] [1786591663.845962632] [coord_transform]: Deadband: RELEASE — motion detected
[INFO] [1786591663.846291504] [coord_transform]: [SNAP ON] Tay thực tế đứng yên. Ép dừng robot (GRU đang lệch 7.1cm).
[INFO] [1786591663.847042262] [coord_transform]: [PREDICTION] Transform: cam[ 0.22  -0.041  0.091] → base[-0.162  0.309  0.388]
[INFO] [1786591664.652457140] [coord_transform]: [SNAP OFF] Tay di chuyển lại. Trả quyền cho GRU.
[INFO] [1786591665.856874384] [coord_transform]: [PREDICTION] Transform: cam[0.147 0.135 0.199] → base[-0.088  0.485  0.496]
[INFO] [1786591667.888762034] [coord_transform]: [PREDICTION] Transform: cam[-0.032  0.518  0.212] → base[0.09  0.868 0.509]
[INFO] [1786591669.925878918] [coord_transform]: [PREDICTION] Transform: cam[-0.099  0.727  0.119] → base[0.157 1.077 0.416]
[INFO] [1786591671.963449825] [coord_transform]: [PREDICTION] Transform: cam[-0.083  0.746  0.016] → base[0.142 1.096 0.313]
[INFO] [1786591672.156811273] [coord_transform]: Trạng thái tracking: STOPPED
[WARN] [1786591680.088719525] [coord_transform]: Outlier rejected #1 (jumped 849.9mm). Ignoring.
[WARN] [1786591680.126242199] [coord_transform]: Outlier rejected #2 (jumped 849.9mm). Ignoring.
[WARN] [1786591680.169066662] [coord_transform]: Outlier rejected #3 (jumped 849.9mm). Ignoring.
[WARN] [1786591680.205269406] [coord_transform]: Outlier rejected #4 (jumped 849.9mm). Ignoring.
[INFO] [1786591680.237633878] [coord_transform]: Too many outliers (5). Resetting filter to new position.
[WARN] [1786591682.478173317] [coord_transform]: Outlier rejected #1 (jumped 795.1mm). Ignoring.
[WARN] [1786591682.510833116] [coord_transform]: Outlier rejected #2 (jumped 795.1mm). Ignoring.
[WARN] [1786591682.553105960] [coord_transform]: Outlier rejected #3 (jumped 795.1mm). Ignoring.
[WARN] [1786591682.587549038] [coord_transform]: Outlier rejected #4 (jumped 795.1mm). Ignoring.
[INFO] [1786591682.622166901] [coord_transform]: Too many outliers (5). Resetting filter to new position.
[WARN] [1786591696.203182706] [coord_transform]: Outlier rejected #1 (jumped 268.1mm). Ignoring.
[WARN] [1786591696.238636854] [coord_transform]: Outlier rejected #2 (jumped 268.1mm). Ignoring.
[WARN] [1786591696.272098311] [coord_transform]: Outlier rejected #3 (jumped 268.1mm). Ignoring.
[WARN] [1786591696.302120156] [coord_transform]: Outlier rejected #4 (jumped 268.1mm). Ignoring.
[INFO] [1786591696.334804734] [coord_transform]: Too many outliers (5). Resetting filter to new position.
[WARN] [1786591696.633969595] [coord_transform]: Outlier rejected #1 (jumped 169.1mm). Ignoring.
[WARN] [1786591696.665062421] [coord_transform]: Outlier rejected #2 (jumped 245.5mm). Ignoring.
[WARN] [1786591696.701040628] [coord_transform]: Outlier rejected #3 (jumped 334.1mm). Ignoring.
[WARN] [1786591696.734311603] [coord_transform]: Outlier rejected #4 (jumped 316.1mm). Ignoring.
[INFO] [1786591696.767495805] [coord_transform]: Too many outliers (5). Resetting filter to new position.
[INFO] [1786591702.537245172] [coord_transform]: Deadband: HOLD at (0.220, -0.041, 0.091)
[INFO] [1786591702.710519014] [coord_transform]: Deadband: RELEASE — motion detected
[INFO] [1786591703.693930965] [coord_transform]: Trạng thái tracking: STOPPED
[INFO] [1786591708.875241389] [coord_transform]: Deadband: RELEASE — motion detected
[INFO] [1786591708.910295700] [coord_transform]: Deadband: HOLD at (0.220, -0.041, 0.091)
[INFO] [1786591714.857351968] [coord_transform]: Re-sync camera init: [ 0.217 -0.05   0.099]
[INFO] [1786591714.857708825] [coord_transform]: Trạng thái tracking: RUNNING
[INFO] [1786591714.903976536] [coord_transform]: Deadband: RELEASE — motion detected
[INFO] [1786591714.904279589] [coord_transform]: [SNAP ON] Tay thực tế đứng yên. Ép dừng robot (GRU đang lệch 7.0cm).
[INFO] [1786591714.905106788] [coord_transform]: [PREDICTION] Transform: cam[ 0.217 -0.05   0.099] → base[-0.162  0.309  0.388]
[INFO] [1786591715.623305229] [coord_transform]: [SNAP OFF] Tay di chuyển lại. Trả quyền cho GRU.
[INFO] [1786591716.928583153] [coord_transform]: [PREDICTION] Transform: cam[0.131 0.173 0.219] → base[-0.075  0.532  0.508]
[INFO] [1786591718.962449244] [coord_transform]: [PREDICTION] Transform: cam[-0.033  0.512  0.208] → base[0.088 0.871 0.498]
[INFO] [1786591721.001539012] [coord_transform]: [PREDICTION] Transform: cam[-0.093  0.756  0.083] → base[0.148 1.115 0.372]
[INFO] [1786591722.247860787] [coord_transform]: Trạng thái tracking: STOPPED
[WARN] [1786591745.181650341] [coord_transform]: Outlier rejected #1 (jumped 162.5mm). Ignoring.
[WARN] [1786591745.241937464] [coord_transform]: Outlier rejected #2 (jumped 210.2mm). Ignoring.
[WARN] [1786591745.285632181] [coord_transform]: Outlier rejected #3 (jumped 273.6mm). Ignoring.
[WARN] [1786591745.315028000] [coord_transform]: Outlier rejected #4 (jumped 231.4mm). Ignoring.
[INFO] [1786591745.345509122] [coord_transform]: Too many outliers (5). Resetting filter to new position.
[INFO] [1786591745.805075079] [coord_transform]: Deadband: HOLD at (0.217, -0.050, 0.099)
[INFO] [1786591745.840754003] [coord_transform]: Deadband: RELEASE — motion detected
[INFO] [1786591746.909792969] [coord_transform]: Trạng thái tracking: STOPPED
[INFO] [1786591748.608907531] [coord_transform]: Deadband: HOLD at (0.217, -0.050, 0.099)
[INFO] [1786591754.783656634] [coord_transform]: Deadband: RELEASE — motion detected
[INFO] [1786591754.812049686] [coord_transform]: Deadband: HOLD at (0.217, -0.050, 0.099)
[WARN] [1786591756.916126654] [coord_transform]: Outlier rejected #1 (jumped 855.6mm). Ignoring.
[WARN] [1786591756.947588373] [coord_transform]: Outlier rejected #2 (jumped 855.6mm). Ignoring.
[WARN] [1786591756.985633322] [coord_transform]: Outlier rejected #3 (jumped 855.6mm). Ignoring.
[WARN] [1786591757.027619516] [coord_transform]: Outlier rejected #4 (jumped 855.6mm). Ignoring.
[INFO] [1786591757.056588781] [coord_transform]: Too many outliers (5). Resetting filter to new position.
[INFO] [1786591757.057127630] [coord_transform]: [SNAP ON] Tay thực tế đứng yên. Ép dừng robot (GRU đang lệch 82.9cm).
[INFO] [1786591757.566510582] [coord_transform]: Deadband: HOLD at (0.217, -0.050, 0.099)
[INFO] [1786591761.761500346] [coord_transform]: Re-sync camera init: [ 0.232 -0.05   0.095]
[INFO] [1786591761.762041108] [coord_transform]: Trạng thái tracking: RUNNING
[INFO] [1786591761.785484145] [coord_transform]: [PREDICTION] Transform: cam[ 0.232 -0.05   0.095] → base[-0.162  0.309  0.388]
[INFO] [1786591762.983636460] [coord_transform]: Deadband: RELEASE — motion detected
[INFO] [1786591763.053312622] [coord_transform]: [SNAP OFF] Tay di chuyển lại. Trả quyền cho GRU.
[INFO] [1786591763.816510776] [coord_transform]: [PREDICTION] Transform: cam[0.16  0.114 0.214] → base[-0.09   0.473  0.507]
[INFO] [1786591765.834737065] [coord_transform]: [PREDICTION] Transform: cam[-0.003  0.496  0.218] → base[0.073 0.855 0.511]
[INFO] [1786591767.838482704] [coord_transform]: [PREDICTION] Transform: cam[-0.065  0.694  0.115] → base[0.136 1.053 0.408]
[INFO] [1786591769.868432321] [coord_transform]: [PREDICTION] Transform: cam[-0.068  0.724  0.023] → base[0.138 1.083 0.316]
[INFO] [1786591770.140402112] [coord_transform]: Trạng thái tracking: STOPPED
[WARN] [1786591774.131168108] [coord_transform]: Outlier rejected #1 (jumped 435.4mm). Ignoring.
[WARN] [1786591774.164477261] [coord_transform]: Outlier rejected #2 (jumped 435.4mm). Ignoring.
[WARN] [1786591774.217051923] [coord_transform]: Outlier rejected #3 (jumped 435.4mm). Ignoring.
[WARN] [1786591774.249804729] [coord_transform]: Outlier rejected #4 (jumped 435.4mm). Ignoring.
[INFO] [1786591774.282945071] [coord_transform]: Too many outliers (5). Resetting filter to new position.
[WARN] [1786591776.130111432] [coord_transform]: Outlier rejected #1 (jumped 445.6mm). Ignoring.
[WARN] [1786591776.165639376] [coord_transform]: Outlier rejected #2 (jumped 445.6mm). Ignoring.
[WARN] [1786591776.200150868] [coord_transform]: Outlier rejected #3 (jumped 445.6mm). Ignoring.
[WARN] [1786591776.231598505] [coord_transform]: Outlier rejected #4 (jumped 445.6mm). Ignoring.
[INFO] [1786591776.274483447] [coord_transform]: Too many outliers (5). Resetting filter to new position.
[WARN] [1786591787.973965166] [coord_transform]: Outlier rejected #1 (jumped 150.4mm). Ignoring.
[WARN] [1786591788.005234414] [coord_transform]: Outlier rejected #2 (jumped 199.1mm). Ignoring.
[WARN] [1786591788.039212497] [coord_transform]: Outlier rejected #3 (jumped 169.4mm). Ignoring.
[WARN] [1786591788.075318101] [coord_transform]: Outlier rejected #4 (jumped 164.4mm). Ignoring.
[WARN] [1786591789.573634798] [coord_transform]: Outlier rejected #1 (jumped 242.0mm). Ignoring.
[WARN] [1786591789.618910106] [coord_transform]: Outlier rejected #2 (jumped 379.4mm). Ignoring.
[WARN] [1786591789.650426073] [coord_transform]: Outlier rejected #3 (jumped 401.9mm). Ignoring.
[WARN] [1786591789.681199665] [coord_transform]: Outlier rejected #4 (jumped 394.9mm). Ignoring.
[INFO] [1786591789.710257471] [coord_transform]: Too many outliers (5). Resetting filter to new position.
[WARN] [1786591794.655687277] [coord_transform]: Outlier rejected #1 (jumped 539.0mm). Ignoring.
[WARN] [1786591794.691252562] [coord_transform]: Outlier rejected #2 (jumped 539.0mm). Ignoring.
[WARN] [1786591794.725669994] [coord_transform]: Outlier rejected #3 (jumped 539.0mm). Ignoring.
[WARN] [1786591794.763748452] [coord_transform]: Outlier rejected #4 (jumped 539.0mm). Ignoring.
[INFO] [1786591794.800725155] [coord_transform]: Too many outliers (5). Resetting filter to new position.
[INFO] [1786591795.759510049] [coord_transform]: Trạng thái tracking: STOPPED
[INFO] [1786591797.878527466] [coord_transform]: Deadband: HOLD at (0.232, -0.050, 0.095)
[INFO] [1786591798.254194872] [coord_transform]: Deadband: RELEASE — motion detected
[INFO] [1786591798.426534774] [coord_transform]: Đã chuyển mode: prediction -> ergonomics
[INFO] [1786591814.197351821] [coord_transform]: Re-sync camera init: [ 0.216 -0.033  0.103]
[INFO] [1786591814.197860315] [coord_transform]: Trạng thái tracking: RUNNING
[INFO] [1786591814.234134091] [coord_transform]: Deadband: RELEASE — motion detected
[INFO] [1786591814.234690581] [coord_transform]: [SNAP ON] Tay thực tế đứng yên. Ép dừng robot (GRU đang lệch 30.3cm).
[INFO] [1786591814.235939391] [coord_transform]: [ERGONOMICS] Transform: cam[ 0.216 -0.033  0.103] → base[-0.162  0.309  0.388]
[INFO] [1786591815.078221214] [coord_transform]: [SNAP OFF] Tay di chuyển lại. Trả quyền cho GRU.
[INFO] [1786591816.249109647] [coord_transform]: [ERGONOMICS] Transform: cam[0.139 0.184 0.18 ] → base[-0.085  0.525  0.466]
[INFO] [1786591818.255629070] [coord_transform]: [ERGONOMICS] Transform: cam[0.047 0.471 0.171] → base[0.007 0.813 0.456]
[INFO] [1786591820.273696373] [coord_transform]: [ERGONOMICS] Transform: cam[-0.013  0.668  0.114] → base[0.067 1.01  0.399]
[INFO] [1786591822.302584619] [coord_transform]: [ERGONOMICS] Transform: cam[-0.03   0.763  0.041] → base[0.084 1.105 0.327]
[INFO] [1786591822.328065072] [coord_transform]: Trạng thái tracking: STOPPED
[WARN] [1786591826.620354947] [coord_transform]: Outlier rejected #1 (jumped 247.3mm). Ignoring.
[WARN] [1786591826.650316686] [coord_transform]: Outlier rejected #2 (jumped 247.3mm). Ignoring.
[WARN] [1786591826.688057580] [coord_transform]: Outlier rejected #3 (jumped 247.3mm). Ignoring.
[WARN] [1786591826.721376875] [coord_transform]: Outlier rejected #4 (jumped 247.3mm). Ignoring.
[INFO] [1786591826.752684795] [coord_transform]: Too many outliers (5). Resetting filter to new position.
[WARN] [1786591830.449727639] [coord_transform]: Outlier rejected #1 (jumped 221.2mm). Ignoring.
[WARN] [1786591830.484960838] [coord_transform]: Outlier rejected #2 (jumped 221.2mm). Ignoring.
[WARN] [1786591830.515332376] [coord_transform]: Outlier rejected #3 (jumped 221.2mm). Ignoring.
[WARN] [1786591830.544473563] [coord_transform]: Outlier rejected #4 (jumped 221.2mm). Ignoring.
[INFO] [1786591830.576743512] [coord_transform]: Too many outliers (5). Resetting filter to new position.
[INFO] [1786591849.887543244] [coord_transform]: Deadband: HOLD at (0.216, -0.033, 0.103)
[INFO] [1786591850.026106771] [coord_transform]: Deadband: RELEASE — motion detected
[INFO] [1786591850.758172374] [coord_transform]: Trạng thái tracking: STOPPED
[INFO] [1786591860.226035984] [coord_transform]: Re-sync camera init: [ 0.218 -0.058  0.095]
[INFO] [1786591860.226850946] [coord_transform]: Trạng thái tracking: RUNNING
[INFO] [1786591860.244874671] [coord_transform]: Deadband: RELEASE — motion detected
[INFO] [1786591860.245413120] [coord_transform]: [SNAP ON] Tay thực tế đứng yên. Ép dừng robot (GRU đang lệch 5.1cm).
[INFO] [1786591860.246608920] [coord_transform]: [ERGONOMICS] Transform: cam[ 0.218 -0.058  0.095] → base[-0.162  0.309  0.388]
[INFO] [1786591861.011666890] [coord_transform]: [SNAP OFF] Tay di chuyển lại. Trả quyền cho GRU.
[INFO] [1786591862.277115615] [coord_transform]: [ERGONOMICS] Transform: cam[0.134 0.208 0.175] → base[-0.078  0.575  0.468]
[INFO] [1786591864.312106184] [coord_transform]: [ERGONOMICS] Transform: cam[0.019 0.557 0.195] → base[0.037 0.924 0.489]
[INFO] [1786591866.336440642] [coord_transform]: [ERGONOMICS] Transform: cam[-0.028  0.777  0.059] → base[0.084 1.144 0.352]
[INFO] [1786591867.834296917] [coord_transform]: Trạng thái tracking: STOPPED
[WARN] [1786591870.971362628] [coord_transform]: Outlier rejected #1 (jumped 255.3mm). Ignoring.
[WARN] [1786591871.017187186] [coord_transform]: Outlier rejected #2 (jumped 255.3mm). Ignoring.
[WARN] [1786591871.051151096] [coord_transform]: Outlier rejected #3 (jumped 255.3mm). Ignoring.
[WARN] [1786591871.086538857] [coord_transform]: Outlier rejected #4 (jumped 255.3mm). Ignoring.
[INFO] [1786591871.117652341] [coord_transform]: Too many outliers (5). Resetting filter to new position.
[WARN] [1786591873.316649831] [coord_transform]: Outlier rejected #1 (jumped 256.3mm). Ignoring.
[WARN] [1786591873.353394477] [coord_transform]: Outlier rejected #2 (jumped 256.3mm). Ignoring.
[WARN] [1786591873.395321165] [coord_transform]: Outlier rejected #3 (jumped 256.3mm). Ignoring.
[WARN] [1786591873.429741696] [coord_transform]: Outlier rejected #4 (jumped 256.3mm). Ignoring.
[INFO] [1786591873.461573940] [coord_transform]: Too many outliers (5). Resetting filter to new position.
[INFO] [1786591887.383034133] [coord_transform]: Deadband: HOLD at (0.218, -0.058, 0.095)
[INFO] [1786591888.652025643] [coord_transform]: Deadband: RELEASE — motion detected
[INFO] [1786591892.932938919] [coord_transform]: Deadband: HOLD at (0.218, -0.058, 0.095)
[INFO] [1786591893.542588757] [coord_transform]: Trạng thái tracking: STOPPED
[WARN] [1786591898.831734282] [coord_transform]: Outlier rejected #1 (jumped 837.9mm). Ignoring.
[WARN] [1786591898.864425494] [coord_transform]: Outlier rejected #2 (jumped 837.9mm). Ignoring.
[WARN] [1786591898.894691060] [coord_transform]: Outlier rejected #3 (jumped 837.9mm). Ignoring.
[WARN] [1786591898.928391222] [coord_transform]: Outlier rejected #4 (jumped 837.9mm). Ignoring.
[INFO] [1786591898.962085774] [coord_transform]: Too many outliers (5). Resetting filter to new position.
[INFO] [1786591898.962524531] [coord_transform]: [SNAP ON] Tay thực tế đứng yên. Ép dừng robot (GRU đang lệch 83.8cm).
[INFO] [1786591899.464589577] [coord_transform]: Deadband: HOLD at (0.218, -0.058, 0.095)
[INFO] [1786591902.707024639] [coord_transform]: Re-sync camera init: [ 0.214 -0.05   0.091]
[INFO] [1786591902.707270084] [coord_transform]: Trạng thái tracking: RUNNING
[INFO] [1786591902.731410847] [coord_transform]: [ERGONOMICS] Transform: cam[ 0.214 -0.05   0.091] → base[-0.162  0.309  0.388]
[INFO] [1786591903.631905333] [coord_transform]: Deadband: RELEASE — motion detected
[INFO] [1786591903.637670269] [coord_transform]: [SNAP OFF] Tay di chuyển lại. Trả quyền cho GRU.
[INFO] [1786591904.770368406] [coord_transform]: [ERGONOMICS] Transform: cam[0.143 0.176 0.195] → base[-0.091  0.535  0.492]
[INFO] [1786591906.783954840] [coord_transform]: [ERGONOMICS] Transform: cam[0.075 0.501 0.166] → base[-0.024  0.86   0.463]
[INFO] [1786591908.815520250] [coord_transform]: [ERGONOMICS] Transform: cam[0.041 0.712 0.109] → base[0.011 1.071 0.406]
[INFO] [1786591910.088871018] [coord_transform]: Trạng thái tracking: STOPPED
[INFO] [1786591926.084496867] [coord_transform]: Deadband: HOLD at (0.214, -0.050, 0.091)
[WARN] [1786591926.249598055] [coord_transform]: Outlier rejected #1 (jumped 176.4mm). Ignoring.
[INFO] [1786591926.280283182] [coord_transform]: Deadband: RELEASE — motion detected
[WARN] [1786591926.889648849] [coord_transform]: Outlier rejected #1 (jumped 282.0mm). Ignoring.
[WARN] [1786591929.837292375] [coord_transform]: Outlier rejected #1 (jumped 170.4mm). Ignoring.
[WARN] [1786591929.868344587] [coord_transform]: Outlier rejected #2 (jumped 192.9mm). Ignoring.
[WARN] [1786591929.898572600] [coord_transform]: Outlier rejected #3 (jumped 231.2mm). Ignoring.
[WARN] [1786591929.931017215] [coord_transform]: Outlier rejected #4 (jumped 224.3mm). Ignoring.
[INFO] [1786591929.964383552] [coord_transform]: Too many outliers (5). Resetting filter to new position.
[INFO] [1786591931.476203940] [coord_transform]: Deadband: HOLD at (0.214, -0.050, 0.091)
[INFO] [1786591931.533486205] [coord_transform]: Trạng thái tracking: STOPPED
[INFO] [1786591931.606641191] [coord_transform]: Deadband: RELEASE — motion detected
[WARN] [1786591940.397080928] [coord_transform]: Outlier rejected #1 (jumped 821.2mm). Ignoring.
[WARN] [1786591940.430424912] [coord_transform]: Outlier rejected #2 (jumped 821.2mm). Ignoring.
[WARN] [1786591940.460744734] [coord_transform]: Outlier rejected #3 (jumped 821.2mm). Ignoring.
[WARN] [1786591940.498378428] [coord_transform]: Outlier rejected #4 (jumped 821.2mm). Ignoring.
[INFO] [1786591940.527311952] [coord_transform]: Too many outliers (5). Resetting filter to new position.
[INFO] [1786591940.528189146] [coord_transform]: [SNAP ON] Tay thực tế đứng yên. Ép dừng robot (GRU đang lệch 79.3cm).
[INFO] [1786591940.992856976] [coord_transform]: Deadband: HOLD at (0.214, -0.050, 0.091)
[INFO] [1786591942.382947618] [coord_transform]: Re-sync camera init: [ 0.231 -0.033  0.114]
[INFO] [1786591942.383210879] [coord_transform]: Trạng thái tracking: RUNNING
[INFO] [1786591942.400652972] [coord_transform]: [ERGONOMICS] Transform: cam[ 0.231 -0.033  0.114] → base[-0.162  0.309  0.388]
[INFO] [1786591942.984518159] [coord_transform]: Deadband: RELEASE — motion detected
[INFO] [1786591942.991913862] [coord_transform]: [SNAP OFF] Tay di chuyển lại. Trả quyền cho GRU.
[INFO] [1786591944.410628624] [coord_transform]: [ERGONOMICS] Transform: cam[0.103 0.245 0.192] → base[-0.034  0.587  0.466]
[INFO] [1786591946.422971655] [coord_transform]: [ERGONOMICS] Transform: cam[-0.     0.531  0.157] → base[0.069 0.873 0.431]
[INFO] [1786591948.448666419] [coord_transform]: [ERGONOMICS] Transform: cam[-0.036  0.705  0.073] → base[0.105 1.047 0.347]
[INFO] [1786591949.706618624] [coord_transform]: Trạng thái tracking: STOPPED
[WARN] [1786591952.576318483] [coord_transform]: Outlier rejected #1 (jumped 322.5mm). Ignoring.
[WARN] [1786591952.612617163] [coord_transform]: Outlier rejected #2 (jumped 322.5mm). Ignoring.
[WARN] [1786591952.648627706] [coord_transform]: Outlier rejected #3 (jumped 322.5mm). Ignoring.
[WARN] [1786591952.695975194] [coord_transform]: Outlier rejected #4 (jumped 322.5mm). Ignoring.
[INFO] [1786591952.730118805] [coord_transform]: Too many outliers (5). Resetting filter to new position.
[WARN] [1786591956.873408479] [coord_transform]: Outlier rejected #1 (jumped 363.6mm). Ignoring.
[WARN] [1786591956.906887847] [coord_transform]: Outlier rejected #2 (jumped 363.6mm). Ignoring.
[WARN] [1786591956.945979066] [coord_transform]: Outlier rejected #3 (jumped 363.6mm). Ignoring.
[WARN] [1786591956.975971170] [coord_transform]: Outlier rejected #4 (jumped 363.6mm). Ignoring.
[INFO] [1786591957.011005509] [coord_transform]: Too many outliers (5). Resetting filter to new position.
[INFO] [1786591969.817485839] [coord_transform]: Deadband: HOLD at (0.231, -0.033, 0.114)
[WARN] [1786591971.021293868] [coord_transform]: Outlier rejected #1 (jumped 171.1mm). Ignoring.
[WARN] [1786591971.053205455] [coord_transform]: Outlier rejected #2 (jumped 323.9mm). Ignoring.
[WARN] [1786591971.086598133] [coord_transform]: Outlier rejected #3 (jumped 446.7mm). Ignoring.
[WARN] [1786591971.123735216] [coord_transform]: Outlier rejected #4 (jumped 505.1mm). Ignoring.
[INFO] [1786591971.157356009] [coord_transform]: Too many outliers (5). Resetting filter to new position.
[INFO] [1786591971.219274031] [coord_transform]: Deadband: RELEASE — motion detected
[WARN] [1786591972.052700359] [coord_transform]: Outlier rejected #1 (jumped 335.8mm). Ignoring.
[WARN] [1786591972.096101087] [coord_transform]: Outlier rejected #2 (jumped 335.8mm). Ignoring.
[WARN] [1786591972.132194278] [coord_transform]: Outlier rejected #3 (jumped 335.8mm). Ignoring.
[WARN] [1786591972.173772803] [coord_transform]: Outlier rejected #4 (jumped 335.8mm). Ignoring.
[INFO] [1786591972.209914244] [coord_transform]: Too many outliers (5). Resetting filter to new position.
[INFO] [1786591976.722266560] [coord_transform]: Deadband: HOLD at (0.231, -0.033, 0.114)
[INFO] [1786591976.865074159] [coord_transform]: Deadband: RELEASE — motion detected
[INFO] [1786591978.898885514] [coord_transform]: Trạng thái tracking: STOPPED
[INFO] [1786591980.858422768] [coord_transform]: Deadband: HOLD at (0.231, -0.033, 0.114)
[INFO] [1786591981.791042465] [coord_transform]: Deadband: RELEASE — motion detected
[INFO] [1786591983.966454466] [coord_transform]: Deadband: HOLD at (0.231, -0.033, 0.114)
[INFO] [1786591984.001390050] [coord_transform]: Deadband: RELEASE — motion detected
[WARN] [1786591984.166701627] [coord_transform]: Outlier rejected #1 (jumped 674.8mm). Ignoring.
[WARN] [1786591984.205255824] [coord_transform]: Outlier rejected #2 (jumped 674.8mm). Ignoring.
[WARN] [1786591984.240922518] [coord_transform]: Outlier rejected #3 (jumped 674.8mm). Ignoring.
[WARN] [1786591984.280477046] [coord_transform]: Outlier rejected #4 (jumped 674.8mm). Ignoring.
[INFO] [1786591984.326866242] [coord_transform]: Too many outliers (5). Resetting filter to new position.
[INFO] [1786591984.552968636] [coord_transform]: [SNAP ON] Tay thực tế đứng yên. Ép dừng robot (GRU đang lệch 40.3cm).
[INFO] [1786591991.010484813] [coord_transform]: Re-sync camera init: [ 0.236 -0.05   0.095]
[INFO] [1786591991.010732375] [coord_transform]: Trạng thái tracking: RUNNING
[INFO] [1786591991.043514423] [coord_transform]: [ERGONOMICS] Transform: cam[ 0.236 -0.05   0.095] → base[-0.162  0.309  0.388]
[INFO] [1786591992.084154249] [coord_transform]: Deadband: RELEASE — motion detected
[INFO] [1786591992.150518507] [coord_transform]: [SNAP OFF] Tay di chuyển lại. Trả quyền cho GRU.
[INFO] [1786591993.045656625] [coord_transform]: [ERGONOMICS] Transform: cam[0.148 0.163 0.185] → base[-0.074  0.522  0.479]
[INFO] [1786591995.048483365] [coord_transform]: [ERGONOMICS] Transform: cam[0.047 0.475 0.177] → base[0.027 0.834 0.471]
[INFO] [1786591997.049846699] [coord_transform]: [ERGONOMICS] Transform: cam[-0.046  0.762  0.088] → base[0.12  1.121 0.382]
[INFO] [1786591998.612748270] [coord_transform]: Trạng thái tracking: STOPPED
[WARN] [1786592001.606249104] [coord_transform]: Outlier rejected #1 (jumped 331.6mm). Ignoring.
[WARN] [1786592001.639247878] [coord_transform]: Outlier rejected #2 (jumped 331.6mm). Ignoring.
[WARN] [1786592001.676399517] [coord_transform]: Outlier rejected #3 (jumped 331.6mm). Ignoring.
[WARN] [1786592001.708944425] [coord_transform]: Outlier rejected #4 (jumped 331.6mm). Ignoring.
[INFO] [1786592001.743806352] [coord_transform]: Too many outliers (5). Resetting filter to new position.
[WARN] [1786592003.951447645] [coord_transform]: Outlier rejected #1 (jumped 344.7mm). Ignoring.
[WARN] [1786592003.979609861] [coord_transform]: Outlier rejected #2 (jumped 344.7mm). Ignoring.
[WARN] [1786592004.010094341] [coord_transform]: Outlier rejected #3 (jumped 344.7mm). Ignoring.
[WARN] [1786592004.048183539] [coord_transform]: Outlier rejected #4 (jumped 344.7mm). Ignoring.
[INFO] [1786592004.077404703] [coord_transform]: Too many outliers (5). Resetting filter to new position.
[WARN] [1786592024.618513016] [coord_transform]: Outlier rejected #1 (jumped 290.0mm). Ignoring.
[WARN] [1786592024.651028841] [coord_transform]: Outlier rejected #2 (jumped 174.3mm). Ignoring.
[WARN] [1786592024.689655283] [coord_transform]: Outlier rejected #3 (jumped 226.5mm). Ignoring.
[WARN] [1786592024.723486625] [coord_transform]: Outlier rejected #4 (jumped 221.6mm). Ignoring.
[INFO] [1786592024.755241941] [coord_transform]: Too many outliers (5). Resetting filter to new position.
[WARN] [1786592026.619335507] [coord_transform]: Outlier rejected #1 (jumped 317.3mm). Ignoring.
[WARN] [1786592026.651886772] [coord_transform]: Outlier rejected #2 (jumped 418.1mm). Ignoring.
[WARN] [1786592026.692312941] [coord_transform]: Outlier rejected #3 (jumped 395.2mm). Ignoring.
[WARN] [1786592026.726332137] [coord_transform]: Outlier rejected #4 (jumped 451.0mm). Ignoring.
[INFO] [1786592026.764151841] [coord_transform]: Too many outliers (5). Resetting filter to new position.
[INFO] [1786592027.188644701] [coord_transform]: Deadband: HOLD at (0.236, -0.050, 0.095)
[INFO] [1786592033.390824605] [coord_transform]: Deadband: RELEASE — motion detected
[WARN] [1786592036.290442493] [coord_transform]: Outlier rejected #1 (jumped 173.2mm). Ignoring.
[WARN] [1786592036.325049951] [coord_transform]: Outlier rejected #2 (jumped 244.5mm). Ignoring.
[WARN] [1786592036.359570436] [coord_transform]: Outlier rejected #3 (jumped 234.3mm). Ignoring.
[INFO] [1786592036.591036273] [coord_transform]: Deadband: HOLD at (0.236, -0.050, 0.095)
[INFO] [1786592041.059793233] [coord_transform]: Trạng thái tracking: STOPPED
[INFO] [1786592050.547524295] [coord_transform]: Re-sync camera init: [ 0.226 -0.067  0.099]
[INFO] [1786592050.548287358] [coord_transform]: Trạng thái tracking: RUNNING
[INFO] [1786592050.563753109] [coord_transform]: Deadband: RELEASE — motion detected
[INFO] [1786592050.564519344] [coord_transform]: [SNAP ON] Tay thực tế đứng yên. Ép dừng robot (GRU đang lệch 12.4cm).
[INFO] [1786592050.565779072] [coord_transform]: [ERGONOMICS] Transform: cam[ 0.226 -0.067  0.099] → base[-0.162  0.309  0.388]
[INFO] [1786592051.112415101] [coord_transform]: [SNAP OFF] Tay di chuyển lại. Trả quyền cho GRU.
[INFO] [1786592052.579195642] [coord_transform]: [ERGONOMICS] Transform: cam[0.116 0.249 0.184] → base[-0.052  0.625  0.473]
[INFO] [1786592054.615397713] [coord_transform]: [ERGONOMICS] Transform: cam[0.008 0.545 0.181] → base[0.056 0.921 0.47 ]
[INFO] [1786592056.653988109] [coord_transform]: [ERGONOMICS] Transform: cam[-0.049  0.781  0.069] → base[0.113 1.157 0.359]
[INFO] [1786592057.710251787] [coord_transform]: Trạng thái tracking: STOPPED
[WARN] [1786592060.108715776] [coord_transform]: Outlier rejected #1 (jumped 156.2mm). Ignoring.
[WARN] [1786592060.135641478] [coord_transform]: Outlier rejected #2 (jumped 181.9mm). Ignoring.
[WARN] [1786592060.169905254] [coord_transform]: Outlier rejected #3 (jumped 175.5mm). Ignoring.
[WARN] [1786592060.207058115] [coord_transform]: Outlier rejected #4 (jumped 170.4mm). Ignoring.
[INFO] [1786592060.237741462] [coord_transform]: Too many outliers (5). Resetting filter to new position.
[WARN] [1786592060.774270159] [coord_transform]: Outlier rejected #1 (jumped 355.1mm). Ignoring.
[WARN] [1786592060.811064448] [coord_transform]: Outlier rejected #2 (jumped 355.1mm). Ignoring.
[WARN] [1786592060.848891207] [coord_transform]: Outlier rejected #3 (jumped 355.1mm). Ignoring.
[WARN] [1786592060.894710391] [coord_transform]: Outlier rejected #4 (jumped 355.1mm). Ignoring.
[INFO] [1786592060.947963141] [coord_transform]: Too many outliers (5). Resetting filter to new position.
[WARN] [1786592064.809046587] [coord_transform]: Outlier rejected #1 (jumped 317.6mm). Ignoring.
[WARN] [1786592064.851848502] [coord_transform]: Outlier rejected #2 (jumped 317.6mm). Ignoring.
[WARN] [1786592064.881318840] [coord_transform]: Outlier rejected #3 (jumped 317.6mm). Ignoring.
[WARN] [1786592064.910915404] [coord_transform]: Outlier rejected #4 (jumped 317.6mm). Ignoring.
[INFO] [1786592064.942226776] [coord_transform]: Too many outliers (5). Resetting filter to new position.
[WARN] [1786592076.314065273] [coord_transform]: Outlier rejected #1 (jumped 673.1mm). Ignoring.
[WARN] [1786592076.348289081] [coord_transform]: Outlier rejected #2 (jumped 673.1mm). Ignoring.
[WARN] [1786592076.384346865] [coord_transform]: Outlier rejected #3 (jumped 673.1mm). Ignoring.
[WARN] [1786592076.422671432] [coord_transform]: Outlier rejected #4 (jumped 673.1mm). Ignoring.
[INFO] [1786592076.458006012] [coord_transform]: Too many outliers (5). Resetting filter to new position.
[WARN] [1786592077.780163191] [coord_transform]: Outlier rejected #1 (jumped 180.1mm). Ignoring.
[INFO] [1786592081.841613692] [coord_transform]: Deadband: HOLD at (0.226, -0.067, 0.099)
[INFO] [1786592084.371340030] [coord_transform]: Trạng thái tracking: STOPPED
[INFO] [1786592089.288948979] [coord_transform]: [SNAP ON] Tay thực tế đứng yên. Ép dừng robot (GRU đang lệch 64.7cm).
[INFO] [1786592089.691243279] [coord_transform]: Deadband: HOLD at (0.226, -0.067, 0.099)
[INFO] [1786592095.038672280] [coord_transform]: Re-sync camera init: [ 0.224 -0.     0.111]
[INFO] [1786592095.039033452] [coord_transform]: Trạng thái tracking: RUNNING
[INFO] [1786592095.063523094] [coord_transform]: [ERGONOMICS] Transform: cam[ 0.224 -0.     0.111] → base[-0.162  0.309  0.388]
[INFO] [1786592095.673692535] [coord_transform]: Deadband: RELEASE — motion detected
[INFO] [1786592095.806071473] [coord_transform]: [SNAP OFF] Tay di chuyển lại. Trả quyền cho GRU.
[INFO] [1786592097.064923094] [coord_transform]: [ERGONOMICS] Transform: cam[0.098 0.247 0.198] → base[-0.035  0.556  0.476]
[INFO] [1786592099.097612043] [coord_transform]: [ERGONOMICS] Transform: cam[0.019 0.521 0.161] → base[0.044 0.83  0.439]
[INFO] [1786592101.103650360] [coord_transform]: [ERGONOMICS] Transform: cam[-0.049  0.752  0.071] → base[0.111 1.061 0.349]
[INFO] [1786592102.148854598] [coord_transform]: Trạng thái tracking: STOPPED
[WARN] [1786592104.996456023] [coord_transform]: Outlier rejected #1 (jumped 372.3mm). Ignoring.
[WARN] [1786592105.032762185] [coord_transform]: Outlier rejected #2 (jumped 372.3mm). Ignoring.
[WARN] [1786592105.068734200] [coord_transform]: Outlier rejected #3 (jumped 372.3mm). Ignoring.
[WARN] [1786592105.100846911] [coord_transform]: Outlier rejected #4 (jumped 372.3mm). Ignoring.
[INFO] [1786592105.131652588] [coord_transform]: Too many outliers (5). Resetting filter to new position.
[WARN] [1786592108.389907973] [coord_transform]: Outlier rejected #1 (jumped 359.8mm). Ignoring.
[WARN] [1786592108.429078390] [coord_transform]: Outlier rejected #2 (jumped 359.8mm). Ignoring.
[WARN] [1786592108.464707885] [coord_transform]: Outlier rejected #3 (jumped 359.8mm). Ignoring.
[WARN] [1786592108.504199323] [coord_transform]: Outlier rejected #4 (jumped 359.8mm). Ignoring.
[INFO] [1786592108.539034510] [coord_transform]: Too many outliers (5). Resetting filter to new position.
[INFO] [1786592119.470988751] [coord_transform]: Deadband: HOLD at (0.224, -0.000, 0.111)
[INFO] [1786592120.669877722] [coord_transform]: Deadband: RELEASE — motion detected
[WARN] [1786592120.970680800] [coord_transform]: Outlier rejected #1 (jumped 175.9mm). Ignoring.
[WARN] [1786592121.003104292] [coord_transform]: Outlier rejected #2 (jumped 252.4mm). Ignoring.
[WARN] [1786592121.036229658] [coord_transform]: Outlier rejected #3 (jumped 288.3mm). Ignoring.
[WARN] [1786592121.088265365] [coord_transform]: Outlier rejected #4 (jumped 330.2mm). Ignoring.
[INFO] [1786592121.113493826] [coord_transform]: Too many outliers (5). Resetting filter to new position.
[WARN] [1786592124.889817969] [coord_transform]: Outlier rejected #1 (jumped 667.7mm). Ignoring.
[WARN] [1786592124.924126861] [coord_transform]: Outlier rejected #2 (jumped 667.7mm). Ignoring.
[WARN] [1786592124.957563857] [coord_transform]: Outlier rejected #3 (jumped 667.7mm). Ignoring.
[WARN] [1786592124.990311203] [coord_transform]: Outlier rejected #4 (jumped 667.7mm). Ignoring.
[INFO] [1786592125.024158421] [coord_transform]: Too many outliers (5). Resetting filter to new position.
[INFO] [1786592126.248522025] [coord_transform]: Trạng thái tracking: STOPPED
[INFO] [1786592128.546776678] [coord_transform]: Deadband: HOLD at (0.224, -0.000, 0.111)
[INFO] [1786592128.647132130] [coord_transform]: Deadband: RELEASE — motion detected
[INFO] [1786592137.659525743] [coord_transform]: Deadband: HOLD at (0.224, -0.000, 0.111)
[INFO] [1786592137.864265874] [coord_transform]: Re-sync camera init: [0.227 0.008 0.125]
[INFO] [1786592137.864534119] [coord_transform]: Trạng thái tracking: RUNNING
[INFO] [1786592137.889993906] [coord_transform]: Deadband: RELEASE — motion detected
[INFO] [1786592137.890276913] [coord_transform]: [SNAP ON] Tay thực tế đứng yên. Ép dừng robot (GRU đang lệch 16.3cm).
[INFO] [1786592137.891129986] [coord_transform]: [ERGONOMICS] Transform: cam[0.227 0.008 0.125] → base[-0.162  0.309  0.388]
[INFO] [1786592138.901902119] [coord_transform]: [SNAP OFF] Tay di chuyển lại. Trả quyền cho GRU.
[INFO] [1786592139.895128323] [coord_transform]: [ERGONOMICS] Transform: cam[0.117 0.204 0.191] → base[-0.052  0.505  0.454]
[INFO] [1786592141.906415576] [coord_transform]: [ERGONOMICS] Transform: cam[0.02  0.475 0.199] → base[0.045 0.776 0.462]
[INFO] [1786592143.925729144] [coord_transform]: [ERGONOMICS] Transform: cam[-0.044  0.667  0.14 ] → base[0.11  0.968 0.403]
[INFO] [1786592145.838594416] [coord_transform]: Trạng thái tracking: STOPPED
[INFO] [1786592161.997554180] [coord_transform]: Deadband: HOLD at (0.227, 0.008, 0.125)
[INFO] [1786592162.107463896] [coord_transform]: Deadband: RELEASE — motion detected
[INFO] [1786592171.552229300] [coord_transform]: Trạng thái tracking: STOPPED
[INFO] [1786592181.686946881] [coord_transform]: Re-sync camera init: [ 0.241 -0.067  0.095]
[INFO] [1786592181.687189865] [coord_transform]: Trạng thái tracking: RUNNING
[INFO] [1786592181.717554113] [coord_transform]: Deadband: RELEASE — motion detected
[INFO] [1786592181.717897509] [coord_transform]: [SNAP ON] Tay thực tế đứng yên. Ép dừng robot (GRU đang lệch 10.6cm).
[INFO] [1786592181.718892727] [coord_transform]: [ERGONOMICS] Transform: cam[ 0.241 -0.067  0.095] → base[-0.162  0.309  0.388]
[INFO] [1786592182.831621725] [coord_transform]: [SNAP OFF] Tay di chuyển lại. Trả quyền cho GRU.
[INFO] [1786592183.739311980] [coord_transform]: [ERGONOMICS] Transform: cam[0.169 0.117 0.186] → base[-0.089  0.493  0.48 ]
[INFO] [1786592185.745837484] [coord_transform]: [ERGONOMICS] Transform: cam[0.045 0.449 0.198] → base[0.034 0.825 0.491]
[INFO] [1786592187.762732075] [coord_transform]: [ERGONOMICS] Transform: cam[-0.042  0.712  0.142] → base[0.121 1.088 0.435]
[INFO] [1786592189.627448729] [coord_transform]: Trạng thái tracking: STOPPED
[WARN] [1786592193.417668198] [coord_transform]: Outlier rejected #1 (jumped 413.5mm). Ignoring.
[WARN] [1786592193.452291622] [coord_transform]: Outlier rejected #2 (jumped 413.5mm). Ignoring.
[WARN] [1786592193.487652323] [coord_transform]: Outlier rejected #3 (jumped 413.5mm). Ignoring.
[WARN] [1786592193.519971284] [coord_transform]: Outlier rejected #4 (jumped 413.5mm). Ignoring.
[INFO] [1786592193.560958751] [coord_transform]: Too many outliers (5). Resetting filter to new position.
[WARN] [1786592196.343091511] [coord_transform]: Outlier rejected #1 (jumped 415.9mm). Ignoring.
[WARN] [1786592196.377623363] [coord_transform]: Outlier rejected #2 (jumped 415.9mm). Ignoring.
[WARN] [1786592196.411933016] [coord_transform]: Outlier rejected #3 (jumped 415.9mm). Ignoring.
[WARN] [1786592196.444214505] [coord_transform]: Outlier rejected #4 (jumped 415.9mm). Ignoring.
[INFO] [1786592196.479191495] [coord_transform]: Too many outliers (5). Resetting filter to new position.
[INFO] [1786592226.346791190] [coord_transform]: Deadband: HOLD at (0.241, -0.067, 0.095)
[INFO] [1786592226.970531823] [coord_transform]: Deadband: RELEASE — motion detected
[INFO] [1786592229.843532075] [coord_transform]: Deadband: HOLD at (0.241, -0.067, 0.095)
[INFO] [1786592234.307584463] [coord_transform]: Trạng thái tracking: STOPPED
[INFO] [1786592244.986738553] [coord_transform]: Re-sync camera init: [ 0.235 -0.075  0.106]
[INFO] [1786592244.986993373] [coord_transform]: Trạng thái tracking: RUNNING
[INFO] [1786592245.029304198] [coord_transform]: Deadband: RELEASE — motion detected
[INFO] [1786592245.029593981] [coord_transform]: [SNAP ON] Tay thực tế đứng yên. Ép dừng robot (GRU đang lệch 8.7cm).
[INFO] [1786592245.030321118] [coord_transform]: [ERGONOMICS] Transform: cam[ 0.235 -0.075  0.106] → base[-0.162  0.309  0.388]
[INFO] [1786592245.695627686] [coord_transform]: [SNAP OFF] Tay di chuyển lại. Trả quyền cho GRU.
[INFO] [1786592247.058285804] [coord_transform]: [ERGONOMICS] Transform: cam[0.131 0.17  0.185] → base[-0.058  0.554  0.467]
[INFO] [1786592249.071136523] [coord_transform]: [ERGONOMICS] Transform: cam[0.036 0.521 0.181] → base[0.036 0.905 0.463]
[INFO] [1786592251.081749372] [coord_transform]: [ERGONOMICS] Transform: cam[-0.018  0.752  0.087] → base[0.09  1.136 0.369]
[INFO] [1786592252.137453248] [coord_transform]: Trạng thái tracking: STOPPED
[WARN] [1786592274.301369827] [coord_transform]: Outlier rejected #1 (jumped 231.0mm). Ignoring.
[WARN] [1786592274.338455759] [coord_transform]: Outlier rejected #2 (jumped 240.1mm). Ignoring.
[WARN] [1786592274.378405442] [coord_transform]: Outlier rejected #3 (jumped 257.0mm). Ignoring.
[WARN] [1786592279.178007109] [coord_transform]: Outlier rejected #1 (jumped 218.9mm). Ignoring.
[WARN] [1786592279.211337051] [coord_transform]: Outlier rejected #2 (jumped 381.9mm). Ignoring.
[WARN] [1786592279.241726268] [coord_transform]: Outlier rejected #3 (jumped 603.1mm). Ignoring.
[WARN] [1786592279.275394117] [coord_transform]: Outlier rejected #4 (jumped 665.7mm). Ignoring.
[INFO] [1786592279.309534568] [coord_transform]: Too many outliers (5). Resetting filter to new position.
[WARN] [1786592280.238395788] [coord_transform]: Outlier rejected #1 (jumped 189.7mm). Ignoring.
[WARN] [1786592283.579719188] [coord_transform]: Outlier rejected #1 (jumped 205.0mm). Ignoring.
[WARN] [1786592283.611883875] [coord_transform]: Outlier rejected #2 (jumped 206.9mm). Ignoring.
[WARN] [1786592283.646059842] [coord_transform]: Outlier rejected #3 (jumped 206.4mm). Ignoring.
[WARN] [1786592283.680648299] [coord_transform]: Outlier rejected #4 (jumped 205.2mm). Ignoring.
[INFO] [1786592283.718117404] [coord_transform]: Too many outliers (5). Resetting filter to new position.
[WARN] [1786592288.211050973] [coord_transform]: Outlier rejected #1 (jumped 163.8mm). Ignoring.
[WARN] [1786592288.260103163] [coord_transform]: Outlier rejected #2 (jumped 160.0mm). Ignoring.
[WARN] [1786592288.289362829] [coord_transform]: Outlier rejected #3 (jumped 160.8mm). Ignoring.
[WARN] [1786592288.326688708] [coord_transform]: Outlier rejected #4 (jumped 174.1mm). Ignoring.
[INFO] [1786592288.355768402] [coord_transform]: Too many outliers (5). Resetting filter to new position.
[WARN] [1786592290.920367886] [coord_transform]: Outlier rejected #1 (jumped 319.1mm). Ignoring.
[WARN] [1786592290.945981258] [coord_transform]: Outlier rejected #2 (jumped 322.4mm). Ignoring.
[WARN] [1786592290.982768911] [coord_transform]: Outlier rejected #3 (jumped 325.1mm). Ignoring.
[WARN] [1786592291.017831812] [coord_transform]: Outlier rejected #4 (jumped 317.5mm). Ignoring.
[INFO] [1786592291.046422350] [coord_transform]: Too many outliers (5). Resetting filter to new position.
[WARN] [1786592291.682550455] [coord_transform]: Outlier rejected #1 (jumped 400.8mm). Ignoring.
[WARN] [1786592291.717349569] [coord_transform]: Outlier rejected #2 (jumped 400.8mm). Ignoring.
[WARN] [1786592291.766262486] [coord_transform]: Outlier rejected #3 (jumped 400.8mm). Ignoring.
[WARN] [1786592291.793444642] [coord_transform]: Outlier rejected #4 (jumped 400.8mm). Ignoring.
[INFO] [1786592291.821653747] [coord_transform]: Too many outliers (5). Resetting filter to new position.
[WARN] [1786592300.425127408] [coord_transform]: Outlier rejected #1 (jumped 505.0mm). Ignoring.
[WARN] [1786592300.464054627] [coord_transform]: Outlier rejected #2 (jumped 526.2mm). Ignoring.
[WARN] [1786592300.498148253] [coord_transform]: Outlier rejected #3 (jumped 540.9mm). Ignoring.
[WARN] [1786592300.532670381] [coord_transform]: Outlier rejected #4 (jumped 563.4mm). Ignoring.
[INFO] [1786592300.565013183] [coord_transform]: Too many outliers (5). Resetting filter to new position.
[WARN] [1786592303.142604983] [coord_transform]: Outlier rejected #1 (jumped 469.1mm). Ignoring.
[WARN] [1786592303.168859850] [coord_transform]: Outlier rejected #2 (jumped 514.5mm). Ignoring.
[WARN] [1786592303.195329223] [coord_transform]: Outlier rejected #3 (jumped 550.3mm). Ignoring.
[WARN] [1786592303.228892982] [coord_transform]: Outlier rejected #4 (jumped 569.8mm). Ignoring.
[INFO] [1786592303.257891867] [coord_transform]: Too many outliers (5). Resetting filter to new position.
[WARN] [1786592303.321738037] [coord_transform]: Outlier rejected #1 (jumped 264.6mm). Ignoring.
[WARN] [1786592303.359216452] [coord_transform]: Outlier rejected #2 (jumped 299.2mm). Ignoring.
[WARN] [1786592303.389729107] [coord_transform]: Outlier rejected #3 (jumped 354.4mm). Ignoring.
[WARN] [1786592345.197652571] [coord_transform]: Outlier rejected #4 (jumped 1577.6mm). Ignoring.
[INFO] [1786592345.239694810] [coord_transform]: Too many outliers (5). Resetting filter to new position.
[INFO] [1786592345.758547502] [coord_transform]: Deadband: HOLD at (0.235, -0.075, 0.106)
[INFO] [1786592345.855190773] [coord_transform]: Deadband: RELEASE — motion detected
[INFO] [1786592349.399741472] [coord_transform]: Deadband: RELEASE — motion detected
[INFO] [1786592349.690526343] [coord_transform]: Deadband: HOLD at (0.235, -0.075, 0.106)
[INFO] [1786592351.490746361] [coord_transform]: Deadband: RELEASE — motion detected
[INFO] [1786592354.768171491] [coord_transform]: Deadband: HOLD at (0.235, -0.075, 0.106)
[INFO] [1786592354.798309407] [coord_transform]: Deadband: RELEASE — motion detected
[INFO] [1786592358.400638431] [coord_transform]: Deadband: RELEASE — motion detected
[INFO] [1786592358.861701355] [coord_transform]: Deadband: HOLD at (0.235, -0.075, 0.106)
[WARN] [1786592360.421459165] [coord_transform]: Outlier rejected #1 (jumped 313.6mm). Ignoring.
[WARN] [1786592360.455847308] [coord_transform]: Outlier rejected #2 (jumped 515.1mm). Ignoring.
[WARN] [1786592360.491395595] [coord_transform]: Outlier rejected #3 (jumped 677.2mm). Ignoring.
[WARN] [1786592360.525419367] [coord_transform]: Outlier rejected #4 (jumped 671.9mm). Ignoring.
[INFO] [1786592360.558249229] [coord_transform]: Too many outliers (5). Resetting filter to new position.
[WARN] [1786592360.598250913] [coord_transform]: Outlier rejected #1 (jumped 284.0mm). Ignoring.
[WARN] [1786592360.629251472] [coord_transform]: Outlier rejected #2 (jumped 305.9mm). Ignoring.
[WARN] [1786592360.661324857] [coord_transform]: Outlier rejected #3 (jumped 395.9mm). Ignoring.
[WARN] [1786592360.707515703] [coord_transform]: Outlier rejected #4 (jumped 458.2mm). Ignoring.
[INFO] [1786592360.742463694] [coord_transform]: Too many outliers (5). Resetting filter to new position.
[WARN] [1786592360.777969741] [coord_transform]: Outlier rejected #1 (jumped 159.3mm). Ignoring.
[WARN] [1786592360.814058033] [coord_transform]: Outlier rejected #2 (jumped 177.1mm). Ignoring.
[WARN] [1786592360.952289205] [coord_transform]: Outlier rejected #1 (jumped 231.6mm). Ignoring.
[WARN] [1786592361.083318142] [coord_transform]: Outlier rejected #1 (jumped 154.1mm). Ignoring.
[WARN] [1786592361.499014612] [coord_transform]: Outlier rejected #1 (jumped 165.1mm). Ignoring.
[WARN] [1786592361.663758579] [coord_transform]: Outlier rejected #1 (jumped 305.9mm). Ignoring.
[WARN] [1786592361.705561344] [coord_transform]: Outlier rejected #2 (jumped 212.7mm). Ignoring.
[WARN] [1786592361.735510007] [coord_transform]: Outlier rejected #3 (jumped 379.0mm). Ignoring.
[WARN] [1786592361.768215741] [coord_transform]: Outlier rejected #4 (jumped 380.7mm). Ignoring.
[WARN] [1786592361.897699611] [coord_transform]: Outlier rejected #1 (jumped 431.4mm). Ignoring.
[WARN] [1786592361.938599953] [coord_transform]: Outlier rejected #2 (jumped 485.5mm). Ignoring.
[WARN] [1786592361.975933433] [coord_transform]: Outlier rejected #3 (jumped 503.4mm). Ignoring.
[WARN] [1786592362.004470570] [coord_transform]: Outlier rejected #4 (jumped 534.0mm). Ignoring.
[INFO] [1786592362.033390723] [coord_transform]: Too many outliers (5). Resetting filter to new position.
[INFO] [1786592362.502304025] [coord_transform]: Deadband: HOLD at (0.235, -0.075, 0.106)
[INFO] [1786592362.535346478] [coord_transform]: Deadband: RELEASE — motion detected
[INFO] [1786592364.505421736] [coord_transform]: Deadband: HOLD at (0.235, -0.075, 0.106)
[INFO] [1786592364.936015489] [coord_transform]: Deadband: RELEASE — motion detected
[INFO] [1786592367.005459297] [coord_transform]: Deadband: RELEASE — motion detected
[INFO] [1786592367.901228297] [coord_transform]: Deadband: HOLD at (0.235, -0.075, 0.106)
[INFO] [1786592369.034585163] [coord_transform]: Deadband: RELEASE — motion detected
[INFO] [1786592371.252575173] [coord_transform]: Deadband: RELEASE — motion detected
[INFO] [1786592371.280257315] [coord_transform]: Deadband: HOLD at (0.235, -0.075, 0.106)
[INFO] [1786592372.093249847] [coord_transform]: Re-sync camera init: [ 0.229 -0.049  0.076]
[INFO] [1786592372.093940024] [coord_transform]: Trạng thái tracking: RUNNING
[INFO] [1786592372.113053820] [coord_transform]: [SNAP ON] Tay thực tế đứng yên. Ép dừng robot (GRU đang lệch 83.4cm).
[INFO] [1786592372.114422432] [coord_transform]: [ERGONOMICS] Transform: cam[ 0.229 -0.049  0.076] → base[-0.162  0.309  0.388]
[INFO] [1786592373.001441500] [coord_transform]: [SNAP OFF] Tay di chuyển lại. Trả quyền cho GRU.
[INFO] [1786592374.133937717] [coord_transform]: [ERGONOMICS] Transform: cam[0.139 0.529 0.182] → base[-0.072  0.887  0.494]
[INFO] [1786592376.135286697] [coord_transform]: [ERGONOMICS] Transform: cam[0.138 0.487 0.181] → base[-0.071  0.845  0.493]
[INFO] [1786592378.145445643] [coord_transform]: [ERGONOMICS] Transform: cam[0.084 0.693 0.166] → base[-0.017  1.051  0.478]
[INFO] [1786592380.154466202] [coord_transform]: [ERGONOMICS] Transform: cam[0.055 0.785 0.065] → base[0.011 1.144 0.377]
[INFO] [1786592381.464884074] [coord_transform]: Trạng thái tracking: STOPPED
[INFO] [1786592404.960846177] [coord_transform]: Deadband: HOLD at (0.229, -0.049, 0.076)
[INFO] [1786592405.260965702] [coord_transform]: Deadband: RELEASE — motion detected
[WARN] [1786592405.361101659] [coord_transform]: Outlier rejected #1 (jumped 256.3mm). Ignoring.
[INFO] [1786592407.812923785] [coord_transform]: Trạng thái tracking: STOPPED
[INFO] [1786592418.139029943] [coord_transform]: Deadband: RELEASE — motion detected
[WARN] [1786592422.975010356] [coord_transform]: Outlier rejected #1 (jumped 297.3mm). Ignoring.
[WARN] [1786592423.009280276] [coord_transform]: Outlier rejected #2 (jumped 297.3mm). Ignoring.
[WARN] [1786592423.041133566] [coord_transform]: Outlier rejected #3 (jumped 297.3mm). Ignoring.
[WARN] [1786592423.086322274] [coord_transform]: Outlier rejected #4 (jumped 297.3mm). Ignoring.
[INFO] [1786592423.114729369] [coord_transform]: Too many outliers (5). Resetting filter to new position.
[WARN] [1786592425.517302944] [coord_transform]: Outlier rejected #1 (jumped 993.9mm). Ignoring.
[WARN] [1786592425.545153586] [coord_transform]: Outlier rejected #2 (jumped 977.1mm). Ignoring.
[WARN] [1786592425.580742476] [coord_transform]: Outlier rejected #3 (jumped 977.5mm). Ignoring.
[WARN] [1786592425.617771105] [coord_transform]: Outlier rejected #4 (jumped 968.7mm). Ignoring.
[INFO] [1786592425.646328989] [coord_transform]: Too many outliers (5). Resetting filter to new position.
[INFO] [1786592426.146224559] [coord_transform]: Deadband: HOLD at (0.229, -0.049, 0.076)
[INFO] [1786592427.345887406] [coord_transform]: Deadband: RELEASE — motion detected
[INFO] [1786592429.082415589] [coord_transform]: Deadband: HOLD at (0.229, -0.049, 0.076)
[INFO] [1786592430.250351181] [coord_transform]: Deadband: RELEASE — motion detected
[INFO] [1786592431.718499630] [coord_transform]: Deadband: HOLD at (0.229, -0.049, 0.076)
[INFO] [1786592432.292109513] [coord_transform]: Deadband: RELEASE — motion detected
[INFO] [1786592434.020296869] [coord_transform]: Deadband: HOLD at (0.229, -0.049, 0.076)
[INFO] [1786592434.987450971] [coord_transform]: Deadband: RELEASE — motion detected
[WARN] [1786592435.462634455] [coord_transform]: Outlier rejected #1 (jumped 186.1mm). Ignoring.
[WARN] [1786592435.530075412] [coord_transform]: Outlier rejected #2 (jumped 198.4mm). Ignoring.
[WARN] [1786592435.565157307] [coord_transform]: Outlier rejected #3 (jumped 267.4mm). Ignoring.
[WARN] [1786592435.710902072] [coord_transform]: Outlier rejected #1 (jumped 355.3mm). Ignoring.
[WARN] [1786592435.840850165] [coord_transform]: Outlier rejected #1 (jumped 380.2mm). Ignoring.
[WARN] [1786592435.876377792] [coord_transform]: Outlier rejected #2 (jumped 417.5mm). Ignoring.
[WARN] [1786592436.077712584] [coord_transform]: Outlier rejected #1 (jumped 203.7mm). Ignoring.
[WARN] [1786592436.206564490] [coord_transform]: Outlier rejected #1 (jumped 552.4mm). Ignoring.
[WARN] [1786592436.240980252] [coord_transform]: Outlier rejected #2 (jumped 281.8mm). Ignoring.
[WARN] [1786592436.366031140] [coord_transform]: Outlier rejected #1 (jumped 196.8mm). Ignoring.
[WARN] [1786592436.404256894] [coord_transform]: Outlier rejected #2 (jumped 266.2mm). Ignoring.
[WARN] [1786592436.439714768] [coord_transform]: Outlier rejected #3 (jumped 186.7mm). Ignoring.
[WARN] [1786592436.468986491] [coord_transform]: Outlier rejected #4 (jumped 241.7mm). Ignoring.
[INFO] [1786592436.498132120] [coord_transform]: Too many outliers (5). Resetting filter to new position.
[WARN] [1786592436.529935956] [coord_transform]: Outlier rejected #1 (jumped 267.6mm). Ignoring.
[WARN] [1786592436.558779293] [coord_transform]: Outlier rejected #2 (jumped 389.4mm). Ignoring.
[WARN] [1786592436.590889242] [coord_transform]: Outlier rejected #3 (jumped 208.3mm). Ignoring.
[WARN] [1786592436.624379287] [coord_transform]: Outlier rejected #4 (jumped 301.8mm). Ignoring.
[WARN] [1786592436.754775075] [coord_transform]: Outlier rejected #1 (jumped 325.0mm). Ignoring.
[WARN] [1786592436.797456480] [coord_transform]: Outlier rejected #2 (jumped 359.2mm). Ignoring.
[WARN] [1786592436.830427612] [coord_transform]: Outlier rejected #3 (jumped 174.1mm). Ignoring.
[WARN] [1786592436.899821853] [coord_transform]: Outlier rejected #1 (jumped 183.1mm). Ignoring.
[WARN] [1786592436.933002209] [coord_transform]: Outlier rejected #2 (jumped 253.6mm). Ignoring.
[WARN] [1786592437.062435954] [coord_transform]: Outlier rejected #1 (jumped 222.4mm). Ignoring.
[WARN] [1786592437.090925962] [coord_transform]: Outlier rejected #2 (jumped 319.0mm). Ignoring.
[WARN] [1786592437.127308155] [coord_transform]: Outlier rejected #3 (jumped 347.2mm). Ignoring.
[WARN] [1786592437.187539329] [coord_transform]: Outlier rejected #1 (jumped 200.2mm). Ignoring.
[WARN] [1786592437.219618285] [coord_transform]: Outlier rejected #2 (jumped 185.3mm). Ignoring.
[WARN] [1786592437.291155682] [coord_transform]: Outlier rejected #3 (jumped 215.0mm). Ignoring.
[WARN] [1786592437.352334818] [coord_transform]: Outlier rejected #1 (jumped 444.9mm). Ignoring.
[WARN] [1786592437.385197105] [coord_transform]: Outlier rejected #2 (jumped 201.3mm). Ignoring.
[WARN] [1786592437.428689488] [coord_transform]: Outlier rejected #3 (jumped 313.5mm). Ignoring.
[WARN] [1786592437.552743542] [coord_transform]: Outlier rejected #1 (jumped 169.1mm). Ignoring.
[WARN] [1786592437.584742219] [coord_transform]: Outlier rejected #2 (jumped 348.7mm). Ignoring.
[WARN] [1786592437.699880211] [coord_transform]: Outlier rejected #1 (jumped 359.2mm). Ignoring.
[WARN] [1786592437.787131247] [coord_transform]: Outlier rejected #1 (jumped 319.0mm). Ignoring.
[WARN] [1786592437.821125036] [coord_transform]: Outlier rejected #2 (jumped 193.2mm). Ignoring.
[WARN] [1786592437.889283737] [coord_transform]: Outlier rejected #1 (jumped 274.7mm). Ignoring.
[WARN] [1786592437.932639106] [coord_transform]: Outlier rejected #2 (jumped 260.6mm). Ignoring.
[WARN] [1786592437.961413927] [coord_transform]: Outlier rejected #3 (jumped 274.7mm). Ignoring.
[WARN] [1786592437.990340748] [coord_transform]: Outlier rejected #4 (jumped 304.5mm). Ignoring.
[INFO] [1786592438.019374898] [coord_transform]: Too many outliers (5). Resetting filter to new position.
[WARN] [1786592438.185143781] [coord_transform]: Outlier rejected #1 (jumped 253.1mm). Ignoring.
[WARN] [1786592438.391777943] [coord_transform]: Outlier rejected #1 (jumped 621.0mm). Ignoring.
[WARN] [1786592438.452608726] [coord_transform]: Outlier rejected #1 (jumped 304.0mm). Ignoring.
[WARN] [1786592438.751634957] [coord_transform]: Outlier rejected #1 (jumped 342.7mm). Ignoring.
[WARN] [1786592438.894864617] [coord_transform]: Outlier rejected #1 (jumped 389.5mm). Ignoring.
[WARN] [1786592439.088807587] [coord_transform]: Outlier rejected #1 (jumped 176.1mm). Ignoring.
[WARN] [1786592439.155432239] [coord_transform]: Outlier rejected #1 (jumped 154.0mm). Ignoring.
[WARN] [1786592439.254671918] [coord_transform]: Outlier rejected #1 (jumped 460.0mm). Ignoring.
[WARN] [1786592439.320313877] [coord_transform]: Outlier rejected #1 (jumped 372.4mm). Ignoring.
[WARN] [1786592439.356540628] [coord_transform]: Outlier rejected #2 (jumped 438.8mm). Ignoring.
[WARN] [1786592439.487074168] [coord_transform]: Outlier rejected #1 (jumped 316.0mm). Ignoring.
[WARN] [1786592439.554005072] [coord_transform]: Outlier rejected #1 (jumped 267.7mm). Ignoring.
[WARN] [1786592439.587707842] [coord_transform]: Outlier rejected #2 (jumped 452.9mm). Ignoring.
[WARN] [1786592439.685857090] [coord_transform]: Outlier rejected #1 (jumped 425.8mm). Ignoring.
[WARN] [1786592439.718990308] [coord_transform]: Outlier rejected #2 (jumped 388.5mm). Ignoring.
[WARN] [1786592439.793671385] [coord_transform]: Outlier rejected #1 (jumped 450.9mm). Ignoring.
[WARN] [1786592439.828226402] [coord_transform]: Outlier rejected #2 (jumped 362.3mm). Ignoring.
[WARN] [1786592439.888730410] [coord_transform]: Outlier rejected #1 (jumped 167.1mm). Ignoring.
[WARN] [1786592439.953036628] [coord_transform]: Outlier rejected #1 (jumped 209.4mm). Ignoring.
[WARN] [1786592440.020674303] [coord_transform]: Outlier rejected #1 (jumped 158.0mm). Ignoring.
[WARN] [1786592440.087479805] [coord_transform]: Outlier rejected #1 (jumped 356.3mm). Ignoring.
[WARN] [1786592440.152433644] [coord_transform]: Outlier rejected #1 (jumped 173.1mm). Ignoring.
[WARN] [1786592440.188066168] [coord_transform]: Outlier rejected #2 (jumped 234.5mm). Ignoring.
[WARN] [1786592440.221627780] [coord_transform]: Outlier rejected #3 (jumped 360.3mm). Ignoring.
[WARN] [1786592440.253991952] [coord_transform]: Outlier rejected #4 (jumped 281.8mm). Ignoring.
[WARN] [1786592440.322162135] [coord_transform]: Outlier rejected #1 (jumped 221.9mm). Ignoring.
[WARN] [1786592440.356365656] [coord_transform]: Outlier rejected #2 (jumped 615.5mm). Ignoring.
[WARN] [1786592440.389321811] [coord_transform]: Outlier rejected #3 (jumped 246.1mm). Ignoring.
[WARN] [1786592440.418865136] [coord_transform]: Outlier rejected #4 (jumped 550.1mm). Ignoring.
[WARN] [1786592440.487739699] [coord_transform]: Outlier rejected #1 (jumped 478.6mm). Ignoring.
[WARN] [1786592440.523320678] [coord_transform]: Outlier rejected #2 (jumped 233.5mm). Ignoring.
[WARN] [1786592440.558321819] [coord_transform]: Outlier rejected #3 (jumped 433.8mm). Ignoring.
[WARN] [1786592440.672773832] [coord_transform]: Outlier rejected #1 (jumped 335.2mm). Ignoring.
[WARN] [1786592440.712724790] [coord_transform]: Outlier rejected #2 (jumped 325.1mm). Ignoring.
[WARN] [1786592440.764321830] [coord_transform]: Outlier rejected #3 (jumped 479.1mm). Ignoring.
[WARN] [1786592440.804198704] [coord_transform]: Outlier rejected #4 (jumped 345.2mm). Ignoring.
[INFO] [1786592440.835789719] [coord_transform]: Too many outliers (5). Resetting filter to new position.
[WARN] [1786592440.867710407] [coord_transform]: Outlier rejected #1 (jumped 254.7mm). Ignoring.
[WARN] [1786592441.055194451] [coord_transform]: Outlier rejected #1 (jumped 376.4mm). Ignoring.
[WARN] [1786592441.098113702] [coord_transform]: Outlier rejected #2 (jumped 376.4mm). Ignoring.
[WARN] [1786592441.134009680] [coord_transform]: Outlier rejected #3 (jumped 265.7mm). Ignoring.
[WARN] [1786592441.173409571] [coord_transform]: Outlier rejected #4 (jumped 186.2mm). Ignoring.
[INFO] [1786592441.208878230] [coord_transform]: Too many outliers (5). Resetting filter to new position.
[WARN] [1786592441.273945799] [coord_transform]: Outlier rejected #1 (jumped 167.6mm). Ignoring.
[WARN] [1786592441.374512732] [coord_transform]: Outlier rejected #1 (jumped 444.4mm). Ignoring.
[WARN] [1786592441.477453733] [coord_transform]: Outlier rejected #1 (jumped 151.0mm). Ignoring.
[WARN] [1786592441.993686640] [coord_transform]: Outlier rejected #1 (jumped 171.1mm). Ignoring.
[WARN] [1786592442.126112574] [coord_transform]: Outlier rejected #1 (jumped 177.6mm). Ignoring.
[WARN] [1786592442.159236020] [coord_transform]: Outlier rejected #2 (jumped 177.3mm). Ignoring.
[WARN] [1786592442.191892896] [coord_transform]: Outlier rejected #3 (jumped 164.4mm). Ignoring.
[WARN] [1786592442.223827580] [coord_transform]: Outlier rejected #4 (jumped 202.5mm). Ignoring.
[INFO] [1786592442.255747494] [coord_transform]: Too many outliers (5). Resetting filter to new position.
[WARN] [1786592442.324058399] [coord_transform]: Outlier rejected #1 (jumped 417.3mm). Ignoring.
[WARN] [1786592442.358951851] [coord_transform]: Outlier rejected #2 (jumped 263.5mm). Ignoring.
[WARN] [1786592442.390568020] [coord_transform]: Outlier rejected #3 (jumped 263.5mm). Ignoring.
[WARN] [1786592442.489921637] [coord_transform]: Outlier rejected #1 (jumped 191.4mm). Ignoring.
[WARN] [1786592442.529612890] [coord_transform]: Outlier rejected #2 (jumped 339.6mm). Ignoring.
[WARN] [1786592442.569362805] [coord_transform]: Outlier rejected #3 (jumped 311.3mm). Ignoring.
[WARN] [1786592442.600815541] [coord_transform]: Outlier rejected #4 (jumped 339.6mm). Ignoring.
[INFO] [1786592442.635343700] [coord_transform]: Too many outliers (5). Resetting filter to new position.
[INFO] [1786592443.290347301] [coord_transform]: Deadband: HOLD at (0.229, -0.049, 0.076)
[INFO] [1786592447.125106928] [coord_transform]: Deadband: RELEASE — motion detected
[WARN] [1786592450.759952163] [coord_transform]: Outlier rejected #1 (jumped 493.9mm). Ignoring.
[WARN] [1786592450.793661358] [coord_transform]: Outlier rejected #2 (jumped 493.9mm). Ignoring.
[WARN] [1786592450.834222843] [coord_transform]: Outlier rejected #3 (jumped 502.2mm). Ignoring.
[WARN] [1786592450.865152379] [coord_transform]: Outlier rejected #4 (jumped 512.8mm). Ignoring.
[INFO] [1786592450.894031757] [coord_transform]: Too many outliers (5). Resetting filter to new position.
[WARN] [1786592451.464328266] [coord_transform]: Outlier rejected #1 (jumped 770.2mm). Ignoring.
[WARN] [1786592451.495129457] [coord_transform]: Outlier rejected #2 (jumped 770.2mm). Ignoring.
[WARN] [1786592451.538002412] [coord_transform]: Outlier rejected #3 (jumped 770.2mm). Ignoring.
[WARN] [1786592451.573564585] [coord_transform]: Outlier rejected #4 (jumped 770.2mm). Ignoring.
[INFO] [1786592451.614834317] [coord_transform]: Too many outliers (5). Resetting filter to new position.
[WARN] [1786592467.294296586] [coord_transform]: Outlier rejected #1 (jumped 349.4mm). Ignoring.
[WARN] [1786592467.331257221] [coord_transform]: Outlier rejected #2 (jumped 344.5mm). Ignoring.
[WARN] [1786592467.385873801] [coord_transform]: Outlier rejected #3 (jumped 334.3mm). Ignoring.
[WARN] [1786592467.438506689] [coord_transform]: Outlier rejected #4 (jumped 335.2mm). Ignoring.
[INFO] [1786592467.488069503] [coord_transform]: Too many outliers (5). Resetting filter to new position.
[INFO] [1786592467.999187234] [coord_transform]: Deadband: HOLD at (0.229, -0.049, 0.076)
[INFO] [1786592468.740999900] [coord_transform]: Deadband: RELEASE — motion detected
[WARN] [1786592469.740824673] [coord_transform]: Outlier rejected #1 (jumped 152.5mm). Ignoring.
[WARN] [1786592469.776313068] [coord_transform]: Outlier rejected #2 (jumped 205.0mm). Ignoring.
[WARN] [1786592470.011144744] [coord_transform]: Outlier rejected #1 (jumped 315.2mm). Ignoring.
[WARN] [1786592470.082366244] [coord_transform]: Outlier rejected #1 (jumped 168.6mm). Ignoring.
[WARN] [1786592470.111591226] [coord_transform]: Outlier rejected #2 (jumped 234.2mm). Ignoring.
[WARN] [1786592470.207639775] [coord_transform]: Outlier rejected #1 (jumped 166.2mm). Ignoring.
[WARN] [1786592470.578696451] [coord_transform]: Outlier rejected #1 (jumped 168.2mm). Ignoring.
[WARN] [1786592470.775160183] [coord_transform]: Outlier rejected #1 (jumped 168.0mm). Ignoring.
[WARN] [1786592470.913155390] [coord_transform]: Outlier rejected #1 (jumped 219.1mm). Ignoring.
[WARN] [1786592470.948321274] [coord_transform]: Outlier rejected #2 (jumped 327.1mm). Ignoring.
[WARN] [1786592470.983722458] [coord_transform]: Outlier rejected #3 (jumped 283.4mm). Ignoring.
[WARN] [1786592471.018634573] [coord_transform]: Outlier rejected #4 (jumped 319.3mm). Ignoring.
[INFO] [1786592471.053443490] [coord_transform]: Too many outliers (5). Resetting filter to new position.
[INFO] [1786592471.449663214] [coord_transform]: Deadband: HOLD at (0.229, -0.049, 0.076)
[INFO] [1786592481.414422376] [coord_transform]: Deadband: RELEASE — motion detected
[INFO] [1786592486.985724810] [coord_transform]: Deadband: HOLD at (0.229, -0.049, 0.076)
[INFO] [1786592495.093273383] [coord_transform]: Deadband: RELEASE — motion detected
[INFO] [1786592496.567949358] [coord_transform]: Deadband: HOLD at (0.229, -0.049, 0.076)
[INFO] [1786592498.777245025] [coord_transform]: Deadband: RELEASE — motion detected
[INFO] [1786592499.128070189] [coord_transform]: Deadband: HOLD at (0.229, -0.049, 0.076)
[INFO] [1786592507.236330045] [coord_transform]: Deadband: RELEASE — motion detected
[INFO] [1786592507.272536614] [coord_transform]: Deadband: HOLD at (0.229, -0.049, 0.076)
[WARN] [1786592511.711828722] [coord_transform]: Outlier rejected #1 (jumped 165.6mm). Ignoring.
[WARN] [1786592511.787194014] [coord_transform]: Outlier rejected #2 (jumped 241.5mm). Ignoring.
[WARN] [1786592511.863410032] [coord_transform]: Outlier rejected #3 (jumped 328.0mm). Ignoring.
[WARN] [1786592511.891064411] [coord_transform]: Outlier rejected #4 (jumped 351.8mm). Ignoring.
[INFO] [1786592512.018684385] [coord_transform]: Too many outliers (5). Resetting filter to new position.
[WARN] [1786592512.290642582] [coord_transform]: Outlier rejected #1 (jumped 199.6mm). Ignoring.
[WARN] [1786592513.254340006] [coord_transform]: Outlier rejected #2 (jumped 374.3mm). Ignoring.
[WARN] [1786592513.288806760] [coord_transform]: Outlier rejected #3 (jumped 338.3mm). Ignoring.
[WARN] [1786592513.319907053] [coord_transform]: Outlier rejected #4 (jumped 311.5mm). Ignoring.
[INFO] [1786592513.347733217] [coord_transform]: Too many outliers (5). Resetting filter to new position.
[WARN] [1786592514.478179231] [coord_transform]: Outlier rejected #1 (jumped 1306.9mm). Ignoring.
[WARN] [1786592514.508139763] [coord_transform]: Outlier rejected #2 (jumped 1315.9mm). Ignoring.
[WARN] [1786592514.545859487] [coord_transform]: Outlier rejected #3 (jumped 1315.9mm). Ignoring.
[WARN] [1786592514.579930293] [coord_transform]: Outlier rejected #4 (jumped 1342.3mm). Ignoring.
[INFO] [1786592514.613226351] [coord_transform]: Too many outliers (5). Resetting filter to new position.
[INFO] [1786592515.083644705] [coord_transform]: Deadband: HOLD at (0.229, -0.049, 0.076)
[INFO] [1786592515.113028650] [coord_transform]: Deadband: RELEASE — motion detected
[WARN] [1786592515.378318806] [coord_transform]: Outlier rejected #1 (jumped 336.4mm). Ignoring.
[WARN] [1786592515.410768163] [coord_transform]: Outlier rejected #2 (jumped 336.4mm). Ignoring.
[WARN] [1786592515.444441430] [coord_transform]: Outlier rejected #3 (jumped 336.4mm). Ignoring.
[WARN] [1786592515.477847742] [coord_transform]: Outlier rejected #4 (jumped 336.4mm). Ignoring.
[INFO] [1786592515.509566031] [coord_transform]: Too many outliers (5). Resetting filter to new position.
[INFO] [1786592520.614323176] [coord_transform]: Deadband: HOLD at (0.229, -0.049, 0.076)
[INFO] [1786592523.547755589] [coord_transform]: Deadband: RELEASE — motion detected
[INFO] [1786592525.894900950] [coord_transform]: Deadband: HOLD at (0.229, -0.049, 0.076)
[INFO] [1786592526.094404186] [coord_transform]: Deadband: RELEASE — motion detected
[INFO] [1786592529.721075845] [coord_transform]: Deadband: HOLD at (0.229, -0.049, 0.076)
[INFO] [1786592529.722757364] [coord_transform]: [SNAP ON] Tay thực tế đứng yên. Ép dừng robot (GRU đang lệch 6.0cm).
[INFO] [1786592532.717732649] [coord_transform]: Deadband: RELEASE — motion detected
[INFO] [1786592535.765676118] [coord_transform]: Deadband: HOLD at (0.229, -0.049, 0.076)
[INFO] [1786592536.404480973] [coord_transform]: Deadband: RELEASE — motion detected
[WARN] [1786592538.735893999] [coord_transform]: Outlier rejected #1 (jumped 531.6mm). Ignoring.
[WARN] [1786592538.760915269] [coord_transform]: Outlier rejected #2 (jumped 570.0mm). Ignoring.
[WARN] [1786592538.791100822] [coord_transform]: Outlier rejected #3 (jumped 620.2mm). Ignoring.
[WARN] [1786592538.828481851] [coord_transform]: Outlier rejected #4 (jumped 664.0mm). Ignoring.
[INFO] [1786592538.854989430] [coord_transform]: Too many outliers (5). Resetting filter to new position.
[WARN] [1786592539.996809029] [coord_transform]: Outlier rejected #1 (jumped 1016.8mm). Ignoring.
[WARN] [1786592540.027282681] [coord_transform]: Outlier rejected #2 (jumped 1033.0mm). Ignoring.
[WARN] [1786592540.057749109] [coord_transform]: Outlier rejected #3 (jumped 1015.9mm). Ignoring.
[WARN] [1786592540.097057418] [coord_transform]: Outlier rejected #4 (jumped 1006.2mm). Ignoring.
[INFO] [1786592540.126933805] [coord_transform]: Too many outliers (5). Resetting filter to new position.
[INFO] [1786592540.592462934] [coord_transform]: Deadband: HOLD at (0.229, -0.049, 0.076)
[INFO] [1786592540.634955373] [coord_transform]: Deadband: RELEASE — motion detected
[INFO] [1786592542.527699213] [coord_transform]: [SNAP OFF] Tay di chuyển lại. Trả quyền cho GRU.
[INFO] [1786592550.498213915] [coord_transform]: Deadband: HOLD at (0.229, -0.049, 0.076)
[INFO] [1786592550.499310724] [coord_transform]: [SNAP ON] Tay thực tế đứng yên. Ép dừng robot (GRU đang lệch 6.4cm).
[INFO] [1786592550.539352931] [coord_transform]: Deadband: RELEASE — motion detected
[INFO] [1786592550.540587513] [coord_transform]: [SNAP OFF] Tay di chuyển lại. Trả quyền cho GRU.
[INFO] [1786592550.601763829] [coord_transform]: [SNAP OFF] Tay di chuyển lại. Trả quyền cho GRU.
[INFO] [1786592550.668848413] [coord_transform]: [SNAP OFF] Tay di chuyển lại. Trả quyền cho GRU.
[INFO] [1786592551.382604023] [coord_transform]: Re-sync camera init: [ 0.203 -0.111  0.102]
[INFO] [1786592551.382913041] [coord_transform]: Trạng thái tracking: RUNNING
[INFO] [1786592551.422006602] [coord_transform]: [ERGONOMICS] Transform: cam[ 0.203 -0.111  0.102] → base[-0.162  0.309  0.388]
[INFO] [1786592551.694324582] [coord_transform]: [SNAP OFF] Tay di chuyển lại. Trả quyền cho GRU.
[INFO] [1786592553.455497922] [coord_transform]: [ERGONOMICS] Transform: cam[0.1   0.308 0.23 ] → base[-0.059  0.728  0.516]
[INFO] [1786592555.491453003] [coord_transform]: [ERGONOMICS] Transform: cam[0.026 0.59  0.184] → base[0.015 1.01  0.47 ]
[INFO] [1786592557.509065310] [coord_transform]: [ERGONOMICS] Transform: cam[0.023 0.583 0.084] → base[0.018 1.002 0.37 ]
[INFO] [1786592559.274950193] [coord_transform]: Trạng thái tracking: STOPPED
[INFO] [1786592573.109136643] [coord_transform]: Trạng thái tracking: STOPPED
[INFO] [1786592585.994295717] [coord_transform]: Deadband: HOLD at (0.203, -0.111, 0.102)
[INFO] [1786592586.660386183] [coord_transform]: Deadband: RELEASE — motion detected
[WARN] [1786592590.798719635] [coord_transform]: Outlier rejected #1 (jumped 319.0mm). Ignoring.
[WARN] [1786592590.939329464] [coord_transform]: Outlier rejected #1 (jumped 180.7mm). Ignoring.
[INFO] [1786592593.484111198] [coord_transform]: Deadband: HOLD at (0.203, -0.111, 0.102)
[INFO] [1786592593.793299873] [coord_transform]: Deadband: RELEASE — motion detected
[INFO] [1786592594.322687828] [coord_transform]: Trạng thái tracking: STOPPED
[INFO] [1786592603.428223025] [coord_transform]: Re-sync camera init: [ 0.22  -0.033  0.084]
[INFO] [1786592603.429058623] [coord_transform]: Trạng thái tracking: RUNNING
[INFO] [1786592603.446846860] [coord_transform]: Deadband: RELEASE — motion detected
[INFO] [1786592603.447428526] [coord_transform]: [SNAP ON] Tay thực tế đứng yên. Ép dừng robot (GRU đang lệch 11.4cm).
[INFO] [1786592603.448749807] [coord_transform]: [ERGONOMICS] Transform: cam[ 0.22  -0.033  0.084] → base[-0.162  0.309  0.388]
[INFO] [1786592603.645337701] [coord_transform]: [SNAP OFF] Tay di chuyển lại. Trả quyền cho GRU.
[INFO] [1786592605.470041888] [coord_transform]: [ERGONOMICS] Transform: cam[0.043 0.387 0.219] → base[0.015 0.729 0.523]
[INFO] [1786592607.485155333] [coord_transform]: [ERGONOMICS] Transform: cam[-0.028  0.608  0.165] → base[0.085 0.95  0.47 ]
[INFO] [1786592609.489409908] [coord_transform]: [ERGONOMICS] Transform: cam[-0.022  0.694  0.077] → base[0.08  1.035 0.381]
[INFO] [1786592611.052860556] [coord_transform]: Trạng thái tracking: STOPPED
[INFO] [1786592615.932903779] [coord_transform]: Trạng thái tracking: STOPPED
[INFO] [1786592630.538332380] [coord_transform]: Deadband: HOLD at (0.220, -0.033, 0.084)
[INFO] [1786592630.894779267] [coord_transform]: Deadband: RELEASE — motion detected
[WARN] [1786592632.491231887] [coord_transform]: Outlier rejected #1 (jumped 192.8mm). Ignoring.
[WARN] [1786592632.526670094] [coord_transform]: Outlier rejected #2 (jumped 380.5mm). Ignoring.
[WARN] [1786592632.560438375] [coord_transform]: Outlier rejected #3 (jumped 567.0mm). Ignoring.
[WARN] [1786592632.600595031] [coord_transform]: Outlier rejected #4 (jumped 590.9mm). Ignoring.
[INFO] [1786592635.132971381] [coord_transform]: Deadband: RELEASE — motion detected
[INFO] [1786592635.328031767] [coord_transform]: Deadband: HOLD at (0.220, -0.033, 0.084)
[INFO] [1786592637.362859497] [coord_transform]: Trạng thái tracking: STOPPED
[INFO] [1786592638.901017923] [coord_transform]: Deadband: RELEASE — motion detected
[INFO] [1786592639.175461529] [coord_transform]: Deadband: HOLD at (0.220, -0.033, 0.084)
[INFO] [1786592641.473173011] [coord_transform]: Deadband: RELEASE — motion detected
[INFO] [1786592641.507420074] [coord_transform]: Deadband: HOLD at (0.220, -0.033, 0.084)
[INFO] [1786592643.737213588] [coord_transform]: Deadband: HOLD at (0.220, -0.033, 0.084)
[INFO] [1786592644.200935690] [coord_transform]: Deadband: RELEASE — motion detected
[INFO] [1786592645.937892786] [coord_transform]: Deadband: HOLD at (0.220, -0.033, 0.084)
[INFO] [1786592646.851129773] [coord_transform]: Deadband: RELEASE — motion detected
[INFO] [1786592647.972813841] [coord_transform]: Deadband: HOLD at (0.220, -0.033, 0.084)
[INFO] [1786592650.005779802] [coord_transform]: Deadband: RELEASE — motion detected
[INFO] [1786592650.040510936] [coord_transform]: Deadband: HOLD at (0.220, -0.033, 0.084)
[INFO] [1786592652.042294875] [coord_transform]: Deadband: RELEASE — motion detected
[INFO] [1786592652.076566133] [coord_transform]: Deadband: HOLD at (0.220, -0.033, 0.084)
[INFO] [1786592654.946060399] [coord_transform]: Deadband: HOLD at (0.220, -0.033, 0.084)
[INFO] [1786592654.980602883] [coord_transform]: Deadband: RELEASE — motion detected
[INFO] [1786592657.020658531] [coord_transform]: Deadband: RELEASE — motion detected
[INFO] [1786592657.345436687] [coord_transform]: Deadband: HOLD at (0.220, -0.033, 0.084)
[INFO] [1786592660.083945467] [coord_transform]: Deadband: HOLD at (0.220, -0.033, 0.084)
[INFO] [1786592660.595123986] [coord_transform]: Deadband: RELEASE — motion detected
[INFO] [1786592662.885054581] [coord_transform]: Deadband: HOLD at (0.220, -0.033, 0.084)
[INFO] [1786592663.551572523] [coord_transform]: Deadband: RELEASE — motion detected
[INFO] [1786592665.729153895] [coord_transform]: Re-sync camera init: [0.194 0.108 0.115]
[INFO] [1786592665.729402030] [coord_transform]: Trạng thái tracking: RUNNING
[INFO] [1786592665.766457432] [coord_transform]: Deadband: RELEASE — motion detected
[INFO] [1786592665.766771427] [coord_transform]: [SNAP ON] Tay thực tế đứng yên. Ép dừng robot (GRU đang lệch 9.0cm).
[INFO] [1786592665.767586956] [coord_transform]: [ERGONOMICS] Transform: cam[0.194 0.108 0.115] → base[-0.162  0.309  0.388]
[INFO] [1786592666.509160603] [coord_transform]: [SNAP OFF] Tay di chuyển lại. Trả quyền cho GRU.
[INFO] [1786592667.774998454] [coord_transform]: [ERGONOMICS] Transform: cam[0.064 0.291 0.204] → base[-0.032  0.492  0.477]
[INFO] [1786592669.787714150] [coord_transform]: [ERGONOMICS] Transform: cam[-0.025  0.459  0.223] → base[0.057 0.66  0.496]
[INFO] [1786592671.806815734] [coord_transform]: [ERGONOMICS] Transform: cam[-0.035  0.6    0.157] → base[0.067 0.801 0.43 ]
[INFO] [1786592673.807158518] [coord_transform]: [ERGONOMICS] Transform: cam[-0.062  0.723  0.072] → base[0.094 0.923 0.345]
[INFO] [1786592674.973074837] [coord_transform]: Trạng thái tracking: STOPPED
[INFO] [1786592680.874916588] [coord_transform]: Trạng thái tracking: STOPPED
[INFO] [1786592692.483566327] [coord_transform]: Deadband: HOLD at (0.194, 0.108, 0.115)
[INFO] [1786592694.439477385] [coord_transform]: Deadband: RELEASE — motion detected
[INFO] [1786592698.336959801] [coord_transform]: Trạng thái tracking: STOPPED
[INFO] [1786592709.427844248] [coord_transform]: Re-sync camera init: [ 0.211 -0.067  0.076]
[INFO] [1786592709.428129451] [coord_transform]: Trạng thái tracking: RUNNING
[INFO] [1786592709.455686641] [coord_transform]: Deadband: RELEASE — motion detected
[INFO] [1786592709.456091205] [coord_transform]: [SNAP ON] Tay thực tế đứng yên. Ép dừng robot (GRU đang lệch 5.1cm).
[INFO] [1786592709.457282823] [coord_transform]: [ERGONOMICS] Transform: cam[ 0.211 -0.067  0.076] → base[-0.162  0.309  0.388]
[INFO] [1786592710.101339685] [coord_transform]: [SNAP OFF] Tay di chuyển lại. Trả quyền cho GRU.
[INFO] [1786592711.463644711] [coord_transform]: [ERGONOMICS] Transform: cam[0.104 0.303 0.215] → base[-0.055  0.679  0.528]
[INFO] [1786592713.487020017] [coord_transform]: [ERGONOMICS] Transform: cam[0.041 0.6   0.179] → base[0.008 0.976 0.492]
[INFO] [1786592715.517878218] [coord_transform]: [ERGONOMICS] Transform: cam[0.003 0.813 0.091] → base[0.047 1.189 0.404]
[INFO] [1786592715.863733805] [coord_transform]: Trạng thái tracking: STOPPED
[WARN] [1786592722.402213741] [coord_transform]: Outlier rejected #1 (jumped 166.4mm). Ignoring.
[WARN] [1786592722.443154766] [coord_transform]: Outlier rejected #2 (jumped 166.4mm). Ignoring.
[WARN] [1786592722.472718375] [coord_transform]: Outlier rejected #3 (jumped 166.4mm). Ignoring.
[WARN] [1786592722.506225926] [coord_transform]: Outlier rejected #4 (jumped 166.4mm). Ignoring.
[INFO] [1786592722.535602175] [coord_transform]: Too many outliers (5). Resetting filter to new position.
[INFO] [1786592722.842232513] [coord_transform]: Trạng thái tracking: STOPPED
[INFO] [1786592735.911550999] [coord_transform]: Deadband: HOLD at (0.211, -0.067, 0.076)
[INFO] [1786592735.942102728] [coord_transform]: Deadband: RELEASE — motion detected
[INFO] [1786592742.945870089] [coord_transform]: Deadband: HOLD at (0.211, -0.067, 0.076)
[INFO] [1786592743.147535020] [coord_transform]: Deadband: RELEASE — motion detected
[INFO] [1786592753.145753602] [coord_transform]: Re-sync camera init: [0.2   0.078 0.083]
[INFO] [1786592753.146024327] [coord_transform]: Trạng thái tracking: RUNNING
[INFO] [1786592753.158998389] [coord_transform]: Deadband: RELEASE — motion detected
[INFO] [1786592753.159315584] [coord_transform]: [SNAP ON] Tay thực tế đứng yên. Ép dừng robot (GRU đang lệch 54.6cm).
[INFO] [1786592753.160238580] [coord_transform]: [ERGONOMICS] Transform: cam[0.2   0.078 0.083] → base[-0.162  0.309  0.388]
[INFO] [1786592753.529692084] [coord_transform]: [SNAP OFF] Tay di chuyển lại. Trả quyền cho GRU.
[INFO] [1786592755.178684718] [coord_transform]: [ERGONOMICS] Transform: cam[0.084 0.375 0.19 ] → base[-0.046  0.606  0.496]
[INFO] [1786592757.197339776] [coord_transform]: [ERGONOMICS] Transform: cam[0.028 0.608 0.17 ] → base[0.01  0.839 0.475]
[INFO] [1786592759.231785238] [coord_transform]: [ERGONOMICS] Transform: cam[-0.004  0.731  0.109] → base[0.042 0.962 0.414]
[INFO] [1786592761.238088262] [coord_transform]: [ERGONOMICS] Transform: cam[-0.     0.749  0.037] → base[0.038 0.98  0.342]
[INFO] [1786592762.077577923] [coord_transform]: Trạng thái tracking: STOPPED
[INFO] [1786592768.138220247] [coord_transform]: Trạng thái tracking: STOPPED
[INFO] [1786592777.405925896] [coord_transform]: Deadband: HOLD at (0.200, 0.078, 0.083)
[INFO] [1786592777.881843294] [coord_transform]: Deadband: RELEASE — motion detected
[WARN] [1786592789.403517840] [coord_transform]: Outlier rejected #1 (jumped 258.5mm). Ignoring.
[WARN] [1786592792.746526319] [coord_transform]: Outlier rejected #2 (jumped 386.7mm). Ignoring.
[WARN] [1786592792.783024536] [coord_transform]: Outlier rejected #3 (jumped 371.6mm). Ignoring.
[WARN] [1786592792.814175667] [coord_transform]: Outlier rejected #4 (jumped 376.0mm). Ignoring.
[INFO] [1786592792.847804556] [coord_transform]: Too many outliers (5). Resetting filter to new position.
[WARN] [1786592796.815951663] [coord_transform]: Outlier rejected #1 (jumped 168.7mm). Ignoring.
[WARN] [1786592797.182650091] [coord_transform]: Outlier rejected #1 (jumped 205.6mm). Ignoring.
[WARN] [1786592797.216826526] [coord_transform]: Outlier rejected #2 (jumped 202.8mm). Ignoring.
[WARN] [1786592797.265741087] [coord_transform]: Outlier rejected #3 (jumped 386.2mm). Ignoring.
[WARN] [1786592797.325233167] [coord_transform]: Outlier rejected #1 (jumped 218.0mm). Ignoring.
[WARN] [1786592803.492119069] [coord_transform]: Outlier rejected #1 (jumped 212.7mm). Ignoring.
[WARN] [1786592803.524351912] [coord_transform]: Outlier rejected #2 (jumped 287.5mm). Ignoring.
[WARN] [1786592803.556535884] [coord_transform]: Outlier rejected #3 (jumped 258.3mm). Ignoring.
[WARN] [1786592803.589931247] [coord_transform]: Outlier rejected #4 (jumped 235.4mm). Ignoring.
[INFO] [1786592804.823658480] [coord_transform]: Too many outliers (5). Resetting filter to new position.
[INFO] [1786592804.855415737] [coord_transform]: Deadband: HOLD at (0.200, 0.078, 0.083)
[INFO] [1786592804.921906618] [coord_transform]: Deadband: RELEASE — motion detected
[WARN] [1786592804.973147798] [coord_transform]: Outlier rejected #1 (jumped 177.6mm). Ignoring.
[WARN] [1786592805.002384163] [coord_transform]: Outlier rejected #2 (jumped 154.7mm). Ignoring.
[WARN] [1786592805.029052778] [coord_transform]: Outlier rejected #3 (jumped 162.3mm). Ignoring.
[WARN] [1786592805.098385639] [coord_transform]: Outlier rejected #4 (jumped 168.5mm). Ignoring.
[WARN] [1786592805.425433443] [coord_transform]: Outlier rejected #1 (jumped 220.5mm). Ignoring.
[WARN] [1786592805.461169390] [coord_transform]: Outlier rejected #2 (jumped 228.1mm). Ignoring.
[INFO] [1786592807.976372841] [coord_transform]: Deadband: HOLD at (0.200, 0.078, 0.083)
[INFO] [1786592810.206712682] [coord_transform]: Deadband: RELEASE — motion detected
[INFO] [1786592811.936672653] [coord_transform]: Deadband: HOLD at (0.200, 0.078, 0.083)
[INFO] [1786592812.228296604] [coord_transform]: Deadband: RELEASE — motion detected
[WARN] [1786592812.996263735] [coord_transform]: Outlier rejected #1 (jumped 217.1mm). Ignoring.
[WARN] [1786592813.027260696] [coord_transform]: Outlier rejected #2 (jumped 183.0mm). Ignoring.
[WARN] [1786592813.063576676] [coord_transform]: Outlier rejected #3 (jumped 260.3mm). Ignoring.
[WARN] [1786592813.102767992] [coord_transform]: Outlier rejected #4 (jumped 379.2mm). Ignoring.
[INFO] [1786592813.130290241] [coord_transform]: Too many outliers (5). Resetting filter to new position.
[WARN] [1786592813.202880042] [coord_transform]: Outlier rejected #1 (jumped 217.2mm). Ignoring.
[WARN] [1786592813.238366674] [coord_transform]: Outlier rejected #2 (jumped 250.6mm). Ignoring.
[WARN] [1786592813.268843923] [coord_transform]: Outlier rejected #3 (jumped 190.4mm). Ignoring.
[WARN] [1786592814.382478901] [coord_transform]: Outlier rejected #1 (jumped 447.0mm). Ignoring.
[WARN] [1786592814.419498064] [coord_transform]: Outlier rejected #2 (jumped 439.0mm). Ignoring.
[WARN] [1786592814.448720413] [coord_transform]: Outlier rejected #3 (jumped 443.5mm). Ignoring.
[WARN] [1786592814.475811150] [coord_transform]: Outlier rejected #4 (jumped 439.1mm). Ignoring.
[INFO] [1786592814.506944878] [coord_transform]: Too many outliers (5). Resetting filter to new position.
[WARN] [1786592815.398665616] [coord_transform]: Outlier rejected #1 (jumped 549.1mm). Ignoring.
[WARN] [1786592815.429460103] [coord_transform]: Outlier rejected #2 (jumped 1516.9mm). Ignoring.
[WARN] [1786592815.464147956] [coord_transform]: Outlier rejected #3 (jumped 1489.2mm). Ignoring.
[WARN] [1786592815.496318806] [coord_transform]: Outlier rejected #4 (jumped 1482.6mm). Ignoring.
[INFO] [1786592815.527935908] [coord_transform]: Too many outliers (5). Resetting filter to new position.
[INFO] [1786592815.965287618] [coord_transform]: Deadband: HOLD at (0.200, 0.078, 0.083)
[INFO] [1786592815.999461954] [coord_transform]: Deadband: RELEASE — motion detected
[INFO] [1786592819.700148713] [coord_transform]: Deadband: HOLD at (0.200, 0.078, 0.083)
[INFO] [1786592820.635106883] [coord_transform]: Deadband: RELEASE — motion detected
[INFO] [1786592832.477672847] [coord_transform]: Re-sync camera init: [ 0.208 -0.025  0.081]
[INFO] [1786592832.477921242] [coord_transform]: Trạng thái tracking: RUNNING
[INFO] [1786592832.518640592] [coord_transform]: Deadband: RELEASE — motion detected
[INFO] [1786592832.518961266] [coord_transform]: [SNAP ON] Tay thực tế đứng yên. Ép dừng robot (GRU đang lệch 65.4cm).
[INFO] [1786592832.519827738] [coord_transform]: [ERGONOMICS] Transform: cam[ 0.208 -0.025  0.081] → base[-0.162  0.309  0.388]
[INFO] [1786592832.951977055] [coord_transform]: [SNAP OFF] Tay di chuyển lại. Trả quyền cho GRU.
[INFO] [1786592834.521833083] [coord_transform]: [ERGONOMICS] Transform: cam[0.076 0.368 0.179] → base[-0.03   0.702  0.486]
[INFO] [1786592836.553589459] [coord_transform]: [ERGONOMICS] Transform: cam[0.04  0.658 0.169] → base[0.006 0.992 0.476]
[INFO] [1786592838.559006605] [coord_transform]: [ERGONOMICS] Transform: cam[0.025 0.704 0.13 ] → base[0.021 1.038 0.437]
[INFO] [1786592840.586821259] [coord_transform]: [ERGONOMICS] Transform: cam[0.036 0.77  0.071] → base[0.01  1.104 0.379]
[INFO] [1786592841.578815791] [coord_transform]: Trạng thái tracking: STOPPED
[INFO] [1786592845.644577022] [coord_transform]: Trạng thái tracking: STOPPED
[INFO] [1786592856.696113367] [coord_transform]: Deadband: HOLD at (0.208, -0.025, 0.081)
[WARN] [1786592857.090977001] [coord_transform]: Outlier rejected #1 (jumped 745.6mm). Ignoring.
[WARN] [1786592857.124703120] [coord_transform]: Outlier rejected #2 (jumped 745.6mm). Ignoring.
[WARN] [1786592857.157118999] [coord_transform]: Outlier rejected #3 (jumped 745.6mm). Ignoring.
[WARN] [1786592857.194130181] [coord_transform]: Outlier rejected #4 (jumped 745.6mm). Ignoring.
[INFO] [1786592857.226933208] [coord_transform]: Too many outliers (5). Resetting filter to new position.
[INFO] [1786592857.228010125] [coord_transform]: [SNAP ON] Tay thực tế đứng yên. Ép dừng robot (GRU đang lệch 75.6cm).
[INFO] [1786592858.530432063] [coord_transform]: Deadband: RELEASE — motion detected
[INFO] [1786592859.172248690] [coord_transform]: Deadband: HOLD at (0.208, -0.025, 0.081)
[INFO] [1786592860.403291556] [coord_transform]: Trạng thái tracking: STOPPED
[INFO] [1786592865.370532867] [coord_transform]: Deadband: RELEASE — motion detected
[INFO] [1786592867.074882903] [coord_transform]: Deadband: HOLD at (0.208, -0.025, 0.081)
[INFO] [1786592868.146169236] [coord_transform]: Deadband: RELEASE — motion detected
[INFO] [1786592869.207633955] [coord_transform]: Deadband: HOLD at (0.208, -0.025, 0.081)
[INFO] [1786592869.612707936] [coord_transform]: Re-sync camera init: [ 0.205 -0.033  0.106]
[INFO] [1786592869.612962048] [coord_transform]: Trạng thái tracking: RUNNING
[INFO] [1786592869.622395022] [coord_transform]: [ERGONOMICS] Transform: cam[ 0.205 -0.033  0.106] → base[-0.162  0.309  0.388]
[INFO] [1786592869.657725818] [coord_transform]: [SNAP OFF] Tay di chuyển lại. Trả quyền cho GRU.
[INFO] [1786592869.761477740] [coord_transform]: [SNAP ON] Tay thực tế đứng yên. Ép dừng robot (GRU đang lệch 13.2cm).
[INFO] [1786592869.886132985] [coord_transform]: [SNAP OFF] Tay di chuyển lại. Trả quyền cho GRU.
[INFO] [1786592870.119612308] [coord_transform]: [SNAP OFF] Tay di chuyển lại. Trả quyền cho GRU.
[INFO] [1786592871.624156054] [coord_transform]: [ERGONOMICS] Transform: cam[0.106 0.272 0.164] → base[-0.063  0.614  0.446]
[INFO] [1786592873.649438745] [coord_transform]: [ERGONOMICS] Transform: cam[0.042 0.574 0.124] → base[0.001 0.916 0.406]
[INFO] [1786592875.662331018] [coord_transform]: [ERGONOMICS] Transform: cam[-0.018  0.773  0.068] → base[0.061 1.115 0.35 ]
[INFO] [1786592876.959591056] [coord_transform]: Trạng thái tracking: STOPPED
[INFO] [1786592879.404776309] [coord_transform]: Trạng thái tracking: STOPPED
[INFO] [1786592883.155162907] [coord_transform]: Trạng thái tracking: STOPPED
[INFO] [1786592895.126059098] [coord_transform]: Deadband: HOLD at (0.205, -0.033, 0.106)
[INFO] [1786592897.304794845] [coord_transform]: Deadband: RELEASE — motion detected
[INFO] [1786592897.342120890] [coord_transform]: Deadband: HOLD at (0.205, -0.033, 0.106)
[INFO] [1786592898.601166436] [coord_transform]: Trạng thái tracking: STOPPED
[INFO] [1786592903.701727571] [coord_transform]: Deadband: RELEASE — motion detected
[INFO] [1786592904.165439837] [coord_transform]: Deadband: HOLD at (0.205, -0.033, 0.106)
[INFO] [1786592909.532901617] [coord_transform]: Re-sync camera init: [ 0.21  -0.     0.096]
[INFO] [1786592909.533187566] [coord_transform]: Trạng thái tracking: RUNNING
[INFO] [1786592909.542805756] [coord_transform]: Deadband: RELEASE — motion detected
[INFO] [1786592909.543114660] [coord_transform]: [SNAP ON] Tay thực tế đứng yên. Ép dừng robot (GRU đang lệch 10.5cm).
[INFO] [1786592909.544047989] [coord_transform]: [ERGONOMICS] Transform: cam[ 0.21  -0.     0.096] → base[-0.162  0.309  0.388]
[INFO] [1786592910.410614185] [coord_transform]: [SNAP OFF] Tay di chuyển lại. Trả quyền cho GRU.
[INFO] [1786592911.563013475] [coord_transform]: [ERGONOMICS] Transform: cam[0.105 0.304 0.163] → base[-0.057  0.613  0.456]
[INFO] [1786592913.585830395] [coord_transform]: [ERGONOMICS] Transform: cam[0.057 0.512 0.141] → base[-0.01   0.82   0.433]
[INFO] [1786592915.614724855] [coord_transform]: [ERGONOMICS] Transform: cam[-0.012  0.723  0.112] → base[0.06  1.032 0.404]
[INFO] [1786592917.631398560] [coord_transform]: [ERGONOMICS] Transform: cam[-0.013  0.75   0.07 ] → base[0.061 1.059 0.362]
[INFO] [1786592918.551753351] [coord_transform]: Trạng thái tracking: STOPPED
[INFO] [1786592922.888909242] [coord_transform]: Trạng thái tracking: STOPPED
[INFO] [1786592934.054010078] [coord_transform]: Deadband: HOLD at (0.210, -0.000, 0.096)
[INFO] [1786592936.749512909] [coord_transform]: Trạng thái tracking: STOPPED
[INFO] [1786592939.192390997] [coord_transform]: Deadband: RELEASE — motion detected
[INFO] [1786592940.026179827] [coord_transform]: Deadband: HOLD at (0.210, -0.000, 0.096)
[INFO] [1786592941.469704573] [coord_transform]: Deadband: RELEASE — motion detected
[INFO] [1786592943.701216910] [coord_transform]: Deadband: RELEASE — motion detected
[INFO] [1786592943.861386318] [coord_transform]: Deadband: HOLD at (0.210, -0.000, 0.096)
[INFO] [1786592945.295929834] [coord_transform]: Re-sync camera init: [ 0.214 -0.05   0.087]
[INFO] [1786592945.296453637] [coord_transform]: Trạng thái tracking: RUNNING
[INFO] [1786592945.310655259] [coord_transform]: [SNAP ON] Tay thực tế đứng yên. Ép dừng robot (GRU đang lệch 10.5cm).
[INFO] [1786592945.311927655] [coord_transform]: [ERGONOMICS] Transform: cam[ 0.214 -0.05   0.087] → base[-0.162  0.309  0.388]
[INFO] [1786592945.887379014] [coord_transform]: Deadband: RELEASE — motion detected
[INFO] [1786592945.894822134] [coord_transform]: [SNAP OFF] Tay di chuyển lại. Trả quyền cho GRU.
[INFO] [1786592947.329863767] [coord_transform]: [ERGONOMICS] Transform: cam[0.121 0.236 0.195] → base[-0.07   0.594  0.495]
[INFO] [1786592949.342013265] [coord_transform]: [ERGONOMICS] Transform: cam[0.033 0.528 0.135] → base[0.018 0.887 0.436]
[INFO] [1786592951.370927485] [coord_transform]: [ERGONOMICS] Transform: cam[0.012 0.683 0.087] → base[0.039 1.042 0.388]
[INFO] [1786592953.374307782] [coord_transform]: [ERGONOMICS] Transform: cam[0.01  0.706 0.029] → base[0.042 1.065 0.33 ]
[INFO] [1786592953.657653784] [coord_transform]: Trạng thái tracking: STOPPED
[INFO] [1786592956.686113411] [coord_transform]: Trạng thái tracking: STOPPED
[INFO] [1786592968.514614651] [coord_transform]: Deadband: HOLD at (0.214, -0.050, 0.087)
[WARN] [1786592969.587336213] [coord_transform]: Outlier rejected #1 (jumped 256.7mm). Ignoring.
[WARN] [1786592969.615628544] [coord_transform]: Outlier rejected #2 (jumped 507.2mm). Ignoring.
[INFO] [1786592973.354680012] [coord_transform]: Trạng thái tracking: STOPPED
[INFO] [1786592990.851698630] [coord_transform]: Re-sync camera init: [0.208 0.016 0.1  ]
[INFO] [1786592990.852724723] [coord_transform]: Trạng thái tracking: RUNNING
[INFO] [1786592990.885999472] [coord_transform]: Deadband: RELEASE — motion detected
[INFO] [1786592990.886674075] [coord_transform]: [SNAP ON] Tay thực tế đứng yên. Ép dừng robot (GRU đang lệch 12.7cm).
[INFO] [1786592990.888054891] [coord_transform]: [ERGONOMICS] Transform: cam[0.208 0.016 0.1  ] → base[-0.162  0.309  0.388]
[INFO] [1786592991.445723751] [coord_transform]: [SNAP OFF] Tay di chuyển lại. Trả quyền cho GRU.
[INFO] [1786592992.917658556] [coord_transform]: [ERGONOMICS] Transform: cam[0.102 0.321 0.158] → base[-0.055  0.613  0.446]
[INFO] [1786592994.925040002] [coord_transform]: [ERGONOMICS] Transform: cam[0.053 0.532 0.153] → base[-0.007  0.825  0.442]
[INFO] [1786592996.946811772] [coord_transform]: [ERGONOMICS] Transform: cam[0.021 0.676 0.079] → base[0.025 0.969 0.368]
[INFO] [1786592998.932312215] [coord_transform]: Trạng thái tracking: STOPPED
[INFO] [1786593005.914228482] [coord_transform]: Trạng thái tracking: STOPPED
[INFO] [1786593022.170233786] [coord_transform]: Trạng thái tracking: STOPPED
[INFO] [1786593029.113940902] [coord_transform]: Re-sync camera init: [ 0.202 -0.     0.122]
[INFO] [1786593029.114311298] [coord_transform]: Trạng thái tracking: RUNNING
[INFO] [1786593029.138661949] [coord_transform]: Deadband: RELEASE — motion detected
[INFO] [1786593029.139096275] [coord_transform]: [SNAP ON] Tay thực tế đứng yên. Ép dừng robot (GRU đang lệch 11.0cm).
[INFO] [1786593029.140261399] [coord_transform]: [ERGONOMICS] Transform: cam[ 0.202 -0.     0.122] → base[-0.162  0.309  0.388]
[INFO] [1786593029.870265573] [coord_transform]: [SNAP OFF] Tay di chuyển lại. Trả quyền cho GRU.
[INFO] [1786593031.147212871] [coord_transform]: [ERGONOMICS] Transform: cam[0.128 0.309 0.142] → base[-0.088  0.618  0.408]
[INFO] [1786593033.170188408] [coord_transform]: [ERGONOMICS] Transform: cam[0.081 0.57  0.119] → base[-0.041  0.878  0.385]
[INFO] [1786593035.177538285] [coord_transform]: [ERGONOMICS] Transform: cam[0.045 0.74  0.096] → base[-0.005  1.049  0.363]
[INFO] [1786593036.997852628] [coord_transform]: Trạng thái tracking: STOPPED
[INFO] [1786593040.031076601] [coord_transform]: Trạng thái tracking: STOPPED
[INFO] [1786593050.904979720] [coord_transform]: Deadband: HOLD at (0.202, -0.000, 0.122)
[INFO] [1786593051.502605180] [coord_transform]: Deadband: RELEASE — motion detected
[INFO] [1786593055.051900866] [coord_transform]: Trạng thái tracking: STOPPED
[INFO] [1786593055.839704592] [coord_transform]: Deadband: HOLD at (0.202, -0.000, 0.122)
[INFO] [1786593055.874403493] [coord_transform]: Deadband: RELEASE — motion detected
[INFO] [1786593059.477744716] [coord_transform]: Deadband: HOLD at (0.202, -0.000, 0.122)
[INFO] [1786593059.853051402] [coord_transform]: Deadband: RELEASE — motion detected
[INFO] [1786593065.645943035] [coord_transform]: Deadband: HOLD at (0.202, -0.000, 0.122)
[INFO] [1786593065.692678324] [coord_transform]: Deadband: RELEASE — motion detected
[INFO] [1786593067.753238294] [coord_transform]: Deadband: HOLD at (0.202, -0.000, 0.122)
[INFO] [1786593067.780191155] [coord_transform]: Deadband: RELEASE — motion detected
[INFO] [1786593070.064245930] [coord_transform]: Deadband: RELEASE — motion detected
[INFO] [1786593070.096397981] [coord_transform]: Deadband: HOLD at (0.202, -0.000, 0.122)
[INFO] [1786593073.151738214] [coord_transform]: Deadband: HOLD at (0.202, -0.000, 0.122)
[INFO] [1786593073.184789294] [coord_transform]: Deadband: RELEASE — motion detected
[INFO] [1786593081.625765994] [coord_transform]: Deadband: HOLD at (0.202, -0.000, 0.122)
[INFO] [1786593081.690472345] [coord_transform]: Deadband: RELEASE — motion detected
[INFO] [1786593084.022058742] [coord_transform]: Re-sync camera init: [ 0.221 -0.05   0.095]
[INFO] [1786593084.022277152] [coord_transform]: Trạng thái tracking: RUNNING
[INFO] [1786593084.058697727] [coord_transform]: Deadband: RELEASE — motion detected
[INFO] [1786593084.067989148] [coord_transform]: [ERGONOMICS] Transform: cam[0.134 0.08  0.127] → base[-0.075  0.439  0.42 ]
[INFO] [1786593086.105132889] [coord_transform]: [ERGONOMICS] Transform: cam[0.086 0.358 0.142] → base[-0.027  0.717  0.436]
[INFO] [1786593088.118752628] [coord_transform]: [ERGONOMICS] Transform: cam[0.057 0.572 0.128] → base[0.002 0.931 0.421]
[INFO] [1786593090.135984431] [coord_transform]: [ERGONOMICS] Transform: cam[0.041 0.703 0.056] → base[0.018 1.062 0.35 ]
[INFO] [1786593091.123619547] [coord_transform]: Trạng thái tracking: STOPPED
[INFO] [1786593093.600427162] [coord_transform]: Trạng thái tracking: STOPPED
[WARN] [1786593109.568303252] [coord_transform]: Outlier rejected #1 (jumped 173.9mm). Ignoring.
[WARN] [1786593109.604630495] [coord_transform]: Outlier rejected #2 (jumped 150.4mm). Ignoring.
[WARN] [1786593109.644046331] [coord_transform]: Outlier rejected #3 (jumped 160.5mm). Ignoring.
[WARN] [1786593109.679171681] [coord_transform]: Outlier rejected #4 (jumped 167.9mm). Ignoring.
[INFO] [1786593109.712177318] [coord_transform]: Too many outliers (5). Resetting filter to new position.
[INFO] [1786593110.105030850] [coord_transform]: Deadband: HOLD at (0.221, -0.050, 0.095)
[INFO] [1786593111.742903650] [coord_transform]: Deadband: RELEASE — motion detected
[INFO] [1786593112.623371153] [coord_transform]: Đã chuyển mode: ergonomics -> prediction
[INFO] [1786593112.803835942] [coord_transform]: Deadband: HOLD at (0.221, -0.050, 0.095)
[INFO] [1786593112.813815076] [coord_transform]: [SNAP ON] Tay thực tế đứng yên. Ép dừng robot (GRU đang lệch 71.2cm).
[INFO] [1786593114.812335296] [coord_transform]: Trạng thái tracking: STOPPED
[INFO] [1786593124.182162122] [coord_transform]: Deadband: RELEASE — motion detected
[INFO] [1786593124.397594435] [coord_transform]: Re-sync camera init: [0.216 0.055 0.118]
[INFO] [1786593124.398121571] [coord_transform]: Trạng thái tracking: RUNNING
[INFO] [1786593124.422766979] [coord_transform]: [PREDICTION] Transform: cam[0.216 0.055 0.118] → base[-0.162  0.309  0.388]
[INFO] [1786593124.991112724] [coord_transform]: [SNAP OFF] Tay di chuyển lại. Trả quyền cho GRU.
[INFO] [1786593126.428009259] [coord_transform]: [PREDICTION] Transform: cam[0.144 0.26  0.165] → base[-0.089  0.514  0.435]
[INFO] [1786593128.434551693] [coord_transform]: [PREDICTION] Transform: cam[0.067 0.496 0.164] → base[-0.013  0.75   0.433]
[INFO] [1786593130.442057056] [coord_transform]: [PREDICTION] Transform: cam[0.034 0.585 0.126] → base[0.02  0.839 0.396]
[INFO] [1786593132.452803684] [coord_transform]: [PREDICTION] Transform: cam[0.016 0.629 0.088] → base[0.038 0.883 0.358]
[INFO] [1786593134.480000134] [coord_transform]: [PREDICTION] Transform: cam[-0.001  0.66   0.074] → base[0.055 0.914 0.344]
[INFO] [1786593135.873425277] [coord_transform]: Trạng thái tracking: STOPPED
[INFO] [1786593144.448770639] [coord_transform]: Trạng thái tracking: STOPPED
[INFO] [1786593155.179007707] [coord_transform]: Deadband: HOLD at (0.216, 0.055, 0.118)
[INFO] [1786593155.310214141] [coord_transform]: Deadband: RELEASE — motion detected
[INFO] [1786593163.235091604] [coord_transform]: Trạng thái tracking: STOPPED
[INFO] [1786593172.043174581] [coord_transform]: Re-sync camera init: [ 0.218 -0.106  0.082]
[INFO] [1786593172.043590850] [coord_transform]: Trạng thái tracking: RUNNING
[INFO] [1786593172.044580810] [coord_transform]: Deadband: RELEASE — motion detected
[INFO] [1786593172.056161536] [coord_transform]: [PREDICTION] Transform: cam[0.174 0.01  0.081] → base[-0.118  0.425  0.386]
[INFO] [1786593174.057108971] [coord_transform]: [PREDICTION] Transform: cam[0.08  0.235 0.184] → base[-0.023  0.651  0.49 ]
[INFO] [1786593176.075135531] [coord_transform]: [PREDICTION] Transform: cam[0.026 0.512 0.169] → base[0.03  0.927 0.475]
[INFO] [1786593178.095601707] [coord_transform]: [PREDICTION] Transform: cam[0.006 0.67  0.094] → base[0.05  1.085 0.4  ]
[INFO] [1786593180.117477808] [coord_transform]: [PREDICTION] Transform: cam[0.017 0.691 0.045] → base[0.039 1.107 0.351]
[INFO] [1786593181.440648109] [coord_transform]: Trạng thái tracking: STOPPED
[INFO] [1786593193.975779810] [coord_transform]: Trạng thái tracking: STOPPED
[INFO] [1786593212.454811660] [coord_transform]: Trạng thái tracking: STOPPED
[INFO] [1786593236.249964342] [coord_transform]: Deadband: HOLD at (0.218, -0.106, 0.082)
[INFO] [1786593236.383741778] [coord_transform]: Deadband: RELEASE — motion detected
[INFO] [1786593240.491152975] [coord_transform]: Trạng thái tracking: STOPPED
[INFO] [1786593241.522354502] [coord_transform]: Deadband: RELEASE — motion detected
[INFO] [1786593241.589325963] [coord_transform]: Deadband: HOLD at (0.218, -0.106, 0.082)
[INFO] [1786593249.224670690] [coord_transform]: Deadband: RELEASE — motion detected
[INFO] [1786593249.359700863] [coord_transform]: Deadband: HOLD at (0.218, -0.106, 0.082)
[INFO] [1786593250.833056287] [coord_transform]: Re-sync camera init: [ 0.213 -0.041  0.084]
[INFO] [1786593250.833598080] [coord_transform]: Trạng thái tracking: RUNNING
[INFO] [1786593250.905608345] [coord_transform]: [SNAP ON] Tay thực tế đứng yên. Ép dừng robot (GRU đang lệch 13.6cm).
[INFO] [1786593250.907229127] [coord_transform]: [PREDICTION] Transform: cam[ 0.213 -0.041  0.084] → base[-0.162  0.309  0.388]
[INFO] [1786593251.288335197] [coord_transform]: Deadband: RELEASE — motion detected
[INFO] [1786593251.299395863] [coord_transform]: [SNAP OFF] Tay di chuyển lại. Trả quyền cho GRU.
[INFO] [1786593252.925720204] [coord_transform]: [PREDICTION] Transform: cam[0.14  0.214 0.176] → base[-0.089  0.564  0.48 ]
[INFO] [1786593254.945234303] [coord_transform]: [PREDICTION] Transform: cam[0.073 0.49  0.172] → base[-0.023  0.84   0.477]
[INFO] [1786593256.957772595] [coord_transform]: [PREDICTION] Transform: cam[0.03  0.641 0.112] → base[0.021 0.991 0.416]
[INFO] [1786593258.965402345] [coord_transform]: [PREDICTION] Transform: cam[0.018 0.657 0.083] → base[0.033 1.007 0.387]
[INFO] [1786593260.983706206] [coord_transform]: Trạng thái tracking: STOPPED
[WARN] [1786593271.090906584] [coord_transform]: Outlier rejected #1 (jumped 350.6mm). Ignoring.
[WARN] [1786593271.120038695] [coord_transform]: Outlier rejected #2 (jumped 388.7mm). Ignoring.
[WARN] [1786593276.345343020] [coord_transform]: Outlier rejected #3 (jumped 224.8mm). Ignoring.
[WARN] [1786593276.378657111] [coord_transform]: Outlier rejected #4 (jumped 251.5mm). Ignoring.
[INFO] [1786593276.412289619] [coord_transform]: Too many outliers (5). Resetting filter to new position.
[INFO] [1786593282.095488991] [coord_transform]: Trạng thái tracking: STOPPED
[INFO] [1786593296.278544316] [coord_transform]: Deadband: HOLD at (0.213, -0.041, 0.084)
[INFO] [1786593306.999056717] [coord_transform]: Deadband: RELEASE — motion detected
[INFO] [1786593307.100170977] [coord_transform]: Deadband: HOLD at (0.213, -0.041, 0.084)
[INFO] [1786593308.589510626] [coord_transform]: Đã chuyển mode: prediction -> ergonomics
[INFO] [1786593309.901900131] [coord_transform]: Deadband: RELEASE — motion detected
[INFO] [1786593310.366642706] [coord_transform]: Deadband: HOLD at (0.213, -0.041, 0.084)
[INFO] [1786593315.469587258] [coord_transform]: Deadband: RELEASE — motion detected
[INFO] [1786593315.774223298] [coord_transform]: Trạng thái tracking: STOPPED
[INFO] [1786593315.839136026] [coord_transform]: Deadband: HOLD at (0.213, -0.041, 0.084)
[INFO] [1786593326.545904569] [coord_transform]: Deadband: RELEASE — motion detected
[INFO] [1786593327.011381496] [coord_transform]: Deadband: HOLD at (0.213, -0.041, 0.084)
[INFO] [1786593337.596007554] [coord_transform]: Trạng thái tracking: STOPPED
[INFO] [1786593341.522626799] [coord_transform]: Deadband: RELEASE — motion detected
[INFO] [1786593341.889284822] [coord_transform]: Deadband: HOLD at (0.213, -0.041, 0.084)
[INFO] [1786593343.589433835] [coord_transform]: Deadband: RELEASE — motion detected
[INFO] [1786593343.923245823] [coord_transform]: Deadband: HOLD at (0.213, -0.041, 0.084)
[INFO] [1786593345.765098511] [coord_transform]: Deadband: RELEASE — motion detected
[INFO] [1786593349.717296972] [coord_transform]: Re-sync camera init: [0.212 0.016 0.078]
[INFO] [1786593349.717530346] [coord_transform]: Trạng thái tracking: RUNNING
[INFO] [1786593349.747282435] [coord_transform]: Deadband: RELEASE — motion detected
[INFO] [1786593349.747903783] [coord_transform]: [SNAP ON] Tay thực tế đứng yên. Ép dừng robot (GRU đang lệch 8.1cm).
[INFO] [1786593349.749288647] [coord_transform]: [ERGONOMICS] Transform: cam[0.212 0.016 0.078] → base[-0.162  0.309  0.388]
[INFO] [1786593350.203254688] [coord_transform]: [SNAP OFF] Tay di chuyển lại. Trả quyền cho GRU.
[INFO] [1786593351.755590163] [coord_transform]: [ERGONOMICS] Transform: cam[0.116 0.269 0.17 ] → base[-0.066  0.562  0.48 ]
[INFO] [1786593353.790768504] [coord_transform]: [ERGONOMICS] Transform: cam[0.096 0.355 0.125] → base[-0.046  0.648  0.435]
[INFO] [1786593355.812343448] [coord_transform]: [ERGONOMICS] Transform: cam[0.041 0.506 0.096] → base[0.009 0.799 0.406]
[INFO] [1786593357.813594610] [coord_transform]: [ERGONOMICS] Transform: cam[0.017 0.621 0.047] → base[0.033 0.914 0.358]
[INFO] [1786593359.336863371] [coord_transform]: Trạng thái tracking: STOPPED
[INFO] [1786593378.828889164] [coord_transform]: Trạng thái tracking: STOPPED
[INFO] [1786593399.297629111] [coord_transform]: Deadband: HOLD at (0.212, 0.016, 0.078)
[INFO] [1786593399.594262149] [coord_transform]: Deadband: RELEASE — motion detected
[WARN] [1786593401.393992122] [coord_transform]: Outlier rejected #1 (jumped 278.9mm). Ignoring.
[INFO] [1786593404.561620274] [coord_transform]: Deadband: HOLD at (0.212, 0.016, 0.078)
[INFO] [1786593404.595556193] [coord_transform]: Deadband: RELEASE — motion detected
[INFO] [1786593409.054961989] [coord_transform]: Deadband: HOLD at (0.212, 0.016, 0.078)
[INFO] [1786593409.355617591] [coord_transform]: Deadband: RELEASE — motion detected
[INFO] [1786593412.171244118] [coord_transform]: Deadband: HOLD at (0.212, 0.016, 0.078)
[INFO] [1786593412.205292813] [coord_transform]: Deadband: RELEASE — motion detected
[INFO] [1786593414.367174507] [coord_transform]: Deadband: HOLD at (0.212, 0.016, 0.078)
[INFO] [1786593414.400573574] [coord_transform]: Deadband: RELEASE — motion detected
[INFO] [1786593416.575904574] [coord_transform]: Deadband: HOLD at (0.212, 0.016, 0.078)
[INFO] [1786593417.074069721] [coord_transform]: Deadband: RELEASE — motion detected
[INFO] [1786593419.281968967] [coord_transform]: Deadband: HOLD at (0.212, 0.016, 0.078)
[INFO] [1786593419.312288623] [coord_transform]: Deadband: RELEASE — motion detected
[INFO] [1786593421.522254970] [coord_transform]: Re-sync camera init: [0.205 0.016 0.081]
[INFO] [1786593421.522761714] [coord_transform]: Trạng thái tracking: RUNNING
[INFO] [1786593421.562993591] [coord_transform]: Deadband: RELEASE — motion detected
[INFO] [1786593421.563465876] [coord_transform]: [SNAP ON] Tay thực tế đứng yên. Ép dừng robot (GRU đang lệch 50.1cm).
[INFO] [1786593421.564728122] [coord_transform]: [ERGONOMICS] Transform: cam[0.205 0.016 0.081] → base[-0.162  0.309  0.388]
[INFO] [1786593422.085551563] [coord_transform]: [SNAP OFF] Tay di chuyển lại. Trả quyền cho GRU.
[INFO] [1786593423.595366862] [coord_transform]: [ERGONOMICS] Transform: cam[0.107 0.291 0.154] → base[-0.065  0.584  0.461]
[INFO] [1786593425.627830518] [coord_transform]: [ERGONOMICS] Transform: cam[0.099 0.488 0.119] → base[-0.057  0.781  0.425]
[INFO] [1786593427.652500262] [coord_transform]: [ERGONOMICS] Transform: cam[0.062 0.651 0.069] → base[-0.019  0.944  0.375]
[INFO] [1786593429.636986791] [coord_transform]: Trạng thái tracking: STOPPED
[INFO] [1786593433.162612321] [coord_transform]: Trạng thái tracking: STOPPED
[WARN] [1786593437.893228085] [coord_transform]: Outlier rejected #1 (jumped 177.4mm). Ignoring.
[WARN] [1786593437.932200527] [coord_transform]: Outlier rejected #2 (jumped 177.4mm). Ignoring.
[WARN] [1786593437.960381713] [coord_transform]: Outlier rejected #3 (jumped 177.4mm). Ignoring.
[WARN] [1786593437.998606890] [coord_transform]: Outlier rejected #4 (jumped 177.4mm). Ignoring.
[INFO] [1786593438.033918726] [coord_transform]: Too many outliers (5). Resetting filter to new position.
[INFO] [1786593448.197272931] [coord_transform]: Deadband: HOLD at (0.205, 0.016, 0.081)
[INFO] [1786593448.743280505] [coord_transform]: Deadband: RELEASE — motion detected
[INFO] [1786593450.332660715] [coord_transform]: Deadband: HOLD at (0.205, 0.016, 0.081)
[INFO] [1786593450.976553622] [coord_transform]: Deadband: RELEASE — motion detected
[INFO] [1786593451.176358999] [coord_transform]: Trạng thái tracking: STOPPED
[INFO] [1786593453.444862001] [coord_transform]: Deadband: RELEASE — motion detected
[INFO] [1786593453.998754415] [coord_transform]: Deadband: HOLD at (0.205, 0.016, 0.081)
[INFO] [1786593456.067958857] [coord_transform]: Deadband: HOLD at (0.205, 0.016, 0.081)
[INFO] [1786593457.545871281] [coord_transform]: Deadband: RELEASE — motion detected
[INFO] [1786593458.071346090] [coord_transform]: Deadband: HOLD at (0.205, 0.016, 0.081)
[INFO] [1786593459.489361107] [coord_transform]: Re-sync camera init: [0.216 0.008 0.085]
[INFO] [1786593459.489603227] [coord_transform]: Trạng thái tracking: RUNNING
[INFO] [1786593459.522232011] [coord_transform]: [SNAP ON] Tay thực tế đứng yên. Ép dừng robot (GRU đang lệch 9.4cm).
[INFO] [1786593459.523507390] [coord_transform]: [ERGONOMICS] Transform: cam[0.216 0.008 0.085] → base[-0.162  0.309  0.388]
[INFO] [1786593460.016449102] [coord_transform]: Deadband: RELEASE — motion detected
[INFO] [1786593460.023470954] [coord_transform]: [SNAP OFF] Tay di chuyển lại. Trả quyền cho GRU.
[INFO] [1786593461.535026327] [coord_transform]: [ERGONOMICS] Transform: cam[0.122 0.274 0.15 ] → base[-0.068  0.575  0.453]
[INFO] [1786593463.537056149] [coord_transform]: [ERGONOMICS] Transform: cam[0.075 0.464 0.071] → base[-0.021  0.765  0.374]
[INFO] [1786593465.560978887] [coord_transform]: [ERGONOMICS] Transform: cam[0.03  0.645 0.104] → base[0.025 0.946 0.407]
[INFO] [1786593467.577773928] [coord_transform]: [ERGONOMICS] Transform: cam[0.003 0.757 0.07 ] → base[0.051 1.058 0.373]
[INFO] [1786593468.970013396] [coord_transform]: Trạng thái tracking: STOPPED
[INFO] [1786593472.800360389] [coord_transform]: Trạng thái tracking: STOPPED
[INFO] [1786593477.133502420] [coord_transform]: Trạng thái tracking: STOPPED
[INFO] [1786593488.009062802] [coord_transform]: Deadband: HOLD at (0.216, 0.008, 0.085)
[INFO] [1786593489.826801903] [coord_transform]: Deadband: RELEASE — motion detected
[INFO] [1786593496.698335795] [coord_transform]: Deadband: RELEASE — motion detected
[INFO] [1786593498.019627175] [coord_transform]: Trạng thái tracking: STOPPED
[INFO] [1786593498.786458025] [coord_transform]: Deadband: HOLD at (0.216, 0.008, 0.085)
[INFO] [1786593498.818279163] [coord_transform]: Deadband: RELEASE — motion detected
[INFO] [1786593500.837578351] [coord_transform]: Deadband: HOLD at (0.216, 0.008, 0.085)
[INFO] [1786593500.870871810] [coord_transform]: Deadband: RELEASE — motion detected
[INFO] [1786593502.902465535] [coord_transform]: Deadband: HOLD at (0.216, 0.008, 0.085)
[INFO] [1786593502.936335665] [coord_transform]: Deadband: RELEASE — motion detected
[INFO] [1786593505.212572764] [coord_transform]: Re-sync camera init: [ 0.199 -0.05   0.065]
[INFO] [1786593505.213388089] [coord_transform]: Trạng thái tracking: RUNNING
[INFO] [1786593505.248225715] [coord_transform]: Deadband: RELEASE — motion detected
[INFO] [1786593505.248601523] [coord_transform]: [SNAP ON] Tay thực tế đứng yên. Ép dừng robot (GRU đang lệch 12.4cm).
[INFO] [1786593505.250210528] [coord_transform]: [ERGONOMICS] Transform: cam[ 0.199 -0.05   0.065] → base[-0.162  0.309  0.388]
[INFO] [1786593505.480280063] [coord_transform]: [SNAP OFF] Tay di chuyển lại. Trả quyền cho GRU.
[INFO] [1786593507.265687580] [coord_transform]: [ERGONOMICS] Transform: cam[0.086 0.331 0.112] → base[-0.049  0.69   0.435]
[INFO] [1786593509.274856536] [coord_transform]: [ERGONOMICS] Transform: cam[0.071 0.618 0.098] → base[-0.035  0.977  0.421]
[INFO] [1786593511.286627349] [coord_transform]: [ERGONOMICS] Transform: cam[0.078 0.717 0.059] → base[-0.042  1.076  0.382]
[INFO] [1786593512.721186238] [coord_transform]: Trạng thái tracking: STOPPED
[INFO] [1786593517.070718849] [coord_transform]: Trạng thái tracking: STOPPED
[INFO] [1786593529.921907391] [coord_transform]: Deadband: HOLD at (0.199, -0.050, 0.065)
[INFO] [1786593532.060091984] [coord_transform]: Trạng thái tracking: STOPPED
[INFO] [1786593539.824326436] [coord_transform]: Re-sync camera init: [ 0.212 -0.075  0.076]
[INFO] [1786593539.824771936] [coord_transform]: Trạng thái tracking: RUNNING
[INFO] [1786593539.832657740] [coord_transform]: Deadband: RELEASE — motion detected
[INFO] [1786593539.833210747] [coord_transform]: [SNAP ON] Tay thực tế đứng yên. Ép dừng robot (GRU đang lệch 8.4cm).
[INFO] [1786593539.834400071] [coord_transform]: [ERGONOMICS] Transform: cam[ 0.212 -0.075  0.076] → base[-0.162  0.309  0.388]
[INFO] [1786593540.177381516] [coord_transform]: [SNAP OFF] Tay di chuyển lại. Trả quyền cho GRU.
[INFO] [1786593541.845300158] [coord_transform]: [ERGONOMICS] Transform: cam[0.097 0.326 0.13 ] → base[-0.047  0.71   0.443]
[INFO] [1786593543.852364229] [coord_transform]: [ERGONOMICS] Transform: cam[0.08  0.581 0.065] → base[-0.031  0.965  0.377]
[INFO] [1786593545.886013818] [coord_transform]: [ERGONOMICS] Transform: cam[0.068 0.787 0.048] → base[-0.018  1.171  0.36 ]
[INFO] [1786593547.300271077] [coord_transform]: Trạng thái tracking: STOPPED
[INFO] [1786593550.242675652] [coord_transform]: Trạng thái tracking: STOPPED
[INFO] [1786593562.374527629] [coord_transform]: Deadband: HOLD at (0.212, -0.075, 0.076)
[INFO] [1786593564.426877810] [coord_transform]: Trạng thái tracking: STOPPED
[INFO] [1786593565.448064957] [coord_transform]: Deadband: RELEASE — motion detected
[WARN] [1786593566.047235159] [coord_transform]: Outlier rejected #1 (jumped 161.7mm). Ignoring.
[WARN] [1786593566.079199617] [coord_transform]: Outlier rejected #2 (jumped 265.9mm). Ignoring.
[WARN] [1786593566.114915157] [coord_transform]: Outlier rejected #3 (jumped 323.0mm). Ignoring.
[WARN] [1786593566.148765417] [coord_transform]: Outlier rejected #4 (jumped 336.3mm). Ignoring.
[INFO] [1786593566.191163739] [coord_transform]: Too many outliers (5). Resetting filter to new position.
[WARN] [1786593567.537051084] [coord_transform]: Outlier rejected #1 (jumped 639.5mm). Ignoring.
[WARN] [1786593567.575859149] [coord_transform]: Outlier rejected #2 (jumped 681.5mm). Ignoring.
[WARN] [1786593567.611133720] [coord_transform]: Outlier rejected #3 (jumped 647.8mm). Ignoring.
[WARN] [1786593567.643981437] [coord_transform]: Outlier rejected #4 (jumped 682.2mm). Ignoring.
[INFO] [1786593567.678610578] [coord_transform]: Too many outliers (5). Resetting filter to new position.
[INFO] [1786593568.148459081] [coord_transform]: Deadband: HOLD at (0.212, -0.075, 0.076)
[INFO] [1786593573.719706861] [coord_transform]: Re-sync camera init: [ 0.218 -0.008  0.081]
[INFO] [1786593573.720423252] [coord_transform]: Trạng thái tracking: RUNNING
[INFO] [1786593573.740386172] [coord_transform]: Deadband: RELEASE — motion detected
[INFO] [1786593573.740721806] [coord_transform]: [SNAP ON] Tay thực tế đứng yên. Ép dừng robot (GRU đang lệch 6.9cm).
[INFO] [1786593573.741525373] [coord_transform]: [ERGONOMICS] Transform: cam[ 0.218 -0.008  0.081] → base[-0.162  0.309  0.388]
[INFO] [1786593574.395948800] [coord_transform]: [SNAP OFF] Tay di chuyển lại. Trả quyền cho GRU.
[INFO] [1786593575.765080122] [coord_transform]: [ERGONOMICS] Transform: cam[0.122 0.326 0.131] → base[-0.066  0.643  0.438]
[INFO] [1786593577.801598751] [coord_transform]: [ERGONOMICS] Transform: cam[0.081 0.524 0.098] → base[-0.025  0.841  0.405]
[INFO] [1786593579.834779068] [coord_transform]: [ERGONOMICS] Transform: cam[0.068 0.656 0.072] → base[-0.012  0.972  0.38 ]
[INFO] [1786593581.862264269] [coord_transform]: [ERGONOMICS] Transform: cam[0.056 0.673 0.03 ] → base[-0.     0.99   0.337]
[INFO] [1786593582.538493524] [coord_transform]: Trạng thái tracking: STOPPED
[INFO] [1786593587.673209639] [coord_transform]: Trạng thái tracking: STOPPED
[INFO] [1786593598.910950144] [coord_transform]: Deadband: HOLD at (0.218, -0.008, 0.081)
[INFO] [1786593600.508577221] [coord_transform]: Deadband: RELEASE — motion detected
[INFO] [1786593601.104789478] [coord_transform]: Deadband: HOLD at (0.218, -0.008, 0.081)
[INFO] [1786593602.669022704] [coord_transform]: Trạng thái tracking: STOPPED
[INFO] [1786593610.310457251] [coord_transform]: Deadband: RELEASE — motion detected
[INFO] [1786593611.050865772] [coord_transform]: Deadband: HOLD at (0.218, -0.008, 0.081)
[INFO] [1786593611.243726858] [coord_transform]: Re-sync camera init: [ 0.223 -0.033  0.077]
[INFO] [1786593611.244416726] [coord_transform]: Trạng thái tracking: RUNNING
[INFO] [1786593611.255298791] [coord_transform]: [SNAP ON] Tay thực tế đứng yên. Ép dừng robot (GRU đang lệch 6.0cm).
[INFO] [1786593611.256051480] [coord_transform]: [ERGONOMICS] Transform: cam[ 0.223 -0.033  0.077] → base[-0.162  0.309  0.388]
[INFO] [1786593611.761598893] [coord_transform]: [SNAP OFF] Tay di chuyển lại. Trả quyền cho GRU.
[INFO] [1786593613.270472299] [coord_transform]: [ERGONOMICS] Transform: cam[0.136 0.309 0.13 ] → base[-0.075  0.651  0.441]
[INFO] [1786593615.291056930] [coord_transform]: [ERGONOMICS] Transform: cam[0.056 0.531 0.102] → base[0.005 0.873 0.414]
[INFO] [1786593617.319355462] [coord_transform]: [ERGONOMICS] Transform: cam[0.034 0.645 0.107] → base[0.027 0.987 0.418]
[INFO] [1786593619.330045347] [coord_transform]: [ERGONOMICS] Transform: cam[0.024 0.675 0.058] → base[0.038 1.017 0.37 ]
[INFO] [1786593619.869532788] [coord_transform]: Trạng thái tracking: STOPPED
[INFO] [1786593624.198030672] [coord_transform]: Trạng thái tracking: STOPPED
[INFO] [1786593635.673465884] [coord_transform]: Deadband: HOLD at (0.223, -0.033, 0.077)
[INFO] [1786593638.674237485] [coord_transform]: Deadband: RELEASE — motion detected
[INFO] [1786593639.106180780] [coord_transform]: Deadband: HOLD at (0.223, -0.033, 0.077)
[INFO] [1786593639.444024719] [coord_transform]: Trạng thái tracking: STOPPED
[INFO] [1786593642.601723160] [coord_transform]: Deadband: RELEASE — motion detected
[INFO] [1786593642.635847704] [coord_transform]: Deadband: HOLD at (0.223, -0.033, 0.077)
[INFO] [1786593648.191724156] [coord_transform]: Re-sync camera init: [0.212 0.016 0.092]
[INFO] [1786593648.191979159] [coord_transform]: Trạng thái tracking: RUNNING
[INFO] [1786593648.218376860] [coord_transform]: Deadband: RELEASE — motion detected
[INFO] [1786593648.218688909] [coord_transform]: [SNAP ON] Tay thực tế đứng yên. Ép dừng robot (GRU đang lệch 12.0cm).
[INFO] [1786593648.219542140] [coord_transform]: [ERGONOMICS] Transform: cam[0.212 0.016 0.092] → base[-0.162  0.309  0.388]
[INFO] [1786593648.561083003] [coord_transform]: [SNAP OFF] Tay di chuyển lại. Trả quyền cho GRU.
[INFO] [1786593650.251104806] [coord_transform]: [ERGONOMICS] Transform: cam[0.109 0.354 0.153] → base[-0.059  0.647  0.449]
[INFO] [1786593652.261092883] [coord_transform]: [ERGONOMICS] Transform: cam[0.091 0.505 0.045] → base[-0.041  0.798  0.341]
[INFO] [1786593654.283993920] [coord_transform]: [ERGONOMICS] Transform: cam[0.044 0.697 0.124] → base[0.006 0.99  0.42 ]
[INFO] [1786593656.306382391] [coord_transform]: [ERGONOMICS] Transform: cam[0.048 0.706 0.059] → base[0.002 0.998 0.355]
[INFO] [1786593656.833165272] [coord_transform]: Trạng thái tracking: STOPPED
[INFO] [1786593661.388346430] [coord_transform]: Trạng thái tracking: STOPPED
[INFO] [1786593672.495584709] [coord_transform]: Deadband: HOLD at (0.212, 0.016, 0.092)
[INFO] [1786593673.424316552] [coord_transform]: Deadband: RELEASE — motion detected
[INFO] [1786593677.526228144] [coord_transform]: Deadband: HOLD at (0.212, 0.016, 0.092)
[INFO] [1786593677.569160324] [coord_transform]: Deadband: RELEASE — motion detected
[INFO] [1786593677.808938404] [coord_transform]: Trạng thái tracking: STOPPED
[INFO] [1786593679.561271786] [coord_transform]: Deadband: HOLD at (0.212, 0.016, 0.092)
[INFO] [1786593679.596119462] [coord_transform]: Deadband: RELEASE — motion detected
[INFO] [1786593686.956941102] [coord_transform]: Re-sync camera init: [ 0.209 -0.041  0.103]
[INFO] [1786593686.957297992] [coord_transform]: Trạng thái tracking: RUNNING
[INFO] [1786593686.973449467] [coord_transform]: Deadband: RELEASE — motion detected
[INFO] [1786593686.973744199] [coord_transform]: [SNAP ON] Tay thực tế đứng yên. Ép dừng robot (GRU đang lệch 9.2cm).
[INFO] [1786593686.974928471] [coord_transform]: [ERGONOMICS] Transform: cam[ 0.209 -0.041  0.103] → base[-0.162  0.309  0.388]
[INFO] [1786593688.322853218] [coord_transform]: [SNAP OFF] Tay di chuyển lại. Trả quyền cho GRU.
[INFO] [1786593688.702866880] [coord_transform]: Deadband: HOLD at (0.209, -0.041, 0.103)
[INFO] [1786593688.711242327] [coord_transform]: [SNAP ON] Tay thực tế đứng yên. Ép dừng robot (GRU đang lệch 13.9cm).
[INFO] [1786593688.980733905] [coord_transform]: [ERGONOMICS] Transform: cam[ 0.209 -0.041  0.103] → base[-0.162  0.309  0.388]
[INFO] [1786593689.181694031] [coord_transform]: Deadband: RELEASE — motion detected
[INFO] [1786593689.189605455] [coord_transform]: [SNAP OFF] Tay di chuyển lại. Trả quyền cho GRU.
[INFO] [1786593690.986823766] [coord_transform]: [ERGONOMICS] Transform: cam[0.122 0.361 0.152] → base[-0.075  0.711  0.438]
[INFO] [1786593693.015964568] [coord_transform]: [ERGONOMICS] Transform: cam[0.105 0.612 0.119] → base[-0.058  0.962  0.405]
[INFO] [1786593695.032022019] [coord_transform]: [ERGONOMICS] Transform: cam[0.074 0.805 0.063] → base[-0.027  1.155  0.348]
[INFO] [1786593695.628575288] [coord_transform]: Trạng thái tracking: STOPPED
[INFO] [1786593700.022692492] [coord_transform]: Trạng thái tracking: STOPPED
[INFO] [1786593711.985296873] [coord_transform]: Deadband: HOLD at (0.209, -0.041, 0.103)
[INFO] [1786593715.307269218] [coord_transform]: Trạng thái tracking: STOPPED
[INFO] [1786593716.026575943] [coord_transform]: Deadband: RELEASE — motion detected
[INFO] [1786593716.058670111] [coord_transform]: Deadband: HOLD at (0.209, -0.041, 0.103)
[INFO] [1786593718.425681240] [coord_transform]: Deadband: RELEASE — motion detected
[INFO] [1786593718.460310391] [coord_transform]: Deadband: HOLD at (0.209, -0.041, 0.103)
[WARN] [1786593719.433653472] [coord_transform]: Outlier rejected #1 (jumped 802.3mm). Ignoring.
[WARN] [1786593719.461542244] [coord_transform]: Outlier rejected #2 (jumped 802.3mm). Ignoring.
[WARN] [1786593719.501268069] [coord_transform]: Outlier rejected #3 (jumped 802.3mm). Ignoring.
[WARN] [1786593719.531022048] [coord_transform]: Outlier rejected #4 (jumped 802.3mm). Ignoring.
[INFO] [1786593719.564011150] [coord_transform]: Too many outliers (5). Resetting filter to new position.
[INFO] [1786593721.579675034] [coord_transform]: Deadband: HOLD at (0.209, -0.041, 0.103)
[INFO] [1786593722.904199616] [coord_transform]: Re-sync camera init: [ 0.218 -0.008  0.081]
[INFO] [1786593722.904562298] [coord_transform]: Trạng thái tracking: RUNNING
[INFO] [1786593722.934559710] [coord_transform]: [SNAP ON] Tay thực tế đứng yên. Ép dừng robot (GRU đang lệch 0.0cm).
[INFO] [1786593722.935560265] [coord_transform]: [ERGONOMICS] Transform: cam[ 0.218 -0.008  0.081] → base[-0.162  0.309  0.388]
[INFO] [1786593723.196539420] [coord_transform]: Deadband: RELEASE — motion detected
[INFO] [1786593723.202357529] [coord_transform]: [SNAP OFF] Tay di chuyển lại. Trả quyền cho GRU.
[INFO] [1786593724.940723875] [coord_transform]: [ERGONOMICS] Transform: cam[0.124 0.293 0.145] → base[-0.069  0.61   0.453]
[INFO] [1786593726.952715075] [coord_transform]: [ERGONOMICS] Transform: cam[0.096 0.477 0.092] → base[-0.04   0.794  0.4  ]
[INFO] [1786593728.983877394] [coord_transform]: [ERGONOMICS] Transform: cam[0.063 0.667 0.142] → base[-0.007  0.984  0.45 ]
[INFO] [1786593730.989907751] [coord_transform]: [ERGONOMICS] Transform: cam[0.047 0.754 0.1  ] → base[0.008 1.071 0.407]
[INFO] [1786593732.748220147] [coord_transform]: Trạng thái tracking: STOPPED
[INFO] [1786593737.823950530] [coord_transform]: Trạng thái tracking: STOPPED
[INFO] [1786593752.269703715] [coord_transform]: Deadband: HOLD at (0.218, -0.008, 0.081)
[INFO] [1786593756.320710295] [coord_transform]: Deadband: RELEASE — motion detected
[INFO] [1786593756.946302553] [coord_transform]: Đã chuyển mode: ergonomics -> prediction
[INFO] [1786593757.172501233] [coord_transform]: Deadband: HOLD at (0.218, -0.008, 0.081)
[INFO] [1786593757.180569411] [coord_transform]: [SNAP ON] Tay thực tế đứng yên. Ép dừng robot (GRU đang lệch 61.4cm).
[INFO] [1786593757.455325416] [coord_transform]: [SNAP OFF] Tay di chuyển lại. Trả quyền cho GRU.
[INFO] [1786593757.572047402] [coord_transform]: [SNAP OFF] Tay di chuyển lại. Trả quyền cho GRU.
[INFO] [1786593757.949609022] [coord_transform]: [SNAP OFF] Tay di chuyển lại. Trả quyền cho GRU.
[INFO] [1786593758.228529905] [coord_transform]: [SNAP OFF] Tay di chuyển lại. Trả quyền cho GRU.
[INFO] [1786593759.254249154] [coord_transform]: Deadband: HOLD at (0.218, -0.008, 0.081)
[INFO] [1786593759.260119447] [coord_transform]: [SNAP ON] Tay thực tế đứng yên. Ép dừng robot (GRU đang lệch 15.0cm).
[INFO] [1786593760.896626178] [coord_transform]: Deadband: RELEASE — motion detected
[INFO] [1786593760.903707791] [coord_transform]: [SNAP OFF] Tay di chuyển lại. Trả quyền cho GRU.
[INFO] [1786593762.540218608] [coord_transform]: Deadband: HOLD at (0.218, -0.008, 0.081)
[INFO] [1786593763.219688422] [coord_transform]: [SNAP ON] Tay thực tế đứng yên. Ép dừng robot (GRU đang lệch 0.0cm).
[INFO] [1786593763.416352942] [coord_transform]: Deadband: RELEASE — motion detected
[INFO] [1786593764.220932372] [coord_transform]: Trạng thái tracking: STOPPED
[INFO] [1786593770.862452130] [coord_transform]: Deadband: RELEASE — motion detected
[INFO] [1786593770.864184257] [coord_transform]: Re-sync camera init: [0.205 0.101 0.122]
[INFO] [1786593770.864576752] [coord_transform]: Trạng thái tracking: RUNNING
[INFO] [1786593770.902970579] [coord_transform]: [PREDICTION] Transform: cam[0.205 0.101 0.122] → base[-0.162  0.309  0.388]
[INFO] [1786593772.904175735] [coord_transform]: [PREDICTION] Transform: cam[0.205 0.101 0.122] → base[-0.162  0.309  0.388]
[INFO] [1786593773.356642163] [coord_transform]: Deadband: RELEASE — motion detected
[INFO] [1786593773.364711535] [coord_transform]: [SNAP OFF] Tay di chuyển lại. Trả quyền cho GRU.
[INFO] [1786593774.911821435] [coord_transform]: [PREDICTION] Transform: cam[0.101 0.333 0.173] → base[-0.058  0.541  0.439]
[INFO] [1786593776.919247721] [coord_transform]: [PREDICTION] Transform: cam[0.018 0.462 0.152] → base[0.025 0.67  0.418]
[INFO] [1786593778.947541861] [coord_transform]: [PREDICTION] Transform: cam[-0.021  0.546  0.19 ] → base[0.064 0.754 0.457]
[INFO] [1786593780.980493734] [coord_transform]: [PREDICTION] Transform: cam[-0.043  0.629  0.181] → base[0.086 0.837 0.447]
[INFO] [1786593783.014561677] [coord_transform]: [PREDICTION] Transform: cam[-0.047  0.686  0.088] → base[0.09  0.894 0.354]
[INFO] [1786593783.784239888] [coord_transform]: Trạng thái tracking: STOPPED
[INFO] [1786593790.550288076] [coord_transform]: Trạng thái tracking: STOPPED
[INFO] [1786593805.886997352] [coord_transform]: Trạng thái tracking: STOPPED
[WARN] [1786593808.238341653] [coord_transform]: Outlier rejected #1 (jumped 850.5mm). Ignoring.
[WARN] [1786593808.269068758] [coord_transform]: Outlier rejected #2 (jumped 850.5mm). Ignoring.
[WARN] [1786593808.301022333] [coord_transform]: Outlier rejected #3 (jumped 850.5mm). Ignoring.
[WARN] [1786593808.330714931] [coord_transform]: Outlier rejected #4 (jumped 850.5mm). Ignoring.
[INFO] [1786593808.365158237] [coord_transform]: Too many outliers (5). Resetting filter to new position.
[INFO] [1786593816.994461478] [coord_transform]: Re-sync camera init: [0.203 0.04  0.093]
[INFO] [1786593816.994824035] [coord_transform]: Trạng thái tracking: RUNNING
[INFO] [1786593817.049758415] [coord_transform]: Deadband: RELEASE — motion detected
[INFO] [1786593817.050403000] [coord_transform]: [SNAP ON] Tay thực tế đứng yên. Ép dừng robot (GRU đang lệch 9.2cm).
[INFO] [1786593817.051826124] [coord_transform]: [PREDICTION] Transform: cam[0.203 0.04  0.093] → base[-0.162  0.309  0.388]
[INFO] [1786593817.399869935] [coord_transform]: [SNAP OFF] Tay di chuyển lại. Trả quyền cho GRU.
[INFO] [1786593819.077519435] [coord_transform]: [PREDICTION] Transform: cam[0.045 0.278 0.18 ] → base[-0.004  0.547  0.476]
[INFO] [1786593821.110764183] [coord_transform]: [PREDICTION] Transform: cam[0.033 0.435 0.141] → base[0.008 0.704 0.436]
[INFO] [1786593823.121821129] [coord_transform]: [PREDICTION] Transform: cam[-0.009  0.674  0.123] → base[0.05  0.943 0.418]
[INFO] [1786593825.146939254] [coord_transform]: [PREDICTION] Transform: cam[-0.007  0.793  0.07 ] → base[0.048 1.062 0.365]
[INFO] [1786593826.179585905] [coord_transform]: Trạng thái tracking: STOPPED
[INFO] [1786593829.663996479] [coord_transform]: Trạng thái tracking: STOPPED
[INFO] [1786593842.851547942] [coord_transform]: Deadband: HOLD at (0.203, 0.040, 0.093)
[INFO] [1786593843.647291425] [coord_transform]: Deadband: RELEASE — motion detected
[WARN] [1786593845.914832959] [coord_transform]: Outlier rejected #1 (jumped 282.6mm). Ignoring.
[WARN] [1786593845.955367185] [coord_transform]: Outlier rejected #2 (jumped 266.7mm). Ignoring.
[WARN] [1786593845.989948446] [coord_transform]: Outlier rejected #3 (jumped 282.1mm). Ignoring.
[WARN] [1786593846.022399484] [coord_transform]: Outlier rejected #4 (jumped 241.5mm). Ignoring.
[INFO] [1786593846.053222415] [coord_transform]: Too many outliers (5). Resetting filter to new position.
[INFO] [1786593846.151076737] [coord_transform]: Deadband: HOLD at (0.203, 0.040, 0.093)
[INFO] [1786593846.457104746] [coord_transform]: Deadband: RELEASE — motion detected
[INFO] [1786593849.911204269] [coord_transform]: Trạng thái tracking: STOPPED
[INFO] [1786593857.577632487] [coord_transform]: Re-sync camera init: [ 0.218 -0.058  0.072]
[INFO] [1786593857.578128343] [coord_transform]: Trạng thái tracking: RUNNING
[INFO] [1786593857.596948503] [coord_transform]: Deadband: RELEASE — motion detected
[INFO] [1786593857.597477630] [coord_transform]: [SNAP ON] Tay thực tế đứng yên. Ép dừng robot (GRU đang lệch 9.2cm).
[INFO] [1786593857.598656600] [coord_transform]: [PREDICTION] Transform: cam[ 0.218 -0.058  0.072] → base[-0.162  0.309  0.388]
[INFO] [1786593857.967408951] [coord_transform]: [SNAP OFF] Tay di chuyển lại. Trả quyền cho GRU.
[INFO] [1786593859.608843611] [coord_transform]: [PREDICTION] Transform: cam[0.136 0.255 0.13 ] → base[-0.08   0.622  0.446]
[INFO] [1786593861.613718671] [coord_transform]: [PREDICTION] Transform: cam[0.094 0.538 0.115] → base[-0.038  0.905  0.431]
[INFO] [1786593863.628908815] [coord_transform]: [PREDICTION] Transform: cam[0.056 0.762 0.097] → base[0.    1.129 0.413]
[INFO] [1786593865.645754386] [coord_transform]: [PREDICTION] Transform: cam[0.044 0.739 0.046] → base[0.012 1.106 0.362]
[INFO] [1786593866.377881756] [coord_transform]: Trạng thái tracking: STOPPED
[INFO] [1786593871.965435703] [coord_transform]: Trạng thái tracking: STOPPED
[INFO] [1786593884.874759762] [coord_transform]: Deadband: HOLD at (0.218, -0.058, 0.072)
[INFO] [1786593887.251604599] [coord_transform]: Deadband: RELEASE — motion detected
[INFO] [1786593887.281511585] [coord_transform]: Deadband: HOLD at (0.218, -0.058, 0.072)
[INFO] [1786593888.438073809] [coord_transform]: Trạng thái tracking: STOPPED
[INFO] [1786593892.155707505] [coord_transform]: Trạng thái tracking: STOPPED
[INFO] [1786593895.023329620] [coord_transform]: Deadband: RELEASE — motion detected
[INFO] [1786593895.058287661] [coord_transform]: Deadband: HOLD at (0.218, -0.058, 0.072)
[INFO] [1786593897.265861166] [coord_transform]: Deadband: HOLD at (0.218, -0.058, 0.072)
[INFO] [1786593899.525182087] [coord_transform]: Deadband: RELEASE — motion detected
[INFO] [1786593899.727043577] [coord_transform]: Deadband: HOLD at (0.218, -0.058, 0.072)
[INFO] [1786593899.819593646] [coord_transform]: Re-sync camera init: [ 0.223 -0.075  0.087]
[INFO] [1786593899.819894726] [coord_transform]: Trạng thái tracking: RUNNING
[INFO] [1786593899.831004942] [coord_transform]: [SNAP ON] Tay thực tế đứng yên. Ép dừng robot (GRU đang lệch 6.1cm).
[INFO] [1786593899.831962784] [coord_transform]: [PREDICTION] Transform: cam[ 0.223 -0.075  0.087] → base[-0.162  0.309  0.388]
[INFO] [1786593900.348954009] [coord_transform]: [SNAP OFF] Tay di chuyển lại. Trả quyền cho GRU.
[INFO] [1786593901.833153481] [coord_transform]: [PREDICTION] Transform: cam[0.122 0.222 0.155] → base[-0.061  0.605  0.456]
[INFO] [1786593903.841813088] [coord_transform]: [PREDICTION] Transform: cam[0.086 0.538 0.147] → base[-0.025  0.921  0.448]
[INFO] [1786593905.864445585] [coord_transform]: [PREDICTION] Transform: cam[0.045 0.677 0.099] → base[0.017 1.061 0.4  ]
[INFO] [1786593907.565246572] [coord_transform]: Trạng thái tracking: STOPPED
[INFO] [1786593914.458722360] [coord_transform]: Trạng thái tracking: STOPPED
[INFO] [1786593929.445039982] [coord_transform]: Deadband: HOLD at (0.223, -0.075, 0.087)
[INFO] [1786593929.778442503] [coord_transform]: Deadband: RELEASE — motion detected
[INFO] [1786593932.712721686] [coord_transform]: Trạng thái tracking: STOPPED
[INFO] [1786593933.553497167] [coord_transform]: Deadband: RELEASE — motion detected
[WARN] [1786593933.626740363] [coord_transform]: Outlier rejected #1 (jumped 170.8mm). Ignoring.
[WARN] [1786593933.658298543] [coord_transform]: Outlier rejected #2 (jumped 463.9mm). Ignoring.
[WARN] [1786593933.689667514] [coord_transform]: Outlier rejected #3 (jumped 527.3mm). Ignoring.
[WARN] [1786593933.723266308] [coord_transform]: Outlier rejected #4 (jumped 594.0mm). Ignoring.
[INFO] [1786593933.754059695] [coord_transform]: Too many outliers (5). Resetting filter to new position.
[WARN] [1786593933.855366288] [coord_transform]: Outlier rejected #1 (jumped 203.9mm). Ignoring.
[WARN] [1786593933.886220941] [coord_transform]: Outlier rejected #2 (jumped 342.4mm). Ignoring.
[WARN] [1786593934.789219097] [coord_transform]: Outlier rejected #3 (jumped 578.0mm). Ignoring.
[WARN] [1786593934.820744678] [coord_transform]: Outlier rejected #4 (jumped 537.1mm). Ignoring.
[INFO] [1786593934.848940898] [coord_transform]: Too many outliers (5). Resetting filter to new position.
[INFO] [1786593935.318944463] [coord_transform]: Deadband: HOLD at (0.223, -0.075, 0.087)
[INFO] [1786593937.492816064] [coord_transform]: Deadband: RELEASE — motion detected
[INFO] [1786593938.052709996] [coord_transform]: Deadband: HOLD at (0.223, -0.075, 0.087)
[INFO] [1786593940.098901218] [coord_transform]: Re-sync camera init: [ 0.226 -0.111  0.09 ]
[INFO] [1786593940.099119749] [coord_transform]: Trạng thái tracking: RUNNING
[INFO] [1786593940.126502018] [coord_transform]: Deadband: RELEASE — motion detected
[INFO] [1786593940.126833768] [coord_transform]: [SNAP ON] Tay thực tế đứng yên. Ép dừng robot (GRU đang lệch 12.2cm).
[INFO] [1786593940.127710071] [coord_transform]: [PREDICTION] Transform: cam[ 0.226 -0.111  0.09 ] → base[-0.162  0.309  0.388]
[INFO] [1786593940.362089866] [coord_transform]: [SNAP OFF] Tay di chuyển lại. Trả quyền cho GRU.
[INFO] [1786593942.133989995] [coord_transform]: [PREDICTION] Transform: cam[0.128 0.289 0.153] → base[-0.064  0.709  0.451]
[INFO] [1786593944.165688178] [coord_transform]: [PREDICTION] Transform: cam[0.073 0.605 0.12 ] → base[-0.009  1.025  0.419]
[INFO] [1786593946.169079911] [coord_transform]: [PREDICTION] Transform: cam[0.044 0.762 0.069] → base[0.02  1.182 0.367]
[INFO] [1786593947.238076557] [coord_transform]: Trạng thái tracking: STOPPED
[INFO] [1786593951.256035743] [coord_transform]: Trạng thái tracking: STOPPED
[INFO] [1786593974.048780979] [coord_transform]: Deadband: HOLD at (0.226, -0.111, 0.090)
[INFO] [1786593974.085449381] [coord_transform]: Deadband: RELEASE — motion detected
[INFO] [1786593976.086874360] [coord_transform]: Deadband: RELEASE — motion detected
[INFO] [1786593976.164600344] [coord_transform]: Deadband: HOLD at (0.226, -0.111, 0.090)
[INFO] [1786593980.116961009] [coord_transform]: Deadband: HOLD at (0.226, -0.111, 0.090)
[INFO] [1786593980.680661245] [coord_transform]: Deadband: RELEASE — motion detected
[INFO] [1786593983.889369958] [coord_transform]: Deadband: HOLD at (0.226, -0.111, 0.090)
[INFO] [1786593984.056232508] [coord_transform]: Deadband: RELEASE — motion detected
[INFO] [1786593985.075309169] [coord_transform]: Trạng thái tracking: STOPPED
[WARN] [1786593988.841260081] [coord_transform]: Outlier rejected #1 (jumped 166.2mm). Ignoring.
[INFO] [1786593989.028436759] [coord_transform]: Deadband: HOLD at (0.226, -0.111, 0.090)
[INFO] [1786593989.558972856] [coord_transform]: Deadband: RELEASE — motion detected
[WARN] [1786593996.396052090] [coord_transform]: Outlier rejected #1 (jumped 798.9mm). Ignoring.
[WARN] [1786593996.429264373] [coord_transform]: Outlier rejected #2 (jumped 798.9mm). Ignoring.
[WARN] [1786593996.468208637] [coord_transform]: Outlier rejected #3 (jumped 798.9mm). Ignoring.
[WARN] [1786593996.503399185] [coord_transform]: Outlier rejected #4 (jumped 798.9mm). Ignoring.
[INFO] [1786593996.543623733] [coord_transform]: Too many outliers (5). Resetting filter to new position.
[INFO] [1786593998.579507649] [coord_transform]: Trạng thái tracking: STOPPED
[INFO] [1786594004.398731493] [coord_transform]: Deadband: HOLD at (0.226, -0.111, 0.090)
[INFO] [1786594004.433977338] [coord_transform]: Deadband: RELEASE — motion detected
[INFO] [1786594004.950380913] [coord_transform]: Re-sync camera init: [ 0.232 -0.05   0.076]
[INFO] [1786594004.950643601] [coord_transform]: Trạng thái tracking: RUNNING
[INFO] [1786594004.985307658] [coord_transform]: [SNAP ON] Tay thực tế đứng yên. Ép dừng robot (GRU đang lệch 0.0cm).
[INFO] [1786594004.986187540] [coord_transform]: [PREDICTION] Transform: cam[ 0.232 -0.05   0.076] → base[-0.162  0.309  0.388]
[INFO] [1786594005.749297154] [coord_transform]: [SNAP OFF] Tay di chuyển lại. Trả quyền cho GRU.
[INFO] [1786594006.994935215] [coord_transform]: [PREDICTION] Transform: cam[0.149 0.24  0.15 ] → base[-0.079  0.599  0.462]
[INFO] [1786594008.995816548] [coord_transform]: [PREDICTION] Transform: cam[0.051 0.542 0.114] → base[0.019 0.901 0.426]
[INFO] [1786594011.000168607] [coord_transform]: [PREDICTION] Transform: cam[0.002 0.772 0.109] → base[0.068 1.131 0.422]
[INFO] [1786594012.746398650] [coord_transform]: Trạng thái tracking: STOPPED
[INFO] [1786594018.045982758] [coord_transform]: Trạng thái tracking: STOPPED
[INFO] [1786594030.839244541] [coord_transform]: Trạng thái tracking: STOPPED
[INFO] [1786594076.024017648] [coord_transform]: Deadband: HOLD at (0.232, -0.050, 0.076)
[INFO] [1786594076.061385586] [coord_transform]: Deadband: RELEASE — motion detected
[INFO] [1786594079.200568283] [coord_transform]: Trạng thái tracking: STOPPED
[INFO] [1786594091.258856775] [coord_transform]: Re-sync camera init: [ 0.232 -0.     0.122]
[INFO] [1786594091.259115556] [coord_transform]: Trạng thái tracking: RUNNING
[INFO] [1786594091.286621427] [coord_transform]: Deadband: RELEASE — motion detected
[INFO] [1786594091.287058046] [coord_transform]: [SNAP ON] Tay thực tế đứng yên. Ép dừng robot (GRU đang lệch 12.4cm).
[INFO] [1786594091.288164200] [coord_transform]: [PREDICTION] Transform: cam[ 0.232 -0.     0.122] → base[-0.162  0.309  0.388]
[INFO] [1786594091.645103996] [coord_transform]: [SNAP OFF] Tay di chuyển lại. Trả quyền cho GRU.
[INFO] [1786594093.293037451] [coord_transform]: [PREDICTION] Transform: cam[0.122 0.303 0.172] → base[-0.052  0.612  0.438]
[INFO] [1786594095.314364561] [coord_transform]: [PREDICTION] Transform: cam[0.057 0.557 0.132] → base[0.013 0.866 0.398]
[INFO] [1786594097.334561320] [coord_transform]: [PREDICTION] Transform: cam[0.037 0.72  0.117] → base[0.033 1.029 0.383]
[INFO] [1786594098.752182371] [coord_transform]: Trạng thái tracking: STOPPED
[INFO] [1786594103.646497948] [coord_transform]: Trạng thái tracking: STOPPED
[INFO] [1786594115.747325457] [coord_transform]: Deadband: HOLD at (0.232, -0.000, 0.122)
[INFO] [1786594115.784218377] [coord_transform]: Deadband: RELEASE — motion detected
[WARN] [1786594117.661206311] [coord_transform]: Outlier rejected #1 (jumped 211.7mm). Ignoring.
[WARN] [1786594117.696856711] [coord_transform]: Outlier rejected #2 (jumped 223.7mm). Ignoring.
[WARN] [1786594117.729502240] [coord_transform]: Outlier rejected #3 (jumped 230.2mm). Ignoring.
[WARN] [1786594117.762483643] [coord_transform]: Outlier rejected #4 (jumped 244.5mm). Ignoring.
[INFO] [1786594117.796583031] [coord_transform]: Too many outliers (5). Resetting filter to new position.
[INFO] [1786594118.200961628] [coord_transform]: Deadband: HOLD at (0.232, -0.000, 0.122)
[INFO] [1786594118.457696224] [coord_transform]: Deadband: RELEASE — motion detected
[INFO] [1786594121.454601683] [coord_transform]: Trạng thái tracking: STOPPED
[INFO] [1786594121.588740063] [coord_transform]: Deadband: RELEASE — motion detected
[INFO] [1786594123.572234158] [coord_transform]: Deadband: HOLD at (0.232, -0.000, 0.122)
[INFO] [1786594123.891336967] [coord_transform]: Deadband: RELEASE — motion detected
[INFO] [1786594125.592641437] [coord_transform]: Deadband: HOLD at (0.232, -0.000, 0.122)
[INFO] [1786594128.720978893] [coord_transform]: Deadband: RELEASE — motion detected
[INFO] [1786594128.936108074] [coord_transform]: Re-sync camera init: [0.186 0.123 0.147]
[INFO] [1786594128.936504895] [coord_transform]: Trạng thái tracking: RUNNING
[INFO] [1786594128.967285450] [coord_transform]: [SNAP ON] Tay thực tế đứng yên. Ép dừng robot (GRU đang lệch 12.1cm).
[INFO] [1786594128.968133333] [coord_transform]: [PREDICTION] Transform: cam[0.186 0.123 0.147] → base[-0.162  0.309  0.388]
[INFO] [1786594129.656972905] [coord_transform]: [SNAP OFF] Tay di chuyển lại. Trả quyền cho GRU.
[INFO] [1786594130.990307346] [coord_transform]: [PREDICTION] Transform: cam[0.121 0.238 0.172] → base[-0.097  0.424  0.413]
[INFO] [1786594131.506579238] [coord_transform]: Deadband: HOLD at (0.186, 0.123, 0.147)
[INFO] [1786594131.515921775] [coord_transform]: [SNAP ON] Tay thực tế đứng yên. Ép dừng robot (GRU đang lệch 11.1cm).
[INFO] [1786594131.912399443] [coord_transform]: Deadband: RELEASE — motion detected
[INFO] [1786594131.920002812] [coord_transform]: [SNAP OFF] Tay di chuyển lại. Trả quyền cho GRU.
[INFO] [1786594132.049754383] [coord_transform]: Trạng thái tracking: STOPPED
[WARN] [1786594133.755941153] [coord_transform]: Outlier rejected #1 (jumped 194.0mm). Ignoring.
[WARN] [1786594133.811156035] [coord_transform]: Outlier rejected #2 (jumped 226.7mm). Ignoring.
[WARN] [1786594133.859913242] [coord_transform]: Outlier rejected #3 (jumped 221.6mm). Ignoring.
[WARN] [1786594133.897703921] [coord_transform]: Outlier rejected #4 (jumped 234.6mm). Ignoring.
[INFO] [1786594133.935160476] [coord_transform]: Too many outliers (5). Resetting filter to new position.
[WARN] [1786594136.029777803] [coord_transform]: Outlier rejected #1 (jumped 204.7mm). Ignoring.
[WARN] [1786594136.069346823] [coord_transform]: Outlier rejected #2 (jumped 193.1mm). Ignoring.
[WARN] [1786594136.095661428] [coord_transform]: Outlier rejected #3 (jumped 176.8mm). Ignoring.
[WARN] [1786594136.134502766] [coord_transform]: Outlier rejected #4 (jumped 179.5mm). Ignoring.
[INFO] [1786594136.162274797] [coord_transform]: Too many outliers (5). Resetting filter to new position.
[WARN] [1786594141.602588114] [coord_transform]: Outlier rejected #1 (jumped 581.8mm). Ignoring.
[WARN] [1786594141.636314869] [coord_transform]: Outlier rejected #2 (jumped 618.5mm). Ignoring.
[WARN] [1786594141.671823728] [coord_transform]: Outlier rejected #3 (jumped 793.6mm). Ignoring.
[WARN] [1786594141.700596882] [coord_transform]: Outlier rejected #4 (jumped 682.5mm). Ignoring.
[INFO] [1786594141.734014797] [coord_transform]: Too many outliers (5). Resetting filter to new position.
[INFO] [1786594147.102161047] [coord_transform]: Trạng thái tracking: STOPPED
[INFO] [1786594157.799158965] [coord_transform]: Re-sync camera init: [0.213 0.048 0.068]
[INFO] [1786594157.799422679] [coord_transform]: Trạng thái tracking: RUNNING
[INFO] [1786594157.841518593] [coord_transform]: Deadband: RELEASE — motion detected
[INFO] [1786594157.841824671] [coord_transform]: [SNAP ON] Tay thực tế đứng yên. Ép dừng robot (GRU đang lệch 10.4cm).
[INFO] [1786594157.842948873] [coord_transform]: [PREDICTION] Transform: cam[0.213 0.048 0.068] → base[-0.162  0.309  0.388]
[INFO] [1786594159.876839464] [coord_transform]: [PREDICTION] Transform: cam[0.213 0.048 0.068] → base[-0.162  0.309  0.388]
[INFO] [1786594161.750466878] [coord_transform]: Deadband: RELEASE — motion detected
[INFO] [1786594161.756389739] [coord_transform]: [SNAP OFF] Tay di chuyển lại. Trả quyền cho GRU.
[INFO] [1786594161.903147299] [coord_transform]: [PREDICTION] Transform: cam[0.143 0.15  0.164] → base[-0.092  0.41   0.484]
[INFO] [1786594163.934127086] [coord_transform]: [PREDICTION] Transform: cam[0.043 0.355 0.172] → base[0.008 0.616 0.492]
[INFO] [1786594165.970106594] [coord_transform]: [PREDICTION] Transform: cam[0.014 0.392 0.165] → base[0.037 0.653 0.485]
[INFO] [1786594167.997921031] [coord_transform]: [PREDICTION] Transform: cam[-0.016  0.56   0.146] → base[0.067 0.821 0.466]
[INFO] [1786594169.998381175] [coord_transform]: [PREDICTION] Transform: cam[-0.005  0.585  0.13 ] → base[0.056 0.846 0.45 ]
[INFO] [1786594172.017287345] [coord_transform]: [PREDICTION] Transform: cam[-0.001  0.613  0.04 ] → base[0.052 0.874 0.361]
[INFO] [1786594173.675620001] [coord_transform]: Trạng thái tracking: STOPPED
[INFO] [1786594179.062071180] [coord_transform]: Trạng thái tracking: STOPPED
[WARN] [1786594187.183426034] [coord_transform]: Outlier rejected #1 (jumped 157.0mm). Ignoring.
[WARN] [1786594187.217428613] [coord_transform]: Outlier rejected #2 (jumped 157.0mm). Ignoring.
[WARN] [1786594187.247028986] [coord_transform]: Outlier rejected #3 (jumped 157.0mm). Ignoring.
[WARN] [1786594187.280586823] [coord_transform]: Outlier rejected #4 (jumped 157.0mm). Ignoring.
[INFO] [1786594187.313556540] [coord_transform]: Too many outliers (5). Resetting filter to new position.
[WARN] [1786594191.843597574] [coord_transform]: Outlier rejected #1 (jumped 249.0mm). Ignoring.
[WARN] [1786594191.871821204] [coord_transform]: Outlier rejected #2 (jumped 264.2mm). Ignoring.
[WARN] [1786594191.912051322] [coord_transform]: Outlier rejected #3 (jumped 246.5mm). Ignoring.
[WARN] [1786594191.941296490] [coord_transform]: Outlier rejected #4 (jumped 280.4mm). Ignoring.
[INFO] [1786594191.977678756] [coord_transform]: Too many outliers (5). Resetting filter to new position.
[INFO] [1786594192.273528302] [coord_transform]: Deadband: HOLD at (0.213, 0.048, 0.068)
[INFO] [1786594192.372800007] [coord_transform]: Deadband: RELEASE — motion detected
[INFO] [1786594194.296951023] [coord_transform]: Trạng thái tracking: STOPPED
[INFO] [1786594206.589113592] [coord_transform]: Re-sync camera init: [ 0.223 -0.12   0.059]
[INFO] [1786594206.589543707] [coord_transform]: Trạng thái tracking: RUNNING
[INFO] [1786594206.620459357] [coord_transform]: Deadband: RELEASE — motion detected
[INFO] [1786594206.620819115] [coord_transform]: [SNAP ON] Tay thực tế đứng yên. Ép dừng robot (GRU đang lệch 8.9cm).
[INFO] [1786594206.621643621] [coord_transform]: [PREDICTION] Transform: cam[ 0.223 -0.12   0.059] → base[-0.162  0.309  0.388]
[INFO] [1786594207.184149966] [coord_transform]: [SNAP OFF] Tay di chuyển lại. Trả quyền cho GRU.
[INFO] [1786594208.628019083] [coord_transform]: [PREDICTION] Transform: cam[0.152 0.199 0.16 ] → base[-0.091  0.628  0.49 ]
[INFO] [1786594210.632427694] [coord_transform]: [PREDICTION] Transform: cam[0.109 0.522 0.152] → base[-0.048  0.951  0.481]
[INFO] [1786594212.674685372] [coord_transform]: [PREDICTION] Transform: cam[0.035 0.809 0.073] → base[0.026 1.238 0.402]
[INFO] [1786594214.324677866] [coord_transform]: Trạng thái tracking: STOPPED
[INFO] [1786594219.706468408] [coord_transform]: Trạng thái tracking: STOPPED
[WARN] [1786594232.172081384] [coord_transform]: Outlier rejected #1 (jumped 179.4mm). Ignoring.
[WARN] [1786594232.206041410] [coord_transform]: Outlier rejected #2 (jumped 371.3mm). Ignoring.
[WARN] [1786594232.233795000] [coord_transform]: Outlier rejected #3 (jumped 483.0mm). Ignoring.
[INFO] [1786594237.787405584] [coord_transform]: Trạng thái tracking: STOPPED
[INFO] [1786594244.084585502] [coord_transform]: Re-sync camera init: [0.212 0.108 0.08 ]
[INFO] [1786594244.084859143] [coord_transform]: Trạng thái tracking: RUNNING
[INFO] [1786594244.126239514] [coord_transform]: Deadband: RELEASE — motion detected
[INFO] [1786594244.126565081] [coord_transform]: [SNAP ON] Tay thực tế đứng yên. Ép dừng robot (GRU đang lệch 5.8cm).
[INFO] [1786594244.127655708] [coord_transform]: [PREDICTION] Transform: cam[0.212 0.108 0.08 ] → base[-0.162  0.309  0.388]
[INFO] [1786594244.773479786] [coord_transform]: [SNAP OFF] Tay di chuyển lại. Trả quyền cho GRU.
[INFO] [1786594246.155794692] [coord_transform]: [PREDICTION] Transform: cam[0.122 0.298 0.17 ] → base[-0.072  0.499  0.478]
[INFO] [1786594248.191114959] [coord_transform]: [PREDICTION] Transform: cam[0.053 0.393 0.122] → base[-0.003  0.594  0.43 ]
[INFO] [1786594250.205979309] [coord_transform]: [PREDICTION] Transform: cam[-0.006  0.494  0.155] → base[0.056 0.695 0.463]
[INFO] [1786594252.228763109] [coord_transform]: [PREDICTION] Transform: cam[-0.03   0.613  0.153] → base[0.08  0.814 0.461]
[INFO] [1786594254.240115663] [coord_transform]: [PREDICTION] Transform: cam[-0.054  0.658  0.108] → base[0.104 0.859 0.416]
[INFO] [1786594256.015524966] [coord_transform]: Trạng thái tracking: STOPPED
[INFO] [1786594260.815671399] [coord_transform]: Trạng thái tracking: STOPPED
[WARN] [1786594264.359098956] [coord_transform]: Outlier rejected #1 (jumped 200.3mm). Ignoring.
[WARN] [1786594264.394689578] [coord_transform]: Outlier rejected #2 (jumped 200.3mm). Ignoring.
[WARN] [1786594264.436300182] [coord_transform]: Outlier rejected #3 (jumped 200.3mm). Ignoring.
[WARN] [1786594264.471679024] [coord_transform]: Outlier rejected #4 (jumped 200.3mm). Ignoring.
[INFO] [1786594264.500125116] [coord_transform]: Too many outliers (5). Resetting filter to new position.
[INFO] [1786594270.424888863] [coord_transform]: Deadband: HOLD at (0.212, 0.108, 0.080)
[INFO] [1786594270.925151160] [coord_transform]: Deadband: RELEASE — motion detected
[INFO] [1786594274.382691272] [coord_transform]: Trạng thái tracking: STOPPED
[INFO] [1786594286.111624273] [coord_transform]: Re-sync camera init: [0.222 0.071 0.093]
[INFO] [1786594286.111913823] [coord_transform]: Trạng thái tracking: RUNNING
[INFO] [1786594286.119665956] [coord_transform]: Deadband: RELEASE — motion detected
[INFO] [1786594286.120001354] [coord_transform]: [SNAP ON] Tay thực tế đứng yên. Ép dừng robot (GRU đang lệch 12.2cm).
[INFO] [1786594286.120837195] [coord_transform]: [PREDICTION] Transform: cam[0.222 0.071 0.093] → base[-0.162  0.309  0.388]
[INFO] [1786594286.704803474] [coord_transform]: [SNAP OFF] Tay di chuyển lại. Trả quyền cho GRU.
[INFO] [1786594288.154623012] [coord_transform]: [PREDICTION] Transform: cam[0.118 0.31  0.17 ] → base[-0.058  0.548  0.465]
[INFO] [1786594290.157300389] [coord_transform]: [PREDICTION] Transform: cam[0.054 0.529 0.091] → base[0.006 0.767 0.386]
[INFO] [1786594292.173858634] [coord_transform]: [PREDICTION] Transform: cam[-0.013  0.667  0.102] → base[0.073 0.905 0.397]
[INFO] [1786594294.196285153] [coord_transform]: [PREDICTION] Transform: cam[-0.021  0.765  0.057] → base[0.081 1.003 0.352]
[INFO] [1786594294.767563664] [coord_transform]: Trạng thái tracking: STOPPED
[INFO] [1786594299.129953733] [coord_transform]: Trạng thái tracking: STOPPED
[INFO] [1786594310.731236911] [coord_transform]: Deadband: HOLD at (0.222, 0.071, 0.093)
[INFO] [1786594310.828502216] [coord_transform]: Deadband: RELEASE — motion detected
[INFO] [1786594315.090415836] [coord_transform]: Trạng thái tracking: STOPPED
[INFO] [1786594323.639618320] [coord_transform]: Re-sync camera init: [ 0.223 -0.025  0.066]
[INFO] [1786594323.640005802] [coord_transform]: Trạng thái tracking: RUNNING
[INFO] [1786594323.680006419] [coord_transform]: Deadband: RELEASE — motion detected
[INFO] [1786594323.680339866] [coord_transform]: [SNAP ON] Tay thực tế đứng yên. Ép dừng robot (GRU đang lệch 8.4cm).
[INFO] [1786594323.681222884] [coord_transform]: [PREDICTION] Transform: cam[ 0.223 -0.025  0.066] → base[-0.162  0.309  0.388]
[INFO] [1786594324.313347681] [coord_transform]: [SNAP OFF] Tay di chuyển lại. Trả quyền cho GRU.
[INFO] [1786594325.683807958] [coord_transform]: [PREDICTION] Transform: cam[0.114 0.327 0.121] → base[-0.053  0.661  0.444]
[INFO] [1786594327.685203071] [coord_transform]: [PREDICTION] Transform: cam[0.049 0.607 0.096] → base[0.012 0.94  0.419]
[INFO] [1786594329.686377799] [coord_transform]: [PREDICTION] Transform: cam[0.017 0.818 0.062] → base[0.044 1.152 0.385]
[INFO] [1786594331.523798646] [coord_transform]: Trạng thái tracking: STOPPED
[INFO] [1786594335.819011404] [coord_transform]: Trạng thái tracking: STOPPED
[WARN] [1786594351.458475759] [coord_transform]: Outlier rejected #1 (jumped 872.9mm). Ignoring.
[WARN] [1786594351.493813333] [coord_transform]: Outlier rejected #2 (jumped 872.9mm). Ignoring.
[WARN] [1786594351.521671695] [coord_transform]: Outlier rejected #3 (jumped 872.9mm). Ignoring.
[WARN] [1786594351.559646753] [coord_transform]: Outlier rejected #4 (jumped 872.9mm). Ignoring.
[INFO] [1786594351.593717866] [coord_transform]: Too many outliers (5). Resetting filter to new position.
[INFO] [1786594352.057229006] [coord_transform]: Deadband: HOLD at (0.223, -0.025, 0.066)
[INFO] [1786594352.096205365] [coord_transform]: Deadband: RELEASE — motion detected
[WARN] [1786594354.830517024] [coord_transform]: Outlier rejected #1 (jumped 298.8mm). Ignoring.
[WARN] [1786594354.868238993] [coord_transform]: Outlier rejected #2 (jumped 492.2mm). Ignoring.
[WARN] [1786594354.901418381] [coord_transform]: Outlier rejected #3 (jumped 546.1mm). Ignoring.
[WARN] [1786594354.937369426] [coord_transform]: Outlier rejected #4 (jumped 551.1mm). Ignoring.
[INFO] [1786594354.971971523] [coord_transform]: Too many outliers (5). Resetting filter to new position.
[WARN] [1786594356.837372063] [coord_transform]: Outlier rejected #1 (jumped 652.2mm). Ignoring.
[WARN] [1786594356.862183860] [coord_transform]: Outlier rejected #2 (jumped 652.5mm). Ignoring.
[WARN] [1786594356.894517215] [coord_transform]: Outlier rejected #3 (jumped 634.6mm). Ignoring.
[WARN] [1786594356.928985012] [coord_transform]: Outlier rejected #4 (jumped 670.8mm). Ignoring.
[INFO] [1786594356.962891917] [coord_transform]: Too many outliers (5). Resetting filter to new position.
[INFO] [1786594356.963686759] [coord_transform]: Deadband: HOLD at (0.223, -0.025, 0.066)
[INFO] [1786594357.083948531] [coord_transform]: Đã chuyển mode: prediction -> ground_truth
[INFO] [1786594361.795036476] [coord_transform]: Trạng thái tracking: STOPPED
[WARN] [1786594365.969652261] [coord_transform]: Outlier rejected #1 (jumped 150.5mm). Ignoring.
[INFO] [1786594370.227711181] [coord_transform]: Re-sync camera init: [ 0.226 -0.156  0.07 ]
[INFO] [1786594370.228182305] [coord_transform]: Trạng thái tracking: RUNNING
[INFO] [1786594370.241023036] [coord_transform]: [GROUND_TRUTH] Transform: cam[ 0.226 -0.156  0.07 ] → base[-0.162  0.309  0.388]
[INFO] [1786594370.751848584] [coord_transform]: Deadband: RELEASE — motion detected
[INFO] [1786594372.274330091] [coord_transform]: [GROUND_TRUTH] Transform: cam[0.173 0.311 0.146] → base[-0.109  0.776  0.464]
[INFO] [1786594374.308897128] [coord_transform]: [GROUND_TRUTH] Transform: cam[0.081 0.647 0.111] → base[-0.017  1.112  0.43 ]
[INFO] [1786594376.315739956] [coord_transform]: [GROUND_TRUTH] Transform: cam[0.079 0.778 0.066] → base[-0.015  1.243  0.384]
[INFO] [1786594378.258364831] [coord_transform]: Trạng thái tracking: STOPPED
[INFO] [1786594384.217406101] [coord_transform]: Trạng thái tracking: STOPPED
[INFO] [1786594400.664242316] [coord_transform]: Deadband: HOLD at (0.226, -0.156, 0.070)
[INFO] [1786594400.695601242] [coord_transform]: Deadband: RELEASE — motion detected
[INFO] [1786594401.936325988] [coord_transform]: Trạng thái tracking: STOPPED
[INFO] [1786594410.032655610] [coord_transform]: Deadband: HOLD at (0.226, -0.156, 0.070)
[INFO] [1786594410.689719427] [coord_transform]: Deadband: RELEASE — motion detected
[INFO] [1786594410.820538139] [coord_transform]: Re-sync camera init: [ 0.227 -0.071  0.098]
[INFO] [1786594410.820767099] [coord_transform]: Trạng thái tracking: RUNNING
[INFO] [1786594410.845890482] [coord_transform]: [GROUND_TRUTH] Transform: cam[ 0.227 -0.071  0.098] → base[-0.162  0.309  0.388]
[INFO] [1786594412.851284219] [coord_transform]: [GROUND_TRUTH] Transform: cam[0.145 0.324 0.175] → base[-0.08   0.704  0.465]
[INFO] [1786594414.868761336] [coord_transform]: [GROUND_TRUTH] Transform: cam[0.117 0.555 0.122] → base[-0.052  0.935  0.411]
[INFO] [1786594416.876393729] [coord_transform]: [GROUND_TRUTH] Transform: cam[0.054 0.787 0.077] → base[0.011 1.167 0.367]
[INFO] [1786594418.877118975] [coord_transform]: [GROUND_TRUTH] Transform: cam[0.055 0.752 0.023] → base[0.009 1.132 0.313]
[INFO] [1786594419.674202400] [coord_transform]: Trạng thái tracking: STOPPED
[INFO] [1786594423.703368174] [coord_transform]: Trạng thái tracking: STOPPED
[INFO] [1786594435.526458467] [coord_transform]: Deadband: HOLD at (0.227, -0.071, 0.098)
[INFO] [1786594439.855927340] [coord_transform]: Deadband: RELEASE — motion detected
[INFO] [1786594439.892613414] [coord_transform]: Deadband: HOLD at (0.227, -0.071, 0.098)
[INFO] [1786594442.325460340] [coord_transform]: Deadband: RELEASE — motion detected
[INFO] [1786594442.545582914] [coord_transform]: Trạng thái tracking: STOPPED
[INFO] [1786594442.859944860] [coord_transform]: Deadband: HOLD at (0.227, -0.071, 0.098)
[INFO] [1786594445.363682912] [coord_transform]: Deadband: HOLD at (0.227, -0.071, 0.098)
[INFO] [1786594445.393935387] [coord_transform]: Deadband: RELEASE — motion detected
[INFO] [1786594447.761535559] [coord_transform]: Deadband: RELEASE — motion detected
[INFO] [1786594447.827437837] [coord_transform]: Deadband: HOLD at (0.227, -0.071, 0.098)
[INFO] [1786594449.892606572] [coord_transform]: Deadband: HOLD at (0.227, -0.071, 0.098)
[INFO] [1786594449.932447753] [coord_transform]: Deadband: RELEASE — motion detected
[INFO] [1786594452.421867473] [coord_transform]: Re-sync camera init: [ 0.218 -0.058  0.08 ]
[INFO] [1786594452.422326036] [coord_transform]: Trạng thái tracking: RUNNING
[INFO] [1786594452.440180801] [coord_transform]: [GROUND_TRUTH] Transform: cam[ 0.218 -0.058  0.08 ] → base[-0.162  0.309  0.388]
[INFO] [1786594452.908289574] [coord_transform]: Deadband: RELEASE — motion detected
[INFO] [1786594454.469325056] [coord_transform]: [GROUND_TRUTH] Transform: cam[0.141 0.318 0.127] → base[-0.085  0.685  0.435]
[INFO] [1786594456.480465417] [coord_transform]: [GROUND_TRUTH] Transform: cam[0.13  0.538 0.132] → base[-0.074  0.905  0.44 ]
[INFO] [1786594458.509428262] [coord_transform]: [GROUND_TRUTH] Transform: cam[0.062 0.789 0.077] → base[-0.006  1.156  0.386]
[INFO] [1786594460.527016962] [coord_transform]: [GROUND_TRUTH] Transform: cam[0.057 0.739 0.022] → base[-1.000e-03  1.106e+00  3.300e-01]
[INFO] [1786594460.882897601] [coord_transform]: Trạng thái tracking: STOPPED
[INFO] [1786594463.272641321] [coord_transform]: Trạng thái tracking: STOPPED
[INFO] [1786594477.182313192] [coord_transform]: Deadband: HOLD at (0.218, -0.058, 0.080)
[INFO] [1786594483.231925692] [coord_transform]: Trạng thái tracking: STOPPED
[INFO] [1786594487.465986646] [coord_transform]: Deadband: RELEASE — motion detected
[INFO] [1786594487.500223886] [coord_transform]: Deadband: HOLD at (0.218, -0.058, 0.080)
[INFO] [1786594489.524413306] [coord_transform]: Deadband: RELEASE — motion detected
[INFO] [1786594489.996014953] [coord_transform]: Deadband: HOLD at (0.218, -0.058, 0.080)
[INFO] [1786594490.516002108] [coord_transform]: Re-sync camera init: [ 0.216 -0.075  0.072]
[INFO] [1786594490.516387497] [coord_transform]: Trạng thái tracking: RUNNING
[INFO] [1786594490.526724509] [coord_transform]: [GROUND_TRUTH] Transform: cam[ 0.216 -0.075  0.072] → base[-0.162  0.309  0.388]
[INFO] [1786594492.555094385] [coord_transform]: [GROUND_TRUTH] Transform: cam[0.175 0.295 0.155] → base[-0.121  0.679  0.471]
[INFO] [1786594494.564505865] [coord_transform]: [GROUND_TRUTH] Transform: cam[0.118 0.59  0.107] → base[-0.064  0.974  0.423]
[INFO] [1786594496.564556797] [coord_transform]: [GROUND_TRUTH] Transform: cam[0.065 0.815 0.072] → base[-0.011  1.199  0.389]
[INFO] [1786594498.566843265] [coord_transform]: [GROUND_TRUTH] Transform: cam[0.067 0.754 0.025] → base[-0.013  1.138  0.341]
[INFO] [1786594498.831524461] [coord_transform]: Trạng thái tracking: STOPPED
[INFO] [1786594508.197048512] [coord_transform]: Trạng thái tracking: STOPPED
[WARN] [1786594518.608631492] [coord_transform]: Outlier rejected #1 (jumped 423.0mm). Ignoring.
[WARN] [1786594518.644149842] [coord_transform]: Outlier rejected #2 (jumped 404.8mm). Ignoring.
[WARN] [1786594518.711976824] [coord_transform]: Outlier rejected #1 (jumped 522.9mm). Ignoring.
[WARN] [1786594518.749977873] [coord_transform]: Outlier rejected #2 (jumped 162.2mm). Ignoring.
[WARN] [1786594518.923380038] [coord_transform]: Outlier rejected #1 (jumped 331.7mm). Ignoring.
[WARN] [1786594518.988513798] [coord_transform]: Outlier rejected #1 (jumped 396.9mm). Ignoring.
[WARN] [1786594519.020567972] [coord_transform]: Outlier rejected #2 (jumped 386.4mm). Ignoring.
[WARN] [1786594519.051924389] [coord_transform]: Outlier rejected #3 (jumped 788.2mm). Ignoring.
[WARN] [1786594519.150072951] [coord_transform]: Outlier rejected #4 (jumped 777.3mm). Ignoring.
[INFO] [1786594519.185109533] [coord_transform]: Too many outliers (5). Resetting filter to new position.
[WARN] [1786594519.497757955] [coord_transform]: Outlier rejected #1 (jumped 258.2mm). Ignoring.
[WARN] [1786594519.532416487] [coord_transform]: Outlier rejected #2 (jumped 290.2mm). Ignoring.
[WARN] [1786594519.571858001] [coord_transform]: Outlier rejected #3 (jumped 358.6mm). Ignoring.
[WARN] [1786594519.608790617] [coord_transform]: Outlier rejected #4 (jumped 343.9mm). Ignoring.
[INFO] [1786594519.640462879] [coord_transform]: Too many outliers (5). Resetting filter to new position.
[WARN] [1786594522.380421245] [coord_transform]: Outlier rejected #1 (jumped 263.9mm). Ignoring.
[INFO] [1786594522.449816512] [coord_transform]: Deadband: HOLD at (0.216, -0.075, 0.072)
[INFO] [1786594522.782330747] [coord_transform]: Deadband: RELEASE — motion detected
[WARN] [1786594526.206638082] [coord_transform]: Outlier rejected #1 (jumped 947.5mm). Ignoring.
[WARN] [1786594526.241029005] [coord_transform]: Outlier rejected #2 (jumped 983.2mm). Ignoring.
[WARN] [1786594526.270272957] [coord_transform]: Outlier rejected #3 (jumped 965.3mm). Ignoring.
[WARN] [1786594526.299041559] [coord_transform]: Outlier rejected #4 (jumped 1086.3mm). Ignoring.
[INFO] [1786594526.326197076] [coord_transform]: Too many outliers (5). Resetting filter to new position.
[WARN] [1786594526.400230954] [coord_transform]: Outlier rejected #1 (jumped 471.5mm). Ignoring.
[INFO] [1786594527.658602693] [coord_transform]: Deadband: HOLD at (0.216, -0.075, 0.072)
[INFO] [1786594527.717871352] [coord_transform]: Deadband: RELEASE — motion detected
[WARN] [1786594527.785169807] [coord_transform]: Outlier rejected #1 (jumped 241.8mm). Ignoring.
[WARN] [1786594527.822673147] [coord_transform]: Outlier rejected #2 (jumped 298.6mm). Ignoring.
[INFO] [1786594530.294564560] [coord_transform]: Deadband: HOLD at (0.216, -0.075, 0.072)
[WARN] [1786594530.689088641] [coord_transform]: Outlier rejected #1 (jumped 158.5mm). Ignoring.
[INFO] [1786594531.920706337] [coord_transform]: Deadband: RELEASE — motion detected
[WARN] [1786594538.228959452] [coord_transform]: Outlier rejected #1 (jumped 238.4mm). Ignoring.
[WARN] [1786594538.262162850] [coord_transform]: Outlier rejected #2 (jumped 265.7mm). Ignoring.
[WARN] [1786594538.294513051] [coord_transform]: Outlier rejected #3 (jumped 252.7mm). Ignoring.
[WARN] [1786594538.327309066] [coord_transform]: Outlier rejected #4 (jumped 266.8mm). Ignoring.
[INFO] [1786594538.361923351] [coord_transform]: Too many outliers (5). Resetting filter to new position.
[INFO] [1786594538.494254756] [coord_transform]: Deadband: RELEASE — motion detected
[WARN] [1786594546.183637824] [coord_transform]: Outlier rejected #1 (jumped 797.1mm). Ignoring.
[WARN] [1786594546.212744120] [coord_transform]: Outlier rejected #2 (jumped 880.2mm). Ignoring.
[WARN] [1786594546.246610649] [coord_transform]: Outlier rejected #3 (jumped 929.0mm). Ignoring.
[WARN] [1786594546.279245911] [coord_transform]: Outlier rejected #4 (jumped 987.7mm). Ignoring.
[INFO] [1786594546.310269380] [coord_transform]: Too many outliers (5). Resetting filter to new position.
[WARN] [1786594546.602445569] [coord_transform]: Outlier rejected #1 (jumped 507.5mm). Ignoring.
[WARN] [1786594546.634664560] [coord_transform]: Outlier rejected #2 (jumped 538.6mm). Ignoring.
[WARN] [1786594546.669279470] [coord_transform]: Outlier rejected #3 (jumped 854.2mm). Ignoring.
[WARN] [1786594546.701747936] [coord_transform]: Outlier rejected #4 (jumped 611.6mm). Ignoring.
[INFO] [1786594546.768396042] [coord_transform]: Too many outliers (5). Resetting filter to new position.
[WARN] [1786594546.940786931] [coord_transform]: Outlier rejected #1 (jumped 528.5mm). Ignoring.
[WARN] [1786594546.976302433] [coord_transform]: Outlier rejected #2 (jumped 592.2mm). Ignoring.
[WARN] [1786594547.005041472] [coord_transform]: Outlier rejected #3 (jumped 610.1mm). Ignoring.
[WARN] [1786594547.048359669] [coord_transform]: Outlier rejected #4 (jumped 620.1mm). Ignoring.
[INFO] [1786594547.078170113] [coord_transform]: Too many outliers (5). Resetting filter to new position.
[WARN] [1786594547.349678606] [coord_transform]: Outlier rejected #1 (jumped 812.2mm). Ignoring.
[WARN] [1786594547.377517546] [coord_transform]: Outlier rejected #2 (jumped 866.0mm). Ignoring.
[WARN] [1786594547.410155536] [coord_transform]: Outlier rejected #3 (jumped 890.1mm). Ignoring.
[WARN] [1786594547.440355570] [coord_transform]: Outlier rejected #4 (jumped 905.0mm). Ignoring.
[INFO] [1786594547.473340831] [coord_transform]: Too many outliers (5). Resetting filter to new position.
[INFO] [1786594548.470045528] [coord_transform]: Deadband: HOLD at (0.216, -0.075, 0.072)
[INFO] [1786594549.945948074] [coord_transform]: Re-sync camera init: [ 0.222 -0.102  0.086]
[INFO] [1786594549.946432968] [coord_transform]: Trạng thái tracking: RUNNING
[INFO] [1786594549.972342630] [coord_transform]: [GROUND_TRUTH] Transform: cam[ 0.222 -0.102  0.086] → base[-0.162  0.309  0.388]
[WARN] [1786594550.181509029] [coord_transform]: Outlier rejected #1 (jumped 154.2mm). Ignoring.
[INFO] [1786594550.218247744] [coord_transform]: Deadband: RELEASE — motion detected
[INFO] [1786594555.729602351] [coord_transform]: Trạng thái tracking: STOPPED
[WARN] [1786594556.670114946] [coord_transform]: Outlier rejected #1 (jumped 154.0mm). Ignoring.
[WARN] [1786594556.702295008] [coord_transform]: Outlier rejected #2 (jumped 154.0mm). Ignoring.
[INFO] [1786594556.736140329] [coord_transform]: Deadband: HOLD at (0.222, -0.102, 0.086)
[INFO] [1786594557.087874389] [coord_transform]: Deadband: RELEASE — motion detected
[INFO] [1786594558.981902813] [coord_transform]: Deadband: HOLD at (0.222, -0.102, 0.086)
[INFO] [1786594559.743866706] [coord_transform]: Deadband: RELEASE — motion detected
[INFO] [1786594561.797455799] [coord_transform]: Deadband: HOLD at (0.222, -0.102, 0.086)
[INFO] [1786594561.982086641] [coord_transform]: Deadband: RELEASE — motion detected
[WARN] [1786594562.480982116] [coord_transform]: Outlier rejected #1 (jumped 602.4mm). Ignoring.
[WARN] [1786594562.515239374] [coord_transform]: Outlier rejected #2 (jumped 448.9mm). Ignoring.
[WARN] [1786594565.620962028] [coord_transform]: Outlier rejected #1 (jumped 257.9mm). Ignoring.
[WARN] [1786594565.654076387] [coord_transform]: Outlier rejected #2 (jumped 259.0mm). Ignoring.
[WARN] [1786594565.689775698] [coord_transform]: Outlier rejected #3 (jumped 259.4mm). Ignoring.
[WARN] [1786594565.725006245] [coord_transform]: Outlier rejected #4 (jumped 296.2mm). Ignoring.
[INFO] [1786594565.759260012] [coord_transform]: Too many outliers (5). Resetting filter to new position.
[WARN] [1786594569.525423056] [coord_transform]: Outlier rejected #1 (jumped 1524.4mm). Ignoring.
[WARN] [1786594569.549355448] [coord_transform]: Outlier rejected #2 (jumped 1522.8mm). Ignoring.
[WARN] [1786594569.583345798] [coord_transform]: Outlier rejected #3 (jumped 1509.0mm). Ignoring.
[WARN] [1786594569.618675563] [coord_transform]: Outlier rejected #4 (jumped 1661.2mm). Ignoring.
[INFO] [1786594569.649116283] [coord_transform]: Too many outliers (5). Resetting filter to new position.
[WARN] [1786594569.685723701] [coord_transform]: Outlier rejected #1 (jumped 2012.1mm). Ignoring.
[WARN] [1786594569.717024064] [coord_transform]: Outlier rejected #2 (jumped 2004.5mm). Ignoring.
[WARN] [1786594569.750044421] [coord_transform]: Outlier rejected #3 (jumped 1974.3mm). Ignoring.
[WARN] [1786594569.815651545] [coord_transform]: Outlier rejected #4 (jumped 221.5mm). Ignoring.
[INFO] [1786594569.849193111] [coord_transform]: Too many outliers (5). Resetting filter to new position.
[INFO] [1786594570.317044749] [coord_transform]: Deadband: HOLD at (0.222, -0.102, 0.086)
[INFO] [1786594572.490046396] [coord_transform]: Deadband: RELEASE — motion detected
[INFO] [1786594572.654274848] [coord_transform]: Deadband: HOLD at (0.222, -0.102, 0.086)
[INFO] [1786594580.165974277] [coord_transform]: Deadband: HOLD at (0.222, -0.102, 0.086)
[INFO] [1786594580.457889875] [coord_transform]: Deadband: RELEASE — motion detected
[INFO] [1786594583.739538638] [coord_transform]: Deadband: HOLD at (0.222, -0.102, 0.086)
[INFO] [1786594583.768503054] [coord_transform]: Deadband: RELEASE — motion detected
[INFO] [1786594594.233316194] [coord_transform]: Deadband: HOLD at (0.222, -0.102, 0.086)
[INFO] [1786594594.463561009] [coord_transform]: Re-sync camera init: [ 0.213 -0.     0.103]
[INFO] [1786594594.463771268] [coord_transform]: Trạng thái tracking: RUNNING
[INFO] [1786594594.469751624] [coord_transform]: [GROUND_TRUTH] Transform: cam[ 0.213 -0.     0.103] → base[-0.162  0.309  0.388]
[INFO] [1786594594.807188238] [coord_transform]: Deadband: RELEASE — motion detected
[INFO] [1786594596.472932796] [coord_transform]: [GROUND_TRUTH] Transform: cam[0.155 0.279 0.109] → base[-0.103  0.588  0.394]
[INFO] [1786594598.505913316] [coord_transform]: [GROUND_TRUTH] Transform: cam[0.058 0.588 0.119] → base[-0.006  0.897  0.404]
[INFO] [1786594600.534928687] [coord_transform]: [GROUND_TRUTH] Transform: cam[0.031 0.778 0.09 ] → base[0.02  1.087 0.375]
[INFO] [1786594602.546046664] [coord_transform]: [GROUND_TRUTH] Transform: cam[0.031 0.77  0.029] → base[0.02  1.079 0.314]
[INFO] [1786594602.890548748] [coord_transform]: Trạng thái tracking: STOPPED
[INFO] [1786594606.079912827] [coord_transform]: Trạng thái tracking: STOPPED
[INFO] [1786594618.018682445] [coord_transform]: Deadband: HOLD at (0.213, -0.000, 0.103)
[INFO] [1786594618.424264791] [coord_transform]: Deadband: RELEASE — motion detected
[INFO] [1786594622.776189926] [coord_transform]: Trạng thái tracking: STOPPED
[INFO] [1786594633.778865572] [coord_transform]: Re-sync camera init: [ 0.221 -0.05   0.061]
[INFO] [1786594633.779136834] [coord_transform]: Trạng thái tracking: RUNNING
[INFO] [1786594633.804896442] [coord_transform]: [GROUND_TRUTH] Transform: cam[ 0.221 -0.05   0.061] → base[-0.162  0.309  0.388]
[INFO] [1786594635.836005591] [coord_transform]: Deadband: RELEASE — motion detected
[INFO] [1786594635.837260474] [coord_transform]: [GROUND_TRUTH] Transform: cam[ 0.224 -0.018  0.102] → base[-0.165  0.341  0.429]
[INFO] [1786594637.845930295] [coord_transform]: [GROUND_TRUTH] Transform: cam[0.125 0.371 0.177] → base[-0.066  0.73   0.504]
[INFO] [1786594639.872372108] [coord_transform]: [GROUND_TRUTH] Transform: cam[0.025 0.682 0.126] → base[0.034 1.041 0.453]
[INFO] [1786594641.910882188] [coord_transform]: [GROUND_TRUTH] Transform: cam[0.014 0.78  0.046] → base[0.045 1.139 0.373]
[INFO] [1786594643.716953259] [coord_transform]: Trạng thái tracking: STOPPED
[INFO] [1786594646.624756411] [coord_transform]: Trạng thái tracking: STOPPED
[INFO] [1786594660.192516561] [coord_transform]: Deadband: HOLD at (0.221, -0.050, 0.061)
[INFO] [1786594660.916679710] [coord_transform]: Deadband: RELEASE — motion detected
[WARN] [1786594662.054158490] [coord_transform]: Outlier rejected #1 (jumped 192.3mm). Ignoring.
[INFO] [1786594662.318103958] [coord_transform]: Deadband: HOLD at (0.221, -0.050, 0.061)
[INFO] [1786594663.461631001] [coord_transform]: Trạng thái tracking: STOPPED
[INFO] [1786594674.402019817] [coord_transform]: Deadband: RELEASE — motion detected
[INFO] [1786594674.431474441] [coord_transform]: Deadband: HOLD at (0.221, -0.050, 0.061)
[INFO] [1786594676.603500419] [coord_transform]: Re-sync camera init: [0.234 0.016 0.129]
[INFO] [1786594676.603993891] [coord_transform]: Trạng thái tracking: RUNNING
[INFO] [1786594676.632708427] [coord_transform]: [GROUND_TRUTH] Transform: cam[0.234 0.016 0.129] → base[-0.162  0.309  0.388]
[INFO] [1786594677.374558878] [coord_transform]: Deadband: RELEASE — motion detected
[INFO] [1786594678.638519127] [coord_transform]: [GROUND_TRUTH] Transform: cam[0.157 0.247 0.172] → base[-0.085  0.54   0.432]
[INFO] [1786594680.650344171] [coord_transform]: [GROUND_TRUTH] Transform: cam[0.065 0.523 0.128] → base[0.007 0.815 0.387]
[INFO] [1786594682.669583003] [coord_transform]: [GROUND_TRUTH] Transform: cam[0.027 0.723 0.092] → base[0.045 1.016 0.351]
[INFO] [1786594684.670367722] [coord_transform]: [GROUND_TRUTH] Transform: cam[0.012 0.791 0.039] → base[0.06  1.084 0.298]
[INFO] [1786594685.464216173] [coord_transform]: Trạng thái tracking: STOPPED
[INFO] [1786594688.374813865] [coord_transform]: Trạng thái tracking: STOPPED
[INFO] [1786594706.860128544] [coord_transform]: Trạng thái tracking: STOPPED
[INFO] [1786594714.637068387] [coord_transform]: Re-sync camera init: [ 0.223 -0.029  0.099]
[INFO] [1786594714.637927851] [coord_transform]: Trạng thái tracking: RUNNING
[INFO] [1786594714.660893035] [coord_transform]: [GROUND_TRUTH] Transform: cam[ 0.223 -0.029  0.099] → base[-0.162  0.309  0.388]
[INFO] [1786594715.096634962] [coord_transform]: Deadband: RELEASE — motion detected
[INFO] [1786594716.685402230] [coord_transform]: [GROUND_TRUTH] Transform: cam[0.156 0.292 0.13 ] → base[-0.095  0.63   0.419]
[INFO] [1786594718.699529005] [coord_transform]: [GROUND_TRUTH] Transform: cam[0.094 0.58  0.106] → base[-0.033  0.918  0.395]
[INFO] [1786594720.732125616] [coord_transform]: [GROUND_TRUTH] Transform: cam[0.059 0.776 0.082] → base[0.002 1.114 0.371]
[INFO] [1786594722.774800452] [coord_transform]: [GROUND_TRUTH] Transform: cam[0.052 0.775 0.035] → base[0.009 1.113 0.324]
[INFO] [1786594723.250060199] [coord_transform]: Trạng thái tracking: STOPPED
[INFO] [1786594726.472493286] [coord_transform]: Trạng thái tracking: STOPPED
[INFO] [1786594738.558735187] [coord_transform]: Deadband: HOLD at (0.223, -0.029, 0.099)
[INFO] [1786594739.110855587] [coord_transform]: Deadband: RELEASE — motion detected
[INFO] [1786594741.422287898] [coord_transform]: Trạng thái tracking: STOPPED
[WARN] [1786594742.916272099] [coord_transform]: Outlier rejected #1 (jumped 186.2mm). Ignoring.
[WARN] [1786594743.896520089] [coord_transform]: Outlier rejected #1 (jumped 154.7mm). Ignoring.
[WARN] [1786594743.932389495] [coord_transform]: Outlier rejected #2 (jumped 191.7mm). Ignoring.
[WARN] [1786594743.966133303] [coord_transform]: Outlier rejected #3 (jumped 318.9mm). Ignoring.
[WARN] [1786594744.003463967] [coord_transform]: Outlier rejected #4 (jumped 431.4mm). Ignoring.
[INFO] [1786594744.039417615] [coord_transform]: Too many outliers (5). Resetting filter to new position.
[INFO] [1786594746.718329678] [coord_transform]: Deadband: HOLD at (0.223, -0.029, 0.099)
[INFO] [1786594747.448279754] [coord_transform]: Deadband: RELEASE — motion detected
[INFO] [1786594750.482529363] [coord_transform]: Deadband: HOLD at (0.223, -0.029, 0.099)
[INFO] [1786594750.793892209] [coord_transform]: Re-sync camera init: [ 0.227 -0.025  0.084]
[INFO] [1786594750.794142740] [coord_transform]: Trạng thái tracking: RUNNING
[INFO] [1786594750.827633297] [coord_transform]: [GROUND_TRUTH] Transform: cam[ 0.227 -0.025  0.084] → base[-0.162  0.309  0.388]
[INFO] [1786594751.383855247] [coord_transform]: Deadband: RELEASE — motion detected
[INFO] [1786594752.829288760] [coord_transform]: [GROUND_TRUTH] Transform: cam[0.196 0.178 0.136] → base[-0.132  0.512  0.44 ]
[INFO] [1786594754.860805423] [coord_transform]: [GROUND_TRUTH] Transform: cam[0.092 0.525 0.112] → base[-0.028  0.859  0.416]
[INFO] [1786594756.893346116] [coord_transform]: [GROUND_TRUTH] Transform: cam[0.046 0.766 0.155] → base[0.018 1.1   0.459]
[INFO] [1786594758.897601690] [coord_transform]: [GROUND_TRUTH] Transform: cam[0.048 0.77  0.049] → base[0.016 1.104 0.353]
[INFO] [1786594760.674871438] [coord_transform]: Trạng thái tracking: STOPPED
[INFO] [1786594763.904291078] [coord_transform]: Trạng thái tracking: STOPPED
[WARN] [1786594776.707162226] [coord_transform]: Outlier rejected #1 (jumped 203.1mm). Ignoring.
[WARN] [1786594776.736129521] [coord_transform]: Outlier rejected #2 (jumped 321.5mm). Ignoring.
[WARN] [1786594776.770644768] [coord_transform]: Outlier rejected #3 (jumped 329.7mm). Ignoring.
[WARN] [1786594778.472966228] [coord_transform]: Outlier rejected #4 (jumped 314.5mm). Ignoring.
[INFO] [1786594778.502793424] [coord_transform]: Too many outliers (5). Resetting filter to new position.
[INFO] [1786594778.839012743] [coord_transform]: Deadband: HOLD at (0.227, -0.025, 0.084)
[INFO] [1786594779.004207256] [coord_transform]: Deadband: RELEASE — motion detected
[INFO] [1786594780.202254881] [coord_transform]: Trạng thái tracking: STOPPED
[INFO] [1786594783.443851725] [coord_transform]: Deadband: HOLD at (0.227, -0.025, 0.084)
[INFO] [1786594790.492097964] [coord_transform]: Deadband: RELEASE — motion detected
[INFO] [1786594791.133188578] [coord_transform]: Re-sync camera init: [0.223 0.016 0.096]
[INFO] [1786594791.133462401] [coord_transform]: Trạng thái tracking: RUNNING
[INFO] [1786594791.145527918] [coord_transform]: [GROUND_TRUTH] Transform: cam[0.223 0.016 0.096] → base[-0.162  0.309  0.388]
[INFO] [1786594793.155099761] [coord_transform]: [GROUND_TRUTH] Transform: cam[0.156 0.287 0.158] → base[-0.095  0.58   0.45 ]
[INFO] [1786594795.186036564] [coord_transform]: [GROUND_TRUTH] Transform: cam[0.102 0.545 0.14 ] → base[-0.04   0.838  0.432]
[INFO] [1786594797.200628187] [coord_transform]: [GROUND_TRUTH] Transform: cam[0.027 0.766 0.102] → base[0.034 1.059 0.394]
[INFO] [1786594799.222074120] [coord_transform]: [GROUND_TRUTH] Transform: cam[0.031 0.768 0.029] → base[0.03  1.061 0.321]
[INFO] [1786594800.453780643] [coord_transform]: Trạng thái tracking: STOPPED
[INFO] [1786594802.614928150] [coord_transform]: Trạng thái tracking: STOPPED
[INFO] [1786594814.608434347] [coord_transform]: Deadband: HOLD at (0.223, 0.016, 0.096)
[INFO] [1786594814.765404847] [coord_transform]: Deadband: RELEASE — motion detected
[WARN] [1786594817.436280174] [coord_transform]: Outlier rejected #1 (jumped 173.9mm). Ignoring.
[WARN] [1786594817.467804503] [coord_transform]: Outlier rejected #2 (jumped 229.3mm). Ignoring.
[WARN] [1786594817.507028806] [coord_transform]: Outlier rejected #3 (jumped 208.6mm). Ignoring.
[WARN] [1786594817.537800222] [coord_transform]: Outlier rejected #4 (jumped 232.8mm). Ignoring.
[WARN] [1786594817.674393632] [coord_transform]: Outlier rejected #1 (jumped 246.3mm). Ignoring.
[WARN] [1786594817.702069562] [coord_transform]: Outlier rejected #2 (jumped 305.5mm). Ignoring.
[WARN] [1786594817.738803861] [coord_transform]: Outlier rejected #3 (jumped 301.2mm). Ignoring.
[WARN] [1786594817.772552156] [coord_transform]: Outlier rejected #4 (jumped 293.4mm). Ignoring.
[INFO] [1786594817.809573282] [coord_transform]: Too many outliers (5). Resetting filter to new position.
