[INFO] [1781256365.439175336] [cartesian_streamer]: CartesianStreamer khởi động (chờ Enable Robot từ UI).
  Stream rate:       15 Hz (period=66.7ms)
  Queue dt:          0.067 s
  Prebuffer points:  3
  Retry backoff:     66.0 ms
  Gửi PoseStamped lên: /cartesian_streamer/target_pose
  Gửi XYZ lên:        /cartesian_streamer/target_xyz
  Nhận EE pose tại:   /cartesian_streamer/current_pose
[INFO] [1781256365.442471866] [cartesian_streamer]: Nhận joint_states: ['1.571', '0.124', '-1.049', '0.000', '-0.398', '-1.444']
[WARN] [1781256366.903713362] [cartesian_streamer]: Không thể cross-validate FK (local hoặc MoveIt! FK thất bại). Local IK vẫn hoạt động nhưng CHƯA ĐƯỢC VALIDATE.
[INFO] [1781256366.905309418] [cartesian_streamer]: Đã nhận joint_states. EE hiện tại: (-0.1620, 0.2801, 0.3785). IK mode: Local DLS. Chờ Enable Robot từ UI...
[INFO] [1781256393.271294280] [cartesian_streamer]: Disable Robot: dừng stream, tắt traj mode...
[INFO] [1781256393.272805874] [cartesian_streamer]: ✗ Robot DISABLED.
[INFO] [1781256420.612096299] [cartesian_streamer]: Enable Robot: bắt đầu chuỗi khởi động...
[INFO] [1781256420.612581697] [cartesian_streamer]: Enable: reset_error...
[INFO] [1781256420.621387924] [cartesian_streamer]: reset_error: code=1, msg="success"
[INFO] [1781256420.621882508] [cartesian_streamer]: Enable: stop_traj_mode (giải phóng mode cũ)...
[INFO] [1781256420.668742927] [cartesian_streamer]: stop_traj_mode: success=True, code=N/A, msg=""
[INFO] [1781256420.669234503] [cartesian_streamer]: Enable: chờ 1.5s để hệ thống ổn định trước khi start queue...
[INFO] [1781256422.170337125] [cartesian_streamer]: Enable: StartPointQueueMode...
[INFO] [1781256423.594263289] [cartesian_streamer]: StartPointQueueMode response: code=1, msg=""
[INFO] [1781256423.594858777] [cartesian_streamer]: ✓ Robot ENABLED — Point Queue Mode active. Servo ON!
[INFO] [1781256423.601958326] [cartesian_streamer]: Runtime rate: state=seeding, tick_hz=0.0, queue_send_hz=0.0, ack_hz=0.0, busy_hz=0.0, retry_count=0, reject_count=0, inter_ack_ms=0.0, max_joint_delta=0.000, cumul_time=0.00s, hold_count=0, ik_mode=Local, ik_avg_ms=0.00, ik_fails=0
[INFO] [1781256423.603061429] [cartesian_streamer]: Bootstrap EE pose via FK: (-0.1620, 0.2801, 0.3785)
[INFO] [1781256423.603745690] [cartesian_streamer]: Đang stream qua service: /queue_traj_point
[INFO] [1781256423.607332081] [cartesian_streamer]: Đã gửi seed point (current joints, t=0), chờ ACK...
[INFO] [1781256423.627992965] [cartesian_streamer]: Seed ACK nhận được, bắt đầu prebuffer.
[INFO] [1781256423.628692025] [cartesian_streamer]: Queue accepted sample#1: svc=/queue_traj_point, t_cumul=0.0000s, code=1, msg="", hold=False
[INFO] [1781256423.789491690] [cartesian_streamer]: Queue accepted sample#2: svc=/queue_traj_point, t_cumul=0.0642s, code=1, msg="", hold=True
[INFO] [1781256423.807917643] [cartesian_streamer]: Queue accepted sample#3: svc=/queue_traj_point, t_cumul=0.1973s, code=1, msg="", hold=True
[INFO] [1781256423.991411730] [cartesian_streamer]: Pre-buffer hoàn tất (3 points), bắt đầu stream ổn định. Đang chờ target...
[INFO] [1781256423.991677403] [cartesian_streamer]: Queue accepted sample#4: svc=/queue_traj_point, t_cumul=0.2641s, code=1, msg="", hold=True
[INFO] [1781256424.011480228] [cartesian_streamer]: Queue accepted sample#5: svc=/queue_traj_point, t_cumul=0.3976s, code=1, msg="", hold=True
[INFO] [1781256425.615877560] [cartesian_streamer]: QueueTrajPoint accepted #20: t=1.930s, hold=True
[INFO] [1781256428.603397880] [cartesian_streamer]: IK OK → Δmax=0.0074 rad, joints: [1.574, 0.120, -1.057, 0.000, -0.395, -1.447]
[INFO] [1781256428.622212570] [cartesian_streamer]: QueueTrajPoint accepted #40: t=4.533s, hold=False
[INFO] [1781256428.668594186] [cartesian_streamer]: Runtime rate: state=streaming, tick_hz=15.0, queue_send_hz=7.9, ack_hz=7.9, busy_hz=0.0, retry_count=0, reject_count=0, inter_ack_ms=128.1, max_joint_delta=0.007, cumul_time=4.53s, hold_count=0, ik_mode=Local, ik_avg_ms=1.65, ik_fails=0
[WARN] [1781256428.669070150] [cartesian_streamer]: QueueTrajPoint đã được accept nhưng joint_states hầu như không đổi. Kiểm tra: 1) Robot ở mode AUTO? 2) Servo ON? 3) E-stop cleared?
[INFO] [1781256430.605387538] [cartesian_streamer]: IK OK → Δmax=0.0214 rad, joints: [1.628, 0.023, -1.029, -0.000, -0.519, -1.501]
[INFO] [1781256430.683661206] [cartesian_streamer]: QueueTrajPoint accepted #60: t=6.531s, hold=False
[INFO] [1781256432.532134591] [cartesian_streamer]: QueueTrajPoint accepted #80: t=8.264s, hold=False
[INFO] [1781256432.670683630] [cartesian_streamer]: IK OK → Δmax=0.0371 rad, joints: [1.570, 0.154, -0.752, 0.000, -0.665, -1.442]
[INFO] [1781256433.404378154] [cartesian_streamer]: IK delta clamped → joints: [1.570, 0.248, -0.568, 0.000, -0.772, -1.443]
[INFO] [1781256433.668753675] [cartesian_streamer]: Runtime rate: state=streaming, tick_hz=15.0, queue_send_hz=10.4, ack_hz=10.2, busy_hz=0.0, retry_count=0, reject_count=0, inter_ack_ms=96.5, max_joint_delta=0.070, cumul_time=9.39s, hold_count=0, ik_mode=Local, ik_avg_ms=1.25, ik_fails=0
[INFO] [1781256434.411387280] [cartesian_streamer]: QueueTrajPoint accepted #100: t=10.126s, hold=False
[INFO] [1781256434.673272627] [cartesian_streamer]: IK OK → Δmax=0.0201 rad, joints: [1.543, 0.446, -0.189, 0.000, -0.937, -1.416]
[INFO] [1781256436.125801465] [cartesian_streamer]: QueueTrajPoint accepted #120: t=11.658s, hold=False
[INFO] [1781256436.602492707] [cartesian_streamer]: IK delta clamped → joints: [1.502, 0.796, 0.516, 0.000, -1.317, -1.375]
[INFO] [1781256436.736798830] [cartesian_streamer]: IK OK → Δmax=0.0700 rad, joints: [1.502, 0.829, 0.547, 0.000, -1.351, -1.375]
[INFO] [1781256438.055445743] [cartesian_streamer]: QueueTrajPoint accepted #140: t=13.526s, hold=False
[INFO] [1781256438.603872967] [cartesian_streamer]: IK delta clamped → joints: [1.503, 1.049, 0.996, 0.000, -1.568, -1.376]
[INFO] [1781256438.735227400] [cartesian_streamer]: Runtime rate: state=streaming, tick_hz=15.0, queue_send_hz=10.3, ack_hz=10.5, busy_hz=0.0, retry_count=0, reject_count=0, inter_ack_ms=97.8, max_joint_delta=0.084, cumul_time=13.99s, hold_count=0, ik_mode=Local, ik_avg_ms=1.35, ik_fails=0
[INFO] [1781256438.737421636] [cartesian_streamer]: IK OK → Δmax=0.0355 rad, joints: [1.504, 1.042, 1.031, 0.000, -1.560, -1.377]
[WARN] [1781256438.743790832] [cartesian_streamer]: Queue BUSY, sẽ resend (backoff 66ms): msg="Busy processing the previous trajectory point. Please resend the next point shortly"
[INFO] [1781256439.491576885] [cartesian_streamer]: Local IK không hội tụ (fail #1)
[INFO] [1781256440.543301574] [cartesian_streamer]: QueueTrajPoint accepted #160: t=15.659s, hold=False
[INFO] [1781256440.803570323] [cartesian_streamer]: IK OK → Δmax=0.0324 rad, joints: [1.504, 1.018, 0.976, 0.000, -1.529, -1.377]
[INFO] [1781256442.803626415] [cartesian_streamer]: IK OK → Δmax=0.0073 rad, joints: [1.500, 1.032, 1.006, 0.000, -1.546, -1.373]
[INFO] [1781256442.883578311] [cartesian_streamer]: QueueTrajPoint accepted #180: t=17.658s, hold=False
[INFO] [1781256443.735130902] [cartesian_streamer]: Runtime rate: state=streaming, tick_hz=15.0, queue_send_hz=8.8, ack_hz=8.4, busy_hz=0.2, retry_count=1, reject_count=0, inter_ack_ms=115.1, max_joint_delta=0.036, cumul_time=18.39s, hold_count=0, ik_mode=Local, ik_avg_ms=2.10, ik_fails=7
[WARN] [1781256444.542920526] [cartesian_streamer]: Queue BUSY, sẽ resend (backoff 66ms): msg="Busy processing the previous trajectory point. Please resend the next point shortly"
[INFO] [1781256444.698694325] [cartesian_streamer]: Local IK không hội tụ (fail #1)
[WARN] [1781256445.373283508] [cartesian_streamer]: Local IK failed 10x liên tiếp! Fallback sang MoveIt! IK...
[INFO] [1781256445.374140463] [cartesian_streamer]: IK OK → Δmax=0.0000 rad, joints: [1.500, 1.044, 1.027, 0.000, -1.555, -1.373]
[INFO] [1781256445.594099649] [cartesian_streamer]: QueueTrajPoint accepted #200: t=19.895s, hold=False
[INFO] [1781256447.388637660] [cartesian_streamer]: QueueTrajPoint accepted #220: t=21.694s, hold=False
[INFO] [1781256447.402488142] [cartesian_streamer]: IK OK → Δmax=0.0075 rad, joints: [1.490, 0.996, 0.929, 0.000, -1.504, -1.363]
[INFO] [1781256447.670395987] [cartesian_streamer]: IK delta clamped → joints: [1.494, 1.035, 1.010, 0.000, -1.548, -1.367]
[INFO] [1781256447.830324698] [cartesian_streamer]: Local IK không hội tụ (fail #1)
[WARN] [1781256448.427281456] [cartesian_streamer]: Local IK failed 10x liên tiếp! Fallback sang MoveIt! IK...
[INFO] [1781256448.735349303] [cartesian_streamer]: Runtime rate: state=streaming, tick_hz=15.0, queue_send_hz=9.2, ack_hz=9.2, busy_hz=0.2, retry_count=1, reject_count=0, inter_ack_ms=112.4, max_joint_delta=0.070, cumul_time=23.12s, hold_count=0, ik_mode=Local, ik_avg_ms=4.20, ik_fails=32
[INFO] [1781256449.429715298] [cartesian_streamer]: IK OK → Δmax=0.0000 rad, joints: [1.494, 1.046, 1.036, 0.000, -1.562, -1.367]
[INFO] [1781256449.762971397] [cartesian_streamer]: QueueTrajPoint accepted #240: t=24.031s, hold=False
[WARN] [1781256450.492911884] [cartesian_streamer]: Local IK failed 37x liên tiếp! Fallback sang MoveIt! IK...
[INFO] [1781256451.490202663] [cartesian_streamer]: IK OK → Δmax=0.0000 rad, joints: [1.494, 1.046, 1.036, 0.000, -1.562, -1.367]
[WARN] [1781256451.572725393] [cartesian_streamer]: Queue BUSY, sẽ resend (backoff 66ms): msg="Busy processing the previous trajectory point. Please resend the next point shortly"
[INFO] [1781256452.431006679] [cartesian_streamer]: QueueTrajPoint accepted #260: t=26.376s, hold=False
[INFO] [1781256453.537907105] [cartesian_streamer]: IK OK → Δmax=0.0094 rad, joints: [1.478, 1.030, 0.985, 0.000, -1.526, -1.351]
[INFO] [1781256453.801565550] [cartesian_streamer]: Runtime rate: state=streaming, tick_hz=15.0, queue_send_hz=8.3, ack_hz=7.9, busy_hz=0.2, retry_count=1, reject_count=0, inter_ack_ms=123.9, max_joint_delta=0.024, cumul_time=27.64s, hold_count=0, ik_mode=Local, ik_avg_ms=6.70, ik_fails=79
[INFO] [1781256454.556970452] [cartesian_streamer]: Local IK không hội tụ (fail #1)
[INFO] [1781256454.597791592] [cartesian_streamer]: QueueTrajPoint accepted #280: t=28.374s, hold=False
[WARN] [1781256455.224829594] [cartesian_streamer]: Local IK failed 10x liên tiếp! Fallback sang MoveIt! IK...
[INFO] [1781256455.571860954] [cartesian_streamer]: IK OK → Δmax=0.0000 rad, joints: [1.477, 1.046, 1.043, 0.000, -1.568, -1.350]
[INFO] [1781256456.948459138] [cartesian_streamer]: QueueTrajPoint accepted #300: t=30.671s, hold=False
[INFO] [1781256457.604037537] [cartesian_streamer]: IK OK → Δmax=0.0255 rad, joints: [1.470, 1.017, 0.973, 0.000, -1.527, -1.343]
[INFO] [1781256458.802063851] [cartesian_streamer]: Runtime rate: state=streaming, tick_hz=15.0, queue_send_hz=9.0, ack_hz=9.2, busy_hz=0.0, retry_count=0, reject_count=0, inter_ack_ms=111.0, max_joint_delta=0.040, cumul_time=32.34s, hold_count=0, ik_mode=Local, ik_avg_ms=7.22, ik_fails=103
[INFO] [1781256458.887882170] [cartesian_streamer]: QueueTrajPoint accepted #320: t=32.537s, hold=False
[INFO] [1781256459.670273214] [cartesian_streamer]: IK OK → Δmax=0.0066 rad, joints: [1.464, 1.046, 1.025, 0.000, -1.551, -1.337]
[INFO] [1781256460.957405290] [cartesian_streamer]: Local IK không hội tụ (fail #1)
[INFO] [1781256461.144392040] [cartesian_streamer]: QueueTrajPoint accepted #340: t=34.736s, hold=False
[INFO] [1781256461.736573598] [cartesian_streamer]: IK OK → Δmax=0.0188 rad, joints: [1.465, 1.040, 1.014, 0.000, -1.545, -1.338]
[INFO] [1781256463.272047684] [cartesian_streamer]: QueueTrajPoint accepted #360: t=36.668s, hold=False
[INFO] [1781256463.804209123] [cartesian_streamer]: IK OK → Δmax=0.0037 rad, joints: [1.464, 1.049, 1.033, 0.000, -1.556, -1.337]
[INFO] [1781256463.868765250] [cartesian_streamer]: Runtime rate: state=streaming, tick_hz=15.0, queue_send_hz=9.9, ack_hz=9.9, busy_hz=0.0, retry_count=0, reject_count=0, inter_ack_ms=100.7, max_joint_delta=0.035, cumul_time=37.34s, hold_count=0, ik_mode=Local, ik_avg_ms=6.49, ik_fails=105
[INFO] [1781256464.287427599] [cartesian_streamer]: Local IK không hội tụ (fail #1)
[WARN] [1781256465.210841370] [cartesian_streamer]: Queue BUSY, sẽ resend (backoff 66ms): msg="Busy processing the previous trajectory point. Please resend the next point shortly"
[INFO] [1781256465.430992149] [cartesian_streamer]: QueueTrajPoint accepted #380: t=38.667s, hold=False
[INFO] [1781256465.805559900] [cartesian_streamer]: IK OK → Δmax=0.0014 rad, joints: [1.462, 1.008, 0.941, 0.000, -1.505, -1.335]
[WARN] [1781256466.786756007] [cartesian_streamer]: Queue BUSY, sẽ resend (backoff 66ms): msg="Busy processing the previous trajectory point. Please resend the next point shortly"
[INFO] [1781256467.826971764] [cartesian_streamer]: QueueTrajPoint accepted #400: t=40.533s, hold=False
[INFO] [1781256467.869301978] [cartesian_streamer]: IK OK → Δmax=0.0273 rad, joints: [1.472, 1.021, 0.972, 0.000, -1.523, -1.345]
[INFO] [1781256468.070208792] [cartesian_streamer]: IK delta clamped → joints: [1.473, 1.044, 1.015, 0.000, -1.550, -1.346]
[INFO] [1781256468.935356870] [cartesian_streamer]: Runtime rate: state=streaming, tick_hz=15.0, queue_send_hz=8.3, ack_hz=7.9, busy_hz=0.4, retry_count=2, reject_count=0, inter_ack_ms=126.5, max_joint_delta=0.070, cumul_time=41.60s, hold_count=0, ik_mode=Local, ik_avg_ms=5.87, ik_fails=106
[INFO] [1781256469.936842069] [cartesian_streamer]: IK OK → Δmax=0.0264 rad, joints: [1.470, 1.018, 0.960, 0.000, -1.514, -1.343]
[INFO] [1781256470.204038653] [cartesian_streamer]: IK delta clamped → joints: [1.470, 0.997, 0.916, 0.000, -1.490, -1.343]
[INFO] [1781256470.651403339] [cartesian_streamer]: QueueTrajPoint accepted #420: t=42.998s, hold=False
[INFO] [1781256471.936885555] [cartesian_streamer]: IK OK → Δmax=0.0162 rad, joints: [1.471, 0.991, 0.905, 0.000, -1.486, -1.343]
[INFO] [1781256472.820956537] [cartesian_streamer]: QueueTrajPoint accepted #440: t=45.001s, hold=False
[INFO] [1781256473.935593610] [cartesian_streamer]: Runtime rate: state=streaming, tick_hz=15.0, queue_send_hz=8.6, ack_hz=8.4, busy_hz=0.0, retry_count=0, reject_count=0, inter_ack_ms=117.5, max_joint_delta=0.070, cumul_time=46.07s, hold_count=0, ik_mode=Local, ik_avg_ms=5.37, ik_fails=106
[INFO] [1781256473.938120920] [cartesian_streamer]: IK OK → Δmax=0.0093 rad, joints: [1.469, 0.991, 0.906, 0.000, -1.486, -1.342]
[INFO] [1781256474.758018111] [cartesian_streamer]: QueueTrajPoint accepted #460: t=46.937s, hold=False
[INFO] [1781256476.005224348] [cartesian_streamer]: IK OK → Δmax=0.0025 rad, joints: [1.469, 1.002, 0.928, 0.000, -1.498, -1.342]
[INFO] [1781256476.926451918] [cartesian_streamer]: QueueTrajPoint accepted #480: t=48.734s, hold=False
[WARN] [1781256477.604805657] [cartesian_streamer]: Service call timeout (500ms). Resetting inflight flag.
[INFO] [1781256478.070124569] [cartesian_streamer]: IK OK → Δmax=0.0325 rad, joints: [1.477, 0.985, 0.895, 0.000, -1.481, -1.350]
[WARN] [1781256478.137764892] [cartesian_streamer]: Service call timeout (500ms). Resetting inflight flag.
[WARN] [1781256478.671189833] [cartesian_streamer]: Service call timeout (500ms). Resetting inflight flag.
[INFO] [1781256479.001898127] [cartesian_streamer]: Runtime rate: state=streaming, tick_hz=15.0, queue_send_hz=6.9, ack_hz=6.3, busy_hz=0.0, retry_count=0, reject_count=0, inter_ack_ms=99.7, max_joint_delta=0.052, cumul_time=49.67s, hold_count=0, ik_mode=Local, ik_avg_ms=4.98, ik_fails=106
[WARN] [1781256479.204266213] [cartesian_streamer]: Service call timeout (500ms). Resetting inflight flag.
[WARN] [1781256479.257133422] [cartesian_streamer]: Queue BUSY, sẽ resend (backoff 66ms): msg="Busy processing the previous trajectory point. Please resend the next point shortly"
[INFO] [1781256480.135427796] [cartesian_streamer]: IK OK → Δmax=0.0077 rad, joints: [1.464, 0.987, 0.896, 0.000, -1.480, -1.337]
[INFO] [1781256480.343801341] [cartesian_streamer]: QueueTrajPoint accepted #500: t=50.666s, hold=False
[INFO] [1781256481.378997752] [cartesian_streamer]: Disable Robot: dừng stream, tắt traj mode...
[INFO] [1781256481.379477422] [cartesian_streamer]: ✗ Robot DISABLED.
[INFO] [1781256498.285916058] [cartesian_streamer]: Disable Robot: dừng stream, tắt traj mode...
[INFO] [1781256498.286368492] [cartesian_streamer]: ✗ Robot DISABLED.
[INFO] [1781256637.679191411] [cartesian_streamer]: Disable Robot: dừng stream, tắt traj mode...
[INFO] [1781256637.680071414] [cartesian_streamer]: ✗ Robot DISABLED.
[INFO] [1781256643.803775791] [cartesian_streamer]: Enable Robot: bắt đầu chuỗi khởi động...
[INFO] [1781256643.804273368] [cartesian_streamer]: Enable: reset_error...
[INFO] [1781256645.440409846] [cartesian_streamer]: reset_error: code=1, msg="success"
[INFO] [1781256645.440688910] [cartesian_streamer]: Enable: stop_traj_mode (giải phóng mode cũ)...
[INFO] [1781256645.493600400] [cartesian_streamer]: stop_traj_mode: success=True, code=N/A, msg=""
[INFO] [1781256645.493914643] [cartesian_streamer]: Enable: chờ 1.5s để hệ thống ổn định trước khi start queue...
[INFO] [1781256646.994895806] [cartesian_streamer]: Enable: StartPointQueueMode...
[INFO] [1781256647.640079662] [cartesian_streamer]: StartPointQueueMode response: code=1, msg=""
[INFO] [1781256647.640870061] [cartesian_streamer]: ✓ Robot ENABLED — Point Queue Mode active. Servo ON!
[INFO] [1781256647.669340076] [cartesian_streamer]: Runtime rate: state=seeding, tick_hz=0.2, queue_send_hz=0.2, ack_hz=0.2, busy_hz=0.0, retry_count=2, reject_count=0, inter_ack_ms=131.1, max_joint_delta=0.031, cumul_time=0.00s, hold_count=0, ik_mode=Local, ik_avg_ms=4.81, ik_fails=106
[WARN] [1781256647.670177285] [cartesian_streamer]: Target stream stale: không có target mới trong 166.3s
[WARN] [1781256647.670976516] [cartesian_streamer]: QueueTrajPoint đã được accept nhưng joint_states hầu như không đổi. Kiểm tra: 1) Robot ở mode AUTO? 2) Servo ON? 3) E-stop cleared?
[INFO] [1781256647.672569177] [cartesian_streamer]: Bootstrap EE pose via FK: (-0.1620, 0.2801, 0.3785)
[INFO] [1781256647.674159943] [cartesian_streamer]: Đã gửi seed point (current joints, t=0), chờ ACK...
[INFO] [1781256647.736162594] [cartesian_streamer]: Bootstrap EE pose via FK: (-0.1620, 0.2801, 0.3785)
[INFO] [1781256647.802994561] [cartesian_streamer]: Bootstrap EE pose via FK: (-0.1620, 0.2801, 0.3785)
[INFO] [1781256647.869677166] [cartesian_streamer]: Bootstrap EE pose via FK: (-0.1620, 0.2801, 0.3785)
[INFO] [1781256647.901666965] [cartesian_streamer]: Seed ACK nhận được, bắt đầu prebuffer.
[INFO] [1781256648.350511773] [cartesian_streamer]: Pre-buffer hoàn tất (3 points), bắt đầu stream ổn định. Đang chờ target...
[INFO] [1781256648.846760396] [cartesian_streamer]: QueueTrajPoint accepted #520: t=0.600s, hold=True
[WARN] [1781256650.934856198] [cartesian_streamer]: Service call timeout (500ms). Resetting inflight flag.
[INFO] [1781256651.414020334] [cartesian_streamer]: QueueTrajPoint accepted #540: t=2.934s, hold=True
[INFO] [1781256652.004797009] [cartesian_streamer]: IK OK → Δmax=0.0093 rad, joints: [1.570, 0.123, -1.053, -0.005, -0.389, -1.438]
[INFO] [1781256652.735257712] [cartesian_streamer]: Runtime rate: state=streaming, tick_hz=15.0, queue_send_hz=7.7, ack_hz=7.5, busy_hz=0.0, retry_count=0, reject_count=0, inter_ack_ms=4509.1, max_joint_delta=0.009, cumul_time=4.20s, hold_count=0, ik_mode=Local, ik_avg_ms=4.76, ik_fails=106
[INFO] [1781256653.421565575] [cartesian_streamer]: QueueTrajPoint accepted #560: t=4.934s, hold=False
[INFO] [1781256654.069032080] [cartesian_streamer]: IK OK → Δmax=0.0000 rad, joints: [1.570, 0.123, -1.053, -0.005, -0.389, -1.438]
[WARN] [1781256654.606214272] [cartesian_streamer]: Queue BUSY, sẽ resend (backoff 66ms): msg="Busy processing the previous trajectory point. Please resend the next point shortly"
[INFO] [1781256656.071121786] [cartesian_streamer]: IK OK → Δmax=0.0143 rad, joints: [1.580, 0.081, -1.131, -0.000, -0.360, -1.452]
[INFO] [1781256656.255814532] [cartesian_streamer]: QueueTrajPoint accepted #580: t=7.134s, hold=False
[WARN] [1781256656.481161384] [cartesian_streamer]: ⚠ Queue mode bị drop! Auto-recovery lần 1/3...
[INFO] [1781256656.982095418] [cartesian_streamer]: Auto-recovery: bắt đầu re-enable queue mode...
[INFO] [1781256656.982600004] [cartesian_streamer]: Enable: reset_error...
[INFO] [1781256657.099606922] [cartesian_streamer]: reset_error: code=1, msg="success"
[INFO] [1781256657.100120556] [cartesian_streamer]: Enable: stop_traj_mode (giải phóng mode cũ)...
[INFO] [1781256657.156769479] [cartesian_streamer]: stop_traj_mode: success=True, code=N/A, msg=""
[INFO] [1781256657.157030868] [cartesian_streamer]: Enable: chờ 1.5s để hệ thống ổn định trước khi start queue...
[INFO] [1781256658.657873541] [cartesian_streamer]: Enable: StartPointQueueMode...
[INFO] [1781256658.792276551] [cartesian_streamer]: StartPointQueueMode response: code=111, msg="A PFL event has occurred. Please return the robot to a safe state"
[ERROR] [1781256658.792802802] [cartesian_streamer]: StartPointQueueMode FAILED: A PFL event has occurred. Please return the robot to a safe state
[INFO] [1781256663.935931906] [cartesian_streamer]: Disable Robot: dừng stream, tắt traj mode...
[INFO] [1781256663.937028210] [cartesian_streamer]: ✗ Robot DISABLED.
[INFO] [1781256689.731524493] [cartesian_streamer]: Disable Robot: dừng stream, tắt traj mode...
[INFO] [1781256689.732027346] [cartesian_streamer]: ✗ Robot DISABLED.
[INFO] [1781256693.359777562] [cartesian_streamer]: Enable Robot: bắt đầu chuỗi khởi động...
[INFO] [1781256693.360287353] [cartesian_streamer]: Enable: reset_error...
[INFO] [1781256693.479716556] [cartesian_streamer]: reset_error: code=1, msg="success"
[INFO] [1781256693.480048817] [cartesian_streamer]: Enable: stop_traj_mode (giải phóng mode cũ)...
[INFO] [1781256693.615357961] [cartesian_streamer]: stop_traj_mode: success=True, code=N/A, msg=""
[INFO] [1781256693.615914835] [cartesian_streamer]: Enable: chờ 1.5s để hệ thống ổn định trước khi start queue...
[INFO] [1781256695.116846102] [cartesian_streamer]: Enable: StartPointQueueMode...
[INFO] [1781256695.860776651] [cartesian_streamer]: StartPointQueueMode response: code=1, msg=""
[INFO] [1781256695.861306170] [cartesian_streamer]: ✓ Robot ENABLED — Point Queue Mode active. Servo ON!
[INFO] [1781256695.871233157] [cartesian_streamer]: Runtime rate: state=seeding, tick_hz=1.3, queue_send_hz=0.7, ack_hz=0.7, busy_hz=0.0, retry_count=1, reject_count=1, inter_ack_ms=130.0, max_joint_delta=0.033, cumul_time=0.00s, hold_count=0, ik_mode=Local, ik_avg_ms=4.48, ik_fails=106
[WARN] [1781256695.871891758] [cartesian_streamer]: Target stream stale: không có target mới trong 39.4s
[WARN] [1781256695.872554696] [cartesian_streamer]: QueueTrajPoint đã được accept nhưng joint_states hầu như không đổi. Kiểm tra: 1) Robot ở mode AUTO? 2) Servo ON? 3) E-stop cleared?
[INFO] [1781256695.873561700] [cartesian_streamer]: Bootstrap EE pose via FK: (-0.1620, 0.2801, 0.3785)
[INFO] [1781256695.874458356] [cartesian_streamer]: Đã gửi seed point (current joints, t=0), chờ ACK...
[INFO] [1781256695.935563933] [cartesian_streamer]: Bootstrap EE pose via FK: (-0.1620, 0.2801, 0.3785)
[INFO] [1781256695.995839841] [cartesian_streamer]: Seed ACK nhận được, bắt đầu prebuffer.
[INFO] [1781256696.474311210] [cartesian_streamer]: Pre-buffer hoàn tất (3 points), bắt đầu stream ổn định. Đang chờ target...
[WARN] [1781256698.201727144] [cartesian_streamer]: Service call timeout (500ms). Resetting inflight flag.
[INFO] [1781256698.655559022] [cartesian_streamer]: QueueTrajPoint accepted #600: t=2.060s, hold=True
[WARN] [1781256699.677018456] [cartesian_streamer]: Queue BUSY, sẽ resend (backoff 66ms): msg="Busy processing the previous trajectory point. Please resend the next point shortly"
[INFO] [1781256700.869126721] [cartesian_streamer]: Runtime rate: state=streaming, tick_hz=15.0, queue_send_hz=6.8, ack_hz=6.4, busy_hz=0.2, retry_count=1, reject_count=0, inter_ack_ms=1380.1, max_joint_delta=0.000, cumul_time=3.66s, hold_count=32, ik_mode=Local, ik_avg_ms=4.48, ik_fails=106
[WARN] [1781256700.870148234] [cartesian_streamer]: Target stream stale: không có target mới trong 44.4s
[INFO] [1781256701.752501016] [cartesian_streamer]: QueueTrajPoint accepted #620: t=4.527s, hold=True
[INFO] [1781256705.007722310] [cartesian_streamer]: QueueTrajPoint accepted #640: t=6.993s, hold=True
[INFO] [1781256705.738513054] [cartesian_streamer]: IK OK → Δmax=0.0080 rad, joints: [1.570, 0.129, -1.041, -0.000, -0.401, -1.442]
[WARN] [1781256705.802229702] [cartesian_streamer]: QueueTrajPoint đã được accept nhưng joint_states hầu như không đổi. Kiểm tra: 1) Robot ở mode AUTO? 2) Servo ON? 3) E-stop cleared?
[INFO] [1781256705.935110796] [cartesian_streamer]: Runtime rate: state=streaming, tick_hz=15.0, queue_send_hz=6.5, ack_hz=6.7, busy_hz=0.0, retry_count=0, reject_count=0, inter_ack_ms=156.1, max_joint_delta=0.023, cumul_time=7.93s, hold_count=0, ik_mode=Local, ik_avg_ms=4.47, ik_fails=106
[INFO] [1781256706.954029509] [cartesian_streamer]: QueueTrajPoint accepted #660: t=9.063s, hold=False
[INFO] [1781256707.803860100] [cartesian_streamer]: IK OK → Δmax=0.0347 rad, joints: [1.561, 0.191, -0.875, 0.000, -0.506, -1.433]
[INFO] [1781256708.806932849] [cartesian_streamer]: QueueTrajPoint accepted #680: t=10.929s, hold=False
[INFO] [1781256709.603104762] [cartesian_streamer]: IK delta clamped → joints: [1.540, 0.419, -0.377, 0.000, -0.787, -1.413]
[INFO] [1781256709.872293951] [cartesian_streamer]: IK OK → Δmax=0.0377 rad, joints: [1.546, 0.460, -0.286, 0.000, -0.830, -1.418]
[INFO] [1781256710.811326523] [cartesian_streamer]: QueueTrajPoint accepted #700: t=12.864s, hold=False
[INFO] [1781256711.001645896] [cartesian_streamer]: Runtime rate: state=streaming, tick_hz=15.0, queue_send_hz=10.7, ack_hz=10.7, busy_hz=0.0, retry_count=0, reject_count=0, inter_ack_ms=93.1, max_joint_delta=0.070, cumul_time=13.00s, hold_count=0, ik_mode=Local, ik_avg_ms=4.23, ik_fails=106
[INFO] [1781256711.936035466] [cartesian_streamer]: IK OK → Δmax=0.0357 rad, joints: [1.581, 0.711, 0.272, -0.000, -1.132, -1.454]
[INFO] [1781256712.672946352] [cartesian_streamer]: QueueTrajPoint accepted #720: t=14.529s, hold=False
[INFO] [1781256713.936401261] [cartesian_streamer]: IK OK → Δmax=0.0143 rad, joints: [1.610, 0.767, 0.446, -0.000, -1.251, -1.482]
[INFO] [1781256714.473544756] [cartesian_streamer]: QueueTrajPoint accepted #740: t=16.330s, hold=False
[INFO] [1781256716.001837084] [cartesian_streamer]: Runtime rate: state=streaming, tick_hz=15.0, queue_send_hz=10.2, ack_hz=10.2, busy_hz=0.0, retry_count=0, reject_count=0, inter_ack_ms=98.3, max_joint_delta=0.067, cumul_time=17.66s, hold_count=0, ik_mode=Local, ik_avg_ms=4.01, ik_fails=106
[INFO] [1781256716.004087601] [cartesian_streamer]: IK OK → Δmax=0.0625 rad, joints: [1.583, 0.767, 0.489, -0.000, -1.294, -1.456]
[INFO] [1781256716.493780830] [cartesian_streamer]: QueueTrajPoint accepted #760: t=18.329s, hold=False
[INFO] [1781256717.068752457] [cartesian_streamer]: IK delta clamped → joints: [1.540, 0.857, 0.672, 0.000, -1.388, -1.413]
[INFO] [1781256717.960126091] [cartesian_streamer]: Local IK không hội tụ (fail #1)
[INFO] [1781256718.223885242] [cartesian_streamer]: QueueTrajPoint accepted #780: t=19.958s, hold=True
[WARN] [1781256718.560613402] [cartesian_streamer]: Local IK failed 10x liên tiếp! Fallback sang MoveIt! IK...
[INFO] [1781256718.560986690] [cartesian_streamer]: IK OK → Δmax=0.0000 rad, joints: [1.524, 1.034, 1.014, 0.000, -1.552, -1.396]
[INFO] [1781256720.389217100] [cartesian_streamer]: QueueTrajPoint accepted #800: t=22.142s, hold=False
[WARN] [1781256720.568307158] [cartesian_streamer]: Local IK failed 36x liên tiếp! Fallback sang MoveIt! IK...
[INFO] [1781256720.568667982] [cartesian_streamer]: IK OK → Δmax=0.0000 rad, joints: [1.524, 1.034, 1.014, 0.000, -1.552, -1.396]
[INFO] [1781256721.002233923] [cartesian_streamer]: Runtime rate: state=streaming, tick_hz=15.0, queue_send_hz=10.4, ack_hz=10.2, busy_hz=0.0, retry_count=0, reject_count=0, inter_ack_ms=97.3, max_joint_delta=0.070, cumul_time=22.67s, hold_count=0, ik_mode=Local, ik_avg_ms=4.84, ik_fails=148
[WARN] [1781256722.623910806] [cartesian_streamer]: Local IK failed 64x liên tiếp! Fallback sang MoveIt! IK...
[INFO] [1781256722.624243656] [cartesian_streamer]: IK OK → Δmax=0.0000 rad, joints: [1.524, 1.034, 1.014, 0.000, -1.552, -1.396]
[INFO] [1781256722.778462315] [cartesian_streamer]: QueueTrajPoint accepted #820: t=24.404s, hold=False
[WARN] [1781256723.468247161] [cartesian_streamer]: QueueTrajPoint đã được accept nhưng joint_states hầu như không đổi. Kiểm tra: 1) Robot ở mode AUTO? 2) Servo ON? 3) E-stop cleared?
[WARN] [1781256724.628940121] [cartesian_streamer]: Local IK failed 90x liên tiếp! Fallback sang MoveIt! IK...
[INFO] [1781256724.629317723] [cartesian_streamer]: IK OK → Δmax=0.0000 rad, joints: [1.524, 1.034, 1.014, 0.000, -1.552, -1.396]
[INFO] [1781256725.640327113] [cartesian_streamer]: QueueTrajPoint accepted #840: t=27.039s, hold=False
[INFO] [1781256726.068414767] [cartesian_streamer]: Runtime rate: state=streaming, tick_hz=15.0, queue_send_hz=7.5, ack_hz=7.5, busy_hz=0.0, retry_count=0, reject_count=0, inter_ack_ms=130.6, max_joint_delta=0.000, cumul_time=27.52s, hold_count=0, ik_mode=Local, ik_avg_ms=6.16, ik_fails=212
[INFO] [1781256726.235748823] [cartesian_streamer]: Disable Robot: dừng stream, tắt traj mode...
[INFO] [1781256726.237716483] [cartesian_streamer]: ✗ Robot DISABLED.
[INFO] [1781256750.099371235] [cartesian_streamer]: Disable Robot: dừng stream, tắt traj mode...
[INFO] [1781256750.100064276] [cartesian_streamer]: ✗ Robot DISABLED.
[INFO] [1781256778.636537693] [cartesian_streamer]: Enable Robot: bắt đầu chuỗi khởi động...
[INFO] [1781256778.636802119] [cartesian_streamer]: Enable: reset_error...
[INFO] [1781256778.641275024] [cartesian_streamer]: reset_error: code=1, msg="success"
[INFO] [1781256778.641800311] [cartesian_streamer]: Enable: stop_traj_mode (giải phóng mode cũ)...
[INFO] [1781256778.690535758] [cartesian_streamer]: stop_traj_mode: success=True, code=N/A, msg=""
[INFO] [1781256778.690795462] [cartesian_streamer]: Enable: chờ 1.5s để hệ thống ổn định trước khi start queue...
[INFO] [1781256780.191643561] [cartesian_streamer]: Enable: StartPointQueueMode...
[INFO] [1781256781.706728793] [cartesian_streamer]: StartPointQueueMode response: code=1, msg=""
[INFO] [1781256781.707280211] [cartesian_streamer]: ✓ Robot ENABLED — Point Queue Mode active. Servo ON!
[INFO] [1781256781.735246431] [cartesian_streamer]: Runtime rate: state=seeding, tick_hz=0.1, queue_send_hz=0.0, ack_hz=0.1, busy_hz=0.0, retry_count=0, reject_count=0, inter_ack_ms=161.3, max_joint_delta=0.000, cumul_time=0.00s, hold_count=0, ik_mode=Local, ik_avg_ms=6.22, ik_fails=215
[WARN] [1781256781.735985355] [cartesian_streamer]: Target stream stale: không có target mới trong 55.5s
[WARN] [1781256781.736605476] [cartesian_streamer]: QueueTrajPoint đã được accept nhưng joint_states hầu như không đổi. Kiểm tra: 1) Robot ở mode AUTO? 2) Servo ON? 3) E-stop cleared?
[INFO] [1781256781.737548651] [cartesian_streamer]: Bootstrap EE pose via FK: (-0.1620, 0.2801, 0.3785)
[INFO] [1781256781.738425428] [cartesian_streamer]: Đã gửi seed point (current joints, t=0), chờ ACK...
[INFO] [1781256781.763846185] [cartesian_streamer]: Seed ACK nhận được, bắt đầu prebuffer.
[INFO] [1781256782.065002972] [cartesian_streamer]: Pre-buffer hoàn tất (3 points), bắt đầu stream ổn định. Đang chờ target...
[WARN] [1781256784.075681923] [cartesian_streamer]: Queue BUSY, sẽ resend (backoff 66ms): msg="Busy processing the previous trajectory point. Please resend the next point shortly"
[INFO] [1781256784.324104174] [cartesian_streamer]: QueueTrajPoint accepted #860: t=1.863s, hold=True
[WARN] [1781256785.854694009] [cartesian_streamer]: Queue BUSY, sẽ resend (backoff 66ms): msg="Busy processing the previous trajectory point. Please resend the next point shortly"
[INFO] [1781256786.735535787] [cartesian_streamer]: Runtime rate: state=streaming, tick_hz=15.0, queue_send_hz=7.2, ack_hz=6.4, busy_hz=0.6, retry_count=3, reject_count=0, inter_ack_ms=1879.5, max_joint_delta=0.000, cumul_time=3.73s, hold_count=32, ik_mode=Local, ik_avg_ms=6.22, ik_fails=215
[WARN] [1781256786.736327484] [cartesian_streamer]: Target stream stale: không có target mới trong 60.5s
[INFO] [1781256786.963676230] [cartesian_streamer]: QueueTrajPoint accepted #880: t=3.996s, hold=True
[INFO] [1781256789.458598866] [cartesian_streamer]: QueueTrajPoint accepted #900: t=6.263s, hold=True
[WARN] [1781256789.485171515] [cartesian_streamer]: Queue BUSY, sẽ resend (backoff 66ms): msg="Busy processing the previous trajectory point. Please resend the next point shortly"
[WARN] [1781256790.234599580] [cartesian_streamer]: Local IK failed 110x liên tiếp! Fallback sang MoveIt! IK...
[INFO] [1781256790.235031419] [cartesian_streamer]: IK delta clamped → joints: [1.524, 0.194, -0.979, 0.000, -0.488, -1.396]
[INFO] [1781256790.235375103] [cartesian_streamer]: IK OK → Δmax=0.0900 rad, joints: [1.524, 0.194, -0.979, 0.000, -0.488, -1.396]
[WARN] [1781256790.334913738] [cartesian_streamer]: QueueTrajPoint đã được accept nhưng joint_states hầu như không đổi. Kiểm tra: 1) Robot ở mode AUTO? 2) Servo ON? 3) E-stop cleared?
[WARN] [1781256790.589070639] [cartesian_streamer]: ⚠ Queue mode bị drop! Auto-recovery lần 1/3...
[INFO] [1781256791.090030091] [cartesian_streamer]: Auto-recovery: bắt đầu re-enable queue mode...
[INFO] [1781256791.090616025] [cartesian_streamer]: Enable: reset_error...
[INFO] [1781256791.223002448] [cartesian_streamer]: reset_error: code=1, msg="success"
[INFO] [1781256791.223551879] [cartesian_streamer]: Enable: stop_traj_mode (giải phóng mode cũ)...
[INFO] [1781256791.469015852] [cartesian_streamer]: stop_traj_mode: success=True, code=N/A, msg=""
[INFO] [1781256791.469575963] [cartesian_streamer]: Enable: chờ 1.5s để hệ thống ổn định trước khi start queue...
[INFO] [1781256792.970593901] [cartesian_streamer]: Enable: StartPointQueueMode...
[INFO] [1781256792.979133418] [cartesian_streamer]: StartPointQueueMode response: code=111, msg="A PFL event has occurred. Please return the robot to a safe state"
[ERROR] [1781256792.979368418] [cartesian_streamer]: StartPointQueueMode FAILED: A PFL event has occurred. Please return the robot to a safe state
[INFO] [1781256798.889883688] [cartesian_streamer]: Disable Robot: dừng stream, tắt traj mode...
[INFO] [1781256798.890659442] [cartesian_streamer]: ✗ Robot DISABLED.
[INFO] [1781256806.853728681] [cartesian_streamer]: Disable Robot: dừng stream, tắt traj mode...
[INFO] [1781256806.854478460] [cartesian_streamer]: ✗ Robot DISABLED.
[INFO] [1781256809.685968024] [cartesian_streamer]: Enable Robot: bắt đầu chuỗi khởi động...
[INFO] [1781256809.686268289] [cartesian_streamer]: Enable: reset_error...
[INFO] [1781256809.702843390] [cartesian_streamer]: reset_error: code=1, msg="success"
[INFO] [1781256809.703131146] [cartesian_streamer]: Enable: stop_traj_mode (giải phóng mode cũ)...
[INFO] [1781256809.757553199] [cartesian_streamer]: stop_traj_mode: success=True, code=N/A, msg=""
[INFO] [1781256809.758025808] [cartesian_streamer]: Enable: chờ 1.5s để hệ thống ổn định trước khi start queue...
[INFO] [1781256811.259046471] [cartesian_streamer]: Enable: StartPointQueueMode...
[INFO] [1781256812.788901678] [cartesian_streamer]: StartPointQueueMode response: code=1, msg=""
[INFO] [1781256812.789562191] [cartesian_streamer]: ✓ Robot ENABLED — Point Queue Mode active. Servo ON!
[INFO] [1781256812.802004376] [cartesian_streamer]: Runtime rate: state=seeding, tick_hz=2.2, queue_send_hz=1.2, ack_hz=1.2, busy_hz=0.0, retry_count=1, reject_count=1, inter_ack_ms=130.6, max_joint_delta=0.180, cumul_time=0.00s, hold_count=0, ik_mode=Local, ik_avg_ms=6.32, ik_fails=219
[WARN] [1781256812.802774932] [cartesian_streamer]: Target stream stale: không có target mới trong 22.2s
[WARN] [1781256812.803492082] [cartesian_streamer]: QueueTrajPoint đã được accept nhưng joint_states hầu như không đổi. Kiểm tra: 1) Robot ở mode AUTO? 2) Servo ON? 3) E-stop cleared?
[INFO] [1781256812.804529561] [cartesian_streamer]: Bootstrap EE pose via FK: (-0.1619, 0.2802, 0.3785)
[INFO] [1781256812.805407222] [cartesian_streamer]: Đã gửi seed point (current joints, t=0), chờ ACK...
[INFO] [1781256812.815260617] [cartesian_streamer]: Seed ACK nhận được, bắt đầu prebuffer.
[INFO] [1781256813.390821873] [cartesian_streamer]: Pre-buffer hoàn tất (3 points), bắt đầu stream ổn định. Đang chờ target...
[INFO] [1781256814.456564389] [cartesian_streamer]: QueueTrajPoint accepted #920: t=1.330s, hold=True
[WARN] [1781256817.140254051] [cartesian_streamer]: Queue BUSY, sẽ resend (backoff 66ms): msg="Busy processing the previous trajectory point. Please resend the next point shortly"
[INFO] [1781256817.385588106] [cartesian_streamer]: QueueTrajPoint accepted #940: t=3.729s, hold=True
[INFO] [1781256817.868426944] [cartesian_streamer]: Runtime rate: state=streaming, tick_hz=15.0, queue_send_hz=7.5, ack_hz=7.3, busy_hz=0.2, retry_count=1, reject_count=0, inter_ack_ms=736.4, max_joint_delta=0.000, cumul_time=4.19s, hold_count=36, ik_mode=Local, ik_avg_ms=6.32, ik_fails=219
[WARN] [1781256817.868767315] [cartesian_streamer]: Target stream stale: không có target mới trong 27.3s
[INFO] [1781256818.269941057] [cartesian_streamer]: IK OK → Δmax=0.0094 rad, joints: [1.570, 0.121, -1.058, 0.001, -0.390, -1.443]
[WARN] [1781256818.335489382] [cartesian_streamer]: QueueTrajPoint đã được accept nhưng joint_states hầu như không đổi. Kiểm tra: 1) Robot ở mode AUTO? 2) Servo ON? 3) E-stop cleared?
[INFO] [1781256819.291541047] [cartesian_streamer]: QueueTrajPoint accepted #960: t=5.665s, hold=False
[INFO] [1781256819.936212378] [cartesian_streamer]: IK delta clamped → joints: [1.523, 0.082, -0.960, 0.000, -0.522, -1.396]
[INFO] [1781256820.271597612] [cartesian_streamer]: IK OK → Δmax=0.0228 rad, joints: [1.499, 0.053, -0.866, 0.000, -0.652, -1.372]
[INFO] [1781256821.051606849] [cartesian_streamer]: QueueTrajPoint accepted #980: t=7.192s, hold=False
[INFO] [1781256822.336483829] [cartesian_streamer]: IK OK → Δmax=0.0288 rad, joints: [1.344, 0.287, -0.445, 0.000, -0.840, -1.217]
[INFO] [1781256822.485859886] [cartesian_streamer]: QueueTrajPoint accepted #1000: t=8.726s, hold=False
[INFO] [1781256822.935341147] [cartesian_streamer]: Runtime rate: state=streaming, tick_hz=15.0, queue_send_hz=11.8, ack_hz=11.8, busy_hz=0.0, retry_count=0, reject_count=0, inter_ack_ms=84.5, max_joint_delta=0.090, cumul_time=9.13s, hold_count=0, ik_mode=Local, ik_avg_ms=6.04, ik_fails=219
[INFO] [1781256824.017585519] [cartesian_streamer]: QueueTrajPoint accepted #1020: t=10.259s, hold=False
[INFO] [1781256824.406078721] [cartesian_streamer]: IK OK → Δmax=0.0117 rad, joints: [1.208, 0.574, -0.019, 0.000, -0.978, -1.081]
[INFO] [1781256825.831712553] [cartesian_streamer]: QueueTrajPoint accepted #1040: t=12.059s, hold=False
[INFO] [1781256826.470738017] [cartesian_streamer]: IK OK → Δmax=0.0114 rad, joints: [1.103, 0.704, 0.151, 0.000, -1.019, -0.976]
[INFO] [1781256827.680776524] [cartesian_streamer]: QueueTrajPoint accepted #1060: t=13.859s, hold=False
[INFO] [1781256828.001827016] [cartesian_streamer]: Runtime rate: state=streaming, tick_hz=15.0, queue_send_hz=11.4, ack_hz=11.4, busy_hz=0.0, retry_count=0, reject_count=0, inter_ack_ms=87.4, max_joint_delta=0.048, cumul_time=14.13s, hold_count=0, ik_mode=Local, ik_avg_ms=5.76, ik_fails=219
[INFO] [1781256828.535930496] [cartesian_streamer]: IK OK → Δmax=0.0058 rad, joints: [1.040, 0.835, 0.331, 0.000, -1.067, -0.913]
[INFO] [1781256829.763263960] [cartesian_streamer]: QueueTrajPoint accepted #1080: t=15.858s, hold=False
[INFO] [1781256830.536869729] [cartesian_streamer]: IK OK → Δmax=0.0321 rad, joints: [1.049, 0.938, 0.514, 0.000, -1.147, -0.922]
[INFO] [1781256831.679448633] [cartesian_streamer]: QueueTrajPoint accepted #1100: t=17.525s, hold=False
[INFO] [1781256832.603013539] [cartesian_streamer]: IK OK → Δmax=0.0160 rad, joints: [1.045, 0.921, 0.495, 0.000, -1.146, -0.918]
[INFO] [1781256833.001569764] [cartesian_streamer]: Runtime rate: state=streaming, tick_hz=15.0, queue_send_hz=10.2, ack_hz=10.0, busy_hz=0.0, retry_count=0, reject_count=0, inter_ack_ms=98.5, max_joint_delta=0.039, cumul_time=18.79s, hold_count=0, ik_mode=Local, ik_avg_ms=5.52, ik_fails=219
[INFO] [1781256833.482507926] [cartesian_streamer]: QueueTrajPoint accepted #1120: t=19.326s, hold=False
[INFO] [1781256834.604300326] [cartesian_streamer]: IK OK → Δmax=0.0030 rad, joints: [1.073, 0.955, 0.557, 0.000, -1.173, -0.946]
[INFO] [1781256835.224002045] [cartesian_streamer]: QueueTrajPoint accepted #1140: t=21.058s, hold=False
[INFO] [1781256836.669146677] [cartesian_streamer]: IK OK → Δmax=0.0047 rad, joints: [1.079, 0.965, 0.577, 0.000, -1.183, -0.952]
[INFO] [1781256837.012546134] [cartesian_streamer]: QueueTrajPoint accepted #1160: t=22.857s, hold=False
[INFO] [1781256838.068325386] [cartesian_streamer]: Runtime rate: state=streaming, tick_hz=15.0, queue_send_hz=10.7, ack_hz=10.7, busy_hz=0.0, retry_count=0, reject_count=0, inter_ack_ms=94.7, max_joint_delta=0.047, cumul_time=23.72s, hold_count=0, ik_mode=Local, ik_avg_ms=5.30, ik_fails=219
[INFO] [1781256838.735771077] [cartesian_streamer]: IK OK → Δmax=0.0028 rad, joints: [1.078, 0.967, 0.581, 0.000, -1.185, -0.951]
[INFO] [1781256839.632431250] [cartesian_streamer]: QueueTrajPoint accepted #1180: t=25.057s, hold=False
[WARN] [1781256839.815360260] [cartesian_streamer]: Queue BUSY, sẽ resend (backoff 66ms): msg="Busy processing the previous trajectory point. Please resend the next point shortly"
[INFO] [1781256840.736882199] [cartesian_streamer]: IK OK → Δmax=0.0037 rad, joints: [1.076, 0.965, 0.577, 0.000, -1.183, -0.949]
[INFO] [1781256841.815253544] [cartesian_streamer]: QueueTrajPoint accepted #1200: t=27.056s, hold=False
[INFO] [1781256842.737071369] [cartesian_streamer]: IK OK → Δmax=0.0041 rad, joints: [1.077, 0.975, 0.598, 0.000, -1.194, -0.950]
[INFO] [1781256843.135690290] [cartesian_streamer]: Runtime rate: state=streaming, tick_hz=15.0, queue_send_hz=9.5, ack_hz=9.5, busy_hz=0.2, retry_count=1, reject_count=0, inter_ack_ms=106.0, max_joint_delta=0.011, cumul_time=28.32s, hold_count=0, ik_mode=Local, ik_avg_ms=5.11, ik_fails=219
[INFO] [1781256843.653322603] [cartesian_streamer]: QueueTrajPoint accepted #1220: t=28.789s, hold=False
[INFO] [1781256844.737408837] [cartesian_streamer]: IK OK → Δmax=0.0042 rad, joints: [1.078, 0.984, 0.615, 0.000, -1.202, -0.951]
[INFO] [1781256845.895378393] [cartesian_streamer]: QueueTrajPoint accepted #1240: t=30.856s, hold=False
[INFO] [1781256846.803385248] [cartesian_streamer]: IK OK → Δmax=0.0115 rad, joints: [1.071, 0.966, 0.577, 0.000, -1.183, -0.944]
[INFO] [1781256847.809812713] [cartesian_streamer]: QueueTrajPoint accepted #1260: t=32.858s, hold=False
[INFO] [1781256848.201686015] [cartesian_streamer]: Runtime rate: state=streaming, tick_hz=15.0, queue_send_hz=9.5, ack_hz=9.5, busy_hz=0.0, retry_count=0, reject_count=0, inter_ack_ms=106.6, max_joint_delta=0.018, cumul_time=33.12s, hold_count=0, ik_mode=Local, ik_avg_ms=4.94, ik_fails=219
[INFO] [1781256848.803460828] [cartesian_streamer]: IK OK → Δmax=0.0031 rad, joints: [1.070, 0.964, 0.572, 0.000, -1.179, -0.943]
[INFO] [1781256850.144309118] [cartesian_streamer]: QueueTrajPoint accepted #1280: t=34.986s, hold=False
[INFO] [1781256850.804217401] [cartesian_streamer]: IK OK → Δmax=0.0041 rad, joints: [1.072, 0.973, 0.589, 0.000, -1.187, -0.945]
[INFO] [1781256852.056006131] [cartesian_streamer]: QueueTrajPoint accepted #1300: t=36.787s, hold=False
[INFO] [1781256852.804441146] [cartesian_streamer]: IK OK → Δmax=0.0036 rad, joints: [1.072, 0.972, 0.586, 0.000, -1.185, -0.945]
[INFO] [1781256853.270110507] [cartesian_streamer]: Runtime rate: state=streaming, tick_hz=15.0, queue_send_hz=9.7, ack_hz=9.7, busy_hz=0.0, retry_count=0, reject_count=0, inter_ack_ms=102.5, max_joint_delta=0.014, cumul_time=38.05s, hold_count=0, ik_mode=Local, ik_avg_ms=4.78, ik_fails=219
[INFO] [1781256854.096230683] [cartesian_streamer]: QueueTrajPoint accepted #1320: t=38.920s, hold=False
[INFO] [1781256854.871370282] [cartesian_streamer]: IK OK → Δmax=0.0035 rad, joints: [1.071, 0.970, 0.581, 0.000, -1.183, -0.944]
[INFO] [1781256856.327841150] [cartesian_streamer]: QueueTrajPoint accepted #1340: t=40.985s, hold=False
[INFO] [1781256856.936071511] [cartesian_streamer]: IK OK → Δmax=0.0053 rad, joints: [1.069, 0.966, 0.573, 0.000, -1.178, -0.942]
[INFO] [1781256858.295965679] [cartesian_streamer]: QueueTrajPoint accepted #1360: t=43.052s, hold=False
[INFO] [1781256858.336039773] [cartesian_streamer]: Runtime rate: state=streaming, tick_hz=15.0, queue_send_hz=9.5, ack_hz=9.5, busy_hz=0.0, retry_count=0, reject_count=0, inter_ack_ms=105.8, max_joint_delta=0.026, cumul_time=43.05s, hold_count=0, ik_mode=Local, ik_avg_ms=4.63, ik_fails=219
[INFO] [1781256858.938693638] [cartesian_streamer]: IK OK → Δmax=0.0045 rad, joints: [1.081, 0.989, 0.618, 0.000, -1.201, -0.954]
[INFO] [1781256859.082391369] [cartesian_streamer]: Disable Robot: dừng stream, tắt traj mode...
[INFO] [1781256859.082907073] [cartesian_streamer]: ✗ Robot DISABLED.
[INFO] [1781256897.148397348] [cartesian_streamer]: Disable Robot: dừng stream, tắt traj mode...
[INFO] [1781256897.149268234] [cartesian_streamer]: ✗ Robot DISABLED.
[INFO] [1781256901.781507009] [cartesian_streamer]: Enable Robot: bắt đầu chuỗi khởi động...
[INFO] [1781256901.782032364] [cartesian_streamer]: Enable: reset_error...
[INFO] [1781256901.793777836] [cartesian_streamer]: reset_error: code=1, msg="success"
[INFO] [1781256901.794294004] [cartesian_streamer]: Enable: stop_traj_mode (giải phóng mode cũ)...
[INFO] [1781256902.039163221] [cartesian_streamer]: stop_traj_mode: success=True, code=N/A, msg=""
[INFO] [1781256902.039736225] [cartesian_streamer]: Enable: chờ 1.5s để hệ thống ổn định trước khi start queue...
[INFO] [1781256903.540734348] [cartesian_streamer]: Enable: StartPointQueueMode...
[INFO] [1781256904.036715896] [cartesian_streamer]: StartPointQueueMode response: code=1, msg=""
[INFO] [1781256904.037225388] [cartesian_streamer]: ✓ Robot ENABLED — Point Queue Mode active. Servo ON!
[INFO] [1781256904.068658453] [cartesian_streamer]: Runtime rate: state=seeding, tick_hz=0.3, queue_send_hz=0.2, ack_hz=0.2, busy_hz=0.0, retry_count=0, reject_count=0, inter_ack_ms=101.2, max_joint_delta=0.017, cumul_time=0.00s, hold_count=0, ik_mode=Local, ik_avg_ms=4.61, ik_fails=219
[WARN] [1781256904.069030179] [cartesian_streamer]: Target stream stale: không có target mới trong 45.0s
[WARN] [1781256904.069316457] [cartesian_streamer]: QueueTrajPoint đã được accept nhưng joint_states hầu như không đổi. Kiểm tra: 1) Robot ở mode AUTO? 2) Servo ON? 3) E-stop cleared?
[INFO] [1781256904.069877936] [cartesian_streamer]: Bootstrap EE pose via FK: (-0.1614, 0.2842, 0.3788)
[INFO] [1781256904.070335690] [cartesian_streamer]: Đã gửi seed point (current joints, t=0), chờ ACK...
[INFO] [1781256904.135276214] [cartesian_streamer]: Bootstrap EE pose via FK: (-0.1614, 0.2842, 0.3788)
[INFO] [1781256904.202598951] [cartesian_streamer]: Bootstrap EE pose via FK: (-0.1614, 0.2842, 0.3788)
[INFO] [1781256904.269502481] [cartesian_streamer]: Bootstrap EE pose via FK: (-0.1614, 0.2842, 0.3788)
[INFO] [1781256904.293755395] [cartesian_streamer]: Seed ACK nhận được, bắt đầu prebuffer.
[INFO] [1781256904.790665406] [cartesian_streamer]: Pre-buffer hoàn tất (3 points), bắt đầu stream ổn định. Đang chờ target...
[WARN] [1781256905.214112993] [cartesian_streamer]: Queue BUSY, sẽ resend (backoff 66ms): msg="Busy processing the previous trajectory point. Please resend the next point shortly"
[INFO] [1781256906.402083071] [cartesian_streamer]: QueueTrajPoint accepted #1380: t=1.465s, hold=True
[WARN] [1781256906.606124881] [cartesian_streamer]: Queue BUSY, sẽ resend (backoff 66ms): msg="Busy processing the previous trajectory point. Please resend the next point shortly"
[INFO] [1781256908.936350418] [cartesian_streamer]: QueueTrajPoint accepted #1400: t=3.799s, hold=True
[INFO] [1781256909.134907077] [cartesian_streamer]: Runtime rate: state=streaming, tick_hz=15.0, queue_send_hz=6.7, ack_hz=6.3, busy_hz=0.4, retry_count=2, reject_count=0, inter_ack_ms=1560.1, max_joint_delta=0.000, cumul_time=4.00s, hold_count=31, ik_mode=Local, ik_avg_ms=4.61, ik_fails=219
[WARN] [1781256909.135221855] [cartesian_streamer]: Target stream stale: không có target mới trong 50.1s
[WARN] [1781256911.538688274] [cartesian_streamer]: Queue BUSY, sẽ resend (backoff 66ms): msg="Busy processing the previous trajectory point. Please resend the next point shortly"
[INFO] [1781256912.323661971] [cartesian_streamer]: QueueTrajPoint accepted #1420: t=6.532s, hold=True
[INFO] [1781256913.070760792] [cartesian_streamer]: Disable Robot: dừng stream, tắt traj mode...
[INFO] [1781256913.071103970] [cartesian_streamer]: ✗ Robot DISABLED.
[WARN] [1781256913.324814303] [cartesian_streamer]: ⚠ Queue mode bị drop! Auto-recovery lần 1/3...
[INFO] [1781256913.825769003] [cartesian_streamer]: Auto-recovery: bắt đầu re-enable queue mode...
[INFO] [1781256913.826294069] [cartesian_streamer]: Enable: reset_error...
[INFO] [1781256913.949703578] [cartesian_streamer]: reset_error: code=1, msg="success"
[INFO] [1781256913.950189250] [cartesian_streamer]: Enable: stop_traj_mode (giải phóng mode cũ)...
[INFO] [1781256914.499223218] [cartesian_streamer]: stop_traj_mode: success=True, code=N/A, msg=""
[INFO] [1781256914.499713065] [cartesian_streamer]: Enable: chờ 1.5s để hệ thống ổn định trước khi start queue...
[INFO] [1781256916.000477700] [cartesian_streamer]: Enable: StartPointQueueMode...
[INFO] [1781256916.625463052] [cartesian_streamer]: StartPointQueueMode response: code=1, msg=""
[INFO] [1781256916.625969296] [cartesian_streamer]: ✓ Robot ENABLED — Point Queue Mode active. Servo ON!
[INFO] [1781256916.668725413] [cartesian_streamer]: Runtime rate: state=seeding, tick_hz=8.0, queue_send_hz=3.5, ack_hz=3.2, busy_hz=0.1, retry_count=1, reject_count=1, inter_ack_ms=160.8, max_joint_delta=0.000, cumul_time=0.00s, hold_count=0, ik_mode=Local, ik_avg_ms=4.61, ik_fails=219
[WARN] [1781256916.669342547] [cartesian_streamer]: Target stream stale: không có target mới trong 57.6s
[WARN] [1781256916.669990794] [cartesian_streamer]: QueueTrajPoint đã được accept nhưng joint_states hầu như không đổi. Kiểm tra: 1) Robot ở mode AUTO? 2) Servo ON? 3) E-stop cleared?
[INFO] [1781256916.671290187] [cartesian_streamer]: Bootstrap EE pose via FK: (-0.1614, 0.2842, 0.3788)
[INFO] [1781256916.672167008] [cartesian_streamer]: Đã gửi seed point (current joints, t=0), chờ ACK...
[INFO] [1781256916.735630808] [cartesian_streamer]: Bootstrap EE pose via FK: (-0.1614, 0.2842, 0.3788)
[INFO] [1781256916.802284897] [cartesian_streamer]: Bootstrap EE pose via FK: (-0.1614, 0.2842, 0.3788)
[INFO] [1781256916.868668927] [cartesian_streamer]: Bootstrap EE pose via FK: (-0.1614, 0.2842, 0.3788)
[INFO] [1781256916.898995214] [cartesian_streamer]: Seed ACK nhận được, bắt đầu prebuffer.
[INFO] [1781256917.322451256] [cartesian_streamer]: Pre-buffer hoàn tất (3 points), bắt đầu stream ổn định. Đang chờ target...
[WARN] [1781256917.451366569] [cartesian_streamer]: Queue BUSY, sẽ resend (backoff 66ms): msg="Busy processing the previous trajectory point. Please resend the next point shortly"
[INFO] [1781256919.215882301] [cartesian_streamer]: QueueTrajPoint accepted #1440: t=1.800s, hold=True
[INFO] [1781256921.735251800] [cartesian_streamer]: Runtime rate: state=streaming, tick_hz=15.0, queue_send_hz=6.9, ack_hz=6.5, busy_hz=0.4, retry_count=2, reject_count=0, inter_ack_ms=263.2, max_joint_delta=0.000, cumul_time=4.00s, hold_count=32, ik_mode=Local, ik_avg_ms=4.61, ik_fails=219
[WARN] [1781256921.735870423] [cartesian_streamer]: Target stream stale: không có target mới trong 62.7s
[INFO] [1781256921.806645486] [cartesian_streamer]: QueueTrajPoint accepted #1460: t=4.133s, hold=True
[INFO] [1781256924.607166051] [cartesian_streamer]: QueueTrajPoint accepted #1480: t=6.600s, hold=True
[INFO] [1781256926.735269304] [cartesian_streamer]: Runtime rate: state=streaming, tick_hz=15.0, queue_send_hz=7.8, ack_hz=7.8, busy_hz=0.0, retry_count=0, reject_count=0, inter_ack_ms=128.2, max_joint_delta=0.000, cumul_time=8.60s, hold_count=71, ik_mode=Local, ik_avg_ms=4.61, ik_fails=219
[WARN] [1781256926.735890993] [cartesian_streamer]: Target stream stale: không có target mới trong 67.7s
[INFO] [1781256927.210281960] [cartesian_streamer]: QueueTrajPoint accepted #1500: t=9.067s, hold=True
[WARN] [1781256927.851362499] [cartesian_streamer]: Queue BUSY, sẽ resend (backoff 66ms): msg="Busy processing the previous trajectory point. Please resend the next point shortly"
[WARN] [1781256929.050535386] [cartesian_streamer]: Queue BUSY, sẽ resend (backoff 66ms): msg="Busy processing the previous trajectory point. Please resend the next point shortly"
[INFO] [1781256930.221283698] [cartesian_streamer]: QueueTrajPoint accepted #1520: t=11.334s, hold=True
[INFO] [1781256931.802024282] [cartesian_streamer]: Runtime rate: state=streaming, tick_hz=15.0, queue_send_hz=7.3, ack_hz=6.7, busy_hz=0.4, retry_count=2, reject_count=0, inter_ack_ms=148.7, max_joint_delta=0.000, cumul_time=12.67s, hold_count=106, ik_mode=Local, ik_avg_ms=4.61, ik_fails=219
[WARN] [1781256931.802638452] [cartesian_streamer]: Target stream stale: không có target mới trong 72.7s
[WARN] [1781256932.607033986] [cartesian_streamer]: Queue BUSY, sẽ resend (backoff 66ms): msg="Busy processing the previous trajectory point. Please resend the next point shortly"
[INFO] [1781256933.093148108] [cartesian_streamer]: QueueTrajPoint accepted #1540: t=13.734s, hold=True
[INFO] [1781256935.925201491] [cartesian_streamer]: QueueTrajPoint accepted #1560: t=16.068s, hold=True
[INFO] [1781256936.868433954] [cartesian_streamer]: Runtime rate: state=streaming, tick_hz=15.0, queue_send_hz=7.7, ack_hz=7.7, busy_hz=0.2, retry_count=1, reject_count=0, inter_ack_ms=130.2, max_joint_delta=0.000, cumul_time=17.07s, hold_count=144, ik_mode=Local, ik_avg_ms=4.61, ik_fails=219
[WARN] [1781256936.869042506] [cartesian_streamer]: Target stream stale: không có target mới trong 77.8s
[INFO] [1781256938.211969500] [cartesian_streamer]: IK OK → Δmax=0.0104 rad, joints: [1.572, 0.123, -1.051, 0.002, -0.391, -1.445]
[WARN] [1781256938.268698342] [cartesian_streamer]: QueueTrajPoint đã được accept nhưng joint_states hầu như không đổi. Kiểm tra: 1) Robot ở mode AUTO? 2) Servo ON? 3) E-stop cleared?
[INFO] [1781256939.021666652] [cartesian_streamer]: QueueTrajPoint accepted #1580: t=18.528s, hold=False
[INFO] [1781256940.270403884] [cartesian_streamer]: IK OK → Δmax=0.0331 rad, joints: [1.527, 0.116, -0.946, 0.000, -0.510, -1.400]
[INFO] [1781256941.121817696] [cartesian_streamer]: QueueTrajPoint accepted #1600: t=20.661s, hold=False
[INFO] [1781256941.868925113] [cartesian_streamer]: Runtime rate: state=streaming, tick_hz=15.0, queue_send_hz=7.6, ack_hz=7.6, busy_hz=0.0, retry_count=0, reject_count=0, inter_ack_ms=131.7, max_joint_delta=0.048, cumul_time=21.46s, hold_count=0, ik_mode=Local, ik_avg_ms=4.51, ik_fails=219
[INFO] [1781256942.270774548] [cartesian_streamer]: IK OK → Δmax=0.0153 rad, joints: [1.559, 0.186, -0.730, 0.000, -0.656, -1.432]
[WARN] [1781256942.610389798] [cartesian_streamer]: Queue BUSY, sẽ resend (backoff 66ms): msg="Busy processing the previous trajectory point. Please resend the next point shortly"
[INFO] [1781256943.298285868] [cartesian_streamer]: QueueTrajPoint accepted #1620: t=22.594s, hold=False
[INFO] [1781256944.337568435] [cartesian_streamer]: IK OK → Δmax=0.0257 rad, joints: [1.600, 0.420, -0.417, -0.000, -0.734, -1.473]
[INFO] [1781256944.901808604] [cartesian_streamer]: QueueTrajPoint accepted #1640: t=24.193s, hold=False
[INFO] [1781256946.339001570] [cartesian_streamer]: IK OK → Δmax=0.0198 rad, joints: [1.594, 0.590, -0.112, -0.000, -0.870, -1.467]
[INFO] [1781256946.823088465] [cartesian_streamer]: QueueTrajPoint accepted #1660: t=26.061s, hold=False
[INFO] [1781256946.936005389] [cartesian_streamer]: Runtime rate: state=streaming, tick_hz=15.0, queue_send_hz=10.7, ack_hz=10.5, busy_hz=0.2, retry_count=1, reject_count=0, inter_ack_ms=95.7, max_joint_delta=0.061, cumul_time=26.13s, hold_count=0, ik_mode=Local, ik_avg_ms=4.39, ik_fails=219
[INFO] [1781256947.803882246] [cartesian_streamer]: IK delta clamped → joints: [1.583, 0.714, 0.082, -0.000, -0.952, -1.455]
[INFO] [1781256948.339636163] [cartesian_streamer]: IK OK → Δmax=0.0025 rad, joints: [1.598, 0.754, 0.155, -0.000, -0.972, -1.471]
[INFO] [1781256948.694147933] [cartesian_streamer]: QueueTrajPoint accepted #1680: t=27.862s, hold=False
[INFO] [1781256950.404029327] [cartesian_streamer]: IK OK → Δmax=0.0107 rad, joints: [1.613, 0.825, 0.274, -0.000, -1.020, -1.486]
[INFO] [1781256950.686303996] [cartesian_streamer]: QueueTrajPoint accepted #1700: t=29.796s, hold=False
[INFO] [1781256952.001813805] [cartesian_streamer]: Runtime rate: state=streaming, tick_hz=15.0, queue_send_hz=9.5, ack_hz=9.5, busy_hz=0.0, retry_count=0, reject_count=0, inter_ack_ms=105.3, max_joint_delta=0.070, cumul_time=30.92s, hold_count=0, ik_mode=Local, ik_avg_ms=4.29, ik_fails=219
[INFO] [1781256952.404255556] [cartesian_streamer]: IK OK → Δmax=0.0060 rad, joints: [1.643, 0.885, 0.360, -0.000, -1.046, -1.515]
[INFO] [1781256952.812158499] [cartesian_streamer]: QueueTrajPoint accepted #1720: t=31.793s, hold=False
[INFO] [1781256954.469715693] [cartesian_streamer]: IK OK → Δmax=0.0103 rad, joints: [1.696, 0.863, 0.304, -0.000, -1.013, -1.568]
[INFO] [1781256955.091680370] [cartesian_streamer]: QueueTrajPoint accepted #1740: t=33.924s, hold=False
[INFO] [1781256956.537107848] [cartesian_streamer]: IK OK → Δmax=0.0052 rad, joints: [1.744, 0.921, 0.425, -0.000, -1.076, -1.616]
[INFO] [1781256957.001697844] [cartesian_streamer]: Runtime rate: state=streaming, tick_hz=15.0, queue_send_hz=10.0, ack_hz=9.8, busy_hz=0.0, retry_count=0, reject_count=0, inter_ack_ms=101.3, max_joint_delta=0.030, cumul_time=35.66s, hold_count=0, ik_mode=Local, ik_avg_ms=4.18, ik_fails=219
[INFO] [1781256957.209746126] [cartesian_streamer]: QueueTrajPoint accepted #1760: t=35.790s, hold=False
[INFO] [1781256958.602889744] [cartesian_streamer]: IK OK → Δmax=0.0095 rad, joints: [1.786, 0.861, 0.358, -0.000, -1.069, -1.659]
[INFO] [1781256958.819903478] [cartesian_streamer]: QueueTrajPoint accepted #1780: t=37.525s, hold=False
[INFO] [1781256960.603489483] [cartesian_streamer]: IK OK → Δmax=0.0297 rad, joints: [1.796, 0.918, 0.497, -0.000, -1.150, -1.669]
[INFO] [1781256960.740934548] [cartesian_streamer]: QueueTrajPoint accepted #1800: t=39.390s, hold=False
[INFO] [1781256962.068438890] [cartesian_streamer]: Runtime rate: state=streaming, tick_hz=15.0, queue_send_hz=10.7, ack_hz=10.9, busy_hz=0.0, retry_count=0, reject_count=0, inter_ack_ms=92.7, max_joint_delta=0.039, cumul_time=40.66s, hold_count=0, ik_mode=Local, ik_avg_ms=4.08, ik_fails=219
[INFO] [1781256962.604815871] [cartesian_streamer]: IK OK → Δmax=0.0028 rad, joints: [1.802, 0.935, 0.483, -0.000, -1.120, -1.674]
[INFO] [1781256962.608660692] [cartesian_streamer]: QueueTrajPoint accepted #1820: t=41.258s, hold=False
[INFO] [1781256964.669752362] [cartesian_streamer]: IK OK → Δmax=0.0112 rad, joints: [1.785, 0.927, 0.465, -0.000, -1.110, -1.657]
[WARN] [1781256964.741714744] [cartesian_streamer]: Queue BUSY, sẽ resend (backoff 66ms): msg="Busy processing the previous trajectory point. Please resend the next point shortly"
[INFO] [1781256964.976511547] [cartesian_streamer]: Disable Robot: dừng stream, tắt traj mode...
[INFO] [1781256964.977375178] [cartesian_streamer]: ✗ Robot DISABLED.
[INFO] [1781257019.781731604] [cartesian_streamer]: Disable Robot: dừng stream, tắt traj mode...
[INFO] [1781257019.782944792] [cartesian_streamer]: ✗ Robot DISABLED.
[INFO] [1781257023.365688232] [cartesian_streamer]: Enable Robot: bắt đầu chuỗi khởi động...
[INFO] [1781257023.366258245] [cartesian_streamer]: Enable: reset_error...
[INFO] [1781257023.372596003] [cartesian_streamer]: reset_error: code=1, msg="success"
[INFO] [1781257023.373242717] [cartesian_streamer]: Enable: stop_traj_mode (giải phóng mode cũ)...
[INFO] [1781257023.424429583] [cartesian_streamer]: stop_traj_mode: success=True, code=N/A, msg=""
[INFO] [1781257023.425172014] [cartesian_streamer]: Enable: chờ 1.5s để hệ thống ổn định trước khi start queue...
[INFO] [1781257024.926437872] [cartesian_streamer]: Enable: StartPointQueueMode...
[INFO] [1781257026.530657317] [cartesian_streamer]: StartPointQueueMode response: code=1, msg=""
[INFO] [1781257026.531193614] [cartesian_streamer]: ✓ Robot ENABLED — Point Queue Mode active. Servo ON!
[INFO] [1781257026.534837491] [cartesian_streamer]: Runtime rate: state=seeding, tick_hz=0.7, queue_send_hz=0.4, ack_hz=0.4, busy_hz=0.0, retry_count=1, reject_count=0, inter_ack_ms=127.8, max_joint_delta=0.024, cumul_time=0.00s, hold_count=0, ik_mode=Local, ik_avg_ms=4.03, ik_fails=219
[WARN] [1781257026.535118853] [cartesian_streamer]: Target stream stale: không có target mới trong 61.6s
[WARN] [1781257026.535398575] [cartesian_streamer]: QueueTrajPoint đã được accept nhưng joint_states hầu như không đổi. Kiểm tra: 1) Robot ở mode AUTO? 2) Servo ON? 3) E-stop cleared?
[INFO] [1781257026.535935895] [cartesian_streamer]: Bootstrap EE pose via FK: (-0.1620, 0.2801, 0.3785)
[INFO] [1781257026.536394817] [cartesian_streamer]: Đã gửi seed point (current joints, t=0), chờ ACK...
[INFO] [1781257026.563252000] [cartesian_streamer]: Seed ACK nhận được, bắt đầu prebuffer.
[INFO] [1781257026.622589409] [cartesian_streamer]: QueueTrajPoint accepted #1840: t=0.066s, hold=True
[INFO] [1781257026.810210092] [cartesian_streamer]: Pre-buffer hoàn tất (3 points), bắt đầu stream ổn định. Đang chờ target...
[INFO] [1781257028.922146677] [cartesian_streamer]: QueueTrajPoint accepted #1860: t=2.132s, hold=True
[INFO] [1781257031.320696923] [cartesian_streamer]: QueueTrajPoint accepted #1880: t=4.465s, hold=True
[INFO] [1781257031.338195387] [cartesian_streamer]: IK OK → Δmax=0.0008 rad, joints: [1.571, 0.124, -1.049, 0.001, -0.397, -1.444]
[INFO] [1781257031.535287951] [cartesian_streamer]: Runtime rate: state=streaming, tick_hz=15.0, queue_send_hz=9.0, ack_hz=8.8, busy_hz=0.0, retry_count=0, reject_count=0, inter_ack_ms=1505.1, max_joint_delta=0.001, cumul_time=4.73s, hold_count=0, ik_mode=Local, ik_avg_ms=4.03, ik_fails=219
[WARN] [1781257031.535960248] [cartesian_streamer]: QueueTrajPoint đã được accept nhưng joint_states hầu như không đổi. Kiểm tra: 1) Robot ở mode AUTO? 2) Servo ON? 3) E-stop cleared?
[INFO] [1781257033.402804192] [cartesian_streamer]: IK OK → Δmax=0.0000 rad, joints: [1.571, 0.124, -1.049, 0.001, -0.397, -1.444]
[WARN] [1781257033.469001653] [cartesian_streamer]: Service call timeout (500ms). Resetting inflight flag.
[WARN] [1781257034.002916357] [cartesian_streamer]: Service call timeout (500ms). Resetting inflight flag.
[WARN] [1781257034.536507193] [cartesian_streamer]: Service call timeout (500ms). Resetting inflight flag.
[WARN] [1781257035.069479051] [cartesian_streamer]: Service call timeout (500ms). Resetting inflight flag.
[WARN] [1781257035.153582012] [cartesian_streamer]: Queue BUSY, sẽ resend (backoff 66ms): msg="Busy processing the previous trajectory point. Please resend the next point shortly"
[INFO] [1781257035.403118255] [cartesian_streamer]: IK OK → Δmax=0.0000 rad, joints: [1.571, 0.124, -1.049, 0.001, -0.397, -1.444]
[INFO] [1781257035.540172324] [cartesian_streamer]: QueueTrajPoint accepted #1900: t=6.933s, hold=False
[INFO] [1781257036.601892766] [cartesian_streamer]: Runtime rate: state=streaming, tick_hz=15.0, queue_send_hz=6.9, ack_hz=6.5, busy_hz=0.6, retry_count=3, reject_count=0, inter_ack_ms=155.2, max_joint_delta=0.000, cumul_time=7.93s, hold_count=0, ik_mode=Local, ik_avg_ms=3.91, ik_fails=219
[WARN] [1781257036.602537190] [cartesian_streamer]: QueueTrajPoint đã được accept nhưng joint_states hầu như không đổi. Kiểm tra: 1) Robot ở mode AUTO? 2) Servo ON? 3) E-stop cleared?
[INFO] [1781257036.877255919] [cartesian_streamer]: QueueTrajPoint accepted #1920: t=8.268s, hold=False
[INFO] [1781257037.403924530] [cartesian_streamer]: IK OK → Δmax=0.0000 rad, joints: [1.571, 0.124, -1.049, 0.001, -0.397, -1.444]
[INFO] [1781257038.274457690] [cartesian_streamer]: QueueTrajPoint accepted #1940: t=9.667s, hold=False
[INFO] [1781257039.468953011] [cartesian_streamer]: IK OK → Δmax=0.0000 rad, joints: [1.571, 0.124, -1.049, 0.001, -0.397, -1.444]
[INFO] [1781257039.684942896] [cartesian_streamer]: QueueTrajPoint accepted #1960: t=11.066s, hold=False
[INFO] [1781257040.713558432] [cartesian_streamer]: Disable Robot: dừng stream, tắt traj mode...
[INFO] [1781257040.714359085] [cartesian_streamer]: ✗ Robot DISABLED.
[INFO] [1781257042.505161322] [cartesian_streamer]: Disable Robot: dừng stream, tắt traj mode...
[INFO] [1781257042.506083918] [cartesian_streamer]: ✗ Robot DISABLED.
[INFO] [1781257058.592024672] [cartesian_streamer]: Enable Robot: bắt đầu chuỗi khởi động...
[INFO] [1781257058.592529856] [cartesian_streamer]: Enable: reset_error...
[INFO] [1781257058.597255420] [cartesian_streamer]: reset_error: code=1, msg="success"
[INFO] [1781257058.597772473] [cartesian_streamer]: Enable: stop_traj_mode (giải phóng mode cũ)...
[INFO] [1781257058.639694451] [cartesian_streamer]: stop_traj_mode: success=True, code=N/A, msg=""
[INFO] [1781257058.640193357] [cartesian_streamer]: Enable: chờ 1.5s để hệ thống ổn định trước khi start queue...
[INFO] [1781257060.141142489] [cartesian_streamer]: Enable: StartPointQueueMode...
[INFO] [1781257061.470913807] [cartesian_streamer]: StartPointQueueMode response: code=1, msg=""
[INFO] [1781257061.471158077] [cartesian_streamer]: ✓ Robot ENABLED — Point Queue Mode active. Servo ON!
[INFO] [1781257061.534896005] [cartesian_streamer]: Runtime rate: state=seeding, tick_hz=2.5, queue_send_hz=2.4, ack_hz=2.4, busy_hz=0.0, retry_count=0, reject_count=0, inter_ack_ms=68.9, max_joint_delta=0.000, cumul_time=0.00s, hold_count=0, ik_mode=Local, ik_avg_ms=3.81, ik_fails=219
[WARN] [1781257061.535171309] [cartesian_streamer]: Target stream stale: không có target mới trong 20.8s
[WARN] [1781257061.535430690] [cartesian_streamer]: QueueTrajPoint đã được accept nhưng joint_states hầu như không đổi. Kiểm tra: 1) Robot ở mode AUTO? 2) Servo ON? 3) E-stop cleared?
[INFO] [1781257061.535947887] [cartesian_streamer]: Bootstrap EE pose via FK: (-0.1620, 0.2800, 0.3785)
[INFO] [1781257061.536619208] [cartesian_streamer]: Đã gửi seed point (current joints, t=0), chờ ACK...
[INFO] [1781257061.543032942] [cartesian_streamer]: Seed ACK nhận được, bắt đầu prebuffer.
[INFO] [1781257061.741369763] [cartesian_streamer]: Pre-buffer hoàn tất (3 points), bắt đầu stream ổn định. Đang chờ target...
[INFO] [1781257061.806420379] [cartesian_streamer]: QueueTrajPoint accepted #1980: t=0.265s, hold=True
[INFO] [1781257063.477826837] [cartesian_streamer]: QueueTrajPoint accepted #2000: t=1.865s, hold=True
[INFO] [1781257064.808557478] [cartesian_streamer]: QueueTrajPoint accepted #2020: t=3.198s, hold=True
[INFO] [1781257066.483627984] [cartesian_streamer]: QueueTrajPoint accepted #2040: t=4.798s, hold=True
[INFO] [1781257066.535468733] [cartesian_streamer]: Runtime rate: state=streaming, tick_hz=15.0, queue_send_hz=13.0, ack_hz=13.0, busy_hz=0.0, retry_count=0, reject_count=0, inter_ack_ms=397.0, max_joint_delta=0.000, cumul_time=4.80s, hold_count=64, ik_mode=Local, ik_avg_ms=3.81, ik_fails=219
[WARN] [1781257066.536083403] [cartesian_streamer]: Target stream stale: không có target mới trong 25.8s
[INFO] [1781257067.939734081] [cartesian_streamer]: QueueTrajPoint accepted #2060: t=6.265s, hold=True
[INFO] [1781257068.802773907] [cartesian_streamer]: IK OK → Δmax=0.0000 rad, joints: [1.571, 0.124, -1.049, 0.001, -0.397, -1.444]
[WARN] [1781257068.869438737] [cartesian_streamer]: QueueTrajPoint đã được accept nhưng joint_states hầu như không đổi. Kiểm tra: 1) Robot ở mode AUTO? 2) Servo ON? 3) E-stop cleared?
[INFO] [1781257069.344123158] [cartesian_streamer]: QueueTrajPoint accepted #2080: t=7.666s, hold=False
[INFO] [1781257070.815107732] [cartesian_streamer]: QueueTrajPoint accepted #2100: t=9.133s, hold=False
[INFO] [1781257070.870426878] [cartesian_streamer]: IK OK → Δmax=0.0000 rad, joints: [1.571, 0.124, -1.049, 0.001, -0.397, -1.444]
[INFO] [1781257071.601324302] [cartesian_streamer]: Runtime rate: state=streaming, tick_hz=15.0, queue_send_hz=14.0, ack_hz=14.0, busy_hz=0.0, retry_count=0, reject_count=0, inter_ack_ms=71.4, max_joint_delta=0.000, cumul_time=9.87s, hold_count=0, ik_mode=Local, ik_avg_ms=3.75, ik_fails=219
[INFO] [1781257072.139003807] [cartesian_streamer]: QueueTrajPoint accepted #2120: t=10.466s, hold=False
[INFO] [1781257072.870488428] [cartesian_streamer]: IK OK → Δmax=0.0236 rad, joints: [1.562, 0.106, -1.007, 0.000, -0.459, -1.435]
[INFO] [1781257073.547968738] [cartesian_streamer]: QueueTrajPoint accepted #2140: t=11.869s, hold=False
[WARN] [1781257073.934852558] [cartesian_streamer]: QueueTrajPoint đã được accept nhưng joint_states hầu như không đổi. Kiểm tra: 1) Robot ở mode AUTO? 2) Servo ON? 3) E-stop cleared?
[INFO] [1781257074.878968637] [cartesian_streamer]: QueueTrajPoint accepted #2160: t=13.201s, hold=False
[INFO] [1781257074.936586838] [cartesian_streamer]: IK OK → Δmax=0.0182 rad, joints: [1.512, 0.192, -0.754, 0.000, -0.625, -1.385]
[INFO] [1781257076.208714109] [cartesian_streamer]: QueueTrajPoint accepted #2180: t=14.533s, hold=False
[INFO] [1781257076.601830474] [cartesian_streamer]: Runtime rate: state=streaming, tick_hz=15.0, queue_send_hz=14.8, ack_hz=14.8, busy_hz=0.0, retry_count=0, reject_count=0, inter_ack_ms=67.6, max_joint_delta=0.029, cumul_time=14.87s, hold_count=0, ik_mode=Local, ik_avg_ms=3.67, ik_fails=219
[INFO] [1781257076.938127954] [cartesian_streamer]: IK OK → Δmax=0.0221 rad, joints: [1.469, 0.451, -0.172, 0.000, -0.949, -1.342]
[INFO] [1781257077.678407346] [cartesian_streamer]: QueueTrajPoint accepted #2200: t=16.001s, hold=False
[WARN] [1781257078.935357992] [cartesian_streamer]: QueueTrajPoint đã được accept nhưng joint_states hầu như không đổi. Kiểm tra: 1) Robot ở mode AUTO? 2) Servo ON? 3) E-stop cleared?
[INFO] [1781257079.003614791] [cartesian_streamer]: IK OK → Δmax=0.0333 rad, joints: [1.417, 0.820, 0.639, 0.000, -1.390, -1.289]
[INFO] [1781257079.076892565] [cartesian_streamer]: QueueTrajPoint accepted #2220: t=17.401s, hold=False
[INFO] [1781257079.710854259] [cartesian_streamer]: Local IK không hội tụ (fail #1)
[WARN] [1781257080.487203934] [cartesian_streamer]: Local IK failed 10x liên tiếp! Fallback sang MoveIt! IK...
[INFO] [1781257080.641239670] [cartesian_streamer]: QueueTrajPoint accepted #2240: t=18.968s, hold=False
[INFO] [1781257081.041705300] [cartesian_streamer]: IK OK → Δmax=0.0000 rad, joints: [1.397, 0.997, 1.017, 0.000, -1.592, -1.270]
[INFO] [1781257081.668729131] [cartesian_streamer]: Runtime rate: state=streaming, tick_hz=15.0, queue_send_hz=13.0, ack_hz=13.0, busy_hz=0.0, retry_count=0, reject_count=0, inter_ack_ms=76.8, max_joint_delta=0.066, cumul_time=19.93s, hold_count=0, ik_mode=Local, ik_avg_ms=3.84, ik_fails=240
[INFO] [1781257082.218279086] [cartesian_streamer]: QueueTrajPoint accepted #2260: t=20.534s, hold=False
[INFO] [1781257082.290306503] [cartesian_streamer]: Local IK không hội tụ (fail #1)
[WARN] [1781257083.032239284] [cartesian_streamer]: Local IK failed 10x liên tiếp! Fallback sang MoveIt! IK...
[INFO] [1781257083.093672639] [cartesian_streamer]: IK OK → Δmax=0.0000 rad, joints: [1.359, 1.005, 1.041, 0.000, -1.607, -1.232]
[WARN] [1781257084.002003136] [cartesian_streamer]: QueueTrajPoint đã được accept nhưng joint_states hầu như không đổi. Kiểm tra: 1) Robot ở mode AUTO? 2) Servo ON? 3) E-stop cleared?
[INFO] [1781257084.111622642] [cartesian_streamer]: QueueTrajPoint accepted #2280: t=22.369s, hold=False
[INFO] [1781257085.136011219] [cartesian_streamer]: IK OK → Δmax=0.0378 rad, joints: [1.355, 0.848, 0.686, 0.000, -1.410, -1.228]
[INFO] [1781257085.485045484] [cartesian_streamer]: QueueTrajPoint accepted #2300: t=23.743s, hold=False
[INFO] [1781257086.736749316] [cartesian_streamer]: Runtime rate: state=streaming, tick_hz=15.0, queue_send_hz=13.2, ack_hz=13.2, busy_hz=0.0, retry_count=0, reject_count=0, inter_ack_ms=75.5, max_joint_delta=0.058, cumul_time=24.94s, hold_count=0, ik_mode=Local, ik_avg_ms=4.06, ik_fails=269
[INFO] [1781257086.815185007] [cartesian_streamer]: QueueTrajPoint accepted #2320: t=25.078s, hold=False
[INFO] [1781257087.138209950] [cartesian_streamer]: IK OK → Δmax=0.0371 rad, joints: [1.380, 0.882, 0.699, 0.000, -1.388, -1.253]
[INFO] [1781257087.686069417] [cartesian_streamer]: Local IK không hội tụ (fail #1)
[INFO] [1781257088.176445995] [cartesian_streamer]: QueueTrajPoint accepted #2340: t=26.434s, hold=True
[WARN] [1781257088.293595821] [cartesian_streamer]: Local IK failed 10x liên tiếp! Fallback sang MoveIt! IK...
[WARN] [1781257089.001988720] [cartesian_streamer]: QueueTrajPoint đã được accept nhưng joint_states hầu như không đổi. Kiểm tra: 1) Robot ở mode AUTO? 2) Servo ON? 3) E-stop cleared?
[INFO] [1781257089.004350335] [cartesian_streamer]: IK delta clamped → joints: [1.375, 0.915, 0.799, 0.000, -1.439, -1.248]
[INFO] [1781257089.204522704] [cartesian_streamer]: IK OK → Δmax=0.0096 rad, joints: [1.376, 0.909, 0.778, 0.000, -1.441, -1.249]
[INFO] [1781257089.542559569] [cartesian_streamer]: QueueTrajPoint accepted #2360: t=27.810s, hold=False
[INFO] [1781257090.880275953] [cartesian_streamer]: QueueTrajPoint accepted #2380: t=29.144s, hold=False
[INFO] [1781257091.269453846] [cartesian_streamer]: IK OK → Δmax=0.0309 rad, joints: [1.365, 0.763, 0.502, 0.000, -1.311, -1.238]
[INFO] [1781257091.801758122] [cartesian_streamer]: Runtime rate: state=streaming, tick_hz=15.0, queue_send_hz=14.8, ack_hz=14.8, busy_hz=0.0, retry_count=0, reject_count=0, inter_ack_ms=67.6, max_joint_delta=0.070, cumul_time=30.01s, hold_count=0, ik_mode=Local, ik_avg_ms=4.10, ik_fails=284
[INFO] [1781257092.222474325] [cartesian_streamer]: Local IK không hội tụ (fail #1)
[INFO] [1781257092.227485988] [cartesian_streamer]: QueueTrajPoint accepted #2400: t=30.495s, hold=True
[WARN] [1781257092.894741083] [cartesian_streamer]: Local IK failed 10x liên tiếp! Fallback sang MoveIt! IK...
[INFO] [1781257093.358917651] [cartesian_streamer]: IK OK → Δmax=0.0000 rad, joints: [1.404, 1.021, 1.043, 0.000, -1.594, -1.277]
[INFO] [1781257093.840726941] [cartesian_streamer]: QueueTrajPoint accepted #2420: t=32.102s, hold=False
[WARN] [1781257094.068142710] [cartesian_streamer]: QueueTrajPoint đã được accept nhưng joint_states hầu như không đổi. Kiểm tra: 1) Robot ở mode AUTO? 2) Servo ON? 3) E-stop cleared?
[WARN] [1781257094.960677313] [cartesian_streamer]: Local IK failed 36x liên tiếp! Fallback sang MoveIt! IK...
[INFO] [1781257095.369028800] [cartesian_streamer]: QueueTrajPoint accepted #2440: t=33.631s, hold=False
[INFO] [1781257095.424320113] [cartesian_streamer]: IK OK → Δmax=0.0000 rad, joints: [1.404, 1.021, 1.043, 0.000, -1.594, -1.277]
[INFO] [1781257096.674069181] [cartesian_streamer]: QueueTrajPoint accepted #2460: t=34.942s, hold=False
[INFO] [1781257096.868600241] [cartesian_streamer]: Runtime rate: state=streaming, tick_hz=15.0, queue_send_hz=13.6, ack_hz=13.6, busy_hz=0.0, retry_count=0, reject_count=0, inter_ack_ms=73.5, max_joint_delta=0.062, cumul_time=35.08s, hold_count=0, ik_mode=Local, ik_avg_ms=4.44, ik_fails=331
[INFO] [1781257097.470224543] [cartesian_streamer]: IK OK → Δmax=0.0482 rad, joints: [1.359, 0.717, 0.413, 0.000, -1.268, -1.231]
[INFO] [1781257098.009740357] [cartesian_streamer]: QueueTrajPoint accepted #2480: t=36.276s, hold=False
[INFO] [1781257098.710726491] [cartesian_streamer]: Local IK không hội tụ (fail #1)
[WARN] [1781257099.402933282] [cartesian_streamer]: QueueTrajPoint đã được accept nhưng joint_states hầu như không đổi. Kiểm tra: 1) Robot ở mode AUTO? 2) Servo ON? 3) E-stop cleared?
[INFO] [1781257099.476704337] [cartesian_streamer]: QueueTrajPoint accepted #2500: t=37.742s, hold=False
[INFO] [1781257099.537022658] [cartesian_streamer]: IK OK → Δmax=0.0477 rad, joints: [1.396, 0.939, 0.854, 0.000, -1.487, -1.269]
[INFO] [1781257100.809139543] [cartesian_streamer]: QueueTrajPoint accepted #2520: t=39.078s, hold=False
[INFO] [1781257101.242885907] [cartesian_streamer]: Disable Robot: dừng stream, tắt traj mode...
[INFO] [1781257101.243885051] [cartesian_streamer]: ✗ Robot DISABLED.
[INFO] [1781257131.314606164] [cartesian_streamer]: Disable Robot: dừng stream, tắt traj mode...
[INFO] [1781257131.315995710] [cartesian_streamer]: ✗ Robot DISABLED.
[INFO] [1781257139.560258582] [cartesian_streamer]: Disable Robot: dừng stream, tắt traj mode...
[INFO] [1781257139.560955184] [cartesian_streamer]: ✗ Robot DISABLED.
[INFO] [1781257147.998143597] [cartesian_streamer]: Disable Robot: dừng stream, tắt traj mode...
[INFO] [1781257147.998982124] [cartesian_streamer]: ✗ Robot DISABLED.
[INFO] [1781257187.454283818] [cartesian_streamer]: Disable Robot: dừng stream, tắt traj mode...
[INFO] [1781257187.455016091] [cartesian_streamer]: ✗ Robot DISABLED.
[INFO] [1781257192.575851850] [cartesian_streamer]: Disable Robot: dừng stream, tắt traj mode...
[INFO] [1781257192.576678203] [cartesian_streamer]: ✗ Robot DISABLED.
[INFO] [1781257298.424334148] [cartesian_streamer]: Enable Robot: bắt đầu chuỗi khởi động...
[INFO] [1781257298.424966108] [cartesian_streamer]: Enable: reset_error...
[INFO] [1781257298.429830012] [cartesian_streamer]: reset_error: code=1, msg="success"
[INFO] [1781257298.430416977] [cartesian_streamer]: Enable: stop_traj_mode (giải phóng mode cũ)...
[INFO] [1781257298.484354886] [cartesian_streamer]: stop_traj_mode: success=True, code=N/A, msg=""
[INFO] [1781257298.484923155] [cartesian_streamer]: Enable: chờ 1.5s để hệ thống ổn định trước khi start queue...
[INFO] [1781257299.985814572] [cartesian_streamer]: Enable: StartPointQueueMode...
[INFO] [1781257301.472846976] [cartesian_streamer]: StartPointQueueMode response: code=1, msg=""
[INFO] [1781257301.473379072] [cartesian_streamer]: ✓ Robot ENABLED — Point Queue Mode active. Servo ON!
[INFO] [1781257301.534608869] [cartesian_streamer]: Runtime rate: state=seeding, tick_hz=0.3, queue_send_hz=0.3, ack_hz=0.3, busy_hz=0.0, retry_count=0, reject_count=0, inter_ack_ms=68.8, max_joint_delta=0.060, cumul_time=0.00s, hold_count=0, ik_mode=Local, ik_avg_ms=4.45, ik_fails=339
[WARN] [1781257301.534907626] [cartesian_streamer]: Target stream stale: không có target mới trong 200.3s
[WARN] [1781257301.535177856] [cartesian_streamer]: QueueTrajPoint đã được accept nhưng joint_states hầu như không đổi. Kiểm tra: 1) Robot ở mode AUTO? 2) Servo ON? 3) E-stop cleared?
[INFO] [1781257301.535695694] [cartesian_streamer]: Bootstrap EE pose via FK: (-0.1620, 0.2801, 0.3785)
[INFO] [1781257301.536115868] [cartesian_streamer]: Đã gửi seed point (current joints, t=0), chờ ACK...
[INFO] [1781257301.602146028] [cartesian_streamer]: Bootstrap EE pose via FK: (-0.1620, 0.2801, 0.3785)
[INFO] [1781257301.669107690] [cartesian_streamer]: Bootstrap EE pose via FK: (-0.1620, 0.2801, 0.3785)
[INFO] [1781257301.735272443] [cartesian_streamer]: Bootstrap EE pose via FK: (-0.1620, 0.2801, 0.3785)
[INFO] [1781257301.778387891] [cartesian_streamer]: Seed ACK nhận được, bắt đầu prebuffer.
[INFO] [1781257302.056621173] [cartesian_streamer]: Pre-buffer hoàn tất (3 points), bắt đầu stream ổn định. Đang chờ target...
[INFO] [1781257303.361427296] [cartesian_streamer]: QueueTrajPoint accepted #2540: t=1.467s, hold=True
[INFO] [1781257304.677592570] [cartesian_streamer]: IK OK → Δmax=0.0189 rad, joints: [1.576, 0.136, -1.030, 0.011, -0.398, -1.458]
[INFO] [1781257305.543789955] [cartesian_streamer]: QueueTrajPoint accepted #2560: t=3.668s, hold=False
[INFO] [1781257306.535134512] [cartesian_streamer]: Runtime rate: state=streaming, tick_hz=15.0, queue_send_hz=8.0, ack_hz=8.0, busy_hz=0.0, retry_count=0, reject_count=0, inter_ack_ms=5131.8, max_joint_delta=0.019, cumul_time=4.33s, hold_count=0, ik_mode=Local, ik_avg_ms=4.41, ik_fails=339
[WARN] [1781257306.535481227] [cartesian_streamer]: QueueTrajPoint đã được accept nhưng joint_states hầu như không đổi. Kiểm tra: 1) Robot ở mode AUTO? 2) Servo ON? 3) E-stop cleared?
[INFO] [1781257306.736249114] [cartesian_streamer]: IK OK → Δmax=0.0000 rad, joints: [1.572, 0.124, -1.048, 0.005, -0.396, -1.450]
[INFO] [1781257308.327318876] [cartesian_streamer]: QueueTrajPoint accepted #2580: t=5.869s, hold=False
[INFO] [1781257308.737241863] [cartesian_streamer]: IK OK → Δmax=0.0000 rad, joints: [1.572, 0.124, -1.048, 0.005, -0.396, -1.450]
[INFO] [1781257310.552257531] [cartesian_streamer]: QueueTrajPoint accepted #2600: t=8.069s, hold=False
[INFO] [1781257310.803863439] [cartesian_streamer]: IK OK → Δmax=0.0102 rad, joints: [1.490, 0.098, -0.913, 0.000, -0.560, -1.362]
[INFO] [1781257311.601967231] [cartesian_streamer]: Runtime rate: state=streaming, tick_hz=15.0, queue_send_hz=9.3, ack_hz=9.3, busy_hz=0.0, retry_count=0, reject_count=0, inter_ack_ms=107.8, max_joint_delta=0.060, cumul_time=9.07s, hold_count=0, ik_mode=Local, ik_avg_ms=4.32, ik_fails=339
[WARN] [1781257312.008312284] [cartesian_streamer]: Queue BUSY, sẽ resend (backoff 66ms): msg="Busy processing the previous trajectory point. Please resend the next point shortly"
[INFO] [1781257312.419275025] [cartesian_streamer]: QueueTrajPoint accepted #2620: t=9.670s, hold=False
[INFO] [1781257312.872032520] [cartesian_streamer]: IK OK → Δmax=0.0149 rad, joints: [1.333, 0.228, -0.573, 0.000, -0.771, -1.206]
[INFO] [1781257314.149001288] [cartesian_streamer]: QueueTrajPoint accepted #2640: t=11.336s, hold=False
[INFO] [1781257314.936999373] [cartesian_streamer]: IK OK → Δmax=0.0386 rad, joints: [1.126, 0.509, -0.091, 0.000, -0.972, -0.999]
[INFO] [1781257315.817597339] [cartesian_streamer]: QueueTrajPoint accepted #2660: t=13.002s, hold=False
[INFO] [1781257316.269188775] [cartesian_streamer]: IK delta clamped → joints: [1.075, 0.760, 0.307, 0.000, -1.127, -0.948]
[INFO] [1781257316.668613906] [cartesian_streamer]: Runtime rate: state=streaming, tick_hz=15.0, queue_send_hz=10.7, ack_hz=10.5, busy_hz=0.2, retry_count=1, reject_count=0, inter_ack_ms=95.5, max_joint_delta=0.070, cumul_time=13.74s, hold_count=0, ik_mode=Local, ik_avg_ms=4.25, ik_fails=339
[INFO] [1781257316.937210486] [cartesian_streamer]: IK OK → Δmax=0.0097 rad, joints: [1.052, 0.810, 0.361, 0.000, -1.122, -0.925]
[INFO] [1781257318.210277834] [cartesian_streamer]: QueueTrajPoint accepted #2680: t=15.268s, hold=False
[INFO] [1781257319.003842702] [cartesian_streamer]: IK OK → Δmax=0.0297 rad, joints: [1.026, 0.939, 0.568, 0.000, -1.201, -0.899]
[INFO] [1781257320.072001689] [cartesian_streamer]: QueueTrajPoint accepted #2700: t=17.003s, hold=False
[INFO] [1781257321.004294116] [cartesian_streamer]: IK OK → Δmax=0.0019 rad, joints: [1.001, 0.926, 0.490, 0.000, -1.135, -0.873]
[INFO] [1781257321.735216966] [cartesian_streamer]: Runtime rate: state=streaming, tick_hz=15.0, queue_send_hz=10.5, ack_hz=10.5, busy_hz=0.0, retry_count=0, reject_count=0, inter_ack_ms=96.3, max_joint_delta=0.034, cumul_time=18.67s, hold_count=0, ik_mode=Local, ik_avg_ms=4.17, ik_fails=339
[INFO] [1781257321.852979487] [cartesian_streamer]: QueueTrajPoint accepted #2720: t=18.803s, hold=False
[INFO] [1781257323.005243431] [cartesian_streamer]: IK OK → Δmax=0.0032 rad, joints: [0.993, 0.915, 0.469, 0.000, -1.125, -0.866]
[INFO] [1781257324.019414123] [cartesian_streamer]: QueueTrajPoint accepted #2740: t=20.934s, hold=False
[INFO] [1781257325.070818635] [cartesian_streamer]: IK OK → Δmax=0.0005 rad, joints: [1.000, 0.923, 0.479, 0.000, -1.128, -0.873]
[INFO] [1781257326.148631203] [cartesian_streamer]: QueueTrajPoint accepted #2760: t=23.001s, hold=False
[INFO] [1781257326.801250008] [cartesian_streamer]: Runtime rate: state=streaming, tick_hz=15.0, queue_send_hz=9.5, ack_hz=9.5, busy_hz=0.0, retry_count=0, reject_count=0, inter_ack_ms=104.8, max_joint_delta=0.015, cumul_time=23.60s, hold_count=0, ik_mode=Local, ik_avg_ms=4.11, ik_fails=339
[INFO] [1781257327.138212584] [cartesian_streamer]: IK OK → Δmax=0.0033 rad, joints: [0.990, 0.915, 0.460, 0.000, -1.117, -0.863]
[INFO] [1781257327.744933561] [cartesian_streamer]: QueueTrajPoint accepted #2780: t=24.600s, hold=False
[INFO] [1781257329.205963266] [cartesian_streamer]: IK OK → Δmax=0.0062 rad, joints: [0.983, 0.920, 0.459, 0.000, -1.110, -0.856]
[INFO] [1781257330.009384094] [cartesian_streamer]: QueueTrajPoint accepted #2800: t=26.734s, hold=False
[INFO] [1781257331.269200350] [cartesian_streamer]: IK OK → Δmax=0.0031 rad, joints: [0.976, 0.915, 0.448, 0.000, -1.105, -0.849]
[INFO] [1781257331.801451028] [cartesian_streamer]: Runtime rate: state=streaming, tick_hz=15.0, queue_send_hz=9.6, ack_hz=9.6, busy_hz=0.0, retry_count=0, reject_count=0, inter_ack_ms=104.1, max_joint_delta=0.018, cumul_time=28.27s, hold_count=0, ik_mode=Local, ik_avg_ms=4.04, ik_fails=339
[INFO] [1781257332.210647363] [cartesian_streamer]: Disable Robot: dừng stream, tắt traj mode...
[INFO] [1781257332.212426196] [cartesian_streamer]: ✗ Robot DISABLED.
[WARN] [1781257332.549598520] [cartesian_streamer]: ⚠ Queue mode bị drop! Auto-recovery lần 1/3...
[INFO] [1781257333.050575366] [cartesian_streamer]: Auto-recovery: bắt đầu re-enable queue mode...
[INFO] [1781257333.051210016] [cartesian_streamer]: Enable: reset_error...
[INFO] [1781257333.166794174] [cartesian_streamer]: reset_error: code=1, msg="success"
[INFO] [1781257333.167049128] [cartesian_streamer]: Enable: stop_traj_mode (giải phóng mode cũ)...
[INFO] [1781257333.306926294] [cartesian_streamer]: stop_traj_mode: success=True, code=N/A, msg=""
[INFO] [1781257333.307458178] [cartesian_streamer]: Enable: chờ 1.5s để hệ thống ổn định trước khi start queue...
[INFO] [1781257334.808402149] [cartesian_streamer]: Enable: StartPointQueueMode...
[INFO] [1781257334.822404891] [cartesian_streamer]: StartPointQueueMode response: code=104, msg="The teach pendant must not be in TEACH mode"
[ERROR] [1781257334.822724712] [cartesian_streamer]: StartPointQueueMode FAILED: The teach pendant must not be in TEACH mode
[INFO] [1781257769.693554331] [cartesian_streamer]: Enable Robot: bắt đầu chuỗi khởi động...
[INFO] [1781257769.694301656] [cartesian_streamer]: Enable: reset_error...
[INFO] [1781257769.815855150] [cartesian_streamer]: reset_error: code=1, msg="success"
[INFO] [1781257769.816532888] [cartesian_streamer]: Enable: stop_traj_mode (giải phóng mode cũ)...
[INFO] [1781257769.969779429] [cartesian_streamer]: stop_traj_mode: success=True, code=N/A, msg=""
[INFO] [1781257769.970401221] [cartesian_streamer]: Enable: chờ 1.5s để hệ thống ổn định trước khi start queue...
[INFO] [1781257771.471101634] [cartesian_streamer]: Enable: StartPointQueueMode...
[INFO] [1781257772.138319338] [cartesian_streamer]: StartPointQueueMode response: code=1, msg=""
[INFO] [1781257772.139620974] [cartesian_streamer]: ✓ Robot ENABLED — Point Queue Mode active. Servo ON!
[INFO] [1781257772.203277671] [cartesian_streamer]: Runtime rate: state=seeding, tick_hz=0.0, queue_send_hz=0.0, ack_hz=0.0, busy_hz=0.0, retry_count=0, reject_count=1, inter_ack_ms=276.4, max_joint_delta=0.007, cumul_time=0.00s, hold_count=0, ik_mode=Local, ik_avg_ms=4.04, ik_fails=339
[WARN] [1781257772.204383789] [cartesian_streamer]: Target stream stale: không có target mới trong 440.0s
[WARN] [1781257772.205506184] [cartesian_streamer]: QueueTrajPoint đã được accept nhưng joint_states hầu như không đổi. Kiểm tra: 1) Robot ở mode AUTO? 2) Servo ON? 3) E-stop cleared?
[INFO] [1781257772.207250044] [cartesian_streamer]: Bootstrap EE pose via FK: (-0.1620, 0.2801, 0.3785)
[INFO] [1781257772.209123766] [cartesian_streamer]: Đã gửi seed point (current joints, t=0), chờ ACK...
[INFO] [1781257772.271537007] [cartesian_streamer]: Bootstrap EE pose via FK: (-0.1620, 0.2801, 0.3785)
[INFO] [1781257772.340929757] [cartesian_streamer]: Bootstrap EE pose via FK: (-0.1620, 0.2801, 0.3785)
[INFO] [1781257772.402969961] [cartesian_streamer]: Bootstrap EE pose via FK: (-0.1620, 0.2801, 0.3785)
[INFO] [1781257772.456105047] [cartesian_streamer]: Seed ACK nhận được, bắt đầu prebuffer.
[INFO] [1781257772.792485845] [cartesian_streamer]: Pre-buffer hoàn tất (3 points), bắt đầu stream ổn định. Đang chờ target...
[INFO] [1781257772.792999998] [cartesian_streamer]: QueueTrajPoint accepted #2820: t=0.402s, hold=True
[INFO] [1781257776.063204152] [cartesian_streamer]: QueueTrajPoint accepted #2840: t=3.252s, hold=True
[INFO] [1781257777.206991892] [cartesian_streamer]: Runtime rate: state=streaming, tick_hz=15.0, queue_send_hz=6.8, ack_hz=6.6, busy_hz=0.0, retry_count=0, reject_count=0, inter_ack_ms=13487.8, max_joint_delta=0.000, cumul_time=4.32s, hold_count=33, ik_mode=Local, ik_avg_ms=4.04, ik_fails=339
[WARN] [1781257777.207833293] [cartesian_streamer]: Target stream stale: không có target mới trong 445.0s
[INFO] [1781257777.877086094] [cartesian_streamer]: IK OK → Δmax=0.0179 rad, joints: [1.574, 0.124, -1.045, 0.015, -0.397, -1.461]
[WARN] [1781257777.935762313] [cartesian_streamer]: QueueTrajPoint đã được accept nhưng joint_states hầu như không đổi. Kiểm tra: 1) Robot ở mode AUTO? 2) Servo ON? 3) E-stop cleared?
[INFO] [1781257778.421737978] [cartesian_streamer]: QueueTrajPoint accepted #2860: t=5.516s, hold=False
[INFO] [1781257779.937729693] [cartesian_streamer]: IK OK → Δmax=0.0000 rad, joints: [1.571, 0.124, -1.049, 0.000, -0.398, -1.444]
[INFO] [1781257780.743286206] [cartesian_streamer]: IK delta clamped → joints: [1.532, 0.136, -0.864, 0.000, -0.573, -1.404]
[INFO] [1781257780.845274227] [cartesian_streamer]: QueueTrajPoint accepted #2880: t=7.521s, hold=False
[INFO] [1781257781.942997944] [cartesian_streamer]: IK OK → Δmax=0.0179 rad, joints: [1.517, 0.220, -0.564, 0.000, -0.787, -1.389]
[INFO] [1781257782.268823019] [cartesian_streamer]: Runtime rate: state=streaming, tick_hz=15.0, queue_send_hz=9.3, ack_hz=9.5, busy_hz=0.0, retry_count=0, reject_count=0, inter_ack_ms=106.6, max_joint_delta=0.077, cumul_time=9.05s, hold_count=0, ik_mode=Local, ik_avg_ms=3.99, ik_fails=339
[INFO] [1781257782.418166927] [cartesian_streamer]: QueueTrajPoint accepted #2900: t=9.261s, hold=False
[INFO] [1781257783.142854702] [cartesian_streamer]: IK delta clamped → joints: [1.509, 0.386, -0.244, 0.000, -0.949, -1.382]
[INFO] [1781257784.008275674] [cartesian_streamer]: IK OK → Δmax=0.0700 rad, joints: [1.497, 0.531, -0.017, 0.000, -1.088, -1.370]
[INFO] [1781257784.886080729] [cartesian_streamer]: QueueTrajPoint accepted #2920: t=11.390s, hold=False
[INFO] [1781257785.340840818] [cartesian_streamer]: IK delta clamped → joints: [1.498, 0.719, 0.444, 0.000, -1.302, -1.371]
[INFO] [1781257786.072204143] [cartesian_streamer]: IK OK → Δmax=0.0201 rad, joints: [1.497, 0.815, 0.642, 0.000, -1.399, -1.370]
[INFO] [1781257786.927720179] [cartesian_streamer]: QueueTrajPoint accepted #2940: t=13.188s, hold=False
[INFO] [1781257787.276473237] [cartesian_streamer]: Runtime rate: state=streaming, tick_hz=15.0, queue_send_hz=9.6, ack_hz=9.6, busy_hz=0.0, retry_count=0, reject_count=0, inter_ack_ms=104.3, max_joint_delta=0.075, cumul_time=13.59s, hold_count=0, ik_mode=Local, ik_avg_ms=3.95, ik_fails=339
[INFO] [1781257788.136152288] [cartesian_streamer]: IK OK → Δmax=0.0066 rad, joints: [1.464, 0.961, 0.880, 0.000, -1.490, -1.337]
[WARN] [1781257788.872357585] [cartesian_streamer]: Service call timeout (500ms). Resetting inflight flag.
[INFO] [1781257789.006965841] [cartesian_streamer]: IK delta clamped → joints: [1.450, 0.999, 0.962, 0.000, -1.535, -1.323]
[WARN] [1781257789.406699722] [cartesian_streamer]: Service call timeout (500ms). Resetting inflight flag.
[INFO] [1781257790.094279048] [cartesian_streamer]: QueueTrajPoint accepted #2960: t=15.390s, hold=False
[INFO] [1781257790.150277202] [cartesian_streamer]: IK OK → Δmax=0.0090 rad, joints: [1.444, 0.995, 0.961, 0.000, -1.537, -1.317]
[INFO] [1781257792.094610516] [cartesian_streamer]: QueueTrajPoint accepted #2980: t=17.441s, hold=False
[INFO] [1781257792.205678150] [cartesian_streamer]: IK OK → Δmax=0.0025 rad, joints: [1.430, 1.003, 0.976, 0.000, -1.545, -1.302]
[INFO] [1781257792.335603985] [cartesian_streamer]: Runtime rate: state=streaming, tick_hz=15.0, queue_send_hz=7.3, ack_hz=7.3, busy_hz=0.0, retry_count=0, reject_count=0, inter_ack_ms=137.5, max_joint_delta=0.070, cumul_time=17.58s, hold_count=0, ik_mode=Local, ik_avg_ms=3.92, ik_fails=339
[INFO] [1781257794.272313509] [cartesian_streamer]: IK OK → Δmax=0.0020 rad, joints: [1.413, 0.990, 0.948, 0.000, -1.529, -1.286]
[INFO] [1781257794.299437398] [cartesian_streamer]: QueueTrajPoint accepted #3000: t=19.582s, hold=False
[INFO] [1781257794.353123767] [cartesian_streamer]: Disable Robot: dừng stream, tắt traj mode...
[INFO] [1781257794.354030580] [cartesian_streamer]: ✗ Robot DISABLED.
[INFO] [1781257901.413820522] [cartesian_streamer]: Enable Robot: bắt đầu chuỗi khởi động...
[INFO] [1781257901.414061474] [cartesian_streamer]: Enable: reset_error...
[INFO] [1781257901.423355648] [cartesian_streamer]: reset_error: code=1, msg="success"
[INFO] [1781257901.423862727] [cartesian_streamer]: Enable: stop_traj_mode (giải phóng mode cũ)...
[INFO] [1781257901.469308115] [cartesian_streamer]: stop_traj_mode: success=True, code=N/A, msg=""
[INFO] [1781257901.469810046] [cartesian_streamer]: Enable: chờ 1.5s để hệ thống ổn định trước khi start queue...
[INFO] [1781257902.970671967] [cartesian_streamer]: Enable: StartPointQueueMode...
[INFO] [1781257903.575194398] [cartesian_streamer]: StartPointQueueMode response: code=1, msg=""
[INFO] [1781257903.575755979] [cartesian_streamer]: ✓ Robot ENABLED — Point Queue Mode active. Servo ON!
[INFO] [1781257903.601634593] [cartesian_streamer]: Runtime rate: state=seeding, tick_hz=0.3, queue_send_hz=0.2, ack_hz=0.2, busy_hz=0.0, retry_count=0, reject_count=0, inter_ack_ms=106.5, max_joint_delta=0.010, cumul_time=0.00s, hold_count=0, ik_mode=Local, ik_avg_ms=3.90, ik_fails=339
[WARN] [1781257903.602250964] [cartesian_streamer]: Target stream stale: không có target mới trong 109.3s
[WARN] [1781257903.602899141] [cartesian_streamer]: QueueTrajPoint đã được accept nhưng joint_states hầu như không đổi. Kiểm tra: 1) Robot ở mode AUTO? 2) Servo ON? 3) E-stop cleared?
[INFO] [1781257903.603997459] [cartesian_streamer]: Bootstrap EE pose via FK: (-0.1618, 0.2846, 0.3791)
[INFO] [1781257903.605263668] [cartesian_streamer]: Đã gửi seed point (current joints, t=0), chờ ACK...
[INFO] [1781257903.621284993] [cartesian_streamer]: Seed ACK nhận được, bắt đầu prebuffer.
[INFO] [1781257904.016080623] [cartesian_streamer]: Pre-buffer hoàn tất (3 points), bắt đầu stream ổn định. Đang chờ target...
[WARN] [1781257904.747726077] [cartesian_streamer]: Queue BUSY, sẽ resend (backoff 66ms): msg="Busy processing the previous trajectory point. Please resend the next point shortly"
[INFO] [1781257905.684542348] [cartesian_streamer]: QueueTrajPoint accepted #3020: t=1.730s, hold=True
[INFO] [1781257908.327694886] [cartesian_streamer]: QueueTrajPoint accepted #3040: t=3.996s, hold=True
[INFO] [1781257908.601831448] [cartesian_streamer]: Runtime rate: state=streaming, tick_hz=15.0, queue_send_hz=8.4, ack_hz=8.0, busy_hz=0.2, retry_count=1, reject_count=0, inter_ack_ms=2850.1, max_joint_delta=0.000, cumul_time=4.20s, hold_count=40, ik_mode=Local, ik_avg_ms=3.90, ik_fails=339
[WARN] [1781257908.602416806] [cartesian_streamer]: Target stream stale: không có target mới trong 114.3s
[WARN] [1781257908.935057920] [cartesian_streamer]: Service call timeout (500ms). Resetting inflight flag.
[WARN] [1781257909.468150450] [cartesian_streamer]: Service call timeout (500ms). Resetting inflight flag.
[INFO] [1781257911.092245660] [cartesian_streamer]: QueueTrajPoint accepted #3060: t=6.130s, hold=True
[WARN] [1781257912.249406685] [cartesian_streamer]: Queue BUSY, sẽ resend (backoff 66ms): msg="Busy processing the previous trajectory point. Please resend the next point shortly"
[INFO] [1781257913.602656502] [cartesian_streamer]: Runtime rate: state=streaming, tick_hz=15.0, queue_send_hz=7.6, ack_hz=7.6, busy_hz=0.2, retry_count=1, reject_count=0, inter_ack_ms=136.3, max_joint_delta=0.000, cumul_time=8.13s, hold_count=77, ik_mode=Local, ik_avg_ms=3.90, ik_fails=339
[WARN] [1781257913.603275680] [cartesian_streamer]: Target stream stale: không có target mới trong 119.3s
[INFO] [1781257913.609635076] [cartesian_streamer]: QueueTrajPoint accepted #3080: t=8.330s, hold=True
[INFO] [1781257916.185240664] [cartesian_streamer]: QueueTrajPoint accepted #3100: t=10.594s, hold=True
[INFO] [1781257916.286020945] [cartesian_streamer]: Disable Robot: dừng stream, tắt traj mode...
[INFO] [1781257916.286838289] [cartesian_streamer]: ✗ Robot DISABLED.
[INFO] [1781257931.636710989] [cartesian_streamer]: Enable Robot: bắt đầu chuỗi khởi động...
[INFO] [1781257931.636975949] [cartesian_streamer]: Enable: reset_error...
[INFO] [1781257931.644133104] [cartesian_streamer]: reset_error: code=1, msg="success"
[INFO] [1781257931.644718774] [cartesian_streamer]: Enable: stop_traj_mode (giải phóng mode cũ)...
[INFO] [1781257931.681000421] [cartesian_streamer]: stop_traj_mode: success=True, code=N/A, msg=""
[INFO] [1781257931.681250733] [cartesian_streamer]: Enable: chờ 1.5s để hệ thống ổn định trước khi start queue...
[INFO] [1781257933.182155614] [cartesian_streamer]: Enable: StartPointQueueMode...
[INFO] [1781257934.495715527] [cartesian_streamer]: StartPointQueueMode response: code=1, msg=""
[INFO] [1781257934.496322718] [cartesian_streamer]: ✓ Robot ENABLED — Point Queue Mode active. Servo ON!
[INFO] [1781257934.534793604] [cartesian_streamer]: Runtime rate: state=seeding, tick_hz=2.0, queue_send_hz=1.1, ack_hz=1.1, busy_hz=0.0, retry_count=0, reject_count=0, inter_ack_ms=126.0, max_joint_delta=0.000, cumul_time=0.00s, hold_count=0, ik_mode=Local, ik_avg_ms=3.90, ik_fails=339
[WARN] [1781257934.535090567] [cartesian_streamer]: Target stream stale: không có target mới trong 140.2s
[WARN] [1781257934.535359269] [cartesian_streamer]: QueueTrajPoint đã được accept nhưng joint_states hầu như không đổi. Kiểm tra: 1) Robot ở mode AUTO? 2) Servo ON? 3) E-stop cleared?
[INFO] [1781257934.535927628] [cartesian_streamer]: Bootstrap EE pose via FK: (-0.1618, 0.2846, 0.3791)
[INFO] [1781257934.536375779] [cartesian_streamer]: Đã gửi seed point (current joints, t=0), chờ ACK...
[INFO] [1781257934.546628706] [cartesian_streamer]: Seed ACK nhận được, bắt đầu prebuffer.
[INFO] [1781257934.815988672] [cartesian_streamer]: Pre-buffer hoàn tất (3 points), bắt đầu stream ổn định. Đang chờ target...
[INFO] [1781257935.748102211] [cartesian_streamer]: QueueTrajPoint accepted #3120: t=1.198s, hold=True
[INFO] [1781257937.137123221] [cartesian_streamer]: QueueTrajPoint accepted #3140: t=2.598s, hold=True
[INFO] [1781257938.480025000] [cartesian_streamer]: QueueTrajPoint accepted #3160: t=3.932s, hold=True
[INFO] [1781257939.602193279] [cartesian_streamer]: Runtime rate: state=streaming, tick_hz=15.0, queue_send_hz=14.6, ack_hz=14.6, busy_hz=0.0, retry_count=0, reject_count=0, inter_ack_ms=312.3, max_joint_delta=0.000, cumul_time=5.00s, hold_count=73, ik_mode=Local, ik_avg_ms=3.90, ik_fails=339
[INFO] [1781257939.611042808] [cartesian_streamer]: IK OK → Δmax=0.0110 rad, joints: [1.572, 0.123, -1.050, 0.004, -0.391, -1.449]
[WARN] [1781257939.668574248] [cartesian_streamer]: QueueTrajPoint đã được accept nhưng joint_states hầu như không đổi. Kiểm tra: 1) Robot ở mode AUTO? 2) Servo ON? 3) E-stop cleared?
[INFO] [1781257939.812177553] [cartesian_streamer]: QueueTrajPoint accepted #3180: t=5.267s, hold=False
[INFO] [1781257941.211053350] [cartesian_streamer]: QueueTrajPoint accepted #3200: t=6.666s, hold=False
[INFO] [1781257941.670822903] [cartesian_streamer]: IK OK → Δmax=0.0163 rad, joints: [1.555, 0.143, -0.998, 0.000, -0.430, -1.428]
[INFO] [1781257942.544349246] [cartesian_streamer]: QueueTrajPoint accepted #3220: t=8.001s, hold=False
[INFO] [1781257943.736333368] [cartesian_streamer]: IK OK → Δmax=0.0163 rad, joints: [1.494, 0.307, -0.649, 0.000, -0.616, -1.367]
[INFO] [1781257943.884378717] [cartesian_streamer]: QueueTrajPoint accepted #3240: t=9.334s, hold=False
[INFO] [1781257944.602332869] [cartesian_streamer]: Runtime rate: state=streaming, tick_hz=15.0, queue_send_hz=14.8, ack_hz=14.8, busy_hz=0.0, retry_count=0, reject_count=0, inter_ack_ms=67.7, max_joint_delta=0.019, cumul_time=10.00s, hold_count=0, ik_mode=Local, ik_avg_ms=3.84, ik_fails=339
[WARN] [1781257944.735629982] [cartesian_streamer]: QueueTrajPoint đã được accept nhưng joint_states hầu như không đổi. Kiểm tra: 1) Robot ở mode AUTO? 2) Servo ON? 3) E-stop cleared?
[INFO] [1781257945.216475563] [cartesian_streamer]: QueueTrajPoint accepted #3260: t=10.666s, hold=False
[INFO] [1781257945.736856075] [cartesian_streamer]: IK OK → Δmax=0.0222 rad, joints: [1.438, 0.571, -0.050, 0.000, -0.950, -1.311]
[INFO] [1781257946.550367956] [cartesian_streamer]: QueueTrajPoint accepted #3280: t=12.000s, hold=False
[INFO] [1781257947.736975646] [cartesian_streamer]: IK OK → Δmax=0.0096 rad, joints: [1.381, 0.823, 0.590, 0.000, -1.338, -1.254]
[INFO] [1781257947.876681901] [cartesian_streamer]: QueueTrajPoint accepted #3300: t=13.334s, hold=False
[INFO] [1781257949.213141059] [cartesian_streamer]: QueueTrajPoint accepted #3320: t=14.667s, hold=False
[INFO] [1781257949.668398333] [cartesian_streamer]: Runtime rate: state=streaming, tick_hz=15.0, queue_send_hz=14.8, ack_hz=14.8, busy_hz=0.0, retry_count=0, reject_count=0, inter_ack_ms=67.4, max_joint_delta=0.035, cumul_time=15.07s, hold_count=0, ik_mode=Local, ik_avg_ms=3.79, ik_fails=339
[WARN] [1781257949.802025525] [cartesian_streamer]: QueueTrajPoint đã được accept nhưng joint_states hầu như không đổi. Kiểm tra: 1) Robot ở mode AUTO? 2) Servo ON? 3) E-stop cleared?
[INFO] [1781257949.803356827] [cartesian_streamer]: IK OK → Δmax=0.0000 rad, joints: [1.360, 0.998, 0.983, 0.000, -1.556, -1.233]
[INFO] [1781257950.681526991] [cartesian_streamer]: QueueTrajPoint accepted #3340: t=16.134s, hold=False
[INFO] [1781257951.803596515] [cartesian_streamer]: IK OK → Δmax=0.0019 rad, joints: [1.332, 0.997, 0.937, 0.000, -1.511, -1.204]
[INFO] [1781257952.215562892] [cartesian_streamer]: QueueTrajPoint accepted #3360: t=17.666s, hold=False
[INFO] [1781257953.608958183] [cartesian_streamer]: QueueTrajPoint accepted #3380: t=19.067s, hold=False
[INFO] [1781257953.870890894] [cartesian_streamer]: IK OK → Δmax=0.0062 rad, joints: [1.324, 1.049, 0.994, 0.000, -1.516, -1.197]
[INFO] [1781257954.734936717] [cartesian_streamer]: Runtime rate: state=streaming, tick_hz=15.0, queue_send_hz=14.0, ack_hz=14.0, busy_hz=0.0, retry_count=0, reject_count=0, inter_ack_ms=71.4, max_joint_delta=0.044, cumul_time=20.13s, hold_count=0, ik_mode=Local, ik_avg_ms=3.74, ik_fails=339
[WARN] [1781257954.868256830] [cartesian_streamer]: QueueTrajPoint đã được accept nhưng joint_states hầu như không đổi. Kiểm tra: 1) Robot ở mode AUTO? 2) Servo ON? 3) E-stop cleared?
[INFO] [1781257954.941938127] [cartesian_streamer]: QueueTrajPoint accepted #3400: t=20.401s, hold=False
[INFO] [1781257955.704209918] [cartesian_streamer]: Disable Robot: dừng stream, tắt traj mode...
[INFO] [1781257955.705497711] [cartesian_streamer]: ✗ Robot DISABLED.
[INFO] [1781257987.629450663] [cartesian_streamer]: Disable Robot: dừng stream, tắt traj mode...
[INFO] [1781257987.630433458] [cartesian_streamer]: ✗ Robot DISABLED.
[INFO] [1781258005.191596101] [cartesian_streamer]: Disable Robot: dừng stream, tắt traj mode...
[INFO] [1781258005.192567602] [cartesian_streamer]: ✗ Robot DISABLED.
[INFO] [1781258069.283063940] [cartesian_streamer]: Enable Robot: bắt đầu chuỗi khởi động...
[INFO] [1781258069.283356809] [cartesian_streamer]: Enable: reset_error...
[INFO] [1781258069.294976702] [cartesian_streamer]: reset_error: code=1, msg="success"
[INFO] [1781258069.295546274] [cartesian_streamer]: Enable: stop_traj_mode (giải phóng mode cũ)...
[INFO] [1781258069.350636938] [cartesian_streamer]: stop_traj_mode: success=True, code=N/A, msg=""
[INFO] [1781258069.351224394] [cartesian_streamer]: Enable: chờ 1.5s để hệ thống ổn định trước khi start queue...
[INFO] [1781258070.852173043] [cartesian_streamer]: Enable: StartPointQueueMode...
[INFO] [1781258072.597095510] [cartesian_streamer]: StartPointQueueMode response: code=1, msg=""
[INFO] [1781258072.597984647] [cartesian_streamer]: ✓ Robot ENABLED — Point Queue Mode active. Servo ON!
[INFO] [1781258072.602388910] [cartesian_streamer]: Runtime rate: state=seeding, tick_hz=0.1, queue_send_hz=0.1, ack_hz=0.1, busy_hz=0.0, retry_count=0, reject_count=0, inter_ack_ms=66.5, max_joint_delta=0.018, cumul_time=0.00s, hold_count=0, ik_mode=Local, ik_avg_ms=3.73, ik_fails=339
[WARN] [1781258072.603155345] [cartesian_streamer]: Target stream stale: không có target mới trong 116.9s
[WARN] [1781258072.603660671] [cartesian_streamer]: QueueTrajPoint đã được accept nhưng joint_states hầu như không đổi. Kiểm tra: 1) Robot ở mode AUTO? 2) Servo ON? 3) E-stop cleared?
[INFO] [1781258072.604575730] [cartesian_streamer]: Bootstrap EE pose via FK: (-0.1620, 0.2801, 0.3785)
[INFO] [1781258072.607295422] [cartesian_streamer]: Đã gửi seed point (current joints, t=0), chờ ACK...
[INFO] [1781258072.613856418] [cartesian_streamer]: Seed ACK nhận được, bắt đầu prebuffer.
[INFO] [1781258072.806705540] [cartesian_streamer]: Pre-buffer hoàn tất (3 points), bắt đầu stream ổn định. Đang chờ target...
[INFO] [1781258073.481983112] [cartesian_streamer]: QueueTrajPoint accepted #3420: t=0.796s, hold=True
[INFO] [1781258075.854488032] [cartesian_streamer]: QueueTrajPoint accepted #3440: t=2.996s, hold=True
[INFO] [1781258076.349965459] [cartesian_streamer]: IK OK → Δmax=0.0048 rad, joints: [1.571, 0.124, -1.049, 0.004, -0.393, -1.443]
[WARN] [1781258076.674767161] [cartesian_streamer]: Queue BUSY, sẽ resend (backoff 66ms): msg="Busy processing the previous trajectory point. Please resend the next point shortly"
[INFO] [1781258076.803877921] [cartesian_streamer]: IK delta clamped → joints: [1.467, 0.068, -1.026, 0.000, -0.477, -1.320]
[INFO] [1781258077.603460959] [cartesian_streamer]: Runtime rate: state=streaming, tick_hz=15.0, queue_send_hz=9.0, ack_hz=8.8, busy_hz=0.2, retry_count=1, reject_count=0, inter_ack_ms=2769.9, max_joint_delta=0.090, cumul_time=4.45s, hold_count=0, ik_mode=Local, ik_avg_ms=3.72, ik_fails=339
[INFO] [1781258078.094520421] [cartesian_streamer]: QueueTrajPoint accepted #3460: t=4.917s, hold=False
[INFO] [1781258078.404250572] [cartesian_streamer]: IK OK → Δmax=0.0180 rad, joints: [1.355, 0.169, -0.821, 0.000, -0.582, -1.228]
[INFO] [1781258079.682621500] [cartesian_streamer]: QueueTrajPoint accepted #3480: t=6.520s, hold=False
[INFO] [1781258080.405052450] [cartesian_streamer]: IK OK → Δmax=0.0282 rad, joints: [1.376, 0.402, -0.274, 0.000, -0.895, -1.249]
[INFO] [1781258081.214043750] [cartesian_streamer]: QueueTrajPoint accepted #3500: t=8.052s, hold=False
[INFO] [1781258082.405298203] [cartesian_streamer]: IK OK → Δmax=0.0499 rad, joints: [1.396, 0.720, 0.337, 0.000, -1.188, -1.269]
[INFO] [1781258082.602459122] [cartesian_streamer]: Runtime rate: state=streaming, tick_hz=15.0, queue_send_hz=12.4, ack_hz=12.2, busy_hz=0.0, retry_count=0, reject_count=0, inter_ack_ms=80.9, max_joint_delta=0.067, cumul_time=9.39s, hold_count=0, ik_mode=Local, ik_avg_ms=3.68, ik_fails=339
[INFO] [1781258082.821867341] [cartesian_streamer]: QueueTrajPoint accepted #3520: t=9.652s, hold=False
[INFO] [1781258083.069430147] [cartesian_streamer]: IK delta clamped → joints: [1.411, 0.833, 0.556, 0.000, -1.294, -1.284]
[INFO] [1781258084.470320325] [cartesian_streamer]: IK OK → Δmax=0.0046 rad, joints: [1.407, 0.941, 0.799, 0.000, -1.429, -1.280]
[WARN] [1781258084.942308211] [cartesian_streamer]: Queue BUSY, sẽ resend (backoff 66ms): msg="Busy processing the previous trajectory point. Please resend the next point shortly"
[INFO] [1781258085.136898397] [cartesian_streamer]: IK delta clamped → joints: [1.403, 0.991, 0.871, 0.000, -1.466, -1.276]
[INFO] [1781258085.194170194] [cartesian_streamer]: QueueTrajPoint accepted #3540: t=11.718s, hold=False
[INFO] [1781258086.536637461] [cartesian_streamer]: IK OK → Δmax=0.0000 rad, joints: [1.405, 0.997, 0.901, 0.000, -1.476, -1.278]
[INFO] [1781258087.465802688] [cartesian_streamer]: QueueTrajPoint accepted #3560: t=13.851s, hold=False
[INFO] [1781258087.669091504] [cartesian_streamer]: Runtime rate: state=streaming, tick_hz=15.0, queue_send_hz=9.1, ack_hz=9.1, busy_hz=0.2, retry_count=1, reject_count=0, inter_ack_ms=112.2, max_joint_delta=0.070, cumul_time=14.05s, hold_count=0, ik_mode=Local, ik_avg_ms=3.63, ik_fails=339
[WARN] [1781258088.205318928] [cartesian_streamer]: Service call timeout (500ms). Resetting inflight flag.
[INFO] [1781258088.206269330] [cartesian_streamer]: Disable Robot: dừng stream, tắt traj mode...
[INFO] [1781258088.207995313] [cartesian_streamer]: ✗ Robot DISABLED.
[INFO] [1781258136.976148872] [cartesian_streamer]: Enable Robot: bắt đầu chuỗi khởi động...
[INFO] [1781258136.976708425] [cartesian_streamer]: Enable: reset_error...
[INFO] [1781258136.989268026] [cartesian_streamer]: reset_error: code=1, msg="success"
[INFO] [1781258136.989848273] [cartesian_streamer]: Enable: stop_traj_mode (giải phóng mode cũ)...
[INFO] [1781258137.141023920] [cartesian_streamer]: stop_traj_mode: success=True, code=N/A, msg=""
[INFO] [1781258137.141601168] [cartesian_streamer]: Enable: chờ 1.5s để hệ thống ổn định trước khi start queue...
[INFO] [1781258138.642458694] [cartesian_streamer]: Enable: StartPointQueueMode...
[INFO] [1781258139.303969378] [cartesian_streamer]: StartPointQueueMode response: code=1, msg=""
[INFO] [1781258139.304535926] [cartesian_streamer]: ✓ Robot ENABLED — Point Queue Mode active. Servo ON!
[INFO] [1781258139.335335126] [cartesian_streamer]: Runtime rate: state=seeding, tick_hz=0.2, queue_send_hz=0.0, ack_hz=0.0, busy_hz=0.0, retry_count=0, reject_count=0, inter_ack_ms=299.5, max_joint_delta=0.000, cumul_time=0.00s, hold_count=0, ik_mode=Local, ik_avg_ms=3.62, ik_fails=339
[WARN] [1781258139.335959646] [cartesian_streamer]: Target stream stale: không có target mới trong 51.1s
[WARN] [1781258139.336324529] [cartesian_streamer]: QueueTrajPoint đã được accept nhưng joint_states hầu như không đổi. Kiểm tra: 1) Robot ở mode AUTO? 2) Servo ON? 3) E-stop cleared?
[INFO] [1781258139.337272468] [cartesian_streamer]: Bootstrap EE pose via FK: (-0.1620, 0.2801, 0.3785)
[INFO] [1781258139.337977524] [cartesian_streamer]: Đã gửi seed point (current joints, t=0), chờ ACK...
[INFO] [1781258139.402610446] [cartesian_streamer]: Bootstrap EE pose via FK: (-0.1620, 0.2801, 0.3785)
[INFO] [1781258139.468938535] [cartesian_streamer]: Bootstrap EE pose via FK: (-0.1620, 0.2801, 0.3785)
[INFO] [1781258139.535781208] [cartesian_streamer]: Bootstrap EE pose via FK: (-0.1620, 0.2801, 0.3785)
[INFO] [1781258139.574863361] [cartesian_streamer]: Seed ACK nhận được, bắt đầu prebuffer.
[INFO] [1781258139.854403414] [cartesian_streamer]: Pre-buffer hoàn tất (3 points), bắt đầu stream ổn định. Đang chờ target...
[INFO] [1781258141.189114297] [cartesian_streamer]: QueueTrajPoint accepted #3580: t=1.533s, hold=True
[INFO] [1781258143.792909392] [cartesian_streamer]: QueueTrajPoint accepted #3600: t=4.000s, hold=True
[INFO] [1781258144.335183735] [cartesian_streamer]: Runtime rate: state=streaming, tick_hz=15.0, queue_send_hz=8.0, ack_hz=8.0, busy_hz=0.0, retry_count=0, reject_count=0, inter_ack_ms=1400.9, max_joint_delta=0.000, cumul_time=4.53s, hold_count=39, ik_mode=Local, ik_avg_ms=3.62, ik_fails=339
[WARN] [1781258144.335818423] [cartesian_streamer]: Target stream stale: không có target mới trong 56.1s
[INFO] [1781258145.210955315] [cartesian_streamer]: IK OK → Δmax=0.0061 rad, joints: [1.571, 0.123, -1.049, 0.004, -0.392, -1.448]
[WARN] [1781258145.269885396] [cartesian_streamer]: QueueTrajPoint đã được accept nhưng joint_states hầu như không đổi. Kiểm tra: 1) Robot ở mode AUTO? 2) Servo ON? 3) E-stop cleared?
[INFO] [1781258146.691053608] [cartesian_streamer]: QueueTrajPoint accepted #3620: t=6.412s, hold=False
[INFO] [1781258147.270645479] [cartesian_streamer]: IK OK → Δmax=0.0337 rad, joints: [1.545, 0.209, -0.887, 0.000, -0.475, -1.418]
[INFO] [1781258148.750465345] [cartesian_streamer]: QueueTrajPoint accepted #3640: t=8.612s, hold=False
[INFO] [1781258149.336093991] [cartesian_streamer]: IK OK → Δmax=0.0206 rad, joints: [1.409, 0.338, -0.442, 0.000, -0.791, -1.282]
[INFO] [1781258149.401852582] [cartesian_streamer]: Runtime rate: state=streaming, tick_hz=15.0, queue_send_hz=8.7, ack_hz=8.7, busy_hz=0.0, retry_count=0, reject_count=0, inter_ack_ms=114.9, max_joint_delta=0.062, cumul_time=9.21s, hold_count=0, ik_mode=Local, ik_avg_ms=3.58, ik_fails=339
[INFO] [1781258149.735762893] [cartesian_streamer]: IK delta clamped → joints: [1.401, 0.379, -0.331, 0.000, -0.874, -1.274]
[INFO] [1781258150.632513428] [cartesian_streamer]: QueueTrajPoint accepted #3660: t=10.279s, hold=False
[INFO] [1781258151.339420311] [cartesian_streamer]: IK OK → Δmax=0.0269 rad, joints: [1.361, 0.628, 0.221, 0.000, -1.164, -1.234]
[INFO] [1781258151.736190930] [cartesian_streamer]: IK delta clamped → joints: [1.363, 0.708, 0.372, 0.000, -1.252, -1.236]
[INFO] [1781258152.477432448] [cartesian_streamer]: QueueTrajPoint accepted #3680: t=12.279s, hold=False
[WARN] [1781258153.153054670] [cartesian_streamer]: Queue BUSY, sẽ resend (backoff 66ms): msg="Busy processing the previous trajectory point. Please resend the next point shortly"
[INFO] [1781258153.297210720] [cartesian_streamer]: Local IK không hội tụ (fail #1)
[WARN] [1781258154.160664320] [cartesian_streamer]: Local IK failed 10x liên tiếp! Fallback sang MoveIt! IK...
[INFO] [1781258154.161039469] [cartesian_streamer]: IK OK → Δmax=0.0000 rad, joints: [1.358, 1.024, 1.042, 0.000, -1.590, -1.231]
[INFO] [1781258154.402496471] [cartesian_streamer]: Runtime rate: state=streaming, tick_hz=15.0, queue_send_hz=10.2, ack_hz=9.8, busy_hz=0.2, retry_count=1, reject_count=0, inter_ack_ms=100.1, max_joint_delta=0.070, cumul_time=13.95s, hold_count=0, ik_mode=Local, ik_avg_ms=3.64, ik_fails=351
[INFO] [1781258154.588423297] [cartesian_streamer]: QueueTrajPoint accepted #3700: t=14.149s, hold=False
[WARN] [1781258156.225018663] [cartesian_streamer]: Local IK failed 35x liên tiếp! Fallback sang MoveIt! IK...
[INFO] [1781258156.225555902] [cartesian_streamer]: IK OK → Δmax=0.0000 rad, joints: [1.358, 1.024, 1.042, 0.000, -1.590, -1.231]
[WARN] [1781258156.974059467] [cartesian_streamer]: Queue BUSY, sẽ resend (backoff 66ms): msg="Busy processing the previous trajectory point. Please resend the next point shortly"
[INFO] [1781258157.446499758] [cartesian_streamer]: QueueTrajPoint accepted #3720: t=16.593s, hold=False
[WARN] [1781258158.236274509] [cartesian_streamer]: Local IK failed 60x liên tiếp! Fallback sang MoveIt! IK...
[INFO] [1781258158.237177365] [cartesian_streamer]: IK OK → Δmax=0.0000 rad, joints: [1.358, 1.024, 1.042, 0.000, -1.590, -1.231]
[INFO] [1781258159.468408400] [cartesian_streamer]: Runtime rate: state=streaming, tick_hz=15.0, queue_send_hz=7.9, ack_hz=7.7, busy_hz=0.2, retry_count=1, reject_count=0, inter_ack_ms=132.1, max_joint_delta=0.000, cumul_time=18.59s, hold_count=0, ik_mode=Local, ik_avg_ms=4.00, ik_fails=414
[WARN] [1781258159.535560685] [cartesian_streamer]: QueueTrajPoint đã được accept nhưng joint_states hầu như không đổi. Kiểm tra: 1) Robot ở mode AUTO? 2) Servo ON? 3) E-stop cleared?
[INFO] [1781258159.908864444] [cartesian_streamer]: QueueTrajPoint accepted #3740: t=19.006s, hold=False
[WARN] [1781258160.301665171] [cartesian_streamer]: Local IK failed 86x liên tiếp! Fallback sang MoveIt! IK...
[INFO] [1781258160.302002798] [cartesian_streamer]: IK OK → Δmax=0.0000 rad, joints: [1.358, 1.024, 1.042, 0.000, -1.590, -1.231]
[WARN] [1781258162.428808278] [cartesian_streamer]: Local IK failed 115x liên tiếp! Fallback sang MoveIt! IK...
[INFO] [1781258162.429138663] [cartesian_streamer]: IK OK → Δmax=0.0000 rad, joints: [1.358, 1.024, 1.042, 0.000, -1.590, -1.231]
[INFO] [1781258163.118658860] [cartesian_streamer]: QueueTrajPoint accepted #3760: t=21.504s, hold=False
[INFO] [1781258164.468465003] [cartesian_streamer]: Runtime rate: state=streaming, tick_hz=15.0, queue_send_hz=6.8, ack_hz=7.0, busy_hz=0.0, retry_count=0, reject_count=0, inter_ack_ms=142.7, max_joint_delta=0.000, cumul_time=22.86s, hold_count=0, ik_mode=Local, ik_avg_ms=4.35, ik_fails=480
[WARN] [1781258164.492257898] [cartesian_streamer]: Local IK failed 142x liên tiếp! Fallback sang MoveIt! IK...
[INFO] [1781258164.492600580] [cartesian_streamer]: IK OK → Δmax=0.0000 rad, joints: [1.358, 1.024, 1.042, 0.000, -1.590, -1.231]
[WARN] [1781258164.603478133] [cartesian_streamer]: QueueTrajPoint đã được accept nhưng joint_states hầu như không đổi. Kiểm tra: 1) Robot ở mode AUTO? 2) Servo ON? 3) E-stop cleared?
[INFO] [1781258165.693856052] [cartesian_streamer]: QueueTrajPoint accepted #3780: t=23.920s, hold=False
[INFO] [1781258166.101135515] [cartesian_streamer]: Disable Robot: dừng stream, tắt traj mode...
[INFO] [1781258166.102062279] [cartesian_streamer]: ✗ Robot DISABLED.
[INFO] [1781258212.607495262] [cartesian_streamer]: Enable Robot: bắt đầu chuỗi khởi động...
[INFO] [1781258212.608012821] [cartesian_streamer]: Enable: reset_error...
[INFO] [1781258212.620425244] [cartesian_streamer]: reset_error: code=1, msg="success"
[INFO] [1781258212.620943005] [cartesian_streamer]: Enable: stop_traj_mode (giải phóng mode cũ)...
[INFO] [1781258212.675903691] [cartesian_streamer]: stop_traj_mode: success=True, code=N/A, msg=""
[INFO] [1781258212.676410601] [cartesian_streamer]: Enable: chờ 1.5s để hệ thống ổn định trước khi start queue...
[INFO] [1781258214.177374718] [cartesian_streamer]: Enable: StartPointQueueMode...
[INFO] [1781258214.770852990] [cartesian_streamer]: StartPointQueueMode response: code=1, msg=""
[INFO] [1781258214.771113720] [cartesian_streamer]: ✓ Robot ENABLED — Point Queue Mode active. Servo ON!
[INFO] [1781258214.801435891] [cartesian_streamer]: Runtime rate: state=seeding, tick_hz=0.5, queue_send_hz=0.3, ack_hz=0.3, busy_hz=0.0, retry_count=0, reject_count=0, inter_ack_ms=123.9, max_joint_delta=0.000, cumul_time=0.00s, hold_count=0, ik_mode=Local, ik_avg_ms=4.46, ik_fails=503
[WARN] [1781258214.801881752] [cartesian_streamer]: Target stream stale: không có target mới trong 48.7s
[WARN] [1781258214.802184122] [cartesian_streamer]: QueueTrajPoint đã được accept nhưng joint_states hầu như không đổi. Kiểm tra: 1) Robot ở mode AUTO? 2) Servo ON? 3) E-stop cleared?
[INFO] [1781258214.802875966] [cartesian_streamer]: Bootstrap EE pose via FK: (-0.1618, 0.2848, 0.3791)
[INFO] [1781258214.803487708] [cartesian_streamer]: Đã gửi seed point (current joints, t=0), chờ ACK...
[INFO] [1781258214.869017038] [cartesian_streamer]: Bootstrap EE pose via FK: (-0.1618, 0.2848, 0.3791)
[INFO] [1781258214.921883825] [cartesian_streamer]: Seed ACK nhận được, bắt đầu prebuffer.
[INFO] [1781258215.279808274] [cartesian_streamer]: Pre-buffer hoàn tất (3 points), bắt đầu stream ổn định. Đang chờ target...
[INFO] [1781258216.541919101] [cartesian_streamer]: QueueTrajPoint accepted #3800: t=1.597s, hold=True
[INFO] [1781258219.706481094] [cartesian_streamer]: QueueTrajPoint accepted #3820: t=3.865s, hold=True
[INFO] [1781258219.868713944] [cartesian_streamer]: Runtime rate: state=streaming, tick_hz=15.0, queue_send_hz=7.1, ack_hz=7.1, busy_hz=0.0, retry_count=0, reject_count=0, inter_ack_ms=1492.7, max_joint_delta=0.000, cumul_time=4.07s, hold_count=35, ik_mode=Local, ik_avg_ms=4.46, ik_fails=503
[WARN] [1781258219.869327045] [cartesian_streamer]: Target stream stale: không có target mới trong 53.8s
[INFO] [1781258221.412261223] [cartesian_streamer]: IK OK → Δmax=0.0103 rad, joints: [1.572, 0.123, -1.050, 0.004, -0.392, -1.449]
[WARN] [1781258221.468054228] [cartesian_streamer]: QueueTrajPoint đã được accept nhưng joint_states hầu như không đổi. Kiểm tra: 1) Robot ở mode AUTO? 2) Servo ON? 3) E-stop cleared?
[INFO] [1781258221.480920459] [cartesian_streamer]: QueueTrajPoint accepted #3840: t=5.800s, hold=False
[WARN] [1781258223.014453961] [cartesian_streamer]: Queue BUSY, sẽ resend (backoff 66ms): msg="Busy processing the previous trajectory point. Please resend the next point shortly"
[INFO] [1781258223.470641512] [cartesian_streamer]: IK OK → Δmax=0.0179 rad, joints: [1.538, 0.185, -0.889, 0.000, -0.498, -1.411]
[INFO] [1781258223.617589551] [cartesian_streamer]: QueueTrajPoint accepted #3860: t=7.666s, hold=False
[INFO] [1781258224.935055589] [cartesian_streamer]: Runtime rate: state=streaming, tick_hz=15.0, queue_send_hz=11.1, ack_hz=10.9, busy_hz=0.2, retry_count=1, reject_count=0, inter_ack_ms=92.0, max_joint_delta=0.057, cumul_time=8.87s, hold_count=0, ik_mode=Local, ik_avg_ms=4.42, ik_fails=503
[INFO] [1781258225.208914012] [cartesian_streamer]: QueueTrajPoint accepted #3880: t=9.266s, hold=False
[INFO] [1781258225.473564842] [cartesian_streamer]: IK OK → Δmax=0.0190 rad, joints: [1.445, 0.333, -0.326, 0.000, -0.913, -1.317]
[INFO] [1781258226.864480967] [cartesian_streamer]: QueueTrajPoint accepted #3900: t=10.801s, hold=False
[INFO] [1781258227.538757293] [cartesian_streamer]: IK OK → Δmax=0.0532 rad, joints: [1.372, 0.661, 0.373, 0.000, -1.283, -1.245]
[INFO] [1781258228.470342038] [cartesian_streamer]: IK delta clamped → joints: [1.350, 0.891, 0.754, 0.000, -1.465, -1.223]
[INFO] [1781258228.472472312] [cartesian_streamer]: QueueTrajPoint accepted #3920: t=12.401s, hold=False
[INFO] [1781258229.602438736] [cartesian_streamer]: IK OK → Δmax=0.0000 rad, joints: [1.344, 0.989, 0.949, 0.000, -1.532, -1.217]
[INFO] [1781258229.935053746] [cartesian_streamer]: Runtime rate: state=streaming, tick_hz=15.0, queue_send_hz=11.8, ack_hz=11.8, busy_hz=0.0, retry_count=0, reject_count=0, inter_ack_ms=84.9, max_joint_delta=0.070, cumul_time=13.87s, hold_count=0, ik_mode=Local, ik_avg_ms=4.37, ik_fails=503
[INFO] [1781258230.236054417] [cartesian_streamer]: Local IK không hội tụ (fail #1)
[INFO] [1781258230.434141128] [cartesian_streamer]: QueueTrajPoint accepted #3940: t=14.489s, hold=True
[INFO] [1781258231.602855646] [cartesian_streamer]: IK OK → Δmax=0.0000 rad, joints: [1.321, 1.040, 1.024, 0.000, -1.555, -1.194]
[INFO] [1781258232.562635642] [cartesian_streamer]: QueueTrajPoint accepted #3960: t=16.333s, hold=False
[INFO] [1781258233.603641415] [cartesian_streamer]: IK OK → Δmax=0.0000 rad, joints: [1.321, 1.040, 1.024, 0.000, -1.555, -1.194]
[INFO] [1781258234.679451228] [cartesian_streamer]: QueueTrajPoint accepted #3980: t=18.466s, hold=False
[INFO] [1781258234.935174821] [cartesian_streamer]: Runtime rate: state=streaming, tick_hz=15.0, queue_send_hz=9.6, ack_hz=9.4, busy_hz=0.0, retry_count=0, reject_count=0, inter_ack_ms=103.9, max_joint_delta=0.036, cumul_time=18.67s, hold_count=0, ik_mode=Local, ik_avg_ms=4.34, ik_fails=509
[INFO] [1781258235.669021471] [cartesian_streamer]: IK OK → Δmax=0.0000 rad, joints: [1.321, 1.040, 1.024, 0.000, -1.555, -1.194]
[INFO] [1781258236.721538359] [cartesian_streamer]: QueueTrajPoint accepted #4000: t=20.399s, hold=False
[WARN] [1781258236.801917094] [cartesian_streamer]: QueueTrajPoint đã được accept nhưng joint_states hầu như không đổi. Kiểm tra: 1) Robot ở mode AUTO? 2) Servo ON? 3) E-stop cleared?
[INFO] [1781258237.504390913] [cartesian_streamer]: Local IK không hội tụ (fail #1)
[INFO] [1781258238.137255659] [cartesian_streamer]: IK OK → Δmax=0.0182 rad, joints: [1.308, 1.026, 1.039, 0.000, -1.585, -1.180]
[INFO] [1781258238.469105722] [cartesian_streamer]: IK delta clamped → joints: [1.307, 0.956, 0.896, 0.000, -1.480, -1.180]
[INFO] [1781258238.877366802] [cartesian_streamer]: QueueTrajPoint accepted #4020: t=22.601s, hold=False
[INFO] [1781258239.936396944] [cartesian_streamer]: Runtime rate: state=streaming, tick_hz=15.0, queue_send_hz=9.8, ack_hz=10.0, busy_hz=0.0, retry_count=0, reject_count=0, inter_ack_ms=101.7, max_joint_delta=0.070, cumul_time=23.60s, hold_count=0, ik_mode=Local, ik_avg_ms=4.34, ik_fails=517
[INFO] [1781258240.202223327] [cartesian_streamer]: IK OK → Δmax=0.0000 rad, joints: [1.303, 0.941, 0.823, 0.000, -1.453, -1.176]
[INFO] [1781258240.656006547] [cartesian_streamer]: QueueTrajPoint accepted #4040: t=24.266s, hold=False
[INFO] [1781258240.900384505] [cartesian_streamer]: Local IK không hội tụ (fail #1)
[WARN] [1781258241.555409635] [cartesian_streamer]: Local IK failed 10x liên tiếp! Fallback sang MoveIt! IK...
[INFO] [1781258242.245896820] [cartesian_streamer]: IK OK → Δmax=0.0000 rad, joints: [1.313, 1.037, 1.040, 0.000, -1.574, -1.186]
[INFO] [1781258243.053330564] [cartesian_streamer]: QueueTrajPoint accepted #4060: t=26.706s, hold=False
[INFO] [1781258243.490489381] [cartesian_streamer]: Disable Robot: dừng stream, tắt traj mode...
[INFO] [1781258243.490882964] [cartesian_streamer]: ✗ Robot DISABLED.
[INFO] [1781258269.945852148] [cartesian_streamer]: Enable Robot: bắt đầu chuỗi khởi động...
[INFO] [1781258269.946402632] [cartesian_streamer]: Enable: reset_error...
[INFO] [1781258269.957623978] [cartesian_streamer]: reset_error: code=1, msg="success"
[INFO] [1781258269.958188377] [cartesian_streamer]: Enable: stop_traj_mode (giải phóng mode cũ)...
[INFO] [1781258270.010099604] [cartesian_streamer]: stop_traj_mode: success=True, code=N/A, msg=""
[INFO] [1781258270.010606892] [cartesian_streamer]: Enable: chờ 1.5s để hệ thống ổn định trước khi start queue...
[INFO] [1781258271.511467633] [cartesian_streamer]: Enable: StartPointQueueMode...
[INFO] [1781258273.043774926] [cartesian_streamer]: StartPointQueueMode response: code=1, msg=""
[INFO] [1781258273.044362569] [cartesian_streamer]: ✓ Robot ENABLED — Point Queue Mode active. Servo ON!
[INFO] [1781258273.068503492] [cartesian_streamer]: Runtime rate: state=seeding, tick_hz=1.6, queue_send_hz=0.9, ack_hz=0.9, busy_hz=0.0, retry_count=0, reject_count=0, inter_ack_ms=116.9, max_joint_delta=0.067, cumul_time=0.00s, hold_count=0, ik_mode=Local, ik_avg_ms=4.50, ik_fails=550
[WARN] [1781258273.069138253] [cartesian_streamer]: Target stream stale: không có target mới trong 29.6s
[WARN] [1781258273.069783036] [cartesian_streamer]: QueueTrajPoint đã được accept nhưng joint_states hầu như không đổi. Kiểm tra: 1) Robot ở mode AUTO? 2) Servo ON? 3) E-stop cleared?
[INFO] [1781258273.070746587] [cartesian_streamer]: Bootstrap EE pose via FK: (-0.1620, 0.2801, 0.3785)
[INFO] [1781258273.071696020] [cartesian_streamer]: Đã gửi seed point (current joints, t=0), chờ ACK...
[INFO] [1781258273.135982092] [cartesian_streamer]: Bootstrap EE pose via FK: (-0.1620, 0.2801, 0.3785)
[INFO] [1781258273.202984063] [cartesian_streamer]: Bootstrap EE pose via FK: (-0.1620, 0.2801, 0.3785)
[INFO] [1781258273.269017384] [cartesian_streamer]: Bootstrap EE pose via FK: (-0.1620, 0.2801, 0.3785)
[INFO] [1781258273.310095943] [cartesian_streamer]: Seed ACK nhận được, bắt đầu prebuffer.
[INFO] [1781258273.482783438] [cartesian_streamer]: Pre-buffer hoàn tất (3 points), bắt đầu stream ổn định. Đang chờ target...
[INFO] [1781258274.922583469] [cartesian_streamer]: QueueTrajPoint accepted #4080: t=1.600s, hold=True
[INFO] [1781258277.194786400] [cartesian_streamer]: QueueTrajPoint accepted #4100: t=3.734s, hold=True
[INFO] [1781258277.943738212] [cartesian_streamer]: IK OK → Δmax=0.0068 rad, joints: [1.572, 0.123, -1.049, 0.006, -0.391, -1.450]
[INFO] [1781258278.068767290] [cartesian_streamer]: Runtime rate: state=streaming, tick_hz=15.0, queue_send_hz=9.2, ack_hz=9.0, busy_hz=0.0, retry_count=0, reject_count=0, inter_ack_ms=765.6, max_joint_delta=0.007, cumul_time=4.67s, hold_count=0, ik_mode=Local, ik_avg_ms=4.50, ik_fails=550
[WARN] [1781258278.135555210] [cartesian_streamer]: QueueTrajPoint đã được accept nhưng joint_states hầu như không đổi. Kiểm tra: 1) Robot ở mode AUTO? 2) Servo ON? 3) E-stop cleared?
[INFO] [1781258279.492283498] [cartesian_streamer]: QueueTrajPoint accepted #4120: t=6.000s, hold=False
[INFO] [1781258280.004008201] [cartesian_streamer]: IK OK → Δmax=0.0351 rad, joints: [1.495, 0.126, -0.834, 0.000, -0.611, -1.368]
[INFO] [1781258281.420464925] [cartesian_streamer]: QueueTrajPoint accepted #4140: t=7.868s, hold=False
[INFO] [1781258282.070418342] [cartesian_streamer]: IK OK → Δmax=0.0353 rad, joints: [1.340, 0.352, -0.300, 0.000, -0.919, -1.213]
[INFO] [1781258283.084168549] [cartesian_streamer]: QueueTrajPoint accepted #4160: t=9.535s, hold=False
[INFO] [1781258283.135334703] [cartesian_streamer]: Runtime rate: state=streaming, tick_hz=15.0, queue_send_hz=10.1, ack_hz=10.3, busy_hz=0.0, retry_count=0, reject_count=0, inter_ack_ms=98.2, max_joint_delta=0.067, cumul_time=9.54s, hold_count=0, ik_mode=Local, ik_avg_ms=4.44, ik_fails=550
[INFO] [1781258284.070472789] [cartesian_streamer]: IK OK → Δmax=0.0259 rad, joints: [1.251, 0.675, 0.362, 0.000, -1.258, -1.123]
[INFO] [1781258284.537042611] [cartesian_streamer]: IK delta clamped → joints: [1.227, 0.771, 0.532, 0.000, -1.345, -1.100]
[INFO] [1781258284.791612013] [cartesian_streamer]: QueueTrajPoint accepted #4180: t=11.136s, hold=False
[INFO] [1781258286.070766531] [cartesian_streamer]: IK OK → Δmax=0.0023 rad, joints: [1.215, 0.973, 0.929, 0.000, -1.527, -1.088]
[INFO] [1781258286.537748510] [cartesian_streamer]: IK delta clamped → joints: [1.225, 0.880, 0.799, 0.000, -1.423, -1.098]
[INFO] [1781258286.622453561] [cartesian_streamer]: QueueTrajPoint accepted #4200: t=13.001s, hold=False
[INFO] [1781258288.071819915] [cartesian_streamer]: IK OK → Δmax=0.0303 rad, joints: [1.180, 0.812, 0.523, 0.000, -1.282, -1.053]
[INFO] [1781258288.204258452] [cartesian_streamer]: Runtime rate: state=streaming, tick_hz=15.0, queue_send_hz=11.4, ack_hz=11.4, busy_hz=0.0, retry_count=0, reject_count=0, inter_ack_ms=87.4, max_joint_delta=0.078, cumul_time=14.54s, hold_count=0, ik_mode=Local, ik_avg_ms=4.39, ik_fails=550
[INFO] [1781258288.295140351] [cartesian_streamer]: QueueTrajPoint accepted #4220: t=14.671s, hold=False
[INFO] [1781258289.897305710] [cartesian_streamer]: QueueTrajPoint accepted #4240: t=16.269s, hold=False
[INFO] [1781258290.137202735] [cartesian_streamer]: IK OK → Δmax=0.0154 rad, joints: [1.121, 0.851, 0.452, 0.000, -1.173, -0.993]
[INFO] [1781258291.270465768] [cartesian_streamer]: IK delta clamped → joints: [1.078, 0.727, 0.165, 0.000, -1.001, -0.951]
[INFO] [1781258291.692447679] [cartesian_streamer]: QueueTrajPoint accepted #4260: t=18.070s, hold=False
[INFO] [1781258292.137369309] [cartesian_streamer]: IK OK → Δmax=0.0471 rad, joints: [1.060, 0.827, 0.317, 0.000, -1.062, -0.933]
[INFO] [1781258293.268541200] [cartesian_streamer]: Runtime rate: state=streaming, tick_hz=15.0, queue_send_hz=11.8, ack_hz=11.6, busy_hz=0.0, retry_count=0, reject_count=0, inter_ack_ms=84.6, max_joint_delta=0.070, cumul_time=19.60s, hold_count=0, ik_mode=Local, ik_avg_ms=4.35, ik_fails=550
[INFO] [1781258293.420522751] [cartesian_streamer]: QueueTrajPoint accepted #4280: t=19.805s, hold=False
[INFO] [1781258294.203586630] [cartesian_streamer]: IK OK → Δmax=0.0067 rad, joints: [1.065, 0.936, 0.547, 0.000, -1.182, -0.938]
[INFO] [1781258294.936086052] [cartesian_streamer]: IK delta clamped → joints: [1.127, 1.017, 0.711, 0.000, -1.273, -1.000]
[INFO] [1781258295.213993199] [cartesian_streamer]: QueueTrajPoint accepted #4300: t=21.603s, hold=False
[INFO] [1781258296.270828365] [cartesian_streamer]: IK OK → Δmax=0.0220 rad, joints: [1.080, 0.937, 0.547, 0.000, -1.181, -0.953]
[INFO] [1781258296.763480876] [cartesian_streamer]: QueueTrajPoint accepted #4320: t=23.138s, hold=False
[INFO] [1781258298.334787293] [cartesian_streamer]: Runtime rate: state=streaming, tick_hz=15.0, queue_send_hz=11.3, ack_hz=11.4, busy_hz=0.0, retry_count=0, reject_count=0, inter_ack_ms=89.4, max_joint_delta=0.070, cumul_time=24.60s, hold_count=0, ik_mode=Local, ik_avg_ms=4.30, ik_fails=550
[INFO] [1781258298.335814700] [cartesian_streamer]: IK OK → Δmax=0.0000 rad, joints: [1.058, 0.963, 0.572, 0.000, -1.180, -0.931]
[INFO] [1781258298.747942667] [cartesian_streamer]: QueueTrajPoint accepted #4340: t=25.135s, hold=False
[INFO] [1781258300.337391371] [cartesian_streamer]: IK OK → Δmax=0.0000 rad, joints: [1.058, 0.963, 0.572, 0.000, -1.180, -0.931]
[INFO] [1781258300.817333698] [cartesian_streamer]: Disable Robot: dừng stream, tắt traj mode...
[INFO] [1781258300.817937745] [cartesian_streamer]: ✗ Robot DISABLED.
[INFO] [1781258331.764520273] [cartesian_streamer]: Enable Robot: bắt đầu chuỗi khởi động...
[INFO] [1781258331.764913973] [cartesian_streamer]: Enable: reset_error...
[INFO] [1781258331.774882547] [cartesian_streamer]: reset_error: code=1, msg="success"
[INFO] [1781258331.775398711] [cartesian_streamer]: Enable: stop_traj_mode (giải phóng mode cũ)...
[INFO] [1781258331.820089856] [cartesian_streamer]: stop_traj_mode: success=True, code=N/A, msg=""
[INFO] [1781258331.820741125] [cartesian_streamer]: Enable: chờ 1.5s để hệ thống ổn định trước khi start queue...
[INFO] [1781258333.321988826] [cartesian_streamer]: Enable: StartPointQueueMode...
[INFO] [1781258334.675962086] [cartesian_streamer]: StartPointQueueMode response: code=1, msg=""
[INFO] [1781258334.676490978] [cartesian_streamer]: ✓ Robot ENABLED — Point Queue Mode active. Servo ON!
[INFO] [1781258334.734777291] [cartesian_streamer]: Runtime rate: state=seeding, tick_hz=1.0, queue_send_hz=0.6, ack_hz=0.6, busy_hz=0.0, retry_count=0, reject_count=0, inter_ack_ms=107.9, max_joint_delta=0.000, cumul_time=0.00s, hold_count=0, ik_mode=Local, ik_avg_ms=4.27, ik_fails=550
[WARN] [1781258334.735231666] [cartesian_streamer]: Target stream stale: không có target mới trong 33.9s
[WARN] [1781258334.735646238] [cartesian_streamer]: QueueTrajPoint đã được accept nhưng joint_states hầu như không đổi. Kiểm tra: 1) Robot ở mode AUTO? 2) Servo ON? 3) E-stop cleared?
[INFO] [1781258334.736708278] [cartesian_streamer]: Bootstrap EE pose via FK: (-0.1614, 0.2841, 0.3788)
[INFO] [1781258334.737142935] [cartesian_streamer]: Đã gửi seed point (current joints, t=0), chờ ACK...
[INFO] [1781258334.802341439] [cartesian_streamer]: Bootstrap EE pose via FK: (-0.1614, 0.2841, 0.3788)
[INFO] [1781258334.869369595] [cartesian_streamer]: Bootstrap EE pose via FK: (-0.1614, 0.2841, 0.3788)
[INFO] [1781258334.936013774] [cartesian_streamer]: Bootstrap EE pose via FK: (-0.1614, 0.2841, 0.3788)
[INFO] [1781258334.976584564] [cartesian_streamer]: Seed ACK nhận được, bắt đầu prebuffer.
[INFO] [1781258335.121789837] [cartesian_streamer]: QueueTrajPoint accepted #4360: t=0.200s, hold=True
[WARN] [1781258335.140189231] [cartesian_streamer]: Queue BUSY, sẽ resend (backoff 66ms): msg="Busy processing the previous trajectory point. Please resend the next point shortly"
[INFO] [1781258335.418090687] [cartesian_streamer]: Pre-buffer hoàn tất (3 points), bắt đầu stream ổn định. Đang chờ target...
[INFO] [1781258337.922853132] [cartesian_streamer]: QueueTrajPoint accepted #4380: t=2.533s, hold=True
[INFO] [1781258338.745603421] [cartesian_streamer]: IK OK → Δmax=0.0107 rad, joints: [1.572, 0.123, -1.051, 0.005, -0.390, -1.448]
[INFO] [1781258339.735203939] [cartesian_streamer]: Runtime rate: state=streaming, tick_hz=15.0, queue_send_hz=8.0, ack_hz=7.6, busy_hz=0.2, retry_count=1, reject_count=0, inter_ack_ms=1022.6, max_joint_delta=0.011, cumul_time=4.33s, hold_count=0, ik_mode=Local, ik_avg_ms=4.26, ik_fails=550
[INFO] [1781258339.964766174] [cartesian_streamer]: QueueTrajPoint accepted #4400: t=4.602s, hold=False
[INFO] [1781258340.603687505] [cartesian_streamer]: IK delta clamped → joints: [1.480, 0.160, -0.851, 0.000, -0.561, -1.353]
[INFO] [1781258340.803571742] [cartesian_streamer]: IK OK → Δmax=0.0190 rad, joints: [1.471, 0.170, -0.795, 0.000, -0.606, -1.344]
[INFO] [1781258341.413807357] [cartesian_streamer]: QueueTrajPoint accepted #4420: t=6.069s, hold=False
[INFO] [1781258342.869045038] [cartesian_streamer]: IK OK → Δmax=0.0181 rad, joints: [1.295, 0.307, -0.389, 0.000, -0.874, -1.168]
[INFO] [1781258343.193828374] [cartesian_streamer]: QueueTrajPoint accepted #4440: t=7.734s, hold=False
[INFO] [1781258343.536482582] [cartesian_streamer]: IK delta clamped → joints: [1.251, 0.391, -0.209, 0.000, -0.978, -1.124]
[INFO] [1781258344.735554164] [cartesian_streamer]: Runtime rate: state=streaming, tick_hz=15.0, queue_send_hz=12.2, ack_hz=12.2, busy_hz=0.0, retry_count=0, reject_count=0, inter_ack_ms=81.3, max_joint_delta=0.070, cumul_time=9.27s, hold_count=0, ik_mode=Local, ik_avg_ms=4.21, ik_fails=550
[INFO] [1781258344.869764132] [cartesian_streamer]: IK OK → Δmax=0.0248 rad, joints: [1.240, 0.636, 0.247, 0.000, -1.183, -1.113]
[INFO] [1781258344.880366093] [cartesian_streamer]: QueueTrajPoint accepted #4460: t=9.464s, hold=False
[INFO] [1781258345.670416120] [cartesian_streamer]: IK delta clamped → joints: [1.250, 0.823, 0.556, 0.000, -1.322, -1.123]
[INFO] [1781258346.744781738] [cartesian_streamer]: QueueTrajPoint accepted #4480: t=11.270s, hold=False
[INFO] [1781258346.936148177] [cartesian_streamer]: IK OK → Δmax=0.0021 rad, joints: [1.201, 0.912, 0.688, 0.000, -1.347, -1.074]
[INFO] [1781258348.470732089] [cartesian_streamer]: IK delta clamped → joints: [1.150, 0.905, 0.535, 0.000, -1.216, -1.023]
[INFO] [1781258348.549099194] [cartesian_streamer]: QueueTrajPoint accepted #4500: t=13.067s, hold=False
[INFO] [1781258349.004507082] [cartesian_streamer]: IK OK → Δmax=0.0013 rad, joints: [1.145, 0.942, 0.625, 0.000, -1.255, -1.018]
[INFO] [1781258349.735674542] [cartesian_streamer]: Runtime rate: state=streaming, tick_hz=15.0, queue_send_hz=10.8, ack_hz=11.0, busy_hz=0.0, retry_count=0, reject_count=0, inter_ack_ms=92.0, max_joint_delta=0.070, cumul_time=14.13s, hold_count=0, ik_mode=Local, ik_avg_ms=4.17, ik_fails=550
[INFO] [1781258350.480501192] [cartesian_streamer]: QueueTrajPoint accepted #4520: t=14.937s, hold=False
[INFO] [1781258351.069252839] [cartesian_streamer]: IK OK → Δmax=0.0000 rad, joints: [1.092, 0.913, 0.512, 0.000, -1.171, -0.965]
[INFO] [1781258352.257133935] [cartesian_streamer]: QueueTrajPoint accepted #4540: t=16.529s, hold=False
[WARN] [1781258353.005721035] [cartesian_streamer]: Queue BUSY, sẽ resend (backoff 66ms): msg="Busy processing the previous trajectory point. Please resend the next point shortly"
[INFO] [1781258353.135766812] [cartesian_streamer]: IK OK → Δmax=0.0000 rad, joints: [1.062, 0.921, 0.491, 0.000, -1.142, -0.935]
[INFO] [1781258354.480515840] [cartesian_streamer]: QueueTrajPoint accepted #4560: t=18.595s, hold=False
[INFO] [1781258354.801390921] [cartesian_streamer]: Runtime rate: state=streaming, tick_hz=15.0, queue_send_hz=10.3, ack_hz=9.9, busy_hz=0.2, retry_count=1, reject_count=0, inter_ack_ms=99.8, max_joint_delta=0.070, cumul_time=18.86s, hold_count=0, ik_mode=Local, ik_avg_ms=4.12, ik_fails=550
[INFO] [1781258354.909540214] [cartesian_streamer]: Disable Robot: dừng stream, tắt traj mode...
[INFO] [1781258354.910988447] [cartesian_streamer]: ✗ Robot DISABLED.
[WARN] [1781258355.281103406] [cartesian_streamer]: ⚠ Queue mode bị drop! Auto-recovery lần 1/3...
[INFO] [1781258355.781764805] [cartesian_streamer]: Auto-recovery: bắt đầu re-enable queue mode...
[INFO] [1781258355.782072777] [cartesian_streamer]: Enable: reset_error...
[INFO] [1781258355.911912743] [cartesian_streamer]: reset_error: code=1, msg="success"
[INFO] [1781258355.912413033] [cartesian_streamer]: Enable: stop_traj_mode (giải phóng mode cũ)...
[INFO] [1781258356.154672922] [cartesian_streamer]: stop_traj_mode: success=True, code=N/A, msg=""
[INFO] [1781258356.154922205] [cartesian_streamer]: Enable: chờ 1.5s để hệ thống ổn định trước khi start queue...
[INFO] [1781258357.655904151] [cartesian_streamer]: Enable: StartPointQueueMode...
[INFO] [1781258358.446131923] [cartesian_streamer]: StartPointQueueMode response: code=1, msg=""
[INFO] [1781258358.446764616] [cartesian_streamer]: ✓ Robot ENABLED — Point Queue Mode active. Servo ON!
[WARN] [1781258358.468582689] [cartesian_streamer]: QueueTrajPoint đã được accept nhưng joint_states hầu như không đổi. Kiểm tra: 1) Robot ở mode AUTO? 2) Servo ON? 3) E-stop cleared?
[INFO] [1781258358.469866395] [cartesian_streamer]: Bootstrap EE pose via FK: (0.3515, 0.9624, 0.3604)
[INFO] [1781258358.470415213] [cartesian_streamer]: Đã gửi seed point (current joints, t=0), chờ ACK...
[INFO] [1781258358.494588459] [cartesian_streamer]: Seed ACK nhận được, bắt đầu prebuffer.
[INFO] [1781258358.854302403] [cartesian_streamer]: Pre-buffer hoàn tất (3 points), bắt đầu stream ổn định. Đang chờ target...
[INFO] [1781258359.801992276] [cartesian_streamer]: Runtime rate: state=streaming, tick_hz=4.4, queue_send_hz=2.4, ack_hz=2.2, busy_hz=0.0, retry_count=0, reject_count=1, inter_ack_ms=453.5, max_joint_delta=0.000, cumul_time=1.26s, hold_count=11, ik_mode=Local, ik_avg_ms=4.12, ik_fails=550
[WARN] [1781258359.802596244] [cartesian_streamer]: Target stream stale: không có target mới trong 4.9s
[INFO] [1781258360.589720071] [cartesian_streamer]: QueueTrajPoint accepted #4580: t=1.931s, hold=True
[INFO] [1781258363.750952172] [cartesian_streamer]: QueueTrajPoint accepted #4600: t=4.531s, hold=True
[WARN] [1781258364.206008345] [cartesian_streamer]: Queue BUSY, sẽ resend (backoff 66ms): msg="Busy processing the previous trajectory point. Please resend the next point shortly"
[INFO] [1781258364.868813218] [cartesian_streamer]: Runtime rate: state=streaming, tick_hz=15.0, queue_send_hz=6.5, ack_hz=6.3, busy_hz=0.2, retry_count=1, reject_count=0, inter_ack_ms=159.3, max_joint_delta=0.000, cumul_time=5.27s, hold_count=43, ik_mode=Local, ik_avg_ms=4.12, ik_fails=550
[WARN] [1781258364.869208135] [cartesian_streamer]: Target stream stale: không có target mới trong 10.0s
[WARN] [1781258365.676964777] [cartesian_streamer]: Queue BUSY, sẽ resend (backoff 66ms): msg="Busy processing the previous trajectory point. Please resend the next point shortly"
[INFO] [1781258367.610788109] [cartesian_streamer]: QueueTrajPoint accepted #4620: t=7.066s, hold=True
[WARN] [1781258368.677346178] [cartesian_streamer]: Queue BUSY, sẽ resend (backoff 66ms): msg="Busy processing the previous trajectory point. Please resend the next point shortly"
[INFO] [1781258369.935242873] [cartesian_streamer]: Runtime rate: state=streaming, tick_hz=15.0, queue_send_hz=6.3, ack_hz=5.9, busy_hz=0.6, retry_count=3, reject_count=0, inter_ack_ms=171.9, max_joint_delta=0.000, cumul_time=8.80s, hold_count=72, ik_mode=Local, ik_avg_ms=4.12, ik_fails=550
[WARN] [1781258369.935902060] [cartesian_streamer]: Target stream stale: không có target mới trong 15.1s
[INFO] [1781258370.460125167] [cartesian_streamer]: QueueTrajPoint accepted #4640: t=9.332s, hold=True
[INFO] [1781258373.138063920] [cartesian_streamer]: QueueTrajPoint accepted #4660: t=11.799s, hold=True
[WARN] [1781258373.343295182] [cartesian_streamer]: Queue BUSY, sẽ resend (backoff 66ms): msg="Busy processing the previous trajectory point. Please resend the next point shortly"
[WARN] [1781258373.826947436] [cartesian_streamer]: ⚠ Queue mode bị drop! Auto-recovery lần 1/3...
[INFO] [1781258374.328059715] [cartesian_streamer]: Auto-recovery: bắt đầu re-enable queue mode...
[INFO] [1781258374.328625879] [cartesian_streamer]: Enable: reset_error...
[INFO] [1781258374.468575859] [cartesian_streamer]: reset_error: code=1, msg="success"
[INFO] [1781258374.468822435] [cartesian_streamer]: Enable: stop_traj_mode (giải phóng mode cũ)...
[INFO] [1781258374.521915222] [cartesian_streamer]: stop_traj_mode: success=True, code=N/A, msg=""
[INFO] [1781258374.522443963] [cartesian_streamer]: Enable: chờ 1.5s để hệ thống ổn định trước khi start queue...
[INFO] [1781258376.023370976] [cartesian_streamer]: Enable: StartPointQueueMode...
[INFO] [1781258376.150503501] [cartesian_streamer]: StartPointQueueMode response: code=1, msg=""
[INFO] [1781258376.151074541] [cartesian_streamer]: ✓ Robot ENABLED — Point Queue Mode active. Servo ON!
[INFO] [1781258376.201950449] [cartesian_streamer]: Runtime rate: state=seeding, tick_hz=9.4, queue_send_hz=4.5, ack_hz=4.1, busy_hz=0.2, retry_count=1, reject_count=1, inter_ack_ms=130.7, max_joint_delta=0.000, cumul_time=0.00s, hold_count=0, ik_mode=Local, ik_avg_ms=4.12, ik_fails=550
[WARN] [1781258376.202299638] [cartesian_streamer]: Target stream stale: không có target mới trong 21.3s
[WARN] [1781258376.202598636] [cartesian_streamer]: QueueTrajPoint đã được accept nhưng joint_states hầu như không đổi. Kiểm tra: 1) Robot ở mode AUTO? 2) Servo ON? 3) E-stop cleared?
[INFO] [1781258376.203280543] [cartesian_streamer]: Bootstrap EE pose via FK: (0.3515, 0.9624, 0.3604)
[INFO] [1781258376.203858886] [cartesian_streamer]: Đã gửi seed point (current joints, t=0), chờ ACK...
[INFO] [1781258376.268994991] [cartesian_streamer]: Bootstrap EE pose via FK: (0.3515, 0.9624, 0.3604)
[INFO] [1781258376.335647407] [cartesian_streamer]: Bootstrap EE pose via FK: (0.3515, 0.9624, 0.3604)
[INFO] [1781258376.402680605] [cartesian_streamer]: Bootstrap EE pose via FK: (0.3515, 0.9624, 0.3604)
[INFO] [1781258376.415313629] [cartesian_streamer]: Seed ACK nhận được, bắt đầu prebuffer.
[WARN] [1781258376.607407954] [cartesian_streamer]: Queue BUSY, sẽ resend (backoff 66ms): msg="Busy processing the previous trajectory point. Please resend the next point shortly"
[INFO] [1781258377.033971318] [cartesian_streamer]: Pre-buffer hoàn tất (3 points), bắt đầu stream ổn định. Đang chờ target...
[WARN] [1781258378.367661907] [cartesian_streamer]: Queue BUSY, sẽ resend (backoff 66ms): msg="Busy processing the previous trajectory point. Please resend the next point shortly"
[WARN] [1781258379.486449858] [cartesian_streamer]: Queue BUSY, sẽ resend (backoff 66ms): msg="Busy processing the previous trajectory point. Please resend the next point shortly"
[WARN] [1781258380.963397149] [cartesian_streamer]: Queue BUSY, sẽ resend (backoff 66ms): msg="Busy processing the previous trajectory point. Please resend the next point shortly"
[INFO] [1781258381.268401652] [cartesian_streamer]: Runtime rate: state=streaming, tick_hz=15.0, queue_send_hz=5.3, ack_hz=2.8, busy_hz=2.6, retry_count=13, reject_count=0, inter_ack_ms=554.1, max_joint_delta=0.000, cumul_time=1.40s, hold_count=14, ik_mode=Local, ik_avg_ms=4.12, ik_fails=550
[WARN] [1781258381.268783312] [cartesian_streamer]: Target stream stale: không có target mới trong 26.4s
[WARN] [1781258382.014075176] [cartesian_streamer]: Queue BUSY, sẽ resend (backoff 66ms): msg="Busy processing the previous trajectory point. Please resend the next point shortly"
[WARN] [1781258383.233216206] [cartesian_streamer]: Queue BUSY, sẽ resend (backoff 66ms): msg="Busy processing the previous trajectory point. Please resend the next point shortly"
[WARN] [1781258384.346228466] [cartesian_streamer]: Queue BUSY, sẽ resend (backoff 66ms): msg="Busy processing the previous trajectory point. Please resend the next point shortly"
[WARN] [1781258385.414100000] [cartesian_streamer]: Queue BUSY, sẽ resend (backoff 66ms): msg="Busy processing the previous trajectory point. Please resend the next point shortly"
[INFO] [1781258385.838036171] [cartesian_streamer]: Disable Robot: dừng stream, tắt traj mode...
[INFO] [1781258385.838908379] [cartesian_streamer]: ✗ Robot DISABLED.
[INFO] [1781258388.674111185] [cartesian_streamer]: Disable Robot: dừng stream, tắt traj mode...
[INFO] [1781258388.675187598] [cartesian_streamer]: ✗ Robot DISABLED.
[INFO] [1781258390.475840973] [cartesian_streamer]: Disable Robot: dừng stream, tắt traj mode...
[INFO] [1781258390.476461623] [cartesian_streamer]: ✗ Robot DISABLED.
[INFO] [1781258428.617461479] [cartesian_streamer]: Enable Robot: bắt đầu chuỗi khởi động...
[INFO] [1781258428.618021176] [cartesian_streamer]: Enable: reset_error...
[INFO] [1781258428.641766582] [cartesian_streamer]: reset_error: code=1, msg="success"
[INFO] [1781258428.642215043] [cartesian_streamer]: Enable: stop_traj_mode (giải phóng mode cũ)...
[INFO] [1781258428.693827084] [cartesian_streamer]: stop_traj_mode: success=True, code=N/A, msg=""
[INFO] [1781258428.694071677] [cartesian_streamer]: Enable: chờ 1.5s để hệ thống ổn định trước khi start queue...
[INFO] [1781258430.194929321] [cartesian_streamer]: Enable: StartPointQueueMode...
[INFO] [1781258431.755261482] [cartesian_streamer]: StartPointQueueMode response: code=1, msg=""
[INFO] [1781258431.755827436] [cartesian_streamer]: ✓ Robot ENABLED — Point Queue Mode active. Servo ON!
[INFO] [1781258431.802350375] [cartesian_streamer]: Runtime rate: state=seeding, tick_hz=1.4, queue_send_hz=0.6, ack_hz=0.1, busy_hz=0.5, retry_count=25, reject_count=0, inter_ack_ms=687.8, max_joint_delta=0.000, cumul_time=0.00s, hold_count=0, ik_mode=Local, ik_avg_ms=4.12, ik_fails=550
[WARN] [1781258431.802988518] [cartesian_streamer]: Target stream stale: không có target mới trong 76.9s
[WARN] [1781258431.803624503] [cartesian_streamer]: QueueTrajPoint đã được accept nhưng joint_states hầu như không đổi. Kiểm tra: 1) Robot ở mode AUTO? 2) Servo ON? 3) E-stop cleared?
[INFO] [1781258431.804586163] [cartesian_streamer]: Bootstrap EE pose via FK: (-0.1620, 0.2801, 0.3785)
[INFO] [1781258431.805408431] [cartesian_streamer]: Đã gửi seed point (current joints, t=0), chờ ACK...
[INFO] [1781258431.868900658] [cartesian_streamer]: Bootstrap EE pose via FK: (-0.1620, 0.2801, 0.3785)
[INFO] [1781258431.934769683] [cartesian_streamer]: Seed ACK nhận được, bắt đầu prebuffer.
[INFO] [1781258431.956880799] [cartesian_streamer]: QueueTrajPoint accepted #4680: t=0.129s, hold=True
[INFO] [1781258432.183750504] [cartesian_streamer]: Pre-buffer hoàn tất (3 points), bắt đầu stream ổn định. Đang chờ target...
[INFO] [1781258434.274820404] [cartesian_streamer]: QueueTrajPoint accepted #4700: t=2.263s, hold=True
[INFO] [1781258435.547307919] [cartesian_streamer]: IK OK → Δmax=0.0140 rad, joints: [1.573, 0.124, -1.046, 0.012, -0.397, -1.458]
[INFO] [1781258436.868446632] [cartesian_streamer]: Runtime rate: state=streaming, tick_hz=15.0, queue_send_hz=8.1, ack_hz=7.9, busy_hz=0.0, retry_count=0, reject_count=0, inter_ack_ms=1340.1, max_joint_delta=0.014, cumul_time=4.46s, hold_count=0, ik_mode=Local, ik_avg_ms=4.11, ik_fails=550
[INFO] [1781258437.190573594] [cartesian_streamer]: QueueTrajPoint accepted #4720: t=4.664s, hold=False
[WARN] [1781258437.216099427] [cartesian_streamer]: Queue BUSY, sẽ resend (backoff 66ms): msg="Busy processing the previous trajectory point. Please resend the next point shortly"
[INFO] [1781258437.602875457] [cartesian_streamer]: IK OK → Δmax=0.0000 rad, joints: [1.573, 0.124, -1.046, 0.012, -0.397, -1.458]
[INFO] [1781258439.215736224] [cartesian_streamer]: QueueTrajPoint accepted #4740: t=6.599s, hold=False
[INFO] [1781258439.605114207] [cartesian_streamer]: IK OK → Δmax=0.0345 rad, joints: [1.461, 0.074, -0.817, 0.000, -0.680, -1.334]
[INFO] [1781258440.818825199] [cartesian_streamer]: QueueTrajPoint accepted #4760: t=8.199s, hold=False
[INFO] [1781258441.669688335] [cartesian_streamer]: IK OK → Δmax=0.0190 rad, joints: [1.382, 0.347, -0.251, 0.000, -0.974, -1.255]
[INFO] [1781258441.868516387] [cartesian_streamer]: Runtime rate: state=streaming, tick_hz=15.0, queue_send_hz=10.8, ack_hz=10.8, busy_hz=0.2, retry_count=1, reject_count=0, inter_ack_ms=93.9, max_joint_delta=0.068, cumul_time=9.20s, hold_count=0, ik_mode=Local, ik_avg_ms=4.07, ik_fails=550
[INFO] [1781258442.419184867] [cartesian_streamer]: QueueTrajPoint accepted #4780: t=9.797s, hold=False
[INFO] [1781258443.670951346] [cartesian_streamer]: IK OK → Δmax=0.0266 rad, joints: [1.374, 0.735, 0.432, 0.000, -1.268, -1.247]
[INFO] [1781258443.964298562] [cartesian_streamer]: QueueTrajPoint accepted #4800: t=11.330s, hold=False
[INFO] [1781258445.543330406] [cartesian_streamer]: QueueTrajPoint accepted #4820: t=12.931s, hold=False
[INFO] [1781258445.736677417] [cartesian_streamer]: IK delta clamped → joints: [1.383, 1.031, 0.876, 0.000, -1.432, -1.256]
[INFO] [1781258445.737012530] [cartesian_streamer]: IK OK → Δmax=0.0700 rad, joints: [1.383, 1.031, 0.876, 0.000, -1.432, -1.256]
[INFO] [1781258446.869042073] [cartesian_streamer]: Runtime rate: state=streaming, tick_hz=15.0, queue_send_hz=11.8, ack_hz=11.8, busy_hz=0.0, retry_count=0, reject_count=0, inter_ack_ms=85.4, max_joint_delta=0.070, cumul_time=14.06s, hold_count=0, ik_mode=Local, ik_avg_ms=4.04, ik_fails=550
[INFO] [1781258447.663041116] [cartesian_streamer]: QueueTrajPoint accepted #4840: t=14.859s, hold=False
[INFO] [1781258447.802054040] [cartesian_streamer]: IK OK → Δmax=0.0000 rad, joints: [1.370, 1.050, 0.829, 0.000, -1.351, -1.243]
[INFO] [1781258449.802601740] [cartesian_streamer]: IK OK → Δmax=0.0000 rad, joints: [1.370, 1.050, 0.829, 0.000, -1.351, -1.243]
[INFO] [1781258450.364823653] [cartesian_streamer]: QueueTrajPoint accepted #4860: t=17.192s, hold=False
[WARN] [1781258450.680768973] [cartesian_streamer]: Queue BUSY, sẽ resend (backoff 66ms): msg="Busy processing the previous trajectory point. Please resend the next point shortly"
[INFO] [1781258451.868678644] [cartesian_streamer]: IK OK → Δmax=0.0000 rad, joints: [1.370, 1.050, 0.829, 0.000, -1.351, -1.243]
[INFO] [1781258451.935335722] [cartesian_streamer]: Runtime rate: state=streaming, tick_hz=15.0, queue_send_hz=8.3, ack_hz=8.1, busy_hz=0.2, retry_count=1, reject_count=0, inter_ack_ms=123.4, max_joint_delta=0.014, cumul_time=18.52s, hold_count=0, ik_mode=Local, ik_avg_ms=3.99, ik_fails=550
[INFO] [1781258452.895314784] [cartesian_streamer]: QueueTrajPoint accepted #4880: t=19.457s, hold=False
[WARN] [1781258453.135145083] [cartesian_streamer]: QueueTrajPoint đã được accept nhưng joint_states hầu như không đổi. Kiểm tra: 1) Robot ở mode AUTO? 2) Servo ON? 3) E-stop cleared?
[INFO] [1781258453.242719797] [cartesian_streamer]: Disable Robot: dừng stream, tắt traj mode...
[INFO] [1781258453.243758462] [cartesian_streamer]: ✗ Robot DISABLED.
[INFO] [1781258546.283437575] [cartesian_streamer]: Enable Robot: bắt đầu chuỗi khởi động...
[INFO] [1781258546.283942449] [cartesian_streamer]: Enable: reset_error...
[INFO] [1781258546.301484631] [cartesian_streamer]: reset_error: code=1, msg="success"
[INFO] [1781258546.301980757] [cartesian_streamer]: Enable: stop_traj_mode (giải phóng mode cũ)...
[INFO] [1781258546.345669969] [cartesian_streamer]: stop_traj_mode: success=True, code=N/A, msg=""
[INFO] [1781258546.346188991] [cartesian_streamer]: Enable: chờ 1.5s để hệ thống ổn định trước khi start queue...
[INFO] [1781258547.847027662] [cartesian_streamer]: Enable: StartPointQueueMode...
[INFO] [1781258549.307058579] [cartesian_streamer]: StartPointQueueMode response: code=1, msg=""
[INFO] [1781258549.307321379] [cartesian_streamer]: ✓ Robot ENABLED — Point Queue Mode active. Servo ON!
[INFO] [1781258549.335098789] [cartesian_streamer]: Runtime rate: state=seeding, tick_hz=0.2, queue_send_hz=0.1, ack_hz=0.1, busy_hz=0.0, retry_count=0, reject_count=0, inter_ack_ms=130.1, max_joint_delta=0.000, cumul_time=0.00s, hold_count=0, ik_mode=Local, ik_avg_ms=3.97, ik_fails=550
[WARN] [1781258549.335825560] [cartesian_streamer]: Target stream stale: không có target mới trong 96.1s
[WARN] [1781258549.336457947] [cartesian_streamer]: QueueTrajPoint đã được accept nhưng joint_states hầu như không đổi. Kiểm tra: 1) Robot ở mode AUTO? 2) Servo ON? 3) E-stop cleared?
[INFO] [1781258549.337405358] [cartesian_streamer]: Bootstrap EE pose via FK: (-0.1620, 0.2801, 0.3785)
[INFO] [1781258549.338247807] [cartesian_streamer]: Đã gửi seed point (current joints, t=0), chờ ACK...
[INFO] [1781258549.402351259] [cartesian_streamer]: Bootstrap EE pose via FK: (-0.1620, 0.2801, 0.3785)
[INFO] [1781258549.468508039] [cartesian_streamer]: Bootstrap EE pose via FK: (-0.1620, 0.2801, 0.3785)
[INFO] [1781258549.470068653] [cartesian_streamer]: Seed ACK nhận được, bắt đầu prebuffer.
[WARN] [1781258549.673868958] [cartesian_streamer]: Queue BUSY, sẽ resend (backoff 66ms): msg="Busy processing the previous trajectory point. Please resend the next point shortly"
[INFO] [1781258549.892952644] [cartesian_streamer]: Pre-buffer hoàn tất (3 points), bắt đầu stream ổn định. Đang chờ target...
[WARN] [1781258551.410537965] [cartesian_streamer]: Queue BUSY, sẽ resend (backoff 66ms): msg="Busy processing the previous trajectory point. Please resend the next point shortly"
[INFO] [1781258552.008242846] [cartesian_streamer]: QueueTrajPoint accepted #4900: t=1.930s, hold=True
[INFO] [1781258552.473201826] [cartesian_streamer]: IK OK → Δmax=0.0073 rad, joints: [1.572, 0.123, -1.048, 0.007, -0.392, -1.446]
[INFO] [1781258554.335758327] [cartesian_streamer]: Runtime rate: state=streaming, tick_hz=15.0, queue_send_hz=7.8, ack_hz=7.2, busy_hz=0.6, retry_count=3, reject_count=0, inter_ack_ms=2808.5, max_joint_delta=0.048, cumul_time=3.87s, hold_count=0, ik_mode=Local, ik_avg_ms=3.95, ik_fails=550
[INFO] [1781258554.430061713] [cartesian_streamer]: QueueTrajPoint accepted #4920: t=4.067s, hold=False
[INFO] [1781258554.536120760] [cartesian_streamer]: IK OK → Δmax=0.0646 rad, joints: [1.539, 0.022, -0.981, 0.000, -0.569, -1.412]
[INFO] [1781258556.260585256] [cartesian_streamer]: QueueTrajPoint accepted #4940: t=5.799s, hold=False
[INFO] [1781258556.604585132] [cartesian_streamer]: IK OK → Δmax=0.0108 rad, joints: [1.312, 0.138, -0.635, 0.000, -0.798, -1.185]
[INFO] [1781258557.804374744] [cartesian_streamer]: QueueTrajPoint accepted #4960: t=7.332s, hold=False
[INFO] [1781258558.670342201] [cartesian_streamer]: IK OK → Δmax=0.0167 rad, joints: [1.095, 0.448, -0.214, 0.000, -0.910, -0.968]
[INFO] [1781258559.279613942] [cartesian_streamer]: QueueTrajPoint accepted #4980: t=8.933s, hold=False
[INFO] [1781258559.402338660] [cartesian_streamer]: Runtime rate: state=streaming, tick_hz=15.0, queue_send_hz=12.4, ack_hz=12.4, busy_hz=0.0, retry_count=0, reject_count=0, inter_ack_ms=79.6, max_joint_delta=0.065, cumul_time=9.00s, hold_count=0, ik_mode=Local, ik_avg_ms=3.92, ik_fails=550
[INFO] [1781258560.736717583] [cartesian_streamer]: IK OK → Δmax=0.0031 rad, joints: [1.085, 0.454, -0.226, 0.000, -0.891, -0.958]
[INFO] [1781258561.150625797] [cartesian_streamer]: QueueTrajPoint accepted #5000: t=10.735s, hold=False
[INFO] [1781258562.737197462] [cartesian_streamer]: IK OK → Δmax=0.0164 rad, joints: [1.148, 0.475, -0.172, 0.000, -0.924, -1.021]
[INFO] [1781258563.089117418] [cartesian_streamer]: QueueTrajPoint accepted #5020: t=12.603s, hold=False
[INFO] [1781258564.404092648] [cartesian_streamer]: Runtime rate: state=streaming, tick_hz=15.0, queue_send_hz=10.0, ack_hz=10.0, busy_hz=0.0, retry_count=0, reject_count=0, inter_ack_ms=100.2, max_joint_delta=0.044, cumul_time=13.67s, hold_count=0, ik_mode=Local, ik_avg_ms=3.89, ik_fails=550
[INFO] [1781258564.803449420] [cartesian_streamer]: IK OK → Δmax=0.0228 rad, joints: [1.204, 0.532, -0.166, 0.000, -0.873, -1.077]
[INFO] [1781258565.081205898] [cartesian_streamer]: QueueTrajPoint accepted #5040: t=14.405s, hold=False
[INFO] [1781258566.564195826] [cartesian_streamer]: QueueTrajPoint accepted #5060: t=15.869s, hold=False
[INFO] [1781258566.804535562] [cartesian_streamer]: IK OK → Δmax=0.0065 rad, joints: [1.187, 0.335, -0.617, 0.000, -0.619, -1.060]
[INFO] [1781258568.214475806] [cartesian_streamer]: QueueTrajPoint accepted #5080: t=17.535s, hold=False
[INFO] [1781258568.871010965] [cartesian_streamer]: IK OK → Δmax=0.0386 rad, joints: [1.263, 0.313, -0.346, 0.000, -0.913, -1.136]
[INFO] [1781258569.468400869] [cartesian_streamer]: Runtime rate: state=streaming, tick_hz=15.0, queue_send_hz=12.6, ack_hz=12.6, busy_hz=0.0, retry_count=0, reject_count=0, inter_ack_ms=79.8, max_joint_delta=0.043, cumul_time=18.67s, hold_count=0, ik_mode=Local, ik_avg_ms=3.86, ik_fails=550
[INFO] [1781258569.814799225] [cartesian_streamer]: QueueTrajPoint accepted #5100: t=19.135s, hold=False
[INFO] [1781258570.136270314] [cartesian_streamer]: IK delta clamped → joints: [1.272, 0.498, -0.035, 0.000, -1.049, -1.145]
[INFO] [1781258570.935334244] [cartesian_streamer]: IK OK → Δmax=0.0123 rad, joints: [1.296, 0.623, 0.127, 0.000, -1.076, -1.169]
[INFO] [1781258571.809852068] [cartesian_streamer]: QueueTrajPoint accepted #5120: t=21.065s, hold=False
[INFO] [1781258572.936382024] [cartesian_streamer]: IK OK → Δmax=0.0039 rad, joints: [1.314, 0.925, 0.563, 0.000, -1.209, -1.187]
[INFO] [1781258573.418505583] [cartesian_streamer]: QueueTrajPoint accepted #5140: t=22.533s, hold=False
[INFO] [1781258574.468411026] [cartesian_streamer]: Runtime rate: state=streaming, tick_hz=15.0, queue_send_hz=11.2, ack_hz=11.2, busy_hz=0.0, retry_count=0, reject_count=0, inter_ack_ms=88.4, max_joint_delta=0.070, cumul_time=23.66s, hold_count=0, ik_mode=Local, ik_avg_ms=3.82, ik_fails=550
[INFO] [1781258574.937474224] [cartesian_streamer]: IK OK → Δmax=0.0157 rad, joints: [1.355, 0.898, 0.443, 0.000, -1.116, -1.228]
[INFO] [1781258575.287743465] [cartesian_streamer]: QueueTrajPoint accepted #5160: t=24.531s, hold=False
[WARN] [1781258576.950260052] [cartesian_streamer]: Queue BUSY, sẽ resend (backoff 66ms): msg="Busy processing the previous trajectory point. Please resend the next point shortly"
[INFO] [1781258577.069479371] [cartesian_streamer]: IK OK → Δmax=0.0000 rad, joints: [1.389, 0.852, 0.341, 0.000, -1.061, -1.262]
[INFO] [1781258577.346244483] [cartesian_streamer]: QueueTrajPoint accepted #5180: t=26.329s, hold=False
[INFO] [1781258579.069704024] [cartesian_streamer]: IK OK → Δmax=0.0214 rad, joints: [1.359, 0.828, 0.314, 0.000, -1.058, -1.232]
[INFO] [1781258579.151753006] [cartesian_streamer]: QueueTrajPoint accepted #5200: t=28.133s, hold=False
[INFO] [1781258579.468511839] [cartesian_streamer]: Runtime rate: state=streaming, tick_hz=15.0, queue_send_hz=10.6, ack_hz=10.4, busy_hz=0.2, retry_count=1, reject_count=0, inter_ack_ms=96.1, max_joint_delta=0.037, cumul_time=28.40s, hold_count=0, ik_mode=Local, ik_avg_ms=3.79, ik_fails=550
[INFO] [1781258581.070603531] [cartesian_streamer]: IK OK → Δmax=0.0357 rad, joints: [1.333, 0.768, 0.178, 0.000, -0.982, -1.206]
[INFO] [1781258581.101459843] [cartesian_streamer]: QueueTrajPoint accepted #5220: t=29.997s, hold=False
[INFO] [1781258582.811741830] [cartesian_streamer]: QueueTrajPoint accepted #5240: t=31.730s, hold=False
[INFO] [1781258583.138647146] [cartesian_streamer]: IK OK → Δmax=0.0130 rad, joints: [1.336, 0.979, 0.629, 0.000, -1.222, -1.209]
[INFO] [1781258584.468808147] [cartesian_streamer]: Runtime rate: state=streaming, tick_hz=15.0, queue_send_hz=11.0, ack_hz=11.0, busy_hz=0.0, retry_count=0, reject_count=0, inter_ack_ms=91.1, max_joint_delta=0.069, cumul_time=33.33s, hold_count=0, ik_mode=Local, ik_avg_ms=3.76, ik_fails=550
[INFO] [1781258584.547446237] [cartesian_streamer]: QueueTrajPoint accepted #5260: t=33.464s, hold=False
[INFO] [1781258585.203798161] [cartesian_streamer]: IK OK → Δmax=0.0017 rad, joints: [1.345, 0.875, 0.369, 0.000, -1.066, -1.218]
[INFO] [1781258586.706092685] [cartesian_streamer]: QueueTrajPoint accepted #5280: t=35.397s, hold=False
[INFO] [1781258587.269472619] [cartesian_streamer]: IK OK → Δmax=0.0013 rad, joints: [1.344, 0.868, 0.353, 0.000, -1.056, -1.217]
[INFO] [1781258588.859017287] [cartesian_streamer]: QueueTrajPoint accepted #5300: t=37.466s, hold=False
[INFO] [1781258589.044976341] [cartesian_streamer]: Disable Robot: dừng stream, tắt traj mode...
[INFO] [1781258589.045360775] [cartesian_streamer]: ✗ Robot DISABLED.
[INFO] [1781258668.530030706] [cartesian_streamer]: Disable Robot: dừng stream, tắt traj mode...
[INFO] [1781258668.532421470] [cartesian_streamer]: ✗ Robot DISABLED.
[INFO] [1781258686.848675954] [cartesian_streamer]: Enable Robot: bắt đầu chuỗi khởi động...
[INFO] [1781258686.849343934] [cartesian_streamer]: Enable: reset_error...
[INFO] [1781258686.862755461] [cartesian_streamer]: reset_error: code=1, msg="success"
[INFO] [1781258686.863046475] [cartesian_streamer]: Enable: stop_traj_mode (giải phóng mode cũ)...
[INFO] [1781258687.020635443] [cartesian_streamer]: stop_traj_mode: success=True, code=N/A, msg=""
[INFO] [1781258687.021251112] [cartesian_streamer]: Enable: chờ 1.5s để hệ thống ổn định trước khi start queue...
[INFO] [1781258688.522076050] [cartesian_streamer]: Enable: StartPointQueueMode...
[INFO] [1781258689.241967402] [cartesian_streamer]: StartPointQueueMode response: code=1, msg=""
[INFO] [1781258689.242607138] [cartesian_streamer]: ✓ Robot ENABLED — Point Queue Mode active. Servo ON!
[INFO] [1781258689.269608624] [cartesian_streamer]: Runtime rate: state=seeding, tick_hz=0.7, queue_send_hz=0.4, ack_hz=0.4, busy_hz=0.0, retry_count=0, reject_count=0, inter_ack_ms=105.6, max_joint_delta=0.011, cumul_time=0.00s, hold_count=0, ik_mode=Local, ik_avg_ms=3.73, ik_fails=550
[WARN] [1781258689.270094094] [cartesian_streamer]: Target stream stale: không có target mới trong 100.3s
[WARN] [1781258689.270540446] [cartesian_streamer]: QueueTrajPoint đã được accept nhưng joint_states hầu như không đổi. Kiểm tra: 1) Robot ở mode AUTO? 2) Servo ON? 3) E-stop cleared?
[INFO] [1781258689.274169066] [cartesian_streamer]: Bootstrap EE pose via FK: (-0.1620, 0.2801, 0.3785)
[INFO] [1781258689.274929456] [cartesian_streamer]: Đã gửi seed point (current joints, t=0), chờ ACK...
[INFO] [1781258689.336178244] [cartesian_streamer]: Bootstrap EE pose via FK: (-0.1620, 0.2801, 0.3785)
[INFO] [1781258689.403510864] [cartesian_streamer]: Bootstrap EE pose via FK: (-0.1620, 0.2801, 0.3785)
[INFO] [1781258689.470379813] [cartesian_streamer]: Bootstrap EE pose via FK: (-0.1620, 0.2801, 0.3785)
[INFO] [1781258689.535788297] [cartesian_streamer]: Bootstrap EE pose via FK: (-0.1620, 0.2801, 0.3785)
[INFO] [1781258689.603076572] [cartesian_streamer]: Bootstrap EE pose via FK: (-0.1620, 0.2801, 0.3785)
[INFO] [1781258689.670926828] [cartesian_streamer]: Bootstrap EE pose via FK: (-0.1620, 0.2801, 0.3785)
[INFO] [1781258689.736089515] [cartesian_streamer]: Bootstrap EE pose via FK: (-0.1620, 0.2801, 0.3785)
[INFO] [1781258689.802778536] [cartesian_streamer]: Bootstrap EE pose via FK: (-0.1620, 0.2801, 0.3785)
[INFO] [1781258689.869965113] [cartesian_streamer]: Bootstrap EE pose via FK: (-0.1620, 0.2801, 0.3785)
[INFO] [1781258689.936507549] [cartesian_streamer]: Bootstrap EE pose via FK: (-0.1620, 0.2801, 0.3785)
[INFO] [1781258690.002406589] [cartesian_streamer]: Bootstrap EE pose via FK: (-0.1620, 0.2801, 0.3785)
[INFO] [1781258690.070037470] [cartesian_streamer]: Bootstrap EE pose via FK: (-0.1620, 0.2801, 0.3785)
[INFO] [1781258690.139438591] [cartesian_streamer]: Bootstrap EE pose via FK: (-0.1620, 0.2801, 0.3785)
[INFO] [1781258690.203015380] [cartesian_streamer]: Bootstrap EE pose via FK: (-0.1620, 0.2801, 0.3785)
[INFO] [1781258690.268679459] [cartesian_streamer]: Bootstrap EE pose via FK: (-0.1620, 0.2801, 0.3785)
[INFO] [1781258690.338413680] [cartesian_streamer]: Bootstrap EE pose via FK: (-0.1620, 0.2801, 0.3785)
[INFO] [1781258690.403165631] [cartesian_streamer]: Bootstrap EE pose via FK: (-0.1620, 0.2801, 0.3785)
[INFO] [1781258690.421996476] [cartesian_streamer]: Seed ACK nhận được, bắt đầu prebuffer.
[INFO] [1781258690.819662156] [cartesian_streamer]: Pre-buffer hoàn tất (3 points), bắt đầu stream ổn định. Đang chờ target...
[INFO] [1781258692.727083214] [cartesian_streamer]: QueueTrajPoint accepted #5320: t=2.132s, hold=True
[WARN] [1781258694.021861669] [cartesian_streamer]: ⚠ Queue mode bị drop! Auto-recovery lần 1/3...
[INFO] [1781258694.522979664] [cartesian_streamer]: Auto-recovery: bắt đầu re-enable queue mode...
[INFO] [1781258694.523607338] [cartesian_streamer]: Enable: reset_error...
[INFO] [1781258694.550463882] [cartesian_streamer]: reset_error: code=105, msg="Pendant is not in REMOTE mode"
[INFO] [1781258694.550824551] [cartesian_streamer]: Enable: stop_traj_mode (giải phóng mode cũ)...
[INFO] [1781258695.145942306] [cartesian_streamer]: stop_traj_mode: success=True, code=N/A, msg=""
[INFO] [1781258695.146539763] [cartesian_streamer]: Enable: chờ 1.5s để hệ thống ổn định trước khi start queue...
[INFO] [1781258695.656962504] [cartesian_streamer]: Disable Robot: dừng stream, tắt traj mode...
[INFO] [1781258695.657542453] [cartesian_streamer]: ✗ Robot DISABLED.
[INFO] [1781258696.647742441] [cartesian_streamer]: Enable: StartPointQueueMode...
[INFO] [1781258698.117542277] [cartesian_streamer]: StartPointQueueMode response: code=1, msg=""
[INFO] [1781258698.118181337] [cartesian_streamer]: ✓ Robot ENABLED — Point Queue Mode active. Servo ON!
[INFO] [1781258698.135167606] [cartesian_streamer]: Runtime rate: state=seeding, tick_hz=8.1, queue_send_hz=3.3, ack_hz=3.2, busy_hz=0.0, retry_count=0, reject_count=1, inter_ack_ms=3747.4, max_joint_delta=0.000, cumul_time=0.00s, hold_count=0, ik_mode=Local, ik_avg_ms=3.73, ik_fails=550
[WARN] [1781258698.135536208] [cartesian_streamer]: Target stream stale: không có target mới trong 109.1s
[WARN] [1781258698.135903103] [cartesian_streamer]: QueueTrajPoint đã được accept nhưng joint_states hầu như không đổi. Kiểm tra: 1) Robot ở mode AUTO? 2) Servo ON? 3) E-stop cleared?
[INFO] [1781258698.136587880] [cartesian_streamer]: Bootstrap EE pose via FK: (-0.1620, 0.2801, 0.3785)
[INFO] [1781258698.137168636] [cartesian_streamer]: Đã gửi seed point (current joints, t=0), chờ ACK...
[INFO] [1781258698.148587777] [cartesian_streamer]: Seed ACK nhận được, bắt đầu prebuffer.
[INFO] [1781258698.424421279] [cartesian_streamer]: Pre-buffer hoàn tất (3 points), bắt đầu stream ổn định. Đang chờ target...
[WARN] [1781258699.468727242] [cartesian_streamer]: Service call timeout (500ms). Resetting inflight flag.
[WARN] [1781258700.002438480] [cartesian_streamer]: Service call timeout (500ms). Resetting inflight flag.
[INFO] [1781258700.348755238] [cartesian_streamer]: QueueTrajPoint accepted #5340: t=0.798s, hold=True
[INFO] [1781258702.525416429] [cartesian_streamer]: QueueTrajPoint accepted #5360: t=3.329s, hold=True
[INFO] [1781258703.201393629] [cartesian_streamer]: Runtime rate: state=streaming, tick_hz=15.0, queue_send_hz=6.9, ack_hz=6.7, busy_hz=0.0, retry_count=0, reject_count=0, inter_ack_ms=263.2, max_joint_delta=0.000, cumul_time=3.86s, hold_count=34, ik_mode=Local, ik_avg_ms=3.73, ik_fails=550
[WARN] [1781258703.201747934] [cartesian_streamer]: Target stream stale: không có target mới trong 114.2s
[INFO] [1781258704.140064127] [cartesian_streamer]: IK OK → Δmax=0.0001 rad, joints: [1.571, 0.124, -1.049, 0.000, -0.398, -1.444]
[WARN] [1781258704.337372134] [cartesian_streamer]: QueueTrajPoint đã được accept nhưng joint_states hầu như không đổi. Kiểm tra: 1) Robot ở mode AUTO? 2) Servo ON? 3) E-stop cleared?
[INFO] [1781258704.945456074] [cartesian_streamer]: QueueTrajPoint accepted #5380: t=5.649s, hold=False
[INFO] [1781258706.141616578] [cartesian_streamer]: IK OK → Δmax=0.0181 rad, joints: [1.562, 0.116, -1.039, 0.000, -0.416, -1.435]
[INFO] [1781258707.162581764] [cartesian_streamer]: QueueTrajPoint accepted #5400: t=7.717s, hold=False
[INFO] [1781258708.204071726] [cartesian_streamer]: IK OK → Δmax=0.0313 rad, joints: [1.457, 0.189, -0.636, 0.000, -0.747, -1.330]
[INFO] [1781258708.268379265] [cartesian_streamer]: Runtime rate: state=streaming, tick_hz=15.0, queue_send_hz=9.5, ack_hz=9.7, busy_hz=0.0, retry_count=0, reject_count=0, inter_ack_ms=108.4, max_joint_delta=0.037, cumul_time=8.72s, hold_count=0, ik_mode=Local, ik_avg_ms=3.71, ik_fails=550
[INFO] [1781258708.899957391] [cartesian_streamer]: QueueTrajPoint accepted #5420: t=9.448s, hold=False
[INFO] [1781258709.403295305] [cartesian_streamer]: IK delta clamped → joints: [1.390, 0.348, -0.363, 0.000, -0.875, -1.263]
[INFO] [1781258710.207006480] [cartesian_streamer]: IK OK → Δmax=0.0624 rad, joints: [1.362, 0.475, -0.113, 0.000, -0.983, -1.235]
[INFO] [1781258710.826517091] [cartesian_streamer]: QueueTrajPoint accepted #5440: t=11.187s, hold=False
[INFO] [1781258712.269422582] [cartesian_streamer]: IK delta clamped → joints: [1.286, 0.850, 0.579, 0.000, -1.325, -1.159]
[INFO] [1781258712.269835042] [cartesian_streamer]: IK OK → Δmax=0.0700 rad, joints: [1.286, 0.850, 0.579, 0.000, -1.325, -1.159]
[INFO] [1781258712.425072193] [cartesian_streamer]: QueueTrajPoint accepted #5460: t=12.783s, hold=False
[INFO] [1781258713.219214647] [cartesian_streamer]: Local IK không hội tụ (fail #1)
[INFO] [1781258713.335295838] [cartesian_streamer]: Runtime rate: state=streaming, tick_hz=15.0, queue_send_hz=11.2, ack_hz=11.2, busy_hz=0.0, retry_count=0, reject_count=0, inter_ack_ms=88.3, max_joint_delta=0.070, cumul_time=13.64s, hold_count=2, ik_mode=Local, ik_avg_ms=3.71, ik_fails=552
[INFO] [1781258714.233144383] [cartesian_streamer]: Local IK không hội tụ (fail #9)
[WARN] [1781258714.278100672] [cartesian_streamer]: Local IK failed 10x liên tiếp! Fallback sang MoveIt! IK...
[INFO] [1781258714.278758078] [cartesian_streamer]: IK OK → Δmax=0.0161 rad, joints: [1.252, 1.073, 1.049, 0.000, -1.547, -1.125]
[INFO] [1781258715.337107079] [cartesian_streamer]: IK delta clamped → joints: [1.204, 1.096, 0.979, 0.000, -1.457, -1.077]
[INFO] [1781258715.342554560] [cartesian_streamer]: QueueTrajPoint accepted #5480: t=15.180s, hold=False
[INFO] [1781258716.336521238] [cartesian_streamer]: IK OK → Δmax=0.0187 rad, joints: [1.141, 0.941, 0.649, 0.000, -1.280, -1.014]
[INFO] [1781258716.893298472] [cartesian_streamer]: QueueTrajPoint accepted #5500: t=16.845s, hold=False
[WARN] [1781258717.889127027] [cartesian_streamer]: Queue BUSY, sẽ resend (backoff 66ms): msg="Busy processing the previous trajectory point. Please resend the next point shortly"
[INFO] [1781258718.335680781] [cartesian_streamer]: Runtime rate: state=streaming, tick_hz=14.2, queue_send_hz=9.0, ack_hz=8.6, busy_hz=0.2, retry_count=1, reject_count=0, inter_ack_ms=115.0, max_joint_delta=0.090, cumul_time=18.05s, hold_count=0, ik_mode=Local, ik_avg_ms=4.22, ik_fails=569
[INFO] [1781258718.338480292] [cartesian_streamer]: IK OK → Δmax=0.0064 rad, joints: [1.081, 0.978, 0.663, 0.000, -1.256, -0.954]
[INFO] [1781258718.875967130] [cartesian_streamer]: QueueTrajPoint accepted #5520: t=18.642s, hold=False
[INFO] [1781258720.403669928] [cartesian_streamer]: IK OK → Δmax=0.0036 rad, joints: [1.046, 0.978, 0.616, 0.000, -1.209, -0.919]
[INFO] [1781258721.093025997] [cartesian_streamer]: QueueTrajPoint accepted #5540: t=20.773s, hold=False
[INFO] [1781258722.404157915] [cartesian_streamer]: IK OK → Δmax=0.0074 rad, joints: [1.042, 0.975, 0.610, 0.000, -1.206, -0.915]
[INFO] [1781258722.427324875] [cartesian_streamer]: Disable Robot: dừng stream, tắt traj mode...
[INFO] [1781258722.428313360] [cartesian_streamer]: ✗ Robot DISABLED.
[WARN] [1781258722.597875178] [cartesian_streamer]: ⚠ Queue mode bị drop! Auto-recovery lần 1/3...
[INFO] [1781258723.099581290] [cartesian_streamer]: Auto-recovery: bắt đầu re-enable queue mode...
[INFO] [1781258723.100261937] [cartesian_streamer]: Enable: reset_error...
[INFO] [1781258723.114378092] [cartesian_streamer]: reset_error: code=1, msg="success"
[INFO] [1781258723.114930381] [cartesian_streamer]: Enable: stop_traj_mode (giải phóng mode cũ)...
[INFO] [1781258723.450937886] [cartesian_streamer]: stop_traj_mode: success=True, code=N/A, msg=""
[INFO] [1781258723.451548177] [cartesian_streamer]: Enable: chờ 1.5s để hệ thống ổn định trước khi start queue...
[INFO] [1781258724.954620428] [cartesian_streamer]: Enable: StartPointQueueMode...
[INFO] [1781258725.462106983] [cartesian_streamer]: StartPointQueueMode response: code=1, msg=""
[INFO] [1781258725.462858069] [cartesian_streamer]: ✓ Robot ENABLED — Point Queue Mode active. Servo ON!
[INFO] [1781258725.469252267] [cartesian_streamer]: Runtime rate: state=seeding, tick_hz=8.7, queue_send_hz=5.2, ack_hz=5.2, busy_hz=0.0, retry_count=0, reject_count=1, inter_ack_ms=110.7, max_joint_delta=0.015, cumul_time=0.00s, hold_count=0, ik_mode=Local, ik_avg_ms=4.20, ik_fails=569
[WARN] [1781258725.470218983] [cartesian_streamer]: Target stream stale: không có target mới trong 3.1s
[INFO] [1781258725.471760215] [cartesian_streamer]: Bootstrap EE pose via FK: (0.3877, 0.9829, 0.3596)
[INFO] [1781258725.472941436] [cartesian_streamer]: Đã gửi seed point (current joints, t=0), chờ ACK...
[INFO] [1781258725.491333220] [cartesian_streamer]: Seed ACK nhận được, bắt đầu prebuffer.
[INFO] [1781258725.967951748] [cartesian_streamer]: Pre-buffer hoàn tất (3 points), bắt đầu stream ổn định. Đang chờ target...
[WARN] [1781258726.732910147] [cartesian_streamer]: ⚠ Queue mode bị drop! Auto-recovery lần 1/3...
[INFO] [1781258727.233958497] [cartesian_streamer]: Auto-recovery: bắt đầu re-enable queue mode...
[INFO] [1781258727.234603465] [cartesian_streamer]: Enable: reset_error...
[INFO] [1781258727.256465399] [cartesian_streamer]: reset_error: code=105, msg="Pendant is not in REMOTE mode"
[INFO] [1781258727.257090026] [cartesian_streamer]: Enable: stop_traj_mode (giải phóng mode cũ)...
[INFO] [1781258727.533482181] [cartesian_streamer]: stop_traj_mode: success=True, code=N/A, msg=""
[INFO] [1781258727.534912660] [cartesian_streamer]: Enable: chờ 1.5s để hệ thống ổn định trước khi start queue...
[INFO] [1781258729.037259258] [cartesian_streamer]: Enable: StartPointQueueMode...
[INFO] [1781258730.484641546] [cartesian_streamer]: StartPointQueueMode response: code=1, msg=""
[INFO] [1781258730.485026618] [cartesian_streamer]: ✓ Robot ENABLED — Point Queue Mode active. Servo ON!
[INFO] [1781258730.535988333] [cartesian_streamer]: Runtime rate: state=seeding, tick_hz=3.7, queue_send_hz=1.8, ack_hz=1.6, busy_hz=0.0, retry_count=0, reject_count=1, inter_ack_ms=526.3, max_joint_delta=0.000, cumul_time=0.00s, hold_count=0, ik_mode=Local, ik_avg_ms=4.20, ik_fails=569
[WARN] [1781258730.536716606] [cartesian_streamer]: Target stream stale: không có target mới trong 8.1s
[WARN] [1781258730.537465373] [cartesian_streamer]: QueueTrajPoint đã được accept nhưng joint_states hầu như không đổi. Kiểm tra: 1) Robot ở mode AUTO? 2) Servo ON? 3) E-stop cleared?
[INFO] [1781258730.539985585] [cartesian_streamer]: Bootstrap EE pose via FK: (0.3877, 0.9829, 0.3597)
[INFO] [1781258730.541151066] [cartesian_streamer]: Đã gửi seed point (current joints, t=0), chờ ACK...
[INFO] [1781258730.602307361] [cartesian_streamer]: Bootstrap EE pose via FK: (0.3877, 0.9829, 0.3597)
[INFO] [1781258730.669132676] [cartesian_streamer]: Bootstrap EE pose via FK: (0.3877, 0.9829, 0.3597)
[INFO] [1781258730.675631525] [cartesian_streamer]: Seed ACK nhận được, bắt đầu prebuffer.
[INFO] [1781258730.955968341] [cartesian_streamer]: QueueTrajPoint accepted #5560: t=0.194s, hold=True
[INFO] [1781258731.074437821] [cartesian_streamer]: Pre-buffer hoàn tất (3 points), bắt đầu stream ổn định. Đang chờ target...
[INFO] [1781258733.591137365] [cartesian_streamer]: QueueTrajPoint accepted #5580: t=2.516s, hold=True
[WARN] [1781258734.753606550] [cartesian_streamer]: Queue BUSY, sẽ resend (backoff 66ms): msg="Busy processing the previous trajectory point. Please resend the next point shortly"
[INFO] [1781258735.602996373] [cartesian_streamer]: Runtime rate: state=streaming, tick_hz=15.0, queue_send_hz=7.1, ack_hz=6.3, busy_hz=0.6, retry_count=3, reject_count=0, inter_ack_ms=255.9, max_joint_delta=0.000, cumul_time=3.52s, hold_count=32, ik_mode=Local, ik_avg_ms=4.20, ik_fails=569
[WARN] [1781258735.603918367] [cartesian_streamer]: Target stream stale: không có target mới trong 13.2s
[WARN] [1781258736.102276140] [cartesian_streamer]: Queue BUSY, sẽ resend (backoff 66ms): msg="Busy processing the previous trajectory point. Please resend the next point shortly"
[WARN] [1781258737.245817032] [cartesian_streamer]: Queue BUSY, sẽ resend (backoff 66ms): msg="Busy processing the previous trajectory point. Please resend the next point shortly"
[WARN] [1781258738.383405603] [cartesian_streamer]: Queue BUSY, sẽ resend (backoff 66ms): msg="Busy processing the previous trajectory point. Please resend the next point shortly"
[WARN] [1781258739.543195333] [cartesian_streamer]: Queue BUSY, sẽ resend (backoff 66ms): msg="Busy processing the previous trajectory point. Please resend the next point shortly"
[WARN] [1781258740.613267961] [cartesian_streamer]: Queue BUSY, sẽ resend (backoff 66ms): msg="Busy processing the previous trajectory point. Please resend the next point shortly"
[INFO] [1781258740.668151963] [cartesian_streamer]: Runtime rate: state=streaming, tick_hz=15.0, queue_send_hz=4.7, ack_hz=0.2, busy_hz=4.7, retry_count=24, reject_count=0, inter_ack_ms=3124.4, max_joint_delta=0.000, cumul_time=2.12s, hold_count=33, ik_mode=Local, ik_avg_ms=4.20, ik_fails=569
[WARN] [1781258740.668725427] [cartesian_streamer]: Target stream stale: không có target mới trong 18.3s
[WARN] [1781258741.765695722] [cartesian_streamer]: Queue BUSY, sẽ resend (backoff 66ms): msg="Busy processing the previous trajectory point. Please resend the next point shortly"
[WARN] [1781258742.865170353] [cartesian_streamer]: Queue BUSY, sẽ resend (backoff 66ms): msg="Busy processing the previous trajectory point. Please resend the next point shortly"
[WARN] [1781258743.948178500] [cartesian_streamer]: Queue BUSY, sẽ resend (backoff 66ms): msg="Busy processing the previous trajectory point. Please resend the next point shortly"
[WARN] [1781258745.007436716] [cartesian_streamer]: Queue BUSY, sẽ resend (backoff 66ms): msg="Busy processing the previous trajectory point. Please resend the next point shortly"
[INFO] [1781258745.668981094] [cartesian_streamer]: Runtime rate: state=streaming, tick_hz=15.0, queue_send_hz=6.4, ack_hz=1.0, busy_hz=5.4, retry_count=27, reject_count=0, inter_ack_ms=1473.0, max_joint_delta=0.000, cumul_time=0.78s, hold_count=38, ik_mode=Local, ik_avg_ms=4.20, ik_fails=569
[WARN] [1781258745.669882996] [cartesian_streamer]: Target stream stale: không có target mới trong 23.3s
[WARN] [1781258746.184032009] [cartesian_streamer]: Queue BUSY, sẽ resend (backoff 66ms): msg="Busy processing the previous trajectory point. Please resend the next point shortly"
[INFO] [1781258747.025969993] [cartesian_streamer]: QueueTrajPoint accepted #5600: t=0.582s, hold=True
[WARN] [1781258747.585315787] [cartesian_streamer]: Queue BUSY, sẽ resend (backoff 66ms): msg="Busy processing the previous trajectory point. Please resend the next point shortly"
[WARN] [1781258748.796382197] [cartesian_streamer]: Queue BUSY, sẽ resend (backoff 66ms): msg="Busy processing the previous trajectory point. Please resend the next point shortly"
[WARN] [1781258749.919200309] [cartesian_streamer]: Queue BUSY, sẽ resend (backoff 66ms): msg="Busy processing the previous trajectory point. Please resend the next point shortly"
[INFO] [1781258750.670434308] [cartesian_streamer]: Runtime rate: state=streaming, tick_hz=15.0, queue_send_hz=6.8, ack_hz=1.6, busy_hz=5.2, retry_count=26, reject_count=0, inter_ack_ms=649.1, max_joint_delta=0.000, cumul_time=0.00s, hold_count=46, ik_mode=Local, ik_avg_ms=4.20, ik_fails=569
[WARN] [1781258750.671231556] [cartesian_streamer]: Target stream stale: không có target mới trong 28.3s
[WARN] [1781258751.082719678] [cartesian_streamer]: Queue BUSY, sẽ resend (backoff 66ms): msg="Busy processing the previous trajectory point. Please resend the next point shortly"
[WARN] [1781258752.146153915] [cartesian_streamer]: Queue BUSY, sẽ resend (backoff 66ms): msg="Busy processing the previous trajectory point. Please resend the next point shortly"
[WARN] [1781258753.151759493] [cartesian_streamer]: Queue BUSY, sẽ resend (backoff 66ms): msg="Busy processing the previous trajectory point. Please resend the next point shortly"
[INFO] [1781258755.304711505] [cartesian_streamer]: QueueTrajPoint accepted #5620: t=1.000s, hold=True
[INFO] [1781258755.736842277] [cartesian_streamer]: Runtime rate: state=streaming, tick_hz=15.0, queue_send_hz=7.5, ack_hz=3.9, busy_hz=3.6, retry_count=18, reject_count=0, inter_ack_ms=266.2, max_joint_delta=0.000, cumul_time=1.47s, hold_count=65, ik_mode=Local, ik_avg_ms=4.20, ik_fails=569
[WARN] [1781258755.737269647] [cartesian_streamer]: Target stream stale: không có target mới trong 33.3s
[WARN] [1781258756.361434342] [cartesian_streamer]: ⚠ Queue mode bị drop! Auto-recovery lần 1/3...
[INFO] [1781258756.862751905] [cartesian_streamer]: Auto-recovery: bắt đầu re-enable queue mode...
[INFO] [1781258756.863435713] [cartesian_streamer]: Enable: reset_error...
[INFO] [1781258756.881197365] [cartesian_streamer]: reset_error: code=105, msg="Pendant is not in REMOTE mode"
[INFO] [1781258756.881583680] [cartesian_streamer]: Enable: stop_traj_mode (giải phóng mode cũ)...
[INFO] [1781258757.558014596] [cartesian_streamer]: stop_traj_mode: success=True, code=N/A, msg=""
[INFO] [1781258757.558327684] [cartesian_streamer]: Enable: chờ 1.5s để hệ thống ổn định trước khi start queue...
[INFO] [1781258757.925693536] [cartesian_streamer]: Disable Robot: dừng stream, tắt traj mode...
[INFO] [1781258757.927116709] [cartesian_streamer]: ✗ Robot DISABLED.
[INFO] [1781258759.062781870] [cartesian_streamer]: Enable: StartPointQueueMode...
[INFO] [1781258759.078516664] [cartesian_streamer]: StartPointQueueMode response: code=104, msg="The teach pendant must not be in TEACH mode"
[ERROR] [1781258759.079140523] [cartesian_streamer]: StartPointQueueMode FAILED: The teach pendant must not be in TEACH mode
[INFO] [1781258868.437026874] [cartesian_streamer]: Enable Robot: bắt đầu chuỗi khởi động...
[INFO] [1781258868.437300100] [cartesian_streamer]: Enable: reset_error...
[INFO] [1781258868.457145005] [cartesian_streamer]: reset_error: code=1, msg="success"
[INFO] [1781258868.457696524] [cartesian_streamer]: Enable: stop_traj_mode (giải phóng mode cũ)...
[INFO] [1781258868.503980992] [cartesian_streamer]: stop_traj_mode: success=True, code=N/A, msg=""
[INFO] [1781258868.504296810] [cartesian_streamer]: Enable: chờ 1.5s để hệ thống ổn định trước khi start queue...
[INFO] [1781258870.005215416] [cartesian_streamer]: Enable: StartPointQueueMode...
[INFO] [1781258871.697264663] [cartesian_streamer]: StartPointQueueMode response: code=1, msg=""
[INFO] [1781258871.697887869] [cartesian_streamer]: ✓ Robot ENABLED — Point Queue Mode active. Servo ON!
[INFO] [1781258871.734943083] [cartesian_streamer]: Runtime rate: state=seeding, tick_hz=0.1, queue_send_hz=0.1, ack_hz=0.1, busy_hz=0.0, retry_count=0, reject_count=1, inter_ack_ms=84.3, max_joint_delta=0.000, cumul_time=0.00s, hold_count=0, ik_mode=Local, ik_avg_ms=4.20, ik_fails=569
[WARN] [1781258871.735293539] [cartesian_streamer]: Target stream stale: không có target mới trong 149.3s
[WARN] [1781258871.735615781] [cartesian_streamer]: QueueTrajPoint đã được accept nhưng joint_states hầu như không đổi. Kiểm tra: 1) Robot ở mode AUTO? 2) Servo ON? 3) E-stop cleared?
[INFO] [1781258871.736210773] [cartesian_streamer]: Bootstrap EE pose via FK: (-0.1614, 0.2842, 0.3788)
[INFO] [1781258871.736709067] [cartesian_streamer]: Đã gửi seed point (current joints, t=0), chờ ACK...
[INFO] [1781258871.801936879] [cartesian_streamer]: Bootstrap EE pose via FK: (-0.1614, 0.2842, 0.3788)
[INFO] [1781258871.868988177] [cartesian_streamer]: Bootstrap EE pose via FK: (-0.1614, 0.2842, 0.3788)
[INFO] [1781258871.936183164] [cartesian_streamer]: Bootstrap EE pose via FK: (-0.1614, 0.2842, 0.3788)
[INFO] [1781258871.973471628] [cartesian_streamer]: Seed ACK nhận được, bắt đầu prebuffer.
[INFO] [1781258872.489619524] [cartesian_streamer]: Pre-buffer hoàn tất (3 points), bắt đầu stream ổn định. Đang chờ target...
[INFO] [1781258873.321606649] [cartesian_streamer]: QueueTrajPoint accepted #5640: t=1.266s, hold=True
[INFO] [1781258876.229066317] [cartesian_streamer]: QueueTrajPoint accepted #5660: t=3.733s, hold=True
[INFO] [1781258876.801776592] [cartesian_streamer]: Runtime rate: state=streaming, tick_hz=15.0, queue_send_hz=6.7, ack_hz=6.7, busy_hz=0.0, retry_count=0, reject_count=0, inter_ack_ms=3541.6, max_joint_delta=0.000, cumul_time=4.33s, hold_count=33, ik_mode=Local, ik_avg_ms=4.20, ik_fails=569
[WARN] [1781258876.802229613] [cartesian_streamer]: Target stream stale: không có target mới trong 154.4s
[INFO] [1781258878.283614696] [cartesian_streamer]: QueueTrajPoint accepted #5680: t=5.800s, hold=True
[INFO] [1781258880.023840888] [cartesian_streamer]: IK OK → Δmax=0.0081 rad, joints: [1.572, 0.123, -1.051, 0.002, -0.393, -1.444]
[WARN] [1781258880.135355632] [cartesian_streamer]: QueueTrajPoint đã được accept nhưng joint_states hầu như không đổi. Kiểm tra: 1) Robot ở mode AUTO? 2) Servo ON? 3) E-stop cleared?
[INFO] [1781258880.694127227] [cartesian_streamer]: QueueTrajPoint accepted #5700: t=7.935s, hold=False
[WARN] [1781258881.753668762] [cartesian_streamer]: Queue BUSY, sẽ resend (backoff 66ms): msg="Busy processing the previous trajectory point. Please resend the next point shortly"
[INFO] [1781258881.801683481] [cartesian_streamer]: Runtime rate: state=streaming, tick_hz=15.0, queue_send_hz=8.8, ack_hz=8.6, busy_hz=0.2, retry_count=1, reject_count=0, inter_ack_ms=116.0, max_joint_delta=0.054, cumul_time=9.00s, hold_count=0, ik_mode=Local, ik_avg_ms=4.18, ik_fails=569
[INFO] [1781258881.936546121] [cartesian_streamer]: IK delta clamped → joints: [1.538, 0.148, -0.942, 0.000, -0.490, -1.411]
[INFO] [1781258882.074036230] [cartesian_streamer]: IK OK → Δmax=0.0181 rad, joints: [1.532, 0.157, -0.898, 0.000, -0.516, -1.405]
[INFO] [1781258882.686437959] [cartesian_streamer]: QueueTrajPoint accepted #5720: t=9.800s, hold=False
[INFO] [1781258884.137105700] [cartesian_streamer]: IK OK → Δmax=0.0583 rad, joints: [1.475, 0.346, -0.327, 0.000, -0.898, -1.348]
[INFO] [1781258884.417834618] [cartesian_streamer]: QueueTrajPoint accepted #5740: t=11.535s, hold=False
[INFO] [1781258885.536515945] [cartesian_streamer]: IK delta clamped → joints: [1.430, 0.569, 0.095, 0.000, -1.118, -1.303]
[INFO] [1781258886.138022802] [cartesian_streamer]: IK OK → Δmax=0.0500 rad, joints: [1.411, 0.685, 0.332, 0.000, -1.219, -1.284]
[INFO] [1781258886.221129969] [cartesian_streamer]: QueueTrajPoint accepted #5760: t=13.211s, hold=False
[INFO] [1781258886.802864554] [cartesian_streamer]: Runtime rate: state=streaming, tick_hz=15.0, queue_send_hz=11.8, ack_hz=11.8, busy_hz=0.0, retry_count=0, reject_count=0, inter_ack_ms=85.9, max_joint_delta=0.070, cumul_time=13.80s, hold_count=0, ik_mode=Local, ik_avg_ms=4.16, ik_fails=569
[INFO] [1781258887.596577054] [cartesian_streamer]: Local IK không hội tụ (fail #1)
[INFO] [1781258888.147663946] [cartesian_streamer]: QueueTrajPoint accepted #5780: t=15.217s, hold=True
[WARN] [1781258888.433600973] [cartesian_streamer]: Local IK failed 10x liên tiếp! Fallback sang MoveIt! IK...
[INFO] [1781258888.434728101] [cartesian_streamer]: IK OK → Δmax=0.0542 rad, joints: [1.384, 1.042, 1.025, 0.000, -1.554, -1.257]
[WARN] [1781258890.513097300] [cartesian_streamer]: Local IK failed 31x liên tiếp! Fallback sang MoveIt! IK...
[INFO] [1781258890.513928384] [cartesian_streamer]: IK OK → Δmax=0.0000 rad, joints: [1.384, 1.042, 1.025, 0.000, -1.554, -1.257]
[INFO] [1781258891.802818738] [cartesian_streamer]: Runtime rate: state=streaming, tick_hz=15.0, queue_send_hz=6.4, ack_hz=6.2, busy_hz=0.0, retry_count=0, reject_count=0, inter_ack_ms=160.0, max_joint_delta=0.070, cumul_time=18.36s, hold_count=0, ik_mode=Local, ik_avg_ms=4.42, ik_fails=614
[INFO] [1781258891.998455156] [cartesian_streamer]: QueueTrajPoint accepted #5800: t=18.558s, hold=False
[WARN] [1781258892.665256857] [cartesian_streamer]: Local IK failed 53x liên tiếp! Fallback sang MoveIt! IK...
[INFO] [1781258892.665833731] [cartesian_streamer]: IK OK → Δmax=0.0000 rad, joints: [1.384, 1.042, 1.025, 0.000, -1.554, -1.257]
[INFO] [1781258894.007541913] [cartesian_streamer]: IK delta clamped → joints: [1.336, 1.112, 1.041, 0.000, -1.464, -1.209]
[WARN] [1781258894.203517030] [cartesian_streamer]: QueueTrajPoint đã được accept nhưng joint_states hầu như không đổi. Kiểm tra: 1) Robot ở mode AUTO? 2) Servo ON? 3) E-stop cleared?
[INFO] [1781258894.670224829] [cartesian_streamer]: IK OK → Δmax=0.0700 rad, joints: [1.331, 1.053, 0.824, 0.000, -1.309, -1.204]
[INFO] [1781258895.281068352] [cartesian_streamer]: QueueTrajPoint accepted #5820: t=21.355s, hold=False
[WARN] [1781258895.361016653] [cartesian_streamer]: Queue BUSY, sẽ resend (backoff 66ms): msg="Busy processing the previous trajectory point. Please resend the next point shortly"
[INFO] [1781258896.049733505] [cartesian_streamer]: Local IK không hội tụ (fail #1)
[INFO] [1781258896.670501903] [cartesian_streamer]: IK OK → Δmax=0.0104 rad, joints: [1.325, 1.162, 1.031, 0.000, -1.440, -1.198]
[WARN] [1781258896.687640150] [cartesian_streamer]: Queue BUSY, sẽ resend (backoff 66ms): msg="Busy processing the previous trajectory point. Please resend the next point shortly"
[INFO] [1781258896.868954434] [cartesian_streamer]: Runtime rate: state=streaming, tick_hz=15.0, queue_send_hz=6.9, ack_hz=6.5, busy_hz=0.4, retry_count=2, reject_count=0, inter_ack_ms=146.3, max_joint_delta=0.090, cumul_time=22.41s, hold_count=0, ik_mode=Local, ik_avg_ms=4.59, ik_fails=642
[INFO] [1781258897.729692620] [cartesian_streamer]: QueueTrajPoint accepted #5840: t=23.208s, hold=False
[INFO] [1781258898.737645373] [cartesian_streamer]: IK OK → Δmax=0.0066 rad, joints: [1.307, 1.149, 0.991, 0.000, -1.414, -1.180]
[WARN] [1781258899.480634890] [cartesian_streamer]: Queue BUSY, sẽ resend (backoff 66ms): msg="Busy processing the previous trajectory point. Please resend the next point shortly"
[INFO] [1781258899.952569582] [cartesian_streamer]: QueueTrajPoint accepted #5860: t=25.204s, hold=False
[INFO] [1781258900.802337792] [cartesian_streamer]: IK OK → Δmax=0.0030 rad, joints: [1.295, 1.122, 0.931, 0.000, -1.380, -1.167]
[INFO] [1781258901.789265764] [cartesian_streamer]: Disable Robot: dừng stream, tắt traj mode...
[INFO] [1781258901.790422464] [cartesian_streamer]: ✗ Robot DISABLED.
[INFO] [1781258911.095237205] [cartesian_streamer]: Disable Robot: dừng stream, tắt traj mode...
[INFO] [1781258911.096023465] [cartesian_streamer]: ✗ Robot DISABLED.
[INFO] [1781259057.257038287] [cartesian_streamer]: Enable Robot: bắt đầu chuỗi khởi động...
[INFO] [1781259057.257985493] [cartesian_streamer]: Enable: reset_error...
[INFO] [1781259057.277377232] [cartesian_streamer]: reset_error: code=1, msg="success"
[INFO] [1781259057.278315309] [cartesian_streamer]: Enable: stop_traj_mode (giải phóng mode cũ)...
[INFO] [1781259057.318175454] [cartesian_streamer]: stop_traj_mode: success=True, code=N/A, msg=""
[INFO] [1781259057.322334834] [cartesian_streamer]: Enable: chờ 1.5s để hệ thống ổn định trước khi start queue...
[INFO] [1781259058.825640113] [cartesian_streamer]: Enable: StartPointQueueMode...
[INFO] [1781259060.276777392] [cartesian_streamer]: StartPointQueueMode response: code=1, msg=""
[INFO] [1781259060.277145265] [cartesian_streamer]: ✓ Robot ENABLED — Point Queue Mode active. Servo ON!
[INFO] [1781259060.335192396] [cartesian_streamer]: Runtime rate: state=seeding, tick_hz=0.5, queue_send_hz=0.3, ack_hz=0.3, busy_hz=0.0, retry_count=1, reject_count=0, inter_ack_ms=113.5, max_joint_delta=0.039, cumul_time=0.00s, hold_count=0, ik_mode=Local, ik_avg_ms=4.56, ik_fails=642
[WARN] [1781259060.335726335] [cartesian_streamer]: Target stream stale: không có target mới trong 158.6s
[WARN] [1781259060.336167721] [cartesian_streamer]: QueueTrajPoint đã được accept nhưng joint_states hầu như không đổi. Kiểm tra: 1) Robot ở mode AUTO? 2) Servo ON? 3) E-stop cleared?
[INFO] [1781259060.337141356] [cartesian_streamer]: Bootstrap EE pose via FK: (-0.1620, 0.2801, 0.3785)
[INFO] [1781259060.338827181] [cartesian_streamer]: Đã gửi seed point (current joints, t=0), chờ ACK...
[INFO] [1781259060.403928603] [cartesian_streamer]: Bootstrap EE pose via FK: (-0.1620, 0.2801, 0.3785)
[INFO] [1781259060.469309385] [cartesian_streamer]: Bootstrap EE pose via FK: (-0.1620, 0.2801, 0.3785)
[INFO] [1781259060.486242084] [cartesian_streamer]: Seed ACK nhận được, bắt đầu prebuffer.
[INFO] [1781259060.658556179] [cartesian_streamer]: QueueTrajPoint accepted #5880: t=0.197s, hold=True
[INFO] [1781259060.752940873] [cartesian_streamer]: Pre-buffer hoàn tất (3 points), bắt đầu stream ổn định. Đang chờ target...
[INFO] [1781259063.597296179] [cartesian_streamer]: QueueTrajPoint accepted #5900: t=2.531s, hold=True
[INFO] [1781259065.402494148] [cartesian_streamer]: Runtime rate: state=streaming, tick_hz=15.0, queue_send_hz=6.7, ack_hz=6.7, busy_hz=0.0, retry_count=0, reject_count=0, inter_ack_ms=4807.8, max_joint_delta=0.000, cumul_time=4.13s, hold_count=33, ik_mode=Local, ik_avg_ms=4.56, ik_fails=642
[WARN] [1781259065.403322795] [cartesian_streamer]: Target stream stale: không có target mới trong 163.6s
[INFO] [1781259066.726368507] [cartesian_streamer]: QueueTrajPoint accepted #5920: t=5.258s, hold=True
[INFO] [1781259066.892756254] [cartesian_streamer]: Local IK không hội tụ (fail #1)
[INFO] [1781259067.293083411] [cartesian_streamer]: IK OK → Δmax=0.0148 rad, joints: [1.573, 0.124, -1.046, 0.012, -0.397, -1.458]
[WARN] [1781259067.535829394] [cartesian_streamer]: QueueTrajPoint đã được accept nhưng joint_states hầu như không đổi. Kiểm tra: 1) Robot ở mode AUTO? 2) Servo ON? 3) E-stop cleared?
[INFO] [1781259069.338659342] [cartesian_streamer]: IK OK → Δmax=0.0343 rad, joints: [1.540, 0.131, -0.981, 0.000, -0.458, -1.413]
[INFO] [1781259069.354747746] [cartesian_streamer]: QueueTrajPoint accepted #5940: t=7.764s, hold=False
[INFO] [1781259070.402768148] [cartesian_streamer]: Runtime rate: state=streaming, tick_hz=15.0, queue_send_hz=8.4, ack_hz=8.4, busy_hz=0.0, retry_count=0, reject_count=0, inter_ack_ms=118.3, max_joint_delta=0.047, cumul_time=8.77s, hold_count=0, ik_mode=Local, ik_avg_ms=4.56, ik_fails=646
[INFO] [1781259070.823809137] [cartesian_streamer]: QueueTrajPoint accepted #5960: t=9.239s, hold=False
[INFO] [1781259071.416151761] [cartesian_streamer]: IK OK → Δmax=0.0183 rad, joints: [1.390, 0.254, -0.424, 0.000, -0.894, -1.263]
[INFO] [1781259072.354753693] [cartesian_streamer]: QueueTrajPoint accepted #5980: t=10.765s, hold=False
[INFO] [1781259072.744300573] [cartesian_streamer]: IK delta clamped → joints: [1.347, 0.466, -0.041, 0.000, -1.077, -1.220]
[INFO] [1781259073.469867798] [cartesian_streamer]: IK OK → Δmax=0.0485 rad, joints: [1.330, 0.601, 0.223, 0.000, -1.193, -1.203]
[INFO] [1781259074.438609370] [cartesian_streamer]: QueueTrajPoint accepted #6000: t=12.561s, hold=False
[INFO] [1781259074.937755599] [cartesian_streamer]: IK delta clamped → joints: [1.320, 0.968, 0.865, 0.000, -1.479, -1.193]
[INFO] [1781259075.253620988] [cartesian_streamer]: Local IK không hội tụ (fail #1)
[INFO] [1781259075.471659872] [cartesian_streamer]: Runtime rate: state=streaming, tick_hz=15.0, queue_send_hz=11.1, ack_hz=11.1, busy_hz=0.0, retry_count=0, reject_count=0, inter_ack_ms=90.8, max_joint_delta=0.070, cumul_time=13.59s, hold_count=1, ik_mode=Local, ik_avg_ms=4.55, ik_fails=649
[WARN] [1781259076.237646944] [cartesian_streamer]: Local IK failed 10x liên tiếp! Fallback sang MoveIt! IK...
[INFO] [1781259076.238401161] [cartesian_streamer]: IK OK → Δmax=0.0000 rad, joints: [1.320, 1.038, 1.014, 0.000, -1.548, -1.193]
[INFO] [1781259076.911155107] [cartesian_streamer]: QueueTrajPoint accepted #6020: t=15.041s, hold=False
[WARN] [1781259078.262929527] [cartesian_streamer]: Local IK failed 30x liên tiếp! Fallback sang MoveIt! IK...
[INFO] [1781259078.263673189] [cartesian_streamer]: IK OK → Δmax=0.0000 rad, joints: [1.320, 1.038, 1.014, 0.000, -1.548, -1.193]
[INFO] [1781259078.681118154] [cartesian_streamer]: IK delta clamped → joints: [1.302, 1.108, 0.961, 0.000, -1.458, -1.175]
[INFO] [1781259079.427898975] [cartesian_streamer]: QueueTrajPoint accepted #6040: t=17.570s, hold=False
[WARN] [1781259079.893462194] [cartesian_streamer]: Queue BUSY, sẽ resend (backoff 66ms): msg="Busy processing the previous trajectory point. Please resend the next point shortly"
[INFO] [1781259080.272805496] [cartesian_streamer]: IK OK → Δmax=0.0836 rad, joints: [1.237, 1.002, 0.565, 0.000, -1.218, -1.109]
[INFO] [1781259080.470124478] [cartesian_streamer]: Runtime rate: state=streaming, tick_hz=14.8, queue_send_hz=7.6, ack_hz=7.2, busy_hz=0.4, retry_count=2, reject_count=0, inter_ack_ms=138.0, max_joint_delta=0.090, cumul_time=18.04s, hold_count=0, ik_mode=Local, ik_avg_ms=4.94, ik_fails=681
[WARN] [1781259081.230983280] [cartesian_streamer]: Queue BUSY, sẽ resend (backoff 66ms): msg="Busy processing the previous trajectory point. Please resend the next point shortly"
[INFO] [1781259081.669821743] [cartesian_streamer]: IK delta clamped → joints: [1.312, 1.065, 0.871, 0.000, -1.350, -1.185]
[WARN] [1781259081.735219266] [cartesian_streamer]: ⚠ Queue mode bị drop! Auto-recovery lần 1/3...
[INFO] [1781259082.236084235] [cartesian_streamer]: Auto-recovery: bắt đầu re-enable queue mode...
[INFO] [1781259082.236475474] [cartesian_streamer]: Enable: reset_error...
[INFO] [1781259082.366753345] [cartesian_streamer]: reset_error: code=1, msg="success"
[INFO] [1781259082.367388770] [cartesian_streamer]: Enable: stop_traj_mode (giải phóng mode cũ)...
[INFO] [1781259082.415039542] [cartesian_streamer]: stop_traj_mode: success=True, code=N/A, msg=""
[INFO] [1781259082.415857109] [cartesian_streamer]: Enable: chờ 1.5s để hệ thống ổn định trước khi start queue...
[INFO] [1781259083.917051590] [cartesian_streamer]: Enable: StartPointQueueMode...
[INFO] [1781259084.051288823] [cartesian_streamer]: StartPointQueueMode response: code=111, msg="A PFL event has occurred. Please return the robot to a safe state"
[ERROR] [1781259084.051952252] [cartesian_streamer]: StartPointQueueMode FAILED: A PFL event has occurred. Please return the robot to a safe state
[INFO] [1781259085.031515569] [cartesian_streamer]: Disable Robot: dừng stream, tắt traj mode...
[INFO] [1781259085.032684064] [cartesian_streamer]: ✗ Robot DISABLED.
[INFO] [1781259140.430743957] [cartesian_streamer]: Enable Robot: bắt đầu chuỗi khởi động...
[INFO] [1781259140.431311306] [cartesian_streamer]: Enable: reset_error...
[INFO] [1781259140.444020863] [cartesian_streamer]: reset_error: code=1, msg="success"
[INFO] [1781259140.444285511] [cartesian_streamer]: Enable: stop_traj_mode (giải phóng mode cũ)...
[INFO] [1781259140.495337002] [cartesian_streamer]: stop_traj_mode: success=True, code=N/A, msg=""
[INFO] [1781259140.495944034] [cartesian_streamer]: Enable: chờ 1.5s để hệ thống ổn định trước khi start queue...
[INFO] [1781259141.997214815] [cartesian_streamer]: Enable: StartPointQueueMode...
[INFO] [1781259143.376813563] [cartesian_streamer]: StartPointQueueMode response: code=1, msg=""
[INFO] [1781259143.377060468] [cartesian_streamer]: ✓ Robot ENABLED — Point Queue Mode active. Servo ON!
[INFO] [1781259143.401871077] [cartesian_streamer]: Runtime rate: state=seeding, tick_hz=0.3, queue_send_hz=0.2, ack_hz=0.2, busy_hz=0.0, retry_count=1, reject_count=1, inter_ack_ms=90.7, max_joint_delta=0.081, cumul_time=0.00s, hold_count=0, ik_mode=Local, ik_avg_ms=4.93, ik_fails=681
[WARN] [1781259143.402349198] [cartesian_streamer]: Target stream stale: không có target mới trong 61.7s
[WARN] [1781259143.402766279] [cartesian_streamer]: QueueTrajPoint đã được accept nhưng joint_states hầu như không đổi. Kiểm tra: 1) Robot ở mode AUTO? 2) Servo ON? 3) E-stop cleared?
[INFO] [1781259143.404574835] [cartesian_streamer]: Bootstrap EE pose via FK: (-0.1620, 0.2801, 0.3785)
[INFO] [1781259143.405202337] [cartesian_streamer]: Đã gửi seed point (current joints, t=0), chờ ACK...
[INFO] [1781259143.417298371] [cartesian_streamer]: Seed ACK nhận được, bắt đầu prebuffer.
[INFO] [1781259143.417718175] [cartesian_streamer]: QueueTrajPoint accepted #6060: t=0.000s, hold=False
[INFO] [1781259143.671525257] [cartesian_streamer]: Pre-buffer hoàn tất (3 points), bắt đầu stream ổn định. Đang chờ target...
[WARN] [1781259145.739528718] [cartesian_streamer]: Queue BUSY, sẽ resend (backoff 66ms): msg="Busy processing the previous trajectory point. Please resend the next point shortly"
[INFO] [1781259146.404926376] [cartesian_streamer]: QueueTrajPoint accepted #6080: t=2.329s, hold=True
[INFO] [1781259148.468441278] [cartesian_streamer]: Runtime rate: state=streaming, tick_hz=15.0, queue_send_hz=6.5, ack_hz=6.3, busy_hz=0.2, retry_count=1, reject_count=0, inter_ack_ms=2088.5, max_joint_delta=0.000, cumul_time=3.93s, hold_count=31, ik_mode=Local, ik_avg_ms=4.93, ik_fails=681
[WARN] [1781259148.469082215] [cartesian_streamer]: Target stream stale: không có target mới trong 66.8s
[INFO] [1781259149.431916521] [cartesian_streamer]: QueueTrajPoint accepted #6100: t=4.929s, hold=True
[INFO] [1781259149.903749045] [cartesian_streamer]: Local IK không hội tụ (fail #1)
[WARN] [1781259150.632851797] [cartesian_streamer]: Local IK failed 10x liên tiếp! Fallback sang MoveIt! IK...
[INFO] [1781259150.633202489] [cartesian_streamer]: IK delta clamped → joints: [1.501, 0.194, -0.979, 0.000, -0.488, -1.354]
[INFO] [1781259150.633461066] [cartesian_streamer]: IK OK → Δmax=0.0900 rad, joints: [1.501, 0.194, -0.979, 0.000, -0.488, -1.354]
[WARN] [1781259150.668429108] [cartesian_streamer]: QueueTrajPoint đã được accept nhưng joint_states hầu như không đổi. Kiểm tra: 1) Robot ở mode AUTO? 2) Servo ON? 3) E-stop cleared?
[INFO] [1781259151.866439318] [cartesian_streamer]: QueueTrajPoint accepted #6120: t=7.088s, hold=False
[WARN] [1781259152.208328500] [cartesian_streamer]: Queue BUSY, sẽ resend (backoff 66ms): msg="Busy processing the previous trajectory point. Please resend the next point shortly"
[INFO] [1781259152.671606341] [cartesian_streamer]: IK delta clamped → joints: [1.345, 0.264, -0.856, 0.000, -0.703, -1.218]
[INFO] [1781259152.672169341] [cartesian_streamer]: IK OK → Δmax=0.0700 rad, joints: [1.345, 0.264, -0.856, 0.000, -0.703, -1.218]
[WARN] [1781259153.394839478] [cartesian_streamer]: Queue BUSY, sẽ resend (backoff 66ms): msg="Busy processing the previous trajectory point. Please resend the next point shortly"
[INFO] [1781259153.534696588] [cartesian_streamer]: Runtime rate: state=streaming, tick_hz=15.0, queue_send_hz=9.1, ack_hz=8.1, busy_hz=1.0, retry_count=5, reject_count=0, inter_ack_ms=116.9, max_joint_delta=0.090, cumul_time=7.89s, hold_count=0, ik_mode=Local, ik_avg_ms=5.01, ik_fails=702
[WARN] [1781259153.892093171] [cartesian_streamer]: ⚠ Queue mode bị drop! Auto-recovery lần 1/3...
[INFO] [1781259154.393387805] [cartesian_streamer]: Auto-recovery: bắt đầu re-enable queue mode...
[INFO] [1781259154.393953903] [cartesian_streamer]: Enable: reset_error...
[INFO] [1781259154.398050680] [cartesian_streamer]: reset_error: code=105, msg="Pendant is not in REMOTE mode"
[INFO] [1781259154.398287582] [cartesian_streamer]: Enable: stop_traj_mode (giải phóng mode cũ)...
[INFO] [1781259154.819588848] [cartesian_streamer]: stop_traj_mode: success=True, code=N/A, msg=""
[INFO] [1781259154.820171984] [cartesian_streamer]: Enable: chờ 1.5s để hệ thống ổn định trước khi start queue...
[INFO] [1781259156.321159028] [cartesian_streamer]: Enable: StartPointQueueMode...
[INFO] [1781259156.356906267] [cartesian_streamer]: StartPointQueueMode response: code=104, msg="The teach pendant must not be in TEACH mode"
[ERROR] [1781259156.357470705] [cartesian_streamer]: StartPointQueueMode FAILED: The teach pendant must not be in TEACH mode
[INFO] [1781259162.132633138] [cartesian_streamer]: Disable Robot: dừng stream, tắt traj mode...
[INFO] [1781259162.133058724] [cartesian_streamer]: ✗ Robot DISABLED.
[INFO] [1781259170.362602260] [cartesian_streamer]: Graceful shutdown: tắt Point Queue Mode trước khi thoát...
[INFO] [1781259170.362930531] [cartesian_streamer]: Robot chưa enable, không cần stop_traj_mode.
[INFO] [1781259170.363462144] [cartesian_streamer]: Shutdown hoàn tất. Tủ điện sẽ KHÔNG bị alarm.
