[INFO] [1780018643.984893270] [cartesian_streamer]: CartesianStreamer khởi động (chờ Enable Robot từ UI).
  Stream rate:       15 Hz (period=66.7ms)
  Queue dt:          0.067 s
  Prebuffer points:  3
  Retry backoff:     66.0 ms
  Gửi PoseStamped lên: /cartesian_streamer/target_pose
  Gửi XYZ lên:        /cartesian_streamer/target_xyz
  Nhận EE pose tại:   /cartesian_streamer/current_pose
[INFO] [1780018643.989741181] [cartesian_streamer]: Nhận joint_states: ['1.414', '0.873', '0.857', '-0.020', '-1.355', '1.718']
[INFO] [1780018644.880533086] [cartesian_streamer]: ✓ FK cross-validation PASSED. Error = 0.0020mm
  Local FK:  (0.00299, 1.07471, 0.59289)
  MoveIt FK: (0.00299, 1.07471, 0.59289)
[INFO] [1780018644.881253089] [cartesian_streamer]: Đã nhận joint_states. EE hiện tại: (0.0030, 1.0747, 0.5929). IK mode: Local DLS. Chờ Enable Robot từ UI...
[INFO] [1780018771.926009371] [cartesian_streamer]: Enable Robot: bắt đầu chuỗi khởi động...
[INFO] [1780018771.926475134] [cartesian_streamer]: Enable: reset_error...
[INFO] [1780018771.936825137] [cartesian_streamer]: reset_error: code=1, msg="success"
[INFO] [1780018771.939346439] [cartesian_streamer]: Enable: stop_traj_mode (giải phóng mode cũ)...
[INFO] [1780018771.985995350] [cartesian_streamer]: stop_traj_mode: success=True, code=N/A, msg=""
[INFO] [1780018771.986708860] [cartesian_streamer]: Enable: chờ 1.5s để hệ thống ổn định trước khi start queue...
[INFO] [1780018773.488180872] [cartesian_streamer]: Enable: StartPointQueueMode...
[INFO] [1780018775.117500336] [cartesian_streamer]: StartPointQueueMode response: code=1, msg=""
[INFO] [1780018775.117863505] [cartesian_streamer]: ✓ Robot ENABLED — Point Queue Mode active. Servo ON!
[INFO] [1780018775.138252887] [cartesian_streamer]: Runtime rate: state=seeding, tick_hz=0.0, queue_send_hz=0.0, ack_hz=0.0, busy_hz=0.0, retry_count=0, reject_count=0, inter_ack_ms=0.0, max_joint_delta=0.000, cumul_time=0.00s, hold_count=0, ik_mode=Local, ik_avg_ms=0.00, ik_fails=0
[INFO] [1780018775.139580841] [cartesian_streamer]: Bootstrap EE pose via FK: (-0.1638, 0.2630, 0.3947)
[INFO] [1780018775.140109798] [cartesian_streamer]: Đang stream qua service: /queue_traj_point
[INFO] [1780018775.141449106] [cartesian_streamer]: Đã gửi seed point (current joints, t=0), chờ ACK...
[INFO] [1780018775.207025814] [cartesian_streamer]: Bootstrap EE pose via FK: (-0.1638, 0.2630, 0.3947)
[INFO] [1780018775.258482584] [cartesian_streamer]: Seed ACK nhận được, bắt đầu prebuffer.
[INFO] [1780018775.259137784] [cartesian_streamer]: Queue accepted sample#1: svc=/queue_traj_point, t_cumul=0.0000s, code=1, msg="", hold=False
[INFO] [1780018775.304196699] [cartesian_streamer]: Queue accepted sample#2: svc=/queue_traj_point, t_cumul=0.1346s, code=1, msg="", hold=True
[INFO] [1780018775.355247297] [cartesian_streamer]: Queue accepted sample#3: svc=/queue_traj_point, t_cumul=0.1970s, code=1, msg="", hold=True
[INFO] [1780018775.528084014] [cartesian_streamer]: Pre-buffer hoàn tất (3 points), bắt đầu stream ổn định. Đang chờ target...
[INFO] [1780018775.528869687] [cartesian_streamer]: Queue accepted sample#4: svc=/queue_traj_point, t_cumul=0.2641s, code=1, msg="", hold=True
[INFO] [1780018775.659818967] [cartesian_streamer]: Queue accepted sample#5: svc=/queue_traj_point, t_cumul=0.3969s, code=1, msg="", hold=True
[INFO] [1780018777.023271558] [cartesian_streamer]: QueueTrajPoint accepted #20: t=1.863s, hold=True
[INFO] [1780018779.595066625] [cartesian_streamer]: QueueTrajPoint accepted #40: t=3.927s, hold=True
[WARN] [1780018779.610465694] [cartesian_streamer]: Queue BUSY, sẽ resend (backoff 66ms): msg="Busy processing the previous trajectory point. Please resend the next point shortly"
[INFO] [1780018780.139676769] [cartesian_streamer]: Runtime rate: state=streaming, tick_hz=15.0, queue_send_hz=9.0, ack_hz=8.6, busy_hz=0.2, retry_count=1, reject_count=0, inter_ack_ms=114.5, max_joint_delta=0.000, cumul_time=4.33s, hold_count=43, ik_mode=Local, ik_avg_ms=0.00, ik_fails=0
[INFO] [1780018782.089011425] [cartesian_streamer]: QueueTrajPoint accepted #60: t=6.126s, hold=True
[INFO] [1780018784.367574258] [cartesian_streamer]: QueueTrajPoint accepted #80: t=8.326s, hold=True
[INFO] [1780018785.203891257] [cartesian_streamer]: Runtime rate: state=streaming, tick_hz=15.0, queue_send_hz=8.3, ack_hz=8.5, busy_hz=0.0, retry_count=0, reject_count=0, inter_ack_ms=119.1, max_joint_delta=0.000, cumul_time=9.00s, hold_count=85, ik_mode=Local, ik_avg_ms=0.00, ik_fails=0
[INFO] [1780018786.488747914] [cartesian_streamer]: QueueTrajPoint accepted #100: t=10.395s, hold=True
[INFO] [1780018788.943666976] [cartesian_streamer]: IK OK → Δmax=0.0075 rad, joints: [1.573, 0.070, -1.057, -0.031, -0.520, -0.004]
[INFO] [1780018789.019094739] [cartesian_streamer]: QueueTrajPoint accepted #120: t=12.666s, hold=False
[WARN] [1780018789.072748405] [cartesian_streamer]: QueueTrajPoint đã được accept nhưng joint_states hầu như không đổi. Kiểm tra: 1) Robot ở mode AUTO? 2) Servo ON? 3) E-stop cleared?
[INFO] [1780018790.207381464] [cartesian_streamer]: Runtime rate: state=streaming, tick_hz=15.0, queue_send_hz=9.0, ack_hz=9.0, busy_hz=0.0, retry_count=0, reject_count=0, inter_ack_ms=110.3, max_joint_delta=0.030, cumul_time=13.72s, hold_count=0, ik_mode=Local, ik_avg_ms=0.88, ik_fails=0
[INFO] [1780018791.007463355] [cartesian_streamer]: IK OK → Δmax=0.0248 rad, joints: [1.557, 0.040, -1.037, -0.026, -0.571, 0.008]
[INFO] [1780018791.140449557] [cartesian_streamer]: IK delta clamped → joints: [1.547, -0.003, -1.009, -0.022, -0.636, 0.013]
[INFO] [1780018791.288364524] [cartesian_streamer]: QueueTrajPoint accepted #140: t=14.793s, hold=False
[INFO] [1780018792.763012029] [cartesian_streamer]: QueueTrajPoint accepted #160: t=16.259s, hold=False
[INFO] [1780018793.008525535] [cartesian_streamer]: IK OK → Δmax=0.0158 rad, joints: [1.466, 0.014, -0.529, -0.008, -1.105, 0.079]
[INFO] [1780018794.296344924] [cartesian_streamer]: QueueTrajPoint accepted #180: t=17.793s, hold=False
[INFO] [1780018795.072607839] [cartesian_streamer]: IK OK → Δmax=0.0200 rad, joints: [1.421, 0.322, -0.010, -0.004, -1.316, 0.122]
[INFO] [1780018795.271247137] [cartesian_streamer]: Runtime rate: state=streaming, tick_hz=15.0, queue_send_hz=11.8, ack_hz=11.8, busy_hz=0.0, retry_count=0, reject_count=0, inter_ack_ms=84.5, max_joint_delta=0.090, cumul_time=18.73s, hold_count=0, ik_mode=Local, ik_avg_ms=2.26, ik_fails=0
[INFO] [1780018795.888741302] [cartesian_streamer]: QueueTrajPoint accepted #200: t=19.395s, hold=False
[INFO] [1780018797.073158178] [cartesian_streamer]: IK OK → Δmax=0.0204 rad, joints: [1.424, 0.770, 0.633, -0.004, -1.512, 0.119]
[INFO] [1780018797.299105787] [cartesian_streamer]: QueueTrajPoint accepted #220: t=20.794s, hold=False
[INFO] [1780018798.557297703] [cartesian_streamer]: Local IK không hội tụ (fail #1)
[INFO] [1780018799.343646504] [cartesian_streamer]: IK delta clamped → joints: [1.429, 1.124, 1.000, -0.004, -1.526, 0.113]
[INFO] [1780018799.344728766] [cartesian_streamer]: IK OK → Δmax=0.0900 rad, joints: [1.429, 1.124, 1.000, -0.004, -1.526, 0.113]
[INFO] [1780018799.361534945] [cartesian_streamer]: QueueTrajPoint accepted #240: t=22.751s, hold=True
[INFO] [1780018800.336995785] [cartesian_streamer]: Runtime rate: state=streaming, tick_hz=15.0, queue_send_hz=12.2, ack_hz=12.2, busy_hz=0.0, retry_count=0, reject_count=0, inter_ack_ms=81.9, max_joint_delta=0.090, cumul_time=23.79s, hold_count=0, ik_mode=Local, ik_avg_ms=4.41, ik_fails=9
[INFO] [1780018800.769513992] [cartesian_streamer]: QueueTrajPoint accepted #260: t=24.269s, hold=False
[INFO] [1780018801.411402111] [cartesian_streamer]: IK OK → Δmax=0.0025 rad, joints: [1.431, 0.987, 0.683, -0.005, -1.344, 0.112]
[INFO] [1780018802.238528488] [cartesian_streamer]: QueueTrajPoint accepted #280: t=25.720s, hold=False
[INFO] [1780018803.473979045] [cartesian_streamer]: IK OK → Δmax=0.0175 rad, joints: [1.436, 0.877, 0.908, -0.005, -1.679, 0.106]
[INFO] [1780018803.822931727] [cartesian_streamer]: QueueTrajPoint accepted #300: t=27.319s, hold=False
[INFO] [1780018805.345225942] [cartesian_streamer]: Runtime rate: state=streaming, tick_hz=15.0, queue_send_hz=13.0, ack_hz=13.0, busy_hz=0.0, retry_count=0, reject_count=0, inter_ack_ms=77.4, max_joint_delta=0.057, cumul_time=28.72s, hold_count=0, ik_mode=Local, ik_avg_ms=3.81, ik_fails=9
[INFO] [1780018805.427978115] [cartesian_streamer]: QueueTrajPoint accepted #320: t=28.918s, hold=False
[INFO] [1780018805.474830879] [cartesian_streamer]: IK OK → Δmax=0.0104 rad, joints: [1.417, 0.493, 0.340, -0.003, -1.495, 0.125]
[INFO] [1780018806.898755606] [cartesian_streamer]: QueueTrajPoint accepted #340: t=30.385s, hold=False
[INFO] [1780018807.541805128] [cartesian_streamer]: IK OK → Δmax=0.0203 rad, joints: [1.325, 0.198, -0.068, 0.004, -1.382, 0.216]
[INFO] [1780018808.992046328] [cartesian_streamer]: QueueTrajPoint accepted #360: t=32.321s, hold=False
[INFO] [1780018809.542476427] [cartesian_streamer]: IK OK → Δmax=0.0085 rad, joints: [1.188, -0.080, -0.409, 0.015, -1.318, 0.350]
[INFO] [1780018810.406669089] [cartesian_streamer]: Runtime rate: state=streaming, tick_hz=15.0, queue_send_hz=12.1, ack_hz=12.1, busy_hz=0.0, retry_count=0, reject_count=0, inter_ack_ms=82.4, max_joint_delta=0.065, cumul_time=33.79s, hold_count=0, ik_mode=Local, ik_avg_ms=3.45, ik_fails=9
[INFO] [1780018810.414010316] [cartesian_streamer]: QueueTrajPoint accepted #380: t=33.857s, hold=False
[INFO] [1780018811.605524162] [cartesian_streamer]: IK OK → Δmax=0.0161 rad, joints: [1.198, -0.086, -0.410, 0.014, -1.323, 0.340]
[INFO] [1780018812.301787947] [cartesian_streamer]: QueueTrajPoint accepted #400: t=35.724s, hold=False
[INFO] [1780018813.607164431] [cartesian_streamer]: IK OK → Δmax=0.0215 rad, joints: [1.293, 0.230, -0.007, 0.006, -1.411, 0.248]
[INFO] [1780018813.845857965] [cartesian_streamer]: QueueTrajPoint accepted #420: t=37.261s, hold=False
[INFO] [1780018815.161529066] [cartesian_streamer]: QueueTrajPoint accepted #440: t=38.591s, hold=False
[INFO] [1780018815.471432859] [cartesian_streamer]: Runtime rate: state=streaming, tick_hz=15.0, queue_send_hz=12.8, ack_hz=12.6, busy_hz=0.0, retry_count=0, reject_count=0, inter_ack_ms=78.2, max_joint_delta=0.050, cumul_time=38.86s, hold_count=0, ik_mode=Local, ik_avg_ms=3.23, ik_fails=9
[INFO] [1780018815.673519664] [cartesian_streamer]: IK OK → Δmax=0.0172 rad, joints: [1.222, 0.518, 0.451, 0.012, -1.580, 0.319]
[INFO] [1780018816.768180298] [cartesian_streamer]: QueueTrajPoint accepted #460: t=40.198s, hold=False
[INFO] [1780018817.740612871] [cartesian_streamer]: IK OK → Δmax=0.0202 rad, joints: [1.178, 0.730, 0.835, 0.015, -1.752, 0.366]
[INFO] [1780018818.420548657] [cartesian_streamer]: QueueTrajPoint accepted #480: t=41.855s, hold=False
[INFO] [1780018819.746787909] [cartesian_streamer]: IK OK → Δmax=0.0532 rad, joints: [1.236, 0.635, 0.656, 0.011, -1.669, 0.307]
[INFO] [1780018820.122948379] [cartesian_streamer]: QueueTrajPoint accepted #500: t=43.453s, hold=False
[INFO] [1780018820.537594167] [cartesian_streamer]: Runtime rate: state=streaming, tick_hz=15.0, queue_send_hz=12.2, ack_hz=12.2, busy_hz=0.0, retry_count=0, reject_count=0, inter_ack_ms=81.8, max_joint_delta=0.061, cumul_time=43.92s, hold_count=0, ik_mode=Local, ik_avg_ms=3.08, ik_fails=9
[INFO] [1780018821.561621544] [cartesian_streamer]: QueueTrajPoint accepted #520: t=44.991s, hold=False
[INFO] [1780018821.809988805] [cartesian_streamer]: IK OK → Δmax=0.0132 rad, joints: [1.287, 0.300, 0.086, 0.007, -1.434, 0.254]
[INFO] [1780018823.301929303] [cartesian_streamer]: QueueTrajPoint accepted #540: t=46.655s, hold=False
[INFO] [1780018823.874884453] [cartesian_streamer]: IK OK → Δmax=0.0040 rad, joints: [1.266, 0.200, -0.109, 0.009, -1.339, 0.274]
[INFO] [1780018825.017411782] [cartesian_streamer]: QueueTrajPoint accepted #560: t=48.318s, hold=False
[INFO] [1780018825.537557527] [cartesian_streamer]: Runtime rate: state=streaming, tick_hz=15.0, queue_send_hz=12.0, ack_hz=12.0, busy_hz=0.0, retry_count=0, reject_count=0, inter_ack_ms=83.0, max_joint_delta=0.044, cumul_time=48.78s, hold_count=0, ik_mode=Local, ik_avg_ms=2.94, ik_fails=9
[INFO] [1780018825.879646930] [cartesian_streamer]: IK OK → Δmax=0.0016 rad, joints: [1.269, 0.207, -0.106, 0.008, -1.335, 0.270]
[INFO] [1780018827.222092067] [cartesian_streamer]: QueueTrajPoint accepted #580: t=50.319s, hold=False
[INFO] [1780018827.940019785] [cartesian_streamer]: IK OK → Δmax=0.0039 rad, joints: [1.285, 0.213, -0.090, 0.007, -1.345, 0.255]
[INFO] [1780018829.154079600] [cartesian_streamer]: QueueTrajPoint accepted #600: t=52.130s, hold=False
[INFO] [1780018830.006690809] [cartesian_streamer]: IK OK → Δmax=0.0019 rad, joints: [1.295, 0.230, -0.068, 0.006, -1.350, 0.245]
[INFO] [1780018830.538152935] [cartesian_streamer]: Runtime rate: state=streaming, tick_hz=15.0, queue_send_hz=9.4, ack_hz=9.6, busy_hz=0.0, retry_count=0, reject_count=0, inter_ack_ms=106.7, max_joint_delta=0.020, cumul_time=53.32s, hold_count=0, ik_mode=Local, ik_avg_ms=2.83, ik_fails=9
[INFO] [1780018831.099284883] [cartesian_streamer]: QueueTrajPoint accepted #620: t=53.990s, hold=False
[INFO] [1780018832.007430679] [cartesian_streamer]: IK OK → Δmax=0.0120 rad, joints: [1.420, 0.491, 0.190, -0.004, -1.347, 0.123]
[INFO] [1780018832.681163334] [cartesian_streamer]: QueueTrajPoint accepted #640: t=55.520s, hold=False
[INFO] [1780018834.009357927] [cartesian_streamer]: IK OK → Δmax=0.0127 rad, joints: [1.433, 0.794, 0.522, -0.005, -1.376, 0.110]
[INFO] [1780018834.289772562] [cartesian_streamer]: QueueTrajPoint accepted #660: t=57.119s, hold=False
[INFO] [1780018835.605524958] [cartesian_streamer]: Runtime rate: state=streaming, tick_hz=15.0, queue_send_hz=12.6, ack_hz=12.6, busy_hz=0.0, retry_count=0, reject_count=0, inter_ack_ms=78.5, max_joint_delta=0.036, cumul_time=58.39s, hold_count=0, ik_mode=Local, ik_avg_ms=2.76, ik_fails=9
[INFO] [1780018835.943858867] [cartesian_streamer]: QueueTrajPoint accepted #680: t=58.660s, hold=False
[INFO] [1780018836.077088000] [cartesian_streamer]: IK OK → Δmax=0.0082 rad, joints: [1.430, 0.988, 0.740, -0.004, -1.401, 0.113]
[INFO] [1780018837.802814708] [cartesian_streamer]: QueueTrajPoint accepted #700: t=60.456s, hold=False
[INFO] [1780018838.140742984] [cartesian_streamer]: IK OK → Δmax=0.0372 rad, joints: [1.424, 0.954, 0.513, -0.004, -1.207, 0.120]
[WARN] [1780018838.284102401] [cartesian_streamer]: Queue BUSY, sẽ resend (backoff 66ms): msg="Busy processing the previous trajectory point. Please resend the next point shortly"
[INFO] [1780018839.930933422] [cartesian_streamer]: QueueTrajPoint accepted #720: t=62.316s, hold=False
[INFO] [1780018840.143569426] [cartesian_streamer]: IK OK → Δmax=0.0022 rad, joints: [1.414, 0.892, 0.323, -0.004, -1.079, 0.130]
[INFO] [1780018840.605555482] [cartesian_streamer]: Runtime rate: state=streaming, tick_hz=15.0, queue_send_hz=10.2, ack_hz=9.8, busy_hz=0.2, retry_count=1, reject_count=0, inter_ack_ms=97.9, max_joint_delta=0.059, cumul_time=62.92s, hold_count=0, ik_mode=Local, ik_avg_ms=2.72, ik_fails=9
[INFO] [1780018841.835283741] [cartesian_streamer]: QueueTrajPoint accepted #740: t=64.251s, hold=False
[INFO] [1780018842.205668300] [cartesian_streamer]: IK OK → Δmax=0.0152 rad, joints: [1.392, 0.746, 0.367, -0.002, -1.269, 0.151]
[INFO] [1780018843.426301825] [cartesian_streamer]: QueueTrajPoint accepted #760: t=65.848s, hold=False
[INFO] [1780018844.206706637] [cartesian_streamer]: IK OK → Δmax=0.0169 rad, joints: [1.346, 0.413, 0.067, 0.002, -1.302, 0.195]
[INFO] [1780018845.286945333] [cartesian_streamer]: QueueTrajPoint accepted #780: t=67.715s, hold=False
[INFO] [1780018845.670702942] [cartesian_streamer]: Runtime rate: state=streaming, tick_hz=15.0, queue_send_hz=11.3, ack_hz=11.4, busy_hz=0.0, retry_count=0, reject_count=0, inter_ack_ms=91.1, max_joint_delta=0.046, cumul_time=68.05s, hold_count=0, ik_mode=Local, ik_avg_ms=2.69, ik_fails=9
[INFO] [1780018846.211461406] [cartesian_streamer]: IK OK → Δmax=0.0442 rad, joints: [1.237, 0.116, -0.229, 0.011, -1.302, 0.301]
[INFO] [1780018847.365525384] [cartesian_streamer]: QueueTrajPoint accepted #800: t=69.650s, hold=False
[INFO] [1780018848.275555011] [cartesian_streamer]: IK OK → Δmax=0.0054 rad, joints: [1.059, -0.139, -0.493, 0.025, -1.291, 0.476]
[INFO] [1780018849.244238281] [cartesian_streamer]: QueueTrajPoint accepted #820: t=71.449s, hold=False
[INFO] [1780018850.339796335] [cartesian_streamer]: IK OK → Δmax=0.0017 rad, joints: [1.096, -0.096, -0.542, 0.023, -1.199, 0.437]
[INFO] [1780018850.674545211] [cartesian_streamer]: Runtime rate: state=streaming, tick_hz=15.0, queue_send_hz=10.8, ack_hz=10.8, busy_hz=0.0, retry_count=0, reject_count=0, inter_ack_ms=92.3, max_joint_delta=0.058, cumul_time=72.84s, hold_count=0, ik_mode=Local, ik_avg_ms=2.67, ik_fails=9
[INFO] [1780018850.747119373] [cartesian_streamer]: QueueTrajPoint accepted #840: t=72.976s, hold=False
[INFO] [1780018852.074915577] [cartesian_streamer]: IK delta clamped → joints: [1.121, -0.044, -0.425, 0.020, -1.281, 0.415]
[INFO] [1780018852.405543419] [cartesian_streamer]: IK OK → Δmax=0.0379 rad, joints: [1.171, 0.011, -0.312, 0.016, -1.324, 0.367]
[INFO] [1780018852.959487672] [cartesian_streamer]: QueueTrajPoint accepted #860: t=75.047s, hold=False
[INFO] [1780018854.284619547] [cartesian_streamer]: QueueTrajPoint accepted #880: t=76.375s, hold=False
[INFO] [1780018854.408574188] [cartesian_streamer]: IK OK → Δmax=0.0062 rad, joints: [1.387, 0.301, 0.045, -0.001, -1.392, 0.155]
[INFO] [1780018855.738819985] [cartesian_streamer]: Runtime rate: state=streaming, tick_hz=15.0, queue_send_hz=12.0, ack_hz=12.0, busy_hz=0.0, retry_count=0, reject_count=0, inter_ack_ms=83.1, max_joint_delta=0.070, cumul_time=77.78s, hold_count=0, ik_mode=Local, ik_avg_ms=2.64, ik_fails=9
[INFO] [1780018855.744156468] [cartesian_streamer]: QueueTrajPoint accepted #900: t=77.842s, hold=False
[INFO] [1780018856.472167114] [cartesian_streamer]: IK OK → Δmax=0.0054 rad, joints: [1.536, 0.602, 0.427, -0.013, -1.472, 0.007]
[INFO] [1780018857.162601514] [cartesian_streamer]: QueueTrajPoint accepted #920: t=79.241s, hold=False
[INFO] [1780018858.472264322] [cartesian_streamer]: IK OK → Δmax=0.0069 rad, joints: [1.589, 0.992, 0.953, -0.017, -1.608, -0.047]
[INFO] [1780018858.614164830] [cartesian_streamer]: QueueTrajPoint accepted #940: t=80.708s, hold=False
[INFO] [1780018860.012954748] [cartesian_streamer]: IK delta clamped → joints: [1.562, 0.898, 0.627, -0.015, -1.370, -0.017]
[INFO] [1780018860.328028166] [cartesian_streamer]: QueueTrajPoint accepted #960: t=82.304s, hold=False
[INFO] [1780018860.475000942] [cartesian_streamer]: IK OK → Δmax=0.0246 rad, joints: [1.554, 0.843, 0.427, -0.015, -1.232, -0.007]
[INFO] [1780018860.742042734] [cartesian_streamer]: Runtime rate: state=streaming, tick_hz=15.0, queue_send_hz=13.4, ack_hz=13.4, busy_hz=0.0, retry_count=0, reject_count=0, inter_ack_ms=74.6, max_joint_delta=0.070, cumul_time=82.77s, hold_count=0, ik_mode=Local, ik_avg_ms=2.61, ik_fails=9
[INFO] [1780018861.822765456] [cartesian_streamer]: QueueTrajPoint accepted #980: t=83.905s, hold=False
[INFO] [1780018862.539876838] [cartesian_streamer]: IK OK → Δmax=0.0024 rad, joints: [1.531, 0.782, 0.160, -0.014, -1.026, 0.018]
[INFO] [1780018863.820943141] [cartesian_streamer]: QueueTrajPoint accepted #1000: t=85.837s, hold=False
[INFO] [1780018864.542673617] [cartesian_streamer]: IK OK → Δmax=0.0083 rad, joints: [1.537, 0.704, 0.221, -0.014, -1.164, 0.011]
[WARN] [1780018864.887183043] [cartesian_streamer]: Queue BUSY, sẽ resend (backoff 66ms): msg="Busy processing the previous trajectory point. Please resend the next point shortly"
[INFO] [1780018865.740912649] [cartesian_streamer]: QueueTrajPoint accepted #1020: t=87.447s, hold=False
[INFO] [1780018865.806096370] [cartesian_streamer]: Runtime rate: state=streaming, tick_hz=15.0, queue_send_hz=11.1, ack_hz=10.9, busy_hz=0.2, retry_count=1, reject_count=0, inter_ack_ms=92.4, max_joint_delta=0.034, cumul_time=87.58s, hold_count=0, ik_mode=Local, ik_avg_ms=2.59, ik_fails=9
[INFO] [1780018866.543960375] [cartesian_streamer]: IK OK → Δmax=0.0112 rad, joints: [1.517, 0.469, 0.062, -0.012, -1.241, 0.029]
[INFO] [1780018867.633949186] [cartesian_streamer]: QueueTrajPoint accepted #1040: t=89.374s, hold=False
[INFO] [1780018868.604760085] [cartesian_streamer]: IK OK → Δmax=0.0000 rad, joints: [1.471, 0.390, -0.055, -0.008, -1.203, 0.074]
[INFO] [1780018869.874985702] [cartesian_streamer]: QueueTrajPoint accepted #1060: t=91.176s, hold=False
[INFO] [1780018870.610162207] [cartesian_streamer]: IK OK → Δmax=0.0046 rad, joints: [1.480, 0.373, -0.096, -0.009, -1.180, 0.066]
[INFO] [1780018870.870786766] [cartesian_streamer]: Runtime rate: state=streaming, tick_hz=15.0, queue_send_hz=10.1, ack_hz=9.9, busy_hz=0.0, retry_count=0, reject_count=0, inter_ack_ms=99.8, max_joint_delta=0.040, cumul_time=92.23s, hold_count=0, ik_mode=Local, ik_avg_ms=2.56, ik_fails=9
[INFO] [1780018871.339054528] [cartesian_streamer]: Disable Robot: dừng stream, tắt traj mode...
[INFO] [1780018871.340015998] [cartesian_streamer]: ✗ Robot DISABLED.
[INFO] [1780019057.177158291] [cartesian_streamer]: Enable Robot: bắt đầu chuỗi khởi động...
[INFO] [1780019057.177628501] [cartesian_streamer]: Enable: reset_error...
[INFO] [1780019057.191542767] [cartesian_streamer]: reset_error: code=1, msg="success"
[INFO] [1780019057.192605680] [cartesian_streamer]: Enable: stop_traj_mode (giải phóng mode cũ)...
[INFO] [1780019057.236220782] [cartesian_streamer]: stop_traj_mode: success=True, code=N/A, msg=""
[INFO] [1780019057.236773740] [cartesian_streamer]: Enable: chờ 1.5s để hệ thống ổn định trước khi start queue...
[INFO] [1780019058.737905219] [cartesian_streamer]: Enable: StartPointQueueMode...
[INFO] [1780019060.294275463] [cartesian_streamer]: StartPointQueueMode response: code=1, msg=""
[INFO] [1780019060.294575397] [cartesian_streamer]: ✓ Robot ENABLED — Point Queue Mode active. Servo ON!
[INFO] [1780019060.337651336] [cartesian_streamer]: Runtime rate: state=seeding, tick_hz=0.0, queue_send_hz=0.0, ack_hz=0.0, busy_hz=0.0, retry_count=0, reject_count=0, inter_ack_ms=87.5, max_joint_delta=0.004, cumul_time=0.00s, hold_count=0, ik_mode=Local, ik_avg_ms=2.55, ik_fails=9
[WARN] [1780019060.338373008] [cartesian_streamer]: Target stream stale: không có target mới trong 189.1s
[WARN] [1780019060.339169931] [cartesian_streamer]: QueueTrajPoint đã được accept nhưng joint_states hầu như không đổi. Kiểm tra: 1) Robot ở mode AUTO? 2) Servo ON? 3) E-stop cleared?
[INFO] [1780019060.340512105] [cartesian_streamer]: Bootstrap EE pose via FK: (-0.1638, 0.2630, 0.3947)
[INFO] [1780019060.341819394] [cartesian_streamer]: Đã gửi seed point (current joints, t=0), chờ ACK...
[INFO] [1780019060.405520958] [cartesian_streamer]: Bootstrap EE pose via FK: (-0.1638, 0.2630, 0.3947)
[INFO] [1780019060.469287713] [cartesian_streamer]: Seed ACK nhận được, bắt đầu prebuffer.
[INFO] [1780019060.735565619] [cartesian_streamer]: QueueTrajPoint accepted #1080: t=0.263s, hold=True
[INFO] [1780019060.758446855] [cartesian_streamer]: Pre-buffer hoàn tất (3 points), bắt đầu stream ổn định. Đang chờ target...
[INFO] [1780019062.816384012] [cartesian_streamer]: QueueTrajPoint accepted #1100: t=2.396s, hold=True
[INFO] [1780019064.752850889] [cartesian_streamer]: QueueTrajPoint accepted #1120: t=4.262s, hold=True
[INFO] [1780019065.404767808] [cartesian_streamer]: Runtime rate: state=streaming, tick_hz=15.0, queue_send_hz=9.9, ack_hz=9.7, busy_hz=0.0, retry_count=0, reject_count=0, inter_ack_ms=3959.2, max_joint_delta=0.000, cumul_time=4.86s, hold_count=49, ik_mode=Local, ik_avg_ms=2.55, ik_fails=9
[WARN] [1780019065.405497272] [cartesian_streamer]: Target stream stale: không có target mới trong 194.2s
[INFO] [1780019066.619072052] [cartesian_streamer]: QueueTrajPoint accepted #1140: t=6.129s, hold=True
[INFO] [1780019069.139642657] [cartesian_streamer]: QueueTrajPoint accepted #1160: t=8.195s, hold=True
[INFO] [1780019070.404865582] [cartesian_streamer]: Runtime rate: state=streaming, tick_hz=15.0, queue_send_hz=8.6, ack_hz=8.6, busy_hz=0.0, retry_count=0, reject_count=0, inter_ack_ms=115.9, max_joint_delta=0.000, cumul_time=9.26s, hold_count=92, ik_mode=Local, ik_avg_ms=2.55, ik_fails=9
[WARN] [1780019070.405645554] [cartesian_streamer]: Target stream stale: không có target mới trong 199.2s
[INFO] [1780019071.430707409] [cartesian_streamer]: QueueTrajPoint accepted #1180: t=10.329s, hold=True
[INFO] [1780019073.889475532] [cartesian_streamer]: QueueTrajPoint accepted #1200: t=12.597s, hold=True
[INFO] [1780019075.406341243] [cartesian_streamer]: Runtime rate: state=streaming, tick_hz=15.0, queue_send_hz=8.4, ack_hz=8.6, busy_hz=0.0, retry_count=0, reject_count=0, inter_ack_ms=119.3, max_joint_delta=0.000, cumul_time=13.93s, hold_count=134, ik_mode=Local, ik_avg_ms=2.55, ik_fails=9
[WARN] [1780019075.407715549] [cartesian_streamer]: Target stream stale: không có target mới trong 204.2s
[INFO] [1780019076.273726904] [cartesian_streamer]: QueueTrajPoint accepted #1220: t=14.796s, hold=True
[INFO] [1780019078.497624641] [cartesian_streamer]: QueueTrajPoint accepted #1240: t=17.062s, hold=True
[INFO] [1780019080.407676244] [cartesian_streamer]: Runtime rate: state=streaming, tick_hz=15.0, queue_send_hz=9.2, ack_hz=9.2, busy_hz=0.0, retry_count=0, reject_count=0, inter_ack_ms=108.7, max_joint_delta=0.000, cumul_time=18.80s, hold_count=180, ik_mode=Local, ik_avg_ms=2.55, ik_fails=9
[WARN] [1780019080.412294785] [cartesian_streamer]: Target stream stale: không có target mới trong 209.2s
[INFO] [1780019080.684043941] [cartesian_streamer]: QueueTrajPoint accepted #1260: t=19.138s, hold=True
[INFO] [1780019083.211124430] [cartesian_streamer]: QueueTrajPoint accepted #1280: t=21.469s, hold=True
[INFO] [1780019085.022832630] [cartesian_streamer]: QueueTrajPoint accepted #1300: t=23.269s, hold=True
[INFO] [1780019085.474467773] [cartesian_streamer]: Runtime rate: state=streaming, tick_hz=15.0, queue_send_hz=9.3, ack_hz=9.1, busy_hz=0.0, retry_count=0, reject_count=0, inter_ack_ms=107.7, max_joint_delta=0.000, cumul_time=23.67s, hold_count=227, ik_mode=Local, ik_avg_ms=2.55, ik_fails=9
[WARN] [1780019085.474991353] [cartesian_streamer]: Target stream stale: không có target mới trong 214.2s
[INFO] [1780019085.946469088] [cartesian_streamer]: IK OK → Δmax=0.0124 rad, joints: [1.568, 0.069, -1.042, -0.027, -0.536, -0.004]
[WARN] [1780019086.004089948] [cartesian_streamer]: QueueTrajPoint đã được accept nhưng joint_states hầu như không đổi. Kiểm tra: 1) Robot ở mode AUTO? 2) Servo ON? 3) E-stop cleared?
[INFO] [1780019087.239207083] [cartesian_streamer]: QueueTrajPoint accepted #1320: t=25.213s, hold=False
[INFO] [1780019088.007405203] [cartesian_streamer]: IK OK → Δmax=0.0273 rad, joints: [1.531, 0.027, -0.974, -0.020, -0.646, 0.027]
[INFO] [1780019089.007514937] [cartesian_streamer]: QueueTrajPoint accepted #1340: t=27.004s, hold=False
[INFO] [1780019090.010445747] [cartesian_streamer]: IK OK → Δmax=0.0180 rad, joints: [1.392, 0.043, -0.406, -0.002, -1.199, 0.151]
[INFO] [1780019090.471548350] [cartesian_streamer]: Runtime rate: state=streaming, tick_hz=15.0, queue_send_hz=10.4, ack_hz=10.6, busy_hz=0.0, retry_count=0, reject_count=0, inter_ack_ms=96.0, max_joint_delta=0.078, cumul_time=28.47s, hold_count=0, ik_mode=Local, ik_avg_ms=2.52, ik_fails=9
[INFO] [1780019090.630794209] [cartesian_streamer]: QueueTrajPoint accepted #1360: t=28.674s, hold=False
[INFO] [1780019092.013631469] [cartesian_streamer]: IK OK → Δmax=0.0210 rad, joints: [1.399, 0.389, 0.159, -0.002, -1.418, 0.143]
[INFO] [1780019092.163167201] [cartesian_streamer]: QueueTrajPoint accepted #1380: t=30.197s, hold=False
[INFO] [1780019093.560685858] [cartesian_streamer]: QueueTrajPoint accepted #1400: t=31.604s, hold=False
[INFO] [1780019094.074826066] [cartesian_streamer]: IK OK → Δmax=0.0140 rad, joints: [1.445, 0.843, 0.670, -0.006, -1.475, 0.097]
[INFO] [1780019095.221222617] [cartesian_streamer]: QueueTrajPoint accepted #1420: t=33.264s, hold=False
[INFO] [1780019095.538459133] [cartesian_streamer]: Runtime rate: state=streaming, tick_hz=15.0, queue_send_hz=12.8, ack_hz=12.6, busy_hz=0.0, retry_count=0, reject_count=0, inter_ack_ms=75.8, max_joint_delta=0.057, cumul_time=33.40s, hold_count=0, ik_mode=Local, ik_avg_ms=2.51, ik_fails=9
[INFO] [1780019096.146189006] [cartesian_streamer]: IK OK → Δmax=0.0071 rad, joints: [1.507, 0.931, 0.409, -0.011, -1.126, 0.040]
[INFO] [1780019097.132463097] [cartesian_streamer]: QueueTrajPoint accepted #1440: t=34.998s, hold=False
[INFO] [1780019098.206178066] [cartesian_streamer]: IK OK → Δmax=0.0000 rad, joints: [1.499, 0.947, 0.397, -0.011, -1.098, 0.048]
[INFO] [1780019099.541343149] [cartesian_streamer]: QueueTrajPoint accepted #1460: t=37.263s, hold=False
[INFO] [1780019100.207500277] [cartesian_streamer]: IK OK → Δmax=0.0115 rad, joints: [1.469, 0.760, 0.425, -0.008, -1.313, 0.075]
[INFO] [1780019100.606451263] [cartesian_streamer]: Runtime rate: state=streaming, tick_hz=15.0, queue_send_hz=10.3, ack_hz=10.3, busy_hz=0.0, retry_count=0, reject_count=0, inter_ack_ms=99.9, max_joint_delta=0.065, cumul_time=38.40s, hold_count=0, ik_mode=Local, ik_avg_ms=2.51, ik_fails=9
[INFO] [1780019101.358105342] [cartesian_streamer]: QueueTrajPoint accepted #1480: t=39.196s, hold=False
[INFO] [1780019102.276150942] [cartesian_streamer]: IK OK → Δmax=0.0174 rad, joints: [1.431, 0.361, 0.143, -0.005, -1.430, 0.112]
[INFO] [1780019102.937794156] [cartesian_streamer]: QueueTrajPoint accepted #1500: t=40.663s, hold=False
[INFO] [1780019104.340587930] [cartesian_streamer]: IK OK → Δmax=0.0187 rad, joints: [1.328, -0.082, -0.398, 0.004, -1.332, 0.213]
[INFO] [1780019104.535733597] [cartesian_streamer]: QueueTrajPoint accepted #1520: t=42.263s, hold=False
[INFO] [1780019104.874704063] [cartesian_streamer]: IK delta clamped → joints: [1.282, -0.167, -0.542, 0.007, -1.266, 0.257]
[INFO] [1780019105.670480721] [cartesian_streamer]: Runtime rate: state=streaming, tick_hz=15.0, queue_send_hz=11.3, ack_hz=11.3, busy_hz=0.0, retry_count=0, reject_count=0, inter_ack_ms=87.7, max_joint_delta=0.070, cumul_time=43.40s, hold_count=0, ik_mode=Local, ik_avg_ms=2.49, ik_fails=9
[INFO] [1780019106.228616636] [cartesian_streamer]: QueueTrajPoint accepted #1540: t=44.062s, hold=False
[INFO] [1780019106.406595855] [cartesian_streamer]: IK OK → Δmax=0.0122 rad, joints: [1.379, -0.134, -0.677, -0.000, -1.105, 0.163]
[INFO] [1780019107.974576878] [cartesian_streamer]: QueueTrajPoint accepted #1560: t=45.720s, hold=False
[INFO] [1780019108.473112737] [cartesian_streamer]: IK OK → Δmax=0.0173 rad, joints: [1.379, -0.026, -0.503, -0.000, -1.171, 0.163]
[INFO] [1780019109.300050846] [cartesian_streamer]: QueueTrajPoint accepted #1580: t=47.061s, hold=False
[INFO] [1780019110.542621134] [cartesian_streamer]: IK OK → Δmax=0.0178 rad, joints: [1.266, 0.263, 0.067, 0.008, -1.452, 0.275]
[INFO] [1780019110.673963435] [cartesian_streamer]: Runtime rate: state=streaming, tick_hz=15.0, queue_send_hz=13.0, ack_hz=13.2, busy_hz=0.0, retry_count=0, reject_count=0, inter_ack_ms=77.9, max_joint_delta=0.055, cumul_time=48.39s, hold_count=0, ik_mode=Local, ik_avg_ms=2.48, ik_fails=9
[INFO] [1780019110.963919040] [cartesian_streamer]: QueueTrajPoint accepted #1600: t=48.734s, hold=False
[INFO] [1780019112.077849808] [cartesian_streamer]: IK delta clamped → joints: [1.266, 0.606, 0.540, 0.008, -1.582, 0.276]
[INFO] [1780019112.426552106] [cartesian_streamer]: QueueTrajPoint accepted #1620: t=50.183s, hold=False
[INFO] [1780019112.605997996] [cartesian_streamer]: IK OK → Δmax=0.0561 rad, joints: [1.279, 0.745, 0.747, 0.007, -1.651, 0.263]
[INFO] [1780019113.248702770] [cartesian_streamer]: Local IK không hội tụ (fail #1)
[INFO] [1780019114.329907206] [cartesian_streamer]: Local IK không hội tụ (fail #1)
[INFO] [1780019114.587075771] [cartesian_streamer]: QueueTrajPoint accepted #1640: t=52.232s, hold=True
[WARN] [1780019115.368072054] [cartesian_streamer]: Local IK failed 10x liên tiếp! Fallback sang MoveIt! IK...
[INFO] [1780019115.370233196] [cartesian_streamer]: IK OK → Δmax=0.0000 rad, joints: [1.282, 0.918, 1.042, 0.007, -1.772, 0.262]
[WARN] [1780019115.576674785] [cartesian_streamer]: IK solution ngoài soft limit. Đã clamp vào biên để bảo vệ robot.
[INFO] [1780019115.648398940] [cartesian_streamer]: Local IK không hội tụ (fail #1)
[INFO] [1780019115.695277795] [cartesian_streamer]: Runtime rate: state=streaming, tick_hz=14.8, queue_send_hz=9.8, ack_hz=9.8, busy_hz=0.0, retry_count=0, reject_count=0, inter_ack_ms=102.5, max_joint_delta=0.058, cumul_time=53.03s, hold_count=0, ik_mode=Local, ik_avg_ms=3.44, ik_fails=28
[INFO] [1780019115.872821960] [cartesian_streamer]: IK delta clamped → joints: [1.336, 0.832, 0.975, 0.003, -1.789, 0.207]
[INFO] [1780019116.773153982] [cartesian_streamer]: QueueTrajPoint accepted #1660: t=54.295s, hold=False
[INFO] [1780019117.409012224] [cartesian_streamer]: IK OK → Δmax=0.0110 rad, joints: [1.386, 0.469, 0.413, -0.001, -1.592, 0.156]
[INFO] [1780019118.282053975] [cartesian_streamer]: QueueTrajPoint accepted #1680: t=55.689s, hold=False
[INFO] [1780019119.412719433] [cartesian_streamer]: IK OK → Δmax=0.0144 rad, joints: [1.345, 0.157, -0.051, 0.002, -1.440, 0.197]
[INFO] [1780019119.652994419] [cartesian_streamer]: QueueTrajPoint accepted #1700: t=57.163s, hold=False
[INFO] [1780019120.737623803] [cartesian_streamer]: Runtime rate: state=streaming, tick_hz=15.0, queue_send_hz=13.3, ack_hz=13.3, busy_hz=0.0, retry_count=0, reject_count=0, inter_ack_ms=74.0, max_joint_delta=0.070, cumul_time=58.21s, hold_count=0, ik_mode=Local, ik_avg_ms=3.55, ik_fails=29
[INFO] [1780019121.236251813] [cartesian_streamer]: QueueTrajPoint accepted #1720: t=58.748s, hold=False
[INFO] [1780019121.472228110] [cartesian_streamer]: IK OK → Δmax=0.0303 rad, joints: [1.319, -0.066, -0.504, 0.005, -1.210, 0.221]
[INFO] [1780019122.693226663] [cartesian_streamer]: QueueTrajPoint accepted #1740: t=60.215s, hold=False
[INFO] [1780019123.473310664] [cartesian_streamer]: IK OK → Δmax=0.0016 rad, joints: [1.394, -0.133, -0.727, -0.002, -1.054, 0.149]
[INFO] [1780019124.543963817] [cartesian_streamer]: QueueTrajPoint accepted #1760: t=61.947s, hold=False
[INFO] [1780019125.548606107] [cartesian_streamer]: IK OK → Δmax=0.0218 rad, joints: [1.345, 0.031, -0.374, 0.002, -1.243, 0.196]
[INFO] [1780019125.738417734] [cartesian_streamer]: Runtime rate: state=streaming, tick_hz=15.0, queue_send_hz=12.6, ack_hz=12.8, busy_hz=0.0, retry_count=0, reject_count=0, inter_ack_ms=80.1, max_joint_delta=0.042, cumul_time=63.14s, hold_count=0, ik_mode=Local, ik_avg_ms=3.50, ik_fails=29
[INFO] [1780019126.082821069] [cartesian_streamer]: QueueTrajPoint accepted #1780: t=63.611s, hold=False
[INFO] [1780019127.610781976] [cartesian_streamer]: IK OK → Δmax=0.0064 rad, joints: [1.432, 0.341, 0.067, -0.005, -1.374, 0.111]
[INFO] [1780019127.766105932] [cartesian_streamer]: QueueTrajPoint accepted #1800: t=65.277s, hold=False
[INFO] [1780019129.219256792] [cartesian_streamer]: QueueTrajPoint accepted #1820: t=66.740s, hold=False
[INFO] [1780019129.672009630] [cartesian_streamer]: IK OK → Δmax=0.0416 rad, joints: [1.523, 0.611, 0.450, -0.012, -1.487, 0.020]
[INFO] [1780019130.673931814] [cartesian_streamer]: IK delta clamped → joints: [1.567, 0.854, 0.853, -0.015, -1.650, -0.026]
[INFO] [1780019130.807394080] [cartesian_streamer]: Runtime rate: state=streaming, tick_hz=15.0, queue_send_hz=12.2, ack_hz=12.0, busy_hz=0.0, retry_count=0, reject_count=0, inter_ack_ms=80.8, max_joint_delta=0.070, cumul_time=68.21s, hold_count=0, ik_mode=Local, ik_avg_ms=3.45, ik_fails=29
[INFO] [1780019130.894762159] [cartesian_streamer]: QueueTrajPoint accepted #1840: t=68.416s, hold=False
[INFO] [1780019131.204741313] [cartesian_streamer]: Local IK không hội tụ (fail #2)
[WARN] [1780019131.995460228] [cartesian_streamer]: Local IK failed 10x liên tiếp! Fallback sang MoveIt! IK...
[INFO] [1780019131.997341497] [cartesian_streamer]: IK OK → Δmax=0.0478 rad, joints: [1.570, 0.950, 1.041, -0.015, -1.738, -0.030]
[WARN] [1780019132.111303864] [cartesian_streamer]: IK solution ngoài soft limit. Đã clamp vào biên để bảo vệ robot.
[WARN] [1780019133.197311224] [cartesian_streamer]: IK solution ngoài soft limit. Đã clamp vào biên để bảo vệ robot.
[WARN] [1780019134.050395939] [cartesian_streamer]: Local IK failed 31x liên tiếp! Fallback sang MoveIt! IK...
[INFO] [1780019134.058343339] [cartesian_streamer]: IK OK → Δmax=0.0109 rad, joints: [1.592, 0.955, 1.050, -0.017, -1.757, -0.052]
[INFO] [1780019134.150876700] [cartesian_streamer]: Local IK không hội tụ (fail #1)
[INFO] [1780019134.181780235] [cartesian_streamer]: QueueTrajPoint accepted #1860: t=71.294s, hold=False
[INFO] [1780019135.804534145] [cartesian_streamer]: Runtime rate: state=streaming, tick_hz=15.0, queue_send_hz=8.0, ack_hz=8.0, busy_hz=0.0, retry_count=0, reject_count=0, inter_ack_ms=125.7, max_joint_delta=0.070, cumul_time=72.91s, hold_count=0, ik_mode=Local, ik_avg_ms=4.65, ik_fails=61
[INFO] [1780019135.958181424] [cartesian_streamer]: QueueTrajPoint accepted #1880: t=73.104s, hold=False
[INFO] [1780019136.072482168] [cartesian_streamer]: IK OK → Δmax=0.0171 rad, joints: [1.560, 0.842, 0.892, -0.014, -1.696, -0.019]
[INFO] [1780019137.081371484] [cartesian_streamer]: IK delta clamped → joints: [1.496, 0.592, 0.534, -0.009, -1.578, 0.047]
[INFO] [1780019137.495190335] [cartesian_streamer]: QueueTrajPoint accepted #1900: t=74.641s, hold=False
[INFO] [1780019138.146571898] [cartesian_streamer]: IK OK → Δmax=0.0549 rad, joints: [1.442, 0.379, 0.237, -0.005, -1.505, 0.101]
[INFO] [1780019139.024649817] [cartesian_streamer]: QueueTrajPoint accepted #1920: t=76.166s, hold=False
[INFO] [1780019140.206504484] [cartesian_streamer]: IK OK → Δmax=0.0206 rad, joints: [1.297, -0.063, -0.297, 0.006, -1.415, 0.243]
[INFO] [1780019140.631069267] [cartesian_streamer]: QueueTrajPoint accepted #1940: t=77.767s, hold=False
[INFO] [1780019140.870492081] [cartesian_streamer]: Runtime rate: state=streaming, tick_hz=15.0, queue_send_hz=12.8, ack_hz=13.0, busy_hz=0.0, retry_count=0, reject_count=0, inter_ack_ms=77.7, max_joint_delta=0.063, cumul_time=77.97s, hold_count=0, ik_mode=Local, ik_avg_ms=4.59, ik_fails=61
[INFO] [1780019142.091583419] [cartesian_streamer]: QueueTrajPoint accepted #1960: t=79.235s, hold=False
[INFO] [1780019142.207057943] [cartesian_streamer]: IK OK → Δmax=0.0046 rad, joints: [1.317, -0.114, -0.465, 0.005, -1.297, 0.223]
[INFO] [1780019143.958643174] [cartesian_streamer]: QueueTrajPoint accepted #1980: t=81.100s, hold=False
[INFO] [1780019144.208261464] [cartesian_streamer]: IK OK → Δmax=0.0090 rad, joints: [1.242, -0.011, -0.334, 0.010, -1.325, 0.297]
[INFO] [1780019145.506420247] [cartesian_streamer]: QueueTrajPoint accepted #2000: t=82.635s, hold=False
[INFO] [1780019145.872952007] [cartesian_streamer]: Runtime rate: state=streaming, tick_hz=15.0, queue_send_hz=12.4, ack_hz=12.4, busy_hz=0.0, retry_count=0, reject_count=0, inter_ack_ms=80.7, max_joint_delta=0.034, cumul_time=82.98s, hold_count=0, ik_mode=Local, ik_avg_ms=4.51, ik_fails=61
[INFO] [1780019146.276109549] [cartesian_streamer]: IK OK → Δmax=0.0412 rad, joints: [1.210, 0.330, 0.134, 0.013, -1.452, 0.330]
[INFO] [1780019147.064687714] [cartesian_streamer]: QueueTrajPoint accepted #2020: t=84.102s, hold=False
[INFO] [1780019148.341800456] [cartesian_streamer]: IK OK → Δmax=0.0145 rad, joints: [1.281, 0.651, 0.375, 0.007, -1.372, 0.259]
[INFO] [1780019148.831219868] [cartesian_streamer]: QueueTrajPoint accepted #2040: t=85.897s, hold=False
[INFO] [1780019150.360161746] [cartesian_streamer]: QueueTrajPoint accepted #2060: t=87.431s, hold=False
[INFO] [1780019150.407279237] [cartesian_streamer]: IK OK → Δmax=0.0081 rad, joints: [1.342, 0.774, 0.306, 0.003, -1.180, 0.199]
[INFO] [1780019150.938830501] [cartesian_streamer]: Runtime rate: state=streaming, tick_hz=15.0, queue_send_hz=11.8, ack_hz=11.8, busy_hz=0.0, retry_count=0, reject_count=0, inter_ack_ms=84.6, max_joint_delta=0.056, cumul_time=87.90s, hold_count=0, ik_mode=Local, ik_avg_ms=4.44, ik_fails=61
[INFO] [1780019152.210078714] [cartesian_streamer]: QueueTrajPoint accepted #2080: t=89.098s, hold=False
[INFO] [1780019152.412329731] [cartesian_streamer]: IK OK → Δmax=0.0047 rad, joints: [1.352, 0.746, 0.288, 0.002, -1.190, 0.189]
[INFO] [1780019153.905250178] [cartesian_streamer]: QueueTrajPoint accepted #2100: t=90.908s, hold=False
[INFO] [1780019154.473312939] [cartesian_streamer]: IK OK → Δmax=0.0195 rad, joints: [1.382, 0.625, 0.374, -0.001, -1.397, 0.160]
[INFO] [1780019155.566209263] [cartesian_streamer]: QueueTrajPoint accepted #2120: t=92.573s, hold=False
[INFO] [1780019156.008777564] [cartesian_streamer]: Runtime rate: state=streaming, tick_hz=15.0, queue_send_hz=11.4, ack_hz=11.2, busy_hz=0.0, retry_count=0, reject_count=0, inter_ack_ms=86.6, max_joint_delta=0.039, cumul_time=92.90s, hold_count=0, ik_mode=Local, ik_avg_ms=4.37, ik_fails=61
[INFO] [1780019156.482595339] [cartesian_streamer]: IK OK → Δmax=0.0275 rad, joints: [1.375, 0.297, 0.068, -0.000, -1.419, 0.167]
[INFO] [1780019157.563649461] [cartesian_streamer]: QueueTrajPoint accepted #2140: t=94.509s, hold=False
[INFO] [1780019158.545775412] [cartesian_streamer]: IK OK → Δmax=0.0300 rad, joints: [1.349, -0.006, -0.307, 0.002, -1.348, 0.192]
[INFO] [1780019159.415290381] [cartesian_streamer]: QueueTrajPoint accepted #2160: t=96.299s, hold=False
[INFO] [1780019160.605636833] [cartesian_streamer]: IK OK → Δmax=0.0070 rad, joints: [1.413, 0.003, -0.625, -0.004, -1.020, 0.131]
[INFO] [1780019160.986318627] [cartesian_streamer]: QueueTrajPoint accepted #2180: t=97.836s, hold=False
[INFO] [1780019161.070827659] [cartesian_streamer]: Runtime rate: state=streaming, tick_hz=15.0, queue_send_hz=11.5, ack_hz=11.7, busy_hz=0.0, retry_count=0, reject_count=0, inter_ack_ms=87.9, max_joint_delta=0.059, cumul_time=97.90s, hold_count=0, ik_mode=Local, ik_avg_ms=4.32, ik_fails=61
[INFO] [1780019162.593826780] [cartesian_streamer]: QueueTrajPoint accepted #2200: t=99.362s, hold=False
[INFO] [1780019162.611743393] [cartesian_streamer]: IK OK → Δmax=0.0116 rad, joints: [1.532, 0.088, -0.568, -0.015, -0.992, 0.018]
[INFO] [1780019164.018382429] [cartesian_streamer]: QueueTrajPoint accepted #2220: t=100.893s, hold=False
[INFO] [1780019164.686444132] [cartesian_streamer]: IK OK → Δmax=0.0334 rad, joints: [1.509, 0.096, -0.398, -0.011, -1.154, 0.038]
[INFO] [1780019165.552947219] [cartesian_streamer]: QueueTrajPoint accepted #2240: t=102.416s, hold=False
[INFO] [1780019166.142519517] [cartesian_streamer]: Runtime rate: state=streaming, tick_hz=15.0, queue_send_hz=13.0, ack_hz=13.0, busy_hz=0.0, retry_count=0, reject_count=0, inter_ack_ms=76.9, max_joint_delta=0.033, cumul_time=102.95s, hold_count=0, ik_mode=Local, ik_avg_ms=4.25, ik_fails=61
[INFO] [1780019166.742161910] [cartesian_streamer]: IK OK → Δmax=0.0074 rad, joints: [1.536, 0.305, -0.080, -0.013, -1.262, 0.011]
[INFO] [1780019167.031381698] [cartesian_streamer]: QueueTrajPoint accepted #2260: t=103.882s, hold=False
[INFO] [1780019168.433297583] [cartesian_streamer]: QueueTrajPoint accepted #2280: t=105.290s, hold=False
[INFO] [1780019168.810688462] [cartesian_streamer]: IK OK → Δmax=0.0161 rad, joints: [1.600, 0.575, 0.340, -0.018, -1.412, -0.054]
[INFO] [1780019169.905114349] [cartesian_streamer]: QueueTrajPoint accepted #2300: t=106.763s, hold=False
[INFO] [1780019170.873267142] [cartesian_streamer]: IK OK → Δmax=0.0171 rad, joints: [1.664, 0.708, 0.454, -0.023, -1.391, -0.117]
[INFO] [1780019171.206398347] [cartesian_streamer]: Runtime rate: state=streaming, tick_hz=15.0, queue_send_hz=13.4, ack_hz=13.4, busy_hz=0.0, retry_count=0, reject_count=0, inter_ack_ms=74.4, max_joint_delta=0.034, cumul_time=108.01s, hold_count=0, ik_mode=Local, ik_avg_ms=4.19, ik_fails=61
[INFO] [1780019171.491954034] [cartesian_streamer]: QueueTrajPoint accepted #2320: t=108.349s, hold=False
[INFO] [1780019172.888096504] [cartesian_streamer]: IK OK → Δmax=0.0153 rad, joints: [1.657, 0.747, 0.437, -0.022, -1.335, -0.109]
[INFO] [1780019172.969091946] [cartesian_streamer]: QueueTrajPoint accepted #2340: t=109.817s, hold=False
[INFO] [1780019174.685075354] [cartesian_streamer]: QueueTrajPoint accepted #2360: t=111.426s, hold=False
[INFO] [1780019174.941739988] [cartesian_streamer]: IK OK → Δmax=0.0064 rad, joints: [1.601, 0.496, 0.171, -0.018, -1.322, -0.054]
[INFO] [1780019176.270938071] [cartesian_streamer]: Runtime rate: state=streaming, tick_hz=15.0, queue_send_hz=12.6, ack_hz=12.6, busy_hz=0.0, retry_count=0, reject_count=0, inter_ack_ms=79.0, max_joint_delta=0.052, cumul_time=113.08s, hold_count=0, ik_mode=Local, ik_avg_ms=4.15, ik_fails=61
[INFO] [1780019176.290340173] [cartesian_streamer]: QueueTrajPoint accepted #2380: t=113.149s, hold=False
[INFO] [1780019176.942188629] [cartesian_streamer]: IK OK → Δmax=0.0093 rad, joints: [1.557, 0.170, -0.234, -0.015, -1.243, -0.009]
[INFO] [1780019177.759169590] [cartesian_streamer]: QueueTrajPoint accepted #2400: t=114.617s, hold=False
[INFO] [1780019178.944908109] [cartesian_streamer]: IK OK → Δmax=0.0111 rad, joints: [1.593, 0.100, -0.446, -0.019, -1.101, -0.042]
[INFO] [1780019179.546725484] [cartesian_streamer]: QueueTrajPoint accepted #2420: t=116.351s, hold=False
[INFO] [1780019180.959355929] [cartesian_streamer]: IK OK → Δmax=0.0111 rad, joints: [1.550, 0.122, -0.393, -0.015, -1.133, -0.001]
[INFO] [1780019181.272668011] [cartesian_streamer]: Runtime rate: state=streaming, tick_hz=15.0, queue_send_hz=11.6, ack_hz=11.6, busy_hz=0.0, retry_count=0, reject_count=0, inter_ack_ms=86.4, max_joint_delta=0.033, cumul_time=117.81s, hold_count=0, ik_mode=Local, ik_avg_ms=4.09, ik_fails=61
[INFO] [1780019181.556168407] [cartesian_streamer]: QueueTrajPoint accepted #2440: t=118.134s, hold=False
[INFO] [1780019182.957567248] [cartesian_streamer]: QueueTrajPoint accepted #2460: t=119.537s, hold=False
[INFO] [1780019183.008705650] [cartesian_streamer]: IK OK → Δmax=0.0086 rad, joints: [1.345, 0.329, 0.043, 0.002, -1.362, 0.196]
[INFO] [1780019184.617242963] [cartesian_streamer]: QueueTrajPoint accepted #2480: t=121.130s, hold=False
[INFO] [1780019185.076867491] [cartesian_streamer]: IK OK → Δmax=0.0805 rad, joints: [1.328, 0.587, 0.120, 0.004, -1.182, 0.212]
[INFO] [1780019186.342244061] [cartesian_streamer]: Runtime rate: state=streaming, tick_hz=15.0, queue_send_hz=12.2, ack_hz=12.2, busy_hz=0.0, retry_count=0, reject_count=0, inter_ack_ms=81.5, max_joint_delta=0.080, cumul_time=122.79s, hold_count=0, ik_mode=Local, ik_avg_ms=4.04, ik_fails=61
[INFO] [1780019186.379955090] [cartesian_streamer]: QueueTrajPoint accepted #2500: t=122.857s, hold=False
[INFO] [1780019187.140226358] [cartesian_streamer]: IK OK → Δmax=0.0113 rad, joints: [1.386, 0.659, 0.018, -0.001, -1.007, 0.156]
[INFO] [1780019187.969348248] [cartesian_streamer]: QueueTrajPoint accepted #2520: t=124.391s, hold=False
[INFO] [1780019189.142090290] [cartesian_streamer]: IK OK → Δmax=0.0040 rad, joints: [1.353, 0.631, 0.019, 0.002, -1.037, 0.188]
[INFO] [1780019189.360941425] [cartesian_streamer]: QueueTrajPoint accepted #2540: t=125.789s, hold=False
[INFO] [1780019191.103727634] [cartesian_streamer]: QueueTrajPoint accepted #2560: t=127.465s, hold=False
[INFO] [1780019191.205753274] [cartesian_streamer]: IK OK → Δmax=0.0071 rad, joints: [1.355, 0.546, -0.000, 0.002, -1.102, 0.187]
[INFO] [1780019191.406672104] [cartesian_streamer]: Runtime rate: state=streaming, tick_hz=15.0, queue_send_hz=12.2, ack_hz=12.2, busy_hz=0.0, retry_count=0, reject_count=0, inter_ack_ms=82.1, max_joint_delta=0.051, cumul_time=127.52s, hold_count=0, ik_mode=Local, ik_avg_ms=3.99, ik_fails=61
[INFO] [1780019193.218231872] [cartesian_streamer]: IK OK → Δmax=0.0430 rad, joints: [1.384, 0.355, -0.041, -0.001, -1.252, 0.158]
[INFO] [1780019193.408372072] [cartesian_streamer]: QueueTrajPoint accepted #2580: t=129.517s, hold=False
[INFO] [1780019195.128282721] [cartesian_streamer]: QueueTrajPoint accepted #2600: t=131.251s, hold=False
[INFO] [1780019195.275314385] [cartesian_streamer]: IK OK → Δmax=0.0046 rad, joints: [1.415, 0.104, -0.279, -0.003, -1.265, 0.128]
[INFO] [1780019196.480606448] [cartesian_streamer]: Runtime rate: state=streaming, tick_hz=15.0, queue_send_hz=11.1, ack_hz=11.1, busy_hz=0.0, retry_count=0, reject_count=0, inter_ack_ms=90.0, max_joint_delta=0.043, cumul_time=132.65s, hold_count=0, ik_mode=Local, ik_avg_ms=3.94, ik_fails=61
[INFO] [1780019196.622149616] [cartesian_streamer]: QueueTrajPoint accepted #2620: t=132.850s, hold=False
[INFO] [1780019197.344533232] [cartesian_streamer]: IK OK → Δmax=0.0063 rad, joints: [1.478, -0.122, -0.619, -0.009, -1.151, 0.068]
[INFO] [1780019198.398807198] [cartesian_streamer]: QueueTrajPoint accepted #2640: t=134.513s, hold=False
[INFO] [1780019199.409694135] [cartesian_streamer]: IK OK → Δmax=0.0022 rad, joints: [1.484, -0.053, -0.611, -0.010, -1.090, 0.063]
[INFO] [1780019199.955937735] [cartesian_streamer]: QueueTrajPoint accepted #2660: t=136.183s, hold=False
[INFO] [1780019201.421935570] [cartesian_streamer]: QueueTrajPoint accepted #2680: t=137.646s, hold=False
[INFO] [1780019201.471855964] [cartesian_streamer]: IK OK → Δmax=0.0000 rad, joints: [1.509, -0.034, -0.596, -0.012, -1.086, 0.039]
[INFO] [1780019201.538023154] [cartesian_streamer]: Runtime rate: state=streaming, tick_hz=15.0, queue_send_hz=12.6, ack_hz=12.6, busy_hz=0.0, retry_count=0, reject_count=0, inter_ack_ms=79.3, max_joint_delta=0.021, cumul_time=137.71s, hold_count=0, ik_mode=Local, ik_avg_ms=3.90, ik_fails=61
[INFO] [1780019201.568558929] [cartesian_streamer]: Disable Robot: dừng stream, tắt traj mode...
[INFO] [1780019201.569482625] [cartesian_streamer]: ✗ Robot DISABLED.
[INFO] [1780019426.981411921] [cartesian_streamer]: Enable Robot: bắt đầu chuỗi khởi động...
[INFO] [1780019426.981965890] [cartesian_streamer]: Enable: reset_error...
[INFO] [1780019427.008409491] [cartesian_streamer]: reset_error: code=1, msg="success"
[INFO] [1780019427.009161443] [cartesian_streamer]: Enable: stop_traj_mode (giải phóng mode cũ)...
[INFO] [1780019427.055602105] [cartesian_streamer]: stop_traj_mode: success=True, code=N/A, msg=""
[INFO] [1780019427.055843428] [cartesian_streamer]: Enable: chờ 1.5s để hệ thống ổn định trước khi start queue...
[INFO] [1780019428.556772813] [cartesian_streamer]: Enable: StartPointQueueMode...
[INFO] [1780019430.143964412] [cartesian_streamer]: StartPointQueueMode response: code=1, msg=""
[INFO] [1780019430.144780039] [cartesian_streamer]: ✓ Robot ENABLED — Point Queue Mode active. Servo ON!
[INFO] [1780019430.204716592] [cartesian_streamer]: Runtime rate: state=seeding, tick_hz=0.0, queue_send_hz=0.0, ack_hz=0.0, busy_hz=0.0, retry_count=0, reject_count=0, inter_ack_ms=61.9, max_joint_delta=0.000, cumul_time=0.00s, hold_count=0, ik_mode=Local, ik_avg_ms=3.90, ik_fails=61
[WARN] [1780019430.205366616] [cartesian_streamer]: Target stream stale: không có target mới trong 229.1s
[WARN] [1780019430.206065134] [cartesian_streamer]: QueueTrajPoint đã được accept nhưng joint_states hầu như không đổi. Kiểm tra: 1) Robot ở mode AUTO? 2) Servo ON? 3) E-stop cleared?
[INFO] [1780019430.206785576] [cartesian_streamer]: Bootstrap EE pose via FK: (-0.1638, 0.2630, 0.3947)
[INFO] [1780019430.207406445] [cartesian_streamer]: Đã gửi seed point (current joints, t=0), chờ ACK...
[INFO] [1780019430.272957006] [cartesian_streamer]: Bootstrap EE pose via FK: (-0.1638, 0.2630, 0.3947)
[INFO] [1780019430.339807695] [cartesian_streamer]: Seed ACK nhận được, bắt đầu prebuffer.
[INFO] [1780019430.725475538] [cartesian_streamer]: Pre-buffer hoàn tất (3 points), bắt đầu stream ổn định. Đang chờ target...
[INFO] [1780019432.292098998] [cartesian_streamer]: QueueTrajPoint accepted #2700: t=1.863s, hold=True
[INFO] [1780019434.675342216] [cartesian_streamer]: QueueTrajPoint accepted #2720: t=4.196s, hold=True
[INFO] [1780019435.270778230] [cartesian_streamer]: Runtime rate: state=streaming, tick_hz=15.0, queue_send_hz=8.7, ack_hz=8.5, busy_hz=0.0, retry_count=0, reject_count=0, inter_ack_ms=5432.5, max_joint_delta=0.000, cumul_time=4.73s, hold_count=43, ik_mode=Local, ik_avg_ms=3.90, ik_fails=61
[WARN] [1780019435.271402897] [cartesian_streamer]: Target stream stale: không có target mới trong 234.2s
[INFO] [1780019436.891061435] [cartesian_streamer]: QueueTrajPoint accepted #2740: t=6.264s, hold=True
[WARN] [1780019438.281372311] [cartesian_streamer]: Queue BUSY, sẽ resend (backoff 66ms): msg="Busy processing the previous trajectory point. Please resend the next point shortly"
[INFO] [1780019439.949438458] [cartesian_streamer]: QueueTrajPoint accepted #2760: t=8.528s, hold=True
[INFO] [1780019440.271274104] [cartesian_streamer]: Runtime rate: state=streaming, tick_hz=15.0, queue_send_hz=7.8, ack_hz=7.6, busy_hz=0.2, retry_count=1, reject_count=0, inter_ack_ms=131.8, max_joint_delta=0.000, cumul_time=8.80s, hold_count=81, ik_mode=Local, ik_avg_ms=3.90, ik_fails=61
[WARN] [1780019440.272323430] [cartesian_streamer]: Target stream stale: không có target mới trong 239.2s
[INFO] [1780019440.674254000] [cartesian_streamer]: IK OK → Δmax=0.0075 rad, joints: [1.567, 0.080, -1.042, -0.027, -0.525, -0.001]
[WARN] [1780019440.871965164] [cartesian_streamer]: QueueTrajPoint đã được accept nhưng joint_states hầu như không đổi. Kiểm tra: 1) Robot ở mode AUTO? 2) Servo ON? 3) E-stop cleared?
[INFO] [1780019442.193701798] [cartesian_streamer]: QueueTrajPoint accepted #2780: t=10.462s, hold=False
[INFO] [1780019442.741091074] [cartesian_streamer]: IK OK → Δmax=0.0330 rad, joints: [1.538, 0.121, -0.961, -0.024, -0.565, 0.025]
[INFO] [1780019443.873692425] [cartesian_streamer]: QueueTrajPoint accepted #2800: t=12.126s, hold=False
[INFO] [1780019444.742267682] [cartesian_streamer]: IK OK → Δmax=0.0074 rad, joints: [1.527, 0.162, -0.871, -0.021, -0.614, 0.032]
[INFO] [1780019445.270926005] [cartesian_streamer]: Runtime rate: state=streaming, tick_hz=15.0, queue_send_hz=10.8, ack_hz=11.0, busy_hz=0.0, retry_count=0, reject_count=0, inter_ack_ms=92.1, max_joint_delta=0.059, cumul_time=13.59s, hold_count=0, ik_mode=Local, ik_avg_ms=3.86, ik_fails=61
[INFO] [1780019445.468167096] [cartesian_streamer]: QueueTrajPoint accepted #2820: t=13.725s, hold=False
[INFO] [1780019446.807280846] [cartesian_streamer]: IK OK → Δmax=0.0043 rad, joints: [1.527, 0.148, -0.906, -0.021, -0.594, 0.033]
[INFO] [1780019447.709794384] [cartesian_streamer]: QueueTrajPoint accepted #2840: t=15.731s, hold=False
[INFO] [1780019448.074017747] [cartesian_streamer]: IK delta clamped → joints: [1.497, 0.201, -0.735, -0.015, -0.717, 0.056]
[INFO] [1780019448.875871466] [cartesian_streamer]: IK OK → Δmax=0.0391 rad, joints: [1.492, 0.248, -0.557, -0.012, -0.843, 0.058]
[INFO] [1780019449.555498640] [cartesian_streamer]: QueueTrajPoint accepted #2860: t=17.592s, hold=False
[INFO] [1780019450.272881261] [cartesian_streamer]: Runtime rate: state=streaming, tick_hz=15.0, queue_send_hz=10.2, ack_hz=10.2, busy_hz=0.0, retry_count=0, reject_count=0, inter_ack_ms=98.0, max_joint_delta=0.065, cumul_time=18.26s, hold_count=0, ik_mode=Local, ik_avg_ms=3.82, ik_fails=61
[INFO] [1780019450.941349114] [cartesian_streamer]: IK OK → Δmax=0.0591 rad, joints: [1.394, 0.010, -0.305, -0.002, -1.334, 0.149]
[INFO] [1780019451.085502506] [cartesian_streamer]: QueueTrajPoint accepted #2880: t=19.123s, hold=False
[INFO] [1780019452.626794622] [cartesian_streamer]: QueueTrajPoint accepted #2900: t=20.657s, hold=False
[INFO] [1780019453.005981011] [cartesian_streamer]: IK OK → Δmax=0.0161 rad, joints: [1.310, -0.443, -0.396, 0.005, -1.695, 0.232]
[INFO] [1780019454.227725569] [cartesian_streamer]: QueueTrajPoint accepted #2920: t=22.257s, hold=False
[INFO] [1780019455.007218136] [cartesian_streamer]: IK OK → Δmax=0.0234 rad, joints: [1.413, -0.529, -0.595, -0.003, -1.582, 0.129]
[INFO] [1780019455.271594402] [cartesian_streamer]: Runtime rate: state=streaming, tick_hz=15.0, queue_send_hz=13.2, ack_hz=13.0, busy_hz=0.0, retry_count=0, reject_count=0, inter_ack_ms=76.0, max_joint_delta=0.059, cumul_time=23.26s, hold_count=0, ik_mode=Local, ik_avg_ms=3.78, ik_fails=61
[INFO] [1780019455.627272934] [cartesian_streamer]: QueueTrajPoint accepted #2940: t=23.658s, hold=False
[INFO] [1780019457.007511785] [cartesian_streamer]: IK OK → Δmax=0.0153 rad, joints: [1.351, -0.232, -0.081, 0.002, -1.799, 0.191]
[INFO] [1780019457.149148852] [cartesian_streamer]: QueueTrajPoint accepted #2960: t=25.191s, hold=False
[INFO] [1780019458.488906899] [cartesian_streamer]: QueueTrajPoint accepted #2980: t=26.525s, hold=False
[INFO] [1780019459.072002785] [cartesian_streamer]: IK OK → Δmax=0.0090 rad, joints: [1.246, 0.094, -0.011, 0.010, -1.543, 0.296]
[INFO] [1780019459.953444664] [cartesian_streamer]: QueueTrajPoint accepted #3000: t=27.991s, hold=False
[INFO] [1780019460.272278033] [cartesian_streamer]: Runtime rate: state=streaming, tick_hz=15.0, queue_send_hz=13.4, ack_hz=13.4, busy_hz=0.0, retry_count=0, reject_count=0, inter_ack_ms=74.4, max_joint_delta=0.067, cumul_time=28.26s, hold_count=0, ik_mode=Local, ik_avg_ms=3.75, ik_fails=61
[INFO] [1780019461.072368847] [cartesian_streamer]: IK OK → Δmax=0.0114 rad, joints: [1.480, -0.002, -0.090, -0.008, -1.560, 0.062]
[INFO] [1780019461.691305574] [cartesian_streamer]: QueueTrajPoint accepted #3020: t=29.722s, hold=False
[INFO] [1780019463.072680733] [cartesian_streamer]: IK OK → Δmax=0.0143 rad, joints: [1.848, -0.260, -0.482, -0.036, -1.418, -0.299]
[INFO] [1780019463.096315614] [cartesian_streamer]: QueueTrajPoint accepted #3040: t=31.123s, hold=False
[INFO] [1780019463.872075814] [cartesian_streamer]: IK delta clamped → joints: [1.649, -0.246, -0.417, -0.020, -1.475, -0.092]
[INFO] [1780019464.771374970] [cartesian_streamer]: QueueTrajPoint accepted #3060: t=32.723s, hold=False
[INFO] [1780019465.073794954] [cartesian_streamer]: IK OK → Δmax=0.0126 rad, joints: [1.462, -0.052, -0.200, -0.007, -1.501, 0.081]
[INFO] [1780019465.337111324] [cartesian_streamer]: Runtime rate: state=streaming, tick_hz=15.0, queue_send_hz=12.8, ack_hz=12.8, busy_hz=0.0, retry_count=0, reject_count=0, inter_ack_ms=78.3, max_joint_delta=0.081, cumul_time=33.26s, hold_count=0, ik_mode=Local, ik_avg_ms=3.71, ik_fails=61
[INFO] [1780019466.351257060] [cartesian_streamer]: QueueTrajPoint accepted #3080: t=34.325s, hold=False
[INFO] [1780019467.073903829] [cartesian_streamer]: IK OK → Δmax=0.0091 rad, joints: [1.402, 0.123, -0.133, -0.002, -1.392, 0.140]
[INFO] [1780019468.147834810] [cartesian_streamer]: QueueTrajPoint accepted #3100: t=36.123s, hold=False
[INFO] [1780019469.140608130] [cartesian_streamer]: IK OK → Δmax=0.0069 rad, joints: [1.355, 0.045, -0.282, 0.001, -1.321, 0.187]
[INFO] [1780019469.823218754] [cartesian_streamer]: QueueTrajPoint accepted #3120: t=37.793s, hold=False
[INFO] [1780019470.337803819] [cartesian_streamer]: Runtime rate: state=streaming, tick_hz=15.0, queue_send_hz=11.8, ack_hz=12.0, busy_hz=0.0, retry_count=0, reject_count=0, inter_ack_ms=84.9, max_joint_delta=0.027, cumul_time=38.19s, hold_count=0, ik_mode=Local, ik_avg_ms=3.67, ik_fails=61
[INFO] [1780019471.205109278] [cartesian_streamer]: IK OK → Δmax=0.0118 rad, joints: [1.353, 0.087, -0.224, 0.002, -1.338, 0.188]
[INFO] [1780019471.294864795] [cartesian_streamer]: QueueTrajPoint accepted #3140: t=39.255s, hold=False
[INFO] [1780019472.751367687] [cartesian_streamer]: QueueTrajPoint accepted #3160: t=40.723s, hold=False
[INFO] [1780019473.207612797] [cartesian_streamer]: IK OK → Δmax=0.0116 rad, joints: [1.403, -0.010, 0.104, -0.002, -1.762, 0.138]
[WARN] [1780019474.413173556] [cartesian_streamer]: Queue BUSY, sẽ resend (backoff 66ms): msg="Busy processing the previous trajectory point. Please resend the next point shortly"
[INFO] [1780019474.808067904] [cartesian_streamer]: IK delta clamped → joints: [1.400, -0.031, 0.108, -0.002, -1.789, 0.142]
[INFO] [1780019474.808273786] [cartesian_streamer]: QueueTrajPoint accepted #3180: t=42.455s, hold=False
[INFO] [1780019475.272527972] [cartesian_streamer]: IK OK → Δmax=0.0165 rad, joints: [1.397, 0.029, 0.079, -0.002, -1.699, 0.145]
[INFO] [1780019475.405727281] [cartesian_streamer]: Runtime rate: state=streaming, tick_hz=15.0, queue_send_hz=12.4, ack_hz=12.2, busy_hz=0.2, retry_count=1, reject_count=0, inter_ack_ms=81.0, max_joint_delta=0.076, cumul_time=43.12s, hold_count=0, ik_mode=Local, ik_avg_ms=3.64, ik_fails=61
[INFO] [1780019476.225840750] [cartesian_streamer]: QueueTrajPoint accepted #3200: t=43.990s, hold=False
[INFO] [1780019477.273941328] [cartesian_streamer]: IK OK → Δmax=0.0368 rad, joints: [1.363, 0.141, -0.190, 0.001, -1.318, 0.179]
[INFO] [1780019477.927649475] [cartesian_streamer]: QueueTrajPoint accepted #3220: t=45.588s, hold=False
[INFO] [1780019479.223050089] [cartesian_streamer]: QueueTrajPoint accepted #3240: t=46.988s, hold=False
[INFO] [1780019479.341514970] [cartesian_streamer]: IK OK → Δmax=0.0388 rad, joints: [1.550, 0.514, 0.361, -0.014, -1.494, -0.006]
[INFO] [1780019480.472388875] [cartesian_streamer]: Runtime rate: state=streaming, tick_hz=15.0, queue_send_hz=13.4, ack_hz=13.4, busy_hz=0.0, retry_count=0, reject_count=0, inter_ack_ms=74.4, max_joint_delta=0.070, cumul_time=48.19s, hold_count=0, ik_mode=Local, ik_avg_ms=3.60, ik_fails=61
[INFO] [1780019480.676308969] [cartesian_streamer]: QueueTrajPoint accepted #3260: t=48.456s, hold=False
[INFO] [1780019481.406501407] [cartesian_streamer]: IK OK → Δmax=0.0161 rad, joints: [1.789, 0.294, 0.056, -0.032, -1.404, -0.241]
[INFO] [1780019482.095808350] [cartesian_streamer]: QueueTrajPoint accepted #3280: t=49.856s, hold=False
[INFO] [1780019483.407177171] [cartesian_streamer]: IK OK → Δmax=0.0029 rad, joints: [1.905, 0.126, -0.197, -0.041, -1.315, -0.351]
[INFO] [1780019483.688041170] [cartesian_streamer]: QueueTrajPoint accepted #3300: t=51.456s, hold=False
[INFO] [1780019485.087630844] [cartesian_streamer]: QueueTrajPoint accepted #3320: t=52.861s, hold=False
[INFO] [1780019485.471138473] [cartesian_streamer]: Runtime rate: state=streaming, tick_hz=15.0, queue_send_hz=13.6, ack_hz=13.6, busy_hz=0.0, retry_count=0, reject_count=0, inter_ack_ms=73.5, max_joint_delta=0.029, cumul_time=53.19s, hold_count=0, ik_mode=Local, ik_avg_ms=3.57, ik_fails=61
[INFO] [1780019485.473746751] [cartesian_streamer]: IK OK → Δmax=0.0104 rad, joints: [1.590, 0.292, -0.004, -0.017, -1.350, -0.043]
[INFO] [1780019486.749808945] [cartesian_streamer]: QueueTrajPoint accepted #3340: t=54.523s, hold=False
[INFO] [1780019487.475493691] [cartesian_streamer]: IK OK → Δmax=0.0197 rad, joints: [1.336, 0.273, -0.265, 0.003, -1.110, 0.204]
[INFO] [1780019488.220294425] [cartesian_streamer]: QueueTrajPoint accepted #3360: t=55.991s, hold=False
[INFO] [1780019489.538559771] [cartesian_streamer]: IK OK → Δmax=0.0206 rad, joints: [1.398, 0.193, -0.309, -0.002, -1.146, 0.145]
[INFO] [1780019489.634447440] [cartesian_streamer]: QueueTrajPoint accepted #3380: t=57.391s, hold=False
[INFO] [1780019490.475675720] [cartesian_streamer]: Runtime rate: state=streaming, tick_hz=15.0, queue_send_hz=13.2, ack_hz=13.2, busy_hz=0.0, retry_count=0, reject_count=0, inter_ack_ms=75.7, max_joint_delta=0.060, cumul_time=58.19s, hold_count=0, ik_mode=Local, ik_avg_ms=3.53, ik_fails=61
[INFO] [1780019491.285390375] [cartesian_streamer]: QueueTrajPoint accepted #3400: t=59.056s, hold=False
[INFO] [1780019491.539517813] [cartesian_streamer]: IK OK → Δmax=0.0401 rad, joints: [1.404, 0.139, -0.205, -0.002, -1.304, 0.139]
[INFO] [1780019492.876718903] [cartesian_streamer]: QueueTrajPoint accepted #3420: t=60.654s, hold=False
[INFO] [1780019493.543603560] [cartesian_streamer]: IK OK → Δmax=0.0205 rad, joints: [1.401, 0.169, -0.284, -0.002, -1.195, 0.142]
[INFO] [1780019494.282634700] [cartesian_streamer]: QueueTrajPoint accepted #3440: t=62.057s, hold=False
[INFO] [1780019495.537451023] [cartesian_streamer]: Runtime rate: state=streaming, tick_hz=15.0, queue_send_hz=13.2, ack_hz=13.2, busy_hz=0.0, retry_count=0, reject_count=0, inter_ack_ms=75.7, max_joint_delta=0.071, cumul_time=63.26s, hold_count=0, ik_mode=Local, ik_avg_ms=3.50, ik_fails=61
[INFO] [1780019495.607382400] [cartesian_streamer]: IK OK → Δmax=0.0205 rad, joints: [1.422, 0.220, -0.376, -0.004, -1.051, 0.122]
[INFO] [1780019495.695687801] [cartesian_streamer]: QueueTrajPoint accepted #3460: t=63.456s, hold=False
[INFO] [1780019497.233043095] [cartesian_streamer]: QueueTrajPoint accepted #3480: t=64.988s, hold=False
[INFO] [1780019497.671818460] [cartesian_streamer]: IK OK → Δmax=0.0462 rad, joints: [1.502, 0.458, 0.044, -0.011, -1.234, 0.044]
[INFO] [1780019498.752511958] [cartesian_streamer]: QueueTrajPoint accepted #3500: t=66.522s, hold=False
[INFO] [1780019499.739047717] [cartesian_streamer]: IK OK → Δmax=0.0173 rad, joints: [1.553, 0.369, 0.274, -0.014, -1.552, -0.010]
[INFO] [1780019500.354985485] [cartesian_streamer]: QueueTrajPoint accepted #3520: t=68.051s, hold=False
[INFO] [1780019500.537802739] [cartesian_streamer]: Runtime rate: state=streaming, tick_hz=15.0, queue_send_hz=12.8, ack_hz=12.6, busy_hz=0.0, retry_count=0, reject_count=0, inter_ack_ms=77.3, max_joint_delta=0.052, cumul_time=68.12s, hold_count=0, ik_mode=Local, ik_avg_ms=3.47, ik_fails=61
[INFO] [1780019501.743329106] [cartesian_streamer]: IK OK → Δmax=0.0141 rad, joints: [1.443, 0.113, 0.360, -0.006, -1.895, 0.097]
[INFO] [1780019501.998127032] [cartesian_streamer]: QueueTrajPoint accepted #3540: t=69.585s, hold=False
[INFO] [1780019503.560022519] [cartesian_streamer]: QueueTrajPoint accepted #3560: t=71.253s, hold=False
[INFO] [1780019503.805283141] [cartesian_streamer]: IK OK → Δmax=0.0141 rad, joints: [1.473, 0.277, 0.152, -0.008, -1.523, 0.070]
[INFO] [1780019504.947844908] [cartesian_streamer]: QueueTrajPoint accepted #3580: t=72.652s, hold=False
[INFO] [1780019505.604228717] [cartesian_streamer]: Runtime rate: state=streaming, tick_hz=15.0, queue_send_hz=13.4, ack_hz=13.6, busy_hz=0.0, retry_count=0, reject_count=0, inter_ack_ms=75.5, max_joint_delta=0.062, cumul_time=73.25s, hold_count=0, ik_mode=Local, ik_avg_ms=3.44, ik_fails=61
[INFO] [1780019505.807048901] [cartesian_streamer]: IK OK → Δmax=0.0111 rad, joints: [1.548, 0.418, 0.428, -0.014, -1.657, -0.007]
[INFO] [1780019506.606784944] [cartesian_streamer]: QueueTrajPoint accepted #3600: t=74.184s, hold=False
[INFO] [1780019507.874447851] [cartesian_streamer]: IK OK → Δmax=0.0206 rad, joints: [1.399, 0.055, -0.157, -0.002, -1.437, 0.143]
[INFO] [1780019507.956348647] [cartesian_streamer]: QueueTrajPoint accepted #3620: t=75.653s, hold=False
[INFO] [1780019509.460790880] [cartesian_streamer]: QueueTrajPoint accepted #3640: t=77.052s, hold=False
[INFO] [1780019509.940218355] [cartesian_streamer]: IK OK → Δmax=0.0236 rad, joints: [1.518, 0.389, -0.044, -0.012, -1.215, 0.029]
[INFO] [1780019510.604698007] [cartesian_streamer]: Runtime rate: state=streaming, tick_hz=15.0, queue_send_hz=13.6, ack_hz=13.4, busy_hz=0.0, retry_count=0, reject_count=0, inter_ack_ms=73.5, max_joint_delta=0.051, cumul_time=78.25s, hold_count=0, ik_mode=Local, ik_avg_ms=3.41, ik_fails=61
[INFO] [1780019510.674945596] [cartesian_streamer]: IK delta clamped → joints: [1.525, 0.467, 0.227, -0.012, -1.412, 0.019]
[INFO] [1780019510.824748441] [cartesian_streamer]: QueueTrajPoint accepted #3660: t=78.520s, hold=False
[INFO] [1780019512.010194899] [cartesian_streamer]: IK OK → Δmax=0.0123 rad, joints: [1.491, 0.386, 0.461, -0.009, -1.723, 0.050]
[INFO] [1780019512.275993587] [cartesian_streamer]: QueueTrajPoint accepted #3680: t=79.985s, hold=False
[INFO] [1780019513.816743732] [cartesian_streamer]: QueueTrajPoint accepted #3700: t=81.520s, hold=False
[INFO] [1780019514.073133050] [cartesian_streamer]: IK OK → Δmax=0.0201 rad, joints: [1.394, 0.061, -0.227, -0.002, -1.361, 0.148]
[INFO] [1780019515.219028444] [cartesian_streamer]: QueueTrajPoint accepted #3720: t=82.923s, hold=False
[INFO] [1780019515.671050458] [cartesian_streamer]: Runtime rate: state=streaming, tick_hz=15.0, queue_send_hz=13.6, ack_hz=13.8, busy_hz=0.0, retry_count=0, reject_count=0, inter_ack_ms=73.2, max_joint_delta=0.052, cumul_time=83.32s, hold_count=0, ik_mode=Local, ik_avg_ms=3.38, ik_fails=61
[INFO] [1780019516.074197020] [cartesian_streamer]: IK OK → Δmax=0.0245 rad, joints: [1.520, 0.384, 0.009, -0.012, -1.272, 0.026]
[INFO] [1780019516.556307351] [cartesian_streamer]: QueueTrajPoint accepted #3740: t=84.252s, hold=False
[INFO] [1780019518.138920687] [cartesian_streamer]: IK OK → Δmax=0.0443 rad, joints: [1.456, 0.137, 0.047, -0.006, -1.558, 0.087]
[INFO] [1780019518.278126066] [cartesian_streamer]: QueueTrajPoint accepted #3760: t=85.984s, hold=False
[INFO] [1780019519.612341783] [cartesian_streamer]: QueueTrajPoint accepted #3780: t=87.317s, hold=False
[INFO] [1780019520.140723176] [cartesian_streamer]: IK OK → Δmax=0.0450 rad, joints: [1.417, 0.183, -0.409, -0.004, -1.056, 0.127]
[INFO] [1780019520.737235110] [cartesian_streamer]: Runtime rate: state=streaming, tick_hz=15.0, queue_send_hz=13.4, ack_hz=13.2, busy_hz=0.0, retry_count=0, reject_count=0, inter_ack_ms=74.7, max_joint_delta=0.053, cumul_time=88.38s, hold_count=0, ik_mode=Local, ik_avg_ms=3.36, ik_fails=61
[INFO] [1780019521.168175505] [cartesian_streamer]: QueueTrajPoint accepted #3800: t=88.852s, hold=False
[INFO] [1780019522.205924109] [cartesian_streamer]: IK OK → Δmax=0.0412 rad, joints: [1.531, 0.364, -0.207, -0.014, -1.077, 0.018]
[INFO] [1780019522.750881710] [cartesian_streamer]: QueueTrajPoint accepted #3820: t=90.451s, hold=False
[INFO] [1780019524.207626339] [cartesian_streamer]: IK OK → Δmax=0.0279 rad, joints: [1.564, 0.272, -0.230, -0.016, -1.144, -0.015]
[INFO] [1780019524.419674216] [cartesian_streamer]: QueueTrajPoint accepted #3840: t=92.117s, hold=False
[INFO] [1780019525.804850916] [cartesian_streamer]: Runtime rate: state=streaming, tick_hz=15.0, queue_send_hz=12.6, ack_hz=12.8, busy_hz=0.0, retry_count=0, reject_count=0, inter_ack_ms=78.9, max_joint_delta=0.061, cumul_time=93.45s, hold_count=0, ik_mode=Local, ik_avg_ms=3.33, ik_fails=61
[INFO] [1780019525.897789087] [cartesian_streamer]: QueueTrajPoint accepted #3860: t=93.584s, hold=False
[INFO] [1780019526.273246546] [cartesian_streamer]: IK OK → Δmax=0.0185 rad, joints: [1.538, 0.262, -0.448, -0.016, -0.938, 0.014]
[INFO] [1780019527.550449779] [cartesian_streamer]: QueueTrajPoint accepted #3880: t=95.251s, hold=False
[INFO] [1780019528.340060195] [cartesian_streamer]: IK OK → Δmax=0.0028 rad, joints: [1.304, 0.262, -0.303, 0.006, -1.083, 0.235]
[INFO] [1780019529.083049754] [cartesian_streamer]: QueueTrajPoint accepted #3900: t=96.783s, hold=False
[INFO] [1780019529.258858114] [cartesian_streamer]: Disable Robot: dừng stream, tắt traj mode...
[INFO] [1780019529.260557070] [cartesian_streamer]: ✗ Robot DISABLED.
[INFO] [1780019633.989257563] [cartesian_streamer]: Enable Robot: bắt đầu chuỗi khởi động...
[INFO] [1780019633.990103451] [cartesian_streamer]: Enable: reset_error...
[INFO] [1780019634.015549588] [cartesian_streamer]: reset_error: code=1, msg="success"
[INFO] [1780019634.016112412] [cartesian_streamer]: Enable: stop_traj_mode (giải phóng mode cũ)...
[INFO] [1780019634.063549912] [cartesian_streamer]: stop_traj_mode: success=True, code=N/A, msg=""
[INFO] [1780019634.064016017] [cartesian_streamer]: Enable: chờ 1.5s để hệ thống ổn định trước khi start queue...
[INFO] [1780019635.565011260] [cartesian_streamer]: Enable: StartPointQueueMode...
[INFO] [1780019636.139275762] [cartesian_streamer]: StartPointQueueMode response: code=1, msg=""
[INFO] [1780019636.139774971] [cartesian_streamer]: ✓ Robot ENABLED — Point Queue Mode active. Servo ON!
[INFO] [1780019636.204671103] [cartesian_streamer]: Runtime rate: state=seeding, tick_hz=0.5, queue_send_hz=0.4, ack_hz=0.4, busy_hz=0.0, retry_count=0, reject_count=0, inter_ack_ms=86.5, max_joint_delta=0.053, cumul_time=0.00s, hold_count=0, ik_mode=Local, ik_avg_ms=3.31, ik_fails=61
[WARN] [1780019636.205026303] [cartesian_streamer]: Target stream stale: không có target mới trong 107.0s
[WARN] [1780019636.205383790] [cartesian_streamer]: QueueTrajPoint đã được accept nhưng joint_states hầu như không đổi. Kiểm tra: 1) Robot ở mode AUTO? 2) Servo ON? 3) E-stop cleared?
[INFO] [1780019636.206671779] [cartesian_streamer]: Bootstrap EE pose via FK: (-0.1638, 0.2630, 0.3947)
[INFO] [1780019636.207704417] [cartesian_streamer]: Đã gửi seed point (current joints, t=0), chờ ACK...
[INFO] [1780019636.271481569] [cartesian_streamer]: Bootstrap EE pose via FK: (-0.1638, 0.2630, 0.3947)
[INFO] [1780019636.338564329] [cartesian_streamer]: Bootstrap EE pose via FK: (-0.1638, 0.2630, 0.3947)
[INFO] [1780019636.404936241] [cartesian_streamer]: Bootstrap EE pose via FK: (-0.1638, 0.2630, 0.3947)
[INFO] [1780019636.443829707] [cartesian_streamer]: Seed ACK nhận được, bắt đầu prebuffer.
[INFO] [1780019636.687316635] [cartesian_streamer]: Pre-buffer hoàn tất (3 points), bắt đầu stream ổn định. Đang chờ target...
[INFO] [1780019638.287673618] [cartesian_streamer]: QueueTrajPoint accepted #3920: t=1.934s, hold=True
[INFO] [1780019640.348723599] [cartesian_streamer]: QueueTrajPoint accepted #3940: t=3.934s, hold=True
[INFO] [1780019641.271338267] [cartesian_streamer]: Runtime rate: state=streaming, tick_hz=15.0, queue_send_hz=9.1, ack_hz=9.1, busy_hz=0.0, retry_count=0, reject_count=0, inter_ack_ms=2430.1, max_joint_delta=0.000, cumul_time=4.67s, hold_count=45, ik_mode=Local, ik_avg_ms=3.31, ik_fails=61
[WARN] [1780019641.274328783] [cartesian_streamer]: Target stream stale: không có target mới trong 112.0s
[INFO] [1780019642.277734301] [cartesian_streamer]: IK OK → Δmax=0.0207 rad, joints: [1.550, 0.059, -1.049, -0.024, -0.541, 0.012]
[WARN] [1780019642.339003629] [cartesian_streamer]: QueueTrajPoint đã được accept nhưng joint_states hầu như không đổi. Kiểm tra: 1) Robot ở mode AUTO? 2) Servo ON? 3) E-stop cleared?
[INFO] [1780019642.530842365] [cartesian_streamer]: QueueTrajPoint accepted #3960: t=5.939s, hold=False
[INFO] [1780019644.217027467] [cartesian_streamer]: QueueTrajPoint accepted #3980: t=7.740s, hold=False
[INFO] [1780019644.344097028] [cartesian_streamer]: IK OK → Δmax=0.0172 rad, joints: [1.458, 0.101, -0.782, -0.010, -0.765, 0.091]
[INFO] [1780019645.756038640] [cartesian_streamer]: QueueTrajPoint accepted #4000: t=9.271s, hold=False
[INFO] [1780019646.271832280] [cartesian_streamer]: Runtime rate: state=streaming, tick_hz=15.0, queue_send_hz=12.0, ack_hz=12.0, busy_hz=0.0, retry_count=0, reject_count=0, inter_ack_ms=82.6, max_joint_delta=0.059, cumul_time=9.74s, hold_count=0, ik_mode=Local, ik_avg_ms=3.30, ik_fails=61
[INFO] [1780019646.407460386] [cartesian_streamer]: IK OK → Δmax=0.0176 rad, joints: [1.374, 0.233, -0.259, -0.000, -1.157, 0.168]
[INFO] [1780019647.265329503] [cartesian_streamer]: QueueTrajPoint accepted #4020: t=10.671s, hold=False
[INFO] [1780019648.408802593] [cartesian_streamer]: IK OK → Δmax=0.0100 rad, joints: [1.446, 0.320, 0.040, -0.006, -1.367, 0.097]
[INFO] [1780019648.760280725] [cartesian_streamer]: QueueTrajPoint accepted #4040: t=12.272s, hold=False
[INFO] [1780019650.410213871] [cartesian_streamer]: IK OK → Δmax=0.0164 rad, joints: [1.346, -0.028, -0.327, 0.002, -1.350, 0.196]
[INFO] [1780019650.625349728] [cartesian_streamer]: QueueTrajPoint accepted #4060: t=14.068s, hold=False
[INFO] [1780019651.338939153] [cartesian_streamer]: Runtime rate: state=streaming, tick_hz=15.0, queue_send_hz=12.2, ack_hz=12.2, busy_hz=0.0, retry_count=0, reject_count=0, inter_ack_ms=81.8, max_joint_delta=0.066, cumul_time=14.74s, hold_count=0, ik_mode=Local, ik_avg_ms=3.28, ik_fails=61
[INFO] [1780019652.159549610] [cartesian_streamer]: QueueTrajPoint accepted #4080: t=15.603s, hold=False
[INFO] [1780019652.473863367] [cartesian_streamer]: IK OK → Δmax=0.0295 rad, joints: [1.305, 0.123, -0.400, 0.006, -1.125, 0.234]
[INFO] [1780019653.628027766] [cartesian_streamer]: QueueTrajPoint accepted #4100: t=17.073s, hold=False
[INFO] [1780019654.272454337] [cartesian_streamer]: IK delta clamped → joints: [1.422, 0.469, 0.082, -0.004, -1.268, 0.121]
[INFO] [1780019654.542493191] [cartesian_streamer]: IK OK → Δmax=0.0265 rad, joints: [1.423, 0.501, 0.194, -0.004, -1.341, 0.120]
[INFO] [1780019655.343461445] [cartesian_streamer]: QueueTrajPoint accepted #4120: t=18.602s, hold=False
[INFO] [1780019656.404234676] [cartesian_streamer]: Runtime rate: state=streaming, tick_hz=15.0, queue_send_hz=12.8, ack_hz=12.8, busy_hz=0.0, retry_count=0, reject_count=0, inter_ack_ms=78.2, max_joint_delta=0.070, cumul_time=19.74s, hold_count=0, ik_mode=Local, ik_avg_ms=3.26, ik_fails=61
[INFO] [1780019656.607196872] [cartesian_streamer]: IK OK → Δmax=0.0159 rad, joints: [1.334, 0.217, 0.132, 0.003, -1.563, 0.208]
[INFO] [1780019656.926358753] [cartesian_streamer]: QueueTrajPoint accepted #4140: t=20.202s, hold=False
[INFO] [1780019658.216181713] [cartesian_streamer]: QueueTrajPoint accepted #4160: t=21.605s, hold=False
[INFO] [1780019658.672785228] [cartesian_streamer]: IK OK → Δmax=0.0414 rad, joints: [1.311, 0.080, -0.469, 0.005, -1.099, 0.228]
[INFO] [1780019659.825675946] [cartesian_streamer]: QueueTrajPoint accepted #4180: t=23.205s, hold=False
[INFO] [1780019660.677442360] [cartesian_streamer]: IK OK → Δmax=0.0248 rad, joints: [1.414, 0.468, 0.014, -0.003, -1.194, 0.130]
[INFO] [1780019661.327992382] [cartesian_streamer]: QueueTrajPoint accepted #4200: t=24.602s, hold=False
[INFO] [1780019661.470875439] [cartesian_streamer]: Runtime rate: state=streaming, tick_hz=15.0, queue_send_hz=13.4, ack_hz=13.4, busy_hz=0.0, retry_count=0, reject_count=0, inter_ack_ms=74.2, max_joint_delta=0.060, cumul_time=24.81s, hold_count=0, ik_mode=Local, ik_avg_ms=3.24, ik_fails=61
[INFO] [1780019662.687216336] [cartesian_streamer]: QueueTrajPoint accepted #4220: t=26.068s, hold=False
[INFO] [1780019662.741213432] [cartesian_streamer]: IK OK → Δmax=0.0185 rad, joints: [1.309, 0.228, 0.078, 0.005, -1.499, 0.232]
[INFO] [1780019664.230404521] [cartesian_streamer]: QueueTrajPoint accepted #4240: t=27.602s, hold=False
[INFO] [1780019664.742725069] [cartesian_streamer]: IK OK → Δmax=0.0149 rad, joints: [1.471, 0.223, -0.304, -0.008, -1.121, 0.075]
[INFO] [1780019665.621890845] [cartesian_streamer]: QueueTrajPoint accepted #4260: t=29.001s, hold=False
[INFO] [1780019666.472354088] [cartesian_streamer]: Runtime rate: state=streaming, tick_hz=15.0, queue_send_hz=14.0, ack_hz=14.0, busy_hz=0.0, retry_count=0, reject_count=0, inter_ack_ms=71.4, max_joint_delta=0.046, cumul_time=29.80s, hold_count=0, ik_mode=Local, ik_avg_ms=3.22, ik_fails=61
[INFO] [1780019666.742673074] [cartesian_streamer]: IK delta clamped → joints: [1.574, 0.444, 0.035, -0.016, -1.240, -0.026]
[INFO] [1780019666.743798166] [cartesian_streamer]: IK OK → Δmax=0.0700 rad, joints: [1.574, 0.444, 0.035, -0.016, -1.240, -0.026]
[INFO] [1780019667.277134268] [cartesian_streamer]: QueueTrajPoint accepted #4280: t=30.536s, hold=False
[INFO] [1780019668.753932835] [cartesian_streamer]: QueueTrajPoint accepted #4300: t=32.134s, hold=False
[INFO] [1780019668.809283415] [cartesian_streamer]: IK OK → Δmax=0.0186 rad, joints: [1.314, 0.467, 0.197, 0.005, -1.377, 0.227]
[INFO] [1780019670.223627123] [cartesian_streamer]: QueueTrajPoint accepted #4320: t=33.602s, hold=False
[INFO] [1780019670.874145977] [cartesian_streamer]: IK OK → Δmax=0.0274 rad, joints: [1.368, 0.165, -0.410, 0.001, -1.074, 0.174]
[INFO] [1780019671.537408293] [cartesian_streamer]: Runtime rate: state=streaming, tick_hz=15.0, queue_send_hz=12.8, ack_hz=12.8, busy_hz=0.0, retry_count=0, reject_count=0, inter_ack_ms=78.2, max_joint_delta=0.070, cumul_time=34.87s, hold_count=0, ik_mode=Local, ik_avg_ms=3.21, ik_fails=61
[INFO] [1780019671.695307270] [cartesian_streamer]: QueueTrajPoint accepted #4340: t=35.071s, hold=False
[INFO] [1780019672.945410551] [cartesian_streamer]: IK OK → Δmax=0.0198 rad, joints: [1.512, 0.462, 0.002, -0.012, -1.187, 0.034]
[INFO] [1780019673.091374534] [cartesian_streamer]: QueueTrajPoint accepted #4360: t=36.473s, hold=False
[INFO] [1780019674.557417706] [cartesian_streamer]: QueueTrajPoint accepted #4380: t=37.936s, hold=False
[INFO] [1780019675.007685928] [cartesian_streamer]: IK OK → Δmax=0.0218 rad, joints: [1.277, 0.425, 0.071, 0.008, -1.293, 0.262]
[INFO] [1780019675.898213013] [cartesian_streamer]: QueueTrajPoint accepted #4400: t=39.269s, hold=False
[INFO] [1780019676.207334129] [cartesian_streamer]: IK delta clamped → joints: [1.254, 0.195, -0.288, 0.010, -1.155, 0.283]
[INFO] [1780019676.537696167] [cartesian_streamer]: Runtime rate: state=streaming, tick_hz=15.0, queue_send_hz=13.8, ack_hz=13.8, busy_hz=0.0, retry_count=0, reject_count=0, inter_ack_ms=72.3, max_joint_delta=0.070, cumul_time=39.87s, hold_count=0, ik_mode=Local, ik_avg_ms=3.20, ik_fails=61
[INFO] [1780019677.072634842] [cartesian_streamer]: IK OK → Δmax=0.0344 rad, joints: [1.388, 0.168, -0.453, -0.001, -1.028, 0.155]
[INFO] [1780019677.557256060] [cartesian_streamer]: QueueTrajPoint accepted #4420: t=40.935s, hold=False
[INFO] [1780019678.946906173] [cartesian_streamer]: QueueTrajPoint accepted #4440: t=42.336s, hold=False
[INFO] [1780019679.074924257] [cartesian_streamer]: IK OK → Δmax=0.0136 rad, joints: [1.525, 0.496, -0.024, -0.013, -1.127, 0.023]
[INFO] [1780019680.362217961] [cartesian_streamer]: QueueTrajPoint accepted #4460: t=43.736s, hold=False
[INFO] [1780019681.074464916] [cartesian_streamer]: IK delta clamped → joints: [1.290, 0.477, 0.080, 0.007, -1.231, 0.249]
[INFO] [1780019681.076675895] [cartesian_streamer]: IK OK → Δmax=0.0700 rad, joints: [1.290, 0.477, 0.080, 0.007, -1.231, 0.249]
[INFO] [1780019681.538122873] [cartesian_streamer]: Runtime rate: state=streaming, tick_hz=15.0, queue_send_hz=13.0, ack_hz=13.0, busy_hz=0.0, retry_count=0, reject_count=0, inter_ack_ms=76.9, max_joint_delta=0.070, cumul_time=44.67s, hold_count=0, ik_mode=Local, ik_avg_ms=3.18, ik_fails=61
[INFO] [1780019682.220989334] [cartesian_streamer]: QueueTrajPoint accepted #4480: t=45.401s, hold=False
[INFO] [1780019683.139829635] [cartesian_streamer]: IK OK → Δmax=0.0089 rad, joints: [1.481, 0.417, -0.211, -0.010, -1.020, 0.066]
[INFO] [1780019683.749645521] [cartesian_streamer]: QueueTrajPoint accepted #4500: t=46.934s, hold=False
[INFO] [1780019685.141160736] [cartesian_streamer]: IK OK → Δmax=0.0128 rad, joints: [1.474, 0.579, 0.192, -0.008, -1.260, 0.070]
[INFO] [1780019685.355694172] [cartesian_streamer]: QueueTrajPoint accepted #4520: t=48.539s, hold=False
[INFO] [1780019686.605356601] [cartesian_streamer]: Runtime rate: state=streaming, tick_hz=15.0, queue_send_hz=12.8, ack_hz=12.6, busy_hz=0.0, retry_count=0, reject_count=0, inter_ack_ms=78.0, max_joint_delta=0.058, cumul_time=49.74s, hold_count=0, ik_mode=Local, ik_avg_ms=3.17, ik_fails=61
[INFO] [1780019686.958682742] [cartesian_streamer]: QueueTrajPoint accepted #4540: t=50.137s, hold=False
[INFO] [1780019687.211603893] [cartesian_streamer]: IK OK → Δmax=0.0118 rad, joints: [1.313, 0.343, 0.327, 0.005, -1.632, 0.229]
[INFO] [1780019688.483647553] [cartesian_streamer]: QueueTrajPoint accepted #4560: t=51.674s, hold=False
[INFO] [1780019689.273379124] [cartesian_streamer]: IK OK → Δmax=0.0197 rad, joints: [1.310, 0.086, -0.204, 0.005, -1.359, 0.231]
[INFO] [1780019689.872977781] [cartesian_streamer]: IK delta clamped → joints: [1.336, 0.115, -0.345, 0.003, -1.189, 0.205]
[INFO] [1780019690.282136329] [cartesian_streamer]: QueueTrajPoint accepted #4580: t=53.469s, hold=False
[INFO] [1780019691.276470638] [cartesian_streamer]: IK OK → Δmax=0.0203 rad, joints: [1.368, 0.354, -0.211, 0.000, -1.083, 0.174]
[INFO] [1780019691.671320476] [cartesian_streamer]: Runtime rate: state=streaming, tick_hz=15.0, queue_send_hz=11.8, ack_hz=12.0, busy_hz=0.0, retry_count=0, reject_count=0, inter_ack_ms=84.2, max_joint_delta=0.090, cumul_time=54.80s, hold_count=0, ik_mode=Local, ik_avg_ms=3.15, ik_fails=61
[INFO] [1780019692.077867348] [cartesian_streamer]: QueueTrajPoint accepted #4600: t=55.136s, hold=False
[INFO] [1780019692.078126491] [cartesian_streamer]: IK delta clamped → joints: [1.451, 0.493, 0.026, -0.007, -1.187, 0.093]
[INFO] [1780019693.341086024] [cartesian_streamer]: IK OK → Δmax=0.0236 rad, joints: [1.595, 0.463, -0.143, -0.020, -1.040, -0.043]
[INFO] [1780019693.483653786] [cartesian_streamer]: QueueTrajPoint accepted #4620: t=56.670s, hold=False
[INFO] [1780019695.023933921] [cartesian_streamer]: QueueTrajPoint accepted #4640: t=58.202s, hold=False
[INFO] [1780019695.346225877] [cartesian_streamer]: IK OK → Δmax=0.0057 rad, joints: [1.269, 0.177, -0.484, 0.010, -0.987, 0.267]
[INFO] [1780019696.662952589] [cartesian_streamer]: QueueTrajPoint accepted #4660: t=59.736s, hold=False
[INFO] [1780019696.739458054] [cartesian_streamer]: Runtime rate: state=streaming, tick_hz=15.0, queue_send_hz=12.8, ack_hz=12.8, busy_hz=0.0, retry_count=0, reject_count=0, inter_ack_ms=77.9, max_joint_delta=0.058, cumul_time=59.87s, hold_count=0, ik_mode=Local, ik_avg_ms=3.14, ik_fails=61
[INFO] [1780019697.406941768] [cartesian_streamer]: IK OK → Δmax=0.0181 rad, joints: [1.359, 0.506, 0.082, 0.001, -1.225, 0.183]
[INFO] [1780019698.079531752] [cartesian_streamer]: QueueTrajPoint accepted #4680: t=61.135s, hold=False
[INFO] [1780019699.408912979] [cartesian_streamer]: IK OK → Δmax=0.0194 rad, joints: [1.548, 0.441, -0.154, -0.016, -1.052, 0.002]
[INFO] [1780019699.626397382] [cartesian_streamer]: QueueTrajPoint accepted #4700: t=62.800s, hold=False
[INFO] [1780019701.021999927] [cartesian_streamer]: QueueTrajPoint accepted #4720: t=64.203s, hold=False
[INFO] [1780019701.473668225] [cartesian_streamer]: IK OK → Δmax=0.0198 rad, joints: [1.235, 0.188, -0.460, 0.013, -1.000, 0.300]
[INFO] [1780019701.737820474] [cartesian_streamer]: Runtime rate: state=streaming, tick_hz=15.0, queue_send_hz=13.8, ack_hz=13.8, busy_hz=0.0, retry_count=0, reject_count=0, inter_ack_ms=72.6, max_joint_delta=0.069, cumul_time=64.87s, hold_count=0, ik_mode=Local, ik_avg_ms=3.12, ik_fails=61
[INFO] [1780019702.011849287] [cartesian_streamer]: IK delta clamped → joints: [1.250, 0.272, -0.312, 0.011, -1.070, 0.286]
[WARN] [1780019702.091418900] [cartesian_streamer]: Queue BUSY, sẽ resend (backoff 66ms): msg="Busy processing the previous trajectory point. Please resend the next point shortly"
[INFO] [1780019702.815229059] [cartesian_streamer]: QueueTrajPoint accepted #4740: t=65.798s, hold=False
[INFO] [1780019703.540844215] [cartesian_streamer]: IK OK → Δmax=0.0144 rad, joints: [1.440, 0.547, 0.056, -0.006, -1.158, 0.104]
[INFO] [1780019704.156922267] [cartesian_streamer]: QueueTrajPoint accepted #4760: t=67.131s, hold=False
[INFO] [1780019705.481916314] [cartesian_streamer]: QueueTrajPoint accepted #4780: t=68.466s, hold=False
[INFO] [1780019705.544067845] [cartesian_streamer]: IK OK → Δmax=0.0168 rad, joints: [1.447, 0.381, -0.294, -0.007, -0.973, 0.099]
[INFO] [1780019706.804920292] [cartesian_streamer]: Runtime rate: state=streaming, tick_hz=15.0, queue_send_hz=13.6, ack_hz=13.2, busy_hz=0.2, retry_count=1, reject_count=0, inter_ack_ms=74.5, max_joint_delta=0.070, cumul_time=69.73s, hold_count=0, ik_mode=Local, ik_avg_ms=3.11, ik_fails=61
[INFO] [1780019706.959803957] [cartesian_streamer]: QueueTrajPoint accepted #4800: t=69.933s, hold=False
[INFO] [1780019707.472112082] [cartesian_streamer]: IK delta clamped → joints: [1.270, 0.361, -0.141, 0.009, -1.164, 0.268]
[INFO] [1780019707.604989933] [cartesian_streamer]: IK OK → Δmax=0.0360 rad, joints: [1.285, 0.385, -0.082, 0.007, -1.181, 0.254]
[INFO] [1780019708.595919578] [cartesian_streamer]: QueueTrajPoint accepted #4820: t=71.396s, hold=False
[INFO] [1780019709.607462969] [cartesian_streamer]: IK OK → Δmax=0.0115 rad, joints: [1.415, 0.593, 0.215, -0.003, -1.270, 0.128]
[INFO] [1780019710.273229100] [cartesian_streamer]: QueueTrajPoint accepted #4840: t=73.064s, hold=False
[INFO] [1780019711.607741613] [cartesian_streamer]: IK OK → Δmax=0.0165 rad, joints: [1.461, 0.524, 0.013, -0.007, -1.137, 0.085]
[INFO] [1780019711.830882094] [cartesian_streamer]: QueueTrajPoint accepted #4860: t=74.731s, hold=False
[INFO] [1780019711.870495355] [cartesian_streamer]: Runtime rate: state=streaming, tick_hz=15.0, queue_send_hz=12.2, ack_hz=12.4, busy_hz=0.0, retry_count=0, reject_count=0, inter_ack_ms=81.6, max_joint_delta=0.070, cumul_time=74.73s, hold_count=0, ik_mode=Local, ik_avg_ms=3.10, ik_fails=61
[INFO] [1780019713.358580293] [cartesian_streamer]: QueueTrajPoint accepted #4880: t=76.264s, hold=False
[INFO] [1780019713.673477645] [cartesian_streamer]: IK OK → Δmax=0.0215 rad, joints: [1.385, 0.263, -0.418, -0.001, -0.967, 0.157]
[INFO] [1780019715.022238057] [cartesian_streamer]: QueueTrajPoint accepted #4900: t=77.928s, hold=False
[INFO] [1780019715.740832840] [cartesian_streamer]: IK OK → Δmax=0.0048 rad, joints: [1.272, 0.253, -0.373, 0.009, -1.022, 0.264]
[INFO] [1780019716.803294085] [cartesian_streamer]: QueueTrajPoint accepted #4920: t=79.598s, hold=False
[INFO] [1780019716.870929062] [cartesian_streamer]: Runtime rate: state=streaming, tick_hz=15.0, queue_send_hz=12.2, ack_hz=12.2, busy_hz=0.0, retry_count=0, reject_count=0, inter_ack_ms=81.9, max_joint_delta=0.041, cumul_time=79.73s, hold_count=0, ik_mode=Local, ik_avg_ms=3.08, ik_fails=61
[INFO] [1780019717.744051853] [cartesian_streamer]: IK OK → Δmax=0.0254 rad, joints: [1.266, 0.389, -0.086, 0.009, -1.173, 0.272]
[INFO] [1780019718.331130205] [cartesian_streamer]: QueueTrajPoint accepted #4940: t=81.126s, hold=False
[INFO] [1780019719.755632438] [cartesian_streamer]: QueueTrajPoint accepted #4960: t=82.660s, hold=False
[INFO] [1780019719.808345483] [cartesian_streamer]: IK OK → Δmax=0.0082 rad, joints: [1.309, 0.409, 0.258, 0.005, -1.497, 0.232]
[INFO] [1780019721.633594140] [cartesian_streamer]: QueueTrajPoint accepted #4980: t=84.460s, hold=False
[INFO] [1780019721.871077154] [cartesian_streamer]: Runtime rate: state=streaming, tick_hz=15.0, queue_send_hz=12.0, ack_hz=11.8, busy_hz=0.0, retry_count=0, reject_count=0, inter_ack_ms=81.5, max_joint_delta=0.053, cumul_time=84.52s, hold_count=0, ik_mode=Local, ik_avg_ms=3.07, ik_fails=61
[INFO] [1780019721.874591791] [cartesian_streamer]: IK OK → Δmax=0.0551 rad, joints: [1.425, 0.235, 0.092, -0.004, -1.506, 0.118]
[INFO] [1780019723.499313448] [cartesian_streamer]: QueueTrajPoint accepted #5000: t=86.257s, hold=False
[INFO] [1780019723.939925403] [cartesian_streamer]: IK OK → Δmax=0.0129 rad, joints: [1.352, 0.309, -0.162, 0.002, -1.178, 0.189]
[INFO] [1780019725.099007165] [cartesian_streamer]: QueueTrajPoint accepted #5020: t=87.854s, hold=False
[INFO] [1780019725.941514232] [cartesian_streamer]: IK OK → Δmax=0.0405 rad, joints: [1.297, 0.498, 0.112, 0.006, -1.261, 0.243]
[INFO] [1780019726.760108372] [cartesian_streamer]: QueueTrajPoint accepted #5040: t=89.521s, hold=False
[INFO] [1780019726.937813004] [cartesian_streamer]: Runtime rate: state=streaming, tick_hz=15.0, queue_send_hz=11.8, ack_hz=12.0, busy_hz=0.0, retry_count=0, reject_count=0, inter_ack_ms=86.8, max_joint_delta=0.055, cumul_time=89.59s, hold_count=0, ik_mode=Local, ik_avg_ms=3.06, ik_fails=61
[INFO] [1780019728.008534541] [cartesian_streamer]: IK OK → Δmax=0.0551 rad, joints: [1.383, 0.272, 0.069, -0.001, -1.446, 0.159]
[INFO] [1780019728.664520997] [cartesian_streamer]: QueueTrajPoint accepted #5060: t=91.254s, hold=False
[INFO] [1780019730.008650193] [cartesian_streamer]: IK OK → Δmax=0.0254 rad, joints: [1.381, 0.373, -0.155, -0.001, -1.120, 0.161]
[INFO] [1780019730.296760426] [cartesian_streamer]: QueueTrajPoint accepted #5080: t=92.986s, hold=False
[INFO] [1780019731.752275194] [cartesian_streamer]: QueueTrajPoint accepted #5100: t=94.454s, hold=False
[INFO] [1780019731.939265160] [cartesian_streamer]: Runtime rate: state=streaming, tick_hz=15.0, queue_send_hz=12.2, ack_hz=12.2, busy_hz=0.0, retry_count=0, reject_count=0, inter_ack_ms=81.4, max_joint_delta=0.073, cumul_time=94.59s, hold_count=0, ik_mode=Local, ik_avg_ms=3.04, ik_fails=61
[INFO] [1780019732.073364378] [cartesian_streamer]: IK OK → Δmax=0.0126 rad, joints: [1.308, 0.498, 0.106, 0.005, -1.256, 0.232]
[INFO] [1780019732.940312725] [cartesian_streamer]: IK delta clamped → joints: [1.277, 0.312, -0.088, 0.008, -1.243, 0.262]
[INFO] [1780019733.684701279] [cartesian_streamer]: QueueTrajPoint accepted #5120: t=96.252s, hold=False
[INFO] [1780019734.139422210] [cartesian_streamer]: IK OK → Δmax=0.0182 rad, joints: [1.293, 0.066, -0.368, 0.007, -1.214, 0.246]
[INFO] [1780019735.259946503] [cartesian_streamer]: QueueTrajPoint accepted #5140: t=97.718s, hold=False
[INFO] [1780019736.141705407] [cartesian_streamer]: IK OK → Δmax=0.0363 rad, joints: [1.306, 0.390, -0.259, 0.006, -1.000, 0.233]
[INFO] [1780019736.676639225] [cartesian_streamer]: IK delta clamped → joints: [1.315, 0.483, -0.109, 0.005, -1.074, 0.224]
[INFO] [1780019736.834967120] [cartesian_streamer]: QueueTrajPoint accepted #5160: t=99.386s, hold=False
[INFO] [1780019737.004413633] [cartesian_streamer]: Runtime rate: state=streaming, tick_hz=15.0, queue_send_hz=11.8, ack_hz=11.8, busy_hz=0.0, retry_count=0, reject_count=0, inter_ack_ms=84.6, max_joint_delta=0.070, cumul_time=99.52s, hold_count=0, ik_mode=Local, ik_avg_ms=3.03, ik_fails=61
[INFO] [1780019738.208664669] [cartesian_streamer]: IK OK → Δmax=0.0237 rad, joints: [1.366, 0.650, 0.504, 0.001, -1.503, 0.176]
[INFO] [1780019738.281221300] [cartesian_streamer]: QueueTrajPoint accepted #5180: t=100.852s, hold=False
[INFO] [1780019740.023325012] [cartesian_streamer]: QueueTrajPoint accepted #5200: t=102.519s, hold=False
[INFO] [1780019740.272863184] [cartesian_streamer]: IK OK → Δmax=0.0137 rad, joints: [1.408, 0.448, 0.654, -0.003, -1.854, 0.133]
[INFO] [1780019741.683044163] [cartesian_streamer]: QueueTrajPoint accepted #5220: t=104.183s, hold=False
[INFO] [1780019742.004602093] [cartesian_streamer]: Runtime rate: state=streaming, tick_hz=15.0, queue_send_hz=12.4, ack_hz=12.4, busy_hz=0.0, retry_count=0, reject_count=0, inter_ack_ms=80.6, max_joint_delta=0.055, cumul_time=104.45s, hold_count=0, ik_mode=Local, ik_avg_ms=3.02, ik_fails=61
[INFO] [1780019742.339159336] [cartesian_streamer]: IK OK → Δmax=0.0216 rad, joints: [1.353, 0.067, -0.064, 0.002, -1.517, 0.188]
[INFO] [1780019743.234405879] [cartesian_streamer]: QueueTrajPoint accepted #5240: t=105.722s, hold=False
[INFO] [1780019743.873204088] [cartesian_streamer]: IK delta clamped → joints: [1.290, 0.233, -0.320, 0.007, -1.104, 0.248]
[INFO] [1780019744.341784253] [cartesian_streamer]: IK OK → Δmax=0.0186 rad, joints: [1.233, 0.298, -0.240, 0.012, -1.109, 0.303]
[INFO] [1780019745.162426339] [cartesian_streamer]: QueueTrajPoint accepted #5260: t=107.385s, hold=False
[INFO] [1780019746.406995445] [cartesian_streamer]: IK OK → Δmax=0.0103 rad, joints: [1.470, 0.598, 0.199, -0.008, -1.248, 0.075]
[INFO] [1780019746.571419953] [cartesian_streamer]: QueueTrajPoint accepted #5280: t=108.787s, hold=False
[INFO] [1780019747.004548510] [cartesian_streamer]: Runtime rate: state=streaming, tick_hz=15.0, queue_send_hz=12.4, ack_hz=12.2, busy_hz=0.0, retry_count=0, reject_count=0, inter_ack_ms=80.6, max_joint_delta=0.090, cumul_time=109.19s, hold_count=0, ik_mode=Local, ik_avg_ms=3.00, ik_fails=61
[INFO] [1780019748.015239120] [cartesian_streamer]: QueueTrajPoint accepted #5300: t=110.255s, hold=False
[INFO] [1780019748.409142052] [cartesian_streamer]: IK OK → Δmax=0.0160 rad, joints: [1.454, 0.295, -0.342, -0.007, -1.012, 0.092]
[INFO] [1780019749.495929247] [cartesian_streamer]: QueueTrajPoint accepted #5320: t=111.719s, hold=False
[INFO] [1780019750.475344422] [cartesian_streamer]: IK OK → Δmax=0.0213 rad, joints: [1.241, 0.377, -0.165, 0.011, -1.106, 0.295]
[INFO] [1780019751.128232403] [cartesian_streamer]: QueueTrajPoint accepted #5340: t=113.251s, hold=False
[INFO] [1780019752.071388937] [cartesian_streamer]: Runtime rate: state=streaming, tick_hz=15.0, queue_send_hz=13.2, ack_hz=13.4, busy_hz=0.0, retry_count=0, reject_count=0, inter_ack_ms=75.6, max_joint_delta=0.066, cumul_time=114.25s, hold_count=0, ik_mode=Local, ik_avg_ms=2.99, ik_fails=61
[INFO] [1780019752.476786795] [cartesian_streamer]: IK OK → Δmax=0.0200 rad, joints: [1.491, 0.715, 0.410, -0.009, -1.343, 0.053]
[INFO] [1780019752.492440996] [cartesian_streamer]: QueueTrajPoint accepted #5360: t=114.721s, hold=False
[INFO] [1780019753.609697497] [cartesian_streamer]: IK delta clamped → joints: [1.610, 0.664, 0.265, -0.019, -1.236, -0.061]
[INFO] [1780019753.897945896] [cartesian_streamer]: QueueTrajPoint accepted #5380: t=116.116s, hold=False
[INFO] [1780019754.538672062] [cartesian_streamer]: IK OK → Δmax=0.0203 rad, joints: [1.579, 0.495, -0.090, -0.018, -1.062, -0.027]
[INFO] [1780019755.571884816] [cartesian_streamer]: QueueTrajPoint accepted #5400: t=117.784s, hold=False
[INFO] [1780019756.541279015] [cartesian_streamer]: IK OK → Δmax=0.0126 rad, joints: [1.285, 0.213, -0.499, 0.008, -0.936, 0.251]
[INFO] [1780019757.072346667] [cartesian_streamer]: Runtime rate: state=streaming, tick_hz=15.0, queue_send_hz=13.0, ack_hz=13.0, busy_hz=0.0, retry_count=0, reject_count=0, inter_ack_ms=77.3, max_joint_delta=0.070, cumul_time=119.26s, hold_count=0, ik_mode=Local, ik_avg_ms=2.98, ik_fails=61
[INFO] [1780019757.151201038] [cartesian_streamer]: QueueTrajPoint accepted #5420: t=119.387s, hold=False
[INFO] [1780019758.609261961] [cartesian_streamer]: IK OK → Δmax=0.0182 rad, joints: [1.262, 0.424, -0.160, 0.010, -1.064, 0.274]
[INFO] [1780019758.695490633] [cartesian_streamer]: QueueTrajPoint accepted #5440: t=120.921s, hold=False
[INFO] [1780019760.235887586] [cartesian_streamer]: QueueTrajPoint accepted #5460: t=122.453s, hold=False
[INFO] [1780019760.672690705] [cartesian_streamer]: IK OK → Δmax=0.0160 rad, joints: [1.564, 0.606, 0.195, -0.016, -1.236, -0.016]
[INFO] [1780019761.635796299] [cartesian_streamer]: QueueTrajPoint accepted #5480: t=123.851s, hold=False
[INFO] [1780019762.142676352] [cartesian_streamer]: Runtime rate: state=streaming, tick_hz=15.0, queue_send_hz=13.4, ack_hz=13.4, busy_hz=0.0, retry_count=0, reject_count=0, inter_ack_ms=74.2, max_joint_delta=0.055, cumul_time=124.32s, hold_count=0, ik_mode=Local, ik_avg_ms=2.98, ik_fails=61
[INFO] [1780019762.682668591] [cartesian_streamer]: IK OK → Δmax=0.0105 rad, joints: [1.437, 0.553, 0.628, -0.005, -1.724, 0.104]
[INFO] [1780019763.079622462] [cartesian_streamer]: QueueTrajPoint accepted #5500: t=125.318s, hold=False
[INFO] [1780019764.691955122] [cartesian_streamer]: QueueTrajPoint accepted #5520: t=126.915s, hold=False
[INFO] [1780019764.746230567] [cartesian_streamer]: IK OK → Δmax=0.0282 rad, joints: [1.285, 0.140, 0.166, 0.007, -1.674, 0.258]
[INFO] [1780019766.217481696] [cartesian_streamer]: QueueTrajPoint accepted #5540: t=128.449s, hold=False
[INFO] [1780019766.808137599] [cartesian_streamer]: IK OK → Δmax=0.0162 rad, joints: [1.332, 0.098, -0.296, 0.003, -1.254, 0.209]
[INFO] [1780019767.204931216] [cartesian_streamer]: Runtime rate: state=streaming, tick_hz=15.0, queue_send_hz=13.2, ack_hz=13.2, busy_hz=0.0, retry_count=0, reject_count=0, inter_ack_ms=75.6, max_joint_delta=0.051, cumul_time=129.38s, hold_count=0, ik_mode=Local, ik_avg_ms=2.97, ik_fails=61
[INFO] [1780019767.778481853] [cartesian_streamer]: QueueTrajPoint accepted #5560: t=129.990s, hold=False
[INFO] [1780019768.874040318] [cartesian_streamer]: IK OK → Δmax=0.0279 rad, joints: [1.380, 0.543, -0.136, -0.001, -0.969, 0.162]
[INFO] [1780019769.225044866] [cartesian_streamer]: QueueTrajPoint accepted #5580: t=131.452s, hold=False
[INFO] [1780019770.879332980] [cartesian_streamer]: IK OK → Δmax=0.0099 rad, joints: [1.434, 0.687, -0.036, -0.006, -0.925, 0.112]
[INFO] [1780019770.959419233] [cartesian_streamer]: QueueTrajPoint accepted #5600: t=133.114s, hold=False
[INFO] [1780019772.271562434] [cartesian_streamer]: Runtime rate: state=streaming, tick_hz=15.0, queue_send_hz=12.6, ack_hz=12.4, busy_hz=0.0, retry_count=0, reject_count=0, inter_ack_ms=79.4, max_joint_delta=0.043, cumul_time=134.38s, hold_count=0, ik_mode=Local, ik_avg_ms=2.96, ik_fails=61
[INFO] [1780019772.483679075] [cartesian_streamer]: QueueTrajPoint accepted #5620: t=134.646s, hold=False
[INFO] [1780019772.881255523] [cartesian_streamer]: IK OK → Δmax=0.0154 rad, joints: [1.460, 0.744, 0.157, -0.008, -1.061, 0.086]
[INFO] [1780019774.099896433] [cartesian_streamer]: QueueTrajPoint accepted #5640: t=136.246s, hold=False
[INFO] [1780019774.939884561] [cartesian_streamer]: IK OK → Δmax=0.0023 rad, joints: [1.522, 0.873, 0.312, -0.013, -1.087, 0.027]
[INFO] [1780019775.609550276] [cartesian_streamer]: QueueTrajPoint accepted #5660: t=137.645s, hold=False
[INFO] [1780019775.740013650] [cartesian_streamer]: IK delta clamped → joints: [1.536, 0.813, 0.125, -0.016, -0.936, 0.016]
[INFO] [1780019776.948259834] [cartesian_streamer]: IK OK → Δmax=0.0035 rad, joints: [1.545, 0.814, 0.101, -0.016, -0.935, 0.007]
[INFO] [1780019777.100313030] [cartesian_streamer]: QueueTrajPoint accepted #5680: t=139.247s, hold=False
[INFO] [1780019777.337637508] [cartesian_streamer]: Runtime rate: state=streaming, tick_hz=15.0, queue_send_hz=12.8, ack_hz=13.0, busy_hz=0.0, retry_count=0, reject_count=0, inter_ack_ms=78.4, max_joint_delta=0.070, cumul_time=139.38s, hold_count=0, ik_mode=Local, ik_avg_ms=2.95, ik_fails=61
[INFO] [1780019778.889517209] [cartesian_streamer]: QueueTrajPoint accepted #5700: t=141.044s, hold=False
[INFO] [1780019779.008607041] [cartesian_streamer]: IK OK → Δmax=0.0212 rad, joints: [1.431, 0.603, 0.266, -0.005, -1.311, 0.113]
[INFO] [1780019780.421280935] [cartesian_streamer]: QueueTrajPoint accepted #5720: t=142.577s, hold=False
[INFO] [1780019781.074479418] [cartesian_streamer]: IK OK → Δmax=0.0120 rad, joints: [1.336, 0.374, 0.441, 0.003, -1.715, 0.206]
[INFO] [1780019781.899594160] [cartesian_streamer]: QueueTrajPoint accepted #5740: t=144.043s, hold=False
[INFO] [1780019782.403788445] [cartesian_streamer]: Runtime rate: state=streaming, tick_hz=15.0, queue_send_hz=12.6, ack_hz=12.6, busy_hz=0.0, retry_count=0, reject_count=0, inter_ack_ms=78.5, max_joint_delta=0.056, cumul_time=144.51s, hold_count=0, ik_mode=Local, ik_avg_ms=2.94, ik_fails=61
[INFO] [1780019783.143807615] [cartesian_streamer]: IK OK → Δmax=0.0154 rad, joints: [1.276, 0.036, 0.120, 0.008, -1.732, 0.267]
[INFO] [1780019783.483477212] [cartesian_streamer]: QueueTrajPoint accepted #5760: t=145.643s, hold=False
[INFO] [1780019785.161366292] [cartesian_streamer]: QueueTrajPoint accepted #5780: t=147.305s, hold=False
[INFO] [1780019785.206054970] [cartesian_streamer]: IK OK → Δmax=0.0187 rad, joints: [1.209, -0.023, -0.361, 0.013, -1.309, 0.329]
[INFO] [1780019786.564002207] [cartesian_streamer]: QueueTrajPoint accepted #5800: t=148.707s, hold=False
[INFO] [1780019787.273002012] [cartesian_streamer]: IK OK → Δmax=0.0135 rad, joints: [1.325, 0.425, -0.197, 0.004, -1.027, 0.215]
[INFO] [1780019787.404666428] [cartesian_streamer]: Runtime rate: state=streaming, tick_hz=15.0, queue_send_hz=13.0, ack_hz=13.0, busy_hz=0.0, retry_count=0, reject_count=0, inter_ack_ms=77.0, max_joint_delta=0.062, cumul_time=149.51s, hold_count=0, ik_mode=Local, ik_avg_ms=2.93, ik_fails=61
[INFO] [1780019787.950703529] [cartesian_streamer]: QueueTrajPoint accepted #5820: t=150.106s, hold=False
[INFO] [1780019789.273561220] [cartesian_streamer]: IK OK → Δmax=0.0151 rad, joints: [1.327, 0.013, -0.547, 0.004, -1.088, 0.213]
[INFO] [1780019789.413894894] [cartesian_streamer]: QueueTrajPoint accepted #5840: t=151.572s, hold=False
[INFO] [1780019790.890395051] [cartesian_streamer]: QueueTrajPoint accepted #5860: t=153.040s, hold=False
[INFO] [1780019791.276646976] [cartesian_streamer]: IK OK → Δmax=0.0146 rad, joints: [1.268, 0.264, -0.427, 0.010, -0.957, 0.268]
[INFO] [1780019792.408634514] [cartesian_streamer]: Runtime rate: state=streaming, tick_hz=15.0, queue_send_hz=13.4, ack_hz=13.4, busy_hz=0.0, retry_count=0, reject_count=0, inter_ack_ms=74.5, max_joint_delta=0.068, cumul_time=154.51s, hold_count=0, ik_mode=Local, ik_avg_ms=2.92, ik_fails=61
[INFO] [1780019792.499201969] [cartesian_streamer]: QueueTrajPoint accepted #5880: t=154.637s, hold=False
[INFO] [1780019793.277341301] [cartesian_streamer]: IK OK → Δmax=0.0256 rad, joints: [1.376, 0.531, 0.242, -0.000, -1.359, 0.166]
[INFO] [1780019793.883471969] [cartesian_streamer]: QueueTrajPoint accepted #5900: t=156.037s, hold=False
[INFO] [1780019794.143626412] [cartesian_streamer]: IK delta clamped → joints: [1.443, 0.596, 0.564, -0.005, -1.616, 0.098]
[INFO] [1780019795.339997435] [cartesian_streamer]: IK OK → Δmax=0.0191 rad, joints: [1.588, 0.554, 0.663, -0.017, -1.755, -0.049]
[INFO] [1780019795.542673311] [cartesian_streamer]: QueueTrajPoint accepted #5920: t=157.575s, hold=False
[INFO] [1780019796.961986844] [cartesian_streamer]: QueueTrajPoint accepted #5940: t=159.107s, hold=False
[INFO] [1780019797.341809908] [cartesian_streamer]: IK OK → Δmax=0.0116 rad, joints: [1.759, 0.274, 0.102, -0.029, -1.470, -0.214]
[INFO] [1780019797.405108771] [cartesian_streamer]: Runtime rate: state=streaming, tick_hz=15.0, queue_send_hz=13.6, ack_hz=13.4, busy_hz=0.0, retry_count=0, reject_count=0, inter_ack_ms=73.7, max_joint_delta=0.070, cumul_time=159.51s, hold_count=0, ik_mode=Local, ik_avg_ms=2.92, ik_fails=61
[INFO] [1780019798.430902545] [cartesian_streamer]: QueueTrajPoint accepted #5960: t=160.571s, hold=False
[INFO] [1780019799.405390824] [cartesian_streamer]: IK OK → Δmax=0.0510 rad, joints: [1.766, -0.007, -0.346, -0.031, -1.303, -0.215]
[INFO] [1780019800.017878179] [cartesian_streamer]: QueueTrajPoint accepted #5980: t=162.094s, hold=False
[INFO] [1780019801.418067680] [cartesian_streamer]: IK OK → Δmax=0.0118 rad, joints: [1.516, 0.026, -0.401, -0.012, -1.221, 0.031]
[INFO] [1780019801.610217406] [cartesian_streamer]: QueueTrajPoint accepted #6000: t=163.627s, hold=False
[INFO] [1780019802.473987087] [cartesian_streamer]: Runtime rate: state=streaming, tick_hz=15.0, queue_send_hz=12.6, ack_hz=12.8, busy_hz=0.0, retry_count=0, reject_count=0, inter_ack_ms=79.1, max_joint_delta=0.069, cumul_time=164.43s, hold_count=0, ik_mode=Local, ik_avg_ms=2.91, ik_fails=61
[INFO] [1780019803.225117226] [cartesian_streamer]: QueueTrajPoint accepted #6020: t=165.227s, hold=False
[INFO] [1780019803.471999185] [cartesian_streamer]: IK OK → Δmax=0.0215 rad, joints: [1.405, 0.410, 0.067, -0.003, -1.305, 0.138]
[INFO] [1780019804.820647987] [cartesian_streamer]: QueueTrajPoint accepted #6040: t=166.828s, hold=False
[INFO] [1780019805.473838236] [cartesian_streamer]: IK OK → Δmax=0.0270 rad, joints: [1.553, 0.592, 0.422, -0.014, -1.477, -0.010]
[INFO] [1780019806.205467920] [cartesian_streamer]: IK delta clamped → joints: [1.568, 0.447, 0.190, -0.015, -1.384, -0.023]
[WARN] [1780019806.284087753] [cartesian_streamer]: Queue BUSY, sẽ resend (backoff 66ms): msg="Busy processing the previous trajectory point. Please resend the next point shortly"
[INFO] [1780019806.679724310] [cartesian_streamer]: QueueTrajPoint accepted #6060: t=168.361s, hold=False
[INFO] [1780019807.475195664] [cartesian_streamer]: IK OK → Δmax=0.0700 rad, joints: [1.416, 0.203, -0.081, -0.003, -1.364, 0.127]
[INFO] [1780019807.538865034] [cartesian_streamer]: Runtime rate: state=streaming, tick_hz=15.0, queue_send_hz=11.8, ack_hz=11.7, busy_hz=0.2, retry_count=1, reject_count=0, inter_ack_ms=86.3, max_joint_delta=0.070, cumul_time=169.11s, hold_count=0, ik_mode=Local, ik_avg_ms=2.90, ik_fails=61
[INFO] [1780019808.281613281] [cartesian_streamer]: QueueTrajPoint accepted #6080: t=170.035s, hold=False
[INFO] [1780019809.482619720] [cartesian_streamer]: IK OK → Δmax=0.0192 rad, joints: [1.233, 0.082, -0.577, 0.013, -0.988, 0.302]
[INFO] [1780019809.772133800] [cartesian_streamer]: QueueTrajPoint accepted #6100: t=171.501s, hold=False
[INFO] [1780019811.099051590] [cartesian_streamer]: QueueTrajPoint accepted #6120: t=172.831s, hold=False
[INFO] [1780019811.539394136] [cartesian_streamer]: IK OK → Δmax=0.0452 rad, joints: [1.275, 0.543, -0.189, 0.010, -0.916, 0.261]
[INFO] [1780019812.552506934] [cartesian_streamer]: Runtime rate: state=streaming, tick_hz=15.0, queue_send_hz=13.6, ack_hz=13.6, busy_hz=0.0, retry_count=0, reject_count=0, inter_ack_ms=73.0, max_joint_delta=0.070, cumul_time=174.23s, hold_count=0, ik_mode=Local, ik_avg_ms=2.89, ik_fails=61
[INFO] [1780019812.701070290] [cartesian_streamer]: QueueTrajPoint accepted #6140: t=174.433s, hold=False
[INFO] [1780019813.541471980] [cartesian_streamer]: IK OK → Δmax=0.0246 rad, joints: [1.384, 0.727, -0.206, -0.001, -0.716, 0.159]
[INFO] [1780019814.408585588] [cartesian_streamer]: QueueTrajPoint accepted #6160: t=176.162s, hold=False
[INFO] [1780019815.544442912] [cartesian_streamer]: IK OK → Δmax=0.0042 rad, joints: [1.434, 0.679, -0.177, -0.007, -0.792, 0.112]
[INFO] [1780019816.000343426] [cartesian_streamer]: QueueTrajPoint accepted #6180: t=177.631s, hold=False
[INFO] [1780019817.604437419] [cartesian_streamer]: Runtime rate: state=streaming, tick_hz=15.0, queue_send_hz=11.7, ack_hz=11.7, busy_hz=0.0, retry_count=0, reject_count=0, inter_ack_ms=85.7, max_joint_delta=0.045, cumul_time=179.10s, hold_count=0, ik_mode=Local, ik_avg_ms=2.88, ik_fails=61
[INFO] [1780019817.606913648] [cartesian_streamer]: IK OK → Δmax=0.0173 rad, joints: [1.408, 0.591, -0.178, -0.004, -0.880, 0.136]
[INFO] [1780019817.897416977] [cartesian_streamer]: QueueTrajPoint accepted #6200: t=179.431s, hold=False
[INFO] [1780019819.425829780] [cartesian_streamer]: QueueTrajPoint accepted #6220: t=180.964s, hold=False
[INFO] [1780019819.611549372] [cartesian_streamer]: IK OK → Δmax=0.0296 rad, joints: [1.354, 0.328, 0.024, 0.002, -1.344, 0.187]
[INFO] [1780019820.344974054] [cartesian_streamer]: IK delta clamped → joints: [1.360, 0.261, 0.148, 0.001, -1.535, 0.182]
[INFO] [1780019821.090796403] [cartesian_streamer]: QueueTrajPoint accepted #6240: t=182.631s, hold=False
[INFO] [1780019821.675644606] [cartesian_streamer]: IK OK → Δmax=0.0165 rad, joints: [1.362, 0.188, 0.431, 0.001, -1.891, 0.180]
[INFO] [1780019822.497826594] [cartesian_streamer]: QueueTrajPoint accepted #6260: t=184.029s, hold=False
[INFO] [1780019822.608572445] [cartesian_streamer]: Runtime rate: state=streaming, tick_hz=15.0, queue_send_hz=13.0, ack_hz=13.0, busy_hz=0.0, retry_count=0, reject_count=0, inter_ack_ms=77.2, max_joint_delta=0.072, cumul_time=184.10s, hold_count=0, ik_mode=Local, ik_avg_ms=2.88, ik_fails=61
[INFO] [1780019823.739788597] [cartesian_streamer]: IK OK → Δmax=0.0353 rad, joints: [1.279, 0.027, 0.062, 0.007, -1.683, 0.264]
[INFO] [1780019823.953109694] [cartesian_streamer]: QueueTrajPoint accepted #6280: t=185.498s, hold=False
[INFO] [1780019825.558157879] [cartesian_streamer]: Disable Robot: dừng stream, tắt traj mode...
[INFO] [1780019825.560896979] [cartesian_streamer]: ✗ Robot DISABLED.
[INFO] [1780020035.792147279] [cartesian_streamer]: Graceful shutdown: tắt Point Queue Mode trước khi thoát...
[INFO] [1780020035.793091058] [cartesian_streamer]: Robot chưa enable, không cần stop_traj_mode.
[INFO] [1780020035.793872701] [cartesian_streamer]: Shutdown hoàn tất. Tủ điện sẽ KHÔNG bị alarm.
