[INFO] [1786591303.341776474] [experiment_logger]: Logger ready.
[INFO] [1786591364.682582239] [experiment_logger]: Trajectory mode: prediction
[INFO] [1786591377.190924721] [experiment_logger]: Service called: /logger/toggle with data=True
[INFO] [1786591377.191249065] [experiment_logger]: ✓ STARTED in-memory logging. Target file: /home/duy/cocarry_ws/cocarry_logs/experiment_GRU_20260813_102257.csv
[INFO] [1786591385.074607361] [experiment_logger]: Service called: /logger/toggle with data=False
[INFO] [1786591385.075173149] [experiment_logger]: Writing 232 rows from memory to /home/duy/cocarry_ws/cocarry_logs/experiment_GRU_20260813_102257.csv...
[INFO] [1786591385.078843623] [experiment_logger]: ✓ Successfully wrote logs to disk.
[INFO] [1786591385.079311270] [experiment_logger]: Stopped logging. Saved 232 rows to /home/duy/cocarry_ws/cocarry_logs/experiment_GRU_20260813_102257.csv
[INFO] [1786591385.082843899] [experiment_logger]: 
============================================================
EXPERIMENT METRICS
  File: experiment_GRU_20260813_102257.csv
  Total samples: 232
  Task completion time: 7.88 s
  --- Prediction Accuracy (over 232 samples) ---
  Avg Inference Time: 4.73 ms
  Mean Squared Error (MSE): 0.002787 m²
  Mean Absolute Error (MAE - 3D): 0.0466 m
      MAE X: 0.0264 m
      MAE Y: 0.0316 m
      MAE Z: 0.0106 m
  --- Trajectory Smoothness (Robot EE) ---
  Mean Jerk (3D): 7.6760 m/s³
      Jerk X: 3.6079 m/s³
      Jerk Y: 5.5849 m/s³
      Jerk Z: 2.0947 m/s³
  Max Jerk (3D): 50.1403 m/s³
  RMS Jerk (3D): 11.0085 m/s³
============================================================
[INFO] [1786591426.539385474] [experiment_logger]: Service called: /logger/toggle with data=True
[INFO] [1786591426.540039156] [experiment_logger]: ✓ STARTED in-memory logging. Target file: /home/duy/cocarry_ws/cocarry_logs/experiment_GRU_20260813_102346.csv
[INFO] [1786591433.904546651] [experiment_logger]: Service called: /logger/toggle with data=False
[INFO] [1786591433.905061271] [experiment_logger]: Writing 213 rows from memory to /home/duy/cocarry_ws/cocarry_logs/experiment_GRU_20260813_102346.csv...
[INFO] [1786591433.908956138] [experiment_logger]: ✓ Successfully wrote logs to disk.
[INFO] [1786591433.909430357] [experiment_logger]: Stopped logging. Saved 213 rows to /home/duy/cocarry_ws/cocarry_logs/experiment_GRU_20260813_102346.csv
[INFO] [1786591433.912046558] [experiment_logger]: 
============================================================
EXPERIMENT METRICS
  File: experiment_GRU_20260813_102346.csv
  Total samples: 213
  Task completion time: 7.37 s
  --- Prediction Accuracy (over 213 samples) ---
  Avg Inference Time: 4.38 ms
  Mean Squared Error (MSE): 0.002400 m²
  Mean Absolute Error (MAE - 3D): 0.0453 m
      MAE X: 0.0232 m
      MAE Y: 0.0332 m
      MAE Z: 0.0090 m
  --- Trajectory Smoothness (Robot EE) ---
  Mean Jerk (3D): 12.6600 m/s³
      Jerk X: 4.3594 m/s³
      Jerk Y: 10.7687 m/s³
      Jerk Z: 2.2867 m/s³
  Max Jerk (3D): 185.4099 m/s³
  RMS Jerk (3D): 26.4054 m/s³
============================================================
[INFO] [1786591467.026387333] [experiment_logger]: Service called: /logger/toggle with data=True
[INFO] [1786591467.027032669] [experiment_logger]: ✓ STARTED in-memory logging. Target file: /home/duy/cocarry_ws/cocarry_logs/experiment_GRU_20260813_102427.csv
[INFO] [1786591474.396187159] [experiment_logger]: Service called: /logger/toggle with data=False
[INFO] [1786591474.396570628] [experiment_logger]: Writing 216 rows from memory to /home/duy/cocarry_ws/cocarry_logs/experiment_GRU_20260813_102427.csv...
[INFO] [1786591474.399392696] [experiment_logger]: ✓ Successfully wrote logs to disk.
[INFO] [1786591474.400022904] [experiment_logger]: Stopped logging. Saved 216 rows to /home/duy/cocarry_ws/cocarry_logs/experiment_GRU_20260813_102427.csv
[INFO] [1786591474.403535871] [experiment_logger]: 
============================================================
EXPERIMENT METRICS
  File: experiment_GRU_20260813_102427.csv
  Total samples: 216
  Task completion time: 7.37 s
  --- Prediction Accuracy (over 216 samples) ---
  Avg Inference Time: 4.05 ms
  Mean Squared Error (MSE): 0.002010 m²
  Mean Absolute Error (MAE - 3D): 0.0416 m
      MAE X: 0.0167 m
      MAE Y: 0.0319 m
      MAE Z: 0.0107 m
  --- Trajectory Smoothness (Robot EE) ---
  Mean Jerk (3D): 14.1670 m/s³
      Jerk X: 3.7194 m/s³
      Jerk Y: 11.5260 m/s³
      Jerk Z: 4.2454 m/s³
  Max Jerk (3D): 174.5442 m/s³
  RMS Jerk (3D): 30.4830 m/s³
============================================================
[INFO] [1786591507.845315007] [experiment_logger]: Service called: /logger/toggle with data=True
[INFO] [1786591507.845648492] [experiment_logger]: ✓ STARTED in-memory logging. Target file: /home/duy/cocarry_ws/cocarry_logs/experiment_GRU_20260813_102507.csv
[INFO] [1786591511.114434503] [experiment_logger]: Service called: /logger/toggle with data=False
[INFO] [1786591511.115026028] [experiment_logger]: Writing 93 rows from memory to /home/duy/cocarry_ws/cocarry_logs/experiment_GRU_20260813_102507.csv...
[INFO] [1786591511.117252281] [experiment_logger]: ✓ Successfully wrote logs to disk.
[INFO] [1786591511.117986102] [experiment_logger]: Stopped logging. Saved 93 rows to /home/duy/cocarry_ws/cocarry_logs/experiment_GRU_20260813_102507.csv
[INFO] [1786591511.120343057] [experiment_logger]: 
============================================================
EXPERIMENT METRICS
  File: experiment_GRU_20260813_102507.csv
  Total samples: 93
  Task completion time: 3.27 s
  --- Prediction Accuracy (over 93 samples) ---
  Avg Inference Time: 5.23 ms
  Mean Squared Error (MSE): 0.137244 m²
  Mean Absolute Error (MAE - 3D): 0.2813 m
      MAE X: 0.0543 m
      MAE Y: 0.2717 m
      MAE Z: 0.0147 m
  --- Trajectory Smoothness (Robot EE) ---
  Mean Jerk (3D): 118.0462 m/s³
      Jerk X: 45.7506 m/s³
      Jerk Y: 98.4100 m/s³
      Jerk Z: 14.8544 m/s³
  Max Jerk (3D): 1295.0540 m/s³
  RMS Jerk (3D): 265.6237 m/s³
============================================================
[INFO] [1786591542.210322473] [experiment_logger]: Service called: /logger/toggle with data=False
[INFO] [1786591553.435318255] [experiment_logger]: Service called: /logger/toggle with data=True
[INFO] [1786591553.436019337] [experiment_logger]: ✓ STARTED in-memory logging. Target file: /home/duy/cocarry_ws/cocarry_logs/experiment_GRU_20260813_102553.csv
[INFO] [1786591561.849559580] [experiment_logger]: Service called: /logger/toggle with data=False
[INFO] [1786591561.849865854] [experiment_logger]: Writing 243 rows from memory to /home/duy/cocarry_ws/cocarry_logs/experiment_GRU_20260813_102553.csv...
[INFO] [1786591561.852823950] [experiment_logger]: ✓ Successfully wrote logs to disk.
[INFO] [1786591561.853308817] [experiment_logger]: Stopped logging. Saved 243 rows to /home/duy/cocarry_ws/cocarry_logs/experiment_GRU_20260813_102553.csv
[INFO] [1786591561.856821661] [experiment_logger]: 
============================================================
EXPERIMENT METRICS
  File: experiment_GRU_20260813_102553.csv
  Total samples: 243
  Task completion time: 8.41 s
  --- Prediction Accuracy (over 243 samples) ---
  Avg Inference Time: 4.65 ms
  Mean Squared Error (MSE): 0.003135 m²
  Mean Absolute Error (MAE - 3D): 0.0494 m
      MAE X: 0.0249 m
      MAE Y: 0.0398 m
      MAE Z: 0.0058 m
  --- Trajectory Smoothness (Robot EE) ---
  Mean Jerk (3D): 14.9676 m/s³
      Jerk X: 5.4975 m/s³
      Jerk Y: 12.0988 m/s³
      Jerk Z: 4.1684 m/s³
  Max Jerk (3D): 190.3848 m/s³
  RMS Jerk (3D): 30.6038 m/s³
============================================================
[INFO] [1786591590.290063349] [experiment_logger]: Service called: /logger/toggle with data=False
[INFO] [1786591600.084801537] [experiment_logger]: Service called: /logger/toggle with data=True
[INFO] [1786591600.085350447] [experiment_logger]: ✓ STARTED in-memory logging. Target file: /home/duy/cocarry_ws/cocarry_logs/experiment_GRU_20260813_102640.csv
[INFO] [1786591609.796461505] [experiment_logger]: Service called: /logger/toggle with data=False
[INFO] [1786591609.797022421] [experiment_logger]: Writing 286 rows from memory to /home/duy/cocarry_ws/cocarry_logs/experiment_GRU_20260813_102640.csv...
[INFO] [1786591609.801792492] [experiment_logger]: ✓ Successfully wrote logs to disk.
[INFO] [1786591609.802827293] [experiment_logger]: Stopped logging. Saved 286 rows to /home/duy/cocarry_ws/cocarry_logs/experiment_GRU_20260813_102640.csv
[INFO] [1786591609.806979904] [experiment_logger]: 
============================================================
EXPERIMENT METRICS
  File: experiment_GRU_20260813_102640.csv
  Total samples: 286
  Task completion time: 9.71 s
  --- Prediction Accuracy (over 286 samples) ---
  Avg Inference Time: 3.81 ms
  Mean Squared Error (MSE): 0.002615 m²
  Mean Absolute Error (MAE - 3D): 0.0450 m
      MAE X: 0.0199 m
      MAE Y: 0.0360 m
      MAE Z: 0.0092 m
  --- Trajectory Smoothness (Robot EE) ---
  Mean Jerk (3D): 8.8636 m/s³
      Jerk X: 2.5166 m/s³
      Jerk Y: 7.2277 m/s³
      Jerk Z: 1.9332 m/s³
  Max Jerk (3D): 246.6152 m/s³
  RMS Jerk (3D): 25.8218 m/s³
============================================================
[INFO] [1786591653.810255144] [experiment_logger]: Service called: /logger/toggle with data=False
[INFO] [1786591663.822188699] [experiment_logger]: Service called: /logger/toggle with data=True
[INFO] [1786591663.822755721] [experiment_logger]: ✓ STARTED in-memory logging. Target file: /home/duy/cocarry_ws/cocarry_logs/experiment_GRU_20260813_102743.csv
[INFO] [1786591672.157022516] [experiment_logger]: Service called: /logger/toggle with data=False
[INFO] [1786591672.157302108] [experiment_logger]: Writing 242 rows from memory to /home/duy/cocarry_ws/cocarry_logs/experiment_GRU_20260813_102743.csv...
[INFO] [1786591672.161555339] [experiment_logger]: ✓ Successfully wrote logs to disk.
[INFO] [1786591672.162542872] [experiment_logger]: Stopped logging. Saved 242 rows to /home/duy/cocarry_ws/cocarry_logs/experiment_GRU_20260813_102743.csv
[INFO] [1786591672.168034946] [experiment_logger]: 
============================================================
EXPERIMENT METRICS
  File: experiment_GRU_20260813_102743.csv
  Total samples: 242
  Task completion time: 8.33 s
  --- Prediction Accuracy (over 242 samples) ---
  Avg Inference Time: 4.14 ms
  Mean Squared Error (MSE): 0.002730 m²
  Mean Absolute Error (MAE - 3D): 0.0467 m
      MAE X: 0.0219 m
      MAE Y: 0.0363 m
      MAE Z: 0.0082 m
  --- Trajectory Smoothness (Robot EE) ---
  Mean Jerk (3D): 14.2434 m/s³
      Jerk X: 5.6107 m/s³
      Jerk Y: 10.8374 m/s³
      Jerk Z: 4.1252 m/s³
  Max Jerk (3D): 88.2364 m/s³
  RMS Jerk (3D): 21.8569 m/s³
============================================================
[INFO] [1786591703.694223577] [experiment_logger]: Service called: /logger/toggle with data=False
[INFO] [1786591714.857057610] [experiment_logger]: Service called: /logger/toggle with data=True
[INFO] [1786591714.857517508] [experiment_logger]: ✓ STARTED in-memory logging. Target file: /home/duy/cocarry_ws/cocarry_logs/experiment_GRU_20260813_102834.csv
[INFO] [1786591722.247730023] [experiment_logger]: Service called: /logger/toggle with data=False
[INFO] [1786591722.247998432] [experiment_logger]: Writing 212 rows from memory to /home/duy/cocarry_ws/cocarry_logs/experiment_GRU_20260813_102834.csv...
[INFO] [1786591722.250794658] [experiment_logger]: ✓ Successfully wrote logs to disk.
[INFO] [1786591722.251325270] [experiment_logger]: Stopped logging. Saved 212 rows to /home/duy/cocarry_ws/cocarry_logs/experiment_GRU_20260813_102834.csv
[INFO] [1786591722.254261506] [experiment_logger]: 
============================================================
EXPERIMENT METRICS
  File: experiment_GRU_20260813_102834.csv
  Total samples: 212
  Task completion time: 7.39 s
  --- Prediction Accuracy (over 212 samples) ---
  Avg Inference Time: 4.24 ms
  Mean Squared Error (MSE): 0.002936 m²
  Mean Absolute Error (MAE - 3D): 0.0512 m
      MAE X: 0.0258 m
      MAE Y: 0.0375 m
      MAE Z: 0.0079 m
  --- Trajectory Smoothness (Robot EE) ---
  Mean Jerk (3D): 20.7639 m/s³
      Jerk X: 6.0355 m/s³
      Jerk Y: 17.9277 m/s³
      Jerk Z: 4.3446 m/s³
  Max Jerk (3D): 281.3600 m/s³
  RMS Jerk (3D): 43.0114 m/s³
============================================================
[INFO] [1786591746.909720666] [experiment_logger]: Service called: /logger/toggle with data=False
[INFO] [1786591761.760845328] [experiment_logger]: Service called: /logger/toggle with data=True
[INFO] [1786591761.761358691] [experiment_logger]: ✓ STARTED in-memory logging. Target file: /home/duy/cocarry_ws/cocarry_logs/experiment_GRU_20260813_102921.csv
[INFO] [1786591770.140156694] [experiment_logger]: Service called: /logger/toggle with data=False
[INFO] [1786591770.140563853] [experiment_logger]: Writing 247 rows from memory to /home/duy/cocarry_ws/cocarry_logs/experiment_GRU_20260813_102921.csv...
[INFO] [1786591770.143894112] [experiment_logger]: ✓ Successfully wrote logs to disk.
[INFO] [1786591770.144374319] [experiment_logger]: Stopped logging. Saved 247 rows to /home/duy/cocarry_ws/cocarry_logs/experiment_GRU_20260813_102921.csv
[INFO] [1786591770.147632080] [experiment_logger]: 
============================================================
EXPERIMENT METRICS
  File: experiment_GRU_20260813_102921.csv
  Total samples: 247
  Task completion time: 8.38 s
  --- Prediction Accuracy (over 247 samples) ---
  Avg Inference Time: 4.15 ms
  Mean Squared Error (MSE): 0.002012 m²
  Mean Absolute Error (MAE - 3D): 0.0391 m
      MAE X: 0.0226 m
      MAE Y: 0.0250 m
      MAE Z: 0.0101 m
  --- Trajectory Smoothness (Robot EE) ---
  Mean Jerk (3D): 16.1854 m/s³
      Jerk X: 4.9981 m/s³
      Jerk Y: 12.7070 m/s³
      Jerk Z: 7.0135 m/s³
  Max Jerk (3D): 202.9234 m/s³
  RMS Jerk (3D): 35.8420 m/s³
============================================================
[INFO] [1786591795.759744260] [experiment_logger]: Service called: /logger/toggle with data=False
[INFO] [1786591798.426594982] [experiment_logger]: Trajectory mode: ergonomics
[INFO] [1786591814.196828580] [experiment_logger]: Service called: /logger/toggle with data=True
[INFO] [1786591814.197132350] [experiment_logger]: ✓ STARTED in-memory logging. Target file: /home/duy/cocarry_ws/cocarry_logs/experiment_ERGONOMICS_20260813_103014.csv
[INFO] [1786591822.328391337] [experiment_logger]: Service called: /logger/toggle with data=False
[INFO] [1786591822.328954575] [experiment_logger]: Writing 237 rows from memory to /home/duy/cocarry_ws/cocarry_logs/experiment_ERGONOMICS_20260813_103014.csv...
[INFO] [1786591822.333710397] [experiment_logger]: ✓ Successfully wrote logs to disk.
[INFO] [1786591822.334916925] [experiment_logger]: Stopped logging. Saved 237 rows to /home/duy/cocarry_ws/cocarry_logs/experiment_ERGONOMICS_20260813_103014.csv
[INFO] [1786591822.340408260] [experiment_logger]: 
============================================================
EXPERIMENT METRICS
  File: experiment_ERGONOMICS_20260813_103014.csv
  Total samples: 237
  Task completion time: 8.13 s
  --- Prediction Accuracy (over 237 samples) ---
  Avg Inference Time: 3.98 ms
  Mean Squared Error (MSE): 0.008764 m²
  Mean Absolute Error (MAE - 3D): 0.0644 m
      MAE X: 0.0166 m
      MAE Y: 0.0583 m
      MAE Z: 0.0109 m
  --- Trajectory Smoothness (Robot EE) ---
  Mean Jerk (3D): 17.5792 m/s³
      Jerk X: 5.2135 m/s³
      Jerk Y: 15.2093 m/s³
      Jerk Z: 4.8406 m/s³
  Max Jerk (3D): 144.0441 m/s³
  RMS Jerk (3D): 31.5357 m/s³
============================================================
[INFO] [1786591850.757208656] [experiment_logger]: Service called: /logger/toggle with data=False
[INFO] [1786591860.225429231] [experiment_logger]: Service called: /logger/toggle with data=True
[INFO] [1786591860.225818680] [experiment_logger]: ✓ STARTED in-memory logging. Target file: /home/duy/cocarry_ws/cocarry_logs/experiment_ERGONOMICS_20260813_103100.csv
[INFO] [1786591867.834188611] [experiment_logger]: Service called: /logger/toggle with data=False
[INFO] [1786591867.835198029] [experiment_logger]: Writing 222 rows from memory to /home/duy/cocarry_ws/cocarry_logs/experiment_ERGONOMICS_20260813_103100.csv...
[INFO] [1786591867.840567664] [experiment_logger]: ✓ Successfully wrote logs to disk.
[INFO] [1786591867.841274264] [experiment_logger]: Stopped logging. Saved 222 rows to /home/duy/cocarry_ws/cocarry_logs/experiment_ERGONOMICS_20260813_103100.csv
[INFO] [1786591867.846759639] [experiment_logger]: 
============================================================
EXPERIMENT METRICS
  File: experiment_ERGONOMICS_20260813_103100.csv
  Total samples: 222
  Task completion time: 7.61 s
  --- Prediction Accuracy (over 222 samples) ---
  Avg Inference Time: 4.35 ms
  Mean Squared Error (MSE): 0.002617 m²
  Mean Absolute Error (MAE - 3D): 0.0460 m
      MAE X: 0.0182 m
      MAE Y: 0.0400 m
      MAE Z: 0.0083 m
  --- Trajectory Smoothness (Robot EE) ---
  Mean Jerk (3D): 18.0625 m/s³
      Jerk X: 5.1342 m/s³
      Jerk Y: 14.5372 m/s³
      Jerk Z: 5.4136 m/s³
  Max Jerk (3D): 240.1530 m/s³
  RMS Jerk (3D): 36.9055 m/s³
============================================================
[INFO] [1786591893.542888462] [experiment_logger]: Service called: /logger/toggle with data=False
[INFO] [1786591902.706926957] [experiment_logger]: Service called: /logger/toggle with data=True
[INFO] [1786591902.707501861] [experiment_logger]: ✓ STARTED in-memory logging. Target file: /home/duy/cocarry_ws/cocarry_logs/experiment_ERGONOMICS_20260813_103142.csv
[INFO] [1786591910.088714874] [experiment_logger]: Service called: /logger/toggle with data=False
[INFO] [1786591910.089304014] [experiment_logger]: Writing 214 rows from memory to /home/duy/cocarry_ws/cocarry_logs/experiment_ERGONOMICS_20260813_103142.csv...
[INFO] [1786591910.093420659] [experiment_logger]: ✓ Successfully wrote logs to disk.
[INFO] [1786591910.094408280] [experiment_logger]: Stopped logging. Saved 214 rows to /home/duy/cocarry_ws/cocarry_logs/experiment_ERGONOMICS_20260813_103142.csv
[INFO] [1786591910.099295662] [experiment_logger]: 
============================================================
EXPERIMENT METRICS
  File: experiment_ERGONOMICS_20260813_103142.csv
  Total samples: 214
  Task completion time: 7.38 s
  --- Prediction Accuracy (over 214 samples) ---
  Avg Inference Time: 4.15 ms
  Mean Squared Error (MSE): 0.002272 m²
  Mean Absolute Error (MAE - 3D): 0.0433 m
      MAE X: 0.0190 m
      MAE Y: 0.0357 m
      MAE Z: 0.0072 m
  --- Trajectory Smoothness (Robot EE) ---
  Mean Jerk (3D): 18.6012 m/s³
      Jerk X: 4.5582 m/s³
      Jerk Y: 16.4866 m/s³
      Jerk Z: 4.0605 m/s³
  Max Jerk (3D): 423.0751 m/s³
  RMS Jerk (3D): 48.6068 m/s³
============================================================
[INFO] [1786591931.533822869] [experiment_logger]: Service called: /logger/toggle with data=False
[INFO] [1786591942.382861164] [experiment_logger]: Service called: /logger/toggle with data=True
[INFO] [1786591942.383490599] [experiment_logger]: ✓ STARTED in-memory logging. Target file: /home/duy/cocarry_ws/cocarry_logs/experiment_ERGONOMICS_20260813_103222.csv
[INFO] [1786591949.706253403] [experiment_logger]: Service called: /logger/toggle with data=False
[INFO] [1786591949.706499185] [experiment_logger]: Writing 213 rows from memory to /home/duy/cocarry_ws/cocarry_logs/experiment_ERGONOMICS_20260813_103222.csv...
[INFO] [1786591949.709354544] [experiment_logger]: ✓ Successfully wrote logs to disk.
[INFO] [1786591949.709790939] [experiment_logger]: Stopped logging. Saved 213 rows to /home/duy/cocarry_ws/cocarry_logs/experiment_ERGONOMICS_20260813_103222.csv
[INFO] [1786591949.712653483] [experiment_logger]: 
============================================================
EXPERIMENT METRICS
  File: experiment_ERGONOMICS_20260813_103222.csv
  Total samples: 213
  Task completion time: 7.32 s
  --- Prediction Accuracy (over 213 samples) ---
  Avg Inference Time: 3.74 ms
  Mean Squared Error (MSE): 0.002264 m²
  Mean Absolute Error (MAE - 3D): 0.0420 m
      MAE X: 0.0191 m
      MAE Y: 0.0324 m
      MAE Z: 0.0095 m
  --- Trajectory Smoothness (Robot EE) ---
  Mean Jerk (3D): 20.2794 m/s³
      Jerk X: 6.2940 m/s³
      Jerk Y: 17.4397 m/s³
      Jerk Z: 4.4557 m/s³
  Max Jerk (3D): 583.2472 m/s³
  RMS Jerk (3D): 63.4871 m/s³
============================================================
[INFO] [1786591978.899002600] [experiment_logger]: Service called: /logger/toggle with data=False
[INFO] [1786591991.010243412] [experiment_logger]: Service called: /logger/toggle with data=True
[INFO] [1786591991.010548098] [experiment_logger]: ✓ STARTED in-memory logging. Target file: /home/duy/cocarry_ws/cocarry_logs/experiment_ERGONOMICS_20260813_103311.csv
[INFO] [1786591998.612572483] [experiment_logger]: Service called: /logger/toggle with data=False
[INFO] [1786591998.613099447] [experiment_logger]: Writing 225 rows from memory to /home/duy/cocarry_ws/cocarry_logs/experiment_ERGONOMICS_20260813_103311.csv...
[INFO] [1786591998.617248108] [experiment_logger]: ✓ Successfully wrote logs to disk.
[INFO] [1786591998.617960859] [experiment_logger]: Stopped logging. Saved 225 rows to /home/duy/cocarry_ws/cocarry_logs/experiment_ERGONOMICS_20260813_103311.csv
[INFO] [1786591998.622776326] [experiment_logger]: 
============================================================
EXPERIMENT METRICS
  File: experiment_ERGONOMICS_20260813_103311.csv
  Total samples: 225
  Task completion time: 7.60 s
  --- Prediction Accuracy (over 225 samples) ---
  Avg Inference Time: 4.19 ms
  Mean Squared Error (MSE): 0.002447 m²
  Mean Absolute Error (MAE - 3D): 0.0446 m
      MAE X: 0.0201 m
      MAE Y: 0.0365 m
      MAE Z: 0.0062 m
  --- Trajectory Smoothness (Robot EE) ---
  Mean Jerk (3D): 16.9657 m/s³
      Jerk X: 5.9839 m/s³
      Jerk Y: 12.9763 m/s³
      Jerk Z: 4.5894 m/s³
  Max Jerk (3D): 293.2474 m/s³
  RMS Jerk (3D): 38.5376 m/s³
============================================================
[INFO] [1786592041.060115288] [experiment_logger]: Service called: /logger/toggle with data=False
[INFO] [1786592050.547428442] [experiment_logger]: Service called: /logger/toggle with data=True
[INFO] [1786592050.548181354] [experiment_logger]: ✓ STARTED in-memory logging. Target file: /home/duy/cocarry_ws/cocarry_logs/experiment_ERGONOMICS_20260813_103410.csv
[INFO] [1786592057.710516251] [experiment_logger]: Service called: /logger/toggle with data=False
[INFO] [1786592057.711041560] [experiment_logger]: Writing 213 rows from memory to /home/duy/cocarry_ws/cocarry_logs/experiment_ERGONOMICS_20260813_103410.csv...
[INFO] [1786592057.717276335] [experiment_logger]: ✓ Successfully wrote logs to disk.
[INFO] [1786592057.718063944] [experiment_logger]: Stopped logging. Saved 213 rows to /home/duy/cocarry_ws/cocarry_logs/experiment_ERGONOMICS_20260813_103410.csv
[INFO] [1786592057.721956505] [experiment_logger]: 
============================================================
EXPERIMENT METRICS
  File: experiment_ERGONOMICS_20260813_103410.csv
  Total samples: 213
  Task completion time: 7.16 s
  --- Prediction Accuracy (over 213 samples) ---
  Avg Inference Time: 4.37 ms
  Mean Squared Error (MSE): 0.003215 m²
  Mean Absolute Error (MAE - 3D): 0.0518 m
      MAE X: 0.0233 m
      MAE Y: 0.0437 m
      MAE Z: 0.0085 m
  --- Trajectory Smoothness (Robot EE) ---
  Mean Jerk (3D): 13.5707 m/s³
      Jerk X: 4.4457 m/s³
      Jerk Y: 11.4288 m/s³
      Jerk Z: 3.1519 m/s³
  Max Jerk (3D): 204.6279 m/s³
  RMS Jerk (3D): 28.8009 m/s³
============================================================
[INFO] [1786592084.370908057] [experiment_logger]: Service called: /logger/toggle with data=False
[INFO] [1786592095.038433190] [experiment_logger]: Service called: /logger/toggle with data=True
[INFO] [1786592095.038954709] [experiment_logger]: ✓ STARTED in-memory logging. Target file: /home/duy/cocarry_ws/cocarry_logs/experiment_ERGONOMICS_20260813_103455.csv
[INFO] [1786592102.148530658] [experiment_logger]: Service called: /logger/toggle with data=False
[INFO] [1786592102.148798053] [experiment_logger]: Writing 208 rows from memory to /home/duy/cocarry_ws/cocarry_logs/experiment_ERGONOMICS_20260813_103455.csv...
[INFO] [1786592102.151047133] [experiment_logger]: ✓ Successfully wrote logs to disk.
[INFO] [1786592102.151419976] [experiment_logger]: Stopped logging. Saved 208 rows to /home/duy/cocarry_ws/cocarry_logs/experiment_ERGONOMICS_20260813_103455.csv
[INFO] [1786592102.154323283] [experiment_logger]: 
============================================================
EXPERIMENT METRICS
  File: experiment_ERGONOMICS_20260813_103455.csv
  Total samples: 208
  Task completion time: 7.11 s
  --- Prediction Accuracy (over 208 samples) ---
  Avg Inference Time: 4.16 ms
  Mean Squared Error (MSE): 0.002407 m²
  Mean Absolute Error (MAE - 3D): 0.0464 m
      MAE X: 0.0190 m
      MAE Y: 0.0390 m
      MAE Z: 0.0078 m
  --- Trajectory Smoothness (Robot EE) ---
  Mean Jerk (3D): 22.3461 m/s³
      Jerk X: 8.0929 m/s³
      Jerk Y: 19.1089 m/s³
      Jerk Z: 4.5084 m/s³
  Max Jerk (3D): 470.1925 m/s³
  RMS Jerk (3D): 59.2729 m/s³
============================================================
[INFO] [1786592126.248686023] [experiment_logger]: Service called: /logger/toggle with data=False
[INFO] [1786592137.864259224] [experiment_logger]: Service called: /logger/toggle with data=True
[INFO] [1786592137.865126850] [experiment_logger]: ✓ STARTED in-memory logging. Target file: /home/duy/cocarry_ws/cocarry_logs/experiment_ERGONOMICS_20260813_103537.csv
[INFO] [1786592145.838763770] [experiment_logger]: Service called: /logger/toggle with data=False
[INFO] [1786592145.839420064] [experiment_logger]: Writing 233 rows from memory to /home/duy/cocarry_ws/cocarry_logs/experiment_ERGONOMICS_20260813_103537.csv...
[INFO] [1786592145.842645786] [experiment_logger]: ✓ Successfully wrote logs to disk.
[INFO] [1786592145.843231023] [experiment_logger]: Stopped logging. Saved 233 rows to /home/duy/cocarry_ws/cocarry_logs/experiment_ERGONOMICS_20260813_103537.csv
[INFO] [1786592145.846963645] [experiment_logger]: 
============================================================
EXPERIMENT METRICS
  File: experiment_ERGONOMICS_20260813_103537.csv
  Total samples: 233
  Task completion time: 7.97 s
  --- Prediction Accuracy (over 233 samples) ---
  Avg Inference Time: 4.30 ms
  Mean Squared Error (MSE): 0.003075 m²
  Mean Absolute Error (MAE - 3D): 0.0485 m
      MAE X: 0.0204 m
      MAE Y: 0.0386 m
      MAE Z: 0.0092 m
  --- Trajectory Smoothness (Robot EE) ---
  Mean Jerk (3D): 27.3072 m/s³
      Jerk X: 10.2165 m/s³
      Jerk Y: 24.4195 m/s³
      Jerk Z: 3.6315 m/s³
  Max Jerk (3D): 1315.7299 m/s³
  RMS Jerk (3D): 126.9612 m/s³
============================================================
[INFO] [1786592171.552523410] [experiment_logger]: Service called: /logger/toggle with data=False
[INFO] [1786592181.686918399] [experiment_logger]: Service called: /logger/toggle with data=True
[INFO] [1786592181.687492668] [experiment_logger]: ✓ STARTED in-memory logging. Target file: /home/duy/cocarry_ws/cocarry_logs/experiment_ERGONOMICS_20260813_103621.csv
[INFO] [1786592189.627227703] [experiment_logger]: Service called: /logger/toggle with data=False
[INFO] [1786592189.627665950] [experiment_logger]: Writing 230 rows from memory to /home/duy/cocarry_ws/cocarry_logs/experiment_ERGONOMICS_20260813_103621.csv...
[INFO] [1786592189.630476064] [experiment_logger]: ✓ Successfully wrote logs to disk.
[INFO] [1786592189.630915117] [experiment_logger]: Stopped logging. Saved 230 rows to /home/duy/cocarry_ws/cocarry_logs/experiment_ERGONOMICS_20260813_103621.csv
[INFO] [1786592189.634022886] [experiment_logger]: 
============================================================
EXPERIMENT METRICS
  File: experiment_ERGONOMICS_20260813_103621.csv
  Total samples: 230
  Task completion time: 7.94 s
  --- Prediction Accuracy (over 230 samples) ---
  Avg Inference Time: 4.76 ms
  Mean Squared Error (MSE): 0.003611 m²
  Mean Absolute Error (MAE - 3D): 0.0538 m
      MAE X: 0.0281 m
      MAE Y: 0.0436 m
      MAE Z: 0.0084 m
  --- Trajectory Smoothness (Robot EE) ---
  Mean Jerk (3D): 21.0306 m/s³
      Jerk X: 6.9613 m/s³
      Jerk Y: 16.6819 m/s³
      Jerk Z: 6.1534 m/s³
  Max Jerk (3D): 235.4900 m/s³
  RMS Jerk (3D): 41.7427 m/s³
============================================================
[INFO] [1786592234.307560358] [experiment_logger]: Service called: /logger/toggle with data=False
[INFO] [1786592244.986648068] [experiment_logger]: Service called: /logger/toggle with data=True
[INFO] [1786592244.987222219] [experiment_logger]: ✓ STARTED in-memory logging. Target file: /home/duy/cocarry_ws/cocarry_logs/experiment_ERGONOMICS_20260813_103724.csv
[INFO] [1786592252.137648789] [experiment_logger]: Service called: /logger/toggle with data=False
[INFO] [1786592252.138048331] [experiment_logger]: Writing 202 rows from memory to /home/duy/cocarry_ws/cocarry_logs/experiment_ERGONOMICS_20260813_103724.csv...
[INFO] [1786592252.140577456] [experiment_logger]: ✓ Successfully wrote logs to disk.
[INFO] [1786592252.141018952] [experiment_logger]: Stopped logging. Saved 202 rows to /home/duy/cocarry_ws/cocarry_logs/experiment_ERGONOMICS_20260813_103724.csv
[INFO] [1786592252.144632839] [experiment_logger]: 
============================================================
EXPERIMENT METRICS
  File: experiment_ERGONOMICS_20260813_103724.csv
  Total samples: 202
  Task completion time: 7.15 s
  --- Prediction Accuracy (over 202 samples) ---
  Avg Inference Time: 5.26 ms
  Mean Squared Error (MSE): 0.002958 m²
  Mean Absolute Error (MAE - 3D): 0.0496 m
      MAE X: 0.0246 m
      MAE Y: 0.0403 m
      MAE Z: 0.0056 m
  --- Trajectory Smoothness (Robot EE) ---
  Mean Jerk (3D): 21.9948 m/s³
      Jerk X: 7.8923 m/s³
      Jerk Y: 19.1914 m/s³
      Jerk Z: 4.1748 m/s³
  Max Jerk (3D): 247.3163 m/s³
  RMS Jerk (3D): 41.3319 m/s³
============================================================
[INFO] [1786592372.092606010] [experiment_logger]: Service called: /logger/toggle with data=True
[INFO] [1786592372.092951717] [experiment_logger]: ✓ STARTED in-memory logging. Target file: /home/duy/cocarry_ws/cocarry_logs/experiment_ERGONOMICS_20260813_103932.csv
[INFO] [1786592381.464825415] [experiment_logger]: Service called: /logger/toggle with data=False
[INFO] [1786592381.465573829] [experiment_logger]: Writing 275 rows from memory to /home/duy/cocarry_ws/cocarry_logs/experiment_ERGONOMICS_20260813_103932.csv...
[INFO] [1786592381.471224260] [experiment_logger]: ✓ Successfully wrote logs to disk.
[INFO] [1786592381.472311294] [experiment_logger]: Stopped logging. Saved 275 rows to /home/duy/cocarry_ws/cocarry_logs/experiment_ERGONOMICS_20260813_103932.csv
[INFO] [1786592381.478761576] [experiment_logger]: 
============================================================
EXPERIMENT METRICS
  File: experiment_ERGONOMICS_20260813_103932.csv
  Total samples: 275
  Task completion time: 9.37 s
  --- Prediction Accuracy (over 275 samples) ---
  Avg Inference Time: 3.09 ms
  Mean Squared Error (MSE): 0.109278 m²
  Mean Absolute Error (MAE - 3D): 0.1801 m
      MAE X: 0.0256 m
      MAE Y: 0.1703 m
      MAE Z: 0.0231 m
  --- Trajectory Smoothness (Robot EE) ---
  Mean Jerk (3D): 22.0088 m/s³
      Jerk X: 5.9661 m/s³
      Jerk Y: 18.4942 m/s³
      Jerk Z: 5.8081 m/s³
  Max Jerk (3D): 336.4991 m/s³
  RMS Jerk (3D): 56.1627 m/s³
============================================================
[INFO] [1786592407.813093789] [experiment_logger]: Service called: /logger/toggle with data=False
[INFO] [1786592551.382612694] [experiment_logger]: Service called: /logger/toggle with data=True
[INFO] [1786592551.383232635] [experiment_logger]: ✓ STARTED in-memory logging. Target file: /home/duy/cocarry_ws/cocarry_logs/experiment_ERGONOMICS_20260813_104231.csv
[INFO] [1786592559.275206956] [experiment_logger]: Service called: /logger/toggle with data=False
[INFO] [1786592559.275884408] [experiment_logger]: Writing 233 rows from memory to /home/duy/cocarry_ws/cocarry_logs/experiment_ERGONOMICS_20260813_104231.csv...
[INFO] [1786592559.279972714] [experiment_logger]: ✓ Successfully wrote logs to disk.
[INFO] [1786592559.280794377] [experiment_logger]: Stopped logging. Saved 233 rows to /home/duy/cocarry_ws/cocarry_logs/experiment_ERGONOMICS_20260813_104231.csv
[INFO] [1786592559.283835024] [experiment_logger]: 
============================================================
EXPERIMENT METRICS
  File: experiment_ERGONOMICS_20260813_104231.csv
  Total samples: 233
  Task completion time: 7.89 s
  --- Prediction Accuracy (over 233 samples) ---
  Avg Inference Time: 4.39 ms
  Mean Squared Error (MSE): 0.001634 m²
  Mean Absolute Error (MAE - 3D): 0.0361 m
      MAE X: 0.0156 m
      MAE Y: 0.0297 m
      MAE Z: 0.0063 m
  --- Trajectory Smoothness (Robot EE) ---
  Mean Jerk (3D): 22.0715 m/s³
      Jerk X: 4.6770 m/s³
      Jerk Y: 19.6610 m/s³
      Jerk Z: 5.7754 m/s³
  Max Jerk (3D): 538.1103 m/s³
  RMS Jerk (3D): 59.5212 m/s³
============================================================
[INFO] [1786592573.109229891] [experiment_logger]: Service called: /logger/toggle with data=False
[INFO] [1786592594.322730139] [experiment_logger]: Service called: /logger/toggle with data=False
[INFO] [1786592603.427426817] [experiment_logger]: Service called: /logger/toggle with data=True
[INFO] [1786592603.427832624] [experiment_logger]: ✓ STARTED in-memory logging. Target file: /home/duy/cocarry_ws/cocarry_logs/experiment_ERGONOMICS_20260813_104323.csv
[INFO] [1786592611.052768616] [experiment_logger]: Service called: /logger/toggle with data=False
[INFO] [1786592611.053349772] [experiment_logger]: Writing 223 rows from memory to /home/duy/cocarry_ws/cocarry_logs/experiment_ERGONOMICS_20260813_104323.csv...
[INFO] [1786592611.059272248] [experiment_logger]: ✓ Successfully wrote logs to disk.
[INFO] [1786592611.060079662] [experiment_logger]: Stopped logging. Saved 223 rows to /home/duy/cocarry_ws/cocarry_logs/experiment_ERGONOMICS_20260813_104323.csv
[INFO] [1786592611.065015770] [experiment_logger]: 
============================================================
EXPERIMENT METRICS
  File: experiment_ERGONOMICS_20260813_104323.csv
  Total samples: 223
  Task completion time: 7.63 s
  --- Prediction Accuracy (over 223 samples) ---
  Avg Inference Time: 5.23 ms
  Mean Squared Error (MSE): 0.002468 m²
  Mean Absolute Error (MAE - 3D): 0.0428 m
      MAE X: 0.0207 m
      MAE Y: 0.0340 m
      MAE Z: 0.0088 m
  --- Trajectory Smoothness (Robot EE) ---
  Mean Jerk (3D): 18.4453 m/s³
      Jerk X: 5.3995 m/s³
      Jerk Y: 14.7467 m/s³
      Jerk Z: 7.1294 m/s³
  Max Jerk (3D): 231.9711 m/s³
  RMS Jerk (3D): 37.9150 m/s³
============================================================
[INFO] [1786592615.933216529] [experiment_logger]: Service called: /logger/toggle with data=False
[INFO] [1786592637.362877480] [experiment_logger]: Service called: /logger/toggle with data=False
[INFO] [1786592665.729187295] [experiment_logger]: Service called: /logger/toggle with data=True
[INFO] [1786592665.729700649] [experiment_logger]: ✓ STARTED in-memory logging. Target file: /home/duy/cocarry_ws/cocarry_logs/experiment_ERGONOMICS_20260813_104425.csv
[INFO] [1786592674.973200672] [experiment_logger]: Service called: /logger/toggle with data=False
[INFO] [1786592674.973743410] [experiment_logger]: Writing 268 rows from memory to /home/duy/cocarry_ws/cocarry_logs/experiment_ERGONOMICS_20260813_104425.csv...
[INFO] [1786592674.976754950] [experiment_logger]: ✓ Successfully wrote logs to disk.
[INFO] [1786592674.977356796] [experiment_logger]: Stopped logging. Saved 268 rows to /home/duy/cocarry_ws/cocarry_logs/experiment_ERGONOMICS_20260813_104425.csv
[INFO] [1786592674.981130728] [experiment_logger]: 
============================================================
EXPERIMENT METRICS
  File: experiment_ERGONOMICS_20260813_104425.csv
  Total samples: 268
  Task completion time: 9.24 s
  --- Prediction Accuracy (over 268 samples) ---
  Avg Inference Time: 4.14 ms
  Mean Squared Error (MSE): 0.001725 m²
  Mean Absolute Error (MAE - 3D): 0.0351 m
      MAE X: 0.0139 m
      MAE Y: 0.0293 m
      MAE Z: 0.0069 m
  --- Trajectory Smoothness (Robot EE) ---
  Mean Jerk (3D): 12.2347 m/s³
      Jerk X: 4.7977 m/s³
      Jerk Y: 10.1782 m/s³
      Jerk Z: 3.2069 m/s³
  Max Jerk (3D): 255.3866 m/s³
  RMS Jerk (3D): 31.0515 m/s³
============================================================
[INFO] [1786592680.875248208] [experiment_logger]: Service called: /logger/toggle with data=False
[INFO] [1786592698.336738064] [experiment_logger]: Service called: /logger/toggle with data=False
[INFO] [1786592709.427731930] [experiment_logger]: Service called: /logger/toggle with data=True
[INFO] [1786592709.428448197] [experiment_logger]: ✓ STARTED in-memory logging. Target file: /home/duy/cocarry_ws/cocarry_logs/experiment_ERGONOMICS_20260813_104509.csv
[INFO] [1786592715.863290342] [experiment_logger]: Service called: /logger/toggle with data=False
[INFO] [1786592715.863607604] [experiment_logger]: Writing 185 rows from memory to /home/duy/cocarry_ws/cocarry_logs/experiment_ERGONOMICS_20260813_104509.csv...
[INFO] [1786592715.866981668] [experiment_logger]: ✓ Successfully wrote logs to disk.
[INFO] [1786592715.867729833] [experiment_logger]: Stopped logging. Saved 185 rows to /home/duy/cocarry_ws/cocarry_logs/experiment_ERGONOMICS_20260813_104509.csv
[INFO] [1786592715.871831262] [experiment_logger]: 
============================================================
EXPERIMENT METRICS
  File: experiment_ERGONOMICS_20260813_104509.csv
  Total samples: 185
  Task completion time: 6.44 s
  --- Prediction Accuracy (over 185 samples) ---
  Avg Inference Time: 4.94 ms
  Mean Squared Error (MSE): 0.002943 m²
  Mean Absolute Error (MAE - 3D): 0.0527 m
      MAE X: 0.0152 m
      MAE Y: 0.0481 m
      MAE Z: 0.0098 m
  --- Trajectory Smoothness (Robot EE) ---
  Mean Jerk (3D): 17.0397 m/s³
      Jerk X: 3.8869 m/s³
      Jerk Y: 15.4643 m/s³
      Jerk Z: 4.3059 m/s³
  Max Jerk (3D): 373.3148 m/s³
  RMS Jerk (3D): 47.0494 m/s³
============================================================
[INFO] [1786592722.843087184] [experiment_logger]: Service called: /logger/toggle with data=False
[INFO] [1786592753.145579250] [experiment_logger]: Service called: /logger/toggle with data=True
[INFO] [1786592753.145921849] [experiment_logger]: ✓ STARTED in-memory logging. Target file: /home/duy/cocarry_ws/cocarry_logs/experiment_ERGONOMICS_20260813_104553.csv
[INFO] [1786592762.077604439] [experiment_logger]: Service called: /logger/toggle with data=False
[INFO] [1786592762.078134487] [experiment_logger]: Writing 264 rows from memory to /home/duy/cocarry_ws/cocarry_logs/experiment_ERGONOMICS_20260813_104553.csv...
[INFO] [1786592762.082383504] [experiment_logger]: ✓ Successfully wrote logs to disk.
[INFO] [1786592762.083164376] [experiment_logger]: Stopped logging. Saved 264 rows to /home/duy/cocarry_ws/cocarry_logs/experiment_ERGONOMICS_20260813_104553.csv
[INFO] [1786592762.088196984] [experiment_logger]: 
============================================================
EXPERIMENT METRICS
  File: experiment_ERGONOMICS_20260813_104553.csv
  Total samples: 264
  Task completion time: 8.93 s
  --- Prediction Accuracy (over 264 samples) ---
  Avg Inference Time: 3.80 ms
  Mean Squared Error (MSE): 0.028953 m²
  Mean Absolute Error (MAE - 3D): 0.0916 m
      MAE X: 0.0187 m
      MAE Y: 0.0861 m
      MAE Z: 0.0097 m
  --- Trajectory Smoothness (Robot EE) ---
  Mean Jerk (3D): 14.4587 m/s³
      Jerk X: 3.8526 m/s³
      Jerk Y: 12.4781 m/s³
      Jerk Z: 2.9210 m/s³
  Max Jerk (3D): 314.9222 m/s³
  RMS Jerk (3D): 36.5361 m/s³
============================================================
[INFO] [1786592768.137998115] [experiment_logger]: Service called: /logger/toggle with data=False
[INFO] [1786592832.478085829] [experiment_logger]: Service called: /logger/toggle with data=True
[INFO] [1786592832.478642086] [experiment_logger]: ✓ STARTED in-memory logging. Target file: /home/duy/cocarry_ws/cocarry_logs/experiment_ERGONOMICS_20260813_104712.csv
[INFO] [1786592841.579200960] [experiment_logger]: Service called: /logger/toggle with data=False
[INFO] [1786592841.579925748] [experiment_logger]: Writing 267 rows from memory to /home/duy/cocarry_ws/cocarry_logs/experiment_ERGONOMICS_20260813_104712.csv...
[INFO] [1786592841.583682779] [experiment_logger]: ✓ Successfully wrote logs to disk.
[INFO] [1786592841.584451508] [experiment_logger]: Stopped logging. Saved 267 rows to /home/duy/cocarry_ws/cocarry_logs/experiment_ERGONOMICS_20260813_104712.csv
[INFO] [1786592841.589080784] [experiment_logger]: 
============================================================
EXPERIMENT METRICS
  File: experiment_ERGONOMICS_20260813_104712.csv
  Total samples: 267
  Task completion time: 9.10 s
  --- Prediction Accuracy (over 267 samples) ---
  Avg Inference Time: 3.64 ms
  Mean Squared Error (MSE): 0.046677 m²
  Mean Absolute Error (MAE - 3D): 0.1131 m
      MAE X: 0.0208 m
      MAE Y: 0.1078 m
      MAE Z: 0.0071 m
  --- Trajectory Smoothness (Robot EE) ---
  Mean Jerk (3D): 27.5648 m/s³
      Jerk X: 8.7577 m/s³
      Jerk Y: 23.2934 m/s³
      Jerk Z: 4.3945 m/s³
  Max Jerk (3D): 488.0171 m/s³
  RMS Jerk (3D): 73.7703 m/s³
============================================================
[INFO] [1786592845.644705823] [experiment_logger]: Service called: /logger/toggle with data=False
[INFO] [1786592860.403264595] [experiment_logger]: Service called: /logger/toggle with data=False
[INFO] [1786592869.612789390] [experiment_logger]: Service called: /logger/toggle with data=True
[INFO] [1786592869.613326637] [experiment_logger]: ✓ STARTED in-memory logging. Target file: /home/duy/cocarry_ws/cocarry_logs/experiment_ERGONOMICS_20260813_104749.csv
[INFO] [1786592876.959430466] [experiment_logger]: Service called: /logger/toggle with data=False
[INFO] [1786592876.959688595] [experiment_logger]: Writing 218 rows from memory to /home/duy/cocarry_ws/cocarry_logs/experiment_ERGONOMICS_20260813_104749.csv...
[INFO] [1786592876.962843727] [experiment_logger]: ✓ Successfully wrote logs to disk.
[INFO] [1786592876.963278686] [experiment_logger]: Stopped logging. Saved 218 rows to /home/duy/cocarry_ws/cocarry_logs/experiment_ERGONOMICS_20260813_104749.csv
[INFO] [1786592876.966323474] [experiment_logger]: 
============================================================
EXPERIMENT METRICS
  File: experiment_ERGONOMICS_20260813_104749.csv
  Total samples: 218
  Task completion time: 7.35 s
  --- Prediction Accuracy (over 218 samples) ---
  Avg Inference Time: 3.95 ms
  Mean Squared Error (MSE): 0.002762 m²
  Mean Absolute Error (MAE - 3D): 0.0475 m
      MAE X: 0.0229 m
      MAE Y: 0.0374 m
      MAE Z: 0.0084 m
  --- Trajectory Smoothness (Robot EE) ---
  Mean Jerk (3D): 36.0825 m/s³
      Jerk X: 11.6096 m/s³
      Jerk Y: 31.9488 m/s³
      Jerk Z: 6.5606 m/s³
  Max Jerk (3D): 472.7963 m/s³
  RMS Jerk (3D): 78.6307 m/s³
============================================================
[INFO] [1786592879.405239916] [experiment_logger]: Service called: /logger/toggle with data=False
[INFO] [1786592883.155001805] [experiment_logger]: Service called: /logger/toggle with data=False
[INFO] [1786592898.601412477] [experiment_logger]: Service called: /logger/toggle with data=False
[INFO] [1786592909.532840973] [experiment_logger]: Service called: /logger/toggle with data=True
[INFO] [1786592909.533494078] [experiment_logger]: ✓ STARTED in-memory logging. Target file: /home/duy/cocarry_ws/cocarry_logs/experiment_ERGONOMICS_20260813_104829.csv
[INFO] [1786592918.551275285] [experiment_logger]: Service called: /logger/toggle with data=False
[INFO] [1786592918.551578278] [experiment_logger]: Writing 265 rows from memory to /home/duy/cocarry_ws/cocarry_logs/experiment_ERGONOMICS_20260813_104829.csv...
[INFO] [1786592918.554879303] [experiment_logger]: ✓ Successfully wrote logs to disk.
[INFO] [1786592918.555409530] [experiment_logger]: Stopped logging. Saved 265 rows to /home/duy/cocarry_ws/cocarry_logs/experiment_ERGONOMICS_20260813_104829.csv
[INFO] [1786592918.559661829] [experiment_logger]: 
============================================================
EXPERIMENT METRICS
  File: experiment_ERGONOMICS_20260813_104829.csv
  Total samples: 265
  Task completion time: 9.02 s
  --- Prediction Accuracy (over 265 samples) ---
  Avg Inference Time: 4.12 ms
  Mean Squared Error (MSE): 0.002412 m²
  Mean Absolute Error (MAE - 3D): 0.0432 m
      MAE X: 0.0200 m
      MAE Y: 0.0337 m
      MAE Z: 0.0095 m
  --- Trajectory Smoothness (Robot EE) ---
  Mean Jerk (3D): 23.8144 m/s³
      Jerk X: 7.2294 m/s³
      Jerk Y: 20.9969 m/s³
      Jerk Z: 4.8838 m/s³
  Max Jerk (3D): 509.9408 m/s³
  RMS Jerk (3D): 57.0632 m/s³
============================================================
[INFO] [1786592922.889209782] [experiment_logger]: Service called: /logger/toggle with data=False
[INFO] [1786592936.749041960] [experiment_logger]: Service called: /logger/toggle with data=False
[INFO] [1786592945.295612394] [experiment_logger]: Service called: /logger/toggle with data=True
[INFO] [1786592945.296254141] [experiment_logger]: ✓ STARTED in-memory logging. Target file: /home/duy/cocarry_ws/cocarry_logs/experiment_ERGONOMICS_20260813_104905.csv
[INFO] [1786592953.657888810] [experiment_logger]: Service called: /logger/toggle with data=False
[INFO] [1786592953.658756945] [experiment_logger]: Writing 245 rows from memory to /home/duy/cocarry_ws/cocarry_logs/experiment_ERGONOMICS_20260813_104905.csv...
[INFO] [1786592953.664168661] [experiment_logger]: ✓ Successfully wrote logs to disk.
[INFO] [1786592953.664906923] [experiment_logger]: Stopped logging. Saved 245 rows to /home/duy/cocarry_ws/cocarry_logs/experiment_ERGONOMICS_20260813_104905.csv
[INFO] [1786592953.670128798] [experiment_logger]: 
============================================================
EXPERIMENT METRICS
  File: experiment_ERGONOMICS_20260813_104905.csv
  Total samples: 245
  Task completion time: 8.36 s
  --- Prediction Accuracy (over 245 samples) ---
  Avg Inference Time: 4.51 ms
  Mean Squared Error (MSE): 0.002143 m²
  Mean Absolute Error (MAE - 3D): 0.0389 m
      MAE X: 0.0154 m
      MAE Y: 0.0322 m
      MAE Z: 0.0086 m
  --- Trajectory Smoothness (Robot EE) ---
  Mean Jerk (3D): 17.5644 m/s³
      Jerk X: 5.5705 m/s³
      Jerk Y: 15.0644 m/s³
      Jerk Z: 4.6142 m/s³
  Max Jerk (3D): 286.7459 m/s³
  RMS Jerk (3D): 38.7653 m/s³
============================================================
[INFO] [1786592956.686619051] [experiment_logger]: Service called: /logger/toggle with data=False
[INFO] [1786592973.354644544] [experiment_logger]: Service called: /logger/toggle with data=False
[INFO] [1786592990.851244543] [experiment_logger]: Service called: /logger/toggle with data=True
[INFO] [1786592990.852207503] [experiment_logger]: ✓ STARTED in-memory logging. Target file: /home/duy/cocarry_ws/cocarry_logs/experiment_ERGONOMICS_20260813_104950.csv
[INFO] [1786592998.932532528] [experiment_logger]: Service called: /logger/toggle with data=False
[INFO] [1786592998.933404962] [experiment_logger]: Writing 240 rows from memory to /home/duy/cocarry_ws/cocarry_logs/experiment_ERGONOMICS_20260813_104950.csv...
[INFO] [1786592998.938424201] [experiment_logger]: ✓ Successfully wrote logs to disk.
[INFO] [1786592998.939253155] [experiment_logger]: Stopped logging. Saved 240 rows to /home/duy/cocarry_ws/cocarry_logs/experiment_ERGONOMICS_20260813_104950.csv
[INFO] [1786592998.944790948] [experiment_logger]: 
============================================================
EXPERIMENT METRICS
  File: experiment_ERGONOMICS_20260813_104950.csv
  Total samples: 240
  Task completion time: 8.08 s
  --- Prediction Accuracy (over 240 samples) ---
  Avg Inference Time: 4.44 ms
  Mean Squared Error (MSE): 0.002497 m²
  Mean Absolute Error (MAE - 3D): 0.0433 m
      MAE X: 0.0194 m
      MAE Y: 0.0348 m
      MAE Z: 0.0098 m
  --- Trajectory Smoothness (Robot EE) ---
  Mean Jerk (3D): 14.4861 m/s³
      Jerk X: 3.9011 m/s³
      Jerk Y: 13.0459 m/s³
      Jerk Z: 2.5430 m/s³
  Max Jerk (3D): 634.8503 m/s³
  RMS Jerk (3D): 62.4267 m/s³
============================================================
[INFO] [1786593005.914611206] [experiment_logger]: Service called: /logger/toggle with data=False
[INFO] [1786593022.170266219] [experiment_logger]: Service called: /logger/toggle with data=False
[INFO] [1786593029.113388786] [experiment_logger]: Service called: /logger/toggle with data=True
[INFO] [1786593029.113748584] [experiment_logger]: ✓ STARTED in-memory logging. Target file: /home/duy/cocarry_ws/cocarry_logs/experiment_ERGONOMICS_20260813_105029.csv
[INFO] [1786593036.997901581] [experiment_logger]: Service called: /logger/toggle with data=False
[INFO] [1786593036.998404069] [experiment_logger]: Writing 232 rows from memory to /home/duy/cocarry_ws/cocarry_logs/experiment_ERGONOMICS_20260813_105029.csv...
[INFO] [1786593037.002136341] [experiment_logger]: ✓ Successfully wrote logs to disk.
[INFO] [1786593037.002839253] [experiment_logger]: Stopped logging. Saved 232 rows to /home/duy/cocarry_ws/cocarry_logs/experiment_ERGONOMICS_20260813_105029.csv
[INFO] [1786593037.007896576] [experiment_logger]: 
============================================================
EXPERIMENT METRICS
  File: experiment_ERGONOMICS_20260813_105029.csv
  Total samples: 232
  Task completion time: 7.88 s
  --- Prediction Accuracy (over 232 samples) ---
  Avg Inference Time: 4.02 ms
  Mean Squared Error (MSE): 0.002373 m²
  Mean Absolute Error (MAE - 3D): 0.0428 m
      MAE X: 0.0139 m
      MAE Y: 0.0368 m
      MAE Z: 0.0086 m
  --- Trajectory Smoothness (Robot EE) ---
  Mean Jerk (3D): 13.8937 m/s³
      Jerk X: 3.6439 m/s³
      Jerk Y: 12.8571 m/s³
      Jerk Z: 2.0414 m/s³
  Max Jerk (3D): 689.0400 m/s³
  RMS Jerk (3D): 66.2348 m/s³
============================================================
[INFO] [1786593040.031265885] [experiment_logger]: Service called: /logger/toggle with data=False
[INFO] [1786593055.052014670] [experiment_logger]: Service called: /logger/toggle with data=False
[INFO] [1786593084.021871114] [experiment_logger]: Service called: /logger/toggle with data=True
[INFO] [1786593084.022174690] [experiment_logger]: ✓ STARTED in-memory logging. Target file: /home/duy/cocarry_ws/cocarry_logs/experiment_ERGONOMICS_20260813_105124.csv
[INFO] [1786593091.123256674] [experiment_logger]: Service called: /logger/toggle with data=False
[INFO] [1786593091.123595845] [experiment_logger]: Writing 205 rows from memory to /home/duy/cocarry_ws/cocarry_logs/experiment_ERGONOMICS_20260813_105124.csv...
[INFO] [1786593091.127098673] [experiment_logger]: ✓ Successfully wrote logs to disk.
[INFO] [1786593091.128068922] [experiment_logger]: Stopped logging. Saved 205 rows to /home/duy/cocarry_ws/cocarry_logs/experiment_ERGONOMICS_20260813_105124.csv
[INFO] [1786593091.131385849] [experiment_logger]: 
============================================================
EXPERIMENT METRICS
  File: experiment_ERGONOMICS_20260813_105124.csv
  Total samples: 205
  Task completion time: 7.10 s
  --- Prediction Accuracy (over 205 samples) ---
  Avg Inference Time: 4.48 ms
  Mean Squared Error (MSE): 0.002589 m²
  Mean Absolute Error (MAE - 3D): 0.0422 m
      MAE X: 0.0201 m
      MAE Y: 0.0338 m
      MAE Z: 0.0088 m
  --- Trajectory Smoothness (Robot EE) ---
  Mean Jerk (3D): 12.3140 m/s³
      Jerk X: 2.5491 m/s³
      Jerk Y: 11.3163 m/s³
      Jerk Z: 3.0110 m/s³
  Max Jerk (3D): 390.3965 m/s³
  RMS Jerk (3D): 41.6788 m/s³
============================================================
[INFO] [1786593093.600967173] [experiment_logger]: Service called: /logger/toggle with data=False
[INFO] [1786593112.623277446] [experiment_logger]: Trajectory mode: prediction
[INFO] [1786593114.812412662] [experiment_logger]: Service called: /logger/toggle with data=False
[INFO] [1786593124.397058041] [experiment_logger]: Service called: /logger/toggle with data=True
[INFO] [1786593124.397772287] [experiment_logger]: ✓ STARTED in-memory logging. Target file: /home/duy/cocarry_ws/cocarry_logs/experiment_GRU_20260813_105204.csv
[INFO] [1786593135.873530566] [experiment_logger]: Service called: /logger/toggle with data=False
[INFO] [1786593135.873917553] [experiment_logger]: Writing 339 rows from memory to /home/duy/cocarry_ws/cocarry_logs/experiment_GRU_20260813_105204.csv...
[INFO] [1786593135.878407388] [experiment_logger]: ✓ Successfully wrote logs to disk.
[INFO] [1786593135.878844867] [experiment_logger]: Stopped logging. Saved 339 rows to /home/duy/cocarry_ws/cocarry_logs/experiment_GRU_20260813_105204.csv
[INFO] [1786593135.883163037] [experiment_logger]: 
============================================================
EXPERIMENT METRICS
  File: experiment_GRU_20260813_105204.csv
  Total samples: 339
  Task completion time: 11.48 s
  --- Prediction Accuracy (over 339 samples) ---
  Avg Inference Time: 3.29 ms
  Mean Squared Error (MSE): 0.001619 m²
  Mean Absolute Error (MAE - 3D): 0.0344 m
      MAE X: 0.0122 m
      MAE Y: 0.0289 m
      MAE Z: 0.0059 m
  --- Trajectory Smoothness (Robot EE) ---
  Mean Jerk (3D): 10.1039 m/s³
      Jerk X: 3.8877 m/s³
      Jerk Y: 7.9265 m/s³
      Jerk Z: 2.6996 m/s³
  Max Jerk (3D): 109.7399 m/s³
  RMS Jerk (3D): 18.5727 m/s³
============================================================
[INFO] [1786593144.448690522] [experiment_logger]: Service called: /logger/toggle with data=False
[INFO] [1786593163.235083421] [experiment_logger]: Service called: /logger/toggle with data=False
[INFO] [1786593172.043193073] [experiment_logger]: Service called: /logger/toggle with data=True
[INFO] [1786593172.043928274] [experiment_logger]: ✓ STARTED in-memory logging. Target file: /home/duy/cocarry_ws/cocarry_logs/experiment_GRU_20260813_105252.csv
[INFO] [1786593181.440892365] [experiment_logger]: Service called: /logger/toggle with data=False
[INFO] [1786593181.441400254] [experiment_logger]: Writing 278 rows from memory to /home/duy/cocarry_ws/cocarry_logs/experiment_GRU_20260813_105252.csv...
[INFO] [1786593181.446059794] [experiment_logger]: ✓ Successfully wrote logs to disk.
[INFO] [1786593181.446907282] [experiment_logger]: Stopped logging. Saved 278 rows to /home/duy/cocarry_ws/cocarry_logs/experiment_GRU_20260813_105252.csv
[INFO] [1786593181.453114884] [experiment_logger]: 
============================================================
EXPERIMENT METRICS
  File: experiment_GRU_20260813_105252.csv
  Total samples: 278
  Task completion time: 9.40 s
  --- Prediction Accuracy (over 278 samples) ---
  Avg Inference Time: 3.99 ms
  Mean Squared Error (MSE): 0.002027 m²
  Mean Absolute Error (MAE - 3D): 0.0371 m
      MAE X: 0.0182 m
      MAE Y: 0.0249 m
      MAE Z: 0.0111 m
  --- Trajectory Smoothness (Robot EE) ---
  Mean Jerk (3D): 19.6554 m/s³
      Jerk X: 6.1710 m/s³
      Jerk Y: 15.9876 m/s³
      Jerk Z: 5.1491 m/s³
  Max Jerk (3D): 667.5071 m/s³
  RMS Jerk (3D): 67.8309 m/s³
============================================================
[INFO] [1786593193.976220861] [experiment_logger]: Service called: /logger/toggle with data=False
[INFO] [1786593212.455070814] [experiment_logger]: Service called: /logger/toggle with data=False
[INFO] [1786593240.490979107] [experiment_logger]: Service called: /logger/toggle with data=False
[INFO] [1786593250.832659225] [experiment_logger]: Service called: /logger/toggle with data=True
[INFO] [1786593250.833272402] [experiment_logger]: ✓ STARTED in-memory logging. Target file: /home/duy/cocarry_ws/cocarry_logs/experiment_GRU_20260813_105410.csv
[INFO] [1786593260.983935665] [experiment_logger]: Service called: /logger/toggle with data=False
[INFO] [1786593260.984461767] [experiment_logger]: Writing 294 rows from memory to /home/duy/cocarry_ws/cocarry_logs/experiment_GRU_20260813_105410.csv...
[INFO] [1786593260.989778063] [experiment_logger]: ✓ Successfully wrote logs to disk.
[INFO] [1786593260.990622462] [experiment_logger]: Stopped logging. Saved 294 rows to /home/duy/cocarry_ws/cocarry_logs/experiment_GRU_20260813_105410.csv
[INFO] [1786593260.996939374] [experiment_logger]: 
============================================================
EXPERIMENT METRICS
  File: experiment_GRU_20260813_105410.csv
  Total samples: 294
  Task completion time: 10.15 s
  --- Prediction Accuracy (over 294 samples) ---
  Avg Inference Time: 4.17 ms
  Mean Squared Error (MSE): 0.002209 m²
  Mean Absolute Error (MAE - 3D): 0.0391 m
      MAE X: 0.0172 m
      MAE Y: 0.0312 m
      MAE Z: 0.0085 m
  --- Trajectory Smoothness (Robot EE) ---
  Mean Jerk (3D): 13.0671 m/s³
      Jerk X: 4.3074 m/s³
      Jerk Y: 10.4139 m/s³
      Jerk Z: 3.5500 m/s³
  Max Jerk (3D): 179.5045 m/s³
  RMS Jerk (3D): 26.8391 m/s³
============================================================
[INFO] [1786593282.095429367] [experiment_logger]: Service called: /logger/toggle with data=False
[INFO] [1786593308.589451762] [experiment_logger]: Trajectory mode: ergonomics
[INFO] [1786593315.774237528] [experiment_logger]: Service called: /logger/toggle with data=False
[INFO] [1786593337.596073546] [experiment_logger]: Service called: /logger/toggle with data=False
[INFO] [1786593349.717292592] [experiment_logger]: Service called: /logger/toggle with data=True
[INFO] [1786593349.717881184] [experiment_logger]: ✓ STARTED in-memory logging. Target file: /home/duy/cocarry_ws/cocarry_logs/experiment_ERGONOMICS_20260813_105549.csv
[INFO] [1786593359.337131876] [experiment_logger]: Service called: /logger/toggle with data=False
[INFO] [1786593359.337640738] [experiment_logger]: Writing 283 rows from memory to /home/duy/cocarry_ws/cocarry_logs/experiment_ERGONOMICS_20260813_105549.csv...
[INFO] [1786593359.341991795] [experiment_logger]: ✓ Successfully wrote logs to disk.
[INFO] [1786593359.342450947] [experiment_logger]: Stopped logging. Saved 283 rows to /home/duy/cocarry_ws/cocarry_logs/experiment_ERGONOMICS_20260813_105549.csv
[INFO] [1786593359.346573270] [experiment_logger]: 
============================================================
EXPERIMENT METRICS
  File: experiment_ERGONOMICS_20260813_105549.csv
  Total samples: 283
  Task completion time: 9.62 s
  --- Prediction Accuracy (over 283 samples) ---
  Avg Inference Time: 3.14 ms
  Mean Squared Error (MSE): 0.001637 m²
  Mean Absolute Error (MAE - 3D): 0.0331 m
      MAE X: 0.0136 m
      MAE Y: 0.0274 m
      MAE Z: 0.0074 m
  --- Trajectory Smoothness (Robot EE) ---
  Mean Jerk (3D): 16.4391 m/s³
      Jerk X: 4.7393 m/s³
      Jerk Y: 14.4660 m/s³
      Jerk Z: 3.3580 m/s³
  Max Jerk (3D): 650.9494 m/s³
  RMS Jerk (3D): 60.0557 m/s³
============================================================
[INFO] [1786593378.829274881] [experiment_logger]: Service called: /logger/toggle with data=False
[INFO] [1786593421.521628139] [experiment_logger]: Service called: /logger/toggle with data=True
[INFO] [1786593421.521948076] [experiment_logger]: ✓ STARTED in-memory logging. Target file: /home/duy/cocarry_ws/cocarry_logs/experiment_ERGONOMICS_20260813_105701.csv
[INFO] [1786593429.636953856] [experiment_logger]: Service called: /logger/toggle with data=False
[INFO] [1786593429.637599083] [experiment_logger]: Writing 242 rows from memory to /home/duy/cocarry_ws/cocarry_logs/experiment_ERGONOMICS_20260813_105701.csv...
[INFO] [1786593429.642159662] [experiment_logger]: ✓ Successfully wrote logs to disk.
[INFO] [1786593429.642863920] [experiment_logger]: Stopped logging. Saved 242 rows to /home/duy/cocarry_ws/cocarry_logs/experiment_ERGONOMICS_20260813_105701.csv
[INFO] [1786593429.648128928] [experiment_logger]: 
============================================================
EXPERIMENT METRICS
  File: experiment_ERGONOMICS_20260813_105701.csv
  Total samples: 242
  Task completion time: 8.12 s
  --- Prediction Accuracy (over 242 samples) ---
  Avg Inference Time: 3.76 ms
  Mean Squared Error (MSE): 0.026760 m²
  Mean Absolute Error (MAE - 3D): 0.0950 m
      MAE X: 0.0233 m
      MAE Y: 0.0868 m
      MAE Z: 0.0092 m
  --- Trajectory Smoothness (Robot EE) ---
  Mean Jerk (3D): 34.5067 m/s³
      Jerk X: 9.0793 m/s³
      Jerk Y: 30.0476 m/s³
      Jerk Z: 6.4073 m/s³
  Max Jerk (3D): 335.5411 m/s³
  RMS Jerk (3D): 72.5803 m/s³
============================================================
[INFO] [1786593433.162668781] [experiment_logger]: Service called: /logger/toggle with data=False
[INFO] [1786593451.176606093] [experiment_logger]: Service called: /logger/toggle with data=False
[INFO] [1786593459.489070269] [experiment_logger]: Service called: /logger/toggle with data=True
[INFO] [1786593459.489709373] [experiment_logger]: ✓ STARTED in-memory logging. Target file: /home/duy/cocarry_ws/cocarry_logs/experiment_ERGONOMICS_20260813_105739.csv
[INFO] [1786593468.969901997] [experiment_logger]: Service called: /logger/toggle with data=False
[INFO] [1786593468.970163616] [experiment_logger]: Writing 276 rows from memory to /home/duy/cocarry_ws/cocarry_logs/experiment_ERGONOMICS_20260813_105739.csv...
[INFO] [1786593468.972825193] [experiment_logger]: ✓ Successfully wrote logs to disk.
[INFO] [1786593468.973231907] [experiment_logger]: Stopped logging. Saved 276 rows to /home/duy/cocarry_ws/cocarry_logs/experiment_ERGONOMICS_20260813_105739.csv
[INFO] [1786593468.976914671] [experiment_logger]: 
============================================================
EXPERIMENT METRICS
  File: experiment_ERGONOMICS_20260813_105739.csv
  Total samples: 276
  Task completion time: 9.48 s
  --- Prediction Accuracy (over 276 samples) ---
  Avg Inference Time: 4.04 ms
  Mean Squared Error (MSE): 0.001808 m²
  Mean Absolute Error (MAE - 3D): 0.0370 m
      MAE X: 0.0135 m
      MAE Y: 0.0311 m
      MAE Z: 0.0092 m
  --- Trajectory Smoothness (Robot EE) ---
  Mean Jerk (3D): 19.7464 m/s³
      Jerk X: 5.6903 m/s³
      Jerk Y: 16.5517 m/s³
      Jerk Z: 5.4964 m/s³
  Max Jerk (3D): 281.1517 m/s³
  RMS Jerk (3D): 42.5407 m/s³
============================================================
[INFO] [1786593472.800069851] [experiment_logger]: Service called: /logger/toggle with data=False
[INFO] [1786593477.133996001] [experiment_logger]: Service called: /logger/toggle with data=False
[INFO] [1786593498.019738808] [experiment_logger]: Service called: /logger/toggle with data=False
[INFO] [1786593505.211517402] [experiment_logger]: Service called: /logger/toggle with data=True
[INFO] [1786593505.211891437] [experiment_logger]: ✓ STARTED in-memory logging. Target file: /home/duy/cocarry_ws/cocarry_logs/experiment_ERGONOMICS_20260813_105825.csv
[INFO] [1786593512.720780610] [experiment_logger]: Service called: /logger/toggle with data=False
[INFO] [1786593512.721052006] [experiment_logger]: Writing 222 rows from memory to /home/duy/cocarry_ws/cocarry_logs/experiment_ERGONOMICS_20260813_105825.csv...
[INFO] [1786593512.723312878] [experiment_logger]: ✓ Successfully wrote logs to disk.
[INFO] [1786593512.723703868] [experiment_logger]: Stopped logging. Saved 222 rows to /home/duy/cocarry_ws/cocarry_logs/experiment_ERGONOMICS_20260813_105825.csv
[INFO] [1786593512.726612705] [experiment_logger]: 
============================================================
EXPERIMENT METRICS
  File: experiment_ERGONOMICS_20260813_105825.csv
  Total samples: 222
  Task completion time: 7.51 s
  --- Prediction Accuracy (over 222 samples) ---
  Avg Inference Time: 4.27 ms
  Mean Squared Error (MSE): 0.002745 m²
  Mean Absolute Error (MAE - 3D): 0.0454 m
      MAE X: 0.0165 m
      MAE Y: 0.0392 m
      MAE Z: 0.0080 m
  --- Trajectory Smoothness (Robot EE) ---
  Mean Jerk (3D): 15.8675 m/s³
      Jerk X: 4.9866 m/s³
      Jerk Y: 13.5602 m/s³
      Jerk Z: 3.8584 m/s³
  Max Jerk (3D): 272.1913 m/s³
  RMS Jerk (3D): 36.3927 m/s³
============================================================
[INFO] [1786593517.070896412] [experiment_logger]: Service called: /logger/toggle with data=False
[INFO] [1786593532.059947805] [experiment_logger]: Service called: /logger/toggle with data=False
[INFO] [1786593539.823800449] [experiment_logger]: Service called: /logger/toggle with data=True
[INFO] [1786593539.824103001] [experiment_logger]: ✓ STARTED in-memory logging. Target file: /home/duy/cocarry_ws/cocarry_logs/experiment_ERGONOMICS_20260813_105859.csv
[INFO] [1786593547.300039220] [experiment_logger]: Service called: /logger/toggle with data=False
[INFO] [1786593547.300361788] [experiment_logger]: Writing 219 rows from memory to /home/duy/cocarry_ws/cocarry_logs/experiment_ERGONOMICS_20260813_105859.csv...
[INFO] [1786593547.304121738] [experiment_logger]: ✓ Successfully wrote logs to disk.
[INFO] [1786593547.304846832] [experiment_logger]: Stopped logging. Saved 219 rows to /home/duy/cocarry_ws/cocarry_logs/experiment_ERGONOMICS_20260813_105859.csv
[INFO] [1786593547.309537379] [experiment_logger]: 
============================================================
EXPERIMENT METRICS
  File: experiment_ERGONOMICS_20260813_105859.csv
  Total samples: 219
  Task completion time: 7.48 s
  --- Prediction Accuracy (over 219 samples) ---
  Avg Inference Time: 4.06 ms
  Mean Squared Error (MSE): 0.002108 m²
  Mean Absolute Error (MAE - 3D): 0.0413 m
      MAE X: 0.0178 m
      MAE Y: 0.0325 m
      MAE Z: 0.0092 m
  --- Trajectory Smoothness (Robot EE) ---
  Mean Jerk (3D): 16.8590 m/s³
      Jerk X: 4.3474 m/s³
      Jerk Y: 15.0452 m/s³
      Jerk Z: 4.1497 m/s³
  Max Jerk (3D): 226.8930 m/s³
  RMS Jerk (3D): 37.9135 m/s³
============================================================
[INFO] [1786593550.242701183] [experiment_logger]: Service called: /logger/toggle with data=False
[INFO] [1786593564.427150019] [experiment_logger]: Service called: /logger/toggle with data=False
[INFO] [1786593573.719129595] [experiment_logger]: Service called: /logger/toggle with data=True
[INFO] [1786593573.719467017] [experiment_logger]: ✓ STARTED in-memory logging. Target file: /home/duy/cocarry_ws/cocarry_logs/experiment_ERGONOMICS_20260813_105933.csv
[INFO] [1786593582.538404979] [experiment_logger]: Service called: /logger/toggle with data=False
[INFO] [1786593582.539259163] [experiment_logger]: Writing 264 rows from memory to /home/duy/cocarry_ws/cocarry_logs/experiment_ERGONOMICS_20260813_105933.csv...
[INFO] [1786593582.545166378] [experiment_logger]: ✓ Successfully wrote logs to disk.
[INFO] [1786593582.545649864] [experiment_logger]: Stopped logging. Saved 264 rows to /home/duy/cocarry_ws/cocarry_logs/experiment_ERGONOMICS_20260813_105933.csv
[INFO] [1786593582.549048519] [experiment_logger]: 
============================================================
EXPERIMENT METRICS
  File: experiment_ERGONOMICS_20260813_105933.csv
  Total samples: 264
  Task completion time: 8.82 s
  --- Prediction Accuracy (over 264 samples) ---
  Avg Inference Time: 4.17 ms
  Mean Squared Error (MSE): 0.001896 m²
  Mean Absolute Error (MAE - 3D): 0.0359 m
      MAE X: 0.0142 m
      MAE Y: 0.0299 m
      MAE Z: 0.0077 m
  --- Trajectory Smoothness (Robot EE) ---
  Mean Jerk (3D): 18.9488 m/s³
      Jerk X: 5.5643 m/s³
      Jerk Y: 15.7506 m/s³
      Jerk Z: 4.9958 m/s³
  Max Jerk (3D): 571.3031 m/s³
  RMS Jerk (3D): 67.5004 m/s³
============================================================
[INFO] [1786593587.673486833] [experiment_logger]: Service called: /logger/toggle with data=False
[INFO] [1786593602.669043795] [experiment_logger]: Service called: /logger/toggle with data=False
[INFO] [1786593611.243203196] [experiment_logger]: Service called: /logger/toggle with data=True
[INFO] [1786593611.243980857] [experiment_logger]: ✓ STARTED in-memory logging. Target file: /home/duy/cocarry_ws/cocarry_logs/experiment_ERGONOMICS_20260813_110011.csv
[INFO] [1786593619.869741671] [experiment_logger]: Service called: /logger/toggle with data=False
[INFO] [1786593619.870355741] [experiment_logger]: Writing 250 rows from memory to /home/duy/cocarry_ws/cocarry_logs/experiment_ERGONOMICS_20260813_110011.csv...
[INFO] [1786593619.874804561] [experiment_logger]: ✓ Successfully wrote logs to disk.
[INFO] [1786593619.876290740] [experiment_logger]: Stopped logging. Saved 250 rows to /home/duy/cocarry_ws/cocarry_logs/experiment_ERGONOMICS_20260813_110011.csv
[INFO] [1786593619.881764888] [experiment_logger]: 
============================================================
EXPERIMENT METRICS
  File: experiment_ERGONOMICS_20260813_110011.csv
  Total samples: 250
  Task completion time: 8.63 s
  --- Prediction Accuracy (over 250 samples) ---
  Avg Inference Time: 4.07 ms
  Mean Squared Error (MSE): 0.001616 m²
  Mean Absolute Error (MAE - 3D): 0.0352 m
      MAE X: 0.0130 m
      MAE Y: 0.0291 m
      MAE Z: 0.0070 m
  --- Trajectory Smoothness (Robot EE) ---
  Mean Jerk (3D): 19.2153 m/s³
      Jerk X: 5.6630 m/s³
      Jerk Y: 16.8188 m/s³
      Jerk Z: 3.0505 m/s³
  Max Jerk (3D): 257.5863 m/s³
  RMS Jerk (3D): 38.7889 m/s³
============================================================
[INFO] [1786593624.198598987] [experiment_logger]: Service called: /logger/toggle with data=False
[INFO] [1786593639.445185276] [experiment_logger]: Service called: /logger/toggle with data=False
[INFO] [1786593648.191617170] [experiment_logger]: Service called: /logger/toggle with data=True
[INFO] [1786593648.192034928] [experiment_logger]: ✓ STARTED in-memory logging. Target file: /home/duy/cocarry_ws/cocarry_logs/experiment_ERGONOMICS_20260813_110048.csv
[INFO] [1786593656.833193167] [experiment_logger]: Service called: /logger/toggle with data=False
[INFO] [1786593656.834147033] [experiment_logger]: Writing 253 rows from memory to /home/duy/cocarry_ws/cocarry_logs/experiment_ERGONOMICS_20260813_110048.csv...
[INFO] [1786593656.839352294] [experiment_logger]: ✓ Successfully wrote logs to disk.
[INFO] [1786593656.840147122] [experiment_logger]: Stopped logging. Saved 253 rows to /home/duy/cocarry_ws/cocarry_logs/experiment_ERGONOMICS_20260813_110048.csv
[INFO] [1786593656.845893003] [experiment_logger]: 
============================================================
EXPERIMENT METRICS
  File: experiment_ERGONOMICS_20260813_110048.csv
  Total samples: 253
  Task completion time: 8.64 s
  --- Prediction Accuracy (over 253 samples) ---
  Avg Inference Time: 3.79 ms
  Mean Squared Error (MSE): 0.001928 m²
  Mean Absolute Error (MAE - 3D): 0.0361 m
      MAE X: 0.0160 m
      MAE Y: 0.0266 m
      MAE Z: 0.0116 m
  --- Trajectory Smoothness (Robot EE) ---
  Mean Jerk (3D): 28.4751 m/s³
      Jerk X: 9.7268 m/s³
      Jerk Y: 23.0334 m/s³
      Jerk Z: 8.6148 m/s³
  Max Jerk (3D): 672.7958 m/s³
  RMS Jerk (3D): 77.2052 m/s³
============================================================
[INFO] [1786593661.388246870] [experiment_logger]: Service called: /logger/toggle with data=False
[INFO] [1786593677.809397952] [experiment_logger]: Service called: /logger/toggle with data=False
[INFO] [1786593686.956650758] [experiment_logger]: Service called: /logger/toggle with data=True
[INFO] [1786593686.957068165] [experiment_logger]: ✓ STARTED in-memory logging. Target file: /home/duy/cocarry_ws/cocarry_logs/experiment_ERGONOMICS_20260813_110126.csv
[INFO] [1786593695.628301050] [experiment_logger]: Service called: /logger/toggle with data=False
[INFO] [1786593695.628563930] [experiment_logger]: Writing 252 rows from memory to /home/duy/cocarry_ws/cocarry_logs/experiment_ERGONOMICS_20260813_110126.csv...
[INFO] [1786593695.632728196] [experiment_logger]: ✓ Successfully wrote logs to disk.
[INFO] [1786593695.633207630] [experiment_logger]: Stopped logging. Saved 252 rows to /home/duy/cocarry_ws/cocarry_logs/experiment_ERGONOMICS_20260813_110126.csv
[INFO] [1786593695.636611131] [experiment_logger]: 
============================================================
EXPERIMENT METRICS
  File: experiment_ERGONOMICS_20260813_110126.csv
  Total samples: 252
  Task completion time: 8.67 s
  --- Prediction Accuracy (over 252 samples) ---
  Avg Inference Time: 4.47 ms
  Mean Squared Error (MSE): 0.003693 m²
  Mean Absolute Error (MAE - 3D): 0.0548 m
      MAE X: 0.0228 m
      MAE Y: 0.0466 m
      MAE Z: 0.0104 m
  --- Trajectory Smoothness (Robot EE) ---
  Mean Jerk (3D): 28.8000 m/s³
      Jerk X: 8.2274 m/s³
      Jerk Y: 25.9158 m/s³
      Jerk Z: 6.2006 m/s³
  Max Jerk (3D): 466.1866 m/s³
  RMS Jerk (3D): 65.9036 m/s³
============================================================
[INFO] [1786593700.023179764] [experiment_logger]: Service called: /logger/toggle with data=False
[INFO] [1786593715.307337686] [experiment_logger]: Service called: /logger/toggle with data=False
[INFO] [1786593722.903921357] [experiment_logger]: Service called: /logger/toggle with data=True
[INFO] [1786593722.904461171] [experiment_logger]: ✓ STARTED in-memory logging. Target file: /home/duy/cocarry_ws/cocarry_logs/experiment_ERGONOMICS_20260813_110202.csv
[INFO] [1786593732.748017418] [experiment_logger]: Service called: /logger/toggle with data=False
[INFO] [1786593732.748476647] [experiment_logger]: Writing 290 rows from memory to /home/duy/cocarry_ws/cocarry_logs/experiment_ERGONOMICS_20260813_110202.csv...
[INFO] [1786593732.751759683] [experiment_logger]: ✓ Successfully wrote logs to disk.
[INFO] [1786593732.752265718] [experiment_logger]: Stopped logging. Saved 290 rows to /home/duy/cocarry_ws/cocarry_logs/experiment_ERGONOMICS_20260813_110202.csv
[INFO] [1786593732.756092373] [experiment_logger]: 
============================================================
EXPERIMENT METRICS
  File: experiment_ERGONOMICS_20260813_110202.csv
  Total samples: 290
  Task completion time: 9.84 s
  --- Prediction Accuracy (over 290 samples) ---
  Avg Inference Time: 3.80 ms
  Mean Squared Error (MSE): 0.001612 m²
  Mean Absolute Error (MAE - 3D): 0.0347 m
      MAE X: 0.0164 m
      MAE Y: 0.0235 m
      MAE Z: 0.0110 m
  --- Trajectory Smoothness (Robot EE) ---
  Mean Jerk (3D): 14.8483 m/s³
      Jerk X: 4.9662 m/s³
      Jerk Y: 11.0113 m/s³
      Jerk Z: 4.7675 m/s³
  Max Jerk (3D): 560.4112 m/s³
  RMS Jerk (3D): 52.2596 m/s³
============================================================
[INFO] [1786593737.823987027] [experiment_logger]: Service called: /logger/toggle with data=False
[INFO] [1786593756.946534977] [experiment_logger]: Trajectory mode: prediction
[INFO] [1786593764.220929433] [experiment_logger]: Service called: /logger/toggle with data=False
[INFO] [1786593770.863264142] [experiment_logger]: Service called: /logger/toggle with data=True
[INFO] [1786593770.863533878] [experiment_logger]: ✓ STARTED in-memory logging. Target file: /home/duy/cocarry_ws/cocarry_logs/experiment_GRU_20260813_110250.csv
[INFO] [1786593783.783899790] [experiment_logger]: Service called: /logger/toggle with data=False
[INFO] [1786593783.784248845] [experiment_logger]: Writing 377 rows from memory to /home/duy/cocarry_ws/cocarry_logs/experiment_GRU_20260813_110250.csv...
[INFO] [1786593783.788983328] [experiment_logger]: ✓ Successfully wrote logs to disk.
[INFO] [1786593783.789660022] [experiment_logger]: Stopped logging. Saved 377 rows to /home/duy/cocarry_ws/cocarry_logs/experiment_GRU_20260813_110250.csv
[INFO] [1786593783.796313515] [experiment_logger]: 
============================================================
EXPERIMENT METRICS
  File: experiment_GRU_20260813_110250.csv
  Total samples: 377
  Task completion time: 12.92 s
  --- Prediction Accuracy (over 377 samples) ---
  Avg Inference Time: 4.41 ms
  Mean Squared Error (MSE): 0.002452 m²
  Mean Absolute Error (MAE - 3D): 0.0437 m
      MAE X: 0.0181 m
      MAE Y: 0.0366 m
      MAE Z: 0.0075 m
  --- Trajectory Smoothness (Robot EE) ---
  Mean Jerk (3D): 9.4429 m/s³
      Jerk X: 4.9439 m/s³
      Jerk Y: 6.5142 m/s³
      Jerk Z: 2.2154 m/s³
  Max Jerk (3D): 136.4500 m/s³
  RMS Jerk (3D): 18.0226 m/s³
============================================================
[INFO] [1786593790.550363420] [experiment_logger]: Service called: /logger/toggle with data=False
[INFO] [1786593805.886917869] [experiment_logger]: Service called: /logger/toggle with data=False
[INFO] [1786593816.994198132] [experiment_logger]: Service called: /logger/toggle with data=True
[INFO] [1786593816.994553341] [experiment_logger]: ✓ STARTED in-memory logging. Target file: /home/duy/cocarry_ws/cocarry_logs/experiment_GRU_20260813_110336.csv
[INFO] [1786593826.179647766] [experiment_logger]: Service called: /logger/toggle with data=False
[INFO] [1786593826.180190770] [experiment_logger]: Writing 273 rows from memory to /home/duy/cocarry_ws/cocarry_logs/experiment_GRU_20260813_110336.csv...
[INFO] [1786593826.186550175] [experiment_logger]: ✓ Successfully wrote logs to disk.
[INFO] [1786593826.187309863] [experiment_logger]: Stopped logging. Saved 273 rows to /home/duy/cocarry_ws/cocarry_logs/experiment_GRU_20260813_110336.csv
[INFO] [1786593826.191410279] [experiment_logger]: 
============================================================
EXPERIMENT METRICS
  File: experiment_GRU_20260813_110336.csv
  Total samples: 273
  Task completion time: 9.19 s
  --- Prediction Accuracy (over 273 samples) ---
  Avg Inference Time: 3.80 ms
  Mean Squared Error (MSE): 0.002550 m²
  Mean Absolute Error (MAE - 3D): 0.0430 m
      MAE X: 0.0175 m
      MAE Y: 0.0349 m
      MAE Z: 0.0067 m
  --- Trajectory Smoothness (Robot EE) ---
  Mean Jerk (3D): 16.6506 m/s³
      Jerk X: 4.4036 m/s³
      Jerk Y: 14.4856 m/s³
      Jerk Z: 4.3802 m/s³
  Max Jerk (3D): 154.2752 m/s³
  RMS Jerk (3D): 32.7051 m/s³
============================================================
[INFO] [1786593829.663846466] [experiment_logger]: Service called: /logger/toggle with data=False
[INFO] [1786593849.911362337] [experiment_logger]: Service called: /logger/toggle with data=False
[INFO] [1786593857.577367758] [experiment_logger]: Service called: /logger/toggle with data=True
[INFO] [1786593857.577901396] [experiment_logger]: ✓ STARTED in-memory logging. Target file: /home/duy/cocarry_ws/cocarry_logs/experiment_GRU_20260813_110417.csv
[INFO] [1786593866.378118006] [experiment_logger]: Service called: /logger/toggle with data=False
[INFO] [1786593866.378416904] [experiment_logger]: Writing 257 rows from memory to /home/duy/cocarry_ws/cocarry_logs/experiment_GRU_20260813_110417.csv...
[INFO] [1786593866.381473853] [experiment_logger]: ✓ Successfully wrote logs to disk.
[INFO] [1786593866.381934091] [experiment_logger]: Stopped logging. Saved 257 rows to /home/duy/cocarry_ws/cocarry_logs/experiment_GRU_20260813_110417.csv
[INFO] [1786593866.385371834] [experiment_logger]: 
============================================================
EXPERIMENT METRICS
  File: experiment_GRU_20260813_110417.csv
  Total samples: 257
  Task completion time: 8.80 s
  --- Prediction Accuracy (over 257 samples) ---
  Avg Inference Time: 3.55 ms
  Mean Squared Error (MSE): 0.001604 m²
  Mean Absolute Error (MAE - 3D): 0.0342 m
      MAE X: 0.0135 m
      MAE Y: 0.0272 m
      MAE Z: 0.0065 m
  --- Trajectory Smoothness (Robot EE) ---
  Mean Jerk (3D): 8.7272 m/s³
      Jerk X: 2.9376 m/s³
      Jerk Y: 7.0818 m/s³
      Jerk Z: 2.2873 m/s³
  Max Jerk (3D): 71.1214 m/s³
  RMS Jerk (3D): 14.5934 m/s³
============================================================
[INFO] [1786593871.965713091] [experiment_logger]: Service called: /logger/toggle with data=False
[INFO] [1786593888.438372667] [experiment_logger]: Service called: /logger/toggle with data=False
[INFO] [1786593892.155320165] [experiment_logger]: Service called: /logger/toggle with data=False
[INFO] [1786593899.819659918] [experiment_logger]: Service called: /logger/toggle with data=True
[INFO] [1786593899.820220359] [experiment_logger]: ✓ STARTED in-memory logging. Target file: /home/duy/cocarry_ws/cocarry_logs/experiment_GRU_20260813_110459.csv
[INFO] [1786593907.565200239] [experiment_logger]: Service called: /logger/toggle with data=False
[INFO] [1786593907.565475547] [experiment_logger]: Writing 226 rows from memory to /home/duy/cocarry_ws/cocarry_logs/experiment_GRU_20260813_110459.csv...
[INFO] [1786593907.567958279] [experiment_logger]: ✓ Successfully wrote logs to disk.
[INFO] [1786593907.568389601] [experiment_logger]: Stopped logging. Saved 226 rows to /home/duy/cocarry_ws/cocarry_logs/experiment_GRU_20260813_110459.csv
[INFO] [1786593907.571672554] [experiment_logger]: 
============================================================
EXPERIMENT METRICS
  File: experiment_GRU_20260813_110459.csv
  Total samples: 226
  Task completion time: 7.75 s
  --- Prediction Accuracy (over 226 samples) ---
  Avg Inference Time: 4.10 ms
  Mean Squared Error (MSE): 0.002512 m²
  Mean Absolute Error (MAE - 3D): 0.0451 m
      MAE X: 0.0217 m
      MAE Y: 0.0343 m
      MAE Z: 0.0082 m
  --- Trajectory Smoothness (Robot EE) ---
  Mean Jerk (3D): 11.8717 m/s³
      Jerk X: 2.7730 m/s³
      Jerk Y: 10.3529 m/s³
      Jerk Z: 2.5928 m/s³
  Max Jerk (3D): 267.2182 m/s³
  RMS Jerk (3D): 36.2680 m/s³
============================================================
[INFO] [1786593914.458835810] [experiment_logger]: Service called: /logger/toggle with data=False
[INFO] [1786593932.713086725] [experiment_logger]: Service called: /logger/toggle with data=False
[INFO] [1786593940.098777126] [experiment_logger]: Service called: /logger/toggle with data=True
[INFO] [1786593940.099235004] [experiment_logger]: ✓ STARTED in-memory logging. Target file: /home/duy/cocarry_ws/cocarry_logs/experiment_GRU_20260813_110540.csv
[INFO] [1786593947.238322635] [experiment_logger]: Service called: /logger/toggle with data=False
[INFO] [1786593947.238818970] [experiment_logger]: Writing 207 rows from memory to /home/duy/cocarry_ws/cocarry_logs/experiment_GRU_20260813_110540.csv...
[INFO] [1786593947.242560468] [experiment_logger]: ✓ Successfully wrote logs to disk.
[INFO] [1786593947.243209396] [experiment_logger]: Stopped logging. Saved 207 rows to /home/duy/cocarry_ws/cocarry_logs/experiment_GRU_20260813_110540.csv
[INFO] [1786593947.246120965] [experiment_logger]: 
============================================================
EXPERIMENT METRICS
  File: experiment_GRU_20260813_110540.csv
  Total samples: 207
  Task completion time: 7.14 s
  --- Prediction Accuracy (over 207 samples) ---
  Avg Inference Time: 3.92 ms
  Mean Squared Error (MSE): 0.002384 m²
  Mean Absolute Error (MAE - 3D): 0.0447 m
      MAE X: 0.0181 m
      MAE Y: 0.0357 m
      MAE Z: 0.0090 m
  --- Trajectory Smoothness (Robot EE) ---
  Mean Jerk (3D): 11.5840 m/s³
      Jerk X: 2.9967 m/s³
      Jerk Y: 9.9971 m/s³
      Jerk Z: 2.8026 m/s³
  Max Jerk (3D): 163.3978 m/s³
  RMS Jerk (3D): 24.2816 m/s³
============================================================
[INFO] [1786593951.255995086] [experiment_logger]: Service called: /logger/toggle with data=False
[INFO] [1786593985.075672563] [experiment_logger]: Service called: /logger/toggle with data=False
[INFO] [1786593998.579914909] [experiment_logger]: Service called: /logger/toggle with data=False
[INFO] [1786594004.950356206] [experiment_logger]: Service called: /logger/toggle with data=True
[INFO] [1786594004.951157533] [experiment_logger]: ✓ STARTED in-memory logging. Target file: /home/duy/cocarry_ws/cocarry_logs/experiment_GRU_20260813_110644.csv
[INFO] [1786594012.745278945] [experiment_logger]: Service called: /logger/toggle with data=False
[INFO] [1786594012.745532593] [experiment_logger]: Writing 227 rows from memory to /home/duy/cocarry_ws/cocarry_logs/experiment_GRU_20260813_110644.csv...
[INFO] [1786594012.748085238] [experiment_logger]: ✓ Successfully wrote logs to disk.
[INFO] [1786594012.748547237] [experiment_logger]: Stopped logging. Saved 227 rows to /home/duy/cocarry_ws/cocarry_logs/experiment_GRU_20260813_110644.csv
[INFO] [1786594012.751540344] [experiment_logger]: 
============================================================
EXPERIMENT METRICS
  File: experiment_GRU_20260813_110644.csv
  Total samples: 227
  Task completion time: 7.79 s
  --- Prediction Accuracy (over 227 samples) ---
  Avg Inference Time: 4.77 ms
  Mean Squared Error (MSE): 0.002350 m²
  Mean Absolute Error (MAE - 3D): 0.0430 m
      MAE X: 0.0229 m
      MAE Y: 0.0310 m
      MAE Z: 0.0091 m
  --- Trajectory Smoothness (Robot EE) ---
  Mean Jerk (3D): 25.1483 m/s³
      Jerk X: 8.8877 m/s³
      Jerk Y: 20.8491 m/s³
      Jerk Z: 6.1121 m/s³
  Max Jerk (3D): 230.6984 m/s³
  RMS Jerk (3D): 47.6547 m/s³
============================================================
[INFO] [1786594018.045766844] [experiment_logger]: Service called: /logger/toggle with data=False
[INFO] [1786594030.839276247] [experiment_logger]: Service called: /logger/toggle with data=False
[INFO] [1786594079.200562496] [experiment_logger]: Service called: /logger/toggle with data=False
[INFO] [1786594091.258757470] [experiment_logger]: Service called: /logger/toggle with data=True
[INFO] [1786594091.259353338] [experiment_logger]: ✓ STARTED in-memory logging. Target file: /home/duy/cocarry_ws/cocarry_logs/experiment_GRU_20260813_110811.csv
[INFO] [1786594098.750793785] [experiment_logger]: Service called: /logger/toggle with data=False
[INFO] [1786594098.751136610] [experiment_logger]: Writing 220 rows from memory to /home/duy/cocarry_ws/cocarry_logs/experiment_GRU_20260813_110811.csv...
[INFO] [1786594098.756389037] [experiment_logger]: ✓ Successfully wrote logs to disk.
[INFO] [1786594098.757056730] [experiment_logger]: Stopped logging. Saved 220 rows to /home/duy/cocarry_ws/cocarry_logs/experiment_GRU_20260813_110811.csv
[INFO] [1786594098.760941321] [experiment_logger]: 
============================================================
EXPERIMENT METRICS
  File: experiment_GRU_20260813_110811.csv
  Total samples: 220
  Task completion time: 7.49 s
  --- Prediction Accuracy (over 220 samples) ---
  Avg Inference Time: 4.67 ms
  Mean Squared Error (MSE): 0.002774 m²
  Mean Absolute Error (MAE - 3D): 0.0456 m
      MAE X: 0.0241 m
      MAE Y: 0.0348 m
      MAE Z: 0.0080 m
  --- Trajectory Smoothness (Robot EE) ---
  Mean Jerk (3D): 10.6727 m/s³
      Jerk X: 3.7551 m/s³
      Jerk Y: 7.5068 m/s³
      Jerk Z: 3.3726 m/s³
  Max Jerk (3D): 135.2988 m/s³
  RMS Jerk (3D): 18.9215 m/s³
============================================================
[INFO] [1786594103.646513424] [experiment_logger]: Service called: /logger/toggle with data=False
[INFO] [1786594121.454495663] [experiment_logger]: Service called: /logger/toggle with data=False
[INFO] [1786594128.935682161] [experiment_logger]: Service called: /logger/toggle with data=True
[INFO] [1786594128.936329444] [experiment_logger]: ✓ STARTED in-memory logging. Target file: /home/duy/cocarry_ws/cocarry_logs/experiment_GRU_20260813_110848.csv
[INFO] [1786594132.049826997] [experiment_logger]: Service called: /logger/toggle with data=False
[INFO] [1786594132.050307877] [experiment_logger]: Writing 92 rows from memory to /home/duy/cocarry_ws/cocarry_logs/experiment_GRU_20260813_110848.csv...
[INFO] [1786594132.052227144] [experiment_logger]: ✓ Successfully wrote logs to disk.
[INFO] [1786594132.052828749] [experiment_logger]: Stopped logging. Saved 92 rows to /home/duy/cocarry_ws/cocarry_logs/experiment_GRU_20260813_110848.csv
[INFO] [1786594132.055092084] [experiment_logger]: 
============================================================
EXPERIMENT METRICS
  File: experiment_GRU_20260813_110848.csv
  Total samples: 92
  Task completion time: 3.11 s
  --- Prediction Accuracy (over 92 samples) ---
  Avg Inference Time: 4.78 ms
  Mean Squared Error (MSE): 0.005762 m²
  Mean Absolute Error (MAE - 3D): 0.0716 m
      MAE X: 0.0396 m
      MAE Y: 0.0548 m
      MAE Z: 0.0161 m
  Jerk: insufficient EE data for calculation
============================================================
[INFO] [1786594147.102174334] [experiment_logger]: Service called: /logger/toggle with data=False
[INFO] [1786594157.799027851] [experiment_logger]: Service called: /logger/toggle with data=True
[INFO] [1786594157.799764073] [experiment_logger]: ✓ STARTED in-memory logging. Target file: /home/duy/cocarry_ws/cocarry_logs/experiment_GRU_20260813_110917.csv
[INFO] [1786594173.675127620] [experiment_logger]: Service called: /logger/toggle with data=False
[INFO] [1786594173.675392537] [experiment_logger]: Writing 465 rows from memory to /home/duy/cocarry_ws/cocarry_logs/experiment_GRU_20260813_110917.csv...
[INFO] [1786594173.680025474] [experiment_logger]: ✓ Successfully wrote logs to disk.
[INFO] [1786594173.680690283] [experiment_logger]: Stopped logging. Saved 465 rows to /home/duy/cocarry_ws/cocarry_logs/experiment_GRU_20260813_110917.csv
[INFO] [1786594173.686978587] [experiment_logger]: 
============================================================
EXPERIMENT METRICS
  File: experiment_GRU_20260813_110917.csv
  Total samples: 465
  Task completion time: 15.88 s
  --- Prediction Accuracy (over 465 samples) ---
  Avg Inference Time: 4.78 ms
  Mean Squared Error (MSE): 0.003320 m²
  Mean Absolute Error (MAE - 3D): 0.0481 m
      MAE X: 0.0220 m
      MAE Y: 0.0381 m
      MAE Z: 0.0113 m
  --- Trajectory Smoothness (Robot EE) ---
  Mean Jerk (3D): 10.9092 m/s³
      Jerk X: 3.2895 m/s³
      Jerk Y: 8.9506 m/s³
      Jerk Z: 2.7728 m/s³
  Max Jerk (3D): 187.2851 m/s³
  RMS Jerk (3D): 24.7376 m/s³
============================================================
[INFO] [1786594179.062007009] [experiment_logger]: Service called: /logger/toggle with data=False
[INFO] [1786594194.297141634] [experiment_logger]: Service called: /logger/toggle with data=False
[INFO] [1786594206.588763812] [experiment_logger]: Service called: /logger/toggle with data=True
[INFO] [1786594206.589053849] [experiment_logger]: ✓ STARTED in-memory logging. Target file: /home/duy/cocarry_ws/cocarry_logs/experiment_GRU_20260813_111006.csv
[INFO] [1786594214.324772109] [experiment_logger]: Service called: /logger/toggle with data=False
[INFO] [1786594214.325250635] [experiment_logger]: Writing 224 rows from memory to /home/duy/cocarry_ws/cocarry_logs/experiment_GRU_20260813_111006.csv...
[INFO] [1786594214.327970571] [experiment_logger]: ✓ Successfully wrote logs to disk.
[INFO] [1786594214.328488622] [experiment_logger]: Stopped logging. Saved 224 rows to /home/duy/cocarry_ws/cocarry_logs/experiment_GRU_20260813_111006.csv
[INFO] [1786594214.332007465] [experiment_logger]: 
============================================================
EXPERIMENT METRICS
  File: experiment_GRU_20260813_111006.csv
  Total samples: 224
  Task completion time: 7.74 s
  --- Prediction Accuracy (over 224 samples) ---
  Avg Inference Time: 3.80 ms
  Mean Squared Error (MSE): 0.002144 m²
  Mean Absolute Error (MAE - 3D): 0.0417 m
      MAE X: 0.0171 m
      MAE Y: 0.0324 m
      MAE Z: 0.0101 m
  --- Trajectory Smoothness (Robot EE) ---
  Mean Jerk (3D): 13.2146 m/s³
      Jerk X: 5.0796 m/s³
      Jerk Y: 9.1988 m/s³
      Jerk Z: 5.4166 m/s³
  Max Jerk (3D): 110.2008 m/s³
  RMS Jerk (3D): 22.9016 m/s³
============================================================
[INFO] [1786594219.706473496] [experiment_logger]: Service called: /logger/toggle with data=False
[INFO] [1786594237.787599127] [experiment_logger]: Service called: /logger/toggle with data=False
[INFO] [1786594244.084492120] [experiment_logger]: Service called: /logger/toggle with data=True
[INFO] [1786594244.085152038] [experiment_logger]: ✓ STARTED in-memory logging. Target file: /home/duy/cocarry_ws/cocarry_logs/experiment_GRU_20260813_111044.csv
[INFO] [1786594256.015127024] [experiment_logger]: Service called: /logger/toggle with data=False
[INFO] [1786594256.015413194] [experiment_logger]: Writing 351 rows from memory to /home/duy/cocarry_ws/cocarry_logs/experiment_GRU_20260813_111044.csv...
[INFO] [1786594256.019446216] [experiment_logger]: ✓ Successfully wrote logs to disk.
[INFO] [1786594256.020014205] [experiment_logger]: Stopped logging. Saved 351 rows to /home/duy/cocarry_ws/cocarry_logs/experiment_GRU_20260813_111044.csv
[INFO] [1786594256.026311372] [experiment_logger]: 
============================================================
EXPERIMENT METRICS
  File: experiment_GRU_20260813_111044.csv
  Total samples: 351
  Task completion time: 11.93 s
  --- Prediction Accuracy (over 351 samples) ---
  Avg Inference Time: 4.56 ms
  Mean Squared Error (MSE): 0.001739 m²
  Mean Absolute Error (MAE - 3D): 0.0360 m
      MAE X: 0.0138 m
      MAE Y: 0.0292 m
      MAE Z: 0.0090 m
  --- Trajectory Smoothness (Robot EE) ---
  Mean Jerk (3D): 13.6128 m/s³
      Jerk X: 4.7052 m/s³
      Jerk Y: 11.3356 m/s³
      Jerk Z: 3.1605 m/s³
  Max Jerk (3D): 165.5556 m/s³
  RMS Jerk (3D): 23.4068 m/s³
============================================================
[INFO] [1786594260.815809446] [experiment_logger]: Service called: /logger/toggle with data=False
[INFO] [1786594274.382835468] [experiment_logger]: Service called: /logger/toggle with data=False
[INFO] [1786594286.111512254] [experiment_logger]: Service called: /logger/toggle with data=True
[INFO] [1786594286.112121436] [experiment_logger]: ✓ STARTED in-memory logging. Target file: /home/duy/cocarry_ws/cocarry_logs/experiment_GRU_20260813_111126.csv
[INFO] [1786594294.767526012] [experiment_logger]: Service called: /logger/toggle with data=False
[INFO] [1786594294.768120957] [experiment_logger]: Writing 255 rows from memory to /home/duy/cocarry_ws/cocarry_logs/experiment_GRU_20260813_111126.csv...
[INFO] [1786594294.773303866] [experiment_logger]: ✓ Successfully wrote logs to disk.
[INFO] [1786594294.773810883] [experiment_logger]: Stopped logging. Saved 255 rows to /home/duy/cocarry_ws/cocarry_logs/experiment_GRU_20260813_111126.csv
[INFO] [1786594294.777258693] [experiment_logger]: 
============================================================
EXPERIMENT METRICS
  File: experiment_GRU_20260813_111126.csv
  Total samples: 255
  Task completion time: 8.66 s
  --- Prediction Accuracy (over 255 samples) ---
  Avg Inference Time: 5.10 ms
  Mean Squared Error (MSE): 0.002495 m²
  Mean Absolute Error (MAE - 3D): 0.0435 m
      MAE X: 0.0199 m
      MAE Y: 0.0350 m
      MAE Z: 0.0090 m
  --- Trajectory Smoothness (Robot EE) ---
  Mean Jerk (3D): 12.0557 m/s³
      Jerk X: 4.4165 m/s³
      Jerk Y: 8.8724 m/s³
      Jerk Z: 3.9407 m/s³
  Max Jerk (3D): 90.0893 m/s³
  RMS Jerk (3D): 18.8056 m/s³
============================================================
[INFO] [1786594299.130346592] [experiment_logger]: Service called: /logger/toggle with data=False
[INFO] [1786594315.090393159] [experiment_logger]: Service called: /logger/toggle with data=False
[INFO] [1786594323.639652244] [experiment_logger]: Service called: /logger/toggle with data=True
[INFO] [1786594323.640305450] [experiment_logger]: ✓ STARTED in-memory logging. Target file: /home/duy/cocarry_ws/cocarry_logs/experiment_GRU_20260813_111203.csv
[INFO] [1786594331.522189344] [experiment_logger]: Service called: /logger/toggle with data=False
[INFO] [1786594331.522701757] [experiment_logger]: Writing 232 rows from memory to /home/duy/cocarry_ws/cocarry_logs/experiment_GRU_20260813_111203.csv...
[INFO] [1786594331.526865355] [experiment_logger]: ✓ Successfully wrote logs to disk.
[INFO] [1786594331.527600455] [experiment_logger]: Stopped logging. Saved 232 rows to /home/duy/cocarry_ws/cocarry_logs/experiment_GRU_20260813_111203.csv
[INFO] [1786594331.533039126] [experiment_logger]: 
============================================================
EXPERIMENT METRICS
  File: experiment_GRU_20260813_111203.csv
  Total samples: 232
  Task completion time: 7.88 s
  --- Prediction Accuracy (over 232 samples) ---
  Avg Inference Time: 4.45 ms
  Mean Squared Error (MSE): 0.002509 m²
  Mean Absolute Error (MAE - 3D): 0.0449 m
      MAE X: 0.0188 m
      MAE Y: 0.0363 m
      MAE Z: 0.0120 m
  --- Trajectory Smoothness (Robot EE) ---
  Mean Jerk (3D): 14.2241 m/s³
      Jerk X: 5.8527 m/s³
      Jerk Y: 10.2961 m/s³
      Jerk Z: 6.1428 m/s³
  Max Jerk (3D): 131.6888 m/s³
  RMS Jerk (3D): 24.6555 m/s³
============================================================
[INFO] [1786594335.819316589] [experiment_logger]: Service called: /logger/toggle with data=False
[INFO] [1786594357.083945059] [experiment_logger]: Trajectory mode: ground_truth
[INFO] [1786594361.795187096] [experiment_logger]: Service called: /logger/toggle with data=False
[INFO] [1786594370.227187384] [experiment_logger]: Service called: /logger/toggle with data=True
[INFO] [1786594370.227660204] [experiment_logger]: ✓ STARTED in-memory logging. Target file: /home/duy/cocarry_ws/cocarry_logs/experiment_GROUND_TRUTH_20260813_111250.csv
[INFO] [1786594378.258380639] [experiment_logger]: Service called: /logger/toggle with data=False
[INFO] [1786594378.258935325] [experiment_logger]: Writing 236 rows from memory to /home/duy/cocarry_ws/cocarry_logs/experiment_GROUND_TRUTH_20260813_111250.csv...
[INFO] [1786594378.262687242] [experiment_logger]: ✓ Successfully wrote logs to disk.
[INFO] [1786594378.263426224] [experiment_logger]: Stopped logging. Saved 236 rows to /home/duy/cocarry_ws/cocarry_logs/experiment_GROUND_TRUTH_20260813_111250.csv
[INFO] [1786594378.266699146] [experiment_logger]: 
============================================================
EXPERIMENT METRICS
  File: experiment_GROUND_TRUTH_20260813_111250.csv
  Total samples: 236
  Task completion time: 8.03 s
  Mode: GROUND TRUTH (no prediction metrics)
  --- Trajectory Smoothness (Robot EE) ---
  Mean Jerk (3D): 7.9782 m/s³
      Jerk X: 1.5412 m/s³
      Jerk Y: 6.9734 m/s³
      Jerk Z: 2.0888 m/s³
  Max Jerk (3D): 39.3768 m/s³
  RMS Jerk (3D): 11.4544 m/s³
============================================================
[INFO] [1786594384.217204052] [experiment_logger]: Service called: /logger/toggle with data=False
[INFO] [1786594401.936320350] [experiment_logger]: Service called: /logger/toggle with data=False
[INFO] [1786594410.820345811] [experiment_logger]: Service called: /logger/toggle with data=True
[INFO] [1786594410.820664701] [experiment_logger]: ✓ STARTED in-memory logging. Target file: /home/duy/cocarry_ws/cocarry_logs/experiment_GROUND_TRUTH_20260813_111330.csv
[INFO] [1786594419.674233696] [experiment_logger]: Service called: /logger/toggle with data=False
[INFO] [1786594419.674712449] [experiment_logger]: Writing 262 rows from memory to /home/duy/cocarry_ws/cocarry_logs/experiment_GROUND_TRUTH_20260813_111330.csv...
[INFO] [1786594419.678470144] [experiment_logger]: ✓ Successfully wrote logs to disk.
[INFO] [1786594419.679179901] [experiment_logger]: Stopped logging. Saved 262 rows to /home/duy/cocarry_ws/cocarry_logs/experiment_GROUND_TRUTH_20260813_111330.csv
[INFO] [1786594419.682848283] [experiment_logger]: 
============================================================
EXPERIMENT METRICS
  File: experiment_GROUND_TRUTH_20260813_111330.csv
  Total samples: 262
  Task completion time: 8.85 s
  Mode: GROUND TRUTH (no prediction metrics)
  --- Trajectory Smoothness (Robot EE) ---
  Mean Jerk (3D): 6.7251 m/s³
      Jerk X: 1.8027 m/s³
      Jerk Y: 5.3568 m/s³
      Jerk Z: 2.2938 m/s³
  Max Jerk (3D): 42.8759 m/s³
  RMS Jerk (3D): 9.3582 m/s³
============================================================
[INFO] [1786594423.703346525] [experiment_logger]: Service called: /logger/toggle with data=False
[INFO] [1786594442.545525885] [experiment_logger]: Service called: /logger/toggle with data=False
[INFO] [1786594452.421624598] [experiment_logger]: Service called: /logger/toggle with data=True
[INFO] [1786594452.422144893] [experiment_logger]: ✓ STARTED in-memory logging. Target file: /home/duy/cocarry_ws/cocarry_logs/experiment_GROUND_TRUTH_20260813_111412.csv
[INFO] [1786594460.882465229] [experiment_logger]: Service called: /logger/toggle with data=False
[INFO] [1786594460.882737611] [experiment_logger]: Writing 251 rows from memory to /home/duy/cocarry_ws/cocarry_logs/experiment_GROUND_TRUTH_20260813_111412.csv...
[INFO] [1786594460.886245694] [experiment_logger]: ✓ Successfully wrote logs to disk.
[INFO] [1786594460.886752274] [experiment_logger]: Stopped logging. Saved 251 rows to /home/duy/cocarry_ws/cocarry_logs/experiment_GROUND_TRUTH_20260813_111412.csv
[INFO] [1786594460.890137971] [experiment_logger]: 
============================================================
EXPERIMENT METRICS
  File: experiment_GROUND_TRUTH_20260813_111412.csv
  Total samples: 251
  Task completion time: 8.46 s
  Mode: GROUND TRUTH (no prediction metrics)
  --- Trajectory Smoothness (Robot EE) ---
  Mean Jerk (3D): 10.4690 m/s³
      Jerk X: 3.1897 m/s³
      Jerk Y: 8.9749 m/s³
      Jerk Z: 2.5240 m/s³
  Max Jerk (3D): 205.8598 m/s³
  RMS Jerk (3D): 24.8139 m/s³
============================================================
[INFO] [1786594463.273593810] [experiment_logger]: Service called: /logger/toggle with data=False
[INFO] [1786594483.231934320] [experiment_logger]: Service called: /logger/toggle with data=False
[INFO] [1786594490.515725087] [experiment_logger]: Service called: /logger/toggle with data=True
[INFO] [1786594490.516236886] [experiment_logger]: ✓ STARTED in-memory logging. Target file: /home/duy/cocarry_ws/cocarry_logs/experiment_GROUND_TRUTH_20260813_111450.csv
[INFO] [1786594498.830171419] [experiment_logger]: Service called: /logger/toggle with data=False
[INFO] [1786594498.830489095] [experiment_logger]: Writing 246 rows from memory to /home/duy/cocarry_ws/cocarry_logs/experiment_GROUND_TRUTH_20260813_111450.csv...
[INFO] [1786594498.832866212] [experiment_logger]: ✓ Successfully wrote logs to disk.
[INFO] [1786594498.833273243] [experiment_logger]: Stopped logging. Saved 246 rows to /home/duy/cocarry_ws/cocarry_logs/experiment_GROUND_TRUTH_20260813_111450.csv
[INFO] [1786594498.836173900] [experiment_logger]: 
============================================================
EXPERIMENT METRICS
  File: experiment_GROUND_TRUTH_20260813_111450.csv
  Total samples: 246
  Task completion time: 8.31 s
  Mode: GROUND TRUTH (no prediction metrics)
  --- Trajectory Smoothness (Robot EE) ---
  Mean Jerk (3D): 24.9292 m/s³
      Jerk X: 5.0370 m/s³
      Jerk Y: 21.9208 m/s³
      Jerk Z: 7.1951 m/s³
  Max Jerk (3D): 315.8960 m/s³
  RMS Jerk (3D): 49.6924 m/s³
============================================================
[INFO] [1786594508.197363879] [experiment_logger]: Service called: /logger/toggle with data=False
[INFO] [1786594549.945696542] [experiment_logger]: Service called: /logger/toggle with data=True
[INFO] [1786594549.946233937] [experiment_logger]: ✓ STARTED in-memory logging. Target file: /home/duy/cocarry_ws/cocarry_logs/experiment_GROUND_TRUTH_20260813_111549.csv
[INFO] [1786594555.729244214] [experiment_logger]: Service called: /logger/toggle with data=False
[INFO] [1786594555.729493194] [experiment_logger]: Writing 14 rows from memory to /home/duy/cocarry_ws/cocarry_logs/experiment_GROUND_TRUTH_20260813_111549.csv...
[INFO] [1786594555.730037752] [experiment_logger]: ✓ Successfully wrote logs to disk.
[INFO] [1786594555.730260240] [experiment_logger]: Stopped logging. Saved 14 rows to /home/duy/cocarry_ws/cocarry_logs/experiment_GROUND_TRUTH_20260813_111549.csv
[INFO] [1786594555.730718765] [experiment_logger]: 
============================================================
EXPERIMENT METRICS
  File: experiment_GROUND_TRUTH_20260813_111549.csv
  Total samples: 14
  Task completion time: 5.78 s
  Mode: GROUND TRUTH (no prediction metrics)
  --- Trajectory Smoothness (Robot EE) ---
  Mean Jerk (3D): 80.1095 m/s³
      Jerk X: 10.1821 m/s³
      Jerk Y: 76.1090 m/s³
      Jerk Z: 6.5364 m/s³
  Max Jerk (3D): 156.3141 m/s³
  RMS Jerk (3D): 93.7144 m/s³
============================================================
[INFO] [1786594594.463514763] [experiment_logger]: Service called: /logger/toggle with data=True
[INFO] [1786594594.464037528] [experiment_logger]: ✓ STARTED in-memory logging. Target file: /home/duy/cocarry_ws/cocarry_logs/experiment_GROUND_TRUTH_20260813_111634.csv
[INFO] [1786594602.890554916] [experiment_logger]: Service called: /logger/toggle with data=False
[INFO] [1786594602.890797566] [experiment_logger]: Writing 250 rows from memory to /home/duy/cocarry_ws/cocarry_logs/experiment_GROUND_TRUTH_20260813_111634.csv...
[INFO] [1786594602.894655933] [experiment_logger]: ✓ Successfully wrote logs to disk.
[INFO] [1786594602.895073774] [experiment_logger]: Stopped logging. Saved 250 rows to /home/duy/cocarry_ws/cocarry_logs/experiment_GROUND_TRUTH_20260813_111634.csv
[INFO] [1786594602.898441123] [experiment_logger]: 
============================================================
EXPERIMENT METRICS
  File: experiment_GROUND_TRUTH_20260813_111634.csv
  Total samples: 250
  Task completion time: 8.43 s
  Mode: GROUND TRUTH (no prediction metrics)
  --- Trajectory Smoothness (Robot EE) ---
  Mean Jerk (3D): 11.2571 m/s³
      Jerk X: 2.1079 m/s³
      Jerk Y: 9.7135 m/s³
      Jerk Z: 3.4600 m/s³
  Max Jerk (3D): 131.4022 m/s³
  RMS Jerk (3D): 21.2500 m/s³
============================================================
[INFO] [1786594606.079598738] [experiment_logger]: Service called: /logger/toggle with data=False
[INFO] [1786594622.776471190] [experiment_logger]: Service called: /logger/toggle with data=False
[INFO] [1786594633.778974107] [experiment_logger]: Service called: /logger/toggle with data=True
[INFO] [1786594633.779562228] [experiment_logger]: ✓ STARTED in-memory logging. Target file: /home/duy/cocarry_ws/cocarry_logs/experiment_GROUND_TRUTH_20260813_111713.csv
[INFO] [1786594643.716962817] [experiment_logger]: Service called: /logger/toggle with data=False
[INFO] [1786594643.717593642] [experiment_logger]: Writing 294 rows from memory to /home/duy/cocarry_ws/cocarry_logs/experiment_GROUND_TRUTH_20260813_111713.csv...
[INFO] [1786594643.723910437] [experiment_logger]: ✓ Successfully wrote logs to disk.
[INFO] [1786594643.724762307] [experiment_logger]: Stopped logging. Saved 294 rows to /home/duy/cocarry_ws/cocarry_logs/experiment_GROUND_TRUTH_20260813_111713.csv
[INFO] [1786594643.730489588] [experiment_logger]: 
============================================================
EXPERIMENT METRICS
  File: experiment_GROUND_TRUTH_20260813_111713.csv
  Total samples: 294
  Task completion time: 9.94 s
  Mode: GROUND TRUTH (no prediction metrics)
  --- Trajectory Smoothness (Robot EE) ---
  Mean Jerk (3D): 7.6674 m/s³
      Jerk X: 1.8404 m/s³
      Jerk Y: 6.4052 m/s³
      Jerk Z: 2.3509 m/s³
  Max Jerk (3D): 40.5383 m/s³
  RMS Jerk (3D): 10.8277 m/s³
============================================================
[INFO] [1786594646.625497194] [experiment_logger]: Service called: /logger/toggle with data=False
[INFO] [1786594663.461635328] [experiment_logger]: Service called: /logger/toggle with data=False
[INFO] [1786594676.603220997] [experiment_logger]: Service called: /logger/toggle with data=True
[INFO] [1786594676.603735199] [experiment_logger]: ✓ STARTED in-memory logging. Target file: /home/duy/cocarry_ws/cocarry_logs/experiment_GROUND_TRUTH_20260813_111756.csv
[INFO] [1786594685.464329780] [experiment_logger]: Service called: /logger/toggle with data=False
[INFO] [1786594685.464861706] [experiment_logger]: Writing 262 rows from memory to /home/duy/cocarry_ws/cocarry_logs/experiment_GROUND_TRUTH_20260813_111756.csv...
[INFO] [1786594685.468849664] [experiment_logger]: ✓ Successfully wrote logs to disk.
[INFO] [1786594685.469586204] [experiment_logger]: Stopped logging. Saved 262 rows to /home/duy/cocarry_ws/cocarry_logs/experiment_GROUND_TRUTH_20260813_111756.csv
[INFO] [1786594685.474360594] [experiment_logger]: 
============================================================
EXPERIMENT METRICS
  File: experiment_GROUND_TRUTH_20260813_111756.csv
  Total samples: 262
  Task completion time: 8.86 s
  Mode: GROUND TRUTH (no prediction metrics)
  --- Trajectory Smoothness (Robot EE) ---
  Mean Jerk (3D): 7.8469 m/s³
      Jerk X: 2.5951 m/s³
      Jerk Y: 6.6739 m/s³
      Jerk Z: 1.7505 m/s³
  Max Jerk (3D): 96.2662 m/s³
  RMS Jerk (3D): 14.5185 m/s³
============================================================
[INFO] [1786594688.374841968] [experiment_logger]: Service called: /logger/toggle with data=False
[INFO] [1786594706.860214354] [experiment_logger]: Service called: /logger/toggle with data=False
[INFO] [1786594714.636449651] [experiment_logger]: Service called: /logger/toggle with data=True
[INFO] [1786594714.636738246] [experiment_logger]: ✓ STARTED in-memory logging. Target file: /home/duy/cocarry_ws/cocarry_logs/experiment_GROUND_TRUTH_20260813_111834.csv
[INFO] [1786594723.250407664] [experiment_logger]: Service called: /logger/toggle with data=False
[INFO] [1786594723.250922946] [experiment_logger]: Writing 254 rows from memory to /home/duy/cocarry_ws/cocarry_logs/experiment_GROUND_TRUTH_20260813_111834.csv...
[INFO] [1786594723.255317635] [experiment_logger]: ✓ Successfully wrote logs to disk.
[INFO] [1786594723.255724277] [experiment_logger]: Stopped logging. Saved 254 rows to /home/duy/cocarry_ws/cocarry_logs/experiment_GROUND_TRUTH_20260813_111834.csv
[INFO] [1786594723.259015548] [experiment_logger]: 
============================================================
EXPERIMENT METRICS
  File: experiment_GROUND_TRUTH_20260813_111834.csv
  Total samples: 254
  Task completion time: 8.61 s
  Mode: GROUND TRUTH (no prediction metrics)
  --- Trajectory Smoothness (Robot EE) ---
  Mean Jerk (3D): 17.1943 m/s³
      Jerk X: 3.8154 m/s³
      Jerk Y: 16.2125 m/s³
      Jerk Z: 2.2068 m/s³
  Max Jerk (3D): 149.5589 m/s³
  RMS Jerk (3D): 31.2569 m/s³
============================================================
[INFO] [1786594726.472839511] [experiment_logger]: Service called: /logger/toggle with data=False
[INFO] [1786594741.421993649] [experiment_logger]: Service called: /logger/toggle with data=False
[INFO] [1786594750.794027091] [experiment_logger]: Service called: /logger/toggle with data=True
[INFO] [1786594750.794678985] [experiment_logger]: ✓ STARTED in-memory logging. Target file: /home/duy/cocarry_ws/cocarry_logs/experiment_GROUND_TRUTH_20260813_111910.csv
[INFO] [1786594760.675087955] [experiment_logger]: Service called: /logger/toggle with data=False
[INFO] [1786594760.675676461] [experiment_logger]: Writing 293 rows from memory to /home/duy/cocarry_ws/cocarry_logs/experiment_GROUND_TRUTH_20260813_111910.csv...
[INFO] [1786594760.680709916] [experiment_logger]: ✓ Successfully wrote logs to disk.
[INFO] [1786594760.681439905] [experiment_logger]: Stopped logging. Saved 293 rows to /home/duy/cocarry_ws/cocarry_logs/experiment_GROUND_TRUTH_20260813_111910.csv
[INFO] [1786594760.686894535] [experiment_logger]: 
============================================================
EXPERIMENT METRICS
  File: experiment_GROUND_TRUTH_20260813_111910.csv
  Total samples: 293
  Task completion time: 9.88 s
  Mode: GROUND TRUTH (no prediction metrics)
  --- Trajectory Smoothness (Robot EE) ---
  Mean Jerk (3D): 20.3980 m/s³
      Jerk X: 4.7635 m/s³
      Jerk Y: 17.5873 m/s³
      Jerk Z: 5.8095 m/s³
  Max Jerk (3D): 187.9387 m/s³
  RMS Jerk (3D): 34.0065 m/s³
============================================================
[INFO] [1786594763.904484690] [experiment_logger]: Service called: /logger/toggle with data=False
[INFO] [1786594780.202284882] [experiment_logger]: Service called: /logger/toggle with data=False
[INFO] [1786594791.132881994] [experiment_logger]: Service called: /logger/toggle with data=True
[INFO] [1786594791.133274306] [experiment_logger]: ✓ STARTED in-memory logging. Target file: /home/duy/cocarry_ws/cocarry_logs/experiment_GROUND_TRUTH_20260813_111951.csv
[INFO] [1786594800.453778133] [experiment_logger]: Service called: /logger/toggle with data=False
[INFO] [1786594800.454333558] [experiment_logger]: Writing 279 rows from memory to /home/duy/cocarry_ws/cocarry_logs/experiment_GROUND_TRUTH_20260813_111951.csv...
[INFO] [1786594800.458702489] [experiment_logger]: ✓ Successfully wrote logs to disk.
[INFO] [1786594800.459465412] [experiment_logger]: Stopped logging. Saved 279 rows to /home/duy/cocarry_ws/cocarry_logs/experiment_GROUND_TRUTH_20260813_111951.csv
[INFO] [1786594800.464668696] [experiment_logger]: 
============================================================
EXPERIMENT METRICS
  File: experiment_GROUND_TRUTH_20260813_111951.csv
  Total samples: 279
  Task completion time: 9.32 s
  Mode: GROUND TRUTH (no prediction metrics)
  --- Trajectory Smoothness (Robot EE) ---
  Mean Jerk (3D): 10.3567 m/s³
      Jerk X: 2.4701 m/s³
      Jerk Y: 8.6962 m/s³
      Jerk Z: 3.2706 m/s³
  Max Jerk (3D): 91.1619 m/s³
  RMS Jerk (3D): 16.0821 m/s³
============================================================
[INFO] [1786594802.614450233] [experiment_logger]: Service called: /logger/toggle with data=False
