ros_timestamp_ns,wall_time,trajectory_mode,meas_x,meas_y,meas_z,is_tracked,pred_x,pred_y,pred_z,mae_x,mae_y,mae_z,inference_ms,buffer_size,robot_ee_x,robot_ee_y,robot_ee_z,hand_base_x,hand_base_y,hand_base_z,target_cmd_x,target_cmd_y,target_cmd_z,hand_vel_x,hand_vel_y,hand_vel_z,hand_speed,ee_vel_x,ee_vel_y,ee_vel_z,ee_speed,j1_pos,j2_pos,j3_pos,j4_pos,j5_pos,j6_pos,j1_vel,j2_vel,j3_vel,j4_vel,j5_vel,j6_vel,j1_eff,j2_eff,j3_eff,j4_eff,j5_eff,j6_eff,rula_upper_arm,rula_lower_arm,rula_wrist,rula_twist,rula_total,rula_alpha_s,rula_alpha_c,rula_beta_s,rula_beta_t,rula_gamma_s,adapt_w,adapt_sr,adapt_se
1786588945472049553,2026-08-13T09:42:25.472086,ground_truth,0.060455,0.017000,0.019557,True,,,,,,,,,-0.161993,0.280057,0.378524,-0.161990,0.280062,0.378525,-0.080046,0.768863,0.448789,0.000000,0.000000,0.000000,0.000000,0.000000,0.000000,0.000000,0.000000,1.570768,0.124230,-1.049392,0.000011,-0.397833,-1.443546,0.000000,0.000000,0.000000,0.000000,0.000000,0.000000,-0.007000,-0.124600,0.062416,-0.034688,0.021760,-0.010368,1.0000,2.0000,1.0000,0.0000,2.0000,9.3152,15.8158,44.7662,-15.9153,14.6839,,,
1786588945514078945,2026-08-13T09:42:25.514100,ground_truth,0.059712,0.050000,0.020545,True,,,,,,,,,-0.161990,0.280062,0.378525,-0.161990,0.280062,0.378525,-0.161990,0.280062,0.378525,0.000000,0.000000,0.000000,0.000000,0.000001,0.000001,0.000000,0.000001,1.570768,0.124230,-1.049392,0.000011,-0.397833,-1.443546,0.000000,0.000000,0.000000,0.000000,0.000000,0.000000,-0.007000,-0.124600,0.062416,-0.034688,0.021760,-0.010368,1.0000,2.0000,2.0000,0.0000,2.0000,9.4565,15.8400,44.9730,-16.9340,15.7290,,,
1786588945550697805,2026-08-13T09:42:25.550712,ground_truth,0.059509,0.059000,0.020815,True,,,,,,,,,-0.161990,0.280062,0.378525,-0.161990,0.280062,0.378525,-0.161990,0.280062,0.378525,0.000000,0.000000,0.000000,0.000000,0.000000,0.000000,0.000000,0.000000,1.570768,0.124230,-1.049392,0.000011,-0.397833,-1.443546,0.000000,0.000000,0.000000,0.000000,0.000000,0.000000,-0.006440,-0.123620,0.062084,-0.034848,0.022048,-0.009760,1.0000,2.0000,2.0000,0.0000,2.0000,9.4640,15.7966,45.0360,-16.9558,15.5582,,,
1786588945588159693,2026-08-13T09:42:25.588183,ground_truth,0.060657,0.008000,0.019288,True,,,,,,,,,-0.161990,0.280062,0.378525,-0.161990,0.280062,0.378525,-0.161990,0.280062,0.378525,0.000000,0.000000,0.000000,0.000000,0.000000,0.000000,0.000000,0.000000,1.570768,0.124230,-1.049392,0.000011,-0.397833,-1.443546,0.000000,0.000000,0.000000,0.000000,0.000000,0.000000,-0.006440,-0.123620,0.062084,-0.034848,0.022048,-0.009760,1.0000,2.0000,2.0000,0.0000,2.0000,9.5008,15.9533,45.2783,-16.5677,15.4192,,,
1786588945623887418,2026-08-13T09:42:25.623913,ground_truth,0.060275,0.025000,0.019797,True,,,,,,,,,-0.161990,0.280062,0.378525,-0.161990,0.280062,0.378525,-0.161990,0.280062,0.378525,0.000000,0.000000,0.000000,0.000000,0.000000,0.000000,0.000000,0.000000,1.570768,0.124230,-1.049392,0.000011,-0.397833,-1.443546,0.000000,0.000000,0.000000,0.000000,0.000000,0.000000,-0.006440,-0.123620,0.062084,-0.034848,0.022048,-0.009760,1.0000,2.0000,2.0000,0.0000,2.0000,9.8302,16.1631,45.7923,-15.8149,16.4769,,,
1786588945660477685,2026-08-13T09:42:25.660495,ground_truth,0.059892,0.042000,0.020306,True,,,,,,,,,-0.161990,0.280062,0.378525,-0.161990,0.280062,0.378525,-0.161990,0.280062,0.378525,0.000000,0.000000,0.000000,0.000000,0.000000,0.000000,0.000000,0.000000,1.570768,0.124230,-1.049392,0.000011,-0.397833,-1.443546,0.000000,0.000000,0.000000,0.000000,0.000000,0.000000,-0.007000,-0.123620,0.062084,-0.035136,0.022048,-0.009760,1.0000,2.0000,2.0000,0.0000,2.0000,9.9310,16.2751,46.0589,-15.7060,16.7327,,,
1786588945697746053,2026-08-13T09:42:25.697768,ground_truth,0.059712,0.050000,0.020545,True,,,,,,,,,-0.161990,0.280062,0.378525,-0.161990,0.280062,0.378525,-0.161990,0.280062,0.378525,0.000000,0.000000,0.000000,0.000000,0.000000,0.000000,0.000000,0.000000,1.570768,0.124230,-1.049392,0.000011,-0.397833,-1.443546,0.000000,0.000000,0.000000,0.000000,0.000000,0.000000,-0.007700,-0.125860,0.061752,-0.035296,0.021760,-0.010080,1.0000,2.0000,2.0000,0.0000,2.0000,10.0410,16.2841,45.9854,-14.7737,15.7711,,,
1786588945734631471,2026-08-13T09:42:25.734653,ground_truth,0.060072,0.034000,0.023820,True,,,,,,,,,-0.161990,0.280062,0.378525,-0.161990,0.280062,0.378525,-0.161990,0.280062,0.378525,0.000000,0.000000,0.000000,0.000000,0.000000,0.000000,0.000000,0.000000,1.570768,0.124230,-1.049392,0.000011,-0.397833,-1.443546,0.000000,0.000000,0.000000,0.000000,0.000000,0.000000,-0.007700,-0.124600,0.060756,-0.035136,0.021760,-0.009472,1.0000,2.0000,2.0000,0.0000,2.0000,9.9690,16.5283,46.3854,-15.5308,16.2544,,,
1786588945776752968,2026-08-13T09:42:25.776772,ground_truth,0.060072,0.034000,0.023820,True,,,,,,,,,-0.161990,0.280062,0.378525,-0.161990,0.280062,0.378525,-0.161990,0.280062,0.378525,0.000000,0.000000,0.000000,0.000000,0.000000,0.000000,0.000000,0.000000,1.570768,0.124230,-1.049392,0.000011,-0.397833,-1.443546,0.000000,0.000000,0.000000,0.000000,0.000000,0.000000,-0.006440,-0.124600,0.060756,-0.035456,0.022048,-0.009856,1.0000,2.0000,1.0000,0.0000,2.0000,10.1916,16.3753,45.9933,-13.5465,14.5392,,,
1786588945813879410,2026-08-13T09:42:25.813900,ground_truth,0.059712,0.050000,0.024272,True,,,,,,,,,-0.161990,0.280062,0.378525,-0.161990,0.280062,0.378525,-0.161990,0.280062,0.378525,0.000000,0.000000,0.000000,0.000000,0.000000,0.000000,0.000000,0.000000,1.570768,0.124230,-1.049392,0.000011,-0.397833,-1.443546,0.000000,0.000000,0.000000,0.000000,0.000000,0.000000,-0.006440,-0.124600,0.060756,-0.035456,0.022048,-0.009856,1.0000,2.0000,2.0000,0.0000,2.0000,10.1832,16.1478,46.3649,-15.2933,15.3321,,,
1786588945850285947,2026-08-13T09:42:25.850307,ground_truth,0.059509,0.059000,0.024527,True,,,,,,,,,-0.161990,0.280062,0.378525,-0.161990,0.280062,0.378525,-0.161990,0.280062,0.378525,0.000000,0.000000,0.000000,0.000000,0.000000,0.000000,0.000000,0.000000,1.570768,0.124230,-1.049392,0.000011,-0.397833,-1.443546,0.000000,0.000000,0.000000,0.000000,0.000000,0.000000,-0.006440,-0.124600,0.060756,-0.035456,0.022048,-0.009856,1.0000,2.0000,2.0000,0.0000,2.0000,10.0539,16.1018,46.6815,-16.3761,16.0196,,,
1786588945880868020,2026-08-13T09:42:25.880889,ground_truth,0.060072,0.034000,0.023820,True,,,,,,,,,-0.161990,0.280062,0.378525,-0.161990,0.280062,0.378525,-0.161990,0.280062,0.378525,0.000000,0.000000,0.000000,0.000000,0.000000,0.000000,0.000000,0.000000,1.570768,0.124230,-1.049392,0.000011,-0.397833,-1.443546,0.000000,0.000000,0.000000,0.000000,0.000000,0.000000,-0.006440,-0.124600,0.060756,-0.035456,0.022048,-0.009856,1.0000,2.0000,2.0000,0.0000,2.0000,10.1562,16.2608,46.3669,-15.7080,15.4174,,,
1786588945917607259,2026-08-13T09:42:25.917631,ground_truth,0.060072,0.034000,0.023820,True,,,,,,,,,-0.161990,0.280062,0.378525,-0.161990,0.280062,0.378525,-0.161990,0.280062,0.378525,0.000000,0.000000,0.000000,0.000000,0.000000,0.000000,0.000000,0.000000,1.570768,0.124230,-1.049392,0.000011,-0.397833,-1.443546,0.000000,0.000000,0.000000,0.000000,0.000000,0.000000,-0.006440,-0.124600,0.060756,-0.035456,0.022048,-0.009856,1.0000,2.0000,1.0000,0.0000,2.0000,10.2713,16.2712,46.0724,-15.0307,14.7908,,,
1786588945956083888,2026-08-13T09:42:25.956103,ground_truth,0.059329,0.067000,0.024753,True,,,,,,,,,-0.161990,0.280062,0.378525,-0.161990,0.280062,0.378525,-0.161990,0.280062,0.378525,0.000000,0.000000,0.000000,0.000000,0.000000,0.000000,0.000000,0.000000,1.570774,0.124230,-1.049414,0.000011,-0.397811,-1.443556,0.000000,0.000000,0.001740,0.000000,0.000000,0.000000,0.070280,-0.160860,-0.019339,-0.044480,0.038976,-0.020992,1.0000,2.0000,1.0000,0.0000,2.0000,10.1690,16.1778,46.1273,-15.5933,14.9136,,,
1786588945991340896,2026-08-13T09:42:25.991360,ground_truth,0.059509,0.059000,0.024527,True,,,,,,,,,-0.161990,0.280062,0.378525,-0.161990,0.280062,0.378525,-0.161990,0.280062,0.378525,0.000000,0.000000,0.000000,0.000000,0.000000,0.000000,0.000000,0.000000,1.570774,0.124230,-1.049414,0.000011,-0.397811,-1.443556,0.000000,0.000000,0.001740,0.000000,0.000000,0.000000,0.070280,-0.160860,-0.019339,-0.044480,0.038976,-0.020992,1.0000,2.0000,2.0000,0.0000,2.0000,9.9902,15.9932,46.1032,-16.6815,15.5202,,,
1786588946023817604,2026-08-13T09:42:26.023842,ground_truth,0.059509,0.059000,0.024527,True,,,,,,,,,-0.161990,0.280062,0.378525,-0.161990,0.280062,0.378525,-0.161990,0.280062,0.378525,0.000000,0.000000,0.000000,0.000000,0.000000,0.000000,0.000000,0.000000,1.570774,0.124230,-1.049414,0.000011,-0.397811,-1.443556,0.000000,0.000000,0.001740,0.000000,0.000000,0.000000,0.070280,-0.160860,-0.019339,-0.044480,0.038976,-0.020992,1.0000,2.0000,2.0000,0.0000,2.0000,9.9207,15.9821,44.7940,-18.2445,16.4085,,,
1786588946057700370,2026-08-13T09:42:26.057716,ground_truth,0.059329,0.067000,0.024753,True,,,,,,,,,-0.161990,0.280062,0.378525,-0.161990,0.280062,0.378525,-0.161990,0.280062,0.378525,0.000000,0.000000,0.000000,0.000000,0.000000,0.000000,0.000000,0.000000,1.570774,0.124230,-1.049414,0.000011,-0.397811,-1.443556,0.000000,0.000000,0.001740,0.000000,0.000000,0.000000,0.070280,-0.160860,-0.019339,-0.044480,0.038976,-0.020992,1.0000,2.0000,2.0000,0.0000,2.0000,10.0567,16.3468,44.4790,-17.6501,16.1320,,,
1786588946088960662,2026-08-13T09:42:26.088978,ground_truth,0.055136,0.091000,0.025432,True,,,,,,,,,-0.161990,0.280062,0.378525,-0.161990,0.280062,0.378525,-0.161990,0.280062,0.378525,0.000000,0.000000,0.000000,0.000000,0.000000,0.000000,0.000000,0.000000,1.570977,0.124217,-1.049704,-0.000011,-0.397595,-1.443643,0.000000,0.000000,0.002178,0.000000,0.000000,0.002609,0.094780,-0.235200,-0.013114,-0.068576,0.043136,-0.039808,1.0000,2.0000,2.0000,0.0000,2.0000,10.4362,16.1217,44.2526,-16.4965,15.0870,,,
1786588946122879344,2026-08-13T09:42:26.122901,ground_truth,0.055637,0.067000,0.028452,True,,,,,,,,,-0.161990,0.280062,0.378525,-0.161990,0.280062,0.378525,-0.161990,0.280062,0.378525,0.000000,0.000000,0.000000,0.000000,0.000000,0.000000,0.000000,0.000000,1.570977,0.124217,-1.049704,-0.000011,-0.397595,-1.443643,0.000000,0.000000,0.002178,0.000000,0.000000,0.002609,0.094780,-0.235200,-0.013114,-0.068576,0.043136,-0.039808,1.0000,2.0000,1.0000,0.0000,2.0000,10.4693,15.8487,46.4212,-14.7517,14.0671,,,
1786588946159790716,2026-08-13T09:42:26.159819,ground_truth,0.055992,0.050000,0.027999,True,,,,,,,,,-0.161990,0.280062,0.378525,-0.161990,0.280062,0.378525,-0.161990,0.280062,0.378525,0.000000,0.000000,0.000000,0.000000,0.000000,0.000000,0.000000,0.000000,1.570977,0.124217,-1.049704,-0.000011,-0.397595,-1.443643,0.000000,0.000000,0.002178,0.000000,0.000000,0.002609,0.094780,-0.235200,-0.013114,-0.068576,0.043136,-0.039808,1.0000,2.0000,2.0000,0.0000,2.0000,10.4134,15.9738,46.7008,-16.8810,15.5218,,,
1786588946192895435,2026-08-13T09:42:26.192933,ground_truth,0.055992,0.050000,0.031727,True,,,,,,,,,-0.161990,0.280062,0.378525,-0.161990,0.280062,0.378525,-0.161990,0.280062,0.378525,0.000000,0.000000,0.000000,0.000000,0.000000,0.000000,0.000000,0.000000,1.570977,0.124217,-1.049704,-0.000011,-0.397595,-1.443643,0.000000,0.000000,0.002178,0.000000,0.000000,0.002609,0.094780,-0.235200,-0.013114,-0.068576,0.043136,-0.039808,1.0000,2.0000,1.0000,0.0000,2.0000,10.6687,16.0630,47.4940,-15.3761,14.8885,,,
1786588946225905241,2026-08-13T09:42:26.225923,ground_truth,0.055136,0.091000,0.032751,True,,,,,,,,,-0.161990,0.280062,0.378525,-0.161990,0.280062,0.378525,-0.161990,0.280062,0.378525,0.000000,0.000000,0.000000,0.000000,0.000000,0.000000,0.000000,0.000000,1.570977,0.124217,-1.049704,-0.000011,-0.397595,-1.443643,0.000000,0.000000,0.002178,0.000000,0.000000,0.002609,0.094780,-0.235200,-0.013114,-0.068576,0.043136,-0.039808,1.0000,2.0000,2.0000,0.0000,2.0000,10.9538,16.3166,47.6106,-15.7734,15.7256,,,
1786588946256185145,2026-08-13T09:42:26.256205,ground_truth,0.055470,0.075000,0.032351,True,,,,,,,,,-0.161990,0.280062,0.378525,-0.161990,0.280062,0.378525,-0.161990,0.280062,0.378525,0.000000,0.000000,0.000000,0.000000,0.000000,0.000000,0.000000,0.000000,1.571009,0.124217,-1.049726,-0.000022,-0.397574,-1.443675,0.001744,0.000000,0.000000,0.000000,0.000000,0.002609,0.088340,-0.246120,-0.009877,-0.071904,0.042592,-0.038528,1.0000,2.0000,2.0000,0.0000,2.0000,10.9538,16.3166,47.6106,-15.7734,15.7256,,,
1786588946289032813,2026-08-13T09:42:26.289067,ground_truth,0.055470,0.075000,0.032351,True,,,,,,,,,-0.161990,0.280062,0.378525,-0.161990,0.280062,0.378525,-0.161990,0.280062,0.378525,0.000000,0.000000,0.000000,0.000000,0.000000,0.000000,0.000000,0.000000,1.571009,0.124217,-1.049726,-0.000022,-0.397574,-1.443675,0.001744,0.000000,0.000000,0.000000,0.000000,0.002609,0.088340,-0.246120,-0.009877,-0.071904,0.042592,-0.038528,1.0000,2.0000,2.0000,0.0000,2.0000,11.1765,16.3685,47.3959,-15.4885,15.6800,,,
1786588946323241242,2026-08-13T09:42:26.323263,ground_truth,0.051637,0.083000,0.032551,True,,,,,,,,,-0.161990,0.280062,0.378525,-0.161990,0.280062,0.378525,-0.161990,0.280062,0.378525,0.000000,0.000000,0.000000,0.000000,0.000000,0.000000,0.000000,0.000000,1.571009,0.124217,-1.049726,-0.000022,-0.397574,-1.443675,0.001744,0.000000,0.000000,0.000000,0.000000,0.002609,0.088340,-0.246120,-0.009877,-0.071904,0.042592,-0.038528,1.0000,2.0000,2.0000,0.0000,2.0000,11.3379,16.3515,47.5329,-16.0333,15.7896,,,
1786588946362337634,2026-08-13T09:42:26.362357,ground_truth,0.051791,0.075000,0.032351,True,,,,,,,,,-0.161990,0.280062,0.378525,-0.161990,0.280062,0.378525,-0.161990,0.280062,0.378525,0.000000,0.000000,0.000000,0.000000,0.000000,0.000000,0.000000,0.000000,1.571009,0.124217,-1.049726,-0.000022,-0.397574,-1.443675,0.001744,0.000000,0.000000,0.000000,0.000000,0.002609,0.088340,-0.246120,-0.009877,-0.071904,0.042592,-0.038528,1.0000,2.0000,2.0000,0.0000,2.0000,11.4711,16.4979,47.8445,-16.7822,15.2290,,,
1786588946399145878,2026-08-13T09:42:26.399172,ground_truth,0.052272,0.050000,0.035454,True,,,,,,,,,-0.161990,0.280062,0.378525,-0.161990,0.280062,0.378525,-0.161990,0.280062,0.378525,0.000000,0.000000,0.000000,0.000000,0.000000,0.000000,0.000000,0.000000,1.571075,0.124145,-1.049786,-0.000129,-0.397541,-1.443750,0.000000,0.000000,0.000000,0.000000,0.000000,0.003051,0.082740,-0.243320,-0.001079,-0.072704,0.037472,-0.032000,1.0000,2.0000,2.0000,0.0000,2.0000,11.5574,16.5468,47.8742,-17.8924,15.4127,,,
1786588946436534190,2026-08-13T09:42:26.436556,ground_truth,0.048394,0.059000,0.035664,True,,,,,,,,,-0.161990,0.280062,0.378525,-0.161990,0.280062,0.378525,-0.161990,0.280062,0.378525,0.000000,0.000000,0.000000,0.000000,0.000000,0.000000,0.000000,0.000000,1.571075,0.124132,-1.049793,-0.000172,-0.397531,-1.443761,0.000000,0.000000,0.000000,0.000000,0.000000,0.000000,0.077700,-0.226240,0.000581,-0.060160,0.033504,-0.031232,1.0000,2.0000,2.0000,0.0000,2.0000,11.6384,16.6388,48.0931,-17.7218,15.2130,,,
1786588946470623352,2026-08-13T09:42:26.470657,ground_truth,0.048552,0.050000,0.035454,True,,,,,,,,,-0.161990,0.280062,0.378525,-0.161990,0.280062,0.378525,-0.161990,0.280062,0.378525,0.000000,0.000000,0.000000,0.000000,0.000000,0.000000,0.000000,0.000000,1.571081,0.124132,-1.049800,-0.000172,-0.397531,-1.443761,0.000000,0.000000,0.001740,0.000000,0.000000,0.000000,0.078400,-0.221900,0.001411,-0.057664,0.032128,-0.030944,1.0000,2.0000,2.0000,0.0000,2.0000,11.8983,16.6213,48.1770,-17.5521,15.2046,,,
1786588946515898039,2026-08-13T09:42:26.515918,ground_truth,0.048112,0.075000,0.036037,True,,,,,,,,,-0.161990,0.280062,0.378525,-0.161990,0.280062,0.378525,-0.161990,0.280062,0.378525,0.000000,0.000000,0.000000,0.000000,0.000000,0.000000,0.000000,0.000000,1.571081,0.124132,-1.049800,-0.000172,-0.397531,-1.443761,0.000000,0.000000,0.001740,0.000000,0.000000,0.000000,0.078400,-0.221900,0.001411,-0.057664,0.032128,-0.030944,1.0000,2.0000,2.0000,0.0000,2.0000,12.0188,16.7631,48.2221,-17.2708,15.2749,,,
1786588946552569693,2026-08-13T09:42:26.552589,ground_truth,0.048253,0.067000,0.039549,True,,,,,,,,,-0.161990,0.280062,0.378525,-0.161990,0.280062,0.378525,-0.161990,0.280062,0.378525,0.000000,0.000000,0.000000,0.000000,0.000000,0.000000,0.000000,0.000000,1.571081,0.124132,-1.049800,-0.000172,-0.397531,-1.443761,0.000000,0.000000,0.001740,0.000000,0.000000,0.000000,0.078400,-0.221900,0.001411,-0.057664,0.032128,-0.030944,1.0000,2.0000,2.0000,0.0000,2.0000,12.0715,16.8556,48.3594,-17.1438,15.0101,,,
1786588946595925040,2026-08-13T09:42:26.595946,ground_truth,0.048394,0.059000,0.039376,True,,,,,,,,,-0.161990,0.280062,0.378525,-0.161990,0.280062,0.378525,-0.161990,0.280062,0.378525,0.000000,0.000000,0.000000,0.000000,0.000000,0.000000,0.000000,0.000000,1.571081,0.124132,-1.049800,-0.000172,-0.397531,-1.443761,0.000000,0.000000,0.001740,0.000000,0.000000,0.000000,0.078400,-0.221900,0.001411,-0.057664,0.032128,-0.030944,1.0000,2.0000,1.0000,0.0000,2.0000,12.1988,16.7305,48.6998,-16.7785,14.5710,,,
1786588946632935422,2026-08-13T09:42:26.632956,ground_truth,0.044689,0.059000,0.039376,True,,,,,,,,,-0.161990,0.280062,0.378525,-0.161990,0.280062,0.378525,-0.161990,0.280062,0.378525,0.000000,0.000000,0.000000,0.000000,0.000000,0.000000,0.000000,0.000000,1.571081,0.124132,-1.049800,-0.000172,-0.397541,-1.443761,0.000000,0.000000,0.000000,0.000000,0.000000,0.000000,0.066220,-0.207900,0.026311,-0.045920,0.027328,-0.022432,1.0000,2.0000,1.0000,0.0000,2.0000,12.9333,17.1138,48.3733,-16.2513,14.8159,,,
1786588946672854897,2026-08-13T09:42:26.672885,ground_truth,0.040184,0.115000,0.040590,True,,,,,,,,,-0.161990,0.280062,0.378525,-0.161990,0.280062,0.378525,-0.161990,0.280062,0.378525,0.000000,0.000000,0.000000,0.000000,0.000000,0.000000,0.000000,0.000000,1.571081,0.124132,-1.049800,-0.000172,-0.397541,-1.443761,0.000000,0.000000,0.000000,0.000000,0.000000,0.000000,0.066220,-0.207900,0.026311,-0.045920,0.027328,-0.022432,1.0000,2.0000,2.0000,0.0000,2.0000,13.2156,17.6322,47.3071,-17.1991,16.0776,,,
1786588946706809447,2026-08-13T09:42:26.706864,ground_truth,0.040983,0.059000,0.043088,True,,,,,,,,,-0.161990,0.280062,0.378525,-0.161990,0.280062,0.378525,-0.161990,0.280062,0.378525,0.000000,0.000000,0.000000,0.000000,0.000000,0.000000,0.000000,0.000000,1.571081,0.124132,-1.049800,-0.000172,-0.397541,-1.443761,0.000000,0.000000,0.000000,0.000000,0.000000,0.000000,0.066220,-0.207900,0.026311,-0.045920,0.027328,-0.022432,1.0000,2.0000,2.0000,0.0000,2.0000,13.5074,17.6214,47.3836,-15.7466,15.0690,,,
1786588946746367067,2026-08-13T09:42:26.746388,ground_truth,0.036571,0.115000,0.044209,True,,,,,,,,,-0.161990,0.280062,0.378525,-0.161990,0.280062,0.378525,-0.161990,0.280062,0.378525,0.000000,0.000000,0.000000,0.000000,0.000000,0.000000,0.000000,0.000000,1.571081,0.124132,-1.049800,-0.000172,-0.397541,-1.443761,0.000000,0.000000,0.000000,0.000000,0.000000,0.000000,0.066220,-0.207900,0.026311,-0.045920,0.027328,-0.022432,1.0000,2.0000,2.0000,0.0000,2.0000,13.5435,17.5813,47.3564,-15.8194,15.0439,,,
1786588946782486625,2026-08-13T09:42:26.782505,ground_truth,0.036382,0.130000,0.044510,True,,,,,,,,,-0.161990,0.280062,0.378525,-0.161990,0.280062,0.378525,-0.161990,0.280062,0.378525,0.000000,0.000000,0.000000,0.000000,0.000000,0.000000,0.000000,0.000000,1.571081,0.124132,-1.049800,-0.000172,-0.397541,-1.443761,0.000000,0.000000,0.000000,0.000000,0.000000,0.000000,0.066220,-0.207900,0.026311,-0.045920,0.027328,-0.022432,1.0000,2.0000,2.0000,0.0000,2.0000,13.9283,17.4001,47.2955,-17.2513,15.3328,,,
1786588946817824481,2026-08-13T09:42:26.817844,ground_truth,0.036470,0.123000,0.044370,True,,,,,,,,,-0.161990,0.280062,0.378525,-0.161990,0.280062,0.378525,-0.161990,0.280062,0.378525,0.000000,0.000000,0.000000,0.000000,0.000000,0.000000,0.000000,0.000000,1.571081,0.124132,-1.049793,-0.000172,-0.397541,-1.443761,0.000000,0.000000,0.000000,0.000000,0.000000,0.000000,0.064400,-0.205100,0.029465,-0.043872,0.027328,-0.020928,1.0000,2.0000,2.0000,0.0000,2.0000,14.0807,17.3896,47.7765,-16.8263,15.1507,,,
1786588946850160905,2026-08-13T09:42:26.850180,ground_truth,0.036470,0.123000,0.047976,True,,,,,,,,,-0.161990,0.280062,0.378525,-0.161990,0.280062,0.378525,-0.161990,0.280062,0.378525,0.000000,0.000000,0.000000,0.000000,0.000000,0.000000,0.000000,0.000000,1.571081,0.124132,-1.049793,-0.000172,-0.397541,-1.443740,0.000000,0.000000,0.000000,0.000000,0.000000,0.000000,0.060060,-0.186900,0.057104,-0.029664,0.022784,-0.007584,1.0000,2.0000,2.0000,0.0000,2.0000,13.8210,17.5389,47.9073,-16.6644,15.5723,,,
1786588946882772659,2026-08-13T09:42:26.882792,ground_truth,0.033134,0.099000,0.047535,True,,,,,,,,,-0.161990,0.280062,0.378525,-0.161990,0.280062,0.378525,-0.161990,0.280062,0.378525,0.000000,0.000000,0.000000,0.000000,0.000000,0.000000,0.000000,0.000000,1.571081,0.124132,-1.049786,-0.000162,-0.397541,-1.443740,0.000000,0.000000,0.000000,0.000000,0.000000,0.000000,0.060060,-0.181860,0.064823,-0.026336,0.022048,-0.006144,1.0000,2.0000,2.0000,0.0000,2.0000,13.9042,17.5781,47.7059,-16.7489,15.7466,,,
1786588946915114121,2026-08-13T09:42:26.915132,ground_truth,0.033134,0.099000,0.047535,True,,,,,,,,,-0.161990,0.280062,0.378525,-0.161990,0.280062,0.378525,-0.161990,0.280062,0.378525,0.000000,0.000000,0.000000,0.000000,0.000000,0.000000,0.000000,0.000000,1.571081,0.124132,-1.049786,-0.000162,-0.397541,-1.443740,0.000000,0.000000,0.000000,0.000000,0.000000,0.000000,0.057960,-0.180320,0.066400,-0.025280,0.021888,-0.006016,1.0000,2.0000,2.0000,0.0000,2.0000,13.9612,17.5213,47.5402,-16.7012,15.6710,,,
1786588946952447880,2026-08-13T09:42:26.952468,ground_truth,0.032871,0.123000,0.047976,True,,,,,,,,,-0.161990,0.280062,0.378525,-0.161990,0.280062,0.378525,-0.161990,0.280062,0.378525,0.000000,0.000000,0.000000,0.000000,0.000000,0.000000,0.000000,0.000000,1.571081,0.124132,-1.049786,-0.000162,-0.397541,-1.443740,0.000000,0.000000,0.000000,0.000000,0.000000,0.000000,0.057960,-0.180320,0.066400,-0.025280,0.021888,-0.006016,1.0000,2.0000,2.0000,0.0000,2.0000,14.2180,17.6285,47.1990,-16.2714,15.5778,,,
1786588946989710525,2026-08-13T09:42:26.989732,ground_truth,0.032871,0.123000,0.051583,True,,,,,,,,,-0.161990,0.280062,0.378525,-0.142938,0.314515,0.400436,-0.142938,0.314515,0.400436,0.496060,0.897059,0.570480,1.173131,0.000000,0.000000,0.000000,0.000000,1.571081,0.124132,-1.049786,-0.000162,-0.397541,-1.443740,0.000000,0.000000,0.000000,0.000000,0.000000,0.000000,0.057960,-0.180320,0.066400,-0.025280,0.021888,-0.006016,1.0000,2.0000,2.0000,0.0000,2.0000,14.3473,17.5577,46.9406,-15.5133,15.2518,,,
1786588947028042426,2026-08-13T09:42:27.028074,ground_truth,0.029056,0.146000,0.051967,True,,,,,,,,,-0.161990,0.280062,0.378525,-0.161990,0.280062,0.378525,-0.161990,0.280062,0.378525,-0.511005,-0.924084,-0.587667,1.208475,0.000000,0.000000,0.000000,0.000000,1.571081,0.124132,-1.049786,-0.000162,-0.397541,-1.443740,0.000000,0.000000,0.000000,0.000000,0.000000,0.000000,0.057960,-0.180320,0.066400,-0.025280,0.021888,-0.006016,1.0000,2.0000,2.0000,0.0000,2.0000,14.3985,17.4718,46.8394,-15.8411,15.3027,,,
1786588947065106835,2026-08-13T09:42:27.065129,ground_truth,0.029271,0.123000,0.051583,True,,,,,,,,,-0.161990,0.280062,0.378525,-0.140603,0.321822,0.402598,-0.140603,0.321822,0.402598,0.566769,1.106679,0.637947,1.397477,0.000000,0.000000,0.000000,0.000000,1.571081,0.124132,-1.049786,-0.000162,-0.397541,-1.443740,0.000000,0.000000,0.000000,0.000000,0.000000,0.000000,0.058240,-0.178500,0.068641,-0.024224,0.021600,-0.005856,1.0000,2.0000,2.0000,0.0000,2.0000,14.6378,17.7700,47.2368,-15.5698,15.7549,,,
1786588947103096878,2026-08-13T09:42:27.103120,ground_truth,0.028991,0.153000,0.055641,True,,,,,,,,,-0.139347,0.333587,0.403634,-0.139347,0.333587,0.403634,-0.139347,0.333587,0.403634,0.034141,0.319789,0.028169,0.322837,0.340145,0.804069,0.377193,0.951052,1.571081,0.124139,-1.049778,-0.000151,-0.397552,-1.443729,0.000000,0.000000,0.000000,0.000000,0.000000,0.000000,0.049280,-0.163240,0.084328,-0.017440,0.019936,-0.004128,1.0000,2.0000,2.0000,0.0000,2.0000,14.7639,17.7707,47.4421,-15.2203,15.7322,,,
1786588947142886681,2026-08-13T09:42:27.142906,ground_truth,0.029056,0.146000,0.059104,True,,,,,,,,,-0.139347,0.333587,0.403634,-0.138063,0.340154,0.404707,-0.138063,0.340154,0.404707,0.033458,0.171086,0.027952,0.176554,0.340145,0.804069,0.377193,0.951052,1.571081,0.124139,-1.049778,-0.000151,-0.397552,-1.443729,0.000000,0.000000,0.000000,0.000000,0.000000,0.000000,0.049280,-0.163240,0.084328,-0.017440,0.019936,-0.004128,1.0000,2.0000,2.0000,0.0000,2.0000,15.0676,18.0652,47.5352,-15.5358,16.0437,,,
1786588947179738788,2026-08-13T09:42:27.179761,ground_truth,0.029056,0.146000,0.059104,True,,,,,,,,,-0.138063,0.340154,0.404707,-0.136774,0.345680,0.406022,-0.136774,0.345680,0.406022,0.032549,0.139540,0.033208,0.147083,0.019110,0.097718,0.015965,0.100841,1.571081,0.124139,-1.049778,-0.000151,-0.397552,-1.443729,0.000000,0.000000,0.000000,0.000000,0.000000,0.000000,0.049280,-0.163240,0.084328,-0.017440,0.019936,-0.004128,1.0000,2.0000,2.0000,0.0000,2.0000,15.0676,18.0652,47.5352,-15.5358,16.0437,,,
1786588947216545438,2026-08-13T09:42:27.216566,ground_truth,0.029056,0.146000,0.059104,True,,,,,,,,,-0.135732,0.351426,0.407337,-0.135732,0.351426,0.407337,-0.135732,0.351426,0.407337,0.028384,0.156483,0.035822,0.163021,0.035038,0.169413,0.039535,0.177458,1.571081,0.124139,-1.049778,-0.000151,-0.397552,-1.443729,0.000000,0.000000,0.000000,0.000000,0.000000,0.000000,0.049280,-0.163240,0.084328,-0.017440,0.019936,-0.004128,1.0000,2.0000,2.0000,0.0000,2.0000,16.3477,19.0268,46.9338,-13.7641,16.0959,,,
1786588947258276742,2026-08-13T09:42:27.258295,ground_truth,0.025326,0.168000,0.062931,True,,,,,,,,,-0.135732,0.351426,0.407337,-0.134990,0.357215,0.408572,-0.134990,0.357215,0.408572,0.020132,0.157107,0.033497,0.161895,0.035038,0.169413,0.039535,0.177458,1.571081,0.124139,-1.049778,-0.000151,-0.397552,-1.443729,0.000000,0.000000,0.000000,0.000000,0.000000,0.000000,0.049280,-0.163240,0.084328,-0.017440,0.019936,-0.004128,1.0000,2.0000,2.0000,0.0000,2.0000,16.4232,19.0980,47.0234,-14.3560,16.2538,,,
1786588947290152344,2026-08-13T09:42:27.290172,ground_truth,0.025441,0.153000,0.062755,True,,,,,,,,,-0.133946,0.363013,0.409895,-0.133946,0.363013,0.409895,-0.133946,0.363013,0.409895,0.025073,0.139262,0.031776,0.145025,0.026899,0.174540,0.038520,0.180753,1.571081,0.124139,-1.049778,-0.000151,-0.397552,-1.443729,0.000000,0.000000,0.000000,0.000000,0.000000,0.000000,0.049280,-0.163240,0.084328,-0.017440,0.019936,-0.004128,1.0000,2.0000,2.0000,0.0000,2.0000,16.5058,18.9346,46.9669,-14.9256,16.0127,,,
1786588947325823143,2026-08-13T09:42:27.325837,ground_truth,0.025380,0.161000,0.062849,True,,,,,,,,,-0.133946,0.363013,0.409895,-0.133204,0.366199,0.411131,-0.133204,0.366199,0.411131,0.023167,0.099482,0.038603,0.109195,0.026899,0.174540,0.038520,0.180753,1.571081,0.124139,-1.049778,-0.000151,-0.397552,-1.443729,0.000000,0.000000,0.000000,0.000000,0.000000,0.000000,0.049280,-0.163240,0.084328,-0.017440,0.019936,-0.004128,1.0000,2.0000,2.0000,0.0000,2.0000,16.8166,19.1137,46.9367,-14.8568,16.0848,,,
1786588947360690963,2026-08-13T09:42:27.360711,ground_truth,0.021843,0.161000,0.066393,True,,,,,,,,,-0.132471,0.369289,0.412354,-0.132471,0.369289,0.412354,-0.132471,0.369289,0.412354,0.020704,0.087238,0.034511,0.096074,0.022134,0.094158,0.036887,0.103520,1.571081,0.124139,-1.049778,-0.000151,-0.397552,-1.443729,0.000000,0.000000,0.000000,0.000000,0.000000,0.000000,0.049280,-0.163240,0.084328,-0.017440,0.019936,-0.004128,1.0000,2.0000,2.0000,0.0000,2.0000,16.9638,19.1592,46.6192,-13.7029,15.6025,,,
1786588947395001114,2026-08-13T09:42:27.395020,ground_truth,0.021891,0.153000,0.066312,True,,,,,,,,,-0.132471,0.369289,0.412354,-0.131496,0.371934,0.413822,-0.131496,0.371934,0.413822,0.027915,0.075708,0.042028,0.090980,0.022134,0.094158,0.036887,0.103520,1.566939,0.123655,-1.045451,-0.000140,-0.402737,-1.439719,0.088570,0.013087,0.091192,0.000000,0.118680,0.089005,-0.199220,-0.263060,0.248004,-0.022208,-0.060832,0.045088,1.0000,2.0000,2.0000,0.0000,2.0000,17.2037,19.0822,46.6469,-13.4903,15.7768,,,
1786588947427413297,2026-08-13T09:42:27.427434,ground_truth,0.021752,0.176000,0.066544,True,,,,,,,,,-0.130524,0.374490,0.415044,-0.130524,0.374490,0.415044,-0.130524,0.374490,0.415044,0.028308,0.074433,0.035602,0.087231,0.029278,0.078198,0.040458,0.092785,1.564900,0.123342,-1.043369,-0.000140,-0.405464,-1.437639,0.113006,0.016576,0.113445,0.000000,0.147914,0.113000,-0.199640,-0.254800,0.262197,-0.022112,-0.065504,0.045984,1.0000,2.0000,2.0000,0.0000,2.0000,17.3944,19.2150,46.3315,-13.2048,15.6773,,,
1786588947460594823,2026-08-13T09:42:27.460615,ground_truth,0.018209,0.183000,0.066615,True,,,,,,,,,-0.130524,0.374490,0.415044,-0.129765,0.377028,0.416311,-0.129765,0.377028,0.416311,0.023402,0.078269,0.039085,0.090562,0.029278,0.078198,0.040458,0.092785,1.559353,0.122538,-1.037785,-0.000140,-0.412697,-1.432119,0.161877,0.022685,0.159691,0.000000,0.207685,0.158823,-0.225680,-0.265300,0.283030,-0.020000,-0.071904,0.056608,1.0000,2.0000,2.0000,0.0000,2.0000,18.2713,19.5666,45.5320,-13.3450,16.1297,,,
1786588947496445656,2026-08-13T09:42:27.496472,ground_truth,0.018240,0.176000,0.066544,True,,,,,,,,,-0.128770,0.381642,0.417583,-0.128770,0.381642,0.417583,-0.128770,0.381642,0.417583,0.030070,0.139451,0.038443,0.147746,0.026174,0.106737,0.037897,0.116250,1.551879,0.121486,-1.030254,-0.000129,-0.422355,-1.424725,0.205509,0.027925,0.210310,0.002609,0.269214,0.202015,-0.264740,-0.265860,0.277552,-0.014880,-0.076544,0.060960,1.0000,2.0000,2.0000,0.0000,2.0000,18.4138,19.8235,45.5309,-14.6643,16.2409,,,
1786588947532843205,2026-08-13T09:42:27.532863,ground_truth,0.018144,0.198000,0.066767,True,,,,,,,,,-0.128770,0.381642,0.417583,-0.127794,0.386671,0.418821,-0.127794,0.386671,0.418821,0.026995,0.139199,0.034260,0.145872,0.026174,0.106737,0.037897,0.116250,1.547475,0.120865,-1.025800,-0.000129,-0.428090,-1.420327,0.228638,0.032720,0.230377,0.000000,0.298878,0.229071,-0.245140,-0.260680,0.289255,-0.010144,-0.081376,0.056768,1.0000,2.0000,2.0000,0.0000,2.0000,18.6529,19.9706,45.0582,-14.6122,16.4204,,,
1786588947565904707,2026-08-13T09:42:27.565926,ground_truth,0.014690,0.190000,0.066686,True,,,,,,,,,-0.126813,0.390877,0.419834,-0.126813,0.390877,0.419834,-0.126813,0.390877,0.419834,0.026942,0.115418,0.027779,0.121733,0.029386,0.138664,0.033785,0.145715,1.537740,0.119520,-1.015867,-0.000108,-0.440971,-1.410485,0.253067,0.034465,0.258303,0.000000,0.334224,0.256117,-0.213220,-0.261940,0.295231,0.001952,-0.081536,0.053504,1.0000,2.0000,2.0000,0.0000,2.0000,18.8922,19.9928,44.9403,-15.4265,16.9685,,,
1786588947601230236,2026-08-13T09:42:27.601252,ground_truth,0.014690,0.190000,0.070182,True,,,,,,,,,-0.126813,0.390877,0.419834,-0.125855,0.395292,0.420815,-0.125855,0.395292,0.420815,0.028917,0.133279,0.029625,0.139560,0.029386,0.138664,0.033785,0.145715,1.527789,0.118232,-1.005056,-0.000075,-0.454424,-1.400536,0.240418,0.027487,0.277069,0.000000,0.331173,0.239538,-0.164920,-0.238000,0.278714,0.008864,-0.081600,0.051872,2.0000,2.0000,2.0000,0.0000,3.0000,18.9535,20.0144,45.3746,-14.7401,16.9799,,,
1786588947638193750,2026-08-13T09:42:27.638213,ground_truth,0.014649,0.205000,0.070309,True,,,,,,,,,-0.124883,0.399748,0.422055,-0.124883,0.399748,0.422055,-0.124883,0.399748,0.422055,0.027624,0.126631,0.035235,0.134314,0.028796,0.132362,0.033143,0.139454,1.523157,0.117716,-0.999457,-0.000054,-0.461021,-1.395944,0.223835,0.022685,0.282742,0.000000,0.325934,0.223401,-0.152460,-0.230860,0.275311,0.011040,-0.075744,0.052224,2.0000,2.0000,2.0000,0.0000,3.0000,18.9251,20.0008,45.5046,-14.8308,16.9833,,,
1786588947671200884,2026-08-13T09:42:27.671220,ground_truth,0.014769,0.161000,0.069936,True,,,,,,,,,-0.124883,0.399748,0.422055,-0.123927,0.402986,0.423033,-0.123927,0.402986,0.423033,0.025957,0.087899,0.026545,0.095418,0.028796,0.132362,0.033143,0.139454,1.523157,0.117716,-0.999457,-0.000054,-0.461021,-1.395944,0.223835,0.022685,0.282742,0.000000,0.325934,0.223401,-0.152460,-0.230860,0.275311,0.011040,-0.075744,0.052224,2.0000,2.0000,2.0000,0.0000,3.0000,18.9016,20.0311,45.5120,-15.3520,16.5988,,,
1786588947703824650,2026-08-13T09:42:27.703844,ground_truth,0.014649,0.205000,0.070309,True,,,,,,,,,-0.122974,0.405980,0.423755,-0.122974,0.405980,0.423755,-0.122974,0.405980,0.423755,0.028870,0.090756,0.021889,0.097720,0.029015,0.094740,0.025843,0.102398,1.523157,0.117716,-0.999457,-0.000054,-0.461021,-1.395944,0.223835,0.022685,0.282742,0.000000,0.325934,0.223401,-0.152460,-0.230860,0.275311,0.011040,-0.075744,0.052224,2.0000,2.0000,2.0000,0.0000,3.0000,18.9932,20.0952,45.5846,-15.0586,16.7130,,,
1786588947736575296,2026-08-13T09:42:27.736595,ground_truth,0.014629,0.212000,0.070368,True,,,,,,,,,-0.122974,0.405980,0.423755,-0.122014,0.409726,0.424502,-0.122014,0.409726,0.424502,0.029401,0.114647,0.022864,0.120545,0.029015,0.094740,0.025843,0.102398,1.523157,0.117716,-0.999457,-0.000054,-0.461021,-1.395944,0.223835,0.022685,0.282742,0.000000,0.325934,0.223401,-0.152460,-0.230860,0.275311,0.011040,-0.075744,0.052224,2.0000,2.0000,2.0000,0.0000,3.0000,19.1447,20.2870,45.6519,-15.7129,16.4750,,,
1786588947768483914,2026-08-13T09:42:27.768504,ground_truth,0.011169,0.219000,0.070427,True,,,,,,,,,-0.121052,0.413621,0.425253,-0.121052,0.413621,0.425253,-0.121052,0.413621,0.425253,0.029340,0.118841,0.022907,0.124534,0.028747,0.114271,0.022400,0.119942,1.523157,0.117716,-0.999457,-0.000054,-0.461021,-1.395944,0.223835,0.022685,0.282742,0.000000,0.325934,0.223401,-0.152460,-0.230860,0.275311,0.011040,-0.075744,0.052224,2.0000,2.0000,2.0000,0.0000,3.0000,19.2038,20.4356,45.9653,-15.9643,16.4410,,,
1786588947803446231,2026-08-13T09:42:27.803468,ground_truth,0.011192,0.198000,0.073732,True,,,,,,,,,-0.121052,0.413621,0.425253,-0.120108,0.417921,0.425752,-0.120108,0.417921,0.425752,0.029923,0.136306,0.015844,0.140449,0.028747,0.114271,0.022400,0.119942,1.518904,0.117311,-0.993755,-0.000032,-0.467392,-1.391708,0.204202,0.017889,0.287977,0.000000,0.312406,0.202457,-0.133840,-0.219380,0.273568,0.012800,-0.072960,0.048864,2.0000,2.0000,2.0000,0.0000,3.0000,18.8726,20.7586,46.3582,-16.9653,17.4761,,,
1786588947841185015,2026-08-13T09:42:27.841208,ground_truth,0.011201,0.190000,0.073678,True,,,,,,,,,-0.119158,0.421927,0.426484,-0.119158,0.421927,0.426484,-0.119158,0.421927,0.426484,0.026909,0.113491,0.020730,0.118465,0.028357,0.124371,0.018441,0.128889,1.518904,0.117311,-0.993755,-0.000032,-0.467392,-1.391708,0.204202,0.017889,0.287977,0.000000,0.312406,0.202457,-0.133840,-0.219380,0.273568,0.012800,-0.072960,0.048864,2.0000,2.0000,2.0000,0.0000,3.0000,19.1681,20.9801,46.1516,-17.2351,18.0895,,,
1786588947877457296,2026-08-13T09:42:27.877472,ground_truth,0.007720,0.205000,0.073780,True,,,,,,,,,-0.118213,0.424702,0.427206,-0.118213,0.424702,0.427206,-0.118213,0.424702,0.427206,0.025254,0.074127,0.019286,0.080651,0.014149,0.041533,0.010806,0.045188,1.518904,0.117311,-0.993755,-0.000032,-0.467392,-1.391708,0.204202,0.017889,0.287977,0.000000,0.312406,0.202457,-0.133840,-0.219380,0.273568,0.012800,-0.072960,0.048864,2.0000,2.0000,2.0000,0.0000,3.0000,19.3227,20.9828,45.8683,-16.7892,17.3335,,,
1786588947909655399,2026-08-13T09:42:27.909674,ground_truth,0.007728,0.219000,0.077323,True,,,,,,,,,-0.118213,0.424702,0.427206,-0.117271,0.427230,0.427699,-0.117271,0.427230,0.427699,0.026024,0.069883,0.013612,0.075803,0.014149,0.041533,0.010806,0.045188,1.498885,0.119278,-0.945761,0.000119,-0.510336,-1.372456,0.054105,0.045814,0.274883,0.000000,0.210305,0.040142,-0.107240,-0.000280,0.276141,0.004800,-0.065184,0.034848,2.0000,2.0000,2.0000,0.0000,3.0000,19.2871,21.0166,45.7619,-17.5537,17.3126,,,
1786588947943090447,2026-08-13T09:42:27.943112,ground_truth,0.004256,0.205000,0.077251,True,,,,,,,,,-0.118213,0.424702,0.427206,-0.116327,0.430082,0.428433,-0.116327,0.430082,0.428433,0.029069,0.087812,0.022599,0.095219,0.014149,0.041533,0.010806,0.045188,1.492103,0.126360,-0.913530,0.000129,-0.535269,-1.367842,0.057594,0.063703,0.245217,0.000000,0.194157,0.045812,-0.124180,0.001120,0.277220,-0.000800,-0.060224,0.034400,2.0000,2.0000,2.0000,0.0000,3.0000,19.4268,21.3189,45.1706,-18.5601,17.8273,,,
1786588947980361704,2026-08-13T09:42:27.980383,ground_truth,0.004287,0.219000,0.077323,True,,,,,,,,,-0.116327,0.430082,0.428433,-0.115161,0.432999,0.429146,-0.115161,0.432999,0.429146,0.034570,0.086457,0.021154,0.095485,0.028171,0.080380,0.018323,0.087122,1.489627,0.129274,-0.902756,0.000129,-0.543418,-1.365730,0.055412,0.068498,0.245217,0.000000,0.180640,0.051040,-0.102480,0.000840,0.274398,-0.002912,-0.063840,0.037568,2.0000,2.0000,2.0000,0.0000,3.0000,19.2030,21.3210,45.6317,-18.3248,18.2746,,,
1786588948021085893,2026-08-13T09:42:28.021105,ground_truth,0.004318,0.233000,0.080820,True,,,,,,,,,-0.114232,0.435876,0.429860,-0.114232,0.435876,0.429860,-0.114232,0.435876,0.429860,0.025026,0.077564,0.019247,0.083743,0.031369,0.086769,0.021380,0.094710,1.489627,0.129274,-0.902756,0.000129,-0.543418,-1.365730,0.055412,0.068498,0.245217,0.000000,0.180640,0.051040,-0.102480,0.000840,0.274398,-0.002912,-0.063840,0.037568,2.0000,2.0000,2.0000,0.0000,3.0000,19.3572,21.2314,45.3572,-17.9127,17.9348,,,
1786588948057862406,2026-08-13T09:42:28.057881,ground_truth,0.004302,0.226000,0.080795,True,,,,,,,,,-0.114232,0.435876,0.429860,-0.113304,0.438745,0.430812,-0.113304,0.438745,0.430812,0.022991,0.071058,0.023574,0.078317,0.031369,0.086769,0.021380,0.094710,1.489627,0.129274,-0.902756,0.000129,-0.543418,-1.365730,0.055412,0.068498,0.245217,0.000000,0.180640,0.051040,-0.102480,0.000840,0.274398,-0.002912,-0.063840,0.037568,2.0000,2.0000,2.0000,0.0000,3.0000,19.3248,21.4287,45.4294,-19.1711,18.3484,,,
1786588948090862737,2026-08-13T09:42:28.090883,ground_truth,0.004287,0.219000,0.084219,True,,,,,,,,,-0.112381,0.441612,0.431747,-0.112381,0.441612,0.431747,-0.112381,0.441612,0.431747,0.025087,0.077946,0.025426,0.085740,0.027863,0.086344,0.028405,0.095071,1.489627,0.129274,-0.902756,0.000129,-0.543418,-1.365730,0.055412,0.068498,0.245217,0.000000,0.180640,0.051040,-0.102480,0.000840,0.274398,-0.002912,-0.063840,0.037568,2.0000,2.0000,2.0000,0.0000,3.0000,19.5840,21.6606,45.6113,-19.9051,17.7698,,,
1786588948123286933,2026-08-13T09:42:28.123307,ground_truth,0.004348,0.247000,0.084271,True,,,,,,,,,-0.112381,0.441612,0.431747,-0.111688,0.444105,0.432916,-0.111688,0.444105,0.432916,0.020994,0.075479,0.035382,0.085964,0.027863,0.086344,0.028405,0.095071,1.489627,0.129274,-0.902756,0.000129,-0.543418,-1.365730,0.055412,0.068498,0.245217,0.000000,0.180640,0.051040,-0.102480,0.000840,0.274398,-0.002912,-0.063840,0.037568,2.0000,2.0000,2.0000,0.0000,3.0000,19.8235,21.9609,45.5109,-20.5442,17.9156,,,
1786588948155446364,2026-08-13T09:42:28.155466,ground_truth,0.004395,0.268000,0.087676,True,,,,,,,,,-0.110999,0.446524,0.433855,-0.110999,0.446524,0.433855,-0.110999,0.446524,0.433855,0.021297,0.074716,0.029015,0.082933,0.020828,0.073978,0.031749,0.083154,1.482296,0.141022,-0.861157,0.000140,-0.570690,-1.356341,0.034034,0.071994,0.236050,0.000000,0.143106,0.053659,-0.117460,-0.002100,0.277884,-0.014528,-0.055616,0.036064,2.0000,2.0000,2.0000,0.0000,3.0000,20.2726,22.2650,45.5123,-21.3955,18.1712,,,
1786588948191251098,2026-08-13T09:42:28.191274,ground_truth,0.004364,0.254000,0.091064,True,,,,,,,,,-0.110999,0.446524,0.433855,-0.110315,0.450048,0.435013,-0.110315,0.450048,0.435013,0.021051,0.108514,0.035656,0.116146,0.020828,0.073978,0.031749,0.083154,1.481610,0.142492,-0.856436,0.000140,-0.573546,-1.355284,0.034465,0.073301,0.234310,0.000000,0.142675,0.051482,-0.124180,-0.002660,0.281453,-0.014528,-0.055104,0.036128,2.0000,2.0000,2.0000,0.0000,3.0000,20.7663,22.6464,45.7924,-20.4510,17.9021,,,
1786588948228454625,2026-08-13T09:42:28.228474,ground_truth,0.004408,0.274000,0.091035,True,,,,,,,,,-0.109621,0.454166,0.436422,-0.109621,0.454166,0.436422,-0.109621,0.454166,0.436422,0.019216,0.114082,0.039019,0.122092,0.020629,0.114462,0.038439,0.122494,1.479918,0.145791,-0.846197,0.000129,-0.579852,-1.353085,0.039267,0.075045,0.230377,0.002609,0.147914,0.048863,-0.104720,-0.011060,0.284441,-0.016864,-0.054272,0.036576,2.0000,2.0000,2.0000,0.0000,3.0000,21.0235,22.9405,45.7046,-19.5243,17.9008,,,
1786588948263269137,2026-08-13T09:42:28.263291,ground_truth,0.004395,0.268000,0.094410,True,,,,,,,,,-0.109621,0.454166,0.436422,-0.108939,0.458350,0.437803,-0.108939,0.458350,0.437803,0.018500,0.113372,0.037444,0.120820,0.020629,0.114462,0.038439,0.122494,1.478402,0.148842,-0.837015,0.000129,-0.585490,-1.351134,0.036209,0.076790,0.230377,0.000000,0.131766,0.051040,-0.084000,-0.006440,0.283694,-0.019488,-0.057824,0.035136,2.0000,2.0000,2.0000,0.0000,3.0000,21.8727,23.1864,44.8568,-20.1082,17.4871,,,
1786588948298742835,2026-08-13T09:42:28.298763,ground_truth,0.004379,0.261000,0.094432,True,,,,,,,,,-0.108256,0.462546,0.439406,-0.108256,0.462546,0.439406,-0.108256,0.462546,0.439406,0.019475,0.119788,0.045750,0.129698,0.020299,0.124623,0.044383,0.133838,1.477415,0.151338,-0.829677,0.000129,-0.589705,-1.349528,0.029231,0.078534,0.228637,0.000000,0.131766,0.051482,-0.099820,-0.011760,0.284109,-0.020384,-0.052320,0.031456,2.0000,2.0000,2.0000,0.0000,3.0000,21.9957,23.3239,45.3352,-19.9023,17.5072,,,
1786588948347689307,2026-08-13T09:42:28.347704,ground_truth,0.004439,0.288000,0.097682,True,,,,,,,,,-0.107804,0.466372,0.441007,-0.107804,0.466372,0.441007,-0.107804,0.466372,0.441007,0.012841,0.108537,0.045398,0.118348,0.006797,0.057455,0.024032,0.062648,1.475481,0.156180,-0.816152,0.000129,-0.597476,-1.346445,0.037523,0.083336,0.221217,0.000000,0.131766,0.053659,-0.127400,-0.017640,0.278382,-0.020992,-0.052608,0.035072,2.0000,2.0000,2.0000,0.0000,3.0000,21.9734,23.3293,45.7636,-19.2808,17.1116,,,
1786588948396783096,2026-08-13T09:42:28.396806,ground_truth,0.004439,0.288000,0.097682,True,,,,,,,,,-0.107804,0.466372,0.441007,-0.107353,0.470124,0.442603,-0.107353,0.470124,0.442603,0.009179,0.076503,0.032557,0.083647,0.006797,0.057455,0.024032,0.062648,1.473142,0.160590,-0.804970,0.000129,-0.604526,-1.343772,0.050609,0.086825,0.212057,0.000000,0.134386,0.051482,-0.106540,-0.011760,0.281702,-0.023264,-0.053440,0.040800,2.0000,2.0000,2.0000,0.0000,3.0000,22.0542,23.5129,46.3800,-19.1538,17.1498,,,
1786588948446959369,2026-08-13T09:42:28.446982,ground_truth,0.004468,0.301000,0.100933,True,,,,,,,,,-0.106903,0.475674,0.444204,-0.106903,0.475674,0.444204,-0.106903,0.475674,0.444204,0.009119,0.112285,0.032374,0.117215,0.013645,0.140886,0.048419,0.149597,1.471528,0.163367,-0.798271,0.000129,-0.608676,-1.342101,0.052354,0.088139,0.208124,0.000000,0.126528,0.051040,-0.107240,-0.006720,0.285769,-0.025216,-0.048704,0.034400,2.0000,2.0000,2.0000,0.0000,3.0000,22.1829,23.9014,47.0563,-18.9387,17.0721,,,
1786588948487770312,2026-08-13T09:42:28.487788,ground_truth,0.007781,0.314000,0.104140,True,,,,,,,,,-0.106686,0.481585,0.446014,-0.106686,0.481585,0.446014,-0.106686,0.481585,0.446014,0.004372,0.119171,0.036501,0.124712,0.003244,0.088432,0.027086,0.092544,1.468543,0.168319,-0.786783,0.000129,-0.615446,-1.339223,0.057156,0.088139,0.202889,0.000000,0.121300,0.051040,-0.112140,-0.017360,0.263774,-0.025504,-0.051328,0.035840,2.0000,2.0000,2.0000,0.0000,3.0000,22.2409,23.9242,47.3673,-19.4809,17.2295,,,
1786588948522536203,2026-08-13T09:42:28.522557,ground_truth,0.007785,0.321000,0.104084,True,,,,,,,,,-0.106686,0.481585,0.446014,-0.106689,0.487887,0.447802,-0.106689,0.487887,0.447802,-0.000086,0.152472,0.043255,0.158489,0.003244,0.088432,0.027086,0.092544,1.466386,0.171495,-0.779623,0.000129,-0.619800,-1.337455,0.061958,0.086825,0.193291,0.000000,0.118680,0.045812,-0.132860,-0.030660,0.279295,-0.025504,-0.056384,0.035008,2.0000,2.0000,2.0000,0.0000,3.0000,22.3681,23.8613,47.7817,-19.1202,17.5822,,,
1786588948558775418,2026-08-13T09:42:28.558799,ground_truth,0.007778,0.308000,0.104189,True,,,,,,,,,-0.106925,0.494960,0.449590,-0.106925,0.494960,0.449590,-0.106925,0.494960,0.449590,-0.006822,0.205092,0.051866,0.211659,-0.003569,0.199834,0.053436,0.206886,1.465380,0.172860,-0.776538,0.000129,-0.621719,-1.336701,0.063703,0.085081,0.191543,0.000000,0.121300,0.045812,-0.132020,-0.041440,0.272904,-0.025216,-0.057216,0.035744,2.0000,2.0000,2.0000,0.0000,3.0000,22.4223,24.1761,48.0202,-19.0069,18.1061,,,
1786588948594455620,2026-08-13T09:42:28.594477,ground_truth,0.007785,0.321000,0.107363,True,,,,,,,,,-0.106925,0.494960,0.449590,-0.107158,0.501442,0.451381,-0.107158,0.501442,0.451381,-0.006351,0.176854,0.048871,0.183592,-0.003569,0.199834,0.053436,0.206886,1.461878,0.177192,-0.766225,0.000129,-0.628521,-1.334222,0.057156,0.071994,0.178458,0.000000,0.115619,0.043193,-0.117740,-0.063420,0.277220,-0.026720,-0.053824,0.036192,2.0000,2.0000,2.0000,0.0000,3.0000,22.5262,24.2977,48.3545,-18.9245,17.9423,,,
1786588948669440249,2026-08-13T09:42:28.669465,ground_truth,0.007796,0.340000,0.110427,True,,,,,,,,,-0.107389,0.508178,0.453151,-0.107389,0.508178,0.453151,-0.107389,0.508178,0.453151,-0.006485,0.188980,0.049643,0.195500,-0.006959,0.198267,0.053410,0.205453,1.459095,0.180727,-0.756381,0.000129,-0.634644,-1.331893,0.042756,0.058901,0.174963,0.000000,0.107772,0.040573,-0.105000,-0.048580,0.279627,-0.028672,-0.051776,0.034016,2.0000,2.0000,2.0000,0.0000,3.0000,22.4667,24.2870,48.9275,-19.0350,17.9905,,,
1786588948730450930,2026-08-13T09:42:28.730477,ground_truth,0.007789,0.327000,0.110574,True,,,,,,,,,-0.107622,0.514592,0.455126,-0.107622,0.514592,0.455126,-0.107622,0.514592,0.455126,-0.003111,0.085667,0.026385,0.089692,-0.003482,0.095898,0.029536,0.100404,1.456599,0.184529,-0.744188,0.000129,-0.642674,-1.329457,0.030976,0.055412,0.183692,0.000000,0.129589,0.032715,-0.102900,-0.045220,0.290251,-0.032576,-0.054560,0.033120,2.0000,2.0000,2.0000,0.0000,3.0000,22.6761,24.2521,49.0585,-18.6015,17.8547,,,
1786588948777702046,2026-08-13T09:42:28.777729,ground_truth,0.004581,0.352000,0.110290,True,,,,,,,,,-0.107855,0.521261,0.456883,-0.107855,0.521261,0.456883,-0.107855,0.521261,0.456883,-0.003809,0.108818,0.028668,0.112595,-0.003491,0.099736,0.026275,0.103198,1.455038,0.187698,-0.733399,0.000129,-0.650478,-1.327927,0.024429,0.057156,0.197216,0.000000,0.145295,0.024426,-0.097020,-0.031500,0.300709,-0.032576,-0.056832,0.032288,2.0000,2.0000,2.0000,0.0000,3.0000,22.9853,24.2069,48.3692,-17.8854,18.0605,,,
1786588948823550177,2026-08-13T09:42:28.823577,ground_truth,0.004594,0.358000,0.110222,True,,,,,,,,,-0.107871,0.528675,0.458618,-0.107871,0.528675,0.458618,-0.107871,0.528675,0.458618,-0.000327,0.156690,0.036661,0.160922,-0.000234,0.112020,0.026210,0.115046,1.454012,0.190507,-0.723845,0.000129,-0.657399,-1.326967,0.016138,0.060207,0.200711,0.000000,0.137436,0.016137,-0.087640,-0.050400,0.300211,-0.033952,-0.055616,0.032896,2.0000,2.0000,2.0000,0.0000,3.0000,22.9113,24.4346,48.3512,-18.5100,18.5100,,,
1786588948865222824,2026-08-13T09:42:28.865248,ground_truth,0.004581,0.352000,0.113519,True,,,,,,,,,-0.107871,0.528675,0.458618,-0.107884,0.535758,0.460121,-0.107884,0.535758,0.460121,-0.000291,0.155333,0.032964,0.158793,-0.000234,0.112020,0.026210,0.115046,1.454012,0.190507,-0.723845,0.000129,-0.657399,-1.326967,0.016138,0.060207,0.200711,0.000000,0.137436,0.016137,-0.087640,-0.050400,0.300211,-0.033952,-0.055616,0.032896,2.0000,2.0000,2.0000,0.0000,3.0000,23.1445,25.0478,47.8593,-18.5671,19.6089,,,
1786588948908017279,2026-08-13T09:42:28.908042,ground_truth,0.001432,0.371000,0.113271,True,,,,,,,,,-0.107898,0.542401,0.461618,-0.107898,0.542401,0.461618,-0.107898,0.542401,0.461618,-0.000345,0.158774,0.035778,0.162755,-0.000415,0.205787,0.044978,0.210646,1.454012,0.190507,-0.723845,0.000129,-0.657399,-1.326967,0.016138,0.060207,0.200711,0.000000,0.137436,0.016137,-0.087640,-0.050400,0.300211,-0.033952,-0.055616,0.032896,2.0000,2.0000,2.0000,0.0000,3.0000,23.0066,25.3185,47.5248,-19.0970,19.3773,,,
1786588948949240661,2026-08-13T09:42:28.949263,ground_truth,0.001478,0.383000,0.113115,True,,,,,,,,,-0.107700,0.548530,0.463101,-0.107700,0.548530,0.463101,-0.107700,0.548530,0.463101,0.004670,0.144242,0.034890,0.148475,0.002991,0.092382,0.022346,0.095093,1.453071,0.197975,-0.699361,0.000129,-0.674085,-1.325975,0.000000,0.068498,0.215544,0.000000,0.145726,0.000000,-0.077420,-0.057540,0.301124,-0.034688,-0.062848,0.033856,2.0000,2.0000,2.0000,0.0000,3.0000,22.6550,25.0892,47.9621,-19.1313,18.8582,,,
1786588948997036554,2026-08-13T09:42:28.997070,ground_truth,0.001382,0.358000,0.113440,True,,,,,,,,,-0.107700,0.548530,0.463101,-0.107505,0.555249,0.464348,-0.107505,0.555249,0.464348,0.004725,0.163295,0.030306,0.166150,0.002991,0.092382,0.022346,0.095093,1.453097,0.201379,-0.688945,0.000129,-0.681102,-1.325986,0.001744,0.073301,0.219038,0.000000,0.142675,0.000000,0.081480,-0.051660,0.297140,-0.037248,-0.055840,0.002016,2.0000,2.0000,2.0000,0.0000,3.0000,22.4830,25.0317,48.3575,-19.5228,18.6208,,,
1786588949033953164,2026-08-13T09:42:29.033977,ground_truth,-0.001692,0.383000,0.113115,True,,,,,,,,,-0.107306,0.562086,0.465615,-0.107306,0.562086,0.465615,-0.107306,0.562086,0.465615,0.004191,0.143382,0.026575,0.145884,0.005880,0.202181,0.037498,0.205713,1.453097,0.201379,-0.688945,0.000129,-0.681102,-1.325986,0.001744,0.073301,0.219038,0.000000,0.142675,0.000000,0.081480,-0.051660,0.297140,-0.037248,-0.055840,0.002016,2.0000,2.0000,2.0000,0.0000,3.0000,22.3961,24.8154,45.8923,-21.9199,20.1659,,,
1786588949077217283,2026-08-13T09:42:29.077234,ground_truth,-0.001692,0.383000,0.113115,True,,,,,,,,,-0.106897,0.569587,0.466644,-0.106897,0.569587,0.466644,-0.106897,0.569587,0.466644,0.011139,0.204392,0.028036,0.206607,0.006147,0.112794,0.015472,0.114016,1.453097,0.201379,-0.688945,0.000129,-0.681102,-1.325986,0.001744,0.073301,0.219038,0.000000,0.142675,0.000000,0.081480,-0.051660,0.297140,-0.037248,-0.055840,0.002016,2.0000,2.0000,2.0000,0.0000,3.0000,22.3961,24.8154,45.8923,-21.9199,20.1659,,,
1786588949113158430,2026-08-13T09:42:29.113180,ground_truth,-0.004820,0.389000,0.113037,True,,,,,,,,,-0.106897,0.569587,0.466644,-0.106488,0.576154,0.467673,-0.106488,0.576154,0.467673,0.009354,0.150268,0.023543,0.152388,0.006147,0.112794,0.015472,0.114016,1.453097,0.201379,-0.688945,0.000129,-0.681102,-1.325986,0.001744,0.073301,0.219038,0.000000,0.142675,0.000000,0.081480,-0.051660,0.297140,-0.037248,-0.055840,0.002016,2.0000,2.0000,2.0000,0.0000,3.0000,22.4774,24.8452,45.6560,-20.8757,20.0887,,,
1786588949158936650,2026-08-13T09:42:29.158958,ground_truth,-0.008087,0.377000,0.110006,True,,,,,,,,,-0.105869,0.582534,0.468480,-0.105869,0.582534,0.468480,-0.105869,0.582534,0.468480,0.017483,0.180130,0.022783,0.182405,0.015457,0.194670,0.027603,0.197224,1.457148,0.217792,-0.644869,0.000119,-0.708805,-1.330039,0.034465,0.107772,0.270958,0.000000,0.161873,0.034903,0.121800,-0.040180,0.327933,-0.042976,-0.056000,-0.034080,2.0000,2.0000,2.0000,0.0000,3.0000,22.5208,24.8226,44.0467,-21.4284,21.9045,,,
1786588949199592491,2026-08-13T09:42:29.199616,ground_truth,-0.011142,0.389000,0.109870,True,,,,,,,,,-0.105869,0.582534,0.468480,-0.104811,0.588183,0.468871,-0.104811,0.588183,0.468871,0.022781,0.121658,0.008422,0.124059,0.015457,0.194670,0.027603,0.197224,1.458605,0.222130,-0.634066,0.000119,-0.715305,-1.331494,0.037523,0.107772,0.269210,0.000000,0.164492,0.037954,0.112840,-0.060760,0.304029,-0.043136,-0.053216,-0.035232,2.0000,2.0000,2.0000,0.0000,3.0000,22.6291,24.6725,44.6527,-20.6462,21.3587,,,
1786588949234777276,2026-08-13T09:42:29.234798,ground_truth,-0.013880,0.424000,0.109472,True,,,,,,,,,-0.103549,0.593313,0.469256,-0.103549,0.593313,0.469256,-0.103549,0.593313,0.469256,0.031043,0.126203,0.009490,0.130310,0.034185,0.158852,0.011448,0.162892,1.459657,0.225142,-0.626624,0.000119,-0.719768,-1.332519,0.037523,0.106028,0.262229,0.000000,0.158823,0.034903,0.105980,-0.057960,0.316064,-0.042528,-0.055712,-0.036352,2.0000,2.0000,2.0000,0.0000,3.0000,22.3918,24.1693,44.9672,-20.7949,21.4880,,,
1786588949274223277,2026-08-13T09:42:29.274244,ground_truth,-0.022985,0.436000,0.106247,True,,,,,,,,,-0.103549,0.593313,0.469256,-0.102105,0.598339,0.469609,-0.102105,0.598339,0.469609,0.041139,0.143205,0.010036,0.149335,0.034185,0.158852,0.011448,0.162892,1.460545,0.227677,-0.620393,0.000119,-0.723519,-1.333402,0.037523,0.104714,0.256125,0.000000,0.156203,0.034903,0.095060,-0.076860,0.310005,-0.043264,-0.049664,-0.035136,2.0000,2.0000,2.0000,0.0000,3.0000,22.9047,24.5028,44.8431,-20.0676,21.6145,,,
1786588949320430810,2026-08-13T09:42:29.320455,ground_truth,-0.026068,0.436000,0.106247,True,,,,,,,,,-0.102105,0.598339,0.469609,-0.100054,0.604837,0.469534,-0.100054,0.604837,0.469534,0.052007,0.164758,-0.001888,0.172782,0.021951,0.076411,0.005355,0.079682,1.462721,0.234087,-0.604660,0.000119,-0.732832,-1.335558,0.032720,0.096423,0.236050,0.000000,0.143106,0.032284,0.108500,-0.070560,0.304361,-0.044480,-0.054336,-0.032512,2.0000,2.0000,2.0000,0.0000,3.0000,23.3875,24.2540,44.9945,-17.8071,21.2111,,,
1786588949362964548,2026-08-13T09:42:29.362982,ground_truth,-0.032499,0.424000,0.103254,True,,,,,,,,,-0.097796,0.612271,0.469255,-0.097796,0.612271,0.469255,-0.097796,0.612271,0.469255,0.048745,0.160490,-0.006017,0.167837,0.065183,0.210749,-0.005342,0.220663,1.462721,0.234087,-0.604660,0.000119,-0.732832,-1.335558,0.032720,0.096423,0.236050,0.000000,0.143106,0.032284,0.108500,-0.070560,0.304361,-0.044480,-0.054336,-0.032512,2.0000,2.0000,2.0000,0.0000,3.0000,24.2675,24.8457,44.7572,-15.9957,21.8073,,,
1786588949399840592,2026-08-13T09:42:29.399859,ground_truth,-0.037845,0.458000,0.102980,True,,,,,,,,,-0.097796,0.612271,0.469255,-0.095111,0.619570,0.468767,-0.095111,0.619570,0.468767,0.063471,0.172512,-0.011533,0.184179,0.065183,0.210749,-0.005342,0.220663,1.462721,0.234087,-0.604660,0.000119,-0.732832,-1.335558,0.032720,0.096423,0.236050,0.000000,0.143106,0.032284,0.108500,-0.070560,0.304361,-0.044480,-0.054336,-0.032512,2.0000,2.0000,2.0000,0.0000,3.0000,24.7948,24.2592,47.5345,-14.5433,18.4909,,,
1786588949441567078,2026-08-13T09:42:29.441586,ground_truth,-0.043625,0.469000,0.099856,True,,,,,,,,,-0.092282,0.626150,0.468280,-0.092282,0.626150,0.468280,-0.092282,0.626150,0.468280,0.077015,0.179167,-0.013271,0.195469,0.082678,0.208110,-0.014625,0.224408,1.462721,0.234087,-0.604660,0.000119,-0.732832,-1.335558,0.032720,0.096423,0.236050,0.000000,0.143106,0.032284,0.108500,-0.070560,0.304361,-0.044480,-0.054336,-0.032512,2.0000,2.0000,2.0000,0.0000,3.0000,24.8806,24.2413,47.6942,-14.6023,18.8343,,,
1786588949479756467,2026-08-13T09:42:29.479775,ground_truth,-0.046654,0.469000,0.099856,True,,,,,,,,,-0.089068,0.633120,0.467589,-0.089068,0.633120,0.467589,-0.089068,0.633120,0.467589,0.076473,0.165795,-0.016440,0.183320,0.047948,0.103952,-0.010308,0.114940,1.462721,0.234087,-0.604660,0.000119,-0.732832,-1.335558,0.032720,0.096423,0.236050,0.000000,0.143106,0.032284,0.108500,-0.070560,0.304361,-0.044480,-0.054336,-0.032512,2.0000,2.0000,2.0000,0.0000,3.0000,24.9332,24.0572,48.7441,-12.7603,17.6397,,,
1786588949516838672,2026-08-13T09:42:29.516859,ground_truth,-0.052511,0.475000,0.099818,True,,,,,,,,,-0.089068,0.633120,0.467589,-0.085652,0.640754,0.466678,-0.085652,0.640754,0.466678,0.089275,0.199527,-0.023806,0.219881,0.047948,0.103952,-0.010308,0.114940,1.462721,0.234087,-0.604660,0.000119,-0.732832,-1.335558,0.032720,0.096423,0.236050,0.000000,0.143106,0.032284,0.108500,-0.070560,0.304361,-0.044480,-0.054336,-0.032512,2.0000,2.0000,2.0000,0.0000,3.0000,24.9560,23.8404,50.1296,-12.6017,16.3729,,,
1786588949553631071,2026-08-13T09:42:29.553651,ground_truth,-0.051974,0.491000,0.099715,True,,,,,,,,,-0.082056,0.648200,0.465781,-0.082056,0.648200,0.465781,-0.082056,0.648200,0.465781,0.097985,0.202902,-0.024437,0.226644,0.102230,0.219870,-0.026356,0.243902,1.462721,0.234087,-0.604660,0.000119,-0.732832,-1.335558,0.032720,0.096423,0.236050,0.000000,0.143106,0.032284,0.108500,-0.070560,0.304361,-0.044480,-0.054336,-0.032512,3.0000,2.0000,2.0000,0.0000,4.0000,25.4333,24.1257,49.0806,-11.5224,17.4565,,,
1786588949600943829,2026-08-13T09:42:29.600973,ground_truth,-0.054404,0.507000,0.099613,True,,,,,,,,,-0.082056,0.648200,0.465781,-0.078492,0.655236,0.464888,-0.078492,0.655236,0.464888,0.096159,0.189864,-0.024106,0.214187,0.102230,0.219870,-0.026356,0.243902,1.469836,0.263945,-0.536138,0.000097,-0.771315,-1.342554,0.023122,0.138748,0.303248,0.000000,0.156203,0.023995,0.088620,-0.058800,0.350426,-0.058176,-0.060224,-0.034304,3.0000,2.0000,2.0000,0.0000,4.0000,25.2149,24.2434,49.2571,-12.1712,18.0808,,,
1786588949633989261,2026-08-13T09:42:29.634012,ground_truth,-0.054052,0.517000,0.099549,True,,,,,,,,,-0.074773,0.663044,0.463966,-0.074773,0.663044,0.463966,-0.074773,0.663044,0.463966,0.078138,0.164031,-0.019368,0.182721,0.113310,0.230948,-0.028242,0.258793,1.470829,0.270812,-0.521424,0.000097,-0.779183,-1.343707,0.019634,0.147039,0.310230,0.000000,0.167112,0.021375,0.081480,-0.047320,0.342541,-0.057888,-0.063520,-0.029568,3.0000,2.0000,2.0000,0.0000,4.0000,25.1673,23.4757,49.6232,-12.4515,18.0026,,,
1786588949669434879,2026-08-13T09:42:29.669455,ground_truth,-0.054404,0.507000,0.099613,True,,,,,,,,,-0.074773,0.663044,0.463966,-0.071283,0.671218,0.463062,-0.071283,0.671218,0.463062,0.106584,0.249610,-0.027616,0.272814,0.113310,0.230948,-0.028242,0.258793,1.471515,0.276790,-0.508933,0.000097,-0.785974,-1.344570,0.014831,0.150528,0.314156,0.000000,0.167112,0.018756,0.081480,-0.054460,0.324945,-0.058048,-0.057440,-0.029120,3.0000,2.0000,2.0000,0.0000,4.0000,25.3129,23.9928,49.5620,-12.2259,18.4619,,,
1786588949703410513,2026-08-13T09:42:29.703431,ground_truth,-0.056781,0.523000,0.099510,True,,,,,,,,,-0.067768,0.679467,0.462162,-0.067768,0.679467,0.462162,-0.067768,0.679467,0.462162,0.099940,0.234579,-0.025600,0.256263,0.105175,0.246589,-0.027095,0.269448,1.471783,0.279842,-0.502718,0.000097,-0.789144,-1.344926,0.013087,0.153586,0.310661,0.000000,0.153584,0.016137,0.085540,-0.064120,0.339802,-0.058176,-0.062240,-0.030464,3.0000,2.0000,2.0000,0.0000,4.0000,25.2359,23.7931,49.7849,-12.5621,18.5886,,,
1786588949736737221,2026-08-13T09:42:29.736773,ground_truth,-0.056597,0.528000,0.099478,True,,,,,,,,,-0.067768,0.679467,0.462162,-0.064304,0.688263,0.461260,-0.064304,0.688263,0.461260,0.101685,0.258212,-0.026471,0.278772,0.105175,0.246589,-0.027095,0.269448,1.472032,0.283540,-0.495320,0.000097,-0.792830,-1.345238,0.007853,0.155330,0.308483,0.000000,0.153584,0.010467,0.080500,-0.078120,0.340466,-0.058336,-0.053664,-0.029792,3.0000,2.0000,2.0000,0.0000,4.0000,25.3413,23.6607,50.5278,-11.5598,18.4415,,,
1786588949781116775,2026-08-13T09:42:29.781137,ground_truth,-0.056228,0.538000,0.102335,True,,,,,,,,,-0.061070,0.697489,0.460558,-0.061070,0.697489,0.460558,-0.061070,0.697489,0.460558,0.096623,0.275648,-0.020970,0.292844,0.100569,0.270599,-0.024078,0.289686,1.472306,0.290335,-0.481922,0.000086,-0.799395,-1.345529,0.003489,0.153586,0.301063,0.002609,0.148345,0.002609,0.080780,-0.085120,0.330838,-0.057728,-0.056224,-0.031520,3.0000,2.0000,2.0000,0.0000,4.0000,25.3030,23.4297,50.7854,-11.2702,18.7315,,,
1786588949813316962,2026-08-13T09:42:29.813335,ground_truth,-0.053137,0.543000,0.102295,True,,,,,,,,,-0.058065,0.706747,0.460056,-0.058065,0.706747,0.460056,-0.058065,0.706747,0.460056,0.068184,0.210025,-0.011395,0.221110,0.044033,0.135633,-0.007359,0.142791,1.472306,0.296986,-0.469103,0.000086,-0.805485,-1.345529,0.000000,0.150528,0.284482,0.000000,0.131766,0.000000,-0.062860,-0.078960,0.322621,-0.056832,-0.057280,-0.000064,3.0000,2.0000,2.0000,0.0000,4.0000,25.5269,23.6294,51.0684,-10.6991,19.2340,,,
1786588949850213614,2026-08-13T09:42:29.850233,ground_truth,-0.053137,0.543000,0.105207,True,,,,,,,,,-0.058065,0.706747,0.460056,-0.055448,0.716546,0.459577,-0.055448,0.716546,0.459577,0.079945,0.299302,-0.014616,0.310140,0.044033,0.135633,-0.007359,0.142791,1.472306,0.296986,-0.469103,0.000086,-0.805485,-1.345529,0.000000,0.150528,0.284482,0.000000,0.131766,0.000000,-0.062860,-0.078960,0.322621,-0.056832,-0.057280,-0.000064,3.0000,2.0000,2.0000,0.0000,4.0000,25.5448,23.6330,51.5528,-10.6574,18.6022,,,
1786588949885199086,2026-08-13T09:42:29.885220,ground_truth,-0.053137,0.543000,0.105207,True,,,,,,,,,-0.053437,0.724852,0.459508,-0.053437,0.724852,0.459508,-0.053437,0.724852,0.459508,0.054756,0.226261,-0.001887,0.232800,0.070522,0.275920,-0.008348,0.284912,1.472306,0.296986,-0.469103,0.000086,-0.805485,-1.345529,0.000000,0.150528,0.284482,0.000000,0.131766,0.000000,-0.062860,-0.078960,0.322621,-0.056832,-0.057280,-0.000064,3.0000,2.0000,2.0000,0.0000,4.0000,25.8301,23.8735,51.4556,-9.0221,18.3363,,,
1786588949920804183,2026-08-13T09:42:29.920824,ground_truth,-0.052961,0.548000,0.105159,True,,,,,,,,,-0.053437,0.724852,0.459508,-0.051633,0.732220,0.459439,-0.051633,0.732220,0.459439,0.051942,0.212069,-0.001994,0.218347,0.070522,0.275920,-0.008348,0.284912,1.472306,0.296986,-0.469103,0.000086,-0.805485,-1.345529,0.000000,0.150528,0.284482,0.000000,0.131766,0.000000,-0.062860,-0.078960,0.322621,-0.056832,-0.057280,-0.000064,3.0000,2.0000,2.0000,0.0000,4.0000,25.9552,23.9018,51.7106,-8.4517,18.0069,,,
1786588949953511830,2026-08-13T09:42:29.953531,ground_truth,-0.052609,0.558000,0.107950,True,,,,,,,,,-0.050269,0.739400,0.459566,-0.050269,0.739400,0.459566,-0.050269,0.739400,0.459566,0.037938,0.199689,0.003532,0.203292,0.047675,0.218883,0.000869,0.224017,1.472306,0.296986,-0.469103,0.000086,-0.805485,-1.345529,0.000000,0.150528,0.284482,0.000000,0.131766,0.000000,-0.062860,-0.078960,0.322621,-0.056832,-0.057280,-0.000064,3.0000,2.0000,2.0000,0.0000,4.0000,26.5497,24.1571,51.3023,-7.7963,18.2621,,,
1786588949987098956,2026-08-13T09:42:29.987117,ground_truth,-0.049559,0.563000,0.107893,True,,,,,,,,,-0.050269,0.739400,0.459566,-0.049284,0.746810,0.459897,-0.049284,0.746810,0.459897,0.030157,0.227018,0.010151,0.229237,0.047675,0.218883,0.000869,0.224017,1.472306,0.296986,-0.469103,0.000086,-0.805485,-1.345529,0.000000,0.150528,0.284482,0.000000,0.131766,0.000000,-0.062860,-0.078960,0.322621,-0.056832,-0.057280,-0.000064,3.0000,2.0000,2.0000,0.0000,4.0000,26.7699,24.2123,50.9732,-7.9842,18.4986,,,
1786588950019505522,2026-08-13T09:42:30.019527,ground_truth,-0.049392,0.568000,0.107836,True,,,,,,,,,-0.048889,0.753625,0.460433,-0.048889,0.753625,0.460433,-0.048889,0.753625,0.460433,0.011753,0.202464,0.015916,0.203429,0.020673,0.213103,0.012990,0.214497,1.466765,0.326805,-0.417898,0.000086,-0.826505,-1.339428,0.049303,0.153586,0.228637,0.000000,0.078096,0.054101,-0.138180,-0.072800,0.314819,-0.057216,-0.045248,0.035232,3.0000,2.0000,2.0000,0.0000,4.0000,26.6446,24.0301,50.8258,-8.0013,18.5978,,,
1786588950051899807,2026-08-13T09:42:30.051919,ground_truth,-0.046526,0.568000,0.107836,True,,,,,,,,,-0.048889,0.753625,0.460433,-0.048706,0.760001,0.460965,-0.048706,0.760001,0.460965,0.005643,0.197162,0.016449,0.197928,0.020673,0.213103,0.012990,0.214497,1.464779,0.332574,-0.409712,0.000086,-0.829297,-1.337337,0.058901,0.164928,0.226890,0.000000,0.078096,0.061949,-0.143500,-0.071820,0.320380,-0.056992,-0.047264,0.038848,3.0000,2.0000,2.0000,0.0000,4.0000,27.0391,24.2212,50.2418,-7.1103,18.7741,,,
1786588950087658698,2026-08-13T09:42:30.087678,ground_truth,-0.045920,0.587000,0.107620,True,,,,,,,,,-0.049105,0.766557,0.461499,-0.049105,0.766557,0.461499,-0.049105,0.766557,0.461499,-0.012406,0.203814,0.016620,0.204866,-0.003244,0.193754,0.015979,0.194439,1.462179,0.339409,-0.400634,0.000086,-0.832595,-1.334631,0.070243,0.176277,0.224704,0.000000,0.083335,0.072857,-0.137200,-0.082740,0.332913,-0.056320,-0.050720,0.041472,3.0000,2.0000,2.0000,0.0000,4.0000,27.1888,24.2185,49.9370,-6.5542,18.9221,,,
1786588950127145400,2026-08-13T09:42:30.127169,ground_truth,-0.045920,0.587000,0.107620,True,,,,,,,,,-0.049105,0.766557,0.461499,-0.049509,0.772828,0.462026,-0.049509,0.772828,0.462026,-0.011270,0.175100,0.014714,0.176078,-0.003244,0.193754,0.015979,0.194439,1.460748,0.342969,-0.396113,0.000086,-0.834363,-1.333144,0.073738,0.179766,0.226451,0.000000,0.089005,0.075477,-0.149660,-0.080220,0.307266,-0.055840,-0.048768,0.041184,3.0000,2.0000,2.0000,0.0000,4.0000,27.5074,24.2020,50.0707,-6.1035,18.6689,,,
1786588950173168184,2026-08-13T09:42:30.173185,ground_truth,-0.043206,0.583000,0.107666,True,,,,,,,,,-0.050074,0.779202,0.462560,-0.050074,0.779202,0.462560,-0.050074,0.779202,0.462560,-0.014242,0.160510,0.013442,0.161700,-0.014527,0.189533,0.015900,0.190752,1.455874,0.354057,-0.382945,0.000086,-0.839882,-1.328271,0.084643,0.189364,0.213797,0.000000,0.094244,0.086386,-0.155820,-0.088340,0.317060,-0.053888,-0.047200,0.041408,3.0000,2.0000,2.0000,0.0000,4.0000,27.4481,24.2129,50.2270,-5.7901,18.2528,,,
1786588950218735330,2026-08-13T09:42:30.218748,ground_truth,-0.042934,0.592000,0.110395,True,,,,,,,,,-0.050797,0.784743,0.463101,-0.050797,0.784743,0.463101,-0.050797,0.784743,0.463101,-0.015757,0.120762,0.011792,0.122356,-0.010893,0.083487,0.008152,0.084588,1.452712,0.360852,-0.375399,0.000086,-0.843385,-1.325156,0.088139,0.189364,0.206384,0.000000,0.099914,0.086386,-0.126980,-0.107240,0.311914,-0.052992,-0.048160,0.041024,3.0000,2.0000,2.0000,0.0000,4.0000,27.4217,24.2434,50.0991,-5.9427,18.4044,,,
1786588950257513129,2026-08-13T09:42:30.257531,ground_truth,-0.039679,0.607000,0.113007,True,,,,,,,,,-0.050797,0.784743,0.463101,-0.051562,0.790118,0.463820,-0.051562,0.790118,0.463820,-0.016875,0.118622,0.015863,0.120862,-0.010893,0.083487,0.008152,0.084588,1.447753,0.371234,-0.364105,0.000086,-0.848829,-1.320403,0.086388,0.181511,0.200711,0.000000,0.089005,0.081158,-0.129780,-0.127960,0.332581,-0.055040,-0.043968,0.040128,3.0000,2.0000,2.0000,0.0000,4.0000,27.4086,24.2210,50.0561,-6.0264,18.4216,,,
1786588950302346890,2026-08-13T09:42:30.302368,ground_truth,-0.039565,0.611000,0.115748,True,,,,,,,,,-0.052702,0.795193,0.464720,-0.052702,0.795193,0.464720,-0.052702,0.795193,0.464720,-0.029164,0.129817,0.023015,0.135028,-0.028452,0.156093,0.024177,0.160496,1.447753,0.371234,-0.364105,0.000086,-0.848829,-1.320403,0.086388,0.181511,0.200711,0.000000,0.089005,0.081158,-0.129780,-0.127960,0.332581,-0.055040,-0.043968,0.040128,3.0000,2.0000,2.0000,0.0000,4.0000,27.6088,24.1990,50.1109,-5.1412,18.2533,,,
1786588950338743336,2026-08-13T09:42:30.338774,ground_truth,-0.039422,0.616000,0.118459,True,,,,,,,,,-0.052702,0.795193,0.464720,-0.053838,0.800688,0.465804,-0.053838,0.800688,0.465804,-0.025283,0.122355,0.024151,0.127252,-0.028452,0.156093,0.024177,0.160496,1.447753,0.371234,-0.364105,0.000086,-0.848829,-1.320403,0.086388,0.181511,0.200711,0.000000,0.089005,0.081158,-0.129780,-0.127960,0.332581,-0.055040,-0.043968,0.040128,3.0000,2.0000,2.0000,0.0000,4.0000,27.8784,24.3192,50.0146,-4.7773,18.3326,,,
1786588950375049499,2026-08-13T09:42:30.375082,ground_truth,-0.039021,0.630000,0.120976,True,,,,,,,,,-0.054958,0.806214,0.466879,-0.054958,0.806214,0.466879,-0.054958,0.806214,0.466879,-0.030799,0.151893,0.029547,0.157775,-0.034209,0.167121,0.032748,0.173702,1.447753,0.371234,-0.364105,0.000086,-0.848829,-1.320403,0.086388,0.181511,0.200711,0.000000,0.089005,0.081158,-0.129780,-0.127960,0.332581,-0.055040,-0.043968,0.040128,3.0000,2.0000,2.0000,0.0000,4.0000,28.4125,24.6204,50.3314,-3.9863,18.4249,,,
1786588950411781410,2026-08-13T09:42:30.411794,ground_truth,-0.039164,0.625000,0.123851,True,,,,,,,,,-0.055899,0.811479,0.468124,-0.055899,0.811479,0.468124,-0.055899,0.811479,0.468124,-0.026110,0.146087,0.034555,0.152372,-0.014028,0.078487,0.018565,0.081864,1.437247,0.395937,-0.329152,0.000086,-0.859791,-1.310162,0.055412,0.151841,0.269649,0.000000,0.059340,0.056721,-0.117460,-0.159320,0.338059,-0.056160,-0.046432,0.037568,3.0000,2.0000,2.0000,0.0000,4.0000,28.4342,24.5951,51.1355,-4.6595,18.5441,,,
1786588950446677670,2026-08-13T09:42:30.446693,ground_truth,-0.038764,0.639000,0.129061,True,,,,,,,,,-0.055899,0.811479,0.468124,-0.056831,0.816906,0.469367,-0.056831,0.816906,0.469367,-0.025271,0.147215,0.033720,0.153127,-0.014028,0.078487,0.018565,0.081864,1.436351,0.398316,-0.324810,0.000086,-0.860718,-1.309289,0.055849,0.147039,0.273144,0.000000,0.056721,0.053659,-0.095480,-0.148120,0.352833,-0.055488,-0.045600,0.038016,3.0000,2.0000,2.0000,0.0000,4.0000,29.0844,25.0108,52.3921,-4.1902,18.5233,,,
1786588950480544669,2026-08-13T09:42:30.480560,ground_truth,-0.039021,0.630000,0.134820,True,,,,,,,,,-0.057789,0.822631,0.470958,-0.057789,0.822631,0.470958,-0.057789,0.822631,0.470958,-0.027002,0.161336,0.044813,0.169607,-0.027841,0.164294,0.041740,0.171784,1.434110,0.404738,-0.312453,0.000086,-0.863219,-1.307025,0.049303,0.146601,0.286229,0.000000,0.059340,0.051040,-0.119280,-0.129220,0.346857,-0.052992,-0.043424,0.036576,3.0000,2.0000,2.0000,0.0000,4.0000,29.3482,25.2669,52.1444,-3.9837,18.1243,,,
1786588950519266940,2026-08-13T09:42:30.519288,ground_truth,-0.038507,0.648000,0.137057,True,,,,,,,,,-0.057789,0.822631,0.470958,-0.058718,0.828416,0.472935,-0.058718,0.828416,0.472935,-0.027964,0.174081,0.059504,0.186083,-0.027841,0.164294,0.041740,0.171784,1.434110,0.404738,-0.312453,0.000086,-0.863219,-1.307025,0.049303,0.146601,0.286229,0.000000,0.059340,0.051040,-0.119280,-0.129220,0.346857,-0.052992,-0.043424,0.036576,3.0000,2.0000,2.0000,0.0000,4.0000,30.1100,25.1716,52.9616,-2.6964,17.8687,,,
1786588950552649293,2026-08-13T09:42:30.552673,ground_truth,-0.038507,0.648000,0.142536,True,,,,,,,,,-0.059658,0.834426,0.474876,-0.059658,0.834426,0.474876,-0.059658,0.834426,0.474876,-0.024142,0.154339,0.049830,0.163970,-0.028351,0.178880,0.059416,0.190610,1.434110,0.404738,-0.312453,0.000086,-0.863219,-1.307025,0.049303,0.146601,0.286229,0.000000,0.059340,0.051040,-0.119280,-0.129220,0.346857,-0.052992,-0.043424,0.036576,3.0000,2.0000,2.0000,0.0000,4.0000,30.1898,25.0769,53.3827,-3.4326,17.6626,,,
1786588950584964928,2026-08-13T09:42:30.584984,ground_truth,-0.038650,0.643000,0.142700,True,,,,,,,,,-0.059658,0.834426,0.474876,-0.060395,0.840428,0.477185,-0.060395,0.840428,0.477185,-0.022422,0.182644,0.070279,0.196980,-0.028351,0.178880,0.059416,0.190610,1.434110,0.404738,-0.312453,0.000086,-0.863219,-1.307025,0.049303,0.146601,0.286229,0.000000,0.059340,0.051040,-0.119280,-0.129220,0.346857,-0.052992,-0.043424,0.036576,3.0000,2.0000,2.0000,0.0000,4.0000,30.3814,25.3499,53.1107,-3.0968,17.6583,,,
1786588950619355197,2026-08-13T09:42:30.619375,ground_truth,-0.038650,0.643000,0.145447,True,,,,,,,,,-0.061111,0.846162,0.479509,-0.061111,0.846162,0.479509,-0.061111,0.846162,0.479509,-0.022144,0.177298,0.071870,0.192588,-0.021860,0.176567,0.069716,0.191087,1.433143,0.407698,-0.306669,0.000086,-0.864469,-1.306034,0.047558,0.150097,0.289724,0.000000,0.067188,0.048432,-0.117180,-0.140000,0.350426,-0.050720,-0.045920,0.036576,3.0000,2.0000,2.0000,0.0000,4.0000,30.7879,24.9713,54.1334,-2.0792,17.4810,,,
1786588950652419641,2026-08-13T09:42:30.652438,ground_truth,-0.038764,0.639000,0.148339,True,,,,,,,,,-0.061111,0.846162,0.479509,-0.061636,0.851309,0.482017,-0.061636,0.851309,0.482017,-0.015229,0.149277,0.072725,0.166747,-0.021860,0.176567,0.069716,0.191087,1.433143,0.407698,-0.306669,0.000086,-0.864469,-1.306034,0.047558,0.150097,0.289724,0.000000,0.067188,0.048432,-0.117180,-0.140000,0.350426,-0.050720,-0.045920,0.036576,3.0000,2.0000,2.0000,0.0000,4.0000,31.1277,24.6837,53.7673,-1.4986,18.1809,,,
1786588950690814778,2026-08-13T09:42:30.690830,ground_truth,-0.038764,0.639000,0.151093,True,,,,,,,,,-0.062113,0.856338,0.484731,-0.062113,0.856338,0.484731,-0.062113,0.856338,0.484731,-0.014060,0.148227,0.080006,0.169027,-0.015047,0.152794,0.078409,0.172396,1.433143,0.407698,-0.306669,0.000086,-0.864469,-1.306034,0.047558,0.150097,0.289724,0.000000,0.067188,0.048432,-0.117180,-0.140000,0.350426,-0.050720,-0.045920,0.036576,3.0000,2.0000,2.0000,0.0000,4.0000,31.1413,24.5947,53.6909,-1.5986,18.1862,,,
1786588950725486945,2026-08-13T09:42:30.725507,ground_truth,-0.038392,0.652000,0.153334,True,,,,,,,,,-0.062113,0.856338,0.484731,-0.062590,0.860117,0.487630,-0.062590,0.860117,0.487630,-0.012724,0.100798,0.077300,0.127661,-0.015047,0.152794,0.078409,0.172396,1.427381,0.427005,-0.270482,0.000086,-0.874753,-1.300159,0.041012,0.151841,0.267902,0.000000,0.086386,0.040142,-0.102900,-0.117180,0.328431,-0.040800,-0.046816,0.038848,3.0000,2.0000,2.0000,0.0000,4.0000,31.5104,24.4774,54.0730,-1.3378,18.2444,,,
1786588950759082435,2026-08-13T09:42:30.759111,ground_truth,-0.038650,0.643000,0.156437,True,,,,,,,,,-0.062911,0.863646,0.490674,-0.062911,0.863646,0.490674,-0.062911,0.863646,0.490674,-0.009278,0.102023,0.088014,0.135060,-0.011891,0.108909,0.088559,0.140873,1.422239,0.451205,-0.230191,0.000097,-0.889941,-1.295039,0.027925,0.167986,0.278809,0.000000,0.105152,0.024426,-0.091140,-0.145040,0.361050,-0.037920,-0.049760,0.033280,3.0000,2.0000,2.0000,0.0000,4.0000,31.7378,24.5500,54.6444,-1.4683,18.2368,,,
1786588950795198629,2026-08-13T09:42:30.795228,ground_truth,-0.038249,0.657000,0.158586,True,,,,,,,,,-0.062911,0.863646,0.490674,-0.063197,0.867339,0.493744,-0.063197,0.867339,0.493744,-0.008332,0.107711,0.089537,0.140314,-0.011891,0.108909,0.088559,0.140873,1.421468,0.456648,-0.221053,0.000097,-0.893455,-1.294403,0.020940,0.172782,0.291902,0.000000,0.116061,0.016137,-0.096040,-0.132300,0.355406,-0.037344,-0.057056,0.032512,3.0000,2.0000,2.0000,0.0000,4.0000,31.8290,25.1111,53.8309,-0.7696,17.9171,,,
1786588950837818606,2026-08-13T09:42:30.837838,ground_truth,-0.038650,0.643000,0.159184,True,,,,,,,,,-0.063292,0.871277,0.496782,-0.063292,0.871277,0.496782,-0.063292,0.871277,0.496782,-0.002660,0.109930,0.084813,0.138870,-0.005759,0.115364,0.092341,0.147881,1.421468,0.456648,-0.221053,0.000097,-0.893455,-1.294403,0.020940,0.172782,0.291902,0.000000,0.116061,0.016137,-0.096040,-0.132300,0.355406,-0.037344,-0.057056,0.032512,3.0000,2.0000,2.0000,0.0000,4.0000,32.0456,25.2455,53.7269,-0.6617,18.0190,,,
1786588950875137786,2026-08-13T09:42:30.875157,ground_truth,-0.038650,0.643000,0.164679,True,,,,,,,,,-0.063292,0.871277,0.496782,-0.063353,0.873985,0.499678,-0.063353,0.873985,0.499678,-0.001434,0.063646,0.068065,0.093197,-0.005759,0.115364,0.092341,0.147881,1.421468,0.456648,-0.221053,0.000097,-0.893455,-1.294403,0.020940,0.172782,0.291902,0.000000,0.116061,0.016137,-0.096040,-0.132300,0.355406,-0.037344,-0.057056,0.032512,3.0000,2.0000,2.0000,0.0000,4.0000,32.0373,25.6251,53.8505,-1.1885,17.6092,,,
1786588950909783140,2026-08-13T09:42:30.909796,ground_truth,-0.038650,0.643000,0.167426,True,,,,,,,,,-0.063353,0.873985,0.499678,-0.063405,0.876233,0.502759,-0.063405,0.876233,0.502759,-0.001381,0.060331,0.082689,0.102368,-0.000909,0.040345,0.043147,0.059078,1.421141,0.459483,-0.216317,0.000097,-0.895406,-1.294166,0.019634,0.179766,0.299323,0.000000,0.126528,0.013517,-0.079660,-0.115500,0.361963,-0.036736,-0.059904,0.031456,3.0000,2.0000,2.0000,0.0000,4.0000,32.3357,25.9122,54.0029,-1.4161,17.7456,,,
1786588950947192195,2026-08-13T09:42:30.947212,ground_truth,-0.041392,0.643000,0.170174,True,,,,,,,,,-0.063430,0.878123,0.505856,-0.063430,0.878123,0.505856,-0.063430,0.878123,0.505856,-0.000703,0.053592,0.087826,0.102888,-0.001154,0.062624,0.093502,0.112542,1.420148,0.488035,-0.170435,0.000097,-0.920403,-1.294187,0.004796,0.213800,0.343829,0.000000,0.191549,0.010898,0.066640,-0.160580,0.361050,-0.033344,-0.067520,-0.027168,3.0000,2.0000,2.0000,0.0000,4.0000,32.5936,26.1872,54.2924,-2.1308,17.6698,,,
1786588950984183414,2026-08-13T09:42:30.984206,ground_truth,-0.041120,0.652000,0.172462,True,,,,,,,,,-0.063430,0.878123,0.505856,-0.063281,0.879461,0.508944,-0.063281,0.879461,0.508944,0.004006,0.036095,0.083313,0.090884,-0.001154,0.062624,0.093502,0.112542,1.420416,0.494830,-0.159386,0.000097,-0.926688,-1.294618,0.011342,0.210311,0.349495,0.000000,0.199396,0.013517,0.111860,-0.188160,0.362793,-0.035456,-0.062784,-0.029568,3.0000,2.0000,2.0000,0.0000,4.0000,32.8344,26.4943,54.3108,-2.1206,17.8235,,,
1786588951019902113,2026-08-13T09:42:31.019922,ground_truth,-0.041513,0.639000,0.175879,True,,,,,,,,,-0.063124,0.880422,0.511838,-0.063124,0.880422,0.511838,-0.063124,0.880422,0.511838,0.004288,0.026238,0.079004,0.083357,0.004599,0.034601,0.090031,0.096561,1.420945,0.501423,-0.148026,0.000097,-0.933155,-1.295201,0.019634,0.202889,0.358662,0.000000,0.204635,0.021807,0.112840,-0.217840,0.387029,-0.036640,-0.063232,-0.029568,3.0000,2.0000,2.0000,0.0000,4.0000,33.1897,26.5635,54.6349,-2.1948,18.1462,,,
1786588951056633186,2026-08-13T09:42:31.056652,ground_truth,-0.043975,0.648000,0.178144,True,,,,,,,,,-0.063124,0.880422,0.511838,-0.062958,0.881307,0.514575,-0.062958,0.881307,0.514575,0.004671,0.024902,0.076976,0.081038,0.004599,0.034601,0.090031,0.096561,1.421762,0.508335,-0.135051,0.000097,-0.940410,-1.295934,0.024429,0.182817,0.360841,0.000000,0.196777,0.021807,0.094220,-0.204540,0.362295,-0.035968,-0.061568,-0.031232,3.0000,2.0000,2.0000,0.0000,4.0000,33.5269,27.2184,54.1321,-2.5660,18.1894,,,
1786588951089847772,2026-08-13T09:42:31.089868,ground_truth,-0.044421,0.634000,0.178905,True,,,,,,,,,-0.062593,0.881964,0.517314,-0.062593,0.881964,0.517314,-0.062593,0.881964,0.517314,0.009924,0.017890,0.074577,0.077332,0.007908,0.022992,0.081623,0.085168,1.422696,0.514523,-0.122248,0.000108,-0.946877,-1.296602,0.026174,0.163184,0.349064,0.000000,0.164051,0.019198,0.085820,-0.248920,0.355904,-0.034016,-0.057600,-0.031616,3.0000,2.0000,2.0000,0.0000,4.0000,33.4999,27.4675,54.2311,-2.5871,17.3056,,,
1786588951123455771,2026-08-13T09:42:31.123475,ground_truth,-0.047178,0.634000,0.184429,True,,,,,,,,,-0.062593,0.881964,0.517314,-0.062199,0.881616,0.519739,-0.062199,0.881616,0.519739,0.011799,-0.010431,0.072558,0.074247,0.007908,0.022992,0.081623,0.085168,1.423369,0.518240,-0.114069,0.000108,-0.950532,-1.297001,0.027925,0.150097,0.334662,0.000000,0.145295,0.016137,0.093520,-0.266560,0.349762,-0.033408,-0.052096,-0.033568,3.0000,2.0000,2.0000,0.0000,4.0000,33.8826,28.0088,53.9323,-1.9137,17.0978,,,
1786588951164539149,2026-08-13T09:42:31.164561,ground_truth,-0.047010,0.639000,0.186895,True,,,,,,,,,-0.061631,0.880800,0.522521,-0.061631,0.880800,0.522521,-0.061631,0.880800,0.522521,0.016883,-0.024242,0.082610,0.087733,0.014430,-0.017459,0.078031,0.081252,1.423369,0.518240,-0.114069,0.000108,-0.950532,-1.297001,0.027925,0.150097,0.334662,0.000000,0.145295,0.016137,0.093520,-0.266560,0.349762,-0.033408,-0.052096,-0.033568,3.0000,2.0000,2.0000,0.0000,4.0000,34.6253,28.6564,53.5597,-1.4988,17.0397,,,
1786588951199138418,2026-08-13T09:42:31.199161,ground_truth,-0.050076,0.630000,0.195735,True,,,,,,,,,-0.061631,0.880800,0.522521,-0.061073,0.880156,0.525284,-0.061073,0.880156,0.525284,0.013543,-0.015631,0.067142,0.070255,0.014430,-0.017459,0.078031,0.081252,1.423369,0.518240,-0.114069,0.000108,-0.950532,-1.297001,0.027925,0.150097,0.334662,0.000000,0.145295,0.016137,0.093520,-0.266560,0.349762,-0.033408,-0.052096,-0.033568,3.0000,2.0000,2.0000,0.0000,4.0000,35.1860,29.2138,54.1726,-2.4046,17.5831,,,
1786588951243168220,2026-08-13T09:42:31.243189,ground_truth,-0.055102,0.643000,0.200395,True,,,,,,,,,-0.060319,0.879548,0.528444,-0.060319,0.879548,0.528444,-0.060319,0.879548,0.528444,0.021853,-0.017638,0.091566,0.095775,0.019694,-0.018799,0.088941,0.093015,1.423369,0.518240,-0.114069,0.000108,-0.950532,-1.297001,0.027925,0.150097,0.334662,0.000000,0.145295,0.016137,0.093520,-0.266560,0.349762,-0.033408,-0.052096,-0.033568,3.0000,2.0000,2.0000,0.0000,4.0000,35.7617,30.0425,54.4984,-3.4038,16.3981,,,
1786588951281255567,2026-08-13T09:42:31.281275,ground_truth,-0.055949,0.621000,0.210232,True,,,,,,,,,-0.059230,0.879426,0.531730,-0.059230,0.879426,0.531730,-0.059230,0.879426,0.531730,0.024737,-0.002765,0.074646,0.078687,0.016332,-0.001825,0.049282,0.051949,1.429563,0.539867,-0.059890,0.000108,-0.972672,-1.302142,0.044069,0.127406,0.301063,0.000000,0.148345,0.043193,0.126140,-0.227220,0.358145,-0.030848,-0.058048,-0.036064,3.0000,2.0000,2.0000,0.0000,4.0000,36.6447,30.0881,54.8160,-2.3795,16.0991,,,
1786588951314680429,2026-08-13T09:42:31.314702,ground_truth,-0.063720,0.634000,0.220339,True,,,,,,,,,-0.059230,0.879426,0.531730,-0.058059,0.878922,0.535524,-0.058059,0.878922,0.535524,0.030767,-0.013258,0.099711,0.105189,0.016332,-0.001825,0.049282,0.051949,1.430831,0.543480,-0.051444,0.000108,-0.977006,-1.303382,0.047558,0.130457,0.303248,0.000000,0.161873,0.045812,0.128520,-0.228760,0.366943,-0.032352,-0.056672,-0.037696,3.0000,2.0000,2.0000,0.0000,4.0000,37.4627,30.9477,54.4489,-2.4968,16.0909,,,
1786588951346513264,2026-08-13T09:42:31.346529,ground_truth,-0.069421,0.630000,0.228962,True,,,,,,,,,-0.056388,0.878341,0.539784,-0.056388,0.878341,0.539784,-0.056388,0.878341,0.539784,0.050208,-0.017450,0.127978,0.138578,0.042198,-0.016115,0.119585,0.127831,1.432614,0.548275,-0.040447,0.000108,-0.983020,-1.305161,0.050609,0.135697,0.312408,0.000000,0.169731,0.051040,0.134820,-0.226520,0.371923,-0.036192,-0.065792,-0.038688,3.0000,2.0000,2.0000,0.0000,4.0000,39.3487,31.8442,52.6911,0.0528,15.7395,,,
1786588951383595870,2026-08-13T09:42:31.383613,ground_truth,-0.074948,0.630000,0.240037,True,,,,,,,,,-0.056388,0.878341,0.539784,-0.054310,0.877051,0.544475,-0.054310,0.877051,0.544475,0.064850,-0.040242,0.146414,0.165112,0.042198,-0.016115,0.119585,0.127831,1.433862,0.551581,-0.032789,0.000108,-0.987311,-1.306389,0.052354,0.138748,0.323316,0.000000,0.185868,0.051482,0.118720,-0.223440,0.390349,-0.038304,-0.061280,-0.039968,3.0000,2.0000,2.0000,0.0000,4.0000,39.4958,31.6690,54.5720,-0.2780,16.8718,,,
1786588951416936943,2026-08-13T09:42:31.416951,ground_truth,-0.077504,0.634000,0.256248,True,,,,,,,,,-0.051890,0.876100,0.549866,-0.051890,0.876100,0.549866,-0.051890,0.876100,0.549866,0.065602,-0.025788,0.146129,0.162242,0.068030,-0.033891,0.152487,0.170379,1.433862,0.551581,-0.032789,0.000108,-0.987311,-1.306389,0.052354,0.138748,0.323316,0.000000,0.185868,0.051482,0.118720,-0.223440,0.390349,-0.038304,-0.061280,-0.039968,3.0000,2.0000,2.0000,0.0000,4.0000,41.2430,32.6056,54.4321,1.8365,16.3660,,,
1786588951449342792,2026-08-13T09:42:31.449358,ground_truth,-0.080475,0.630000,0.276033,True,,,,,,,,,-0.051890,0.876100,0.549866,-0.049300,0.875216,0.555970,-0.049300,0.875216,0.555970,0.076979,-0.026258,0.181416,0.198814,0.068030,-0.033891,0.152487,0.170379,1.433862,0.551581,-0.032789,0.000108,-0.987311,-1.306389,0.052354,0.138748,0.323316,0.000000,0.185868,0.051482,0.118720,-0.223440,0.390349,-0.038304,-0.061280,-0.039968,3.0000,2.0000,2.0000,0.0000,4.0000,43.5911,33.5426,54.6418,2.9211,15.7624,,,
1786588951482479421,2026-08-13T09:42:31.482494,ground_truth,-0.083238,0.630000,0.292646,True,,,,,,,,,-0.046512,0.874346,0.563211,-0.046512,0.874346,0.563211,-0.046512,0.874346,0.563211,0.086187,-0.026893,0.223801,0.241326,0.079368,-0.025877,0.196920,0.213884,1.434496,0.553274,-0.028856,0.000108,-0.989564,-1.307036,0.053667,0.142243,0.328989,0.000000,0.188929,0.053659,0.114940,-0.242060,0.397155,-0.038304,-0.063168,-0.039904,4.0000,2.0000,2.0000,0.0000,4.0000,45.8808,35.0636,55.0264,2.8135,16.6360,,,
1786588951518808636,2026-08-13T09:42:31.518827,ground_truth,-0.087483,0.652000,0.311821,True,,,,,,,,,-0.046512,0.874346,0.563211,-0.043722,0.873479,0.571375,-0.043722,0.873479,0.571375,0.084441,-0.026253,0.247133,0.262477,0.079368,-0.025877,0.196920,0.213884,1.440853,0.570503,0.012402,0.000108,-1.013871,-1.313816,0.031414,0.083336,0.208124,0.000000,0.123908,0.032284,0.095060,-0.313040,0.311084,-0.031008,-0.052000,-0.034848,4.0000,2.0000,1.0000,0.0000,4.0000,48.6089,36.7107,56.5475,1.9961,14.9415,,,
1786588951554965051,2026-08-13T09:42:31.554987,ground_truth,-0.090750,0.643000,0.335017,True,,,,,,,,,-0.040631,0.872612,0.580666,-0.040631,0.872612,0.580666,-0.040631,0.872612,0.580666,0.084041,-0.023568,0.252609,0.267263,0.089001,-0.026245,0.264179,0.280001,1.440853,0.570503,0.012402,0.000108,-1.013871,-1.313816,0.031414,0.083336,0.208124,0.000000,0.123908,0.032284,0.095060,-0.313040,0.311084,-0.031008,-0.052000,-0.034848,4.0000,2.0000,1.0000,0.0000,4.0000,50.8516,38.6649,56.3242,2.0153,12.7765,,,
1786588951591508452,2026-08-13T09:42:31.591522,ground_truth,-0.093492,0.643000,0.356997,True,,,,,,,,,-0.040631,0.872612,0.580666,-0.037348,0.872439,0.591275,-0.037348,0.872439,0.591275,0.091348,-0.004824,0.295244,0.309090,0.089001,-0.026245,0.264179,0.280001,1.440853,0.570503,0.012402,0.000108,-1.013871,-1.313816,0.031414,0.083336,0.208124,0.000000,0.123908,0.032284,0.095060,-0.313040,0.311084,-0.031008,-0.052000,-0.034848,4.0000,2.0000,1.0000,0.0000,4.0000,53.1256,42.5744,56.5143,0.2767,12.4668,,,
1786588951629403201,2026-08-13T09:42:31.629426,ground_truth,-0.098976,0.643000,0.378976,True,,,,,,,,,-0.034047,0.872137,0.603199,-0.034047,0.872137,0.603199,-0.034047,0.872137,0.603199,0.090785,-0.008287,0.327906,0.340343,0.099436,-0.007170,0.340323,0.354624,1.440853,0.570503,0.012402,0.000108,-1.013871,-1.313816,0.031414,0.083336,0.208124,0.000000,0.123908,0.032284,0.095060,-0.313040,0.311084,-0.031008,-0.052000,-0.034848,4.0000,2.0000,1.0000,0.0000,4.0000,56.1215,51.8700,57.0325,-18.1864,13.5473,,,
1786588951679636568,2026-08-13T09:42:31.679654,ground_truth,-0.099560,0.634000,0.427508,True,,,,,,,,,-0.030410,0.872291,0.616537,-0.030410,0.872291,0.616537,-0.030410,0.872291,0.616537,0.095692,0.004027,0.350932,0.363767,0.054588,0.002297,0.200190,0.207512,1.443159,0.576840,0.028142,0.000119,-1.022785,-1.316048,0.003051,0.010029,0.024432,0.000000,0.010467,0.002609,0.088620,-0.340060,0.261699,-0.033952,-0.039968,-0.032896,4.0000,2.0000,1.0000,0.0000,4.0000,66.6020,60.0173,52.4083,-5.4723,12.1084,,,
1786588951713863858,2026-08-13T09:42:31.713884,ground_truth,-0.098976,0.643000,0.444913,True,,,,,,,,,-0.030410,0.872291,0.616537,-0.026918,0.872801,0.632742,-0.026918,0.872801,0.632742,0.069812,0.010208,0.323963,0.331557,0.054588,0.002297,0.200190,0.207512,1.443159,0.576840,0.028142,0.000119,-1.022785,-1.316048,0.003051,0.010029,0.024432,0.000000,0.010467,0.002609,0.088620,-0.340060,0.261699,-0.033952,-0.039968,-0.032896,4.0000,2.0000,1.0000,0.0000,4.0000,71.5621,63.4723,54.6174,5.7463,11.6530,,,
1786588951751086453,2026-08-13T09:42:31.751106,ground_truth,-0.099236,0.639000,0.470557,True,,,,,,,,,-0.023454,0.873383,0.649943,-0.023454,0.873383,0.649943,-0.023454,0.873383,0.649943,0.100698,0.016920,0.499980,0.510301,0.104746,0.016453,0.503007,0.514061,1.443159,0.576840,0.028142,0.000119,-1.022785,-1.316048,0.003051,0.010029,0.024432,0.000000,0.010467,0.002609,0.088620,-0.340060,0.261699,-0.033952,-0.039968,-0.032896,4.0000,2.0000,1.0000,0.0000,4.0000,76.8885,65.5730,49.5229,13.9049,10.4404,,,
1786588951785890946,2026-08-13T09:42:31.785911,ground_truth,-0.098976,0.643000,0.497114,True,,,,,,,,,-0.023454,0.873383,0.649943,-0.020176,0.873766,0.668265,-0.020176,0.873766,0.668265,0.088201,0.010310,0.493075,0.501007,0.104746,0.016453,0.503007,0.514061,1.443159,0.576840,0.028142,0.000119,-1.022785,-1.316048,0.003051,0.010029,0.024432,0.000000,0.010467,0.002609,0.088620,-0.340060,0.261699,-0.033952,-0.039968,-0.032896,4.0000,2.0000,1.0000,0.0000,4.0000,84.1609,72.3934,42.9178,19.4349,14.8859,,,
1786588951821658637,2026-08-13T09:42:31.821680,ground_truth,-0.101052,0.611000,0.521786,True,,,,,,,,,-0.017251,0.874056,0.688046,-0.017251,0.874056,0.688046,-0.017251,0.874056,0.688046,0.083520,0.008279,0.564848,0.571049,0.092845,0.010075,0.570380,0.577975,1.443271,0.577102,0.028692,0.000108,-1.023012,-1.316112,0.000000,0.000000,0.000000,0.000000,0.000000,0.000000,0.087640,-0.333760,0.257964,-0.043264,-0.042976,-0.026880,4.0000,2.0000,1.0000,0.0000,4.0000,85.4380,72.3456,43.1242,24.6571,14.3794,,,
1786588951853169177,2026-08-13T09:42:31.853187,ground_truth,-0.102583,0.630000,0.533537,True,,,,,,,,,-0.017251,0.874056,0.688046,-0.014245,0.874594,0.708816,-0.014245,0.874594,0.708816,0.084556,0.015129,0.584080,0.590363,0.092845,0.010075,0.570380,0.577975,1.443271,0.577102,0.028692,0.000108,-1.023012,-1.316112,0.000000,0.000000,0.000000,0.000000,0.000000,0.000000,0.087640,-0.333760,0.257964,-0.043264,-0.042976,-0.026880,4.0000,3.0000,1.0000,0.0000,4.0000,87.7072,72.9571,42.1605,30.9904,13.4823,,,
1786588951889853510,2026-08-13T09:42:31.889873,ground_truth,-0.099560,0.634000,0.560097,True,,,,,,,,,-0.011654,0.874489,0.729696,-0.011654,0.874489,0.729696,-0.011654,0.874489,0.729696,0.082744,-0.003377,0.666832,0.671955,0.083797,0.006471,0.623494,0.629134,1.443271,0.577102,0.028692,0.000108,-1.023012,-1.316112,0.000000,0.000000,0.000000,0.000000,0.000000,0.000000,0.087640,-0.333760,0.257964,-0.043264,-0.042976,-0.026880,5.0000,3.0000,1.0000,0.0000,6.0000,90.7775,73.2946,42.5023,40.9606,13.2658,,,
1786588951924891054,2026-08-13T09:42:31.924913,ground_truth,-0.097056,0.630000,0.583377,True,,,,,,,,,-0.011654,0.874489,0.729696,-0.009644,0.874467,0.751772,-0.009644,0.874467,0.751772,0.054615,-0.000575,0.600044,0.602525,0.083797,0.006471,0.623494,0.629134,1.443271,0.577102,0.028692,0.000108,-1.023012,-1.316112,0.000000,0.000000,0.000000,0.000000,0.000000,0.000000,0.087640,-0.333760,0.257964,-0.043264,-0.042976,-0.026880,5.0000,3.0000,1.0000,0.0000,6.0000,94.2004,73.1968,41.3972,52.6882,14.0985,,,
1786588951960836499,2026-08-13T09:42:31.960855,ground_truth,-0.095154,0.616000,0.604266,True,,,,,,,,,-0.008171,0.874463,0.774661,-0.008171,0.874463,0.774661,-0.008171,0.874463,0.774661,0.041847,-0.000120,0.649882,0.651228,0.052460,-0.000382,0.677209,0.679238,1.443271,0.577102,0.028692,0.000108,-1.023012,-1.316112,0.000000,0.000000,0.000000,0.000000,0.000000,0.000000,0.087640,-0.333760,0.257964,-0.043264,-0.042976,-0.026880,5.0000,3.0000,1.0000,0.0000,6.0000,96.4257,71.8989,40.1091,56.7724,14.3673,,,
1786588952001402520,2026-08-13T09:42:32.001428,ground_truth,-0.087870,0.597000,0.638303,True,,,,,,,,,-0.008171,0.874463,0.774661,-0.006994,0.874462,0.797862,-0.006994,0.874462,0.797862,0.032986,-0.000024,0.650404,0.651240,0.052460,-0.000382,0.677209,0.679238,1.443271,0.577102,0.028692,0.000108,-1.023012,-1.316112,0.000000,0.000000,0.000000,0.000000,0.000000,0.000000,0.087640,-0.333760,0.257964,-0.043264,-0.042976,-0.026880,5.0000,3.0000,1.0000,0.0000,6.0000,100.1633,71.8592,40.4721,63.0198,14.0429,,,
1786588952038432251,2026-08-13T09:42:32.038454,ground_truth,-0.082235,0.597000,0.652420,True,,,,,,,,,-0.006501,0.873715,0.822014,-0.006501,0.873715,0.822014,-0.006501,0.873715,0.822014,0.011998,-0.018174,0.587708,0.588111,0.025053,-0.011218,0.710499,0.711029,1.443271,0.577102,0.028692,0.000108,-1.023012,-1.316112,0.000000,0.000000,0.000000,0.000000,0.000000,0.000000,0.087640,-0.333760,0.257964,-0.043264,-0.042976,-0.026880,5.0000,3.0000,1.0000,0.0000,6.0000,103.3769,70.7606,39.8508,71.8268,14.1955,,,
1786588952071384823,2026-08-13T09:42:32.071405,ground_truth,-0.077099,0.587000,0.661402,True,,,,,,,,,-0.006501,0.873715,0.822014,-0.006568,0.871806,0.845999,-0.006568,0.871806,0.845999,-0.001816,-0.051828,0.651046,0.653109,0.025053,-0.011218,0.710499,0.711029,1.443512,0.577762,0.030313,0.000108,-1.023680,-1.316145,0.008285,0.023122,0.061518,0.000000,0.032284,0.002609,0.114940,-0.254800,0.337063,-0.060064,-0.046528,-0.037632,5.0000,3.0000,1.0000,0.0000,6.0000,104.9417,70.1742,37.2017,72.8303,14.5755,,,
1786588952105917364,2026-08-13T09:42:32.105947,ground_truth,-0.071430,0.587000,0.669922,True,,,,,,,,,-0.007260,0.869664,0.869304,-0.007260,0.869664,0.869304,-0.007260,0.869664,0.869304,-0.021153,-0.065444,0.712088,0.715402,-0.011422,-0.060948,0.711450,0.714148,1.447145,0.589222,0.060098,0.000097,-1.043449,-1.319583,0.037960,0.117808,0.277069,0.000000,0.204635,0.029665,0.132860,-0.235480,0.358726,-0.057664,-0.068736,-0.036864,5.0000,3.0000,2.0000,0.0000,6.0000,108.7351,68.6044,33.3124,82.2986,16.3414,,,
1786588952137874588,2026-08-13T09:42:32.137896,ground_truth,-0.065935,0.583000,0.679815,True,,,,,,,,,-0.007260,0.869664,0.869304,-0.008548,0.866249,0.891631,-0.008548,0.866249,0.891631,-0.037463,-0.099331,0.649410,0.658030,-0.011422,-0.060948,0.711450,0.714148,1.448563,0.593684,0.069972,0.000097,-1.051652,-1.320791,0.041012,0.127406,0.269210,0.000000,0.247827,0.034903,0.111580,-0.244160,0.339968,-0.054496,-0.078368,-0.037920,5.0000,3.0000,2.0000,0.0000,6.0000,110.3859,68.8408,32.1676,88.3611,17.2092,,,
1786588952174012397,2026-08-13T09:42:32.174036,ground_truth,-0.066369,0.573000,0.686113,True,,,,,,,,,-0.010385,0.862580,0.913152,-0.010385,0.862580,0.913152,-0.010385,0.862580,0.913152,-0.057487,-0.114830,0.673435,0.685569,-0.047022,-0.106600,0.659759,0.669968,1.448563,0.593684,0.069972,0.000097,-1.051652,-1.320791,0.041012,0.127406,0.269210,0.000000,0.247827,0.034903,0.111580,-0.244160,0.339968,-0.054496,-0.078368,-0.037920,5.0000,3.0000,2.0000,0.0000,6.0000,111.3777,69.3185,32.3190,86.5218,16.9248,,,
1786588952209725283,2026-08-13T09:42:32.209745,ground_truth,-0.063721,0.568000,0.690710,True,,,,,,,,,-0.010385,0.862580,0.913152,-0.012559,0.858646,0.933628,-0.012559,0.858646,0.933628,-0.059669,-0.107982,0.562038,0.575420,-0.047022,-0.106600,0.659759,0.669968,1.448563,0.593684,0.069972,0.000097,-1.051652,-1.320791,0.041012,0.127406,0.269210,0.000000,0.247827,0.034903,0.111580,-0.244160,0.339968,-0.054496,-0.078368,-0.037920,5.0000,3.0000,2.0000,0.0000,6.0000,111.8626,70.8034,31.6936,82.9791,18.5779,,,
1786588952245355526,2026-08-13T09:42:32.245377,ground_truth,-0.060453,0.578000,0.687242,True,,,,,,,,,-0.012559,0.858646,0.933628,-0.014948,0.854125,0.951175,-0.014948,0.854125,0.951175,-0.067165,-0.127064,0.493252,0.513764,-0.032216,-0.058301,0.303450,0.310675,1.448563,0.593684,0.069972,0.000097,-1.051652,-1.320791,0.041012,0.127406,0.269210,0.000000,0.247827,0.034903,0.111580,-0.244160,0.339968,-0.054496,-0.078368,-0.037920,5.0000,3.0000,2.0000,0.0000,6.0000,111.3899,69.2754,31.4210,88.1406,17.0201,,,
1786588952282104800,2026-08-13T09:42:32.282124,ground_truth,-0.061055,0.563000,0.698202,True,,,,,,,,,-0.017516,0.849488,0.967330,-0.017516,0.849488,0.967330,-0.017516,0.849488,0.967330,-0.072132,-0.130248,0.453749,0.477552,-0.073914,-0.136535,0.502485,0.525924,1.453293,0.610521,0.096285,0.000097,-1.091094,-1.325814,0.013087,0.075045,0.078098,0.000000,0.204635,0.013517,0.057260,-0.372260,0.279046,-0.058624,-0.060384,-0.028832,5.0000,3.0000,2.0000,0.0000,6.0000,113.5827,68.8799,28.8647,86.6639,18.8326,,,
1786588952319268451,2026-08-13T09:42:32.319285,ground_truth,-0.060855,0.568000,0.693581,True,,,,,,,,,-0.017516,0.849488,0.967330,-0.020062,0.844774,0.982507,-0.020062,0.844774,0.982507,-0.069582,-0.128869,0.414870,0.439962,-0.073914,-0.136535,0.502485,0.525924,1.453443,0.612690,0.098567,0.000097,-1.098564,-1.325965,0.001744,0.037523,0.044499,0.000000,0.169731,0.003051,-0.051660,-0.421260,0.308511,-0.066400,-0.062176,-0.014880,5.0000,3.0000,2.0000,0.0000,6.0000,112.6760,68.3381,30.9084,87.7065,16.4137,,,
1786588952362839258,2026-08-13T09:42:32.362863,ground_truth,-0.057604,0.578000,0.690097,True,,,,,,,,,-0.017516,0.849488,0.967330,-0.022603,0.839831,0.995604,-0.022603,0.839831,0.995604,-0.067556,-0.131389,0.348163,0.378212,-0.073914,-0.136535,0.502485,0.525924,1.453443,0.612690,0.098567,0.000097,-1.098564,-1.325965,0.001744,0.037523,0.044499,0.000000,0.169731,0.003051,-0.051660,-0.421260,0.308511,-0.066400,-0.062176,-0.014880,5.0000,3.0000,2.0000,0.0000,6.0000,112.5756,68.1171,30.6963,88.9748,16.4608,,,
1786588952396286440,2026-08-13T09:42:32.396303,ground_truth,-0.057797,0.573000,0.688976,True,,,,,,,,,-0.017516,0.849488,0.967330,-0.025500,0.835056,1.006825,-0.025500,0.835056,1.006825,-0.066094,-0.108963,0.256040,0.286003,-0.073914,-0.136535,0.502485,0.525924,1.453443,0.612690,0.098567,0.000097,-1.098564,-1.325965,0.001744,0.037523,0.044499,0.000000,0.169731,0.003051,-0.051660,-0.421260,0.308511,-0.066400,-0.062176,-0.014880,5.0000,3.0000,2.0000,0.0000,6.0000,112.2042,67.1347,30.5613,89.0832,15.3900,,,
1786588952433717912,2026-08-13T09:42:32.433734,ground_truth,-0.057797,0.573000,0.688976,True,,,,,,,,,-0.028486,0.831061,1.017188,-0.028486,0.831061,1.017188,-0.028486,0.831061,1.017188,-0.089897,-0.120284,0.312000,0.346257,-0.082760,-0.139030,0.376166,0.409487,1.453443,0.612690,0.098567,0.000097,-1.098564,-1.325965,0.001744,0.037523,0.044499,0.000000,0.169731,0.003051,-0.051660,-0.421260,0.308511,-0.066400,-0.062176,-0.014880,5.0000,3.0000,1.0000,0.0000,6.0000,112.4065,65.0640,30.5163,88.3203,14.1964,,,
1786588952466430638,2026-08-13T09:42:32.466447,ground_truth,-0.057604,0.578000,0.687242,True,,,,,,,,,-0.028486,0.831061,1.017188,-0.031270,0.827222,1.025780,-0.031270,0.827222,1.025780,-0.075001,-0.103414,0.231446,0.264361,-0.082760,-0.139030,0.376166,0.409487,1.453443,0.612690,0.098567,0.000097,-1.098564,-1.325965,0.001744,0.037523,0.044499,0.000000,0.169731,0.003051,-0.051660,-0.421260,0.308511,-0.066400,-0.062176,-0.014880,5.0000,3.0000,1.0000,0.0000,6.0000,112.0177,65.7243,30.5839,85.2209,13.3627,,,
1786588952500217628,2026-08-13T09:42:32.500235,ground_truth,-0.057412,0.583000,0.685509,True,,,,,,,,,-0.033900,0.823414,1.032704,-0.033900,0.823414,1.032704,-0.033900,0.823414,1.032704,-0.080231,-0.116156,0.211225,0.254058,-0.081289,-0.114806,0.232954,0.272132,1.453443,0.612690,0.098567,0.000097,-1.098564,-1.325965,0.001744,0.037523,0.044499,0.000000,0.169731,0.003051,-0.051660,-0.421260,0.308511,-0.066400,-0.062176,-0.014880,5.0000,3.0000,1.0000,0.0000,6.0000,111.8654,66.0913,30.8914,85.0749,13.5022,,,
1786588952539518603,2026-08-13T09:42:32.539536,ground_truth,-0.054755,0.578000,0.687242,True,,,,,,,,,-0.033900,0.823414,1.032704,-0.036416,0.819879,1.038120,-0.036416,0.819879,1.038120,-0.073767,-0.103632,0.158785,0.203455,-0.081289,-0.114806,0.232954,0.272132,1.453443,0.612690,0.098567,0.000097,-1.098564,-1.325965,0.001744,0.037523,0.044499,0.000000,0.169731,0.003051,-0.051660,-0.421260,0.308511,-0.066400,-0.062176,-0.014880,5.0000,3.0000,1.0000,0.0000,6.0000,111.5030,65.1800,31.5519,82.8890,12.7385,,,
1786588952577611481,2026-08-13T09:42:32.577631,ground_truth,-0.057412,0.583000,0.685509,True,,,,,,,,,-0.038624,0.817146,1.041383,-0.038624,0.817146,1.041383,-0.038624,0.817146,1.041383,-0.056460,-0.069910,0.083437,0.122625,-0.070940,-0.094137,0.130331,0.175728,1.435496,0.588660,0.103995,0.000086,-1.111025,-1.307575,0.119114,0.197655,0.024432,0.000000,0.010898,0.115619,-0.144060,-0.711340,0.090636,-0.068064,-0.047264,0.047424,5.0000,3.0000,1.0000,0.0000,6.0000,111.4892,67.6893,30.4946,82.0426,14.6349,,,
1786588952613896673,2026-08-13T09:42:32.613917,ground_truth,-0.057412,0.583000,0.685509,True,,,,,,,,,-0.040279,0.815852,1.043589,-0.040279,0.815852,1.043589,-0.040279,0.815852,1.043589,-0.043382,-0.033906,0.057827,0.079847,-0.024558,-0.019194,0.032735,0.045200,1.435496,0.588660,0.103995,0.000086,-1.111025,-1.307575,0.119114,0.197655,0.024432,0.000000,0.010898,0.115619,-0.144060,-0.711340,0.090636,-0.068064,-0.047264,0.047424,5.0000,3.0000,1.0000,0.0000,6.0000,111.2104,67.8320,30.7558,82.0177,14.8574,,,
1786588952648275675,2026-08-13T09:42:32.648297,ground_truth,-0.057604,0.578000,0.684387,True,,,,,,,,,-0.040279,0.815852,1.043589,-0.041591,0.814847,1.045196,-0.041591,0.814847,1.045196,-0.036185,-0.027717,0.044307,0.063566,-0.024558,-0.019194,0.032735,0.045200,1.435496,0.588660,0.103995,0.000086,-1.111025,-1.307575,0.119114,0.197655,0.024432,0.000000,0.010898,0.115619,-0.144060,-0.711340,0.090636,-0.068064,-0.047264,0.047424,5.0000,3.0000,1.0000,0.0000,6.0000,109.3350,66.8921,32.9241,76.3924,13.3481,,,
1786588952680553752,2026-08-13T09:42:32.680575,ground_truth,-0.057412,0.583000,0.682662,True,,,,,,,,,-0.042513,0.814432,1.046160,-0.042513,0.814432,1.046160,-0.042513,0.814432,1.046160,-0.026870,-0.012081,0.028113,0.040722,-0.033766,-0.021457,0.038863,0.055775,1.435496,0.588660,0.103995,0.000086,-1.111025,-1.307575,0.119114,0.197655,0.024432,0.000000,0.010898,0.115619,-0.144060,-0.711340,0.090636,-0.068064,-0.047264,0.047424,5.0000,3.0000,1.0000,0.0000,6.0000,109.0122,66.9172,32.9660,75.4926,13.3409,,,
1786588952718637491,2026-08-13T09:42:32.718660,ground_truth,-0.057412,0.583000,0.682662,True,,,,,,,,,-0.042513,0.814432,1.046160,-0.043081,0.814136,1.046350,-0.043081,0.814136,1.046350,-0.017616,-0.009183,0.005883,0.020719,-0.033766,-0.021457,0.038863,0.055775,1.419449,0.562963,0.108300,0.000086,-1.118301,-1.292021,0.076790,0.114319,0.113445,0.000000,0.091624,0.072857,-0.094220,-0.631680,0.361050,-0.071136,-0.051488,0.041088,5.0000,3.0000,1.0000,0.0000,6.0000,108.4379,67.1217,33.1339,73.8337,13.6268,,,
1786588952753212041,2026-08-13T09:42:32.753231,ground_truth,-0.057258,0.587000,0.681282,True,,,,,,,,,-0.042513,0.814432,1.046160,-0.043678,0.814077,1.046120,-0.043678,0.814077,1.046120,-0.015664,-0.001554,-0.006035,0.016858,-0.033766,-0.021457,0.038863,0.055775,1.418253,0.561212,0.110330,0.000086,-1.119810,-1.290867,0.073301,0.106459,0.135698,0.000000,0.096863,0.070249,-0.097580,-0.612780,0.377069,-0.071296,-0.052224,0.039968,5.0000,3.0000,1.0000,0.0000,6.0000,108.1501,67.2399,33.1482,73.0308,14.0111,,,
1786588952791250408,2026-08-13T09:42:32.791270,ground_truth,-0.057412,0.583000,0.682662,True,,,,,,,,,-0.042513,0.814432,1.046160,-0.044109,0.814598,1.045491,-0.044109,0.814598,1.045491,-0.012511,0.015143,-0.018251,0.026814,-0.033766,-0.021457,0.038863,0.055775,1.418253,0.561212,0.110330,0.000086,-1.119810,-1.290867,0.073301,0.106459,0.135698,0.000000,0.096863,0.070249,-0.097580,-0.612780,0.377069,-0.071296,-0.052224,0.039968,5.0000,3.0000,1.0000,0.0000,6.0000,108.2808,67.2795,33.0516,73.7587,14.0155,,,
1786588952829112934,2026-08-13T09:42:32.829137,ground_truth,-0.057258,0.587000,0.678442,True,,,,,,,,,-0.044312,0.815236,1.045186,-0.044312,0.815236,1.045186,-0.044312,0.815236,1.045186,-0.005337,0.016780,-0.008036,0.019355,-0.013404,0.005988,-0.007258,0.016377,1.418253,0.561212,0.110330,0.000086,-1.119810,-1.290867,0.073301,0.106459,0.135698,0.000000,0.096863,0.070249,-0.097580,-0.612780,0.377069,-0.071296,-0.052224,0.039968,5.0000,3.0000,1.0000,0.0000,6.0000,107.8396,68.1634,33.2288,73.5301,14.1480,,,
1786588952870145935,2026-08-13T09:42:32.870168,ground_truth,-0.057412,0.583000,0.679815,True,,,,,,,,,-0.044312,0.815236,1.045186,-0.044565,0.816377,1.043868,-0.044565,0.816377,1.043868,-0.006655,0.029989,-0.034629,0.046290,-0.013404,0.005988,-0.007258,0.016377,1.418253,0.561212,0.110330,0.000086,-1.119810,-1.290867,0.073301,0.106459,0.135698,0.000000,0.096863,0.070249,-0.097580,-0.612780,0.377069,-0.071296,-0.052224,0.039968,5.0000,3.0000,1.0000,0.0000,6.0000,107.6807,67.8798,33.8389,73.8131,13.8571,,,
1786588952905993460,2026-08-13T09:42:32.906015,ground_truth,-0.057412,0.583000,0.679815,True,,,,,,,,,-0.044312,0.815236,1.045186,-0.044795,0.817405,1.042951,-0.044795,0.817405,1.042951,-0.005611,0.025132,-0.022432,0.034151,-0.013404,0.005988,-0.007258,0.016377,1.418253,0.561212,0.110330,0.000086,-1.119810,-1.290867,0.073301,0.106459,0.135698,0.000000,0.096863,0.070249,-0.097580,-0.612780,0.377069,-0.071296,-0.052224,0.039968,5.0000,3.0000,1.0000,0.0000,6.0000,107.2742,68.0257,33.9334,73.1424,14.0051,,,
1786588952942204391,2026-08-13T09:42:32.942227,ground_truth,-0.057412,0.583000,0.679815,True,,,,,,,,,-0.044312,0.815236,1.045186,-0.044807,0.818411,1.042265,-0.044807,0.818411,1.042265,-0.000358,0.028027,-0.019103,0.033920,-0.013404,0.005988,-0.007258,0.016377,1.418253,0.561212,0.110330,0.000086,-1.119810,-1.290867,0.073301,0.106459,0.135698,0.000000,0.096863,0.070249,-0.097580,-0.612780,0.377069,-0.071296,-0.052224,0.039968,5.0000,3.0000,1.0000,0.0000,6.0000,106.2362,66.7854,34.0392,67.8625,13.0291,,,
1786588952979745036,2026-08-13T09:42:32.979767,ground_truth,-0.057412,0.583000,0.676969,True,,,,,,,,,-0.044807,0.818411,1.042265,-0.044833,0.819145,1.041655,-0.044833,0.819145,1.041655,-0.000710,0.020320,-0.016896,0.026436,-0.003707,0.023750,-0.021848,0.032483,1.403585,0.547465,0.157141,0.000086,-1.160233,-1.276337,0.060207,0.009598,0.135698,0.000000,0.245208,0.064568,-0.120820,-0.544880,0.307100,-0.043520,-0.077696,0.037632,5.0000,3.0000,1.0000,0.0000,6.0000,106.2362,66.7854,34.0392,67.8625,13.0291,,,
1786588953018278899,2026-08-13T09:42:33.018301,ground_truth,-0.057412,0.583000,0.676969,True,,,,,,,,,-0.044859,0.819825,1.040854,-0.044859,0.819825,1.040854,-0.044859,0.819825,1.040854,-0.000675,0.017903,-0.021068,0.027655,-0.000786,0.021675,-0.021621,0.030624,1.401390,0.547361,0.161268,0.000086,-1.169201,-1.274116,0.060207,0.000000,0.096865,0.000000,0.245208,0.059340,-0.109620,-0.406280,0.281702,-0.037344,-0.074752,0.038912,5.0000,3.0000,1.0000,0.0000,6.0000,104.1737,65.8270,34.3927,60.1443,12.3613,,,
1786588953060024067,2026-08-13T09:42:33.060047,ground_truth,-0.057258,0.587000,0.672762,True,,,,,,,,,-0.044859,0.819825,1.040854,-0.044872,0.820495,1.040169,-0.044872,0.820495,1.040169,-0.000333,0.017395,-0.017798,0.024889,-0.000786,0.021675,-0.021621,0.030624,1.400201,0.547504,0.162926,0.000097,-1.174062,-1.272963,0.058463,0.011342,0.074173,0.000000,0.239980,0.054101,-0.117740,-0.316120,0.283860,-0.035072,-0.069920,0.040192,5.0000,3.0000,1.0000,0.0000,6.0000,103.7993,66.2828,34.4236,60.2379,12.7417,,,
1786588953096593856,2026-08-13T09:42:33.096617,ground_truth,-0.060253,0.583000,0.671276,True,,,,,,,,,-0.044882,0.820895,1.039320,-0.044882,0.820895,1.039320,-0.044882,0.820895,1.039320,-0.000246,0.009590,-0.020346,0.022494,-0.000345,0.015976,-0.022915,0.027936,1.396901,0.549295,0.165677,0.000097,-1.187418,-1.269815,0.048865,0.044069,0.031413,0.000000,0.207685,0.048432,-0.105280,-0.252840,0.302120,-0.040576,-0.067072,0.036512,5.0000,3.0000,1.0000,0.0000,6.0000,102.6604,63.5668,34.3234,56.4360,12.0436,,,
1786588953139645995,2026-08-13T09:42:33.139670,ground_truth,-0.060253,0.583000,0.671276,True,,,,,,,,,-0.044882,0.820895,1.039320,-0.044515,0.821242,1.038255,-0.044515,0.821242,1.038255,0.010031,0.009490,-0.029130,0.032237,-0.000345,0.015976,-0.022915,0.027936,1.395457,0.550967,0.166881,0.000097,-1.193993,-1.268328,0.040574,0.058901,0.047994,0.000000,0.202015,0.043193,-0.089460,-0.259420,0.328431,-0.052160,-0.068960,0.036064,5.0000,3.0000,1.0000,0.0000,6.0000,102.6681,64.1259,34.2041,55.5553,12.4966,,,
1786588953174985558,2026-08-13T09:42:33.175007,ground_truth,-0.059891,0.592000,0.665398,True,,,,,,,,,-0.044326,0.821311,1.037306,-0.044326,0.821311,1.037306,-0.044326,0.821311,1.037306,0.004403,0.001612,-0.022059,0.022552,0.008074,0.006044,-0.029240,0.030930,1.394066,0.553724,0.169974,0.000097,-1.202779,-1.266840,0.029669,0.076790,0.105586,0.000000,0.234310,0.027045,-0.065940,-0.271740,0.378148,-0.060672,-0.069920,0.032064,5.0000,3.0000,1.0000,0.0000,6.0000,102.1476,63.4287,34.8331,54.7720,12.3773,,,
1786588953212481048,2026-08-13T09:42:33.212503,ground_truth,-0.059891,0.592000,0.662566,True,,,,,,,,,-0.044326,0.821311,1.037306,-0.044161,0.821325,1.035966,-0.044161,0.821325,1.035966,0.004671,0.000392,-0.037876,0.038165,0.008074,0.006044,-0.029240,0.030930,1.393171,0.557102,0.175982,0.000097,-1.213332,-1.266042,0.016138,0.091628,0.188056,0.000000,0.288412,0.013517,-0.065100,-0.244160,0.396989,-0.062240,-0.079808,0.030336,5.0000,3.0000,1.0000,0.0000,6.0000,102.0088,64.2251,35.3276,54.8513,12.6700,,,
1786588953251939024,2026-08-13T09:42:33.251959,ground_truth,-0.060092,0.587000,0.664242,True,,,,,,,,,-0.044326,0.821311,1.037306,-0.044008,0.821808,1.034511,-0.044008,0.821808,1.034511,0.004072,0.012890,-0.038842,0.041127,0.008074,0.006044,-0.029240,0.030930,1.392824,0.560990,0.185090,0.000097,-1.226051,-1.265805,0.003489,0.101225,0.258303,0.000000,0.336843,0.002609,-0.065380,-0.263060,0.413838,-0.060384,-0.081536,0.031744,5.0000,3.0000,1.0000,0.0000,6.0000,101.4410,64.4572,36.7448,54.1304,13.1388,,,
1786588953293191337,2026-08-13T09:42:33.293213,ground_truth,-0.059891,0.592000,0.662566,True,,,,,,,,,-0.043829,0.822385,1.033283,-0.043829,0.822385,1.033283,-0.043829,0.822385,1.033283,0.004531,0.014618,-0.031134,0.034692,0.003787,0.008185,-0.030684,0.031982,1.392811,0.563041,0.190569,0.000097,-1.232831,-1.265762,0.000000,0.102532,0.282742,0.000000,0.342513,0.002609,-0.037380,-0.300020,0.422802,-0.060224,-0.083424,0.031616,5.0000,3.0000,1.0000,0.0000,6.0000,100.9896,64.2504,37.3717,53.4922,12.6308,,,
1786588953329524931,2026-08-13T09:42:33.329549,ground_truth,-0.059891,0.592000,0.659735,True,,,,,,,,,-0.043829,0.822385,1.033283,-0.043664,0.822980,1.031943,-0.043664,0.822980,1.031943,0.004005,0.014420,-0.032451,0.035736,0.003787,0.008185,-0.030684,0.031982,1.392811,0.563041,0.190569,0.000097,-1.232831,-1.265762,0.000000,0.102532,0.282742,0.000000,0.342513,0.002609,-0.037380,-0.300020,0.422802,-0.060224,-0.083424,0.031616,5.0000,3.0000,1.0000,0.0000,6.0000,100.7556,64.2475,38.1777,54.4745,12.5467,,,
1786588953374814688,2026-08-13T09:42:33.374838,ground_truth,-0.060092,0.587000,0.655723,True,,,,,,,,,-0.043829,0.822385,1.033283,-0.043489,0.823579,1.030507,-0.043489,0.823579,1.030507,0.004869,0.016610,-0.039830,0.043428,0.003787,0.008185,-0.030684,0.031982,1.392811,0.563041,0.190569,0.000097,-1.232831,-1.265762,0.000000,0.102532,0.282742,0.000000,0.342513,0.002609,-0.037380,-0.300020,0.422802,-0.060224,-0.083424,0.031616,5.0000,3.0000,1.0000,0.0000,6.0000,100.7556,64.2475,38.1777,54.4745,12.5467,,,
1786588953413117937,2026-08-13T09:42:33.413138,ground_truth,-0.060092,0.587000,0.655723,True,,,,,,,,,-0.043310,0.824179,1.028711,-0.043310,0.824179,1.028711,-0.043310,0.824179,1.028711,0.003926,0.013179,-0.039460,0.041788,0.003898,0.013458,-0.034296,0.037048,1.392811,0.563041,0.190569,0.000097,-1.232831,-1.265762,0.000000,0.102532,0.282742,0.000000,0.342513,0.002609,-0.037380,-0.300020,0.422802,-0.060224,-0.083424,0.031616,5.0000,3.0000,1.0000,0.0000,6.0000,100.2816,64.0145,38.0671,54.2815,12.4069,,,
1786588953461904435,2026-08-13T09:42:33.461926,ground_truth,-0.060092,0.587000,0.655723,True,,,,,,,,,-0.043310,0.824179,1.028711,-0.043121,0.824299,1.027196,-0.043121,0.824299,1.027196,0.004971,0.003156,-0.039845,0.040277,0.003898,0.013458,-0.034296,0.037048,1.392824,0.565106,0.196465,0.000097,-1.239698,-1.265741,0.000000,0.102532,0.301063,0.000000,0.342082,0.000000,0.034020,-0.296240,0.409439,-0.059328,-0.091008,0.031904,5.0000,3.0000,1.0000,0.0000,6.0000,100.1678,64.0430,38.0355,53.7816,12.5388,,,
1786588953509436977,2026-08-13T09:42:33.509458,ground_truth,-0.060092,0.587000,0.652883,True,,,,,,,,,-0.042942,0.824536,1.025590,-0.042942,0.824536,1.025590,-0.042942,0.824536,1.025590,0.003633,0.004824,-0.032651,0.033205,0.005533,0.005377,-0.046970,0.047599,1.394099,0.576880,0.240206,0.000108,-1.291234,-1.266226,0.000000,0.006540,0.033161,0.000000,0.040573,0.002609,0.085120,-0.357000,0.271493,-0.034400,-0.045024,-0.028000,5.0000,3.0000,1.0000,0.0000,6.0000,100.0172,63.6031,37.8173,53.7513,12.4904,,,
1786588953554768773,2026-08-13T09:42:33.554794,ground_truth,-0.062927,0.587000,0.652883,True,,,,,,,,,-0.042942,0.824536,1.025590,-0.042763,0.824797,1.023794,-0.042763,0.824797,1.023794,0.003783,0.005521,-0.038010,0.038595,0.005533,0.005377,-0.046970,0.047599,1.394112,0.576880,0.240459,0.000108,-1.292344,-1.266398,0.000000,0.004796,0.013086,0.000000,0.010898,0.002609,0.047740,-0.554260,0.126409,-0.038304,-0.047360,-0.028384,5.0000,3.0000,1.0000,0.0000,6.0000,100.0275,63.2211,37.7863,53.8759,12.5131,,,
1786588953596371607,2026-08-13T09:42:33.596396,ground_truth,-0.062718,0.592000,0.651240,True,,,,,,,,,-0.042942,0.824536,1.025590,-0.042396,0.825062,1.021999,-0.042396,0.825062,1.021999,0.008128,0.005869,-0.039694,0.040941,0.005533,0.005377,-0.046970,0.047599,1.394112,0.576651,0.239849,0.000108,-1.292657,-1.266528,0.000000,0.008285,0.018759,0.000000,0.007847,0.005228,0.001120,-0.582400,0.121927,-0.040128,-0.046656,-0.027392,5.0000,3.0000,1.0000,0.0000,6.0000,99.9403,62.4287,37.1327,52.9431,12.5910,,,
1786588953631619998,2026-08-13T09:42:33.631642,ground_truth,-0.063094,0.583000,0.654197,True,,,,,,,,,-0.042042,0.825329,1.020284,-0.042042,0.825329,1.020284,-0.042042,0.825329,1.020284,0.008465,0.006375,-0.041046,0.042391,0.006724,0.005922,-0.039641,0.040641,1.394092,0.576390,0.239195,0.000108,-1.292883,-1.266625,0.001744,0.006540,0.013086,0.000000,0.002609,0.002609,-0.022540,-0.600040,0.116449,-0.040416,-0.048928,-0.027392,5.0000,3.0000,1.0000,0.0000,6.0000,99.9130,62.3787,37.3138,52.9201,12.2366,,,
1786588953674254997,2026-08-13T09:42:33.674277,ground_truth,-0.063094,0.583000,0.654197,True,,,,,,,,,-0.042042,0.825329,1.020284,-0.041663,0.825595,1.018765,-0.041663,0.825595,1.018765,0.010770,0.007580,-0.043161,0.045126,0.006724,0.005922,-0.039641,0.040641,1.394066,0.576207,0.238853,0.000108,-1.292980,-1.266668,0.001744,0.003051,0.005666,0.000000,0.002609,0.000000,-0.049280,-0.591080,0.115951,-0.040704,-0.049216,-0.026880,5.0000,3.0000,1.0000,0.0000,6.0000,100.1381,63.6220,37.2683,52.5353,13.0998,,,
1786588953713679051,2026-08-13T09:42:33.713700,ground_truth,-0.062718,0.592000,0.651240,True,,,,,,,,,-0.042042,0.825329,1.020284,-0.041274,0.825649,1.017528,-0.041274,0.825649,1.017528,0.009131,0.001251,-0.029047,0.030474,0.006724,0.005922,-0.039641,0.040641,1.394033,0.576115,0.238727,0.000108,-1.293002,-1.266678,0.000000,0.001744,0.001740,0.000000,0.000000,0.000000,-0.056420,-0.603540,0.116781,-0.040640,-0.049088,-0.024672,5.0000,3.0000,1.0000,0.0000,6.0000,100.1381,63.6220,37.2683,52.5353,13.0998,,,
1786588953754017518,2026-08-13T09:42:33.754039,ground_truth,-0.062927,0.587000,0.652883,True,,,,,,,,,-0.041110,0.825659,1.016192,-0.041110,0.825659,1.016192,-0.041110,0.825659,1.016192,0.004116,0.000267,-0.033456,0.033709,0.006974,0.002473,-0.030611,0.031493,1.394007,0.576096,0.238697,0.000108,-1.293012,-1.266689,0.001307,0.001744,0.000000,0.000000,0.000000,0.000000,-0.054460,-0.612220,0.116781,-0.040640,-0.048384,-0.024448,5.0000,3.0000,1.0000,0.0000,6.0000,100.0522,63.4577,37.1029,52.2214,13.2005,,,
1786588953789520267,2026-08-13T09:42:33.789540,ground_truth,-0.063094,0.583000,0.654197,True,,,,,,,,,-0.041110,0.825659,1.016192,-0.040932,0.825875,1.014966,-0.040932,0.825875,1.014966,0.004489,0.005426,-0.030882,0.031675,0.006974,0.002473,-0.030611,0.031493,1.394007,0.576096,0.238697,0.000108,-1.293012,-1.266689,0.001307,0.001744,0.000000,0.000000,0.000000,0.000000,-0.054460,-0.612220,0.116781,-0.040640,-0.048384,-0.024448,5.0000,3.0000,1.0000,0.0000,6.0000,100.0617,63.0784,37.0531,52.1024,12.7915,,,
1786588953830518948,2026-08-13T09:42:33.830538,ground_truth,-0.063094,0.583000,0.654197,True,,,,,,,,,-0.041110,0.825659,1.016192,-0.040718,0.826131,1.014219,-0.040718,0.826131,1.014219,0.006041,0.007256,-0.021130,0.023143,0.006974,0.002473,-0.030611,0.031493,1.394007,0.576096,0.238697,0.000108,-1.293012,-1.266689,0.001307,0.001744,0.000000,0.000000,0.000000,0.000000,-0.054460,-0.612220,0.116781,-0.040640,-0.048384,-0.024448,5.0000,3.0000,1.0000,0.0000,6.0000,100.0067,62.7413,37.2275,52.6656,12.6233,,,
1786588953864584971,2026-08-13T09:42:33.864606,ground_truth,-0.062718,0.592000,0.651240,True,,,,,,,,,-0.041110,0.825659,1.016192,-0.040505,0.825703,1.013661,-0.040505,0.825703,1.013661,0.005177,-0.010397,-0.013532,0.017833,0.006974,0.002473,-0.030611,0.031493,1.394007,0.576096,0.238697,0.000108,-1.293012,-1.266689,0.001307,0.001744,0.000000,0.000000,0.000000,0.000000,-0.054460,-0.612220,0.116781,-0.040640,-0.048384,-0.024448,5.0000,3.0000,1.0000,0.0000,6.0000,100.1040,63.4397,37.4904,52.7300,12.5932,,,
1786588953901329750,2026-08-13T09:42:33.901352,ground_truth,-0.062718,0.592000,0.654071,True,,,,,,,,,-0.040330,0.825137,1.012794,-0.040330,0.825137,1.012794,-0.040330,0.825137,1.012794,0.005152,-0.016652,-0.025514,0.030899,0.005881,-0.003938,-0.025608,0.026568,1.393994,0.576089,0.238682,0.000108,-1.293012,-1.266689,0.000000,0.001744,0.001740,0.000000,0.000000,0.000000,-0.052360,-0.614040,0.119852,-0.040640,-0.047936,-0.023104,5.0000,3.0000,1.0000,0.0000,6.0000,99.5621,63.9135,38.3906,51.3147,12.8262,,,
1786588953943728747,2026-08-13T09:42:33.943746,ground_truth,-0.062718,0.592000,0.654071,True,,,,,,,,,-0.040330,0.825137,1.012794,-0.040141,0.825024,1.012228,-0.040141,0.825024,1.012228,0.005077,-0.003049,-0.015262,0.016370,0.005881,-0.003938,-0.025608,0.026568,1.393929,0.576043,0.239054,0.000108,-1.293594,-1.266700,0.000000,0.000000,0.027919,0.000000,0.035335,0.002609,-0.057540,-0.548660,0.340964,-0.049600,-0.053280,-0.022048,5.0000,3.0000,1.0000,0.0000,6.0000,99.5606,63.8157,38.3486,51.4189,12.9573,,,
1786588953980129184,2026-08-13T09:42:33.980153,ground_truth,-0.063094,0.583000,0.657043,True,,,,,,,,,-0.040330,0.825137,1.012794,-0.039953,0.825001,1.011850,-0.039953,0.825001,1.011850,0.004431,-0.000532,-0.008879,0.009938,0.005881,-0.003938,-0.025608,0.026568,1.393929,0.576063,0.239953,0.000108,-1.294780,-1.266711,0.000000,0.001307,0.059771,0.000000,0.075477,0.002609,-0.051660,-0.409780,0.372421,-0.053216,-0.056768,-0.027232,5.0000,3.0000,1.0000,0.0000,6.0000,99.5094,63.7212,38.4062,51.2626,13.0250,,,
1786588954035133915,2026-08-13T09:42:34.035156,ground_truth,-0.062718,0.592000,0.654071,True,,,,,,,,,-0.039753,0.824997,1.011938,-0.039753,0.824997,1.011938,-0.039753,0.824997,1.011938,0.005540,-0.000125,0.002438,0.006054,0.004332,-0.001054,-0.006427,0.007822,1.393942,0.576847,0.246333,0.000108,-1.303220,-1.266916,0.000000,0.022685,0.167550,0.000000,0.221213,0.005670,0.041720,-0.270200,0.403380,-0.057600,-0.075520,-0.030400,5.0000,3.0000,1.0000,0.0000,6.0000,99.7033,63.4248,38.2704,51.3324,12.8897,,,
1786588954076262770,2026-08-13T09:42:34.076285,ground_truth,-0.060253,0.583000,0.657043,True,,,,,,,,,-0.039753,0.824997,1.011938,-0.039578,0.825262,1.011828,-0.039578,0.825262,1.011828,0.003188,0.004840,-0.002005,0.006133,0.004332,-0.001054,-0.006427,0.007822,1.394072,0.578324,0.255738,0.000108,-1.315412,-1.267217,0.004796,0.038829,0.249143,0.000000,0.320696,0.008289,0.088900,-0.301280,0.420561,-0.057888,-0.083712,-0.029280,5.0000,3.0000,1.0000,0.0000,6.0000,99.7542,63.4742,38.5434,50.7963,12.8449,,,
1786588954110416710,2026-08-13T09:42:34.110440,ground_truth,-0.060092,0.587000,0.655723,True,,,,,,,,,-0.039578,0.825262,1.011828,-0.039567,0.825102,1.011916,-0.039567,0.825102,1.011916,0.000259,-0.003875,0.002130,0.004429,0.002613,0.003967,-0.001643,0.005026,1.394327,0.580009,0.267099,0.000108,-1.329899,-1.267465,0.008285,0.044069,0.310661,0.000000,0.396183,0.005670,0.101360,-0.330400,0.434007,-0.061056,-0.090560,-0.030336,5.0000,3.0000,1.0000,0.0000,6.0000,99.8178,63.3041,38.6673,50.2569,12.9713,,,
1786588954146108968,2026-08-13T09:42:34.146145,ground_truth,-0.060092,0.587000,0.658562,True,,,,,,,,,-0.039578,0.825262,1.011828,-0.039567,0.825070,1.012106,-0.039567,0.825070,1.012106,0.000000,-0.000937,0.005536,0.005615,0.002613,0.003967,-0.001643,0.005026,1.394491,0.580885,0.273679,0.000108,-1.338296,-1.267584,0.008285,0.042318,0.340335,0.000000,0.434148,0.008289,0.088620,-0.320740,0.426122,-0.061664,-0.094016,-0.029728,5.0000,3.0000,1.0000,0.0000,6.0000,99.8762,63.4084,38.6754,50.1670,12.9405,,,
1786588954188167345,2026-08-13T09:42:34.188187,ground_truth,-0.060092,0.587000,0.658562,True,,,,,,,,,-0.039578,0.825262,1.011828,-0.039756,0.825064,1.012484,-0.039756,0.825064,1.012484,-0.005265,-0.000179,0.010550,0.011792,0.002613,0.003967,-0.001643,0.005026,1.394673,0.581747,0.280839,0.000108,-1.347469,-1.267702,0.010029,0.042318,0.367822,0.000000,0.474290,0.008289,0.083020,-0.290360,0.447785,-0.061952,-0.093344,-0.032672,5.0000,3.0000,1.0000,0.0000,6.0000,100.5925,65.7860,38.9962,50.6798,13.8032,,,
1786588954230529316,2026-08-13T09:42:34.230551,ground_truth,-0.059490,0.602000,0.653584,True,,,,,,,,,-0.039931,0.825062,1.012973,-0.039931,0.825062,1.012973,-0.039931,0.825062,1.012973,-0.004196,-0.000031,0.011703,0.012433,-0.002651,-0.001500,0.008586,0.009111,1.394673,0.581747,0.280839,0.000108,-1.347469,-1.267702,0.010029,0.042318,0.367822,0.000000,0.474290,0.008289,0.083020,-0.290360,0.447785,-0.061952,-0.093344,-0.032672,5.0000,3.0000,1.0000,0.0000,6.0000,100.8318,65.6769,39.0854,51.5712,13.6761,,,
1786588954275625695,2026-08-13T09:42:34.275649,ground_truth,-0.060092,0.587000,0.658562,True,,,,,,,,,-0.039931,0.825062,1.012973,-0.040171,0.825062,1.012932,-0.040171,0.825062,1.012932,-0.005698,-0.000006,-0.000968,0.005780,-0.002651,-0.001500,0.008586,0.009111,1.394673,0.581747,0.280839,0.000108,-1.347469,-1.267702,0.010029,0.042318,0.367822,0.000000,0.474290,0.008289,0.083020,-0.290360,0.447785,-0.061952,-0.093344,-0.032672,5.0000,3.0000,1.0000,0.0000,6.0000,100.7705,65.0746,39.1114,51.7670,13.2671,,,
1786588954317075295,2026-08-13T09:42:34.317104,ground_truth,-0.060092,0.587000,0.658562,True,,,,,,,,,-0.039931,0.825062,1.012973,-0.040371,0.825275,1.013223,-0.040371,0.825275,1.013223,-0.004430,0.004722,0.006443,0.009134,-0.002651,-0.001500,0.008586,0.009111,1.394673,0.581747,0.280839,0.000108,-1.347469,-1.267702,0.010029,0.042318,0.367822,0.000000,0.474290,0.008289,0.083020,-0.290360,0.447785,-0.061952,-0.093344,-0.032672,5.0000,3.0000,1.0000,0.0000,6.0000,100.7769,64.5688,39.2025,52.5226,13.0622,,,
1786588954356558986,2026-08-13T09:42:34.356577,ground_truth,-0.060092,0.587000,0.658562,True,,,,,,,,,-0.040546,0.825531,1.013711,-0.040546,0.825531,1.013711,-0.040546,0.825531,1.013711,-0.004223,0.006177,0.011779,0.013955,-0.004615,0.003517,0.005538,0.008021,1.394673,0.581747,0.280839,0.000108,-1.347469,-1.267702,0.010029,0.042318,0.367822,0.000000,0.474290,0.008289,0.083020,-0.290360,0.447785,-0.061952,-0.093344,-0.032672,5.0000,3.0000,1.0000,0.0000,6.0000,100.5471,64.1020,39.0323,52.4914,12.8642,,,
1786588954394339485,2026-08-13T09:42:34.394362,ground_truth,-0.059490,0.602000,0.650769,True,,,,,,,,,-0.040546,0.825531,1.013711,-0.040735,0.825583,1.014090,-0.040735,0.825583,1.014090,-0.004846,0.001313,0.009711,0.010932,-0.004615,0.003517,0.005538,0.008021,1.395817,0.586968,0.365897,0.000108,-1.457181,-1.268252,0.000000,0.001744,0.308483,0.000000,0.396183,0.003051,0.082040,-0.338100,0.383626,-0.044704,-0.080032,-0.020832,5.0000,3.0000,1.0000,0.0000,6.0000,100.5535,64.1639,38.9184,53.4474,13.0791,,,
1786588954429325906,2026-08-13T09:42:34.429347,ground_truth,-0.059129,0.611000,0.642197,True,,,,,,,,,-0.040546,0.825531,1.013711,-0.040975,0.825593,1.013861,-0.040975,0.825593,1.013861,-0.006290,0.000268,-0.005983,0.008685,-0.004615,0.003517,0.005538,0.008021,1.395843,0.586974,0.379116,0.000108,-1.474471,-1.268241,0.000000,0.000000,0.295397,0.000000,0.393133,0.000000,0.087080,-0.381220,0.385867,-0.044256,-0.085504,-0.019712,5.0000,3.0000,1.0000,0.0000,6.0000,99.5783,63.9104,39.1884,52.6050,13.0522,,,
1786588954464372738,2026-08-13T09:42:34.464394,ground_truth,-0.058928,0.616000,0.632186,True,,,,,,,,,-0.040546,0.825531,1.013711,-0.041240,0.826608,1.013061,-0.041240,0.826608,1.013061,-0.007481,0.028738,-0.022642,0.037343,-0.004615,0.003517,0.005538,0.008021,1.395856,0.586974,0.385005,0.000108,-1.482286,-1.268241,0.000000,0.000000,0.291902,0.000000,0.390513,0.000000,0.085820,-0.421260,0.394084,-0.044544,-0.090336,-0.020160,5.0000,3.0000,1.0000,0.0000,6.0000,97.7835,63.8485,40.0709,49.7273,12.8088,,,
1786588954499157600,2026-08-13T09:42:34.499177,ground_truth,-0.059129,0.611000,0.625395,True,,,,,,,,,-0.041492,0.828305,1.011791,-0.041492,0.828305,1.011791,-0.041492,0.828305,1.011791,-0.007294,0.048982,-0.036676,0.061625,-0.007099,0.020807,-0.014406,0.026285,1.395876,0.586968,0.396641,0.000108,-1.497938,-1.268241,0.001307,0.000000,0.287977,0.000000,0.390945,0.000000,0.079240,-0.488740,0.393918,-0.043520,-0.087552,-0.018368,5.0000,3.0000,1.0000,0.0000,6.0000,96.2769,64.3409,41.1284,46.3554,12.7764,,,
1786588954537966817,2026-08-13T09:42:34.537986,ground_truth,-0.059289,0.607000,0.612629,True,,,,,,,,,-0.041492,0.828305,1.011791,-0.041732,0.829657,1.009879,-0.041732,0.829657,1.009879,-0.006921,0.039126,-0.055299,0.068093,-0.007099,0.020807,-0.014406,0.026285,1.395876,0.586954,0.409392,0.000108,-1.514797,-1.268241,0.000000,0.000000,0.291902,0.000000,0.376985,0.000000,0.063420,-0.548660,0.407696,-0.043200,-0.084832,-0.015040,5.0000,3.0000,1.0000,0.0000,6.0000,94.6815,69.6065,42.4387,41.4316,12.4262,,,
1786588954571818503,2026-08-13T09:42:34.571839,ground_truth,-0.061715,0.616000,0.598682,True,,,,,,,,,-0.041492,0.828305,1.011791,-0.041960,0.830941,1.007116,-0.041960,0.830941,1.007116,-0.005842,0.032817,-0.070621,0.078092,-0.007099,0.020807,-0.014406,0.026285,1.395876,0.586954,0.421244,0.000108,-1.529575,-1.268241,0.000000,0.000000,0.299323,0.000000,0.363899,0.000000,0.049560,-0.457520,0.414585,-0.043200,-0.087328,-0.015936,5.0000,3.0000,1.0000,0.0000,6.0000,91.7753,67.3154,42.4817,34.0542,12.1052,,,
1786588954605555393,2026-08-13T09:42:34.605576,ground_truth,-0.064284,0.621000,0.580469,True,,,,,,,,,-0.041492,0.828305,1.011791,-0.042052,0.832211,1.003226,-0.042052,0.832211,1.003226,-0.002719,0.037571,-0.115090,0.121098,-0.007099,0.020807,-0.014406,0.026285,1.395876,0.586968,0.429727,0.000108,-1.539686,-1.268241,0.000000,0.000000,0.304996,0.000000,0.355610,0.000000,0.025620,-0.334180,0.394997,-0.041696,-0.090112,-0.020384,4.0000,2.0000,1.0000,0.0000,4.0000,88.7301,66.1702,43.5038,29.9823,12.9700,,,
1786588954640637482,2026-08-13T09:42:34.640661,ground_truth,-0.066251,0.639000,0.558685,True,,,,,,,,,-0.041948,0.833745,0.998319,-0.041948,0.833745,0.998319,-0.041948,0.833745,0.998319,0.003096,0.045472,-0.145449,0.152423,-0.003393,0.040542,-0.100392,0.108322,1.395876,0.586968,0.429727,0.000108,-1.539686,-1.268241,0.000000,0.000000,0.304996,0.000000,0.355610,0.000000,0.025620,-0.334180,0.394997,-0.041696,-0.090112,-0.020384,4.0000,2.0000,1.0000,0.0000,4.0000,85.3468,63.4892,44.5488,25.4583,11.2322,,,
1786588954682423680,2026-08-13T09:42:34.682444,ground_truth,-0.069841,0.621000,0.544281,True,,,,,,,,,-0.041548,0.836079,0.991762,-0.041548,0.836079,0.991762,-0.041548,0.836079,0.991762,0.011427,0.066679,-0.187372,0.199210,0.006082,0.035492,-0.099733,0.106035,1.395876,0.586968,0.429727,0.000108,-1.539686,-1.268241,0.000000,0.000000,0.304996,0.000000,0.355610,0.000000,0.025620,-0.334180,0.394997,-0.041696,-0.090112,-0.020384,4.0000,2.0000,1.0000,0.0000,4.0000,83.6514,64.1275,45.4077,22.2543,11.1338,,,
1786588954722137939,2026-08-13T09:42:34.722162,ground_truth,-0.069000,0.639000,0.525637,True,,,,,,,,,-0.041548,0.836079,0.991762,-0.040898,0.838359,0.984332,-0.040898,0.838359,0.984332,0.015669,0.054969,-0.179116,0.188015,0.006082,0.035492,-0.099733,0.106035,1.395876,0.586968,0.429727,0.000108,-1.539686,-1.268241,0.000000,0.000000,0.304996,0.000000,0.355610,0.000000,0.025620,-0.334180,0.394997,-0.041696,-0.090112,-0.020384,4.0000,2.0000,1.0000,0.0000,4.0000,80.5457,63.1233,46.4070,17.2471,11.2643,,,
1786588954757222636,2026-08-13T09:42:34.757242,ground_truth,-0.071991,0.634000,0.510376,True,,,,,,,,,-0.040304,0.841588,0.975470,-0.040304,0.841588,0.975470,-0.040304,0.841588,0.975470,0.014980,0.081459,-0.223532,0.238383,0.018545,0.082145,-0.242901,0.257085,1.395869,0.587026,0.435839,0.000108,-1.546801,-1.268252,0.000000,0.004796,0.306736,0.000000,0.352991,0.000000,0.002100,-0.303100,0.400807,-0.041088,-0.086944,-0.024992,4.0000,2.0000,1.0000,0.0000,4.0000,77.9491,61.2517,47.4637,13.5640,12.0463,,,
1786588954794877745,2026-08-13T09:42:34.794898,ground_truth,-0.071555,0.643000,0.486124,True,,,,,,,,,-0.040304,0.841588,0.975470,-0.039511,0.844741,0.965591,-0.039511,0.844741,0.965591,0.022124,0.087927,-0.275536,0.290070,0.018545,0.082145,-0.242901,0.257085,1.395869,0.587026,0.435839,0.000108,-1.546801,-1.268252,0.000000,0.004796,0.306736,0.000000,0.352991,0.000000,0.002100,-0.303100,0.400807,-0.041088,-0.086944,-0.024992,4.0000,2.0000,1.0000,0.0000,4.0000,74.0670,58.2954,50.2401,12.2165,11.4140,,,
1786588954829315686,2026-08-13T09:42:34.829335,ground_truth,-0.071313,0.648000,0.452058,True,,,,,,,,,-0.040304,0.841588,0.975470,-0.038706,0.848144,0.954427,-0.038706,0.848144,0.954427,0.021803,0.092268,-0.302623,0.317127,0.018545,0.082145,-0.242901,0.257085,1.395869,0.587026,0.435839,0.000108,-1.546801,-1.268252,0.000000,0.004796,0.306736,0.000000,0.352991,0.000000,0.002100,-0.303100,0.400807,-0.041088,-0.086944,-0.024992,4.0000,2.0000,1.0000,0.0000,4.0000,66.6241,52.4571,53.4039,6.5862,13.0205,,,
1786588954863332452,2026-08-13T09:42:34.863353,ground_truth,-0.074497,0.639000,0.426493,True,,,,,,,,,-0.040304,0.841588,0.975470,-0.037958,0.851812,0.940660,-0.037958,0.851812,0.940660,0.021689,0.106330,-0.399147,0.413637,0.018545,0.082145,-0.242901,0.257085,1.395869,0.587026,0.435839,0.000108,-1.546801,-1.268252,0.000000,0.004796,0.306736,0.000000,0.352991,0.000000,0.002100,-0.303100,0.400807,-0.041088,-0.086944,-0.024992,4.0000,2.0000,2.0000,0.0000,4.0000,60.4244,47.7553,56.2955,3.0432,17.0266,,,
1786588954909431586,2026-08-13T09:42:34.909451,ground_truth,-0.077246,0.639000,0.404461,True,,,,,,,,,-0.036998,0.855532,0.925189,-0.036998,0.855532,0.925189,-0.036998,0.855532,0.925189,0.028007,0.108493,-0.451197,0.464902,0.024856,0.104836,-0.378035,0.393089,1.395869,0.587026,0.435839,0.000108,-1.546801,-1.268252,0.000000,0.004796,0.306736,0.000000,0.352991,0.000000,0.002100,-0.303100,0.400807,-0.041088,-0.086944,-0.024992,4.0000,2.0000,2.0000,0.0000,4.0000,57.5853,46.8798,56.8867,1.6633,15.9477,,,
1786588954942655615,2026-08-13T09:42:34.942678,ground_truth,-0.077039,0.643000,0.381723,True,,,,,,,,,-0.036998,0.855532,0.925189,-0.035854,0.859049,0.908249,-0.035854,0.859049,0.908249,0.024839,0.076396,-0.367933,0.376601,0.024856,0.104836,-0.378035,0.393089,1.395654,0.587510,0.525001,0.000119,-1.659089,-1.268403,0.000000,0.009598,0.273575,0.000000,0.385275,0.000000,-0.077700,-0.611940,0.410269,-0.039808,-0.091616,-0.023168,4.0000,2.0000,2.0000,0.0000,4.0000,55.7666,46.8964,58.2661,-3.2993,15.0414,,,
1786588954977205541,2026-08-13T09:42:34.977226,ground_truth,-0.077039,0.643000,0.359744,True,,,,,,,,,-0.035854,0.859049,0.908249,-0.034685,0.862526,0.890313,-0.034685,0.862526,0.890313,0.034885,0.103669,-0.534815,0.545886,0.017115,0.052640,-0.253520,0.259492,1.395640,0.587262,0.534027,0.000119,-1.671593,-1.268403,0.000000,0.006540,0.286229,0.000000,0.393564,0.000000,-0.076160,-0.606900,0.395661,-0.040032,-0.090112,-0.021664,4.0000,2.0000,1.0000,0.0000,4.0000,53.6585,44.6238,56.5166,-2.4707,12.5763,,,
1786588955013531331,2026-08-13T09:42:35.013554,ground_truth,-0.076574,0.652000,0.333681,True,,,,,,,,,-0.033490,0.865408,0.871482,-0.033490,0.865408,0.871482,-0.033490,0.865408,0.871482,0.034823,0.084053,-0.549174,0.556660,0.035540,0.095599,-0.552752,0.562083,1.395634,0.587085,0.546860,0.000119,-1.688840,-1.268392,0.000000,0.004796,0.295397,0.000000,0.388325,0.002609,-0.074340,-0.617120,0.403380,-0.039136,-0.087712,-0.019264,4.0000,2.0000,1.0000,0.0000,4.0000,51.1214,42.6226,57.4323,-0.9907,12.0037,,,
1786588955047257355,2026-08-13T09:42:35.047278,ground_truth,-0.077039,0.643000,0.315786,True,,,,,,,,,-0.033490,0.865408,0.871482,-0.032314,0.867691,0.851582,-0.032314,0.867691,0.851582,0.032458,0.062992,-0.549072,0.553626,0.035540,0.095599,-0.552752,0.562083,1.395627,0.587020,0.552823,0.000119,-1.696623,-1.268392,0.000000,0.003489,0.299323,0.000000,0.390945,0.000000,-0.071820,-0.618940,0.405621,-0.039200,-0.080928,-0.017760,4.0000,2.0000,1.0000,0.0000,4.0000,48.1558,38.6513,54.1027,3.4297,11.7817,,,
1786588955080386275,2026-08-13T09:42:35.080410,ground_truth,-0.077504,0.634000,0.283871,True,,,,,,,,,-0.033490,0.865408,0.871482,-0.031120,0.869855,0.830941,-0.031120,0.869855,0.830941,0.035404,0.064142,-0.612008,0.616377,0.035540,0.095599,-0.552752,0.562083,1.395627,0.587020,0.552823,0.000119,-1.696623,-1.268392,0.000000,0.003489,0.299323,0.000000,0.390945,0.000000,-0.071820,-0.618940,0.405621,-0.039200,-0.080928,-0.017760,3.0000,2.0000,1.0000,0.0000,3.0000,43.4887,35.2563,53.9075,0.3797,14.5593,,,
1786588955113565550,2026-08-13T09:42:35.113583,ground_truth,-0.077711,0.630000,0.256650,True,,,,,,,,,-0.033490,0.865408,0.871482,-0.029906,0.871994,0.809024,-0.029906,0.871994,0.809024,0.036616,0.064507,-0.660875,0.665024,0.035540,0.095599,-0.552752,0.562083,1.395627,0.587020,0.552823,0.000119,-1.696623,-1.268392,0.000000,0.003489,0.299323,0.000000,0.390945,0.000000,-0.071820,-0.618940,0.405621,-0.039200,-0.080928,-0.017760,3.0000,2.0000,1.0000,0.0000,3.0000,40.9945,33.4643,52.6418,-1.2816,14.7632,,,
1786588955147375321,2026-08-13T09:42:35.147394,ground_truth,-0.075198,0.625000,0.234936,True,,,,,,,,,-0.028839,0.873648,0.786222,-0.028839,0.873648,0.786222,-0.028839,0.873648,0.786222,0.032204,0.049964,-0.688592,0.691153,0.034897,0.061825,-0.639695,0.643622,1.395627,0.587020,0.552823,0.000119,-1.696623,-1.268392,0.000000,0.003489,0.299323,0.000000,0.390945,0.000000,-0.071820,-0.618940,0.405621,-0.039200,-0.080928,-0.017760,3.0000,2.0000,1.0000,0.0000,3.0000,38.0992,31.4698,51.5394,-2.9762,14.7743,,,
1786588955195124471,2026-08-13T09:42:35.195143,ground_truth,-0.067063,0.621000,0.215800,True,,,,,,,,,-0.028839,0.873648,0.786222,-0.028112,0.874726,0.763186,-0.028112,0.874726,0.763186,0.021467,0.031795,-0.679683,0.680765,0.034897,0.061825,-0.639695,0.643622,1.395627,0.587020,0.552823,0.000119,-1.696623,-1.268392,0.000000,0.003489,0.299323,0.000000,0.390945,0.000000,-0.071820,-0.618940,0.405621,-0.039200,-0.080928,-0.017760,3.0000,2.0000,2.0000,0.0000,4.0000,36.3226,31.1026,49.2083,-5.5022,17.0296,,,
1786588955237664355,2026-08-13T09:42:35.237686,ground_truth,-0.064111,0.625000,0.182171,True,,,,,,,,,-0.028058,0.875155,0.740327,-0.028058,0.875155,0.740327,-0.028058,0.875155,0.740327,0.001137,0.009010,-0.480255,0.480341,0.011770,0.022684,-0.691088,0.691561,1.395627,0.587020,0.552823,0.000119,-1.696623,-1.268392,0.000000,0.003489,0.299323,0.000000,0.390945,0.000000,-0.071820,-0.618940,0.405621,-0.039200,-0.080928,-0.017760,3.0000,2.0000,2.0000,0.0000,4.0000,35.1626,30.5341,45.4069,-4.4734,17.6117,,,
1786588955270445712,2026-08-13T09:42:35.270468,ground_truth,-0.056488,0.607000,0.169144,True,,,,,,,,,-0.028058,0.875155,0.740327,-0.028440,0.875454,0.716187,-0.028440,0.875454,0.716187,-0.008966,0.007019,-0.566537,0.566652,0.011770,0.022684,-0.691088,0.691561,1.395627,0.586994,0.558860,0.000119,-1.704448,-1.268392,0.000000,0.001744,0.303248,0.000000,0.393564,0.000000,-0.069440,-0.623980,0.412344,-0.039520,-0.084224,-0.017312,3.0000,2.0000,2.0000,0.0000,4.0000,34.1157,30.4403,45.6087,-3.5634,18.0151,,,
1786588955306942129,2026-08-13T09:42:35.306960,ground_truth,-0.045282,0.607000,0.160723,True,,,,,,,,,-0.029274,0.874554,0.692421,-0.029274,0.874554,0.692421,-0.029274,0.874554,0.692421,-0.025452,-0.027467,-0.725175,0.726141,-0.018224,-0.009007,-0.717892,0.718179,1.395621,0.586968,0.632074,0.000119,-1.798714,-1.268392,0.000000,0.000000,0.323316,0.000000,0.417569,0.000000,-0.045220,-0.489720,0.404044,-0.039200,-0.091328,-0.015488,3.0000,2.0000,2.0000,0.0000,4.0000,33.1421,29.8445,46.4006,-2.2319,18.9112,,,
1786588955339236386,2026-08-13T09:42:35.339259,ground_truth,-0.042783,0.597000,0.155504,True,,,,,,,,,-0.029274,0.874554,0.692421,-0.031054,0.872934,0.669110,-0.031054,0.872934,0.669110,-0.048662,-0.044275,-0.637062,0.640450,-0.018224,-0.009007,-0.717892,0.718179,1.395627,0.586974,0.647702,0.000119,-1.818871,-1.268392,0.000000,0.000000,0.325502,0.000000,0.423239,0.000000,-0.039340,-0.456820,0.408028,-0.039520,-0.082656,-0.015648,3.0000,2.0000,2.0000,0.0000,4.0000,32.0506,28.6425,46.6987,-1.3157,19.2178,,,
1786588955375095064,2026-08-13T09:42:35.375116,ground_truth,-0.037417,0.587000,0.150219,True,,,,,,,,,-0.032973,0.870903,0.647069,-0.032973,0.870903,0.647069,-0.032973,0.870903,0.647069,-0.059295,-0.062774,-0.681359,0.686808,-0.055880,-0.055155,-0.685173,0.689657,1.395627,0.586974,0.647702,0.000119,-1.818871,-1.268392,0.000000,0.000000,0.325502,0.000000,0.423239,0.000000,-0.039340,-0.456820,0.408028,-0.039520,-0.082656,-0.015648,3.0000,2.0000,2.0000,0.0000,4.0000,31.5198,28.1620,46.9241,-1.5216,19.1564,,,
1786588955415154179,2026-08-13T09:42:35.415176,ground_truth,-0.034582,0.587000,0.147379,True,,,,,,,,,-0.035232,0.868044,0.626946,-0.035232,0.868044,0.626946,-0.035232,0.868044,0.626946,-0.063061,-0.079796,-0.561538,0.570674,-0.033628,-0.042552,-0.299446,0.304318,1.395627,0.586974,0.647702,0.000119,-1.818871,-1.268392,0.000000,0.000000,0.325502,0.000000,0.423239,0.000000,-0.039340,-0.456820,0.408028,-0.039520,-0.082656,-0.015648,3.0000,2.0000,2.0000,0.0000,4.0000,31.3811,28.1432,46.3882,-0.3843,19.4131,,,
1786588955451999756,2026-08-13T09:42:35.452020,ground_truth,-0.031842,0.583000,0.144670,True,,,,,,,,,-0.035232,0.868044,0.626946,-0.037893,0.864485,0.608339,-0.037893,0.864485,0.608339,-0.066623,-0.089095,-0.465875,0.478974,-0.033628,-0.042552,-0.299446,0.304318,1.395627,0.586974,0.647702,0.000119,-1.818871,-1.268392,0.000000,0.000000,0.325502,0.000000,0.423239,0.000000,-0.039340,-0.456820,0.408028,-0.039520,-0.082656,-0.015648,3.0000,2.0000,2.0000,0.0000,4.0000,30.7626,27.5769,46.3135,-0.9949,19.2200,,,
1786588955506522935,2026-08-13T09:42:35.506543,ground_truth,-0.031842,0.583000,0.141824,True,,,,,,,,,-0.040920,0.861000,0.591019,-0.040920,0.861000,0.591019,-0.040920,0.861000,0.591019,-0.082584,-0.095083,-0.472526,0.489021,-0.085415,-0.105772,-0.539509,0.556375,1.395627,0.586974,0.651621,0.000119,-1.823926,-1.268392,0.000000,0.000000,0.327249,0.000000,0.420178,0.000000,-0.038080,-0.447580,0.392009,-0.039424,-0.086272,-0.015648,3.0000,2.0000,2.0000,0.0000,4.0000,30.1957,27.0969,45.7485,-1.6502,19.4303,,,
1786588955540337632,2026-08-13T09:42:35.540358,ground_truth,-0.026079,0.587000,0.136019,True,,,,,,,,,-0.040920,0.861000,0.591019,-0.043933,0.857316,0.575026,-0.043933,0.857316,0.575026,-0.055105,-0.067368,-0.292489,0.305164,-0.085415,-0.105772,-0.539509,0.556375,1.395627,0.586974,0.651621,0.000119,-1.823926,-1.268392,0.000000,0.000000,0.327249,0.000000,0.420178,0.000000,-0.038080,-0.447580,0.392009,-0.039424,-0.086272,-0.015648,3.0000,2.0000,2.0000,0.0000,4.0000,29.7673,26.8028,45.9227,-2.2328,19.5999,,,
1786588955578313115,2026-08-13T09:42:35.578330,ground_truth,-0.026160,0.583000,0.133284,True,,,,,,,,,-0.047331,0.853380,0.560111,-0.047331,0.853380,0.560111,-0.047331,0.853380,0.560111,-0.100392,-0.116330,-0.440737,0.466756,-0.095377,-0.113378,-0.459859,0.483138,1.395627,0.587007,0.693309,0.000119,-1.877489,-1.268392,0.000000,0.000000,0.304557,0.000000,0.387894,0.000000,-0.013860,-0.434560,0.394250,-0.038912,-0.094848,-0.015424,3.0000,2.0000,2.0000,0.0000,4.0000,29.1318,26.1109,46.3649,-3.5969,19.6282,,,
1786588955616931510,2026-08-13T09:42:35.616953,ground_truth,-0.026262,0.578000,0.133415,True,,,,,,,,,-0.050692,0.849392,0.546751,-0.050692,0.849392,0.546751,-0.050692,0.849392,0.546751,-0.087470,-0.103772,-0.347694,0.373243,-0.050437,-0.059838,-0.200489,0.215222,1.395627,0.587000,0.731384,0.000119,-1.925737,-1.268392,0.000000,0.000000,0.306736,0.000000,0.377427,0.002609,-0.006440,-0.530600,0.392756,-0.039360,-0.082880,-0.021280,3.0000,2.0000,2.0000,0.0000,4.0000,28.9676,26.0230,44.6471,-2.8407,20.7421,,,
1786588955652562249,2026-08-13T09:42:35.652582,ground_truth,-0.020649,0.573000,0.130683,True,,,,,,,,,-0.050692,0.849392,0.546751,-0.054077,0.845395,0.534593,-0.054077,0.845395,0.534593,-0.088020,-0.103941,-0.316128,0.344221,-0.050437,-0.059838,-0.200489,0.215222,1.395627,0.586994,0.743615,0.000119,-1.940526,-1.268403,0.000000,0.000000,0.306736,0.000000,0.360838,0.000000,-0.003920,-0.579040,0.394250,-0.039584,-0.085056,-0.025056,3.0000,2.0000,2.0000,0.0000,4.0000,29.0044,26.1476,44.6297,-3.0149,20.2815,,,
1786588955699145698,2026-08-13T09:42:35.699165,ground_truth,-0.020478,0.583000,0.124745,True,,,,,,,,,-0.057867,0.841129,0.524381,-0.057867,0.841129,0.524381,-0.057867,0.841129,0.524381,-0.107129,-0.120576,-0.288638,0.330647,-0.107613,-0.123931,-0.335494,0.373491,1.395627,0.586981,0.750954,0.000119,-1.948977,-1.268403,0.000000,0.000000,0.306736,0.000000,0.347310,0.000000,-0.004340,-0.627060,0.407364,-0.039680,-0.072704,-0.026272,3.0000,2.0000,2.0000,0.0000,4.0000,29.0363,26.4244,41.8933,-2.7784,21.4573,,,
1786588955736464878,2026-08-13T09:42:35.736486,ground_truth,-0.017575,0.587000,0.121820,True,,,,,,,,,-0.057867,0.841129,0.524381,-0.061683,0.837289,0.515587,-0.061683,0.837289,0.515587,-0.081923,-0.082446,-0.188809,0.221716,-0.107613,-0.123931,-0.335494,0.373491,1.395627,0.586981,0.750954,0.000119,-1.948977,-1.268403,0.000000,0.000000,0.306736,0.000000,0.347310,0.000000,-0.004340,-0.627060,0.407364,-0.039680,-0.072704,-0.026272,3.0000,2.0000,2.0000,0.0000,4.0000,28.9391,26.6314,40.7688,-2.3856,21.6785,,,
1786588955781986470,2026-08-13T09:42:35.782005,ground_truth,-0.011955,0.583000,0.119052,True,,,,,,,,,-0.065524,0.834014,0.508046,-0.065524,0.834014,0.508046,-0.065524,0.834014,0.508046,-0.102836,-0.087661,-0.201873,0.242925,-0.115239,-0.107075,-0.245841,0.291861,1.395627,0.586981,0.750954,0.000119,-1.948977,-1.268403,0.000000,0.000000,0.306736,0.000000,0.347310,0.000000,-0.004340,-0.627060,0.407364,-0.039680,-0.072704,-0.026272,3.0000,2.0000,2.0000,0.0000,4.0000,28.7512,26.6255,40.7089,-3.2146,21.8940,,,
1786588955813317891,2026-08-13T09:42:35.813342,ground_truth,-0.009166,0.578000,0.116287,True,,,,,,,,,-0.065524,0.834014,0.508046,-0.069198,0.831119,0.501596,-0.069198,0.831119,0.501596,-0.080750,-0.063629,-0.141766,0.175119,-0.115239,-0.107075,-0.245841,0.291861,1.395627,0.586863,0.798092,0.000119,-1.986209,-1.268425,0.000000,0.000000,0.346008,0.000000,0.167112,0.000000,-0.018900,-0.595140,0.413506,-0.041536,-0.061664,-0.026400,3.0000,2.0000,2.0000,0.0000,4.0000,28.4522,26.4382,41.3532,-2.5130,21.8777,,,
1786588955848953152,2026-08-13T09:42:35.848973,ground_truth,-0.006449,0.563000,0.113652,True,,,,,,,,,-0.065524,0.834014,0.508046,-0.072861,0.828300,0.497204,-0.072861,0.828300,0.497204,-0.115571,-0.088942,-0.138581,0.201177,-0.115239,-0.107075,-0.245841,0.291861,1.395627,0.586863,0.806315,0.000119,-1.989658,-1.268425,0.000000,0.000000,0.342082,0.000000,0.126528,0.000000,-0.021000,-0.590800,0.396989,-0.041088,-0.060512,-0.024896,3.0000,2.0000,2.0000,0.0000,4.0000,28.3417,26.3804,41.8653,-2.6218,21.6342,,,
1786588955886002211,2026-08-13T09:42:35.886022,ground_truth,-0.006273,0.583000,0.113359,True,,,,,,,,,-0.076197,0.825443,0.493504,-0.076197,0.825443,0.493504,-0.076197,0.825443,0.493504,-0.095252,-0.081580,-0.105632,0.163971,-0.080134,-0.064353,-0.109182,0.149945,1.395627,0.586863,0.825387,0.000119,-1.994412,-1.268425,0.000000,0.000000,0.342082,0.000000,0.045812,0.000000,-0.028700,-0.601020,0.396159,-0.041024,-0.049216,-0.022784,3.0000,2.0000,2.0000,0.0000,4.0000,28.0142,26.1066,41.9732,-3.0334,21.2160,,,
1786588955922711605,2026-08-13T09:42:35.922728,ground_truth,-0.003503,0.573000,0.110642,True,,,,,,,,,-0.076197,0.825443,0.493504,-0.078798,0.823325,0.490347,-0.078798,0.823325,0.490347,-0.069678,-0.056749,-0.084602,0.123422,-0.080134,-0.064353,-0.109182,0.149945,1.395627,0.586863,0.839141,0.000119,-1.995469,-1.268425,0.000000,0.000000,0.345569,0.000000,0.013517,0.000000,-0.028140,-0.560980,0.400475,-0.042080,-0.041088,-0.019712,3.0000,2.0000,2.0000,0.0000,4.0000,27.6648,25.8130,42.2211,-3.5335,21.1080,,,
1786588955954856082,2026-08-13T09:42:35.954875,ground_truth,-0.003503,0.573000,0.107779,True,,,,,,,,,-0.076197,0.825443,0.493504,-0.081416,0.821088,0.487356,-0.081416,0.821088,0.487356,-0.071012,-0.060661,-0.081104,0.123694,-0.080134,-0.064353,-0.109182,0.149945,1.395627,0.586863,0.839141,0.000119,-1.995469,-1.268425,0.000000,0.000000,0.345569,0.000000,0.013517,0.000000,-0.028140,-0.560980,0.400475,-0.042080,-0.041088,-0.019712,3.0000,2.0000,2.0000,0.0000,4.0000,27.3865,25.5160,42.5385,-4.4939,21.0060,,,
1786588955992761103,2026-08-13T09:42:35.992780,ground_truth,-0.000646,0.573000,0.107779,True,,,,,,,,,-0.076197,0.825443,0.493504,-0.083677,0.819361,0.484527,-0.083677,0.819361,0.484527,-0.070748,-0.054054,-0.088535,0.125561,-0.080134,-0.064353,-0.109182,0.149945,1.395627,0.586863,0.839141,0.000119,-1.995469,-1.268425,0.000000,0.000000,0.345569,0.000000,0.013517,0.000000,-0.028140,-0.560980,0.400475,-0.042080,-0.041088,-0.019712,3.0000,2.0000,2.0000,0.0000,4.0000,27.2813,25.4120,42.6963,-4.4696,20.8907,,,
1786588956039556579,2026-08-13T09:42:36.039577,ground_truth,-0.000701,0.563000,0.107893,True,,,,,,,,,-0.085940,0.818269,0.481887,-0.085940,0.818269,0.481887,-0.085940,0.818269,0.481887,-0.060102,-0.029013,-0.070132,0.096812,-0.073007,-0.053763,-0.087059,0.125697,1.395627,0.586863,0.839141,0.000119,-1.995469,-1.268425,0.000000,0.000000,0.345569,0.000000,0.013517,0.000000,-0.028140,-0.560980,0.400475,-0.042080,-0.041088,-0.019712,3.0000,2.0000,2.0000,0.0000,4.0000,27.0222,25.2343,42.7431,-4.7741,20.9232,,,
1786588956076548268,2026-08-13T09:42:36.076567,ground_truth,-0.000569,0.587000,0.107620,True,,,,,,,,,-0.085940,0.818269,0.481887,-0.088016,0.817303,0.479435,-0.088016,0.817303,0.479435,-0.044104,-0.020502,-0.052086,0.071264,-0.073007,-0.053763,-0.087059,0.125697,1.395627,0.586863,0.839141,0.000119,-1.995469,-1.268425,0.000000,0.000000,0.345569,0.000000,0.013517,0.000000,-0.028140,-0.560980,0.400475,-0.042080,-0.041088,-0.019712,3.0000,2.0000,2.0000,0.0000,4.0000,26.6165,24.7062,42.7145,-4.7280,20.0172,,,
1786588956111185315,2026-08-13T09:42:36.111205,ground_truth,-0.000618,0.578000,0.107722,True,,,,,,,,,-0.088016,0.817303,0.479435,-0.090101,0.816577,0.477155,-0.090101,0.816577,0.477155,-0.056540,-0.019698,-0.061837,0.086073,-0.030990,-0.014406,-0.036599,0.050074,1.395627,0.586863,0.839141,0.000119,-1.995469,-1.268425,0.000000,0.000000,0.345569,0.000000,0.013517,0.000000,-0.028140,-0.560980,0.400475,-0.042080,-0.041088,-0.019712,3.0000,2.0000,2.0000,0.0000,4.0000,26.6095,24.7877,43.0603,-5.1715,20.5255,,,
1786588956154374420,2026-08-13T09:42:36.154401,ground_truth,-0.000646,0.573000,0.107779,True,,,,,,,,,-0.091798,0.816165,0.475268,-0.091798,0.816165,0.475268,-0.091798,0.816165,0.475268,-0.048802,-0.011844,-0.054239,0.073917,-0.057090,-0.017181,-0.062892,0.086660,1.395627,0.586935,0.914459,0.000119,-1.995813,-1.268414,0.000000,0.001307,0.358662,0.000000,0.000000,0.000000,-0.009520,-0.376320,0.399064,-0.043584,-0.011200,-0.008704,3.0000,2.0000,2.0000,0.0000,4.0000,26.6074,24.8885,42.3502,-5.0249,20.8837,,,
1786588956188360156,2026-08-13T09:42:36.188378,ground_truth,0.002231,0.578000,0.107722,True,,,,,,,,,-0.091798,0.816165,0.475268,-0.093499,0.815816,0.473568,-0.093499,0.815816,0.473568,-0.039457,-0.008097,-0.039442,0.056374,-0.057090,-0.017181,-0.062892,0.086660,1.395627,0.586961,0.924526,0.000119,-1.995803,-1.268414,0.000000,0.001307,0.358662,0.000000,0.000000,0.002609,-0.005880,-0.357420,0.398898,-0.043264,-0.008032,-0.007200,3.0000,2.0000,2.0000,0.0000,4.0000,26.5541,24.8760,42.4322,-5.2223,20.7842,,,
1786588956219757110,2026-08-13T09:42:36.219776,ground_truth,0.002250,0.583000,0.107666,True,,,,,,,,,-0.091798,0.816165,0.475268,-0.095398,0.815480,0.471855,-0.095398,0.815480,0.471855,-0.055710,-0.009868,-0.050235,0.075661,-0.057090,-0.017181,-0.062892,0.086660,1.395627,0.586961,0.924526,0.000119,-1.995803,-1.268414,0.000000,0.001307,0.358662,0.000000,0.000000,0.002609,-0.005880,-0.357420,0.398898,-0.043264,-0.008032,-0.007200,3.0000,2.0000,2.0000,0.0000,4.0000,26.5643,24.8962,42.3868,-5.2574,20.8860,,,
1786588956252884594,2026-08-13T09:42:36.252906,ground_truth,0.002266,0.587000,0.107620,True,,,,,,,,,-0.091798,0.816165,0.475268,-0.096925,0.815412,0.470320,-0.096925,0.815412,0.470320,-0.048784,-0.002150,-0.049037,0.069204,-0.057090,-0.017181,-0.062892,0.086660,1.395627,0.586961,0.924526,0.000119,-1.995803,-1.268414,0.000000,0.001307,0.358662,0.000000,0.000000,0.002609,-0.005880,-0.357420,0.398898,-0.043264,-0.008032,-0.007200,3.0000,2.0000,2.0000,0.0000,4.0000,26.3447,24.7032,42.5301,-5.6669,20.6565,,,
1786588956285812871,2026-08-13T09:42:36.285835,ground_truth,0.002231,0.578000,0.107722,True,,,,,,,,,-0.098441,0.815666,0.469179,-0.098441,0.815666,0.469179,-0.098441,0.815666,0.469179,-0.045410,0.007583,-0.034190,0.057346,-0.049791,-0.003745,-0.045639,0.067647,1.395627,0.586961,0.924526,0.000119,-1.995803,-1.268414,0.000000,0.001307,0.358662,0.000000,0.000000,0.002609,-0.005880,-0.357420,0.398898,-0.043264,-0.008032,-0.007200,3.0000,2.0000,2.0000,0.0000,4.0000,26.3285,24.6704,42.8029,-5.5597,20.4707,,,
1786588956324462261,2026-08-13T09:42:36.324482,ground_truth,0.002250,0.583000,0.107666,True,,,,,,,,,-0.098441,0.815666,0.469179,-0.099762,0.815716,0.468239,-0.099762,0.815716,0.468239,-0.039951,0.001532,-0.028436,0.049062,-0.049791,-0.003745,-0.045639,0.067647,1.395627,0.586961,0.924526,0.000119,-1.995803,-1.268414,0.000000,0.001307,0.358662,0.000000,0.000000,0.002609,-0.005880,-0.357420,0.398898,-0.043264,-0.008032,-0.007200,3.0000,2.0000,2.0000,0.0000,4.0000,26.2879,24.6327,42.8996,-5.4051,20.2725,,,
1786588956356598707,2026-08-13T09:42:36.356618,ground_truth,0.002231,0.578000,0.107722,True,,,,,,,,,-0.100709,0.815726,0.467480,-0.100709,0.815726,0.467480,-0.100709,0.815726,0.467480,-0.024699,0.000264,-0.019797,0.031655,-0.033862,0.000908,-0.025371,0.042322,1.395627,0.586961,0.924526,0.000119,-1.995803,-1.268414,0.000000,0.001307,0.358662,0.000000,0.000000,0.002609,-0.005880,-0.357420,0.398898,-0.043264,-0.008032,-0.007200,3.0000,2.0000,2.0000,0.0000,4.0000,26.2536,24.6143,42.7065,-5.2930,20.3429,,,
1786588956388614940,2026-08-13T09:42:36.388640,ground_truth,0.002250,0.583000,0.107666,True,,,,,,,,,-0.100709,0.815726,0.467480,-0.101469,0.815462,0.466909,-0.101469,0.815462,0.466909,-0.023476,-0.008177,-0.017641,0.030482,-0.033862,0.000908,-0.025371,0.042322,1.395627,0.586961,0.924526,0.000119,-1.995803,-1.268414,0.000000,0.001307,0.358662,0.000000,0.000000,0.002609,-0.005880,-0.357420,0.398898,-0.043264,-0.008032,-0.007200,3.0000,2.0000,2.0000,0.0000,4.0000,26.2205,24.6473,42.3902,-5.5904,20.7468,,,
1786588956421248951,2026-08-13T09:42:36.421269,ground_truth,0.002231,0.578000,0.107722,True,,,,,,,,,-0.102048,0.815675,0.466510,-0.102048,0.815675,0.466510,-0.102048,0.815675,0.466510,-0.018288,0.006740,-0.012585,0.023200,-0.020337,-0.000773,-0.014725,0.025120,1.395627,0.587013,0.933144,0.000119,-1.995803,-1.268403,0.000000,0.001307,0.356476,0.000000,0.000000,0.000000,-0.003360,-0.361760,0.405953,-0.043200,-0.011264,-0.007072,3.0000,2.0000,2.0000,0.0000,4.0000,26.2608,24.5556,42.7166,-6.0636,20.4533,,,
1786588956453392720,2026-08-13T09:42:36.453413,ground_truth,0.002192,0.568000,0.107836,True,,,,,,,,,-0.102048,0.815675,0.466510,-0.102615,0.815718,0.466134,-0.102615,0.815718,0.466134,-0.017375,0.001310,-0.011516,0.020886,-0.020337,-0.000773,-0.014725,0.025120,1.395934,0.587301,1.004498,0.000129,-1.995609,-1.268414,0.011342,0.003489,0.109950,0.000000,0.008289,0.002609,0.109340,-0.564480,0.275975,-0.028288,0.060960,-0.022720,3.0000,2.0000,2.0000,0.0000,4.0000,26.1308,24.5367,42.6507,-5.6033,20.2964,,,
1786588956485532688,2026-08-13T09:42:36.485551,ground_truth,0.005091,0.583000,0.107666,True,,,,,,,,,-0.102995,0.815993,0.465947,-0.102995,0.815993,0.465947,-0.102995,0.815993,0.465947,-0.011821,0.008568,-0.005824,0.015718,-0.014092,0.004733,-0.008378,0.017064,1.396581,0.586896,1.006840,0.000129,-1.994089,-1.268845,0.023122,0.017889,0.026179,0.000000,0.067629,0.021375,0.128940,-0.627060,0.229744,-0.024992,0.063520,-0.038016,3.0000,2.0000,2.0000,0.0000,4.0000,26.0836,24.4884,42.5906,-5.4452,20.2514,,,
1786588956522160393,2026-08-13T09:42:36.522179,ground_truth,0.005069,0.573000,0.104916,True,,,,,,,,,-0.102995,0.815993,0.465947,-0.103568,0.816315,0.465939,-0.103568,0.816315,0.465939,-0.017681,0.009927,-0.000234,0.020279,-0.014092,0.004733,-0.008378,0.017064,1.397032,0.586523,1.006892,0.000129,-1.992817,-1.269309,0.030976,0.025742,0.005666,0.000000,0.086386,0.032284,0.133840,-0.644700,0.076194,-0.024992,0.070464,-0.037344,3.0000,2.0000,2.0000,0.0000,4.0000,26.0590,24.5150,42.0781,-5.6052,20.7052,,,
1786588956565968907,2026-08-13T09:42:36.565990,ground_truth,0.005091,0.583000,0.104819,True,,,,,,,,,-0.103949,0.816379,0.465749,-0.103949,0.816379,0.465749,-0.103949,0.816379,0.465749,-0.010447,0.001764,-0.005234,0.011817,-0.014210,0.005750,-0.002956,0.015612,1.397032,0.586523,1.006892,0.000129,-1.992817,-1.269309,0.030976,0.025742,0.005666,0.000000,0.086386,0.032284,0.133840,-0.644700,0.076194,-0.024992,0.070464,-0.037344,3.0000,2.0000,2.0000,0.0000,4.0000,26.0974,24.5457,41.8908,-5.6733,21.0124,,,
1786588956602606357,2026-08-13T09:42:36.602626,ground_truth,0.005111,0.592000,0.104732,True,,,,,,,,,-0.103949,0.816379,0.465749,-0.104335,0.816926,0.465544,-0.104335,0.816926,0.465544,-0.008792,0.012437,-0.004666,0.015929,-0.014210,0.005750,-0.002956,0.015612,1.397032,0.586523,1.006892,0.000129,-1.992817,-1.269309,0.030976,0.025742,0.005666,0.000000,0.086386,0.032284,0.133840,-0.644700,0.076194,-0.024992,0.070464,-0.037344,3.0000,2.0000,2.0000,0.0000,4.0000,25.9340,24.5208,41.9138,-6.7225,21.3520,,,
1786588956641545319,2026-08-13T09:42:36.641594,ground_truth,0.005111,0.592000,0.104732,True,,,,,,,,,-0.104714,0.817568,0.465351,-0.104714,0.817568,0.465351,-0.104714,0.817568,0.465351,-0.010377,0.017609,-0.005277,0.021109,-0.011574,0.017990,-0.006015,0.022222,1.397032,0.586523,1.006892,0.000129,-1.992817,-1.269309,0.030976,0.025742,0.005666,0.000000,0.086386,0.032284,0.133840,-0.644700,0.076194,-0.024992,0.070464,-0.037344,3.0000,2.0000,2.0000,0.0000,4.0000,25.8223,24.5050,41.0520,-7.0221,22.0623,,,
1786588956682343143,2026-08-13T09:42:36.682362,ground_truth,0.005091,0.583000,0.104819,True,,,,,,,,,-0.105096,0.818443,0.465152,-0.105096,0.818443,0.465152,-0.105096,0.818443,0.465152,-0.009453,0.021659,-0.004934,0.024142,-0.005716,0.013096,-0.002983,0.014597,1.397032,0.586523,1.006892,0.000129,-1.992817,-1.269309,0.030976,0.025742,0.005666,0.000000,0.086386,0.032284,0.133840,-0.644700,0.076194,-0.024992,0.070464,-0.037344,3.0000,2.0000,2.0000,0.0000,4.0000,25.7871,24.4593,41.1965,-6.6905,21.9182,,,
1786588956716022117,2026-08-13T09:42:36.716043,ground_truth,0.005091,0.583000,0.101972,True,,,,,,,,,-0.105096,0.818443,0.465152,-0.105478,0.819365,0.464954,-0.105478,0.819365,0.464954,-0.009650,0.023254,-0.004979,0.025664,-0.005716,0.013096,-0.002983,0.014597,1.413124,0.571881,0.960958,0.000140,-1.942704,-1.286318,0.091190,0.096423,0.360841,0.000000,0.385275,0.094675,0.100660,-0.675080,-0.032038,-0.025120,0.095008,-0.040960,3.0000,2.0000,2.0000,0.0000,4.0000,25.9633,24.3969,41.3824,-7.1056,21.3550,,,
1786588956751460905,2026-08-13T09:42:36.751481,ground_truth,0.005091,0.583000,0.101972,True,,,,,,,,,-0.105669,0.819816,0.464571,-0.105669,0.819816,0.464571,-0.105669,0.819816,0.464571,-0.005669,0.013408,-0.011396,0.018487,-0.008610,0.020620,-0.008722,0.023987,1.415797,0.568850,0.948891,0.000140,-1.929725,-1.289067,0.076790,0.093372,0.386589,0.000000,0.417569,0.081158,0.104720,-0.664300,-0.016683,-0.026336,0.094784,-0.038688,3.0000,2.0000,2.0000,0.0000,4.0000,26.0660,24.4784,41.1512,-7.2839,21.5129,,,
1786588956794901710,2026-08-13T09:42:36.794922,ground_truth,0.005111,0.592000,0.101900,True,,,,,,,,,-0.105669,0.819816,0.464571,-0.105858,0.820173,0.464191,-0.105858,0.820173,0.464191,-0.005351,0.010083,-0.010723,0.015662,-0.008610,0.020620,-0.008722,0.023987,1.418652,0.564819,0.931463,0.000140,-1.910377,-1.291924,0.053667,0.088139,0.401422,0.000000,0.458143,0.051040,0.056000,-0.620900,-0.004814,-0.030016,0.097632,-0.032064,3.0000,2.0000,2.0000,0.0000,4.0000,26.3107,24.5758,41.2557,-7.6316,21.6143,,,
1786588956841847508,2026-08-13T09:42:36.841867,ground_truth,0.005111,0.592000,0.101900,True,,,,,,,,,-0.106048,0.820244,0.463810,-0.106048,0.820244,0.463810,-0.106048,0.820244,0.463810,-0.004342,0.001634,-0.008729,0.009885,-0.005684,0.006421,-0.011409,0.014273,1.420436,0.561023,0.912072,0.000140,-1.887255,-1.293713,0.022685,0.075045,0.408842,0.000000,0.506574,0.023995,0.055720,-0.610260,-0.021165,-0.028736,0.104416,-0.031456,3.0000,2.0000,2.0000,0.0000,4.0000,26.3018,24.6534,41.2522,-7.1047,21.3976,,,
1786588956877509789,2026-08-13T09:42:36.877525,ground_truth,0.005111,0.592000,0.101900,True,,,,,,,,,-0.106240,0.820739,0.463422,-0.106240,0.820739,0.463422,-0.106240,0.820739,0.463422,-0.004101,0.010558,-0.008291,0.014037,-0.002896,0.007453,-0.005853,0.009910,1.420958,0.558468,0.896778,0.000140,-1.868132,-1.294155,0.008285,0.068498,0.438508,0.000000,0.549336,0.003051,0.061600,-0.647500,-0.025979,-0.025600,0.105632,-0.031456,3.0000,2.0000,2.0000,0.0000,4.0000,26.3136,24.6530,41.0062,-7.6024,21.6439,,,
1786588956913085453,2026-08-13T09:42:36.913107,ground_truth,0.005091,0.583000,0.101972,True,,,,,,,,,-0.106240,0.820739,0.463422,-0.106431,0.821317,0.463038,-0.106431,0.821317,0.463038,-0.005393,0.016368,-0.010868,0.020374,-0.002896,0.007453,-0.005853,0.009910,1.421024,0.555260,0.876555,0.000140,-1.842747,-1.294079,0.001744,0.075045,0.473854,0.000000,0.589920,0.005670,-0.056000,-0.629860,-0.028718,-0.036512,0.092448,0.023328,3.0000,2.0000,2.0000,0.0000,4.0000,26.4181,24.8674,40.8465,-6.6231,21.4790,,,
1786588956945557276,2026-08-13T09:42:36.945574,ground_truth,0.007932,0.583000,0.101972,True,,,,,,,,,-0.106622,0.822180,0.462654,-0.106622,0.822180,0.462654,-0.106622,0.822180,0.462654,-0.005340,0.024150,-0.010734,0.026962,-0.005687,0.021491,-0.011447,0.025005,1.420926,0.553849,0.867008,0.000140,-1.830868,-1.293821,0.006540,0.067192,0.475602,0.000000,0.592971,0.016137,-0.066640,-0.650020,-0.012035,-0.039744,0.090720,0.024064,3.0000,2.0000,2.0000,0.0000,4.0000,26.2616,24.8874,40.7218,-5.5952,21.7584,,,
1786588956980509996,2026-08-13T09:42:36.980533,ground_truth,0.007930,0.578000,0.102013,True,,,,,,,,,-0.106622,0.822180,0.462654,-0.107000,0.822352,0.462275,-0.107000,0.822352,0.462275,-0.011589,0.005277,-0.011611,0.017233,-0.005687,0.021491,-0.011447,0.025005,1.420769,0.552816,0.859395,0.000140,-1.821382,-1.293551,0.010029,0.063703,0.474293,0.000000,0.592971,0.016137,-0.077140,-0.631120,0.000083,-0.041472,0.089952,0.028896,3.0000,2.0000,2.0000,0.0000,4.0000,26.2987,24.8420,40.7217,-5.7135,21.8754,,,
1786588957016086565,2026-08-13T09:42:37.016105,ground_truth,0.007932,0.583000,0.101972,True,,,,,,,,,-0.107380,0.822654,0.461894,-0.107380,0.822654,0.461894,-0.107380,0.822654,0.461894,-0.010838,0.008591,-0.010859,0.017583,-0.011401,0.007117,-0.011423,0.017638,1.420769,0.552816,0.859395,0.000140,-1.821382,-1.293551,0.010029,0.063703,0.474293,0.000000,0.592971,0.016137,-0.077140,-0.631120,0.000083,-0.041472,0.089952,0.028896,3.0000,2.0000,2.0000,0.0000,4.0000,26.1609,24.8981,40.7633,-4.9599,21.5349,,,
1786588957051502777,2026-08-13T09:42:37.051522,ground_truth,0.007924,0.568000,0.102093,True,,,,,,,,,-0.107380,0.822654,0.461894,-0.107763,0.822980,0.461503,-0.107763,0.822980,0.461503,-0.010866,0.009282,-0.011099,0.018095,-0.011401,0.007117,-0.011423,0.017638,1.420769,0.552816,0.859395,0.000140,-1.821382,-1.293551,0.010029,0.063703,0.474293,0.000000,0.592971,0.016137,-0.077140,-0.631120,0.000083,-0.041472,0.089952,0.028896,3.0000,2.0000,2.0000,0.0000,4.0000,25.9906,24.7986,40.1325,-5.5295,22.1158,,,
1786588957085655131,2026-08-13T09:42:37.085681,ground_truth,0.007932,0.583000,0.101972,True,,,,,,,,,-0.107380,0.822654,0.461894,-0.107952,0.823046,0.461132,-0.107952,0.823046,0.461132,-0.005323,0.001843,-0.010471,0.011890,-0.011401,0.007117,-0.011423,0.017638,1.419560,0.547485,0.800903,0.000140,-1.746488,-1.292215,0.001307,0.019634,0.421928,0.000000,0.536250,0.002609,-0.052080,-0.591080,-0.001245,-0.047360,0.096576,0.029280,3.0000,2.0000,2.0000,0.0000,4.0000,26.0600,24.7794,40.1978,-5.5851,22.1041,,,
1786588957123275685,2026-08-13T09:42:37.123297,ground_truth,0.010784,0.573000,0.102053,True,,,,,,,,,-0.107380,0.822654,0.461894,-0.108143,0.823592,0.460935,-0.108143,0.823592,0.460935,-0.005495,0.015729,-0.005649,0.017593,-0.011401,0.007117,-0.011423,0.017638,1.419567,0.547001,0.787735,0.000129,-1.729737,-1.292225,0.001307,0.011342,0.397496,0.002609,0.509194,0.002609,0.025060,-0.579880,0.029631,-0.055040,0.094624,0.012544,3.0000,2.0000,2.0000,0.0000,4.0000,26.1491,24.8271,40.4931,-5.5655,21.9941,,,
1786588957157088380,2026-08-13T09:42:37.157111,ground_truth,0.010790,0.568000,0.102093,True,,,,,,,,,-0.108522,0.823168,0.460751,-0.108522,0.823168,0.460751,-0.108522,0.823168,0.460751,-0.010251,-0.011454,-0.004981,0.016158,-0.008549,0.003853,-0.008558,0.012695,1.419782,0.546877,0.774218,0.000129,-1.712112,-1.292344,0.010029,0.003051,0.356915,0.000000,0.466001,0.010898,0.091700,-0.388080,0.046978,-0.060608,0.085152,-0.024992,3.0000,2.0000,2.0000,0.0000,4.0000,26.1549,24.8366,40.4553,-5.3014,21.6446,,,
1786588957194466739,2026-08-13T09:42:37.194490,ground_truth,0.010784,0.573000,0.102053,True,,,,,,,,,-0.108522,0.823168,0.460751,-0.108901,0.822550,0.460575,-0.108901,0.822550,0.460575,-0.011133,-0.018178,-0.005172,0.021935,-0.008549,0.003853,-0.008558,0.012695,1.420455,0.547452,0.759868,0.000129,-1.692645,-1.293109,0.019634,0.018320,0.306736,0.000000,0.422797,0.021807,0.118300,-0.338100,0.036686,-0.060000,0.081664,-0.031072,3.0000,2.0000,2.0000,0.0000,4.0000,26.2248,24.9285,40.3619,-4.5420,21.3298,,,
1786588957230867997,2026-08-13T09:42:37.230889,ground_truth,0.010773,0.583000,0.101972,True,,,,,,,,,-0.109279,0.821413,0.460397,-0.109279,0.821413,0.460397,-0.109279,0.821413,0.460397,-0.010082,-0.030310,-0.004760,0.032296,-0.011422,-0.026490,-0.005350,0.029340,1.421115,0.548092,0.751586,0.000129,-1.681230,-1.293832,0.025742,0.024429,0.290155,0.000000,0.396183,0.029665,0.126980,-0.333760,0.047642,-0.062240,0.079712,-0.034912,3.0000,2.0000,2.0000,0.0000,4.0000,26.0951,24.8478,40.2960,-4.9065,21.4927,,,
1786588957268482375,2026-08-13T09:42:37.268502,ground_truth,0.010779,0.578000,0.102013,True,,,,,,,,,-0.109279,0.821413,0.460397,-0.109658,0.820172,0.460207,-0.109658,0.820172,0.460207,-0.010481,-0.034328,-0.005250,0.036274,-0.011422,-0.026490,-0.005350,0.029340,1.422193,0.549125,0.741548,0.000129,-1.667529,-1.294931,0.032720,0.030976,0.269649,0.000000,0.369127,0.032284,0.135660,-0.328160,0.039591,-0.063904,0.076704,-0.036288,3.0000,2.0000,2.0000,0.0000,4.0000,26.0823,24.8477,40.2701,-5.0847,21.5665,,,
1786588957306516869,2026-08-13T09:42:37.306537,ground_truth,0.010779,0.578000,0.102013,True,,,,,,,,,-0.110037,0.819658,0.460210,-0.110037,0.819658,0.460210,-0.110037,0.819658,0.460210,-0.010121,-0.013742,0.000072,0.017067,-0.011417,-0.026442,-0.002818,0.028939,1.423356,0.550151,0.733065,0.000129,-1.656179,-1.296074,0.037523,0.034465,0.260050,0.000000,0.342082,0.037523,0.108500,-0.317940,0.048721,-0.065120,0.071584,-0.036416,3.0000,2.0000,2.0000,0.0000,4.0000,26.1473,24.9388,40.2036,-4.8504,21.6003,,,
1786588957349982013,2026-08-13T09:42:37.350000,ground_truth,0.010773,0.583000,0.101972,True,,,,,,,,,-0.110416,0.819288,0.460212,-0.110416,0.819288,0.460212,-0.110416,0.819288,0.460212,-0.009796,-0.009550,0.000069,0.013681,-0.005661,-0.005519,0.000040,0.007906,1.425375,0.551843,0.720931,0.000119,-1.640311,-1.298089,0.044069,0.035778,0.247396,0.000000,0.317645,0.045812,0.133560,-0.318360,0.047144,-0.066784,0.078304,-0.038688,3.0000,2.0000,2.0000,0.0000,4.0000,26.1122,24.8954,40.4890,-4.8051,21.5014,,,
1786588957386369117,2026-08-13T09:42:37.386388,ground_truth,0.010779,0.578000,0.102013,True,,,,,,,,,-0.110416,0.819288,0.460212,-0.110794,0.818947,0.460217,-0.110794,0.818947,0.460217,-0.008810,-0.007949,0.000113,0.011867,-0.005661,-0.005519,0.000040,0.007906,1.427511,0.553633,0.710038,0.000119,-1.626880,-1.300299,0.048865,0.042318,0.251322,0.000000,0.299320,0.053659,0.134540,-0.322000,0.030959,-0.064128,0.072640,-0.036640,3.0000,2.0000,2.0000,0.0000,4.0000,26.1349,24.9116,40.5857,-4.8519,21.5788,,,
1786588957422463628,2026-08-13T09:42:37.422484,ground_truth,0.010773,0.583000,0.101972,True,,,,,,,,,-0.111171,0.818133,0.460225,-0.111171,0.818133,0.460225,-0.111171,0.818133,0.460225,-0.010305,-0.022221,0.000205,0.024495,-0.011247,-0.017204,0.000184,0.020555,1.428962,0.554744,0.702930,0.000119,-1.618656,-1.301819,0.053667,0.039267,0.256563,0.000000,0.293650,0.056721,0.133840,-0.304360,0.036188,-0.064800,0.074528,-0.038144,3.0000,2.0000,2.0000,0.0000,4.0000,26.1771,25.0798,40.6978,-4.0034,21.8379,,,
1786588957459593929,2026-08-13T09:42:37.459615,ground_truth,0.010779,0.578000,0.102013,True,,,,,,,,,-0.111171,0.818133,0.460225,-0.111549,0.817490,0.460229,-0.111549,0.817490,0.460229,-0.010460,-0.017817,0.000134,0.020661,-0.011247,-0.017204,0.000184,0.020555,1.430687,0.555946,0.694633,0.000119,-1.609439,-1.303608,0.055849,0.039267,0.260050,0.000000,0.285792,0.056721,0.133280,-0.306180,0.056772,-0.070848,0.071680,-0.036800,3.0000,2.0000,2.0000,0.0000,4.0000,26.2068,25.1838,41.2053,-4.1027,22.2771,,,
1786588957502122737,2026-08-13T09:42:37.502142,ground_truth,0.010779,0.578000,0.102013,True,,,,,,,,,-0.111171,0.818133,0.460225,-0.111928,0.816614,0.460232,-0.111928,0.816614,0.460232,-0.010256,-0.023676,0.000073,0.025802,-0.011247,-0.017204,0.000184,0.020555,1.433960,0.558376,0.679160,0.000119,-1.591751,-1.306864,0.052354,0.037523,0.260050,0.000000,0.312848,0.053659,0.105980,-0.333480,0.045816,-0.069184,0.070304,-0.037792,3.0000,2.0000,2.0000,0.0000,4.0000,26.2383,25.2595,41.3111,-4.0447,22.3756,,,
1786588957539934262,2026-08-13T09:42:37.539954,ground_truth,0.010779,0.578000,0.102013,True,,,,,,,,,-0.111171,0.818133,0.460225,-0.112118,0.816173,0.460235,-0.112118,0.816173,0.460235,-0.004450,-0.010358,0.000063,0.011274,-0.011247,-0.017204,0.000184,0.020555,1.434587,0.558827,0.676030,0.000119,-1.587978,-1.307500,0.052354,0.037523,0.262229,0.000000,0.318076,0.054101,0.103460,-0.328580,0.044737,-0.069184,0.078752,-0.038080,3.0000,2.0000,2.0000,0.0000,4.0000,26.2974,25.3183,41.3740,-4.0964,22.2927,,,
1786588957574938756,2026-08-13T09:42:37.574961,ground_truth,0.010790,0.568000,0.102093,True,,,,,,,,,-0.112308,0.815818,0.460235,-0.112308,0.815818,0.460235,-0.112308,0.815818,0.460235,-0.004990,-0.009326,0.000000,0.010577,-0.008497,-0.017309,0.000076,0.019282,1.434587,0.558827,0.676030,0.000119,-1.587978,-1.307500,0.052354,0.037523,0.262229,0.000000,0.318076,0.054101,0.103460,-0.328580,0.044737,-0.069184,0.078752,-0.038080,3.0000,2.0000,2.0000,0.0000,4.0000,26.2361,25.2771,41.6532,-4.0016,22.2757,,,
1786588957608688985,2026-08-13T09:42:37.608710,ground_truth,0.010790,0.568000,0.102093,True,,,,,,,,,-0.112308,0.815818,0.460235,-0.112498,0.815480,0.460243,-0.112498,0.815480,0.460243,-0.005512,-0.009770,0.000233,0.011220,-0.008497,-0.017309,0.000076,0.019282,1.434587,0.558827,0.676030,0.000119,-1.587978,-1.307500,0.052354,0.037523,0.262229,0.000000,0.318076,0.054101,0.103460,-0.328580,0.044737,-0.069184,0.078752,-0.038080,3.0000,2.0000,2.0000,0.0000,4.0000,26.2213,25.2550,41.5755,-3.7873,22.3236,,,
1786588957643312789,2026-08-13T09:42:37.643370,ground_truth,0.010795,0.563000,0.102134,True,,,,,,,,,-0.112498,0.815480,0.460243,-0.112689,0.814879,0.460243,-0.112689,0.814879,0.460243,-0.005654,-0.017781,0.000000,0.018658,-0.002865,-0.005078,0.000121,0.005832,1.434587,0.558827,0.676030,0.000119,-1.587978,-1.307500,0.052354,0.037523,0.262229,0.000000,0.318076,0.054101,0.103460,-0.328580,0.044737,-0.069184,0.078752,-0.038080,3.0000,2.0000,2.0000,0.0000,4.0000,26.1512,25.1472,41.6296,-3.9935,22.2486,,,
1786588957678667341,2026-08-13T09:42:37.678686,ground_truth,0.010790,0.568000,0.102093,True,,,,,,,,,-0.112880,0.813959,0.460254,-0.112880,0.813959,0.460254,-0.112880,0.813959,0.460254,-0.005336,-0.025725,0.000300,0.026275,-0.005798,-0.023092,0.000163,0.023810,1.442290,0.563094,0.630207,0.000108,-1.528185,-1.314873,0.052354,0.020940,0.310230,0.000000,0.423239,0.048432,0.140700,-0.337820,0.018758,-0.073984,0.083104,-0.040704,3.0000,2.0000,2.0000,0.0000,4.0000,26.1920,25.2143,41.3574,-4.0231,22.0973,,,
1786588957711764260,2026-08-13T09:42:37.711786,ground_truth,0.010790,0.568000,0.102093,True,,,,,,,,,-0.112880,0.813959,0.460254,-0.112881,0.813508,0.460256,-0.112881,0.813508,0.460256,-0.000011,-0.013190,0.000079,0.013190,-0.005798,-0.023092,0.000163,0.023810,1.443186,0.563414,0.625137,0.000108,-1.521351,-1.315692,0.057156,0.019634,0.319829,0.000000,0.434148,0.054101,0.144760,-0.338800,0.025481,-0.073408,0.082048,-0.038976,3.0000,2.0000,2.0000,0.0000,4.0000,26.0686,25.1611,40.8773,-4.1134,22.1502,,,
1786588957748826086,2026-08-13T09:42:37.748847,ground_truth,0.010784,0.573000,0.102053,True,,,,,,,,,-0.112880,0.813959,0.460254,-0.112881,0.813151,0.460256,-0.112881,0.813151,0.460256,0.000000,-0.010725,0.000000,0.010725,-0.005798,-0.023092,0.000163,0.023810,1.446635,0.564211,0.607962,0.000097,-1.498660,-1.319087,0.076790,0.014831,0.336409,0.000000,0.436325,0.075477,0.183820,-0.355880,0.031291,-0.081216,0.086048,-0.042976,3.0000,2.0000,2.0000,0.0000,4.0000,25.9295,25.1155,40.8676,-3.8582,22.2668,,,
1786588957785681048,2026-08-13T09:42:37.785704,ground_truth,0.010779,0.578000,0.102013,True,,,,,,,,,-0.112880,0.813959,0.460254,-0.112881,0.812813,0.460256,-0.112881,0.812813,0.460256,0.000000,-0.009159,0.000000,0.009159,-0.005798,-0.023092,0.000163,0.023810,1.446635,0.564211,0.607962,0.000097,-1.498660,-1.319087,0.076790,0.014831,0.336409,0.000000,0.436325,0.075477,0.183820,-0.355880,0.031291,-0.081216,0.086048,-0.042976,3.0000,2.0000,2.0000,0.0000,4.0000,25.8532,24.9385,40.7819,-4.1315,22.0008,,,
1786588957831617920,2026-08-13T09:42:37.831637,ground_truth,0.010790,0.568000,0.102093,True,,,,,,,,,-0.112881,0.812746,0.460259,-0.112881,0.812746,0.460259,-0.112881,0.812746,0.460259,-0.000010,-0.001837,0.000073,0.001838,-0.000005,-0.009092,0.000040,0.009092,1.446635,0.564211,0.607962,0.000097,-1.498660,-1.319087,0.076790,0.014831,0.336409,0.000000,0.436325,0.075477,0.183820,-0.355880,0.031291,-0.081216,0.086048,-0.042976,3.0000,2.0000,2.0000,0.0000,4.0000,25.5573,24.8589,41.0844,-3.8140,22.1902,,,
1786588957867347101,2026-08-13T09:42:37.867368,ground_truth,0.010790,0.568000,0.102093,True,,,,,,,,,-0.112881,0.812746,0.460259,-0.112882,0.812466,0.460264,-0.112882,0.812466,0.460264,-0.000016,-0.006099,0.000117,0.006100,-0.000005,-0.009092,0.000040,0.009092,1.446635,0.564211,0.607962,0.000097,-1.498660,-1.319087,0.076790,0.014831,0.336409,0.000000,0.436325,0.075477,0.183820,-0.355880,0.031291,-0.081216,0.086048,-0.042976,3.0000,2.0000,2.0000,0.0000,4.0000,25.5338,24.8813,41.1398,-3.9362,21.8968,,,
1786588957909892341,2026-08-13T09:42:37.909915,ground_truth,0.010779,0.578000,0.102013,True,,,,,,,,,-0.112882,0.811876,0.460270,-0.112882,0.811876,0.460270,-0.112882,0.811876,0.460270,-0.000020,-0.016493,0.000150,0.016494,-0.000022,-0.013020,0.000161,0.013021,1.446635,0.564211,0.607962,0.000097,-1.498660,-1.319087,0.076790,0.014831,0.336409,0.000000,0.436325,0.075477,0.183820,-0.355880,0.031291,-0.081216,0.086048,-0.042976,3.0000,2.0000,2.0000,0.0000,4.0000,25.4847,24.8235,40.9867,-3.7396,21.8433,,,
1786588957950012791,2026-08-13T09:42:37.950034,ground_truth,0.010779,0.578000,0.102013,True,,,,,,,,,-0.112883,0.811225,0.460272,-0.112883,0.811225,0.460272,-0.112883,0.811225,0.460272,-0.000009,-0.015303,0.000063,0.015303,-0.000005,-0.009709,0.000040,0.009709,1.446635,0.564211,0.607962,0.000097,-1.498660,-1.319087,0.076790,0.014831,0.336409,0.000000,0.436325,0.075477,0.183820,-0.355880,0.031291,-0.081216,0.086048,-0.042976,3.0000,2.0000,2.0000,0.0000,4.0000,25.3396,24.6249,41.5317,-3.5201,21.2888,,,
1786588957981331106,2026-08-13T09:42:37.981351,ground_truth,0.010784,0.573000,0.102053,True,,,,,,,,,-0.112883,0.811225,0.460272,-0.112883,0.811095,0.460272,-0.112883,0.811095,0.460272,0.000000,-0.003269,0.000000,0.003269,-0.000005,-0.009709,0.000040,0.009709,1.446635,0.564211,0.607962,0.000097,-1.498660,-1.319087,0.076790,0.014831,0.336409,0.000000,0.436325,0.075477,0.183820,-0.355880,0.031291,-0.081216,0.086048,-0.042976,3.0000,2.0000,2.0000,0.0000,4.0000,25.1972,24.5778,41.5695,-4.0710,21.4834,,,
1786588958019771855,2026-08-13T09:42:38.019793,ground_truth,0.010795,0.563000,0.102134,True,,,,,,,,,-0.112883,0.810802,0.460278,-0.112883,0.810802,0.460278,-0.112883,0.810802,0.460278,-0.000023,-0.009362,0.000172,0.009363,-0.000011,-0.006368,0.000081,0.006369,1.446635,0.564211,0.607962,0.000097,-1.498660,-1.319087,0.076790,0.014831,0.336409,0.000000,0.436325,0.075477,0.183820,-0.355880,0.031291,-0.081216,0.086048,-0.042976,3.0000,2.0000,2.0000,0.0000,4.0000,25.0805,24.3053,42.2692,-3.6005,20.9979,,,
1786588958062155196,2026-08-13T09:42:38.062176,ground_truth,0.010790,0.568000,0.102093,True,,,,,,,,,-0.112883,0.810802,0.460278,-0.112885,0.810477,0.460286,-0.112885,0.810477,0.460286,-0.000028,-0.008462,0.000210,0.008465,-0.000011,-0.006368,0.000081,0.006369,1.482773,0.570810,0.518406,0.000075,-1.379107,-1.356093,0.096423,0.029231,0.275322,0.000000,0.366077,0.097294,0.101360,-0.326620,0.043160,-0.081152,0.083712,-0.039968,3.0000,2.0000,2.0000,0.0000,4.0000,25.0303,24.2723,42.0906,-3.3262,21.0397,,,
1786588958094529088,2026-08-13T09:42:38.094548,ground_truth,0.010795,0.563000,0.102134,True,,,,,,,,,-0.112885,0.809878,0.460291,-0.112885,0.809878,0.460291,-0.112885,0.809878,0.460291,-0.000017,-0.014119,0.000127,0.014120,-0.000027,-0.013919,0.000202,0.013921,1.485942,0.571855,0.508405,0.000075,-1.366010,-1.359337,0.081592,0.029231,0.280995,0.000000,0.360838,0.083766,0.115220,-0.317660,0.036188,-0.080544,0.078752,-0.040480,3.0000,2.0000,2.0000,0.0000,4.0000,25.0265,24.2922,41.6098,-3.0574,21.1133,,,
1786588958135582696,2026-08-13T09:42:38.135603,ground_truth,0.010806,0.553000,0.102214,True,,,,,,,,,-0.112885,0.809878,0.460291,-0.112886,0.808959,0.460299,-0.112886,0.808959,0.460299,-0.000033,-0.028138,0.000247,0.028140,-0.000027,-0.013919,0.000202,0.013921,1.488934,0.573097,0.497104,0.000075,-1.351522,-1.362356,0.070243,0.032720,0.284482,0.000000,0.360838,0.067629,0.112840,-0.318360,0.028054,-0.080480,0.072704,-0.035680,3.0000,2.0000,2.0000,0.0000,4.0000,25.0751,24.3217,40.9800,-3.1905,21.4528,,,
1786588958166666931,2026-08-13T09:42:38.166685,ground_truth,0.010801,0.558000,0.099286,True,,,,,,,,,-0.112887,0.807975,0.460307,-0.112887,0.807975,0.460307,-0.112887,0.807975,0.460307,-0.000026,-0.023946,0.000196,0.023947,-0.000033,-0.028720,0.000243,0.028721,1.490737,0.574018,0.489007,0.000075,-1.341444,-1.364113,0.061958,0.032720,0.293650,0.000000,0.361280,0.059340,0.102900,-0.318640,0.031374,-0.080384,0.076800,-0.036640,3.0000,2.0000,2.0000,0.0000,4.0000,25.2232,24.3524,42.1551,-2.3578,20.0132,,,
1786588958204879211,2026-08-13T09:42:38.204900,ground_truth,0.010812,0.548000,0.099350,True,,,,,,,,,-0.112887,0.807975,0.460307,-0.112888,0.807245,0.460120,-0.112888,0.807245,0.460120,-0.000023,-0.023512,-0.006027,0.024272,-0.000033,-0.028720,0.000243,0.028721,1.492939,0.575279,0.476858,0.000065,-1.326601,-1.366247,0.049303,0.029231,0.312408,0.000000,0.382655,0.048432,0.083580,-0.356720,0.028386,-0.079872,0.082368,-0.036352,3.0000,2.0000,2.0000,0.0000,4.0000,25.2534,24.3928,42.3011,-2.5801,20.2137,,,
1786588958238346073,2026-08-13T09:42:38.238369,ground_truth,0.010795,0.563000,0.099254,True,,,,,,,,,-0.112887,0.807975,0.460307,-0.112889,0.806299,0.459935,-0.112889,0.806299,0.459935,-0.000028,-0.024772,-0.004859,0.025244,-0.000033,-0.028720,0.000243,0.028721,1.494559,0.576207,0.465237,0.000065,-1.312491,-1.367832,0.042318,0.023122,0.328989,0.000000,0.398803,0.040142,0.094220,-0.345240,0.028220,-0.082432,0.083776,-0.038688,3.0000,2.0000,2.0000,0.0000,4.0000,25.3115,24.4939,42.4010,-1.8420,20.3356,,,
1786588958296892458,2026-08-13T09:42:38.296912,ground_truth,0.010806,0.553000,0.096422,True,,,,,,,,,-0.112890,0.805576,0.459745,-0.112890,0.805576,0.459745,-0.112890,0.805576,0.459745,-0.000011,-0.021413,-0.005610,0.022135,-0.000016,-0.017881,-0.004189,0.018365,1.496624,0.577415,0.445058,0.000065,-1.287806,-1.369912,0.027925,0.017889,0.340335,0.000000,0.423239,0.029665,0.092680,-0.326340,0.028718,-0.083936,0.086496,-0.031840,3.0000,2.0000,2.0000,0.0000,4.0000,25.3301,24.3573,42.7070,-1.2040,20.4470,,,
1786588958342354686,2026-08-13T09:42:38.342374,ground_truth,0.010803,0.555500,0.096410,True,,,,,,,,,-0.112890,0.805576,0.459745,-0.112891,0.804632,0.459367,-0.112891,0.804632,0.459367,-0.000019,-0.016119,-0.006452,0.017362,-0.000016,-0.017881,-0.004189,0.018365,1.497356,0.577840,0.435474,0.000065,-1.275884,-1.370591,0.024429,0.012649,0.342082,0.000000,0.428478,0.021375,0.085120,-0.356720,0.033947,-0.086496,0.093888,-0.031904,3.0000,2.0000,2.0000,0.0000,4.0000,25.4014,24.5992,43.2200,0.2072,20.2640,,,
1786588958374048769,2026-08-13T09:42:38.374082,ground_truth,0.010784,0.573000,0.093464,True,,,,,,,,,-0.112891,0.804632,0.459367,-0.112892,0.803776,0.458991,-0.112892,0.803776,0.458991,-0.000028,-0.018868,-0.008296,0.020612,-0.000016,-0.014154,-0.005666,0.015246,1.497356,0.577840,0.435474,0.000065,-1.275884,-1.370591,0.024429,0.012649,0.342082,0.000000,0.428478,0.021375,0.085120,-0.356720,0.033947,-0.086496,0.093888,-0.031904,3.0000,2.0000,2.0000,0.0000,4.0000,25.2761,24.5310,42.8452,0.5154,20.0479,,,
1786588958410062163,2026-08-13T09:42:38.410076,ground_truth,0.013683,0.558000,0.093510,True,,,,,,,,,-0.112891,0.804632,0.459367,-0.112892,0.802672,0.458421,-0.112892,0.802672,0.458421,-0.000011,-0.034888,-0.018003,0.039259,-0.000016,-0.014154,-0.005666,0.015246,1.497356,0.577840,0.435474,0.000065,-1.275884,-1.370591,0.024429,0.012649,0.342082,0.000000,0.428478,0.021375,0.085120,-0.356720,0.033947,-0.086496,0.093888,-0.031904,2.0000,2.0000,2.0000,0.0000,3.0000,24.8230,24.1153,43.1122,0.7151,19.5281,,,
1786588958443650481,2026-08-13T09:42:38.443664,ground_truth,0.013697,0.553000,0.090630,True,,,,,,,,,-0.112892,0.802672,0.458421,-0.113085,0.801651,0.457849,-0.113085,0.801651,0.457849,-0.005349,-0.028311,-0.015868,0.032893,-0.000024,-0.029328,-0.014157,0.032566,1.497356,0.577840,0.435474,0.000065,-1.275884,-1.370591,0.024429,0.012649,0.342082,0.000000,0.428478,0.021375,0.085120,-0.356720,0.033947,-0.086496,0.093888,-0.031904,2.0000,2.0000,2.0000,0.0000,3.0000,24.7460,24.0601,42.8788,1.0053,19.3875,,,
1786588958478298041,2026-08-13T09:42:38.478315,ground_truth,0.010801,0.558000,0.087735,True,,,,,,,,,-0.113279,0.800913,0.457085,-0.113279,0.800913,0.457085,-0.113279,0.800913,0.457085,-0.005831,-0.022193,-0.022997,0.032486,-0.005849,-0.026597,-0.020214,0.033915,1.497637,0.577990,0.431363,0.000065,-1.270721,-1.370828,0.022685,0.013087,0.342082,0.000000,0.428478,0.018756,0.070560,-0.356440,0.031706,-0.087104,0.091616,-0.034240,3.0000,2.0000,2.0000,0.0000,4.0000,25.0080,24.2491,43.1284,1.7662,18.5474,,,
1786588958515085066,2026-08-13T09:42:38.515105,ground_truth,0.010790,0.568000,0.084866,True,,,,,,,,,-0.113279,0.800913,0.457085,-0.113280,0.800232,0.456133,-0.113280,0.800232,0.456133,-0.000041,-0.019453,-0.027197,0.033438,-0.005849,-0.026597,-0.020214,0.033915,1.497637,0.577990,0.431363,0.000065,-1.270721,-1.370828,0.022685,0.013087,0.342082,0.000000,0.428478,0.018756,0.070560,-0.356440,0.031706,-0.087104,0.091616,-0.034240,2.0000,2.0000,2.0000,0.0000,3.0000,24.8349,24.2215,42.3013,3.1538,18.5762,,,
1786588958549577024,2026-08-13T09:42:38.549598,ground_truth,0.010817,0.543000,0.081907,True,,,,,,,,,-0.113281,0.799030,0.454990,-0.113281,0.799030,0.454990,-0.113281,0.799030,0.454990,-0.000020,-0.032848,-0.031218,0.045316,-0.000032,-0.028091,-0.031243,0.042015,1.497637,0.577990,0.431363,0.000065,-1.270721,-1.370828,0.022685,0.013087,0.342082,0.000000,0.428478,0.018756,0.070560,-0.356440,0.031706,-0.087104,0.091616,-0.034240,2.0000,2.0000,2.0000,0.0000,3.0000,24.8266,24.2972,42.0658,3.5793,18.9495,,,
1786588958583333407,2026-08-13T09:42:38.583354,ground_truth,0.010790,0.568000,0.076252,True,,,,,,,,,-0.113281,0.799030,0.454990,-0.113283,0.797722,0.453647,-0.113283,0.797722,0.453647,-0.000063,-0.037912,-0.038952,0.054356,-0.000032,-0.028091,-0.031243,0.042015,1.497637,0.577990,0.431363,0.000065,-1.270721,-1.370828,0.022685,0.013087,0.342082,0.000000,0.428478,0.018756,0.070560,-0.356440,0.031706,-0.087104,0.091616,-0.034240,3.0000,2.0000,2.0000,0.0000,4.0000,25.5537,25.0142,41.8228,5.7945,18.9352,,,
1786588958617686427,2026-08-13T09:42:38.617707,ground_truth,0.010795,0.563000,0.070459,True,,,,,,,,,-0.113283,0.797194,0.451921,-0.113283,0.797194,0.451921,-0.113283,0.797194,0.451921,0.000011,-0.015451,-0.050481,0.052793,-0.000027,-0.027672,-0.046265,0.053909,1.499819,0.580369,0.342424,0.000054,-1.165126,-1.374105,0.006540,0.013087,0.263976,0.000000,0.312406,0.013517,0.091980,-0.335300,0.048887,-0.092288,0.081216,-0.031296,3.0000,2.0000,2.0000,0.0000,4.0000,25.3655,25.0044,40.8777,6.6332,18.9708,,,
1786588958654906266,2026-08-13T09:42:38.654930,ground_truth,0.010801,0.558000,0.064632,True,,,,,,,,,-0.113283,0.797194,0.451921,-0.113283,0.796822,0.449812,-0.113283,0.796822,0.449812,-0.000011,-0.010999,-0.062311,0.063274,-0.000027,-0.027672,-0.046265,0.053909,1.499917,0.580695,0.337279,0.000043,-1.158734,-1.374310,0.005233,0.017889,0.254816,0.000000,0.323315,0.007847,0.101360,-0.323820,0.045235,-0.091168,0.073856,-0.032000,3.0000,2.0000,2.0000,0.0000,4.0000,25.4126,25.0620,39.4183,6.6225,19.1126,,,
1786588958691799107,2026-08-13T09:42:38.691846,ground_truth,0.010795,0.563000,0.061820,True,,,,,,,,,-0.113284,0.796747,0.447312,-0.113284,0.796747,0.447312,-0.113284,0.796747,0.447312,-0.000010,-0.002004,-0.067274,0.067304,-0.000011,-0.006598,-0.068068,0.068387,1.499917,0.580695,0.337279,0.000043,-1.158734,-1.374310,0.005233,0.017889,0.254816,0.000000,0.323315,0.007847,0.101360,-0.323820,0.045235,-0.091168,0.073856,-0.032000,3.0000,2.0000,2.0000,0.0000,4.0000,25.3242,24.8938,39.2448,7.0046,19.0153,,,
1786588958727559692,2026-08-13T09:42:38.727581,ground_truth,0.013697,0.553000,0.058773,True,,,,,,,,,-0.113284,0.796747,0.447312,-0.113283,0.796733,0.444619,-0.113283,0.796733,0.444619,0.000019,-0.000400,-0.072391,0.072392,-0.000011,-0.006598,-0.068068,0.068387,1.499917,0.580695,0.337279,0.000043,-1.158734,-1.374310,0.005233,0.017889,0.254816,0.000000,0.323315,0.007847,0.101360,-0.323820,0.045235,-0.091168,0.073856,-0.032000,3.0000,2.0000,2.0000,0.0000,4.0000,25.1233,24.9424,38.3345,6.8833,19.1069,,,
1786588958767213770,2026-08-13T09:42:38.767233,ground_truth,0.013738,0.538000,0.055601,True,,,,,,,,,-0.113476,0.796730,0.441918,-0.113476,0.796730,0.441918,-0.113476,0.796730,0.441918,-0.005426,-0.000084,-0.075907,0.076101,-0.002929,-0.000272,-0.082135,0.082188,1.499917,0.580695,0.337279,0.000043,-1.158734,-1.374310,0.005233,0.017889,0.254816,0.000000,0.323315,0.007847,0.101360,-0.323820,0.045235,-0.091168,0.073856,-0.032000,3.0000,2.0000,2.0000,0.0000,4.0000,25.0100,25.2079,38.8666,9.1057,18.6859,,,
1786588958798685417,2026-08-13T09:42:38.798706,ground_truth,0.016675,0.533000,0.049651,True,,,,,,,,,-0.113476,0.796730,0.441918,-0.113671,0.796729,0.439002,-0.113671,0.796729,0.439002,-0.004940,-0.000015,-0.073866,0.074031,-0.002929,-0.000272,-0.082135,0.082188,1.500035,0.581068,0.332268,0.000043,-1.152213,-1.374472,0.006540,0.019634,0.249143,0.000000,0.331173,0.008289,0.098140,-0.312760,0.038014,-0.089888,0.079360,-0.033568,2.0000,2.0000,2.0000,0.0000,3.0000,24.5255,24.9658,38.5842,8.2822,18.3662,,,
1786588958841261296,2026-08-13T09:42:38.841282,ground_truth,0.016653,0.538000,0.046839,True,,,,,,,,,-0.114063,0.795662,0.435695,-0.114063,0.795662,0.435695,-0.114063,0.795662,0.435695,-0.012402,-0.033754,-0.104632,0.110639,-0.008814,-0.016026,-0.093443,0.095216,1.501746,0.584491,0.283642,0.000043,-1.083279,-1.374817,0.008285,0.014394,0.284482,0.000000,0.393133,0.000000,0.078120,-0.338520,0.024319,-0.086560,0.075200,-0.014304,2.0000,2.0000,2.0000,0.0000,3.0000,24.4888,25.1723,38.2632,8.3069,18.5711,,,
1786588958872737860,2026-08-13T09:42:38.872758,ground_truth,0.016653,0.538000,0.043918,True,,,,,,,,,-0.114063,0.795662,0.435695,-0.114453,0.794649,0.432389,-0.114453,0.794649,0.432389,-0.009134,-0.023745,-0.077457,0.081528,-0.008814,-0.016026,-0.093443,0.095216,1.501949,0.584870,0.275605,0.000043,-1.072435,-1.374806,0.006540,0.011342,0.290155,0.000000,0.379605,0.000000,0.075320,-0.350840,0.025813,-0.084480,0.077376,-0.006976,2.0000,2.0000,2.0000,0.0000,3.0000,24.4248,25.4714,37.7895,8.1480,20.0571,,,
1786588958911100137,2026-08-13T09:42:38.911123,ground_truth,0.016631,0.543000,0.041130,True,,,,,,,,,-0.114063,0.795662,0.435695,-0.114843,0.793513,0.428890,-0.114843,0.793513,0.428890,-0.012480,-0.036355,-0.111991,0.118404,-0.008814,-0.016026,-0.093443,0.095216,1.502145,0.585158,0.264995,0.000043,-1.059446,-1.374806,0.003051,0.006540,0.297575,0.000000,0.339894,0.000000,0.079940,-0.353920,0.016849,-0.085440,0.070752,-0.005856,2.0000,2.0000,2.0000,0.0000,3.0000,24.3309,25.5272,37.8551,7.8047,19.5981,,,
1786588958942785940,2026-08-13T09:42:38.942805,ground_truth,0.016653,0.538000,0.040997,True,,,,,,,,,-0.114063,0.795662,0.435695,-0.115233,0.792352,0.425401,-0.115233,0.792352,0.425401,-0.010178,-0.030306,-0.091108,0.096554,-0.008814,-0.016026,-0.093443,0.095216,1.502250,0.585334,0.255463,0.000043,-1.049453,-1.374806,0.001744,0.004796,0.295397,0.000000,0.288412,0.000000,0.093520,-0.348040,0.031706,-0.086336,0.065632,-0.011360,2.0000,2.0000,2.0000,0.0000,3.0000,24.5866,25.8961,37.0744,7.6081,20.4102,,,
1786588958975988121,2026-08-13T09:42:38.976014,ground_truth,0.016675,0.533000,0.037935,True,,,,,,,,,-0.115233,0.792352,0.425401,-0.115431,0.791053,0.421900,-0.115431,0.791053,0.421900,-0.006261,-0.041067,-0.110696,0.118234,-0.008771,-0.024823,-0.077200,0.081566,1.502295,0.585432,0.249574,0.000043,-1.043988,-1.374806,0.003051,0.004796,0.293650,0.000000,0.263975,0.000000,0.089460,-0.347200,0.020501,-0.086496,0.060832,-0.016256,2.0000,2.0000,2.0000,0.0000,3.0000,24.4436,25.7350,37.0751,8.0444,20.2099,,,
1786588959013836619,2026-08-13T09:42:39.013856,ground_truth,0.016631,0.543000,0.038218,True,,,,,,,,,-0.115233,0.792352,0.425401,-0.115629,0.789727,0.418387,-0.115629,0.789727,0.418387,-0.005907,-0.039460,-0.104510,0.111867,-0.008771,-0.024823,-0.077200,0.081566,1.502380,0.585628,0.235842,0.000043,-1.033371,-1.374827,0.001744,0.003489,0.280556,0.000000,0.188929,0.003051,0.089180,-0.338800,0.033200,-0.086208,0.059904,-0.027104,2.0000,2.0000,2.0000,0.0000,3.0000,24.1307,25.4311,36.5802,7.2762,20.0941,,,
1786588959048165559,2026-08-13T09:42:39.048185,ground_truth,0.016697,0.528000,0.037793,True,,,,,,,,,-0.115233,0.792352,0.425401,-0.116018,0.788395,0.415086,-0.116018,0.788395,0.415086,-0.010332,-0.035406,-0.087751,0.095188,-0.008771,-0.024823,-0.077200,0.081566,1.502439,0.585772,0.227024,0.000043,-1.028110,-1.374838,0.001744,0.004796,0.271396,0.000000,0.148345,0.000000,0.094500,-0.343700,0.035109,-0.085888,0.050208,-0.034016,2.0000,2.0000,2.0000,0.0000,3.0000,24.2893,25.6451,35.7262,7.9657,19.9133,,,
1786588959081425095,2026-08-13T09:42:39.081443,ground_truth,0.016697,0.528000,0.037793,True,,,,,,,,,-0.116412,0.786795,0.411948,-0.116412,0.786795,0.411948,-0.116412,0.786795,0.411948,-0.011385,-0.046249,-0.090726,0.102468,-0.008836,-0.041646,-0.100826,0.109446,1.502439,0.585772,0.227024,0.000043,-1.028110,-1.374838,0.001744,0.004796,0.271396,0.000000,0.148345,0.000000,0.094500,-0.343700,0.035109,-0.085888,0.050208,-0.034016,2.0000,2.0000,2.0000,0.0000,3.0000,24.2181,25.5791,35.9070,7.7173,19.5925,,,
1786588959113707066,2026-08-13T09:42:39.113728,ground_truth,0.016653,0.538000,0.038076,True,,,,,,,,,-0.116412,0.786795,0.411948,-0.116804,0.784875,0.409007,-0.116804,0.784875,0.409007,-0.011887,-0.058223,-0.089184,0.107168,-0.008836,-0.041646,-0.100826,0.109446,1.502439,0.585772,0.227024,0.000043,-1.028110,-1.374838,0.001744,0.004796,0.271396,0.000000,0.148345,0.000000,0.094500,-0.343700,0.035109,-0.085888,0.050208,-0.034016,2.0000,2.0000,2.0000,0.0000,3.0000,24.1024,25.6059,35.6455,7.3117,19.4131,,,
1786588959183465977,2026-08-13T09:42:39.183496,ground_truth,0.016653,0.538000,0.038076,True,,,,,,,,,-0.117195,0.782358,0.406462,-0.117195,0.782358,0.406462,-0.117195,0.782358,0.406462,-0.012056,-0.077643,-0.078497,0.111066,-0.011730,-0.066484,-0.082196,0.106367,1.502439,0.585772,0.227024,0.000043,-1.028110,-1.374838,0.001744,0.004796,0.271396,0.000000,0.148345,0.000000,0.094500,-0.343700,0.035109,-0.085888,0.050208,-0.034016,2.0000,2.0000,2.0000,0.0000,3.0000,24.0621,25.7349,34.9396,6.9552,19.4335,,,
1786588959242676020,2026-08-13T09:42:39.242696,ground_truth,0.016719,0.523000,0.037652,True,,,,,,,,,-0.117585,0.780521,0.404303,-0.117585,0.780521,0.404303,-0.117585,0.780521,0.404303,-0.005537,-0.026045,-0.030612,0.040572,-0.005860,-0.027562,-0.032394,0.042935,1.502589,0.586517,0.177580,0.000032,-1.016091,-1.375226,0.000000,0.004796,0.243909,0.000000,0.027045,0.002609,0.105980,-0.329840,0.039093,-0.083936,0.048096,-0.035904,2.0000,2.0000,2.0000,0.0000,3.0000,24.0315,25.4803,36.8631,7.1992,18.7125,,,
1786588959284723198,2026-08-13T09:42:39.284745,ground_truth,0.016719,0.523000,0.037652,True,,,,,,,,,-0.117585,0.780521,0.404303,-0.117980,0.778821,0.402504,-0.117980,0.778821,0.402504,-0.006751,-0.029102,-0.030779,0.042893,-0.005860,-0.027562,-0.032394,0.042935,1.502589,0.586517,0.177580,0.000032,-1.016091,-1.375226,0.000000,0.004796,0.243909,0.000000,0.027045,0.002609,0.105980,-0.329840,0.039093,-0.083936,0.048096,-0.035904,2.0000,2.0000,2.0000,0.0000,3.0000,24.1961,25.5829,36.0809,8.0808,18.8494,,,
1786588959323069089,2026-08-13T09:42:39.323089,ground_truth,0.013795,0.517000,0.037482,True,,,,,,,,,-0.117585,0.780521,0.404303,-0.118374,0.776347,0.400893,-0.118374,0.776347,0.400893,-0.009369,-0.058683,-0.038226,0.070659,-0.005860,-0.027562,-0.032394,0.042935,1.502589,0.586517,0.177580,0.000032,-1.016091,-1.375226,0.000000,0.004796,0.243909,0.000000,0.027045,0.002609,0.105980,-0.329840,0.039093,-0.083936,0.048096,-0.035904,2.0000,2.0000,2.0000,0.0000,3.0000,24.2195,25.7369,35.8194,8.5880,19.1501,,,
1786588959358561295,2026-08-13T09:42:39.358585,ground_truth,0.013822,0.507000,0.037199,True,,,,,,,,,-0.118381,0.773986,0.399474,-0.118381,0.773986,0.399474,-0.118381,0.773986,0.399474,-0.000172,-0.061746,-0.037115,0.072043,-0.005960,-0.048935,-0.036159,0.061137,1.502589,0.586517,0.177580,0.000032,-1.016091,-1.375226,0.000000,0.004796,0.243909,0.000000,0.027045,0.002609,0.105980,-0.329840,0.039093,-0.083936,0.048096,-0.035904,2.0000,2.0000,2.0000,0.0000,3.0000,24.2964,25.8345,35.4326,8.1236,19.1604,,,
1786588959426603419,2026-08-13T09:42:39.426627,ground_truth,0.013779,0.523000,0.037652,True,,,,,,,,,-0.118387,0.771593,0.398247,-0.118387,0.771593,0.398247,-0.118387,0.771593,0.398247,-0.000158,-0.066653,-0.034181,0.074907,-0.000085,-0.035985,-0.018454,0.040441,1.502589,0.586517,0.177580,0.000032,-1.016091,-1.375226,0.000000,0.004796,0.243909,0.000000,0.027045,0.002609,0.105980,-0.329840,0.039093,-0.083936,0.048096,-0.035904,2.0000,2.0000,2.0000,0.0000,3.0000,24.1168,25.7594,35.8147,7.2265,19.3723,,,
1786588959470354231,2026-08-13T09:42:39.470378,ground_truth,0.013795,0.517000,0.037482,True,,,,,,,,,-0.118387,0.771593,0.398247,-0.118194,0.769995,0.397447,-0.118194,0.769995,0.397447,0.002853,-0.023622,-0.011822,0.026568,-0.000085,-0.035985,-0.018454,0.040441,1.502596,0.586589,0.174680,0.000032,-1.015757,-1.375269,0.000000,0.004796,0.241723,0.000000,0.026614,0.002609,0.102480,-0.326340,0.031125,-0.083936,0.047488,-0.035520,2.0000,2.0000,2.0000,0.0000,3.0000,24.2560,26.0844,35.5559,6.7094,19.1712,,,
1786588959514125624,2026-08-13T09:42:39.514147,ground_truth,0.013765,0.528000,0.037793,True,,,,,,,,,-0.118387,0.771593,0.398247,-0.118003,0.768555,0.396823,-0.118003,0.768555,0.396823,0.004351,-0.032881,-0.014247,0.036098,-0.000085,-0.035985,-0.018454,0.040441,1.503014,0.588111,0.119601,0.000032,-1.014033,-1.375862,0.003051,0.006540,0.241723,0.000000,0.002609,0.003051,0.092680,-0.327320,0.021497,-0.077696,-0.008640,-0.036576,2.0000,2.0000,2.0000,0.0000,3.0000,24.1950,25.9643,36.1382,6.7114,19.1020,,,
1786588959557619211,2026-08-13T09:42:39.557641,ground_truth,0.013822,0.507000,0.037199,True,,,,,,,,,-0.117811,0.767467,0.396415,-0.117811,0.767467,0.396415,-0.117811,0.767467,0.396415,0.004409,-0.024915,-0.009351,0.026975,0.004318,-0.030928,-0.013732,0.034114,1.503014,0.588111,0.119601,0.000032,-1.014033,-1.375862,0.003051,0.006540,0.241723,0.000000,0.002609,0.003051,0.092680,-0.327320,0.021497,-0.077696,-0.008640,-0.036576,2.0000,2.0000,2.0000,0.0000,3.0000,24.6993,26.6745,35.4424,6.7885,19.7493,,,
1786588959604587696,2026-08-13T09:42:39.604612,ground_truth,0.013809,0.512000,0.037341,True,,,,,,,,,-0.117811,0.767467,0.396415,-0.117623,0.766130,0.396153,-0.117623,0.766130,0.396153,0.004304,-0.030748,-0.006024,0.031627,0.004318,-0.030928,-0.013732,0.034114,1.503014,0.588111,0.119601,0.000032,-1.014033,-1.375862,0.003051,0.006540,0.241723,0.000000,0.002609,0.003051,0.092680,-0.327320,0.021497,-0.077696,-0.008640,-0.036576,2.0000,2.0000,2.0000,0.0000,3.0000,24.6726,26.5497,35.7651,6.3969,19.6279,,,
1786588959648510742,2026-08-13T09:42:39.648534,ground_truth,0.013809,0.512000,0.037341,True,,,,,,,,,-0.117434,0.764476,0.395909,-0.117434,0.764476,0.395909,-0.117434,0.764476,0.395909,0.004020,-0.035074,-0.005168,0.035680,0.005697,-0.045229,-0.007647,0.046223,1.503014,0.588111,0.119601,0.000032,-1.014033,-1.375862,0.003051,0.006540,0.241723,0.000000,0.002609,0.003051,0.092680,-0.327320,0.021497,-0.077696,-0.008640,-0.036576,2.0000,2.0000,2.0000,0.0000,3.0000,24.8501,26.6701,35.8390,6.3721,20.0709,,,
1786588959702187284,2026-08-13T09:42:39.702223,ground_truth,0.010833,0.528000,0.034856,True,,,,,,,,,-0.117243,0.762758,0.395869,-0.117243,0.762758,0.395869,-0.117243,0.762758,0.395869,0.004169,-0.037474,-0.000864,0.037715,0.002769,-0.024894,-0.000574,0.025054,1.504856,0.589405,0.063987,0.000032,-1.011758,-1.377630,0.011342,0.001307,0.267902,0.000000,0.021807,0.010467,0.103740,-0.342440,0.024485,-0.077312,0.047104,-0.033952,2.0000,2.0000,2.0000,0.0000,3.0000,24.9280,26.8260,35.8015,5.7262,19.8348,,,
1786588959755135232,2026-08-13T09:42:39.755159,ground_truth,0.010851,0.512000,0.037341,True,,,,,,,,,-0.116856,0.761028,0.395645,-0.116856,0.761028,0.395645,-0.116856,0.761028,0.395645,0.007403,-0.033136,-0.004292,0.034223,0.005967,-0.026709,-0.003460,0.027585,1.504856,0.589405,0.063987,0.000032,-1.011758,-1.377630,0.011342,0.001307,0.267902,0.000000,0.021807,0.010467,0.103740,-0.342440,0.024485,-0.077312,0.047104,-0.033952,2.0000,2.0000,2.0000,0.0000,3.0000,24.8560,26.6067,36.3408,6.1110,20.0445,,,
1786588959803368149,2026-08-13T09:42:39.803392,ground_truth,0.010845,0.517000,0.034527,True,,,,,,,,,-0.116856,0.761028,0.395645,-0.116466,0.759562,0.395615,-0.116466,0.759562,0.395615,0.007439,-0.027983,-0.000576,0.028961,0.005967,-0.026709,-0.003460,0.027585,1.504856,0.589405,0.063987,0.000032,-1.011758,-1.377630,0.011342,0.001307,0.267902,0.000000,0.021807,0.010467,0.103740,-0.342440,0.024485,-0.077312,0.047104,-0.033952,2.0000,2.0000,2.0000,0.0000,3.0000,24.9245,26.7184,35.9107,5.6178,19.9271,,,
1786588959858011092,2026-08-13T09:42:39.858033,ground_truth,0.010851,0.512000,0.034377,True,,,,,,,,,-0.116076,0.758682,0.395397,-0.116076,0.758682,0.395397,-0.116076,0.758682,0.395397,0.008080,-0.018225,-0.004511,0.020440,0.011662,-0.035082,-0.003708,0.037155,1.504856,0.589405,0.063987,0.000032,-1.011758,-1.377630,0.011342,0.001307,0.267902,0.000000,0.021807,0.010467,0.103740,-0.342440,0.024485,-0.077312,0.047104,-0.033952,2.0000,2.0000,2.0000,0.0000,3.0000,24.8629,26.5716,36.8564,6.2322,20.0192,,,
1786588959912849480,2026-08-13T09:42:39.912870,ground_truth,0.010833,0.528000,0.034856,True,,,,,,,,,-0.115689,0.757653,0.395151,-0.115689,0.757653,0.395151,-0.115689,0.757653,0.395151,0.007088,-0.018860,-0.004519,0.020649,0.005841,-0.015543,-0.003724,0.017017,1.507463,0.587817,0.025198,0.000032,-1.007554,-1.380271,0.013087,0.020940,0.081593,0.000000,0.018756,0.013517,0.100380,-0.639800,0.079514,-0.084320,0.045088,-0.031744,2.0000,2.0000,2.0000,0.0000,3.0000,24.7532,26.4867,37.2062,6.0502,20.2391,,,
1786588959950355658,2026-08-13T09:42:39.950377,ground_truth,0.010839,0.523000,0.034706,True,,,,,,,,,-0.115302,0.756327,0.394936,-0.115302,0.756327,0.394936,-0.115302,0.756327,0.394936,0.007070,-0.024160,-0.003912,0.025476,0.005780,-0.019754,-0.003199,0.020829,1.507463,0.587817,0.025198,0.000032,-1.007554,-1.380271,0.013087,0.020940,0.081593,0.000000,0.018756,0.013517,0.100380,-0.639800,0.079514,-0.084320,0.045088,-0.031744,2.0000,2.0000,2.0000,0.0000,3.0000,24.7252,26.3831,36.6951,6.3707,20.1188,,,
1786588959989260931,2026-08-13T09:42:39.989281,ground_truth,0.010833,0.528000,0.034856,True,,,,,,,,,-0.115302,0.756327,0.394936,-0.114910,0.755262,0.394740,-0.114910,0.755262,0.394740,0.010452,-0.028401,-0.005236,0.030713,0.005780,-0.019754,-0.003199,0.020829,1.507463,0.587817,0.025198,0.000032,-1.007554,-1.380271,0.013087,0.020940,0.081593,0.000000,0.018756,0.013517,0.100380,-0.639800,0.079514,-0.084320,0.045088,-0.031744,2.0000,2.0000,2.0000,0.0000,3.0000,24.5647,26.1555,36.9356,5.9914,19.9000,,,
1786588960024679754,2026-08-13T09:42:40.024702,ground_truth,0.013809,0.512000,0.034377,True,,,,,,,,,-0.114517,0.755315,0.394553,-0.114517,0.755315,0.394553,-0.114517,0.755315,0.394553,0.010127,0.001384,-0.004811,0.011297,0.011787,-0.015201,-0.005752,0.020078,1.507463,0.587817,0.025198,0.000032,-1.007554,-1.380271,0.013087,0.020940,0.081593,0.000000,0.018756,0.013517,0.100380,-0.639800,0.079514,-0.084320,0.045088,-0.031744,2.0000,2.0000,2.0000,0.0000,3.0000,24.3814,25.7827,36.9128,7.6688,19.7750,,,
1786588960060437579,2026-08-13T09:42:40.060460,ground_truth,0.016789,0.507000,0.034227,True,,,,,,,,,-0.114517,0.755315,0.394553,-0.114518,0.755326,0.394346,-0.114518,0.755326,0.394346,-0.000026,0.000302,-0.005827,0.005835,0.011787,-0.015201,-0.005752,0.020078,1.507672,0.587431,0.023971,0.000032,-1.007188,-1.380476,0.013087,0.026174,0.074173,0.000000,0.023995,0.013517,0.091980,-0.628880,0.074617,-0.084320,0.046304,-0.031072,2.0000,2.0000,2.0000,0.0000,3.0000,24.0410,25.4889,37.4089,8.1682,19.3650,,,
1786588960104593814,2026-08-13T09:42:40.104614,ground_truth,0.019695,0.517000,0.031571,True,,,,,,,,,-0.114716,0.755062,0.394148,-0.114716,0.755062,0.394148,-0.114716,0.755062,0.394148,-0.005511,-0.007372,-0.005522,0.010734,-0.003000,-0.003833,-0.006118,0.007818,1.507672,0.587431,0.023971,0.000032,-1.007188,-1.380476,0.013087,0.026174,0.074173,0.000000,0.023995,0.013517,0.091980,-0.628880,0.074617,-0.084320,0.046304,-0.031072,2.0000,2.0000,2.0000,0.0000,3.0000,23.5257,24.7546,37.9015,7.7787,19.1014,,,
1786588960144823806,2026-08-13T09:42:40.144843,ground_truth,0.025665,0.509500,0.025398,True,,,,,,,,,-0.115110,0.754742,0.393743,-0.115110,0.754742,0.393743,-0.115110,0.754742,0.393743,-0.009022,-0.007310,-0.009273,0.014860,-0.005898,-0.004779,-0.006062,0.009715,1.507672,0.587431,0.023971,0.000032,-1.007188,-1.380476,0.013087,0.026174,0.074173,0.000000,0.023995,0.013517,0.091980,-0.628880,0.074617,-0.084320,0.046304,-0.031072,2.0000,2.0000,2.0000,0.0000,3.0000,23.1137,24.2334,38.2999,7.5570,18.7213,,,
1786588960183706129,2026-08-13T09:42:40.183726,ground_truth,0.028654,0.507000,0.019367,True,,,,,,,,,-0.115110,0.754742,0.393743,-0.115902,0.754278,0.392937,-0.115902,0.754278,0.392937,-0.019542,-0.011457,-0.019895,0.030149,-0.005898,-0.004779,-0.006062,0.009715,1.507672,0.587431,0.023971,0.000032,-1.007188,-1.380476,0.013087,0.026174,0.074173,0.000000,0.023995,0.013517,0.091980,-0.628880,0.074617,-0.084320,0.046304,-0.031072,2.0000,2.0000,2.0000,0.0000,3.0000,21.6219,22.7470,39.1592,4.9810,19.2424,,,
1786588960216979982,2026-08-13T09:42:40.216999,ground_truth,0.034744,0.496000,0.018947,True,,,,,,,,,-0.116894,0.753465,0.391709,-0.116894,0.753465,0.391709,-0.116894,0.753465,0.391709,-0.025745,-0.021081,-0.031861,0.046068,-0.026319,-0.018836,-0.030009,0.044137,1.509665,0.576272,0.001465,0.000032,-0.996311,-1.382869,0.000000,0.045814,0.098604,0.000000,0.056721,0.000000,0.091420,-0.618100,0.045733,-0.066688,0.044416,-0.020544,2.0000,2.0000,2.0000,0.0000,3.0000,21.1433,22.2311,39.3064,4.9361,19.0569,,,
1786588960253152614,2026-08-13T09:42:40.253176,ground_truth,0.034516,0.512000,0.019558,True,,,,,,,,,-0.116894,0.753465,0.391709,-0.118289,0.752769,0.390492,-0.118289,0.752769,0.390492,-0.041358,-0.020635,-0.036082,0.058636,-0.026319,-0.018836,-0.030009,0.044137,1.509665,0.576272,0.001465,0.000032,-0.996311,-1.382869,0.000000,0.045814,0.098604,0.000000,0.056721,0.000000,0.091420,-0.618100,0.045733,-0.066688,0.044416,-0.020544,2.0000,2.0000,2.0000,0.0000,3.0000,20.6060,21.7100,39.3514,4.5624,18.7957,,,
1786588960291347498,2026-08-13T09:42:40.291371,ground_truth,0.037553,0.507000,0.016395,True,,,,,,,,,-0.119669,0.752364,0.389306,-0.119669,0.752364,0.389306,-0.119669,0.752364,0.389306,-0.038427,-0.011297,-0.033000,0.051897,-0.042056,-0.016696,-0.036406,0.058076,1.509665,0.576272,0.001465,0.000032,-0.996311,-1.382869,0.000000,0.045814,0.098604,0.000000,0.056721,0.000000,0.091420,-0.618100,0.045733,-0.066688,0.044416,-0.020544,2.0000,2.0000,2.0000,0.0000,3.0000,20.0487,21.0909,39.4326,3.6458,19.2473,,,
1786588960327165134,2026-08-13T09:42:40.327187,ground_truth,0.040432,0.512000,0.016594,True,,,,,,,,,-0.119669,0.752364,0.389306,-0.121252,0.752016,0.387910,-0.121252,0.752016,0.387910,-0.040883,-0.008984,-0.036064,0.055252,-0.042056,-0.016696,-0.036406,0.058076,1.509665,0.576272,0.001465,0.000032,-0.996311,-1.382869,0.000000,0.045814,0.098604,0.000000,0.056721,0.000000,0.091420,-0.618100,0.045733,-0.066688,0.044416,-0.020544,2.0000,2.0000,2.0000,0.0000,3.0000,19.5738,20.6886,38.9822,2.3418,19.7406,,,
1786588960363754347,2026-08-13T09:42:40.363775,ground_truth,0.040432,0.512000,0.016594,True,,,,,,,,,-0.123226,0.751946,0.386692,-0.123226,0.751946,0.386692,-0.123226,0.751946,0.386692,-0.055467,-0.001956,-0.034223,0.065204,-0.053431,-0.006271,-0.039272,0.066607,1.509665,0.576272,0.001465,0.000032,-0.996311,-1.382869,0.000000,0.045814,0.098604,0.000000,0.056721,0.000000,0.091420,-0.618100,0.045733,-0.066688,0.044416,-0.020544,2.0000,2.0000,2.0000,0.0000,3.0000,19.3084,20.5176,39.1223,2.2214,19.4962,,,
1786588960402721786,2026-08-13T09:42:40.402741,ground_truth,0.040432,0.512000,0.016594,True,,,,,,,,,-0.123226,0.751946,0.386692,-0.125198,0.751932,0.385309,-0.125198,0.751932,0.385309,-0.053899,-0.000380,-0.037802,0.065835,-0.053431,-0.006271,-0.039272,0.066607,1.509665,0.576272,0.001465,0.000032,-0.996311,-1.382869,0.000000,0.045814,0.098604,0.000000,0.056721,0.000000,0.091420,-0.618100,0.045733,-0.066688,0.044416,-0.020544,2.0000,2.0000,2.0000,0.0000,3.0000,19.0671,20.2675,39.4709,1.9409,19.5475,,,
1786588960437080934,2026-08-13T09:42:40.437102,ground_truth,0.040344,0.517000,0.016793,True,,,,,,,,,-0.127170,0.751663,0.384114,-0.127170,0.751663,0.384114,-0.127170,0.751663,0.384114,-0.050545,-0.006905,-0.030636,0.059507,-0.059759,-0.004293,-0.039066,0.071525,1.509665,0.576272,0.001465,0.000032,-0.996311,-1.382869,0.000000,0.045814,0.098604,0.000000,0.056721,0.000000,0.091420,-0.618100,0.045733,-0.066688,0.044416,-0.020544,2.0000,2.0000,2.0000,0.0000,3.0000,19.0413,20.1577,39.3972,1.7946,19.5126,,,
1786588960472952436,2026-08-13T09:42:40.472971,ground_truth,0.043486,0.507000,0.016395,True,,,,,,,,,-0.127170,0.751663,0.384114,-0.129136,0.751609,0.382942,-0.129136,0.751609,0.382942,-0.057544,-0.001577,-0.034307,0.067013,-0.059759,-0.004293,-0.039066,0.071525,1.509665,0.576272,0.001465,0.000032,-0.996311,-1.382869,0.000000,0.045814,0.098604,0.000000,0.056721,0.000000,0.091420,-0.618100,0.045733,-0.066688,0.044416,-0.020544,1.0000,2.0000,2.0000,0.0000,2.0000,18.8960,19.9669,40.0708,1.7537,19.3863,,,
1786588960509202548,2026-08-13T09:42:40.509220,ground_truth,0.043390,0.512000,0.016594,True,,,,,,,,,-0.131313,0.751331,0.381711,-0.131313,0.751331,0.381711,-0.131313,0.751331,0.381711,-0.060786,-0.007747,-0.034367,0.070256,-0.061896,-0.004950,-0.035900,0.071724,1.509665,0.576272,0.001465,0.000032,-0.996311,-1.382869,0.000000,0.045814,0.098604,0.000000,0.056721,0.000000,0.091420,-0.618100,0.045733,-0.066688,0.044416,-0.020544,2.0000,2.0000,2.0000,0.0000,3.0000,18.7758,20.0878,40.6125,0.9359,19.5698,,,
1786588960559208821,2026-08-13T09:42:40.559227,ground_truth,0.043486,0.507000,0.016395,True,,,,,,,,,-0.133483,0.750689,0.380503,-0.133483,0.750689,0.380503,-0.133483,0.750689,0.380503,-0.060017,-0.017760,-0.033394,0.070941,-0.032460,-0.009605,-0.018061,0.038368,1.509665,0.576272,0.001465,0.000032,-0.996311,-1.382869,0.000000,0.045814,0.098604,0.000000,0.056721,0.000000,0.091420,-0.618100,0.045733,-0.066688,0.044416,-0.020544,1.0000,2.0000,2.0000,0.0000,2.0000,18.5736,19.9653,40.8066,0.2930,19.2825,,,
1786588960602431675,2026-08-13T09:42:40.602455,ground_truth,0.043486,0.507000,0.016395,True,,,,,,,,,-0.133483,0.750689,0.380503,-0.135660,0.749441,0.379273,-0.135660,0.749441,0.379273,-0.043573,-0.024989,-0.024635,0.055946,-0.032460,-0.009605,-0.018061,0.038368,1.509672,0.575560,-0.000186,0.000032,-0.995417,-1.382869,0.000000,0.044069,0.106025,0.000000,0.053659,0.002609,0.085120,-0.632660,0.043575,-0.066560,0.046432,-0.012320,1.0000,2.0000,2.0000,0.0000,2.0000,18.5739,19.8611,40.8394,0.3812,19.1801,,,
1786588960639170502,2026-08-13T09:42:40.639197,ground_truth,0.043390,0.512000,0.016594,True,,,,,,,,,-0.137639,0.748338,0.378074,-0.137639,0.748338,0.378074,-0.137639,0.748338,0.378074,-0.045645,-0.025448,-0.027657,0.059127,-0.062269,-0.035237,-0.036408,0.080279,1.509685,0.571594,-0.053510,0.000043,-0.946759,-1.382341,0.001744,0.029669,0.258303,0.000000,0.294082,0.000000,0.119000,-0.277340,-0.037682,-0.042592,0.069248,-0.022560,1.0000,2.0000,2.0000,0.0000,2.0000,18.5726,19.8326,40.8831,0.2412,19.0377,,,
1786588960674071566,2026-08-13T09:42:40.674100,ground_truth,0.043390,0.512000,0.016594,True,,,,,,,,,-0.137639,0.748338,0.378074,-0.139412,0.747851,0.376898,-0.139412,0.747851,0.376898,-0.048110,-0.013219,-0.031891,0.059214,-0.062269,-0.035237,-0.036408,0.080279,1.509770,0.572221,-0.059020,0.000043,-0.940615,-1.382405,0.004796,0.032720,0.286229,0.000000,0.318076,0.002609,0.101640,-0.291900,-0.040919,-0.039904,0.076480,-0.030112,1.0000,2.0000,2.0000,0.0000,2.0000,18.4867,19.6920,41.2270,0.0354,18.8251,,,
1786588960709255502,2026-08-13T09:42:40.709274,ground_truth,0.043486,0.507000,0.016395,True,,,,,,,,,-0.137639,0.748338,0.378074,-0.140992,0.747753,0.375900,-0.140992,0.747753,0.375900,-0.045324,-0.002796,-0.028648,0.053691,-0.062269,-0.035237,-0.036408,0.080279,1.509770,0.572221,-0.059020,0.000043,-0.940615,-1.382405,0.004796,0.032720,0.286229,0.000000,0.318076,0.002609,0.101640,-0.291900,-0.040919,-0.039904,0.076480,-0.030112,1.0000,2.0000,2.0000,0.0000,2.0000,18.3982,19.6026,41.0349,0.0472,19.0013,,,
1786588960743007598,2026-08-13T09:42:40.743029,ground_truth,0.043294,0.517000,0.016793,True,,,,,,,,,-0.137639,0.748338,0.378074,-0.142180,0.747867,0.375300,-0.142180,0.747867,0.375300,-0.033533,0.003213,-0.016941,0.037707,-0.062269,-0.035237,-0.036408,0.080279,1.509770,0.572221,-0.059020,0.000043,-0.940615,-1.382405,0.004796,0.032720,0.286229,0.000000,0.318076,0.002609,0.101640,-0.291900,-0.040919,-0.039904,0.076480,-0.030112,1.0000,2.0000,2.0000,0.0000,2.0000,18.3296,19.6333,41.2674,0.0808,18.9234,,,
1786588960778344819,2026-08-13T09:42:40.778364,ground_truth,0.043794,0.491000,0.015757,True,,,,,,,,,-0.142180,0.747867,0.375300,-0.143156,0.748023,0.375128,-0.143156,0.748023,0.375128,-0.028930,0.004627,-0.005086,0.029736,-0.033944,-0.003520,-0.020737,0.039932,1.509770,0.572221,-0.059020,0.000043,-0.940615,-1.382405,0.004796,0.032720,0.286229,0.000000,0.318076,0.002609,0.101640,-0.291900,-0.040919,-0.039904,0.076480,-0.030112,1.0000,2.0000,2.0000,0.0000,2.0000,18.2168,19.5650,41.4795,0.1631,18.7767,,,
1786588960813960995,2026-08-13T09:42:40.813981,ground_truth,0.043582,0.502000,0.016196,True,,,,,,,,,-0.143759,0.748054,0.374915,-0.143759,0.748054,0.374915,-0.143759,0.748054,0.374915,-0.017154,0.000888,-0.006046,0.018210,-0.023908,0.002836,-0.005816,0.024768,1.509770,0.572221,-0.059020,0.000043,-0.940615,-1.382405,0.004796,0.032720,0.286229,0.000000,0.318076,0.002609,0.101640,-0.291900,-0.040919,-0.039904,0.076480,-0.030112,1.0000,2.0000,2.0000,0.0000,2.0000,18.2288,19.4430,41.8564,0.3780,18.4727,,,
1786588960850189249,2026-08-13T09:42:40.850209,ground_truth,0.040520,0.507000,0.016395,True,,,,,,,,,-0.143759,0.748054,0.374915,-0.144364,0.747794,0.374691,-0.144364,0.747794,0.374691,-0.016989,-0.007320,-0.006300,0.019543,-0.023908,0.002836,-0.005816,0.024768,1.509770,0.572221,-0.059020,0.000043,-0.940615,-1.382405,0.004796,0.032720,0.286229,0.000000,0.318076,0.002609,0.101640,-0.291900,-0.040919,-0.039904,0.076480,-0.030112,1.0000,2.0000,2.0000,0.0000,2.0000,18.1263,19.4377,41.6774,-0.1225,18.5444,,,
1786588960884850530,2026-08-13T09:42:40.884871,ground_truth,0.040608,0.502000,0.016196,True,,,,,,,,,-0.144561,0.747475,0.374691,-0.144561,0.747475,0.374691,-0.144561,0.747475,0.374691,-0.005459,-0.008799,0.000000,0.010355,-0.012074,-0.008717,-0.003374,0.015269,1.511129,0.577468,-0.134434,0.000043,-0.858573,-1.384011,0.001744,0.009598,0.266162,0.000000,0.282742,0.000000,0.094780,-0.336840,0.027224,-0.066784,0.057888,-0.034560,1.0000,2.0000,2.0000,0.0000,2.0000,17.9813,19.4325,41.6200,-0.5294,18.4804,,,
1786588960926576823,2026-08-13T09:42:40.926598,ground_truth,0.040432,0.512000,0.016594,True,,,,,,,,,-0.144561,0.747475,0.374691,-0.144573,0.746878,0.374665,-0.144573,0.746878,0.374665,-0.000338,-0.017211,-0.000766,0.017231,-0.012074,-0.008717,-0.003374,0.015269,1.511161,0.577690,-0.145498,0.000043,-0.847018,-1.384054,0.000000,0.000000,0.202889,0.000000,0.204635,0.000000,0.035840,-0.379680,0.033532,-0.066016,0.055104,-0.023328,1.0000,2.0000,2.0000,0.0000,2.0000,17.8435,19.4709,41.2664,-0.7610,18.6136,,,
1786588960959220687,2026-08-13T09:42:40.959241,ground_truth,0.040432,0.512000,0.019558,True,,,,,,,,,-0.144573,0.746492,0.374665,-0.144573,0.746492,0.374665,-0.144573,0.746492,0.374665,0.000000,-0.009205,0.000000,0.009205,-0.000175,-0.014687,-0.000397,0.014694,1.511161,0.577683,-0.149215,0.000043,-0.843288,-1.384044,0.000000,0.001307,0.176710,0.000000,0.172351,0.002609,-0.008960,-0.487620,0.038512,-0.066912,0.056160,-0.014368,1.0000,2.0000,2.0000,0.0000,2.0000,17.8054,19.3720,41.2791,-1.0448,18.6427,,,
1786588961002167710,2026-08-13T09:42:41.002188,ground_truth,0.040520,0.507000,0.019367,True,,,,,,,,,-0.144573,0.746492,0.374665,-0.144573,0.746415,0.374862,-0.144573,0.746415,0.374862,0.000000,-0.002384,0.006101,0.006550,-0.000175,-0.014687,-0.000397,0.014694,1.511161,0.577683,-0.149215,0.000043,-0.843288,-1.384044,0.000000,0.001307,0.176710,0.000000,0.172351,0.002609,-0.008960,-0.487620,0.038512,-0.066912,0.056160,-0.014368,1.0000,2.0000,2.0000,0.0000,2.0000,17.6521,19.2978,40.8372,-1.3414,18.8445,,,
1786588961034779673,2026-08-13T09:42:41.034798,ground_truth,0.040608,0.502000,0.019176,True,,,,,,,,,-0.144585,0.746399,0.375034,-0.144585,0.746399,0.375034,-0.144585,0.746399,0.375034,-0.000273,-0.000359,0.003992,0.004017,-0.000175,-0.001386,0.005523,0.005697,1.511161,0.577683,-0.149215,0.000043,-0.843288,-1.384044,0.000000,0.001307,0.176710,0.000000,0.172351,0.002609,-0.008960,-0.487620,0.038512,-0.066912,0.056160,-0.014368,1.0000,2.0000,2.0000,0.0000,2.0000,17.7891,19.5267,40.7128,-0.9744,18.7760,,,
1786588961069416896,2026-08-13T09:42:41.069438,ground_truth,0.040713,0.496000,0.018947,True,,,,,,,,,-0.144585,0.746399,0.375034,-0.144393,0.746130,0.375219,-0.144393,0.746130,0.375219,0.005902,-0.008297,0.005702,0.011670,-0.000175,-0.001386,0.005523,0.005697,1.511161,0.577683,-0.149215,0.000043,-0.843288,-1.384044,0.000000,0.001307,0.176710,0.000000,0.172351,0.002609,-0.008960,-0.487620,0.038512,-0.066912,0.056160,-0.014368,1.0000,2.0000,2.0000,0.0000,2.0000,17.7185,19.5361,41.0747,-0.9739,18.4856,,,
1786588961106416527,2026-08-13T09:42:41.106437,ground_truth,0.040608,0.502000,0.019176,True,,,,,,,,,-0.144214,0.745542,0.375376,-0.144214,0.745542,0.375376,-0.144214,0.745542,0.375376,0.005153,-0.016959,0.004529,0.018294,0.005585,-0.012925,0.005161,0.014997,1.511161,0.577683,-0.149215,0.000043,-0.843288,-1.384044,0.000000,0.001307,0.176710,0.000000,0.172351,0.002609,-0.008960,-0.487620,0.038512,-0.066912,0.056160,-0.014368,1.0000,2.0000,2.0000,0.0000,2.0000,17.6469,19.4940,41.2152,-1.0181,18.4250,,,
1786588961149714766,2026-08-13T09:42:41.149728,ground_truth,0.040713,0.496000,0.018947,True,,,,,,,,,-0.144022,0.745158,0.375561,-0.144022,0.745158,0.375561,-0.144022,0.745158,0.375561,0.005174,-0.010357,0.004999,0.012610,0.002873,-0.005751,0.002776,0.007002,1.511161,0.577683,-0.149215,0.000043,-0.843288,-1.384044,0.000000,0.001307,0.176710,0.000000,0.172351,0.002609,-0.008960,-0.487620,0.038512,-0.066912,0.056160,-0.014368,1.0000,2.0000,2.0000,0.0000,2.0000,17.6270,19.4120,41.2105,-0.7033,18.8153,,,
1786588961187779694,2026-08-13T09:42:41.187799,ground_truth,0.040432,0.512000,0.019558,True,,,,,,,,,-0.144022,0.745158,0.375561,-0.143838,0.744495,0.375732,-0.143838,0.744495,0.375732,0.004275,-0.015344,0.003934,0.016407,0.002873,-0.005751,0.002776,0.007002,1.511161,0.577683,-0.149215,0.000043,-0.843288,-1.384044,0.000000,0.001307,0.176710,0.000000,0.172351,0.002609,-0.008960,-0.487620,0.038512,-0.066912,0.056160,-0.014368,1.0000,2.0000,2.0000,0.0000,2.0000,17.6081,19.3384,41.4502,-0.3635,18.7319,,,
1786588961223987532,2026-08-13T09:42:41.224008,ground_truth,0.040713,0.496000,0.018947,True,,,,,,,,,-0.143640,0.744095,0.375929,-0.143640,0.744095,0.375929,-0.143640,0.744095,0.375929,0.005179,-0.010487,0.005189,0.012796,0.005736,-0.015957,0.005520,0.017832,1.511161,0.577683,-0.149215,0.000043,-0.843288,-1.384044,0.000000,0.001307,0.176710,0.000000,0.172351,0.002609,-0.008960,-0.487620,0.038512,-0.066912,0.056160,-0.014368,1.0000,2.0000,2.0000,0.0000,2.0000,17.6334,19.3070,41.6433,-0.4164,18.6456,,,
1786588961256661307,2026-08-13T09:42:41.256684,ground_truth,0.040713,0.496000,0.018947,True,,,,,,,,,-0.143640,0.744095,0.375929,-0.143462,0.743162,0.376086,-0.143462,0.743162,0.376086,0.004905,-0.025652,0.004311,0.026470,0.005736,-0.015957,0.005520,0.017832,1.508646,0.572979,-0.171216,0.000043,-0.827195,-1.381327,0.000000,0.005233,0.033592,0.000000,0.027045,0.002609,-0.084280,-0.580300,0.057436,-0.056768,0.043424,0.031232,1.0000,2.0000,2.0000,0.0000,2.0000,17.5569,19.1427,41.7777,-0.7651,18.6686,,,
1786588961294426264,2026-08-13T09:42:41.294448,ground_truth,0.040713,0.496000,0.018947,True,,,,,,,,,-0.143277,0.742122,0.376256,-0.143277,0.742122,0.376256,-0.143277,0.742122,0.376256,0.005617,-0.031596,0.005169,0.032505,0.005481,-0.029764,0.004932,0.030663,1.508639,0.572855,-0.172056,0.000043,-0.826559,-1.381306,0.000000,0.004796,0.035339,0.000000,0.023995,0.000000,-0.069440,-0.579880,0.060756,-0.056160,0.044704,0.028832,1.0000,2.0000,2.0000,0.0000,2.0000,17.5394,19.1159,41.8140,-1.0218,18.6503,,,
1786588961340900039,2026-08-13T09:42:41.340918,ground_truth,0.040801,0.491000,0.018756,True,,,,,,,,,-0.143277,0.742122,0.376256,-0.143105,0.741061,0.376400,-0.143105,0.741061,0.376400,0.004625,-0.028529,0.003859,0.029158,0.005481,-0.029764,0.004932,0.030663,1.508835,0.572757,-0.174078,0.000043,-0.824758,-1.381381,0.010029,0.000000,0.031413,0.000000,0.032284,0.003051,0.078960,-0.488180,0.070384,-0.055552,0.041920,-0.026784,1.0000,2.0000,2.0000,0.0000,2.0000,17.6129,19.1634,41.7989,-0.7616,18.6006,,,
1786588961379112474,2026-08-13T09:42:41.379140,ground_truth,0.040344,0.517000,0.019749,True,,,,,,,,,-0.143105,0.741061,0.376400,-0.142905,0.740262,0.376600,-0.142905,0.740262,0.376600,0.004283,-0.017149,0.004291,0.018189,0.002570,-0.015852,0.002144,0.016201,1.509437,0.572868,-0.175149,0.000043,-0.823411,-1.381909,0.022685,0.008285,0.027488,0.000000,0.040573,0.021375,0.123900,-0.337540,0.068475,-0.054432,0.042080,-0.030240,1.0000,2.0000,2.0000,0.0000,2.0000,17.5726,19.2194,41.8474,-0.8904,18.4113,,,
1786588961417009551,2026-08-13T09:42:41.417030,ground_truth,0.040520,0.507000,0.019367,True,,,,,,,,,-0.142690,0.739782,0.376836,-0.142690,0.739782,0.376836,-0.142690,0.739782,0.376836,0.005585,-0.012413,0.006129,0.014928,0.006212,-0.019122,0.006532,0.021140,1.509437,0.572868,-0.175149,0.000043,-0.823411,-1.381909,0.022685,0.008285,0.027488,0.000000,0.040573,0.021375,0.123900,-0.337540,0.068475,-0.054432,0.042080,-0.030240,1.0000,2.0000,2.0000,0.0000,2.0000,17.6301,19.1124,42.4376,-0.4826,17.9909,,,
1786588961455076571,2026-08-13T09:42:41.455097,ground_truth,0.040608,0.502000,0.019176,True,,,,,,,,,-0.142690,0.739782,0.376836,-0.142690,0.739953,0.377035,-0.142690,0.739953,0.377035,0.000000,0.004545,0.005275,0.006963,0.006212,-0.019122,0.006532,0.021140,1.509437,0.572868,-0.175149,0.000043,-0.823411,-1.381909,0.022685,0.008285,0.027488,0.000000,0.040573,0.021375,0.123900,-0.337540,0.068475,-0.054432,0.042080,-0.030240,1.0000,2.0000,2.0000,0.0000,2.0000,17.5947,19.2543,42.4722,-1.1695,18.3547,,,
1786588961490537294,2026-08-13T09:42:41.490556,ground_truth,0.040432,0.512000,0.022522,True,,,,,,,,,-0.142690,0.740254,0.377233,-0.142690,0.740254,0.377233,-0.142690,0.740254,0.377233,0.000000,0.007903,0.005220,0.009471,0.000000,0.007070,0.005950,0.009240,1.509437,0.572868,-0.175149,0.000043,-0.823411,-1.381909,0.022685,0.008285,0.027488,0.000000,0.040573,0.021375,0.123900,-0.337540,0.068475,-0.054432,0.042080,-0.030240,1.0000,2.0000,2.0000,0.0000,2.0000,17.5476,19.1814,42.2786,-1.6059,18.3486,,,
1786588961523231392,2026-08-13T09:42:41.523251,ground_truth,0.040713,0.496000,0.021937,True,,,,,,,,,-0.142690,0.740254,0.377233,-0.142690,0.740314,0.377628,-0.142690,0.740314,0.377628,0.000000,0.001700,0.011168,0.011296,0.000000,0.007070,0.005950,0.009240,1.509437,0.572868,-0.175149,0.000043,-0.823411,-1.381909,0.022685,0.008285,0.027488,0.000000,0.040573,0.021375,0.123900,-0.337540,0.068475,-0.054432,0.042080,-0.030240,1.0000,2.0000,2.0000,0.0000,2.0000,17.6014,19.1266,42.0251,-1.6883,18.1396,,,
1786588961557274254,2026-08-13T09:42:41.557294,ground_truth,0.040608,0.502000,0.022156,True,,,,,,,,,-0.142708,0.739792,0.377787,-0.142708,0.739792,0.377787,-0.142708,0.739792,0.377787,-0.000574,-0.015956,0.004855,0.016688,-0.000281,-0.006904,0.008291,0.010793,1.519165,0.577912,-0.180777,0.000043,-0.812793,-1.391923,0.083336,0.044069,0.033161,0.000000,0.075477,0.083766,0.144760,-0.250740,0.056938,-0.052544,0.048096,-0.039584,1.0000,2.0000,2.0000,0.0000,2.0000,17.5279,19.2070,42.2568,-2.1356,18.3954,,,
1786588961601777685,2026-08-13T09:42:41.601799,ground_truth,0.040608,0.502000,0.022156,True,,,,,,,,,-0.142708,0.739792,0.377787,-0.142714,0.739155,0.377973,-0.142714,0.739155,0.377973,-0.000172,-0.018715,0.005458,0.019495,-0.000281,-0.006904,0.008291,0.010793,1.519165,0.577912,-0.180777,0.000043,-0.812793,-1.391923,0.083336,0.044069,0.033161,0.000000,0.075477,0.083766,0.144760,-0.250740,0.056938,-0.052544,0.048096,-0.039584,1.0000,2.0000,2.0000,0.0000,2.0000,17.4976,19.2371,42.2327,-2.2668,18.4599,,,
1786588961639232191,2026-08-13T09:42:41.639252,ground_truth,0.040608,0.502000,0.022156,True,,,,,,,,,-0.142714,0.738761,0.378172,-0.142714,0.738761,0.378172,-0.142714,0.738761,0.378172,0.000000,-0.008823,0.004447,0.009881,-0.000088,-0.015568,0.005804,0.016615,1.519165,0.577912,-0.180777,0.000043,-0.812793,-1.391923,0.083336,0.044069,0.033161,0.000000,0.075477,0.083766,0.144760,-0.250740,0.056938,-0.052544,0.048096,-0.039584,1.0000,2.0000,2.0000,0.0000,2.0000,17.5011,19.2572,41.7855,-2.3722,18.2875,,,
1786588961681016330,2026-08-13T09:42:41.681037,ground_truth,0.040432,0.512000,0.022522,True,,,,,,,,,-0.142707,0.738682,0.378386,-0.142707,0.738682,0.378386,-0.142707,0.738682,0.378386,0.000188,-0.002110,0.005727,0.006107,0.000105,-0.001177,0.003194,0.003406,1.519165,0.577912,-0.180777,0.000043,-0.812793,-1.391923,0.083336,0.044069,0.033161,0.000000,0.075477,0.083766,0.144760,-0.250740,0.056938,-0.052544,0.048096,-0.039584,1.0000,2.0000,2.0000,0.0000,2.0000,17.5116,19.2970,41.7250,-2.2828,18.3193,,,
1786588961724770001,2026-08-13T09:42:41.724826,ground_truth,0.040344,0.517000,0.022704,True,,,,,,,,,-0.142707,0.738682,0.378386,-0.142695,0.738666,0.378609,-0.142695,0.738666,0.378609,0.000278,-0.000374,0.005295,0.005315,0.000105,-0.001177,0.003194,0.003406,1.519165,0.577912,-0.180777,0.000043,-0.812793,-1.391923,0.083336,0.044069,0.033161,0.000000,0.075477,0.083766,0.144760,-0.250740,0.056938,-0.052544,0.048096,-0.039584,1.0000,2.0000,2.0000,0.0000,2.0000,17.6173,19.3550,41.5676,-2.2211,18.3152,,,
1786588961770932424,2026-08-13T09:42:41.770954,ground_truth,0.040713,0.496000,0.021937,True,,,,,,,,,-0.142671,0.739516,0.378859,-0.142671,0.739516,0.378859,-0.142671,0.739516,0.378859,0.000553,0.019117,0.005633,0.019937,0.000547,0.012570,0.007134,0.014464,1.536113,0.585321,-0.189276,0.000043,-0.797918,-1.409030,0.078534,0.026174,0.033161,0.000000,0.064568,0.075477,0.111860,-0.302120,0.054531,-0.058048,0.039808,-0.037856,1.0000,2.0000,2.0000,0.0000,2.0000,17.5002,19.3296,41.5796,-3.1754,17.8316,,,
1786588961808759611,2026-08-13T09:42:41.808778,ground_truth,0.040608,0.502000,0.022156,True,,,,,,,,,-0.142671,0.739516,0.378859,-0.142690,0.740220,0.379018,-0.142690,0.740220,0.379018,-0.000416,0.015614,0.003521,0.016011,0.000547,0.012570,0.007134,0.014464,1.539550,0.586406,-0.190896,0.000043,-0.795061,-1.412490,0.065447,0.019634,0.033592,0.000000,0.054101,0.070249,0.099400,-0.305340,0.064989,-0.061184,0.044864,-0.037696,1.0000,2.0000,2.0000,0.0000,2.0000,17.6094,19.3871,42.0035,-3.1023,17.9489,,,
1786588961846391453,2026-08-13T09:42:41.846411,ground_truth,0.040432,0.512000,0.022522,True,,,,,,,,,-0.142690,0.740220,0.379018,-0.142683,0.740680,0.379232,-0.142683,0.740680,0.379232,0.000186,0.012162,0.005649,0.013412,-0.000278,0.010420,0.002350,0.010685,1.542444,0.587196,-0.192235,0.000043,-0.792647,-1.415509,0.053667,0.014831,0.022246,0.000000,0.043193,0.056721,0.115920,-0.291060,0.073621,-0.065952,0.042912,-0.035904,1.0000,2.0000,2.0000,0.0000,2.0000,17.5998,19.4401,42.4400,-3.5400,18.0636,,,
1786588961885835181,2026-08-13T09:42:41.885858,ground_truth,0.040520,0.507000,0.022339,True,,,,,,,,,-0.142664,0.741092,0.379470,-0.142664,0.741092,0.379470,-0.142664,0.741092,0.379470,0.000498,0.010953,0.006334,0.012663,0.000391,0.013238,0.006860,0.014915,1.542444,0.587196,-0.192235,0.000043,-0.792647,-1.415509,0.053667,0.014831,0.022246,0.000000,0.043193,0.056721,0.115920,-0.291060,0.073621,-0.065952,0.042912,-0.035904,1.0000,2.0000,2.0000,0.0000,2.0000,17.6691,19.5192,42.3827,-3.9795,18.0026,,,


============================================================
EXPERIMENT METRICS
  File: experiment_GROUND_TRUTH_20260813_094225.csv
  Total samples: 434
  Task completion time: 16.48 s
  Mode: GROUND TRUTH (no prediction metrics)
  --- Trajectory Smoothness (Robot EE) ---
  Mean Jerk (3D): 16.3814 m/s³
      Jerk X: 2.9365 m/s³
      Jerk Y: 8.1898 m/s³
      Jerk Z: 10.6313 m/s³
  Max Jerk (3D): 283.6714 m/s³
  RMS Jerk (3D): 42.0962 m/s³
============================================================
