ros_timestamp_ns,wall_time,trajectory_mode,meas_x,meas_y,meas_z,is_tracked,pred_x,pred_y,pred_z,mae_x,mae_y,mae_z,inference_ms,buffer_size,robot_ee_x,robot_ee_y,robot_ee_z,hand_base_x,hand_base_y,hand_base_z,target_cmd_x,target_cmd_y,target_cmd_z,hand_vel_x,hand_vel_y,hand_vel_z,hand_speed,ee_vel_x,ee_vel_y,ee_vel_z,ee_speed,j1_pos,j2_pos,j3_pos,j4_pos,j5_pos,j6_pos,j1_vel,j2_vel,j3_vel,j4_vel,j5_vel,j6_vel,j1_eff,j2_eff,j3_eff,j4_eff,j5_eff,j6_eff,rula_upper_arm,rula_lower_arm,rula_wrist,rula_twist,rula_total,rula_alpha_s,rula_alpha_c,rula_beta_s,rula_beta_t,rula_gamma_s,adapt_w,adapt_sr,adapt_se
1786588635915090369,2026-08-13T09:37:15.915113,prediction,0.063818,0.034000,0.020066,True,0.067327,0.062723,0.039584,0.003508,0.028723,0.019517,7.07,20,-0.161988,0.280052,0.378523,-0.161990,0.280062,0.378525,-0.295992,0.681413,0.692385,0.000000,0.000000,0.000000,0.000000,0.000000,0.000000,0.000000,0.000000,1.570748,0.124224,-1.049406,0.000011,-0.397811,-1.443546,0.000000,0.000000,0.000000,0.000000,0.000000,0.000000,-0.021700,-0.154560,0.058017,-0.025824,0.018944,0.018048,1.0000,2.0000,1.0000,0.0000,2.0000,12.1390,16.7085,46.7063,-9.6435,14.8595,,,
1786588635956752542,2026-08-13T09:37:15.956775,prediction,0.063818,0.034000,0.020066,True,0.066702,0.066441,0.038546,0.002883,0.032441,0.018479,8.72,20,-0.161990,0.280062,0.378525,-0.161990,0.280062,0.378525,-0.161990,0.280062,0.378525,0.000000,0.000000,0.000000,0.000000,-0.000000,0.000001,0.000000,0.000001,1.570748,0.124224,-1.049406,0.000011,-0.397811,-1.443546,0.000000,0.000000,0.000000,0.000000,0.000000,0.000000,-0.022540,-0.154560,0.058017,-0.026112,0.019488,0.018592,1.0000,2.0000,2.0000,0.0000,2.0000,12.2333,16.7226,46.2581,-9.7828,15.0639,,,
1786588636004135922,2026-08-13T09:37:16.004159,prediction,0.064036,0.025000,0.019797,True,0.067337,0.065708,0.038818,0.003301,0.040708,0.019021,8.60,20,-0.161990,0.280062,0.378525,-0.161990,0.280062,0.378525,-0.161990,0.280062,0.378525,0.000000,0.000000,0.000000,0.000000,-0.000000,0.000001,0.000000,0.000001,1.570748,0.124224,-1.049406,0.000011,-0.397811,-1.443546,0.000000,0.000000,0.000000,0.000000,0.000000,0.000000,-0.021700,-0.154560,0.058017,-0.025824,0.018944,0.018048,1.0000,2.0000,2.0000,0.0000,2.0000,12.0912,16.9215,45.0281,-11.1025,15.9866,,,
1786588636046554904,2026-08-13T09:37:16.046582,prediction,0.063818,0.034000,0.020066,True,0.068978,0.065393,0.038971,0.005160,0.031393,0.018905,8.80,20,-0.161990,0.280062,0.378525,-0.161990,0.280062,0.378525,-0.161990,0.280062,0.378525,0.000000,0.000000,0.000000,0.000000,0.000000,0.000000,0.000000,0.000000,1.570748,0.124224,-1.049406,0.000011,-0.397811,-1.443546,0.000000,0.000000,0.000000,0.000000,0.000000,0.000000,-0.021700,-0.154560,0.058017,-0.025824,0.018944,0.018048,1.0000,2.0000,2.0000,0.0000,2.0000,12.1670,16.7820,44.9678,-10.6724,15.6128,,,
1786588636082118014,2026-08-13T09:37:16.082141,prediction,0.064229,0.017000,0.019557,True,0.070884,0.057393,0.039608,0.006655,0.040393,0.020051,7.67,20,-0.161990,0.280062,0.378525,-0.161990,0.280062,0.378525,-0.161990,0.280062,0.378525,0.000000,0.000000,0.000000,0.000000,0.000000,0.000000,0.000000,0.000000,1.570748,0.124224,-1.049406,0.000011,-0.397811,-1.443546,0.000000,0.000000,0.000000,0.000000,0.000000,0.000000,-0.021700,-0.154560,0.058017,-0.025824,0.018944,0.018048,1.0000,2.0000,2.0000,0.0000,2.0000,12.1780,16.8666,44.7759,-10.7276,15.4756,,,
1786588636121705899,2026-08-13T09:37:16.121730,prediction,0.063214,0.059000,0.020815,True,0.067454,0.065393,0.038706,0.004240,0.006394,0.017892,5.17,20,-0.161990,0.280062,0.378525,-0.161990,0.280062,0.378525,-0.161990,0.280062,0.378525,0.000000,0.000000,0.000000,0.000000,0.000000,0.000000,0.000000,0.000000,1.570748,0.124224,-1.049406,0.000011,-0.397811,-1.443546,0.000000,0.000000,0.000000,0.000000,0.000000,0.000000,-0.021700,-0.154560,0.058017,-0.025824,0.018944,0.018048,1.0000,2.0000,2.0000,0.0000,2.0000,12.1433,16.8857,44.3405,-11.5266,15.9416,,,
1786588636156734800,2026-08-13T09:37:16.156756,prediction,0.064447,0.008000,0.019288,True,0.064314,0.069006,0.040347,0.000132,0.061006,0.021059,4.92,20,-0.161990,0.280062,0.378525,-0.161990,0.280062,0.378525,-0.161990,0.280062,0.378525,0.000000,0.000000,0.000000,0.000000,0.000000,0.000000,0.000000,0.000000,1.570748,0.124224,-1.049406,0.000011,-0.397811,-1.443546,0.000000,0.000000,0.000000,0.000000,0.000000,0.000000,-0.021700,-0.154560,0.058017,-0.025824,0.018944,0.018048,1.0000,2.0000,2.0000,0.0000,2.0000,12.1468,16.7488,45.5121,-10.2180,15.7363,,,
1786588636191946009,2026-08-13T09:37:16.191966,prediction,0.063625,0.042000,0.020306,True,0.056314,0.077006,0.041660,0.007310,0.035006,0.021354,4.88,20,-0.161990,0.280062,0.378525,-0.161990,0.280062,0.378525,-0.161990,0.280062,0.378525,0.000000,0.000000,0.000000,0.000000,0.000000,0.000000,0.000000,0.000000,1.570748,0.124224,-1.049406,0.000011,-0.397811,-1.443546,0.000000,0.000000,0.000000,0.000000,0.000000,0.000000,-0.021700,-0.154560,0.058017,-0.025824,0.018944,0.018048,1.0000,2.0000,2.0000,0.0000,2.0000,12.1744,16.7227,45.8629,-10.0190,15.4359,,,
1786588636232989952,2026-08-13T09:37:16.233012,prediction,0.063431,0.050000,0.020545,True,0.052146,0.085006,0.044580,0.011285,0.035006,0.024035,8.80,20,-0.161990,0.280062,0.378525,-0.161990,0.280062,0.378525,-0.161990,0.280062,0.378525,0.000000,0.000000,0.000000,0.000000,0.000000,0.000000,0.000000,0.000000,1.570748,0.124224,-1.049406,0.000011,-0.397811,-1.443546,0.000000,0.000000,0.000000,0.000000,0.000000,0.000000,-0.021700,-0.154560,0.058017,-0.025824,0.018944,0.018048,1.0000,2.0000,2.0000,0.0000,2.0000,12.1736,16.5361,46.2427,-9.2997,15.1319,,,
1786588636262175039,2026-08-13T09:37:16.262199,prediction,0.064447,0.008000,0.019288,True,0.054829,0.084172,0.046998,0.009618,0.076172,0.027710,5.18,20,-0.161990,0.280062,0.378525,-0.161990,0.280062,0.378525,-0.161990,0.280062,0.378525,0.000000,0.000000,0.000000,0.000000,0.000000,0.000000,0.000000,0.000000,1.570748,0.124224,-1.049406,0.000011,-0.397811,-1.443546,0.000000,0.000000,0.000000,0.000000,0.000000,0.000000,-0.021700,-0.154560,0.058017,-0.025824,0.018944,0.018048,1.0000,2.0000,2.0000,0.0000,2.0000,12.1428,16.5208,45.9540,-9.3233,15.1641,,,
1786588636299411080,2026-08-13T09:37:16.299426,prediction,0.063818,0.034000,0.020066,True,0.047802,0.086885,0.047883,0.016016,0.052885,0.027817,4.68,20,-0.161990,0.280062,0.378525,-0.161990,0.280062,0.378525,-0.161990,0.280062,0.378525,0.000000,0.000000,0.000000,0.000000,0.000000,0.000000,0.000000,0.000000,1.570748,0.124224,-1.049406,0.000011,-0.397811,-1.443546,0.000000,0.000000,0.000000,0.000000,0.000000,0.000000,-0.021700,-0.154560,0.058017,-0.025824,0.018944,0.018048,1.0000,2.0000,2.0000,0.0000,2.0000,12.1742,16.5190,45.6039,-8.9942,15.3479,,,
1786588636337565534,2026-08-13T09:37:16.337585,prediction,0.063431,0.050000,0.020545,True,0.045875,0.094885,0.050530,0.017556,0.044885,0.029985,4.65,20,-0.161990,0.280062,0.378525,-0.161990,0.280062,0.378525,-0.161990,0.280062,0.378525,0.000000,0.000000,0.000000,0.000000,0.000000,0.000000,0.000000,0.000000,1.570748,0.124224,-1.049406,0.000011,-0.397811,-1.443546,0.000000,0.000000,0.000000,0.000000,0.000000,0.000000,-0.022820,-0.154560,0.058017,-0.025824,0.018944,0.017984,1.0000,2.0000,2.0000,0.0000,2.0000,12.1662,16.5401,45.4262,-9.1829,15.3892,,,
1786588636382014286,2026-08-13T09:37:16.382029,prediction,0.062247,0.099000,0.022012,True,0.045519,0.102885,0.053116,0.016728,0.003885,0.031103,4.64,20,-0.161990,0.280062,0.378525,-0.161990,0.280062,0.378525,-0.161990,0.280062,0.378525,0.000000,0.000000,0.000000,0.000000,0.000000,0.000000,0.000000,0.000000,1.570748,0.124224,-1.049406,0.000011,-0.397811,-1.443546,0.000000,0.000000,0.000000,0.000000,0.000000,0.000000,-0.023240,-0.154560,0.058017,-0.025824,0.019264,0.017984,1.0000,2.0000,2.0000,0.0000,2.0000,12.1970,16.5955,45.3228,-9.2806,15.6013,,,
1786588636448073847,2026-08-13T09:37:16.448095,prediction,0.063625,0.042000,0.020306,True,0.048350,0.106708,0.055121,0.015275,0.064708,0.034815,8.86,20,-0.161990,0.280062,0.378525,-0.161990,0.280062,0.378525,-0.161990,0.280062,0.378525,0.000000,0.000000,0.000000,0.000000,0.000000,0.000000,0.000000,0.000000,1.570748,0.124224,-1.049406,0.000011,-0.397811,-1.443546,0.000000,0.000000,0.000000,0.000000,0.000000,0.000000,-0.023240,-0.154560,0.057851,-0.025824,0.019488,0.018272,1.0000,2.0000,2.0000,0.0000,2.0000,12.2168,16.5864,45.3525,-9.3608,15.4184,,,
1786588636496002593,2026-08-13T09:37:16.496019,prediction,0.062827,0.075000,0.021294,True,0.040350,0.114708,0.055493,0.022477,0.039708,0.034199,8.69,20,-0.161990,0.280062,0.378525,-0.161990,0.280062,0.378525,-0.161990,0.280062,0.378525,0.000000,0.000000,0.000000,0.000000,0.000000,0.000000,0.000000,0.000000,1.570748,0.124224,-1.049406,0.000011,-0.397811,-1.443546,0.000000,0.000000,0.000000,0.000000,0.000000,0.000000,-0.023240,-0.154560,0.057851,-0.025824,0.019488,0.018272,1.0000,2.0000,2.0000,0.0000,2.0000,12.2602,16.7923,45.0329,-9.5537,15.3428,,,
1786588636534932153,2026-08-13T09:37:16.534961,prediction,0.063818,0.034000,0.023820,True,0.034378,0.114566,0.058131,0.029440,0.080566,0.034311,8.78,20,-0.161990,0.280062,0.378525,-0.161990,0.280062,0.378525,-0.161990,0.280062,0.378525,0.000000,0.000000,0.000000,0.000000,0.000000,0.000000,0.000000,0.000000,1.570748,0.124224,-1.049406,0.000011,-0.397811,-1.443546,0.000000,0.000000,0.000000,0.000000,0.000000,0.000000,-0.023240,-0.156520,0.058017,-0.026112,0.019264,0.018272,1.0000,2.0000,2.0000,0.0000,2.0000,12.3403,16.8979,45.0106,-9.3969,15.2350,,,
1786588636578396426,2026-08-13T09:37:16.578413,prediction,0.063625,0.042000,0.024046,True,0.031847,0.116053,0.060177,0.031778,0.074053,0.036131,8.78,20,-0.161990,0.280062,0.378525,-0.161990,0.280062,0.378525,-0.161990,0.280062,0.378525,0.000000,0.000000,0.000000,0.000000,0.000000,0.000000,0.000000,0.000000,1.570748,0.124224,-1.049406,0.000011,-0.397811,-1.443546,0.000000,0.000000,0.000000,0.000000,0.000000,0.000000,-0.023240,-0.156520,0.058017,-0.026112,0.019264,0.018272,1.0000,2.0000,2.0000,0.0000,2.0000,12.4289,16.7586,45.1194,-9.3559,15.1279,,,
1786588636613795192,2026-08-13T09:37:16.613813,prediction,0.063021,0.067000,0.024753,True,0.030677,0.122242,0.060372,0.032344,0.055242,0.035619,9.17,20,-0.161990,0.280062,0.378525,-0.161990,0.280062,0.378525,-0.161990,0.280062,0.378525,0.000000,0.000000,0.000000,0.000000,0.000000,0.000000,0.000000,0.000000,1.570748,0.124224,-1.049406,0.000011,-0.397811,-1.443546,0.000000,0.000000,0.000000,0.000000,0.000000,0.000000,-0.023240,-0.156520,0.058017,-0.026112,0.019264,0.018272,1.0000,2.0000,2.0000,0.0000,2.0000,12.7962,17.1373,45.2287,-10.1183,15.2194,,,
1786588636665178175,2026-08-13T09:37:16.665194,prediction,0.062247,0.099000,0.029305,True,0.033799,0.130242,0.065050,0.028448,0.031242,0.035745,9.10,20,-0.161990,0.280062,0.378525,-0.161990,0.280062,0.378525,-0.161990,0.280062,0.378525,0.000000,0.000000,0.000000,0.000000,0.000000,0.000000,0.000000,0.000000,1.570748,0.124224,-1.049406,0.000011,-0.397800,-1.443546,0.000000,0.000000,0.000000,0.000000,0.000000,0.000000,-0.043400,-0.155540,0.034113,-0.033632,0.023776,0.030944,1.0000,2.0000,2.0000,0.0000,2.0000,12.8121,17.0605,45.6715,-10.2984,15.5090,,,
1786588636714094079,2026-08-13T09:37:16.714115,prediction,0.063625,0.042000,0.031527,True,0.039784,0.128594,0.068551,0.023841,0.086594,0.037025,9.12,20,-0.161990,0.280062,0.378525,-0.161990,0.280062,0.378525,-0.161990,0.280062,0.378525,0.000000,0.000000,0.000000,0.000000,0.000000,0.000000,0.000000,0.000000,1.570591,0.124224,-1.049607,-0.000151,-0.397714,-1.443028,0.001744,0.000000,0.003487,0.002609,0.002609,0.005228,-0.086800,-0.180320,-0.010541,-0.085056,0.064288,0.039968,1.0000,2.0000,2.0000,0.0000,2.0000,13.1761,17.3515,45.7157,-10.6381,15.0727,,,
1786588636764537615,2026-08-13T09:37:16.764564,prediction,0.059148,0.075000,0.032351,True,0.033853,0.133875,0.069308,0.025295,0.058875,0.036956,10.70,20,-0.161990,0.280062,0.378525,-0.161990,0.280062,0.378525,-0.161990,0.280062,0.378525,0.000000,0.000000,0.000000,0.000000,0.000000,0.000000,0.000000,0.000000,1.570532,0.124224,-1.049689,-0.000291,-0.397585,-1.442910,0.001744,0.000000,0.003926,0.007847,0.002609,0.002609,-0.082740,-0.188440,-0.009462,-0.075872,0.051200,0.039680,1.0000,2.0000,1.0000,0.0000,2.0000,13.3992,17.3714,45.9398,-10.1965,14.5634,,,
1786588636832802745,2026-08-13T09:37:16.832837,prediction,0.058788,0.091000,0.036410,True,0.032033,0.141300,0.072465,0.026755,0.050300,0.036054,6.80,20,-0.161990,0.280062,0.378525,-0.161990,0.280062,0.378525,-0.161990,0.280062,0.378525,0.000000,0.000000,0.000000,0.000000,0.000000,0.000000,0.000000,0.000000,1.570532,0.124224,-1.049689,-0.000291,-0.397585,-1.442910,0.001744,0.000000,0.003926,0.007847,0.002609,0.002609,-0.082740,-0.188440,-0.009462,-0.075872,0.051200,0.039680,1.0000,2.0000,1.0000,0.0000,2.0000,13.4081,17.3527,46.0854,-10.3512,14.6415,,,
1786588636874861436,2026-08-13T09:37:16.874893,prediction,0.054635,0.115000,0.040590,True,0.035699,0.149300,0.077731,0.018936,0.034300,0.037141,6.15,20,-0.161990,0.280062,0.378525,-0.161990,0.280062,0.378525,-0.161990,0.280062,0.378525,0.000000,0.000000,0.000000,0.000000,0.000000,0.000000,0.000000,0.000000,1.570513,0.124224,-1.049704,-0.000377,-0.397552,-1.442866,0.001744,0.000000,0.002178,0.005670,0.002609,0.002609,-0.084560,-0.190960,-0.011039,-0.069920,0.051488,0.039296,1.0000,2.0000,2.0000,0.0000,2.0000,14.0815,17.7168,45.6132,-9.6792,15.0388,,,
1786588636924081500,2026-08-13T09:37:16.924102,prediction,0.055136,0.091000,0.043729,True,0.043161,0.153640,0.081393,0.011974,0.062640,0.037664,10.34,20,-0.161990,0.280062,0.378525,-0.161990,0.280062,0.378525,-0.161990,0.280062,0.378525,0.000000,0.000000,0.000000,0.000000,0.000000,0.000000,0.000000,0.000000,1.570513,0.124224,-1.049704,-0.000377,-0.397552,-1.442866,0.001744,0.000000,0.002178,0.005670,0.002609,0.002609,-0.084560,-0.190960,-0.011039,-0.069920,0.051488,0.039296,1.0000,2.0000,1.0000,0.0000,2.0000,14.4273,18.1164,46.7612,-9.3725,14.9431,,,
1786588636974095178,2026-08-13T09:37:16.974119,prediction,0.051483,0.091000,0.047388,True,0.037482,0.157112,0.083010,0.014002,0.066112,0.035622,10.61,20,-0.161990,0.280062,0.378525,-0.161990,0.280062,0.378525,-0.161990,0.280062,0.378525,0.000000,0.000000,0.000000,0.000000,0.000000,0.000000,0.000000,0.000000,1.570513,0.124224,-1.049704,-0.000377,-0.397552,-1.442866,0.001744,0.000000,0.002178,0.005670,0.002609,0.002609,-0.084560,-0.190960,-0.011039,-0.069920,0.051488,0.039296,1.0000,2.0000,2.0000,0.0000,2.0000,14.6986,19.0640,47.1046,-10.1119,16.0254,,,
1786588637015136788,2026-08-13T09:37:17.015156,prediction,0.051483,0.091000,0.051047,True,0.035983,0.159889,0.085876,0.015500,0.068890,0.034828,10.70,20,-0.161990,0.280062,0.378525,-0.161990,0.280062,0.378525,-0.161990,0.280062,0.378525,0.000000,0.000000,0.000000,0.000000,0.000000,0.000000,0.000000,0.000000,1.570454,0.124217,-1.049778,-0.000517,-0.397488,-1.442726,0.000000,0.000000,0.000000,0.000000,0.000000,0.000000,-0.078960,-0.213780,-0.002656,-0.062464,0.049216,0.036640,1.0000,2.0000,2.0000,0.0000,2.0000,14.8718,19.2544,46.6449,-9.9988,16.1025,,,
1786588637077556825,2026-08-13T09:37:17.077576,prediction,0.050868,0.123000,0.055189,True,0.038412,0.167889,0.088666,0.012456,0.044890,0.033477,11.22,20,-0.161990,0.280062,0.378525,-0.161990,0.280062,0.378525,-0.161990,0.280062,0.378525,0.000000,0.000000,0.000000,0.000000,0.000000,0.000000,0.000000,0.000000,1.570441,0.124211,-1.049786,-0.000517,-0.397477,-1.442716,0.000000,0.000000,0.000000,0.000000,0.000000,0.000000,-0.072100,-0.234640,0.011869,-0.051936,0.043968,0.032128,1.0000,2.0000,2.0000,0.0000,2.0000,15.1965,19.6308,46.5515,-9.6570,16.6094,,,
1786588637134737100,2026-08-13T09:37:17.134761,prediction,0.051176,0.107000,0.054948,True,0.043387,0.171712,0.088517,0.007789,0.064712,0.033569,10.83,20,-0.161990,0.280062,0.378525,-0.161990,0.280062,0.378525,-0.161990,0.280062,0.378525,0.000000,0.000000,0.000000,0.000000,0.000000,0.000000,0.000000,0.000000,1.570441,0.124204,-1.049786,-0.000517,-0.397477,-1.442716,0.000000,0.000000,0.000000,0.000000,0.000000,0.000000,-0.065660,-0.236180,0.017928,-0.047424,0.041408,0.030336,1.0000,2.0000,2.0000,0.0000,2.0000,15.4732,19.7624,47.6611,-8.7902,15.7126,,,
1786588637166472212,2026-08-13T09:37:17.166496,prediction,0.051022,0.115000,0.058688,True,0.041165,0.176369,0.089582,0.009858,0.061369,0.030893,5.27,20,-0.161990,0.280062,0.378525,-0.161990,0.280062,0.378525,-0.161990,0.280062,0.378525,0.000000,0.000000,0.000000,0.000000,0.000000,0.000000,0.000000,0.000000,1.570441,0.124204,-1.049786,-0.000517,-0.397477,-1.442716,0.000000,0.000000,0.000000,0.000000,0.000000,0.000000,-0.067760,-0.236740,0.018924,-0.047264,0.041088,0.029888,1.0000,2.0000,2.0000,0.0000,2.0000,15.5488,19.9502,47.2025,-8.9809,15.8611,,,
1786588637214287951,2026-08-13T09:37:17.214314,prediction,0.047831,0.091000,0.062025,True,0.039247,0.175295,0.091453,0.008584,0.084295,0.029427,9.68,20,-0.161990,0.280062,0.378525,-0.161990,0.280062,0.378525,-0.161990,0.280062,0.378525,0.000000,0.000000,0.000000,0.000000,0.000000,0.000000,0.000000,0.000000,1.570441,0.124204,-1.049786,-0.000517,-0.397477,-1.442716,0.000000,0.000000,0.000000,0.000000,0.000000,0.000000,-0.067760,-0.236740,0.018924,-0.047264,0.041088,0.029888,2.0000,2.0000,2.0000,0.0000,3.0000,15.9217,20.1868,46.7278,-8.4603,15.7935,,,
1786588637257485805,2026-08-13T09:37:17.257506,prediction,0.047269,0.123000,0.062402,True,0.038594,0.180836,0.090559,0.008675,0.057836,0.028157,9.17,20,-0.161990,0.280062,0.378525,-0.161990,0.280062,0.378525,-0.161990,0.280062,0.378525,0.000000,0.000000,0.000000,0.000000,0.000000,0.000000,0.000000,0.000000,1.570441,0.124204,-1.049786,-0.000517,-0.397477,-1.442716,0.000000,0.000000,0.000000,0.000000,0.000000,0.000000,-0.067760,-0.236740,0.018924,-0.047264,0.041088,0.029888,2.0000,2.0000,2.0000,0.0000,3.0000,16.2868,20.7738,46.1334,-7.6438,15.6209,,,
1786588637296611431,2026-08-13T09:37:17.296629,prediction,0.047005,0.138000,0.066160,True,0.038390,0.188269,0.090967,0.008615,0.050269,0.024807,7.04,20,-0.161990,0.280062,0.378525,-0.161990,0.280062,0.378525,-0.161990,0.280062,0.378525,0.000000,0.000000,0.000000,0.000000,0.000000,0.000000,0.000000,0.000000,1.570441,0.124204,-1.049786,-0.000517,-0.397477,-1.442716,0.000000,0.000000,0.000000,0.000000,0.000000,0.000000,-0.067760,-0.236740,0.018924,-0.047264,0.041088,0.029888,2.0000,2.0000,2.0000,0.0000,3.0000,16.6052,21.0810,45.6294,-8.6022,15.8075,,,
1786588637343979002,2026-08-13T09:37:17.343996,prediction,0.047005,0.138000,0.066160,True,0.041823,0.188250,0.090735,0.005183,0.050251,0.024575,8.52,20,-0.161990,0.280062,0.378525,-0.151807,0.317075,0.407174,-0.161990,0.280062,0.378525,0.224024,0.814265,0.630265,1.053778,0.000000,0.000000,0.000000,0.000000,1.570441,0.124198,-1.049778,-0.000517,-0.397477,-1.442716,0.000000,0.000000,0.000000,0.000000,0.000000,0.000000,-0.055440,-0.232120,0.035939,-0.035840,0.034784,0.024320,2.0000,2.0000,2.0000,0.0000,3.0000,16.8023,21.2885,45.1107,-8.8998,16.1374,,,
1786588637388621558,2026-08-13T09:37:17.388648,prediction,0.046865,0.146000,0.069810,True,0.040254,0.191691,0.090158,0.006610,0.045691,0.020348,5.40,20,-0.161990,0.280062,0.378525,-0.150781,0.328265,0.409875,-0.136746,0.330062,0.428525,0.021495,0.234534,0.056600,0.242223,0.000000,0.000000,0.000000,0.000000,1.570441,0.124191,-1.049778,-0.000517,-0.397477,-1.442716,0.000000,0.001307,0.000000,0.000000,0.000000,0.000000,-0.054180,-0.230860,0.039425,-0.034016,0.033504,0.023264,2.0000,2.0000,2.0000,0.0000,3.0000,16.9439,21.2082,44.9547,-8.7115,15.8510,,,
1786588637424780517,2026-08-13T09:37:17.424836,prediction,0.047005,0.138000,0.069742,True,0.041257,0.192419,0.089228,0.005748,0.054419,0.019486,5.39,20,-0.137177,0.380062,0.441911,-0.149673,0.334289,0.412422,-0.137177,0.380062,0.441911,0.030816,0.167559,0.070858,0.184518,0.372340,1.500553,0.951140,1.815204,1.570441,0.124191,-1.049778,-0.000517,-0.397477,-1.442716,0.000000,0.001307,0.000000,0.000000,0.000000,0.000000,-0.054180,-0.230860,0.039425,-0.034016,0.033504,0.023264,2.0000,2.0000,2.0000,0.0000,3.0000,17.1705,21.4121,44.5893,-8.4982,15.7837,,,
1786588637462788614,2026-08-13T09:37:17.462818,prediction,0.046601,0.161000,0.073480,True,0.039552,0.200419,0.089975,0.007049,0.039419,0.016495,5.64,20,-0.137177,0.380062,0.441911,-0.148837,0.339281,0.415164,-0.137275,0.393375,0.443289,0.021825,0.130234,0.071539,0.150184,0.372340,1.500553,0.951140,1.815204,1.570441,0.124191,-1.049778,-0.000517,-0.397477,-1.442716,0.000000,0.001307,0.000000,0.000000,0.000000,0.000000,-0.054180,-0.230860,0.039425,-0.034016,0.033504,0.023264,2.0000,2.0000,2.0000,0.0000,3.0000,17.2017,21.4289,44.4698,-8.6917,15.8117,,,
1786588637503258591,2026-08-13T09:37:17.503283,prediction,0.046865,0.146000,0.073378,True,0.040059,0.199531,0.090513,0.006806,0.053531,0.017135,9.03,20,-0.137655,0.397543,0.444667,-0.148042,0.344066,0.417629,-0.137655,0.397543,0.444667,0.020978,0.126278,0.065040,0.143585,-0.007207,0.263540,0.041552,0.266893,1.570441,0.124191,-1.049778,-0.000517,-0.397477,-1.442716,0.000000,0.001307,0.000000,0.000000,0.000000,0.000000,-0.054180,-0.230860,0.039425,-0.034016,0.033504,0.023264,2.0000,2.0000,2.0000,0.0000,3.0000,17.3097,21.5335,44.1517,-8.7669,16.0982,,,
1786588637550412125,2026-08-13T09:37:17.550434,prediction,0.046601,0.161000,0.077024,True,0.034846,0.204540,0.091067,0.011755,0.043540,0.014043,9.01,20,-0.138190,0.401878,0.445871,-0.147506,0.348756,0.420058,-0.138190,0.401878,0.445871,0.011582,0.101422,0.052522,0.114800,-0.008033,0.065089,0.018065,0.068025,1.570441,0.124191,-1.049778,-0.000517,-0.397477,-1.442716,0.000000,0.001307,0.000000,0.000000,0.000000,0.000000,-0.054180,-0.230860,0.039425,-0.034016,0.033504,0.023264,2.0000,2.0000,2.0000,0.0000,3.0000,17.4771,21.5004,44.1058,-8.7830,15.8650,,,
1786588637587510126,2026-08-13T09:37:17.587534,prediction,0.046601,0.161000,0.077024,True,0.033469,0.207105,0.091725,0.013132,0.046106,0.014701,8.90,20,-0.138190,0.401878,0.445871,-0.146937,0.353427,0.422278,-0.138133,0.405899,0.446760,0.015314,0.125726,0.059740,0.140038,-0.008033,0.065089,0.018065,0.068025,1.570441,0.124191,-1.049778,-0.000517,-0.397477,-1.442716,0.000000,0.001307,0.000000,0.000000,0.000000,0.000000,-0.054180,-0.230860,0.039425,-0.034016,0.033504,0.023264,2.0000,2.0000,2.0000,0.0000,3.0000,17.5836,21.5940,43.6272,-8.9843,16.0471,,,
1786588637622751283,2026-08-13T09:37:17.622772,prediction,0.046865,0.146000,0.076946,True,0.034570,0.202736,0.092021,0.012294,0.056736,0.015075,8.86,20,-0.137487,0.409649,0.447448,-0.146629,0.358095,0.424248,-0.137487,0.409649,0.447448,0.008719,0.132158,0.055794,0.143718,0.010520,0.116265,0.023610,0.119103,1.570441,0.124191,-1.049778,-0.000517,-0.397477,-1.442716,0.000000,0.001307,0.000000,0.000000,0.000000,0.000000,-0.054180,-0.230860,0.039425,-0.034016,0.033504,0.023264,2.0000,2.0000,2.0000,0.0000,3.0000,17.9132,21.7101,43.1516,-9.0080,16.1421,,,
1786588637669513864,2026-08-13T09:37:17.669540,prediction,0.043191,0.153000,0.076983,True,0.029167,0.203161,0.091207,0.014024,0.050161,0.014225,9.09,20,-0.137487,0.409649,0.447448,-0.146077,0.362335,0.425977,-0.137293,0.413113,0.448049,0.011904,0.091310,0.037233,0.099325,0.010520,0.116265,0.023610,0.119103,1.570441,0.124191,-1.049771,-0.000485,-0.397477,-1.442716,0.000000,0.000000,0.000000,0.000000,0.000000,0.000000,-0.025620,-0.216580,0.069886,-0.016096,0.028512,0.020384,2.0000,2.0000,2.0000,0.0000,3.0000,18.0336,21.8581,42.9689,-9.9637,16.4006,,,
1786588637714409823,2026-08-13T09:37:17.714434,prediction,0.042953,0.168000,0.080592,True,0.029611,0.208774,0.094191,0.013341,0.040774,0.013599,8.80,20,-0.136838,0.416262,0.448405,-0.145549,0.366490,0.427671,-0.136838,0.416262,0.448405,0.011594,0.091280,0.037208,0.099252,0.009531,0.097196,0.014052,0.098667,1.570441,0.124191,-1.049771,-0.000485,-0.397477,-1.442716,0.000000,0.000000,0.000000,0.000000,0.000000,0.000000,-0.026320,-0.214760,0.069886,-0.016384,0.028384,0.020704,2.0000,2.0000,2.0000,0.0000,3.0000,18.1228,21.7184,44.2256,-9.4765,15.5355,,,
1786588637753188931,2026-08-13T09:37:17.753213,prediction,0.043191,0.153000,0.084096,True,0.032851,0.203086,0.097764,0.010340,0.050087,0.013667,8.93,20,-0.136251,0.419200,0.448773,-0.145017,0.369774,0.429614,-0.136251,0.419200,0.448773,0.013882,0.085649,0.050677,0.100482,0.008897,0.044549,0.005586,0.045771,1.570441,0.124191,-1.049771,-0.000485,-0.397477,-1.442716,0.000000,0.000000,0.000000,0.000000,0.000000,0.000000,-0.026320,-0.214760,0.069886,-0.016384,0.028384,0.020704,2.0000,2.0000,1.0000,0.0000,3.0000,18.4887,21.8914,44.1596,-9.6500,14.9859,,,
1786588637797124379,2026-08-13T09:37:17.797148,prediction,0.042953,0.168000,0.087656,True,0.031251,0.203764,0.099493,0.011701,0.035764,0.011837,8.92,20,-0.136251,0.419200,0.448773,-0.144479,0.373258,0.431545,-0.135549,0.421669,0.449389,0.012169,0.078797,0.043684,0.090914,0.008897,0.044549,0.005586,0.045771,1.570441,0.124191,-1.049771,-0.000485,-0.397477,-1.442716,0.000000,0.000000,0.000000,0.000000,0.000000,0.000000,-0.026320,-0.214760,0.069886,-0.016384,0.028384,0.020704,2.0000,2.0000,1.0000,0.0000,3.0000,18.7192,21.6915,43.6167,-10.1711,14.8919,,,
1786588637829404824,2026-08-13T09:37:17.829428,prediction,0.042825,0.176000,0.087658,True,0.030887,0.207114,0.100930,0.011938,0.031114,0.013272,6.56,20,-0.134888,0.423872,0.450050,-0.144145,0.377208,0.433254,-0.134888,0.423872,0.450050,0.009537,0.112881,0.048834,0.123360,0.020579,0.070524,0.019281,0.075953,1.570441,0.124191,-1.049771,-0.000485,-0.397477,-1.442716,0.000000,0.000000,0.000000,0.000000,0.000000,0.000000,-0.025620,-0.214200,0.070218,-0.016704,0.027392,0.020096,2.0000,2.0000,1.0000,0.0000,3.0000,19.1767,22.3170,43.7968,-9.7223,14.6613,,,
1786588637867858461,2026-08-13T09:37:17.867879,prediction,0.042714,0.183000,0.087659,True,0.032336,0.210993,0.102228,0.010378,0.027993,0.014569,5.29,20,-0.134888,0.423872,0.450050,-0.143841,0.381251,0.434938,-0.134331,0.425831,0.450682,0.007709,0.102639,0.042743,0.111451,0.020579,0.070524,0.019281,0.075953,1.570441,0.124191,-1.049771,-0.000485,-0.397477,-1.442716,0.000000,0.000000,0.000000,0.000000,0.000000,0.000000,-0.025620,-0.214200,0.070218,-0.016704,0.027392,0.020096,2.0000,2.0000,1.0000,0.0000,3.0000,19.6949,22.7892,43.4480,-9.3964,14.7755,,,
1786588637921237679,2026-08-13T09:37:17.921261,prediction,0.042953,0.168000,0.091188,True,0.035725,0.203041,0.106031,0.007228,0.035041,0.014842,5.11,20,-0.133914,0.427862,0.451460,-0.143571,0.384886,0.436606,-0.133914,0.427862,0.451460,0.005018,0.067526,0.030993,0.074468,0.014616,0.059847,0.021143,0.065133,1.570441,0.124191,-1.049771,-0.000485,-0.397477,-1.442716,0.000000,0.000000,0.000000,0.000000,0.000000,0.000000,-0.025620,-0.214200,0.070218,-0.016704,0.027392,0.020096,2.0000,2.0000,2.0000,0.0000,3.0000,19.8260,23.0968,42.8613,-10.9199,15.4673,,,
1786588637962996707,2026-08-13T09:37:17.963020,prediction,0.042475,0.198000,0.094628,True,0.032307,0.211041,0.107325,0.010168,0.013041,0.012698,9.55,20,-0.133736,0.429670,0.452464,-0.143269,0.388013,0.438504,-0.133736,0.429670,0.452464,0.008175,0.084638,0.051367,0.099342,0.002657,0.027030,0.015016,0.031035,1.562999,0.121401,-1.041778,-0.000485,-0.407502,-1.435418,0.124354,0.047558,0.133951,0.000000,0.175401,0.124350,-0.229040,-0.301280,0.269999,-0.020320,-0.062784,0.052832,2.0000,2.0000,2.0000,0.0000,3.0000,20.1305,23.7242,42.7695,-11.2301,16.1857,,,
1786588637999225334,2026-08-13T09:37:17.999246,prediction,0.042714,0.183000,0.098181,True,0.031329,0.212449,0.110543,0.011385,0.029450,0.012362,8.68,20,-0.133736,0.429670,0.452464,-0.142992,0.391039,0.440396,-0.133102,0.431244,0.453570,0.007353,0.080392,0.050260,0.095095,0.002657,0.027030,0.015016,0.031035,1.562999,0.121401,-1.041778,-0.000485,-0.407502,-1.435418,0.124354,0.047558,0.133951,0.000000,0.175401,0.124350,-0.229040,-0.301280,0.269999,-0.020320,-0.062784,0.052832,2.0000,2.0000,2.0000,0.0000,3.0000,20.5100,24.0355,42.6828,-10.9682,16.4671,,,
1786588638032136615,2026-08-13T09:37:18.032162,prediction,0.042602,0.190000,0.098148,True,0.028846,0.216680,0.111038,0.013756,0.026680,0.012890,4.98,20,-0.132506,0.432774,0.454929,-0.142699,0.394417,0.442289,-0.132506,0.432774,0.454929,0.007941,0.091392,0.051229,0.105071,0.018487,0.046673,0.037068,0.062403,1.562999,0.121401,-1.041778,-0.000485,-0.407502,-1.435418,0.124354,0.047558,0.133951,0.000000,0.175401,0.124350,-0.229040,-0.301280,0.269999,-0.020320,-0.062784,0.052832,2.0000,2.0000,2.0000,0.0000,3.0000,20.5443,24.1368,42.5685,-10.9125,16.2608,,,
1786588638079020737,2026-08-13T09:37:18.079037,prediction,0.042363,0.205000,0.101548,True,0.026812,0.224680,0.115095,0.015551,0.019680,0.013548,9.47,20,-0.131679,0.434187,0.456383,-0.142416,0.397440,0.444160,-0.131679,0.434187,0.456383,0.006633,0.070959,0.043932,0.083721,0.012455,0.021270,0.021889,0.032965,1.536538,0.111725,-1.013458,-0.000334,-0.444065,-1.409084,0.246527,0.085081,0.271396,0.005228,0.350371,0.245208,-0.189700,-0.273420,0.293903,0.023552,-0.084832,0.054656,2.0000,2.0000,2.0000,0.0000,3.0000,20.8981,24.3314,41.8423,-10.0900,16.2466,,,
1786588638117554906,2026-08-13T09:37:18.117576,prediction,0.038799,0.212000,0.101503,True,0.024766,0.232246,0.117578,0.014033,0.020247,0.016075,8.61,20,-0.131679,0.434187,0.456383,-0.141879,0.401191,0.446035,-0.130830,0.435763,0.458058,0.013901,0.096975,0.048473,0.109302,0.012455,0.021270,0.021889,0.032965,1.526208,0.108576,-1.001145,-0.000108,-0.459954,-1.398844,0.219033,0.053667,0.286229,0.002609,0.369569,0.215543,-0.125160,-0.180320,0.302950,0.010816,-0.081920,0.051488,2.0000,2.0000,2.0000,0.0000,3.0000,21.3315,24.6855,41.4316,-10.3227,16.1309,,,
1786588638153579325,2026-08-13T09:37:18.153600,prediction,0.039113,0.190000,0.105140,True,0.027218,0.224246,0.120762,0.011895,0.034247,0.015622,8.79,20,-0.129810,0.437420,0.459862,-0.141379,0.404288,0.447910,-0.129810,0.437420,0.459862,0.013701,0.085002,0.051447,0.100298,0.027632,0.047804,0.051440,0.075464,1.524510,0.108190,-0.998818,-0.000086,-0.462907,-1.397173,0.208997,0.045814,0.291902,0.002609,0.369127,0.204635,-0.132860,-0.168000,0.289753,0.010304,-0.086560,0.051648,2.0000,2.0000,2.0000,0.0000,3.0000,21.7925,25.2818,40.9442,-10.2065,16.1792,,,
1786588638208341433,2026-08-13T09:37:18.208367,prediction,0.038599,0.226000,0.108286,True,0.022465,0.232246,0.123298,0.016135,0.006247,0.015012,8.41,20,-0.129810,0.437420,0.459862,-0.140846,0.407627,0.449994,-0.129302,0.439045,0.461842,0.009902,0.061985,0.038685,0.073734,0.027632,0.047804,0.051440,0.075464,1.524510,0.108190,-0.998818,-0.000086,-0.462907,-1.397173,0.208997,0.045814,0.291902,0.002609,0.369127,0.204635,-0.132860,-0.168000,0.289753,0.010304,-0.086560,0.051648,2.0000,2.0000,2.0000,0.0000,3.0000,21.8759,25.4148,41.1286,-10.2992,16.2399,,,
1786588638252068522,2026-08-13T09:37:18.252095,prediction,0.038799,0.212000,0.111881,True,0.019755,0.236782,0.126600,0.019044,0.024783,0.014719,8.58,20,-0.129302,0.439045,0.461842,-0.140308,0.411015,0.452323,-0.128568,0.440848,0.463947,0.012305,0.077531,0.053298,0.094885,0.007738,0.024730,0.030124,0.039735,1.524510,0.108190,-0.998818,-0.000086,-0.462907,-1.397173,0.208997,0.045814,0.291902,0.002609,0.369127,0.204635,-0.132860,-0.168000,0.289753,0.010304,-0.086560,0.051648,2.0000,2.0000,2.0000,0.0000,3.0000,22.0469,25.6823,41.2738,-10.2133,16.5425,,,
1786588638287265705,2026-08-13T09:37:18.287285,prediction,0.038599,0.226000,0.111722,True,0.017440,0.241767,0.128210,0.021159,0.015767,0.016488,8.51,20,-0.127580,0.442686,0.466252,-0.140002,0.415586,0.454639,-0.127580,0.442686,0.466252,0.008559,0.127783,0.064745,0.143505,0.025948,0.054885,0.066479,0.090029,1.507921,0.116272,-0.948319,0.000108,-0.527939,-1.380670,0.016576,0.132639,0.332915,0.000000,0.428478,0.016137,-0.050820,0.098140,0.292160,0.002464,-0.087776,0.033280,2.0000,2.0000,2.0000,0.0000,3.0000,22.3580,25.9856,41.6521,-10.1068,16.3133,,,
1786588638320881984,2026-08-13T09:37:18.320904,prediction,0.038699,0.219000,0.115250,True,0.017587,0.240436,0.132080,0.021112,0.021436,0.016830,8.95,20,-0.127580,0.442686,0.466252,-0.139719,0.420020,0.456949,-0.126799,0.444847,0.468719,0.008641,0.135120,0.070406,0.152608,0.025948,0.054885,0.066479,0.090029,1.507744,0.121316,-0.936147,0.000108,-0.543472,-1.380573,0.000000,0.143988,0.340335,0.000000,0.436767,0.002609,0.007000,0.065100,0.318803,-0.003008,-0.093568,0.010912,2.0000,2.0000,2.0000,0.0000,3.0000,22.3747,26.0437,41.8827,-10.4166,16.5638,,,
1786588638355815681,2026-08-13T09:37:18.355836,prediction,0.042029,0.226000,0.115158,True,0.018129,0.245827,0.133518,0.023900,0.019828,0.018360,9.11,20,-0.125997,0.447267,0.471245,-0.139641,0.424800,0.459020,-0.125997,0.447267,0.471245,0.002243,0.138332,0.059927,0.150771,0.023505,0.068001,0.074114,0.103293,1.507934,0.126360,-0.923671,0.000108,-0.559598,-1.380734,0.008285,0.135697,0.349495,0.000000,0.449854,0.010898,0.072520,0.005460,0.319799,-0.004864,-0.100288,-0.023616,2.0000,2.0000,2.0000,0.0000,3.0000,22.4995,26.1331,41.7004,-10.7886,16.4747,,,
1786588638400427572,2026-08-13T09:37:18.400451,prediction,0.042029,0.226000,0.115158,True,0.017625,0.246909,0.133825,0.024404,0.020909,0.018666,8.60,20,-0.125997,0.447267,0.471245,-0.139579,0.428850,0.460854,-0.125016,0.449810,0.473628,0.001357,0.089228,0.040401,0.097958,0.023505,0.068001,0.074114,0.103293,1.508293,0.131685,-0.908229,0.000108,-0.579583,-1.381133,0.004796,0.106459,0.347755,0.000000,0.449854,0.005670,0.062300,-0.028140,0.294733,-0.005472,-0.085600,-0.030464,2.0000,2.0000,2.0000,0.0000,3.0000,22.7453,26.3979,41.4118,-11.0310,16.4185,,,
1786588638438720003,2026-08-13T09:37:18.438740,prediction,0.042140,0.219000,0.118697,True,0.020354,0.240515,0.138420,0.021786,0.021515,0.019722,8.52,20,-0.124107,0.452562,0.475917,-0.139534,0.432753,0.462923,-0.124107,0.452562,0.475917,0.001176,0.100543,0.053304,0.113805,0.028619,0.080183,0.070755,0.110701,1.508352,0.132874,-0.904095,0.000108,-0.584940,-1.381198,0.003489,0.096423,0.341643,0.002609,0.444615,0.005670,0.058800,-0.034720,0.288840,-0.005792,-0.081984,-0.028608,2.0000,2.0000,2.0000,0.0000,3.0000,23.1080,26.8123,41.3788,-10.5514,16.4283,,,
1786588638476116345,2026-08-13T09:37:18.476151,prediction,0.041917,0.233000,0.121917,True,0.017263,0.246888,0.140095,0.024655,0.013889,0.018178,8.46,20,-0.124107,0.452562,0.475917,-0.139481,0.436200,0.465207,-0.123405,0.455356,0.478417,0.001407,0.091345,0.060516,0.109581,0.028619,0.080183,0.070755,0.110701,1.508352,0.132874,-0.904095,0.000108,-0.584940,-1.381198,0.003489,0.096423,0.341643,0.002609,0.444615,0.005670,0.058800,-0.034720,0.288840,-0.005792,-0.081984,-0.028608,2.0000,2.0000,2.0000,0.0000,3.0000,23.5725,27.3016,41.7823,-9.9669,16.3897,,,
1786588638510200936,2026-08-13T09:37:18.510222,prediction,0.041264,0.274000,0.124605,True,0.018515,0.254888,0.142758,0.022749,0.019112,0.018153,4.88,20,-0.123405,0.455356,0.478417,-0.139368,0.439930,0.467435,-0.122400,0.458036,0.480941,0.003005,0.099563,0.059473,0.116012,0.010481,0.041703,0.037307,0.056928,1.508352,0.132874,-0.904095,0.000108,-0.584940,-1.381198,0.003489,0.096423,0.341643,0.002609,0.444615,0.005670,0.058800,-0.034720,0.288840,-0.005792,-0.081984,-0.028608,2.0000,2.0000,2.0000,0.0000,3.0000,24.0068,27.5868,42.0329,-9.8112,16.0286,,,
1786588638546298510,2026-08-13T09:37:18.546317,prediction,0.041471,0.261000,0.128217,True,0.024077,0.262888,0.144446,0.017395,0.001888,0.016229,4.83,20,-0.121253,0.460693,0.483389,-0.139301,0.444835,0.469674,-0.121253,0.460693,0.483389,0.001831,0.134278,0.061291,0.147617,0.032478,0.080544,0.075045,0.114778,1.508352,0.132874,-0.904095,0.000108,-0.584940,-1.381198,0.003489,0.096423,0.341643,0.002609,0.444615,0.005670,0.058800,-0.034720,0.288840,-0.005792,-0.081984,-0.028608,3.0000,2.0000,2.0000,0.0000,4.0000,25.0745,28.5526,41.6919,-8.8010,16.0836,,,
1786588638581774654,2026-08-13T09:37:18.581798,prediction,0.041694,0.247000,0.131893,True,0.022329,0.270888,0.145769,0.019365,0.023888,0.013875,5.24,20,-0.121253,0.460693,0.483389,-0.139233,0.449977,0.471921,-0.120704,0.463566,0.485864,0.001986,0.150267,0.065689,0.164009,0.032478,0.080544,0.075045,0.114778,1.508352,0.132874,-0.904095,0.000108,-0.584940,-1.381198,0.003489,0.096423,0.341643,0.002609,0.444615,0.005670,0.058800,-0.034720,0.288840,-0.005792,-0.081984,-0.028608,3.0000,2.0000,2.0000,0.0000,4.0000,25.9803,29.4368,41.2940,-7.0324,16.2886,,,
1786588638620523038,2026-08-13T09:37:18.620546,prediction,0.041471,0.261000,0.134974,True,0.019664,0.278888,0.146805,0.021808,0.017888,0.011831,8.75,20,-0.120104,0.466905,0.488212,-0.139158,0.454792,0.474376,-0.120104,0.466905,0.488212,0.002080,0.132819,0.067722,0.149102,0.017116,0.092565,0.071865,0.118431,1.508352,0.132874,-0.904095,0.000108,-0.584940,-1.381198,0.003489,0.096423,0.341643,0.002609,0.444615,0.005670,0.058800,-0.034720,0.288840,-0.005792,-0.081984,-0.028608,3.0000,2.0000,2.0000,0.0000,4.0000,26.4055,29.9343,41.0083,-7.2628,16.0811,,,
1786588638655711051,2026-08-13T09:37:18.655732,prediction,0.040946,0.294000,0.137541,True,0.021522,0.286888,0.147909,0.019424,0.007112,0.010368,8.55,20,-0.120104,0.466905,0.488212,-0.139063,0.459541,0.476776,-0.119492,0.470690,0.490597,0.002683,0.134849,0.068126,0.151104,0.017116,0.092565,0.071865,0.118431,1.508378,0.134279,-0.898682,0.000119,-0.591914,-1.381230,0.000000,0.083336,0.334662,0.000000,0.431087,0.000000,0.056700,-0.048860,0.293654,-0.006976,-0.079424,-0.027008,3.0000,2.0000,2.0000,0.0000,4.0000,27.1209,30.7533,41.2651,-7.3950,15.6168,,,
1786588638691393859,2026-08-13T09:37:18.691410,prediction,0.041041,0.288000,0.141023,True,0.028274,0.294888,0.148001,0.012767,0.006888,0.006979,7.00,20,-0.119139,0.474765,0.492785,-0.139213,0.464918,0.479411,-0.119139,0.474765,0.492785,-0.004012,0.144297,0.070709,0.160740,0.014475,0.117909,0.068591,0.137174,1.508378,0.134279,-0.898682,0.000119,-0.591914,-1.381230,0.000000,0.083336,0.334662,0.000000,0.431087,0.000000,0.056700,-0.048860,0.293654,-0.006976,-0.079424,-0.027008,3.0000,2.0000,2.0000,0.0000,4.0000,27.1272,30.6980,42.1771,-7.6892,16.8221,,,
1786588638729071507,2026-08-13T09:37:18.729092,prediction,0.040834,0.301000,0.143994,True,0.025548,0.302888,0.148853,0.015287,0.001888,0.004859,6.55,20,-0.119139,0.474765,0.492785,-0.139328,0.470740,0.482001,-0.119373,0.478898,0.494813,-0.003000,0.152230,0.067729,0.166644,0.014475,0.117909,0.068591,0.137174,1.508378,0.134279,-0.898682,0.000119,-0.591914,-1.381230,0.000000,0.083336,0.334662,0.000000,0.431087,0.000000,0.056700,-0.048860,0.293654,-0.006976,-0.079424,-0.027008,3.0000,2.0000,2.0000,0.0000,4.0000,27.2968,30.7968,42.1939,-8.4256,16.3748,,,
1786588638768309734,2026-08-13T09:37:18.768332,prediction,0.040946,0.294000,0.147513,True,0.023319,0.310888,0.151646,0.017627,0.016888,0.004133,4.72,20,-0.119262,0.483469,0.496686,-0.139484,0.476278,0.484616,-0.119262,0.483469,0.496686,-0.003815,0.135044,0.063773,0.149394,-0.001844,0.130982,0.058706,0.143548,1.508378,0.134279,-0.898682,0.000119,-0.591914,-1.381230,0.000000,0.083336,0.334662,0.000000,0.431087,0.000000,0.056700,-0.048860,0.293654,-0.006976,-0.079424,-0.027008,3.0000,2.0000,2.0000,0.0000,4.0000,27.3215,30.6152,42.9267,-9.0170,16.6538,,,
1786588638803694745,2026-08-13T09:37:18.803715,prediction,0.040834,0.301000,0.147306,True,0.022071,0.318888,0.150878,0.018763,0.017888,0.003572,4.61,20,-0.119262,0.483469,0.496686,-0.139620,0.482132,0.486978,-0.119319,0.488150,0.498575,-0.003813,0.164502,0.066362,0.177424,-0.001844,0.130982,0.058706,0.143548,1.503445,0.143668,-0.787363,0.000097,-0.687473,-1.378137,0.008285,0.009598,0.261798,0.000000,0.078538,0.016137,-0.089460,-0.078120,0.294401,-0.036192,-0.050656,0.038240,3.0000,2.0000,2.0000,0.0000,4.0000,27.3670,30.4810,43.5507,-9.1208,16.8203,,,
1786588638840492614,2026-08-13T09:37:18.840513,prediction,0.040213,0.340000,0.149402,True,0.021135,0.326888,0.151195,0.019078,0.013112,0.001792,4.58,20,-0.119473,0.493281,0.500194,-0.139727,0.487303,0.489490,-0.119473,0.493281,0.500194,-0.002929,0.140749,0.068376,0.156506,-0.003176,0.147469,0.052728,0.156644,1.503445,0.143668,-0.787363,0.000097,-0.687473,-1.378137,0.008285,0.009598,0.261798,0.000000,0.078538,0.016137,-0.089460,-0.078120,0.294401,-0.036192,-0.050656,0.038240,3.0000,2.0000,2.0000,0.0000,4.0000,27.4767,30.6121,44.0277,-10.7353,17.4203,,,
1786588638874423055,2026-08-13T09:37:18.874444,prediction,0.040516,0.321000,0.153274,True,0.026141,0.334888,0.153443,0.014374,0.013888,0.000169,4.60,20,-0.119473,0.493281,0.500194,-0.139848,0.493777,0.492025,-0.119719,0.498686,0.501726,-0.003581,0.191409,0.074947,0.205590,-0.003176,0.147469,0.052728,0.156644,1.503445,0.143668,-0.787363,0.000097,-0.687473,-1.378137,0.008285,0.009598,0.261798,0.000000,0.078538,0.016137,-0.089460,-0.078120,0.294401,-0.036192,-0.050656,0.038240,3.0000,2.0000,2.0000,0.0000,4.0000,27.4790,30.4724,44.0267,-10.8494,17.3790,,,
1786588638911292662,2026-08-13T09:37:18.911313,prediction,0.039831,0.364000,0.155071,True,0.020006,0.342888,0.152991,0.019825,0.021111,0.002079,4.70,20,-0.119719,0.498686,0.501726,-0.139702,0.501152,0.494686,-0.120290,0.504378,0.503151,0.003979,0.200286,0.072262,0.212960,-0.003698,0.081153,0.023006,0.084432,1.503445,0.143668,-0.787363,0.000097,-0.687473,-1.378137,0.008285,0.009598,0.261798,0.000000,0.078538,0.016137,-0.089460,-0.078120,0.294401,-0.036192,-0.050656,0.038240,3.0000,2.0000,2.0000,0.0000,4.0000,27.4594,30.1995,44.4470,-10.8415,17.9272,,,
1786588638953917635,2026-08-13T09:37:18.953937,prediction,0.040213,0.340000,0.155898,True,0.016917,0.350888,0.153983,0.023296,0.010888,0.001916,4.69,20,-0.120415,0.510483,0.504449,-0.139581,0.508707,0.497402,-0.120415,0.510483,0.504449,0.002851,0.177921,0.063962,0.189090,-0.010397,0.176381,0.040705,0.181316,1.501328,0.144151,-0.753377,0.000086,-0.696862,-1.375657,0.016576,0.000000,0.213797,0.000000,0.054101,0.018756,-0.092260,-0.124180,0.291662,-0.050144,-0.044416,0.035904,3.0000,2.0000,2.0000,0.0000,4.0000,27.3398,29.9764,44.5160,-11.0474,17.9306,,,
1786588639000447855,2026-08-13T09:37:19.000472,prediction,0.040022,0.352000,0.158713,True,0.011595,0.358888,0.157322,0.028427,0.006888,0.001390,5.88,20,-0.120415,0.510483,0.504449,-0.139440,0.516938,0.500069,-0.120368,0.516880,0.505793,0.003190,0.185950,0.060267,0.195499,-0.010397,0.176381,0.040705,0.181316,1.500590,0.144132,-0.745191,0.000075,-0.699018,-1.374860,0.019634,0.001744,0.196785,0.000000,0.059340,0.018756,-0.083300,-0.250740,0.279959,-0.050944,-0.047360,0.034912,3.0000,2.0000,2.0000,0.0000,4.0000,27.4847,30.1825,43.7158,-12.7363,17.8122,,,
1786588639048569787,2026-08-13T09:37:19.048592,prediction,0.039831,0.364000,0.158279,True,0.010304,0.366888,0.159557,0.029527,0.002889,0.001278,9.70,20,-0.120415,0.510483,0.504449,-0.139301,0.525304,0.502493,-0.119784,0.523763,0.507053,0.003135,0.188567,0.054638,0.196348,-0.010397,0.176381,0.040705,0.181316,1.499499,0.143857,-0.735429,0.000075,-0.702586,-1.373717,0.019634,0.007853,0.178458,0.000000,0.078096,0.027045,-0.103460,-0.294700,0.282366,-0.054112,-0.045760,0.036800,3.0000,2.0000,2.0000,0.0000,4.0000,27.5053,30.1873,43.7665,-12.8198,17.8194,,,
1786588639092262675,2026-08-13T09:37:19.092286,prediction,0.039831,0.364000,0.161487,True,0.013051,0.374888,0.164767,0.026780,0.010889,0.003280,9.00,20,-0.119320,0.531113,0.508350,-0.139205,0.533964,0.504952,-0.119320,0.531113,0.508350,0.002136,0.193596,0.054968,0.201260,0.008219,0.154833,0.029281,0.157791,1.498663,0.143322,-0.727265,0.000065,-0.706315,-1.372380,0.013087,0.013087,0.161877,0.000000,0.083335,0.029665,-0.092960,-0.283640,0.278050,-0.052224,-0.048032,0.040640,3.0000,2.0000,2.0000,0.0000,4.0000,27.7525,30.3111,45.1394,-11.5085,17.4561,,,
1786588639133084137,2026-08-13T09:37:19.133102,prediction,0.039831,0.364000,0.161487,True,0.010791,0.382888,0.164439,0.029040,0.018889,0.002952,8.77,20,-0.119320,0.531113,0.508350,-0.139096,0.541189,0.507170,-0.118956,0.538983,0.509817,0.002653,0.175264,0.053802,0.183355,0.008219,0.154833,0.029281,0.157791,1.498382,0.143041,-0.724165,0.000065,-0.708040,-1.371712,0.013087,0.014394,0.150970,0.000000,0.089005,0.034903,-0.093520,-0.289520,0.278216,-0.051040,-0.052480,0.039904,3.0000,2.0000,2.0000,0.0000,4.0000,27.9317,30.4242,45.5220,-11.7184,17.6142,,,
1786588639169804119,2026-08-13T09:37:19.169827,prediction,0.036443,0.377000,0.164183,True,0.009360,0.390888,0.170079,0.027083,0.013888,0.005897,4.88,20,-0.118070,0.546957,0.511150,-0.138746,0.548127,0.509323,-0.118070,0.546957,0.511150,0.008546,0.169387,0.052552,0.177557,0.018676,0.236726,0.041838,0.241119,1.498382,0.143041,-0.724165,0.000065,-0.708040,-1.371712,0.013087,0.014394,0.150970,0.000000,0.089005,0.034903,-0.093520,-0.289520,0.278216,-0.051040,-0.052480,0.039904,3.0000,2.0000,2.0000,0.0000,4.0000,27.6520,29.6719,47.9108,-7.6560,17.0110,,,
1786588639208033360,2026-08-13T09:37:19.208068,prediction,0.036272,0.389000,0.163709,True,0.008435,0.398888,0.172048,0.027837,0.009888,0.008339,4.95,20,-0.118070,0.546957,0.511150,-0.138399,0.555702,0.511239,-0.117205,0.554952,0.512771,0.009122,0.199324,0.050413,0.205802,0.018676,0.236726,0.041838,0.241119,1.498382,0.143041,-0.724165,0.000065,-0.708040,-1.371712,0.013087,0.014394,0.150970,0.000000,0.089005,0.034903,-0.093520,-0.289520,0.278216,-0.051040,-0.052480,0.039904,3.0000,2.0000,2.0000,0.0000,4.0000,27.5014,29.2149,47.9132,-7.3485,16.9607,,,
1786588639243810194,2026-08-13T09:37:19.243830,prediction,0.033035,0.395000,0.166630,True,0.008033,0.406888,0.176710,0.025002,0.011888,0.010080,4.89,20,-0.117205,0.554952,0.512771,-0.137872,0.564043,0.513178,-0.116457,0.562951,0.514454,0.014778,0.233750,0.054342,0.240438,0.013019,0.120390,0.024406,0.123527,1.498382,0.143041,-0.724165,0.000065,-0.708040,-1.371712,0.013087,0.014394,0.150970,0.000000,0.089005,0.034903,-0.093520,-0.289520,0.278216,-0.051040,-0.052480,0.039904,3.0000,2.0000,2.0000,0.0000,4.0000,27.6331,28.1039,48.0622,-5.5779,16.4031,,,
1786588639286531956,2026-08-13T09:37:19.286551,prediction,0.029752,0.407000,0.166136,True,0.003280,0.414888,0.176156,0.026472,0.007888,0.010019,4.72,20,-0.115557,0.570950,0.516374,-0.137119,0.571418,0.514852,-0.115557,0.570950,0.516374,0.017535,0.171832,0.039009,0.177075,0.024717,0.239979,0.054043,0.247227,1.493900,0.139806,-0.702179,0.000065,-0.729049,-1.365536,0.037523,0.020940,0.135698,0.000000,0.159254,0.037523,-0.118300,-0.294700,0.290583,-0.050432,-0.055616,0.040256,3.0000,2.0000,2.0000,0.0000,4.0000,27.4799,27.4740,46.2746,-6.7267,17.7179,,,
1786588639322829223,2026-08-13T09:37:19.322846,prediction,0.026733,0.395000,0.166630,True,0.001435,0.417017,0.178153,0.025298,0.022018,0.011524,4.88,20,-0.115557,0.570950,0.516374,-0.136179,0.578280,0.516361,-0.113891,0.578950,0.518251,0.026080,0.190358,0.041865,0.196644,0.024717,0.239979,0.054043,0.247227,1.493109,0.139414,-0.699391,0.000065,-0.732315,-1.364824,0.041012,0.017889,0.141371,0.000000,0.167112,0.037954,-0.134120,-0.290360,0.296061,-0.050144,-0.056832,0.039584,3.0000,2.0000,2.0000,0.0000,4.0000,27.2548,27.1286,47.0031,-6.9060,17.7289,,,
1786588639364930398,2026-08-13T09:37:19.364949,prediction,0.023490,0.407000,0.166136,True,-0.004895,0.425017,0.178936,0.028385,0.018017,0.012800,5.01,20,-0.112284,0.586950,0.520204,-0.135015,0.585679,0.517603,-0.112284,0.586950,0.520204,0.027635,0.175701,0.029483,0.180288,0.049115,0.240039,0.057464,0.251660,1.493109,0.139414,-0.699391,0.000065,-0.732315,-1.364824,0.041012,0.017889,0.141371,0.000000,0.167112,0.037954,-0.134120,-0.290360,0.296061,-0.050144,-0.056832,0.039584,3.0000,2.0000,2.0000,0.0000,4.0000,27.3370,26.8040,47.8850,-5.4167,15.1714,,,
1786588639407357251,2026-08-13T09:37:19.407375,prediction,0.017153,0.424000,0.165438,True,-0.011464,0.433017,0.178047,0.028617,0.009017,0.012609,5.11,20,-0.112284,0.586950,0.520204,-0.133436,0.592812,0.518811,-0.110403,0.594637,0.522024,0.037413,0.169038,0.028645,0.175483,0.049115,0.240039,0.057464,0.251660,1.493109,0.139414,-0.699391,0.000065,-0.732315,-1.364824,0.041012,0.017889,0.141371,0.000000,0.167112,0.037954,-0.134120,-0.290360,0.296061,-0.050144,-0.056832,0.039584,3.0000,2.0000,2.0000,0.0000,4.0000,27.1565,26.5151,48.1910,-5.5198,16.0427,,,
1786588639446630756,2026-08-13T09:37:19.446650,prediction,0.010940,0.430000,0.162092,True,-0.015074,0.441017,0.176493,0.026014,0.011017,0.014401,5.26,20,-0.110403,0.594637,0.522024,-0.131485,0.600799,0.519657,-0.108167,0.602262,0.523835,0.049481,0.202500,0.021449,0.209558,0.028353,0.115872,0.027425,0.122402,1.493109,0.139414,-0.699391,0.000065,-0.732315,-1.364824,0.041012,0.017889,0.141371,0.000000,0.167112,0.037954,-0.134120,-0.290360,0.296061,-0.050144,-0.056832,0.039584,3.0000,2.0000,2.0000,0.0000,4.0000,27.1458,26.1156,48.1511,-5.2362,16.6894,,,
1786588639482522769,2026-08-13T09:37:19.482541,prediction,0.001768,0.458000,0.157934,True,-0.023074,0.449017,0.172397,0.024842,0.008983,0.014462,4.68,20,-0.105753,0.609873,0.525521,-0.128902,0.608209,0.519968,-0.105753,0.609873,0.525521,0.070830,0.203196,0.008518,0.215355,0.066284,0.217198,0.049863,0.232497,1.485269,0.137879,-0.669197,0.000065,-0.764006,-1.358076,0.035778,0.000000,0.180205,0.000000,0.164492,0.034903,-0.108780,-0.156520,0.321874,-0.049600,-0.061952,0.035072,3.0000,2.0000,2.0000,0.0000,4.0000,26.9814,26.2157,48.5588,-6.1980,18.9051,,,
1786588639542162628,2026-08-13T09:37:19.542186,prediction,-0.004326,0.458000,0.154881,True,-0.026395,0.457017,0.171535,0.022069,0.000983,0.016653,8.13,20,-0.105753,0.609873,0.525521,-0.125958,0.615985,0.519955,-0.102472,0.617483,0.526785,0.051920,0.137134,-0.000223,0.146634,0.066284,0.217198,0.049863,0.232497,1.485269,0.137879,-0.669197,0.000065,-0.764006,-1.358076,0.035778,0.000000,0.180205,0.000000,0.164492,0.034903,-0.108780,-0.156520,0.321874,-0.049600,-0.061952,0.035072,3.0000,2.0000,2.0000,0.0000,4.0000,27.1488,26.2679,48.6481,-5.4455,19.0564,,,
1786588639573328815,2026-08-13T09:37:19.573354,prediction,-0.007224,0.475000,0.148217,True,-0.033106,0.465017,0.166096,0.025882,0.009983,0.017879,5.38,20,-0.102472,0.617483,0.526785,-0.122795,0.623833,0.519443,-0.099379,0.625091,0.528021,0.093836,0.232876,-0.015195,0.251530,0.051473,0.119373,0.019823,0.131500,1.485269,0.137879,-0.669197,0.000065,-0.764006,-1.358076,0.035778,0.000000,0.180205,0.000000,0.164492,0.034903,-0.108780,-0.156520,0.321874,-0.049600,-0.061952,0.035072,3.0000,2.0000,2.0000,0.0000,4.0000,27.4087,26.4334,48.5719,-2.2459,21.5009,,,
1786588639615966501,2026-08-13T09:37:19.615988,prediction,-0.016213,0.480000,0.145036,True,-0.040531,0.473017,0.162536,0.024318,0.006983,0.017500,4.94,20,-0.096044,0.632700,0.528829,-0.119046,0.631963,0.518532,-0.096044,0.632700,0.528829,0.085579,0.185580,-0.020813,0.205419,0.096671,0.228845,0.030735,0.250320,1.484694,0.137944,-0.666231,0.000065,-0.766626,-1.357537,0.034465,0.006540,0.187618,0.000000,0.161873,0.032284,-0.087360,-0.074900,0.324779,-0.049920,-0.060000,0.036576,3.0000,2.0000,2.0000,0.0000,4.0000,27.4556,26.1095,47.4708,-1.4749,21.0509,,,
1786588639668048638,2026-08-13T09:37:19.668079,prediction,-0.022234,0.480000,0.139003,True,-0.045238,0.480816,0.157702,0.023003,0.000816,0.018699,4.94,20,-0.096044,0.632700,0.528829,-0.114909,0.640415,0.517246,-0.092569,0.640308,0.529176,0.081555,0.166603,-0.025329,0.187214,0.096671,0.228845,0.030735,0.250320,1.482224,0.143779,-0.635434,0.000065,-0.792615,-1.355209,0.003489,0.073738,0.280556,0.000000,0.239538,0.002609,-0.088340,-0.000280,0.361050,-0.049536,-0.067008,0.032448,3.0000,2.0000,2.0000,0.0000,4.0000,27.5484,25.4495,47.2105,-1.6664,19.8143,,,
1786588639705746586,2026-08-13T09:37:19.705769,prediction,-0.022320,0.475000,0.139142,True,-0.046995,0.488015,0.155743,0.024675,0.013015,0.016601,4.85,20,-0.088866,0.647917,0.529053,-0.110765,0.648293,0.515757,-0.088866,0.647917,0.529053,0.108921,0.207076,-0.039161,0.237230,0.107818,0.228578,0.003363,0.252753,1.482224,0.143779,-0.635434,0.000065,-0.792615,-1.355209,0.003489,0.073738,0.280556,0.000000,0.239538,0.002609,-0.088340,-0.000280,0.361050,-0.049536,-0.067008,0.032448,3.0000,2.0000,2.0000,0.0000,4.0000,27.0380,24.8327,49.8520,-2.9169,18.9570,,,
1786588639743886589,2026-08-13T09:37:19.743902,prediction,-0.025039,0.491000,0.135697,True,-0.052262,0.496015,0.149765,0.027223,0.005015,0.014067,5.17,20,-0.084863,0.655515,0.528451,-0.106441,0.656055,0.514037,-0.084863,0.655515,0.528451,0.113705,0.204083,-0.045204,0.237954,0.059733,0.113375,-0.008977,0.128462,1.482224,0.143779,-0.635434,0.000065,-0.792615,-1.355209,0.003489,0.073738,0.280556,0.000000,0.239538,0.002609,-0.088340,-0.000280,0.361050,-0.049536,-0.067008,0.032448,3.0000,2.0000,2.0000,0.0000,4.0000,26.1356,22.8798,51.3587,-5.3484,19.1075,,,
1786588639781018668,2026-08-13T09:37:19.781041,prediction,-0.028154,0.485000,0.135855,True,-0.056375,0.504015,0.146543,0.028221,0.019015,0.010688,5.10,20,-0.084863,0.655515,0.528451,-0.102134,0.664061,0.512149,-0.080659,0.663068,0.527473,0.116782,0.217097,-0.051212,0.251777,0.059733,0.113375,-0.008977,0.128462,1.482224,0.143779,-0.635434,0.000065,-0.792615,-1.355209,0.003489,0.073738,0.280556,0.000000,0.239538,0.002609,-0.088340,-0.000280,0.361050,-0.049536,-0.067008,0.032448,3.0000,2.0000,2.0000,0.0000,4.0000,25.8937,23.1374,51.8594,-5.8720,19.1086,,,
1786588639819306793,2026-08-13T09:37:19.819329,prediction,-0.031157,0.485000,0.135855,True,-0.060481,0.512015,0.144445,0.029324,0.027015,0.008590,5.06,20,-0.076277,0.670612,0.525904,-0.097639,0.671422,0.510292,-0.076277,0.670612,0.525904,0.118184,0.193532,-0.048821,0.231960,0.128945,0.226729,-0.038257,0.263622,1.484609,0.162609,-0.578191,0.000065,-0.834093,-1.357677,0.026174,0.125661,0.325063,0.000000,0.202015,0.023995,0.112420,-0.010780,0.351505,-0.038624,-0.061888,-0.035008,3.0000,2.0000,2.0000,0.0000,4.0000,26.0012,23.9114,52.2949,-5.5548,19.5388,,,
1786588639858660795,2026-08-13T09:37:19.858682,prediction,-0.033758,0.502000,0.135409,True,-0.064652,0.520015,0.141393,0.030895,0.018015,0.005984,5.14,20,-0.076277,0.670612,0.525904,-0.093186,0.678014,0.508211,-0.071683,0.678154,0.524064,0.111874,0.165624,-0.052293,0.206595,0.128945,0.226729,-0.038257,0.263622,1.485824,0.168992,-0.562652,0.000065,-0.842749,-1.358842,0.024429,0.140492,0.327249,0.000000,0.161442,0.023995,0.110040,0.021700,0.355240,-0.040128,-0.056896,-0.036064,3.0000,2.0000,2.0000,0.0000,4.0000,26.3774,24.0456,53.9305,-3.1640,17.5732,,,
1786588639906282260,2026-08-13T09:37:19.906304,prediction,-0.034018,0.491000,0.135697,True,-0.063840,0.525625,0.140784,0.029822,0.034625,0.005087,5.21,20,-0.066837,0.685696,0.521709,-0.088935,0.684452,0.506181,-0.066837,0.685696,0.521709,0.089464,0.135489,-0.042703,0.167882,0.142165,0.227161,-0.063170,0.275324,1.486706,0.174422,-0.550719,0.000065,-0.848344,-1.359661,0.024429,0.158388,0.336409,0.000000,0.153584,0.024426,0.095480,0.038080,0.360054,-0.041632,-0.050880,-0.035520,3.0000,2.0000,2.0000,0.0000,4.0000,26.9113,23.9539,52.7733,-1.5206,17.3927,,,
1786588639945249377,2026-08-13T09:37:19.945270,prediction,-0.033521,0.512000,0.135147,True,-0.068650,0.533625,0.138121,0.035129,0.021625,0.002974,7.23,20,-0.062362,0.693238,0.519351,-0.084918,0.691447,0.504082,-0.062362,0.693238,0.519351,0.109823,0.191225,-0.057383,0.227861,0.067019,0.112957,-0.035319,0.136008,1.487542,0.180531,-0.538354,0.000065,-0.853884,-1.360459,0.023122,0.176277,0.349495,0.000000,0.156203,0.024426,0.092960,0.006160,0.373500,-0.042976,-0.057280,-0.035008,3.0000,2.0000,2.0000,0.0000,4.0000,27.3141,23.6260,52.2608,-0.3490,16.2774,,,
1786588639979984417,2026-08-13T09:37:19.980014,prediction,-0.036075,0.528000,0.134727,True,-0.070441,0.541625,0.137442,0.034367,0.013625,0.002715,5.24,20,-0.062362,0.693238,0.519351,-0.080947,0.698446,0.501989,-0.057690,0.700652,0.516682,0.107169,0.188886,-0.056512,0.224403,0.067019,0.112957,-0.035319,0.136008,1.488418,0.188613,-0.522867,0.000065,-0.860912,-1.361310,0.017889,0.186313,0.351242,0.000000,0.158823,0.016137,0.091980,-0.007420,0.348351,-0.040800,-0.060608,-0.031008,3.0000,2.0000,2.0000,0.0000,4.0000,27.1382,22.0918,52.0303,0.4619,15.9103,,,
1786588640025357069,2026-08-13T09:37:20.025379,prediction,-0.036606,0.507000,0.135278,True,-0.066933,0.540433,0.137809,0.030327,0.033433,0.002531,4.96,20,-0.053320,0.708354,0.513916,-0.077363,0.705445,0.499978,-0.053320,0.708354,0.513916,0.079850,0.155957,-0.044798,0.180846,0.135219,0.226055,-0.081280,0.275665,1.488947,0.196139,-0.509342,0.000075,-0.867110,-1.361752,0.009598,0.189364,0.323316,0.000000,0.150964,0.005228,0.087640,-0.005880,0.327601,-0.033408,-0.062400,-0.031296,3.0000,2.0000,2.0000,0.0000,4.0000,27.2045,21.5059,51.6350,0.6639,16.1227,,,
1786588640064155069,2026-08-13T09:37:20.064179,prediction,-0.036075,0.528000,0.134727,True,-0.070293,0.548433,0.135809,0.034219,0.020433,0.001082,4.96,20,-0.053320,0.708354,0.513916,-0.074229,0.712392,0.498154,-0.049622,0.716050,0.511233,0.079527,0.176258,-0.046289,0.198831,0.135219,0.226055,-0.081280,0.275665,1.488947,0.196139,-0.509342,0.000075,-0.867110,-1.361752,0.009598,0.189364,0.323316,0.000000,0.150964,0.005228,0.087640,-0.005880,0.327601,-0.033408,-0.062400,-0.031296,3.0000,2.0000,2.0000,0.0000,4.0000,27.2319,21.6605,52.0033,0.4700,16.5090,,,
1786588640105811062,2026-08-13T09:37:20.105835,prediction,-0.035695,0.543000,0.134333,True,-0.068179,0.556433,0.136538,0.032483,0.013433,0.002205,8.87,20,-0.045941,0.723382,0.508521,-0.071731,0.719008,0.496580,-0.045941,0.723382,0.508521,0.066956,0.177368,-0.042181,0.194221,0.111360,0.226779,-0.081413,0.265439,1.488947,0.196139,-0.509342,0.000075,-0.867110,-1.361752,0.009598,0.189364,0.323316,0.000000,0.150964,0.005228,0.087640,-0.005880,0.327601,-0.033408,-0.062400,-0.031296,3.0000,2.0000,2.0000,0.0000,4.0000,27.1128,21.6483,52.4304,-0.2367,16.6120,,,
1786588640139837962,2026-08-13T09:37:20.139856,prediction,-0.035695,0.543000,0.134333,True,-0.063507,0.559090,0.138069,0.027812,0.016090,0.003736,9.03,20,-0.045941,0.723382,0.508521,-0.069640,0.724865,0.495210,-0.042934,0.730577,0.506130,0.060824,0.170337,-0.039842,0.185207,0.111360,0.226779,-0.081413,0.265439,1.488947,0.196139,-0.509342,0.000075,-0.867110,-1.361752,0.009598,0.189364,0.323316,0.000000,0.150964,0.005228,0.087640,-0.005880,0.327601,-0.033408,-0.062400,-0.031296,3.0000,2.0000,2.0000,0.0000,4.0000,27.4648,21.6983,52.7223,0.3512,16.5724,,,
1786588640187296203,2026-08-13T09:37:20.187314,prediction,-0.035569,0.548000,0.134202,True,-0.060515,0.558793,0.138373,0.024946,0.010794,0.004171,9.08,20,-0.040460,0.737745,0.503899,-0.067750,0.730569,0.494276,-0.040460,0.737745,0.503899,0.040470,0.122175,-0.020010,0.130250,0.079899,0.209375,-0.067371,0.234010,1.489084,0.199191,-0.504346,0.000075,-0.869590,-1.361849,0.006540,0.191108,0.304996,0.000000,0.156634,0.005670,0.096320,-0.005460,0.315400,-0.029792,-0.061664,-0.032736,3.0000,2.0000,2.0000,0.0000,4.0000,27.5002,21.9335,52.4224,0.2438,16.5521,,,
1786588640222439103,2026-08-13T09:37:20.222456,prediction,-0.035442,0.553000,0.134071,True,-0.059532,0.564274,0.139216,0.024090,0.011274,0.005144,8.97,20,-0.038633,0.744606,0.502051,-0.066468,0.735603,0.493545,-0.038633,0.744606,0.502051,0.036634,0.143858,-0.020889,0.149912,0.028141,0.105673,-0.028463,0.113000,1.488764,0.232924,-0.466248,0.000075,-0.899869,-1.361623,0.013087,0.142243,0.161877,0.000000,0.137436,0.010898,-0.105000,-0.097860,0.321044,-0.048480,-0.053056,0.030336,3.0000,2.0000,2.0000,0.0000,4.0000,27.4428,21.6558,52.1211,0.0141,16.3726,,,
1786588640258875127,2026-08-13T09:37:20.258897,prediction,-0.035189,0.563000,0.130929,True,-0.059861,0.572274,0.135189,0.024672,0.009274,0.004260,10.27,20,-0.038633,0.744606,0.502051,-0.065605,0.740504,0.493007,-0.037366,0.750996,0.500497,0.024283,0.137775,-0.015133,0.140714,0.028141,0.105673,-0.028463,0.113000,1.488496,0.235648,-0.462910,0.000075,-0.902585,-1.361386,0.013087,0.133952,0.173223,0.000000,0.132208,0.010898,-0.109620,-0.105700,0.343703,-0.053056,-0.056768,0.032288,3.0000,2.0000,2.0000,0.0000,4.0000,27.7731,21.5561,52.5944,0.5129,16.1254,,,
1786588640304168854,2026-08-13T09:37:20.304192,prediction,-0.032315,0.563000,0.130929,True,-0.053870,0.578974,0.135346,0.021554,0.015974,0.004416,9.05,20,-0.036391,0.757141,0.498996,-0.064938,0.745910,0.492459,-0.036391,0.757141,0.498996,0.014439,0.117150,-0.011864,0.118631,0.033372,0.186609,-0.045489,0.194951,1.487889,0.240568,-0.455163,0.000065,-0.907738,-1.360857,0.014831,0.114319,0.213797,0.000000,0.118680,0.013517,-0.110320,-0.108780,0.369682,-0.061184,-0.051488,0.033408,3.0000,2.0000,2.0000,0.0000,4.0000,28.0156,21.7247,52.4215,1.0684,16.2920,,,
1786588640344273901,2026-08-13T09:37:20.344296,prediction,-0.032433,0.558000,0.131052,True,-0.053887,0.578929,0.134723,0.021454,0.020929,0.003671,8.41,20,-0.036391,0.757141,0.498996,-0.064445,0.751418,0.492150,-0.035933,0.763247,0.497636,0.011742,0.131206,-0.007377,0.131937,0.033372,0.186609,-0.045489,0.194951,1.487196,0.245096,-0.444545,0.000065,-0.912351,-1.360189,0.017889,0.092934,0.263976,0.000000,0.089005,0.016579,-0.104720,-0.123340,0.384290,-0.062112,-0.049440,0.031840,3.0000,2.0000,2.0000,0.0000,4.0000,27.9857,21.8397,52.2862,0.9182,16.4555,,,
1786588640381930565,2026-08-13T09:37:20.381954,prediction,-0.032079,0.573000,0.130683,True,-0.054692,0.586929,0.132497,0.022613,0.013929,0.001814,8.68,20,-0.036391,0.757141,0.498996,-0.064184,0.756680,0.491805,-0.035824,0.769318,0.496633,0.007009,0.140953,-0.009236,0.141429,0.033372,0.186609,-0.045489,0.194951,1.487196,0.245096,-0.444545,0.000065,-0.912351,-1.360189,0.017889,0.092934,0.263976,0.000000,0.089005,0.016579,-0.104720,-0.123340,0.384290,-0.062112,-0.049440,0.031840,3.0000,2.0000,2.0000,0.0000,4.0000,28.0365,21.9773,51.9929,0.5393,16.5874,,,
1786588640415579188,2026-08-13T09:37:20.415595,prediction,-0.032079,0.573000,0.130683,True,-0.051200,0.594929,0.132016,0.019121,0.021929,0.001332,8.27,20,-0.035937,0.774956,0.495697,-0.064122,0.762426,0.491460,-0.035937,0.774956,0.495697,0.001831,0.171189,-0.010272,0.171507,0.003431,0.134511,-0.024908,0.136841,1.487196,0.245096,-0.444545,0.000065,-0.912351,-1.360189,0.017889,0.092934,0.263976,0.000000,0.089005,0.016579,-0.104720,-0.123340,0.384290,-0.062112,-0.049440,0.031840,3.0000,2.0000,2.0000,0.0000,4.0000,28.2659,22.2921,52.0353,0.9081,16.6092,,,
1786588640456793184,2026-08-13T09:37:20.456815,prediction,-0.032079,0.573000,0.130683,True,-0.048004,0.595355,0.131981,0.015925,0.022355,0.001298,7.97,20,-0.035937,0.774956,0.495697,-0.064234,0.768268,0.491145,-0.036555,0.780506,0.494868,-0.002704,0.141167,-0.007612,0.141398,0.003431,0.134511,-0.024908,0.136841,1.487196,0.245096,-0.444545,0.000065,-0.912351,-1.360189,0.017889,0.092934,0.263976,0.000000,0.089005,0.016579,-0.104720,-0.123340,0.384290,-0.062112,-0.049440,0.031840,3.0000,2.0000,2.0000,0.0000,4.0000,28.1495,22.2971,51.9374,0.7389,16.5547,,,
1786588640494735074,2026-08-13T09:37:20.494752,prediction,-0.029331,0.568000,0.130806,True,-0.044486,0.594162,0.132669,0.015155,0.026162,0.001863,8.93,20,-0.037665,0.786038,0.494241,-0.064547,0.773810,0.490819,-0.037665,0.786038,0.494241,-0.008515,0.151031,-0.008887,0.151532,-0.025739,0.165006,-0.021680,0.168402,1.487196,0.245096,-0.444545,0.000065,-0.912351,-1.360189,0.017889,0.092934,0.263976,0.000000,0.089005,0.016579,-0.104720,-0.123340,0.384290,-0.062112,-0.049440,0.031840,3.0000,2.0000,2.0000,0.0000,4.0000,28.2321,22.3939,51.8698,1.1775,17.0069,,,
1786588640533298122,2026-08-13T09:37:20.533313,prediction,-0.029111,0.578000,0.127706,True,-0.047860,0.602162,0.128473,0.018749,0.024162,0.000767,8.08,20,-0.037665,0.786038,0.494241,-0.064841,0.778705,0.490323,-0.038955,0.791140,0.493700,-0.007443,0.123919,-0.012558,0.124776,-0.025739,0.165006,-0.021680,0.168402,1.486876,0.246906,-0.439028,0.000065,-0.914044,-1.359844,0.016138,0.088139,0.284482,0.000000,0.080716,0.018756,-0.102900,-0.119840,0.370014,-0.060960,-0.044640,0.031456,3.0000,2.0000,2.0000,0.0000,4.0000,28.2421,22.4624,51.7866,1.1756,17.0222,,,
1786588640573457365,2026-08-13T09:37:20.573479,prediction,-0.029001,0.583000,0.127591,True,-0.045607,0.607044,0.128860,0.016606,0.024044,0.001269,5.26,20,-0.040341,0.795879,0.493056,-0.065312,0.783204,0.489847,-0.040341,0.795879,0.493056,-0.011005,0.104997,-0.011102,0.106154,-0.039951,0.146911,-0.017678,0.153269,1.481492,0.266271,-0.377399,0.000065,-0.933888,-1.354336,0.035778,0.101225,0.262229,0.000000,0.099482,0.034903,-0.127400,-0.079240,0.355904,-0.050368,-0.051648,0.037920,3.0000,2.0000,2.0000,0.0000,4.0000,28.2791,22.5222,51.6061,1.4079,17.0313,,,
1786588640615273488,2026-08-13T09:37:20.615288,prediction,-0.029001,0.583000,0.127591,True,-0.042734,0.608221,0.129909,0.013733,0.025221,0.002317,5.25,20,-0.041997,0.800482,0.492484,-0.065819,0.787890,0.489335,-0.041997,0.800482,0.492484,-0.011919,0.110183,-0.012048,0.111478,-0.024976,0.069441,-0.008631,0.074299,1.479264,0.272321,-0.362692,0.000065,-0.939688,-1.351975,0.044069,0.114319,0.263976,0.000000,0.110391,0.048432,-0.117460,-0.077420,0.347521,-0.050272,-0.053152,0.040960,3.0000,2.0000,2.0000,0.0000,4.0000,28.2157,22.5655,51.6024,1.1908,17.1239,,,
1786588640652615164,2026-08-13T09:37:20.652630,prediction,-0.029221,0.573000,0.124957,True,-0.042155,0.600221,0.128121,0.012934,0.027221,0.003163,4.70,20,-0.041997,0.800482,0.492484,-0.066276,0.791761,0.488683,-0.043610,0.804955,0.491958,-0.011618,0.098424,-0.016562,0.100481,-0.024976,0.069441,-0.008631,0.074299,1.478317,0.274660,-0.357421,0.000065,-0.941919,-1.350940,0.048865,0.117370,0.262229,0.000000,0.110391,0.054101,-0.120820,-0.084560,0.345944,-0.049824,-0.052096,0.040352,3.0000,2.0000,2.0000,0.0000,4.0000,28.0186,22.5817,51.3337,0.6773,17.3218,,,
1786588640693747236,2026-08-13T09:37:20.693765,prediction,-0.029441,0.563000,0.125170,True,-0.042788,0.594490,0.128395,0.013347,0.031490,0.003225,4.88,20,-0.045486,0.809339,0.491445,-0.066693,0.794935,0.488072,-0.045486,0.809339,0.491445,-0.010507,0.079993,-0.015395,0.082135,-0.052406,0.133028,-0.015609,0.143828,1.478317,0.274660,-0.357421,0.000065,-0.941919,-1.350940,0.048865,0.117370,0.262229,0.000000,0.110391,0.054101,-0.120820,-0.084560,0.345944,-0.049824,-0.052096,0.040352,3.0000,2.0000,2.0000,0.0000,4.0000,27.9964,22.6596,50.7290,0.7728,17.4165,,,
1786588640732441402,2026-08-13T09:37:20.732463,prediction,-0.029331,0.568000,0.122192,True,-0.044919,0.602490,0.124606,0.015587,0.034490,0.002413,4.88,20,-0.045486,0.809339,0.491445,-0.067117,0.796903,0.487263,-0.047179,0.812978,0.490902,-0.011129,0.051628,-0.021232,0.056922,-0.052406,0.133028,-0.015609,0.143828,1.478317,0.274660,-0.357421,0.000065,-0.941919,-1.350940,0.048865,0.117370,0.262229,0.000000,0.110391,0.054101,-0.120820,-0.084560,0.345944,-0.049824,-0.052096,0.040352,3.0000,2.0000,2.0000,0.0000,4.0000,28.2240,22.8666,50.5055,0.4617,17.4343,,,
1786588640781909823,2026-08-13T09:37:20.781923,prediction,-0.029221,0.573000,0.122094,True,-0.041638,0.600793,0.126011,0.012417,0.027793,0.003917,4.50,20,-0.048418,0.816041,0.490005,-0.067540,0.798630,0.486456,-0.048418,0.816041,0.490005,-0.008256,0.033694,-0.015749,0.038098,-0.043733,0.099966,-0.021486,0.111209,1.478317,0.274660,-0.357421,0.000065,-0.941919,-1.350940,0.048865,0.117370,0.262229,0.000000,0.110391,0.054101,-0.120820,-0.084560,0.345944,-0.049824,-0.052096,0.040352,3.0000,2.0000,2.0000,0.0000,4.0000,28.1757,22.8850,50.5278,0.7447,17.1998,,,
1786588640819327766,2026-08-13T09:37:20.819344,prediction,-0.029551,0.558000,0.122389,True,-0.038636,0.592793,0.126455,0.009085,0.034793,0.004066,4.82,20,-0.049677,0.818893,0.489181,-0.067933,0.800042,0.485677,-0.049677,0.818893,0.489181,-0.010607,0.038136,-0.021034,0.044825,-0.018414,0.041742,-0.012059,0.047190,1.467399,0.297561,-0.314148,0.000065,-0.961235,-1.339299,0.073738,0.143550,0.243470,0.000000,0.116061,0.078096,-0.128940,-0.070980,0.339055,-0.047264,-0.049600,0.040032,3.0000,2.0000,2.0000,0.0000,4.0000,27.8333,23.0731,50.2059,-0.3424,17.4150,,,
1786588640869751844,2026-08-13T09:37:20.869769,prediction,-0.031960,0.578000,0.121996,True,-0.044845,0.599389,0.123805,0.012884,0.021389,0.001809,9.04,20,-0.049677,0.818893,0.489181,-0.068148,0.801391,0.485082,-0.051070,0.821688,0.488330,-0.004803,0.030104,-0.013289,0.033256,-0.018414,0.041742,-0.012059,0.047190,1.463407,0.305270,-0.301642,0.000065,-0.966841,-1.335526,0.080279,0.150528,0.239544,0.000000,0.099482,0.069807,-0.130760,-0.094220,0.339968,-0.046528,-0.049920,0.041088,3.0000,2.0000,2.0000,0.0000,4.0000,28.3918,23.4875,49.9969,0.3836,17.6880,,,
1786588640907915778,2026-08-13T09:37:20.907938,prediction,-0.032315,0.563000,0.122291,True,-0.044507,0.594998,0.124555,0.012192,0.031998,0.002264,8.75,20,-0.052071,0.824120,0.487571,-0.068148,0.801661,0.484506,-0.052071,0.824120,0.487571,0.000000,0.006966,-0.014869,0.016420,-0.037091,0.080970,-0.024938,0.092486,1.463407,0.305270,-0.301642,0.000065,-0.966841,-1.335526,0.080279,0.150528,0.239544,0.000000,0.099482,0.069807,-0.130760,-0.094220,0.339968,-0.046528,-0.049920,0.041088,3.0000,2.0000,2.0000,0.0000,4.0000,28.7964,24.2377,49.9917,1.3218,17.8662,,,
1786588640948663784,2026-08-13T09:37:20.948676,prediction,-0.032670,0.548000,0.122585,True,-0.044201,0.586998,0.125194,0.011531,0.038998,0.002609,5.13,20,-0.052695,0.825818,0.486851,-0.068133,0.801715,0.483941,-0.052695,0.825818,0.486851,0.000353,0.001209,-0.012642,0.012705,-0.009448,0.025706,-0.010889,0.029472,1.463407,0.305270,-0.301642,0.000065,-0.966841,-1.335526,0.080279,0.150528,0.239544,0.000000,0.099482,0.069807,-0.130760,-0.094220,0.339968,-0.046528,-0.049920,0.041088,3.0000,2.0000,2.0000,0.0000,4.0000,29.7845,24.8534,49.5008,2.1348,17.5682,,,
1786588640991784717,2026-08-13T09:37:20.991807,prediction,-0.035569,0.548000,0.125489,True,-0.049017,0.578998,0.128736,0.013448,0.030998,0.003246,4.83,20,-0.052695,0.825818,0.486851,-0.067900,0.800926,0.483595,-0.053341,0.827015,0.486216,0.005395,-0.018301,-0.008030,0.020701,-0.009448,0.025706,-0.010889,0.029472,1.463407,0.305270,-0.301642,0.000065,-0.966841,-1.335526,0.080279,0.150528,0.239544,0.000000,0.099482,0.069807,-0.130760,-0.094220,0.339968,-0.046528,-0.049920,0.041088,3.0000,2.0000,2.0000,0.0000,4.0000,30.5554,25.7435,49.1373,3.7560,18.2699,,,
1786588641030599663,2026-08-13T09:37:21.030614,prediction,-0.037794,0.573000,0.130683,True,-0.049849,0.586998,0.133096,0.012055,0.013998,0.002412,4.88,20,-0.053719,0.827682,0.485965,-0.067519,0.799435,0.483595,-0.053719,0.827682,0.485965,0.009773,-0.038250,0.000000,0.039479,-0.015229,0.027716,-0.013176,0.034259,1.450157,0.330752,-0.263463,0.000065,-0.978720,-1.323227,0.094679,0.186313,0.260050,0.000000,0.054101,0.091624,-0.153020,-0.065660,0.355572,-0.039744,-0.041184,0.041088,3.0000,2.0000,2.0000,0.0000,4.0000,31.3725,26.4590,49.3549,4.1068,18.4070,,,
1786588641066442032,2026-08-13T09:37:21.066459,prediction,-0.043811,0.563000,0.136688,True,-0.047889,0.588677,0.137526,0.004077,0.025677,0.000838,5.09,20,-0.053719,0.827682,0.485965,-0.066737,0.798603,0.483995,-0.053809,0.827819,0.486037,0.021927,-0.023312,0.011223,0.033915,-0.015229,0.027716,-0.013176,0.034259,1.445126,0.340755,-0.250006,0.000075,-0.981210,-1.318214,0.099481,0.194166,0.254816,0.000000,0.043193,0.096863,-0.152180,-0.087640,0.338723,-0.035232,-0.040416,0.046208,3.0000,2.0000,2.0000,0.0000,4.0000,32.2146,27.2241,49.0801,3.9683,18.2656,,,
1786588641107213194,2026-08-13T09:37:21.107232,prediction,-0.052081,0.573000,0.144999,True,-0.053061,0.585817,0.144995,0.000979,0.012817,0.000003,4.83,20,-0.053817,0.827424,0.486407,-0.065220,0.798437,0.484941,-0.053817,0.827424,0.486407,0.036893,-0.004045,0.023015,0.043670,-0.001461,-0.003863,0.006600,0.007786,1.443519,0.343897,-0.246006,0.000075,-0.981899,-1.316587,0.101225,0.197655,0.247396,0.000000,0.042751,0.102533,-0.152740,-0.108500,0.347687,-0.034400,-0.043264,0.046656,3.0000,2.0000,2.0000,0.0000,4.0000,32.9608,28.0532,49.5505,1.5414,17.9141,,,
1786588641141220659,2026-08-13T09:37:21.141242,prediction,-0.057989,0.568000,0.171005,True,-0.054698,0.583150,0.152995,0.003291,0.015150,0.018009,4.98,20,-0.053817,0.827424,0.486407,-0.063295,0.798137,0.487828,-0.053245,0.826921,0.487229,0.057949,-0.009028,0.086888,0.104829,-0.001461,-0.003863,0.006600,0.007786,1.443519,0.343897,-0.246006,0.000075,-0.981899,-1.316587,0.101225,0.197655,0.247396,0.000000,0.042751,0.102533,-0.152740,-0.108500,0.347687,-0.034400,-0.043264,0.046656,3.0000,2.0000,2.0000,0.0000,4.0000,34.4008,29.9695,52.2746,-1.5236,16.2759,,,
1786588641176928435,2026-08-13T09:37:21.176952,prediction,-0.060453,0.578000,0.184801,True,-0.053015,0.585343,0.160995,0.007438,0.007343,0.023806,5.00,20,-0.053245,0.826921,0.487229,-0.061198,0.797810,0.491642,-0.052789,0.826312,0.488864,0.058549,-0.009121,0.106499,0.121874,0.008614,-0.007567,0.012383,0.016875,1.443519,0.343897,-0.246006,0.000075,-0.981899,-1.316587,0.101225,0.197655,0.247396,0.000000,0.042751,0.102533,-0.152740,-0.108500,0.347687,-0.034400,-0.043264,0.046656,3.0000,2.0000,2.0000,0.0000,4.0000,35.3135,29.8343,53.7603,0.1608,15.1346,,,
1786588641217910595,2026-08-13T09:37:21.217931,prediction,-0.066369,0.573000,0.202259,True,-0.053979,0.580437,0.168995,0.012390,0.007437,0.033264,5.01,20,-0.052295,0.825294,0.491006,-0.058707,0.797212,0.496620,-0.052295,0.825294,0.491006,0.059521,-0.014304,0.118935,0.133765,0.014122,-0.024206,0.056163,0.062766,1.430687,0.369672,-0.215663,0.000086,-0.986168,-1.303554,0.088139,0.181073,0.198964,0.002609,0.018756,0.086386,-0.111860,-0.136360,0.338723,-0.028160,-0.036064,0.042976,3.0000,2.0000,2.0000,0.0000,4.0000,36.7766,30.6889,54.5471,0.2304,15.2221,,,
1786588641254689037,2026-08-13T09:37:21.254712,prediction,-0.072552,0.563000,0.217316,True,-0.058727,0.572437,0.176995,0.013825,0.009437,0.040321,5.15,20,-0.052295,0.825294,0.491006,-0.055818,0.796559,0.502777,-0.051546,0.823815,0.493612,0.081056,-0.018325,0.172771,0.191718,0.014122,-0.024206,0.056163,0.062766,1.427668,0.376082,-0.208592,0.000086,-0.986793,-1.300428,0.083336,0.176708,0.193291,0.000000,0.016137,0.083766,-0.132020,-0.110320,0.335984,-0.028896,-0.037792,0.043744,3.0000,2.0000,1.0000,0.0000,3.0000,38.0379,31.0284,54.7196,0.8184,14.8261,,,
1786588641289590859,2026-08-13T09:37:21.289612,prediction,-0.077799,0.573000,0.233753,True,-0.066400,0.573076,0.184995,0.011400,0.000076,0.048758,5.05,20,-0.052295,0.825294,0.491006,-0.052594,0.796428,0.510016,-0.050441,0.822101,0.496870,0.092485,-0.003747,0.207664,0.227358,0.014122,-0.024206,0.056163,0.062766,1.424715,0.382465,-0.201663,0.000086,-0.987278,-1.297464,0.081592,0.179766,0.193291,0.000000,0.010467,0.080716,-0.124600,-0.110600,0.334241,-0.027776,-0.036576,0.038688,3.0000,2.0000,1.0000,0.0000,3.0000,39.9256,32.1120,55.6291,3.2927,13.5369,,,
1786588641324104173,2026-08-13T09:37:21.324129,prediction,-0.085822,0.583000,0.255684,True,-0.070597,0.575669,0.192995,0.015225,0.007331,0.062689,5.02,20,-0.052295,0.825294,0.491006,-0.048828,0.796669,0.518915,-0.048867,0.820310,0.500643,0.108023,0.006900,0.255266,0.277268,0.014122,-0.024206,0.056163,0.062766,1.423434,0.385333,-0.198584,0.000086,-0.987451,-1.296214,0.080279,0.181073,0.193291,0.000000,0.010898,0.078096,-0.128240,-0.107800,0.331668,-0.026496,-0.036800,0.039968,3.0000,2.0000,1.0000,0.0000,3.0000,41.1243,31.7820,56.5369,3.6258,13.2348,,,
1786588641358610987,2026-08-13T09:37:21.358635,prediction,-0.094345,0.583000,0.281303,True,-0.075262,0.568496,0.200995,0.019083,0.014504,0.080308,4.82,20,-0.047155,0.818504,0.505203,-0.044487,0.797517,0.529529,-0.047155,0.818504,0.505203,0.124835,0.024386,0.305183,0.330628,0.038567,-0.050938,0.106513,0.124206,1.423434,0.385333,-0.198584,0.000086,-0.987451,-1.296214,0.080279,0.181073,0.193291,0.000000,0.010898,0.078096,-0.128240,-0.107800,0.331668,-0.026496,-0.036800,0.039968,4.0000,2.0000,1.0000,0.0000,4.0000,46.9942,30.5471,51.8848,7.5186,14.6542,,,
1786588641404661052,2026-08-13T09:37:21.404683,prediction,-0.101312,0.607000,0.303874,True,-0.082038,0.576496,0.208995,0.019274,0.030504,0.094878,4.90,20,-0.047155,0.818504,0.505203,-0.039703,0.798486,0.541628,-0.044913,0.816665,0.510202,0.103427,0.020962,0.261571,0.282057,0.038567,-0.050938,0.106513,0.124206,1.423434,0.385333,-0.198584,0.000086,-0.987451,-1.296214,0.080279,0.181073,0.193291,0.000000,0.010898,0.078096,-0.128240,-0.107800,0.331668,-0.026496,-0.036800,0.039968,4.0000,2.0000,1.0000,0.0000,4.0000,52.2672,33.4697,48.8604,10.0769,13.9429,,,
1786588641441502515,2026-08-13T09:37:21.441525,prediction,-0.106914,0.607000,0.329135,True,-0.084717,0.574868,0.216995,0.022198,0.032132,0.112140,4.87,20,-0.042020,0.814957,0.515704,-0.034706,0.800494,0.555438,-0.042020,0.814957,0.515704,0.135668,0.054498,0.374926,0.402425,0.076490,-0.052838,0.156428,0.181967,1.423434,0.385333,-0.198584,0.000086,-0.987451,-1.296214,0.080279,0.181073,0.193291,0.000000,0.010898,0.078096,-0.128240,-0.107800,0.331668,-0.026496,-0.036800,0.039968,4.0000,2.0000,1.0000,0.0000,4.0000,55.1103,36.5005,48.4904,10.1298,13.8837,,,
1786588641475559545,2026-08-13T09:37:21.475584,prediction,-0.113232,0.597000,0.387022,True,-0.086513,0.572267,0.224995,0.026719,0.024733,0.162027,4.97,20,-0.042020,0.814957,0.515704,-0.029311,0.803242,0.573086,-0.039362,0.813308,0.521917,0.160251,0.081637,0.524285,0.554274,0.076490,-0.052838,0.156428,0.181967,1.423434,0.385333,-0.198584,0.000086,-0.987451,-1.296214,0.080279,0.181073,0.193291,0.000000,0.010898,0.078096,-0.128240,-0.107800,0.331668,-0.026496,-0.036800,0.039968,4.0000,2.0000,1.0000,0.0000,4.0000,63.6149,58.4966,52.6035,-13.2004,12.9291,,,
1786588641513504576,2026-08-13T09:37:21.513525,prediction,-0.116050,0.597000,0.420903,True,-0.086959,0.573939,0.232995,0.029091,0.023061,0.187907,4.49,20,-0.039362,0.813308,0.521917,-0.023753,0.805605,0.592974,-0.036561,0.811904,0.528613,0.141667,0.060222,0.506856,0.529716,0.040296,-0.025003,0.094179,0.105445,1.423434,0.385333,-0.198584,0.000086,-0.987451,-1.296214,0.080279,0.181073,0.193291,0.000000,0.010898,0.078096,-0.128240,-0.107800,0.331668,-0.026496,-0.036800,0.039968,4.0000,2.0000,1.0000,0.0000,4.0000,73.2276,67.4699,48.3401,-4.0250,14.5346,,,
1786588641556327073,2026-08-13T09:37:21.556349,prediction,-0.113589,0.592000,0.447361,True,-0.086153,0.567392,0.240995,0.027436,0.024607,0.206366,8.00,20,-0.033711,0.810500,0.535800,-0.018551,0.808691,0.614432,-0.033711,0.810500,0.535800,0.134083,0.079550,0.553153,0.574704,0.084744,-0.042100,0.208194,0.228689,1.408205,0.432121,-0.146301,0.000097,-0.992560,-1.281004,0.041012,0.205509,0.246957,0.000000,0.040573,0.043193,-0.116760,-0.105980,0.345280,-0.022880,-0.044320,0.037472,4.0000,2.0000,2.0000,0.0000,4.0000,79.0266,74.3837,45.9554,-19.7622,21.4739,,,
1786588641593479869,2026-08-13T09:37:21.593501,prediction,-0.114233,0.583000,0.480559,True,-0.090603,0.566221,0.248995,0.023629,0.016779,0.231564,8.97,20,-0.033711,0.810500,0.535800,-0.013455,0.811654,0.637757,-0.031235,0.809434,0.543284,0.141070,0.082048,0.645704,0.666008,0.084744,-0.042100,0.208194,0.228689,1.406859,0.439719,-0.137170,0.000108,-0.994166,-1.279603,0.034465,0.215544,0.260489,0.000000,0.048432,0.034903,-0.082460,-0.120540,0.375326,-0.023840,-0.039296,0.031904,4.0000,3.0000,3.0000,0.0000,5.0000,87.9660,80.7064,37.7886,-76.2196,29.8480,,,
1786588641639891123,2026-08-13T09:37:21.639916,prediction,-0.114947,0.573000,0.511468,True,-0.089619,0.561642,0.256995,0.025328,0.011358,0.254472,9.94,20,-0.028518,0.808175,0.551010,-0.008713,0.813314,0.662743,-0.028518,0.808175,0.551010,0.102932,0.036017,0.542294,0.553150,0.078046,-0.034949,0.228611,0.244081,1.406258,0.444090,-0.131899,0.000108,-0.995136,-1.278988,0.027487,0.220346,0.265723,0.000000,0.048432,0.029665,-0.083580,-0.115920,0.370512,-0.023776,-0.041760,0.030560,5.0000,3.0000,3.0000,0.0000,7.0000,92.1718,82.7738,36.1884,-83.4443,27.3507,,,
1786588641684400480,2026-08-13T09:37:21.684420,prediction,-0.112439,0.568000,0.547145,True,-0.088248,0.560010,0.264995,0.024191,0.007990,0.282149,8.35,20,-0.028518,0.808175,0.551010,-0.004689,0.813646,0.689552,-0.025736,0.806815,0.558975,0.086679,0.007149,0.577518,0.584031,0.078046,-0.034949,0.228611,0.244081,1.406258,0.444090,-0.131899,0.000108,-0.995136,-1.278988,0.027487,0.220346,0.265723,0.000000,0.048432,0.029665,-0.083580,-0.115920,0.370512,-0.023776,-0.041760,0.030560,5.0000,3.0000,2.0000,0.0000,6.0000,95.3036,88.6863,37.3878,-86.5369,22.3890,,,
1786588641718617283,2026-08-13T09:37:21.718641,prediction,-0.109914,0.563000,0.606056,True,-0.087688,0.557727,0.272995,0.022225,0.005273,0.333061,8.34,20,-0.028518,0.808175,0.551010,-0.001227,0.813712,0.718556,-0.023390,0.805191,0.566975,0.101930,0.001955,0.854018,0.860082,0.078046,-0.034949,0.228611,0.244081,1.406258,0.444090,-0.131899,0.000108,-0.995136,-1.278988,0.027487,0.220346,0.265723,0.000000,0.048432,0.029665,-0.083580,-0.115920,0.370512,-0.023776,-0.041760,0.030560,5.0000,3.0000,2.0000,0.0000,6.0000,99.4478,85.2614,39.2129,83.6654,18.8959,,,
1786588641757632991,2026-08-13T09:37:21.757652,prediction,-0.101292,0.563000,0.629093,True,-0.085417,0.562057,0.280995,0.015874,0.000943,0.348098,8.94,20,-0.021191,0.803490,0.574975,0.001495,0.813192,0.748175,-0.021191,0.803490,0.574975,0.073010,-0.013946,0.794299,0.797770,0.054951,-0.035138,0.179724,0.191194,1.406800,0.481273,-0.084820,0.000108,-1.008276,-1.279581,0.035778,0.261358,0.339896,0.000000,0.113000,0.040573,0.131740,-0.132300,0.383460,-0.023328,-0.057824,-0.038304,5.0000,3.0000,2.0000,0.0000,6.0000,104.0939,80.6865,36.6538,71.9332,17.6515,,,
1786588641795668787,2026-08-13T09:37:21.795694,prediction,-0.093835,0.543000,0.652776,True,-0.080113,0.557702,0.288995,0.013722,0.014702,0.363781,8.87,20,-0.021191,0.803490,0.574975,0.003326,0.812555,0.778210,-0.019031,0.801798,0.582975,0.047809,-0.016641,0.784193,0.785825,0.054951,-0.035138,0.179724,0.191194,1.406800,0.481273,-0.084820,0.000108,-1.008276,-1.279581,0.035778,0.261358,0.339896,0.000000,0.113000,0.040573,0.131740,-0.132300,0.383460,-0.023328,-0.057824,-0.038304,5.0000,3.0000,2.0000,0.0000,6.0000,106.4927,78.7976,39.4346,63.3798,16.0230,,,
1786588641856661101,2026-08-13T09:37:21.856684,prediction,-0.084848,0.548000,0.665697,True,-0.079796,0.564864,0.296995,0.005052,0.016864,0.368701,8.76,20,-0.017288,0.800104,0.590975,0.004146,0.811094,0.808102,-0.017288,0.800104,0.590975,0.013377,-0.023839,0.487803,0.488568,0.058558,-0.050801,0.240092,0.252297,1.406800,0.481273,-0.084820,0.000108,-1.008276,-1.279581,0.035778,0.261358,0.339896,0.000000,0.113000,0.040573,0.131740,-0.132300,0.383460,-0.023328,-0.057824,-0.038304,5.0000,3.0000,2.0000,0.0000,6.0000,109.1584,76.9582,38.6553,53.7367,17.5535,,,
1786588641896541800,2026-08-13T09:37:21.896570,prediction,-0.076151,0.548000,0.674410,True,-0.076940,0.562809,0.304995,0.000789,0.014809,0.369414,9.17,20,-0.015884,0.798785,0.598975,0.004036,0.809468,0.837479,-0.015884,0.798785,0.598975,-0.002815,-0.041652,0.752769,0.753926,0.020980,-0.019703,0.119492,0.122909,1.407440,0.485442,-0.079355,0.000108,-1.010163,-1.280303,0.044069,0.256562,0.344261,0.000000,0.121300,0.045812,0.132860,-0.132020,0.380555,-0.023040,-0.056384,-0.036416,5.0000,3.0000,2.0000,0.0000,6.0000,111.2682,75.2726,38.2740,52.3079,17.7027,,,
1786588641932561887,2026-08-13T09:37:21.932587,prediction,-0.070579,0.543000,0.687728,True,-0.070832,0.559493,0.312995,0.000253,0.016493,0.374732,8.96,20,-0.015884,0.798785,0.598975,0.003020,0.807810,0.866282,-0.015181,0.797974,0.606975,-0.028039,-0.045760,0.794741,0.796551,0.020980,-0.019703,0.119492,0.122909,1.415627,0.519253,-0.030320,0.000108,-1.027712,-1.288647,0.060645,0.197655,0.325063,0.000000,0.113442,0.065010,0.129780,-0.227500,0.367275,-0.024832,-0.052096,-0.040128,5.0000,3.0000,2.0000,0.0000,6.0000,115.1650,71.8751,37.3376,45.1163,17.4863,,,
1786588641967416788,2026-08-13T09:37:21.967439,prediction,-0.067889,0.538000,0.695270,True,-0.063705,0.551493,0.320995,0.004184,0.013493,0.374275,5.98,20,-0.015165,0.797264,0.614975,0.001256,0.805345,0.893879,-0.015165,0.797264,0.614975,-0.046652,-0.065202,0.729990,0.734379,0.010813,-0.022899,0.240841,0.242169,1.418110,0.526662,-0.017911,0.000119,-1.031872,-1.291115,0.061958,0.174964,0.299323,0.000000,0.094244,0.059340,0.119000,-0.265020,0.362959,-0.024384,-0.047360,-0.036416,5.0000,3.0000,2.0000,0.0000,6.0000,115.9458,70.4432,33.2285,56.9599,18.8270,,,
1786588642013676886,2026-08-13T09:37:22.013700,prediction,-0.062259,0.533000,0.699916,True,-0.058720,0.547603,0.328995,0.003540,0.014603,0.370921,6.56,20,-0.015936,0.796397,0.622975,-0.001347,0.802452,0.920282,-0.015936,0.796397,0.622975,-0.056538,-0.062825,0.573372,0.579568,-0.011402,-0.012821,0.118381,0.119618,1.418110,0.526662,-0.017911,0.000119,-1.031872,-1.291115,0.061958,0.174964,0.299323,0.000000,0.094244,0.059340,0.119000,-0.265020,0.362959,-0.024384,-0.047360,-0.036416,5.0000,3.0000,2.0000,0.0000,6.0000,116.8270,69.6407,31.8804,58.9716,20.9804,,,
1786588642067845038,2026-08-13T09:37:22.067869,prediction,-0.059528,0.528000,0.701642,True,-0.058037,0.540737,0.336995,0.001491,0.012737,0.364646,9.91,20,-0.015936,0.796397,0.622975,-0.004506,0.797927,0.945116,-0.017490,0.794935,0.630975,-0.062499,-0.089528,0.491310,0.503296,-0.011402,-0.012821,0.118381,0.119618,1.418110,0.526662,-0.017911,0.000119,-1.031872,-1.291115,0.061958,0.174964,0.299323,0.000000,0.094244,0.059340,0.119000,-0.265020,0.362959,-0.024384,-0.047360,-0.036416,5.0000,3.0000,2.0000,0.0000,6.0000,116.9896,69.5573,30.6768,61.7498,21.3009,,,
1786588642108278717,2026-08-13T09:37:22.108314,prediction,-0.056597,0.528000,0.704579,True,-0.050842,0.534409,0.344995,0.005755,0.006410,0.359584,9.88,20,-0.019269,0.793188,0.638975,-0.008282,0.792808,0.966287,-0.019269,0.793188,0.638975,-0.094583,-0.128218,0.530329,0.553746,-0.050672,-0.048789,0.243235,0.253202,1.418110,0.526662,-0.017911,0.000119,-1.031872,-1.291115,0.061958,0.174964,0.299323,0.000000,0.094244,0.059340,0.119000,-0.265020,0.362959,-0.024384,-0.047360,-0.036416,5.0000,3.0000,2.0000,0.0000,6.0000,117.4052,68.9903,29.7653,62.9892,20.8702,,,
1786588642154559464,2026-08-13T09:37:22.154584,prediction,-0.053665,0.528000,0.701642,True,-0.042842,0.526409,0.352995,0.010823,0.001590,0.348646,9.64,20,-0.021647,0.791018,0.646975,-0.012441,0.788105,0.985002,-0.021647,0.791018,0.646975,-0.088777,-0.100403,0.399504,0.421386,-0.035768,-0.032633,0.120326,0.129702,1.419325,0.530001,-0.012104,0.000119,-1.033683,-1.292279,0.060645,0.161877,0.284482,0.000000,0.088574,0.059340,0.128940,-0.273980,0.354908,-0.023936,-0.043872,-0.036288,5.0000,3.0000,2.0000,0.0000,6.0000,116.3629,69.9231,30.0889,64.6789,21.5267,,,
1786588642201993172,2026-08-13T09:37:22.202020,prediction,-0.054052,0.517000,0.708393,True,-0.040474,0.518409,0.360995,0.013578,0.001410,0.347398,9.59,20,-0.021647,0.791018,0.646975,-0.016410,0.783484,1.002405,-0.024588,0.788476,0.654975,-0.083367,-0.097053,0.365509,0.387255,-0.035768,-0.032633,0.120326,0.129702,1.431438,0.556456,0.033354,0.000119,-1.047880,-1.304503,0.050609,0.104714,0.154457,0.000000,0.045812,0.051482,0.112840,-0.286020,0.300709,-0.024064,-0.040960,-0.038304,5.0000,3.0000,2.0000,0.0000,6.0000,118.5882,67.8061,29.2551,62.0383,23.2307,,,
1786588642243633587,2026-08-13T09:37:22.243658,prediction,-0.050566,0.533000,0.702845,True,-0.032474,0.525435,0.368995,0.018091,0.007565,0.333850,8.57,20,-0.027634,0.785522,0.662975,-0.020655,0.779146,1.017224,-0.027634,0.785522,0.662975,-0.099120,-0.101292,0.346065,0.373960,-0.089459,-0.082135,0.239099,0.268174,1.433333,0.560310,0.038759,0.000119,-1.049626,-1.306422,0.044069,0.089883,0.120858,0.000000,0.043193,0.048432,0.107520,-0.274540,0.312744,-0.025824,-0.039360,-0.037696,5.0000,3.0000,2.0000,0.0000,6.0000,117.5536,68.0784,29.8863,69.7442,21.9069,,,
1786588642288092455,2026-08-13T09:37:22.288118,prediction,-0.050566,0.533000,0.705774,True,-0.025417,0.517896,0.376995,0.025149,0.015104,0.328779,9.82,20,-0.031509,0.782694,0.670975,-0.024947,0.775612,1.030177,-0.031509,0.782694,0.670975,-0.100525,-0.082773,0.303389,0.330153,-0.058346,-0.042587,0.120448,0.140448,1.433333,0.560310,0.038759,0.000119,-1.049626,-1.306422,0.044069,0.089883,0.120858,0.000000,0.043193,0.048432,0.107520,-0.274540,0.312744,-0.025824,-0.039360,-0.037696,5.0000,3.0000,2.0000,0.0000,6.0000,118.5230,67.1367,29.6415,67.7678,21.8431,,,
1786588642357846745,2026-08-13T09:37:22.357867,prediction,-0.050398,0.538000,0.701112,True,-0.021162,0.509896,0.384995,0.029236,0.028104,0.316116,12.65,20,-0.035789,0.779578,0.678975,-0.029083,0.772772,1.040442,-0.035789,0.779578,0.678975,-0.061010,-0.041894,0.151407,0.168528,-0.064105,-0.046664,0.119819,0.143679,1.433333,0.560310,0.038759,0.000119,-1.049626,-1.306422,0.044069,0.089883,0.120858,0.000000,0.043193,0.048432,0.107520,-0.274540,0.312744,-0.025824,-0.039360,-0.037696,5.0000,3.0000,2.0000,0.0000,6.0000,117.9822,67.2788,30.1353,69.2696,22.0904,,,
1786588642388873330,2026-08-13T09:37:22.388900,prediction,-0.050566,0.533000,0.702845,True,-0.016889,0.501896,0.392995,0.033676,0.031104,0.309850,5.43,20,-0.035789,0.779578,0.678975,-0.033039,0.770337,1.046894,-0.040261,0.776622,0.686975,-0.102677,-0.063184,0.167452,0.206337,-0.064105,-0.046664,0.119819,0.143679,1.433333,0.560310,0.038759,0.000119,-1.049626,-1.306422,0.044069,0.089883,0.120858,0.000000,0.043193,0.048432,0.107520,-0.274540,0.312744,-0.025824,-0.039360,-0.037696,5.0000,3.0000,2.0000,0.0000,6.0000,117.6956,67.7015,30.7358,67.6741,21.6797,,,
1786588642442312298,2026-08-13T09:37:22.442335,prediction,-0.050062,0.548000,0.694740,True,-0.016571,0.507084,0.400995,0.033492,0.040916,0.293745,5.64,20,-0.044981,0.773358,0.694975,-0.036455,0.768517,1.051271,-0.044981,0.773358,0.694975,-0.064888,-0.034584,0.083150,0.110997,-0.137675,-0.093162,0.239636,0.291649,1.438325,0.570359,0.053258,0.000119,-1.053992,-1.311240,0.004796,0.001744,0.016580,0.000000,0.021375,0.008289,0.084840,-0.370720,0.266513,-0.034560,-0.041024,-0.033632,5.0000,3.0000,2.0000,0.0000,6.0000,117.5465,67.9661,30.9998,67.1028,21.8839,,,
1786588642486231612,2026-08-13T09:37:22.486249,prediction,-0.050566,0.533000,0.696987,True,-0.015837,0.505017,0.408995,0.034728,0.027983,0.287992,5.28,20,-0.049571,0.769882,0.702975,-0.039339,0.766553,1.054218,-0.049571,0.769882,0.702975,-0.065026,-0.044274,0.066440,0.102970,-0.069103,-0.052328,0.120447,0.148394,1.438390,0.570157,0.053689,0.000119,-1.055026,-1.311380,0.001744,0.014831,0.011339,0.000000,0.023995,0.000000,-0.057960,-0.623980,0.286433,-0.040128,-0.038016,-0.018816,5.0000,3.0000,2.0000,0.0000,6.0000,117.1858,68.0914,30.5116,68.3660,21.8897,,,
1786588642523431343,2026-08-13T09:37:22.523449,prediction,-0.050398,0.538000,0.695270,True,-0.014041,0.509099,0.416995,0.036356,0.028901,0.278275,5.38,20,-0.049571,0.769882,0.702975,-0.041636,0.765627,1.056190,-0.053856,0.766376,0.710975,-0.062086,-0.025037,0.053298,0.085570,-0.069103,-0.052328,0.120447,0.148394,1.438390,0.570157,0.053689,0.000119,-1.055026,-1.311380,0.001744,0.014831,0.011339,0.000000,0.023995,0.000000,-0.057960,-0.623980,0.286433,-0.040128,-0.038016,-0.018816,5.0000,3.0000,2.0000,0.0000,6.0000,116.0004,69.8499,30.6794,66.2958,21.6683,,,
1786588642563441224,2026-08-13T09:37:22.563463,prediction,-0.050230,0.543000,0.693553,True,-0.013943,0.512448,0.424995,0.036287,0.030552,0.268558,5.45,20,-0.058240,0.762743,0.718975,-0.043364,0.764908,1.057466,-0.058240,0.762743,0.718975,-0.043422,-0.018055,0.032068,0.056919,-0.128892,-0.106154,0.237900,0.290651,1.438390,0.570157,0.053689,0.000119,-1.055026,-1.311380,0.001744,0.014831,0.011339,0.000000,0.023995,0.000000,-0.057960,-0.623980,0.286433,-0.040128,-0.038016,-0.018816,5.0000,3.0000,2.0000,0.0000,6.0000,116.1039,70.0020,30.3604,65.4083,21.4323,,,
1786588642599320629,2026-08-13T09:37:22.599343,prediction,-0.050398,0.538000,0.692349,True,-0.015442,0.512205,0.432995,0.034956,0.025795,0.259354,5.04,20,-0.058240,0.762743,0.718975,-0.044709,0.764231,1.057774,-0.062440,0.759151,0.726975,-0.035703,-0.017966,0.008176,0.040796,-0.128892,-0.106154,0.237900,0.290651,1.438298,0.569764,0.053957,0.000119,-1.055598,-1.311348,0.008285,0.022685,0.014833,0.000000,0.032284,0.002609,-0.096040,-0.697060,0.288010,-0.041920,-0.039520,0.017664,5.0000,3.0000,2.0000,0.0000,6.0000,116.2449,69.8239,31.1339,67.1205,20.9080,,,
1786588642639181821,2026-08-13T09:37:22.639201,prediction,-0.050062,0.548000,0.688931,True,-0.014772,0.515825,0.440995,0.035290,0.032175,0.247936,5.68,20,-0.066132,0.755734,0.734975,-0.045898,0.764096,1.057352,-0.066132,0.755734,0.734975,-0.031098,-0.003543,-0.011057,0.033195,-0.118045,-0.104820,0.239306,0.286687,1.434163,0.560585,0.056180,0.000119,-1.066280,-1.306508,0.054105,0.114319,0.013086,0.000000,0.132208,0.054101,-0.146580,-0.725900,0.291662,-0.049216,-0.053280,0.038464,5.0000,3.0000,2.0000,0.0000,6.0000,116.3503,69.5870,31.1985,67.5504,21.1068,,,
1786588642682373086,2026-08-13T09:37:22.682390,prediction,-0.050566,0.533000,0.694058,True,-0.011872,0.508957,0.448995,0.038694,0.024043,0.245063,5.29,20,-0.069394,0.752542,0.742975,-0.046677,0.764069,1.056961,-0.069394,0.752542,0.742975,-0.018845,-0.000655,-0.009440,0.021087,-0.049533,-0.048475,0.121472,0.139853,1.433000,0.558141,0.056447,0.000119,-1.069040,-1.305322,0.060207,0.125661,0.014833,0.000000,0.142675,0.059340,-0.145600,-0.746760,0.301622,-0.049760,-0.053664,0.038016,5.0000,3.0000,2.0000,0.0000,6.0000,115.3028,70.0422,31.7194,71.6916,20.0332,,,
1786588642717425121,2026-08-13T09:37:22.717442,prediction,-0.050566,0.533000,0.694058,True,-0.013787,0.511643,0.456995,0.036779,0.021357,0.237063,5.34,20,-0.069394,0.752542,0.742975,-0.047275,0.764063,1.056455,-0.072518,0.749808,0.750975,-0.015452,-0.000140,-0.013074,0.020241,-0.049533,-0.048475,0.121472,0.139853,1.433000,0.558141,0.056447,0.000119,-1.069040,-1.305322,0.060207,0.125661,0.014833,0.000000,0.142675,0.059340,-0.145600,-0.746760,0.301622,-0.049760,-0.053664,0.038016,5.0000,3.0000,2.0000,0.0000,6.0000,115.2025,70.2309,31.6304,72.1601,20.1182,,,
1786588642758747982,2026-08-13T09:37:22.758774,prediction,-0.050230,0.543000,0.687728,True,-0.017875,0.519643,0.464995,0.032356,0.023357,0.222732,4.80,20,-0.075468,0.747343,0.758975,-0.047699,0.764329,1.055332,-0.075468,0.747343,0.758975,-0.010381,0.006496,-0.027477,0.030082,-0.090350,-0.077336,0.238028,0.266085,1.433000,0.558141,0.056447,0.000119,-1.069040,-1.305322,0.060207,0.125661,0.014833,0.000000,0.142675,0.059340,-0.145600,-0.746760,0.301622,-0.049760,-0.053664,0.038016,5.0000,3.0000,2.0000,0.0000,6.0000,115.1519,70.2902,32.2775,71.2886,20.1622,,,
1786588642792983393,2026-08-13T09:37:22.793003,prediction,-0.050398,0.538000,0.689428,True,-0.050348,0.539500,0.692710,0.000050,0.001500,0.003282,0.00,20,-0.075468,0.747343,0.758975,-0.047699,0.764329,1.055332,-0.077666,0.745299,0.766975,-0.010381,0.006496,-0.027477,0.030082,-0.090350,-0.077336,0.238028,0.266085,1.433000,0.558141,0.056447,0.000119,-1.069040,-1.305322,0.060207,0.125661,0.014833,0.000000,0.142675,0.059340,-0.145600,-0.746760,0.301622,-0.049760,-0.053664,0.038016,5.0000,3.0000,2.0000,0.0000,6.0000,115.0260,70.4250,32.4738,70.8386,20.4980,,,
1786588642832235579,2026-08-13T09:37:22.832263,prediction,-0.050398,0.538000,0.689428,True,-0.050348,0.539500,0.692710,0.000050,0.001500,0.003282,0.00,20,-0.075468,0.747343,0.758975,-0.047917,0.764915,1.054518,-0.077666,0.745299,0.766975,-0.005326,0.014341,-0.019912,0.025110,-0.090350,-0.077336,0.238028,0.266085,1.417652,0.527231,0.061094,0.000108,-1.104924,-1.290630,0.080279,0.158819,0.035339,0.000000,0.196777,0.075477,-0.124180,-0.620900,0.302784,-0.050816,-0.060960,0.042368,5.0000,3.0000,2.0000,0.0000,6.0000,114.7784,71.3801,32.5494,68.2319,21.1133,,,
1786588642871758078,2026-08-13T09:37:22.871778,prediction,-0.050733,0.528000,0.689892,True,-0.050348,0.539500,0.692710,0.000386,0.011500,0.002818,0.00,20,-0.075468,0.747343,0.758975,-0.048161,0.765566,1.053254,-0.077666,0.745299,0.766975,-0.006162,0.016458,-0.031982,0.036493,-0.090350,-0.077336,0.238028,0.266085,1.414856,0.521782,0.062641,0.000108,-1.112124,-1.287924,0.076790,0.147039,0.050172,0.000000,0.202015,0.075477,-0.108780,-0.658420,0.319799,-0.052320,-0.063744,0.036800,5.0000,3.0000,2.0000,0.0000,6.0000,114.8725,71.3476,33.1326,66.5785,20.0203,,,
1786588642921026486,2026-08-13T09:37:22.921048,prediction,-0.053489,0.533000,0.688200,True,-0.050348,0.539500,0.692710,0.003142,0.006500,0.004511,0.00,20,-0.077666,0.745299,0.766975,-0.048150,0.766229,1.052390,-0.077666,0.745299,0.766975,0.000283,0.016778,-0.021838,0.027540,-0.016427,-0.015283,0.059796,0.063867,1.411857,0.516117,0.065184,0.000108,-1.120446,-1.284982,0.073301,0.137004,0.074173,0.000000,0.215543,0.075477,-0.119840,-0.688800,0.335984,-0.055168,-0.066688,0.038848,5.0000,3.0000,2.0000,0.0000,6.0000,114.2165,71.3353,33.3999,71.9566,20.7794,,,
1786588642961507439,2026-08-13T09:37:22.961530,prediction,-0.052961,0.548000,0.680218,True,-0.050348,0.539500,0.692710,0.002614,0.008500,0.012492,0.00,20,-0.077666,0.745299,0.766975,-0.047955,0.766362,1.051218,-0.077666,0.745299,0.766975,0.003955,0.002693,-0.023777,0.024254,0.000000,0.000000,0.000000,0.000000,1.410714,0.513928,0.066485,0.000108,-1.123949,-1.283796,0.070243,0.135259,0.083333,0.000000,0.220782,0.075477,-0.131740,-0.677880,0.336814,-0.055616,-0.072128,0.042080,5.0000,3.0000,2.0000,0.0000,6.0000,113.0853,72.7737,34.3182,71.0117,20.6190,,,
1786588642998120996,2026-08-13T09:37:22.998143,prediction,-0.055860,0.548000,0.677314,True,-0.050348,0.539500,0.692710,0.005512,0.008500,0.015396,0.00,20,-0.077666,0.745299,0.766975,-0.047784,0.766389,1.049825,-0.077165,0.744102,0.789623,0.004218,0.000655,-0.034377,0.034641,0.000000,0.000000,0.000000,0.000000,1.410714,0.513928,0.066485,0.000108,-1.123949,-1.283796,0.070243,0.135259,0.083333,0.000000,0.220782,0.075477,-0.131740,-0.677880,0.336814,-0.055616,-0.072128,0.042080,5.0000,3.0000,2.0000,0.0000,6.0000,113.2366,72.7941,34.4210,70.0148,20.7815,,,
1786588643041658816,2026-08-13T09:37:23.041687,prediction,-0.055676,0.553000,0.669846,True,-0.050348,0.539500,0.692710,0.005328,0.013500,0.022864,0.00,20,-0.076507,0.744561,0.811737,-0.047431,0.767194,1.048123,-0.076507,0.744561,0.811737,0.009648,0.022012,-0.046524,0.052365,0.017324,-0.011030,0.669316,0.669631,1.410714,0.513928,0.066485,0.000108,-1.123949,-1.283796,0.070243,0.135259,0.083333,0.000000,0.220782,0.075477,-0.131740,-0.677880,0.336814,-0.055616,-0.072128,0.042080,5.0000,3.0000,2.0000,0.0000,6.0000,112.0055,73.6439,35.2938,71.7160,20.5131,,,
1786588643079960147,2026-08-13T09:37:23.079978,prediction,-0.055860,0.548000,0.659888,True,-0.050348,0.539500,0.692710,0.005512,0.008500,0.032822,0.00,20,-0.075315,0.745403,0.833318,-0.047057,0.767888,1.046464,-0.075315,0.745403,0.833318,0.008566,0.015895,-0.037990,0.042063,0.017922,0.012663,0.324591,0.325332,1.400181,0.492975,0.084039,0.000108,-1.162701,-1.272963,0.071994,0.155330,0.135698,0.000000,0.298878,0.070249,-0.137620,-0.688380,0.345778,-0.055936,-0.073920,0.042592,5.0000,3.0000,2.0000,0.0000,6.0000,109.2028,77.1580,36.8159,70.9415,20.6719,,,
1786588643113258483,2026-08-13T09:37:23.113273,prediction,-0.059144,0.538000,0.654378,True,-0.050348,0.539500,0.692710,0.008796,0.001500,0.038332,0.00,20,-0.075315,0.745403,0.833318,-0.046704,0.768827,1.043990,-0.073653,0.746696,0.854366,0.009255,0.024618,-0.064850,0.069980,0.017922,0.012663,0.324591,0.325332,1.398705,0.489884,0.086812,0.000108,-1.168673,-1.271529,0.073738,0.154893,0.140933,0.000000,0.299320,0.072857,-0.105280,-0.694400,0.344201,-0.055840,-0.080928,0.038304,5.0000,3.0000,2.0000,0.0000,6.0000,108.4062,78.5003,36.4847,64.7646,19.9502,,,
1786588643146255690,2026-08-13T09:37:23.146270,prediction,-0.058566,0.553000,0.640885,True,-0.050348,0.539500,0.692710,0.008219,0.013500,0.051825,0.00,20,-0.071708,0.748107,0.874880,-0.046121,0.769548,1.041264,-0.071708,0.748107,0.874880,0.017549,0.021704,-0.082052,0.086669,0.054419,0.040788,0.626919,0.630597,1.398705,0.489884,0.086812,0.000108,-1.168673,-1.271529,0.073738,0.154893,0.140933,0.000000,0.299320,0.072857,-0.105280,-0.694400,0.344201,-0.055840,-0.080928,0.038304,5.0000,3.0000,2.0000,0.0000,6.0000,107.8293,78.4118,36.3385,67.9700,20.4435,,,
1786588643179153750,2026-08-13T09:37:23.179174,prediction,-0.061858,0.543000,0.632388,True,-0.050348,0.539500,0.692710,0.011511,0.003500,0.060322,0.00,20,-0.071708,0.748107,0.874880,-0.045565,0.770226,1.037753,-0.069477,0.749968,0.894861,0.016893,0.020595,-0.106727,0.110001,0.054419,0.040788,0.626919,0.630597,1.398705,0.489884,0.086812,0.000108,-1.168673,-1.271529,0.073738,0.154893,0.140933,0.000000,0.299320,0.072857,-0.105280,-0.694400,0.344201,-0.055840,-0.080928,0.038304,5.0000,3.0000,2.0000,0.0000,6.0000,106.4011,79.7114,36.9522,67.8580,21.9624,,,
1786588643225360296,2026-08-13T09:37:23.225379,prediction,-0.064347,0.553000,0.611924,True,-0.055750,0.546443,0.684710,0.008598,0.006557,0.072786,6.64,20,-0.067225,0.752069,0.914309,-0.043849,0.771242,1.028622,-0.067225,0.752069,0.914309,0.025641,0.016525,-0.138225,0.141551,0.067028,0.059249,0.589611,0.596359,1.398705,0.489884,0.086812,0.000108,-1.168673,-1.271529,0.073738,0.154893,0.140933,0.000000,0.299320,0.072857,-0.105280,-0.694400,0.344201,-0.055840,-0.080928,0.038304,5.0000,3.0000,3.0000,0.0000,7.0000,104.7710,82.2716,33.7533,34.8969,27.5600,,,
1786588643266077275,2026-08-13T09:37:23.266099,prediction,-0.067021,0.558000,0.595991,True,-0.059219,0.554443,0.676710,0.007802,0.003557,0.080719,6.77,20,-0.067225,0.752069,0.914309,-0.042752,0.772165,1.022084,-0.064564,0.754329,0.932690,0.026906,0.022632,-0.160349,0.164158,0.067028,0.059249,0.589611,0.596359,1.388545,0.465540,0.111646,0.000108,-1.218290,-1.261397,0.041012,0.120859,0.150531,0.000000,0.269214,0.040142,-0.082460,-0.604380,0.344616,-0.047584,-0.070080,0.034848,5.0000,2.0000,3.0000,0.0000,6.0000,103.1727,84.0396,34.1957,28.2630,25.5542,,,
1786588643300242835,2026-08-13T09:37:23.300263,prediction,-0.070128,0.553000,0.582963,True,-0.059681,0.552110,0.668710,0.010447,0.000890,0.085747,4.99,20,-0.061553,0.756880,0.950004,-0.041447,0.773416,1.014678,-0.061553,0.756880,0.950004,0.036261,0.034788,-0.205919,0.211961,0.085275,0.072312,0.536599,0.548123,1.387245,0.461182,0.117676,0.000108,-1.228627,-1.260060,0.024429,0.101663,0.152710,0.000000,0.247827,0.026614,-0.066640,-0.573720,0.348019,-0.046208,-0.069792,0.033120,5.0000,3.0000,2.0000,0.0000,6.0000,99.8342,86.8707,35.9279,72.0773,23.6877,,,
1786588643333319433,2026-08-13T09:37:23.333336,prediction,-0.078049,0.568000,0.558630,True,-0.067681,0.557695,0.660710,0.010368,0.010305,0.102080,5.02,20,-0.061553,0.756880,0.950004,-0.039593,0.774999,1.006071,-0.058503,0.759684,0.966252,0.056012,0.047826,-0.259928,0.270162,0.085275,0.072312,0.536599,0.548123,1.386702,0.458170,0.122672,0.000108,-1.236248,-1.259348,0.011342,0.088139,0.157951,0.000000,0.231691,0.018756,-0.076860,-0.574000,0.359888,-0.046304,-0.069120,0.033408,5.0000,3.0000,2.0000,0.0000,6.0000,95.7764,86.4469,37.2334,33.0908,22.9772,,,
1786588643370373724,2026-08-13T09:37:23.370394,prediction,-0.083781,0.568000,0.538531,True,-0.075052,0.559160,0.652710,0.008729,0.008840,0.114179,4.55,20,-0.055021,0.762497,0.981433,-0.037367,0.776916,0.996012,-0.055021,0.762497,0.981433,0.058660,0.050520,-0.265152,0.276222,0.096787,0.083241,0.465703,0.482883,1.386604,0.457144,0.124598,0.000108,-1.238965,-1.259165,0.006540,0.085081,0.160130,0.000000,0.223833,0.013517,-0.073780,-0.594860,0.354410,-0.046592,-0.071136,0.031232,5.0000,3.0000,2.0000,0.0000,6.0000,92.5460,85.8660,36.4426,-52.1424,23.7500,,,
1786588643408199354,2026-08-13T09:37:23.408219,prediction,-0.086647,0.568000,0.518432,True,-0.079555,0.558532,0.644710,0.007092,0.009468,0.126278,4.64,20,-0.055021,0.762497,0.981433,-0.034951,0.778899,0.984612,-0.051002,0.765473,0.995547,0.064058,0.052574,-0.302179,0.313336,0.096787,0.083241,0.465703,0.482883,1.386604,0.457144,0.124598,0.000108,-1.238965,-1.259165,0.006540,0.085081,0.160130,0.000000,0.223833,0.013517,-0.073780,-0.594860,0.354410,-0.046592,-0.071136,0.031232,4.0000,3.0000,3.0000,0.0000,5.0000,89.1424,80.8239,37.1376,-77.0731,25.2165,,,
1786588643445916445,2026-08-13T09:37:23.445938,prediction,-0.086097,0.578000,0.470279,True,-0.081850,0.562744,0.636710,0.004247,0.015256,0.166431,4.71,20,-0.055021,0.762497,0.981433,-0.032593,0.780896,0.969971,-0.046490,0.768539,1.008595,0.061966,0.052480,-0.384817,0.393292,0.096787,0.083241,0.465703,0.482883,1.386604,0.457144,0.124598,0.000108,-1.238965,-1.259165,0.006540,0.085081,0.160130,0.000000,0.223833,0.013517,-0.073780,-0.594860,0.354410,-0.046592,-0.071136,0.031232,4.0000,3.0000,3.0000,0.0000,5.0000,77.9116,70.7443,45.0015,-58.9129,25.8307,,,
1786588643484808021,2026-08-13T09:37:23.484825,prediction,-0.089229,0.573000,0.445618,True,-0.087321,0.561389,0.628710,0.001909,0.011611,0.183092,4.87,20,-0.041952,0.771686,1.020576,-0.030210,0.783429,0.953799,-0.041952,0.771686,1.020576,0.062387,0.066314,-0.423442,0.433120,0.098776,0.069456,0.295857,0.319550,1.386546,0.455838,0.127200,0.000108,-1.242533,-1.259004,0.001307,0.080279,0.163624,0.000000,0.223401,0.008289,-0.073780,-0.584220,0.342541,-0.046592,-0.067904,0.032448,4.0000,3.0000,3.0000,0.0000,5.0000,72.8256,66.6141,42.9197,-54.2031,31.5255,,,
1786588643522219363,2026-08-13T09:37:23.522233,prediction,-0.088946,0.578000,0.416038,True,-0.091726,0.562424,0.620710,0.002779,0.015576,0.204672,4.68,20,-0.041952,0.771686,1.020576,-0.027811,0.786335,0.936187,-0.037323,0.774969,1.031490,0.063506,0.076942,-0.466222,0.476777,0.098776,0.069456,0.295857,0.319550,1.389100,0.444097,0.148264,0.000108,-1.273124,-1.261019,0.034034,0.089883,0.126099,0.000000,0.212924,0.034903,0.119000,-0.629300,0.327933,-0.045472,-0.065632,-0.034848,4.0000,2.0000,2.0000,0.0000,4.0000,64.9680,59.1165,57.7307,-20.2216,16.9905,,,
1786588643563384692,2026-08-13T09:37:23.563402,prediction,-0.089513,0.568000,0.392094,True,-0.092098,0.556272,0.612710,0.002585,0.011728,0.220616,5.47,20,-0.041952,0.771686,1.020576,-0.025568,0.788250,0.917172,-0.034564,0.777907,1.026690,0.055559,0.047415,-0.470889,0.476520,0.098776,0.069456,0.295857,0.319550,1.389100,0.444097,0.148264,0.000108,-1.273124,-1.261019,0.034034,0.089883,0.126099,0.000000,0.212924,0.034903,0.119000,-0.629300,0.327933,-0.045472,-0.065632,-0.034848,4.0000,2.0000,2.0000,0.0000,4.0000,60.4541,55.0581,58.5355,-20.9063,16.6737,,,
1786588643603460269,2026-08-13T09:37:23.603482,prediction,-0.089229,0.573000,0.371179,True,-0.098408,0.556898,0.604710,0.009179,0.016102,0.233531,4.72,20,-0.041952,0.771686,1.020576,-0.023331,0.789966,0.897261,-0.031781,0.779662,1.021357,0.054995,0.042195,-0.489521,0.494405,0.098776,0.069456,0.295857,0.319550,1.389100,0.444097,0.148264,0.000108,-1.273124,-1.261019,0.034034,0.089883,0.126099,0.000000,0.212924,0.034903,0.119000,-0.629300,0.327933,-0.045472,-0.065632,-0.034848,4.0000,2.0000,2.0000,0.0000,4.0000,57.7802,52.8608,57.4453,-23.0228,17.1204,,,
1786588643646234831,2026-08-13T09:37:23.646255,prediction,-0.089229,0.573000,0.345411,True,-0.103016,0.555527,0.596710,0.013786,0.017473,0.251299,4.74,20,-0.028577,0.780941,1.015490,-0.021106,0.791643,0.876296,-0.028577,0.780941,1.015490,0.051788,0.039030,-0.488058,0.492347,0.100264,0.069374,-0.038122,0.127745,1.389100,0.444097,0.148264,0.000108,-1.273124,-1.261019,0.034034,0.089883,0.126099,0.000000,0.212924,0.034903,0.119000,-0.629300,0.327933,-0.045472,-0.065632,-0.034848,4.0000,1.0000,1.0000,0.0000,4.0000,52.3459,45.4165,60.3981,-6.4745,12.1261,,,
1786588643688032046,2026-08-13T09:37:23.688062,prediction,-0.090645,0.548000,0.302654,True,-0.100663,0.548488,0.588710,0.010018,0.000488,0.286056,4.88,20,-0.025066,0.782091,1.009090,-0.019006,0.793311,0.852848,-0.025066,0.782091,1.009090,0.050361,0.040015,-0.562300,0.565967,0.052369,0.017156,-0.095455,0.110221,1.395386,0.426293,0.164591,0.000108,-1.308729,-1.268360,0.042756,0.109517,0.083333,0.000000,0.210305,0.045812,0.110880,-0.558880,0.327601,-0.042240,-0.067520,-0.038848,4.0000,2.0000,1.0000,0.0000,4.0000,45.4238,35.2392,55.8046,4.5406,12.3754,,,
1786588643727314580,2026-08-13T09:37:23.727330,prediction,-0.089513,0.568000,0.268629,True,-0.099905,0.548066,0.580710,0.010392,0.019934,0.312081,5.42,20,-0.025066,0.782091,1.009090,-0.016943,0.794712,0.828031,-0.021711,0.783176,1.002157,0.053465,0.036292,-0.643141,0.646379,0.052369,0.017156,-0.095455,0.110221,1.395386,0.426293,0.164591,0.000108,-1.308729,-1.268360,0.042756,0.109517,0.083333,0.000000,0.210305,0.045812,0.110880,-0.558880,0.327601,-0.042240,-0.067520,-0.038848,3.0000,2.0000,2.0000,0.0000,4.0000,42.2527,31.9714,53.1220,3.6591,15.1987,,,
1786588643767986299,2026-08-13T09:37:23.768003,prediction,-0.087471,0.553000,0.247018,True,-0.096354,0.542968,0.572710,0.008882,0.010032,0.325692,4.69,20,-0.018407,0.783873,0.994690,-0.015236,0.795525,0.802339,-0.018407,0.783873,0.994690,0.041597,0.019815,-0.625856,0.627550,0.100292,0.026829,-0.216907,0.240473,1.395386,0.426293,0.164591,0.000108,-1.308729,-1.268360,0.042756,0.109517,0.083333,0.000000,0.210305,0.045812,0.110880,-0.558880,0.327601,-0.042240,-0.067520,-0.038848,3.0000,2.0000,2.0000,0.0000,4.0000,41.6497,34.0565,52.1864,1.4969,15.4462,,,
1786588643811772253,2026-08-13T09:37:23.811792,prediction,-0.084581,0.553000,0.229642,True,-0.094139,0.542126,0.564710,0.009558,0.010873,0.335068,8.99,20,-0.015340,0.784469,0.986690,-0.013887,0.795688,0.776854,-0.015340,0.784469,0.986690,0.034468,0.004157,-0.651213,0.652138,0.046158,0.008971,-0.120396,0.129253,1.395895,0.424993,0.165595,0.000108,-1.311219,-1.268931,0.044069,0.107772,0.083333,0.000000,0.207254,0.045812,0.114380,-0.573720,0.333079,-0.042144,-0.065344,-0.038144,3.0000,2.0000,2.0000,0.0000,4.0000,38.9604,33.3640,51.4997,-3.4557,15.2568,,,
1786588643861181943,2026-08-13T09:37:23.861206,prediction,-0.081432,0.558000,0.194584,True,-0.087817,0.534126,0.556710,0.006385,0.023874,0.362126,8.70,20,-0.015340,0.784469,0.986690,-0.012926,0.795721,0.750093,-0.012781,0.784773,0.978690,0.019604,0.000664,-0.546044,0.546396,0.046158,0.008971,-0.120396,0.129253,1.404794,0.410547,0.180621,0.000108,-1.340851,-1.276617,0.070243,0.088570,0.102099,0.000000,0.180640,0.056721,0.139720,-0.583380,0.331668,-0.044800,-0.060512,-0.042592,3.0000,2.0000,2.0000,0.0000,4.0000,37.7987,34.3745,50.0179,-3.0264,19.2930,,,
1786588643907997020,2026-08-13T09:37:23.908022,prediction,-0.078550,0.558000,0.177257,True,-0.080540,0.529695,0.548710,0.001990,0.028305,0.371453,8.88,20,-0.010874,0.784603,0.970690,-0.012365,0.795994,0.723046,-0.010874,0.784603,0.970690,0.011968,0.005823,-0.576567,0.576721,0.066874,0.002019,-0.239593,0.248759,1.409158,0.405209,0.186406,0.000108,-1.351749,-1.280573,0.075045,0.094679,0.092931,0.000000,0.180640,0.070249,0.147840,-0.582120,0.343371,-0.045376,-0.060448,-0.042240,3.0000,2.0000,2.0000,0.0000,4.0000,36.6249,33.9855,49.1747,-4.2616,16.4688,,,
1786588643957573462,2026-08-13T09:37:23.957596,prediction,-0.075426,0.563000,0.165484,True,-0.072540,0.524393,0.540710,0.002886,0.038607,0.375226,8.72,20,-0.010874,0.784603,0.970690,-0.012539,0.796048,0.696836,-0.009484,0.783610,0.962690,-0.003488,0.001089,-0.522626,0.522639,0.066874,0.002019,-0.239593,0.248759,1.413373,0.399818,0.191350,0.000108,-1.362011,-1.284723,0.073301,0.097736,0.083771,0.000000,0.183259,0.078538,0.128240,-0.578340,0.324945,-0.046816,-0.069792,-0.041632,3.0000,2.0000,2.0000,0.0000,4.0000,35.4968,32.8869,47.0995,-3.5604,16.8303,,,
1786588643991368168,2026-08-13T09:37:23.991392,prediction,-0.061858,0.543000,0.148896,True,-0.064540,0.516393,0.532710,0.002682,0.026607,0.383814,8.75,20,-0.010874,0.784603,0.970690,-0.014001,0.795526,0.670861,-0.009160,0.782092,0.954690,-0.042924,-0.015343,-0.762893,0.764254,0.066874,0.002019,-0.239593,0.248759,1.416287,0.395781,0.194525,0.000108,-1.369416,-1.287849,0.073301,0.101225,0.078098,0.000000,0.185868,0.078096,0.124180,-0.588280,0.329593,-0.047200,-0.060960,-0.043200,3.0000,2.0000,2.0000,0.0000,4.0000,33.4434,30.3734,46.8106,-2.3632,18.3415,,,
1786588644034183580,2026-08-13T09:37:24.034207,prediction,-0.053137,0.543000,0.143071,True,-0.056540,0.508393,0.524710,0.003403,0.034607,0.381639,7.22,20,-0.009861,0.780012,0.946690,-0.016235,0.794088,0.645837,-0.009861,0.780012,0.946690,-0.050990,-0.032818,-0.571165,0.574375,0.007558,-0.034232,-0.178939,0.182341,1.419181,0.391619,0.197551,0.000108,-1.376746,-1.291007,0.070243,0.106028,0.076351,0.000000,0.183259,0.080716,0.126980,-0.593600,0.336316,-0.051264,-0.068352,-0.038080,3.0000,2.0000,2.0000,0.0000,4.0000,32.5331,28.6905,45.9350,1.0531,18.3974,,,
1786588644069878186,2026-08-13T09:37:24.069901,prediction,-0.047483,0.538000,0.134465,True,-0.048540,0.500393,0.516710,0.001057,0.037607,0.382246,4.74,20,-0.009861,0.780012,0.946690,-0.018809,0.792467,0.623449,-0.011395,0.777349,0.938690,-0.065862,-0.041470,-0.572777,0.578041,0.007558,-0.034232,-0.178939,0.182341,1.420612,0.389515,0.199097,0.000108,-1.380487,-1.292581,0.071556,0.106028,0.078098,0.000000,0.185868,0.080716,0.135100,-0.596400,0.342541,-0.053056,-0.070400,-0.039200,3.0000,2.0000,2.0000,0.0000,4.0000,31.8959,27.7475,45.1830,1.1446,19.0844,,,
1786588644113140518,2026-08-13T09:37:24.113165,prediction,-0.042253,0.517000,0.129104,True,-0.040540,0.492393,0.508710,0.001713,0.024607,0.379606,7.37,20,-0.013616,0.774109,0.930690,-0.021941,0.790276,0.602348,-0.013616,0.774109,0.930690,-0.077827,-0.054444,-0.524368,0.532900,-0.056787,-0.089280,-0.241966,0.264090,1.423539,0.385164,0.202369,0.000108,-1.388280,-1.295783,0.075045,0.109517,0.083333,0.000000,0.199396,0.080716,0.129500,-0.617400,0.351505,-0.056064,-0.071808,-0.042688,3.0000,2.0000,2.0000,0.0000,4.0000,31.4112,27.1837,45.8461,1.8176,18.1743,,,
1786588644150636354,2026-08-13T09:37:24.150658,prediction,-0.036479,0.512000,0.126255,True,-0.032540,0.484393,0.500710,0.003939,0.027607,0.374455,5.09,20,-0.016734,0.770207,0.922690,-0.025439,0.786585,0.583029,-0.016734,0.770207,0.922690,-0.088970,-0.093897,-0.491395,0.508135,-0.046154,-0.057733,-0.118393,0.139571,1.426590,0.380623,0.205967,0.000108,-1.396591,-1.299135,0.078534,0.116063,0.094679,0.000000,0.212924,0.086386,0.129500,-0.599200,0.334573,-0.058176,-0.067072,-0.040128,3.0000,2.0000,2.0000,0.0000,4.0000,31.0468,26.7577,46.2885,3.1997,17.6257,,,
1786588644188690066,2026-08-13T09:37:24.188713,prediction,-0.036606,0.507000,0.120417,True,-0.024540,0.476393,0.492710,0.012066,0.030607,0.372293,4.86,20,-0.016734,0.770207,0.922690,-0.028966,0.782593,0.564918,-0.020680,0.765692,0.914690,-0.091594,-0.103657,-0.470336,0.490255,-0.046154,-0.057733,-0.118393,0.139571,1.426590,0.380623,0.205967,0.000108,-1.396591,-1.299135,0.078534,0.116063,0.094679,0.000000,0.212924,0.086386,0.129500,-0.599200,0.334573,-0.058176,-0.067072,-0.040128,3.0000,2.0000,2.0000,0.0000,4.0000,30.5405,26.5428,46.0341,2.9468,17.2356,,,
1786588644223480668,2026-08-13T09:37:24.223502,prediction,-0.036479,0.512000,0.117364,True,-0.020710,0.479577,0.484710,0.015770,0.032423,0.367346,4.81,20,-0.025184,0.760683,0.906690,-0.032483,0.778542,0.547997,-0.025184,0.760683,0.906690,-0.101232,-0.116632,-0.487092,0.510989,-0.128216,-0.144529,-0.242787,0.310280,1.426590,0.380623,0.205967,0.000108,-1.396591,-1.299135,0.078534,0.116063,0.094679,0.000000,0.212924,0.086386,0.129500,-0.599200,0.334573,-0.058176,-0.067072,-0.040128,3.0000,2.0000,2.0000,0.0000,4.0000,30.3524,26.4423,46.2867,2.9112,17.0904,,,
1786588644261562051,2026-08-13T09:37:24.261584,prediction,-0.036479,0.512000,0.117364,True,-0.012710,0.471577,0.476710,0.023770,0.040423,0.359346,8.99,20,-0.025184,0.760683,0.906690,-0.035999,0.774478,0.532793,-0.030364,0.755557,0.898690,-0.105052,-0.121392,-0.454158,0.481697,-0.128216,-0.144529,-0.242787,0.310280,1.428465,0.377852,0.208272,0.000108,-1.401786,-1.301194,0.080279,0.116063,0.098604,0.000000,0.218163,0.083766,0.132860,-0.570640,0.344035,-0.057728,-0.066784,-0.043136,3.0000,2.0000,2.0000,0.0000,4.0000,30.4181,26.6812,44.8037,2.6398,17.5174,,,
1786588644303644785,2026-08-13T09:37:24.303670,prediction,-0.033261,0.523000,0.117184,True,-0.006015,0.470427,0.468710,0.027246,0.052573,0.351526,10.27,20,-0.036384,0.750272,0.890690,-0.039825,0.770412,0.520429,-0.036384,0.750272,0.890690,-0.091392,-0.097137,-0.295388,0.324102,-0.167141,-0.155362,-0.238767,0.330277,1.439481,0.362257,0.223284,0.000108,-1.432508,-1.312512,0.079847,0.109517,0.128278,0.000000,0.237361,0.081158,0.120260,-0.543060,0.373085,-0.065568,-0.070624,-0.040192,3.0000,2.0000,2.0000,0.0000,4.0000,30.1140,26.4592,45.0859,2.4545,17.4484,,,
1786588644343797490,2026-08-13T09:37:24.343806,prediction,-0.033403,0.517000,0.117282,True,-0.002577,0.463741,0.460710,0.030826,0.053258,0.343428,9.46,20,-0.042694,0.744737,0.882690,-0.043566,0.766879,0.510339,-0.042694,0.744737,0.882690,-0.091261,-0.086200,-0.246161,0.276322,-0.095082,-0.083397,-0.120550,0.174723,1.442637,0.358049,0.228778,0.000097,-1.442252,-1.315627,0.076790,0.102970,0.144858,0.000000,0.247827,0.078096,0.125160,-0.563780,0.366113,-0.067232,-0.071904,-0.039904,3.0000,2.0000,2.0000,0.0000,4.0000,29.9264,26.7270,45.5227,1.7297,17.9824,,,
1786588644377136218,2026-08-13T09:37:24.377156,prediction,-0.033261,0.523000,0.114239,True,0.000437,0.465865,0.452710,0.033698,0.057135,0.338472,4.84,20,-0.042694,0.744737,0.882690,-0.047180,0.764572,0.501487,-0.049183,0.739467,0.874690,-0.096525,-0.061607,-0.236424,0.262695,-0.095082,-0.083397,-0.120550,0.174723,1.445662,0.354116,0.235016,0.000097,-1.452385,-1.318549,0.071994,0.094679,0.163624,0.000000,0.256117,0.069807,0.110040,-0.539980,0.379808,-0.067680,-0.070016,-0.037024,3.0000,2.0000,2.0000,0.0000,4.0000,29.9401,26.7415,45.9141,1.0485,18.0517,,,
1786588644411844553,2026-08-13T09:37:24.411866,prediction,-0.033403,0.517000,0.114327,True,0.004113,0.463969,0.444710,0.037516,0.053031,0.330384,4.81,20,-0.042694,0.744737,0.882690,-0.050591,0.762191,0.493799,-0.055635,0.734029,0.866690,-0.096800,-0.067562,-0.218111,0.248007,-0.095082,-0.083397,-0.120550,0.174723,1.448158,0.350869,0.241232,0.000097,-1.461730,-1.320888,0.068498,0.086825,0.180205,0.000000,0.263975,0.061949,0.103740,-0.514780,0.385701,-0.069920,-0.073184,-0.038912,3.0000,2.0000,2.0000,0.0000,4.0000,29.8644,26.7313,45.6426,0.6868,17.9498,,,
1786588644449897302,2026-08-13T09:37:24.449912,prediction,-0.033025,0.533000,0.114092,True,0.004913,0.466649,0.436710,0.037938,0.066351,0.322618,4.99,20,-0.042694,0.744737,0.882690,-0.053819,0.760114,0.488433,-0.062186,0.728728,0.858690,-0.086961,-0.055948,-0.144599,0.177767,-0.095082,-0.083397,-0.120550,0.174723,1.450634,0.347713,0.248957,0.000097,-1.472758,-1.323141,0.057156,0.071994,0.204637,0.000000,0.285361,0.051040,0.090160,-0.531580,0.373998,-0.072352,-0.079488,-0.037920,3.0000,2.0000,2.0000,0.0000,4.0000,29.7849,26.6156,45.8445,0.8924,17.7306,,,
1786588644490969247,2026-08-13T09:37:24.490994,prediction,-0.033403,0.517000,0.114327,True,0.007004,0.464500,0.428710,0.040407,0.052500,0.314384,4.79,20,-0.068368,0.723601,0.850690,-0.056828,0.757512,0.484238,-0.068368,0.723601,0.850690,-0.071796,-0.062067,-0.100078,0.137922,-0.193232,-0.159085,-0.240849,0.347354,1.452620,0.344995,0.257716,0.000086,-1.484917,-1.324951,0.044500,0.061958,0.230377,0.000000,0.320696,0.040573,0.091700,-0.513240,0.399230,-0.074752,-0.093280,-0.035904,3.0000,2.0000,2.0000,0.0000,4.0000,29.5501,26.8344,45.7339,-0.2610,18.6112,,,
1786588644528854257,2026-08-13T09:37:24.528871,prediction,-0.033403,0.517000,0.114327,True,0.003912,0.465285,0.420710,0.037314,0.051715,0.306384,5.06,20,-0.068368,0.723601,0.850690,-0.059630,0.754805,0.480827,-0.074204,0.718862,0.842690,-0.076117,-0.073551,-0.092663,0.140677,-0.193232,-0.159085,-0.240849,0.347354,1.454044,0.342702,0.267478,0.000086,-1.498466,-1.326353,0.029669,0.054105,0.254377,0.000000,0.352991,0.029665,0.081200,-0.494340,0.390515,-0.073696,-0.087552,-0.032224,3.0000,2.0000,2.0000,0.0000,4.0000,29.5340,27.0919,46.2251,-0.0887,18.4993,,,
1786588644563120633,2026-08-13T09:37:24.563134,prediction,-0.033143,0.528000,0.111228,True,0.000767,0.473285,0.412710,0.033910,0.054715,0.301482,5.08,20,-0.079301,0.714479,0.834690,-0.061544,0.752077,0.478316,-0.079301,0.714479,0.834690,-0.055812,-0.079535,-0.073214,0.121660,-0.163888,-0.136738,-0.239842,0.321062,1.454789,0.340957,0.276898,0.000086,-1.511606,-1.327204,0.014394,0.044069,0.267902,0.000000,0.371747,0.019198,0.062580,-0.471380,0.390515,-0.072352,-0.088000,-0.033728,3.0000,2.0000,2.0000,0.0000,4.0000,29.4130,26.7054,46.3154,-0.2320,18.3249,,,
1786588644600058591,2026-08-13T09:37:24.600080,prediction,-0.033143,0.528000,0.114165,True,0.001607,0.476808,0.404710,0.034750,0.051192,0.290545,4.95,20,-0.079301,0.714479,0.834690,-0.062877,0.750732,0.476389,-0.083654,0.710450,0.826690,-0.035950,-0.036291,-0.051973,0.072874,-0.163888,-0.136738,-0.239842,0.321062,1.455064,0.339657,0.286661,0.000086,-1.525221,-1.327668,0.001744,0.027487,0.273144,0.000000,0.380036,0.007847,0.060060,-0.469280,0.391013,-0.071680,-0.083040,-0.032288,3.0000,2.0000,2.0000,0.0000,4.0000,29.1914,26.8255,46.5946,-1.1277,18.1072,,,
1786588644635559087,2026-08-13T09:37:24.635576,prediction,-0.030321,0.523000,0.114239,True,0.003884,0.473072,0.396710,0.034205,0.049928,0.282472,6.58,20,-0.079301,0.714479,0.834690,-0.064021,0.749663,0.475041,-0.087531,0.707345,0.818690,-0.033083,-0.030915,-0.038990,0.059753,-0.163888,-0.136738,-0.239842,0.321062,1.455064,0.339180,0.292185,0.000086,-1.532766,-1.327733,0.000000,0.019634,0.278809,0.000000,0.377427,0.002609,-0.011060,-0.443800,0.387029,-0.071072,-0.084096,-0.029792,3.0000,2.0000,2.0000,0.0000,4.0000,29.0789,26.5742,47.0092,-1.1914,18.0949,,,
1786588644670867551,2026-08-13T09:37:24.670888,prediction,-0.030321,0.523000,0.111293,True,-0.001482,0.474415,0.388710,0.028839,0.048585,0.277417,6.07,20,-0.079301,0.714479,0.834690,-0.064817,0.748649,0.473853,-0.091026,0.704852,0.810690,-0.021829,-0.027823,-0.032587,0.048089,-0.163888,-0.136738,-0.239842,0.321062,1.454580,0.339128,0.306840,0.000086,-1.551932,-1.327485,0.019634,0.019634,0.286229,0.000000,0.371747,0.016137,-0.111580,-0.155260,0.394582,-0.065344,-0.086112,0.027168,3.0000,2.0000,2.0000,0.0000,4.0000,28.8755,26.7155,47.2926,-1.6817,18.0267,,,
1786588644706964437,2026-08-13T09:37:24.706986,prediction,-0.029991,0.538000,0.111098,True,-0.004830,0.482415,0.380710,0.025161,0.055585,0.269612,6.85,20,-0.093630,0.702967,0.802690,-0.065249,0.748766,0.472843,-0.093630,0.702967,0.802690,-0.012407,0.003363,-0.028984,0.031706,-0.107393,-0.086276,-0.239833,0.276581,1.454116,0.339794,0.312684,0.000086,-1.559391,-1.327021,0.026174,0.044069,0.295397,0.000000,0.377427,0.023995,-0.125440,-0.119280,0.399064,-0.063232,-0.083648,0.031904,3.0000,2.0000,2.0000,0.0000,4.0000,28.8548,26.6157,47.3761,-0.9670,17.8969,,,
1786588644739512800,2026-08-13T09:37:24.739534,prediction,-0.030453,0.517000,0.111371,True,-0.003558,0.482826,0.372710,0.026895,0.034174,0.261339,4.93,20,-0.093630,0.702967,0.802690,-0.065659,0.749376,0.472240,-0.095477,0.701632,0.794690,-0.011952,0.017778,-0.017574,0.027709,-0.107393,-0.086276,-0.239833,0.276581,1.453515,0.340964,0.318721,0.000086,-1.567120,-1.326396,0.032720,0.068498,0.306736,0.000000,0.393564,0.032284,-0.123620,-0.056000,0.394416,-0.060064,-0.086784,0.034080,3.0000,2.0000,2.0000,0.0000,4.0000,28.8527,26.5754,47.4650,-0.9149,17.8931,,,
1786588644777635916,2026-08-13T09:37:24.777659,prediction,-0.030101,0.533000,0.111163,True,-0.010333,0.490826,0.364710,0.019768,0.042174,0.253547,5.28,20,-0.096876,0.701259,0.786690,-0.066085,0.750618,0.471826,-0.096876,0.701259,0.786690,-0.011457,0.033464,-0.011138,0.037083,-0.048611,-0.025582,-0.239600,0.245817,1.451470,0.345981,0.334022,0.000086,-1.587072,-1.324262,0.048865,0.140492,0.328989,0.000000,0.433706,0.051040,-0.131740,-0.007980,0.396325,-0.057344,-0.086880,0.038528,3.0000,2.0000,2.0000,0.0000,4.0000,28.7614,26.5740,47.6528,-1.3621,18.0046,,,
1786588644815677812,2026-08-13T09:37:24.815702,prediction,-0.030211,0.528000,0.111228,True,-0.014543,0.489782,0.356710,0.015668,0.038218,0.245482,5.74,20,-0.097568,0.701358,0.778690,-0.066503,0.751720,0.471417,-0.097568,0.701358,0.778690,-0.011171,0.029453,-0.010935,0.033344,-0.010339,0.001476,-0.119561,0.120016,1.449301,0.352783,0.347502,0.000086,-1.604718,-1.321890,0.058901,0.192853,0.342082,0.000000,0.441995,0.064568,-0.134540,-0.036540,0.389768,-0.057600,-0.090336,0.039520,3.0000,2.0000,2.0000,0.0000,4.0000,28.8259,26.6245,47.5840,-1.6766,18.1115,,,
1786588644848507002,2026-08-13T09:37:24.848525,prediction,-0.030211,0.528000,0.111228,True,-0.017959,0.491966,0.348710,0.012252,0.036034,0.237482,4.78,20,-0.097568,0.701358,0.778690,-0.066706,0.752794,0.471020,-0.097445,0.702092,0.770690,-0.005920,0.031262,-0.011562,0.033854,-0.010339,0.001476,-0.119561,0.120016,1.446956,0.360460,0.360097,0.000086,-1.620542,-1.319422,0.070243,0.230382,0.358662,0.000000,0.444615,0.072857,-0.124600,-0.035560,0.420561,-0.061344,-0.099840,0.040960,3.0000,2.0000,2.0000,0.0000,4.0000,28.7467,27.1627,47.5299,-3.4234,19.0576,,,
1786588644886644328,2026-08-13T09:37:24.886667,prediction,-0.030563,0.512000,0.111436,True,-0.018328,0.483966,0.340710,0.012235,0.028034,0.229274,5.16,20,-0.096649,0.703265,0.762690,-0.066895,0.753595,0.470630,-0.096649,0.703265,0.762690,-0.005059,0.021413,-0.010414,0.024342,0.013805,0.028667,-0.240487,0.242583,1.443369,0.372632,0.378797,0.000086,-1.644127,-1.315703,0.078103,0.270956,0.420188,0.000000,0.544539,0.080716,-0.146580,-0.087920,0.466128,-0.070400,-0.104352,0.041632,3.0000,2.0000,2.0000,0.0000,4.0000,28.8493,27.1472,47.4647,-2.4645,18.9574,,,
1786588644922515518,2026-08-13T09:37:24.922535,prediction,-0.030101,0.533000,0.114092,True,-0.024414,0.491966,0.332710,0.005687,0.041034,0.218618,4.92,20,-0.096649,0.703265,0.762690,-0.067106,0.754022,0.470621,-0.095599,0.704532,0.754690,-0.005843,0.011841,-0.000271,0.013207,0.013805,0.028667,-0.240487,0.242583,1.440481,0.382759,0.394931,0.000086,-1.665287,-1.312749,0.083336,0.287100,0.466434,0.000000,0.614346,0.081158,-0.160580,-0.086800,0.437244,-0.072192,-0.106368,0.042304,3.0000,2.0000,2.0000,0.0000,4.0000,28.8255,26.6891,46.3041,-2.7180,18.5713,,,
1786588644964371189,2026-08-13T09:37:24.964386,prediction,-0.030211,0.528000,0.114165,True,-0.026599,0.497146,0.324710,0.003612,0.030854,0.210545,5.34,20,-0.093942,0.706178,0.746690,-0.067319,0.754694,0.470610,-0.093942,0.706178,0.746690,-0.005109,0.016136,-0.000258,0.016927,0.040813,0.043914,-0.241248,0.248585,1.436946,0.394363,0.414002,0.000086,-1.690274,-1.309483,0.091628,0.289283,0.481267,0.000000,0.616965,0.080716,-0.154560,-0.079660,0.431600,-0.070624,-0.104032,0.044256,3.0000,2.0000,2.0000,0.0000,4.0000,28.9413,26.6471,46.6471,-1.8772,18.3579,,,
1786588645002260356,2026-08-13T09:37:25.002281,prediction,-0.030211,0.528000,0.114165,True,-0.027560,0.499686,0.316710,0.002651,0.028314,0.202545,4.96,20,-0.093942,0.706178,0.746690,-0.067506,0.755095,0.470615,-0.091895,0.708000,0.738690,-0.004926,0.010533,0.000128,0.011629,0.040813,0.043914,-0.241248,0.248585,1.436946,0.394363,0.414002,0.000086,-1.690274,-1.309483,0.091628,0.289283,0.481267,0.000000,0.616965,0.080716,-0.154560,-0.079660,0.431600,-0.070624,-0.104032,0.044256,3.0000,2.0000,2.0000,0.0000,4.0000,28.9859,27.0258,47.2413,-2.3412,18.2705,,,
1786588645039104682,2026-08-13T09:37:25.039124,prediction,-0.030211,0.528000,0.114165,True,-0.030501,0.498011,0.308710,0.000290,0.029989,0.194545,5.13,20,-0.089730,0.710033,0.730690,-0.067719,0.755762,0.470604,-0.089730,0.710033,0.730690,-0.005820,0.018241,-0.000294,0.019149,0.063564,0.058172,-0.241437,0.256351,1.436946,0.394363,0.414002,0.000086,-1.690274,-1.309483,0.091628,0.289283,0.481267,0.000000,0.616965,0.080716,-0.154560,-0.079660,0.431600,-0.070624,-0.104032,0.044256,3.0000,2.0000,2.0000,0.0000,4.0000,29.2269,26.8126,47.6286,-0.9670,17.7015,,,
1786588645084407622,2026-08-13T09:37:25.084431,prediction,-0.030783,0.502000,0.114547,True,-0.031772,0.490011,0.300710,0.000989,0.011989,0.186164,7.49,20,-0.087230,0.712226,0.722690,-0.067894,0.756482,0.470619,-0.087230,0.712226,0.722690,-0.004060,0.016739,0.000341,0.017227,0.037146,0.032592,-0.118849,0.128713,1.436946,0.394363,0.414002,0.000086,-1.690274,-1.309483,0.091628,0.289283,0.481267,0.000000,0.616965,0.080716,-0.154560,-0.079660,0.431600,-0.070624,-0.104032,0.044256,3.0000,2.0000,2.0000,0.0000,4.0000,29.2438,26.6201,47.1012,-1.0184,17.5389,,,
1786588645120547475,2026-08-13T09:37:25.120567,prediction,-0.030211,0.528000,0.114165,True,-0.035398,0.496947,0.292710,0.005187,0.031053,0.178545,5.03,20,-0.087230,0.712226,0.722690,-0.068089,0.757213,0.470814,-0.084851,0.714411,0.714690,-0.005048,0.018870,0.005057,0.020178,0.037146,0.032592,-0.118849,0.128713,1.435463,0.398995,0.421660,0.000086,-1.700093,-1.308136,0.093372,0.290596,0.477780,0.000000,0.608676,0.086386,-0.141260,-0.105980,0.446374,-0.069120,-0.101792,0.042816,3.0000,2.0000,2.0000,0.0000,4.0000,28.9906,26.4618,47.4476,-1.5400,17.3960,,,
1786588645156723124,2026-08-13T09:37:25.156745,prediction,-0.030453,0.517000,0.114327,True,-0.035889,0.497745,0.284710,0.005436,0.019255,0.170384,5.10,20,-0.082440,0.716536,0.706690,-0.068268,0.756772,0.470825,-0.082440,0.716536,0.706690,-0.004997,-0.012277,0.000300,0.013258,0.071711,0.064520,-0.239541,0.258235,1.435463,0.398995,0.421660,0.000086,-1.700093,-1.308136,0.093372,0.290596,0.477780,0.000000,0.608676,0.086386,-0.141260,-0.105980,0.446374,-0.069120,-0.101792,0.042816,3.0000,2.0000,2.0000,0.0000,4.0000,28.9524,26.4804,47.4711,-1.3963,17.3777,,,
1786588645194430348,2026-08-13T09:37:25.194456,prediction,-0.030453,0.517000,0.114327,True,-0.037970,0.491309,0.276710,0.007517,0.025691,0.162384,5.65,20,-0.082440,0.716536,0.706690,-0.068260,0.756097,0.470831,-0.079940,0.718223,0.698690,0.000241,-0.018491,0.000161,0.018493,0.071711,0.064520,-0.239541,0.258235,1.435463,0.398995,0.421660,0.000086,-1.700093,-1.308136,0.093372,0.290596,0.477780,0.000000,0.608676,0.086386,-0.141260,-0.105980,0.446374,-0.069120,-0.101792,0.042816,3.0000,2.0000,2.0000,0.0000,4.0000,29.0501,26.5929,47.5718,-0.9660,17.4348,,,
1786588645228558414,2026-08-13T09:37:25.228582,prediction,-0.030563,0.512000,0.117364,True,-0.038569,0.483309,0.268710,0.008005,0.028691,0.151346,5.55,20,-0.077150,0.719822,0.690690,-0.068244,0.755642,0.471236,-0.077150,0.719822,0.690690,0.000463,-0.013055,0.011614,0.017479,0.079761,0.049551,-0.241241,0.258872,1.435463,0.398995,0.421660,0.000086,-1.700093,-1.308136,0.093372,0.290596,0.477780,0.000000,0.608676,0.086386,-0.141260,-0.105980,0.446374,-0.069120,-0.101792,0.042816,3.0000,2.0000,2.0000,0.0000,4.0000,29.0072,26.6973,47.3544,-1.5440,17.5735,,,
1786588645272895367,2026-08-13T09:37:25.272915,prediction,-0.030321,0.523000,0.117184,True,-0.039474,0.489823,0.260710,0.009153,0.033177,0.143526,4.66,20,-0.077150,0.719822,0.690690,-0.068222,0.755231,0.471642,-0.074677,0.721043,0.682690,0.000484,-0.009039,0.008924,0.012711,0.079761,0.049551,-0.241241,0.258872,1.401142,0.476863,0.533737,0.000075,-1.841745,-1.273556,0.106028,0.161877,0.267471,0.000000,0.339462,0.107772,-0.120820,-0.344680,0.419399,-0.078528,-0.088768,0.045248,3.0000,2.0000,2.0000,0.0000,4.0000,29.1038,26.8070,47.1869,-1.0944,17.5608,,,
1786588645312936026,2026-08-13T09:37:25.312957,prediction,-0.030453,0.517000,0.117282,True,-0.038531,0.487382,0.252710,0.008078,0.029618,0.135428,5.10,20,-0.072368,0.722109,0.674690,-0.068222,0.754829,0.472036,-0.072368,0.722109,0.674690,0.000000,-0.010036,0.009833,0.014050,0.072010,0.034436,-0.240933,0.253811,1.397228,0.481992,0.544146,0.000075,-1.855111,-1.269600,0.089883,0.099481,0.256563,0.000000,0.328985,0.088574,-0.105700,-0.392700,0.409439,-0.079872,-0.086336,0.041408,3.0000,2.0000,2.0000,0.0000,4.0000,29.2310,26.9041,47.0300,-1.1192,17.4290,,,
1786588645350947702,2026-08-13T09:37:25.350970,prediction,-0.030563,0.512000,0.117364,True,-0.037095,0.479382,0.244710,0.006532,0.032618,0.127346,5.26,20,-0.070036,0.722587,0.666690,-0.068191,0.753895,0.472449,-0.070036,0.722587,0.666690,0.000825,-0.025008,0.011071,0.027361,0.034758,0.007128,-0.119265,0.124431,1.393798,0.484664,0.555172,0.000075,-1.869253,-1.266129,0.070243,0.029669,0.243470,0.000000,0.318076,0.069807,-0.081760,-0.427140,0.422802,-0.081984,-0.084608,0.037696,3.0000,2.0000,2.0000,0.0000,4.0000,29.1143,27.3772,47.4437,-2.5823,17.8211,,,
1786588645395828814,2026-08-13T09:37:25.395856,prediction,-0.030673,0.507000,0.120417,True,-0.039287,0.471382,0.236710,0.008614,0.035618,0.116293,9.63,20,-0.070036,0.722587,0.666690,-0.068160,0.752855,0.473062,-0.068252,0.722926,0.658690,0.000769,-0.025976,0.015301,0.030157,0.034758,0.007128,-0.119265,0.124431,1.391727,0.484912,0.562823,0.000075,-1.879192,-1.264188,0.062390,0.004796,0.236050,0.000000,0.307168,0.054101,-0.103740,-0.654360,0.394084,-0.081216,-0.084544,0.039136,3.0000,2.0000,2.0000,0.0000,4.0000,29.5972,27.3791,47.4353,-0.7035,17.2808,,,
1786588645432288344,2026-08-13T09:37:25.432306,prediction,-0.033521,0.512000,0.120328,True,-0.042343,0.474983,0.228710,0.008822,0.037017,0.108383,5.24,20,-0.070036,0.722587,0.666690,-0.067939,0.751794,0.473668,-0.066602,0.722439,0.650690,0.005353,-0.025743,0.014714,0.030131,0.034758,0.007128,-0.119265,0.124431,1.390773,0.484618,0.566548,0.000075,-1.884107,-1.263380,0.057156,0.026174,0.230816,0.000000,0.304559,0.048432,-0.106260,-0.679420,0.397570,-0.078752,-0.084608,0.035520,3.0000,2.0000,2.0000,0.0000,4.0000,29.7164,27.4072,47.2934,-0.2565,17.3674,,,
1786588645468901491,2026-08-13T09:37:25.468925,prediction,-0.033261,0.523000,0.120130,True,-0.039523,0.474310,0.220710,0.006262,0.048690,0.100580,4.95,20,-0.070036,0.722587,0.666690,-0.067759,0.750728,0.474248,-0.064977,0.721497,0.642690,0.004894,-0.028994,0.015770,0.033366,0.034758,0.007128,-0.119265,0.124431,1.390773,0.484618,0.566548,0.000075,-1.884107,-1.263380,0.057156,0.026174,0.230816,0.000000,0.304559,0.048432,-0.106260,-0.679420,0.397570,-0.078752,-0.084608,0.035520,3.0000,2.0000,2.0000,0.0000,4.0000,29.7517,27.4049,47.3155,-0.4196,17.3035,,,
1786588645506293653,2026-08-13T09:37:25.506315,prediction,-0.033639,0.507000,0.123389,True,-0.035195,0.467352,0.212710,0.001556,0.039648,0.089321,4.98,20,-0.063564,0.720483,0.634690,-0.067523,0.749662,0.474868,-0.063564,0.720483,0.634690,0.006293,-0.028452,0.016537,0.033506,0.048455,-0.015754,-0.239566,0.244925,1.390773,0.484618,0.566548,0.000075,-1.884107,-1.263380,0.057156,0.026174,0.230816,0.000000,0.304559,0.048432,-0.106260,-0.679420,0.397570,-0.078752,-0.084608,0.035520,3.0000,2.0000,2.0000,0.0000,4.0000,29.5836,27.8856,47.7036,-1.8932,17.9411,,,
1786588645540566200,2026-08-13T09:37:25.540581,prediction,-0.033143,0.528000,0.122977,True,-0.037846,0.468947,0.204710,0.004703,0.059053,0.081733,4.66,20,-0.063564,0.720483,0.634690,-0.067328,0.749182,0.475455,-0.062845,0.719339,0.626690,0.005449,-0.013382,0.016380,0.021842,0.048455,-0.015754,-0.239566,0.244925,1.390773,0.484618,0.566548,0.000075,-1.884107,-1.263380,0.057156,0.026174,0.230816,0.000000,0.304559,0.048432,-0.106260,-0.679420,0.397570,-0.078752,-0.084608,0.035520,3.0000,2.0000,2.0000,0.0000,4.0000,29.7487,27.7789,47.9778,-1.3655,17.5753,,,
1786588645576855328,2026-08-13T09:37:25.576875,prediction,-0.033521,0.512000,0.123291,True,-0.038834,0.465926,0.196710,0.005313,0.046074,0.073419,5.29,20,-0.062845,0.719339,0.626690,-0.067107,0.748233,0.476064,-0.062095,0.717882,0.618690,0.006395,-0.027510,0.017631,0.033294,0.010526,-0.016760,-0.117158,0.118818,1.390773,0.484618,0.566548,0.000075,-1.884107,-1.263380,0.057156,0.026174,0.230816,0.000000,0.304559,0.048432,-0.106260,-0.679420,0.397570,-0.078752,-0.084608,0.035520,3.0000,2.0000,2.0000,0.0000,4.0000,29.8039,28.1322,47.2457,-2.3782,18.1097,,,
1786588645613883979,2026-08-13T09:37:25.613908,prediction,-0.036479,0.512000,0.123291,True,-0.040962,0.459141,0.188710,0.004483,0.052859,0.065419,6.81,20,-0.061344,0.716002,0.610690,-0.066689,0.747189,0.476672,-0.061344,0.716002,0.610690,0.011771,-0.029385,0.017138,0.035997,0.023309,-0.051805,-0.248401,0.254814,1.382312,0.470277,0.617835,0.000075,-1.942477,-1.255500,0.030976,0.067192,0.278809,0.000000,0.218163,0.032284,-0.090440,-0.628040,0.402218,-0.052608,-0.063456,0.037472,3.0000,2.0000,2.0000,0.0000,4.0000,29.8044,27.5788,47.7904,-1.3725,17.2823,,,
1786588645648517540,2026-08-13T09:37:25.648535,prediction,-0.036479,0.512000,0.123291,True,-0.041207,0.455728,0.180710,0.004728,0.056272,0.057419,4.95,20,-0.061344,0.716002,0.610690,-0.066310,0.746128,0.477255,-0.060646,0.713914,0.602690,0.010270,-0.028719,0.015766,0.034334,0.023309,-0.051805,-0.248401,0.254814,1.381495,0.468395,0.625798,0.000086,-1.948244,-1.254595,0.027925,0.065447,0.288415,0.000000,0.199396,0.032715,-0.111580,-0.621740,0.404957,-0.049376,-0.061344,0.036192,3.0000,2.0000,2.0000,0.0000,4.0000,29.7745,28.2651,47.2570,-3.1005,18.6326,,,
1786588645687815581,2026-08-13T09:37:25.687832,prediction,-0.036606,0.507000,0.123389,True,-0.040764,0.449983,0.173774,0.004158,0.057017,0.050385,8.08,20,-0.061344,0.716002,0.610690,-0.065883,0.745062,0.477870,-0.060017,0.711424,0.594690,0.012035,-0.030086,0.017360,0.036761,0.023309,-0.051805,-0.248401,0.254814,1.380319,0.465449,0.638780,0.000086,-1.956092,-1.253269,0.024429,0.070243,0.299323,0.000000,0.161873,0.026614,-0.086100,-0.621180,0.396657,-0.046976,-0.055776,0.034304,3.0000,2.0000,2.0000,0.0000,4.0000,29.9126,28.3138,47.6590,-3.4066,17.9960,,,
1786588645724104707,2026-08-13T09:37:25.724127,prediction,-0.036606,0.507000,0.126362,True,-0.042116,0.445704,0.168806,0.005511,0.061296,0.042444,5.06,20,-0.061344,0.716002,0.610690,-0.065473,0.744315,0.478672,-0.059659,0.708727,0.586761,0.010427,-0.018976,0.020395,0.029745,0.023309,-0.051805,-0.248401,0.254814,1.379385,0.462424,0.650542,0.000086,-1.961255,-1.252234,0.020940,0.078103,0.284482,0.000000,0.099914,0.023995,-0.097020,-0.671440,0.376239,-0.045024,-0.051328,0.033952,3.0000,2.0000,2.0000,0.0000,4.0000,29.6358,28.4320,46.5747,-5.1125,19.6534,,,
1786588645767030070,2026-08-13T09:37:25.767051,prediction,-0.036353,0.517000,0.126149,True,-0.041973,0.452178,0.162635,0.005620,0.064822,0.036486,4.58,20,-0.059244,0.705683,0.579034,-0.065080,0.743633,0.479460,-0.059244,0.705683,0.579034,0.008932,-0.015502,0.017898,0.025306,0.015691,-0.077123,-0.236610,0.249356,1.379385,0.462424,0.650542,0.000086,-1.961255,-1.252234,0.020940,0.078103,0.284482,0.000000,0.099914,0.023995,-0.097020,-0.671440,0.376239,-0.045024,-0.051328,0.033952,3.0000,2.0000,2.0000,0.0000,4.0000,29.8564,28.3079,47.2542,-3.0502,18.1213,,,
1786588645804207965,2026-08-13T09:37:25.804231,prediction,-0.036479,0.512000,0.126255,True,-0.039292,0.448142,0.159457,0.002812,0.063858,0.033202,5.15,20,-0.059244,0.705683,0.579034,-0.064686,0.743229,0.480053,-0.058977,0.702570,0.571429,0.010870,-0.011112,0.016337,0.022551,0.015691,-0.077123,-0.236610,0.249356,1.379385,0.462424,0.650542,0.000086,-1.961255,-1.252234,0.020940,0.078103,0.284482,0.000000,0.099914,0.023995,-0.097020,-0.671440,0.376239,-0.045024,-0.051328,0.033952,3.0000,2.0000,2.0000,0.0000,4.0000,30.0220,28.7446,47.0924,-3.7073,18.2582,,,
1786588645840574596,2026-08-13T09:37:25.840596,prediction,-0.036479,0.512000,0.126255,True,-0.039703,0.450987,0.155885,0.003224,0.061013,0.029630,5.06,20,-0.058929,0.699645,0.564145,-0.064275,0.742882,0.480658,-0.058929,0.699645,0.564145,0.011226,-0.009497,0.016536,0.022129,0.004742,-0.090902,-0.224126,0.241905,1.379385,0.462424,0.650542,0.000086,-1.961255,-1.252234,0.020940,0.078103,0.284482,0.000000,0.099914,0.023995,-0.097020,-0.671440,0.376239,-0.045024,-0.051328,0.033952,3.0000,2.0000,2.0000,0.0000,4.0000,30.2274,28.7992,46.2926,-2.7814,18.4853,,,
1786588645878072799,2026-08-13T09:37:25.878097,prediction,-0.036353,0.517000,0.129104,True,-0.040834,0.455996,0.155207,0.004481,0.061004,0.026103,8.07,20,-0.058929,0.699645,0.564145,-0.063882,0.742546,0.481446,-0.058914,0.696989,0.557157,0.011637,-0.009945,0.023319,0.027894,0.004742,-0.090902,-0.224126,0.241905,1.377327,0.444241,0.682766,0.000097,-1.951241,-1.250186,0.004796,0.161439,0.148784,0.000000,0.234741,0.005670,-0.070000,-0.683760,0.337229,-0.034624,0.084704,0.032128,3.0000,2.0000,2.0000,0.0000,4.0000,30.6704,30.0168,46.8875,-4.4537,18.7301,,,
1786588645916066509,2026-08-13T09:37:25.916099,prediction,-0.036353,0.517000,0.129104,True,-0.040791,0.461003,0.151957,0.004438,0.055997,0.022852,6.67,20,-0.058929,0.699645,0.564145,-0.063496,0.742479,0.482229,-0.058760,0.694516,0.550657,0.009795,-0.001706,0.019862,0.022211,0.004742,-0.090902,-0.224126,0.241905,1.377268,0.437452,0.687748,0.000108,-1.940095,-1.250003,0.000000,0.176277,0.104277,0.002609,0.315468,0.003051,-0.043400,-0.672280,0.312578,-0.028512,0.087776,0.031680,3.0000,2.0000,2.0000,0.0000,4.0000,30.6988,29.5844,49.1457,-1.7975,15.9132,,,
1786588645957485580,2026-08-13T09:37:25.957509,prediction,-0.039868,0.496000,0.129586,True,-0.040214,0.453003,0.150734,0.000346,0.042997,0.021148,5.43,20,-0.058514,0.692348,0.544473,-0.062883,0.742732,0.482840,-0.058514,0.692348,0.544473,0.014371,0.005936,0.014329,0.021145,0.003110,-0.054646,-0.147323,0.157162,1.377274,0.435335,0.688856,0.000108,-1.936150,-1.249981,0.000000,0.176708,0.085519,0.000000,0.339462,0.000000,-0.004340,-0.688380,0.295895,-0.024672,0.084224,0.030848,3.0000,2.0000,2.0000,0.0000,4.0000,30.8673,29.7045,47.3909,-2.2937,16.3876,,,
1786588645996464883,2026-08-13T09:37:25.996486,prediction,-0.039572,0.507000,0.129334,True,-0.042719,0.460176,0.148376,0.003147,0.046823,0.019042,5.43,20,-0.058514,0.692348,0.544473,-0.062479,0.742516,0.483440,-0.058452,0.690667,0.538742,0.010270,-0.005500,0.015285,0.019218,0.003110,-0.054646,-0.147323,0.157162,1.377274,0.435335,0.688856,0.000108,-1.936150,-1.249981,0.000000,0.176708,0.085519,0.000000,0.339462,0.000000,-0.004340,-0.688380,0.295895,-0.024672,0.084224,0.030848,3.0000,2.0000,2.0000,0.0000,4.0000,30.8294,29.5696,46.1641,-2.2245,16.4973,,,
1786588646040695114,2026-08-13T09:37:26.040720,prediction,-0.039868,0.496000,0.129586,True,-0.042210,0.457964,0.148007,0.002341,0.038036,0.018421,5.35,20,-0.058427,0.689541,0.533386,-0.062039,0.741619,0.484071,-0.058427,0.689541,0.533386,0.009989,-0.020331,0.014295,0.026786,0.001301,-0.042033,-0.166037,0.171279,1.377274,0.435335,0.688856,0.000108,-1.936150,-1.249981,0.000000,0.176708,0.085519,0.000000,0.339462,0.000000,-0.004340,-0.688380,0.295895,-0.024672,0.084224,0.030848,3.0000,2.0000,2.0000,0.0000,4.0000,31.0502,30.1412,45.4862,-3.9103,17.2347,,,
1786588646079495736,2026-08-13T09:37:26.079520,prediction,-0.039572,0.507000,0.132306,True,-0.042554,0.463529,0.149050,0.002982,0.043470,0.016744,5.58,20,-0.058248,0.688444,0.528539,-0.061643,0.741173,0.484665,-0.058248,0.688444,0.528539,0.010263,-0.011573,0.015424,0.021844,0.002695,-0.016505,-0.072924,0.074817,1.380299,0.406901,0.680157,0.000140,-1.871194,-1.252353,0.047558,0.198962,0.208562,0.000000,0.487376,0.045812,0.148680,-0.635460,-0.026311,-0.017600,0.104800,-0.036640,3.0000,2.0000,2.0000,0.0000,4.0000,31.3559,30.4308,45.6274,-3.2026,17.0083,,,
1786588646129573374,2026-08-13T09:37:26.129599,prediction,-0.039141,0.523000,0.131912,True,-0.041888,0.471220,0.147044,0.002747,0.051780,0.015131,7.81,20,-0.058248,0.688444,0.528539,-0.061243,0.740231,0.485261,-0.057757,0.687471,0.524295,0.008399,-0.019797,0.012511,0.024879,0.002695,-0.016505,-0.072924,0.074817,1.380299,0.406901,0.680157,0.000140,-1.871194,-1.252353,0.047558,0.198962,0.208562,0.000000,0.487376,0.045812,0.148680,-0.635460,-0.026311,-0.017600,0.104800,-0.036640,3.0000,2.0000,2.0000,0.0000,4.0000,31.4867,30.4053,45.4690,-1.9367,16.8964,,,
1786588646172311341,2026-08-13T09:37:26.172335,prediction,-0.039303,0.517000,0.132060,True,-0.039598,0.468763,0.147088,0.000295,0.048237,0.015028,7.96,20,-0.057488,0.686987,0.520451,-0.060858,0.740309,0.485845,-0.057488,0.686987,0.520451,0.009112,0.001848,0.013820,0.016656,0.011386,-0.021822,-0.121164,0.123639,1.380299,0.406901,0.680157,0.000140,-1.871194,-1.252353,0.047558,0.198962,0.208562,0.000000,0.487376,0.045812,0.148680,-0.635460,-0.026311,-0.017600,0.104800,-0.036640,3.0000,2.0000,2.0000,0.0000,4.0000,31.6971,30.6212,45.5891,-2.3851,16.8342,,,
1786588646207456622,2026-08-13T09:37:26.207473,prediction,-0.042395,0.512000,0.132183,True,-0.044167,0.470865,0.145484,0.001771,0.041135,0.013301,5.26,20,-0.057488,0.686987,0.520451,-0.060464,0.740591,0.486438,-0.057437,0.686966,0.517143,0.010397,0.007442,0.015626,0.020191,0.011386,-0.021822,-0.121164,0.123639,1.389995,0.378133,0.635226,0.000151,-1.802454,-1.262722,0.089883,0.212493,0.388767,0.000000,0.484757,0.094244,0.155820,-0.607880,0.000249,-0.026112,0.081664,-0.045472,3.0000,2.0000,2.0000,0.0000,4.0000,31.6807,30.7840,45.9946,-3.6010,16.8678,,,
1786588646248298449,2026-08-13T09:37:26.248318,prediction,-0.042853,0.496000,0.132576,True,-0.042704,0.462865,0.147165,0.000149,0.033135,0.014589,6.63,20,-0.057437,0.686966,0.517143,-0.060039,0.740648,0.487057,-0.057223,0.687225,0.514261,0.010602,0.001409,0.015445,0.018787,0.000768,-0.000324,-0.049899,0.049906,1.393628,0.369986,0.619724,0.000151,-1.784744,-1.266495,0.089883,0.197655,0.390514,0.000000,0.412331,0.094244,0.134540,-0.548660,-0.028884,-0.022880,0.081824,-0.046656,3.0000,2.0000,2.0000,0.0000,4.0000,31.7121,29.9856,46.1247,-0.9346,15.6126,,,
1786588646284809326,2026-08-13T09:37:26.284836,prediction,-0.042853,0.496000,0.132576,True,-0.046579,0.465478,0.144721,0.003726,0.030522,0.012145,4.94,20,-0.057124,0.687790,0.512024,-0.059622,0.739806,0.487670,-0.057124,0.687790,0.512024,0.010776,-0.021787,0.015846,0.029015,0.004634,0.012184,-0.075672,0.076786,1.396085,0.364668,0.608660,0.000151,-1.773953,-1.269104,0.086388,0.184568,0.397935,0.000000,0.363899,0.091624,0.113400,-0.522340,-0.013778,-0.020000,0.081152,-0.044704,3.0000,2.0000,2.0000,0.0000,4.0000,31.7967,29.9323,45.4081,-0.9768,15.7859,,,
1786588646323640461,2026-08-13T09:37:26.323662,prediction,-0.042681,0.502000,0.132429,True,-0.046714,0.466672,0.143857,0.004033,0.035328,0.011428,5.39,20,-0.057124,0.687790,0.512024,-0.059217,0.739051,0.488074,-0.056736,0.688423,0.510088,0.010588,-0.019737,0.010573,0.024768,0.004634,0.012184,-0.075672,0.076786,1.400338,0.356089,0.587812,0.000151,-1.757289,-1.273545,0.079847,0.150528,0.401422,0.000000,0.285361,0.078096,0.134540,-0.537180,-0.003652,-0.021440,0.075136,-0.040864,3.0000,2.0000,2.0000,0.0000,4.0000,31.8804,30.3539,46.4718,-1.7976,15.0850,,,
1786588646360788482,2026-08-13T09:37:26.360804,prediction,-0.042395,0.512000,0.132183,True,-0.046129,0.468996,0.144075,0.003734,0.043004,0.011892,6.62,20,-0.056429,0.689376,0.508424,-0.058814,0.738633,0.488476,-0.056429,0.689376,0.508424,0.011055,-0.011462,0.011039,0.019376,0.010552,0.024109,-0.054724,0.060723,1.402599,0.352136,0.576600,0.000151,-1.749689,-1.275647,0.081592,0.135259,0.401422,0.000000,0.266594,0.075477,0.140980,-0.545860,-0.014276,-0.027232,0.070464,-0.042912,3.0000,2.0000,2.0000,0.0000,4.0000,31.9632,30.3102,47.0824,-0.7682,15.0524,,,
1786588646399921125,2026-08-13T09:37:26.399956,prediction,-0.042681,0.502000,0.132429,True,-0.045329,0.462461,0.144594,0.002648,0.039539,0.012166,5.87,20,-0.056429,0.689376,0.508424,-0.058401,0.738016,0.488888,-0.056152,0.690457,0.507187,0.010554,-0.015746,0.010505,0.021672,0.010552,0.024109,-0.054724,0.060723,1.406003,0.346975,0.560347,0.000151,-1.739082,-1.278794,0.089883,0.126099,0.414515,0.000000,0.269645,0.083766,0.167580,-0.544880,-0.012782,-0.033280,0.080384,-0.046208,3.0000,2.0000,2.0000,0.0000,4.0000,31.9846,30.6749,46.9694,-2.1402,15.7809,,,
1786588646435256122,2026-08-13T09:37:26.435277,prediction,-0.042681,0.502000,0.132429,True,-0.046701,0.462156,0.143654,0.004020,0.039844,0.011225,6.59,20,-0.056429,0.689376,0.508424,-0.057987,0.737359,0.489300,-0.055750,0.691661,0.506196,0.011553,-0.018349,0.011500,0.024544,0.010552,0.024109,-0.054724,0.060723,1.409668,0.342349,0.545038,0.000151,-1.728723,-1.282244,0.111261,0.130457,0.437199,0.000000,0.304559,0.107772,0.186620,-0.588980,-0.013612,-0.042464,0.077696,-0.044032,3.0000,2.0000,2.0000,0.0000,4.0000,32.3479,30.6710,45.2712,-0.4474,16.4977,,,
1786588646473322719,2026-08-13T09:37:26.473345,prediction,-0.042681,0.502000,0.132429,True,-0.046998,0.462542,0.143154,0.004317,0.039458,0.010725,7.43,20,-0.056429,0.689376,0.508424,-0.057565,0.736695,0.489521,-0.055283,0.692514,0.505381,0.011666,-0.018378,0.006128,0.022614,0.010552,0.024109,-0.054724,0.060723,1.415182,0.336207,0.525127,0.000151,-1.713805,-1.287655,0.137004,0.148784,0.462947,0.000000,0.372189,0.137005,0.203000,-0.661780,0.011039,-0.053984,0.091680,-0.052928,3.0000,2.0000,2.0000,0.0000,4.0000,32.2834,30.8426,45.7352,-0.6626,16.5531,,,
1786588646513242570,2026-08-13T09:37:26.513266,prediction,-0.042538,0.507000,0.132306,True,-0.046085,0.466851,0.143144,0.003547,0.040149,0.010838,9.21,20,-0.054872,0.693297,0.504577,-0.057153,0.735762,0.489735,-0.054872,0.693297,0.504577,0.010830,-0.024501,0.005605,0.027368,0.011640,0.029307,-0.028759,0.042678,1.420004,0.331091,0.510153,0.000151,-1.700762,-1.292549,0.160133,0.167986,0.470360,0.000000,0.436767,0.164051,0.228340,-0.670740,0.001079,-0.060448,0.092224,-0.053152,3.0000,2.0000,2.0000,0.0000,4.0000,32.2288,30.8087,45.3168,-1.3785,17.2882,,,
1786588646544939951,2026-08-13T09:37:26.544965,prediction,-0.042853,0.496000,0.132576,True,-0.043486,0.458851,0.143916,0.000633,0.037149,0.011339,5.40,20,-0.054872,0.693297,0.504577,-0.056954,0.734775,0.489934,-0.054519,0.693802,0.503990,0.005618,-0.027857,0.005629,0.028970,0.011640,0.029307,-0.028759,0.042678,1.424134,0.326831,0.498836,0.000140,-1.689670,-1.296688,0.181511,0.184568,0.473854,0.000000,0.482580,0.180640,0.228340,-0.659960,-0.001577,-0.063520,0.090784,-0.057440,3.0000,2.0000,2.0000,0.0000,4.0000,32.0836,31.1009,45.6076,-2.6968,17.6275,,,
1786588646578708934,2026-08-13T09:37:26.578730,prediction,-0.045202,0.517000,0.132060,True,-0.047644,0.466851,0.142285,0.002442,0.050149,0.010225,5.25,20,-0.054872,0.693297,0.504577,-0.056579,0.734578,0.490116,-0.054301,0.694252,0.503535,0.011214,-0.005895,0.005430,0.013784,0.011640,0.029307,-0.028759,0.042678,1.432784,0.318063,0.477959,0.000140,-1.666397,-1.305387,0.207253,0.207691,0.477342,0.000000,0.563295,0.210305,0.233380,-0.626500,-0.018094,-0.065408,0.107808,-0.058176,3.0000,2.0000,2.0000,0.0000,4.0000,32.2296,31.3852,44.7717,-2.7353,18.4921,,,
1786588646612800259,2026-08-13T09:37:26.612821,prediction,-0.045202,0.517000,0.132060,True,-0.046947,0.471656,0.142181,0.001745,0.045344,0.010121,5.25,20,-0.053973,0.694698,0.503129,-0.056223,0.735658,0.490281,-0.053973,0.694698,0.503129,0.010406,0.031621,0.004827,0.033637,0.006754,0.010528,-0.010876,0.016575,1.438788,0.312118,0.464457,0.000140,-1.649873,-1.311585,0.219033,0.213800,0.485200,0.000000,0.600829,0.226010,0.197680,-0.623700,0.000581,-0.063904,0.112640,-0.055712,3.0000,2.0000,2.0000,0.0000,4.0000,32.4798,31.5963,44.3040,-2.7474,18.2388,,,
1786588646652524698,2026-08-13T09:37:26.652545,prediction,-0.045505,0.507000,0.132306,True,-0.044770,0.468135,0.142327,0.000735,0.038864,0.010021,4.93,20,-0.053973,0.694698,0.503129,-0.055828,0.736408,0.490281,-0.053657,0.695262,0.502741,0.009793,0.018556,0.000000,0.020981,0.006754,0.010528,-0.010876,0.016575,1.443173,0.307805,0.454806,0.000129,-1.637703,-1.316156,0.218602,0.213800,0.481267,0.000000,0.609118,0.231691,0.199220,-0.574980,-0.007636,-0.062848,0.107648,-0.053440,3.0000,2.0000,2.0000,0.0000,4.0000,32.4207,31.8490,44.8787,-3.7502,18.6413,,,
1786588646689168850,2026-08-13T09:37:26.689190,prediction,-0.045354,0.512000,0.132183,True,-0.046683,0.466817,0.141979,0.001329,0.045183,0.009796,4.91,20,-0.053973,0.694698,0.503129,-0.055413,0.736824,0.490299,-0.053509,0.695799,0.502292,0.011285,0.011350,0.000491,0.016013,0.006754,0.010528,-0.010876,0.016575,1.443173,0.307805,0.454806,0.000129,-1.637703,-1.316156,0.218602,0.213800,0.481267,0.000000,0.609118,0.231691,0.199220,-0.574980,-0.007636,-0.062848,0.107648,-0.053440,3.0000,2.0000,2.0000,0.0000,4.0000,32.2848,31.5198,44.8227,-2.2773,17.7504,,,
1786588646722609085,2026-08-13T09:37:26.722629,prediction,-0.045656,0.502000,0.132429,True,-0.047542,0.466267,0.142488,0.001886,0.035733,0.010059,4.88,20,-0.053973,0.694698,0.503129,-0.054990,0.736374,0.490323,-0.053190,0.696152,0.501955,0.012621,-0.013409,0.000732,0.018429,0.006754,0.010528,-0.010876,0.016575,1.443173,0.307805,0.454806,0.000129,-1.637703,-1.316156,0.218602,0.213800,0.481267,0.000000,0.609118,0.231691,0.199220,-0.574980,-0.007636,-0.062848,0.107648,-0.053440,3.0000,2.0000,2.0000,0.0000,4.0000,32.3852,31.5738,44.7899,-1.6167,17.6423,,,
1786588646760182695,2026-08-13T09:37:26.760204,prediction,-0.047801,0.528000,0.131790,True,-0.050729,0.474267,0.140992,0.002927,0.053733,0.009202,8.62,20,-0.052660,0.696119,0.501648,-0.054629,0.736018,0.490297,-0.052660,0.696119,0.501648,0.010752,-0.010641,-0.000782,0.015147,0.009785,0.010587,-0.011039,0.018157,1.446655,0.304428,0.447155,0.000129,-1.627991,-1.319788,0.215544,0.208997,0.476033,0.000000,0.601260,0.223401,0.195300,-0.584640,0.005395,-0.059904,0.107360,-0.052992,3.0000,2.0000,2.0000,0.0000,4.0000,32.4085,31.7424,44.7374,-1.6986,17.7303,,,
1786588646797232230,2026-08-13T09:37:26.797249,prediction,-0.048312,0.512000,0.132183,True,-0.049249,0.476394,0.141451,0.000937,0.035606,0.009269,8.56,20,-0.052660,0.696119,0.501648,-0.054265,0.735946,0.490271,-0.052223,0.695896,0.501349,0.009776,-0.001916,-0.000704,0.009987,0.009785,0.010587,-0.011039,0.018157,1.471698,0.280456,0.382284,0.000129,-1.550789,-1.345001,0.096423,0.089883,0.380916,0.000000,0.393564,0.099482,0.069020,-0.463120,0.013612,-0.057216,0.086336,-0.035680,3.0000,2.0000,2.0000,0.0000,4.0000,32.4370,31.9404,44.1274,-2.3237,17.8742,,,
1786588646833794347,2026-08-13T09:37:26.833820,prediction,-0.048471,0.507000,0.129334,True,-0.054701,0.478038,0.138229,0.006230,0.028961,0.008895,7.92,20,-0.051786,0.696145,0.500968,-0.053891,0.736786,0.490055,-0.051786,0.696145,0.500968,0.010035,0.022482,-0.005792,0.025292,0.013298,0.000404,-0.010355,0.016858,1.472770,0.279436,0.377756,0.000129,-1.546154,-1.346100,0.084643,0.081592,0.373495,0.000000,0.377427,0.089005,0.078120,-0.434840,0.011205,-0.058496,0.082208,-0.037792,3.0000,2.0000,2.0000,0.0000,4.0000,32.4396,31.9160,43.7588,-2.1116,18.1289,,,
1786588646874448318,2026-08-13T09:37:26.874470,prediction,-0.048312,0.512000,0.129219,True,-0.057706,0.485590,0.137498,0.009395,0.026410,0.008279,5.06,20,-0.051786,0.696145,0.500968,-0.053516,0.737807,0.489841,-0.051245,0.696777,0.500535,0.008639,0.023501,-0.004925,0.025518,0.013298,0.000404,-0.010355,0.016858,1.472770,0.279436,0.377756,0.000129,-1.546154,-1.346100,0.084643,0.081592,0.373495,0.000000,0.377427,0.089005,0.078120,-0.434840,0.011205,-0.058496,0.082208,-0.037792,3.0000,2.0000,2.0000,0.0000,4.0000,32.5084,32.0908,43.6537,-2.8491,18.2923,,,
1786588646914489436,2026-08-13T09:37:26.914506,prediction,-0.048822,0.496000,0.129586,True,-0.056409,0.483893,0.138673,0.007587,0.012107,0.009088,4.95,20,-0.051245,0.696777,0.500535,-0.053087,0.738278,0.489668,-0.050512,0.697573,0.500111,0.010709,0.011770,-0.004327,0.016490,0.008142,0.009503,-0.006508,0.014105,1.472770,0.279436,0.377756,0.000129,-1.546154,-1.346100,0.084643,0.081592,0.373495,0.000000,0.377427,0.089005,0.078120,-0.434840,0.011205,-0.058496,0.082208,-0.037792,3.0000,2.0000,2.0000,0.0000,4.0000,32.5059,32.0812,43.5101,-2.7711,18.3723,,,
1786588646952005663,2026-08-13T09:37:26.952028,prediction,-0.050901,0.523000,0.128967,True,-0.061068,0.491893,0.137348,0.010167,0.031107,0.008381,4.96,20,-0.049827,0.698651,0.499751,-0.052539,0.738905,0.489437,-0.049827,0.698651,0.499751,0.014612,0.016734,-0.006154,0.023053,0.021201,0.028016,-0.011721,0.037037,1.477748,0.275621,0.331732,0.000119,-1.506583,-1.350736,0.004796,0.003489,0.303248,0.000000,0.212924,0.002609,0.076860,-0.270620,0.038595,-0.079808,0.071424,-0.034400,3.0000,2.0000,2.0000,0.0000,4.0000,32.6674,32.3373,42.9546,-3.4600,18.6551,,,
1786588646989769282,2026-08-13T09:37:26.989795,prediction,-0.051806,0.496000,0.129586,True,-0.061434,0.487545,0.138343,0.009627,0.008455,0.008757,4.80,20,-0.049827,0.698651,0.499751,-0.051931,0.738711,0.489247,-0.048778,0.699876,0.499268,0.015934,-0.005094,-0.004964,0.017449,0.021201,0.028016,-0.011721,0.037037,1.477827,0.276006,0.318513,0.000108,-1.497712,-1.350811,0.000000,0.011342,0.297137,0.000000,0.191549,0.002609,0.080780,-0.194320,0.031706,-0.082720,0.067904,-0.032896,3.0000,2.0000,2.0000,0.0000,4.0000,32.5408,32.1406,43.5162,-3.5848,18.5430,,,
1786588647026311848,2026-08-13T09:37:27.026334,prediction,-0.051438,0.507000,0.129334,True,-0.068975,0.487025,0.137402,0.017537,0.019975,0.008069,5.54,20,-0.047795,0.701458,0.498914,-0.051347,0.738938,0.489041,-0.047795,0.701458,0.498914,0.016486,0.006433,-0.005827,0.018631,0.030499,0.042145,-0.012568,0.053520,1.477833,0.276451,0.307836,0.000097,-1.491201,-1.350811,0.000000,0.014831,0.295828,0.000000,0.172351,0.000000,0.053900,-0.193060,0.035275,-0.086496,0.063456,-0.029344,3.0000,2.0000,2.0000,0.0000,4.0000,32.5151,32.3059,44.4858,-4.8709,18.6937,,,
1786588647062342752,2026-08-13T09:37:27.062362,prediction,-0.050733,0.528000,0.128852,True,-0.070560,0.495025,0.137098,0.019827,0.032975,0.008246,6.74,20,-0.047795,0.701458,0.498914,-0.050801,0.739251,0.488811,-0.046330,0.703113,0.498530,0.015084,0.008621,-0.006357,0.018501,0.030499,0.042145,-0.012568,0.053520,1.477827,0.276875,0.299650,0.000086,-1.486609,-1.350811,0.000000,0.016138,0.290155,0.002609,0.158823,0.000000,0.003080,-0.196140,0.033034,-0.087264,0.059008,-0.021376,3.0000,2.0000,2.0000,0.0000,4.0000,32.5379,32.2611,44.8557,-4.1329,18.4840,,,
1786588647102286312,2026-08-13T09:37:27.102308,prediction,-0.051102,0.517000,0.129104,True,-0.064679,0.496679,0.138645,0.013577,0.020321,0.009541,4.89,20,-0.047795,0.701458,0.498914,-0.050251,0.740113,0.488579,-0.044699,0.704777,0.498127,0.013191,0.020687,-0.005552,0.025155,0.030499,0.042145,-0.012568,0.053520,1.477827,0.276875,0.299650,0.000086,-1.486609,-1.350811,0.000000,0.016138,0.290155,0.002609,0.158823,0.000000,0.003080,-0.196140,0.033034,-0.087264,0.059008,-0.021376,3.0000,2.0000,2.0000,0.0000,4.0000,32.8656,32.5971,44.2285,-5.5303,18.7720,,,
1786588647139870637,2026-08-13T09:37:27.139893,prediction,-0.051270,0.512000,0.129219,True,-0.064814,0.492061,0.138282,0.013544,0.019939,0.009063,4.77,20,-0.047795,0.701458,0.498914,-0.049846,0.740819,0.488390,-0.043286,0.706842,0.497776,0.010743,0.018745,-0.005030,0.022183,0.030499,0.042145,-0.012568,0.053520,1.477827,0.276875,0.299650,0.000086,-1.486609,-1.350811,0.000000,0.016138,0.290155,0.002609,0.158823,0.000000,0.003080,-0.196140,0.033034,-0.087264,0.059008,-0.021376,3.0000,2.0000,2.0000,0.0000,4.0000,32.6038,31.8293,47.0134,-1.0650,17.3221,,,
1786588647190941011,2026-08-13T09:37:27.190956,prediction,-0.051270,0.512000,0.129219,True,-0.064243,0.492094,0.139050,0.012974,0.019906,0.009831,5.10,20,-0.042141,0.708758,0.497509,-0.049442,0.740693,0.488200,-0.042141,0.708758,0.497509,0.007908,-0.002454,-0.003703,0.009070,0.042397,0.054735,-0.010533,0.070031,1.477827,0.276875,0.299650,0.000086,-1.486609,-1.350811,0.000000,0.016138,0.290155,0.002609,0.158823,0.000000,0.003080,-0.196140,0.033034,-0.087264,0.059008,-0.021376,3.0000,2.0000,2.0000,0.0000,4.0000,32.6435,31.9171,46.7031,-1.4006,17.7177,,,
1786588647228981355,2026-08-13T09:37:27.229006,prediction,-0.050901,0.523000,0.128967,True,-0.066193,0.500094,0.137092,0.015292,0.022906,0.008125,5.32,20,-0.040988,0.710487,0.497300,-0.049082,0.740402,0.487978,-0.040988,0.710487,0.497300,0.009746,-0.007905,-0.006031,0.013922,0.017277,0.025913,-0.003128,0.031301,1.477827,0.276875,0.299650,0.000086,-1.486609,-1.350811,0.000000,0.016138,0.290155,0.002609,0.158823,0.000000,0.003080,-0.196140,0.033034,-0.087264,0.059008,-0.021376,3.0000,2.0000,2.0000,0.0000,4.0000,32.7209,32.2377,45.5391,-2.5957,18.5520,,,
1786588647273495769,2026-08-13T09:37:27.273520,prediction,-0.050901,0.523000,0.128967,True,-0.062134,0.499594,0.138332,0.011233,0.023406,0.009365,5.16,20,-0.040988,0.710487,0.497300,-0.048712,0.740930,0.487763,-0.039560,0.712111,0.496951,0.008347,0.011925,-0.004839,0.015339,0.017277,0.025913,-0.003128,0.031301,1.477820,0.277222,0.293873,0.000086,-1.483612,-1.350800,0.000000,0.016576,0.287977,0.000000,0.142675,0.000000,-0.035000,-0.203000,0.042330,-0.087392,0.058336,-0.009984,3.0000,2.0000,2.0000,0.0000,4.0000,32.7146,32.1907,45.0108,-1.3955,18.4711,,,
1786588647315091309,2026-08-13T09:37:27.315115,prediction,-0.051270,0.512000,0.129219,True,-0.061273,0.495267,0.138239,0.010003,0.016733,0.009020,5.57,20,-0.040988,0.710487,0.497300,-0.048338,0.741889,0.487549,-0.038530,0.714114,0.496708,0.009095,0.023306,-0.005200,0.025552,0.017277,0.025913,-0.003128,0.031301,1.477820,0.277222,0.293873,0.000086,-1.483612,-1.350800,0.000000,0.016576,0.287977,0.000000,0.142675,0.000000,-0.035000,-0.203000,0.042330,-0.087392,0.058336,-0.009984,3.0000,2.0000,2.0000,0.0000,4.0000,32.5672,32.1437,44.1546,-2.1737,18.6622,,,
1786588647352463739,2026-08-13T09:37:27.352490,prediction,-0.051605,0.502000,0.129448,True,-0.065129,0.491713,0.137339,0.013524,0.010287,0.007890,5.47,20,-0.037614,0.716262,0.496425,-0.048084,0.742081,0.487393,-0.037614,0.716262,0.496425,0.006804,0.005146,-0.004188,0.009503,0.025203,0.043139,-0.006539,0.050388,1.477820,0.277222,0.293873,0.000086,-1.483612,-1.350800,0.000000,0.016576,0.287977,0.000000,0.142675,0.000000,-0.035000,-0.203000,0.042330,-0.087392,0.058336,-0.009984,3.0000,2.0000,2.0000,0.0000,4.0000,32.6748,32.2508,43.9867,-2.2297,18.7231,,,
1786588647400217048,2026-08-13T09:37:27.400242,prediction,-0.051270,0.512000,0.129219,True,-0.064853,0.499713,0.136002,0.013583,0.012287,0.006783,8.49,20,-0.037614,0.716262,0.496425,-0.047887,0.742119,0.487196,-0.036654,0.718209,0.496181,0.004406,0.000857,-0.004414,0.006295,0.025203,0.043139,-0.006539,0.050388,1.477820,0.277222,0.293873,0.000086,-1.483612,-1.350800,0.000000,0.016576,0.287977,0.000000,0.142675,0.000000,-0.035000,-0.203000,0.042330,-0.087392,0.058336,-0.009984,3.0000,2.0000,2.0000,0.0000,4.0000,32.7780,32.7570,42.7288,-4.9112,20.3205,,,
1786588647444790060,2026-08-13T09:37:27.444818,prediction,-0.051605,0.502000,0.129448,True,-0.061960,0.501013,0.135723,0.010355,0.000987,0.006274,10.05,20,-0.035614,0.719719,0.495818,-0.047678,0.741593,0.487203,-0.035614,0.719719,0.495818,0.004883,-0.012286,0.000179,0.013222,0.030164,0.052121,-0.009151,0.060912,1.477820,0.277222,0.293873,0.000086,-1.483612,-1.350800,0.000000,0.016576,0.287977,0.000000,0.142675,0.000000,-0.035000,-0.203000,0.042330,-0.087392,0.058336,-0.009984,3.0000,2.0000,2.0000,0.0000,4.0000,32.8042,32.2987,43.0938,-2.5027,19.8276,,,
1786588647490141122,2026-08-13T09:37:27.490166,prediction,-0.051605,0.502000,0.129448,True,-0.059754,0.493013,0.137126,0.008149,0.008987,0.007678,11.78,20,-0.035130,0.721264,0.495651,-0.047459,0.740955,0.487219,-0.035130,0.721264,0.495651,0.005037,-0.014647,0.000351,0.015493,0.007068,0.022573,-0.002440,0.023780,1.472848,0.287865,0.174562,0.000065,-1.430287,-1.345939,0.023122,0.035778,0.287977,0.000000,0.142675,0.021375,-0.099120,-0.160860,0.028884,-0.089056,0.059776,0.034240,3.0000,2.0000,2.0000,0.0000,4.0000,32.8686,32.5026,43.9246,-2.9585,19.6157,,,
1786588647544570434,2026-08-13T09:37:27.544587,prediction,-0.051270,0.512000,0.129219,True,-0.061596,0.499724,0.135584,0.010327,0.012276,0.006365,11.95,20,-0.034994,0.722729,0.495626,-0.047296,0.740561,0.487194,-0.034994,0.722729,0.495626,0.003101,-0.007493,-0.000465,0.008123,0.002085,0.022381,-0.000379,0.022481,1.471888,0.289544,0.163335,0.000065,-1.424272,-1.344947,0.024429,0.047558,0.271396,0.000000,0.156634,0.027045,-0.101920,-0.140980,0.046480,-0.091168,0.053600,0.035584,3.0000,2.0000,2.0000,0.0000,4.0000,32.7381,32.2617,43.8759,-1.9060,19.7184,,,
1786588647609606463,2026-08-13T09:37:27.609626,prediction,-0.050901,0.523000,0.126021,True,-0.060149,0.507724,0.132476,0.009249,0.015275,0.006455,5.67,20,-0.034994,0.722729,0.495626,-0.047296,0.740482,0.486998,-0.034648,0.723867,0.495420,0.000000,-0.001083,-0.002695,0.002905,0.002085,0.022381,-0.000379,0.022481,1.470228,0.293366,0.147765,0.000054,-1.413762,-1.342834,0.027925,0.068498,0.222964,0.000000,0.174959,0.037523,-0.113680,-0.128240,0.057436,-0.090176,0.058048,0.038144,3.0000,2.0000,2.0000,0.0000,4.0000,32.6843,32.3363,43.7840,-2.7582,19.5391,,,
1786588647661114922,2026-08-13T09:37:27.661136,prediction,-0.051102,0.517000,0.126149,True,-0.056126,0.504111,0.132306,0.005024,0.012889,0.006158,6.21,20,-0.034648,0.723867,0.495420,-0.047343,0.741586,0.486769,-0.034709,0.724848,0.495095,-0.000931,0.021898,-0.004544,0.022384,0.005212,0.017141,-0.003104,0.018183,1.468366,0.297587,0.135825,0.000054,-1.403479,-1.340528,0.039267,0.078103,0.206384,0.000000,0.191107,0.043193,-0.115920,-0.147140,0.062831,-0.088672,0.062848,0.036800,3.0000,2.0000,2.0000,0.0000,4.0000,32.6516,32.3925,43.6018,-3.2927,19.4107,,,
1786588647707766113,2026-08-13T09:37:27.707788,prediction,-0.051102,0.517000,0.126149,True,-0.057068,0.503748,0.131887,0.005966,0.013252,0.005738,6.18,20,-0.034648,0.723867,0.495420,-0.047365,0.742340,0.486556,-0.035063,0.725928,0.494693,-0.000472,0.015928,-0.004484,0.016554,0.005212,0.017141,-0.003104,0.018183,1.466445,0.301226,0.126992,0.000054,-1.394586,-1.338501,0.047120,0.084643,0.197216,0.000000,0.207685,0.048432,-0.143500,-0.146580,0.053701,-0.086560,0.069472,0.037120,3.0000,2.0000,2.0000,0.0000,4.0000,32.3925,31.3906,43.9550,-0.7575,17.8258,,,
1786588647749471867,2026-08-13T09:37:27.749489,prediction,-0.051605,0.502000,0.123488,True,-0.055909,0.495748,0.130052,0.004304,0.006252,0.006565,5.98,20,-0.035857,0.727027,0.494325,-0.047307,0.743024,0.486199,-0.035857,0.727027,0.494325,0.001380,0.016245,-0.008492,0.018382,-0.009021,0.023584,-0.008171,0.026539,1.465433,0.302990,0.123111,0.000054,-1.390242,-1.337488,0.051923,0.088139,0.193291,0.000000,0.221213,0.051040,-0.149660,-0.141260,0.047144,-0.084768,0.065792,0.038688,3.0000,2.0000,2.0000,0.0000,4.0000,32.3926,31.6058,44.2764,-1.0692,17.6777,,,
1786588647799573566,2026-08-13T09:37:27.799594,prediction,-0.051605,0.502000,0.123488,True,-0.057474,0.499409,0.128003,0.005868,0.002591,0.004515,10.85,20,-0.035857,0.727027,0.494325,-0.047273,0.742361,0.485824,-0.036833,0.728111,0.493855,0.000714,-0.014114,-0.007969,0.016224,-0.009021,0.023584,-0.008171,0.026539,1.465433,0.302990,0.123111,0.000054,-1.390242,-1.337488,0.051923,0.088139,0.193291,0.000000,0.221213,0.051040,-0.149660,-0.141260,0.047144,-0.084768,0.065792,0.038688,3.0000,2.0000,2.0000,0.0000,4.0000,32.3412,31.4358,43.4102,-0.9971,17.6623,,,
1786588647841115643,2026-08-13T09:37:27.841134,prediction,-0.051438,0.507000,0.123389,True,-0.055525,0.496850,0.128249,0.004087,0.010150,0.004860,7.85,20,-0.037314,0.728562,0.493146,-0.047262,0.741428,0.485436,-0.037314,0.728562,0.493146,0.000259,-0.021574,-0.008990,0.023374,-0.022193,0.023375,-0.017961,0.036899,1.465433,0.302990,0.123111,0.000054,-1.390242,-1.337488,0.051923,0.088139,0.193291,0.000000,0.221213,0.051040,-0.149660,-0.141260,0.047144,-0.084768,0.065792,0.038688,3.0000,2.0000,2.0000,0.0000,4.0000,32.2951,31.6573,41.3732,-2.7793,18.5413,,,
1786588647883547768,2026-08-13T09:37:27.883563,prediction,-0.051102,0.517000,0.123193,True,-0.052905,0.493567,0.129282,0.001802,0.023433,0.006088,5.65,20,-0.037933,0.728749,0.492477,-0.047273,0.740975,0.485034,-0.037933,0.728749,0.492477,-0.000252,-0.010219,-0.009058,0.013657,-0.009335,0.002826,-0.010083,0.014029,1.464322,0.304813,0.119259,0.000054,-1.385682,-1.336421,0.057156,0.091628,0.193291,0.000000,0.229071,0.056721,-0.160860,-0.154560,0.056606,-0.083104,0.071136,0.039808,3.0000,2.0000,2.0000,0.0000,4.0000,32.4886,31.8478,41.4031,-1.7651,18.2418,,,
1786588647928735423,2026-08-13T09:37:27.928755,prediction,-0.050566,0.533000,0.122879,True,-0.052896,0.501567,0.127250,0.002331,0.031433,0.004371,6.26,20,-0.037933,0.728749,0.492477,-0.047296,0.741151,0.484628,-0.038689,0.729041,0.491826,-0.000513,0.004038,-0.009309,0.010160,-0.009335,0.002826,-0.010083,0.014029,1.451516,0.319239,0.079786,0.000054,-1.339665,-1.325728,0.071994,0.075045,0.236050,0.000000,0.285792,0.067629,-0.100100,-0.168840,0.044903,-0.080640,0.068352,0.042240,3.0000,2.0000,2.0000,0.0000,4.0000,32.4313,32.0174,41.8741,-2.1545,18.2575,,,
1786588647982022833,2026-08-13T09:37:27.982040,prediction,-0.051438,0.507000,0.123389,True,-0.050326,0.495784,0.127484,0.001112,0.011215,0.004094,5.27,20,-0.039575,0.729352,0.491170,-0.047260,0.740867,0.484256,-0.039575,0.729352,0.491170,0.000648,-0.005154,-0.006729,0.008501,-0.024478,0.008987,-0.019485,0.032552,1.451516,0.319239,0.079786,0.000054,-1.339665,-1.325728,0.071994,0.075045,0.236050,0.000000,0.285792,0.067629,-0.100100,-0.168840,0.044903,-0.080640,0.068352,0.042240,3.0000,2.0000,2.0000,0.0000,4.0000,32.4481,32.2732,42.0362,-2.1764,18.5621,,,
1786588648028886592,2026-08-13T09:37:28.028903,prediction,-0.051438,0.507000,0.123389,True,-0.053832,0.493447,0.126662,0.002395,0.013553,0.003273,5.82,20,-0.040362,0.729212,0.490447,-0.047249,0.739956,0.483868,-0.040362,0.729212,0.490447,0.000244,-0.019862,-0.008480,0.021598,-0.011832,-0.002116,-0.010870,0.016206,1.451516,0.319239,0.079786,0.000054,-1.339665,-1.325728,0.071994,0.075045,0.236050,0.000000,0.285792,0.067629,-0.100100,-0.168840,0.044903,-0.080640,0.068352,0.042240,3.0000,2.0000,2.0000,0.0000,4.0000,32.4268,32.4124,41.5542,-3.0839,19.1178,,,
1786588648072569182,2026-08-13T09:37:28.072599,prediction,-0.048152,0.517000,0.123193,True,-0.050838,0.497566,0.126878,0.002686,0.019434,0.003685,10.99,20,-0.040362,0.729212,0.490447,-0.047479,0.739507,0.483451,-0.040859,0.728980,0.489675,-0.005966,-0.011630,-0.010807,0.016960,-0.011832,-0.002116,-0.010870,0.016206,1.450144,0.320742,0.075154,0.000054,-1.333844,-1.324423,0.066754,0.075045,0.230377,0.000000,0.293650,0.064568,-0.111580,-0.176680,0.053369,-0.080640,0.072192,0.040576,3.0000,2.0000,2.0000,0.0000,4.0000,32.4076,32.4455,42.0209,-2.7643,18.5571,,,
1786588648111072719,2026-08-13T09:37:28.111096,prediction,-0.048471,0.507000,0.123389,True,-0.046530,0.494985,0.127194,0.001941,0.012015,0.003805,10.27,20,-0.041811,0.728962,0.488977,-0.047665,0.739151,0.483062,-0.041811,0.728962,0.488977,-0.004696,-0.008970,-0.009781,0.014077,-0.021352,-0.003685,-0.021652,0.030632,1.440722,0.333385,0.036640,0.000054,-1.277048,-1.313450,0.050609,0.071994,0.243470,0.000000,0.366519,0.061949,-0.113960,-0.189700,0.017430,-0.061568,0.080160,0.038464,3.0000,2.0000,2.0000,0.0000,4.0000,32.3356,32.2423,41.7867,-1.8854,18.6817,,,
1786588648155632074,2026-08-13T09:37:28.155651,prediction,-0.048471,0.507000,0.123389,True,-0.046237,0.490800,0.126750,0.002234,0.016200,0.003360,7.05,20,-0.043033,0.728943,0.488390,-0.047874,0.739346,0.482658,-0.043033,0.728943,0.488390,-0.004423,0.004136,-0.008551,0.010478,-0.018698,-0.000288,-0.008988,0.020748,1.439899,0.334515,0.032603,0.000065,-1.271055,-1.312501,0.050609,0.070243,0.256563,0.000000,0.377427,0.059340,-0.119000,-0.204540,0.006225,-0.059616,0.079872,0.039360,3.0000,2.0000,2.0000,0.0000,4.0000,32.3205,32.2338,41.7916,-1.8485,18.6792,,,
1786588648193790555,2026-08-13T09:37:28.193809,prediction,-0.048822,0.496000,0.123605,True,-0.045370,0.483344,0.128023,0.003452,0.012656,0.004418,5.55,20,-0.043033,0.728943,0.488390,-0.048060,0.739652,0.482269,-0.044081,0.728687,0.487792,-0.004686,0.007722,-0.009838,0.013356,-0.018698,-0.000288,-0.008988,0.020748,1.439899,0.334515,0.032603,0.000065,-1.271055,-1.312501,0.050609,0.070243,0.256563,0.000000,0.377427,0.059340,-0.119000,-0.204540,0.006225,-0.059616,0.079872,0.039360,3.0000,2.0000,2.0000,0.0000,4.0000,32.2942,32.5383,42.2217,-2.2051,18.6278,,,
1786588648232342929,2026-08-13T09:37:28.232360,prediction,-0.049173,0.485000,0.123821,True,-0.044484,0.475344,0.128826,0.004689,0.009655,0.005004,5.25,20,-0.045040,0.728160,0.487185,-0.048200,0.739393,0.481909,-0.045040,0.728160,0.487185,-0.003621,-0.006703,-0.009319,0.012037,-0.029910,-0.011660,-0.017958,0.036784,1.439899,0.334515,0.032603,0.000065,-1.271055,-1.312501,0.050609,0.070243,0.256563,0.000000,0.377427,0.059340,-0.119000,-0.204540,0.006225,-0.059616,0.079872,0.039360,3.0000,2.0000,2.0000,0.0000,4.0000,32.1819,32.6676,41.3629,-2.8225,19.4058,,,
1786588648270237912,2026-08-13T09:37:28.270255,prediction,-0.048981,0.491000,0.123703,True,-0.044371,0.477252,0.128233,0.004611,0.013748,0.004529,5.41,20,-0.045040,0.728160,0.487185,-0.048328,0.738222,0.481754,-0.046181,0.727181,0.486735,-0.003310,-0.030307,-0.003996,0.030748,-0.029910,-0.011660,-0.017958,0.036784,1.438873,0.335874,0.027324,0.000065,-1.263348,-1.311337,0.052354,0.066754,0.269649,0.000000,0.388325,0.056721,-0.126140,-0.175420,-0.006557,-0.058880,0.078144,0.039200,3.0000,2.0000,2.0000,0.0000,4.0000,32.2392,32.6792,41.8152,-1.9138,18.8950,,,
1786588648308553387,2026-08-13T09:37:28.308571,prediction,-0.048981,0.491000,0.123703,True,-0.043038,0.472372,0.129541,0.005944,0.018628,0.005838,5.53,20,-0.047233,0.725787,0.486452,-0.048469,0.736601,0.481591,-0.047233,0.725787,0.486452,-0.003689,-0.042298,-0.004254,0.042671,-0.032787,-0.035485,-0.010966,0.049543,1.429498,0.347863,-0.022707,0.000065,-1.197842,-1.302186,0.054105,0.081592,0.316334,0.000000,0.404473,0.053659,-0.119560,-0.180040,0.014525,-0.050592,0.081088,0.037408,3.0000,2.0000,2.0000,0.0000,4.0000,32.4271,33.0586,41.6687,-1.8810,19.3920,,,
1786588648345715059,2026-08-13T09:37:28.345737,prediction,-0.049173,0.485000,0.123821,True,-0.041933,0.464372,0.131043,0.007240,0.020628,0.007222,5.56,20,-0.048105,0.723974,0.486267,-0.048598,0.734890,0.481436,-0.048105,0.723974,0.486267,-0.003482,-0.046321,-0.004201,0.046641,-0.013184,-0.027396,-0.002785,0.030530,1.427773,0.350477,-0.032833,0.000065,-1.184745,-1.300536,0.052354,0.081592,0.314156,0.000000,0.414950,0.051040,-0.106540,-0.167580,0.005893,-0.048160,0.082144,0.040704,3.0000,2.0000,2.0000,0.0000,4.0000,32.5609,33.3440,41.2062,-1.8779,19.7683,,,
1786588648382357067,2026-08-13T09:37:28.382379,prediction,-0.049332,0.480000,0.123919,True,-0.041924,0.456372,0.131478,0.007408,0.023628,0.007559,4.88,20,-0.048105,0.723974,0.486267,-0.048749,0.732841,0.481465,-0.049114,0.721919,0.486211,-0.003985,-0.053884,0.000757,0.054037,-0.013184,-0.027396,-0.002785,0.030530,1.427146,0.351476,-0.036633,0.000075,-1.179819,-1.299922,0.050609,0.083336,0.316334,0.000000,0.412331,0.051040,-0.115920,-0.179480,0.015023,-0.048032,0.085152,0.038976,3.0000,2.0000,2.0000,0.0000,4.0000,32.7612,33.5250,41.1203,-1.8250,19.7832,,,
1786588648420651010,2026-08-13T09:37:28.420673,prediction,-0.048822,0.496000,0.123605,True,-0.043481,0.464372,0.129949,0.005341,0.031628,0.006343,5.08,20,-0.050047,0.719407,0.486306,-0.048935,0.731524,0.481473,-0.050047,0.719407,0.486306,-0.004949,-0.035109,0.000209,0.035457,-0.029008,-0.068235,0.000580,0.074147,1.427146,0.351476,-0.036633,0.000075,-1.179819,-1.299922,0.050609,0.083336,0.316334,0.000000,0.412331,0.051040,-0.115920,-0.179480,0.015023,-0.048032,0.085152,0.038976,3.0000,2.0000,2.0000,0.0000,4.0000,32.5861,33.2171,40.7646,-0.8793,19.8334,,,
1786588648464088882,2026-08-13T09:37:28.464112,prediction,-0.048152,0.517000,0.123193,True,-0.041529,0.472372,0.129692,0.006623,0.044628,0.006498,12.46,20,-0.050047,0.719407,0.486306,-0.049154,0.730941,0.481460,-0.050979,0.717037,0.486436,-0.006175,-0.016445,-0.000369,0.017570,-0.029008,-0.068235,0.000580,0.074147,1.426126,0.353149,-0.042930,0.000075,-1.171562,-1.298909,0.048865,0.083336,0.314156,0.000000,0.412331,0.048863,-0.101360,-0.184660,0.009130,-0.048640,0.079712,0.039744,3.0000,2.0000,2.0000,0.0000,4.0000,32.7515,33.6423,41.1571,-1.2814,20.0113,,,
1786588648495772031,2026-08-13T09:37:28.495796,prediction,-0.049332,0.480000,0.123919,True,-0.036625,0.470447,0.129986,0.012707,0.009553,0.006067,9.13,20,-0.050047,0.719407,0.486306,-0.049272,0.730238,0.481508,-0.051912,0.714830,0.486532,-0.003299,-0.019664,0.001353,0.019985,-0.029008,-0.068235,0.000580,0.074147,1.421174,0.362792,-0.079608,0.000086,-1.123820,-1.293799,0.034465,0.068498,0.306736,0.000000,0.390945,0.032284,-0.090440,-0.217280,0.013612,-0.041248,0.072352,0.034848,3.0000,2.0000,2.0000,0.0000,4.0000,32.6758,33.6178,40.8323,-1.8631,20.2288,,,
1786588648538565935,2026-08-13T09:37:28.538586,prediction,-0.047801,0.528000,0.122977,True,-0.039433,0.472823,0.129111,0.008368,0.055177,0.006134,4.95,20,-0.050047,0.719407,0.486306,-0.049456,0.730097,0.481515,-0.052998,0.712981,0.486579,-0.003981,-0.003039,0.000141,0.005011,-0.029008,-0.068235,0.000580,0.074147,1.419906,0.365249,-0.092039,0.000086,-1.108255,-1.292732,0.029231,0.054105,0.317643,0.000000,0.390513,0.021807,-0.077420,-0.229320,0.007304,-0.038528,0.078752,0.035072,3.0000,2.0000,2.0000,0.0000,4.0000,32.6350,33.5798,41.1435,-1.4657,20.1129,,,
1786588648576338529,2026-08-13T09:37:28.576362,prediction,-0.048631,0.502000,0.123488,True,-0.040524,0.468857,0.130347,0.008107,0.033143,0.006860,5.01,20,-0.053895,0.711305,0.486703,-0.049643,0.729269,0.481521,-0.053895,0.711305,0.486703,-0.004900,-0.021686,0.000171,0.022233,-0.028927,-0.060895,0.002983,0.067482,1.418959,0.366994,-0.103593,0.000086,-1.094069,-1.292031,0.024429,0.042318,0.325063,0.000000,0.396183,0.016137,-0.082040,-0.226520,-0.003652,-0.038688,0.077984,0.034912,3.0000,2.0000,2.0000,0.0000,4.0000,32.5828,33.4982,40.9138,-0.9197,19.5444,,,
1786588648611129282,2026-08-13T09:37:28.611149,prediction,-0.048631,0.502000,0.123488,True,-0.041297,0.462858,0.132014,0.007334,0.039142,0.008527,5.07,20,-0.053895,0.711305,0.486703,-0.049830,0.728837,0.481528,-0.054549,0.709619,0.486894,-0.005375,-0.012416,0.000188,0.013531,-0.028927,-0.060895,0.002983,0.067482,1.417881,0.369137,-0.121571,0.000086,-1.071971,-1.291342,0.016576,0.035778,0.315903,0.000000,0.390513,0.010467,-0.069020,-0.217560,-0.001909,-0.037024,0.077312,0.032800,3.0000,2.0000,2.0000,0.0000,4.0000,32.2830,33.3924,40.5479,-1.9974,19.8019,,,
1786588648650397849,2026-08-13T09:37:28.650415,prediction,-0.048981,0.491000,0.123703,True,-0.041047,0.454858,0.134379,0.007934,0.036142,0.010675,8.96,20,-0.053895,0.711305,0.486703,-0.049775,0.728484,0.481562,-0.055384,0.707846,0.487251,0.001577,-0.010071,0.000970,0.010240,-0.028927,-0.060895,0.002983,0.067482,1.417665,0.369685,-0.126605,0.000086,-1.065719,-1.291201,0.013087,0.034465,0.314156,0.000000,0.390513,0.008289,-0.073080,-0.214480,-0.013114,-0.034016,0.077152,0.033344,3.0000,2.0000,2.0000,0.0000,4.0000,32.4974,33.5171,39.9771,-1.6361,19.1390,,,
1786588648693722542,2026-08-13T09:37:28.693738,prediction,-0.048312,0.512000,0.120328,True,-0.043895,0.462858,0.133120,0.004417,0.049142,0.012793,6.20,20,-0.056037,0.705735,0.487751,-0.049786,0.728146,0.481357,-0.056037,0.705735,0.487751,-0.000224,-0.007108,-0.004302,0.008311,-0.016086,-0.041835,0.007869,0.045507,1.417665,0.369685,-0.126605,0.000086,-1.065719,-1.291201,0.013087,0.034465,0.314156,0.000000,0.390513,0.008289,-0.073080,-0.214480,-0.013114,-0.034016,0.077152,0.033344,3.0000,2.0000,2.0000,0.0000,4.0000,32.6338,33.7211,39.5558,-1.9089,19.0113,,,
1786588648731738029,2026-08-13T09:37:28.731757,prediction,-0.045656,0.502000,0.120507,True,-0.041247,0.457995,0.133750,0.004409,0.044005,0.013243,9.17,20,-0.056037,0.705735,0.487751,-0.049973,0.727812,0.481165,-0.056213,0.703599,0.488146,-0.005509,-0.009808,-0.005640,0.012584,-0.016086,-0.041835,0.007869,0.045507,1.417665,0.369685,-0.126605,0.000086,-1.065719,-1.291201,0.013087,0.034465,0.314156,0.000000,0.390513,0.008289,-0.073080,-0.214480,-0.013114,-0.034016,0.077152,0.033344,3.0000,2.0000,2.0000,0.0000,4.0000,32.3521,33.2894,41.2043,-0.6894,19.4490,,,
1786588648770950273,2026-08-13T09:37:28.770975,prediction,-0.045989,0.491000,0.120705,True,-0.039003,0.449995,0.135737,0.006986,0.041005,0.015032,9.00,20,-0.056546,0.701199,0.488613,-0.050162,0.727479,0.480972,-0.056546,0.701199,0.488613,-0.004826,-0.008521,-0.004940,0.010968,-0.007600,-0.067800,0.012882,0.069430,1.417665,0.369685,-0.126605,0.000086,-1.065719,-1.291201,0.013087,0.034465,0.314156,0.000000,0.390513,0.008289,-0.073080,-0.214480,-0.013114,-0.034016,0.077152,0.033344,3.0000,2.0000,2.0000,0.0000,4.0000,31.9484,33.0046,40.3711,-1.5094,19.5653,,,
1786588648812806087,2026-08-13T09:37:28.812826,prediction,-0.045989,0.491000,0.120705,True,-0.044234,0.443914,0.134413,0.001755,0.047086,0.013708,8.79,20,-0.056970,0.698970,0.489127,-0.050374,0.727145,0.480764,-0.056970,0.698970,0.489127,-0.005018,-0.007881,-0.004912,0.010556,-0.006381,-0.033520,0.007731,0.034987,1.417495,0.370215,-0.131646,0.000097,-1.059489,-1.291061,0.009598,0.032720,0.315903,0.000000,0.387894,0.008289,-0.080780,-0.210420,-0.009130,-0.032672,0.080256,0.032800,3.0000,2.0000,2.0000,0.0000,4.0000,31.9739,33.0342,40.2114,-1.4100,19.5218,,,
1786588648852441509,2026-08-13T09:37:28.852464,prediction,-0.045989,0.491000,0.120705,True,-0.043706,0.440184,0.135397,0.002282,0.050816,0.014693,8.85,20,-0.056970,0.698970,0.489127,-0.050574,0.727079,0.480564,-0.056987,0.696745,0.489499,-0.005059,-0.001691,-0.005069,0.007358,-0.006381,-0.033520,0.007731,0.034987,1.416692,0.376010,-0.191053,0.000108,-0.995719,-1.289908,0.001744,0.037523,0.271396,0.000000,0.258736,0.008289,-0.107240,-0.190960,0.029631,-0.035520,0.063168,0.034624,3.0000,2.0000,2.0000,0.0000,4.0000,31.5705,32.8337,40.2359,-2.1881,19.3235,,,
1786588648892632026,2026-08-13T09:37:28.892648,prediction,-0.045837,0.496000,0.117625,True,-0.042692,0.437816,0.132457,0.003146,0.058184,0.014832,8.91,20,-0.056970,0.698970,0.489127,-0.050784,0.727065,0.480159,-0.057031,0.694522,0.489977,-0.005266,-0.000335,-0.010181,0.011467,-0.006381,-0.033520,0.007731,0.034987,1.416430,0.378101,-0.203001,0.000108,-0.984562,-1.289606,0.010029,0.048865,0.226451,0.000000,0.215543,0.005670,-0.116200,-0.154980,0.031872,-0.037568,0.060000,0.035456,3.0000,2.0000,2.0000,0.0000,4.0000,31.6591,32.9313,40.0988,-1.8606,19.0647,,,
1786588648933370607,2026-08-13T09:37:28.933396,prediction,-0.042996,0.491000,0.117706,True,-0.038821,0.432453,0.133488,0.004175,0.058547,0.015781,8.85,20,-0.056970,0.698970,0.489127,-0.051195,0.727063,0.479751,-0.057054,0.692202,0.490171,-0.010051,-0.000065,-0.009950,0.014144,-0.006381,-0.033520,0.007731,0.034987,1.416051,0.379917,-0.209477,0.000108,-0.978084,-1.289240,0.013087,0.063703,0.182383,0.000000,0.194157,0.016137,-0.097580,-0.148400,0.068475,-0.041760,0.060960,0.037472,3.0000,2.0000,2.0000,0.0000,4.0000,31.3328,32.4426,40.8996,-1.8387,18.9736,,,
1786588648979995266,2026-08-13T09:37:28.980022,prediction,-0.042395,0.512000,0.117364,True,-0.043240,0.435698,0.132822,0.000844,0.076302,0.015458,8.93,20,-0.057261,0.689896,0.490334,-0.051658,0.727649,0.479314,-0.057261,0.689896,0.490334,-0.010024,0.012705,-0.009473,0.018753,-0.002184,-0.067997,0.009048,0.068631,1.416051,0.379917,-0.209477,0.000108,-0.978084,-1.289240,0.013087,0.063703,0.182383,0.000000,0.194157,0.016137,-0.097580,-0.148400,0.068475,-0.041760,0.060960,0.037472,3.0000,2.0000,2.0000,0.0000,4.0000,31.2013,32.3887,40.8648,-2.3415,18.7927,,,
1786588649021556119,2026-08-13T09:37:29.021581,prediction,-0.042853,0.496000,0.117625,True,-0.044556,0.431758,0.132943,0.001703,0.064242,0.015318,8.93,20,-0.057174,0.687905,0.490424,-0.052056,0.728353,0.478916,-0.057174,0.687905,0.490424,-0.009466,0.016744,-0.009484,0.021445,0.001317,-0.029891,0.001345,0.029951,1.416051,0.379917,-0.209477,0.000108,-0.978084,-1.289240,0.013087,0.063703,0.182383,0.000000,0.194157,0.016137,-0.097580,-0.148400,0.068475,-0.041760,0.060960,0.037472,3.0000,2.0000,2.0000,0.0000,4.0000,31.2506,32.4399,40.5283,-2.4906,18.9198,,,
1786588649057045802,2026-08-13T09:37:29.057079,prediction,-0.042996,0.491000,0.114708,True,-0.046469,0.427607,0.130428,0.003473,0.063393,0.015720,8.79,20,-0.057174,0.687905,0.490424,-0.052399,0.728493,0.478350,-0.057102,0.685804,0.490624,-0.009640,0.003948,-0.015864,0.018978,0.001317,-0.029891,0.001345,0.029951,1.416051,0.379917,-0.209477,0.000108,-0.978084,-1.289240,0.013087,0.063703,0.182383,0.000000,0.194157,0.016137,-0.097580,-0.148400,0.068475,-0.041760,0.060960,0.037472,3.0000,2.0000,2.0000,0.0000,4.0000,31.2428,32.5193,40.3713,-2.9404,18.8778,,,
1786588649095535549,2026-08-13T09:37:29.095553,prediction,-0.043625,0.469000,0.115031,True,-0.047540,0.419885,0.131497,0.003915,0.049115,0.016466,8.41,20,-0.056773,0.683645,0.490673,-0.052780,0.728255,0.477757,-0.056773,0.683645,0.490673,-0.009906,-0.006210,-0.015428,0.019357,0.006034,-0.064100,0.003742,0.064492,1.412053,0.395251,-0.218852,0.000097,-0.957258,-1.284087,0.032720,0.088139,0.027919,0.000000,0.053659,0.034903,-0.110880,-0.188440,0.309839,-0.040800,0.042688,0.037344,3.0000,2.0000,2.0000,0.0000,4.0000,31.0166,32.4239,40.0858,-2.8504,19.0451,,,
1786588649129521771,2026-08-13T09:37:29.129543,prediction,-0.042996,0.491000,0.114708,True,-0.049342,0.425342,0.132240,0.006346,0.065658,0.017532,8.56,20,-0.056773,0.683645,0.490673,-0.053100,0.726821,0.477206,-0.056045,0.680928,0.490773,-0.009319,-0.041725,-0.016037,0.045662,0.006034,-0.064100,0.003742,0.064492,1.412053,0.395251,-0.218852,0.000097,-0.957258,-1.284087,0.032720,0.088139,0.027919,0.000000,0.053659,0.034903,-0.110880,-0.188440,0.309839,-0.040800,0.042688,0.037344,3.0000,2.0000,2.0000,0.0000,4.0000,31.2511,32.7167,39.3115,-2.4657,18.4987,,,
1786588649170651618,2026-08-13T09:37:29.170676,prediction,-0.042996,0.491000,0.114708,True,-0.047837,0.424974,0.131963,0.004841,0.066026,0.017255,8.70,20,-0.055385,0.677877,0.490982,-0.053476,0.725947,0.476621,-0.055385,0.677877,0.490982,-0.009247,-0.021504,-0.014409,0.027487,0.020729,-0.086128,0.004618,0.088708,1.412053,0.395251,-0.218852,0.000097,-0.957258,-1.284087,0.032720,0.088139,0.027919,0.000000,0.053659,0.034903,-0.110880,-0.188440,0.309839,-0.040800,0.042688,0.037344,3.0000,2.0000,2.0000,0.0000,4.0000,31.2549,32.7595,39.1814,-2.1415,18.5597,,,
1786588649208689323,2026-08-13T09:37:29.208711,prediction,-0.042996,0.491000,0.117706,True,-0.045888,0.422179,0.134610,0.002892,0.068821,0.016903,8.56,20,-0.055385,0.677877,0.490982,-0.053852,0.725186,0.476235,-0.054897,0.674841,0.491090,-0.009873,-0.020011,-0.010130,0.024505,0.020729,-0.086128,0.004618,0.088708,1.412053,0.395251,-0.218852,0.000097,-0.957258,-1.284087,0.032720,0.088139,0.027919,0.000000,0.053659,0.034903,-0.110880,-0.188440,0.309839,-0.040800,0.042688,0.037344,3.0000,2.0000,2.0000,0.0000,4.0000,31.2825,32.8155,39.3023,-2.1046,18.5881,,,
1786588649243139312,2026-08-13T09:37:29.243163,prediction,-0.042853,0.496000,0.117625,True,-0.045639,0.420943,0.135351,0.002786,0.075057,0.017726,8.90,20,-0.054897,0.674841,0.491090,-0.054260,0.724447,0.475830,-0.054591,0.671894,0.491263,-0.011939,-0.021594,-0.011842,0.027369,0.007335,-0.045671,0.001620,0.046284,1.412053,0.395251,-0.218852,0.000097,-0.957258,-1.284087,0.032720,0.088139,0.027919,0.000000,0.053659,0.034903,-0.110880,-0.188440,0.309839,-0.040800,0.042688,0.037344,3.0000,2.0000,2.0000,0.0000,4.0000,31.5475,33.0655,39.2263,-2.1939,18.6364,,,
1786588649278949366,2026-08-13T09:37:29.278964,prediction,-0.043310,0.480000,0.114869,True,-0.046862,0.422709,0.133005,0.003551,0.057290,0.018135,8.94,20,-0.054285,0.669135,0.491327,-0.054594,0.723712,0.475466,-0.054285,0.669135,0.491327,-0.009214,-0.020297,-0.010056,0.024454,0.009179,-0.085569,0.003566,0.086134,1.412053,0.395251,-0.218852,0.000097,-0.957258,-1.284087,0.032720,0.088139,0.027919,0.000000,0.053659,0.034903,-0.110880,-0.188440,0.309839,-0.040800,0.042688,0.037344,3.0000,2.0000,2.0000,0.0000,4.0000,31.4772,32.9729,39.3926,-2.1186,18.7905,,,
1786588649318972825,2026-08-13T09:37:29.318990,prediction,-0.042996,0.491000,0.117706,True,-0.048726,0.430709,0.134377,0.005730,0.060290,0.016670,8.95,20,-0.054285,0.669135,0.491327,-0.054771,0.722979,0.475280,-0.054087,0.666413,0.491320,-0.004499,-0.018608,-0.004737,0.019721,0.009179,-0.085569,0.003566,0.086134,1.412053,0.395251,-0.218852,0.000097,-0.957258,-1.284087,0.032720,0.088139,0.027919,0.000000,0.053659,0.034903,-0.110880,-0.188440,0.309839,-0.040800,0.042688,0.037344,3.0000,2.0000,2.0000,0.0000,4.0000,31.3808,32.9957,39.0134,-2.7825,18.8963,,,
1786588649359477971,2026-08-13T09:37:29.359497,prediction,-0.043168,0.485000,0.117804,True,-0.047807,0.431277,0.135316,0.004639,0.053723,0.017512,8.49,20,-0.053588,0.663987,0.491361,-0.054959,0.721925,0.475086,-0.053588,0.663987,0.491361,-0.004564,-0.025559,-0.004692,0.026384,0.010405,-0.076906,0.000509,0.077609,1.412053,0.395251,-0.218852,0.000097,-0.957258,-1.284087,0.032720,0.088139,0.027919,0.000000,0.053659,0.034903,-0.110880,-0.188440,0.309839,-0.040800,0.042688,0.037344,3.0000,2.0000,2.0000,0.0000,4.0000,31.6087,33.1727,39.5326,-1.9716,18.6086,,,
1786588649392718968,2026-08-13T09:37:29.392735,prediction,-0.042853,0.496000,0.117625,True,-0.048474,0.430711,0.134922,0.005621,0.065289,0.017297,8.73,20,-0.053588,0.663987,0.491361,-0.055168,0.721715,0.474881,-0.053001,0.662047,0.491333,-0.006376,-0.006425,-0.006262,0.011007,0.010405,-0.076906,0.000509,0.077609,1.412053,0.395251,-0.218852,0.000097,-0.957258,-1.284087,0.032720,0.088139,0.027919,0.000000,0.053659,0.034903,-0.110880,-0.188440,0.309839,-0.040800,0.042688,0.037344,3.0000,2.0000,2.0000,0.0000,4.0000,31.5812,33.0735,39.4798,-2.0913,18.7838,,,
1786588649429853832,2026-08-13T09:37:29.429871,prediction,-0.043168,0.485000,0.117804,True,-0.048508,0.431942,0.134493,0.005340,0.053058,0.016689,8.53,20,-0.052719,0.660630,0.491367,-0.055356,0.721353,0.474687,-0.052719,0.660630,0.491367,-0.004999,-0.009626,-0.005140,0.012003,0.013079,-0.050493,0.000089,0.052160,1.412053,0.395251,-0.218852,0.000097,-0.957258,-1.284087,0.032720,0.088139,0.027919,0.000000,0.053659,0.034903,-0.110880,-0.188440,0.309839,-0.040800,0.042688,0.037344,3.0000,2.0000,2.0000,0.0000,4.0000,31.3745,33.0563,39.7010,-2.4062,19.0334,,,
1786588649463913663,2026-08-13T09:37:29.463930,prediction,-0.046321,0.480000,0.117886,True,-0.052153,0.430521,0.134509,0.005832,0.049479,0.016623,9.05,20,-0.052719,0.660630,0.491367,-0.055324,0.720960,0.474705,-0.052399,0.659673,0.491307,0.000961,-0.011690,0.000519,0.011741,0.013079,-0.050493,0.000089,0.052160,1.412053,0.395251,-0.218852,0.000097,-0.957258,-1.284087,0.032720,0.088139,0.027919,0.000000,0.053659,0.034903,-0.110880,-0.188440,0.309839,-0.040800,0.042688,0.037344,3.0000,2.0000,2.0000,0.0000,4.0000,31.5052,33.1862,39.5913,-1.7427,18.9172,,,
1786588649510428170,2026-08-13T09:37:29.510449,prediction,-0.045989,0.491000,0.117706,True,-0.051702,0.437422,0.134059,0.005713,0.053578,0.016353,8.59,20,-0.051768,0.658976,0.491444,-0.055124,0.720562,0.474705,-0.051768,0.658976,0.491444,0.004255,-0.008498,0.000000,0.009504,0.014220,-0.024736,0.001144,0.028555,1.412053,0.395251,-0.218852,0.000097,-0.957258,-1.284087,0.032720,0.088139,0.027919,0.000000,0.053659,0.034903,-0.110880,-0.188440,0.309839,-0.040800,0.042688,0.037344,3.0000,2.0000,2.0000,0.0000,4.0000,31.4877,33.1551,39.5943,-1.6863,18.8316,,,
1786588649544079671,2026-08-13T09:37:29.544094,prediction,-0.046170,0.485000,0.117804,True,-0.048282,0.437534,0.134028,0.002112,0.047466,0.016224,8.77,20,-0.050909,0.658523,0.491482,-0.054873,0.719895,0.474734,-0.050909,0.658523,0.491482,0.007593,-0.020108,0.000886,0.021512,0.012843,-0.006769,0.000570,0.014529,1.412053,0.395251,-0.218852,0.000097,-0.957258,-1.284087,0.032720,0.088139,0.027919,0.000000,0.053659,0.034903,-0.110880,-0.188440,0.309839,-0.040800,0.042688,0.037344,3.0000,2.0000,2.0000,0.0000,4.0000,31.5025,33.0956,39.7761,-1.9281,18.7260,,,
1786588649581031972,2026-08-13T09:37:29.581061,prediction,-0.045989,0.491000,0.117706,True,-0.049479,0.438591,0.132524,0.003490,0.052409,0.014817,7.64,20,-0.050909,0.658523,0.491482,-0.054664,0.719495,0.474740,-0.050573,0.658525,0.491562,0.005373,-0.010279,0.000140,0.011599,0.012843,-0.006769,0.000570,0.014529,1.412053,0.395251,-0.218852,0.000097,-0.957258,-1.284087,0.032720,0.088139,0.027919,0.000000,0.053659,0.034903,-0.110880,-0.188440,0.309839,-0.040800,0.042688,0.037344,3.0000,2.0000,2.0000,0.0000,4.0000,31.5332,33.0727,39.9136,-2.3639,18.9439,,,
1786588649613930201,2026-08-13T09:37:29.613946,prediction,-0.046321,0.480000,0.117886,True,-0.044628,0.486400,0.117480,0.001693,0.006400,0.000406,0.00,20,-0.050245,0.658796,0.491535,-0.054442,0.718829,0.474952,-0.050245,0.658796,0.491535,0.005305,-0.015953,0.005070,0.017559,0.010043,0.004122,0.000794,0.010885,1.412053,0.395251,-0.218852,0.000097,-0.957258,-1.284087,0.032720,0.088139,0.027919,0.000000,0.053659,0.034903,-0.110880,-0.188440,0.309839,-0.040800,0.042688,0.037344,3.0000,2.0000,2.0000,0.0000,4.0000,31.4681,33.1060,40.3470,-2.9217,19.0392,,,
1786588649660460282,2026-08-13T09:37:29.660482,prediction,-0.045989,0.491000,0.117706,True,-0.044628,0.486400,0.117480,0.001360,0.004600,0.000227,0.00,20,-0.050245,0.658796,0.491535,-0.054442,0.718829,0.474952,-0.050368,0.659215,0.490671,0.005305,-0.015953,0.005070,0.017559,0.010043,0.004122,0.000794,0.010885,1.412053,0.395251,-0.218852,0.000097,-0.957258,-1.284087,0.032720,0.088139,0.027919,0.000000,0.053659,0.034903,-0.110880,-0.188440,0.309839,-0.040800,0.042688,0.037344,3.0000,2.0000,2.0000,0.0000,4.0000,31.6591,33.2794,40.3248,-2.3969,19.2592,,,
1786588649694645854,2026-08-13T09:37:29.694668,prediction,-0.046170,0.485000,0.117804,True,-0.044628,0.486400,0.117480,0.001542,0.001400,0.000325,0.00,20,-0.050562,0.662434,0.489737,-0.054284,0.718695,0.475130,-0.050562,0.662434,0.489737,0.003302,-0.002794,0.003738,0.005717,-0.004719,0.054189,-0.026776,0.060628,1.411537,0.396630,-0.218310,0.000097,-0.956471,-1.283537,0.032283,0.085081,0.037086,0.000000,0.045812,0.035335,-0.117460,-0.204820,0.318969,-0.040192,0.041536,0.038400,3.0000,2.0000,2.0000,0.0000,4.0000,31.6120,33.2393,40.3820,-2.1776,19.4892,,,
1786588649731151154,2026-08-13T09:37:29.731174,prediction,-0.046170,0.485000,0.117804,True,-0.044628,0.486400,0.117480,0.001542,0.001400,0.000325,0.00,20,-0.050562,0.662434,0.489737,-0.054073,0.718349,0.475336,-0.050876,0.666334,0.488753,0.006180,-0.010124,0.006029,0.013306,-0.004719,0.054189,-0.026776,0.060628,1.411537,0.396630,-0.218310,0.000097,-0.956471,-1.283537,0.032283,0.085081,0.037086,0.000000,0.045812,0.035335,-0.117460,-0.204820,0.318969,-0.040192,0.041536,0.038400,3.0000,2.0000,2.0000,0.0000,4.0000,31.4748,33.1223,40.1666,-2.0859,19.3990,,,
1786588649764293312,2026-08-13T09:37:29.764314,prediction,-0.046321,0.480000,0.117886,True,-0.044628,0.486400,0.117480,0.001693,0.006400,0.000406,0.00,20,-0.051090,0.670391,0.487787,-0.053861,0.717959,0.475543,-0.051090,0.670391,0.487787,0.005860,-0.010782,0.005717,0.013538,-0.007899,0.118994,-0.029157,0.122769,1.411537,0.396630,-0.218310,0.000097,-0.956471,-1.283537,0.032283,0.085081,0.037086,0.000000,0.045812,0.035335,-0.117460,-0.204820,0.318969,-0.040192,0.041536,0.038400,3.0000,2.0000,2.0000,0.0000,4.0000,31.6249,33.2943,40.0553,-1.7947,18.8280,,,
1786588649801674624,2026-08-13T09:37:29.801698,prediction,-0.045837,0.496000,0.117625,True,-0.044628,0.486400,0.117480,0.001209,0.009600,0.000145,0.00,20,-0.051090,0.670391,0.487787,-0.053639,0.717561,0.475555,-0.051174,0.674478,0.486645,0.006622,-0.011884,0.000357,0.013609,-0.007899,0.118994,-0.029157,0.122769,1.411537,0.396630,-0.218310,0.000097,-0.956471,-1.283537,0.032283,0.085081,0.037086,0.000000,0.045812,0.035335,-0.117460,-0.204820,0.318969,-0.040192,0.041536,0.038400,3.0000,2.0000,2.0000,0.0000,4.0000,31.5889,33.2468,40.0976,-1.8334,19.0416,,,
1786588649842916601,2026-08-13T09:37:29.842938,prediction,-0.043310,0.480000,0.117886,True,-0.044628,0.486400,0.117480,0.001318,0.006400,0.000406,0.00,20,-0.051241,0.678720,0.485454,-0.053441,0.717162,0.475555,-0.051241,0.678720,0.485454,0.005313,-0.010669,0.000000,0.011918,-0.002291,0.126130,-0.035332,0.131005,1.411537,0.396630,-0.218310,0.000097,-0.956471,-1.283537,0.032283,0.085081,0.037086,0.000000,0.045812,0.035335,-0.117460,-0.204820,0.318969,-0.040192,0.041536,0.038400,3.0000,2.0000,2.0000,0.0000,4.0000,31.5199,33.3498,40.3011,-2.1769,19.0155,,,
1786588649878808828,2026-08-13T09:37:29.878827,prediction,-0.043168,0.485000,0.117804,True,-0.044628,0.486400,0.117480,0.001461,0.001400,0.000325,0.00,20,-0.051390,0.682994,0.484419,-0.053441,0.716495,0.475756,-0.051390,0.682994,0.484419,0.000000,-0.016192,0.004885,0.016913,-0.002241,0.064328,-0.015579,0.066226,1.402318,0.445920,-0.162866,0.000129,-0.962648,-1.274892,0.032283,0.023122,0.001740,0.000000,0.024426,0.034903,0.097020,-0.270900,0.092711,-0.022336,0.045376,-0.035456,3.0000,2.0000,2.0000,0.0000,4.0000,31.5138,33.2796,40.0936,-1.8228,19.2545,,,
1786588649912756208,2026-08-13T09:37:29.912776,prediction,-0.043310,0.480000,0.117886,True,-0.044628,0.486400,0.117480,0.001318,0.006400,0.000406,0.00,20,-0.051390,0.682994,0.484419,-0.053429,0.716042,0.475762,-0.051663,0.687246,0.483293,0.000318,-0.012622,0.000182,0.012628,-0.002241,0.064328,-0.015579,0.066226,1.407721,0.446338,-0.169825,0.000140,-0.956536,-1.280616,0.027487,0.019634,0.057592,0.000000,0.037954,0.029234,0.110320,-0.557900,0.072293,-0.025216,0.043968,-0.034304,3.0000,2.0000,2.0000,0.0000,4.0000,31.5190,33.2169,39.8569,-1.3744,19.1240,,,
1786588649959821170,2026-08-13T09:37:29.959839,prediction,-0.043625,0.469000,0.118065,True,-0.044628,0.486400,0.117480,0.001003,0.017400,0.000586,0.00,20,-0.051390,0.682994,0.484419,-0.053420,0.715685,0.475768,-0.051875,0.691066,0.482103,0.000281,-0.010553,0.000161,0.010558,-0.002241,0.064328,-0.015579,0.066226,1.407721,0.446338,-0.169825,0.000140,-0.956536,-1.280616,0.027487,0.019634,0.057592,0.000000,0.037954,0.029234,0.110320,-0.557900,0.072293,-0.025216,0.043968,-0.034304,3.0000,2.0000,2.0000,0.0000,4.0000,31.4097,33.0264,39.6054,-1.1036,19.0445,,,
1786588649992150329,2026-08-13T09:37:29.992168,prediction,-0.045989,0.491000,0.117706,True,-0.044628,0.486400,0.117480,0.001360,0.004600,0.000227,0.00,20,-0.051390,0.682994,0.484419,-0.053368,0.715026,0.475797,-0.052131,0.694800,0.480941,0.001096,-0.014009,0.000625,0.014066,-0.002241,0.064328,-0.015579,0.066226,1.407721,0.446338,-0.169825,0.000140,-0.956536,-1.280616,0.027487,0.019634,0.057592,0.000000,0.037954,0.029234,0.110320,-0.557900,0.072293,-0.025216,0.043968,-0.034304,3.0000,2.0000,2.0000,0.0000,4.0000,31.7801,33.3897,39.7548,-0.7249,18.0847,,,


============================================================
EXPERIMENT METRICS
  File: experiment_GRU_20260813_093715.csv
  Total samples: 351
  Task completion time: 14.11 s
  --- Prediction Accuracy (over 351 samples) ---
  Avg Inference Time: 6.38 ms
  Mean Squared Error (MSE): 0.021899 m²
  Mean Absolute Error (MAE - 3D): 0.0984 m
      MAE X: 0.0127 m
      MAE Y: 0.0291 m
      MAE Z: 0.0798 m
  --- Trajectory Smoothness (Robot EE) ---
  Mean Jerk (3D): 18.5931 m/s³
      Jerk X: 4.7762 m/s³
      Jerk Y: 11.4535 m/s³
      Jerk Z: 9.6591 m/s³
  Max Jerk (3D): 192.6894 m/s³
  RMS Jerk (3D): 35.8218 m/s³
============================================================
