ros_timestamp_ns,wall_time,trajectory_mode,meas_x,meas_y,meas_z,is_tracked,pred_x,pred_y,pred_z,mae_x,mae_y,mae_z,inference_ms,buffer_size,robot_ee_x,robot_ee_y,robot_ee_z,hand_base_x,hand_base_y,hand_base_z,target_cmd_x,target_cmd_y,target_cmd_z,hand_vel_x,hand_vel_y,hand_vel_z,hand_speed,ee_vel_x,ee_vel_y,ee_vel_z,ee_speed,j1_pos,j2_pos,j3_pos,j4_pos,j5_pos,j6_pos,j1_vel,j2_vel,j3_vel,j4_vel,j5_vel,j6_vel,j1_eff,j2_eff,j3_eff,j4_eff,j5_eff,j6_eff,rula_upper_arm,rula_lower_arm,rula_wrist,rula_twist,rula_total,rula_alpha_s,rula_alpha_c,rula_beta_s,rula_beta_t,rula_gamma_s,adapt_w,adapt_sr,adapt_se
1786591761783636502,2026-08-13T10:29:21.783650,prediction,0.233896,-0.067000,0.094710,True,0.229945,-0.065100,0.094741,0.003951,0.001900,0.000032,0.00,20,-0.161988,0.308957,0.388244,-0.161991,0.308956,0.388249,0.130800,1.131386,0.321388,0.000000,0.000000,0.000000,0.000000,0.000000,0.000000,0.000000,0.000000,1.570761,0.124243,-1.002803,0.000022,-0.385652,-1.879127,0.000000,0.000000,0.000000,0.000000,0.000000,0.000000,-0.001540,-0.158620,0.077771,-0.009984,0.021280,-0.006144,1.0000,2.0000,1.0000,0.0000,2.0000,5.1791,9.2619,48.8934,-9.6590,11.0048,,,
1786591761816046816,2026-08-13T10:29:21.816059,prediction,0.230107,-0.067000,0.094710,True,0.229945,-0.065100,0.094741,0.000162,0.001900,0.000032,0.00,20,-0.161988,0.308957,0.388244,-0.161991,0.308956,0.388249,-0.161991,0.308956,0.388249,0.000000,0.000000,0.000000,0.000000,0.000000,0.000000,0.000000,0.000000,1.570761,0.124243,-1.002803,0.000022,-0.385652,-1.879127,0.000000,0.000000,0.000000,0.000000,0.000000,0.000000,-0.001540,-0.158620,0.077771,-0.009984,0.021280,-0.006144,1.0000,2.0000,1.0000,0.0000,2.0000,5.2786,9.7528,48.4471,-9.5005,10.7508,,,
1786591761851206133,2026-08-13T10:29:21.851231,prediction,0.227892,-0.041000,0.095144,True,0.229945,-0.065100,0.094741,0.002053,0.024100,0.000403,0.00,20,-0.161991,0.308956,0.388249,-0.161991,0.308956,0.388249,-0.161991,0.308956,0.388249,0.000000,0.000000,0.000000,0.000000,-0.000000,-0.000000,0.000001,0.000001,1.570761,0.124243,-1.002803,0.000022,-0.385652,-1.879127,0.000000,0.000000,0.000000,0.000000,0.000000,0.000000,-0.001540,-0.158620,0.077771,-0.009984,0.021280,-0.006144,1.0000,2.0000,1.0000,0.0000,2.0000,5.3813,9.8601,48.4311,-9.2504,10.6072,,,
1786591761885906869,2026-08-13T10:29:21.885929,prediction,0.227211,-0.033000,0.095278,True,0.229945,-0.065100,0.094741,0.002734,0.032100,0.000537,0.00,20,-0.161991,0.308956,0.388249,-0.161991,0.308956,0.388249,-0.161991,0.308956,0.388249,0.000000,0.000000,0.000000,0.000000,-0.000000,-0.000000,0.000001,0.000001,1.570761,0.124243,-1.002803,0.000022,-0.385652,-1.879127,0.000000,0.000000,0.000000,0.000000,0.000000,0.000000,-0.001540,-0.158620,0.077771,-0.009984,0.021280,-0.006144,1.0000,2.0000,1.0000,0.0000,2.0000,5.4032,9.9751,48.3852,-9.3334,10.5377,,,
1786591761917887671,2026-08-13T10:29:21.917911,prediction,0.228659,-0.050000,0.094994,True,0.229945,-0.065100,0.094741,0.001286,0.015100,0.000253,0.00,20,-0.161991,0.308956,0.388249,-0.161991,0.308956,0.388249,-0.161991,0.308956,0.388249,0.000000,0.000000,0.000000,0.000000,0.000000,0.000000,0.000000,0.000000,1.570761,0.124243,-1.002803,0.000022,-0.385652,-1.879127,0.000000,0.000000,0.000000,0.000000,0.000000,0.000000,-0.001540,-0.158620,0.077771,-0.009984,0.021280,-0.006144,1.0000,2.0000,1.0000,0.0000,2.0000,5.6099,10.2380,48.2002,-9.3801,10.5108,,,
1786591761951772299,2026-08-13T10:29:21.951814,prediction,0.230107,-0.067000,0.098506,True,0.229945,-0.065100,0.094741,0.000162,0.001900,0.003765,0.00,20,-0.161991,0.308956,0.388249,-0.161991,0.308956,0.388249,-0.161991,0.308956,0.388249,0.000000,0.000000,0.000000,0.000000,0.000000,0.000000,0.000000,0.000000,1.570761,0.124243,-1.002803,0.000022,-0.385652,-1.879127,0.000000,0.000000,0.000000,0.000000,0.000000,0.000000,-0.001540,-0.157080,0.077439,-0.010144,0.021056,-0.004864,1.0000,2.0000,1.0000,0.0000,2.0000,5.7711,10.2141,48.2179,-9.7294,10.3462,,,
1786591761985787997,2026-08-13T10:29:21.985803,prediction,0.232420,-0.050000,0.098762,True,0.229945,-0.065100,0.094741,0.002475,0.015100,0.004021,0.00,20,-0.161991,0.308956,0.388249,-0.161991,0.308956,0.388249,-0.161991,0.308956,0.388249,0.000000,0.000000,0.000000,0.000000,0.000000,0.000000,0.000000,0.000000,1.570761,0.124243,-1.002803,0.000022,-0.385652,-1.879127,0.000000,0.000000,0.000000,0.000000,0.000000,0.000000,-0.001540,-0.157080,0.077439,-0.010144,0.021056,-0.004864,1.0000,2.0000,1.0000,0.0000,2.0000,5.9268,10.0737,47.9234,-10.2130,10.3636,,,
1786591762019429857,2026-08-13T10:29:22.019444,prediction,0.233896,-0.067000,0.102303,True,0.229945,-0.065100,0.094741,0.003951,0.001900,0.007561,0.00,20,-0.161991,0.308956,0.388249,-0.161991,0.308956,0.388249,-0.161991,0.308956,0.388249,0.000000,0.000000,0.000000,0.000000,0.000000,0.000000,0.000000,0.000000,1.570761,0.124243,-1.002803,0.000022,-0.385652,-1.879127,0.000000,0.000000,0.000000,0.000000,0.000000,0.000000,-0.001540,-0.157080,0.077439,-0.010144,0.021056,-0.004864,1.0000,2.0000,1.0000,0.0000,2.0000,6.0180,10.1542,47.9943,-9.8204,10.1571,,,
1786591762055331953,2026-08-13T10:29:22.055352,prediction,0.233115,-0.058000,0.102423,True,0.229945,-0.065100,0.094741,0.003170,0.007100,0.007682,0.00,20,-0.161991,0.308956,0.388249,-0.161991,0.308956,0.388249,-0.161991,0.308956,0.388249,0.000000,0.000000,0.000000,0.000000,0.000000,0.000000,0.000000,0.000000,1.570761,0.124243,-1.002803,0.000022,-0.385652,-1.879127,0.000000,0.000000,0.000000,0.000000,0.000000,0.000000,-0.001540,-0.157080,0.077439,-0.010144,0.021056,-0.004864,1.0000,2.0000,1.0000,0.0000,2.0000,6.2363,10.3220,48.1753,-9.2814,10.3126,,,
1786591762085756781,2026-08-13T10:29:22.085780,prediction,0.234591,-0.075000,0.106005,True,0.229945,-0.065100,0.094741,0.004646,0.009900,0.011263,0.00,20,-0.161991,0.308956,0.388249,-0.161991,0.308956,0.388249,-0.161991,0.308956,0.388249,0.000000,0.000000,0.000000,0.000000,0.000000,0.000000,0.000000,0.000000,1.570761,0.124243,-1.002803,0.000022,-0.385652,-1.879127,0.000000,0.000000,0.000000,0.000000,0.000000,0.000000,-0.001120,-0.159320,0.078767,-0.010144,0.020928,-0.004736,1.0000,2.0000,1.0000,0.0000,2.0000,6.5483,10.3830,47.9395,-8.6387,10.2892,,,
1786591762118150454,2026-08-13T10:29:22.118175,prediction,0.233115,-0.058000,0.106205,True,0.229945,-0.065100,0.094741,0.003170,0.007100,0.011463,0.00,20,-0.161991,0.308956,0.388249,-0.161991,0.308956,0.388249,-0.161991,0.308956,0.388249,0.000000,0.000000,0.000000,0.000000,0.000000,0.000000,0.000000,0.000000,1.570761,0.124243,-1.002811,0.000022,-0.385663,-1.879127,0.000000,0.000000,0.000000,0.000000,0.002609,0.000000,-0.001540,-0.162960,0.080344,-0.010752,0.021760,-0.006016,1.0000,2.0000,1.0000,0.0000,2.0000,6.7733,10.5524,47.8285,-8.2630,10.4082,,,
1786591762149799108,2026-08-13T10:29:22.149816,prediction,0.236889,-0.058000,0.106205,True,0.229945,-0.065100,0.094741,0.006944,0.007100,0.011463,0.00,20,-0.161991,0.308956,0.388249,-0.161991,0.308956,0.388249,-0.161991,0.308956,0.388249,0.000000,0.000000,0.000000,0.000000,0.000000,0.000000,0.000000,0.000000,1.570761,0.124243,-1.002811,0.000022,-0.385652,-1.879127,0.000000,0.000000,0.000000,0.000000,0.000000,0.000000,-0.001540,-0.162960,0.079680,-0.010752,0.021216,-0.005184,1.0000,2.0000,1.0000,0.0000,2.0000,6.7865,10.5760,47.9512,-8.2071,10.3035,,,
1786591762183669950,2026-08-13T10:29:22.183694,prediction,0.236889,-0.058000,0.106205,True,0.229945,-0.065100,0.094741,0.006944,0.007100,0.011463,0.00,20,-0.161991,0.308956,0.388249,-0.161991,0.308956,0.388249,-0.161991,0.308956,0.388249,0.000000,0.000000,0.000000,0.000000,0.000000,0.000000,0.000000,0.000000,1.570761,0.124243,-1.002811,0.000022,-0.385652,-1.879127,0.000000,0.000000,0.000000,0.000000,0.000000,0.000000,-0.000280,-0.162960,0.079680,-0.010752,0.021888,-0.006080,1.0000,2.0000,1.0000,0.0000,2.0000,6.8403,10.6841,47.9545,-7.3593,10.1461,,,
1786591762219527347,2026-08-13T10:29:22.219545,prediction,0.236181,-0.050000,0.110067,True,0.229945,-0.065100,0.094741,0.006236,0.015100,0.015326,0.00,20,-0.161991,0.308956,0.388249,-0.161991,0.308956,0.388249,-0.161991,0.308956,0.388249,0.000000,0.000000,0.000000,0.000000,0.000000,0.000000,0.000000,0.000000,1.570768,0.124243,-1.002811,0.000022,-0.385652,-1.879138,0.000000,0.000000,0.000000,0.000000,0.000000,0.002609,0.012600,-0.172900,0.089806,0.004288,0.032736,-0.024000,1.0000,2.0000,1.0000,0.0000,2.0000,7.2874,10.7082,47.4733,-6.4498,10.5075,,,
1786591762250778729,2026-08-13T10:29:22.250811,prediction,0.235385,-0.041000,0.110158,True,0.229945,-0.065100,0.094741,0.005440,0.024100,0.015417,0.00,20,-0.161991,0.308956,0.388249,-0.161991,0.308956,0.388249,-0.161991,0.308956,0.388249,0.000000,0.000000,0.000000,0.000000,0.000000,0.000000,0.000000,0.000000,1.570768,0.124243,-1.002803,0.000032,-0.385652,-1.879149,0.000000,0.000000,0.000000,0.000000,0.000000,0.003051,0.017640,-0.176960,0.092545,0.011040,0.037120,-0.031232,1.0000,2.0000,1.0000,0.0000,2.0000,7.6150,11.0668,47.2819,-6.0351,10.4482,,,
1786591762286222884,2026-08-13T10:29:22.286241,prediction,0.234677,-0.033000,0.110239,True,0.229945,-0.065100,0.094741,0.004732,0.032100,0.015498,0.00,20,-0.161991,0.308956,0.388249,-0.161991,0.308956,0.388249,-0.161991,0.308956,0.388249,0.000000,0.000000,0.000000,0.000000,0.000000,0.000000,0.000000,0.000000,1.570768,0.124243,-1.002803,0.000032,-0.385652,-1.879149,0.000000,0.000000,0.000000,0.000000,0.000000,0.003051,0.017640,-0.176960,0.092545,0.011040,0.037120,-0.031232,1.0000,2.0000,1.0000,0.0000,2.0000,7.6748,11.1741,48.1166,-6.1537,10.5785,,,
1786591762320209174,2026-08-13T10:29:22.320228,prediction,0.236181,-0.050000,0.110067,True,0.229945,-0.065100,0.094741,0.006236,0.015100,0.015326,0.00,20,-0.161991,0.308956,0.388249,-0.161991,0.308956,0.388249,-0.161991,0.308956,0.388249,0.000000,0.000000,0.000000,0.000000,0.000000,0.000000,0.000000,0.000000,1.570768,0.124243,-1.002803,0.000032,-0.385652,-1.879149,0.000000,0.000000,0.000000,0.000000,0.000000,0.003051,0.017640,-0.176960,0.092545,0.011040,0.037120,-0.031232,1.0000,2.0000,1.0000,0.0000,2.0000,7.9551,11.4104,48.1955,-6.0038,10.8849,,,
1786591762359408707,2026-08-13T10:29:22.359428,prediction,0.234677,-0.033000,0.113980,True,0.229945,-0.065100,0.094741,0.004732,0.032100,0.019238,0.00,20,-0.161991,0.308956,0.388249,-0.161991,0.308956,0.388249,-0.161991,0.308956,0.388249,0.000000,0.000000,0.000000,0.000000,0.000000,0.000000,0.000000,0.000000,1.570768,0.124243,-1.002803,0.000032,-0.385652,-1.879149,0.000000,0.000000,0.000000,0.000000,0.000000,0.003051,0.017640,-0.176960,0.092545,0.011040,0.037120,-0.031232,1.0000,2.0000,1.0000,0.0000,2.0000,8.1059,11.5495,48.2879,-5.7943,10.9287,,,
1786591762388851266,2026-08-13T10:29:22.388865,prediction,0.236889,-0.058000,0.113768,True,0.229945,-0.065100,0.094741,0.006944,0.007100,0.019027,0.00,20,-0.161991,0.308956,0.388249,-0.161991,0.308956,0.388249,-0.161991,0.308956,0.388249,0.000000,0.000000,0.000000,0.000000,0.000000,0.000000,0.000000,0.000000,1.570768,0.124243,-1.002803,0.000032,-0.385652,-1.879149,0.000000,0.000000,0.000000,0.000000,0.000000,0.003051,0.017640,-0.176960,0.092545,0.011040,0.037120,-0.031232,1.0000,2.0000,1.0000,0.0000,2.0000,8.1142,11.5385,48.8804,-5.7208,10.8687,,,
1786591762425482517,2026-08-13T10:29:22.425502,prediction,0.235385,-0.041000,0.113912,True,0.229945,-0.065100,0.094741,0.005440,0.024100,0.019171,0.00,20,-0.161991,0.308956,0.388249,-0.161991,0.308956,0.388249,-0.161991,0.308956,0.388249,0.000000,0.000000,0.000000,0.000000,0.000000,0.000000,0.000000,0.000000,1.570768,0.124243,-1.002803,0.000032,-0.385652,-1.879149,0.000000,0.000000,0.000000,0.000000,0.000000,0.003051,0.017640,-0.176960,0.092545,0.011040,0.037120,-0.031232,1.0000,2.0000,1.0000,0.0000,2.0000,8.3349,11.8410,49.2285,-6.7618,10.4880,,,
1786591762455420377,2026-08-13T10:29:22.455442,prediction,0.234677,-0.033000,0.117720,True,0.229945,-0.065100,0.094741,0.004732,0.032100,0.022979,0.00,20,-0.161991,0.308956,0.388249,-0.161991,0.308956,0.388249,-0.161991,0.308956,0.388249,0.000000,0.000000,0.000000,0.000000,0.000000,0.000000,0.000000,0.000000,1.570768,0.124243,-1.002803,0.000032,-0.385652,-1.879149,0.000000,0.000000,0.000000,0.000000,0.000000,0.003051,0.017640,-0.176960,0.092545,0.011040,0.037120,-0.031232,1.0000,2.0000,1.0000,0.0000,2.0000,8.4196,11.9408,49.3787,-6.6957,10.6197,,,
1786591762486915542,2026-08-13T10:29:22.486932,prediction,0.236889,-0.058000,0.117550,True,0.229945,-0.065100,0.094741,0.006944,0.007100,0.022808,0.00,20,-0.161991,0.308956,0.388249,-0.161991,0.308956,0.388249,-0.161991,0.308956,0.388249,0.000000,0.000000,0.000000,0.000000,0.000000,0.000000,0.000000,0.000000,1.570990,0.124152,-1.002654,0.002016,-0.384348,-1.881359,0.004796,0.003489,0.005666,0.023995,0.016579,0.029665,0.089460,-0.276780,0.208745,0.005632,0.043808,-0.038080,1.0000,2.0000,1.0000,0.0000,2.0000,8.4010,11.8772,49.5976,-6.8329,10.5305,,,
1786591762520702708,2026-08-13T10:29:22.520722,prediction,0.241474,-0.067000,0.121285,True,0.229945,-0.065100,0.094741,0.011529,0.001900,0.026543,0.00,20,-0.161991,0.308956,0.388249,-0.161991,0.308956,0.388249,-0.161991,0.308956,0.388249,0.000000,0.000000,0.000000,0.000000,0.000000,0.000000,0.000000,0.000000,1.571722,0.123708,-1.001814,0.006090,-0.381631,-1.886026,0.003489,0.001307,0.003487,0.021375,0.013517,0.021807,0.088340,-0.267400,0.202437,0.002912,0.038464,-0.035744,1.0000,2.0000,1.0000,0.0000,2.0000,8.5491,11.9466,50.0695,-6.9864,10.7620,,,
1786591762556549811,2026-08-13T10:29:22.556570,prediction,0.240663,-0.058000,0.125113,True,0.229945,-0.065100,0.094741,0.010718,0.007100,0.030371,0.00,20,-0.161991,0.308956,0.388249,-0.161991,0.308956,0.388249,-0.161991,0.308956,0.388249,0.000000,0.000000,0.000000,0.000000,0.000000,0.000000,0.000000,0.000000,1.571722,0.123708,-1.001814,0.006090,-0.381631,-1.886026,0.003489,0.001307,0.003487,0.021375,0.013517,0.021807,0.088340,-0.267400,0.202437,0.002912,0.038464,-0.035744,1.0000,2.0000,1.0000,0.0000,2.0000,8.6189,11.9104,50.3944,-6.5101,10.4305,,,
1786591762596144694,2026-08-13T10:29:22.596165,prediction,0.238410,-0.033000,0.128941,True,0.224666,-0.057100,0.102741,0.013744,0.024100,0.026199,4.50,20,-0.161991,0.308956,0.388249,-0.161991,0.308956,0.388249,-0.161991,0.308956,0.388249,0.000000,0.000000,0.000000,0.000000,0.000000,0.000000,0.000000,0.000000,1.571722,0.123708,-1.001814,0.006090,-0.381631,-1.886026,0.003489,0.001307,0.003487,0.021375,0.013517,0.021807,0.088340,-0.267400,0.202437,0.002912,0.038464,-0.035744,1.0000,2.0000,1.0000,0.0000,2.0000,8.8885,12.0364,50.3276,-6.6315,10.5112,,,
1786591762635894668,2026-08-13T10:29:22.635910,prediction,0.247650,-0.093000,0.132669,True,0.227750,-0.049100,0.110741,0.019900,0.043900,0.021928,8.90,20,-0.161991,0.308956,0.388249,-0.161991,0.308956,0.388249,-0.161991,0.308956,0.388249,0.000000,0.000000,0.000000,0.000000,0.000000,0.000000,0.000000,0.000000,1.571904,0.123603,-1.001621,0.007157,-0.380931,-1.887266,0.000000,0.000000,0.001740,0.002609,0.002609,0.000000,0.090160,-0.267400,0.200030,0.005184,0.040960,-0.033856,1.0000,2.0000,1.0000,0.0000,2.0000,9.0084,12.2135,50.6006,-6.9072,10.5859,,,
1786591762667159248,2026-08-13T10:29:22.667181,prediction,0.241409,-0.025000,0.136410,True,0.219750,-0.041100,0.118741,0.021659,0.016100,0.017668,7.66,20,-0.161991,0.308956,0.388249,-0.161991,0.308956,0.388249,-0.161991,0.308956,0.388249,0.000000,0.000000,0.000000,0.000000,0.000000,0.000000,0.000000,0.000000,1.571911,0.123597,-1.001621,0.007168,-0.380920,-1.887287,0.000000,0.000000,0.000000,0.000000,0.000000,0.000000,0.088900,-0.265020,0.196710,0.003904,0.039904,-0.032288,1.0000,2.0000,1.0000,0.0000,2.0000,9.3009,12.5310,50.6010,-7.1866,10.8722,,,
1786591762706706644,2026-08-13T10:29:22.706729,prediction,0.245264,-0.067000,0.136471,True,0.211750,-0.033100,0.126741,0.033514,0.033900,0.009729,6.82,20,-0.161991,0.308956,0.388249,-0.161991,0.308956,0.388249,-0.161991,0.308956,0.388249,0.000000,0.000000,0.000000,0.000000,0.000000,0.000000,0.000000,0.000000,1.571918,0.123590,-1.001614,0.007179,-0.380909,-1.887298,0.001744,0.001744,0.000000,0.000000,0.000000,0.000000,0.087640,-0.262220,0.192394,0.003008,0.038976,-0.030848,1.0000,2.0000,1.0000,0.0000,2.0000,9.5778,12.7522,50.7915,-7.4864,10.8539,,,
1786591762740420371,2026-08-13T10:29:22.740442,prediction,0.242143,-0.033000,0.140162,True,0.203750,-0.025100,0.134741,0.038393,0.007900,0.005420,4.46,20,-0.161991,0.308956,0.388249,-0.161991,0.308956,0.388249,-0.161991,0.308956,0.388249,0.000000,0.000000,0.000000,0.000000,0.000000,0.000000,0.000000,0.000000,1.571918,0.123590,-1.001614,0.007179,-0.380909,-1.887298,0.000000,0.000000,0.000000,0.000000,0.000000,0.000000,0.086380,-0.260960,0.192560,0.002688,0.039136,-0.030784,1.0000,2.0000,1.0000,0.0000,2.0000,10.1320,13.2858,50.6886,-7.7929,10.4962,,,
1786591762775728173,2026-08-13T10:29:22.775748,prediction,0.243703,-0.050000,0.143983,True,0.197962,-0.017100,0.142741,0.045741,0.032900,0.001241,4.50,20,-0.161991,0.308956,0.388249,-0.161991,0.308956,0.388249,-0.161991,0.308956,0.388249,0.000000,0.000000,0.000000,0.000000,0.000000,0.000000,0.000000,0.000000,1.571918,0.123590,-1.001614,0.007179,-0.380909,-1.887298,0.000000,0.000000,0.000000,0.000000,0.000000,0.000000,0.086380,-0.260960,0.192560,0.002688,0.039136,-0.030784,1.0000,2.0000,1.0000,0.0000,2.0000,10.7113,14.0075,50.7410,-7.3315,10.0901,,,
1786591762807202826,2026-08-13T10:29:22.807222,prediction,0.241409,-0.025000,0.143864,True,0.190652,-0.009100,0.150297,0.050757,0.015900,0.006433,4.40,20,-0.161991,0.308956,0.388249,-0.161991,0.308956,0.388249,-0.161991,0.308956,0.388249,0.000000,0.000000,0.000000,0.000000,0.000000,0.000000,0.000000,0.000000,1.571918,0.123590,-1.001614,0.007179,-0.380909,-1.887298,0.000000,0.000000,0.000000,0.000000,0.000000,0.000000,0.086380,-0.260960,0.192560,0.002688,0.039136,-0.030784,1.0000,2.0000,1.0000,0.0000,2.0000,11.6016,15.1579,50.4144,-7.2629,9.8351,,,
1786591762839031967,2026-08-13T10:29:22.839056,prediction,0.236157,-0.008000,0.147482,True,0.183753,-0.001100,0.158297,0.052404,0.006900,0.010815,4.44,20,-0.161991,0.308956,0.388249,-0.161991,0.308956,0.388249,-0.161991,0.308956,0.388249,0.000000,0.000000,0.000000,0.000000,0.000000,0.000000,0.000000,0.000000,1.571918,0.123590,-1.001614,0.007179,-0.380909,-1.887298,0.000000,0.000000,0.000000,0.000000,0.000000,0.000000,0.086380,-0.260960,0.192560,0.002688,0.039136,-0.030784,1.0000,2.0000,1.0000,0.0000,2.0000,12.0679,16.0832,49.8381,-8.4155,9.9449,,,
1786591762871121174,2026-08-13T10:29:22.871142,prediction,0.231757,-0.000000,0.147431,True,0.184927,0.006900,0.163532,0.046830,0.006900,0.016101,4.58,20,-0.161991,0.308956,0.388249,-0.161991,0.308956,0.388249,-0.161991,0.308956,0.388249,0.000000,0.000000,0.000000,0.000000,0.000000,0.000000,0.000000,0.000000,1.571918,0.123590,-1.001614,0.007179,-0.380909,-1.887298,0.000000,0.000000,0.000000,0.000000,0.000000,0.000000,0.086380,-0.260960,0.192560,0.002688,0.039136,-0.030784,1.0000,2.0000,1.0000,0.0000,2.0000,14.6174,18.5054,48.4192,-9.4835,9.7888,,,
1786591762916909225,2026-08-13T10:29:22.916929,prediction,0.232465,-0.008000,0.151181,True,0.184217,0.014900,0.169363,0.048248,0.022900,0.018182,4.63,20,-0.161991,0.308956,0.388249,-0.161991,0.308956,0.388249,-0.161991,0.308956,0.388249,0.000000,0.000000,0.000000,0.000000,0.000000,0.000000,0.000000,0.000000,1.571918,0.123590,-1.001614,0.007179,-0.380909,-1.887298,0.000000,0.000000,0.000000,0.000000,0.000000,0.000000,0.086380,-0.260960,0.192560,0.002688,0.039136,-0.030784,1.0000,2.0000,1.0000,0.0000,2.0000,15.2261,19.2917,48.0608,-9.8532,10.5900,,,
1786591762952891390,2026-08-13T10:29:22.952912,prediction,0.226689,0.016000,0.150988,True,0.176711,0.022900,0.170608,0.049978,0.006900,0.019621,4.62,20,-0.161991,0.308956,0.388249,-0.161991,0.308956,0.388249,-0.161991,0.308956,0.388249,0.000000,0.000000,0.000000,0.000000,0.000000,0.000000,0.000000,0.000000,1.571918,0.123590,-1.001614,0.007179,-0.380909,-1.887298,0.000000,0.000000,0.000000,0.000000,0.000000,0.000000,0.086380,-0.260960,0.192560,0.002688,0.039136,-0.030784,2.0000,2.0000,1.0000,0.0000,3.0000,17.6659,21.3692,48.8092,-11.3956,10.9418,,,
1786591762982548745,2026-08-13T10:29:22.982569,prediction,0.228079,-0.000000,0.158488,True,0.174177,0.030900,0.174080,0.053902,0.030900,0.015592,4.20,20,-0.161991,0.308956,0.388249,-0.161991,0.308956,0.388249,-0.161991,0.308956,0.388249,0.000000,0.000000,0.000000,0.000000,0.000000,0.000000,0.000000,0.000000,1.571918,0.123590,-1.001614,0.007179,-0.380909,-1.887298,0.000000,0.000000,0.000000,0.000000,0.000000,0.000000,0.086380,-0.260960,0.192560,0.002688,0.039136,-0.030784,2.0000,2.0000,1.0000,0.0000,3.0000,17.4354,21.3292,49.7822,-10.9820,11.7410,,,
1786591763012160060,2026-08-13T10:29:23.012181,prediction,0.229468,-0.016000,0.158670,True,0.176175,0.037520,0.172667,0.053293,0.053520,0.013997,4.07,20,-0.161991,0.308956,0.388249,-0.161991,0.308956,0.388249,-0.161991,0.308956,0.388249,0.000000,0.000000,0.000000,0.000000,0.000000,0.000000,0.000000,0.000000,1.571918,0.123590,-1.001614,0.007179,-0.380909,-1.887298,0.000000,0.000000,0.000000,0.000000,0.000000,0.000000,0.086380,-0.260960,0.192560,0.002688,0.039136,-0.030784,2.0000,2.0000,1.0000,0.0000,3.0000,17.2548,21.4124,50.5852,-10.1720,10.7523,,,
1786591763052452963,2026-08-13T10:29:23.052473,prediction,0.229468,-0.016000,0.162382,True,0.170833,0.042816,0.177300,0.058635,0.058816,0.014918,4.76,20,-0.161991,0.308956,0.388249,-0.166553,0.325116,0.437537,-0.161991,0.308956,0.388249,-0.113178,0.400888,1.222715,1.291724,0.000000,0.000000,0.000000,0.000000,1.571918,0.123590,-1.001614,0.007179,-0.380909,-1.887298,0.000000,0.000000,0.000000,0.000000,0.000000,0.000000,0.086380,-0.260960,0.192560,0.002688,0.039136,-0.030784,2.0000,2.0000,1.0000,0.0000,3.0000,17.3066,21.3949,50.8525,-10.4874,10.0300,,,
1786591763085496996,2026-08-13T10:29:23.085513,prediction,0.230944,-0.033000,0.166344,True,0.172846,0.043653,0.184032,0.058098,0.076653,0.017688,4.53,20,-0.161991,0.308956,0.388249,-0.165905,0.330588,0.440286,-0.126705,0.340513,0.437744,0.020090,0.169663,0.085226,0.190926,0.000000,0.000000,0.000000,0.000000,1.571918,0.123590,-1.001614,0.007179,-0.380909,-1.887298,0.000000,0.000000,0.000000,0.000000,0.000000,0.000000,0.086380,-0.260960,0.192560,0.002688,0.039136,-0.030784,2.0000,2.0000,1.0000,0.0000,3.0000,17.4301,21.6595,51.2767,-9.8638,10.3415,,,
1786591763118400645,2026-08-13T10:29:23.118423,prediction,0.228773,-0.008000,0.165977,True,0.168032,0.049322,0.184934,0.060741,0.057322,0.018957,4.40,20,-0.122898,0.347696,0.443697,-0.165262,0.333923,0.442755,-0.122898,0.347696,0.443697,0.019504,0.101225,0.074956,0.127458,0.589675,0.584361,0.836385,1.178446,1.571918,0.123590,-1.001614,0.007179,-0.380909,-1.887298,0.000000,0.000000,0.000000,0.000000,0.000000,0.000000,0.086380,-0.260960,0.192560,0.002688,0.039136,-0.030784,2.0000,2.0000,1.0000,0.0000,3.0000,16.9889,21.4205,50.7915,-9.4461,11.2276,,,
1786591763157702507,2026-08-13T10:29:23.157726,prediction,0.228773,-0.008000,0.169676,True,0.170083,0.053858,0.187617,0.058691,0.061858,0.017941,4.74,20,-0.122898,0.347696,0.443697,-0.164004,0.337256,0.445222,-0.119123,0.354933,0.449176,0.032327,0.085632,0.063376,0.111330,0.589675,0.584361,0.836385,1.178446,1.571918,0.123590,-1.001614,0.007179,-0.380909,-1.887298,0.000000,0.000000,0.000000,0.000000,0.000000,0.000000,0.086380,-0.260960,0.192560,0.002688,0.039136,-0.030784,2.0000,2.0000,1.0000,0.0000,3.0000,19.3888,23.1952,48.9751,-14.4818,10.8945,,,
1786591763192237348,2026-08-13T10:29:23.192254,prediction,0.226689,0.016000,0.172944,True,0.165404,0.061858,0.191750,0.061285,0.045858,0.018806,4.19,20,-0.119123,0.354933,0.449176,-0.163023,0.339256,0.447658,-0.115278,0.362056,0.454301,0.027659,0.056373,0.068649,0.093035,0.055843,0.107035,0.081044,0.145407,1.571918,0.123590,-1.001614,0.007179,-0.380909,-1.887298,0.000000,0.000000,0.000000,0.000000,0.000000,0.000000,0.086380,-0.260960,0.192560,0.002688,0.039136,-0.030784,2.0000,2.0000,1.0000,0.0000,3.0000,18.7829,22.9017,49.4962,-13.2224,11.4394,,,
1786591763226411649,2026-08-13T10:29:23.226425,prediction,0.225300,0.032000,0.172656,True,0.162678,0.069858,0.192851,0.062622,0.037858,0.020195,3.91,20,-0.111655,0.368972,0.459169,-0.161692,0.344083,0.450070,-0.111655,0.368972,0.459169,0.038698,0.140344,0.070144,0.161599,0.113938,0.214203,0.152460,0.286546,1.571924,0.123583,-1.001606,0.007190,-0.380898,-1.887287,0.000000,0.000000,0.000000,0.000000,0.000000,0.000000,0.073080,-0.218540,0.158364,-0.003520,0.035456,0.015584,2.0000,2.0000,1.0000,0.0000,3.0000,18.8227,22.9934,49.3811,-12.5359,11.0759,,,
1786591763257700935,2026-08-13T10:29:23.257721,prediction,0.226689,0.016000,0.176603,True,0.170678,0.075086,0.195045,0.056012,0.059086,0.018442,4.50,20,-0.111655,0.368972,0.459169,-0.160662,0.347662,0.452500,-0.108384,0.375846,0.463576,0.034574,0.120093,0.081527,0.149213,0.113938,0.214203,0.152460,0.286546,1.571924,0.123583,-1.001606,0.007190,-0.380898,-1.887287,0.000000,0.000000,0.000000,0.000000,0.000000,0.000000,0.073080,-0.218540,0.158364,-0.003520,0.035456,0.015584,2.0000,2.0000,1.0000,0.0000,3.0000,19.0947,23.2326,49.7565,-12.0501,10.5231,,,
1786591763289901508,2026-08-13T10:29:23.289921,prediction,0.225995,0.024000,0.176446,True,0.166328,0.080869,0.193594,0.059667,0.056869,0.017148,4.18,20,-0.111655,0.368972,0.459169,-0.159481,0.352324,0.454664,-0.106179,0.382712,0.467596,0.035616,0.140657,0.065291,0.159109,0.113938,0.214203,0.152460,0.286546,1.571924,0.123583,-1.001606,0.007190,-0.380898,-1.887287,0.000000,0.000000,0.000000,0.000000,0.000000,0.000000,0.073080,-0.218540,0.158364,-0.003520,0.035456,0.015584,2.0000,2.0000,1.0000,0.0000,3.0000,19.2669,23.2274,50.4806,-12.1259,11.0895,,,
1786591763325583325,2026-08-13T10:29:23.325605,prediction,0.223718,0.008000,0.180432,True,0.168008,0.082295,0.197402,0.055711,0.074295,0.016970,4.58,20,-0.104070,0.389429,0.470986,-0.158302,0.355870,0.457102,-0.104070,0.389429,0.470986,0.033747,0.101461,0.069759,0.127669,0.113306,0.305575,0.176530,0.370644,1.571924,0.123583,-1.001606,0.007190,-0.380898,-1.887287,0.000000,0.000000,0.000000,0.000000,0.000000,0.000000,0.073080,-0.218540,0.158364,-0.003520,0.035456,0.015584,2.0000,2.0000,1.0000,0.0000,3.0000,19.1155,22.9168,50.2674,-12.6508,11.6298,,,
1786591763357948357,2026-08-13T10:29:23.357964,prediction,0.221674,0.032000,0.183555,True,0.166006,0.088236,0.201038,0.055668,0.056236,0.017483,4.41,20,-0.104070,0.389429,0.470986,-0.157336,0.359192,0.459507,-0.102560,0.395997,0.474127,0.029631,0.101965,0.073803,0.129312,0.113306,0.305575,0.176530,0.370644,1.571924,0.123583,-1.001606,0.007190,-0.380898,-1.887287,0.000000,0.000000,0.000000,0.000000,0.000000,0.000000,0.070560,-0.216580,0.157036,-0.004128,0.034848,0.014976,2.0000,2.0000,1.0000,0.0000,3.0000,19.3836,23.1088,49.4458,-14.1934,11.5932,,,
1786591763393184882,2026-08-13T10:29:23.393198,prediction,0.220993,0.040000,0.183371,True,0.170818,0.094589,0.200178,0.050175,0.054589,0.016807,4.73,20,-0.102560,0.395997,0.474127,-0.156618,0.361990,0.461903,-0.101377,0.402185,0.476976,0.020196,0.078738,0.067430,0.105614,0.022695,0.098748,0.047212,0.111783,1.571924,0.123583,-1.001614,0.007190,-0.380898,-1.887276,0.000000,0.000000,0.000000,0.000000,0.000000,0.000000,0.062300,-0.203560,0.144254,-0.006976,0.027456,0.011968,2.0000,2.0000,1.0000,0.0000,3.0000,19.2868,22.8934,48.8973,-13.8185,11.8870,,,
1786591763427333296,2026-08-13T10:29:23.427349,prediction,0.218048,0.032000,0.187188,True,0.174303,0.098071,0.203549,0.043746,0.066071,0.016361,4.38,20,-0.100437,0.408187,0.479419,-0.155657,0.364683,0.464303,-0.100437,0.408187,0.479419,0.028343,0.079411,0.070787,0.110092,0.031872,0.182949,0.079429,0.201978,1.571924,0.123583,-1.001614,0.007190,-0.380898,-1.887276,0.000000,0.000000,0.000000,0.000000,0.000000,0.000000,0.061320,-0.203560,0.144420,-0.006976,0.027168,0.010144,2.0000,2.0000,1.0000,0.0000,3.0000,19.4304,22.7338,48.0781,-14.1308,11.0909,,,
1786591763457688266,2026-08-13T10:29:23.457708,prediction,0.218716,0.024000,0.187384,True,0.175905,0.099257,0.203405,0.042811,0.075257,0.016020,4.44,20,-0.100437,0.408187,0.479419,-0.155126,0.366928,0.466730,-0.099776,0.414064,0.481698,0.017437,0.073657,0.079602,0.109845,0.031872,0.182949,0.079429,0.201978,1.571924,0.123583,-1.001614,0.007190,-0.380898,-1.887276,0.000000,0.000000,0.000000,0.000000,0.000000,0.000000,0.061320,-0.203560,0.144420,-0.006976,0.027168,0.010144,2.0000,2.0000,1.0000,0.0000,3.0000,19.4784,22.5803,48.1756,-14.6393,11.1124,,,
1786591763487024061,2026-08-13T10:29:23.487044,prediction,0.216712,0.048000,0.190401,True,0.173014,0.105006,0.208299,0.043697,0.057006,0.017899,4.08,20,-0.100437,0.408187,0.479419,-0.154368,0.369084,0.468857,-0.099722,0.419676,0.483885,0.025170,0.071601,0.070664,0.103699,0.031872,0.182949,0.079429,0.201978,1.571924,0.123583,-1.001614,0.007190,-0.380898,-1.887276,0.000000,0.000000,0.000000,0.000000,0.000000,0.000000,0.061320,-0.203560,0.144420,-0.006976,0.027168,0.010144,2.0000,2.0000,1.0000,0.0000,3.0000,19.6880,21.9478,47.0469,-14.0007,8.8757,,,
1786591763518216115,2026-08-13T10:29:23.518237,prediction,0.214422,0.032000,0.194453,True,0.174849,0.106405,0.211424,0.039574,0.074404,0.016970,4.50,20,-0.099645,0.424870,0.486166,-0.153365,0.371222,0.471243,-0.099645,0.424870,0.486166,0.033262,0.070892,0.079108,0.111311,0.011569,0.243639,0.098529,0.263062,1.571924,0.123583,-1.001614,0.007190,-0.380898,-1.887276,0.000000,0.000000,0.000000,0.000000,0.000000,0.000000,0.061320,-0.203560,0.144420,-0.006976,0.027168,0.010144,2.0000,2.0000,1.0000,0.0000,3.0000,20.1893,21.6193,45.3879,-14.5699,8.5194,,,
1786591763548816625,2026-08-13T10:29:23.548838,prediction,0.210796,0.032000,0.194453,True,0.170548,0.107524,0.210365,0.040249,0.075524,0.015912,4.23,20,-0.099645,0.424870,0.486166,-0.152120,0.374210,0.473381,-0.099556,0.429862,0.488750,0.039787,0.095493,0.068341,0.123986,0.011569,0.243639,0.098529,0.263062,1.571924,0.123583,-1.001606,0.007190,-0.380898,-1.887276,0.000000,0.000000,0.001740,0.000000,0.000000,0.000000,0.035280,-0.236180,0.164589,-0.008640,0.026112,0.012256,2.0000,2.0000,1.0000,0.0000,3.0000,22.1713,23.3179,45.5266,-16.0102,7.1394,,,
1786591763582341394,2026-08-13T10:29:23.582361,prediction,0.204734,0.063000,0.197171,True,0.162548,0.114619,0.214991,0.042187,0.051619,0.017821,4.33,20,-0.099537,0.434534,0.490954,-0.150373,0.377367,0.475436,-0.099537,0.434534,0.490954,0.052319,0.094545,0.061537,0.124349,0.001654,0.148794,0.073727,0.166066,1.566371,0.117906,-0.995911,0.005519,-0.387980,-1.880151,0.091190,0.091190,0.092931,0.032284,0.121300,0.118680,-0.206080,-0.383740,0.267011,-0.078304,-0.057600,0.049664,2.0000,2.0000,1.0000,0.0000,3.0000,21.6692,22.9758,47.5553,-15.2220,7.4073,,,
1786591763612149777,2026-08-13T10:29:23.612164,prediction,0.197585,0.063000,0.200752,True,0.159171,0.120295,0.219495,0.038413,0.057295,0.018742,4.02,20,-0.099537,0.434534,0.490954,-0.148294,0.382212,0.477754,-0.098851,0.438919,0.493018,0.068702,0.160084,0.076604,0.190302,0.001654,0.148794,0.073727,0.166066,1.562882,0.114436,-0.992453,0.004366,-0.392464,-1.875678,0.120859,0.120859,0.120858,0.037523,0.158823,0.156203,-0.211400,-0.396760,0.288176,-0.084160,-0.065184,0.054496,2.0000,2.0000,1.0000,0.0000,3.0000,21.1584,22.6287,46.2081,-16.0834,9.0706,,,
1786591763649847369,2026-08-13T10:29:23.649861,prediction,0.192905,0.078000,0.200285,True,0.154834,0.127836,0.218551,0.038071,0.049836,0.018266,4.31,20,-0.098260,0.443581,0.495322,-0.145902,0.386968,0.479795,-0.098260,0.443581,0.495322,0.066032,0.131325,0.056350,0.157423,0.018746,0.132788,0.064109,0.148641,1.556544,0.108138,-0.986163,0.002307,-0.400570,-1.867572,0.161439,0.161877,0.161439,0.054101,0.204635,0.207685,-0.224000,-0.411320,0.299879,-0.086944,-0.072800,0.054720,2.0000,2.0000,1.0000,0.0000,3.0000,21.1276,22.5803,46.3982,-15.1941,8.2237,,,
1786591763682996258,2026-08-13T10:29:23.683016,prediction,0.188779,0.086000,0.203579,True,0.151141,0.135469,0.223395,0.037638,0.049469,0.019817,4.21,20,-0.098260,0.443581,0.495322,-0.143375,0.392505,0.481837,-0.097243,0.448299,0.497384,0.074720,0.163723,0.060381,0.189826,0.018746,0.132788,0.064109,0.148641,1.551624,0.103244,-0.981271,0.000722,-0.406909,-1.861266,0.184568,0.182817,0.184131,0.059340,0.242599,0.239980,-0.234920,-0.421540,0.291247,-0.086336,-0.066784,0.054048,2.0000,2.0000,1.0000,0.0000,3.0000,20.7003,22.1828,46.3196,-14.9991,6.4185,,,
1786591763712254045,2026-08-13T10:29:23.712272,prediction,0.184750,0.093000,0.203349,True,0.143746,0.142975,0.224374,0.041004,0.049975,0.021025,4.13,20,-0.096292,0.453188,0.499494,-0.140672,0.397346,0.483883,-0.096292,0.453188,0.499494,0.090290,0.161683,0.068342,0.197393,0.030326,0.148078,0.064306,0.164262,1.545332,0.096939,-0.974996,-0.001315,-0.415069,-1.853106,0.204202,0.205509,0.204637,0.067188,0.266594,0.267025,-0.226240,-0.390880,0.294235,-0.087616,-0.068128,0.055840,2.0000,2.0000,1.0000,0.0000,3.0000,20.0560,21.6014,45.5676,-15.5232,7.1581,,,
1786591763750394050,2026-08-13T10:29:23.750414,prediction,0.181225,0.093000,0.203349,True,0.142273,0.148980,0.224145,0.038952,0.055980,0.020796,4.59,20,-0.096292,0.453188,0.499494,-0.137641,0.402421,0.485666,-0.095030,0.458091,0.501595,0.081982,0.137265,0.048229,0.166999,0.030326,0.148078,0.064306,0.164262,1.537708,0.089354,-0.967412,-0.003730,-0.424899,-1.843264,0.215544,0.214237,0.211618,0.067188,0.277503,0.277503,-0.171360,-0.353640,0.297970,-0.088320,-0.072864,0.053056,2.0000,2.0000,1.0000,0.0000,3.0000,20.1955,21.8749,46.3668,-14.8605,6.7834,,,
1786591763780210699,2026-08-13T10:29:23.780225,prediction,0.181706,0.086000,0.203579,True,0.145948,0.152384,0.224160,0.035757,0.066384,0.020581,4.27,20,-0.093137,0.462972,0.503535,-0.134688,0.407116,0.487475,-0.093137,0.462972,0.503535,0.096098,0.152806,0.058872,0.189869,0.047141,0.146157,0.060372,0.165011,1.531684,0.083382,-0.961442,-0.005648,-0.432628,-1.835557,0.215544,0.212493,0.212057,0.067629,0.274884,0.272264,-0.157360,-0.323820,0.293737,-0.091392,-0.072480,0.054336,2.0000,2.0000,1.0000,0.0000,3.0000,20.8174,22.7647,47.7073,-15.6606,5.6241,,,
1786591763814774392,2026-08-13T10:29:23.814802,prediction,0.172735,0.115000,0.206122,True,0.137948,0.160384,0.225806,0.034787,0.045384,0.019683,4.27,20,-0.093137,0.462972,0.503535,-0.131289,0.412162,0.489188,-0.091778,0.467889,0.505573,0.098001,0.145484,0.049382,0.182232,0.047141,0.146157,0.060372,0.165011,1.523268,0.075300,-0.953047,-0.008279,-0.443364,-1.824821,0.207253,0.192853,0.208562,0.061949,0.264417,0.263975,-0.179480,-0.312480,0.280291,-0.087552,-0.075584,0.050880,2.0000,2.0000,1.0000,0.0000,3.0000,20.5079,22.4162,46.9141,-16.6439,6.1878,,,
1786591763845493894,2026-08-13T10:29:23.845513,prediction,0.173193,0.108000,0.206364,True,0.129948,0.165907,0.226214,0.043245,0.057907,0.019850,4.40,20,-0.089774,0.472686,0.507467,-0.128057,0.417651,0.490708,-0.089774,0.472686,0.507467,0.106464,0.180811,0.050088,0.215722,0.050018,0.144503,0.058477,0.163715,1.518316,0.070883,-0.948073,-0.009701,-0.449703,-1.818537,0.205946,0.176277,0.205945,0.056721,0.263975,0.261356,-0.181020,-0.294420,0.281453,-0.085152,-0.073472,0.053216,2.0000,2.0000,1.0000,0.0000,3.0000,20.2471,22.1986,48.0580,-15.9363,6.5408,,,
1786591763876650985,2026-08-13T10:29:23.876664,prediction,0.165260,0.123000,0.209329,True,0.121948,0.173326,0.228534,0.043312,0.050326,0.019205,4.75,20,-0.089774,0.472686,0.507467,-0.124342,0.423175,0.492439,-0.087370,0.477811,0.509145,0.120799,0.179615,0.056263,0.223650,0.050018,0.144503,0.058477,0.163715,1.509985,0.064441,-0.939716,-0.011652,-0.460407,-1.807941,0.212493,0.148352,0.212057,0.043193,0.272264,0.269645,-0.169820,-0.273980,0.294567,-0.089344,-0.070016,0.052096,2.0000,2.0000,1.0000,0.0000,3.0000,20.0090,21.8905,47.8105,-17.3902,6.9101,,,
1786591763909592881,2026-08-13T10:29:23.909607,prediction,0.164391,0.137000,0.212282,True,0.117656,0.181326,0.231122,0.046735,0.044326,0.018840,5.35,20,-0.084112,0.482978,0.511035,-0.120765,0.429134,0.494112,-0.084112,0.482978,0.511035,0.109858,0.182984,0.051379,0.219526,0.085360,0.155161,0.053805,0.185085,1.503125,0.060155,-0.932854,-0.012903,-0.469278,-1.799231,0.217289,0.122603,0.219470,0.032284,0.283173,0.277503,-0.208600,-0.253260,0.287014,-0.089120,-0.067840,0.052928,2.0000,2.0000,1.0000,0.0000,3.0000,20.6859,22.6300,48.7292,-17.1310,6.9291,,,
1786591763943155266,2026-08-13T10:29:23.943177,prediction,0.161361,0.130000,0.216018,True,0.115048,0.187061,0.234103,0.046313,0.057061,0.018085,5.27,20,-0.084112,0.482978,0.511035,-0.116941,0.435552,0.496021,-0.080336,0.488211,0.512874,0.112558,0.188937,0.056193,0.226989,0.085360,0.155161,0.053805,0.185085,1.496957,0.057058,-0.926675,-0.013754,-0.477255,-1.791437,0.223835,0.101225,0.222964,0.027045,0.288412,0.280122,-0.208600,-0.225960,0.295729,-0.085888,-0.067680,0.054336,2.0000,2.0000,1.0000,0.0000,3.0000,20.7269,22.5566,48.9238,-17.3409,7.1864,,,
1786591763976426235,2026-08-13T10:29:23.976444,prediction,0.157897,0.130000,0.219489,True,0.109032,0.191649,0.235478,0.048866,0.061648,0.015989,4.34,20,-0.076279,0.493697,0.514920,-0.113020,0.442062,0.497960,-0.076279,0.493697,0.514920,0.115242,0.191346,0.056995,0.230527,0.117552,0.160860,0.058296,0.207588,1.496957,0.057058,-0.926675,-0.013754,-0.477255,-1.791437,0.223835,0.101225,0.222964,0.027045,0.288412,0.280122,-0.208600,-0.225960,0.295729,-0.085888,-0.067680,0.054336,2.0000,2.0000,1.0000,0.0000,3.0000,19.9909,21.6981,51.2810,-13.5608,6.7904,,,
1786591764012377894,2026-08-13T10:29:24.012396,prediction,0.154433,0.130000,0.222960,True,0.107081,0.195319,0.238264,0.047352,0.065319,0.015304,4.54,20,-0.076279,0.493697,0.514920,-0.109021,0.448591,0.499860,-0.072013,0.499478,0.516732,0.115999,0.189365,0.055122,0.228809,0.117552,0.160860,0.058296,0.207588,1.496957,0.057058,-0.926675,-0.013754,-0.477255,-1.791437,0.223835,0.101225,0.222964,0.027045,0.288412,0.280122,-0.208600,-0.225960,0.295729,-0.085888,-0.067680,0.054336,2.0000,2.0000,1.0000,0.0000,3.0000,19.3428,20.7571,51.1911,-12.2631,6.4024,,,
1786591764044437959,2026-08-13T10:29:24.044467,prediction,0.149026,0.165000,0.224877,True,0.099664,0.203319,0.238928,0.049362,0.038319,0.014052,4.41,20,-0.067495,0.505255,0.518522,-0.104903,0.455123,0.501889,-0.067495,0.505255,0.518522,0.125824,0.199595,0.061971,0.243947,0.132057,0.173763,0.054145,0.224865,1.496957,0.057058,-0.926675,-0.013754,-0.477255,-1.791437,0.223835,0.101225,0.222964,0.027045,0.288412,0.280122,-0.208600,-0.225960,0.295729,-0.085888,-0.067680,0.054336,1.0000,2.0000,1.0000,0.0000,2.0000,19.0264,19.9610,51.4982,-11.5243,7.5491,,,
1786591764075067213,2026-08-13T10:29:24.075091,prediction,0.144111,0.193000,0.227000,True,0.098431,0.211319,0.239661,0.045681,0.018319,0.012660,4.73,20,-0.067495,0.505255,0.518522,-0.100861,0.463523,0.503877,-0.062770,0.511152,0.520426,0.129548,0.269251,0.063744,0.305519,0.132057,0.173763,0.054145,0.224865,1.496957,0.057058,-0.926675,-0.013754,-0.477255,-1.791437,0.223835,0.101225,0.222964,0.027045,0.288412,0.280122,-0.208600,-0.225960,0.295729,-0.085888,-0.067680,0.054336,1.0000,2.0000,1.0000,0.0000,2.0000,18.7949,18.8850,51.9916,-11.0040,8.0620,,,
1786591764119517373,2026-08-13T10:29:24.119535,prediction,0.141847,0.172000,0.227967,True,0.102668,0.219319,0.237416,0.039179,0.047319,0.009448,4.26,20,-0.058495,0.517441,0.522070,-0.097145,0.471016,0.505692,-0.058495,0.517441,0.522070,0.084101,0.169599,0.041064,0.193709,0.135520,0.183495,0.053437,0.234290,1.453620,0.048166,-0.882243,-0.014983,-0.534385,-1.738058,0.230382,0.017889,0.267902,0.000000,0.342513,0.266594,-0.158620,-0.213500,0.331336,-0.069120,-0.084320,0.048256,1.0000,2.0000,1.0000,0.0000,2.0000,18.6428,18.7311,53.1857,-11.1953,8.3211,,,
1786591764148422204,2026-08-13T10:29:24.148438,prediction,0.133737,0.199000,0.230081,True,0.094668,0.227319,0.236553,0.039068,0.028319,0.006472,4.21,20,-0.058495,0.517441,0.522070,-0.093201,0.479448,0.507678,-0.054729,0.523856,0.523265,0.134730,0.288003,0.067848,0.325117,0.135520,0.183495,0.053437,0.234290,1.448308,0.047807,-0.875678,-0.014972,-0.542793,-1.732065,0.213800,0.011342,0.277069,0.000000,0.350371,0.234310,-0.154980,-0.204540,0.342375,-0.061056,-0.087488,0.049312,1.0000,2.0000,1.0000,0.0000,2.0000,18.6267,19.0116,53.1477,-12.2054,7.9963,,,
1786591764177369122,2026-08-13T10:29:24.177388,prediction,0.126397,0.213000,0.229413,True,0.086668,0.235319,0.235267,0.039729,0.022319,0.005854,4.29,20,-0.050717,0.530420,0.524465,-0.089042,0.487588,0.509400,-0.050717,0.530420,0.524465,0.143788,0.281425,0.059546,0.321591,0.116841,0.194977,0.035976,0.230135,1.448308,0.047807,-0.875678,-0.014972,-0.542793,-1.732065,0.213800,0.011342,0.277069,0.000000,0.350371,0.234310,-0.154980,-0.204540,0.342375,-0.061056,-0.087488,0.049312,1.0000,2.0000,1.0000,0.0000,2.0000,18.6438,19.2981,53.2081,-12.3885,7.9987,,,
1786591764211758385,2026-08-13T10:29:24.211772,prediction,0.122498,0.226000,0.232105,True,0.086464,0.243319,0.236419,0.036034,0.017319,0.004314,4.17,20,-0.050717,0.530420,0.524465,-0.084892,0.495990,0.511317,-0.046419,0.537039,0.525257,0.120192,0.243311,0.055521,0.277000,0.116841,0.194977,0.035976,0.230135,1.448308,0.047807,-0.875678,-0.014972,-0.542793,-1.732065,0.213800,0.011342,0.277069,0.000000,0.350371,0.234310,-0.154980,-0.204540,0.342375,-0.061056,-0.087488,0.049312,1.0000,2.0000,1.0000,0.0000,2.0000,18.7856,19.5822,54.0887,-11.2804,8.2635,,,
1786591764243348599,2026-08-13T10:29:24.243370,prediction,0.119192,0.226000,0.232105,True,0.087077,0.251319,0.234919,0.032115,0.025319,0.002814,4.53,20,-0.042600,0.543688,0.526060,-0.080756,0.504763,0.513235,-0.042600,0.543688,0.526060,0.135340,0.287127,0.062739,0.323566,0.120674,0.197248,0.023705,0.232446,1.448308,0.047807,-0.875678,-0.014972,-0.542793,-1.732065,0.213800,0.011342,0.277069,0.000000,0.350371,0.234310,-0.154980,-0.204540,0.342375,-0.061056,-0.087488,0.049312,1.0000,2.0000,1.0000,0.0000,2.0000,18.8630,19.2375,55.0278,-11.2935,9.0340,,,
1786591764273954117,2026-08-13T10:29:24.273973,prediction,0.115073,0.246000,0.234397,True,0.079077,0.259319,0.236833,0.035996,0.013319,0.002435,4.24,20,-0.042600,0.543688,0.526060,-0.076314,0.513611,0.515289,-0.038921,0.550369,0.526778,0.142924,0.284680,0.066104,0.325330,0.120674,0.197248,0.023705,0.232446,1.448308,0.047807,-0.875678,-0.014972,-0.542793,-1.732065,0.213800,0.011342,0.277069,0.000000,0.350371,0.234310,-0.154980,-0.204540,0.342375,-0.061056,-0.087488,0.049312,1.0000,2.0000,1.0000,0.0000,2.0000,18.9186,19.3727,55.5441,-10.7230,9.8655,,,
1786591764302676396,2026-08-13T10:29:24.302698,prediction,0.108078,0.258000,0.233785,True,0.071077,0.267319,0.234948,0.037002,0.009319,0.001163,4.48,20,-0.034463,0.557164,0.527623,-0.072004,0.523541,0.517133,-0.034463,0.557164,0.527623,0.152073,0.350317,0.065063,0.387404,0.122839,0.203415,0.023595,0.238797,1.448308,0.047807,-0.875678,-0.014972,-0.542793,-1.732065,0.213800,0.011342,0.277069,0.000000,0.350371,0.234310,-0.154980,-0.204540,0.342375,-0.061056,-0.087488,0.049312,1.0000,2.0000,1.0000,0.0000,2.0000,19.2708,19.5057,55.4034,-10.5376,9.8506,,,
1786591764338552042,2026-08-13T10:29:24.338575,prediction,0.104825,0.258000,0.233785,True,0.072043,0.275319,0.233554,0.032782,0.017319,0.000232,4.27,20,-0.034463,0.557164,0.527623,-0.067446,0.533527,0.518961,-0.030004,0.564226,0.528232,0.125994,0.276043,0.050535,0.307616,0.122839,0.203415,0.023595,0.238797,1.448308,0.047807,-0.875678,-0.014972,-0.542793,-1.732065,0.213800,0.011342,0.277069,0.000000,0.350371,0.234310,-0.154980,-0.204540,0.342375,-0.061056,-0.087488,0.049312,1.0000,2.0000,1.0000,0.0000,2.0000,19.4124,19.2556,56.5330,-11.4316,9.4620,,,
1786591764370875993,2026-08-13T10:29:24.370894,prediction,0.101333,0.265000,0.233428,True,0.066603,0.283319,0.231101,0.034730,0.018319,0.002327,4.21,20,-0.026144,0.571341,0.528722,-0.063184,0.543151,0.520568,-0.026144,0.571341,0.528722,0.130942,0.295689,0.049363,0.327131,0.124236,0.211743,0.016410,0.246046,1.448308,0.047807,-0.875678,-0.014972,-0.542793,-1.732065,0.213800,0.011342,0.277069,0.000000,0.350371,0.234310,-0.154980,-0.204540,0.342375,-0.061056,-0.087488,0.049312,1.0000,2.0000,1.0000,0.0000,2.0000,19.7801,19.5426,56.3917,-10.4384,9.5234,,,
1786591764404422337,2026-08-13T10:29:24.404437,prediction,0.097508,0.283000,0.235728,True,0.058603,0.291319,0.233843,0.038905,0.008319,0.001885,4.08,20,-0.026144,0.571341,0.528722,-0.058725,0.552649,0.522131,-0.022454,0.578600,0.528893,0.134093,0.285641,0.047007,0.319032,0.124236,0.211743,0.016410,0.246046,1.417162,0.056124,-0.789995,-0.014369,-0.651772,-1.712608,0.029231,0.073301,0.356476,0.002609,0.438945,0.029665,-0.077420,0.014560,0.351090,-0.011968,-0.087616,-0.033280,1.0000,2.0000,1.0000,0.0000,2.0000,19.3690,19.1092,56.4310,-11.8869,10.7451,,,
1786591764433995139,2026-08-13T10:29:24.434010,prediction,0.094481,0.277000,0.236044,True,0.054207,0.299319,0.232899,0.040274,0.022319,0.003145,4.97,20,-0.018518,0.585918,0.529074,-0.054266,0.562388,0.523466,-0.018518,0.585918,0.529074,0.150958,0.329752,0.045202,0.365469,0.113949,0.217789,0.005267,0.245854,1.417162,0.056124,-0.789995,-0.014369,-0.651772,-1.712608,0.029231,0.073301,0.356476,0.002609,0.438945,0.029665,-0.077420,0.014560,0.351090,-0.011968,-0.087616,-0.033280,1.0000,2.0000,1.0000,0.0000,2.0000,19.7724,19.0607,57.2484,-10.7862,10.1953,,,
1786591764466181890,2026-08-13T10:29:24.466200,prediction,0.087350,0.302000,0.234728,True,0.046207,0.307319,0.229767,0.041143,0.005319,0.004961,5.98,20,-0.018518,0.585918,0.529074,-0.049563,0.572496,0.524482,-0.014462,0.593248,0.528994,0.153520,0.329945,0.033162,0.365420,0.113949,0.217789,0.005267,0.245854,1.417162,0.056124,-0.789995,-0.014369,-0.651772,-1.712608,0.029231,0.073301,0.356476,0.002609,0.438945,0.029665,-0.077420,0.014560,0.351090,-0.011968,-0.087616,-0.033280,1.0000,2.0000,1.0000,0.0000,2.0000,19.6615,18.8458,58.6007,-11.2410,9.5723,,,
1786591764497010941,2026-08-13T10:29:24.497023,prediction,0.084324,0.296000,0.235043,True,0.042324,0.315319,0.229599,0.042000,0.019319,0.005444,4.58,20,-0.010273,0.600701,0.528613,-0.044889,0.583371,0.525288,-0.010273,0.600701,0.528613,0.144110,0.335305,0.024838,0.365806,0.125155,0.224416,-0.006998,0.257051,1.417162,0.056124,-0.789995,-0.014369,-0.651772,-1.712608,0.029231,0.073301,0.356476,0.002609,0.438945,0.029665,-0.077420,0.014560,0.351090,-0.011968,-0.087616,-0.033280,1.0000,1.0000,1.0000,0.0000,1.0000,20.4246,18.5614,61.4690,-11.4587,9.9045,,,
1786591764528315566,2026-08-13T10:29:24.528332,prediction,0.077267,0.326000,0.233464,True,0.034324,0.323319,0.227983,0.042943,0.002681,0.005480,4.42,20,-0.010273,0.600701,0.528613,-0.040106,0.594719,0.525860,-0.005956,0.608360,0.528035,0.153027,0.363009,0.018312,0.394371,0.125155,0.224416,-0.006998,0.257051,1.417162,0.056124,-0.789995,-0.014369,-0.651772,-1.712608,0.029231,0.073301,0.356476,0.002609,0.438945,0.029665,-0.077420,0.014560,0.351090,-0.011968,-0.087616,-0.033280,1.0000,1.0000,1.0000,0.0000,1.0000,20.8408,18.7320,61.6426,-11.1516,9.4539,,,
1786591764563300042,2026-08-13T10:29:24.563319,prediction,0.074252,0.320000,0.233780,True,0.026324,0.331319,0.227230,0.047927,0.011319,0.006549,4.60,20,-0.001600,0.616292,0.527306,-0.035448,0.605256,0.526312,-0.001600,0.616292,0.527306,0.134009,0.303170,0.013004,0.331722,0.130085,0.233854,-0.019608,0.268318,1.418332,0.069394,-0.738002,-0.013625,-0.708956,-1.718375,0.029669,0.088139,0.316334,0.005228,0.291031,0.034903,0.088900,-0.025060,0.337063,-0.009696,-0.071584,-0.032000,1.0000,1.0000,1.0000,0.0000,1.0000,20.9148,18.9886,62.5927,-13.2758,10.6819,,,
1786591764597536143,2026-08-13T10:29:24.597557,prediction,0.071216,0.314000,0.234096,True,0.020228,0.339319,0.226476,0.050988,0.025319,0.007619,4.34,20,-0.001600,0.616292,0.527306,-0.030739,0.615256,0.526721,0.003207,0.624279,0.526477,0.137772,0.292603,0.011953,0.323636,0.130085,0.233854,-0.019608,0.268318,1.419175,0.072151,-0.728091,-0.013420,-0.717601,-1.719291,0.024867,0.085081,0.304557,0.005228,0.250889,0.024426,0.090160,-0.019180,0.341130,-0.011808,-0.070144,-0.033568,1.0000,1.0000,1.0000,0.0000,1.0000,21.4955,18.0937,64.2256,-12.1980,11.3017,,,
1786591764626729335,2026-08-13T10:29:24.626742,prediction,0.067739,0.332000,0.233148,True,0.013730,0.347319,0.225698,0.054009,0.015319,0.007449,4.05,20,0.008703,0.632276,0.525748,-0.026340,0.624030,0.526925,0.008703,0.632276,0.525748,0.143428,0.285999,0.006664,0.320018,0.154036,0.238963,-0.023293,0.285260,1.419939,0.075163,-0.717287,-0.013269,-0.725955,-1.719981,0.018320,0.083336,0.295397,0.002609,0.215543,0.016137,0.080220,-0.017640,0.343537,-0.007968,-0.067744,-0.031680,1.0000,1.0000,1.0000,0.0000,1.0000,21.8246,17.2835,64.9814,-12.8022,12.4739,,,
1786591764664191546,2026-08-13T10:29:24.664211,prediction,0.064528,0.337000,0.232884,True,0.009729,0.355319,0.227233,0.054799,0.018319,0.005652,4.28,20,0.008703,0.632276,0.525748,-0.022215,0.632878,0.527156,0.014099,0.640275,0.525024,0.113623,0.243740,0.006375,0.268998,0.154036,0.238963,-0.023293,0.285260,1.420436,0.078488,-0.705674,-0.013075,-0.733835,-1.720272,0.006540,0.083336,0.286229,0.002609,0.183259,0.002609,0.064120,-0.016940,0.341794,-0.009696,-0.059232,-0.030400,1.0000,1.0000,1.0000,0.0000,1.0000,21.8846,17.3047,65.3822,-12.0148,12.8281,,,
1786591764693312555,2026-08-13T10:29:24.693330,prediction,0.061319,0.343000,0.232568,True,0.005580,0.363319,0.227894,0.055739,0.020319,0.004674,4.16,20,0.019228,0.648275,0.524489,-0.018136,0.641261,0.527187,0.019228,0.648275,0.524489,0.139343,0.286397,0.001055,0.318498,0.158011,0.240194,-0.018905,0.288128,1.420475,0.079155,-0.703384,-0.013043,-0.735247,-1.720272,0.005233,0.083336,0.286229,0.002609,0.174959,0.000000,0.059080,-0.011060,0.331336,-0.010528,-0.064800,-0.025056,1.0000,1.0000,1.0000,0.0000,1.0000,22.2225,16.6140,65.9560,-12.4963,13.4973,,,
1786591764729241530,2026-08-13T10:29:24.729257,prediction,0.061319,0.343000,0.232568,True,0.007913,0.371319,0.229514,0.053406,0.028319,0.003054,4.01,20,0.019228,0.648275,0.524489,-0.014278,0.649177,0.527218,0.024620,0.656275,0.523920,0.106420,0.218361,0.000851,0.242915,0.158011,0.240194,-0.018905,0.288128,1.420475,0.079155,-0.703384,-0.013043,-0.735247,-1.720272,0.005233,0.083336,0.286229,0.002609,0.174959,0.000000,0.059080,-0.011060,0.331336,-0.010528,-0.064800,-0.025056,1.0000,1.0000,1.0000,0.0000,1.0000,22.4161,16.9123,66.1061,-11.9049,13.9994,,,
1786591764762117567,2026-08-13T10:29:24.762132,prediction,0.058054,0.355000,0.231936,True,0.001942,0.379319,0.228297,0.056113,0.024319,0.003639,4.03,20,0.029898,0.664275,0.523560,-0.010477,0.657001,0.527054,0.029898,0.664275,0.523560,0.116760,0.240303,-0.005040,0.267215,0.160264,0.240324,-0.013948,0.289197,1.420475,0.079155,-0.703384,-0.013043,-0.735247,-1.720272,0.005233,0.083336,0.286229,0.002609,0.174959,0.000000,0.059080,-0.011060,0.331336,-0.010528,-0.064800,-0.025056,1.0000,1.0000,1.0000,0.0000,1.0000,22.1199,16.1729,66.8290,-12.2703,14.4174,,,
1786591764794186338,2026-08-13T10:29:24.794201,prediction,0.054774,0.372000,0.231041,True,-0.002094,0.387319,0.228012,0.056869,0.015319,0.003029,4.37,20,0.029898,0.664275,0.523560,-0.006923,0.664379,0.526871,0.035040,0.672275,0.522991,0.111173,0.230818,-0.005724,0.256259,0.160264,0.240324,-0.013948,0.289197,1.420475,0.079155,-0.703384,-0.013043,-0.735247,-1.720272,0.005233,0.083336,0.286229,0.002609,0.174959,0.000000,0.059080,-0.011060,0.331336,-0.010528,-0.064800,-0.025056,1.0000,1.0000,1.0000,0.0000,1.0000,21.8758,16.1591,66.3996,-12.6406,14.6804,,,
1786591764827267165,2026-08-13T10:29:24.827278,prediction,0.054719,0.377000,0.230778,True,0.004465,0.395319,0.227916,0.050255,0.018319,0.002862,4.21,20,0.039918,0.680275,0.522529,-0.003583,0.671934,0.526671,0.039918,0.680275,0.522529,0.099911,0.225988,-0.005997,0.247161,0.149950,0.239431,-0.015435,0.282932,1.417613,0.092627,-0.662312,-0.012860,-0.758832,-1.717071,0.047558,0.107772,0.286668,0.000000,0.169731,0.048432,-0.126420,-0.010500,0.360386,-0.017824,-0.065344,0.035584,1.0000,1.0000,1.0000,0.0000,1.0000,21.5644,15.8761,66.8759,-13.1879,14.7333,,,
1786591764863199499,2026-08-13T10:29:24.863216,prediction,0.054654,0.383000,0.230462,True,0.002866,0.403319,0.226701,0.051787,0.020319,0.003761,4.53,20,0.039918,0.680275,0.522529,-0.000471,0.679792,0.526473,0.044424,0.688275,0.522153,0.086980,0.219624,-0.005528,0.236285,0.149950,0.239431,-0.015435,0.282932,1.415163,0.097508,-0.649687,-0.012860,-0.766464,-1.714549,0.065447,0.112568,0.286229,0.000000,0.172351,0.067188,-0.137620,-0.026040,0.352003,-0.032672,-0.064000,0.040128,1.0000,1.0000,1.0000,0.0000,1.0000,21.6391,15.7899,67.0527,-12.6221,14.9184,,,
1786591764895764554,2026-08-13T10:29:24.895793,prediction,0.051662,0.377000,0.230778,True,-0.000591,0.411319,0.227594,0.052254,0.034319,0.003184,4.15,20,0.048673,0.696275,0.521859,0.002585,0.687337,0.526143,0.048673,0.696275,0.521859,0.090785,0.224110,-0.009803,0.241998,0.131405,0.240165,-0.010045,0.273948,1.412491,0.101559,-0.639501,-0.012871,-0.772565,-1.711800,0.081592,0.112568,0.278809,0.000000,0.167112,0.083335,-0.149380,-0.040600,0.347355,-0.058272,-0.065728,0.037472,1.0000,1.0000,1.0000,0.0000,1.0000,21.2550,16.1214,66.3920,-11.0078,14.1794,,,
1786591764925986413,2026-08-13T10:29:24.926005,prediction,0.048306,0.416000,0.228724,True,-0.002860,0.419319,0.224633,0.051166,0.003319,0.004091,4.01,20,0.048673,0.696275,0.521859,0.005664,0.694499,0.525655,0.052619,0.704275,0.521443,0.102929,0.239483,-0.016318,0.261176,0.131405,0.240165,-0.010045,0.273948,1.411824,0.102454,-0.637286,-0.012881,-0.773923,-1.711099,0.085081,0.112568,0.277069,0.002609,0.172351,0.089005,-0.157780,-0.040880,0.340300,-0.062016,-0.060384,0.039904,1.0000,1.0000,1.0000,0.0000,1.0000,21.1772,15.9537,66.4390,-11.2801,14.5066,,,
1786591764959823480,2026-08-13T10:29:24.959838,prediction,0.048390,0.405000,0.229303,True,0.002180,0.427319,0.220193,0.046211,0.022319,0.009110,4.07,20,0.056423,0.712275,0.520892,0.008261,0.702438,0.525293,0.056423,0.712275,0.520892,0.076726,0.234525,-0.010683,0.246988,0.116293,0.240065,-0.014519,0.267145,1.411824,0.102454,-0.637286,-0.012881,-0.773923,-1.711099,0.085081,0.112568,0.277069,0.002609,0.172351,0.089005,-0.157780,-0.040880,0.340300,-0.062016,-0.060384,0.039904,1.0000,1.0000,1.0000,0.0000,1.0000,21.3628,16.0013,66.3685,-11.4783,14.4938,,,
1786591764993945733,2026-08-13T10:29:24.993963,prediction,0.045313,0.416000,0.228724,True,-0.003896,0.435319,0.215891,0.049209,0.019319,0.012832,4.45,20,0.056423,0.712275,0.520892,0.010862,0.710426,0.524872,0.059359,0.720275,0.520253,0.076914,0.236229,-0.012460,0.248747,0.116293,0.240065,-0.014519,0.267145,1.411824,0.102454,-0.637286,-0.012881,-0.773923,-1.711099,0.085081,0.112568,0.277069,0.002609,0.172351,0.089005,-0.157780,-0.040880,0.340300,-0.062016,-0.060384,0.039904,1.0000,1.0000,1.0000,0.0000,1.0000,21.4036,16.5575,65.7438,-11.7515,14.5189,,,
1786591765029502272,2026-08-13T10:29:25.029522,prediction,0.042272,0.427000,0.228144,True,-0.007245,0.443319,0.213568,0.049517,0.016319,0.014576,4.24,20,0.062440,0.728275,0.519340,0.013195,0.718104,0.524517,0.062440,0.728275,0.519340,0.066064,0.217404,-0.010041,0.227442,0.090686,0.241166,-0.023394,0.258713,1.411824,0.102454,-0.637286,-0.012881,-0.773923,-1.711099,0.085081,0.112568,0.277069,0.002609,0.172351,0.089005,-0.157780,-0.040880,0.340300,-0.062016,-0.060384,0.039904,1.0000,1.0000,1.0000,0.0000,1.0000,21.5250,16.8148,65.7099,-11.9055,14.6547,,,
1786591765069147081,2026-08-13T10:29:25.069169,prediction,0.039297,0.427000,0.225164,True,-0.005145,0.451319,0.210828,0.044442,0.024319,0.014336,4.12,20,0.062440,0.728275,0.519340,0.015525,0.725346,0.523943,0.065211,0.736275,0.518379,0.058553,0.181975,-0.014432,0.191708,0.090686,0.241166,-0.023394,0.258713,1.411824,0.102454,-0.637286,-0.012881,-0.773923,-1.711099,0.085081,0.112568,0.277069,0.002609,0.172351,0.089005,-0.157780,-0.040880,0.340300,-0.062016,-0.060384,0.039904,1.0000,1.0000,1.0000,0.0000,1.0000,21.9555,17.1351,65.7530,-11.5637,14.7042,,,
1786591765101099665,2026-08-13T10:29:25.101119,prediction,0.039270,0.437000,0.224654,True,-0.001390,0.459319,0.209599,0.040661,0.022319,0.015055,7.54,20,0.067309,0.744275,0.517285,0.017655,0.732501,0.523313,0.067309,0.744275,0.517285,0.076307,0.256366,-0.022553,0.268430,0.071914,0.236304,-0.030343,0.248861,1.410419,0.104218,-0.632921,-0.012903,-0.776575,-1.709644,0.089883,0.109517,0.269210,0.000000,0.167112,0.094675,-0.151480,-0.041160,0.335486,-0.078080,-0.064128,0.041248,1.0000,1.0000,1.0000,0.0000,1.0000,22.2424,17.3548,65.5203,-11.3561,14.6671,,,
1786591765142146354,2026-08-13T10:29:25.142168,prediction,0.039226,0.453000,0.223838,True,0.001045,0.467319,0.210208,0.038181,0.014319,0.013629,7.32,20,0.067309,0.744275,0.517285,0.019556,0.740172,0.522693,0.068750,0.752275,0.516160,0.046108,0.186075,-0.015055,0.192293,0.071914,0.236304,-0.030343,0.248861,1.410419,0.104218,-0.632921,-0.012903,-0.776575,-1.709644,0.089883,0.109517,0.269210,0.000000,0.167112,0.094675,-0.151480,-0.041160,0.335486,-0.078080,-0.064128,0.041248,1.0000,1.0000,1.0000,0.0000,1.0000,22.5326,17.4218,65.5790,-11.2473,14.5077,,,
1786591765170285616,2026-08-13T10:29:25.170308,prediction,0.039199,0.463000,0.223328,True,-0.002457,0.475319,0.208414,0.041656,0.012319,0.014913,7.53,20,0.069596,0.760275,0.515127,0.021244,0.748160,0.522056,0.069596,0.760275,0.515127,0.060269,0.285091,-0.022740,0.292278,0.034569,0.241858,-0.032618,0.246484,1.410419,0.104218,-0.632921,-0.012903,-0.776575,-1.709644,0.089883,0.109517,0.269210,0.000000,0.167112,0.094675,-0.151480,-0.041160,0.335486,-0.078080,-0.064128,0.041248,1.0000,1.0000,1.0000,0.0000,1.0000,22.8192,17.6820,65.2476,-11.1064,14.3676,,,
1786591765201497565,2026-08-13T10:29:25.201523,prediction,0.039256,0.442000,0.224399,True,0.001236,0.483319,0.208430,0.038020,0.041319,0.015969,7.97,20,0.069596,0.760275,0.515127,0.022715,0.755944,0.521511,0.070409,0.768275,0.513873,0.047784,0.252889,-0.017694,0.257971,0.034569,0.241858,-0.032618,0.246484,1.410419,0.104218,-0.632921,-0.012903,-0.776575,-1.709644,0.089883,0.109517,0.269210,0.000000,0.167112,0.094675,-0.151480,-0.041160,0.335486,-0.078080,-0.064128,0.041248,1.0000,1.0000,1.0000,0.0000,1.0000,23.7891,18.4370,64.3826,-11.1554,14.6983,,,
1786591765232862480,2026-08-13T10:29:25.232877,prediction,0.039226,0.453000,0.220900,True,-0.002647,0.491319,0.205180,0.041873,0.038319,0.015720,7.33,20,0.070698,0.776275,0.512575,0.024188,0.763367,0.520733,0.070698,0.776275,0.512575,0.044851,0.226057,-0.023687,0.231678,0.016576,0.240652,-0.038387,0.244257,1.390505,0.122675,-0.590370,-0.014250,-0.800807,-1.688667,0.135697,0.101225,0.213797,0.005228,0.123908,0.134386,-0.168280,-0.068740,0.317724,-0.095680,-0.059776,0.049312,1.0000,1.0000,1.0000,0.0000,1.0000,23.6221,18.7689,63.8709,-10.8444,14.3014,,,
1786591765270166604,2026-08-13T10:29:25.270183,prediction,0.039213,0.458000,0.220654,True,-0.003513,0.499319,0.206557,0.042725,0.041319,0.014097,7.83,20,0.070698,0.776275,0.512575,0.025444,0.770719,0.519981,0.071402,0.784275,0.510953,0.034674,0.202927,-0.020763,0.206912,0.016576,0.240652,-0.038387,0.244257,1.368689,0.139539,-0.555737,-0.015705,-0.820048,-1.667033,0.117370,0.104283,0.204198,0.010898,0.107772,0.118680,-0.130480,-0.053620,0.332913,-0.103136,-0.059552,0.039424,1.0000,1.0000,1.0000,0.0000,1.0000,23.9786,19.0007,63.0303,-10.4467,14.1358,,,
1786591765302378533,2026-08-13T10:29:25.302396,prediction,0.039256,0.442000,0.221443,True,0.001600,0.502355,0.208616,0.037656,0.060355,0.012827,7.72,20,0.070698,0.776275,0.512575,0.026479,0.777416,0.519341,0.071766,0.792275,0.509503,0.032142,0.208070,-0.019880,0.211474,0.016576,0.240652,-0.038387,0.244257,1.364691,0.143354,-0.548287,-0.016050,-0.823734,-1.662959,0.104283,0.107772,0.209871,0.008289,0.097294,0.110391,-0.112140,-0.050120,0.328265,-0.100960,-0.056384,0.040192,1.0000,1.0000,1.0000,0.0000,1.0000,23.7417,18.9827,62.8173,-10.4862,13.3443,,,
1786591765337723736,2026-08-13T10:29:25.337748,prediction,0.036289,0.458000,0.220654,True,-0.006361,0.509484,0.207819,0.042650,0.051484,0.012834,7.96,20,0.070698,0.776275,0.512575,0.027707,0.783342,0.518666,0.071519,0.800275,0.508210,0.035226,0.169895,-0.019350,0.174584,0.016576,0.240652,-0.038387,0.244257,1.362384,0.146020,-0.543194,-0.016234,-0.825933,-1.660318,0.089883,0.113006,0.215544,0.008289,0.088574,0.110391,-0.101920,-0.049280,0.334241,-0.103808,-0.053504,0.038528,1.0000,1.0000,1.0000,0.0000,1.0000,24.2234,19.9791,62.5503,-11.0951,12.4425,,,
1786591765371583258,2026-08-13T10:29:25.371612,prediction,0.036307,0.442000,0.221443,True,-0.005605,0.509364,0.210673,0.041912,0.067364,0.010771,7.82,20,0.072241,0.808011,0.506871,0.028930,0.787993,0.518065,0.072241,0.808011,0.506871,0.035761,0.136007,-0.017578,0.141724,0.011545,0.237441,-0.042681,0.241523,1.362384,0.146020,-0.543194,-0.016234,-0.825933,-1.660318,0.089883,0.113006,0.215544,0.008289,0.088574,0.110391,-0.101920,-0.049280,0.334241,-0.103808,-0.053504,0.038528,1.0000,1.0000,1.0000,0.0000,1.0000,24.4543,19.9757,61.4278,-9.1234,12.2371,,,
1786591765404582716,2026-08-13T10:29:25.404602,prediction,0.036300,0.448000,0.218202,True,-0.009744,0.513091,0.209710,0.046044,0.065091,0.008492,7.43,20,0.072241,0.808011,0.506871,0.029955,0.792711,0.517227,0.072806,0.815640,0.505802,0.030042,0.138365,-0.024593,0.143709,0.011545,0.237441,-0.042681,0.241523,1.362384,0.146020,-0.543194,-0.016234,-0.825933,-1.660318,0.089883,0.113006,0.215544,0.008289,0.088574,0.110391,-0.101920,-0.049280,0.334241,-0.103808,-0.053504,0.038528,2.0000,1.0000,1.0000,0.0000,2.0000,24.7224,20.2034,60.7852,-8.6761,12.5671,,,
1786591765436413182,2026-08-13T10:29:25.436431,prediction,0.036289,0.458000,0.217724,True,-0.009095,0.517692,0.213063,0.045384,0.059692,0.004661,7.56,20,0.073416,0.822828,0.504610,0.030756,0.797121,0.516493,0.073416,0.822828,0.504610,0.025252,0.139014,-0.023115,0.143167,0.017663,0.222740,-0.033985,0.226009,1.362384,0.146020,-0.543194,-0.016234,-0.825933,-1.660318,0.089883,0.113006,0.215544,0.008289,0.088574,0.110391,-0.101920,-0.049280,0.334241,-0.103808,-0.053504,0.038528,2.0000,1.0000,1.0000,0.0000,2.0000,24.5805,20.3852,60.4841,-8.9898,12.3226,,,
1786591765468728959,2026-08-13T10:29:25.468751,prediction,0.036300,0.448000,0.218202,True,-0.004564,0.509692,0.216670,0.040864,0.061692,0.001531,7.40,20,0.073416,0.822828,0.504610,0.031562,0.800296,0.515753,0.073832,0.829693,0.503838,0.024974,0.098386,-0.022932,0.104064,0.017663,0.222740,-0.033985,0.226009,1.362384,0.146020,-0.543194,-0.016234,-0.825933,-1.660318,0.089883,0.113006,0.215544,0.008289,0.088574,0.110391,-0.101920,-0.049280,0.334241,-0.103808,-0.053504,0.038528,2.0000,1.0000,1.0000,0.0000,2.0000,24.7436,21.0024,60.2094,-8.5685,12.1265,,,
1786591765498154621,2026-08-13T10:29:25.498171,prediction,0.036284,0.463000,0.214565,True,-0.006930,0.509739,0.213895,0.043214,0.046738,0.000670,7.32,20,0.074281,0.836068,0.503604,0.032164,0.803171,0.514809,0.074281,0.836068,0.503604,0.020341,0.097153,-0.031896,0.104259,0.013056,0.199777,-0.015183,0.200778,1.348500,0.171965,-0.505320,-0.017387,-0.841510,-1.641605,0.094679,0.182817,0.204637,0.005670,0.102533,0.110391,-0.148400,-0.006720,0.341628,-0.101696,-0.057216,0.040256,2.0000,2.0000,1.0000,0.0000,3.0000,24.8281,20.9518,59.0339,-8.9510,11.8545,,,
1786591765526958059,2026-08-13T10:29:25.526976,prediction,0.033366,0.458000,0.214795,True,-0.005387,0.502190,0.216898,0.038753,0.044190,0.002103,3.95,20,0.074281,0.836068,0.503604,0.032757,0.805986,0.513919,0.074484,0.841738,0.503470,0.018169,0.086138,-0.027232,0.092149,0.013056,0.199777,-0.015183,0.200778,1.346952,0.174997,-0.502048,-0.017506,-0.843180,-1.639837,0.099481,0.191108,0.204637,0.007847,0.105152,0.110391,-0.172900,-0.010780,0.328099,-0.096960,-0.057888,0.038848,2.0000,2.0000,1.0000,0.0000,3.0000,24.5203,21.2463,58.5249,-8.3570,11.3049,,,
1786591765562522922,2026-08-13T10:29:25.562543,prediction,0.033363,0.453000,0.215026,True,-0.005068,0.494494,0.218101,0.038431,0.041494,0.003075,3.86,20,0.074281,0.836068,0.503604,0.033153,0.808202,0.513243,0.074360,0.846839,0.503692,0.011123,0.062311,-0.019002,0.066086,0.013056,0.199777,-0.015183,0.200778,1.342300,0.183758,-0.493208,-0.017807,-0.848225,-1.634911,0.112568,0.204202,0.196785,0.005228,0.121300,0.110822,-0.166040,-0.050120,0.333411,-0.098464,-0.053440,0.041408,2.0000,2.0000,1.0000,0.0000,3.0000,24.7724,21.5510,58.5933,-8.6791,11.7292,,,
1786591765594775683,2026-08-13T10:29:25.594795,prediction,0.033366,0.458000,0.214795,True,-0.004134,0.493199,0.218910,0.037499,0.035199,0.004115,3.93,20,0.074281,0.836068,0.503604,0.033547,0.810299,0.512586,0.074355,0.850999,0.504177,0.012438,0.066249,-0.020768,0.070533,0.013056,0.199777,-0.015183,0.200778,1.338537,0.190298,-0.487044,-0.018045,-0.852062,-1.631386,0.119552,0.204202,0.191543,0.010467,0.121300,0.107772,-0.184380,-0.068460,0.317060,-0.094336,-0.058048,0.038624,2.0000,2.0000,1.0000,0.0000,3.0000,24.8533,21.5447,58.6404,-8.4146,11.7306,,,
1786591765632012455,2026-08-13T10:29:25.632032,prediction,0.033368,0.463000,0.214565,True,-0.003069,0.492902,0.219436,0.036437,0.029902,0.004871,4.29,20,0.074538,0.854134,0.504798,0.033937,0.811838,0.511968,0.074538,0.854134,0.504798,0.010433,0.041124,-0.016515,0.045527,0.001915,0.135045,0.008929,0.135353,1.333662,0.198250,-0.479550,-0.018303,-0.856644,-1.627290,0.120859,0.194166,0.185870,0.005670,0.107772,0.099914,-0.155260,-0.078680,0.326356,-0.098080,-0.053280,0.041184,2.0000,2.0000,1.0000,0.0000,3.0000,24.7039,21.8052,58.8641,-9.1889,11.5624,,,
1786591765673251297,2026-08-13T10:29:25.673270,prediction,0.033368,0.463000,0.214565,True,-0.001348,0.484989,0.220839,0.034716,0.021989,0.006274,4.37,20,0.074538,0.854134,0.504798,0.034326,0.812679,0.511384,0.074812,0.856568,0.505413,0.009614,0.020805,-0.014448,0.027093,0.001915,0.135045,0.008929,0.135353,1.330415,0.203568,-0.474308,-0.018487,-0.859414,-1.624638,0.111261,0.185875,0.187618,0.005670,0.091624,0.094244,-0.149380,-0.095760,0.327352,-0.094336,-0.058176,0.036736,2.0000,2.0000,1.0000,0.0000,3.0000,24.5413,22.2127,58.2353,-10.6825,11.4599,,,
1786591765709697429,2026-08-13T10:29:25.709715,prediction,0.030453,0.463000,0.214565,True,-0.001246,0.476989,0.223270,0.031699,0.013989,0.008705,7.13,20,0.074738,0.858419,0.506242,0.034913,0.813381,0.510728,0.074738,0.858419,0.506242,0.017210,0.020573,-0.019225,0.033001,0.003011,0.064415,0.021699,0.068038,1.325019,0.212767,-0.464263,-0.018702,-0.863629,-1.620251,0.094679,0.167986,0.198964,0.002609,0.069807,0.078096,-0.129220,-0.099120,0.339221,-0.102016,-0.050656,0.034304,2.0000,2.0000,1.0000,0.0000,3.0000,24.7804,22.5166,57.7227,-10.5552,11.4073,,,
1786591765736036685,2026-08-13T10:29:25.736055,prediction,0.030475,0.473000,0.214104,True,0.001105,0.478761,0.222803,0.029371,0.005761,0.008698,4.36,20,0.074738,0.858419,0.506242,0.035496,0.814055,0.510275,0.074903,0.859305,0.507231,0.019690,0.022735,-0.015291,0.033740,0.003011,0.064415,0.021699,0.068038,1.323196,0.216060,-0.460189,-0.018788,-0.864944,-1.618742,0.088139,0.163184,0.208124,0.002609,0.064568,0.075477,-0.115500,-0.095480,0.344284,-0.102912,-0.047200,0.037184,3.0000,2.0000,1.0000,0.0000,3.0000,25.1138,22.7345,57.5836,-10.5014,11.3292,,,
1786591765771407366,2026-08-13T10:29:25.771420,prediction,0.030442,0.458000,0.214795,True,0.006478,0.470761,0.222623,0.023964,0.012761,0.007828,4.01,20,0.074653,0.859239,0.508406,0.036081,0.814723,0.509885,0.074653,0.859239,0.508406,0.016401,0.018739,-0.010955,0.027206,-0.001273,0.012335,0.032552,0.034834,1.321196,0.219876,-0.455081,-0.018885,-0.866377,-1.617039,0.080279,0.158388,0.217291,0.005228,0.056279,0.067188,-0.124180,-0.075600,0.363291,-0.104864,-0.047040,0.038688,3.0000,2.0000,1.0000,0.0000,3.0000,25.4875,23.2458,57.4261,-11.0808,11.5961,,,
1786591765802779813,2026-08-13T10:29:25.802806,prediction,0.027557,0.468000,0.214335,True,0.001463,0.472784,0.220542,0.026095,0.004784,0.006207,6.01,20,0.074653,0.859239,0.508406,0.036861,0.815656,0.509411,0.073987,0.858461,0.509477,0.027637,0.033082,-0.016792,0.046262,-0.001273,0.012335,0.032552,0.034834,1.321196,0.219876,-0.455081,-0.018885,-0.866377,-1.617039,0.080279,0.158388,0.217291,0.005228,0.056279,0.067188,-0.124180,-0.075600,0.363291,-0.104864,-0.047040,0.038688,3.0000,2.0000,1.0000,0.0000,3.0000,25.6133,23.5489,57.3587,-11.0502,11.1562,,,
1786591765833530639,2026-08-13T10:29:25.833550,prediction,0.027577,0.473000,0.214104,True,0.004543,0.472527,0.220654,0.023033,0.000473,0.006549,4.22,20,0.073996,0.856891,0.510272,0.037442,0.816376,0.508974,0.073996,0.856891,0.510272,0.017592,0.021809,-0.013224,0.030983,-0.009797,-0.035022,0.027834,0.045795,1.321196,0.219876,-0.455081,-0.018885,-0.866377,-1.617039,0.080279,0.158388,0.217291,0.005228,0.056279,0.067188,-0.124180,-0.075600,0.363291,-0.104864,-0.047040,0.038688,3.0000,2.0000,1.0000,0.0000,3.0000,25.7024,23.6928,56.3862,-12.0216,11.0493,,,
1786591765875161616,2026-08-13T10:29:25.875185,prediction,0.024678,0.473000,0.214104,True,0.005186,0.471000,0.220280,0.019492,0.002000,0.006175,6.60,20,0.073996,0.856891,0.510272,0.038217,0.818174,0.508485,0.073270,0.854986,0.511128,0.020901,0.048457,-0.013191,0.054396,-0.009797,-0.035022,0.027834,0.045795,1.321196,0.219876,-0.455081,-0.018885,-0.866377,-1.617039,0.080279,0.158388,0.217291,0.005228,0.056279,0.067188,-0.124180,-0.075600,0.363291,-0.104864,-0.047040,0.038688,3.0000,2.0000,1.0000,0.0000,3.0000,26.2503,24.1970,55.3160,-13.0265,10.7090,,,
1786591765902268418,2026-08-13T10:29:25.902287,prediction,0.024705,0.478000,0.213874,True,0.007195,0.471360,0.218845,0.017510,0.006640,0.004971,4.26,20,0.072550,0.852640,0.511768,0.038990,0.819867,0.508196,0.072550,0.852640,0.511768,0.024576,0.053821,-0.009172,0.059873,-0.021705,-0.063787,0.022451,0.071021,1.311742,0.242058,-0.419809,-0.019392,-0.873513,-1.608114,0.062390,0.160133,0.275322,0.002609,0.048432,0.061949,-0.139440,-0.087080,0.359722,-0.107360,-0.050144,0.038304,3.0000,2.0000,1.0000,0.0000,3.0000,26.5860,24.4698,54.4346,-16.5508,12.4016,,,
1786591765934829653,2026-08-13T10:29:25.934847,prediction,0.024623,0.463000,0.214565,True,0.011170,0.463360,0.220191,0.013453,0.000360,0.005626,5.30,20,0.072550,0.852640,0.511768,0.039768,0.821538,0.507986,0.071421,0.850138,0.512377,0.024170,0.051957,-0.006546,0.057677,-0.021705,-0.063787,0.022451,0.071021,1.311742,0.242058,-0.419809,-0.019392,-0.873513,-1.608114,0.062390,0.160133,0.275322,0.002609,0.048432,0.061949,-0.139440,-0.087080,0.359722,-0.107360,-0.050144,0.038304,3.0000,2.0000,1.0000,0.0000,3.0000,27.0772,24.5577,54.9852,-14.7885,12.0907,,,
1786591765965751220,2026-08-13T10:29:25.965768,prediction,0.018924,0.478000,0.210978,True,0.003170,0.471360,0.214833,0.015755,0.006640,0.003854,4.21,20,0.070070,0.847392,0.512852,0.040926,0.823473,0.507504,0.070070,0.847392,0.512852,0.036356,0.060711,-0.015114,0.072360,-0.036503,-0.077233,0.015956,0.086902,1.311742,0.242058,-0.419809,-0.019392,-0.873513,-1.608114,0.062390,0.160133,0.275322,0.002609,0.048432,0.061949,-0.139440,-0.087080,0.359722,-0.107360,-0.050144,0.038304,3.0000,2.0000,1.0000,0.0000,3.0000,27.3529,24.8088,54.9596,-14.7407,11.5169,,,
1786591766003324338,2026-08-13T10:29:26.003350,prediction,0.016191,0.493000,0.210312,True,0.004920,0.478983,0.215075,0.011271,0.014017,0.004763,4.19,20,0.070070,0.847392,0.512852,0.042266,0.824926,0.507221,0.069554,0.844617,0.512730,0.035672,0.038708,-0.007551,0.053177,-0.036503,-0.077233,0.015956,0.086902,1.311742,0.242058,-0.419809,-0.019392,-0.873513,-1.608114,0.062390,0.160133,0.275322,0.002609,0.048432,0.061949,-0.139440,-0.087080,0.359722,-0.107360,-0.050144,0.038304,3.0000,2.0000,1.0000,0.0000,3.0000,27.4620,25.1332,55.0537,-15.2275,12.0535,,,
1786591766033185600,2026-08-13T10:29:26.033204,prediction,0.013385,0.498000,0.207227,True,0.008015,0.479323,0.213173,0.005371,0.018677,0.005946,4.07,20,0.068764,0.842016,0.512808,0.043598,0.827084,0.506716,0.068764,0.842016,0.512808,0.044572,0.072190,-0.016883,0.086505,-0.019957,-0.082182,-0.000671,0.084573,1.311742,0.242058,-0.419809,-0.019392,-0.873513,-1.608114,0.062390,0.160133,0.275322,0.002609,0.048432,0.061949,-0.139440,-0.087080,0.359722,-0.107360,-0.050144,0.038304,3.0000,2.0000,1.0000,0.0000,3.0000,28.2592,25.8372,54.3251,-14.1696,12.5194,,,
1786591766067223010,2026-08-13T10:29:26.067241,prediction,0.010459,0.493000,0.207441,True,0.005826,0.474414,0.213999,0.004633,0.018586,0.006558,4.02,20,0.068764,0.842016,0.512808,0.045125,0.829382,0.506210,0.067871,0.839857,0.512560,0.044482,0.066949,-0.014731,0.081718,-0.019957,-0.082182,-0.000671,0.084573,1.311742,0.242058,-0.419809,-0.019392,-0.873513,-1.608114,0.062390,0.160133,0.275322,0.002609,0.048432,0.061949,-0.139440,-0.087080,0.359722,-0.107360,-0.050144,0.038304,3.0000,2.0000,1.0000,0.0000,3.0000,28.5927,26.2078,53.6438,-14.4103,13.0374,,,
1786591766103085253,2026-08-13T10:29:26.103101,prediction,0.010459,0.493000,0.204569,True,0.004154,0.476887,0.211099,0.006305,0.016113,0.006530,3.89,20,0.067145,0.838188,0.512286,0.046652,0.831708,0.505529,0.067145,0.838188,0.512286,0.042784,0.065175,-0.019099,0.080268,-0.024328,-0.057490,-0.007838,0.062915,1.311742,0.242058,-0.419809,-0.019392,-0.873513,-1.608114,0.062390,0.160133,0.275322,0.002609,0.048432,0.061949,-0.139440,-0.087080,0.359722,-0.107360,-0.050144,0.038304,3.0000,2.0000,1.0000,0.0000,3.0000,29.1017,26.4891,53.3475,-14.9114,13.4073,,,
1786591766138492638,2026-08-13T10:29:26.138512,prediction,0.007439,0.483000,0.204980,True,0.000684,0.479125,0.210233,0.006755,0.003876,0.005252,4.39,20,0.067145,0.838188,0.512286,0.048380,0.834040,0.504890,0.066592,0.836915,0.511766,0.049025,0.066136,-0.018122,0.084296,-0.024328,-0.057490,-0.007838,0.062915,1.311742,0.242058,-0.419809,-0.019392,-0.873513,-1.608114,0.062390,0.160133,0.275322,0.002609,0.048432,0.061949,-0.139440,-0.087080,0.359722,-0.107360,-0.050144,0.038304,3.0000,2.0000,1.0000,0.0000,3.0000,29.0973,26.7394,52.7520,-16.6080,13.3522,,,
1786591766174405474,2026-08-13T10:29:26.174420,prediction,0.004983,0.508000,0.201106,True,-0.000303,0.487125,0.205998,0.005287,0.020876,0.004892,6.43,20,0.066342,0.835791,0.511152,0.050273,0.836107,0.503993,0.066342,0.835791,0.511152,0.056429,0.061619,-0.026756,0.087733,-0.012043,-0.035969,-0.017017,0.041573,1.294742,0.284578,-0.347034,-0.020405,-0.886481,-1.590511,0.066754,0.161877,0.258303,0.005228,0.054101,0.072857,-0.139440,-0.144340,0.354742,-0.108704,-0.053504,0.039424,3.0000,2.0000,1.0000,0.0000,3.0000,29.0526,26.9297,52.3888,-17.1993,13.2269,,,
1786591766210597653,2026-08-13T10:29:26.210620,prediction,0.004983,0.508000,0.201106,True,0.003721,0.494434,0.204427,0.001262,0.013566,0.003320,7.74,20,0.066342,0.835791,0.511152,0.051971,0.838920,0.503095,0.066272,0.834831,0.510163,0.048904,0.081025,-0.025841,0.098104,-0.012043,-0.035969,-0.017017,0.041573,1.291749,0.291680,-0.335829,-0.020599,-0.888820,-1.587396,0.068936,0.160133,0.251322,0.005228,0.051040,0.067629,-0.125160,-0.151480,0.348185,-0.108416,-0.046528,0.033952,3.0000,2.0000,1.0000,0.0000,3.0000,29.7645,27.5376,51.1255,-17.0625,13.1421,,,
1786591766238031210,2026-08-13T10:29:26.238050,prediction,0.005051,0.512000,0.200949,True,0.000410,0.500286,0.203047,0.004642,0.011714,0.002098,4.72,20,0.066342,0.835791,0.511152,0.053666,0.841882,0.502218,0.065941,0.834753,0.508907,0.055863,0.097646,-0.028907,0.116151,-0.012043,-0.035969,-0.017017,0.041573,1.289841,0.296130,-0.328952,-0.020696,-0.890221,-1.585542,0.068498,0.158388,0.243470,0.003051,0.051482,0.064568,-0.146860,-0.137620,0.343371,-0.107808,-0.048480,0.034304,3.0000,2.0000,1.0000,0.0000,3.0000,29.9862,27.6895,50.7931,-16.5104,12.8114,,,
1786591766270609075,2026-08-13T10:29:26.270627,prediction,0.002404,0.522000,0.200554,True,-0.005658,0.508286,0.199443,0.008062,0.013714,0.001111,3.96,20,0.066342,0.835791,0.511152,0.055535,0.845088,0.501269,0.065987,0.835573,0.507590,0.055547,0.095269,-0.028214,0.113832,-0.012043,-0.035969,-0.017017,0.041573,1.287385,0.301866,-0.320371,-0.020847,-0.892108,-1.583235,0.068498,0.161439,0.236050,0.005228,0.056721,0.065010,-0.149380,-0.136360,0.347189,-0.103904,-0.048704,0.036192,3.0000,2.0000,1.0000,0.0000,3.0000,30.7399,28.1607,49.4492,-16.0534,13.5571,,,
1786591766299560727,2026-08-13T10:29:26.299578,prediction,-0.000617,0.512000,0.198109,True,-0.007659,0.512456,0.196615,0.007042,0.000456,0.001493,3.86,20,0.066796,0.836980,0.506044,0.057413,0.848076,0.500187,0.066796,0.836980,0.506044,0.065113,0.103575,-0.037499,0.127960,0.003404,0.008904,-0.038247,0.039417,1.285418,0.306427,-0.313799,-0.020944,-0.893811,-1.581424,0.070243,0.164928,0.234310,0.003051,0.064568,0.064568,-0.146580,-0.140700,0.349098,-0.104960,-0.053984,0.038304,3.0000,2.0000,1.0000,0.0000,3.0000,31.1736,28.4441,49.6151,-15.4720,13.5103,,,
1786591766335585682,2026-08-13T10:29:26.335615,prediction,-0.000516,0.517000,0.197920,True,-0.010047,0.519228,0.196401,0.009532,0.002228,0.001519,4.86,20,0.066796,0.836980,0.506044,0.059286,0.851287,0.499108,0.067405,0.839155,0.504449,0.053915,0.092436,-0.031062,0.111428,0.003404,0.008904,-0.038247,0.039417,1.282615,0.313104,-0.304408,-0.021074,-0.896689,-1.578761,0.068498,0.168424,0.233871,0.002609,0.075477,0.067629,-0.152460,-0.151900,0.353165,-0.107744,-0.048096,0.035136,3.0000,2.0000,1.0000,0.0000,3.0000,31.4466,28.6715,49.6583,-14.2233,13.7059,,,
1786591766374333879,2026-08-13T10:29:26.374353,prediction,-0.003122,0.527000,0.197542,True,-0.015483,0.527228,0.195987,0.012362,0.000228,0.001555,4.99,20,0.066796,0.836980,0.506044,0.061139,0.854276,0.498004,0.068377,0.841719,0.502832,0.048106,0.077581,-0.028661,0.095678,0.003404,0.008904,-0.038247,0.039417,1.280361,0.318514,-0.296847,-0.021192,-0.899168,-1.576681,0.070243,0.170168,0.236050,0.002609,0.078096,0.064568,-0.145600,-0.157360,0.368354,-0.106080,-0.048384,0.034016,3.0000,2.0000,1.0000,0.0000,3.0000,31.5742,28.9088,49.7592,-14.1722,13.7228,,,
1786591766408464042,2026-08-13T10:29:26.408479,prediction,-0.003012,0.532000,0.197353,True,-0.016697,0.533285,0.195325,0.013685,0.001285,0.002028,4.74,20,0.066796,0.836980,0.506044,0.062987,0.857754,0.496903,0.069755,0.844723,0.501213,0.052631,0.099056,-0.031372,0.116475,0.003404,0.008904,-0.038247,0.039417,1.278153,0.323911,-0.289233,-0.021300,-0.901637,-1.574622,0.068498,0.168424,0.239544,0.005228,0.075477,0.061949,-0.140420,-0.145600,0.356319,-0.105856,-0.048480,0.037472,3.0000,2.0000,1.0000,0.0000,3.0000,31.7135,28.9345,49.8910,-13.6551,13.4597,,,
1786591766439449943,2026-08-13T10:29:26.439465,prediction,-0.005813,0.532000,0.197353,True,-0.019559,0.536228,0.194546,0.013746,0.004228,0.002807,4.50,20,0.071348,0.848303,0.499645,0.065016,0.861596,0.495755,0.071348,0.848303,0.499645,0.066636,0.126181,-0.037684,0.147588,0.034215,0.085117,-0.048104,0.103584,1.275468,0.330712,-0.279627,-0.021440,-0.904730,-1.572014,0.066754,0.171475,0.241723,0.002609,0.078096,0.064568,-0.120540,-0.140700,0.365366,-0.104704,-0.052384,0.036512,3.0000,2.0000,1.0000,0.0000,3.0000,32.3085,29.3135,49.7117,-12.8656,13.5422,,,
1786591766471157262,2026-08-13T10:29:26.471176,prediction,-0.005482,0.546000,0.196824,True,-0.020082,0.544228,0.193891,0.014600,0.001772,0.002932,4.27,20,0.071348,0.848303,0.499645,0.066643,0.865244,0.494811,0.073397,0.852341,0.497935,0.049498,0.110988,-0.028706,0.124870,0.034215,0.085117,-0.048104,0.103584,1.275468,0.330712,-0.279627,-0.021440,-0.904730,-1.572014,0.066754,0.171475,0.241723,0.002609,0.078096,0.064568,-0.120540,-0.140700,0.365366,-0.104704,-0.052384,0.036512,3.0000,2.0000,1.0000,0.0000,3.0000,33.3675,29.8378,48.2171,-14.2176,13.9635,,,
1786591766500247148,2026-08-13T10:29:26.500266,prediction,-0.011039,0.546000,0.196824,True,-0.025708,0.552228,0.193963,0.014669,0.006228,0.002861,3.97,20,0.074947,0.856608,0.496539,0.068459,0.869601,0.493912,0.074947,0.856608,0.496539,0.062855,0.150838,-0.031136,0.166350,0.053826,0.124221,-0.046453,0.143129,1.275468,0.330712,-0.279627,-0.021440,-0.904730,-1.572014,0.066754,0.171475,0.241723,0.002609,0.078096,0.064568,-0.120540,-0.140700,0.365366,-0.104704,-0.052384,0.036512,3.0000,2.0000,1.0000,0.0000,3.0000,33.6881,30.5551,47.6950,-14.8820,14.1629,,,
1786591766540115415,2026-08-13T10:29:26.540140,prediction,-0.013960,0.541000,0.194221,True,-0.027441,0.554612,0.191160,0.013480,0.013612,0.003061,4.29,20,0.074947,0.856608,0.496539,0.070282,0.873299,0.493045,0.076989,0.861348,0.495132,0.045619,0.092535,-0.021698,0.105426,0.053826,0.124221,-0.046453,0.143129,1.275468,0.330712,-0.279627,-0.021440,-0.904730,-1.572014,0.066754,0.171475,0.241723,0.002609,0.078096,0.064568,-0.120540,-0.140700,0.365366,-0.104704,-0.052384,0.036512,3.0000,2.0000,2.0000,0.0000,4.0000,34.0498,31.2137,45.6090,-16.8178,15.7059,,,
1786591766569381658,2026-08-13T10:29:26.569398,prediction,-0.019374,0.546000,0.194040,True,-0.033477,0.559866,0.192144,0.014103,0.013865,0.001896,3.99,20,0.079352,0.866202,0.493664,0.072270,0.876865,0.492152,0.079352,0.866202,0.493664,0.066494,0.119229,-0.029868,0.139747,0.066088,0.143923,-0.043129,0.164138,1.275468,0.330712,-0.279627,-0.021440,-0.904730,-1.572014,0.066754,0.171475,0.241723,0.002609,0.078096,0.064568,-0.120540,-0.140700,0.365366,-0.104704,-0.052384,0.036512,3.0000,2.0000,2.0000,0.0000,4.0000,34.9526,32.3035,44.8003,-17.4765,16.0202,,,
1786591766598686865,2026-08-13T10:29:26.598708,prediction,-0.019534,0.541000,0.194221,True,-0.034037,0.561304,0.194209,0.014503,0.020304,0.000011,4.19,20,0.079352,0.866202,0.493664,0.074270,0.880138,0.491462,0.081973,0.871207,0.492207,0.069650,0.114019,-0.024032,0.135754,0.066088,0.143923,-0.043129,0.164138,1.275468,0.330712,-0.279627,-0.021440,-0.904730,-1.572014,0.066754,0.171475,0.241723,0.002609,0.078096,0.064568,-0.120540,-0.140700,0.365366,-0.104704,-0.052384,0.036512,3.0000,2.0000,2.0000,0.0000,4.0000,35.0064,32.7427,45.0721,-16.5150,15.7376,,,
1786591766629932267,2026-08-13T10:29:26.629949,prediction,-0.024298,0.564000,0.193389,True,-0.042037,0.569304,0.192048,0.017739,0.005304,0.001341,4.13,20,0.084519,0.876633,0.491081,0.076386,0.883619,0.490689,0.084519,0.876633,0.491081,0.067030,0.110291,-0.024481,0.131363,0.077429,0.156332,-0.038713,0.178700,1.265484,0.363139,-0.232511,-0.021925,-0.920123,-1.561245,0.038829,0.168424,0.256563,0.000000,0.078096,0.043193,-0.107520,-0.166740,0.353663,-0.106368,-0.053504,0.033184,3.0000,2.0000,2.0000,0.0000,4.0000,35.8368,33.4408,41.6860,-19.4918,17.3565,,,
1786591766661247962,2026-08-13T10:29:26.661266,prediction,-0.023981,0.573000,0.190325,True,-0.044225,0.577304,0.189157,0.020244,0.004304,0.001168,4.15,20,0.084519,0.876633,0.491081,0.078317,0.888102,0.489970,0.087367,0.882221,0.489869,0.061754,0.143369,-0.022987,0.157787,0.077429,0.156332,-0.038713,0.178700,1.264432,0.367889,-0.225321,-0.021947,-0.922419,-1.560135,0.034034,0.169730,0.258303,0.000000,0.083766,0.040573,-0.102200,-0.166740,0.370346,-0.109376,-0.051488,0.032448,3.0000,2.0000,2.0000,0.0000,4.0000,35.9065,33.4299,41.8112,-18.1871,16.4965,,,
1786591766697283662,2026-08-13T10:29:26.697301,prediction,-0.027378,0.555000,0.190946,True,-0.043588,0.576620,0.189034,0.016210,0.021620,0.001912,3.92,20,0.090295,0.888148,0.488746,0.080474,0.891986,0.489293,0.090295,0.888148,0.488746,0.059718,0.107489,-0.018750,0.124385,0.086581,0.172597,-0.035001,0.196243,1.264432,0.367889,-0.225321,-0.021947,-0.922419,-1.560135,0.034034,0.169730,0.258303,0.000000,0.083766,0.040573,-0.102200,-0.166740,0.370346,-0.109376,-0.051488,0.032448,3.0000,2.0000,2.0000,0.0000,4.0000,36.2981,33.7674,39.9241,-19.5385,17.5632,,,
1786591766728587574,2026-08-13T10:29:26.728606,prediction,-0.030334,0.550000,0.188341,True,-0.050127,0.577779,0.185623,0.019793,0.027779,0.002718,4.33,20,0.090295,0.888148,0.488746,0.082833,0.895269,0.488452,0.093449,0.894106,0.487720,0.077988,0.108545,-0.027787,0.136515,0.086581,0.172597,-0.035001,0.196243,1.264432,0.367889,-0.225321,-0.021947,-0.922419,-1.560135,0.034034,0.169730,0.258303,0.000000,0.083766,0.040573,-0.102200,-0.166740,0.370346,-0.109376,-0.051488,0.032448,3.0000,2.0000,2.0000,0.0000,4.0000,36.5380,34.1585,40.0080,-19.1080,16.7973,,,
1786591766765389204,2026-08-13T10:29:26.765408,prediction,-0.030141,0.555000,0.188177,True,-0.048936,0.585779,0.185996,0.018795,0.030779,0.002181,4.24,20,0.096818,0.899718,0.486558,0.085003,0.898219,0.487627,0.096818,0.899718,0.486558,0.058773,0.079910,-0.022352,0.101684,0.097184,0.172375,-0.032595,0.200550,1.264432,0.367889,-0.225321,-0.021947,-0.922419,-1.560135,0.034034,0.169730,0.258303,0.000000,0.083766,0.040573,-0.102200,-0.166740,0.370346,-0.109376,-0.051488,0.032448,3.0000,2.0000,2.0000,0.0000,4.0000,36.8132,34.4887,38.3960,-19.7675,17.6061,,,
1786591766797373912,2026-08-13T10:29:26.797389,prediction,-0.032544,0.564000,0.185127,True,-0.051538,0.593779,0.181362,0.018994,0.029779,0.003765,4.11,20,0.096818,0.899718,0.486558,0.087131,0.901102,0.486762,0.099703,0.904973,0.485662,0.066577,0.090190,-0.027070,0.115324,0.097184,0.172375,-0.032595,0.200550,1.264432,0.367889,-0.225321,-0.021947,-0.922419,-1.560135,0.034034,0.169730,0.258303,0.000000,0.083766,0.040573,-0.102200,-0.166740,0.370346,-0.109376,-0.051488,0.032448,3.0000,2.0000,2.0000,0.0000,4.0000,36.8992,35.1393,38.3721,-19.8446,17.9360,,,
1786591766830769347,2026-08-13T10:29:26.830796,prediction,-0.035125,0.568000,0.185003,True,-0.050609,0.595043,0.181653,0.015483,0.027042,0.003350,4.18,20,0.096818,0.899718,0.486558,0.089439,0.904186,0.485901,0.102628,0.910157,0.484645,0.069403,0.092745,-0.025903,0.118699,0.097184,0.172375,-0.032595,0.200550,1.260264,0.397610,-0.180368,-0.022044,-0.936950,-1.555726,0.014831,0.179328,0.265723,0.000000,0.096863,0.010898,-0.094780,-0.181860,0.373500,-0.098912,-0.050048,0.032576,3.0000,2.0000,2.0000,0.0000,4.0000,37.3496,35.1817,38.6721,-19.6921,16.3745,,,
1786591766866221125,2026-08-13T10:29:26.866236,prediction,-0.036869,0.591000,0.181576,True,-0.055610,0.603043,0.178787,0.018741,0.012042,0.002789,4.30,20,0.096818,0.899718,0.486558,0.091688,0.907522,0.484836,0.105332,0.915531,0.483662,0.063617,0.094352,-0.030098,0.117708,0.097184,0.172375,-0.032595,0.200550,1.260042,0.400478,-0.176093,-0.022044,-0.938470,-1.555607,0.013087,0.179766,0.267902,0.000000,0.094244,0.005228,-0.082460,-0.177940,0.377899,-0.095744,-0.054112,0.032448,3.0000,2.0000,2.0000,0.0000,4.0000,37.3280,36.5763,37.1936,-21.1817,18.0588,,,
1786591766900549097,2026-08-13T10:29:26.900564,prediction,-0.042697,0.582000,0.176393,True,-0.060882,0.608594,0.173989,0.018185,0.026594,0.002404,4.30,20,0.108007,0.920649,0.482515,0.094334,0.911123,0.483439,0.108007,0.920649,0.482515,0.077113,0.104948,-0.040727,0.136452,0.084289,0.157673,-0.030457,0.181365,1.260042,0.400478,-0.176093,-0.022044,-0.938470,-1.555607,0.013087,0.179766,0.267902,0.000000,0.094244,0.005228,-0.082460,-0.177940,0.377899,-0.095744,-0.054112,0.032448,3.0000,2.0000,2.0000,0.0000,4.0000,37.6302,37.0728,36.8403,-20.2233,18.3565,,,
1786591766938914002,2026-08-13T10:29:26.938928,prediction,-0.042511,0.586000,0.173571,True,-0.061589,0.614337,0.172285,0.019079,0.028337,0.001286,4.41,20,0.108007,0.920649,0.482515,0.096781,0.914723,0.481853,0.110953,0.925716,0.481093,0.063848,0.093956,-0.041378,0.120898,0.084289,0.157673,-0.030457,0.181365,1.260042,0.400478,-0.176093,-0.022044,-0.938470,-1.555607,0.013087,0.179766,0.267902,0.000000,0.094244,0.005228,-0.082460,-0.177940,0.377899,-0.095744,-0.054112,0.032448,3.0000,2.0000,2.0000,0.0000,4.0000,38.3637,37.9367,34.0699,-21.5373,19.9142,,,
1786591766976214897,2026-08-13T10:29:26.976230,prediction,-0.045417,0.582000,0.170945,True,-0.065845,0.613484,0.170600,0.020429,0.031484,0.000345,4.15,20,0.113755,0.930746,0.479608,0.099443,0.918110,0.480128,0.113755,0.930746,0.479608,0.071296,0.090697,-0.046203,0.124273,0.086544,0.152033,-0.043764,0.180331,1.260042,0.400478,-0.176093,-0.022044,-0.938470,-1.555607,0.013087,0.179766,0.267902,0.000000,0.094244,0.005228,-0.082460,-0.177940,0.377899,-0.095744,-0.054112,0.032448,3.0000,2.0000,2.0000,0.0000,4.0000,38.2622,38.0939,34.1366,-20.7079,19.5569,,,
1786591767010942917,2026-08-13T10:29:27.010958,prediction,-0.047485,0.595000,0.167944,True,-0.070202,0.621484,0.167220,0.022717,0.026484,0.000724,4.35,20,0.113755,0.930746,0.479608,0.101873,0.920920,0.478203,0.116806,0.935873,0.478056,0.070451,0.081497,-0.055826,0.121332,0.086544,0.152033,-0.043764,0.180331,1.259891,0.402634,-0.172889,-0.022044,-0.939623,-1.555532,0.013087,0.178022,0.267902,0.000000,0.097294,0.005228,-0.080780,-0.176680,0.382547,-0.092736,-0.051648,0.031456,3.0000,2.0000,2.0000,0.0000,4.0000,38.9394,38.8170,33.1115,-20.3195,19.5890,,,
1786591767044104817,2026-08-13T10:29:27.044119,prediction,-0.047285,0.599000,0.165162,True,-0.069607,0.627610,0.162988,0.022322,0.028609,0.002174,4.53,20,0.119772,0.940637,0.476273,0.104094,0.924096,0.476266,0.119772,0.940637,0.476273,0.066868,0.095577,-0.058307,0.130407,0.090045,0.148010,-0.049917,0.180296,1.259806,0.436524,-0.122843,-0.021957,-0.956008,-1.556200,0.013087,0.181511,0.269649,0.000000,0.083335,0.021807,0.069440,-0.205800,0.372753,-0.021152,-0.052544,-0.028896,3.0000,2.0000,2.0000,0.0000,4.0000,38.6828,38.9657,33.5583,-21.2069,20.3618,,,
1786591767071523877,2026-08-13T10:29:27.071536,prediction,-0.051974,0.612000,0.162233,True,-0.074313,0.633661,0.160640,0.022340,0.021661,0.001592,3.94,20,0.119772,0.940637,0.476273,0.106268,0.927558,0.474145,0.122583,0.945283,0.474395,0.074477,0.118631,-0.072667,0.157799,0.090045,0.148010,-0.049917,0.180296,1.260283,0.441627,-0.115274,-0.021893,-0.958411,-1.556890,0.019634,0.182817,0.271396,0.002609,0.086386,0.027045,0.080780,-0.229600,0.377069,-0.012800,-0.049664,-0.031744,3.0000,2.0000,2.0000,0.0000,4.0000,38.9347,39.5807,33.2287,-21.1891,19.6329,,,
1786591767104955733,2026-08-13T10:29:27.104968,prediction,-0.052187,0.608000,0.159623,True,-0.073872,0.633403,0.158440,0.021685,0.025402,0.001183,4.25,20,0.125306,0.950106,0.472294,0.108444,0.931823,0.471839,0.125306,0.950106,0.472294,0.069241,0.135679,-0.073363,0.169072,0.082953,0.141950,-0.059639,0.174894,1.260917,0.446743,-0.107712,-0.021720,-0.960826,-1.557720,0.024429,0.182817,0.271396,0.008289,0.083335,0.029234,0.097300,-0.218820,0.385867,-0.022048,-0.046528,-0.034016,3.0000,2.0000,2.0000,0.0000,4.0000,39.0404,39.4291,33.1568,-21.9323,18.9328,,,
1786591767147794461,2026-08-13T10:29:27.147812,prediction,-0.051760,0.616000,0.156825,True,-0.076327,0.641188,0.154882,0.024567,0.025188,0.001942,7.60,20,0.125306,0.950106,0.472294,0.110275,0.936197,0.469401,0.127961,0.954992,0.469910,0.045713,0.109189,-0.060863,0.133102,0.082953,0.141950,-0.059639,0.174894,1.262289,0.454969,-0.095653,-0.021537,-0.964577,-1.559251,0.034465,0.191108,0.277069,0.003051,0.088574,0.037523,0.089880,-0.165200,0.396325,-0.016768,-0.049824,-0.036064,3.0000,2.0000,2.0000,0.0000,4.0000,39.3127,39.2420,34.2445,-20.3809,18.3662,,,
1786591767186798805,2026-08-13T10:29:27.186826,prediction,-0.051974,0.612000,0.156883,True,-0.076527,0.641691,0.154040,0.024553,0.029691,0.002843,4.20,20,0.130248,0.959829,0.467432,0.112141,0.939631,0.467172,0.130248,0.959829,0.467432,0.043628,0.080294,-0.052120,0.105200,0.074582,0.146738,-0.073383,0.180221,1.263949,0.463103,-0.084225,-0.021332,-0.968533,-1.561029,0.044069,0.215544,0.291902,0.005228,0.110391,0.051482,0.102900,-0.163240,0.398068,-0.013248,-0.052320,-0.036288,3.0000,2.0000,2.0000,0.0000,4.0000,39.3668,39.2322,34.5457,-19.2814,17.9873,,,
1786591767220504303,2026-08-13T10:29:27.220520,prediction,-0.051281,0.625000,0.154039,True,-0.077822,0.649691,0.150575,0.026542,0.024691,0.003465,4.32,20,0.130248,0.959829,0.467432,0.113735,0.943091,0.464711,0.132401,0.964630,0.465091,0.047668,0.103509,-0.073600,0.135659,0.074582,0.146738,-0.073383,0.180221,1.265765,0.471335,-0.073392,-0.021127,-0.973028,-1.563067,0.054105,0.239980,0.306736,0.005228,0.134817,0.061949,0.109620,-0.152180,0.397155,-0.017088,-0.061280,-0.039200,3.0000,2.0000,2.0000,0.0000,4.0000,39.6278,39.2603,34.3794,-18.7391,17.9733,,,
1786591767253164682,2026-08-13T10:29:27.253179,prediction,-0.053929,0.625000,0.151386,True,-0.077435,0.648236,0.148583,0.023506,0.023236,0.002803,4.29,20,0.130248,0.959829,0.467432,0.115308,0.947517,0.462248,0.134683,0.969060,0.462527,0.048061,0.135215,-0.075275,0.162047,0.074582,0.146738,-0.073383,0.180221,1.267405,0.478398,-0.064663,-0.020933,-0.977124,-1.564942,0.061958,0.260051,0.314156,0.005670,0.156203,0.069807,0.115220,-0.161420,0.393918,-0.016640,-0.060896,-0.036288,3.0000,2.0000,2.0000,0.0000,4.0000,39.4990,39.3116,33.7328,-19.1409,17.6358,,,
1786591767281643651,2026-08-13T10:29:27.281658,prediction,-0.053709,0.629000,0.148694,True,-0.075627,0.653024,0.145799,0.021918,0.024024,0.002896,4.20,20,0.130248,0.959829,0.467432,0.116879,0.952135,0.459615,0.136504,0.973730,0.460058,0.054453,0.160066,-0.091227,0.192116,0.074582,0.146738,-0.073383,0.180221,1.268967,0.484847,-0.056983,-0.020772,-0.981005,-1.566656,0.067192,0.274451,0.323316,0.007847,0.167112,0.072426,0.115500,-0.151480,0.396823,-0.017312,-0.057728,-0.040352,3.0000,2.0000,2.0000,0.0000,4.0000,39.4900,39.1744,33.6474,-19.0171,17.4876,,,
1786591767312687982,2026-08-13T10:29:27.312702,prediction,-0.056577,0.625000,0.146080,True,-0.078451,0.655046,0.142052,0.021874,0.030046,0.004028,4.53,20,0.138283,0.978499,0.457378,0.118481,0.956792,0.457012,0.138283,0.978499,0.457378,0.052307,0.152038,-0.084986,0.181864,0.060098,0.139632,-0.075195,0.169597,1.268967,0.484847,-0.056983,-0.020772,-0.981005,-1.566656,0.067192,0.274451,0.323316,0.007847,0.167112,0.072426,0.115500,-0.151480,0.396823,-0.017312,-0.057728,-0.040352,3.0000,2.0000,2.0000,0.0000,4.0000,39.4348,39.3860,33.3347,-19.2078,17.2263,,,
1786591767348930448,2026-08-13T10:29:27.348945,prediction,-0.055614,0.642000,0.143318,True,-0.076103,0.663046,0.138475,0.020489,0.021046,0.004842,4.39,20,0.138283,0.978499,0.457378,0.119847,0.961190,0.454233,0.140077,0.983039,0.454757,0.038583,0.124230,-0.078497,0.151933,0.060098,0.139632,-0.075195,0.169597,1.268967,0.484847,-0.056983,-0.020772,-0.981005,-1.566656,0.067192,0.274451,0.323316,0.007847,0.167112,0.072426,0.115500,-0.151480,0.396823,-0.017312,-0.057728,-0.040352,3.0000,2.0000,2.0000,0.0000,4.0000,39.7303,39.6334,33.1970,-18.5384,17.3277,,,
1786591767378636230,2026-08-13T10:29:27.378657,prediction,-0.055897,0.637000,0.143350,True,-0.070781,0.669242,0.137413,0.014884,0.032242,0.005937,4.37,20,0.141777,0.987215,0.451879,0.121116,0.965750,0.451685,0.141777,0.987215,0.451879,0.042766,0.153713,-0.085912,0.181211,0.052164,0.130128,-0.082103,0.162466,1.268967,0.484847,-0.056983,-0.020772,-0.981005,-1.566656,0.067192,0.274451,0.323316,0.007847,0.167112,0.072426,0.115500,-0.151480,0.396823,-0.017312,-0.057728,-0.040352,3.0000,2.0000,2.0000,0.0000,4.0000,39.9109,39.2279,33.8511,-18.1795,17.4168,,,
1786591767411167031,2026-08-13T10:29:27.411181,prediction,-0.055161,0.650000,0.138042,True,-0.069515,0.677073,0.132148,0.014353,0.027073,0.005894,4.20,20,0.141777,0.987215,0.451879,0.121947,0.969862,0.449128,0.142788,0.991677,0.449120,0.025267,0.125036,-0.077745,0.149387,0.052164,0.130128,-0.082103,0.162466,1.270064,0.489329,-0.051786,-0.020664,-0.983721,-1.567853,0.070243,0.284049,0.327249,0.008289,0.172351,0.075477,0.125860,-0.149100,0.391345,-0.016544,-0.068288,-0.041696,3.0000,2.0000,2.0000,0.0000,4.0000,39.9746,39.4173,32.4850,-17.8048,17.6441,,,
1786591767444303376,2026-08-13T10:29:27.444324,prediction,-0.058001,0.646000,0.132818,True,-0.070140,0.680881,0.127151,0.012139,0.034881,0.005667,7.51,20,0.141777,0.987215,0.451879,0.122979,0.973884,0.446411,0.143364,0.996100,0.446331,0.034492,0.134344,-0.090740,0.165746,0.052164,0.130128,-0.082103,0.162466,1.281217,0.534816,-0.000357,-0.019575,-1.012965,-1.579818,0.071994,0.308923,0.379168,0.008289,0.215543,0.080716,0.093800,-0.213780,0.406285,-0.018432,-0.072864,-0.042688,3.0000,2.0000,2.0000,0.0000,4.0000,40.0128,39.5459,32.4147,-16.5641,17.4902,,,
1786591767475581289,2026-08-13T10:29:27.475600,prediction,-0.057768,0.650000,0.127595,True,-0.068113,0.683712,0.123875,0.010345,0.033712,0.003719,6.47,20,0.141777,0.987215,0.451879,0.123803,0.978315,0.443521,0.143934,1.000636,0.443322,0.025371,0.136528,-0.089044,0.164962,0.052164,0.130128,-0.082103,0.162466,1.283981,0.546969,0.015116,-0.019295,-1.021363,-1.582879,0.066754,0.295392,0.392262,0.005228,0.207254,0.072426,0.069720,-0.269640,0.429359,-0.019776,-0.067232,-0.035968,3.0000,2.0000,2.0000,0.0000,4.0000,39.9257,39.5648,31.4498,-17.6493,16.3129,,,
1786591767509838417,2026-08-13T10:29:27.509858,prediction,-0.057302,0.658000,0.125024,True,-0.066456,0.691712,0.120708,0.009154,0.033712,0.004316,4.97,20,0.144085,1.005138,0.440207,0.124457,0.982615,0.440660,0.144085,1.005138,0.440207,0.018353,0.120572,-0.080239,0.145989,0.017354,0.134760,-0.087753,0.161746,1.285464,0.553829,0.024640,-0.019133,-1.026181,-1.584474,0.058901,0.279247,0.399674,0.005228,0.194157,0.065010,0.086380,-0.304080,0.423632,-0.020096,-0.070848,-0.037632,3.0000,2.0000,2.0000,0.0000,4.0000,39.6136,39.3679,31.1436,-18.7681,16.2833,,,
1786591767546992458,2026-08-13T10:29:27.547017,prediction,-0.057535,0.654000,0.122398,True,-0.064557,0.693759,0.117966,0.007022,0.039758,0.004432,6.56,20,0.144085,1.005138,0.440207,0.125141,0.986621,0.437809,0.143835,1.009739,0.437106,0.019444,0.114004,-0.081122,0.141265,0.017354,0.134760,-0.087753,0.161746,1.287823,0.565158,0.042120,-0.018885,-1.034179,-1.586943,0.049303,0.236491,0.394001,0.002609,0.167112,0.048432,0.057960,-0.361760,0.418652,-0.019040,-0.061568,-0.035360,3.0000,2.0000,2.0000,0.0000,4.0000,39.3948,39.1824,31.5205,-19.2385,16.8219,,,
1786591767580769331,2026-08-13T10:29:27.580793,prediction,-0.057302,0.658000,0.119827,True,-0.066889,0.699171,0.112329,0.009587,0.041171,0.007498,6.08,20,0.143499,1.014404,0.434105,0.125496,0.990569,0.434982,0.143499,1.014404,0.434105,0.010182,0.113166,-0.081036,0.139561,-0.008810,0.139204,-0.091675,0.166912,1.287823,0.565158,0.042120,-0.018885,-1.034179,-1.586943,0.049303,0.236491,0.394001,0.002609,0.167112,0.048432,0.057960,-0.361760,0.418652,-0.019040,-0.061568,-0.035360,3.0000,2.0000,2.0000,0.0000,4.0000,39.3296,39.5254,30.5663,-19.4046,17.0122,,,
1786591767615816081,2026-08-13T10:29:27.615836,prediction,-0.056836,0.666000,0.117309,True,-0.065297,0.707171,0.110107,0.008461,0.041171,0.007202,6.50,20,0.143499,1.014404,0.434105,0.125806,0.994026,0.432161,0.143004,1.018865,0.430884,0.008986,0.100220,-0.081799,0.129676,-0.008810,0.139204,-0.091675,0.166912,1.287823,0.565158,0.042120,-0.018885,-1.034179,-1.586943,0.049303,0.236491,0.394001,0.002609,0.167112,0.048432,0.057960,-0.361760,0.418652,-0.019040,-0.061568,-0.035360,3.0000,2.0000,2.0000,0.0000,4.0000,38.9969,38.9696,31.3023,-19.2575,16.8973,,,
1786591767652361578,2026-08-13T10:29:27.652376,prediction,-0.056370,0.674000,0.114817,True,-0.063608,0.715171,0.107415,0.007238,0.041171,0.007403,5.21,20,0.142432,1.023265,0.427662,0.126113,0.997597,0.429360,0.142432,1.023265,0.427662,0.007918,0.092025,-0.072163,0.117213,-0.015993,0.132850,-0.096599,0.165034,1.287823,0.565158,0.042120,-0.018885,-1.034179,-1.586943,0.049303,0.236491,0.394001,0.002609,0.167112,0.048432,0.057960,-0.361760,0.418652,-0.019040,-0.061568,-0.035360,3.0000,2.0000,2.0000,0.0000,4.0000,39.9365,39.4861,31.3365,-17.2885,18.8061,,,
1786591767692353700,2026-08-13T10:29:27.692371,prediction,-0.056603,0.670000,0.109613,True,-0.061013,0.713021,0.102930,0.004410,0.043021,0.006683,5.00,20,0.142432,1.023265,0.427662,0.126422,1.001405,0.426209,0.141584,1.028066,0.424498,0.007795,0.096177,-0.079602,0.125089,-0.015993,0.132850,-0.096599,0.165034,1.292213,0.587490,0.096270,-0.018379,-1.051943,-1.591524,0.016138,0.070243,0.308483,0.000000,0.072857,0.013517,0.044520,-0.421540,0.385369,-0.017760,-0.048704,-0.031392,3.0000,2.0000,2.0000,0.0000,4.0000,39.4122,39.2655,31.3920,-18.5063,18.0372,,,
1786591767730442720,2026-08-13T10:29:27.730457,prediction,-0.053802,0.674000,0.107101,True,-0.060198,0.718755,0.099286,0.006396,0.044755,0.007815,4.46,20,0.141584,1.028066,0.424498,0.126590,1.005259,0.423080,0.140550,1.032857,0.421090,0.004343,0.099591,-0.080845,0.128348,-0.012686,0.071817,-0.047342,0.086947,1.292671,0.589346,0.107251,-0.018303,-1.054153,-1.591977,0.008285,0.026174,0.241723,0.000000,0.043193,0.007847,0.041160,-0.482580,0.352833,-0.017152,-0.048704,-0.032576,3.0000,2.0000,2.0000,0.0000,4.0000,38.7004,38.7472,32.3200,-18.6608,17.1327,,,
1786591767767793561,2026-08-13T10:29:27.767811,prediction,-0.053349,0.682000,0.107234,True,-0.061343,0.726755,0.099003,0.007994,0.044755,0.008231,4.55,20,0.139375,1.037734,0.417671,0.126551,1.008644,0.420136,0.139375,1.037734,0.417671,-0.001049,0.091881,-0.079912,0.121774,-0.033261,0.145563,-0.102779,0.181269,1.292808,0.589601,0.112337,-0.018282,-1.054951,-1.592149,0.004796,0.000000,0.191543,0.000000,0.027045,0.005228,0.051100,-0.522620,0.325526,-0.016864,-0.047648,-0.032288,3.0000,2.0000,2.0000,0.0000,4.0000,37.6524,37.8681,33.0660,-20.7500,17.1786,,,
1786591767804020386,2026-08-13T10:29:27.804044,prediction,-0.052953,0.689000,0.104804,True,-0.058974,0.734755,0.095973,0.006021,0.045755,0.008831,7.94,20,0.139375,1.037734,0.417671,0.126501,1.012361,0.417210,0.138302,1.042471,0.414366,-0.001544,0.113875,-0.089645,0.144935,-0.033261,0.145563,-0.102779,0.181269,1.292834,0.589594,0.113765,-0.018282,-1.055145,-1.592203,0.003489,0.001744,0.174963,0.000000,0.024426,0.005670,0.057960,-0.697060,0.315898,-0.016544,-0.046144,-0.033408,3.0000,2.0000,2.0000,0.0000,4.0000,37.3763,37.4254,33.1719,-21.2323,17.0315,,,
1786591767836705628,2026-08-13T10:29:27.836722,prediction,-0.052273,0.701000,0.102497,True,-0.056894,0.741619,0.093273,0.004620,0.040619,0.009224,8.14,20,0.137192,1.047528,0.411044,0.126214,1.016517,0.414305,0.137192,1.047528,0.411044,-0.008808,0.127608,-0.089198,0.155941,-0.032474,0.145692,-0.098583,0.178883,1.292834,0.589594,0.113765,-0.018282,-1.055145,-1.592203,0.003489,0.001744,0.174963,0.000000,0.024426,0.005670,0.057960,-0.697060,0.315898,-0.016544,-0.046144,-0.033408,3.0000,2.0000,2.0000,0.0000,4.0000,37.3407,37.4748,33.2260,-21.1927,17.4554,,,
1786591767875709689,2026-08-13T10:29:27.875766,prediction,-0.053123,0.686000,0.102196,True,-0.054294,0.736788,0.093458,0.001171,0.050788,0.008739,8.91,20,0.137192,1.047528,0.411044,0.126048,1.020549,0.411563,0.135755,1.052898,0.407792,-0.004444,0.107868,-0.073352,0.130521,-0.032474,0.145692,-0.098583,0.178883,1.292834,0.589594,0.113765,-0.018282,-1.055145,-1.592203,0.003489,0.001744,0.174963,0.000000,0.024426,0.005670,0.057960,-0.697060,0.315898,-0.016544,-0.046144,-0.033408,3.0000,2.0000,2.0000,0.0000,4.0000,37.2750,37.3417,33.4206,-20.9046,17.5040,,,
1786591767908202579,2026-08-13T10:29:27.908221,prediction,-0.052726,0.693000,0.102337,True,-0.057188,0.744030,0.092044,0.004461,0.051030,0.010293,6.52,20,0.134301,1.058332,0.404791,0.125836,1.024342,0.408829,0.134301,1.058332,0.404791,-0.006000,0.107659,-0.077608,0.132851,-0.043600,0.162935,-0.094302,0.193240,1.293148,0.583871,0.122612,-0.018217,-1.055716,-1.592634,0.003051,0.073301,0.039265,0.000000,0.010898,0.002609,0.058800,-0.768460,0.073621,-0.018496,0.057344,-0.034240,3.0000,2.0000,2.0000,0.0000,4.0000,37.5764,37.1466,33.9367,-20.0290,17.6551,,,
1786591767951236654,2026-08-13T10:29:27.951253,prediction,-0.053123,0.686000,0.102196,True,-0.056715,0.744475,0.091723,0.003592,0.058475,0.010473,8.50,20,0.134301,1.058332,0.404791,0.125700,1.027447,0.406439,0.133395,1.063609,0.401766,-0.003281,0.074980,-0.057703,0.094670,-0.043600,0.162935,-0.094302,0.193240,1.293265,0.578513,0.116687,-0.018217,-1.053345,-1.592872,0.001744,0.098174,0.135698,0.000000,0.048432,0.005670,0.070280,-0.745220,0.060590,-0.032576,0.043520,-0.035072,3.0000,2.0000,2.0000,0.0000,4.0000,38.2713,37.2133,33.9889,-20.3416,19.4888,,,
1786591767981077101,2026-08-13T10:29:27.981094,prediction,-0.058218,0.686000,0.102196,True,-0.060252,0.739751,0.092229,0.002034,0.053751,0.009967,5.60,20,0.132541,1.068653,0.399071,0.125715,1.030201,0.404398,0.132541,1.068653,0.399071,0.000436,0.083232,-0.061688,0.103601,-0.026474,0.155298,-0.086057,0.179511,1.293291,0.577350,0.114984,-0.018217,-1.052752,-1.592925,0.001744,0.096423,0.143111,0.000000,0.051040,0.003051,0.070560,-0.742980,0.057436,-0.034912,0.044416,-0.035296,3.0000,2.0000,2.0000,0.0000,4.0000,39.4196,38.0585,33.4009,-19.5031,17.6635,,,
1786591768024532358,2026-08-13T10:29:28.024550,prediction,-0.058457,0.682000,0.102116,True,-0.059770,0.734160,0.093873,0.001313,0.052160,0.008243,5.12,20,0.132541,1.068653,0.399071,0.125761,1.032672,0.402700,0.131882,1.073233,0.396743,0.001050,0.056466,-0.038816,0.068529,-0.026474,0.155298,-0.086057,0.179511,1.293291,0.577350,0.114984,-0.018217,-1.052752,-1.592925,0.001744,0.096423,0.143111,0.000000,0.051040,0.003051,0.070560,-0.742980,0.057436,-0.034912,0.044416,-0.035296,3.0000,2.0000,2.0000,0.0000,4.0000,39.4293,38.2780,33.4904,-20.1021,18.3679,,,
1786591768079898692,2026-08-13T10:29:28.079926,prediction,-0.060765,0.686000,0.102196,True,-0.063566,0.731205,0.095294,0.002801,0.045205,0.006902,9.31,20,0.131882,1.073233,0.396743,0.125992,1.035086,0.401178,0.131326,1.077289,0.394743,0.004524,0.047301,-0.029817,0.056097,-0.009867,0.068553,-0.034848,0.077532,1.293291,0.577350,0.114984,-0.018217,-1.052752,-1.592925,0.001744,0.096423,0.143111,0.000000,0.051040,0.003051,0.070560,-0.742980,0.057436,-0.034912,0.044416,-0.035296,3.0000,2.0000,2.0000,0.0000,4.0000,39.5247,38.4165,33.3247,-20.1085,18.5919,,,
1786591768124586517,2026-08-13T10:29:28.124614,prediction,-0.060581,0.689000,0.102257,True,-0.064516,0.732485,0.095098,0.003935,0.043484,0.007159,10.39,20,0.131133,1.080791,0.393049,0.126195,1.037276,0.399835,0.131133,1.080791,0.393049,0.004572,0.049305,-0.030238,0.058019,-0.011240,0.113427,-0.055448,0.126753,1.293324,0.576181,0.113222,-0.018217,-1.052148,-1.592990,0.001744,0.095992,0.148784,0.000000,0.051040,0.005670,0.072520,-0.723100,0.059677,-0.036960,0.044928,-0.034560,3.0000,2.0000,2.0000,0.0000,4.0000,39.4885,38.5465,32.8505,-20.9319,17.9421,,,
1786591768173119034,2026-08-13T10:29:28.173139,prediction,-0.063313,0.686000,0.102196,True,-0.065826,0.727848,0.096323,0.002513,0.041848,0.005873,9.34,20,0.131130,1.083666,0.391524,0.126595,1.039207,0.398660,0.131130,1.083666,0.391524,0.008246,0.039738,-0.024185,0.047244,-0.000041,0.043056,-0.022833,0.048736,1.293324,0.576181,0.113222,-0.018217,-1.052148,-1.592990,0.001744,0.095992,0.148784,0.000000,0.051040,0.005670,0.072520,-0.723100,0.059677,-0.036960,0.044928,-0.034560,3.0000,2.0000,2.0000,0.0000,4.0000,39.5883,38.7654,32.6003,-20.9726,17.7273,,,
1786591768213546212,2026-08-13T10:29:28.213571,prediction,-0.065147,0.697000,0.102417,True,-0.069661,0.731402,0.096850,0.004514,0.034402,0.005567,5.46,20,0.131130,1.083666,0.391524,0.127150,1.041247,0.397667,0.131060,1.086238,0.390457,0.012200,0.044908,-0.021860,0.051414,-0.000041,0.043056,-0.022833,0.048736,1.293736,0.565864,0.094612,-0.018239,-1.044236,-1.593551,0.000000,0.065010,0.150531,0.002609,0.075477,0.005670,0.057960,-0.641060,0.091715,-0.062336,0.044704,-0.033344,3.0000,2.0000,2.0000,0.0000,4.0000,39.8299,39.0544,32.5130,-20.9394,17.4850,,,
1786591768255776358,2026-08-13T10:29:28.255815,prediction,-0.067676,0.697000,0.099882,True,-0.070561,0.732145,0.096251,0.002884,0.035145,0.003631,10.02,20,0.131350,1.088471,0.389573,0.127903,1.043308,0.396671,0.131350,1.088471,0.389573,0.020730,0.056686,-0.027382,0.066278,0.003300,0.072055,-0.029252,0.077837,1.293736,0.565864,0.094612,-0.018239,-1.044236,-1.593551,0.000000,0.065010,0.150531,0.002609,0.075477,0.005670,0.057960,-0.641060,0.091715,-0.062336,0.044704,-0.033344,3.0000,2.0000,2.0000,0.0000,4.0000,39.9141,39.3160,32.1373,-21.0345,16.7550,,,
1786591768303437114,2026-08-13T10:29:28.303459,prediction,-0.067676,0.697000,0.097348,True,-0.060768,0.689900,0.101514,0.006908,0.007100,0.004166,0.00,20,0.131814,1.090210,0.388829,0.128642,1.045160,0.395853,0.131814,1.090210,0.388829,0.012410,0.031137,-0.013745,0.036228,0.006936,0.026022,-0.011137,0.029142,1.293736,0.565864,0.094612,-0.018239,-1.044236,-1.593551,0.000000,0.065010,0.150531,0.002609,0.075477,0.005670,0.057960,-0.641060,0.091715,-0.062336,0.044704,-0.033344,3.0000,2.0000,2.0000,0.0000,4.0000,40.5333,39.8895,31.4863,-20.3388,16.8322,,,
1786591768337974037,2026-08-13T10:29:28.338005,prediction,-0.066878,0.709000,0.095114,True,-0.060768,0.689900,0.101514,0.006110,0.019100,0.006401,0.00,20,0.131814,1.090210,0.388829,0.128642,1.045160,0.395853,0.131798,1.091538,0.388735,0.012410,0.031137,-0.013745,0.036228,0.006936,0.026022,-0.011137,0.029142,1.292083,0.586863,0.108545,-0.018530,-1.036260,-1.591298,0.019634,0.231689,0.278809,0.002609,0.037954,0.024426,-0.125160,-0.244160,0.452350,-0.101920,-0.052320,0.033792,3.0000,2.0000,2.0000,0.0000,4.0000,40.7065,40.1025,31.0353,-20.0441,17.0368,,,
1786591768373078778,2026-08-13T10:29:28.373100,prediction,-0.062112,0.705000,0.095014,True,-0.060768,0.689900,0.101514,0.001343,0.015100,0.006500,0.00,20,0.131836,1.090456,0.388883,0.129513,1.046757,0.395054,0.131836,1.090456,0.388883,0.024263,0.044453,-0.022242,0.055312,0.000328,0.003713,0.000818,0.003816,1.291403,0.593593,0.116828,-0.018584,-1.037693,-1.590543,0.027925,0.244782,0.306736,0.000000,0.059340,0.026614,-0.130480,-0.273700,0.423881,-0.099840,-0.051264,0.033632,3.0000,2.0000,2.0000,0.0000,4.0000,40.5903,40.0411,31.0146,-19.4257,17.0126,,,
1786591768407831388,2026-08-13T10:29:28.407854,prediction,-0.060334,0.693000,0.092173,True,-0.060768,0.689900,0.101514,0.000434,0.003100,0.009341,0.00,20,0.131836,1.090456,0.388883,0.130097,1.048730,0.394240,0.131797,1.088701,0.389051,0.016659,0.056259,-0.023234,0.063106,0.000328,0.003713,0.000818,0.003816,1.290005,0.605386,0.132181,-0.018648,-1.041261,-1.589142,0.029231,0.244782,0.327249,0.002609,0.089005,0.029665,-0.157360,-0.290780,0.443635,-0.102528,-0.055776,0.032736,3.0000,2.0000,2.0000,0.0000,4.0000,40.4470,39.9386,31.0864,-19.3364,17.0669,,,
1786591768446173651,2026-08-13T10:29:28.446202,prediction,-0.060581,0.689000,0.089519,True,-0.060768,0.689900,0.101514,0.000188,0.000900,0.011995,0.00,20,0.131917,1.086384,0.389420,0.130590,1.050351,0.393398,0.131917,1.086384,0.389420,0.014162,0.046655,-0.024233,0.054447,0.001215,-0.060878,0.008025,0.061417,1.289077,0.612311,0.141490,-0.018659,-1.043988,-1.588280,0.036209,0.246527,0.336409,0.000000,0.105152,0.032284,-0.165200,-0.285740,0.444133,-0.102752,-0.060672,0.029952,3.0000,2.0000,2.0000,0.0000,4.0000,40.3623,39.8783,31.0963,-19.5842,17.2875,,,
1786591768481955930,2026-08-13T10:29:28.481969,prediction,-0.060581,0.689000,0.089519,True,-0.060768,0.689900,0.101514,0.000188,0.000900,0.011995,0.00,20,0.131917,1.086384,0.389420,0.131143,1.050889,0.392532,0.132175,1.083529,0.389969,0.014324,0.013904,-0.022378,0.029988,0.001215,-0.060878,0.008025,0.061417,1.289077,0.612311,0.141490,-0.018659,-1.043988,-1.588280,0.036209,0.246527,0.336409,0.000000,0.105152,0.032284,-0.165200,-0.285740,0.444133,-0.102752,-0.060672,0.029952,3.0000,2.0000,2.0000,0.0000,4.0000,40.4699,40.0090,30.8034,-18.8079,17.8887,,,
1786591768517609258,2026-08-13T10:29:28.517626,prediction,-0.060088,0.697000,0.089745,True,-0.060768,0.689900,0.101514,0.000680,0.007100,0.011769,0.00,20,0.132607,1.080457,0.390506,0.131641,1.050996,0.391687,0.132607,1.080457,0.390506,0.014129,0.003055,-0.024018,0.028032,0.010343,-0.088861,0.016289,0.090932,1.289077,0.612311,0.141490,-0.018659,-1.043988,-1.588280,0.036209,0.246527,0.336409,0.000000,0.105152,0.032284,-0.165200,-0.285740,0.444133,-0.102752,-0.060672,0.029952,3.0000,2.0000,2.0000,0.0000,4.0000,40.2089,39.8012,30.7964,-19.1144,17.5774,,,
1786591768547897980,2026-08-13T10:29:28.547912,prediction,-0.057319,0.701000,0.089858,True,-0.060768,0.689900,0.101514,0.003449,0.011100,0.011656,0.00,20,0.132607,1.080457,0.390506,0.132131,1.050804,0.390848,0.132846,1.077084,0.391138,0.013727,-0.005365,-0.023478,0.027721,0.010343,-0.088861,0.016289,0.090932,1.289077,0.612311,0.141490,-0.018659,-1.043988,-1.588280,0.036209,0.246527,0.336409,0.000000,0.105152,0.032284,-0.165200,-0.285740,0.444133,-0.102752,-0.060672,0.029952,3.0000,2.0000,2.0000,0.0000,4.0000,40.2917,39.8528,30.8844,-18.6770,17.6519,,,
1786591768577649278,2026-08-13T10:29:28.577668,prediction,-0.057559,0.697000,0.089745,True,-0.060768,0.689900,0.101514,0.003210,0.007100,0.011769,0.00,20,0.132607,1.080457,0.390506,0.132411,1.051353,0.390025,0.133116,1.073523,0.391791,0.009264,0.018157,-0.027238,0.034021,0.010343,-0.088861,0.016289,0.090932,1.283125,0.648253,0.189380,-0.018788,-1.065644,-1.582739,0.053667,0.282742,0.347755,0.002609,0.196777,0.051482,-0.172900,-0.248920,0.403712,-0.103360,-0.070688,0.037856,3.0000,2.0000,2.0000,0.0000,4.0000,40.3325,39.8475,30.8958,-18.7939,17.7790,,,
1786591768610659653,2026-08-13T10:29:28.610679,prediction,-0.058038,0.689000,0.086972,True,-0.060768,0.689900,0.101514,0.002730,0.000900,0.014543,0.00,20,0.132607,1.080457,0.390506,0.132367,1.052049,0.389195,0.133150,1.069923,0.392410,-0.001469,0.023281,-0.027752,0.036254,0.010343,-0.088861,0.016289,0.090932,1.281407,0.657361,0.200317,-0.018842,-1.072176,-1.581068,0.054105,0.285794,0.336848,0.002609,0.209873,0.053659,-0.160860,-0.251720,0.399811,-0.103360,-0.078752,0.034912,3.0000,2.0000,2.0000,0.0000,4.0000,40.4412,40.3999,30.1479,-19.0198,17.7762,,,
1786591768645562825,2026-08-13T10:29:28.645580,prediction,-0.057319,0.701000,0.087331,True,-0.060768,0.689900,0.101514,0.003449,0.011100,0.014183,0.00,20,0.133217,1.066545,0.392919,0.132339,1.052775,0.388186,0.133217,1.066545,0.392919,-0.000846,0.021965,-0.030550,0.037636,0.004581,-0.104488,0.018120,0.106147,1.279466,0.667775,0.212064,-0.018896,-1.080013,-1.579096,0.055412,0.289283,0.317643,0.002609,0.218163,0.053659,-0.179760,-0.287280,0.400973,-0.104192,-0.073472,0.035136,3.0000,2.0000,2.0000,0.0000,4.0000,40.6627,40.5311,30.0580,-18.7570,17.7047,,,
1786591768680170803,2026-08-13T10:29:28.680194,prediction,-0.057079,0.705000,0.087451,True,-0.060768,0.689900,0.101514,0.003689,0.015100,0.014064,0.00,20,0.133217,1.066545,0.392919,0.132109,1.053507,0.387194,0.133030,1.063509,0.393334,-0.006609,0.021051,-0.028506,0.036047,0.004581,-0.104488,0.018120,0.106147,1.279466,0.667775,0.212064,-0.018896,-1.080013,-1.579096,0.055412,0.289283,0.317643,0.002609,0.218163,0.053659,-0.179760,-0.287280,0.400973,-0.104192,-0.073472,0.035136,3.0000,2.0000,2.0000,0.0000,4.0000,40.7612,40.6282,29.8480,-18.5379,17.9346,,,
1786591768709393162,2026-08-13T10:29:28.709409,prediction,-0.059595,0.705000,0.087451,True,-0.060768,0.689900,0.101514,0.001173,0.015100,0.014064,0.00,20,0.133217,1.066545,0.392919,0.131876,1.054453,0.386207,0.132781,1.060630,0.393761,-0.006712,0.027213,-0.028383,0.039890,0.004581,-0.104488,0.018120,0.106147,1.279466,0.667775,0.212064,-0.018896,-1.080013,-1.579096,0.055412,0.289283,0.317643,0.002609,0.218163,0.053659,-0.179760,-0.287280,0.400973,-0.104192,-0.073472,0.035136,3.0000,2.0000,2.0000,0.0000,4.0000,40.8156,40.1198,30.5761,-18.9299,18.2712,,,
1786591768738908882,2026-08-13T10:29:28.738936,prediction,-0.059349,0.709000,0.087570,True,-0.060768,0.689900,0.101514,0.001419,0.019100,0.013944,0.00,20,0.133217,1.066545,0.392919,0.131628,1.055656,0.385224,0.132443,1.057852,0.394108,-0.008505,0.041271,-0.033737,0.053980,0.004581,-0.104488,0.018120,0.106147,1.279466,0.667775,0.212064,-0.018896,-1.080013,-1.579096,0.055412,0.289283,0.317643,0.002609,0.218163,0.053659,-0.179760,-0.287280,0.400973,-0.104192,-0.073472,0.035136,3.0000,2.0000,2.0000,0.0000,4.0000,40.7639,40.2721,29.9411,-17.9688,17.8683,,,
1786591768773498890,2026-08-13T10:29:28.773524,prediction,-0.059842,0.701000,0.087331,True,-0.060768,0.689900,0.101514,0.000926,0.011100,0.014183,0.00,20,0.131850,1.055082,0.394418,0.131242,1.056750,0.384235,0.131850,1.055082,0.394418,-0.012997,0.036783,-0.033282,0.051280,-0.010256,-0.086036,0.011255,0.087373,1.279466,0.667775,0.212064,-0.018896,-1.080013,-1.579096,0.055412,0.289283,0.317643,0.002609,0.218163,0.053659,-0.179760,-0.287280,0.400973,-0.104192,-0.073472,0.035136,3.0000,2.0000,2.0000,0.0000,4.0000,40.6827,40.2108,29.9810,-18.2805,17.5321,,,
1786591768802919169,2026-08-13T10:29:28.802935,prediction,-0.059349,0.709000,0.085056,True,-0.060768,0.689900,0.101514,0.001419,0.019100,0.016458,0.00,20,0.131850,1.055082,0.394418,0.130719,1.057395,0.383398,0.131198,1.052315,0.394769,-0.015100,0.018660,-0.024192,0.034081,-0.010256,-0.086036,0.011255,0.087373,1.279466,0.667775,0.212064,-0.018896,-1.080013,-1.579096,0.055412,0.289283,0.317643,0.002609,0.218163,0.053659,-0.179760,-0.287280,0.400973,-0.104192,-0.073472,0.035136,3.0000,2.0000,2.0000,0.0000,4.0000,40.6009,40.2677,30.0691,-18.3188,17.4541,,,
1786591768834660170,2026-08-13T10:29:28.834675,prediction,-0.062617,0.697000,0.082143,True,-0.060768,0.689900,0.101514,0.001849,0.007100,0.019372,0.00,20,0.131198,1.049548,0.394769,0.130164,1.058164,0.382578,0.131198,1.049548,0.394769,-0.019122,0.026492,-0.028228,0.043178,-0.009728,-0.082468,0.005229,0.083204,1.279466,0.667775,0.212064,-0.018896,-1.080013,-1.579096,0.055412,0.289283,0.317643,0.002609,0.218163,0.053659,-0.179760,-0.287280,0.400973,-0.104192,-0.073472,0.035136,3.0000,2.0000,2.0000,0.0000,4.0000,40.5867,40.0831,29.6914,-18.1239,17.6583,,,
1786591768866167904,2026-08-13T10:29:28.866193,prediction,-0.065406,0.693000,0.079469,True,-0.060768,0.689900,0.101514,0.004638,0.003100,0.022046,0.00,20,0.131198,1.049548,0.394769,0.129880,1.058531,0.381714,0.131198,1.048995,0.394769,-0.008940,0.011556,-0.027217,0.030890,-0.009728,-0.082468,0.005229,0.083204,1.279466,0.667775,0.212064,-0.018896,-1.080013,-1.579096,0.055412,0.289283,0.317643,0.002609,0.218163,0.053659,-0.179760,-0.287280,0.400973,-0.104192,-0.073472,0.035136,3.0000,2.0000,2.0000,0.0000,4.0000,40.4785,39.8941,29.7344,-18.3684,17.7533,,,
1786591768897487901,2026-08-13T10:29:28.897500,prediction,-0.064887,0.701000,0.074692,True,-0.060768,0.689900,0.101514,0.004119,0.011100,0.026822,0.00,20,0.131198,1.048884,0.394769,0.130100,1.058178,0.380677,0.131198,1.048884,0.394769,0.006967,-0.011204,-0.032872,0.035421,0.000000,-0.009960,0.000000,0.009960,1.269006,0.726434,0.291501,-0.019209,-1.117999,-1.569427,0.019634,0.168424,0.345569,0.000000,0.064568,0.018756,-0.141540,-0.390180,0.434671,-0.110752,-0.043872,0.031520,3.0000,2.0000,2.0000,0.0000,4.0000,40.6444,39.7163,29.4212,-17.5323,17.7288,,,
1786591768926676047,2026-08-13T10:29:28.926694,prediction,-0.067144,0.705000,0.074845,True,-0.060768,0.689900,0.101514,0.006376,0.015100,0.026669,0.00,20,0.131198,1.048884,0.394769,0.130403,1.057681,0.379512,0.131198,1.048862,0.394769,0.009683,-0.015865,-0.037177,0.041564,0.000000,-0.009960,0.000000,0.009960,1.268686,0.729100,0.297077,-0.019220,-1.118926,-1.569168,0.019634,0.164928,0.349495,0.000000,0.056721,0.016579,-0.134540,-0.409500,0.453263,-0.109824,-0.045600,0.032576,3.0000,2.0000,2.0000,0.0000,4.0000,40.7424,39.7892,29.2475,-17.4439,16.9118,,,
1786591768960296098,2026-08-13T10:29:28.960317,prediction,-0.070206,0.697000,0.066937,True,-0.060768,0.689900,0.101514,0.009437,0.007100,0.034577,0.00,20,0.131198,1.048884,0.394769,0.130841,1.058008,0.378534,0.131198,1.048858,0.394769,0.014912,0.011151,-0.033339,0.038187,0.000000,-0.009960,0.000000,0.009960,1.267889,0.736692,0.314208,-0.019220,-1.121492,-1.568489,0.016576,0.153586,0.360410,0.000000,0.054101,0.013517,-0.133840,-0.411320,0.437576,-0.106976,-0.045984,0.031168,3.0000,2.0000,2.0000,0.0000,4.0000,40.7068,39.6528,29.0490,-16.9755,17.1939,,,
1786591768993082896,2026-08-13T10:29:28.993098,prediction,-0.069388,0.709000,0.064940,True,-0.060768,0.689900,0.101514,0.008619,0.019100,0.036574,0.00,20,0.131198,1.048884,0.394769,0.131483,1.058713,0.377028,0.131198,1.048857,0.394769,0.019079,0.020975,-0.044763,0.052988,0.000000,-0.009960,0.000000,0.009960,1.267457,0.741546,0.325680,-0.019230,-1.123184,-1.568068,0.011342,0.151841,0.356476,0.000000,0.054101,0.010467,-0.137900,-0.375620,0.420893,-0.104480,-0.051488,0.032064,3.0000,2.0000,2.0000,0.0000,4.0000,40.8195,39.6438,28.7485,-16.7372,16.7774,,,
1786591769024169130,2026-08-13T10:29:29.024186,prediction,-0.068910,0.716000,0.062751,True,-0.060768,0.689900,0.101514,0.008142,0.026100,0.038763,0.00,20,0.131198,1.048884,0.394769,0.132103,1.059708,0.375374,0.131198,1.048857,0.394769,0.019021,0.030510,-0.050736,0.062184,0.000000,-0.009960,0.000000,0.009960,1.267118,0.745891,0.335643,-0.019230,-1.124779,-1.567734,0.011780,0.158388,0.355168,0.000000,0.061949,0.010898,-0.130200,-0.330400,0.420727,-0.100576,-0.051264,0.029888,3.0000,2.0000,2.0000,0.0000,4.0000,40.7399,39.6314,28.6527,-16.5938,16.5750,,,
1786591769068717862,2026-08-13T10:29:29.068736,prediction,-0.069660,0.705000,0.059719,True,-0.060612,0.691012,0.093514,0.009049,0.013988,0.033795,7.13,20,0.131198,1.048857,0.394769,0.133682,1.061355,0.371566,0.131198,1.048857,0.394769,0.023319,0.023348,-0.057859,0.066607,0.000000,-0.000204,0.000000,0.000204,1.266699,0.754993,0.353971,-0.019230,-1.128595,-1.567335,0.004796,0.191108,0.351242,0.000000,0.083335,0.005228,-0.125860,-0.319200,0.416245,-0.094560,-0.053216,0.031904,3.0000,2.0000,2.0000,0.0000,4.0000,40.7281,39.8862,28.4041,-17.2521,16.8481,,,
1786591769105756261,2026-08-13T10:29:29.105775,prediction,-0.068910,0.716000,0.055242,True,-0.064936,0.697483,0.085514,0.003974,0.018518,0.030272,7.27,20,0.131198,1.048857,0.394769,0.134407,1.062529,0.369450,0.131187,1.048856,0.394236,0.018903,0.030640,-0.055164,0.065873,0.000000,-0.000204,0.000000,0.000204,1.266582,0.763219,0.368001,-0.019230,-1.132508,-1.567249,0.000000,0.219033,0.351242,0.000000,0.107772,0.000000,-0.116200,-0.298480,0.422636,-0.087328,-0.059232,0.027776,3.0000,2.0000,2.0000,0.0000,4.0000,40.8694,39.9139,28.1540,-16.8858,16.7624,,,
1786591769139733023,2026-08-13T10:29:29.139764,prediction,-0.072177,0.705000,0.054677,True,-0.067864,0.698375,0.078641,0.004312,0.006625,0.023964,6.41,20,0.131198,1.048857,0.394769,0.135397,1.063191,0.367273,0.131465,1.048916,0.393169,0.029301,0.019573,-0.064397,0.073407,0.000000,-0.000204,0.000000,0.000204,1.266588,0.769693,0.377815,-0.019230,-1.135839,-1.567271,0.000000,0.239980,0.351242,0.000000,0.126528,0.002609,-0.020440,-0.264740,0.412510,-0.077696,-0.057952,0.010816,3.0000,2.0000,2.0000,0.0000,4.0000,41.2874,40.2826,27.4966,-17.1185,16.1786,,,
1786591769173651655,2026-08-13T10:29:29.173669,prediction,-0.074407,0.709000,0.049854,True,-0.071432,0.701489,0.070641,0.002975,0.007511,0.020787,4.41,20,0.131938,1.049332,0.391644,0.136553,1.063750,0.364767,0.131938,1.049332,0.391644,0.031783,0.015380,-0.068962,0.077475,0.005647,0.003627,-0.023833,0.024760,1.266745,0.779971,0.391734,-0.019220,-1.141326,-1.567400,0.008285,0.269649,0.343829,0.000000,0.145726,0.005670,0.048300,-0.273700,0.407696,-0.060896,-0.062720,-0.028064,3.0000,2.0000,2.0000,0.0000,4.0000,41.6473,40.5709,27.7081,-16.8804,16.5980,,,
1786591769206692488,2026-08-13T10:29:29.206712,prediction,-0.076917,0.709000,0.047339,True,-0.073614,0.701714,0.064459,0.003303,0.007287,0.017120,4.00,20,0.131938,1.049332,0.391644,0.137707,1.064075,0.362093,0.132649,1.049867,0.389586,0.033956,0.009561,-0.078634,0.086184,0.005647,0.003627,-0.023833,0.024760,1.266895,0.784361,0.397228,-0.019209,-1.143697,-1.567594,0.011342,0.277503,0.342082,0.002609,0.150964,0.013517,0.062860,-0.285740,0.411846,-0.054112,-0.065344,-0.025280,3.0000,2.0000,2.0000,0.0000,4.0000,42.0428,40.8847,27.3391,-15.9444,16.5727,,,
1786591769236642536,2026-08-13T10:29:29.236661,prediction,-0.077501,0.701000,0.046888,True,-0.073793,0.693714,0.061662,0.003709,0.007287,0.014774,4.29,20,0.133505,1.050592,0.387116,0.138918,1.064354,0.359381,0.133505,1.050592,0.387116,0.042186,0.009704,-0.094546,0.103984,0.023434,0.018846,-0.067714,0.074091,1.266895,0.784361,0.397228,-0.019209,-1.143697,-1.567594,0.011342,0.277503,0.342082,0.002609,0.150964,0.013517,0.062860,-0.285740,0.411846,-0.054112,-0.065344,-0.025280,3.0000,2.0000,2.0000,0.0000,4.0000,42.2991,40.9781,27.1809,-15.9641,16.1993,,,
1786591769264758271,2026-08-13T10:29:29.264776,prediction,-0.077501,0.701000,0.044360,True,-0.077614,0.692137,0.055950,0.000112,0.008863,0.011589,4.19,20,0.133505,1.050592,0.387116,0.140095,1.064196,0.356516,0.134374,1.051356,0.384459,0.041600,-0.005571,-0.101222,0.109579,0.023434,0.018846,-0.067714,0.074091,1.266895,0.784361,0.397228,-0.019209,-1.143697,-1.567594,0.011342,0.277503,0.342082,0.002609,0.150964,0.013517,0.062860,-0.285740,0.411846,-0.054112,-0.065344,-0.025280,3.0000,2.0000,2.0000,0.0000,4.0000,42.8581,41.1718,26.6981,-16.6308,16.5910,,,
1786591769299728006,2026-08-13T10:29:29.299746,prediction,-0.079426,0.709000,0.042310,True,-0.080194,0.697291,0.051850,0.000768,0.011709,0.009540,4.63,20,0.135497,1.051712,0.381421,0.141433,1.063738,0.353666,0.135497,1.051712,0.381421,0.039269,-0.013443,-0.083607,0.093343,0.028675,0.016115,-0.081998,0.088349,1.266895,0.784361,0.397228,-0.019209,-1.143697,-1.567594,0.011342,0.277503,0.342082,0.002609,0.150964,0.013517,0.062860,-0.285740,0.411846,-0.054112,-0.065344,-0.025280,3.0000,2.0000,2.0000,0.0000,4.0000,43.2527,41.3859,26.3221,-16.0972,16.3539,,,
1786591769336953684,2026-08-13T10:29:29.336973,prediction,-0.078903,0.716000,0.040225,True,-0.078864,0.701642,0.048472,0.000039,0.014358,0.008247,4.76,20,0.135497,1.051712,0.381421,0.142519,1.064073,0.350872,0.136792,1.051986,0.378111,0.028989,0.008946,-0.074617,0.080549,0.028675,0.016115,-0.081998,0.088349,1.266895,0.784361,0.397228,-0.019209,-1.143697,-1.567594,0.011342,0.277503,0.342082,0.002609,0.150964,0.013517,0.062860,-0.285740,0.411846,-0.054112,-0.065344,-0.025280,3.0000,2.0000,2.0000,0.0000,4.0000,43.1381,41.5703,26.5132,-15.7696,16.4308,,,
1786591769372071696,2026-08-13T10:29:29.372092,prediction,-0.081707,0.712000,0.037470,True,-0.079515,0.701333,0.045601,0.002192,0.010668,0.008130,4.58,20,0.137998,1.052435,0.374574,0.143606,1.064940,0.348072,0.137998,1.052435,0.374574,0.030697,0.024492,-0.079094,0.088306,0.039348,0.011383,-0.107704,0.115231,1.270012,0.832743,0.449125,-0.018767,-1.166873,-1.570655,0.019634,0.274451,0.284051,0.002609,0.102091,0.021807,0.070560,-0.400120,0.424047,-0.024448,-0.051488,-0.034080,3.0000,2.0000,2.0000,0.0000,4.0000,44.3921,42.1221,24.7344,-15.1620,16.7343,,,
1786591769402171097,2026-08-13T10:29:29.402191,prediction,-0.081095,0.720000,0.032982,True,-0.078742,0.702334,0.040455,0.002354,0.017666,0.007474,4.53,20,0.137998,1.052435,0.374574,0.144686,1.066126,0.345291,0.139248,1.053135,0.370847,0.036244,0.039807,-0.093275,0.107696,0.039348,0.011383,-0.107704,0.115231,1.270946,0.844431,0.461535,-0.018648,-1.170872,-1.571679,0.022685,0.257869,0.276631,0.002609,0.083766,0.024426,0.091140,-0.408800,0.430936,-0.025952,-0.043744,-0.034400,3.0000,2.0000,2.0000,0.0000,4.0000,44.7049,42.1333,24.9894,-13.7830,16.4493,,,
1786591769433838310,2026-08-13T10:29:29.433854,prediction,-0.080790,0.724000,0.030757,True,-0.077772,0.709044,0.037279,0.003018,0.014956,0.006522,4.32,20,0.140446,1.053901,0.366776,0.145596,1.067377,0.342352,0.140446,1.053901,0.366776,0.028318,0.038933,-0.091496,0.103389,0.036480,0.021842,-0.116208,0.123742,1.271750,0.853533,0.471557,-0.018584,-1.173437,-1.572596,0.023122,0.246527,0.280556,0.000000,0.061949,0.023995,0.074900,-0.438620,0.421972,-0.023712,-0.045088,-0.032896,3.0000,2.0000,2.0000,0.0000,4.0000,44.3309,42.2225,25.3191,-13.5210,16.6926,,,
1786591769466557156,2026-08-13T10:29:29.466575,prediction,-0.077482,0.735000,0.029033,True,-0.073657,0.717044,0.035199,0.003825,0.017956,0.006166,4.32,20,0.140446,1.053901,0.366776,0.146081,1.068854,0.339825,0.141580,1.054717,0.362494,0.014873,0.045278,-0.077474,0.090959,0.036480,0.021842,-0.116208,0.123742,1.272397,0.860275,0.479513,-0.018551,-1.175022,-1.573339,0.022685,0.236922,0.290155,0.000000,0.053659,0.027045,0.064680,-0.417760,0.433841,-0.022560,-0.041088,-0.032960,3.0000,2.0000,2.0000,0.0000,4.0000,44.5566,42.0672,23.9552,-11.1627,17.7666,,,
1786591769512472687,2026-08-13T10:29:29.512492,prediction,-0.078305,0.724000,0.023288,True,-0.069986,0.714050,0.031160,0.008318,0.009950,0.007872,4.28,20,0.142439,1.055902,0.358073,0.146675,1.070163,0.337048,0.142439,1.055902,0.358073,0.012904,0.028406,-0.060274,0.067870,0.030009,0.030127,-0.131061,0.137787,1.273357,0.869475,0.491483,-0.018454,-1.176984,-1.574450,0.024429,0.223835,0.308921,0.002609,0.048432,0.029665,0.058240,-0.463960,0.463887,-0.029504,-0.046592,-0.035968,3.0000,2.0000,2.0000,0.0000,4.0000,44.2720,41.9852,23.8941,-10.3052,17.1002,,,
1786591769544320351,2026-08-13T10:29:29.544341,prediction,-0.078080,0.727000,0.018537,True,-0.070512,0.717356,0.025980,0.007569,0.009644,0.007443,4.12,20,0.142439,1.055902,0.358073,0.147287,1.071384,0.334101,0.143053,1.057426,0.353383,0.018689,0.037351,-0.090114,0.099322,0.030009,0.030127,-0.131061,0.137787,1.273357,0.869475,0.491483,-0.018454,-1.176984,-1.574450,0.024429,0.223835,0.308921,0.002609,0.048432,0.029665,0.058240,-0.463960,0.463887,-0.029504,-0.046592,-0.035968,3.0000,2.0000,2.0000,0.0000,4.0000,44.3578,41.9627,23.3096,-9.3547,17.5165,,,
1786591769579335612,2026-08-13T10:29:29.579357,prediction,-0.078305,0.724000,0.018309,True,-0.068693,0.722069,0.024761,0.009612,0.001931,0.006453,5.82,20,0.143703,1.059179,0.348347,0.147863,1.072429,0.331340,0.143703,1.059179,0.348347,0.017886,0.032413,-0.085682,0.093338,0.018953,0.049139,-0.145819,0.155039,1.273357,0.869475,0.491483,-0.018454,-1.176984,-1.574450,0.024429,0.223835,0.308921,0.002609,0.048432,0.029665,0.058240,-0.463960,0.463887,-0.029504,-0.046592,-0.035968,3.0000,2.0000,2.0000,0.0000,4.0000,44.2491,42.0117,23.2319,-8.3265,17.0428,,,
1786591769607769187,2026-08-13T10:29:29.607798,prediction,-0.077781,0.731000,0.013886,True,-0.067162,0.726943,0.021125,0.010619,0.004057,0.007239,4.77,20,0.143703,1.059179,0.348347,0.148454,1.073224,0.328583,0.144242,1.060994,0.343763,0.019921,0.026797,-0.092872,0.098692,0.018953,0.049139,-0.145819,0.155039,1.273357,0.869475,0.491483,-0.018454,-1.176984,-1.574450,0.024429,0.223835,0.308921,0.002609,0.048432,0.029665,0.058240,-0.463960,0.463887,-0.029504,-0.046592,-0.035968,3.0000,2.0000,2.0000,0.0000,4.0000,44.1922,41.8731,23.6463,-8.8110,16.8997,,,
1786591769645151302,2026-08-13T10:29:29.645173,prediction,-0.075600,0.727000,0.013568,True,-0.063944,0.726551,0.019623,0.011657,0.000449,0.006056,7.30,20,0.144390,1.063013,0.339471,0.148683,1.074557,0.325842,0.144390,1.063013,0.339471,0.006577,0.038394,-0.078970,0.088054,0.010340,0.057693,-0.133560,0.145855,1.273357,0.869475,0.491483,-0.018454,-1.176984,-1.574450,0.024429,0.223835,0.308921,0.002609,0.048432,0.029665,0.058240,-0.463960,0.463887,-0.029504,-0.046592,-0.035968,3.0000,2.0000,2.0000,0.0000,4.0000,44.1251,41.8255,23.5802,-7.8338,16.5536,,,
1786591769679893521,2026-08-13T10:29:29.679916,prediction,-0.074796,0.738000,0.011976,True,-0.067518,0.734551,0.017435,0.007278,0.003450,0.005459,7.77,20,0.144390,1.063013,0.339471,0.148709,1.075997,0.323317,0.144129,1.064967,0.335536,0.000758,0.042029,-0.073712,0.084856,0.010340,0.057693,-0.133560,0.145855,1.273357,0.869475,0.491483,-0.018454,-1.176984,-1.574450,0.024429,0.223835,0.308921,0.002609,0.048432,0.029665,0.058240,-0.463960,0.463887,-0.029504,-0.046592,-0.035968,3.0000,2.0000,2.0000,0.0000,4.0000,44.0879,41.7759,23.4365,-6.7466,16.5259,,,
1786591769712585592,2026-08-13T10:29:29.712607,prediction,-0.075016,0.735000,0.009261,True,-0.066666,0.735312,0.015290,0.008350,0.000312,0.006029,7.41,20,0.143868,1.066882,0.331989,0.148582,1.077671,0.320778,0.143868,1.066882,0.331989,-0.003777,0.049908,-0.075655,0.090712,-0.007815,0.057892,-0.111959,0.126283,1.273357,0.869475,0.491483,-0.018454,-1.176984,-1.574450,0.024429,0.223835,0.308921,0.002609,0.048432,0.029665,0.058240,-0.463960,0.463887,-0.029504,-0.046592,-0.035968,3.0000,2.0000,2.0000,0.0000,4.0000,44.0418,41.6890,23.4016,-6.4597,16.5606,,,
1786591769741904182,2026-08-13T10:29:29.741924,prediction,-0.074796,0.738000,0.009509,True,-0.065659,0.740918,0.015403,0.009137,0.002918,0.005894,7.35,20,0.143868,1.066882,0.331989,0.148402,1.079553,0.318286,0.143405,1.069028,0.328711,-0.006253,0.065240,-0.086402,0.108447,-0.007815,0.057892,-0.111959,0.126283,1.276539,0.893434,0.534525,-0.018206,-1.183063,-1.578309,0.029669,0.164928,0.368261,0.002609,0.045812,0.029665,0.093240,-0.485380,0.457579,-0.027776,-0.040864,-0.038912,3.0000,2.0000,2.0000,0.0000,4.0000,43.9378,41.5463,23.4854,-6.2692,16.5989,,,
1786591769768529318,2026-08-13T10:29:29.768547,prediction,-0.076405,0.716000,0.007688,True,-0.063335,0.732918,0.014743,0.013070,0.016918,0.007055,5.04,20,0.143868,1.066882,0.331989,0.148329,1.081742,0.315842,0.142863,1.071261,0.325627,-0.002473,0.074065,-0.082697,0.111043,-0.007815,0.057892,-0.111959,0.126283,1.281387,0.914478,0.585039,-0.017786,-1.191363,-1.583472,0.044069,0.171475,0.373495,0.002609,0.083335,0.048432,0.107520,-0.412300,0.421059,-0.020992,-0.045248,-0.039680,3.0000,2.0000,2.0000,0.0000,4.0000,43.5258,41.1751,23.6732,-7.0601,16.0544,,,
1786591769802353139,2026-08-13T10:29:29.802374,prediction,-0.072549,0.735000,0.006789,True,-0.063883,0.740474,0.012921,0.008666,0.005474,0.006132,4.40,20,0.143868,1.066882,0.331989,0.147870,1.083994,0.313474,0.141911,1.073926,0.322880,-0.013467,0.066128,-0.069559,0.096916,-0.007815,0.057892,-0.111959,0.126283,1.282093,0.917268,0.590935,-0.017721,-1.192732,-1.584248,0.045376,0.176708,0.366083,0.002609,0.089005,0.051482,0.111580,-0.418180,0.413340,-0.020320,-0.041856,-0.040192,3.0000,2.0000,2.0000,0.0000,4.0000,43.7478,41.3110,23.0880,-7.3173,16.1893,,,
1786591769835058649,2026-08-13T10:29:29.835078,prediction,-0.072835,0.731000,0.006451,True,-0.062896,0.742044,0.013133,0.009938,0.011044,0.006681,4.39,20,0.140823,1.076953,0.320285,0.147465,1.085617,0.311222,0.140823,1.076953,0.320285,-0.012389,0.049721,-0.068953,0.085908,-0.022752,0.075259,-0.087461,0.117605,1.282093,0.917268,0.590935,-0.017721,-1.192732,-1.584248,0.045376,0.176708,0.366083,0.002609,0.089005,0.051482,0.111580,-0.418180,0.413340,-0.020320,-0.041856,-0.040192,3.0000,2.0000,2.0000,0.0000,4.0000,43.6169,41.2820,23.1119,-6.8949,16.3706,,,
1786591769867451635,2026-08-13T10:29:29.867473,prediction,-0.074192,0.712000,0.004847,True,-0.059885,0.734044,0.014089,0.014307,0.022044,0.009242,4.39,20,0.140823,1.076953,0.320285,0.146965,1.086955,0.309047,0.139759,1.079862,0.317929,-0.015454,0.041280,-0.067098,0.080281,-0.022752,0.075259,-0.087461,0.117605,1.282093,0.917268,0.590935,-0.017721,-1.192732,-1.584248,0.045376,0.176708,0.366083,0.002609,0.089005,0.051482,0.111580,-0.418180,0.413340,-0.020320,-0.041856,-0.040192,3.0000,2.0000,2.0000,0.0000,4.0000,43.5804,41.4610,23.1917,-6.6045,16.6599,,,
1786591769904063914,2026-08-13T10:29:29.904084,prediction,-0.070641,0.727000,0.003629,True,-0.060062,0.728411,0.013105,0.010579,0.001411,0.009476,4.52,20,0.138450,1.082531,0.315828,0.146268,1.087810,0.307090,0.138450,1.082531,0.315828,-0.018895,0.023159,-0.053050,0.060890,-0.035657,0.083807,-0.066965,0.113045,1.282093,0.917268,0.590935,-0.017721,-1.192732,-1.584248,0.045376,0.176708,0.366083,0.002609,0.089005,0.051482,0.111580,-0.418180,0.413340,-0.020320,-0.041856,-0.040192,3.0000,2.0000,2.0000,0.0000,4.0000,42.8190,41.3470,22.9668,-7.1582,16.0491,,,
1786591769935712408,2026-08-13T10:29:29.935733,prediction,-0.071129,0.720000,0.003026,True,-0.058799,0.721909,0.014707,0.012331,0.001909,0.011681,4.23,20,0.138450,1.082531,0.315828,0.145624,1.087980,0.305242,0.137205,1.084793,0.314005,-0.020040,0.005317,-0.057528,0.061150,-0.035657,0.083807,-0.066965,0.113045,1.282093,0.917268,0.590935,-0.017721,-1.192732,-1.584248,0.045376,0.176708,0.366083,0.002609,0.089005,0.051482,0.111580,-0.418180,0.413340,-0.020320,-0.041856,-0.040192,3.0000,2.0000,2.0000,0.0000,4.0000,42.8348,41.4723,22.6868,-7.0451,15.9588,,,
1786591769965855693,2026-08-13T10:29:29.965876,prediction,-0.070361,0.731000,0.001495,True,-0.059085,0.721052,0.014638,0.011276,0.009948,0.013143,4.05,20,0.135940,1.086636,0.312500,0.145149,1.088175,0.303406,0.135940,1.086636,0.312500,-0.015227,0.006228,-0.058886,0.061141,-0.037675,0.061614,-0.049952,0.087812,1.291429,0.956463,0.656342,-0.017064,-1.214108,-1.594359,0.048865,0.227324,0.353428,0.002609,0.134817,0.054101,0.096040,-0.438340,0.447536,-0.026176,-0.054112,-0.038848,3.0000,2.0000,2.0000,0.0000,4.0000,43.0369,41.3363,22.6909,-7.7264,15.2761,,,
1786591770001791750,2026-08-13T10:29:30.001812,prediction,-0.070361,0.731000,0.001495,True,-0.056979,0.713052,0.016955,0.013382,0.017948,0.015460,4.71,20,0.135940,1.086636,0.312500,0.144619,1.088587,0.301953,0.134968,1.087691,0.311129,-0.015326,0.011929,-0.042047,0.046316,-0.037675,0.061614,-0.049952,0.087812,1.292723,0.962762,0.666297,-0.016988,-1.218031,-1.595793,0.044069,0.220346,0.356915,0.002609,0.140056,0.048432,0.085540,-0.411040,0.426952,-0.022880,-0.052992,-0.039072,3.0000,2.0000,2.0000,0.0000,4.0000,43.1304,41.7771,22.4345,-7.9161,15.4582,,,
1786591770031978264,2026-08-13T10:29:30.031995,prediction,-0.068638,0.720000,-0.001966,True,-0.054568,0.705052,0.016467,0.014070,0.014948,0.018433,4.12,20,0.134101,1.088275,0.310182,0.143990,1.088883,0.300586,0.134101,1.088275,0.310182,-0.020174,0.009478,-0.043805,0.049150,-0.027499,0.024517,-0.034666,0.050587,1.294428,0.971445,0.680454,-0.016837,-1.223550,-1.597647,0.040574,0.212493,0.347755,0.005228,0.137436,0.043193,0.082040,-0.455980,0.433260,-0.026272,-0.049824,-0.038688,3.0000,2.0000,2.0000,0.0000,4.0000,42.8581,41.8599,22.6450,-8.0771,16.3428,,,
1786591770071319421,2026-08-13T10:29:30.071338,prediction,-0.067888,0.731000,-0.000983,True,-0.057003,0.707019,0.016141,0.010885,0.023981,0.017124,7.23,20,0.134101,1.088275,0.310182,0.143295,1.089315,0.299300,0.133038,1.088179,0.309548,-0.019073,0.011878,-0.035322,0.041863,-0.027499,0.024517,-0.034666,0.050587,1.295741,0.978737,0.692581,-0.016708,-1.228293,-1.599124,0.032720,0.192422,0.325502,0.003051,0.129589,0.037954,0.084280,-0.497140,0.404459,-0.028960,-0.052320,-0.036800,3.0000,2.0000,2.0000,0.0000,4.0000,42.7790,41.7606,23.0374,-8.0051,16.1641,,,
1786591770101703630,2026-08-13T10:29:30.101721,prediction,-0.066146,0.720000,-0.001966,True,-0.053992,0.700248,0.017550,0.012154,0.019753,0.019516,7.13,20,0.132259,1.087609,0.308973,0.142520,1.089028,0.298243,0.132259,1.087609,0.308973,-0.025997,-0.009613,-0.035419,0.044975,-0.027200,-0.009841,-0.017849,0.033989,1.296591,0.983781,0.701250,-0.016643,-1.231721,-1.600126,0.029231,0.169730,0.295397,0.000000,0.118680,0.032284,0.102200,-0.501760,0.410269,-0.028672,-0.052320,-0.036288,3.0000,2.0000,2.0000,0.0000,4.0000,42.7142,41.7792,22.9196,-8.0434,15.9427,,,
1786591770136109259,2026-08-13T10:29:30.136124,prediction,-0.065681,0.727000,-0.001340,True,-0.056494,0.694045,0.017511,0.009187,0.032955,0.018852,5.42,20,0.132259,1.087609,0.308973,0.141858,1.088971,0.297249,0.131381,1.086587,0.308735,-0.018230,-0.001581,-0.027397,0.032946,-0.027200,-0.009841,-0.017849,0.033989,1.297525,0.989380,0.711146,-0.016579,-1.235936,-1.601204,0.023122,0.143550,0.258303,0.003051,0.116061,0.029665,0.103180,-0.499380,0.389768,-0.024896,-0.051552,-0.036416,3.0000,2.0000,2.0000,0.0000,4.0000,42.6123,41.8788,22.8381,-7.9014,16.0070,,,


============================================================
EXPERIMENT METRICS
  File: experiment_GRU_20260813_102921.csv
  Total samples: 247
  Task completion time: 8.38 s
  --- Prediction Accuracy (over 247 samples) ---
  Avg Inference Time: 4.15 ms
  Mean Squared Error (MSE): 0.002012 m²
  Mean Absolute Error (MAE - 3D): 0.0391 m
      MAE X: 0.0226 m
      MAE Y: 0.0250 m
      MAE Z: 0.0101 m
  --- Trajectory Smoothness (Robot EE) ---
  Mean Jerk (3D): 16.1854 m/s³
      Jerk X: 4.9981 m/s³
      Jerk Y: 12.7070 m/s³
      Jerk Z: 7.0135 m/s³
  Max Jerk (3D): 202.9234 m/s³
  RMS Jerk (3D): 35.8420 m/s³
============================================================
