ros_timestamp_ns,wall_time,trajectory_mode,meas_x,meas_y,meas_z,is_tracked,pred_x,pred_y,pred_z,mae_x,mae_y,mae_z,inference_ms,buffer_size,robot_ee_x,robot_ee_y,robot_ee_z,hand_base_x,hand_base_y,hand_base_z,target_cmd_x,target_cmd_y,target_cmd_z,hand_vel_x,hand_vel_y,hand_vel_z,hand_speed,ee_vel_x,ee_vel_y,ee_vel_z,ee_speed,j1_pos,j2_pos,j3_pos,j4_pos,j5_pos,j6_pos,j1_vel,j2_vel,j3_vel,j4_vel,j5_vel,j6_vel,j1_eff,j2_eff,j3_eff,j4_eff,j5_eff,j6_eff,rula_upper_arm,rula_lower_arm,rula_wrist,rula_twist,rula_total,rula_alpha_s,rula_alpha_c,rula_beta_s,rula_beta_t,rula_gamma_s,adapt_w,adapt_sr,adapt_se
1786590917846544135,2026-08-13T10:15:17.846569,ground_truth,0.183551,-0.008000,0.074685,True,,,,,,,,,-0.161990,0.308951,0.388245,-0.161991,0.308956,0.388247,0.110078,1.102273,0.287923,0.000000,0.000000,0.000000,0.000000,0.000000,0.000000,0.000000,0.000000,1.570768,0.124243,-1.002818,0.000022,-0.385652,-1.879138,0.000000,0.000000,0.000000,0.000000,0.000000,0.000000,0.001540,-0.165200,0.082253,-0.019712,0.021888,-0.009472,1.0000,2.0000,1.0000,0.0000,2.0000,8.3282,11.4190,53.6021,-6.4649,11.9630,,,
1786590917883357016,2026-08-13T10:15:17.883385,ground_truth,0.179804,-0.008000,0.078439,True,,,,,,,,,-0.161991,0.308956,0.388247,-0.161991,0.308956,0.388247,-0.161991,0.308956,0.388247,0.000000,0.000000,0.000000,0.000000,-0.000000,0.000001,0.000000,0.000001,1.570768,0.124243,-1.002818,0.000022,-0.385652,-1.879138,0.000000,0.000000,0.000000,0.000000,0.000000,0.000000,0.001540,-0.165200,0.082253,-0.019712,0.021888,-0.009472,1.0000,2.0000,1.0000,0.0000,2.0000,8.4262,11.4268,53.7978,-6.3400,12.0044,,,
1786590917912041912,2026-08-13T10:15:17.912061,ground_truth,0.179700,0.041000,0.079096,True,,,,,,,,,-0.161991,0.308956,0.388247,-0.161991,0.308956,0.388247,-0.161991,0.308956,0.388247,0.000000,0.000000,0.000000,0.000000,-0.000000,0.000001,0.000000,0.000001,1.570768,0.124243,-1.002818,0.000022,-0.385652,-1.879138,0.000000,0.000000,0.000000,0.000000,0.000000,0.000000,0.001540,-0.165200,0.082253,-0.019712,0.021888,-0.009472,1.0000,2.0000,1.0000,0.0000,2.0000,8.4262,11.4268,53.7978,-6.3400,12.0044,,,
1786590917941559570,2026-08-13T10:15:17.941579,ground_truth,0.175419,0.049000,0.082863,True,,,,,,,,,-0.161991,0.308956,0.388247,-0.161991,0.308956,0.388247,-0.161991,0.308956,0.388247,0.000000,0.000000,0.000000,0.000000,0.000000,0.000000,0.000000,0.000000,1.570768,0.124243,-1.002818,0.000022,-0.385652,-1.879138,0.000000,0.000000,0.000000,0.000000,0.000000,0.000000,0.001540,-0.165200,0.082253,-0.019712,0.021888,-0.009472,1.0000,2.0000,1.0000,0.0000,2.0000,8.2240,11.7701,54.1710,-6.7113,12.0248,,,
1786590917971599326,2026-08-13T10:15:17.971617,ground_truth,0.178573,0.008000,0.082380,True,,,,,,,,,-0.161991,0.308956,0.388247,-0.161991,0.308956,0.388247,-0.161991,0.308956,0.388247,0.000000,0.000000,0.000000,0.000000,0.000000,0.000000,0.000000,0.000000,1.570768,0.124243,-1.002818,0.000022,-0.385652,-1.879138,0.000000,0.000000,0.000000,0.000000,0.000000,0.000000,0.001540,-0.165200,0.082253,-0.019712,0.021888,-0.009472,1.0000,2.0000,1.0000,0.0000,2.0000,8.3149,11.6273,55.1371,-6.3243,12.1691,,,
1786590918001731251,2026-08-13T10:15:18.001747,ground_truth,0.176034,0.041000,0.086441,True,,,,,,,,,-0.161991,0.308956,0.388247,-0.161991,0.308956,0.388247,-0.161991,0.308956,0.388247,0.000000,0.000000,0.000000,0.000000,0.000000,0.000000,0.000000,0.000000,1.570768,0.124243,-1.002818,0.000022,-0.385652,-1.879138,0.000000,0.000000,0.000000,0.000000,0.000000,0.000000,0.001540,-0.165480,0.081921,-0.019712,0.021664,-0.009248,1.0000,2.0000,1.0000,0.0000,2.0000,8.4060,11.5394,54.5339,-7.4437,12.5995,,,
1786590918038856340,2026-08-13T10:15:18.038876,ground_truth,0.176034,0.041000,0.090114,True,,,,,,,,,-0.161991,0.308956,0.388247,-0.161991,0.308956,0.388247,-0.161991,0.308956,0.388247,0.000000,0.000000,0.000000,0.000000,0.000000,0.000000,0.000000,0.000000,1.570768,0.124243,-1.002818,0.000022,-0.385652,-1.879138,0.000000,0.000000,0.000000,0.000000,0.000000,0.000000,0.001540,-0.165480,0.081921,-0.019712,0.021600,-0.009088,1.0000,2.0000,1.0000,0.0000,2.0000,8.3373,11.5631,55.5035,-6.9145,12.4030,,,
1786590918080101625,2026-08-13T10:15:18.080128,ground_truth,0.176650,0.033000,0.090046,True,,,,,,,,,-0.161991,0.308956,0.388247,-0.161991,0.308956,0.388247,-0.161991,0.308956,0.388247,0.000000,0.000000,0.000000,0.000000,0.000000,0.000000,0.000000,0.000000,1.570768,0.124243,-1.002818,0.000022,-0.385652,-1.879138,0.000000,0.000000,0.000000,0.000000,0.000000,0.000000,0.002380,-0.164920,0.081921,-0.019712,0.021664,-0.010240,1.0000,2.0000,1.0000,0.0000,2.0000,8.5081,11.2387,56.4786,-6.0509,12.2185,,,
1786590918107940654,2026-08-13T10:15:18.107975,ground_truth,0.176034,0.041000,0.093786,True,,,,,,,,,-0.161991,0.308956,0.388247,-0.161991,0.308956,0.388247,-0.161991,0.308956,0.388247,0.000000,0.000000,0.000000,0.000000,0.000000,0.000000,0.000000,0.000000,1.570768,0.124243,-1.002818,0.000022,-0.385652,-1.879138,0.000000,0.000000,0.000000,0.000000,0.000000,0.000000,0.002380,-0.164920,0.081921,-0.019712,0.021664,-0.010240,1.0000,2.0000,1.0000,0.0000,2.0000,8.7820,10.8925,56.5870,-5.8648,11.7790,,,
1786590918134914346,2026-08-13T10:15:18.134929,ground_truth,0.175419,0.049000,0.093841,True,,,,,,,,,-0.161991,0.308956,0.388247,-0.161991,0.308956,0.388247,-0.161991,0.308956,0.388247,0.000000,0.000000,0.000000,0.000000,0.000000,0.000000,0.000000,0.000000,1.570768,0.124243,-1.002818,0.000022,-0.385652,-1.879138,0.000000,0.000000,0.000000,0.000000,0.000000,0.000000,0.002380,-0.164920,0.081921,-0.019712,0.021664,-0.010240,1.0000,2.0000,1.0000,0.0000,2.0000,9.2496,10.5820,55.7206,-6.0802,11.5336,,,
1786590918170344929,2026-08-13T10:15:18.170363,ground_truth,0.175419,0.049000,0.093841,True,,,,,,,,,-0.161991,0.308956,0.388247,-0.161991,0.308956,0.388247,-0.161991,0.308956,0.388247,0.000000,0.000000,0.000000,0.000000,0.000000,0.000000,0.000000,0.000000,1.570768,0.124243,-1.002818,0.000022,-0.385652,-1.879138,0.000000,0.000000,0.000000,0.000000,0.000000,0.000000,0.002380,-0.164920,0.081921,-0.019712,0.021664,-0.010240,1.0000,2.0000,1.0000,0.0000,2.0000,9.2980,10.6428,55.7358,-6.2901,11.6214,,,
1786590918202620277,2026-08-13T10:15:18.202641,ground_truth,0.178443,0.057000,0.097541,True,,,,,,,,,-0.161991,0.308956,0.388247,-0.161991,0.308956,0.388247,-0.161991,0.308956,0.388247,0.000000,0.000000,0.000000,0.000000,0.000000,0.000000,0.000000,0.000000,1.570768,0.124243,-1.002818,0.000022,-0.385652,-1.879138,0.000000,0.000000,0.000000,0.000000,0.000000,0.000000,0.002380,-0.164920,0.081921,-0.019712,0.021664,-0.010240,1.0000,2.0000,1.0000,0.0000,2.0000,9.0421,10.4733,55.9341,-6.6177,11.0385,,,
1786590918235317423,2026-08-13T10:15:18.235335,ground_truth,0.179071,0.049000,0.097500,True,,,,,,,,,-0.161991,0.308956,0.388247,-0.161991,0.308956,0.388247,-0.161991,0.308956,0.388247,0.000000,0.000000,0.000000,0.000000,0.000000,0.000000,0.000000,0.000000,1.570768,0.124243,-1.002818,0.000022,-0.385652,-1.879138,0.000000,0.000000,0.000000,0.000000,0.000000,0.000000,0.002380,-0.164920,0.081921,-0.019712,0.021664,-0.010240,1.0000,2.0000,1.0000,0.0000,2.0000,9.2328,10.3496,55.6554,-6.9522,11.3229,,,
1786590918271668700,2026-08-13T10:15:18.271690,ground_truth,0.179071,0.049000,0.101160,True,,,,,,,,,-0.161991,0.308956,0.388247,-0.161991,0.308956,0.388247,-0.161991,0.308956,0.388247,0.000000,0.000000,0.000000,0.000000,0.000000,0.000000,0.000000,0.000000,1.570768,0.124243,-1.002818,0.000022,-0.385652,-1.879138,0.000000,0.000000,0.000000,0.000000,0.000000,0.000000,0.002380,-0.164920,0.081921,-0.019712,0.021664,-0.010240,1.0000,2.0000,1.0000,0.0000,2.0000,9.4674,10.6512,55.5148,-6.5118,11.1747,,,
1786590918303121764,2026-08-13T10:15:18.303138,ground_truth,0.179071,0.049000,0.101160,True,,,,,,,,,-0.161991,0.308956,0.388247,-0.161991,0.308956,0.388247,-0.161991,0.308956,0.388247,0.000000,0.000000,0.000000,0.000000,0.000000,0.000000,0.000000,0.000000,1.570768,0.124243,-1.002818,0.000022,-0.385652,-1.879138,0.000000,0.000000,0.000000,0.000000,0.000000,0.000000,0.002380,-0.164920,0.081921,-0.019712,0.021664,-0.010240,1.0000,2.0000,1.0000,0.0000,2.0000,9.5768,10.4951,56.5999,-6.4962,11.7817,,,
1786590918334662537,2026-08-13T10:15:18.334680,ground_truth,0.177814,0.065000,0.101216,True,,,,,,,,,-0.161991,0.308956,0.388247,-0.161991,0.308956,0.388247,-0.161991,0.308956,0.388247,0.000000,0.000000,0.000000,0.000000,0.000000,0.000000,0.000000,0.000000,1.570768,0.124243,-1.002818,0.000022,-0.385652,-1.879138,0.000000,0.000000,0.000000,0.000000,0.000000,0.000000,0.002380,-0.164920,0.081921,-0.019712,0.021664,-0.010240,1.0000,2.0000,1.0000,0.0000,2.0000,9.3652,10.4076,57.7959,-5.8494,11.3832,,,
1786590918367704282,2026-08-13T10:15:18.367728,ground_truth,0.174188,0.065000,0.104849,True,,,,,,,,,-0.161991,0.308956,0.388247,-0.161991,0.308956,0.388247,-0.161991,0.308956,0.388247,0.000000,0.000000,0.000000,0.000000,0.000000,0.000000,0.000000,0.000000,1.570768,0.124243,-1.002818,0.000022,-0.385652,-1.879138,0.000000,0.000000,0.000000,0.000000,0.000000,0.000000,0.002380,-0.164920,0.081921,-0.019712,0.021664,-0.010240,1.0000,2.0000,1.0000,0.0000,2.0000,9.5188,10.3737,57.7276,-6.3542,11.7389,,,
1786590918402799906,2026-08-13T10:15:18.402823,ground_truth,0.174188,0.065000,0.104849,True,,,,,,,,,-0.161991,0.308956,0.388247,-0.161991,0.308956,0.388247,-0.161991,0.308956,0.388247,0.000000,0.000000,0.000000,0.000000,0.000000,0.000000,0.000000,0.000000,1.570768,0.124243,-1.002818,0.000022,-0.385652,-1.879138,0.000000,0.000000,0.000000,0.000000,0.000000,0.000000,0.002380,-0.164920,0.081921,-0.019712,0.021664,-0.010240,1.0000,2.0000,1.0000,0.0000,2.0000,9.5188,10.3737,57.7276,-6.3542,11.7389,,,
1786590918437498706,2026-08-13T10:15:18.437524,ground_truth,0.174803,0.057000,0.108480,True,,,,,,,,,-0.161991,0.308956,0.388247,-0.161991,0.308956,0.388247,-0.161991,0.308956,0.388247,0.000000,0.000000,0.000000,0.000000,0.000000,0.000000,0.000000,0.000000,1.570768,0.124243,-1.002818,0.000022,-0.385652,-1.879138,0.000000,0.000000,0.000000,0.000000,0.000000,0.000000,0.002380,-0.164920,0.081921,-0.019712,0.021664,-0.010240,1.0000,2.0000,1.0000,0.0000,2.0000,9.6764,9.9536,58.0993,-6.7775,11.3093,,,
1786590918469266108,2026-08-13T10:15:18.469286,ground_truth,0.175419,0.049000,0.108478,True,,,,,,,,,-0.161991,0.308956,0.388247,-0.161991,0.308956,0.388247,-0.161991,0.308956,0.388247,0.000000,0.000000,0.000000,0.000000,0.000000,0.000000,0.000000,0.000000,1.570768,0.124243,-1.002818,0.000022,-0.385652,-1.879138,0.000000,0.000000,0.000000,0.000000,0.000000,0.000000,0.002380,-0.164920,0.081921,-0.019712,0.021664,-0.010240,1.0000,2.0000,1.0000,0.0000,2.0000,9.7023,9.9109,58.1366,-7.1089,11.3247,,,
1786590918503994452,2026-08-13T10:15:18.504015,ground_truth,0.173572,0.073000,0.108483,True,,,,,,,,,-0.161991,0.308956,0.388247,-0.161991,0.308956,0.388247,-0.161991,0.308956,0.388247,0.000000,0.000000,0.000000,0.000000,0.000000,0.000000,0.000000,0.000000,1.570768,0.124243,-1.002818,0.000022,-0.385652,-1.879138,0.000000,0.000000,0.000000,0.000000,0.000000,0.000000,0.002380,-0.164920,0.081921,-0.019712,0.021664,-0.010240,1.0000,2.0000,1.0000,0.0000,2.0000,9.8650,9.8259,58.1831,-7.5230,11.4041,,,
1786590918537328771,2026-08-13T10:15:18.537348,ground_truth,0.172957,0.081000,0.108485,True,,,,,,,,,-0.161991,0.308956,0.388247,-0.161991,0.308956,0.388247,-0.161991,0.308956,0.388247,0.000000,0.000000,0.000000,0.000000,0.000000,0.000000,0.000000,0.000000,1.570768,0.124243,-1.002818,0.000022,-0.385652,-1.879138,0.000000,0.000000,0.000000,0.000000,0.000000,0.000000,0.002380,-0.164920,0.081921,-0.019712,0.021664,-0.010240,1.0000,2.0000,1.0000,0.0000,2.0000,9.9397,9.7021,58.3457,-8.0988,11.4440,,,
1786590918569415664,2026-08-13T10:15:18.569436,ground_truth,0.172957,0.081000,0.108485,True,,,,,,,,,-0.161991,0.308956,0.388247,-0.161991,0.308956,0.388247,-0.161991,0.308956,0.388247,0.000000,0.000000,0.000000,0.000000,0.000000,0.000000,0.000000,0.000000,1.572871,0.123675,-0.999599,0.013129,-0.382095,-1.893485,0.000000,0.000000,0.000000,0.000000,0.002609,0.000000,0.078960,-0.265860,0.193307,0.003680,0.038528,-0.033344,1.0000,2.0000,1.0000,0.0000,2.0000,9.7918,9.7773,58.4521,-8.6255,11.1854,,,
1786590918605772662,2026-08-13T10:15:18.605798,ground_truth,0.174188,0.065000,0.112114,True,,,,,,,,,-0.161991,0.308956,0.388247,-0.161991,0.308956,0.388247,-0.161991,0.308956,0.388247,0.000000,0.000000,0.000000,0.000000,0.000000,0.000000,0.000000,0.000000,1.572871,0.123675,-0.999591,0.013140,-0.382095,-1.893485,0.000000,0.000000,0.000000,0.000000,0.000000,0.000000,0.077700,-0.262500,0.191896,0.003136,0.037792,-0.032576,1.0000,2.0000,1.0000,0.0000,2.0000,9.7918,9.7773,58.4521,-8.6255,11.1854,,,
1786590918639096070,2026-08-13T10:15:18.639115,ground_truth,0.172418,0.088000,0.112081,True,,,,,,,,,-0.161991,0.308956,0.388247,-0.159882,0.342236,0.416550,-0.159882,0.342236,0.416550,0.056598,0.893191,0.759623,1.173891,0.000000,0.000000,0.000000,0.000000,1.572871,0.123675,-0.999591,0.013140,-0.382095,-1.893485,0.000000,0.000000,0.000000,0.000000,0.000000,0.000000,0.077700,-0.262500,0.191896,0.003136,0.037792,-0.032576,1.0000,2.0000,1.0000,0.0000,2.0000,9.8164,9.8222,58.7335,-9.3793,10.9305,,,
1786590918672976394,2026-08-13T10:15:18.673014,ground_truth,0.172418,0.088000,0.112081,True,,,,,,,,,-0.161991,0.308956,0.388247,-0.161991,0.308956,0.388247,-0.161991,0.308956,0.388247,-0.063757,-1.006158,-0.855697,1.322360,0.000000,0.000000,0.000000,0.000000,1.572871,0.123675,-0.999591,0.013140,-0.382095,-1.893485,0.000000,0.000000,0.000000,0.000000,0.000000,0.000000,0.077700,-0.262500,0.191896,0.003136,0.037792,-0.032576,1.0000,2.0000,1.0000,0.0000,2.0000,10.0403,10.0163,58.8681,-9.6284,10.9335,,,
1786590918704986807,2026-08-13T10:15:18.705009,ground_truth,0.172957,0.081000,0.112091,True,,,,,,,,,-0.161991,0.308956,0.388247,-0.159482,0.346449,0.418982,-0.159482,0.346449,0.418982,0.074838,1.118381,0.916798,1.448066,0.000000,0.000000,0.000000,0.000000,1.572871,0.123675,-0.999591,0.013140,-0.382095,-1.893485,0.000000,0.000000,0.000000,0.000000,0.000000,0.000000,0.077700,-0.262500,0.191896,0.003136,0.037792,-0.032576,1.0000,2.0000,1.0000,0.0000,2.0000,9.7856,9.8742,59.1045,-9.8966,10.9575,,,
1786590918739414327,2026-08-13T10:15:18.739433,ground_truth,0.172418,0.088000,0.112081,True,,,,,,,,,-0.161991,0.308956,0.388247,-0.161991,0.308956,0.388247,-0.161991,0.308956,0.388247,-0.078120,-1.167429,-0.957005,1.511573,0.000000,0.000000,0.000000,0.000000,1.572878,0.123668,-0.999584,0.013151,-0.382084,-1.893496,0.000000,0.000000,0.000000,0.000000,0.000000,0.000000,0.070280,-0.250460,0.180027,-0.000128,0.034848,-0.028960,1.0000,2.0000,1.0000,0.0000,2.0000,10.3206,9.6822,58.4924,-9.4981,10.7420,,,
1786590918780115499,2026-08-13T10:15:18.780139,ground_truth,0.171803,0.096000,0.112069,True,,,,,,,,,-0.161991,0.308956,0.388247,-0.158672,0.350609,0.420924,-0.158672,0.350609,0.420924,0.095517,1.199050,0.940664,1.526988,0.000000,0.000000,0.000000,0.000000,1.572878,0.123668,-0.999584,0.013151,-0.382084,-1.893496,0.000000,0.000000,0.000000,0.000000,0.000000,0.000000,0.067480,-0.246680,0.178865,-0.001024,0.034080,-0.027840,1.0000,2.0000,1.0000,0.0000,2.0000,10.1015,9.5812,59.1345,-11.3217,11.9549,,,
1786590918812698062,2026-08-13T10:15:18.812720,ground_truth,0.172957,0.081000,0.115698,True,,,,,,,,,-0.158188,0.361020,0.421652,-0.158188,0.361020,0.421652,-0.158188,0.361020,0.421652,0.012074,0.259403,0.018123,0.260315,0.056961,0.779870,0.500371,0.928339,1.572878,0.123668,-0.999584,0.013151,-0.382084,-1.893496,0.000000,0.000000,0.000000,0.000000,0.000000,0.000000,0.064120,-0.244860,0.175711,-0.001632,0.032896,-0.027104,1.0000,2.0000,1.0000,0.0000,2.0000,10.9614,9.9436,58.1023,-9.4658,10.7518,,,
1786590918845292362,2026-08-13T10:15:18.845320,ground_truth,0.171803,0.096000,0.115651,True,,,,,,,,,-0.158188,0.361020,0.421652,-0.157780,0.365182,0.422621,-0.157780,0.365182,0.422621,0.012731,0.129999,0.030272,0.134083,0.056961,0.779870,0.500371,0.928339,1.572878,0.123668,-0.999584,0.013151,-0.382084,-1.893496,0.000000,0.000000,0.000000,0.000000,0.000000,0.000000,0.063140,-0.243040,0.174383,-0.001952,0.032736,-0.026944,1.0000,2.0000,1.0000,0.0000,2.0000,10.9017,9.9954,58.3509,-10.4083,10.7436,,,
1786590918877589456,2026-08-13T10:15:18.877617,ground_truth,0.172418,0.088000,0.115676,True,,,,,,,,,-0.157380,0.368521,0.423583,-0.157380,0.368521,0.423583,-0.157380,0.368521,0.423583,0.012238,0.101973,0.029390,0.106827,0.012080,0.112099,0.028866,0.116385,1.572878,0.123668,-0.999584,0.013151,-0.382084,-1.893496,0.000000,0.000000,0.000000,0.000000,0.000000,0.000000,0.063140,-0.243040,0.174383,-0.001952,0.032736,-0.026944,1.0000,2.0000,1.0000,0.0000,2.0000,10.9975,10.1182,58.2933,-10.6622,10.7321,,,
1786590918907428379,2026-08-13T10:15:18.907447,ground_truth,0.172418,0.088000,0.119271,True,,,,,,,,,-0.157380,0.368521,0.423583,-0.157262,0.370416,0.424305,-0.157262,0.370416,0.424305,0.003657,0.058735,0.022379,0.062960,0.012080,0.112099,0.028866,0.116385,1.572878,0.123668,-0.999584,0.013151,-0.382084,-1.893496,0.000000,0.000000,0.000000,0.000000,0.000000,0.000000,0.063140,-0.243040,0.174383,-0.001952,0.032736,-0.026944,1.0000,2.0000,1.0000,0.0000,2.0000,11.6499,10.3392,58.0693,-10.8416,11.0693,,,
1786590918936346999,2026-08-13T10:15:18.936369,ground_truth,0.171187,0.104000,0.119195,True,,,,,,,,,-0.157144,0.372021,0.425267,-0.157144,0.372021,0.425267,-0.157144,0.372021,0.425267,0.003945,0.053690,0.032152,0.062705,0.003529,0.052350,0.025177,0.058197,1.572878,0.123668,-0.999584,0.013151,-0.382084,-1.893496,0.000000,0.000000,0.000000,0.000000,0.000000,0.000000,0.063140,-0.243040,0.174383,-0.001952,0.032736,-0.026944,1.0000,2.0000,1.0000,0.0000,2.0000,11.6381,10.9827,57.7728,-10.8534,10.9793,,,
1786590918969875922,2026-08-13T10:15:18.969896,ground_truth,0.171803,0.096000,0.119233,True,,,,,,,,,-0.157144,0.372021,0.425267,-0.156903,0.373569,0.425981,-0.156903,0.373569,0.425981,0.008298,0.053281,0.024590,0.059265,0.003529,0.052350,0.025177,0.058197,1.572878,0.123668,-0.999584,0.013151,-0.382084,-1.893496,0.000000,0.000000,0.000000,0.000000,0.000000,0.000000,0.063140,-0.243040,0.174383,-0.001952,0.032736,-0.026944,1.0000,2.0000,1.0000,0.0000,2.0000,12.0400,11.3752,57.6948,-10.1259,11.2907,,,
1786590919012639175,2026-08-13T10:15:19.012667,ground_truth,0.171187,0.104000,0.122763,True,,,,,,,,,-0.156662,0.375958,0.426698,-0.156662,0.375958,0.426698,-0.156662,0.375958,0.426698,0.007120,0.070579,0.021177,0.074031,0.007302,0.059635,0.021679,0.063872,1.572878,0.123668,-0.999584,0.013151,-0.382084,-1.893507,0.000000,0.000000,0.000000,0.000000,0.000000,0.000000,0.053620,-0.230860,0.165087,-0.001184,0.031520,-0.028960,1.0000,2.0000,1.0000,0.0000,2.0000,12.1790,11.5932,57.5471,-10.1894,11.2540,,,
1786590919039272646,2026-08-13T10:15:19.039290,ground_truth,0.171187,0.104000,0.122763,True,,,,,,,,,-0.156662,0.375958,0.426698,-0.156503,0.378943,0.427650,-0.156503,0.378943,0.427650,0.003764,0.070650,0.022536,0.074252,0.007302,0.059635,0.021679,0.063872,1.572878,0.123668,-0.999584,0.013151,-0.382084,-1.893507,0.000000,0.000000,0.000000,0.000000,0.000000,0.000000,0.053620,-0.230860,0.165087,-0.001184,0.031520,-0.028960,1.0000,2.0000,1.0000,0.0000,2.0000,12.4503,12.0792,56.9596,-9.1916,11.2483,,,
1786590919075429540,2026-08-13T10:15:19.075449,ground_truth,0.171187,0.104000,0.122763,True,,,,,,,,,-0.156385,0.381193,0.428602,-0.156385,0.381193,0.428602,-0.156385,0.381193,0.428602,0.004478,0.085415,0.036132,0.092851,0.004143,0.078308,0.028481,0.083429,1.572878,0.123668,-0.999584,0.013151,-0.382084,-1.893507,0.000000,0.000000,0.000000,0.000000,0.000000,0.000000,0.053620,-0.230860,0.165087,-0.001184,0.031520,-0.028960,1.0000,2.0000,1.0000,0.0000,2.0000,12.6735,12.4748,56.5560,-8.9221,11.2356,,,
1786590919105202080,2026-08-13T10:15:19.105224,ground_truth,0.171187,0.104000,0.122763,True,,,,,,,,,-0.156385,0.381193,0.428602,-0.156267,0.382870,0.429554,-0.156267,0.382870,0.429554,0.003249,0.046173,0.026213,0.053195,0.004143,0.078308,0.028481,0.083429,1.572878,0.123668,-0.999584,0.013151,-0.382084,-1.893507,0.000000,0.000000,0.000000,0.000000,0.000000,0.000000,0.053620,-0.230860,0.165087,-0.001184,0.031520,-0.028960,1.0000,2.0000,1.0000,0.0000,2.0000,13.0475,12.8877,56.2189,-8.5051,11.2718,,,
1786590919137060196,2026-08-13T10:15:19.137080,ground_truth,0.166497,0.119000,0.122667,True,,,,,,,,,-0.156067,0.384432,0.430264,-0.156067,0.384432,0.430264,-0.156067,0.384432,0.430264,0.006665,0.052043,0.023653,0.057553,0.004749,0.048366,0.024817,0.054568,1.572878,0.123668,-0.999584,0.013151,-0.382084,-1.893507,0.000000,0.000000,0.000000,0.000000,0.000000,0.000000,0.054460,-0.229600,0.166332,-0.001024,0.031232,-0.028832,1.0000,2.0000,1.0000,0.0000,2.0000,13.7453,13.7209,55.4892,-9.4448,10.9623,,,
1786590919173377211,2026-08-13T10:15:19.173399,ground_truth,0.167099,0.111000,0.122718,True,,,,,,,,,-0.156067,0.384432,0.430264,-0.155672,0.385971,0.430969,-0.155672,0.385971,0.430969,0.012352,0.048154,0.022081,0.054396,0.004749,0.048366,0.024817,0.054568,1.572878,0.123668,-0.999584,0.013151,-0.382084,-1.893507,0.000000,0.000000,0.000000,0.000000,0.000000,0.000000,0.054460,-0.229600,0.166332,-0.001024,0.031232,-0.028832,1.0000,2.0000,1.0000,0.0000,2.0000,14.0483,14.4458,54.2471,-10.6836,11.6594,,,
1786590919202723753,2026-08-13T10:15:19.202741,ground_truth,0.167626,0.104000,0.126332,True,,,,,,,,,-0.155317,0.387506,0.431678,-0.155317,0.387506,0.431678,-0.155317,0.387506,0.431678,0.009837,0.042564,0.019671,0.047910,0.011258,0.046171,0.021255,0.052060,1.572878,0.123668,-0.999584,0.013151,-0.382084,-1.893507,0.000000,0.000000,0.000000,0.000000,0.000000,0.000000,0.054460,-0.229600,0.166332,-0.001024,0.031232,-0.028832,1.0000,2.0000,1.0000,0.0000,2.0000,14.2971,14.9710,53.7364,-11.2586,11.6397,,,
1786590919235486965,2026-08-13T10:15:19.235508,ground_truth,0.167099,0.111000,0.126275,True,,,,,,,,,-0.155317,0.387506,0.431678,-0.154962,0.389039,0.432628,-0.154962,0.389039,0.432628,0.012125,0.052318,0.032388,0.062715,0.011258,0.046171,0.021255,0.052060,1.572878,0.123668,-0.999584,0.013151,-0.382084,-1.893507,0.000000,0.000000,0.000000,0.000000,0.000000,0.000000,0.054460,-0.229600,0.166332,-0.001024,0.031232,-0.028832,1.0000,2.0000,1.0000,0.0000,2.0000,14.6182,15.3940,53.6369,-11.1808,11.5635,,,
1786590919268724218,2026-08-13T10:15:19.268742,ground_truth,0.167626,0.104000,0.129900,True,,,,,,,,,-0.154607,0.390573,0.433574,-0.154607,0.390573,0.433574,-0.154607,0.390573,0.433574,0.010763,0.046536,0.028718,0.055733,0.010682,0.046140,0.028519,0.055285,1.570944,0.122028,-0.988847,0.011200,-0.395569,-1.889659,0.032720,0.027487,0.176710,0.035335,0.231691,0.067629,-0.124880,-0.280840,0.315732,-0.090624,-0.075584,0.041088,1.0000,2.0000,1.0000,0.0000,2.0000,14.9306,15.8223,53.5055,-11.8765,11.3144,,,
1786590919302534502,2026-08-13T10:15:19.302551,ground_truth,0.165969,0.126000,0.129686,True,,,,,,,,,-0.154607,0.390573,0.433574,-0.154329,0.391733,0.434763,-0.154329,0.391733,0.434763,0.008364,0.034841,0.035703,0.050582,0.010682,0.046140,0.028519,0.055285,1.569017,0.120447,-0.978461,0.009033,-0.408978,-1.885735,0.044069,0.035778,0.247396,0.048432,0.315468,0.091624,-0.142520,-0.305340,0.323451,-0.088544,-0.087936,0.042592,1.0000,2.0000,1.0000,0.0000,2.0000,15.2367,17.2909,52.8117,-13.8491,11.7651,,,
1786590919345959451,2026-08-13T10:15:19.345976,ground_truth,0.165969,0.126000,0.129686,True,,,,,,,,,-0.153863,0.393191,0.435695,-0.153863,0.393191,0.435695,-0.153863,0.393191,0.435695,0.013928,0.043612,0.027883,0.053605,0.011198,0.039398,0.031915,0.051924,1.567272,0.119069,-0.968550,0.007104,-0.421493,-1.882199,0.050609,0.039267,0.297137,0.053659,0.371747,0.102533,-0.126700,-0.290360,0.332166,-0.090336,-0.086048,0.044928,1.0000,2.0000,1.0000,0.0000,2.0000,16.0504,17.7952,52.5529,-12.6470,11.6410,,,
1786590919390082533,2026-08-13T10:15:19.390104,ground_truth,0.162444,0.126000,0.129686,True,,,,,,,,,-0.153863,0.393191,0.435695,-0.153474,0.395083,0.436631,-0.153474,0.395083,0.436631,0.008973,0.043648,0.021589,0.049515,0.011198,0.039398,0.031915,0.051924,1.564796,0.117292,-0.952839,0.004463,-0.440745,-1.877165,0.051923,0.034034,0.349495,0.054101,0.420620,0.102533,-0.101920,-0.266840,0.332249,-0.087264,-0.089952,0.044096,1.0000,2.0000,1.0000,0.0000,2.0000,16.7562,18.2786,50.8050,-14.8891,13.1794,,,
1786590919418828330,2026-08-13T10:15:19.418849,ground_truth,0.162960,0.119000,0.129754,True,,,,,,,,,-0.152809,0.397488,0.437565,-0.152809,0.397488,0.437565,-0.152809,0.397488,0.437565,0.014814,0.053579,0.020808,0.059356,0.015834,0.064558,0.028092,0.072164,1.564195,0.116906,-0.948586,0.003837,-0.445801,-1.875947,0.048865,0.030976,0.355168,0.051482,0.420178,0.099914,-0.115220,-0.264320,0.334573,-0.090336,-0.092832,0.043136,1.0000,2.0000,1.0000,0.0000,2.0000,17.0903,18.6853,50.2518,-15.3034,14.4355,,,
1786590919447238386,2026-08-13T10:15:19.447266,ground_truth,0.161855,0.134000,0.129609,True,,,,,,,,,-0.152809,0.397488,0.437565,-0.152178,0.399996,0.438264,-0.152178,0.399996,0.438264,0.022119,0.087960,0.024515,0.093953,0.015834,0.064558,0.028092,0.072164,1.562509,0.115985,-0.935523,0.002102,-0.460795,-1.872606,0.044069,0.019634,0.362149,0.043193,0.406661,0.085954,-0.105980,-0.249480,0.321210,-0.085216,-0.081536,0.041632,1.0000,2.0000,1.0000,0.0000,2.0000,17.4013,19.2288,49.5578,-15.4533,13.4657,,,
1786590919478522127,2026-08-13T10:15:19.478542,ground_truth,0.163711,0.156000,0.129395,True,,,,,,,,,-0.151556,0.402524,0.438958,-0.151556,0.402524,0.438958,-0.151556,0.402524,0.438958,0.021864,0.088848,0.024399,0.094696,0.018705,0.075192,0.020802,0.080228,1.561392,0.115580,-0.925441,0.001013,-0.471822,-1.870428,0.037523,0.011342,0.355168,0.034903,0.379605,0.070249,-0.103460,-0.239260,0.308096,-0.083264,-0.079360,0.036192,1.0000,2.0000,1.0000,0.0000,2.0000,17.6618,19.3732,50.2075,-14.6657,13.0507,,,
1786590919506674284,2026-08-13T10:15:19.506690,ground_truth,0.164313,0.148000,0.129473,True,,,,,,,,,-0.151556,0.402524,0.438958,-0.151017,0.405056,0.439636,-0.151017,0.405056,0.439636,0.017393,0.081645,0.021843,0.086288,0.018705,0.075192,0.020802,0.080228,1.561392,0.115580,-0.925441,0.001013,-0.471822,-1.870428,0.037523,0.011342,0.355168,0.034903,0.379605,0.070249,-0.103460,-0.239260,0.308096,-0.083264,-0.079360,0.036192,1.0000,2.0000,1.0000,0.0000,2.0000,17.8981,19.7206,49.6638,-14.8007,13.7710,,,
1786590919536091328,2026-08-13T10:15:19.536111,ground_truth,0.163184,0.163000,0.129327,True,,,,,,,,,-0.150558,0.407909,0.440083,-0.150558,0.407909,0.440083,-0.150558,0.407909,0.440083,0.016207,0.100900,0.015819,0.103410,0.014921,0.080535,0.016821,0.083615,1.561392,0.115580,-0.925441,0.001013,-0.471822,-1.870428,0.037523,0.011342,0.355168,0.034903,0.379605,0.070249,-0.103460,-0.239260,0.308096,-0.083264,-0.079360,0.036192,2.0000,2.0000,1.0000,0.0000,3.0000,18.4859,20.5646,49.2549,-13.1644,13.0186,,,
1786590919570092972,2026-08-13T10:15:19.570105,ground_truth,0.167187,0.156000,0.132878,True,,,,,,,,,-0.150558,0.407909,0.440083,-0.150025,0.411253,0.440521,-0.150025,0.411253,0.440521,0.018332,0.114887,0.015034,0.117308,0.014921,0.080535,0.016821,0.083615,1.561392,0.115580,-0.925441,0.001013,-0.471822,-1.870428,0.037523,0.011342,0.355168,0.034903,0.379605,0.070249,-0.103460,-0.239260,0.308096,-0.083264,-0.079360,0.036192,2.0000,2.0000,1.0000,0.0000,3.0000,19.1064,21.6517,48.7122,-12.1318,12.0116,,,
1786590919601775924,2026-08-13T10:15:19.601816,ground_truth,0.167802,0.148000,0.132969,True,,,,,,,,,-0.149758,0.414695,0.441195,-0.149758,0.414695,0.441195,-0.149758,0.414695,0.441195,0.007770,0.100279,0.019644,0.102480,0.012027,0.101987,0.016711,0.104044,1.561392,0.115580,-0.925441,0.001013,-0.471822,-1.870428,0.037523,0.011342,0.355168,0.034903,0.379605,0.070249,-0.103460,-0.239260,0.308096,-0.083264,-0.079360,0.036192,2.0000,2.0000,1.0000,0.0000,3.0000,19.3866,22.2879,47.7445,-12.6432,12.0711,,,
1786590919636724945,2026-08-13T10:15:19.636737,ground_truth,0.166648,0.163000,0.136269,True,,,,,,,,,-0.149758,0.414695,0.441195,-0.149532,0.418157,0.441875,-0.149532,0.418157,0.441875,0.007078,0.108575,0.021339,0.110878,0.012027,0.101987,0.016711,0.104044,1.561392,0.115580,-0.925441,0.001013,-0.471822,-1.870428,0.037523,0.011342,0.355168,0.034903,0.379605,0.070249,-0.103460,-0.239260,0.308096,-0.083264,-0.079360,0.036192,2.0000,2.0000,1.0000,0.0000,3.0000,21.5890,23.8664,46.9528,-12.9639,11.5524,,,
1786590919679551711,2026-08-13T10:15:19.679563,ground_truth,0.167187,0.156000,0.139843,True,,,,,,,,,-0.149543,0.421623,0.442782,-0.149543,0.421623,0.442782,-0.149543,0.421623,0.442782,-0.000294,0.100668,0.026340,0.104057,0.003240,0.104128,0.023857,0.106875,1.560843,0.115462,-0.919812,0.000496,-0.477794,-1.869383,0.032720,0.005233,0.349495,0.029665,0.369127,0.061949,-0.103740,-0.231140,0.299879,-0.080928,-0.070624,0.035744,2.0000,2.0000,1.0000,0.0000,3.0000,21.6523,23.9442,53.0015,-8.8824,9.7111,,,
1786590919711158886,2026-08-13T10:15:19.711180,ground_truth,0.163184,0.163000,0.143211,True,,,,,,,,,-0.149543,0.421623,0.442782,-0.149548,0.424716,0.443924,-0.149548,0.424716,0.443924,-0.000136,0.071849,0.026519,0.076587,0.003240,0.104128,0.023857,0.106875,1.560843,0.115462,-0.919812,0.000496,-0.477794,-1.869383,0.032720,0.005233,0.349495,0.029665,0.369127,0.061949,-0.103740,-0.231140,0.299879,-0.080928,-0.070624,0.035744,2.0000,2.0000,1.0000,0.0000,3.0000,21.0930,23.7598,51.3366,-10.8395,10.0706,,,
1786590919741697250,2026-08-13T10:15:19.741710,ground_truth,0.161603,0.184000,0.149741,True,,,,,,,,,-0.149252,0.428108,0.445049,-0.149252,0.428108,0.445049,-0.149252,0.428108,0.445049,0.009396,0.107628,0.035706,0.113785,0.004342,0.097007,0.033910,0.102855,1.560843,0.115462,-0.919812,0.000496,-0.477794,-1.869383,0.032720,0.005233,0.349495,0.029665,0.369127,0.061949,-0.103740,-0.231140,0.299879,-0.080928,-0.070624,0.035744,2.0000,2.0000,1.0000,0.0000,3.0000,21.0481,22.9903,48.0710,-9.7529,10.4368,,,
1786590919771838998,2026-08-13T10:15:19.771855,ground_truth,0.160235,0.156000,0.153773,True,,,,,,,,,-0.149252,0.428108,0.445049,-0.148886,0.431560,0.446614,-0.148886,0.431560,0.446614,0.012023,0.113266,0.051334,0.124936,0.004342,0.097007,0.033910,0.102855,1.557811,0.118304,-0.871633,-0.001261,-0.522485,-1.864877,0.013087,0.026174,0.206384,0.002609,0.174959,0.013517,-0.094780,-0.063420,0.254976,-0.080544,-0.063072,0.034080,2.0000,2.0000,1.0000,0.0000,3.0000,21.4019,23.0500,47.9411,-10.9638,10.6155,,,
1786590919806233065,2026-08-13T10:15:19.806252,ground_truth,0.153232,0.205000,0.156132,True,,,,,,,,,-0.148393,0.435397,0.448205,-0.148393,0.435397,0.448205,-0.148393,0.435397,0.448205,0.016395,0.127673,0.052957,0.139189,0.012865,0.109145,0.047258,0.119631,1.556368,0.121499,-0.852093,-0.001541,-0.538815,-1.863368,0.011780,0.025742,0.128278,0.000000,0.105152,0.010467,-0.089880,-0.051100,0.269418,-0.083648,-0.051936,0.035232,2.0000,2.0000,1.0000,0.0000,3.0000,21.3433,23.2035,48.4071,-11.6142,11.0205,,,
1786590919836504901,2026-08-13T10:15:19.836528,ground_truth,0.151806,0.177000,0.160222,True,,,,,,,,,-0.148393,0.435397,0.448205,-0.147544,0.440057,0.449968,-0.147544,0.440057,0.449968,0.024684,0.135477,0.051248,0.146934,0.012865,0.109145,0.047258,0.119631,1.556368,0.121499,-0.852093,-0.001541,-0.538815,-1.863368,0.011780,0.025742,0.128278,0.000000,0.105152,0.010467,-0.089880,-0.051100,0.269418,-0.083648,-0.051936,0.035232,2.0000,2.0000,1.0000,0.0000,3.0000,21.3017,22.8972,47.7551,-12.5795,11.1641,,,
1786590919869337647,2026-08-13T10:15:19.869352,ground_truth,0.144999,0.226000,0.162385,True,,,,,,,,,-0.146600,0.443710,0.452004,-0.146600,0.443710,0.452004,-0.146600,0.443710,0.452004,0.031309,0.121099,0.067501,0.142132,0.026899,0.124685,0.056978,0.139701,1.556368,0.121499,-0.852093,-0.001541,-0.538815,-1.863368,0.011780,0.025742,0.128278,0.000000,0.105152,0.010467,-0.089880,-0.051100,0.269418,-0.083648,-0.051936,0.035232,2.0000,2.0000,1.0000,0.0000,3.0000,21.5498,23.0435,48.2922,-13.0477,10.6707,,,
1786590919911674987,2026-08-13T10:15:19.911696,ground_truth,0.138736,0.219000,0.165947,True,,,,,,,,,-0.146600,0.443710,0.452004,-0.145437,0.448653,0.454184,-0.145437,0.448653,0.454184,0.035375,0.150373,0.066304,0.168106,0.026899,0.124685,0.056978,0.139701,1.556185,0.121911,-0.850086,-0.001563,-0.540486,-1.863174,0.011342,0.026174,0.122605,0.000000,0.099482,0.013086,-0.097580,-0.054740,0.266679,-0.084544,-0.056832,0.033632,2.0000,2.0000,1.0000,0.0000,3.0000,21.5973,22.9490,48.5176,-14.4931,11.2548,,,
1786590919943616333,2026-08-13T10:15:19.943630,ground_truth,0.134089,0.239000,0.168734,True,,,,,,,,,-0.143822,0.454602,0.456597,-0.143822,0.454602,0.456597,-0.143822,0.454602,0.456597,0.037699,0.138868,0.056325,0.154525,0.042042,0.164852,0.069508,0.183780,1.553676,0.124884,-0.833610,-0.001983,-0.555653,-1.861018,0.019634,0.013087,0.106025,0.002609,0.099914,0.021807,-0.090160,-0.072520,0.262363,-0.091552,-0.048864,0.032896,2.0000,2.0000,1.0000,0.0000,3.0000,20.9997,22.2215,51.1907,-15.1494,11.4004,,,
1786590919973546662,2026-08-13T10:15:19.973567,ground_truth,0.127834,0.232000,0.172298,True,,,,,,,,,-0.143822,0.454602,0.456597,-0.141971,0.461125,0.459205,-0.141971,0.461125,0.459205,0.058127,0.204837,0.081908,0.228136,0.042042,0.164852,0.069508,0.183780,1.553094,0.125236,-0.830658,-0.002070,-0.558326,-1.860393,0.021378,0.011342,0.103846,0.002609,0.094244,0.024426,-0.110320,-0.084280,0.260205,-0.090400,-0.053760,0.034848,2.0000,2.0000,1.0000,0.0000,3.0000,20.5719,21.4016,52.0244,-16.0913,10.9711,,,
1786590920011091181,2026-08-13T10:15:20.011106,ground_truth,0.125779,0.266000,0.174539,True,,,,,,,,,-0.139579,0.467656,0.462065,-0.139579,0.467656,0.462065,-0.139579,0.467656,0.462065,0.079940,0.218293,0.095595,0.251357,0.062765,0.193114,0.080897,0.218579,1.552434,0.125498,-0.827818,-0.002145,-0.560934,-1.859703,0.024429,0.007853,0.098604,0.003051,0.094244,0.023995,-0.111160,-0.079660,0.269999,-0.090400,-0.055104,0.036288,2.0000,2.0000,1.0000,0.0000,3.0000,20.2675,20.4837,51.8567,-17.0065,11.7130,,,
1786590920041926195,2026-08-13T10:15:20.041940,ground_truth,0.122132,0.272000,0.174342,True,,,,,,,,,-0.139579,0.467656,0.462065,-0.137010,0.473816,0.465069,-0.137010,0.473816,0.465069,0.068660,0.164627,0.080298,0.195612,0.062765,0.193114,0.080897,0.218579,1.551226,0.125851,-0.823305,-0.002285,-0.565085,-1.858409,0.029669,0.010029,0.106025,0.002609,0.094244,0.032284,-0.109340,-0.059500,0.263774,-0.092224,-0.050496,0.035840,1.0000,2.0000,1.0000,0.0000,2.0000,19.5652,19.4986,54.3284,-17.8654,12.2190,,,
1786590920076984359,2026-08-13T10:15:20.076998,ground_truth,0.119990,0.252000,0.174998,True,,,,,,,,,-0.134273,0.480915,0.468070,-0.134273,0.480915,0.468070,-0.134273,0.480915,0.468070,0.088092,0.228488,0.096594,0.263244,0.080035,0.199992,0.090587,0.233684,1.550180,0.126236,-0.819386,-0.002350,-0.568394,-1.857181,0.029669,0.012649,0.111698,0.002609,0.089005,0.034903,-0.117460,-0.050400,0.272572,-0.092224,-0.056000,0.037696,1.0000,2.0000,1.0000,0.0000,2.0000,19.2024,18.7116,55.6077,-17.2758,11.7243,,,
1786590920114061977,2026-08-13T10:15:20.114093,ground_truth,0.111901,0.279000,0.174112,True,,,,,,,,,-0.134273,0.480915,0.468070,-0.131127,0.488201,0.470878,-0.131127,0.488201,0.470878,0.089109,0.206354,0.079525,0.238425,0.080035,0.199992,0.090587,0.233684,1.549200,0.126720,-0.815706,-0.002393,-0.571229,-1.855984,0.030976,0.017889,0.115185,0.003051,0.083335,0.037954,-0.090160,-0.039340,0.280789,-0.092736,-0.050048,0.039968,1.0000,2.0000,1.0000,0.0000,2.0000,18.9144,18.4088,56.3526,-17.3573,11.8176,,,
1786590920142619098,2026-08-13T10:15:20.142640,ground_truth,0.108001,0.291000,0.173718,True,,,,,,,,,-0.127400,0.495845,0.473621,-0.127400,0.495845,0.473621,-0.127400,0.495845,0.473621,0.101818,0.208838,0.074937,0.244123,0.103053,0.223857,0.083227,0.260113,1.548449,0.127197,-0.812873,-0.002415,-0.573244,-1.855046,0.030976,0.021378,0.118679,0.000000,0.083335,0.040142,-0.095060,-0.035840,0.272074,-0.091904,-0.048384,0.038912,1.0000,2.0000,1.0000,0.0000,2.0000,18.9359,18.2485,56.7302,-16.2007,12.2197,,,
1786590920177260761,2026-08-13T10:15:20.177278,ground_truth,0.104394,0.298000,0.173488,True,,,,,,,,,-0.127400,0.495845,0.473621,-0.123490,0.503934,0.476118,-0.123490,0.503934,0.476118,0.136827,0.283075,0.087370,0.326323,0.103053,0.223857,0.083227,0.260113,1.547430,0.128007,-0.809029,-0.002468,-0.575961,-1.853796,0.032720,0.027925,0.120858,0.002609,0.086386,0.040573,-0.113680,-0.039620,0.284109,-0.096672,-0.051424,0.035360,1.0000,2.0000,1.0000,0.0000,2.0000,18.5039,17.4983,57.2708,-17.2090,12.4372,,,
1786590920209267628,2026-08-13T10:15:20.209286,ground_truth,0.101152,0.298000,0.173488,True,,,,,,,,,-0.119304,0.512751,0.478361,-0.119304,0.512751,0.478361,-0.119304,0.512751,0.478361,0.121337,0.255585,0.065014,0.290298,0.121815,0.254383,0.071313,0.290921,1.547430,0.128007,-0.809029,-0.002468,-0.575961,-1.853796,0.032720,0.027925,0.120858,0.002609,0.086386,0.040573,-0.113680,-0.039620,0.284109,-0.096672,-0.051424,0.035360,1.0000,2.0000,1.0000,0.0000,2.0000,18.4768,16.7461,58.0993,-17.5418,12.7596,,,
1786590920241771565,2026-08-13T10:15:20.241803,ground_truth,0.097627,0.304000,0.173291,True,,,,,,,,,-0.119304,0.512751,0.478361,-0.115169,0.521715,0.480379,-0.115169,0.521715,0.480379,0.130151,0.282102,0.063525,0.317106,0.121815,0.254383,0.071313,0.290921,1.547430,0.128007,-0.809029,-0.002468,-0.575961,-1.853796,0.032720,0.027925,0.120858,0.002609,0.086386,0.040573,-0.113680,-0.039620,0.284109,-0.096672,-0.051424,0.035360,1.0000,2.0000,1.0000,0.0000,2.0000,18.4536,16.8082,58.4527,-16.7152,12.9968,,,
1786590920270735411,2026-08-13T10:15:20.270765,ground_truth,0.097627,0.304000,0.173291,True,,,,,,,,,-0.110904,0.530708,0.481949,-0.110904,0.530708,0.481949,-0.110904,0.530708,0.481949,0.131318,0.276880,0.048339,0.310232,0.125716,0.268722,0.053702,0.301496,1.547430,0.128007,-0.809029,-0.002468,-0.575961,-1.853796,0.032720,0.027925,0.120858,0.002609,0.086386,0.040573,-0.113680,-0.039620,0.284109,-0.096672,-0.051424,0.035360,1.0000,2.0000,1.0000,0.0000,2.0000,18.2213,16.2456,59.3303,-15.2132,12.5436,,,
1786590920307140476,2026-08-13T10:15:20.307157,ground_truth,0.094122,0.310000,0.169866,True,,,,,,,,,-0.110904,0.530708,0.481949,-0.106730,0.540026,0.483251,-0.106730,0.540026,0.483251,0.141056,0.314921,0.043973,0.347858,0.125716,0.268722,0.053702,0.301496,1.547430,0.128007,-0.809029,-0.002468,-0.575961,-1.853796,0.032720,0.027925,0.120858,0.002609,0.086386,0.040573,-0.113680,-0.039620,0.284109,-0.096672,-0.051424,0.035360,1.0000,2.0000,1.0000,0.0000,2.0000,18.0866,15.9532,59.3970,-15.9426,12.2170,,,
1786590920338429941,2026-08-13T10:15:20.338446,ground_truth,0.094395,0.304000,0.170053,True,,,,,,,,,-0.102789,0.548290,0.484166,-0.102789,0.548290,0.484166,-0.102789,0.548290,0.484166,0.108486,0.227500,0.025205,0.253300,0.122219,0.264821,0.033388,0.293569,1.542765,0.136141,-0.783073,-0.002641,-0.590513,-1.847878,0.023122,0.075483,0.206384,0.000000,0.121300,0.029665,-0.099120,-0.010220,0.311748,-0.088160,-0.052832,0.034848,1.0000,1.0000,1.0000,0.0000,1.0000,17.8926,15.5054,60.1022,-14.7701,12.8393,,,
1786590920373312711,2026-08-13T10:15:20.373330,ground_truth,0.090372,0.322000,0.169491,True,,,,,,,,,-0.102789,0.548290,0.484166,-0.098962,0.556716,0.484821,-0.098962,0.556716,0.484821,0.124295,0.273639,0.021283,0.301298,0.122219,0.264821,0.033388,0.293569,1.541824,0.139754,-0.773519,-0.002641,-0.596409,-1.846757,0.021378,0.086825,0.225143,0.000000,0.142675,0.021807,-0.110320,-0.013020,0.311250,-0.088224,-0.057280,0.035744,1.0000,1.0000,1.0000,0.0000,1.0000,17.5188,15.0872,60.9319,-14.5061,13.4387,,,
1786590920405279032,2026-08-13T10:15:20.405304,ground_truth,0.090372,0.322000,0.169491,True,,,,,,,,,-0.095320,0.564001,0.485295,-0.095320,0.564001,0.485295,-0.095320,0.564001,0.485295,0.103234,0.206515,0.013430,0.231270,0.112346,0.236318,0.016984,0.262214,1.541497,0.141152,-0.769861,-0.002641,-0.598716,-1.846401,0.021378,0.088139,0.230816,0.000000,0.145726,0.021375,-0.105980,-0.016940,0.325526,-0.091168,-0.055552,0.033952,1.0000,1.0000,1.0000,0.0000,1.0000,17.5492,15.1695,61.6180,-13.1738,12.6458,,,
1786590920436122474,2026-08-13T10:15:20.436143,ground_truth,0.086874,0.329000,0.169273,True,,,,,,,,,-0.095320,0.564001,0.485295,-0.092096,0.570952,0.485532,-0.092096,0.570952,0.485532,0.100670,0.217010,0.007378,0.239337,0.112346,0.236318,0.016984,0.262214,1.540556,0.145151,-0.759333,-0.002662,-0.605130,-1.845463,0.024429,0.093372,0.247396,0.000000,0.150964,0.021807,-0.116480,-0.034720,0.327020,-0.100416,-0.056608,0.033024,1.0000,1.0000,1.0000,0.0000,1.0000,17.2087,14.3477,62.5537,-12.1065,12.8478,,,
1786590920471616606,2026-08-13T10:15:20.471636,ground_truth,0.083439,0.335000,0.169086,True,,,,,,,,,-0.088948,0.577462,0.485567,-0.088948,0.577462,0.485567,-0.088948,0.577462,0.485567,0.102425,0.211838,0.001168,0.235303,0.095031,0.200750,0.004060,0.222144,1.539831,0.147771,-0.752225,-0.002727,-0.609808,-1.844806,0.029231,0.092934,0.260050,0.005228,0.175401,0.024426,-0.131740,-0.033740,0.330838,-0.101344,-0.064736,0.033728,1.0000,1.0000,1.0000,0.0000,1.0000,17.0469,13.7643,62.9785,-12.0951,12.3757,,,
1786590920505134143,2026-08-13T10:15:20.505155,ground_truth,0.083195,0.341000,0.165722,True,,,,,,,,,-0.088948,0.577462,0.485567,-0.085988,0.583937,0.485353,-0.085988,0.583937,0.485353,0.083344,0.182346,-0.006031,0.200581,0.095031,0.200750,0.004060,0.222144,1.538289,0.151946,-0.740544,-0.002964,-0.618485,-1.843469,0.041012,0.092934,0.269649,0.005228,0.207254,0.032284,-0.115500,-0.054180,0.324613,-0.097024,-0.066560,0.036128,1.0000,1.0000,1.0000,0.0000,1.0000,16.8582,13.2273,63.6372,-11.1668,11.8437,,,
1786590920547946393,2026-08-13T10:15:20.547966,ground_truth,0.083195,0.341000,0.165722,True,,,,,,,,,-0.083149,0.590352,0.484765,-0.083149,0.590352,0.484765,-0.083149,0.590352,0.484765,0.084818,0.191663,-0.017561,0.210327,0.086766,0.192885,-0.012000,0.211842,1.537773,0.153070,-0.737318,-0.003029,-0.620965,-1.843049,0.042756,0.092934,0.269649,0.005228,0.207685,0.034903,-0.117460,-0.054460,0.313491,-0.096896,-0.069472,0.035840,1.0000,1.0000,1.0000,0.0000,1.0000,16.8201,13.1944,63.7219,-10.4055,11.3431,,,
1786590920583480083,2026-08-13T10:15:20.583503,ground_truth,0.079556,0.353000,0.165367,True,,,,,,,,,-0.083149,0.590352,0.484765,-0.080554,0.595635,0.484191,-0.080554,0.595635,0.484191,0.060507,0.123148,-0.013395,0.137862,0.086766,0.192885,-0.012000,0.211842,1.537773,0.153070,-0.737318,-0.003029,-0.620965,-1.843049,0.042756,0.092934,0.269649,0.005228,0.207685,0.034903,-0.117460,-0.054460,0.313491,-0.096896,-0.069472,0.035840,1.0000,1.0000,1.0000,0.0000,1.0000,16.8617,12.9209,63.7813,-10.5019,11.3745,,,
1786590920616303480,2026-08-13T10:15:20.616328,ground_truth,0.079556,0.353000,0.165367,True,,,,,,,,,-0.077858,0.600692,0.483549,-0.077858,0.600692,0.483549,-0.077858,0.600692,0.483549,0.076156,0.142861,-0.018140,0.162905,0.079699,0.155738,-0.018327,0.175903,1.537773,0.153070,-0.737318,-0.003029,-0.620965,-1.843049,0.042756,0.092934,0.269649,0.005228,0.207685,0.034903,-0.117460,-0.054460,0.313491,-0.096896,-0.069472,0.035840,1.0000,1.0000,1.0000,0.0000,1.0000,17.9332,12.5032,63.8107,-9.2259,11.8409,,,
1786590920659776973,2026-08-13T10:15:20.659817,ground_truth,0.075957,0.365000,0.165013,True,,,,,,,,,-0.077858,0.600692,0.483549,-0.075702,0.606023,0.482966,-0.075702,0.606023,0.482966,0.066005,0.163194,-0.017845,0.176939,0.079699,0.155738,-0.018327,0.175903,1.537048,0.154520,-0.733028,-0.003137,-0.624274,-1.842413,0.045814,0.089883,0.267902,0.005670,0.207685,0.040573,-0.124180,-0.062300,0.321874,-0.095392,-0.066016,0.034560,1.0000,1.0000,1.0000,0.0000,1.0000,17.3103,12.1943,64.4650,-9.6102,11.5888,,,
1786590920695436442,2026-08-13T10:15:20.695464,ground_truth,0.072433,0.376000,0.164688,True,,,,,,,,,-0.073566,0.611036,0.482385,-0.073566,0.611036,0.482385,-0.073566,0.611036,0.482385,0.048860,0.114653,-0.013273,0.125335,0.064227,0.154775,-0.017405,0.168474,1.527162,0.166294,-0.691510,-0.004139,-0.655092,-1.832442,0.079847,0.068498,0.267471,0.005228,0.207685,0.086386,-0.128240,-0.063420,0.332166,-0.092896,-0.069024,0.039744,1.0000,1.0000,1.0000,0.0000,1.0000,17.4955,11.7475,63.2161,-9.5073,11.8067,,,
1786590920722009131,2026-08-13T10:15:20.722029,ground_truth,0.069115,0.382000,0.164511,True,,,,,,,,,-0.073566,0.611036,0.482385,-0.071435,0.615985,0.481799,-0.071435,0.615985,0.481799,0.059761,0.138811,-0.016454,0.152021,0.064227,0.154775,-0.017405,0.168474,1.524601,0.168443,-0.683041,-0.004355,-0.661603,-1.829704,0.081592,0.066754,0.262229,0.005670,0.199396,0.089005,-0.133560,-0.082460,0.308096,-0.089504,-0.062848,0.041856,1.0000,1.0000,1.0000,0.0000,1.0000,17.2879,11.3438,64.2841,-9.4000,11.9495,,,
1786590920750273021,2026-08-13T10:15:20.750290,ground_truth,0.068707,0.394000,0.161067,True,,,,,,,,,-0.069299,0.621135,0.481200,-0.069299,0.621135,0.481200,-0.069299,0.621135,0.481200,0.080876,0.195009,-0.022662,0.212328,0.064371,0.152368,-0.017880,0.166371,1.523275,0.169495,-0.678900,-0.004484,-0.664664,-1.828314,0.083336,0.065447,0.258303,0.008289,0.188487,0.089005,-0.146580,-0.066220,0.315400,-0.087488,-0.066400,0.041184,1.0000,1.0000,1.0000,0.0000,1.0000,17.2106,10.9260,64.2643,-9.7877,12.4815,,,
1786590920783722468,2026-08-13T10:15:20.783739,ground_truth,0.065623,0.394000,0.161067,True,,,,,,,,,-0.069299,0.621135,0.481200,-0.067371,0.626645,0.480385,-0.067371,0.626645,0.480385,0.068521,0.195822,-0.028962,0.209476,0.064371,0.152368,-0.017880,0.166371,1.521909,0.170534,-0.674833,-0.004592,-0.667617,-1.826891,0.086825,0.065010,0.250890,0.008289,0.185868,0.089005,-0.120540,-0.076440,0.325858,-0.090720,-0.061280,0.040800,1.0000,1.0000,1.0000,0.0000,1.0000,16.5518,10.7885,64.3694,-8.9052,11.7063,,,
1786590920820535642,2026-08-13T10:15:20.820559,ground_truth,0.065267,0.405000,0.160760,True,,,,,,,,,-0.065237,0.632547,0.479571,-0.065237,0.632547,0.479571,-0.065237,0.632547,0.479571,0.063363,0.175276,-0.024201,0.187942,0.060587,0.170232,-0.024312,0.182320,1.521909,0.170534,-0.674833,-0.004592,-0.667617,-1.826891,0.086825,0.065010,0.250890,0.008289,0.185868,0.089005,-0.120540,-0.076440,0.325858,-0.090720,-0.061280,0.040800,1.0000,1.0000,1.0000,0.0000,1.0000,16.2743,10.6535,65.3708,-8.9269,11.9724,,,
1786590920848594875,2026-08-13T10:15:20.848611,ground_truth,0.065105,0.410000,0.163684,True,,,,,,,,,-0.065237,0.632547,0.479571,-0.063314,0.638527,0.478964,-0.063314,0.638527,0.478964,0.052178,0.162215,-0.016465,0.171194,0.060587,0.170232,-0.024312,0.182320,1.521909,0.170534,-0.674833,-0.004592,-0.667617,-1.826891,0.086825,0.065010,0.250890,0.008289,0.185868,0.089005,-0.120540,-0.076440,0.325858,-0.090720,-0.061280,0.040800,1.0000,1.0000,1.0000,0.0000,1.0000,16.8221,9.6384,65.8015,-7.9471,12.0293,,,
1786590920887421969,2026-08-13T10:15:20.887451,ground_truth,0.061525,0.427000,0.163182,True,,,,,,,,,-0.061361,0.645110,0.478539,-0.061361,0.645110,0.478539,-0.061361,0.645110,0.478539,0.070201,0.236654,-0.015264,0.247318,0.058103,0.188308,-0.015463,0.197674,1.521909,0.170534,-0.674833,-0.004592,-0.667617,-1.826891,0.086825,0.065010,0.250890,0.008289,0.185868,0.089005,-0.120540,-0.076440,0.325858,-0.090720,-0.061280,0.040800,1.0000,1.0000,1.0000,0.0000,1.0000,16.8230,9.2752,66.0027,-8.0758,11.9486,,,
1786590920922732250,2026-08-13T10:15:20.922765,ground_truth,0.061186,0.438000,0.162857,True,,,,,,,,,-0.061361,0.645110,0.478539,-0.059438,0.651760,0.478118,-0.059438,0.651760,0.478118,0.049602,0.171512,-0.010849,0.178870,0.058103,0.188308,-0.015463,0.197674,1.520864,0.171318,-0.671807,-0.004667,-0.669806,-1.825802,0.086825,0.065447,0.250890,0.005670,0.180640,0.089005,-0.145040,-0.067200,0.306768,-0.090400,-0.063232,0.040800,1.0000,1.0000,1.0000,0.0000,1.0000,17.1883,9.0821,67.0080,-8.8973,11.7809,,,
1786590920955548829,2026-08-13T10:15:20.955574,ground_truth,0.058030,0.443000,0.162709,True,,,,,,,,,-0.057492,0.658690,0.477676,-0.057492,0.658690,0.477676,-0.057492,0.658690,0.477676,0.054974,0.195795,-0.012496,0.203750,0.058275,0.204543,-0.012998,0.213079,1.502387,0.184823,-0.625486,-0.006144,-0.702629,-1.806227,0.110823,0.086388,0.256563,0.008289,0.169731,0.116061,-0.153720,-0.048580,0.333079,-0.096896,-0.059552,0.043424,1.0000,1.0000,1.0000,0.0000,1.0000,17.4247,9.2206,67.0131,-8.7577,11.7200,,,
1786590920984271016,2026-08-13T10:15:20.984292,ground_truth,0.055164,0.438000,0.162857,True,,,,,,,,,-0.057492,0.658690,0.477676,-0.055569,0.666263,0.477238,-0.055569,0.666263,0.477238,0.057883,0.227944,-0.013172,0.235547,0.058275,0.204543,-0.012998,0.213079,1.502387,0.184823,-0.625486,-0.006144,-0.702629,-1.806227,0.110823,0.086388,0.256563,0.008289,0.169731,0.116061,-0.153720,-0.048580,0.333079,-0.096896,-0.059552,0.043424,1.0000,1.0000,1.0000,0.0000,1.0000,17.5796,9.2052,67.2220,-8.5928,11.4332,,,
1786590921021618608,2026-08-13T10:15:21.021637,ground_truth,0.051869,0.449000,0.162532,True,,,,,,,,,-0.053684,0.673591,0.476823,-0.053684,0.673591,0.476823,-0.053684,0.673591,0.476823,0.066533,0.258642,-0.014657,0.267464,0.057023,0.223129,-0.012771,0.230654,1.502387,0.184823,-0.625486,-0.006144,-0.702629,-1.806227,0.110823,0.086388,0.256563,0.008289,0.169731,0.116061,-0.153720,-0.048580,0.333079,-0.096896,-0.059552,0.043424,1.0000,1.0000,1.0000,0.0000,1.0000,17.8282,9.3820,67.2938,-7.7188,11.1010,,,
1786590921062863292,2026-08-13T10:15:21.062882,ground_truth,0.045636,0.460000,0.162207,True,,,,,,,,,-0.051596,0.680816,0.476610,-0.051596,0.680816,0.476610,-0.051596,0.680816,0.476610,0.056014,0.193802,-0.005704,0.201815,0.031233,0.108063,-0.003180,0.112532,1.502387,0.184823,-0.625486,-0.006144,-0.702629,-1.806227,0.110823,0.086388,0.256563,0.008289,0.169731,0.116061,-0.153720,-0.048580,0.333079,-0.096896,-0.059552,0.043424,1.0000,1.0000,1.0000,0.0000,1.0000,18.0556,9.6017,67.4400,-7.0980,11.3310,,,
1786590921096650473,2026-08-13T10:15:21.096671,ground_truth,0.042557,0.465000,0.162059,True,,,,,,,,,-0.051596,0.680816,0.476610,-0.049092,0.688021,0.476376,-0.049092,0.688021,0.476376,0.060681,0.174611,-0.005679,0.184942,0.031233,0.108063,-0.003180,0.112532,1.502387,0.184823,-0.625486,-0.006144,-0.702629,-1.806227,0.110823,0.086388,0.256563,0.008289,0.169731,0.116061,-0.153720,-0.048580,0.333079,-0.096896,-0.059552,0.043424,1.0000,1.0000,1.0000,0.0000,1.0000,18.1345,9.7363,67.4663,-7.2434,11.1425,,,
1786590921131204366,2026-08-13T10:15:21.131222,ground_truth,0.042453,0.470000,0.158948,True,,,,,,,,,-0.046625,0.695809,0.476156,-0.046625,0.695809,0.476156,-0.046625,0.695809,0.476156,0.073248,0.231261,-0.006549,0.242672,0.074353,0.224273,-0.006804,0.236375,1.482675,0.203509,-0.580348,-0.007686,-0.729135,-1.785196,0.114319,0.127406,0.262229,0.007847,0.148345,0.121300,-0.173180,-0.070280,0.341877,-0.099360,-0.056384,0.044704,1.0000,1.0000,1.0000,0.0000,1.0000,19.0954,9.8335,67.4500,-7.6142,11.7362,,,
1786590921165590636,2026-08-13T10:15:21.165608,ground_truth,0.039399,0.475000,0.158808,True,,,,,,,,,-0.046625,0.695809,0.476156,-0.044152,0.703340,0.475728,-0.044152,0.703340,0.475728,0.070768,0.215455,-0.012244,0.227110,0.074353,0.224273,-0.006804,0.236375,1.478983,0.207697,-0.571909,-0.007977,-0.733803,-1.781305,0.115626,0.132208,0.263976,0.008289,0.145295,0.121300,-0.137900,-0.061040,0.340632,-0.093664,-0.055264,0.042592,1.0000,1.0000,1.0000,0.0000,1.0000,19.4921,10.1784,67.2963,-7.7669,11.9686,,,
1786590921200003910,2026-08-13T10:15:21.200021,ground_truth,0.036449,0.475000,0.158808,True,,,,,,,,,-0.041714,0.711086,0.475314,-0.041714,0.711086,0.475314,-0.041714,0.711086,0.475314,0.070881,0.225277,-0.012029,0.236471,0.074299,0.231136,-0.012733,0.243118,1.474893,0.212539,-0.562414,-0.008289,-0.738707,-1.777069,0.112568,0.135259,0.262229,0.008289,0.132208,0.115619,-0.148120,-0.054180,0.333577,-0.092384,-0.058336,0.045536,1.0000,1.0000,1.0000,0.0000,1.0000,19.7392,10.8348,66.9611,-7.3984,11.9412,,,
1786590921230476171,2026-08-13T10:15:21.230490,ground_truth,0.036449,0.475000,0.158808,True,,,,,,,,,-0.041714,0.711086,0.475314,-0.039315,0.718502,0.474922,-0.039315,0.718502,0.474922,0.070106,0.216721,-0.011455,0.228066,0.074299,0.231136,-0.012733,0.243118,1.471790,0.216380,-0.555068,-0.008505,-0.742286,-1.773900,0.109517,0.140492,0.261798,0.008289,0.123908,0.115619,-0.136920,-0.068740,0.331004,-0.093056,-0.055392,0.039904,1.0000,1.0000,1.0000,0.0000,1.0000,20.1850,11.1451,66.4322,-7.3994,11.8153,,,
1786590921265141366,2026-08-13T10:15:21.265154,ground_truth,0.033403,0.481000,0.158641,True,,,,,,,,,-0.037138,0.725265,0.474542,-0.037138,0.725265,0.474542,-0.037138,0.725265,0.474542,0.071853,0.223142,-0.012543,0.234760,0.068265,0.211492,-0.011517,0.222534,1.467458,0.222039,-0.544614,-0.008817,-0.747223,-1.769437,0.107772,0.143550,0.260050,0.008289,0.123908,0.110391,-0.142800,-0.078960,0.339221,-0.093056,-0.058784,0.041312,1.0000,1.0000,1.0000,0.0000,1.0000,20.6606,11.5428,66.0569,-6.9920,11.9086,,,
1786590921298148310,2026-08-13T10:15:21.298168,ground_truth,0.033324,0.486000,0.158502,True,,,,,,,,,-0.037138,0.725265,0.474542,-0.034784,0.731578,0.474380,-0.034784,0.731578,0.474380,0.067560,0.181207,-0.004642,0.193447,0.068265,0.211492,-0.011517,0.222534,1.464511,0.226070,-0.537373,-0.009033,-0.750661,-1.766365,0.104283,0.145295,0.256563,0.007847,0.121300,0.110391,-0.151200,-0.094220,0.328763,-0.093280,-0.057216,0.041536,1.0000,1.0000,1.0000,0.0000,1.0000,21.0830,11.6317,65.8492,-6.9364,11.9912,,,
1786590921343554484,2026-08-13T10:15:21.343568,ground_truth,0.030249,0.496000,0.158223,True,,,,,,,,,-0.032631,0.737480,0.474209,-0.032631,0.737480,0.474209,-0.032631,0.737480,0.474209,0.064209,0.176006,-0.005100,0.187422,0.067767,0.183672,-0.005003,0.195839,1.464511,0.226070,-0.537373,-0.009033,-0.750661,-1.766365,0.104283,0.145295,0.256563,0.007847,0.121300,0.110391,-0.151200,-0.094220,0.328763,-0.093280,-0.057216,0.041536,1.0000,1.0000,1.0000,0.0000,1.0000,21.3016,11.6753,65.4951,-8.7027,12.1459,,,
1786590921389995230,2026-08-13T10:15:21.390015,ground_truth,0.030321,0.491000,0.158362,True,,,,,,,,,-0.032631,0.737480,0.474209,-0.030296,0.743567,0.474040,-0.030296,0.743567,0.474040,0.051999,0.135586,-0.003768,0.145264,0.067767,0.183672,-0.005003,0.195839,1.464511,0.226070,-0.537373,-0.009033,-0.750661,-1.766365,0.104283,0.145295,0.256563,0.007847,0.121300,0.110391,-0.151200,-0.094220,0.328763,-0.093280,-0.057216,0.041536,1.0000,1.0000,1.0000,0.0000,1.0000,21.6337,12.2632,65.4187,-9.3015,11.8594,,,
1786590921421305750,2026-08-13T10:15:21.421323,ground_truth,0.027208,0.506000,0.155040,True,,,,,,,,,-0.027977,0.749372,0.473685,-0.027977,0.749372,0.473685,-0.027977,0.749372,0.473685,0.049862,0.124800,-0.007628,0.134609,0.070040,0.178977,-0.007886,0.192355,1.464511,0.226070,-0.537373,-0.009033,-0.750661,-1.766365,0.104283,0.145295,0.256563,0.007847,0.121300,0.110391,-0.151200,-0.094220,0.328763,-0.093280,-0.057216,0.041536,1.0000,1.0000,1.0000,0.0000,1.0000,21.9538,12.4093,64.9198,-10.0530,12.2370,,,
1786590921451570349,2026-08-13T10:15:21.451584,ground_truth,0.024364,0.501000,0.155171,True,,,,,,,,,-0.027977,0.749372,0.473685,-0.025689,0.755119,0.473142,-0.025689,0.755119,0.473142,0.072618,0.182434,-0.017229,0.197110,0.070040,0.178977,-0.007886,0.192355,1.462865,0.228376,-0.533291,-0.009152,-0.752548,-1.764640,0.102970,0.143550,0.254377,0.008289,0.113442,0.107772,-0.126140,-0.089460,0.336814,-0.094176,-0.057824,0.038912,1.0000,1.0000,1.0000,0.0000,1.0000,22.6806,13.0747,64.4563,-9.8690,11.7526,,,
1786590921482393831,2026-08-13T10:15:21.482409,ground_truth,0.018473,0.511000,0.152012,True,,,,,,,,,-0.023235,0.760215,0.472630,-0.023235,0.760215,0.472630,-0.023235,0.760215,0.472630,0.081313,0.168804,-0.016972,0.188134,0.070983,0.162298,-0.015793,0.177845,1.462865,0.228376,-0.533291,-0.009152,-0.752548,-1.764640,0.102970,0.143550,0.254377,0.008289,0.113442,0.107772,-0.126140,-0.089460,0.336814,-0.094176,-0.057824,0.038912,1.0000,1.0000,1.0000,0.0000,1.0000,23.0542,13.3834,63.9535,-10.0000,11.9557,,,
1786590921512239179,2026-08-13T10:15:21.512271,ground_truth,0.018473,0.511000,0.152012,True,,,,,,,,,-0.023235,0.760215,0.472630,-0.020598,0.764861,0.471917,-0.020598,0.764861,0.471917,0.085552,0.150720,-0.023134,0.174845,0.070983,0.162298,-0.015793,0.177845,1.462865,0.228376,-0.533291,-0.009152,-0.752548,-1.764640,0.102970,0.143550,0.254377,0.008289,0.113442,0.107772,-0.126140,-0.089460,0.336814,-0.094176,-0.057824,0.038912,1.0000,1.0000,1.0000,0.0000,1.0000,23.0542,13.3834,63.9535,-10.0000,11.9557,,,
1786590921541551139,2026-08-13T10:15:21.541564,ground_truth,0.015552,0.516000,0.151890,True,,,,,,,,,-0.018151,0.769684,0.471194,-0.018151,0.769684,0.471194,-0.018151,0.769684,0.471194,0.079731,0.157190,-0.023565,0.177823,0.075794,0.141181,-0.021413,0.161664,1.462865,0.228376,-0.533291,-0.009152,-0.752548,-1.764640,0.102970,0.143550,0.254377,0.008289,0.113442,0.107772,-0.126140,-0.089460,0.336814,-0.094176,-0.057824,0.038912,1.0000,1.0000,1.0000,0.0000,1.0000,24.1962,13.9071,63.5597,-9.6348,11.9733,,,
1786590921575681467,2026-08-13T10:15:21.575701,ground_truth,0.012626,0.526000,0.151644,True,,,,,,,,,-0.018151,0.769684,0.471194,-0.015730,0.774275,0.470484,-0.015730,0.774275,0.470484,0.085132,0.161435,-0.024947,0.184204,0.075794,0.141181,-0.021413,0.161664,1.439187,0.268244,-0.469929,-0.010866,-0.775033,-1.740160,0.079847,0.163184,0.232124,0.005228,0.064568,0.083335,-0.151200,-0.070000,0.331834,-0.100192,-0.049984,0.040576,1.0000,1.0000,1.0000,0.0000,1.0000,24.7248,14.4061,63.2436,-9.6107,12.2462,,,
1786590921609124227,2026-08-13T10:15:21.609151,ground_truth,0.009719,0.541000,0.148429,True,,,,,,,,,-0.013530,0.778766,0.469780,-0.013530,0.778766,0.469780,-0.013530,0.778766,0.469780,0.064198,0.131028,-0.020543,0.147349,0.069692,0.136958,-0.021317,0.155141,1.436900,0.272942,-0.463378,-0.011038,-0.776920,-1.737810,0.081592,0.170168,0.236050,0.005670,0.067629,0.083335,-0.144760,-0.069020,0.332000,-0.101024,-0.047040,0.038752,1.0000,1.0000,1.0000,0.0000,1.0000,24.8575,14.9131,62.8484,-11.1620,13.3974,,,
1786590921639541528,2026-08-13T10:15:21.639564,ground_truth,0.009719,0.541000,0.148429,True,,,,,,,,,-0.013530,0.778766,0.469780,-0.011340,0.783185,0.468872,-0.011340,0.783185,0.468872,0.066556,0.134326,-0.027627,0.152435,0.069692,0.136958,-0.021317,0.155141,1.436900,0.272942,-0.463378,-0.011038,-0.776920,-1.737810,0.081592,0.170168,0.236050,0.005670,0.067629,0.083335,-0.144760,-0.069020,0.332000,-0.101024,-0.047040,0.038752,2.0000,1.0000,1.0000,0.0000,2.0000,25.2698,15.1948,61.8110,-11.1163,12.7576,,,
1786590921672702970,2026-08-13T10:15:21.672717,ground_truth,0.009719,0.541000,0.145582,True,,,,,,,,,-0.009158,0.788122,0.468170,-0.009158,0.788122,0.468170,-0.009158,0.788122,0.468170,0.070800,0.160176,-0.022753,0.176597,0.065468,0.140109,-0.024112,0.156518,1.436900,0.272942,-0.463378,-0.011038,-0.776920,-1.737810,0.081592,0.170168,0.236050,0.005670,0.067629,0.083335,-0.144760,-0.069020,0.332000,-0.101024,-0.047040,0.038752,2.0000,1.0000,1.0000,0.0000,2.0000,25.6252,15.1539,61.5255,-10.8734,12.8820,,,
1786590921705765705,2026-08-13T10:15:21.705795,ground_truth,0.009719,0.541000,0.145582,True,,,,,,,,,-0.009158,0.788122,0.468170,-0.007180,0.792896,0.467288,-0.007180,0.792896,0.467288,0.060150,0.145131,-0.026805,0.159372,0.065468,0.140109,-0.024112,0.156518,1.436900,0.272942,-0.463378,-0.011038,-0.776920,-1.737810,0.081592,0.170168,0.236050,0.005670,0.067629,0.083335,-0.144760,-0.069020,0.332000,-0.101024,-0.047040,0.038752,2.0000,1.0000,1.0000,0.0000,2.0000,25.3632,15.4494,61.2268,-10.6040,13.3435,,,
1786590921746182136,2026-08-13T10:15:21.746206,ground_truth,0.009733,0.536000,0.145688,True,,,,,,,,,-0.005398,0.797371,0.466407,-0.005398,0.797371,0.466407,-0.005398,0.797371,0.466407,0.053708,0.134870,-0.026576,0.147583,0.056191,0.138197,-0.026351,0.151494,1.436900,0.272942,-0.463378,-0.011038,-0.776920,-1.737810,0.081592,0.170168,0.236050,0.005670,0.067629,0.083335,-0.144760,-0.069020,0.332000,-0.101024,-0.047040,0.038752,2.0000,1.0000,1.0000,0.0000,2.0000,25.3632,15.4494,61.2268,-10.6040,13.3435,,,
1786590921783896750,2026-08-13T10:15:21.783911,ground_truth,0.006874,0.545000,0.142657,True,,,,,,,,,-0.005398,0.797371,0.466407,-0.003617,0.801785,0.465532,-0.003617,0.801785,0.465532,0.043675,0.108264,-0.021449,0.118695,0.056191,0.138197,-0.026351,0.151494,1.435901,0.275020,-0.460553,-0.011113,-0.777739,-1.736797,0.083336,0.173219,0.236050,0.005228,0.067188,0.086386,-0.136080,-0.079940,0.341130,-0.100288,-0.048032,0.038624,2.0000,1.0000,1.0000,0.0000,2.0000,25.7611,16.0366,60.9910,-10.0646,13.5812,,,
1786590921816023227,2026-08-13T10:15:21.816037,ground_truth,0.006874,0.545000,0.142657,True,,,,,,,,,-0.001848,0.806188,0.464466,-0.001848,0.806188,0.464466,-0.001848,0.806188,0.464466,0.047741,0.118852,-0.028765,0.131273,0.053811,0.133675,-0.029413,0.147071,1.421220,0.310478,-0.413920,-0.012191,-0.789122,-1.721480,0.068936,0.200706,0.263976,0.005670,0.061949,0.075477,-0.121100,-0.107800,0.358643,-0.099840,-0.051200,0.036416,2.0000,1.0000,1.0000,0.0000,2.0000,25.9460,16.2336,60.8483,-9.6630,13.5667,,,
1786590921845399229,2026-08-13T10:15:21.845414,ground_truth,0.006874,0.545000,0.142657,True,,,,,,,,,-0.001848,0.806188,0.464466,-0.000085,0.810482,0.463410,-0.000085,0.810482,0.463410,0.054037,0.131589,-0.032371,0.145889,0.053811,0.133675,-0.029413,0.147071,1.421220,0.310478,-0.413920,-0.012191,-0.789122,-1.721480,0.068936,0.200706,0.263976,0.005670,0.061949,0.075477,-0.121100,-0.107800,0.358643,-0.099840,-0.051200,0.036416,2.0000,1.0000,1.0000,0.0000,2.0000,25.9875,16.2975,60.5013,-9.5454,13.6760,,,
1786590921873737878,2026-08-13T10:15:21.873753,ground_truth,0.006863,0.555000,0.142461,True,,,,,,,,,0.001474,0.814488,0.462372,0.001474,0.814488,0.462372,0.001474,0.814488,0.462372,0.053729,0.138101,-0.035779,0.152443,0.049456,0.123569,-0.031178,0.136701,1.421220,0.310478,-0.413920,-0.012191,-0.789122,-1.721480,0.068936,0.200706,0.263976,0.005670,0.061949,0.075477,-0.121100,-0.107800,0.358643,-0.099840,-0.051200,0.036416,2.0000,1.0000,1.0000,0.0000,2.0000,25.9875,16.2975,60.5013,-9.5454,13.6760,,,
1786590921910703722,2026-08-13T10:15:21.910720,ground_truth,0.006863,0.555000,0.139637,True,,,,,,,,,0.001474,0.814488,0.462372,0.003038,0.818169,0.461312,0.003038,0.818169,0.461312,0.054881,0.129185,-0.037203,0.145206,0.049456,0.123569,-0.031178,0.136701,1.421220,0.310478,-0.413920,-0.012191,-0.789122,-1.721480,0.068936,0.200706,0.263976,0.005670,0.061949,0.075477,-0.121100,-0.107800,0.358643,-0.099840,-0.051200,0.036416,2.0000,2.0000,1.0000,0.0000,3.0000,26.3764,17.3640,59.8294,-9.8136,14.4249,,,
1786590921944674102,2026-08-13T10:15:21.944691,ground_truth,0.006858,0.560000,0.139548,True,,,,,,,,,0.004394,0.822052,0.460285,0.004394,0.822052,0.460285,0.004394,0.822052,0.460285,0.036754,0.105222,-0.027826,0.114878,0.043714,0.113232,-0.031241,0.125333,1.421220,0.310478,-0.413920,-0.012191,-0.789122,-1.721480,0.068936,0.200706,0.263976,0.005670,0.061949,0.075477,-0.121100,-0.107800,0.358643,-0.099840,-0.051200,0.036416,2.0000,2.0000,1.0000,0.0000,3.0000,26.5562,17.8368,59.3164,-9.5632,14.3906,,,
1786590921977867804,2026-08-13T10:15:21.977880,ground_truth,0.006858,0.560000,0.136732,True,,,,,,,,,0.004394,0.822052,0.460285,0.005561,0.825708,0.459244,0.005561,0.825708,0.459244,0.034423,0.107851,-0.030721,0.117306,0.043714,0.113232,-0.031241,0.125333,1.420142,0.313692,-0.409660,-0.012256,-0.790135,-1.720283,0.066754,0.201144,0.267902,0.002609,0.065010,0.072857,-0.087920,-0.125160,0.359888,-0.100640,-0.048384,0.036576,2.0000,2.0000,1.0000,0.0000,3.0000,26.5647,17.9785,59.0569,-9.7885,14.0580,,,
1786590922015758080,2026-08-13T10:15:22.015771,ground_truth,0.006863,0.555000,0.136814,True,,,,,,,,,0.006335,0.829320,0.458225,0.006335,0.829320,0.458225,0.006335,0.829320,0.458225,0.023023,0.107371,-0.030287,0.113912,0.029411,0.110102,-0.031210,0.118159,1.411112,0.349843,-0.359391,-0.012773,-0.804127,-1.710948,0.036209,0.191108,0.280995,0.000000,0.089005,0.034903,-0.121100,-0.126420,0.342873,-0.103808,-0.047424,0.030400,2.0000,2.0000,1.0000,0.0000,3.0000,27.0530,18.7305,58.2666,-9.9817,14.1108,,,
1786590922046391043,2026-08-13T10:15:22.046413,ground_truth,0.004051,0.565000,0.136651,True,,,,,,,,,0.006335,0.829320,0.458225,0.007109,0.832655,0.457212,0.007109,0.832655,0.457212,0.020543,0.088531,-0.026892,0.094779,0.029411,0.110102,-0.031210,0.118159,1.410557,0.352887,-0.354952,-0.012817,-0.805539,-1.710442,0.032720,0.189364,0.277069,0.002609,0.088574,0.029665,-0.109060,-0.133840,0.352833,-0.100288,-0.054208,0.033344,2.0000,2.0000,1.0000,0.0000,3.0000,27.5446,18.9786,57.7695,-9.4418,14.0589,,,
1786590922077000377,2026-08-13T10:15:22.077022,ground_truth,0.004053,0.569000,0.136586,True,,,,,,,,,0.007876,0.835936,0.456196,0.007876,0.835936,0.456196,0.007876,0.835936,0.456196,0.024701,0.105676,-0.032726,0.113351,0.022909,0.098374,-0.030171,0.105416,1.410557,0.352887,-0.354952,-0.012817,-0.805539,-1.710442,0.032720,0.189364,0.277069,0.002609,0.088574,0.029665,-0.109060,-0.133840,0.352833,-0.100288,-0.054208,0.033344,2.0000,2.0000,1.0000,0.0000,3.0000,27.5446,18.9786,57.7695,-9.4418,14.0589,,,
1786590922110616264,2026-08-13T10:15:22.110638,ground_truth,0.004059,0.579000,0.133639,True,,,,,,,,,0.007876,0.835936,0.456196,0.008448,0.839205,0.455192,0.008448,0.839205,0.455192,0.018761,0.107320,-0.032953,0.113822,0.022909,0.098374,-0.030171,0.105416,1.410557,0.352887,-0.354952,-0.012817,-0.805539,-1.710442,0.032720,0.189364,0.277069,0.002609,0.088574,0.029665,-0.109060,-0.133840,0.352833,-0.100288,-0.054208,0.033344,2.0000,2.0000,1.0000,0.0000,3.0000,27.9809,19.2221,57.3976,-9.3743,13.9186,,,
1786590922142197447,2026-08-13T10:15:22.142217,ground_truth,0.004059,0.579000,0.133639,True,,,,,,,,,0.008825,0.842152,0.454206,0.008825,0.842152,0.454206,0.008825,0.842152,0.454206,0.011319,0.088398,-0.029574,0.093898,0.014264,0.093447,-0.029911,0.099149,1.410557,0.352887,-0.354952,-0.012817,-0.805539,-1.710442,0.032720,0.189364,0.277069,0.002609,0.088574,0.029665,-0.109060,-0.133840,0.352833,-0.100288,-0.054208,0.033344,2.0000,2.0000,1.0000,0.0000,3.0000,28.7457,19.2409,57.0550,-8.7178,13.5951,,,
1786590922172215307,2026-08-13T10:15:22.172238,ground_truth,0.004069,0.597000,0.130621,True,,,,,,,,,0.008825,0.842152,0.454206,0.009202,0.844769,0.453220,0.009202,0.844769,0.453220,0.011864,0.082247,-0.030998,0.088692,0.014264,0.093447,-0.029911,0.099149,1.410557,0.352887,-0.354952,-0.012817,-0.805539,-1.710442,0.032720,0.189364,0.277069,0.002609,0.088574,0.029665,-0.109060,-0.133840,0.352833,-0.100288,-0.054208,0.033344,2.0000,2.0000,1.0000,0.0000,3.0000,29.3301,19.2221,56.5106,-8.3743,13.3888,,,
1786590922206565317,2026-08-13T10:15:22.206582,ground_truth,0.004071,0.601000,0.130568,True,,,,,,,,,0.009579,0.847318,0.452223,0.009579,0.847318,0.452223,0.009579,0.847318,0.452223,0.012703,0.085985,-0.033634,0.093199,0.011330,0.077617,-0.029800,0.083910,1.405323,0.386588,-0.303315,-0.013021,-0.823497,-1.705203,0.029669,0.186313,0.291902,0.000000,0.107772,0.032284,-0.116200,-0.170380,0.370761,-0.104480,-0.057440,0.032288,2.0000,2.0000,1.0000,0.0000,3.0000,29.4537,19.6730,56.3852,-8.0620,12.9230,,,
1786590922239158263,2026-08-13T10:15:22.239175,ground_truth,0.004071,0.601000,0.130568,True,,,,,,,,,0.009579,0.847318,0.452223,0.009956,0.850815,0.451222,0.009956,0.850815,0.451222,0.010971,0.101875,-0.029161,0.106533,0.011330,0.077617,-0.029800,0.083910,1.404467,0.391795,-0.295085,-0.013043,-0.826548,-1.704362,0.030976,0.186313,0.295397,0.000000,0.110822,0.029665,-0.101640,-0.190960,0.364370,-0.106144,-0.053440,0.031904,3.0000,2.0000,1.0000,0.0000,3.0000,29.8382,20.0055,55.8660,-7.4054,13.1476,,,
1786590922275302035,2026-08-13T10:15:22.275317,ground_truth,0.004076,0.610000,0.127719,True,,,,,,,,,0.009579,0.847318,0.452223,0.010333,0.854714,0.450214,0.010333,0.854714,0.450214,0.011498,0.118772,-0.030703,0.123214,0.011330,0.077617,-0.029800,0.083910,1.403108,0.399871,-0.282110,-0.013097,-0.831474,-1.702993,0.031414,0.181511,0.295397,0.002609,0.110391,0.032284,-0.129220,-0.150220,0.369848,-0.105984,-0.055936,0.030464,2.0000,2.0000,1.0000,0.0000,3.0000,29.9464,19.9971,55.7936,-7.3913,13.4060,,,
1786590922305491234,2026-08-13T10:15:22.305508,ground_truth,0.004079,0.615000,0.127662,True,,,,,,,,,0.009579,0.847318,0.452223,0.010520,0.858694,0.449218,0.010520,0.858694,0.449218,0.005205,0.111062,-0.027791,0.114604,0.011330,0.077617,-0.029800,0.083910,1.402037,0.405744,-0.272579,-0.013140,-0.835096,-1.701969,0.032720,0.182817,0.297137,0.000000,0.115619,0.029665,-0.119560,-0.145320,0.366279,-0.104352,-0.053824,0.034016,3.0000,2.0000,1.0000,0.0000,3.0000,29.9577,20.1661,55.5268,-7.8941,13.6345,,,
1786590922341452724,2026-08-13T10:15:22.341466,ground_truth,0.004079,0.615000,0.127662,True,,,,,,,,,0.010706,0.862957,0.448218,0.010706,0.862957,0.448218,0.010706,0.862957,0.448218,0.006085,0.139202,-0.032645,0.143108,0.008464,0.117457,-0.030076,0.121541,1.401370,0.409416,-0.266631,-0.013162,-0.837446,-1.701322,0.032720,0.184568,0.295397,0.000000,0.118680,0.032715,-0.115220,-0.174720,0.380389,-0.105408,-0.055328,0.034560,3.0000,2.0000,1.0000,0.0000,3.0000,30.1951,20.2663,54.8828,-7.6279,13.6197,,,
1786590922376112716,2026-08-13T10:15:22.376130,ground_truth,0.001380,0.624000,0.127560,True,,,,,,,,,0.010706,0.862957,0.448218,0.010892,0.867543,0.447219,0.010892,0.867543,0.447219,0.005229,0.128695,-0.028054,0.131821,0.008464,0.117457,-0.030076,0.121541,1.400077,0.416754,-0.254898,-0.013215,-0.842102,-1.700061,0.031414,0.181511,0.290155,0.002609,0.113442,0.032284,-0.108500,-0.191240,0.363125,-0.104576,-0.058336,0.033184,3.0000,2.0000,1.0000,0.0000,3.0000,30.2573,20.4999,54.6374,-7.8911,13.6789,,,
1786590922411343164,2026-08-13T10:15:22.411357,ground_truth,-0.001325,0.624000,0.124850,True,,,,,,,,,0.011258,0.872193,0.446225,0.011258,0.872193,0.446225,0.011258,0.872193,0.446225,0.010520,0.133835,-0.028589,0.137258,0.008184,0.136973,-0.029557,0.140364,1.398783,0.423849,-0.243530,-0.013259,-0.846446,-1.698822,0.034465,0.174533,0.282304,0.000000,0.102533,0.032284,-0.101360,-0.209440,0.358477,-0.107040,-0.055264,0.032512,3.0000,2.0000,1.0000,0.0000,3.0000,30.5347,20.8291,54.3373,-9.0632,14.1889,,,
1786590922440546455,2026-08-13T10:15:22.440563,ground_truth,-0.001309,0.628000,0.124812,True,,,,,,,,,0.011258,0.872193,0.446225,0.011804,0.876803,0.445239,0.011804,0.876803,0.445239,0.015277,0.129029,-0.027591,0.132827,0.008184,0.136973,-0.029557,0.140364,1.398254,0.426613,-0.239039,-0.013291,-0.848096,-1.698315,0.032720,0.171475,0.278809,0.003051,0.102533,0.032284,-0.102900,-0.178220,0.362129,-0.103680,-0.049920,0.033792,3.0000,2.0000,1.0000,0.0000,3.0000,30.7540,20.9134,53.7574,-8.5935,14.1233,,,
1786590922472088283,2026-08-13T10:15:22.472106,ground_truth,-0.001294,0.632000,0.122076,True,,,,,,,,,0.011258,0.872193,0.446225,0.012348,0.881405,0.444257,0.012348,0.881405,0.444257,0.019146,0.161833,-0.034547,0.166583,0.008184,0.136973,-0.029557,0.140364,1.397195,0.432774,-0.228882,-0.013323,-0.851955,-1.697205,0.029231,0.170168,0.282742,0.000000,0.113442,0.029665,-0.118720,-0.166460,0.370180,-0.105408,-0.055488,0.036064,3.0000,2.0000,1.0000,0.0000,3.0000,31.7397,21.5141,52.7851,-7.6196,14.3295,,,
1786590922509829117,2026-08-13T10:15:22.509855,ground_truth,-0.003957,0.637000,0.122036,True,,,,,,,,,0.011258,0.872193,0.446225,0.012892,0.885952,0.443280,0.012892,0.885952,0.443280,0.017049,0.142661,-0.030655,0.146910,0.008184,0.136973,-0.029557,0.140364,1.396509,0.436949,-0.222072,-0.013345,-0.854639,-1.696429,0.031414,0.174964,0.286229,0.000000,0.110391,0.032715,-0.123620,-0.188160,0.361299,-0.106304,-0.051776,0.034016,3.0000,2.0000,1.0000,0.0000,3.0000,31.8293,21.7439,52.4942,-7.8905,14.3841,,,
1786590922538864874,2026-08-13T10:15:22.538883,ground_truth,-0.006583,0.645000,0.119297,True,,,,,,,,,0.013613,0.890702,0.442295,0.013613,0.890702,0.442295,0.013613,0.890702,0.442295,0.019191,0.126358,-0.026211,0.130467,0.017695,0.139070,-0.029533,0.143268,1.396509,0.436949,-0.222072,-0.013345,-0.854639,-1.696429,0.031414,0.174964,0.286229,0.000000,0.110391,0.032715,-0.123620,-0.188160,0.361299,-0.106304,-0.051776,0.034016,3.0000,2.0000,1.0000,0.0000,3.0000,32.2052,22.3256,52.2121,-8.1025,14.7808,,,
1786590922581743057,2026-08-13T10:15:22.581765,ground_truth,-0.006554,0.649000,0.116603,True,,,,,,,,,0.013613,0.890702,0.442295,0.014322,0.895758,0.441138,0.014322,0.895758,0.441138,0.024666,0.175943,-0.040255,0.182167,0.017695,0.139070,-0.029533,0.143268,1.396509,0.436949,-0.222072,-0.013345,-0.854639,-1.696429,0.031414,0.174964,0.286229,0.000000,0.110391,0.032715,-0.123620,-0.188160,0.361299,-0.106304,-0.051776,0.034016,3.0000,2.0000,2.0000,0.0000,4.0000,32.8056,23.1372,51.1755,-8.6621,15.8910,,,
1786590922614389298,2026-08-13T10:15:22.614421,ground_truth,-0.006518,0.654000,0.116580,True,,,,,,,,,0.015029,0.901036,0.439806,0.015029,0.901036,0.439806,0.015029,0.901036,0.439806,0.016363,0.122136,-0.030827,0.127024,0.021238,0.155003,-0.037332,0.160844,1.396509,0.436949,-0.222072,-0.013345,-0.854639,-1.696429,0.031414,0.174964,0.286229,0.000000,0.110391,0.032715,-0.123620,-0.188160,0.361299,-0.106304,-0.051776,0.034016,3.0000,2.0000,2.0000,0.0000,4.0000,33.2177,23.6917,50.7762,-7.9644,16.3386,,,
1786590922648239839,2026-08-13T10:15:22.648260,ground_truth,-0.009138,0.658000,0.116561,True,,,,,,,,,0.015029,0.901036,0.439806,0.015734,0.906359,0.438669,0.015734,0.906359,0.438669,0.021085,0.159151,-0.034008,0.164104,0.021238,0.155003,-0.037332,0.160844,1.396144,0.439066,-0.218644,-0.013356,-0.855943,-1.696019,0.030976,0.178022,0.286668,0.000000,0.107772,0.034903,-0.127400,-0.190540,0.370927,-0.106144,-0.051872,0.033568,3.0000,2.0000,2.0000,0.0000,4.0000,33.2177,23.6917,50.7762,-7.9644,16.3386,,,
1786590922682299602,2026-08-13T10:15:22.682318,ground_truth,-0.011702,0.666000,0.113882,True,,,,,,,,,0.016614,0.911423,0.437530,0.016614,0.911423,0.437530,0.016614,0.911423,0.437530,0.026377,0.151842,-0.034136,0.157851,0.024006,0.157329,-0.034472,0.162841,1.389264,0.471048,-0.168859,-0.013625,-0.875303,-1.688366,0.052354,0.189364,0.273575,0.002609,0.121300,0.048432,-0.150220,-0.218540,0.365200,-0.107520,-0.058624,0.037024,3.0000,2.0000,2.0000,0.0000,4.0000,33.6542,24.4552,50.0902,-8.2479,16.3351,,,
1786590922715264316,2026-08-13T10:15:22.715279,ground_truth,-0.011744,0.662000,0.111248,True,,,,,,,,,0.016614,0.911423,0.437530,0.017665,0.916649,0.436414,0.017665,0.916649,0.436414,0.030862,0.153407,-0.032755,0.159872,0.024006,0.157329,-0.034472,0.162841,1.386768,0.479326,-0.157163,-0.013787,-0.880649,-1.686145,0.057156,0.186313,0.260489,0.002609,0.123908,0.054101,-0.150640,-0.208600,0.361050,-0.104032,-0.057600,0.035296,3.0000,2.0000,2.0000,0.0000,4.0000,33.8520,24.7676,49.7389,-7.9983,16.4942,,,
1786590922742334663,2026-08-13T10:15:22.742355,ground_truth,-0.011744,0.662000,0.111248,True,,,,,,,,,0.018719,0.921161,0.435126,0.018719,0.921161,0.435126,0.018719,0.921161,0.435126,0.032074,0.137260,-0.039184,0.146303,0.031600,0.146139,-0.036075,0.153807,1.385141,0.484533,-0.149929,-0.013862,-0.884099,-1.684668,0.057156,0.186313,0.256563,0.002609,0.123908,0.054101,-0.147140,-0.213500,0.363457,-0.106752,-0.056992,0.034464,3.0000,2.0000,2.0000,0.0000,4.0000,34.4826,25.8332,48.3554,-7.4642,17.5049,,,
1786590922773253080,2026-08-13T10:15:22.773273,ground_truth,-0.014337,0.666000,0.111242,True,,,,,,,,,0.018719,0.921161,0.435126,0.019774,0.925317,0.433838,0.019774,0.925317,0.433838,0.039353,0.155113,-0.048075,0.167092,0.031600,0.146139,-0.036075,0.153807,1.383527,0.489695,-0.142791,-0.013970,-0.887526,-1.683202,0.057156,0.182817,0.254816,0.002609,0.121300,0.051482,-0.142800,-0.233660,0.359058,-0.105408,-0.058944,0.036640,3.0000,2.0000,2.0000,0.0000,4.0000,34.5781,26.0775,47.9348,-8.2247,16.6336,,,
1786590922809270923,2026-08-13T10:15:22.809286,ground_truth,-0.016917,0.670000,0.108603,True,,,,,,,,,0.021001,0.929401,0.432740,0.021001,0.929401,0.432740,0.021001,0.929401,0.432740,0.039835,0.132547,-0.035645,0.142920,0.033882,0.122355,-0.035435,0.131812,1.381195,0.496869,-0.132739,-0.014099,-0.892237,-1.681230,0.057156,0.172782,0.249143,0.002609,0.113442,0.045812,-0.132860,-0.254800,0.380887,-0.108256,-0.053600,0.035456,3.0000,2.0000,2.0000,0.0000,4.0000,35.1885,26.9011,45.2729,-8.4475,17.8400,,,
1786590922845018693,2026-08-13T10:15:22.845042,ground_truth,-0.016848,0.675000,0.108604,True,,,,,,,,,0.021001,0.929401,0.432740,0.022401,0.933205,0.431469,0.022401,0.933205,0.431469,0.038708,0.105184,-0.035137,0.117459,0.033882,0.122355,-0.035435,0.131812,1.381195,0.496869,-0.132739,-0.014099,-0.892237,-1.681230,0.057156,0.172782,0.249143,0.002609,0.113442,0.045812,-0.132860,-0.254800,0.380887,-0.108256,-0.053600,0.035456,3.0000,2.0000,2.0000,0.0000,4.0000,35.2943,26.6453,45.2318,-8.4283,17.5339,,,
1786590922882850725,2026-08-13T10:15:22.882865,ground_truth,-0.022088,0.675000,0.108604,True,,,,,,,,,0.023796,0.936899,0.430199,0.023796,0.936899,0.430199,0.023796,0.936899,0.430199,0.039143,0.103644,-0.035647,0.116383,0.041912,0.112434,-0.038106,0.125897,1.381195,0.496869,-0.132739,-0.014099,-0.892237,-1.681230,0.057156,0.172782,0.249143,0.002609,0.113442,0.045812,-0.132860,-0.254800,0.380887,-0.108256,-0.053600,0.035456,3.0000,2.0000,2.0000,0.0000,4.0000,35.6518,27.8477,44.4512,-8.9708,18.2270,,,
1786590922909480888,2026-08-13T10:15:22.909496,ground_truth,-0.022088,0.675000,0.105979,True,,,,,,,,,0.023796,0.936899,0.430199,0.025361,0.940838,0.428935,0.025361,0.940838,0.428935,0.041441,0.104329,-0.033472,0.117142,0.041912,0.112434,-0.038106,0.125897,1.381195,0.496869,-0.132739,-0.014099,-0.892237,-1.681230,0.057156,0.172782,0.249143,0.002609,0.113442,0.045812,-0.132860,-0.254800,0.380887,-0.108256,-0.053600,0.035456,3.0000,2.0000,2.0000,0.0000,4.0000,35.2541,27.4426,44.8572,-9.6819,17.8229,,,
1786590922939700616,2026-08-13T10:15:22.939719,ground_truth,-0.022020,0.679000,0.105987,True,,,,,,,,,0.026745,0.944346,0.427677,0.026745,0.944346,0.427677,0.026745,0.944346,0.427677,0.051431,0.130327,-0.046743,0.147700,0.043671,0.110281,-0.037347,0.124353,1.381195,0.496869,-0.132739,-0.014099,-0.892237,-1.681230,0.057156,0.172782,0.249143,0.002609,0.113442,0.045812,-0.132860,-0.254800,0.380887,-0.108256,-0.053600,0.035456,3.0000,2.0000,2.0000,0.0000,4.0000,35.4726,27.7429,44.0181,-10.1134,18.2183,,,
1786590922976630923,2026-08-13T10:15:22.976647,ground_truth,-0.021816,0.691000,0.106009,True,,,,,,,,,0.026745,0.944346,0.427677,0.028126,0.947767,0.426422,0.028126,0.947767,0.426422,0.045374,0.112439,-0.041242,0.128071,0.043671,0.110281,-0.037347,0.124353,1.381195,0.496869,-0.132739,-0.014099,-0.892237,-1.681230,0.057156,0.172782,0.249143,0.002609,0.113442,0.045812,-0.132860,-0.254800,0.380887,-0.108256,-0.053600,0.035456,3.0000,2.0000,2.0000,0.0000,4.0000,35.1302,27.3866,44.6414,-10.6305,17.6849,,,
1786590923008016923,2026-08-13T10:15:23.008035,ground_truth,-0.027084,0.687000,0.106001,True,,,,,,,,,0.029494,0.951171,0.425351,0.029494,0.951171,0.425351,0.029494,0.951171,0.425351,0.036570,0.090998,-0.028633,0.102166,0.042127,0.104608,-0.035649,0.118273,1.373531,0.526597,-0.082314,-0.014401,-0.908956,-1.673339,0.030976,0.153586,0.278809,0.002609,0.078096,0.032284,-0.137200,-0.262780,0.364702,-0.109088,-0.048384,0.032800,3.0000,2.0000,2.0000,0.0000,4.0000,35.5466,27.8860,43.9358,-9.2305,17.4589,,,
1786590923042860133,2026-08-13T10:15:23.042883,ground_truth,-0.027003,0.691000,0.103410,True,,,,,,,,,0.029494,0.951171,0.425351,0.031036,0.954786,0.424282,0.031036,0.954786,0.424282,0.050086,0.117407,-0.034726,0.132283,0.042127,0.104608,-0.035649,0.118273,1.371989,0.533993,-0.069013,-0.014455,-0.912707,-1.671809,0.029669,0.156637,0.274883,0.000000,0.078096,0.029665,-0.097860,-0.197400,0.370678,-0.110368,-0.053056,0.034784,3.0000,2.0000,2.0000,0.0000,4.0000,35.4729,27.7122,43.9320,-9.4443,17.0877,,,
1786590923072227489,2026-08-13T10:15:23.072243,ground_truth,-0.029509,0.695000,0.103424,True,,,,,,,,,0.032397,0.958389,0.423222,0.032397,0.958389,0.423222,0.032397,0.958389,0.423222,0.039065,0.103385,-0.030392,0.114622,0.043254,0.107525,-0.031706,0.120158,1.371407,0.537207,-0.063555,-0.014498,-0.914324,-1.671183,0.029231,0.163621,0.271396,0.002609,0.081158,0.032284,-0.110600,-0.230580,0.362959,-0.107584,-0.049216,0.036128,3.0000,2.0000,2.0000,0.0000,4.0000,35.6944,28.0596,42.9306,-8.8555,16.7073,,,
1786590923106141473,2026-08-13T10:15:23.106171,ground_truth,-0.029421,0.699000,0.103438,True,,,,,,,,,0.032397,0.958389,0.423222,0.033927,0.961562,0.422344,0.033927,0.961562,0.422344,0.052651,0.109199,-0.030229,0.124941,0.043254,0.107525,-0.031706,0.120158,1.371054,0.539187,-0.060299,-0.014509,-0.915294,-1.670795,0.029231,0.164928,0.271396,0.000000,0.080716,0.032284,-0.118020,-0.227780,0.371923,-0.107136,-0.048480,0.037696,3.0000,2.0000,2.0000,0.0000,4.0000,35.5677,27.7416,43.0712,-9.8594,17.1752,,,
1786590923148580322,2026-08-13T10:15:23.148610,ground_truth,-0.034481,0.703000,0.100873,True,,,,,,,,,0.035454,0.964651,0.421468,0.035454,0.964651,0.421468,0.035454,0.964651,0.421468,0.044642,0.090291,-0.025616,0.103931,0.045895,0.094008,-0.026342,0.107879,1.371054,0.539187,-0.060299,-0.014509,-0.915294,-1.670795,0.029231,0.164928,0.271396,0.000000,0.080716,0.032284,-0.118020,-0.227780,0.371923,-0.107136,-0.048480,0.037696,3.0000,2.0000,2.0000,0.0000,4.0000,35.7355,28.1400,42.0555,-10.1295,16.5805,,,
1786590923175562654,2026-08-13T10:15:23.175587,ground_truth,-0.034379,0.707000,0.103466,True,,,,,,,,,0.035454,0.964651,0.421468,0.037144,0.967668,0.420422,0.037144,0.967668,0.420422,0.039960,0.071372,-0.024735,0.085455,0.045895,0.094008,-0.026342,0.107879,1.371054,0.539187,-0.060299,-0.014509,-0.915294,-1.670795,0.029231,0.164928,0.271396,0.000000,0.080716,0.032284,-0.118020,-0.227780,0.371923,-0.107136,-0.048480,0.037696,3.0000,2.0000,2.0000,0.0000,4.0000,35.5456,28.0391,42.9053,-10.5820,16.4778,,,
1786590923204807187,2026-08-13T10:15:23.204828,ground_truth,-0.037055,0.703000,0.103452,True,,,,,,,,,0.038656,0.970672,0.419728,0.038656,0.970672,0.419728,0.038656,0.970672,0.419728,0.055560,0.110380,-0.025520,0.126182,0.047955,0.090195,-0.026068,0.105425,1.371054,0.539187,-0.060299,-0.014509,-0.915294,-1.670795,0.029231,0.164928,0.271396,0.000000,0.080716,0.032284,-0.118020,-0.227780,0.371923,-0.107136,-0.048480,0.037696,3.0000,2.0000,2.0000,0.0000,4.0000,35.9027,28.3049,43.0411,-10.3991,16.3683,,,
1786590923238801582,2026-08-13T10:15:23.238820,ground_truth,-0.036947,0.707000,0.103466,True,,,,,,,,,0.038656,0.970672,0.419728,0.040343,0.973459,0.419208,0.040343,0.973459,0.419208,0.058819,0.097164,-0.018117,0.115016,0.047955,0.090195,-0.026068,0.105425,1.371054,0.539187,-0.060299,-0.014509,-0.915294,-1.670795,0.029231,0.164928,0.271396,0.000000,0.080716,0.032284,-0.118020,-0.227780,0.371923,-0.107136,-0.048480,0.037696,3.0000,2.0000,2.0000,0.0000,4.0000,36.3791,28.5481,43.1864,-9.1243,16.1449,,,
1786590923275112868,2026-08-13T10:15:23.275136,ground_truth,-0.044521,0.711000,0.103480,True,,,,,,,,,0.042023,0.976417,0.418689,0.042023,0.976417,0.418689,0.042023,0.976417,0.418689,0.048847,0.085982,-0.015083,0.100032,0.050761,0.086595,-0.015655,0.101590,1.366193,0.572620,-0.010484,-0.014703,-0.931107,-1.665686,0.014394,0.161439,0.232563,0.000000,0.070249,0.016137,-0.084000,-0.303100,0.371923,-0.106240,-0.051552,0.031008,3.0000,2.0000,2.0000,0.0000,4.0000,36.9463,29.1421,42.9260,-9.5063,15.7603,,,
1786590923305898959,2026-08-13T10:15:23.305916,ground_truth,-0.044266,0.719000,0.106061,True,,,,,,,,,0.042023,0.976417,0.418689,0.044035,0.979408,0.418171,0.044035,0.979408,0.418171,0.054978,0.081732,-0.014138,0.099512,0.050761,0.086595,-0.015655,0.101590,1.366193,0.572620,-0.010484,-0.014703,-0.931107,-1.665686,0.014394,0.161439,0.232563,0.000000,0.070249,0.016137,-0.084000,-0.303100,0.371923,-0.106240,-0.051552,0.031008,3.0000,2.0000,2.0000,0.0000,4.0000,37.2374,29.5668,44.6657,-8.1236,15.0284,,,
1786590923340452419,2026-08-13T10:15:23.340470,ground_truth,-0.044266,0.719000,0.106061,True,,,,,,,,,0.045859,0.982406,0.418002,0.045859,0.982406,0.418002,0.045859,0.982406,0.418002,0.060466,0.099434,-0.005621,0.116511,0.057199,0.089325,-0.010245,0.106563,1.366193,0.572620,-0.010484,-0.014703,-0.931107,-1.665686,0.014394,0.161439,0.232563,0.000000,0.070249,0.016137,-0.084000,-0.303100,0.371923,-0.106240,-0.051552,0.031008,3.0000,2.0000,1.0000,0.0000,3.0000,37.2728,29.4857,45.2954,-7.7442,14.7950,,,
1786590923374022649,2026-08-13T10:15:23.374043,ground_truth,-0.043915,0.730000,0.106081,True,,,,,,,,,0.045859,0.982406,0.418002,0.047687,0.985619,0.417832,0.047687,0.985619,0.417832,0.052259,0.091860,-0.004848,0.105796,0.057199,0.089325,-0.010245,0.106563,1.366193,0.572620,-0.010484,-0.014703,-0.931107,-1.665686,0.014394,0.161439,0.232563,0.000000,0.070249,0.016137,-0.084000,-0.303100,0.371923,-0.106240,-0.051552,0.031008,3.0000,2.0000,1.0000,0.0000,3.0000,37.6855,29.5765,46.8803,-6.3902,14.1905,,,
1786590923412517946,2026-08-13T10:15:23.412544,ground_truth,-0.043660,0.738000,0.106096,True,,,,,,,,,0.049142,0.988609,0.417664,0.049142,0.988609,0.417664,0.049142,0.988609,0.417664,0.043446,0.089251,-0.005022,0.099390,0.049401,0.093330,-0.005083,0.105721,1.366193,0.572620,-0.010484,-0.014703,-0.931107,-1.665686,0.014394,0.161439,0.232563,0.000000,0.070249,0.016137,-0.084000,-0.303100,0.371923,-0.106240,-0.051552,0.031008,3.0000,2.0000,1.0000,0.0000,3.0000,37.1371,29.5478,46.1662,-5.8376,13.5504,,,
1786590923442230924,2026-08-13T10:15:23.442249,ground_truth,-0.045807,0.749000,0.106116,True,,,,,,,,,0.049142,0.988609,0.417664,0.050580,0.992140,0.417672,0.050580,0.992140,0.417672,0.037462,0.091984,0.000203,0.099320,0.049401,0.093330,-0.005083,0.105721,1.366193,0.572620,-0.010484,-0.014703,-0.931107,-1.665686,0.014394,0.161439,0.232563,0.000000,0.070249,0.016137,-0.084000,-0.303100,0.371923,-0.106240,-0.051552,0.031008,3.0000,2.0000,1.0000,0.0000,3.0000,37.5333,30.0407,46.0858,-5.4268,13.6714,,,
1786590923473620080,2026-08-13T10:15:23.473641,ground_truth,-0.048552,0.742000,0.106103,True,,,,,,,,,0.052166,0.996206,0.417681,0.052166,0.996206,0.417681,0.052166,0.996206,0.417681,0.053010,0.135926,0.000289,0.145897,0.045321,0.113866,0.000246,0.122555,1.365096,0.601897,0.031361,-0.014714,-0.943913,-1.665061,0.004796,0.168424,0.246957,0.000000,0.078096,0.013517,0.061600,-0.265020,0.404957,-0.087328,-0.046528,-0.026880,3.0000,2.0000,1.0000,0.0000,3.0000,36.6970,30.4141,46.2731,-6.3451,12.7959,,,
1786590923505938930,2026-08-13T10:15:23.505959,ground_truth,-0.048305,0.749000,0.106116,True,,,,,,,,,0.052166,0.996206,0.417681,0.053948,1.000379,0.417687,0.053948,1.000379,0.417687,0.057673,0.135033,0.000204,0.146834,0.045321,0.113866,0.000246,0.122555,1.365488,0.609025,0.042016,-0.014703,-0.947341,-1.665697,0.013087,0.186313,0.282742,0.000000,0.091624,0.018756,0.097020,-0.228760,0.382713,-0.068864,-0.055264,-0.030176,3.0000,2.0000,1.0000,0.0000,3.0000,36.6970,30.4141,46.2731,-6.3451,12.7959,,,
1786590923548643932,2026-08-13T10:15:23.548664,ground_truth,-0.048305,0.749000,0.106116,True,,,,,,,,,0.055363,1.004521,0.417695,0.055363,1.004521,0.417695,0.055363,1.004521,0.417695,0.042967,0.125776,0.000233,0.132913,0.048062,0.124991,0.000210,0.133914,1.366141,0.616957,0.053867,-0.014681,-0.951383,-1.666548,0.019634,0.207691,0.308483,0.000000,0.107772,0.021375,0.089880,-0.233940,0.387776,-0.048320,-0.051424,-0.032800,3.0000,2.0000,1.0000,0.0000,3.0000,36.8308,29.9807,45.2293,-5.4283,12.0191,,,
1786590923582863339,2026-08-13T10:15:23.582895,ground_truth,-0.050656,0.753000,0.106124,True,,,,,,,,,0.055363,1.004521,0.417695,0.056783,1.008442,0.417875,0.056783,1.008442,0.417875,0.033130,0.091484,0.004209,0.097389,0.048062,0.124991,0.000210,0.133914,1.366762,0.623961,0.064172,-0.014628,-0.955070,-1.667303,0.019634,0.228638,0.334662,0.003051,0.118680,0.021807,0.102480,-0.227500,0.409024,-0.031392,-0.056224,-0.034304,3.0000,2.0000,1.0000,0.0000,3.0000,36.1534,30.0159,45.7460,-5.1454,11.1296,,,
1786590923615978205,2026-08-13T10:15:23.616002,ground_truth,-0.050251,0.764000,0.103666,True,,,,,,,,,0.055363,1.004521,0.417695,0.058193,1.012320,0.418055,0.058193,1.012320,0.418055,0.041129,0.113122,0.005250,0.120481,0.048062,0.124991,0.000210,0.133914,1.367285,0.629691,0.072507,-0.014584,-0.958163,-1.667896,0.023122,0.246527,0.356915,0.000000,0.134817,0.026614,0.094780,-0.220920,0.414004,-0.019552,-0.058720,-0.033632,3.0000,2.0000,1.0000,0.0000,3.0000,36.4985,30.7587,46.0560,-6.1350,12.6643,,,
1786590923648398550,2026-08-13T10:15:23.648416,ground_truth,-0.050509,0.757000,0.101152,True,,,,,,,,,0.055363,1.004521,0.417695,0.059581,1.016189,0.418070,0.059581,1.016189,0.418070,0.042465,0.118308,0.000465,0.125699,0.048062,0.124991,0.000210,0.133914,1.367285,0.629691,0.072507,-0.014584,-0.958163,-1.667896,0.023122,0.246527,0.356915,0.000000,0.134817,0.026614,0.094780,-0.220920,0.414004,-0.019552,-0.058720,-0.033632,3.0000,2.0000,1.0000,0.0000,3.0000,36.2999,30.7180,47.3030,-4.7972,12.2137,,,
1786590923683250687,2026-08-13T10:15:23.683280,ground_truth,-0.050251,0.764000,0.096232,True,,,,,,,,,0.060650,1.020056,0.418089,0.060650,1.020056,0.418089,0.060650,1.020056,0.418089,0.032831,0.118815,0.000570,0.123269,0.039611,0.116388,0.002953,0.122980,1.367285,0.629691,0.072507,-0.014584,-0.958163,-1.667896,0.023122,0.246527,0.356915,0.000000,0.134817,0.026614,0.094780,-0.220920,0.414004,-0.019552,-0.058720,-0.033632,3.0000,2.0000,1.0000,0.0000,3.0000,36.4217,31.1754,46.8875,-5.1852,12.6629,,,
1786590923713965164,2026-08-13T10:15:23.713988,ground_truth,-0.052570,0.768000,0.091322,True,,,,,,,,,0.060650,1.020056,0.418089,0.061708,1.024083,0.417606,0.061708,1.024083,0.417606,0.030604,0.116466,-0.013950,0.121225,0.039611,0.116388,0.002953,0.122980,1.367285,0.629691,0.072507,-0.014584,-0.958163,-1.667896,0.023122,0.246527,0.356915,0.000000,0.134817,0.026614,0.094780,-0.220920,0.414004,-0.019552,-0.058720,-0.033632,3.0000,2.0000,1.0000,0.0000,3.0000,35.4881,31.0601,46.5473,-5.1151,13.2506,,,
1786590923753061094,2026-08-13T10:15:23.753080,ground_truth,-0.052570,0.768000,0.088851,True,,,,,,,,,0.062742,1.028141,0.416798,0.062742,1.028141,0.416798,0.062742,1.028141,0.416798,0.033485,0.131385,-0.026177,0.138089,0.031374,0.121229,-0.019356,0.126710,1.367285,0.629691,0.072507,-0.014584,-0.958163,-1.667896,0.023122,0.246527,0.356915,0.000000,0.134817,0.026614,0.094780,-0.220920,0.414004,-0.019552,-0.058720,-0.033632,3.0000,2.0000,1.0000,0.0000,3.0000,35.5750,31.1480,46.5936,-4.6451,13.8697,,,
1786590923787084678,2026-08-13T10:15:23.787096,ground_truth,-0.052301,0.775000,0.084025,True,,,,,,,,,0.062742,1.028141,0.416798,0.063784,1.032206,0.415823,0.063784,1.032206,0.415823,0.026789,0.104554,-0.025060,0.110802,0.031374,0.121229,-0.019356,0.126710,1.367650,0.633755,0.078388,-0.014520,-0.960438,-1.668294,0.022685,0.257869,0.373934,0.005228,0.145726,0.027045,0.089460,-0.222460,0.413672,-0.019712,-0.057216,-0.033632,3.0000,2.0000,1.0000,0.0000,3.0000,35.7639,31.9965,46.6657,-5.1540,14.4501,,,
1786590923814936607,2026-08-13T10:15:23.814955,ground_truth,-0.052186,0.778000,0.081620,True,,,,,,,,,0.064303,1.036273,0.414526,0.064303,1.036273,0.414526,0.064303,1.036273,0.414526,0.015105,0.118423,-0.037772,0.125215,0.023538,0.122674,-0.034267,0.129526,1.371224,0.685220,0.151007,-0.013776,-0.992916,-1.672563,0.011342,0.241724,0.371748,0.002609,0.164051,0.016137,0.069720,-0.361340,0.423466,-0.025600,-0.063520,-0.034016,3.0000,2.0000,1.0000,0.0000,3.0000,35.5355,31.7937,46.5564,-4.7798,14.7094,,,
1786590923855678355,2026-08-13T10:15:23.855692,ground_truth,-0.052186,0.778000,0.076710,True,,,,,,,,,0.064303,1.036273,0.414526,0.064831,1.040499,0.412897,0.064831,1.040499,0.412897,0.018789,0.150413,-0.057984,0.162294,0.023538,0.122674,-0.034267,0.129526,1.371597,0.694308,0.165684,-0.013679,-0.999071,-1.673091,0.006540,0.213800,0.360410,0.002609,0.142675,0.010467,0.081760,-0.371280,0.413838,-0.021888,-0.059616,-0.033280,3.0000,2.0000,1.0000,0.0000,3.0000,35.2971,31.4016,45.6526,-5.0071,14.0401,,,
1786590923893311882,2026-08-13T10:15:23.893327,ground_truth,-0.051878,0.786000,0.074442,True,,,,,,,,,0.065359,1.044491,0.410940,0.065359,1.044491,0.410940,0.065359,1.044491,0.410940,0.012967,0.098046,-0.048058,0.109958,0.015846,0.123331,-0.053813,0.135490,1.371597,0.694308,0.165684,-0.013679,-0.999071,-1.673091,0.006540,0.213800,0.360410,0.002609,0.142675,0.010467,0.081760,-0.371280,0.413838,-0.021888,-0.059616,-0.033280,3.0000,2.0000,1.0000,0.0000,3.0000,35.1204,31.3260,45.4851,-5.4598,14.7384,,,
1786590923919852946,2026-08-13T10:15:23.919877,ground_truth,-0.049588,0.782000,0.071900,True,,,,,,,,,0.065359,1.044491,0.410940,0.065889,1.048436,0.408831,0.065889,1.048436,0.408831,0.014444,0.107349,-0.057395,0.122583,0.015846,0.123331,-0.053813,0.135490,1.371597,0.694308,0.165684,-0.013679,-0.999071,-1.673091,0.006540,0.213800,0.360410,0.002609,0.142675,0.010467,0.081760,-0.371280,0.413838,-0.021888,-0.059616,-0.033280,3.0000,2.0000,2.0000,0.0000,4.0000,34.8405,31.0625,45.2297,-5.6627,15.1338,,,
1786590923948934160,2026-08-13T10:15:23.948953,ground_truth,-0.049588,0.782000,0.067004,True,,,,,,,,,0.066285,1.051999,0.406551,0.066285,1.051999,0.406551,0.066285,1.051999,0.406551,0.014532,0.130997,-0.083831,0.156202,0.013833,0.112151,-0.065566,0.130645,1.371597,0.694308,0.165684,-0.013679,-0.999071,-1.673091,0.006540,0.213800,0.360410,0.002609,0.142675,0.010467,0.081760,-0.371280,0.413838,-0.021888,-0.059616,-0.033280,3.0000,2.0000,1.0000,0.0000,3.0000,34.4353,30.7520,44.8305,-5.4862,14.8446,,,
1786590923979873498,2026-08-13T10:15:23.979894,ground_truth,-0.046898,0.789000,0.067202,True,,,,,,,,,0.066285,1.051999,0.406551,0.066537,1.055058,0.403944,0.066537,1.055058,0.403944,0.008867,0.107628,-0.091739,0.141698,0.013833,0.112151,-0.065566,0.130645,1.371669,0.696798,0.170004,-0.013657,-1.000720,-1.673210,0.004796,0.204202,0.359101,0.002609,0.134817,0.010898,0.078400,-0.385000,0.395827,-0.022496,-0.063072,-0.033408,3.0000,2.0000,2.0000,0.0000,4.0000,33.9839,30.5959,44.5444,-5.4349,15.5315,,,
1786590924012230697,2026-08-13T10:15:24.012254,ground_truth,-0.046511,0.800000,0.065094,True,,,,,,,,,0.066426,1.057803,0.401350,0.066426,1.057803,0.401350,0.066426,1.057803,0.401350,-0.003472,0.086437,-0.081660,0.118961,0.002140,0.087624,-0.078516,0.117674,1.371708,0.721678,0.220005,-0.013485,-1.016242,-1.673372,0.006540,0.150097,0.310230,0.000000,0.091624,0.010898,-0.094220,-0.327600,0.393254,-0.020832,-0.048480,0.020544,3.0000,2.0000,1.0000,0.0000,3.0000,33.7065,30.4569,44.3067,-6.0268,14.9780,,,
1786590924040108275,2026-08-13T10:15:24.040126,ground_truth,-0.046652,0.796000,0.062549,True,,,,,,,,,0.066426,1.057803,0.401350,0.066307,1.060485,0.398616,0.066307,1.060485,0.398616,-0.003720,0.083407,-0.085038,0.119173,0.002140,0.087624,-0.078516,0.117674,1.371433,0.726010,0.228548,-0.013463,-1.018722,-1.673059,0.011342,0.156637,0.301063,0.000000,0.089005,0.013517,-0.098140,-0.337260,0.381385,-0.021824,-0.057120,0.026560,3.0000,2.0000,2.0000,0.0000,4.0000,34.1391,30.5333,45.3896,-5.5914,16.6322,,,
1786590924072355408,2026-08-13T10:15:24.072383,ground_truth,-0.046511,0.800000,0.060257,True,,,,,,,,,0.066196,1.063528,0.395711,0.066196,1.063528,0.395711,0.066196,1.063528,0.395711,-0.003934,0.108585,-0.103637,0.150156,-0.003451,0.085938,-0.084644,0.120672,1.371061,0.730492,0.236831,-0.013463,-1.021319,-1.672649,0.014394,0.161439,0.291464,0.000000,0.094244,0.016137,-0.110600,-0.351120,0.376405,-0.024384,-0.052832,0.030016,3.0000,2.0000,2.0000,0.0000,4.0000,33.8560,30.2417,45.1701,-5.7547,16.1211,,,
1786590924110253937,2026-08-13T10:15:24.110274,ground_truth,-0.046511,0.800000,0.057838,True,,,,,,,,,0.066196,1.063528,0.395711,0.065920,1.066857,0.392653,0.065920,1.066857,0.392653,-0.008608,0.103676,-0.095241,0.141045,-0.003451,0.085938,-0.084644,0.120672,1.370519,0.736431,0.247106,-0.013453,-1.024931,-1.672035,0.016138,0.166673,0.282742,0.000000,0.104710,0.018756,-0.115920,-0.353080,0.385535,-0.031072,-0.049600,0.029504,3.0000,2.0000,2.0000,0.0000,4.0000,33.7578,30.1086,45.0457,-5.9921,16.1073,,,
1786590924139970196,2026-08-13T10:15:24.139986,ground_truth,-0.046652,0.796000,0.057699,True,,,,,,,,,0.065671,1.070029,0.389598,0.065671,1.070029,0.389598,0.065671,1.070029,0.389598,-0.006606,0.084054,-0.080949,0.116882,-0.007850,0.097082,-0.091288,0.133492,1.370042,0.741154,0.254957,-0.013453,-1.027830,-1.671539,0.019634,0.170168,0.280556,0.000000,0.105152,0.018756,-0.125860,-0.343980,0.379642,-0.037120,-0.053216,0.029504,3.0000,2.0000,2.0000,0.0000,4.0000,33.6522,30.2706,44.7299,-6.0519,15.8774,,,
1786590924173735488,2026-08-13T10:15:24.173752,ground_truth,-0.046757,0.793000,0.055164,True,,,,,,,,,0.065671,1.070029,0.389598,0.065414,1.072957,0.386701,0.065414,1.072957,0.386701,-0.008635,0.098318,-0.097279,0.138579,-0.007850,0.097082,-0.091288,0.133492,1.369127,0.748662,0.267166,-0.013453,-1.032411,-1.670677,0.019196,0.171475,0.276631,0.000000,0.105152,0.021375,-0.115500,-0.352380,0.384788,-0.047040,-0.051200,0.033792,3.0000,2.0000,2.0000,0.0000,4.0000,33.4926,30.3651,44.7421,-6.0513,15.8975,,,
1786590924207527660,2026-08-13T10:15:24.207542,ground_truth,-0.044231,0.796000,0.052848,True,,,,,,,,,0.065181,1.075250,0.383963,0.065181,1.075250,0.383963,0.065181,1.075250,0.383963,-0.006931,0.068210,-0.081471,0.106481,-0.007346,0.078248,-0.084464,0.115373,1.368617,0.752791,0.273761,-0.013463,-1.034901,-1.670192,0.022685,0.169730,0.275322,0.000000,0.102091,0.018756,-0.129220,-0.373800,0.378314,-0.052928,-0.054272,0.034080,3.0000,2.0000,2.0000,0.0000,4.0000,33.1605,30.1824,45.1550,-6.5021,15.7088,,,
1786590924255554100,2026-08-13T10:15:24.255570,ground_truth,-0.044231,0.796000,0.050423,True,,,,,,,,,0.065181,1.075250,0.383963,0.064625,1.077415,0.381398,0.064625,1.077415,0.381398,-0.016553,0.064464,-0.076369,0.101301,-0.007346,0.078248,-0.084464,0.115373,1.368336,0.754842,0.277032,-0.013463,-1.036141,-1.669933,0.024429,0.171475,0.273144,0.000000,0.102533,0.021375,-0.135100,-0.389340,0.391843,-0.055776,-0.056224,0.033632,3.0000,2.0000,2.0000,0.0000,4.0000,33.0279,30.1638,44.5326,-7.3681,15.5145,,,
1786590924290612529,2026-08-13T10:15:24.290634,ground_truth,-0.043996,0.803000,0.048288,True,,,,,,,,,0.064069,1.079341,0.378837,0.064069,1.079341,0.378837,0.064069,1.079341,0.378837,-0.011364,0.039375,-0.052365,0.066496,-0.016731,0.061565,-0.077144,0.100107,1.368336,0.754842,0.277032,-0.013463,-1.036141,-1.669933,0.024429,0.171475,0.273144,0.000000,0.102533,0.021375,-0.135100,-0.389340,0.391843,-0.055776,-0.056224,0.033632,3.0000,2.0000,2.0000,0.0000,4.0000,32.6248,30.2170,44.3777,-7.3245,15.2909,,,
1786590924323305162,2026-08-13T10:15:24.323331,ground_truth,-0.043996,0.803000,0.048288,True,,,,,,,,,0.064069,1.079341,0.378837,0.063515,1.081220,0.376454,0.063515,1.081220,0.376454,-0.015905,0.053969,-0.068444,0.088602,-0.016731,0.061565,-0.077144,0.100107,1.368336,0.754842,0.277032,-0.013463,-1.036141,-1.669933,0.024429,0.171475,0.273144,0.000000,0.102533,0.021375,-0.135100,-0.389340,0.391843,-0.055776,-0.056224,0.033632,3.0000,2.0000,2.0000,0.0000,4.0000,32.7792,30.2391,43.6578,-5.9562,16.3228,,,
1786590924354002443,2026-08-13T10:15:24.354023,ground_truth,-0.044231,0.796000,0.043147,True,,,,,,,,,0.062969,1.083089,0.374232,0.062969,1.083089,0.374232,0.062969,1.083089,0.374232,-0.016870,0.057755,-0.068666,0.091298,-0.016506,0.056256,-0.069119,0.090634,1.368336,0.754842,0.277032,-0.013463,-1.036141,-1.669933,0.024429,0.171475,0.273144,0.000000,0.102533,0.021375,-0.135100,-0.389340,0.391843,-0.055776,-0.056224,0.033632,3.0000,2.0000,2.0000,0.0000,4.0000,32.8477,30.5267,42.6745,-6.5537,16.8888,,,
1786590924382518053,2026-08-13T10:15:24.382553,ground_truth,-0.041683,0.800000,0.040908,True,,,,,,,,,0.062969,1.083089,0.374232,0.062439,1.084796,0.371994,0.062439,1.084796,0.371994,-0.017311,0.055729,-0.073043,0.093492,-0.016506,0.056256,-0.069119,0.090634,1.367853,0.758220,0.282460,-0.013463,-1.038232,-1.669491,0.024429,0.168424,0.269649,0.000000,0.107772,0.024426,-0.113960,-0.385280,0.398234,-0.061344,-0.050432,0.032288,3.0000,2.0000,2.0000,0.0000,4.0000,32.7325,30.4653,41.7739,-6.3622,16.7293,,,
1786590924410582674,2026-08-13T10:15:24.410601,ground_truth,-0.041683,0.800000,0.038489,True,,,,,,,,,0.061759,1.086311,0.369759,0.061759,1.086311,0.369759,0.061759,1.086311,0.369759,-0.023470,0.052308,-0.077201,0.096161,-0.018141,0.048306,-0.067066,0.084619,1.363292,0.785936,0.329308,-0.013571,-1.057161,-1.665158,0.030976,0.147039,0.256563,0.002609,0.110391,0.029665,-0.132020,-0.408520,0.402218,-0.111200,-0.052384,0.032448,3.0000,2.0000,2.0000,0.0000,4.0000,32.6801,30.6231,42.1066,-5.9519,16.4960,,,
1786590924445499642,2026-08-13T10:15:24.445518,ground_truth,-0.041810,0.796000,0.035871,True,,,,,,,,,0.061759,1.086311,0.369759,0.061232,1.087573,0.367531,0.061232,1.087573,0.367531,-0.019002,0.045539,-0.080315,0.094262,-0.018141,0.048306,-0.067066,0.084619,1.362097,0.791725,0.339532,-0.013647,-1.061580,-1.663972,0.029231,0.143550,0.254816,0.002609,0.113000,0.029665,-0.123620,-0.384580,0.390847,-0.113984,-0.055936,0.034848,3.0000,2.0000,2.0000,0.0000,4.0000,32.4964,30.4748,42.1009,-5.2279,17.1033,,,
1786590924477293446,2026-08-13T10:15:24.477311,ground_truth,-0.041906,0.793000,0.030862,True,,,,,,,,,0.060714,1.088786,0.365456,0.060714,1.088786,0.365456,0.060714,1.088786,0.365456,-0.014697,0.034371,-0.058829,0.069700,-0.015596,0.036929,-0.064188,0.075677,1.361744,0.793430,0.342602,-0.013701,-1.062917,-1.663605,0.029669,0.140492,0.254377,0.005228,0.113000,0.029665,-0.122360,-0.391160,0.413506,-0.110144,-0.057344,0.034080,3.0000,2.0000,2.0000,0.0000,4.0000,32.9881,30.5035,41.7855,-4.4220,16.9955,,,
1786590924506901836,2026-08-13T10:15:24.506927,ground_truth,-0.044332,0.793000,0.028432,True,,,,,,,,,0.060714,1.088786,0.365456,0.060381,1.089775,0.363033,0.060381,1.089775,0.363033,-0.010612,0.031544,-0.077254,0.084118,-0.015596,0.036929,-0.064188,0.075677,1.360594,0.798500,0.351896,-0.013798,-1.066981,-1.662484,0.032283,0.140492,0.260050,0.002609,0.113000,0.032284,-0.140000,-0.407540,0.395329,-0.110432,-0.053888,0.034560,3.0000,2.0000,2.0000,0.0000,4.0000,32.5088,31.3849,41.3283,-7.2020,16.3806,,,
1786590924540028535,2026-08-13T10:15:24.540046,ground_truth,-0.042129,0.786000,0.025607,True,,,,,,,,,0.060236,1.090186,0.360589,0.060236,1.090186,0.360589,0.060236,1.090186,0.360589,-0.004882,0.013818,-0.082141,0.083438,-0.007185,0.021047,-0.073147,0.076453,1.359941,0.801349,0.357131,-0.013830,-1.069374,-1.661859,0.032720,0.142243,0.263976,0.002609,0.123908,0.032284,-0.129500,-0.399840,0.406866,-0.113376,-0.052832,0.035296,3.0000,2.0000,2.0000,0.0000,4.0000,32.7558,31.2054,40.8465,-6.5509,16.7666,,,
1786590924581235154,2026-08-13T10:15:24.581257,ground_truth,-0.042129,0.786000,0.023165,True,,,,,,,,,0.060236,1.090186,0.360589,0.059934,1.090109,0.358126,0.059934,1.090109,0.358126,-0.009197,-0.002372,-0.075134,0.075732,-0.007185,0.021047,-0.073147,0.076453,1.359941,0.801349,0.357131,-0.013830,-1.069374,-1.661859,0.032720,0.142243,0.263976,0.002609,0.123908,0.032284,-0.129500,-0.399840,0.406866,-0.113376,-0.052832,0.035296,3.0000,2.0000,2.0000,0.0000,4.0000,32.8572,31.1668,40.7924,-6.3089,16.7650,,,
1786590924609656558,2026-08-13T10:15:24.609673,ground_truth,-0.042257,0.782000,0.022933,True,,,,,,,,,0.059642,1.089346,0.355654,0.059642,1.089346,0.355654,0.059642,1.089346,0.355654,-0.007043,-0.018377,-0.059620,0.062784,-0.008881,-0.012568,-0.073845,0.075431,1.359941,0.801349,0.357131,-0.013830,-1.069374,-1.661859,0.032720,0.142243,0.263976,0.002609,0.123908,0.032284,-0.129500,-0.399840,0.406866,-0.113376,-0.052832,0.035296,3.0000,2.0000,2.0000,0.0000,4.0000,32.7772,31.3032,40.5168,-6.6048,16.6367,,,
1786590924644501415,2026-08-13T10:15:24.644521,ground_truth,-0.041906,0.793000,0.021141,True,,,,,,,,,0.059642,1.089346,0.355654,0.059359,1.088447,0.353327,0.059359,1.088447,0.353327,-0.009962,-0.031585,-0.081746,0.088200,-0.008881,-0.012568,-0.073845,0.075431,1.359549,0.803067,0.360305,-0.013841,-1.070883,-1.661493,0.032283,0.143550,0.263976,0.000000,0.129147,0.032284,-0.124180,-0.414400,0.409273,-0.113088,-0.060672,0.034400,3.0000,2.0000,2.0000,0.0000,4.0000,32.4377,31.1945,40.0717,-7.0487,16.8062,,,
1786590924673012098,2026-08-13T10:15:24.673027,ground_truth,-0.042034,0.789000,0.018465,True,,,,,,,,,0.059042,1.087521,0.350889,0.059042,1.087521,0.350889,0.059042,1.087521,0.350889,-0.009045,-0.026490,-0.069684,0.075095,-0.009033,-0.027487,-0.071731,0.077346,1.355537,0.823282,0.400002,-0.013992,-1.091094,-1.657709,0.024429,0.164928,0.325502,0.002609,0.169731,0.024426,-0.110040,-0.334460,0.426122,-0.109824,-0.062720,0.032576,3.0000,2.0000,2.0000,0.0000,4.0000,32.7099,30.8867,39.8870,-7.2502,17.3450,,,
1786590924713236681,2026-08-13T10:15:24.713254,ground_truth,-0.041906,0.793000,0.018711,True,,,,,,,,,0.059042,1.087521,0.350889,0.058727,1.086962,0.348443,0.058727,1.086962,0.348443,-0.011224,-0.019912,-0.087204,0.090150,-0.009033,-0.027487,-0.071731,0.077346,1.354152,0.833573,0.419534,-0.013992,-1.101863,-1.656491,0.023122,0.200706,0.368261,0.000000,0.215543,0.018756,-0.109620,-0.335020,0.433260,-0.105408,-0.069344,0.031520,3.0000,2.0000,2.0000,0.0000,4.0000,32.4743,31.2325,36.9746,-9.2086,17.7686,,,
1786590924741174069,2026-08-13T10:15:24.741192,ground_truth,-0.042034,0.789000,0.016029,True,,,,,,,,,0.058572,1.086691,0.346167,0.058572,1.086691,0.346167,0.058572,1.086691,0.346167,-0.003788,-0.006641,-0.055624,0.056147,-0.007053,-0.012464,-0.070886,0.072319,1.353629,0.838675,0.428619,-0.013992,-1.107382,-1.656049,0.021378,0.219033,0.384841,0.000000,0.239538,0.018756,-0.106540,-0.329840,0.446540,-0.101920,-0.079872,0.031840,3.0000,2.0000,2.0000,0.0000,4.0000,32.7317,31.2260,37.4169,-9.5474,18.1796,,,
1786590924774850467,2026-08-13T10:15:24.774864,ground_truth,-0.044466,0.789000,0.013592,True,,,,,,,,,0.058572,1.086691,0.346167,0.058426,1.086263,0.343874,0.058426,1.086263,0.343874,-0.005316,-0.015519,-0.083203,0.084805,-0.007053,-0.012464,-0.070886,0.072319,1.353093,0.845117,0.439772,-0.013992,-1.114517,-1.655607,0.017889,0.238235,0.404916,0.000000,0.263975,0.013086,-0.115220,-0.304360,0.446540,-0.096960,-0.080256,0.031680,3.0000,2.0000,2.0000,0.0000,4.0000,32.7833,31.4231,37.2578,-10.5938,16.5134,,,
1786590924807348066,2026-08-13T10:15:24.807370,ground_truth,-0.044466,0.789000,0.013592,True,,,,,,,,,0.058572,1.086691,0.346167,0.058457,1.085804,0.341561,0.058457,1.085804,0.341561,0.000939,-0.013766,-0.069395,0.070753,-0.007053,-0.012464,-0.070886,0.072319,1.352636,0.852023,0.451363,-0.013992,-1.122074,-1.655219,0.016138,0.253067,0.420188,0.000000,0.271833,0.013517,-0.131040,-0.332500,0.432928,-0.093344,-0.076416,0.032448,3.0000,2.0000,2.0000,0.0000,4.0000,32.1296,31.8589,36.7598,-13.7275,17.5322,,,
1786590924846897522,2026-08-13T10:15:24.846915,ground_truth,-0.044332,0.793000,0.013850,True,,,,,,,,,0.058572,1.086691,0.346167,0.058488,1.084966,0.339248,0.058488,1.084966,0.339248,0.000952,-0.025496,-0.070339,0.074824,-0.007053,-0.012464,-0.070886,0.072319,1.352636,0.852023,0.451363,-0.013992,-1.122074,-1.655219,0.016138,0.253067,0.420188,0.000000,0.271833,0.013517,-0.131040,-0.332500,0.432928,-0.093344,-0.076416,0.032448,3.0000,2.0000,2.0000,0.0000,4.0000,32.2434,31.9662,37.1953,-12.9055,17.1858,,,
1786590924875552443,2026-08-13T10:15:24.875571,ground_truth,-0.044332,0.793000,0.013850,True,,,,,,,,,0.058495,1.084051,0.337295,0.058495,1.084051,0.337295,0.058495,1.084051,0.337295,0.000170,-0.023162,-0.049475,0.054628,-0.000578,-0.019758,-0.066418,0.069297,1.352636,0.852023,0.451363,-0.013992,-1.122074,-1.655219,0.016138,0.253067,0.420188,0.000000,0.271833,0.013517,-0.131040,-0.332500,0.432928,-0.093344,-0.076416,0.032448,3.0000,2.0000,2.0000,0.0000,4.0000,32.0656,32.1946,37.0674,-14.2585,16.6873,,,
1786590924911927927,2026-08-13T10:15:24.911946,ground_truth,-0.044231,0.796000,0.011619,True,,,,,,,,,0.058495,1.084051,0.337295,0.058672,1.083495,0.335491,0.058672,1.083495,0.335491,0.006136,-0.019326,-0.062677,0.065875,-0.000578,-0.019758,-0.066418,0.069297,1.352636,0.852023,0.451363,-0.013992,-1.122074,-1.655219,0.016138,0.253067,0.420188,0.000000,0.271833,0.013517,-0.131040,-0.332500,0.432928,-0.093344,-0.076416,0.032448,3.0000,2.0000,2.0000,0.0000,4.0000,32.5058,31.9707,39.1001,-12.0357,15.0682,,,
1786590924944830115,2026-08-13T10:15:24.944848,ground_truth,-0.044332,0.793000,0.011420,True,,,,,,,,,0.058842,1.083010,0.333700,0.058842,1.083010,0.333700,0.058842,1.083010,0.333700,0.004690,-0.013377,-0.049453,0.051445,0.005186,-0.015579,-0.053814,0.056263,1.352636,0.852023,0.451363,-0.013992,-1.122074,-1.655219,0.016138,0.253067,0.420188,0.000000,0.271833,0.013517,-0.131040,-0.332500,0.432928,-0.093344,-0.076416,0.032448,3.0000,2.0000,2.0000,0.0000,4.0000,32.0871,32.2445,38.2742,-14.0165,16.6742,,,
1786590924974302969,2026-08-13T10:15:24.974320,ground_truth,-0.044231,0.796000,0.011619,True,,,,,,,,,0.058842,1.083010,0.333700,0.059010,1.082540,0.332069,0.059010,1.082540,0.332069,0.005111,-0.014298,-0.049564,0.051838,0.005186,-0.015579,-0.053814,0.056263,1.352388,0.856107,0.458099,-0.013992,-1.126418,-1.655025,0.014394,0.256562,0.423675,0.000000,0.271833,0.013517,-0.132860,-0.323540,0.431932,-0.092448,-0.081088,0.033024,3.0000,2.0000,2.0000,0.0000,4.0000,32.2649,32.2214,37.9605,-13.3166,16.4992,,,
1786590925022805064,2026-08-13T10:15:25.022823,ground_truth,-0.044466,0.789000,0.008718,True,,,,,,,,,0.059165,1.082446,0.330787,0.059165,1.082446,0.330787,0.059165,1.082446,0.330787,0.005275,-0.003201,-0.043659,0.044093,0.004867,-0.008500,-0.043880,0.044960,1.351101,0.903045,0.543916,-0.013916,-1.171120,-1.654281,0.000000,0.161877,0.364335,0.000000,0.107772,0.002609,-0.025340,-0.469560,0.442971,-0.034400,-0.048928,0.002912,3.0000,2.0000,2.0000,0.0000,4.0000,32.1887,32.2745,37.5669,-13.2211,17.6109,,,
1786590925050078851,2026-08-13T10:15:25.050097,ground_truth,-0.044332,0.793000,0.008990,True,,,,,,,,,0.059165,1.082446,0.330787,0.059174,1.082427,0.329472,0.059174,1.082427,0.329472,0.000185,-0.000389,-0.027159,0.027163,0.004867,-0.008500,-0.043880,0.044960,1.351114,0.906795,0.552555,-0.013895,-1.173426,-1.654314,0.000000,0.153586,0.354737,0.000000,0.088574,0.002609,0.041720,-0.468720,0.425541,-0.026048,-0.050496,-0.019328,3.0000,2.0000,2.0000,0.0000,4.0000,32.8010,32.0627,38.1187,-11.1727,16.4653,,,
1786590925077393550,2026-08-13T10:15:25.077418,ground_truth,-0.044466,0.789000,0.008718,True,,,,,,,,,0.059320,1.082424,0.328365,0.059320,1.082424,0.328365,0.059320,1.082424,0.328365,0.005280,-0.000135,-0.039839,0.040187,0.002325,-0.000337,-0.036155,0.036231,1.351199,0.910421,0.560987,-0.013841,-1.175518,-1.654486,0.004796,0.151841,0.349495,0.002609,0.083766,0.007847,0.045500,-0.445760,0.414751,-0.019328,-0.050880,-0.024384,3.0000,2.0000,2.0000,0.0000,4.0000,32.6977,32.0583,37.4274,-11.6834,16.8719,,,
1786590925108910092,2026-08-13T10:15:25.108923,ground_truth,-0.044231,0.796000,0.006769,True,,,,,,,,,0.059320,1.082424,0.328365,0.059476,1.082583,0.327402,0.059476,1.082583,0.327402,0.005723,0.005851,-0.035387,0.036322,0.002325,-0.000337,-0.036155,0.036231,1.351454,0.915909,0.573240,-0.013679,-1.178525,-1.654896,0.009598,0.157075,0.332915,0.005228,0.081158,0.013517,0.073080,-0.441420,0.417324,-0.027168,-0.052096,-0.029120,3.0000,2.0000,2.0000,0.0000,4.0000,33.0442,32.2427,36.9313,-11.0262,16.5997,,,
1786590925144469990,2026-08-13T10:15:25.144491,ground_truth,-0.044231,0.796000,0.004343,True,,,,,,,,,0.059608,1.082988,0.326324,0.059608,1.082988,0.326324,0.059608,1.082988,0.326324,0.004184,0.012883,-0.034263,0.036843,0.004318,0.008482,-0.030666,0.032109,1.351898,0.922306,0.586117,-0.013560,-1.181748,-1.655435,0.011342,0.163621,0.312408,0.000000,0.075477,0.013517,0.074340,-0.403200,0.420229,-0.028448,-0.048864,-0.030112,3.0000,2.0000,2.0000,0.0000,4.0000,32.6671,32.2049,36.4992,-11.6176,16.4144,,,
1786590925175744882,2026-08-13T10:15:25.175761,ground_truth,-0.044566,0.786000,0.003631,True,,,,,,,,,0.059608,1.082988,0.326324,0.059763,1.083602,0.325204,0.059763,1.083602,0.325204,0.004368,0.017313,-0.031558,0.036259,0.004318,0.008482,-0.030666,0.032109,1.351898,0.922306,0.586117,-0.013560,-1.181748,-1.655435,0.011342,0.163621,0.312408,0.000000,0.075477,0.013517,0.074340,-0.403200,0.420229,-0.028448,-0.048864,-0.030112,3.0000,2.0000,2.0000,0.0000,4.0000,32.8535,32.3418,36.3120,-10.8781,16.8769,,,
1786590925216512608,2026-08-13T10:15:25.216536,ground_truth,-0.044332,0.793000,0.001699,True,,,,,,,,,0.059932,1.084099,0.324215,0.059932,1.084099,0.324215,0.059932,1.084099,0.324215,0.005420,0.015929,-0.031747,0.035930,0.004856,0.016653,-0.031621,0.036066,1.351898,0.922306,0.586117,-0.013560,-1.181748,-1.655435,0.011342,0.163621,0.312408,0.000000,0.075477,0.013517,0.074340,-0.403200,0.420229,-0.028448,-0.048864,-0.030112,3.0000,2.0000,2.0000,0.0000,4.0000,33.0820,32.4648,36.2532,-10.1970,16.2422,,,
1786590925249506607,2026-08-13T10:15:25.249521,ground_truth,-0.044231,0.796000,0.001918,True,,,,,,,,,0.059932,1.084099,0.324215,0.060093,1.084198,0.323081,0.060093,1.084198,0.323081,0.003969,0.002436,-0.027839,0.028226,0.004856,0.016653,-0.031621,0.036066,1.351898,0.922306,0.586117,-0.013560,-1.181748,-1.655435,0.011342,0.163621,0.312408,0.000000,0.075477,0.013517,0.074340,-0.403200,0.420229,-0.028448,-0.048864,-0.030112,3.0000,2.0000,2.0000,0.0000,4.0000,33.1381,32.4722,36.2363,-9.9595,16.3261,,,
1786590925276611963,2026-08-13T10:15:25.276625,ground_truth,-0.044231,0.796000,-0.000507,True,,,,,,,,,0.060240,1.084431,0.322140,0.060240,1.084431,0.322140,0.060240,1.084431,0.322140,0.004458,0.007096,-0.028626,0.029828,0.004635,0.004999,-0.031201,0.031937,1.351898,0.922306,0.586117,-0.013560,-1.181748,-1.655435,0.011342,0.163621,0.312408,0.000000,0.075477,0.013517,0.074340,-0.403200,0.420229,-0.028448,-0.048864,-0.030112,3.0000,2.0000,2.0000,0.0000,4.0000,32.7799,32.6401,35.2258,-11.2150,17.7101,,,
1786590925309862449,2026-08-13T10:15:25.309878,ground_truth,-0.044466,0.789000,-0.003466,True,,,,,,,,,0.060240,1.084431,0.322140,0.060224,1.084851,0.321200,0.060224,1.084851,0.321200,-0.000575,0.015419,-0.034510,0.037802,0.004635,0.004999,-0.031201,0.031937,1.352107,0.924978,0.591047,-0.013539,-1.182966,-1.655672,0.013087,0.169730,0.304557,0.002609,0.075477,0.013517,0.077140,-0.379120,0.393420,-0.026720,-0.048928,-0.030784,3.0000,2.0000,2.0000,0.0000,4.0000,32.7799,32.6401,35.2258,-11.2150,17.7101,,,
1786590925343395305,2026-08-13T10:15:25.343412,ground_truth,-0.044566,0.786000,-0.003694,True,,,,,,,,,0.060224,1.085308,0.320063,0.060224,1.085308,0.320063,0.060224,1.085308,0.320063,0.000000,0.013754,-0.034201,0.036863,-0.000236,0.013202,-0.031257,0.033932,1.355504,0.959306,0.640921,-0.013345,-1.195750,-1.659326,0.022685,0.189364,0.248704,0.002609,0.053659,0.023995,0.081480,-0.439460,0.394416,-0.023488,-0.046432,-0.035680,3.0000,2.0000,2.0000,0.0000,4.0000,33.4563,32.7581,35.7598,-9.3636,17.5535,,,
1786590925374915731,2026-08-13T10:15:25.374938,ground_truth,-0.044466,0.789000,-0.005903,True,,,,,,,,,0.060224,1.085308,0.320063,0.060240,1.085400,0.318894,0.060240,1.085400,0.318894,0.000470,0.002744,-0.035091,0.035201,-0.000236,0.013202,-0.031257,0.033932,1.356230,0.965297,0.648699,-0.013280,-1.197389,-1.660124,0.024429,0.186313,0.237797,0.003051,0.048432,0.023995,0.092260,-0.457240,0.408526,-0.026560,-0.038400,-0.034016,3.0000,2.0000,2.0000,0.0000,4.0000,32.9774,32.9483,34.6089,-10.6519,18.5881,,,
1786590925408301628,2026-08-13T10:15:25.408319,ground_truth,-0.044701,0.782000,-0.006448,True,,,,,,,,,0.060249,1.085205,0.317577,0.060249,1.085205,0.317577,0.060249,1.085205,0.317577,0.000281,-0.006124,-0.041345,0.041797,0.000368,-0.001548,-0.037167,0.037201,1.356909,0.970491,0.655160,-0.013205,-1.198618,-1.660814,0.024429,0.184568,0.224704,0.002609,0.040573,0.024426,0.086380,-0.491260,0.416494,-0.030624,-0.040256,-0.034848,3.0000,2.0000,2.0000,0.0000,4.0000,33.0171,32.8447,34.8312,-9.9044,18.7979,,,
1786590925441201233,2026-08-13T10:15:25.441218,ground_truth,-0.042257,0.782000,-0.008896,True,,,,,,,,,0.060249,1.085205,0.317577,0.060280,1.084792,0.316372,0.060280,1.084792,0.316372,0.000934,-0.012306,-0.035947,0.038007,0.000368,-0.001548,-0.037167,0.037201,1.357824,0.976822,0.663026,-0.013129,-1.200041,-1.661751,0.026174,0.169730,0.211618,0.002609,0.037523,0.027045,0.079940,-0.503720,0.385867,-0.030624,-0.039136,-0.032800,3.0000,2.0000,2.0000,0.0000,4.0000,33.1564,32.7003,34.2902,-9.2812,18.3399,,,
1786590925475082968,2026-08-13T10:15:25.475103,ground_truth,-0.040025,0.775000,-0.011912,True,,,,,,,,,0.060142,1.084123,0.315018,0.060142,1.084123,0.315018,0.060142,1.084123,0.315018,-0.004213,-0.020382,-0.041254,0.046207,-0.001602,-0.016188,-0.038302,0.041614,1.358752,0.982676,0.670238,-0.013097,-1.201345,-1.662732,0.026174,0.158819,0.191543,0.000000,0.034903,0.029665,0.076860,-0.478240,0.370761,-0.027776,-0.035072,-0.034784,3.0000,2.0000,2.0000,0.0000,4.0000,32.8043,32.6608,33.2969,-10.1509,18.8659,,,
1786590925508420871,2026-08-13T10:15:25.508438,ground_truth,-0.037684,0.771000,-0.014703,True,,,,,,,,,0.060142,1.084123,0.315018,0.059861,1.083243,0.313449,0.059861,1.083243,0.313449,-0.008214,-0.025794,-0.045957,0.053337,-0.001602,-0.016188,-0.038302,0.041614,1.359464,0.986956,0.675346,-0.013065,-1.202186,-1.663498,0.026174,0.150528,0.176272,0.002609,0.027045,0.027045,0.082040,-0.489160,0.361133,-0.027904,-0.039136,-0.037184,3.0000,2.0000,2.0000,0.0000,4.0000,32.9085,32.5011,34.0065,-9.9281,19.4234,,,
1786590925541777814,2026-08-13T10:15:25.541813,ground_truth,-0.037684,0.771000,-0.014703,True,,,,,,,,,0.059409,1.082107,0.311888,0.059409,1.082107,0.311888,0.059409,1.082107,0.311888,-0.013770,-0.034603,-0.047558,0.060404,-0.010970,-0.030201,-0.046879,0.056834,1.359967,0.989903,0.678751,-0.013021,-1.202682,-1.664047,0.024429,0.145295,0.165364,0.002609,0.021375,0.026614,0.099820,-0.482580,0.373334,-0.028224,-0.039904,-0.036288,3.0000,2.0000,2.0000,0.0000,4.0000,32.5698,32.3338,34.7573,-11.0368,19.8076,,,
1786590925575264910,2026-08-13T10:15:25.575282,ground_truth,-0.037770,0.768000,-0.014952,True,,,,,,,,,0.059409,1.082107,0.311888,0.058966,1.080706,0.310308,0.058966,1.080706,0.310308,-0.013168,-0.041614,-0.046933,0.064092,-0.010970,-0.030201,-0.046879,0.056834,1.359967,0.989903,0.678751,-0.013021,-1.202682,-1.664047,0.024429,0.145295,0.165364,0.002609,0.021375,0.026614,0.099820,-0.482580,0.373334,-0.028224,-0.039904,-0.036288,3.0000,2.0000,2.0000,0.0000,4.0000,32.8316,32.8208,34.6240,-10.3289,19.5922,,,
1786590925608366437,2026-08-13T10:15:25.608385,ground_truth,-0.037570,0.775000,-0.014372,True,,,,,,,,,0.058520,1.079466,0.308730,0.058520,1.079466,0.308730,0.058520,1.079466,0.308730,-0.013401,-0.037228,-0.047372,0.061722,-0.013361,-0.039662,-0.047426,0.063252,1.359967,0.989903,0.678751,-0.013021,-1.202682,-1.664047,0.024429,0.145295,0.165364,0.002609,0.021375,0.026614,0.099820,-0.482580,0.373334,-0.028224,-0.039904,-0.036288,3.0000,2.0000,2.0000,0.0000,4.0000,32.8818,32.7997,35.0417,-9.4738,19.6969,,,
1786590925651632785,2026-08-13T10:15:25.651654,ground_truth,-0.037570,0.775000,-0.014372,True,,,,,,,,,0.058520,1.079466,0.308730,0.058076,1.078045,0.307321,0.058076,1.078045,0.307321,-0.013393,-0.042867,-0.042506,0.061837,-0.013361,-0.039662,-0.047426,0.063252,1.360267,0.991627,0.680692,-0.012989,-1.202940,-1.664360,0.026174,0.142243,0.159691,0.002609,0.019198,0.024426,0.107800,-0.495880,0.370512,-0.029344,-0.039808,-0.036416,3.0000,2.0000,2.0000,0.0000,4.0000,33.1194,33.0214,34.7241,-8.3202,19.3787,,,
1786590925690447458,2026-08-13T10:15:25.690466,ground_truth,-0.037570,0.775000,-0.014372,True,,,,,,,,,0.057631,1.076640,0.306073,0.057631,1.076640,0.306073,0.057631,1.076640,0.306073,-0.010159,-0.032126,-0.028544,0.044159,-0.013318,-0.042369,-0.039842,0.059665,1.363619,1.009124,0.698380,-0.012784,-1.203673,-1.667842,0.017889,0.096423,0.068938,0.000000,0.010467,0.018756,0.094220,-0.540260,0.323119,-0.030720,0.066624,-0.035456,3.0000,2.0000,2.0000,0.0000,4.0000,33.0298,32.8422,34.7132,-8.0978,19.6928,,,
1786590925721510189,2026-08-13T10:15:25.721522,ground_truth,-0.035115,0.775000,-0.014372,True,,,,,,,,,0.057631,1.076640,0.306073,0.057165,1.075239,0.304873,0.057165,1.075239,0.304873,-0.012103,-0.036347,-0.031141,0.049370,-0.013318,-0.042369,-0.039842,0.059665,1.364227,1.012189,0.699986,-0.012730,-1.202121,-1.668370,0.014831,0.076790,0.022246,0.003051,0.056721,0.013517,0.090440,-0.577500,0.295397,-0.030784,0.059552,-0.033504,3.0000,2.0000,2.0000,0.0000,4.0000,33.1500,32.7959,35.2850,-7.3567,19.5808,,,
1786590925750104554,2026-08-13T10:15:25.750121,ground_truth,-0.035222,0.771000,-0.014703,True,,,,,,,,,0.056551,1.073999,0.303801,0.056551,1.073999,0.303801,0.056551,1.073999,0.303801,-0.019697,-0.039754,-0.034346,0.056107,-0.016226,-0.039645,-0.034100,0.054752,1.364625,1.014038,0.700090,-0.012720,-1.200224,-1.668704,0.013087,0.058463,0.003487,0.000000,0.075477,0.010898,0.086380,-0.576240,0.115038,-0.034400,0.063168,-0.033280,3.0000,2.0000,2.0000,0.0000,4.0000,32.9610,32.5913,35.4001,-7.5044,19.8884,,,
1786590925777346581,2026-08-13T10:15:25.777362,ground_truth,-0.035222,0.771000,-0.014703,True,,,,,,,,,0.056551,1.073999,0.303801,0.055950,1.072791,0.302693,0.055950,1.072791,0.302693,-0.021069,-0.042380,-0.038874,0.061247,-0.016226,-0.039645,-0.034100,0.054752,1.364913,1.015286,0.699532,-0.012709,-1.198219,-1.668952,0.011342,0.047120,0.033592,0.000000,0.086386,0.008289,0.076440,-0.542080,0.102505,-0.035840,0.064672,-0.033280,3.0000,2.0000,2.0000,0.0000,4.0000,33.1258,32.3657,35.8718,-7.1990,20.0403,,,
1786590925808478238,2026-08-13T10:15:25.808498,ground_truth,-0.035034,0.778000,-0.011669,True,,,,,,,,,0.055349,1.071216,0.301747,0.055349,1.071216,0.301747,0.055349,1.071216,0.301747,-0.022187,-0.058182,-0.034963,0.071414,-0.017983,-0.041665,-0.030759,0.054822,1.365174,1.016468,0.698172,-0.012709,-1.195524,-1.669189,0.008285,0.039267,0.059771,0.000000,0.102533,0.007847,0.087080,-0.549920,0.086320,-0.035904,0.061280,-0.033408,3.0000,2.0000,2.0000,0.0000,4.0000,32.9049,32.1473,36.0635,-7.4940,19.9943,,,
1786590925848935557,2026-08-13T10:15:25.848953,ground_truth,-0.032659,0.775000,-0.011912,True,,,,,,,,,0.055349,1.071216,0.301747,0.054721,1.069568,0.301200,0.054721,1.069568,0.301200,-0.020292,-0.053193,-0.017648,0.059605,-0.017983,-0.041665,-0.030759,0.054822,1.365174,1.016468,0.698172,-0.012709,-1.195524,-1.669189,0.008285,0.039267,0.059771,0.000000,0.102533,0.007847,0.087080,-0.549920,0.086320,-0.035904,0.061280,-0.033408,3.0000,2.0000,2.0000,0.0000,4.0000,32.9473,32.0682,36.2733,-7.0771,20.2832,,,
1786590925888543136,2026-08-13T10:15:25.888565,ground_truth,-0.032482,0.782000,-0.011344,True,,,,,,,,,0.053927,1.068492,0.300652,0.053927,1.068492,0.300652,0.053927,1.068492,0.300652,-0.019525,-0.026474,-0.013475,0.035548,-0.021374,-0.040936,-0.016448,0.049021,1.365174,1.016468,0.698172,-0.012709,-1.195524,-1.669189,0.008285,0.039267,0.059771,0.000000,0.102533,0.007847,0.087080,-0.549920,0.086320,-0.035904,0.061280,-0.033408,3.0000,2.0000,2.0000,0.0000,4.0000,32.8743,31.9857,36.4115,-6.9779,20.3150,,,
1786590925922441682,2026-08-13T10:15:25.922464,ground_truth,-0.032583,0.778000,-0.011669,True,,,,,,,,,0.053927,1.068492,0.300652,0.053128,1.067690,0.300289,0.053128,1.067690,0.300289,-0.020153,-0.020229,-0.009151,0.029985,-0.021374,-0.040936,-0.016448,0.049021,1.365174,1.016468,0.698172,-0.012709,-1.195524,-1.669189,0.008285,0.039267,0.059771,0.000000,0.102533,0.007847,0.087080,-0.549920,0.086320,-0.035904,0.061280,-0.033408,3.0000,2.0000,2.0000,0.0000,4.0000,32.8664,31.9725,36.6750,-6.7902,20.5002,,,
1786590925956363728,2026-08-13T10:15:25.956389,ground_truth,-0.032659,0.775000,-0.011912,True,,,,,,,,,0.052320,1.067103,0.299941,0.052320,1.067103,0.299941,0.052320,1.067103,0.299941,-0.023898,-0.017367,-0.010298,0.031286,-0.024150,-0.020878,-0.010685,0.033664,1.365174,1.016468,0.698172,-0.012709,-1.195524,-1.669189,0.008285,0.039267,0.059771,0.000000,0.102533,0.007847,0.087080,-0.549920,0.086320,-0.035904,0.061280,-0.033408,3.0000,2.0000,2.0000,0.0000,4.0000,32.9140,32.0570,36.7412,-6.9708,20.0856,,,
1786590925988586122,2026-08-13T10:15:25.988611,ground_truth,-0.032761,0.771000,-0.012237,True,,,,,,,,,0.052320,1.067103,0.299941,0.051680,1.066772,0.299740,0.051680,1.066772,0.299740,-0.018682,-0.009657,-0.005872,0.021835,-0.024150,-0.020878,-0.010685,0.033664,1.365279,1.016932,0.697376,-0.012709,-1.194252,-1.669265,0.008285,0.037523,0.068500,0.000000,0.107772,0.005670,0.086100,-0.544320,0.074866,-0.035968,0.059616,-0.033632,3.0000,2.0000,2.0000,0.0000,4.0000,32.8800,32.1247,36.7332,-6.8910,20.0696,,,
1786590926015987080,2026-08-13T10:15:26.016011,ground_truth,-0.032583,0.778000,-0.011669,True,,,,,,,,,0.051196,1.066332,0.299718,0.051196,1.066332,0.299718,0.051196,1.066332,0.299718,-0.015195,-0.013789,-0.000679,0.020530,-0.016903,-0.011581,-0.003349,0.020761,1.365279,1.016932,0.697376,-0.012709,-1.194252,-1.669265,0.008285,0.037523,0.068500,0.000000,0.107772,0.005670,0.086100,-0.544320,0.074866,-0.035968,0.059616,-0.033632,3.0000,2.0000,2.0000,0.0000,4.0000,32.9918,32.0611,36.6247,-6.9213,19.9038,,,
1786590926050290042,2026-08-13T10:15:26.050307,ground_truth,-0.032482,0.782000,-0.011344,True,,,,,,,,,0.051196,1.066332,0.299718,0.050856,1.066245,0.299921,0.050856,1.066245,0.299921,-0.012337,-0.003189,0.007340,0.014706,-0.016903,-0.011581,-0.003349,0.020761,1.365279,1.016932,0.697376,-0.012709,-1.194252,-1.669265,0.008285,0.037523,0.068500,0.000000,0.107772,0.005670,0.086100,-0.544320,0.074866,-0.035968,0.059616,-0.033632,3.0000,2.0000,2.0000,0.0000,4.0000,33.0689,32.1164,36.5792,-6.8264,19.8678,,,
1786590926080024069,2026-08-13T10:15:26.080054,ground_truth,-0.032761,0.771000,-0.009770,True,,,,,,,,,0.050509,1.066600,0.300145,0.050509,1.066600,0.300145,0.050509,1.066600,0.300145,-0.010099,0.010360,0.006522,0.015870,-0.010263,0.004002,0.006369,0.012724,1.365279,1.016932,0.697376,-0.012709,-1.194252,-1.669265,0.008285,0.037523,0.068500,0.000000,0.107772,0.005670,0.086100,-0.544320,0.074866,-0.035968,0.059616,-0.033632,3.0000,2.0000,2.0000,0.0000,4.0000,33.1226,32.1144,36.0909,-7.5304,18.9058,,,
1786590926113030164,2026-08-13T10:15:26.113054,ground_truth,-0.032659,0.775000,-0.009452,True,,,,,,,,,0.050509,1.066600,0.300145,0.050175,1.067045,0.300490,0.050175,1.067045,0.300490,-0.011180,0.014880,0.011564,0.021912,-0.010263,0.004002,0.006369,0.012724,1.365109,1.023283,0.657219,-0.012827,-1.147761,-1.668348,0.006540,0.026174,0.102538,0.000000,0.126528,0.007847,-0.065660,-0.510860,0.099932,-0.121056,0.063072,0.028736,3.0000,2.0000,2.0000,0.0000,4.0000,33.1802,32.1337,36.3478,-7.5799,19.4951,,,
1786590926142112245,2026-08-13T10:15:26.142129,ground_truth,-0.032659,0.775000,-0.009452,True,,,,,,,,,0.049848,1.067347,0.300818,0.049848,1.067347,0.300818,0.049848,1.067347,0.300818,-0.009978,0.009212,0.009998,0.016864,-0.009954,0.011239,0.010136,0.018115,1.364874,1.024276,0.654238,-0.012957,-1.143729,-1.668079,0.006102,0.029231,0.063265,0.005228,0.097294,0.005670,-0.056700,-0.496300,0.129812,-0.118432,0.054560,0.027776,3.0000,2.0000,2.0000,0.0000,4.0000,33.3791,32.2949,36.2626,-7.7626,18.8656,,,
1786590926185435209,2026-08-13T10:15:26.185460,ground_truth,-0.032583,0.778000,-0.009214,True,,,,,,,,,0.049848,1.067347,0.300818,0.049520,1.067407,0.301146,0.049520,1.067407,0.301146,-0.011271,0.002081,0.011293,0.016091,-0.009954,0.011239,0.010136,0.018115,1.364789,1.024792,0.653435,-0.013000,-1.142360,-1.667982,0.004796,0.034034,0.042759,0.002609,0.078096,0.005228,-0.056980,-0.519820,0.139108,-0.116992,0.047808,0.026048,3.0000,2.0000,2.0000,0.0000,4.0000,33.4074,32.4302,35.9588,-8.0459,18.7230,,,
1786590926215197310,2026-08-13T10:15:26.215216,ground_truth,-0.032583,0.778000,-0.009214,True,,,,,,,,,0.049188,1.067420,0.301490,0.049188,1.067420,0.301490,0.049188,1.067420,0.301490,-0.007613,0.000277,0.007875,0.010957,-0.009880,0.001086,0.010061,0.014143,1.364789,1.024792,0.653435,-0.013000,-1.142360,-1.667982,0.004796,0.034034,0.042759,0.002609,0.078096,0.005228,-0.056980,-0.519820,0.139108,-0.116992,0.047808,0.026048,3.0000,2.0000,2.0000,0.0000,4.0000,33.5828,32.5021,35.8884,-7.5755,18.6415,,,
1786590926253340385,2026-08-13T10:15:26.253358,ground_truth,-0.032583,0.778000,-0.006759,True,,,,,,,,,0.049188,1.067420,0.301490,0.049019,1.067582,0.301834,0.049019,1.067582,0.301834,-0.005720,0.005506,0.011657,0.014104,-0.009880,0.001086,0.010061,0.014143,1.364789,1.024792,0.653435,-0.013000,-1.142360,-1.667982,0.004796,0.034034,0.042759,0.002609,0.078096,0.005228,-0.056980,-0.519820,0.139108,-0.116992,0.047808,0.026048,3.0000,2.0000,2.0000,0.0000,4.0000,33.7284,32.5646,36.3801,-7.2216,18.6278,,,
1786590926287362551,2026-08-13T10:15:26.287381,ground_truth,-0.032659,0.775000,-0.006992,True,,,,,,,,,0.048843,1.067774,0.302364,0.048843,1.067774,0.302364,0.048843,1.067774,0.302364,-0.004635,0.005071,0.013954,0.015554,-0.005178,0.005332,0.013123,0.015081,1.364789,1.024792,0.653435,-0.013000,-1.142360,-1.667982,0.004796,0.034034,0.042759,0.002609,0.078096,0.005228,-0.056980,-0.519820,0.139108,-0.116992,0.047808,0.026048,3.0000,2.0000,2.0000,0.0000,4.0000,33.6683,32.5400,35.7953,-6.9412,19.5111,,,
1786590926322392994,2026-08-13T10:15:26.322411,ground_truth,-0.035115,0.775000,-0.006992,True,,,,,,,,,0.048843,1.067774,0.302364,0.048672,1.068186,0.302878,0.048672,1.068186,0.302878,-0.005021,0.012102,0.015107,0.019997,-0.005178,0.005332,0.013123,0.015081,1.364384,1.030881,0.654178,-0.013108,-1.137283,-1.667594,0.000000,0.037523,0.020506,0.000000,0.021375,0.003051,-0.069020,-0.497420,0.309341,-0.107872,0.049312,0.027904,3.0000,2.0000,2.0000,0.0000,4.0000,33.8276,32.7479,35.6443,-7.1421,19.9109,,,
1786590926356451519,2026-08-13T10:15:26.356471,ground_truth,-0.035034,0.778000,-0.006759,True,,,,,,,,,0.048678,1.068482,0.303189,0.048678,1.068482,0.303189,0.048678,1.068482,0.303189,0.000155,0.008510,0.008972,0.012367,-0.002482,0.010611,0.012385,0.016497,1.364384,1.030881,0.654178,-0.013108,-1.137283,-1.667594,0.000000,0.037523,0.020506,0.000000,0.021375,0.003051,-0.069020,-0.497420,0.309341,-0.107872,0.049312,0.027904,3.0000,2.0000,2.0000,0.0000,4.0000,33.9693,32.6319,35.9243,-7.2290,20.0028,,,
1786590926390309834,2026-08-13T10:15:26.390330,ground_truth,-0.037684,0.771000,-0.007304,True,,,,,,,,,0.048678,1.068482,0.303189,0.048836,1.068541,0.303533,0.048836,1.068541,0.303533,0.004600,0.001719,0.009984,0.011127,-0.002482,0.010611,0.012385,0.016497,1.364384,1.030881,0.654178,-0.013108,-1.137283,-1.667594,0.000000,0.037523,0.020506,0.000000,0.021375,0.003051,-0.069020,-0.497420,0.309341,-0.107872,0.049312,0.027904,3.0000,2.0000,2.0000,0.0000,4.0000,33.8994,32.5551,34.8218,-9.1023,19.3556,,,


============================================================
EXPERIMENT METRICS
  File: experiment_GROUND_TRUTH_20260813_101517.csv
  Total samples: 256
  Task completion time: 8.56 s
  Mode: GROUND TRUTH (no prediction metrics)
  --- Trajectory Smoothness (Robot EE) ---
  Mean Jerk (3D): 6.8640 m/s³
      Jerk X: 2.1349 m/s³
      Jerk Y: 5.6222 m/s³
      Jerk Z: 2.0022 m/s³
  Max Jerk (3D): 33.8110 m/s³
  RMS Jerk (3D): 8.7974 m/s³
============================================================
