ros_timestamp_ns,wall_time,trajectory_mode,meas_x,meas_y,meas_z,is_tracked,pred_x,pred_y,pred_z,mae_x,mae_y,mae_z,inference_ms,buffer_size,robot_ee_x,robot_ee_y,robot_ee_z,hand_base_x,hand_base_y,hand_base_z,target_cmd_x,target_cmd_y,target_cmd_z,hand_vel_x,hand_vel_y,hand_vel_z,hand_speed,ee_vel_x,ee_vel_y,ee_vel_z,ee_speed,j1_pos,j2_pos,j3_pos,j4_pos,j5_pos,j6_pos,j1_vel,j2_vel,j3_vel,j4_vel,j5_vel,j6_vel,j1_eff,j2_eff,j3_eff,j4_eff,j5_eff,j6_eff,rula_upper_arm,rula_lower_arm,rula_wrist,rula_twist,rula_total,rula_alpha_s,rula_alpha_c,rula_beta_s,rula_beta_t,rula_gamma_s,adapt_w,adapt_sr,adapt_se
1786591377196802522,2026-08-13T10:22:57.196823,prediction,0.228490,-0.093000,0.094275,True,0.178456,-0.009419,0.114311,0.050033,0.083581,0.020036,5.29,20,-0.161991,0.308958,0.388245,-0.161991,0.308956,0.388249,,,,0.000000,0.000000,0.000000,0.000000,-0.000005,0.000056,0.000063,0.000085,1.570768,0.124243,-1.002803,0.000011,-0.385652,-1.879138,0.000000,0.000000,0.000000,0.000000,0.000000,0.002609,-0.002660,-0.203280,0.101343,-0.019776,0.031744,-0.010816,1.0000,2.0000,1.0000,0.0000,2.0000,5.7278,10.6009,51.8480,-8.8842,11.1184,,,
1786591377232506677,2026-08-13T10:22:57.232528,prediction,0.226318,-0.067000,0.094710,True,0.173258,-0.004935,0.116111,0.053059,0.062065,0.021401,5.40,20,-0.161991,0.308956,0.388249,-0.161991,0.308956,0.388249,-0.161991,0.308956,0.388249,0.000000,0.000000,0.000000,0.000000,-0.000000,-0.000001,0.000004,0.000004,1.570768,0.124243,-1.002803,0.000011,-0.385652,-1.879127,0.000000,0.000000,0.000000,0.000000,0.000000,0.000000,-0.001820,-0.205100,0.103003,-0.019776,0.031616,-0.010304,1.0000,2.0000,1.0000,0.0000,2.0000,5.5674,10.4699,51.7883,-9.7062,11.4019,,,
1786591377266820079,2026-08-13T10:22:57.266842,prediction,0.227738,-0.084000,0.094425,True,0.178262,-0.004748,0.117003,0.049476,0.079252,0.022578,4.29,20,-0.161991,0.308956,0.388249,-0.161991,0.308956,0.388249,-0.161991,0.308956,0.388249,0.000000,0.000000,0.000000,0.000000,-0.000000,-0.000001,0.000004,0.000004,1.570768,0.124243,-1.002803,0.000011,-0.385652,-1.879127,0.000000,0.000000,0.000000,0.000000,0.000000,0.000000,-0.001820,-0.205100,0.103003,-0.019776,0.031616,-0.010304,1.0000,2.0000,1.0000,0.0000,2.0000,5.6185,10.5225,51.6902,-10.0719,11.5222,,,
1786591377302884373,2026-08-13T10:22:57.302905,prediction,0.227738,-0.084000,0.094425,True,0.174161,-0.004598,0.115655,0.053577,0.079401,0.021229,4.96,20,-0.161991,0.308956,0.388249,-0.161991,0.308956,0.388249,-0.161991,0.308956,0.388249,0.000000,0.000000,0.000000,0.000000,0.000000,0.000000,0.000000,0.000000,1.570768,0.124243,-1.002803,0.000011,-0.385652,-1.879127,0.000000,0.000000,0.000000,0.000000,0.000000,0.000000,-0.001820,-0.205100,0.103003,-0.019776,0.031616,-0.010304,1.0000,2.0000,1.0000,0.0000,2.0000,5.5487,10.5089,51.7172,-10.5444,11.5783,,,
1786591377337536204,2026-08-13T10:22:57.337559,prediction,0.226318,-0.067000,0.094710,True,0.173180,-0.001079,0.115252,0.053137,0.065921,0.020542,5.60,20,-0.161991,0.308956,0.388249,-0.161991,0.308956,0.388249,-0.161991,0.308956,0.388249,0.000000,0.000000,0.000000,0.000000,0.000000,0.000000,0.000000,0.000000,1.570768,0.124243,-1.002803,0.000011,-0.385652,-1.879127,0.000000,0.000000,0.000000,0.000000,0.000000,0.000000,-0.001820,-0.205100,0.103003,-0.019776,0.031616,-0.010304,1.0000,2.0000,1.0000,0.0000,2.0000,5.5389,10.4694,52.2791,-10.4808,11.6246,,,
1786591377373123350,2026-08-13T10:22:57.373136,prediction,0.226318,-0.067000,0.098506,True,0.177671,0.001737,0.117995,0.048646,0.068737,0.019489,5.51,20,-0.161991,0.308956,0.388249,-0.161991,0.308956,0.388249,-0.161991,0.308956,0.388249,0.000000,0.000000,0.000000,0.000000,0.000000,0.000000,0.000000,0.000000,1.570768,0.124243,-1.002803,0.000011,-0.385652,-1.879127,0.000000,0.000000,0.000000,0.000000,0.000000,0.000000,-0.002660,-0.208320,0.104912,-0.020000,0.031520,-0.010688,1.0000,2.0000,1.0000,0.0000,2.0000,5.5342,10.4292,52.5944,-10.4707,11.5777,,,
1786591377403179327,2026-08-13T10:22:57.403196,prediction,0.226986,-0.075000,0.102195,True,0.184981,0.002390,0.118645,0.042005,0.077389,0.016450,3.88,20,-0.161991,0.308956,0.388249,-0.161991,0.308956,0.388249,-0.161991,0.308956,0.388249,0.000000,0.000000,0.000000,0.000000,0.000000,0.000000,0.000000,0.000000,1.570768,0.124243,-1.002803,0.000011,-0.385652,-1.879127,0.000000,0.000000,0.000000,0.000000,0.000000,0.000000,-0.002660,-0.208320,0.104912,-0.020000,0.031520,-0.010688,1.0000,2.0000,1.0000,0.0000,2.0000,5.5161,10.4024,53.0955,-10.7018,11.5916,,,
1786591377436576834,2026-08-13T10:22:57.436593,prediction,0.226986,-0.075000,0.102195,True,0.185293,0.002912,0.116723,0.041693,0.077912,0.014528,4.16,20,-0.161991,0.308956,0.388249,-0.161991,0.308956,0.388249,-0.161991,0.308956,0.388249,0.000000,0.000000,0.000000,0.000000,0.000000,0.000000,0.000000,0.000000,1.570768,0.124243,-1.002803,0.000011,-0.385652,-1.879127,0.000000,0.000000,0.000000,0.000000,0.000000,0.000000,-0.002660,-0.208320,0.104912,-0.020000,0.031520,-0.010688,1.0000,2.0000,1.0000,0.0000,2.0000,5.5683,10.2967,53.1944,-10.0947,11.3465,,,
1786591377470385867,2026-08-13T10:22:57.470401,prediction,0.229241,-0.102000,0.101833,True,0.190726,-0.002071,0.116198,0.038515,0.099929,0.014365,4.41,20,-0.161991,0.308956,0.388249,-0.161991,0.308956,0.388249,-0.161991,0.308956,0.388249,0.000000,0.000000,0.000000,0.000000,0.000000,0.000000,0.000000,0.000000,1.570768,0.124243,-1.002803,0.000011,-0.385652,-1.879127,0.000000,0.000000,0.000000,0.000000,0.000000,0.000000,-0.002660,-0.208320,0.104912,-0.020000,0.031520,-0.010688,1.0000,2.0000,1.0000,0.0000,2.0000,5.5945,10.2423,53.2539,-10.0682,11.2469,,,
1786591377499985807,2026-08-13T10:22:57.500005,prediction,0.226318,-0.067000,0.102303,True,0.184625,0.000944,0.116544,0.041693,0.067943,0.014241,4.34,20,-0.161991,0.308956,0.388249,-0.161991,0.308956,0.388249,-0.161991,0.308956,0.388249,0.000000,0.000000,0.000000,0.000000,0.000000,0.000000,0.000000,0.000000,1.570768,0.124243,-1.002803,0.000011,-0.385652,-1.879127,0.000000,0.000000,0.000000,0.000000,0.000000,0.000000,-0.002660,-0.208320,0.104912,-0.020000,0.031520,-0.010688,1.0000,2.0000,1.0000,0.0000,2.0000,5.6433,10.2401,53.3929,-10.3033,11.3258,,,
1786591377536144015,2026-08-13T10:22:57.536164,prediction,0.226318,-0.067000,0.102303,True,0.182765,0.003355,0.117691,0.043552,0.070355,0.015388,4.07,20,-0.161991,0.308956,0.388249,-0.161991,0.308956,0.388249,-0.161991,0.308956,0.388249,0.000000,0.000000,0.000000,0.000000,0.000000,0.000000,0.000000,0.000000,1.570768,0.124243,-1.002803,0.000011,-0.385652,-1.879127,0.000000,0.000000,0.000000,0.000000,0.000000,0.000000,-0.002660,-0.208320,0.104912,-0.020000,0.031520,-0.010688,1.0000,2.0000,1.0000,0.0000,2.0000,5.5461,10.1665,53.8565,-10.1867,11.4439,,,
1786591377572830790,2026-08-13T10:22:57.572850,prediction,0.227738,-0.084000,0.102074,True,0.184841,0.001884,0.117455,0.042897,0.085884,0.015380,5.07,20,-0.161991,0.308956,0.388249,-0.161991,0.308956,0.388249,-0.161991,0.308956,0.388249,0.000000,0.000000,0.000000,0.000000,0.000000,0.000000,0.000000,0.000000,1.570768,0.124243,-1.002803,0.000011,-0.385652,-1.879127,0.000000,0.000000,0.000000,0.000000,0.000000,0.000000,-0.002660,-0.208320,0.104912,-0.020000,0.031520,-0.010688,1.0000,2.0000,1.0000,0.0000,2.0000,5.6297,10.1601,53.7158,-10.7318,11.8490,,,
1786591377607822944,2026-08-13T10:22:57.607842,prediction,0.226318,-0.067000,0.102303,True,0.177136,0.004107,0.116563,0.049182,0.071107,0.014261,4.17,20,-0.161991,0.308956,0.388249,-0.161991,0.308956,0.388249,-0.161991,0.308956,0.388249,0.000000,0.000000,0.000000,0.000000,0.000000,0.000000,0.000000,0.000000,1.570768,0.124243,-1.002803,0.000011,-0.385652,-1.879127,0.000000,0.000000,0.000000,0.000000,0.000000,0.000000,-0.002660,-0.208600,0.105244,-0.020000,0.031296,-0.010240,1.0000,2.0000,1.0000,0.0000,2.0000,5.7020,10.1956,53.5007,-10.1814,11.4343,,,
1786591377637652187,2026-08-13T10:22:57.637670,prediction,0.226986,-0.075000,0.106005,True,0.176618,0.004286,0.120427,0.050368,0.079286,0.014422,4.02,20,-0.161991,0.308956,0.388249,-0.161991,0.308956,0.388249,-0.161991,0.308956,0.388249,0.000000,0.000000,0.000000,0.000000,0.000000,0.000000,0.000000,0.000000,1.570768,0.124243,-1.002803,0.000011,-0.385652,-1.879127,0.000000,0.000000,0.000000,0.000000,0.000000,0.000000,-0.002660,-0.208600,0.105244,-0.020000,0.031296,-0.010240,1.0000,2.0000,1.0000,0.0000,2.0000,5.7490,10.1866,53.5926,-10.3178,11.5222,,,
1786591377665981178,2026-08-13T10:22:57.666000,prediction,0.228490,-0.093000,0.105793,True,0.179589,0.000829,0.121796,0.048901,0.093829,0.016003,3.98,20,-0.161991,0.308956,0.388249,-0.161991,0.308956,0.388249,-0.161991,0.308956,0.388249,0.000000,0.000000,0.000000,0.000000,0.000000,0.000000,0.000000,0.000000,1.570768,0.124243,-1.002803,0.000011,-0.385652,-1.879127,0.000000,0.000000,0.000000,0.000000,0.000000,0.000000,-0.002660,-0.208600,0.105244,-0.020000,0.031296,-0.010240,1.0000,2.0000,1.0000,0.0000,2.0000,5.8791,10.1848,53.7027,-9.9683,11.3784,,,
1786591377695318889,2026-08-13T10:22:57.695337,prediction,0.224146,-0.041000,0.110158,True,0.172500,0.008463,0.127373,0.051646,0.049463,0.017215,4.05,20,-0.161991,0.308956,0.388249,-0.161991,0.308956,0.388249,-0.161991,0.308956,0.388249,0.000000,0.000000,0.000000,0.000000,0.000000,0.000000,0.000000,0.000000,1.570768,0.124243,-1.002803,0.000011,-0.385652,-1.879127,0.000000,0.000000,0.000000,0.000000,0.000000,0.000000,-0.002660,-0.208600,0.105244,-0.020000,0.031296,-0.010240,1.0000,2.0000,1.0000,0.0000,2.0000,6.1133,10.3235,54.0653,-9.5170,11.3230,,,
1786591377724632914,2026-08-13T10:22:57.724654,prediction,0.226318,-0.067000,0.109895,True,0.167264,0.009370,0.132116,0.059054,0.076370,0.022220,4.11,20,-0.161991,0.308956,0.388249,-0.161991,0.308956,0.388249,-0.161991,0.308956,0.388249,0.000000,0.000000,0.000000,0.000000,0.000000,0.000000,0.000000,0.000000,1.570768,0.124243,-1.002803,0.000011,-0.385652,-1.879127,0.000000,0.000000,0.000000,0.000000,0.000000,0.000000,-0.002660,-0.208600,0.105244,-0.020000,0.031296,-0.010240,1.0000,2.0000,1.0000,0.0000,2.0000,6.1649,10.3285,54.2571,-9.5003,11.2152,,,
1786591377756503180,2026-08-13T10:22:57.756520,prediction,0.223478,-0.033000,0.113980,True,0.162507,0.016896,0.138245,0.060971,0.049896,0.024265,4.16,20,-0.161991,0.308956,0.388249,-0.161991,0.308956,0.388249,-0.161991,0.308956,0.388249,0.000000,0.000000,0.000000,0.000000,0.000000,0.000000,0.000000,0.000000,1.570768,0.124243,-1.002803,0.000011,-0.385652,-1.879127,0.000000,0.000000,0.000000,0.000000,0.000000,0.000000,-0.002660,-0.211400,0.106489,-0.020320,0.029728,-0.011424,1.0000,2.0000,1.0000,0.0000,2.0000,6.2170,10.3586,54.6078,-9.5166,11.3733,,,
1786591377792023320,2026-08-13T10:22:57.792051,prediction,0.223478,-0.033000,0.117720,True,0.158701,0.022917,0.145050,0.064777,0.055917,0.027331,4.65,20,-0.161991,0.308956,0.388249,-0.161991,0.308956,0.388249,-0.161991,0.308956,0.388249,0.000000,0.000000,0.000000,0.000000,0.000000,0.000000,0.000000,0.000000,1.570768,0.124243,-1.002803,0.000011,-0.385652,-1.879127,0.000000,0.000000,0.000000,0.000000,0.000000,0.000000,-0.002660,-0.211960,0.106489,-0.020320,0.029888,-0.011584,1.0000,2.0000,1.0000,0.0000,2.0000,6.6622,10.5936,54.0159,-9.9929,11.9813,,,
1786591377827599750,2026-08-13T10:22:57.827628,prediction,0.222809,-0.025000,0.121501,True,0.155523,0.029334,0.151148,0.067287,0.054334,0.029647,4.53,20,-0.161991,0.308956,0.388249,-0.161991,0.308956,0.388249,-0.161991,0.308956,0.388249,0.000000,0.000000,0.000000,0.000000,0.000000,0.000000,0.000000,0.000000,1.570768,0.124243,-1.002803,0.000011,-0.385652,-1.879127,0.000000,0.000000,0.000000,0.000000,0.000000,0.000000,-0.002660,-0.211960,0.106489,-0.020320,0.029888,-0.011584,1.0000,2.0000,1.0000,0.0000,2.0000,6.7690,10.6863,54.6224,-10.4701,12.0653,,,
1786591377859702678,2026-08-13T10:22:57.859723,prediction,0.222809,-0.025000,0.121501,True,0.156763,0.034467,0.151704,0.066046,0.059467,0.030203,4.48,20,-0.161991,0.308956,0.388249,-0.161991,0.308956,0.388249,-0.161991,0.308956,0.388249,0.000000,0.000000,0.000000,0.000000,0.000000,0.000000,0.000000,0.000000,1.570768,0.124243,-1.002803,0.000011,-0.385652,-1.879127,0.000000,0.000000,0.000000,0.000000,0.000000,0.000000,-0.002660,-0.211960,0.106489,-0.020320,0.029888,-0.011584,1.0000,2.0000,1.0000,0.0000,2.0000,6.8262,10.7121,55.2576,-10.8286,11.9538,,,
1786591377892769664,2026-08-13T10:22:57.892790,prediction,0.224146,-0.041000,0.125172,True,0.164148,0.035374,0.155180,0.059998,0.076373,0.030007,4.29,20,-0.161991,0.308956,0.388249,-0.161991,0.308956,0.388249,-0.161991,0.308956,0.388249,0.000000,0.000000,0.000000,0.000000,0.000000,0.000000,0.000000,0.000000,1.570768,0.124243,-1.002803,0.000011,-0.385652,-1.879127,0.000000,0.000000,0.000000,0.000000,0.000000,0.000000,-0.002660,-0.211960,0.106489,-0.020320,0.029888,-0.011584,1.0000,2.0000,1.0000,0.0000,2.0000,6.9910,10.6009,55.9007,-10.5120,11.5585,,,
1786591377932265866,2026-08-13T10:22:57.932286,prediction,0.222809,-0.025000,0.128956,True,0.159880,0.039299,0.157898,0.062929,0.064299,0.028942,5.88,20,-0.161991,0.308956,0.388249,-0.161991,0.308956,0.388249,-0.161991,0.308956,0.388249,0.000000,0.000000,0.000000,0.000000,0.000000,0.000000,0.000000,0.000000,1.570768,0.124243,-1.002803,0.000011,-0.385652,-1.879127,0.000000,0.000000,0.000000,0.000000,0.000000,0.000000,-0.002660,-0.210980,0.106489,-0.020320,0.028384,-0.012096,1.0000,2.0000,1.0000,0.0000,2.0000,7.2402,10.5169,56.1665,-10.6724,11.6754,,,
1786591377963886562,2026-08-13T10:22:57.963905,prediction,0.221389,-0.008000,0.132686,True,0.161846,0.045839,0.160857,0.059544,0.053839,0.028171,4.67,20,-0.161991,0.308956,0.388249,-0.161991,0.308956,0.388249,-0.161991,0.308956,0.388249,0.000000,0.000000,0.000000,0.000000,0.000000,0.000000,0.000000,0.000000,1.570768,0.124243,-1.002803,0.000011,-0.385652,-1.879127,0.000000,0.000000,0.000000,0.000000,0.000000,0.000000,-0.001820,-0.211680,0.106489,-0.020000,0.028064,-0.012096,1.0000,2.0000,1.0000,0.0000,2.0000,7.4733,10.5082,56.4387,-10.4044,11.0617,,,
1786591377999534468,2026-08-13T10:22:57.999554,prediction,0.224146,-0.041000,0.136433,True,0.169846,0.044471,0.161035,0.054300,0.085471,0.024602,4.33,20,-0.161991,0.308956,0.388249,-0.161991,0.308956,0.388249,-0.161991,0.308956,0.388249,0.000000,0.000000,0.000000,0.000000,0.000000,0.000000,0.000000,0.000000,1.570768,0.124243,-1.002803,0.000011,-0.385652,-1.879127,0.000000,0.000000,0.000000,0.000000,0.000000,0.000000,-0.002660,-0.211680,0.106323,-0.020320,0.028064,-0.012864,1.0000,2.0000,1.0000,0.0000,2.0000,7.8445,10.7370,56.8453,-9.7860,11.1578,,,
1786591378037250779,2026-08-13T10:22:58.037271,prediction,0.224146,-0.041000,0.136433,True,0.164706,0.043377,0.158532,0.059440,0.084377,0.022099,4.18,20,-0.161991,0.308956,0.388249,-0.158115,0.346076,0.412015,-0.161991,0.308956,0.388249,0.101864,0.975577,0.624608,1.162868,0.000000,0.000000,0.000000,0.000000,1.570768,0.124243,-1.002803,0.000011,-0.385652,-1.879127,0.000000,0.000000,0.000000,0.000000,0.000000,0.000000,-0.002660,-0.211680,0.106323,-0.020320,0.028064,-0.012864,1.0000,2.0000,1.0000,0.0000,2.0000,8.4063,11.1139,56.1829,-9.5127,11.2308,,,
1786591378066060981,2026-08-13T10:22:58.066086,prediction,0.218353,-0.016000,0.140109,True,0.159435,0.047502,0.162105,0.058917,0.063502,0.021996,4.32,20,-0.161991,0.308956,0.388249,-0.157489,0.354887,0.414551,-0.111991,0.358956,0.434999,0.021893,0.308286,0.088722,0.321545,0.000000,0.000000,0.000000,0.000000,1.570768,0.124243,-1.002803,0.000011,-0.385652,-1.879127,0.000000,0.000000,0.000000,0.000000,0.000000,0.000000,-0.002660,-0.211680,0.106323,-0.020320,0.028064,-0.012864,1.0000,2.0000,1.0000,0.0000,2.0000,8.5923,11.3011,56.0619,-9.3950,11.2129,,,
1786591378098600306,2026-08-13T10:22:58.098622,prediction,0.217698,-0.008000,0.140084,True,0.165093,0.052401,0.163347,0.052604,0.060401,0.023263,6.16,20,-0.099265,0.408956,0.437976,-0.156914,0.359369,0.417069,-0.099265,0.408956,0.437976,0.019136,0.149249,0.083872,0.172267,0.950637,1.515549,0.753640,1.941281,1.570768,0.124243,-1.002803,0.000011,-0.385652,-1.879127,0.000000,0.000000,0.000000,0.000000,0.000000,0.000000,-0.002660,-0.211680,0.106323,-0.020320,0.028064,-0.012864,1.0000,2.0000,1.0000,0.0000,2.0000,8.7801,11.4748,55.9136,-9.0147,10.9645,,,
1786591378130573466,2026-08-13T10:22:58.130592,prediction,0.219090,-0.025000,0.140137,True,0.173093,0.052921,0.161924,0.045996,0.077921,0.021787,6.03,20,-0.099265,0.408956,0.437976,-0.156388,0.363412,0.419345,-0.098462,0.427194,0.441095,0.016502,0.126738,0.071329,0.146365,0.950637,1.515549,0.753640,1.941281,1.570768,0.124243,-1.002803,0.000011,-0.385652,-1.879127,0.000000,0.000000,0.000000,0.000000,0.000000,0.000000,-0.002660,-0.211680,0.106323,-0.020320,0.028064,-0.012864,1.0000,2.0000,1.0000,0.0000,2.0000,9.1464,11.9190,55.7017,-8.8838,11.0991,,,
1786591378166414358,2026-08-13T10:22:58.166435,prediction,0.219090,-0.025000,0.143864,True,0.169215,0.053337,0.163590,0.049874,0.078337,0.019726,6.55,20,-0.098227,0.430355,0.443862,-0.155761,0.366888,0.421883,-0.098227,0.430355,0.443862,0.017594,0.097572,0.071258,0.122097,0.015237,0.314160,0.086405,0.326182,1.570768,0.124243,-1.002803,0.000011,-0.385652,-1.879127,0.000000,0.000000,0.000000,0.000000,0.000000,0.002609,-0.002660,-0.209860,0.105410,-0.020320,0.026112,-0.013536,1.0000,2.0000,1.0000,0.0000,2.0000,9.6079,12.1891,55.2124,-8.8821,11.3898,,,
1786591378197296048,2026-08-13T10:22:58.197311,prediction,0.217698,-0.008000,0.143783,True,0.166897,0.057070,0.162121,0.050801,0.065069,0.018338,6.32,20,-0.098227,0.430355,0.443862,-0.155331,0.370249,0.424124,-0.097536,0.433590,0.446648,0.013763,0.107624,0.071765,0.130087,0.015237,0.314160,0.086405,0.326182,1.570768,0.124243,-1.002803,0.000011,-0.385652,-1.879127,0.000000,0.000000,0.000000,0.000000,0.000000,0.002609,-0.002660,-0.209860,0.105410,-0.020320,0.026400,-0.013536,1.0000,2.0000,1.0000,0.0000,2.0000,10.2326,12.7528,54.8627,-9.3160,11.4664,,,
1786591378230126576,2026-08-13T10:22:58.230146,prediction,0.216387,0.008000,0.143707,True,0.172639,0.063256,0.160377,0.043749,0.055256,0.016670,6.55,20,-0.097162,0.436854,0.448964,-0.154669,0.374068,0.426379,-0.097162,0.436854,0.448964,0.020187,0.116453,0.068734,0.136724,0.016231,0.099027,0.077756,0.126948,1.570768,0.124243,-1.002803,0.000011,-0.385652,-1.879138,0.000000,0.000000,0.000000,0.000000,0.000000,0.000000,-0.001820,-0.207900,0.106655,-0.020320,0.025952,-0.013312,1.0000,2.0000,1.0000,0.0000,2.0000,10.7109,12.6690,54.0684,-12.2892,12.4983,,,
1786591378263996206,2026-08-13T10:22:58.264017,prediction,0.217042,-0.000000,0.143745,True,0.180639,0.066605,0.155725,0.036404,0.066605,0.011980,7.48,20,-0.097162,0.436854,0.448964,-0.154240,0.377019,0.428363,-0.097520,0.440099,0.450848,0.012796,0.088005,0.059188,0.106826,0.016231,0.099027,0.077756,0.126948,1.570768,0.124243,-1.002803,0.000011,-0.385652,-1.879138,0.000000,0.000000,0.000000,0.000000,0.000000,0.000000,-0.001820,-0.207900,0.106655,-0.020320,0.025952,-0.013312,1.0000,2.0000,1.0000,0.0000,2.0000,10.7644,12.9570,54.3216,-12.3809,12.5913,,,
1786591378298084954,2026-08-13T10:22:58.298107,prediction,0.218353,-0.016000,0.143821,True,0.184717,0.066084,0.151418,0.033635,0.082084,0.007597,7.81,20,-0.098729,0.443621,0.452014,-0.153899,0.379369,0.430103,-0.098729,0.443621,0.452014,0.010202,0.070171,0.051957,0.087907,-0.023561,0.101751,0.045847,0.114063,1.570768,0.124243,-1.002803,0.000011,-0.385652,-1.879138,0.000000,0.000000,0.000000,0.000000,0.000000,0.000000,-0.001820,-0.207900,0.106655,-0.020320,0.025952,-0.013312,1.0000,2.0000,1.0000,0.0000,2.0000,11.2248,13.1187,54.0722,-11.8187,12.3375,,,
1786591378330413805,2026-08-13T10:22:58.330430,prediction,0.217698,-0.008000,0.147482,True,0.186738,0.067267,0.151614,0.030960,0.075267,0.004132,7.61,20,-0.098729,0.443621,0.452014,-0.153558,0.381172,0.431835,-0.100464,0.446949,0.452438,0.010375,0.054902,0.052731,0.076828,-0.023561,0.101751,0.045847,0.114063,1.570768,0.124243,-1.002803,0.000011,-0.385652,-1.879138,0.000000,0.000000,0.000000,0.000000,0.000000,0.000000,-0.001820,-0.207900,0.106655,-0.020320,0.025952,-0.013312,1.0000,2.0000,1.0000,0.0000,2.0000,11.6890,13.6026,54.0963,-11.6317,12.4602,,,
1786591378366220196,2026-08-13T10:22:58.366238,prediction,0.215370,-0.025000,0.147591,True,0.189571,0.064814,0.149681,0.025799,0.089813,0.002091,8.12,20,-0.102545,0.449945,0.452469,-0.153062,0.382013,0.433574,-0.102545,0.449945,0.452469,0.014470,0.024526,0.050743,0.058187,-0.057338,0.095028,0.006846,0.111197,1.568906,0.124485,-1.000944,-0.000129,-0.387625,-1.877047,0.052354,0.009598,0.055845,0.005670,0.070249,0.070249,-0.189980,-0.015680,0.262944,-0.097568,-0.053888,0.043968,1.0000,2.0000,1.0000,0.0000,2.0000,12.3950,13.7710,53.1453,-12.6840,12.8056,,,
1786591378395918641,2026-08-13T10:22:58.395945,prediction,0.213364,-0.000000,0.147431,True,0.188661,0.067851,0.147627,0.024702,0.067851,0.000196,7.67,20,-0.102545,0.449945,0.452469,-0.152343,0.383088,0.435058,-0.104732,0.452504,0.452334,0.023976,0.035850,0.049495,0.065649,-0.057338,0.095028,0.006846,0.111197,1.566952,0.124897,-0.998937,-0.000722,-0.390255,-1.874481,0.081592,0.017889,0.085519,0.023995,0.110391,0.107772,-0.207900,-0.021980,0.294733,-0.080768,-0.058336,0.053984,1.0000,2.0000,1.0000,0.0000,2.0000,12.3855,13.6465,53.2178,-12.8428,12.8759,,,
1786591378432077405,2026-08-13T10:22:58.432101,prediction,0.208428,0.016000,0.150988,True,0.186185,0.073481,0.152421,0.022243,0.057481,0.001433,8.07,20,-0.106366,0.454765,0.451831,-0.151384,0.384636,0.436527,-0.106366,0.454765,0.451831,0.026603,0.042960,0.040755,0.064917,-0.057126,0.072059,-0.009544,0.092450,1.563143,0.125648,-0.995086,-0.001757,-0.395267,-1.869501,0.124354,0.024867,0.126099,0.029665,0.164492,0.161442,-0.230020,-0.024360,0.290251,-0.084160,-0.062848,0.052608,1.0000,2.0000,1.0000,0.0000,2.0000,12.4597,13.7392,53.4682,-13.1346,12.8182,,,
1786591378464348839,2026-08-13T10:22:58.464370,prediction,0.209056,0.008000,0.151052,True,0.189275,0.076385,0.154630,0.019782,0.068384,0.003578,7.49,20,-0.106366,0.454765,0.451831,-0.150562,0.386706,0.437751,-0.108120,0.456950,0.451466,0.025168,0.063354,0.037480,0.077794,-0.057126,0.072059,-0.009544,0.092450,1.559092,0.126413,-0.991048,-0.002727,-0.400473,-1.864306,0.160133,0.029669,0.157951,0.037523,0.202015,0.202015,-0.219100,-0.008260,0.314985,-0.093792,-0.067840,0.060288,1.0000,2.0000,1.0000,0.0000,2.0000,12.5982,13.9981,52.3517,-15.0005,13.1123,,,
1786591378497646837,2026-08-13T10:22:58.497666,prediction,0.204160,0.024000,0.150923,True,0.181275,0.081908,0.153274,0.022885,0.057908,0.002351,7.56,20,-0.109948,0.459209,0.451051,-0.149230,0.389306,0.438717,-0.109948,0.459209,0.451051,0.039070,0.076257,0.028326,0.090244,-0.053744,0.066677,-0.011707,0.086437,1.550866,0.127941,-0.982832,-0.004797,-0.411026,-1.853753,0.209435,0.039267,0.209871,0.054101,0.269214,0.271833,-0.258720,-0.014840,0.311416,-0.086336,-0.069856,0.059776,1.0000,2.0000,1.0000,0.0000,2.0000,12.3465,14.3576,52.5689,-16.7512,13.6333,,,
1786591378527674269,2026-08-13T10:22:58.527696,prediction,0.202929,0.040000,0.150794,True,0.178492,0.089526,0.155105,0.024437,0.049526,0.004311,7.60,20,-0.109948,0.459209,0.451051,-0.147815,0.393293,0.439675,-0.110710,0.461363,0.450533,0.046721,0.131687,0.031624,0.143264,-0.053744,0.066677,-0.011707,0.086437,1.545483,0.128934,-0.977449,-0.006101,-0.417968,-1.846800,0.231689,0.042756,0.232124,0.059340,0.301940,0.301940,-0.252560,-0.016100,0.314487,-0.093568,-0.077696,0.065024,1.0000,2.0000,1.0000,0.0000,2.0000,12.9937,14.5192,52.4029,-16.5400,13.5278,,,
1786591378563880748,2026-08-13T10:22:58.563896,prediction,0.204775,0.016000,0.150988,True,0.183169,0.090821,0.156832,0.021607,0.074821,0.005845,7.25,20,-0.111629,0.463791,0.450305,-0.146910,0.397557,0.440400,-0.111629,0.463791,0.450305,0.024624,0.115999,0.019730,0.120214,-0.025298,0.068949,-0.011225,0.074297,1.537583,0.130365,-0.969568,-0.008031,-0.428241,-1.836538,0.256562,0.045376,0.254816,0.065010,0.331604,0.331604,-0.224420,-0.022260,0.301456,-0.084704,-0.076544,0.060064,1.0000,2.0000,1.0000,0.0000,2.0000,13.1233,14.5883,52.5643,-15.9608,13.6520,,,
1786591378597229509,2026-08-13T10:22:58.597245,prediction,0.202313,0.048000,0.150730,True,0.175169,0.098257,0.156952,0.027145,0.050257,0.006222,7.61,20,-0.111629,0.463791,0.450305,-0.145884,0.401397,0.441110,-0.113211,0.466679,0.449953,0.032026,0.119892,0.022162,0.126059,-0.025298,0.068949,-0.011225,0.074297,1.534454,0.130914,-0.966460,-0.008785,-0.432283,-1.832517,0.262671,0.045814,0.260050,0.061949,0.339894,0.334224,-0.230580,-0.018200,0.310586,-0.084832,-0.076864,0.061664,1.0000,2.0000,1.0000,0.0000,2.0000,13.3690,14.9288,51.8096,-16.5239,13.6711,,,
1786591378628310485,2026-08-13T10:22:58.628324,prediction,0.201775,0.055000,0.150673,True,0.170602,0.105605,0.158200,0.031173,0.050605,0.007526,7.34,20,-0.113883,0.469567,0.449527,-0.144730,0.405578,0.441812,-0.113883,0.469567,0.449527,0.037083,0.134325,0.022566,0.141165,-0.033672,0.086294,-0.011621,0.093357,1.534454,0.130914,-0.966460,-0.008785,-0.432283,-1.832517,0.262671,0.045814,0.260050,0.061949,0.339894,0.334224,-0.230580,-0.018200,0.310586,-0.084832,-0.076864,0.061664,1.0000,2.0000,1.0000,0.0000,2.0000,13.6304,16.3530,51.7612,-17.0344,14.4295,,,
1786591378665908784,2026-08-13T10:22:58.665925,prediction,0.198187,0.055000,0.150673,True,0.168195,0.111484,0.160662,0.029992,0.056484,0.009989,7.47,20,-0.113883,0.469567,0.449527,-0.143337,0.410681,0.442266,-0.113717,0.472591,0.449279,0.037085,0.135803,0.012081,0.141293,-0.033672,0.086294,-0.011621,0.093357,1.534454,0.130914,-0.966460,-0.008785,-0.432283,-1.832517,0.262671,0.045814,0.260050,0.061949,0.339894,0.334224,-0.230580,-0.018200,0.310586,-0.084832,-0.076864,0.061664,1.0000,2.0000,1.0000,0.0000,2.0000,14.0652,16.9797,51.3899,-17.2406,14.8879,,,
1786591378694052012,2026-08-13T10:22:58.694071,prediction,0.198187,0.055000,0.154268,True,0.170456,0.116187,0.165331,0.027730,0.061187,0.011063,7.50,20,-0.113649,0.476005,0.449083,-0.142036,0.415968,0.442965,-0.113649,0.476005,0.449083,0.045769,0.186045,0.024596,0.193164,0.003511,0.096558,-0.006652,0.096850,1.534454,0.130914,-0.966460,-0.008785,-0.432283,-1.832517,0.262671,0.045814,0.260050,0.061949,0.339894,0.334224,-0.230580,-0.018200,0.310586,-0.084832,-0.076864,0.061664,1.0000,2.0000,1.0000,0.0000,2.0000,14.2856,17.1891,51.5011,-17.1960,14.7902,,,
1786591378732230340,2026-08-13T10:22:58.732252,prediction,0.194010,0.063000,0.154191,True,0.164375,0.121550,0.165065,0.029635,0.058550,0.010875,7.97,20,-0.113649,0.476005,0.449083,-0.140544,0.420385,0.443664,-0.113886,0.479789,0.449297,0.040307,0.119352,0.018883,0.127382,0.003511,0.096558,-0.006652,0.096850,1.534454,0.130914,-0.966460,-0.008785,-0.432283,-1.832517,0.262671,0.045814,0.260050,0.061949,0.339894,0.334224,-0.230580,-0.018200,0.310586,-0.084832,-0.076864,0.061664,1.0000,2.0000,1.0000,0.0000,2.0000,14.5905,17.0957,50.6027,-15.9177,14.0118,,,
1786591378763626916,2026-08-13T10:22:58.763645,prediction,0.194010,0.063000,0.157772,True,0.164789,0.125840,0.168799,0.029221,0.062840,0.011027,7.76,20,-0.113335,0.483699,0.449610,-0.139009,0.424629,0.444599,-0.113335,0.483699,0.449610,0.047721,0.131880,0.029063,0.143228,0.004663,0.114402,0.007829,0.114765,1.483766,0.136814,-0.915797,-0.016255,-0.497530,-1.770655,0.257869,0.013087,0.256563,0.013517,0.325934,0.293650,-0.194880,-0.075600,0.296061,-0.081824,-0.081760,0.055168,1.0000,2.0000,1.0000,0.0000,2.0000,14.9160,17.5055,50.4325,-16.2187,14.2199,,,
1786591378802891649,2026-08-13T10:22:58.802913,prediction,0.195704,0.040000,0.165273,True,0.171558,0.123507,0.173263,0.024145,0.083508,0.007990,8.08,20,-0.113335,0.483699,0.449610,-0.137499,0.428838,0.446029,-0.112279,0.487590,0.450482,0.039472,0.110021,0.037385,0.122720,0.004663,0.114402,0.007829,0.114765,1.475501,0.137082,-0.907552,-0.016471,-0.508083,-1.761331,0.259613,0.006540,0.258742,0.003051,0.331604,0.291031,-0.208600,-0.062860,0.300875,-0.084544,-0.075360,0.055936,1.0000,2.0000,1.0000,0.0000,2.0000,15.2941,17.8726,51.5420,-14.4552,13.2940,,,
1786591378832380261,2026-08-13T10:22:58.832401,prediction,0.189355,0.078000,0.164716,True,0.163558,0.130406,0.174156,0.025797,0.052406,0.009440,8.10,20,-0.111402,0.491431,0.451938,-0.135609,0.433466,0.447178,-0.111402,0.491431,0.451938,0.063125,0.154627,0.038383,0.171370,0.029410,0.117581,0.035402,0.126268,1.468301,0.137193,-0.900325,-0.016514,-0.517418,-1.753236,0.256562,0.003051,0.258303,0.000000,0.333793,0.285361,-0.183820,-0.055440,0.295895,-0.081312,-0.080640,0.053888,1.0000,2.0000,1.0000,0.0000,2.0000,16.1040,18.3069,50.8539,-13.8374,11.9455,,,
1786591378866769007,2026-08-13T10:22:58.866800,prediction,0.185242,0.086000,0.168142,True,0.155558,0.137525,0.179174,0.029684,0.051525,0.011032,7.93,20,-0.111402,0.491431,0.451938,-0.133601,0.439405,0.448548,-0.109856,0.495358,0.453441,0.058066,0.171698,0.039609,0.185528,0.029410,0.117581,0.035402,0.126268,1.468301,0.137193,-0.900325,-0.016514,-0.517418,-1.753236,0.256562,0.003051,0.258303,0.000000,0.333793,0.285361,-0.183820,-0.055440,0.295895,-0.081312,-0.080640,0.053888,1.0000,2.0000,1.0000,0.0000,2.0000,16.7778,19.0450,51.0090,-14.5603,12.0569,,,
1786591378900514247,2026-08-13T10:22:58.900540,prediction,0.182736,0.071000,0.171955,True,0.155881,0.140220,0.183333,0.026855,0.069220,0.011378,7.77,20,-0.107589,0.499574,0.455407,-0.131559,0.445179,0.450183,-0.107589,0.499574,0.455407,0.060122,0.170028,0.048141,0.186659,0.057097,0.121950,0.051948,0.144327,1.468301,0.137193,-0.900325,-0.016514,-0.517418,-1.753236,0.256562,0.003051,0.258303,0.000000,0.333793,0.285361,-0.183820,-0.055440,0.295895,-0.081312,-0.080640,0.053888,1.0000,2.0000,1.0000,0.0000,2.0000,17.4485,19.5813,51.4327,-13.7500,12.3496,,,
1786591378934913706,2026-08-13T10:22:58.934935,prediction,0.174632,0.086000,0.171686,True,0.147881,0.145376,0.183738,0.026751,0.059376,0.012052,7.83,20,-0.107589,0.499574,0.455407,-0.129306,0.450921,0.451563,-0.105403,0.504164,0.457787,0.065948,0.168058,0.040389,0.184998,0.057097,0.121950,0.051948,0.144327,1.468301,0.137193,-0.900325,-0.016514,-0.517418,-1.753236,0.256562,0.003051,0.258303,0.000000,0.333793,0.285361,-0.183820,-0.055440,0.295895,-0.081312,-0.080640,0.053888,1.0000,2.0000,1.0000,0.0000,2.0000,17.8074,19.9401,51.6623,-14.4104,12.5036,,,
1786591378968732557,2026-08-13T10:22:58.968754,prediction,0.171095,0.086000,0.175229,True,0.139881,0.149501,0.190355,0.031214,0.063501,0.015126,7.47,20,-0.102850,0.508942,0.459875,-0.126775,0.456229,0.453175,-0.102850,0.508942,0.459875,0.073249,0.153641,0.046652,0.176486,0.070783,0.139926,0.066741,0.170423,1.440611,0.138983,-0.863670,-0.016158,-0.561862,-1.725015,0.137004,0.029231,0.289724,0.013517,0.328554,0.110822,-0.091700,-0.032760,0.317724,-0.006912,-0.076864,0.035744,2.0000,2.0000,1.0000,0.0000,3.0000,18.1239,20.1535,52.2881,-14.1918,11.3039,,,
1786591378997687607,2026-08-13T10:22:58.997704,prediction,0.162691,0.108000,0.174798,True,0.131881,0.157201,0.192897,0.030810,0.049201,0.018099,7.37,20,-0.102850,0.508942,0.459875,-0.124010,0.461024,0.454767,-0.099557,0.513732,0.462257,0.095878,0.166294,0.055199,0.199732,0.070783,0.139926,0.066741,0.170423,1.436476,0.140205,-0.852919,-0.015749,-0.573686,-1.722223,0.096423,0.039267,0.304996,0.010467,0.328985,0.053659,-0.059780,-0.017920,0.310171,-0.007680,-0.071360,0.027904,2.0000,2.0000,1.0000,0.0000,3.0000,18.8230,20.6555,52.4665,-13.0824,11.4378,,,
1786591379029227699,2026-08-13T10:22:59.029246,prediction,0.159191,0.108000,0.178305,True,0.127810,0.163360,0.196574,0.031381,0.055360,0.018269,7.71,20,-0.096264,0.518590,0.464898,-0.121095,0.466463,0.456601,-0.096264,0.518590,0.464898,0.092296,0.172159,0.058053,0.203783,0.099610,0.145918,0.075976,0.192319,1.434084,0.141557,-0.843142,-0.015393,-0.583991,-1.721458,0.058901,0.045814,0.308483,0.007847,0.318076,0.005670,-0.061600,-0.025340,0.319135,-0.005920,-0.066240,0.021824,2.0000,2.0000,1.0000,0.0000,3.0000,19.2348,21.0192,51.9703,-13.6099,11.7488,,,
1786591379062424807,2026-08-13T10:22:59.062445,prediction,0.147127,0.137000,0.177688,True,0.119810,0.171360,0.197252,0.027317,0.034360,0.019564,7.50,20,-0.096264,0.518590,0.464898,-0.117251,0.472031,0.458381,-0.092885,0.523577,0.467663,0.117337,0.169990,0.054346,0.213584,0.099610,0.145918,0.075976,0.192319,1.433333,0.142315,-0.838190,-0.015210,-0.588950,-1.721512,0.039267,0.048865,0.310230,0.010898,0.307168,0.007847,-0.050400,-0.026040,0.318471,-0.006624,-0.067904,-0.024992,2.0000,2.0000,1.0000,0.0000,3.0000,20.1206,21.7890,51.5779,-13.0877,12.1764,,,
1786591379099832975,2026-08-13T10:22:59.099853,prediction,0.142578,0.158000,0.180666,True,0.111810,0.179360,0.202077,0.030768,0.021360,0.021411,7.68,20,-0.088661,0.528512,0.470358,-0.113269,0.478318,0.460376,-0.088661,0.528512,0.470358,0.106945,0.168832,0.053595,0.206915,0.113799,0.148521,0.081715,0.204172,1.433333,0.142315,-0.838190,-0.015210,-0.588950,-1.721512,0.039267,0.048865,0.310230,0.010898,0.307168,0.007847,-0.050400,-0.026040,0.318471,-0.006624,-0.067904,-0.024992,2.0000,2.0000,1.0000,0.0000,3.0000,20.3038,21.9130,51.8458,-12.7626,11.3341,,,
1786591379140809677,2026-08-13T10:22:59.140831,prediction,0.142578,0.158000,0.180666,True,0.110743,0.187360,0.203924,0.031835,0.029360,0.023258,7.33,20,-0.088661,0.528512,0.470358,-0.109323,0.485442,0.462376,-0.084438,0.533794,0.473366,0.096336,0.173903,0.048809,0.204707,0.113799,0.148521,0.081715,0.204172,1.433333,0.142315,-0.838190,-0.015210,-0.588950,-1.721512,0.039267,0.048865,0.310230,0.010898,0.307168,0.007847,-0.050400,-0.026040,0.318471,-0.006624,-0.067904,-0.024992,2.0000,2.0000,1.0000,0.0000,3.0000,20.1365,21.8550,52.4284,-12.7423,12.2745,,,
1786591379174994535,2026-08-13T10:22:59.175018,prediction,0.138452,0.172000,0.183747,True,0.102743,0.195360,0.206636,0.035709,0.023360,0.022889,7.79,20,-0.080447,0.539176,0.476414,-0.105340,0.492360,0.464581,-0.080447,0.539176,0.476414,0.117093,0.203415,0.064830,0.243498,0.122164,0.158600,0.090073,0.219525,1.433333,0.142315,-0.838190,-0.015210,-0.588950,-1.721512,0.039267,0.048865,0.310230,0.010898,0.307168,0.007847,-0.050400,-0.026040,0.318471,-0.006624,-0.067904,-0.024992,2.0000,2.0000,1.0000,0.0000,3.0000,19.8857,21.5247,53.6476,-11.2803,11.7386,,,
1786591379201307642,2026-08-13T10:22:59.201327,prediction,0.134372,0.186000,0.183402,True,0.094743,0.203360,0.208191,0.039630,0.017360,0.024788,4.67,20,-0.080447,0.539176,0.476414,-0.101086,0.499984,0.466523,-0.076083,0.544613,0.479479,0.143992,0.258031,0.065739,0.302713,0.122164,0.158600,0.090073,0.219525,1.433333,0.142315,-0.838190,-0.015210,-0.588950,-1.721512,0.039267,0.048865,0.310230,0.010898,0.307168,0.007847,-0.050400,-0.026040,0.318471,-0.006624,-0.067904,-0.024992,2.0000,2.0000,1.0000,0.0000,3.0000,19.6833,21.2351,54.4274,-10.9345,11.8115,,,
1786591379233815379,2026-08-13T10:22:59.233831,prediction,0.134715,0.179000,0.183574,True,0.095524,0.211360,0.208296,0.039191,0.032360,0.024721,8.07,20,-0.071036,0.550174,0.482336,-0.097133,0.508122,0.468482,-0.071036,0.550174,0.482336,0.134824,0.277563,0.066813,0.315725,0.140664,0.164374,0.088517,0.233752,1.435652,0.151541,-0.781661,-0.013560,-0.627033,-1.733154,0.036209,0.044069,0.297575,0.005228,0.102533,0.056279,0.115920,-0.081480,0.318969,-0.004192,-0.045984,-0.033184,2.0000,2.0000,1.0000,0.0000,3.0000,19.2141,20.5309,56.4775,-8.8343,10.9785,,,
1786591379272779084,2026-08-13T10:22:59.272807,prediction,0.130055,0.206000,0.186256,True,0.088382,0.219360,0.209687,0.041673,0.013360,0.023431,8.25,20,-0.071036,0.550174,0.482336,-0.092869,0.516309,0.470381,-0.066446,0.555935,0.485218,0.110742,0.212662,0.049322,0.244789,0.140664,0.164374,0.088517,0.233752,1.437560,0.153547,-0.766649,-0.013280,-0.630461,-1.735816,0.039267,0.035778,0.280556,0.005670,0.040573,0.048432,0.105280,-0.059080,0.322621,-0.005856,-0.043872,-0.037184,1.0000,2.0000,1.0000,0.0000,2.0000,18.8207,19.9478,57.4966,-7.5839,10.9218,,,
1786591379304675937,2026-08-13T10:22:59.304699,prediction,0.125804,0.226000,0.185732,True,0.081549,0.227360,0.207300,0.044255,0.001360,0.021568,7.68,20,-0.061352,0.561877,0.487944,-0.088209,0.525574,0.471745,-0.061352,0.561877,0.487944,0.140922,0.280160,0.041246,0.316307,0.145212,0.175498,0.084092,0.242812,1.438514,0.154389,-0.760017,-0.013183,-0.631140,-1.736926,0.040574,0.035778,0.273144,0.005228,0.021375,0.045812,0.115920,-0.068180,0.310503,-0.003680,-0.043360,-0.037024,1.0000,2.0000,1.0000,0.0000,2.0000,18.6601,19.7639,57.1787,-7.8875,11.5667,,,
1786591379334075103,2026-08-13T10:22:59.334107,prediction,0.126123,0.219000,0.185915,True,0.083032,0.235360,0.205589,0.043091,0.016360,0.019674,7.53,20,-0.061352,0.561877,0.487944,-0.083994,0.535747,0.473158,-0.055351,0.568178,0.490213,0.144468,0.348633,0.048436,0.380476,0.145212,0.175498,0.084092,0.242812,1.438514,0.154389,-0.760017,-0.013183,-0.631140,-1.736926,0.040574,0.035778,0.273144,0.005228,0.021375,0.045812,0.115920,-0.068180,0.310503,-0.003680,-0.043360,-0.037024,1.0000,2.0000,1.0000,0.0000,2.0000,18.5583,19.7136,56.9803,-7.9206,12.2555,,,
1786591379363160071,2026-08-13T10:22:59.363183,prediction,0.121619,0.246000,0.188486,True,0.075032,0.243360,0.205317,0.046587,0.002640,0.016830,5.31,20,-0.049983,0.574853,0.492309,-0.079752,0.545674,0.474515,-0.049983,0.574853,0.492309,0.136313,0.319058,0.043588,0.349685,0.172701,0.197098,0.066302,0.270313,1.438514,0.154389,-0.760017,-0.013183,-0.631140,-1.736926,0.040574,0.035778,0.273144,0.005228,0.021375,0.045812,0.115920,-0.068180,0.310503,-0.003680,-0.043360,-0.037024,1.0000,2.0000,1.0000,0.0000,2.0000,18.1452,19.0698,56.0113,-9.1991,12.7967,,,
1786591379394299944,2026-08-13T10:22:59.394321,prediction,0.121619,0.246000,0.188486,True,0.071973,0.251360,0.202671,0.049646,0.005360,0.014185,4.20,20,-0.049983,0.574853,0.492309,-0.075678,0.556620,0.475617,-0.044615,0.581785,0.494052,0.127066,0.341348,0.034369,0.365849,0.172701,0.197098,0.066302,0.270313,1.438514,0.154389,-0.760017,-0.013183,-0.631140,-1.736926,0.040574,0.035778,0.273144,0.005228,0.021375,0.045812,0.115920,-0.068180,0.310503,-0.003680,-0.043360,-0.037024,1.0000,2.0000,1.0000,0.0000,2.0000,18.2375,18.7527,55.9294,-7.5598,14.5623,,,
1786591379425963926,2026-08-13T10:22:59.425973,prediction,0.118092,0.252000,0.191588,True,0.066725,0.259360,0.204541,0.051367,0.007360,0.012953,4.10,20,-0.039021,0.588816,0.495341,-0.071909,0.567342,0.476943,-0.039021,0.588816,0.495341,0.116566,0.331592,0.041033,0.353870,0.164516,0.209556,0.045503,0.270277,1.439017,0.154814,-0.756790,-0.013129,-0.631334,-1.737476,0.042756,0.035778,0.266162,0.005228,0.016137,0.045812,0.106540,-0.073780,0.312578,-0.002784,-0.042080,-0.037184,1.0000,2.0000,1.0000,0.0000,2.0000,18.5079,18.1864,56.2153,-7.8246,14.4476,,,
1786591379465136655,2026-08-13T10:22:59.465155,prediction,0.114300,0.265000,0.191205,True,0.063726,0.267360,0.202158,0.050574,0.002360,0.010953,4.44,20,-0.039021,0.588816,0.495341,-0.068122,0.578340,0.478008,-0.033610,0.596150,0.496728,0.097948,0.284503,0.027551,0.302151,0.164516,0.209556,0.045503,0.270277,1.446910,0.161622,-0.726284,-0.012267,-0.632013,-1.746121,0.071994,0.070243,0.180205,0.005228,0.002609,0.075477,0.139720,-0.033460,0.276307,-0.007136,-0.047648,-0.040960,1.0000,2.0000,1.0000,0.0000,2.0000,18.4687,18.3811,56.8943,-7.1270,14.8464,,,
1786591379494712289,2026-08-13T10:22:59.494722,prediction,0.107144,0.283000,0.190673,True,0.057868,0.275360,0.200411,0.049276,0.007640,0.009738,4.41,20,-0.028533,0.603696,0.497515,-0.064419,0.590087,0.479067,-0.028533,0.603696,0.497515,0.125659,0.398587,0.035913,0.419465,0.156818,0.222495,0.032504,0.274140,1.450007,0.164719,-0.719548,-0.011922,-0.632153,-1.749344,0.081592,0.083336,0.161877,0.008289,0.002609,0.086386,0.125860,-0.011060,0.270995,-0.005184,-0.047936,-0.039136,1.0000,2.0000,1.0000,0.0000,2.0000,18.8247,18.1569,57.5085,-6.7428,14.7943,,,
1786591379527056547,2026-08-13T10:22:59.527076,prediction,0.106659,0.296000,0.193486,True,0.060095,0.283360,0.203079,0.046563,0.012640,0.009593,4.30,20,-0.028533,0.603696,0.497515,-0.060917,0.601769,0.480079,-0.023599,0.611491,0.498016,0.107117,0.357325,0.030955,0.374318,0.156818,0.222495,0.032504,0.274140,1.450007,0.164719,-0.719548,-0.011922,-0.632153,-1.749344,0.081592,0.083336,0.161877,0.008289,0.002609,0.086386,0.125860,-0.011060,0.270995,-0.005184,-0.047936,-0.039136,1.0000,2.0000,1.0000,0.0000,2.0000,18.7777,18.2114,57.8797,-6.7562,14.6847,,,
1786591379559989912,2026-08-13T10:22:59.560007,prediction,0.103254,0.302000,0.193299,True,0.059732,0.291360,0.200721,0.043522,0.010640,0.007422,4.54,20,-0.019085,0.619352,0.498449,-0.057992,0.614132,0.481120,-0.019085,0.619352,0.498449,0.087052,0.367957,0.030974,0.379381,0.141947,0.235202,0.014040,0.275074,1.450007,0.164719,-0.719548,-0.011922,-0.632153,-1.749344,0.081592,0.083336,0.161877,0.008289,0.002609,0.086386,0.125860,-0.011060,0.270995,-0.005184,-0.047936,-0.039136,1.0000,2.0000,1.0000,0.0000,2.0000,18.7334,17.9802,58.6559,-6.4303,14.0894,,,
1786591379597531589,2026-08-13T10:22:59.597548,prediction,0.099460,0.320000,0.195894,True,0.052810,0.299360,0.202403,0.046650,0.020640,0.006508,3.95,20,-0.019085,0.619352,0.498449,-0.055118,0.625405,0.482135,-0.015080,0.627324,0.498681,0.076032,0.298163,0.026853,0.308874,0.141947,0.235202,0.014040,0.275074,1.450007,0.164719,-0.719548,-0.011922,-0.632153,-1.749344,0.081592,0.083336,0.161877,0.008289,0.002609,0.086386,0.125860,-0.011060,0.270995,-0.005184,-0.047936,-0.039136,1.0000,2.0000,1.0000,0.0000,2.0000,18.6244,18.1946,58.9838,-6.7945,14.1733,,,
1786591379630919057,2026-08-13T10:22:59.630942,prediction,0.096309,0.320000,0.199051,True,0.052381,0.307360,0.204863,0.043928,0.012640,0.005811,4.54,20,-0.011146,0.635318,0.498702,-0.052033,0.636299,0.483360,-0.011146,0.635318,0.498702,0.096541,0.340973,0.038361,0.356447,0.117609,0.236543,0.003747,0.264194,1.461290,0.180014,-0.698700,-0.010521,-0.634277,-1.761191,0.060207,0.123917,0.152279,0.008289,0.032284,0.069807,0.090720,-0.041720,0.297638,-0.009312,-0.045024,-0.037408,1.0000,2.0000,1.0000,0.0000,2.0000,18.7053,17.9838,58.8432,-4.8313,12.9546,,,
1786591379661494434,2026-08-13T10:22:59.661516,prediction,0.092789,0.332000,0.201775,True,0.048629,0.315360,0.206968,0.044159,0.016640,0.005193,4.78,20,-0.011146,0.635318,0.498702,-0.048989,0.647118,0.484562,-0.007255,0.643317,0.498765,0.099244,0.352702,0.039182,0.368488,0.117609,0.236543,0.003747,0.264194,1.461290,0.180014,-0.698700,-0.010521,-0.634277,-1.761191,0.060207,0.123917,0.152279,0.008289,0.032284,0.069807,0.090720,-0.041720,0.297638,-0.009312,-0.045024,-0.037408,1.0000,2.0000,1.0000,0.0000,2.0000,18.8032,17.5785,57.9627,-3.0135,11.4458,,,
1786591379697016694,2026-08-13T10:22:59.697038,prediction,0.092635,0.337000,0.201594,True,0.049713,0.323360,0.205790,0.042922,0.013640,0.004196,4.40,20,-0.003648,0.651317,0.498787,-0.046206,0.657815,0.485775,-0.003648,0.651317,0.498787,0.078200,0.300631,0.034084,0.312500,0.113503,0.242174,0.001283,0.267456,1.461290,0.180014,-0.698700,-0.010521,-0.634277,-1.761191,0.060207,0.123917,0.152279,0.008289,0.032284,0.069807,0.090720,-0.041720,0.297638,-0.009312,-0.045024,-0.037408,1.0000,1.0000,1.0000,0.0000,1.0000,18.3634,17.3667,60.6878,-2.9771,12.9485,,,
1786591379727135646,2026-08-13T10:22:59.727191,prediction,0.092635,0.337000,0.204723,True,0.049083,0.331360,0.210120,0.043552,0.005640,0.005397,4.14,20,-0.003648,0.651317,0.498787,-0.043401,0.668382,0.487185,-0.000646,0.659317,0.498627,0.094721,0.356758,0.047605,0.372175,0.113503,0.242174,0.001283,0.267456,1.461290,0.180014,-0.698700,-0.010521,-0.634277,-1.761191,0.060207,0.123917,0.152279,0.008289,0.032284,0.069807,0.090720,-0.041720,0.297638,-0.009312,-0.045024,-0.037408,1.0000,1.0000,1.0000,0.0000,1.0000,18.4789,17.2982,60.8779,-2.8055,13.2710,,,
1786591379764657893,2026-08-13T10:22:59.764681,prediction,0.092450,0.343000,0.204496,True,0.048388,0.339360,0.209644,0.044062,0.003640,0.005148,5.24,20,0.002450,0.667317,0.498749,-0.040894,0.678548,0.488401,0.002450,0.667317,0.498749,0.067985,0.275694,0.032975,0.285861,0.090825,0.238305,-0.000573,0.255027,1.461290,0.180014,-0.698700,-0.010521,-0.634277,-1.761191,0.060207,0.123917,0.152279,0.008289,0.032284,0.069807,0.090720,-0.041720,0.297638,-0.009312,-0.045024,-0.037408,1.0000,1.0000,1.0000,0.0000,1.0000,18.2418,17.3244,60.6764,-3.3190,12.7902,,,
1786591379804830583,2026-08-13T10:22:59.804848,prediction,0.089337,0.343000,0.204496,True,0.048789,0.347360,0.210090,0.040548,0.004360,0.005594,4.30,20,0.002450,0.667317,0.498749,-0.038463,0.687888,0.489652,0.005116,0.675317,0.498746,0.058551,0.224941,0.030128,0.234381,0.090825,0.238305,-0.000573,0.255027,1.461290,0.180014,-0.698700,-0.010521,-0.634277,-1.761191,0.060207,0.123917,0.152279,0.008289,0.032284,0.069807,0.090720,-0.041720,0.297638,-0.009312,-0.045024,-0.037408,1.0000,1.0000,1.0000,0.0000,1.0000,18.3026,17.5086,60.2115,-3.8837,13.3005,,,
1786591379839148798,2026-08-13T10:22:59.839168,prediction,0.089337,0.343000,0.204496,True,0.050991,0.355360,0.210036,0.038346,0.012360,0.005540,4.39,20,0.007300,0.683317,0.498932,-0.036010,0.696369,0.490891,0.007300,0.683317,0.498932,0.071883,0.248595,0.036308,0.261314,0.073122,0.241213,0.002761,0.252067,1.463917,0.202294,-0.660825,-0.009982,-0.650079,-1.764080,0.045814,0.086388,0.223395,0.000000,0.150964,0.045812,-0.145320,-0.095060,0.334407,-0.057952,-0.054496,0.035840,1.0000,1.0000,1.0000,0.0000,1.0000,18.3656,17.6917,60.2734,-3.9871,13.1954,,,
1786591379869660870,2026-08-13T10:22:59.869684,prediction,0.085729,0.361000,0.203816,True,0.046954,0.363360,0.209594,0.038775,0.002360,0.005778,4.38,20,0.007300,0.683317,0.498932,-0.033618,0.704306,0.491913,0.009437,0.691317,0.499228,0.078590,0.260678,0.033568,0.274329,0.073122,0.241213,0.002761,0.252067,1.461623,0.205541,-0.651494,-0.010089,-0.656213,-1.761633,0.065447,0.075045,0.239976,0.005228,0.159254,0.072426,-0.159880,-0.110880,0.324281,-0.088000,-0.063392,0.040576,1.0000,1.0000,1.0000,0.0000,1.0000,18.4632,17.9612,60.1035,-4.1835,12.9548,,,
1786591379899989570,2026-08-13T10:22:59.900010,prediction,0.085729,0.361000,0.203816,True,0.048973,0.371360,0.209853,0.036757,0.010360,0.006037,4.34,20,0.011308,0.699317,0.499513,-0.031225,0.712026,0.492935,0.011308,0.699317,0.499513,0.078300,0.252661,0.033445,0.266622,0.059904,0.239139,0.008692,0.246681,1.459886,0.207266,-0.645635,-0.010273,-0.660255,-1.759692,0.076790,0.068498,0.247396,0.010467,0.175401,0.086386,-0.156800,-0.104440,0.325692,-0.084096,-0.059328,0.043968,1.0000,2.0000,1.0000,0.0000,2.0000,18.5578,18.1234,59.6769,-4.0530,13.1362,,,
1786591379935318556,2026-08-13T10:22:59.935339,prediction,0.085427,0.372000,0.203400,True,0.047532,0.379360,0.208110,0.037895,0.007360,0.004710,4.35,20,0.011308,0.699317,0.499513,-0.029047,0.719704,0.493722,0.012842,0.707317,0.499992,0.061944,0.218387,0.022399,0.228105,0.059904,0.239139,0.008692,0.246681,1.455541,0.210350,-0.633561,-0.010715,-0.669180,-1.754939,0.104283,0.061958,0.256563,0.010898,0.191549,0.107772,-0.170100,-0.113960,0.337727,-0.088224,-0.064736,0.042304,1.0000,2.0000,1.0000,0.0000,2.0000,18.5936,18.2581,58.9101,-4.0838,12.3890,,,
1786591379965941066,2026-08-13T10:22:59.965960,prediction,0.082362,0.372000,0.200329,True,0.045128,0.387360,0.204438,0.037234,0.015360,0.004109,4.26,20,0.014121,0.715317,0.500230,-0.026918,0.727639,0.494330,0.014121,0.715317,0.500230,0.069212,0.257950,0.019773,0.267805,0.041850,0.238051,0.010663,0.241937,1.452385,0.212023,-0.626386,-0.010963,-0.674721,-1.751726,0.117370,0.058463,0.256563,0.008289,0.202015,0.121300,-0.165760,-0.112840,0.335320,-0.088544,-0.070912,0.047424,1.0000,2.0000,1.0000,0.0000,2.0000,18.5346,18.4340,58.5385,-4.5167,11.3723,,,
1786591380002335980,2026-08-13T10:23:00.002358,prediction,0.082362,0.372000,0.200329,True,0.046746,0.395360,0.205752,0.035616,0.023360,0.005423,4.28,20,0.014121,0.715317,0.500230,-0.025266,0.734933,0.494974,0.015361,0.723317,0.500382,0.045526,0.200984,0.017739,0.206838,0.041850,0.238051,0.010663,0.241937,1.447883,0.214041,-0.617107,-0.011308,-0.682342,-1.747145,0.127406,0.055412,0.256563,0.010467,0.210305,0.132208,-0.188720,-0.112140,0.331834,-0.089440,-0.068640,0.041984,1.0000,2.0000,1.0000,0.0000,2.0000,18.6913,19.5103,56.6858,-5.8886,12.1042,,,
1786591380035756513,2026-08-13T10:23:00.035779,prediction,0.079031,0.383000,0.196878,True,0.042611,0.403360,0.200831,0.036420,0.020360,0.003953,4.44,20,0.016103,0.731317,0.500738,-0.023424,0.741138,0.495200,0.016103,0.731317,0.500738,0.055847,0.188155,0.006858,0.196388,0.030020,0.242423,0.007699,0.244396,1.443643,0.215760,-0.608854,-0.011599,-0.688928,-1.742931,0.133952,0.052354,0.258303,0.008289,0.199396,0.132208,-0.168560,-0.108780,0.327352,-0.088000,-0.061792,0.045984,1.0000,2.0000,1.0000,0.0000,2.0000,18.8120,19.7628,56.9057,-5.9397,11.7655,,,
1786591380074051572,2026-08-13T10:23:00.074075,prediction,0.078886,0.389000,0.196671,True,0.045993,0.411360,0.200519,0.032893,0.022360,0.003848,4.50,20,0.016103,0.731317,0.500738,-0.021800,0.747019,0.495425,0.017268,0.739317,0.500588,0.042089,0.152369,0.005826,0.158182,0.030020,0.242423,0.007699,0.244396,1.438357,0.217818,-0.598638,-0.011922,-0.696474,-1.737595,0.132208,0.050609,0.252630,0.005228,0.183259,0.137436,-0.174160,-0.107800,0.331170,-0.088320,-0.062464,0.044864,2.0000,2.0000,1.0000,0.0000,3.0000,19.5016,20.6238,55.7497,-5.7048,12.5420,,,
1786591380105418723,2026-08-13T10:23:00.105438,prediction,0.079031,0.383000,0.193825,True,0.047498,0.419360,0.196866,0.031533,0.036360,0.003041,4.44,20,0.016103,0.731317,0.500738,-0.020438,0.752516,0.495287,0.018184,0.747317,0.500575,0.042964,0.173386,-0.004351,0.178683,0.030020,0.242423,0.007699,0.244396,1.433549,0.219549,-0.589649,-0.012224,-0.703232,-1.732647,0.133952,0.047558,0.245649,0.007847,0.194157,0.137436,-0.166460,-0.116480,0.319633,-0.087104,-0.063456,0.045824,2.0000,2.0000,1.0000,0.0000,3.0000,19.8780,21.2501,54.7693,-6.3922,13.3566,,,
1786591380150037219,2026-08-13T10:23:00.150057,prediction,0.075488,0.405000,0.190086,True,0.040817,0.427360,0.191958,0.034671,0.022360,0.001872,4.12,20,0.016103,0.731317,0.500738,-0.019050,0.757295,0.494690,0.018538,0.755317,0.500206,0.030819,0.106113,-0.013270,0.111292,0.030020,0.242423,0.007699,0.244396,1.428596,0.221222,-0.581002,-0.012547,-0.710153,-1.727613,0.138748,0.045376,0.236050,0.007847,0.191107,0.140056,-0.171360,-0.120540,0.328763,-0.089344,-0.063296,0.043264,2.0000,2.0000,1.0000,0.0000,3.0000,21.4705,23.2072,54.3464,-6.8890,14.4675,,,
1786591380184968296,2026-08-13T10:23:00.184988,prediction,0.072373,0.410000,0.189930,True,0.040577,0.435360,0.192321,0.031796,0.025360,0.002390,4.47,20,0.019309,0.763317,0.499345,-0.017689,0.762784,0.493900,0.019309,0.763317,0.499345,0.039708,0.160147,-0.023038,0.166597,0.024091,0.240406,-0.010463,0.241836,1.424094,0.222659,-0.573597,-0.012849,-0.716362,-1.723150,0.139186,0.044069,0.230377,0.010467,0.193726,0.140056,-0.159600,-0.124600,0.314985,-0.089056,-0.056608,0.045472,2.0000,2.0000,1.0000,0.0000,3.0000,21.9439,23.9596,55.1529,-6.8966,13.1166,,,
1786591380229042980,2026-08-13T10:23:00.229061,prediction,0.069159,0.421000,0.189587,True,0.038998,0.443360,0.190596,0.030161,0.022360,0.001009,8.59,20,0.019846,0.771317,0.498369,-0.016123,0.768042,0.493100,0.019846,0.771317,0.498369,0.039058,0.131217,-0.019977,0.138356,0.007962,0.118650,-0.014482,0.119796,1.417005,0.224966,-0.561931,-0.013345,-0.726171,-1.715928,0.132208,0.044069,0.221217,0.010898,0.178021,0.134817,-0.148680,-0.126980,0.321542,-0.087488,-0.063520,0.042464,2.0000,2.0000,1.0000,0.0000,3.0000,22.8877,24.9879,54.9963,-7.5258,12.7895,,,
1786591380260512753,2026-08-13T10:23:00.260538,prediction,0.069255,0.416000,0.189743,True,0.042172,0.447171,0.189688,0.027083,0.031171,0.000055,7.35,20,0.019846,0.771317,0.498369,-0.014565,0.773307,0.492101,0.020560,0.779317,0.497356,0.047841,0.161600,-0.030653,0.171298,0.007962,0.118650,-0.014482,0.119796,1.414353,0.225867,-0.557522,-0.013506,-0.729674,-1.713266,0.132208,0.045814,0.219470,0.010898,0.175401,0.134386,-0.129220,-0.125160,0.319135,-0.089344,-0.055936,0.042816,2.0000,2.0000,1.0000,0.0000,3.0000,23.5552,25.5676,54.4825,-7.4807,13.2497,,,
1786591380294963183,2026-08-13T10:23:00.294976,prediction,0.066069,0.427000,0.189400,True,0.034172,0.455171,0.187485,0.031897,0.028171,0.001915,7.58,20,0.021021,0.787317,0.495994,-0.012806,0.778840,0.491094,0.021021,0.787317,0.495994,0.051108,0.160785,-0.029246,0.171229,0.017804,0.242431,-0.035986,0.245733,1.408126,0.228076,-0.547165,-0.013916,-0.738071,-1.706831,0.129150,0.047120,0.211618,0.008289,0.178021,0.134817,-0.166460,-0.134120,0.323783,-0.090176,-0.061952,0.044928,2.0000,2.0000,2.0000,0.0000,3.0000,24.0329,26.0965,52.3947,-7.6644,16.1923,,,
1786591380326999398,2026-08-13T10:23:00.327016,prediction,0.063015,0.432000,0.189244,True,0.030881,0.463171,0.187840,0.032133,0.031171,0.001404,7.40,20,0.021021,0.787317,0.495994,-0.011051,0.784426,0.490078,0.021969,0.795093,0.494517,0.054915,0.174825,-0.031820,0.185989,0.017804,0.242431,-0.035986,0.245733,1.405029,0.229213,-0.542087,-0.014121,-0.742351,-1.703586,0.129150,0.049303,0.212057,0.010898,0.178021,0.134817,-0.153020,-0.130480,0.322621,-0.094016,-0.059616,0.043872,3.0000,2.0000,2.0000,0.0000,4.0000,25.0912,26.9030,51.5956,-6.1479,15.8028,,,
1786591380359811410,2026-08-13T10:23:00.359827,prediction,0.063094,0.427000,0.192380,True,0.035651,0.465464,0.191021,0.027443,0.038464,0.001359,7.35,20,0.023163,0.802825,0.493033,-0.009302,0.790024,0.489270,0.023163,0.802825,0.493033,0.052773,0.168840,-0.024365,0.178566,0.032205,0.233213,-0.044520,0.239598,1.399972,0.231218,-0.533610,-0.014477,-0.749152,-1.698283,0.123917,0.050609,0.215544,0.008289,0.164492,0.131766,-0.156240,-0.112840,0.326190,-0.092832,-0.061728,0.041696,3.0000,2.0000,2.0000,0.0000,4.0000,25.9045,27.4143,51.4737,-5.3606,15.3004,,,
1786591380394436338,2026-08-13T10:23:00.394459,prediction,0.063015,0.432000,0.192216,True,0.032390,0.471489,0.188976,0.030624,0.039489,0.003240,7.58,20,0.023163,0.802825,0.493033,-0.007787,0.795890,0.488497,0.024185,0.810548,0.491766,0.044968,0.174196,-0.022964,0.181366,0.032205,0.233213,-0.044520,0.239598,1.398992,0.231650,-0.531893,-0.014541,-0.750457,-1.697259,0.122603,0.054105,0.215544,0.007847,0.161442,0.129147,-0.140980,-0.117460,0.329095,-0.093120,-0.058624,0.045696,3.0000,2.0000,2.0000,0.0000,4.0000,26.2987,28.2273,50.4331,-5.7326,16.4363,,,
1786591380433196636,2026-08-13T10:23:00.433219,prediction,0.059977,0.437000,0.192052,True,0.028143,0.479489,0.189735,0.031834,0.042489,0.002316,7.80,20,0.025156,0.817965,0.490391,-0.006071,0.800850,0.487712,0.025156,0.817965,0.490391,0.044370,0.128183,-0.020269,0.137151,0.029996,0.227798,-0.039755,0.233179,1.398992,0.231650,-0.531893,-0.014541,-0.750457,-1.697259,0.122603,0.054105,0.215544,0.007847,0.161442,0.129147,-0.140980,-0.117460,0.329095,-0.093120,-0.058624,0.045696,3.0000,2.0000,2.0000,0.0000,4.0000,28.3881,29.9976,48.2242,-5.7747,17.0204,,,
1786591380468258189,2026-08-13T10:23:00.468280,prediction,0.056956,0.442000,0.194843,True,0.026803,0.484328,0.194685,0.030153,0.042327,0.000158,7.85,20,0.025156,0.817965,0.490391,-0.004172,0.805895,0.487142,0.026545,0.825215,0.489050,0.054071,0.143724,-0.016250,0.154416,0.029996,0.227798,-0.039755,0.233179,1.398992,0.231650,-0.531893,-0.014541,-0.750457,-1.697259,0.122603,0.054105,0.215544,0.007847,0.161442,0.129147,-0.140980,-0.117460,0.329095,-0.093120,-0.058624,0.045696,3.0000,2.0000,2.0000,0.0000,4.0000,28.3506,29.9246,47.9607,-6.1106,16.5021,,,
1786591380500691386,2026-08-13T10:23:00.500715,prediction,0.054006,0.442000,0.194843,True,0.028870,0.480363,0.196385,0.025136,0.038363,0.001542,7.59,20,0.027927,0.832432,0.488155,-0.002282,0.810638,0.486776,0.027927,0.832432,0.488155,0.057923,0.145308,-0.011205,0.156828,0.041433,0.216346,-0.033440,0.222802,1.398992,0.231650,-0.531893,-0.014541,-0.750457,-1.697259,0.122603,0.054105,0.215544,0.007847,0.161442,0.129147,-0.140980,-0.117460,0.329095,-0.093120,-0.058624,0.045696,3.0000,2.0000,2.0000,0.0000,4.0000,28.5715,30.4247,47.2358,-6.5457,16.0196,,,
1786591380530228607,2026-08-13T10:23:00.530251,prediction,0.045090,0.453000,0.194464,True,0.020870,0.488244,0.195925,0.024220,0.035244,0.001461,7.60,20,0.027927,0.832432,0.488155,0.000203,0.815319,0.486385,0.029011,0.839262,0.487618,0.083054,0.156489,-0.013069,0.177644,0.041433,0.216346,-0.033440,0.222802,1.398992,0.231650,-0.531893,-0.014541,-0.750457,-1.697259,0.122603,0.054105,0.215544,0.007847,0.161442,0.129147,-0.140980,-0.117460,0.329095,-0.093120,-0.058624,0.045696,3.0000,2.0000,2.0000,0.0000,4.0000,29.2662,31.0694,46.1356,-7.1102,15.4370,,,
1786591380563376872,2026-08-13T10:23:00.563396,prediction,0.042136,0.458000,0.194291,True,0.017705,0.494199,0.197729,0.024431,0.036199,0.003438,7.07,20,0.030736,0.845800,0.486963,0.002662,0.820576,0.486213,0.030736,0.845800,0.486963,0.071077,0.151895,-0.004984,0.167776,0.042287,0.201242,-0.017945,0.206419,1.376033,0.245436,-0.490970,-0.016018,-0.777189,-1.673210,0.132639,0.094679,0.224704,0.010898,0.140056,0.134817,-0.160580,-0.103180,0.342209,-0.100352,-0.052704,0.044544,3.0000,2.0000,2.0000,0.0000,4.0000,29.6664,31.5875,43.9175,-9.7085,16.6480,,,
1786591380594089936,2026-08-13T10:23:00.594109,prediction,0.039240,0.448000,0.194636,True,0.017771,0.487920,0.199798,0.021469,0.039920,0.005161,4.96,20,0.030736,0.845800,0.486963,0.005305,0.825360,0.486077,0.032396,0.852061,0.486756,0.080238,0.145251,-0.004119,0.165991,0.042287,0.201242,-0.017945,0.206419,1.370721,0.249362,-0.481870,-0.016374,-0.782579,-1.667853,0.132208,0.101663,0.230816,0.008289,0.134817,0.134386,-0.160860,-0.106820,0.335320,-0.099232,-0.056160,0.039072,3.0000,2.0000,2.0000,0.0000,4.0000,30.1221,31.9335,42.5113,-10.2784,17.6734,,,
1786591380626186874,2026-08-13T10:23:00.626199,prediction,0.036289,0.458000,0.194291,True,0.010744,0.494086,0.198871,0.025545,0.036086,0.004579,4.03,20,0.034278,0.857840,0.486708,0.008155,0.830317,0.486108,0.034278,0.857840,0.486708,0.086789,0.150978,0.000946,0.174148,0.053069,0.180412,-0.003820,0.188094,1.367579,0.251838,-0.476330,-0.016557,-0.785737,-1.664662,0.130895,0.104283,0.232124,0.008289,0.132208,0.134386,-0.166740,-0.112420,0.334241,-0.101184,-0.054784,0.039968,3.0000,2.0000,2.0000,0.0000,4.0000,30.3462,32.0774,42.6167,-10.5376,17.8338,,,
1786591380658622457,2026-08-13T10:23:00.658637,prediction,0.036284,0.463000,0.194119,True,0.009845,0.499128,0.199414,0.026439,0.036128,0.005295,4.18,20,0.034278,0.857840,0.486708,0.010769,0.834989,0.486377,0.036728,0.863408,0.486842,0.082241,0.146991,0.008460,0.168646,0.053069,0.180412,-0.003820,0.188094,1.361868,0.256647,-0.466018,-0.016934,-0.791515,-1.658873,0.127406,0.113006,0.236050,0.007847,0.134817,0.132208,-0.145320,-0.123060,0.344616,-0.098848,-0.053664,0.040576,3.0000,2.0000,2.0000,0.0000,4.0000,30.7475,32.4739,42.6071,-9.8612,17.7723,,,
1786591380697649101,2026-08-13T10:23:00.697670,prediction,0.030464,0.468000,0.193947,True,0.003065,0.503548,0.199545,0.027399,0.035547,0.005599,5.19,20,0.034278,0.857840,0.486708,0.013562,0.839016,0.486645,0.038793,0.868507,0.487339,0.074116,0.106843,0.007103,0.130227,0.053069,0.180412,-0.003820,0.188094,1.357883,0.260365,-0.458397,-0.017193,-0.795654,-1.654777,0.122603,0.117808,0.239544,0.007847,0.129589,0.123908,-0.138180,-0.110040,0.344782,-0.101184,-0.051712,0.044704,3.0000,2.0000,2.0000,0.0000,4.0000,31.0462,32.6531,42.6144,-9.4033,18.1061,,,
1786591380735292439,2026-08-13T10:23:00.735310,prediction,0.030453,0.463000,0.194119,True,0.006375,0.496450,0.200644,0.024078,0.033450,0.006525,4.83,20,0.034278,0.857840,0.486708,0.016143,0.842648,0.486947,0.041294,0.873355,0.487821,0.067192,0.094580,0.007867,0.116284,0.053069,0.180412,-0.003820,0.188094,1.353766,0.264710,-0.449661,-0.017441,-0.800031,-1.650412,0.109079,0.122603,0.243470,0.005228,0.121300,0.118238,-0.128940,-0.108780,0.365698,-0.101792,-0.050272,0.038976,3.0000,2.0000,2.0000,0.0000,4.0000,31.3668,32.8219,42.6501,-8.6850,18.2260,,,
1786591380770173103,2026-08-13T10:23:00.770191,prediction,0.024705,0.478000,0.193602,True,-0.001625,0.503814,0.200166,0.026330,0.025814,0.006565,4.09,20,0.043468,0.877725,0.488490,0.019113,0.846148,0.487204,0.043468,0.877725,0.488490,0.082414,0.097115,0.007138,0.127571,0.068951,0.149181,0.013371,0.164888,1.350101,0.269303,-0.440731,-0.017678,-0.804127,-1.646456,0.096423,0.132639,0.250890,0.005228,0.110391,0.105152,-0.120820,-0.103460,0.353912,-0.099680,-0.049664,0.040416,3.0000,2.0000,2.0000,0.0000,4.0000,31.8321,33.1532,43.5705,-8.4128,18.2576,,,
1786591380798934359,2026-08-13T10:23:00.798953,prediction,0.021779,0.473000,0.193774,True,-0.008063,0.505509,0.200133,0.029842,0.032509,0.006359,4.24,20,0.043468,0.877725,0.488490,0.022065,0.849621,0.487496,0.046388,0.881809,0.489189,0.103662,0.121940,0.010238,0.160375,0.068951,0.149181,0.013371,0.164888,1.347109,0.273674,-0.432590,-0.017840,-0.807609,-1.643265,0.091628,0.142243,0.256563,0.002609,0.110391,0.096863,-0.133560,-0.092960,0.342873,-0.097792,-0.053984,0.039520,3.0000,2.0000,2.0000,0.0000,4.0000,31.8316,33.1219,43.4093,-7.1100,17.9511,,,
1786591380832635359,2026-08-13T10:23:00.832649,prediction,0.018968,0.483000,0.190541,True,-0.012583,0.510925,0.196863,0.031551,0.027925,0.006321,7.71,20,0.049204,0.885647,0.490032,0.025002,0.853036,0.487582,0.049204,0.885647,0.490032,0.099606,0.115828,0.002934,0.152795,0.085958,0.118724,0.023106,0.148385,1.343561,0.279561,-0.422188,-0.018034,-0.812039,-1.639524,0.088139,0.151841,0.260489,0.005228,0.113442,0.091624,-0.145600,-0.108080,0.363457,-0.100288,-0.052480,0.037568,3.0000,2.0000,2.0000,0.0000,4.0000,32.2277,33.3823,42.2569,-7.4620,18.3061,,,
1786591380875355358,2026-08-13T10:23:00.875372,prediction,0.013204,0.483000,0.190541,True,-0.019252,0.510119,0.197049,0.032456,0.027119,0.006508,7.80,20,0.049204,0.885647,0.490032,0.028328,0.856706,0.487460,0.052102,0.889099,0.490634,0.078378,0.086474,-0.002889,0.116744,0.085958,0.118724,0.023106,0.148385,1.343561,0.279561,-0.422188,-0.018034,-0.812039,-1.639524,0.088139,0.151841,0.260489,0.005228,0.113442,0.091624,-0.145600,-0.108080,0.363457,-0.100288,-0.052480,0.037568,3.0000,2.0000,2.0000,0.0000,4.0000,32.0415,33.0809,41.8234,-7.5897,18.5201,,,
1786591380905448960,2026-08-13T10:23:00.905467,prediction,0.007593,0.493000,0.187342,True,-0.024587,0.517256,0.194427,0.032180,0.024256,0.007086,7.69,20,0.049204,0.885647,0.490032,0.032023,0.860160,0.487135,0.055762,0.892294,0.491036,0.122050,0.114095,-0.010735,0.167419,0.085958,0.118724,0.023106,0.148385,1.343561,0.279561,-0.422188,-0.018034,-0.812039,-1.639524,0.088139,0.151841,0.260489,0.005228,0.113442,0.091624,-0.145600,-0.108080,0.363457,-0.100288,-0.052480,0.037568,3.0000,2.0000,2.0000,0.0000,4.0000,32.5762,33.0450,42.0661,-7.6389,16.3079,,,
1786591380934515535,2026-08-13T10:23:00.934539,prediction,0.007593,0.493000,0.187342,True,-0.024513,0.518826,0.193526,0.032106,0.025826,0.006184,7.70,20,0.049204,0.885647,0.490032,0.035515,0.864104,0.486821,0.059560,0.895357,0.491399,0.120446,0.136032,-0.010831,0.182014,0.085958,0.118724,0.023106,0.148385,1.343561,0.279561,-0.422188,-0.018034,-0.812039,-1.639524,0.088139,0.151841,0.260489,0.005228,0.113442,0.091624,-0.145600,-0.108080,0.363457,-0.100288,-0.052480,0.037568,3.0000,2.0000,2.0000,0.0000,4.0000,32.3360,32.4332,44.3263,-6.1429,15.8368,,,
1786591380964592801,2026-08-13T10:23:00.964612,prediction,0.007670,0.498000,0.187186,True,-0.025443,0.522920,0.192361,0.033113,0.024920,0.005176,7.74,20,0.063071,0.898411,0.491652,0.038801,0.867879,0.486310,0.063071,0.898411,0.491652,0.107549,0.123582,-0.016710,0.164677,0.104001,0.095729,0.012146,0.141872,1.342529,0.281403,-0.419035,-0.018088,-0.813386,-1.638468,0.086388,0.153586,0.262229,0.005228,0.113442,0.088574,-0.132580,-0.103180,0.366445,-0.100736,-0.051648,0.037568,3.0000,2.0000,2.0000,0.0000,4.0000,31.6306,31.4705,43.8097,-7.1831,15.7865,,,
1786591380998715422,2026-08-13T10:23:00.998738,prediction,0.004898,0.503000,0.187030,True,-0.031747,0.526965,0.190634,0.036645,0.023965,0.003605,7.55,20,0.063071,0.898411,0.491652,0.042074,0.871621,0.485789,0.066554,0.901120,0.491497,0.096261,0.110020,-0.015316,0.146987,0.104001,0.095729,0.012146,0.141872,1.331506,0.304924,-0.380938,-0.018681,-0.828510,-1.627581,0.066754,0.169730,0.265723,0.005670,0.102533,0.061949,-0.135380,-0.122080,0.355074,-0.102528,-0.051040,0.038848,3.0000,2.0000,2.0000,0.0000,4.0000,31.2314,31.2619,42.3227,-9.1647,16.5862,,,
1786591381037012864,2026-08-13T10:23:01.037034,prediction,-0.000801,0.503000,0.184175,True,-0.036129,0.528169,0.188191,0.035328,0.025168,0.004016,5.49,20,0.070595,0.903931,0.491113,0.045134,0.875623,0.485103,0.070595,0.903931,0.491113,0.076011,0.099424,-0.017042,0.126306,0.111984,0.082158,-0.008012,0.139120,1.329167,0.311059,-0.371391,-0.018799,-0.832121,-1.625360,0.063703,0.171475,0.265723,0.003051,0.099914,0.059340,-0.103180,-0.151480,0.358145,-0.103520,-0.050656,0.035840,3.0000,2.0000,2.0000,0.0000,4.0000,30.9841,30.9546,42.8908,-10.3996,16.2309,,,
1786591381073138531,2026-08-13T10:23:01.073153,prediction,-0.000699,0.508000,0.184027,True,-0.033472,0.532545,0.188189,0.032773,0.024544,0.004161,7.03,20,0.070595,0.903931,0.491113,0.047990,0.879090,0.484419,0.074395,0.906767,0.490598,0.080241,0.097419,-0.019227,0.127666,0.111984,0.082158,-0.008012,0.139120,1.327103,0.317168,-0.361911,-0.018885,-0.835635,-1.623237,0.052354,0.169730,0.263538,0.002609,0.096863,0.056279,-0.108500,-0.144760,0.359888,-0.104480,-0.050368,0.033120,3.0000,2.0000,2.0000,0.0000,4.0000,31.1053,31.3106,43.4904,-10.1745,15.9808,,,
1786591381107415172,2026-08-13T10:23:01.107440,prediction,-0.003342,0.517000,0.183761,True,-0.035626,0.539488,0.187747,0.032285,0.022488,0.003986,7.41,20,0.077807,0.909464,0.489962,0.050828,0.882716,0.483694,0.077807,0.909464,0.489962,0.087280,0.111506,-0.022290,0.143347,0.108658,0.083363,-0.017351,0.138047,1.325404,0.323238,-0.352454,-0.018950,-0.839117,-1.621351,0.042318,0.167986,0.261798,0.000000,0.096863,0.048432,-0.117740,-0.114940,0.358643,-0.103680,-0.049664,0.034016,3.0000,2.0000,2.0000,0.0000,4.0000,30.9247,30.9136,44.0225,-10.1748,15.7288,,,
1786591381135778655,2026-08-13T10:23:01.135808,prediction,-0.005813,0.532000,0.180512,True,-0.038994,0.547488,0.183203,0.033180,0.015488,0.002691,4.90,20,0.077807,0.909464,0.489962,0.053635,0.886588,0.482775,0.081366,0.912366,0.489158,0.090479,0.124816,-0.029613,0.156979,0.108658,0.083363,-0.017351,0.138047,1.324738,0.325943,-0.348246,-0.018972,-0.840669,-1.620585,0.041012,0.169730,0.261798,0.002609,0.094244,0.048863,-0.103460,-0.112140,0.358477,-0.104960,-0.053216,0.030400,3.0000,2.0000,2.0000,0.0000,4.0000,30.7926,30.8734,43.5796,-10.9136,15.9355,,,
1786591381171545049,2026-08-13T10:23:01.171570,prediction,-0.008994,0.517000,0.180930,True,-0.039233,0.547464,0.181591,0.030239,0.030464,0.000661,4.39,20,0.084682,0.915368,0.488114,0.056654,0.890510,0.481896,0.084682,0.915368,0.488114,0.082519,0.107192,-0.024037,0.137394,0.100864,0.086608,-0.027108,0.135681,1.324738,0.325943,-0.348246,-0.018972,-0.840669,-1.620585,0.041012,0.169730,0.261798,0.002609,0.094244,0.048863,-0.103460,-0.112140,0.358477,-0.104960,-0.053216,0.030400,3.0000,2.0000,2.0000,0.0000,4.0000,31.1317,31.1474,45.1914,-10.3371,15.3056,,,
1786591381202604676,2026-08-13T10:23:01.202626,prediction,-0.008261,0.546000,0.177337,True,-0.041128,0.555464,0.178192,0.032867,0.009464,0.000855,4.04,20,0.084682,0.915368,0.488114,0.059235,0.894974,0.480789,0.087954,0.918815,0.486926,0.079889,0.138145,-0.034264,0.163219,0.100864,0.086608,-0.027108,0.135681,1.324738,0.325943,-0.348246,-0.018972,-0.840669,-1.620585,0.041012,0.169730,0.261798,0.002609,0.094244,0.048863,-0.103460,-0.112140,0.358477,-0.104960,-0.053216,0.030400,3.0000,2.0000,1.0000,0.0000,3.0000,31.6092,31.0662,44.2444,-8.9463,14.0354,,,
1786591381238096140,2026-08-13T10:23:01.238121,prediction,-0.014218,0.532000,0.174898,True,-0.042789,0.559514,0.175867,0.028571,0.027514,0.000969,4.42,20,0.090900,0.922083,0.485502,0.062213,0.899547,0.479507,0.090900,0.922083,0.485502,0.084868,0.130315,-0.036517,0.159744,0.094734,0.102318,-0.039791,0.145006,1.324738,0.325943,-0.348246,-0.018972,-0.840669,-1.620585,0.041012,0.169730,0.261798,0.002609,0.094244,0.048863,-0.103460,-0.112140,0.358477,-0.104960,-0.053216,0.030400,3.0000,2.0000,2.0000,0.0000,4.0000,30.9816,30.4010,41.5737,-9.7579,15.5328,,,
1786591381272762763,2026-08-13T10:23:01.272794,prediction,-0.014103,0.536000,0.174800,True,-0.043683,0.563724,0.175743,0.029579,0.027724,0.000943,4.63,20,0.090900,0.922083,0.485502,0.064801,0.904088,0.478254,0.094178,0.925742,0.483850,0.076654,0.134546,-0.037137,0.159241,0.094734,0.102318,-0.039791,0.145006,1.324738,0.325943,-0.348246,-0.018972,-0.840669,-1.620585,0.041012,0.169730,0.261798,0.002609,0.094244,0.048863,-0.103460,-0.112140,0.358477,-0.104960,-0.053216,0.030400,3.0000,2.0000,2.0000,0.0000,4.0000,30.9643,30.8456,43.0212,-10.1787,15.4124,,,
1786591381317272523,2026-08-13T10:23:01.317290,prediction,-0.016475,0.550000,0.174455,True,-0.045841,0.571724,0.174371,0.029366,0.021724,0.000084,6.13,20,0.096982,0.929458,0.482222,0.067351,0.908356,0.476966,0.096982,0.929458,0.482222,0.058386,0.097717,-0.029485,0.117588,0.092584,0.112274,-0.049935,0.153853,1.319504,0.359401,-0.295434,-0.019015,-0.861926,-1.615637,0.016138,0.167986,0.273144,0.000000,0.107772,0.010467,-0.091980,-0.171360,0.364370,-0.097728,-0.049376,0.031168,3.0000,2.0000,1.0000,0.0000,3.0000,30.7880,30.2514,43.4121,-9.4544,14.5181,,,
1786591381350275554,2026-08-13T10:23:01.350296,prediction,-0.019247,0.550000,0.171678,True,-0.045461,0.576726,0.172088,0.026215,0.026726,0.000409,4.38,20,0.096982,0.929458,0.482222,0.069899,0.913050,0.475708,0.099500,0.933397,0.480504,0.074391,0.137054,-0.036720,0.160206,0.092584,0.112274,-0.049935,0.153853,1.318897,0.366053,-0.284445,-0.019004,-0.866291,-1.615379,0.013087,0.164928,0.274883,0.002609,0.110391,0.005670,-0.077140,-0.191240,0.379310,-0.093344,-0.049600,0.031680,3.0000,2.0000,1.0000,0.0000,3.0000,30.8416,30.3807,42.8833,-9.1885,14.1969,,,
1786591381387764943,2026-08-13T10:23:01.387793,prediction,-0.022019,0.550000,0.171678,True,-0.047410,0.576214,0.172160,0.025392,0.026214,0.000482,4.86,20,0.101692,0.937716,0.478853,0.072247,0.917562,0.474451,0.101692,0.937716,0.478853,0.063840,0.122671,-0.034189,0.142452,0.070403,0.123419,-0.050355,0.150747,1.318616,0.369973,-0.277805,-0.019004,-0.868857,-1.615282,0.009598,0.163184,0.277069,0.000000,0.107772,0.005228,-0.066640,-0.189000,0.362793,-0.089728,-0.053440,0.030336,3.0000,2.0000,1.0000,0.0000,3.0000,30.5889,29.9561,42.8850,-9.2652,14.1207,,,
1786591381431849934,2026-08-13T10:23:01.431871,prediction,-0.021415,0.568000,0.168518,True,-0.046506,0.584214,0.169658,0.025091,0.016213,0.001140,4.72,20,0.103569,0.942105,0.477194,0.074181,0.922038,0.473196,0.103569,0.942105,0.477194,0.044039,0.101923,-0.028577,0.114648,0.028125,0.065757,-0.024860,0.075716,1.318237,0.379518,-0.261255,-0.019004,-0.875012,-1.615142,0.001744,0.158819,0.274883,0.000000,0.102091,0.000000,-0.064400,-0.167020,0.375326,-0.072256,-0.051264,0.027392,3.0000,2.0000,1.0000,0.0000,3.0000,30.4341,29.7360,43.6051,-9.6529,14.0155,,,
1786591381470366909,2026-08-13T10:23:01.470391,prediction,-0.024298,0.564000,0.168603,True,-0.045902,0.589553,0.169228,0.021604,0.025553,0.000624,4.72,20,0.103569,0.942105,0.477194,0.076307,0.926719,0.471947,0.105031,0.946492,0.475542,0.055009,0.121135,-0.032322,0.136910,0.028125,0.065757,-0.024860,0.075716,1.318224,0.383328,-0.254645,-0.019004,-0.877469,-1.615152,0.001744,0.158388,0.275322,0.000000,0.102091,0.000000,-0.041720,-0.179760,0.380721,-0.062560,-0.058400,0.014080,3.0000,2.0000,1.0000,0.0000,3.0000,30.3298,29.3759,43.5216,-9.5417,13.5007,,,
1786591381505552229,2026-08-13T10:23:01.505576,prediction,-0.029102,0.582000,0.165496,True,-0.050488,0.597553,0.165242,0.021386,0.015553,0.000254,5.38,20,0.106457,0.950941,0.473922,0.078758,0.931656,0.470501,0.106457,0.950941,0.473922,0.072001,0.144982,-0.042469,0.167355,0.043343,0.132643,-0.049107,0.147933,1.318289,0.389704,-0.243522,-0.018972,-0.881846,-1.615249,0.004796,0.158388,0.280995,0.000000,0.113000,0.005228,0.048580,-0.176960,0.371923,-0.044864,-0.055936,-0.025728,3.0000,2.0000,1.0000,0.0000,3.0000,30.0836,29.0205,43.4062,-10.8567,13.5808,,,
1786591381541936271,2026-08-13T10:23:01.541967,prediction,-0.034164,0.591000,0.162610,True,-0.051785,0.605553,0.163228,0.017620,0.014553,0.000618,4.76,20,0.106457,0.950941,0.473922,0.081362,0.937123,0.468873,0.108126,0.955602,0.472114,0.069301,0.145494,-0.043324,0.166878,0.043343,0.132643,-0.049107,0.147933,1.318563,0.395474,-0.233373,-0.018928,-0.886007,-1.615691,0.010029,0.160133,0.284051,0.000000,0.118680,0.016579,0.073360,-0.179060,0.373832,-0.024608,-0.060512,-0.026496,3.0000,2.0000,1.0000,0.0000,3.0000,30.0360,28.8793,42.5409,-12.4734,14.2759,,,
1786591381579333931,2026-08-13T10:23:01.579355,prediction,-0.034164,0.591000,0.159901,True,-0.050397,0.610983,0.161728,0.016232,0.019983,0.001827,4.77,20,0.106457,0.950941,0.473922,0.083587,0.942910,0.467254,0.109462,0.960515,0.470287,0.060500,0.157401,-0.044018,0.174278,0.043343,0.132643,-0.049107,0.147933,1.318923,0.399969,-0.225425,-0.018853,-0.889434,-1.616176,0.014831,0.160133,0.284051,0.003051,0.123908,0.018756,0.077140,-0.175700,0.376737,-0.013824,-0.054944,-0.028512,3.0000,2.0000,1.0000,0.0000,3.0000,29.8481,28.6451,42.9655,-13.0436,14.1930,,,
1786591381612387692,2026-08-13T10:23:01.612411,prediction,-0.036695,0.595000,0.157133,True,-0.055766,0.617070,0.158011,0.019071,0.022070,0.000878,5.80,20,0.106457,0.950941,0.473922,0.085986,0.948760,0.465462,0.110413,0.965689,0.468523,0.073779,0.179877,-0.055124,0.202084,0.043343,0.132643,-0.049107,0.147933,1.319674,0.407175,-0.212830,-0.018594,-0.894856,-1.617114,0.017889,0.168424,0.287977,0.005670,0.123908,0.024426,0.083580,-0.171920,0.376239,-0.019712,-0.060512,-0.028064,3.0000,2.0000,1.0000,0.0000,3.0000,30.0079,28.4980,43.5055,-13.1894,14.0820,,,
1786591381643388377,2026-08-13T10:23:01.643408,prediction,-0.038987,0.604000,0.157001,True,-0.059323,0.625070,0.158305,0.020336,0.021070,0.001305,4.48,20,0.111900,0.971140,0.466511,0.088363,0.954571,0.463677,0.111900,0.971140,0.466511,0.072310,0.176799,-0.054288,0.198579,0.040788,0.151373,-0.055537,0.166319,1.320340,0.412735,-0.203402,-0.018443,-0.899017,-1.617944,0.023122,0.179328,0.301501,0.002609,0.134386,0.029665,0.090720,-0.158060,0.391511,-0.018432,-0.056384,-0.030848,3.0000,2.0000,1.0000,0.0000,3.0000,30.2688,28.7103,42.5764,-14.1795,14.7414,,,
1786591381680743354,2026-08-13T10:23:01.680765,prediction,-0.038806,0.608000,0.154261,True,-0.057468,0.630596,0.155003,0.018661,0.022596,0.000743,4.73,20,0.111900,0.971140,0.466511,0.090562,0.960373,0.461927,0.113479,0.976739,0.464548,0.060074,0.158465,-0.047798,0.176082,0.040788,0.151373,-0.055537,0.166319,1.321164,0.418720,-0.193514,-0.018303,-0.903415,-1.618914,0.027925,0.194604,0.314156,0.005228,0.140056,0.032284,0.094220,-0.161420,0.393088,-0.017312,-0.061440,-0.030112,3.0000,2.0000,1.0000,0.0000,3.0000,30.3781,29.4380,42.5973,-15.3170,14.8966,,,
1786591381718138585,2026-08-13T10:23:01.718160,prediction,-0.043772,0.616000,0.151488,True,-0.061670,0.637082,0.152261,0.017898,0.021082,0.000773,4.74,20,0.111900,0.971140,0.466511,0.092881,0.966386,0.459965,0.114711,0.982423,0.462668,0.062311,0.161623,-0.052751,0.181073,0.040788,0.151373,-0.055537,0.166319,1.322268,0.426057,-0.181751,-0.018131,-0.908632,-1.620143,0.032720,0.212055,0.334662,0.002609,0.148345,0.034903,0.102200,-0.140000,0.404625,-0.017376,-0.057120,-0.033952,3.0000,2.0000,1.0000,0.0000,3.0000,30.5224,29.9243,42.0740,-16.9291,14.8658,,,
1786591381752829042,2026-08-13T10:23:01.752852,prediction,-0.046184,0.621000,0.148772,True,-0.063821,0.642656,0.150343,0.017636,0.021656,0.001572,5.07,20,0.111900,0.971140,0.466511,0.095409,0.972069,0.458060,0.116207,0.987993,0.460713,0.074113,0.166585,-0.055825,0.190682,0.040788,0.151373,-0.055537,0.166319,1.322268,0.426057,-0.181751,-0.018131,-0.908632,-1.620143,0.032720,0.212055,0.334662,0.002609,0.148345,0.034903,0.102200,-0.140000,0.404625,-0.017376,-0.057120,-0.033952,3.0000,2.0000,2.0000,0.0000,4.0000,30.7316,30.5466,40.8420,-17.5622,15.7662,,,
1786591381805520550,2026-08-13T10:23:01.805548,prediction,-0.046184,0.621000,0.148772,True,-0.064075,0.645579,0.150869,0.017891,0.024579,0.002098,8.33,20,0.117720,0.993886,0.458857,0.097540,0.977952,0.456319,0.117720,0.993886,0.458857,0.044940,0.124064,-0.036730,0.136969,0.043539,0.170156,-0.057264,0.184737,1.322268,0.426057,-0.181751,-0.018131,-0.908632,-1.620143,0.032720,0.212055,0.334662,0.002609,0.148345,0.034903,0.102200,-0.140000,0.404625,-0.017376,-0.057120,-0.033952,3.0000,2.0000,2.0000,0.0000,4.0000,30.5071,30.9419,39.5784,-20.5064,16.6125,,,
1786591381870959974,2026-08-13T10:23:01.870987,prediction,-0.048219,0.633000,0.146015,True,-0.067914,0.653579,0.145621,0.019695,0.020579,0.000395,9.91,20,0.119139,0.999715,0.457190,0.099814,0.983662,0.454400,0.119139,0.999715,0.457190,0.034583,0.086824,-0.029179,0.097907,0.020799,0.085430,-0.024426,0.091256,1.322268,0.426057,-0.181751,-0.018131,-0.908632,-1.620143,0.032720,0.212055,0.334662,0.002609,0.148345,0.034903,0.102200,-0.140000,0.404625,-0.017376,-0.057120,-0.033952,3.0000,2.0000,2.0000,0.0000,4.0000,31.1980,31.0818,39.8952,-19.0038,16.3538,,,
1786591381909894516,2026-08-13T10:23:01.909913,prediction,-0.047754,0.642000,0.140692,True,-0.066660,0.661102,0.140742,0.018907,0.019102,0.000049,9.70,20,0.120754,1.005470,0.455182,0.101900,0.989978,0.452149,0.120754,1.005470,0.455182,0.053628,0.162415,-0.057887,0.180570,0.024733,0.088127,-0.030746,0.096558,1.322673,0.428664,-0.177669,-0.018077,-0.910422,-1.620574,0.034034,0.219033,0.341643,0.005228,0.148345,0.037523,0.107240,-0.116480,0.397902,-0.016768,-0.059616,-0.035232,3.0000,2.0000,2.0000,0.0000,4.0000,31.2410,31.3040,39.3617,-20.0045,16.2473,,,
1786591381950912376,2026-08-13T10:23:01.950933,prediction,-0.049521,0.658000,0.135419,True,-0.070247,0.669102,0.135588,0.020726,0.011102,0.000169,9.80,20,0.120754,1.005470,0.455182,0.103918,0.996147,0.449731,0.122142,1.011414,0.452940,0.048824,0.149253,-0.058477,0.167570,0.024733,0.088127,-0.030746,0.096558,1.322673,0.428664,-0.177669,-0.018077,-0.910422,-1.620574,0.034034,0.219033,0.341643,0.005228,0.148345,0.037523,0.107240,-0.116480,0.397902,-0.016768,-0.059616,-0.035232,3.0000,2.0000,1.0000,0.0000,3.0000,31.1263,31.3295,39.6267,-20.1419,14.8614,,,
1786591381987916318,2026-08-13T10:23:01.987940,prediction,-0.049521,0.658000,0.132820,True,-0.068912,0.677102,0.134040,0.019392,0.019102,0.001220,5.43,20,0.123794,1.017369,0.450507,0.105751,1.003141,0.447141,0.123794,1.017369,0.450507,0.044347,0.169163,-0.062657,0.185765,0.045766,0.179117,-0.070378,0.197814,1.322673,0.428664,-0.177669,-0.018077,-0.910422,-1.620574,0.034034,0.219033,0.341643,0.005228,0.148345,0.037523,0.107240,-0.116480,0.397902,-0.016768,-0.059616,-0.035232,3.0000,2.0000,2.0000,0.0000,4.0000,31.1003,31.5129,39.6236,-19.6435,15.2867,,,
1786591382023255861,2026-08-13T10:23:02.023278,prediction,-0.049521,0.658000,0.130221,True,-0.070340,0.684239,0.129688,0.020819,0.026239,0.000534,5.38,20,0.123794,1.017369,0.450507,0.107625,1.010300,0.444588,0.125228,1.023515,0.447965,0.053142,0.203034,-0.072410,0.222014,0.045766,0.179117,-0.070378,0.197814,1.333597,0.497013,-0.069570,-0.016708,-0.952655,-1.632539,0.022685,0.178022,0.314156,0.003051,0.097294,0.029665,0.086380,-0.242060,0.385369,-0.017760,-0.050432,-0.034464,3.0000,2.0000,2.0000,0.0000,4.0000,31.4311,32.0856,37.3193,-21.8323,15.5940,,,
1786591382062318258,2026-08-13T10:23:02.062337,prediction,-0.049521,0.658000,0.127623,True,-0.072545,0.692239,0.124211,0.023024,0.034239,0.003412,5.17,20,0.126817,1.030097,0.445301,0.109307,1.016745,0.441856,0.126817,1.030097,0.445301,0.042547,0.163075,-0.069126,0.182160,0.045682,0.192373,-0.078688,0.212805,1.333597,0.497013,-0.069570,-0.016708,-0.952655,-1.632539,0.022685,0.178022,0.314156,0.003051,0.097294,0.029665,0.086380,-0.242060,0.385369,-0.017760,-0.050432,-0.034464,3.0000,2.0000,2.0000,0.0000,4.0000,31.4351,31.9420,37.7999,-21.3772,16.5107,,,
1786591382096338575,2026-08-13T10:23:02.096371,prediction,-0.049307,0.662000,0.127637,True,-0.071839,0.700239,0.123477,0.022532,0.038239,0.004160,5.19,20,0.128593,1.036748,0.442299,0.110654,1.022834,0.439332,0.128593,1.036748,0.442299,0.039754,0.179702,-0.074488,0.198549,0.026551,0.099423,-0.044861,0.112260,1.333597,0.497013,-0.069570,-0.016708,-0.952655,-1.632539,0.022685,0.178022,0.314156,0.003051,0.097294,0.029665,0.086380,-0.242060,0.385369,-0.017760,-0.050432,-0.034464,3.0000,2.0000,2.0000,0.0000,4.0000,31.1529,32.3813,36.3718,-21.9679,16.1509,,,
1786591382134472611,2026-08-13T10:23:02.134506,prediction,-0.048881,0.670000,0.125086,True,-0.071438,0.707811,0.120801,0.022557,0.037811,0.004285,8.38,20,0.128593,1.036748,0.442299,0.111635,1.028319,0.436830,0.130016,1.043555,0.439515,0.028129,0.157245,-0.071724,0.175104,0.026551,0.099423,-0.044861,0.112260,1.333597,0.497013,-0.069570,-0.016708,-0.952655,-1.632539,0.022685,0.178022,0.314156,0.003051,0.097294,0.029665,0.086380,-0.242060,0.385369,-0.017760,-0.050432,-0.034464,3.0000,2.0000,2.0000,0.0000,4.0000,31.4518,32.3911,35.6907,-22.4515,16.9741,,,
1786591382174692362,2026-08-13T10:23:02.174716,prediction,-0.051015,0.678000,0.125127,True,-0.072425,0.715811,0.120133,0.021410,0.037811,0.004994,7.12,20,0.131327,1.050393,0.436687,0.112758,1.033629,0.434512,0.131327,1.050393,0.436687,0.027084,0.128025,-0.055890,0.142294,0.040905,0.204179,-0.083990,0.224536,1.333597,0.497013,-0.069570,-0.016708,-0.952655,-1.632539,0.022685,0.178022,0.314156,0.003051,0.097294,0.029665,0.086380,-0.242060,0.385369,-0.017760,-0.050432,-0.034464,3.0000,2.0000,2.0000,0.0000,4.0000,31.5315,32.4024,35.8082,-21.7684,16.9190,,,
1786591382211536142,2026-08-13T10:23:02.211557,prediction,-0.050795,0.682000,0.122589,True,-0.071061,0.721514,0.116773,0.020266,0.039514,0.005816,6.62,20,0.131327,1.050393,0.436687,0.113698,1.039331,0.432209,0.132795,1.057214,0.433914,0.024865,0.150828,-0.060916,0.164554,0.040905,0.204179,-0.083990,0.224536,1.333950,0.499868,-0.064611,-0.016654,-0.954153,-1.632992,0.021378,0.178022,0.308483,0.005228,0.094244,0.029665,0.087920,-0.265860,0.392175,-0.017376,-0.049088,-0.033792,3.0000,2.0000,2.0000,0.0000,4.0000,31.8835,32.6525,35.3195,-21.1559,17.0074,,,
1786591382245967306,2026-08-13T10:23:02.245988,prediction,-0.052726,0.693000,0.120123,True,-0.073295,0.729514,0.113561,0.020569,0.036514,0.006562,5.89,20,0.133815,1.064169,0.431164,0.114614,1.045111,0.429750,0.133815,1.064169,0.431164,0.025904,0.163470,-0.069527,0.179520,0.037335,0.206713,-0.082859,0.225809,1.337563,0.534699,-0.007115,-0.016223,-0.972144,-1.637013,0.014831,0.194166,0.310661,0.000000,0.107772,0.016137,0.064680,-0.225260,0.393088,-0.020608,-0.050944,-0.033568,3.0000,2.0000,2.0000,0.0000,4.0000,32.2480,32.7771,34.8288,-20.5240,16.8936,,,
1786591382279374778,2026-08-13T10:23:02.279396,prediction,-0.052726,0.693000,0.117582,True,-0.071887,0.737182,0.112012,0.019161,0.044182,0.005570,5.73,20,0.133815,1.064169,0.431164,0.115542,1.051014,0.427305,0.134746,1.071131,0.428181,0.027678,0.176053,-0.072931,0.192561,0.037335,0.206713,-0.082859,0.225809,1.338164,0.544035,0.007859,-0.016137,-0.977523,-1.637789,0.009598,0.196348,0.308483,0.002609,0.118680,0.016579,0.061600,-0.246680,0.406783,-0.017984,-0.053664,-0.031680,3.0000,2.0000,2.0000,0.0000,4.0000,32.6836,33.1812,34.4765,-19.6004,16.9660,,,
1786591382312281139,2026-08-13T10:23:02.312304,prediction,-0.054563,0.705000,0.115182,True,-0.075492,0.745182,0.109117,0.020929,0.040182,0.006065,4.69,20,0.135708,1.078093,0.425315,0.116262,1.056728,0.424885,0.135708,1.078093,0.425315,0.021062,0.167282,-0.070861,0.182888,0.028438,0.209195,-0.087877,0.228678,1.338354,0.547942,0.014090,-0.016083,-0.979938,-1.638123,0.010029,0.195911,0.311977,0.002609,0.123908,0.018756,0.080780,-0.283220,0.399645,-0.021376,-0.055936,-0.033280,3.0000,2.0000,2.0000,0.0000,4.0000,33.0016,33.5098,33.9405,-18.6285,16.8917,,,
1786591382347061030,2026-08-13T10:23:02.347076,prediction,-0.054330,0.709000,0.112715,True,-0.073757,0.753182,0.106839,0.019427,0.044182,0.005876,4.58,20,0.135708,1.078093,0.425315,0.116805,1.062617,0.422481,0.136629,1.085171,0.422439,0.015875,0.172174,-0.070273,0.186640,0.028438,0.209195,-0.087877,0.228678,1.338778,0.558082,0.030387,-0.016007,-0.986448,-1.638921,0.003051,0.194166,0.317643,0.000000,0.123908,0.010898,0.070280,-0.280840,0.400475,-0.024224,-0.055552,-0.031456,3.0000,2.0000,2.0000,0.0000,4.0000,32.9454,33.3857,33.8311,-18.4966,16.7945,,,
1786591382379084543,2026-08-13T10:23:02.379106,prediction,-0.054155,0.712000,0.110246,True,-0.073689,0.760836,0.103643,0.019534,0.048836,0.006603,4.60,20,0.135708,1.078093,0.425315,0.117336,1.068489,0.419913,0.137291,1.092351,0.419539,0.016078,0.177645,-0.077712,0.194564,0.028438,0.209195,-0.087877,0.228678,1.338818,0.561192,0.035525,-0.015986,-0.988464,-1.639093,0.001307,0.194166,0.323316,0.000000,0.129589,0.010898,0.072800,-0.240520,0.403214,-0.020480,-0.055328,-0.029568,3.0000,2.0000,2.0000,0.0000,4.0000,33.0342,33.4722,33.6152,-18.2839,16.8301,,,
1786591382416619920,2026-08-13T10:23:02.416641,prediction,-0.053922,0.716000,0.110306,True,-0.073380,0.766524,0.103629,0.019458,0.050524,0.006677,7.41,20,0.135708,1.078093,0.425315,0.117716,1.074516,0.417532,0.137932,1.099682,0.416390,0.010906,0.172902,-0.068288,0.186218,0.028438,0.209195,-0.087877,0.228678,1.338844,0.569092,0.048893,-0.015921,-0.993854,-1.639374,0.000000,0.199400,0.343829,0.002609,0.145726,0.005228,0.006440,-0.247940,0.407862,-0.021216,-0.059552,-0.031840,3.0000,2.0000,2.0000,0.0000,4.0000,33.0240,33.2524,34.1085,-18.5497,17.4104,,,
1786591382449275764,2026-08-13T10:23:02.449296,prediction,-0.054330,0.709000,0.107686,True,-0.071898,0.766081,0.101285,0.017568,0.057081,0.006401,4.85,20,0.138297,1.107295,0.413591,0.118155,1.079935,0.415332,0.138297,1.107295,0.413591,0.012438,0.153734,-0.062427,0.166391,0.019451,0.219373,-0.088077,0.237193,1.338752,0.575625,0.060091,-0.015878,-0.998758,-1.639460,0.008285,0.207253,0.355168,0.000000,0.159254,0.000000,-0.121520,-0.287980,0.425375,-0.023104,-0.066464,-0.024064,3.0000,2.0000,2.0000,0.0000,4.0000,32.9661,33.0271,34.2800,-18.6553,17.3099,,,
1786591382481376464,2026-08-13T10:23:02.481394,prediction,-0.056840,0.709000,0.105171,True,-0.076085,0.769810,0.097628,0.019245,0.060810,0.007543,4.73,20,0.138297,1.107295,0.413591,0.118642,1.084592,0.413315,0.138646,1.114818,0.410960,0.015201,0.145088,-0.062822,0.158834,0.019451,0.219373,-0.088077,0.237193,1.337896,0.585680,0.077742,-0.015846,-1.006854,-1.639147,0.026174,0.210742,0.380916,0.000000,0.174959,0.021375,-0.153440,-0.275520,0.425707,-0.028448,-0.067584,0.025600,3.0000,2.0000,2.0000,0.0000,4.0000,33.1639,32.7529,33.7099,-19.7243,18.0131,,,
1786591382515629626,2026-08-13T10:23:02.515646,prediction,-0.055941,0.724000,0.102957,True,-0.072723,0.776648,0.095547,0.016783,0.052648,0.007411,4.18,20,0.138297,1.107295,0.413591,0.119070,1.088244,0.411324,0.139035,1.121945,0.408430,0.012258,0.104580,-0.057020,0.119743,0.019451,0.219373,-0.088077,0.237193,1.337125,0.590750,0.087117,-0.015846,-1.011176,-1.638425,0.035778,0.212493,0.395749,0.000000,0.183259,0.034903,-0.170800,-0.254380,0.450358,-0.030624,-0.067840,0.033120,3.0000,2.0000,2.0000,0.0000,4.0000,32.8371,32.7006,33.6444,-20.9007,18.3777,,,
1786591382549326563,2026-08-13T10:23:02.549348,prediction,-0.055761,0.727000,0.103017,True,-0.068639,0.782124,0.096179,0.012878,0.055124,0.006838,4.30,20,0.138297,1.107295,0.413591,0.119487,1.092494,0.409511,0.139289,1.128742,0.405864,0.012458,0.127283,-0.054312,0.138945,0.019451,0.219373,-0.088077,0.237193,1.335348,0.599408,0.103586,-0.015846,-1.018840,-1.636549,0.051923,0.220778,0.423675,0.000000,0.196777,0.054101,-0.182840,-0.264740,0.430853,-0.040256,-0.072800,0.038752,3.0000,2.0000,2.0000,0.0000,4.0000,32.7638,32.6917,33.9959,-20.6499,17.6702,,,
1786591382582196399,2026-08-13T10:23:02.582213,prediction,-0.055761,0.727000,0.100533,True,-0.066523,0.781569,0.093370,0.010762,0.054569,0.007162,4.07,20,0.139176,1.135410,0.403630,0.119903,1.097024,0.407705,0.139176,1.135410,0.403630,0.012477,0.135870,-0.054167,0.146801,0.006550,0.209508,-0.074230,0.222366,1.333911,0.604785,0.113943,-0.015846,-1.023745,-1.635062,0.063703,0.225580,0.436768,0.000000,0.210305,0.067188,-0.168560,-0.279580,0.452350,-0.049216,-0.070144,0.038400,3.0000,2.0000,2.0000,0.0000,4.0000,32.5705,32.5335,34.2261,-20.2816,17.8410,,,
1786591382613269130,2026-08-13T10:23:02.613290,prediction,-0.055282,0.735000,0.095763,True,-0.066606,0.788255,0.087698,0.011324,0.053255,0.008065,4.29,20,0.139176,1.135410,0.403630,0.120301,1.101610,0.405580,0.138774,1.141935,0.401574,0.012992,0.149597,-0.069315,0.165386,0.006550,0.209508,-0.074230,0.222366,1.333911,0.604785,0.113943,-0.015846,-1.023745,-1.635062,0.063703,0.225580,0.436768,0.000000,0.210305,0.067188,-0.168560,-0.279580,0.452350,-0.049216,-0.070144,0.038400,3.0000,2.0000,2.0000,0.0000,4.0000,32.6104,32.4391,34.1165,-20.2907,17.6760,,,
1786591382650282481,2026-08-13T10:23:02.650299,prediction,-0.055282,0.735000,0.093292,True,-0.064686,0.792604,0.086391,0.009404,0.057604,0.006901,5.70,20,0.139176,1.135410,0.403630,0.120728,1.106420,0.403460,0.138425,1.148034,0.399188,0.011971,0.134954,-0.059463,0.147959,0.006550,0.209508,-0.074230,0.222366,1.333911,0.604785,0.113943,-0.015846,-1.023745,-1.635062,0.063703,0.225580,0.436768,0.000000,0.210305,0.067188,-0.168560,-0.279580,0.452350,-0.049216,-0.070144,0.038400,3.0000,2.0000,2.0000,0.0000,4.0000,32.7242,32.6687,33.6035,-21.1909,17.9895,,,
1786591382687148074,2026-08-13T10:23:02.687168,prediction,-0.055282,0.735000,0.090820,True,-0.062603,0.792257,0.084836,0.007322,0.057256,0.005984,6.45,20,0.139176,1.135410,0.403630,0.121012,1.110849,0.401173,0.137975,1.153947,0.396894,0.008000,0.124557,-0.064324,0.140413,0.006550,0.209508,-0.074230,0.222366,1.333911,0.604785,0.113943,-0.015846,-1.023745,-1.635062,0.063703,0.225580,0.436768,0.000000,0.210305,0.067188,-0.168560,-0.279580,0.452350,-0.049216,-0.070144,0.038400,3.0000,2.0000,2.0000,0.0000,4.0000,32.5327,32.4932,34.0298,-22.6782,18.5015,,,
1786591382719948010,2026-08-13T10:23:02.719967,prediction,-0.057564,0.738000,0.088439,True,-0.065784,0.793232,0.081743,0.008221,0.055231,0.006695,4.12,20,0.137321,1.159634,0.394541,0.121463,1.114775,0.398896,0.137321,1.159634,0.394541,0.012531,0.109018,-0.063223,0.126646,-0.014005,0.182865,-0.068608,0.195813,1.322699,0.635160,0.175536,-0.016191,-1.054714,-1.623183,0.098174,0.213800,0.438508,0.008289,0.220782,0.096863,-0.173180,-0.337540,0.430687,-0.106144,-0.072256,0.038976,3.0000,2.0000,2.0000,0.0000,4.0000,32.7859,32.6067,33.4853,-22.4233,18.5263,,,
1786591382756897454,2026-08-13T10:23:02.756920,prediction,-0.057564,0.738000,0.088439,True,-0.065154,0.792872,0.080811,0.007591,0.054872,0.007628,4.77,20,0.137321,1.159634,0.394541,0.121786,1.118547,0.396784,0.136969,1.164867,0.392206,0.009226,0.107904,-0.060428,0.124016,-0.014005,0.182865,-0.068608,0.195813,1.318518,0.644235,0.193930,-0.016471,-1.064124,-1.618936,0.096423,0.199400,0.401422,0.005670,0.205066,0.096863,-0.156240,-0.335020,0.403048,-0.105920,-0.066176,0.038848,3.0000,2.0000,2.0000,0.0000,4.0000,33.0489,32.2926,33.7052,-21.9927,18.3253,,,
1786591382791157726,2026-08-13T10:23:02.791176,prediction,-0.057317,0.742000,0.088558,True,-0.065268,0.796713,0.080077,0.007951,0.054713,0.008481,4.54,20,0.136426,1.169719,0.390023,0.122092,1.121701,0.394849,0.136426,1.169719,0.390023,0.008829,0.090992,-0.055815,0.107111,-0.013016,0.146755,-0.065752,0.161337,1.314669,0.651827,0.209187,-0.016665,-1.071745,-1.615163,0.092934,0.183255,0.362588,0.005670,0.177579,0.094244,-0.155820,-0.317380,0.407032,-0.110208,-0.066400,0.040576,3.0000,2.0000,2.0000,0.0000,4.0000,33.0782,32.4531,33.1514,-22.1532,17.8756,,,
1786591382826459053,2026-08-13T10:23:02.826483,prediction,-0.060215,0.735000,0.085877,True,-0.067322,0.792299,0.078139,0.007107,0.057299,0.007738,4.62,20,0.136426,1.169719,0.390023,0.122469,1.124732,0.392895,0.135985,1.174088,0.387894,0.010730,0.086312,-0.055636,0.103248,-0.013016,0.146755,-0.065752,0.161337,1.314669,0.651827,0.209187,-0.016665,-1.071745,-1.615163,0.092934,0.183255,0.362588,0.005670,0.177579,0.094244,-0.155820,-0.317380,0.407032,-0.110208,-0.066400,0.040576,3.0000,2.0000,2.0000,0.0000,4.0000,33.4648,32.8069,32.9748,-21.5088,18.2168,,,
1786591382858636575,2026-08-13T10:23:02.858656,prediction,-0.062033,0.745000,0.086193,True,-0.070602,0.798270,0.077964,0.008569,0.053270,0.008229,4.33,20,0.136426,1.169719,0.390023,0.122982,1.127312,0.391127,0.135440,1.177932,0.385829,0.015708,0.078901,-0.054082,0.096938,-0.013016,0.146755,-0.065752,0.161337,1.314669,0.651827,0.209187,-0.016665,-1.071745,-1.615163,0.092934,0.183255,0.362588,0.005670,0.177579,0.094244,-0.155820,-0.317380,0.407032,-0.110208,-0.066400,0.040576,3.0000,2.0000,2.0000,0.0000,4.0000,33.4740,32.8503,33.1101,-21.5125,18.3639,,,
1786591382891118673,2026-08-13T10:23:02.891141,prediction,-0.062682,0.735000,0.085877,True,-0.069199,0.794486,0.078757,0.006517,0.059486,0.007120,4.39,20,0.136426,1.169719,0.390023,0.123551,1.129214,0.389503,0.135230,1.181449,0.383904,0.017524,0.058651,-0.050081,0.079089,-0.013016,0.146755,-0.065752,0.161337,1.314669,0.651827,0.209187,-0.016665,-1.071745,-1.615163,0.092934,0.183255,0.362588,0.005670,0.177579,0.094244,-0.155820,-0.317380,0.407032,-0.110208,-0.066400,0.040576,3.0000,2.0000,2.0000,0.0000,4.0000,34.4014,33.6203,33.0158,-19.7790,18.5091,,,
1786591382921535958,2026-08-13T10:23:02.921555,prediction,-0.064483,0.745000,0.083738,True,-0.073872,0.797135,0.076007,0.009388,0.052135,0.007732,4.18,20,0.135230,1.181449,0.383904,0.124255,1.131355,0.387732,0.134930,1.184355,0.382244,0.022808,0.069339,-0.057375,0.092844,-0.009027,0.088506,-0.046171,0.100232,1.313585,0.654029,0.213455,-0.016730,-1.073858,-1.614031,0.089883,0.182817,0.351242,0.005670,0.175401,0.094675,-0.142240,-0.347760,0.394416,-0.109472,-0.056320,0.038464,3.0000,2.0000,2.0000,0.0000,4.0000,34.2321,33.7937,32.3533,-20.6449,18.3926,,,
1786591382953872107,2026-08-13T10:23:02.953886,prediction,-0.066661,0.749000,0.083871,True,-0.076045,0.797567,0.077255,0.009384,0.048567,0.006616,4.59,20,0.135230,1.181449,0.383904,0.125077,1.133543,0.386144,0.134963,1.186873,0.380403,0.025492,0.067852,-0.049232,0.087621,-0.009027,0.088506,-0.046171,0.100232,1.301589,0.677471,0.254489,-0.017365,-1.091881,-1.601937,0.078534,0.163184,0.250890,0.002609,0.099482,0.080716,-0.132860,-0.351120,0.400309,-0.113376,-0.047200,0.039360,3.0000,2.0000,2.0000,0.0000,4.0000,35.0506,34.2766,31.9204,-19.7700,18.5251,,,
1786591382983561871,2026-08-13T10:23:02.983571,prediction,-0.069593,0.742000,0.081178,True,-0.061339,0.740400,0.086299,0.008254,0.001600,0.005121,0.00,20,0.135230,1.181449,0.383904,0.125927,1.135900,0.384544,0.135240,1.189032,0.378801,0.024243,0.067223,-0.045608,0.084775,-0.009027,0.088506,-0.046171,0.100232,1.298564,0.684129,0.264534,-0.017549,-1.095535,-1.598843,0.075045,0.170168,0.254377,0.005228,0.089005,0.075477,-0.146860,-0.335720,0.421308,-0.110592,-0.048864,0.037792,3.0000,2.0000,2.0000,0.0000,4.0000,35.4378,34.6316,31.7194,-19.3900,18.6229,,,
1786591383015954851,2026-08-13T10:23:03.015977,prediction,-0.071548,0.749000,0.081423,True,-0.061339,0.740400,0.086299,0.010209,0.008600,0.004876,0.00,20,0.135230,1.181449,0.383904,0.125927,1.135900,0.384544,0.134257,1.191097,0.378046,0.024243,0.067223,-0.045608,0.084775,-0.009027,0.088506,-0.046171,0.100232,1.296584,0.688964,0.271820,-0.017667,-1.097982,-1.596849,0.065010,0.174964,0.262229,0.005228,0.089005,0.067188,-0.129780,-0.325500,0.413672,-0.109088,-0.052544,0.033792,3.0000,2.0000,2.0000,0.0000,4.0000,36.3579,35.6220,31.5067,-18.2645,19.0867,,,
1786591383051549712,2026-08-13T10:23:03.051568,prediction,-0.076137,0.753000,0.079121,True,-0.061339,0.740400,0.086299,0.014797,0.012600,0.007179,0.00,20,0.133498,1.189941,0.377429,0.126967,1.138505,0.383109,0.133498,1.189941,0.377429,0.030995,0.077595,-0.042766,0.093865,-0.013118,0.064317,-0.049035,0.081934,1.294160,0.696033,0.282504,-0.017807,-1.101474,-1.594348,0.058463,0.179766,0.267902,0.002609,0.086386,0.059340,-0.152460,-0.347200,0.394748,-0.109024,-0.046656,0.034080,3.0000,2.0000,2.0000,0.0000,4.0000,37.2038,36.0906,30.7291,-17.1624,18.5072,,,
1786591383084584698,2026-08-13T10:23:03.084605,prediction,-0.078574,0.753000,0.079121,True,-0.061339,0.740400,0.086299,0.017234,0.012600,0.007179,0.00,20,0.133498,1.189941,0.377429,0.128326,1.140360,0.381516,0.133011,1.187777,0.376771,0.038537,0.052607,-0.045197,0.079343,-0.013118,0.064317,-0.049035,0.081934,1.293690,0.697464,0.284631,-0.017818,-1.102154,-1.593906,0.057156,0.179766,0.265723,0.003051,0.083335,0.053659,-0.140700,-0.352100,0.402882,-0.109088,-0.051200,0.035840,3.0000,2.0000,2.0000,0.0000,4.0000,37.9964,36.3731,30.7351,-16.1015,18.0667,,,
1786591383117631157,2026-08-13T10:23:03.117645,prediction,-0.078879,0.749000,0.076526,True,-0.061339,0.740400,0.086299,0.017540,0.008600,0.009773,0.00,20,0.133498,1.189941,0.377429,0.129847,1.142117,0.380088,0.132666,1.185148,0.376299,0.045542,0.052629,-0.042746,0.081677,-0.013118,0.064317,-0.049035,0.081934,1.293690,0.697464,0.284631,-0.017818,-1.102154,-1.593906,0.057156,0.179766,0.265723,0.003051,0.083335,0.053659,-0.140700,-0.352100,0.402882,-0.109088,-0.051200,0.035840,3.0000,2.0000,2.0000,0.0000,4.0000,38.4610,36.4919,30.6644,-15.5755,17.2427,,,
1786591383148139963,2026-08-13T10:23:03.148154,prediction,-0.081323,0.749000,0.074078,True,-0.061339,0.740400,0.086299,0.019984,0.008600,0.012221,0.00,20,0.133498,1.189941,0.377429,0.131420,1.143855,0.378806,0.132314,1.182397,0.376206,0.047613,0.052606,-0.038815,0.080876,-0.013118,0.064317,-0.049035,0.081934,1.293690,0.697464,0.284631,-0.017818,-1.102154,-1.593906,0.057156,0.179766,0.265723,0.003051,0.083335,0.053659,-0.140700,-0.352100,0.402882,-0.109088,-0.051200,0.035840,3.0000,2.0000,2.0000,0.0000,4.0000,38.3367,36.8570,29.5343,-16.1889,17.7847,,,
1786591383182443739,2026-08-13T10:23:03.182459,prediction,-0.083448,0.753000,0.071795,True,-0.061339,0.740400,0.086299,0.022108,0.012600,0.014504,0.00,20,0.132091,1.179295,0.376200,0.133156,1.144950,0.377525,0.132091,1.179295,0.376200,0.057275,0.036102,-0.042259,0.079810,-0.010530,-0.079712,-0.009205,0.080929,1.293690,0.697464,0.284631,-0.017818,-1.102154,-1.593906,0.057156,0.179766,0.265723,0.003051,0.083335,0.053659,-0.140700,-0.352100,0.402882,-0.109088,-0.051200,0.035840,3.0000,2.0000,2.0000,0.0000,4.0000,38.5643,37.0821,29.5342,-16.3606,17.9330,,,
1786591383216121469,2026-08-13T10:23:03.216145,prediction,-0.084085,0.745000,0.071463,True,-0.061339,0.740400,0.086299,0.022746,0.004600,0.014836,0.00,20,0.132091,1.179295,0.376200,0.135034,1.145915,0.376256,0.132007,1.175908,0.376297,0.054687,0.028119,-0.036938,0.071734,-0.010530,-0.079712,-0.009205,0.080929,1.288228,0.725049,0.324245,-0.018023,-1.116027,-1.588916,0.016138,0.210742,0.286229,0.000000,0.121300,0.010898,-0.113120,-0.307720,0.411680,-0.104864,-0.060896,0.031392,3.0000,2.0000,2.0000,0.0000,4.0000,39.7820,37.8767,29.3271,-16.7667,19.7248,,,
1786591383248941808,2026-08-13T10:23:03.248956,prediction,-0.083448,0.753000,0.069354,True,-0.061339,0.740400,0.086299,0.022108,0.012600,0.016946,0.00,20,0.131711,1.172447,0.376601,0.136802,1.146855,0.375125,0.131711,1.172447,0.376601,0.052029,0.027654,-0.033301,0.067681,-0.005708,-0.102707,0.006018,0.103042,1.287790,0.733053,0.334744,-0.018034,-1.121050,-1.588592,0.009598,0.232127,0.295397,0.000000,0.153584,0.005228,-0.115220,-0.295120,0.413506,-0.100512,-0.059328,0.027552,3.0000,2.0000,2.0000,0.0000,4.0000,39.9269,37.3944,30.7732,-15.0105,18.9947,,,
1786591383279131463,2026-08-13T10:23:03.279145,prediction,-0.083448,0.753000,0.069354,True,-0.061339,0.740400,0.086299,0.022108,0.012600,0.016946,0.00,20,0.131711,1.172447,0.376601,0.138527,1.147843,0.373852,0.131456,1.168956,0.376967,0.053488,0.030623,-0.039438,0.073172,-0.005708,-0.102707,0.006018,0.103042,1.287587,0.739867,0.343063,-0.018023,-1.125609,-1.588527,0.004796,0.251322,0.298884,0.000000,0.174959,0.000000,-0.110040,-0.305900,0.437078,-0.092608,-0.066688,0.025440,3.0000,2.0000,2.0000,0.0000,4.0000,39.8753,36.9890,31.2995,-14.7842,18.6063,,,
1786591383312380321,2026-08-13T10:23:03.312396,prediction,-0.084085,0.745000,0.066553,True,-0.061339,0.740400,0.086299,0.022746,0.004600,0.019746,0.00,20,0.131711,1.172447,0.376601,0.140269,1.148840,0.372572,0.131195,1.165440,0.377382,0.057225,0.032770,-0.042058,0.078214,-0.005708,-0.102707,0.006018,0.103042,1.287496,0.748270,0.352997,-0.018023,-1.131667,-1.588538,0.000000,0.272707,0.318081,0.000000,0.202015,0.000000,-0.109620,-0.252000,0.418818,-0.081152,-0.066784,0.008864,3.0000,2.0000,2.0000,0.0000,4.0000,40.0365,37.0233,30.8349,-14.8225,18.0083,,,
1786591383345474797,2026-08-13T10:23:03.345489,prediction,-0.084325,0.742000,0.066419,True,-0.061339,0.740400,0.086299,0.022985,0.001600,0.019880,0.00,20,0.131711,1.172447,0.376601,0.141861,1.149840,0.371284,0.130796,1.161939,0.377926,0.047983,0.030137,-0.038844,0.068698,-0.005708,-0.102707,0.006018,0.103042,1.287509,0.760906,0.367629,-0.018012,-1.141390,-1.588668,0.001744,0.298887,0.339896,0.000000,0.234310,0.005228,0.006160,-0.259420,0.422138,-0.060160,-0.076480,-0.028288,3.0000,2.0000,2.0000,0.0000,4.0000,40.7902,37.4650,30.3264,-13.9138,18.8203,,,
1786591383377996098,2026-08-13T10:23:03.378010,prediction,-0.086210,0.749000,0.061836,True,-0.061339,0.740400,0.086299,0.024871,0.008600,0.024463,0.00,20,0.130178,1.158235,0.378481,0.143347,1.150200,0.369966,0.130178,1.158235,0.378481,0.044955,0.010887,-0.039878,0.061071,-0.011535,-0.106964,0.014152,0.108511,1.287574,0.768347,0.375778,-0.017991,-1.147200,-1.588905,0.003051,0.315032,0.338156,0.000000,0.245208,0.010898,0.036260,-0.317940,0.439817,-0.050144,-0.069856,-0.024768,3.0000,2.0000,2.0000,0.0000,4.0000,40.1396,37.2821,29.6332,-14.6880,15.8097,,,
1786591383413523469,2026-08-13T10:23:03.413543,prediction,-0.084325,0.742000,0.059039,True,-0.061339,0.740400,0.086299,0.022985,0.001600,0.027260,0.00,20,0.130178,1.158235,0.378481,0.144915,1.150805,0.368363,0.129654,1.154610,0.378984,0.047938,0.018499,-0.048983,0.070990,-0.011535,-0.106964,0.014152,0.108511,1.287836,0.782264,0.390552,-0.017926,-1.157893,-1.589368,0.008285,0.313718,0.332915,0.003051,0.237361,0.010467,0.056700,-0.331660,0.412676,-0.029120,-0.069792,-0.028512,3.0000,2.0000,2.0000,0.0000,4.0000,40.1373,37.1951,29.5976,-15.2366,16.6868,,,
1786591383459022680,2026-08-13T10:23:03.459038,prediction,-0.083448,0.753000,0.057145,True,-0.069339,0.745318,0.078489,0.014108,0.007682,0.021345,7.01,20,0.130178,1.158235,0.378481,0.147357,1.150972,0.364934,0.128819,1.150859,0.379670,0.031465,0.005779,-0.050096,0.059440,-0.011535,-0.106964,0.014152,0.108511,1.288136,0.793397,0.402158,-0.017797,-1.166161,-1.589713,0.007853,0.304120,0.314156,0.005670,0.221213,0.010898,0.047320,-0.376880,0.395163,-0.027840,-0.067584,-0.026112,3.0000,2.0000,2.0000,0.0000,4.0000,40.2983,37.0942,30.6332,-13.9719,18.5196,,,
1786591383486336762,2026-08-13T10:23:03.486354,prediction,-0.083767,0.749000,0.054491,True,-0.076134,0.748682,0.071887,0.007633,0.000318,0.017397,5.03,20,0.130178,1.158235,0.378481,0.148302,1.151226,0.363155,0.128372,1.147083,0.379753,0.030744,0.008279,-0.057891,0.066069,-0.011535,-0.106964,0.014152,0.108511,1.288391,0.801715,0.410589,-0.017667,-1.172079,-1.589950,0.008285,0.290596,0.293650,0.005228,0.204635,0.008289,0.042420,-0.376600,0.402550,-0.024896,-0.064736,-0.027904,3.0000,2.0000,2.0000,0.0000,4.0000,39.7041,36.7206,30.3183,-14.3712,16.8178,,,
1786591383519545384,2026-08-13T10:23:03.519565,prediction,-0.083209,0.756000,0.049989,True,-0.080197,0.751574,0.063939,0.003011,0.004426,0.013950,4.38,20,0.129358,1.143564,0.378792,0.149080,1.151490,0.361060,0.129358,1.143564,0.378792,0.023877,0.008116,-0.064368,0.069131,-0.006135,-0.109740,0.002322,0.109935,1.288587,0.808516,0.417400,-0.017592,-1.176779,-1.590155,0.008285,0.277503,0.278809,0.000000,0.188487,0.007847,0.038360,-0.390880,0.389270,-0.022784,-0.066304,-0.027904,3.0000,2.0000,2.0000,0.0000,4.0000,39.1448,36.7740,31.0465,-14.9924,19.4861,,,
1786591383552081214,2026-08-13T10:23:03.552100,prediction,-0.084085,0.745000,0.046914,True,-0.081722,0.748664,0.058118,0.002363,0.003664,0.011205,4.09,20,0.129358,1.143564,0.378792,0.149610,1.151543,0.358912,0.130615,1.143302,0.377301,0.015766,0.001572,-0.063880,0.065815,-0.006135,-0.109740,0.002322,0.109935,1.288835,0.818101,0.426872,-0.017463,-1.183246,-1.590468,0.004796,0.256562,0.252630,0.005228,0.172351,0.010467,0.045500,-0.406700,0.404210,-0.026272,-0.059904,-0.026112,3.0000,2.0000,2.0000,0.0000,4.0000,38.2174,36.2908,31.6319,-15.9885,18.7757,,,
1786591383592825579,2026-08-13T10:23:03.592848,prediction,-0.083209,0.756000,0.045115,True,-0.085468,0.756664,0.053904,0.002259,0.000664,0.008789,7.17,20,0.131974,1.143691,0.375422,0.149919,1.151714,0.356645,0.131974,1.143691,0.375422,0.008166,0.004508,-0.059910,0.060631,0.039189,0.001907,-0.050476,0.063932,1.288933,0.822132,0.430798,-0.017430,-1.185887,-1.590597,0.004796,0.248271,0.239544,0.002609,0.164492,0.008289,0.045220,-0.423640,0.406617,-0.024896,-0.062560,-0.026880,3.0000,2.0000,2.0000,0.0000,4.0000,38.8043,36.5769,32.1335,-14.9715,20.2384,,,
1786591383620780881,2026-08-13T10:23:03.620806,prediction,-0.082651,0.763000,0.043107,True,-0.086862,0.763057,0.049520,0.004211,0.000057,0.006413,4.12,20,0.131974,1.143691,0.375422,0.150170,1.151908,0.354418,0.133583,1.144365,0.373263,0.008212,0.006340,-0.072769,0.073505,0.039189,0.001907,-0.050476,0.063932,1.288933,0.822132,0.430798,-0.017430,-1.185887,-1.590597,0.004796,0.248271,0.239544,0.002609,0.164492,0.008289,0.045220,-0.423640,0.406617,-0.024896,-0.062560,-0.026880,3.0000,2.0000,2.0000,0.0000,4.0000,38.7915,36.2317,32.0223,-13.9707,20.3610,,,
1786591383653025131,2026-08-13T10:23:03.653041,prediction,-0.082332,0.767000,0.043353,True,-0.084556,0.765101,0.047988,0.002224,0.001899,0.004636,4.01,20,0.135284,1.145367,0.370811,0.150237,1.152693,0.352369,0.135284,1.145367,0.370811,0.002059,0.024041,-0.062692,0.067175,0.049651,0.025140,-0.069174,0.088782,1.288933,0.822132,0.430798,-0.017430,-1.185887,-1.590597,0.004796,0.248271,0.239544,0.002609,0.164492,0.008289,0.045220,-0.423640,0.406617,-0.024896,-0.062560,-0.026880,3.0000,2.0000,2.0000,0.0000,4.0000,38.6089,35.9698,32.1155,-14.3889,20.1183,,,
1786591383686734556,2026-08-13T10:23:03.686754,prediction,-0.083767,0.749000,0.042249,True,-0.083433,0.757161,0.045878,0.000333,0.008161,0.003629,4.24,20,0.135284,1.145367,0.370811,0.150258,1.153597,0.350399,0.136832,1.146776,0.368257,0.000636,0.027046,-0.058946,0.064858,0.049651,0.025140,-0.069174,0.088782,1.288999,0.825059,0.433645,-0.017398,-1.187774,-1.590694,0.006540,0.241724,0.234310,0.002609,0.156203,0.007847,0.046060,-0.430500,0.406119,-0.024896,-0.062176,-0.029280,3.0000,2.0000,2.0000,0.0000,4.0000,38.5333,35.8802,31.9877,-14.7076,20.3148,,,
1786591383720145723,2026-08-13T10:23:03.720162,prediction,-0.082093,0.770000,0.043537,True,-0.085006,0.765161,0.044732,0.002913,0.004839,0.001195,4.28,20,0.138305,1.148266,0.365562,0.150126,1.154738,0.348538,0.138305,1.148266,0.365562,-0.004020,0.034522,-0.056342,0.066199,0.045436,0.043604,-0.078949,0.100988,1.289463,0.857322,0.464858,-0.017236,-1.208093,-1.592020,0.003051,0.222091,0.225143,0.000000,0.134817,0.008289,0.051380,-0.368200,0.386033,-0.018592,-0.054784,-0.028832,3.0000,2.0000,2.0000,0.0000,4.0000,38.5717,35.7740,32.5481,-14.9393,19.9136,,,
1786591383752241813,2026-08-13T10:23:03.752261,prediction,-0.079684,0.770000,0.043537,True,-0.079974,0.768782,0.044350,0.000290,0.001218,0.000813,4.03,20,0.138305,1.148266,0.365562,0.149875,1.155873,0.346817,0.139883,1.149882,0.362791,-0.007751,0.035052,-0.053161,0.064147,0.045436,0.043604,-0.078949,0.100988,1.289463,0.857322,0.464858,-0.017236,-1.208093,-1.592020,0.003051,0.222091,0.225143,0.000000,0.134817,0.008289,0.051380,-0.368200,0.386033,-0.018592,-0.054784,-0.028832,3.0000,2.0000,2.0000,0.0000,4.0000,38.6892,35.6328,33.2305,-14.7373,19.9767,,,
1786591383787374483,2026-08-13T10:23:03.787390,prediction,-0.080464,0.760000,0.042923,True,-0.075218,0.760782,0.044339,0.005246,0.000782,0.001415,4.26,20,0.141125,1.151525,0.359994,0.149676,1.157006,0.345055,0.141125,1.151525,0.359994,-0.005701,0.032493,-0.050505,0.060325,0.042154,0.048716,-0.083226,0.105246,1.289463,0.857322,0.464858,-0.017236,-1.208093,-1.592020,0.003051,0.222091,0.225143,0.000000,0.134817,0.008289,0.051380,-0.368200,0.386033,-0.018592,-0.054784,-0.028832,3.0000,2.0000,2.0000,0.0000,4.0000,38.7295,35.5014,32.0587,-14.0171,17.4213,,,
1786591383821164061,2026-08-13T10:23:03.821185,prediction,-0.080230,0.763000,0.043107,True,-0.076518,0.758863,0.044097,0.003712,0.004137,0.000989,4.39,20,0.141125,1.151525,0.359994,0.149419,1.157766,0.343491,0.142050,1.153175,0.357197,-0.007635,0.022577,-0.046430,0.052190,0.042154,0.048716,-0.083226,0.105246,1.289463,0.857322,0.464858,-0.017236,-1.208093,-1.592020,0.003051,0.222091,0.225143,0.000000,0.134817,0.008289,0.051380,-0.368200,0.386033,-0.018592,-0.054784,-0.028832,3.0000,2.0000,2.0000,0.0000,4.0000,38.5844,35.8487,31.9373,-15.6496,18.5179,,,
1786591383852907560,2026-08-13T10:23:03.852924,prediction,-0.079684,0.770000,0.041123,True,-0.073383,0.765105,0.043052,0.006301,0.004895,0.001929,4.03,20,0.143062,1.154592,0.354383,0.149109,1.158878,0.341805,0.143062,1.154592,0.354383,-0.009545,0.034305,-0.052025,0.063044,0.029128,0.046105,-0.084366,0.100458,1.289463,0.857322,0.464858,-0.017236,-1.208093,-1.592020,0.003051,0.222091,0.225143,0.000000,0.134817,0.008289,0.051380,-0.368200,0.386033,-0.018592,-0.054784,-0.028832,3.0000,2.0000,2.0000,0.0000,4.0000,38.6258,35.6228,31.8683,-15.9487,18.2495,,,
1786591383888112918,2026-08-13T10:23:03.888133,prediction,-0.079137,0.777000,0.041564,True,-0.069380,0.771281,0.043799,0.009757,0.005719,0.002235,4.64,20,0.143062,1.154592,0.354383,0.148638,1.160434,0.340454,0.143865,1.155962,0.351500,-0.013715,0.045249,-0.039307,0.061487,0.029128,0.046105,-0.084366,0.100458,1.289502,0.860008,0.467572,-0.017225,-1.209688,-1.592117,0.003489,0.223835,0.226451,0.002609,0.132208,0.007847,0.054740,-0.342860,0.380555,-0.017152,-0.057056,-0.031616,3.0000,2.0000,2.0000,0.0000,4.0000,38.4425,35.5674,31.8827,-15.9348,18.2438,,,
1786591383922777496,2026-08-13T10:23:03.922806,prediction,-0.077275,0.770000,0.038709,True,-0.063155,0.764723,0.043550,0.014119,0.005277,0.004841,7.47,20,0.144401,1.157554,0.348667,0.148168,1.162239,0.339098,0.144401,1.157554,0.348667,-0.014513,0.055722,-0.041852,0.071184,0.019816,0.043838,-0.084600,0.097322,1.290841,0.910395,0.520941,-0.016999,-1.238868,-1.594111,0.009598,0.266160,0.297575,0.002609,0.156203,0.010898,0.068740,-0.393260,0.407530,-0.019488,-0.067360,-0.032224,3.0000,2.0000,2.0000,0.0000,4.0000,38.4210,35.5497,31.8781,-15.3225,18.8810,,,
1786591383952954855,2026-08-13T10:23:03.952976,prediction,-0.077275,0.770000,0.038709,True,-0.067617,0.762638,0.042753,0.009658,0.007362,0.004044,6.19,20,0.144401,1.157554,0.348667,0.147756,1.163720,0.337869,0.144522,1.159190,0.345817,-0.013300,0.047860,-0.039720,0.063602,0.019816,0.043838,-0.084600,0.097322,1.291076,0.916785,0.528213,-0.016988,-1.242705,-1.594424,0.010029,0.266160,0.308483,0.000000,0.161442,0.010898,0.065100,-0.409780,0.426039,-0.019040,-0.064000,-0.030720,3.0000,2.0000,2.0000,0.0000,4.0000,38.2389,35.4804,31.7180,-16.2520,18.6691,,,
1786591383983248292,2026-08-13T10:23:03.983270,prediction,-0.077275,0.770000,0.036296,True,-0.065255,0.762786,0.040605,0.012020,0.007214,0.004309,4.74,20,0.144401,1.157554,0.348667,0.147323,1.165136,0.336656,0.144407,1.160814,0.343435,-0.013747,0.044983,-0.038529,0.060802,0.019816,0.043838,-0.084600,0.097322,1.291383,0.924181,0.537164,-0.016934,-1.247330,-1.594833,0.011342,0.264416,0.328989,0.002609,0.164492,0.013517,0.058240,-0.433580,0.457330,-0.023488,-0.068960,-0.032224,3.0000,2.0000,2.0000,0.0000,4.0000,38.0195,35.4286,31.6697,-17.0525,19.0969,,,
1786591384019100465,2026-08-13T10:23:04.019124,prediction,-0.077504,0.767000,0.033678,True,-0.063084,0.763870,0.038215,0.014420,0.003130,0.004537,7.94,20,0.144401,1.157554,0.348667,0.146943,1.166326,0.335569,0.143682,1.162071,0.341349,-0.011765,0.036810,-0.033637,0.051233,0.019816,0.043838,-0.084600,0.097322,1.291749,0.932524,0.548250,-0.016891,-1.252784,-1.595340,0.011342,0.258307,0.360841,0.003051,0.172351,0.016137,0.062580,-0.461860,0.444133,-0.022208,-0.067296,-0.031904,3.0000,2.0000,2.0000,0.0000,4.0000,37.9225,35.1433,31.6044,-17.1252,18.7238,,,
1786591384050614892,2026-08-13T10:23:04.050630,prediction,-0.074866,0.770000,0.033882,True,-0.059898,0.759443,0.038483,0.014968,0.010557,0.004601,7.15,20,0.142541,1.163074,0.339634,0.146329,1.167684,0.334700,0.142541,1.163074,0.339634,-0.018612,0.041119,-0.026306,0.052242,-0.014047,0.041693,-0.068220,0.081176,1.292167,0.941469,0.561775,-0.016827,-1.258885,-1.595911,0.011342,0.239980,0.384841,0.003051,0.166670,0.016137,0.065100,-0.447860,0.452184,-0.022496,-0.063616,-0.034080,3.0000,2.0000,2.0000,0.0000,4.0000,37.8746,35.1706,31.5150,-16.6984,19.1796,,,
1786591384079506461,2026-08-13T10:23:04.079523,prediction,-0.074567,0.774000,0.031747,True,-0.062319,0.763923,0.035857,0.012247,0.010077,0.004110,4.45,20,0.142541,1.163074,0.339634,0.145752,1.168702,0.333809,0.141086,1.164027,0.338325,-0.018485,0.032671,-0.028594,0.047188,-0.014047,0.041693,-0.068220,0.081176,1.292167,0.941469,0.561775,-0.016827,-1.258885,-1.595911,0.011342,0.239980,0.384841,0.003051,0.166670,0.016137,0.065100,-0.447860,0.452184,-0.022496,-0.063616,-0.034080,3.0000,2.0000,2.0000,0.0000,4.0000,37.5739,35.1413,31.4998,-17.1982,19.3561,,,
1786591384118929521,2026-08-13T10:23:04.118946,prediction,-0.074342,0.777000,0.029553,True,-0.062520,0.766768,0.032850,0.011822,0.010232,0.003296,7.43,20,0.139543,1.164873,0.337122,0.145198,1.169866,0.332905,0.139543,1.164873,0.337122,-0.014775,0.031040,-0.024103,0.041984,-0.044786,0.026877,-0.037527,0.064315,1.292167,0.941469,0.561775,-0.016827,-1.258885,-1.595911,0.011342,0.239980,0.384841,0.003051,0.166670,0.016137,0.065100,-0.447860,0.452184,-0.022496,-0.063616,-0.034080,3.0000,2.0000,2.0000,0.0000,4.0000,37.4361,34.7853,31.5422,-18.0771,18.6339,,,
1786591384142283695,2026-08-13T10:23:04.142291,prediction,-0.074567,0.774000,0.026933,True,-0.076649,0.771900,0.035219,0.002082,0.002100,0.008287,0.00,20,0.139543,1.164873,0.337122,0.144681,1.170685,0.331811,0.137920,1.165430,0.336011,-0.016509,0.026130,-0.034909,0.046626,-0.044786,0.026877,-0.037527,0.064315,1.292167,0.941469,0.561775,-0.016827,-1.258885,-1.595911,0.011342,0.239980,0.384841,0.003051,0.166670,0.016137,0.065100,-0.447860,0.452184,-0.022496,-0.063616,-0.034080,3.0000,2.0000,2.0000,0.0000,4.0000,37.3672,34.8125,31.7736,-17.1380,19.0007,,,
1786591384178665939,2026-08-13T10:23:04.178681,prediction,-0.072164,0.774000,0.024526,True,-0.076649,0.771900,0.035219,0.004485,0.002100,0.010694,0.00,20,0.137393,1.165739,0.335159,0.144681,1.170685,0.331811,0.137393,1.165739,0.335159,-0.016509,0.026130,-0.034909,0.046626,-0.032286,0.012999,-0.029473,0.045607,1.292318,0.944311,0.566422,-0.016794,-1.260858,-1.596095,0.013087,0.235178,0.388328,0.002609,0.161873,0.016137,0.057960,-0.470540,0.445876,-0.021888,-0.058496,-0.033792,3.0000,2.0000,2.0000,0.0000,4.0000,37.7738,34.7295,31.1847,-17.9954,20.9311,,,
1786591384215453318,2026-08-13T10:23:04.215472,prediction,-0.071652,0.781000,0.025047,True,-0.076649,0.771900,0.035219,0.004997,0.009100,0.010172,0.00,20,0.137393,1.165739,0.335159,0.143907,1.171435,0.330629,0.136941,1.166272,0.334449,-0.020781,0.020165,-0.031744,0.042967,-0.032286,0.012999,-0.029473,0.045607,1.293651,0.968178,0.612720,-0.016535,-1.277113,-1.597625,0.005233,0.109517,0.245217,0.002609,0.080716,0.010467,0.056700,-0.568820,0.379310,-0.024832,-0.048384,-0.033632,3.0000,2.0000,2.0000,0.0000,4.0000,37.2050,33.8320,30.7957,-18.4868,19.5007,,,
1786591384247151508,2026-08-13T10:23:04.247166,prediction,-0.069762,0.774000,0.022118,True,-0.076649,0.771900,0.035219,0.006887,0.002100,0.013101,0.00,20,0.137393,1.165739,0.335159,0.143211,1.171959,0.329397,0.136384,1.166742,0.333815,-0.018843,0.014171,-0.033370,0.040859,-0.032286,0.012999,-0.029473,0.045607,1.293651,0.968178,0.612720,-0.016535,-1.277113,-1.597625,0.005233,0.109517,0.245217,0.002609,0.080716,0.010467,0.056700,-0.568820,0.379310,-0.024832,-0.048384,-0.033632,3.0000,2.0000,2.0000,0.0000,4.0000,37.1790,34.2245,30.8868,-18.3447,20.0715,,,
1786591384287853806,2026-08-13T10:23:04.287883,prediction,-0.069762,0.774000,0.019711,True,-0.076649,0.771900,0.035219,0.006887,0.002100,0.015508,0.00,20,0.137393,1.165739,0.335159,0.142550,1.172277,0.327969,0.136162,1.167195,0.333206,-0.020992,0.010093,-0.045315,0.050951,-0.032286,0.012999,-0.029473,0.045607,1.293651,0.968178,0.612720,-0.016535,-1.277113,-1.597625,0.005233,0.109517,0.245217,0.002609,0.080716,0.010467,0.056700,-0.568820,0.379310,-0.024832,-0.048384,-0.033632,3.0000,2.0000,2.0000,0.0000,4.0000,37.2535,34.3332,30.3554,-17.6319,19.3457,,,
1786591384321605350,2026-08-13T10:23:04.321632,prediction,-0.069261,0.781000,0.020256,True,-0.076649,0.771900,0.035219,0.007388,0.009100,0.014963,0.00,20,0.136257,1.167645,0.332598,0.141836,1.172554,0.326421,0.136257,1.167645,0.332598,-0.017373,0.006743,-0.037678,0.042035,-0.008522,0.014302,-0.019219,0.025427,1.293651,0.968178,0.612720,-0.016535,-1.277113,-1.597625,0.005233,0.109517,0.245217,0.002609,0.080716,0.010467,0.056700,-0.568820,0.379310,-0.024832,-0.048384,-0.033632,3.0000,2.0000,2.0000,0.0000,4.0000,37.2435,34.3234,30.6404,-17.3569,18.8662,,,
1786591384352139654,2026-08-13T10:23:04.352159,prediction,-0.070048,0.770000,0.019400,True,-0.076649,0.771900,0.035219,0.006601,0.001900,0.015819,0.00,20,0.136257,1.167645,0.332598,0.141105,1.173196,0.324898,0.136266,1.168328,0.332006,-0.021731,0.019081,-0.045272,0.053721,-0.008522,0.014302,-0.019219,0.025427,1.293651,0.968178,0.612720,-0.016535,-1.277113,-1.597625,0.005233,0.109517,0.245217,0.002609,0.080716,0.010467,0.056700,-0.568820,0.379310,-0.024832,-0.048384,-0.033632,3.0000,2.0000,2.0000,0.0000,4.0000,37.2213,34.4548,30.6431,-17.1392,18.4287,,,
1786591384381943376,2026-08-13T10:23:04.381963,prediction,-0.069762,0.774000,0.019711,True,-0.076649,0.771900,0.035219,0.006887,0.002100,0.015508,0.00,20,0.136257,1.167645,0.332598,0.140463,1.173911,0.323450,0.136484,1.169058,0.331484,-0.021215,0.023615,-0.047826,0.057403,-0.008522,0.014302,-0.019219,0.025427,1.293651,0.968178,0.612720,-0.016535,-1.277113,-1.597625,0.005233,0.109517,0.245217,0.002609,0.080716,0.010467,0.056700,-0.568820,0.379310,-0.024832,-0.048384,-0.033632,3.0000,2.0000,2.0000,0.0000,4.0000,37.4370,34.5711,30.6528,-17.6667,19.7182,,,
1786591384411264459,2026-08-13T10:23:04.411287,prediction,-0.067150,0.777000,0.019945,True,-0.076649,0.771900,0.035219,0.009499,0.005100,0.015275,0.00,20,0.136257,1.167645,0.332598,0.139838,1.174267,0.321993,0.136968,1.169566,0.330912,-0.021016,0.011982,-0.048984,0.054632,-0.008522,0.014302,-0.019219,0.025427,1.293651,0.968178,0.612720,-0.016535,-1.277113,-1.597625,0.005233,0.109517,0.245217,0.002609,0.080716,0.010467,0.056700,-0.568820,0.379310,-0.024832,-0.048384,-0.033632,3.0000,2.0000,2.0000,0.0000,4.0000,37.6653,34.0035,31.5443,-16.6189,20.1644,,,
1786591384440767004,2026-08-13T10:23:04.440796,prediction,-0.067359,0.774000,0.019711,True,-0.076649,0.771900,0.035219,0.009290,0.002100,0.015508,0.00,20,0.137868,1.170030,0.330357,0.139163,1.174552,0.320742,0.137868,1.170030,0.330357,-0.022982,0.009690,-0.042593,0.049359,0.012082,0.017890,-0.016814,0.027363,1.293651,0.968178,0.612720,-0.016535,-1.277113,-1.597625,0.005233,0.109517,0.245217,0.002609,0.080716,0.010467,0.056700,-0.568820,0.379310,-0.024832,-0.048384,-0.033632,3.0000,2.0000,2.0000,0.0000,4.0000,37.2266,34.1852,31.5288,-16.7556,19.7396,,,
1786591384472157288,2026-08-13T10:23:04.472170,prediction,-0.067150,0.777000,0.019945,True,-0.076649,0.771900,0.035219,0.009499,0.005100,0.015275,0.00,20,0.137868,1.170030,0.330357,0.138502,1.174822,0.319475,0.138470,1.170506,0.329854,-0.022367,0.009145,-0.042855,0.049198,0.012082,0.017890,-0.016814,0.027363,1.294056,0.975045,0.628594,-0.016492,-1.281888,-1.598164,0.000000,0.000000,0.000000,0.000000,0.000000,0.000000,0.046060,-0.593320,0.329261,-0.043264,-0.048480,-0.027392,3.0000,2.0000,2.0000,0.0000,4.0000,37.7096,34.6130,30.8379,-16.6271,20.3796,,,
1786591384504759786,2026-08-13T10:23:04.504777,prediction,-0.067639,0.770000,0.019400,True,-0.076649,0.771900,0.035219,0.009010,0.001900,0.015819,0.00,20,0.139230,1.171087,0.329495,0.137827,1.175250,0.318385,0.139230,1.171087,0.329495,-0.021594,0.013672,-0.034872,0.043235,0.020456,0.015874,-0.012938,0.028945,1.294062,0.975045,0.628601,-0.016492,-1.281899,-1.598164,0.000000,0.000000,0.000000,0.000000,0.000000,0.000000,0.040600,-0.607180,0.327933,-0.046304,-0.047488,-0.025952,3.0000,2.0000,2.0000,0.0000,4.0000,37.4389,34.6583,30.8484,-16.4176,19.9813,,,
1786591384535431452,2026-08-13T10:23:04.535450,prediction,-0.067639,0.770000,0.016986,True,-0.076649,0.771900,0.035219,0.009010,0.001900,0.018233,0.00,20,0.139230,1.171087,0.329495,0.137169,1.175548,0.317433,0.140134,1.171689,0.329296,-0.020270,0.009209,-0.029337,0.036829,0.020456,0.015874,-0.012938,0.028945,1.294062,0.975045,0.628601,-0.016492,-1.281899,-1.598164,0.000000,0.000000,0.000000,0.000000,0.000000,0.000000,0.040600,-0.607180,0.327933,-0.046304,-0.047488,-0.025952,3.0000,2.0000,2.0000,0.0000,4.0000,37.7911,34.8116,30.2077,-17.2588,20.5258,,,
1786591384570097932,2026-08-13T10:23:04.570110,prediction,-0.066871,0.781000,0.017861,True,-0.076649,0.771900,0.035219,0.009778,0.009100,0.017359,0.00,20,0.141251,1.172296,0.329078,0.136687,1.175608,0.316307,0.141251,1.172296,0.329078,-0.015581,0.001933,-0.036425,0.039665,0.030152,0.018035,-0.006225,0.035681,1.294062,0.975045,0.628601,-0.016492,-1.281899,-1.598164,0.000000,0.000000,0.000000,0.000000,0.000000,0.000000,0.040600,-0.607180,0.327933,-0.046304,-0.047488,-0.025952,3.0000,2.0000,2.0000,0.0000,4.0000,37.4084,34.8195,30.3826,-18.1606,19.2407,,,
1786591384601575270,2026-08-13T10:23:04.601593,prediction,-0.067150,0.777000,0.017543,True,-0.076649,0.771900,0.035219,0.009499,0.005100,0.017677,0.00,20,0.141251,1.172296,0.329078,0.136174,1.175620,0.315381,0.142206,1.172845,0.329036,-0.014832,0.000346,-0.026761,0.030598,0.030152,0.018035,-0.006225,0.035681,1.294062,0.975045,0.628601,-0.016492,-1.281899,-1.598164,0.000000,0.000000,0.000000,0.000000,0.000000,0.000000,0.040600,-0.607180,0.327933,-0.046304,-0.047488,-0.025952,3.0000,2.0000,2.0000,0.0000,4.0000,37.3638,34.7881,30.4450,-17.7155,18.7621,,,
1786591384632676149,2026-08-13T10:23:04.632694,prediction,-0.068127,0.763000,0.016430,True,-0.076649,0.771900,0.035219,0.008522,0.008900,0.018790,0.00,20,0.143148,1.173380,0.329194,0.135695,1.175783,0.314580,0.143148,1.173380,0.329194,-0.015191,0.005144,-0.025367,0.030012,0.028420,0.016252,0.001730,0.032785,1.294062,0.975045,0.628601,-0.016492,-1.281899,-1.598164,0.000000,0.000000,0.000000,0.000000,0.000000,0.000000,0.041720,-0.609700,0.327352,-0.046880,-0.047360,-0.025664,3.0000,2.0000,2.0000,0.0000,4.0000,37.4431,34.6225,31.1734,-17.0362,18.7595,,,
1786591384663548294,2026-08-13T10:23:04.663567,prediction,-0.067639,0.770000,0.014573,True,-0.076649,0.771900,0.035219,0.009010,0.001900,0.020647,0.00,20,0.143148,1.173380,0.329194,0.135265,1.175975,0.313880,0.143148,1.173761,0.329194,-0.013928,0.006245,-0.022717,0.027369,0.028420,0.016252,0.001730,0.032785,1.294114,0.975143,0.628601,-0.016492,-1.281920,-1.598164,0.003489,0.007853,0.000000,0.000000,0.000000,0.002609,0.068460,-0.507360,0.323783,-0.053984,-0.054048,-0.025120,3.0000,2.0000,2.0000,0.0000,4.0000,37.8066,34.4732,31.2868,-16.7041,19.9063,,,
1786591384693481922,2026-08-13T10:23:04.693500,prediction,-0.067639,0.770000,0.014573,True,-0.076649,0.771900,0.035219,0.009010,0.001900,0.020647,0.00,20,0.143148,1.173380,0.329194,0.134964,1.175800,0.313217,0.143148,1.173837,0.329194,-0.009637,-0.005585,-0.021195,0.023943,0.028420,0.016252,0.001730,0.032785,1.294474,0.976143,0.629226,-0.016492,-1.282891,-1.598337,0.011342,0.039267,0.033161,0.000000,0.043193,0.010898,0.077700,-0.414960,0.339968,-0.048640,-0.054784,-0.035008,3.0000,2.0000,2.0000,0.0000,4.0000,37.7714,34.5253,31.4421,-15.5533,19.0921,,,
1786591384726012781,2026-08-13T10:23:04.726034,prediction,-0.067359,0.774000,0.012490,True,-0.076649,0.771900,0.035219,0.009290,0.002100,0.022729,0.00,20,0.143148,1.173380,0.329194,0.134696,1.175552,0.312518,0.143148,1.173853,0.329194,-0.008987,-0.008340,-0.023454,0.026465,0.028420,0.016252,0.001730,0.032785,1.294631,0.976698,0.629724,-0.016492,-1.283516,-1.598488,0.013087,0.050609,0.046685,0.000000,0.056721,0.013086,0.080780,-0.408520,0.345446,-0.045472,-0.061056,-0.035680,3.0000,2.0000,2.0000,0.0000,4.0000,37.9303,34.5726,30.9714,-16.3027,19.0293,,,
1786591384760318893,2026-08-13T10:23:04.760334,prediction,-0.067848,0.767000,0.011911,True,-0.076649,0.771900,0.035219,0.008801,0.004900,0.023309,0.00,20,0.143148,1.173856,0.329194,0.134536,1.175289,0.311877,0.143148,1.173856,0.329194,-0.004917,-0.008075,-0.019707,0.021857,0.000000,0.003572,0.000000,0.003572,1.294631,0.976698,0.629724,-0.016492,-1.283516,-1.598488,0.013087,0.050609,0.046685,0.000000,0.056721,0.013086,0.080780,-0.408520,0.345446,-0.045472,-0.061056,-0.035680,3.0000,2.0000,2.0000,0.0000,4.0000,38.1601,34.6577,30.9431,-15.3197,18.8080,,,
1786591384794831693,2026-08-13T10:23:04.794846,prediction,-0.067848,0.767000,0.009492,True,-0.076649,0.771900,0.035219,0.008801,0.004900,0.025728,0.00,20,0.143148,1.173856,0.329194,0.134408,1.175023,0.311356,0.143148,1.173856,0.329194,-0.003721,-0.007757,-0.015169,0.017439,0.000000,0.003572,0.000000,0.003572,1.294631,0.976698,0.629724,-0.016492,-1.283516,-1.598488,0.013087,0.050609,0.046685,0.000000,0.056721,0.013086,0.080780,-0.408520,0.345446,-0.045472,-0.061056,-0.035680,3.0000,2.0000,2.0000,0.0000,4.0000,38.0887,34.8028,30.3317,-15.5210,18.7020,,,
1786591384827322216,2026-08-13T10:23:04.827337,prediction,-0.065434,0.767000,0.007073,True,-0.076649,0.771900,0.035219,0.011215,0.004900,0.028146,0.00,20,0.143148,1.173856,0.329194,0.134314,1.174596,0.310639,0.143148,1.173856,0.329194,-0.002747,-0.012432,-0.020917,0.024488,0.000000,0.000011,0.000000,0.000011,1.294631,0.976698,0.629724,-0.016492,-1.283516,-1.598488,0.013087,0.050609,0.046685,0.000000,0.056721,0.013086,0.080780,-0.408520,0.345446,-0.045472,-0.061056,-0.035680,3.0000,2.0000,2.0000,0.0000,4.0000,38.0532,34.7379,30.4174,-15.4785,19.0694,,,
1786591384857746846,2026-08-13T10:23:04.857770,prediction,-0.065434,0.767000,0.004655,True,-0.076649,0.771900,0.035219,0.011215,0.004900,0.030565,0.00,20,0.143148,1.173856,0.329194,0.134006,1.174138,0.309817,0.143148,1.173856,0.329194,-0.009501,-0.014167,-0.025385,0.030584,0.000000,0.000011,0.000000,0.000011,1.294631,0.976698,0.629724,-0.016492,-1.283516,-1.598488,0.013087,0.050609,0.046685,0.000000,0.056721,0.013086,0.080780,-0.408520,0.345446,-0.045472,-0.061056,-0.035680,3.0000,2.0000,2.0000,0.0000,4.0000,37.9722,34.6726,30.3681,-14.3803,19.4362,,,
1786591384893500524,2026-08-13T10:23:04.893510,prediction,-0.064957,0.774000,0.002862,True,-0.076649,0.771900,0.035219,0.011692,0.002100,0.032358,0.00,20,0.143148,1.173856,0.329194,0.133718,1.173673,0.308813,0.143148,1.173856,0.329194,-0.009356,-0.015081,-0.032550,0.037073,0.000000,0.000000,0.000000,0.000000,1.294631,0.976698,0.629724,-0.016492,-1.283516,-1.598488,0.013087,0.050609,0.046685,0.000000,0.056721,0.013086,0.080780,-0.408520,0.345446,-0.045472,-0.061056,-0.035680,3.0000,2.0000,2.0000,0.0000,4.0000,37.8386,34.4339,29.8438,-15.7036,20.7508,,,
1786591384926630338,2026-08-13T10:23:04.926652,prediction,-0.065229,0.770000,0.002504,True,-0.076649,0.771900,0.035219,0.011420,0.001900,0.032715,0.00,20,0.143148,1.173856,0.329194,0.133572,1.173206,0.307674,0.143148,1.173856,0.329194,-0.004123,-0.013150,-0.032113,0.034946,0.000000,0.000000,0.000000,0.000000,1.304046,1.013809,0.667227,-0.015705,-1.329899,-1.609332,0.063703,0.277503,0.291464,0.002609,0.339894,0.078096,0.117740,-0.369180,0.397570,-0.027840,-0.079040,-0.036064,3.0000,2.0000,2.0000,0.0000,4.0000,37.8704,34.4696,28.9226,-15.0341,19.7149,,,
1786591384957718957,2026-08-13T10:23:04.957741,prediction,-0.064752,0.777000,0.003130,True,-0.076649,0.771900,0.035219,0.011897,0.005100,0.032089,0.00,20,0.143148,1.173856,0.329194,0.133430,1.172900,0.306527,0.143148,1.173856,0.329194,-0.004259,-0.009197,-0.034410,0.035872,0.000000,0.000000,0.000000,0.000000,1.306045,1.022937,0.676632,-0.015555,-1.340431,-1.611692,0.060207,0.289283,0.293650,0.005228,0.315468,0.069807,0.099820,-0.371280,0.390681,-0.027104,-0.074752,-0.038400,3.0000,2.0000,2.0000,0.0000,4.0000,37.7983,34.3981,29.0290,-13.9023,20.0819,,,
1786591384991889064,2026-08-13T10:23:04.991907,prediction,-0.064752,0.777000,0.003130,True,-0.076649,0.771900,0.035219,0.011897,0.005100,0.032089,0.00,20,0.143148,1.173856,0.329194,0.133270,1.172678,0.305406,0.143148,1.173856,0.329194,-0.005136,-0.007112,-0.036021,0.037073,0.000000,0.000000,0.000000,0.000000,1.307606,1.031025,0.684759,-0.015414,-1.348806,-1.613482,0.050609,0.288851,0.287977,0.005670,0.287970,0.058898,0.097300,-0.397320,0.403878,-0.030112,-0.073472,-0.036512,3.0000,2.0000,2.0000,0.0000,4.0000,37.9294,34.2364,29.6920,-14.2861,20.6846,,,
1786591385034179152,2026-08-13T10:23:05.034200,prediction,-0.064275,0.784000,0.003756,True,-0.073613,0.775931,0.030617,0.009337,0.008069,0.026860,7.69,20,0.143148,1.173856,0.329194,0.132853,1.173191,0.303440,0.143148,1.173856,0.329194,-0.007149,0.012642,-0.028123,0.031651,0.000000,0.000000,0.000000,0.000000,1.307606,1.031025,0.684759,-0.015414,-1.348806,-1.613482,0.050609,0.288851,0.287977,0.005670,0.287970,0.058898,0.097300,-0.397320,0.403878,-0.030112,-0.073472,-0.036512,3.0000,2.0000,2.0000,0.0000,4.0000,37.8456,34.1161,30.2597,-13.2053,19.5210,,,
1786591385065622997,2026-08-13T10:23:05.065646,prediction,-0.062089,0.781000,0.003488,True,-0.066788,0.772586,0.027085,0.004699,0.008415,0.023598,5.27,20,0.143148,1.173856,0.329194,0.132534,1.173857,0.302481,0.142946,1.173856,0.328887,-0.009288,0.019403,-0.027917,0.035243,0.000000,0.000000,0.000000,0.000000,1.307606,1.031025,0.684759,-0.015414,-1.348806,-1.613482,0.050609,0.288851,0.287977,0.005670,0.287970,0.058898,0.097300,-0.397320,0.403878,-0.030112,-0.073472,-0.036512,3.0000,2.0000,2.0000,0.0000,4.0000,37.6242,34.1705,29.9259,-13.4385,18.9731,,,


============================================================
EXPERIMENT METRICS
  File: experiment_GRU_20260813_102257.csv
  Total samples: 232
  Task completion time: 7.88 s
  --- Prediction Accuracy (over 232 samples) ---
  Avg Inference Time: 4.73 ms
  Mean Squared Error (MSE): 0.002787 m²
  Mean Absolute Error (MAE - 3D): 0.0466 m
      MAE X: 0.0264 m
      MAE Y: 0.0316 m
      MAE Z: 0.0106 m
  --- Trajectory Smoothness (Robot EE) ---
  Mean Jerk (3D): 7.6760 m/s³
      Jerk X: 3.6079 m/s³
      Jerk Y: 5.5849 m/s³
      Jerk Z: 2.0947 m/s³
  Max Jerk (3D): 50.1403 m/s³
  RMS Jerk (3D): 11.0085 m/s³
============================================================
