ros_timestamp_ns,wall_time,trajectory_mode,meas_x,meas_y,meas_z,is_tracked,pred_x,pred_y,pred_z,mae_x,mae_y,mae_z,inference_ms,buffer_size,robot_ee_x,robot_ee_y,robot_ee_z,hand_base_x,hand_base_y,hand_base_z,target_cmd_x,target_cmd_y,target_cmd_z,hand_vel_x,hand_vel_y,hand_vel_z,hand_speed,ee_vel_x,ee_vel_y,ee_vel_z,ee_speed,j1_pos,j2_pos,j3_pos,j4_pos,j5_pos,j6_pos,j1_vel,j2_vel,j3_vel,j4_vel,j5_vel,j6_vel,j1_eff,j2_eff,j3_eff,j4_eff,j5_eff,j6_eff,rula_upper_arm,rula_lower_arm,rula_wrist,rula_twist,rula_total,rula_alpha_s,rula_alpha_c,rula_beta_s,rula_beta_t,rula_gamma_s,adapt_w,adapt_sr,adapt_se
1786590090005989544,2026-08-13T10:01:30.006007,ground_truth,0.218976,0.017000,0.046028,True,,,,,,,,,-0.159509,0.340928,0.380302,-0.192001,0.220863,0.370030,-0.053254,1.041086,0.286524,0.001664,0.048185,0.000333,0.048215,0.000000,0.000000,0.000000,0.000000,1.563476,0.184640,-0.948155,0.000011,-0.444335,-1.436313,0.000000,0.000000,0.000000,0.000000,0.000000,0.000000,-0.007000,-0.108080,0.118856,-0.021152,-0.006752,0.014368,1.0000,2.0000,1.0000,0.0000,2.0000,4.5072,10.2690,51.2245,-9.6581,10.4457,,,
1786590090034001234,2026-08-13T10:01:30.034019,ground_truth,0.219802,0.008000,0.045863,True,,,,,,,,,-0.161990,0.280062,0.378525,-0.161990,0.280062,0.378525,-0.161990,0.280062,0.378525,0.697017,1.374935,0.197303,1.554094,-0.000631,-0.015483,-0.000452,0.015503,1.563476,0.184640,-0.948155,0.000011,-0.444335,-1.436313,0.000000,0.000000,0.000000,0.000000,0.000000,0.000000,-0.005460,-0.105980,0.119686,-0.021280,-0.004736,0.012928,1.0000,2.0000,1.0000,0.0000,2.0000,4.4832,10.1205,51.2877,-9.8198,10.1242,,,
1786590090067308741,2026-08-13T10:01:30.067334,ground_truth,0.220536,-0.000000,0.045716,True,,,,,,,,,-0.161990,0.280062,0.378525,-0.161990,0.280062,0.378525,-0.161990,0.280062,0.378525,0.000000,0.000000,0.000000,0.000000,-0.000631,-0.015483,-0.000452,0.015503,1.563476,0.184640,-0.948155,0.000011,-0.444335,-1.436313,0.000000,0.000000,0.000000,0.000000,0.000000,0.000000,-0.005460,-0.105980,0.119686,-0.021280,-0.004736,0.012928,1.0000,2.0000,1.0000,0.0000,2.0000,4.4906,10.2943,50.9753,-10.3529,10.1756,,,
1786590090098561785,2026-08-13T10:01:30.098581,ground_truth,0.219802,0.008000,0.045863,True,,,,,,,,,-0.161990,0.280062,0.378525,-0.161990,0.280062,0.378525,-0.161990,0.280062,0.378525,0.000000,0.000000,0.000000,0.000000,0.000000,0.000000,0.000000,0.000000,1.563476,0.184640,-0.948155,0.000011,-0.444335,-1.436313,0.000000,0.000000,0.000000,0.000000,0.000000,0.000000,-0.005460,-0.105980,0.119686,-0.021280,-0.004736,0.012928,1.0000,2.0000,1.0000,0.0000,2.0000,4.4480,10.2981,51.3102,-10.1991,9.9842,,,
1786590090132256328,2026-08-13T10:01:30.132274,ground_truth,0.218976,0.017000,0.046028,True,,,,,,,,,-0.161990,0.280062,0.378525,-0.161990,0.280062,0.378525,-0.161990,0.280062,0.378525,0.000000,0.000000,0.000000,0.000000,0.000000,0.000000,0.000000,0.000000,1.563476,0.184640,-0.948155,0.000011,-0.444335,-1.436313,0.000000,0.000000,0.000000,0.000000,0.000000,0.000000,-0.005460,-0.105980,0.119686,-0.021280,-0.004736,0.012928,1.0000,2.0000,1.0000,0.0000,2.0000,4.5089,10.5437,51.6405,-10.4645,10.0246,,,
1786590090167281882,2026-08-13T10:01:30.167298,ground_truth,0.218242,0.025000,0.046175,True,,,,,,,,,-0.161990,0.280062,0.378525,-0.161990,0.280062,0.378525,-0.161990,0.280062,0.378525,0.000000,0.000000,0.000000,0.000000,0.000000,0.000000,0.000000,0.000000,1.563476,0.184640,-0.948155,0.000011,-0.444335,-1.436313,0.000000,0.000000,0.000000,0.000000,0.000000,0.000000,-0.005460,-0.105980,0.119686,-0.021280,-0.004736,0.012928,1.0000,2.0000,1.0000,0.0000,2.0000,4.4589,10.4885,51.6806,-10.3086,9.9014,,,
1786590090199280105,2026-08-13T10:01:30.199298,ground_truth,0.218976,0.017000,0.046028,True,,,,,,,,,-0.161990,0.280062,0.378525,-0.161990,0.280062,0.378525,-0.161990,0.280062,0.378525,0.000000,0.000000,0.000000,0.000000,0.000000,0.000000,0.000000,0.000000,1.563476,0.184640,-0.948155,0.000011,-0.444335,-1.436313,0.000000,0.000000,0.000000,0.000000,0.000000,0.000000,-0.006440,-0.107800,0.117943,-0.022496,-0.006912,0.014528,1.0000,2.0000,1.0000,0.0000,2.0000,4.4043,10.2883,51.4173,-10.7915,9.8887,,,
1786590090230439911,2026-08-13T10:01:30.230456,ground_truth,0.217416,0.034000,0.046341,True,,,,,,,,,-0.161990,0.280062,0.378525,-0.161990,0.280062,0.378525,-0.161990,0.280062,0.378525,0.000000,0.000000,0.000000,0.000000,0.000000,0.000000,0.000000,0.000000,1.563476,0.184640,-0.948155,0.000011,-0.444335,-1.436313,0.000000,0.000000,0.000000,0.000000,0.000000,0.000000,-0.006160,-0.105980,0.118524,-0.022944,-0.004288,0.012928,1.0000,2.0000,1.0000,0.0000,2.0000,4.3398,10.0885,51.3454,-10.2419,9.9326,,,
1786590090263944134,2026-08-13T10:01:30.263964,ground_truth,0.218976,0.017000,0.046028,True,,,,,,,,,-0.161990,0.280062,0.378525,-0.161990,0.280062,0.378525,-0.161990,0.280062,0.378525,0.000000,0.000000,0.000000,0.000000,0.000000,0.000000,0.000000,0.000000,1.563476,0.184640,-0.948155,0.000011,-0.444335,-1.436313,0.000000,0.000000,0.000000,0.000000,0.000000,0.000000,-0.006160,-0.105980,0.117279,-0.023104,-0.004800,0.013248,1.0000,2.0000,1.0000,0.0000,2.0000,4.2999,9.9949,51.6724,-10.0911,9.9434,,,
1786590090300293935,2026-08-13T10:01:30.300312,ground_truth,0.219802,0.008000,0.045863,True,,,,,,,,,-0.161990,0.280062,0.378525,-0.161990,0.280062,0.378525,-0.161990,0.280062,0.378525,0.000000,0.000000,0.000000,0.000000,0.000000,0.000000,0.000000,0.000000,1.563476,0.184640,-0.948155,0.000011,-0.444335,-1.436313,0.000000,0.000000,0.000000,0.000000,0.000000,0.000000,-0.003920,-0.127400,0.102007,-0.023104,-0.006752,0.014080,1.0000,2.0000,1.0000,0.0000,2.0000,4.2989,10.0806,51.3495,-10.2264,9.8920,,,
1786590090332080609,2026-08-13T10:01:30.332099,ground_truth,0.219802,0.008000,0.045863,True,,,,,,,,,-0.161990,0.280062,0.378525,-0.161990,0.280062,0.378525,-0.161990,0.280062,0.378525,0.000000,0.000000,0.000000,0.000000,0.000000,0.000000,0.000000,0.000000,1.563483,0.184640,-0.948163,0.000011,-0.444335,-1.436313,0.001744,0.000000,0.000000,0.000000,0.000000,0.000000,0.013020,-0.197680,0.058349,-0.023104,-0.003456,0.014304,1.0000,2.0000,1.0000,0.0000,2.0000,4.3763,10.0872,51.4648,-9.7124,9.6807,,,
1786590090367049724,2026-08-13T10:01:30.367067,ground_truth,0.218976,0.017000,0.046028,True,,,,,,,,,-0.161990,0.280062,0.378525,-0.161990,0.280062,0.378525,-0.161990,0.280062,0.378525,0.000000,0.000000,0.000000,0.000000,0.000000,0.000000,0.000000,0.000000,1.563483,0.184640,-0.948163,0.000011,-0.444335,-1.436313,0.001744,0.000000,0.000000,0.000000,0.000000,0.000000,0.013020,-0.197680,0.058349,-0.023104,-0.003456,0.014304,1.0000,2.0000,1.0000,0.0000,2.0000,4.4939,10.2010,51.0126,-9.5427,9.6800,,,
1786590090398944195,2026-08-13T10:01:30.398963,ground_truth,0.216682,0.042000,0.046488,True,,,,,,,,,-0.161990,0.280062,0.378525,-0.161990,0.280062,0.378525,-0.161990,0.280062,0.378525,0.000000,0.000000,0.000000,0.000000,0.000000,0.000000,0.000000,0.000000,1.563483,0.184640,-0.948163,0.000011,-0.444335,-1.436313,0.001744,0.000000,0.000000,0.000000,0.000000,0.000000,0.013020,-0.197680,0.058349,-0.023104,-0.003456,0.014304,1.0000,2.0000,1.0000,0.0000,2.0000,4.5375,10.1540,50.8583,-9.3797,9.7382,,,
1786590090431739390,2026-08-13T10:01:30.431759,ground_truth,0.224666,-0.045000,0.044889,True,,,,,,,,,-0.161990,0.280062,0.378525,-0.161990,0.280062,0.378525,-0.161990,0.280062,0.378525,0.000000,0.000000,0.000000,0.000000,0.000000,0.000000,0.000000,0.000000,1.563483,0.184640,-0.948163,0.000011,-0.444335,-1.436313,0.001744,0.000000,0.000000,0.000000,0.000000,0.000000,0.013020,-0.197680,0.058349,-0.023104,-0.003456,0.014304,1.0000,2.0000,1.0000,0.0000,2.0000,4.7097,10.7504,50.7817,-9.9438,10.8428,,,
1786590090465151031,2026-08-13T10:01:30.465167,ground_truth,0.222003,0.025000,0.046175,True,,,,,,,,,-0.161990,0.280062,0.378525,-0.161990,0.280062,0.378525,-0.161990,0.280062,0.378525,0.000000,0.000000,0.000000,0.000000,0.000000,0.000000,0.000000,0.000000,1.563483,0.184614,-0.948185,0.000011,-0.444324,-1.436313,0.000000,0.003051,0.001740,0.000000,0.002609,0.000000,0.032760,-0.320180,-0.036686,-0.025056,0.005184,0.017664,1.0000,2.0000,1.0000,0.0000,2.0000,4.6825,10.7036,50.6708,-9.8719,10.6578,,,
1786590090500426071,2026-08-13T10:01:30.500441,ground_truth,0.223591,0.008000,0.045863,True,,,,,,,,,-0.161990,0.280062,0.378525,-0.161990,0.280062,0.378525,-0.161990,0.280062,0.378525,0.000000,0.000000,0.000000,0.000000,0.000000,0.000000,0.000000,0.000000,1.564437,0.170077,-0.964802,-0.004312,-0.431572,-1.432809,0.010029,0.161877,0.184131,0.051040,0.142675,0.037523,0.099820,-0.444220,-0.105078,-0.071584,0.059456,0.039360,1.0000,2.0000,1.0000,0.0000,2.0000,4.6002,10.4935,51.0541,-9.6059,10.8124,,,
1786590090531676424,2026-08-13T10:01:30.531696,ground_truth,0.222003,0.025000,0.046175,True,,,,,,,,,-0.161990,0.280062,0.378525,-0.161990,0.280062,0.378525,-0.161990,0.280062,0.378525,0.000000,0.000000,0.000000,0.000000,0.000000,0.000000,0.000000,0.000000,1.564868,0.163595,-0.972193,-0.006241,-0.425880,-1.431257,0.013087,0.194166,0.221217,0.058898,0.172351,0.045812,0.099120,-0.434840,-0.109560,-0.079488,0.057280,0.039904,1.0000,2.0000,1.0000,0.0000,2.0000,4.5278,10.3810,51.4865,-9.7015,10.7403,,,
1786590090565115198,2026-08-13T10:01:30.565132,ground_truth,0.224339,-0.000000,0.045716,True,,,,,,,,,-0.161990,0.280062,0.378525,-0.161990,0.280062,0.378525,-0.161990,0.280062,0.378525,0.000000,0.000000,0.000000,0.000000,0.000000,0.000000,0.000000,0.000000,1.564868,0.163595,-0.972193,-0.006241,-0.425880,-1.431257,0.013087,0.194166,0.221217,0.058898,0.172351,0.045812,0.099120,-0.434840,-0.109560,-0.079488,0.057280,0.039904,1.0000,2.0000,1.0000,0.0000,2.0000,4.5885,10.4601,51.3652,-9.4572,10.5344,,,
1786590090599502736,2026-08-13T10:01:30.599526,ground_truth,0.222003,0.025000,0.046175,True,,,,,,,,,-0.161990,0.280062,0.378525,-0.161990,0.280062,0.378525,-0.161990,0.280062,0.378525,0.000000,0.000000,0.000000,0.000000,0.000000,0.000000,0.000000,0.000000,1.564868,0.163595,-0.972193,-0.006241,-0.425880,-1.431257,0.013087,0.194166,0.221217,0.058898,0.172351,0.045812,0.099120,-0.434840,-0.109560,-0.079488,0.057280,0.039904,1.0000,2.0000,1.0000,0.0000,2.0000,4.5357,10.3928,51.4991,-9.3417,10.3322,,,
1786590090635051765,2026-08-13T10:01:30.635071,ground_truth,0.219668,0.050000,0.046635,True,,,,,,,,,-0.161990,0.280062,0.378525,-0.161990,0.280062,0.378525,-0.161990,0.280062,0.378525,0.000000,0.000000,0.000000,0.000000,0.000000,0.000000,0.000000,0.000000,1.564868,0.163595,-0.972193,-0.006241,-0.425880,-1.431257,0.013087,0.194166,0.221217,0.058898,0.172351,0.045812,0.099120,-0.434840,-0.109560,-0.079488,0.057280,0.039904,1.0000,2.0000,1.0000,0.0000,2.0000,4.5234,10.3561,51.7629,-8.9480,10.2190,,,
1786590090673290298,2026-08-13T10:01:30.673306,ground_truth,0.223591,0.008000,0.049660,True,,,,,,,,,-0.161990,0.280062,0.378525,-0.161990,0.280062,0.378525,-0.161990,0.280062,0.378525,0.000000,0.000000,0.000000,0.000000,0.000000,0.000000,0.000000,0.000000,1.565012,0.161204,-0.974929,-0.006953,-0.423778,-1.430664,0.011342,0.202457,0.230816,0.061949,0.174959,0.048432,0.100940,-0.438620,-0.103916,-0.081920,0.069120,0.038400,1.0000,2.0000,1.0000,0.0000,2.0000,4.4847,10.2828,52.0929,-8.5675,10.0399,,,
1786590090702522255,2026-08-13T10:01:30.702536,ground_truth,0.218827,0.059000,0.050512,True,,,,,,,,,-0.161990,0.280062,0.378525,-0.161990,0.280062,0.378525,-0.161990,0.280062,0.378525,0.000000,0.000000,0.000000,0.000000,0.000000,0.000000,0.000000,0.000000,1.566691,0.133462,-1.009807,-0.015533,-0.398921,-1.423863,0.009598,0.130457,0.219038,0.037523,0.118238,0.032284,0.084560,-0.292880,-0.062997,-0.079360,0.050944,0.037344,1.0000,2.0000,1.0000,0.0000,2.0000,4.4593,10.1885,52.3119,-8.4587,10.2198,,,
1786590090736260622,2026-08-13T10:01:30.736275,ground_truth,0.216585,0.083000,0.050914,True,,,,,,,,,-0.161990,0.280062,0.378525,-0.161990,0.280062,0.378525,-0.161990,0.280062,0.378525,0.000000,0.000000,0.000000,0.000000,0.000000,0.000000,0.000000,0.000000,1.566821,0.131509,-1.013272,-0.016126,-0.397186,-1.423377,0.008285,0.116063,0.215544,0.037954,0.105152,0.029665,0.082460,-0.272440,-0.068641,-0.078368,0.049376,0.035520,1.0000,2.0000,1.0000,0.0000,2.0000,4.5540,10.0930,52.4838,-8.3914,10.1567,,,
1786590090766174121,2026-08-13T10:01:30.766189,ground_truth,0.215837,0.091000,0.051047,True,,,,,,,,,-0.161990,0.280062,0.378525,-0.161990,0.280062,0.378525,-0.161990,0.280062,0.378525,0.000000,0.000000,0.000000,0.000000,0.000000,0.000000,0.000000,0.000000,1.566821,0.131509,-1.013272,-0.016126,-0.397186,-1.423377,0.008285,0.116063,0.215544,0.037954,0.105152,0.029665,0.082460,-0.272440,-0.068641,-0.078368,0.049376,0.035520,1.0000,2.0000,1.0000,0.0000,2.0000,4.5722,10.2172,52.8593,-8.4116,10.1835,,,
1786590090802231974,2026-08-13T10:01:30.802250,ground_truth,0.211451,0.099000,0.051181,True,,,,,,,,,-0.161990,0.280062,0.378525,-0.161990,0.280062,0.378525,-0.161990,0.280062,0.378525,0.000000,0.000000,0.000000,0.000000,0.000000,0.000000,0.000000,0.000000,1.566821,0.131509,-1.013272,-0.016126,-0.397186,-1.423377,0.008285,0.116063,0.215544,0.037954,0.105152,0.029665,0.082460,-0.272440,-0.068641,-0.078368,0.049376,0.035520,1.0000,2.0000,1.0000,0.0000,2.0000,4.5676,10.1675,52.8737,-8.4548,10.1273,,,
1786590090832254240,2026-08-13T10:01:30.832270,ground_truth,0.210716,0.107000,0.051315,True,,,,,,,,,-0.161990,0.280062,0.378525,-0.161990,0.280062,0.378525,-0.161990,0.280062,0.378525,0.000000,0.000000,0.000000,0.000000,0.000000,0.000000,0.000000,0.000000,1.566821,0.131509,-1.013272,-0.016126,-0.397186,-1.423377,0.008285,0.116063,0.215544,0.037954,0.105152,0.029665,0.082460,-0.272440,-0.068641,-0.078368,0.049376,0.035520,1.0000,2.0000,1.0000,0.0000,2.0000,4.6983,10.2949,52.1312,-8.9361,9.9836,,,
1786590090865046476,2026-08-13T10:01:30.865064,ground_truth,0.212919,0.083000,0.054586,True,,,,,,,,,-0.161990,0.280062,0.378525,-0.161990,0.280062,0.378525,-0.161990,0.280062,0.378525,0.000000,0.000000,0.000000,0.000000,0.000000,0.000000,0.000000,0.000000,1.566821,0.131509,-1.013272,-0.016126,-0.397186,-1.423377,0.008285,0.116063,0.215544,0.037954,0.105152,0.029665,0.082460,-0.272440,-0.068641,-0.078368,0.049376,0.035520,1.0000,2.0000,1.0000,0.0000,2.0000,4.8691,10.5127,51.7900,-9.3336,10.2298,,,
1786590090898490091,2026-08-13T10:01:30.898510,ground_truth,0.212919,0.083000,0.054586,True,,,,,,,,,-0.161990,0.280062,0.378525,-0.161990,0.280062,0.378525,-0.161990,0.280062,0.378525,0.000000,0.000000,0.000000,0.000000,0.000000,0.000000,0.000000,0.000000,1.566821,0.131509,-1.013272,-0.016126,-0.397186,-1.423377,0.008285,0.116063,0.215544,0.037954,0.105152,0.029665,0.082460,-0.272440,-0.068641,-0.078368,0.049376,0.035520,1.0000,2.0000,1.0000,0.0000,2.0000,4.8691,10.5127,51.7900,-9.3336,10.2298,,,
1786590090932086718,2026-08-13T10:01:30.932108,ground_truth,0.214387,0.067000,0.054345,True,,,,,,,,,-0.161990,0.280062,0.378525,-0.161990,0.280062,0.378525,-0.161990,0.280062,0.378525,0.000000,0.000000,0.000000,0.000000,0.000000,0.000000,0.000000,0.000000,1.566821,0.131509,-1.013272,-0.016126,-0.397186,-1.423377,0.008285,0.116063,0.215544,0.037954,0.105152,0.029665,0.082460,-0.272440,-0.068641,-0.078368,0.049376,0.035520,1.0000,2.0000,1.0000,0.0000,2.0000,5.0760,10.8688,50.7760,-10.6449,11.5573,,,
1786590090965416850,2026-08-13T10:01:30.965435,ground_truth,0.217332,0.075000,0.054466,True,,,,,,,,,-0.161990,0.280062,0.378525,-0.161990,0.280062,0.378525,-0.161990,0.280062,0.378525,0.000000,0.000000,0.000000,0.000000,0.000000,0.000000,0.000000,0.000000,1.566939,0.129784,-1.016707,-0.016665,-0.395634,-1.422946,0.006540,0.102970,0.213797,0.032284,0.094244,0.023995,0.080500,-0.247660,-0.066234,-0.073856,0.048160,0.032800,1.0000,2.0000,1.0000,0.0000,2.0000,5.1042,10.9791,51.0415,-10.5597,12.0097,,,
1786590091002523987,2026-08-13T10:01:31.002549,ground_truth,0.213653,0.075000,0.054466,True,,,,,,,,,-0.161990,0.280062,0.378525,-0.161990,0.280062,0.378525,-0.161990,0.280062,0.378525,0.000000,0.000000,0.000000,0.000000,0.000000,0.000000,0.000000,0.000000,1.567331,0.122969,-1.054723,-0.018788,-0.390309,-1.421480,0.000000,0.004796,0.063265,0.000000,0.002609,0.000000,0.032200,-0.157360,-0.053535,-0.051328,-0.028224,0.004960,1.0000,2.0000,1.0000,0.0000,2.0000,5.0966,11.0466,50.9288,-11.0404,12.0516,,,
1786590091034733770,2026-08-13T10:01:31.034752,ground_truth,0.211451,0.099000,0.054827,True,,,,,,,,,-0.161990,0.280062,0.378525,-0.161990,0.280062,0.378525,-0.161990,0.280062,0.378525,0.000000,0.000000,0.000000,0.000000,0.000000,0.000000,0.000000,0.000000,1.567331,0.122969,-1.054723,-0.018788,-0.390309,-1.421480,0.000000,0.004796,0.063265,0.000000,0.002609,0.000000,0.032200,-0.157360,-0.053535,-0.051328,-0.028224,0.004960,1.0000,2.0000,1.0000,0.0000,2.0000,5.9926,12.1465,50.7288,-11.8078,12.9388,,,
1786590091065373269,2026-08-13T10:01:31.065389,ground_truth,0.209982,0.115000,0.055068,True,,,,,,,,,-0.161990,0.280062,0.378525,-0.161990,0.280062,0.378525,-0.161990,0.280062,0.378525,0.000000,0.000000,0.000000,0.000000,0.000000,0.000000,0.000000,0.000000,1.567331,0.122969,-1.054723,-0.018788,-0.390309,-1.421480,0.000000,0.004796,0.063265,0.000000,0.002609,0.000000,0.032200,-0.157360,-0.053535,-0.051328,-0.028224,0.004960,1.0000,2.0000,1.0000,0.0000,2.0000,5.8528,12.0599,51.2916,-11.0941,13.9331,,,
1786590091103668862,2026-08-13T10:01:31.103695,ground_truth,0.207091,0.107000,0.054948,True,,,,,,,,,-0.158435,0.322249,0.384482,-0.158435,0.322249,0.384482,-0.158435,0.322249,0.384482,0.115857,1.374921,0.194153,1.393387,0.053482,0.634694,0.089625,0.643218,1.567331,0.122969,-1.054723,-0.018788,-0.390309,-1.421480,0.000000,0.004796,0.063265,0.000000,0.002609,0.000000,0.032200,-0.157360,-0.053535,-0.051328,-0.028224,0.004960,1.0000,2.0000,1.0000,0.0000,2.0000,6.1848,12.4910,51.0406,-11.4238,13.6433,,,
1786590091138099932,2026-08-13T10:01:31.138119,ground_truth,0.207812,0.099000,0.058473,True,,,,,,,,,-0.158435,0.322249,0.384482,-0.161990,0.280062,0.378525,-0.161990,0.280062,0.378525,-0.091529,-1.086210,-0.153384,1.100798,0.053482,0.634694,0.089625,0.643218,1.567331,0.122819,-1.057303,-0.018788,-0.390578,-1.421523,0.000000,0.001744,0.000000,0.000000,0.000000,0.000000,0.058800,-0.048300,0.061586,-0.022720,-0.033280,-0.011136,1.0000,2.0000,1.0000,0.0000,2.0000,6.3305,12.7479,50.9548,-10.9906,13.4216,,,
1786590091171296744,2026-08-13T10:01:31.171314,ground_truth,0.208533,0.091000,0.058366,True,,,,,,,,,-0.156651,0.330062,0.385856,-0.156651,0.330995,0.385856,-0.156651,0.330062,0.385856,0.156287,1.490830,0.214588,1.514282,0.026475,0.115914,0.020385,0.120634,1.567331,0.122819,-1.057303,-0.018788,-0.390578,-1.421523,0.000000,0.001744,0.000000,0.000000,0.000000,0.000000,0.058800,-0.048300,0.061586,-0.022720,-0.033280,-0.011136,1.0000,2.0000,1.0000,0.0000,2.0000,6.7239,13.2748,49.3779,-12.9920,13.9843,,,
1786590091201238742,2026-08-13T10:01:31.201261,ground_truth,0.208533,0.091000,0.058366,True,,,,,,,,,-0.156651,0.330062,0.385856,-0.155647,0.345129,0.386437,-0.155647,0.345129,0.386437,0.030786,0.433408,0.017800,0.434864,0.026475,0.115914,0.020385,0.120634,1.567331,0.122819,-1.057303,-0.018788,-0.390578,-1.421523,0.000000,0.001744,0.000000,0.000000,0.000000,0.000000,0.058800,-0.048300,0.061586,-0.022720,-0.033280,-0.011136,1.0000,2.0000,1.0000,0.0000,2.0000,7.0214,13.6562,49.1725,-13.5303,14.3753,,,
1786590091233116811,2026-08-13T10:01:31.233133,ground_truth,0.209254,0.083000,0.058259,True,,,,,,,,,-0.154961,0.350142,0.386960,-0.154961,0.350142,0.386960,-0.154961,0.350142,0.386960,0.022913,0.167379,0.017481,0.169842,0.025572,0.303800,0.016703,0.305332,1.567331,0.122819,-1.057303,-0.018788,-0.390578,-1.421523,0.000000,0.001744,0.000000,0.000000,0.000000,0.000000,0.058800,-0.048300,0.061586,-0.022720,-0.033280,-0.011136,1.0000,2.0000,1.0000,0.0000,2.0000,7.0309,13.7474,49.6931,-13.0658,14.3536,,,
1786590091266901391,2026-08-13T10:01:31.266921,ground_truth,0.205648,0.123000,0.058796,True,,,,,,,,,-0.154961,0.350142,0.386960,-0.154472,0.352851,0.387450,-0.154472,0.352851,0.387450,0.015433,0.085557,0.015463,0.088302,0.025572,0.303800,0.016703,0.305332,1.567331,0.122819,-1.057303,-0.018788,-0.390578,-1.421523,0.000000,0.001744,0.000000,0.000000,0.000000,0.000000,0.058800,-0.048300,0.061586,-0.022720,-0.033280,-0.011136,1.0000,2.0000,1.0000,0.0000,2.0000,7.1188,13.8976,50.0507,-12.3719,14.0297,,,
1786590091301248775,2026-08-13T10:01:31.301264,ground_truth,0.207091,0.107000,0.058581,True,,,,,,,,,-0.153793,0.353820,0.387967,-0.153793,0.353820,0.387967,-0.153793,0.353820,0.387967,0.020124,0.028695,0.015304,0.038244,0.017544,0.055246,0.015114,0.059903,1.567331,0.122839,-1.057295,-0.018788,-0.390578,-1.421534,0.000000,0.001744,0.000000,0.000000,0.000000,0.000000,0.056420,-0.044940,0.079265,-0.021664,-0.031456,-0.013600,1.0000,2.0000,1.0000,0.0000,2.0000,7.3061,14.1088,49.8202,-11.6610,13.8424,,,
1786590091335942970,2026-08-13T10:01:31.335961,ground_truth,0.205648,0.123000,0.058796,True,,,,,,,,,-0.153793,0.353820,0.387967,-0.153502,0.354867,0.388460,-0.153502,0.354867,0.388460,0.008448,0.030430,0.014337,0.034683,0.017544,0.055246,0.015114,0.059903,1.567331,0.122839,-1.057295,-0.018788,-0.390578,-1.421534,0.000000,0.001744,0.000000,0.000000,0.000000,0.000000,0.056420,-0.044940,0.079265,-0.021664,-0.031456,-0.013600,1.0000,2.0000,1.0000,0.0000,2.0000,7.4005,14.2648,49.5895,-11.9883,13.8122,,,
1786590091372955902,2026-08-13T10:01:31.372979,ground_truth,0.206370,0.115000,0.058688,True,,,,,,,,,-0.153164,0.356356,0.388959,-0.153164,0.356356,0.388959,-0.153164,0.356356,0.388959,0.009688,0.042708,0.014300,0.046068,0.009406,0.037959,0.014846,0.041830,1.567331,0.122839,-1.057295,-0.018788,-0.390578,-1.421534,0.000000,0.001744,0.000000,0.000000,0.000000,0.000000,0.056420,-0.044940,0.079265,-0.021664,-0.031456,-0.013600,1.0000,2.0000,1.0000,0.0000,2.0000,7.4005,14.2648,49.5895,-11.9883,13.8122,,,
1786590091400653798,2026-08-13T10:01:31.400670,ground_truth,0.206370,0.115000,0.058688,True,,,,,,,,,-0.153164,0.356356,0.388959,-0.152727,0.357507,0.389232,-0.152727,0.357507,0.389232,0.011697,0.030839,0.007326,0.033786,0.009406,0.037959,0.014846,0.041830,1.567331,0.122839,-1.057295,-0.018788,-0.390578,-1.421534,0.000000,0.001744,0.000000,0.000000,0.000000,0.000000,0.056420,-0.044940,0.079265,-0.021664,-0.031456,-0.013600,1.0000,2.0000,1.0000,0.0000,2.0000,7.6510,14.6181,49.4984,-11.6096,13.7855,,,
1786590091432546503,2026-08-13T10:01:31.432564,ground_truth,0.202757,0.115000,0.062308,True,,,,,,,,,-0.152291,0.359444,0.389506,-0.152291,0.359444,0.389506,-0.152291,0.359444,0.389506,0.016019,0.071059,0.010032,0.073529,0.013106,0.046346,0.008208,0.048858,1.567331,0.122839,-1.057295,-0.018788,-0.390578,-1.421534,0.000000,0.001744,0.000000,0.000000,0.000000,0.000000,0.056420,-0.044940,0.079265,-0.021664,-0.031456,-0.013600,1.0000,2.0000,1.0000,0.0000,2.0000,7.7329,14.7854,49.5107,-11.3974,13.7007,,,
1786590091468966621,2026-08-13T10:01:31.468992,ground_truth,0.202049,0.123000,0.062402,True,,,,,,,,,-0.152291,0.359444,0.389506,-0.151515,0.361538,0.390036,-0.151515,0.361538,0.390036,0.024303,0.065634,0.016638,0.071939,0.013106,0.046346,0.008208,0.048858,1.567331,0.122839,-1.057295,-0.018788,-0.390578,-1.421534,0.000000,0.001744,0.000000,0.000000,0.000000,0.000000,0.056420,-0.044940,0.079265,-0.021664,-0.031456,-0.013600,1.0000,2.0000,1.0000,0.0000,2.0000,7.7329,14.7854,49.5107,-11.3974,13.7007,,,
1786590091498224036,2026-08-13T10:01:31.498241,ground_truth,0.202757,0.115000,0.062308,True,,,,,,,,,-0.150496,0.364091,0.390565,-0.150496,0.364091,0.390565,-0.150496,0.364091,0.390565,0.027464,0.068793,0.014262,0.075433,0.026960,0.069813,0.015927,0.076514,1.567331,0.122839,-1.057295,-0.018788,-0.390578,-1.421534,0.000000,0.001744,0.000000,0.000000,0.000000,0.000000,0.056420,-0.044940,0.079265,-0.021664,-0.031456,-0.013600,1.0000,2.0000,1.0000,0.0000,2.0000,7.8848,15.0499,49.8505,-11.5213,13.5171,,,
1786590091532216141,2026-08-13T10:01:31.532242,ground_truth,0.202757,0.115000,0.062308,True,,,,,,,,,-0.150496,0.364091,0.390565,-0.149770,0.366734,0.391088,-0.149770,0.366734,0.391088,0.025433,0.092560,0.018304,0.097720,0.026960,0.069813,0.015927,0.076514,1.567318,0.125387,-1.053488,-0.017851,-0.389619,-1.421135,0.007853,0.019634,0.044499,0.013517,0.037954,0.000000,-0.092260,0.024780,0.226258,0.012544,-0.048864,0.014816,1.0000,2.0000,1.0000,0.0000,2.0000,7.8848,15.0499,49.8505,-11.5213,13.5171,,,
1786590091565300089,2026-08-13T10:01:31.565317,ground_truth,0.202049,0.123000,0.066008,True,,,,,,,,,-0.149190,0.369396,0.391587,-0.149190,0.369396,0.391587,-0.149190,0.369396,0.391587,0.016877,0.077517,0.014522,0.080651,0.019574,0.079519,0.015310,0.083312,1.567318,0.125387,-1.053488,-0.017851,-0.389619,-1.421135,0.007853,0.019634,0.044499,0.013517,0.037954,0.000000,-0.092260,0.024780,0.226258,0.012544,-0.048864,0.014816,1.0000,2.0000,1.0000,0.0000,2.0000,7.9861,15.1450,49.6738,-11.6391,13.4986,,,
1786590091598949203,2026-08-13T10:01:31.598966,ground_truth,0.205648,0.123000,0.066008,True,,,,,,,,,-0.149190,0.369396,0.391587,-0.148662,0.370782,0.392316,-0.148662,0.370782,0.392316,0.016062,0.042083,0.022149,0.050195,0.019574,0.079519,0.015310,0.083312,1.567318,0.125387,-1.053488,-0.017851,-0.389619,-1.421135,0.007853,0.019634,0.044499,0.013517,0.037954,0.000000,-0.092260,0.024780,0.226258,0.012544,-0.048864,0.014816,1.0000,2.0000,1.0000,0.0000,2.0000,7.7824,14.9179,50.0863,-11.1672,13.4702,,,
1786590091640692565,2026-08-13T10:01:31.640708,ground_truth,0.205018,0.130000,0.066079,True,,,,,,,,,-0.148565,0.371913,0.393054,-0.148565,0.371913,0.393054,-0.148565,0.371913,0.393054,0.002873,0.033790,0.022040,0.040444,0.009393,0.037816,0.022043,0.044768,1.567318,0.125387,-1.053488,-0.017851,-0.389619,-1.421135,0.007853,0.019634,0.044499,0.013517,0.037954,0.000000,-0.092260,0.024780,0.226258,0.012544,-0.048864,0.014816,1.0000,2.0000,1.0000,0.0000,2.0000,7.7496,14.9054,50.6251,-10.8886,13.4776,,,
1786590091667348384,2026-08-13T10:01:31.667365,ground_truth,0.205018,0.130000,0.066079,True,,,,,,,,,-0.148565,0.371913,0.393054,-0.148379,0.372992,0.393561,-0.148379,0.372992,0.393561,0.004478,0.025952,0.012191,0.029020,0.009393,0.037816,0.022043,0.044768,1.567161,0.125779,-1.052641,-0.017657,-0.390416,-1.421146,0.011342,0.027487,0.059771,0.013517,0.056721,0.000000,-0.100940,0.020020,0.235969,0.012704,-0.051872,0.003968,1.0000,2.0000,1.0000,0.0000,2.0000,7.8296,14.9533,50.6157,-10.9140,13.3935,,,
1786590091705693439,2026-08-13T10:01:31.705706,ground_truth,0.202049,0.123000,0.069615,True,,,,,,,,,-0.148145,0.374861,0.394075,-0.148145,0.374861,0.394075,-0.148145,0.374861,0.394075,0.008842,0.070528,0.019402,0.073680,0.006329,0.044373,0.015369,0.047384,1.561117,0.139950,-1.022818,-0.010607,-0.417882,-1.423173,0.050609,0.133952,0.277069,0.064568,0.231691,0.016137,-0.136640,0.064680,0.292990,0.015488,-0.072640,-0.030720,1.0000,2.0000,1.0000,0.0000,2.0000,8.2513,15.4164,50.0441,-11.7951,13.3440,,,
1786590091733407734,2026-08-13T10:01:31.733425,ground_truth,0.202049,0.123000,0.069615,True,,,,,,,,,-0.148145,0.374861,0.394075,-0.147713,0.377315,0.394825,-0.147713,0.377315,0.394825,0.011150,0.063297,0.019344,0.067120,0.006329,0.044373,0.015369,0.047384,1.560301,0.142132,-1.018305,-0.009572,-0.421622,-1.423399,0.052354,0.137004,0.286229,0.064568,0.234310,0.013517,-0.124180,0.054180,0.282532,0.016096,-0.065344,-0.027904,1.0000,2.0000,1.0000,0.0000,2.0000,8.1001,15.1029,50.1811,-11.5873,12.5959,,,
1786590091766826120,2026-08-13T10:01:31.766847,ground_truth,0.200722,0.138000,0.069742,True,,,,,,,,,-0.147232,0.379513,0.395582,-0.147232,0.379513,0.395582,-0.147232,0.379513,0.395582,0.017405,0.079630,0.027435,0.086003,0.013517,0.068898,0.022323,0.073675,1.559674,0.143798,-1.014855,-0.008796,-0.424436,-1.423550,0.051923,0.138748,0.287977,0.064568,0.234310,0.010898,-0.112420,0.046060,0.295729,0.017536,-0.063616,-0.030400,1.0000,2.0000,1.0000,0.0000,2.0000,8.2709,15.1227,49.8993,-11.7506,12.8836,,,
1786590091798866537,2026-08-13T10:01:31.798883,ground_truth,0.196452,0.146000,0.069810,True,,,,,,,,,-0.147232,0.379513,0.395582,-0.146904,0.381659,0.396312,-0.146904,0.381659,0.396312,0.009805,0.064068,0.021785,0.068377,0.013517,0.068898,0.022323,0.073675,1.559674,0.143798,-1.014855,-0.008796,-0.424436,-1.423550,0.051923,0.138748,0.287977,0.064568,0.234310,0.010898,-0.112420,0.046060,0.295729,0.017536,-0.063616,-0.030400,1.0000,2.0000,1.0000,0.0000,2.0000,8.3998,15.2774,49.2656,-11.2086,12.9925,,,
1786590091845685991,2026-08-13T10:01:31.845705,ground_truth,0.193847,0.176000,0.073582,True,,,,,,,,,-0.146195,0.383741,0.397060,-0.146195,0.383741,0.397060,-0.146195,0.383741,0.397060,0.022134,0.064995,0.023363,0.072527,0.015629,0.063694,0.022267,0.069261,1.559674,0.143798,-1.014855,-0.008796,-0.424436,-1.423550,0.051923,0.138748,0.287977,0.064568,0.234310,0.010898,-0.112420,0.046060,0.295729,0.017536,-0.063616,-0.030400,1.0000,2.0000,1.0000,0.0000,2.0000,8.2139,14.8182,49.7097,-10.5243,12.1912,,,
1786590091879864808,2026-08-13T10:01:31.879882,ground_truth,0.195150,0.161000,0.073480,True,,,,,,,,,-0.145408,0.385384,0.398046,-0.145408,0.385384,0.398046,-0.145408,0.385384,0.398046,0.016604,0.034679,0.020805,0.043717,0.011795,0.024635,0.014779,0.031055,1.553467,0.160505,-0.976936,-0.002296,-0.450285,-1.424046,0.036209,0.098174,0.250890,0.027045,0.132208,0.002609,-0.102200,-0.021000,0.261699,0.007200,-0.051488,0.019936,1.0000,2.0000,1.0000,0.0000,2.0000,8.4214,14.9220,49.7717,-10.1497,11.9432,,,
1786590091932445520,2026-08-13T10:01:31.932462,ground_truth,0.195150,0.161000,0.077024,True,,,,,,,,,-0.145408,0.385384,0.398046,-0.144660,0.388166,0.399032,-0.144660,0.388166,0.399032,0.022388,0.083269,0.029517,0.091139,0.011795,0.024635,0.014779,0.031055,1.551938,0.164798,-0.965144,-0.001423,-0.455696,-1.423485,0.029669,0.083336,0.241723,0.013517,0.096863,0.018756,-0.097860,-0.003360,0.268256,0.004864,-0.048480,0.030944,1.0000,2.0000,1.0000,0.0000,2.0000,8.1609,14.2688,50.8122,-8.8882,10.7311,,,
1786590091965645886,2026-08-13T10:01:31.965663,ground_truth,0.196452,0.146000,0.080515,True,,,,,,,,,-0.143912,0.391176,0.400255,-0.143912,0.391176,0.400255,-0.143912,0.391176,0.400255,0.014189,0.057095,0.023189,0.063236,0.022437,0.086868,0.033125,0.095638,1.551938,0.164798,-0.965144,-0.001423,-0.455696,-1.423485,0.029669,0.083336,0.241723,0.013517,0.096863,0.018756,-0.097860,-0.003360,0.268256,0.004864,-0.048480,0.030944,1.0000,2.0000,1.0000,0.0000,2.0000,8.2923,14.2211,51.1935,-9.1902,11.0679,,,
1786590092000896833,2026-08-13T10:01:32.000912,ground_truth,0.191613,0.161000,0.080568,True,,,,,,,,,-0.143912,0.391176,0.400255,-0.143492,0.394231,0.401468,-0.143492,0.394231,0.401468,0.012620,0.091737,0.036446,0.099515,0.022437,0.086868,0.033125,0.095638,1.551938,0.164798,-0.965144,-0.001423,-0.455696,-1.423485,0.029669,0.083336,0.241723,0.013517,0.096863,0.018756,-0.097860,-0.003360,0.268256,0.004864,-0.048480,0.030944,1.0000,2.0000,1.0000,0.0000,2.0000,8.3072,14.2604,50.9965,-9.5781,10.8328,,,
1786590092046046585,2026-08-13T10:01:32.046062,ground_truth,0.191017,0.168000,0.084124,True,,,,,,,,,-0.142796,0.397296,0.402679,-0.142796,0.397296,0.402679,-0.142796,0.397296,0.402679,0.019717,0.086844,0.034321,0.095439,0.016785,0.092039,0.036469,0.100413,1.551938,0.164798,-0.965144,-0.001423,-0.455696,-1.423485,0.029669,0.083336,0.241723,0.013517,0.096863,0.018756,-0.097860,-0.003360,0.268256,0.004864,-0.048480,0.030944,1.0000,2.0000,1.0000,0.0000,2.0000,8.3500,13.5825,50.8479,-9.8442,10.2626,,,
1786590092077013378,2026-08-13T10:01:32.077026,ground_truth,0.187865,0.205000,0.087664,True,,,,,,,,,-0.142013,0.400362,0.404134,-0.142013,0.400362,0.404134,-0.142013,0.400362,0.404134,0.017280,0.067698,0.032112,0.076895,0.011673,0.045729,0.021691,0.051942,1.547488,0.175408,-0.931895,-0.000593,-0.468178,-1.419820,0.037523,0.057156,0.191543,0.002609,0.089005,0.032284,-0.124600,-0.042700,0.247755,0.009088,-0.046880,0.035968,1.0000,2.0000,1.0000,0.0000,2.0000,8.3500,13.5825,50.8479,-9.8442,10.2626,,,
1786590092113311269,2026-08-13T10:01:32.113330,ground_truth,0.187865,0.205000,0.091135,True,,,,,,,,,-0.142013,0.400362,0.404134,-0.141020,0.403802,0.405824,-0.141020,0.403802,0.405824,0.032405,0.112281,0.055176,0.129234,0.011673,0.045729,0.021691,0.051942,1.545816,0.177617,-0.924459,-0.000485,-0.471876,-1.418279,0.045814,0.052354,0.178458,0.003051,0.099482,0.040573,-0.122640,-0.046060,0.249498,0.009184,-0.050720,0.040352,1.0000,2.0000,1.0000,0.0000,2.0000,9.2882,14.2232,50.4743,-11.0788,10.4222,,,
1786590092146136758,2026-08-13T10:01:32.146152,ground_truth,0.189143,0.190000,0.091157,True,,,,,,,,,-0.140075,0.409290,0.407499,-0.140075,0.409290,0.407499,-0.140075,0.409290,0.407499,0.025960,0.150665,0.045987,0.159651,0.029033,0.133723,0.050409,0.145828,1.545816,0.177617,-0.924459,-0.000485,-0.471876,-1.418279,0.045814,0.052354,0.178458,0.003051,0.099482,0.040573,-0.122640,-0.046060,0.249498,0.009184,-0.050720,0.040352,1.0000,2.0000,1.0000,0.0000,2.0000,9.5681,14.1506,49.8318,-11.9707,10.8693,,,
1786590092182282930,2026-08-13T10:01:32.182300,ground_truth,0.189739,0.183000,0.094674,True,,,,,,,,,-0.140075,0.409290,0.407499,-0.138974,0.414761,0.409176,-0.138974,0.414761,0.409176,0.033566,0.166887,0.051142,0.177745,0.029033,0.133723,0.050409,0.145828,1.545816,0.177617,-0.924459,-0.000485,-0.471876,-1.418279,0.045814,0.052354,0.178458,0.003051,0.099482,0.040573,-0.122640,-0.046060,0.249498,0.009184,-0.050720,0.040352,1.0000,2.0000,1.0000,0.0000,2.0000,10.0490,14.2371,50.6052,-10.6276,10.4094,,,
1786590092213009048,2026-08-13T10:01:32.213028,ground_truth,0.185654,0.190000,0.094652,True,,,,,,,,,-0.137956,0.419428,0.411082,-0.137956,0.419428,0.411082,-0.137956,0.419428,0.411082,0.028276,0.129572,0.052920,0.142790,0.031756,0.151944,0.053696,0.164252,1.545816,0.177617,-0.924459,-0.000485,-0.471876,-1.418279,0.045814,0.052354,0.178458,0.003051,0.099482,0.040573,-0.122640,-0.046060,0.249498,0.009184,-0.050720,0.040352,1.0000,2.0000,1.0000,0.0000,2.0000,10.4803,14.7814,50.2447,-11.4722,10.9129,,,
1786590092249776471,2026-08-13T10:01:32.249808,ground_truth,0.184985,0.198000,0.094628,True,,,,,,,,,-0.137956,0.419428,0.411082,-0.136665,0.423562,0.412987,-0.136665,0.423562,0.412987,0.041830,0.133938,0.061724,0.153294,0.031756,0.151944,0.053696,0.164252,1.545816,0.177617,-0.924459,-0.000485,-0.471876,-1.418279,0.045814,0.052354,0.178458,0.003051,0.099482,0.040573,-0.122640,-0.046060,0.249498,0.009184,-0.050720,0.040352,1.0000,2.0000,1.0000,0.0000,2.0000,11.3472,15.4402,50.2457,-10.3464,11.3548,,,
1786590092283906849,2026-08-13T10:01:32.283932,ground_truth,0.181510,0.198000,0.094628,True,,,,,,,,,-0.135527,0.427589,0.414655,-0.135527,0.427589,0.414655,-0.135527,0.427589,0.414655,0.030922,0.109457,0.045327,0.122440,0.036387,0.122266,0.053526,0.138340,1.537557,0.183614,-0.900942,-0.000302,-0.488282,-1.410539,0.044069,0.023122,0.115185,0.000000,0.099482,0.040573,-0.100940,-0.075880,0.235969,-0.002784,-0.053152,0.035744,1.0000,2.0000,1.0000,0.0000,2.0000,12.5092,16.5664,49.8441,-11.2032,11.8789,,,
1786590092315484128,2026-08-13T10:01:32.315505,ground_truth,0.176349,0.219000,0.094562,True,,,,,,,,,-0.135527,0.427589,0.414655,-0.134158,0.432394,0.416322,-0.134158,0.432394,0.416322,0.039714,0.139372,0.048364,0.152777,0.036387,0.122266,0.053526,0.138340,1.536414,0.184183,-0.897760,-0.000302,-0.490977,-1.409451,0.037523,0.019196,0.113445,0.000000,0.094244,0.035335,-0.096040,-0.066220,0.233313,-0.000896,-0.046208,0.036736,1.0000,2.0000,1.0000,0.0000,2.0000,13.4591,17.0040,49.8335,-10.5518,12.1540,,,
1786590092345952246,2026-08-13T10:01:32.345968,ground_truth,0.176910,0.212000,0.098043,True,,,,,,,,,-0.132533,0.437355,0.417977,-0.132533,0.437355,0.417977,-0.132533,0.437355,0.417977,0.051516,0.157289,0.052462,0.173626,0.045020,0.146849,0.049953,0.161514,1.535839,0.184490,-0.895975,-0.000302,-0.492421,-1.408890,0.034465,0.017889,0.111259,0.000000,0.089005,0.034903,-0.104440,-0.065940,0.230574,0.001344,-0.050816,0.035072,1.0000,2.0000,1.0000,0.0000,2.0000,13.9010,17.2677,49.8012,-10.5721,10.9542,,,
1786590092376888019,2026-08-13T10:01:32.376909,ground_truth,0.171257,0.240000,0.097910,True,,,,,,,,,-0.132533,0.437355,0.417977,-0.131230,0.442294,0.419859,-0.131230,0.442294,0.419859,0.042956,0.162845,0.062062,0.179486,0.045020,0.146849,0.049953,0.161514,1.535839,0.184490,-0.895975,-0.000302,-0.492421,-1.408890,0.034465,0.017889,0.111259,0.000000,0.089005,0.034903,-0.104440,-0.065940,0.230574,0.001344,-0.050816,0.035072,1.0000,2.0000,1.0000,0.0000,2.0000,13.9079,17.1117,50.0187,-11.2096,11.1687,,,
1786590092407775755,2026-08-13T10:01:32.407802,ground_truth,0.172908,0.219000,0.101458,True,,,,,,,,,-0.132533,0.437355,0.417977,-0.129724,0.447175,0.421481,-0.129724,0.447175,0.421481,0.048861,0.158363,0.052620,0.173883,0.045020,0.146849,0.049953,0.161514,1.535839,0.184490,-0.895975,-0.000302,-0.492421,-1.408890,0.034465,0.017889,0.111259,0.000000,0.089005,0.034903,-0.104440,-0.065940,0.230574,0.001344,-0.050816,0.035072,1.0000,2.0000,1.0000,0.0000,2.0000,14.3002,17.3152,49.1732,-11.7733,11.4130,,,
1786590092437216462,2026-08-13T10:01:32.437240,ground_truth,0.167851,0.240000,0.104737,True,,,,,,,,,-0.129724,0.447175,0.421481,-0.128242,0.451245,0.423346,-0.128242,0.451245,0.423346,0.048260,0.132447,0.060704,0.153480,0.041961,0.146700,0.052348,0.161313,1.535839,0.184490,-0.895975,-0.000302,-0.492421,-1.408890,0.034465,0.017889,0.111259,0.000000,0.089005,0.034903,-0.104440,-0.065940,0.230574,0.001344,-0.050816,0.035072,1.0000,2.0000,1.0000,0.0000,2.0000,14.7931,17.5858,49.0091,-11.7588,11.6745,,,
1786590092471886931,2026-08-13T10:01:32.471906,ground_truth,0.162863,0.261000,0.104567,True,,,,,,,,,-0.129724,0.447175,0.421481,-0.126422,0.456272,0.425194,-0.126422,0.456272,0.425194,0.061413,0.169642,0.062344,0.190884,0.041961,0.146700,0.052348,0.161313,1.532128,0.186901,-0.880659,0.000032,-0.504559,-1.405128,0.024429,0.014831,0.106025,0.002609,0.085954,0.026614,-0.087920,-0.071540,0.233313,0.004288,-0.053760,0.039744,1.0000,2.0000,1.0000,0.0000,2.0000,15.8737,18.4842,48.4180,-13.8292,12.7189,,,
1786590092504983800,2026-08-13T10:01:32.505003,ground_truth,0.164444,0.240000,0.104737,True,,,,,,,,,-0.124182,0.461491,0.426797,-0.124182,0.461491,0.426797,-0.124182,0.461491,0.426797,0.064623,0.150608,0.046275,0.170295,0.083936,0.216814,0.080516,0.246041,1.531207,0.187469,-0.876778,0.000097,-0.507642,-1.404093,0.026174,0.016138,0.109950,0.002609,0.086386,0.029665,-0.106260,-0.063420,0.250162,0.005344,-0.052768,0.035680,1.0000,2.0000,1.0000,0.0000,2.0000,15.7945,18.4714,48.9013,-15.0344,11.7881,,,
1786590092539460710,2026-08-13T10:01:32.539479,ground_truth,0.164971,0.233000,0.108218,True,,,,,,,,,-0.124182,0.461491,0.426797,-0.122371,0.466748,0.428408,-0.122371,0.466748,0.428408,0.054828,0.159135,0.048774,0.175240,0.083936,0.216814,0.080516,0.246041,1.530076,0.188142,-0.872280,0.000205,-0.511156,-1.402854,0.030976,0.016138,0.115185,0.000000,0.094244,0.032715,-0.102480,-0.072520,0.238376,0.004512,-0.051488,0.033632,1.0000,2.0000,1.0000,0.0000,2.0000,16.0630,18.2380,48.8550,-15.6909,12.2419,,,
1786590092572486795,2026-08-13T10:01:32.572502,ground_truth,0.162336,0.268000,0.111245,True,,,,,,,,,-0.120635,0.472012,0.430015,-0.120635,0.472012,0.430015,-0.120635,0.472012,0.430015,0.049800,0.150997,0.046068,0.165537,0.053438,0.158490,0.048465,0.174137,1.529044,0.188698,-0.868503,0.000237,-0.514195,-1.401786,0.032720,0.016138,0.119118,0.002609,0.094244,0.032284,-0.102200,-0.070280,0.250577,0.006976,-0.056000,0.035968,1.0000,2.0000,1.0000,0.0000,2.0000,16.0951,18.3771,49.2895,-16.4856,11.7038,,,
1786590092605828028,2026-08-13T10:01:32.605854,ground_truth,0.158976,0.268000,0.111245,True,,,,,,,,,-0.120635,0.472012,0.430015,-0.118933,0.476905,0.431587,-0.118933,0.476905,0.431587,0.051960,0.149382,0.047995,0.165283,0.053438,0.158490,0.048465,0.174137,1.528253,0.189096,-0.865618,0.000259,-0.516513,-1.400967,0.034465,0.016576,0.120858,0.000000,0.097294,0.032284,-0.101360,-0.084840,0.239704,0.008032,-0.055712,0.036192,1.0000,2.0000,1.0000,0.0000,2.0000,16.8966,19.3042,47.4709,-18.3713,13.3018,,,
1786590092640600513,2026-08-13T10:01:32.640620,ground_truth,0.158018,0.281000,0.111097,True,,,,,,,,,-0.117007,0.481244,0.432927,-0.117007,0.481244,0.432927,-0.117007,0.481244,0.432927,0.057913,0.130461,0.040314,0.148321,0.054381,0.138377,0.043661,0.154957,1.528253,0.189096,-0.865618,0.000259,-0.516513,-1.400967,0.034465,0.016576,0.120858,0.000000,0.097294,0.032284,-0.101360,-0.084840,0.239704,0.008032,-0.055712,0.036192,1.0000,2.0000,1.0000,0.0000,2.0000,16.9407,19.4434,47.1603,-18.6347,13.8533,,,
1786590092682579938,2026-08-13T10:01:32.682596,ground_truth,0.156030,0.308000,0.110790,True,,,,,,,,,-0.114932,0.485472,0.434257,-0.114932,0.485472,0.434257,-0.114932,0.485472,0.434257,0.059435,0.121099,0.038079,0.140169,0.030901,0.062961,0.019798,0.072876,1.528253,0.189096,-0.865618,0.000259,-0.516513,-1.400967,0.034465,0.016576,0.120858,0.000000,0.097294,0.032284,-0.101360,-0.084840,0.239704,0.008032,-0.055712,0.036192,1.0000,2.0000,1.0000,0.0000,2.0000,17.1491,19.8037,46.0307,-19.4544,13.7305,,,
1786590092712087742,2026-08-13T10:01:32.712114,ground_truth,0.158018,0.281000,0.114443,True,,,,,,,,,-0.114932,0.485472,0.434257,-0.112685,0.491171,0.435331,-0.112685,0.491171,0.435331,0.053874,0.136621,0.025757,0.149101,0.030901,0.062961,0.019798,0.072876,1.528253,0.189096,-0.865618,0.000259,-0.516513,-1.400967,0.034465,0.016576,0.120858,0.000000,0.097294,0.032284,-0.101360,-0.084840,0.239704,0.008032,-0.055712,0.036192,1.0000,2.0000,1.0000,0.0000,2.0000,17.1814,19.8552,47.0097,-19.1894,13.6954,,,
1786590092743543922,2026-08-13T10:01:32.743558,ground_truth,0.154679,0.281000,0.114443,True,,,,,,,,,-0.110842,0.497164,0.436651,-0.110842,0.497164,0.436651,-0.110842,0.497164,0.436651,0.061782,0.200972,0.044243,0.214858,0.061399,0.175536,0.035939,0.189405,1.528253,0.189096,-0.865618,0.000259,-0.516513,-1.400967,0.034465,0.016576,0.120858,0.000000,0.097294,0.032284,-0.101360,-0.084840,0.239704,0.008032,-0.055712,0.036192,1.0000,2.0000,1.0000,0.0000,2.0000,17.1814,19.8552,47.0097,-19.1894,13.6954,,,
1786590092775413898,2026-08-13T10:01:32.775433,ground_truth,0.155183,0.274000,0.117891,True,,,,,,,,,-0.110842,0.497164,0.436651,-0.108822,0.503216,0.437972,-0.108822,0.503216,0.437972,0.064504,0.193215,0.042175,0.208018,0.061399,0.175536,0.035939,0.189405,1.528253,0.189096,-0.865618,0.000259,-0.516513,-1.400967,0.034465,0.016576,0.120858,0.000000,0.097294,0.032284,-0.101360,-0.084840,0.239704,0.008032,-0.055712,0.036192,1.0000,2.0000,1.0000,0.0000,2.0000,17.1605,19.9090,48.0338,-19.9434,13.2615,,,
1786590092805046880,2026-08-13T10:01:32.805071,ground_truth,0.150426,0.294000,0.117597,True,,,,,,,,,-0.110842,0.497164,0.436651,-0.107067,0.508853,0.439522,-0.107067,0.508853,0.439522,0.054942,0.176464,0.048549,0.191089,0.061399,0.175536,0.035939,0.189405,1.528253,0.189096,-0.865618,0.000259,-0.516513,-1.400967,0.034465,0.016576,0.120858,0.000000,0.097294,0.032284,-0.101360,-0.084840,0.239704,0.008032,-0.055712,0.036192,1.0000,2.0000,1.0000,0.0000,2.0000,17.2912,19.8321,48.4208,-19.8554,12.2360,,,
1786590092846472411,2026-08-13T10:01:32.846493,ground_truth,0.147520,0.288000,0.121019,True,,,,,,,,,-0.105339,0.514407,0.441058,-0.105339,0.514407,0.441058,-0.105339,0.514407,0.441058,0.058276,0.187287,0.051784,0.202865,0.083259,0.260850,0.066677,0.281817,1.518995,0.194264,-0.827944,0.000226,-0.548808,-1.391977,0.045814,0.032720,0.209871,0.000000,0.180640,0.045812,-0.130480,-0.063140,0.295231,-0.057056,-0.064512,0.037248,1.0000,2.0000,1.0000,0.0000,2.0000,17.2665,19.8084,49.3896,-18.9071,11.8960,,,
1786590092877217611,2026-08-13T10:01:32.877231,ground_truth,0.142852,0.308000,0.120693,True,,,,,,,,,-0.103379,0.519571,0.442590,-0.103379,0.519571,0.442590,-0.103379,0.519571,0.442590,0.047103,0.124148,0.036823,0.137795,0.029312,0.077257,0.022915,0.085749,1.517440,0.195421,-0.820925,0.000205,-0.554930,-1.390425,0.050609,0.037523,0.225143,0.000000,0.199396,0.048863,-0.129220,-0.061040,0.301622,-0.062464,-0.066688,0.038016,1.0000,2.0000,1.0000,0.0000,2.0000,17.3520,19.5912,49.0554,-16.7680,10.9588,,,
1786590092907558271,2026-08-13T10:01:32.907576,ground_truth,0.142852,0.308000,0.120693,True,,,,,,,,,-0.103379,0.519571,0.442590,-0.101486,0.524604,0.444109,-0.101486,0.524604,0.444109,0.061851,0.164380,0.049608,0.182503,0.029312,0.077257,0.022915,0.085749,1.517440,0.195421,-0.820925,0.000205,-0.554930,-1.390425,0.050609,0.037523,0.225143,0.000000,0.199396,0.048863,-0.129220,-0.061040,0.301622,-0.062464,-0.066688,0.038016,2.0000,2.0000,1.0000,0.0000,3.0000,17.5853,20.2682,50.2239,-17.5644,10.5458,,,
1786590092940257367,2026-08-13T10:01:32.940281,ground_truth,0.139165,0.314000,0.120595,True,,,,,,,,,-0.103379,0.519571,0.442590,-0.099482,0.530357,0.445391,-0.099482,0.530357,0.445391,0.066703,0.191525,0.042688,0.207252,0.029312,0.077257,0.022915,0.085749,1.517440,0.195421,-0.820925,0.000205,-0.554930,-1.390425,0.050609,0.037523,0.225143,0.000000,0.199396,0.048863,-0.129220,-0.061040,0.301622,-0.062464,-0.066688,0.038016,2.0000,2.0000,1.0000,0.0000,3.0000,17.4557,20.2463,50.3449,-17.2721,11.0893,,,
1786590092983304702,2026-08-13T10:01:32.983319,ground_truth,0.134669,0.333000,0.123544,True,,,,,,,,,-0.099482,0.530357,0.445391,-0.097569,0.535134,0.446448,-0.097569,0.535134,0.446448,0.057759,0.144288,0.031931,0.158665,0.058472,0.161821,0.042025,0.177119,1.517440,0.195421,-0.820925,0.000205,-0.554930,-1.390425,0.050609,0.037523,0.225143,0.000000,0.199396,0.048863,-0.129220,-0.061040,0.301622,-0.062464,-0.066688,0.038016,1.0000,2.0000,1.0000,0.0000,2.0000,17.0317,19.8473,52.0605,-16.6713,10.3471,,,
1786590093011437105,2026-08-13T10:01:33.011455,ground_truth,0.134223,0.340000,0.123419,True,,,,,,,,,-0.095690,0.540036,0.447713,-0.095690,0.540036,0.447713,-0.095690,0.540036,0.447713,0.043816,0.114276,0.029492,0.125891,0.056606,0.144493,0.034668,0.159011,1.516597,0.196048,-0.817215,0.000194,-0.558089,-1.389595,0.053667,0.041012,0.236050,0.000000,0.196777,0.051040,-0.113400,-0.051100,0.296310,-0.065344,-0.071520,0.037696,2.0000,2.0000,1.0000,0.0000,3.0000,17.2664,20.0725,51.6549,-17.1561,9.6667,,,
1786590093039200414,2026-08-13T10:01:33.039217,ground_truth,0.134669,0.333000,0.126804,True,,,,,,,,,-0.095690,0.540036,0.447713,-0.093675,0.545977,0.448959,-0.093675,0.545977,0.448959,0.072886,0.214906,0.045057,0.231359,0.056606,0.144493,0.034668,0.159011,1.507470,0.203437,-0.779200,0.000097,-0.588443,-1.380239,0.073738,0.058901,0.274883,0.000000,0.221213,0.072857,-0.138880,-0.065940,0.307764,-0.063616,-0.065728,0.042752,1.0000,2.0000,1.0000,0.0000,2.0000,17.2175,19.7326,52.5488,-15.7081,8.4942,,,
1786590093069385514,2026-08-13T10:01:33.069402,ground_truth,0.130609,0.346000,0.126549,True,,,,,,,,,-0.095690,0.540036,0.447713,-0.091655,0.552125,0.450198,-0.091655,0.552125,0.450198,0.071697,0.218204,0.043977,0.233854,0.056606,0.144493,0.034668,0.159011,1.504732,0.205528,-0.769378,0.000086,-0.596377,-1.377490,0.075045,0.058463,0.269210,0.000000,0.218163,0.078096,-0.133280,-0.065660,0.297140,-0.062400,-0.066624,0.041248,1.0000,2.0000,1.0000,0.0000,2.0000,17.0826,19.7007,53.9025,-14.5049,8.0742,,,
1786590093100502168,2026-08-13T10:01:33.100518,ground_truth,0.127014,0.352000,0.126431,True,,,,,,,,,-0.089540,0.558688,0.451218,-0.089540,0.558688,0.451218,-0.089540,0.558688,0.451218,0.070963,0.220187,0.034230,0.233858,0.092776,0.281369,0.052872,0.300951,1.502864,0.206933,-0.762961,0.000086,-0.601508,-1.375625,0.078534,0.058463,0.265723,0.000000,0.210305,0.078096,-0.125160,-0.065100,0.293156,-0.063520,-0.062464,0.041248,1.0000,2.0000,1.0000,0.0000,2.0000,17.0639,19.6691,53.7652,-15.0851,8.2634,,,
1786590093133878597,2026-08-13T10:01:33.133904,ground_truth,0.124498,0.340000,0.129915,True,,,,,,,,,-0.089540,0.558688,0.451218,-0.087409,0.564160,0.452231,-0.087409,0.564160,0.452231,0.067643,0.173735,0.032140,0.189189,0.092776,0.281369,0.052872,0.300951,1.499701,0.209324,-0.752463,0.000065,-0.609635,-1.372477,0.078534,0.061958,0.262229,0.000000,0.199396,0.080716,-0.135380,-0.081200,0.294733,-0.064672,-0.067520,0.043136,1.0000,2.0000,1.0000,0.0000,2.0000,15.8702,18.8514,53.8537,-13.5882,8.0450,,,
1786590093177719853,2026-08-13T10:01:33.177739,ground_truth,0.120228,0.358000,0.132750,True,,,,,,,,,-0.085175,0.569415,0.453485,-0.085175,0.569415,0.453485,-0.085175,0.569415,0.453485,0.066577,0.156547,0.037375,0.174173,0.065483,0.160912,0.034005,0.177023,1.496186,0.212042,-0.741035,0.000054,-0.618388,-1.368953,0.080279,0.063703,0.260489,0.000000,0.196777,0.080716,-0.129780,-0.048300,0.304029,-0.063616,-0.065632,0.041248,1.0000,2.0000,1.0000,0.0000,2.0000,15.2618,18.2305,54.7042,-13.6849,8.6933,,,
1786590093217100496,2026-08-13T10:01:33.217123,ground_truth,0.119885,0.364000,0.135821,True,,,,,,,,,-0.082788,0.574253,0.454949,-0.082788,0.574253,0.454949,-0.082788,0.574253,0.454949,0.054677,0.110819,0.033536,0.128043,0.035635,0.072225,0.021857,0.083451,1.493246,0.214375,-0.731622,0.000054,-0.625492,-1.366031,0.081592,0.065447,0.263976,0.000000,0.196777,0.080716,-0.145600,-0.055720,0.294567,-0.062112,-0.068800,0.040704,1.0000,2.0000,1.0000,0.0000,2.0000,14.8255,17.6028,55.9068,-12.9628,8.6874,,,
1786590093245128279,2026-08-13T10:01:33.245154,ground_truth,0.115961,0.377000,0.135501,True,,,,,,,,,-0.082788,0.574253,0.454949,-0.080245,0.579327,0.456374,-0.080245,0.579327,0.456374,0.064353,0.128445,0.036077,0.148125,0.035635,0.072225,0.021857,0.083451,1.491273,0.216015,-0.725317,0.000054,-0.630246,-1.364091,0.083336,0.068498,0.263976,0.000000,0.196777,0.080716,-0.151480,-0.059780,0.299049,-0.060896,-0.073024,0.041088,1.0000,2.0000,1.0000,0.0000,2.0000,14.4035,16.8808,56.6939,-12.4965,8.7005,,,
1786590093276650849,2026-08-13T10:01:33.276676,ground_truth,0.116683,0.364000,0.139029,True,,,,,,,,,-0.082788,0.574253,0.454949,-0.077664,0.584768,0.457778,-0.077664,0.584768,0.457778,0.091883,0.193700,0.049974,0.220135,0.035635,0.072225,0.021857,0.083451,1.489287,0.217700,-0.718998,0.000054,-0.635021,-1.362151,0.083336,0.070243,0.263976,0.000000,0.199396,0.080716,-0.123340,-0.062300,0.299713,-0.059680,-0.067968,0.043136,1.0000,2.0000,1.0000,0.0000,2.0000,14.1877,16.2964,56.9436,-12.2480,9.1782,,,
1786590093304286200,2026-08-13T10:01:33.304302,ground_truth,0.113103,0.371000,0.138845,True,,,,,,,,,-0.077664,0.584768,0.457778,-0.075098,0.590283,0.459187,-0.075098,0.590283,0.459187,0.081872,0.175916,0.044951,0.199173,0.076044,0.156078,0.041991,0.178623,1.489287,0.217700,-0.718998,0.000054,-0.635021,-1.362151,0.083336,0.070243,0.263976,0.000000,0.199396,0.080716,-0.123340,-0.062300,0.299713,-0.059680,-0.067968,0.043136,1.0000,2.0000,1.0000,0.0000,2.0000,14.0545,15.9381,57.4531,-12.3462,9.3346,,,
1786590093341649519,2026-08-13T10:01:33.341666,ground_truth,0.105812,0.389000,0.138373,True,,,,,,,,,-0.077664,0.584768,0.457778,-0.072609,0.596186,0.460604,-0.072609,0.596186,0.460604,0.090240,0.214089,0.051374,0.237942,0.076044,0.156078,0.041991,0.178623,1.489287,0.217700,-0.718998,0.000054,-0.635021,-1.362151,0.083336,0.070243,0.263976,0.000000,0.199396,0.080716,-0.123340,-0.062300,0.299713,-0.059680,-0.067968,0.043136,1.0000,2.0000,1.0000,0.0000,2.0000,14.1057,15.5021,57.8677,-12.4836,9.9257,,,
1786590093368499498,2026-08-13T10:01:33.368520,ground_truth,0.106116,0.383000,0.141707,True,,,,,,,,,-0.072609,0.596186,0.460604,-0.069829,0.601793,0.461761,-0.069829,0.601793,0.461761,0.074418,0.150072,0.030964,0.170348,0.074474,0.168221,0.041632,0.188621,1.489287,0.217700,-0.718998,0.000054,-0.635021,-1.362151,0.083336,0.070243,0.263976,0.000000,0.199396,0.080716,-0.123340,-0.062300,0.299713,-0.059680,-0.067968,0.043136,1.0000,2.0000,1.0000,0.0000,2.0000,14.2992,15.4568,57.8431,-12.0721,10.2832,,,
1786590093402735658,2026-08-13T10:01:33.402758,ground_truth,0.098923,0.401000,0.141206,True,,,,,,,,,-0.072609,0.596186,0.460604,-0.067380,0.607662,0.463162,-0.067380,0.607662,0.463162,0.090873,0.217735,0.051983,0.241596,0.074474,0.168221,0.041632,0.188621,1.478225,0.228742,-0.682476,0.000054,-0.660395,-1.351048,0.081592,0.094679,0.276631,0.000000,0.194157,0.083766,-0.133840,-0.052640,0.310918,-0.048640,-0.068960,0.040640,1.0000,2.0000,1.0000,0.0000,2.0000,14.7059,16.1895,57.5417,-11.6010,10.2971,,,
1786590093436186232,2026-08-13T10:01:33.436203,ground_truth,0.092158,0.412000,0.137770,True,,,,,,,,,-0.064451,0.613155,0.464529,-0.064451,0.613155,0.464529,-0.064451,0.613155,0.464529,0.086527,0.162314,0.040404,0.188322,0.126240,0.262578,0.060742,0.297613,1.475560,0.231846,-0.673651,0.000054,-0.666593,-1.348386,0.085081,0.097736,0.274883,0.000000,0.193726,0.083335,-0.127680,-0.080220,0.309175,-0.044416,-0.067456,0.036960,1.0000,2.0000,1.0000,0.0000,2.0000,14.6943,15.5092,57.8969,-13.0983,12.0920,,,
1786590093470748559,2026-08-13T10:01:33.470775,ground_truth,0.092158,0.412000,0.137770,True,,,,,,,,,-0.064451,0.613155,0.464529,-0.061317,0.619214,0.465674,-0.061317,0.619214,0.465674,0.093233,0.180248,0.034064,0.205772,0.126240,0.262578,0.060742,0.297613,1.472515,0.235433,-0.663978,0.000054,-0.673525,-1.345518,0.083336,0.101225,0.263976,0.000000,0.188929,0.078096,-0.129780,-0.081200,0.298717,-0.041632,-0.069632,0.038752,1.0000,2.0000,1.0000,0.0000,2.0000,15.4323,15.8346,57.8783,-12.6341,11.5315,,,
1786590093500597024,2026-08-13T10:01:33.500615,ground_truth,0.089035,0.412000,0.137770,True,,,,,,,,,-0.058483,0.625652,0.466623,-0.058483,0.625652,0.466623,-0.058483,0.625652,0.466623,0.081763,0.185744,0.027359,0.204779,0.089937,0.188332,0.031547,0.211075,1.470522,0.237830,-0.657710,0.000054,-0.678117,-1.343675,0.081592,0.101225,0.258303,0.000000,0.191549,0.078096,-0.126980,-0.073780,0.311914,-0.040192,-0.064448,0.042368,1.0000,2.0000,1.0000,0.0000,2.0000,15.8685,16.5077,58.1282,-11.5121,11.1242,,,
1786590093534600983,2026-08-13T10:01:33.534620,ground_truth,0.085424,0.424000,0.137455,True,,,,,,,,,-0.058483,0.625652,0.466623,-0.055471,0.631153,0.467579,-0.055471,0.631153,0.467579,0.101139,0.184681,0.032120,0.212997,0.089937,0.188332,0.031547,0.211075,1.466635,0.242763,-0.645271,0.000054,-0.687031,-1.340064,0.078534,0.104714,0.260050,0.000000,0.185868,0.075477,-0.123340,-0.074060,0.318471,-0.038688,-0.064896,0.038240,1.0000,2.0000,1.0000,0.0000,2.0000,16.4163,16.7951,57.8008,-10.9634,12.1779,,,
1786590093567301954,2026-08-13T10:01:33.567319,ground_truth,0.082320,0.424000,0.137455,True,,,,,,,,,-0.052188,0.636467,0.468289,-0.052188,0.636467,0.468289,-0.052188,0.636467,0.468289,0.094979,0.153721,0.020542,0.181860,0.094333,0.162043,0.024975,0.189157,1.466635,0.242763,-0.645271,0.000054,-0.687031,-1.340064,0.078534,0.104714,0.260050,0.000000,0.185868,0.075477,-0.123340,-0.074060,0.318471,-0.038688,-0.064896,0.038240,1.0000,2.0000,1.0000,0.0000,2.0000,16.7779,17.3280,57.5937,-9.9124,12.3489,,,
1786590093600915215,2026-08-13T10:01:33.600930,ground_truth,0.078769,0.436000,0.137140,True,,,,,,,,,-0.052188,0.636467,0.468289,-0.048968,0.642010,0.469016,-0.048968,0.642010,0.469016,0.100466,0.172977,0.022691,0.201319,0.094333,0.162043,0.024975,0.189157,1.466635,0.242763,-0.645271,0.000054,-0.687031,-1.340064,0.078534,0.104714,0.260050,0.000000,0.185868,0.075477,-0.123340,-0.074060,0.318471,-0.038688,-0.064896,0.038240,1.0000,2.0000,1.0000,0.0000,2.0000,17.1911,17.2893,57.5217,-9.2076,11.8314,,,
1786590093644479911,2026-08-13T10:01:33.644501,ground_truth,0.075293,0.447000,0.136852,True,,,,,,,,,-0.045752,0.647278,0.469730,-0.045752,0.647278,0.469730,-0.045752,0.647278,0.469730,0.095039,0.155678,0.021096,0.183611,0.096302,0.161779,0.021563,0.189503,1.466635,0.242763,-0.645271,0.000054,-0.687031,-1.340064,0.078534,0.104714,0.260050,0.000000,0.185868,0.075477,-0.123340,-0.074060,0.318471,-0.038688,-0.064896,0.038240,1.0000,2.0000,1.0000,0.0000,2.0000,17.9609,18.0579,57.2259,-8.2495,12.2619,,,
1786590093678693162,2026-08-13T10:01:33.678710,ground_truth,0.071853,0.458000,0.133510,True,,,,,,,,,-0.042472,0.653132,0.470193,-0.042472,0.653132,0.470193,-0.042472,0.653132,0.470193,0.075220,0.134228,0.010605,0.154232,0.048993,0.087427,0.006907,0.100456,1.456305,0.257621,-0.607278,0.000065,-0.711069,-1.329878,0.070243,0.109517,0.286229,0.000000,0.164492,0.072857,-0.135660,-0.101920,0.348019,-0.030176,-0.063840,0.039584,1.0000,2.0000,1.0000,0.0000,2.0000,18.3201,18.2111,56.7185,-7.4787,12.1268,,,
1786590093709181083,2026-08-13T10:01:33.709200,ground_truth,0.068805,0.458000,0.133510,True,,,,,,,,,-0.042472,0.653132,0.470193,-0.039247,0.659369,0.470244,-0.039247,0.659369,0.470244,0.094273,0.182331,0.001482,0.205267,0.048993,0.087427,0.006907,0.100456,1.454352,0.260685,-0.599047,0.000065,-0.715639,-1.327819,0.068498,0.109517,0.297575,0.000000,0.161873,0.075477,-0.113680,-0.079240,0.330672,-0.027552,-0.055552,0.038624,1.0000,2.0000,1.0000,0.0000,2.0000,18.9518,18.4988,56.5021,-6.1750,12.0597,,,
1786590093741286128,2026-08-13T10:01:33.741303,ground_truth,0.068611,0.464000,0.133363,True,,,,,,,,,-0.042472,0.653132,0.470193,-0.035841,0.665950,0.470090,-0.035841,0.665950,0.470090,0.110468,0.213481,-0.004997,0.240421,0.048993,0.087427,0.006907,0.100456,1.451895,0.264742,-0.588147,0.000075,-0.721320,-1.325199,0.067192,0.114319,0.306736,0.000000,0.156203,0.072857,-0.114660,-0.090720,0.336814,-0.024544,-0.063616,0.041312,1.0000,2.0000,1.0000,0.0000,2.0000,18.8396,18.0934,56.5377,-5.6478,13.8206,,,
1786590093781878890,2026-08-13T10:01:33.781896,ground_truth,0.065081,0.480000,0.132969,True,,,,,,,,,-0.035841,0.665950,0.470090,-0.032685,0.672280,0.469947,-0.032685,0.672280,0.469947,0.098536,0.197575,-0.004450,0.220828,0.099466,0.192295,-0.001550,0.216502,1.451359,0.265670,-0.585686,0.000075,-0.722603,-1.324617,0.067192,0.116063,0.308483,0.000000,0.158823,0.072857,-0.124600,-0.089460,0.330506,-0.023776,-0.060384,0.037920,1.0000,2.0000,1.0000,0.0000,2.0000,19.2447,18.5640,56.5428,-5.0514,13.4076,,,
1786590093815382472,2026-08-13T10:01:33.815405,ground_truth,0.061750,0.491000,0.132699,True,,,,,,,,,-0.029244,0.678879,0.469543,-0.029244,0.678879,0.469543,-0.029244,0.678879,0.469543,0.085237,0.163512,-0.010009,0.184667,0.098766,0.193567,-0.008183,0.217462,1.451359,0.265670,-0.585686,0.000075,-0.722603,-1.324617,0.067192,0.116063,0.308483,0.000000,0.158823,0.072857,-0.124600,-0.089460,0.330506,-0.023776,-0.060384,0.037920,1.0000,2.0000,1.0000,0.0000,2.0000,19.8710,19.1967,55.7692,-4.1580,12.8021,,,
1786590093846868118,2026-08-13T10:01:33.846891,ground_truth,0.061750,0.491000,0.132699,True,,,,,,,,,-0.029244,0.678879,0.469543,-0.025821,0.686012,0.469133,-0.025821,0.686012,0.469133,0.101460,0.211398,-0.012143,0.234799,0.098766,0.193567,-0.008183,0.217462,1.451359,0.265670,-0.585686,0.000075,-0.722603,-1.324617,0.067192,0.116063,0.308483,0.000000,0.158823,0.072857,-0.124600,-0.089460,0.330506,-0.023776,-0.060384,0.037920,1.0000,2.0000,1.0000,0.0000,2.0000,20.4767,19.0600,55.5812,-3.4465,12.5273,,,
1786590093878375531,2026-08-13T10:01:33.878390,ground_truth,0.061430,0.502000,0.132429,True,,,,,,,,,-0.022883,0.693839,0.468755,-0.022883,0.693839,0.468755,-0.022883,0.693839,0.468755,0.094191,0.250963,-0.012130,0.268331,0.094901,0.223188,-0.011757,0.242811,1.451359,0.265670,-0.585686,0.000075,-0.722603,-1.324617,0.067192,0.116063,0.308483,0.000000,0.158823,0.072857,-0.124600,-0.089460,0.330506,-0.023776,-0.060384,0.037920,1.0000,2.0000,1.0000,0.0000,2.0000,20.6355,19.1243,55.6499,-3.6058,12.6433,,,
1786590093908528884,2026-08-13T10:01:33.908550,ground_truth,0.061284,0.507000,0.132306,True,,,,,,,,,-0.022883,0.693839,0.468755,-0.019904,0.701164,0.468136,-0.019904,0.701164,0.468136,0.094529,0.232442,-0.019629,0.251695,0.094901,0.223188,-0.011757,0.242811,1.451359,0.265670,-0.585686,0.000075,-0.722603,-1.324617,0.067192,0.116063,0.308483,0.000000,0.158823,0.072857,-0.124600,-0.089460,0.330506,-0.023776,-0.060384,0.037920,1.0000,2.0000,1.0000,0.0000,2.0000,20.9350,19.3441,55.6533,-3.3412,12.9195,,,
1786590093935818170,2026-08-13T10:01:33.935838,ground_truth,0.054938,0.523000,0.134858,True,,,,,,,,,-0.022883,0.693839,0.468755,-0.017395,0.708656,0.467543,-0.017395,0.708656,0.467543,0.084017,0.250843,-0.019866,0.265284,0.094901,0.223188,-0.011757,0.242811,1.450294,0.267552,-0.580749,0.000075,-0.725190,-1.323464,0.066754,0.119114,0.308483,0.000000,0.161873,0.072857,-0.127960,-0.082460,0.342707,-0.021984,-0.058944,0.036192,2.0000,2.0000,1.0000,0.0000,3.0000,22.4893,20.5362,55.2179,-1.9367,14.4817,,,
1786590093972187854,2026-08-13T10:01:33.972209,ground_truth,0.055093,0.517000,0.137971,True,,,,,,,,,-0.014914,0.715807,0.467349,-0.014914,0.715807,0.467349,-0.014914,0.715807,0.467349,0.090269,0.260180,-0.007062,0.275485,0.121049,0.333679,-0.021356,0.355599,1.437162,0.292020,-0.521514,0.000108,-0.758013,-1.310195,0.062390,0.109517,0.256563,0.000000,0.148345,0.059340,-0.136640,-0.132300,0.329842,-0.014528,-0.065792,0.038848,2.0000,2.0000,2.0000,0.0000,3.0000,22.3200,20.3393,55.7044,-3.0057,15.0738,,,
1786590094000747069,2026-08-13T10:01:34.000760,ground_truth,0.051998,0.523000,0.137804,True,,,,,,,,,-0.014914,0.715807,0.467349,-0.012443,0.722838,0.467362,-0.012443,0.722838,0.467362,0.066509,0.189231,0.000361,0.200579,0.121049,0.333679,-0.021356,0.355599,1.435678,0.294588,-0.515387,0.000108,-0.761581,-1.308696,0.061958,0.106028,0.254377,0.002609,0.147914,0.064568,-0.131740,-0.125440,0.317973,-0.014592,-0.068288,0.040192,2.0000,2.0000,1.0000,0.0000,3.0000,23.6992,21.2981,55.2302,-0.9058,14.9035,,,
1786590094038418388,2026-08-13T10:01:34.038434,ground_truth,0.048833,0.533000,0.140454,True,,,,,,,,,-0.009974,0.730164,0.467365,-0.009974,0.730164,0.467365,-0.009974,0.730164,0.467365,0.089118,0.264425,0.000082,0.279038,0.074343,0.216050,0.000236,0.228483,1.432869,0.299188,-0.504153,0.000119,-0.767962,-1.305753,0.065447,0.104283,0.256563,0.000000,0.142675,0.072857,-0.138880,-0.125440,0.341462,-0.015200,-0.059456,0.036960,2.0000,2.0000,1.0000,0.0000,3.0000,23.5117,21.5675,55.3626,-0.1618,14.8018,,,
1786590094070060852,2026-08-13T10:01:34.070078,ground_truth,0.048833,0.533000,0.140454,True,,,,,,,,,-0.009974,0.730164,0.467365,-0.007534,0.737549,0.467565,-0.007534,0.737549,0.467565,0.064888,0.196451,0.005318,0.206958,0.074343,0.216050,0.000236,0.228483,1.432869,0.299188,-0.504153,0.000119,-0.767962,-1.305753,0.065447,0.104283,0.256563,0.000000,0.142675,0.072857,-0.138880,-0.125440,0.341462,-0.015200,-0.059456,0.036960,2.0000,2.0000,2.0000,0.0000,3.0000,23.7035,21.8600,55.2264,-0.0085,15.1124,,,
1786590094101271107,2026-08-13T10:01:34.101314,ground_truth,0.045805,0.538000,0.143227,True,,,,,,,,,-0.005302,0.744839,0.467764,-0.005302,0.744839,0.467764,-0.005302,0.744839,0.467764,0.069782,0.227881,0.006249,0.238408,0.070073,0.220119,0.005998,0.231082,1.432869,0.299188,-0.504153,0.000119,-0.767962,-1.305753,0.065447,0.104283,0.256563,0.000000,0.142675,0.072857,-0.138880,-0.125440,0.341462,-0.015200,-0.059456,0.036960,2.0000,2.0000,2.0000,0.0000,3.0000,23.7035,21.8600,55.2264,-0.0085,15.1124,,,
1786590094135476845,2026-08-13T10:01:34.135489,ground_truth,0.042890,0.538000,0.140306,True,,,,,,,,,-0.005302,0.744839,0.467764,-0.003104,0.752111,0.468170,-0.003104,0.752111,0.468170,0.068809,0.227678,0.012706,0.238188,0.070073,0.220119,0.005998,0.231082,1.432869,0.299188,-0.504153,0.000119,-0.767962,-1.305753,0.065447,0.104283,0.256563,0.000000,0.142675,0.072857,-0.138880,-0.125440,0.341462,-0.015200,-0.059456,0.036960,2.0000,2.0000,2.0000,0.0000,3.0000,24.0552,21.6553,55.1192,-1.9341,15.2856,,,
1786590094170282498,2026-08-13T10:01:34.170299,ground_truth,0.039799,0.548000,0.140011,True,,,,,,,,,-0.000944,0.759005,0.468401,-0.000944,0.759005,0.468401,-0.000944,0.759005,0.468401,0.064225,0.204979,0.006847,0.214914,0.065217,0.212001,0.009520,0.222010,1.432869,0.299188,-0.504153,0.000119,-0.767962,-1.305753,0.065447,0.104283,0.256563,0.000000,0.142675,0.072857,-0.138880,-0.125440,0.341462,-0.015200,-0.059456,0.036960,2.0000,2.0000,2.0000,0.0000,3.0000,24.3010,22.0655,55.3020,-2.0818,15.3823,,,
1786590094204357209,2026-08-13T10:01:34.204455,ground_truth,0.039799,0.548000,0.140011,True,,,,,,,,,-0.000944,0.759005,0.468401,0.001193,0.765237,0.468834,0.001193,0.765237,0.468834,0.060795,0.177307,0.012330,0.187845,0.065217,0.212001,0.009520,0.222010,1.431569,0.301252,-0.499022,0.000119,-0.770819,-1.304352,0.065447,0.102970,0.258303,0.000000,0.145295,0.070249,-0.125860,-0.139440,0.333245,-0.014304,-0.062112,0.038528,2.0000,2.0000,2.0000,0.0000,3.0000,24.3010,22.0655,55.3020,-2.0818,15.3823,,,
1786590094239824939,2026-08-13T10:01:34.239862,ground_truth,0.033930,0.553000,0.139863,True,,,,,,,,,0.003126,0.771284,0.469267,0.003126,0.771284,0.469267,0.003126,0.771284,0.469267,0.057071,0.178450,0.012791,0.187790,0.061210,0.184634,0.013034,0.194952,1.418227,0.320389,-0.451281,0.000129,-0.799707,-1.291094,0.075045,0.111261,0.265723,0.000000,0.158823,0.072426,-0.120540,-0.136920,0.325028,-0.013536,-0.062112,0.040576,2.0000,2.0000,2.0000,0.0000,3.0000,24.8638,22.6758,55.0658,-2.5139,15.6187,,,
1786590094277809634,2026-08-13T10:01:34.277822,ground_truth,0.033859,0.558000,0.139716,True,,,,,,,,,0.005438,0.777293,0.469701,0.005438,0.777293,0.469701,0.005438,0.777293,0.469701,0.065921,0.171338,0.012356,0.183997,0.034374,0.089341,0.006443,0.095942,1.418227,0.320389,-0.451281,0.000129,-0.799707,-1.291094,0.075045,0.111261,0.265723,0.000000,0.158823,0.072426,-0.120540,-0.136920,0.325028,-0.013536,-0.062112,0.040576,3.0000,2.0000,2.0000,0.0000,4.0000,25.3281,23.1501,54.9030,-2.7006,15.9385,,,
1786590094311082220,2026-08-13T10:01:34.311095,ground_truth,0.030977,0.558000,0.139716,True,,,,,,,,,0.005438,0.777293,0.469701,0.007520,0.783241,0.470150,0.007520,0.783241,0.470150,0.054755,0.156480,0.011831,0.166205,0.034374,0.089341,0.006443,0.095942,1.418227,0.320389,-0.451281,0.000129,-0.799707,-1.291094,0.075045,0.111261,0.265723,0.000000,0.158823,0.072426,-0.120540,-0.136920,0.325028,-0.013536,-0.062112,0.040576,3.0000,2.0000,2.0000,0.0000,4.0000,25.7446,23.3077,53.8136,-2.2693,15.1861,,,
1786590094348125216,2026-08-13T10:01:34.348140,ground_truth,0.030850,0.568000,0.139420,True,,,,,,,,,0.009571,0.788591,0.470618,0.009571,0.788591,0.470618,0.009571,0.788591,0.470618,0.061523,0.160429,0.014028,0.172393,0.061868,0.169124,0.013734,0.180608,1.418227,0.320389,-0.451281,0.000129,-0.799707,-1.291094,0.075045,0.111261,0.265723,0.000000,0.158823,0.072426,-0.120540,-0.136920,0.325028,-0.013536,-0.062112,0.040576,3.0000,2.0000,1.0000,0.0000,3.0000,25.9379,23.4832,53.0233,-2.7085,14.6582,,,
1786590094379871648,2026-08-13T10:01:34.379889,ground_truth,0.028039,0.563000,0.139568,True,,,,,,,,,0.009571,0.788591,0.470618,0.011631,0.793234,0.471066,0.011631,0.793234,0.471066,0.055970,0.126158,0.012174,0.138552,0.061868,0.169124,0.013734,0.180608,1.418227,0.320389,-0.451281,0.000129,-0.799707,-1.291094,0.075045,0.111261,0.265723,0.000000,0.158823,0.072426,-0.120540,-0.136920,0.325028,-0.013536,-0.062112,0.040576,3.0000,2.0000,1.0000,0.0000,3.0000,26.4196,24.0930,52.4227,-3.1578,14.4747,,,
1786590094414490117,2026-08-13T10:01:34.414501,ground_truth,0.025025,0.578000,0.136270,True,,,,,,,,,0.013858,0.798003,0.471542,0.013858,0.798003,0.471542,0.013858,0.798003,0.471542,0.068602,0.146962,0.014668,0.162847,0.064359,0.141329,0.013875,0.155912,1.406421,0.339356,-0.408210,0.000140,-0.824748,-1.279711,0.070243,0.123917,0.271396,0.000000,0.140056,0.075477,-0.133840,-0.152180,0.352833,-0.016544,-0.060288,0.039136,3.0000,2.0000,2.0000,0.0000,4.0000,26.4776,24.4940,51.9376,-3.4760,15.0731,,,
1786590094443686488,2026-08-13T10:01:34.443707,ground_truth,0.025025,0.578000,0.136270,True,,,,,,,,,0.013858,0.798003,0.471542,0.016275,0.802477,0.471807,0.016275,0.802477,0.471807,0.070412,0.130315,0.007699,0.148321,0.064359,0.141329,0.013875,0.155912,1.405297,0.341349,-0.403868,0.000151,-0.826914,-1.278493,0.070243,0.125661,0.271396,0.000000,0.132208,0.075477,-0.125860,-0.129220,0.341462,-0.016096,-0.057216,0.040704,3.0000,2.0000,2.0000,0.0000,4.0000,27.3039,25.4116,50.8258,-2.5667,16.1827,,,
1786590094490204286,2026-08-13T10:01:34.490219,ground_truth,0.022176,0.578000,0.136270,True,,,,,,,,,0.018269,0.807158,0.471901,0.018269,0.807158,0.471901,0.018269,0.807158,0.471901,0.068868,0.161668,0.003251,0.175755,0.066499,0.138006,0.005403,0.153287,1.400593,0.349549,-0.386388,0.000151,-0.835387,-1.273469,0.076790,0.130457,0.271396,0.000000,0.140056,0.078096,-0.137200,-0.143220,0.347023,-0.013696,-0.057504,0.040416,3.0000,2.0000,2.0000,0.0000,4.0000,27.8872,25.8851,50.5253,-1.6794,16.5677,,,
1786590094519389638,2026-08-13T10:01:34.519401,ground_truth,0.019272,0.587000,0.136019,True,,,,,,,,,0.018269,0.807158,0.471901,0.020463,0.811348,0.471787,0.020463,0.811348,0.471787,0.046841,0.089427,-0.002420,0.100981,0.066499,0.138006,0.005403,0.153287,1.398424,0.353214,-0.378849,0.000151,-0.839375,-1.271217,0.080279,0.132208,0.269210,0.000000,0.142675,0.083335,-0.144060,-0.156800,0.340798,-0.014816,-0.056224,0.040128,3.0000,2.0000,2.0000,0.0000,4.0000,28.1143,25.8775,49.6918,-1.3753,16.7607,,,
1786590094551977968,2026-08-13T10:01:34.551993,ground_truth,0.019242,0.592000,0.133048,True,,,,,,,,,0.022645,0.815119,0.471668,0.022645,0.815119,0.471668,0.022645,0.815119,0.471668,0.074821,0.129333,-0.004080,0.149472,0.065900,0.119881,-0.003499,0.136845,1.396150,0.356958,-0.371354,0.000151,-0.843234,-1.268964,0.083336,0.133952,0.267471,0.000000,0.134817,0.080716,-0.142240,-0.151480,0.346276,-0.015424,-0.060064,0.042144,3.0000,2.0000,2.0000,0.0000,4.0000,28.6579,26.2551,49.0898,-0.5617,17.2232,,,
1786590094581826346,2026-08-13T10:01:34.581842,ground_truth,0.016456,0.583000,0.133284,True,,,,,,,,,0.022645,0.815119,0.471668,0.024618,0.819287,0.471175,0.024618,0.819287,0.471175,0.060403,0.127607,-0.015117,0.141988,0.065900,0.119881,-0.003499,0.136845,1.396150,0.356958,-0.371354,0.000151,-0.843234,-1.268964,0.083336,0.133952,0.267471,0.000000,0.134817,0.080716,-0.142240,-0.151480,0.346276,-0.015424,-0.060064,0.042144,3.0000,2.0000,2.0000,0.0000,4.0000,29.3086,26.6358,49.0614,-1.3022,17.6746,,,
1786590094613640592,2026-08-13T10:01:34.613654,ground_truth,0.016394,0.597000,0.130094,True,,,,,,,,,0.026776,0.823000,0.470697,0.026776,0.823000,0.470697,0.026776,0.823000,0.470697,0.072563,0.124838,-0.016069,0.145286,0.061472,0.117270,-0.014459,0.133192,1.396150,0.356958,-0.371354,0.000151,-0.843234,-1.268964,0.083336,0.133952,0.267471,0.000000,0.134817,0.080716,-0.142240,-0.151480,0.346276,-0.015424,-0.060064,0.042144,3.0000,2.0000,2.0000,0.0000,4.0000,29.9513,27.3642,48.6047,-0.9848,16.9150,,,
1786590094647765218,2026-08-13T10:01:34.647809,ground_truth,0.016394,0.597000,0.130094,True,,,,,,,,,0.026776,0.823000,0.470697,0.028737,0.826890,0.469821,0.028737,0.826890,0.469821,0.061613,0.122217,-0.027514,0.139607,0.061472,0.117270,-0.014459,0.133192,1.396150,0.356958,-0.371354,0.000151,-0.843234,-1.268964,0.083336,0.133952,0.267471,0.000000,0.134817,0.080716,-0.142240,-0.151480,0.346276,-0.015424,-0.060064,0.042144,3.0000,2.0000,2.0000,0.0000,4.0000,30.7732,28.4023,48.5849,-0.3999,17.3592,,,
1786590094680484255,2026-08-13T10:01:34.680515,ground_truth,0.016416,0.592000,0.130216,True,,,,,,,,,0.030504,0.830814,0.469140,0.030504,0.830814,0.469140,0.030504,0.830814,0.469140,0.051892,0.115292,-0.020002,0.128004,0.056030,0.117467,-0.023398,0.132232,1.396150,0.356958,-0.371354,0.000151,-0.843234,-1.268964,0.083336,0.133952,0.267471,0.000000,0.134817,0.080716,-0.142240,-0.151480,0.346276,-0.015424,-0.060064,0.042144,3.0000,2.0000,2.0000,0.0000,4.0000,30.7140,28.4880,47.8937,-0.8730,17.5163,,,
1786590094707943975,2026-08-13T10:01:34.707964,ground_truth,0.016372,0.602000,0.129971,True,,,,,,,,,0.030504,0.830814,0.469140,0.032062,0.834746,0.468487,0.032062,0.834746,0.468487,0.048075,0.121249,-0.020137,0.131978,0.056030,0.117467,-0.023398,0.132232,1.396150,0.356958,-0.371354,0.000151,-0.843234,-1.268964,0.083336,0.133952,0.267471,0.000000,0.134817,0.080716,-0.142240,-0.151480,0.346276,-0.015424,-0.060064,0.042144,3.0000,2.0000,2.0000,0.0000,4.0000,30.8614,28.7566,48.0773,-1.5859,17.5720,,,
1786590094735498656,2026-08-13T10:01:34.735514,ground_truth,0.016394,0.597000,0.130094,True,,,,,,,,,0.030504,0.830814,0.469140,0.033624,0.838145,0.467818,0.033624,0.838145,0.467818,0.057240,0.124599,-0.024532,0.139295,0.056030,0.117467,-0.023398,0.132232,1.394824,0.359121,-0.367086,0.000151,-0.845390,-1.267649,0.081592,0.135259,0.266162,0.000000,0.134386,0.080716,-0.155540,-0.155540,0.348185,-0.015936,-0.055264,0.039904,3.0000,2.0000,2.0000,0.0000,4.0000,30.9911,28.9168,48.9709,-1.4468,17.2896,,,
1786590094769644692,2026-08-13T10:01:34.769672,ground_truth,0.016350,0.607000,0.129848,True,,,,,,,,,0.034793,0.841439,0.467167,0.034793,0.841439,0.467167,0.034793,0.841439,0.467167,0.042185,0.118835,-0.023502,0.128272,0.064579,0.159946,-0.029712,0.175031,1.379352,0.388764,-0.313338,0.000162,-0.869514,-1.252213,0.060645,0.152279,0.256563,0.000000,0.091624,0.065010,-0.113680,-0.169540,0.346691,-0.017312,-0.054720,0.037632,3.0000,2.0000,2.0000,0.0000,4.0000,30.9141,29.2082,49.8318,-2.1378,16.5843,,,
1786590094802073095,2026-08-13T10:01:34.802086,ground_truth,0.016394,0.597000,0.130094,True,,,,,,,,,0.034793,0.841439,0.467167,0.035961,0.844711,0.466509,0.035961,0.844711,0.466509,0.034183,0.095823,-0.019266,0.103545,0.064579,0.159946,-0.029712,0.175031,1.377967,0.392435,-0.307167,0.000162,-0.871681,-1.250703,0.055849,0.153148,0.256563,0.000000,0.091624,0.061949,-0.110600,-0.170100,0.359058,-0.017152,-0.052704,0.035840,3.0000,2.0000,2.0000,0.0000,4.0000,31.2003,29.5019,48.4419,-3.9752,16.6992,,,
1786590094838623131,2026-08-13T10:01:34.838644,ground_truth,0.016350,0.607000,0.129848,True,,,,,,,,,0.036933,0.847445,0.465867,0.036933,0.847445,0.465867,0.036933,0.847445,0.465867,0.029861,0.083990,-0.019703,0.091292,0.032150,0.090262,-0.019526,0.097786,1.376236,0.397434,-0.298914,0.000162,-0.874602,-1.248839,0.052354,0.158388,0.260489,0.000000,0.094675,0.056721,-0.125860,-0.160860,0.344616,-0.017920,-0.054656,0.038688,3.0000,2.0000,2.0000,0.0000,4.0000,31.2696,29.4804,47.9651,-4.2374,16.4749,,,
1786590094870516961,2026-08-13T10:01:34.870541,ground_truth,0.013538,0.611000,0.129749,True,,,,,,,,,0.036933,0.847445,0.465867,0.037899,0.850605,0.465229,0.037899,0.850605,0.465229,0.026506,0.086652,-0.017498,0.092290,0.032150,0.090262,-0.019526,0.097786,1.376236,0.397434,-0.298914,0.000162,-0.874602,-1.248839,0.052354,0.158388,0.260489,0.000000,0.094675,0.056721,-0.125860,-0.160860,0.344616,-0.017920,-0.054656,0.038688,3.0000,2.0000,2.0000,0.0000,4.0000,31.2696,29.4804,47.9651,-4.2374,16.4749,,,
1786590094903923178,2026-08-13T10:01:34.903942,ground_truth,0.013538,0.611000,0.129749,True,,,,,,,,,0.038866,0.853584,0.464575,0.038866,0.853584,0.464575,0.038866,0.853584,0.464575,0.030079,0.092676,-0.020365,0.099540,0.029018,0.092137,-0.019402,0.098528,1.376236,0.397434,-0.298914,0.000162,-0.874602,-1.248839,0.052354,0.158388,0.260489,0.000000,0.094675,0.056721,-0.125860,-0.160860,0.344616,-0.017920,-0.054656,0.038688,3.0000,2.0000,2.0000,0.0000,4.0000,31.4792,30.1823,48.9563,-5.1865,17.4489,,,
1786590094935569841,2026-08-13T10:01:34.935588,ground_truth,0.013524,0.616000,0.129627,True,,,,,,,,,0.038866,0.853584,0.464575,0.039632,0.856473,0.464140,0.039632,0.856473,0.464140,0.022994,0.086746,-0.013052,0.090686,0.029018,0.092137,-0.019402,0.098528,1.375817,0.398708,-0.296839,0.000162,-0.875357,-1.248397,0.052354,0.160133,0.258303,0.000000,0.094244,0.054101,-0.123340,-0.151480,0.368105,-0.018208,-0.054272,0.037568,3.0000,2.0000,2.0000,0.0000,4.0000,31.8249,29.9117,47.8268,-5.0431,17.2479,,,
1786590094968754382,2026-08-13T10:01:34.968773,ground_truth,0.010732,0.621000,0.126720,True,,,,,,,,,0.040399,0.858811,0.463697,0.040399,0.858811,0.463697,0.040399,0.858811,0.463697,0.024330,0.074182,-0.014054,0.079324,0.022981,0.078376,-0.013160,0.082729,1.369885,0.419426,-0.264184,0.000172,-0.888443,-1.242587,0.044069,0.179766,0.277069,0.000000,0.118680,0.043193,-0.113120,-0.178500,0.357813,-0.020096,-0.054048,0.032736,3.0000,2.0000,2.0000,0.0000,4.0000,31.7226,30.1762,47.4255,-5.4799,17.7911,,,
1786590095005849117,2026-08-13T10:01:35.005868,ground_truth,0.010728,0.625000,0.126628,True,,,,,,,,,0.040399,0.858811,0.463697,0.041162,0.861305,0.463060,0.041162,0.861305,0.463060,0.023179,0.075779,-0.019344,0.081572,0.022981,0.078376,-0.013160,0.082729,1.368487,0.425202,-0.255232,0.000172,-0.892118,-1.241293,0.042318,0.179766,0.280556,0.000000,0.116061,0.040573,-0.120260,-0.173600,0.367939,-0.020000,-0.055552,0.034400,3.0000,2.0000,2.0000,0.0000,4.0000,31.7661,30.1899,47.3289,-5.4858,18.2904,,,
1786590095037013024,2026-08-13T10:01:35.037029,ground_truth,0.010713,0.639000,0.126307,True,,,,,,,,,0.040399,0.858811,0.463697,0.041731,0.864097,0.462434,0.041731,0.864097,0.462434,0.015347,0.075224,-0.016867,0.078605,0.022981,0.078376,-0.013160,0.082729,1.368487,0.425202,-0.255232,0.000172,-0.892118,-1.241293,0.042318,0.179766,0.280556,0.000000,0.116061,0.040573,-0.120260,-0.173600,0.367939,-0.020000,-0.055552,0.034400,3.0000,2.0000,2.0000,0.0000,4.0000,31.9403,30.8324,46.9834,-5.8388,18.8743,,,
1786590095070881852,2026-08-13T10:01:35.070908,ground_truth,0.010718,0.634000,0.123660,True,,,,,,,,,0.040399,0.858811,0.463697,0.042300,0.866682,0.461985,0.042300,0.866682,0.461985,0.018263,0.083023,-0.014433,0.086224,0.022981,0.078376,-0.013160,0.082729,1.368487,0.425202,-0.255232,0.000172,-0.892118,-1.241293,0.042318,0.179766,0.280556,0.000000,0.116061,0.040573,-0.120260,-0.173600,0.367939,-0.020000,-0.055552,0.034400,3.0000,2.0000,2.0000,0.0000,4.0000,32.3896,30.6330,45.3191,-4.9899,18.5356,,,
1786590095104427530,2026-08-13T10:01:35.104464,ground_truth,0.007959,0.630000,0.123745,True,,,,,,,,,0.042682,0.869706,0.461343,0.042682,0.869706,0.461343,0.042682,0.869706,0.461343,0.011249,0.088927,-0.018871,0.091600,0.017144,0.081791,-0.017670,0.085416,1.368487,0.425202,-0.255232,0.000172,-0.892118,-1.241293,0.042318,0.179766,0.280556,0.000000,0.116061,0.040573,-0.120260,-0.173600,0.367939,-0.020000,-0.055552,0.034400,3.0000,2.0000,2.0000,0.0000,4.0000,32.6719,31.8617,43.7892,-5.4249,20.0657,,,
1786590095135710227,2026-08-13T10:01:35.135734,ground_truth,0.007964,0.639000,0.120799,True,,,,,,,,,0.042682,0.869706,0.461343,0.043245,0.872551,0.460920,0.043245,0.872551,0.460920,0.016790,0.084934,-0.012637,0.087495,0.017144,0.081791,-0.017670,0.085416,1.368487,0.425202,-0.255232,0.000172,-0.892118,-1.241293,0.042318,0.179766,0.280556,0.000000,0.116061,0.040573,-0.120260,-0.173600,0.367939,-0.020000,-0.055552,0.034400,3.0000,2.0000,2.0000,0.0000,4.0000,32.6754,31.6260,43.9963,-4.8875,19.4539,,,
1786590095168827756,2026-08-13T10:01:35.168855,ground_truth,0.007966,0.643000,0.120721,True,,,,,,,,,0.043807,0.875093,0.460300,0.043807,0.875093,0.460300,0.043807,0.875093,0.460300,0.017926,0.081087,-0.019763,0.085364,0.016783,0.080409,-0.015567,0.083604,1.368487,0.425202,-0.255232,0.000172,-0.892118,-1.241293,0.042318,0.179766,0.280556,0.000000,0.116061,0.040573,-0.120260,-0.173600,0.367939,-0.020000,-0.055552,0.034400,3.0000,2.0000,2.0000,0.0000,4.0000,32.7294,31.7168,44.4404,-4.6553,19.4285,,,
1786590095203380179,2026-08-13T10:01:35.203404,ground_truth,0.007971,0.652000,0.117812,True,,,,,,,,,0.043807,0.875093,0.460300,0.044370,0.877842,0.459667,0.044370,0.877842,0.459667,0.017062,0.083244,-0.019173,0.087111,0.016783,0.080409,-0.015567,0.083604,1.367820,0.428063,-0.250749,0.000172,-0.893940,-1.240668,0.040574,0.178022,0.280556,0.000000,0.113442,0.040573,-0.122360,-0.161420,0.359390,-0.020320,-0.059392,0.035360,3.0000,2.0000,2.0000,0.0000,4.0000,33.1785,31.5972,43.6584,-3.8161,18.9771,,,
1786590095235469463,2026-08-13T10:01:35.235486,ground_truth,0.005235,0.648000,0.117883,True,,,,,,,,,0.044930,0.880845,0.458857,0.044930,0.880845,0.458857,0.044930,0.880845,0.458857,0.016066,0.086144,-0.023253,0.090662,0.016868,0.086360,-0.021677,0.090622,1.361326,0.462123,-0.192822,0.000172,-0.917601,-1.234308,0.020940,0.148784,0.273575,0.000000,0.110391,0.024426,-0.091700,-0.224700,0.366777,-0.024160,-0.054560,0.031232,3.0000,2.0000,2.0000,0.0000,4.0000,33.2167,31.7582,44.0574,-3.9466,18.6387,,,
1786590095269290368,2026-08-13T10:01:35.269307,ground_truth,0.005224,0.643000,0.115226,True,,,,,,,,,0.044930,0.880845,0.458857,0.045674,0.884165,0.458043,0.045674,0.884165,0.458043,0.023296,0.103983,-0.025490,0.109567,0.016868,0.086360,-0.021677,0.090622,1.361326,0.462123,-0.192822,0.000172,-0.917601,-1.234308,0.020940,0.148784,0.273575,0.000000,0.110391,0.024426,-0.091700,-0.224700,0.366777,-0.024160,-0.054560,0.031232,3.0000,2.0000,2.0000,0.0000,4.0000,33.3065,31.7485,43.9066,-4.0029,18.5029,,,
1786590095301860176,2026-08-13T10:01:35.301877,ground_truth,0.005244,0.652000,0.115079,True,,,,,,,,,0.046416,0.887283,0.457068,0.046416,0.887283,0.457068,0.046416,0.887283,0.457068,0.022009,0.092499,-0.028923,0.099383,0.022254,0.096436,-0.026794,0.102533,1.361326,0.462123,-0.192822,0.000172,-0.917601,-1.234308,0.020940,0.148784,0.273575,0.000000,0.110391,0.024426,-0.091700,-0.224700,0.366777,-0.024160,-0.054560,0.031232,3.0000,2.0000,2.0000,0.0000,4.0000,33.3715,31.8138,43.8047,-4.1460,18.5437,,,
1786590095335595819,2026-08-13T10:01:35.335614,ground_truth,0.005284,0.670000,0.112082,True,,,,,,,,,0.046416,0.887283,0.457068,0.047159,0.890626,0.456067,0.047159,0.890626,0.456067,0.022696,0.102085,-0.030562,0.108951,0.022254,0.096436,-0.026794,0.102533,1.360901,0.465083,-0.187290,0.000172,-0.919832,-1.233866,0.021378,0.148352,0.277069,0.000000,0.110391,0.021375,-0.093800,-0.208600,0.384622,-0.024768,-0.057120,0.032960,3.0000,2.0000,2.0000,0.0000,4.0000,33.4246,32.0623,42.4813,-6.2289,18.4223,,,
1786590095370696638,2026-08-13T10:01:35.370714,ground_truth,0.005264,0.661000,0.112214,True,,,,,,,,,0.046416,0.887283,0.457068,0.047897,0.893695,0.454882,0.047897,0.893695,0.454882,0.021772,0.090560,-0.034951,0.099482,0.022254,0.096436,-0.026794,0.102533,1.358151,0.486951,-0.145468,0.000172,-0.938976,-1.231074,0.019634,0.163621,0.312408,0.000000,0.156203,0.018756,-0.120820,-0.225960,0.388772,-0.026880,-0.067136,0.034240,3.0000,2.0000,2.0000,0.0000,4.0000,33.4355,32.1093,42.3519,-6.6574,18.7215,,,
1786590095403928964,2026-08-13T10:01:35.403947,ground_truth,0.005255,0.657000,0.112273,True,,,,,,,,,0.046416,0.887283,0.457068,0.048449,0.897189,0.453713,0.048449,0.897189,0.453713,0.015626,0.098969,-0.033115,0.105526,0.022254,0.096436,-0.026794,0.102533,1.357497,0.492217,-0.135438,0.000172,-0.943967,-1.230481,0.021378,0.163184,0.314156,0.000000,0.156203,0.019198,-0.124180,-0.232400,0.383792,-0.027168,-0.059008,0.034784,3.0000,2.0000,2.0000,0.0000,4.0000,33.5474,32.4157,42.5710,-7.9270,18.6646,,,
1786590095438940694,2026-08-13T10:01:35.438963,ground_truth,0.005293,0.674000,0.109328,True,,,,,,,,,0.049001,0.900554,0.452548,0.049001,0.900554,0.452548,0.049001,0.900554,0.452548,0.016645,0.101446,-0.035120,0.108636,0.019434,0.099776,-0.033977,0.107179,1.356935,0.496764,-0.126679,0.000172,-0.948203,-1.229932,0.019634,0.160133,0.310661,0.000000,0.150964,0.019198,-0.114660,-0.227500,0.392175,-0.027168,-0.062720,0.035520,3.0000,2.0000,2.0000,0.0000,4.0000,33.5606,32.6813,43.3365,-8.4775,18.6035,,,
1786590095472415144,2026-08-13T10:01:35.472430,ground_truth,0.005293,0.674000,0.109328,True,,,,,,,,,0.049001,0.900554,0.452548,0.049550,0.903894,0.451195,0.049550,0.903894,0.451195,0.015669,0.095357,-0.038638,0.104074,0.019434,0.099776,-0.033977,0.107179,1.355942,0.504343,-0.111876,0.000172,-0.955307,-1.228951,0.019634,0.155330,0.304557,0.000000,0.145295,0.019198,-0.116200,-0.243040,0.396989,-0.027456,-0.062560,0.037472,3.0000,2.0000,2.0000,0.0000,4.0000,33.9675,32.5705,42.9745,-7.9344,18.5390,,,
1786590095503737662,2026-08-13T10:01:35.503757,ground_truth,0.005293,0.674000,0.109328,True,,,,,,,,,0.049912,0.907655,0.450036,0.049912,0.907655,0.450036,0.049912,0.907655,0.450036,0.010788,0.111890,-0.034492,0.117582,0.013701,0.106746,-0.037773,0.114058,1.355419,0.508041,-0.104560,0.000172,-0.958875,-1.228444,0.020940,0.153586,0.304996,0.000000,0.150964,0.021807,-0.126700,-0.217280,0.378480,-0.027456,-0.057824,0.036960,3.0000,2.0000,2.0000,0.0000,4.0000,33.9675,32.5705,42.9745,-7.9344,18.5390,,,
1786590095536471314,2026-08-13T10:01:35.536495,ground_truth,0.005304,0.679000,0.109263,True,,,,,,,,,0.049912,0.907655,0.450036,0.050275,0.911234,0.448882,0.050275,0.911234,0.448882,0.011667,0.115234,-0.037136,0.121630,0.013701,0.106746,-0.037773,0.114058,1.354570,0.513615,-0.093556,0.000172,-0.964426,-1.227646,0.022685,0.155330,0.308483,0.000000,0.156203,0.021807,-0.131040,-0.241080,0.393088,-0.029728,-0.063168,0.035296,3.0000,2.0000,2.0000,0.0000,4.0000,33.7282,32.9228,43.3200,-9.9171,19.6080,,,
1786590095569983930,2026-08-13T10:01:35.570006,ground_truth,0.005312,0.683000,0.106529,True,,,,,,,,,0.050635,0.914563,0.447746,0.050635,0.914563,0.447746,0.050635,0.914563,0.447746,0.011037,0.101895,-0.034779,0.108232,0.010768,0.102889,-0.034103,0.108927,1.354570,0.513615,-0.093556,0.000172,-0.964426,-1.227646,0.022685,0.155330,0.308483,0.000000,0.156203,0.021807,-0.131040,-0.241080,0.393088,-0.029728,-0.063168,0.035296,3.0000,2.0000,2.0000,0.0000,4.0000,33.6437,33.0540,42.2105,-11.1781,20.1436,,,
1786590095603168669,2026-08-13T10:01:35.603196,ground_truth,0.005321,0.687000,0.106484,True,,,,,,,,,0.050635,0.914563,0.447746,0.050995,0.917629,0.446604,0.050995,0.917629,0.446604,0.010807,0.091943,-0.034249,0.098708,0.010768,0.102889,-0.034103,0.108927,1.354570,0.513615,-0.093556,0.000172,-0.964426,-1.227646,0.022685,0.155330,0.308483,0.000000,0.156203,0.021807,-0.131040,-0.241080,0.393088,-0.029728,-0.063168,0.035296,3.0000,2.0000,2.0000,0.0000,4.0000,33.9798,32.6627,44.7287,-8.6646,17.3601,,,
1786590095637662894,2026-08-13T10:01:35.637681,ground_truth,0.005321,0.687000,0.106484,True,,,,,,,,,0.051171,0.920855,0.445453,0.051171,0.920855,0.445453,0.051171,0.920855,0.445453,0.005230,0.095974,-0.034229,0.102030,0.008044,0.094398,-0.034396,0.100791,1.354570,0.513615,-0.093556,0.000172,-0.964426,-1.227646,0.022685,0.155330,0.308483,0.000000,0.156203,0.021807,-0.131040,-0.241080,0.393088,-0.029728,-0.063168,0.035296,3.0000,2.0000,2.0000,0.0000,4.0000,33.8873,32.6771,44.3080,-9.2361,17.3121,,,
1786590095677759713,2026-08-13T10:01:35.677799,ground_truth,0.005321,0.687000,0.106484,True,,,,,,,,,0.051348,0.924327,0.444499,0.051348,0.924327,0.444499,0.051348,0.924327,0.444499,0.005169,0.101863,-0.028000,0.105768,0.002619,0.051610,-0.014186,0.053588,1.350408,0.535816,-0.049012,0.000172,-0.986556,-1.223410,0.037960,0.164928,0.328989,0.000000,0.161873,0.037523,-0.144760,-0.240520,0.392756,-0.031392,-0.063168,0.034400,3.0000,2.0000,2.0000,0.0000,4.0000,33.9868,32.6784,44.0209,-9.0320,17.4021,,,
1786590095713100134,2026-08-13T10:01:35.713116,ground_truth,0.005330,0.691000,0.106438,True,,,,,,,,,0.051348,0.924327,0.444499,0.051524,0.927582,0.443550,0.051524,0.927582,0.443550,0.004322,0.079772,-0.023265,0.083208,0.002619,0.051610,-0.014186,0.053588,1.349356,0.540481,-0.039741,0.000172,-0.991180,-1.222354,0.037523,0.167986,0.334662,0.000000,0.167112,0.037523,-0.147560,-0.249480,0.384456,-0.031392,-0.067072,0.036512,3.0000,2.0000,2.0000,0.0000,4.0000,33.9410,32.7178,43.8189,-9.6347,17.8312,,,
1786590095740198602,2026-08-13T10:01:35.740217,ground_truth,0.005321,0.687000,0.106484,True,,,,,,,,,0.051348,0.924327,0.444499,0.051700,0.930579,0.442792,0.051700,0.930579,0.442792,0.005065,0.086224,-0.021810,0.089084,0.002619,0.051610,-0.014186,0.053588,1.349356,0.540481,-0.039741,0.000172,-0.991180,-1.222354,0.037523,0.167986,0.334662,0.000000,0.167112,0.037523,-0.147560,-0.249480,0.384456,-0.031392,-0.067072,0.036512,3.0000,2.0000,2.0000,0.0000,4.0000,34.6290,32.7515,43.5929,-9.1484,17.9981,,,
1786590095769640109,2026-08-13T10:01:35.769656,ground_truth,0.005330,0.691000,0.103770,True,,,,,,,,,0.051694,0.933259,0.442032,0.051694,0.933259,0.442032,0.051694,0.933259,0.442032,-0.000212,0.098865,-0.028041,0.102765,0.005210,0.134236,-0.037083,0.139361,1.349356,0.540481,-0.039741,0.000172,-0.991180,-1.222354,0.037523,0.167986,0.334662,0.000000,0.167112,0.037523,-0.147560,-0.249480,0.384456,-0.031392,-0.067072,0.036512,3.0000,2.0000,2.0000,0.0000,4.0000,34.8809,32.5516,43.0581,-9.1884,18.0051,,,
1786590095802840815,2026-08-13T10:01:35.802873,ground_truth,0.005321,0.687000,0.103809,True,,,,,,,,,0.051694,0.933259,0.442032,0.051687,0.936088,0.441268,0.051687,0.936088,0.441268,-0.000242,0.096605,-0.026077,0.100063,0.005210,0.134236,-0.037083,0.139361,1.349356,0.540481,-0.039741,0.000172,-0.991180,-1.222354,0.037523,0.167986,0.334662,0.000000,0.167112,0.037523,-0.147560,-0.249480,0.384456,-0.031392,-0.067072,0.036512,3.0000,2.0000,2.0000,0.0000,4.0000,34.9481,32.5462,42.3155,-9.9428,17.9430,,,
1786590095842359355,2026-08-13T10:01:35.842376,ground_truth,0.005321,0.687000,0.103809,True,,,,,,,,,0.051682,0.938734,0.440516,0.051682,0.938734,0.440516,0.051682,0.938734,0.440516,-0.000154,0.079078,-0.022456,0.082205,-0.000185,0.082578,-0.022851,0.085682,1.349356,0.540481,-0.039741,0.000172,-0.991180,-1.222354,0.037523,0.167986,0.334662,0.000000,0.167112,0.037523,-0.147560,-0.249480,0.384456,-0.031392,-0.067072,0.036512,3.0000,2.0000,2.0000,0.0000,4.0000,34.6421,32.9373,43.4742,-10.4799,18.6036,,,
1786590095870146655,2026-08-13T10:01:35.870162,ground_truth,0.002667,0.691000,0.101102,True,,,,,,,,,0.051682,0.938734,0.440516,0.051679,0.941130,0.439965,0.051679,0.941130,0.439965,-0.000063,0.060514,-0.013931,0.062097,-0.000185,0.082578,-0.022851,0.085682,1.348879,0.542519,-0.035733,0.000172,-0.993185,-1.221880,0.039267,0.169730,0.334662,0.000000,0.167112,0.040573,-0.133560,-0.248920,0.391843,-0.031296,-0.066688,0.035520,3.0000,2.0000,2.0000,0.0000,4.0000,34.5270,33.1417,42.8744,-11.2457,17.5974,,,
1786590095904470499,2026-08-13T10:01:35.904490,ground_truth,0.000032,0.696000,0.101062,True,,,,,,,,,0.051853,0.942996,0.439224,0.051853,0.942996,0.439224,0.051853,0.942996,0.439224,0.006275,0.067639,-0.026856,0.073046,0.002580,0.064447,-0.019544,0.067395,1.342594,0.568621,0.012774,0.000172,-1.015218,-1.215283,0.041012,0.169730,0.293650,0.000000,0.121300,0.040573,-0.140000,-0.270620,0.386863,-0.031008,-0.056544,0.037632,3.0000,2.0000,2.0000,0.0000,4.0000,34.1255,33.5047,41.0886,-13.0288,20.3270,,,
1786590095939647385,2026-08-13T10:01:35.939668,ground_truth,-0.000018,0.687000,0.101134,True,,,,,,,,,0.051853,0.942996,0.439224,0.052201,0.944969,0.438477,0.052201,0.944969,0.438477,0.010148,0.057501,-0.021781,0.062320,0.002580,0.064447,-0.019544,0.067395,1.342594,0.568621,0.012774,0.000172,-1.015218,-1.215283,0.041012,0.169730,0.293650,0.000000,0.121300,0.040573,-0.140000,-0.270620,0.386863,-0.031008,-0.056544,0.037632,3.0000,2.0000,2.0000,0.0000,4.0000,34.2382,33.4624,41.2704,-12.7584,20.5380,,,
1786590095975486280,2026-08-13T10:01:35.975508,ground_truth,-0.002566,0.704000,0.098351,True,,,,,,,,,0.052555,0.946963,0.437930,0.052555,0.946963,0.437930,0.052555,0.946963,0.437930,0.010021,0.056459,-0.015461,0.059389,0.010393,0.058724,-0.019146,0.062634,1.342594,0.568621,0.012774,0.000172,-1.015218,-1.215283,0.041012,0.169730,0.293650,0.000000,0.121300,0.040573,-0.140000,-0.270620,0.386863,-0.031008,-0.056544,0.037632,3.0000,2.0000,2.0000,0.0000,4.0000,34.5964,33.7543,40.7457,-12.5728,21.0137,,,
1786590096008026388,2026-08-13T10:01:36.008044,ground_truth,-0.005242,0.700000,0.098376,True,,,,,,,,,0.052555,0.946963,0.437930,0.053079,0.948536,0.437199,0.053079,0.948536,0.437199,0.014708,0.044140,-0.020544,0.050860,0.010393,0.058724,-0.019146,0.062634,1.341967,0.571365,0.017443,0.000172,-1.017180,-1.214647,0.037523,0.171475,0.291464,0.000000,0.121300,0.040142,-0.135660,-0.256620,0.382049,-0.031008,-0.060384,0.034080,3.0000,2.0000,2.0000,0.0000,4.0000,34.8842,34.0299,39.5699,-12.9451,21.0176,,,
1786590096036609341,2026-08-13T10:01:36.036626,ground_truth,-0.007765,0.712000,0.095666,True,,,,,,,,,0.053079,0.948536,0.437199,0.053781,0.950237,0.436469,0.053781,0.950237,0.436469,0.021411,0.051860,-0.022257,0.060360,0.007879,0.023647,-0.011006,0.027247,1.341967,0.571365,0.017443,0.000172,-1.017180,-1.214647,0.037523,0.171475,0.291464,0.000000,0.121300,0.040142,-0.135660,-0.256620,0.382049,-0.031008,-0.060384,0.034080,3.0000,2.0000,2.0000,0.0000,4.0000,35.5003,34.3400,38.3952,-13.4897,20.7382,,,
1786590096071808139,2026-08-13T10:01:36.071826,ground_truth,-0.007765,0.712000,0.095666,True,,,,,,,,,0.053079,0.948536,0.437199,0.054652,0.952177,0.435562,0.054652,0.952177,0.435562,0.030844,0.068689,-0.032090,0.081849,0.007879,0.023647,-0.011006,0.027247,1.341967,0.571365,0.017443,0.000172,-1.017180,-1.214647,0.037523,0.171475,0.291464,0.000000,0.121300,0.040142,-0.135660,-0.256620,0.382049,-0.031008,-0.060384,0.034080,3.0000,2.0000,2.0000,0.0000,4.0000,34.5249,34.5746,37.0063,-17.8010,23.4619,,,
1786590096107937366,2026-08-13T10:01:36.107959,ground_truth,-0.010284,0.721000,0.093005,True,,,,,,,,,0.055524,0.954325,0.434838,0.055524,0.954325,0.434838,0.055524,0.954325,0.434838,0.024815,0.061140,-0.020613,0.069129,0.036874,0.087296,-0.035597,0.101230,1.341967,0.571365,0.017443,0.000172,-1.017180,-1.214647,0.037523,0.171475,0.291464,0.000000,0.121300,0.040142,-0.135660,-0.256620,0.382049,-0.031008,-0.060384,0.034080,3.0000,2.0000,2.0000,0.0000,4.0000,34.5249,34.5746,37.0063,-17.8010,23.4619,,,
1786590096139422385,2026-08-13T10:01:36.139438,ground_truth,-0.012843,0.725000,0.090380,True,,,,,,,,,0.055524,0.954325,0.434838,0.056564,0.956301,0.433939,0.056564,0.956301,0.433939,0.028404,0.053955,-0.024533,0.065726,0.036874,0.087296,-0.035597,0.101230,1.337870,0.592639,0.052559,0.000172,-1.030902,-1.210400,0.029231,0.167986,0.270958,0.000000,0.096863,0.029665,-0.138460,-0.287560,0.375160,-0.031008,-0.051552,0.033344,3.0000,2.0000,2.0000,0.0000,4.0000,34.8256,34.9786,35.7654,-19.2178,24.0529,,,
1786590096172899846,2026-08-13T10:01:36.172918,ground_truth,-0.012953,0.717000,0.087767,True,,,,,,,,,0.057775,0.958510,0.432866,0.057775,0.958510,0.432866,0.057775,0.958510,0.432866,0.038915,0.070975,-0.034500,0.087989,0.032925,0.061203,-0.028842,0.075245,1.334989,0.617284,0.091712,0.000172,-1.045832,-1.207726,0.008285,0.155330,0.243470,0.000000,0.089005,0.007847,-0.108500,-0.278880,0.391511,-0.031072,-0.053664,0.032128,3.0000,2.0000,2.0000,0.0000,4.0000,35.3386,35.3150,36.2701,-18.1452,23.3508,,,
1786590096205206234,2026-08-13T10:01:36.205236,ground_truth,-0.015450,0.725000,0.087768,True,,,,,,,,,0.057775,0.958510,0.432866,0.058994,0.960765,0.431618,0.058994,0.960765,0.431618,0.036497,0.067555,-0.037380,0.085399,0.032925,0.061203,-0.028842,0.075245,1.334825,0.622439,0.099883,0.000172,-1.048968,-1.207543,0.004796,0.166673,0.267471,0.000000,0.102533,0.005228,-0.115920,-0.273700,0.405289,-0.032128,-0.053280,0.033632,3.0000,2.0000,2.0000,0.0000,4.0000,35.6067,35.8072,35.6945,-18.0347,22.6692,,,
1786590096240625571,2026-08-13T10:01:36.240638,ground_truth,-0.015511,0.721000,0.085149,True,,,,,,,,,0.060379,0.963243,0.430373,0.060379,0.963243,0.430373,0.060379,0.963243,0.430373,0.042626,0.076236,-0.038297,0.095371,0.039706,0.072175,-0.038010,0.090723,1.334721,0.629547,0.111237,0.000172,-1.053399,-1.207478,0.001744,0.187619,0.297137,0.000000,0.116061,0.000000,-0.108780,-0.256620,0.427118,-0.031840,-0.058112,0.029440,3.0000,2.0000,2.0000,0.0000,4.0000,35.9677,36.0828,35.6999,-16.9218,22.6234,,,
1786590096270971777,2026-08-13T10:01:36.270984,ground_truth,-0.015327,0.733000,0.085171,True,,,,,,,,,0.060379,0.963243,0.430373,0.061768,0.965551,0.428951,0.061768,0.965551,0.428951,0.038952,0.064755,-0.039891,0.085451,0.039706,0.072175,-0.038010,0.090723,1.334721,0.635022,0.120018,0.000172,-1.056859,-1.207489,0.000000,0.203764,0.323316,0.000000,0.126528,0.002609,-0.070560,-0.225960,0.427118,-0.032896,-0.055392,0.016032,3.0000,2.0000,2.0000,0.0000,4.0000,36.3363,36.3128,35.5580,-15.4298,21.7953,,,
1786590096307463340,2026-08-13T10:01:36.307492,ground_truth,-0.017989,0.729000,0.082559,True,,,,,,,,,0.063145,0.967827,0.427711,0.063145,0.967827,0.427711,0.063145,0.967827,0.427711,0.045536,0.075229,-0.041000,0.097026,0.041952,0.069527,-0.040379,0.090689,1.334754,0.643751,0.133966,0.000172,-1.062087,-1.207532,0.001744,0.232127,0.367822,0.000000,0.134386,0.003051,0.007700,-0.219660,0.423632,-0.034240,-0.057824,-0.016384,3.0000,2.0000,2.0000,0.0000,4.0000,36.6844,36.4161,35.7237,-14.0075,21.3457,,,
1786590096338509583,2026-08-13T10:01:36.338528,ground_truth,-0.017920,0.733000,0.082573,True,,,,,,,,,0.063145,0.967827,0.427711,0.064699,0.970522,0.426294,0.064699,0.970522,0.426294,0.042558,0.073806,-0.038798,0.093615,0.041952,0.069527,-0.040379,0.090689,1.334845,0.649579,0.143156,0.000172,-1.065364,-1.207629,0.003051,0.250016,0.392262,0.000000,0.137436,0.007847,0.040180,-0.227780,0.440149,-0.033952,-0.054336,-0.018656,3.0000,2.0000,2.0000,0.0000,4.0000,36.6968,36.3742,35.6563,-13.4621,21.5475,,,
1786590096373517934,2026-08-13T10:01:36.373535,ground_truth,-0.017989,0.729000,0.079953,True,,,,,,,,,0.066248,0.973514,0.424879,0.066248,0.973514,0.424879,0.066248,0.973514,0.424879,0.049530,0.095653,-0.045256,0.116837,0.046651,0.085493,-0.042578,0.106294,1.335002,0.655740,0.152881,0.000172,-1.068781,-1.207813,0.007853,0.261358,0.412768,0.000000,0.145726,0.007847,0.054740,-0.258160,0.433841,-0.034176,-0.057056,-0.024384,3.0000,2.0000,2.0000,0.0000,4.0000,36.9104,36.0949,35.5302,-12.2484,20.3640,,,
1786590096405815771,2026-08-13T10:01:36.405832,ground_truth,-0.017716,0.745000,0.080036,True,,,,,,,,,0.066248,0.973514,0.424879,0.067626,0.976352,0.423469,0.067626,0.976352,0.423469,0.040178,0.082817,-0.041136,0.100822,0.046651,0.085493,-0.042578,0.106294,1.335002,0.655740,0.152881,0.000172,-1.068781,-1.207813,0.007853,0.261358,0.412768,0.000000,0.145726,0.007847,0.054740,-0.258160,0.433841,-0.034176,-0.057056,-0.024384,3.0000,2.0000,2.0000,0.0000,4.0000,36.3503,36.2641,36.4963,-12.9847,21.2686,,,
1786590096437462438,2026-08-13T10:01:36.437480,ground_truth,-0.017784,0.741000,0.077430,True,,,,,,,,,0.068809,0.979160,0.422067,0.068809,0.979160,0.422067,0.068809,0.979160,0.422067,0.036621,0.086904,-0.043386,0.103806,0.038337,0.084546,-0.042102,0.101933,1.335002,0.655740,0.152881,0.000172,-1.068781,-1.207813,0.007853,0.261358,0.412768,0.000000,0.145726,0.007847,0.054740,-0.258160,0.433841,-0.034176,-0.057056,-0.024384,3.0000,2.0000,2.0000,0.0000,4.0000,36.6723,36.3176,36.4261,-11.9261,20.6772,,,
1786590096471474694,2026-08-13T10:01:36.471499,ground_truth,-0.017716,0.745000,0.077457,True,,,,,,,,,0.068809,0.979160,0.422067,0.069993,0.982388,0.420487,0.069993,0.982388,0.420487,0.036922,0.100633,-0.049263,0.117970,0.038337,0.084546,-0.042102,0.101933,1.335002,0.655740,0.152881,0.000172,-1.068781,-1.207813,0.007853,0.261358,0.412768,0.000000,0.145726,0.007847,0.054740,-0.258160,0.433841,-0.034176,-0.057056,-0.024384,3.0000,2.0000,2.0000,0.0000,4.0000,36.6527,36.2293,36.1585,-11.1572,21.0485,,,
1786590096504103159,2026-08-13T10:01:36.504125,ground_truth,-0.017579,0.753000,0.074946,True,,,,,,,,,0.071003,0.985647,0.419094,0.071003,0.985647,0.419094,0.071003,0.985647,0.419094,0.029736,0.095950,-0.041010,0.108501,0.032670,0.096581,-0.044265,0.111151,1.335002,0.655740,0.152881,0.000172,-1.068781,-1.207813,0.007853,0.261358,0.412768,0.000000,0.145726,0.007847,0.054740,-0.258160,0.433841,-0.034176,-0.057056,-0.024384,3.0000,2.0000,2.0000,0.0000,4.0000,37.2034,36.3288,35.9293,-9.9658,20.8796,,,
1786590096536980622,2026-08-13T10:01:36.536997,ground_truth,-0.017579,0.753000,0.072380,True,,,,,,,,,0.071003,0.985647,0.419094,0.071826,0.988699,0.417532,0.071826,0.988699,0.417532,0.025169,0.093389,-0.047801,0.107889,0.032670,0.096581,-0.044265,0.111151,1.335152,0.659961,0.159557,0.000172,-1.071109,-1.207963,0.009598,0.266160,0.420188,0.000000,0.145726,0.010898,0.066640,-0.276500,0.426620,-0.034176,-0.063168,-0.027776,3.0000,2.0000,2.0000,0.0000,4.0000,36.9704,36.2729,35.6093,-10.4632,21.3145,,,
1786590096571427224,2026-08-13T10:01:36.571445,ground_truth,-0.017511,0.757000,0.072421,True,,,,,,,,,0.072480,0.991923,0.415979,0.072480,0.991923,0.415979,0.072480,0.991923,0.415979,0.020122,0.099141,-0.047742,0.111862,0.022311,0.094811,-0.047053,0.108171,1.337138,0.700607,0.222630,0.000172,-1.092668,-1.209958,0.013087,0.184568,0.286229,0.000000,0.102533,0.013517,0.049840,-0.385000,0.384456,-0.033632,-0.050816,-0.034016,3.0000,2.0000,2.0000,0.0000,4.0000,37.0288,36.2726,35.5558,-9.9485,20.9751,,,
1786590096606458430,2026-08-13T10:01:36.606477,ground_truth,-0.017324,0.768000,0.069991,True,,,,,,,,,0.072480,0.991923,0.415979,0.073130,0.994754,0.414430,0.073130,0.994754,0.414430,0.018739,0.081660,-0.044695,0.094959,0.022311,0.094811,-0.047053,0.108171,1.337811,0.709924,0.236749,0.000172,-1.097820,-1.210723,0.011342,0.153586,0.228637,0.000000,0.080716,0.010898,0.055720,-0.380240,0.373168,-0.035136,-0.053600,-0.032672,3.0000,2.0000,2.0000,0.0000,4.0000,36.7927,36.1931,35.4375,-9.8439,21.0857,,,
1786590096636403542,2026-08-13T10:01:36.636421,ground_truth,-0.017443,0.761000,0.067356,True,,,,,,,,,0.073599,0.997720,0.412895,0.073599,0.997720,0.412895,0.073599,0.997720,0.412895,0.013359,0.084444,-0.043677,0.096005,0.016600,0.086007,-0.045749,0.098821,1.338288,0.715223,0.244779,0.000172,-1.100849,-1.211262,0.014394,0.142243,0.221217,0.000000,0.083766,0.016137,0.048020,-0.342160,0.390017,-0.036960,-0.048640,-0.030560,3.0000,2.0000,2.0000,0.0000,4.0000,36.7000,35.9055,35.3963,-10.4983,20.6178,,,
1786590096672864725,2026-08-13T10:01:36.672881,ground_truth,-0.017255,0.772000,0.064969,True,,,,,,,,,0.073599,0.997720,0.412895,0.073906,1.000447,0.411360,0.073906,1.000447,0.411360,0.010162,0.090354,-0.050865,0.104185,0.016600,0.086007,-0.045749,0.098821,1.338288,0.715223,0.244779,0.000172,-1.100849,-1.211262,0.014394,0.142243,0.221217,0.000000,0.083766,0.016137,0.048020,-0.342160,0.390017,-0.036960,-0.048640,-0.030560,3.0000,2.0000,2.0000,0.0000,4.0000,37.2653,35.9313,34.6870,-10.1591,20.4914,,,
1786590096713703704,2026-08-13T10:01:36.713721,ground_truth,-0.017187,0.776000,0.062502,True,,,,,,,,,0.074192,1.003499,0.409841,0.074192,1.003499,0.409841,0.074192,1.003499,0.409841,0.007904,0.084104,-0.041882,0.094288,0.008987,0.087506,-0.046259,0.099388,1.338288,0.715223,0.244779,0.000172,-1.100849,-1.211262,0.014394,0.142243,0.221217,0.000000,0.083766,0.016137,0.048020,-0.342160,0.390017,-0.036960,-0.048640,-0.030560,3.0000,2.0000,2.0000,0.0000,4.0000,37.0318,35.9700,34.4888,-11.2550,19.5759,,,
1786590096747161257,2026-08-13T10:01:36.747198,ground_truth,-0.017392,0.764000,0.059754,True,,,,,,,,,0.074308,1.006616,0.408156,0.074308,1.006616,0.408156,0.074308,1.006616,0.408156,0.002828,0.076117,-0.041133,0.086566,0.001710,0.046013,-0.024865,0.052329,1.338288,0.715223,0.244779,0.000172,-1.100849,-1.211262,0.014394,0.142243,0.221217,0.000000,0.083766,0.016137,0.048020,-0.342160,0.390017,-0.036960,-0.048640,-0.030560,3.0000,2.0000,2.0000,0.0000,4.0000,36.7657,35.6400,34.7182,-12.0135,19.4539,,,
1786590096774555858,2026-08-13T10:01:36.774574,ground_truth,-0.017324,0.768000,0.057287,True,,,,,,,,,0.074308,1.006616,0.408156,0.074434,1.009959,0.406463,0.074434,1.009959,0.406463,0.003736,0.099637,-0.050454,0.111746,0.001710,0.046013,-0.024865,0.052329,1.338288,0.715223,0.244779,0.000172,-1.100849,-1.211262,0.014394,0.142243,0.221217,0.000000,0.083766,0.016137,0.048020,-0.342160,0.390017,-0.036960,-0.048640,-0.030560,3.0000,2.0000,2.0000,0.0000,4.0000,36.7100,35.5999,34.2522,-11.9476,19.5817,,,
1786590096808201880,2026-08-13T10:01:36.808220,ground_truth,-0.017324,0.768000,0.054746,True,,,,,,,,,0.074308,1.006616,0.408156,0.074567,1.012921,0.404604,0.074567,1.012921,0.404604,0.004967,0.110523,-0.069365,0.130582,0.001710,0.046013,-0.024865,0.052329,1.338412,0.716359,0.246571,0.000172,-1.101518,-1.211391,0.016138,0.141806,0.224704,0.000000,0.083766,0.016137,0.052080,-0.344400,0.396989,-0.037248,-0.048256,-0.031680,3.0000,2.0000,2.0000,0.0000,4.0000,36.6511,35.4657,33.9768,-12.2783,19.6632,,,
1786590096840854139,2026-08-13T10:01:36.840875,ground_truth,-0.017255,0.772000,0.052298,True,,,,,,,,,0.074567,1.012921,0.404604,0.074522,1.015594,0.402750,0.074522,1.015594,0.402750,-0.001329,0.080116,-0.055587,0.097521,0.003923,0.095692,-0.053906,0.109901,1.341522,0.741011,0.286244,0.000172,-1.116490,-1.214442,0.017889,0.137004,0.228637,0.000000,0.080716,0.016137,0.044520,-0.376600,0.381883,-0.039808,-0.049536,-0.034848,3.0000,2.0000,2.0000,0.0000,4.0000,36.8319,35.4090,34.1669,-11.7598,19.3330,,,
1786590096870709333,2026-08-13T10:01:36.870733,ground_truth,-0.017051,0.784000,0.050064,True,,,,,,,,,0.074567,1.012921,0.404604,0.074478,1.017995,0.400732,0.074478,1.017995,0.400732,-0.001349,0.073078,-0.061426,0.095475,0.003923,0.095692,-0.053906,0.109901,1.341522,0.741011,0.286244,0.000172,-1.116490,-1.214442,0.017889,0.137004,0.228637,0.000000,0.080716,0.016137,0.044520,-0.376600,0.381883,-0.039808,-0.049536,-0.034848,3.0000,2.0000,2.0000,0.0000,4.0000,36.8623,35.2227,34.1903,-11.8195,19.1855,,,
1786590096904389473,2026-08-13T10:01:36.904406,ground_truth,-0.019710,0.776000,0.047336,True,,,,,,,,,0.074415,1.020769,0.398739,0.074415,1.020769,0.398739,0.074415,1.020769,0.398739,-0.002087,0.092571,-0.066507,0.114004,-0.002278,0.118228,-0.088367,0.147620,1.341522,0.741011,0.286244,0.000172,-1.116490,-1.214442,0.017889,0.137004,0.228637,0.000000,0.080716,0.016137,0.044520,-0.376600,0.381883,-0.039808,-0.049536,-0.034848,3.0000,2.0000,2.0000,0.0000,4.0000,36.6870,34.9366,34.4586,-12.3968,19.5051,,,
1786590096938663730,2026-08-13T10:01:36.938682,ground_truth,-0.016863,0.795000,0.045346,True,,,,,,,,,0.074415,1.020769,0.398739,0.074548,1.023617,0.396559,0.074548,1.023617,0.396559,0.003958,0.084786,-0.064898,0.106846,-0.002278,0.118228,-0.088367,0.147620,1.341522,0.741011,0.286244,0.000172,-1.116490,-1.214442,0.017889,0.137004,0.228637,0.000000,0.080716,0.016137,0.044520,-0.376600,0.381883,-0.039808,-0.049536,-0.034848,3.0000,2.0000,2.0000,0.0000,4.0000,36.4077,34.6776,34.5050,-13.3622,19.7966,,,
1786590096972800325,2026-08-13T10:01:36.972819,ground_truth,-0.019355,0.795000,0.045346,True,,,,,,,,,0.074487,1.026480,0.394420,0.074487,1.026480,0.394420,0.074487,1.026480,0.394420,-0.001795,0.083736,-0.062560,0.104540,0.001073,0.085635,-0.064761,0.107371,1.341522,0.741011,0.286244,0.000172,-1.116490,-1.214442,0.017889,0.137004,0.228637,0.000000,0.080716,0.016137,0.044520,-0.376600,0.381883,-0.039808,-0.049536,-0.034848,3.0000,2.0000,2.0000,0.0000,4.0000,36.5212,34.8087,34.1953,-13.4455,19.8647,,,
1786590097006871361,2026-08-13T10:01:37.006889,ground_truth,-0.019355,0.795000,0.040353,True,,,,,,,,,0.074487,1.026480,0.394420,0.074596,1.029719,0.392279,0.074596,1.029719,0.392279,0.003172,0.094040,-0.062149,0.112766,0.001073,0.085635,-0.064761,0.107371,1.343215,0.760540,0.317702,0.000172,-1.128337,-1.216113,0.000000,0.091628,0.148784,0.000000,0.048432,0.000000,-0.002660,-0.396060,0.366445,-0.040704,-0.045024,-0.016256,3.0000,2.0000,2.0000,0.0000,4.0000,36.1300,34.8612,32.7321,-16.0403,20.6652,,,
1786590097037447778,2026-08-13T10:01:37.037465,ground_truth,-0.019355,0.795000,0.040353,True,,,,,,,,,0.074715,1.033033,0.389973,0.074715,1.033033,0.389973,0.074715,1.033033,0.389973,0.003483,0.097540,-0.067866,0.118878,0.003412,0.098249,-0.066665,0.118780,1.343202,0.763179,0.321821,0.000172,-1.129749,-1.216069,0.001744,0.096423,0.147037,0.000000,0.051482,0.002609,-0.086100,-0.407540,0.361050,-0.041184,-0.042976,0.013248,3.0000,2.0000,2.0000,0.0000,4.0000,36.2441,34.8599,33.2871,-15.5598,20.3412,,,
1786590097072090858,2026-08-13T10:01:37.072109,ground_truth,-0.019280,0.799000,0.040480,True,,,,,,,,,0.074715,1.033033,0.389973,0.074833,1.035936,0.387838,0.074833,1.035936,0.387838,0.003882,0.095209,-0.070027,0.118253,0.003412,0.098249,-0.066665,0.118780,1.342979,0.767067,0.327703,0.000172,-1.131926,-1.215768,0.010029,0.101225,0.148784,0.000000,0.056279,0.010898,-0.138460,-0.399280,0.370180,-0.041760,-0.047584,0.024064,3.0000,2.0000,2.0000,0.0000,4.0000,36.4669,34.8364,33.6294,-14.9934,19.5891,,,
1786590097113986087,2026-08-13T10:01:37.114006,ground_truth,-0.019280,0.799000,0.040480,True,,,,,,,,,0.074951,1.038757,0.385709,0.074951,1.038757,0.385709,0.074951,1.038757,0.385709,0.003369,0.080597,-0.060846,0.101042,0.003554,0.086086,-0.064142,0.107413,1.342620,0.770379,0.332654,0.000172,-1.133737,-1.215336,0.013087,0.107772,0.159691,0.000000,0.056721,0.016137,-0.154280,-0.381220,0.388440,-0.042816,-0.048544,0.028512,3.0000,2.0000,2.0000,0.0000,4.0000,36.3862,34.9449,33.8148,-15.1576,19.9236,,,
1786590097143763806,2026-08-13T10:01:37.143777,ground_truth,-0.021622,0.806000,0.038223,True,,,,,,,,,0.075081,1.041561,0.383741,0.075081,1.041561,0.383741,0.075081,1.041561,0.383741,0.003139,0.067486,-0.047349,0.082499,0.001949,0.041911,-0.029405,0.051235,1.341967,0.774933,0.339502,0.000172,-1.135968,-1.214647,0.017889,0.119552,0.178458,0.000000,0.053659,0.018756,-0.157360,-0.382480,0.385120,-0.042976,-0.045088,0.030784,3.0000,2.0000,2.0000,0.0000,4.0000,36.2166,35.0086,32.2159,-16.4326,20.6743,,,
1786590097175951104,2026-08-13T10:01:37.175971,ground_truth,-0.023942,0.813000,0.035989,True,,,,,,,,,0.075081,1.041561,0.383741,0.075360,1.044148,0.381799,0.075360,1.044148,0.381799,0.009308,0.086440,-0.064884,0.108482,0.001949,0.041911,-0.029405,0.051235,1.341967,0.774933,0.339502,0.000172,-1.135968,-1.214647,0.017889,0.119552,0.178458,0.000000,0.053659,0.018756,-0.157360,-0.382480,0.385120,-0.042976,-0.045088,0.030784,3.0000,2.0000,2.0000,0.0000,4.0000,36.2166,35.0086,32.2159,-16.4326,20.6743,,,
1786590097208390970,2026-08-13T10:01:37.208409,ground_truth,-0.023942,0.813000,0.035989,True,,,,,,,,,0.075081,1.041561,0.383741,0.075806,1.046693,0.379867,0.075806,1.046693,0.379867,0.013697,0.078174,-0.059366,0.099112,0.001949,0.041911,-0.029405,0.051235,1.341967,0.774933,0.339502,0.000172,-1.135968,-1.214647,0.017889,0.119552,0.178458,0.000000,0.053659,0.018756,-0.157360,-0.382480,0.385120,-0.042976,-0.045088,0.030784,3.0000,2.0000,2.0000,0.0000,4.0000,35.6095,35.3020,31.7419,-17.4108,19.4025,,,
1786590097240567142,2026-08-13T10:01:37.240587,ground_truth,-0.023942,0.813000,0.035989,True,,,,,,,,,0.075806,1.046693,0.379867,0.076256,1.049388,0.378099,0.076256,1.049388,0.378099,0.013965,0.083596,-0.054818,0.100937,0.010888,0.077133,-0.058233,0.097258,1.341967,0.774933,0.339502,0.000172,-1.135968,-1.214647,0.017889,0.119552,0.178458,0.000000,0.053659,0.018756,-0.157360,-0.382480,0.385120,-0.042976,-0.045088,0.030784,3.0000,2.0000,2.0000,0.0000,4.0000,36.6718,35.1691,33.1213,-14.9729,17.6759,,,
1786590097275925655,2026-08-13T10:01:37.275946,ground_truth,-0.023854,0.817000,0.033668,True,,,,,,,,,0.075806,1.046693,0.379867,0.076693,1.052114,0.376515,0.076693,1.052114,0.376515,0.013580,0.084771,-0.049273,0.098986,0.010888,0.077133,-0.058233,0.097258,1.341967,0.774933,0.339502,0.000172,-1.135968,-1.214647,0.017889,0.119552,0.178458,0.000000,0.053659,0.018756,-0.157360,-0.382480,0.385120,-0.042976,-0.045088,0.030784,3.0000,2.0000,2.0000,0.0000,4.0000,36.9879,35.8180,32.8747,-14.3286,18.7825,,,
1786590097310326345,2026-08-13T10:01:37.310353,ground_truth,-0.026664,0.802000,0.033120,True,,,,,,,,,0.076693,1.052114,0.376515,0.077128,1.055059,0.374941,0.077128,1.055059,0.374941,0.012319,0.083338,-0.044554,0.095300,0.013021,0.079589,-0.049209,0.094475,1.341967,0.774933,0.339502,0.000172,-1.135968,-1.214647,0.017889,0.119552,0.178458,0.000000,0.053659,0.018756,-0.157360,-0.382480,0.385120,-0.042976,-0.045088,0.030784,3.0000,2.0000,2.0000,0.0000,4.0000,36.6625,35.9651,31.9098,-15.5508,19.0572,,,
1786590097344198393,2026-08-13T10:01:37.344222,ground_truth,-0.026143,0.824000,0.033924,True,,,,,,,,,0.077751,1.058048,0.373499,0.077751,1.058048,0.373499,0.077751,1.058048,0.373499,0.017915,0.086000,-0.041480,0.097147,0.016145,0.090555,-0.046027,0.102856,1.341660,0.776867,0.342379,0.000172,-1.136874,-1.214323,0.019634,0.120859,0.180205,0.000000,0.056279,0.021807,-0.165480,-0.404180,0.400807,-0.042976,-0.044544,0.028736,3.0000,2.0000,2.0000,0.0000,4.0000,36.9414,36.2581,31.7264,-14.5082,19.4263,,,
1786590097377167262,2026-08-13T10:01:37.377185,ground_truth,-0.028865,0.813000,0.031056,True,,,,,,,,,0.077751,1.058048,0.373499,0.078343,1.061259,0.372274,0.078343,1.061259,0.372274,0.017789,0.096403,-0.036774,0.104701,0.016145,0.090555,-0.046027,0.102856,1.336779,0.805877,0.384893,0.000172,-1.150283,-1.209570,0.019634,0.150528,0.221217,0.000000,0.067188,0.021375,-0.136080,-0.408520,0.411846,-0.047648,-0.048384,0.031520,3.0000,2.0000,2.0000,0.0000,4.0000,36.9536,36.3768,31.5344,-15.3557,18.6088,,,
1786590097411003339,2026-08-13T10:01:37.411016,ground_truth,-0.028764,0.817000,0.031209,True,,,,,,,,,0.079131,1.064088,0.371007,0.079131,1.064088,0.371007,0.079131,1.064088,0.371007,0.023823,0.085564,-0.038328,0.096736,0.020769,0.090889,-0.037501,0.100491,1.336184,0.810711,0.392128,0.000172,-1.152644,-1.208977,0.017889,0.151841,0.230377,0.000000,0.078096,0.016137,-0.141540,-0.402360,0.406617,-0.048256,-0.046976,0.029568,3.0000,2.0000,2.0000,0.0000,4.0000,37.0576,36.6813,31.4159,-15.9889,18.6343,,,
1786590097440899184,2026-08-13T10:01:37.440917,ground_truth,-0.028764,0.817000,0.028749,True,,,,,,,,,0.079131,1.064088,0.371007,0.079734,1.066841,0.369932,0.079734,1.066841,0.369932,0.017931,0.081763,-0.031939,0.089593,0.020769,0.090889,-0.037501,0.100491,1.335734,0.815063,0.398700,0.000172,-1.154972,-1.208524,0.014394,0.156637,0.237797,0.000000,0.083766,0.016137,-0.140000,-0.385280,0.403380,-0.048256,-0.049440,0.032128,3.0000,2.0000,2.0000,0.0000,4.0000,37.1665,36.6325,31.1658,-15.7097,19.0146,,,
1786590097485764354,2026-08-13T10:01:37.485800,ground_truth,-0.028941,0.810000,0.028470,True,,,,,,,,,0.080528,1.069151,0.368825,0.080528,1.069151,0.368825,0.080528,1.069151,0.368825,0.026218,0.076352,-0.036565,0.088623,0.020859,0.075596,-0.032575,0.084918,1.335133,0.822714,0.410426,0.000172,-1.159015,-1.207931,0.010029,0.161877,0.249143,0.000000,0.083766,0.008289,-0.130760,-0.371560,0.401305,-0.048704,-0.051200,0.031680,3.0000,2.0000,2.0000,0.0000,4.0000,37.1665,36.6325,31.1658,-15.7097,19.0146,,,
1786590097517819684,2026-08-13T10:01:37.517845,ground_truth,-0.031138,0.820000,0.028868,True,,,,,,,,,0.080528,1.069151,0.368825,0.081167,1.070786,0.367700,0.081167,1.070786,0.367700,0.014212,0.036368,-0.025019,0.046374,0.020859,0.075596,-0.032575,0.084918,1.334884,0.827320,0.417377,0.000172,-1.161397,-1.207694,0.008285,0.166673,0.249143,0.000000,0.086386,0.008289,-0.121800,-0.409080,0.388108,-0.049152,-0.048928,0.032736,3.0000,2.0000,2.0000,0.0000,4.0000,37.2388,36.8032,30.8287,-15.4622,18.9736,,,
1786590097548499400,2026-08-13T10:01:37.548522,ground_truth,-0.029144,0.802000,0.028151,True,,,,,,,,,0.081953,1.072287,0.366934,0.081953,1.072287,0.366934,0.081953,1.072287,0.366934,0.024204,0.046228,-0.023591,0.057266,0.021433,0.047175,-0.028444,0.059110,1.334721,0.831946,0.424329,0.000172,-1.163779,-1.207543,0.005233,0.164928,0.249143,0.000000,0.083766,0.005228,-0.111860,-0.417480,0.413838,-0.049440,-0.049088,0.032512,3.0000,2.0000,2.0000,0.0000,4.0000,37.3489,36.9042,30.6628,-15.7602,19.1878,,,
1786590097583341331,2026-08-13T10:01:37.583358,ground_truth,-0.029042,0.806000,0.025832,True,,,,,,,,,0.081953,1.072287,0.366934,0.082605,1.073387,0.366121,0.082605,1.073387,0.366121,0.021550,0.036327,-0.026863,0.050056,0.021433,0.047175,-0.028444,0.059110,1.334721,0.831946,0.424329,0.000172,-1.163779,-1.207543,0.005233,0.164928,0.249143,0.000000,0.083766,0.005228,-0.111860,-0.417480,0.413838,-0.049440,-0.049088,0.032512,3.0000,2.0000,2.0000,0.0000,4.0000,37.3432,36.8070,30.8484,-15.7786,19.2135,,,
1786590097621772701,2026-08-13T10:01:37.621807,ground_truth,-0.028941,0.810000,0.025998,True,,,,,,,,,0.083256,1.074194,0.365144,0.083256,1.074194,0.365144,0.083256,1.074194,0.365144,0.018754,0.023244,-0.028138,0.041034,0.019445,0.028445,-0.026703,0.043592,1.334721,0.831946,0.424329,0.000172,-1.163779,-1.207543,0.005233,0.164928,0.249143,0.000000,0.083766,0.005228,-0.111860,-0.417480,0.413838,-0.049440,-0.049088,0.032512,3.0000,2.0000,2.0000,0.0000,4.0000,37.2965,36.6343,30.9739,-16.3310,19.6205,,,
1786590097657528345,2026-08-13T10:01:37.657550,ground_truth,-0.028941,0.810000,0.023527,True,,,,,,,,,0.083256,1.074194,0.365144,0.083900,1.074728,0.364179,0.083900,1.074728,0.364179,0.016590,0.013772,-0.024867,0.032913,0.019445,0.028445,-0.026703,0.043592,1.334675,0.833899,0.427318,0.000172,-1.164803,-1.207511,0.004796,0.161877,0.249143,0.000000,0.085954,0.002609,-0.111860,-0.402920,0.414004,-0.049760,-0.048096,0.032128,3.0000,2.0000,2.0000,0.0000,4.0000,37.5761,36.5053,31.1901,-15.5579,19.3485,,,
1786590097715282209,2026-08-13T10:01:37.715309,ground_truth,-0.028865,0.813000,0.023656,True,,,,,,,,,0.084388,1.075422,0.363199,0.084388,1.075422,0.363199,0.084388,1.075422,0.363199,0.013748,0.019543,-0.027605,0.036510,0.016885,0.018321,-0.029014,0.038244,1.334675,0.833899,0.427318,0.000172,-1.164803,-1.207511,0.004796,0.161877,0.249143,0.000000,0.085954,0.002609,-0.111860,-0.402920,0.414004,-0.049760,-0.048096,0.032128,3.0000,2.0000,2.0000,0.0000,4.0000,37.5956,36.3482,31.1857,-15.5495,19.1829,,,
1786590097754228426,2026-08-13T10:01:37.754253,ground_truth,-0.029042,0.806000,0.020876,True,,,,,,,,,0.084716,1.075774,0.362377,0.084716,1.075774,0.362377,0.084716,1.075774,0.362377,0.005688,0.006101,-0.014248,0.016510,0.004959,0.005318,-0.012420,0.014392,1.334675,0.833899,0.427318,0.000172,-1.164803,-1.207511,0.004796,0.161877,0.249143,0.000000,0.085954,0.002609,-0.111860,-0.402920,0.414004,-0.049760,-0.048096,0.032128,3.0000,2.0000,2.0000,0.0000,4.0000,37.5571,36.1929,31.1547,-15.2415,19.2640,,,
1786590097792651159,2026-08-13T10:01:37.792673,ground_truth,-0.028865,0.813000,0.021190,True,,,,,,,,,0.084716,1.075774,0.362377,0.085056,1.075684,0.361369,0.085056,1.075684,0.361369,0.008738,-0.002302,-0.025890,0.027422,0.004959,0.005318,-0.012420,0.014392,1.334675,0.833899,0.427318,0.000172,-1.164803,-1.207511,0.004796,0.161877,0.249143,0.000000,0.085954,0.002609,-0.111860,-0.402920,0.414004,-0.049760,-0.048096,0.032128,3.0000,2.0000,2.0000,0.0000,4.0000,38.3202,36.7695,30.9398,-14.5469,20.1093,,,
1786590097825293686,2026-08-13T10:01:37.825317,ground_truth,-0.028764,0.817000,0.021369,True,,,,,,,,,0.085384,1.075666,0.360383,0.085384,1.075666,0.360383,0.085384,1.075666,0.360383,0.008583,-0.000469,-0.025799,0.027194,0.010046,-0.001616,-0.029978,0.031658,1.336563,0.872983,0.486070,0.000172,-1.184572,-1.209397,0.016138,0.161439,0.236050,0.000000,0.069807,0.016137,0.042980,-0.400820,0.398068,-0.052000,-0.047648,-0.033504,3.0000,2.0000,2.0000,0.0000,4.0000,38.3866,36.2690,32.3476,-14.9137,19.6185,,,
1786590097857928661,2026-08-13T10:01:37.857948,ground_truth,-0.028688,0.820000,0.021503,True,,,,,,,,,0.085384,1.075666,0.360383,0.085712,1.075663,0.359563,0.085712,1.075663,0.359563,0.010062,-0.000110,-0.025203,0.027138,0.010046,-0.001616,-0.029978,0.031658,1.336864,0.875577,0.489855,0.000172,-1.185661,-1.209677,0.021378,0.163184,0.238236,0.000000,0.067188,0.016137,0.014140,-0.392420,0.403214,-0.052000,-0.050144,-0.032896,3.0000,2.0000,2.0000,0.0000,4.0000,38.6173,36.3984,32.1602,-14.6088,19.5595,,,
1786590097891017974,2026-08-13T10:01:37.891037,ground_truth,-0.028587,0.824000,0.021682,True,,,,,,,,,0.085847,1.075875,0.358788,0.085847,1.075875,0.358788,0.085847,1.075875,0.358788,0.004133,0.006511,-0.023717,0.024940,0.006932,0.003134,-0.023905,0.025086,1.336864,0.875577,0.489855,0.000172,-1.185661,-1.209677,0.021378,0.163184,0.238236,0.000000,0.067188,0.016137,0.014140,-0.392420,0.403214,-0.052000,-0.050144,-0.032896,3.0000,2.0000,2.0000,0.0000,4.0000,38.9771,36.2127,33.0277,-13.9586,19.8797,,,
1786590097927693670,2026-08-13T10:01:37.927714,ground_truth,-0.028587,0.824000,0.021682,True,,,,,,,,,0.085847,1.075875,0.358788,0.086010,1.076078,0.357972,0.086010,1.076078,0.357972,0.004901,0.006092,-0.024550,0.025765,0.006932,0.003134,-0.023905,0.025086,1.336864,0.875577,0.489855,0.000172,-1.185661,-1.209677,0.021378,0.163184,0.238236,0.000000,0.067188,0.016137,0.014140,-0.392420,0.403214,-0.052000,-0.050144,-0.032896,3.0000,2.0000,2.0000,0.0000,4.0000,38.9859,35.9637,33.4400,-14.0929,19.7852,,,
1786590097959661884,2026-08-13T10:01:37.959683,ground_truth,-0.028587,0.824000,0.021682,True,,,,,,,,,0.085991,1.076705,0.357347,0.085991,1.076705,0.357347,0.085991,1.076705,0.357347,-0.000510,0.017251,-0.017188,0.024357,0.002160,0.012413,-0.021559,0.024971,1.336864,0.875577,0.489855,0.000172,-1.185661,-1.209677,0.021378,0.163184,0.238236,0.000000,0.067188,0.016137,0.014140,-0.392420,0.403214,-0.052000,-0.050144,-0.032896,3.0000,2.0000,2.0000,0.0000,4.0000,39.1248,36.0945,33.2598,-13.8439,20.1137,,,
1786590097999267548,2026-08-13T10:01:37.999293,ground_truth,-0.028688,0.820000,0.021503,True,,,,,,,,,0.085991,1.076705,0.357347,0.085979,1.077204,0.356712,0.085979,1.077204,0.356712,-0.000366,0.015446,-0.019668,0.025011,0.002160,0.012413,-0.021559,0.024971,1.337165,0.878236,0.493691,0.000172,-1.186761,-1.209958,0.016138,0.168424,0.241723,0.000000,0.072857,0.016137,0.061040,-0.398860,0.400143,-0.052000,-0.050432,-0.032736,3.0000,2.0000,2.0000,0.0000,4.0000,38.9686,36.1676,32.8256,-14.8781,20.7799,,,
1786590098044551644,2026-08-13T10:01:38.044565,ground_truth,-0.028486,0.828000,0.021862,True,,,,,,,,,0.085974,1.077677,0.356229,0.085974,1.077677,0.356229,0.085974,1.077677,0.356229,-0.000127,0.011912,-0.012163,0.017025,-0.000255,0.014673,-0.016881,0.022368,1.340680,0.910251,0.539358,0.000162,-1.200041,-1.213407,0.017889,0.182817,0.254816,0.000000,0.072857,0.016579,0.036540,-0.463680,0.400641,-0.057600,-0.046432,-0.034464,3.0000,2.0000,2.0000,0.0000,4.0000,38.6168,36.2680,32.1457,-14.2993,19.9783,,,
1786590098077442421,2026-08-13T10:01:38.077459,ground_truth,-0.028410,0.831000,0.019559,True,,,,,,,,,0.085974,1.077677,0.356229,0.085944,1.078145,0.355789,0.085944,1.078145,0.355789,-0.000666,0.010260,-0.009659,0.014107,-0.000255,0.014673,-0.016881,0.022368,1.340680,0.910251,0.539358,0.000162,-1.200041,-1.213407,0.017889,0.182817,0.254816,0.000000,0.072857,0.016579,0.036540,-0.463680,0.400641,-0.057600,-0.046432,-0.034464,3.0000,2.0000,2.0000,0.0000,4.0000,38.1457,36.4600,31.6788,-15.3071,19.8470,,,
1786590098112244572,2026-08-13T10:01:38.112261,ground_truth,-0.028410,0.831000,0.017123,True,,,,,,,,,0.085974,1.077677,0.356229,0.085762,1.078825,0.355168,0.085762,1.078825,0.355168,-0.005616,0.021003,-0.019160,0.028979,-0.000255,0.014673,-0.016881,0.022368,1.340680,0.910251,0.539358,0.000162,-1.200041,-1.213407,0.017889,0.182817,0.254816,0.000000,0.072857,0.016579,0.036540,-0.463680,0.400641,-0.057600,-0.046432,-0.034464,3.0000,2.0000,2.0000,0.0000,4.0000,38.1797,36.3937,31.6077,-15.1710,19.3410,,,
1786590098146101317,2026-08-13T10:01:38.146114,ground_truth,-0.028410,0.831000,0.014686,True,,,,,,,,,0.085713,1.080081,0.354433,0.085713,1.080081,0.354433,0.085713,1.080081,0.354433,-0.001405,0.036080,-0.021119,0.041830,-0.001952,0.017972,-0.013428,0.022519,1.340680,0.910251,0.539358,0.000162,-1.200041,-1.213407,0.017889,0.182817,0.254816,0.000000,0.072857,0.016579,0.036540,-0.463680,0.400641,-0.057600,-0.046432,-0.034464,3.0000,2.0000,2.0000,0.0000,4.0000,38.0332,36.1144,31.5150,-15.6138,19.6345,,,
1786590098185097599,2026-08-13T10:01:38.185134,ground_truth,-0.028132,0.842000,0.012814,True,,,,,,,,,0.085713,1.080081,0.354433,0.085671,1.081666,0.353690,0.085671,1.081666,0.353690,-0.001242,0.046665,-0.021884,0.051556,-0.001952,0.017972,-0.013428,0.022519,1.340680,0.910251,0.539358,0.000162,-1.200041,-1.213407,0.017889,0.182817,0.254816,0.000000,0.072857,0.016579,0.036540,-0.463680,0.400641,-0.057600,-0.046432,-0.034464,3.0000,2.0000,2.0000,0.0000,4.0000,38.0946,36.1439,31.2280,-15.8163,19.4965,,,
1786590098221500650,2026-08-13T10:01:38.221523,ground_truth,-0.025978,0.831000,0.009812,True,,,,,,,,,0.085617,1.083316,0.352811,0.085617,1.083316,0.352811,0.085617,1.083316,0.352811,-0.001350,0.041284,-0.021988,0.046794,-0.001443,0.048548,-0.024343,0.054328,1.340680,0.910251,0.539358,0.000162,-1.200041,-1.213407,0.017889,0.182817,0.254816,0.000000,0.072857,0.016579,0.036540,-0.463680,0.400641,-0.057600,-0.046432,-0.034464,3.0000,2.0000,2.0000,0.0000,4.0000,37.9240,36.0546,30.7286,-15.3883,19.2624,,,
1786590098254057733,2026-08-13T10:01:38.254074,ground_truth,-0.025883,0.835000,0.002734,True,,,,,,,,,0.085617,1.083316,0.352811,0.085419,1.084766,0.351897,0.085419,1.084766,0.351897,-0.005583,0.040982,-0.025841,0.048769,-0.001443,0.048548,-0.024343,0.054328,1.340680,0.910251,0.539358,0.000162,-1.200041,-1.213407,0.017889,0.182817,0.254816,0.000000,0.072857,0.016579,0.036540,-0.463680,0.400641,-0.057600,-0.046432,-0.034464,3.0000,2.0000,2.0000,0.0000,4.0000,37.7708,35.8764,30.5674,-15.6635,19.3569,,,
1786590098284153019,2026-08-13T10:01:38.284178,ground_truth,-0.025812,0.838000,-0.001943,True,,,,,,,,,0.085221,1.086389,0.350502,0.085221,1.086389,0.350502,0.085221,1.086389,0.350502,-0.006140,0.050140,-0.043082,0.066391,-0.005968,0.046278,-0.034770,0.058191,1.343469,0.949910,0.596928,0.000162,-1.218549,-1.216382,0.003489,0.151841,0.241723,0.000000,0.086386,0.005228,0.012040,-0.424900,0.421474,-0.061664,-0.046880,-0.034848,3.0000,2.0000,2.0000,0.0000,4.0000,37.6739,35.9480,30.3319,-15.5520,19.3231,,,
1786590098319119768,2026-08-13T10:01:38.319136,ground_truth,-0.026049,0.828000,-0.007439,True,,,,,,,,,0.085221,1.086389,0.350502,0.085005,1.088047,0.348981,0.085005,1.088047,0.348981,-0.007135,0.054936,-0.050405,0.074897,-0.005968,0.046278,-0.034770,0.058191,1.343672,0.955575,0.606014,0.000162,-1.221901,-1.216565,0.006540,0.161877,0.262229,0.000000,0.096863,0.005228,0.023520,-0.445340,0.428695,-0.062560,-0.054720,-0.035904,3.0000,2.0000,2.0000,0.0000,4.0000,37.4334,35.6510,30.0047,-15.6786,19.6300,,,
1786590098350067668,2026-08-13T10:01:38.350091,ground_truth,-0.025978,0.831000,-0.009682,True,,,,,,,,,0.084818,1.089552,0.347072,0.084818,1.089552,0.347072,0.084818,1.089552,0.347072,-0.005333,0.042743,-0.054208,0.069237,-0.006061,0.047558,-0.051572,0.070414,1.343796,0.960893,0.614616,0.000162,-1.225243,-1.216695,0.001744,0.168424,0.275322,0.000000,0.107772,0.005228,0.026320,-0.468300,0.433675,-0.063904,-0.053504,-0.035584,3.0000,2.0000,2.0000,0.0000,4.0000,36.9733,35.2130,30.1845,-16.8109,19.5435,,,
1786590098380691799,2026-08-13T10:01:38.380720,ground_truth,-0.025978,0.831000,-0.012119,True,,,,,,,,,0.084818,1.089552,0.347072,0.084632,1.090813,0.345002,0.084632,1.090813,0.345002,-0.006033,0.040956,-0.067235,0.078958,-0.006061,0.047558,-0.051572,0.070414,1.343875,0.965643,0.622408,0.000162,-1.228358,-1.216770,0.003489,0.169730,0.280556,0.000000,0.116061,0.002609,0.019180,-0.473060,0.446540,-0.063904,-0.051872,-0.035584,3.0000,2.0000,2.0000,0.0000,4.0000,37.1718,35.2247,29.3168,-16.6970,20.0217,,,
1786590098410084325,2026-08-13T10:01:38.410097,ground_truth,-0.025978,0.831000,-0.014556,True,,,,,,,,,0.084451,1.091812,0.342760,0.084451,1.091812,0.342760,0.084451,1.091812,0.342760,-0.005929,0.032775,-0.073547,0.080738,-0.005497,0.033901,-0.064680,0.073232,1.343920,0.971635,0.632661,0.000162,-1.232605,-1.216846,0.001744,0.164928,0.286229,0.000000,0.121300,0.002609,0.041440,-0.473900,0.426454,-0.063744,-0.052160,-0.036512,3.0000,2.0000,2.0000,0.0000,4.0000,37.6099,35.3533,28.4816,-17.2452,20.0856,,,
1786590098447655519,2026-08-13T10:01:38.447683,ground_truth,-0.025883,0.835000,-0.016708,True,,,,,,,,,0.084451,1.091812,0.342760,0.084277,1.092599,0.340345,0.084277,1.092599,0.340345,-0.005936,0.026839,-0.082446,0.086908,-0.005497,0.033901,-0.064680,0.073232,1.343933,0.976182,0.640513,0.000162,-1.235914,-1.216867,0.000000,0.161877,0.274883,0.000000,0.115619,0.000000,0.030660,-0.479500,0.414087,-0.063744,-0.052704,-0.033280,3.0000,2.0000,2.0000,0.0000,4.0000,37.6060,35.2859,28.4251,-17.4715,19.9597,,,
1786590098482960554,2026-08-13T10:01:38.482981,ground_truth,-0.026049,0.828000,-0.019648,True,,,,,,,,,0.084097,1.093129,0.337785,0.084097,1.093129,0.337785,0.084097,1.093129,0.337785,-0.004740,0.013953,-0.067297,0.068892,-0.005272,0.019602,-0.074048,0.076780,1.343927,0.982925,0.652193,0.000162,-1.240603,-1.216856,0.000000,0.147039,0.254816,0.000000,0.097294,0.000000,-0.035000,-0.479500,0.411099,-0.063296,-0.051872,-0.013536,3.0000,2.0000,2.0000,0.0000,4.0000,38.3190,34.7880,29.0086,-15.3288,20.3700,,,
1786590098518572810,2026-08-13T10:01:38.518593,ground_truth,-0.025978,0.831000,-0.019430,True,,,,,,,,,0.084097,1.093129,0.337785,0.083928,1.093609,0.335030,0.083928,1.093609,0.335030,-0.004857,0.013762,-0.079088,0.080423,-0.005272,0.019602,-0.074048,0.076780,1.343901,0.987485,0.659888,0.000162,-1.243632,-1.216813,0.003051,0.137441,0.228637,0.000000,0.089005,0.002609,-0.115220,-0.540820,0.404459,-0.063616,-0.050720,0.013024,3.0000,2.0000,2.0000,0.0000,4.0000,38.0884,34.8318,29.2440,-15.3087,18.3283,,,
1786590098546454758,2026-08-13T10:01:38.546478,ground_truth,-0.026049,0.828000,-0.019648,True,,,,,,,,,0.083747,1.094078,0.332301,0.083747,1.094078,0.332301,0.083747,1.094078,0.332301,-0.005053,0.013123,-0.076318,0.077603,-0.005275,0.014302,-0.082676,0.084070,1.343796,0.991052,0.665851,0.000162,-1.246036,-1.216673,0.004796,0.119552,0.200711,0.000000,0.081158,0.007847,-0.129220,-0.534660,0.387029,-0.063296,-0.044640,0.019424,3.0000,2.0000,2.0000,0.0000,4.0000,37.4897,35.1119,28.3854,-16.7923,18.6013,,,
1786590098584399920,2026-08-13T10:01:38.584430,ground_truth,-0.025883,0.835000,-0.021568,True,,,,,,,,,0.083747,1.094078,0.332301,0.083585,1.094385,0.329534,0.083585,1.094385,0.329534,-0.005884,0.011125,-0.100219,0.101006,-0.005275,0.014302,-0.082676,0.084070,1.343515,0.995423,0.672967,0.000162,-1.248893,-1.216296,0.008285,0.101225,0.161877,0.000000,0.064568,0.010467,-0.144760,-0.533820,0.382215,-0.063296,-0.045760,0.027840,3.0000,2.0000,2.0000,0.0000,4.0000,37.2687,35.0629,28.1420,-16.6876,18.5386,,,
1786590098618402979,2026-08-13T10:01:38.618422,ground_truth,-0.025978,0.831000,-0.021866,True,,,,,,,,,0.083416,1.094607,0.326792,0.083416,1.094607,0.326792,0.083416,1.094607,0.326792,-0.004354,0.005723,-0.070868,0.071232,-0.004980,0.007955,-0.082910,0.083440,1.343123,0.999089,0.678811,0.000162,-1.250984,-1.215886,0.011780,0.084643,0.131765,0.000000,0.040142,0.010898,-0.141960,-0.520380,0.360552,-0.063456,-0.038688,0.028960,3.0000,2.0000,2.0000,0.0000,4.0000,37.2494,35.1696,28.0788,-16.8457,18.7584,,,
1786590098654208056,2026-08-13T10:01:38.654231,ground_truth,-0.026238,0.820000,-0.022686,True,,,,,,,,,0.083416,1.094607,0.326792,0.083254,1.094651,0.324193,0.083254,1.094651,0.324193,-0.004733,0.001293,-0.075880,0.076038,-0.004980,0.007955,-0.082910,0.083440,1.342783,1.001598,0.682588,0.000162,-1.251943,-1.215563,0.009598,0.073738,0.104277,0.000000,0.021375,0.010467,-0.137200,-0.534100,0.353912,-0.063296,-0.038144,0.029280,3.0000,2.0000,2.0000,0.0000,4.0000,37.0963,35.1888,28.0841,-16.6743,19.2317,,,
1786590098687302064,2026-08-13T10:01:38.687320,ground_truth,-0.023546,0.831000,-0.021866,True,,,,,,,,,0.083109,1.094660,0.321701,0.083109,1.094660,0.321701,0.083109,1.094660,0.321701,-0.004103,0.000251,-0.070602,0.070722,-0.004558,0.000789,-0.075599,0.075741,1.342463,1.003440,0.685093,0.000162,-1.252385,-1.215304,0.013087,0.060207,0.078098,0.000000,0.010467,0.007847,-0.130480,-0.577500,0.341794,-0.063456,-0.036960,0.028224,3.0000,2.0000,2.0000,0.0000,4.0000,36.7388,35.2029,28.1207,-16.7021,19.1302,,,
1786590098722474399,2026-08-13T10:01:38.722498,ground_truth,-0.023546,0.831000,-0.021866,True,,,,,,,,,0.083109,1.094660,0.321701,0.082803,1.094662,0.319389,0.082803,1.094662,0.319389,-0.009332,0.000054,-0.070572,0.071187,-0.004558,0.000789,-0.075599,0.075741,1.342463,1.003440,0.685093,0.000162,-1.252385,-1.215304,0.013087,0.060207,0.078098,0.000000,0.010467,0.007847,-0.130480,-0.577500,0.341794,-0.063456,-0.036960,0.028224,3.0000,2.0000,2.0000,0.0000,4.0000,36.3640,35.2204,28.6435,-15.9247,19.3421,,,
1786590098754562404,2026-08-13T10:01:38.754579,ground_truth,-0.023700,0.824000,-0.022388,True,,,,,,,,,0.082641,1.094662,0.317277,0.082641,1.094662,0.317277,0.082641,1.094662,0.317277,-0.004561,0.000010,-0.059408,0.059583,-0.007065,0.000032,-0.066802,0.067175,1.342463,1.003440,0.685093,0.000162,-1.252385,-1.215304,0.013087,0.060207,0.078098,0.000000,0.010467,0.007847,-0.130480,-0.577500,0.341794,-0.063456,-0.036960,0.028224,3.0000,2.0000,2.0000,0.0000,4.0000,36.3849,35.3203,28.6006,-15.5752,19.3389,,,
1786590098787058255,2026-08-13T10:01:38.787074,ground_truth,-0.023700,0.824000,-0.022388,True,,,,,,,,,0.082641,1.094662,0.317277,0.082496,1.094449,0.315602,0.082496,1.094449,0.315602,-0.004517,-0.006617,-0.051965,0.052579,-0.007065,0.000032,-0.066802,0.067175,1.342463,1.003440,0.685093,0.000162,-1.252385,-1.215304,0.013087,0.060207,0.078098,0.000000,0.010467,0.007847,-0.130480,-0.577500,0.341794,-0.063456,-0.036960,0.028224,3.0000,2.0000,2.0000,0.0000,4.0000,36.2272,35.3556,28.7449,-14.9215,19.3381,,,
1786590098814959594,2026-08-13T10:01:38.814975,ground_truth,-0.023854,0.817000,-0.022910,True,,,,,,,,,0.082355,1.093819,0.314239,0.082355,1.093819,0.314239,0.082355,1.093819,0.314239,-0.004307,-0.019246,-0.041684,0.046114,-0.004268,-0.012556,-0.045269,0.047171,1.341176,1.008053,0.688633,0.000162,-1.252180,-1.214269,0.008285,0.026174,0.014833,0.000000,0.021375,0.005228,-0.136920,-0.557620,0.342375,-0.065280,0.046880,0.028960,3.0000,2.0000,2.0000,0.0000,4.0000,36.2406,35.4365,28.6489,-14.4086,18.9662,,,
1786590098847057883,2026-08-13T10:01:38.847076,ground_truth,-0.023854,0.817000,-0.025370,True,,,,,,,,,0.082355,1.093819,0.314239,0.082209,1.093107,0.313208,0.082209,1.093107,0.313208,-0.005324,-0.025923,-0.037522,0.045915,-0.004268,-0.012556,-0.045269,0.047171,1.340974,1.008876,0.689079,0.000162,-1.251447,-1.214075,0.004796,0.024429,0.009160,0.000000,0.021375,0.005670,-0.127400,-0.590240,0.335818,-0.065856,0.048640,0.030624,3.0000,2.0000,2.0000,0.0000,4.0000,36.3530,35.4281,28.5721,-14.3126,18.8950,,,
1786590098878595116,2026-08-13T10:01:38.878611,ground_truth,-0.023612,0.828000,-0.024532,True,,,,,,,,,0.082067,1.092218,0.312162,0.082067,1.092218,0.312162,0.082067,1.092218,0.312162,-0.004401,-0.027631,-0.032500,0.042884,-0.004354,-0.024221,-0.031411,0.039904,1.340974,1.008876,0.689079,0.000162,-1.251447,-1.214075,0.004796,0.024429,0.009160,0.000000,0.021375,0.005670,-0.127400,-0.590240,0.335818,-0.065856,0.048640,0.030624,3.0000,2.0000,2.0000,0.0000,4.0000,36.4175,35.5505,28.4355,-14.0899,18.3675,,,
1786590098910497589,2026-08-13T10:01:38.910521,ground_truth,-0.024008,0.810000,-0.025903,True,,,,,,,,,0.082067,1.092218,0.312162,0.081909,1.091293,0.311335,0.081909,1.091293,0.311335,-0.004970,-0.029130,-0.026073,0.039409,-0.004354,-0.024221,-0.031411,0.039904,1.340974,1.008876,0.689079,0.000162,-1.251447,-1.214075,0.004796,0.024429,0.009160,0.000000,0.021375,0.005670,-0.127400,-0.590240,0.335818,-0.065856,0.048640,0.030624,3.0000,2.0000,2.0000,0.0000,4.0000,36.4669,35.5478,28.2360,-13.0466,18.2513,,,
1786590098944337273,2026-08-13T10:01:38.944353,ground_truth,-0.023942,0.813000,-0.028141,True,,,,,,,,,0.081778,1.090362,0.310578,0.081778,1.090362,0.310578,0.081778,1.090362,0.310578,-0.004127,-0.029271,-0.023770,0.037932,-0.004343,-0.027885,-0.023798,0.036916,1.340974,1.008876,0.689079,0.000162,-1.251447,-1.214075,0.004796,0.024429,0.009160,0.000000,0.021375,0.005670,-0.127400,-0.590240,0.335818,-0.065856,0.048640,0.030624,3.0000,2.0000,2.0000,0.0000,4.0000,36.5127,35.8882,27.8729,-12.0506,17.4285,,,
1786590098978336451,2026-08-13T10:01:38.978359,ground_truth,-0.024184,0.802000,-0.031482,True,,,,,,,,,0.081778,1.090362,0.310578,0.081648,1.089215,0.309816,0.081648,1.089215,0.309816,-0.003837,-0.033983,-0.022597,0.040990,-0.004343,-0.027885,-0.023798,0.036916,1.340974,1.008876,0.689079,0.000162,-1.251447,-1.214075,0.004796,0.024429,0.009160,0.000000,0.021375,0.005670,-0.127400,-0.590240,0.335818,-0.065856,0.048640,0.030624,3.0000,2.0000,2.0000,0.0000,4.0000,36.6778,35.7819,27.8786,-11.2100,17.3939,,,
1786590099010135096,2026-08-13T10:01:39.010148,ground_truth,-0.024096,0.806000,-0.031164,True,,,,,,,,,0.081524,1.087866,0.309027,0.081524,1.087866,0.309027,0.081524,1.087866,0.309027,-0.003648,-0.039586,-0.023146,0.046001,-0.003815,-0.037518,-0.023320,0.044339,1.340921,1.015253,0.694603,0.000162,-1.251081,-1.213773,0.008285,0.091628,0.135698,0.000000,0.037523,0.003051,0.066920,-0.450100,0.431434,-0.066016,-0.048640,-0.020608,3.0000,2.0000,2.0000,0.0000,4.0000,36.8836,35.9991,27.8319,-10.8260,17.1131,,,
1786590099039707814,2026-08-13T10:01:39.039726,ground_truth,-0.023942,0.813000,-0.030608,True,,,,,,,,,0.081524,1.087866,0.309027,0.081399,1.086263,0.308245,0.081399,1.086263,0.308245,-0.003924,-0.050137,-0.024466,0.055926,-0.003815,-0.037518,-0.023320,0.044339,1.341366,1.019461,0.700945,0.000162,-1.253064,-1.214151,0.013087,0.114319,0.168859,0.000000,0.056279,0.013517,0.071820,-0.481040,0.412676,-0.066016,-0.049088,-0.030400,3.0000,2.0000,2.0000,0.0000,4.0000,36.8836,35.9991,27.8319,-10.8260,17.1131,,,
1786590099076075345,2026-08-13T10:01:39.076093,ground_truth,-0.024096,0.806000,-0.031164,True,,,,,,,,,0.081524,1.087866,0.309027,0.081258,1.084769,0.307514,0.081258,1.084769,0.307514,-0.004816,-0.051220,-0.025050,0.057221,-0.003815,-0.037518,-0.023320,0.044339,1.341980,1.024263,0.708068,0.000162,-1.255436,-1.214798,0.016138,0.125661,0.182383,0.000000,0.056721,0.016137,0.088340,-0.442680,0.402384,-0.065632,-0.051104,-0.033408,3.0000,2.0000,2.0000,0.0000,4.0000,36.8880,36.0545,27.7522,-10.5295,17.5527,,,
1786590099112559845,2026-08-13T10:01:39.112576,ground_truth,-0.024096,0.806000,-0.031164,True,,,,,,,,,0.081258,1.084769,0.307514,0.081139,1.083137,0.306874,0.081139,1.083137,0.306874,-0.003282,-0.044946,-0.017617,0.048386,-0.003900,-0.045423,-0.022189,0.050703,1.342320,1.026837,0.711800,0.000162,-1.256632,-1.215164,0.017889,0.130895,0.189365,0.000000,0.059340,0.018756,0.080500,-0.420280,0.385701,-0.065632,-0.050496,-0.032224,3.0000,2.0000,2.0000,0.0000,4.0000,36.9744,36.1358,27.6531,-9.8465,17.4125,,,
1786590099141596149,2026-08-13T10:01:39.141614,ground_truth,-0.024250,0.799000,-0.031721,True,,,,,,,,,0.081258,1.084769,0.307514,0.081013,1.081477,0.306254,0.081013,1.081477,0.306254,-0.003429,-0.045358,-0.016940,0.048539,-0.003900,-0.045423,-0.022189,0.050703,1.343149,1.032953,0.720388,0.000162,-1.259101,-1.215962,0.019634,0.145295,0.198525,0.000000,0.054101,0.016137,0.063140,-0.453460,0.403546,-0.064128,-0.043360,-0.033408,3.0000,2.0000,2.0000,0.0000,4.0000,36.9894,36.1176,27.6527,-10.2860,17.5693,,,
1786590099172799029,2026-08-13T10:01:39.172820,ground_truth,-0.024008,0.810000,-0.030846,True,,,,,,,,,0.081013,1.081477,0.306254,0.080881,1.079812,0.305652,0.080881,1.079812,0.305652,-0.004485,-0.056340,-0.020377,0.060079,-0.003730,-0.050193,-0.019206,0.053871,1.343443,1.035265,0.723563,0.000162,-1.259909,-1.216264,0.017889,0.145295,0.196785,0.000000,0.048432,0.018756,0.059500,-0.476980,0.387527,-0.064448,-0.043360,-0.035136,3.0000,2.0000,2.0000,0.0000,4.0000,37.1477,36.0605,27.5527,-10.9998,17.8250,,,
1786590099211010653,2026-08-13T10:01:39.211025,ground_truth,-0.024096,0.806000,-0.031164,True,,,,,,,,,0.080912,1.078145,0.305053,0.080912,1.078145,0.305053,0.080912,1.078145,0.305053,0.001003,-0.054252,-0.019490,0.057656,-0.001525,-0.049922,-0.017995,0.053088,1.343783,1.038108,0.727384,0.000162,-1.260782,-1.216630,0.016576,0.141806,0.185870,0.000000,0.040142,0.018756,0.064680,-0.520380,0.379144,-0.064448,-0.042528,-0.036192,3.0000,2.0000,2.0000,0.0000,4.0000,37.3970,36.0401,27.7582,-10.7413,18.1902,,,
1786590099243849084,2026-08-13T10:01:39.243870,ground_truth,-0.024184,0.802000,-0.031482,True,,,,,,,,,0.080912,1.078145,0.305053,0.080948,1.076479,0.304434,0.080948,1.076479,0.304434,0.000953,-0.043334,-0.016117,0.046244,-0.001525,-0.049922,-0.017995,0.053088,1.343783,1.038108,0.727384,0.000162,-1.260782,-1.216630,0.016576,0.141806,0.185870,0.000000,0.040142,0.018756,0.064680,-0.520380,0.379144,-0.064448,-0.042528,-0.036192,3.0000,2.0000,2.0000,0.0000,4.0000,37.6185,36.3700,27.6843,-9.7823,18.0372,,,
1786590099276904381,2026-08-13T10:01:39.276922,ground_truth,-0.024096,0.806000,-0.031164,True,,,,,,,,,0.080981,1.074812,0.303827,0.080981,1.074812,0.303827,0.080981,1.074812,0.303827,0.000990,-0.051151,-0.018607,0.054439,0.001039,-0.050248,-0.018483,0.053549,1.343783,1.038108,0.727384,0.000162,-1.260782,-1.216630,0.016576,0.141806,0.185870,0.000000,0.040142,0.018756,0.064680,-0.520380,0.379144,-0.064448,-0.042528,-0.036192,3.0000,2.0000,2.0000,0.0000,4.0000,37.7311,36.3962,27.6081,-8.5792,18.0071,,,
1786590099306424413,2026-08-13T10:01:39.306442,ground_truth,-0.024008,0.810000,-0.030846,True,,,,,,,,,0.080981,1.074812,0.303827,0.081007,1.073519,0.303242,0.081007,1.073519,0.303242,0.000802,-0.039313,-0.017784,0.043156,0.001039,-0.050248,-0.018483,0.053549,1.343783,1.038108,0.727384,0.000162,-1.260782,-1.216630,0.016576,0.141806,0.185870,0.000000,0.040142,0.018756,0.064680,-0.520380,0.379144,-0.064448,-0.042528,-0.036192,3.0000,2.0000,2.0000,0.0000,4.0000,37.7744,36.4166,27.5837,-8.3979,17.9845,,,
1786590099343480045,2026-08-13T10:01:39.343492,ground_truth,-0.024008,0.810000,-0.030846,True,,,,,,,,,0.081017,1.072300,0.302713,0.081017,1.072300,0.302713,0.081017,1.072300,0.302713,0.000349,-0.041463,-0.018001,0.045203,0.000548,-0.037578,-0.016667,0.041112,1.345809,1.055160,0.740968,0.000162,-1.257268,-1.218689,0.008285,0.076790,0.013086,0.000000,0.072857,0.008289,0.084000,-0.522900,0.310337,-0.062624,0.054336,-0.033952,3.0000,2.0000,2.0000,0.0000,4.0000,37.7785,36.3812,27.6756,-9.3947,17.6681,,,
1786590099373497002,2026-08-13T10:01:39.373514,ground_truth,-0.024338,0.795000,-0.032039,True,,,,,,,,,0.081017,1.072300,0.302713,0.081028,1.071683,0.302348,0.081028,1.071683,0.302348,0.000277,-0.016659,-0.009857,0.019359,0.000548,-0.037578,-0.016667,0.041112,1.345972,1.056630,0.741072,0.000162,-1.255791,-1.218840,0.008285,0.071994,0.002178,0.000000,0.075477,0.007847,0.084840,-0.527800,0.305772,-0.062400,0.056992,-0.033856,3.0000,2.0000,2.0000,0.0000,4.0000,37.8821,36.4471,27.7900,-8.9217,17.6139,,,
1786590099414453102,2026-08-13T10:01:39.414469,ground_truth,-0.024184,0.802000,-0.031482,True,,,,,,,,,0.081076,1.071186,0.301848,0.081076,1.071186,0.301848,0.081076,1.071186,0.301848,0.001603,-0.016451,-0.016574,0.023407,0.000882,-0.016740,-0.013009,0.021218,1.346233,1.059067,0.740983,0.000162,-1.252967,-1.219088,0.007853,0.065010,0.007413,0.000000,0.080716,0.005228,0.084280,-0.531020,0.139606,-0.063616,0.059904,-0.034016,3.0000,2.0000,2.0000,0.0000,4.0000,38.1613,36.3626,27.8551,-10.8103,18.2335,,,
1786590099443680768,2026-08-13T10:01:39.443701,ground_truth,-0.024096,0.806000,-0.031164,True,,,,,,,,,0.081076,1.071186,0.301848,0.081088,1.070287,0.301476,0.081088,1.070287,0.301476,0.000283,-0.021698,-0.008973,0.023482,0.000882,-0.016740,-0.013009,0.021218,1.346508,1.061759,0.740121,0.000162,-1.249259,-1.219346,0.006540,0.057156,0.027919,0.000000,0.089005,0.005670,0.084560,-0.534100,0.116449,-0.063744,0.056896,-0.033024,3.0000,2.0000,2.0000,0.0000,4.0000,38.5451,36.0997,27.7000,-11.0068,18.7228,,,
1786590099474114809,2026-08-13T10:01:39.474131,ground_truth,-0.024008,0.810000,-0.028375,True,,,,,,,,,0.081076,1.071186,0.301848,0.081098,1.069520,0.301274,0.081098,1.069520,0.301274,0.000359,-0.026830,-0.007054,0.027744,0.000882,-0.016740,-0.013009,0.021218,1.346645,1.063027,0.739273,0.000162,-1.247114,-1.219476,0.006540,0.050609,0.038826,0.000000,0.089005,0.005670,0.087080,-0.529480,0.103003,-0.064224,0.053600,-0.033728,3.0000,2.0000,2.0000,0.0000,4.0000,38.3059,35.7561,28.5318,-12.5574,18.9279,,,
1786590099511282607,2026-08-13T10:01:39.511307,ground_truth,-0.024096,0.806000,-0.028686,True,,,,,,,,,0.081098,1.069520,0.301274,0.081086,1.069154,0.301481,0.081086,1.069154,0.301481,-0.000382,-0.011935,0.006744,0.013714,0.000332,-0.025167,-0.008664,0.026619,1.346808,1.064516,0.737808,0.000162,-1.244225,-1.219637,0.004796,0.042756,0.050172,0.000000,0.091624,0.005228,0.091140,-0.547960,0.100430,-0.065408,0.058112,-0.031840,3.0000,2.0000,2.0000,0.0000,4.0000,38.3809,35.6416,28.9090,-13.1465,19.0015,,,
1786590099542061961,2026-08-13T10:01:39.542074,ground_truth,-0.024096,0.806000,-0.028686,True,,,,,,,,,0.081098,1.069520,0.301274,0.081086,1.069080,0.301646,0.081086,1.069080,0.301646,0.000000,-0.001960,0.004417,0.004832,0.000332,-0.025167,-0.008664,0.026619,1.346808,1.064516,0.737808,0.000162,-1.244225,-1.219637,0.004796,0.042756,0.050172,0.000000,0.091624,0.005228,0.091140,-0.547960,0.100430,-0.065408,0.058112,-0.031840,3.0000,2.0000,2.0000,0.0000,4.0000,38.3270,35.5550,29.0333,-13.8947,18.7494,,,
1786590099578817860,2026-08-13T10:01:39.578841,ground_truth,-0.024008,0.810000,-0.028375,True,,,,,,,,,0.081086,1.069080,0.301646,0.081096,1.069066,0.301775,0.081096,1.069066,0.301775,0.000332,-0.000475,0.004149,0.004189,-0.000174,-0.006542,0.005537,0.008572,1.346808,1.064516,0.737808,0.000162,-1.244225,-1.219637,0.004796,0.042756,0.050172,0.000000,0.091624,0.005228,0.091140,-0.547960,0.100430,-0.065408,0.058112,-0.031840,3.0000,2.0000,2.0000,0.0000,4.0000,38.3270,35.5550,29.0333,-13.8947,18.7494,,,
1786590099618082161,2026-08-13T10:01:39.618106,ground_truth,-0.023942,0.813000,-0.028141,True,,,,,,,,,0.081091,1.069063,0.301961,0.081091,1.069063,0.301961,0.081091,1.069063,0.301961,-0.000160,-0.000080,0.005061,0.005064,0.000066,-0.000264,0.004708,0.004716,1.346808,1.064516,0.737808,0.000162,-1.244225,-1.219637,0.004796,0.042756,0.050172,0.000000,0.091624,0.005228,0.091140,-0.547960,0.100430,-0.065408,0.058112,-0.031840,3.0000,2.0000,2.0000,0.0000,4.0000,37.9747,35.1112,29.4344,-14.9778,18.4590,,,
1786590099644738699,2026-08-13T10:01:39.644755,ground_truth,-0.023854,0.817000,-0.027830,True,,,,,,,,,0.081091,1.069063,0.301961,0.081080,1.069275,0.302162,0.081080,1.069275,0.302162,-0.000263,0.005447,0.005160,0.007507,0.000066,-0.000264,0.004708,0.004716,1.346808,1.064516,0.737808,0.000162,-1.244225,-1.219637,0.004796,0.042756,0.050172,0.000000,0.091624,0.005228,0.091140,-0.547960,0.100430,-0.065408,0.058112,-0.031840,3.0000,2.0000,2.0000,0.0000,4.0000,37.8524,35.0078,29.5257,-15.3305,18.5104,,,
1786590099683707453,2026-08-13T10:01:39.683726,ground_truth,-0.024008,0.810000,-0.028375,True,,,,,,,,,0.081054,1.069691,0.302421,0.081054,1.069691,0.302421,0.081054,1.069691,0.302421,-0.001005,0.015827,0.009872,0.018680,-0.000554,0.009505,0.006969,0.011799,1.347259,1.067476,0.724135,0.000151,-1.228250,-1.220123,0.000000,0.010029,0.120858,0.000000,0.096863,0.000000,0.088340,-0.852460,0.042662,-0.066304,0.054496,-0.030400,3.0000,2.0000,2.0000,0.0000,4.0000,37.7330,34.8873,29.7299,-16.1673,18.6522,,,
1786590099711933434,2026-08-13T10:01:39.711959,ground_truth,-0.024008,0.810000,-0.028375,True,,,,,,,,,0.081054,1.069691,0.302421,0.081054,1.070148,0.302586,0.081054,1.070148,0.302586,0.000000,0.011601,0.004187,0.012334,-0.000554,0.009505,0.006969,0.011799,1.347259,1.067006,0.720596,0.000151,-1.225448,-1.220133,0.000000,0.020940,0.128278,0.000000,0.099914,0.000000,0.073780,-0.901040,0.054365,-0.066912,0.052928,-0.028512,3.0000,2.0000,2.0000,0.0000,4.0000,37.8307,34.8871,29.7611,-16.4377,18.7823,,,
1786590099742937466,2026-08-13T10:01:39.742954,ground_truth,-0.024008,0.810000,-0.028375,True,,,,,,,,,0.081054,1.069691,0.302421,0.081048,1.070452,0.302772,0.081048,1.070452,0.302772,-0.000208,0.010780,0.006581,0.012632,-0.000554,0.009505,0.006969,0.011799,1.347259,1.066614,0.718507,0.000151,-1.223831,-1.220144,0.000000,0.026174,0.130025,0.000000,0.102533,0.000000,0.048020,-0.911400,0.049883,-0.066912,0.052608,-0.027328,3.0000,2.0000,2.0000,0.0000,4.0000,37.7766,34.8584,29.4129,-16.2099,19.0307,,,
1786590099775775657,2026-08-13T10:01:39.775819,ground_truth,-0.024008,0.810000,-0.025903,True,,,,,,,,,0.081048,1.070452,0.302772,0.081036,1.070727,0.302979,0.081036,1.070727,0.302979,-0.000383,0.008945,0.006757,0.011217,-0.000087,0.011296,0.005205,0.012438,1.347259,1.066614,0.718507,0.000151,-1.223831,-1.220144,0.000000,0.026174,0.130025,0.000000,0.102533,0.000000,0.048020,-0.911400,0.049883,-0.066912,0.052608,-0.027328,3.0000,2.0000,2.0000,0.0000,4.0000,37.7176,34.7886,29.5047,-15.9558,19.0238,,,
1786590099812596374,2026-08-13T10:01:39.812616,ground_truth,-0.024184,0.802000,-0.026513,True,,,,,,,,,0.081030,1.070995,0.303330,0.081030,1.070995,0.303330,0.081030,1.070995,0.303330,-0.000177,0.008073,0.010558,0.013292,-0.000264,0.008132,0.008363,0.011668,1.347259,1.066614,0.718507,0.000151,-1.223831,-1.220144,0.000000,0.026174,0.130025,0.000000,0.102533,0.000000,0.048020,-0.911400,0.049883,-0.066912,0.052608,-0.027328,3.0000,2.0000,2.0000,0.0000,4.0000,37.5196,34.7738,29.7730,-16.2728,18.8516,,,
1786590099841285417,2026-08-13T10:01:39.841304,ground_truth,-0.024184,0.802000,-0.026513,True,,,,,,,,,0.081030,1.070995,0.303330,0.081042,1.071262,0.303619,0.081042,1.071262,0.303619,0.000321,0.007297,0.007896,0.010756,-0.000264,0.008132,0.008363,0.011668,1.347259,1.066614,0.718507,0.000151,-1.223831,-1.220144,0.000000,0.026174,0.130025,0.000000,0.102533,0.000000,0.048020,-0.911400,0.049883,-0.066912,0.052608,-0.027328,3.0000,2.0000,2.0000,0.0000,4.0000,37.2021,34.8094,29.9483,-16.4234,19.1473,,,
1786590099874469705,2026-08-13T10:01:39.874487,ground_truth,-0.024008,0.810000,-0.025903,True,,,,,,,,,0.081030,1.070995,0.303330,0.081054,1.070889,0.303908,0.081054,1.070889,0.303908,0.000405,-0.012876,0.009965,0.016287,-0.000264,0.008132,0.008363,0.011668,1.346860,1.059571,0.694164,0.000151,-1.206465,-1.219778,0.006540,0.057156,0.180636,0.000000,0.123908,0.007847,-0.078680,-0.872620,0.028386,-0.062720,0.055840,0.029184,3.0000,2.0000,2.0000,0.0000,4.0000,37.3932,34.9801,29.5764,-16.0945,18.8658,,,


============================================================
EXPERIMENT METRICS
  File: experiment_GROUND_TRUTH_20260813_100129.csv
  Total samples: 294
  Task completion time: 9.93 s
  Mode: GROUND TRUTH (no prediction metrics)
  --- Trajectory Smoothness (Robot EE) ---
  Mean Jerk (3D): 13.3151 m/s³
      Jerk X: 3.7299 m/s³
      Jerk Y: 11.5511 m/s³
      Jerk Z: 3.3206 m/s³
  Max Jerk (3D): 136.3721 m/s³
  RMS Jerk (3D): 25.6077 m/s³
============================================================
