ros_timestamp_ns,wall_time,trajectory_mode,meas_x,meas_y,meas_z,is_tracked,pred_x,pred_y,pred_z,mae_x,mae_y,mae_z,inference_ms,buffer_size,robot_ee_x,robot_ee_y,robot_ee_z,hand_base_x,hand_base_y,hand_base_z,target_cmd_x,target_cmd_y,target_cmd_z,hand_vel_x,hand_vel_y,hand_vel_z,hand_speed,ee_vel_x,ee_vel_y,ee_vel_z,ee_speed,j1_pos,j2_pos,j3_pos,j4_pos,j5_pos,j6_pos,j1_vel,j2_vel,j3_vel,j4_vel,j5_vel,j6_vel,j1_eff,j2_eff,j3_eff,j4_eff,j5_eff,j6_eff,rula_upper_arm,rula_lower_arm,rula_wrist,rula_twist,rula_total,rula_alpha_s,rula_alpha_c,rula_beta_s,rula_beta_t,rula_gamma_s,adapt_w,adapt_sr,adapt_se
1786590730790379715,2026-08-13T10:12:10.790408,ground_truth,0.203732,-0.069000,0.073766,True,,,,,,,,,-0.161990,0.308956,0.388244,-0.161991,0.308956,0.388247,0.088786,1.150436,0.309241,0.000000,0.000000,0.000000,0.000000,0.000000,0.000000,0.000000,0.000000,1.570768,0.124243,-1.002803,0.000022,-0.385652,-1.879138,0.000000,0.000000,0.000000,0.000000,0.000000,0.000000,-0.002660,-0.170800,0.081672,-0.005248,0.024672,-0.009536,1.0000,2.0000,1.0000,0.0000,2.0000,7.6895,11.7371,51.0849,-8.6491,11.1193,,,
1786590730824898235,2026-08-13T10:12:10.824919,ground_truth,0.204498,-0.078000,0.073630,True,,,,,,,,,-0.161991,0.308956,0.388247,-0.161991,0.308956,0.388247,-0.161991,0.308956,0.388247,0.000000,0.000000,0.000000,0.000000,-0.000000,-0.000000,0.000001,0.000001,1.570768,0.124243,-1.002803,0.000022,-0.385652,-1.879138,0.000000,0.000000,0.000000,0.000000,0.000000,0.000000,-0.002660,-0.170800,0.081672,-0.005248,0.024672,-0.009536,1.0000,2.0000,1.0000,0.0000,2.0000,7.6187,11.5720,51.0864,-8.4614,10.9733,,,
1786590730855538434,2026-08-13T10:12:10.855564,ground_truth,0.203732,-0.069000,0.073766,True,,,,,,,,,-0.161991,0.308956,0.388247,-0.161991,0.308956,0.388247,-0.161991,0.308956,0.388247,0.000000,0.000000,0.000000,0.000000,-0.000000,-0.000000,0.000001,0.000001,1.570768,0.124243,-1.002803,0.000022,-0.385652,-1.879138,0.000000,0.000000,0.000000,0.000000,0.000000,0.000000,-0.002660,-0.170800,0.081672,-0.005248,0.024672,-0.009536,1.0000,2.0000,1.0000,0.0000,2.0000,7.4867,11.6385,51.2626,-8.4821,11.0558,,,
1786590730884811437,2026-08-13T10:12:10.884829,ground_truth,0.203732,-0.069000,0.073766,True,,,,,,,,,-0.161991,0.308956,0.388247,-0.161991,0.308956,0.388247,-0.161991,0.308956,0.388247,0.000000,0.000000,0.000000,0.000000,0.000000,0.000000,0.000000,0.000000,1.570768,0.124243,-1.002803,0.000022,-0.385652,-1.879138,0.000000,0.000000,0.000000,0.000000,0.000000,0.000000,-0.002660,-0.170800,0.081672,-0.005248,0.024672,-0.009536,1.0000,2.0000,1.0000,0.0000,2.0000,7.4156,11.7194,51.3744,-8.6342,11.0899,,,
1786590730922845173,2026-08-13T10:12:10.922863,ground_truth,0.202198,-0.051000,0.074037,True,,,,,,,,,-0.161991,0.308956,0.388247,-0.161991,0.308956,0.388247,-0.161991,0.308956,0.388247,0.000000,0.000000,0.000000,0.000000,0.000000,0.000000,0.000000,0.000000,1.570768,0.124243,-1.002803,0.000022,-0.385652,-1.879138,0.000000,0.000000,0.000000,0.000000,0.000000,0.000000,-0.002660,-0.170800,0.081672,-0.005248,0.024672,-0.009536,1.0000,2.0000,1.0000,0.0000,2.0000,7.4609,11.7355,51.2654,-8.8850,11.3135,,,
1786590730951362634,2026-08-13T10:12:10.951383,ground_truth,0.202198,-0.051000,0.074037,True,,,,,,,,,-0.161991,0.308956,0.388247,-0.161991,0.308956,0.388247,-0.161991,0.308956,0.388247,0.000000,0.000000,0.000000,0.000000,0.000000,0.000000,0.000000,0.000000,1.570768,0.124243,-1.002803,0.000022,-0.385652,-1.879138,0.000000,0.000000,0.000000,0.000000,0.000000,0.000000,-0.002660,-0.170800,0.081672,-0.005248,0.024672,-0.009536,1.0000,2.0000,1.0000,0.0000,2.0000,7.4746,11.7976,51.0926,-8.8967,11.1469,,,
1786590730986566740,2026-08-13T10:12:10.986596,ground_truth,0.205265,-0.087000,0.073495,True,,,,,,,,,-0.161991,0.308956,0.388247,-0.161991,0.308956,0.388247,-0.161991,0.308956,0.388247,0.000000,0.000000,0.000000,0.000000,0.000000,0.000000,0.000000,0.000000,1.570768,0.124243,-1.002803,0.000022,-0.385652,-1.879138,0.000000,0.000000,0.000000,0.000000,0.000000,0.000000,-0.002660,-0.170800,0.081672,-0.005248,0.024672,-0.009536,1.0000,2.0000,1.0000,0.0000,2.0000,7.4986,11.8194,50.7403,-9.0119,11.2160,,,
1786590731019630273,2026-08-13T10:12:11.019657,ground_truth,0.204498,-0.078000,0.073630,True,,,,,,,,,-0.161991,0.308956,0.388247,-0.161991,0.308956,0.388247,-0.161991,0.308956,0.388247,0.000000,0.000000,0.000000,0.000000,0.000000,0.000000,0.000000,0.000000,1.570768,0.124243,-1.002803,0.000022,-0.385652,-1.879138,0.000000,0.000000,0.000000,0.000000,0.000000,0.000000,-0.002660,-0.170800,0.081672,-0.005248,0.024672,-0.009536,1.0000,2.0000,1.0000,0.0000,2.0000,7.5622,11.7997,50.7643,-9.2542,11.2257,,,
1786590731050105952,2026-08-13T10:12:11.050124,ground_truth,0.202965,-0.060000,0.073902,True,,,,,,,,,-0.161991,0.308956,0.388247,-0.161991,0.308956,0.388247,-0.161991,0.308956,0.388247,0.000000,0.000000,0.000000,0.000000,0.000000,0.000000,0.000000,0.000000,1.570768,0.124243,-1.002803,0.000022,-0.385652,-1.879138,0.000000,0.000000,0.000000,0.000000,0.000000,0.000000,-0.001820,-0.167020,0.080676,-0.005696,0.024608,-0.011136,1.0000,2.0000,1.0000,0.0000,2.0000,7.3607,11.6227,50.9653,-8.9613,10.9542,,,
1786590731087877039,2026-08-13T10:12:11.087896,ground_truth,0.204498,-0.078000,0.073630,True,,,,,,,,,-0.161991,0.308956,0.388247,-0.161991,0.308956,0.388247,-0.161991,0.308956,0.388247,0.000000,0.000000,0.000000,0.000000,0.000000,0.000000,0.000000,0.000000,1.570768,0.124243,-1.002803,0.000022,-0.385652,-1.879138,0.000000,0.000000,0.000000,0.000000,0.000000,0.000000,-0.001820,-0.168280,0.081921,-0.005856,0.024320,-0.011264,1.0000,2.0000,1.0000,0.0000,2.0000,7.4479,11.6718,51.0759,-8.7165,11.0308,,,
1786590731120702735,2026-08-13T10:12:11.120724,ground_truth,0.203732,-0.069000,0.073766,True,,,,,,,,,-0.161991,0.308956,0.388247,-0.161991,0.308956,0.388247,-0.161991,0.308956,0.388247,0.000000,0.000000,0.000000,0.000000,0.000000,0.000000,0.000000,0.000000,1.570768,0.124243,-1.002803,0.000022,-0.385652,-1.879138,0.000000,0.000000,0.000000,0.000000,0.000000,0.000000,-0.002660,-0.166460,0.081921,-0.005696,0.024224,-0.011264,1.0000,2.0000,1.0000,0.0000,2.0000,7.3731,11.5963,51.1702,-8.8360,11.0165,,,
1786590731149911820,2026-08-13T10:12:11.149929,ground_truth,0.202198,-0.051000,0.074037,True,,,,,,,,,-0.161991,0.308956,0.388247,-0.161991,0.308956,0.388247,-0.161991,0.308956,0.388247,0.000000,0.000000,0.000000,0.000000,0.000000,0.000000,0.000000,0.000000,1.570768,0.124243,-1.002803,0.000022,-0.385652,-1.879138,0.000000,0.000000,0.000000,0.000000,0.000000,0.000000,-0.002660,-0.166460,0.081921,-0.005696,0.024224,-0.011264,1.0000,2.0000,1.0000,0.0000,2.0000,7.4273,11.6390,51.0459,-8.7914,10.9977,,,
1786590731184708019,2026-08-13T10:12:11.184733,ground_truth,0.202198,-0.051000,0.074037,True,,,,,,,,,-0.161991,0.308956,0.388247,-0.161991,0.308956,0.388247,-0.161991,0.308956,0.388247,0.000000,0.000000,0.000000,0.000000,0.000000,0.000000,0.000000,0.000000,1.570768,0.124243,-1.002803,0.000022,-0.385652,-1.879138,0.000000,0.000000,0.000000,0.000000,0.000000,0.000000,-0.002660,-0.166460,0.081921,-0.005696,0.024224,-0.011264,1.0000,2.0000,1.0000,0.0000,2.0000,7.3795,11.7283,51.2114,-9.0479,11.1731,,,
1786590731217112642,2026-08-13T10:12:11.217133,ground_truth,0.201432,-0.042000,0.074173,True,,,,,,,,,-0.161991,0.308956,0.388247,-0.161991,0.308956,0.388247,-0.161991,0.308956,0.388247,0.000000,0.000000,0.000000,0.000000,0.000000,0.000000,0.000000,0.000000,1.570768,0.124243,-1.002803,0.000022,-0.385652,-1.879138,0.000000,0.000000,0.000000,0.000000,0.000000,0.000000,-0.002660,-0.166460,0.081921,-0.005696,0.024224,-0.011264,1.0000,2.0000,1.0000,0.0000,2.0000,7.2923,11.8543,51.4874,-8.9558,11.3933,,,
1786590731250776624,2026-08-13T10:12:11.250824,ground_truth,0.202965,-0.060000,0.073902,True,,,,,,,,,-0.161991,0.308956,0.388247,-0.161991,0.308956,0.388247,-0.161991,0.308956,0.388247,0.000000,0.000000,0.000000,0.000000,0.000000,0.000000,0.000000,0.000000,1.570768,0.124243,-1.002803,0.000022,-0.385652,-1.879138,0.000000,0.000000,0.000000,0.000000,0.000000,0.000000,-0.002660,-0.166460,0.081921,-0.005696,0.024224,-0.011264,1.0000,2.0000,1.0000,0.0000,2.0000,7.2676,11.8834,51.4226,-9.1740,11.5455,,,
1786590731283111841,2026-08-13T10:12:11.283137,ground_truth,0.201432,-0.042000,0.074173,True,,,,,,,,,-0.161991,0.308956,0.388247,-0.161991,0.308956,0.388247,-0.161991,0.308956,0.388247,0.000000,0.000000,0.000000,0.000000,0.000000,0.000000,0.000000,0.000000,1.570768,0.124243,-1.002803,0.000022,-0.385652,-1.879138,0.000000,0.000000,0.000000,0.000000,0.000000,0.000000,-0.002660,-0.166460,0.081921,-0.005696,0.024224,-0.011264,1.0000,2.0000,1.0000,0.0000,2.0000,7.2238,12.0456,50.9063,-9.6888,11.2715,,,
1786590731317377982,2026-08-13T10:12:11.317395,ground_truth,0.202198,-0.051000,0.074037,True,,,,,,,,,-0.161991,0.308956,0.388247,-0.161991,0.308956,0.388247,-0.161991,0.308956,0.388247,0.000000,0.000000,0.000000,0.000000,0.000000,0.000000,0.000000,0.000000,1.570768,0.124243,-1.002803,0.000022,-0.385652,-1.879138,0.000000,0.000000,0.000000,0.000000,0.000000,0.000000,-0.002660,-0.166460,0.081921,-0.005696,0.024224,-0.011264,1.0000,2.0000,1.0000,0.0000,2.0000,7.3291,12.0347,51.0227,-9.3804,11.2244,,,
1786590731352333190,2026-08-13T10:12:11.352353,ground_truth,0.202198,-0.051000,0.074037,True,,,,,,,,,-0.161991,0.308956,0.388247,-0.161991,0.308956,0.388247,-0.161991,0.308956,0.388247,0.000000,0.000000,0.000000,0.000000,0.000000,0.000000,0.000000,0.000000,1.570768,0.124243,-1.002803,0.000022,-0.385652,-1.879138,0.000000,0.000000,0.000000,0.000000,0.000000,0.000000,-0.002660,-0.168280,0.081921,-0.005568,0.024224,-0.010144,1.0000,2.0000,1.0000,0.0000,2.0000,7.1915,11.7827,51.4705,-9.1075,11.5263,,,
1786590731382028555,2026-08-13T10:12:11.382041,ground_truth,0.202965,-0.060000,0.073902,True,,,,,,,,,-0.161991,0.308956,0.388247,-0.161991,0.308956,0.388247,-0.161991,0.308956,0.388247,0.000000,0.000000,0.000000,0.000000,0.000000,0.000000,0.000000,0.000000,1.571303,0.123538,-1.002840,0.003503,-0.379917,-1.881704,0.003051,0.005233,0.000000,0.019198,0.032284,0.013517,0.080220,-0.261940,-0.006391,0.004576,0.044864,-0.033856,1.0000,2.0000,1.0000,0.0000,2.0000,7.2107,11.8652,51.5234,-9.1062,11.4163,,,
1786590731424963615,2026-08-13T10:12:11.424981,ground_truth,0.200750,-0.034000,0.078090,True,,,,,,,,,-0.161991,0.308956,0.388247,-0.161991,0.308956,0.388247,-0.161991,0.308956,0.388247,0.000000,0.000000,0.000000,0.000000,0.000000,0.000000,0.000000,0.000000,1.571303,0.123538,-1.002840,0.003503,-0.379917,-1.881704,0.003051,0.005233,0.000000,0.019198,0.032284,0.013517,0.080220,-0.261940,-0.006391,0.004576,0.044864,-0.033856,1.0000,2.0000,1.0000,0.0000,2.0000,7.3445,11.4921,51.8202,-8.4914,11.9287,,,
1786590731460675035,2026-08-13T10:12:11.460700,ground_truth,0.199302,-0.017000,0.078318,True,,,,,,,,,-0.161991,0.308956,0.388247,-0.161991,0.308956,0.388247,-0.161991,0.308956,0.388247,0.000000,0.000000,0.000000,0.000000,0.000000,0.000000,0.000000,0.000000,1.571303,0.123538,-1.002840,0.003503,-0.379917,-1.881704,0.003051,0.005233,0.000000,0.019198,0.032284,0.013517,0.080220,-0.261940,-0.006391,0.004576,0.044864,-0.033856,1.0000,2.0000,1.0000,0.0000,2.0000,7.4874,11.4922,51.8427,-8.4618,11.9103,,,
1786590731493145635,2026-08-13T10:12:11.493171,ground_truth,0.198536,-0.008000,0.082192,True,,,,,,,,,-0.161991,0.308956,0.388247,-0.161991,0.308956,0.388247,-0.161991,0.308956,0.388247,0.000000,0.000000,0.000000,0.000000,0.000000,0.000000,0.000000,0.000000,1.571303,0.123538,-1.002840,0.003503,-0.379917,-1.881704,0.003051,0.005233,0.000000,0.019198,0.032284,0.013517,0.080220,-0.261940,-0.006391,0.004576,0.044864,-0.033856,1.0000,2.0000,1.0000,0.0000,2.0000,7.4036,11.1642,53.3188,-8.1271,11.6143,,,
1786590731519815290,2026-08-13T10:12:11.519843,ground_truth,0.196406,0.017000,0.086199,True,,,,,,,,,-0.161991,0.308956,0.388247,-0.161991,0.308956,0.388247,-0.161991,0.308956,0.388247,0.000000,0.000000,0.000000,0.000000,0.000000,0.000000,0.000000,0.000000,1.571343,0.123492,-1.002855,0.003730,-0.379551,-1.881876,0.003489,0.003489,0.000000,0.018756,0.029665,0.013517,0.081480,-0.261520,0.004316,0.005120,0.044640,-0.033952,1.0000,2.0000,1.0000,0.0000,2.0000,7.4099,11.0725,53.3841,-8.3755,11.4864,,,
1786590731547901672,2026-08-13T10:12:11.547920,ground_truth,0.199302,-0.017000,0.085855,True,,,,,,,,,-0.161991,0.308956,0.388247,-0.161991,0.308956,0.388247,-0.161991,0.308956,0.388247,0.000000,0.000000,0.000000,0.000000,0.000000,0.000000,0.000000,0.000000,1.571526,0.123257,-1.002974,0.004786,-0.377805,-1.882641,0.000000,0.000000,0.000000,0.000000,0.000000,0.000000,0.083300,-0.252840,0.020999,0.003456,0.039136,-0.029568,1.0000,2.0000,1.0000,0.0000,2.0000,7.4099,11.0725,53.3841,-8.3755,11.4864,,,
1786590731586689191,2026-08-13T10:12:11.586719,ground_truth,0.199302,-0.017000,0.089623,True,,,,,,,,,-0.161991,0.308956,0.388247,-0.161991,0.308956,0.388247,-0.161991,0.308956,0.388247,0.000000,0.000000,0.000000,0.000000,0.000000,0.000000,0.000000,0.000000,1.571526,0.123257,-1.002982,0.004797,-0.377805,-1.882641,0.000000,0.000000,0.000000,0.000000,0.000000,0.000000,0.082040,-0.250460,0.024485,0.002560,0.037792,-0.028384,1.0000,2.0000,1.0000,0.0000,2.0000,7.6853,10.8063,54.3073,-8.2674,10.9754,,,
1786590731620530499,2026-08-13T10:12:11.620551,ground_truth,0.199302,-0.017000,0.093391,True,,,,,,,,,-0.161991,0.308956,0.388247,-0.161991,0.308956,0.388247,-0.161991,0.308956,0.388247,0.000000,0.000000,0.000000,0.000000,0.000000,0.000000,0.000000,0.000000,1.571526,0.123250,-1.002982,0.004797,-0.377805,-1.882652,0.000000,0.000000,0.000000,0.000000,0.000000,0.002609,0.080780,-0.249200,0.026477,0.001952,0.037472,-0.027616,1.0000,2.0000,1.0000,0.0000,2.0000,7.7833,10.7460,54.5287,-8.2849,11.0452,,,
1786590731650751742,2026-08-13T10:12:11.650774,ground_truth,0.194789,-0.008000,0.093453,True,,,,,,,,,-0.161991,0.308956,0.388247,-0.161991,0.308956,0.388247,-0.161991,0.308956,0.388247,0.000000,0.000000,0.000000,0.000000,0.000000,0.000000,0.000000,0.000000,1.571532,0.123250,-1.002982,0.004797,-0.377794,-1.882652,0.000000,0.000000,0.000000,0.000000,0.000000,0.000000,0.077700,-0.250460,0.032370,-0.000224,0.034304,-0.027680,1.0000,2.0000,1.0000,0.0000,2.0000,7.7833,10.7460,54.5287,-8.2849,11.0452,,,
1786590731684916947,2026-08-13T10:12:11.684936,ground_truth,0.193453,0.008000,0.093562,True,,,,,,,,,-0.161991,0.308956,0.388247,-0.161991,0.308956,0.388247,-0.161991,0.308956,0.388247,0.000000,0.000000,0.000000,0.000000,0.000000,0.000000,0.000000,0.000000,1.571532,0.123250,-1.002982,0.004797,-0.377805,-1.882652,0.000000,0.000000,0.000000,0.000000,0.000000,0.000000,0.077140,-0.253540,0.033698,-0.002784,0.029120,-0.029440,1.0000,2.0000,1.0000,0.0000,2.0000,7.9097,10.6241,54.5436,-9.1837,11.0349,,,
1786590731717607064,2026-08-13T10:12:11.717626,ground_truth,0.192033,0.025000,0.093677,True,,,,,,,,,-0.161991,0.308956,0.388247,-0.161991,0.308956,0.388247,-0.161991,0.308956,0.388247,0.000000,0.000000,0.000000,0.000000,0.000000,0.000000,0.000000,0.000000,1.571532,0.123244,-1.002982,0.004797,-0.377815,-1.882663,0.000000,0.000000,0.000000,0.000000,0.000000,0.000000,0.072520,-0.263060,0.037184,-0.013600,0.013248,-0.033568,1.0000,2.0000,1.0000,0.0000,2.0000,7.9341,10.4897,54.6723,-9.1917,10.9320,,,
1786590731751646273,2026-08-13T10:12:11.751664,ground_truth,0.188996,0.017000,0.097335,True,,,,,,,,,-0.161991,0.308956,0.388247,-0.161991,0.308956,0.388247,-0.161991,0.308956,0.388247,0.000000,0.000000,0.000000,0.000000,0.000000,0.000000,0.000000,0.000000,1.571532,0.123244,-1.002982,0.004797,-0.377815,-1.882663,0.000000,0.000000,0.000000,0.000000,0.000000,0.000000,0.072520,-0.263060,0.037184,-0.013600,0.013248,-0.033568,1.0000,2.0000,1.0000,0.0000,2.0000,8.0788,10.2930,54.6312,-9.8468,10.8440,,,
1786590731786756542,2026-08-13T10:12:11.786806,ground_truth,0.186376,0.049000,0.097500,True,,,,,,,,,-0.161991,0.308956,0.388247,-0.161991,0.308956,0.388247,-0.161991,0.308956,0.388247,0.000000,0.000000,0.000000,0.000000,0.000000,0.000000,0.000000,0.000000,1.571532,0.123244,-1.002982,0.004797,-0.377815,-1.882663,0.000000,0.000000,0.000000,0.000000,0.000000,0.000000,0.072520,-0.263060,0.037184,-0.013600,0.013248,-0.033568,1.0000,2.0000,1.0000,0.0000,2.0000,8.2612,9.9561,54.7531,-9.9496,10.4909,,,
1786590731820070715,2026-08-13T10:12:11.820095,ground_truth,0.183365,0.041000,0.101131,True,,,,,,,,,-0.155320,0.349222,0.400559,-0.155320,0.349222,0.400559,-0.155320,0.349222,0.400559,0.183467,1.107422,0.338610,1.172476,0.099896,0.602982,0.184370,0.638404,1.571532,0.123244,-1.002982,0.004797,-0.377815,-1.882663,0.000000,0.000000,0.000000,0.000000,0.000000,0.000000,0.072520,-0.263060,0.037184,-0.013600,0.013248,-0.033568,1.0000,2.0000,1.0000,0.0000,2.0000,8.4637,9.8481,54.6465,-10.3864,10.7092,,,
1786590731863034123,2026-08-13T10:12:11.863051,ground_truth,0.177814,0.065000,0.101216,True,,,,,,,,,-0.161991,0.308956,0.388247,-0.161991,0.308956,0.388247,-0.161991,0.308956,0.388247,-0.202065,-1.219677,-0.372934,1.291326,-0.099445,-0.600258,-0.183537,0.635519,1.571532,0.123205,-1.002982,0.004743,-0.377988,-1.882781,0.000000,0.000000,0.000000,0.000000,0.003051,0.000000,0.050120,-0.255360,0.051294,-0.051104,-0.027008,-0.030112,1.0000,2.0000,1.0000,0.0000,2.0000,8.3051,9.7819,54.9994,-11.7754,10.4757,,,
1786590731890139534,2026-08-13T10:12:11.890159,ground_truth,0.174188,0.065000,0.101216,True,,,,,,,,,-0.161991,0.308956,0.388247,-0.152438,0.359462,0.404177,-0.152438,0.358956,0.404177,0.218475,1.155175,0.364353,1.230819,-0.099445,-0.600258,-0.183537,0.635519,1.571532,0.123205,-1.002982,0.004743,-0.377988,-1.882781,0.000000,0.000000,0.000000,0.000000,0.003051,0.000000,0.050120,-0.255360,0.051294,-0.051104,-0.027008,-0.030112,1.0000,2.0000,1.0000,0.0000,2.0000,8.2126,9.6816,55.4600,-12.2791,10.3285,,,
1786590731918145852,2026-08-13T10:12:11.918165,ground_truth,0.174188,0.065000,0.104849,True,,,,,,,,,-0.161991,0.308956,0.388247,-0.150520,0.375751,0.405998,-0.150520,0.375751,0.405998,0.075657,0.642331,0.071810,0.650745,-0.099445,-0.600258,-0.183537,0.635519,1.571532,0.123205,-1.002982,0.004743,-0.377988,-1.882781,0.000000,0.000000,0.000000,0.000000,0.003051,0.000000,0.050120,-0.255360,0.051294,-0.051104,-0.027008,-0.030112,1.0000,2.0000,1.0000,0.0000,2.0000,8.0344,9.4122,56.3310,-12.6377,10.1860,,,
1786590731953477163,2026-08-13T10:12:11.953500,ground_truth,0.169357,0.081000,0.104878,True,,,,,,,,,-0.148749,0.385195,0.407782,-0.148749,0.385195,0.407782,-0.148749,0.385195,0.407782,0.062986,0.335921,0.063452,0.347616,0.198995,1.145730,0.293577,1.199368,1.571532,0.123205,-1.002982,0.004743,-0.377988,-1.882781,0.000000,0.000000,0.000000,0.000000,0.003051,0.000000,0.050120,-0.255360,0.051294,-0.051104,-0.027008,-0.030112,1.0000,2.0000,1.0000,0.0000,2.0000,8.0031,9.3246,56.6258,-12.6620,10.2267,,,
1786590731984086900,2026-08-13T10:12:11.984099,ground_truth,0.165242,0.088000,0.104891,True,,,,,,,,,-0.148749,0.385195,0.407782,-0.146753,0.392364,0.409553,-0.146753,0.392364,0.409553,0.056080,0.201386,0.049742,0.214885,0.198995,1.145730,0.293577,1.199368,1.571532,0.123205,-1.002982,0.004732,-0.377988,-1.882781,0.000000,0.000000,0.000000,0.000000,0.000000,0.000000,0.048300,-0.250040,0.053203,-0.051328,-0.025952,-0.028000,1.0000,2.0000,1.0000,0.0000,2.0000,7.9520,9.3224,56.7941,-12.7374,10.0626,,,
1786590732019384229,2026-08-13T10:12:12.019466,ground_truth,0.165242,0.088000,0.108486,True,,,,,,,,,-0.144533,0.399024,0.411066,-0.144533,0.399024,0.411066,-0.144533,0.399024,0.411066,0.072613,0.217897,0.049507,0.234953,0.063409,0.207999,0.049392,0.222989,1.571532,0.123205,-1.002982,0.004732,-0.377912,-1.882738,0.000000,0.000000,0.000000,0.000000,0.000000,0.000000,0.051100,-0.174720,0.066732,-0.030720,0.019648,0.007904,1.0000,2.0000,1.0000,0.0000,2.0000,8.0740,9.0873,56.5800,-12.3861,10.4367,,,
1786590732051944887,2026-08-13T10:12:12.051964,ground_truth,0.164653,0.096000,0.108488,True,,,,,,,,,-0.144533,0.399024,0.411066,-0.142456,0.405476,0.412552,-0.142456,0.405476,0.412552,0.058273,0.180972,0.041676,0.194637,0.063409,0.207999,0.049392,0.222989,1.571532,0.123211,-1.002982,0.004732,-0.377891,-1.882728,0.000000,0.001744,0.000000,0.000000,0.000000,0.000000,0.053620,-0.163940,0.069886,-0.025600,0.028000,0.013536,1.0000,2.0000,1.0000,0.0000,2.0000,7.8008,9.0506,56.7418,-12.0842,11.4882,,,
1786590732088280735,2026-08-13T10:12:12.088302,ground_truth,0.160503,0.104000,0.108489,True,,,,,,,,,-0.140146,0.411887,0.414061,-0.140146,0.411887,0.414061,-0.140146,0.411887,0.414061,0.071205,0.197604,0.046511,0.215129,0.065972,0.193403,0.045029,0.209248,1.571532,0.123211,-1.002982,0.004732,-0.377891,-1.882728,0.000000,0.001744,0.000000,0.000000,0.000000,0.000000,0.053620,-0.163940,0.069886,-0.025600,0.028000,0.013536,1.0000,2.0000,1.0000,0.0000,2.0000,7.6671,9.4590,57.7909,-12.2612,12.1329,,,
1786590732119497057,2026-08-13T10:12:12.119525,ground_truth,0.156449,0.111000,0.108491,True,,,,,,,,,-0.140146,0.411887,0.414061,-0.137559,0.419195,0.415318,-0.137559,0.419195,0.415318,0.071772,0.202796,0.034899,0.217935,0.065972,0.193403,0.045029,0.209248,1.571532,0.123211,-1.002982,0.004732,-0.377891,-1.882728,0.000000,0.001744,0.000000,0.000000,0.000000,0.000000,0.053620,-0.163940,0.069886,-0.025600,0.028000,0.013536,1.0000,2.0000,1.0000,0.0000,2.0000,8.0455,9.5916,57.8811,-12.3447,11.5995,,,
1786590732162952722,2026-08-13T10:12:12.162974,ground_truth,0.157504,0.096000,0.108488,True,,,,,,,,,-0.134702,0.427110,0.416325,-0.134702,0.427110,0.416325,-0.134702,0.427110,0.416325,0.091814,0.254371,0.032350,0.272361,0.081489,0.227897,0.033897,0.244390,1.571532,0.123211,-1.002982,0.004732,-0.377891,-1.882728,0.000000,0.001744,0.000000,0.000000,0.000000,0.000000,0.053620,-0.163940,0.069886,-0.025600,0.028000,0.013536,1.0000,2.0000,1.0000,0.0000,2.0000,8.1011,9.6947,57.5785,-12.2152,11.6660,,,
1786590732189247162,2026-08-13T10:12:12.189271,ground_truth,0.156941,0.104000,0.112058,True,,,,,,,,,-0.134702,0.427110,0.416325,-0.132216,0.435147,0.417327,-0.132216,0.435147,0.417327,0.057099,0.184602,0.023024,0.194597,0.081489,0.227897,0.033897,0.244390,1.571532,0.123224,-1.002974,0.004743,-0.377837,-1.882620,0.000000,0.000000,0.000000,0.000000,0.002609,0.002609,0.034020,-0.083580,0.084328,-0.029952,0.007360,0.023040,1.0000,2.0000,1.0000,0.0000,2.0000,8.0313,9.5649,57.7632,-11.2025,12.1804,,,
1786590732227061360,2026-08-13T10:12:12.227081,ground_truth,0.156941,0.104000,0.112058,True,,,,,,,,,-0.129782,0.442727,0.418560,-0.129782,0.442727,0.418560,-0.129782,0.442727,0.418560,0.091888,0.286167,0.046548,0.304141,0.073942,0.234711,0.033596,0.248365,1.571532,0.123224,-1.002974,0.004743,-0.377837,-1.882620,0.000000,0.000000,0.000000,0.000000,0.002609,0.002609,0.034020,-0.083580,0.084328,-0.029952,0.007360,0.023040,1.0000,2.0000,1.0000,0.0000,2.0000,7.8979,9.4347,58.1697,-10.6645,12.6970,,,
1786590732257911033,2026-08-13T10:12:12.257928,ground_truth,0.156449,0.111000,0.115605,True,,,,,,,,,-0.129782,0.442727,0.418560,-0.127443,0.449363,0.419786,-0.127443,0.449363,0.419786,0.062192,0.176415,0.032575,0.189872,0.073942,0.234711,0.033596,0.248365,1.571532,0.123224,-1.002974,0.004743,-0.377837,-1.882620,0.000000,0.000000,0.000000,0.000000,0.002609,0.002609,0.034020,-0.083580,0.084328,-0.029952,0.007360,0.023040,1.0000,2.0000,1.0000,0.0000,2.0000,7.4847,9.1983,58.1710,-10.8165,12.3486,,,
1786590732290145764,2026-08-13T10:12:12.290168,ground_truth,0.152349,0.119000,0.115580,True,,,,,,,,,-0.125273,0.455331,0.421004,-0.125273,0.455331,0.421004,-0.125273,0.455331,0.421004,0.070308,0.193353,0.039465,0.209490,0.067408,0.188403,0.036524,0.203405,1.571532,0.123224,-1.002974,0.004743,-0.377837,-1.882620,0.000000,0.000000,0.000000,0.000000,0.002609,0.002609,0.034020,-0.083580,0.084328,-0.029952,0.007360,0.023040,1.0000,2.0000,1.0000,0.0000,2.0000,6.8939,9.1917,59.6634,-11.4402,12.5325,,,
1786590732322705031,2026-08-13T10:12:12.322727,ground_truth,0.152899,0.111000,0.115605,True,,,,,,,,,-0.125273,0.455331,0.421004,-0.123005,0.461111,0.422209,-0.123005,0.461111,0.422209,0.071136,0.181256,0.037797,0.198350,0.067408,0.188403,0.036524,0.203405,1.570689,0.124263,-1.002127,0.002900,-0.381567,-1.880647,0.027925,0.026174,0.037086,0.023995,0.070249,0.034903,-0.125860,0.023240,0.248336,-0.079200,-0.057280,0.037248,1.0000,1.0000,1.0000,0.0000,1.0000,6.4584,9.1240,60.0176,-11.4421,12.0276,,,
1786590732350979627,2026-08-13T10:12:12.350999,ground_truth,0.151868,0.126000,0.119090,True,,,,,,,,,-0.120973,0.466000,0.423174,-0.120973,0.466000,0.423174,-0.120973,0.466000,0.423174,0.061518,0.148088,0.029224,0.162999,0.064606,0.160320,0.032609,0.175898,1.569631,0.125341,-1.000662,0.002199,-0.384186,-1.879235,0.045814,0.047558,0.066752,0.024426,0.113442,0.059340,-0.141260,0.049280,0.276307,-0.079488,-0.059680,0.039808,1.0000,2.0000,1.0000,0.0000,2.0000,7.0589,9.0471,59.8001,-10.7061,11.5072,,,
1786590732386884316,2026-08-13T10:12:12.386910,ground_truth,0.152899,0.111000,0.119161,True,,,,,,,,,-0.120973,0.466000,0.423174,-0.119244,0.470711,0.424366,-0.119244,0.470711,0.424366,0.061735,0.168148,0.042531,0.184103,0.064606,0.160320,0.032609,0.175898,1.567442,0.127621,-0.997435,0.001218,-0.389371,-1.876422,0.075045,0.075045,0.109519,0.029665,0.170162,0.094244,-0.167580,0.074340,0.301290,-0.079808,-0.063008,0.045088,1.0000,2.0000,1.0000,0.0000,2.0000,7.5292,8.7232,59.4428,-10.0277,11.5692,,,
1786590732417199895,2026-08-13T10:12:12.417219,ground_truth,0.152349,0.119000,0.122667,True,,,,,,,,,-0.117824,0.474107,0.425562,-0.117824,0.474107,0.425562,-0.117824,0.474107,0.425562,0.039332,0.094100,0.033155,0.107244,0.047054,0.121136,0.035683,0.134764,1.566135,0.128993,-0.995457,0.000744,-0.392335,-1.874783,0.086388,0.091190,0.131765,0.029665,0.196777,0.107772,-0.191800,0.068180,0.305025,-0.079040,-0.073088,0.051104,1.0000,2.0000,1.0000,0.0000,2.0000,8.3561,9.1076,59.7301,-7.8638,12.3365,,,
1786590732459811682,2026-08-13T10:12:12.459833,ground_truth,0.151868,0.126000,0.122622,True,,,,,,,,,-0.117824,0.474107,0.425562,-0.116368,0.477666,0.426750,-0.116368,0.477666,0.426750,0.048595,0.118793,0.039649,0.134333,0.047054,0.121136,0.035683,0.134764,1.561366,0.133952,-0.988238,-0.000582,-0.402705,-1.869049,0.124354,0.132639,0.191543,0.029665,0.269214,0.147914,-0.213220,0.101360,0.308511,-0.081760,-0.075424,0.053664,1.0000,1.0000,1.0000,0.0000,1.0000,8.9165,9.0483,60.1097,-6.8425,12.8591,,,
1786590732490673691,2026-08-13T10:12:12.490692,ground_truth,0.151319,0.134000,0.122571,True,,,,,,,,,-0.115203,0.481258,0.427933,-0.115203,0.481258,0.427933,-0.115203,0.481258,0.427933,0.027358,0.084279,0.027757,0.092854,0.039292,0.107166,0.035530,0.119544,1.556256,0.139231,-0.980416,-0.001638,-0.413344,-1.863131,0.154893,0.158388,0.236050,0.026614,0.315026,0.177579,-0.204540,0.113120,0.318139,-0.079712,-0.079936,0.055040,1.0000,1.0000,1.0000,0.0000,1.0000,9.6276,9.9012,60.3025,-5.6305,13.2946,,,
1786590732518419747,2026-08-13T10:12:12.518437,ground_truth,0.151868,0.126000,0.122622,True,,,,,,,,,-0.115203,0.481258,0.427933,-0.114274,0.484376,0.429111,-0.114274,0.484376,0.429111,0.029504,0.099116,0.037463,0.109990,0.039292,0.107166,0.035530,0.119544,1.551696,0.143949,-0.973345,-0.002350,-0.422668,-1.857924,0.167986,0.173219,0.263976,0.024426,0.344701,0.191107,-0.207620,0.088340,0.326356,-0.084992,-0.082816,0.057440,1.0000,1.0000,1.0000,0.0000,1.0000,9.8511,9.8050,60.9773,-5.1526,13.2142,,,
1786590732555777115,2026-08-13T10:12:12.555809,ground_truth,0.148343,0.126000,0.122622,True,,,,,,,,,-0.113383,0.487027,0.430054,-0.113383,0.487027,0.430054,-0.113383,0.487027,0.430054,0.032408,0.096332,0.034254,0.107254,0.027368,0.086754,0.031898,0.096399,1.544117,0.151822,-0.960891,-0.003417,-0.438244,-1.849322,0.171475,0.178022,0.295397,0.021375,0.358219,0.194157,-0.175140,0.016380,0.313657,-0.082144,-0.079648,0.051264,1.0000,1.0000,1.0000,0.0000,1.0000,9.8511,9.8050,60.9773,-5.1526,13.2142,,,
1786590732588949780,2026-08-13T10:12:12.588975,ground_truth,0.147806,0.134000,0.126090,True,,,,,,,,,-0.113383,0.487027,0.430054,-0.112295,0.489583,0.430996,-0.112295,0.489583,0.430996,0.029036,0.068273,0.025163,0.078342,0.027368,0.086754,0.031898,0.096399,1.538805,0.157303,-0.951144,-0.004118,-0.449455,-1.843372,0.160133,0.163621,0.308483,0.018756,0.342082,0.178021,-0.152740,-0.018900,0.292658,-0.076416,-0.078208,0.047712,1.0000,1.0000,1.0000,0.0000,1.0000,10.6809,10.5419,60.5168,-6.6832,13.7029,,,
1786590732621608557,2026-08-13T10:12:12.621627,ground_truth,0.148812,0.119000,0.129754,True,,,,,,,,,-0.111449,0.491695,0.432170,-0.111449,0.491695,0.432170,-0.111449,0.491695,0.432170,0.025698,0.064104,0.035625,0.077710,0.029058,0.070146,0.031792,0.082314,1.534545,0.161616,-0.942385,-0.004678,-0.458703,-1.838662,0.143988,0.145295,0.314156,0.018756,0.320696,0.158823,-0.145320,-0.027160,0.300958,-0.074464,-0.075136,0.048256,1.0000,2.0000,1.0000,0.0000,2.0000,10.9930,10.5060,59.8485,-6.3118,13.3673,,,
1786590732653184392,2026-08-13T10:12:12.653202,ground_truth,0.147337,0.141000,0.129541,True,,,,,,,,,-0.111449,0.491695,0.432170,-0.110940,0.493290,0.433587,-0.110940,0.493290,0.433587,0.015777,0.049449,0.043932,0.068001,0.029058,0.070146,0.031792,0.082314,1.529769,0.166307,-0.931077,-0.005228,-0.469547,-1.833423,0.122172,0.117370,0.312408,0.013517,0.285361,0.131766,-0.111160,-0.036260,0.299879,-0.077152,-0.066784,0.042304,1.0000,2.0000,1.0000,0.0000,2.0000,11.2210,10.6393,59.2595,-5.8537,12.8796,,,
1786590732683964802,2026-08-13T10:12:12.683984,ground_truth,0.147806,0.134000,0.129609,True,,,,,,,,,-0.110262,0.495209,0.434991,-0.110262,0.495209,0.434991,-0.110262,0.495209,0.434991,0.021230,0.060113,0.043963,0.077440,0.017747,0.052554,0.042183,0.069687,1.525947,0.170044,-0.919857,-0.005670,-0.479044,-1.829230,0.092934,0.091628,0.311977,0.010898,0.245208,0.102533,-0.111160,-0.058240,0.284939,-0.080256,-0.069184,0.040864,1.0000,2.0000,1.0000,0.0000,2.0000,11.5129,10.9050,59.0430,-4.5491,12.0175,,,
1786590732720540184,2026-08-13T10:12:12.720559,ground_truth,0.147806,0.134000,0.129609,True,,,,,,,,,-0.110262,0.495209,0.434991,-0.109653,0.497193,0.436161,-0.109653,0.497193,0.436161,0.019928,0.064921,0.038291,0.077962,0.017747,0.052554,0.042183,0.069687,1.523066,0.172827,-0.908808,-0.006004,-0.487128,-1.826050,0.068498,0.066754,0.304996,0.008289,0.207685,0.075477,-0.102200,-0.089180,0.292492,-0.077760,-0.062848,0.036576,1.0000,2.0000,1.0000,0.0000,2.0000,12.3735,11.8354,58.0080,-2.4578,11.4825,,,
1786590732751551363,2026-08-13T10:12:12.751567,ground_truth,0.150838,0.141000,0.129541,True,,,,,,,,,-0.109044,0.499190,0.437331,-0.109044,0.499190,0.437331,-0.109044,0.499190,0.437331,0.016532,0.054207,0.031764,0.064966,0.018410,0.060171,0.035374,0.072186,1.521772,0.174030,-0.902741,-0.006133,-0.491031,-1.824692,0.060207,0.055412,0.301063,0.005670,0.188487,0.061949,-0.079940,-0.082740,0.277884,-0.079584,-0.059680,0.035136,1.0000,2.0000,1.0000,0.0000,2.0000,12.8655,13.2215,56.9158,-1.7544,11.9038,,,
1786590732783270090,2026-08-13T10:12:12.783283,ground_truth,0.150357,0.148000,0.129473,True,,,,,,,,,-0.109044,0.499190,0.437331,-0.108670,0.501189,0.438260,-0.108670,0.501189,0.438260,0.011856,0.063369,0.029447,0.070876,0.018410,0.060171,0.035374,0.072186,1.519479,0.176127,-0.889708,-0.006317,-0.498619,-1.822288,0.048865,0.044069,0.291902,0.002609,0.164051,0.051040,-0.107520,-0.056980,0.288840,-0.084384,-0.061792,0.035072,1.0000,2.0000,1.0000,0.0000,2.0000,13.1140,14.4694,56.2472,-1.7718,12.4198,,,
1786590732817939911,2026-08-13T10:12:12.817956,ground_truth,0.149807,0.156000,0.129395,True,,,,,,,,,-0.108537,0.503189,0.439186,-0.108537,0.503189,0.439186,-0.108537,0.503189,0.439186,0.004226,0.063639,0.029473,0.070260,0.007561,0.059655,0.027675,0.066195,1.517734,0.177773,-0.879373,-0.006478,-0.504138,-1.820455,0.048865,0.047120,0.284482,0.005228,0.147914,0.051040,-0.129500,-0.045220,0.292492,-0.084832,-0.056768,0.039136,1.0000,2.0000,1.0000,0.0000,2.0000,13.3253,15.3337,55.5951,-3.1877,12.9154,,,
1786590732852060251,2026-08-13T10:12:12.852075,ground_truth,0.145862,0.163000,0.129327,True,,,,,,,,,-0.108537,0.503189,0.439186,-0.108331,0.505563,0.440106,-0.108331,0.505563,0.440106,0.005927,0.068261,0.026443,0.073444,0.007561,0.059655,0.027675,0.066195,1.516493,0.178989,-0.872614,-0.006619,-0.507523,-1.819151,0.052354,0.051923,0.278809,0.005670,0.140056,0.056721,-0.108500,-0.041440,0.293322,-0.085376,-0.063072,0.036960,1.0000,2.0000,1.0000,0.0000,2.0000,13.3560,16.0887,54.9521,-5.3375,13.3157,,,
1786590732886032226,2026-08-13T10:12:12.886048,ground_truth,0.149807,0.156000,0.129395,True,,,,,,,,,-0.107931,0.508011,0.440788,-0.107931,0.508011,0.440788,-0.107931,0.508011,0.440788,0.011946,0.073038,0.020362,0.076759,0.008941,0.071083,0.023617,0.075435,1.514971,0.180570,-0.864845,-0.006748,-0.511306,-1.817523,0.055412,0.058463,0.274883,0.002609,0.132208,0.059340,-0.125440,-0.029120,0.297970,-0.086432,-0.058336,0.037568,1.0000,2.0000,1.0000,0.0000,2.0000,13.6098,16.0774,55.0520,-4.9794,12.7539,,,
1786590732921461029,2026-08-13T10:12:12.921483,ground_truth,0.148365,0.177000,0.129191,True,,,,,,,,,-0.107931,0.508011,0.440788,-0.107725,0.510900,0.441470,-0.107725,0.510900,0.441470,0.005965,0.083639,0.019748,0.086146,0.008941,0.071083,0.023617,0.075435,1.511802,0.184046,-0.850725,-0.007039,-0.517763,-1.814139,0.065447,0.075045,0.267902,0.005228,0.121300,0.070249,-0.127960,-0.032480,0.303282,-0.088160,-0.054784,0.041184,1.0000,2.0000,1.0000,0.0000,2.0000,14.2930,16.9954,54.3504,-5.2584,12.5532,,,
1786590732952947791,2026-08-13T10:12:12.952969,ground_truth,0.148365,0.177000,0.129191,True,,,,,,,,,-0.107459,0.513825,0.441905,-0.107459,0.513825,0.441905,-0.107459,0.513825,0.441905,0.007547,0.083097,0.012358,0.084350,0.007198,0.088727,0.017049,0.090636,1.509887,0.186202,-0.843231,-0.007211,-0.520965,-1.812123,0.068498,0.079847,0.267902,0.005228,0.110391,0.075046,-0.138460,-0.018480,0.303531,-0.087392,-0.055392,0.041856,1.0000,2.0000,1.0000,0.0000,2.0000,14.7969,18.2234,52.1373,-8.7351,11.7822,,,
1786590732991380647,2026-08-13T10:12:12.991429,ground_truth,0.147403,0.191000,0.132480,True,,,,,,,,,-0.107459,0.513825,0.441905,-0.107226,0.517503,0.442343,-0.107226,0.517503,0.442343,0.007419,0.116851,0.013912,0.117910,0.007198,0.088727,0.017049,0.090636,1.507293,0.189233,-0.833625,-0.007481,-0.524856,-1.809310,0.071994,0.086388,0.265723,0.005670,0.107772,0.080716,-0.144760,-0.020720,0.302784,-0.085504,-0.056160,0.041632,1.0000,2.0000,1.0000,0.0000,2.0000,15.1163,19.2259,52.5916,-8.5741,11.1497,,,
1786590733023855931,2026-08-13T10:12:13.023880,ground_truth,0.147403,0.191000,0.132480,True,,,,,,,,,-0.106965,0.520959,0.443004,-0.106965,0.520959,0.443004,-0.106965,0.520959,0.443004,0.006740,0.089223,0.017056,0.091089,0.007461,0.107623,0.016573,0.109147,1.505784,0.191010,-0.828279,-0.007621,-0.526980,-1.807693,0.076790,0.089445,0.267902,0.008289,0.105152,0.078096,-0.114380,-0.039340,0.297970,-0.085504,-0.055840,0.041856,2.0000,2.0000,1.0000,0.0000,3.0000,15.7205,20.3873,51.2332,-11.6130,10.7506,,,
1786590733050601027,2026-08-13T10:12:13.050613,ground_truth,0.146922,0.198000,0.132400,True,,,,,,,,,-0.106965,0.520959,0.443004,-0.106667,0.525116,0.443661,-0.106667,0.525116,0.443661,0.009337,0.130421,0.020615,0.132370,0.007461,0.107623,0.016573,0.109147,1.502465,0.194911,-0.816635,-0.007923,-0.531572,-1.804136,0.075045,0.086388,0.263976,0.005228,0.102533,0.078096,-0.131040,-0.055160,0.288508,-0.085056,-0.055168,0.041248,2.0000,2.0000,1.0000,0.0000,3.0000,15.7776,20.1069,51.5059,-12.9216,11.5063,,,
1786590733087199609,2026-08-13T10:12:13.087219,ground_truth,0.146922,0.198000,0.135814,True,,,,,,,,,-0.106572,0.529415,0.444313,-0.106572,0.529415,0.444313,-0.106572,0.529415,0.444313,0.003451,0.156658,0.023759,0.158487,0.005856,0.126199,0.019537,0.127836,1.499479,0.198315,-0.806234,-0.008235,-0.535689,-1.801031,0.073301,0.082030,0.258742,0.007847,0.102533,0.075477,-0.132860,-0.059780,0.298717,-0.080544,-0.050816,0.039584,2.0000,2.0000,1.0000,0.0000,3.0000,16.0996,20.2896,51.2003,-14.2227,12.3305,,,
1786590733117273408,2026-08-13T10:12:13.117290,ground_truth,0.145961,0.212000,0.135631,True,,,,,,,,,-0.106572,0.529415,0.444313,-0.106513,0.534114,0.444961,-0.106513,0.534114,0.444961,0.001603,0.127824,0.017632,0.129045,0.005856,0.126199,0.019537,0.127836,1.497735,0.200256,-0.800048,-0.008408,-0.538158,-1.799231,0.071994,0.078103,0.258303,0.008289,0.105152,0.072857,-0.131040,-0.070280,0.296642,-0.081984,-0.050432,0.040128,2.0000,2.0000,1.0000,0.0000,3.0000,16.3683,20.4713,52.1896,-13.9141,12.5305,,,
1786590733154301334,2026-08-13T10:12:13.154328,ground_truth,0.146922,0.198000,0.139227,True,,,,,,,,,-0.106323,0.538894,0.445353,-0.106323,0.538894,0.445353,-0.106323,0.538894,0.445353,0.006462,0.162483,0.013318,0.163156,0.003718,0.141508,0.015526,0.142406,1.494853,0.203320,-0.789757,-0.008699,-0.542297,-1.796374,0.071994,0.073301,0.256563,0.008289,0.105152,0.070249,-0.119560,-0.069720,0.307432,-0.082656,-0.054720,0.040416,2.0000,2.0000,1.0000,0.0000,3.0000,16.8070,21.0765,51.8946,-13.3690,12.4966,,,
1786590733188609909,2026-08-13T10:12:13.188630,ground_truth,0.144106,0.239000,0.138625,True,,,,,,,,,-0.106323,0.538894,0.445353,-0.106295,0.543264,0.445999,-0.106295,0.543264,0.445999,0.000741,0.117133,0.017311,0.118407,0.003718,0.141508,0.015526,0.142406,1.493161,0.205090,-0.783527,-0.008893,-0.544830,-1.794714,0.068498,0.073738,0.260489,0.008289,0.105152,0.067629,-0.140420,-0.083580,0.297140,-0.080384,-0.051200,0.043264,2.0000,2.0000,1.0000,0.0000,3.0000,17.3784,21.9816,51.3192,-14.2452,12.9384,,,
1786590733221798618,2026-08-13T10:12:13.221825,ground_truth,0.139426,0.259000,0.141645,True,,,,,,,,,-0.106049,0.548297,0.446600,-0.106049,0.548297,0.446600,-0.106049,0.548297,0.446600,0.007252,0.147973,0.017670,0.149200,0.004154,0.142375,0.018879,0.143681,1.490953,0.207364,-0.775185,-0.009098,-0.548226,-1.792505,0.068498,0.070243,0.260050,0.005228,0.105152,0.070249,-0.145040,-0.063840,0.306768,-0.083552,-0.048480,0.039136,2.0000,2.0000,1.0000,0.0000,3.0000,17.9785,22.6708,49.9589,-14.8645,13.6988,,,
1786590733249852742,2026-08-13T10:12:13.249865,ground_truth,0.142108,0.219000,0.142297,True,,,,,,,,,-0.106049,0.548297,0.446600,-0.105490,0.554904,0.447402,-0.105490,0.554904,0.447402,0.016823,0.198942,0.024161,0.201109,0.004154,0.142375,0.018879,0.143681,1.488522,0.209860,-0.765794,-0.009324,-0.551923,-1.790058,0.065447,0.068498,0.260489,0.005670,0.099482,0.067188,-0.148680,-0.074900,0.316894,-0.085824,-0.053824,0.038464,2.0000,2.0000,2.0000,0.0000,3.0000,19.1246,24.3707,49.4651,-17.4676,16.0954,,,
1786590733288590654,2026-08-13T10:12:13.288606,ground_truth,0.136120,0.259000,0.141645,True,,,,,,,,,-0.104908,0.561826,0.448252,-0.104908,0.561826,0.448252,-0.104908,0.561826,0.448252,0.020875,0.248250,0.030503,0.250986,0.017073,0.202482,0.024738,0.204701,1.486660,0.211774,-0.758478,-0.009497,-0.554790,-1.788171,0.065447,0.068498,0.262229,0.005670,0.099914,0.067629,-0.133280,-0.074060,0.308511,-0.083552,-0.053888,0.038624,2.0000,2.0000,1.0000,0.0000,3.0000,19.3894,24.4239,50.8166,-17.1761,14.9970,,,
1786590733319478411,2026-08-13T10:12:13.319490,ground_truth,0.135270,0.272000,0.141432,True,,,,,,,,,-0.104908,0.561826,0.448252,-0.103959,0.569503,0.449064,-0.103959,0.569503,0.449064,0.024380,0.197212,0.020843,0.199803,0.017073,0.202482,0.024738,0.204701,1.484262,0.214251,-0.749065,-0.009691,-0.558628,-1.785660,0.068936,0.070243,0.260489,0.005670,0.107772,0.072857,-0.115220,-0.069720,0.306768,-0.083872,-0.056320,0.040256,2.0000,2.0000,2.0000,0.0000,3.0000,19.5999,24.4105,50.4975,-16.7680,15.6600,,,
1786590733358978806,2026-08-13T10:12:13.358993,ground_truth,0.136578,0.252000,0.145083,True,,,,,,,,,-0.102990,0.576959,0.449866,-0.102990,0.576959,0.449866,-0.102990,0.576959,0.449866,0.031434,0.241816,0.026028,0.245236,0.028749,0.226796,0.024187,0.229887,1.484262,0.214251,-0.749065,-0.009691,-0.558628,-1.785660,0.068936,0.070243,0.260489,0.005670,0.107772,0.072857,-0.115220,-0.069720,0.306768,-0.083872,-0.056320,0.040256,2.0000,2.0000,2.0000,0.0000,3.0000,20.2496,24.7578,50.2331,-17.3076,17.3032,,,
1786590733387053923,2026-08-13T10:12:13.387082,ground_truth,0.135662,0.266000,0.144831,True,,,,,,,,,-0.102990,0.576959,0.449866,-0.102371,0.583943,0.450917,-0.102371,0.583943,0.450917,0.015584,0.175856,0.026446,0.178515,0.028749,0.226796,0.024187,0.229887,1.484262,0.214251,-0.749065,-0.009691,-0.558628,-1.785660,0.068936,0.070243,0.260489,0.005670,0.107772,0.072857,-0.115220,-0.069720,0.306768,-0.083872,-0.056320,0.040256,2.0000,2.0000,2.0000,0.0000,3.0000,21.0105,25.1342,50.6354,-16.2402,16.1136,,,
1786590733419627245,2026-08-13T10:12:13.419651,ground_truth,0.135270,0.272000,0.144723,True,,,,,,,,,-0.101428,0.591207,0.451946,-0.101428,0.591207,0.451946,-0.101428,0.591207,0.451946,0.034087,0.262557,0.037198,0.267360,0.023436,0.213779,0.031200,0.217311,1.484262,0.214251,-0.749065,-0.009691,-0.558628,-1.785660,0.068936,0.070243,0.260489,0.005670,0.107772,0.072857,-0.115220,-0.069720,0.306768,-0.083872,-0.056320,0.040256,2.0000,2.0000,1.0000,0.0000,3.0000,20.8557,24.7304,51.1456,-14.3459,14.9166,,,
1786590733462735941,2026-08-13T10:12:13.462750,ground_truth,0.135662,0.266000,0.148132,True,,,,,,,,,-0.100555,0.598153,0.452981,-0.100555,0.598153,0.452981,-0.100555,0.598153,0.452981,0.026628,0.211870,0.031584,0.215860,0.013005,0.103479,0.015426,0.105428,1.474880,0.224097,-0.713629,-0.010219,-0.576252,-1.775171,0.057156,0.058463,0.208124,0.000000,0.124350,0.064568,-0.128240,-0.104160,0.284773,-0.089824,-0.055328,0.038240,2.0000,2.0000,1.0000,0.0000,3.0000,20.8557,24.7304,51.1456,-14.3459,14.9166,,,
1786590733497180310,2026-08-13T10:12:13.497200,ground_truth,0.134028,0.291000,0.147641,True,,,,,,,,,-0.100555,0.598153,0.452981,-0.099708,0.604289,0.454244,-0.099708,0.604289,0.454244,0.019604,0.142045,0.029232,0.146341,0.013005,0.103479,0.015426,0.105428,1.472829,0.226181,-0.706350,-0.010348,-0.580887,-1.772908,0.054105,0.057156,0.197216,0.003051,0.131766,0.061949,-0.106260,-0.117180,0.287180,-0.086784,-0.055616,0.036416,2.0000,2.0000,2.0000,0.0000,3.0000,21.0154,25.0099,49.9717,-14.6472,15.6571,,,
1786590733529646688,2026-08-13T10:12:13.529657,ground_truth,0.135270,0.272000,0.151305,True,,,,,,,,,-0.098816,0.610582,0.455255,-0.098816,0.610582,0.455255,-0.098816,0.610582,0.455255,0.026051,0.183874,0.029529,0.188043,0.026223,0.187480,0.034291,0.192385,1.472182,0.226834,-0.704016,-0.010380,-0.582504,-1.772186,0.053667,0.054105,0.193291,0.002609,0.137436,0.061949,-0.109060,-0.116760,0.284773,-0.088768,-0.054880,0.035072,2.0000,2.0000,2.0000,0.0000,3.0000,20.7952,24.5211,49.5820,-14.1684,15.4072,,,
1786590733559648778,2026-08-13T10:12:13.559667,ground_truth,0.130328,0.298000,0.150752,True,,,,,,,,,-0.098816,0.610582,0.455255,-0.098007,0.616161,0.456510,-0.098007,0.616161,0.456510,0.024776,0.170874,0.038440,0.176889,0.026223,0.187480,0.034291,0.192385,1.472182,0.226834,-0.704016,-0.010380,-0.582504,-1.772186,0.053667,0.054105,0.193291,0.002609,0.137436,0.061949,-0.109060,-0.116760,0.284773,-0.088768,-0.054880,0.035072,2.0000,2.0000,2.0000,0.0000,3.0000,21.3554,24.5183,49.0014,-13.2873,15.2014,,,
1786590733594065086,2026-08-13T10:12:13.594085,ground_truth,0.126714,0.304000,0.150624,True,,,,,,,,,-0.098816,0.610582,0.455255,-0.096901,0.622610,0.457733,-0.096901,0.622610,0.457733,0.036872,0.214946,0.040777,0.221865,0.026223,0.187480,0.034291,0.192385,1.472182,0.226834,-0.704016,-0.010380,-0.582504,-1.772186,0.053667,0.054105,0.193291,0.002609,0.137436,0.061949,-0.109060,-0.116760,0.284773,-0.088768,-0.054880,0.035072,2.0000,2.0000,2.0000,0.0000,3.0000,21.8590,24.8690,48.2207,-12.7441,15.5544,,,
1786590733637129561,2026-08-13T10:12:13.637150,ground_truth,0.123119,0.310000,0.150497,True,,,,,,,,,-0.096901,0.622610,0.457733,-0.095554,0.629233,0.458721,-0.095554,0.629233,0.458721,0.038914,0.191305,0.028520,0.197295,0.028534,0.179203,0.036926,0.185179,1.472182,0.226834,-0.704016,-0.010380,-0.582504,-1.772186,0.053667,0.054105,0.193291,0.002609,0.137436,0.061949,-0.109060,-0.116760,0.284773,-0.088768,-0.054880,0.035072,2.0000,2.0000,1.0000,0.0000,3.0000,22.1015,25.0301,47.5726,-12.8816,14.7906,,,
1786590733672400782,2026-08-13T10:12:13.672427,ground_truth,0.119897,0.310000,0.150497,True,,,,,,,,,-0.094031,0.636211,0.459712,-0.094031,0.636211,0.459712,-0.094031,0.636211,0.459712,0.035544,0.162878,0.023132,0.168308,0.043285,0.205131,0.029838,0.211761,1.465557,0.232486,-0.678320,-0.010725,-0.602467,-1.765093,0.032720,0.022685,0.147037,0.002609,0.123908,0.035335,-0.102200,-0.146300,0.285105,-0.092672,-0.054784,0.031072,2.0000,2.0000,2.0000,0.0000,3.0000,22.3192,25.2805,46.4056,-12.8533,15.2609,,,
1786590733712974168,2026-08-13T10:12:13.712989,ground_truth,0.116675,0.310000,0.150497,True,,,,,,,,,-0.094031,0.636211,0.459712,-0.092229,0.643580,0.460463,-0.092229,0.643580,0.460463,0.051155,0.209227,0.021332,0.216443,0.043285,0.205131,0.029838,0.211761,1.465557,0.232486,-0.678320,-0.010725,-0.602467,-1.765093,0.032720,0.022685,0.147037,0.002609,0.123908,0.035335,-0.102200,-0.146300,0.285105,-0.092672,-0.054784,0.031072,2.0000,2.0000,2.0000,0.0000,3.0000,22.5378,25.1902,46.2175,-12.2054,16.0634,,,
1786590733746373723,2026-08-13T10:12:13.746391,ground_truth,0.112066,0.335000,0.149965,True,,,,,,,,,-0.090401,0.650281,0.461254,-0.090401,0.650281,0.461254,-0.090401,0.650281,0.461254,0.045508,0.166743,0.019695,0.173960,0.054069,0.209541,0.022977,0.217621,1.465557,0.232486,-0.678320,-0.010725,-0.602467,-1.765093,0.032720,0.022685,0.147037,0.002609,0.123908,0.035335,-0.102200,-0.146300,0.285105,-0.092672,-0.054784,0.031072,2.0000,2.0000,2.0000,0.0000,3.0000,22.7448,25.3008,45.9578,-11.9973,16.3364,,,
1786590733782485511,2026-08-13T10:12:13.782503,ground_truth,0.105391,0.341000,0.149837,True,,,,,,,,,-0.090401,0.650281,0.461254,-0.088577,0.655407,0.461809,-0.088577,0.655407,0.461809,0.053727,0.151009,0.016338,0.161113,0.054069,0.209541,0.022977,0.217621,1.465557,0.232486,-0.678320,-0.010725,-0.602467,-1.765093,0.032720,0.022685,0.147037,0.002609,0.123908,0.035335,-0.102200,-0.146300,0.285105,-0.092672,-0.054784,0.031072,2.0000,2.0000,2.0000,0.0000,3.0000,22.6062,24.9164,46.0229,-12.0087,16.2387,,,
1786590733816197732,2026-08-13T10:12:13.816217,ground_truth,0.102220,0.341000,0.149837,True,,,,,,,,,-0.086129,0.661553,0.462312,-0.086129,0.661553,0.462312,-0.086129,0.661553,0.462312,0.068316,0.171513,0.014029,0.185151,0.064719,0.170775,0.016019,0.183328,1.462212,0.235400,-0.658201,-0.010822,-0.619596,-1.761837,0.013087,0.027925,0.137438,0.000000,0.107772,0.013517,-0.085540,-0.106820,0.290749,-0.091904,-0.055552,0.031840,2.0000,2.0000,2.0000,0.0000,3.0000,22.5350,24.9013,45.3805,-13.4160,17.5762,,,
1786590733847400915,2026-08-13T10:12:13.847419,ground_truth,0.098463,0.353000,0.149582,True,,,,,,,,,-0.086129,0.661553,0.462312,-0.083869,0.667155,0.462858,-0.083869,0.667155,0.462858,0.066349,0.164477,0.016035,0.178079,0.064719,0.170775,0.016019,0.183328,1.461872,0.236386,-0.653665,-0.010833,-0.623088,-1.761557,0.008285,0.034465,0.144858,0.000000,0.110822,0.008289,-0.091420,-0.100660,0.295729,-0.089728,-0.050944,0.032000,2.0000,2.0000,2.0000,0.0000,3.0000,22.6116,25.1615,46.3055,-14.1203,17.8124,,,
1786590733878657775,2026-08-13T10:12:13.878680,ground_truth,0.095028,0.359000,0.149454,True,,,,,,,,,-0.081415,0.672649,0.463401,-0.081415,0.672649,0.463401,-0.081415,0.672649,0.463401,0.080111,0.179360,0.017737,0.197237,0.070437,0.165807,0.016280,0.180882,1.461643,0.237674,-0.648959,-0.010833,-0.626484,-1.761417,0.005233,0.044069,0.150531,0.000000,0.102533,0.002609,-0.085540,-0.086800,0.294235,-0.083872,-0.049664,0.031296,2.0000,2.0000,2.0000,0.0000,3.0000,22.5528,25.0544,46.4116,-14.2033,17.7536,,,
1786590733923383315,2026-08-13T10:12:13.923410,ground_truth,0.095312,0.353000,0.149582,True,,,,,,,,,-0.081415,0.672649,0.463401,-0.078645,0.678761,0.463693,-0.078645,0.678761,0.463693,0.086920,0.191794,0.009145,0.210769,0.070437,0.165807,0.016280,0.180882,1.461643,0.237674,-0.648959,-0.010833,-0.626484,-1.761417,0.005233,0.044069,0.150531,0.000000,0.102533,0.002609,-0.085540,-0.086800,0.294235,-0.083872,-0.049664,0.031296,2.0000,2.0000,2.0000,0.0000,3.0000,22.4439,24.8364,47.1625,-12.0165,16.8477,,,
1786590733963528741,2026-08-13T10:12:13.963557,ground_truth,0.088262,0.370000,0.149220,True,,,,,,,,,-0.075955,0.684624,0.464009,-0.075955,0.684624,0.464009,-0.075955,0.684624,0.464009,0.060083,0.130940,0.007074,0.144240,0.082260,0.180407,0.009162,0.198487,1.461643,0.237674,-0.648959,-0.010833,-0.626484,-1.761417,0.005233,0.044069,0.150531,0.000000,0.102533,0.002609,-0.085540,-0.086800,0.294235,-0.083872,-0.049664,0.031296,2.0000,2.0000,2.0000,0.0000,3.0000,22.4180,24.7982,47.1473,-11.2642,16.9891,,,
1786590733993489969,2026-08-13T10:12:13.993519,ground_truth,0.088262,0.370000,0.149220,True,,,,,,,,,-0.075955,0.684624,0.464009,-0.072821,0.690756,0.464309,-0.072821,0.690756,0.464309,0.076935,0.150552,0.007360,0.169231,0.082260,0.180407,0.009162,0.198487,1.461643,0.237674,-0.648959,-0.010833,-0.626484,-1.761417,0.005233,0.044069,0.150531,0.000000,0.102533,0.002609,-0.085540,-0.086800,0.294235,-0.083872,-0.049664,0.031296,2.0000,2.0000,2.0000,0.0000,3.0000,22.3762,24.7630,46.8302,-10.6691,17.0734,,,
1786590734027245780,2026-08-13T10:12:14.027267,ground_truth,0.084632,0.382000,0.148965,True,,,,,,,,,-0.072821,0.690756,0.464309,-0.069661,0.697529,0.464382,-0.069661,0.697529,0.464382,0.107259,0.229900,0.002462,0.253701,0.045451,0.088942,0.004348,0.099977,1.461643,0.237674,-0.648959,-0.010833,-0.626484,-1.761417,0.005233,0.044069,0.150531,0.000000,0.102533,0.002609,-0.085540,-0.086800,0.294235,-0.083872,-0.049664,0.031296,2.0000,2.0000,2.0000,0.0000,3.0000,22.1218,24.4873,47.2527,-10.4564,16.4245,,,
1786590734061525935,2026-08-13T10:12:14.061545,ground_truth,0.081528,0.382000,0.148965,True,,,,,,,,,-0.072821,0.690756,0.464309,-0.066368,0.704111,0.464470,-0.066368,0.704111,0.464470,0.098429,0.196714,0.002637,0.219981,0.045451,0.088942,0.004348,0.099977,1.462408,0.253158,-0.612690,-0.010628,-0.647191,-1.762764,0.014394,0.112568,0.226890,0.005228,0.113000,0.016137,0.093240,-0.083020,0.330340,-0.009856,-0.057216,-0.030624,2.0000,2.0000,2.0000,0.0000,3.0000,22.1036,24.4987,47.1698,-10.3127,15.7357,,,
1786590734095089527,2026-08-13T10:12:14.095107,ground_truth,0.081528,0.382000,0.148965,True,,,,,,,,,-0.066368,0.704111,0.464470,-0.062785,0.711293,0.464314,-0.062785,0.711293,0.464314,0.105970,0.212455,-0.004615,0.237462,0.098578,0.204004,0.002456,0.226586,1.462408,0.253158,-0.612690,-0.010628,-0.647191,-1.762764,0.014394,0.112568,0.226890,0.005228,0.113000,0.016137,0.093240,-0.083020,0.330340,-0.009856,-0.057216,-0.030624,2.0000,2.0000,2.0000,0.0000,3.0000,21.8873,24.2165,48.3850,-8.7102,16.4759,,,
1786590734126803953,2026-08-13T10:12:14.126822,ground_truth,0.077957,0.394000,0.148710,True,,,,,,,,,-0.066368,0.704111,0.464470,-0.059532,0.717583,0.464195,-0.059532,0.717583,0.464195,0.096953,0.187449,-0.003551,0.211068,0.098578,0.204004,0.002456,0.226586,1.462408,0.253158,-0.612690,-0.010628,-0.647191,-1.762764,0.014394,0.112568,0.226890,0.005228,0.113000,0.016137,0.093240,-0.083020,0.330340,-0.009856,-0.057216,-0.030624,2.0000,2.0000,2.0000,0.0000,3.0000,21.7532,23.8197,48.8122,-8.1658,17.2833,,,
1786590734158770240,2026-08-13T10:12:14.158804,ground_truth,0.074463,0.405000,0.145404,True,,,,,,,,,-0.059532,0.717583,0.464195,-0.056282,0.723321,0.464067,-0.056282,0.723321,0.464067,0.101712,0.179552,-0.003994,0.206398,0.103017,0.203030,-0.004147,0.227708,1.462408,0.253158,-0.612690,-0.010628,-0.647191,-1.762764,0.014394,0.112568,0.226890,0.005228,0.113000,0.016137,0.093240,-0.083020,0.330340,-0.009856,-0.057216,-0.030624,2.0000,2.0000,2.0000,0.0000,3.0000,21.7532,23.8197,48.8122,-8.1658,17.2833,,,
1786590734192461694,2026-08-13T10:12:14.192479,ground_truth,0.074052,0.416000,0.145188,True,,,,,,,,,-0.059532,0.717583,0.464195,-0.053038,0.729269,0.463728,-0.053038,0.729269,0.463728,0.099937,0.183238,-0.010459,0.208981,0.103017,0.203030,-0.004147,0.227708,1.462636,0.254994,-0.609003,-0.010521,-0.649045,-1.763045,0.014394,0.115626,0.232563,0.005670,0.116061,0.018756,0.097300,-0.073780,0.332000,-0.010688,-0.056384,-0.029440,2.0000,2.0000,2.0000,0.0000,3.0000,20.5473,22.2533,50.1721,-10.0178,16.3428,,,
1786590734226409420,2026-08-13T10:12:14.226429,ground_truth,0.070612,0.427000,0.144973,True,,,,,,,,,-0.049982,0.735525,0.463374,-0.049982,0.735525,0.463374,-0.049982,0.735525,0.463374,0.091551,0.187399,-0.010600,0.208836,0.144388,0.271247,-0.012412,0.307534,1.462636,0.254994,-0.609003,-0.010521,-0.649045,-1.763045,0.014394,0.115626,0.232563,0.005670,0.116061,0.018756,0.097300,-0.073780,0.332000,-0.010688,-0.056384,-0.029440,2.0000,2.0000,2.0000,0.0000,3.0000,20.1785,21.8071,50.4955,-10.3767,16.2349,,,
1786590734259893344,2026-08-13T10:12:14.259911,ground_truth,0.070397,0.433000,0.144855,True,,,,,,,,,-0.049982,0.735525,0.463374,-0.046911,0.742430,0.463005,-0.046911,0.742430,0.463005,0.089782,0.201864,-0.010767,0.221192,0.144388,0.271247,-0.012412,0.307534,1.462636,0.254994,-0.609003,-0.010521,-0.649045,-1.763045,0.014394,0.115626,0.232563,0.005670,0.116061,0.018756,0.097300,-0.073780,0.332000,-0.010688,-0.056384,-0.029440,2.0000,2.0000,2.0000,0.0000,3.0000,19.9178,21.4852,50.7409,-9.9423,15.8677,,,
1786590734290446455,2026-08-13T10:12:14.290468,ground_truth,0.066833,0.449000,0.144541,True,,,,,,,,,-0.046911,0.742430,0.463005,-0.044133,0.750051,0.462665,-0.044133,0.750051,0.462665,0.083387,0.228764,-0.010226,0.243703,0.045535,0.102379,-0.005461,0.112182,1.462636,0.254994,-0.609003,-0.010521,-0.649045,-1.763045,0.014394,0.115626,0.232563,0.005670,0.116061,0.018756,0.097300,-0.073780,0.332000,-0.010688,-0.056384,-0.029440,2.0000,2.0000,1.0000,0.0000,3.0000,20.0196,21.4311,50.2086,-8.9040,14.9116,,,
1786590734324589833,2026-08-13T10:12:14.324609,ground_truth,0.063322,0.465000,0.141255,True,,,,,,,,,-0.046911,0.742430,0.463005,-0.041562,0.756801,0.462312,-0.041562,0.756801,0.462312,0.084360,0.221550,-0.011588,0.237351,0.045535,0.102379,-0.005461,0.112182,1.464760,0.271596,-0.576110,-0.009960,-0.665311,-1.765524,0.016138,0.150528,0.295397,0.002609,0.140056,0.021375,0.087640,-0.050120,0.351505,-0.012640,-0.061280,-0.033280,2.0000,2.0000,2.0000,0.0000,3.0000,20.1685,22.0325,47.8471,-10.6030,15.0552,,,
1786590734357435198,2026-08-13T10:12:14.357453,ground_truth,0.063484,0.460000,0.141345,True,,,,,,,,,-0.038969,0.763912,0.461740,-0.038969,0.763912,0.461740,-0.038969,0.763912,0.461740,0.076200,0.208926,-0.016812,0.223023,0.121105,0.327584,-0.019304,0.349786,1.464760,0.271596,-0.576110,-0.009960,-0.665311,-1.765524,0.016138,0.150528,0.295397,0.002609,0.140056,0.021375,0.087640,-0.050120,0.351505,-0.012640,-0.061280,-0.033280,2.0000,2.0000,2.0000,0.0000,3.0000,20.2008,22.1868,48.0220,-10.7716,15.3640,,,
1786590734389454442,2026-08-13T10:12:14.389475,ground_truth,0.060048,0.475000,0.141075,True,,,,,,,,,-0.038969,0.763912,0.461740,-0.036637,0.771680,0.461190,-0.036637,0.771680,0.461190,0.070208,0.233894,-0.016533,0.244763,0.121105,0.327584,-0.019304,0.349786,1.464760,0.271596,-0.576110,-0.009960,-0.665311,-1.765524,0.016138,0.150528,0.295397,0.002609,0.140056,0.021375,0.087640,-0.050120,0.351505,-0.012640,-0.061280,-0.033280,2.0000,2.0000,2.0000,0.0000,3.0000,20.0706,21.9425,49.1632,-9.2654,16.7245,,,
1786590734424615472,2026-08-13T10:12:14.424630,ground_truth,0.059863,0.481000,0.140967,True,,,,,,,,,-0.034305,0.779207,0.460632,-0.034305,0.779207,0.460632,-0.034305,0.779207,0.460632,0.072600,0.234331,-0.017390,0.245935,0.070071,0.229804,-0.016643,0.240826,1.464760,0.271596,-0.576110,-0.009960,-0.665311,-1.765524,0.016138,0.150528,0.295397,0.002609,0.140056,0.021375,0.087640,-0.050120,0.351505,-0.012640,-0.061280,-0.033280,2.0000,2.0000,2.0000,0.0000,3.0000,19.9359,21.5579,49.6336,-8.6897,16.9756,,,
1786590734453091751,2026-08-13T10:12:14.453104,ground_truth,0.059863,0.481000,0.140967,True,,,,,,,,,-0.034305,0.779207,0.460632,-0.031942,0.787219,0.460057,-0.031942,0.787219,0.460057,0.067754,0.229707,-0.016465,0.240057,0.070071,0.229804,-0.016643,0.240826,1.466079,0.291145,-0.538034,-0.009594,-0.683689,-1.767141,0.004796,0.158388,0.312408,0.002609,0.145726,0.005670,0.065940,-0.106820,0.359390,-0.009408,-0.062016,-0.028064,2.0000,2.0000,2.0000,0.0000,3.0000,19.7562,21.0876,51.1922,-6.1462,17.2662,,,
1786590734486960863,2026-08-13T10:12:14.486976,ground_truth,0.059555,0.491000,0.140788,True,,,,,,,,,-0.030048,0.795329,0.459507,-0.030048,0.795329,0.459507,-0.030048,0.795329,0.459507,0.066341,0.284143,-0.019279,0.292421,0.063359,0.239966,-0.016738,0.248754,1.466079,0.291145,-0.538034,-0.009594,-0.683689,-1.767141,0.004796,0.158388,0.312408,0.002609,0.145726,0.005670,0.065940,-0.106820,0.359390,-0.009408,-0.062016,-0.028064,2.0000,2.0000,2.0000,0.0000,3.0000,19.7396,20.7953,51.4823,-5.6314,16.8272,,,
1786590734524825350,2026-08-13T10:12:14.524839,ground_truth,0.056632,0.491000,0.140788,True,,,,,,,,,-0.030048,0.795329,0.459507,-0.028135,0.802870,0.458945,-0.028135,0.802870,0.458945,0.056607,0.223074,-0.016628,0.230744,0.063359,0.239966,-0.016738,0.248754,1.466079,0.291145,-0.538034,-0.009594,-0.683689,-1.767141,0.004796,0.158388,0.312408,0.002609,0.145726,0.005670,0.065940,-0.106820,0.359390,-0.009408,-0.062016,-0.028064,2.0000,2.0000,2.0000,0.0000,3.0000,19.6969,20.4925,52.4355,-4.1912,16.6861,,,
1786590734557063648,2026-08-13T10:12:14.557076,ground_truth,0.056486,0.496000,0.140698,True,,,,,,,,,-0.026268,0.810832,0.458400,-0.026268,0.810832,0.458400,-0.026268,0.810832,0.458400,0.049321,0.210365,-0.014404,0.216549,0.057075,0.234064,-0.016718,0.241501,1.466079,0.291145,-0.538034,-0.009594,-0.683689,-1.767141,0.004796,0.158388,0.312408,0.002609,0.145726,0.005670,0.065940,-0.106820,0.359390,-0.009408,-0.062016,-0.028064,2.0000,2.0000,2.0000,0.0000,3.0000,20.0055,20.1342,52.3024,-3.4715,16.4069,,,
1786590734585361668,2026-08-13T10:12:14.585374,ground_truth,0.053434,0.501000,0.140608,True,,,,,,,,,-0.026268,0.810832,0.458400,-0.024599,0.818238,0.457849,-0.024599,0.818238,0.457849,0.051923,0.230329,-0.017142,0.236731,0.057075,0.234064,-0.016718,0.241501,1.466119,0.311935,-0.496628,-0.009335,-0.704440,-1.767335,0.003051,0.151841,0.306304,0.002609,0.159254,0.000000,-0.070000,-0.133280,0.355738,-0.010752,-0.056000,-0.017664,1.0000,2.0000,2.0000,0.0000,2.0000,20.1494,19.5940,53.1097,-2.0342,16.5305,,,
1786590734618680355,2026-08-13T10:12:14.618698,ground_truth,0.053296,0.506000,0.140518,True,,,,,,,,,-0.022726,0.825799,0.457292,-0.022726,0.825799,0.457292,-0.022726,0.825799,0.457292,0.066231,0.267372,-0.019701,0.276156,0.053166,0.224626,-0.016633,0.231430,1.466119,0.311935,-0.496628,-0.009335,-0.704440,-1.767335,0.003051,0.151841,0.306304,0.002609,0.159254,0.000000,-0.070000,-0.133280,0.355738,-0.010752,-0.056000,-0.017664,1.0000,2.0000,2.0000,0.0000,2.0000,20.1494,19.5940,53.1097,-2.0342,16.5305,,,
1786590734651896534,2026-08-13T10:12:14.651909,ground_truth,0.050010,0.521000,0.137369,True,,,,,,,,,-0.022726,0.825799,0.457292,-0.021082,0.833658,0.456746,-0.021082,0.833658,0.456746,0.048628,0.232453,-0.016153,0.238033,0.053166,0.224626,-0.016633,0.231430,1.466119,0.311935,-0.496628,-0.009335,-0.704440,-1.767335,0.003051,0.151841,0.306304,0.002609,0.159254,0.000000,-0.070000,-0.133280,0.355738,-0.010752,-0.056000,-0.017664,1.0000,2.0000,2.0000,0.0000,2.0000,19.7180,18.9666,52.9017,-3.1821,16.5383,,,
1786590734684924792,2026-08-13T10:12:14.684939,ground_truth,0.050010,0.521000,0.137369,True,,,,,,,,,-0.019451,0.841203,0.456210,-0.019451,0.841203,0.456210,-0.019451,0.841203,0.456210,0.049900,0.230960,-0.016398,0.236858,0.049121,0.231098,-0.016230,0.236818,1.466119,0.311935,-0.496628,-0.009335,-0.704440,-1.767335,0.003051,0.151841,0.306304,0.002609,0.159254,0.000000,-0.070000,-0.133280,0.355738,-0.010752,-0.056000,-0.017664,1.0000,2.0000,2.0000,0.0000,2.0000,19.6084,18.9733,52.6874,-3.6547,16.7056,,,
1786590734717844986,2026-08-13T10:12:14.717857,ground_truth,0.046895,0.531000,0.137206,True,,,,,,,,,-0.019451,0.841203,0.456210,-0.017849,0.848899,0.455689,-0.017849,0.848899,0.455689,0.048486,0.232811,-0.015771,0.238328,0.049121,0.231098,-0.016230,0.236818,1.465322,0.330059,-0.458568,-0.009195,-0.724112,-1.766796,0.009598,0.153586,0.325063,0.002609,0.178021,0.008289,-0.101360,-0.118300,0.356817,-0.012640,-0.059168,0.029344,1.0000,2.0000,2.0000,0.0000,2.0000,19.5711,18.6444,53.0557,-3.6200,16.7096,,,
1786590734753331630,2026-08-13T10:12:14.753351,ground_truth,0.046774,0.536000,0.134269,True,,,,,,,,,-0.016268,0.856038,0.455171,-0.016268,0.856038,0.455171,-0.016268,0.856038,0.455171,0.047916,0.216349,-0.015692,0.222146,0.047750,0.222483,-0.015584,0.228082,1.462283,0.355560,-0.403808,-0.009141,-0.753238,-1.763810,0.026174,0.145295,0.306736,0.000000,0.164492,0.027045,-0.108780,-0.155540,0.361465,-0.018144,-0.063520,0.033408,1.0000,2.0000,2.0000,0.0000,2.0000,20.0277,19.0745,52.4864,-3.2639,17.2470,,,
1786590734788063541,2026-08-13T10:12:14.788088,ground_truth,0.043812,0.541000,0.134196,True,,,,,,,,,-0.016268,0.856038,0.455171,-0.014693,0.863012,0.454465,-0.014693,0.863012,0.454465,0.043955,0.194658,-0.019696,0.200528,0.047750,0.222483,-0.015584,0.228082,1.461480,0.359624,-0.395332,-0.009141,-0.757851,-1.763045,0.030976,0.143988,0.299323,0.000000,0.164051,0.029665,-0.131740,-0.167580,0.338723,-0.023392,-0.064128,0.032960,1.0000,2.0000,2.0000,0.0000,2.0000,20.0135,18.8560,52.5194,-3.3204,16.7338,,,
1786590734821222375,2026-08-13T10:12:14.821242,ground_truth,0.043924,0.536000,0.134269,True,,,,,,,,,-0.013158,0.869900,0.453775,-0.013158,0.869900,0.453775,-0.013158,0.869900,0.453775,0.044483,0.199647,-0.019989,0.205517,0.046367,0.206704,-0.020806,0.212860,1.461480,0.359624,-0.395332,-0.009141,-0.757851,-1.763045,0.030976,0.143988,0.299323,0.000000,0.164051,0.029665,-0.131740,-0.167580,0.338723,-0.023392,-0.064128,0.032960,1.0000,2.0000,2.0000,0.0000,2.0000,20.0349,18.7723,52.3056,-3.5356,16.9521,,,
1786590734852743401,2026-08-13T10:12:14.852760,ground_truth,0.040971,0.541000,0.134196,True,,,,,,,,,-0.013158,0.869900,0.453775,-0.011865,0.875918,0.453310,-0.011865,0.875918,0.453310,0.039217,0.182496,-0.014123,0.187196,0.046367,0.206704,-0.020806,0.212860,1.461480,0.359624,-0.395332,-0.009141,-0.757851,-1.763045,0.030976,0.143988,0.299323,0.000000,0.164051,0.029665,-0.131740,-0.167580,0.338723,-0.023392,-0.064128,0.032960,1.0000,2.0000,2.0000,0.0000,2.0000,20.1482,18.9097,52.1301,-3.2902,16.7916,,,
1786590734888223970,2026-08-13T10:12:14.888238,ground_truth,0.040887,0.545000,0.134137,True,,,,,,,,,-0.010364,0.881442,0.452833,-0.010364,0.881442,0.452833,-0.010364,0.881442,0.452833,0.047784,0.175858,-0.015173,0.182865,0.041345,0.170783,-0.013944,0.176269,1.461480,0.359624,-0.395332,-0.009141,-0.757851,-1.763045,0.030976,0.143988,0.299323,0.000000,0.164051,0.029665,-0.131740,-0.167580,0.338723,-0.023392,-0.064128,0.032960,1.0000,2.0000,2.0000,0.0000,2.0000,20.1761,18.7846,51.9103,-3.9205,16.7278,,,
1786590734925246095,2026-08-13T10:12:14.925259,ground_truth,0.040783,0.550000,0.134064,True,,,,,,,,,-0.010364,0.881442,0.452833,-0.009086,0.886600,0.452371,-0.009086,0.886600,0.452371,0.036273,0.146472,-0.013134,0.151467,0.041345,0.170783,-0.013944,0.176269,1.455593,0.380022,-0.354008,-0.009238,-0.779248,-1.757450,0.048865,0.143988,0.286229,0.002609,0.140056,0.054101,-0.137620,-0.161140,0.335652,-0.090112,-0.062464,0.036576,1.0000,2.0000,2.0000,0.0000,2.0000,20.0429,18.6688,52.1525,-4.3555,16.7504,,,
1786590734953627140,2026-08-13T10:12:14.953651,ground_truth,0.037765,0.560000,0.131102,True,,,,,,,,,-0.007814,0.891365,0.451910,-0.007814,0.891365,0.451910,-0.007814,0.891365,0.451910,0.033595,0.125846,-0.012155,0.130819,0.038874,0.151309,-0.014070,0.156855,1.453907,0.384680,-0.344937,-0.009324,-0.783808,-1.755704,0.055412,0.145295,0.280556,0.002609,0.142675,0.053659,-0.135660,-0.161420,0.360386,-0.101408,-0.054880,0.036576,1.0000,2.0000,2.0000,0.0000,2.0000,20.0279,18.6631,51.9703,-4.2995,15.7928,,,
1786590734987598716,2026-08-13T10:12:14.987623,ground_truth,0.034955,0.560000,0.131102,True,,,,,,,,,-0.007814,0.891365,0.451910,-0.006341,0.895998,0.451253,-0.006341,0.895998,0.451253,0.052512,0.165137,-0.023442,0.174863,0.038874,0.151309,-0.014070,0.156855,1.452561,0.388162,-0.338238,-0.009497,-0.787182,-1.754335,0.057156,0.143550,0.278809,0.008289,0.137436,0.059340,-0.122360,-0.189000,0.345280,-0.093280,-0.058496,0.036864,1.0000,2.0000,2.0000,0.0000,2.0000,20.8001,18.8709,51.4570,-4.5538,16.0248,,,
1786590735021706569,2026-08-13T10:12:15.021723,ground_truth,0.032065,0.565000,0.131037,True,,,,,,,,,-0.004701,0.901138,0.450607,-0.004701,0.901138,0.450607,-0.004701,0.901138,0.450607,0.048073,0.150662,-0.018927,0.159274,0.046425,0.145732,-0.019436,0.154177,1.452561,0.388162,-0.338238,-0.009497,-0.787182,-1.754335,0.057156,0.143550,0.278809,0.008289,0.137436,0.059340,-0.122360,-0.189000,0.345280,-0.093280,-0.058496,0.036864,1.0000,2.0000,2.0000,0.0000,2.0000,21.4366,19.5232,51.6204,-4.7081,17.1139,,,
1786590735055397840,2026-08-13T10:12:15.055422,ground_truth,0.029064,0.579000,0.130855,True,,,,,,,,,-0.004701,0.901138,0.450607,-0.003063,0.905846,0.449957,-0.003063,0.905846,0.449957,0.048623,0.139773,-0.019298,0.149242,0.046425,0.145732,-0.019436,0.154177,1.452561,0.388162,-0.338238,-0.009497,-0.787182,-1.754335,0.057156,0.143550,0.278809,0.008289,0.137436,0.059340,-0.122360,-0.189000,0.345280,-0.093280,-0.058496,0.036864,1.0000,2.0000,2.0000,0.0000,2.0000,21.7215,19.7957,51.6363,-4.4241,16.5441,,,
1786590735086274353,2026-08-13T10:12:15.086290,ground_truth,0.026122,0.592000,0.127923,True,,,,,,,,,-0.001235,0.910734,0.449301,-0.001235,0.910734,0.449301,-0.001235,0.910734,0.449301,0.053653,0.143463,-0.019258,0.154373,0.052215,0.144570,-0.019679,0.154965,1.452561,0.388162,-0.338238,-0.009497,-0.787182,-1.754335,0.057156,0.143550,0.278809,0.008289,0.137436,0.059340,-0.122360,-0.189000,0.345280,-0.093280,-0.058496,0.036864,2.0000,2.0000,2.0000,0.0000,3.0000,22.1409,20.0645,51.1415,-3.4330,16.5211,,,
1786590735121024050,2026-08-13T10:12:15.121043,ground_truth,0.026235,0.583000,0.128026,True,,,,,,,,,-0.001235,0.910734,0.449301,0.000586,0.916138,0.448455,0.000586,0.916138,0.448455,0.059416,0.176351,-0.027594,0.188126,0.052215,0.144570,-0.019679,0.154965,1.451869,0.389881,-0.334922,-0.009572,-0.788809,-1.753634,0.057156,0.142243,0.276631,0.005228,0.134817,0.059340,-0.119840,-0.183120,0.348185,-0.094016,-0.063392,0.038400,1.0000,2.0000,2.0000,0.0000,2.0000,21.9797,19.9408,50.8001,-3.3883,16.2968,,,
1786590735153011203,2026-08-13T10:12:15.153029,ground_truth,0.023365,0.592000,0.127923,True,,,,,,,,,0.002390,0.921592,0.447622,0.002390,0.921592,0.447622,0.002390,0.921592,0.447622,0.051058,0.154361,-0.023570,0.164286,0.054317,0.162710,-0.025151,0.173370,1.442088,0.411527,-0.293724,-0.010294,-0.808050,-1.743588,0.071994,0.147039,0.269649,0.005670,0.123908,0.069807,-0.130200,-0.180320,0.356651,-0.101920,-0.058944,0.041184,2.0000,2.0000,2.0000,0.0000,3.0000,22.7616,20.2511,50.9838,-2.0917,16.3150,,,
1786590735187127114,2026-08-13T10:12:15.187141,ground_truth,0.020608,0.592000,0.125161,True,,,,,,,,,0.002390,0.921592,0.447622,0.004166,0.927270,0.446993,0.004166,0.927270,0.446993,0.055773,0.178256,-0.019771,0.187821,0.054317,0.162710,-0.025151,0.173370,1.438991,0.417988,-0.282006,-0.010499,-0.813257,-1.740430,0.070243,0.147039,0.263976,0.005228,0.113000,0.072857,-0.132300,-0.209860,0.360220,-0.101920,-0.053216,0.040480,2.0000,2.0000,2.0000,0.0000,3.0000,23.7429,21.2662,50.2440,-2.2761,16.6661,,,
1786590735221096022,2026-08-13T10:12:15.221119,ground_truth,0.020524,0.601000,0.125074,True,,,,,,,,,0.002390,0.921592,0.447622,0.006126,0.932192,0.446179,0.006126,0.932192,0.446179,0.056929,0.142952,-0.023636,0.155675,0.054317,0.162710,-0.025151,0.173370,1.437331,0.421510,-0.275664,-0.010596,-0.815898,-1.738716,0.068498,0.147039,0.263976,0.005670,0.107772,0.070249,-0.146860,-0.173880,0.356070,-0.103520,-0.056000,0.040256,2.0000,2.0000,2.0000,0.0000,3.0000,23.7429,21.2662,50.2440,-2.2761,16.6661,,,
1786590735253438757,2026-08-13T10:12:15.253460,ground_truth,0.017643,0.619000,0.124899,True,,,,,,,,,0.002390,0.921592,0.447622,0.007884,0.936963,0.445370,0.007884,0.936963,0.445370,0.052216,0.141706,-0.024022,0.152918,0.054317,0.162710,-0.025151,0.173370,1.436182,0.423882,-0.271434,-0.010661,-0.817655,-1.737573,0.071994,0.148784,0.265723,0.005670,0.110391,0.072426,-0.123900,-0.185920,0.351671,-0.104480,-0.051552,0.039968,2.0000,2.0000,2.0000,0.0000,3.0000,23.9506,21.3258,49.7293,-3.0194,16.5266,,,
1786590735288094941,2026-08-13T10:12:15.288115,ground_truth,0.014955,0.615000,0.122213,True,,,,,,,,,0.009826,0.941651,0.444745,0.009826,0.941651,0.444745,0.009826,0.941651,0.444745,0.059947,0.144696,-0.019283,0.157805,0.055889,0.150745,-0.021622,0.162219,1.436182,0.423882,-0.271434,-0.010661,-0.817655,-1.737573,0.071994,0.148784,0.265723,0.005670,0.110391,0.072426,-0.123900,-0.185920,0.351671,-0.104480,-0.051552,0.039968,2.0000,2.0000,2.0000,0.0000,3.0000,24.5819,22.0454,49.2291,-1.8656,17.1077,,,
1786590735322765030,2026-08-13T10:12:15.322805,ground_truth,0.014931,0.619000,0.122181,True,,,,,,,,,0.009826,0.941651,0.444745,0.011750,0.946801,0.443946,0.011750,0.946801,0.443946,0.056261,0.150634,-0.023361,0.162486,0.055889,0.150745,-0.021622,0.162219,1.436182,0.423882,-0.271434,-0.010661,-0.817655,-1.737573,0.071994,0.148784,0.265723,0.005670,0.110391,0.072426,-0.123900,-0.185920,0.351671,-0.104480,-0.051552,0.039968,2.0000,2.0000,2.0000,0.0000,3.0000,24.5104,22.2991,49.1987,-3.0942,17.1574,,,
1786590735353496451,2026-08-13T10:12:15.353522,ground_truth,0.014901,0.624000,0.122141,True,,,,,,,,,0.013683,0.952258,0.443141,0.013683,0.952258,0.443141,0.013683,0.952258,0.443141,0.055832,0.157621,-0.023278,0.168830,0.057938,0.159356,-0.024107,0.171267,1.436182,0.423882,-0.271434,-0.010661,-0.817655,-1.737573,0.071994,0.148784,0.265723,0.005670,0.110391,0.072426,-0.123900,-0.185920,0.351671,-0.104480,-0.051552,0.039968,2.0000,2.0000,2.0000,0.0000,3.0000,24.5737,22.5733,48.8820,-4.2624,17.6062,,,
1786590735386478075,2026-08-13T10:12:15.386498,ground_truth,0.012218,0.619000,0.119464,True,,,,,,,,,0.013683,0.952258,0.443141,0.015421,0.957510,0.442337,0.015421,0.957510,0.442337,0.056145,0.169641,-0.025962,0.180566,0.057938,0.159356,-0.024107,0.171267,1.435600,0.425071,-0.269322,-0.010704,-0.818528,-1.737002,0.073301,0.150097,0.263976,0.005228,0.108203,0.072857,-0.130480,-0.183120,0.365366,-0.104256,-0.053664,0.038624,2.0000,2.0000,2.0000,0.0000,3.0000,24.6240,22.6739,48.7056,-3.9902,17.3760,,,
1786590735428848651,2026-08-13T10:12:15.428864,ground_truth,0.012196,0.624000,0.119432,True,,,,,,,,,0.017332,0.962720,0.441359,0.017332,0.962720,0.441359,0.017332,0.962720,0.441359,0.058101,0.158389,-0.029738,0.171310,0.054765,0.156997,-0.026741,0.168411,1.421827,0.454786,-0.218436,-0.011566,-0.840194,-1.722730,0.068498,0.157075,0.269649,0.005228,0.107772,0.070249,-0.136360,-0.182840,0.371757,-0.105696,-0.054272,0.040480,2.0000,2.0000,2.0000,0.0000,3.0000,24.8083,22.9784,48.9418,-3.8508,17.4304,,,
1786590735456348847,2026-08-13T10:12:15.456365,ground_truth,0.012179,0.628000,0.119406,True,,,,,,,,,0.017332,0.962720,0.441359,0.019238,0.967975,0.440383,0.019238,0.967975,0.440383,0.045069,0.124283,-0.023069,0.134200,0.054765,0.156997,-0.026741,0.168411,1.419651,0.459928,-0.209722,-0.011706,-0.843816,-1.720477,0.066754,0.161877,0.273575,0.005670,0.118680,0.070249,-0.113960,-0.202020,0.362793,-0.105696,-0.053504,0.035456,2.0000,2.0000,2.0000,0.0000,3.0000,24.8926,23.1680,48.8719,-3.7063,17.1508,,,
1786590735486120580,2026-08-13T10:12:15.486137,ground_truth,0.009470,0.632000,0.119380,True,,,,,,,,,0.017332,0.962720,0.441359,0.020944,0.972973,0.439603,0.020944,0.972973,0.439603,0.062540,0.183243,-0.028590,0.195721,0.054765,0.156997,-0.026741,0.168411,1.418364,0.463188,-0.204235,-0.011771,-0.846188,-1.719130,0.063703,0.163621,0.274883,0.002609,0.118238,0.067629,-0.119000,-0.210700,0.376073,-0.106144,-0.055168,0.035584,3.0000,2.0000,2.0000,0.0000,4.0000,25.0058,23.3723,48.1547,-3.7696,17.0083,,,
1786590735529142956,2026-08-13T10:12:15.529160,ground_truth,0.009446,0.641000,0.116641,True,,,,,,,,,0.022643,0.977599,0.438822,0.022643,0.977599,0.438822,0.022643,0.977599,0.438822,0.057111,0.155510,-0.026269,0.167735,0.039843,0.111636,-0.019032,0.120051,1.415222,0.471629,-0.189982,-0.011943,-0.852407,-1.715928,0.057156,0.161439,0.271396,0.003051,0.121300,0.056721,-0.098140,-0.241360,0.368686,-0.107200,-0.054944,0.036064,2.0000,2.0000,2.0000,0.0000,3.0000,24.9965,23.4665,48.0288,-3.9278,17.1717,,,
1786590735563087377,2026-08-13T10:12:15.563104,ground_truth,0.009457,0.637000,0.116660,True,,,,,,,,,0.022643,0.977599,0.438822,0.024151,0.982365,0.437862,0.024151,0.982365,0.437862,0.034567,0.109232,-0.021999,0.116664,0.039843,0.111636,-0.019032,0.120051,1.413726,0.476085,-0.182435,-0.012008,-0.855695,-1.714419,0.048865,0.158388,0.267902,0.003051,0.116061,0.051482,-0.117180,-0.220640,0.363540,-0.106368,-0.051040,0.037248,2.0000,2.0000,2.0000,0.0000,3.0000,24.9213,23.5049,48.0187,-4.2335,17.0273,,,
1786590735591862384,2026-08-13T10:12:15.591882,ground_truth,0.006770,0.641000,0.116641,True,,,,,,,,,0.022643,0.977599,0.438822,0.025458,0.987158,0.436916,0.025458,0.987158,0.436916,0.038425,0.140896,-0.027817,0.148667,0.039843,0.111636,-0.019032,0.120051,1.412373,0.480528,-0.174941,-0.012084,-0.858778,-1.713061,0.047120,0.158388,0.265723,0.002609,0.107772,0.045812,-0.112140,-0.183120,0.381219,-0.107808,-0.052480,0.035680,2.0000,2.0000,2.0000,0.0000,3.0000,24.9574,23.4671,48.2686,-4.7551,17.0638,,,
1786590735619838531,2026-08-13T10:12:15.619859,ground_truth,0.004096,0.645000,0.113948,True,,,,,,,,,0.026748,0.991423,0.436164,0.026748,0.991423,0.436164,0.026748,0.991423,0.436164,0.045450,0.150261,-0.026497,0.159205,0.061770,0.207997,-0.039996,0.220631,1.410936,0.485794,-0.166279,-0.012138,-0.862163,-1.711638,0.042318,0.167986,0.273144,0.000000,0.107772,0.043193,-0.115920,-0.175700,0.365947,-0.107808,-0.051872,0.032896,2.0000,2.0000,2.0000,0.0000,3.0000,24.8703,23.5026,48.4034,-5.6129,17.0446,,,
1786590735653526112,2026-08-13T10:12:15.653548,ground_truth,0.004098,0.649000,0.113935,True,,,,,,,,,0.026748,0.991423,0.436164,0.028224,0.995369,0.435225,0.028224,0.995369,0.435225,0.052680,0.140854,-0.033498,0.154069,0.061770,0.207997,-0.039996,0.220631,1.409505,0.492145,-0.156338,-0.012191,-0.866324,-1.710172,0.037523,0.181511,0.276631,0.003051,0.123908,0.037523,-0.080500,-0.175980,0.359390,-0.106464,-0.057056,0.035008,3.0000,2.0000,2.0000,0.0000,4.0000,25.1278,23.5013,48.1042,-5.2500,16.7239,,,
1786590735688637447,2026-08-13T10:12:15.688655,ground_truth,0.001455,0.658000,0.111254,True,,,,,,,,,0.029508,0.998985,0.434293,0.029508,0.998985,0.434293,0.029508,0.998985,0.434293,0.038382,0.108053,-0.027867,0.118005,0.041291,0.113119,-0.027988,0.123629,1.408361,0.498228,-0.147535,-0.012224,-0.870592,-1.708933,0.034465,0.195911,0.271396,0.002609,0.142675,0.037523,-0.110320,-0.205520,0.366279,-0.108704,-0.058720,0.033024,3.0000,2.0000,2.0000,0.0000,4.0000,25.3882,23.4910,47.7927,-5.2705,16.6141,,,
1786590735720488282,2026-08-13T10:12:15.720511,ground_truth,0.001455,0.658000,0.111254,True,,,,,,,,,0.029508,0.998985,0.434293,0.030785,1.002748,0.433366,0.030785,1.002748,0.433366,0.035957,0.105973,-0.026109,0.114912,0.041291,0.113119,-0.027988,0.123629,1.407832,0.501384,-0.143215,-0.012245,-0.872910,-1.708350,0.032720,0.199400,0.269210,0.003051,0.145726,0.035335,-0.108500,-0.196420,0.356651,-0.107264,-0.065408,0.033568,3.0000,2.0000,2.0000,0.0000,4.0000,25.3484,23.5810,47.7933,-5.3334,16.6138,,,
1786590735756588178,2026-08-13T10:12:15.756611,ground_truth,0.001464,0.662000,0.111248,True,,,,,,,,,0.032057,1.007021,0.432444,0.032057,1.007021,0.432444,0.032057,1.007021,0.432444,0.040190,0.135078,-0.029127,0.143908,0.038166,0.120362,-0.027686,0.129268,1.407832,0.501384,-0.143215,-0.012245,-0.872910,-1.708350,0.032720,0.199400,0.269210,0.003051,0.145726,0.035335,-0.108500,-0.196420,0.356651,-0.107264,-0.065408,0.033568,3.0000,2.0000,2.0000,0.0000,4.0000,25.3669,23.8907,46.9568,-5.2536,16.6178,,,
1786590735786934620,2026-08-13T10:12:15.786952,ground_truth,-0.001162,0.666000,0.111242,True,,,,,,,,,0.032057,1.007021,0.432444,0.033135,1.010916,0.431534,0.033135,1.010916,0.431534,0.029763,0.107462,-0.025111,0.114300,0.038166,0.120362,-0.027686,0.129268,1.407832,0.501384,-0.143215,-0.012245,-0.872910,-1.708350,0.032720,0.199400,0.269210,0.003051,0.145726,0.035335,-0.108500,-0.196420,0.356651,-0.107264,-0.065408,0.033568,3.0000,2.0000,2.0000,0.0000,4.0000,25.5652,24.0597,46.5127,-5.9737,16.7052,,,
1786590735823952283,2026-08-13T10:12:15.823981,ground_truth,-0.001178,0.662000,0.108602,True,,,,,,,,,0.034210,1.014201,0.430803,0.034210,1.014201,0.430803,0.034210,1.014201,0.430803,0.035667,0.109064,-0.024279,0.117288,0.032222,0.107452,-0.024565,0.114838,1.407832,0.501384,-0.143215,-0.012245,-0.872910,-1.708350,0.032720,0.199400,0.269210,0.003051,0.145726,0.035335,-0.108500,-0.196420,0.356651,-0.107264,-0.065408,0.033568,3.0000,2.0000,2.0000,0.0000,4.0000,26.0075,24.4629,46.2368,-6.1585,16.8561,,,
1786590735853865860,2026-08-13T10:12:15.853891,ground_truth,-0.003748,0.675000,0.108604,True,,,,,,,,,0.034210,1.014201,0.430803,0.035284,1.017152,0.429898,0.035284,1.017152,0.429898,0.029314,0.080537,-0.024712,0.089198,0.032222,0.107452,-0.024565,0.114838,1.407440,0.503795,-0.140018,-0.012267,-0.874710,-1.707941,0.032720,0.202889,0.265723,0.002609,0.150964,0.032284,-0.117180,-0.184940,0.356651,-0.106080,-0.064448,0.035680,3.0000,2.0000,2.0000,0.0000,4.0000,26.0075,24.4629,46.2368,-6.1585,16.8561,,,
1786590735886008406,2026-08-13T10:12:15.886035,ground_truth,-0.006404,0.670000,0.105970,True,,,,,,,,,0.036527,1.020248,0.428995,0.036527,1.020248,0.428995,0.036527,1.020248,0.428995,0.040804,0.101640,-0.029620,0.113459,0.034708,0.090581,-0.027078,0.100711,1.407440,0.503795,-0.140018,-0.012267,-0.874710,-1.707941,0.032720,0.202889,0.265723,0.002609,0.150964,0.032284,-0.117180,-0.184940,0.356651,-0.106080,-0.064448,0.035680,3.0000,2.0000,2.0000,0.0000,4.0000,26.3217,24.7299,44.4550,-6.7468,16.3711,,,
1786590735922026189,2026-08-13T10:12:15.922042,ground_truth,-0.006404,0.670000,0.105970,True,,,,,,,,,0.036527,1.020248,0.428995,0.037768,1.023588,0.428096,0.037768,1.023588,0.428096,0.039029,0.104982,-0.028281,0.115517,0.034708,0.090581,-0.027078,0.100711,1.407440,0.503795,-0.140018,-0.012267,-0.874710,-1.707941,0.032720,0.202889,0.265723,0.002609,0.150964,0.032284,-0.117180,-0.184940,0.356651,-0.106080,-0.064448,0.035680,3.0000,2.0000,2.0000,0.0000,4.0000,26.3105,24.9320,43.6288,-7.1060,17.0788,,,
1786590735952831465,2026-08-13T10:12:15.952847,ground_truth,-0.008988,0.675000,0.105979,True,,,,,,,,,0.039008,1.026709,0.427198,0.039008,1.026709,0.427198,0.039008,1.026709,0.427198,0.034594,0.087077,-0.025037,0.096984,0.037347,0.097234,-0.027046,0.107614,1.407440,0.503795,-0.140018,-0.012267,-0.874710,-1.707941,0.032720,0.202889,0.265723,0.002609,0.150964,0.032284,-0.117180,-0.184940,0.356651,-0.106080,-0.064448,0.035680,3.0000,2.0000,2.0000,0.0000,4.0000,26.1255,25.1593,43.2276,-7.3995,17.3407,,,
1786590735987017999,2026-08-13T10:12:15.987033,ground_truth,-0.008953,0.679000,0.103368,True,,,,,,,,,0.039008,1.026709,0.427198,0.040419,1.029786,0.426303,0.040419,1.029786,0.426303,0.045209,0.098598,-0.028677,0.112195,0.037347,0.097234,-0.027046,0.107614,1.407440,0.503795,-0.140018,-0.012267,-0.874710,-1.707941,0.032720,0.202889,0.265723,0.002609,0.150964,0.032284,-0.117180,-0.184940,0.356651,-0.106080,-0.064448,0.035680,3.0000,2.0000,2.0000,0.0000,4.0000,26.0656,25.2211,43.6210,-6.6500,17.2346,,,
1786590736026165351,2026-08-13T10:12:16.026182,ground_truth,-0.008953,0.679000,0.100749,True,,,,,,,,,0.041648,1.032909,0.425235,0.041648,1.032909,0.425235,0.041648,1.032909,0.425235,0.035853,0.091140,-0.031161,0.102776,0.039471,0.092717,-0.029351,0.104957,1.407440,0.503795,-0.140018,-0.012267,-0.874710,-1.707941,0.032720,0.202889,0.265723,0.002609,0.150964,0.032284,-0.117180,-0.184940,0.356651,-0.106080,-0.064448,0.035680,3.0000,2.0000,2.0000,0.0000,4.0000,25.9651,26.1864,44.1212,-7.9689,15.8659,,,
1786590736056734597,2026-08-13T10:12:16.056751,ground_truth,-0.008917,0.683000,0.100770,True,,,,,,,,,0.041648,1.032909,0.425235,0.042874,1.036040,0.424176,0.042874,1.036040,0.424176,0.031447,0.080277,-0.027163,0.090394,0.039471,0.092717,-0.029351,0.104957,1.407440,0.503795,-0.140018,-0.012267,-0.874710,-1.707941,0.032720,0.202889,0.265723,0.002609,0.150964,0.032284,-0.117180,-0.184940,0.356651,-0.106080,-0.064448,0.035680,3.0000,2.0000,2.0000,0.0000,4.0000,26.0559,26.1816,43.4276,-7.2258,16.6745,,,
1786590736089926928,2026-08-13T10:12:16.089946,ground_truth,-0.008917,0.683000,0.098158,True,,,,,,,,,0.044099,1.038906,0.423117,0.044099,1.038906,0.423117,0.044099,1.038906,0.423117,0.039971,0.093527,-0.034567,0.107424,0.036911,0.090299,-0.031902,0.102636,1.398803,0.588542,-0.042633,-0.012375,-0.941660,-1.700525,0.010029,0.205509,0.299323,0.000000,0.140056,0.005670,-0.075880,-0.269640,0.376903,-0.081536,-0.058176,0.032128,3.0000,2.0000,2.0000,0.0000,4.0000,26.1881,26.3566,41.6733,-7.3904,16.7765,,,
1786590736121094506,2026-08-13T10:12:16.121113,ground_truth,-0.008917,0.683000,0.095546,True,,,,,,,,,0.044099,1.038906,0.423117,0.045145,1.041719,0.421884,0.045145,1.041719,0.421884,0.031354,0.084343,-0.036943,0.097271,0.036911,0.090299,-0.031902,0.102636,1.398574,0.593344,-0.035406,-0.012375,-0.944905,-1.700395,0.010029,0.195911,0.301063,0.000000,0.132208,0.005670,-0.074340,-0.269640,0.392424,-0.075136,-0.057728,0.030848,3.0000,2.0000,2.0000,0.0000,4.0000,26.0986,26.4873,41.2827,-7.3532,17.0822,,,
1786590736154994914,2026-08-13T10:12:16.155016,ground_truth,-0.011483,0.687000,0.090369,True,,,,,,,,,0.046012,1.044522,0.420658,0.046012,1.044522,0.420658,0.046012,1.044522,0.420658,0.028153,0.090948,-0.039809,0.103194,0.028704,0.084249,-0.036889,0.096347,1.398365,0.598702,-0.026915,-0.012375,-0.948537,-1.700255,0.006540,0.187619,0.304557,0.000000,0.129147,0.005228,-0.080500,-0.283220,0.382962,-0.068288,-0.058112,0.032000,3.0000,2.0000,2.0000,0.0000,4.0000,25.8956,26.4098,41.9393,-7.0207,16.7881,,,
1786590736194130272,2026-08-13T10:12:16.194146,ground_truth,-0.011483,0.687000,0.087764,True,,,,,,,,,0.046012,1.044522,0.420658,0.047051,1.047109,0.419087,0.047051,1.047109,0.419087,0.030715,0.076504,-0.046456,0.094628,0.028704,0.084249,-0.036889,0.096347,1.398365,0.598702,-0.026915,-0.012375,-0.948537,-1.700255,0.006540,0.187619,0.304557,0.000000,0.129147,0.005228,-0.080500,-0.283220,0.382962,-0.068288,-0.058112,0.032000,3.0000,2.0000,2.0000,0.0000,4.0000,25.7014,26.4572,40.5498,-8.0501,17.2483,,,
1786590736226620789,2026-08-13T10:12:16.226642,ground_truth,-0.011441,0.691000,0.087818,True,,,,,,,,,0.047051,1.047109,0.419087,0.047914,1.049653,0.417521,0.047914,1.049653,0.417521,0.022124,0.065259,-0.040169,0.079761,0.015450,0.038482,-0.023368,0.047599,1.398365,0.598702,-0.026915,-0.012375,-0.948537,-1.700255,0.006540,0.187619,0.304557,0.000000,0.129147,0.005228,-0.080500,-0.283220,0.382962,-0.068288,-0.058112,0.032000,3.0000,2.0000,2.0000,0.0000,4.0000,25.4987,26.4352,39.7688,-9.7739,19.6688,,,
1786590736254019414,2026-08-13T10:12:16.254040,ground_truth,-0.011357,0.699000,0.085340,True,,,,,,,,,0.047051,1.047109,0.419087,0.048773,1.051709,0.415958,0.048773,1.051709,0.415958,0.026180,0.062595,-0.047580,0.082869,0.015450,0.038482,-0.023368,0.047599,1.398365,0.598702,-0.026915,-0.012375,-0.948537,-1.700255,0.006540,0.187619,0.304557,0.000000,0.129147,0.005228,-0.080500,-0.283220,0.382962,-0.068288,-0.058112,0.032000,3.0000,2.0000,2.0000,0.0000,4.0000,25.5393,26.4536,38.9460,-10.1303,19.0013,,,
1786590736288209295,2026-08-13T10:12:16.288231,ground_truth,-0.011441,0.691000,0.082620,True,,,,,,,,,0.049628,1.053880,0.414231,0.049628,1.053880,0.414231,0.049628,1.053880,0.414231,0.031358,0.079654,-0.063369,0.106507,0.038991,0.102446,-0.073470,0.131959,1.398365,0.598702,-0.026915,-0.012375,-0.948537,-1.700255,0.006540,0.187619,0.304557,0.000000,0.129147,0.005228,-0.080500,-0.283220,0.382962,-0.068288,-0.058112,0.032000,3.0000,2.0000,2.0000,0.0000,4.0000,25.4384,26.5004,39.2886,-10.9216,19.5332,,,
1786590736325778711,2026-08-13T10:12:16.325807,ground_truth,-0.011357,0.699000,0.080169,True,,,,,,,,,0.049628,1.053880,0.414231,0.050313,1.055861,0.412323,0.050313,1.055861,0.412323,0.019946,0.057660,-0.055542,0.082507,0.038991,0.102446,-0.073470,0.131959,1.398260,0.601662,-0.022023,-0.012364,-0.950586,-1.700180,0.006540,0.182817,0.306736,0.000000,0.126528,0.002609,-0.080500,-0.324520,0.390515,-0.064352,-0.056608,0.033280,3.0000,2.0000,2.0000,0.0000,4.0000,25.4637,26.3971,39.3426,-10.3713,18.3998,,,
1786590736363966607,2026-08-13T10:12:16.363995,ground_truth,-0.013938,0.699000,0.077583,True,,,,,,,,,0.049628,1.053880,0.414231,0.050992,1.058230,0.410427,0.050992,1.058230,0.410427,0.018110,0.063234,-0.050585,0.082978,0.038991,0.102446,-0.073470,0.131959,1.397542,0.625594,0.031287,-0.012256,-0.967822,-1.699414,0.003051,0.104714,0.318081,0.000000,0.069807,0.005670,-0.096600,-0.364140,0.402716,-0.026496,-0.046208,0.033344,3.0000,2.0000,2.0000,0.0000,4.0000,25.7088,26.6902,39.3595,-11.0254,17.4073,,,
1786590736395932840,2026-08-13T10:12:16.395949,ground_truth,-0.013889,0.703000,0.077663,True,,,,,,,,,0.051671,1.060464,0.408359,0.051671,1.060464,0.408359,0.051671,1.060464,0.408359,0.017671,0.058110,-0.053796,0.081136,0.015273,0.049218,-0.043891,0.067691,1.397542,0.625594,0.031287,-0.012256,-0.967822,-1.699414,0.003051,0.104714,0.318081,0.000000,0.069807,0.005670,-0.096600,-0.364140,0.402716,-0.026496,-0.046208,0.033344,3.0000,2.0000,2.0000,0.0000,4.0000,25.7088,26.6902,39.3595,-11.0254,17.4073,,,
1786590736423736766,2026-08-13T10:12:16.423760,ground_truth,-0.016353,0.711000,0.075258,True,,,,,,,,,0.051671,1.060464,0.408359,0.052170,1.062458,0.406472,0.052170,1.062458,0.406472,0.015599,0.062310,-0.058986,0.087208,0.015273,0.049218,-0.043891,0.067691,1.397542,0.625594,0.031287,-0.012256,-0.967822,-1.699414,0.003051,0.104714,0.318081,0.000000,0.069807,0.005670,-0.096600,-0.364140,0.402716,-0.026496,-0.046208,0.033344,3.0000,2.0000,2.0000,0.0000,4.0000,25.7002,26.7560,38.3470,-12.0219,17.7289,,,
1786590736453599199,2026-08-13T10:12:16.453616,ground_truth,-0.016353,0.711000,0.075258,True,,,,,,,,,0.051671,1.060464,0.408359,0.052834,1.064616,0.404425,0.052834,1.064616,0.404425,0.023895,0.077765,-0.073759,0.109813,0.015273,0.049218,-0.043891,0.067691,1.397542,0.625594,0.031287,-0.012256,-0.967822,-1.699414,0.003051,0.104714,0.318081,0.000000,0.069807,0.005670,-0.096600,-0.364140,0.402716,-0.026496,-0.046208,0.033344,3.0000,2.0000,2.0000,0.0000,4.0000,25.8471,26.7142,38.2674,-11.8536,17.8416,,,
1786590736489077675,2026-08-13T10:12:16.489101,ground_truth,-0.016202,0.722000,0.075496,True,,,,,,,,,0.053325,1.067235,0.402377,0.053325,1.067235,0.402377,0.053325,1.067235,0.402377,0.016513,0.088058,-0.068878,0.113009,0.024889,0.101920,-0.090059,0.138267,1.397542,0.625594,0.031287,-0.012256,-0.967822,-1.699414,0.003051,0.104714,0.318081,0.000000,0.069807,0.005670,-0.096600,-0.364140,0.402716,-0.026496,-0.046208,0.033344,3.0000,2.0000,2.0000,0.0000,4.0000,25.7992,26.4278,39.0545,-11.8784,17.4676,,,
1786590736520708446,2026-08-13T10:12:16.520726,ground_truth,-0.018560,0.734000,0.075756,True,,,,,,,,,0.053325,1.067235,0.402377,0.053808,1.069678,0.400519,0.053808,1.069678,0.400519,0.013615,0.068846,-0.052348,0.087553,0.024889,0.101920,-0.090059,0.138267,1.397496,0.626829,0.035101,-0.012235,-0.968630,-1.699361,0.003051,0.101225,0.315903,0.003051,0.065010,0.005670,-0.102900,-0.365120,0.394748,-0.024384,-0.047584,0.034624,3.0000,2.0000,2.0000,0.0000,4.0000,25.9073,26.4361,38.9793,-11.4732,16.8184,,,
1786590736554770724,2026-08-13T10:12:16.554796,ground_truth,-0.018621,0.730000,0.075670,True,,,,,,,,,0.054448,1.072460,0.398852,0.054448,1.072460,0.398852,0.054448,1.072460,0.398852,0.020320,0.088268,-0.052864,0.104875,0.016729,0.077796,-0.052467,0.095314,1.396294,0.647377,0.097311,-0.012073,-0.984713,-1.698628,0.009598,0.115626,0.298884,0.000000,0.096863,0.005670,-0.102900,-0.332500,0.404625,-0.033856,-0.051776,0.034688,3.0000,2.0000,2.0000,0.0000,4.0000,26.3511,26.8385,38.8662,-11.3208,17.0248,,,
1786590736585791204,2026-08-13T10:12:16.585813,ground_truth,-0.018683,0.726000,0.075583,True,,,,,,,,,0.054448,1.072460,0.398852,0.055095,1.075737,0.397179,0.055095,1.075737,0.397179,0.019022,0.096339,-0.049203,0.109836,0.016729,0.077796,-0.052467,0.095314,1.395934,0.652062,0.109326,-0.012062,-0.988690,-1.698390,0.010029,0.120859,0.304996,0.000000,0.102091,0.005228,-0.100380,-0.330960,0.394250,-0.036288,-0.053504,0.033728,3.0000,2.0000,2.0000,0.0000,4.0000,26.3511,26.8385,38.8662,-11.3208,17.0248,,,
1786590736620143085,2026-08-13T10:12:16.620161,ground_truth,-0.020758,0.753000,0.073672,True,,,,,,,,,0.055746,1.078899,0.395674,0.055746,1.078899,0.395674,0.055746,1.078899,0.395674,0.020903,0.101526,-0.048324,0.114366,0.019645,0.097447,-0.048105,0.110435,1.395601,0.656453,0.120337,-0.012062,-0.992528,-1.698142,0.008285,0.120859,0.306736,0.000000,0.110391,0.008289,-0.099820,-0.324800,0.397570,-0.037472,-0.059104,0.034784,3.0000,2.0000,2.0000,0.0000,4.0000,26.3042,26.8872,39.4104,-11.7057,16.5350,,,
1786590736653890574,2026-08-13T10:12:16.653914,ground_truth,-0.020895,0.745000,0.073485,True,,,,,,,,,0.055746,1.078899,0.395674,0.056536,1.082038,0.394216,0.056536,1.082038,0.394216,0.023048,0.091652,-0.042578,0.103654,0.019645,0.097447,-0.048105,0.110435,1.395386,0.659406,0.127735,-0.012062,-0.995233,-1.697959,0.009598,0.123917,0.310230,0.000000,0.113000,0.008289,-0.106260,-0.331660,0.384788,-0.037792,-0.054944,0.033792,3.0000,2.0000,2.0000,0.0000,4.0000,26.3735,27.0151,39.9422,-12.2928,16.3096,,,
1786590736686929623,2026-08-13T10:12:16.686950,ground_truth,-0.020895,0.745000,0.073485,True,,,,,,,,,0.057163,1.085972,0.393090,0.057163,1.085972,0.393090,0.057163,1.085972,0.393090,0.018457,0.115732,-0.033109,0.121782,0.021148,0.105578,-0.038567,0.114374,1.395281,0.660902,0.131423,-0.012062,-0.996559,-1.697862,0.009598,0.123917,0.308483,0.000000,0.107772,0.007847,-0.113120,-0.324240,0.390515,-0.037792,-0.059552,0.034560,3.0000,2.0000,2.0000,0.0000,4.0000,26.3820,26.9488,40.1206,-11.4237,16.0452,,,
1786590736722320132,2026-08-13T10:12:16.722342,ground_truth,-0.023119,0.760000,0.073835,True,,,,,,,,,0.057163,1.085972,0.393090,0.057791,1.089852,0.392138,0.057791,1.089852,0.392138,0.019025,0.117648,-0.028862,0.122622,0.021148,0.105578,-0.038567,0.114374,1.395281,0.660902,0.131423,-0.012062,-0.996559,-1.697862,0.009598,0.123917,0.308483,0.000000,0.107772,0.007847,-0.113120,-0.324240,0.390515,-0.037792,-0.059552,0.034560,3.0000,2.0000,2.0000,0.0000,4.0000,26.3279,26.9112,40.2965,-11.6331,16.4054,,,
1786590736754929892,2026-08-13T10:12:16.754949,ground_truth,-0.025436,0.768000,0.071551,True,,,,,,,,,0.058569,1.093722,0.391206,0.058569,1.093722,0.391206,0.058569,1.093722,0.391206,0.022053,0.109603,-0.026404,0.114876,0.021150,0.116572,-0.028341,0.121817,1.395281,0.660902,0.131423,-0.012062,-0.996559,-1.697862,0.009598,0.123917,0.308483,0.000000,0.107772,0.007847,-0.113120,-0.324240,0.390515,-0.037792,-0.059552,0.034560,3.0000,2.0000,2.0000,0.0000,4.0000,26.3513,26.9069,40.4530,-12.0243,16.3646,,,
1786590736788494076,2026-08-13T10:12:16.788518,ground_truth,-0.025518,0.764000,0.068972,True,,,,,,,,,0.058569,1.093722,0.391206,0.059508,1.098176,0.390287,0.059508,1.098176,0.390287,0.028745,0.136399,-0.028153,0.142209,0.021150,0.116572,-0.028341,0.121817,1.395163,0.662424,0.135126,-0.012062,-0.997853,-1.697754,0.010029,0.127406,0.306736,0.000000,0.107772,0.010898,-0.123620,-0.315140,0.407696,-0.037344,-0.055616,0.036416,3.0000,2.0000,2.0000,0.0000,4.0000,26.5874,26.9215,39.1795,-13.9517,17.1153,,,
1786590736828405496,2026-08-13T10:12:16.828431,ground_truth,-0.027749,0.775000,0.066806,True,,,,,,,,,0.060446,1.102960,0.389377,0.060446,1.102960,0.389377,0.060446,1.102960,0.389377,0.027968,0.142574,-0.027115,0.147800,0.028128,0.138432,-0.027410,0.143896,1.395163,0.662424,0.135126,-0.012062,-0.997853,-1.697754,0.010029,0.127406,0.306736,0.000000,0.107772,0.010898,-0.123620,-0.315140,0.407696,-0.037344,-0.055616,0.036416,3.0000,2.0000,2.0000,0.0000,4.0000,26.9058,27.2835,39.0065,-12.6439,17.1379,,,
1786590736863071636,2026-08-13T10:12:16.863086,ground_truth,-0.027991,0.764000,0.064016,True,,,,,,,,,0.061539,1.107597,0.388486,0.061539,1.107597,0.388486,0.061539,1.107597,0.388486,0.027409,0.116301,-0.022345,0.121558,0.016296,0.069144,-0.013285,0.072270,1.395163,0.662424,0.135126,-0.012062,-0.997853,-1.697754,0.010029,0.127406,0.306736,0.000000,0.107772,0.010898,-0.123620,-0.315140,0.407696,-0.037344,-0.055616,0.036416,3.0000,2.0000,2.0000,0.0000,4.0000,26.9119,27.3747,38.8899,-13.0802,17.4276,,,
1786590736891752159,2026-08-13T10:12:16.891769,ground_truth,-0.027991,0.764000,0.061538,True,,,,,,,,,0.061539,1.107597,0.388486,0.062476,1.111991,0.387581,0.062476,1.111991,0.387581,0.027007,0.126664,-0.026072,0.132110,0.016296,0.069144,-0.013285,0.072270,1.395163,0.662424,0.135126,-0.012062,-0.997853,-1.697754,0.010029,0.127406,0.306736,0.000000,0.107772,0.010898,-0.123620,-0.315140,0.407696,-0.037344,-0.055616,0.036416,3.0000,2.0000,2.0000,0.0000,4.0000,26.7783,27.3308,38.9971,-11.2861,17.3305,,,
1786590736923012505,2026-08-13T10:12:16.923036,ground_truth,-0.030204,0.775000,0.059426,True,,,,,,,,,0.061539,1.107597,0.388486,0.063416,1.116336,0.386506,0.063416,1.116336,0.386506,0.033069,0.152853,-0.037814,0.160896,0.016296,0.069144,-0.013285,0.072270,1.393380,0.679843,0.173729,-0.012051,-1.011090,-1.695922,0.019634,0.168424,0.340335,0.000000,0.126528,0.018756,-0.094500,-0.304360,0.409771,-0.037024,-0.061120,0.033568,3.0000,2.0000,2.0000,0.0000,4.0000,26.9681,27.3399,39.0084,-10.6063,16.7084,,,
1786590736960460262,2026-08-13T10:12:16.960496,ground_truth,-0.030133,0.778000,0.057070,True,,,,,,,,,0.064339,1.120459,0.385451,0.064339,1.120459,0.385451,0.064339,1.120459,0.385451,0.029349,0.131025,-0.033547,0.138399,0.042443,0.194936,-0.045998,0.204737,1.388989,0.715347,0.232600,-0.012051,-1.039051,-1.691621,0.032720,0.250016,0.349064,0.000000,0.210305,0.029665,-0.112840,-0.292320,0.403214,-0.054208,-0.069856,0.033568,3.0000,2.0000,2.0000,0.0000,4.0000,27.1551,27.4897,38.5465,-9.9791,16.4846,,,
1786590736988333466,2026-08-13T10:12:16.988357,ground_truth,-0.030133,0.778000,0.057070,True,,,,,,,,,0.064339,1.120459,0.385451,0.065258,1.124696,0.384239,0.065258,1.124696,0.384239,0.024015,0.110782,-0.031696,0.117703,0.042443,0.194936,-0.045998,0.204737,1.388068,0.722462,0.242258,-0.012051,-1.045012,-1.690780,0.032720,0.256562,0.342082,0.000000,0.212924,0.032284,-0.107520,-0.268380,0.406783,-0.063168,-0.076256,0.034464,3.0000,2.0000,2.0000,0.0000,4.0000,27.1395,27.2090,38.5908,-9.4917,17.4588,,,
1786590737025732573,2026-08-13T10:12:17.025748,ground_truth,-0.030133,0.778000,0.054616,True,,,,,,,,,0.064339,1.120459,0.385451,0.066187,1.129117,0.383010,0.066187,1.129117,0.383010,0.034149,0.162550,-0.045166,0.172130,0.042443,0.194936,-0.045998,0.204737,1.386827,0.731903,0.254459,-0.012062,-1.052720,-1.689638,0.035778,0.266160,0.336409,0.000000,0.212493,0.032284,-0.132300,-0.273000,0.409937,-0.075360,-0.075648,0.037344,3.0000,2.0000,2.0000,0.0000,4.0000,27.1395,27.2090,38.5908,-9.4917,17.4588,,,
1786590737060452330,2026-08-13T10:12:17.060466,ground_truth,-0.032381,0.786000,0.052466,True,,,,,,,,,0.064339,1.120459,0.385451,0.066958,1.132988,0.381601,0.066958,1.132988,0.381601,0.020579,0.103243,-0.037591,0.111784,0.042443,0.194936,-0.045998,0.204737,1.385579,0.741723,0.266794,-0.012073,-1.060675,-1.688441,0.034034,0.279247,0.347316,0.000000,0.226010,0.032284,-0.117460,-0.326060,0.438489,-0.090112,-0.073312,0.036416,3.0000,2.0000,2.0000,0.0000,4.0000,27.8104,26.9892,40.3619,-7.3352,17.7753,,,
1786590737092638096,2026-08-13T10:12:17.092658,ground_truth,-0.032305,0.789000,0.052581,True,,,,,,,,,0.066958,1.132988,0.381601,0.067876,1.136322,0.380054,0.067876,1.136322,0.380054,0.026655,0.096881,-0.044949,0.110077,0.019560,0.093578,-0.028756,0.099832,1.384501,0.750759,0.278237,-0.012105,-1.068112,-1.687428,0.034465,0.285794,0.366083,0.000000,0.237361,0.032715,-0.121100,-0.309960,0.424213,-0.099520,-0.071808,0.037696,3.0000,2.0000,2.0000,0.0000,4.0000,27.6165,27.4703,39.5321,-8.9976,19.3756,,,
1786590737125364179,2026-08-13T10:12:17.125384,ground_truth,-0.032305,0.789000,0.047707,True,,,,,,,,,0.066958,1.132988,0.381601,0.068784,1.139976,0.378520,0.068784,1.139976,0.378520,0.027457,0.110460,-0.046363,0.122902,0.019560,0.093578,-0.028756,0.099832,1.383298,0.761102,0.291902,-0.012138,-1.076736,-1.686328,0.032720,0.289283,0.392262,0.000000,0.242599,0.032715,-0.105280,-0.297220,0.439651,-0.109984,-0.068352,0.034624,3.0000,2.0000,2.0000,0.0000,4.0000,28.0917,27.1436,40.7747,-6.3242,18.9494,,,
1786590737154500708,2026-08-13T10:12:17.154514,ground_truth,-0.034630,0.793000,0.047873,True,,,,,,,,,0.066958,1.132988,0.381601,0.069554,1.143853,0.376789,0.069554,1.143853,0.376789,0.024308,0.122436,-0.054660,0.136269,0.019560,0.093578,-0.028756,0.099832,1.382318,0.770360,0.304758,-0.012170,-1.084475,-1.685380,0.029231,0.285794,0.411020,0.000000,0.242599,0.027045,-0.102900,-0.323820,0.446706,-0.116000,-0.068576,0.032960,3.0000,2.0000,2.0000,0.0000,4.0000,27.9465,26.8871,40.3864,-6.3867,18.4910,,,
1786590737187746558,2026-08-13T10:12:17.187764,ground_truth,-0.034549,0.796000,0.045572,True,,,,,,,,,0.066958,1.132988,0.381601,0.070469,1.146975,0.375082,0.070469,1.146975,0.375082,0.030446,0.103813,-0.056775,0.122178,0.019560,0.093578,-0.028756,0.099832,1.381547,0.778311,0.316423,-0.012235,-1.091008,-1.684571,0.026174,0.279247,0.420188,0.002609,0.229071,0.029665,-0.120260,-0.385280,0.426952,-0.117760,-0.068352,0.032128,3.0000,2.0000,2.0000,0.0000,4.0000,28.0074,26.8831,39.7098,-6.7613,18.7739,,,
1786590737223365928,2026-08-13T10:12:17.223383,ground_truth,-0.034737,0.789000,0.042833,True,,,,,,,,,0.071380,1.150160,0.373221,0.071380,1.150160,0.373221,0.071380,1.150160,0.373221,0.027977,0.097873,-0.057194,0.116761,0.033342,0.129497,-0.063195,0.147901,1.380456,0.789902,0.335026,-0.012310,-1.100397,-1.683439,0.022685,0.250016,0.423675,0.000000,0.202015,0.024426,-0.116480,-0.431760,0.454757,-0.118272,-0.060960,0.032576,3.0000,2.0000,2.0000,0.0000,4.0000,28.3156,26.8852,39.0949,-5.8301,18.6819,,,
1786590737257224507,2026-08-13T10:12:17.257240,ground_truth,-0.034926,0.782000,0.042520,True,,,,,,,,,0.071380,1.150160,0.373221,0.072154,1.153357,0.371154,0.072154,1.153357,0.371154,0.021678,0.089473,-0.057844,0.108725,0.033342,0.129497,-0.063195,0.147901,1.380456,0.789902,0.335026,-0.012310,-1.100397,-1.683439,0.022685,0.250016,0.423675,0.000000,0.202015,0.024426,-0.116480,-0.431760,0.454757,-0.118272,-0.060960,0.032576,3.0000,2.0000,2.0000,0.0000,4.0000,28.1244,26.8583,39.1521,-5.0029,18.8659,,,
1786590737290684123,2026-08-13T10:12:17.290703,ground_truth,-0.034818,0.786000,0.040257,True,,,,,,,,,0.071380,1.150160,0.373221,0.072787,1.155543,0.369219,0.072787,1.155543,0.369219,0.018756,0.064810,-0.057378,0.088568,0.033342,0.129497,-0.063195,0.147901,1.380456,0.789902,0.335026,-0.012310,-1.100397,-1.683439,0.022685,0.250016,0.423675,0.000000,0.202015,0.024426,-0.116480,-0.431760,0.454757,-0.118272,-0.060960,0.032576,3.0000,2.0000,2.0000,0.0000,4.0000,28.6461,27.0182,38.1990,-5.9221,19.9172,,,
1786590737322966631,2026-08-13T10:12:17.322983,ground_truth,-0.034630,0.793000,0.038152,True,,,,,,,,,0.071380,1.150160,0.373221,0.073407,1.157153,0.367304,0.073407,1.157153,0.367304,0.018512,0.048085,-0.057155,0.076952,0.033342,0.129497,-0.063195,0.147901,1.380456,0.789902,0.335026,-0.012310,-1.100397,-1.683439,0.022685,0.250016,0.423675,0.000000,0.202015,0.024426,-0.116480,-0.431760,0.454757,-0.118272,-0.060960,0.032576,3.0000,2.0000,2.0000,0.0000,4.0000,28.7665,26.8487,37.6053,-5.5639,19.7060,,,
1786590737355724299,2026-08-13T10:12:17.355739,ground_truth,-0.032305,0.789000,0.035523,True,,,,,,,,,0.073866,1.158435,0.365394,0.073866,1.158435,0.365394,0.073866,1.158435,0.365394,0.014175,0.039620,-0.059030,0.072493,0.018641,0.062054,-0.058688,0.087421,1.378287,0.813652,0.386269,-0.012364,-1.119929,-1.681348,0.013087,0.124354,0.358662,0.000000,0.102091,0.008289,-0.101640,-0.511700,0.427450,-0.112864,-0.052480,0.032736,3.0000,2.0000,2.0000,0.0000,4.0000,28.4745,26.7909,36.8299,-5.7027,19.6128,,,
1786590737391980057,2026-08-13T10:12:17.391997,ground_truth,-0.032204,0.793000,0.035722,True,,,,,,,,,0.073866,1.158435,0.365394,0.074153,1.160025,0.363495,0.074153,1.160025,0.363495,0.008644,0.047775,-0.057085,0.074939,0.018641,0.062054,-0.058688,0.087421,1.378287,0.813652,0.386269,-0.012364,-1.119929,-1.681348,0.013087,0.124354,0.358662,0.000000,0.102091,0.008289,-0.101640,-0.511700,0.427450,-0.112864,-0.052480,0.032736,3.0000,2.0000,2.0000,0.0000,4.0000,28.3614,26.5302,37.6028,-5.3308,20.2058,,,
1786590737422250342,2026-08-13T10:12:17.422272,ground_truth,-0.034737,0.789000,0.033086,True,,,,,,,,,0.074434,1.161890,0.361774,0.074434,1.161890,0.361774,0.074434,1.161890,0.361774,0.007831,0.051986,-0.047984,0.071179,0.008529,0.051823,-0.054316,0.075555,1.378287,0.813652,0.386269,-0.012364,-1.119929,-1.681348,0.013087,0.124354,0.358662,0.000000,0.102091,0.008289,-0.101640,-0.511700,0.427450,-0.112864,-0.052480,0.032736,3.0000,2.0000,2.0000,0.0000,4.0000,28.3752,26.3536,37.7057,-4.4786,19.5511,,,
1786590737458684631,2026-08-13T10:12:17.458705,ground_truth,-0.034737,0.789000,0.033086,True,,,,,,,,,0.074434,1.161890,0.361774,0.074736,1.163596,0.360018,0.074736,1.163596,0.360018,0.009921,0.056012,-0.057644,0.080985,0.008529,0.051823,-0.054316,0.075555,1.378287,0.813652,0.386269,-0.012364,-1.119929,-1.681348,0.013087,0.124354,0.358662,0.000000,0.102091,0.008289,-0.101640,-0.511700,0.427450,-0.112864,-0.052480,0.032736,3.0000,2.0000,2.0000,0.0000,4.0000,27.8521,26.4991,37.3294,-5.0125,18.8082,,,
1786590737490763763,2026-08-13T10:12:17.490788,ground_truth,-0.034630,0.793000,0.030862,True,,,,,,,,,0.075043,1.164684,0.358419,0.075043,1.164684,0.358419,0.075043,1.164684,0.358419,0.008505,0.030143,-0.044303,0.054256,0.008973,0.041161,-0.049421,0.064939,1.378287,0.813652,0.386269,-0.012364,-1.119929,-1.681348,0.013087,0.124354,0.358662,0.000000,0.102091,0.008289,-0.101640,-0.511700,0.427450,-0.112864,-0.052480,0.032736,3.0000,2.0000,2.0000,0.0000,4.0000,27.1303,26.0880,37.1853,-2.9263,18.3188,,,
1786590737521329133,2026-08-13T10:12:17.521347,ground_truth,-0.034818,0.786000,0.030490,True,,,,,,,,,0.075043,1.164684,0.358419,0.075343,1.165488,0.356671,0.075343,1.165488,0.356671,0.009350,0.025086,-0.054499,0.060720,0.008973,0.041161,-0.049421,0.064939,1.378287,0.813652,0.386269,-0.012364,-1.119929,-1.681348,0.013087,0.124354,0.358662,0.000000,0.102091,0.008289,-0.101640,-0.511700,0.427450,-0.112864,-0.052480,0.032736,3.0000,2.0000,2.0000,0.0000,4.0000,26.8909,26.1417,37.4374,-1.9108,18.1876,,,
1786590737555131589,2026-08-13T10:12:17.555150,ground_truth,-0.034818,0.786000,0.030490,True,,,,,,,,,0.075655,1.166236,0.355063,0.075655,1.166236,0.355063,0.075655,1.166236,0.355063,0.010171,0.024342,-0.052374,0.058644,0.009332,0.023660,-0.051162,0.057136,1.376268,0.834853,0.453006,-0.012364,-1.136766,-1.679774,0.008285,0.137004,0.328989,0.000000,0.113000,0.008289,-0.111860,-0.376320,0.416079,-0.094240,-0.055328,0.035232,3.0000,2.0000,2.0000,0.0000,4.0000,26.7908,25.8555,37.9878,-1.3575,18.5317,,,
1786590737588522953,2026-08-13T10:12:17.588543,ground_truth,-0.032482,0.782000,0.030278,True,,,,,,,,,0.075655,1.166236,0.355063,0.075818,1.166812,0.353598,0.075818,1.166812,0.353598,0.004825,0.017112,-0.043511,0.047003,0.009332,0.023660,-0.051162,0.057136,1.376027,0.838316,0.460850,-0.012364,-1.139547,-1.679527,0.009598,0.148352,0.325063,0.000000,0.116061,0.010898,-0.113680,-0.370020,0.426288,-0.092896,-0.053824,0.036192,3.0000,2.0000,2.0000,0.0000,4.0000,26.6387,25.4386,37.7479,-0.5923,18.7258,,,
1786590737626127467,2026-08-13T10:12:17.626145,ground_truth,-0.032305,0.789000,0.030649,True,,,,,,,,,0.075655,1.166236,0.355063,0.075830,1.166927,0.352111,0.075830,1.166927,0.352111,0.000350,0.003413,-0.044033,0.044167,0.009332,0.023660,-0.051162,0.057136,1.375536,0.844706,0.473973,-0.012364,-1.144279,-1.679031,0.011342,0.166673,0.328989,0.000000,0.123908,0.013517,-0.103740,-0.353360,0.415747,-0.093184,-0.055616,0.036128,3.0000,2.0000,2.0000,0.0000,4.0000,26.7080,25.5601,37.8021,-0.9196,18.3109,,,
1786590737664940371,2026-08-13T10:12:17.664957,ground_truth,-0.032482,0.782000,0.030278,True,,,,,,,,,0.075830,1.166790,0.350974,0.075830,1.166790,0.350974,0.075830,1.166790,0.350974,0.000000,-0.003675,-0.030511,0.030732,0.001304,0.004147,-0.030586,0.030893,1.375242,0.848913,0.481914,-0.012364,-1.147308,-1.678686,0.013087,0.179766,0.330736,0.000000,0.129589,0.016137,-0.103180,-0.355180,0.415747,-0.093184,-0.055552,0.035968,3.0000,2.0000,2.0000,0.0000,4.0000,26.7023,25.3838,37.8542,-0.3936,19.2966,,,
1786590737698908687,2026-08-13T10:12:17.698927,ground_truth,-0.032305,0.789000,0.028213,True,,,,,,,,,0.075830,1.166790,0.350974,0.075686,1.166389,0.349801,0.075686,1.166389,0.349801,-0.003647,-0.010210,-0.029886,0.031792,0.001304,0.004147,-0.030586,0.030893,1.375242,0.848913,0.481914,-0.012364,-1.147308,-1.678686,0.013087,0.179766,0.330736,0.000000,0.129589,0.016137,-0.103180,-0.355180,0.415747,-0.093184,-0.055552,0.035968,3.0000,2.0000,2.0000,0.0000,4.0000,26.6763,25.4231,38.1346,-0.5505,18.9950,,,
1786590737732366347,2026-08-13T10:12:17.732379,ground_truth,-0.032305,0.789000,0.028213,True,,,,,,,,,0.075537,1.166096,0.348644,0.075537,1.166096,0.348644,0.075537,1.166096,0.348644,-0.004449,-0.008731,-0.034429,0.035796,-0.004387,-0.010404,-0.034924,0.036704,1.375242,0.848913,0.481914,-0.012364,-1.147308,-1.678686,0.013087,0.179766,0.330736,0.000000,0.129589,0.016137,-0.103180,-0.355180,0.415747,-0.093184,-0.055552,0.035968,3.0000,2.0000,2.0000,0.0000,4.0000,26.5586,25.2946,38.1289,-1.0485,18.9454,,,
1786590737764838153,2026-08-13T10:12:17.764851,ground_truth,-0.032305,0.789000,0.028213,True,,,,,,,,,0.075537,1.166096,0.348644,0.075375,1.165824,0.347669,0.075375,1.165824,0.347669,-0.004870,-0.008171,-0.029277,0.030784,-0.004387,-0.010404,-0.034924,0.036704,1.375242,0.848913,0.481914,-0.012364,-1.147308,-1.678686,0.013087,0.179766,0.330736,0.000000,0.129589,0.016137,-0.103180,-0.355180,0.415747,-0.093184,-0.055552,0.035968,3.0000,2.0000,2.0000,0.0000,4.0000,26.4803,25.2693,37.8667,-1.0081,18.7749,,,
1786590737798954191,2026-08-13T10:12:17.798973,ground_truth,-0.032381,0.786000,0.028049,True,,,,,,,,,0.075200,1.165770,0.346715,0.075200,1.165770,0.346715,0.075200,1.165770,0.346715,-0.005273,-0.001642,-0.028786,0.029311,-0.005020,-0.004864,-0.028738,0.029576,1.375040,0.851821,0.487208,-0.012364,-1.149410,-1.678427,0.014831,0.182817,0.330736,0.000000,0.132208,0.016137,-0.113960,-0.379960,0.409273,-0.093184,-0.058784,0.035232,3.0000,2.0000,2.0000,0.0000,4.0000,26.5000,25.2742,37.8855,-0.6500,18.9451,,,
1786590737831148755,2026-08-13T10:12:17.831168,ground_truth,-0.032381,0.786000,0.025607,True,,,,,,,,,0.075200,1.165770,0.346715,0.075037,1.165919,0.345901,0.075037,1.165919,0.345901,-0.004822,0.004426,-0.024158,0.025029,-0.005020,-0.004864,-0.028738,0.029576,1.371956,0.885678,0.544495,-0.012364,-1.175949,-1.675323,0.021378,0.199400,0.326810,0.000000,0.143106,0.018756,-0.086100,-0.433020,0.419399,-0.105472,-0.060608,0.031296,3.0000,2.0000,2.0000,0.0000,4.0000,26.6510,25.2863,37.7186,-0.6919,18.7782,,,
1786590737866249658,2026-08-13T10:12:17.866268,ground_truth,-0.032305,0.789000,0.023339,True,,,,,,,,,0.074888,1.165948,0.345065,0.074888,1.165948,0.345065,0.074888,1.165948,0.345065,-0.004656,0.000926,-0.025979,0.026409,-0.004648,0.002663,-0.024556,0.025133,1.371956,0.885678,0.544495,-0.012364,-1.175949,-1.675323,0.021378,0.199400,0.326810,0.000000,0.143106,0.018756,-0.086100,-0.433020,0.419399,-0.105472,-0.060608,0.031296,3.0000,2.0000,2.0000,0.0000,4.0000,26.7131,25.4471,37.4858,-0.6477,19.5393,,,
1786590737895290145,2026-08-13T10:12:17.895310,ground_truth,-0.032305,0.789000,0.016029,True,,,,,,,,,0.074888,1.165948,0.345065,0.074888,1.165794,0.344253,0.074888,1.165794,0.344253,0.000000,-0.004351,-0.022943,0.023351,-0.004648,0.002663,-0.024556,0.025133,1.371956,0.885678,0.544495,-0.012364,-1.175949,-1.675323,0.021378,0.199400,0.326810,0.000000,0.143106,0.018756,-0.086100,-0.433020,0.419399,-0.105472,-0.060608,0.031296,3.0000,2.0000,2.0000,0.0000,4.0000,26.7264,25.4171,37.2746,-0.0846,19.2443,,,
1786590737924779126,2026-08-13T10:12:17.924817,ground_truth,-0.032204,0.793000,0.013850,True,,,,,,,,,0.074888,1.165948,0.345065,0.074894,1.165550,0.342940,0.074894,1.165550,0.342940,0.000232,-0.008390,-0.045120,0.045894,-0.004648,0.002663,-0.024556,0.025133,1.371956,0.885678,0.544495,-0.012364,-1.175949,-1.675323,0.021378,0.199400,0.326810,0.000000,0.143106,0.018756,-0.086100,-0.433020,0.419399,-0.105472,-0.060608,0.031296,3.0000,2.0000,2.0000,0.0000,4.0000,26.9822,25.5362,36.3116,-0.0986,19.5536,,,
1786590737959270930,2026-08-13T10:12:17.959288,ground_truth,-0.032204,0.793000,0.013850,True,,,,,,,,,0.074725,1.165501,0.341657,0.074725,1.165501,0.341657,0.074725,1.165501,0.341657,-0.005824,-0.001684,-0.044221,0.044634,-0.002484,-0.006848,-0.052201,0.052707,1.371956,0.885678,0.544495,-0.012364,-1.175949,-1.675323,0.021378,0.199400,0.326810,0.000000,0.143106,0.018756,-0.086100,-0.433020,0.419399,-0.105472,-0.060608,0.031296,3.0000,2.0000,2.0000,0.0000,4.0000,26.9860,25.3979,36.1047,-0.2664,19.7631,,,
1786590737994208287,2026-08-13T10:12:17.994225,ground_truth,-0.032305,0.789000,0.008718,True,,,,,,,,,0.074725,1.165501,0.341657,0.074557,1.165705,0.340375,0.074557,1.165705,0.340375,-0.004915,0.005924,-0.037317,0.038103,-0.002484,-0.006848,-0.052201,0.052707,1.371956,0.885678,0.544495,-0.012364,-1.175949,-1.675323,0.021378,0.199400,0.326810,0.000000,0.143106,0.018756,-0.086100,-0.433020,0.419399,-0.105472,-0.060608,0.031296,3.0000,2.0000,2.0000,0.0000,4.0000,27.1453,25.8331,36.3583,-0.2577,19.5875,,,
1786590738029404326,2026-08-13T10:12:18.029427,ground_truth,-0.032381,0.786000,0.008514,True,,,,,,,,,0.074557,1.165705,0.340375,0.074402,1.165959,0.338899,0.074402,1.165959,0.338899,-0.004430,0.007262,-0.042199,0.043048,-0.002513,0.003029,-0.019081,0.019483,1.371956,0.885678,0.544495,-0.012364,-1.175949,-1.675323,0.021378,0.199400,0.326810,0.000000,0.143106,0.018756,-0.086100,-0.433020,0.419399,-0.105472,-0.060608,0.031296,3.0000,2.0000,2.0000,0.0000,4.0000,27.2782,25.8536,35.9203,-0.1142,19.4952,,,
1786590738070640749,2026-08-13T10:12:18.070667,ground_truth,-0.032482,0.782000,0.005794,True,,,,,,,,,0.074239,1.166010,0.337434,0.074239,1.166010,0.337434,0.074239,1.166010,0.337434,-0.004582,0.001433,-0.041313,0.041591,-0.004691,0.004505,-0.043463,0.043947,1.371956,0.885678,0.544495,-0.012364,-1.175949,-1.675323,0.021378,0.199400,0.326810,0.000000,0.143106,0.018756,-0.086100,-0.433020,0.419399,-0.105472,-0.060608,0.031296,3.0000,2.0000,2.0000,0.0000,4.0000,26.6140,25.7685,35.4820,0.5418,19.4232,,,
1786590738107779489,2026-08-13T10:12:18.107810,ground_truth,-0.032305,0.789000,0.003845,True,,,,,,,,,0.074239,1.166010,0.337434,0.074083,1.166020,0.335787,0.074083,1.166020,0.335787,-0.003776,0.000246,-0.039922,0.040101,-0.004691,0.004505,-0.043463,0.043947,1.371714,0.888037,0.548369,-0.012364,-1.177641,-1.675107,0.021378,0.195911,0.321576,0.000000,0.140056,0.018756,-0.085820,-0.429660,0.413174,-0.105920,-0.065024,0.031840,3.0000,2.0000,2.0000,0.0000,4.0000,27.1507,26.0042,34.1788,-0.0474,20.5373,,,
1786590738140430217,2026-08-13T10:12:18.140447,ground_truth,-0.032482,0.782000,-0.001551,True,,,,,,,,,0.074072,1.166022,0.334025,0.074072,1.166022,0.334025,0.074072,1.166022,0.334025,-0.000320,0.000055,-0.047757,0.047758,-0.002509,0.000183,-0.051047,0.051108,1.368075,0.950387,0.631761,-0.012493,-1.211758,-1.672434,0.008285,0.256125,0.310230,0.000000,0.126970,0.005670,-0.106260,-0.459060,0.455006,-0.126848,-0.054784,0.033504,3.0000,2.0000,2.0000,0.0000,4.0000,27.5522,25.9168,33.8295,0.6895,19.9064,,,
1786590738171807676,2026-08-13T10:12:18.171833,ground_truth,-0.032659,0.775000,-0.004533,True,,,,,,,,,0.074072,1.166022,0.334025,0.074083,1.165809,0.331878,0.074083,1.165809,0.331878,0.000362,-0.006538,-0.065909,0.066234,-0.002509,0.000183,-0.051047,0.051108,1.368075,0.950387,0.631761,-0.012493,-1.211758,-1.672434,0.008285,0.256125,0.310230,0.000000,0.126970,0.005670,-0.106260,-0.459060,0.455006,-0.126848,-0.054784,0.033504,3.0000,2.0000,2.0000,0.0000,4.0000,27.2294,26.0273,33.3588,0.8241,19.6452,,,
1786590738208307474,2026-08-13T10:12:18.208331,ground_truth,-0.032583,0.778000,-0.006759,True,,,,,,,,,0.074072,1.166022,0.334025,0.074095,1.165767,0.329558,0.074095,1.165767,0.329558,0.000375,-0.001351,-0.073636,0.073649,-0.002509,0.000183,-0.051047,0.051108,1.368075,0.950387,0.631761,-0.012493,-1.211758,-1.672434,0.008285,0.256125,0.310230,0.000000,0.126970,0.005670,-0.106260,-0.459060,0.455006,-0.126848,-0.054784,0.033504,3.0000,2.0000,2.0000,0.0000,4.0000,27.5483,26.4635,32.5858,1.3710,19.6296,,,
1786590738243187794,2026-08-13T10:12:18.243215,ground_truth,-0.032482,0.782000,-0.006448,True,,,,,,,,,0.074072,1.166022,0.334025,0.074114,1.165171,0.327226,0.074114,1.165171,0.327226,0.000507,-0.016265,-0.063712,0.065757,-0.002509,0.000183,-0.051047,0.051108,1.368075,0.950387,0.631761,-0.012493,-1.211758,-1.672434,0.008285,0.256125,0.310230,0.000000,0.126970,0.005670,-0.106260,-0.459060,0.455006,-0.126848,-0.054784,0.033504,3.0000,2.0000,2.0000,0.0000,4.0000,27.5134,26.5044,31.1503,0.7959,19.8476,,,
1786590738271182584,2026-08-13T10:12:18.271201,ground_truth,-0.032659,0.775000,-0.009452,True,,,,,,,,,0.074126,1.164466,0.324916,0.074126,1.164466,0.324916,0.074126,1.164466,0.324916,0.000338,-0.020186,-0.066096,0.069110,0.000409,-0.011791,-0.069011,0.070012,1.368075,0.950387,0.631761,-0.012493,-1.211758,-1.672434,0.008285,0.256125,0.310230,0.000000,0.126970,0.005670,-0.106260,-0.459060,0.455006,-0.126848,-0.054784,0.033504,3.0000,2.0000,2.0000,0.0000,4.0000,27.4460,26.4787,31.0817,0.3057,19.8004,,,
1786590738304585458,2026-08-13T10:12:18.304610,ground_truth,-0.032659,0.775000,-0.009452,True,,,,,,,,,0.074126,1.164466,0.324916,0.074149,1.163738,0.322405,0.074149,1.163738,0.322405,0.000857,-0.026427,-0.091175,0.094931,0.000409,-0.011791,-0.069011,0.070012,1.367304,0.985584,0.690908,-0.012547,-1.232120,-1.671895,0.001744,0.172782,0.399243,0.000000,0.123908,0.000000,-0.092960,-0.486640,0.474594,-0.099840,-0.055776,0.032352,3.0000,2.0000,2.0000,0.0000,4.0000,27.5536,26.5668,31.4437,-0.6204,20.7364,,,
1786590738339151747,2026-08-13T10:12:18.339177,ground_truth,-0.032659,0.775000,-0.009452,True,,,,,,,,,0.074126,1.164466,0.324916,0.074168,1.162846,0.319904,0.074168,1.162846,0.319904,0.000549,-0.026405,-0.073987,0.078559,0.000409,-0.011791,-0.069011,0.070012,1.367285,0.991895,0.705964,-0.012547,-1.237251,-1.671895,0.000000,0.178022,0.431095,0.000000,0.156203,0.000000,-0.082460,-0.443800,0.464634,-0.083264,-0.058336,0.021216,3.0000,2.0000,2.0000,0.0000,4.0000,27.5304,26.5810,31.5115,-0.7351,20.6641,,,
1786590738369192422,2026-08-13T10:12:18.369214,ground_truth,-0.032836,0.768000,-0.010009,True,,,,,,,,,0.074126,1.164466,0.324916,0.074186,1.162080,0.317567,0.074186,1.162080,0.317567,0.000539,-0.022218,-0.067871,0.071417,0.000409,-0.011791,-0.069011,0.070012,1.367285,0.998520,0.721771,-0.012526,-1.243287,-1.671916,0.000000,0.188057,0.438947,0.000000,0.175401,0.000000,-0.062300,-0.450100,0.449611,-0.063840,-0.060832,0.000352,3.0000,2.0000,2.0000,0.0000,4.0000,27.4364,26.7370,31.8500,-1.9209,20.4879,,,
1786590738398946889,2026-08-13T10:12:18.398964,ground_truth,-0.034926,0.782000,-0.011344,True,,,,,,,,,0.074222,1.161341,0.315344,0.074222,1.161341,0.315344,0.074222,1.161341,0.315344,0.001172,-0.024485,-0.073591,0.077566,0.000722,-0.023459,-0.071857,0.075593,1.367285,1.003042,0.732135,-0.012504,-1.247567,-1.671949,0.000000,0.189364,0.423675,0.000000,0.180640,0.003051,-0.047740,-0.432740,0.433841,-0.051648,-0.065024,-0.013376,3.0000,2.0000,2.0000,0.0000,4.0000,27.5123,27.1821,31.0438,-1.1516,20.2638,,,
1786590738430366280,2026-08-13T10:12:18.430391,ground_truth,-0.035034,0.778000,-0.011669,True,,,,,,,,,0.074222,1.161341,0.315344,0.074396,1.160446,0.313519,0.074396,1.160446,0.313519,0.005941,-0.030421,-0.062055,0.069366,0.000722,-0.023459,-0.071857,0.075593,1.367285,1.005328,0.737117,-0.012493,-1.249733,-1.671959,0.000000,0.189364,0.410582,0.000000,0.183259,0.000000,-0.041720,-0.392140,0.408692,-0.046816,-0.066560,-0.020704,3.0000,2.0000,2.0000,0.0000,4.0000,27.3540,27.1085,30.4514,-3.4345,20.0604,,,
1786590738464763662,2026-08-13T10:12:18.464789,ground_truth,-0.035034,0.778000,-0.011669,True,,,,,,,,,0.074585,1.159681,0.311818,0.074585,1.159681,0.311818,0.074585,1.159681,0.311818,0.005968,-0.024219,-0.053819,0.059319,0.005423,-0.024778,-0.052626,0.058419,1.367285,1.005328,0.737117,-0.012493,-1.249733,-1.671959,0.000000,0.189364,0.410582,0.000000,0.183259,0.000000,-0.041720,-0.392140,0.408692,-0.046816,-0.066560,-0.020704,3.0000,2.0000,2.0000,0.0000,4.0000,27.2818,27.2078,30.8939,-2.7980,19.6393,,,
1786590738499886024,2026-08-13T10:12:18.499907,ground_truth,-0.035034,0.778000,-0.009214,True,,,,,,,,,0.074585,1.159681,0.311818,0.074774,1.158727,0.310117,0.074774,1.158727,0.310117,0.005483,-0.027703,-0.049450,0.056946,0.005423,-0.024778,-0.052626,0.058419,1.367285,1.005328,0.737117,-0.012493,-1.249733,-1.671959,0.000000,0.189364,0.410582,0.000000,0.183259,0.000000,-0.041720,-0.392140,0.408692,-0.046816,-0.066560,-0.020704,3.0000,2.0000,2.0000,0.0000,4.0000,27.2250,27.0436,32.4706,-2.2544,20.8254,,,
1786590738533932496,2026-08-13T10:12:18.533951,ground_truth,-0.035034,0.778000,-0.009214,True,,,,,,,,,0.074956,1.157737,0.308921,0.074956,1.157737,0.308921,0.074956,1.157737,0.308921,0.005185,-0.028235,-0.034074,0.044555,0.005530,-0.029009,-0.043232,0.052355,1.367285,1.005328,0.737117,-0.012493,-1.249733,-1.671959,0.000000,0.189364,0.410582,0.000000,0.183259,0.000000,-0.041720,-0.392140,0.408692,-0.046816,-0.066560,-0.020704,3.0000,2.0000,2.0000,0.0000,4.0000,27.2311,27.0501,32.5235,-2.1559,20.8243,,,
1786590738565075562,2026-08-13T10:12:18.565101,ground_truth,-0.035115,0.775000,-0.009452,True,,,,,,,,,0.074956,1.157737,0.308921,0.075132,1.156952,0.307739,0.075132,1.156952,0.307739,0.005202,-0.023087,-0.034768,0.042058,0.005530,-0.029009,-0.043232,0.052355,1.367285,1.005328,0.737117,-0.012493,-1.249733,-1.671959,0.000000,0.189364,0.410582,0.000000,0.183259,0.000000,-0.041720,-0.392140,0.408692,-0.046816,-0.066560,-0.020704,3.0000,2.0000,2.0000,0.0000,4.0000,27.1469,27.0409,32.5266,-2.2689,20.7793,,,
1786590738597642100,2026-08-13T10:12:18.597661,ground_truth,-0.035034,0.778000,-0.009214,True,,,,,,,,,0.075308,1.156368,0.306723,0.075308,1.156368,0.306723,0.075308,1.156368,0.306723,0.005581,-0.018561,-0.032326,0.037692,0.005331,-0.020706,-0.033264,0.039543,1.367226,1.040897,0.783713,-0.012202,-1.288873,-1.672800,0.001744,0.133952,0.037086,0.000000,0.164051,0.000000,-0.085120,-0.520100,0.312578,-0.035584,-0.056224,-0.029344,3.0000,2.0000,2.0000,0.0000,4.0000,27.1469,27.0409,32.5266,-2.2689,20.7793,,,
1786590738628744287,2026-08-13T10:12:18.628764,ground_truth,-0.035034,0.778000,-0.009214,True,,,,,,,,,0.075308,1.156368,0.306723,0.075490,1.155825,0.305852,0.075490,1.155825,0.305852,0.005465,-0.016325,-0.026155,0.031312,0.005331,-0.020706,-0.033264,0.039543,1.367187,1.042969,0.784107,-0.012191,-1.291406,-1.672843,0.003051,0.127406,0.018759,0.000000,0.156203,0.002609,-0.070980,-0.525420,0.317724,-0.039136,-0.062112,-0.027840,3.0000,2.0000,2.0000,0.0000,4.0000,27.4444,26.9034,33.2188,-1.9702,21.0873,,,
1786590738658302777,2026-08-13T10:12:18.658324,ground_truth,-0.034818,0.786000,-0.011020,True,,,,,,,,,0.075308,1.156368,0.306723,0.075660,1.155503,0.305341,0.075660,1.155503,0.305341,0.005582,-0.010567,-0.016765,0.020589,0.005331,-0.020706,-0.033264,0.039543,1.367108,1.046850,0.784285,-0.012181,-1.296160,-1.672908,0.001744,0.116063,0.000000,0.000000,0.142675,0.002609,-0.051380,-0.544040,0.311914,-0.045472,-0.054208,-0.027840,3.0000,2.0000,2.0000,0.0000,4.0000,27.3522,27.0084,32.7140,-3.8573,21.4782,,,
1786590738696822936,2026-08-13T10:12:18.696860,ground_truth,-0.035034,0.778000,-0.011669,True,,,,,,,,,0.075804,1.155225,0.304909,0.075804,1.155225,0.304909,0.075804,1.155225,0.304909,0.004942,-0.009537,-0.014850,0.018328,0.007450,-0.017172,-0.027249,0.033059,1.367062,1.051475,0.784248,-0.012181,-1.301657,-1.672951,0.000000,0.096423,0.000000,0.000000,0.110391,0.000000,-0.066920,-0.551460,0.174881,-0.048480,-0.053760,-0.027168,3.0000,2.0000,2.0000,0.0000,4.0000,27.9300,26.8856,32.7098,-3.9742,22.0487,,,
1786590738730959433,2026-08-13T10:12:18.730982,ground_truth,-0.035034,0.778000,-0.011669,True,,,,,,,,,0.075804,1.155225,0.304909,0.075967,1.155170,0.304582,0.075967,1.155170,0.304582,0.004094,-0.001392,-0.008204,0.009274,0.007450,-0.017172,-0.027249,0.033059,1.367062,1.053638,0.784203,-0.012181,-1.304093,-1.672962,0.000000,0.086825,0.001740,0.000000,0.094244,0.000000,-0.060760,-0.520800,0.153384,-0.048160,-0.047648,-0.025664,3.0000,2.0000,2.0000,0.0000,4.0000,27.5846,26.8438,32.6735,-4.3004,21.6052,,,
1786590738766001463,2026-08-13T10:12:18.766024,ground_truth,-0.035034,0.778000,-0.011669,True,,,,,,,,,0.075804,1.155225,0.304909,0.076137,1.155159,0.304233,0.076137,1.155159,0.304233,0.005195,-0.000339,-0.010631,0.011837,0.007450,-0.017172,-0.027249,0.033059,1.367056,1.057049,0.784174,-0.012170,-1.307446,-1.672962,0.000000,0.070243,0.000000,0.000000,0.061949,0.002609,-0.039340,-0.561680,0.206670,-0.045760,-0.040704,-0.021824,3.0000,2.0000,2.0000,0.0000,4.0000,27.1695,26.3630,32.5895,-5.8809,21.4506,,,
1786590738796693293,2026-08-13T10:12:18.796714,ground_truth,-0.035034,0.778000,-0.009214,True,,,,,,,,,0.076296,1.155156,0.304086,0.076296,1.155156,0.304086,0.076296,1.155156,0.304086,0.004470,-0.000063,-0.004172,0.006115,0.003681,-0.000516,-0.006163,0.007197,1.367056,1.057049,0.784174,-0.012170,-1.307446,-1.672962,0.000000,0.070243,0.000000,0.000000,0.061949,0.002609,-0.039340,-0.561680,0.206670,-0.045760,-0.040704,-0.021824,3.0000,2.0000,2.0000,0.0000,4.0000,27.2082,25.9295,32.4585,-4.8246,21.7712,,,
1786590738833505783,2026-08-13T10:12:18.833524,ground_truth,-0.035034,0.778000,-0.011669,True,,,,,,,,,0.076296,1.155156,0.304086,0.076454,1.155316,0.304102,0.076454,1.155316,0.304102,0.005165,0.005206,0.000519,0.007352,0.003681,-0.000516,-0.006163,0.007197,1.367056,1.057049,0.784174,-0.012170,-1.307446,-1.672962,0.000000,0.070243,0.000000,0.000000,0.061949,0.002609,-0.039340,-0.561680,0.206670,-0.045760,-0.040704,-0.021824,3.0000,2.0000,2.0000,0.0000,4.0000,27.3539,25.9606,32.7317,-5.2602,21.2559,,,
1786590738865192220,2026-08-13T10:12:18.865208,ground_truth,-0.035034,0.778000,-0.011669,True,,,,,,,,,0.076612,1.155508,0.303954,0.076612,1.155508,0.303954,0.076612,1.155508,0.303954,0.004336,0.005257,-0.004048,0.007926,0.004710,0.005229,-0.001962,0.007306,1.367056,1.057049,0.784174,-0.012170,-1.307446,-1.672962,0.000000,0.070243,0.000000,0.000000,0.061949,0.002609,-0.039340,-0.561680,0.206670,-0.045760,-0.040704,-0.021824,3.0000,2.0000,2.0000,0.0000,4.0000,27.2733,25.6829,32.7074,-6.1425,20.8270,,,
1786590738899156111,2026-08-13T10:12:18.899170,ground_truth,-0.035034,0.778000,-0.009214,True,,,,,,,,,0.076612,1.155508,0.303954,0.076759,1.155706,0.303843,0.076759,1.155706,0.303843,0.004555,0.006169,-0.003441,0.008406,0.004710,0.005229,-0.001962,0.007306,1.367056,1.057049,0.784174,-0.012170,-1.307446,-1.672962,0.000000,0.070243,0.000000,0.000000,0.061949,0.002609,-0.039340,-0.561680,0.206670,-0.045760,-0.040704,-0.021824,3.0000,2.0000,2.0000,0.0000,4.0000,26.9774,25.2672,33.0474,-6.2248,21.1356,,,
1786590738930445325,2026-08-13T10:12:18.930463,ground_truth,-0.035115,0.775000,-0.009452,True,,,,,,,,,0.076766,1.155906,0.303985,0.076766,1.155906,0.303985,0.076766,1.155906,0.303985,0.000213,0.005908,0.004202,0.007253,0.002312,0.005989,0.000472,0.006437,1.367056,1.057839,0.784181,-0.012170,-1.308136,-1.672962,0.000000,0.063703,0.000000,0.000000,0.053659,0.000000,-0.026880,-0.564480,0.250909,-0.045920,-0.041856,-0.018880,3.0000,2.0000,2.0000,0.0000,4.0000,26.8799,25.0876,33.3060,-7.0184,21.0379,,,
1786590738971341857,2026-08-13T10:12:18.971356,ground_truth,-0.035034,0.778000,-0.009214,True,,,,,,,,,0.076766,1.155906,0.303985,0.076771,1.155946,0.304133,0.076771,1.155946,0.304133,0.000170,0.001258,0.004656,0.004826,0.002312,0.005989,0.000472,0.006437,1.367056,1.057839,0.784181,-0.012170,-1.308136,-1.672962,0.000000,0.063703,0.000000,0.000000,0.053659,0.000000,-0.026880,-0.564480,0.250909,-0.045920,-0.041856,-0.018880,3.0000,2.0000,2.0000,0.0000,4.0000,26.9205,24.9748,33.1517,-7.1059,20.5804,,,
1786590739006459747,2026-08-13T10:12:19.006480,ground_truth,-0.035034,0.778000,-0.009214,True,,,,,,,,,0.076771,1.155954,0.304297,0.076771,1.155954,0.304297,0.076771,1.155954,0.304297,0.000000,0.000198,0.004061,0.004065,0.000081,0.000720,0.004680,0.004736,1.367056,1.057839,0.784181,-0.012170,-1.308136,-1.672962,0.000000,0.063703,0.000000,0.000000,0.053659,0.000000,-0.026880,-0.564480,0.250909,-0.045920,-0.041856,-0.018880,3.0000,2.0000,2.0000,0.0000,4.0000,26.8495,25.1215,33.3206,-6.9813,20.7461,,,
1786590739043260651,2026-08-13T10:12:19.043274,ground_truth,-0.035034,0.778000,-0.006759,True,,,,,,,,,0.076771,1.155954,0.304297,0.076771,1.155955,0.304297,0.076771,1.155955,0.304297,0.000000,0.000045,0.000000,0.000045,0.000081,0.000720,0.004680,0.004736,1.367095,1.062373,0.785230,-0.012138,-1.310626,-1.672897,0.001307,0.003489,0.000000,0.000000,0.000000,0.000000,0.077700,-0.610960,0.329095,-0.040192,-0.051488,0.017440,3.0000,2.0000,2.0000,0.0000,4.0000,26.8894,25.0732,33.2501,-6.7139,20.7455,,,
1786590739074513711,2026-08-13T10:12:19.074536,ground_truth,-0.035115,0.775000,-0.006992,True,,,,,,,,,0.076771,1.155956,0.304460,0.076771,1.155956,0.304460,0.076771,1.155956,0.304460,0.000000,0.000009,0.004425,0.004425,0.000000,0.000028,0.002429,0.002429,1.367180,1.062432,0.785296,-0.012116,-1.310658,-1.672833,0.000000,0.000000,0.000000,0.000000,0.000000,0.000000,0.085820,-0.639100,0.318969,-0.044256,-0.050944,0.024000,3.0000,2.0000,2.0000,0.0000,4.0000,27.1965,25.0990,33.3934,-6.8761,21.1630,,,
1786590739108227700,2026-08-13T10:12:19.108249,ground_truth,-0.035115,0.775000,-0.004533,True,,,,,,,,,0.076771,1.155956,0.304460,0.076771,1.155956,0.304624,0.076771,1.155956,0.304624,0.000000,0.000002,0.005293,0.005293,0.000000,0.000028,0.002429,0.002429,1.367187,1.062445,0.785296,-0.012116,-1.310658,-1.672822,0.000000,0.001744,0.000000,0.000000,0.000000,0.000000,0.080220,-0.567280,0.312910,-0.044032,-0.053664,0.023936,3.0000,2.0000,2.0000,0.0000,4.0000,27.2051,25.1032,33.5612,-5.4701,19.7472,,,
1786590739142064061,2026-08-13T10:12:19.142087,ground_truth,-0.035115,0.775000,-0.004533,True,,,,,,,,,0.076777,1.155796,0.304936,0.076777,1.155796,0.304936,0.076777,1.155796,0.304936,0.000161,-0.004792,0.009347,0.010505,0.000082,-0.002428,0.007228,0.007626,1.367187,1.062445,0.785296,-0.012116,-1.310658,-1.672822,0.000000,0.001744,0.000000,0.000000,0.000000,0.000000,0.080220,-0.567280,0.312910,-0.044032,-0.053664,0.023936,3.0000,2.0000,2.0000,0.0000,4.0000,27.1302,25.2042,33.9534,-4.9064,19.4285,,,
1786590739180705932,2026-08-13T10:12:19.180727,ground_truth,-0.035222,0.771000,-0.004837,True,,,,,,,,,0.076777,1.155796,0.304936,0.076782,1.155604,0.305248,0.076782,1.155604,0.305248,0.000158,-0.005647,0.009179,0.010778,0.000082,-0.002428,0.007228,0.007626,1.367187,1.062445,0.785296,-0.012116,-1.310658,-1.672822,0.000000,0.001744,0.000000,0.000000,0.000000,0.000000,0.080220,-0.567280,0.312910,-0.044032,-0.053664,0.023936,3.0000,2.0000,2.0000,0.0000,4.0000,27.1400,25.3077,33.7863,-5.3818,19.5311,,,
1786590739239347600,2026-08-13T10:12:19.239372,ground_truth,-0.035115,0.775000,-0.004533,True,,,,,,,,,0.076809,1.155405,0.305661,0.076809,1.155405,0.305661,0.076809,1.155405,0.305661,0.000681,-0.005013,0.010414,0.011578,0.000448,-0.005412,0.010040,0.011414,1.367187,1.062445,0.785296,-0.012116,-1.310658,-1.672822,0.000000,0.001744,0.000000,0.000000,0.000000,0.000000,0.080220,-0.567280,0.312910,-0.044032,-0.053664,0.023936,3.0000,2.0000,2.0000,0.0000,4.0000,27.1400,25.3077,33.7863,-5.3818,19.5311,,,
1786590739290746246,2026-08-13T10:12:19.290766,ground_truth,-0.035303,0.768000,-0.005066,True,,,,,,,,,0.076814,1.155206,0.306136,0.076814,1.155206,0.306136,0.076814,1.155206,0.306136,0.000093,-0.003448,0.008216,0.008910,0.000079,-0.002922,0.006963,0.007552,1.367141,1.070991,0.792984,-0.012084,-1.322311,-1.672811,0.001744,0.115626,0.111698,0.000000,0.159254,0.000000,-0.050120,-0.415660,0.376903,-0.037792,-0.062944,0.012256,3.0000,2.0000,2.0000,0.0000,4.0000,27.3666,25.4204,34.1783,-4.6481,20.1055,,,
1786590739339791874,2026-08-13T10:12:19.339825,ground_truth,-0.035222,0.771000,-0.004837,True,,,,,,,,,0.076832,1.154793,0.306577,0.076832,1.154793,0.306577,0.076832,1.154793,0.306577,0.000344,-0.007908,0.008424,0.011559,0.000299,-0.006876,0.007324,0.010050,1.367141,1.070991,0.792984,-0.012084,-1.322311,-1.672811,0.001744,0.115626,0.111698,0.000000,0.159254,0.000000,-0.050120,-0.415660,0.376903,-0.037792,-0.062944,0.012256,3.0000,2.0000,2.0000,0.0000,4.0000,27.2970,25.4420,34.0141,-5.3514,19.7919,,,
1786590739390982015,2026-08-13T10:12:19.391010,ground_truth,-0.035222,0.771000,-0.004837,True,,,,,,,,,0.076832,1.154793,0.306577,0.076845,1.154337,0.307032,0.076845,1.154337,0.307032,0.000260,-0.009414,0.009403,0.013308,0.000299,-0.006876,0.007324,0.010050,1.367141,1.070991,0.792984,-0.012084,-1.322311,-1.672811,0.001744,0.115626,0.111698,0.000000,0.159254,0.000000,-0.050120,-0.415660,0.376903,-0.037792,-0.062944,0.012256,3.0000,2.0000,2.0000,0.0000,4.0000,26.5715,25.2239,34.2280,-3.6739,18.6027,,,
1786590739427731769,2026-08-13T10:12:19.427752,ground_truth,-0.035115,0.775000,-0.004533,True,,,,,,,,,0.076857,1.153872,0.307324,0.076857,1.153872,0.307324,0.076857,1.153872,0.307324,0.000245,-0.009046,0.005682,0.010685,0.000383,-0.014010,0.011372,0.018048,1.367141,1.070991,0.792984,-0.012084,-1.322311,-1.672811,0.001744,0.115626,0.111698,0.000000,0.159254,0.000000,-0.050120,-0.415660,0.376903,-0.037792,-0.062944,0.012256,3.0000,2.0000,2.0000,0.0000,4.0000,26.5492,25.2319,34.6287,-3.6880,18.2448,,,
1786590739467270791,2026-08-13T10:12:19.467290,ground_truth,-0.035411,0.764000,-0.002893,True,,,,,,,,,0.076863,1.153406,0.307800,0.076863,1.153406,0.307800,0.076863,1.153406,0.307800,0.000148,-0.012813,0.013075,0.018307,0.000078,-0.006780,0.006919,0.009688,1.366533,1.108455,0.831349,-0.012041,-1.367508,-1.672919,0.000000,0.209435,0.247396,0.000000,0.194157,0.000000,-0.056420,-0.501760,0.420229,-0.045376,-0.068512,-0.026272,3.0000,2.0000,2.0000,0.0000,4.0000,26.4962,25.1700,34.1163,-4.4464,18.2143,,,
1786590739504521289,2026-08-13T10:12:19.504537,ground_truth,-0.037570,0.775000,-0.002073,True,,,,,,,,,0.076863,1.153406,0.307800,0.076888,1.152939,0.308385,0.076888,1.152939,0.308385,0.000629,-0.011669,0.014632,0.018726,0.000078,-0.006780,0.006919,0.009688,1.366507,1.112526,0.836368,-0.012041,-1.371119,-1.672930,0.001744,0.199400,0.254377,0.000000,0.172351,0.000000,-0.064120,-0.486080,0.409273,-0.046816,-0.062176,-0.026336,3.0000,2.0000,2.0000,0.0000,4.0000,26.4901,25.2403,34.3390,-4.1955,18.1240,,,
1786590739539857042,2026-08-13T10:12:19.539879,ground_truth,-0.037999,0.760000,-0.003191,True,,,,,,,,,0.077057,1.152686,0.308861,0.077057,1.152686,0.308861,0.077057,1.152686,0.308861,0.004575,-0.006854,0.012882,0.015293,0.002975,-0.011027,0.016255,0.019867,1.366507,1.112526,0.836368,-0.012041,-1.371119,-1.672930,0.001744,0.199400,0.254377,0.000000,0.172351,0.000000,-0.064120,-0.486080,0.409273,-0.046816,-0.062176,-0.026336,3.0000,2.0000,2.0000,0.0000,4.0000,26.4921,25.0842,34.2095,-4.8865,17.7991,,,
1786590739575500937,2026-08-13T10:12:19.575514,ground_truth,-0.040146,0.771000,-0.002371,True,,,,,,,,,0.077057,1.152686,0.308861,0.077249,1.151889,0.309278,0.077249,1.151889,0.309278,0.005452,-0.022609,0.011837,0.026096,0.002975,-0.011027,0.016255,0.019867,1.366507,1.112526,0.836368,-0.012041,-1.371119,-1.672930,0.001744,0.199400,0.254377,0.000000,0.172351,0.000000,-0.064120,-0.486080,0.409273,-0.046816,-0.062176,-0.026336,3.0000,2.0000,2.0000,0.0000,4.0000,26.4936,25.1490,34.2715,-6.2517,18.4376,,,
1786590739617214804,2026-08-13T10:12:19.617235,ground_truth,-0.040237,0.768000,-0.002594,True,,,,,,,,,0.077590,1.151356,0.309734,0.077590,1.151356,0.309734,0.077590,1.151356,0.309734,0.009705,-0.015172,0.012991,0.022207,0.008035,-0.020049,0.013169,0.025297,1.366507,1.112526,0.836368,-0.012041,-1.371119,-1.672930,0.001744,0.199400,0.254377,0.000000,0.172351,0.000000,-0.064120,-0.486080,0.409273,-0.046816,-0.062176,-0.026336,3.0000,2.0000,2.0000,0.0000,4.0000,26.8008,25.4315,34.1209,-6.6922,18.5481,,,


============================================================
EXPERIMENT METRICS
  File: experiment_GROUND_TRUTH_20260813_101210.csv
  Total samples: 261
  Task completion time: 8.88 s
  Mode: GROUND TRUTH (no prediction metrics)
  --- Trajectory Smoothness (Robot EE) ---
  Mean Jerk (3D): 17.2321 m/s³
      Jerk X: 3.8873 m/s³
      Jerk Y: 15.3757 m/s³
      Jerk Z: 4.2015 m/s³
  Max Jerk (3D): 504.3021 m/s³
  RMS Jerk (3D): 55.2756 m/s³
============================================================
