ros_timestamp_ns,wall_time,trajectory_mode,meas_x,meas_y,meas_z,is_tracked,pred_x,pred_y,pred_z,mae_x,mae_y,mae_z,inference_ms,buffer_size,robot_ee_x,robot_ee_y,robot_ee_z,j1_vel,j2_vel,j3_vel,j4_vel,j5_vel,j6_vel,j1_eff,j2_eff,j3_eff,j4_eff,j5_eff,j6_eff
1781065930742210549,2026-06-10T11:32:10.742257,ground_truth,0.046330,-0.028000,-0.102092,True,,,,,,,,,,,,,,,,,,,,,,,
1781065930857828798,2026-06-10T11:32:10.857864,ground_truth,0.040845,0.011000,-0.088765,True,,,,,,,,,,,,,,,,,,,,,,,
1781065931013477082,2026-06-10T11:32:11.013557,ground_truth,0.038332,0.007000,-0.089996,True,,,,,,,,,-0.163830,0.263009,0.394666,0.000000,0.000000,0.000000,0.000000,0.000000,0.000000,nan,nan,nan,nan,nan,nan
1781065931115386898,2026-06-10T11:32:11.115439,ground_truth,0.037066,0.019000,-0.087552,True,,,,,,,,,-0.163830,0.263009,0.394666,0.000000,0.000000,0.000000,0.000000,0.000000,0.000000,nan,nan,nan,nan,nan,nan
1781065931217800520,2026-06-10T11:32:11.217854,ground_truth,0.035842,0.032000,-0.083530,True,,,,,,,,,-0.163830,0.263009,0.394666,0.000000,0.000000,0.000000,0.000000,0.000000,0.000000,nan,nan,nan,nan,nan,nan
1781065931308593642,2026-06-10T11:32:11.308627,ground_truth,0.035880,0.054000,-0.076724,True,,,,,,,,,-0.163830,0.263009,0.394666,0.000000,0.000000,0.000000,0.000000,0.000000,0.000000,nan,nan,nan,nan,nan,nan
1781065931447402568,2026-06-10T11:32:11.447451,ground_truth,0.034687,0.053000,-0.079419,True,,,,,,,,,-0.163830,0.263009,0.394666,0.000000,0.000000,0.000000,0.000000,0.000000,0.000000,nan,nan,nan,nan,nan,nan
1781065931598573755,2026-06-10T11:32:11.598626,ground_truth,0.034656,0.044000,-0.087063,True,,,,,,,,,-0.163830,0.263009,0.394666,0.000000,0.000000,0.000000,0.000000,0.000000,0.000000,nan,nan,nan,nan,nan,nan
1781065931687831456,2026-06-10T11:32:11.687882,ground_truth,0.032404,0.068000,-0.091083,True,,,,,,,,,-0.163830,0.263009,0.394666,0.000000,0.000000,0.000000,0.000000,0.000000,0.000000,nan,nan,nan,nan,nan,nan
1781065931761644677,2026-06-10T11:32:11.761692,ground_truth,0.031246,0.069000,-0.096579,True,,,,,,,,,-0.163830,0.263009,0.394666,0.000000,0.000000,0.000000,0.000000,0.000000,0.000000,nan,nan,nan,nan,nan,nan
1781065931840667454,2026-06-10T11:32:11.840716,ground_truth,0.015629,0.053000,-0.104467,True,,,,,,,,,-0.163830,0.263009,0.394666,0.000000,0.000000,0.000000,0.000000,0.000000,0.000000,nan,nan,nan,nan,nan,nan
1781065931970616226,2026-06-10T11:32:11.970663,ground_truth,0.015599,0.052000,-0.103620,True,,,,,,,,,-0.163830,0.263009,0.394666,0.000000,0.000000,0.000000,0.000000,0.000000,0.000000,nan,nan,nan,nan,nan,nan
1781065932040074617,2026-06-10T11:32:12.040114,ground_truth,0.016680,0.048000,-0.105002,True,,,,,,,,,-0.163830,0.263009,0.394666,0.000000,0.000000,0.000000,0.000000,0.000000,0.000000,nan,nan,nan,nan,nan,nan
1781065932159327489,2026-06-10T11:32:12.159358,ground_truth,0.016652,0.047000,-0.106550,True,,,,,,,,,-0.163830,0.263009,0.394666,0.000000,0.000000,0.000000,0.000000,0.000000,0.000000,nan,nan,nan,nan,nan,nan
1781065932267881446,2026-06-10T11:32:12.267925,ground_truth,0.018169,0.059000,-0.108299,True,,,,,,,,,-0.163830,0.263009,0.394666,0.000000,0.000000,0.000000,0.000000,0.000000,0.000000,nan,nan,nan,nan,nan,nan
1781065932343684367,2026-06-10T11:32:12.343731,ground_truth,0.017659,0.083000,-0.104344,True,,,,,,,,,-0.163830,0.263009,0.394666,0.000000,0.000000,0.000000,0.000000,0.000000,0.000000,nan,nan,nan,nan,nan,nan
1781065932425404109,2026-06-10T11:32:12.425440,ground_truth,0.017995,0.095000,-0.105619,True,,,,,,,,,-0.163830,0.263009,0.394666,0.000000,0.000000,0.000000,0.000000,0.000000,0.000000,nan,nan,nan,nan,nan,nan
1781065932552730091,2026-06-10T11:32:12.552771,ground_truth,0.017911,0.092000,-0.112373,True,,,,,,,,,-0.163830,0.263009,0.394666,0.000000,0.000000,0.000000,0.000000,0.000000,0.000000,nan,nan,nan,nan,nan,nan
1781065932641527137,2026-06-10T11:32:12.641569,ground_truth,0.025620,0.081000,-0.116535,True,,,,,,,,,-0.163830,0.263009,0.394666,0.000000,0.000000,0.000000,0.000000,0.000000,0.000000,nan,nan,nan,nan,nan,nan
1781065932778299892,2026-06-10T11:32:12.778343,ground_truth,0.045031,0.086000,-0.114643,True,,,,,,,,,-0.163830,0.263009,0.394666,0.000000,0.000000,0.000000,0.000000,0.000000,0.000000,nan,nan,nan,nan,nan,nan
1781065932862122382,2026-06-10T11:32:12.862154,ground_truth,0.054274,0.080000,-0.116914,True,,,,,,,,,-0.163830,0.263009,0.394666,0.000000,0.000000,0.000000,0.000000,0.000000,0.000000,nan,nan,nan,nan,nan,nan
1781065932941131629,2026-06-10T11:32:12.941167,ground_truth,0.060466,0.066000,-0.122211,True,,,,,,,,,-0.163830,0.263009,0.394666,0.000000,0.000000,0.000000,0.000000,0.000000,0.000000,nan,nan,nan,nan,nan,nan
1781065933024392814,2026-06-10T11:32:13.024439,ground_truth,0.056310,0.046000,-0.129778,True,,,,,,,,,-0.163830,0.263009,0.394666,0.000000,0.000000,0.000000,0.000000,0.000000,0.000000,nan,nan,nan,nan,nan,nan
1781065933115640846,2026-06-10T11:32:13.115681,ground_truth,0.054614,0.015000,-0.141508,True,,,,,,,,,-0.163830,0.263009,0.394666,0.000000,0.000000,0.000000,0.000000,0.000000,0.000000,nan,nan,nan,nan,nan,nan
1781065933292327985,2026-06-10T11:32:13.292362,ground_truth,0.058450,0.055000,-0.126373,True,,,,,,,,,-0.163830,0.263009,0.394666,0.000000,0.000000,0.000000,0.000000,0.000000,0.000000,nan,nan,nan,nan,nan,nan
1781065933420680459,2026-06-10T11:32:13.420740,ground_truth,0.056595,0.079000,-0.117292,True,,,,,,,,,-0.163830,0.263009,0.394666,0.000000,0.000000,0.000000,0.000000,0.000000,0.000000,nan,nan,nan,nan,nan,nan
1781065933502614477,2026-06-10T11:32:13.502660,ground_truth,0.055316,0.084000,-0.115400,True,,,,,,,,,-0.163830,0.263009,0.394666,0.000000,0.000000,0.000000,0.000000,0.000000,0.000000,nan,nan,nan,nan,nan,nan
1781065933584447035,2026-06-10T11:32:13.584488,ground_truth,0.053058,0.083000,-0.115779,True,,,,,,,,,-0.163830,0.263009,0.394666,0.000000,0.000000,0.000000,0.000000,0.000000,0.000000,nan,nan,nan,nan,nan,nan
1781065933656480111,2026-06-10T11:32:13.656518,ground_truth,0.052129,0.073000,-0.119562,True,,,,,,,,,-0.163830,0.263009,0.394666,0.000000,0.000000,0.000000,0.000000,0.000000,0.000000,nan,nan,nan,nan,nan,nan
1781065933731504034,2026-06-10T11:32:13.731548,ground_truth,0.052320,0.064000,-0.122968,True,,,,,,,,,-0.163830,0.263009,0.394666,0.000000,0.000000,0.000000,0.000000,0.000000,0.000000,nan,nan,nan,nan,nan,nan
1781065933856627399,2026-06-10T11:32:13.856662,ground_truth,0.053104,0.081000,-0.116535,True,,,,,,,,,-0.163830,0.263009,0.394666,0.000000,0.000000,0.000000,0.000000,0.000000,0.000000,nan,nan,nan,nan,nan,nan
1781065933912421421,2026-06-10T11:32:13.912516,ground_truth,0.052023,0.078000,-0.116519,True,,,,,,,,,-0.163830,0.263009,0.394666,0.000000,0.000000,0.000000,0.000000,0.000000,0.000000,nan,nan,nan,nan,nan,nan
1781065933971266696,2026-06-10T11:32:13.971331,ground_truth,0.057861,0.075000,-0.094516,True,,,,,,,,,-0.163830,0.263009,0.394666,0.000000,0.000000,0.000000,0.000000,0.000000,0.000000,nan,nan,nan,nan,nan,nan
1781065934050993350,2026-06-10T11:32:14.051033,ground_truth,0.072877,0.075000,-0.073697,True,,,,,,,,,-0.163830,0.263009,0.394666,0.000000,0.000000,0.000000,0.000000,0.000000,0.000000,nan,nan,nan,nan,nan,nan
1781065934135862950,2026-06-10T11:32:14.135902,ground_truth,0.104528,0.105000,-0.050979,True,,,,,,,,,-0.163830,0.263009,0.394666,0.000000,0.000000,0.000000,0.000000,0.000000,0.000000,nan,nan,nan,nan,nan,nan
1781065934211888702,2026-06-10T11:32:14.211933,ground_truth,0.127723,0.129000,-0.042841,True,,,,,,,,,-0.163830,0.263009,0.394666,0.000000,0.000000,0.000000,0.000000,0.000000,0.000000,nan,nan,nan,nan,nan,nan
1781065934269987341,2026-06-10T11:32:14.270015,ground_truth,0.141259,0.144000,-0.043664,True,,,,,,,,,-0.163830,0.263009,0.394666,0.000000,0.000000,0.000000,0.000000,0.000000,0.000000,nan,nan,nan,nan,nan,nan
1781065934320542121,2026-06-10T11:32:14.320595,ground_truth,0.146296,0.145000,-0.047529,True,,,,,,,,,-0.163830,0.263009,0.394666,0.000000,0.000000,0.000000,0.000000,0.000000,0.000000,nan,nan,nan,nan,nan,nan
1781065934414099580,2026-06-10T11:32:14.414192,ground_truth,0.144179,0.139000,-0.051478,True,,,,,,,,,-0.163830,0.263009,0.394666,0.000000,0.000000,0.000000,0.000000,0.000000,0.000000,nan,nan,nan,nan,nan,nan
1781065934481768222,2026-06-10T11:32:14.481815,ground_truth,0.143626,0.136000,-0.054524,True,,,,,,,,,-0.163830,0.263009,0.394666,0.000000,0.000000,0.000000,0.000000,0.000000,0.000000,nan,nan,nan,nan,nan,nan
1781065934555197131,2026-06-10T11:32:14.555223,ground_truth,0.142899,0.134000,-0.056213,True,,,,,,,,,-0.163830,0.263009,0.394666,0.000000,0.000000,0.000000,0.000000,0.000000,0.000000,nan,nan,nan,nan,nan,nan
1781065934612776900,2026-06-10T11:32:14.612816,ground_truth,0.147846,0.136000,-0.055581,True,,,,,,,,,-0.163830,0.263009,0.394666,0.000000,0.000000,0.000000,0.000000,0.000000,0.000000,nan,nan,nan,nan,nan,nan
1781065934674215923,2026-06-10T11:32:14.674256,ground_truth,0.146791,0.136000,-0.057693,True,,,,,,,,,-0.163830,0.263009,0.394666,0.000000,0.000000,0.000000,0.000000,0.000000,0.000000,nan,nan,nan,nan,nan,nan
1781065934790647401,2026-06-10T11:32:14.790687,ground_truth,0.146450,0.138000,-0.058108,True,,,,,,,,,-0.163830,0.263009,0.394666,0.000000,0.000000,0.000000,0.000000,0.000000,0.000000,nan,nan,nan,nan,nan,nan
1781065934895749762,2026-06-10T11:32:14.895821,ground_truth,0.145567,0.137000,-0.058429,True,,,,,,,,,-0.163830,0.263009,0.394666,0.000000,0.000000,0.000000,0.000000,0.000000,0.000000,nan,nan,nan,nan,nan,nan
1781065935022375362,2026-06-10T11:32:15.022413,ground_truth,0.147157,0.140000,-0.057466,True,,,,,,,,,-0.163830,0.263009,0.394666,0.000000,0.000000,0.000000,0.000000,0.000000,0.000000,nan,nan,nan,nan,nan,nan
1781065935116714885,2026-06-10T11:32:15.116759,ground_truth,0.146450,0.138000,-0.059161,True,,,,,,,,,-0.163830,0.263009,0.394666,0.000000,0.000000,0.000000,0.000000,0.000000,0.000000,nan,nan,nan,nan,nan,nan
1781065935191843765,2026-06-10T11:32:15.191879,ground_truth,0.146813,0.142000,-0.058918,True,,,,,,,,,-0.163830,0.263009,0.394666,0.000000,0.000000,0.000000,0.000000,0.000000,0.000000,nan,nan,nan,nan,nan,nan
1781065935279484403,2026-06-10T11:32:15.279603,ground_truth,0.145768,0.142000,-0.059964,True,,,,,,,,,-0.163830,0.263009,0.394666,0.000000,0.000000,0.000000,0.000000,0.000000,0.000000,nan,nan,nan,nan,nan,nan
1781065935346766740,2026-06-10T11:32:15.346801,ground_truth,0.146109,0.140000,-0.060616,True,,,,,,,,,-0.163830,0.263009,0.394666,0.000000,0.000000,0.000000,0.000000,0.000000,0.000000,nan,nan,nan,nan,nan,nan
1781065935416007117,2026-06-10T11:32:15.416032,ground_truth,0.146109,0.140000,-0.060616,True,,,,,,,,,-0.163830,0.263009,0.394666,0.000000,0.000000,0.000000,0.000000,0.000000,0.000000,nan,nan,nan,nan,nan,nan
1781065935499296140,2026-06-10T11:32:15.499330,ground_truth,0.146985,0.141000,-0.060290,True,,,,,,,,,-0.163830,0.263009,0.394666,0.000000,0.000000,0.000000,0.000000,0.000000,0.000000,nan,nan,nan,nan,nan,nan
1781065935555727189,2026-06-10T11:32:15.555758,ground_truth,0.147157,0.140000,-0.061666,True,,,,,,,,,-0.163830,0.263009,0.394666,0.000000,0.000000,0.000000,0.000000,0.000000,0.000000,nan,nan,nan,nan,nan,nan
1781065935639205555,2026-06-10T11:32:15.639243,ground_truth,0.145061,0.140000,-0.061666,True,,,,,,,,,-0.163830,0.263009,0.394666,0.000000,0.000000,0.000000,0.000000,0.000000,0.000000,nan,nan,nan,nan,nan,nan
1781065935718768268,2026-06-10T11:32:15.718814,ground_truth,0.146109,0.140000,-0.061666,True,,,,,,,,,-0.163830,0.263009,0.394666,0.000000,0.000000,0.000000,0.000000,0.000000,0.000000,nan,nan,nan,nan,nan,nan
1781065935770881444,2026-06-10T11:32:15.770923,ground_truth,0.147157,0.140000,-0.061666,True,,,,,,,,,-0.163830,0.263009,0.394666,0.000000,0.000000,0.000000,0.000000,0.000000,0.000000,nan,nan,nan,nan,nan,nan
1781065935872171337,2026-06-10T11:32:15.872201,ground_truth,0.146985,0.141000,-0.061338,True,,,,,,,,,-0.163830,0.263009,0.394666,0.000000,0.000000,0.000000,0.000000,0.000000,0.000000,nan,nan,nan,nan,nan,nan
1781065935969515019,2026-06-10T11:32:15.969553,ground_truth,0.146813,0.142000,-0.062057,True,,,,,,,,,-0.163830,0.263009,0.394666,0.000000,0.000000,0.000000,0.000000,0.000000,0.000000,nan,nan,nan,nan,nan,nan
1781065936020934885,2026-06-10T11:32:16.020974,ground_truth,0.145938,0.141000,-0.062387,True,,,,,,,,,-0.163830,0.263009,0.394666,0.000000,0.000000,0.000000,0.000000,0.000000,0.000000,nan,nan,nan,nan,nan,nan
1781065936093808675,2026-06-10T11:32:16.093856,ground_truth,0.146641,0.143000,-0.061728,True,,,,,,,,,-0.163830,0.263009,0.394666,0.000000,0.000000,0.000000,0.000000,0.000000,0.000000,nan,nan,nan,nan,nan,nan
1781065936152498657,2026-06-10T11:32:16.152561,ground_truth,0.146641,0.143000,-0.061728,True,,,,,,,,,-0.163830,0.263009,0.394666,0.000000,0.000000,0.000000,0.000000,0.000000,0.000000,nan,nan,nan,nan,nan,nan
1781065936224315482,2026-06-10T11:32:16.224367,ground_truth,0.146469,0.144000,-0.061399,True,,,,,,,,,-0.163830,0.263009,0.394666,0.000000,0.000000,0.000000,0.000000,0.000000,0.000000,nan,nan,nan,nan,nan,nan
1781065936316476718,2026-06-10T11:32:16.316506,ground_truth,0.145938,0.141000,-0.062387,True,,,,,,,,,-0.163830,0.263009,0.394666,0.000000,0.000000,0.000000,0.000000,0.000000,0.000000,nan,nan,nan,nan,nan,nan
1781065936410123241,2026-06-10T11:32:16.410158,ground_truth,0.145938,0.141000,-0.063435,True,,,,,,,,,-0.163830,0.263009,0.394666,0.000000,0.000000,0.000000,0.000000,0.000000,0.000000,nan,nan,nan,nan,nan,nan
1781065936505430163,2026-06-10T11:32:16.505460,ground_truth,0.145768,0.142000,-0.063104,True,,,,,,,,,-0.163830,0.263009,0.394666,0.000000,0.000000,0.000000,0.000000,0.000000,0.000000,nan,nan,nan,nan,nan,nan
1781065936575456679,2026-06-10T11:32:16.575491,ground_truth,0.147510,0.144000,-0.062443,True,,,,,,,,,-0.163830,0.263009,0.394666,0.000000,0.000000,0.000000,0.000000,0.000000,0.000000,nan,nan,nan,nan,nan,nan
1781065936689993459,2026-06-10T11:32:16.690027,ground_truth,0.146469,0.144000,-0.062443,True,,,,,,,,,-0.163830,0.263009,0.394666,0.000000,0.000000,0.000000,0.000000,0.000000,0.000000,nan,nan,nan,nan,nan,nan
1781065936802300417,2026-06-10T11:32:16.802333,ground_truth,0.146469,0.144000,-0.062443,True,,,,,,,,,-0.163830,0.263009,0.394666,0.000000,0.000000,0.000000,0.000000,0.000000,0.000000,nan,nan,nan,nan,nan,nan
1781065936891902559,2026-06-10T11:32:16.892000,ground_truth,0.146469,0.144000,-0.062443,True,,,,,,,,,-0.163830,0.263009,0.394666,0.000000,0.000000,0.000000,0.000000,0.000000,0.000000,nan,nan,nan,nan,nan,nan
1781065936992480645,2026-06-10T11:32:16.992515,ground_truth,0.146985,0.141000,-0.063435,True,,,,,,,,,-0.163830,0.263009,0.394666,0.000000,0.000000,0.000000,0.000000,0.000000,0.000000,nan,nan,nan,nan,nan,nan
1781065937090087439,2026-06-10T11:32:17.090120,ground_truth,0.146813,0.142000,-0.063104,True,,,,,,,,,-0.163830,0.263009,0.394666,0.000000,0.000000,0.000000,0.000000,0.000000,0.000000,nan,nan,nan,nan,nan,nan
1781065937153808708,2026-06-10T11:32:17.153844,ground_truth,0.147510,0.144000,-0.063486,True,,,,,,,,,-0.163830,0.263009,0.394666,0.000000,0.000000,0.000000,0.000000,0.000000,0.000000,nan,nan,nan,nan,nan,nan
1781065937208560162,2026-06-10T11:32:17.208605,ground_truth,0.147858,0.142000,-0.064151,True,,,,,,,,,-0.163830,0.263009,0.394666,0.000000,0.000000,0.000000,0.000000,0.000000,0.000000,nan,nan,nan,nan,nan,nan
1781065937262332063,2026-06-10T11:32:17.262368,ground_truth,0.147858,0.142000,-0.064151,True,,,,,,,,,-0.163830,0.263009,0.394666,0.000000,0.000000,0.000000,0.000000,0.000000,0.000000,nan,nan,nan,nan,nan,nan
1781065937324320032,2026-06-10T11:32:17.324369,ground_truth,0.145768,0.142000,-0.064151,True,,,,,,,,,-0.163830,0.263009,0.394666,0.000000,0.000000,0.000000,0.000000,0.000000,0.000000,nan,nan,nan,nan,nan,nan
1781065937420391238,2026-06-10T11:32:17.420431,ground_truth,0.145768,0.142000,-0.064151,True,,,,,,,,,-0.163830,0.263009,0.394666,0.000000,0.000000,0.000000,0.000000,0.000000,0.000000,nan,nan,nan,nan,nan,nan
1781065937496874551,2026-06-10T11:32:17.496908,ground_truth,0.144723,0.142000,-0.064151,True,,,,,,,,,-0.163830,0.263009,0.394666,0.000000,0.000000,0.000000,0.000000,0.000000,0.000000,nan,nan,nan,nan,nan,nan
1781065937548096790,2026-06-10T11:32:17.548135,ground_truth,0.144723,0.142000,-0.064151,True,,,,,,,,,-0.163830,0.263009,0.394666,0.000000,0.000000,0.000000,0.000000,0.000000,0.000000,nan,nan,nan,nan,nan,nan
1781065937600125302,2026-06-10T11:32:17.600167,ground_truth,0.144892,0.141000,-0.064483,True,,,,,,,,,-0.163830,0.263009,0.394666,0.000000,0.000000,0.000000,0.000000,0.000000,0.000000,nan,nan,nan,nan,nan,nan
1781065937652144607,2026-06-10T11:32:17.652181,ground_truth,0.143510,0.143000,-0.063818,True,,,,,,,,,-0.163830,0.263009,0.394666,0.000000,0.000000,0.000000,0.000000,0.000000,0.000000,nan,nan,nan,nan,nan,nan
1781065937730992328,2026-06-10T11:32:17.731021,ground_truth,0.143845,0.141000,-0.064483,True,,,,,,,,,-0.163830,0.263009,0.394666,0.000000,0.000000,0.000000,0.000000,0.000000,0.000000,nan,nan,nan,nan,nan,nan
1781065937804326163,2026-06-10T11:32:17.804388,ground_truth,0.144012,0.140000,-0.064815,True,,,,,,,,,-0.163830,0.263009,0.394666,0.000000,0.000000,0.000000,0.000000,0.000000,0.000000,nan,nan,nan,nan,nan,nan
1781065937866012143,2026-06-10T11:32:17.866170,ground_truth,0.143678,0.142000,-0.065197,True,,,,,,,,,-0.163830,0.263009,0.394666,0.000000,0.000000,0.000000,0.000000,0.000000,0.000000,nan,nan,nan,nan,nan,nan
1781065937978891297,2026-06-10T11:32:17.978929,ground_truth,0.143678,0.142000,-0.065197,True,,,,,,,,,-0.163830,0.263009,0.394666,0.000000,0.000000,0.000000,0.000000,0.000000,0.000000,nan,nan,nan,nan,nan,nan
1781065938058348353,2026-06-10T11:32:18.058380,ground_truth,0.145061,0.140000,-0.065865,True,,,,,,,,,-0.163830,0.263009,0.394666,0.000000,0.000000,0.000000,0.000000,0.000000,0.000000,nan,nan,nan,nan,nan,nan
1781065938165548520,2026-06-10T11:32:18.165605,ground_truth,0.144892,0.141000,-0.065531,True,,,,,,,,,-0.163830,0.263009,0.394666,0.000000,0.000000,0.000000,0.000000,0.000000,0.000000,nan,nan,nan,nan,nan,nan
1781065938230866578,2026-06-10T11:32:18.230910,ground_truth,0.145768,0.142000,-0.065197,True,,,,,,,,,-0.163830,0.263009,0.394666,0.000000,0.000000,0.000000,0.000000,0.000000,0.000000,nan,nan,nan,nan,nan,nan
1781065938322473862,2026-06-10T11:32:18.322515,ground_truth,0.145938,0.141000,-0.065531,True,,,,,,,,,-0.163830,0.263009,0.394666,0.000000,0.000000,0.000000,0.000000,0.000000,0.000000,nan,nan,nan,nan,nan,nan
1781065938381845288,2026-06-10T11:32:18.381883,ground_truth,0.146279,0.139000,-0.065148,True,,,,,,,,,-0.163830,0.263009,0.394666,0.000000,0.000000,0.000000,0.000000,0.000000,0.000000,nan,nan,nan,nan,nan,nan
1781065938437092153,2026-06-10T11:32:18.437129,ground_truth,0.146109,0.140000,-0.064815,True,,,,,,,,,-0.163830,0.263009,0.394666,0.000000,0.000000,0.000000,0.000000,0.000000,0.000000,nan,nan,nan,nan,nan,nan
1781065938496421586,2026-06-10T11:32:18.496478,ground_truth,0.147157,0.140000,-0.064815,True,,,,,,,,,-0.163830,0.263009,0.394666,0.000000,0.000000,0.000000,0.000000,0.000000,0.000000,nan,nan,nan,nan,nan,nan
1781065938568577861,2026-06-10T11:32:18.568626,ground_truth,0.147157,0.140000,-0.064815,True,,,,,,,,,-0.163830,0.263009,0.394666,0.000000,0.000000,0.000000,0.000000,0.000000,0.000000,nan,nan,nan,nan,nan,nan
1781065938627987626,2026-06-10T11:32:18.628021,ground_truth,0.147157,0.140000,-0.064815,True,,,,,,,,,-0.163830,0.263009,0.394666,0.000000,0.000000,0.000000,0.000000,0.000000,0.000000,nan,nan,nan,nan,nan,nan
1781065938705317671,2026-06-10T11:32:18.705352,ground_truth,0.147157,0.140000,-0.064815,True,,,,,,,,,-0.163830,0.263009,0.394666,0.000000,0.000000,0.000000,0.000000,0.000000,0.000000,nan,nan,nan,nan,nan,nan
1781065938780661124,2026-06-10T11:32:18.780723,ground_truth,0.147157,0.140000,-0.064815,True,,,,,,,,,-0.163830,0.263009,0.394666,0.000000,0.000000,0.000000,0.000000,0.000000,0.000000,nan,nan,nan,nan,nan,nan
1781065938856721618,2026-06-10T11:32:18.856764,ground_truth,0.146985,0.141000,-0.064483,True,,,,,,,,,-0.163830,0.263009,0.394666,0.000000,0.000000,0.000000,0.000000,0.000000,0.000000,nan,nan,nan,nan,nan,nan
1781065944629663612,2026-06-10T11:32:24.629689,ground_truth,0.107883,-0.645000,-0.210143,True,,,,,,,,,-0.163830,0.263009,0.394666,0.000000,0.000000,0.000000,0.000000,0.000000,0.000000,nan,nan,nan,nan,nan,nan
1781065944962327838,2026-06-10T11:32:24.962359,ground_truth,0.107715,-0.644000,-0.209817,True,,,,,,,,,-0.163830,0.263009,0.394666,0.000000,0.000000,0.000000,0.000000,0.000000,0.000000,nan,nan,nan,nan,nan,nan
1781065945034380014,2026-06-10T11:32:25.034406,ground_truth,0.107548,-0.643000,-0.210548,True,,,,,,,,,-0.163830,0.263009,0.394666,0.000000,0.000000,0.000000,0.000000,0.000000,0.000000,nan,nan,nan,nan,nan,nan
1781065945118355665,2026-06-10T11:32:25.118385,ground_truth,0.108603,-0.643000,-0.210548,True,,,,,,,,,-0.163830,0.263009,0.394666,0.000000,0.000000,0.000000,0.000000,0.000000,0.000000,nan,nan,nan,nan,nan,nan
1781065945194554043,2026-06-10T11:32:25.194607,ground_truth,0.108434,-0.642000,-0.210220,True,,,,,,,,,-0.163830,0.263009,0.394666,0.000000,0.000000,0.000000,0.000000,0.000000,0.000000,nan,nan,nan,nan,nan,nan
1781065945272455973,2026-06-10T11:32:25.272495,ground_truth,0.109317,-0.641000,-0.210946,True,,,,,,,,,-0.163830,0.263009,0.394666,0.000000,0.000000,0.000000,0.000000,0.000000,0.000000,nan,nan,nan,nan,nan,nan
1781065945358406926,2026-06-10T11:32:25.358445,ground_truth,0.110024,-0.639000,-0.210288,True,,,,,,,,,-0.163830,0.263009,0.394666,0.000000,0.000000,0.000000,0.000000,0.000000,0.000000,nan,nan,nan,nan,nan,nan
1781065945423780743,2026-06-10T11:32:25.423814,ground_truth,0.109146,-0.640000,-0.210617,True,,,,,,,,,-0.163830,0.263009,0.394666,0.000000,0.000000,0.000000,0.000000,0.000000,0.000000,nan,nan,nan,nan,nan,nan
1781065945505200884,2026-06-10T11:32:25.505227,ground_truth,0.110369,-0.641000,-0.210946,True,,,,,,,,,-0.163830,0.263009,0.394666,0.000000,0.000000,0.000000,0.000000,0.000000,0.000000,nan,nan,nan,nan,nan,nan
1781065945570592397,2026-06-10T11:32:25.570628,ground_truth,0.110196,-0.640000,-0.210617,True,,,,,,,,,-0.163830,0.263009,0.394666,0.000000,0.000000,0.000000,0.000000,0.000000,0.000000,nan,nan,nan,nan,nan,nan
1781065945616807564,2026-06-10T11:32:25.616839,ground_truth,0.112992,-0.638000,-0.209959,True,,,,,,,,,-0.163830,0.263009,0.394666,0.000000,0.000000,0.000000,0.000000,0.000000,0.000000,nan,nan,nan,nan,nan,nan
1781065945673233377,2026-06-10T11:32:25.673270,ground_truth,0.113169,-0.639000,-0.210288,True,,,,,,,,,-0.163830,0.263009,0.394666,0.000000,0.000000,0.000000,0.000000,0.000000,0.000000,nan,nan,nan,nan,nan,nan
1781065945737933800,2026-06-10T11:32:25.737969,ground_truth,0.113169,-0.639000,-0.210288,True,,,,,,,,,-0.163830,0.263009,0.394666,0.000000,0.000000,0.000000,0.000000,0.000000,0.000000,nan,nan,nan,nan,nan,nan
1781065945816405367,2026-06-10T11:32:25.816436,ground_truth,0.112815,-0.637000,-0.209629,True,,,,,,,,,-0.163830,0.263009,0.394666,0.000000,0.000000,0.000000,0.000000,0.000000,0.000000,nan,nan,nan,nan,nan,nan
1781065945885267304,2026-06-10T11:32:25.885295,ground_truth,0.113169,-0.639000,-0.210288,True,,,,,,,,,-0.163830,0.263009,0.394666,0.000000,0.000000,0.000000,0.000000,0.000000,0.000000,nan,nan,nan,nan,nan,nan
1781065945943062143,2026-06-10T11:32:25.943094,ground_truth,0.112815,-0.637000,-0.209629,True,,,,,,,,,-0.163830,0.263009,0.394666,0.000000,0.000000,0.000000,0.000000,0.000000,0.000000,nan,nan,nan,nan,nan,nan
1781065946003618474,2026-06-10T11:32:26.003650,ground_truth,0.112284,-0.634000,-0.208642,True,,,,,,,,,-0.163830,0.263009,0.394666,0.000000,0.000000,0.000000,0.000000,0.000000,0.000000,nan,nan,nan,nan,nan,nan
1781065946081426397,2026-06-10T11:32:26.081465,ground_truth,0.110377,-0.635000,-0.208971,True,,,,,,,,,-0.163830,0.263009,0.394666,0.000000,0.000000,0.000000,0.000000,0.000000,0.000000,nan,nan,nan,nan,nan,nan
1781065946133074220,2026-06-10T11:32:26.133106,ground_truth,0.110030,-0.633000,-0.208313,True,,,,,,,,,-0.163830,0.263009,0.394666,0.000000,0.000000,0.000000,0.000000,0.000000,0.000000,nan,nan,nan,nan,nan,nan
1781065946202892060,2026-06-10T11:32:26.202921,ground_truth,0.106914,-0.633000,-0.208313,True,,,,,,,,,-0.163830,0.263009,0.394666,0.000000,0.000000,0.000000,0.000000,0.000000,0.000000,nan,nan,nan,nan,nan,nan
1781065946271141155,2026-06-10T11:32:26.271171,ground_truth,0.104454,-0.637000,-0.209629,True,,,,,,,,,-0.163830,0.263009,0.394666,0.000000,0.000000,0.000000,0.000000,0.000000,0.000000,nan,nan,nan,nan,nan,nan
1781065946320122966,2026-06-10T11:32:26.320157,ground_truth,0.104454,-0.637000,-0.209629,True,,,,,,,,,-0.163830,0.263009,0.394666,0.000000,0.000000,0.000000,0.000000,0.000000,0.000000,nan,nan,nan,nan,nan,nan
1781065946377628405,2026-06-10T11:32:26.377660,ground_truth,0.103085,-0.635000,-0.210015,True,,,,,,,,,-0.163830,0.263009,0.394666,0.000000,0.000000,0.000000,0.000000,0.000000,0.000000,nan,nan,nan,nan,nan,nan
1781065946453305960,2026-06-10T11:32:26.453337,ground_truth,0.102364,-0.637000,-0.210676,True,,,,,,,,,-0.163830,0.263009,0.394666,0.000000,0.000000,0.000000,0.000000,0.000000,0.000000,nan,nan,nan,nan,nan,nan
1781065946498243692,2026-06-10T11:32:26.498265,ground_truth,0.102043,-0.635000,-0.211058,True,,,,,,,,,-0.163830,0.263009,0.394666,0.000000,0.000000,0.000000,0.000000,0.000000,0.000000,nan,nan,nan,nan,nan,nan
1781065946567771961,2026-06-10T11:32:26.567805,ground_truth,0.103734,-0.639000,-0.212387,True,,,,,,,,,-0.163830,0.263009,0.394666,0.000000,0.000000,0.000000,0.000000,0.000000,0.000000,nan,nan,nan,nan,nan,nan
1781065946630962275,2026-06-10T11:32:26.630995,ground_truth,0.103247,-0.636000,-0.211390,True,,,,,,,,,-0.163830,0.263009,0.394666,0.000000,0.000000,0.000000,0.000000,0.000000,0.000000,nan,nan,nan,nan,nan,nan
1781065946695326431,2026-06-10T11:32:26.695357,ground_truth,0.104454,-0.637000,-0.211723,True,,,,,,,,,-0.163830,0.263009,0.394666,0.000000,0.000000,0.000000,0.000000,0.000000,0.000000,nan,nan,nan,nan,nan,nan
1781065946782137792,2026-06-10T11:32:26.782160,ground_truth,0.104618,-0.638000,-0.212055,True,,,,,,,,,-0.163830,0.263009,0.394666,0.000000,0.000000,0.000000,0.000000,0.000000,0.000000,nan,nan,nan,nan,nan,nan
1781065946829881361,2026-06-10T11:32:26.829904,ground_truth,0.106210,-0.635000,-0.211058,True,,,,,,,,,-0.163830,0.263009,0.394666,0.000000,0.000000,0.000000,0.000000,0.000000,0.000000,nan,nan,nan,nan,nan,nan
1781065946880592195,2026-06-10T11:32:26.880630,ground_truth,0.105334,-0.636000,-0.211390,True,,,,,,,,,-0.163830,0.263009,0.394666,0.000000,0.000000,0.000000,0.000000,0.000000,0.000000,nan,nan,nan,nan,nan,nan
1781065946931599470,2026-06-10T11:32:26.931635,ground_truth,0.105665,-0.638000,-0.212055,True,,,,,,,,,-0.163830,0.263009,0.394666,0.000000,0.000000,0.000000,0.000000,0.000000,0.000000,nan,nan,nan,nan,nan,nan
1781065946977269269,2026-06-10T11:32:26.977295,ground_truth,0.105500,-0.637000,-0.211723,True,,,,,,,,,-0.163830,0.263009,0.394666,0.000000,0.000000,0.000000,0.000000,0.000000,0.000000,nan,nan,nan,nan,nan,nan
1781065947025295446,2026-06-10T11:32:27.025323,ground_truth,0.105500,-0.637000,-0.211723,True,,,,,,,,,-0.163830,0.263009,0.394666,0.000000,0.000000,0.000000,0.000000,0.000000,0.000000,nan,nan,nan,nan,nan,nan
1781065947069875186,2026-06-10T11:32:27.069905,ground_truth,0.105500,-0.637000,-0.211723,True,,,,,,,,,-0.163830,0.263009,0.394666,0.000000,0.000000,0.000000,0.000000,0.000000,0.000000,nan,nan,nan,nan,nan,nan
1781065947118793937,2026-06-10T11:32:27.118828,ground_truth,0.104782,-0.639000,-0.212387,True,,,,,,,,,-0.163830,0.263009,0.394666,0.000000,0.000000,0.000000,0.000000,0.000000,0.000000,nan,nan,nan,nan,nan,nan
1781065947176842523,2026-06-10T11:32:27.176875,ground_truth,0.104454,-0.637000,-0.211723,True,,,,,,,,,-0.163830,0.263009,0.394666,0.000000,0.000000,0.000000,0.000000,0.000000,0.000000,nan,nan,nan,nan,nan,nan
1781065947224065941,2026-06-10T11:32:27.224110,ground_truth,0.105334,-0.636000,-0.211390,True,,,,,,,,,-0.163830,0.263009,0.394666,0.000000,0.000000,0.000000,0.000000,0.000000,0.000000,nan,nan,nan,nan,nan,nan
1781065947271093296,2026-06-10T11:32:27.271122,ground_truth,0.105168,-0.635000,-0.211058,True,,,,,,,,,-0.163830,0.263009,0.394666,0.000000,0.000000,0.000000,0.000000,0.000000,0.000000,nan,nan,nan,nan,nan,nan
1781065947316934349,2026-06-10T11:32:27.316962,ground_truth,0.104454,-0.637000,-0.211723,True,,,,,,,,,-0.163830,0.263009,0.394666,0.000000,0.000000,0.000000,0.000000,0.000000,0.000000,nan,nan,nan,nan,nan,nan
1781065947364208273,2026-06-10T11:32:27.364248,ground_truth,0.104618,-0.638000,-0.212055,True,,,,,,,,,-0.163830,0.263009,0.394666,0.000000,0.000000,0.000000,0.000000,0.000000,0.000000,nan,nan,nan,nan,nan,nan
1781065947411345922,2026-06-10T11:32:27.411381,ground_truth,0.104454,-0.637000,-0.212769,True,,,,,,,,,-0.163830,0.263009,0.394666,0.000000,0.000000,0.000000,0.000000,0.000000,0.000000,nan,nan,nan,nan,nan,nan
1781065947461350465,2026-06-10T11:32:27.461383,ground_truth,0.103409,-0.637000,-0.212769,True,,,,,,,,,-0.163830,0.263009,0.394666,0.000000,0.000000,0.000000,0.000000,0.000000,0.000000,nan,nan,nan,nan,nan,nan
1781065947515396262,2026-06-10T11:32:27.515465,ground_truth,0.103734,-0.639000,-0.213437,True,,,,,,,,,-0.163830,0.263009,0.394666,0.000000,0.000000,0.000000,0.000000,0.000000,0.000000,nan,nan,nan,nan,nan,nan
1781065947568454320,2026-06-10T11:32:27.568483,ground_truth,0.103085,-0.635000,-0.212101,True,,,,,,,,,-0.163830,0.263009,0.394666,0.000000,0.000000,0.000000,0.000000,0.000000,0.000000,nan,nan,nan,nan,nan,nan
1781065947614247024,2026-06-10T11:32:27.614373,ground_truth,0.103409,-0.637000,-0.212769,True,,,,,,,,,-0.163830,0.263009,0.394666,0.000000,0.000000,0.000000,0.000000,0.000000,0.000000,nan,nan,nan,nan,nan,nan
1781065947660465918,2026-06-10T11:32:27.660501,ground_truth,0.103409,-0.637000,-0.212769,True,,,,,,,,,-0.163830,0.263009,0.394666,0.000000,0.000000,0.000000,0.000000,0.000000,0.000000,nan,nan,nan,nan,nan,nan
1781065947727356997,2026-06-10T11:32:27.727400,ground_truth,0.103409,-0.637000,-0.212769,True,,,,,,,,,-0.163830,0.263009,0.394666,0.000000,0.000000,0.000000,0.000000,0.000000,0.000000,nan,nan,nan,nan,nan,nan
1781065947782365567,2026-06-10T11:32:27.782433,ground_truth,0.104454,-0.637000,-0.212769,True,,,,,,,,,-0.163830,0.263009,0.394666,0.000000,0.000000,0.000000,0.000000,0.000000,0.000000,nan,nan,nan,nan,nan,nan
1781065947847759818,2026-06-10T11:32:27.847789,ground_truth,0.104454,-0.637000,-0.212769,True,,,,,,,,,-0.163830,0.263009,0.394666,0.000000,0.000000,0.000000,0.000000,0.000000,0.000000,nan,nan,nan,nan,nan,nan
1781065947901254223,2026-06-10T11:32:27.901293,ground_truth,0.103409,-0.637000,-0.212769,True,,,,,,,,,-0.163830,0.263009,0.394666,0.000000,0.000000,0.000000,0.000000,0.000000,0.000000,nan,nan,nan,nan,nan,nan
1781065947953457958,2026-06-10T11:32:27.953492,ground_truth,0.103247,-0.636000,-0.212435,True,,,,,,,,,-0.163830,0.263009,0.394666,0.000000,0.000000,0.000000,0.000000,0.000000,0.000000,nan,nan,nan,nan,nan,nan
1781065947998934479,2026-06-10T11:32:27.998969,ground_truth,0.105500,-0.637000,-0.212769,True,,,,,,,,,-0.163830,0.263009,0.394666,0.000000,0.000000,0.000000,0.000000,0.000000,0.000000,nan,nan,nan,nan,nan,nan
1781065948048681852,2026-06-10T11:32:28.048743,ground_truth,0.105334,-0.636000,-0.212435,True,,,,,,,,,-0.163830,0.263009,0.394666,0.000000,0.000000,0.000000,0.000000,0.000000,0.000000,nan,nan,nan,nan,nan,nan
1781065948123640526,2026-06-10T11:32:28.123676,ground_truth,0.104454,-0.637000,-0.212769,True,,,,,,,,,-0.163830,0.263009,0.394666,0.000000,0.000000,0.000000,0.000000,0.000000,0.000000,nan,nan,nan,nan,nan,nan
1781065948204110111,2026-06-10T11:32:28.204135,ground_truth,0.104454,-0.637000,-0.212769,True,,,,,,,,,-0.163830,0.263009,0.394666,0.000000,0.000000,0.000000,0.000000,0.000000,0.000000,nan,nan,nan,nan,nan,nan
1781065948325409204,2026-06-10T11:32:28.325443,ground_truth,0.104782,-0.639000,-0.214487,True,,,,,,,,,-0.163830,0.263009,0.394666,0.000000,0.000000,0.000000,0.000000,0.000000,0.000000,nan,nan,nan,nan,nan,nan
1781065948491811937,2026-06-10T11:32:28.491851,ground_truth,0.104126,-0.635000,-0.213144,True,,,,,,,,,-0.163830,0.263009,0.394666,0.000000,0.000000,0.000000,0.000000,0.000000,0.000000,nan,nan,nan,nan,nan,nan
1781065948607896259,2026-06-10T11:32:28.607962,ground_truth,0.104454,-0.637000,-0.213816,True,,,,,,,,,-0.163830,0.263009,0.394666,0.000000,0.000000,0.000000,0.000000,0.000000,0.000000,nan,nan,nan,nan,nan,nan
1781065948738243809,2026-06-10T11:32:28.738277,ground_truth,0.104454,-0.637000,-0.213816,True,,,,,,,,,-0.163830,0.263009,0.394666,0.000000,0.000000,0.000000,0.000000,0.000000,0.000000,nan,nan,nan,nan,nan,nan
1781065948827621840,2026-06-10T11:32:28.827664,ground_truth,0.104126,-0.635000,-0.213144,True,,,,,,,,,-0.163830,0.263009,0.394666,0.000000,0.000000,0.000000,0.000000,0.000000,0.000000,nan,nan,nan,nan,nan,nan
1781065948909003521,2026-06-10T11:32:28.909048,ground_truth,0.104782,-0.639000,-0.214487,True,,,,,,,,,-0.163830,0.263009,0.394666,0.000000,0.000000,0.000000,0.000000,0.000000,0.000000,nan,nan,nan,nan,nan,nan
1781065948986166019,2026-06-10T11:32:28.986207,ground_truth,0.104618,-0.638000,-0.214151,True,,,,,,,,,-0.163830,0.263009,0.394666,0.000000,0.000000,0.000000,0.000000,0.000000,0.000000,nan,nan,nan,nan,nan,nan
1781065949044067005,2026-06-10T11:32:29.044114,ground_truth,0.104290,-0.636000,-0.213480,True,,,,,,,,,-0.163830,0.263009,0.394666,0.000000,0.000000,0.000000,0.000000,0.000000,0.000000,nan,nan,nan,nan,nan,nan
1781065949105878335,2026-06-10T11:32:29.105922,ground_truth,0.104618,-0.638000,-0.214151,True,,,,,,,,,-0.163830,0.263009,0.394666,0.000000,0.000000,0.000000,0.000000,0.000000,0.000000,nan,nan,nan,nan,nan,nan
1781065949175289681,2026-06-10T11:32:29.175322,ground_truth,0.105168,-0.635000,-0.212101,True,,,,,,,,,-0.163830,0.263009,0.394666,0.000000,0.000000,0.000000,0.000000,0.000000,0.000000,nan,nan,nan,nan,nan,nan
1781065949236982249,2026-06-10T11:32:29.237014,ground_truth,0.105665,-0.638000,-0.213103,True,,,,,,,,,-0.163830,0.263009,0.394666,0.000000,0.000000,0.000000,0.000000,0.000000,0.000000,nan,nan,nan,nan,nan,nan
1781065949291363106,2026-06-10T11:32:29.291404,ground_truth,0.105500,-0.637000,-0.212769,True,,,,,,,,,-0.163830,0.263009,0.394666,0.000000,0.000000,0.000000,0.000000,0.000000,0.000000,nan,nan,nan,nan,nan,nan
1781065949369809995,2026-06-10T11:32:29.369841,ground_truth,0.105500,-0.637000,-0.212769,True,,,,,,,,,-0.163830,0.263009,0.394666,0.000000,0.000000,0.000000,0.000000,0.000000,0.000000,nan,nan,nan,nan,nan,nan
1781065949423455159,2026-06-10T11:32:29.423542,ground_truth,0.104837,-0.633000,-0.211433,True,,,,,,,,,-0.163830,0.263009,0.394666,0.000000,0.000000,0.000000,0.000000,0.000000,0.000000,nan,nan,nan,nan,nan,nan
1781065949470964897,2026-06-10T11:32:29.470997,ground_truth,0.105168,-0.635000,-0.212101,True,,,,,,,,,-0.163830,0.263009,0.394666,0.000000,0.000000,0.000000,0.000000,0.000000,0.000000,nan,nan,nan,nan,nan,nan
1781065949541163715,2026-06-10T11:32:29.541201,ground_truth,0.105168,-0.635000,-0.212101,True,,,,,,,,,-0.163830,0.263009,0.394666,0.000000,0.000000,0.000000,0.000000,0.000000,0.000000,nan,nan,nan,nan,nan,nan
1781065949607398771,2026-06-10T11:32:29.607438,ground_truth,0.104837,-0.633000,-0.211433,True,,,,,,,,,-0.163830,0.263009,0.394666,0.000000,0.000000,0.000000,0.000000,0.000000,0.000000,nan,nan,nan,nan,nan,nan
1781065949673465662,2026-06-10T11:32:29.673546,ground_truth,0.104126,-0.635000,-0.212101,True,,,,,,,,,-0.163830,0.263009,0.394666,0.000000,0.000000,0.000000,0.000000,0.000000,0.000000,nan,nan,nan,nan,nan,nan
1781065949728328515,2026-06-10T11:32:29.728368,ground_truth,0.104454,-0.637000,-0.212769,True,,,,,,,,,-0.163830,0.263009,0.394666,0.000000,0.000000,0.000000,0.000000,0.000000,0.000000,nan,nan,nan,nan,nan,nan
1781065949777490915,2026-06-10T11:32:29.777525,ground_truth,0.104126,-0.635000,-0.212101,True,,,,,,,,,-0.163830,0.263009,0.394666,0.000000,0.000000,0.000000,0.000000,0.000000,0.000000,nan,nan,nan,nan,nan,nan
1781065949837185183,2026-06-10T11:32:29.837224,ground_truth,0.104126,-0.635000,-0.212101,True,,,,,,,,,-0.163830,0.263009,0.394666,0.000000,0.000000,0.000000,0.000000,0.000000,0.000000,nan,nan,nan,nan,nan,nan
1781065949893906402,2026-06-10T11:32:29.893950,ground_truth,0.104290,-0.636000,-0.212435,True,,,,,,,,,-0.163830,0.263009,0.394666,0.000000,0.000000,0.000000,0.000000,0.000000,0.000000,nan,nan,nan,nan,nan,nan
1781065949948299170,2026-06-10T11:32:29.948324,ground_truth,0.104126,-0.635000,-0.212101,True,,,,,,,,,-0.163830,0.263009,0.394666,0.000000,0.000000,0.000000,0.000000,0.000000,0.000000,nan,nan,nan,nan,nan,nan
1781065949992140811,2026-06-10T11:32:29.992175,ground_truth,0.103734,-0.639000,-0.212387,True,,,,,,,,,-0.163830,0.263009,0.394666,0.000000,0.000000,0.000000,0.000000,0.000000,0.000000,nan,nan,nan,nan,nan,nan
1781065950047413069,2026-06-10T11:32:30.047434,ground_truth,0.104059,-0.641000,-0.213052,True,,,,,,,,,-0.163830,0.263009,0.394666,0.000000,0.000000,0.000000,0.000000,0.000000,0.000000,nan,nan,nan,nan,nan,nan
1781065950102209514,2026-06-10T11:32:30.102237,ground_truth,0.103734,-0.639000,-0.212387,True,,,,,,,,,-0.163830,0.263009,0.394666,0.000000,0.000000,0.000000,0.000000,0.000000,0.000000,nan,nan,nan,nan,nan,nan
1781065950144515715,2026-06-10T11:32:30.144550,ground_truth,0.103734,-0.639000,-0.212387,True,,,,,,,,,-0.163830,0.263009,0.394666,0.000000,0.000000,0.000000,0.000000,0.000000,0.000000,nan,nan,nan,nan,nan,nan
1781065950198746992,2026-06-10T11:32:30.198788,ground_truth,0.103572,-0.638000,-0.212055,True,,,,,,,,,-0.163830,0.263009,0.394666,0.000000,0.000000,0.000000,0.000000,0.000000,0.000000,nan,nan,nan,nan,nan,nan
1781065950248752188,2026-06-10T11:32:30.248775,ground_truth,0.104290,-0.636000,-0.211390,True,,,,,,,,,-0.163830,0.263009,0.394666,0.000000,0.000000,0.000000,0.000000,0.000000,0.000000,nan,nan,nan,nan,nan,nan
1781065950301729810,2026-06-10T11:32:30.301759,ground_truth,0.103409,-0.637000,-0.211723,True,,,,,,,,,-0.163830,0.263009,0.394666,0.000000,0.000000,0.000000,0.000000,0.000000,0.000000,nan,nan,nan,nan,nan,nan
1781065950345694279,2026-06-10T11:32:30.345721,ground_truth,0.103734,-0.639000,-0.212387,True,,,,,,,,,-0.163830,0.263009,0.394666,0.000000,0.000000,0.000000,0.000000,0.000000,0.000000,nan,nan,nan,nan,nan,nan
1781065950404493531,2026-06-10T11:32:30.404518,ground_truth,0.103247,-0.636000,-0.211390,True,,,,,,,,,-0.163830,0.263009,0.394666,0.000000,0.000000,0.000000,0.000000,0.000000,0.000000,nan,nan,nan,nan,nan,nan
1781065950455297894,2026-06-10T11:32:30.455322,ground_truth,0.103572,-0.638000,-0.212055,True,,,,,,,,,-0.163830,0.263009,0.394666,0.000000,0.000000,0.000000,0.000000,0.000000,0.000000,nan,nan,nan,nan,nan,nan
1781065950496258440,2026-06-10T11:32:30.496318,ground_truth,0.104454,-0.637000,-0.211723,True,,,,,,,,,-0.163830,0.263009,0.394666,0.000000,0.000000,0.000000,0.000000,0.000000,0.000000,nan,nan,nan,nan,nan,nan
1781065950540726703,2026-06-10T11:32:30.540755,ground_truth,0.104290,-0.636000,-0.211390,True,,,,,,,,,-0.163830,0.263009,0.394666,0.000000,0.000000,0.000000,0.000000,0.000000,0.000000,nan,nan,nan,nan,nan,nan
1781065950588063477,2026-06-10T11:32:30.588090,ground_truth,0.105003,-0.634000,-0.210725,True,,,,,,,,,-0.163830,0.263009,0.394666,0.000000,0.000000,0.000000,0.000000,0.000000,0.000000,nan,nan,nan,nan,nan,nan
1781065950636027797,2026-06-10T11:32:30.636054,ground_truth,0.105168,-0.635000,-0.211058,True,,,,,,,,,-0.163830,0.263009,0.394666,0.000000,0.000000,0.000000,0.000000,0.000000,0.000000,nan,nan,nan,nan,nan,nan
1781065950681943155,2026-06-10T11:32:30.681969,ground_truth,0.105168,-0.635000,-0.211058,True,,,,,,,,,-0.163830,0.263009,0.394666,0.000000,0.000000,0.000000,0.000000,0.000000,0.000000,nan,nan,nan,nan,nan,nan
1781065950725762502,2026-06-10T11:32:30.725795,ground_truth,0.105500,-0.637000,-0.211723,True,,,,,,,,,-0.163830,0.263009,0.394666,0.000000,0.000000,0.000000,0.000000,0.000000,0.000000,nan,nan,nan,nan,nan,nan
1781065950775765260,2026-06-10T11:32:30.775802,ground_truth,0.105168,-0.635000,-0.211058,True,,,,,,,,,-0.163830,0.263009,0.394666,0.000000,0.000000,0.000000,0.000000,0.000000,0.000000,nan,nan,nan,nan,nan,nan
1781065950826868271,2026-06-10T11:32:30.826910,ground_truth,0.106914,-0.633000,-0.210393,True,,,,,,,,,-0.163830,0.263009,0.394666,0.000000,0.000000,0.000000,0.000000,0.000000,0.000000,nan,nan,nan,nan,nan,nan
1781065950882802143,2026-06-10T11:32:30.882830,ground_truth,0.106712,-0.638000,-0.211007,True,,,,,,,,,-0.163830,0.263009,0.394666,0.000000,0.000000,0.000000,0.000000,0.000000,0.000000,nan,nan,nan,nan,nan,nan
1781065950924226436,2026-06-10T11:32:30.924279,ground_truth,0.106210,-0.635000,-0.210015,True,,,,,,,,,-0.163830,0.263009,0.394666,0.000000,0.000000,0.000000,0.000000,0.000000,0.000000,nan,nan,nan,nan,nan,nan
1781065950965305398,2026-06-10T11:32:30.965325,ground_truth,0.105500,-0.637000,-0.211723,True,,,,,,,,,-0.163830,0.263009,0.394666,0.000000,0.000000,0.000000,0.000000,0.000000,0.000000,nan,nan,nan,nan,nan,nan
1781065951015050947,2026-06-10T11:32:31.015077,ground_truth,0.106545,-0.637000,-0.210676,True,,,,,,,,,-0.163830,0.263009,0.394666,0.000000,0.000000,0.000000,0.000000,0.000000,0.000000,nan,nan,nan,nan,nan,nan
1781065951058885534,2026-06-10T11:32:31.058946,ground_truth,0.106545,-0.637000,-0.210676,True,,,,,,,,,-0.163830,0.263009,0.394666,0.000000,0.000000,0.000000,0.000000,0.000000,0.000000,nan,nan,nan,nan,nan,nan
1781065951097939154,2026-06-10T11:32:31.097966,ground_truth,0.105500,-0.637000,-0.210676,True,,,,,,,,,-0.163830,0.263009,0.394666,0.000000,0.000000,0.000000,0.000000,0.000000,0.000000,nan,nan,nan,nan,nan,nan
1781065951142619965,2026-06-10T11:32:31.142650,ground_truth,0.106545,-0.637000,-0.210676,True,,,,,,,,,-0.163830,0.263009,0.394666,0.000000,0.000000,0.000000,0.000000,0.000000,0.000000,nan,nan,nan,nan,nan,nan
1781065951188595277,2026-06-10T11:32:31.188621,ground_truth,0.105168,-0.635000,-0.210015,True,,,,,,,,,-0.163830,0.263009,0.394666,0.000000,0.000000,0.000000,0.000000,0.000000,0.000000,nan,nan,nan,nan,nan,nan
1781065951242731272,2026-06-10T11:32:31.242773,ground_truth,0.105334,-0.636000,-0.211390,True,,,,,,,,,-0.163830,0.263009,0.394666,0.000000,0.000000,0.000000,0.000000,0.000000,0.000000,nan,nan,nan,nan,nan,nan
1781065951298087018,2026-06-10T11:32:31.298116,ground_truth,0.105168,-0.635000,-0.211058,True,,,,,,,,,-0.163830,0.263009,0.394666,0.000000,0.000000,0.000000,0.000000,0.000000,0.000000,nan,nan,nan,nan,nan,nan
1781065951356083784,2026-06-10T11:32:31.356115,ground_truth,0.105500,-0.637000,-0.211723,True,,,,,,,,,-0.163830,0.263009,0.394666,0.000000,0.000000,0.000000,0.000000,0.000000,0.000000,nan,nan,nan,nan,nan,nan
1781065951411481199,2026-06-10T11:32:31.411507,ground_truth,0.105334,-0.636000,-0.211390,True,,,,,,,,,-0.163830,0.263009,0.394666,0.000000,0.000000,0.000000,0.000000,0.000000,0.000000,nan,nan,nan,nan,nan,nan
1781065951461008210,2026-06-10T11:32:31.461039,ground_truth,0.105168,-0.635000,-0.211058,True,,,,,,,,,-0.163830,0.263009,0.394666,0.000000,0.000000,0.000000,0.000000,0.000000,0.000000,nan,nan,nan,nan,nan,nan
1781065951504439210,2026-06-10T11:32:31.504496,ground_truth,0.105500,-0.637000,-0.211723,True,,,,,,,,,-0.163830,0.263009,0.394666,0.000000,0.000000,0.000000,0.000000,0.000000,0.000000,nan,nan,nan,nan,nan,nan
1781065951555077137,2026-06-10T11:32:31.555101,ground_truth,0.103409,-0.637000,-0.211723,True,,,,,,,,,-0.163830,0.263009,0.394666,0.000000,0.000000,0.000000,0.000000,0.000000,0.000000,nan,nan,nan,nan,nan,nan
1781065951610248304,2026-06-10T11:32:31.610311,ground_truth,0.103409,-0.637000,-0.211723,True,,,,,,,,,-0.163830,0.263009,0.394666,0.000000,0.000000,0.000000,0.000000,0.000000,0.000000,nan,nan,nan,nan,nan,nan
1781065951668452081,2026-06-10T11:32:31.668476,ground_truth,0.103247,-0.636000,-0.211390,True,,,,,,,,,-0.163830,0.263009,0.394666,0.000000,0.000000,0.000000,0.000000,0.000000,0.000000,nan,nan,nan,nan,nan,nan
1781065951720756389,2026-06-10T11:32:31.720782,ground_truth,0.103409,-0.637000,-0.211723,True,,,,,,,,,-0.163830,0.263009,0.394666,0.000000,0.000000,0.000000,0.000000,0.000000,0.000000,nan,nan,nan,nan,nan,nan
1781065951780113716,2026-06-10T11:32:31.780139,ground_truth,0.104782,-0.639000,-0.211337,True,,,,,,,,,-0.163830,0.263009,0.394666,0.000000,0.000000,0.000000,0.000000,0.000000,0.000000,nan,nan,nan,nan,nan,nan
1781065951823874582,2026-06-10T11:32:31.823911,ground_truth,0.104618,-0.638000,-0.211007,True,,,,,,,,,-0.163830,0.263009,0.394666,0.000000,0.000000,0.000000,0.000000,0.000000,0.000000,nan,nan,nan,nan,nan,nan
1781065951872018344,2026-06-10T11:32:31.872045,ground_truth,0.104618,-0.638000,-0.212055,True,,,,,,,,,-0.163830,0.263009,0.394666,0.000000,0.000000,0.000000,0.000000,0.000000,0.000000,nan,nan,nan,nan,nan,nan
1781065951919511187,2026-06-10T11:32:31.919532,ground_truth,0.104454,-0.637000,-0.210676,True,,,,,,,,,-0.163830,0.263009,0.394666,0.000000,0.000000,0.000000,0.000000,0.000000,0.000000,nan,nan,nan,nan,nan,nan
1781065951958941594,2026-06-10T11:32:31.958983,ground_truth,0.104454,-0.637000,-0.210676,True,,,,,,,,,-0.163830,0.263009,0.394666,0.000000,0.000000,0.000000,0.000000,0.000000,0.000000,nan,nan,nan,nan,nan,nan
1781065952004880806,2026-06-10T11:32:32.004900,ground_truth,0.104454,-0.637000,-0.211723,True,,,,,,,,,-0.163830,0.263009,0.394666,0.000000,0.000000,0.000000,0.000000,0.000000,0.000000,nan,nan,nan,nan,nan,nan
1781065952043831685,2026-06-10T11:32:32.043876,ground_truth,0.104454,-0.637000,-0.210676,True,,,,,,,,,-0.163830,0.263009,0.394666,0.000000,0.000000,0.000000,0.000000,0.000000,0.000000,nan,nan,nan,nan,nan,nan
1781065952083623053,2026-06-10T11:32:32.083653,ground_truth,0.101796,-0.640000,-0.212720,True,,,,,,,,,-0.163830,0.263009,0.394666,0.000000,0.000000,0.000000,0.000000,0.000000,0.000000,nan,nan,nan,nan,nan,nan
1781065952137773447,2026-06-10T11:32:32.137795,ground_truth,0.101955,-0.641000,-0.213052,True,,,,,,,,,-0.163830,0.263009,0.394666,0.000000,0.000000,0.000000,0.000000,0.000000,0.000000,nan,nan,nan,nan,nan,nan
1781065952187799432,2026-06-10T11:32:32.187817,ground_truth,0.103572,-0.638000,-0.211007,True,,,,,,,,,-0.163830,0.263009,0.394666,0.000000,0.000000,0.000000,0.000000,0.000000,0.000000,nan,nan,nan,nan,nan,nan
1781065952231262584,2026-06-10T11:32:32.231289,ground_truth,0.104059,-0.641000,-0.211999,True,,,,,,,,,-0.163830,0.263009,0.394666,0.000000,0.000000,0.000000,0.000000,0.000000,0.000000,nan,nan,nan,nan,nan,nan
1781065952290073013,2026-06-10T11:32:32.290103,ground_truth,0.104059,-0.641000,-0.211999,True,,,,,,,,,-0.163830,0.263009,0.394666,0.000000,0.000000,0.000000,0.000000,0.000000,0.000000,nan,nan,nan,nan,nan,nan
1781065952337612246,2026-06-10T11:32:32.337636,ground_truth,0.103734,-0.639000,-0.211337,True,,,,,,,,,-0.163830,0.263009,0.394666,0.000000,0.000000,0.000000,0.000000,0.000000,0.000000,nan,nan,nan,nan,nan,nan
1781065952378286224,2026-06-10T11:32:32.378316,ground_truth,0.105274,-0.642000,-0.212330,True,,,,,,,,,-0.163830,0.263009,0.394666,0.000000,0.000000,0.000000,0.000000,0.000000,0.000000,nan,nan,nan,nan,nan,nan
1781065952438091546,2026-06-10T11:32:32.438119,ground_truth,0.104782,-0.639000,-0.211337,True,,,,,,,,,-0.163830,0.263009,0.394666,0.000000,0.000000,0.000000,0.000000,0.000000,0.000000,nan,nan,nan,nan,nan,nan
1781065952504591358,2026-06-10T11:32:32.504618,ground_truth,0.105665,-0.638000,-0.211007,True,,,,,,,,,-0.163830,0.263009,0.394666,0.000000,0.000000,0.000000,0.000000,0.000000,0.000000,nan,nan,nan,nan,nan,nan
1781065952559346621,2026-06-10T11:32:32.559391,ground_truth,0.106545,-0.637000,-0.210676,True,,,,,,,,,-0.163830,0.263009,0.394666,0.000000,0.000000,0.000000,0.000000,0.000000,0.000000,nan,nan,nan,nan,nan,nan
1781065952632412311,2026-06-10T11:32:32.632446,ground_truth,0.106545,-0.637000,-0.210676,True,,,,,,,,,-0.163830,0.263009,0.394666,0.000000,0.000000,0.000000,0.000000,0.000000,0.000000,nan,nan,nan,nan,nan,nan
1781065952693302763,2026-06-10T11:32:32.693334,ground_truth,0.107590,-0.637000,-0.210676,True,,,,,,,,,-0.163830,0.263009,0.394666,0.000000,0.000000,0.000000,0.000000,0.000000,0.000000,nan,nan,nan,nan,nan,nan
1781065952794065567,2026-06-10T11:32:32.794102,ground_truth,0.107252,-0.635000,-0.210015,True,,,,,,,,,-0.163830,0.263009,0.394666,0.000000,0.000000,0.000000,0.000000,0.000000,0.000000,nan,nan,nan,nan,nan,nan
1781065952873692748,2026-06-10T11:32:32.873736,ground_truth,0.106545,-0.637000,-0.210676,True,,,,,,,,,-0.163830,0.263009,0.394666,0.000000,0.000000,0.000000,0.000000,0.000000,0.000000,nan,nan,nan,nan,nan,nan
1781065952935425705,2026-06-10T11:32:32.935461,ground_truth,0.106545,-0.637000,-0.210676,True,,,,,,,,,-0.163830,0.263009,0.394666,0.000000,0.000000,0.000000,0.000000,0.000000,0.000000,nan,nan,nan,nan,nan,nan
1781065952999748524,2026-06-10T11:32:32.999783,ground_truth,0.106545,-0.637000,-0.210676,True,,,,,,,,,-0.163830,0.263009,0.394666,0.000000,0.000000,0.000000,0.000000,0.000000,0.000000,nan,nan,nan,nan,nan,nan
1781065953055286796,2026-06-10T11:32:33.055319,ground_truth,0.107252,-0.635000,-0.211058,True,,,,,,,,,-0.163830,0.263009,0.394666,0.000000,0.000000,0.000000,0.000000,0.000000,0.000000,nan,nan,nan,nan,nan,nan
1781065953101228631,2026-06-10T11:32:33.101259,ground_truth,0.107252,-0.635000,-0.211058,True,,,,,,,,,-0.163830,0.263009,0.394666,0.000000,0.000000,0.000000,0.000000,0.000000,0.000000,nan,nan,nan,nan,nan,nan
1781065953148292301,2026-06-10T11:32:33.148321,ground_truth,0.107252,-0.635000,-0.211058,True,,,,,,,,,-0.163830,0.263009,0.394666,0.000000,0.000000,0.000000,0.000000,0.000000,0.000000,nan,nan,nan,nan,nan,nan
1781065953193395732,2026-06-10T11:32:33.193431,ground_truth,0.106545,-0.637000,-0.210676,True,,,,,,,,,-0.163830,0.263009,0.394666,0.000000,0.000000,0.000000,0.000000,0.000000,0.000000,nan,nan,nan,nan,nan,nan
1781065953249292474,2026-06-10T11:32:33.249329,ground_truth,0.106377,-0.636000,-0.211390,True,,,,,,,,,-0.163830,0.263009,0.394666,0.000000,0.000000,0.000000,0.000000,0.000000,0.000000,nan,nan,nan,nan,nan,nan
1781065953320242069,2026-06-10T11:32:33.320272,ground_truth,0.106545,-0.637000,-0.211723,True,,,,,,,,,-0.163830,0.263009,0.394666,0.000000,0.000000,0.000000,0.000000,0.000000,0.000000,nan,nan,nan,nan,nan,nan
1781065953375072681,2026-06-10T11:32:33.375103,ground_truth,0.106545,-0.637000,-0.211723,True,,,,,,,,,-0.163830,0.263009,0.394666,0.000000,0.000000,0.000000,0.000000,0.000000,0.000000,nan,nan,nan,nan,nan,nan
1781065953436902521,2026-06-10T11:32:33.436930,ground_truth,0.105831,-0.639000,-0.212387,True,,,,,,,,,-0.163830,0.263009,0.394666,0.000000,0.000000,0.000000,0.000000,0.000000,0.000000,nan,nan,nan,nan,nan,nan
1781065953480817851,2026-06-10T11:32:33.480863,ground_truth,0.106712,-0.638000,-0.211007,True,,,,,,,,,-0.163830,0.263009,0.394666,0.000000,0.000000,0.000000,0.000000,0.000000,0.000000,nan,nan,nan,nan,nan,nan
1781065953533642571,2026-06-10T11:32:33.533676,ground_truth,0.106879,-0.639000,-0.211337,True,,,,,,,,,-0.163830,0.263009,0.394666,0.000000,0.000000,0.000000,0.000000,0.000000,0.000000,nan,nan,nan,nan,nan,nan
1781065953580961125,2026-06-10T11:32:33.580996,ground_truth,0.107252,-0.635000,-0.210015,True,,,,,,,,,-0.163830,0.263009,0.394666,0.000000,0.000000,0.000000,0.000000,0.000000,0.000000,nan,nan,nan,nan,nan,nan
1781065953639754604,2026-06-10T11:32:33.639784,ground_truth,0.107421,-0.636000,-0.210345,True,,,,,,,,,-0.163830,0.263009,0.394666,0.000000,0.000000,0.000000,0.000000,0.000000,0.000000,nan,nan,nan,nan,nan,nan
1781065953698092479,2026-06-10T11:32:33.698180,ground_truth,0.107252,-0.635000,-0.211058,True,,,,,,,,,-0.163830,0.263009,0.394666,0.000000,0.000000,0.000000,0.000000,0.000000,0.000000,nan,nan,nan,nan,nan,nan
1781065953781121265,2026-06-10T11:32:33.781155,ground_truth,0.107590,-0.637000,-0.211723,True,,,,,,,,,-0.163830,0.263009,0.394666,0.000000,0.000000,0.000000,0.000000,0.000000,0.000000,nan,nan,nan,nan,nan,nan
1781065953829642781,2026-06-10T11:32:33.829722,ground_truth,0.107083,-0.634000,-0.210725,True,,,,,,,,,-0.163830,0.263009,0.394666,0.000000,0.000000,0.000000,0.000000,0.000000,0.000000,nan,nan,nan,nan,nan,nan
1781065953875238043,2026-06-10T11:32:33.875261,ground_truth,0.107421,-0.636000,-0.210345,True,,,,,,,,,-0.163830,0.263009,0.394666,0.000000,0.000000,0.000000,0.000000,0.000000,0.000000,nan,nan,nan,nan,nan,nan
1781065953925751040,2026-06-10T11:32:33.925773,ground_truth,0.106377,-0.636000,-0.211390,True,,,,,,,,,-0.163830,0.263009,0.394666,0.000000,0.000000,0.000000,0.000000,0.000000,0.000000,nan,nan,nan,nan,nan,nan
1781065953979783334,2026-06-10T11:32:33.979853,ground_truth,0.105168,-0.635000,-0.210015,True,,,,,,,,,-0.163830,0.263009,0.394666,0.000000,0.000000,0.000000,0.000000,0.000000,0.000000,nan,nan,nan,nan,nan,nan
1781065954040404215,2026-06-10T11:32:34.040440,ground_truth,0.105168,-0.635000,-0.211058,True,,,,,,,,,-0.163830,0.263009,0.394666,0.000000,0.000000,0.000000,0.000000,0.000000,0.000000,nan,nan,nan,nan,nan,nan
1781065954105835529,2026-06-10T11:32:34.105858,ground_truth,0.105168,-0.635000,-0.211058,True,,,,,,,,,-0.163830,0.263009,0.394666,0.000000,0.000000,0.000000,0.000000,0.000000,0.000000,nan,nan,nan,nan,nan,nan
1781065954159372871,2026-06-10T11:32:34.159408,ground_truth,0.105500,-0.637000,-0.211723,True,,,,,,,,,-0.163830,0.263009,0.394666,0.000000,0.000000,0.000000,0.000000,0.000000,0.000000,nan,nan,nan,nan,nan,nan
1781065954212311859,2026-06-10T11:32:34.212372,ground_truth,0.104126,-0.635000,-0.211058,True,,,,,,,,,-0.163830,0.263009,0.394666,0.000000,0.000000,0.000000,0.000000,0.000000,0.000000,nan,nan,nan,nan,nan,nan
1781065954259920566,2026-06-10T11:32:34.259955,ground_truth,0.105334,-0.636000,-0.211390,True,,,,,,,,,-0.163830,0.263009,0.394666,0.000000,0.000000,0.000000,0.000000,0.000000,0.000000,nan,nan,nan,nan,nan,nan
1781065954316844118,2026-06-10T11:32:34.316871,ground_truth,0.106377,-0.636000,-0.211390,True,,,,,,,,,-0.163830,0.263009,0.394666,0.000000,0.000000,0.000000,0.000000,0.000000,0.000000,nan,nan,nan,nan,nan,nan
1781065954365130549,2026-06-10T11:32:34.365156,ground_truth,0.106377,-0.636000,-0.211390,True,,,,,,,,,-0.163830,0.263009,0.394666,0.000000,0.000000,0.000000,0.000000,0.000000,0.000000,nan,nan,nan,nan,nan,nan
1781065954423428006,2026-06-10T11:32:34.423452,ground_truth,0.107421,-0.636000,-0.211390,True,,,,,,,,,-0.163830,0.263009,0.394666,0.000000,0.000000,0.000000,0.000000,0.000000,0.000000,nan,nan,nan,nan,nan,nan
1781065954467323822,2026-06-10T11:32:34.467350,ground_truth,0.107421,-0.636000,-0.211390,True,,,,,,,,,-0.163830,0.263009,0.394666,0.000000,0.000000,0.000000,0.000000,0.000000,0.000000,nan,nan,nan,nan,nan,nan
1781065954513934932,2026-06-10T11:32:34.513975,ground_truth,0.107421,-0.636000,-0.211390,True,,,,,,,,,-0.163830,0.263009,0.394666,0.000000,0.000000,0.000000,0.000000,0.000000,0.000000,nan,nan,nan,nan,nan,nan
1781065954560493000,2026-06-10T11:32:34.560527,ground_truth,0.106210,-0.635000,-0.211058,True,,,,,,,,,-0.163830,0.263009,0.394666,0.000000,0.000000,0.000000,0.000000,0.000000,0.000000,nan,nan,nan,nan,nan,nan
1781065954606776612,2026-06-10T11:32:34.606828,ground_truth,0.106545,-0.637000,-0.211723,True,,,,,,,,,-0.163830,0.263009,0.394666,0.000000,0.000000,0.000000,0.000000,0.000000,0.000000,nan,nan,nan,nan,nan,nan
1781065954655362751,2026-06-10T11:32:34.655384,ground_truth,0.105831,-0.639000,-0.212387,True,,,,,,,,,-0.163830,0.263009,0.394666,0.000000,0.000000,0.000000,0.000000,0.000000,0.000000,nan,nan,nan,nan,nan,nan
1781065954695333585,2026-06-10T11:32:34.695363,ground_truth,0.105500,-0.637000,-0.211723,True,,,,,,,,,-0.163830,0.263009,0.394666,0.000000,0.000000,0.000000,0.000000,0.000000,0.000000,nan,nan,nan,nan,nan,nan
1781065954744281560,2026-06-10T11:32:34.744325,ground_truth,0.107046,-0.640000,-0.212720,True,,,,,,,,,-0.163830,0.263009,0.394666,0.000000,0.000000,0.000000,0.000000,0.000000,0.000000,nan,nan,nan,nan,nan,nan
1781065954789690575,2026-06-10T11:32:34.789721,ground_truth,0.105500,-0.637000,-0.211723,True,,,,,,,,,-0.163830,0.263009,0.394666,0.000000,0.000000,0.000000,0.000000,0.000000,0.000000,nan,nan,nan,nan,nan,nan
1781065954850919528,2026-06-10T11:32:34.850942,ground_truth,0.105500,-0.637000,-0.211723,True,,,,,,,,,-0.163830,0.263009,0.394666,0.000000,0.000000,0.000000,0.000000,0.000000,0.000000,nan,nan,nan,nan,nan,nan
1781065954890603797,2026-06-10T11:32:34.890680,ground_truth,0.106545,-0.637000,-0.211723,True,,,,,,,,,-0.163830,0.263009,0.394666,0.000000,0.000000,0.000000,0.000000,0.000000,0.000000,nan,nan,nan,nan,nan,nan
1781065954941926676,2026-06-10T11:32:34.941950,ground_truth,0.107214,-0.641000,-0.213052,True,,,,,,,,,-0.163830,0.263009,0.394666,0.000000,0.000000,0.000000,0.000000,0.000000,0.000000,nan,nan,nan,nan,nan,nan
1781065954999236083,2026-06-10T11:32:34.999276,ground_truth,0.106879,-0.639000,-0.212387,True,,,,,,,,,-0.163830,0.263009,0.394666,0.000000,0.000000,0.000000,0.000000,0.000000,0.000000,nan,nan,nan,nan,nan,nan
1781065955038680915,2026-06-10T11:32:35.038710,ground_truth,0.105831,-0.639000,-0.212387,True,,,,,,,,,-0.163830,0.263009,0.394666,0.000000,0.000000,0.000000,0.000000,0.000000,0.000000,nan,nan,nan,nan,nan,nan
1781065955079967579,2026-06-10T11:32:35.080002,ground_truth,0.109508,-0.636000,-0.211390,True,,,,,,,,,-0.163830,0.263009,0.394666,0.000000,0.000000,0.000000,0.000000,0.000000,0.000000,nan,nan,nan,nan,nan,nan
1781065955124924080,2026-06-10T11:32:35.124963,ground_truth,0.108464,-0.636000,-0.211390,True,,,,,,,,,-0.163830,0.263009,0.394666,0.000000,0.000000,0.000000,0.000000,0.000000,0.000000,nan,nan,nan,nan,nan,nan
1781065955178771707,2026-06-10T11:32:35.178824,ground_truth,0.108294,-0.635000,-0.211058,True,,,,,,,,,-0.163830,0.263009,0.394666,0.000000,0.000000,0.000000,0.000000,0.000000,0.000000,nan,nan,nan,nan,nan,nan
1781065955232807527,2026-06-10T11:32:35.232837,ground_truth,0.108805,-0.638000,-0.212055,True,,,,,,,,,-0.163830,0.263009,0.394666,0.000000,0.000000,0.000000,0.000000,0.000000,0.000000,nan,nan,nan,nan,nan,nan
1781065955297880396,2026-06-10T11:32:35.297911,ground_truth,0.108976,-0.639000,-0.212387,True,,,,,,,,,-0.163830,0.263009,0.394666,0.000000,0.000000,0.000000,0.000000,0.000000,0.000000,nan,nan,nan,nan,nan,nan
1781065955339369635,2026-06-10T11:32:35.339402,ground_truth,0.108635,-0.637000,-0.211723,True,,,,,,,,,-0.163830,0.263009,0.394666,0.000000,0.000000,0.000000,0.000000,0.000000,0.000000,nan,nan,nan,nan,nan,nan
1781065955381078783,2026-06-10T11:32:35.381111,ground_truth,0.109336,-0.635000,-0.211058,True,,,,,,,,,-0.163830,0.263009,0.394666,0.000000,0.000000,0.000000,0.000000,0.000000,0.000000,nan,nan,nan,nan,nan,nan
1781065955427164909,2026-06-10T11:32:35.427193,ground_truth,0.108635,-0.637000,-0.211723,True,,,,,,,,,-0.163830,0.263009,0.394666,0.000000,0.000000,0.000000,0.000000,0.000000,0.000000,nan,nan,nan,nan,nan,nan
1781065955471681148,2026-06-10T11:32:35.471702,ground_truth,0.108635,-0.637000,-0.211723,True,,,,,,,,,-0.163830,0.263009,0.394666,0.000000,0.000000,0.000000,0.000000,0.000000,0.000000,nan,nan,nan,nan,nan,nan
1781065955515573842,2026-06-10T11:32:35.515606,ground_truth,0.108635,-0.637000,-0.211723,True,,,,,,,,,-0.163830,0.263009,0.394666,0.000000,0.000000,0.000000,0.000000,0.000000,0.000000,nan,nan,nan,nan,nan,nan
1781065955558723585,2026-06-10T11:32:35.558752,ground_truth,0.108976,-0.639000,-0.212387,True,,,,,,,,,-0.163830,0.263009,0.394666,0.000000,0.000000,0.000000,0.000000,0.000000,0.000000,nan,nan,nan,nan,nan,nan
1781065955601197465,2026-06-10T11:32:35.601226,ground_truth,0.107759,-0.638000,-0.212055,True,,,,,,,,,-0.163830,0.263009,0.394666,0.000000,0.000000,0.000000,0.000000,0.000000,0.000000,nan,nan,nan,nan,nan,nan
1781065955666659309,2026-06-10T11:32:35.666678,ground_truth,0.107590,-0.637000,-0.211723,True,,,,,,,,,-0.163830,0.263009,0.394666,0.000000,0.000000,0.000000,0.000000,0.000000,0.000000,nan,nan,nan,nan,nan,nan
1781065955753065471,2026-06-10T11:32:35.753097,ground_truth,0.106162,-0.641000,-0.213052,True,,,,,,,,,-0.163830,0.263009,0.394666,0.000000,0.000000,0.000000,0.000000,0.000000,0.000000,nan,nan,nan,nan,nan,nan
1781065955835741330,2026-06-10T11:32:35.835785,ground_truth,0.106879,-0.639000,-0.212387,True,,,,,,,,,-0.163830,0.263009,0.394666,0.000000,0.000000,0.000000,0.000000,0.000000,0.000000,nan,nan,nan,nan,nan,nan
1781065955894218107,2026-06-10T11:32:35.894271,ground_truth,0.106545,-0.637000,-0.211723,True,,,,,,,,,-0.163830,0.263009,0.394666,0.000000,0.000000,0.000000,0.000000,0.000000,0.000000,nan,nan,nan,nan,nan,nan
1781065955961999260,2026-06-10T11:32:35.962049,ground_truth,0.107928,-0.639000,-0.212387,True,,,,,,,,,-0.163830,0.263009,0.394666,0.000000,0.000000,0.000000,0.000000,0.000000,0.000000,nan,nan,nan,nan,nan,nan
1781065956032430901,2026-06-10T11:32:36.032464,ground_truth,0.107928,-0.639000,-0.212387,True,,,,,,,,,-0.163830,0.263009,0.394666,0.000000,0.000000,0.000000,0.000000,0.000000,0.000000,nan,nan,nan,nan,nan,nan
1781065956076905709,2026-06-10T11:32:36.076931,ground_truth,0.107759,-0.638000,-0.212055,True,,,,,,,,,-0.163830,0.263009,0.394666,0.000000,0.000000,0.000000,0.000000,0.000000,0.000000,nan,nan,nan,nan,nan,nan
1781065956133362438,2026-06-10T11:32:36.133398,ground_truth,0.107759,-0.638000,-0.212055,True,,,,,,,,,-0.163830,0.263009,0.394666,0.000000,0.000000,0.000000,0.000000,0.000000,0.000000,nan,nan,nan,nan,nan,nan
1781065956180754588,2026-06-10T11:32:36.180793,ground_truth,0.107590,-0.637000,-0.211723,True,,,,,,,,,-0.163830,0.263009,0.394666,0.000000,0.000000,0.000000,0.000000,0.000000,0.000000,nan,nan,nan,nan,nan,nan
1781065956232085169,2026-06-10T11:32:36.232120,ground_truth,0.108096,-0.640000,-0.212720,True,,,,,,,,,-0.163830,0.263009,0.394666,0.000000,0.000000,0.000000,0.000000,0.000000,0.000000,nan,nan,nan,nan,nan,nan
1781065956282467460,2026-06-10T11:32:36.282495,ground_truth,0.105996,-0.640000,-0.212720,True,,,,,,,,,-0.163830,0.263009,0.394666,0.000000,0.000000,0.000000,0.000000,0.000000,0.000000,nan,nan,nan,nan,nan,nan
1781065956348912820,2026-06-10T11:32:36.348942,ground_truth,0.106879,-0.639000,-0.212387,True,,,,,,,,,-0.163830,0.263009,0.394666,0.000000,0.000000,0.000000,0.000000,0.000000,0.000000,nan,nan,nan,nan,nan,nan
1781065956420464276,2026-06-10T11:32:36.420489,ground_truth,0.106879,-0.639000,-0.212387,True,,,,,,,,,-0.163830,0.263009,0.394666,0.000000,0.000000,0.000000,0.000000,0.000000,0.000000,nan,nan,nan,nan,nan,nan
1781065956461047307,2026-06-10T11:32:36.461095,ground_truth,0.106545,-0.637000,-0.211723,True,,,,,,,,,-0.163830,0.263009,0.394666,0.000000,0.000000,0.000000,0.000000,0.000000,0.000000,nan,nan,nan,nan,nan,nan
1781065956510742912,2026-06-10T11:32:36.510778,ground_truth,0.106879,-0.639000,-0.212387,True,,,,,,,,,-0.163830,0.263009,0.394666,0.000000,0.000000,0.000000,0.000000,0.000000,0.000000,nan,nan,nan,nan,nan,nan
1781065956577369444,2026-06-10T11:32:36.577396,ground_truth,0.107214,-0.641000,-0.213052,True,,,,,,,,,-0.163830,0.263009,0.394666,0.000000,0.000000,0.000000,0.000000,0.000000,0.000000,nan,nan,nan,nan,nan,nan
1781065956624602545,2026-06-10T11:32:36.624635,ground_truth,0.107381,-0.642000,-0.213384,True,,,,,,,,,-0.163830,0.263009,0.394666,0.000000,0.000000,0.000000,0.000000,0.000000,0.000000,nan,nan,nan,nan,nan,nan
1781065956678280418,2026-06-10T11:32:36.678319,ground_truth,0.106879,-0.639000,-0.212387,True,,,,,,,,,-0.163830,0.263009,0.394666,0.000000,0.000000,0.000000,0.000000,0.000000,0.000000,nan,nan,nan,nan,nan,nan
1781065956724860886,2026-06-10T11:32:36.724944,ground_truth,0.107046,-0.640000,-0.212720,True,,,,,,,,,-0.163830,0.263009,0.394666,0.000000,0.000000,0.000000,0.000000,0.000000,0.000000,nan,nan,nan,nan,nan,nan
1781065956779179740,2026-06-10T11:32:36.779278,ground_truth,0.106879,-0.639000,-0.212387,True,,,,,,,,,-0.163830,0.263009,0.394666,0.000000,0.000000,0.000000,0.000000,0.000000,0.000000,nan,nan,nan,nan,nan,nan
1781065956823676827,2026-06-10T11:32:36.823714,ground_truth,0.106712,-0.638000,-0.212055,True,,,,,,,,,-0.163830,0.263009,0.394666,0.000000,0.000000,0.000000,0.000000,0.000000,0.000000,nan,nan,nan,nan,nan,nan
1781065956871496835,2026-06-10T11:32:36.871524,ground_truth,0.106712,-0.638000,-0.212055,True,,,,,,,,,-0.163830,0.263009,0.394666,0.000000,0.000000,0.000000,0.000000,0.000000,0.000000,nan,nan,nan,nan,nan,nan
1781065956918350974,2026-06-10T11:32:36.918377,ground_truth,0.106712,-0.638000,-0.212055,True,,,,,,,,,-0.163830,0.263009,0.394666,0.000000,0.000000,0.000000,0.000000,0.000000,0.000000,nan,nan,nan,nan,nan,nan
1781065956975197760,2026-06-10T11:32:36.975222,ground_truth,0.106879,-0.639000,-0.212387,True,,,,,,,,,-0.163830,0.263009,0.394666,0.000000,0.000000,0.000000,0.000000,0.000000,0.000000,nan,nan,nan,nan,nan,nan
1781065957027977816,2026-06-10T11:32:37.028020,ground_truth,0.106879,-0.639000,-0.212387,True,,,,,,,,,-0.163830,0.263009,0.394666,0.000000,0.000000,0.000000,0.000000,0.000000,0.000000,nan,nan,nan,nan,nan,nan
1781065957070961204,2026-06-10T11:32:37.070995,ground_truth,0.107046,-0.640000,-0.212720,True,,,,,,,,,-0.163830,0.263009,0.394666,0.000000,0.000000,0.000000,0.000000,0.000000,0.000000,nan,nan,nan,nan,nan,nan
1781065957114254685,2026-06-10T11:32:37.114301,ground_truth,0.107928,-0.639000,-0.212387,True,,,,,,,,,-0.163830,0.263009,0.394666,0.000000,0.000000,0.000000,0.000000,0.000000,0.000000,nan,nan,nan,nan,nan,nan
1781065957187466933,2026-06-10T11:32:37.187494,ground_truth,0.107590,-0.637000,-0.211723,True,,,,,,,,,-0.163830,0.263009,0.394666,0.000000,0.000000,0.000000,0.000000,0.000000,0.000000,nan,nan,nan,nan,nan,nan
1781065957237531835,2026-06-10T11:32:37.237561,ground_truth,0.106879,-0.639000,-0.212387,True,,,,,,,,,-0.163830,0.263009,0.394666,0.000000,0.000000,0.000000,0.000000,0.000000,0.000000,nan,nan,nan,nan,nan,nan
1781065957291008272,2026-06-10T11:32:37.291134,ground_truth,0.107928,-0.639000,-0.212387,True,,,,,,,,,-0.163830,0.263009,0.394666,0.000000,0.000000,0.000000,0.000000,0.000000,0.000000,nan,nan,nan,nan,nan,nan
1781065957341354708,2026-06-10T11:32:37.341384,ground_truth,0.107759,-0.638000,-0.212055,True,,,,,,,,,-0.163830,0.263009,0.394666,0.000000,0.000000,0.000000,0.000000,0.000000,0.000000,nan,nan,nan,nan,nan,nan
1781065957385742379,2026-06-10T11:32:37.385767,ground_truth,0.107928,-0.639000,-0.212387,True,,,,,,,,,-0.163830,0.263009,0.394666,0.000000,0.000000,0.000000,0.000000,0.000000,0.000000,nan,nan,nan,nan,nan,nan
1781065957428895896,2026-06-10T11:32:37.428938,ground_truth,0.107928,-0.639000,-0.212387,True,,,,,,,,,-0.163830,0.263009,0.394666,0.000000,0.000000,0.000000,0.000000,0.000000,0.000000,nan,nan,nan,nan,nan,nan
1781065957475806558,2026-06-10T11:32:37.475833,ground_truth,0.107759,-0.638000,-0.212055,True,,,,,,,,,-0.163830,0.263009,0.394666,0.000000,0.000000,0.000000,0.000000,0.000000,0.000000,nan,nan,nan,nan,nan,nan
1781065957521188132,2026-06-10T11:32:37.521219,ground_truth,0.107590,-0.637000,-0.211723,True,,,,,,,,,-0.163830,0.263009,0.394666,0.000000,0.000000,0.000000,0.000000,0.000000,0.000000,nan,nan,nan,nan,nan,nan
1781065957567239951,2026-06-10T11:32:37.567260,ground_truth,0.107928,-0.639000,-0.212387,True,,,,,,,,,-0.163830,0.263009,0.394666,0.000000,0.000000,0.000000,0.000000,0.000000,0.000000,nan,nan,nan,nan,nan,nan
1781065957609236823,2026-06-10T11:32:37.609266,ground_truth,0.106545,-0.637000,-0.211723,True,,,,,,,,,-0.163830,0.263009,0.394666,0.000000,0.000000,0.000000,0.000000,0.000000,0.000000,nan,nan,nan,nan,nan,nan
1781065957661981025,2026-06-10T11:32:37.662026,ground_truth,0.106545,-0.637000,-0.211723,True,,,,,,,,,-0.163830,0.263009,0.394666,0.000000,0.000000,0.000000,0.000000,0.000000,0.000000,nan,nan,nan,nan,nan,nan
1781065957705255558,2026-06-10T11:32:37.705293,ground_truth,0.106879,-0.639000,-0.212387,True,,,,,,,,,-0.163830,0.263009,0.394666,0.000000,0.000000,0.000000,0.000000,0.000000,0.000000,nan,nan,nan,nan,nan,nan
1781065957780632494,2026-06-10T11:32:37.780671,ground_truth,0.106545,-0.637000,-0.211723,True,,,,,,,,,-0.163830,0.263009,0.394666,0.000000,0.000000,0.000000,0.000000,0.000000,0.000000,nan,nan,nan,nan,nan,nan
1781065957835420134,2026-06-10T11:32:37.835462,ground_truth,0.106879,-0.639000,-0.212387,True,,,,,,,,,-0.163830,0.263009,0.394666,0.000000,0.000000,0.000000,0.000000,0.000000,0.000000,nan,nan,nan,nan,nan,nan
1781065957886443321,2026-06-10T11:32:37.886472,ground_truth,0.105831,-0.639000,-0.212387,True,,,,,,,,,-0.163830,0.263009,0.394666,0.000000,0.000000,0.000000,0.000000,0.000000,0.000000,nan,nan,nan,nan,nan,nan
1781065957946397902,2026-06-10T11:32:37.946469,ground_truth,0.106545,-0.637000,-0.211723,True,,,,,,,,,-0.163830,0.263009,0.394666,0.000000,0.000000,0.000000,0.000000,0.000000,0.000000,nan,nan,nan,nan,nan,nan
1781065958000786515,2026-06-10T11:32:38.000812,ground_truth,0.107046,-0.640000,-0.212720,True,,,,,,,,,-0.163830,0.263009,0.394666,0.000000,0.000000,0.000000,0.000000,0.000000,0.000000,nan,nan,nan,nan,nan,nan
1781065958059110416,2026-06-10T11:32:38.059138,ground_truth,0.104618,-0.638000,-0.212055,True,,,,,,,,,-0.163830,0.263009,0.394666,0.000000,0.000000,0.000000,0.000000,0.000000,0.000000,nan,nan,nan,nan,nan,nan
1781065958104877028,2026-06-10T11:32:38.104907,ground_truth,0.105831,-0.639000,-0.212387,True,,,,,,,,,-0.163830,0.263009,0.394666,0.000000,0.000000,0.000000,0.000000,0.000000,0.000000,nan,nan,nan,nan,nan,nan
1781065958160404948,2026-06-10T11:32:38.160444,ground_truth,0.106162,-0.641000,-0.213052,True,,,,,,,,,-0.163830,0.263009,0.394666,0.000000,0.000000,0.000000,0.000000,0.000000,0.000000,nan,nan,nan,nan,nan,nan
1781065958207527655,2026-06-10T11:32:38.207555,ground_truth,0.106712,-0.638000,-0.212055,True,,,,,,,,,-0.163830,0.263009,0.394666,0.000000,0.000000,0.000000,0.000000,0.000000,0.000000,nan,nan,nan,nan,nan,nan
1781065958257755519,2026-06-10T11:32:38.257787,ground_truth,0.106879,-0.639000,-0.212387,True,,,,,,,,,-0.163830,0.263009,0.394666,0.000000,0.000000,0.000000,0.000000,0.000000,0.000000,nan,nan,nan,nan,nan,nan
1781065958311682262,2026-06-10T11:32:38.311713,ground_truth,0.107046,-0.640000,-0.212720,True,,,,,,,,,-0.163830,0.263009,0.394666,0.000000,0.000000,0.000000,0.000000,0.000000,0.000000,nan,nan,nan,nan,nan,nan
1781065958364018105,2026-06-10T11:32:38.364061,ground_truth,0.106879,-0.639000,-0.212387,True,,,,,,,,,-0.163830,0.263009,0.394666,0.000000,0.000000,0.000000,0.000000,0.000000,0.000000,nan,nan,nan,nan,nan,nan
1781065958427789151,2026-06-10T11:32:38.427821,ground_truth,0.106879,-0.639000,-0.212387,True,,,,,,,,,-0.163830,0.263009,0.394666,0.000000,0.000000,0.000000,0.000000,0.000000,0.000000,nan,nan,nan,nan,nan,nan
1781065958485103744,2026-06-10T11:32:38.485132,ground_truth,0.105665,-0.638000,-0.212055,True,,,,,,,,,-0.163830,0.263009,0.394666,0.000000,0.000000,0.000000,0.000000,0.000000,0.000000,nan,nan,nan,nan,nan,nan
1781065958536391147,2026-06-10T11:32:38.536417,ground_truth,0.105996,-0.640000,-0.212720,True,,,,,,,,,-0.163830,0.263009,0.394666,0.000000,0.000000,0.000000,0.000000,0.000000,0.000000,nan,nan,nan,nan,nan,nan
1781065958577005795,2026-06-10T11:32:38.577032,ground_truth,0.105831,-0.639000,-0.212387,True,,,,,,,,,-0.163830,0.263009,0.394666,0.000000,0.000000,0.000000,0.000000,0.000000,0.000000,nan,nan,nan,nan,nan,nan
1781065958620383600,2026-06-10T11:32:38.620413,ground_truth,0.104782,-0.639000,-0.212387,True,,,,,,,,,-0.163830,0.263009,0.394666,0.000000,0.000000,0.000000,0.000000,0.000000,0.000000,nan,nan,nan,nan,nan,nan
1781065958668766279,2026-06-10T11:32:38.668790,ground_truth,0.106545,-0.637000,-0.211723,True,,,,,,,,,-0.163830,0.263009,0.394666,0.000000,0.000000,0.000000,0.000000,0.000000,0.000000,nan,nan,nan,nan,nan,nan
1781065958708702437,2026-06-10T11:32:38.708730,ground_truth,0.106879,-0.639000,-0.212387,True,,,,,,,,,-0.163830,0.263009,0.394666,0.000000,0.000000,0.000000,0.000000,0.000000,0.000000,nan,nan,nan,nan,nan,nan
1781065958746498644,2026-06-10T11:32:38.746554,ground_truth,0.106712,-0.638000,-0.212055,True,,,,,,,,,-0.163830,0.263009,0.394666,0.000000,0.000000,0.000000,0.000000,0.000000,0.000000,nan,nan,nan,nan,nan,nan
1781065958810527419,2026-06-10T11:32:38.810591,ground_truth,0.106712,-0.638000,-0.212055,True,,,,,,,,,-0.163830,0.263009,0.394666,0.000000,0.000000,0.000000,0.000000,0.000000,0.000000,nan,nan,nan,nan,nan,nan
1781065958872524413,2026-06-10T11:32:38.872554,ground_truth,0.106712,-0.638000,-0.212055,True,,,,,,,,,-0.163830,0.263009,0.394666,0.000000,0.000000,0.000000,0.000000,0.000000,0.000000,nan,nan,nan,nan,nan,nan
1781065958917108170,2026-06-10T11:32:38.917134,ground_truth,0.106712,-0.638000,-0.212055,True,,,,,,,,,-0.163830,0.263009,0.394666,0.000000,0.000000,0.000000,0.000000,0.000000,0.000000,nan,nan,nan,nan,nan,nan
1781065958958155070,2026-06-10T11:32:38.958200,ground_truth,0.106545,-0.637000,-0.211723,True,,,,,,,,,-0.163830,0.263009,0.394666,0.000000,0.000000,0.000000,0.000000,0.000000,0.000000,nan,nan,nan,nan,nan,nan
1781065959000590363,2026-06-10T11:32:39.000619,ground_truth,0.105665,-0.638000,-0.212055,True,,,,,,,,,-0.163830,0.263009,0.394666,0.000000,0.000000,0.000000,0.000000,0.000000,0.000000,nan,nan,nan,nan,nan,nan
1781065959055650253,2026-06-10T11:32:39.055699,ground_truth,0.106879,-0.639000,-0.212387,True,,,,,,,,,-0.163830,0.263009,0.394666,0.000000,0.000000,0.000000,0.000000,0.000000,0.000000,nan,nan,nan,nan,nan,nan
1781065959102487739,2026-06-10T11:32:39.102514,ground_truth,0.105665,-0.638000,-0.212055,True,,,,,,,,,-0.163830,0.263009,0.394666,0.000000,0.000000,0.000000,0.000000,0.000000,0.000000,nan,nan,nan,nan,nan,nan
1781065959153029106,2026-06-10T11:32:39.153057,ground_truth,0.105500,-0.637000,-0.211723,True,,,,,,,,,-0.163830,0.263009,0.394666,0.000000,0.000000,0.000000,0.000000,0.000000,0.000000,nan,nan,nan,nan,nan,nan
1781065959202863832,2026-06-10T11:32:39.202896,ground_truth,0.105996,-0.640000,-0.212720,True,,,,,,,,,-0.163830,0.263009,0.394666,0.000000,0.000000,0.000000,0.000000,0.000000,0.000000,nan,nan,nan,nan,nan,nan
1781065959259066609,2026-06-10T11:32:39.259106,ground_truth,0.106712,-0.638000,-0.212055,True,,,,,,,,,-0.163830,0.263009,0.394666,0.000000,0.000000,0.000000,0.000000,0.000000,0.000000,nan,nan,nan,nan,nan,nan
1781065959305742348,2026-06-10T11:32:39.305768,ground_truth,0.107759,-0.638000,-0.212055,True,,,,,,,,,-0.163830,0.263009,0.394666,0.000000,0.000000,0.000000,0.000000,0.000000,0.000000,nan,nan,nan,nan,nan,nan
1781065959351503324,2026-06-10T11:32:39.351532,ground_truth,0.109680,-0.637000,-0.211723,True,,,,,,,,,-0.163830,0.263009,0.394666,0.000000,0.000000,0.000000,0.000000,0.000000,0.000000,nan,nan,nan,nan,nan,nan
1781065959399334937,2026-06-10T11:32:39.399418,ground_truth,0.109680,-0.637000,-0.211723,True,,,,,,,,,-0.163830,0.263009,0.394666,0.000000,0.000000,0.000000,0.000000,0.000000,0.000000,nan,nan,nan,nan,nan,nan
1781065959443140719,2026-06-10T11:32:39.443171,ground_truth,0.107928,-0.639000,-0.212387,True,,,,,,,,,-0.163830,0.263009,0.394666,0.000000,0.000000,0.000000,0.000000,0.000000,0.000000,nan,nan,nan,nan,nan,nan
1781065959486808463,2026-06-10T11:32:39.486834,ground_truth,0.107252,-0.635000,-0.211058,True,,,,,,,,,-0.163830,0.263009,0.394666,0.000000,0.000000,0.000000,0.000000,0.000000,0.000000,nan,nan,nan,nan,nan,nan
1781065959533962551,2026-06-10T11:32:39.534019,ground_truth,0.108096,-0.640000,-0.212720,True,,,,,,,,,-0.163830,0.263009,0.394666,0.000000,0.000000,0.000000,0.000000,0.000000,0.000000,nan,nan,nan,nan,nan,nan
1781065959579094218,2026-06-10T11:32:39.579141,ground_truth,0.107928,-0.639000,-0.212387,True,,,,,,,,,-0.163830,0.263009,0.394666,0.000000,0.000000,0.000000,0.000000,0.000000,0.000000,nan,nan,nan,nan,nan,nan
1781065959628278234,2026-06-10T11:32:39.628308,ground_truth,0.108976,-0.639000,-0.212387,True,,,,,,,,,-0.163830,0.263009,0.394666,0.000000,0.000000,0.000000,0.000000,0.000000,0.000000,nan,nan,nan,nan,nan,nan
1781065959675831402,2026-06-10T11:32:39.675857,ground_truth,0.108976,-0.639000,-0.212387,True,,,,,,,,,-0.163830,0.263009,0.394666,0.000000,0.000000,0.000000,0.000000,0.000000,0.000000,nan,nan,nan,nan,nan,nan
1781065959719609025,2026-06-10T11:32:39.719643,ground_truth,0.108805,-0.638000,-0.212055,True,,,,,,,,,-0.163830,0.263009,0.394666,0.000000,0.000000,0.000000,0.000000,0.000000,0.000000,nan,nan,nan,nan,nan,nan
1781065959775452374,2026-06-10T11:32:39.775542,ground_truth,0.107590,-0.637000,-0.211723,True,,,,,,,,,-0.163830,0.263009,0.394666,0.000000,0.000000,0.000000,0.000000,0.000000,0.000000,nan,nan,nan,nan,nan,nan
1781065959822630313,2026-06-10T11:32:39.822659,ground_truth,0.107928,-0.639000,-0.212387,True,,,,,,,,,-0.163830,0.263009,0.394666,0.000000,0.000000,0.000000,0.000000,0.000000,0.000000,nan,nan,nan,nan,nan,nan
1781065959861063440,2026-06-10T11:32:39.861099,ground_truth,0.107590,-0.637000,-0.211723,True,,,,,,,,,-0.163830,0.263009,0.394666,0.000000,0.000000,0.000000,0.000000,0.000000,0.000000,nan,nan,nan,nan,nan,nan
1781065959906892675,2026-06-10T11:32:39.906921,ground_truth,0.105665,-0.638000,-0.212055,True,,,,,,,,,-0.163830,0.263009,0.394666,0.000000,0.000000,0.000000,0.000000,0.000000,0.000000,nan,nan,nan,nan,nan,nan
1781065959946810544,2026-06-10T11:32:39.946841,ground_truth,0.106879,-0.639000,-0.212387,True,,,,,,,,,-0.163830,0.263009,0.394666,0.000000,0.000000,0.000000,0.000000,0.000000,0.000000,nan,nan,nan,nan,nan,nan
1781065959995066722,2026-06-10T11:32:39.995095,ground_truth,0.105831,-0.639000,-0.212387,True,,,,,,,,,-0.163830,0.263009,0.394666,0.000000,0.000000,0.000000,0.000000,0.000000,0.000000,nan,nan,nan,nan,nan,nan
1781065960038847041,2026-06-10T11:32:40.038876,ground_truth,0.106162,-0.641000,-0.213052,True,,,,,,,,,-0.163830,0.263009,0.394666,0.000000,0.000000,0.000000,0.000000,0.000000,0.000000,nan,nan,nan,nan,nan,nan
1781065960077416704,2026-06-10T11:32:40.077447,ground_truth,0.109680,-0.637000,-0.211723,True,,,,,,,,,-0.163830,0.263009,0.394666,0.000000,0.000000,0.000000,0.000000,0.000000,0.000000,nan,nan,nan,nan,nan,nan
1781065960135112487,2026-06-10T11:32:40.135137,ground_truth,0.108976,-0.639000,-0.212387,True,,,,,,,,,-0.163830,0.263009,0.394666,0.000000,0.000000,0.000000,0.000000,0.000000,0.000000,nan,nan,nan,nan,nan,nan
1781065960185364816,2026-06-10T11:32:40.185399,ground_truth,0.106879,-0.639000,-0.212387,True,,,,,,,,,-0.163830,0.263009,0.394666,0.000000,0.000000,0.000000,0.000000,0.000000,0.000000,nan,nan,nan,nan,nan,nan
1781065960259782977,2026-06-10T11:32:40.259811,ground_truth,0.107214,-0.641000,-0.213052,True,,,,,,,,,-0.163830,0.263009,0.394666,0.000000,0.000000,0.000000,0.000000,0.000000,0.000000,nan,nan,nan,nan,nan,nan
1781065960322682607,2026-06-10T11:32:40.322768,ground_truth,0.106879,-0.639000,-0.212387,True,,,,,,,,,-0.163830,0.263009,0.394666,0.000000,0.000000,0.000000,0.000000,0.000000,0.000000,nan,nan,nan,nan,nan,nan
1781065960393623256,2026-06-10T11:32:40.393672,ground_truth,0.107759,-0.638000,-0.212055,True,,,,,,,,,-0.163830,0.263009,0.394666,0.000000,0.000000,0.000000,0.000000,0.000000,0.000000,nan,nan,nan,nan,nan,nan
1781065960468395243,2026-06-10T11:32:40.468434,ground_truth,0.107046,-0.640000,-0.212720,True,,,,,,,,,-0.163830,0.263009,0.394666,0.000000,0.000000,0.000000,0.000000,0.000000,0.000000,nan,nan,nan,nan,nan,nan
1781065960535208811,2026-06-10T11:32:40.535238,ground_truth,0.106162,-0.641000,-0.213052,True,,,,,,,,,-0.163830,0.263009,0.394666,0.000000,0.000000,0.000000,0.000000,0.000000,0.000000,nan,nan,nan,nan,nan,nan
1781065960595468125,2026-06-10T11:32:40.595500,ground_truth,0.106545,-0.637000,-0.211723,True,,,,,,,,,-0.163830,0.263009,0.394666,0.000000,0.000000,0.000000,0.000000,0.000000,0.000000,nan,nan,nan,nan,nan,nan
1781065960667354383,2026-06-10T11:32:40.667383,ground_truth,0.106545,-0.637000,-0.211723,True,,,,,,,,,-0.163830,0.263009,0.394666,0.000000,0.000000,0.000000,0.000000,0.000000,0.000000,nan,nan,nan,nan,nan,nan
1781065960716224884,2026-06-10T11:32:40.716256,ground_truth,0.106210,-0.635000,-0.212101,True,,,,,,,,,-0.163830,0.263009,0.394666,0.000000,0.000000,0.000000,0.000000,0.000000,0.000000,nan,nan,nan,nan,nan,nan
1781065960759821567,2026-06-10T11:32:40.759859,ground_truth,0.105831,-0.639000,-0.213437,True,,,,,,,,,-0.163830,0.263009,0.394666,0.000000,0.000000,0.000000,0.000000,0.000000,0.000000,nan,nan,nan,nan,nan,nan
1781065960804283238,2026-06-10T11:32:40.804318,ground_truth,0.105003,-0.634000,-0.211767,True,,,,,,,,,-0.163830,0.263009,0.394666,0.000000,0.000000,0.000000,0.000000,0.000000,0.000000,nan,nan,nan,nan,nan,nan
1781065960850974048,2026-06-10T11:32:40.851011,ground_truth,0.105500,-0.637000,-0.212769,True,,,,,,,,,-0.163830,0.263009,0.394666,0.000000,0.000000,0.000000,0.000000,0.000000,0.000000,nan,nan,nan,nan,nan,nan
1781065960907918463,2026-06-10T11:32:40.907950,ground_truth,0.105334,-0.636000,-0.212435,True,,,,,,,,,-0.163830,0.263009,0.394666,0.000000,0.000000,0.000000,0.000000,0.000000,0.000000,nan,nan,nan,nan,nan,nan
1781065960959357589,2026-06-10T11:32:40.959400,ground_truth,0.108294,-0.635000,-0.212101,True,,,,,,,,,-0.163830,0.263009,0.394666,0.000000,0.000000,0.000000,0.000000,0.000000,0.000000,nan,nan,nan,nan,nan,nan
1781065961040598784,2026-06-10T11:32:41.040637,ground_truth,0.109336,-0.635000,-0.212101,True,,,,,,,,,-0.163830,0.263009,0.394666,0.000000,0.000000,0.000000,0.000000,0.000000,0.000000,nan,nan,nan,nan,nan,nan
1781065961102023492,2026-06-10T11:32:41.102059,ground_truth,0.109508,-0.636000,-0.212435,True,,,,,,,,,-0.163830,0.263009,0.394666,0.000000,0.000000,0.000000,0.000000,0.000000,0.000000,nan,nan,nan,nan,nan,nan
1781065961168952125,2026-06-10T11:32:41.168987,ground_truth,0.107759,-0.638000,-0.213103,True,,,,,,,,,-0.163830,0.263009,0.394666,0.000000,0.000000,0.000000,0.000000,0.000000,0.000000,nan,nan,nan,nan,nan,nan
1781065961267098112,2026-06-10T11:32:41.267135,ground_truth,0.107759,-0.638000,-0.213103,True,,,,,,,,,-0.163830,0.263009,0.394666,0.000000,0.000000,0.000000,0.000000,0.000000,0.000000,nan,nan,nan,nan,nan,nan
1781065961359511398,2026-06-10T11:32:41.359569,ground_truth,0.104618,-0.638000,-0.213103,True,,,,,,,,,-0.163830,0.263009,0.394666,0.000000,0.000000,0.000000,0.000000,0.000000,0.000000,nan,nan,nan,nan,nan,nan
1781065961407305879,2026-06-10T11:32:41.407332,ground_truth,0.106545,-0.637000,-0.212769,True,,,,,,,,,-0.163830,0.263009,0.394666,0.000000,0.000000,0.000000,0.000000,0.000000,0.000000,nan,nan,nan,nan,nan,nan
1781065961455668768,2026-06-10T11:32:41.455697,ground_truth,0.106377,-0.636000,-0.212435,True,,,,,,,,,-0.163830,0.263009,0.394666,0.000000,0.000000,0.000000,0.000000,0.000000,0.000000,nan,nan,nan,nan,nan,nan
1781065961509719642,2026-06-10T11:32:41.509753,ground_truth,0.106712,-0.638000,-0.214151,True,,,,,,,,,-0.163830,0.263009,0.394666,0.000000,0.000000,0.000000,0.000000,0.000000,0.000000,nan,nan,nan,nan,nan,nan
1781065961555313676,2026-06-10T11:32:41.555333,ground_truth,0.106377,-0.636000,-0.212435,True,,,,,,,,,-0.163830,0.263009,0.394666,0.000000,0.000000,0.000000,0.000000,0.000000,0.000000,nan,nan,nan,nan,nan,nan
1781065961610658541,2026-06-10T11:32:41.610690,ground_truth,0.106377,-0.636000,-0.212435,True,,,,,,,,,-0.163830,0.263009,0.394666,0.000000,0.000000,0.000000,0.000000,0.000000,0.000000,nan,nan,nan,nan,nan,nan
1781065961660841473,2026-06-10T11:32:41.660883,ground_truth,0.107421,-0.636000,-0.212435,True,,,,,,,,,-0.163830,0.263009,0.394666,0.000000,0.000000,0.000000,0.000000,0.000000,0.000000,nan,nan,nan,nan,nan,nan
1781065961713127600,2026-06-10T11:32:41.713162,ground_truth,0.107590,-0.637000,-0.212769,True,,,,,,,,,-0.163830,0.263009,0.394666,0.000000,0.000000,0.000000,0.000000,0.000000,0.000000,nan,nan,nan,nan,nan,nan
1781065961755183388,2026-06-10T11:32:41.755210,ground_truth,0.107590,-0.637000,-0.212769,True,,,,,,,,,-0.163830,0.263009,0.394666,0.000000,0.000000,0.000000,0.000000,0.000000,0.000000,nan,nan,nan,nan,nan,nan
1781065961802380520,2026-06-10T11:32:41.802410,ground_truth,0.106879,-0.639000,-0.213437,True,,,,,,,,,-0.163830,0.263009,0.394666,0.000000,0.000000,0.000000,0.000000,0.000000,0.000000,nan,nan,nan,nan,nan,nan
1781065961849555682,2026-06-10T11:32:41.849596,ground_truth,0.107759,-0.638000,-0.214151,True,,,,,,,,,-0.163830,0.263009,0.394666,0.000000,0.000000,0.000000,0.000000,0.000000,0.000000,nan,nan,nan,nan,nan,nan
1781065961897532913,2026-06-10T11:32:41.897563,ground_truth,0.104221,-0.642000,-0.214439,True,,,,,,,,,-0.163830,0.263009,0.394666,0.000000,0.000000,0.000000,0.000000,0.000000,0.000000,nan,nan,nan,nan,nan,nan
1781065961970668656,2026-06-10T11:32:41.970698,ground_truth,0.104059,-0.641000,-0.215158,True,,,,,,,,,-0.163830,0.263009,0.394666,0.000000,0.000000,0.000000,0.000000,0.000000,0.000000,nan,nan,nan,nan,nan,nan
1781065962017540696,2026-06-10T11:32:42.017571,ground_truth,0.103734,-0.639000,-0.213437,True,,,,,,,,,-0.163830,0.263009,0.394666,0.000000,0.000000,0.000000,0.000000,0.000000,0.000000,nan,nan,nan,nan,nan,nan
1781065962069094269,2026-06-10T11:32:42.069125,ground_truth,0.103896,-0.640000,-0.213771,True,,,,,,,,,-0.163830,0.263009,0.394666,0.000000,0.000000,0.000000,0.000000,0.000000,0.000000,nan,nan,nan,nan,nan,nan
1781065962131187044,2026-06-10T11:32:42.131238,ground_truth,0.104782,-0.639000,-0.213437,True,,,,,,,,,-0.163830,0.263009,0.394666,0.000000,0.000000,0.000000,0.000000,0.000000,0.000000,nan,nan,nan,nan,nan,nan
1781065962171525626,2026-06-10T11:32:42.171553,ground_truth,0.105110,-0.641000,-0.214105,True,,,,,,,,,-0.163830,0.263009,0.394666,0.000000,0.000000,0.000000,0.000000,0.000000,0.000000,nan,nan,nan,nan,nan,nan
1781065962230451620,2026-06-10T11:32:42.230484,ground_truth,0.104782,-0.639000,-0.213437,True,,,,,,,,,-0.163830,0.263009,0.394666,0.000000,0.000000,0.000000,0.000000,0.000000,0.000000,nan,nan,nan,nan,nan,nan
1781065962270422407,2026-06-10T11:32:42.270453,ground_truth,0.103896,-0.640000,-0.213771,True,,,,,,,,,-0.163830,0.263009,0.394666,0.000000,0.000000,0.000000,0.000000,0.000000,0.000000,nan,nan,nan,nan,nan,nan
1781065962336056516,2026-06-10T11:32:42.336088,ground_truth,0.104618,-0.638000,-0.213103,True,,,,,,,,,-0.163830,0.263009,0.394666,0.000000,0.000000,0.000000,0.000000,0.000000,0.000000,nan,nan,nan,nan,nan,nan
1781065962383742924,2026-06-10T11:32:42.383783,ground_truth,0.104454,-0.637000,-0.212769,True,,,,,,,,,-0.163830,0.263009,0.394666,0.000000,0.000000,0.000000,0.000000,0.000000,0.000000,nan,nan,nan,nan,nan,nan
1781065962438898653,2026-06-10T11:32:42.438926,ground_truth,0.105831,-0.639000,-0.213437,True,,,,,,,,,-0.163830,0.263009,0.394666,0.000000,0.000000,0.000000,0.000000,0.000000,0.000000,nan,nan,nan,nan,nan,nan
1781065962492839843,2026-06-10T11:32:42.492878,ground_truth,0.105831,-0.639000,-0.213437,True,,,,,,,,,-0.163830,0.263009,0.394666,0.000000,0.000000,0.000000,0.000000,0.000000,0.000000,nan,nan,nan,nan,nan,nan
1781065962544906414,2026-06-10T11:32:42.544948,ground_truth,0.106712,-0.638000,-0.213103,True,,,,,,,,,-0.163830,0.263009,0.394666,0.000000,0.000000,0.000000,0.000000,0.000000,0.000000,nan,nan,nan,nan,nan,nan
1781065962583616520,2026-06-10T11:32:42.583653,ground_truth,0.106545,-0.637000,-0.212769,True,,,,,,,,,-0.163830,0.263009,0.394666,0.000000,0.000000,0.000000,0.000000,0.000000,0.000000,nan,nan,nan,nan,nan,nan
1781065962621572481,2026-06-10T11:32:42.621615,ground_truth,0.106712,-0.638000,-0.213103,True,,,,,,,,,-0.163830,0.263009,0.394666,0.000000,0.000000,0.000000,0.000000,0.000000,0.000000,nan,nan,nan,nan,nan,nan
1781065962664375158,2026-06-10T11:32:42.664412,ground_truth,0.106545,-0.637000,-0.212769,True,,,,,,,,,-0.163830,0.263009,0.394666,0.000000,0.000000,0.000000,0.000000,0.000000,0.000000,nan,nan,nan,nan,nan,nan
1781065962706034940,2026-06-10T11:32:42.706063,ground_truth,0.107046,-0.640000,-0.213771,True,,,,,,,,,-0.163830,0.263009,0.394666,0.000000,0.000000,0.000000,0.000000,0.000000,0.000000,nan,nan,nan,nan,nan,nan
1781065962744495393,2026-06-10T11:32:42.744527,ground_truth,0.106879,-0.639000,-0.213437,True,,,,,,,,,-0.163830,0.263009,0.394666,0.000000,0.000000,0.000000,0.000000,0.000000,0.000000,nan,nan,nan,nan,nan,nan
1781065962791271635,2026-06-10T11:32:42.791302,ground_truth,0.106879,-0.639000,-0.213437,True,,,,,,,,,-0.163830,0.263009,0.394666,0.000000,0.000000,0.000000,0.000000,0.000000,0.000000,nan,nan,nan,nan,nan,nan
1781065962832010859,2026-06-10T11:32:42.832048,ground_truth,0.106545,-0.637000,-0.212769,True,,,,,,,,,-0.163830,0.263009,0.394666,0.000000,0.000000,0.000000,0.000000,0.000000,0.000000,nan,nan,nan,nan,nan,nan
1781065962883977631,2026-06-10T11:32:42.884025,ground_truth,0.105831,-0.639000,-0.213437,True,,,,,,,,,-0.163830,0.263009,0.394666,0.000000,0.000000,0.000000,0.000000,0.000000,0.000000,nan,nan,nan,nan,nan,nan
1781065962933766803,2026-06-10T11:32:42.933792,ground_truth,0.106879,-0.639000,-0.213437,True,,,,,,,,,-0.163830,0.263009,0.394666,0.000000,0.000000,0.000000,0.000000,0.000000,0.000000,nan,nan,nan,nan,nan,nan
1781065962978397686,2026-06-10T11:32:42.978431,ground_truth,0.105996,-0.640000,-0.213771,True,,,,,,,,,-0.163830,0.263009,0.394666,0.000000,0.000000,0.000000,0.000000,0.000000,0.000000,nan,nan,nan,nan,nan,nan
1781065963027936947,2026-06-10T11:32:43.027968,ground_truth,0.106162,-0.641000,-0.214105,True,,,,,,,,,-0.163830,0.263009,0.394666,0.000000,0.000000,0.000000,0.000000,0.000000,0.000000,nan,nan,nan,nan,nan,nan
1781065963095361657,2026-06-10T11:32:43.095390,ground_truth,0.106879,-0.639000,-0.213437,True,,,,,,,,,-0.163830,0.263009,0.394666,0.000000,0.000000,0.000000,0.000000,0.000000,0.000000,nan,nan,nan,nan,nan,nan
1781065963141006974,2026-06-10T11:32:43.141037,ground_truth,0.106879,-0.639000,-0.213437,True,,,,,,,,,-0.163830,0.263009,0.394666,0.000000,0.000000,0.000000,0.000000,0.000000,0.000000,nan,nan,nan,nan,nan,nan
1781065963194008361,2026-06-10T11:32:43.194046,ground_truth,0.106879,-0.639000,-0.213437,True,,,,,,,,,-0.163830,0.263009,0.394666,0.000000,0.000000,0.000000,0.000000,0.000000,0.000000,nan,nan,nan,nan,nan,nan
1781065963238315181,2026-06-10T11:32:43.238340,ground_truth,0.106162,-0.641000,-0.214105,True,,,,,,,,,-0.163830,0.263009,0.394666,0.000000,0.000000,0.000000,0.000000,0.000000,0.000000,nan,nan,nan,nan,nan,nan
1781065963283892573,2026-06-10T11:32:43.283926,ground_truth,0.105831,-0.639000,-0.213437,True,,,,,,,,,-0.163830,0.263009,0.394666,0.000000,0.000000,0.000000,0.000000,0.000000,0.000000,nan,nan,nan,nan,nan,nan
1781065963333057520,2026-06-10T11:32:43.333090,ground_truth,0.106162,-0.641000,-0.214105,True,,,,,,,,,-0.163830,0.263009,0.394666,0.000000,0.000000,0.000000,0.000000,0.000000,0.000000,nan,nan,nan,nan,nan,nan
1781065963383056225,2026-06-10T11:32:43.383086,ground_truth,0.106162,-0.641000,-0.214105,True,,,,,,,,,-0.163830,0.263009,0.394666,0.000000,0.000000,0.000000,0.000000,0.000000,0.000000,nan,nan,nan,nan,nan,nan
1781065963425505322,2026-06-10T11:32:43.425533,ground_truth,0.105996,-0.640000,-0.213771,True,,,,,,,,,-0.163830,0.263009,0.394666,0.000000,0.000000,0.000000,0.000000,0.000000,0.000000,nan,nan,nan,nan,nan,nan
1781065963468432184,2026-06-10T11:32:43.468466,ground_truth,0.105274,-0.642000,-0.213384,True,,,,,,,,,-0.163830,0.263009,0.394666,0.000000,0.000000,0.000000,0.000000,0.000000,0.000000,nan,nan,nan,nan,nan,nan
1781065963513300634,2026-06-10T11:32:43.513345,ground_truth,0.105110,-0.641000,-0.214105,True,,,,,,,,,-0.163830,0.263009,0.394666,0.000000,0.000000,0.000000,0.000000,0.000000,0.000000,nan,nan,nan,nan,nan,nan
1781065963558722502,2026-06-10T11:32:43.558750,ground_truth,0.105274,-0.642000,-0.214439,True,,,,,,,,,-0.163830,0.263009,0.394666,0.000000,0.000000,0.000000,0.000000,0.000000,0.000000,nan,nan,nan,nan,nan,nan
1781065963597489820,2026-06-10T11:32:43.597531,ground_truth,0.106328,-0.642000,-0.214439,True,,,,,,,,,-0.163830,0.263009,0.394666,0.000000,0.000000,0.000000,0.000000,0.000000,0.000000,nan,nan,nan,nan,nan,nan
1781065963638198454,2026-06-10T11:32:43.638220,ground_truth,0.106879,-0.639000,-0.213437,True,,,,,,,,,-0.163830,0.263009,0.394666,0.000000,0.000000,0.000000,0.000000,0.000000,0.000000,nan,nan,nan,nan,nan,nan
1781065963675840754,2026-06-10T11:32:43.675865,ground_truth,0.106879,-0.639000,-0.213437,True,,,,,,,,,-0.163830,0.263009,0.394666,0.000000,0.000000,0.000000,0.000000,0.000000,0.000000,nan,nan,nan,nan,nan,nan
1781065963718054562,2026-06-10T11:32:43.718098,ground_truth,0.106879,-0.639000,-0.213437,True,,,,,,,,,-0.163830,0.263009,0.394666,0.000000,0.000000,0.000000,0.000000,0.000000,0.000000,nan,nan,nan,nan,nan,nan
1781065963768429996,2026-06-10T11:32:43.768464,ground_truth,0.105996,-0.640000,-0.213771,True,,,,,,,,,-0.163830,0.263009,0.394666,0.000000,0.000000,0.000000,0.000000,0.000000,0.000000,nan,nan,nan,nan,nan,nan
1781065963815380810,2026-06-10T11:32:43.815415,ground_truth,0.105831,-0.639000,-0.213437,True,,,,,,,,,-0.163830,0.263009,0.394666,0.000000,0.000000,0.000000,0.000000,0.000000,0.000000,nan,nan,nan,nan,nan,nan
1781065963855237848,2026-06-10T11:32:43.855259,ground_truth,0.105665,-0.638000,-0.213103,True,,,,,,,,,-0.163830,0.263009,0.394666,0.000000,0.000000,0.000000,0.000000,0.000000,0.000000,nan,nan,nan,nan,nan,nan
1781065963894358123,2026-06-10T11:32:43.894390,ground_truth,0.106545,-0.637000,-0.212769,True,,,,,,,,,-0.163830,0.263009,0.394666,0.000000,0.000000,0.000000,0.000000,0.000000,0.000000,nan,nan,nan,nan,nan,nan
1781065963943909628,2026-06-10T11:32:43.943944,ground_truth,0.106545,-0.637000,-0.212769,True,,,,,,,,,-0.163830,0.263009,0.394666,0.000000,0.000000,0.000000,0.000000,0.000000,0.000000,nan,nan,nan,nan,nan,nan
1781065963986444153,2026-06-10T11:32:43.986472,ground_truth,0.107046,-0.640000,-0.213771,True,,,,,,,,,-0.163830,0.263009,0.394666,0.000000,0.000000,0.000000,0.000000,0.000000,0.000000,nan,nan,nan,nan,nan,nan
1781065964027418486,2026-06-10T11:32:44.027455,ground_truth,0.106712,-0.638000,-0.213103,True,,,,,,,,,-0.163830,0.263009,0.394666,0.000000,0.000000,0.000000,0.000000,0.000000,0.000000,nan,nan,nan,nan,nan,nan
1781065964069311129,2026-06-10T11:32:44.069342,ground_truth,0.106879,-0.639000,-0.213437,True,,,,,,,,,-0.163830,0.263009,0.394666,0.000000,0.000000,0.000000,0.000000,0.000000,0.000000,nan,nan,nan,nan,nan,nan
1781065964115407790,2026-06-10T11:32:44.115435,ground_truth,0.104946,-0.640000,-0.213771,True,,,,,,,,,-0.163830,0.263009,0.394666,0.000000,0.000000,0.000000,0.000000,0.000000,0.000000,nan,nan,nan,nan,nan,nan
1781065964176344523,2026-06-10T11:32:44.176373,ground_truth,0.106712,-0.638000,-0.213103,True,,,,,,,,,-0.163830,0.263009,0.394666,0.000000,0.000000,0.000000,0.000000,0.000000,0.000000,nan,nan,nan,nan,nan,nan
1781065964221697740,2026-06-10T11:32:44.221740,ground_truth,0.106712,-0.638000,-0.213103,True,,,,,,,,,-0.163830,0.263009,0.394666,0.000000,0.000000,0.000000,0.000000,0.000000,0.000000,nan,nan,nan,nan,nan,nan
1781065964265571539,2026-06-10T11:32:44.265607,ground_truth,0.106545,-0.637000,-0.212769,True,,,,,,,,,-0.163830,0.263009,0.394666,0.000000,0.000000,0.000000,0.000000,0.000000,0.000000,nan,nan,nan,nan,nan,nan
1781065964315898186,2026-06-10T11:32:44.315953,ground_truth,0.107928,-0.639000,-0.213437,True,,,,,,,,,-0.163830,0.263009,0.394666,0.000000,0.000000,0.000000,0.000000,0.000000,0.000000,nan,nan,nan,nan,nan,nan
1781065964363284258,2026-06-10T11:32:44.363361,ground_truth,0.106712,-0.638000,-0.213103,True,,,,,,,,,-0.163830,0.263009,0.394666,0.000000,0.000000,0.000000,0.000000,0.000000,0.000000,nan,nan,nan,nan,nan,nan
1781065964416156667,2026-06-10T11:32:44.416186,ground_truth,0.107928,-0.639000,-0.213437,True,,,,,,,,,-0.163830,0.263009,0.394666,0.000000,0.000000,0.000000,0.000000,0.000000,0.000000,nan,nan,nan,nan,nan,nan
1781065964458913041,2026-06-10T11:32:44.458943,ground_truth,0.110551,-0.636000,-0.212435,True,,,,,,,,,-0.163830,0.263009,0.394666,0.000000,0.000000,0.000000,0.000000,0.000000,0.000000,nan,nan,nan,nan,nan,nan
1781065964505456843,2026-06-10T11:32:44.505535,ground_truth,0.110024,-0.639000,-0.213437,True,,,,,,,,,-0.163830,0.263009,0.394666,0.000000,0.000000,0.000000,0.000000,0.000000,0.000000,nan,nan,nan,nan,nan,nan
1781065964559856215,2026-06-10T11:32:44.559891,ground_truth,0.110196,-0.640000,-0.213771,True,,,,,,,,,-0.163830,0.263009,0.394666,0.000000,0.000000,0.000000,0.000000,0.000000,0.000000,nan,nan,nan,nan,nan,nan
1781065964621300434,2026-06-10T11:32:44.621345,ground_truth,0.110024,-0.639000,-0.213437,True,,,,,,,,,-0.163830,0.263009,0.394666,0.000000,0.000000,0.000000,0.000000,0.000000,0.000000,nan,nan,nan,nan,nan,nan
1781065964685196749,2026-06-10T11:32:44.685221,ground_truth,0.110196,-0.640000,-0.213771,True,,,,,,,,,-0.163830,0.263009,0.394666,0.000000,0.000000,0.000000,0.000000,0.000000,0.000000,nan,nan,nan,nan,nan,nan
1781065964790020426,2026-06-10T11:32:44.790053,ground_truth,0.110024,-0.639000,-0.213437,True,,,,,,,,,-0.163830,0.263009,0.394666,0.000000,0.000000,0.000000,0.000000,0.000000,0.000000,nan,nan,nan,nan,nan,nan
1781065964890222442,2026-06-10T11:32:44.890267,ground_truth,0.110024,-0.639000,-0.213437,True,,,,,,,,,-0.163830,0.263009,0.394666,0.000000,0.000000,0.000000,0.000000,0.000000,0.000000,nan,nan,nan,nan,nan,nan
1781065964953706771,2026-06-10T11:32:44.953742,ground_truth,0.110725,-0.637000,-0.212769,True,,,,,,,,,-0.163830,0.263009,0.394666,0.000000,0.000000,0.000000,0.000000,0.000000,0.000000,nan,nan,nan,nan,nan,nan
1781065965012077992,2026-06-10T11:32:45.012111,ground_truth,0.109852,-0.638000,-0.214151,True,,,,,,,,,-0.163830,0.263009,0.394666,0.000000,0.000000,0.000000,0.000000,0.000000,0.000000,nan,nan,nan,nan,nan,nan
1781065965080258395,2026-06-10T11:32:45.080298,ground_truth,0.110369,-0.641000,-0.214105,True,,,,,,,,,-0.163830,0.263009,0.394666,0.000000,0.000000,0.000000,0.000000,0.000000,0.000000,nan,nan,nan,nan,nan,nan
1781065965125567021,2026-06-10T11:32:45.125596,ground_truth,0.110024,-0.639000,-0.214487,True,,,,,,,,,-0.163830,0.263009,0.394666,0.000000,0.000000,0.000000,0.000000,0.000000,0.000000,nan,nan,nan,nan,nan,nan
1781065965177357652,2026-06-10T11:32:45.177392,ground_truth,0.110725,-0.637000,-0.212769,True,,,,,,,,,-0.163830,0.263009,0.394666,0.000000,0.000000,0.000000,0.000000,0.000000,0.000000,nan,nan,nan,nan,nan,nan
1781065965225135354,2026-06-10T11:32:45.225167,ground_truth,0.111247,-0.640000,-0.213771,True,,,,,,,,,-0.163830,0.263009,0.394666,0.000000,0.000000,0.000000,0.000000,0.000000,0.000000,nan,nan,nan,nan,nan,nan
1781065965270013944,2026-06-10T11:32:45.270057,ground_truth,0.111073,-0.639000,-0.213437,True,,,,,,,,,-0.163830,0.263009,0.394666,0.000000,0.000000,0.000000,0.000000,0.000000,0.000000,nan,nan,nan,nan,nan,nan
1781065965321122171,2026-06-10T11:32:45.321152,ground_truth,0.111073,-0.639000,-0.213437,True,,,,,,,,,-0.163830,0.263009,0.394666,0.000000,0.000000,0.000000,0.000000,0.000000,0.000000,nan,nan,nan,nan,nan,nan
1781065965396669929,2026-06-10T11:32:45.396706,ground_truth,0.110024,-0.639000,-0.213437,True,,,,,,,,,-0.163830,0.263009,0.394666,0.000000,0.000000,0.000000,0.000000,0.000000,0.000000,nan,nan,nan,nan,nan,nan
1781065965448576686,2026-06-10T11:32:45.448621,ground_truth,0.111420,-0.641000,-0.214105,True,,,,,,,,,-0.163830,0.263009,0.394666,0.000000,0.000000,0.000000,0.000000,0.000000,0.000000,nan,nan,nan,nan,nan,nan
1781065965503153605,2026-06-10T11:32:45.503201,ground_truth,0.110369,-0.641000,-0.214105,True,,,,,,,,,-0.163830,0.263009,0.394666,0.000000,0.000000,0.000000,0.000000,0.000000,0.000000,nan,nan,nan,nan,nan,nan
1781065965547976333,2026-06-10T11:32:45.548010,ground_truth,0.108976,-0.639000,-0.213437,True,,,,,,,,,-0.163830,0.263009,0.394666,0.000000,0.000000,0.000000,0.000000,0.000000,0.000000,nan,nan,nan,nan,nan,nan
1781065965596012728,2026-06-10T11:32:45.596040,ground_truth,0.107381,-0.642000,-0.214439,True,,,,,,,,,-0.163830,0.263009,0.394666,0.000000,0.000000,0.000000,0.000000,0.000000,0.000000,nan,nan,nan,nan,nan,nan
1781065965639059283,2026-06-10T11:32:45.639096,ground_truth,0.107046,-0.640000,-0.213771,True,,,,,,,,,-0.163830,0.263009,0.394666,0.000000,0.000000,0.000000,0.000000,0.000000,0.000000,nan,nan,nan,nan,nan,nan
1781065965685288381,2026-06-10T11:32:45.685314,ground_truth,0.107214,-0.641000,-0.214105,True,,,,,,,,,-0.163830,0.263009,0.394666,0.000000,0.000000,0.000000,0.000000,0.000000,0.000000,nan,nan,nan,nan,nan,nan
1781065965729561087,2026-06-10T11:32:45.729603,ground_truth,0.107214,-0.641000,-0.213052,True,,,,,,,,,-0.163830,0.263009,0.394666,0.000000,0.000000,0.000000,0.000000,0.000000,0.000000,nan,nan,nan,nan,nan,nan
1781065965769178894,2026-06-10T11:32:45.769211,ground_truth,0.107381,-0.642000,-0.213384,True,,,,,,,,,-0.163830,0.263009,0.394666,0.000000,0.000000,0.000000,0.000000,0.000000,0.000000,nan,nan,nan,nan,nan,nan
1781065965814429343,2026-06-10T11:32:45.814459,ground_truth,0.107548,-0.643000,-0.213717,True,,,,,,,,,-0.163830,0.263009,0.394666,0.000000,0.000000,0.000000,0.000000,0.000000,0.000000,nan,nan,nan,nan,nan,nan
1781065965858614102,2026-06-10T11:32:45.858642,ground_truth,0.108096,-0.640000,-0.211668,True,,,,,,,,,-0.163830,0.263009,0.394666,0.000000,0.000000,0.000000,0.000000,0.000000,0.000000,nan,nan,nan,nan,nan,nan
1781065965901398905,2026-06-10T11:32:45.901445,ground_truth,0.110369,-0.641000,-0.213052,True,,,,,,,,,-0.163830,0.263009,0.394666,0.000000,0.000000,0.000000,0.000000,0.000000,0.000000,nan,nan,nan,nan,nan,nan
1781065965937870663,2026-06-10T11:32:45.937895,ground_truth,0.110725,-0.637000,-0.211723,True,,,,,,,,,-0.163830,0.263009,0.394666,0.000000,0.000000,0.000000,0.000000,0.000000,0.000000,nan,nan,nan,nan,nan,nan
1781065965979708833,2026-06-10T11:32:45.979729,ground_truth,0.113860,-0.637000,-0.210676,True,,,,,,,,,-0.163830,0.263009,0.394666,0.000000,0.000000,0.000000,0.000000,0.000000,0.000000,nan,nan,nan,nan,nan,nan
1781065966028822639,2026-06-10T11:32:46.028854,ground_truth,0.113682,-0.636000,-0.210345,True,,,,,,,,,-0.163830,0.263009,0.394666,0.000000,0.000000,0.000000,0.000000,0.000000,0.000000,nan,nan,nan,nan,nan,nan
1781065966067964023,2026-06-10T11:32:46.067995,ground_truth,0.113503,-0.635000,-0.210015,True,,,,,,,,,-0.163830,0.263009,0.394666,0.000000,0.000000,0.000000,0.000000,0.000000,0.000000,nan,nan,nan,nan,nan,nan
1781065966112313880,2026-06-10T11:32:46.112343,ground_truth,0.113682,-0.636000,-0.210345,True,,,,,,,,,-0.163830,0.263009,0.394666,0.000000,0.000000,0.000000,0.000000,0.000000,0.000000,nan,nan,nan,nan,nan,nan
1781065966157483973,2026-06-10T11:32:46.157505,ground_truth,0.114039,-0.638000,-0.211007,True,,,,,,,,,-0.163830,0.263009,0.394666,0.000000,0.000000,0.000000,0.000000,0.000000,0.000000,nan,nan,nan,nan,nan,nan
1781065966194231323,2026-06-10T11:32:46.194269,ground_truth,0.113860,-0.637000,-0.210676,True,,,,,,,,,-0.163830,0.263009,0.394666,0.000000,0.000000,0.000000,0.000000,0.000000,0.000000,nan,nan,nan,nan,nan,nan
1781065966236764301,2026-06-10T11:32:46.236792,ground_truth,0.114039,-0.638000,-0.209959,True,,,,,,,,,-0.163830,0.263009,0.394666,0.000000,0.000000,0.000000,0.000000,0.000000,0.000000,nan,nan,nan,nan,nan,nan
1781065966282689757,2026-06-10T11:32:46.282729,ground_truth,0.114218,-0.639000,-0.210288,True,,,,,,,,,-0.163830,0.263009,0.394666,0.000000,0.000000,0.000000,0.000000,0.000000,0.000000,nan,nan,nan,nan,nan,nan
1781065966318305093,2026-06-10T11:32:46.318355,ground_truth,0.113860,-0.637000,-0.210676,True,,,,,,,,,-0.163830,0.263009,0.394666,0.000000,0.000000,0.000000,0.000000,0.000000,0.000000,nan,nan,nan,nan,nan,nan
1781065966352437140,2026-06-10T11:32:46.352466,ground_truth,0.114545,-0.635000,-0.210015,True,,,,,,,,,-0.163830,0.263009,0.394666,0.000000,0.000000,0.000000,0.000000,0.000000,0.000000,nan,nan,nan,nan,nan,nan
1781065966391947428,2026-06-10T11:32:46.391971,ground_truth,0.115951,-0.637000,-0.210676,True,,,,,,,,,-0.163830,0.263009,0.394666,0.000000,0.000000,0.000000,0.000000,0.000000,0.000000,nan,nan,nan,nan,nan,nan
1781065966433903114,2026-06-10T11:32:46.433951,ground_truth,0.115587,-0.635000,-0.210015,True,,,,,,,,,-0.163830,0.263009,0.394666,0.000000,0.000000,0.000000,0.000000,0.000000,0.000000,nan,nan,nan,nan,nan,nan
1781065966475502431,2026-06-10T11:32:46.475529,ground_truth,0.116628,-0.635000,-0.210015,True,,,,,,,,,-0.163830,0.263009,0.394666,0.000000,0.000000,0.000000,0.000000,0.000000,0.000000,nan,nan,nan,nan,nan,nan
1781065966512183866,2026-06-10T11:32:46.512206,ground_truth,0.113503,-0.635000,-0.210015,True,,,,,,,,,-0.163830,0.263009,0.394666,0.000000,0.000000,0.000000,0.000000,0.000000,0.000000,nan,nan,nan,nan,nan,nan
1781065966559575354,2026-06-10T11:32:46.559626,ground_truth,0.114364,-0.634000,-0.209684,True,,,,,,,,,-0.163830,0.263009,0.394666,0.000000,0.000000,0.000000,0.000000,0.000000,0.000000,nan,nan,nan,nan,nan,nan
1781065966607787917,2026-06-10T11:32:46.607825,ground_truth,0.114545,-0.635000,-0.210015,True,,,,,,,,,-0.163830,0.263009,0.394666,0.000000,0.000000,0.000000,0.000000,0.000000,0.000000,nan,nan,nan,nan,nan,nan
1781065966654467636,2026-06-10T11:32:46.654496,ground_truth,0.114545,-0.635000,-0.210015,True,,,,,,,,,-0.163830,0.263009,0.394666,0.000000,0.000000,0.000000,0.000000,0.000000,0.000000,nan,nan,nan,nan,nan,nan
1781065966692222434,2026-06-10T11:32:46.692253,ground_truth,0.115587,-0.635000,-0.210015,True,,,,,,,,,-0.163830,0.263009,0.394666,0.000000,0.000000,0.000000,0.000000,0.000000,0.000000,nan,nan,nan,nan,nan,nan
1781065966730076828,2026-06-10T11:32:46.730097,ground_truth,0.115222,-0.633000,-0.208313,True,,,,,,,,,-0.163830,0.263009,0.394666,0.000000,0.000000,0.000000,0.000000,0.000000,0.000000,nan,nan,nan,nan,nan,nan
1781065966768983279,2026-06-10T11:32:46.769007,ground_truth,0.114545,-0.635000,-0.208971,True,,,,,,,,,-0.163830,0.263009,0.394666,0.000000,0.000000,0.000000,0.000000,0.000000,0.000000,nan,nan,nan,nan,nan,nan
1781065966803960115,2026-06-10T11:32:46.804004,ground_truth,0.115404,-0.634000,-0.208642,True,,,,,,,,,-0.163830,0.263009,0.394666,0.000000,0.000000,0.000000,0.000000,0.000000,0.000000,nan,nan,nan,nan,nan,nan
1781065966853656671,2026-06-10T11:32:46.853699,ground_truth,0.115587,-0.635000,-0.210015,True,,,,,,,,,-0.163830,0.263009,0.394666,0.000000,0.000000,0.000000,0.000000,0.000000,0.000000,nan,nan,nan,nan,nan,nan
1781065966931131037,2026-06-10T11:32:46.931165,ground_truth,0.114725,-0.636000,-0.210345,True,,,,,,,,,-0.163830,0.263009,0.394666,0.000000,0.000000,0.000000,0.000000,0.000000,0.000000,nan,nan,nan,nan,nan,nan
1781065967044838712,2026-06-10T11:32:47.044967,ground_truth,0.114545,-0.635000,-0.210015,True,,,,,,,,,-0.163830,0.263009,0.394666,0.000000,0.000000,0.000000,0.000000,0.000000,0.000000,nan,nan,nan,nan,nan,nan
1781065967135731831,2026-06-10T11:32:47.135786,ground_truth,0.115222,-0.633000,-0.209353,True,,,,,,,,,-0.163830,0.263009,0.394666,0.000000,0.000000,0.000000,0.000000,0.000000,0.000000,nan,nan,nan,nan,nan,nan
1781065967226239095,2026-06-10T11:32:47.226269,ground_truth,0.114364,-0.634000,-0.209684,True,,,,,,,,,-0.163830,0.263009,0.394666,0.000000,0.000000,0.000000,0.000000,0.000000,0.000000,nan,nan,nan,nan,nan,nan
1781065967275390692,2026-06-10T11:32:47.275415,ground_truth,0.114364,-0.634000,-0.208642,True,,,,,,,,,-0.163830,0.263009,0.394666,0.000000,0.000000,0.000000,0.000000,0.000000,0.000000,nan,nan,nan,nan,nan,nan
1781065967327591618,2026-06-10T11:32:47.327633,ground_truth,0.113503,-0.635000,-0.210015,True,,,,,,,,,-0.163830,0.263009,0.394666,0.000000,0.000000,0.000000,0.000000,0.000000,0.000000,nan,nan,nan,nan,nan,nan
1781065967377810654,2026-06-10T11:32:47.377839,ground_truth,0.113145,-0.633000,-0.209353,True,,,,,,,,,-0.163830,0.263009,0.394666,0.000000,0.000000,0.000000,0.000000,0.000000,0.000000,nan,nan,nan,nan,nan,nan
1781065967419711135,2026-06-10T11:32:47.419740,ground_truth,0.110725,-0.637000,-0.210676,True,,,,,,,,,-0.163830,0.263009,0.394666,0.000000,0.000000,0.000000,0.000000,0.000000,0.000000,nan,nan,nan,nan,nan,nan
1781065967458623284,2026-06-10T11:32:47.458656,ground_truth,0.111073,-0.639000,-0.211337,True,,,,,,,,,-0.163830,0.263009,0.394666,0.000000,0.000000,0.000000,0.000000,0.000000,0.000000,nan,nan,nan,nan,nan,nan
1781065967498988246,2026-06-10T11:32:47.499045,ground_truth,0.109852,-0.638000,-0.211007,True,,,,,,,,,-0.163830,0.263009,0.394666,0.000000,0.000000,0.000000,0.000000,0.000000,0.000000,nan,nan,nan,nan,nan,nan
1781065967538564247,2026-06-10T11:32:47.538597,ground_truth,0.108976,-0.639000,-0.211337,True,,,,,,,,,-0.163830,0.263009,0.394666,0.000000,0.000000,0.000000,0.000000,0.000000,0.000000,nan,nan,nan,nan,nan,nan
1781065967579403413,2026-06-10T11:32:47.579428,ground_truth,0.108976,-0.639000,-0.211337,True,,,,,,,,,-0.163830,0.263009,0.394666,0.000000,0.000000,0.000000,0.000000,0.000000,0.000000,nan,nan,nan,nan,nan,nan
1781065967623477461,2026-06-10T11:32:47.623512,ground_truth,0.107928,-0.639000,-0.211337,True,,,,,,,,,-0.163830,0.263009,0.394666,0.000000,0.000000,0.000000,0.000000,0.000000,0.000000,nan,nan,nan,nan,nan,nan
1781065967670767355,2026-06-10T11:32:47.670817,ground_truth,0.106879,-0.639000,-0.211337,True,,,,,,,,,-0.163830,0.263009,0.394666,0.000000,0.000000,0.000000,0.000000,0.000000,0.000000,nan,nan,nan,nan,nan,nan
1781065967719281439,2026-06-10T11:32:47.719311,ground_truth,0.107421,-0.636000,-0.210345,True,,,,,,,,,-0.163830,0.263009,0.394666,0.000000,0.000000,0.000000,0.000000,0.000000,0.000000,nan,nan,nan,nan,nan,nan
1781065967762669145,2026-06-10T11:32:47.762695,ground_truth,0.107083,-0.634000,-0.209684,True,,,,,,,,,-0.163830,0.263009,0.394666,0.000000,0.000000,0.000000,0.000000,0.000000,0.000000,nan,nan,nan,nan,nan,nan
1781065967808340094,2026-06-10T11:32:47.808368,ground_truth,0.107252,-0.635000,-0.210015,True,,,,,,,,,-0.163830,0.263009,0.394666,0.000000,0.000000,0.000000,0.000000,0.000000,0.000000,nan,nan,nan,nan,nan,nan
1781065967848355524,2026-06-10T11:32:47.848375,ground_truth,0.107252,-0.635000,-0.210015,True,,,,,,,,,-0.163830,0.263009,0.394666,0.000000,0.000000,0.000000,0.000000,0.000000,0.000000,nan,nan,nan,nan,nan,nan
1781065967888370442,2026-06-10T11:32:47.888393,ground_truth,0.107252,-0.635000,-0.210015,True,,,,,,,,,-0.163830,0.263009,0.394666,0.000000,0.000000,0.000000,0.000000,0.000000,0.000000,nan,nan,nan,nan,nan,nan
1781065967924712309,2026-06-10T11:32:47.924731,ground_truth,0.105110,-0.641000,-0.211999,True,,,,,,,,,-0.163830,0.263009,0.394666,0.000000,0.000000,0.000000,0.000000,0.000000,0.000000,nan,nan,nan,nan,nan,nan
1781065967955648714,2026-06-10T11:32:47.955672,ground_truth,0.105110,-0.641000,-0.211999,True,,,,,,,,,-0.163830,0.263009,0.394666,0.000000,0.000000,0.000000,0.000000,0.000000,0.000000,nan,nan,nan,nan,nan,nan
1781065967997246552,2026-06-10T11:32:47.997270,ground_truth,0.105831,-0.639000,-0.211337,True,,,,,,,,,-0.163830,0.263009,0.394666,0.000000,0.000000,0.000000,0.000000,0.000000,0.000000,nan,nan,nan,nan,nan,nan
1781065968030308495,2026-06-10T11:32:48.030340,ground_truth,0.105831,-0.639000,-0.212387,True,,,,,,,,,-0.163830,0.263009,0.394666,0.000000,0.000000,0.000000,0.000000,0.000000,0.000000,nan,nan,nan,nan,nan,nan
1781065968062109914,2026-06-10T11:32:48.062146,ground_truth,0.105996,-0.640000,-0.211668,True,,,,,,,,,-0.163830,0.263009,0.394666,0.000000,0.000000,0.000000,0.000000,0.000000,0.000000,nan,nan,nan,nan,nan,nan
1781065968096565623,2026-06-10T11:32:48.096626,ground_truth,0.106879,-0.639000,-0.211337,True,,,,,,,,,-0.163830,0.263009,0.394666,0.000000,0.000000,0.000000,0.000000,0.000000,0.000000,nan,nan,nan,nan,nan,nan
1781065968129155739,2026-06-10T11:32:48.129181,ground_truth,0.107046,-0.640000,-0.211668,True,,,,,,,,,-0.163830,0.263009,0.394666,0.000000,0.000000,0.000000,0.000000,0.000000,0.000000,nan,nan,nan,nan,nan,nan
1781065968161500641,2026-06-10T11:32:48.161538,ground_truth,0.106879,-0.639000,-0.211337,True,,,,,,,,,-0.163830,0.263009,0.394666,0.000000,0.000000,0.000000,0.000000,0.000000,0.000000,nan,nan,nan,nan,nan,nan
1781065968195432902,2026-06-10T11:32:48.195467,ground_truth,0.107548,-0.643000,-0.212660,True,,,,,,,,,-0.163830,0.263009,0.394666,0.000000,0.000000,0.000000,0.000000,0.000000,0.000000,nan,nan,nan,nan,nan,nan
1781065968226210861,2026-06-10T11:32:48.226228,ground_truth,0.109680,-0.637000,-0.210676,True,,,,,,,,,-0.163830,0.263009,0.394666,0.000000,0.000000,0.000000,0.000000,0.000000,0.000000,nan,nan,nan,nan,nan,nan
1781065968258259943,2026-06-10T11:32:48.258284,ground_truth,0.109680,-0.637000,-0.211723,True,,,,,,,,,-0.163830,0.263009,0.394666,0.000000,0.000000,0.000000,0.000000,0.000000,0.000000,nan,nan,nan,nan,nan,nan
1781065968297258370,2026-06-10T11:32:48.297281,ground_truth,0.110551,-0.636000,-0.211390,True,,,,,,,,,-0.163830,0.263009,0.394666,0.000000,0.000000,0.000000,0.000000,0.000000,0.000000,nan,nan,nan,nan,nan,nan
1781065968329417606,2026-06-10T11:32:48.329435,ground_truth,0.112461,-0.635000,-0.210015,True,,,,,,,,,-0.163830,0.263009,0.394666,0.000000,0.000000,0.000000,0.000000,0.000000,0.000000,nan,nan,nan,nan,nan,nan
1781065968366937695,2026-06-10T11:32:48.367002,ground_truth,0.111770,-0.637000,-0.210676,True,,,,,,,,,-0.163830,0.263009,0.394666,0.000000,0.000000,0.000000,0.000000,0.000000,0.000000,nan,nan,nan,nan,nan,nan
1781065968406037881,2026-06-10T11:32:48.406069,ground_truth,0.110024,-0.639000,-0.212387,True,,,,,,,,,-0.163830,0.263009,0.394666,0.000000,0.000000,0.000000,0.000000,0.000000,0.000000,nan,nan,nan,nan,nan,nan
1781065968441393903,2026-06-10T11:32:48.441420,ground_truth,0.108265,-0.641000,-0.213052,True,,,,,,,,,-0.163830,0.263009,0.394666,0.000000,0.000000,0.000000,0.000000,0.000000,0.000000,nan,nan,nan,nan,nan,nan
1781065968476839256,2026-06-10T11:32:48.476860,ground_truth,0.110725,-0.637000,-0.211723,True,,,,,,,,,-0.163830,0.263009,0.394666,0.000000,0.000000,0.000000,0.000000,0.000000,0.000000,nan,nan,nan,nan,nan,nan
1781065968512630814,2026-06-10T11:32:48.512659,ground_truth,0.109680,-0.637000,-0.211723,True,,,,,,,,,-0.163830,0.263009,0.394666,0.000000,0.000000,0.000000,0.000000,0.000000,0.000000,nan,nan,nan,nan,nan,nan
1781065968548316526,2026-06-10T11:32:48.548345,ground_truth,0.110024,-0.639000,-0.212387,True,,,,,,,,,-0.163830,0.263009,0.394666,0.000000,0.000000,0.000000,0.000000,0.000000,0.000000,nan,nan,nan,nan,nan,nan
1781065968588826752,2026-06-10T11:32:48.588848,ground_truth,0.107928,-0.639000,-0.212387,True,,,,,,,,,-0.163830,0.263009,0.394666,0.000000,0.000000,0.000000,0.000000,0.000000,0.000000,nan,nan,nan,nan,nan,nan
1781065968627418086,2026-06-10T11:32:48.627439,ground_truth,0.110899,-0.638000,-0.212055,True,,,,,,,,,-0.163830,0.263009,0.394666,0.000000,0.000000,0.000000,0.000000,0.000000,0.000000,nan,nan,nan,nan,nan,nan
1781065968664464995,2026-06-10T11:32:48.664496,ground_truth,0.111073,-0.639000,-0.212387,True,,,,,,,,,-0.163830,0.263009,0.394666,0.000000,0.000000,0.000000,0.000000,0.000000,0.000000,nan,nan,nan,nan,nan,nan
1781065968702680296,2026-06-10T11:32:48.702715,ground_truth,0.107928,-0.639000,-0.212387,True,,,,,,,,,-0.163830,0.263009,0.394666,0.000000,0.000000,0.000000,0.000000,0.000000,0.000000,nan,nan,nan,nan,nan,nan
1781065968738801822,2026-06-10T11:32:48.738843,ground_truth,0.108096,-0.640000,-0.212720,True,,,,,,,,,-0.163830,0.263009,0.394666,0.000000,0.000000,0.000000,0.000000,0.000000,0.000000,nan,nan,nan,nan,nan,nan
1781065968775273358,2026-06-10T11:32:48.775306,ground_truth,0.106879,-0.639000,-0.212387,True,,,,,,,,,-0.163830,0.263009,0.394666,0.000000,0.000000,0.000000,0.000000,0.000000,0.000000,nan,nan,nan,nan,nan,nan
1781065968819342499,2026-06-10T11:32:48.819373,ground_truth,0.111419,-0.635000,-0.211058,True,,,,,,,,,-0.163830,0.263009,0.394666,0.000000,0.000000,0.000000,0.000000,0.000000,0.000000,nan,nan,nan,nan,nan,nan
1781065968855906175,2026-06-10T11:32:48.855946,ground_truth,0.111595,-0.636000,-0.211390,True,,,,,,,,,-0.163830,0.263009,0.394666,0.000000,0.000000,0.000000,0.000000,0.000000,0.000000,nan,nan,nan,nan,nan,nan
1781065968894439050,2026-06-10T11:32:48.894466,ground_truth,0.113145,-0.633000,-0.209353,True,,,,,,,,,-0.163830,0.263009,0.394666,0.000000,0.000000,0.000000,0.000000,0.000000,0.000000,nan,nan,nan,nan,nan,nan
1781065968928833134,2026-06-10T11:32:48.928866,ground_truth,0.110725,-0.637000,-0.210676,True,,,,,,,,,-0.163830,0.263009,0.394666,0.000000,0.000000,0.000000,0.000000,0.000000,0.000000,nan,nan,nan,nan,nan,nan
1781065968971818613,2026-06-10T11:32:48.971849,ground_truth,0.109336,-0.635000,-0.210015,True,,,,,,,,,-0.163830,0.263009,0.394666,0.000000,0.000000,0.000000,0.000000,0.000000,0.000000,nan,nan,nan,nan,nan,nan
1781065969035752389,2026-06-10T11:32:49.035787,ground_truth,0.109680,-0.637000,-0.211723,True,,,,,,,,,-0.163830,0.263009,0.394666,0.000000,0.000000,0.000000,0.000000,0.000000,0.000000,nan,nan,nan,nan,nan,nan
1781065969076766331,2026-06-10T11:32:49.076792,ground_truth,0.106879,-0.639000,-0.212387,True,,,,,,,,,-0.163830,0.263009,0.394666,0.000000,0.000000,0.000000,0.000000,0.000000,0.000000,nan,nan,nan,nan,nan,nan
1781065969110190679,2026-06-10T11:32:49.110229,ground_truth,0.107046,-0.640000,-0.212720,True,,,,,,,,,-0.163830,0.263009,0.394666,0.000000,0.000000,0.000000,0.000000,0.000000,0.000000,nan,nan,nan,nan,nan,nan
1781065969164334214,2026-06-10T11:32:49.164366,ground_truth,0.105996,-0.640000,-0.212720,True,,,,,,,,,-0.163830,0.263009,0.394666,0.000000,0.000000,0.000000,0.000000,0.000000,0.000000,nan,nan,nan,nan,nan,nan
1781065969215378221,2026-06-10T11:32:49.215412,ground_truth,0.109146,-0.640000,-0.212720,True,,,,,,,,,-0.163830,0.263009,0.394666,0.000000,0.000000,0.000000,0.000000,0.000000,0.000000,nan,nan,nan,nan,nan,nan
1781065969294865815,2026-06-10T11:32:49.294905,ground_truth,0.109317,-0.641000,-0.213052,True,,,,,,,,,-0.163830,0.263009,0.394666,0.000000,0.000000,0.000000,0.000000,0.000000,0.000000,nan,nan,nan,nan,nan,nan
1781065969353443761,2026-06-10T11:32:49.353493,ground_truth,0.108805,-0.638000,-0.212055,True,,,,,,,,,-0.163830,0.263009,0.394666,0.000000,0.000000,0.000000,0.000000,0.000000,0.000000,nan,nan,nan,nan,nan,nan
1781065969402602425,2026-06-10T11:32:49.402644,ground_truth,0.108464,-0.636000,-0.211390,True,,,,,,,,,-0.163830,0.263009,0.394666,0.000000,0.000000,0.000000,0.000000,0.000000,0.000000,nan,nan,nan,nan,nan,nan
1781065969445233275,2026-06-10T11:32:49.445275,ground_truth,0.108635,-0.637000,-0.211723,True,,,,,,,,,-0.163830,0.263009,0.394666,0.000000,0.000000,0.000000,0.000000,0.000000,0.000000,nan,nan,nan,nan,nan,nan
1781065969489850508,2026-06-10T11:32:49.489879,ground_truth,0.107928,-0.639000,-0.212387,True,,,,,,,,,-0.163830,0.263009,0.394666,0.000000,0.000000,0.000000,0.000000,0.000000,0.000000,nan,nan,nan,nan,nan,nan
1781065969533101566,2026-06-10T11:32:49.533131,ground_truth,0.107214,-0.641000,-0.213052,True,,,,,,,,,-0.163830,0.263009,0.394666,0.000000,0.000000,0.000000,0.000000,0.000000,0.000000,nan,nan,nan,nan,nan,nan
1781065969593350923,2026-06-10T11:32:49.593386,ground_truth,0.107214,-0.641000,-0.213052,True,,,,,,,,,-0.163830,0.263009,0.394666,0.000000,0.000000,0.000000,0.000000,0.000000,0.000000,nan,nan,nan,nan,nan,nan
1781065969635157085,2026-06-10T11:32:49.635192,ground_truth,0.107214,-0.641000,-0.213052,True,,,,,,,,,-0.163830,0.263009,0.394666,0.000000,0.000000,0.000000,0.000000,0.000000,0.000000,nan,nan,nan,nan,nan,nan
1781065969685207001,2026-06-10T11:32:49.685241,ground_truth,0.107759,-0.638000,-0.213103,True,,,,,,,,,-0.163830,0.263009,0.394666,0.000000,0.000000,0.000000,0.000000,0.000000,0.000000,nan,nan,nan,nan,nan,nan
1781065969727010157,2026-06-10T11:32:49.727049,ground_truth,0.107214,-0.641000,-0.214105,True,,,,,,,,,-0.163830,0.263009,0.394666,0.000000,0.000000,0.000000,0.000000,0.000000,0.000000,nan,nan,nan,nan,nan,nan
1781065969774642502,2026-06-10T11:32:49.774673,ground_truth,0.106377,-0.636000,-0.212435,True,,,,,,,,,-0.163830,0.263009,0.394666,0.000000,0.000000,0.000000,0.000000,0.000000,0.000000,nan,nan,nan,nan,nan,nan
1781065969816670363,2026-06-10T11:32:49.816699,ground_truth,0.106162,-0.641000,-0.214105,True,,,,,,,,,-0.163830,0.263009,0.394666,0.000000,0.000000,0.000000,0.000000,0.000000,0.000000,nan,nan,nan,nan,nan,nan
1781065969850184090,2026-06-10T11:32:49.850215,ground_truth,0.104782,-0.639000,-0.213437,True,,,,,,,,,-0.163830,0.263009,0.394666,0.000000,0.000000,0.000000,0.000000,0.000000,0.000000,nan,nan,nan,nan,nan,nan
1781065969885116800,2026-06-10T11:32:49.885148,ground_truth,0.104782,-0.639000,-0.213437,True,,,,,,,,,-0.163830,0.263009,0.394666,0.000000,0.000000,0.000000,0.000000,0.000000,0.000000,nan,nan,nan,nan,nan,nan
1781065969921630612,2026-06-10T11:32:49.921656,ground_truth,0.104454,-0.637000,-0.212769,True,,,,,,,,,-0.163830,0.263009,0.394666,0.000000,0.000000,0.000000,0.000000,0.000000,0.000000,nan,nan,nan,nan,nan,nan
1781065969954141440,2026-06-10T11:32:49.954165,ground_truth,0.105831,-0.639000,-0.213437,True,,,,,,,,,-0.163830,0.263009,0.394666,0.000000,0.000000,0.000000,0.000000,0.000000,0.000000,nan,nan,nan,nan,nan,nan
1781065969986812390,2026-06-10T11:32:49.986862,ground_truth,0.105500,-0.637000,-0.212769,True,,,,,,,,,-0.163830,0.263009,0.394666,0.000000,0.000000,0.000000,0.000000,0.000000,0.000000,nan,nan,nan,nan,nan,nan
1781065970025747069,2026-06-10T11:32:50.025774,ground_truth,0.106545,-0.637000,-0.212769,True,,,,,,,,,-0.163830,0.263009,0.394666,0.000000,0.000000,0.000000,0.000000,0.000000,0.000000,nan,nan,nan,nan,nan,nan
1781065970058034819,2026-06-10T11:32:50.058057,ground_truth,0.106712,-0.638000,-0.213103,True,,,,,,,,,-0.163830,0.263009,0.394666,0.000000,0.000000,0.000000,0.000000,0.000000,0.000000,nan,nan,nan,nan,nan,nan
1781065970105221890,2026-06-10T11:32:50.105243,ground_truth,0.105831,-0.639000,-0.212387,True,,,,,,,,,-0.163830,0.263009,0.394666,0.000000,0.000000,0.000000,0.000000,0.000000,0.000000,nan,nan,nan,nan,nan,nan
1781065970140109786,2026-06-10T11:32:50.140133,ground_truth,0.106162,-0.641000,-0.213052,True,,,,,,,,,-0.163830,0.263009,0.394666,0.000000,0.000000,0.000000,0.000000,0.000000,0.000000,nan,nan,nan,nan,nan,nan
1781065970175123647,2026-06-10T11:32:50.175151,ground_truth,0.107759,-0.638000,-0.212055,True,,,,,,,,,-0.163830,0.263009,0.394666,0.000000,0.000000,0.000000,0.000000,0.000000,0.000000,nan,nan,nan,nan,nan,nan
1781065970213154206,2026-06-10T11:32:50.213200,ground_truth,0.109680,-0.637000,-0.211723,True,,,,,,,,,-0.163830,0.263009,0.394666,0.000000,0.000000,0.000000,0.000000,0.000000,0.000000,nan,nan,nan,nan,nan,nan
1781065970245790007,2026-06-10T11:32:50.245868,ground_truth,0.111073,-0.639000,-0.212387,True,,,,,,,,,-0.163830,0.263009,0.394666,0.000000,0.000000,0.000000,0.000000,0.000000,0.000000,nan,nan,nan,nan,nan,nan
1781065970281898445,2026-06-10T11:32:50.281924,ground_truth,0.109508,-0.636000,-0.211390,True,,,,,,,,,-0.163830,0.263009,0.394666,0.000000,0.000000,0.000000,0.000000,0.000000,0.000000,nan,nan,nan,nan,nan,nan
1781065970313838816,2026-06-10T11:32:50.313864,ground_truth,0.107928,-0.639000,-0.212387,True,,,,,,,,,-0.163830,0.263009,0.394666,0.000000,0.000000,0.000000,0.000000,0.000000,0.000000,nan,nan,nan,nan,nan,nan
1781065970347728810,2026-06-10T11:32:50.347756,ground_truth,0.108096,-0.640000,-0.212720,True,,,,,,,,,-0.163830,0.263009,0.394666,0.000000,0.000000,0.000000,0.000000,0.000000,0.000000,nan,nan,nan,nan,nan,nan
1781065970384043935,2026-06-10T11:32:50.384076,ground_truth,0.107928,-0.639000,-0.212387,True,,,,,,,,,-0.163830,0.263009,0.394666,0.000000,0.000000,0.000000,0.000000,0.000000,0.000000,nan,nan,nan,nan,nan,nan
1781065970414079410,2026-06-10T11:32:50.414106,ground_truth,0.107928,-0.639000,-0.212387,True,,,,,,,,,-0.163830,0.263009,0.394666,0.000000,0.000000,0.000000,0.000000,0.000000,0.000000,nan,nan,nan,nan,nan,nan
1781065970446011465,2026-06-10T11:32:50.446033,ground_truth,0.104946,-0.640000,-0.212720,True,,,,,,,,,-0.163830,0.263009,0.394666,0.000000,0.000000,0.000000,0.000000,0.000000,0.000000,nan,nan,nan,nan,nan,nan
1781065970478599720,2026-06-10T11:32:50.478620,ground_truth,0.105438,-0.643000,-0.213717,True,,,,,,,,,-0.163830,0.263009,0.394666,0.000000,0.000000,0.000000,0.000000,0.000000,0.000000,nan,nan,nan,nan,nan,nan
1781065970514046411,2026-06-10T11:32:50.514070,ground_truth,0.105602,-0.644000,-0.214049,True,,,,,,,,,-0.163830,0.263009,0.394666,0.000000,0.000000,0.000000,0.000000,0.000000,0.000000,nan,nan,nan,nan,nan,nan
1781065970546502427,2026-06-10T11:32:50.546531,ground_truth,0.105110,-0.641000,-0.213052,True,,,,,,,,,-0.163830,0.263009,0.394666,0.000000,0.000000,0.000000,0.000000,0.000000,0.000000,nan,nan,nan,nan,nan,nan
1781065970583010532,2026-06-10T11:32:50.583057,ground_truth,0.104946,-0.640000,-0.212720,True,,,,,,,,,-0.163830,0.263009,0.394666,0.000000,0.000000,0.000000,0.000000,0.000000,0.000000,nan,nan,nan,nan,nan,nan
1781065970618566915,2026-06-10T11:32:50.618618,ground_truth,0.106493,-0.643000,-0.213717,True,,,,,,,,,-0.163830,0.263009,0.394666,0.000000,0.000000,0.000000,0.000000,0.000000,0.000000,nan,nan,nan,nan,nan,nan
1781065970653996320,2026-06-10T11:32:50.654018,ground_truth,0.106493,-0.643000,-0.213717,True,,,,,,,,,-0.163830,0.263009,0.394666,0.000000,0.000000,0.000000,0.000000,0.000000,0.000000,nan,nan,nan,nan,nan,nan
1781065970694701670,2026-06-10T11:32:50.694731,ground_truth,0.107214,-0.641000,-0.213052,True,,,,,,,,,-0.163830,0.263009,0.394666,0.000000,0.000000,0.000000,0.000000,0.000000,0.000000,nan,nan,nan,nan,nan,nan
1781065970729735604,2026-06-10T11:32:50.729763,ground_truth,0.106162,-0.641000,-0.213052,True,,,,,,,,,-0.163830,0.263009,0.394666,0.000000,0.000000,0.000000,0.000000,0.000000,0.000000,nan,nan,nan,nan,nan,nan
1781065970768919744,2026-06-10T11:32:50.768951,ground_truth,0.106879,-0.639000,-0.212387,True,,,,,,,,,-0.163830,0.263009,0.394666,0.000000,0.000000,0.000000,0.000000,0.000000,0.000000,nan,nan,nan,nan,nan,nan
1781065970805505701,2026-06-10T11:32:50.805530,ground_truth,0.106328,-0.642000,-0.213384,True,,,,,,,,,-0.163830,0.263009,0.394666,0.000000,0.000000,0.000000,0.000000,0.000000,0.000000,nan,nan,nan,nan,nan,nan
1781065970839385309,2026-06-10T11:32:50.839419,ground_truth,0.107046,-0.640000,-0.212720,True,,,,,,,,,-0.163830,0.263009,0.394666,0.000000,0.000000,0.000000,0.000000,0.000000,0.000000,nan,nan,nan,nan,nan,nan
1781065970879011700,2026-06-10T11:32:50.879037,ground_truth,0.109317,-0.641000,-0.213052,True,,,,,,,,,-0.163830,0.263009,0.394666,0.000000,0.000000,0.000000,0.000000,0.000000,0.000000,nan,nan,nan,nan,nan,nan
1781065970913959055,2026-06-10T11:32:50.913993,ground_truth,0.108976,-0.639000,-0.212387,True,,,,,,,,,-0.163830,0.263009,0.394666,0.000000,0.000000,0.000000,0.000000,0.000000,0.000000,nan,nan,nan,nan,nan,nan
1781065970949352650,2026-06-10T11:32:50.949378,ground_truth,0.107548,-0.643000,-0.213717,True,,,,,,,,,-0.163830,0.263009,0.394666,0.000000,0.000000,0.000000,0.000000,0.000000,0.000000,nan,nan,nan,nan,nan,nan
1781065970987922866,2026-06-10T11:32:50.987952,ground_truth,0.107548,-0.643000,-0.213717,True,,,,,,,,,-0.163830,0.263009,0.394666,0.000000,0.000000,0.000000,0.000000,0.000000,0.000000,nan,nan,nan,nan,nan,nan
1781065971024107091,2026-06-10T11:32:51.024133,ground_truth,0.107046,-0.640000,-0.212720,True,,,,,,,,,-0.163830,0.263009,0.394666,0.000000,0.000000,0.000000,0.000000,0.000000,0.000000,nan,nan,nan,nan,nan,nan
1781065971059427282,2026-06-10T11:32:51.059452,ground_truth,0.106879,-0.639000,-0.212387,True,,,,,,,,,-0.163830,0.263009,0.394666,0.000000,0.000000,0.000000,0.000000,0.000000,0.000000,nan,nan,nan,nan,nan,nan
1781065971095119007,2026-06-10T11:32:51.095154,ground_truth,0.109317,-0.641000,-0.213052,True,,,,,,,,,-0.163830,0.263009,0.394666,0.000000,0.000000,0.000000,0.000000,0.000000,0.000000,nan,nan,nan,nan,nan,nan
1781065971133828329,2026-06-10T11:32:51.133859,ground_truth,0.108635,-0.637000,-0.211723,True,,,,,,,,,-0.163830,0.263009,0.394666,0.000000,0.000000,0.000000,0.000000,0.000000,0.000000,nan,nan,nan,nan,nan,nan
1781065971164745279,2026-06-10T11:32:51.164781,ground_truth,0.107214,-0.641000,-0.213052,True,,,,,,,,,-0.163830,0.263009,0.394666,0.000000,0.000000,0.000000,0.000000,0.000000,0.000000,nan,nan,nan,nan,nan,nan
1781065971216548371,2026-06-10T11:32:51.216575,ground_truth,0.108976,-0.639000,-0.212387,True,,,,,,,,,-0.163830,0.263009,0.394666,0.000000,0.000000,0.000000,0.000000,0.000000,0.000000,nan,nan,nan,nan,nan,nan
1781065971253744165,2026-06-10T11:32:51.253766,ground_truth,0.109317,-0.641000,-0.213052,True,,,,,,,,,-0.163830,0.263009,0.394666,0.000000,0.000000,0.000000,0.000000,0.000000,0.000000,nan,nan,nan,nan,nan,nan
1781065971287977908,2026-06-10T11:32:51.287999,ground_truth,0.108635,-0.637000,-0.211723,True,,,,,,,,,-0.163830,0.263009,0.394666,0.000000,0.000000,0.000000,0.000000,0.000000,0.000000,nan,nan,nan,nan,nan,nan
1781065971324467296,2026-06-10T11:32:51.324493,ground_truth,0.109852,-0.638000,-0.212055,True,,,,,,,,,-0.163830,0.263009,0.394666,0.000000,0.000000,0.000000,0.000000,0.000000,0.000000,nan,nan,nan,nan,nan,nan
1781065971374798764,2026-06-10T11:32:51.374816,ground_truth,0.108265,-0.641000,-0.213052,True,,,,,,,,,-0.163830,0.263009,0.394666,0.000000,0.000000,0.000000,0.000000,0.000000,0.000000,nan,nan,nan,nan,nan,nan
1781065971417612447,2026-06-10T11:32:51.417643,ground_truth,0.107928,-0.639000,-0.213437,True,,,,,,,,,-0.163830,0.263009,0.394666,0.000000,0.000000,0.000000,0.000000,0.000000,0.000000,nan,nan,nan,nan,nan,nan
1781065971455384094,2026-06-10T11:32:51.455410,ground_truth,0.108265,-0.641000,-0.214105,True,,,,,,,,,-0.163830,0.263009,0.394666,0.000000,0.000000,0.000000,0.000000,0.000000,0.000000,nan,nan,nan,nan,nan,nan
1781065971491459968,2026-06-10T11:32:51.491478,ground_truth,0.107381,-0.642000,-0.214439,True,,,,,,,,,-0.163830,0.263009,0.394666,0.000000,0.000000,0.000000,0.000000,0.000000,0.000000,nan,nan,nan,nan,nan,nan
1781065971529300828,2026-06-10T11:32:51.529326,ground_truth,0.108976,-0.639000,-0.213437,True,,,,,,,,,-0.163830,0.263009,0.394666,0.000000,0.000000,0.000000,0.000000,0.000000,0.000000,nan,nan,nan,nan,nan,nan
1781065971569769944,2026-06-10T11:32:51.569796,ground_truth,0.108976,-0.639000,-0.213437,True,,,,,,,,,-0.163830,0.263009,0.394666,0.000000,0.000000,0.000000,0.000000,0.000000,0.000000,nan,nan,nan,nan,nan,nan
1781065971607163568,2026-06-10T11:32:51.607187,ground_truth,0.110024,-0.639000,-0.213437,True,,,,,,,,,-0.163830,0.263009,0.394666,0.000000,0.000000,0.000000,0.000000,0.000000,0.000000,nan,nan,nan,nan,nan,nan
1781065971644095394,2026-06-10T11:32:51.644121,ground_truth,0.110024,-0.639000,-0.213437,True,,,,,,,,,-0.163830,0.263009,0.394666,0.000000,0.000000,0.000000,0.000000,0.000000,0.000000,nan,nan,nan,nan,nan,nan
1781065971678787924,2026-06-10T11:32:51.678817,ground_truth,0.110024,-0.639000,-0.213437,True,,,,,,,,,-0.163830,0.263009,0.394666,0.000000,0.000000,0.000000,0.000000,0.000000,0.000000,nan,nan,nan,nan,nan,nan
1781065971712596620,2026-06-10T11:32:51.712626,ground_truth,0.110196,-0.640000,-0.213771,True,,,,,,,,,-0.163830,0.263009,0.394666,0.000000,0.000000,0.000000,0.000000,0.000000,0.000000,nan,nan,nan,nan,nan,nan
1781065971747911848,2026-06-10T11:32:51.747965,ground_truth,0.109852,-0.638000,-0.212055,True,,,,,,,,,-0.163830,0.263009,0.394666,0.000000,0.000000,0.000000,0.000000,0.000000,0.000000,nan,nan,nan,nan,nan,nan
1781065971786611131,2026-06-10T11:32:51.786641,ground_truth,0.111420,-0.641000,-0.213052,True,,,,,,,,,-0.163830,0.263009,0.394666,0.000000,0.000000,0.000000,0.000000,0.000000,0.000000,nan,nan,nan,nan,nan,nan
1781065971821762997,2026-06-10T11:32:51.821787,ground_truth,0.110024,-0.639000,-0.212387,True,,,,,,,,,-0.163830,0.263009,0.394666,0.000000,0.000000,0.000000,0.000000,0.000000,0.000000,nan,nan,nan,nan,nan,nan
1781065971854926314,2026-06-10T11:32:51.854954,ground_truth,0.109317,-0.641000,-0.213052,True,,,,,,,,,-0.163830,0.263009,0.394666,0.000000,0.000000,0.000000,0.000000,0.000000,0.000000,nan,nan,nan,nan,nan,nan
1781065971895421692,2026-06-10T11:32:51.895441,ground_truth,0.110899,-0.638000,-0.213103,True,,,,,,,,,-0.163830,0.263009,0.394666,0.000000,0.000000,0.000000,0.000000,0.000000,0.000000,nan,nan,nan,nan,nan,nan
1781065971931528870,2026-06-10T11:32:51.931575,ground_truth,0.110024,-0.639000,-0.213437,True,,,,,,,,,-0.163830,0.263009,0.394666,0.000000,0.000000,0.000000,0.000000,0.000000,0.000000,nan,nan,nan,nan,nan,nan
1781065971976100566,2026-06-10T11:32:51.976128,ground_truth,0.109146,-0.640000,-0.213771,True,,,,,,,,,-0.163830,0.263009,0.394666,0.000000,0.000000,0.000000,0.000000,0.000000,0.000000,nan,nan,nan,nan,nan,nan
1781065972016035142,2026-06-10T11:32:52.016087,ground_truth,0.108976,-0.639000,-0.213437,True,,,,,,,,,-0.163830,0.263009,0.394666,0.000000,0.000000,0.000000,0.000000,0.000000,0.000000,nan,nan,nan,nan,nan,nan
1781065972052719606,2026-06-10T11:32:52.052752,ground_truth,0.108976,-0.639000,-0.213437,True,,,,,,,,,-0.163830,0.263009,0.394666,0.000000,0.000000,0.000000,0.000000,0.000000,0.000000,nan,nan,nan,nan,nan,nan
1781065972093347386,2026-06-10T11:32:52.093375,ground_truth,0.109317,-0.641000,-0.214105,True,,,,,,,,,-0.163830,0.263009,0.394666,0.000000,0.000000,0.000000,0.000000,0.000000,0.000000,nan,nan,nan,nan,nan,nan
1781065972136150758,2026-06-10T11:32:52.136182,ground_truth,0.108635,-0.637000,-0.212769,True,,,,,,,,,-0.163830,0.263009,0.394666,0.000000,0.000000,0.000000,0.000000,0.000000,0.000000,nan,nan,nan,nan,nan,nan
1781065972175733221,2026-06-10T11:32:52.175763,ground_truth,0.109146,-0.640000,-0.213771,True,,,,,,,,,-0.163830,0.263009,0.394666,0.000000,0.000000,0.000000,0.000000,0.000000,0.000000,nan,nan,nan,nan,nan,nan
1781065972232458810,2026-06-10T11:32:52.232493,ground_truth,0.109146,-0.640000,-0.213771,True,,,,,,,,,-0.163830,0.263009,0.394666,0.000000,0.000000,0.000000,0.000000,0.000000,0.000000,nan,nan,nan,nan,nan,nan
1781065972271795803,2026-06-10T11:32:52.271833,ground_truth,0.108976,-0.639000,-0.213437,True,,,,,,,,,-0.163830,0.263009,0.394666,0.000000,0.000000,0.000000,0.000000,0.000000,0.000000,nan,nan,nan,nan,nan,nan
1781065972312199744,2026-06-10T11:32:52.312226,ground_truth,0.109680,-0.637000,-0.212769,True,,,,,,,,,-0.163830,0.263009,0.394666,0.000000,0.000000,0.000000,0.000000,0.000000,0.000000,nan,nan,nan,nan,nan,nan
1781065972352482848,2026-06-10T11:32:52.352511,ground_truth,0.109146,-0.640000,-0.213771,True,,,,,,,,,-0.163830,0.263009,0.394666,0.000000,0.000000,0.000000,0.000000,0.000000,0.000000,nan,nan,nan,nan,nan,nan
1781065972398111198,2026-06-10T11:32:52.398149,ground_truth,0.109317,-0.641000,-0.214105,True,,,,,,,,,-0.163830,0.263009,0.394666,0.000000,0.000000,0.000000,0.000000,0.000000,0.000000,nan,nan,nan,nan,nan,nan
1781065972436373333,2026-06-10T11:32:52.436406,ground_truth,0.107548,-0.643000,-0.214773,True,,,,,,,,,-0.163830,0.263009,0.394666,0.000000,0.000000,0.000000,0.000000,0.000000,0.000000,nan,nan,nan,nan,nan,nan
1781065972474089802,2026-06-10T11:32:52.474123,ground_truth,0.108434,-0.642000,-0.214439,True,,,,,,,,,-0.163830,0.263009,0.394666,0.000000,0.000000,0.000000,0.000000,0.000000,0.000000,nan,nan,nan,nan,nan,nan
1781065972525438244,2026-06-10T11:32:52.525463,ground_truth,0.108265,-0.641000,-0.214105,True,,,,,,,,,-0.163830,0.263009,0.394666,0.000000,0.000000,0.000000,0.000000,0.000000,0.000000,nan,nan,nan,nan,nan,nan
1781065972564303231,2026-06-10T11:32:52.564336,ground_truth,0.108434,-0.642000,-0.214439,True,,,,,,,,,-0.163830,0.263009,0.394666,0.000000,0.000000,0.000000,0.000000,0.000000,0.000000,nan,nan,nan,nan,nan,nan
1781065972609974089,2026-06-10T11:32:52.610007,ground_truth,0.107381,-0.642000,-0.214439,True,,,,,,,,,-0.163830,0.263009,0.394666,0.000000,0.000000,0.000000,0.000000,0.000000,0.000000,nan,nan,nan,nan,nan,nan
1781065972662954306,2026-06-10T11:32:52.662985,ground_truth,0.107214,-0.641000,-0.214105,True,,,,,,,,,-0.163830,0.263009,0.394666,0.000000,0.000000,0.000000,0.000000,0.000000,0.000000,nan,nan,nan,nan,nan,nan
1781065972748977308,2026-06-10T11:32:52.749015,ground_truth,0.107214,-0.641000,-0.214105,True,,,,,,,,,-0.163830,0.263009,0.394666,0.000000,0.000000,0.000000,0.000000,0.000000,0.000000,nan,nan,nan,nan,nan,nan
1781065972905623969,2026-06-10T11:32:52.905661,ground_truth,0.107214,-0.641000,-0.214105,True,,,,,,,,,-0.163830,0.263009,0.394666,0.000000,0.000000,0.000000,0.000000,0.000000,0.000000,nan,nan,nan,nan,nan,nan
1781065973011169144,2026-06-10T11:32:53.011206,ground_truth,0.108265,-0.641000,-0.213052,True,,,,,,,,,-0.163830,0.263009,0.394666,0.000000,0.000000,0.000000,0.000000,0.000000,0.000000,nan,nan,nan,nan,nan,nan
1781065973143946811,2026-06-10T11:32:53.143994,ground_truth,0.108265,-0.641000,-0.213052,True,,,,,,,,,-0.163830,0.263009,0.394666,0.000000,0.000000,0.000000,0.000000,0.000000,0.000000,nan,nan,nan,nan,nan,nan
1781065973278511215,2026-06-10T11:32:53.278557,ground_truth,0.108265,-0.641000,-0.213052,True,,,,,,,,,-0.163830,0.263009,0.394666,0.000000,0.000000,0.000000,0.000000,0.000000,0.000000,nan,nan,nan,nan,nan,nan
1781065973411864996,2026-06-10T11:32:53.411902,ground_truth,0.109146,-0.640000,-0.212720,True,,,,,,,,,-0.163830,0.263009,0.394666,0.000000,0.000000,0.000000,0.000000,0.000000,0.000000,nan,nan,nan,nan,nan,nan
1781065973504265935,2026-06-10T11:32:53.504316,ground_truth,0.109488,-0.642000,-0.213384,True,,,,,,,,,-0.163830,0.263009,0.394666,0.000000,0.000000,0.000000,0.000000,0.000000,0.000000,nan,nan,nan,nan,nan,nan
1781065973598350643,2026-06-10T11:32:53.598405,ground_truth,0.108265,-0.641000,-0.213052,True,,,,,,,,,-0.163830,0.263009,0.394666,0.000000,0.000000,0.000000,0.000000,0.000000,0.000000,nan,nan,nan,nan,nan,nan
1781065973735138848,2026-06-10T11:32:53.735198,ground_truth,0.108265,-0.641000,-0.214105,True,,,,,,,,,-0.163830,0.263009,0.394666,0.000000,0.000000,0.000000,0.000000,0.000000,0.000000,nan,nan,nan,nan,nan,nan
1781065973954279906,2026-06-10T11:32:53.954325,ground_truth,0.110204,-0.634000,-0.211767,True,,,,,,,,,-0.163830,0.263009,0.394666,0.000000,0.000000,0.000000,0.000000,0.000000,0.000000,nan,nan,nan,nan,nan,nan
1781065974139698117,2026-06-10T11:32:54.139763,ground_truth,0.107759,-0.638000,-0.213103,True,,,,,,,,,-0.163830,0.263009,0.394666,0.000000,0.000000,0.000000,0.000000,0.000000,0.000000,nan,nan,nan,nan,nan,nan
1781065974311235361,2026-06-10T11:32:54.311279,ground_truth,0.106576,-0.631000,-0.210765,True,,,,,,,,,-0.163830,0.263009,0.394666,0.000000,0.000000,0.000000,0.000000,0.000000,0.000000,nan,nan,nan,nan,nan,nan
1781065974452974164,2026-06-10T11:32:54.453012,ground_truth,0.104887,-0.621000,-0.205384,True,,,,,,,,,-0.163830,0.263009,0.394666,0.000000,0.000000,0.000000,0.000000,0.000000,0.000000,nan,nan,nan,nan,nan,nan
1781065974580257656,2026-06-10T11:32:54.580299,ground_truth,0.088015,-0.617000,-0.200007,True,,,,,,,,,-0.163830,0.263009,0.394666,0.000000,0.000000,0.000000,0.000000,0.000000,0.000000,nan,nan,nan,nan,nan,nan
1781065974643221329,2026-06-10T11:32:54.643261,ground_truth,0.029986,-0.654000,-0.212000,True,,,,,,,,,-0.163830,0.263009,0.394666,0.000000,0.000000,0.000000,0.000000,0.000000,0.000000,nan,nan,nan,nan,nan,nan
1781065974709691685,2026-06-10T11:32:54.709726,ground_truth,-0.014542,-0.679000,-0.222336,True,,,,,,,,,-0.163830,0.263009,0.394666,0.000000,0.000000,0.000000,0.000000,0.000000,0.000000,nan,nan,nan,nan,nan,nan
1781065974777449372,2026-06-10T11:32:54.777489,ground_truth,-0.051447,-0.696000,-0.235907,True,,,,,,,,,-0.163830,0.263009,0.394666,0.000000,0.000000,0.000000,0.000000,0.000000,0.000000,nan,nan,nan,nan,nan,nan
1781065974884763145,2026-06-10T11:32:54.884811,ground_truth,-0.104619,-0.741000,-0.256029,True,,,,,,,,,-0.163830,0.263009,0.394666,0.000000,0.000000,0.000000,0.000000,0.000000,0.000000,nan,nan,nan,nan,nan,nan
1781065974997226724,2026-06-10T11:32:54.997264,ground_truth,-0.140139,-0.736000,-0.265184,True,,,,,,,,,-0.163830,0.263009,0.394666,0.000000,0.000000,0.000000,0.000000,0.000000,0.000000,nan,nan,nan,nan,nan,nan
1781065975059392937,2026-06-10T11:32:55.059430,ground_truth,-0.172336,-0.750000,-0.277622,True,,,,,,,,,-0.163830,0.263009,0.394666,0.000000,0.000000,0.000000,0.000000,0.000000,0.000000,nan,nan,nan,nan,nan,nan
1781065975131607437,2026-06-10T11:32:55.131639,ground_truth,-0.179622,-0.760000,-0.287567,True,,,,,,,,,-0.163830,0.263009,0.394666,0.000000,0.000000,0.000000,0.000000,0.000000,0.000000,nan,nan,nan,nan,nan,nan
1781065975186827461,2026-06-10T11:32:55.186871,ground_truth,-0.181204,-0.783000,-0.296269,True,,,,,,,,,-0.163830,0.263009,0.394666,0.000000,0.000000,0.000000,0.000000,0.000000,0.000000,nan,nan,nan,nan,nan,nan
1781065975258844151,2026-06-10T11:32:55.258874,ground_truth,-0.152847,-0.776000,-0.293621,True,,,,,,,,,-0.163830,0.263009,0.394666,0.000000,0.000000,0.000000,0.000000,0.000000,0.000000,nan,nan,nan,nan,nan,nan
1781065975346631957,2026-06-10T11:32:55.346671,ground_truth,-0.146491,-0.804000,-0.304215,True,,,,,,,,,-0.163830,0.263009,0.394666,0.000000,0.000000,0.000000,0.000000,0.000000,0.000000,nan,nan,nan,nan,nan,nan
1781065975421734158,2026-06-10T11:32:55.421773,ground_truth,-0.145126,-0.842000,-0.318594,True,,,,,,,,,-0.163830,0.263009,0.394666,0.000000,0.000000,0.000000,0.000000,0.000000,0.000000,nan,nan,nan,nan,nan,nan
1781065975494473376,2026-06-10T11:32:55.494515,ground_truth,-0.152936,-0.847000,-0.320485,True,,,,,,,,,-0.163830,0.263009,0.394666,0.000000,0.000000,0.000000,0.000000,0.000000,0.000000,nan,nan,nan,nan,nan,nan
1781065975577459708,2026-06-10T11:32:55.577495,ground_truth,-0.165638,-0.848000,-0.320864,True,,,,,,,,,-0.163830,0.263009,0.394666,0.000000,0.000000,0.000000,0.000000,0.000000,0.000000,nan,nan,nan,nan,nan,nan
1781065975624113097,2026-06-10T11:32:55.624156,ground_truth,-0.156919,-0.846000,-0.320107,True,,,,,,,,,-0.163830,0.263009,0.394666,0.000000,0.000000,0.000000,0.000000,0.000000,0.000000,nan,nan,nan,nan,nan,nan
1781065975700742449,2026-06-10T11:32:55.700804,ground_truth,-0.155163,-0.844000,-0.319350,True,,,,,,,,,-0.163830,0.263009,0.394666,0.000000,0.000000,0.000000,0.000000,0.000000,0.000000,nan,nan,nan,nan,nan,nan
1781065975755023309,2026-06-10T11:32:55.755062,ground_truth,-0.169413,-0.853000,-0.322756,True,,,,,,,,,-0.163830,0.263009,0.394666,0.000000,0.000000,0.000000,0.000000,0.000000,0.000000,nan,nan,nan,nan,nan,nan
1781065975796187997,2026-06-10T11:32:55.796232,ground_truth,-0.172616,-0.855000,-0.323512,True,,,,,,,,,-0.163830,0.263009,0.394666,0.000000,0.000000,0.000000,0.000000,0.000000,0.000000,nan,nan,nan,nan,nan,nan
1781065975853342312,2026-06-10T11:32:55.853373,ground_truth,-0.172616,-0.855000,-0.323512,True,,,,,,,,,-0.163830,0.263009,0.394666,0.000000,0.000000,0.000000,0.000000,0.000000,0.000000,nan,nan,nan,nan,nan,nan
1781065975912974882,2026-06-10T11:32:55.913006,ground_truth,-0.176824,-0.855000,-0.323512,True,,,,,,,,,-0.163830,0.263009,0.394666,0.000000,0.000000,0.000000,0.000000,0.000000,0.000000,nan,nan,nan,nan,nan,nan
1781065976014987105,2026-06-10T11:32:56.015022,ground_truth,-0.171373,-0.842000,-0.318594,True,,,,,,,,,-0.163830,0.263009,0.394666,0.000000,0.000000,0.000000,0.000000,0.000000,0.000000,nan,nan,nan,nan,nan,nan
1781065976104681252,2026-06-10T11:32:56.104719,ground_truth,-0.163484,-0.830000,-0.309962,True,,,,,,,,,-0.163830,0.263009,0.394666,0.000000,0.000000,0.000000,0.000000,0.000000,0.000000,nan,nan,nan,nan,nan,nan
1781065976162086963,2026-06-10T11:32:56.162130,ground_truth,-0.131049,-0.823000,-0.304644,True,,,,,,,,,-0.163830,0.263009,0.394666,0.000000,0.000000,0.000000,0.000000,0.000000,0.000000,nan,nan,nan,nan,nan,nan
1781065976251512187,2026-06-10T11:32:56.251546,ground_truth,-0.114148,-0.818000,-0.302793,True,,,,,,,,,-0.163830,0.263009,0.394666,0.000000,0.000000,0.000000,0.000000,0.000000,0.000000,nan,nan,nan,nan,nan,nan
1781065976311819816,2026-06-10T11:32:56.311841,ground_truth,-0.120977,-0.828000,-0.306494,True,,,,,,,,,-0.163830,0.263009,0.394666,0.000000,0.000000,0.000000,0.000000,0.000000,0.000000,nan,nan,nan,nan,nan,nan
1781065976356380088,2026-06-10T11:32:56.356412,ground_truth,-0.138972,-0.830000,-0.309962,True,,,,,,,,,-0.163830,0.263009,0.394666,0.000000,0.000000,0.000000,0.000000,0.000000,0.000000,nan,nan,nan,nan,nan,nan
1781065976424874100,2026-06-10T11:32:56.424905,ground_truth,-0.152773,-0.831000,-0.311701,True,,,,,,,,,-0.163830,0.263009,0.394666,0.000000,0.000000,0.000000,0.000000,0.000000,0.000000,nan,nan,nan,nan,nan,nan
1781065976470906594,2026-06-10T11:32:56.470944,ground_truth,-0.149578,-0.836000,-0.313576,True,,,,,,,,,-0.163830,0.263009,0.394666,0.000000,0.000000,0.000000,0.000000,0.000000,0.000000,nan,nan,nan,nan,nan,nan
1781065976531967608,2026-06-10T11:32:56.532004,ground_truth,-0.129752,-0.832000,-0.312076,True,,,,,,,,,-0.163830,0.263009,0.394666,0.000000,0.000000,0.000000,0.000000,0.000000,0.000000,nan,nan,nan,nan,nan,nan
1781065976577262507,2026-06-10T11:32:56.577296,ground_truth,-0.123222,-0.834000,-0.312826,True,,,,,,,,,-0.163830,0.263009,0.394666,0.000000,0.000000,0.000000,0.000000,0.000000,0.000000,nan,nan,nan,nan,nan,nan
1781065976620851506,2026-06-10T11:32:56.620893,ground_truth,-0.120485,-0.834000,-0.312826,True,,,,,,,,,-0.163830,0.263009,0.394666,0.000000,0.000000,0.000000,0.000000,0.000000,0.000000,nan,nan,nan,nan,nan,nan
1781065976675887022,2026-06-10T11:32:56.675919,ground_truth,-0.106546,-0.832000,-0.312076,True,,,,,,,,,-0.163830,0.263009,0.394666,0.000000,0.000000,0.000000,0.000000,0.000000,0.000000,nan,nan,nan,nan,nan,nan
1781065976727741947,2026-06-10T11:32:56.727777,ground_truth,-0.098592,-0.834000,-0.311456,True,,,,,,,,,-0.163830,0.263009,0.394666,0.000000,0.000000,0.000000,0.000000,0.000000,0.000000,nan,nan,nan,nan,nan,nan
1781065976776988894,2026-06-10T11:32:56.777023,ground_truth,-0.094714,-0.836000,-0.309456,True,,,,,,,,,-0.163830,0.263009,0.394666,0.000000,0.000000,0.000000,0.000000,0.000000,0.000000,nan,nan,nan,nan,nan,nan
1781065976860759074,2026-06-10T11:32:56.860800,ground_truth,-0.086898,-0.840000,-0.299896,True,,,,,,,,,-0.163830,0.263009,0.394666,0.000000,0.000000,0.000000,0.000000,0.000000,0.000000,nan,nan,nan,nan,nan,nan
1781065976950141301,2026-06-10T11:32:56.950167,ground_truth,-0.086334,-0.848000,-0.283247,True,,,,,,,,,-0.163830,0.263009,0.394666,0.000000,0.000000,0.000000,0.000000,0.000000,0.000000,nan,nan,nan,nan,nan,nan
1781065976999958877,2026-06-10T11:32:56.999991,ground_truth,-0.090188,-0.845000,-0.240596,True,,,,,,,,,-0.163830,0.263009,0.394666,0.000000,0.000000,0.000000,0.000000,0.000000,0.000000,nan,nan,nan,nan,nan,nan
1781065977042964584,2026-06-10T11:32:57.043006,ground_truth,-0.103516,-0.852000,-0.204795,True,,,,,,,,,-0.163830,0.263009,0.394666,0.000000,0.000000,0.000000,0.000000,0.000000,0.000000,nan,nan,nan,nan,nan,nan
1781065977095893207,2026-06-10T11:32:57.095925,ground_truth,-0.115372,-0.857000,-0.186284,True,,,,,,,,,-0.163830,0.263009,0.394666,0.000000,0.000000,0.000000,0.000000,0.000000,0.000000,nan,nan,nan,nan,nan,nan
1781065977138059983,2026-06-10T11:32:57.138112,ground_truth,-0.130339,-0.863000,-0.171992,True,,,,,,,,,-0.163830,0.263009,0.394666,0.000000,0.000000,0.000000,0.000000,0.000000,0.000000,nan,nan,nan,nan,nan,nan
1781065977186860863,2026-06-10T11:32:57.186893,ground_truth,-0.151050,-0.860000,-0.151613,True,,,,,,,,,-0.163830,0.263009,0.394666,0.000000,0.000000,0.000000,0.000000,0.000000,0.000000,nan,nan,nan,nan,nan,nan
1781065977238893024,2026-06-10T11:32:57.238946,ground_truth,-0.161488,-0.863000,-0.126620,True,,,,,,,,,-0.163830,0.263009,0.394666,0.000000,0.000000,0.000000,0.000000,0.000000,0.000000,nan,nan,nan,nan,nan,nan
1781065977291007093,2026-06-10T11:32:57.291059,ground_truth,-0.177063,-0.863000,-0.105352,True,,,,,,,,,-0.163830,0.263009,0.394666,0.000000,0.000000,0.000000,0.000000,0.000000,0.000000,nan,nan,nan,nan,nan,nan
1781065977356606605,2026-06-10T11:32:57.356642,ground_truth,-0.180050,-0.857000,-0.080684,True,,,,,,,,,-0.163830,0.263009,0.394666,0.000000,0.000000,0.000000,0.000000,0.000000,0.000000,nan,nan,nan,nan,nan,nan
1781065977395748555,2026-06-10T11:32:57.395787,ground_truth,-0.206011,-0.903000,-0.061277,True,,,,,,,,,-0.163830,0.263009,0.394666,0.000000,0.000000,0.000000,0.000000,0.000000,0.000000,nan,nan,nan,nan,nan,nan
1781065977437576438,2026-06-10T11:32:57.437634,ground_truth,-0.232528,-0.926000,-0.056752,True,,,,,,,,,-0.163830,0.263009,0.394666,0.000000,0.000000,0.000000,0.000000,0.000000,0.000000,nan,nan,nan,nan,nan,nan
1781065977479646822,2026-06-10T11:32:57.479680,ground_truth,-0.238164,-0.961000,-0.016268,True,,,,,,,,,-0.163830,0.263009,0.394666,0.000000,0.000000,0.000000,0.000000,0.000000,0.000000,nan,nan,nan,nan,nan,nan
1781065977521040883,2026-06-10T11:32:57.521083,ground_truth,-0.234405,-0.965000,0.021715,True,,,,,,,,,-0.163830,0.263009,0.394666,0.000000,0.000000,0.000000,0.000000,0.000000,0.000000,nan,nan,nan,nan,nan,nan
1781065977575513939,2026-06-10T11:32:57.575549,ground_truth,-0.241450,-0.994000,0.041965,True,,,,,,,,,-0.163830,0.263009,0.394666,0.000000,0.000000,0.000000,0.000000,0.000000,0.000000,nan,nan,nan,nan,nan,nan
1781065977616539753,2026-06-10T11:32:57.616568,ground_truth,-0.256954,-1.030000,0.057023,True,,,,,,,,,-0.163830,0.263009,0.394666,0.000000,0.000000,0.000000,0.000000,0.000000,0.000000,nan,nan,nan,nan,nan,nan
1781065977660481034,2026-06-10T11:32:57.660509,ground_truth,-0.262661,-1.046000,0.063064,True,,,,,,,,,-0.163830,0.263009,0.394666,0.000000,0.000000,0.000000,0.000000,0.000000,0.000000,nan,nan,nan,nan,nan,nan
1781065977705115012,2026-06-10T11:32:57.705154,ground_truth,-0.270164,-1.062000,0.072753,True,,,,,,,,,-0.163830,0.263009,0.394666,0.000000,0.000000,0.000000,0.000000,0.000000,0.000000,nan,nan,nan,nan,nan,nan
1781065977753277971,2026-06-10T11:32:57.753314,ground_truth,-0.293199,-1.096000,0.073281,True,,,,,,,,,-0.163830,0.263009,0.394666,0.000000,0.000000,0.000000,0.000000,0.000000,0.000000,nan,nan,nan,nan,nan,nan
1781065977805612460,2026-06-10T11:32:57.805644,ground_truth,-0.307152,-1.114000,0.067164,True,,,,,,,,,-0.163830,0.263009,0.394666,0.000000,0.000000,0.000000,0.000000,0.000000,0.000000,nan,nan,nan,nan,nan,nan
1781065977851373975,2026-06-10T11:32:57.851423,ground_truth,-0.318181,-1.154000,0.075264,True,,,,,,,,,-0.163830,0.263009,0.394666,0.000000,0.000000,0.000000,0.000000,0.000000,0.000000,nan,nan,nan,nan,nan,nan
1781065977896764017,2026-06-10T11:32:57.896792,ground_truth,-0.321214,-1.165000,0.068325,True,,,,,,,,,-0.163830,0.263009,0.394666,0.000000,0.000000,0.000000,0.000000,0.000000,0.000000,nan,nan,nan,nan,nan,nan
1781065977941835193,2026-06-10T11:32:57.941866,ground_truth,-0.323875,-1.196000,0.076038,True,,,,,,,,,-0.163830,0.263009,0.394666,0.000000,0.000000,0.000000,0.000000,0.000000,0.000000,nan,nan,nan,nan,nan,nan
1781065977992788406,2026-06-10T11:32:57.992825,ground_truth,-0.335101,-1.245000,0.077108,True,,,,,,,,,-0.163830,0.263009,0.394666,0.000000,0.000000,0.000000,0.000000,0.000000,0.000000,nan,nan,nan,nan,nan,nan
1781065978033432322,2026-06-10T11:32:58.033470,ground_truth,-0.350712,-1.303000,0.084981,True,,,,,,,,,-0.163830,0.263009,0.394666,0.000000,0.000000,0.000000,0.000000,0.000000,0.000000,nan,nan,nan,nan,nan,nan
1781065978082813140,2026-06-10T11:32:58.082847,ground_truth,-0.338409,-1.265000,0.082503,True,,,,,,,,,-0.163830,0.263009,0.394666,0.000000,0.000000,0.000000,0.000000,0.000000,0.000000,nan,nan,nan,nan,nan,nan
1781065978141157802,2026-06-10T11:32:58.141190,ground_truth,-0.331721,-1.240000,0.078835,True,,,,,,,,,-0.163830,0.263009,0.394666,0.000000,0.000000,0.000000,0.000000,0.000000,0.000000,nan,nan,nan,nan,nan,nan
1781065978183931407,2026-06-10T11:32:58.183964,ground_truth,-0.334396,-1.250000,0.077417,True,,,,,,,,,-0.163830,0.263009,0.394666,0.000000,0.000000,0.000000,0.000000,0.000000,0.000000,nan,nan,nan,nan,nan,nan
1781065978241976647,2026-06-10T11:32:58.242009,ground_truth,-0.340484,-1.265000,0.078346,True,,,,,,,,,-0.163830,0.263009,0.394666,0.000000,0.000000,0.000000,0.000000,0.000000,0.000000,nan,nan,nan,nan,nan,nan
1781065978293017945,2026-06-10T11:32:58.293052,ground_truth,-0.331064,-1.230000,0.074158,True,,,,,,,,,-0.163830,0.263009,0.394666,0.000000,0.000000,0.000000,0.000000,0.000000,0.000000,nan,nan,nan,nan,nan,nan
1781065978367240034,2026-06-10T11:32:58.367281,ground_truth,-0.325950,-1.211000,0.071023,True,,,,,,,,,-0.163830,0.263009,0.394666,0.000000,0.000000,0.000000,0.000000,0.000000,0.000000,nan,nan,nan,nan,nan,nan
1781065978439535943,2026-06-10T11:32:58.439577,ground_truth,-0.318952,-1.185000,0.067551,True,,,,,,,,,-0.163830,0.263009,0.394666,0.000000,0.000000,0.000000,0.000000,0.000000,0.000000,nan,nan,nan,nan,nan,nan
1781065978485563732,2026-06-10T11:32:58.485606,ground_truth,-0.323837,-1.218000,0.061428,True,,,,,,,,,-0.163830,0.263009,0.394666,0.000000,0.000000,0.000000,0.000000,0.000000,0.000000,nan,nan,nan,nan,nan,nan
1781065978543481347,2026-06-10T11:32:58.543520,ground_truth,-0.311270,-1.178000,0.047798,True,,,,,,,,,-0.163830,0.263009,0.394666,0.000000,0.000000,0.000000,0.000000,0.000000,0.000000,nan,nan,nan,nan,nan,nan
1781065978613620654,2026-06-10T11:32:58.613659,ground_truth,-0.305858,-1.187000,0.030611,True,,,,,,,,,-0.163830,0.263009,0.394666,0.000000,0.000000,0.000000,0.000000,0.000000,0.000000,nan,nan,nan,nan,nan,nan
1781065978661697633,2026-06-10T11:32:58.661733,ground_truth,-0.273892,-1.143000,0.001308,True,,,,,,,,,-0.163830,0.263009,0.394666,0.000000,0.000000,0.000000,0.000000,0.000000,0.000000,nan,nan,nan,nan,nan,nan
1781065978712408538,2026-06-10T11:32:58.712459,ground_truth,-0.252378,-1.139000,-0.008053,True,,,,,,,,,-0.163830,0.263009,0.394666,0.000000,0.000000,0.000000,0.000000,0.000000,0.000000,nan,nan,nan,nan,nan,nan
1781065978754816541,2026-06-10T11:32:58.754855,ground_truth,-0.245612,-1.160000,-0.019636,True,,,,,,,,,-0.163830,0.263009,0.394666,0.000000,0.000000,0.000000,0.000000,0.000000,0.000000,nan,nan,nan,nan,nan,nan
1781065978796264594,2026-06-10T11:32:58.796302,ground_truth,-0.232290,-1.160000,-0.031071,True,,,,,,,,,-0.163830,0.263009,0.394666,0.000000,0.000000,0.000000,0.000000,0.000000,0.000000,nan,nan,nan,nan,nan,nan
1781065978835122194,2026-06-10T11:32:58.835164,ground_truth,-0.230650,-1.171000,-0.027518,True,,,,,,,,,-0.163830,0.263009,0.394666,0.000000,0.000000,0.000000,0.000000,0.000000,0.000000,nan,nan,nan,nan,nan,nan
1781065978877413883,2026-06-10T11:32:58.877454,ground_truth,-0.224679,-1.180000,-0.039362,True,,,,,,,,,-0.163830,0.263009,0.394666,0.000000,0.000000,0.000000,0.000000,0.000000,0.000000,nan,nan,nan,nan,nan,nan
1781065978928121370,2026-06-10T11:32:58.928158,ground_truth,-0.227388,-1.174000,-0.035304,True,,,,,,,,,-0.163830,0.263009,0.394666,0.000000,0.000000,0.000000,0.000000,0.000000,0.000000,nan,nan,nan,nan,nan,nan
1781065978974419835,2026-06-10T11:32:58.974460,ground_truth,-0.227776,-1.176000,-0.031500,True,,,,,,,,,-0.163830,0.263009,0.394666,0.000000,0.000000,0.000000,0.000000,0.000000,0.000000,nan,nan,nan,nan,nan,nan
1781065979017396247,2026-06-10T11:32:59.017431,ground_truth,-0.231635,-1.176000,-0.027636,True,,,,,,,,,-0.163830,0.263009,0.394666,0.000000,0.000000,0.000000,0.000000,0.000000,0.000000,nan,nan,nan,nan,nan,nan
1781065979057801079,2026-06-10T11:32:59.057834,ground_truth,-0.231635,-1.176000,-0.027636,True,,,,,,,,,-0.163830,0.263009,0.394666,0.000000,0.000000,0.000000,0.000000,0.000000,0.000000,nan,nan,nan,nan,nan,nan
1781065979095560977,2026-06-10T11:32:59.095612,ground_truth,-0.232174,-1.169000,-0.025550,True,,,,,,,,,-0.163830,0.263009,0.394666,0.000000,0.000000,0.000000,0.000000,0.000000,0.000000,nan,nan,nan,nan,nan,nan
1781065979137908452,2026-06-10T11:32:59.137945,ground_truth,-0.230256,-1.169000,-0.025550,True,,,,,,,,,-0.163830,0.263009,0.394666,0.000000,0.000000,0.000000,0.000000,0.000000,0.000000,nan,nan,nan,nan,nan,nan
1781065979172956240,2026-06-10T11:32:59.172991,ground_truth,-0.233167,-1.174000,-0.021802,True,,,,,,,,,-0.163830,0.263009,0.394666,0.000000,0.000000,0.000000,0.000000,0.000000,0.000000,nan,nan,nan,nan,nan,nan
1781065979215205123,2026-06-10T11:32:59.215268,ground_truth,-0.232174,-1.169000,-0.021709,True,,,,,,,,,-0.163830,0.263009,0.394666,0.000000,0.000000,0.000000,0.000000,0.000000,0.000000,nan,nan,nan,nan,nan,nan
1781065979253323592,2026-06-10T11:32:59.253349,ground_truth,-0.235202,-1.165000,-0.015893,True,,,,,,,,,-0.163830,0.263009,0.394666,0.000000,0.000000,0.000000,0.000000,0.000000,0.000000,nan,nan,nan,nan,nan,nan
1781065979289507670,2026-06-10T11:32:59.289548,ground_truth,-0.236010,-1.169000,-0.017868,True,,,,,,,,,-0.163830,0.263009,0.394666,0.000000,0.000000,0.000000,0.000000,0.000000,0.000000,nan,nan,nan,nan,nan,nan
1781065979328691121,2026-06-10T11:32:59.328721,ground_truth,-0.236706,-1.163000,-0.017776,True,,,,,,,,,-0.163830,0.263009,0.394666,0.000000,0.000000,0.000000,0.000000,0.000000,0.000000,nan,nan,nan,nan,nan,nan
1781065979362897829,2026-06-10T11:32:59.362928,ground_truth,-0.237928,-1.169000,-0.017868,True,,,,,,,,,-0.163830,0.263009,0.394666,0.000000,0.000000,0.000000,0.000000,0.000000,0.000000,nan,nan,nan,nan,nan,nan
1781065979402289157,2026-06-10T11:32:59.402331,ground_truth,-0.237114,-1.165000,-0.017807,True,,,,,,,,,-0.163830,0.263009,0.394666,0.000000,0.000000,0.000000,0.000000,0.000000,0.000000,nan,nan,nan,nan,nan,nan
1781065979446881265,2026-06-10T11:32:59.446918,ground_truth,-0.239435,-1.167000,-0.017837,True,,,,,,,,,-0.163830,0.263009,0.394666,0.000000,0.000000,0.000000,0.000000,0.000000,0.000000,nan,nan,nan,nan,nan,nan
1781065979485974224,2026-06-10T11:32:59.486017,ground_truth,-0.241350,-1.167000,-0.017837,True,,,,,,,,,-0.163830,0.263009,0.394666,0.000000,0.000000,0.000000,0.000000,0.000000,0.000000,nan,nan,nan,nan,nan,nan
1781065979526272235,2026-06-10T11:32:59.526305,ground_truth,-0.240936,-1.165000,-0.017807,True,,,,,,,,,-0.163830,0.263009,0.394666,0.000000,0.000000,0.000000,0.000000,0.000000,0.000000,nan,nan,nan,nan,nan,nan
1781065979563193272,2026-06-10T11:32:59.563227,ground_truth,-0.243211,-1.176000,-0.016043,True,,,,,,,,,-0.163830,0.263009,0.394666,0.000000,0.000000,0.000000,0.000000,0.000000,0.000000,nan,nan,nan,nan,nan,nan
1781065979605380470,2026-06-10T11:32:59.605416,ground_truth,-0.240936,-1.165000,-0.015893,True,,,,,,,,,-0.163830,0.263009,0.394666,0.000000,0.000000,0.000000,0.000000,0.000000,0.000000,nan,nan,nan,nan,nan,nan
1781065979648488375,2026-06-10T11:32:59.648523,ground_truth,-0.243681,-1.169000,-0.015947,True,,,,,,,,,-0.163830,0.263009,0.394666,0.000000,0.000000,0.000000,0.000000,0.000000,0.000000,nan,nan,nan,nan,nan,nan
1781065979690129605,2026-06-10T11:32:59.690166,ground_truth,-0.239846,-1.169000,-0.019789,True,,,,,,,,,-0.163830,0.263009,0.394666,0.000000,0.000000,0.000000,0.000000,0.000000,0.000000,nan,nan,nan,nan,nan,nan
1781065979733844137,2026-06-10T11:32:59.733873,ground_truth,-0.243128,-1.185000,-0.018113,True,,,,,,,,,-0.163830,0.263009,0.394666,0.000000,0.000000,0.000000,0.000000,0.000000,0.000000,nan,nan,nan,nan,nan,nan
1781065979768477217,2026-06-10T11:32:59.768509,ground_truth,-0.246600,-1.183000,-0.016138,True,,,,,,,,,-0.163830,0.263009,0.394666,0.000000,0.000000,0.000000,0.000000,0.000000,0.000000,nan,nan,nan,nan,nan,nan
1781065979804281283,2026-06-10T11:32:59.804315,ground_truth,-0.249009,-1.167000,-0.014003,True,,,,,,,,,-0.163830,0.263009,0.394666,0.000000,0.000000,0.000000,0.000000,0.000000,0.000000,nan,nan,nan,nan,nan,nan
1781065979837652124,2026-06-10T11:32:59.837689,ground_truth,-0.249009,-1.167000,-0.014003,True,,,,,,,,,-0.163830,0.263009,0.394666,0.000000,0.000000,0.000000,0.000000,0.000000,0.000000,nan,nan,nan,nan,nan,nan
1781065979869352291,2026-06-10T11:32:59.869396,ground_truth,-0.250502,-1.174000,-0.012158,True,,,,,,,,,-0.163830,0.263009,0.394666,0.000000,0.000000,0.000000,0.000000,0.000000,0.000000,nan,nan,nan,nan,nan,nan
1781065979903789384,2026-06-10T11:32:59.903823,ground_truth,-0.252838,-1.167000,-0.012085,True,,,,,,,,,-0.163830,0.263009,0.394666,0.000000,0.000000,0.000000,0.000000,0.000000,0.000000,nan,nan,nan,nan,nan,nan
1781065979936719597,2026-06-10T11:32:59.936753,ground_truth,-0.253271,-1.169000,-0.008265,True,,,,,,,,,-0.163830,0.263009,0.394666,0.000000,0.000000,0.000000,0.000000,0.000000,0.000000,nan,nan,nan,nan,nan,nan
1781065979969223785,2026-06-10T11:32:59.969248,ground_truth,-0.260837,-1.160000,-0.000578,True,,,,,,,,,-0.163830,0.263009,0.394666,0.000000,0.000000,0.000000,0.000000,0.000000,0.000000,nan,nan,nan,nan,nan,nan
1781065985959405427,2026-06-10T11:33:05.959436,ground_truth,-0.241539,-0.629000,0.010021,True,,,,,,,,,-0.163830,0.263009,0.394666,0.000000,0.000000,0.000000,0.000000,0.000000,0.000000,nan,nan,nan,nan,nan,nan
1781065986018057164,2026-06-10T11:33:06.018108,ground_truth,-0.202709,-0.627000,-0.040488,True,,,,,,,,,-0.163830,0.263009,0.394666,0.000000,0.000000,0.000000,0.000000,0.000000,0.000000,nan,nan,nan,nan,nan,nan
1781065986069089979,2026-06-10T11:33:06.069131,ground_truth,-0.183006,-0.630000,-0.053102,True,,,,,,,,,-0.163830,0.263009,0.394666,0.000000,0.000000,0.000000,0.000000,0.000000,0.000000,nan,nan,nan,nan,nan,nan
1781065986104674789,2026-06-10T11:33:06.104738,ground_truth,-0.146259,-0.632000,-0.077152,True,,,,,,,,,-0.163830,0.263009,0.394666,0.000000,0.000000,0.000000,0.000000,0.000000,0.000000,nan,nan,nan,nan,nan,nan
1781065986140551448,2026-06-10T11:33:06.140598,ground_truth,-0.122431,-0.643000,-0.085890,True,,,,,,,,,-0.163830,0.263009,0.394666,0.000000,0.000000,0.000000,0.000000,0.000000,0.000000,nan,nan,nan,nan,nan,nan
1781065986185751844,2026-06-10T11:33:06.185783,ground_truth,-0.094239,-0.645000,-0.052247,True,,,,,,,,,-0.163830,0.263009,0.394666,0.000000,0.000000,0.000000,0.000000,0.000000,0.000000,nan,nan,nan,nan,nan,nan
1781065986237362923,2026-06-10T11:33:06.237390,ground_truth,-0.101833,-0.633000,-0.069995,True,,,,,,,,,-0.163830,0.263009,0.394666,0.000000,0.000000,0.000000,0.000000,0.000000,0.000000,nan,nan,nan,nan,nan,nan
1781065986275668706,2026-06-10T11:33:06.275701,ground_truth,-0.061125,-0.653000,-0.063623,True,,,,,,,,,-0.163830,0.263009,0.394666,0.000000,0.000000,0.000000,0.000000,0.000000,0.000000,nan,nan,nan,nan,nan,nan
1781065986316141296,2026-06-10T11:33:06.316179,ground_truth,-0.035603,-0.677000,-0.095993,True,,,,,,,,,-0.163830,0.263009,0.394666,0.000000,0.000000,0.000000,0.000000,0.000000,0.000000,nan,nan,nan,nan,nan,nan
1781065986354292662,2026-06-10T11:33:06.354324,ground_truth,-0.024677,-0.682000,-0.100064,True,,,,,,,,,-0.163830,0.263009,0.394666,0.000000,0.000000,0.000000,0.000000,0.000000,0.000000,nan,nan,nan,nan,nan,nan
1781065986404299182,2026-06-10T11:33:06.404325,ground_truth,-0.035738,-0.659000,-0.093441,True,,,,,,,,,-0.163830,0.263009,0.394666,0.000000,0.000000,0.000000,0.000000,0.000000,0.000000,nan,nan,nan,nan,nan,nan
1781065986443145595,2026-06-10T11:33:06.443180,ground_truth,-0.033066,-0.649000,-0.087758,True,,,,,,,,,-0.163830,0.263009,0.394666,0.000000,0.000000,0.000000,0.000000,0.000000,0.000000,nan,nan,nan,nan,nan,nan
1781065986477856026,2026-06-10T11:33:06.477893,ground_truth,-0.023302,-0.644000,-0.087082,True,,,,,,,,,-0.163830,0.263009,0.394666,0.000000,0.000000,0.000000,0.000000,0.000000,0.000000,nan,nan,nan,nan,nan,nan
1781065986514204244,2026-06-10T11:33:06.514237,ground_truth,-0.022650,-0.626000,-0.082591,True,,,,,,,,,-0.163830,0.263009,0.394666,0.000000,0.000000,0.000000,0.000000,0.000000,0.000000,nan,nan,nan,nan,nan,nan
1781065986556460103,2026-06-10T11:33:06.556489,ground_truth,-0.014199,-0.663000,-0.115794,True,,,,,,,,,-0.163830,0.263009,0.394666,0.000000,0.000000,0.000000,0.000000,0.000000,0.000000,nan,nan,nan,nan,nan,nan
1781065986596563246,2026-06-10T11:33:06.596604,ground_truth,-0.028452,-0.641000,-0.114058,True,,,,,,,,,-0.163830,0.263009,0.394666,0.000000,0.000000,0.000000,0.000000,0.000000,0.000000,nan,nan,nan,nan,nan,nan
1781065986633907478,2026-06-10T11:33:06.633940,ground_truth,-0.021070,-0.674000,-0.124359,True,,,,,,,,,-0.163830,0.263009,0.394666,0.000000,0.000000,0.000000,0.000000,0.000000,0.000000,nan,nan,nan,nan,nan,nan
1781065986670436692,2026-06-10T11:33:06.670465,ground_truth,-0.026717,-0.677000,-0.123800,True,,,,,,,,,-0.163830,0.263009,0.394666,0.000000,0.000000,0.000000,0.000000,0.000000,0.000000,nan,nan,nan,nan,nan,nan
1781065986710935057,2026-06-10T11:33:06.710963,ground_truth,-0.031436,-0.683000,-0.120409,True,,,,,,,,,-0.163830,0.263009,0.394666,0.000000,0.000000,0.000000,0.000000,0.000000,0.000000,nan,nan,nan,nan,nan,nan
1781065986756679223,2026-06-10T11:33:06.756713,ground_truth,-0.032297,-0.655000,-0.086417,True,,,,,,,,,-0.163830,0.263009,0.394666,0.000000,0.000000,0.000000,0.000000,0.000000,0.000000,nan,nan,nan,nan,nan,nan
1781065986796178846,2026-06-10T11:33:06.796214,ground_truth,-0.050549,-0.669000,-0.054191,True,,,,,,,,,-0.163830,0.263009,0.394666,0.000000,0.000000,0.000000,0.000000,0.000000,0.000000,nan,nan,nan,nan,nan,nan
1781065986831943911,2026-06-10T11:33:06.831972,ground_truth,-0.077637,-0.639000,-0.050711,True,,,,,,,,,-0.163830,0.263009,0.394666,0.000000,0.000000,0.000000,0.000000,0.000000,0.000000,nan,nan,nan,nan,nan,nan
1781065986879043760,2026-06-10T11:33:06.879072,ground_truth,-0.085486,-0.635000,-0.043091,True,,,,,,,,,-0.163830,0.263009,0.394666,0.000000,0.000000,0.000000,0.000000,0.000000,0.000000,nan,nan,nan,nan,nan,nan
1781065986918314236,2026-06-10T11:33:06.918345,ground_truth,-0.085080,-0.673000,-0.022450,True,,,,,,,,,-0.163830,0.263009,0.394666,0.000000,0.000000,0.000000,0.000000,0.000000,0.000000,nan,nan,nan,nan,nan,nan
1781065986966149325,2026-06-10T11:33:06.966178,ground_truth,-0.081982,-0.684000,0.044610,True,,,,,,,,,-0.163830,0.263009,0.394666,0.000000,0.000000,0.000000,0.000000,0.000000,0.000000,nan,nan,nan,nan,nan,nan
1781065987016411067,2026-06-10T11:33:07.016447,ground_truth,-0.106203,-0.681000,-0.002577,True,,,,,,,,,-0.163830,0.263009,0.394666,0.000000,0.000000,0.000000,0.000000,0.000000,0.000000,nan,nan,nan,nan,nan,nan
1781065987061972626,2026-06-10T11:33:07.062001,ground_truth,-0.118523,-0.701000,-0.018777,True,,,,,,,,,-0.163830,0.263009,0.394666,0.000000,0.000000,0.000000,0.000000,0.000000,0.000000,nan,nan,nan,nan,nan,nan
1781065987110778404,2026-06-10T11:33:07.110813,ground_truth,-0.121718,-0.693000,0.039504,True,,,,,,,,,-0.163830,0.263009,0.394666,0.000000,0.000000,0.000000,0.000000,0.000000,0.000000,nan,nan,nan,nan,nan,nan
1781065987151423842,2026-06-10T11:33:07.151469,ground_truth,-0.128874,-0.701000,0.075663,True,,,,,,,,,-0.163830,0.263009,0.394666,0.000000,0.000000,0.000000,0.000000,0.000000,0.000000,nan,nan,nan,nan,nan,nan
1781065987191217033,2026-06-10T11:33:07.191248,ground_truth,-0.136743,-0.706000,0.090122,True,,,,,,,,,-0.163830,0.263009,0.394666,0.000000,0.000000,0.000000,0.000000,0.000000,0.000000,nan,nan,nan,nan,nan,nan
1781065987250880433,2026-06-10T11:33:07.250910,ground_truth,-0.140423,-0.725000,0.119944,True,,,,,,,,,-0.163830,0.263009,0.394666,0.000000,0.000000,0.000000,0.000000,0.000000,0.000000,nan,nan,nan,nan,nan,nan
1781065987294587916,2026-06-10T11:33:07.294615,ground_truth,-0.140710,-0.739000,0.135616,True,,,,,,,,,-0.163830,0.263009,0.394666,0.000000,0.000000,0.000000,0.000000,0.000000,0.000000,nan,nan,nan,nan,nan,nan
1781065987357415689,2026-06-10T11:33:07.357445,ground_truth,-0.141524,-0.763000,0.153809,True,,,,,,,,,-0.163830,0.263009,0.394666,0.000000,0.000000,0.000000,0.000000,0.000000,0.000000,nan,nan,nan,nan,nan,nan
1781065987426338062,2026-06-10T11:33:07.426367,ground_truth,-0.147088,-0.793000,0.167674,True,,,,,,,,,-0.163830,0.263009,0.394666,0.000000,0.000000,0.000000,0.000000,0.000000,0.000000,nan,nan,nan,nan,nan,nan
1781065987495181667,2026-06-10T11:33:07.495206,ground_truth,-0.150200,-0.817000,0.171406,True,,,,,,,,,-0.163830,0.263009,0.394666,0.000000,0.000000,0.000000,0.000000,0.000000,0.000000,nan,nan,nan,nan,nan,nan
1781065987547756348,2026-06-10T11:33:07.547791,ground_truth,-0.153961,-0.845000,0.162009,True,,,,,,,,,-0.163830,0.263009,0.394666,0.000000,0.000000,0.000000,0.000000,0.000000,0.000000,nan,nan,nan,nan,nan,nan
1781065987612909169,2026-06-10T11:33:07.612951,ground_truth,-0.159701,-0.861000,0.159419,True,,,,,,,,,-0.163830,0.263009,0.394666,0.000000,0.000000,0.000000,0.000000,0.000000,0.000000,nan,nan,nan,nan,nan,nan
1781065987657513162,2026-06-10T11:33:07.657543,ground_truth,-0.170032,-0.893000,0.159475,True,,,,,,,,,-0.163830,0.263009,0.394666,0.000000,0.000000,0.000000,0.000000,0.000000,0.000000,nan,nan,nan,nan,nan,nan
1781065987729559108,2026-06-10T11:33:07.729617,ground_truth,-0.186231,-0.915000,0.127325,True,,,,,,,,,-0.163830,0.263009,0.394666,0.000000,0.000000,0.000000,0.000000,0.000000,0.000000,nan,nan,nan,nan,nan,nan
1781065987773100242,2026-06-10T11:33:07.773128,ground_truth,-0.196265,-0.949000,0.097754,True,,,,,,,,,-0.163830,0.263009,0.394666,0.000000,0.000000,0.000000,0.000000,0.000000,0.000000,nan,nan,nan,nan,nan,nan
1781065987811809539,2026-06-10T11:33:07.811844,ground_truth,-0.198538,-0.945000,0.074053,True,,,,,,,,,-0.163830,0.263009,0.394666,0.000000,0.000000,0.000000,0.000000,0.000000,0.000000,nan,nan,nan,nan,nan,nan
1781065987865526901,2026-06-10T11:33:07.865563,ground_truth,-0.198239,-0.951000,0.065149,True,,,,,,,,,-0.163830,0.263009,0.394666,0.000000,0.000000,0.000000,0.000000,0.000000,0.000000,nan,nan,nan,nan,nan,nan
1781065987902880408,2026-06-10T11:33:07.902917,ground_truth,-0.203133,-0.952000,0.043320,True,,,,,,,,,-0.163830,0.263009,0.394666,0.000000,0.000000,0.000000,0.000000,0.000000,0.000000,nan,nan,nan,nan,nan,nan
1781065987949708857,2026-06-10T11:33:07.949739,ground_truth,-0.209507,-0.967000,0.039236,True,,,,,,,,,-0.163830,0.263009,0.394666,0.000000,0.000000,0.000000,0.000000,0.000000,0.000000,nan,nan,nan,nan,nan,nan
1781065988016312008,2026-06-10T11:33:08.016342,ground_truth,-0.209073,-0.965000,0.026472,True,,,,,,,,,-0.163830,0.263009,0.394666,0.000000,0.000000,0.000000,0.000000,0.000000,0.000000,nan,nan,nan,nan,nan,nan
1781065988058187056,2026-06-10T11:33:08.058216,ground_truth,-0.210943,-0.952000,-0.034884,True,,,,,,,,,-0.163830,0.263009,0.394666,0.000000,0.000000,0.000000,0.000000,0.000000,0.000000,nan,nan,nan,nan,nan,nan
1781065988099350043,2026-06-10T11:33:08.099388,ground_truth,-0.210920,-0.959000,-0.050897,True,,,,,,,,,-0.163830,0.263009,0.394666,0.000000,0.000000,0.000000,0.000000,0.000000,0.000000,nan,nan,nan,nan,nan,nan
1781065988142528646,2026-06-10T11:33:08.142553,ground_truth,-0.210438,-0.964000,-0.055914,True,,,,,,,,,-0.163830,0.263009,0.394666,0.000000,0.000000,0.000000,0.000000,0.000000,0.000000,nan,nan,nan,nan,nan,nan
1781065988182599164,2026-06-10T11:33:08.182643,ground_truth,-0.211360,-0.961000,-0.058897,True,,,,,,,,,-0.163830,0.263009,0.394666,0.000000,0.000000,0.000000,0.000000,0.000000,0.000000,nan,nan,nan,nan,nan,nan
1781065988224844668,2026-06-10T11:33:08.224877,ground_truth,-0.212680,-0.967000,-0.062443,True,,,,,,,,,-0.163830,0.263009,0.394666,0.000000,0.000000,0.000000,0.000000,0.000000,0.000000,nan,nan,nan,nan,nan,nan
1781065988276320783,2026-06-10T11:33:08.276353,ground_truth,-0.211580,-0.962000,-0.066861,True,,,,,,,,,-0.163830,0.263009,0.394666,0.000000,0.000000,0.000000,0.000000,0.000000,0.000000,nan,nan,nan,nan,nan,nan
1781065988328555160,2026-06-10T11:33:08.328602,ground_truth,-0.213174,-0.955000,-0.075789,True,,,,,,,,,-0.163830,0.263009,0.394666,0.000000,0.000000,0.000000,0.000000,0.000000,0.000000,nan,nan,nan,nan,nan,nan
1781065988373044179,2026-06-10T11:33:08.373082,ground_truth,-0.208857,-0.964000,-0.079671,True,,,,,,,,,-0.163830,0.263009,0.394666,0.000000,0.000000,0.000000,0.000000,0.000000,0.000000,nan,nan,nan,nan,nan,nan
1781065988414459535,2026-06-10T11:33:08.414498,ground_truth,-0.190301,-0.935000,-0.084955,True,,,,,,,,,-0.163830,0.263009,0.394666,0.000000,0.000000,0.000000,0.000000,0.000000,0.000000,nan,nan,nan,nan,nan,nan
1781065988471198463,2026-06-10T11:33:08.471228,ground_truth,-0.170239,-0.926000,-0.091744,True,,,,,,,,,-0.163830,0.263009,0.394666,0.000000,0.000000,0.000000,0.000000,0.000000,0.000000,nan,nan,nan,nan,nan,nan
1781065988510405931,2026-06-10T11:33:08.510434,ground_truth,-0.137739,-0.912000,-0.097849,True,,,,,,,,,-0.163830,0.263009,0.394666,0.000000,0.000000,0.000000,0.000000,0.000000,0.000000,nan,nan,nan,nan,nan,nan
1781065988553977341,2026-06-10T11:33:08.554007,ground_truth,-0.111502,-0.882000,-0.101875,True,,,,,,,,,-0.163830,0.263009,0.394666,0.000000,0.000000,0.000000,0.000000,0.000000,0.000000,nan,nan,nan,nan,nan,nan
1781065988599021187,2026-06-10T11:33:08.599058,ground_truth,-0.086311,-0.876000,-0.104061,True,,,,,,,,,-0.163830,0.263009,0.394666,0.000000,0.000000,0.000000,0.000000,0.000000,0.000000,nan,nan,nan,nan,nan,nan
1781065988640450636,2026-06-10T11:33:08.640478,ground_truth,-0.048540,-0.844000,-0.107193,True,,,,,,,,,-0.163830,0.263009,0.394666,0.000000,0.000000,0.000000,0.000000,0.000000,0.000000,nan,nan,nan,nan,nan,nan
1781065988678606065,2026-06-10T11:33:08.678634,ground_truth,-0.027111,-0.824000,-0.115483,True,,,,,,,,,-0.163830,0.263009,0.394666,0.000000,0.000000,0.000000,0.000000,0.000000,0.000000,nan,nan,nan,nan,nan,nan
1781065988749088897,2026-06-10T11:33:08.749113,ground_truth,-0.013311,-0.807000,-0.122381,True,,,,,,,,,-0.163830,0.263009,0.394666,0.000000,0.000000,0.000000,0.000000,0.000000,0.000000,nan,nan,nan,nan,nan,nan
1781065988799378703,2026-06-10T11:33:08.799411,ground_truth,-0.005307,-0.798000,-0.143305,True,,,,,,,,,-0.163830,0.263009,0.394666,0.000000,0.000000,0.000000,0.000000,0.000000,0.000000,nan,nan,nan,nan,nan,nan
1781065988841000919,2026-06-10T11:33:08.841039,ground_truth,0.003669,-0.759000,-0.167476,True,,,,,,,,,-0.163830,0.263009,0.394666,0.000000,0.000000,0.000000,0.000000,0.000000,0.000000,nan,nan,nan,nan,nan,nan
1781065988889679230,2026-06-10T11:33:08.889712,ground_truth,0.008502,-0.746000,-0.181767,True,,,,,,,,,-0.163830,0.263009,0.394666,0.000000,0.000000,0.000000,0.000000,0.000000,0.000000,nan,nan,nan,nan,nan,nan
1781065988929157655,2026-06-10T11:33:08.929185,ground_truth,0.015399,-0.725000,-0.187370,True,,,,,,,,,-0.163830,0.263009,0.394666,0.000000,0.000000,0.000000,0.000000,0.000000,0.000000,nan,nan,nan,nan,nan,nan
1781065988976078907,2026-06-10T11:33:08.976117,ground_truth,0.028855,-0.705000,-0.199576,True,,,,,,,,,-0.163830,0.263009,0.394666,0.000000,0.000000,0.000000,0.000000,0.000000,0.000000,nan,nan,nan,nan,nan,nan
1781065989018704583,2026-06-10T11:33:09.018732,ground_truth,0.036480,-0.696000,-0.206176,True,,,,,,,,,-0.163830,0.263009,0.394666,0.000000,0.000000,0.000000,0.000000,0.000000,0.000000,nan,nan,nan,nan,nan,nan
1781065989059089120,2026-06-10T11:33:09.059124,ground_truth,0.049029,-0.680000,-0.209257,True,,,,,,,,,-0.163830,0.263009,0.394666,0.000000,0.000000,0.000000,0.000000,0.000000,0.000000,nan,nan,nan,nan,nan,nan
1781065989096300688,2026-06-10T11:33:09.096339,ground_truth,0.060856,-0.663000,-0.216007,True,,,,,,,,,-0.163830,0.263009,0.394666,0.000000,0.000000,0.000000,0.000000,0.000000,0.000000,nan,nan,nan,nan,nan,nan
1781065989161079009,2026-06-10T11:33:09.161114,ground_truth,0.064023,-0.662000,-0.218944,True,,,,,,,,,-0.163830,0.263009,0.394666,0.000000,0.000000,0.000000,0.000000,0.000000,0.000000,nan,nan,nan,nan,nan,nan
1781065989202089849,2026-06-10T11:33:09.202121,ground_truth,0.080867,-0.649000,-0.215711,True,,,,,,,,,-0.163830,0.263009,0.394666,0.000000,0.000000,0.000000,0.000000,0.000000,0.000000,nan,nan,nan,nan,nan,nan
1781065989254467876,2026-06-10T11:33:09.254501,ground_truth,0.084733,-0.646000,-0.216837,True,,,,,,,,,-0.163830,0.263009,0.394666,0.000000,0.000000,0.000000,0.000000,0.000000,0.000000,nan,nan,nan,nan,nan,nan
1781065989293474607,2026-06-10T11:33:09.293505,ground_truth,0.086191,-0.649000,-0.216777,True,,,,,,,,,-0.163830,0.263009,0.394666,0.000000,0.000000,0.000000,0.000000,0.000000,0.000000,nan,nan,nan,nan,nan,nan
1781065989338733932,2026-06-10T11:33:09.338760,ground_truth,0.092437,-0.648000,-0.214314,True,,,,,,,,,-0.163830,0.263009,0.394666,0.000000,0.000000,0.000000,0.000000,0.000000,0.000000,nan,nan,nan,nan,nan,nan
1781065989390372006,2026-06-10T11:33:09.390400,ground_truth,0.095184,-0.645000,-0.214382,True,,,,,,,,,-0.163830,0.263009,0.394666,0.000000,0.000000,0.000000,0.000000,0.000000,0.000000,nan,nan,nan,nan,nan,nan
1781065989431774494,2026-06-10T11:33:09.431805,ground_truth,0.097602,-0.647000,-0.211857,True,,,,,,,,,-0.163830,0.263009,0.394666,0.000000,0.000000,0.000000,0.000000,0.000000,0.000000,nan,nan,nan,nan,nan,nan
1781065989476649047,2026-06-10T11:33:09.476683,ground_truth,0.105766,-0.645000,-0.210143,True,,,,,,,,,-0.163830,0.263009,0.394666,0.000000,0.000000,0.000000,0.000000,0.000000,0.000000,nan,nan,nan,nan,nan,nan
1781065989514414134,2026-06-10T11:33:09.514445,ground_truth,0.111770,-0.637000,-0.206490,True,,,,,,,,,-0.163830,0.263009,0.394666,0.000000,0.000000,0.000000,0.000000,0.000000,0.000000,nan,nan,nan,nan,nan,nan
1781065989552950153,2026-06-10T11:33:09.552994,ground_truth,0.117300,-0.633000,-0.206233,True,,,,,,,,,-0.163830,0.263009,0.394666,0.000000,0.000000,0.000000,0.000000,0.000000,0.000000,nan,nan,nan,nan,nan,nan
1781065989600592200,2026-06-10T11:33:09.600637,ground_truth,0.116628,-0.635000,-0.206885,True,,,,,,,,,-0.163830,0.263009,0.394666,0.000000,0.000000,0.000000,0.000000,0.000000,0.000000,nan,nan,nan,nan,nan,nan
1781065989644500353,2026-06-10T11:33:09.644530,ground_truth,0.121454,-0.633000,-0.206233,True,,,,,,,,,-0.163830,0.263009,0.394666,0.000000,0.000000,0.000000,0.000000,0.000000,0.000000,nan,nan,nan,nan,nan,nan
1781065989688870738,2026-06-10T11:33:09.688900,ground_truth,0.118712,-0.635000,-0.207928,True,,,,,,,,,-0.163830,0.263009,0.394666,0.000000,0.000000,0.000000,0.000000,0.000000,0.000000,nan,nan,nan,nan,nan,nan
1781065989744057810,2026-06-10T11:33:09.744092,ground_truth,0.121837,-0.635000,-0.210015,True,,,,,,,,,-0.163830,0.263009,0.394666,0.000000,0.000000,0.000000,0.000000,0.000000,0.000000,nan,nan,nan,nan,nan,nan
1781065989789023133,2026-06-10T11:33:09.789056,ground_truth,0.121176,-0.637000,-0.212769,True,,,,,,,,,-0.163830,0.263009,0.394666,0.000000,0.000000,0.000000,0.000000,0.000000,0.000000,nan,nan,nan,nan,nan,nan
1781065989829611046,2026-06-10T11:33:09.829648,ground_truth,0.120320,-0.638000,-0.213103,True,,,,,,,,,-0.163830,0.263009,0.394666,0.000000,0.000000,0.000000,0.000000,0.000000,0.000000,nan,nan,nan,nan,nan,nan
1781065989868665361,2026-06-10T11:33:09.868702,ground_truth,0.119086,-0.637000,-0.213816,True,,,,,,,,,-0.163830,0.263009,0.394666,0.000000,0.000000,0.000000,0.000000,0.000000,0.000000,nan,nan,nan,nan,nan,nan
1781065989911939655,2026-06-10T11:33:09.911972,ground_truth,0.118411,-0.639000,-0.215537,True,,,,,,,,,-0.163830,0.263009,0.394666,0.000000,0.000000,0.000000,0.000000,0.000000,0.000000,nan,nan,nan,nan,nan,nan
1781065989960377651,2026-06-10T11:33:09.960410,ground_truth,0.118411,-0.639000,-0.214487,True,,,,,,,,,-0.163830,0.263009,0.394666,0.000000,0.000000,0.000000,0.000000,0.000000,0.000000,nan,nan,nan,nan,nan,nan
1781065990004868534,2026-06-10T11:33:10.004906,ground_truth,0.118411,-0.639000,-0.214487,True,,,,,,,,,-0.163830,0.263009,0.394666,0.000000,0.000000,0.000000,0.000000,0.000000,0.000000,nan,nan,nan,nan,nan,nan
1781065990049171289,2026-06-10T11:33:10.049208,ground_truth,0.119460,-0.639000,-0.215537,True,,,,,,,,,-0.163830,0.263009,0.394666,0.000000,0.000000,0.000000,0.000000,0.000000,0.000000,nan,nan,nan,nan,nan,nan
1781065990088313418,2026-06-10T11:33:10.088341,ground_truth,0.119460,-0.639000,-0.215537,True,,,,,,,,,-0.163830,0.263009,0.394666,0.000000,0.000000,0.000000,0.000000,0.000000,0.000000,nan,nan,nan,nan,nan,nan
1781065990126027802,2026-06-10T11:33:10.126053,ground_truth,0.119086,-0.637000,-0.214862,True,,,,,,,,,-0.163830,0.263009,0.394666,0.000000,0.000000,0.000000,0.000000,0.000000,0.000000,nan,nan,nan,nan,nan,nan
1781065990163126750,2026-06-10T11:33:10.163162,ground_truth,0.118226,-0.638000,-0.215200,True,,,,,,,,,-0.163830,0.263009,0.394666,0.000000,0.000000,0.000000,0.000000,0.000000,0.000000,nan,nan,nan,nan,nan,nan
1781065990204227559,2026-06-10T11:33:10.204252,ground_truth,0.118041,-0.637000,-0.214862,True,,,,,,,,,-0.163830,0.263009,0.394666,0.000000,0.000000,0.000000,0.000000,0.000000,0.000000,nan,nan,nan,nan,nan,nan
1781065990242328245,2026-06-10T11:33:10.242351,ground_truth,0.118226,-0.638000,-0.215200,True,,,,,,,,,-0.163830,0.263009,0.394666,0.000000,0.000000,0.000000,0.000000,0.000000,0.000000,nan,nan,nan,nan,nan,nan
1781065990278309471,2026-06-10T11:33:10.278338,ground_truth,0.119273,-0.638000,-0.215200,True,,,,,,,,,-0.163830,0.263009,0.394666,0.000000,0.000000,0.000000,0.000000,0.000000,0.000000,nan,nan,nan,nan,nan,nan
1781065990320781705,2026-06-10T11:33:10.320812,ground_truth,0.118411,-0.639000,-0.215537,True,,,,,,,,,-0.163830,0.263009,0.394666,0.000000,0.000000,0.000000,0.000000,0.000000,0.000000,nan,nan,nan,nan,nan,nan
1781065990354537103,2026-06-10T11:33:10.354562,ground_truth,0.118041,-0.637000,-0.214862,True,,,,,,,,,-0.163830,0.263009,0.394666,0.000000,0.000000,0.000000,0.000000,0.000000,0.000000,nan,nan,nan,nan,nan,nan
1781065990390983194,2026-06-10T11:33:10.391017,ground_truth,0.117363,-0.639000,-0.215537,True,,,,,,,,,-0.163830,0.263009,0.394666,0.000000,0.000000,0.000000,0.000000,0.000000,0.000000,nan,nan,nan,nan,nan,nan
1781065990428164613,2026-06-10T11:33:10.428204,ground_truth,0.115447,-0.640000,-0.215874,True,,,,,,,,,-0.163830,0.263009,0.394666,0.000000,0.000000,0.000000,0.000000,0.000000,0.000000,nan,nan,nan,nan,nan,nan
1781065990476055536,2026-06-10T11:33:10.476089,ground_truth,0.115266,-0.639000,-0.215537,True,,,,,,,,,-0.163830,0.263009,0.394666,0.000000,0.000000,0.000000,0.000000,0.000000,0.000000,nan,nan,nan,nan,nan,nan
1781065990514092165,2026-06-10T11:33:10.514126,ground_truth,0.116315,-0.639000,-0.215537,True,,,,,,,,,-0.163830,0.263009,0.394666,0.000000,0.000000,0.000000,0.000000,0.000000,0.000000,nan,nan,nan,nan,nan,nan
1781065990558151582,2026-06-10T11:33:10.558176,ground_truth,0.116315,-0.639000,-0.215537,True,,,,,,,,,-0.163830,0.263009,0.394666,0.000000,0.000000,0.000000,0.000000,0.000000,0.000000,nan,nan,nan,nan,nan,nan
1781065990598980337,2026-06-10T11:33:10.599018,ground_truth,0.116497,-0.640000,-0.215874,True,,,,,,,,,-0.163830,0.263009,0.394666,0.000000,0.000000,0.000000,0.000000,0.000000,0.000000,nan,nan,nan,nan,nan,nan
1781065990638520944,2026-06-10T11:33:10.638558,ground_truth,0.116315,-0.639000,-0.215537,True,,,,,,,,,-0.163830,0.263009,0.394666,0.000000,0.000000,0.000000,0.000000,0.000000,0.000000,nan,nan,nan,nan,nan,nan
1781065990675772219,2026-06-10T11:33:10.675802,ground_truth,0.116996,-0.637000,-0.215909,True,,,,,,,,,-0.163830,0.263009,0.394666,0.000000,0.000000,0.000000,0.000000,0.000000,0.000000,nan,nan,nan,nan,nan,nan
1781065990713507830,2026-06-10T11:33:10.713532,ground_truth,0.116497,-0.640000,-0.216926,True,,,,,,,,,-0.163830,0.263009,0.394666,0.000000,0.000000,0.000000,0.000000,0.000000,0.000000,nan,nan,nan,nan,nan,nan
1781065990747701570,2026-06-10T11:33:10.747737,ground_truth,0.116315,-0.639000,-0.216587,True,,,,,,,,,-0.163830,0.263009,0.394666,0.000000,0.000000,0.000000,0.000000,0.000000,0.000000,nan,nan,nan,nan,nan,nan
1781065990780937712,2026-06-10T11:33:10.781007,ground_truth,0.115951,-0.637000,-0.214862,True,,,,,,,,,-0.163830,0.263009,0.394666,0.000000,0.000000,0.000000,0.000000,0.000000,0.000000,nan,nan,nan,nan,nan,nan
1781065992787303432,2026-06-10T11:33:12.787329,ground_truth,0.116315,-0.639000,-0.215537,True,,,,,,,,,-0.163830,0.263009,0.394666,0.000000,0.000000,0.000000,0.000000,0.000000,0.000000,nan,nan,nan,nan,nan,nan


============================================================
EXPERIMENT METRICS
  File: experiment_GROUND_TRUTH_20260610_113210.csv
  Total samples: 871
  Task completion time: 23408.46 s
  Mode: GROUND TRUTH (no prediction metrics)
  Jerk: insufficient EE data for calculation
============================================================
