ros_timestamp_ns,wall_time,trajectory_mode,meas_x,meas_y,meas_z,is_tracked,pred_x,pred_y,pred_z,mae_x,mae_y,mae_z,inference_ms,buffer_size,robot_ee_x,robot_ee_y,robot_ee_z,j1_vel,j2_vel,j3_vel,j4_vel,j5_vel,j6_vel,j1_eff,j2_eff,j3_eff,j4_eff,j5_eff,j6_eff
1781257068798430181,2026-06-12T16:37:48.798456,ground_truth,0.123686,-0.138000,0.030967,True,,,,,,,,,-0.162012,0.280003,0.378503,0.000000,0.000000,0.000000,0.000000,0.000000,0.000000,-0.009240,-0.125160,0.066732,-0.028832,0.014368,-0.001856
1781257068836299892,2026-06-12T16:37:48.836324,ground_truth,0.123686,-0.138000,0.030967,True,,,,,,,,,-0.161991,0.280058,0.378521,0.000000,0.000000,0.000000,0.000000,0.000000,0.000000,-0.009240,-0.125160,0.066732,-0.028832,0.014368,-0.001856
1781257068867579546,2026-06-12T16:37:48.867610,ground_truth,0.125456,-0.156000,0.026553,True,,,,,,,,,-0.161991,0.280058,0.378521,0.000000,0.000000,0.000000,0.000000,0.000000,0.000000,-0.009240,-0.125160,0.066732,-0.028832,0.014368,-0.001856
1781257068895046932,2026-06-12T16:37:48.895073,ground_truth,0.119555,-0.096000,0.032368,True,,,,,,,,,-0.161991,0.280058,0.378521,0.000000,0.000000,0.000000,0.000000,0.000000,0.000000,-0.009240,-0.125160,0.066732,-0.028832,0.014368,-0.001856
1781257068934747841,2026-06-12T16:37:48.934768,ground_truth,0.121227,-0.113000,0.031801,True,,,,,,,,,-0.161991,0.280058,0.378521,0.000000,0.000000,0.000000,0.000000,0.000000,0.000000,-0.009240,-0.125160,0.066732,-0.028832,0.014368,-0.001856
1781257068961247180,2026-06-12T16:37:48.961312,ground_truth,0.126243,-0.164000,0.033926,True,,,,,,,,,-0.161991,0.280058,0.378521,0.000000,0.000000,0.000000,0.000000,0.000000,0.000000,-0.009240,-0.125160,0.066732,-0.028832,0.014368,-0.001856
1781257068992661712,2026-06-12T16:37:48.992714,ground_truth,0.121227,-0.113000,0.031801,True,,,,,,,,,-0.161991,0.280058,0.378521,0.000000,0.000000,0.000000,0.000000,0.000000,0.000000,-0.009240,-0.125160,0.066732,-0.028832,0.014368,-0.001856
1781257069026399716,2026-06-12T16:37:49.026418,ground_truth,0.117096,-0.071000,0.036875,True,,,,,,,,,-0.161991,0.280058,0.378521,0.000000,0.000000,0.000000,0.000000,0.000000,0.000000,-0.009240,-0.125160,0.066732,-0.028832,0.014368,-0.001856
1781257069058440497,2026-06-12T16:37:49.058466,ground_truth,0.121227,-0.113000,0.031801,True,,,,,,,,,-0.161991,0.280058,0.378521,0.000000,0.000000,0.000000,0.000000,0.000000,0.000000,-0.009240,-0.125160,0.066732,-0.028832,0.014368,-0.001856
1781257069095460179,2026-06-12T16:37:49.095498,ground_truth,0.124571,-0.147000,0.030666,True,,,,,,,,,-0.161991,0.280058,0.378521,0.000000,0.000000,0.000000,0.000000,0.000000,0.000000,-0.009240,-0.125160,0.066732,-0.028832,0.014368,-0.001856
1781257069136602535,2026-06-12T16:37:49.136615,ground_truth,0.128013,-0.182000,0.033355,True,,,,,,,,,-0.161991,0.280058,0.378521,0.000000,0.000000,0.000000,0.000000,0.000000,0.000000,-0.009240,-0.125160,0.066732,-0.028832,0.014368,-0.001856
1781257069167339424,2026-06-12T16:37:49.167369,ground_truth,0.124178,-0.143000,0.034592,True,,,,,,,,,-0.161991,0.280058,0.378521,0.000000,0.000000,0.000000,0.000000,0.000000,0.000000,-0.009240,-0.125160,0.066732,-0.028832,0.014368,-0.001856
1781257069199004714,2026-06-12T16:37:49.199045,ground_truth,0.125456,-0.156000,0.034179,True,,,,,,,,,-0.161991,0.280058,0.378521,0.000000,0.000000,0.000000,0.000000,0.000000,0.000000,-0.009240,-0.125160,0.066732,-0.028832,0.014368,-0.001856
1781257069234035415,2026-06-12T16:37:49.234074,ground_truth,0.122014,-0.121000,0.031534,True,,,,,,,,,-0.161991,0.280058,0.378521,0.000000,0.000000,0.000000,0.000000,0.000000,0.000000,-0.009240,-0.125160,0.066732,-0.028832,0.014368,-0.001856
1781257069260062701,2026-06-12T16:37:49.260085,ground_truth,0.124571,-0.147000,0.030666,True,,,,,,,,,-0.161991,0.280058,0.378521,0.000000,0.000000,0.000000,0.000000,0.000000,0.000000,-0.009240,-0.125160,0.066732,-0.028832,0.014368,-0.001856
1781257069290047643,2026-06-12T16:37:49.290118,ground_truth,0.122014,-0.121000,0.031534,True,,,,,,,,,-0.161991,0.280058,0.378521,0.000000,0.000000,0.000000,0.000000,0.000000,0.000000,-0.009240,-0.125160,0.066732,-0.028832,0.014368,-0.001856
1781257069328453332,2026-06-12T16:37:49.328471,ground_truth,0.124571,-0.147000,0.030666,True,,,,,,,,,-0.161991,0.280058,0.378521,0.000000,0.000000,0.000000,0.000000,0.000000,0.000000,-0.009240,-0.125160,0.066732,-0.028832,0.014368,-0.001856
1781257069364187171,2026-06-12T16:37:49.364208,ground_truth,0.118263,-0.121000,0.027778,True,,,,,,,,,-0.161991,0.280058,0.378521,0.000000,0.000000,0.000000,0.000000,0.000000,0.000000,-0.009240,-0.125160,0.066732,-0.028832,0.014368,-0.001856
1781257069393692018,2026-06-12T16:37:49.393714,ground_truth,0.122422,-0.164000,0.030099,True,,,,,,,,,-0.161991,0.280058,0.378521,0.000000,0.000000,0.000000,0.000000,0.000000,0.000000,-0.009240,-0.125160,0.066732,-0.028832,0.014368,-0.001856
1781257069430169485,2026-06-12T16:37:49.430192,ground_truth,0.111107,-0.047000,0.034002,True,,,,,,,,,-0.161991,0.280058,0.378521,0.000000,0.000000,0.000000,0.000000,0.000000,0.000000,-0.009240,-0.125160,0.066732,-0.028832,0.014368,-0.001856
1781257069469115047,2026-06-12T16:37:49.469131,ground_truth,0.121648,-0.156000,0.030366,True,,,,,,,,,-0.161991,0.280058,0.378521,0.000000,0.000000,0.000000,0.000000,0.000000,0.000000,-0.009240,-0.125160,0.066732,-0.028832,0.014368,-0.001856
1781257069507608442,2026-06-12T16:37:49.507630,ground_truth,0.122014,-0.121000,0.031534,True,,,,,,,,,-0.161991,0.280058,0.378521,0.000000,0.000000,0.000000,0.000000,0.000000,0.000000,-0.009240,-0.125160,0.066732,-0.028832,0.014368,-0.001856
1781257069533728121,2026-06-12T16:37:49.533752,ground_truth,0.119555,-0.096000,0.032368,True,,,,,,,,,-0.161991,0.280058,0.378521,0.000000,0.000000,0.000000,0.000000,0.000000,0.000000,-0.009240,-0.125160,0.066732,-0.028832,0.014368,-0.001856
1781257069559318734,2026-06-12T16:37:49.559336,ground_truth,0.120342,-0.104000,0.032101,True,,,,,,,,,-0.161991,0.280058,0.378521,0.000000,0.000000,0.000000,0.000000,0.000000,0.000000,-0.009240,-0.125160,0.066732,-0.028832,0.014368,-0.001856
1781257069593290247,2026-06-12T16:37:49.593305,ground_truth,0.122014,-0.121000,0.031534,True,,,,,,,,,-0.161991,0.280058,0.378521,0.000000,0.000000,0.000000,0.000000,0.000000,0.000000,-0.009240,-0.125160,0.066732,-0.028832,0.014368,-0.001856
1781257069630326464,2026-06-12T16:37:49.630341,ground_truth,0.124571,-0.147000,0.030666,True,,,,,,,,,-0.161991,0.280058,0.378521,0.000000,0.000000,0.000000,0.000000,0.000000,0.000000,-0.009240,-0.125160,0.066732,-0.028832,0.014368,-0.001856
1781257069657393259,2026-06-12T16:37:49.657413,ground_truth,0.117096,-0.071000,0.033202,True,,,,,,,,,-0.161991,0.280058,0.378521,0.000000,0.000000,0.000000,0.000000,0.000000,0.000000,-0.009240,-0.125160,0.066732,-0.028832,0.014368,-0.001856
1781257069690001098,2026-06-12T16:37:49.690022,ground_truth,0.119555,-0.096000,0.032368,True,,,,,,,,,-0.161991,0.280058,0.378521,0.000000,0.000000,0.000000,0.000000,0.000000,0.000000,-0.009240,-0.125160,0.066732,-0.028832,0.014368,-0.001856
1781257069731286647,2026-06-12T16:37:49.731308,ground_truth,0.122014,-0.121000,0.031534,True,,,,,,,,,-0.161991,0.280058,0.378521,0.000000,0.000000,0.000000,0.000000,0.000000,0.000000,-0.009240,-0.125160,0.066732,-0.028832,0.014368,-0.001856
1781257069758083946,2026-06-12T16:37:49.758107,ground_truth,0.120342,-0.104000,0.032101,True,,,,,,,,,-0.161991,0.280058,0.378521,0.000000,0.000000,0.000000,0.000000,0.000000,0.000000,-0.009240,-0.125160,0.066732,-0.028832,0.014368,-0.001856
1781257069792769246,2026-06-12T16:37:49.792788,ground_truth,0.122014,-0.121000,0.031534,True,,,,,,,,,-0.161991,0.280058,0.378521,0.000000,0.000000,0.000000,0.000000,0.000000,0.000000,-0.009240,-0.125160,0.066732,-0.028832,0.014368,-0.001856
1781257069829574750,2026-06-12T16:37:49.829596,ground_truth,0.126243,-0.164000,0.030099,True,,,,,,,,,-0.161991,0.280058,0.378521,0.000000,0.000000,0.000000,0.000000,0.000000,0.000000,-0.009240,-0.125160,0.066732,-0.028832,0.014368,-0.001856
1781257069856980142,2026-06-12T16:37:49.857000,ground_truth,0.121227,-0.113000,0.031801,True,,,,,,,,,-0.161991,0.280058,0.378521,0.000000,0.000000,0.000000,0.000000,0.000000,0.000000,-0.009240,-0.125160,0.066732,-0.028832,0.014368,-0.001856
1781257069890693149,2026-06-12T16:37:49.890721,ground_truth,0.122899,-0.130000,0.031233,True,,,,,,,,,-0.161991,0.280058,0.378521,0.000000,0.000000,0.000000,0.000000,0.000000,0.000000,-0.009240,-0.125160,0.066732,-0.028832,0.014368,-0.001856
1781257069932238173,2026-06-12T16:37:49.932257,ground_truth,0.124571,-0.147000,0.030666,True,,,,,,,,,-0.161991,0.280058,0.378521,0.000000,0.000000,0.000000,0.000000,0.000000,0.000000,-0.009240,-0.125160,0.066732,-0.028832,0.014368,-0.001856
1781257069962441455,2026-06-12T16:37:49.962462,ground_truth,0.125456,-0.156000,0.034179,True,,,,,,,,,-0.161991,0.280058,0.378521,0.000000,0.000000,0.000000,0.000000,0.000000,0.000000,-0.009240,-0.125160,0.066732,-0.028832,0.014368,-0.001856
1781257069990237079,2026-06-12T16:37:49.990260,ground_truth,0.119555,-0.096000,0.032368,True,,,,,,,,,-0.161991,0.280058,0.378521,0.000000,0.000000,0.000000,0.000000,0.000000,0.000000,-0.009240,-0.125160,0.066732,-0.028832,0.014368,-0.001856
1781257070024222761,2026-06-12T16:37:50.024246,ground_truth,0.125407,-0.155500,0.034195,True,,,,,,,,,-0.161991,0.280058,0.378521,0.000000,0.000000,0.000000,0.000000,0.000000,0.000000,-0.009240,-0.125160,0.066732,-0.028832,0.014368,-0.001856
1781257070063383914,2026-06-12T16:37:50.063402,ground_truth,0.127128,-0.173000,0.033640,True,,,,,,,,,-0.161991,0.280058,0.378521,0.000000,0.000000,0.000000,0.000000,0.000000,0.000000,-0.009240,-0.125160,0.066732,-0.028832,0.014368,-0.001856
1781257070090074338,2026-06-12T16:37:50.090097,ground_truth,0.127128,-0.173000,0.033640,True,,,,,,,,,-0.161991,0.280058,0.378521,0.000000,0.000000,0.000000,0.000000,0.000000,0.000000,-0.009240,-0.125160,0.066732,-0.028832,0.014368,-0.001856
1781257070123836494,2026-06-12T16:37:50.123860,ground_truth,0.131864,-0.182000,0.033355,True,,,,,,,,,-0.161991,0.280058,0.378521,0.000000,0.000000,0.000000,0.000000,0.000000,0.000000,-0.009240,-0.125160,0.066732,-0.028832,0.014368,-0.001856
1781257070163151650,2026-06-12T16:37:50.163176,ground_truth,0.124571,-0.147000,0.034465,True,,,,,,,,,-0.161991,0.280058,0.378521,0.000000,0.000000,0.000000,0.000000,0.000000,0.000000,-0.009240,-0.125160,0.066732,-0.028832,0.014368,-0.001856
1781257070195075418,2026-06-12T16:37:50.195101,ground_truth,0.125765,-0.121000,0.035289,True,,,,,,,,,-0.161991,0.280058,0.378521,0.000000,0.000000,0.000000,0.000000,0.000000,0.000000,-0.009240,-0.125160,0.066732,-0.028832,0.014368,-0.001856
1781257070223288525,2026-06-12T16:37:50.223310,ground_truth,0.130064,-0.164000,0.033926,True,,,,,,,,,-0.161991,0.280058,0.378521,0.000000,0.000000,0.000000,0.000000,0.000000,0.000000,-0.009240,-0.125160,0.066732,-0.028832,0.014368,-0.001856
1781257070258595193,2026-06-12T16:37:50.258616,ground_truth,0.130064,-0.164000,0.033926,True,,,,,,,,,-0.161991,0.280058,0.378521,0.000000,0.000000,0.000000,0.000000,0.000000,0.000000,-0.009240,-0.125160,0.066732,-0.028832,0.014368,-0.001856
1781257070289829726,2026-06-12T16:37:50.289851,ground_truth,0.130964,-0.173000,0.033640,True,,,,,,,,,-0.161991,0.280058,0.378521,0.000000,0.000000,0.000000,0.000000,0.000000,0.000000,-0.009240,-0.125160,0.066732,-0.028832,0.014368,-0.001856
1781257070323960271,2026-06-12T16:37:50.323984,ground_truth,0.124065,-0.104000,0.039556,True,,,,,,,,,-0.161991,0.280058,0.378521,0.000000,0.000000,0.000000,0.000000,0.000000,0.000000,-0.009240,-0.125160,0.066732,-0.028832,0.014368,-0.001856
1781257070358466987,2026-06-12T16:37:50.358488,ground_truth,0.129264,-0.156000,0.034179,True,,,,,,,,,-0.161991,0.280058,0.378521,0.000000,0.000000,0.000000,0.000000,0.000000,0.000000,-0.009240,-0.125160,0.066732,-0.028832,0.014368,-0.001856
1781257070391859243,2026-06-12T16:37:50.391873,ground_truth,0.126665,-0.130000,0.035004,True,,,,,,,,,-0.161991,0.280058,0.378521,0.000000,0.000000,0.000000,0.000000,0.000000,0.000000,-0.009240,-0.125160,0.066732,-0.028832,0.014368,-0.001856
1781257070424341803,2026-06-12T16:37:50.424359,ground_truth,0.128364,-0.147000,0.038263,True,,,,,,,,,-0.161991,0.280058,0.378521,0.000000,0.000000,0.000000,0.000000,0.000000,0.000000,-0.009240,-0.125160,0.066732,-0.028832,0.014368,-0.001856
1781257070458340914,2026-06-12T16:37:50.458364,ground_truth,0.127464,-0.138000,0.038534,True,,,,,,,,,-0.161991,0.280058,0.378521,0.000000,0.000000,0.000000,0.000000,0.000000,0.000000,-0.009240,-0.125160,0.066732,-0.028832,0.014368,-0.001856
1781257070491266665,2026-06-12T16:37:50.491286,ground_truth,0.123265,-0.096000,0.039797,True,,,,,,,,,-0.161991,0.280058,0.378521,0.000000,0.000000,0.000000,0.000000,0.000000,0.000000,-0.009240,-0.125160,0.066732,-0.028832,0.014368,-0.001856
1781257070527316175,2026-06-12T16:37:50.527338,ground_truth,0.124965,-0.113000,0.039286,True,,,,,,,,,-0.161991,0.280058,0.378521,0.000000,0.000000,0.000000,0.000000,0.000000,0.000000,-0.009240,-0.125160,0.066732,-0.028832,0.014368,-0.001856
1781257070557055379,2026-06-12T16:37:50.557071,ground_truth,0.124065,-0.104000,0.043284,True,,,,,,,,,-0.161991,0.280058,0.378521,0.000000,0.000000,0.000000,0.000000,0.000000,0.000000,-0.009240,-0.125160,0.066732,-0.028832,0.014368,-0.001856
1781257070593048501,2026-06-12T16:37:50.593067,ground_truth,0.124065,-0.104000,0.043284,True,,,,,,,,,-0.161991,0.280058,0.378521,0.000000,0.000000,0.000000,0.000000,0.000000,0.000000,-0.009240,-0.125160,0.066732,-0.028832,0.014368,-0.001856
1781257070624961732,2026-06-12T16:37:50.624974,ground_truth,0.129214,-0.155500,0.041820,True,,,,,,,,,-0.161991,0.280058,0.378521,0.000000,0.000000,0.000000,0.000000,0.000000,0.000000,-0.009240,-0.125160,0.066732,-0.028832,0.014368,-0.001856
1781257070657903456,2026-06-12T16:37:50.657923,ground_truth,0.125765,-0.121000,0.042801,True,,,,,,,,,-0.161991,0.280058,0.378521,0.000000,0.000000,0.000000,0.000000,0.000000,0.000000,-0.009240,-0.125160,0.066732,-0.028832,0.014368,-0.001856
1781257070690204529,2026-06-12T16:37:50.690225,ground_truth,0.126665,-0.130000,0.042545,True,,,,,,,,,-0.161991,0.280058,0.378521,0.000000,0.000000,0.000000,0.000000,0.000000,0.000000,-0.009240,-0.125160,0.066732,-0.028832,0.014368,-0.001856
1781257070732277035,2026-06-12T16:37:50.732297,ground_truth,0.127464,-0.138000,0.042318,True,,,,,,,,,-0.161991,0.280058,0.378521,0.000000,0.000000,0.000000,0.000000,0.000000,0.000000,-0.009240,-0.125160,0.066732,-0.028832,0.014368,-0.001856
1781257070757402871,2026-06-12T16:37:50.757423,ground_truth,0.130064,-0.164000,0.041579,True,,,,,,,,,-0.161991,0.280058,0.378521,0.000000,0.000000,0.000000,0.000000,0.000000,0.000000,-0.009240,-0.125160,0.066732,-0.028832,0.014368,-0.001856
1781257070797670328,2026-06-12T16:37:50.797692,ground_truth,0.124065,-0.104000,0.043284,True,,,,,,,,,-0.161991,0.280058,0.378521,0.000000,0.000000,0.000000,0.000000,0.000000,0.000000,-0.009240,-0.125160,0.066732,-0.028832,0.014368,-0.001856
1781257070828426755,2026-06-12T16:37:50.828449,ground_truth,0.128364,-0.147000,0.045860,True,,,,,,,,,-0.161991,0.280058,0.378521,0.000000,0.000000,0.000000,0.000000,0.000000,0.000000,-0.009240,-0.125160,0.066732,-0.028832,0.014368,-0.001856
1781257070866302979,2026-06-12T16:37:50.866325,ground_truth,0.128814,-0.151500,0.041934,True,,,,,,,,,-0.161991,0.280058,0.378521,0.000000,0.000000,0.000000,0.000000,0.000000,0.000000,-0.009240,-0.125160,0.066732,-0.028832,0.014368,-0.001856
1781257070899677609,2026-06-12T16:37:50.899718,ground_truth,0.128013,-0.182000,0.041067,True,,,,,,,,,-0.161991,0.280058,0.378521,0.000000,0.000000,0.000000,0.000000,0.000000,0.000000,-0.009240,-0.125160,0.066732,-0.028832,0.014368,-0.001856
1781257070925960129,2026-06-12T16:37:50.925985,ground_truth,0.126243,-0.164000,0.045405,True,,,,,,,,,-0.161991,0.280058,0.378521,0.000000,0.000000,0.000000,0.000000,0.000000,0.000000,-0.009240,-0.125160,0.066732,-0.028832,0.014368,-0.001856
1781257070957797629,2026-06-12T16:37:50.957822,ground_truth,0.125014,-0.151500,0.041934,True,,,,,,,,,-0.161991,0.280058,0.378521,0.000000,0.000000,0.000000,0.000000,0.000000,0.000000,-0.009240,-0.125160,0.066732,-0.028832,0.014368,-0.001856
1781257070992808255,2026-06-12T16:37:50.992836,ground_truth,0.131414,-0.177500,0.045043,True,,,,,,,,,-0.161991,0.280058,0.378521,0.000000,0.000000,0.000000,0.000000,0.000000,0.000000,-0.009240,-0.125160,0.066732,-0.028832,0.014368,-0.001856
1781257071023499228,2026-06-12T16:37:51.023517,ground_truth,0.124065,-0.104000,0.043284,True,,,,,,,,,-0.161991,0.280058,0.378521,0.000000,0.000000,0.000000,0.000000,0.000000,0.000000,-0.009240,-0.125160,0.066732,-0.028832,0.014368,-0.001856
1781257071057002441,2026-06-12T16:37:51.057019,ground_truth,0.132538,-0.228000,0.039759,True,,,,,,,,,-0.161991,0.280058,0.378521,0.000000,0.000000,0.000000,0.000000,0.000000,0.000000,-0.009240,-0.125160,0.066732,-0.028832,0.014368,-0.001856
1781257071090667658,2026-06-12T16:37:51.090691,ground_truth,0.127128,-0.173000,0.041323,True,,,,,,,,,-0.161991,0.280058,0.378521,0.000000,0.000000,0.000000,0.000000,0.000000,0.000000,-0.009240,-0.125160,0.066732,-0.028832,0.014368,-0.001856
1781257071133346500,2026-06-12T16:37:51.133371,ground_truth,0.126243,-0.164000,0.041579,True,,,,,,,,,-0.161991,0.280058,0.378521,0.000000,0.000000,0.000000,0.000000,0.000000,0.000000,-0.009240,-0.125160,0.066732,-0.028832,0.014368,-0.001856
1781257071158761260,2026-06-12T16:37:51.158785,ground_truth,0.126292,-0.164500,0.041564,True,,,,,,,,,-0.161991,0.280058,0.378521,0.000000,0.000000,0.000000,0.000000,0.000000,0.000000,-0.009240,-0.125160,0.066732,-0.028832,0.014368,-0.001856
1781257071198686945,2026-06-12T16:37:51.198711,ground_truth,0.125033,-0.191000,0.040811,True,,,,,,,,,-0.161991,0.280058,0.378521,0.000000,0.000000,0.000000,0.000000,0.000000,0.000000,-0.009240,-0.125160,0.066732,-0.028832,0.014368,-0.001856
1781257071226096397,2026-06-12T16:37:51.226125,ground_truth,0.127128,-0.173000,0.045164,True,,,,,,,,,-0.161991,0.280058,0.378521,0.000000,0.000000,0.000000,0.000000,0.000000,0.000000,-0.009240,-0.125160,0.066732,-0.028832,0.014368,-0.001856
1781257071260963258,2026-06-12T16:37:51.260982,ground_truth,0.131319,-0.256000,0.038963,True,,,,,,,,,-0.161991,0.280058,0.378521,0.000000,0.000000,0.000000,0.000000,0.000000,0.000000,-0.009240,-0.125160,0.066732,-0.028832,0.014368,-0.001856
1781257071290744410,2026-06-12T16:37:51.290762,ground_truth,0.128899,-0.191000,0.040811,True,,,,,,,,,-0.161991,0.280058,0.378521,0.000000,0.000000,0.000000,0.000000,0.000000,0.000000,-0.009240,-0.125160,0.066732,-0.028832,0.014368,-0.001856
1781257071329945073,2026-06-12T16:37:51.329968,ground_truth,0.117883,-0.079000,0.043995,True,,,,,,,,,-0.161991,0.280058,0.378521,0.000000,0.000000,0.000000,0.000000,0.000000,0.000000,-0.009240,-0.125160,0.066732,-0.028832,0.014368,-0.001856
1781257071362941664,2026-06-12T16:37:51.362962,ground_truth,0.120342,-0.104000,0.043284,True,,,,,,,,,-0.161991,0.280058,0.378521,0.000000,0.000000,0.000000,0.000000,0.000000,0.000000,-0.009240,-0.125160,0.066732,-0.028832,0.014368,-0.001856
1781257071396009183,2026-06-12T16:37:51.396021,ground_truth,0.126243,-0.164000,0.045405,True,,,,,,,,,-0.161991,0.280058,0.378521,0.000000,0.000000,0.000000,0.000000,0.000000,0.000000,-0.009240,-0.125160,0.066732,-0.028832,0.014368,-0.001856
1781257071423103185,2026-06-12T16:37:51.423117,ground_truth,0.122014,-0.121000,0.046557,True,,,,,,,,,-0.161991,0.280058,0.378521,0.000000,0.000000,0.000000,0.000000,0.000000,0.000000,-0.009240,-0.125160,0.066732,-0.028832,0.014368,-0.001856
1781257071465203011,2026-06-12T16:37:51.465216,ground_truth,0.131653,-0.219000,0.040015,True,,,,,,,,,-0.161991,0.280058,0.378521,0.000000,0.000000,0.000000,0.000000,0.000000,0.000000,-0.009240,-0.125160,0.066732,-0.028832,0.014368,-0.001856
1781257071490505835,2026-06-12T16:37:51.490529,ground_truth,0.135292,-0.256000,0.042941,True,,,,,,,,,-0.161991,0.280058,0.378521,0.000000,0.000000,0.000000,0.000000,0.000000,0.000000,-0.009240,-0.125160,0.066732,-0.028832,0.014368,-0.001856
1781257071523969525,2026-06-12T16:37:51.523989,ground_truth,0.131653,-0.219000,0.040015,True,,,,,,,,,-0.161991,0.280058,0.378521,0.000000,0.000000,0.000000,0.000000,0.000000,0.000000,-0.009240,-0.125160,0.066732,-0.028832,0.014368,-0.001856
1781257071557199981,2026-06-12T16:37:51.557221,ground_truth,0.132980,-0.232500,0.039631,True,,,,,,,,,-0.161991,0.280058,0.378521,0.000000,0.000000,0.000000,0.000000,0.000000,0.000000,-0.009240,-0.125160,0.066732,-0.028832,0.014368,-0.001856
1781257071598327567,2026-06-12T16:37:51.598345,ground_truth,0.127177,-0.173500,0.041309,True,,,,,,,,,-0.161991,0.280058,0.378521,0.000000,0.000000,0.000000,0.000000,0.000000,0.000000,-0.009240,-0.125160,0.066732,-0.028832,0.014368,-0.001856
1781257071623985003,2026-06-12T16:37:51.624002,ground_truth,0.128899,-0.191000,0.044682,True,,,,,,,,,-0.161991,0.280058,0.378521,0.000000,0.000000,0.000000,0.000000,0.000000,0.000000,-0.009240,-0.125160,0.066732,-0.028832,0.014368,-0.001856
1781257071658671589,2026-06-12T16:37:51.658702,ground_truth,0.127128,-0.173000,0.045164,True,,,,,,,,,-0.161991,0.280058,0.378521,0.000000,0.000000,0.000000,0.000000,0.000000,0.000000,-0.009240,-0.125160,0.066732,-0.028832,0.014368,-0.001856
1781257071692157576,2026-06-12T16:37:51.692180,ground_truth,0.118768,-0.088000,0.047441,True,,,,,,,,,-0.161991,0.280058,0.378521,0.000000,0.000000,0.000000,0.000000,0.000000,0.000000,-0.009240,-0.125160,0.066732,-0.028832,0.014368,-0.001856
1781257071725584641,2026-06-12T16:37:51.725610,ground_truth,0.128364,-0.147000,0.045860,True,,,,,,,,,-0.161991,0.280058,0.378521,0.000000,0.000000,0.000000,0.000000,0.000000,0.000000,-0.009240,-0.125160,0.066732,-0.028832,0.014368,-0.001856
1781257071758560343,2026-06-12T16:37:51.758583,ground_truth,0.121565,-0.079000,0.047682,True,,,,,,,,,-0.161991,0.280058,0.378521,0.000000,0.000000,0.000000,0.000000,0.000000,0.000000,-0.009240,-0.125160,0.066732,-0.028832,0.014368,-0.001856
1781257071792780527,2026-06-12T16:37:51.792800,ground_truth,0.119165,-0.055000,0.051972,True,,,,,,,,,-0.161991,0.280058,0.378521,0.000000,0.000000,0.000000,0.000000,0.000000,0.000000,-0.009240,-0.125160,0.066732,-0.028832,0.014368,-0.001856
1781257071823701576,2026-06-12T16:37:51.823722,ground_truth,0.130064,-0.164000,0.049231,True,,,,,,,,,-0.161991,0.280058,0.378521,0.000000,0.000000,0.000000,0.000000,0.000000,0.000000,-0.009240,-0.125160,0.066732,-0.028832,0.014368,-0.001856
1781257071869306698,2026-06-12T16:37:51.869327,ground_truth,0.122899,-0.130000,0.050086,True,,,,,,,,,-0.161991,0.280058,0.378521,0.000000,0.000000,0.000000,0.000000,0.000000,0.000000,-0.009240,-0.125160,0.066732,-0.028832,0.014368,-0.001856
1781257071899822405,2026-06-12T16:37:51.899840,ground_truth,0.125765,-0.121000,0.050313,True,,,,,,,,,-0.161991,0.280058,0.378521,0.000000,0.000000,0.000000,0.000000,0.000000,0.000000,-0.009240,-0.125160,0.066732,-0.028832,0.014368,-0.001856
1781257071924881531,2026-06-12T16:37:51.924902,ground_truth,0.123735,-0.138500,0.053657,True,,,,,,,,,-0.161991,0.280058,0.378521,0.000000,0.000000,0.000000,0.000000,0.000000,0.000000,-0.009240,-0.125160,0.066732,-0.028832,0.014368,-0.001856
1781257071959241321,2026-06-12T16:37:51.959265,ground_truth,0.126615,-0.129500,0.053869,True,,,,,,,,,-0.161991,0.280058,0.378521,0.000000,0.000000,0.000000,0.000000,0.000000,0.000000,-0.009240,-0.125160,0.066732,-0.028832,0.014368,-0.001856
1781257071998632115,2026-06-12T16:37:51.998684,ground_truth,0.125456,-0.156000,0.053246,True,,,,,,,,,-0.161991,0.280058,0.378521,0.000000,0.000000,0.000000,0.000000,0.000000,0.000000,-0.009240,-0.125160,0.066732,-0.028832,0.014368,-0.001856
1781257072031485854,2026-06-12T16:37:52.031505,ground_truth,0.124571,-0.147000,0.053457,True,,,,,,,,,-0.161991,0.280058,0.378521,0.000000,0.000000,0.000000,0.000000,0.000000,0.000000,-0.009240,-0.125160,0.066732,-0.028832,0.014368,-0.001856
1781257072058384639,2026-06-12T16:37:52.058399,ground_truth,0.121648,-0.156000,0.053246,True,,,,,,,,,-0.161991,0.280058,0.378521,0.000000,0.000000,0.000000,0.000000,0.000000,0.000000,-0.009240,-0.125160,0.066732,-0.028832,0.014368,-0.001856
1781257072094304234,2026-06-12T16:37:52.094321,ground_truth,0.125407,-0.155500,0.053258,True,,,,,,,,,-0.161991,0.280058,0.378521,0.000000,0.000000,0.000000,0.000000,0.000000,0.000000,-0.009240,-0.125160,0.066732,-0.028832,0.014368,-0.001856
1781257072124974673,2026-06-12T16:37:52.124996,ground_truth,0.120785,-0.108500,0.054362,True,,,,,,,,,-0.161991,0.280058,0.378521,0.000000,0.000000,0.000000,0.000000,0.000000,0.000000,-0.009240,-0.125160,0.066732,-0.028832,0.014368,-0.001856
1781257072164521164,2026-06-12T16:37:52.164541,ground_truth,0.125456,-0.156000,0.053246,True,,,,,,,,,-0.161991,0.280058,0.378521,0.000000,0.000000,0.000000,0.000000,0.000000,0.000000,-0.009240,-0.125160,0.066732,-0.028832,0.014368,-0.001856
1781257072198107535,2026-06-12T16:37:52.198128,ground_truth,0.121227,-0.113000,0.054256,True,,,,,,,,,-0.161991,0.280058,0.378521,0.000000,0.000000,0.000000,0.000000,0.000000,0.000000,-0.009240,-0.125160,0.066732,-0.028832,0.014368,-0.001856
1781257072226559359,2026-06-12T16:37:52.226580,ground_truth,0.113428,-0.071000,0.055243,True,,,,,,,,,-0.161991,0.280058,0.378521,0.000000,0.000000,0.000000,0.000000,0.000000,0.000000,-0.009240,-0.125160,0.066732,-0.028832,0.014368,-0.001856
1781257072259612229,2026-06-12T16:37:52.259634,ground_truth,0.117490,-0.113000,0.054256,True,,,,,,,,,-0.161991,0.280058,0.378521,0.000000,0.000000,0.000000,0.000000,0.000000,0.000000,-0.009240,-0.125160,0.066732,-0.028832,0.014368,-0.001856
1781257072293621854,2026-06-12T16:37:52.293646,ground_truth,0.123292,-0.173000,0.056688,True,,,,,,,,,-0.161991,0.280058,0.378521,0.000000,0.000000,0.000000,0.000000,0.000000,0.000000,-0.009240,-0.125160,0.066732,-0.028832,0.014368,-0.001856
1781257072324248075,2026-06-12T16:37:52.324272,ground_truth,0.122899,-0.130000,0.057627,True,,,,,,,,,-0.161991,0.280058,0.378521,0.000000,0.000000,0.000000,0.000000,0.000000,0.000000,-0.009240,-0.125160,0.066732,-0.028832,0.014368,-0.001856
1781257072357974711,2026-06-12T16:37:52.357995,ground_truth,0.122014,-0.121000,0.057824,True,,,,,,,,,-0.161991,0.280058,0.378521,0.000000,0.000000,0.000000,0.000000,0.000000,0.000000,-0.009240,-0.125160,0.066732,-0.028832,0.014368,-0.001856
1781257072401993346,2026-06-12T16:37:52.402014,ground_truth,0.122899,-0.130000,0.053857,True,,,,,,,,,-0.161991,0.280058,0.378521,0.000000,0.000000,0.000000,0.000000,0.000000,0.000000,-0.009240,-0.125160,0.066732,-0.028832,0.014368,-0.001856
1781257072427566864,2026-06-12T16:37:52.427588,ground_truth,0.116619,-0.104000,0.054468,True,,,,,,,,,-0.161991,0.280058,0.378521,0.000000,0.000000,0.000000,0.000000,0.000000,0.000000,-0.009240,-0.125160,0.066732,-0.028832,0.014368,-0.001856
1781257072458469433,2026-06-12T16:37:52.458494,ground_truth,0.119555,-0.096000,0.054656,True,,,,,,,,,-0.161991,0.280058,0.378521,0.000000,0.000000,0.000000,0.000000,0.000000,0.000000,-0.009240,-0.125160,0.066732,-0.028832,0.014368,-0.001856
1781257072491047878,2026-06-12T16:37:52.491070,ground_truth,0.117883,-0.079000,0.055055,True,,,,,,,,,-0.161991,0.280058,0.378521,0.000000,0.000000,0.000000,0.000000,0.000000,0.000000,-0.009240,-0.125160,0.066732,-0.028832,0.014368,-0.001856
1781257072526844270,2026-06-12T16:37:52.526866,ground_truth,0.122899,-0.130000,0.057627,True,,,,,,,,,-0.161991,0.280058,0.378521,0.000000,0.000000,0.000000,0.000000,0.000000,0.000000,-0.009240,-0.125160,0.066732,-0.028832,0.014368,-0.001856
1781257072560029514,2026-06-12T16:37:52.560057,ground_truth,0.123686,-0.138000,0.057453,True,,,,,,,,,-0.161991,0.280058,0.378521,0.000000,0.000000,0.000000,0.000000,0.000000,0.000000,-0.009240,-0.125160,0.066732,-0.028832,0.014368,-0.001856
1781257072593080779,2026-06-12T16:37:52.593101,ground_truth,0.119555,-0.096000,0.058371,True,,,,,,,,,-0.161991,0.280058,0.378521,0.000000,0.000000,0.000000,0.000000,0.000000,0.000000,-0.009240,-0.125160,0.066732,-0.028832,0.014368,-0.001856
1781257072625784143,2026-06-12T16:37:52.625805,ground_truth,0.122014,-0.121000,0.057824,True,,,,,,,,,-0.161991,0.280058,0.378521,0.000000,0.000000,0.000000,0.000000,0.000000,0.000000,-0.009240,-0.125160,0.066732,-0.028832,0.014368,-0.001856
1781257072658512251,2026-06-12T16:37:52.658535,ground_truth,0.121227,-0.113000,0.057999,True,,,,,,,,,-0.161991,0.280058,0.378521,0.000000,0.000000,0.000000,0.000000,0.000000,0.000000,-0.009240,-0.125160,0.066732,-0.028832,0.014368,-0.001856
1781257072694904521,2026-06-12T16:37:52.694927,ground_truth,0.128013,-0.182000,0.060347,True,,,,,,,,,-0.161360,0.281572,0.380035,0.000000,0.000000,0.000000,0.000000,0.000000,0.000000,-0.009240,-0.125160,0.066732,-0.028832,0.014368,-0.001856
1781257072732007696,2026-06-12T16:37:52.732027,ground_truth,0.124571,-0.147000,0.061054,True,,,,,,,,,-0.161360,0.281572,0.380035,0.000000,0.000000,0.000000,0.000000,0.000000,0.000000,-0.009240,-0.125160,0.066732,-0.028832,0.014368,-0.001856
1781257072765500641,2026-06-12T16:37:52.765533,ground_truth,0.120778,-0.147000,0.061054,True,,,,,,,,,-0.160681,0.284733,0.382999,0.000000,0.000000,0.000000,0.000000,0.000000,0.000000,-0.009240,-0.125160,0.066732,-0.028832,0.014368,-0.001856
1781257072801489886,2026-06-12T16:37:52.801510,ground_truth,0.121213,-0.151500,0.060963,True,,,,,,,,,-0.160681,0.284733,0.382999,0.000000,0.000000,0.000000,0.000000,0.000000,0.000000,-0.009240,-0.125160,0.066732,-0.028832,0.014368,-0.001856
1781257072828260326,2026-06-12T16:37:52.828278,ground_truth,0.119908,-0.138000,0.061236,True,,,,,,,,,-0.160007,0.289877,0.387073,0.000000,0.000000,0.000000,0.000000,0.000000,0.000000,-0.009240,-0.125160,0.066732,-0.028832,0.014368,-0.001856
1781257072859801417,2026-06-12T16:37:52.859826,ground_truth,0.127128,-0.173000,0.060529,True,,,,,,,,,-0.160007,0.289877,0.387073,0.000000,0.000000,0.000000,0.000000,0.000000,0.000000,-0.009240,-0.125160,0.066732,-0.028832,0.014368,-0.001856
1781257072895951588,2026-06-12T16:37:52.895972,ground_truth,0.128899,-0.191000,0.060165,True,,,,,,,,,-0.159350,0.296675,0.392574,0.000000,0.000000,0.000000,0.000000,0.000000,0.000000,-0.009240,-0.125160,0.066732,-0.028832,0.014368,-0.001856
1781257072930601946,2026-06-12T16:37:52.930616,ground_truth,0.124571,-0.147000,0.061054,True,,,,,,,,,-0.159350,0.296675,0.392574,0.000000,0.000000,0.000000,0.000000,0.000000,0.000000,-0.009240,-0.125160,0.066732,-0.028832,0.014368,-0.001856
1781257072963855833,2026-06-12T16:37:52.963874,ground_truth,0.117096,-0.071000,0.062591,True,,,,,,,,,-0.159142,0.302127,0.399773,0.000000,0.000000,0.000000,0.000000,0.000000,0.000000,-0.009240,-0.125160,0.066732,-0.028832,0.014368,-0.001856
1781257072999730108,2026-06-12T16:37:52.999749,ground_truth,0.120342,-0.104000,0.061924,True,,,,,,,,,-0.159142,0.302127,0.399773,0.000000,0.000000,0.000000,0.000000,0.000000,0.000000,-0.009240,-0.125160,0.066732,-0.028832,0.014368,-0.001856
1781257073031917387,2026-06-12T16:37:53.031934,ground_truth,0.128013,-0.182000,0.060347,True,,,,,,,,,-0.158897,0.305530,0.406196,0.000000,0.000000,0.000000,0.000000,0.000000,0.000000,-0.009240,-0.125160,0.066732,-0.028832,0.014368,-0.001856
1781257073086524027,2026-06-12T16:37:53.086540,ground_truth,0.122899,-0.130000,0.053857,True,,,,,,,,,-0.158865,0.307030,0.411446,0.000000,0.000000,0.000000,0.000000,0.000000,0.000000,-0.009240,-0.125160,0.066732,-0.028832,0.014368,-0.001856
1781257073118167660,2026-06-12T16:37:53.118183,ground_truth,0.122422,-0.164000,0.053058,True,,,,,,,,,-0.158865,0.307030,0.411446,0.000000,0.000000,0.000000,0.000000,0.000000,0.000000,-0.009240,-0.125160,0.066732,-0.028832,0.014368,-0.001856
1781257073153516066,2026-06-12T16:37:53.153532,ground_truth,0.122899,-0.130000,0.053857,True,,,,,,,,,-0.159415,0.301218,0.407889,0.000000,0.000000,0.000000,0.000000,0.000000,0.000000,-0.009240,-0.125160,0.066732,-0.028832,0.014368,-0.001856
1781257073187052192,2026-06-12T16:37:53.187075,ground_truth,0.125456,-0.156000,0.057059,True,,,,,,,,,-0.159415,0.301218,0.407889,0.000000,0.000000,0.000000,0.000000,0.000000,0.000000,-0.009240,-0.125160,0.066732,-0.028832,0.014368,-0.001856
1781257073217381787,2026-06-12T16:37:53.217405,ground_truth,0.120342,-0.104000,0.054468,True,,,,,,,,,-0.159786,0.299659,0.406329,0.000000,0.000000,0.000000,0.000000,0.000000,0.000000,-0.009240,-0.125160,0.066732,-0.028832,0.014368,-0.001856
1781257073250803325,2026-06-12T16:37:53.250833,ground_truth,0.122014,-0.121000,0.054068,True,,,,,,,,,-0.159786,0.299659,0.406329,0.000000,0.000000,0.000000,0.000000,0.000000,0.000000,-0.009240,-0.125160,0.066732,-0.028832,0.014368,-0.001856
1781257073282648167,2026-06-12T16:37:53.282676,ground_truth,0.125456,-0.156000,0.057059,True,,,,,,,,,-0.160255,0.296596,0.403155,0.000000,0.000000,0.000000,0.000000,0.000000,0.000000,-0.009240,-0.125160,0.066732,-0.028832,0.014368,-0.001856
1781257073316361786,2026-06-12T16:37:53.316378,ground_truth,0.124571,-0.147000,0.057256,True,,,,,,,,,-0.160255,0.296596,0.403155,0.000000,0.000000,0.000000,0.000000,0.000000,0.000000,-0.009240,-0.125160,0.066732,-0.028832,0.014368,-0.001856
1781257073349226082,2026-06-12T16:37:53.349244,ground_truth,0.126974,-0.096000,0.062085,True,,,,,,,,,-0.160775,0.292462,0.398015,0.000000,0.000000,0.000000,0.000000,0.000000,0.000000,-0.009240,-0.125160,0.066732,-0.028832,0.014368,-0.001856
1781257073386445817,2026-06-12T16:37:53.386461,ground_truth,0.123665,-0.100000,0.062004,True,,,,,,,,,-0.160775,0.292462,0.398015,0.000000,0.000000,0.000000,0.000000,0.000000,0.000000,-0.009240,-0.125160,0.066732,-0.028832,0.014368,-0.001856
1781257073416437027,2026-06-12T16:37:53.416454,ground_truth,0.117096,-0.071000,0.062591,True,,,,,,,,,-0.161298,0.287552,0.390796,0.000000,0.000000,0.000000,0.000000,0.000000,0.000000,-0.009240,-0.125160,0.066732,-0.028832,0.014368,-0.001856
1781257073447609714,2026-06-12T16:37:53.447626,ground_truth,0.119555,-0.096000,0.062085,True,,,,,,,,,-0.161298,0.287552,0.390796,0.000000,0.000000,0.000000,0.000000,0.000000,0.000000,-0.009240,-0.125160,0.066732,-0.028832,0.014368,-0.001856
1781257073476368509,2026-06-12T16:37:53.476387,ground_truth,0.121178,-0.112500,0.065494,True,,,,,,,,,-0.161683,0.283394,0.383985,0.000000,0.000000,0.000000,0.000000,0.000000,0.000000,-0.009240,-0.125160,0.066732,-0.028832,0.014368,-0.001856
1781257073503371756,2026-06-12T16:37:53.503386,ground_truth,0.122063,-0.121500,0.065326,True,,,,,,,,,-0.161683,0.283394,0.383985,0.000000,0.000000,0.000000,0.000000,0.000000,0.000000,-0.009240,-0.125160,0.066732,-0.028832,0.014368,-0.001856
1781257073533129506,2026-06-12T16:37:53.533147,ground_truth,0.118768,-0.088000,0.065949,True,,,,,,,,,-0.161683,0.283394,0.383985,0.000000,0.000000,0.000000,0.000000,0.000000,0.000000,-0.009240,-0.125160,0.066732,-0.028832,0.014368,-0.001856
1781257073563564351,2026-06-12T16:37:53.563579,ground_truth,0.120342,-0.104000,0.069379,True,,,,,,,,,-0.161963,0.280370,0.379032,0.000000,0.000000,0.000000,0.000000,0.000000,0.000000,-0.009240,-0.125160,0.066732,-0.028832,0.014368,-0.001856
1781257073594826380,2026-06-12T16:37:53.594842,ground_truth,0.114736,-0.047000,0.070344,True,,,,,,,,,-0.161963,0.280370,0.379032,0.000000,0.000000,0.000000,0.000000,0.000000,0.000000,-0.009240,-0.125160,0.066732,-0.028832,0.014368,-0.001856
1781257073630199013,2026-06-12T16:37:53.630214,ground_truth,0.116310,-0.063000,0.070073,True,,,,,,,,,-0.161833,0.278788,0.375809,0.000000,0.000000,0.000000,0.000000,0.000000,0.000000,-0.009240,-0.125160,0.066732,-0.028832,0.014368,-0.001856
1781257073660209790,2026-06-12T16:37:53.660228,ground_truth,0.112654,-0.063000,0.073734,True,,,,,,,,,-0.161833,0.278788,0.375809,0.000000,0.000000,0.000000,0.000000,0.000000,0.000000,-0.009240,-0.125160,0.066732,-0.028832,0.014368,-0.001856
1781257073696593497,2026-06-12T16:37:53.696612,ground_truth,0.105957,-0.031000,0.074223,True,,,,,,,,,-0.161461,0.278703,0.374154,0.000000,0.000000,0.000000,0.000000,0.000000,0.000000,-0.009240,-0.125160,0.066732,-0.028832,0.014368,-0.001856
1781257073727471103,2026-06-12T16:37:53.727487,ground_truth,0.103848,-0.047000,0.073978,True,,,,,,,,,-0.161461,0.278703,0.374154,0.000000,0.000000,0.000000,0.000000,0.000000,0.000000,-0.009240,-0.125160,0.066732,-0.028832,0.014368,-0.001856
1781257073759413963,2026-06-12T16:37:53.759429,ground_truth,0.100952,-0.016000,0.074452,True,,,,,,,,,-0.160891,0.280166,0.374077,0.000000,0.000000,0.000000,0.000000,0.000000,0.000000,-0.009240,-0.125160,0.066732,-0.028832,0.014368,-0.001856
1781257073793727267,2026-06-12T16:37:53.793744,ground_truth,0.102354,-0.031000,0.077831,True,,,,,,,,,-0.160891,0.280166,0.374077,0.000000,0.000000,0.000000,0.000000,0.000000,0.000000,-0.009240,-0.125160,0.066732,-0.028832,0.014368,-0.001856
1781257073831114186,2026-06-12T16:37:53.831129,ground_truth,0.110762,-0.121000,0.076603,True,,,,,,,,,-0.160131,0.283201,0.375579,0.000000,0.000000,0.000000,0.000000,0.000000,0.000000,-0.009240,-0.125160,0.066732,-0.028832,0.014368,-0.001856
1781257073860994500,2026-06-12T16:37:53.861008,ground_truth,0.106091,-0.071000,0.077285,True,,,,,,,,,-0.160131,0.283201,0.375579,0.000000,0.000000,0.000000,0.000000,0.000000,0.000000,-0.009240,-0.125160,0.066732,-0.028832,0.014368,-0.001856
1781257073897105723,2026-06-12T16:37:53.897121,ground_truth,0.103848,-0.047000,0.073978,True,,,,,,,,,-0.159202,0.288033,0.378328,0.000000,0.000000,0.000000,0.000000,0.000000,0.000000,-0.009240,-0.125160,0.066732,-0.028832,0.014368,-0.001856
1781257073928185224,2026-06-12T16:37:53.928200,ground_truth,0.106091,-0.071000,0.073612,True,,,,,,,,,-0.159202,0.288033,0.378328,0.000000,0.000000,0.000000,0.000000,0.000000,0.000000,-0.009240,-0.125160,0.066732,-0.028832,0.014368,-0.001856
1781257073959110554,2026-06-12T16:37:53.959127,ground_truth,0.109759,-0.071000,0.073612,True,,,,,,,,,-0.158069,0.294989,0.382054,0.000000,0.000000,0.000000,0.000000,0.000000,0.000000,-0.009240,-0.125160,0.066732,-0.028832,0.014368,-0.001856
1781257073998912817,2026-06-12T16:37:53.998929,ground_truth,0.112897,-0.104000,0.073107,True,,,,,,,,,-0.158069,0.294989,0.382054,0.000000,0.000000,0.000000,0.000000,0.000000,0.000000,-0.009240,-0.125160,0.066732,-0.028832,0.014368,-0.001856
1781257074031264401,2026-06-12T16:37:54.031277,ground_truth,0.112897,-0.104000,0.073107,True,,,,,,,,,-0.156697,0.303794,0.386477,0.000000,0.000000,0.000000,0.000000,0.000000,0.000000,-0.009240,-0.125160,0.066732,-0.028832,0.014368,-0.001856
1781257074064769772,2026-06-12T16:37:54.064786,ground_truth,0.117840,-0.156000,0.072312,True,,,,,,,,,-0.156697,0.303794,0.386477,0.000000,0.000000,0.000000,0.000000,0.000000,0.000000,-0.009240,-0.125160,0.066732,-0.028832,0.014368,-0.001856
1781257074096040987,2026-06-12T16:37:54.096059,ground_truth,0.108999,-0.063000,0.073734,True,,,,,,,,,-0.155281,0.312583,0.390902,0.000000,0.000000,0.000000,0.000000,0.000000,0.000000,-0.009240,-0.125160,0.066732,-0.028832,0.014368,-0.001856
1781257074126113580,2026-06-12T16:37:54.126131,ground_truth,0.108238,-0.055000,0.073856,True,,,,,,,,,-0.155281,0.312583,0.390902,0.000000,0.000000,0.000000,0.000000,0.000000,0.000000,-0.009240,-0.125160,0.066732,-0.028832,0.014368,-0.001856
1781257074161597313,2026-06-12T16:37:54.161615,ground_truth,0.110520,-0.079000,0.073489,True,,,,,,,,,-0.153714,0.321347,0.395455,0.000000,0.000000,0.000000,0.000000,0.000000,0.000000,-0.009240,-0.125160,0.066732,-0.028832,0.014368,-0.001856
1781257074197925039,2026-06-12T16:37:54.197944,ground_truth,0.109759,-0.071000,0.073612,True,,,,,,,,,-0.153714,0.321347,0.395455,0.000000,0.000000,0.000000,0.000000,0.000000,0.000000,-0.009240,-0.125160,0.066732,-0.028832,0.014368,-0.001856
1781257074232094040,2026-06-12T16:37:54.232111,ground_truth,0.108999,-0.063000,0.073734,True,,,,,,,,,-0.152155,0.330091,0.400028,0.000000,0.000000,0.000000,0.000000,0.000000,0.000000,-0.009240,-0.125160,0.066732,-0.028832,0.014368,-0.001856
1781257074259198065,2026-06-12T16:37:54.259213,ground_truth,0.109759,-0.071000,0.073612,True,,,,,,,,,-0.152155,0.330091,0.400028,0.000000,0.000000,0.000000,0.000000,0.000000,0.000000,-0.009240,-0.125160,0.066732,-0.028832,0.014368,-0.001856
1781257074292900788,2026-06-12T16:37:54.292915,ground_truth,0.099457,-0.000000,0.074697,True,,,,,,,,,-0.150680,0.338686,0.404939,0.000000,0.000000,0.000000,0.000000,0.000000,0.000000,-0.009240,-0.125160,0.066732,-0.028832,0.014368,-0.001856
1781257074336185152,2026-06-12T16:37:54.336204,ground_truth,0.099457,-0.000000,0.074697,True,,,,,,,,,-0.149056,0.347159,0.410088,0.000000,0.000000,0.000000,0.000000,0.000000,0.000000,-0.009240,-0.125160,0.066732,-0.028832,0.014368,-0.001856
1781257074366057593,2026-06-12T16:37:54.366078,ground_truth,0.101700,-0.024000,0.074330,True,,,,,,,,,-0.149056,0.347159,0.410088,0.000000,0.000000,0.000000,0.000000,0.000000,0.000000,-0.009240,-0.125160,0.066732,-0.028832,0.014368,-0.001856
1781257074392979071,2026-06-12T16:37:54.393005,ground_truth,0.098056,0.015000,0.074926,True,,,,,,,,,-0.149056,0.347159,0.410088,0.000000,0.000000,0.000000,0.000000,0.000000,0.000000,-0.009240,-0.125160,0.066732,-0.028832,0.014368,-0.001856
1781257074431880974,2026-06-12T16:37:54.431901,ground_truth,0.098056,0.015000,0.074926,True,,,,,,,,,-0.147447,0.356275,0.413729,0.000000,0.000000,0.000000,0.000000,0.000000,0.000000,-0.009240,-0.125160,0.066732,-0.028832,0.014368,-0.001856
1781257074459263764,2026-06-12T16:37:54.459290,ground_truth,0.096654,0.030000,0.075155,True,,,,,,,,,-0.147447,0.356275,0.413729,0.000000,0.000000,0.000000,0.000000,0.000000,0.000000,-0.009240,-0.125160,0.066732,-0.028832,0.014368,-0.001856
1781257074492391294,2026-06-12T16:37:54.492417,ground_truth,0.099457,-0.000000,0.078254,True,,,,,,,,,-0.145929,0.365836,0.416270,0.000000,0.000000,0.000000,0.000000,0.000000,0.000000,-0.009240,-0.125160,0.066732,-0.028832,0.014368,-0.001856
1781257074526034872,2026-06-12T16:37:54.526056,ground_truth,0.098056,0.015000,0.078458,True,,,,,,,,,-0.145929,0.365836,0.416270,0.000000,0.000000,0.000000,0.000000,0.000000,0.000000,-0.009240,-0.125160,0.066732,-0.028832,0.014368,-0.001856
1781257074558736607,2026-06-12T16:37:54.558757,ground_truth,0.097402,0.022000,0.078554,True,,,,,,,,,-0.144442,0.375568,0.418090,0.000000,0.000000,0.000000,0.000000,0.000000,0.000000,-0.009240,-0.125160,0.066732,-0.028832,0.014368,-0.001856
1781257074593832416,2026-06-12T16:37:54.593859,ground_truth,0.097402,0.022000,0.082075,True,,,,,,,,,-0.144442,0.375568,0.418090,0.000000,0.000000,0.000000,0.000000,0.000000,0.000000,-0.009240,-0.125160,0.066732,-0.028832,0.014368,-0.001856
1781257074627250273,2026-06-12T16:37:54.627275,ground_truth,0.095346,0.044000,0.082339,True,,,,,,,,,-0.143020,0.385373,0.419447,0.000000,0.000000,0.000000,0.000000,0.000000,0.000000,-0.009240,-0.125160,0.066732,-0.028832,0.014368,-0.001856
1781257074664401622,2026-06-12T16:37:54.664422,ground_truth,0.096000,0.037000,0.082255,True,,,,,,,,,-0.143020,0.385373,0.419447,0.000000,0.000000,0.000000,0.000000,0.000000,0.000000,-0.009240,-0.125160,0.066732,-0.028832,0.014368,-0.001856
1781257074696235784,2026-06-12T16:37:54.696261,ground_truth,0.092637,0.073000,0.086124,True,,,,,,,,,-0.141604,0.395176,0.420669,0.000000,0.000000,0.000000,0.000000,0.000000,0.000000,-0.009240,-0.125160,0.066732,-0.028832,0.014368,-0.001856
1781257074729150611,2026-06-12T16:37:54.729172,ground_truth,0.092637,0.073000,0.089561,True,,,,,,,,,-0.141604,0.395176,0.420669,0.000000,0.000000,0.000000,0.000000,0.000000,0.000000,-0.009240,-0.125160,0.066732,-0.028832,0.014368,-0.001856
1781257074759220952,2026-06-12T16:37:54.759244,ground_truth,0.095346,0.044000,0.089308,True,,,,,,,,,-0.140211,0.405036,0.421864,0.000000,0.000000,0.000000,0.000000,0.000000,0.000000,-0.009240,-0.125160,0.066732,-0.028832,0.014368,-0.001856
1781257074794484483,2026-06-12T16:37:54.794508,ground_truth,0.091983,0.080000,0.093047,True,,,,,,,,,-0.140211,0.405036,0.421864,0.000000,0.000000,0.000000,0.000000,0.000000,0.000000,-0.009240,-0.125160,0.066732,-0.028832,0.014368,-0.001856
1781257074828078111,2026-06-12T16:37:54.828097,ground_truth,0.092637,0.073000,0.099872,True,,,,,,,,,-0.139015,0.414856,0.423055,0.000000,0.000000,0.000000,0.000000,0.000000,0.000000,-0.009240,-0.125160,0.066732,-0.028832,0.014368,-0.001856
1781257074859477993,2026-06-12T16:37:54.859499,ground_truth,0.092637,0.073000,0.103309,True,,,,,,,,,-0.139015,0.414856,0.423055,0.000000,0.000000,0.000000,0.000000,0.000000,0.000000,-0.009240,-0.125160,0.066732,-0.028832,0.014368,-0.001856
1781257074893228409,2026-06-12T16:37:54.893250,ground_truth,0.091329,0.087000,0.110167,True,,,,,,,,,-0.137858,0.424686,0.424615,0.000000,0.000000,0.000000,0.000000,0.000000,0.000000,-0.009240,-0.125160,0.066732,-0.028832,0.014368,-0.001856
1781257074926716275,2026-06-12T16:37:54.926746,ground_truth,0.091329,0.087000,0.110167,True,,,,,,,,,-0.137858,0.424686,0.424615,0.000000,0.000000,0.000000,0.000000,0.000000,0.000000,-0.009240,-0.125160,0.066732,-0.028832,0.014368,-0.001856
1781257074962004776,2026-06-12T16:37:54.962025,ground_truth,0.088713,0.115000,0.113503,True,,,,,,,,,-0.136751,0.434421,0.426659,0.000000,0.000000,0.000000,0.000000,0.000000,0.000000,-0.009240,-0.125160,0.066732,-0.028832,0.014368,-0.001856
1781257074994815649,2026-06-12T16:37:54.994838,ground_truth,0.094073,0.094000,0.116964,True,,,,,,,,,-0.136751,0.434421,0.426659,0.000000,0.000000,0.000000,0.000000,0.000000,0.000000,-0.009240,-0.125160,0.066732,-0.028832,0.014368,-0.001856
1781257075026866744,2026-06-12T16:37:55.026884,ground_truth,0.094073,0.094000,0.120367,True,,,,,,,,,-0.135697,0.444022,0.429149,0.000000,0.000000,0.000000,0.000000,0.000000,0.000000,-0.009240,-0.125160,0.066732,-0.028832,0.014368,-0.001856
1781257075059311149,2026-06-12T16:37:55.059331,ground_truth,0.091411,0.122000,0.120197,True,,,,,,,,,-0.135697,0.444022,0.429149,0.000000,0.000000,0.000000,0.000000,0.000000,0.000000,-0.009240,-0.125160,0.066732,-0.028832,0.014368,-0.001856
1781257075098281717,2026-06-12T16:37:55.098301,ground_truth,0.090745,0.129000,0.120154,True,,,,,,,,,-0.134721,0.453600,0.432067,0.000000,0.000000,0.000000,0.000000,0.000000,0.000000,-0.009240,-0.125160,0.066732,-0.028832,0.014368,-0.001856
1781257075130727937,2026-06-12T16:37:55.130749,ground_truth,0.092076,0.115000,0.120239,True,,,,,,,,,-0.134721,0.453600,0.432067,0.000000,0.000000,0.000000,0.000000,0.000000,0.000000,-0.009240,-0.125160,0.066732,-0.028832,0.014368,-0.001856
1781257075159516458,2026-06-12T16:37:55.159538,ground_truth,0.092076,0.115000,0.120239,True,,,,,,,,,-0.133855,0.463032,0.435099,0.000000,0.000000,0.000000,0.000000,0.000000,0.000000,-0.009240,-0.125160,0.066732,-0.028832,0.014368,-0.001856
1781257075198140083,2026-06-12T16:37:55.198158,ground_truth,0.092076,0.115000,0.123607,True,,,,,,,,,-0.133855,0.463032,0.435099,0.000000,0.000000,0.000000,0.000000,0.000000,0.000000,-0.009240,-0.125160,0.066732,-0.028832,0.014368,-0.001856
1781257075225723153,2026-06-12T16:37:55.225746,ground_truth,0.086844,0.135000,0.123453,True,,,,,,,,,-0.133082,0.472441,0.438362,0.000000,0.000000,0.000000,0.000000,0.000000,0.000000,-0.009240,-0.125160,0.066732,-0.028832,0.014368,-0.001856
1781257075263334817,2026-06-12T16:37:55.263375,ground_truth,0.088059,0.122000,0.123553,True,,,,,,,,,-0.133082,0.472441,0.438362,0.000000,0.000000,0.000000,0.000000,0.000000,0.000000,-0.009240,-0.125160,0.066732,-0.028832,0.014368,-0.001856
1781257075297148430,2026-06-12T16:37:55.297173,ground_truth,0.083761,0.168000,0.119917,True,,,,,,,,,-0.132267,0.481757,0.441926,0.000000,0.000000,0.000000,0.000000,0.000000,0.000000,-0.009240,-0.125160,0.066732,-0.028832,0.014368,-0.001856
1781257075326478189,2026-06-12T16:37:55.326497,ground_truth,0.084322,0.162000,0.119954,True,,,,,,,,,-0.132267,0.481757,0.441926,0.000000,0.000000,0.000000,0.000000,0.000000,0.000000,-0.009240,-0.125160,0.066732,-0.028832,0.014368,-0.001856
1781257075358814545,2026-06-12T16:37:55.358858,ground_truth,0.079842,0.175000,0.119875,True,,,,,,,,,-0.131409,0.491113,0.445433,0.000000,0.000000,0.000000,0.000000,0.000000,0.000000,-0.009240,-0.125160,0.066732,-0.028832,0.014368,-0.001856
1781257075393882812,2026-06-12T16:37:55.393929,ground_truth,0.076036,0.181000,0.119838,True,,,,,,,,,-0.131409,0.491113,0.445433,0.000000,0.000000,0.000000,0.000000,0.000000,0.000000,-0.009240,-0.125160,0.066732,-0.028832,0.014368,-0.001856
1781257075426246284,2026-06-12T16:37:55.426278,ground_truth,0.068397,0.194000,0.119759,True,,,,,,,,,-0.130449,0.500539,0.448539,0.000000,0.000000,0.000000,0.000000,0.000000,0.000000,-0.009240,-0.125160,0.066732,-0.028832,0.014368,-0.001856
1781257075465364924,2026-06-12T16:37:55.465402,ground_truth,0.073932,0.168000,0.119917,True,,,,,,,,,-0.130449,0.500539,0.448539,0.000000,0.000000,0.000000,0.000000,0.000000,0.000000,-0.009240,-0.125160,0.066732,-0.028832,0.014368,-0.001856
1781257075498387659,2026-06-12T16:37:55.498419,ground_truth,0.066746,0.213000,0.116437,True,,,,,,,,,-0.129311,0.510084,0.451268,0.000000,0.000000,0.000000,0.000000,0.000000,0.000000,-0.009240,-0.125160,0.066732,-0.028832,0.014368,-0.001856
1781257075530817682,2026-06-12T16:37:55.530868,ground_truth,0.072781,0.181000,0.116579,True,,,,,,,,,-0.129311,0.510084,0.451268,0.000000,0.000000,0.000000,0.000000,0.000000,0.000000,-0.009240,-0.125160,0.066732,-0.028832,0.014368,-0.001856
1781257075559069833,2026-06-12T16:37:55.559091,ground_truth,0.071100,0.200000,0.116495,True,,,,,,,,,-0.127934,0.519725,0.453520,0.000000,0.000000,0.000000,0.000000,0.000000,0.000000,-0.009240,-0.125160,0.066732,-0.028832,0.014368,-0.001856
1781257075599108213,2026-06-12T16:37:55.599154,ground_truth,0.072162,0.188000,0.116548,True,,,,,,,,,-0.127934,0.519725,0.453520,0.000000,0.000000,0.000000,0.000000,0.000000,0.000000,-0.009240,-0.125160,0.066732,-0.028832,0.014368,-0.001856
1781257075641214618,2026-06-12T16:37:55.641258,ground_truth,0.069949,0.213000,0.119644,True,,,,,,,,,-0.126418,0.529508,0.455389,0.000000,0.000000,0.000000,0.000000,0.000000,0.000000,-0.009240,-0.125160,0.066732,-0.028832,0.014368,-0.001856
1781257075665307994,2026-06-12T16:37:55.665328,ground_truth,0.069418,0.219000,0.119608,True,,,,,,,,,-0.126418,0.529508,0.455389,0.000000,0.000000,0.000000,0.000000,0.000000,0.000000,-0.009240,-0.125160,0.066732,-0.028832,0.014368,-0.001856
1781257075696059784,2026-06-12T16:37:55.696080,ground_truth,0.067294,0.243000,0.122620,True,,,,,,,,,-0.124771,0.539166,0.456953,0.000000,0.000000,0.000000,0.000000,0.000000,0.000000,-0.009240,-0.125160,0.066732,-0.028832,0.014368,-0.001856
1781257075726073743,2026-06-12T16:37:55.726096,ground_truth,0.067294,0.243000,0.122620,True,,,,,,,,,-0.124771,0.539166,0.456953,0.000000,0.000000,0.000000,0.000000,0.000000,0.000000,-0.009240,-0.125160,0.066732,-0.028832,0.014368,-0.001856
1781257075759398118,2026-06-12T16:37:55.759417,ground_truth,0.059453,0.261000,0.122481,True,,,,,,,,,-0.123048,0.548985,0.458242,0.000000,0.000000,0.000000,0.000000,0.000000,0.000000,-0.009240,-0.125160,0.066732,-0.028832,0.014368,-0.001856
1781257075792635497,2026-06-12T16:37:55.792669,ground_truth,0.050081,0.261000,0.122481,True,,,,,,,,,-0.123048,0.548985,0.458242,0.000000,0.000000,0.000000,0.000000,0.000000,0.000000,-0.009240,-0.125160,0.066732,-0.028832,0.014368,-0.001856
1781257075830385021,2026-06-12T16:37:55.830402,ground_truth,0.050563,0.255000,0.125665,True,,,,,,,,,-0.121200,0.558732,0.459298,0.000000,0.000000,0.000000,0.000000,0.000000,0.000000,-0.009240,-0.125160,0.066732,-0.028832,0.014368,-0.001856
1781257075859011959,2026-06-12T16:37:55.859031,ground_truth,0.051045,0.249000,0.125721,True,,,,,,,,,-0.121200,0.558732,0.459298,0.000000,0.000000,0.000000,0.000000,0.000000,0.000000,-0.009240,-0.125160,0.066732,-0.028832,0.014368,-0.001856
1781257075901070729,2026-06-12T16:37:55.901091,ground_truth,0.050081,0.261000,0.128737,True,,,,,,,,,-0.119174,0.568471,0.460286,0.000000,0.000000,0.000000,0.000000,0.000000,0.000000,-0.009240,-0.125160,0.066732,-0.028832,0.014368,-0.001856
1781257075926039345,2026-06-12T16:37:55.926057,ground_truth,0.044676,0.290000,0.128418,True,,,,,,,,,-0.119174,0.568471,0.460286,0.000000,0.000000,0.000000,0.000000,0.000000,0.000000,-0.009240,-0.125160,0.066732,-0.028832,0.014368,-0.001856
1781257075966257777,2026-06-12T16:37:55.966279,ground_truth,0.049118,0.273000,0.128605,True,,,,,,,,,-0.117038,0.578211,0.461282,0.000000,0.000000,0.000000,0.000000,0.000000,0.000000,-0.009240,-0.125160,0.066732,-0.028832,0.014368,-0.001856
1781257075993008580,2026-06-12T16:37:55.993029,ground_truth,0.050563,0.255000,0.131941,True,,,,,,,,,-0.117038,0.578211,0.461282,0.000000,0.000000,0.000000,0.000000,0.000000,0.000000,-0.009240,-0.125160,0.066732,-0.028832,0.014368,-0.001856
1781257076026397228,2026-06-12T16:37:56.026421,ground_truth,0.049600,0.267000,0.131789,True,,,,,,,,,-0.114876,0.587963,0.462324,0.000000,0.000000,0.000000,0.000000,0.000000,0.000000,-0.009240,-0.125160,0.066732,-0.028832,0.014368,-0.001856
1781257076064867122,2026-06-12T16:37:56.064886,ground_truth,0.042867,0.313000,0.131208,True,,,,,,,,,-0.114876,0.587963,0.462324,0.000000,0.000000,0.000000,0.000000,0.000000,0.000000,-0.009240,-0.125160,0.066732,-0.028832,0.014368,-0.001856
1781257076095208897,2026-06-12T16:37:56.095222,ground_truth,0.044204,0.296000,0.134493,True,,,,,,,,,-0.112633,0.597569,0.463440,0.000000,0.000000,0.000000,0.000000,0.000000,0.000000,-0.009240,-0.125160,0.066732,-0.028832,0.014368,-0.001856
1781257076127735867,2026-06-12T16:37:56.127753,ground_truth,0.046387,0.307000,0.137389,True,,,,,,,,,-0.112633,0.597569,0.463440,0.000000,0.000000,0.000000,0.000000,0.000000,0.000000,-0.009240,-0.125160,0.066732,-0.028832,0.014368,-0.001856
1781257076162453418,2026-06-12T16:37:56.162473,ground_truth,0.043339,0.307000,0.137389,True,,,,,,,,,-0.110354,0.607239,0.464638,0.000000,0.000000,0.000000,0.000000,0.000000,0.000000,-0.009240,-0.125160,0.066732,-0.028832,0.014368,-0.001856
1781257076193710449,2026-06-12T16:37:56.193730,ground_truth,0.046869,0.301000,0.140547,True,,,,,,,,,-0.110354,0.607239,0.464638,0.000000,0.000000,0.000000,0.000000,0.000000,0.000000,-0.009240,-0.125160,0.066732,-0.028832,0.014368,-0.001856
1781257076227393645,2026-06-12T16:37:56.227408,ground_truth,0.044139,0.335000,0.139949,True,,,,,,,,,-0.108059,0.616903,0.465915,0.000000,0.000000,0.000000,0.000000,0.000000,0.000000,-0.009240,-0.125160,0.066732,-0.028832,0.014368,-0.001856
1781257076261063867,2026-06-12T16:37:56.261085,ground_truth,0.043737,0.340000,0.139861,True,,,,,,,,,-0.108059,0.616903,0.465915,0.000000,0.000000,0.000000,0.000000,0.000000,0.000000,-0.009240,-0.125160,0.066732,-0.028832,0.014368,-0.001856
1781257076293601874,2026-06-12T16:37:56.293623,ground_truth,0.043737,0.340000,0.142860,True,,,,,,,,,-0.105754,0.626566,0.467279,0.000000,0.000000,0.000000,0.000000,0.000000,0.000000,-0.009240,-0.125160,0.066732,-0.028832,0.014368,-0.001856
1781257076327180803,2026-06-12T16:37:56.327197,ground_truth,0.045504,0.318000,0.143283,True,,,,,,,,,-0.105754,0.626566,0.467279,0.000000,0.000000,0.000000,0.000000,0.000000,0.000000,-0.009240,-0.125160,0.066732,-0.028832,0.014368,-0.001856
1781257076360759217,2026-06-12T16:37:56.360778,ground_truth,0.041569,0.367000,0.142341,True,,,,,,,,,-0.103625,0.636179,0.468729,0.000000,0.000000,0.000000,0.000000,0.000000,0.000000,-0.009240,-0.125160,0.066732,-0.028832,0.014368,-0.001856
1781257076393606567,2026-06-12T16:37:56.393626,ground_truth,0.043256,0.346000,0.142744,True,,,,,,,,,-0.103625,0.636179,0.468729,0.000000,0.000000,0.000000,0.000000,0.000000,0.000000,-0.009240,-0.125160,0.066732,-0.028832,0.014368,-0.001856
1781257076434796736,2026-06-12T16:37:56.434817,ground_truth,0.041608,0.329000,0.143071,True,,,,,,,,,-0.101613,0.645868,0.470219,0.000000,0.000000,0.000000,0.000000,0.000000,0.000000,-0.009240,-0.125160,0.066732,-0.028832,0.014368,-0.001856
1781257076464260041,2026-06-12T16:37:56.464284,ground_truth,0.042002,0.324000,0.143167,True,,,,,,,,,-0.101613,0.645868,0.470219,0.000000,0.000000,0.000000,0.000000,0.000000,0.000000,-0.009240,-0.125160,0.066732,-0.028832,0.014368,-0.001856
1781257076496930495,2026-06-12T16:37:56.496950,ground_truth,0.037833,0.377000,0.142149,True,,,,,,,,,-0.099726,0.655549,0.471746,0.000000,0.000000,0.000000,0.000000,0.000000,0.000000,-0.009240,-0.125160,0.066732,-0.028832,0.014368,-0.001856
1781257076527184910,2026-06-12T16:37:56.527204,ground_truth,0.039485,0.356000,0.142552,True,,,,,,,,,-0.099726,0.655549,0.471746,0.000000,0.000000,0.000000,0.000000,0.000000,0.000000,-0.009240,-0.125160,0.066732,-0.028832,0.014368,-0.001856
1781257076561718726,2026-06-12T16:37:56.561740,ground_truth,0.041971,0.362000,0.145399,True,,,,,,,,,-0.097859,0.665268,0.473272,0.000000,0.000000,0.000000,0.000000,0.000000,0.000000,-0.009240,-0.125160,0.066732,-0.028832,0.014368,-0.001856
1781257076594172744,2026-06-12T16:37:56.594193,ground_truth,0.041569,0.367000,0.148249,True,,,,,,,,,-0.097859,0.665268,0.473272,0.000000,0.000000,0.000000,0.000000,0.000000,0.000000,-0.009240,-0.125160,0.066732,-0.028832,0.014368,-0.001856
1781257076633660100,2026-06-12T16:37:56.633690,ground_truth,0.044109,0.372000,0.151082,True,,,,,,,,,-0.096128,0.675165,0.474840,0.000000,0.000000,0.000000,0.000000,0.000000,0.000000,-0.009240,-0.125160,0.066732,-0.028832,0.014368,-0.001856
1781257076664194780,2026-06-12T16:37:56.664212,ground_truth,0.044109,0.372000,0.151082,True,,,,,,,,,-0.096128,0.675165,0.474840,0.000000,0.000000,0.000000,0.000000,0.000000,0.000000,-0.009240,-0.125160,0.066732,-0.028832,0.014368,-0.001856
1781257076693519751,2026-06-12T16:37:56.693532,ground_truth,0.044109,0.372000,0.154028,True,,,,,,,,,-0.094577,0.684744,0.476402,0.000000,0.000000,0.000000,0.000000,0.000000,0.000000,-0.009240,-0.125160,0.066732,-0.028832,0.014368,-0.001856
1781257076729496668,2026-06-12T16:37:56.729515,ground_truth,0.043700,0.377000,0.153899,True,,,,,,,,,-0.094577,0.684744,0.476402,0.000000,0.000000,0.000000,0.000000,0.000000,0.000000,-0.009240,-0.125160,0.066732,-0.028832,0.014368,-0.001856
1781257076769968426,2026-06-12T16:37:56.769983,ground_truth,0.044109,0.372000,0.156974,True,,,,,,,,,-0.093106,0.694512,0.478033,0.000000,0.000000,0.000000,0.000000,0.000000,0.000000,-0.009240,-0.125160,0.066732,-0.028832,0.014368,-0.001856
1781257076805952318,2026-06-12T16:37:56.805966,ground_truth,0.044109,0.372000,0.156974,True,,,,,,,,,-0.091677,0.704295,0.479733,0.000000,0.000000,0.000000,0.000000,0.000000,0.000000,-0.009240,-0.125160,0.066732,-0.028832,0.014368,-0.001856
1781257076832265219,2026-06-12T16:37:56.832286,ground_truth,0.043700,0.377000,0.156837,True,,,,,,,,,-0.091677,0.704295,0.479733,0.000000,0.000000,0.000000,0.000000,0.000000,0.000000,-0.009240,-0.125160,0.066732,-0.028832,0.014368,-0.001856
1781257076871106532,2026-06-12T16:37:56.871123,ground_truth,0.041159,0.408000,0.155986,True,,,,,,,,,-0.090311,0.714045,0.481539,0.000000,0.000000,0.000000,0.000000,0.000000,0.000000,-0.009240,-0.125160,0.066732,-0.028832,0.014368,-0.001856
1781257076907124085,2026-06-12T16:37:56.907148,ground_truth,0.042798,0.388000,0.156535,True,,,,,,,,,-0.090311,0.714045,0.481539,0.000000,0.000000,0.000000,0.000000,0.000000,0.000000,-0.009240,-0.125160,0.066732,-0.028832,0.014368,-0.001856
1781257076932452129,2026-06-12T16:37:56.932470,ground_truth,0.041979,0.398000,0.156261,True,,,,,,,,,-0.090311,0.714045,0.481539,0.000000,0.000000,0.000000,0.000000,0.000000,0.000000,-0.009240,-0.125160,0.066732,-0.028832,0.014368,-0.001856
1781257076963022599,2026-06-12T16:37:56.963042,ground_truth,0.040750,0.413000,0.155849,True,,,,,,,,,-0.089055,0.723887,0.483485,0.000000,0.000000,0.000000,0.000000,0.000000,0.000000,-0.009240,-0.125160,0.066732,-0.028832,0.014368,-0.001856
1781257076995495170,2026-06-12T16:37:56.995516,ground_truth,0.042798,0.388000,0.159454,True,,,,,,,,,-0.089055,0.723887,0.483485,0.000000,0.000000,0.000000,0.000000,0.000000,0.000000,-0.009240,-0.125160,0.066732,-0.028832,0.014368,-0.001856
1781257077032560423,2026-06-12T16:37:57.032581,ground_truth,0.041569,0.403000,0.159018,True,,,,,,,,,-0.087973,0.733513,0.485414,0.000000,0.000000,0.000000,0.000000,0.000000,0.000000,-0.009240,-0.125160,0.066732,-0.028832,0.014368,-0.001856
1781257077061248593,2026-06-12T16:37:57.061271,ground_truth,0.040340,0.418000,0.158582,True,,,,,,,,,-0.087973,0.733513,0.485414,0.000000,0.000000,0.000000,0.000000,0.000000,0.000000,-0.009240,-0.125160,0.066732,-0.028832,0.014368,-0.001856
1781257077097593565,2026-06-12T16:37:57.097607,ground_truth,0.038373,0.442000,0.157884,True,,,,,,,,,-0.086964,0.743220,0.487438,0.000000,0.000000,0.000000,0.000000,0.000000,0.000000,-0.009240,-0.125160,0.066732,-0.028832,0.014368,-0.001856
1781257077131631874,2026-06-12T16:37:57.131647,ground_truth,0.041159,0.408000,0.161760,True,,,,,,,,,-0.086964,0.743220,0.487438,0.000000,0.000000,0.000000,0.000000,0.000000,0.000000,-0.009240,-0.125160,0.066732,-0.028832,0.014368,-0.001856
1781257077166174553,2026-06-12T16:37:57.166188,ground_truth,0.038701,0.438000,0.160838,True,,,,,,,,,-0.085989,0.752943,0.489454,0.000000,0.000000,0.000000,0.000000,0.000000,0.000000,-0.009240,-0.125160,0.066732,-0.028832,0.014368,-0.001856
1781257077196972453,2026-06-12T16:37:57.196987,ground_truth,0.039111,0.433000,0.163837,True,,,,,,,,,-0.085989,0.752943,0.489454,0.000000,0.000000,0.000000,0.000000,0.000000,0.000000,-0.009240,-0.125160,0.066732,-0.028832,0.014368,-0.001856
1781257077228592215,2026-06-12T16:37:57.228609,ground_truth,0.030586,0.433000,0.166683,True,,,,,,,,,-0.085026,0.762715,0.491432,0.000000,0.000000,0.000000,0.000000,0.000000,0.000000,-0.009240,-0.125160,0.066732,-0.028832,0.014368,-0.001856
1781257077260482192,2026-06-12T16:37:57.260495,ground_truth,0.027367,0.438000,0.166513,True,,,,,,,,,-0.085026,0.762715,0.491432,0.000000,0.000000,0.000000,0.000000,0.000000,0.000000,-0.009240,-0.125160,0.066732,-0.028832,0.014368,-0.001856
1781257077294937866,2026-06-12T16:37:57.294951,ground_truth,0.022469,0.466000,0.168352,True,,,,,,,,,-0.083921,0.772482,0.493389,0.000000,0.000000,0.000000,0.000000,0.000000,0.000000,-0.009240,-0.125160,0.066732,-0.028832,0.014368,-0.001856
1781257077327915564,2026-06-12T16:37:57.327937,ground_truth,0.018233,0.447000,0.169029,True,,,,,,,,,-0.083921,0.772482,0.493389,0.000000,0.000000,0.000000,0.000000,0.000000,0.000000,-0.009240,-0.125160,0.066732,-0.028832,0.014368,-0.001856
1781257077367257507,2026-06-12T16:37:57.367281,ground_truth,0.014107,0.466000,0.171144,True,,,,,,,,,-0.082573,0.782182,0.495300,0.000000,0.000000,0.000000,0.000000,0.000000,0.000000,-0.009240,-0.125160,0.066732,-0.028832,0.014368,-0.001856
1781257077396720696,2026-06-12T16:37:57.396743,ground_truth,0.013762,0.471000,0.170957,True,,,,,,,,,-0.082573,0.782182,0.495300,0.000000,0.000000,0.000000,0.000000,0.000000,0.000000,-0.009240,-0.125160,0.066732,-0.028832,0.014368,-0.001856
1781257077427435990,2026-06-12T16:37:57.427463,ground_truth,0.008204,0.471000,0.170957,True,,,,,,,,,-0.080961,0.791914,0.497194,0.000000,0.000000,0.000000,0.000000,0.000000,0.000000,-0.009240,-0.125160,0.066732,-0.028832,0.014368,-0.001856
1781257077461662417,2026-06-12T16:37:57.461683,ground_truth,0.002805,0.512000,0.172144,True,,,,,,,,,-0.080961,0.791914,0.497194,0.000000,0.000000,0.000000,0.000000,0.000000,0.000000,-0.009240,-0.125160,0.066732,-0.028832,0.014368,-0.001856
1781257077493900238,2026-06-12T16:37:57.493918,ground_truth,-0.000468,0.521000,0.171794,True,,,,,,,,,-0.079005,0.801507,0.499079,0.000000,0.000000,0.000000,0.000000,0.000000,0.000000,-0.009240,-0.125160,0.066732,-0.028832,0.014368,-0.001856
1781257077528984157,2026-06-12T16:37:57.529003,ground_truth,-0.001526,0.538000,0.173805,True,,,,,,,,,-0.079005,0.801507,0.499079,0.000000,0.000000,0.000000,0.000000,0.000000,0.000000,-0.009240,-0.125160,0.066732,-0.028832,0.014368,-0.001856
1781257077561870222,2026-06-12T16:37:57.561890,ground_truth,-0.002619,0.512000,0.177576,True,,,,,,,,,-0.076748,0.811109,0.500846,0.000000,0.000000,0.000000,0.000000,0.000000,0.000000,-0.009240,-0.125160,0.066732,-0.028832,0.014368,-0.001856
1781257077596642295,2026-06-12T16:37:57.596683,ground_truth,-0.007396,0.547000,0.176098,True,,,,,,,,,-0.076748,0.811109,0.500846,0.000000,0.000000,0.000000,0.000000,0.000000,0.000000,-0.009240,-0.125160,0.066732,-0.028832,0.014368,-0.001856
1781257077627159099,2026-06-12T16:37:57.627187,ground_truth,-0.006629,0.534000,0.179326,True,,,,,,,,,-0.074289,0.820621,0.502553,0.000000,0.000000,0.000000,0.000000,0.000000,0.000000,-0.009240,-0.125160,0.066732,-0.028832,0.014368,-0.001856
1781257077661745859,2026-06-12T16:37:57.661766,ground_truth,-0.007867,0.555000,0.181051,True,,,,,,,,,-0.074289,0.820621,0.502553,0.000000,0.000000,0.000000,0.000000,0.000000,0.000000,-0.009240,-0.125160,0.066732,-0.028832,0.014368,-0.001856
1781257077694636986,2026-06-12T16:37:57.694659,ground_truth,-0.013150,0.555000,0.181051,True,,,,,,,,,-0.071603,0.830134,0.504241,0.000000,0.000000,0.000000,0.000000,0.000000,0.000000,-0.009240,-0.125160,0.066732,-0.028832,0.014368,-0.001856
1781257077728198476,2026-06-12T16:37:57.728213,ground_truth,-0.012927,0.551000,0.181233,True,,,,,,,,,-0.071603,0.830134,0.504241,0.000000,0.000000,0.000000,0.000000,0.000000,0.000000,-0.009240,-0.125160,0.066732,-0.028832,0.014368,-0.001856
1781257077762826381,2026-06-12T16:37:57.762843,ground_truth,-0.016927,0.576000,0.182706,True,,,,,,,,,-0.068774,0.839574,0.505851,0.000000,0.000000,0.000000,0.000000,0.000000,0.000000,-0.009240,-0.125160,0.066732,-0.028832,0.014368,-0.001856
1781257077795128696,2026-06-12T16:37:57.795152,ground_truth,-0.021735,0.568000,0.183083,True,,,,,,,,,-0.068774,0.839574,0.505851,0.000000,0.000000,0.000000,0.000000,0.000000,0.000000,-0.009240,-0.125160,0.066732,-0.028832,0.014368,-0.001856
1781257077831722625,2026-06-12T16:37:57.831742,ground_truth,-0.024109,0.563000,0.185951,True,,,,,,,,,-0.065872,0.849009,0.507395,0.000000,0.000000,0.000000,0.000000,0.000000,0.000000,-0.009240,-0.125160,0.066732,-0.028832,0.014368,-0.001856
1781257077865033274,2026-06-12T16:37:57.865053,ground_truth,-0.027355,0.576000,0.185316,True,,,,,,,,,-0.065872,0.849009,0.507395,0.000000,0.000000,0.000000,0.000000,0.000000,0.000000,-0.009240,-0.125160,0.066732,-0.028832,0.014368,-0.001856
1781257077899794431,2026-06-12T16:37:57.899811,ground_truth,-0.029183,0.559000,0.188784,True,,,,,,,,,-0.062891,0.858466,0.508909,0.000000,0.000000,0.000000,0.000000,0.000000,0.000000,-0.009240,-0.125160,0.066732,-0.028832,0.014368,-0.001856
1781257077943304451,2026-06-12T16:37:57.943328,ground_truth,-0.029779,0.572000,0.188129,True,,,,,,,,,-0.059855,0.867897,0.510430,0.000000,0.000000,0.000000,0.000000,0.000000,0.000000,-0.009240,-0.125160,0.066732,-0.028832,0.014368,-0.001856
1781257077979050185,2026-06-12T16:37:57.979079,ground_truth,-0.030512,0.588000,0.189913,True,,,,,,,,,-0.059855,0.867897,0.510430,0.000000,0.000000,0.000000,0.000000,0.000000,0.000000,-0.009240,-0.125160,0.066732,-0.028832,0.014368,-0.001856
1781257078009331849,2026-06-12T16:37:58.009355,ground_truth,-0.032215,0.568000,0.190954,True,,,,,,,,,-0.056796,0.877295,0.511958,0.000000,0.000000,0.000000,0.000000,0.000000,0.000000,-0.009240,-0.125160,0.066732,-0.028832,0.014368,-0.001856
1781257078043356329,2026-06-12T16:37:58.043383,ground_truth,-0.032923,0.584000,0.192718,True,,,,,,,,,-0.056796,0.877295,0.511958,0.000000,0.000000,0.000000,0.000000,0.000000,0.000000,-0.009240,-0.125160,0.066732,-0.028832,0.014368,-0.001856
1781257078089801238,2026-06-12T16:37:58.089828,ground_truth,-0.033630,0.600000,0.191859,True,,,,,,,,,-0.053659,0.886614,0.513559,0.000000,0.000000,0.000000,0.000000,0.000000,0.000000,-0.009240,-0.125160,0.066732,-0.028832,0.014368,-0.001856
1781257078120270998,2026-06-12T16:37:58.120294,ground_truth,-0.036879,0.616000,0.190999,True,,,,,,,,,-0.053659,0.886614,0.513559,0.000000,0.000000,0.000000,0.000000,0.000000,0.000000,-0.009240,-0.125160,0.066732,-0.028832,0.014368,-0.001856
1781257078153143065,2026-06-12T16:37:58.153170,ground_truth,-0.036538,0.608000,0.193987,True,,,,,,,,,-0.050418,0.895955,0.515204,0.000000,0.000000,0.000000,0.000000,0.000000,0.000000,-0.009240,-0.125160,0.066732,-0.028832,0.014368,-0.001856
1781257078189857868,2026-06-12T16:37:58.189881,ground_truth,-0.037390,0.628000,0.195405,True,,,,,,,,,-0.050418,0.895955,0.515204,0.000000,0.000000,0.000000,0.000000,0.000000,0.000000,-0.009240,-0.125160,0.066732,-0.028832,0.014368,-0.001856
1781257078220262918,2026-06-12T16:37:58.220283,ground_truth,-0.039584,0.620000,0.195861,True,,,,,,,,,-0.047141,0.905245,0.516862,0.000000,0.000000,0.000000,0.000000,0.000000,0.000000,-0.009240,-0.125160,0.066732,-0.028832,0.014368,-0.001856
1781257078250216381,2026-06-12T16:37:58.250245,ground_truth,-0.042119,0.620000,0.195861,True,,,,,,,,,-0.047141,0.905245,0.516862,0.000000,0.000000,0.000000,0.000000,0.000000,0.000000,-0.009240,-0.125160,0.066732,-0.028832,0.014368,-0.001856
1781257078279583132,2026-06-12T16:37:58.279607,ground_truth,-0.045670,0.647000,0.196816,True,,,,,,,,,-0.043824,0.914509,0.518546,0.000000,0.000000,0.000000,0.000000,0.000000,0.000000,-0.009240,-0.125160,0.066732,-0.028832,0.014368,-0.001856
1781257078308471226,2026-06-12T16:37:58.308499,ground_truth,-0.044804,0.624000,0.198165,True,,,,,,,,,-0.043824,0.914509,0.518546,0.000000,0.000000,0.000000,0.000000,0.000000,0.000000,-0.009240,-0.125160,0.066732,-0.028832,0.014368,-0.001856
1781257078339234613,2026-06-12T16:37:58.339260,ground_truth,-0.047584,0.631000,0.197754,True,,,,,,,,,-0.040467,0.923771,0.520266,0.000000,0.000000,0.000000,0.000000,0.000000,0.000000,-0.009240,-0.125160,0.066732,-0.028832,0.014368,-0.001856
1781257078370832951,2026-06-12T16:37:58.370856,ground_truth,-0.048413,0.654000,0.196406,True,,,,,,,,,-0.040467,0.923771,0.520266,0.000000,0.000000,0.000000,0.000000,0.000000,0.000000,-0.009240,-0.125160,0.066732,-0.028832,0.014368,-0.001856
1781257078404147955,2026-06-12T16:37:58.404168,ground_truth,-0.056067,0.661000,0.195995,True,,,,,,,,,-0.037105,0.933055,0.521989,0.000000,0.000000,0.000000,0.000000,0.000000,0.000000,-0.009240,-0.125160,0.066732,-0.028832,0.014368,-0.001856
1781257078436286960,2026-06-12T16:37:58.436317,ground_truth,-0.056658,0.680000,0.194881,True,,,,,,,,,-0.037105,0.933055,0.521989,0.000000,0.000000,0.000000,0.000000,0.000000,0.000000,-0.009240,-0.125160,0.066732,-0.028832,0.014368,-0.001856
1781257078468969800,2026-06-12T16:37:58.468989,ground_truth,-0.058653,0.665000,0.195760,True,,,,,,,,,-0.033786,0.942352,0.523619,0.000000,0.000000,0.000000,0.000000,0.000000,0.000000,-0.009240,-0.125160,0.066732,-0.028832,0.014368,-0.001856
1781257078499063229,2026-06-12T16:37:58.499079,ground_truth,-0.061308,0.672000,0.195350,True,,,,,,,,,-0.033786,0.942352,0.523619,0.000000,0.000000,0.000000,0.000000,0.000000,0.000000,-0.009240,-0.125160,0.066732,-0.028832,0.014368,-0.001856
1781257078534885961,2026-06-12T16:37:58.534905,ground_truth,-0.063679,0.669000,0.195526,True,,,,,,,,,-0.033786,0.942352,0.523619,0.000000,0.000000,0.000000,0.000000,0.000000,0.000000,-0.009240,-0.125160,0.066732,-0.028832,0.014368,-0.001856
1781257078563099818,2026-06-12T16:37:58.563118,ground_truth,-0.069000,0.687000,0.192042,True,,,,,,,,,-0.030520,0.951654,0.525132,0.000000,0.000000,0.000000,0.000000,0.000000,0.000000,-0.009240,-0.125160,0.066732,-0.028832,0.014368,-0.001856
1781257078597594844,2026-06-12T16:37:58.597612,ground_truth,-0.071276,0.680000,0.192441,True,,,,,,,,,-0.030520,0.951654,0.525132,0.000000,0.000000,0.000000,0.000000,0.000000,0.000000,-0.009240,-0.125160,0.066732,-0.028832,0.014368,-0.001856
1781257078630329412,2026-06-12T16:37:58.630348,ground_truth,-0.071574,0.694000,0.191643,True,,,,,,,,,-0.027206,0.960954,0.526467,0.000000,0.000000,0.000000,0.000000,0.000000,0.000000,-0.009240,-0.125160,0.066732,-0.028832,0.014368,-0.001856
1781257078662997703,2026-06-12T16:37:58.663018,ground_truth,-0.071489,0.690000,0.194294,True,,,,,,,,,-0.027206,0.960954,0.526467,0.000000,0.000000,0.000000,0.000000,0.000000,0.000000,-0.009240,-0.125160,0.066732,-0.028832,0.014368,-0.001856
1781257078698229244,2026-06-12T16:37:58.698247,ground_truth,-0.071340,0.683000,0.194705,True,,,,,,,,,-0.023815,0.970281,0.527683,0.000000,0.000000,0.000000,0.000000,0.000000,0.000000,-0.009240,-0.125160,0.066732,-0.028832,0.014368,-0.001856
1781257078728992523,2026-06-12T16:37:58.729008,ground_truth,-0.073850,0.687000,0.194470,True,,,,,,,,,-0.023815,0.970281,0.527683,0.000000,0.000000,0.000000,0.000000,0.000000,0.000000,-0.009240,-0.125160,0.066732,-0.028832,0.014368,-0.001856
1781257078763942105,2026-06-12T16:37:58.763958,ground_truth,-0.073987,0.694000,0.194060,True,,,,,,,,,-0.020347,0.979652,0.528807,0.000000,0.000000,0.000000,0.000000,0.000000,0.000000,-0.009240,-0.125160,0.066732,-0.028832,0.014368,-0.001856
1781257078798481024,2026-06-12T16:37:58.798496,ground_truth,-0.076203,0.683000,0.194705,True,,,,,,,,,-0.020347,0.979652,0.528807,0.000000,0.000000,0.000000,0.000000,0.000000,0.000000,-0.009240,-0.125160,0.066732,-0.028832,0.014368,-0.001856
1781257078829499635,2026-06-12T16:37:58.829514,ground_truth,-0.078928,0.701000,0.193649,True,,,,,,,,,-0.016857,0.988936,0.529816,0.000000,0.000000,0.000000,0.000000,0.000000,0.000000,-0.009240,-0.125160,0.066732,-0.028832,0.014368,-0.001856
1781257078864274516,2026-06-12T16:37:58.864291,ground_truth,-0.081169,0.690000,0.191871,True,,,,,,,,,-0.016857,0.988936,0.529816,0.000000,0.000000,0.000000,0.000000,0.000000,0.000000,-0.009240,-0.125160,0.066732,-0.028832,0.014368,-0.001856
1781257078897741609,2026-06-12T16:37:58.897757,ground_truth,-0.083732,0.701000,0.191244,True,,,,,,,,,-0.013286,0.998210,0.530718,0.000000,0.000000,0.000000,0.000000,0.000000,0.000000,-0.009240,-0.125160,0.066732,-0.028832,0.014368,-0.001856
1781257078941021406,2026-06-12T16:37:58.941037,ground_truth,-0.083915,0.715000,0.190446,True,,,,,,,,,-0.009594,1.007683,0.531591,0.000000,0.000000,0.000000,0.000000,0.000000,0.000000,-0.009240,-0.125160,0.066732,-0.028832,0.014368,-0.001856
1781257078970988597,2026-06-12T16:37:58.971011,ground_truth,-0.083915,0.715000,0.190446,True,,,,,,,,,-0.009594,1.007683,0.531591,0.000000,0.000000,0.000000,0.000000,0.000000,0.000000,-0.009240,-0.125160,0.066732,-0.028832,0.014368,-0.001856
1781257078997830327,2026-06-12T16:37:58.997852,ground_truth,-0.086294,0.715000,0.190446,True,,,,,,,,,-0.009594,1.007683,0.531591,0.000000,0.000000,0.000000,0.000000,0.000000,0.000000,-0.009240,-0.125160,0.066732,-0.028832,0.014368,-0.001856
1781257079029427864,2026-06-12T16:37:59.029446,ground_truth,-0.086408,0.725000,0.189876,True,,,,,,,,,-0.005914,1.016804,0.532297,0.000000,0.000000,0.000000,0.000000,0.000000,0.000000,-0.009240,-0.125160,0.066732,-0.028832,0.014368,-0.001856
1781257079062596576,2026-06-12T16:37:59.062614,ground_truth,-0.086408,0.725000,0.189876,True,,,,,,,,,-0.005914,1.016804,0.532297,0.000000,0.000000,0.000000,0.000000,0.000000,0.000000,-0.009240,-0.125160,0.066732,-0.028832,0.014368,-0.001856
1781257079095119802,2026-06-12T16:37:59.095153,ground_truth,-0.091019,0.711000,0.188285,True,,,,,,,,,-0.002199,1.026002,0.532931,0.000000,0.000000,0.000000,0.000000,0.000000,0.000000,-0.009240,-0.125160,0.066732,-0.028832,0.014368,-0.001856
1781257079131740178,2026-06-12T16:37:59.131758,ground_truth,-0.091051,0.715000,0.188064,True,,,,,,,,,-0.002199,1.026002,0.532931,0.000000,0.000000,0.000000,0.000000,0.000000,0.000000,-0.009240,-0.125160,0.066732,-0.028832,0.014368,-0.001856
1781257079162489522,2026-06-12T16:37:59.162509,ground_truth,-0.093495,0.725000,0.187510,True,,,,,,,,,0.001570,1.035229,0.533497,0.000000,0.000000,0.000000,0.000000,0.000000,0.000000,-0.009240,-0.125160,0.066732,-0.028832,0.014368,-0.001856
1781257079196935668,2026-06-12T16:37:59.196950,ground_truth,-0.093560,0.735000,0.186956,True,,,,,,,,,0.001570,1.035229,0.533497,0.000000,0.000000,0.000000,0.000000,0.000000,0.000000,-0.009240,-0.125160,0.066732,-0.028832,0.014368,-0.001856
1781257079231599007,2026-06-12T16:37:59.231613,ground_truth,-0.093469,0.721000,0.187731,True,,,,,,,,,0.005447,1.044454,0.533963,0.000000,0.000000,0.000000,0.000000,0.000000,0.000000,-0.009240,-0.125160,0.066732,-0.028832,0.014368,-0.001856
1781257079275346669,2026-06-12T16:37:59.275361,ground_truth,-0.093534,0.731000,0.187178,True,,,,,,,,,0.009357,1.053698,0.534378,0.000000,0.000000,0.000000,0.000000,0.000000,0.000000,-0.009240,-0.125160,0.066732,-0.028832,0.014368,-0.001856
1781257079302202947,2026-06-12T16:37:59.302216,ground_truth,-0.093560,0.735000,0.186956,True,,,,,,,,,0.009357,1.053698,0.534378,0.000000,0.000000,0.000000,0.000000,0.000000,0.000000,-0.009240,-0.125160,0.066732,-0.028832,0.014368,-0.001856
1781257079338600202,2026-06-12T16:37:59.338621,ground_truth,-0.093450,0.718000,0.187897,True,,,,,,,,,0.013252,1.062901,0.534678,0.000000,0.000000,0.000000,0.000000,0.000000,0.000000,-0.009240,-0.125160,0.066732,-0.028832,0.014368,-0.001856
1781257079368209616,2026-06-12T16:37:59.368225,ground_truth,-0.093560,0.735000,0.186956,True,,,,,,,,,0.013252,1.062901,0.534678,0.000000,0.000000,0.000000,0.000000,0.000000,0.000000,-0.009240,-0.125160,0.066732,-0.028832,0.014368,-0.001856
1781257079394912308,2026-06-12T16:37:59.394932,ground_truth,-0.093534,0.731000,0.187178,True,,,,,,,,,0.013252,1.062901,0.534678,0.000000,0.000000,0.000000,0.000000,0.000000,0.000000,-0.009240,-0.125160,0.066732,-0.028832,0.014368,-0.001856
1781257079429950671,2026-06-12T16:37:59.429968,ground_truth,-0.093469,0.721000,0.187731,True,,,,,,,,,0.017091,1.072146,0.534865,0.000000,0.000000,0.000000,0.000000,0.000000,0.000000,-0.009240,-0.125160,0.066732,-0.028832,0.014368,-0.001856
1781257079464450677,2026-06-12T16:37:59.464472,ground_truth,-0.093560,0.735000,0.186956,True,,,,,,,,,0.017091,1.072146,0.534865,0.000000,0.000000,0.000000,0.000000,0.000000,0.000000,-0.009240,-0.125160,0.066732,-0.028832,0.014368,-0.001856
1781257079499018530,2026-06-12T16:37:59.499034,ground_truth,-0.091262,0.741000,0.186624,True,,,,,,,,,0.020893,1.081324,0.535003,0.000000,0.000000,0.000000,0.000000,0.000000,0.000000,-0.009240,-0.125160,0.066732,-0.028832,0.014368,-0.001856
1781257079530745850,2026-06-12T16:37:59.530765,ground_truth,-0.093579,0.738000,0.186790,True,,,,,,,,,0.020893,1.081324,0.535003,0.000000,0.000000,0.000000,0.000000,0.000000,0.000000,-0.009240,-0.125160,0.066732,-0.028832,0.014368,-0.001856
1781257079562464872,2026-06-12T16:37:59.562486,ground_truth,-0.095921,0.738000,0.186790,True,,,,,,,,,0.024687,1.090574,0.535088,0.000000,0.000000,0.000000,0.000000,0.000000,0.000000,-0.009240,-0.125160,0.066732,-0.028832,0.014368,-0.001856
1781257079595126296,2026-06-12T16:37:59.595142,ground_truth,-0.098262,0.738000,0.186790,True,,,,,,,,,0.024687,1.090574,0.535088,0.000000,0.000000,0.000000,0.000000,0.000000,0.000000,-0.009240,-0.125160,0.066732,-0.028832,0.014368,-0.001856
1781257079629058933,2026-06-12T16:37:59.629074,ground_truth,-0.098284,0.745000,0.186403,True,,,,,,,,,0.028516,1.099811,0.535135,0.000000,0.000000,0.000000,0.000000,0.000000,0.000000,-0.009240,-0.125160,0.066732,-0.028832,0.014368,-0.001856
1781257079667719903,2026-06-12T16:37:59.667740,ground_truth,-0.098271,0.741000,0.186624,True,,,,,,,,,0.028516,1.099811,0.535135,0.000000,0.000000,0.000000,0.000000,0.000000,0.000000,-0.009240,-0.125160,0.066732,-0.028832,0.014368,-0.001856
1781257079701602804,2026-06-12T16:37:59.701622,ground_truth,-0.098262,0.738000,0.189135,True,,,,,,,,,0.032352,1.109098,0.535168,0.000000,0.000000,0.000000,0.000000,0.000000,0.000000,-0.009240,-0.125160,0.066732,-0.028832,0.014368,-0.001856
1781257079735561042,2026-06-12T16:37:59.735578,ground_truth,-0.098262,0.738000,0.189135,True,,,,,,,,,0.032352,1.109098,0.535168,0.000000,0.000000,0.000000,0.000000,0.000000,0.000000,-0.009240,-0.125160,0.066732,-0.028832,0.014368,-0.001856
1781257079762607066,2026-06-12T16:37:59.762622,ground_truth,-0.098262,0.738000,0.189135,True,,,,,,,,,0.032352,1.109098,0.535168,0.000000,0.000000,0.000000,0.000000,0.000000,0.000000,-0.009240,-0.125160,0.066732,-0.028832,0.014368,-0.001856
1781257079801967139,2026-06-12T16:37:59.801989,ground_truth,-0.098252,0.735000,0.189306,True,,,,,,,,,0.032352,1.109098,0.535168,0.000000,0.000000,0.000000,0.000000,0.000000,0.000000,-0.009240,-0.125160,0.066732,-0.028832,0.014368,-0.001856
1781257079828951745,2026-06-12T16:37:59.828974,ground_truth,-0.098271,0.741000,0.188964,True,,,,,,,,,0.037985,1.122999,0.535278,0.000000,0.000000,0.000000,0.000000,0.000000,0.000000,-0.009240,-0.125160,0.066732,-0.028832,0.014368,-0.001856
1781257079866375206,2026-06-12T16:37:59.866402,ground_truth,-0.098271,0.741000,0.188964,True,,,,,,,,,0.037985,1.122999,0.535278,0.000000,0.000000,0.000000,0.000000,0.000000,0.000000,-0.009240,-0.125160,0.066732,-0.028832,0.014368,-0.001856
1781257079902281345,2026-06-12T16:37:59.902301,ground_truth,-0.098284,0.745000,0.188736,True,,,,,,,,,0.037985,1.122999,0.535278,0.000000,0.000000,0.000000,0.000000,0.000000,0.000000,-0.009240,-0.125160,0.066732,-0.028832,0.014368,-0.001856
1781257079935954913,2026-06-12T16:37:59.935970,ground_truth,-0.098335,0.761000,0.187824,True,,,,,,,,,0.043718,1.136859,0.535502,0.000000,0.000000,0.000000,0.000000,0.000000,0.000000,-0.009240,-0.125160,0.066732,-0.028832,0.014368,-0.001856
1781257079973668005,2026-06-12T16:37:59.973695,ground_truth,-0.098326,0.758000,0.187995,True,,,,,,,,,0.043718,1.136859,0.535502,0.000000,0.000000,0.000000,0.000000,0.000000,0.000000,-0.009240,-0.125160,0.066732,-0.028832,0.014368,-0.001856
1781257080001506597,2026-06-12T16:38:00.001530,ground_truth,-0.098326,0.758000,0.187995,True,,,,,,,,,0.043718,1.136859,0.535502,0.000000,0.000000,0.000000,0.000000,0.000000,0.000000,-0.009240,-0.125160,0.066732,-0.028832,0.014368,-0.001856
1781257080039902507,2026-06-12T16:38:00.039923,ground_truth,-0.098303,0.751000,0.190717,True,,,,,,,,,0.047453,1.146088,0.535659,0.000000,0.000000,0.000000,0.000000,0.000000,0.000000,-0.009240,-0.125160,0.066732,-0.028832,0.014368,-0.001856
1781257080070828807,2026-06-12T16:38:00.070845,ground_truth,-0.098262,0.738000,0.191479,True,,,,,,,,,0.051099,1.155346,0.535892,0.000000,0.000000,0.000000,0.000000,0.000000,0.000000,-0.009240,-0.125160,0.066732,-0.028832,0.014368,-0.001856
1781257080098255578,2026-06-12T16:38:00.098276,ground_truth,-0.100623,0.751000,0.193040,True,,,,,,,,,0.051099,1.155346,0.535892,0.000000,0.000000,0.000000,0.000000,0.000000,0.000000,-0.009240,-0.125160,0.066732,-0.028832,0.014368,-0.001856
1781257080132317032,2026-06-12T16:38:00.132343,ground_truth,-0.100619,0.748000,0.193221,True,,,,,,,,,0.051099,1.155346,0.535892,0.000000,0.000000,0.000000,0.000000,0.000000,0.000000,-0.009240,-0.125160,0.066732,-0.028832,0.014368,-0.001856
1781257080165832644,2026-06-12T16:38:00.165854,ground_truth,-0.100623,0.751000,0.193040,True,,,,,,,,,0.054654,1.164802,0.536481,0.000000,0.000000,0.000000,0.000000,0.000000,0.000000,-0.009240,-0.125160,0.066732,-0.028832,0.014368,-0.001856
1781257080203551397,2026-06-12T16:38:00.203573,ground_truth,-0.100619,0.748000,0.193221,True,,,,,,,,,0.054654,1.164802,0.536481,0.000000,0.000000,0.000000,0.000000,0.000000,0.000000,-0.009240,-0.125160,0.066732,-0.028832,0.014368,-0.001856
1781257080231447927,2026-06-12T16:38:00.231495,ground_truth,-0.100619,0.748000,0.193221,True,,,,,,,,,0.054654,1.164802,0.536481,0.000000,0.000000,0.000000,0.000000,0.000000,0.000000,-0.009240,-0.125160,0.066732,-0.028832,0.014368,-0.001856
1781257080264610080,2026-06-12T16:38:00.264642,ground_truth,-0.100623,0.751000,0.195363,True,,,,,,,,,0.054654,1.164802,0.536481,0.000000,0.000000,0.000000,0.000000,0.000000,0.000000,-0.009240,-0.125160,0.066732,-0.028832,0.014368,-0.001856
1781257080298073024,2026-06-12T16:38:00.298086,ground_truth,-0.100603,0.738000,0.196168,True,,,,,,,,,0.059741,1.178820,0.538098,0.000000,0.000000,0.000000,0.000000,0.000000,0.000000,-0.009240,-0.125160,0.066732,-0.028832,0.014368,-0.001856
1781257080333283576,2026-06-12T16:38:00.333301,ground_truth,-0.100598,0.735000,0.196354,True,,,,,,,,,0.059741,1.178820,0.538098,0.000000,0.000000,0.000000,0.000000,0.000000,0.000000,-0.009240,-0.125160,0.066732,-0.028832,0.014368,-0.001856
1781257080373930209,2026-06-12T16:38:00.373950,ground_truth,-0.102944,0.738000,0.193824,True,,,,,,,,,0.062342,1.186094,0.539111,0.000000,0.000000,0.000000,0.000000,0.000000,0.000000,-0.009240,-0.125160,0.066732,-0.028832,0.014368,-0.001856
1781257080405237999,2026-06-12T16:38:00.405258,ground_truth,-0.102945,0.725000,0.194607,True,,,,,,,,,0.064438,1.191225,0.540404,0.000000,0.000000,0.000000,0.000000,0.000000,0.000000,-0.009240,-0.125160,0.066732,-0.028832,0.014368,-0.001856
1781257080434621715,2026-06-12T16:38:00.434641,ground_truth,-0.102945,0.735000,0.194005,True,,,,,,,,,0.064438,1.191225,0.540404,0.000000,0.000000,0.000000,0.000000,0.000000,0.000000,-0.009240,-0.125160,0.066732,-0.028832,0.014368,-0.001856
1781257080466067254,2026-06-12T16:38:00.466085,ground_truth,-0.102945,0.725000,0.194607,True,,,,,,,,,0.064438,1.191225,0.540404,0.000000,0.000000,0.000000,0.000000,0.000000,0.000000,-0.009240,-0.125160,0.066732,-0.028832,0.014368,-0.001856
1781257080497039144,2026-06-12T16:38:00.497063,ground_truth,-0.102947,0.708000,0.195632,True,,,,,,,,,0.064324,1.187742,0.541238,0.000000,0.000000,0.000000,0.000000,0.000000,0.000000,-0.009240,-0.125160,0.066732,-0.028832,0.014368,-0.001856
1781257080538307853,2026-06-12T16:38:00.538330,ground_truth,-0.100588,0.728000,0.194427,True,,,,,,,,,0.064654,1.185587,0.541748,0.000000,0.000000,0.000000,0.000000,0.000000,0.000000,-0.009240,-0.125160,0.066732,-0.028832,0.014368,-0.001856
1781257080569882838,2026-06-12T16:38:00.569901,ground_truth,-0.100577,0.721000,0.194849,True,,,,,,,,,0.064654,1.185587,0.541748,0.000000,0.000000,0.000000,0.000000,0.000000,0.000000,-0.009240,-0.125160,0.066732,-0.028832,0.014368,-0.001856
1781257080600453825,2026-06-12T16:38:00.600471,ground_truth,-0.100567,0.715000,0.195210,True,,,,,,,,,0.064654,1.185587,0.541748,0.000000,0.000000,0.000000,0.000000,0.000000,0.000000,-0.009240,-0.125160,0.066732,-0.028832,0.014368,-0.001856
1781257080631890207,2026-06-12T16:38:00.631906,ground_truth,-0.098144,0.701000,0.196054,True,,,,,,,,,0.065109,1.181238,0.542450,0.000000,0.000000,0.000000,0.000000,0.000000,0.000000,-0.009240,-0.125160,0.066732,-0.028832,0.014368,-0.001856
1781257080665254289,2026-06-12T16:38:00.665270,ground_truth,-0.098188,0.715000,0.195210,True,,,,,,,,,0.065109,1.181238,0.542450,0.000000,0.000000,0.000000,0.000000,0.000000,0.000000,-0.009240,-0.125160,0.066732,-0.028832,0.014368,-0.001856
1781257080700923161,2026-06-12T16:38:00.700938,ground_truth,-0.098144,0.701000,0.196054,True,,,,,,,,,0.065109,1.181238,0.542450,0.000000,0.000000,0.000000,0.000000,0.000000,0.000000,-0.009240,-0.125160,0.066732,-0.028832,0.014368,-0.001856
1781257080734197974,2026-06-12T16:38:00.734213,ground_truth,-0.093249,0.687000,0.196898,True,,,,,,,,,0.065109,1.181238,0.542450,0.000000,0.000000,0.000000,0.000000,0.000000,0.000000,-0.009240,-0.125160,0.066732,-0.028832,0.014368,-0.001856
1781257080773548132,2026-06-12T16:38:00.773567,ground_truth,-0.093249,0.687000,0.196898,True,,,,,,,,,0.064771,1.170657,0.543276,0.000000,0.000000,0.000000,0.000000,0.000000,0.000000,-0.009240,-0.125160,0.066732,-0.028832,0.014368,-0.001856
1781257080809479152,2026-06-12T16:38:00.809497,ground_truth,-0.093204,0.680000,0.194881,True,,,,,,,,,0.064010,1.164872,0.543579,0.000000,0.000000,0.000000,0.000000,0.000000,0.000000,-0.009240,-0.125160,0.066732,-0.028832,0.014368,-0.001856
1781257080842209528,2026-06-12T16:38:00.842232,ground_truth,-0.093178,0.676000,0.195115,True,,,,,,,,,0.064010,1.164872,0.543579,0.000000,0.000000,0.000000,0.000000,0.000000,0.000000,-0.009240,-0.125160,0.066732,-0.028832,0.014368,-0.001856
1781257080870919521,2026-06-12T16:38:00.870940,ground_truth,-0.093204,0.680000,0.194881,True,,,,,,,,,0.063182,1.158301,0.543530,0.000000,0.000000,0.000000,0.000000,0.000000,0.000000,-0.009240,-0.125160,0.066732,-0.028832,0.014368,-0.001856
1781257080907843263,2026-06-12T16:38:00.907861,ground_truth,-0.093204,0.680000,0.194881,True,,,,,,,,,0.063182,1.158301,0.543530,0.000000,0.000000,0.000000,0.000000,0.000000,0.000000,-0.009240,-0.125160,0.066732,-0.028832,0.014368,-0.001856
1781257080941271552,2026-06-12T16:38:00.941295,ground_truth,-0.093249,0.687000,0.192042,True,,,,,,,,,0.062097,1.151425,0.543572,0.000000,0.000000,0.000000,0.000000,0.000000,0.000000,-0.009240,-0.125160,0.066732,-0.028832,0.014368,-0.001856
1781257080974647066,2026-06-12T16:38:00.974681,ground_truth,-0.093204,0.680000,0.192441,True,,,,,,,,,0.062097,1.151425,0.543572,0.000000,0.000000,0.000000,0.000000,0.000000,0.000000,-0.009240,-0.125160,0.066732,-0.028832,0.014368,-0.001856
1781257081007714977,2026-06-12T16:38:01.007742,ground_truth,-0.093178,0.676000,0.192669,True,,,,,,,,,0.060874,1.144572,0.543411,0.000000,0.000000,0.000000,0.000000,0.000000,0.000000,-0.009240,-0.125160,0.066732,-0.028832,0.014368,-0.001856
1781257081035402468,2026-06-12T16:38:01.035425,ground_truth,-0.093107,0.665000,0.193296,True,,,,,,,,,0.060874,1.144572,0.543411,0.000000,0.000000,0.000000,0.000000,0.000000,0.000000,-0.009240,-0.125160,0.066732,-0.028832,0.014368,-0.001856
1781257081066164728,2026-06-12T16:38:01.066188,ground_truth,-0.093152,0.672000,0.192897,True,,,,,,,,,0.060874,1.144572,0.543411,0.000000,0.000000,0.000000,0.000000,0.000000,0.000000,-0.009240,-0.125160,0.066732,-0.028832,0.014368,-0.001856
1781257081099643861,2026-06-12T16:38:01.099671,ground_truth,-0.093107,0.665000,0.193296,True,,,,,,,,,0.060874,1.144572,0.543411,0.000000,0.000000,0.000000,0.000000,0.000000,0.000000,-0.009240,-0.125160,0.066732,-0.028832,0.014368,-0.001856
1781257081135135677,2026-06-12T16:38:01.135161,ground_truth,-0.093081,0.661000,0.193524,True,,,,,,,,,0.060874,1.144572,0.543411,0.000000,0.000000,0.000000,0.000000,0.000000,0.000000,-0.009240,-0.125160,0.066732,-0.028832,0.014368,-0.001856
1781257081168247666,2026-06-12T16:38:01.168266,ground_truth,-0.093107,0.665000,0.193296,True,,,,,,,,,0.058718,1.131625,0.542938,0.000000,0.000000,0.000000,0.000000,0.000000,0.000000,-0.009240,-0.125160,0.066732,-0.028832,0.014368,-0.001856
1781257081205195098,2026-06-12T16:38:01.205211,ground_truth,-0.090589,0.658000,0.193695,True,,,,,,,,,0.057854,1.124722,0.542653,0.000000,0.000000,0.000000,0.000000,0.000000,0.000000,-0.009240,-0.125160,0.066732,-0.028832,0.014368,-0.001856
1781257081243885803,2026-06-12T16:38:01.243906,ground_truth,-0.090703,0.672000,0.192897,True,,,,,,,,,0.057854,1.124722,0.542653,0.000000,0.000000,0.000000,0.000000,0.000000,0.000000,-0.009240,-0.125160,0.066732,-0.028832,0.014368,-0.001856
1781257081271031394,2026-06-12T16:38:01.271047,ground_truth,-0.090589,0.658000,0.193695,True,,,,,,,,,0.057854,1.124722,0.542653,0.000000,0.000000,0.000000,0.000000,0.000000,0.000000,-0.009240,-0.125160,0.066732,-0.028832,0.014368,-0.001856
1781257081306956111,2026-06-12T16:38:01.306979,ground_truth,-0.088224,0.669000,0.193068,True,,,,,,,,,0.057854,1.124722,0.542653,0.000000,0.000000,0.000000,0.000000,0.000000,0.000000,-0.009240,-0.125160,0.066732,-0.028832,0.014368,-0.001856
1781257081333776085,2026-06-12T16:38:01.333794,ground_truth,-0.090524,0.650000,0.194151,True,,,,,,,,,0.057854,1.124722,0.542653,0.000000,0.000000,0.000000,0.000000,0.000000,0.000000,-0.009240,-0.125160,0.066732,-0.028832,0.014368,-0.001856
1781257081368043877,2026-06-12T16:38:01.368057,ground_truth,-0.090524,0.650000,0.194151,True,,,,,,,,,0.056373,1.113566,0.541839,0.000000,0.000000,0.000000,0.000000,0.000000,0.000000,-0.009240,-0.125160,0.066732,-0.028832,0.014368,-0.001856
1781257081397997445,2026-06-12T16:38:01.398014,ground_truth,-0.090524,0.650000,0.194151,True,,,,,,,,,0.056373,1.113566,0.541839,0.000000,0.000000,0.000000,0.000000,0.000000,0.000000,-0.009240,-0.125160,0.066732,-0.028832,0.014368,-0.001856
1781257081432613691,2026-06-12T16:38:01.432631,ground_truth,-0.090556,0.654000,0.191441,True,,,,,,,,,0.055791,1.108142,0.541625,0.000000,0.000000,0.000000,0.000000,0.000000,0.000000,-0.009240,-0.125160,0.066732,-0.028832,0.014368,-0.001856
1781257081468509783,2026-06-12T16:38:01.468531,ground_truth,-0.090646,0.665000,0.190832,True,,,,,,,,,0.055791,1.108142,0.541625,0.000000,0.000000,0.000000,0.000000,0.000000,0.000000,-0.009240,-0.125160,0.066732,-0.028832,0.014368,-0.001856
1781257081502477396,2026-06-12T16:38:01.502499,ground_truth,-0.090646,0.665000,0.190832,True,,,,,,,,,0.055791,1.108142,0.541625,0.000000,0.000000,0.000000,0.000000,0.000000,0.000000,-0.009240,-0.125160,0.066732,-0.028832,0.014368,-0.001856
1781257081537489110,2026-06-12T16:38:01.537502,ground_truth,-0.090589,0.658000,0.191219,True,,,,,,,,,0.054959,1.100257,0.541220,0.000000,0.000000,0.000000,0.000000,0.000000,0.000000,-0.009240,-0.125160,0.066732,-0.028832,0.014368,-0.001856
1781257081566597884,2026-06-12T16:38:01.566629,ground_truth,-0.090524,0.650000,0.191662,True,,,,,,,,,0.054959,1.100257,0.541220,0.000000,0.000000,0.000000,0.000000,0.000000,0.000000,-0.009240,-0.125160,0.066732,-0.028832,0.014368,-0.001856
1781257081598886704,2026-06-12T16:38:01.598900,ground_truth,-0.093081,0.661000,0.191053,True,,,,,,,,,0.054959,1.100257,0.541220,0.000000,0.000000,0.000000,0.000000,0.000000,0.000000,-0.009240,-0.125160,0.066732,-0.028832,0.014368,-0.001856
1781257081634063683,2026-06-12T16:38:01.634077,ground_truth,-0.093107,0.665000,0.190832,True,,,,,,,,,0.054484,1.097208,0.540690,0.000000,0.000000,0.000000,0.000000,0.000000,0.000000,-0.009240,-0.125160,0.066732,-0.028832,0.014368,-0.001856
1781257081668065693,2026-06-12T16:38:01.668082,ground_truth,-0.093061,0.658000,0.191219,True,,,,,,,,,0.054484,1.097208,0.540690,0.000000,0.000000,0.000000,0.000000,0.000000,0.000000,-0.009240,-0.125160,0.066732,-0.028832,0.014368,-0.001856
1781257081704316823,2026-06-12T16:38:01.704332,ground_truth,-0.093036,0.654000,0.191441,True,,,,,,,,,0.054787,1.099273,0.540753,0.000000,0.000000,0.000000,0.000000,0.000000,0.000000,-0.009240,-0.125160,0.066732,-0.028832,0.014368,-0.001856
1781257081740253511,2026-06-12T16:38:01.740273,ground_truth,-0.093036,0.654000,0.191441,True,,,,,,,,,0.055217,1.097947,0.539978,0.000000,0.000000,0.000000,0.000000,0.000000,0.000000,-0.009240,-0.125160,0.066732,-0.028832,0.014368,-0.001856
1781257081770771730,2026-06-12T16:38:01.770792,ground_truth,-0.095495,0.650000,0.191662,True,,,,,,,,,0.055217,1.097947,0.539978,0.000000,0.000000,0.000000,0.000000,0.000000,0.000000,-0.009240,-0.125160,0.066732,-0.028832,0.014368,-0.001856
1781257081802545749,2026-06-12T16:38:01.802560,ground_truth,-0.095534,0.658000,0.191219,True,,,,,,,,,0.055967,1.097465,0.540873,0.000000,0.000000,0.000000,0.000000,0.000000,0.000000,-0.009240,-0.125160,0.066732,-0.028832,0.014368,-0.001856
1781257081833628354,2026-06-12T16:38:01.833656,ground_truth,-0.100479,0.658000,0.191219,True,,,,,,,,,0.055967,1.097465,0.540873,0.000000,0.000000,0.000000,0.000000,0.000000,0.000000,-0.009240,-0.125160,0.066732,-0.028832,0.014368,-0.001856
1781257081869000964,2026-06-12T16:38:01.869020,ground_truth,-0.100479,0.658000,0.191219,True,,,,,,,,,0.057011,1.096355,0.539660,0.000000,0.000000,0.000000,0.000000,0.000000,0.000000,-0.009240,-0.125160,0.066732,-0.028832,0.014368,-0.001856
1781257081900683458,2026-06-12T16:38:01.900706,ground_truth,-0.102953,0.643000,0.192050,True,,,,,,,,,0.057011,1.096355,0.539660,0.000000,0.000000,0.000000,0.000000,0.000000,0.000000,-0.009240,-0.125160,0.066732,-0.028832,0.014368,-0.001856
1781257081933791715,2026-06-12T16:38:01.933813,ground_truth,-0.102951,0.661000,0.188582,True,,,,,,,,,0.057011,1.096355,0.539660,0.000000,0.000000,0.000000,0.000000,0.000000,0.000000,-0.009240,-0.125160,0.066732,-0.028832,0.014368,-0.001856
1781257081964057591,2026-06-12T16:38:01.964081,ground_truth,-0.105424,0.658000,0.188743,True,,,,,,,,,0.058490,1.097314,0.539136,0.000000,0.000000,0.000000,0.000000,0.000000,0.000000,-0.009240,-0.125160,0.066732,-0.028832,0.014368,-0.001856
1781257081998222454,2026-06-12T16:38:01.998243,ground_truth,-0.107896,0.658000,0.188743,True,,,,,,,,,0.058490,1.097314,0.539136,0.000000,0.000000,0.000000,0.000000,0.000000,0.000000,-0.009240,-0.125160,0.066732,-0.028832,0.014368,-0.001856
1781257082030777519,2026-06-12T16:38:02.030800,ground_truth,-0.115107,0.683000,0.187400,True,,,,,,,,,0.061743,1.098450,0.539101,0.000000,0.000000,0.000000,0.000000,0.000000,0.000000,-0.009240,-0.125160,0.066732,-0.028832,0.014368,-0.001856
1781257082068928053,2026-06-12T16:38:02.068944,ground_truth,-0.115165,0.676000,0.187776,True,,,,,,,,,0.063892,1.097693,0.538723,0.000000,0.000000,0.000000,0.000000,0.000000,0.000000,-0.009240,-0.125160,0.066732,-0.028832,0.014368,-0.001856
1781257082097712028,2026-06-12T16:38:02.097736,ground_truth,-0.117866,0.650000,0.189173,True,,,,,,,,,0.063892,1.097693,0.538723,0.000000,0.000000,0.000000,0.000000,0.000000,0.000000,-0.009240,-0.125160,0.066732,-0.028832,0.014368,-0.001856
1781257082137563949,2026-06-12T16:38:02.137581,ground_truth,-0.122692,0.661000,0.188582,True,,,,,,,,,0.066299,1.099141,0.538390,0.000000,0.000000,0.000000,0.000000,0.000000,0.000000,-0.009240,-0.125160,0.066732,-0.028832,0.014368,-0.001856
1781257082164989505,2026-06-12T16:38:02.165013,ground_truth,-0.122639,0.665000,0.188367,True,,,,,,,,,0.066299,1.099141,0.538390,0.000000,0.000000,0.000000,0.000000,0.000000,0.000000,-0.009240,-0.125160,0.066732,-0.028832,0.014368,-0.001856
1781257082197261636,2026-06-12T16:38:02.197282,ground_truth,-0.120131,0.669000,0.188152,True,,,,,,,,,0.066299,1.099141,0.538390,0.000000,0.000000,0.000000,0.000000,0.000000,0.000000,-0.009240,-0.125160,0.066732,-0.028832,0.014368,-0.001856
1781257082232836945,2026-06-12T16:38:02.232860,ground_truth,-0.098042,0.669000,0.190610,True,,,,,,,,,0.070888,1.100314,0.537973,0.000000,0.000000,0.000000,0.000000,0.000000,0.000000,-0.009240,-0.125160,0.066732,-0.028832,0.014368,-0.001856
1781257082271619758,2026-06-12T16:38:02.271637,ground_truth,-0.085929,0.683000,0.192270,True,,,,,,,,,0.073321,1.101926,0.537734,0.000000,0.000000,0.000000,0.000000,0.000000,0.000000,-0.009240,-0.125160,0.066732,-0.028832,0.014368,-0.001856
1781257082300408597,2026-06-12T16:38:02.300427,ground_truth,-0.085849,0.676000,0.195115,True,,,,,,,,,0.073321,1.101926,0.537734,0.000000,0.000000,0.000000,0.000000,0.000000,0.000000,-0.009240,-0.125160,0.066732,-0.028832,0.014368,-0.001856
1781257082333700849,2026-06-12T16:38:02.333724,ground_truth,-0.081169,0.690000,0.194294,True,,,,,,,,,0.073321,1.101926,0.537734,0.000000,0.000000,0.000000,0.000000,0.000000,0.000000,-0.009240,-0.125160,0.066732,-0.028832,0.014368,-0.001856
1781257082370691266,2026-06-12T16:38:02.370711,ground_truth,-0.076401,0.694000,0.196476,True,,,,,,,,,0.073549,1.103710,0.537793,0.000000,0.000000,0.000000,0.000000,0.000000,0.000000,-0.009240,-0.125160,0.066732,-0.028832,0.014368,-0.001856
1781257082397811371,2026-06-12T16:38:02.397827,ground_truth,-0.076275,0.687000,0.196898,True,,,,,,,,,0.073549,1.103710,0.537793,0.000000,0.000000,0.000000,0.000000,0.000000,0.000000,-0.009240,-0.125160,0.066732,-0.028832,0.014368,-0.001856
1781257082433849402,2026-06-12T16:38:02.433862,ground_truth,-0.074262,0.708000,0.198026,True,,,,,,,,,0.071727,1.106309,0.538157,0.000000,0.000000,0.000000,0.000000,0.000000,0.000000,-0.009240,-0.125160,0.066732,-0.028832,0.014368,-0.001856
1781257082466843293,2026-06-12T16:38:02.466859,ground_truth,-0.074399,0.715000,0.197593,True,,,,,,,,,0.071727,1.106309,0.538157,0.000000,0.000000,0.000000,0.000000,0.000000,0.000000,-0.009240,-0.125160,0.066732,-0.028832,0.014368,-0.001856
1781257082500954144,2026-06-12T16:38:02.500968,ground_truth,-0.060890,0.741000,0.195982,True,,,,,,,,,0.067844,1.109599,0.538932,0.000000,0.000000,0.000000,0.000000,0.000000,0.000000,-0.009240,-0.125160,0.066732,-0.028832,0.014368,-0.001856
1781257082536334135,2026-06-12T16:38:02.536369,ground_truth,-0.063338,0.745000,0.195735,True,,,,,,,,,0.062632,1.114811,0.539992,0.000000,0.000000,0.000000,0.000000,0.000000,0.000000,-0.009240,-0.125160,0.066732,-0.028832,0.014368,-0.001856
1781257082570534819,2026-06-12T16:38:02.570554,ground_truth,-0.063783,0.761000,0.197050,True,,,,,,,,,0.062632,1.114811,0.539992,0.000000,0.000000,0.000000,0.000000,0.000000,0.000000,-0.009240,-0.125160,0.066732,-0.028832,0.014368,-0.001856
1781257082600312511,2026-06-12T16:38:02.600340,ground_truth,-0.065746,0.748000,0.197877,True,,,,,,,,,0.062632,1.114811,0.539992,0.000000,0.000000,0.000000,0.000000,0.000000,0.000000,-0.009240,-0.125160,0.066732,-0.028832,0.014368,-0.001856
1781257082641693804,2026-06-12T16:38:02.641710,ground_truth,-0.067899,0.741000,0.198322,True,,,,,,,,,0.057352,1.121633,0.540954,0.000000,0.000000,0.000000,0.000000,0.000000,0.000000,-0.009240,-0.125160,0.066732,-0.028832,0.014368,-0.001856
1781257082668885139,2026-06-12T16:38:02.668898,ground_truth,-0.067997,0.745000,0.198068,True,,,,,,,,,0.057352,1.121633,0.540954,0.000000,0.000000,0.000000,0.000000,0.000000,0.000000,-0.009240,-0.125160,0.066732,-0.028832,0.014368,-0.001856
1781257082700316795,2026-06-12T16:38:02.700331,ground_truth,-0.077191,0.738000,0.198513,True,,,,,,,,,0.057352,1.121633,0.540954,0.000000,0.000000,0.000000,0.000000,0.000000,0.000000,-0.009240,-0.125160,0.066732,-0.028832,0.014368,-0.001856
1781257082733233404,2026-06-12T16:38:02.733261,ground_truth,-0.074654,0.728000,0.199148,True,,,,,,,,,0.057352,1.121633,0.540954,0.000000,0.000000,0.000000,0.000000,0.000000,0.000000,-0.009240,-0.125160,0.066732,-0.028832,0.014368,-0.001856
1781257082765003332,2026-06-12T16:38:02.765016,ground_truth,-0.077137,0.735000,0.198703,True,,,,,,,,,0.048997,1.133992,0.542513,0.000000,0.000000,0.000000,0.000000,0.000000,0.000000,-0.009240,-0.125160,0.066732,-0.028832,0.014368,-0.001856
1781257082798170354,2026-06-12T16:38:02.798185,ground_truth,-0.079646,0.745000,0.198068,True,,,,,,,,,0.048997,1.133992,0.542513,0.000000,0.000000,0.000000,0.000000,0.000000,0.000000,-0.009240,-0.125160,0.066732,-0.028832,0.014368,-0.001856
1781257082833751153,2026-06-12T16:38:02.833769,ground_truth,-0.079695,0.748000,0.197877,True,,,,,,,,,0.044887,1.143033,0.543505,0.000000,0.000000,0.000000,0.000000,0.000000,0.000000,-0.009240,-0.125160,0.066732,-0.028832,0.014368,-0.001856
1781257082868160254,2026-06-12T16:38:02.868177,ground_truth,-0.077245,0.741000,0.198322,True,,,,,,,,,0.044887,1.143033,0.543505,0.000000,0.000000,0.000000,0.000000,0.000000,0.000000,-0.009240,-0.125160,0.066732,-0.028832,0.014368,-0.001856
1781257082898950524,2026-06-12T16:38:02.898969,ground_truth,-0.074908,0.741000,0.198322,True,,,,,,,,,0.041341,1.152359,0.544445,0.000000,0.000000,0.000000,0.000000,0.000000,0.000000,-0.009240,-0.125160,0.066732,-0.028832,0.014368,-0.001856
1781257082935740204,2026-06-12T16:38:02.935759,ground_truth,-0.079744,0.751000,0.197686,True,,,,,,,,,0.041341,1.152359,0.544445,0.000000,0.000000,0.000000,0.000000,0.000000,0.000000,-0.009240,-0.125160,0.066732,-0.028832,0.014368,-0.001856
1781257082966825666,2026-06-12T16:38:02.966849,ground_truth,-0.082167,0.758000,0.197241,True,,,,,,,,,0.041341,1.152359,0.544445,0.000000,0.000000,0.000000,0.000000,0.000000,0.000000,-0.009240,-0.125160,0.066732,-0.028832,0.014368,-0.001856
1781257083000191777,2026-06-12T16:38:03.000210,ground_truth,-0.082064,0.751000,0.197686,True,,,,,,,,,0.041341,1.152359,0.544445,0.000000,0.000000,0.000000,0.000000,0.000000,0.000000,-0.009240,-0.125160,0.066732,-0.028832,0.014368,-0.001856
1781257083035181146,2026-06-12T16:38:03.035214,ground_truth,-0.082108,0.754000,0.197495,True,,,,,,,,,0.038863,1.167128,0.545312,0.000000,0.000000,0.000000,0.000000,0.000000,0.000000,-0.009240,-0.125160,0.066732,-0.028832,0.014368,-0.001856
1781257083072821980,2026-06-12T16:38:03.072844,ground_truth,-0.082064,0.751000,0.197686,True,,,,,,,,,0.039096,1.175821,0.545829,0.000000,0.000000,0.000000,0.000000,0.000000,0.000000,-0.009240,-0.125160,0.066732,-0.028832,0.014368,-0.001856
1781257083108991597,2026-06-12T16:38:03.109010,ground_truth,-0.082020,0.748000,0.197877,True,,,,,,,,,0.039096,1.175821,0.545829,0.000000,0.000000,0.000000,0.000000,0.000000,0.000000,-0.009240,-0.125160,0.066732,-0.028832,0.014368,-0.001856
1781257083142064937,2026-06-12T16:38:03.142089,ground_truth,-0.082343,0.770000,0.196478,True,,,,,,,,,0.040472,1.182535,0.546225,0.000000,0.000000,0.000000,0.000000,0.000000,0.000000,-0.009240,-0.125160,0.066732,-0.028832,0.014368,-0.001856
1781257083182661234,2026-06-12T16:38:03.182686,ground_truth,-0.084475,0.758000,0.197241,True,,,,,,,,,0.040472,1.182535,0.546225,0.000000,0.000000,0.000000,0.000000,0.000000,0.000000,-0.009240,-0.125160,0.066732,-0.028832,0.014368,-0.001856
1781257083226868975,2026-06-12T16:38:03.226893,ground_truth,-0.084345,0.748000,0.197877,True,,,,,,,,,0.042858,1.187340,0.546379,0.000000,0.000000,0.000000,0.000000,0.000000,0.000000,-0.009240,-0.125160,0.066732,-0.028832,0.014368,-0.001856
1781257083264122452,2026-06-12T16:38:03.264140,ground_truth,-0.081917,0.741000,0.198322,True,,,,,,,,,0.042858,1.187340,0.546379,0.000000,0.000000,0.000000,0.000000,0.000000,0.000000,-0.009240,-0.125160,0.066732,-0.028832,0.014368,-0.001856
1781257083300255458,2026-06-12T16:38:03.300272,ground_truth,-0.082064,0.751000,0.197686,True,,,,,,,,,0.042858,1.187340,0.546379,0.000000,0.000000,0.000000,0.000000,0.000000,0.000000,-0.009240,-0.125160,0.066732,-0.028832,0.014368,-0.001856
1781257083339837374,2026-06-12T16:38:03.339863,ground_truth,-0.081873,0.738000,0.198513,True,,,,,,,,,0.047165,1.189666,0.545668,0.000000,0.000000,0.000000,0.000000,0.000000,0.000000,-0.009240,-0.125160,0.066732,-0.028832,0.014368,-0.001856
1781257083381918114,2026-06-12T16:38:03.381944,ground_truth,-0.082108,0.754000,0.197495,True,,,,,,,,,0.047165,1.189666,0.545668,0.000000,0.000000,0.000000,0.000000,0.000000,0.000000,-0.009240,-0.125160,0.066732,-0.028832,0.014368,-0.001856
1781257083425288613,2026-06-12T16:38:03.425314,ground_truth,-0.082064,0.751000,0.197686,True,,,,,,,,,0.047165,1.189666,0.545668,0.000000,0.000000,0.000000,0.000000,0.000000,0.000000,-0.009240,-0.125160,0.066732,-0.028832,0.014368,-0.001856
1781257083460138059,2026-06-12T16:38:03.460167,ground_truth,-0.084254,0.741000,0.198322,True,,,,,,,,,0.047165,1.189666,0.545668,0.000000,0.000000,0.000000,0.000000,0.000000,0.000000,-0.009240,-0.125160,0.066732,-0.028832,0.014368,-0.001856
1781257083495164237,2026-06-12T16:38:03.495187,ground_truth,-0.081976,0.745000,0.198068,True,,,,,,,,,0.046608,1.191675,0.546068,0.000000,0.000000,0.000000,0.000000,0.000000,0.000000,-0.009240,-0.125160,0.066732,-0.028832,0.014368,-0.001856
1781257083532696740,2026-06-12T16:38:03.532719,ground_truth,-0.082108,0.754000,0.195177,True,,,,,,,,,0.046608,1.191675,0.546068,0.000000,0.000000,0.000000,0.000000,0.000000,0.000000,-0.009240,-0.125160,0.066732,-0.028832,0.014368,-0.001856
1781257083569259150,2026-06-12T16:38:03.569281,ground_truth,-0.079646,0.745000,0.195735,True,,,,,,,,,0.046176,1.190802,0.546075,0.000000,0.000000,0.000000,0.000000,0.000000,0.000000,-0.009240,-0.125160,0.066732,-0.028832,0.014368,-0.001856
1781257083602524848,2026-06-12T16:38:03.602552,ground_truth,-0.079581,0.741000,0.195982,True,,,,,,,,,0.046267,1.189009,0.545291,0.000000,0.000000,0.000000,0.000000,0.000000,0.000000,-0.009240,-0.125160,0.066732,-0.028832,0.014368,-0.001856
1781257083634599382,2026-06-12T16:38:03.634618,ground_truth,-0.068218,0.754000,0.195177,True,,,,,,,,,0.046267,1.189009,0.545291,0.000000,0.000000,0.000000,0.000000,0.000000,0.000000,-0.009240,-0.125160,0.066732,-0.028832,0.014368,-0.001856
1781257083667283494,2026-06-12T16:38:03.667310,ground_truth,-0.063783,0.761000,0.194744,True,,,,,,,,,0.046267,1.189009,0.545291,0.000000,0.000000,0.000000,0.000000,0.000000,0.000000,-0.009240,-0.125160,0.066732,-0.028832,0.014368,-0.001856
1781257083706329763,2026-06-12T16:38:03.706355,ground_truth,-0.068611,0.770000,0.194186,True,,,,,,,,,0.044718,1.188509,0.545297,0.000000,0.000000,0.000000,0.000000,0.000000,0.000000,-0.009240,-0.125160,0.066732,-0.028832,0.014368,-0.001856
1781257083738408937,2026-06-12T16:38:03.738434,ground_truth,-0.065825,0.751000,0.195363,True,,,,,,,,,0.044718,1.188509,0.545297,0.000000,0.000000,0.000000,0.000000,0.000000,0.000000,-0.009240,-0.125160,0.066732,-0.028832,0.014368,-0.001856
1781257083769768314,2026-06-12T16:38:03.769793,ground_truth,-0.070098,0.735000,0.196354,True,,,,,,,,,0.044718,1.188509,0.545297,0.000000,0.000000,0.000000,0.000000,0.000000,0.000000,-0.009240,-0.125160,0.066732,-0.028832,0.014368,-0.001856
1781257083803197822,2026-06-12T16:38:03.803222,ground_truth,-0.067335,0.718000,0.197407,True,,,,,,,,,0.038592,1.190223,0.544639,0.000000,0.000000,0.000000,0.000000,0.000000,0.000000,-0.009240,-0.125160,0.066732,-0.028832,0.014368,-0.001856
1781257083842703245,2026-06-12T16:38:03.842729,ground_truth,-0.069160,0.694000,0.198893,True,,,,,,,,,0.038592,1.190223,0.544639,0.000000,0.000000,0.000000,0.000000,0.000000,0.000000,-0.009240,-0.125160,0.066732,-0.028832,0.014368,-0.001856
1781257083872984033,2026-06-12T16:38:03.873026,ground_truth,-0.078341,0.665000,0.198225,True,,,,,,,,,0.038592,1.190223,0.544639,0.000000,0.000000,0.000000,0.000000,0.000000,0.000000,-0.009240,-0.125160,0.066732,-0.028832,0.014368,-0.001856
1781257083905760410,2026-06-12T16:38:03.905782,ground_truth,-0.073340,0.661000,0.198466,True,,,,,,,,,0.038592,1.190223,0.544639,0.000000,0.000000,0.000000,0.000000,0.000000,0.000000,-0.009240,-0.125160,0.066732,-0.028832,0.014368,-0.001856
1781257083939755489,2026-06-12T16:38:03.939770,ground_truth,-0.078341,0.665000,0.198225,True,,,,,,,,,0.034570,1.187414,0.544329,0.000000,0.000000,0.000000,0.000000,0.000000,0.000000,-0.009240,-0.125160,0.066732,-0.028832,0.014368,-0.001856
1781257083976967778,2026-06-12T16:38:03.976989,ground_truth,-0.078341,0.665000,0.195760,True,,,,,,,,,0.034570,1.187414,0.544329,0.000000,0.000000,0.000000,0.000000,0.000000,0.000000,-0.009240,-0.125160,0.066732,-0.028832,0.014368,-0.001856
1781257084004746482,2026-06-12T16:38:04.004763,ground_truth,-0.080538,0.647000,0.196816,True,,,,,,,,,0.032947,1.183507,0.544236,0.000000,0.000000,0.000000,0.000000,0.000000,0.000000,-0.009240,-0.125160,0.066732,-0.028832,0.014368,-0.001856
1781257084035948007,2026-06-12T16:38:04.035972,ground_truth,-0.082872,0.635000,0.197520,True,,,,,,,,,0.032947,1.183507,0.544236,0.000000,0.000000,0.000000,0.000000,0.000000,0.000000,-0.009240,-0.125160,0.066732,-0.028832,0.014368,-0.001856
1781257084069039082,2026-06-12T16:38:04.069054,ground_truth,-0.087931,0.639000,0.197285,True,,,,,,,,,0.032574,1.177941,0.544266,0.000000,0.000000,0.000000,0.000000,0.000000,0.000000,-0.009240,-0.125160,0.066732,-0.028832,0.014368,-0.001856
1781257084102900762,2026-06-12T16:38:04.102920,ground_truth,-0.082728,0.624000,0.198165,True,,,,,,,,,0.032574,1.177941,0.544266,0.000000,0.000000,0.000000,0.000000,0.000000,0.000000,-0.009240,-0.125160,0.066732,-0.028832,0.014368,-0.001856
1781257084134210639,2026-06-12T16:38:04.134227,ground_truth,-0.082780,0.628000,0.195405,True,,,,,,,,,0.032574,1.177941,0.544266,0.000000,0.000000,0.000000,0.000000,0.000000,0.000000,-0.009240,-0.125160,0.066732,-0.028832,0.014368,-0.001856
1781257084168177187,2026-06-12T16:38:04.168202,ground_truth,-0.082819,0.631000,0.192714,True,,,,,,,,,0.033120,1.170239,0.544395,0.000000,0.000000,0.000000,0.000000,0.000000,0.000000,-0.009240,-0.125160,0.066732,-0.028832,0.014368,-0.001856
1781257084202378485,2026-06-12T16:38:04.202396,ground_truth,-0.080200,0.624000,0.193101,True,,,,,,,,,0.034660,1.160559,0.544531,0.000000,0.000000,0.000000,0.000000,0.000000,0.000000,-0.009240,-0.125160,0.066732,-0.028832,0.014368,-0.001856
1781257084233960635,2026-06-12T16:38:04.233981,ground_truth,-0.080303,0.631000,0.190194,True,,,,,,,,,0.034660,1.160559,0.544531,0.000000,0.000000,0.000000,0.000000,0.000000,0.000000,-0.009240,-0.125160,0.066732,-0.028832,0.014368,-0.001856
1781257084267266794,2026-06-12T16:38:04.267290,ground_truth,-0.080141,0.620000,0.188246,True,,,,,,,,,0.034660,1.160559,0.544531,0.000000,0.000000,0.000000,0.000000,0.000000,0.000000,-0.009240,-0.125160,0.066732,-0.028832,0.014368,-0.001856
1781257084301892618,2026-06-12T16:38:04.301906,ground_truth,-0.080200,0.624000,0.188038,True,,,,,,,,,0.036093,1.150662,0.544542,0.000000,0.000000,0.000000,0.000000,0.000000,0.000000,-0.009240,-0.125160,0.066732,-0.028832,0.014368,-0.001856
1781257084338475253,2026-06-12T16:38:04.338491,ground_truth,-0.080479,0.643000,0.184548,True,,,,,,,,,0.037386,1.140785,0.544353,0.000000,0.000000,0.000000,0.000000,0.000000,0.000000,-0.009240,-0.125160,0.066732,-0.028832,0.014368,-0.001856
1781257084376060674,2026-06-12T16:38:04.376081,ground_truth,-0.095254,0.600000,0.181574,True,,,,,,,,,0.037386,1.140785,0.544353,0.000000,0.000000,0.000000,0.000000,0.000000,0.000000,-0.009240,-0.125160,0.066732,-0.028832,0.014368,-0.001856
1781257084404590550,2026-06-12T16:38:04.404611,ground_truth,-0.085211,0.620000,0.183169,True,,,,,,,,,0.038744,1.130877,0.543859,0.000000,0.000000,0.000000,0.000000,0.000000,0.000000,-0.009240,-0.125160,0.066732,-0.028832,0.014368,-0.001856
1781257084435299981,2026-06-12T16:38:04.435321,ground_truth,-0.082819,0.631000,0.180112,True,,,,,,,,,0.038744,1.130877,0.543859,0.000000,0.000000,0.000000,0.000000,0.000000,0.000000,-0.009240,-0.125160,0.066732,-0.028832,0.014368,-0.001856
1781257084468893219,2026-06-12T16:38:04.468907,ground_truth,-0.083067,0.650000,0.179217,True,,,,,,,,,0.038744,1.130877,0.543859,0.000000,0.000000,0.000000,0.000000,0.000000,0.000000,-0.009240,-0.125160,0.066732,-0.028832,0.014368,-0.001856
1781257084505156579,2026-06-12T16:38:04.505174,ground_truth,-0.082924,0.639000,0.179735,True,,,,,,,,,0.040129,1.121030,0.543036,0.000000,0.000000,0.000000,0.000000,0.000000,0.000000,-0.009240,-0.125160,0.066732,-0.028832,0.014368,-0.001856
1781257084539792124,2026-06-12T16:38:04.539806,ground_truth,-0.089891,0.572000,0.180277,True,,,,,,,,,0.040129,1.121030,0.543036,0.000000,0.000000,0.000000,0.000000,0.000000,0.000000,-0.009240,-0.125160,0.066732,-0.028832,0.014368,-0.001856
1781257084572684087,2026-06-12T16:38:04.572708,ground_truth,-0.087551,0.600000,0.179003,True,,,,,,,,,0.040129,1.121030,0.543036,0.000000,0.000000,0.000000,0.000000,0.000000,0.000000,-0.009240,-0.125160,0.066732,-0.028832,0.014368,-0.001856
1781257084604538596,2026-06-12T16:38:04.604560,ground_truth,-0.092531,0.576000,0.177484,True,,,,,,,,,0.042161,1.106349,0.540725,0.000000,0.000000,0.000000,0.000000,0.000000,0.000000,-0.009240,-0.125160,0.066732,-0.028832,0.014368,-0.001856
1781257084636228509,2026-06-12T16:38:04.636249,ground_truth,-0.090021,0.588000,0.176958,True,,,,,,,,,0.042161,1.106349,0.540725,0.000000,0.000000,0.000000,0.000000,0.000000,0.000000,-0.009240,-0.125160,0.066732,-0.028832,0.014368,-0.001856
1781257084668691856,2026-06-12T16:38:04.668708,ground_truth,-0.084983,0.600000,0.176432,True,,,,,,,,,0.043555,1.096659,0.538862,0.000000,0.000000,0.000000,0.000000,0.000000,0.000000,-0.009240,-0.125160,0.066732,-0.028832,0.014368,-0.001856
1781257084701888687,2026-06-12T16:38:04.701909,ground_truth,-0.084983,0.600000,0.176432,True,,,,,,,,,0.043555,1.096659,0.538862,0.000000,0.000000,0.000000,0.000000,0.000000,0.000000,-0.009240,-0.125160,0.066732,-0.028832,0.014368,-0.001856
1781257084735703315,2026-06-12T16:38:04.735718,ground_truth,-0.095099,0.568000,0.177835,True,,,,,,,,,0.044898,1.086954,0.536692,0.000000,0.000000,0.000000,0.000000,0.000000,0.000000,-0.009240,-0.125160,0.066732,-0.028832,0.014368,-0.001856
1781257084773314005,2026-06-12T16:38:04.773335,ground_truth,-0.105638,0.534000,0.176647,True,,,,,,,,,0.044898,1.086954,0.536692,0.000000,0.000000,0.000000,0.000000,0.000000,0.000000,-0.009240,-0.125160,0.066732,-0.028832,0.014368,-0.001856
1781257084806557645,2026-06-12T16:38:04.806579,ground_truth,-0.110970,0.538000,0.176478,True,,,,,,,,,0.046724,1.077400,0.534457,0.000000,0.000000,0.000000,0.000000,0.000000,0.000000,-0.009240,-0.125160,0.066732,-0.028832,0.014368,-0.001856
1781257084834222917,2026-06-12T16:38:04.834240,ground_truth,-0.111015,0.529000,0.174170,True,,,,,,,,,0.046724,1.077400,0.534457,0.000000,0.000000,0.000000,0.000000,0.000000,0.000000,-0.009240,-0.125160,0.066732,-0.028832,0.014368,-0.001856
1781257084867273237,2026-06-12T16:38:04.867289,ground_truth,-0.110950,0.542000,0.173643,True,,,,,,,,,0.046724,1.077400,0.534457,0.000000,0.000000,0.000000,0.000000,0.000000,0.000000,-0.009240,-0.125160,0.066732,-0.028832,0.014368,-0.001856
1781257084899751237,2026-06-12T16:38:04.899770,ground_truth,-0.113786,0.516000,0.174698,True,,,,,,,,,0.049038,1.067858,0.532509,0.000000,0.000000,0.000000,0.000000,0.000000,0.000000,-0.009240,-0.125160,0.066732,-0.028832,0.014368,-0.001856
1781257084934745403,2026-06-12T16:38:04.934771,ground_truth,-0.116383,0.529000,0.174170,True,,,,,,,,,0.049038,1.067858,0.532509,0.000000,0.000000,0.000000,0.000000,0.000000,0.000000,-0.009240,-0.125160,0.066732,-0.028832,0.014368,-0.001856
1781257084965606052,2026-06-12T16:38:04.965622,ground_truth,-0.119236,0.512000,0.174860,True,,,,,,,,,0.051377,1.058304,0.530868,0.000000,0.000000,0.000000,0.000000,0.000000,0.000000,-0.009240,-0.125160,0.066732,-0.028832,0.014368,-0.001856
1781257084999326989,2026-06-12T16:38:04.999349,ground_truth,-0.119018,0.534000,0.171287,True,,,,,,,,,0.051377,1.058304,0.530868,0.000000,0.000000,0.000000,0.000000,0.000000,0.000000,-0.009240,-0.125160,0.066732,-0.028832,0.014368,-0.001856
1781257085042525079,2026-06-12T16:38:05.042548,ground_truth,-0.122110,0.498000,0.172689,True,,,,,,,,,0.054102,1.048683,0.529646,0.000000,0.000000,0.000000,0.000000,0.000000,0.000000,-0.009240,-0.125160,0.066732,-0.028832,0.014368,-0.001856
1781257085077543544,2026-06-12T16:38:05.077563,ground_truth,-0.122053,0.503000,0.172494,True,,,,,,,,,0.056764,1.039160,0.528539,0.000000,0.000000,0.000000,0.000000,0.000000,0.000000,-0.009240,-0.125160,0.066732,-0.028832,0.014368,-0.001856
1781257085109664660,2026-06-12T16:38:05.109686,ground_truth,-0.119236,0.512000,0.172144,True,,,,,,,,,0.056764,1.039160,0.528539,0.000000,0.000000,0.000000,0.000000,0.000000,0.000000,-0.009240,-0.125160,0.066732,-0.028832,0.014368,-0.001856
1781257085136846326,2026-06-12T16:38:05.136860,ground_truth,-0.138135,0.516000,0.166570,True,,,,,,,,,0.059563,1.029604,0.527539,0.000000,0.000000,0.000000,0.000000,0.000000,0.000000,-0.009240,-0.125160,0.066732,-0.028832,0.014368,-0.001856
1781257085168786611,2026-06-12T16:38:05.168817,ground_truth,-0.135331,0.521000,0.166392,True,,,,,,,,,0.059563,1.029604,0.527539,0.000000,0.000000,0.000000,0.000000,0.000000,0.000000,-0.009240,-0.125160,0.066732,-0.028832,0.014368,-0.001856
1781257085203088280,2026-06-12T16:38:05.203109,ground_truth,-0.133123,0.494000,0.164609,True,,,,,,,,,0.062938,1.020265,0.526506,0.000000,0.000000,0.000000,0.000000,0.000000,0.000000,-0.009240,-0.125160,0.066732,-0.028832,0.014368,-0.001856
1781257085233619418,2026-06-12T16:38:05.233647,ground_truth,-0.141878,0.471000,0.162608,True,,,,,,,,,0.062938,1.020265,0.526506,0.000000,0.000000,0.000000,0.000000,0.000000,0.000000,-0.009240,-0.125160,0.066732,-0.028832,0.014368,-0.001856
1781257085276017640,2026-06-12T16:38:05.276039,ground_truth,-0.142316,0.452000,0.160408,True,,,,,,,,,0.066598,1.011014,0.525408,0.000000,0.000000,0.000000,0.000000,0.000000,0.000000,-0.009240,-0.125160,0.066732,-0.028832,0.014368,-0.001856
1781257085310307675,2026-06-12T16:38:05.310333,ground_truth,-0.141878,0.471000,0.154258,True,,,,,,,,,0.066598,1.011014,0.525408,0.000000,0.000000,0.000000,0.000000,0.000000,0.000000,-0.009240,-0.125160,0.066732,-0.028832,0.014368,-0.001856
1781257085344807779,2026-06-12T16:38:05.344835,ground_truth,-0.142201,0.457000,0.154642,True,,,,,,,,,0.070247,1.001789,0.524121,0.000000,0.000000,0.000000,0.000000,0.000000,0.000000,-0.009240,-0.125160,0.066732,-0.028832,0.014368,-0.001856
1781257085376681259,2026-06-12T16:38:05.376702,ground_truth,-0.138799,0.485000,0.153874,True,,,,,,,,,0.070247,1.001789,0.524121,0.000000,0.000000,0.000000,0.000000,0.000000,0.000000,-0.009240,-0.125160,0.066732,-0.028832,0.014368,-0.001856
1781257085407941742,2026-06-12T16:38:05.407960,ground_truth,-0.122261,0.485000,0.156634,True,,,,,,,,,0.073896,0.992608,0.522642,0.000000,0.000000,0.000000,0.000000,0.000000,0.000000,-0.009240,-0.125160,0.066732,-0.028832,0.014368,-0.001856
1781257085448170482,2026-06-12T16:38:05.448191,ground_truth,-0.105747,0.471000,0.157041,True,,,,,,,,,0.073896,0.992608,0.522642,0.000000,0.000000,0.000000,0.000000,0.000000,0.000000,-0.009240,-0.125160,0.066732,-0.028832,0.014368,-0.001856
1781257085473509977,2026-06-12T16:38:05.473528,ground_truth,-0.102967,0.475000,0.156925,True,,,,,,,,,0.077153,0.983309,0.520920,0.000000,0.000000,0.000000,0.000000,0.000000,0.000000,-0.009240,-0.125160,0.066732,-0.028832,0.014368,-0.001856
1781257085499867958,2026-06-12T16:38:05.499885,ground_truth,-0.100216,0.489000,0.156518,True,,,,,,,,,0.077153,0.983309,0.520920,0.000000,0.000000,0.000000,0.000000,0.000000,0.000000,-0.009240,-0.125160,0.066732,-0.028832,0.014368,-0.001856
1781257085534095689,2026-06-12T16:38:05.534117,ground_truth,-0.089290,0.498000,0.156256,True,,,,,,,,,0.077153,0.983309,0.520920,0.000000,0.000000,0.000000,0.000000,0.000000,0.000000,-0.009240,-0.125160,0.066732,-0.028832,0.014368,-0.001856
1781257085565618285,2026-06-12T16:38:05.565632,ground_truth,-0.086643,0.507000,0.155995,True,,,,,,,,,0.079662,0.973819,0.518977,0.000000,0.000000,0.000000,0.000000,0.000000,0.000000,-0.009240,-0.125160,0.066732,-0.028832,0.014368,-0.001856
1781257085599456864,2026-06-12T16:38:05.599488,ground_truth,-0.086380,0.480000,0.156780,True,,,,,,,,,0.079662,0.973819,0.518977,0.000000,0.000000,0.000000,0.000000,0.000000,0.000000,-0.009240,-0.125160,0.066732,-0.028832,0.014368,-0.001856
1781257085633580365,2026-06-12T16:38:05.633595,ground_truth,-0.086731,0.516000,0.155733,True,,,,,,,,,0.080644,0.964129,0.516445,0.000000,0.000000,0.000000,0.000000,0.000000,0.000000,-0.009240,-0.125160,0.066732,-0.028832,0.014368,-0.001856
1781257085670147754,2026-06-12T16:38:05.670163,ground_truth,-0.086468,0.489000,0.156518,True,,,,,,,,,0.080713,0.954569,0.513783,0.000000,0.000000,0.000000,0.000000,0.000000,0.000000,-0.009240,-0.125160,0.066732,-0.028832,0.014368,-0.001856
1781257085705318895,2026-06-12T16:38:05.705344,ground_truth,-0.097454,0.485000,0.153874,True,,,,,,,,,0.080713,0.954569,0.513783,0.000000,0.000000,0.000000,0.000000,0.000000,0.000000,-0.009240,-0.125160,0.066732,-0.028832,0.014368,-0.001856
1781257085731707022,2026-06-12T16:38:05.731752,ground_truth,-0.097409,0.471000,0.154258,True,,,,,,,,,0.080713,0.954569,0.513783,0.000000,0.000000,0.000000,0.000000,0.000000,0.000000,-0.009240,-0.125160,0.066732,-0.028832,0.014368,-0.001856
1781257085767632880,2026-06-12T16:38:05.767647,ground_truth,-0.094872,0.521000,0.152887,True,,,,,,,,,0.078602,0.945285,0.510996,0.000000,0.000000,0.000000,0.000000,0.000000,0.000000,-0.009240,-0.125160,0.066732,-0.028832,0.014368,-0.001856
1781257085799835517,2026-06-12T16:38:05.799848,ground_truth,-0.094698,0.485000,0.153874,True,,,,,,,,,0.078602,0.945285,0.510996,0.000000,0.000000,0.000000,0.000000,0.000000,0.000000,-0.009240,-0.125160,0.066732,-0.028832,0.014368,-0.001856
1781257085834134757,2026-06-12T16:38:05.834156,ground_truth,-0.089185,0.485000,0.153874,True,,,,,,,,,0.074737,0.936522,0.508042,0.000000,0.000000,0.000000,0.000000,0.000000,0.000000,-0.009240,-0.125160,0.066732,-0.028832,0.014368,-0.001856
1781257085864809283,2026-06-12T16:38:05.864827,ground_truth,-0.091967,0.489000,0.153764,True,,,,,,,,,0.074737,0.936522,0.508042,0.000000,0.000000,0.000000,0.000000,0.000000,0.000000,-0.009240,-0.125160,0.066732,-0.028832,0.014368,-0.001856
1781257085901206578,2026-06-12T16:38:05.901225,ground_truth,-0.092142,0.516000,0.153024,True,,,,,,,,,0.069459,0.929457,0.505413,0.000000,0.000000,0.000000,0.000000,0.000000,0.000000,-0.009240,-0.125160,0.066732,-0.028832,0.014368,-0.001856
1781257085935533208,2026-06-12T16:38:05.935546,ground_truth,-0.092142,0.516000,0.153024,True,,,,,,,,,0.063462,0.924418,0.503255,0.000000,0.000000,0.000000,0.000000,0.000000,0.000000,-0.009240,-0.125160,0.066732,-0.028832,0.014368,-0.001856
1781257085964689896,2026-06-12T16:38:05.964706,ground_truth,-0.092025,0.498000,0.153517,True,,,,,,,,,0.063462,0.924418,0.503255,0.000000,0.000000,0.000000,0.000000,0.000000,0.000000,-0.009240,-0.125160,0.066732,-0.028832,0.014368,-0.001856
1781257086000090827,2026-06-12T16:38:06.000109,ground_truth,-0.089217,0.489000,0.153764,True,,,,,,,,,0.063462,0.924418,0.503255,0.000000,0.000000,0.000000,0.000000,0.000000,0.000000,-0.009240,-0.125160,0.066732,-0.028832,0.014368,-0.001856
1781257086034505752,2026-06-12T16:38:06.034527,ground_truth,-0.089185,0.485000,0.153874,True,,,,,,,,,0.057722,0.921580,0.501536,0.000000,0.000000,0.000000,0.000000,0.000000,0.000000,-0.009240,-0.125160,0.066732,-0.028832,0.014368,-0.001856
1781257086066863754,2026-06-12T16:38:06.066884,ground_truth,-0.089071,0.471000,0.154258,True,,,,,,,,,0.057722,0.921580,0.501536,0.000000,0.000000,0.000000,0.000000,0.000000,0.000000,-0.009240,-0.125160,0.066732,-0.028832,0.014368,-0.001856
1781257086098740843,2026-06-12T16:38:06.098760,ground_truth,-0.089185,0.485000,0.153874,True,,,,,,,,,0.052812,0.920756,0.500283,0.000000,0.000000,0.000000,0.000000,0.000000,0.000000,-0.009240,-0.125160,0.066732,-0.028832,0.014368,-0.001856
1781257086134110509,2026-06-12T16:38:06.134129,ground_truth,-0.089437,0.516000,0.153024,True,,,,,,,,,0.052812,0.920756,0.500283,0.000000,0.000000,0.000000,0.000000,0.000000,0.000000,-0.009240,-0.125160,0.066732,-0.028832,0.014368,-0.001856
1781257086166290128,2026-06-12T16:38:06.166310,ground_truth,-0.089364,0.507000,0.153271,True,,,,,,,,,0.049229,0.921623,0.499542,0.000000,0.000000,0.000000,0.000000,0.000000,0.000000,-0.009240,-0.125160,0.066732,-0.028832,0.014368,-0.001856
1781257086199106963,2026-06-12T16:38:06.199133,ground_truth,-0.089364,0.507000,0.153271,True,,,,,,,,,0.049229,0.921623,0.499542,0.000000,0.000000,0.000000,0.000000,0.000000,0.000000,-0.009240,-0.125160,0.066732,-0.028832,0.014368,-0.001856
1781257086232321839,2026-06-12T16:38:06.232345,ground_truth,-0.089477,0.521000,0.152887,True,,,,,,,,,0.047316,0.923879,0.499296,0.000000,0.000000,0.000000,0.000000,0.000000,0.000000,-0.009240,-0.125160,0.066732,-0.028832,0.014368,-0.001856
1781257086266298015,2026-06-12T16:38:06.266317,ground_truth,-0.089510,0.525000,0.152777,True,,,,,,,,,0.047316,0.923879,0.499296,0.000000,0.000000,0.000000,0.000000,0.000000,0.000000,-0.009240,-0.125160,0.066732,-0.028832,0.014368,-0.001856
1781257086300260187,2026-06-12T16:38:06.300281,ground_truth,-0.089364,0.507000,0.153271,True,,,,,,,,,0.047218,0.927309,0.499547,0.000000,0.000000,0.000000,0.000000,0.000000,0.000000,-0.009240,-0.125160,0.066732,-0.028832,0.014368,-0.001856
1781257086333529048,2026-06-12T16:38:06.333551,ground_truth,-0.086780,0.521000,0.152887,True,,,,,,,,,0.047218,0.927309,0.499547,0.000000,0.000000,0.000000,0.000000,0.000000,0.000000,-0.009240,-0.125160,0.066732,-0.028832,0.014368,-0.001856
1781257086366518966,2026-06-12T16:38:06.366544,ground_truth,-0.086985,0.542000,0.152310,True,,,,,,,,,0.048777,0.932150,0.500215,0.000000,0.000000,0.000000,0.000000,0.000000,0.000000,-0.009240,-0.125160,0.066732,-0.028832,0.014368,-0.001856
1781257086399882714,2026-06-12T16:38:06.399899,ground_truth,-0.076954,0.580000,0.151268,True,,,,,,,,,0.048777,0.932150,0.500215,0.000000,0.000000,0.000000,0.000000,0.000000,0.000000,-0.009240,-0.125160,0.066732,-0.028832,0.014368,-0.001856
1781257086433309782,2026-06-12T16:38:06.433323,ground_truth,-0.075072,0.620000,0.150171,True,,,,,,,,,0.051426,0.938994,0.501001,0.000000,0.000000,0.000000,0.000000,0.000000,0.000000,-0.009240,-0.125160,0.066732,-0.028832,0.014368,-0.001856
1781257086470190789,2026-06-12T16:38:06.470212,ground_truth,-0.068840,0.680000,0.148525,True,,,,,,,,,0.051951,0.946235,0.501294,0.000000,0.000000,0.000000,0.000000,0.000000,0.000000,-0.009240,-0.125160,0.066732,-0.028832,0.014368,-0.001856
1781257086501692332,2026-06-12T16:38:06.501716,ground_truth,-0.068748,0.676000,0.148635,True,,,,,,,,,0.051951,0.946235,0.501294,0.000000,0.000000,0.000000,0.000000,0.000000,0.000000,-0.009240,-0.125160,0.066732,-0.028832,0.014368,-0.001856
1781257086532518065,2026-06-12T16:38:06.532535,ground_truth,-0.070809,0.658000,0.149128,True,,,,,,,,,0.051951,0.946235,0.501294,0.000000,0.000000,0.000000,0.000000,0.000000,0.000000,-0.009240,-0.125160,0.066732,-0.028832,0.014368,-0.001856
1781257086572772737,2026-06-12T16:38:06.572800,ground_truth,-0.066747,0.694000,0.148141,True,,,,,,,,,0.051162,0.955414,0.501183,0.000000,0.000000,0.000000,0.000000,0.000000,0.000000,-0.009240,-0.125160,0.066732,-0.028832,0.014368,-0.001856
1781257086600113453,2026-06-12T16:38:06.600137,ground_truth,-0.060302,0.721000,0.147400,True,,,,,,,,,0.051162,0.955414,0.501183,0.000000,0.000000,0.000000,0.000000,0.000000,0.000000,-0.009240,-0.125160,0.066732,-0.028832,0.014368,-0.001856
1781257086634667622,2026-06-12T16:38:06.634684,ground_truth,-0.059183,0.683000,0.148443,True,,,,,,,,,0.049733,0.965190,0.500839,0.000000,0.000000,0.000000,0.000000,0.000000,0.000000,-0.009240,-0.125160,0.066732,-0.028832,0.014368,-0.001856
1781257086668878028,2026-06-12T16:38:06.668896,ground_truth,-0.054909,0.701000,0.147949,True,,,,,,,,,0.048302,0.975086,0.500532,0.000000,0.000000,0.000000,0.000000,0.000000,0.000000,-0.009240,-0.125160,0.066732,-0.028832,0.014368,-0.001856
1781257086707292016,2026-06-12T16:38:06.707317,ground_truth,-0.052747,0.708000,0.147757,True,,,,,,,,,0.048302,0.975086,0.500532,0.000000,0.000000,0.000000,0.000000,0.000000,0.000000,-0.009240,-0.125160,0.066732,-0.028832,0.014368,-0.001856
1781257086733070605,2026-06-12T16:38:06.733091,ground_truth,-0.051185,0.731000,0.149482,True,,,,,,,,,0.048302,0.975086,0.500532,0.000000,0.000000,0.000000,0.000000,0.000000,0.000000,-0.009240,-0.125160,0.066732,-0.028832,0.014368,-0.001856
1781257086769798040,2026-06-12T16:38:06.769819,ground_truth,-0.048607,0.725000,0.149656,True,,,,,,,,,0.046632,0.985310,0.500248,0.000000,0.000000,0.000000,0.000000,0.000000,0.000000,-0.009240,-0.125160,0.066732,-0.028832,0.014368,-0.001856
1781257086802415874,2026-06-12T16:38:06.802431,ground_truth,-0.048607,0.725000,0.149656,True,,,,,,,,,0.045022,0.994829,0.500001,0.000000,0.000000,0.000000,0.000000,0.000000,0.000000,-0.009240,-0.125160,0.066732,-0.028832,0.014368,-0.001856
1781257086834018452,2026-06-12T16:38:06.834040,ground_truth,-0.048607,0.725000,0.149656,True,,,,,,,,,0.045022,0.994829,0.500001,0.000000,0.000000,0.000000,0.000000,0.000000,0.000000,-0.009240,-0.125160,0.066732,-0.028832,0.014368,-0.001856
1781257086873688535,2026-06-12T16:38:06.873705,ground_truth,-0.049209,0.741000,0.149191,True,,,,,,,,,0.043295,1.004673,0.499769,0.000000,0.000000,0.000000,0.000000,0.000000,0.000000,-0.009240,-0.125160,0.066732,-0.028832,0.014368,-0.001856
1781257086902871277,2026-06-12T16:38:06.902893,ground_truth,-0.047265,0.751000,0.148900,True,,,,,,,,,0.043295,1.004673,0.499769,0.000000,0.000000,0.000000,0.000000,0.000000,0.000000,-0.009240,-0.125160,0.066732,-0.028832,0.014368,-0.001856
1781257086933140846,2026-06-12T16:38:06.933164,ground_truth,-0.049472,0.748000,0.148988,True,,,,,,,,,0.043295,1.004673,0.499769,0.000000,0.000000,0.000000,0.000000,0.000000,0.000000,-0.009240,-0.125160,0.066732,-0.028832,0.014368,-0.001856
1781257086965887191,2026-06-12T16:38:06.965901,ground_truth,-0.049962,0.761000,0.148610,True,,,,,,,,,0.041594,1.014476,0.499559,0.000000,0.000000,0.000000,0.000000,0.000000,0.000000,-0.009240,-0.125160,0.066732,-0.028832,0.014368,-0.001856
1781257087000883809,2026-06-12T16:38:07.000902,ground_truth,-0.045478,0.764000,0.148522,True,,,,,,,,,0.041594,1.014476,0.499559,0.000000,0.000000,0.000000,0.000000,0.000000,0.000000,-0.009240,-0.125160,0.066732,-0.028832,0.014368,-0.001856
1781257087035896144,2026-06-12T16:38:07.035917,ground_truth,-0.047776,0.764000,0.148522,True,,,,,,,,,0.039929,1.024353,0.499376,0.000000,0.000000,0.000000,0.000000,0.000000,0.000000,-0.009240,-0.125160,0.066732,-0.028832,0.014368,-0.001856
1781257087069859668,2026-06-12T16:38:07.069873,ground_truth,-0.048287,0.777000,0.148144,True,,,,,,,,,0.038200,1.034177,0.499206,0.000000,0.000000,0.000000,0.000000,0.000000,0.000000,-0.009240,-0.125160,0.066732,-0.028832,0.014368,-0.001856
1781257087100262221,2026-06-12T16:38:07.100301,ground_truth,-0.050451,0.774000,0.143661,True,,,,,,,,,0.038200,1.034177,0.499206,0.000000,0.000000,0.000000,0.000000,0.000000,0.000000,-0.009240,-0.125160,0.066732,-0.028832,0.014368,-0.001856
1781257087135241046,2026-06-12T16:38:07.135254,ground_truth,-0.051185,0.731000,0.144770,True,,,,,,,,,0.036475,1.044030,0.499032,0.000000,0.000000,0.000000,0.000000,0.000000,0.000000,-0.009240,-0.125160,0.066732,-0.028832,0.014368,-0.001856
1781257087167918207,2026-06-12T16:38:07.167946,ground_truth,-0.055694,0.725000,0.140193,True,,,,,,,,,0.036475,1.044030,0.499032,0.000000,0.000000,0.000000,0.000000,0.000000,0.000000,-0.009240,-0.125160,0.066732,-0.028832,0.014368,-0.001856
1781257087203226100,2026-06-12T16:38:07.203243,ground_truth,-0.056545,0.751000,0.139608,True,,,,,,,,,0.034809,1.053924,0.498812,0.000000,0.000000,0.000000,0.000000,0.000000,0.000000,-0.009240,-0.125160,0.066732,-0.028832,0.014368,-0.001856
1781257087234055013,2026-06-12T16:38:07.234075,ground_truth,-0.058958,0.754000,0.139540,True,,,,,,,,,0.034809,1.053924,0.498812,0.000000,0.000000,0.000000,0.000000,0.000000,0.000000,-0.009240,-0.125160,0.066732,-0.028832,0.014368,-0.001856
1781257087268565985,2026-06-12T16:38:07.268587,ground_truth,-0.061185,0.751000,0.139608,True,,,,,,,,,0.033272,1.063761,0.498512,0.000000,0.000000,0.000000,0.000000,0.000000,0.000000,-0.009240,-0.125160,0.066732,-0.028832,0.014368,-0.001856
1781257087301671537,2026-06-12T16:38:07.301692,ground_truth,-0.061479,0.761000,0.139383,True,,,,,,,,,0.033272,1.063761,0.498512,0.000000,0.000000,0.000000,0.000000,0.000000,0.000000,-0.009240,-0.125160,0.066732,-0.028832,0.014368,-0.001856
1781257087335615224,2026-06-12T16:38:07.335637,ground_truth,-0.061185,0.751000,0.139608,True,,,,,,,,,0.031900,1.073704,0.498110,0.000000,0.000000,0.000000,0.000000,0.000000,0.000000,-0.009240,-0.125160,0.066732,-0.028832,0.014368,-0.001856
1781257087368152239,2026-06-12T16:38:07.368169,ground_truth,-0.061273,0.754000,0.139540,True,,,,,,,,,0.031900,1.073704,0.498110,0.000000,0.000000,0.000000,0.000000,0.000000,0.000000,-0.009240,-0.125160,0.066732,-0.028832,0.014368,-0.001856
1781257087399314167,2026-06-12T16:38:07.399352,ground_truth,-0.061568,0.764000,0.141617,True,,,,,,,,,0.031900,1.073704,0.498110,0.000000,0.000000,0.000000,0.000000,0.000000,0.000000,-0.009240,-0.125160,0.066732,-0.028832,0.014368,-0.001856
1781257087434139988,2026-06-12T16:38:07.434160,ground_truth,-0.061744,0.770000,0.141472,True,,,,,,,,,0.030802,1.083607,0.497578,0.000000,0.000000,0.000000,0.000000,0.000000,0.000000,-0.009240,-0.125160,0.066732,-0.028832,0.014368,-0.001856
1781257087467069878,2026-06-12T16:38:07.467089,ground_truth,-0.063783,0.761000,0.141689,True,,,,,,,,,0.030802,1.083607,0.497578,0.000000,0.000000,0.000000,0.000000,0.000000,0.000000,-0.009240,-0.125160,0.066732,-0.028832,0.014368,-0.001856
1781257087498762651,2026-06-12T16:38:07.498783,ground_truth,-0.063505,0.751000,0.141931,True,,,,,,,,,0.029782,1.093548,0.497004,0.000000,0.000000,0.000000,0.000000,0.000000,0.000000,-0.009240,-0.125160,0.066732,-0.028832,0.014368,-0.001856
1781257087533398909,2026-06-12T16:38:07.533417,ground_truth,-0.061568,0.764000,0.141617,True,,,,,,,,,0.029782,1.093548,0.497004,0.000000,0.000000,0.000000,0.000000,0.000000,0.000000,-0.009240,-0.125160,0.066732,-0.028832,0.014368,-0.001856
1781257087566408585,2026-06-12T16:38:07.566430,ground_truth,-0.061391,0.758000,0.141762,True,,,,,,,,,0.028982,1.103464,0.496350,0.000000,0.000000,0.000000,0.000000,0.000000,0.000000,-0.009240,-0.125160,0.066732,-0.028832,0.014368,-0.001856
1781257087599689959,2026-06-12T16:38:07.599706,ground_truth,-0.060596,0.731000,0.142414,True,,,,,,,,,0.028982,1.103464,0.496350,0.000000,0.000000,0.000000,0.000000,0.000000,0.000000,-0.009240,-0.125160,0.066732,-0.028832,0.014368,-0.001856
1781257087633463292,2026-06-12T16:38:07.633477,ground_truth,-0.055016,0.774000,0.141376,True,,,,,,,,,0.028368,1.113420,0.495595,0.000000,0.000000,0.000000,0.000000,0.000000,0.000000,-0.009240,-0.125160,0.066732,-0.028832,0.014368,-0.001856
1781257087666779402,2026-06-12T16:38:07.666793,ground_truth,-0.056774,0.758000,0.144074,True,,,,,,,,,0.028368,1.113420,0.495595,0.000000,0.000000,0.000000,0.000000,0.000000,0.000000,-0.009240,-0.125160,0.066732,-0.028832,0.014368,-0.001856
1781257087701256198,2026-06-12T16:38:07.701282,ground_truth,-0.058958,0.754000,0.144177,True,,,,,,,,,0.027853,1.123401,0.494781,0.000000,0.000000,0.000000,0.000000,0.000000,0.000000,-0.009240,-0.125160,0.066732,-0.028832,0.014368,-0.001856
1781257087735254488,2026-06-12T16:38:07.735270,ground_truth,-0.061479,0.761000,0.146303,True,,,,,,,,,0.027853,1.123401,0.494781,0.000000,0.000000,0.000000,0.000000,0.000000,0.000000,-0.009240,-0.125160,0.066732,-0.028832,0.014368,-0.001856
1781257087766853088,2026-06-12T16:38:07.766879,ground_truth,-0.065825,0.751000,0.146577,True,,,,,,,,,0.027392,1.133345,0.494078,0.000000,0.000000,0.000000,0.000000,0.000000,0.000000,-0.009240,-0.125160,0.066732,-0.028832,0.014368,-0.001856
1781257087800089283,2026-06-12T16:38:07.800107,ground_truth,-0.068218,0.754000,0.146495,True,,,,,,,,,0.027392,1.133345,0.494078,0.000000,0.000000,0.000000,0.000000,0.000000,0.000000,-0.009240,-0.125160,0.066732,-0.028832,0.014368,-0.001856
1781257087843915053,2026-06-12T16:38:07.843933,ground_truth,-0.067826,0.738000,0.146934,True,,,,,,,,,0.027008,1.143396,0.493523,0.000000,0.000000,0.000000,0.000000,0.000000,0.000000,-0.009240,-0.125160,0.066732,-0.028832,0.014368,-0.001856
1781257087869511457,2026-06-12T16:38:07.869523,ground_truth,-0.068145,0.751000,0.148900,True,,,,,,,,,0.026792,1.153325,0.493151,0.000000,0.000000,0.000000,0.000000,0.000000,0.000000,-0.009240,-0.125160,0.066732,-0.028832,0.014368,-0.001856
1781257087903139324,2026-06-12T16:38:07.903156,ground_truth,-0.067899,0.741000,0.149191,True,,,,,,,,,0.026792,1.153325,0.493151,0.000000,0.000000,0.000000,0.000000,0.000000,0.000000,-0.009240,-0.125160,0.066732,-0.028832,0.014368,-0.001856
1781257087935923648,2026-06-12T16:38:07.935952,ground_truth,-0.069549,0.711000,0.150063,True,,,,,,,,,0.026772,1.163330,0.493028,0.000000,0.000000,0.000000,0.000000,0.000000,0.000000,-0.009240,-0.125160,0.066732,-0.028832,0.014368,-0.001856
1781257087974362765,2026-06-12T16:38:07.974382,ground_truth,-0.071935,0.711000,0.150063,True,,,,,,,,,0.026772,1.163330,0.493028,0.000000,0.000000,0.000000,0.000000,0.000000,0.000000,-0.009240,-0.125160,0.066732,-0.028832,0.014368,-0.001856
1781257088004135510,2026-06-12T16:38:08.004153,ground_truth,-0.074320,0.711000,0.150063,True,,,,,,,,,0.027115,1.173294,0.493275,0.000000,0.000000,0.000000,0.000000,0.000000,0.000000,-0.009240,-0.125160,0.066732,-0.028832,0.014368,-0.001856
1781257088036931527,2026-06-12T16:38:08.036954,ground_truth,-0.073772,0.683000,0.150877,True,,,,,,,,,0.027115,1.173294,0.493275,0.000000,0.000000,0.000000,0.000000,0.000000,0.000000,-0.009240,-0.125160,0.066732,-0.028832,0.014368,-0.001856
1781257088068326260,2026-06-12T16:38:08.068350,ground_truth,-0.082728,0.624000,0.152593,True,,,,,,,,,0.027115,1.173294,0.493275,0.000000,0.000000,0.000000,0.000000,0.000000,0.000000,-0.009240,-0.125160,0.066732,-0.028832,0.014368,-0.001856
1781257088105847267,2026-06-12T16:38:08.105871,ground_truth,-0.082676,0.620000,0.152709,True,,,,,,,,,0.028187,1.181258,0.494072,0.000000,0.000000,0.000000,0.000000,0.000000,0.000000,-0.009240,-0.125160,0.066732,-0.028832,0.014368,-0.001856
1781257088139674774,2026-06-12T16:38:08.139693,ground_truth,-0.077916,0.639000,0.154664,True,,,,,,,,,0.032200,1.173012,0.496315,0.000000,0.000000,0.000000,0.000000,0.000000,0.000000,-0.009240,-0.125160,0.066732,-0.028832,0.014368,-0.001856
1781257088172324750,2026-06-12T16:38:08.172349,ground_truth,-0.080361,0.635000,0.154787,True,,,,,,,,,0.032200,1.173012,0.496315,0.000000,0.000000,0.000000,0.000000,0.000000,0.000000,-0.009240,-0.125160,0.066732,-0.028832,0.014368,-0.001856
1781257088206095584,2026-06-12T16:38:08.206114,ground_truth,-0.080538,0.647000,0.156912,True,,,,,,,,,0.032595,1.170835,0.496519,0.000000,0.000000,0.000000,0.000000,0.000000,0.000000,-0.009240,-0.125160,0.066732,-0.028832,0.014368,-0.001856
1781257088241323999,2026-06-12T16:38:08.241350,ground_truth,-0.079789,0.596000,0.158563,True,,,,,,,,,0.032595,1.170835,0.496519,0.000000,0.000000,0.000000,0.000000,0.000000,0.000000,-0.009240,-0.125160,0.066732,-0.028832,0.014368,-0.001856
1781257088271217433,2026-06-12T16:38:08.271235,ground_truth,-0.085029,0.604000,0.158304,True,,,,,,,,,0.033528,1.166524,0.497039,0.000000,0.000000,0.000000,0.000000,0.000000,0.000000,-0.009240,-0.125160,0.066732,-0.028832,0.014368,-0.001856
1781257088305275886,2026-06-12T16:38:08.305300,ground_truth,-0.085519,0.647000,0.156912,True,,,,,,,,,0.033528,1.166524,0.497039,0.000000,0.000000,0.000000,0.000000,0.000000,0.000000,-0.009240,-0.125160,0.066732,-0.028832,0.014368,-0.001856
1781257088340899420,2026-06-12T16:38:08.340922,ground_truth,-0.087512,0.596000,0.158563,True,,,,,,,,,0.034694,1.159976,0.497707,0.000000,0.000000,0.000000,0.000000,0.000000,0.000000,-0.009240,-0.125160,0.066732,-0.028832,0.014368,-0.001856
1781257088381072399,2026-06-12T16:38:08.381102,ground_truth,-0.089688,0.547000,0.160148,True,,,,,,,,,0.034694,1.159976,0.497707,0.000000,0.000000,0.000000,0.000000,0.000000,0.000000,-0.009240,-0.125160,0.066732,-0.028832,0.014368,-0.001856
1781257088418766280,2026-06-12T16:38:08.418794,ground_truth,-0.092420,0.559000,0.159760,True,,,,,,,,,0.036004,1.151271,0.498461,0.000000,0.000000,0.000000,0.000000,0.000000,0.000000,-0.009240,-0.125160,0.066732,-0.028832,0.014368,-0.001856
1781257088451263531,2026-06-12T16:38:08.451285,ground_truth,-0.089688,0.547000,0.160148,True,,,,,,,,,0.036004,1.151271,0.498461,0.000000,0.000000,0.000000,0.000000,0.000000,0.000000,-0.009240,-0.125160,0.066732,-0.028832,0.014368,-0.001856
1781257088486159585,2026-06-12T16:38:08.486184,ground_truth,-0.092226,0.529000,0.160731,True,,,,,,,,,0.037330,1.141368,0.499182,0.000000,0.000000,0.000000,0.000000,0.000000,0.000000,-0.009240,-0.125160,0.066732,-0.028832,0.014368,-0.001856
1781257088530356084,2026-06-12T16:38:08.530386,ground_truth,-0.092369,0.551000,0.160019,True,,,,,,,,,0.037330,1.141368,0.499182,0.000000,0.000000,0.000000,0.000000,0.000000,0.000000,-0.009240,-0.125160,0.066732,-0.028832,0.014368,-0.001856
1781257088564091220,2026-06-12T16:38:08.564114,ground_truth,-0.092446,0.563000,0.159630,True,,,,,,,,,0.038600,1.131515,0.499871,0.000000,0.000000,0.000000,0.000000,0.000000,0.000000,-0.009240,-0.125160,0.066732,-0.028832,0.014368,-0.001856
1781257088599234981,2026-06-12T16:38:08.599256,ground_truth,-0.084664,0.572000,0.161956,True,,,,,,,,,0.038600,1.131515,0.499871,0.000000,0.000000,0.000000,0.000000,0.000000,0.000000,-0.009240,-0.125160,0.066732,-0.028832,0.014368,-0.001856
1781257088633433734,2026-06-12T16:38:08.633456,ground_truth,-0.084516,0.559000,0.162398,True,,,,,,,,,0.039773,1.121537,0.500555,0.000000,0.000000,0.000000,0.000000,0.000000,0.000000,-0.009240,-0.125160,0.066732,-0.028832,0.014368,-0.001856
1781257088665425945,2026-06-12T16:38:08.665450,ground_truth,-0.084983,0.600000,0.161004,True,,,,,,,,,0.039773,1.121537,0.500555,0.000000,0.000000,0.000000,0.000000,0.000000,0.000000,-0.009240,-0.125160,0.066732,-0.028832,0.014368,-0.001856
1781257088696122717,2026-06-12T16:38:08.696141,ground_truth,-0.087492,0.594000,0.161208,True,,,,,,,,,0.040891,1.111648,0.501280,0.000000,0.000000,0.000000,0.000000,0.000000,0.000000,-0.009240,-0.125160,0.066732,-0.028832,0.014368,-0.001856
1781257088726819488,2026-06-12T16:38:08.726843,ground_truth,-0.087112,0.555000,0.162534,True,,,,,,,,,0.040891,1.111648,0.501280,0.000000,0.000000,0.000000,0.000000,0.000000,0.000000,-0.009240,-0.125160,0.066732,-0.028832,0.014368,-0.001856
1781257088767831061,2026-06-12T16:38:08.767869,ground_truth,-0.087707,0.616000,0.160460,True,,,,,,,,,0.042032,1.101783,0.502044,0.000000,0.000000,0.000000,0.000000,0.000000,0.000000,-0.009240,-0.125160,0.066732,-0.028832,0.014368,-0.001856
1781257088796321809,2026-06-12T16:38:08.796348,ground_truth,-0.089688,0.547000,0.162806,True,,,,,,,,,0.042032,1.101783,0.502044,0.000000,0.000000,0.000000,0.000000,0.000000,0.000000,-0.009240,-0.125160,0.066732,-0.028832,0.014368,-0.001856
1781257088825476816,2026-06-12T16:38:08.825497,ground_truth,-0.082650,0.618000,0.160392,True,,,,,,,,,0.043194,1.091891,0.502805,0.000000,0.000000,0.000000,0.000000,0.000000,0.000000,-0.009240,-0.125160,0.066732,-0.028832,0.014368,-0.001856
1781257088857832675,2026-06-12T16:38:08.857848,ground_truth,-0.073125,0.650000,0.159304,True,,,,,,,,,0.043194,1.091891,0.502805,0.000000,0.000000,0.000000,0.000000,0.000000,0.000000,-0.009240,-0.125160,0.066732,-0.028832,0.014368,-0.001856
1781257088890339730,2026-06-12T16:38:08.890356,ground_truth,-0.080303,0.631000,0.159950,True,,,,,,,,,0.044222,1.081973,0.503613,0.000000,0.000000,0.000000,0.000000,0.000000,0.000000,-0.009240,-0.125160,0.066732,-0.028832,0.014368,-0.001856
1781257088918626000,2026-06-12T16:38:08.918672,ground_truth,-0.075880,0.665000,0.161258,True,,,,,,,,,0.044222,1.081973,0.503613,0.000000,0.000000,0.000000,0.000000,0.000000,0.000000,-0.009240,-0.125160,0.066732,-0.028832,0.014368,-0.001856
1781257088952236382,2026-06-12T16:38:08.952264,ground_truth,-0.075682,0.654000,0.161651,True,,,,,,,,,0.045090,1.072062,0.504530,0.000000,0.000000,0.000000,0.000000,0.000000,0.000000,-0.009240,-0.125160,0.066732,-0.028832,0.014368,-0.001856
1781257088982209600,2026-06-12T16:38:08.982230,ground_truth,-0.077737,0.628000,0.162577,True,,,,,,,,,0.045090,1.072062,0.504530,0.000000,0.000000,0.000000,0.000000,0.000000,0.000000,-0.009240,-0.125160,0.066732,-0.028832,0.014368,-0.001856
1781257089009458612,2026-06-12T16:38:09.009473,ground_truth,-0.077851,0.635000,0.162328,True,,,,,,,,,0.045783,1.061994,0.505875,0.000000,0.000000,0.000000,0.000000,0.000000,0.000000,-0.009240,-0.125160,0.066732,-0.028832,0.014368,-0.001856
1781257089038078652,2026-06-12T16:38:09.038101,ground_truth,-0.075413,0.639000,0.162185,True,,,,,,,,,0.045783,1.061994,0.505875,0.000000,0.000000,0.000000,0.000000,0.000000,0.000000,-0.009240,-0.125160,0.066732,-0.028832,0.014368,-0.001856
1781257089071110567,2026-06-12T16:38:09.071128,ground_truth,-0.077786,0.631000,0.162470,True,,,,,,,,,0.045649,1.054112,0.507923,0.000000,0.000000,0.000000,0.000000,0.000000,0.000000,-0.009240,-0.125160,0.066732,-0.028832,0.014368,-0.001856
1781257089104850159,2026-06-12T16:38:09.104878,ground_truth,-0.075682,0.654000,0.164133,True,,,,,,,,,0.045649,1.054112,0.507923,0.000000,0.000000,0.000000,0.000000,0.000000,0.000000,-0.009240,-0.125160,0.066732,-0.028832,0.014368,-0.001856
1781257089139137226,2026-06-12T16:38:09.139151,ground_truth,-0.077149,0.592000,0.166445,True,,,,,,,,,0.044464,1.057196,0.509906,0.000000,0.000000,0.000000,0.000000,0.000000,0.000000,-0.009240,-0.125160,0.066732,-0.028832,0.014368,-0.001856
1781257089175776755,2026-06-12T16:38:09.175803,ground_truth,-0.072752,0.631000,0.164991,True,,,,,,,,,0.044464,1.057196,0.509906,0.000000,0.000000,0.000000,0.000000,0.000000,0.000000,-0.009240,-0.125160,0.066732,-0.028832,0.014368,-0.001856
1781257089204060301,2026-06-12T16:38:09.204081,ground_truth,-0.070321,0.635000,0.164842,True,,,,,,,,,0.043991,1.059385,0.510099,0.000000,0.000000,0.000000,0.000000,0.000000,0.000000,-0.009240,-0.125160,0.066732,-0.028832,0.014368,-0.001856
1781257089235570940,2026-06-12T16:38:09.235606,ground_truth,-0.077345,0.604000,0.163433,True,,,,,,,,,0.043991,1.059385,0.510099,0.000000,0.000000,0.000000,0.000000,0.000000,0.000000,-0.009240,-0.125160,0.066732,-0.028832,0.014368,-0.001856
1781257089269781727,2026-06-12T16:38:09.269794,ground_truth,-0.079437,0.572000,0.164574,True,,,,,,,,,0.042836,1.063644,0.510446,0.000000,0.000000,0.000000,0.000000,0.000000,0.000000,-0.009240,-0.125160,0.066732,-0.028832,0.014368,-0.001856
1781257089302967399,2026-06-12T16:38:09.302995,ground_truth,-0.087190,0.563000,0.164894,True,,,,,,,,,0.042836,1.063644,0.510446,0.000000,0.000000,0.000000,0.000000,0.000000,0.000000,-0.009240,-0.125160,0.066732,-0.028832,0.014368,-0.001856
1781257089337040090,2026-06-12T16:38:09.337057,ground_truth,-0.087316,0.576000,0.164431,True,,,,,,,,,0.041222,1.069039,0.511105,0.000000,0.000000,0.000000,0.000000,0.000000,0.000000,-0.009240,-0.125160,0.066732,-0.028832,0.014368,-0.001856
1781257089369248786,2026-06-12T16:38:09.369270,ground_truth,-0.102963,0.521000,0.166392,True,,,,,,,,,0.041222,1.069039,0.511105,0.000000,0.000000,0.000000,0.000000,0.000000,0.000000,-0.009240,-0.125160,0.066732,-0.028832,0.014368,-0.001856
1781257089403289997,2026-06-12T16:38:09.403305,ground_truth,-0.108435,0.498000,0.164473,True,,,,,,,,,0.043225,1.063572,0.512062,0.000000,0.000000,0.000000,0.000000,0.000000,0.000000,-0.009240,-0.125160,0.066732,-0.028832,0.014368,-0.001856
1781257089439384439,2026-06-12T16:38:09.439408,ground_truth,-0.108301,0.538000,0.163113,True,,,,,,,,,0.043225,1.063572,0.512062,0.000000,0.000000,0.000000,0.000000,0.000000,0.000000,-0.009240,-0.125160,0.066732,-0.028832,0.014368,-0.001856
1781257089469150840,2026-06-12T16:38:09.469179,ground_truth,-0.108375,0.516000,0.163861,True,,,,,,,,,0.043795,1.061429,0.512103,0.000000,0.000000,0.000000,0.000000,0.000000,0.000000,-0.009240,-0.125160,0.066732,-0.028832,0.014368,-0.001856
1781257089502462388,2026-06-12T16:38:09.502481,ground_truth,-0.108375,0.516000,0.163861,True,,,,,,,,,0.043795,1.061429,0.512103,0.000000,0.000000,0.000000,0.000000,0.000000,0.000000,-0.009240,-0.125160,0.066732,-0.028832,0.014368,-0.001856
1781257089538849218,2026-06-12T16:38:09.538866,ground_truth,-0.108405,0.507000,0.164167,True,,,,,,,,,0.045118,1.057215,0.512185,0.000000,0.000000,0.000000,0.000000,0.000000,0.000000,-0.009240,-0.125160,0.066732,-0.028832,0.014368,-0.001856
1781257089567988397,2026-06-12T16:38:09.568009,ground_truth,-0.105732,0.480000,0.167853,True,,,,,,,,,0.045118,1.057215,0.512185,0.000000,0.000000,0.000000,0.000000,0.000000,0.000000,-0.009240,-0.125160,0.066732,-0.028832,0.014368,-0.001856
1781257089609801345,2026-06-12T16:38:09.609825,ground_truth,-0.105661,0.521000,0.166392,True,,,,,,,,,0.046890,1.050808,0.512315,0.000000,0.000000,0.000000,0.000000,0.000000,0.000000,-0.009240,-0.125160,0.066732,-0.028832,0.014368,-0.001856
1781257089643787628,2026-06-12T16:38:09.643813,ground_truth,-0.105723,0.485000,0.167675,True,,,,,,,,,0.046890,1.050808,0.512315,0.000000,0.000000,0.000000,0.000000,0.000000,0.000000,-0.009240,-0.125160,0.066732,-0.028832,0.014368,-0.001856
1781257089676125721,2026-06-12T16:38:09.676148,ground_truth,-0.097409,0.471000,0.168174,True,,,,,,,,,0.048968,1.042197,0.512471,0.000000,0.000000,0.000000,0.000000,0.000000,0.000000,-0.009240,-0.125160,0.066732,-0.028832,0.014368,-0.001856
1781257089702022321,2026-06-12T16:38:09.702044,ground_truth,-0.094562,0.457000,0.168673,True,,,,,,,,,0.048968,1.042197,0.512471,0.000000,0.000000,0.000000,0.000000,0.000000,0.000000,-0.009240,-0.125160,0.066732,-0.028832,0.014368,-0.001856
1781257089734510486,2026-06-12T16:38:09.734531,ground_truth,-0.091877,0.475000,0.170808,True,,,,,,,,,0.048968,1.042197,0.512471,0.000000,0.000000,0.000000,0.000000,0.000000,0.000000,-0.009240,-0.125160,0.066732,-0.028832,0.014368,-0.001856
1781257089768269574,2026-06-12T16:38:09.768291,ground_truth,-0.091877,0.475000,0.170808,True,,,,,,,,,0.050999,1.032405,0.512658,0.000000,0.000000,0.000000,0.000000,0.000000,0.000000,-0.009240,-0.125160,0.066732,-0.028832,0.014368,-0.001856
1781257089804311906,2026-06-12T16:38:09.804328,ground_truth,-0.091818,0.466000,0.171144,True,,,,,,,,,0.052749,1.022561,0.512915,0.000000,0.000000,0.000000,0.000000,0.000000,0.000000,-0.009240,-0.125160,0.066732,-0.028832,0.014368,-0.001856
1781257089835077488,2026-06-12T16:38:09.835098,ground_truth,-0.092058,0.503000,0.169764,True,,,,,,,,,0.052749,1.022561,0.512915,0.000000,0.000000,0.000000,0.000000,0.000000,0.000000,-0.009240,-0.125160,0.066732,-0.028832,0.014368,-0.001856
1781257089867771423,2026-06-12T16:38:09.867793,ground_truth,-0.089071,0.471000,0.170957,True,,,,,,,,,0.052749,1.022561,0.512915,0.000000,0.000000,0.000000,0.000000,0.000000,0.000000,-0.009240,-0.125160,0.066732,-0.028832,0.014368,-0.001856
1781257089900284852,2026-06-12T16:38:09.900306,ground_truth,-0.089031,0.466000,0.171144,True,,,,,,,,,0.054288,1.012676,0.513223,0.000000,0.000000,0.000000,0.000000,0.000000,0.000000,-0.009240,-0.125160,0.066732,-0.028832,0.014368,-0.001856
1781257089933564509,2026-06-12T16:38:09.933586,ground_truth,-0.089615,0.538000,0.168459,True,,,,,,,,,0.054288,1.012676,0.513223,0.000000,0.000000,0.000000,0.000000,0.000000,0.000000,-0.009240,-0.125160,0.066732,-0.028832,0.014368,-0.001856
1781257089970143941,2026-06-12T16:38:09.970164,ground_truth,-0.089331,0.503000,0.169764,True,,,,,,,,,0.055368,1.002743,0.513587,0.000000,0.000000,0.000000,0.000000,0.000000,0.000000,-0.009240,-0.125160,0.066732,-0.028832,0.014368,-0.001856
1781257090004773685,2026-06-12T16:38:10.004791,ground_truth,-0.089437,0.516000,0.169279,True,,,,,,,,,0.056050,0.992788,0.514026,0.000000,0.000000,0.000000,0.000000,0.000000,0.000000,-0.009240,-0.125160,0.066732,-0.028832,0.014368,-0.001856
1781257090036611859,2026-06-12T16:38:10.036638,ground_truth,-0.089364,0.507000,0.169615,True,,,,,,,,,0.056050,0.992788,0.514026,0.000000,0.000000,0.000000,0.000000,0.000000,0.000000,-0.009240,-0.125160,0.066732,-0.028832,0.014368,-0.001856
1781257090067809811,2026-06-12T16:38:10.067833,ground_truth,-0.086604,0.503000,0.169764,True,,,,,,,,,0.056050,0.992788,0.514026,0.000000,0.000000,0.000000,0.000000,0.000000,0.000000,-0.009240,-0.125160,0.066732,-0.028832,0.014368,-0.001856
1781257090101147798,2026-06-12T16:38:10.101170,ground_truth,-0.089331,0.503000,0.169764,True,,,,,,,,,0.056347,0.982806,0.514570,0.000000,0.000000,0.000000,0.000000,0.000000,0.000000,-0.009240,-0.125160,0.066732,-0.028832,0.014368,-0.001856
1781257090133998582,2026-06-12T16:38:10.134025,ground_truth,-0.089104,0.475000,0.170808,True,,,,,,,,,0.056347,0.982806,0.514570,0.000000,0.000000,0.000000,0.000000,0.000000,0.000000,-0.009240,-0.125160,0.066732,-0.028832,0.014368,-0.001856
1781257090166838903,2026-06-12T16:38:10.166860,ground_truth,-0.089104,0.475000,0.173585,True,,,,,,,,,0.056227,0.972813,0.515173,0.000000,0.000000,0.000000,0.000000,0.000000,0.000000,-0.009240,-0.125160,0.066732,-0.028832,0.014368,-0.001856
1781257090201078583,2026-06-12T16:38:10.201100,ground_truth,-0.088804,0.438000,0.175025,True,,,,,,,,,0.056227,0.972813,0.515173,0.000000,0.000000,0.000000,0.000000,0.000000,0.000000,-0.009240,-0.125160,0.066732,-0.028832,0.014368,-0.001856
1781257090235895312,2026-06-12T16:38:10.235914,ground_truth,-0.086243,0.466000,0.173935,True,,,,,,,,,0.055750,0.962857,0.515904,0.000000,0.000000,0.000000,0.000000,0.000000,0.000000,-0.009240,-0.125160,0.066732,-0.028832,0.014368,-0.001856
1781257090277105090,2026-06-12T16:38:10.277123,ground_truth,-0.086331,0.475000,0.173585,True,,,,,,,,,0.055069,0.952926,0.516802,0.000000,0.000000,0.000000,0.000000,0.000000,0.000000,-0.009240,-0.125160,0.066732,-0.028832,0.014368,-0.001856
1781257090303537143,2026-06-12T16:38:10.303560,ground_truth,-0.083980,0.512000,0.172144,True,,,,,,,,,0.055069,0.952926,0.516802,0.000000,0.000000,0.000000,0.000000,0.000000,0.000000,-0.009240,-0.125160,0.066732,-0.028832,0.014368,-0.001856
1781257090341976481,2026-06-12T16:38:10.341997,ground_truth,-0.083558,0.475000,0.173585,True,,,,,,,,,0.054080,0.943006,0.517770,0.000000,0.000000,0.000000,0.000000,0.000000,0.000000,-0.009240,-0.125160,0.066732,-0.028832,0.014368,-0.001856
1781257090374588531,2026-06-12T16:38:10.374609,ground_truth,-0.086243,0.466000,0.173935,True,,,,,,,,,0.054080,0.943006,0.517770,0.000000,0.000000,0.000000,0.000000,0.000000,0.000000,-0.009240,-0.125160,0.066732,-0.028832,0.014368,-0.001856
1781257090401316739,2026-06-12T16:38:10.401339,ground_truth,-0.086107,0.452000,0.174480,True,,,,,,,,,0.054080,0.943006,0.517770,0.000000,0.000000,0.000000,0.000000,0.000000,0.000000,-0.009240,-0.125160,0.066732,-0.028832,0.014368,-0.001856
1781257090433289844,2026-06-12T16:38:10.433306,ground_truth,-0.086429,0.485000,0.175955,True,,,,,,,,,0.052831,0.934385,0.518849,0.000000,0.000000,0.000000,0.000000,0.000000,0.000000,-0.009240,-0.125160,0.066732,-0.028832,0.014368,-0.001856
1781257090468741063,2026-06-12T16:38:10.468753,ground_truth,-0.086556,0.498000,0.175428,True,,,,,,,,,0.051689,0.927946,0.520070,0.000000,0.000000,0.000000,0.000000,0.000000,0.000000,-0.009240,-0.125160,0.066732,-0.028832,0.014368,-0.001856
1781257090500753778,2026-06-12T16:38:10.500770,ground_truth,-0.086331,0.475000,0.176361,True,,,,,,,,,0.051689,0.927946,0.520070,0.000000,0.000000,0.000000,0.000000,0.000000,0.000000,-0.009240,-0.125160,0.066732,-0.028832,0.014368,-0.001856
1781257090535333645,2026-06-12T16:38:10.535346,ground_truth,-0.083923,0.507000,0.175063,True,,,,,,,,,0.050906,0.923125,0.521314,0.000000,0.000000,0.000000,0.000000,0.000000,0.000000,-0.009240,-0.125160,0.066732,-0.028832,0.014368,-0.001856
1781257090571110118,2026-06-12T16:38:10.571126,ground_truth,-0.083718,0.489000,0.175793,True,,,,,,,,,0.050906,0.923125,0.521314,0.000000,0.000000,0.000000,0.000000,0.000000,0.000000,-0.009240,-0.125160,0.066732,-0.028832,0.014368,-0.001856
1781257090603470876,2026-06-12T16:38:10.603483,ground_truth,-0.083399,0.461000,0.176929,True,,,,,,,,,0.050080,0.919827,0.522480,0.000000,0.000000,0.000000,0.000000,0.000000,0.000000,-0.009240,-0.125160,0.066732,-0.028832,0.014368,-0.001856
1781257090635019325,2026-06-12T16:38:10.635035,ground_truth,-0.083821,0.498000,0.175428,True,,,,,,,,,0.050080,0.919827,0.522480,0.000000,0.000000,0.000000,0.000000,0.000000,0.000000,-0.009240,-0.125160,0.066732,-0.028832,0.014368,-0.001856
1781257090668562977,2026-06-12T16:38:10.668577,ground_truth,-0.080968,0.489000,0.175793,True,,,,,,,,,0.049076,0.917654,0.523435,0.000000,0.000000,0.000000,0.000000,0.000000,0.000000,-0.009240,-0.125160,0.066732,-0.028832,0.014368,-0.001856
1781257090701112720,2026-06-12T16:38:10.701133,ground_truth,-0.078351,0.498000,0.175428,True,,,,,,,,,0.049076,0.917654,0.523435,0.000000,0.000000,0.000000,0.000000,0.000000,0.000000,-0.009240,-0.125160,0.066732,-0.028832,0.014368,-0.001856
1781257090735095615,2026-06-12T16:38:10.735115,ground_truth,-0.076546,0.555000,0.173115,True,,,,,,,,,0.048067,0.917647,0.523917,0.000000,0.000000,0.000000,0.000000,0.000000,0.000000,-0.009240,-0.125160,0.066732,-0.028832,0.014368,-0.001856
1781257090770092256,2026-06-12T16:38:10.770113,ground_truth,-0.075616,0.498000,0.175428,True,,,,,,,,,0.048067,0.917647,0.523917,0.000000,0.000000,0.000000,0.000000,0.000000,0.000000,-0.009240,-0.125160,0.066732,-0.028832,0.014368,-0.001856
1781257090806681660,2026-06-12T16:38:10.806695,ground_truth,-0.067810,0.635000,0.172383,True,,,,,,,,,0.047087,0.919834,0.524004,0.000000,0.000000,0.000000,0.000000,0.000000,0.000000,-0.009240,-0.125160,0.066732,-0.028832,0.014368,-0.001856
1781257090836488185,2026-06-12T16:38:10.836505,ground_truth,-0.067948,0.641000,0.169626,True,,,,,,,,,0.047087,0.919834,0.524004,0.000000,0.000000,0.000000,0.000000,0.000000,0.000000,-0.009240,-0.125160,0.066732,-0.028832,0.014368,-0.001856
1781257090868597590,2026-06-12T16:38:10.868615,ground_truth,-0.065594,0.647000,0.171876,True,,,,,,,,,0.046066,0.924218,0.523914,0.000000,0.000000,0.000000,0.000000,0.000000,0.000000,-0.009240,-0.125160,0.066732,-0.028832,0.014368,-0.001856
1781257090900278958,2026-06-12T16:38:10.900295,ground_truth,-0.063575,0.665000,0.171116,True,,,,,,,,,0.046066,0.924218,0.523914,0.000000,0.000000,0.000000,0.000000,0.000000,0.000000,-0.009240,-0.125160,0.066732,-0.028832,0.014368,-0.001856
1781257090935588461,2026-06-12T16:38:10.935603,ground_truth,-0.062198,0.704000,0.171870,True,,,,,,,,,0.044999,0.930861,0.523718,0.000000,0.000000,0.000000,0.000000,0.000000,0.000000,-0.009240,-0.125160,0.066732,-0.028832,0.014368,-0.001856
1781257090974163023,2026-06-12T16:38:10.974177,ground_truth,-0.060596,0.731000,0.170686,True,,,,,,,,,0.044999,0.930861,0.523718,0.000000,0.000000,0.000000,0.000000,0.000000,0.000000,-0.009240,-0.125160,0.066732,-0.028832,0.014368,-0.001856
1781257091003006399,2026-06-12T16:38:11.003018,ground_truth,-0.058368,0.735000,0.170510,True,,,,,,,,,0.043904,0.939691,0.523465,0.000000,0.000000,0.000000,0.000000,0.000000,0.000000,-0.009240,-0.125160,0.066732,-0.028832,0.014368,-0.001856
1781257091033594217,2026-06-12T16:38:11.033611,ground_truth,-0.056349,0.745000,0.170072,True,,,,,,,,,0.043904,0.939691,0.523465,0.000000,0.000000,0.000000,0.000000,0.000000,0.000000,-0.009240,-0.125160,0.066732,-0.028832,0.014368,-0.001856
1781257091079502172,2026-06-12T16:38:11.079518,ground_truth,-0.052589,0.770000,0.168975,True,,,,,,,,,0.042789,0.949624,0.523206,0.000000,0.000000,0.000000,0.000000,0.000000,0.000000,-0.009240,-0.125160,0.066732,-0.028832,0.014368,-0.001856
1781257091103562217,2026-06-12T16:38:11.103587,ground_truth,-0.050075,0.764000,0.169238,True,,,,,,,,,0.042789,0.949624,0.523206,0.000000,0.000000,0.000000,0.000000,0.000000,0.000000,-0.009240,-0.125160,0.066732,-0.028832,0.014368,-0.001856
1781257091135918357,2026-06-12T16:38:11.135938,ground_truth,-0.048012,0.770000,0.168975,True,,,,,,,,,0.041636,0.959565,0.522941,0.000000,0.000000,0.000000,0.000000,0.000000,0.000000,-0.009240,-0.125160,0.066732,-0.028832,0.014368,-0.001856
1781257091169069546,2026-06-12T16:38:11.169088,ground_truth,-0.045723,0.770000,0.171267,True,,,,,,,,,0.041636,0.959565,0.522941,0.000000,0.000000,0.000000,0.000000,0.000000,0.000000,-0.009240,-0.125160,0.066732,-0.028832,0.014368,-0.001856
1781257091202128833,2026-06-12T16:38:11.202141,ground_truth,-0.045887,0.774000,0.171085,True,,,,,,,,,0.040456,0.969477,0.522696,0.000000,0.000000,0.000000,0.000000,0.000000,0.000000,-0.009240,-0.125160,0.066732,-0.028832,0.014368,-0.001856
1781257091244853733,2026-06-12T16:38:11.244874,ground_truth,-0.045723,0.770000,0.171267,True,,,,,,,,,0.040456,0.969477,0.522696,0.000000,0.000000,0.000000,0.000000,0.000000,0.000000,-0.009240,-0.125160,0.066732,-0.028832,0.014368,-0.001856
1781257091270615687,2026-06-12T16:38:11.270637,ground_truth,-0.045478,0.764000,0.171540,True,,,,,,,,,0.039279,0.979424,0.522481,0.000000,0.000000,0.000000,0.000000,0.000000,0.000000,-0.009240,-0.125160,0.066732,-0.028832,0.014368,-0.001856
1781257091310337241,2026-06-12T16:38:11.310364,ground_truth,-0.045723,0.770000,0.171267,True,,,,,,,,,0.039279,0.979424,0.522481,0.000000,0.000000,0.000000,0.000000,0.000000,0.000000,-0.009240,-0.125160,0.066732,-0.028832,0.014368,-0.001856
1781257091341679463,2026-06-12T16:38:11.341705,ground_truth,-0.045355,0.761000,0.171677,True,,,,,,,,,0.038130,0.989339,0.522287,0.000000,0.000000,0.000000,0.000000,0.000000,0.000000,-0.009240,-0.125160,0.066732,-0.028832,0.014368,-0.001856
1781257091370569285,2026-06-12T16:38:11.370588,ground_truth,-0.041013,0.767000,0.171404,True,,,,,,,,,0.038130,0.989339,0.522287,0.000000,0.000000,0.000000,0.000000,0.000000,0.000000,-0.009240,-0.125160,0.066732,-0.028832,0.014368,-0.001856
1781257091404136734,2026-06-12T16:38:11.404160,ground_truth,-0.045478,0.764000,0.171540,True,,,,,,,,,0.036927,0.999275,0.522117,0.000000,0.000000,0.000000,0.000000,0.000000,0.000000,-0.009240,-0.125160,0.066732,-0.028832,0.014368,-0.001856
1781257091436031738,2026-06-12T16:38:11.436053,ground_truth,-0.043307,0.767000,0.173700,True,,,,,,,,,0.036927,0.999275,0.522117,0.000000,0.000000,0.000000,0.000000,0.000000,0.000000,-0.009240,-0.125160,0.066732,-0.028832,0.014368,-0.001856
1781257091470534655,2026-06-12T16:38:11.470550,ground_truth,-0.043605,0.774000,0.173370,True,,,,,,,,,0.035693,1.009199,0.521968,0.000000,0.000000,0.000000,0.000000,0.000000,0.000000,-0.009240,-0.125160,0.066732,-0.028832,0.014368,-0.001856
1781257091502423120,2026-06-12T16:38:11.502442,ground_truth,-0.039040,0.774000,0.173370,True,,,,,,,,,0.035693,1.009199,0.521968,0.000000,0.000000,0.000000,0.000000,0.000000,0.000000,-0.009240,-0.125160,0.066732,-0.028832,0.014368,-0.001856
1781257091535154274,2026-06-12T16:38:11.535184,ground_truth,-0.035213,0.789000,0.174924,True,,,,,,,,,0.034391,1.019091,0.521845,0.000000,0.000000,0.000000,0.000000,0.000000,0.000000,-0.009240,-0.125160,0.066732,-0.028832,0.014368,-0.001856
1781257091577801283,2026-06-12T16:38:11.577815,ground_truth,-0.037043,0.780000,0.175363,True,,,,,,,,,0.034391,1.019091,0.521845,0.000000,0.000000,0.000000,0.000000,0.000000,0.000000,-0.009240,-0.125160,0.066732,-0.028832,0.014368,-0.001856
1781257091604580282,2026-06-12T16:38:11.604599,ground_truth,-0.037186,0.783000,0.175217,True,,,,,,,,,0.032993,1.029008,0.521763,0.000000,0.000000,0.000000,0.000000,0.000000,0.000000,-0.009240,-0.125160,0.066732,-0.028832,0.014368,-0.001856
1781257091636247564,2026-06-12T16:38:11.636264,ground_truth,-0.037186,0.783000,0.175217,True,,,,,,,,,0.032993,1.029008,0.521763,0.000000,0.000000,0.000000,0.000000,0.000000,0.000000,-0.009240,-0.125160,0.066732,-0.028832,0.014368,-0.001856
1781257091668637968,2026-06-12T16:38:11.668664,ground_truth,-0.037186,0.783000,0.175217,True,,,,,,,,,0.031534,1.038878,0.521728,0.000000,0.000000,0.000000,0.000000,0.000000,0.000000,-0.009240,-0.125160,0.066732,-0.028832,0.014368,-0.001856
1781257091710842960,2026-06-12T16:38:11.710863,ground_truth,-0.039591,0.786000,0.175070,True,,,,,,,,,0.031534,1.038878,0.521728,0.000000,0.000000,0.000000,0.000000,0.000000,0.000000,-0.009240,-0.125160,0.066732,-0.028832,0.014368,-0.001856
1781257091746396956,2026-06-12T16:38:11.746415,ground_truth,-0.041588,0.780000,0.175363,True,,,,,,,,,0.030027,1.048804,0.521722,0.000000,0.000000,0.000000,0.000000,0.000000,0.000000,-0.009240,-0.125160,0.066732,-0.028832,0.014368,-0.001856
1781257091778246237,2026-06-12T16:38:11.778267,ground_truth,-0.043605,0.774000,0.175656,True,,,,,,,,,0.030027,1.048804,0.521722,0.000000,0.000000,0.000000,0.000000,0.000000,0.000000,-0.009240,-0.125160,0.066732,-0.028832,0.014368,-0.001856
1781257091811123289,2026-06-12T16:38:11.811147,ground_truth,-0.043434,0.770000,0.175851,True,,,,,,,,,0.028499,1.058792,0.521750,0.000000,0.000000,0.000000,0.000000,0.000000,0.000000,-0.009240,-0.125160,0.066732,-0.028832,0.014368,-0.001856
1781257091836741494,2026-06-12T16:38:11.836766,ground_truth,-0.045887,0.774000,0.173370,True,,,,,,,,,0.028499,1.058792,0.521750,0.000000,0.000000,0.000000,0.000000,0.000000,0.000000,-0.009240,-0.125160,0.066732,-0.028832,0.014368,-0.001856
1781257091871031331,2026-06-12T16:38:11.871049,ground_truth,-0.045723,0.770000,0.173559,True,,,,,,,,,0.027008,1.068563,0.521802,0.000000,0.000000,0.000000,0.000000,0.000000,0.000000,-0.009240,-0.125160,0.066732,-0.028832,0.014368,-0.001856
1781257091911572065,2026-06-12T16:38:11.911591,ground_truth,-0.048169,0.774000,0.173370,True,,,,,,,,,0.027008,1.068563,0.521802,0.000000,0.000000,0.000000,0.000000,0.000000,0.000000,-0.009240,-0.125160,0.066732,-0.028832,0.014368,-0.001856
1781257091937598597,2026-06-12T16:38:11.937619,ground_truth,-0.050451,0.774000,0.173370,True,,,,,,,,,0.025540,1.078445,0.521873,0.000000,0.000000,0.000000,0.000000,0.000000,0.000000,-0.009240,-0.125160,0.066732,-0.028832,0.014368,-0.001856
1781257091976357602,2026-06-12T16:38:11.976381,ground_truth,-0.050301,0.770000,0.173559,True,,,,,,,,,0.025540,1.078445,0.521873,0.000000,0.000000,0.000000,0.000000,0.000000,0.000000,-0.009240,-0.125160,0.066732,-0.028832,0.014368,-0.001856
1781257092008740765,2026-06-12T16:38:12.008756,ground_truth,-0.050564,0.777000,0.173229,True,,,,,,,,,0.024145,1.088358,0.521943,0.000000,0.000000,0.000000,0.000000,0.000000,0.000000,-0.009240,-0.125160,0.066732,-0.028832,0.014368,-0.001856
1781257092042256652,2026-06-12T16:38:12.042283,ground_truth,-0.050301,0.770000,0.173559,True,,,,,,,,,0.024145,1.088358,0.521943,0.000000,0.000000,0.000000,0.000000,0.000000,0.000000,-0.009240,-0.125160,0.066732,-0.028832,0.014368,-0.001856
1781257092070397239,2026-06-12T16:38:12.070414,ground_truth,-0.052373,0.764000,0.173842,True,,,,,,,,,0.022887,1.098246,0.522005,0.000000,0.000000,0.000000,0.000000,0.000000,0.000000,-0.009240,-0.125160,0.066732,-0.028832,0.014368,-0.001856
1781257092108440063,2026-06-12T16:38:12.108462,ground_truth,-0.052157,0.758000,0.174125,True,,,,,,,,,0.022887,1.098246,0.522005,0.000000,0.000000,0.000000,0.000000,0.000000,0.000000,-0.009240,-0.125160,0.066732,-0.028832,0.014368,-0.001856
1781257092140244062,2026-06-12T16:38:12.140262,ground_truth,-0.053057,0.783000,0.170676,True,,,,,,,,,0.021772,1.108222,0.522054,0.000000,0.000000,0.000000,0.000000,0.000000,0.000000,-0.009240,-0.125160,0.066732,-0.028832,0.014368,-0.001856
1781257092173882518,2026-06-12T16:38:12.173906,ground_truth,-0.052481,0.767000,0.171404,True,,,,,,,,,0.021772,1.108222,0.522054,0.000000,0.000000,0.000000,0.000000,0.000000,0.000000,-0.009240,-0.125160,0.066732,-0.028832,0.014368,-0.001856
1781257092205150095,2026-06-12T16:38:12.205171,ground_truth,-0.052589,0.770000,0.171267,True,,,,,,,,,0.020832,1.118171,0.522051,0.000000,0.000000,0.000000,0.000000,0.000000,0.000000,-0.009240,-0.125160,0.066732,-0.028832,0.014368,-0.001856
1781257092238635201,2026-06-12T16:38:12.238670,ground_truth,-0.054775,0.767000,0.171404,True,,,,,,,,,0.020832,1.118171,0.522051,0.000000,0.000000,0.000000,0.000000,0.000000,0.000000,-0.009240,-0.125160,0.066732,-0.028832,0.014368,-0.001856
1781257092272319514,2026-06-12T16:38:12.272334,ground_truth,-0.052733,0.774000,0.171085,True,,,,,,,,,0.020055,1.128160,0.521992,0.000000,0.000000,0.000000,0.000000,0.000000,0.000000,-0.009240,-0.125160,0.066732,-0.028832,0.014368,-0.001856
1781257092303540301,2026-06-12T16:38:12.303561,ground_truth,-0.052841,0.777000,0.170949,True,,,,,,,,,0.020055,1.128160,0.521992,0.000000,0.000000,0.000000,0.000000,0.000000,0.000000,-0.009240,-0.125160,0.066732,-0.028832,0.014368,-0.001856
1781257092337301870,2026-06-12T16:38:12.337319,ground_truth,-0.055119,0.777000,0.170949,True,,,,,,,,,0.019422,1.138115,0.521857,0.000000,0.000000,0.000000,0.000000,0.000000,0.000000,-0.009240,-0.125160,0.066732,-0.028832,0.014368,-0.001856
1781257092370336267,2026-06-12T16:38:12.370357,ground_truth,-0.052157,0.758000,0.171813,True,,,,,,,,,0.019422,1.138115,0.521857,0.000000,0.000000,0.000000,0.000000,0.000000,0.000000,-0.009240,-0.125160,0.066732,-0.028832,0.014368,-0.001856
1781257092406988964,2026-06-12T16:38:12.407011,ground_truth,-0.052265,0.761000,0.171677,True,,,,,,,,,0.018934,1.148109,0.521684,0.000000,0.000000,0.000000,0.000000,0.000000,0.000000,-0.009240,-0.125160,0.066732,-0.028832,0.014368,-0.001856
1781257092441883930,2026-06-12T16:38:12.441903,ground_truth,-0.052481,0.767000,0.171404,True,,,,,,,,,0.018934,1.148109,0.521684,0.000000,0.000000,0.000000,0.000000,0.000000,0.000000,-0.009240,-0.125160,0.066732,-0.028832,0.014368,-0.001856
1781257092470696331,2026-06-12T16:38:12.470725,ground_truth,-0.052265,0.761000,0.171677,True,,,,,,,,,0.018934,1.148109,0.521684,0.000000,0.000000,0.000000,0.000000,0.000000,0.000000,-0.009240,-0.125160,0.066732,-0.028832,0.014368,-0.001856
1781257092503448808,2026-06-12T16:38:12.503470,ground_truth,-0.052589,0.770000,0.171267,True,,,,,,,,,0.018934,1.148109,0.521684,0.000000,0.000000,0.000000,0.000000,0.000000,0.000000,-0.009240,-0.125160,0.066732,-0.028832,0.014368,-0.001856
1781257092538600074,2026-06-12T16:38:12.538619,ground_truth,-0.054328,0.754000,0.171995,True,,,,,,,,,0.018336,1.163092,0.521288,0.000000,0.000000,0.000000,0.000000,0.000000,0.000000,-0.009240,-0.125160,0.066732,-0.028832,0.014368,-0.001856
1781257092577884747,2026-06-12T16:38:12.577912,ground_truth,-0.056349,0.745000,0.172405,True,,,,,,,,,0.018336,1.163092,0.521288,0.000000,0.000000,0.000000,0.000000,0.000000,0.000000,-0.009240,-0.125160,0.066732,-0.028832,0.014368,-0.001856
1781257092611241317,2026-06-12T16:38:12.611260,ground_truth,-0.056218,0.741000,0.170247,True,,,,,,,,,0.018045,1.173105,0.520967,0.000000,0.000000,0.000000,0.000000,0.000000,0.000000,-0.009240,-0.125160,0.066732,-0.028832,0.014368,-0.001856
1781257092640306177,2026-06-12T16:38:12.640325,ground_truth,-0.056545,0.751000,0.169809,True,,,,,,,,,0.018045,1.173105,0.520967,0.000000,0.000000,0.000000,0.000000,0.000000,0.000000,-0.009240,-0.125160,0.066732,-0.028832,0.014368,-0.001856
1781257092670843369,2026-06-12T16:38:12.670865,ground_truth,-0.055891,0.731000,0.170686,True,,,,,,,,,0.017894,1.183094,0.520521,0.000000,0.000000,0.000000,0.000000,0.000000,0.000000,-0.009240,-0.125160,0.066732,-0.028832,0.014368,-0.001856
1781257092706522271,2026-06-12T16:38:12.706545,ground_truth,-0.056021,0.735000,0.170510,True,,,,,,,,,0.017894,1.183094,0.520521,0.000000,0.000000,0.000000,0.000000,0.000000,0.000000,-0.009240,-0.125160,0.066732,-0.028832,0.014368,-0.001856
1781257092739593749,2026-06-12T16:38:12.739612,ground_truth,-0.056349,0.745000,0.170072,True,,,,,,,,,0.017963,1.191832,0.519993,0.000000,0.000000,0.000000,0.000000,0.000000,0.000000,-0.009240,-0.125160,0.066732,-0.028832,0.014368,-0.001856
1781257092778165587,2026-06-12T16:38:12.778193,ground_truth,-0.062949,0.731000,0.170686,True,,,,,,,,,0.017963,1.191832,0.519993,0.000000,0.000000,0.000000,0.000000,0.000000,0.000000,-0.009240,-0.125160,0.066732,-0.028832,0.014368,-0.001856
1781257092805647616,2026-06-12T16:38:12.805673,ground_truth,-0.061008,0.745000,0.170072,True,,,,,,,,,0.018420,1.198395,0.519408,0.000000,0.000000,0.000000,0.000000,0.000000,0.000000,-0.009240,-0.125160,0.066732,-0.028832,0.014368,-0.001856
1781257092842799509,2026-06-12T16:38:12.842824,ground_truth,-0.066992,0.704000,0.171870,True,,,,,,,,,0.018420,1.198395,0.519408,0.000000,0.000000,0.000000,0.000000,0.000000,0.000000,-0.009240,-0.125160,0.066732,-0.028832,0.014368,-0.001856
1781257092872008008,2026-06-12T16:38:12.872030,ground_truth,-0.066820,0.697000,0.172177,True,,,,,,,,,0.020152,1.191039,0.519368,0.000000,0.000000,0.000000,0.000000,0.000000,0.000000,-0.009240,-0.125160,0.066732,-0.028832,0.014368,-0.001856
1781257092908825052,2026-06-12T16:38:12.908846,ground_truth,-0.071489,0.690000,0.172484,True,,,,,,,,,0.020152,1.191039,0.519368,0.000000,0.000000,0.000000,0.000000,0.000000,0.000000,-0.009240,-0.125160,0.066732,-0.028832,0.014368,-0.001856
1781257092941980147,2026-06-12T16:38:12.942005,ground_truth,-0.071574,0.694000,0.172309,True,,,,,,,,,0.020707,1.188885,0.519387,0.000000,0.000000,0.000000,0.000000,0.000000,0.000000,-0.009240,-0.125160,0.066732,-0.028832,0.014368,-0.001856
1781257092975962977,2026-06-12T16:38:12.975989,ground_truth,-0.065040,0.721000,0.171124,True,,,,,,,,,0.020707,1.188885,0.519387,0.000000,0.000000,0.000000,0.000000,0.000000,0.000000,-0.009240,-0.125160,0.066732,-0.028832,0.014368,-0.001856
1781257093011120009,2026-06-12T16:38:13.011143,ground_truth,-0.067507,0.725000,0.170949,True,,,,,,,,,0.020707,1.188885,0.519387,0.000000,0.000000,0.000000,0.000000,0.000000,0.000000,-0.009240,-0.125160,0.066732,-0.028832,0.014368,-0.001856
1781257093040034361,2026-06-12T16:38:13.040059,ground_truth,-0.070586,0.647500,0.174348,True,,,,,,,,,0.020707,1.188885,0.519387,0.000000,0.000000,0.000000,0.000000,0.000000,0.000000,-0.009240,-0.125160,0.066732,-0.028832,0.014368,-0.001856
1781257093076529891,2026-06-12T16:38:13.076547,ground_truth,-0.066305,0.676000,0.173098,True,,,,,,,,,0.022874,1.180837,0.519466,0.000000,0.000000,0.000000,0.000000,0.000000,0.000000,-0.009240,-0.125160,0.066732,-0.028832,0.014368,-0.001856
1781257093104331391,2026-06-12T16:38:13.104352,ground_truth,-0.064961,0.718000,0.171256,True,,,,,,,,,0.022874,1.180837,0.519466,0.000000,0.000000,0.000000,0.000000,0.000000,0.000000,-0.009240,-0.125160,0.066732,-0.028832,0.014368,-0.001856
1781257093142387898,2026-06-12T16:38:13.142411,ground_truth,-0.067335,0.718000,0.171256,True,,,,,,,,,0.024658,1.173270,0.519546,0.000000,0.000000,0.000000,0.000000,0.000000,0.000000,-0.009240,-0.125160,0.066732,-0.028832,0.014368,-0.001856
1781257093173841876,2026-06-12T16:38:13.173864,ground_truth,-0.066919,0.701000,0.172002,True,,,,,,,,,0.024658,1.173270,0.519546,0.000000,0.000000,0.000000,0.000000,0.000000,0.000000,-0.009240,-0.125160,0.066732,-0.028832,0.014368,-0.001856
1781257093207767780,2026-06-12T16:38:13.207790,ground_truth,-0.068085,0.647000,0.174370,True,,,,,,,,,0.026853,1.164099,0.519714,0.000000,0.000000,0.000000,0.000000,0.000000,0.000000,-0.009240,-0.125160,0.066732,-0.028832,0.014368,-0.001856
1781257093238727306,2026-06-12T16:38:13.238755,ground_truth,-0.071489,0.690000,0.172484,True,,,,,,,,,0.026853,1.164099,0.519714,0.000000,0.000000,0.000000,0.000000,0.000000,0.000000,-0.009240,-0.125160,0.066732,-0.028832,0.014368,-0.001856
1781257093273270247,2026-06-12T16:38:13.273296,ground_truth,-0.075215,0.628000,0.175203,True,,,,,,,,,0.026853,1.164099,0.519714,0.000000,0.000000,0.000000,0.000000,0.000000,0.000000,-0.009240,-0.125160,0.066732,-0.028832,0.014368,-0.001856
1781257093307317141,2026-06-12T16:38:13.307336,ground_truth,-0.073634,0.676000,0.173098,True,,,,,,,,,0.026853,1.164099,0.519714,0.000000,0.000000,0.000000,0.000000,0.000000,0.000000,-0.009240,-0.125160,0.066732,-0.028832,0.014368,-0.001856
1781257093341909248,2026-06-12T16:38:13.341929,ground_truth,-0.072762,0.631500,0.175050,True,,,,,,,,,0.030282,1.149510,0.520355,0.000000,0.000000,0.000000,0.000000,0.000000,0.000000,-0.009240,-0.125160,0.066732,-0.028832,0.014368,-0.001856
1781257093373120854,2026-06-12T16:38:13.373140,ground_truth,-0.068840,0.680000,0.172923,True,,,,,,,,,0.030282,1.149510,0.520355,0.000000,0.000000,0.000000,0.000000,0.000000,0.000000,-0.009240,-0.125160,0.066732,-0.028832,0.014368,-0.001856
1781257093406405853,2026-06-12T16:38:13.406425,ground_truth,-0.071489,0.690000,0.172484,True,,,,,,,,,0.031715,1.140195,0.520701,0.000000,0.000000,0.000000,0.000000,0.000000,0.000000,-0.009240,-0.125160,0.066732,-0.028832,0.014368,-0.001856
1781257093442517814,2026-06-12T16:38:13.442538,ground_truth,-0.066992,0.704000,0.171870,True,,,,,,,,,0.031715,1.140195,0.520701,0.000000,0.000000,0.000000,0.000000,0.000000,0.000000,-0.009240,-0.125160,0.066732,-0.028832,0.014368,-0.001856
1781257093483391821,2026-06-12T16:38:13.483407,ground_truth,-0.067262,0.715000,0.173770,True,,,,,,,,,0.032486,1.132818,0.520914,0.000000,0.000000,0.000000,0.000000,0.000000,0.000000,-0.009240,-0.125160,0.066732,-0.028832,0.014368,-0.001856
1781257093516410026,2026-06-12T16:38:13.516429,ground_truth,-0.067041,0.706000,0.174179,True,,,,,,,,,0.032486,1.132818,0.520914,0.000000,0.000000,0.000000,0.000000,0.000000,0.000000,-0.009240,-0.125160,0.066732,-0.028832,0.014368,-0.001856
1781257093549338742,2026-06-12T16:38:13.549372,ground_truth,-0.067090,0.708000,0.174088,True,,,,,,,,,0.033095,1.127648,0.521362,0.000000,0.000000,0.000000,0.000000,0.000000,0.000000,-0.009240,-0.125160,0.066732,-0.028832,0.014368,-0.001856
1781257093583966130,2026-06-12T16:38:13.583989,ground_truth,-0.064517,0.701000,0.174407,True,,,,,,,,,0.033095,1.127648,0.521362,0.000000,0.000000,0.000000,0.000000,0.000000,0.000000,-0.009240,-0.125160,0.066732,-0.028832,0.014368,-0.001856
1781257093622686294,2026-06-12T16:38:13.622716,ground_truth,-0.069275,0.699000,0.174498,True,,,,,,,,,0.033095,1.127648,0.521362,0.000000,0.000000,0.000000,0.000000,0.000000,0.000000,-0.009240,-0.125160,0.066732,-0.028832,0.014368,-0.001856
1781257093656463177,2026-06-12T16:38:13.656489,ground_truth,-0.071637,0.697000,0.174589,True,,,,,,,,,0.033095,1.127648,0.521362,0.000000,0.000000,0.000000,0.000000,0.000000,0.000000,-0.009240,-0.125160,0.066732,-0.028832,0.014368,-0.001856
1781257093687812743,2026-06-12T16:38:13.687839,ground_truth,-0.069069,0.690000,0.174907,True,,,,,,,,,0.033341,1.129131,0.521956,0.000000,0.000000,0.000000,0.000000,0.000000,0.000000,-0.009240,-0.125160,0.066732,-0.028832,0.014368,-0.001856
1781257093723436406,2026-06-12T16:38:13.723463,ground_truth,-0.067703,0.733000,0.175303,True,,,,,,,,,0.033341,1.129131,0.521956,0.000000,0.000000,0.000000,0.000000,0.000000,0.000000,-0.009240,-0.125160,0.066732,-0.028832,0.014368,-0.001856
1781257093755777167,2026-06-12T16:38:13.755800,ground_truth,-0.066477,0.683000,0.177661,True,,,,,,,,,0.033492,1.126937,0.522282,0.000000,0.000000,0.000000,0.000000,0.000000,0.000000,-0.009240,-0.125160,0.066732,-0.028832,0.014368,-0.001856
1781257093789298189,2026-06-12T16:38:13.789323,ground_truth,-0.065301,0.731000,0.175398,True,,,,,,,,,0.033492,1.126937,0.522282,0.000000,0.000000,0.000000,0.000000,0.000000,0.000000,-0.009240,-0.125160,0.066732,-0.028832,0.014368,-0.001856
1781257093824901853,2026-06-12T16:38:13.824923,ground_truth,-0.067262,0.715000,0.176152,True,,,,,,,,,0.033278,1.126937,0.522591,0.000000,0.000000,0.000000,0.000000,0.000000,0.000000,-0.009240,-0.125160,0.066732,-0.028832,0.014368,-0.001856
1781257093858212797,2026-06-12T16:38:13.858238,ground_truth,-0.070639,0.650000,0.179217,True,,,,,,,,,0.033278,1.126937,0.522591,0.000000,0.000000,0.000000,0.000000,0.000000,0.000000,-0.009240,-0.125160,0.066732,-0.028832,0.014368,-0.001856
1781257093891850011,2026-06-12T16:38:13.891871,ground_truth,-0.073909,0.690000,0.177331,True,,,,,,,,,0.032890,1.129146,0.522888,0.000000,0.000000,0.000000,0.000000,0.000000,0.000000,-0.009240,-0.125160,0.066732,-0.028832,0.014368,-0.001856
1781257093925932849,2026-06-12T16:38:13.925958,ground_truth,-0.076005,0.672000,0.178179,True,,,,,,,,,0.032890,1.129146,0.522888,0.000000,0.000000,0.000000,0.000000,0.000000,0.000000,-0.009240,-0.125160,0.066732,-0.028832,0.014368,-0.001856
1781257093968837493,2026-06-12T16:38:13.968857,ground_truth,-0.075341,0.635000,0.179924,True,,,,,,,,,0.032578,1.133570,0.523272,0.000000,0.000000,0.000000,0.000000,0.000000,0.000000,-0.009240,-0.125160,0.066732,-0.028832,0.014368,-0.001856
1781257093997667715,2026-06-12T16:38:13.997707,ground_truth,-0.076454,0.697000,0.177001,True,,,,,,,,,0.032578,1.133570,0.523272,0.000000,0.000000,0.000000,0.000000,0.000000,0.000000,-0.009240,-0.125160,0.066732,-0.028832,0.014368,-0.001856
1781257094028161061,2026-06-12T16:38:14.028182,ground_truth,-0.071871,0.708000,0.176482,True,,,,,,,,,0.033608,1.138163,0.524373,0.000000,0.000000,0.000000,0.000000,0.000000,0.000000,-0.009240,-0.125160,0.066732,-0.028832,0.014368,-0.001856
1781257094063871724,2026-06-12T16:38:14.063890,ground_truth,-0.066575,0.687000,0.177472,True,,,,,,,,,0.033608,1.138163,0.524373,0.000000,0.000000,0.000000,0.000000,0.000000,0.000000,-0.009240,-0.125160,0.066732,-0.028832,0.014368,-0.001856
1781257094101604698,2026-06-12T16:38:14.101638,ground_truth,-0.066992,0.704000,0.176671,True,,,,,,,,,0.033994,1.136981,0.524857,0.000000,0.000000,0.000000,0.000000,0.000000,0.000000,-0.009240,-0.125160,0.066732,-0.028832,0.014368,-0.001856
1781257094132386223,2026-06-12T16:38:14.132409,ground_truth,-0.065563,0.741000,0.174926,True,,,,,,,,,0.033994,1.136981,0.524857,0.000000,0.000000,0.000000,0.000000,0.000000,0.000000,-0.009240,-0.125160,0.066732,-0.028832,0.014368,-0.001856
1781257094167420972,2026-06-12T16:38:14.167447,ground_truth,-0.069069,0.690000,0.177331,True,,,,,,,,,0.033649,1.136353,0.525609,0.000000,0.000000,0.000000,0.000000,0.000000,0.000000,-0.009240,-0.125160,0.066732,-0.028832,0.014368,-0.001856
1781257094197330695,2026-06-12T16:38:14.197357,ground_truth,-0.066820,0.697000,0.177001,True,,,,,,,,,0.033649,1.136353,0.525609,0.000000,0.000000,0.000000,0.000000,0.000000,0.000000,-0.009240,-0.125160,0.066732,-0.028832,0.014368,-0.001856
1781257094232850404,2026-06-12T16:38:14.232873,ground_truth,-0.072083,0.718000,0.176011,True,,,,,,,,,0.033469,1.137670,0.525333,0.000000,0.000000,0.000000,0.000000,0.000000,0.000000,-0.009240,-0.125160,0.066732,-0.028832,0.014368,-0.001856
1781257094267576333,2026-06-12T16:38:14.267596,ground_truth,-0.073987,0.694000,0.177142,True,,,,,,,,,0.033469,1.137670,0.525333,0.000000,0.000000,0.000000,0.000000,0.000000,0.000000,-0.009240,-0.125160,0.066732,-0.028832,0.014368,-0.001856
1781257094305123229,2026-06-12T16:38:14.305146,ground_truth,-0.076454,0.697000,0.177001,True,,,,,,,,,0.033469,1.137670,0.525333,0.000000,0.000000,0.000000,0.000000,0.000000,0.000000,-0.009240,-0.125160,0.066732,-0.028832,0.014368,-0.001856
1781257094333661611,2026-06-12T16:38:14.333685,ground_truth,-0.075880,0.665000,0.178509,True,,,,,,,,,0.033469,1.137670,0.525333,0.000000,0.000000,0.000000,0.000000,0.000000,0.000000,-0.009240,-0.125160,0.066732,-0.028832,0.014368,-0.001856
1781257094362044995,2026-06-12T16:38:14.362065,ground_truth,-0.075000,0.616000,0.180820,True,,,,,,,,,0.035859,1.135448,0.525440,0.000000,0.000000,0.000000,0.000000,0.000000,0.000000,-0.009240,-0.125160,0.066732,-0.028832,0.014368,-0.001856
1781257094390780972,2026-06-12T16:38:14.390808,ground_truth,-0.078838,0.695500,0.177071,True,,,,,,,,,0.035859,1.135448,0.525440,0.000000,0.000000,0.000000,0.000000,0.000000,0.000000,-0.009240,-0.125160,0.066732,-0.028832,0.014368,-0.001856
1781257094418446768,2026-06-12T16:38:14.418465,ground_truth,-0.078006,0.644500,0.179476,True,,,,,,,,,0.036763,1.131867,0.525611,0.000000,0.000000,0.000000,0.000000,0.000000,0.000000,-0.009240,-0.125160,0.066732,-0.028832,0.014368,-0.001856
1781257094448013522,2026-06-12T16:38:14.448033,ground_truth,-0.073203,0.654000,0.179028,True,,,,,,,,,0.036763,1.131867,0.525611,0.000000,0.000000,0.000000,0.000000,0.000000,0.000000,-0.009240,-0.125160,0.066732,-0.028832,0.014368,-0.001856
1781257094478873219,2026-06-12T16:38:14.478895,ground_truth,-0.073909,0.690000,0.177331,True,,,,,,,,,0.036763,1.131867,0.525611,0.000000,0.000000,0.000000,0.000000,0.000000,0.000000,-0.009240,-0.125160,0.066732,-0.028832,0.014368,-0.001856
1781257094508460454,2026-06-12T16:38:14.508485,ground_truth,-0.074399,0.715000,0.176152,True,,,,,,,,,0.036763,1.131867,0.525611,0.000000,0.000000,0.000000,0.000000,0.000000,0.000000,-0.009240,-0.125160,0.066732,-0.028832,0.014368,-0.001856
1781257094545686631,2026-06-12T16:38:14.545707,ground_truth,-0.073772,0.683000,0.177661,True,,,,,,,,,0.036238,1.123262,0.525774,0.000000,0.000000,0.000000,0.000000,0.000000,0.000000,-0.009240,-0.125160,0.066732,-0.028832,0.014368,-0.001856
1781257094580424406,2026-06-12T16:38:14.580459,ground_truth,-0.073203,0.654000,0.179028,True,,,,,,,,,0.036238,1.123262,0.525774,0.000000,0.000000,0.000000,0.000000,0.000000,0.000000,-0.009240,-0.125160,0.066732,-0.028832,0.014368,-0.001856
1781257094615671725,2026-06-12T16:38:14.615693,ground_truth,-0.073781,0.683500,0.175203,True,,,,,,,,,0.036860,1.119523,0.525961,0.000000,0.000000,0.000000,0.000000,0.000000,0.000000,-0.009240,-0.125160,0.066732,-0.028832,0.014368,-0.001856
1781257094644256473,2026-06-12T16:38:14.644278,ground_truth,-0.074046,0.697000,0.177001,True,,,,,,,,,0.036860,1.119523,0.525961,0.000000,0.000000,0.000000,0.000000,0.000000,0.000000,-0.009240,-0.125160,0.066732,-0.028832,0.014368,-0.001856
1781257094673218277,2026-06-12T16:38:14.673236,ground_truth,-0.074458,0.718000,0.176011,True,,,,,,,,,0.038224,1.117873,0.526027,0.000000,0.000000,0.000000,0.000000,0.000000,0.000000,-0.009240,-0.125160,0.066732,-0.028832,0.014368,-0.001856
1781257094706565405,2026-06-12T16:38:14.706584,ground_truth,-0.074262,0.708000,0.176482,True,,,,,,,,,0.038224,1.117873,0.526027,0.000000,0.000000,0.000000,0.000000,0.000000,0.000000,-0.009240,-0.125160,0.066732,-0.028832,0.014368,-0.001856
1781257094740154428,2026-06-12T16:38:14.740174,ground_truth,-0.074183,0.704000,0.176671,True,,,,,,,,,0.039281,1.118417,0.525976,0.000000,0.000000,0.000000,0.000000,0.000000,0.000000,-0.009240,-0.125160,0.066732,-0.028832,0.014368,-0.001856
1781257094773576301,2026-06-12T16:38:14.773599,ground_truth,-0.072232,0.725000,0.175681,True,,,,,,,,,0.039281,1.118417,0.525976,0.000000,0.000000,0.000000,0.000000,0.000000,0.000000,-0.009240,-0.125160,0.066732,-0.028832,0.014368,-0.001856
1781257094805584476,2026-06-12T16:38:14.805601,ground_truth,-0.074320,0.711000,0.176341,True,,,,,,,,,0.039167,1.120851,0.525811,0.000000,0.000000,0.000000,0.000000,0.000000,0.000000,-0.009240,-0.125160,0.066732,-0.028832,0.014368,-0.001856
1781257094849527123,2026-06-12T16:38:14.849548,ground_truth,-0.073556,0.672000,0.175727,True,,,,,,,,,0.039167,1.120851,0.525811,0.000000,0.000000,0.000000,0.000000,0.000000,0.000000,-0.009240,-0.125160,0.066732,-0.028832,0.014368,-0.001856
1781257094877109161,2026-06-12T16:38:14.877128,ground_truth,-0.074516,0.721000,0.173497,True,,,,,,,,,0.038289,1.125293,0.525291,0.000000,0.000000,0.000000,0.000000,0.000000,0.000000,-0.009240,-0.125160,0.066732,-0.028832,0.014368,-0.001856
1781257094909367801,2026-06-12T16:38:14.909390,ground_truth,-0.074046,0.697000,0.174589,True,,,,,,,,,0.038289,1.125293,0.525291,0.000000,0.000000,0.000000,0.000000,0.000000,0.000000,-0.009240,-0.125160,0.066732,-0.028832,0.014368,-0.001856
1781257094939797352,2026-06-12T16:38:14.939812,ground_truth,-0.076077,0.676000,0.175545,True,,,,,,,,,0.037817,1.130643,0.524816,0.000000,0.000000,0.000000,0.000000,0.000000,0.000000,-0.009240,-0.125160,0.066732,-0.028832,0.014368,-0.001856
1781257094975501789,2026-06-12T16:38:14.975518,ground_truth,-0.076553,0.702500,0.174339,True,,,,,,,,,0.037817,1.130643,0.524816,0.000000,0.000000,0.000000,0.000000,0.000000,0.000000,-0.009240,-0.125160,0.066732,-0.028832,0.014368,-0.001856
1781257095007170467,2026-06-12T16:38:15.007190,ground_truth,-0.071935,0.711000,0.173952,True,,,,,,,,,0.038030,1.136197,0.524393,0.000000,0.000000,0.000000,0.000000,0.000000,0.000000,-0.009240,-0.125160,0.066732,-0.028832,0.014368,-0.001856
1781257095042619797,2026-06-12T16:38:15.042638,ground_truth,-0.073909,0.690000,0.174907,True,,,,,,,,,0.038030,1.136197,0.524393,0.000000,0.000000,0.000000,0.000000,0.000000,0.000000,-0.009240,-0.125160,0.066732,-0.028832,0.014368,-0.001856
1781257095073767000,2026-06-12T16:38:15.073786,ground_truth,-0.075817,0.661500,0.176204,True,,,,,,,,,0.037919,1.140184,0.523906,0.000000,0.000000,0.000000,0.000000,0.000000,0.000000,-0.009240,-0.125160,0.066732,-0.028832,0.014368,-0.001856
1781257095112858988,2026-06-12T16:38:15.112878,ground_truth,-0.076526,0.701000,0.174407,True,,,,,,,,,0.037919,1.140184,0.523906,0.000000,0.000000,0.000000,0.000000,0.000000,0.000000,-0.009240,-0.125160,0.066732,-0.028832,0.014368,-0.001856
1781257095148043240,2026-06-12T16:38:15.148073,ground_truth,-0.073203,0.654000,0.176546,True,,,,,,,,,0.038650,1.142113,0.523439,0.000000,0.000000,0.000000,0.000000,0.000000,0.000000,-0.009240,-0.125160,0.066732,-0.028832,0.014368,-0.001856
1781257095177992822,2026-06-12T16:38:15.178018,ground_truth,-0.075682,0.654000,0.176546,True,,,,,,,,,0.038650,1.142113,0.523439,0.000000,0.000000,0.000000,0.000000,0.000000,0.000000,-0.009240,-0.125160,0.066732,-0.028832,0.014368,-0.001856
1781257095211000033,2026-06-12T16:38:15.211024,ground_truth,-0.073987,0.694000,0.177142,True,,,,,,,,,0.039031,1.141859,0.523214,0.000000,0.000000,0.000000,0.000000,0.000000,0.000000,-0.009240,-0.125160,0.066732,-0.028832,0.014368,-0.001856
1781257095239719766,2026-06-12T16:38:15.239738,ground_truth,-0.073772,0.683000,0.177661,True,,,,,,,,,0.039031,1.141859,0.523214,0.000000,0.000000,0.000000,0.000000,0.000000,0.000000,-0.009240,-0.125160,0.066732,-0.028832,0.014368,-0.001856
1781257095275711923,2026-06-12T16:38:15.275730,ground_truth,-0.073904,0.555000,0.181051,True,,,,,,,,,0.039031,1.141859,0.523214,0.000000,0.000000,0.000000,0.000000,0.000000,0.000000,-0.009240,-0.125160,0.066732,-0.028832,0.014368,-0.001856
1781257095309724558,2026-06-12T16:38:15.309745,ground_truth,-0.075610,0.650000,0.176728,True,,,,,,,,,0.039031,1.141859,0.523214,0.000000,0.000000,0.000000,0.000000,0.000000,0.000000,-0.009240,-0.125160,0.066732,-0.028832,0.014368,-0.001856
1781257095339353107,2026-06-12T16:38:15.339374,ground_truth,-0.075610,0.650000,0.176728,True,,,,,,,,,0.039178,1.136520,0.523350,0.000000,0.000000,0.000000,0.000000,0.000000,0.000000,-0.009240,-0.125160,0.066732,-0.028832,0.014368,-0.001856
1781257095374453643,2026-06-12T16:38:15.374472,ground_truth,-0.075215,0.628000,0.177729,True,,,,,,,,,0.039178,1.136520,0.523350,0.000000,0.000000,0.000000,0.000000,0.000000,0.000000,-0.009240,-0.125160,0.066732,-0.028832,0.014368,-0.001856
1781257095411077580,2026-06-12T16:38:15.411104,ground_truth,-0.076454,0.697000,0.174589,True,,,,,,,,,0.039127,1.130754,0.523650,0.000000,0.000000,0.000000,0.000000,0.000000,0.000000,-0.009240,-0.125160,0.066732,-0.028832,0.014368,-0.001856
1781257095444146153,2026-06-12T16:38:15.444169,ground_truth,-0.076005,0.672000,0.175727,True,,,,,,,,,0.039127,1.130754,0.523650,0.000000,0.000000,0.000000,0.000000,0.000000,0.000000,-0.009240,-0.125160,0.066732,-0.028832,0.014368,-0.001856
1781257095474101543,2026-06-12T16:38:15.474123,ground_truth,-0.075610,0.650000,0.176728,True,,,,,,,,,0.038996,1.122765,0.524068,0.000000,0.000000,0.000000,0.000000,0.000000,0.000000,-0.009240,-0.125160,0.066732,-0.028832,0.014368,-0.001856
1781257095507956460,2026-06-12T16:38:15.507977,ground_truth,-0.074399,0.715000,0.173770,True,,,,,,,,,0.038996,1.122765,0.524068,0.000000,0.000000,0.000000,0.000000,0.000000,0.000000,-0.009240,-0.125160,0.066732,-0.028832,0.014368,-0.001856
1781257095539851284,2026-06-12T16:38:15.539870,ground_truth,-0.074017,0.695500,0.174657,True,,,,,,,,,0.038943,1.115093,0.524444,0.000000,0.000000,0.000000,0.000000,0.000000,0.000000,-0.009240,-0.125160,0.066732,-0.028832,0.014368,-0.001856
1781257095574551661,2026-06-12T16:38:15.574570,ground_truth,-0.071871,0.708000,0.174088,True,,,,,,,,,0.038943,1.115093,0.524444,0.000000,0.000000,0.000000,0.000000,0.000000,0.000000,-0.009240,-0.125160,0.066732,-0.028832,0.014368,-0.001856
1781257095606019364,2026-06-12T16:38:15.606038,ground_truth,-0.073772,0.683000,0.175226,True,,,,,,,,,0.038720,1.109617,0.524599,0.000000,0.000000,0.000000,0.000000,0.000000,0.000000,-0.009240,-0.125160,0.066732,-0.028832,0.014368,-0.001856
1781257095638957426,2026-06-12T16:38:15.638979,ground_truth,-0.075072,0.620000,0.178093,True,,,,,,,,,0.038720,1.109617,0.524599,0.000000,0.000000,0.000000,0.000000,0.000000,0.000000,-0.009240,-0.125160,0.066732,-0.028832,0.014368,-0.001856
1781257095672891427,2026-06-12T16:38:15.672910,ground_truth,-0.077606,0.620000,0.178093,True,,,,,,,,,0.038590,1.111216,0.524719,0.000000,0.000000,0.000000,0.000000,0.000000,0.000000,-0.009240,-0.125160,0.066732,-0.028832,0.014368,-0.001856
1781257095708744630,2026-06-12T16:38:15.708766,ground_truth,-0.078047,0.647000,0.176864,True,,,,,,,,,0.038590,1.111216,0.524719,0.000000,0.000000,0.000000,0.000000,0.000000,0.000000,-0.009240,-0.125160,0.066732,-0.028832,0.014368,-0.001856
1781257095754331745,2026-06-12T16:38:15.754352,ground_truth,-0.077916,0.639000,0.177228,True,,,,,,,,,0.038827,1.109026,0.524769,0.000000,0.000000,0.000000,0.000000,0.000000,0.000000,-0.009240,-0.125160,0.066732,-0.028832,0.014368,-0.001856
1781257095787889593,2026-06-12T16:38:15.787908,ground_truth,-0.077606,0.620000,0.178093,True,,,,,,,,,0.038827,1.109026,0.524769,0.000000,0.000000,0.000000,0.000000,0.000000,0.000000,-0.009240,-0.125160,0.066732,-0.028832,0.014368,-0.001856
1781257095820665080,2026-06-12T16:38:15.820682,ground_truth,-0.080200,0.624000,0.177911,True,,,,,,,,,0.039258,1.104614,0.524690,0.000000,0.000000,0.000000,0.000000,0.000000,0.000000,-0.009240,-0.125160,0.066732,-0.028832,0.014368,-0.001856
1781257095851702673,2026-06-12T16:38:15.851730,ground_truth,-0.080024,0.612000,0.178457,True,,,,,,,,,0.039258,1.104614,0.524690,0.000000,0.000000,0.000000,0.000000,0.000000,0.000000,-0.009240,-0.125160,0.066732,-0.028832,0.014368,-0.001856
1781257095879126981,2026-06-12T16:38:15.879147,ground_truth,-0.079613,0.584000,0.179731,True,,,,,,,,,0.039949,1.099181,0.524756,0.000000,0.000000,0.000000,0.000000,0.000000,0.000000,-0.009240,-0.125160,0.066732,-0.028832,0.014368,-0.001856
1781257095906777114,2026-06-12T16:38:15.906796,ground_truth,-0.078996,0.542000,0.181642,True,,,,,,,,,0.039949,1.099181,0.524756,0.000000,0.000000,0.000000,0.000000,0.000000,0.000000,-0.009240,-0.125160,0.066732,-0.028832,0.014368,-0.001856
1781257095944487049,2026-06-12T16:38:15.944513,ground_truth,-0.080303,0.631000,0.177592,True,,,,,,,,,0.040424,1.093324,0.525226,0.000000,0.000000,0.000000,0.000000,0.000000,0.000000,-0.009240,-0.125160,0.066732,-0.028832,0.014368,-0.001856
1781257095977584429,2026-06-12T16:38:15.977607,ground_truth,-0.082872,0.635000,0.177410,True,,,,,,,,,0.040424,1.093324,0.525226,0.000000,0.000000,0.000000,0.000000,0.000000,0.000000,-0.009240,-0.125160,0.066732,-0.028832,0.014368,-0.001856
1781257096017150405,2026-06-12T16:38:16.017167,ground_truth,-0.081666,0.542500,0.181619,True,,,,,,,,,0.041018,1.086463,0.525432,0.000000,0.000000,0.000000,0.000000,0.000000,0.000000,-0.009240,-0.125160,0.066732,-0.028832,0.014368,-0.001856
1781257096048214440,2026-06-12T16:38:16.048235,ground_truth,-0.081939,0.563500,0.180664,True,,,,,,,,,0.041018,1.086463,0.525432,0.000000,0.000000,0.000000,0.000000,0.000000,0.000000,-0.009240,-0.125160,0.066732,-0.028832,0.014368,-0.001856
1781257096079446610,2026-06-12T16:38:16.079465,ground_truth,-0.081659,0.542000,0.181642,True,,,,,,,,,0.041763,1.078552,0.526008,0.000000,0.000000,0.000000,0.000000,0.000000,0.000000,-0.009240,-0.125160,0.066732,-0.028832,0.014368,-0.001856
1781257096111615293,2026-06-12T16:38:16.111635,ground_truth,-0.083171,0.658000,0.173888,True,,,,,,,,,0.041763,1.078552,0.526008,0.000000,0.000000,0.000000,0.000000,0.000000,0.000000,-0.009240,-0.125160,0.066732,-0.028832,0.014368,-0.001856
1781257096138183307,2026-06-12T16:38:16.138197,ground_truth,-0.081555,0.534000,0.179326,True,,,,,,,,,0.042489,1.068565,0.526347,0.000000,0.000000,0.000000,0.000000,0.000000,0.000000,-0.009240,-0.125160,0.066732,-0.028832,0.014368,-0.001856
1781257096173039037,2026-06-12T16:38:16.173057,ground_truth,-0.081744,0.548500,0.178690,True,,,,,,,,,0.042489,1.068565,0.526347,0.000000,0.000000,0.000000,0.000000,0.000000,0.000000,-0.009240,-0.125160,0.066732,-0.028832,0.014368,-0.001856
1781257096206861811,2026-06-12T16:38:16.206881,ground_truth,-0.084983,0.600000,0.176432,True,,,,,,,,,0.043091,1.058566,0.526561,0.000000,0.000000,0.000000,0.000000,0.000000,0.000000,-0.009240,-0.125160,0.066732,-0.028832,0.014368,-0.001856
1781257096239330244,2026-06-12T16:38:16.239352,ground_truth,-0.085074,0.608000,0.176081,True,,,,,,,,,0.043091,1.058566,0.526561,0.000000,0.000000,0.000000,0.000000,0.000000,0.000000,-0.009240,-0.125160,0.066732,-0.028832,0.014368,-0.001856
1781257096270779230,2026-06-12T16:38:16.270796,ground_truth,-0.084846,0.588000,0.176958,True,,,,,,,,,0.043848,1.048618,0.526678,0.000000,0.000000,0.000000,0.000000,0.000000,0.000000,-0.009240,-0.125160,0.066732,-0.028832,0.014368,-0.001856
1781257096304895447,2026-06-12T16:38:16.304916,ground_truth,-0.085029,0.604000,0.176256,True,,,,,,,,,0.043848,1.048618,0.526678,0.000000,0.000000,0.000000,0.000000,0.000000,0.000000,-0.009240,-0.125160,0.066732,-0.028832,0.014368,-0.001856
1781257096342228673,2026-06-12T16:38:16.342246,ground_truth,-0.084937,0.596000,0.176607,True,,,,,,,,,0.044814,1.038631,0.526694,0.000000,0.000000,0.000000,0.000000,0.000000,0.000000,-0.009240,-0.125160,0.066732,-0.028832,0.014368,-0.001856
1781257096371754151,2026-06-12T16:38:16.371772,ground_truth,-0.085382,0.635000,0.174896,True,,,,,,,,,0.044814,1.038631,0.526694,0.000000,0.000000,0.000000,0.000000,0.000000,0.000000,-0.009240,-0.125160,0.066732,-0.028832,0.014368,-0.001856
1781257096404034477,2026-06-12T16:38:16.404064,ground_truth,-0.084983,0.600000,0.176432,True,,,,,,,,,0.045869,1.030380,0.526468,0.000000,0.000000,0.000000,0.000000,0.000000,0.000000,-0.009240,-0.125160,0.066732,-0.028832,0.014368,-0.001856
1781257096442672683,2026-06-12T16:38:16.442694,ground_truth,-0.084516,0.559000,0.175591,True,,,,,,,,,0.045869,1.030380,0.526468,0.000000,0.000000,0.000000,0.000000,0.000000,0.000000,-0.009240,-0.125160,0.066732,-0.028832,0.014368,-0.001856
1781257096471560731,2026-06-12T16:38:16.471582,ground_truth,-0.084561,0.563000,0.175422,True,,,,,,,,,0.047152,1.024296,0.526005,0.000000,0.000000,0.000000,0.000000,0.000000,0.000000,-0.009240,-0.125160,0.066732,-0.028832,0.014368,-0.001856
1781257096506838487,2026-06-12T16:38:16.506876,ground_truth,-0.084470,0.555000,0.173115,True,,,,,,,,,0.047152,1.024296,0.526005,0.000000,0.000000,0.000000,0.000000,0.000000,0.000000,-0.009240,-0.125160,0.066732,-0.028832,0.014368,-0.001856
1781257096540210703,2026-06-12T16:38:16.540228,ground_truth,-0.083877,0.503000,0.175225,True,,,,,,,,,0.047635,1.018568,0.525303,0.000000,0.000000,0.000000,0.000000,0.000000,0.000000,-0.009240,-0.125160,0.066732,-0.028832,0.014368,-0.001856
1781257096572066847,2026-06-12T16:38:16.572082,ground_truth,-0.086819,0.525000,0.174332,True,,,,,,,,,0.047635,1.018568,0.525303,0.000000,0.000000,0.000000,0.000000,0.000000,0.000000,-0.009240,-0.125160,0.066732,-0.028832,0.014368,-0.001856
1781257096605666803,2026-06-12T16:38:16.605692,ground_truth,-0.087238,0.568000,0.172588,True,,,,,,,,,0.048251,1.014284,0.524245,0.000000,0.000000,0.000000,0.000000,0.000000,0.000000,-0.009240,-0.125160,0.066732,-0.028832,0.014368,-0.001856
1781257096638326582,2026-06-12T16:38:16.638352,ground_truth,-0.089688,0.547000,0.173440,True,,,,,,,,,0.048251,1.014284,0.524245,0.000000,0.000000,0.000000,0.000000,0.000000,0.000000,-0.009240,-0.125160,0.066732,-0.028832,0.014368,-0.001856
1781257096671397757,2026-06-12T16:38:16.671411,ground_truth,-0.089477,0.521000,0.174495,True,,,,,,,,,0.049301,1.011056,0.523621,0.000000,0.000000,0.000000,0.000000,0.000000,0.000000,-0.009240,-0.125160,0.066732,-0.028832,0.014368,-0.001856
1781257096706629142,2026-06-12T16:38:16.706645,ground_truth,-0.089364,0.507000,0.175063,True,,,,,,,,,0.049301,1.011056,0.523621,0.000000,0.000000,0.000000,0.000000,0.000000,0.000000,-0.009240,-0.125160,0.066732,-0.028832,0.014368,-0.001856
1781257096738331876,2026-06-12T16:38:16.738348,ground_truth,-0.087034,0.547000,0.173440,True,,,,,,,,,0.050467,1.009247,0.523149,0.000000,0.000000,0.000000,0.000000,0.000000,0.000000,-0.009240,-0.125160,0.066732,-0.028832,0.014368,-0.001856
1781257096773262252,2026-06-12T16:38:16.773295,ground_truth,-0.083923,0.507000,0.172339,True,,,,,,,,,0.050467,1.009247,0.523149,0.000000,0.000000,0.000000,0.000000,0.000000,0.000000,-0.009240,-0.125160,0.066732,-0.028832,0.014368,-0.001856
1781257096805120079,2026-06-12T16:38:16.805141,ground_truth,-0.086985,0.542000,0.173643,True,,,,,,,,,0.050943,1.005336,0.522816,0.000000,0.000000,0.000000,0.000000,0.000000,0.000000,-0.009240,-0.125160,0.066732,-0.028832,0.014368,-0.001856
1781257096837628337,2026-06-12T16:38:16.837647,ground_truth,-0.086819,0.525000,0.174332,True,,,,,,,,,0.050943,1.005336,0.522816,0.000000,0.000000,0.000000,0.000000,0.000000,0.000000,-0.009240,-0.125160,0.066732,-0.028832,0.014368,-0.001856
1781257096872588559,2026-06-12T16:38:16.872604,ground_truth,-0.084083,0.521000,0.174495,True,,,,,,,,,0.050952,0.999126,0.522586,0.000000,0.000000,0.000000,0.000000,0.000000,0.000000,-0.009240,-0.125160,0.066732,-0.028832,0.014368,-0.001856
1781257096908335156,2026-06-12T16:38:16.908358,ground_truth,-0.086516,0.494000,0.175590,True,,,,,,,,,0.050952,0.999126,0.522586,0.000000,0.000000,0.000000,0.000000,0.000000,0.000000,-0.009240,-0.125160,0.066732,-0.028832,0.014368,-0.001856
1781257096947693841,2026-06-12T16:38:16.947714,ground_truth,-0.086156,0.457000,0.177091,True,,,,,,,,,0.050704,0.990965,0.522491,0.000000,0.000000,0.000000,0.000000,0.000000,0.000000,-0.009240,-0.125160,0.066732,-0.028832,0.014368,-0.001856
1781257096972294685,2026-06-12T16:38:16.972314,ground_truth,-0.083672,0.485000,0.175955,True,,,,,,,,,0.050704,0.990965,0.522491,0.000000,0.000000,0.000000,0.000000,0.000000,0.000000,-0.009240,-0.125160,0.066732,-0.028832,0.014368,-0.001856
1781257097010571992,2026-06-12T16:38:17.010588,ground_truth,-0.083353,0.457000,0.177091,True,,,,,,,,,0.050512,0.980928,0.522553,0.000000,0.000000,0.000000,0.000000,0.000000,0.000000,-0.009240,-0.125160,0.066732,-0.028832,0.014368,-0.001856
1781257097043099853,2026-06-12T16:38:17.043119,ground_truth,-0.081033,0.494000,0.175590,True,,,,,,,,,0.050512,0.980928,0.522553,0.000000,0.000000,0.000000,0.000000,0.000000,0.000000,-0.009240,-0.125160,0.066732,-0.028832,0.014368,-0.001856
1781257097070829285,2026-06-12T16:38:17.070855,ground_truth,-0.081151,0.503000,0.175225,True,,,,,,,,,0.050304,0.970952,0.522703,0.000000,0.000000,0.000000,0.000000,0.000000,0.000000,-0.009240,-0.125160,0.066732,-0.028832,0.014368,-0.001856
1781257097104233302,2026-06-12T16:38:17.104259,ground_truth,-0.080355,0.442000,0.177700,True,,,,,,,,,0.050304,0.970952,0.522703,0.000000,0.000000,0.000000,0.000000,0.000000,0.000000,-0.009240,-0.125160,0.066732,-0.028832,0.014368,-0.001856
1781257097143326832,2026-06-12T16:38:17.143352,ground_truth,-0.077881,0.466000,0.179518,True,,,,,,,,,0.049761,0.961716,0.522998,0.000000,0.000000,0.000000,0.000000,0.000000,0.000000,-0.009240,-0.125160,0.066732,-0.028832,0.014368,-0.001856
1781257097170921643,2026-06-12T16:38:17.170947,ground_truth,-0.078615,0.516000,0.177407,True,,,,,,,,,0.049761,0.961716,0.522998,0.000000,0.000000,0.000000,0.000000,0.000000,0.000000,-0.009240,-0.125160,0.066732,-0.028832,0.014368,-0.001856
1781257097203614160,2026-06-12T16:38:17.203630,ground_truth,-0.078424,0.503000,0.175225,True,,,,,,,,,0.048775,0.952294,0.523429,0.000000,0.000000,0.000000,0.000000,0.000000,0.000000,-0.009240,-0.125160,0.066732,-0.028832,0.014368,-0.001856
1781257097240778278,2026-06-12T16:38:17.240800,ground_truth,-0.078160,0.485000,0.175955,True,,,,,,,,,0.048775,0.952294,0.523429,0.000000,0.000000,0.000000,0.000000,0.000000,0.000000,-0.009240,-0.125160,0.066732,-0.028832,0.014368,-0.001856
1781257097277400378,2026-06-12T16:38:17.277417,ground_truth,-0.078086,0.480000,0.176158,True,,,,,,,,,0.047415,0.944440,0.523802,0.000000,0.000000,0.000000,0.000000,0.000000,0.000000,-0.009240,-0.125160,0.066732,-0.028832,0.014368,-0.001856
1781257097314062770,2026-06-12T16:38:17.314083,ground_truth,-0.068451,0.547000,0.173440,True,,,,,,,,,0.047415,0.944440,0.523802,0.000000,0.000000,0.000000,0.000000,0.000000,0.000000,-0.009240,-0.125160,0.066732,-0.028832,0.014368,-0.001856
1781257097340073384,2026-06-12T16:38:17.340090,ground_truth,-0.068621,0.555000,0.173115,True,,,,,,,,,0.045720,0.937540,0.524139,0.000000,0.000000,0.000000,0.000000,0.000000,0.000000,-0.009240,-0.125160,0.066732,-0.028832,0.014368,-0.001856
1781257097371578615,2026-06-12T16:38:17.371600,ground_truth,-0.069492,0.596000,0.174029,True,,,,,,,,,0.045720,0.937540,0.524139,0.000000,0.000000,0.000000,0.000000,0.000000,0.000000,-0.009240,-0.125160,0.066732,-0.028832,0.014368,-0.001856
1781257097404850409,2026-06-12T16:38:17.404868,ground_truth,-0.061225,0.669000,0.170947,True,,,,,,,,,0.043244,0.932723,0.524372,0.000000,0.000000,0.000000,0.000000,0.000000,0.000000,-0.009240,-0.125160,0.066732,-0.028832,0.014368,-0.001856
1781257097439726407,2026-06-12T16:38:17.439746,ground_truth,-0.061420,0.676000,0.170652,True,,,,,,,,,0.043244,0.932723,0.524372,0.000000,0.000000,0.000000,0.000000,0.000000,0.000000,-0.009240,-0.125160,0.066732,-0.028832,0.014368,-0.001856
1781257097471984320,2026-06-12T16:38:17.472001,ground_truth,-0.065251,0.633000,0.172467,True,,,,,,,,,0.039188,0.950175,0.523489,0.000000,0.000000,0.000000,0.000000,0.000000,0.000000,-0.009240,-0.125160,0.066732,-0.028832,0.014368,-0.001856
1781257097508484382,2026-06-12T16:38:17.508504,ground_truth,-0.072145,0.600000,0.173860,True,,,,,,,,,0.039188,0.950175,0.523489,0.000000,0.000000,0.000000,0.000000,0.000000,0.000000,-0.009240,-0.125160,0.066732,-0.028832,0.014368,-0.001856
1781257097539142173,2026-06-12T16:38:17.539160,ground_truth,-0.073204,0.516000,0.174698,True,,,,,,,,,0.038587,0.952314,0.523353,0.000000,0.000000,0.000000,0.000000,0.000000,0.000000,-0.009240,-0.125160,0.066732,-0.028832,0.014368,-0.001856
1781257097571631234,2026-06-12T16:38:17.571667,ground_truth,-0.076203,0.683000,0.167921,True,,,,,,,,,0.038587,0.952314,0.523353,0.000000,0.000000,0.000000,0.000000,0.000000,0.000000,-0.009240,-0.125160,0.066732,-0.028832,0.014368,-0.001856
1781257097610605898,2026-06-12T16:38:17.610629,ground_truth,-0.062502,0.624000,0.170315,True,,,,,,,,,0.037973,0.956673,0.523222,0.000000,0.000000,0.000000,0.000000,0.000000,0.000000,-0.009240,-0.125160,0.066732,-0.028832,0.014368,-0.001856
1781257097637916649,2026-06-12T16:38:17.637936,ground_truth,-0.063392,0.658000,0.168936,True,,,,,,,,,0.037973,0.956673,0.523222,0.000000,0.000000,0.000000,0.000000,0.000000,0.000000,-0.009240,-0.125160,0.066732,-0.028832,0.014368,-0.001856
1781257097675145724,2026-06-12T16:38:17.675161,ground_truth,-0.063182,0.650000,0.169260,True,,,,,,,,,0.037244,0.963269,0.523028,0.000000,0.000000,0.000000,0.000000,0.000000,0.000000,-0.009240,-0.125160,0.066732,-0.028832,0.014368,-0.001856
1781257097707832170,2026-06-12T16:38:17.707864,ground_truth,-0.057839,0.718000,0.168879,True,,,,,,,,,0.037244,0.963269,0.523028,0.000000,0.000000,0.000000,0.000000,0.000000,0.000000,-0.009240,-0.125160,0.066732,-0.028832,0.014368,-0.001856
1781257097738124923,2026-06-12T16:38:17.738143,ground_truth,-0.057622,0.711000,0.169174,True,,,,,,,,,0.036409,0.972021,0.522718,0.000000,0.000000,0.000000,0.000000,0.000000,0.000000,-0.009240,-0.125160,0.066732,-0.028832,0.014368,-0.001856
1781257097776770432,2026-06-12T16:38:17.776791,ground_truth,-0.055563,0.721000,0.168752,True,,,,,,,,,0.036409,0.972021,0.522718,0.000000,0.000000,0.000000,0.000000,0.000000,0.000000,-0.009240,-0.125160,0.066732,-0.028832,0.014368,-0.001856
1781257097810070687,2026-06-12T16:38:17.810089,ground_truth,-0.059713,0.701000,0.169596,True,,,,,,,,,0.035469,0.981979,0.522362,0.000000,0.000000,0.000000,0.000000,0.000000,0.000000,-0.009240,-0.125160,0.066732,-0.028832,0.014368,-0.001856
1781257097839976176,2026-06-12T16:38:17.840010,ground_truth,-0.060302,0.721000,0.168752,True,,,,,,,,,0.035469,0.981979,0.522362,0.000000,0.000000,0.000000,0.000000,0.000000,0.000000,-0.009240,-0.125160,0.066732,-0.028832,0.014368,-0.001856
1781257097876952327,2026-06-12T16:38:17.876972,ground_truth,-0.058461,0.738000,0.168034,True,,,,,,,,,0.034639,0.991947,0.522039,0.000000,0.000000,0.000000,0.000000,0.000000,0.000000,-0.009240,-0.125160,0.066732,-0.028832,0.014368,-0.001856
1781257097904970393,2026-06-12T16:38:17.904988,ground_truth,-0.058554,0.741000,0.167908,True,,,,,,,,,0.034639,0.991947,0.522039,0.000000,0.000000,0.000000,0.000000,0.000000,0.000000,-0.009240,-0.125160,0.066732,-0.028832,0.014368,-0.001856
1781257097937460660,2026-06-12T16:38:17.937477,ground_truth,-0.058243,0.731000,0.168330,True,,,,,,,,,0.033866,1.001924,0.521721,0.000000,0.000000,0.000000,0.000000,0.000000,0.000000,-0.009240,-0.125160,0.066732,-0.028832,0.014368,-0.001856
1781257097970862024,2026-06-12T16:38:17.970879,ground_truth,-0.058461,0.738000,0.168034,True,,,,,,,,,0.033866,1.001924,0.521721,0.000000,0.000000,0.000000,0.000000,0.000000,0.000000,-0.009240,-0.125160,0.066732,-0.028832,0.014368,-0.001856
1781257098005337163,2026-06-12T16:38:18.005353,ground_truth,-0.058243,0.731000,0.168330,True,,,,,,,,,0.033164,1.011873,0.521417,0.000000,0.000000,0.000000,0.000000,0.000000,0.000000,-0.009240,-0.125160,0.066732,-0.028832,0.014368,-0.001856
1781257098040030592,2026-06-12T16:38:18.040053,ground_truth,-0.056774,0.758000,0.167190,True,,,,,,,,,0.033164,1.011873,0.521417,0.000000,0.000000,0.000000,0.000000,0.000000,0.000000,-0.009240,-0.125160,0.066732,-0.028832,0.014368,-0.001856
1781257098075858034,2026-06-12T16:38:18.075876,ground_truth,-0.055792,0.728000,0.168456,True,,,,,,,,,0.032399,1.021856,0.521079,0.000000,0.000000,0.000000,0.000000,0.000000,0.000000,-0.009240,-0.125160,0.066732,-0.028832,0.014368,-0.001856
1781257098106020439,2026-06-12T16:38:18.106050,ground_truth,-0.056447,0.748000,0.167612,True,,,,,,,,,0.032399,1.021856,0.521079,0.000000,0.000000,0.000000,0.000000,0.000000,0.000000,-0.009240,-0.125160,0.066732,-0.028832,0.014368,-0.001856
1781257098139212513,2026-06-12T16:38:18.139230,ground_truth,-0.053882,0.741000,0.167908,True,,,,,,,,,0.031621,1.031819,0.520743,0.000000,0.000000,0.000000,0.000000,0.000000,0.000000,-0.009240,-0.125160,0.066732,-0.028832,0.014368,-0.001856
1781257098176418602,2026-06-12T16:38:18.176439,ground_truth,-0.054328,0.754000,0.167359,True,,,,,,,,,0.031621,1.031819,0.520743,0.000000,0.000000,0.000000,0.000000,0.000000,0.000000,-0.009240,-0.125160,0.066732,-0.028832,0.014368,-0.001856
1781257098207626804,2026-06-12T16:38:18.207642,ground_truth,-0.053778,0.738000,0.168034,True,,,,,,,,,0.030839,1.041767,0.520430,0.000000,0.000000,0.000000,0.000000,0.000000,0.000000,-0.009240,-0.125160,0.066732,-0.028832,0.014368,-0.001856
1781257098241187283,2026-06-12T16:38:18.241208,ground_truth,-0.051905,0.751000,0.167485,True,,,,,,,,,0.030839,1.041767,0.520430,0.000000,0.000000,0.000000,0.000000,0.000000,0.000000,-0.009240,-0.125160,0.066732,-0.028832,0.014368,-0.001856
1781257098279303352,2026-06-12T16:38:18.279329,ground_truth,-0.052013,0.754000,0.167359,True,,,,,,,,,0.030059,1.051757,0.520125,0.000000,0.000000,0.000000,0.000000,0.000000,0.000000,-0.009240,-0.125160,0.066732,-0.028832,0.014368,-0.001856
1781257098315038736,2026-06-12T16:38:18.315063,ground_truth,-0.052157,0.758000,0.167190,True,,,,,,,,,0.030059,1.051757,0.520125,0.000000,0.000000,0.000000,0.000000,0.000000,0.000000,-0.009240,-0.125160,0.066732,-0.028832,0.014368,-0.001856
1781257098347776274,2026-06-12T16:38:18.347798,ground_truth,-0.049472,0.748000,0.167612,True,,,,,,,,,0.029257,1.061698,0.519814,0.000000,0.000000,0.000000,0.000000,0.000000,0.000000,-0.009240,-0.125160,0.066732,-0.028832,0.014368,-0.001856
1781257098383562661,2026-06-12T16:38:18.383583,ground_truth,-0.047540,0.758000,0.167190,True,,,,,,,,,0.029257,1.061698,0.519814,0.000000,0.000000,0.000000,0.000000,0.000000,0.000000,-0.009240,-0.125160,0.066732,-0.028832,0.014368,-0.001856
1781257098416093627,2026-06-12T16:38:18.416117,ground_truth,-0.047540,0.758000,0.167190,True,,,,,,,,,0.028367,1.071651,0.519504,0.000000,0.000000,0.000000,0.000000,0.000000,0.000000,-0.009240,-0.125160,0.066732,-0.028832,0.014368,-0.001856
1781257098447897527,2026-06-12T16:38:18.447915,ground_truth,-0.051437,0.738000,0.165690,True,,,,,,,,,0.028367,1.071651,0.519504,0.000000,0.000000,0.000000,0.000000,0.000000,0.000000,-0.009240,-0.125160,0.066732,-0.028832,0.014368,-0.001856
1781257098478714470,2026-06-12T16:38:18.478733,ground_truth,-0.053778,0.738000,0.163345,True,,,,,,,,,0.027397,1.081588,0.519183,0.000000,0.000000,0.000000,0.000000,0.000000,0.000000,-0.009240,-0.125160,0.066732,-0.028832,0.014368,-0.001856
1781257098511859456,2026-06-12T16:38:18.511883,ground_truth,-0.055367,0.715000,0.164241,True,,,,,,,,,0.027397,1.081588,0.519183,0.000000,0.000000,0.000000,0.000000,0.000000,0.000000,-0.009240,-0.125160,0.066732,-0.028832,0.014368,-0.001856
1781257098541883105,2026-06-12T16:38:18.541900,ground_truth,-0.055465,0.718000,0.164124,True,,,,,,,,,0.026382,1.091572,0.518807,0.000000,0.000000,0.000000,0.000000,0.000000,0.000000,-0.009240,-0.125160,0.066732,-0.028832,0.014368,-0.001856
1781257098582569241,2026-06-12T16:38:18.582596,ground_truth,-0.055236,0.711000,0.164396,True,,,,,,,,,0.026382,1.091572,0.518807,0.000000,0.000000,0.000000,0.000000,0.000000,0.000000,-0.009240,-0.125160,0.066732,-0.028832,0.014368,-0.001856
1781257098611870231,2026-06-12T16:38:18.611903,ground_truth,-0.055694,0.725000,0.163851,True,,,,,,,,,0.025336,1.101523,0.518374,0.000000,0.000000,0.000000,0.000000,0.000000,0.000000,-0.009240,-0.125160,0.066732,-0.028832,0.014368,-0.001856
1781257098643260855,2026-06-12T16:38:18.643287,ground_truth,-0.054909,0.701000,0.164786,True,,,,,,,,,0.025336,1.101523,0.518374,0.000000,0.000000,0.000000,0.000000,0.000000,0.000000,-0.009240,-0.125160,0.066732,-0.028832,0.014368,-0.001856
1781257098685408296,2026-06-12T16:38:18.685445,ground_truth,-0.053040,0.716500,0.166562,True,,,,,,,,,0.024246,1.111430,0.517865,0.000000,0.000000,0.000000,0.000000,0.000000,0.000000,-0.009240,-0.125160,0.066732,-0.028832,0.014368,-0.001856
1781257098722779247,2026-06-12T16:38:18.722811,ground_truth,-0.054549,0.690000,0.167637,True,,,,,,,,,0.024246,1.111430,0.517865,0.000000,0.000000,0.000000,0.000000,0.000000,0.000000,-0.009240,-0.125160,0.066732,-0.028832,0.014368,-0.001856
1781257098770237306,2026-06-12T16:38:18.770262,ground_truth,-0.053600,0.661000,0.168814,True,,,,,,,,,0.024246,1.111430,0.517865,0.000000,0.000000,0.000000,0.000000,0.000000,0.000000,-0.009240,-0.125160,0.066732,-0.028832,0.014368,-0.001856
1781257098818350914,2026-06-12T16:38:18.818378,ground_truth,-0.054729,0.695500,0.167414,True,,,,,,,,,0.022408,1.126292,0.517000,0.000000,0.000000,0.000000,0.000000,0.000000,0.000000,-0.009240,-0.125160,0.066732,-0.028832,0.014368,-0.001856
1781257098854834271,2026-06-12T16:38:18.854856,ground_truth,-0.059807,0.618000,0.170559,True,,,,,,,,,0.022408,1.126292,0.517000,0.000000,0.000000,0.000000,0.000000,0.000000,0.000000,-0.009240,-0.125160,0.066732,-0.028832,0.014368,-0.001856
1781257098896269687,2026-06-12T16:38:18.896296,ground_truth,-0.060613,0.647000,0.169382,True,,,,,,,,,0.021047,1.136179,0.516333,0.000000,0.000000,0.000000,0.000000,0.000000,0.000000,-0.009240,-0.125160,0.066732,-0.028832,0.014368,-0.001856
1781257098930231142,2026-06-12T16:38:18.930254,ground_truth,-0.065668,0.650000,0.164282,True,,,,,,,,,0.021047,1.136179,0.516333,0.000000,0.000000,0.000000,0.000000,0.000000,0.000000,-0.009240,-0.125160,0.066732,-0.028832,0.014368,-0.001856
1781257098965501232,2026-06-12T16:38:18.965523,ground_truth,-0.060906,0.563000,0.170158,True,,,,,,,,,0.019991,1.143863,0.515283,0.000000,0.000000,0.000000,0.000000,0.000000,0.000000,-0.009240,-0.125160,0.066732,-0.028832,0.014368,-0.001856
1781257098998455375,2026-06-12T16:38:18.998478,ground_truth,-0.062607,0.628000,0.167628,True,,,,,,,,,0.019991,1.143863,0.515283,0.000000,0.000000,0.000000,0.000000,0.000000,0.000000,-0.009240,-0.125160,0.066732,-0.028832,0.014368,-0.001856
1781257099031622209,2026-06-12T16:38:19.031643,ground_truth,-0.062293,0.616000,0.168095,True,,,,,,,,,0.020923,1.133194,0.514767,0.000000,0.000000,0.000000,0.000000,0.000000,0.000000,-0.009240,-0.125160,0.066732,-0.028832,0.014368,-0.001856
1781257099064888382,2026-06-12T16:38:19.064909,ground_truth,-0.063436,0.559000,0.170314,True,,,,,,,,,0.020923,1.133194,0.514767,0.000000,0.000000,0.000000,0.000000,0.000000,0.000000,-0.009240,-0.125160,0.066732,-0.028832,0.014368,-0.001856
1781257099097419579,2026-06-12T16:38:19.097445,ground_truth,-0.065499,0.534000,0.171287,True,,,,,,,,,0.021071,1.131004,0.514864,0.000000,0.000000,0.000000,0.000000,0.000000,0.000000,-0.009240,-0.125160,0.066732,-0.028832,0.014368,-0.001856
1781257099130101652,2026-06-12T16:38:19.130123,ground_truth,-0.067602,0.507000,0.172339,True,,,,,,,,,0.021071,1.131004,0.514864,0.000000,0.000000,0.000000,0.000000,0.000000,0.000000,-0.009240,-0.125160,0.066732,-0.028832,0.014368,-0.001856
1781257099173819320,2026-06-12T16:38:19.173840,ground_truth,-0.070146,0.498000,0.172689,True,,,,,,,,,0.021446,1.126595,0.515113,0.000000,0.000000,0.000000,0.000000,0.000000,0.000000,-0.009240,-0.125160,0.066732,-0.028832,0.014368,-0.001856
1781257099211555998,2026-06-12T16:38:19.211577,ground_truth,-0.072557,0.480000,0.170621,True,,,,,,,,,0.021951,1.119912,0.515443,0.000000,0.000000,0.000000,0.000000,0.000000,0.000000,-0.009240,-0.125160,0.066732,-0.028832,0.014368,-0.001856
1781257099242947989,2026-06-12T16:38:19.242963,ground_truth,-0.072719,0.489000,0.170286,True,,,,,,,,,0.021951,1.119912,0.515443,0.000000,0.000000,0.000000,0.000000,0.000000,0.000000,-0.009240,-0.125160,0.066732,-0.028832,0.014368,-0.001856
1781257099277176805,2026-06-12T16:38:19.277192,ground_truth,-0.072719,0.489000,0.170286,True,,,,,,,,,0.021951,1.119912,0.515443,0.000000,0.000000,0.000000,0.000000,0.000000,0.000000,-0.009240,-0.125160,0.066732,-0.028832,0.014368,-0.001856
1781257099313775409,2026-06-12T16:38:19.313791,ground_truth,-0.072467,0.475000,0.170808,True,,,,,,,,,0.021951,1.119912,0.515443,0.000000,0.000000,0.000000,0.000000,0.000000,0.000000,-0.009240,-0.125160,0.066732,-0.028832,0.014368,-0.001856
1781257099343487755,2026-06-12T16:38:19.343507,ground_truth,-0.072396,0.471000,0.170957,True,,,,,,,,,0.023126,1.104971,0.515849,0.000000,0.000000,0.000000,0.000000,0.000000,0.000000,-0.009240,-0.125160,0.066732,-0.028832,0.014368,-0.001856
1781257099376139461,2026-06-12T16:38:19.376161,ground_truth,-0.068897,0.568000,0.167340,True,,,,,,,,,0.023126,1.104971,0.515849,0.000000,0.000000,0.000000,0.000000,0.000000,0.000000,-0.009240,-0.125160,0.066732,-0.028832,0.014368,-0.001856
1781257099410388338,2026-06-12T16:38:19.410411,ground_truth,-0.068494,0.549000,0.168048,True,,,,,,,,,0.023901,1.094696,0.516060,0.000000,0.000000,0.000000,0.000000,0.000000,0.000000,-0.009240,-0.125160,0.066732,-0.028832,0.014368,-0.001856
1781257099441489389,2026-06-12T16:38:19.441511,ground_truth,-0.070498,0.516000,0.169279,True,,,,,,,,,0.023901,1.094696,0.516060,0.000000,0.000000,0.000000,0.000000,0.000000,0.000000,-0.009240,-0.125160,0.066732,-0.028832,0.014368,-0.001856
1781257099474232814,2026-06-12T16:38:19.474253,ground_truth,-0.070498,0.516000,0.166570,True,,,,,,,,,0.024610,1.085014,0.516254,0.000000,0.000000,0.000000,0.000000,0.000000,0.000000,-0.009240,-0.125160,0.066732,-0.028832,0.014368,-0.001856
1781257099501876831,2026-06-12T16:38:19.501896,ground_truth,-0.073294,0.521000,0.166392,True,,,,,,,,,0.024610,1.085014,0.516254,0.000000,0.000000,0.000000,0.000000,0.000000,0.000000,-0.009240,-0.125160,0.066732,-0.028832,0.014368,-0.001856
1781257099531026179,2026-06-12T16:38:19.531051,ground_truth,-0.072970,0.503000,0.167033,True,,,,,,,,,0.024610,1.085014,0.516254,0.000000,0.000000,0.000000,0.000000,0.000000,0.000000,-0.009240,-0.125160,0.066732,-0.028832,0.014368,-0.001856
1781257099565382607,2026-06-12T16:38:19.565412,ground_truth,-0.060357,0.542000,0.165643,True,,,,,,,,,0.025370,1.075063,0.516386,0.000000,0.000000,0.000000,0.000000,0.000000,0.000000,-0.009240,-0.125160,0.066732,-0.028832,0.014368,-0.001856
1781257099596988265,2026-06-12T16:38:19.597009,ground_truth,-0.060357,0.542000,0.165643,True,,,,,,,,,0.025370,1.075063,0.516386,0.000000,0.000000,0.000000,0.000000,0.000000,0.000000,-0.009240,-0.125160,0.066732,-0.028832,0.014368,-0.001856
1781257099624038783,2026-06-12T16:38:19.624059,ground_truth,-0.065682,0.542000,0.165643,True,,,,,,,,,0.026035,1.065072,0.516453,0.000000,0.000000,0.000000,0.000000,0.000000,0.000000,-0.009240,-0.125160,0.066732,-0.028832,0.014368,-0.001856
1781257099652195004,2026-06-12T16:38:19.652213,ground_truth,-0.070244,0.503000,0.167033,True,,,,,,,,,0.026035,1.065072,0.516453,0.000000,0.000000,0.000000,0.000000,0.000000,0.000000,-0.009240,-0.125160,0.066732,-0.028832,0.014368,-0.001856
1781257099682180069,2026-06-12T16:38:19.682198,ground_truth,-0.070596,0.521000,0.166392,True,,,,,,,,,0.026699,1.055097,0.516448,0.000000,0.000000,0.000000,0.000000,0.000000,0.000000,-0.009240,-0.125160,0.066732,-0.028832,0.014368,-0.001856
1781257099708966727,2026-06-12T16:38:19.708986,ground_truth,-0.067708,0.512000,0.166712,True,,,,,,,,,0.026699,1.055097,0.516448,0.000000,0.000000,0.000000,0.000000,0.000000,0.000000,-0.009240,-0.125160,0.066732,-0.028832,0.014368,-0.001856
1781257099740776314,2026-06-12T16:38:19.740795,ground_truth,-0.067984,0.525000,0.166249,True,,,,,,,,,0.027338,1.045121,0.516390,0.000000,0.000000,0.000000,0.000000,0.000000,0.000000,-0.009240,-0.125160,0.066732,-0.028832,0.014368,-0.001856
1781257099773405857,2026-06-12T16:38:19.773427,ground_truth,-0.070498,0.516000,0.166570,True,,,,,,,,,0.027338,1.045121,0.516390,0.000000,0.000000,0.000000,0.000000,0.000000,0.000000,-0.009240,-0.125160,0.066732,-0.028832,0.014368,-0.001856
1781257099808121779,2026-06-12T16:38:19.808145,ground_truth,-0.053798,0.588000,0.166594,True,,,,,,,,,0.027954,1.035122,0.516264,0.000000,0.000000,0.000000,0.000000,0.000000,0.000000,-0.009240,-0.125160,0.066732,-0.028832,0.014368,-0.001856
1781257099840561351,2026-06-12T16:38:19.840583,ground_truth,-0.057833,0.547000,0.168123,True,,,,,,,,,0.027954,1.035122,0.516264,0.000000,0.000000,0.000000,0.000000,0.000000,0.000000,-0.009240,-0.125160,0.066732,-0.028832,0.014368,-0.001856
1781257099882623372,2026-06-12T16:38:19.882644,ground_truth,-0.063142,0.547000,0.168123,True,,,,,,,,,0.028343,1.025166,0.516089,0.000000,0.000000,0.000000,0.000000,0.000000,0.000000,-0.009240,-0.125160,0.066732,-0.028832,0.014368,-0.001856
1781257099909435481,2026-06-12T16:38:19.909456,ground_truth,-0.062063,0.503000,0.169764,True,,,,,,,,,0.028343,1.025166,0.516089,0.000000,0.000000,0.000000,0.000000,0.000000,0.000000,-0.009240,-0.125160,0.066732,-0.028832,0.014368,-0.001856
1781257099940390904,2026-06-12T16:38:19.940411,ground_truth,-0.063240,0.551000,0.167974,True,,,,,,,,,0.028577,1.015163,0.515917,0.000000,0.000000,0.000000,0.000000,0.000000,0.000000,-0.009240,-0.125160,0.066732,-0.028832,0.014368,-0.001856
1781257099978585252,2026-06-12T16:38:19.978604,ground_truth,-0.062823,0.534000,0.168608,True,,,,,,,,,0.028577,1.015163,0.515917,0.000000,0.000000,0.000000,0.000000,0.000000,0.000000,-0.009240,-0.125160,0.066732,-0.028832,0.014368,-0.001856
1781257100012620247,2026-06-12T16:38:20.012644,ground_truth,-0.051080,0.584000,0.166743,True,,,,,,,,,0.028554,1.005124,0.515789,0.000000,0.000000,0.000000,0.000000,0.000000,0.000000,-0.009240,-0.125160,0.066732,-0.028832,0.014368,-0.001856
1781257100050179372,2026-06-12T16:38:20.050207,ground_truth,-0.055031,0.542000,0.168310,True,,,,,,,,,0.028554,1.005124,0.515789,0.000000,0.000000,0.000000,0.000000,0.000000,0.000000,-0.009240,-0.125160,0.066732,-0.028832,0.014368,-0.001856
1781257100079324636,2026-06-12T16:38:20.079347,ground_truth,-0.055178,0.547000,0.168123,True,,,,,,,,,0.027922,0.995186,0.515699,0.000000,0.000000,0.000000,0.000000,0.000000,0.000000,-0.009240,-0.125160,0.066732,-0.028832,0.014368,-0.001856
1781257100109005946,2026-06-12T16:38:20.109026,ground_truth,-0.055914,0.572000,0.167191,True,,,,,,,,,0.027922,0.995186,0.515699,0.000000,0.000000,0.000000,0.000000,0.000000,0.000000,-0.009240,-0.125160,0.066732,-0.028832,0.014368,-0.001856
1781257100147376754,2026-06-12T16:38:20.147395,ground_truth,-0.054148,0.512000,0.169428,True,,,,,,,,,0.026830,0.986067,0.515743,0.000000,0.000000,0.000000,0.000000,0.000000,0.000000,-0.009240,-0.125160,0.066732,-0.028832,0.014368,-0.001856
1781257100190953874,2026-06-12T16:38:20.190979,ground_truth,-0.056220,0.489000,0.170286,True,,,,,,,,,0.026830,0.986067,0.515743,0.000000,0.000000,0.000000,0.000000,0.000000,0.000000,-0.009240,-0.125160,0.066732,-0.028832,0.014368,-0.001856
1781257100230920278,2026-06-12T16:38:20.230945,ground_truth,-0.056610,0.503000,0.169764,True,,,,,,,,,0.024958,0.979018,0.515989,0.000000,0.000000,0.000000,0.000000,0.000000,0.000000,-0.009240,-0.125160,0.066732,-0.028832,0.014368,-0.001856
1781257100261622113,2026-06-12T16:38:20.261644,ground_truth,-0.057110,0.521000,0.169093,True,,,,,,,,,0.024958,0.979018,0.515989,0.000000,0.000000,0.000000,0.000000,0.000000,0.000000,-0.009240,-0.125160,0.066732,-0.028832,0.014368,-0.001856
1781257100292101760,2026-06-12T16:38:20.292127,ground_truth,-0.057110,0.521000,0.169093,True,,,,,,,,,0.022594,0.974141,0.516461,0.000000,0.000000,0.000000,0.000000,0.000000,0.000000,-0.009240,-0.125160,0.066732,-0.028832,0.014368,-0.001856
1781257100327430886,2026-06-12T16:38:20.327457,ground_truth,-0.056721,0.507000,0.169615,True,,,,,,,,,0.022594,0.974141,0.516461,0.000000,0.000000,0.000000,0.000000,0.000000,0.000000,-0.009240,-0.125160,0.066732,-0.028832,0.014368,-0.001856
1781257100361857814,2026-06-12T16:38:20.361898,ground_truth,-0.051840,0.525000,0.171638,True,,,,,,,,,0.020332,0.971459,0.517125,0.000000,0.000000,0.000000,0.000000,0.000000,0.000000,-0.009240,-0.125160,0.066732,-0.028832,0.014368,-0.001856
1781257100396681447,2026-06-12T16:38:20.396709,ground_truth,-0.052648,0.551000,0.170626,True,,,,,,,,,0.020332,0.971459,0.517125,0.000000,0.000000,0.000000,0.000000,0.000000,0.000000,-0.009240,-0.125160,0.066732,-0.028832,0.014368,-0.001856
1781257100438877303,2026-06-12T16:38:20.438893,ground_truth,-0.053177,0.568000,0.169964,True,,,,,,,,,0.019384,0.970574,0.517946,0.000000,0.000000,0.000000,0.000000,0.000000,0.000000,-0.009240,-0.125160,0.066732,-0.028832,0.014368,-0.001856
1781257100476456278,2026-06-12T16:38:20.476482,ground_truth,-0.045460,0.572000,0.169808,True,,,,,,,,,0.019450,0.971319,0.517643,0.000000,0.000000,0.000000,0.000000,0.000000,0.000000,-0.009240,-0.125160,0.066732,-0.028832,0.014368,-0.001856
1781257100507785355,2026-06-12T16:38:20.507811,ground_truth,-0.053177,0.568000,0.169964,True,,,,,,,,,0.019450,0.971319,0.517643,0.000000,0.000000,0.000000,0.000000,0.000000,0.000000,-0.009240,-0.125160,0.066732,-0.028832,0.014368,-0.001856
1781257100544051634,2026-06-12T16:38:20.544073,ground_truth,-0.055031,0.542000,0.170976,True,,,,,,,,,0.018412,0.973966,0.517505,0.000000,0.000000,0.000000,0.000000,0.000000,0.000000,-0.009240,-0.125160,0.066732,-0.028832,0.014368,-0.001856
1781257100576631276,2026-06-12T16:38:20.576668,ground_truth,-0.047188,0.620000,0.167939,True,,,,,,,,,0.018412,0.973966,0.517505,0.000000,0.000000,0.000000,0.000000,0.000000,0.000000,-0.009240,-0.125160,0.066732,-0.028832,0.014368,-0.001856
1781257100611966947,2026-06-12T16:38:20.611989,ground_truth,-0.052897,0.559000,0.170314,True,,,,,,,,,0.017631,0.977970,0.517886,0.000000,0.000000,0.000000,0.000000,0.000000,0.000000,-0.009240,-0.125160,0.066732,-0.028832,0.014368,-0.001856
1781257100641824722,2026-06-12T16:38:20.641851,ground_truth,-0.055296,0.551000,0.167974,True,,,,,,,,,0.017631,0.977970,0.517886,0.000000,0.000000,0.000000,0.000000,0.000000,0.000000,-0.009240,-0.125160,0.066732,-0.028832,0.014368,-0.001856
1781257100676662747,2026-06-12T16:38:20.676678,ground_truth,-0.055178,0.547000,0.168123,True,,,,,,,,,0.017406,0.980523,0.518175,0.000000,0.000000,0.000000,0.000000,0.000000,0.000000,-0.009240,-0.125160,0.066732,-0.028832,0.014368,-0.001856
1781257100708246260,2026-06-12T16:38:20.708263,ground_truth,-0.056610,0.503000,0.172494,True,,,,,,,,,0.017406,0.980523,0.518175,0.000000,0.000000,0.000000,0.000000,0.000000,0.000000,-0.009240,-0.125160,0.066732,-0.028832,0.014368,-0.001856
1781257100753212910,2026-06-12T16:38:20.753242,ground_truth,-0.052368,0.542000,0.170976,True,,,,,,,,,0.017760,0.982866,0.518061,0.000000,0.000000,0.000000,0.000000,0.000000,0.000000,-0.009240,-0.125160,0.066732,-0.028832,0.014368,-0.001856
1781257100787070755,2026-06-12T16:38:20.787089,ground_truth,-0.051865,0.608000,0.168406,True,,,,,,,,,0.017760,0.982866,0.518061,0.000000,0.000000,0.000000,0.000000,0.000000,0.000000,-0.009240,-0.125160,0.066732,-0.028832,0.014368,-0.001856
1781257100823914890,2026-06-12T16:38:20.823940,ground_truth,-0.050892,0.654000,0.166616,True,,,,,,,,,0.016921,0.987021,0.518154,0.000000,0.000000,0.000000,0.000000,0.000000,0.000000,-0.009240,-0.125160,0.066732,-0.028832,0.014368,-0.001856
1781257100857754628,2026-06-12T16:38:20.857781,ground_truth,-0.053550,0.580000,0.169497,True,,,,,,,,,0.016921,0.987021,0.518154,0.000000,0.000000,0.000000,0.000000,0.000000,0.000000,-0.009240,-0.125160,0.066732,-0.028832,0.014368,-0.001856
1781257100896645572,2026-06-12T16:38:20.896684,ground_truth,-0.053371,0.654000,0.166616,True,,,,,,,,,0.016453,0.993352,0.518080,0.000000,0.000000,0.000000,0.000000,0.000000,0.000000,-0.009240,-0.125160,0.066732,-0.028832,0.014368,-0.001856
1781257100934308912,2026-06-12T16:38:20.934334,ground_truth,-0.049349,0.680000,0.165603,True,,,,,,,,,0.016453,0.993352,0.518080,0.000000,0.000000,0.000000,0.000000,0.000000,0.000000,-0.009240,-0.125160,0.066732,-0.028832,0.014368,-0.001856
1781257100974517586,2026-06-12T16:38:20.974541,ground_truth,-0.042370,0.745000,0.163073,True,,,,,,,,,0.016445,1.000814,0.517818,0.000000,0.000000,0.000000,0.000000,0.000000,0.000000,-0.009240,-0.125160,0.066732,-0.028832,0.014368,-0.001856
1781257101010221390,2026-06-12T16:38:21.010245,ground_truth,-0.044823,0.748000,0.162956,True,,,,,,,,,0.016070,1.010424,0.517405,0.000000,0.000000,0.000000,0.000000,0.000000,0.000000,-0.009240,-0.125160,0.066732,-0.028832,0.014368,-0.001856
1781257101048216711,2026-06-12T16:38:21.048243,ground_truth,-0.035998,0.758000,0.164878,True,,,,,,,,,0.016070,1.010424,0.517405,0.000000,0.000000,0.000000,0.000000,0.000000,0.000000,-0.009240,-0.125160,0.066732,-0.028832,0.014368,-0.001856
1781257101083125771,2026-06-12T16:38:21.083149,ground_truth,-0.035998,0.758000,0.164878,True,,,,,,,,,0.015576,1.020394,0.517025,0.000000,0.000000,0.000000,0.000000,0.000000,0.000000,-0.009240,-0.125160,0.066732,-0.028832,0.014368,-0.001856
1781257101119062501,2026-06-12T16:38:21.119084,ground_truth,-0.036283,0.764000,0.164635,True,,,,,,,,,0.015576,1.020394,0.517025,0.000000,0.000000,0.000000,0.000000,0.000000,0.000000,-0.009240,-0.125160,0.066732,-0.028832,0.014368,-0.001856
1781257101153135769,2026-06-12T16:38:21.153162,ground_truth,-0.035808,0.754000,0.165041,True,,,,,,,,,0.014933,1.030390,0.516709,0.000000,0.000000,0.000000,0.000000,0.000000,0.000000,-0.009240,-0.125160,0.066732,-0.028832,0.014368,-0.001856
1781257101191035646,2026-06-12T16:38:21.191061,ground_truth,-0.026765,0.758000,0.167190,True,,,,,,,,,0.014933,1.030390,0.516709,0.000000,0.000000,0.000000,0.000000,0.000000,0.000000,-0.009240,-0.125160,0.066732,-0.028832,0.014368,-0.001856
1781257101224197159,2026-06-12T16:38:21.224221,ground_truth,-0.022148,0.758000,0.167190,True,,,,,,,,,0.014093,1.040348,0.516459,0.000000,0.000000,0.000000,0.000000,0.000000,0.000000,-0.009240,-0.125160,0.066732,-0.028832,0.014368,-0.001856


============================================================
EXPERIMENT METRICS
  File: experiment_GROUND_TRUTH_20260612_163748.csv
  Total samples: 968
  Task completion time: 32.47 s
  Mode: GROUND TRUTH (no prediction metrics)
  --- Trajectory Smoothness (Robot EE) ---
  Mean Jerk (3D): 17.6029 m/s³
      Jerk X: 3.5793 m/s³
      Jerk Y: 16.3200 m/s³
      Jerk Z: 2.3415 m/s³
  Max Jerk (3D): 209.2814 m/s³
  RMS Jerk (3D): 31.5557 m/s³
============================================================
