ros_timestamp_ns,wall_time,trajectory_mode,meas_x,meas_y,meas_z,is_tracked,pred_x,pred_y,pred_z,mae_x,mae_y,mae_z,inference_ms,buffer_size,robot_ee_x,robot_ee_y,robot_ee_z,j1_vel,j2_vel,j3_vel,j4_vel,j5_vel,j6_vel,j1_eff,j2_eff,j3_eff,j4_eff,j5_eff,j6_eff
1779676292133883855,2026-05-25T09:31:32.133919,ground_truth,0.081212,-0.010000,0.001950,True,,,,,,,,,-0.163830,0.263006,0.394666,0.000000,0.000000,0.000000,0.000000,0.000000,0.000000,0.040600,-0.121800,0.077107,-0.035584,0.012480,-0.014080
1779676292198842314,2026-05-25T09:31:32.198865,ground_truth,0.080393,-0.000000,0.004025,True,,,,,,,,,-0.165666,0.254789,0.398796,0.000000,0.000000,0.000000,0.000000,0.000000,0.000000,0.041160,-0.121800,0.078435,-0.035744,0.012704,-0.014304
1779676292232335756,2026-05-25T09:31:32.232359,ground_truth,0.079573,0.010000,0.006100,True,,,,,,,,,-0.165666,0.254789,0.398796,0.000000,0.000000,0.000000,0.000000,0.000000,0.000000,0.041160,-0.121800,0.078435,-0.035744,0.012704,-0.014304
1779676292280667246,2026-05-25T09:31:32.280696,ground_truth,0.079573,0.010000,0.006100,True,,,,,,,,,-0.165973,0.247191,0.401623,0.000000,0.000000,0.000000,0.000000,0.000000,0.000000,0.042140,-0.122080,0.078435,-0.035904,0.013024,-0.014752
1779676292320387842,2026-05-25T09:31:32.320414,ground_truth,0.080393,-0.000000,0.004025,True,,,,,,,,,-0.164907,0.238353,0.404464,0.000000,0.000000,0.000000,0.000000,0.000000,0.000000,0.042140,-0.123900,0.078103,-0.035904,0.012704,-0.014592
1779676292366221606,2026-05-25T09:31:32.366252,ground_truth,0.080393,-0.000000,0.004025,True,,,,,,,,,-0.164907,0.238353,0.404464,0.000000,0.000000,0.000000,0.000000,0.000000,0.000000,0.042140,-0.123900,0.077771,-0.035904,0.012704,-0.014080
1779676292407287932,2026-05-25T09:31:32.407329,ground_truth,0.082032,-0.020000,-0.000125,True,,,,,,,,,-0.162001,0.250002,0.411990,0.000000,0.000000,0.000000,0.000000,0.000000,0.000000,0.042140,-0.123900,0.077771,-0.035904,0.012704,-0.014080
1779676292452878419,2026-05-25T09:31:32.452912,ground_truth,0.082032,-0.020000,-0.000125,True,,,,,,,,,-0.162001,0.250002,0.411990,0.000000,0.000000,0.000000,0.000000,0.000000,0.000000,0.042140,-0.123900,0.077771,-0.035904,0.012704,-0.014080
1779676292507648074,2026-05-25T09:31:32.507673,ground_truth,0.081212,-0.010000,0.001950,True,,,,,,,,,-0.162296,0.247956,0.411243,0.000000,0.000000,0.000000,0.000000,0.000000,0.000000,0.041160,-0.122080,0.077771,-0.036064,0.012480,-0.013920
1779676292544030674,2026-05-25T09:31:32.544059,ground_truth,0.081212,-0.010000,0.001950,True,,,,,,,,,-0.162296,0.247956,0.411243,0.049303,0.048865,0.050172,0.010898,0.065010,0.064568,-0.178780,0.105700,0.253150,0.043584,-0.063616,0.045984
1779676292580463060,2026-05-25T09:31:32.580485,ground_truth,0.078836,0.019000,0.007968,True,,,,,,,,,-0.162869,0.243811,0.409792,0.101225,0.101225,0.102099,0.048432,0.143106,0.140056,-0.228340,0.161700,0.294069,0.017152,-0.061568,0.053056
1779676292622125267,2026-05-25T09:31:32.622151,ground_truth,0.079573,0.010000,0.006100,True,,,,,,,,,-0.162869,0.243811,0.409792,0.167986,0.166241,0.165364,0.072857,0.220782,0.223833,-0.234920,0.201180,0.301954,0.023104,-0.073632,0.059392
1779676292659615368,2026-05-25T09:31:32.659642,ground_truth,0.079573,0.010000,0.006100,True,,,,,,,,,-0.163484,0.238429,0.408236,0.212493,0.215544,0.212057,0.094244,0.280553,0.280122,-0.262780,0.173600,0.311582,0.017376,-0.075040,0.061120
1779676292711224597,2026-05-25T09:31:32.711248,ground_truth,0.081212,-0.010000,0.001950,True,,,,,,,,,-0.162001,0.250002,0.411990,0.246527,0.248271,0.246957,0.118680,0.333793,0.328554,-0.213780,0.104720,0.258628,0.026272,-0.077824,0.059840
1779676292747664772,2026-05-25T09:31:32.747688,ground_truth,0.083671,-0.040000,-0.004275,True,,,,,,,,,-0.162001,0.250002,0.411990,0.222091,0.220778,0.219470,0.107772,0.288412,0.285361,-0.120820,-0.012320,0.213559,0.030240,-0.067008,0.050656
1779676292801913220,2026-05-25T09:31:32.801932,ground_truth,0.082032,-0.020000,-0.000125,True,,,,,,,,,-0.162001,0.250002,0.411990,0.122603,0.120859,0.122605,0.075477,0.145295,0.143106,-0.041440,-0.099820,0.150977,0.025440,-0.051776,0.032896
1779676292843713151,2026-05-25T09:31:32.843729,ground_truth,0.079573,0.010000,0.006100,True,,,,,,,,,-0.162297,0.247912,0.411239,0.001744,0.001744,0.000000,0.032715,0.005228,0.005228,0.077700,-0.281120,0.062582,0.016640,0.008192,-0.024224
1779676292888803684,2026-05-25T09:31:32.888822,ground_truth,0.080393,-0.000000,0.004025,True,,,,,,,,,-0.162297,0.247912,0.411239,0.104714,0.104283,0.107772,0.000000,0.164051,0.167112,0.245700,-0.453460,-0.100264,-0.005184,0.065504,-0.051264
1779676292942684347,2026-05-25T09:31:32.942702,ground_truth,0.082851,-0.030000,0.001874,True,,,,,,,,,-0.162864,0.243773,0.409804,0.215544,0.223835,0.215544,0.040142,0.291031,0.291031,0.282660,-0.548380,-0.146163,-0.065120,0.078432,-0.063904
1779676292979151409,2026-05-25T09:31:32.979171,ground_truth,0.082032,-0.020000,0.007991,True,,,,,,,,,-0.162001,0.250002,0.411990,0.270956,0.316776,0.271396,0.056279,0.352991,0.339462,0.217560,-0.479500,-0.088561,-0.074752,0.074976,-0.057280
1779676293017289061,2026-05-25T09:31:33.017312,ground_truth,0.082851,-0.030000,0.018173,True,,,,,,,,,-0.162001,0.250002,0.411990,0.266598,0.344701,0.263976,0.045812,0.336843,0.312406,0.172620,-0.451920,-0.080676,-0.073408,0.068576,-0.054880
1779676293052248934,2026-05-25T09:31:33.052282,ground_truth,0.079573,0.010000,0.030153,True,,,,,,,,,-0.162001,0.250002,0.411990,0.230382,0.359101,0.239976,0.021375,0.293650,0.263975,0.126420,-0.395780,-0.030793,-0.080384,0.066080,-0.047712
1779676293089645115,2026-05-25T09:31:33.089675,ground_truth,0.075722,0.057000,0.047306,True,,,,,,,,,-0.162001,0.250002,0.411990,0.167986,0.357350,0.198964,0.002609,0.215543,0.185868,0.096040,-0.401940,-0.042828,-0.065952,0.054784,-0.041696
1779676293133876215,2026-05-25T09:31:33.133899,ground_truth,0.078016,0.029000,0.045841,True,,,,,,,,,-0.162001,0.250002,0.411990,0.126099,0.347752,0.169290,0.005670,0.158823,0.134817,0.052080,-0.331660,-0.002075,-0.019424,0.052992,-0.036128
1779676293189833129,2026-05-25T09:31:33.189856,ground_truth,0.075570,0.010000,0.054206,True,,,,,,,,,-0.162233,0.248042,0.412182,0.042318,0.300632,0.076351,0.042751,0.042751,0.040573,0.032480,-0.280140,0.040421,0.005184,0.039360,-0.030112
1779676293227565304,2026-05-25T09:31:33.227597,ground_truth,0.077979,-0.020000,0.052630,True,,,,,,,,,-0.162233,0.248042,0.412182,0.001744,0.241724,0.005666,0.045812,0.016137,0.000000,-0.026320,-0.213220,0.074285,0.011968,-0.047712,0.001568
1779676293263386926,2026-05-25T09:31:33.263410,ground_truth,0.076373,-0.000000,0.064404,True,,,,,,,,,-0.162651,0.244307,0.413662,0.027925,0.183255,0.027919,0.051482,0.072857,0.035335,-0.120260,-0.185360,0.234724,-0.001504,-0.053760,0.029504
1779676293308808431,2026-05-25T09:31:33.308830,ground_truth,0.067870,0.057000,0.086622,True,,,,,,,,,-0.162001,0.250002,0.411990,0.047558,0.101225,0.057592,0.029665,0.081158,0.048432,-0.085540,-0.152180,0.222357,0.006624,-0.046880,0.031008
1779676293359668824,2026-05-25T09:31:33.359686,ground_truth,0.064637,0.048000,0.092913,True,,,,,,,,,-0.162001,0.250002,0.411990,0.030976,0.050609,0.054098,0.021807,0.048863,0.034903,-0.081480,-0.157360,0.214638,0.006144,-0.038464,0.029568
1779676293405563704,2026-05-25T09:31:33.405589,ground_truth,0.066100,0.029000,0.093572,True,,,,,,,,,-0.162001,0.250002,0.411990,0.011342,0.032720,0.016580,0.016137,0.000000,0.010898,-0.062300,-0.185920,0.167328,0.007136,-0.027456,0.027680
1779676293447918914,2026-05-25T09:31:33.447938,ground_truth,0.063250,0.066000,0.111724,True,,,,,,,,,-0.161809,0.248423,0.413569,0.000000,0.024429,0.013086,0.010898,0.037954,0.000000,-0.001540,-0.168000,0.041002,0.001568,0.046592,0.010368
1779676293489482524,2026-05-25T09:31:33.489505,ground_truth,0.062480,0.076000,0.121206,True,,,,,,,,,-0.161809,0.248423,0.413569,0.006540,0.014394,0.023993,0.007847,0.043193,0.005670,0.062580,-0.139440,0.028054,0.002176,0.040576,-0.015808
1779676293528805935,2026-05-25T09:31:33.528829,ground_truth,0.060400,0.103000,0.129511,True,,,,,,,,,-0.161336,0.246881,0.417394,0.008285,0.009598,0.020506,0.008289,0.034903,0.010898,0.057260,-0.144340,0.044073,-0.000512,0.042592,-0.019552
1779676293566153416,2026-05-25T09:31:33.566180,ground_truth,0.060400,0.103000,0.137223,True,,,,,,,,,-0.161336,0.246881,0.417394,0.008285,0.009598,0.020506,0.008289,0.034903,0.010898,0.057260,-0.144340,0.044073,-0.000512,0.042592,-0.019552
1779676293603680015,2026-05-25T09:31:33.603706,ground_truth,0.061094,0.094000,0.143526,True,,,,,,,,,-0.162001,0.250002,0.411990,0.008285,0.009598,0.020506,0.008289,0.034903,0.010898,0.057260,-0.144340,0.044073,-0.000512,0.042592,-0.019552
1779676293643415067,2026-05-25T09:31:33.643443,ground_truth,0.061498,0.138000,0.154214,True,,,,,,,,,-0.161248,0.250192,0.414078,0.013087,0.011342,0.046685,0.002609,0.029665,0.016137,-0.098560,0.033740,0.237795,0.004736,-0.040352,0.030112
1779676293693275896,2026-05-25T09:31:33.693292,ground_truth,0.064959,0.094000,0.151267,True,,,,,,,,,-0.161248,0.250192,0.414078,0.013087,0.013087,0.050172,0.005670,0.032284,0.016137,-0.092960,0.020020,0.234060,0.001952,-0.041632,0.030400
1779676293729796009,2026-05-25T09:31:33.729824,ground_truth,0.070270,0.076000,0.152408,True,,,,,,,,,-0.160363,0.250953,0.418309,0.013087,0.013087,0.050172,0.005670,0.032284,0.016137,-0.092960,0.020020,0.234060,0.001952,-0.041632,0.030400
1779676293770121417,2026-05-25T09:31:33.770143,ground_truth,0.067379,0.112000,0.161709,True,,,,,,,,,-0.159436,0.252255,0.424703,0.013087,0.013087,0.050172,0.005670,0.032284,0.016137,-0.092960,0.020020,0.234060,0.001952,-0.041632,0.030400
1779676293805391695,2026-05-25T09:31:33.805418,ground_truth,0.067379,0.112000,0.165550,True,,,,,,,,,-0.159436,0.252255,0.424703,0.013087,0.013087,0.050172,0.005670,0.032284,0.016137,-0.092960,0.020020,0.234060,0.001952,-0.041632,0.030400
1779676293845733128,2026-05-25T09:31:33.845755,ground_truth,0.064568,0.147000,0.174527,True,,,,,,,,,-0.158524,0.254469,0.433058,0.000000,0.000000,0.000000,0.002609,0.005228,0.000000,-0.034020,-0.073080,0.054033,0.007360,0.039424,-0.000512
1779676293892026664,2026-05-25T09:31:33.892045,ground_truth,0.070270,0.076000,0.168010,True,,,,,,,,,-0.158524,0.254469,0.433058,0.000000,0.000000,0.002178,0.000000,0.002609,0.000000,-0.101360,-0.038360,0.195216,0.006976,0.025824,0.006144
1779676293947162198,2026-05-25T09:31:33.947179,ground_truth,0.066014,0.129000,0.175699,True,,,,,,,,,-0.157654,0.257942,0.442418,0.008285,0.003051,0.026179,0.000000,0.018756,0.007847,-0.105980,0.017920,0.214223,0.004864,-0.042976,0.033504
1779676293987085189,2026-05-25T09:31:33.987106,ground_truth,0.065291,0.138000,0.180803,True,,,,,,,,,-0.156832,0.261813,0.451594,0.006540,0.000000,0.027919,0.000000,0.032284,0.010898,-0.096040,-0.054460,0.206172,0.008416,-0.046304,0.031168
1779676294026235325,2026-05-25T09:31:34.026255,ground_truth,0.064568,0.147000,0.185878,True,,,,,,,,,-0.156832,0.261813,0.451594,0.000000,0.017889,0.007413,0.002609,0.027045,0.002609,-0.085120,-0.222880,0.168739,0.008576,-0.046144,0.023776
1779676294067490397,2026-05-25T09:31:34.067510,ground_truth,0.062561,0.172000,0.189423,True,,,,,,,,,-0.156113,0.266270,0.460526,0.000000,0.030976,0.001740,0.000000,0.026614,0.002609,0.011340,-0.202300,0.080676,0.003072,-0.042976,-0.006144
1779676294110334464,2026-05-25T09:31:34.110360,ground_truth,0.059830,0.206000,0.197930,True,,,,,,,,,-0.155438,0.271006,0.469350,0.004796,0.027925,0.009160,0.000000,0.013517,0.010898,0.059500,-0.154560,0.034113,-0.002016,-0.041536,-0.014144
1779676294152847914,2026-05-25T09:31:34.152870,ground_truth,0.062561,0.172000,0.193165,True,,,,,,,,,-0.155438,0.271006,0.469350,0.003489,0.007853,0.005666,0.000000,0.000000,0.000000,0.077140,-0.145600,0.039923,-0.003296,-0.041088,-0.020224
1779676294210375794,2026-05-25T09:31:34.210402,ground_truth,0.063926,0.155000,0.194553,True,,,,,,,,,-0.154834,0.276354,0.478010,0.000000,0.000000,0.001740,0.000000,0.000000,0.000000,0.075600,-0.161140,0.039923,-0.003008,-0.039072,-0.017376
1779676294251965791,2026-05-25T09:31:34.251996,ground_truth,0.061196,0.189000,0.199263,True,,,,,,,,,-0.154304,0.281670,0.486162,0.001744,0.003489,0.003926,0.000000,0.013086,0.002609,-0.047740,-0.162120,0.213891,-0.003584,-0.040352,0.011360
1779676294291473926,2026-05-25T09:31:34.291503,ground_truth,0.063926,0.155000,0.194553,True,,,,,,,,,-0.154304,0.281670,0.486162,0.008285,0.000000,0.014833,0.000000,0.010898,0.010467,-0.102480,-0.040180,0.202022,-0.004640,-0.040864,0.029280
1779676294349116198,2026-05-25T09:31:34.349142,ground_truth,0.065561,0.181000,0.198155,True,,,,,,,,,-0.153827,0.287493,0.494367,0.010029,0.011342,0.013086,0.000000,0.000000,0.010467,-0.096320,0.013300,0.204595,-0.000288,-0.039680,0.030624
1779676294393329579,2026-05-25T09:31:34.393352,ground_truth,0.066954,0.164000,0.199556,True,,,,,,,,,-0.153383,0.293463,0.502412,0.010029,0.011342,0.013086,0.000000,0.000000,0.010467,-0.096320,0.013300,0.204595,-0.000288,-0.039680,0.030624
1779676294443878200,2026-05-25T09:31:34.443919,ground_truth,0.066298,0.172000,0.200651,True,,,,,,,,,-0.152954,0.299541,0.510273,0.010029,0.011342,0.013086,0.000000,0.000000,0.010467,-0.096320,0.013300,0.204595,-0.000288,-0.039680,0.030624
1779676294481780742,2026-05-25T09:31:34.481802,ground_truth,0.066298,0.172000,0.204393,True,,,,,,,,,-0.152954,0.299541,0.510273,0.010029,0.011342,0.013086,0.000000,0.000000,0.010467,-0.096320,0.013300,0.204595,-0.000288,-0.039680,0.030624
1779676294522589869,2026-05-25T09:31:34.522606,ground_truth,0.068347,0.147000,0.201013,True,,,,,,,,,-0.152550,0.305944,0.517892,0.019634,0.034465,0.033592,0.000000,0.075046,0.021375,-0.126980,-0.233380,0.235969,-0.004864,-0.048640,0.029344
1779676294563495255,2026-05-25T09:31:34.563520,ground_truth,0.066298,0.172000,0.204393,True,,,,,,,,,-0.152550,0.305944,0.517892,0.027925,0.060645,0.055845,0.000000,0.123908,0.027045,-0.128520,-0.266280,0.241945,-0.005920,-0.059680,0.031840
1779676294599247360,2026-05-25T09:31:34.599278,ground_truth,0.068347,0.147000,0.201013,True,,,,,,,,,-0.152183,0.312621,0.525279,0.032720,0.075045,0.067191,0.000000,0.153584,0.032284,-0.133560,-0.316400,0.247091,-0.006528,-0.059680,0.033344
1779676294636414351,2026-05-25T09:31:34.636429,ground_truth,0.067691,0.155000,0.205865,True,,,,,,,,,-0.151831,0.319422,0.532658,0.044069,0.125661,0.098604,0.000000,0.229071,0.043193,-0.143220,-0.350560,0.266181,-0.009248,-0.069920,0.035840
1779676294686726439,2026-05-25T09:31:34.686756,ground_truth,0.066954,0.164000,0.207067,True,,,,,,,,,-0.151831,0.319422,0.532658,0.050609,0.169730,0.133512,0.000000,0.301498,0.048432,-0.125160,-0.333760,0.289255,-0.011360,-0.077312,0.037024
1779676294739258992,2026-05-25T09:31:34.739281,ground_truth,0.066954,0.164000,0.210823,True,,,,,,,,,-0.151529,0.326287,0.539940,0.052354,0.207691,0.187618,0.000000,0.393564,0.053659,-0.136640,-0.313600,0.304859,-0.013312,-0.089824,0.033568
1779676294777270675,2026-05-25T09:31:34.777294,ground_truth,0.061196,0.189000,0.214121,True,,,,,,,,,-0.151262,0.333230,0.547273,0.052354,0.219033,0.219038,0.000000,0.431087,0.051482,-0.101920,-0.290780,0.320712,-0.013760,-0.090176,0.034080
1779676294827411526,2026-05-25T09:31:34.827436,ground_truth,0.059830,0.206000,0.220051,True,,,,,,,,,-0.151262,0.333230,0.547273,0.047558,0.217289,0.250890,0.000000,0.458143,0.048432,-0.118020,-0.291620,0.321874,-0.014816,-0.093184,0.035968
1779676294869030191,2026-05-25T09:31:34.869056,ground_truth,0.061838,0.181000,0.216794,True,,,,,,,,,-0.151019,0.339965,0.554517,0.047120,0.208997,0.265723,0.000000,0.477341,0.045812,-0.081760,-0.256060,0.318969,-0.014528,-0.086208,0.035584
1779676294924819652,2026-05-25T09:31:34.924857,ground_truth,0.061196,0.189000,0.221551,True,,,,,,,,,-0.150765,0.346748,0.561876,0.040574,0.188057,0.278809,0.000000,0.469052,0.040573,-0.109340,-0.243600,0.319965,-0.014752,-0.086112,0.033952
1779676294976495017,2026-05-25T09:31:34.976518,ground_truth,0.059188,0.214000,0.224767,True,,,,,,,,,-0.150511,0.353496,0.569254,0.036209,0.160133,0.286229,0.000000,0.447234,0.037523,-0.104440,-0.214760,0.335320,-0.015424,-0.089664,0.031680
1779676295014455314,2026-05-25T09:31:35.014483,ground_truth,0.058115,0.181000,0.224250,True,,,,,,,,,-0.150511,0.353496,0.569254,0.035778,0.151841,0.287977,0.000000,0.441995,0.034903,-0.089180,-0.218820,0.335320,-0.015040,-0.088672,0.031072
1779676295056659993,2026-05-25T09:31:35.056682,ground_truth,0.058115,0.181000,0.224250,True,,,,,,,,,-0.150169,0.360162,0.576663,0.029231,0.127406,0.291902,0.000000,0.422797,0.029665,-0.114380,-0.198940,0.323119,-0.015648,-0.076480,0.033568
1779676295107855693,2026-05-25T09:31:35.107877,ground_truth,0.053160,0.197000,0.229983,True,,,,,,,,,-0.149734,0.366804,0.584132,0.024429,0.101225,0.293650,0.000000,0.401853,0.023995,-0.107240,-0.196840,0.339802,-0.016256,-0.079584,0.034912
1779676295156971978,2026-05-25T09:31:35.156992,ground_truth,0.054393,0.181000,0.227977,True,,,,,,,,,-0.149734,0.366804,0.584132,0.023122,0.085081,0.295397,0.000000,0.376985,0.021807,-0.113400,-0.169540,0.354410,-0.016928,-0.078208,0.032512
1779676295200189717,2026-05-25T09:31:35.200212,ground_truth,0.053160,0.197000,0.229983,True,,,,,,,,,-0.148961,0.373391,0.591926,0.021378,0.071994,0.298884,0.000000,0.374808,0.018756,-0.094780,-0.161140,0.357315,-0.017312,-0.079584,0.032800
1779676295241188719,2026-05-25T09:31:35.241228,ground_truth,0.053160,0.197000,0.233685,True,,,,,,,,,-0.148005,0.379624,0.599438,0.016138,0.060645,0.299323,0.000000,0.363899,0.016137,-0.104720,-0.147560,0.342375,-0.017312,-0.080160,0.030400
1779676295281243462,2026-05-25T09:31:35.281272,ground_truth,0.051235,0.222000,0.236778,True,,,,,,,,,-0.148005,0.379624,0.599438,0.016138,0.048865,0.299323,0.000000,0.347752,0.016137,-0.115500,-0.168280,0.359722,-0.017920,-0.076096,0.032000
1779676295317150848,2026-05-25T09:31:35.317172,ground_truth,0.052467,0.206000,0.234798,True,,,,,,,,,-0.146572,0.385947,0.607033,0.014831,0.038829,0.297575,0.000000,0.339462,0.013517,-0.108780,-0.158900,0.342541,-0.017920,-0.079264,0.031904
1779676295359171215,2026-05-25T09:31:35.359212,ground_truth,0.051235,0.222000,0.240438,True,,,,,,,,,-0.146572,0.385947,0.607033,0.013087,0.026174,0.297137,0.000000,0.325934,0.010898,-0.100940,-0.136640,0.360386,-0.018816,-0.072480,0.031392
1779676295401881090,2026-05-25T09:31:35.401928,ground_truth,0.051235,0.222000,0.240438,True,,,,,,,,,-0.144780,0.392741,0.614105,0.011342,0.017889,0.299323,0.000000,0.320696,0.013086,-0.111860,-0.135660,0.353331,-0.019104,-0.072128,0.028736
1779676295452716753,2026-05-25T09:31:35.452743,ground_truth,0.050618,0.230000,0.241415,True,,,,,,,,,-0.142862,0.399835,0.620733,0.010029,0.003051,0.297137,0.000000,0.304117,0.010898,-0.115500,-0.144340,0.358311,-0.019104,-0.070464,0.030176
1779676295491671690,2026-05-25T09:31:35.491697,ground_truth,0.050618,0.230000,0.241415,True,,,,,,,,,-0.142862,0.399835,0.620733,0.009598,0.000000,0.295828,0.000000,0.288412,0.007847,-0.112840,-0.054180,0.361963,-0.020096,-0.073536,0.032672
1779676295533341445,2026-05-25T09:31:35.533371,ground_truth,0.049386,0.246000,0.243368,True,,,,,,,,,-0.141019,0.407321,0.626270,0.008285,0.008285,0.295828,0.000000,0.282742,0.007847,-0.109340,0.044520,0.357481,-0.020320,-0.073632,0.032576
1779676295573018641,2026-05-25T09:31:35.573050,ground_truth,0.056149,0.206000,0.238485,True,,,,,,,,,-0.139451,0.413639,0.630624,0.006540,0.019634,0.297575,0.000000,0.277503,0.005228,-0.102200,0.059500,0.348517,-0.020992,-0.068288,0.033568
1779676295613071770,2026-05-25T09:31:35.613099,ground_truth,0.054261,0.230000,0.241415,True,,,,,,,,,-0.139451,0.413639,0.630624,0.004796,0.026174,0.297137,0.000000,0.274884,0.005670,-0.104440,0.042700,0.365034,-0.021600,-0.067360,0.032288
1779676295664974873,2026-05-25T09:31:35.665049,ground_truth,0.051822,0.261000,0.245199,True,,,,,,,,,-0.138199,0.420028,0.634150,0.003489,0.029669,0.299323,0.000000,0.269214,0.005228,-0.095480,0.062580,0.350260,-0.021888,-0.072800,0.032512
1779676295713061873,2026-05-25T09:31:35.713087,ground_truth,0.054261,0.230000,0.241415,True,,,,,,,,,-0.137271,0.425301,0.636893,0.001307,0.034465,0.299323,0.000000,0.267025,0.002609,-0.099400,0.047320,0.355904,-0.023104,-0.071424,0.034240
1779676295768066827,2026-05-25T09:31:35.768090,ground_truth,0.051193,0.269000,0.246176,True,,,,,,,,,-0.137271,0.425301,0.636893,0.001744,0.037960,0.299323,0.000000,0.263975,0.002609,-0.098840,0.048860,0.368354,-0.025056,-0.067520,0.033568
1779676295809051065,2026-05-25T09:31:35.809074,ground_truth,0.049934,0.285000,0.248129,True,,,,,,,,,-0.136685,0.429752,0.638890,0.001307,0.039267,0.301063,0.000000,0.261356,0.002609,-0.090440,0.057260,0.379144,-0.025344,-0.065184,0.033280
1779676295849421686,2026-05-25T09:31:35.849446,ground_truth,0.050564,0.277000,0.250723,True,,,,,,,,,-0.136336,0.435937,0.640654,0.001744,0.041012,0.303248,0.000000,0.258736,0.002609,-0.100100,0.040180,0.361050,-0.025824,-0.072192,0.033184
1779676295885092860,2026-05-25T09:31:35.885118,ground_truth,0.051193,0.269000,0.249759,True,,,,,,,,,-0.136336,0.435937,0.640654,0.003051,0.041012,0.299323,0.000000,0.256117,0.002609,-0.096320,0.055720,0.381883,-0.027008,-0.075040,0.032960
1779676295939172273,2026-05-25T09:31:35.939199,ground_truth,0.053002,0.246000,0.246989,True,,,,,,,,,-0.136033,0.443435,0.642582,0.003489,0.042318,0.301063,0.000000,0.256117,0.002609,-0.101360,0.059080,0.376903,-0.027456,-0.070848,0.034400
1779676295975050316,2026-05-25T09:31:35.975071,ground_truth,0.051193,0.269000,0.253342,True,,,,,,,,,-0.135906,0.450150,0.644032,0.008285,0.044069,0.298884,0.000000,0.258736,0.005228,-0.101920,0.049560,0.370014,-0.028672,-0.068352,0.033952
1779676296013231734,2026-05-25T09:31:36.013256,ground_truth,0.054771,0.269000,0.253342,True,,,,,,,,,-0.135906,0.450150,0.644032,0.011342,0.042318,0.298884,0.000000,0.256117,0.010898,-0.108780,0.046760,0.382547,-0.029440,-0.065792,0.034560
1779676296050397089,2026-05-25T09:31:36.050415,ground_truth,0.059005,0.261000,0.255989,True,,,,,,,,,-0.135917,0.457518,0.645719,0.014831,0.041012,0.299323,0.000000,0.258736,0.016137,-0.111580,0.057960,0.375492,-0.030016,-0.066560,0.034176
1779676296090956815,2026-05-25T09:31:36.090974,ground_truth,0.063850,0.246000,0.257852,True,,,,,,,,,-0.135917,0.457518,0.645719,0.019634,0.042318,0.297137,0.000000,0.256117,0.021807,-0.115920,0.034720,0.379476,-0.031072,-0.069408,0.034624
1779676296132865895,2026-05-25T09:31:36.132889,ground_truth,0.062596,0.261000,0.259585,True,,,,,,,,,-0.136572,0.464665,0.647640,0.025742,0.041012,0.297575,0.000000,0.255686,0.024426,-0.123340,0.044520,0.382713,-0.031520,-0.074592,0.034304
1779676296184277889,2026-05-25T09:31:36.184302,ground_truth,0.063850,0.246000,0.261473,True,,,,,,,,,-0.137496,0.470490,0.649522,0.036209,0.042318,0.297575,0.000000,0.255686,0.037954,-0.118020,0.048580,0.363457,-0.032288,-0.067360,0.034016
1779676296225422463,2026-05-25T09:31:36.225459,ground_truth,0.065506,0.269000,0.264092,True,,,,,,,,,-0.137496,0.470490,0.649522,0.044069,0.047120,0.295397,0.000000,0.247827,0.045812,-0.120540,0.047320,0.367939,-0.032896,-0.068128,0.036960
1779676296269489976,2026-05-25T09:31:36.269546,ground_truth,0.065506,0.269000,0.267676,True,,,,,,,,,-0.138958,0.475093,0.652060,0.048865,0.050609,0.291464,0.000000,0.239980,0.048432,-0.115220,0.047320,0.401637,-0.033184,-0.066848,0.038304
1779676296317270781,2026-05-25T09:31:36.317297,ground_truth,0.063546,0.292000,0.270257,True,,,,,,,,,-0.140115,0.478702,0.654452,0.054105,0.057156,0.287977,0.000000,0.229071,0.051040,-0.114660,0.063140,0.360884,-0.033504,-0.064224,0.041184
1779676296371334072,2026-05-25T09:31:36.371357,ground_truth,0.062864,0.300000,0.271154,True,,,,,,,,,-0.141060,0.481676,0.656508,0.055412,0.073738,0.273144,0.000000,0.199838,0.056721,-0.118020,0.056000,0.363872,-0.033184,-0.057888,0.034560
1779676296419860679,2026-05-25T09:31:36.419899,ground_truth,0.066391,0.300000,0.274687,True,,,,,,,,,-0.141060,0.481676,0.656508,0.054105,0.079847,0.256563,0.000000,0.180198,0.054101,-0.103180,0.061880,0.378646,-0.033504,-0.057440,0.036064
1779676296465296515,2026-05-25T09:31:36.465320,ground_truth,0.069299,0.307000,0.275461,True,,,,,,,,,-0.142176,0.486171,0.659302,0.048865,0.085081,0.247396,0.000000,0.164492,0.048432,-0.117740,0.071540,0.371923,-0.033504,-0.057120,0.037472
1779676296507559503,2026-05-25T09:31:36.507594,ground_truth,0.071247,0.285000,0.276585,True,,,,,,,,,-0.143559,0.489709,0.661749,0.042756,0.088139,0.225143,0.000000,0.132208,0.040573,-0.102480,0.059080,0.342707,-0.033408,-0.054048,0.033568
1779676296553352562,2026-05-25T09:31:36.553375,ground_truth,0.069919,0.300000,0.281751,True,,,,,,,,,-0.143559,0.489709,0.661749,0.039267,0.089883,0.213797,0.000000,0.126528,0.037523,-0.089180,0.062300,0.363872,-0.033408,-0.051264,0.032512
1779676296607041985,2026-05-25T09:31:36.607066,ground_truth,0.068591,0.315000,0.286868,True,,,,,,,,,-0.145760,0.493208,0.664991,0.029669,0.089445,0.185870,0.000000,0.097294,0.029665,-0.093240,0.032760,0.352667,-0.033792,-0.048704,0.029728
1779676296648652102,2026-05-25T09:31:36.648673,ground_truth,0.068591,0.315000,0.286868,True,,,,,,,,,-0.147296,0.495845,0.668055,0.020940,0.089883,0.172785,0.000000,0.083766,0.021375,-0.103740,0.034300,0.348849,-0.034688,-0.049536,0.029888
1779676296693228116,2026-05-25T09:31:36.693256,ground_truth,0.066025,0.344000,0.293392,True,,,,,,,,,-0.147296,0.495845,0.668055,0.014831,0.092934,0.163624,0.000000,0.069807,0.013517,-0.090440,0.060060,0.374330,-0.036192,-0.044864,0.030848
1779676296732542784,2026-05-25T09:31:36.732564,ground_truth,0.066391,0.300000,0.288816,True,,,,,,,,,-0.148856,0.499765,0.671782,0.008285,0.104714,0.167112,0.000000,0.061949,0.007847,-0.068460,0.070980,0.352667,-0.037856,-0.044256,0.030464
1779676296776151013,2026-05-25T09:31:36.776175,ground_truth,0.066391,0.300000,0.288816,True,,,,,,,,,-0.149844,0.503398,0.674886,0.001307,0.115626,0.171037,0.000000,0.054101,0.002609,-0.070560,0.088620,0.352667,-0.039360,-0.045088,0.029120
1779676296815706697,2026-05-25T09:31:36.815730,ground_truth,0.067086,0.292000,0.291530,True,,,,,,,,,-0.149844,0.503398,0.674886,0.001744,0.125661,0.178458,0.000000,0.051482,0.000000,0.002100,0.089460,0.355738,-0.040704,-0.044640,0.014528
1779676296855525797,2026-05-25T09:31:36.855547,ground_truth,0.061586,0.315000,0.293884,True,,,,,,,,,-0.150402,0.507826,0.678404,0.004796,0.135697,0.184131,0.000000,0.048432,0.002609,0.081200,0.057960,0.373085,-0.041632,-0.041632,-0.017984
1779676296898550192,2026-05-25T09:31:36.898565,ground_truth,0.058083,0.315000,0.293884,True,,,,,,,,,-0.150402,0.507826,0.678404,0.013087,0.140492,0.189365,0.000000,0.051040,0.010898,0.098560,0.038640,0.369682,-0.042240,-0.043040,-0.024608
1779676296947524083,2026-05-25T09:31:36.947547,ground_truth,0.053433,0.329000,0.295317,True,,,,,,,,,-0.150302,0.513101,0.682023,0.019634,0.138748,0.189804,0.000000,0.048432,0.021375,0.102480,0.048020,0.368686,-0.042688,-0.046528,-0.028000
1779676296990322500,2026-05-25T09:31:36.990343,ground_truth,0.048748,0.344000,0.296852,True,,,,,,,,,-0.149745,0.517625,0.684901,0.023122,0.135259,0.189365,0.000000,0.053659,0.021375,0.097860,0.054740,0.364536,-0.044032,-0.044416,-0.030464
1779676297028157568,2026-05-25T09:31:37.028174,ground_truth,0.049310,0.337000,0.296136,True,,,,,,,,,-0.149745,0.517625,0.684901,0.023122,0.135259,0.189365,0.000000,0.053659,0.021375,0.097860,0.054740,0.364536,-0.044032,-0.044416,-0.030464
1779676297074309707,2026-05-25T09:31:37.074332,ground_truth,0.042540,0.379000,0.300435,True,,,,,,,,,-0.148432,0.523095,0.687824,0.023122,0.135259,0.189365,0.000000,0.053659,0.021375,0.097860,0.054740,0.364536,-0.044032,-0.044416,-0.030464
1779676297117753661,2026-05-25T09:31:37.117776,ground_truth,0.040220,0.365000,0.299002,True,,,,,,,,,-0.146855,0.527645,0.690280,0.023122,0.135259,0.189365,0.000000,0.053659,0.021375,0.097860,0.054740,0.364536,-0.044032,-0.044416,-0.030464
1779676297159076362,2026-05-25T09:31:37.159100,ground_truth,0.036272,0.372000,0.299718,True,,,,,,,,,-0.146855,0.527645,0.690280,0.024429,0.135697,0.187618,0.000000,0.054101,0.023995,0.101640,0.026040,0.365698,-0.044416,-0.043040,-0.032960
1779676297208131912,2026-05-25T09:31:37.208157,ground_truth,0.033379,0.365000,0.299002,True,,,,,,,,,-0.144065,0.533434,0.692752,0.044069,0.085081,0.157951,0.000000,0.075046,0.045812,0.117180,-0.012320,0.354244,-0.045824,-0.044864,-0.035520
1779676297258825682,2026-05-25T09:31:37.258849,ground_truth,0.025057,0.386000,0.301151,True,,,,,,,,,-0.141395,0.538519,0.694570,0.044069,0.073301,0.150531,0.000000,0.080716,0.042751,0.109340,-0.017920,0.346691,-0.047040,-0.049984,-0.034624
1779676297307852276,2026-05-25T09:31:37.307877,ground_truth,0.017344,0.400000,0.302585,True,,,,,,,,,-0.138547,0.543405,0.695927,0.042756,0.068936,0.148784,0.000000,0.080716,0.040573,0.102200,-0.025620,0.353497,-0.047200,-0.045600,-0.039136
1779676297348412114,2026-05-25T09:31:37.348429,ground_truth,0.014440,0.393000,0.301868,True,,,,,,,,,-0.138547,0.543405,0.695927,0.042756,0.065447,0.147037,0.000000,0.080716,0.042751,0.121100,-0.039060,0.362129,-0.049600,-0.051040,-0.033408
1779676297387072104,2026-05-25T09:31:37.387101,ground_truth,0.013063,0.414000,0.304018,True,,,,,,,,,-0.134275,0.549696,0.697208,0.044069,0.065447,0.148784,0.000000,0.083766,0.043193,0.118300,-0.030380,0.363291,-0.049920,-0.048256,-0.034016
1779676297440774305,2026-05-25T09:31:37.440805,ground_truth,0.008445,0.434000,0.306065,True,,,,,,,,,-0.130240,0.555654,0.698341,0.044069,0.065447,0.148784,0.000000,0.083766,0.043193,0.118300,-0.030380,0.363291,-0.049920,-0.048256,-0.034016
1779676297480307421,2026-05-25T09:31:37.480337,ground_truth,0.008445,0.434000,0.306065,True,,,,,,,,,-0.130240,0.555654,0.698341,0.044069,0.065447,0.148784,0.000000,0.083766,0.043193,0.118300,-0.030380,0.363291,-0.049920,-0.048256,-0.034016
1779676297525743913,2026-05-25T09:31:37.525785,ground_truth,0.005137,0.434000,0.302753,True,,,,,,,,,-0.125493,0.563681,0.699648,0.053667,0.058463,0.157951,0.000000,0.099914,0.053659,0.114380,-0.042700,0.361797,-0.051872,-0.048160,-0.036736
1779676297568690113,2026-05-25T09:31:37.568717,ground_truth,0.005573,0.427000,0.302025,True,,,,,,,,,-0.125493,0.563681,0.699648,0.052354,0.057156,0.159691,0.000000,0.104710,0.053659,0.133280,-0.009800,0.368271,-0.052320,-0.047104,-0.034464
1779676297611165926,2026-05-25T09:31:37.611202,ground_truth,0.003955,0.453000,0.304729,True,,,,,,,,,-0.121098,0.571846,0.700711,0.050609,0.057156,0.161439,0.000000,0.105152,0.048432,0.110040,-0.034300,0.370512,-0.052160,-0.049312,-0.037248
1779676297651116826,2026-05-25T09:31:37.651141,ground_truth,0.003955,0.453000,0.304729,True,,,,,,,,,-0.116804,0.580855,0.701581,0.042756,0.058901,0.167550,0.000000,0.110391,0.042751,0.107520,-0.022260,0.357813,-0.052928,-0.048544,-0.031904
1779676297721959829,2026-05-25T09:31:37.721983,ground_truth,0.007231,0.453000,0.304729,True,,,,,,,,,-0.112747,0.589935,0.702374,0.027925,0.068936,0.182383,0.000000,0.115619,0.027045,0.083020,-0.023240,0.365532,-0.053664,-0.049984,-0.028288
1779676297760742803,2026-05-25T09:31:37.760767,ground_truth,0.006400,0.466000,0.302821,True,,,,,,,,,-0.112747,0.589935,0.702374,0.022685,0.071994,0.184131,0.000000,0.115619,0.021375,0.081200,-0.040180,0.380140,-0.053664,-0.049600,-0.028512
1779676297800799763,2026-05-25T09:31:37.800833,ground_truth,0.009655,0.466000,0.302821,True,,,,,,,,,-0.109054,0.599198,0.703033,0.014394,0.071994,0.185870,0.000000,0.113442,0.010467,0.065940,-0.029960,0.358311,-0.053600,-0.051712,-0.028224
1779676297844927049,2026-05-25T09:31:37.844953,ground_truth,0.009197,0.473000,0.303561,True,,,,,,,,,-0.105533,0.608591,0.703619,0.000000,0.075483,0.184131,0.000000,0.107772,0.000000,0.036260,-0.020440,0.368520,-0.053376,-0.052000,-0.021600
1779676297887986211,2026-05-25T09:31:37.888010,ground_truth,0.008803,0.479000,0.304195,True,,,,,,,,,-0.105533,0.608591,0.703619,0.006540,0.076790,0.182383,0.000000,0.105152,0.002609,-0.075880,-0.020720,0.362461,-0.053280,-0.047040,0.013696
1779676297941962289,2026-05-25T09:31:37.941983,ground_truth,0.008803,0.479000,0.300956,True,,,,,,,,,-0.102395,0.618126,0.704131,0.026174,0.076790,0.172785,0.000000,0.094244,0.027045,-0.116200,-0.012040,0.366943,-0.052992,-0.052224,0.031168
1779676297980133256,2026-05-25T09:31:37.980162,ground_truth,0.008017,0.491000,0.302244,True,,,,,,,,,-0.099580,0.627634,0.704554,0.036209,0.078534,0.169290,0.000000,0.094244,0.037954,-0.130480,-0.016100,0.366777,-0.053056,-0.044800,0.034304
1779676298022747934,2026-05-25T09:31:38.022781,ground_truth,0.011231,0.491000,0.302244,True,,,,,,,,,-0.099580,0.627634,0.704554,0.047558,0.082030,0.171037,0.000000,0.088574,0.045812,-0.117740,-0.029120,0.362627,-0.053056,-0.048640,0.034240
1779676298061414213,2026-05-25T09:31:38.061435,ground_truth,0.015271,0.479000,0.297718,True,,,,,,,,,-0.097444,0.637401,0.704833,0.054105,0.081592,0.169290,0.000000,0.085954,0.054101,-0.139160,-0.029400,0.360552,-0.052992,-0.045696,0.036288
1779676298109914513,2026-05-25T09:31:38.109935,ground_truth,0.014858,0.485000,0.298372,True,,,,,,,,,-0.095719,0.647242,0.704971,0.062390,0.083336,0.163624,0.000000,0.080716,0.061949,-0.139440,-0.033740,0.359058,-0.052704,-0.043808,0.039744
1779676298148800037,2026-05-25T09:31:38.148820,ground_truth,0.017166,0.498000,0.299788,True,,,,,,,,,-0.095719,0.647242,0.704971,0.070243,0.084643,0.156204,0.000000,0.072857,0.072426,-0.143500,-0.046480,0.364204,-0.052704,-0.047872,0.040192
1779676298204629423,2026-05-25T09:31:38.204663,ground_truth,0.016743,0.504000,0.300441,True,,,,,,,,,-0.094743,0.657633,0.704789,0.078534,0.086388,0.154457,0.000000,0.067188,0.081158,-0.126420,-0.051380,0.361797,-0.052704,-0.041184,0.039584
1779676298260304195,2026-05-25T09:31:38.260340,ground_truth,0.015898,0.516000,0.298571,True,,,,,,,,,-0.094251,0.667203,0.704560,0.078534,0.086388,0.154457,0.000000,0.067188,0.081158,-0.126420,-0.051380,0.361797,-0.052704,-0.041184,0.039584
1779676298299939610,2026-05-25T09:31:38.299968,ground_truth,0.016320,0.510000,0.297908,True,,,,,,,,,-0.094251,0.667203,0.704560,0.078534,0.086388,0.154457,0.000000,0.067188,0.081158,-0.126420,-0.051380,0.361797,-0.052704,-0.041184,0.039584
1779676298340015746,2026-05-25T09:31:38.340047,ground_truth,0.015898,0.516000,0.298571,True,,,,,,,,,-0.094180,0.676800,0.704273,0.078534,0.086388,0.154457,0.000000,0.067188,0.081158,-0.126420,-0.051380,0.361797,-0.052704,-0.041184,0.039584
1779676298382206935,2026-05-25T09:31:38.382232,ground_truth,0.019071,0.516000,0.298571,True,,,,,,,,,-0.094866,0.686363,0.703756,0.104714,0.114319,0.168859,0.000000,0.056721,0.107772,-0.141260,-0.009240,0.373832,-0.053664,-0.039904,0.040352
1779676298437978151,2026-05-25T09:31:38.438002,ground_truth,0.021359,0.528000,0.299898,True,,,,,,,,,-0.095707,0.694593,0.703222,0.109517,0.132208,0.187618,0.000000,0.056279,0.107772,-0.153020,-0.039340,0.380306,-0.054880,-0.045088,0.040192
1779676298481929190,2026-05-25T09:31:38.481962,ground_truth,0.017340,0.540000,0.298087,True,,,,,,,,,-0.095707,0.694593,0.703222,0.109517,0.132208,0.187618,0.000000,0.056279,0.107772,-0.153020,-0.039340,0.380306,-0.054880,-0.045088,0.040192
1779676298522794754,2026-05-25T09:31:38.522823,ground_truth,0.017340,0.540000,0.298087,True,,,,,,,,,-0.096934,0.702959,0.702673,0.109517,0.132208,0.187618,0.000000,0.056279,0.107772,-0.153020,-0.039340,0.380306,-0.054880,-0.045088,0.040192
1779676298562684778,2026-05-25T09:31:38.562712,ground_truth,0.014207,0.540000,0.294949,True,,,,,,,,,-0.096934,0.702959,0.702673,0.109517,0.132208,0.187618,0.000000,0.056279,0.107772,-0.153020,-0.039340,0.380306,-0.054880,-0.045088,0.040192
1779676298610341727,2026-05-25T09:31:38.610367,ground_truth,0.010247,0.552000,0.296315,True,,,,,,,,,-0.098024,0.711455,0.701976,0.109517,0.132208,0.187618,0.000000,0.056279,0.107772,-0.153020,-0.039340,0.380306,-0.054880,-0.045088,0.040192
1779676298652924383,2026-05-25T09:31:38.652947,ground_truth,0.009834,0.558000,0.296998,True,,,,,,,,,-0.098768,0.718833,0.701354,0.081592,0.171475,0.230816,0.000000,0.056279,0.081158,-0.129500,-0.018900,0.394748,-0.056064,-0.043520,0.042368
1779676298707201540,2026-05-25T09:31:38.707224,ground_truth,0.005185,0.581000,0.296547,True,,,,,,,,,-0.099213,0.725309,0.700823,0.075045,0.178022,0.236050,0.000000,0.056721,0.075477,-0.115500,-0.021700,0.394831,-0.056992,-0.043424,0.040960
1779676298746821968,2026-05-25T09:31:38.746850,ground_truth,0.001398,0.592000,0.294764,True,,,,,,,,,-0.099213,0.725309,0.700823,0.068498,0.181073,0.239544,0.000000,0.058898,0.072426,-0.116200,-0.038360,0.374662,-0.056832,-0.048320,0.038016
1779676298794169856,2026-05-25T09:31:38.794196,ground_truth,-0.002737,0.609000,0.293731,True,,,,,,,,,-0.098813,0.732803,0.700301,0.063703,0.184568,0.241723,0.000000,0.059340,0.064568,-0.104720,-0.054740,0.394748,-0.056832,-0.045920,0.036352
1779676298832919097,2026-05-25T09:31:38.832944,ground_truth,-0.002354,0.603000,0.293019,True,,,,,,,,,-0.098813,0.732803,0.700301,0.057156,0.184568,0.248704,0.000000,0.061949,0.056279,-0.098840,-0.024360,0.390681,-0.057440,-0.043200,0.037856
1779676298869874610,2026-05-25T09:31:38.869897,ground_truth,-0.005758,0.609000,0.290707,True,,,,,,,,,-0.097583,0.741651,0.699781,0.050609,0.188057,0.250890,0.000000,0.061949,0.051482,-0.092960,-0.030380,0.393752,-0.057120,-0.039904,0.034400
1779676298933589137,2026-05-25T09:31:38.933613,ground_truth,-0.006442,0.620000,0.292031,True,,,,,,,,,-0.096201,0.749994,0.699211,0.037523,0.194166,0.254377,0.000000,0.061949,0.037523,-0.088620,-0.059080,0.404625,-0.057728,-0.046976,0.033504
1779676298971949567,2026-05-25T09:31:38.971973,ground_truth,-0.006754,0.625000,0.289635,True,,,,,,,,,-0.094722,0.757936,0.698668,0.030976,0.192853,0.256563,0.000000,0.061949,0.032284,-0.093240,-0.025620,0.399977,-0.058496,-0.043040,0.033184
1779676299009726183,2026-05-25T09:31:39.009757,ground_truth,-0.007439,0.636000,0.290978,True,,,,,,,,,-0.094722,0.757936,0.698668,0.023122,0.197655,0.262229,0.000000,0.061949,0.024426,-0.083580,-0.026880,0.395661,-0.058176,-0.041696,0.030848
1779676299051938590,2026-05-25T09:31:39.051962,ground_truth,-0.007750,0.641000,0.288616,True,,,,,,,,,-0.092781,0.767423,0.697991,0.014831,0.204202,0.265723,0.000000,0.064568,0.013517,-0.064120,-0.060340,0.396823,-0.058336,-0.048032,0.033120
1779676299103341794,2026-05-25T09:31:39.103371,ground_truth,-0.007127,0.631000,0.287379,True,,,,,,,,,-0.090844,0.776502,0.697307,0.000000,0.205946,0.273144,0.000000,0.065010,0.000000,-0.061040,-0.039620,0.388108,-0.058496,-0.044096,0.029504
1779676299138877528,2026-05-25T09:31:39.138904,ground_truth,-0.007750,0.641000,0.285644,True,,,,,,,,,-0.090844,0.776502,0.697307,0.000000,0.207691,0.273144,0.000000,0.065010,0.000000,-0.003920,-0.036260,0.403878,-0.058176,-0.043520,0.019776
1779676299195840157,2026-05-25T09:31:39.195861,ground_truth,-0.008435,0.652000,0.284069,True,,,,,,,,,-0.088626,0.786376,0.696405,0.016576,0.212493,0.276631,0.000000,0.065010,0.016137,0.114660,-0.092260,0.389934,-0.058176,-0.046080,-0.025664
1779676299240566152,2026-05-25T09:31:39.240598,ground_truth,-0.007750,0.641000,0.282672,True,,,,,,,,,-0.086452,0.795889,0.695441,0.023122,0.207691,0.269649,0.000000,0.064568,0.024426,0.105700,-0.075320,0.406285,-0.058176,-0.040256,-0.028608
1779676299276545085,2026-05-25T09:31:39.276590,ground_truth,-0.008746,0.657000,0.281758,True,,,,,,,,,-0.086452,0.795889,0.695441,0.027925,0.202457,0.263976,0.000000,0.059340,0.029665,0.105280,-0.081200,0.394831,-0.057888,-0.041024,-0.028672
1779676299333373595,2026-05-25T09:31:39.333399,ground_truth,-0.007750,0.641000,0.279700,True,,,,,,,,,-0.084350,0.805621,0.694341,0.032283,0.197655,0.256563,0.000000,0.059340,0.029665,0.106820,-0.114660,0.396989,-0.057888,-0.047200,-0.034240
1779676299371903282,2026-05-25T09:31:39.371926,ground_truth,-0.009057,0.662000,0.282402,True,,,,,,,,,-0.082323,0.815395,0.693109,0.035778,0.189364,0.250890,0.000000,0.059340,0.037523,0.126980,-0.082040,0.394582,-0.057888,-0.041696,-0.033408
1779676299410842287,2026-05-25T09:31:39.410861,ground_truth,-0.009057,0.662000,0.279464,True,,,,,,,,,-0.082323,0.815395,0.693109,0.039267,0.185875,0.243470,0.000000,0.059340,0.037954,0.100940,-0.110600,0.392424,-0.057600,-0.041760,-0.032576
1779676299455401046,2026-05-25T09:31:39.455429,ground_truth,-0.009057,0.662000,0.279464,True,,,,,,,,,-0.080586,0.825119,0.691747,0.037523,0.181511,0.234310,0.000000,0.056721,0.037954,0.101360,-0.153440,0.406119,-0.057600,-0.045760,-0.035136
1779676299492837989,2026-05-25T09:31:39.492862,ground_truth,-0.009057,0.662000,0.276526,True,,,,,,,,,-0.080586,0.825119,0.691747,0.035778,0.173219,0.232124,0.000000,0.053659,0.037523,0.110880,-0.125160,0.384622,-0.057504,-0.045472,-0.033280
1779676299533781177,2026-05-25T09:31:39.533803,ground_truth,-0.009742,0.673000,0.277978,True,,,,,,,,,-0.079120,0.834930,0.690178,0.034465,0.170168,0.228637,0.000000,0.053659,0.035335,0.118300,-0.115920,0.387195,-0.057504,-0.040480,-0.030560
1779676299575112170,2026-05-25T09:31:39.575135,ground_truth,-0.009057,0.662000,0.273589,True,,,,,,,,,-0.077798,0.844663,0.688526,0.026174,0.164928,0.215983,0.000000,0.056721,0.027045,0.108080,-0.142520,0.396823,-0.057344,-0.041984,-0.032576
1779676299612993803,2026-05-25T09:31:39.613022,ground_truth,-0.012294,0.667000,0.274257,True,,,,,,,,,-0.077798,0.844663,0.688526,0.026174,0.164928,0.215544,0.000000,0.054101,0.027045,0.083580,-0.168840,0.396325,-0.057344,-0.046144,-0.032960
1779676299651303291,2026-05-25T09:31:39.651324,ground_truth,-0.010053,0.678000,0.272815,True,,,,,,,,,-0.076740,0.854112,0.686522,0.014831,0.161439,0.220778,0.000000,0.059340,0.016137,0.074060,-0.119000,0.396823,-0.057344,-0.044256,-0.028448
1779676299698895481,2026-05-25T09:31:39.698919,ground_truth,-0.009742,0.673000,0.272139,True,,,,,,,,,-0.076740,0.854112,0.686522,0.006540,0.166673,0.226890,0.000000,0.061949,0.005228,0.089180,-0.132860,0.385203,-0.057056,-0.044704,-0.026496
1779676299735781182,2026-05-25T09:31:39.735806,ground_truth,-0.013870,0.693000,0.271956,True,,,,,,,,,-0.075924,0.862783,0.684217,0.003051,0.170168,0.228637,0.000000,0.061949,0.002609,0.092960,-0.162680,0.389768,-0.057056,-0.047808,-0.025728
1779676299778459128,2026-05-25T09:31:39.778481,ground_truth,-0.013567,0.688000,0.268377,True,,,,,,,,,-0.075220,0.869785,0.682184,0.001307,0.173219,0.241723,0.000000,0.070249,0.002609,-0.053900,-0.135660,0.405289,-0.056768,-0.049824,0.010080
1779676299815223070,2026-05-25T09:31:39.815254,ground_truth,-0.013870,0.693000,0.266183,True,,,,,,,,,-0.075220,0.869785,0.682184,0.006540,0.174964,0.249143,0.000000,0.070249,0.008289,-0.090440,-0.105980,0.391843,-0.056768,-0.047040,0.019040
1779676299856881284,2026-05-25T09:31:39.856910,ground_truth,-0.014779,0.708000,0.268285,True,,,,,,,,,-0.074462,0.876586,0.679903,0.013087,0.182817,0.258303,0.000000,0.072857,0.013517,-0.105700,-0.132580,0.392341,-0.056768,-0.045696,0.027904
1779676299903739586,2026-05-25T09:31:39.903766,ground_truth,-0.014779,0.708000,0.265423,True,,,,,,,,,-0.073792,0.882157,0.678091,0.016576,0.186313,0.262229,0.000000,0.075477,0.019198,-0.102900,-0.165480,0.402384,-0.056320,-0.051488,0.028608
1779676299968164203,2026-05-25T09:31:39.968192,ground_truth,-0.014476,0.703000,0.261844,True,,,,,,,,,-0.073792,0.882157,0.678091,0.019634,0.189802,0.273575,0.000000,0.080716,0.018756,-0.109620,-0.123900,0.409771,-0.056320,-0.045376,0.029568
1779676300004727420,2026-05-25T09:31:40.004753,ground_truth,-0.014779,0.708000,0.259699,True,,,,,,,,,-0.073227,0.886884,0.676607,0.021378,0.197655,0.278809,0.000000,0.086386,0.021807,-0.101640,-0.137620,0.407198,-0.056000,-0.048320,0.031680
1779676300048522535,2026-05-25T09:31:40.048547,ground_truth,-0.015082,0.713000,0.260425,True,,,,,,,,,-0.072579,0.892703,0.674664,0.022685,0.204202,0.289724,0.000000,0.088574,0.024426,-0.075320,-0.165200,0.407198,-0.056000,-0.048704,0.033952
1779676300084077067,2026-05-25T09:31:40.084097,ground_truth,-0.015385,0.718000,0.258304,True,,,,,,,,,-0.072579,0.892703,0.674664,0.022685,0.204202,0.297575,0.000000,0.091624,0.024426,-0.105700,-0.149940,0.404044,-0.055840,-0.046304,0.033120
1779676300124543960,2026-05-25T09:31:40.124582,ground_truth,-0.015385,0.718000,0.255459,True,,,,,,,,,-0.071855,0.898890,0.672331,0.024429,0.208997,0.301063,0.000000,0.088574,0.023995,-0.114660,-0.139720,0.401471,-0.055840,-0.052832,0.032896
1779676300177402672,2026-05-25T09:31:40.177435,ground_truth,-0.015688,0.723000,0.256201,True,,,,,,,,,-0.071230,0.904196,0.670284,0.022685,0.212055,0.304557,0.000000,0.094244,0.024426,-0.083020,-0.154000,0.419233,-0.055840,-0.049088,0.033344
1779676300227858076,2026-05-25T09:31:40.227882,ground_truth,-0.016234,0.732000,0.254713,True,,,,,,,,,-0.071230,0.904196,0.670284,0.021378,0.213800,0.310661,0.000000,0.094244,0.021375,-0.095060,-0.167020,0.403712,-0.055392,-0.046656,0.034784
1779676300265044218,2026-05-25T09:31:40.265069,ground_truth,-0.015385,0.718000,0.249768,True,,,,,,,,,-0.070557,0.910009,0.668116,0.020940,0.215544,0.310661,0.000000,0.096863,0.021375,-0.084280,-0.141540,0.409439,-0.055392,-0.047360,0.031008
1779676300303348618,2026-05-25T09:31:40.303366,ground_truth,-0.015688,0.723000,0.247689,True,,,,,,,,,-0.070066,0.915236,0.666076,0.017889,0.218602,0.314156,0.000000,0.097294,0.018756,-0.087640,-0.189700,0.421972,-0.055264,-0.052704,0.029792
1779676300347546853,2026-05-25T09:31:40.347572,ground_truth,-0.016840,0.742000,0.247795,True,,,,,,,,,-0.070066,0.915236,0.666076,0.014831,0.219033,0.319390,0.000000,0.097294,0.013517,-0.084560,-0.177940,0.417490,-0.055552,-0.049152,0.029120
1779676300390066198,2026-05-25T09:31:40.390097,ground_truth,-0.014038,0.742000,0.244989,True,,,,,,,,,-0.069450,0.921171,0.663502,0.013087,0.220778,0.323316,0.000000,0.099914,0.013517,-0.087360,-0.156240,0.404459,-0.055104,-0.052384,0.030016
1779676300441141534,2026-05-25T09:31:40.441162,ground_truth,-0.014287,0.746000,0.242816,True,,,,,,,,,-0.069100,0.926384,0.661192,0.008285,0.225142,0.321576,0.000000,0.099482,0.010898,-0.083020,-0.200200,0.421059,-0.055264,-0.047584,0.030016
1779676300479407109,2026-05-25T09:31:40.479426,ground_truth,-0.014909,0.756000,0.238831,True,,,,,,,,,-0.069100,0.926384,0.661192,0.007853,0.222529,0.321576,0.000000,0.096863,0.008289,-0.084280,-0.175140,0.394416,-0.054784,-0.051712,0.031232
1779676300518438641,2026-05-25T09:31:40.518461,ground_truth,-0.014598,0.751000,0.232441,True,,,,,,,,,-0.068927,0.932331,0.658414,0.004796,0.222091,0.317643,0.000000,0.097294,0.003051,-0.082460,-0.197400,0.413838,-0.054496,-0.049312,0.032288
1779676300559476864,2026-05-25T09:31:40.559500,ground_truth,-0.012130,0.756000,0.230482,True,,,,,,,,,-0.068927,0.932331,0.658414,0.001744,0.215544,0.301063,0.000000,0.089005,0.003051,-0.090440,-0.231140,0.424047,-0.054208,-0.050208,0.030112
1779676300596185047,2026-05-25T09:31:40.596218,ground_truth,-0.012386,0.760000,0.228371,True,,,,,,,,,-0.068931,0.938618,0.654825,0.001744,0.210742,0.294081,0.000000,0.085954,0.002609,-0.097020,-0.242060,0.405455,-0.054208,-0.044544,0.030400
1779676300639728807,2026-05-25T09:31:40.639764,ground_truth,-0.012386,0.760000,0.225595,True,,,,,,,,,-0.069025,0.943864,0.651608,0.001744,0.195911,0.269649,0.000000,0.072426,0.000000,-0.088900,-0.244860,0.396823,-0.053760,-0.044704,0.031168
1779676300688548805,2026-05-25T09:31:40.688595,ground_truth,-0.013280,0.774000,0.219710,True,,,,,,,,,-0.069025,0.943864,0.651608,0.000000,0.181511,0.246957,0.000000,0.064568,0.000000,-0.086800,-0.259700,0.400143,-0.053440,-0.045248,0.029792
1779676300727838541,2026-05-25T09:31:40.727857,ground_truth,-0.013025,0.770000,0.219011,True,,,,,,,,,-0.069228,0.949607,0.647693,0.000000,0.170168,0.232563,0.000000,0.061949,0.000000,-0.097580,-0.266560,0.374330,-0.053440,-0.041696,0.030624
1779676300771426219,2026-05-25T09:31:40.771446,ground_truth,-0.013280,0.774000,0.216956,True,,,,,,,,,-0.069417,0.954520,0.644231,0.001744,0.156637,0.208124,0.000000,0.054101,0.000000,-0.101640,-0.292600,0.385701,-0.053760,-0.041088,0.032672
1779676300813698349,2026-05-25T09:31:40.813725,ground_truth,-0.013600,0.779000,0.212347,True,,,,,,,,,-0.069417,0.954520,0.644231,0.001744,0.143550,0.196785,0.000000,0.048432,0.003051,-0.091140,-0.284760,0.393420,-0.053760,-0.044864,0.031904
1779676300853197147,2026-05-25T09:31:40.853230,ground_truth,-0.013025,0.770000,0.205210,True,,,,,,,,,-0.069640,0.960296,0.640024,0.000000,0.138748,0.193291,0.000000,0.051040,0.002609,-0.096600,-0.239260,0.380555,-0.053440,-0.044640,0.032352
1779676300889788294,2026-05-25T09:31:40.889814,ground_truth,-0.013600,0.779000,0.204111,True,,,,,,,,,-0.069640,0.960296,0.640024,0.001744,0.137441,0.185870,0.000000,0.048432,0.002609,-0.108080,-0.262780,0.378812,-0.053760,-0.039968,0.032224
1779676300953174248,2026-05-25T09:31:40.953196,ground_truth,-0.013280,0.774000,0.197681,True,,,,,,,,,-0.069903,0.966312,0.635100,0.001744,0.137004,0.181945,0.000000,0.048432,0.002609,-0.095060,-0.303380,0.395993,-0.053280,-0.039680,0.032352
1779676300991797367,2026-05-25T09:31:40.991825,ground_truth,-0.012705,0.765000,0.193223,True,,,,,,,,,-0.070131,0.971540,0.630599,0.001744,0.137004,0.185870,0.000000,0.045812,0.002609,-0.097860,-0.283640,0.380389,-0.052992,-0.042304,0.031296
1779676301032250265,2026-05-25T09:31:41.032284,ground_truth,-0.013855,0.783000,0.193894,True,,,,,,,,,-0.070131,0.971540,0.630599,0.001744,0.140492,0.189804,0.000000,0.048432,0.003051,-0.108080,-0.255080,0.371093,-0.052832,-0.045920,0.032672
1779676301075964418,2026-05-25T09:31:41.075990,ground_truth,-0.014430,0.792000,0.190165,True,,,,,,,,,-0.070391,0.976932,0.625143,0.000000,0.145295,0.191543,0.000000,0.048432,0.000000,-0.107520,-0.296240,0.387195,-0.052832,-0.039808,0.032128
1779676301114344569,2026-05-25T09:31:41.114367,ground_truth,-0.013855,0.783000,0.185677,True,,,,,,,,,-0.070533,0.981418,0.620213,0.001744,0.142243,0.191112,0.000000,0.048863,0.002609,-0.098140,-0.295960,0.384622,-0.052832,-0.043040,0.032000
1779676301151950033,2026-05-25T09:31:41.151993,ground_truth,-0.014175,0.788000,0.183927,True,,,,,,,,,-0.070533,0.981418,0.620213,0.001307,0.142243,0.191112,0.000000,0.048432,0.000000,-0.099400,-0.292880,0.389602,-0.052704,-0.039520,0.032512
1779676301214058583,2026-05-25T09:31:41.214082,ground_truth,-0.013855,0.783000,0.180200,True,,,,,,,,,-0.070634,0.986122,0.614411,0.000000,0.142243,0.193291,0.000000,0.048432,0.000000,-0.101640,-0.277060,0.372587,-0.052832,-0.043872,0.030720
1779676301259280878,2026-05-25T09:31:41.259310,ground_truth,-0.013600,0.779000,0.176657,True,,,,,,,,,-0.070635,0.989779,0.609528,0.000000,0.142243,0.193291,0.000000,0.048432,0.000000,-0.101640,-0.277060,0.372587,-0.052832,-0.043872,0.030720
1779676301296648466,2026-05-25T09:31:41.296675,ground_truth,-0.013855,0.783000,0.174722,True,,,,,,,,,-0.070635,0.989779,0.609528,0.000000,0.142243,0.193291,0.000000,0.048432,0.000000,-0.101640,-0.277060,0.372587,-0.052832,-0.043872,0.030720
1779676301356015853,2026-05-25T09:31:41.356048,ground_truth,-0.013855,0.783000,0.171983,True,,,,,,,,,-0.070529,0.993348,0.603772,0.000000,0.142243,0.193291,0.000000,0.048432,0.000000,-0.101640,-0.277060,0.372587,-0.052832,-0.043872,0.030720
1779676301393599586,2026-05-25T09:31:41.393626,ground_truth,-0.013600,0.779000,0.168421,True,,,,,,,,,-0.070440,0.996200,0.598811,0.000000,0.142243,0.193291,0.000000,0.048432,0.000000,-0.101640,-0.277060,0.372587,-0.052832,-0.043872,0.030720
1779676301443161792,2026-05-25T09:31:41.443189,ground_truth,-0.013855,0.783000,0.166506,True,,,,,,,,,-0.070376,0.998225,0.594438,0.000000,0.142243,0.193291,0.000000,0.048432,0.000000,-0.101640,-0.277060,0.372587,-0.052832,-0.043872,0.030720
1779676301484881786,2026-05-25T09:31:41.484902,ground_truth,-0.013600,0.779000,0.162930,True,,,,,,,,,-0.070376,0.998225,0.594438,0.011780,0.154893,0.189365,0.000000,0.035335,0.008289,0.077700,-0.323540,0.390349,-0.050592,-0.042528,-0.025280
1779676301540624195,2026-05-25T09:31:41.540649,ground_truth,-0.014175,0.788000,0.159352,True,,,,,,,,,-0.070329,0.999798,0.588949,0.011342,0.154893,0.191543,0.000000,0.032715,0.010898,0.078120,-0.324520,0.378978,-0.050432,-0.038080,-0.024992
1779676301580773334,2026-05-25T09:31:41.580812,ground_truth,-0.016902,0.788000,0.156621,True,,,,,,,,,-0.070264,1.000897,0.584458,0.011342,0.154893,0.191543,0.000000,0.032715,0.010898,0.078120,-0.324520,0.378978,-0.050432,-0.038080,-0.024992
1779676301617424258,2026-05-25T09:31:41.617457,ground_truth,-0.017462,0.797000,0.153116,True,,,,,,,,,-0.070264,1.000897,0.584458,0.011342,0.154893,0.191543,0.000000,0.032715,0.010898,0.078120,-0.324520,0.378978,-0.050432,-0.038080,-0.024992
1779676301654214118,2026-05-25T09:31:41.654238,ground_truth,-0.016902,0.788000,0.148429,True,,,,,,,,,-0.069933,1.002114,0.579212,0.011342,0.154893,0.191543,0.000000,0.032715,0.010898,0.078120,-0.324520,0.378978,-0.050432,-0.038080,-0.024992
1779676301723430099,2026-05-25T09:31:41.723452,ground_truth,-0.017462,0.797000,0.147684,True,,,,,,,,,-0.069591,1.003231,0.575008,0.011342,0.153586,0.172785,0.000000,0.018756,0.010467,0.095480,-0.323820,0.374164,-0.049376,-0.039072,-0.030464
1779676301760438313,2026-05-25T09:31:41.760478,ground_truth,-0.019871,0.792000,0.143857,True,,,,,,,,,-0.069591,1.003231,0.575008,0.013087,0.156637,0.172785,0.000000,0.016137,0.013517,0.096040,-0.311780,0.374496,-0.049376,-0.036864,-0.028672
1779676301808792077,2026-05-25T09:31:41.808818,ground_truth,-0.020174,0.797000,0.139537,True,,,,,,,,,-0.069120,1.004898,0.569970,0.011780,0.158388,0.167112,0.000000,0.010898,0.010467,0.103180,-0.323820,0.379974,-0.048928,-0.038144,-0.032352
1779676301846612253,2026-05-25T09:31:41.846655,ground_truth,-0.019628,0.788000,0.134776,True,,,,,,,,,-0.068629,1.006177,0.565800,0.012649,0.158388,0.167550,0.000000,0.008289,0.010898,0.094500,-0.337540,0.372753,-0.048160,-0.036352,-0.028000
1779676301897413771,2026-05-25T09:31:41.897437,ground_truth,-0.020416,0.801000,0.135021,True,,,,,,,,,-0.068629,1.006177,0.565800,0.011342,0.153586,0.154018,0.000000,0.000000,0.010898,0.074340,-0.318920,0.358892,-0.047872,-0.028960,-0.028512
1779676301952980154,2026-05-25T09:31:41.953010,ground_truth,-0.020174,0.797000,0.131390,True,,,,,,,,,-0.067983,1.007344,0.560639,0.010029,0.151841,0.143111,0.000000,0.003051,0.013517,0.090160,-0.332920,0.361050,-0.048160,0.004128,-0.028000
1779676301989947464,2026-05-25T09:31:41.989982,ground_truth,-0.019871,0.792000,0.127513,True,,,,,,,,,-0.067408,1.008442,0.556447,0.010029,0.150097,0.130025,0.000000,0.021375,0.010898,0.093800,-0.370440,0.374330,-0.047872,0.039808,-0.027680
1779676302030474551,2026-05-25T09:31:42.030500,ground_truth,-0.016590,0.783000,0.125424,True,,,,,,,,,-0.067408,1.008442,0.556447,0.010029,0.141806,0.119118,0.000000,0.027045,0.007847,0.084280,-0.356440,0.357813,-0.046976,0.041472,-0.028672
1779676302073359150,2026-05-25T09:31:42.073395,ground_truth,-0.016902,0.788000,0.123854,True,,,,,,,,,-0.066857,1.009787,0.551343,0.008285,0.137004,0.100352,0.000000,0.040573,0.008289,0.067480,-0.324520,0.342541,-0.046528,0.039968,-0.029056
1779676302110147699,2026-05-25T09:31:42.110178,ground_truth,-0.017462,0.797000,0.120526,True,,,,,,,,,-0.066500,1.010677,0.547167,0.008285,0.139186,0.095117,0.000000,0.043193,0.007847,0.071540,-0.345520,0.334407,-0.046528,0.041312,-0.027776
1779676302147404149,2026-05-25T09:31:42.147435,ground_truth,-0.017151,0.792000,0.116617,True,,,,,,,,,-0.066500,1.010677,0.547167,0.006540,0.137004,0.078098,0.000000,0.053659,0.005670,0.089460,-0.386260,0.344616,-0.045760,0.049152,-0.029056
1779676302204234765,2026-05-25T09:31:42.204260,ground_truth,-0.016030,0.774000,0.106813,True,,,,,,,,,-0.066095,1.011637,0.541937,0.004796,0.133952,0.072425,0.000000,0.061949,0.005228,0.099820,-0.388640,0.335486,-0.045312,0.047488,-0.029728
1779676302248079115,2026-05-25T09:31:42.248109,ground_truth,-0.016341,0.779000,0.105277,True,,,,,,,,,-0.065871,1.012405,0.537801,0.004796,0.133952,0.072425,0.000000,0.061949,0.005228,0.099820,-0.388640,0.335486,-0.045312,0.047488,-0.029728
1779676302298198908,2026-05-25T09:31:42.298228,ground_truth,-0.017462,0.797000,0.104232,True,,,,,,,,,-0.065871,1.012405,0.537801,0.004796,0.130457,0.066752,0.000000,0.064568,0.005228,0.099120,-0.383740,0.344284,-0.045600,0.050496,-0.029792
1779676302342863771,2026-05-25T09:31:42.342889,ground_truth,-0.017151,0.792000,0.100273,True,,,,,,,,,-0.065836,1.012380,0.532246,0.001744,0.089883,0.001740,0.000000,0.094244,0.002609,0.112140,-0.449680,0.235222,-0.047200,0.046432,-0.029440
1779676302385120214,2026-05-25T09:31:42.385146,ground_truth,-0.016902,0.788000,0.093817,True,,,,,,,,,-0.065814,1.012385,0.527883,0.001307,0.076790,0.018759,0.000000,0.099914,0.000000,0.100380,-0.452200,0.126575,-0.047808,0.048544,-0.029056
1779676302443506737,2026-05-25T09:31:42.443531,ground_truth,-0.017151,0.792000,0.092101,True,,,,,,,,,-0.065835,1.012244,0.523997,0.000000,0.053667,0.050172,0.000000,0.097294,0.000000,0.068180,-0.441420,0.101675,-0.048704,0.052000,-0.022880
1779676302492703180,2026-05-25T09:31:42.492735,ground_truth,-0.016902,0.788000,0.088356,True,,,,,,,,,-0.065835,1.012244,0.523997,0.000000,0.050609,0.051919,0.000000,0.097294,0.002609,0.023520,-0.425320,0.098023,-0.048704,0.050880,-0.014208
1779676302539364727,2026-05-25T09:31:42.539392,ground_truth,-0.016902,0.788000,0.085626,True,,,,,,,,,-0.066090,1.011957,0.518637,0.000000,0.048865,0.047994,0.000000,0.096863,0.000000,-0.010220,-0.424900,0.105742,-0.048640,0.047360,-0.006080
1779676302582316751,2026-05-25T09:31:42.582344,ground_truth,-0.014175,0.788000,0.080165,True,,,,,,,,,-0.066326,1.011618,0.514186,0.000000,0.048865,0.047994,0.000000,0.096863,0.000000,-0.010220,-0.424900,0.105742,-0.048640,0.047360,-0.006080
1779676302623420574,2026-05-25T09:31:42.623459,ground_truth,-0.014175,0.788000,0.074703,True,,,,,,,,,-0.066326,1.011618,0.514186,0.000000,0.048865,0.047994,0.000000,0.096863,0.000000,-0.010220,-0.424900,0.105742,-0.048640,0.047360,-0.006080
1779676302690841617,2026-05-25T09:31:42.690867,ground_truth,-0.014175,0.788000,0.071973,True,,,,,,,,,-0.066880,1.010925,0.508559,0.001744,0.047120,0.046685,0.000000,0.094244,0.000000,-0.027160,-0.415380,0.115951,-0.048704,0.047360,0.005632
1779676302735026272,2026-05-25T09:31:42.735059,ground_truth,-0.016902,0.788000,0.063781,True,,,,,,,,,-0.067366,1.010265,0.503749,0.006540,0.050609,0.037086,0.000000,0.089005,0.005228,-0.095760,-0.408520,0.107817,-0.048704,0.046144,0.028160
1779676302775238055,2026-05-25T09:31:42.775267,ground_truth,-0.018022,0.806000,0.063238,True,,,,,,,,,-0.067535,1.009773,0.499289,0.008285,0.051047,0.039265,0.000000,0.088574,0.005670,-0.089880,-0.436660,0.114208,-0.048640,0.047584,0.027776
1779676302819774352,2026-05-25T09:31:42.819798,ground_truth,-0.017711,0.801000,0.056453,True,,,,,,,,,-0.067535,1.009773,0.499289,0.008285,0.051047,0.039265,0.000000,0.088574,0.005670,-0.089880,-0.436660,0.114208,-0.048640,0.047584,0.027776
1779676302857032809,2026-05-25T09:31:42.857056,ground_truth,-0.018271,0.810000,0.053553,True,,,,,,,,,-0.067520,1.009728,0.493264,0.008285,0.051047,0.039265,0.000000,0.088574,0.005670,-0.089880,-0.436660,0.114208,-0.048640,0.047584,0.027776
1779676302914247913,2026-05-25T09:31:42.914265,ground_truth,-0.020174,0.797000,0.047200,True,,,,,,,,,-0.067472,1.010122,0.487960,0.006540,0.047120,0.042759,0.000000,0.089005,0.005670,-0.083300,-0.445340,0.106987,-0.048864,0.042752,0.029568
1779676302963932529,2026-05-25T09:31:42.963963,ground_truth,-0.019083,0.779000,0.042134,True,,,,,,,,,-0.067472,1.010122,0.487960,0.006540,0.045814,0.044499,0.000000,0.091624,0.002609,-0.070280,-0.425880,0.111967,-0.048768,0.047648,0.029120
1779676303007342758,2026-05-25T09:31:43.007365,ground_truth,-0.019083,0.779000,0.039389,True,,,,,,,,,-0.067201,1.011089,0.481615,0.004796,0.044069,0.048432,0.000000,0.094675,0.002609,-0.076160,-0.440440,0.107319,-0.048864,0.044256,0.031008
1779676303045124151,2026-05-25T09:31:43.045148,ground_truth,-0.015158,0.760000,0.034010,True,,,,,,,,,-0.066995,1.011817,0.475961,0.003051,0.042756,0.057592,0.000000,0.099914,0.003051,-0.090440,-0.442680,0.093375,-0.048768,0.046208,0.030016
1779676303093327724,2026-05-25T09:31:43.093357,ground_truth,-0.018234,0.765000,0.029889,True,,,,,,,,,-0.066995,1.011817,0.475961,0.001744,0.037523,0.066752,0.000000,0.107772,0.002609,-0.088340,-0.429940,0.094952,-0.048768,0.048640,0.030464
1779676303147347420,2026-05-25T09:31:43.147364,ground_truth,-0.015781,0.770000,0.028560,True,,,,,,,,,-0.066955,1.011411,0.469231,0.001744,0.032720,0.082024,0.000000,0.113442,0.002609,-0.095480,-0.443520,0.086901,-0.048864,0.049216,0.030400
1779676303220407535,2026-05-25T09:31:43.220435,ground_truth,-0.016030,0.774000,0.024205,True,,,,,,,,,-0.066974,1.010271,0.462864,0.001744,0.032720,0.082024,0.000000,0.113442,0.002609,-0.095480,-0.443520,0.086901,-0.048864,0.049216,0.030400
1779676303263183647,2026-05-25T09:31:43.263208,ground_truth,-0.016030,0.774000,0.018698,True,,,,,,,,,-0.067019,1.009143,0.458416,0.001744,0.032720,0.082024,0.000000,0.113442,0.002609,-0.095480,-0.443520,0.086901,-0.048864,0.049216,0.030400
1779676303303606316,2026-05-25T09:31:43.303629,ground_truth,-0.016590,0.783000,0.018611,True,,,,,,,,,-0.067079,1.007923,0.453495,0.001744,0.031414,0.083771,0.000000,0.113000,0.002609,-0.092960,-0.435820,0.090304,-0.048864,0.050048,0.030848
1779676303349903782,2026-05-25T09:31:43.349926,ground_truth,-0.015781,0.770000,0.009239,True,,,,,,,,,-0.067079,1.007923,0.453495,0.000000,0.019634,0.107772,0.000000,0.123908,0.000000,0.016660,-0.454440,0.087399,-0.048864,0.051936,-0.001632
1779676303387823703,2026-05-25T09:31:43.387849,ground_truth,-0.016030,0.774000,0.004930,True,,,,,,,,,-0.066959,1.006434,0.447214,0.003489,0.017889,0.109519,0.000000,0.132208,0.003051,0.055160,-0.455280,0.077439,-0.048768,0.044800,-0.016480
1779676303435639272,2026-05-25T09:31:43.435665,ground_truth,-0.015781,0.770000,-0.001801,True,,,,,,,,,-0.066959,1.006434,0.447214,0.003051,0.016576,0.111698,0.000000,0.129589,0.002609,0.070560,-0.463960,0.076692,-0.048768,0.049600,-0.020544
1779676303472758166,2026-05-25T09:31:43.472792,ground_truth,-0.015781,0.770000,-0.007322,True,,,,,,,,,-0.066827,1.005160,0.441579,0.003051,0.016576,0.111698,0.000000,0.129589,0.002609,0.070560,-0.463960,0.076692,-0.048768,0.049600,-0.020544
1779676303511304203,2026-05-25T09:31:43.511329,ground_truth,-0.015781,0.770000,-0.012842,True,,,,,,,,,-0.066871,1.003535,0.434798,0.003051,0.016576,0.111698,0.000000,0.129589,0.002609,0.070560,-0.463960,0.076692,-0.048768,0.049600,-0.020544
1779676303550356102,2026-05-25T09:31:43.550377,ground_truth,-0.017151,0.792000,-0.011412,True,,,,,,,,,-0.066871,1.003535,0.434798,0.003051,0.016138,0.115185,0.000000,0.132208,0.005228,0.079940,-0.454020,0.083913,-0.048768,0.050208,-0.021888
1779676303590758076,2026-05-25T09:31:43.590783,ground_truth,-0.016902,0.788000,-0.015406,True,,,,,,,,,-0.067004,1.001093,0.427439,0.005233,0.020940,0.115185,0.000000,0.137436,0.003051,0.081480,-0.431480,0.072210,-0.048768,0.043360,-0.025280
1779676303626136690,2026-05-25T09:31:43.626155,ground_truth,-0.016341,0.779000,-0.018264,True,,,,,,,,,-0.067004,1.001093,0.427439,0.001307,0.022685,0.111698,0.000000,0.132208,0.002609,0.079940,-0.436380,0.074119,-0.048864,0.051552,-0.025664
1779676303664140181,2026-05-25T09:31:43.664157,ground_truth,-0.014430,0.792000,-0.016860,True,,,,,,,,,-0.067254,0.998660,0.419772,0.003051,0.026174,0.107772,0.000000,0.132208,0.002609,0.075880,-0.442960,0.081174,-0.048768,0.048160,-0.026048
1779676303718852797,2026-05-25T09:31:43.718876,ground_truth,-0.013855,0.783000,-0.022471,True,,,,,,,,,-0.067560,0.997083,0.413157,0.001307,0.035778,0.092931,0.000000,0.131766,0.000000,0.077140,-0.434280,0.092877,-0.048640,0.047040,-0.024000
1779676303756099993,2026-05-25T09:31:43.756122,ground_truth,-0.013855,0.783000,-0.025210,True,,,,,,,,,-0.067560,0.997083,0.413157,0.001307,0.035778,0.092931,0.000000,0.131766,0.000000,0.077140,-0.434280,0.092877,-0.048640,0.047040,-0.024000
1779676303793735357,2026-05-25T09:31:43.793760,ground_truth,-0.014175,0.788000,-0.029059,True,,,,,,,,,-0.067913,0.996701,0.406115,0.001307,0.035778,0.092931,0.000000,0.131766,0.000000,0.077140,-0.434280,0.092877,-0.048640,0.047040,-0.024000
1779676303838743659,2026-05-25T09:31:43.838766,ground_truth,-0.015006,0.801000,-0.027533,True,,,,,,,,,-0.068178,0.997073,0.400286,0.001307,0.035778,0.092931,0.000000,0.131766,0.000000,0.077140,-0.434280,0.092877,-0.048640,0.047040,-0.024000
1779676303879454098,2026-05-25T09:31:43.879475,ground_truth,-0.012300,0.801000,-0.030242,True,,,,,,,,,-0.068178,0.997073,0.400286,0.000000,0.039267,0.089444,0.000000,0.132208,0.000000,0.075880,-0.420980,0.092213,-0.048640,0.049440,-0.022336
1779676303926892333,2026-05-25T09:31:43.926935,ground_truth,-0.012890,0.810000,-0.032669,True,,,,,,,,,-0.068446,0.998675,0.394081,0.001744,0.044069,0.087266,0.000000,0.134817,0.002609,-0.057960,-0.454020,0.072957,-0.048320,0.048544,0.023328
1779676303967378548,2026-05-25T09:31:43.967400,ground_truth,-0.009930,0.806000,-0.036699,True,,,,,,,,,-0.068446,0.998675,0.394081,0.003489,0.034465,0.109519,0.000000,0.145726,0.002609,-0.070000,-0.453460,0.064823,-0.048640,0.054208,0.024384
1779676304013311377,2026-05-25T09:31:44.013335,ground_truth,-0.009595,0.801000,-0.041079,True,,,,,,,,,-0.068733,1.000486,0.389004,0.001744,0.027925,0.124352,0.000000,0.150964,0.002609,-0.067760,-0.466760,0.070052,-0.048640,0.051264,0.024992
1779676304057800336,2026-05-25T09:31:44.057816,ground_truth,-0.006889,0.801000,-0.043788,True,,,,,,,,,-0.069303,1.003384,0.383712,0.001744,0.021378,0.135698,0.000000,0.156203,0.002609,-0.071820,-0.464660,0.061918,-0.048320,0.052096,0.025344
1779676304095844206,2026-05-25T09:31:44.095868,ground_truth,-0.006889,0.801000,-0.043788,True,,,,,,,,,-0.069303,1.003384,0.383712,0.001744,0.014831,0.148353,0.000000,0.161873,0.000000,-0.072800,-0.457520,0.072625,-0.048640,0.052928,0.026624
1779676304134548581,2026-05-25T09:31:44.134582,ground_truth,-0.006614,0.797000,-0.045137,True,,,,,,,,,-0.070210,1.006900,0.378502,0.001744,0.013087,0.152279,0.000000,0.167112,0.002609,-0.072100,-0.473340,0.063495,-0.048640,0.055776,0.026560
1779676304192559306,2026-05-25T09:31:44.192602,ground_truth,-0.003902,0.797000,-0.047853,True,,,,,,,,,-0.071106,1.010121,0.374357,0.001744,0.013087,0.152279,0.000000,0.167112,0.002609,-0.072100,-0.473340,0.063495,-0.048640,0.055776,0.026560
1779676304230871748,2026-05-25T09:31:44.230903,ground_truth,-0.004184,0.801000,-0.049206,True,,,,,,,,,-0.071106,1.010121,0.374357,0.001744,0.013087,0.152279,0.000000,0.167112,0.002609,-0.072100,-0.473340,0.063495,-0.048640,0.055776,0.026560
1779676304266420427,2026-05-25T09:31:44.266446,ground_truth,-0.004536,0.806000,-0.052905,True,,,,,,,,,-0.072467,1.013072,0.370251,0.001744,0.013087,0.152279,0.000000,0.167112,0.002609,-0.072100,-0.473340,0.063495,-0.048640,0.055776,0.026560
1779676304320446430,2026-05-25T09:31:44.320474,ground_truth,-0.004536,0.806000,-0.055607,True,,,,,,,,,-0.073672,1.015112,0.366729,0.003051,0.016576,0.172785,0.000000,0.185868,0.002609,-0.080500,-0.441000,0.048140,-0.046208,0.056544,0.028896
1779676304373869425,2026-05-25T09:31:44.373890,ground_truth,-0.004184,0.801000,-0.060043,True,,,,,,,,,-0.074518,1.016536,0.363718,0.001744,0.014394,0.185870,0.000000,0.204635,0.002609,-0.084840,-0.460880,0.041832,-0.046208,0.057728,0.030176
1779676304411636982,2026-05-25T09:31:44.411660,ground_truth,-0.007509,0.810000,-0.070391,True,,,,,,,,,-0.074518,1.016536,0.363718,0.001307,0.014831,0.191543,0.000000,0.207254,0.002609,-0.087640,-0.463400,0.045401,-0.046208,0.059008,0.030240
1779676304459140006,2026-05-25T09:31:44.459166,ground_truth,-0.006270,0.792000,-0.082236,True,,,,,,,,,-0.075414,1.018736,0.359487,0.000000,0.014831,0.191543,0.000000,0.210305,0.000000,-0.094780,-0.449680,0.045816,-0.046208,0.055328,0.028512
1779676304513547656,2026-05-25T09:31:44.513569,ground_truth,-0.007784,0.814000,-0.077033,True,,,,,,,,,-0.076053,1.020356,0.355590,0.000000,0.019196,0.185870,0.000000,0.196777,0.000000,-0.084560,-0.435540,0.046314,-0.046304,0.058624,0.025216
1779676304554320546,2026-05-25T09:31:44.554362,ground_truth,-0.007233,0.806000,-0.082617,True,,,,,,,,,-0.076053,1.020356,0.355590,0.000000,0.027925,0.169290,0.000000,0.191107,0.000000,-0.054460,-0.435540,0.054365,-0.047808,0.055392,0.015936
1779676304591528415,2026-05-25T09:31:44.591548,ground_truth,-0.006614,0.797000,-0.088590,True,,,,,,,,,-0.076736,1.022164,0.350381,0.001307,0.034465,0.143111,0.000000,0.183259,0.002609,0.016380,-0.408520,0.081506,-0.048704,0.050496,-0.003232
1779676304647232055,2026-05-25T09:31:44.647255,ground_truth,-0.007509,0.810000,-0.083863,True,,,,,,,,,-0.077279,1.023253,0.345780,0.003489,0.045814,0.111259,0.000000,0.159254,0.005228,0.070280,-0.406980,0.093956,-0.050048,0.050592,-0.016864
1779676304704154310,2026-05-25T09:31:44.704192,ground_truth,-0.006889,0.801000,-0.089845,True,,,,,,,,,-0.077596,1.023812,0.341761,0.003489,0.045814,0.111259,0.000000,0.159254,0.005228,0.070280,-0.406980,0.093956,-0.050048,0.050592,-0.016864
1779676304750279460,2026-05-25T09:31:44.750316,ground_truth,-0.003902,0.797000,-0.094022,True,,,,,,,,,-0.077596,1.023812,0.341761,0.003489,0.045814,0.111259,0.000000,0.159254,0.005228,0.070280,-0.406980,0.093956,-0.050048,0.050592,-0.016864
1779676304791846286,2026-05-25T09:31:44.791888,ground_truth,-0.004184,0.801000,-0.095263,True,,,,,,,,,-0.077915,1.023936,0.336489,0.008285,0.086388,0.001740,0.000000,0.094244,0.008289,0.081760,-0.400120,0.133298,-0.051424,0.039808,-0.026624
1779676304831257258,2026-05-25T09:31:44.831281,ground_truth,-0.002915,0.783000,-0.101897,True,,,,,,,,,-0.077915,1.023936,0.336489,0.008285,0.086388,0.001740,0.000000,0.094244,0.008289,0.081760,-0.400120,0.133298,-0.051424,0.039808,-0.026624
1779676304867507926,2026-05-25T09:31:44.867524,ground_truth,-0.001999,0.770000,-0.106687,True,,,,,,,,,-0.078263,1.023926,0.330573,0.008285,0.086388,0.001740,0.000000,0.094244,0.008289,0.081760,-0.400120,0.133298,-0.051424,0.039808,-0.026624
1779676304906871066,2026-05-25T09:31:44.906888,ground_truth,-0.000541,0.788000,-0.100054,True,,,,,,,,,-0.078510,1.023557,0.325439,0.008285,0.086388,0.001740,0.000000,0.094244,0.008289,0.081760,-0.400120,0.133298,-0.051424,0.039808,-0.026624
1779676304962994753,2026-05-25T09:31:44.963013,ground_truth,0.000108,0.779000,-0.103371,True,,,,,,,,,-0.078510,1.023557,0.325439,0.008285,0.092934,0.001740,0.000000,0.083335,0.007847,0.085820,-0.406700,0.267758,-0.051712,0.043264,-0.026720
1779676305002701713,2026-05-25T09:31:45.002740,ground_truth,0.002186,0.788000,-0.100054,True,,,,,,,,,-0.078905,1.022328,0.319649,0.017889,0.116063,0.100352,0.000000,0.016137,0.018756,0.120260,-0.441980,0.356485,-0.053504,0.040192,-0.031616
1779676305040428312,2026-05-25T09:31:45.040474,ground_truth,0.002186,0.788000,-0.100054,True,,,,,,,,,-0.079381,1.020985,0.315013,0.019196,0.111261,0.102099,0.000000,0.013086,0.019198,0.107520,-0.425880,0.348683,-0.053504,0.037568,-0.029344
1779676305080712780,2026-05-25T09:31:45.080736,ground_truth,0.003218,0.774000,-0.105213,True,,,,,,,,,-0.079381,1.020985,0.315013,0.019634,0.106459,0.098604,0.000000,0.010467,0.018756,0.105700,-0.435540,0.328929,-0.053504,0.039072,-0.033344
1779676305123884739,2026-05-25T09:31:45.123924,ground_truth,0.002850,0.779000,-0.103371,True,,,,,,,,,-0.080289,1.018947,0.310096,0.019634,0.099481,0.089006,0.000000,0.010467,0.021375,0.102200,-0.421260,0.323451,-0.053216,0.037568,-0.032576
1779676305162472461,2026-05-25T09:31:45.162493,ground_truth,0.002555,0.783000,-0.104635,True,,,,,,,,,-0.080289,1.018947,0.310096,0.019634,0.094679,0.078098,0.000000,0.013517,0.018756,0.095760,-0.427980,0.326688,-0.053216,0.037408,-0.031744
1779676305240301976,2026-05-25T09:31:45.240317,ground_truth,0.002850,0.779000,-0.106116,True,,,,,,,,,-0.082310,1.014384,0.303768,0.017889,0.081592,0.061518,0.000000,0.021807,0.018756,0.105700,-0.438620,0.306104,-0.053152,0.039680,-0.027232
1779676305278186340,2026-05-25T09:31:45.278261,ground_truth,0.003513,0.770000,-0.109448,True,,,,,,,,,-0.082310,1.014384,0.303768,0.016576,0.081592,0.055845,0.000000,0.023995,0.016137,0.105280,-0.441980,0.315732,-0.052832,0.041088,-0.027456
1779676305318817814,2026-05-25T09:31:45.318843,ground_truth,-0.000180,0.783000,-0.107374,True,,,,,,,,,-0.083302,1.011650,0.302067,0.014831,0.081592,0.050611,0.000000,0.032715,0.013517,0.113120,-0.442680,0.312246,-0.051200,0.037856,-0.029952
1779676305356035008,2026-05-25T09:31:45.356060,ground_truth,0.003218,0.774000,-0.110721,True,,,,,,,,,-0.083302,1.011650,0.302067,0.014394,0.081592,0.046685,0.000000,0.037954,0.013517,0.096600,-0.411040,0.302452,-0.050880,0.036064,-0.029120
1779676305393677231,2026-05-25T09:31:45.393701,ground_truth,0.004251,0.760000,-0.118702,True,,,,,,,,,-0.084296,1.008630,0.299357,0.013087,0.082030,0.044499,0.000000,0.040573,0.010898,0.096040,-0.428680,0.317392,-0.050880,0.038464,-0.031904
1779676305445516462,2026-05-25T09:31:45.445542,ground_truth,0.002850,0.779000,-0.111607,True,,,,,,,,,-0.085036,1.006327,0.297328,0.013087,0.082030,0.044499,0.000000,0.040573,0.010898,0.096040,-0.428680,0.317392,-0.050880,0.038464,-0.031904
1779676305481036634,2026-05-25T09:31:45.481064,ground_truth,0.007702,0.751000,-0.116481,True,,,,,,,,,-0.085036,1.006327,0.297328,0.013087,0.082030,0.044499,0.000000,0.040573,0.010898,0.096040,-0.428680,0.317392,-0.050880,0.038464,-0.031904
1779676305518666344,2026-05-25T09:31:45.518692,ground_truth,0.007325,0.756000,-0.114630,True,,,,,,,,,-0.086048,1.002855,0.295432,0.013087,0.082030,0.044499,0.000000,0.040573,0.010898,0.096040,-0.428680,0.317392,-0.050880,0.038464,-0.031904
1779676305560263533,2026-05-25T09:31:45.560287,ground_truth,0.004913,0.788000,-0.102785,True,,,,,,,,,-0.086048,1.002855,0.295432,0.013087,0.081592,0.039265,0.000000,0.043193,0.013517,0.094780,-0.427700,0.308677,-0.051200,0.040128,-0.032352
1779676305609799638,2026-05-25T09:31:45.609829,ground_truth,0.006646,0.765000,-0.111298,True,,,,,,,,,-0.087120,0.999033,0.294437,0.013087,0.081592,0.039265,0.000000,0.043193,0.013517,0.094780,-0.427700,0.308677,-0.051200,0.040128,-0.032352
1779676305692358964,2026-05-25T09:31:45.692386,ground_truth,0.007023,0.760000,-0.110373,True,,,,,,,,,-0.087785,0.996786,0.293706,0.006540,0.063703,0.016580,0.000000,0.080716,0.005228,0.086100,-0.475440,0.105410,-0.049536,0.042368,-0.030624
1779676305739876299,2026-05-25T09:31:45.739907,ground_truth,0.006646,0.765000,-0.111298,True,,,,,,,,,-0.087963,0.995389,0.292923,0.004796,0.052354,0.065013,0.000000,0.118680,0.005228,0.098560,-0.476140,0.067230,-0.047584,0.046432,-0.029888
1779676305781590946,2026-05-25T09:31:45.781623,ground_truth,0.006646,0.765000,-0.111298,True,,,,,,,,,-0.088485,0.993797,0.292415,0.003051,0.045376,0.078098,0.000000,0.123908,0.002609,0.098560,-0.466760,0.065238,-0.047648,0.044704,-0.032064
1779676305821848903,2026-05-25T09:31:45.821876,ground_truth,0.006646,0.765000,-0.108530,True,,,,,,,,,-0.088485,0.993797,0.292415,0.005233,0.042318,0.083771,0.000000,0.123908,0.005228,0.100940,-0.480480,0.066898,-0.047648,0.051328,-0.032800
1779676305861648817,2026-05-25T09:31:45.861675,ground_truth,0.007702,0.751000,-0.110898,True,,,,,,,,,-0.088788,0.991011,0.291509,0.006540,0.034034,0.094679,0.000000,0.129589,0.005228,0.105280,-0.497420,0.056440,-0.047648,0.044640,-0.031072
1779676305909904340,2026-05-25T09:31:45.909930,ground_truth,0.008380,0.742000,-0.114200,True,,,,,,,,,-0.089575,0.990189,0.291097,0.008285,0.019634,0.119118,0.000000,0.142675,0.008289,0.112140,-0.482580,0.038180,-0.047648,0.044320,-0.032800
1779676305962480672,2026-05-25T09:31:45.962513,ground_truth,0.011568,0.737000,-0.113220,True,,,,,,,,,-0.089575,0.990189,0.291097,0.008285,0.011342,0.128278,0.000000,0.137436,0.010898,0.105000,-0.491260,0.048887,-0.049440,0.049440,-0.031904
1779676306004421427,2026-05-25T09:31:46.004447,ground_truth,0.007325,0.756000,-0.097931,True,,,,,,,,,-0.089963,0.987222,0.290470,0.008285,0.011342,0.128278,0.000000,0.137436,0.010898,0.105000,-0.491260,0.048887,-0.049440,0.049440,-0.031904
1779676306047492486,2026-05-25T09:31:46.047528,ground_truth,0.008079,0.746000,-0.098734,True,,,,,,,,,-0.090497,0.984440,0.291067,0.008285,0.011342,0.128278,0.000000,0.137436,0.010898,0.105000,-0.491260,0.048887,-0.049440,0.049440,-0.031904
1779676306093044217,2026-05-25T09:31:46.093063,ground_truth,0.010874,0.746000,-0.087536,True,,,,,,,,,-0.090497,0.984440,0.291067,0.010029,0.006540,0.128278,0.000000,0.134817,0.010898,0.105280,-0.499100,0.057436,-0.049920,0.051328,-0.032800
1779676306147340194,2026-05-25T09:31:46.147361,ground_truth,0.014378,0.737000,-0.082262,True,,,,,,,,,-0.091179,0.981140,0.293260,0.011342,0.023122,0.143111,0.000000,0.118680,0.010467,0.088620,-0.852740,0.056938,-0.050656,0.045024,-0.031904
1779676306205443395,2026-05-25T09:31:46.205472,ground_truth,0.017992,0.727000,-0.074410,True,,,,,,,,,-0.091994,0.978900,0.295516,0.011342,0.027487,0.137438,0.000000,0.110391,0.010898,0.084560,-0.815220,0.043160,-0.050880,0.043520,-0.029792
1779676306248254237,2026-05-25T09:31:46.248270,ground_truth,0.018313,0.723000,-0.070098,True,,,,,,,,,-0.092619,0.977304,0.298099,0.010029,0.029231,0.144858,0.000000,0.113442,0.010898,0.087360,-0.835100,0.055361,-0.050880,0.048704,-0.030176
1779676306292727522,2026-05-25T09:31:46.292742,ground_truth,0.018714,0.718000,-0.066093,True,,,,,,,,,-0.092619,0.977304,0.298099,0.010029,0.034465,0.145297,0.000000,0.113000,0.010898,0.092680,-0.828520,0.046148,-0.050592,0.046080,-0.029952
1779676306332078583,2026-05-25T09:31:46.332098,ground_truth,0.018714,0.718000,-0.060402,True,,,,,,,,,-0.093799,0.974437,0.302043,0.009598,0.035778,0.145297,0.000000,0.113442,0.010467,0.092680,-0.797580,0.041168,-0.050656,0.045920,-0.030240
1779676306375951672,2026-05-25T09:31:46.375975,ground_truth,0.018313,0.723000,-0.053073,True,,,,,,,,,-0.094768,0.971651,0.305633,0.010029,0.037523,0.143111,0.000000,0.110822,0.010898,0.097020,-0.821800,0.041002,-0.050656,0.042976,-0.031072
1779676306416760601,2026-05-25T09:31:46.416785,ground_truth,0.019116,0.713000,-0.050640,True,,,,,,,,,-0.094768,0.971651,0.305633,0.010029,0.037523,0.143111,0.000000,0.110822,0.010898,0.097020,-0.821800,0.041002,-0.050656,0.042976,-0.031072
1779676306467203457,2026-05-25T09:31:46.467231,ground_truth,0.018714,0.718000,-0.040483,True,,,,,,,,,-0.095883,0.967736,0.310835,0.010029,0.037523,0.143111,0.000000,0.110822,0.010898,0.097020,-0.821800,0.041002,-0.050656,0.042976,-0.031072
1779676306517030830,2026-05-25T09:31:46.517057,ground_truth,0.019116,0.713000,-0.036371,True,,,,,,,,,-0.096835,0.964285,0.315752,0.006540,0.036209,0.113006,0.000000,0.075046,0.008289,0.102200,-0.826980,0.073953,-0.051424,0.045920,-0.033568
1779676306558249017,2026-05-25T09:31:46.558278,ground_truth,0.019116,0.713000,-0.024956,True,,,,,,,,,-0.096835,0.964285,0.315752,0.006540,0.032720,0.105586,0.000000,0.072857,0.005228,0.088900,-0.833840,0.062997,-0.051328,0.039520,-0.033024
1779676306597880548,2026-05-25T09:31:46.597925,ground_truth,0.019919,0.703000,-0.022309,True,,,,,,,,,-0.097931,0.959954,0.322377,0.004796,0.032720,0.102538,0.000000,0.069807,0.005228,0.084560,-0.833280,0.070384,-0.051328,0.042912,-0.034080
1779676306636227480,2026-05-25T09:31:46.636245,ground_truth,0.019116,0.713000,-0.007833,True,,,,,,,,,-0.098896,0.956178,0.328903,0.005233,0.029669,0.092931,0.000000,0.064568,0.005228,0.093800,-0.812700,0.076360,-0.051104,0.040960,-0.033728
1779676306694272719,2026-05-25T09:31:46.694296,ground_truth,0.019517,0.708000,-0.003607,True,,,,,,,,,-0.098896,0.956178,0.328903,0.005233,0.026174,0.087697,0.000000,0.059340,0.005228,0.097300,-0.819000,0.081174,-0.051264,0.041696,-0.033344
1779676306731297078,2026-05-25T09:31:46.731324,ground_truth,0.020722,0.693000,-0.002277,True,,,,,,,,,-0.099865,0.952488,0.337367,0.005233,0.026174,0.087697,0.000000,0.059340,0.005228,0.097300,-0.819000,0.081174,-0.051264,0.041696,-0.033344
1779676306774928665,2026-05-25T09:31:46.774955,ground_truth,0.019919,0.703000,0.009263,True,,,,,,,,,-0.100818,0.949163,0.345368,0.005233,0.026174,0.087697,0.000000,0.059340,0.005228,0.097300,-0.819000,0.081174,-0.051264,0.041696,-0.033344
1779676306815520464,2026-05-25T09:31:46.815545,ground_truth,0.019919,0.703000,0.017874,True,,,,,,,,,-0.100818,0.949163,0.345368,0.004796,0.024429,0.083333,0.000000,0.059340,0.005670,0.092680,-0.836920,0.077937,-0.051264,0.038688,-0.033408
1779676306852920694,2026-05-25T09:31:46.852949,ground_truth,0.019919,0.703000,0.023615,True,,,,,,,,,-0.101731,0.945377,0.354533,0.006540,0.045376,0.103846,0.000000,0.056721,0.002609,0.088620,-0.851200,0.061088,-0.052000,0.038624,-0.031904
1779676306902069263,2026-05-25T09:31:46.902093,ground_truth,0.019919,0.703000,0.029355,True,,,,,,,,,-0.101731,0.945377,0.354533,0.004796,0.058901,0.113445,0.000000,0.054101,0.005670,0.075880,-0.830760,0.055195,-0.052160,0.041696,-0.031456
1779676306957174430,2026-05-25T09:31:46.957192,ground_truth,0.019116,0.713000,0.034974,True,,,,,,,,,-0.102398,0.941889,0.363170,0.006540,0.070243,0.113445,0.000000,0.045812,0.005670,0.086800,-0.837200,0.065072,-0.053376,0.037408,-0.031008
1779676306995533785,2026-05-25T09:31:46.995552,ground_truth,0.019919,0.703000,0.040836,True,,,,,,,,,-0.102797,0.938642,0.372620,0.006540,0.071994,0.102538,0.000000,0.032284,0.005228,0.095480,-0.829780,0.064657,-0.054432,0.035232,-0.032128
1779676307037037949,2026-05-25T09:31:47.037057,ground_truth,0.019919,0.703000,0.046576,True,,,,,,,,,-0.103091,0.935847,0.381848,0.007853,0.075045,0.094679,0.000000,0.019198,0.007847,0.083580,-0.836360,0.065902,-0.055168,0.029440,-0.030848
1779676307079027315,2026-05-25T09:31:47.079045,ground_truth,0.023195,0.698000,0.053878,True,,,,,,,,,-0.103091,0.935847,0.381848,0.010029,0.081592,0.087266,0.000000,0.005228,0.008289,0.095760,-0.858620,0.064823,-0.054880,0.029568,-0.034080
1779676307121305891,2026-05-25T09:31:47.121329,ground_truth,0.023195,0.698000,0.056757,True,,,,,,,,,-0.103351,0.933551,0.391565,0.011780,0.085081,0.085519,0.000000,0.000000,0.010898,0.101360,-0.877240,0.069139,-0.054880,0.025120,-0.033408
1779676307159381958,2026-05-25T09:31:47.159404,ground_truth,0.019517,0.708000,0.065082,True,,,,,,,,,-0.103351,0.933551,0.391565,0.013087,0.094679,0.085519,0.000000,0.002609,0.010898,0.102900,-0.887180,0.061586,-0.054560,-0.017376,-0.033280
1779676307218611969,2026-05-25T09:31:47.218636,ground_truth,0.020320,0.698000,0.068271,True,,,,,,,,,-0.103621,0.931503,0.401369,0.011780,0.104283,0.094679,0.000000,0.010898,0.013517,0.097580,-0.865760,0.055942,-0.054560,-0.036192,-0.030720
1779676307260901435,2026-05-25T09:31:47.260923,ground_truth,0.020320,0.698000,0.071149,True,,,,,,,,,-0.103859,0.929542,0.411235,0.013087,0.114319,0.104277,0.000000,0.010898,0.013517,0.088340,-0.857080,0.049551,-0.054560,-0.034912,-0.028736
1779676307304728486,2026-05-25T09:31:47.304752,ground_truth,0.019919,0.703000,0.078149,True,,,,,,,,,-0.104041,0.927745,0.420725,0.013087,0.122603,0.111259,0.000000,0.013517,0.010467,0.087080,-0.863940,0.060258,-0.054560,-0.035680,-0.029344
1779676307341881419,2026-05-25T09:31:47.341909,ground_truth,0.020320,0.698000,0.082663,True,,,,,,,,,-0.104041,0.927745,0.420725,0.011342,0.125661,0.111698,0.000000,0.016137,0.013517,0.090440,-0.867300,0.065570,-0.054560,-0.034464,-0.029792
1779676307379971809,2026-05-25T09:31:47.379998,ground_truth,0.019919,0.703000,0.089630,True,,,,,,,,,-0.104179,0.926012,0.430564,0.011342,0.125661,0.111698,0.000000,0.016137,0.013517,0.090440,-0.867300,0.065570,-0.054560,-0.034464,-0.029792
1779676307436661882,2026-05-25T09:31:47.436684,ground_truth,0.020722,0.693000,0.092983,True,,,,,,,,,-0.104260,0.924574,0.439795,0.011342,0.125661,0.111698,0.000000,0.016137,0.013517,0.090440,-0.867300,0.065570,-0.054560,-0.034464,-0.029792
1779676307480441517,2026-05-25T09:31:47.480470,ground_truth,0.019919,0.703000,0.101111,True,,,,,,,,,-0.104260,0.924574,0.439795,0.011342,0.125661,0.111698,0.000000,0.016137,0.013517,0.090440,-0.867300,0.065570,-0.054560,-0.034464,-0.029792
1779676307521050881,2026-05-25T09:31:47.521073,ground_truth,0.020722,0.693000,0.107416,True,,,,,,,,,-0.104318,0.923471,0.449548,0.011780,0.153586,0.100352,0.000000,0.053659,0.010898,0.078960,-0.882840,0.071214,-0.056832,-0.045760,-0.033408
1779676307578950572,2026-05-25T09:31:47.578987,ground_truth,0.021124,0.688000,0.109159,True,,,,,,,,,-0.104373,0.922575,0.458258,0.011780,0.153586,0.100352,0.000000,0.053659,0.010898,0.078960,-0.882840,0.071214,-0.056832,-0.045760,-0.033408
1779676307616925274,2026-05-25T09:31:47.616975,ground_truth,0.017839,0.693000,0.116076,True,,,,,,,,,-0.104373,0.922575,0.458258,0.011780,0.153586,0.100352,0.000000,0.053659,0.010898,0.078960,-0.882840,0.071214,-0.056832,-0.045760,-0.033408
1779676307660799311,2026-05-25T09:31:47.660821,ground_truth,0.013031,0.718000,0.121716,True,,,,,,,,,-0.104415,0.921609,0.467550,0.011780,0.153586,0.100352,0.000000,0.053659,0.010898,0.078960,-0.882840,0.071214,-0.056832,-0.045760,-0.033408
1779676307713230969,2026-05-25T09:31:47.713255,ground_truth,0.013801,0.708000,0.122322,True,,,,,,,,,-0.104273,0.920714,0.475848,0.007853,0.166673,0.065013,0.000000,0.105152,0.007847,0.101360,-0.886900,0.078767,-0.056384,-0.049920,-0.034080
1779676307756261374,2026-05-25T09:31:47.756287,ground_truth,0.014572,0.698000,0.128718,True,,,,,,,,,-0.104273,0.920714,0.475848,0.008285,0.171475,0.055845,0.000000,0.113000,0.005670,0.095060,-0.857640,0.082253,-0.056384,-0.050592,-0.033632
1779676307795566837,2026-05-25T09:31:47.795600,ground_truth,0.014572,0.698000,0.131597,True,,,,,,,,,-0.103771,0.920198,0.484602,0.006540,0.169730,0.048432,0.000000,0.116061,0.005228,0.086800,-0.824880,0.082917,-0.056064,-0.054784,-0.033024
1779676307839427151,2026-05-25T09:31:47.839456,ground_truth,0.014572,0.698000,0.134475,True,,,,,,,,,-0.103174,0.919902,0.492411,0.003051,0.160133,0.034900,0.000000,0.129147,0.002609,0.097860,-0.858900,0.103003,-0.056064,-0.053664,-0.034624
1779676307883819203,2026-05-25T09:31:47.883844,ground_truth,0.015342,0.688000,0.138108,True,,,,,,,,,-0.103174,0.919902,0.492411,0.003489,0.161877,0.022246,0.000000,0.137005,0.003051,0.101640,-0.838460,0.108315,-0.056064,-0.058272,-0.034240
1779676307937788762,2026-05-25T09:31:47.937813,ground_truth,0.014572,0.698000,0.145989,True,,,,,,,,,-0.102520,0.919778,0.500665,0.001307,0.156637,0.003487,0.000000,0.154015,0.002609,0.079940,-0.809060,0.110805,-0.056224,-0.056992,-0.032672
1779676307978250786,2026-05-25T09:31:47.978272,ground_truth,0.015727,0.683000,0.145755,True,,,,,,,,,-0.101951,0.919713,0.507940,0.003051,0.151841,0.001740,0.000000,0.161442,0.002609,0.088340,-0.822920,0.248004,-0.055936,-0.056896,-0.033120
1779676308018741223,2026-05-25T09:31:48.018764,ground_truth,0.016112,0.678000,0.150540,True,,,,,,,,,-0.101951,0.919713,0.507940,0.001744,0.147039,0.018759,0.000000,0.167112,0.002609,0.104160,-0.840000,0.307764,-0.056160,-0.059328,-0.033856
1779676308060171892,2026-05-25T09:31:48.060194,ground_truth,0.015727,0.683000,0.154464,True,,,,,,,,,-0.101403,0.919223,0.515785,0.001307,0.147039,0.029666,0.000000,0.172782,0.000000,0.100940,-0.821100,0.318803,-0.055840,-0.056768,-0.034080
1779676308097702404,2026-05-25T09:31:48.097728,ground_truth,0.016112,0.678000,0.156362,True,,,,,,,,,-0.101403,0.919223,0.515785,0.001744,0.145295,0.037086,0.000000,0.175401,0.002609,0.085120,-0.804020,0.307764,-0.055840,-0.063008,-0.034560
1779676308139999519,2026-05-25T09:31:48.140025,ground_truth,0.016112,0.678000,0.159274,True,,,,,,,,,-0.100856,0.917971,0.523807,0.001744,0.142243,0.041012,0.000000,0.178021,0.000000,0.086100,-0.781200,0.314819,-0.054656,-0.057504,-0.034848
1779676308195654500,2026-05-25T09:31:48.195678,ground_truth,0.019019,0.678000,0.168008,True,,,,,,,,,-0.100393,0.916478,0.530641,0.000000,0.130457,0.047994,0.000000,0.183259,0.000000,0.100100,-0.819280,0.323783,-0.054208,-0.060384,-0.034240
1779676308234807061,2026-05-25T09:31:48.234832,ground_truth,0.023211,0.662000,0.167835,True,,,,,,,,,-0.100393,0.916478,0.530641,0.001744,0.130895,0.053667,0.000000,0.183259,0.000000,0.096600,-0.789180,0.320131,-0.054208,-0.059104,-0.033632
1779676308273245030,2026-05-25T09:31:48.273287,ground_truth,0.022328,0.673000,0.175794,True,,,,,,,,,-0.100067,0.914952,0.536606,0.000000,0.129150,0.059771,0.000000,0.188487,0.000000,0.088900,-0.794780,0.327435,-0.054208,-0.057440,-0.033024
1779676308315729869,2026-05-25T09:31:48.315758,ground_truth,0.023613,0.657000,0.178655,True,,,,,,,,,-0.100149,0.913137,0.543000,0.000000,0.122172,0.068500,0.000000,0.188487,0.000000,0.086380,-0.773640,0.326854,-0.053760,-0.063232,-0.031520
1779676308358022896,2026-05-25T09:31:48.358051,ground_truth,0.026555,0.657000,0.184547,True,,,,,,,,,-0.100149,0.913137,0.543000,0.000000,0.117808,0.076351,0.000000,0.199396,0.000000,0.081480,-0.774340,0.324945,-0.053280,-0.060672,-0.030176
1779676308400087624,2026-05-25T09:31:48.400118,ground_truth,0.026964,0.652000,0.189540,True,,,,,,,,,-0.100932,0.910255,0.549816,0.001307,0.114319,0.078098,0.000000,0.193726,0.000000,0.078680,-0.781480,0.334988,-0.052992,-0.063616,-0.029344
1779676308449358407,2026-05-25T09:31:48.449383,ground_truth,0.026555,0.657000,0.196330,True,,,,,,,,,-0.101836,0.907062,0.555728,0.000000,0.107772,0.085519,0.000000,0.194157,0.000000,0.032480,-0.762160,0.342873,-0.051200,-0.061344,-0.020768
1779676308494523998,2026-05-25T09:31:48.494552,ground_truth,0.026964,0.652000,0.204310,True,,,,,,,,,-0.101836,0.907062,0.555728,0.000000,0.104714,0.087266,0.000000,0.188929,0.000000,0.014840,-0.783300,0.344035,-0.050880,-0.065856,-0.017984
1779676308532422969,2026-05-25T09:31:48.532453,ground_truth,0.025735,0.667000,0.212740,True,,,,,,,,,-0.102976,0.903091,0.562162,0.000000,0.104714,0.087266,0.000000,0.188929,0.000000,0.014840,-0.783300,0.344035,-0.050880,-0.065856,-0.017984
1779676308577931016,2026-05-25T09:31:48.577968,ground_truth,0.026964,0.652000,0.216127,True,,,,,,,,,-0.103993,0.899392,0.568312,0.000000,0.104714,0.087266,0.000000,0.188929,0.000000,0.014840,-0.783300,0.344035,-0.050880,-0.065856,-0.017984
1779676308619635762,2026-05-25T09:31:48.619660,ground_truth,0.025735,0.667000,0.227387,True,,,,,,,,,-0.103993,0.899392,0.568312,0.000000,0.104714,0.087266,0.000000,0.191107,0.000000,0.002660,-0.779520,0.328431,-0.050720,-0.063904,-0.015488
1779676308658466090,2026-05-25T09:31:48.658492,ground_truth,0.026145,0.662000,0.232462,True,,,,,,,,,-0.105121,0.895428,0.575556,0.009598,0.082899,0.104277,0.000000,0.185868,0.010898,-0.087640,-0.760620,0.336316,-0.049536,-0.065952,0.024448
1779676308717527440,2026-05-25T09:31:48.717553,ground_truth,0.027374,0.647000,0.233076,True,,,,,,,,,-0.106097,0.892262,0.582397,0.009598,0.076790,0.109519,0.000000,0.188487,0.010898,-0.090720,-0.769020,0.342707,-0.048640,-0.064224,0.024768
1779676308760374842,2026-05-25T09:31:48.760396,ground_truth,0.027374,0.647000,0.236038,True,,,,,,,,,-0.106097,0.892262,0.582397,0.009598,0.073738,0.113445,0.000000,0.185868,0.010898,-0.074620,-0.738640,0.347521,-0.048032,-0.063520,0.027328
1779676308804851889,2026-05-25T09:31:48.804872,ground_truth,0.030834,0.641000,0.238091,True,,,,,,,,,-0.107230,0.889235,0.590397,0.009598,0.071994,0.113445,0.000000,0.185868,0.010898,-0.065660,-0.735280,0.333245,-0.048032,-0.061728,0.027328
1779676308851180578,2026-05-25T09:31:48.851202,ground_truth,0.030834,0.641000,0.244035,True,,,,,,,,,-0.108344,0.886517,0.597655,0.009598,0.073301,0.105586,0.000000,0.178021,0.010898,-0.078400,-0.738640,0.339636,-0.047104,-0.063456,0.028608
1779676308890807611,2026-05-25T09:31:48.890833,ground_truth,0.031670,0.631000,0.248528,True,,,,,,,,,-0.108344,0.886517,0.597655,0.010029,0.073301,0.100352,0.000000,0.174959,0.010467,-0.086800,-0.743680,0.340632,-0.046080,-0.058720,0.027680
1779676308943248538,2026-05-25T09:31:48.943273,ground_truth,0.035165,0.625000,0.250656,True,,,,,,,,,-0.109533,0.883202,0.605794,0.009598,0.078534,0.083333,0.000000,0.161442,0.007847,-0.094500,-0.756280,0.333245,-0.045472,-0.062464,0.029120
1779676308989988199,2026-05-25T09:31:48.990023,ground_truth,0.038160,0.625000,0.256653,True,,,,,,,,,-0.110597,0.880073,0.612918,0.008285,0.079847,0.074173,0.000000,0.156634,0.010898,-0.094220,-0.751660,0.323617,-0.044544,-0.056224,0.027680
1779676309027509181,2026-05-25T09:31:49.027533,ground_truth,0.041154,0.625000,0.259651,True,,,,,,,,,-0.110597,0.880073,0.612918,0.008285,0.079847,0.074173,0.000000,0.156634,0.010898,-0.094220,-0.751660,0.323617,-0.044544,-0.056224,0.027680
1779676309066886695,2026-05-25T09:31:49.066909,ground_truth,0.041596,0.620000,0.264972,True,,,,,,,,,-0.111958,0.876389,0.620933,0.008285,0.079847,0.074173,0.000000,0.156634,0.010898,-0.094220,-0.751660,0.323617,-0.044544,-0.056224,0.027680
1779676309111461675,2026-05-25T09:31:49.111484,ground_truth,0.041596,0.620000,0.264972,True,,,,,,,,,-0.113242,0.873109,0.628140,0.008285,0.079847,0.074173,0.000000,0.156634,0.010898,-0.094220,-0.751660,0.323617,-0.044544,-0.056224,0.027680
1779676309153040788,2026-05-25T09:31:49.153063,ground_truth,0.046131,0.603000,0.268742,True,,,,,,,,,-0.113242,0.873109,0.628140,0.009598,0.082030,0.068500,0.000000,0.150964,0.007847,-0.091420,-0.756000,0.319799,-0.044704,-0.060384,0.030848
1779676309204650968,2026-05-25T09:31:49.204673,ground_truth,0.048115,0.581000,0.268910,True,,,,,,,,,-0.114882,0.869401,0.635818,0.009598,0.082030,0.068500,0.000000,0.150964,0.007847,-0.091420,-0.756000,0.319799,-0.044704,-0.060384,0.030848
1779676309242902342,2026-05-25T09:31:49.242926,ground_truth,0.048115,0.581000,0.275052,True,,,,,,,,,-0.116584,0.865742,0.642359,0.009598,0.082030,0.068500,0.000000,0.150964,0.007847,-0.091420,-0.756000,0.319799,-0.044704,-0.060384,0.030848
1779676309288041572,2026-05-25T09:31:49.288066,ground_truth,0.047664,0.586000,0.281812,True,,,,,,,,,-0.116584,0.865742,0.642359,0.000000,0.092934,0.027919,0.000000,0.118680,0.000000,-0.056000,-0.733740,0.318637,-0.044096,-0.053152,0.024608
1779676309328803657,2026-05-25T09:31:49.328829,ground_truth,0.046110,0.569000,0.282799,True,,,,,,,,,-0.118681,0.860258,0.648765,0.009598,0.109079,0.003926,0.000000,0.099482,0.010467,0.087360,-0.780220,0.119686,-0.043968,-0.054944,-0.028224
1779676309365397861,2026-05-25T09:31:49.365447,ground_truth,0.043024,0.569000,0.288980,True,,,,,,,,,-0.118681,0.860258,0.648765,0.013087,0.117808,0.024432,0.000000,0.096863,0.013517,0.081200,-0.779520,0.126907,-0.043968,-0.048928,-0.028288
1779676309402063550,2026-05-25T09:31:49.402085,ground_truth,0.041547,0.586000,0.290999,True,,,,,,,,,-0.120762,0.853165,0.654851,0.013087,0.120859,0.027488,0.000000,0.096863,0.013517,0.097020,-0.757260,0.129148,-0.043968,-0.051552,-0.031168
1779676309452047302,2026-05-25T09:31:49.452072,ground_truth,0.039427,0.575000,0.292773,True,,,,,,,,,-0.122499,0.846323,0.660273,0.014394,0.122603,0.022246,0.000000,0.099482,0.013517,0.110600,-0.749140,0.114540,-0.044032,-0.049664,-0.030336
1779676309489892642,2026-05-25T09:31:49.489918,ground_truth,0.041387,0.552000,0.293197,True,,,,,,,,,-0.122499,0.846323,0.660273,0.014831,0.119552,0.014833,0.000000,0.107772,0.016137,0.097020,-0.757820,0.123338,-0.044320,-0.053504,-0.030560
1779676309530657202,2026-05-25T09:31:49.530682,ground_truth,0.040876,0.558000,0.296998,True,,,,,,,,,-0.123956,0.838626,0.666000,0.014831,0.117808,0.001740,0.000000,0.118680,0.013517,0.094780,-0.746760,0.127073,-0.044800,-0.050720,-0.032224
1779676309570739767,2026-05-25T09:31:49.570756,ground_truth,0.042921,0.534000,0.294266,True,,,,,,,,,-0.125143,0.831508,0.671042,0.014394,0.114319,0.011339,0.000000,0.129147,0.016137,0.094780,-0.748580,0.298468,-0.044800,-0.055040,-0.034400
1779676309612724838,2026-05-25T09:31:49.612747,ground_truth,0.042410,0.540000,0.298087,True,,,,,,,,,-0.125143,0.831508,0.671042,0.014831,0.112568,0.022246,0.000000,0.132208,0.016137,0.096320,-0.718200,0.313823,-0.044800,-0.056768,-0.035360
1779676309653042770,2026-05-25T09:31:49.653077,ground_truth,0.042921,0.534000,0.303709,True,,,,,,,,,-0.126116,0.823417,0.676050,0.014394,0.109079,0.033592,0.000000,0.140056,0.016137,0.080220,-0.726320,0.330672,-0.045088,-0.056064,-0.033568
1779676309698499841,2026-05-25T09:31:49.698527,ground_truth,0.047628,0.516000,0.304926,True,,,,,,,,,-0.126116,0.823417,0.676050,0.014831,0.109517,0.041012,0.000000,0.147914,0.013517,0.084560,-0.714140,0.336150,-0.045088,-0.057280,-0.034464
1779676309735755882,2026-05-25T09:31:49.735780,ground_truth,0.048149,0.510000,0.304282,True,,,,,,,,,-0.126825,0.814600,0.680902,0.014394,0.109517,0.040573,0.000000,0.147914,0.016137,0.105280,-0.710080,0.334573,-0.045024,-0.058112,-0.030560
1779676309776645771,2026-05-25T09:31:49.776673,ground_truth,0.046586,0.528000,0.309371,True,,,,,,,,,-0.127457,0.806152,0.685192,0.016576,0.109517,0.041012,0.000000,0.145726,0.016137,0.111580,-0.749560,0.315566,-0.045024,-0.054784,-0.031616
1779676309815002466,2026-05-25T09:31:49.815030,ground_truth,0.044966,0.510000,0.310657,True,,,,,,,,,-0.127457,0.806152,0.685192,0.018320,0.110823,0.037086,0.000000,0.148345,0.018756,0.109060,-0.723520,0.325692,-0.045088,-0.058624,-0.030944
1779676309857287011,2026-05-25T09:31:49.857312,ground_truth,0.048671,0.504000,0.313230,True,,,,,,,,,-0.127783,0.797073,0.689356,0.017889,0.113006,0.035339,0.000000,0.143106,0.018756,0.091980,-0.715400,0.320380,-0.045312,-0.059680,-0.033024
1779676309902819692,2026-05-25T09:31:49.902842,ground_truth,0.048671,0.504000,0.313230,True,,,,,,,,,-0.128005,0.788235,0.693405,0.018320,0.113006,0.031852,0.000000,0.143106,0.018756,0.101920,-0.698740,0.316396,-0.045152,-0.053824,-0.034784
1779676309955756463,2026-05-25T09:31:49.955782,ground_truth,0.048671,0.504000,0.316427,True,,,,,,,,,-0.128005,0.788235,0.693405,0.019634,0.110823,0.030105,0.000000,0.140056,0.018756,0.098140,-0.714420,0.318803,-0.045152,-0.055776,-0.035136
1779676309993764567,2026-05-25T09:31:49.993789,ground_truth,0.050321,0.485000,0.317742,True,,,,,,,,,-0.128191,0.779056,0.697424,0.021378,0.111261,0.027488,0.000000,0.140056,0.023995,0.093240,-0.730660,0.320546,-0.045152,-0.060512,-0.035744
1779676310047279194,2026-05-25T09:31:50.047300,ground_truth,0.048671,0.504000,0.322822,True,,,,,,,,,-0.128488,0.770668,0.701034,0.024429,0.114319,0.020506,0.000000,0.134817,0.021807,0.103740,-0.715400,0.316064,-0.044864,-0.058496,-0.035744
1779676310089120118,2026-05-25T09:31:50.089141,ground_truth,0.050321,0.485000,0.320970,True,,,,,,,,,-0.128488,0.770668,0.701034,0.024429,0.114319,0.020506,0.000000,0.134817,0.021807,0.103740,-0.715400,0.316064,-0.044864,-0.058496,-0.035744
1779676310129270104,2026-05-25T09:31:50.129296,ground_truth,0.049192,0.498000,0.322237,True,,,,,,,,,-0.129127,0.761922,0.704694,0.024429,0.114319,0.020506,0.000000,0.134817,0.021807,0.103740,-0.715400,0.316064,-0.044864,-0.058496,-0.035744
1779676310171280155,2026-05-25T09:31:50.171306,ground_truth,0.050842,0.479000,0.323624,True,,,,,,,,,-0.129797,0.754020,0.707883,0.027925,0.141806,0.055845,0.000000,0.091624,0.029665,0.089180,-0.734580,0.084992,-0.042304,-0.050144,-0.031840
1779676310221711852,2026-05-25T09:31:50.221741,ground_truth,0.051363,0.473000,0.323049,True,,,,,,,,,-0.129797,0.754020,0.707883,0.027925,0.160133,0.091192,0.000000,0.065010,0.027045,0.100380,-0.758520,0.070716,-0.042144,-0.049312,-0.035008
1779676310261605854,2026-05-25T09:31:50.261627,ground_truth,0.048716,0.466000,0.325638,True,,,,,,,,,-0.130695,0.745518,0.711152,0.026174,0.171475,0.115185,0.000000,0.056721,0.027045,0.101640,-0.727440,0.063827,-0.042144,-0.042464,-0.034912
1779676310303059545,2026-05-25T09:31:50.303081,ground_truth,0.050336,0.447000,0.327141,True,,,,,,,,,-0.131470,0.738037,0.714040,0.026174,0.176277,0.127839,0.000000,0.048432,0.024426,0.092680,-0.722260,0.057270,-0.041984,-0.042304,-0.035136
1779676310342880952,2026-05-25T09:31:50.342905,ground_truth,0.050932,0.440000,0.326493,True,,,,,,,,,-0.131470,0.738037,0.714040,0.023122,0.178022,0.135698,0.000000,0.042751,0.024426,0.090440,-0.728420,0.055776,-0.041856,-0.041760,-0.033728
1779676310383824266,2026-05-25T09:31:50.383843,ground_truth,0.044337,0.440000,0.326493,True,,,,,,,,,-0.132207,0.729878,0.716880,0.020940,0.182817,0.147037,0.000000,0.037523,0.019198,0.087640,-0.743960,0.058183,-0.041984,-0.040704,-0.033728
1779676310440038406,2026-05-25T09:31:50.440060,ground_truth,0.041039,0.440000,0.333098,True,,,,,,,,,-0.132588,0.722296,0.719353,0.014831,0.192853,0.163624,0.000000,0.029665,0.016137,0.082460,-0.701820,0.055610,-0.041856,-0.043584,-0.035744
1779676310501265398,2026-05-25T09:31:50.501300,ground_truth,0.040477,0.447000,0.337013,True,,,,,,,,,-0.132588,0.722296,0.719353,0.011342,0.192853,0.174963,0.000000,0.021807,0.013517,0.093240,-0.735280,0.050049,-0.041088,-0.039968,-0.034240
1779676310539277758,2026-05-25T09:31:50.539304,ground_truth,0.041521,0.434000,0.335875,True,,,,,,,,,-0.132592,0.715810,0.721401,0.009598,0.195911,0.178458,0.000000,0.018756,0.010898,0.097580,-0.719460,0.053203,-0.041248,-0.035840,-0.033728
1779676310578364754,2026-05-25T09:31:50.578391,ground_truth,0.038213,0.434000,0.339187,True,,,,,,,,,-0.132207,0.708231,0.723894,0.008285,0.202457,0.191543,0.000000,0.010467,0.005228,0.089180,-0.672000,0.046646,-0.041248,-0.035904,-0.032576
1779676310617328197,2026-05-25T09:31:50.617354,ground_truth,0.037741,0.440000,0.343005,True,,,,,,,,,-0.132207,0.708231,0.723894,0.008285,0.202457,0.191543,0.000000,0.010467,0.005228,0.089180,-0.672000,0.046646,-0.041248,-0.035904,-0.032576
1779676310652603089,2026-05-25T09:31:50.652628,ground_truth,0.039315,0.420000,0.341319,True,,,,,,,,,-0.131386,0.700186,0.726693,0.008285,0.202457,0.191543,0.000000,0.010467,0.005228,0.089180,-0.672000,0.046646,-0.041248,-0.035904,-0.032576
1779676310704456453,2026-05-25T09:31:50.704478,ground_truth,0.038764,0.427000,0.341909,True,,,,,,,,,-0.130522,0.693068,0.729167,0.004796,0.204202,0.193291,0.000000,0.005228,0.008289,0.086100,-0.701820,0.049385,-0.040960,-0.036416,-0.031840
1779676310752732153,2026-05-25T09:31:50.752763,ground_truth,0.038213,0.434000,0.345811,True,,,,,,,,,-0.130522,0.693068,0.729167,0.000000,0.212493,0.215544,0.000000,0.002609,0.002609,0.075600,-0.697480,0.041998,-0.041632,-0.020224,-0.020992
1779676310794737707,2026-05-25T09:31:50.794767,ground_truth,0.041989,0.386000,0.341844,True,,,,,,,,,-0.129413,0.685301,0.731713,0.000000,0.212493,0.215544,0.000000,0.002609,0.002609,0.075600,-0.697480,0.041998,-0.041632,-0.020224,-0.020992
1779676310833688978,2026-05-25T09:31:50.833710,ground_truth,0.041439,0.393000,0.345802,True,,,,,,,,,-0.129413,0.685301,0.731713,0.000000,0.212493,0.215544,0.000000,0.002609,0.002609,0.075600,-0.697480,0.041998,-0.041632,-0.020224,-0.020992
1779676310884218649,2026-05-25T09:31:50.884241,ground_truth,0.039787,0.414000,0.350848,True,,,,,,,,,-0.128471,0.678382,0.733918,0.000000,0.212493,0.215544,0.000000,0.002609,0.002609,0.075600,-0.697480,0.041998,-0.041632,-0.020224,-0.020992
1779676310937187047,2026-05-25T09:31:50.937218,ground_truth,0.041989,0.386000,0.352017,True,,,,,,,,,-0.127460,0.670494,0.736316,0.000000,0.199400,0.196785,0.000000,0.000000,0.002609,-0.028140,-0.634480,0.059677,-0.041920,0.039360,0.016544
1779676310973934045,2026-05-25T09:31:50.973956,ground_truth,0.041439,0.393000,0.352561,True,,,,,,,,,-0.126620,0.663265,0.738576,0.000000,0.195911,0.195038,0.000000,0.002609,0.000000,0.038080,-0.636020,0.062084,-0.041920,0.037856,0.003584
1779676311013584961,2026-05-25T09:31:51.013612,ground_truth,0.042540,0.379000,0.351473,True,,,,,,,,,-0.126620,0.663265,0.738576,0.001744,0.191108,0.191543,0.000000,0.000000,0.002609,0.108500,-0.647780,0.060175,-0.042368,0.032672,-0.026560
1779676311057809064,2026-05-25T09:31:51.057828,ground_truth,0.042540,0.379000,0.354876,True,,,,,,,,,-0.125698,0.655284,0.741227,0.006540,0.189364,0.188056,0.000000,0.000000,0.007847,0.110040,-0.619360,0.055610,-0.042528,0.024000,-0.033344
1779676311093923717,2026-05-25T09:31:51.093944,ground_truth,0.045293,0.344000,0.352213,True,,,,,,,,,-0.125698,0.655284,0.741227,0.010029,0.186313,0.180636,0.000000,0.000000,0.010898,0.091420,-0.579600,0.053535,-0.042528,0.006752,-0.028736
1779676311131567242,2026-05-25T09:31:51.131595,ground_truth,0.041838,0.344000,0.352213,True,,,,,,,,,-0.125182,0.647162,0.744114,0.009598,0.181511,0.180205,0.000000,0.002609,0.010898,0.089180,-0.602000,0.052622,-0.042528,0.000672,-0.031168
1779676311183630903,2026-05-25T09:31:51.183653,ground_truth,0.040759,0.358000,0.353278,True,,,,,,,,,-0.124949,0.639724,0.746379,0.008285,0.174533,0.178458,0.000000,0.002609,0.007847,0.086100,-0.648200,0.054863,-0.042528,-0.012864,-0.031904
1779676311239544103,2026-05-25T09:31:51.239565,ground_truth,0.041838,0.344000,0.352213,True,,,,,,,,,-0.124841,0.632782,0.748147,0.006540,0.173219,0.171037,0.000000,0.000000,0.005670,0.084840,-0.572460,0.051958,-0.042528,-0.019488,-0.029888
1779676311277070154,2026-05-25T09:31:51.277093,ground_truth,0.038383,0.344000,0.352213,True,,,,,,,,,-0.124841,0.632782,0.748147,0.003051,0.169730,0.171037,0.000000,0.000000,0.002609,0.086380,-0.599480,0.061586,-0.042528,-0.018592,-0.030464
1779676311317055392,2026-05-25T09:31:51.317075,ground_truth,0.036033,0.329000,0.351072,True,,,,,,,,,-0.124932,0.624488,0.749600,0.003051,0.169730,0.171037,0.000000,0.000000,0.002609,0.086380,-0.599480,0.061586,-0.042528,-0.018592,-0.030464
1779676311355203909,2026-05-25T09:31:51.355219,ground_truth,0.037656,0.307000,0.345878,True,,,,,,,,,-0.124932,0.624488,0.749600,0.003051,0.169730,0.171037,0.000000,0.000000,0.002609,0.086380,-0.599480,0.061586,-0.042528,-0.018592,-0.030464
1779676311392481165,2026-05-25T09:31:51.392506,ground_truth,0.038172,0.300000,0.345334,True,,,,,,,,,-0.124876,0.615192,0.750742,0.003051,0.169730,0.171037,0.000000,0.000000,0.002609,0.086380,-0.599480,0.061586,-0.042528,-0.018592,-0.030464
1779676311445589186,2026-05-25T09:31:51.445606,ground_truth,0.034645,0.300000,0.345334,True,,,,,,,,,-0.124827,0.606239,0.751466,0.016576,0.173219,0.171037,0.000000,0.000000,0.016137,-0.108080,-0.573160,0.076194,-0.043744,0.007136,0.029504
1779676311493074194,2026-05-25T09:31:51.493092,ground_truth,0.034645,0.300000,0.345334,True,,,,,,,,,-0.124827,0.606239,0.751466,0.016576,0.173219,0.171037,0.000000,0.000000,0.016137,-0.108080,-0.573160,0.076194,-0.043744,0.007136,0.029504
1779676311532279617,2026-05-25T09:31:51.532309,ground_truth,0.035221,0.292000,0.344712,True,,,,,,,,,-0.124492,0.596496,0.751856,0.016576,0.173219,0.171037,0.000000,0.000000,0.016137,-0.108080,-0.573160,0.076194,-0.043744,0.007136,0.029504
1779676311572464208,2026-05-25T09:31:51.572478,ground_truth,0.034645,0.300000,0.341801,True,,,,,,,,,-0.124118,0.587150,0.751985,0.016576,0.173219,0.171037,0.000000,0.000000,0.016137,-0.108080,-0.573160,0.076194,-0.043744,0.007136,0.029504
1779676311610944928,2026-05-25T09:31:51.610964,ground_truth,0.035221,0.292000,0.341166,True,,,,,,,,,-0.124118,0.587150,0.751985,0.016576,0.173219,0.171037,0.000000,0.000000,0.016137,-0.108080,-0.573160,0.076194,-0.043744,0.007136,0.029504
1779676311652399376,2026-05-25T09:31:51.652426,ground_truth,0.035726,0.285000,0.340611,True,,,,,,,,,-0.123576,0.577186,0.751533,0.029231,0.171475,0.163186,0.000000,0.008289,0.027045,-0.101640,-0.555100,0.067396,-0.045248,-0.041184,0.033280
1779676311700550471,2026-05-25T09:31:51.700582,ground_truth,0.038172,0.300000,0.341801,True,,,,,,,,,-0.123576,0.577186,0.751533,0.029231,0.171475,0.161877,0.000000,0.007847,0.029665,-0.089180,-0.533120,0.058349,-0.045376,-0.041088,0.035232
1779676311746656878,2026-05-25T09:31:51.746692,ground_truth,0.039868,0.277000,0.339976,True,,,,,,,,,-0.123019,0.567755,0.750908,0.029231,0.169730,0.163624,0.000000,0.007847,0.029665,-0.107520,-0.561400,0.070550,-0.045824,-0.041024,0.036416
1779676311786045116,2026-05-25T09:31:51.786071,ground_truth,0.044639,0.261000,0.338706,True,,,,,,,,,-0.122447,0.557819,0.749901,0.030976,0.174533,0.163624,0.000000,0.013517,0.029665,-0.101640,-0.557620,0.066234,-0.046592,-0.039520,0.039072
1779676311831378784,2026-05-25T09:31:51.831413,ground_truth,0.042302,0.292000,0.344712,True,,,,,,,,,-0.122447,0.557819,0.749901,0.029669,0.181511,0.163624,0.000000,0.016137,0.029665,-0.114940,-0.529060,0.069886,-0.047040,-0.037184,0.034080
1779676311875023052,2026-05-25T09:31:51.875052,ground_truth,0.043433,0.277000,0.343546,True,,,,,,,,,-0.122160,0.547939,0.748703,0.029669,0.178022,0.161877,0.000000,0.019198,0.029665,-0.100380,-0.524440,0.068807,-0.047488,-0.038016,0.032960
1779676311913762928,2026-05-25T09:31:51.913790,ground_truth,0.044036,0.269000,0.342924,True,,,,,,,,,-0.122009,0.538819,0.747585,0.026174,0.176708,0.157951,0.000000,0.021375,0.024426,-0.097580,-0.557060,0.072210,-0.047488,-0.042240,0.032512
1779676311969950151,2026-05-25T09:31:51.969969,ground_truth,0.046373,0.238000,0.340515,True,,,,,,,,,-0.122076,0.530938,0.746596,0.022685,0.176277,0.154457,0.000000,0.021375,0.021375,-0.109340,-0.514220,0.072210,-0.047488,-0.043968,0.032960
1779676312005948876,2026-05-25T09:31:52.005975,ground_truth,0.045770,0.246000,0.337516,True,,,,,,,,,-0.122076,0.530938,0.746596,0.020940,0.174533,0.154018,0.000000,0.021375,0.021375,-0.098140,-0.504000,0.067396,-0.047488,-0.040128,0.031616
1779676312041253136,2026-05-25T09:31:52.041280,ground_truth,0.047579,0.222000,0.335611,True,,,,,,,,,-0.122672,0.522467,0.745519,0.018320,0.169730,0.154018,0.000000,0.018756,0.018756,-0.108080,-0.525700,0.061586,-0.047488,-0.040256,0.033344
1779676312080319813,2026-05-25T09:31:52.080345,ground_truth,0.045770,0.246000,0.337516,True,,,,,,,,,-0.122672,0.522467,0.745519,0.014831,0.171475,0.157951,0.000000,0.013517,0.013517,-0.101360,-0.523880,0.067230,-0.047488,-0.036192,0.033280
1779676312119437780,2026-05-25T09:31:52.119459,ground_truth,0.046373,0.238000,0.336881,True,,,,,,,,,-0.123601,0.513845,0.744418,0.014831,0.174964,0.165364,0.000000,0.005228,0.013517,-0.092960,-0.485100,0.056440,-0.047424,-0.036640,0.035904
1779676312158496021,2026-05-25T09:31:52.158514,ground_truth,0.051235,0.222000,0.335611,True,,,,,,,,,-0.123601,0.513845,0.744418,0.013087,0.178022,0.178019,0.000000,0.000000,0.010467,-0.080780,-0.513940,0.051626,-0.047424,-0.034464,0.035680
1779676312204977259,2026-05-25T09:31:52.205007,ground_truth,0.055702,0.164000,0.331008,True,,,,,,,,,-0.124921,0.505301,0.743293,0.013087,0.183255,0.189365,0.000000,0.002609,0.010898,-0.085820,-0.519540,0.045069,-0.047200,-0.009760,0.034688
1779676312246860969,2026-05-25T09:31:52.246887,ground_truth,0.053776,0.189000,0.329278,True,,,,,,,,,-0.126385,0.497818,0.742269,0.014831,0.191108,0.200272,0.000000,0.005228,0.013517,-0.097300,-0.526680,0.040421,-0.047424,0.039680,0.035136
1779676312299252679,2026-05-25T09:31:52.299278,ground_truth,0.055519,0.214000,0.331303,True,,,,,,,,,-0.126385,0.497818,0.742269,0.017889,0.201144,0.222964,0.000000,0.024426,0.018756,-0.106260,-0.503440,0.040255,-0.047424,0.037792,0.033184
1779676312339598305,2026-05-25T09:31:52.339625,ground_truth,0.056149,0.206000,0.330655,True,,,,,,,,,-0.128244,0.489020,0.741150,0.019634,0.201144,0.230377,0.000000,0.024426,0.018756,-0.113120,-0.497420,0.053535,-0.047424,0.038016,0.033344
1779676312377065906,2026-05-25T09:31:52.377090,ground_truth,0.054890,0.222000,0.331951,True,,,,,,,,,-0.129850,0.481371,0.740198,0.020940,0.205946,0.236050,0.000000,0.029665,0.021807,-0.110040,-0.495040,0.041334,-0.047424,0.040128,0.031520
1779676312431747705,2026-05-25T09:31:52.431783,ground_truth,0.054890,0.222000,0.331951,True,,,,,,,,,-0.129850,0.481371,0.740198,0.026174,0.207253,0.241723,0.000000,0.037954,0.023995,-0.101920,-0.483280,0.033366,-0.047424,0.046816,0.032352
1779676312477702750,2026-05-25T09:31:52.477727,ground_truth,0.054890,0.222000,0.331951,True,,,,,,,,,-0.131567,0.472605,0.739194,0.027487,0.205946,0.250890,0.000000,0.040573,0.029665,-0.091980,-0.508340,0.045816,-0.047424,0.043968,0.033792
1779676312515595360,2026-05-25T09:31:52.515622,ground_truth,0.053631,0.238000,0.333247,True,,,,,,,,,-0.132946,0.465540,0.738250,0.027925,0.207691,0.253069,0.000000,0.042751,0.026614,-0.110320,-0.478240,0.032536,-0.047424,0.045024,0.033632
1779676312551244448,2026-05-25T09:31:52.551273,ground_truth,0.057486,0.189000,0.329278,True,,,,,,,,,-0.132946,0.465540,0.738250,0.027925,0.207691,0.253069,0.000000,0.042751,0.026614,-0.110320,-0.478240,0.032536,-0.047424,0.045024,0.033632
1779676312587038362,2026-05-25T09:31:52.587073,ground_truth,0.056149,0.206000,0.330655,True,,,,,,,,,-0.134432,0.457985,0.736967,0.027925,0.207691,0.253069,0.000000,0.042751,0.026614,-0.110320,-0.478240,0.032536,-0.047424,0.045024,0.033632
1779676312636477375,2026-05-25T09:31:52.636510,ground_truth,0.055519,0.214000,0.331303,True,,,,,,,,,-0.135646,0.451566,0.735852,0.029669,0.208997,0.253069,0.000000,0.043193,0.029665,-0.112420,-0.460600,0.028386,-0.047104,0.046752,0.034080
1779676312685645944,2026-05-25T09:31:52.685701,ground_truth,0.059453,0.164000,0.327253,True,,,,,,,,,-0.135646,0.451566,0.735852,0.031414,0.208997,0.261798,0.000000,0.053659,0.029665,-0.092260,-0.442680,0.041832,-0.047200,0.046368,0.036064
1779676312736410872,2026-05-25T09:31:52.736444,ground_truth,0.061498,0.138000,0.325146,True,,,,,,,,,-0.136999,0.445157,0.734771,0.031414,0.208997,0.261798,0.000000,0.053659,0.029665,-0.092260,-0.442680,0.041832,-0.047200,0.046368,0.036064
1779676312776887087,2026-05-25T09:31:52.776911,ground_truth,0.059453,0.164000,0.323497,True,,,,,,,,,-0.138259,0.439591,0.733785,0.031414,0.208997,0.261798,0.000000,0.053659,0.029665,-0.092260,-0.442680,0.041832,-0.047200,0.046368,0.036064
1779676312816878471,2026-05-25T09:31:52.816902,ground_truth,0.057486,0.189000,0.325563,True,,,,,,,,,-0.138259,0.439591,0.733785,0.029231,0.207253,0.260050,0.000000,0.053659,0.029665,-0.113400,-0.419300,0.041666,-0.047360,0.047264,0.033408
1779676312861208800,2026-05-25T09:31:52.861232,ground_truth,0.069364,0.038000,0.309121,True,,,,,,,,,-0.139441,0.432845,0.732602,0.008285,0.176708,0.221217,0.000000,0.045812,0.008289,-0.078400,-0.412860,0.033781,-0.049760,0.041312,0.031072
1779676312909249433,2026-05-25T09:31:52.909275,ground_truth,0.061838,0.181000,0.317446,True,,,,,,,,,-0.140248,0.428239,0.731795,0.001744,0.176277,0.219470,0.000000,0.043193,0.000000,-0.078400,-0.383040,0.051128,-0.049920,0.037856,0.029952
1779676312972396333,2026-05-25T09:31:52.972412,ground_truth,0.066014,0.129000,0.309164,True,,,,,,,,,-0.140631,0.424689,0.730973,0.003051,0.171475,0.213797,0.000000,0.040573,0.000000,0.080220,-0.388640,0.065072,-0.050496,0.039680,-0.007968
1779676313028328496,2026-05-25T09:31:53.028359,ground_truth,0.065291,0.138000,0.306154,True,,,,,,,,,-0.140631,0.424689,0.730973,0.016138,0.169730,0.206384,0.000000,0.037954,0.018756,0.102480,-0.393680,0.053369,-0.050816,0.040800,-0.026944
1779676313081210629,2026-05-25T09:31:53.081239,ground_truth,0.070518,0.120500,0.300765,True,,,,,,,,,-0.141788,0.420387,0.728720,0.024867,0.170168,0.202458,0.000000,0.035335,0.024426,0.104160,-0.371280,0.049551,-0.051264,0.041312,-0.029952
1779676313130269971,2026-05-25T09:31:53.130295,ground_truth,0.068347,0.147000,0.295606,True,,,,,,,,,-0.142746,0.416259,0.726709,0.030976,0.163621,0.195038,0.000000,0.032284,0.032284,0.101640,-0.380240,0.058017,-0.051712,0.035840,-0.031744
1779676313197108222,2026-05-25T09:31:53.197138,ground_truth,0.065561,0.181000,0.295079,True,,,,,,,,,-0.143619,0.412039,0.724539,0.034465,0.164928,0.191112,0.000000,0.029234,0.034903,0.114660,-0.360220,0.044737,-0.051712,0.032672,-0.034400
1779676313248666450,2026-05-25T09:31:53.248696,ground_truth,0.075803,0.103000,0.279895,True,,,,,,,,,-0.144348,0.407767,0.722326,0.035778,0.168424,0.193291,0.000000,0.026614,0.034903,0.103180,-0.344960,0.047144,-0.051872,0.036864,-0.032064
1779676313293728932,2026-05-25T09:31:53.293758,ground_truth,0.072125,0.147000,0.284255,True,,,,,,,,,-0.144348,0.407767,0.722326,0.034034,0.163184,0.189804,0.000000,0.027045,0.035335,0.089460,-0.340340,0.046978,-0.051872,0.036128,-0.035072
1779676313352384618,2026-05-25T09:31:53.352409,ground_truth,0.076729,0.181000,0.280167,True,,,,,,,,,-0.145791,0.401724,0.718472,0.034034,0.158388,0.182383,0.000000,0.024426,0.035335,0.110880,-0.322980,0.064657,-0.052160,0.034176,-0.033344
1779676313393378794,2026-05-25T09:31:53.393398,ground_truth,0.077510,0.172000,0.275504,True,,,,,,,,,-0.147219,0.396123,0.714762,0.032283,0.151841,0.176272,0.000000,0.023995,0.034903,0.104160,-0.330400,0.077605,-0.052768,0.037472,-0.036192
1779676313448069382,2026-05-25T09:31:53.448097,ground_truth,0.082753,0.155000,0.269965,True,,,,,,,,,-0.148787,0.391028,0.710703,0.030976,0.143988,0.167112,0.000000,0.023995,0.029665,0.090160,-0.303100,0.072044,-0.052928,0.037120,-0.035968
1779676313490284265,2026-05-25T09:31:53.490310,ground_truth,0.080451,0.181000,0.272712,True,,,,,,,,,-0.148787,0.391028,0.710703,0.030976,0.143988,0.167112,0.000000,0.023995,0.029665,0.090160,-0.303100,0.072044,-0.052928,0.037120,-0.035968
1779676313529026107,2026-05-25T09:31:53.529045,ground_truth,0.081248,0.172000,0.268018,True,,,,,,,,,-0.150959,0.386345,0.705384,0.030976,0.143988,0.167112,0.000000,0.023995,0.029665,0.090160,-0.303100,0.072044,-0.052928,0.037120,-0.035968
1779676313570474224,2026-05-25T09:31:53.570493,ground_truth,0.081248,0.172000,0.268018,True,,,,,,,,,-0.152993,0.382955,0.700130,0.030976,0.123917,0.146606,0.000000,0.018756,0.029665,0.098560,-0.287280,0.074700,-0.053216,0.031904,-0.034784
1779676313616360463,2026-05-25T09:31:53.616385,ground_truth,0.085054,0.129000,0.259591,True,,,,,,,,,-0.152993,0.382955,0.700130,0.029231,0.123917,0.143111,0.000000,0.018756,0.029665,0.096600,-0.299040,0.075862,-0.053216,0.033344,-0.034464
1779676313655487624,2026-05-25T09:31:53.655513,ground_truth,0.093640,0.076000,0.253818,True,,,,,,,,,-0.155563,0.381355,0.693596,0.029231,0.119552,0.137877,0.000000,0.018756,0.029665,0.100100,-0.284200,0.074866,-0.053504,0.036640,-0.036416
1779676313714450557,2026-05-25T09:31:53.714468,ground_truth,0.092828,0.085000,0.254798,True,,,,,,,,,-0.158002,0.379667,0.687950,0.024867,0.109517,0.126531,0.000000,0.016137,0.024426,0.098560,-0.269640,0.068143,-0.053664,0.036064,-0.036800
1779676313756457274,2026-05-25T09:31:53.756484,ground_truth,0.091206,0.103000,0.252903,True,,,,,,,,,-0.158002,0.379667,0.687950,0.023122,0.104714,0.122605,0.000000,0.019198,0.024426,0.085820,-0.274260,0.074617,-0.053984,0.036640,-0.033728
1779676313794255796,2026-05-25T09:31:53.794280,ground_truth,0.087239,0.147000,0.257769,True,,,,,,,,,-0.160648,0.375778,0.682246,0.023122,0.094679,0.119118,0.000000,0.021375,0.021807,0.084560,-0.273000,0.081340,-0.053664,0.038144,-0.031680
1779676313835290673,2026-05-25T09:31:53.835315,ground_truth,0.086518,0.155000,0.254883,True,,,,,,,,,-0.160648,0.375778,0.682246,0.021378,0.085081,0.117371,0.000000,0.029665,0.021375,0.085120,-0.254800,0.086652,-0.053664,0.039584,-0.032224
1779676313877868444,2026-05-25T09:31:53.877893,ground_truth,0.089583,0.121000,0.251067,True,,,,,,,,,-0.162850,0.371500,0.677444,0.021378,0.085081,0.117371,0.000000,0.029665,0.021375,0.085120,-0.254800,0.086652,-0.053664,0.039584,-0.032224
1779676313915772626,2026-05-25T09:31:53.915801,ground_truth,0.092017,0.094000,0.244166,True,,,,,,,,,-0.165436,0.368470,0.671939,0.021378,0.085081,0.117371,0.000000,0.029665,0.021375,0.085120,-0.254800,0.086652,-0.053664,0.039584,-0.032224
1779676313966593123,2026-05-25T09:31:53.966631,ground_truth,0.088862,0.129000,0.248152,True,,,,,,,,,-0.165436,0.368470,0.671939,0.021378,0.083336,0.115185,0.000000,0.032284,0.021807,0.094220,-0.251300,0.080012,-0.053664,0.040032,-0.033184
1779676314008018415,2026-05-25T09:31:54.008042,ground_truth,0.084985,0.172000,0.253048,True,,,,,,,,,-0.167537,0.366189,0.667492,0.021378,0.083336,0.115185,0.000000,0.032284,0.021807,0.094220,-0.251300,0.080012,-0.053664,0.040032,-0.033184
1779676314049824014,2026-05-25T09:31:54.049848,ground_truth,0.094541,0.066000,0.240978,True,,,,,,,,,-0.169455,0.363565,0.663070,0.021378,0.083336,0.115185,0.000000,0.032284,0.021807,0.094220,-0.251300,0.080012,-0.053664,0.040032,-0.033184
1779676314096431532,2026-05-25T09:31:54.096457,ground_truth,0.092670,0.129000,0.244338,True,,,,,,,,,-0.169455,0.363565,0.663070,0.026174,0.076790,0.128278,0.000000,0.051040,0.027045,0.097020,-0.263480,0.083581,-0.053600,0.044640,-0.035520
1779676314136532686,2026-05-25T09:31:54.136561,ground_truth,0.090283,0.155000,0.243571,True,,,,,,,,,-0.171192,0.359786,0.659085,0.034034,0.086388,0.165364,0.000000,0.078096,0.034903,0.114660,-0.255360,0.062582,-0.051776,0.043744,-0.033120
1779676314183056056,2026-05-25T09:31:54.183128,ground_truth,0.096708,0.085000,0.235371,True,,,,,,,,,-0.172343,0.356317,0.656142,0.036209,0.088139,0.168859,0.000000,0.081158,0.034903,0.111580,-0.243600,0.062582,-0.051648,0.046592,-0.034848
1779676314224933203,2026-05-25T09:31:54.224957,ground_truth,0.096478,0.129000,0.236712,True,,,,,,,,,-0.172343,0.356317,0.656142,0.036209,0.088139,0.168859,0.000000,0.081158,0.034903,0.111580,-0.243600,0.062582,-0.051648,0.046592,-0.034848
1779676314269199805,2026-05-25T09:31:54.269222,ground_truth,0.098907,0.103000,0.233623,True,,,,,,,,,-0.173865,0.351962,0.652773,0.036209,0.088139,0.168859,0.000000,0.081158,0.034903,0.111580,-0.243600,0.062582,-0.051648,0.046592,-0.034848
1779676314308208211,2026-05-25T09:31:54.308240,ground_truth,0.103205,0.057000,0.228159,True,,,,,,,,,-0.175092,0.347748,0.650264,0.060207,0.070243,0.195038,0.000000,0.126528,0.061949,0.125860,-0.211680,0.053535,-0.050592,0.050208,-0.037184
1779676314347249963,2026-05-25T09:31:54.347277,ground_truth,0.098066,0.112000,0.230851,True,,,,,,,,,-0.175092,0.347748,0.650264,0.065010,0.058463,0.195038,0.000000,0.137436,0.067188,0.150220,-0.190960,0.048389,-0.050592,0.046080,-0.038848
1779676314388568225,2026-05-25T09:31:54.388601,ground_truth,0.095637,0.138000,0.233982,True,,,,,,,,,-0.176275,0.343901,0.647077,0.075045,0.041012,0.193291,0.000000,0.153584,0.072857,0.140700,-0.168280,0.055776,-0.050432,0.056672,-0.040576
1779676314450375290,2026-05-25T09:31:54.450393,ground_truth,0.098907,0.103000,0.225911,True,,,,,,,,,-0.177196,0.342227,0.644126,0.086825,0.013087,0.185870,0.000000,0.172351,0.083766,0.131320,-0.159880,0.066234,-0.050496,0.052608,-0.040352
1779676314493159108,2026-05-25T09:31:54.493176,ground_truth,0.104980,0.038000,0.217976,True,,,,,,,,,-0.177196,0.342227,0.644126,0.091190,0.003051,0.180636,0.000000,0.177579,0.089005,0.147560,-0.161420,0.049053,-0.050496,0.058400,-0.043264
1779676314537568031,2026-05-25T09:31:54.537607,ground_truth,0.096198,0.172000,0.234334,True,,,,,,,,,-0.178650,0.342508,0.640636,0.096423,0.000000,0.180205,0.000000,0.180640,0.096863,0.145880,-0.071260,0.055361,-0.050496,0.060064,-0.040416
1779676314577799032,2026-05-25T09:31:54.577824,ground_truth,0.114451,-0.020000,0.210896,True,,,,,,,,,-0.179639,0.341008,0.638292,0.097736,0.001744,0.178458,0.000000,0.180198,0.096863,0.162120,-0.011060,0.053701,-0.050496,0.058560,-0.041248
1779676314623591471,2026-05-25T09:31:54.623636,ground_truth,0.106275,0.066000,0.217478,True,,,,,,,,,-0.179639,0.341008,0.638292,0.099919,0.000000,0.178458,0.000000,0.178021,0.099482,0.136080,-0.012600,0.053867,-0.050816,0.055488,-0.041856
1779676314665854356,2026-05-25T09:31:54.665881,ground_truth,0.098574,0.147000,0.223715,True,,,,,,,,,-0.180166,0.337867,0.637372,0.097736,0.001744,0.178458,0.000000,0.175401,0.096863,0.140000,-0.193340,0.047144,-0.050816,0.048768,-0.040128
1779676314716765397,2026-05-25T09:31:54.716801,ground_truth,0.098574,0.147000,0.223715,True,,,,,,,,,-0.181050,0.336643,0.635393,0.096423,0.014831,0.174532,0.000000,0.159254,0.094244,0.128940,-0.204820,0.048887,-0.051552,0.055328,-0.038016
1779676314757541744,2026-05-25T09:31:54.757567,ground_truth,0.102758,0.103000,0.214343,True,,,,,,,,,-0.181050,0.336643,0.635393,0.092934,0.014831,0.169290,0.000000,0.156203,0.094244,0.130760,-0.173180,0.057851,-0.052608,0.051424,-0.038304
1779676314798318722,2026-05-25T09:31:54.798340,ground_truth,0.102853,0.102000,0.214216,True,,,,,,,,,-0.182275,0.337369,0.632348,0.091628,0.011342,0.161877,0.000000,0.153584,0.091624,0.124600,-0.176680,0.062831,-0.052768,0.051872,-0.038528
1779676314840924062,2026-05-25T09:31:54.840949,ground_truth,0.101046,0.121000,0.208976,True,,,,,,,,,-0.183168,0.337345,0.629619,0.084643,0.011342,0.154457,0.000000,0.145295,0.086386,0.134540,-0.179480,0.069305,-0.052480,0.051872,-0.040480
1779676314887331508,2026-05-25T09:31:54.887363,ground_truth,0.104094,0.129000,0.206205,True,,,,,,,,,-0.183168,0.337345,0.629619,0.083336,0.013087,0.150531,0.000000,0.140056,0.083766,0.129220,-0.179480,0.071380,-0.052480,0.047648,-0.041024
1779676314939969567,2026-05-25T09:31:54.940011,ground_truth,0.110187,0.066000,0.197894,True,,,,,,,,,-0.184197,0.335491,0.626110,0.075045,0.017889,0.143111,0.000000,0.123908,0.075477,0.138180,-0.198380,0.065238,-0.053216,0.050816,-0.038304
1779676314982281878,2026-05-25T09:31:54.982313,ground_truth,0.108349,0.085000,0.196515,True,,,,,,,,,-0.185185,0.334747,0.623171,0.071994,0.026174,0.141371,0.000000,0.113000,0.072426,0.109060,-0.212940,0.068143,-0.053216,0.048480,-0.035840
1779676315029371608,2026-05-25T09:31:55.029396,ground_truth,0.106608,0.103000,0.195063,True,,,,,,,,,-0.185185,0.334747,0.623171,0.066754,0.035778,0.141371,0.000000,0.105152,0.067188,0.124180,-0.220640,0.076028,-0.053216,0.043744,-0.037184
1779676315068800624,2026-05-25T09:31:55.068827,ground_truth,0.113114,0.076000,0.187512,True,,,,,,,,,-0.185992,0.333036,0.619216,0.063703,0.042318,0.137438,0.000000,0.091624,0.062391,0.107520,-0.209440,0.064657,-0.053216,0.048768,-0.035456
1779676315110985736,2026-05-25T09:31:55.111010,ground_truth,0.113410,0.112000,0.192439,True,,,,,,,,,-0.186953,0.331717,0.615963,0.060207,0.045814,0.137438,0.000000,0.091624,0.061949,0.119280,-0.204820,0.075862,-0.053216,0.043584,-0.036416
1779676315149943169,2026-05-25T09:31:55.149968,ground_truth,0.109910,0.147000,0.193445,True,,,,,,,,,-0.186953,0.331717,0.615963,0.060207,0.045814,0.137438,0.000000,0.091624,0.061949,0.119280,-0.204820,0.075862,-0.053216,0.043584,-0.036416
1779676315196177722,2026-05-25T09:31:55.196207,ground_truth,0.113410,0.112000,0.188598,True,,,,,,,,,-0.188572,0.330599,0.611707,0.060207,0.045814,0.137438,0.000000,0.091624,0.061949,0.119280,-0.204820,0.075862,-0.053216,0.043584,-0.036416
1779676315239995646,2026-05-25T09:31:55.240019,ground_truth,0.114309,0.103000,0.187351,True,,,,,,,,,-0.189577,0.330409,0.608574,0.053667,0.024429,0.115623,0.000000,0.091624,0.053659,0.116200,-0.147560,0.071712,-0.053984,0.041088,-0.035584
1779676315280228668,2026-05-25T09:31:55.280252,ground_truth,0.112510,0.121000,0.186018,True,,,,,,,,,-0.189577,0.330409,0.608574,0.053667,0.011342,0.107772,0.000000,0.096863,0.053659,0.123060,-0.130480,0.073621,-0.054112,0.045376,-0.035840
1779676315318633647,2026-05-25T09:31:55.318663,ground_truth,0.118160,0.103000,0.183495,True,,,,,,,,,-0.190911,0.331932,0.604426,0.053667,0.000000,0.098604,0.000000,0.099914,0.051482,0.109060,-0.136920,0.076360,-0.054560,0.042912,-0.038528
1779676315365227339,2026-05-25T09:31:55.365251,ground_truth,0.114603,0.138000,0.188400,True,,,,,,,,,-0.190911,0.331932,0.604426,0.049303,0.003489,0.087266,0.000000,0.091624,0.048432,0.116480,0.011340,0.091466,-0.055776,0.042080,-0.032736
1779676315406782817,2026-05-25T09:31:55.406807,ground_truth,0.118160,0.103000,0.183495,True,,,,,,,,,-0.192721,0.331326,0.599988,0.045814,0.003051,0.080284,0.000000,0.083766,0.045812,0.118300,0.025620,0.103750,-0.055776,0.039808,-0.035136
1779676315457001008,2026-05-25T09:31:55.457026,ground_truth,0.114603,0.138000,0.188400,True,,,,,,,,,-0.194301,0.328739,0.596761,0.045814,0.001744,0.070686,0.000000,0.070249,0.045812,0.100100,0.009800,0.095782,-0.055776,0.042592,-0.035680
1779676315498025794,2026-05-25T09:31:55.498051,ground_truth,0.118160,0.103000,0.183495,True,,,,,,,,,-0.194301,0.328739,0.596761,0.044069,0.001744,0.070686,0.000000,0.069807,0.045812,0.094500,0.014140,0.094122,-0.055488,0.041312,-0.034304
1779676315536503348,2026-05-25T09:31:55.536530,ground_truth,0.111147,0.172000,0.193165,True,,,,,,,,,-0.196043,0.328344,0.593438,0.044069,0.001744,0.070686,0.000000,0.069807,0.045812,0.094500,0.014140,0.094122,-0.055488,0.041312,-0.034304
1779676315575862492,2026-05-25T09:31:55.575888,ground_truth,0.111710,0.129000,0.183326,True,,,,,,,,,-0.197275,0.329588,0.591298,0.044069,0.001744,0.070686,0.000000,0.069807,0.045812,0.094500,0.014140,0.094122,-0.055488,0.041312,-0.034304
1779676315612857210,2026-05-25T09:31:55.612882,ground_truth,0.109910,0.147000,0.185878,True,,,,,,,,,-0.197275,0.329588,0.591298,0.042756,0.000000,0.068938,0.000000,0.067188,0.043193,0.102480,0.023800,0.098023,-0.055488,0.040800,-0.036512
1779676315656891076,2026-05-25T09:31:55.656917,ground_truth,0.112510,0.121000,0.182191,True,,,,,,,,,-0.197204,0.332466,0.590002,0.044069,0.026174,0.066752,0.000000,0.096863,0.045812,0.112420,0.075320,0.086652,-0.054496,0.041696,-0.035072
1779676315720658002,2026-05-25T09:31:55.720682,ground_truth,0.113410,0.112000,0.180915,True,,,,,,,,,-0.197731,0.334952,0.589255,0.045814,0.032720,0.076351,0.000000,0.105152,0.043193,0.099400,0.062300,0.080012,-0.054208,0.049312,-0.038848
1779676315763323944,2026-05-25T09:31:55.763345,ground_truth,0.112510,0.121000,0.182191,True,,,,,,,,,-0.197731,0.334952,0.589255,0.044069,0.027925,0.083333,0.000000,0.110822,0.045812,0.122640,0.060060,0.072625,-0.053152,0.049984,-0.033184
1779676315816141548,2026-05-25T09:31:55.816165,ground_truth,0.113410,0.112000,0.180915,True,,,,,,,,,-0.197639,0.338671,0.588192,0.042318,0.022685,0.092931,0.000000,0.115619,0.043193,0.122360,0.048580,0.070716,-0.053152,0.044256,-0.036064
1779676315851129693,2026-05-25T09:31:55.851150,ground_truth,0.109910,0.147000,0.189662,True,,,,,,,,,-0.197978,0.340249,0.586815,0.045814,0.021378,0.100352,0.000000,0.121300,0.045812,0.119560,0.056000,0.068807,-0.052832,0.050048,-0.036512
1779676315891559407,2026-05-25T09:31:55.891589,ground_truth,0.109910,0.147000,0.189662,True,,,,,,,,,-0.197978,0.340249,0.586815,0.047558,0.023122,0.100352,0.000000,0.123908,0.048432,0.129220,0.066920,0.067645,-0.053216,0.051264,-0.038688
1779676315938388876,2026-05-25T09:31:55.938419,ground_truth,0.108210,0.164000,0.192044,True,,,,,,,,,-0.197363,0.342568,0.587305,0.047558,0.023122,0.100352,0.000000,0.123908,0.048432,0.129220,0.066920,0.067645,-0.053216,0.051264,-0.038688
1779676315978842296,2026-05-25T09:31:55.978867,ground_truth,0.115209,0.094000,0.182234,True,,,,,,,,,-0.197065,0.344644,0.587935,0.047558,0.023122,0.100352,0.000000,0.123908,0.048432,0.129220,0.066920,0.067645,-0.053216,0.051264,-0.038688
1779676316020553382,2026-05-25T09:31:56.020587,ground_truth,0.113410,0.112000,0.184756,True,,,,,,,,,-0.197065,0.344644,0.587935,0.048865,0.024429,0.100790,0.000000,0.126528,0.048432,0.120540,0.067200,0.072625,-0.053216,0.044032,-0.037408
1779676316058031556,2026-05-25T09:31:56.058056,ground_truth,0.113410,0.112000,0.184756,True,,,,,,,,,-0.196793,0.347839,0.587359,0.054105,0.047558,0.087697,0.000000,0.132208,0.054101,0.110880,0.110880,0.074285,-0.053216,0.054272,-0.037408
1779676316099181598,2026-05-25T09:31:56.099206,ground_truth,0.109910,0.147000,0.189662,True,,,,,,,,,-0.196793,0.347839,0.587359,0.055412,0.051923,0.085519,0.000000,0.137436,0.054101,0.114940,0.109620,0.072957,-0.053216,0.048384,-0.039680
1779676316137019112,2026-05-25T09:31:56.137049,ground_truth,0.116109,0.085000,0.180972,True,,,,,,,,,-0.196866,0.346987,0.587513,0.055412,0.051923,0.085519,0.000000,0.137436,0.054101,0.114940,0.109620,0.072957,-0.053216,0.048384,-0.039680
1779676316172848914,2026-05-25T09:31:56.172872,ground_truth,0.115209,0.094000,0.182234,True,,,,,,,,,-0.195476,0.348731,0.587457,0.055412,0.051923,0.085519,0.000000,0.137436,0.054101,0.114940,0.109620,0.072957,-0.053216,0.048384,-0.039680
1779676316217658037,2026-05-25T09:31:56.217681,ground_truth,0.109910,0.147000,0.193445,True,,,,,,,,,-0.195476,0.348731,0.587457,0.055412,0.055849,0.082024,0.000000,0.140498,0.056721,0.127960,0.089880,0.077273,-0.053216,0.045920,-0.038400
1779676316259132522,2026-05-25T09:31:56.259157,ground_truth,0.112510,0.121000,0.189844,True,,,,,,,,,-0.194894,0.348417,0.587334,0.070243,0.052354,0.082024,0.000000,0.134386,0.070249,0.126420,0.067480,0.065072,-0.053216,0.051200,-0.035520
1779676316302966612,2026-05-25T09:31:56.302993,ground_truth,0.109910,0.147000,0.197229,True,,,,,,,,,-0.195226,0.346075,0.587347,0.070243,0.048865,0.078098,0.000000,0.126528,0.070249,0.116480,0.064120,0.086486,-0.053504,0.052992,-0.038144
1779676316344885632,2026-05-25T09:31:56.344915,ground_truth,0.110810,0.138000,0.199796,True,,,,,,,,,-0.195226,0.346075,0.587347,0.067192,0.051047,0.070686,0.000000,0.118238,0.067188,0.118300,0.057540,0.086154,-0.054720,0.048096,-0.038624
1779676316382511870,2026-05-25T09:31:56.382536,ground_truth,0.109110,0.155000,0.205865,True,,,,,,,,,-0.196132,0.342976,0.589376,0.057156,0.054105,0.051919,0.000000,0.102533,0.056721,0.085120,0.067200,0.111137,-0.056224,0.047808,-0.029728
1779676316437655710,2026-05-25T09:31:56.437710,ground_truth,0.110810,0.138000,0.207393,True,,,,,,,,,-0.196132,0.342976,0.589376,0.039267,0.061958,0.027919,0.000000,0.089005,0.040573,0.103460,0.090160,0.123670,-0.057600,0.046752,-0.032448
1779676316480970663,2026-05-25T09:31:56.480997,ground_truth,0.105710,0.189000,0.214121,True,,,,,,,,,-0.196450,0.342048,0.591506,0.027925,0.070243,0.005666,0.000000,0.078096,0.026614,0.084000,0.091700,0.122425,-0.057440,0.041408,-0.034688
1779676316520767861,2026-05-25T09:31:56.520796,ground_truth,0.107410,0.172000,0.215621,True,,,,,,,,,-0.196272,0.343240,0.593624,0.027925,0.070243,0.005666,0.000000,0.078096,0.026614,0.084000,0.091700,0.122425,-0.057440,0.041408,-0.034688
1779676316568219413,2026-05-25T09:31:56.568244,ground_truth,0.110233,0.181000,0.216794,True,,,,,,,,,-0.196272,0.343240,0.593624,0.027925,0.070243,0.005666,0.000000,0.078096,0.026614,0.084000,0.091700,0.122425,-0.057440,0.041408,-0.034688
1779676316619352688,2026-05-25T09:31:56.619381,ground_truth,0.111147,0.172000,0.215621,True,,,,,,,,,-0.195635,0.346623,0.595576,0.022685,0.073738,0.000000,0.000000,0.075477,0.023995,0.085120,0.098140,0.122425,-0.057440,0.044032,-0.032512
1779676316660508263,2026-05-25T09:31:56.660531,ground_truth,0.106066,0.222000,0.225796,True,,,,,,,,,-0.195213,0.351081,0.598681,0.006540,0.065447,0.029666,0.000000,0.040573,0.005228,-0.088340,0.057540,0.308511,-0.056768,0.037472,0.023552
1779676316716146737,2026-05-25T09:31:56.716171,ground_truth,0.108607,0.197000,0.222580,True,,,,,,,,,-0.194771,0.354757,0.601666,0.014831,0.058901,0.031852,0.000000,0.027045,0.016137,-0.109060,0.050820,0.310503,-0.056448,0.035456,0.025952
1779676316761267525,2026-05-25T09:31:56.761293,ground_truth,0.106066,0.222000,0.229457,True,,,,,,,,,-0.194771,0.354757,0.601666,0.014831,0.058901,0.031852,0.000000,0.027045,0.016137,-0.109060,0.050820,0.310503,-0.056448,0.035456,0.025952
1779676316806251790,2026-05-25T09:31:56.806280,ground_truth,0.110233,0.181000,0.224250,True,,,,,,,,,-0.194351,0.360624,0.605008,0.014831,0.058901,0.031852,0.000000,0.027045,0.016137,-0.109060,0.050820,0.310503,-0.056448,0.035456,0.025952
1779676316848129166,2026-05-25T09:31:56.848152,ground_truth,0.103210,0.214000,0.232114,True,,,,,,,,,-0.193960,0.366722,0.608161,0.014831,0.058901,0.031852,0.000000,0.027045,0.016137,-0.109060,0.050820,0.310503,-0.056448,0.035456,0.025952
1779676316889233501,2026-05-25T09:31:56.889249,ground_truth,0.104010,0.206000,0.231111,True,,,,,,,,,-0.193960,0.366722,0.608161,0.016138,0.053667,0.033592,0.000000,0.021375,0.019198,-0.102480,0.041160,0.305025,-0.056448,0.036416,0.026624
1779676316928775155,2026-05-25T09:31:56.928818,ground_truth,0.101214,0.197000,0.233685,True,,,,,,,,,-0.193311,0.374798,0.611830,0.029669,0.030976,0.031852,0.000000,0.000000,0.029665,-0.101640,0.018200,0.279046,-0.053280,0.030016,0.036864
1779676316980882502,2026-05-25T09:31:56.980905,ground_truth,0.100329,0.206000,0.238485,True,,,,,,,,,-0.192612,0.382547,0.615321,0.026174,0.019196,0.013086,0.000000,0.005670,0.027045,-0.091140,0.008680,0.279295,-0.052096,0.032576,0.031456
1779676317016770689,2026-05-25T09:31:57.016790,ground_truth,0.095100,0.222000,0.240438,True,,,,,,,,,-0.192612,0.382547,0.615321,0.026174,0.013087,0.009599,0.000000,0.007847,0.027045,-0.078960,-0.002380,0.277386,-0.052096,0.031392,0.031296
1779676317052379949,2026-05-25T09:31:57.052405,ground_truth,0.088402,0.254000,0.247953,True,,,,,,,,,-0.191578,0.390829,0.619434,0.019634,0.000000,0.000000,0.000000,0.002609,0.021807,-0.092680,-0.065380,0.226673,-0.051488,0.031168,0.031840
1779676317093402094,2026-05-25T09:31:57.093420,ground_truth,0.089162,0.246000,0.246989,True,,,,,,,,,-0.191578,0.390829,0.619434,0.006540,0.024867,0.014833,0.000000,0.005228,0.007847,-0.081480,-0.253540,0.098023,-0.051552,-0.019936,0.031008
1779676317130177764,2026-05-25T09:31:57.130201,ground_truth,0.087041,0.230000,0.248710,True,,,,,,,,,-0.189935,0.399717,0.623866,0.000000,0.036209,0.017012,0.000000,0.024426,0.000000,-0.043680,-0.243880,0.100596,-0.051552,-0.039744,0.021600
1779676317176561999,2026-05-25T09:31:57.176612,ground_truth,0.087041,0.230000,0.248710,True,,,,,,,,,-0.188323,0.407960,0.627720,0.007853,0.044069,0.013086,0.000000,0.034903,0.008289,0.068740,-0.231840,0.101094,-0.051872,-0.039200,-0.018048
1779676317222517475,2026-05-25T09:31:57.222542,ground_truth,0.079757,0.230000,0.252357,True,,,,,,,,,-0.188323,0.407960,0.627720,0.019634,0.047120,0.000000,0.000000,0.051040,0.021807,0.104160,-0.216020,0.118856,-0.053216,-0.045760,-0.027776
1779676317262839206,2026-05-25T09:31:57.262857,ground_truth,0.079036,0.238000,0.253294,True,,,,,,,,,-0.186089,0.416438,0.631768,0.019634,0.044069,0.013086,0.000000,0.061949,0.018756,0.091980,-0.200480,0.287844,-0.054272,-0.044640,-0.027008
1779676317307052883,2026-05-25T09:31:57.307067,ground_truth,0.073990,0.254000,0.255168,True,,,,,,,,,-0.183639,0.423912,0.635577,0.013087,0.031414,0.039265,0.000000,0.072426,0.010898,0.073780,-0.176960,0.324281,-0.054880,-0.050432,-0.026560
1779676317345205148,2026-05-25T09:31:57.345234,ground_truth,0.073371,0.261000,0.259585,True,,,,,,,,,-0.183639,0.423912,0.635577,0.000000,0.017889,0.059771,0.000000,0.078096,0.000000,0.069720,-0.133840,0.341794,-0.055328,-0.045376,-0.022112
1779676317381913349,2026-05-25T09:31:57.381936,ground_truth,0.071082,0.246000,0.257852,True,,,,,,,,,-0.180418,0.431124,0.639460,0.004796,0.000000,0.078098,0.000000,0.078096,0.002609,-0.077700,-0.128940,0.337893,-0.055776,-0.046880,0.019200
1779676317419621929,2026-05-25T09:31:57.419646,ground_truth,0.069084,0.269000,0.260509,True,,,,,,,,,-0.180418,0.431124,0.639460,0.022685,0.016576,0.100352,0.000000,0.080716,0.023995,-0.085820,0.052640,0.344201,-0.055776,-0.049088,0.029440
1779676317471476612,2026-05-25T09:31:57.471498,ground_truth,0.061928,0.269000,0.264092,True,,,,,,,,,-0.176291,0.438307,0.643654,0.030976,0.036209,0.120858,0.002609,0.080716,0.029665,-0.120540,0.059500,0.355074,-0.055776,-0.049440,0.034464
1779676317513351414,2026-05-25T09:31:57.513375,ground_truth,0.057694,0.277000,0.265003,True,,,,,,,,,-0.172560,0.444229,0.647144,0.034034,0.045814,0.130025,0.000000,0.089005,0.034903,-0.102480,0.054740,0.368520,-0.055776,-0.051776,0.034080
1779676317561351012,2026-05-25T09:31:57.561374,ground_truth,0.054771,0.269000,0.267676,True,,,,,,,,,-0.172560,0.444229,0.647144,0.034034,0.057156,0.148784,0.000000,0.094244,0.034903,-0.109620,0.078400,0.375160,-0.056224,-0.049216,0.035008
1779676317615848848,2026-05-25T09:31:57.615882,ground_truth,0.051077,0.315000,0.272838,True,,,,,,,,,-0.167978,0.450672,0.650865,0.035778,0.067192,0.165364,0.000000,0.096863,0.034903,-0.096600,0.073780,0.365532,-0.056224,-0.052768,0.037344
1779676317652917260,2026-05-25T09:31:57.652940,ground_truth,0.049384,0.292000,0.270257,True,,,,,,,,,-0.163676,0.456605,0.654179,0.037523,0.078534,0.176710,0.000000,0.099482,0.037954,-0.110880,0.100380,0.374164,-0.056224,-0.046816,0.035744
1779676317710367795,2026-05-25T09:31:57.710391,ground_truth,0.049934,0.285000,0.269471,True,,,,,,,,,-0.159798,0.462308,0.656988,0.042318,0.097736,0.198964,0.000000,0.099914,0.043193,-0.111580,0.098560,0.377235,-0.056832,-0.051776,0.034464
1779676317748991191,2026-05-25T09:31:57.749036,ground_truth,0.049384,0.292000,0.270257,True,,,,,,,,,-0.159798,0.462308,0.656988,0.045814,0.102970,0.204637,0.000000,0.102091,0.045812,-0.108780,0.078680,0.396159,-0.056544,-0.047360,0.038304
1779676317785850909,2026-05-25T09:31:57.785869,ground_truth,0.049384,0.292000,0.270257,True,,,,,,,,,-0.155540,0.469039,0.659710,0.049303,0.112568,0.219470,0.000000,0.107772,0.048432,-0.131320,0.067480,0.386697,-0.056544,-0.051872,0.037344
1779676317834120558,2026-05-25T09:31:57.834137,ground_truth,0.044688,0.307000,0.271940,True,,,,,,,,,-0.155540,0.469039,0.659710,0.054105,0.117370,0.232563,0.000000,0.113000,0.056279,-0.130760,0.074340,0.366777,-0.056544,-0.051712,0.038624
1779676317876944897,2026-05-25T09:31:57.876966,ground_truth,0.040569,0.315000,0.276345,True,,,,,,,,,-0.151704,0.474875,0.662070,0.063703,0.120859,0.241723,0.000000,0.123908,0.064568,-0.132020,0.083580,0.374662,-0.056448,-0.050368,0.036512
1779676317912958256,2026-05-25T09:31:57.912981,ground_truth,0.040569,0.315000,0.276345,True,,,,,,,,,-0.147434,0.481390,0.664582,0.067192,0.123917,0.245649,0.000000,0.123908,0.067188,-0.130480,0.043400,0.373998,-0.056448,-0.052768,0.038848
1779676317981204380,2026-05-25T09:31:57.981245,ground_truth,0.034140,0.307000,0.275461,True,,,,,,,,,-0.143750,0.487558,0.666762,0.076790,0.120859,0.247396,0.000000,0.126528,0.078096,-0.147140,0.050400,0.376903,-0.056000,-0.056384,0.038240
1779676318023874466,2026-05-25T09:31:58.023902,ground_truth,0.034645,0.300000,0.274687,True,,,,,,,,,-0.143750,0.487558,0.666762,0.084643,0.116063,0.243470,0.000000,0.126528,0.083766,-0.133560,0.052640,0.376239,-0.054656,-0.054432,0.038976
1779676318067544505,2026-05-25T09:31:58.067570,ground_truth,0.030624,0.307000,0.278982,True,,,,,,,,,-0.139647,0.494757,0.668915,0.089883,0.114319,0.239544,0.000000,0.123908,0.089005,-0.123900,0.050400,0.368852,-0.053600,-0.055328,0.041920
1779676318106766780,2026-05-25T09:31:58.106795,ground_truth,0.029567,0.322000,0.280616,True,,,,,,,,,-0.135871,0.501016,0.670849,0.092934,0.109079,0.232563,0.000000,0.123908,0.094244,-0.147140,0.040180,0.370512,-0.052992,-0.053280,0.038912
1779676318163882395,2026-05-25T09:31:58.163905,ground_truth,0.028510,0.337000,0.285721,True,,,,,,,,,-0.135871,0.501016,0.670849,0.102970,0.099919,0.222964,0.000000,0.123908,0.105152,-0.157360,0.026040,0.369682,-0.052832,-0.055488,0.045024
1779676318227818084,2026-05-25T09:31:58.227840,ground_truth,0.029074,0.329000,0.288347,True,,,,,,,,,-0.131665,0.507410,0.673095,0.120859,0.089883,0.212057,0.000000,0.123908,0.118680,-0.165480,0.001120,0.360552,-0.051488,-0.056224,0.047648
1779676318278588128,2026-05-25T09:31:58.278632,ground_truth,0.024562,0.344000,0.289932,True,,,,,,,,,-0.128193,0.513078,0.675201,0.130895,0.078103,0.202458,0.000000,0.121300,0.132208,-0.151900,0.018200,0.363706,-0.050720,-0.053504,0.044416
1779676318326210313,2026-05-25T09:31:58.326238,ground_truth,0.024562,0.344000,0.293392,True,,,,,,,,,-0.125324,0.518298,0.677124,0.138748,0.073301,0.198964,0.000000,0.123908,0.140056,-0.178780,0.010220,0.355240,-0.050368,-0.052160,0.046368
1779676318371446887,2026-05-25T09:31:58.371469,ground_truth,0.022635,0.372000,0.299718,True,,,,,,,,,-0.122928,0.523324,0.678860,0.143988,0.070243,0.191543,0.000000,0.121300,0.145295,-0.182840,-0.000560,0.358726,-0.049984,-0.053600,0.048032
1779676318423074569,2026-05-25T09:31:58.423099,ground_truth,0.023116,0.365000,0.295576,True,,,,,,,,,-0.122928,0.523324,0.678860,0.145732,0.068498,0.185870,0.000000,0.121300,0.145726,-0.171360,-0.000280,0.349762,-0.048640,-0.049376,0.043584
1779676318485232558,2026-05-25T09:31:58.485253,ground_truth,0.023116,0.365000,0.295576,True,,,,,,,,,-0.120268,0.529319,0.681357,0.140492,0.066754,0.174532,0.000000,0.107772,0.140056,-0.148400,0.001540,0.351837,-0.048768,-0.051200,0.044256
1779676318533051638,2026-05-25T09:31:58.533079,ground_truth,0.023116,0.365000,0.295576,True,,,,,,,,,-0.117972,0.534868,0.683548,0.138748,0.070243,0.172785,0.000000,0.099482,0.140056,-0.127400,0.005460,0.360054,-0.048320,-0.052992,0.039136
1779676318582831872,2026-05-25T09:31:58.582859,ground_truth,0.022153,0.379000,0.297032,True,,,,,,,,,-0.115910,0.540159,0.685530,0.135697,0.073738,0.167550,0.000000,0.094675,0.134386,-0.136640,0.012600,0.361797,-0.048160,-0.048928,0.038688
1779676318629486441,2026-05-25T09:31:58.629506,ground_truth,0.025057,0.386000,0.297760,True,,,,,,,,,-0.115910,0.540159,0.685530,0.129150,0.076790,0.165803,0.000000,0.089005,0.129147,-0.147560,0.008960,0.358643,-0.048032,-0.049152,0.044032
1779676318699849045,2026-05-25T09:31:58.699877,ground_truth,0.025551,0.379000,0.300435,True,,,,,,,,,-0.113798,0.546924,0.687848,0.125661,0.085081,0.165364,0.000000,0.083335,0.126528,-0.145320,0.008960,0.364370,-0.048032,-0.044864,0.042368
1779676318747629233,2026-05-25T09:31:58.747661,ground_truth,0.021189,0.393000,0.301868,True,,,,,,,,,-0.112098,0.553110,0.689974,0.123917,0.086388,0.165364,0.000000,0.080716,0.121300,-0.128520,0.021980,0.371757,-0.047872,-0.048032,0.039744
1779676318792946030,2026-05-25T09:31:58.792977,ground_truth,0.019331,0.420000,0.304632,True,,,,,,,,,-0.110808,0.558687,0.691966,0.120859,0.091190,0.169290,0.000000,0.078096,0.121300,-0.140420,0.019180,0.354576,-0.047424,-0.046208,0.040576
1779676318835686224,2026-05-25T09:31:58.835715,ground_truth,0.019331,0.420000,0.304632,True,,,,,,,,,-0.110808,0.558687,0.691966,0.119114,0.094679,0.171037,0.000000,0.075477,0.118680,-0.134540,0.018480,0.359058,-0.047712,-0.050144,0.043520
1779676318875300121,2026-05-25T09:31:58.875325,ground_truth,0.018368,0.434000,0.306065,True,,,,,,,,,-0.109693,0.564098,0.693958,0.116063,0.097736,0.171037,0.000000,0.075477,0.115619,-0.130760,-0.005880,0.362129,-0.047424,-0.044704,0.042912
1779676318914715576,2026-05-25T09:31:58.914746,ground_truth,0.019331,0.420000,0.304632,True,,,,,,,,,-0.108622,0.571697,0.696173,0.114319,0.098174,0.171037,0.000000,0.075477,0.110822,-0.131320,0.001120,0.365200,-0.047104,-0.042816,0.044704
1779676318965679018,2026-05-25T09:31:58.965700,ground_truth,0.018850,0.427000,0.305348,True,,,,,,,,,-0.108622,0.571697,0.696173,0.111261,0.099481,0.172785,0.000000,0.072857,0.110391,-0.120540,0.000840,0.378646,-0.047264,-0.047712,0.040640
1779676319009116855,2026-05-25T09:31:59.009142,ground_truth,0.017955,0.440000,0.306679,True,,,,,,,,,-0.107562,0.581118,0.698329,0.106459,0.097736,0.173223,0.000000,0.072857,0.107772,-0.145320,-0.003920,0.356983,-0.046816,-0.044800,0.038752
1779676319048556858,2026-05-25T09:31:59.048605,ground_truth,0.016166,0.466000,0.312600,True,,,,,,,,,-0.106696,0.589670,0.700138,0.102970,0.094679,0.167112,0.000000,0.070249,0.102533,-0.123900,-0.021700,0.356319,-0.046528,-0.044640,0.036640
1779676319093513738,2026-05-25T09:31:59.093532,ground_truth,0.015530,0.427000,0.308672,True,,,,,,,,,-0.106696,0.589670,0.700138,0.092934,0.088139,0.159691,0.000000,0.072426,0.096863,-0.121800,-0.031500,0.349762,-0.046368,-0.046528,0.036576
1779676319143155725,2026-05-25T09:31:59.143184,ground_truth,0.009655,0.466000,0.312600,True,,,,,,,,,-0.105840,0.599212,0.701869,0.082899,0.085081,0.152710,0.000000,0.067629,0.083335,-0.124180,-0.036260,0.368271,-0.046208,-0.044800,0.034304
1779676319203656167,2026-05-25T09:31:59.203680,ground_truth,0.008803,0.479000,0.313909,True,,,,,,,,,-0.104963,0.608048,0.703395,0.071994,0.085081,0.157951,0.000000,0.072426,0.072857,-0.111160,-0.022540,0.363457,-0.046304,-0.051104,0.035680
1779676319244681150,2026-05-25T09:31:59.244702,ground_truth,0.005953,0.473000,0.313305,True,,,,,,,,,-0.104012,0.616412,0.704846,0.065447,0.088139,0.161877,0.000000,0.072857,0.064568,-0.112840,-0.027160,0.350592,-0.046208,-0.046592,0.036864
1779676319282911657,2026-05-25T09:31:59.282936,ground_truth,0.007614,0.447000,0.310686,True,,,,,,,,,-0.104012,0.616412,0.704846,0.060207,0.089883,0.163624,0.000000,0.075477,0.059340,-0.121100,-0.027860,0.366611,-0.046528,-0.045600,0.035360
1779676319320948340,2026-05-25T09:31:59.320972,ground_truth,-0.001625,0.491000,0.311899,True,,,,,,,,,-0.102706,0.626005,0.706409,0.057156,0.091190,0.167112,0.000000,0.075477,0.056279,-0.114380,-0.012040,0.364702,-0.046304,-0.050880,0.035584
1779676319360105135,2026-05-25T09:31:59.360129,ground_truth,-0.004839,0.491000,0.311899,True,,,,,,,,,-0.102706,0.626005,0.706409,0.054105,0.096423,0.176710,0.000000,0.078096,0.053659,-0.105280,-0.020020,0.374496,-0.046592,-0.045536,0.033632
1779676319399484282,2026-05-25T09:31:59.399512,ground_truth,-0.007365,0.479000,0.307433,True,,,,,,,,,-0.100818,0.635720,0.707826,0.052354,0.098174,0.180636,0.000000,0.083335,0.053659,-0.121520,-0.029680,0.373168,-0.046592,-0.044320,0.033632
1779676319452082836,2026-05-25T09:31:59.452102,ground_truth,-0.007709,0.485000,0.308057,True,,,,,,,,,-0.098648,0.645704,0.709068,0.045814,0.102970,0.183692,0.000000,0.083766,0.042751,-0.100380,-0.043680,0.368271,-0.046528,-0.045376,0.033792
1779676319490298875,2026-05-25T09:31:59.490329,ground_truth,-0.011992,0.504000,0.310033,True,,,,,,,,,-0.098648,0.645704,0.709068,0.039267,0.104714,0.184131,0.000000,0.081158,0.040573,-0.100660,-0.033460,0.373500,-0.046528,-0.045536,0.036064
1779676319532827214,2026-05-25T09:31:59.532851,ground_truth,-0.015833,0.516000,0.311281,True,,,,,,,,,-0.096192,0.655064,0.709914,0.035778,0.104283,0.184131,0.000000,0.078096,0.037523,-0.109620,-0.021700,0.376571,-0.046528,-0.049216,0.032448
1779676319575552502,2026-05-25T09:31:59.575572,ground_truth,-0.018063,0.498000,0.309409,True,,,,,,,,,-0.093375,0.664624,0.710706,0.030976,0.106459,0.185870,0.000000,0.080716,0.029665,-0.100380,-0.026320,0.362295,-0.046528,-0.044864,0.030848
1779676319623408636,2026-05-25T09:31:59.623433,ground_truth,-0.025057,0.510000,0.310657,True,,,,,,,,,-0.093375,0.664624,0.710706,0.026174,0.109517,0.189804,0.000000,0.080716,0.023995,-0.081480,-0.036540,0.368271,-0.046528,-0.043200,0.032800
1779676319675126214,2026-05-25T09:31:59.675148,ground_truth,-0.021874,0.510000,0.307470,True,,,,,,,,,-0.089904,0.673937,0.711374,0.021378,0.111261,0.193291,0.000000,0.080716,0.021375,-0.074340,-0.036820,0.382962,-0.046592,-0.049760,0.033184
1779676319723919870,2026-05-25T09:31:59.723945,ground_truth,-0.029380,0.534000,0.310005,True,,,,,,,,,-0.086275,0.682922,0.711906,0.014831,0.123917,0.209871,0.000000,0.083766,0.013517,-0.087920,-0.023800,0.380140,-0.046592,-0.047712,0.032000
1779676319766775432,2026-05-25T09:31:59.766798,ground_truth,-0.032523,0.534000,0.310005,True,,,,,,,,,-0.086275,0.682922,0.711906,0.011780,0.135259,0.225143,0.000000,0.086386,0.010898,-0.085820,0.002660,0.387942,-0.047040,-0.052096,0.030400
1779676319806388182,2026-05-25T09:31:59.806412,ground_truth,-0.035136,0.522000,0.308737,True,,,,,,,,,-0.082586,0.691022,0.712195,0.009598,0.150528,0.239976,0.000000,0.091624,0.007847,-0.077420,-0.006720,0.411099,-0.047040,-0.045760,0.030848
1779676319848685460,2026-05-25T09:31:59.848718,ground_truth,-0.038300,0.522000,0.308737,True,,,,,,,,,-0.078241,0.699368,0.712265,0.005233,0.164928,0.256563,0.000000,0.091624,0.005670,-0.074340,-0.016380,0.397736,-0.047360,-0.051040,0.030240
1779676319899155561,2026-05-25T09:31:59.899185,ground_truth,-0.038044,0.516000,0.308104,True,,,,,,,,,-0.078241,0.699368,0.712265,0.001744,0.174533,0.267471,0.000000,0.091624,0.002609,-0.077700,-0.020440,0.408526,-0.047264,-0.049152,0.031072
1779676319954097531,2026-05-25T09:31:59.954125,ground_truth,-0.042691,0.552000,0.311907,True,,,,,,,,,-0.073099,0.707874,0.712030,0.000000,0.176277,0.269210,0.000000,0.091624,0.000000,-0.087360,-0.001820,0.399562,-0.047264,-0.052832,0.031520
1779676319995401089,2026-05-25T09:31:59.995430,ground_truth,-0.041954,0.534000,0.310005,True,,,,,,,,,-0.068291,0.715014,0.711855,0.001744,0.178022,0.267471,0.000000,0.089005,0.000000,-0.087360,-0.032200,0.391677,-0.047584,-0.048032,0.032448
1779676320040176715,2026-05-25T09:32:00.040200,ground_truth,-0.042200,0.540000,0.310639,True,,,,,,,,,-0.063932,0.721258,0.711697,0.003051,0.176277,0.263976,0.000000,0.086386,0.000000,-0.081760,-0.049280,0.414419,-0.047424,-0.053600,0.033120
1779676320077037252,2026-05-25T09:32:00.077060,ground_truth,-0.042691,0.552000,0.311907,True,,,,,,,,,-0.063932,0.721258,0.711697,0.004796,0.176277,0.265723,0.000000,0.089005,0.005670,-0.094780,-0.034020,0.400475,-0.046976,-0.046816,0.033504
1779676320112816324,2026-05-25T09:32:00.112840,ground_truth,-0.045333,0.540000,0.310639,True,,,,,,,,,-0.059352,0.727733,0.711674,0.005233,0.176708,0.265723,0.000000,0.089005,0.005228,-0.103180,-0.033040,0.409273,-0.046976,-0.047360,0.034464
1779676320156962136,2026-05-25T09:32:00.156987,ground_truth,-0.045569,0.546000,0.311273,True,,,,,,,,,-0.059352,0.727733,0.711674,0.010029,0.181511,0.273144,0.000000,0.091624,0.010898,-0.105000,-0.041160,0.401305,-0.046976,-0.051264,0.033856
1779676320204919382,2026-05-25T09:32:00.204946,ground_truth,-0.045569,0.546000,0.311273,True,,,,,,,,,-0.054768,0.734494,0.711818,0.014831,0.186313,0.277069,0.000000,0.097294,0.013517,-0.096320,-0.055720,0.404044,-0.046976,-0.046592,0.035520
1779676320259736314,2026-05-25T09:32:00.259760,ground_truth,-0.045805,0.552000,0.311907,True,,,,,,,,,-0.050950,0.740302,0.711920,0.022685,0.191108,0.286229,0.000000,0.096863,0.021807,-0.098840,-0.041160,0.411846,-0.046528,-0.046976,0.032896
1779676320299967570,2026-05-25T09:32:00.299993,ground_truth,-0.045569,0.546000,0.311273,True,,,,,,,,,-0.050950,0.740302,0.711920,0.027925,0.194604,0.287977,0.000000,0.094675,0.027045,-0.111160,-0.061040,0.404459,-0.046528,-0.047648,0.031520
1779676320336286654,2026-05-25T09:32:00.336310,ground_truth,-0.045569,0.546000,0.311273,True,,,,,,,,,-0.047814,0.745226,0.712058,0.034465,0.195911,0.287977,0.000000,0.091624,0.032284,-0.101360,-0.074060,0.401471,-0.045760,-0.054048,0.034624
1779676320373544119,2026-05-25T09:32:00.373563,ground_truth,-0.045569,0.546000,0.311273,True,,,,,,,,,-0.044824,0.750349,0.712278,0.034465,0.194604,0.284051,0.000000,0.091624,0.035335,-0.113120,-0.076860,0.409605,-0.045760,-0.046144,0.034560
1779676320412106620,2026-05-25T09:32:00.412143,ground_truth,-0.043182,0.564000,0.313175,True,,,,,,,,,-0.044824,0.750349,0.712278,0.040574,0.191108,0.280556,0.000000,0.089005,0.040573,-0.120260,-0.063840,0.406119,-0.044704,-0.044320,0.036352
1779676320462123075,2026-05-25T09:32:00.462149,ground_truth,-0.039832,0.558000,0.312541,True,,,,,,,,,-0.042218,0.755400,0.712584,0.047120,0.186313,0.269649,0.000000,0.086386,0.045812,-0.123620,-0.106540,0.397570,-0.044704,-0.046432,0.037472
1779676320501041372,2026-05-25T09:32:00.501068,ground_truth,-0.040088,0.564000,0.313175,True,,,,,,,,,-0.042218,0.755400,0.712584,0.050609,0.183255,0.263976,0.000000,0.083335,0.051482,-0.125440,-0.102480,0.401969,-0.045024,-0.047488,0.036352
1779676320558126831,2026-05-25T09:32:00.558151,ground_truth,-0.040556,0.575000,0.314337,True,,,,,,,,,-0.040891,0.758842,0.712933,0.054105,0.176277,0.258303,0.000000,0.078096,0.056721,-0.144760,-0.086800,0.395993,-0.044096,-0.049760,0.038848
1779676320597309493,2026-05-25T09:32:00.597333,ground_truth,-0.039832,0.558000,0.312541,True,,,,,,,,,-0.040604,0.763107,0.713543,0.054105,0.176277,0.258303,0.000000,0.078096,0.056721,-0.144760,-0.086800,0.395993,-0.044096,-0.049760,0.038848
1779676320635249378,2026-05-25T09:32:00.635269,ground_truth,-0.040556,0.575000,0.311256,True,,,,,,,,,-0.040604,0.763107,0.713543,0.054105,0.176277,0.258303,0.000000,0.078096,0.056721,-0.144760,-0.086800,0.395993,-0.044096,-0.049760,0.038848
1779676320674053912,2026-05-25T09:32:00.674087,ground_truth,-0.040811,0.581000,0.311900,True,,,,,,,,,-0.040690,0.766399,0.713726,0.054105,0.176277,0.258303,0.000000,0.078096,0.056721,-0.144760,-0.086800,0.395993,-0.044096,-0.049760,0.038848
1779676320730134206,2026-05-25T09:32:00.730161,ground_truth,-0.043878,0.581000,0.311900,True,,,,,,,,,-0.040837,0.770756,0.713882,0.075045,0.166673,0.230377,0.000000,0.064568,0.075477,-0.144760,-0.120820,0.392009,-0.043360,-0.046592,0.037568
1779676320772047984,2026-05-25T09:32:00.772090,ground_truth,-0.047612,0.598000,0.313724,True,,,,,,,,,-0.040807,0.774121,0.713921,0.079847,0.160133,0.219470,0.000000,0.058898,0.078096,-0.113120,-0.155820,0.387776,-0.043648,-0.047936,0.038144
1779676320814234933,2026-05-25T09:32:00.814262,ground_truth,-0.046944,0.581000,0.311900,True,,,,,,,,,-0.040807,0.774121,0.713921,0.080279,0.151841,0.213797,0.000000,0.061949,0.078096,-0.136080,-0.149100,0.377069,-0.043648,-0.046208,0.038624
1779676320853430007,2026-05-25T09:32:00.853455,ground_truth,-0.050651,0.598000,0.313724,True,,,,,,,,,-0.040610,0.778523,0.714137,0.078534,0.145295,0.204637,0.000000,0.056721,0.081158,-0.141960,-0.134540,0.375160,-0.043648,-0.043520,0.039360
1779676320894448032,2026-05-25T09:32:00.894479,ground_truth,-0.054481,0.620000,0.316084,True,,,,,,,,,-0.040610,0.778523,0.714137,0.080279,0.140492,0.196785,0.000000,0.056721,0.078096,-0.119280,-0.156800,0.390681,-0.044032,-0.041536,0.039296
1779676320948567798,2026-05-25T09:32:00.948609,ground_truth,-0.054265,0.614000,0.312424,True,,,,,,,,,-0.039997,0.783645,0.714444,0.076790,0.133952,0.193291,0.000000,0.056721,0.075046,-0.126980,-0.152180,0.373168,-0.044032,-0.047360,0.036864
1779676320994609405,2026-05-25T09:32:00.994634,ground_truth,-0.057655,0.625000,0.313622,True,,,,,,,,,-0.039365,0.788117,0.714622,0.073738,0.129150,0.189804,0.000000,0.059340,0.075477,-0.118020,-0.130200,0.385203,-0.044320,-0.043360,0.038976
1779676321036536808,2026-05-25T09:32:01.036565,ground_truth,-0.060846,0.631000,0.311287,True,,,,,,,,,-0.039365,0.788117,0.714622,0.068498,0.127406,0.184131,0.000000,0.058898,0.067188,-0.105980,-0.171360,0.388938,-0.044320,-0.043200,0.036864
1779676321077243884,2026-05-25T09:32:01.077266,ground_truth,-0.063488,0.620000,0.307064,True,,,,,,,,,-0.038630,0.792454,0.714775,0.063703,0.124354,0.182383,0.000000,0.056721,0.064568,-0.100100,-0.185920,0.380555,-0.044320,-0.048928,0.038528
1779676321118196922,2026-05-25T09:32:01.118221,ground_truth,-0.069632,0.625000,0.304627,True,,,,,,,,,-0.037211,0.798827,0.714642,0.058463,0.116063,0.176710,0.000000,0.059340,0.059340,-0.091420,-0.177940,0.381219,-0.044320,-0.044480,0.034624
1779676321161741846,2026-05-25T09:32:01.161769,ground_truth,-0.072783,0.631000,0.305310,True,,,,,,,,,-0.037211,0.798827,0.714642,0.058463,0.116063,0.176710,0.000000,0.059340,0.059340,-0.091420,-0.177940,0.381219,-0.044320,-0.044480,0.034624
1779676321213222920,2026-05-25T09:32:01.213255,ground_truth,-0.076160,0.647000,0.304170,True,,,,,,,,,-0.034634,0.805975,0.714066,0.058463,0.116063,0.176710,0.000000,0.059340,0.059340,-0.091420,-0.177940,0.381219,-0.044320,-0.044480,0.034624
1779676321255026084,2026-05-25T09:32:01.255053,ground_truth,-0.082076,0.647000,0.304170,True,,,,,,,,,-0.031968,0.812210,0.713399,0.058463,0.116063,0.176710,0.000000,0.059340,0.059340,-0.091420,-0.177940,0.381219,-0.044320,-0.044480,0.034624
1779676321297267292,2026-05-25T09:32:01.297292,ground_truth,-0.085329,0.662000,0.302965,True,,,,,,,,,-0.031968,0.812210,0.713399,0.055412,0.114319,0.172785,0.000000,0.059340,0.056721,-0.084560,-0.191800,0.357813,-0.044320,-0.043968,0.033504
1779676321336362171,2026-05-25T09:32:01.336387,ground_truth,-0.088083,0.652000,0.295885,True,,,,,,,,,-0.028202,0.819344,0.712583,0.024429,0.092934,0.146606,0.000000,0.053659,0.023995,-0.091700,-0.225960,0.350094,-0.046144,-0.044480,0.031904
1779676321376551419,2026-05-25T09:32:01.376584,ground_truth,-0.091114,0.657000,0.296487,True,,,,,,,,,-0.024556,0.825773,0.711657,0.014831,0.088139,0.143111,0.000000,0.053659,0.013086,-0.086380,-0.203980,0.364038,-0.046880,-0.044480,0.029120
1779676321416174282,2026-05-25T09:32:01.416204,ground_truth,-0.094129,0.662000,0.294152,True,,,,,,,,,-0.024556,0.825773,0.711657,0.006540,0.086388,0.139185,0.000000,0.054101,0.005670,-0.069020,-0.213500,0.362793,-0.046752,-0.044544,0.028448
1779676321466667526,2026-05-25T09:32:01.466694,ground_truth,-0.097063,0.662000,0.288277,True,,,,,,,,,-0.019927,0.833443,0.710168,0.000000,0.083336,0.137438,0.000000,0.053659,0.000000,-0.014560,-0.217560,0.355074,-0.046752,-0.041184,0.011040
1779676321505934447,2026-05-25T09:32:01.505968,ground_truth,-0.100053,0.667000,0.288904,True,,,,,,,,,-0.015974,0.839874,0.708687,0.006540,0.083336,0.137438,0.000000,0.051040,0.010467,0.052360,-0.203980,0.352169,-0.046752,-0.041920,-0.015648
1779676321545752318,2026-05-25T09:32:01.545782,ground_truth,-0.106034,0.683000,0.288006,True,,,,,,,,,-0.015974,0.839874,0.708687,0.009598,0.082899,0.135698,0.000000,0.051482,0.013517,0.069020,-0.199640,0.354410,-0.046752,-0.040480,-0.024064
1779676321586732562,2026-05-25T09:32:01.586759,ground_truth,-0.108997,0.693000,0.286390,True,,,,,,,,,-0.011061,0.847234,0.706430,0.013087,0.088139,0.137438,0.000000,0.051040,0.013517,0.086800,-0.212940,0.377235,-0.046752,-0.045472,-0.029280
1779676321626587107,2026-05-25T09:32:01.626611,ground_truth,-0.111856,0.688000,0.282852,True,,,,,,,,,-0.011061,0.847234,0.706430,0.013087,0.089445,0.143111,0.000000,0.053659,0.010898,0.073360,-0.200760,0.365366,-0.046752,-0.042816,-0.028224
1779676321664658970,2026-05-25T09:32:01.664687,ground_truth,-0.114779,0.698000,0.281276,True,,,,,,,,,-0.005506,0.854917,0.703695,0.011342,0.093372,0.150531,0.000000,0.056279,0.013086,0.059500,-0.218120,0.369184,-0.047040,-0.043968,-0.024832
1779676321714665262,2026-05-25T09:32:01.714694,ground_truth,-0.114747,0.688000,0.277062,True,,,,,,,,,-0.000387,0.861807,0.701069,0.008285,0.095116,0.154018,0.000000,0.056721,0.007847,0.066640,-0.223440,0.362295,-0.046752,-0.045920,-0.024224
1779676321765257869,2026-05-25T09:32:01.765281,ground_truth,-0.114747,0.688000,0.277062,True,,,,,,,,,-0.000387,0.861807,0.701069,0.004796,0.099481,0.157951,0.000000,0.059340,0.005228,0.086800,-0.213220,0.371923,-0.046752,-0.042080,-0.023776
1779676321815211752,2026-05-25T09:32:01.815236,ground_truth,-0.114779,0.698000,0.275519,True,,,,,,,,,0.005140,0.869161,0.698014,0.003051,0.106028,0.168859,0.000000,0.065010,0.002609,0.084280,-0.190260,0.383128,-0.046752,-0.043584,-0.023712
1779676321875385758,2026-05-25T09:32:01.875407,ground_truth,-0.114779,0.698000,0.272641,True,,,,,,,,,0.010003,0.875832,0.695152,0.000000,0.114319,0.180636,0.000000,0.067188,0.000000,0.014560,-0.202020,0.391013,-0.046752,-0.046880,-0.012544
1779676321915540987,2026-05-25T09:32:01.915570,ground_truth,-0.114811,0.708000,0.271147,True,,,,,,,,,0.014011,0.881698,0.692533,0.001744,0.115626,0.184131,0.000000,0.067188,0.000000,-0.023800,-0.204540,0.371093,-0.046752,-0.043264,-0.004192
1779676321972756560,2026-05-25T09:32:01.972779,ground_truth,-0.114811,0.708000,0.268285,True,,,,,,,,,0.017506,0.887141,0.689865,0.013087,0.129150,0.198964,0.000000,0.070249,0.013517,-0.106540,-0.196420,0.390183,-0.046656,-0.043424,0.030336
1779676322013797319,2026-05-25T09:32:02.013822,ground_truth,-0.117676,0.713000,0.266132,True,,,,,,,,,0.017506,0.887141,0.689865,0.019634,0.138748,0.211618,0.000000,0.069807,0.018756,-0.125440,-0.181300,0.395163,-0.046656,-0.047264,0.032896
1779676322050167973,2026-05-25T09:32:02.050188,ground_truth,-0.120525,0.723000,0.264713,True,,,,,,,,,0.020967,0.893376,0.686551,0.026174,0.148784,0.222964,0.000000,0.072857,0.027045,-0.117460,-0.178500,0.380887,-0.046656,-0.045536,0.032512
1779676322099816921,2026-05-25T09:32:02.099838,ground_truth,-0.123352,0.727000,0.262456,True,,,,,,,,,0.020967,0.893376,0.686551,0.034465,0.153586,0.224704,0.000000,0.069807,0.034903,-0.107520,-0.218120,0.372255,-0.046528,-0.049536,0.033120
1779676322154474714,2026-05-25T09:32:02.154502,ground_truth,-0.123359,0.723000,0.261875,True,,,,,,,,,0.024467,0.900100,0.682967,0.040574,0.153586,0.221217,0.000000,0.070249,0.040573,-0.134120,-0.198660,0.389436,-0.046816,-0.043968,0.035840
1779676322204367465,2026-05-25T09:32:02.204395,ground_truth,-0.123359,0.723000,0.259038,True,,,,,,,,,0.027431,0.906131,0.679923,0.044500,0.157075,0.226890,0.000000,0.067188,0.045812,-0.134540,-0.183120,0.394831,-0.045600,-0.044864,0.037568
1779676322246008377,2026-05-25T09:32:02.246033,ground_truth,-0.123359,0.723000,0.259038,True,,,,,,,,,0.029869,0.911572,0.677243,0.048865,0.160133,0.226890,0.000000,0.064568,0.048432,-0.102200,-0.211960,0.372089,-0.045600,-0.047360,0.038080
1779676322294163766,2026-05-25T09:32:02.294186,ground_truth,-0.123359,0.723000,0.256201,True,,,,,,,,,0.029869,0.911572,0.677243,0.054105,0.160133,0.221217,0.000000,0.064568,0.054101,-0.121100,-0.206360,0.385535,-0.045920,-0.043424,0.035360
1779676322341364796,2026-05-25T09:32:02.341386,ground_truth,-0.123352,0.727000,0.256794,True,,,,,,,,,0.032062,0.917669,0.674055,0.058901,0.166673,0.225143,0.000000,0.056721,0.056721,-0.113120,-0.208880,0.386199,-0.045152,-0.041184,0.035360
1779676322376854212,2026-05-25T09:32:02.376877,ground_truth,-0.126179,0.727000,0.256794,True,,,,,,,,,0.033736,0.922730,0.671215,0.058901,0.168424,0.226890,0.000000,0.056279,0.059340,-0.132860,-0.191520,0.398234,-0.044704,-0.043520,0.036640
1779676322418514421,2026-05-25T09:32:02.418530,ground_truth,-0.126179,0.727000,0.253963,True,,,,,,,,,0.033736,0.922730,0.671215,0.063703,0.173219,0.224704,0.000000,0.053659,0.064568,-0.113120,-0.210700,0.391843,-0.044640,-0.043040,0.037472
1779676322472233805,2026-05-25T09:32:02.472292,ground_truth,-0.129026,0.723000,0.253363,True,,,,,,,,,0.035333,0.927991,0.668052,0.065010,0.174964,0.219470,0.000000,0.045812,0.064568,-0.124180,-0.231560,0.383792,-0.044640,-0.039200,0.035744
1779676322509313928,2026-05-25T09:32:02.509341,ground_truth,-0.128910,0.746000,0.254014,True,,,,,,,,,0.036621,0.931974,0.665656,0.067192,0.174533,0.221217,0.000000,0.045812,0.067629,-0.125860,-0.228060,0.392590,-0.044704,-0.040864,0.037248
1779676322549046323,2026-05-25T09:32:02.549066,ground_truth,-0.128956,0.737000,0.252649,True,,,,,,,,,0.036621,0.931974,0.665656,0.068498,0.178022,0.221217,0.000000,0.040142,0.070249,-0.128520,-0.221340,0.387610,-0.044640,-0.041184,0.035360
1779676322592946362,2026-05-25T09:32:02.592972,ground_truth,-0.128956,0.737000,0.252649,True,,,,,,,,,0.038251,0.936597,0.663096,0.068498,0.179766,0.217730,0.000000,0.040142,0.070249,-0.103740,-0.248500,0.385867,-0.044640,-0.044320,0.036736
1779676322638147858,2026-05-25T09:32:02.638163,ground_truth,-0.131766,0.737000,0.249835,True,,,,,,,,,0.039603,0.940367,0.661165,0.065447,0.173219,0.210310,0.000000,0.037523,0.064568,-0.118720,-0.267820,0.385120,-0.044928,-0.042240,0.037024
1779676322681865005,2026-05-25T09:32:02.681939,ground_truth,-0.131673,0.751000,0.251981,True,,,,,,,,,0.039603,0.940367,0.661165,0.060645,0.164928,0.202889,0.000000,0.032715,0.061949,-0.110040,-0.239540,0.387029,-0.045248,-0.040960,0.037120
1779676322733174280,2026-05-25T09:32:02.733199,ground_truth,-0.131766,0.737000,0.249835,True,,,,,,,,,0.041444,0.944433,0.659093,0.054105,0.161439,0.193291,0.000000,0.032284,0.056721,-0.101640,-0.256620,0.377899,-0.045824,-0.037856,0.034016
1779676322780498252,2026-05-25T09:32:02.780527,ground_truth,-0.134460,0.751000,0.249189,True,,,,,,,,,0.042720,0.947393,0.657559,0.053667,0.158388,0.184131,0.000000,0.029234,0.051040,-0.071820,-0.272440,0.393254,-0.045824,-0.038304,0.035072
1779676322831130196,2026-05-25T09:32:02.831157,ground_truth,-0.134460,0.751000,0.249189,True,,,,,,,,,0.042720,0.947393,0.657559,0.044069,0.151841,0.180205,0.000000,0.027045,0.045812,-0.098560,-0.259980,0.375575,-0.045984,-0.041248,0.036288
1779676322876428675,2026-05-25T09:32:02.876451,ground_truth,-0.137158,0.760000,0.247807,True,,,,,,,,,0.044105,0.950905,0.655923,0.039267,0.157075,0.180205,0.000000,0.024426,0.040573,-0.081760,-0.274260,0.373832,-0.045696,-0.040704,0.032512
1779676322917114319,2026-05-25T09:32:02.917137,ground_truth,-0.137298,0.746000,0.242816,True,,,,,,,,,0.045262,0.953378,0.654901,0.034465,0.158388,0.184131,0.000000,0.027045,0.034903,-0.091420,-0.286020,0.389768,-0.046304,-0.041760,0.033632
1779676322968350203,2026-05-25T09:32:02.968374,ground_truth,-0.139873,0.765000,0.243053,True,,,,,,,,,0.045262,0.953378,0.654901,0.030976,0.157075,0.188056,0.000000,0.029665,0.034903,-0.095480,-0.263060,0.393254,-0.047200,-0.038464,0.031232
1779676323007467401,2026-05-25T09:32:03.007483,ground_truth,-0.142572,0.770000,0.241093,True,,,,,,,,,0.046182,0.955237,0.653755,0.029669,0.160133,0.189365,0.000000,0.029665,0.027045,-0.103740,-0.272440,0.386531,-0.047200,-0.039584,0.035520
1779676323061974118,2026-05-25T09:32:03.061990,ground_truth,-0.147936,0.779000,0.239801,True,,,,,,,,,0.048017,0.958946,0.652345,0.024429,0.160133,0.189365,0.000000,0.032284,0.023995,-0.074340,-0.303800,0.387776,-0.047936,-0.038240,0.035136
1779676323097369685,2026-05-25T09:32:03.097392,ground_truth,-0.147936,0.779000,0.237055,True,,,,,,,,,0.048017,0.958946,0.652345,0.020940,0.154893,0.185870,0.000000,0.032284,0.021375,-0.078120,-0.318920,0.387776,-0.048544,-0.039360,0.034848
1779676323138811459,2026-05-25T09:32:03.138838,ground_truth,-0.148018,0.774000,0.233478,True,,,,,,,,,0.050295,0.963464,0.650542,0.016576,0.147039,0.178458,0.000000,0.029665,0.018756,-0.091700,-0.287980,0.365864,-0.048864,-0.042144,0.032800
1779676323184525533,2026-05-25T09:32:03.184554,ground_truth,-0.150678,0.779000,0.231565,True,,,,,,,,,0.052031,0.967420,0.648967,0.014394,0.142243,0.172785,0.000000,0.029234,0.013086,-0.099820,-0.266840,0.381053,-0.048544,-0.041472,0.030944
1779676323227333683,2026-05-25T09:32:03.227350,ground_truth,-0.150605,0.783000,0.229498,True,,,,,,,,,0.052031,0.967420,0.648967,0.011780,0.143550,0.171037,0.000000,0.027045,0.013517,-0.078960,-0.324520,0.374164,-0.048544,-0.039360,0.031168
1779676323266365887,2026-05-25T09:32:03.266389,ground_truth,-0.153162,0.792000,0.228302,True,,,,,,,,,0.054224,0.972342,0.646723,0.011342,0.137441,0.165364,0.000000,0.026614,0.010898,-0.075880,-0.319900,0.372753,-0.048704,-0.038848,0.029568
1779676323312578263,2026-05-25T09:32:03.312602,ground_truth,-0.158395,0.801000,0.227135,True,,,,,,,,,0.056229,0.976485,0.644677,0.007853,0.130457,0.154018,0.000000,0.024426,0.010898,-0.092260,-0.325080,0.373085,-0.048992,-0.040128,0.029344
1779676323356713586,2026-05-25T09:32:03.356739,ground_truth,-0.158395,0.801000,0.224425,True,,,,,,,,,0.056229,0.976485,0.644677,0.008285,0.125661,0.152279,0.000000,0.024426,0.010467,-0.105980,-0.294140,0.350592,-0.048992,-0.038848,0.029056
1779676323401437464,2026-05-25T09:32:03.401462,ground_truth,-0.158487,0.797000,0.221011,True,,,,,,,,,0.058851,0.981818,0.642180,0.007853,0.123917,0.148784,0.000000,0.023995,0.008289,-0.087080,-0.345520,0.370180,-0.049920,-0.037024,0.030176
1779676323462969202,2026-05-25T09:32:03.462995,ground_truth,-0.158810,0.783000,0.218543,True,,,,,,,,,0.061096,0.986641,0.639908,0.009598,0.112568,0.140933,0.000000,0.026614,0.010898,-0.065660,-0.340060,0.358726,-0.050368,-0.040960,0.031520
1779676323513608319,2026-05-25T09:32:03.513632,ground_truth,-0.158902,0.779000,0.212347,True,,,,,,,,,0.062992,0.990698,0.637754,0.009598,0.107772,0.137438,0.000000,0.029665,0.010898,-0.087360,-0.336560,0.363540,-0.050496,-0.042912,0.032512
1779676323562720173,2026-05-25T09:32:03.562740,ground_truth,-0.158695,0.788000,0.211233,True,,,,,,,,,0.062992,0.990698,0.637754,0.011342,0.101225,0.131765,0.000000,0.032284,0.010898,-0.102900,-0.331940,0.354576,-0.050816,-0.038016,0.034240
1779676323611916952,2026-05-25T09:32:03.611944,ground_truth,-0.161422,0.788000,0.208502,True,,,,,,,,,0.065479,0.995248,0.634160,0.011342,0.101225,0.131765,0.000000,0.032284,0.010898,-0.102900,-0.331940,0.354576,-0.050816,-0.038016,0.034240
1779676323652689900,2026-05-25T09:32:03.652719,ground_truth,-0.161199,0.797000,0.207432,True,,,,,,,,,0.067657,0.998984,0.630972,0.011342,0.101225,0.131765,0.000000,0.032284,0.010898,-0.102900,-0.331940,0.354576,-0.050816,-0.038016,0.034240
1779676323711924252,2026-05-25T09:32:03.711949,ground_truth,-0.161422,0.788000,0.203041,True,,,,,,,,,0.069505,1.001926,0.628076,0.009598,0.081592,0.107772,0.000000,0.027045,0.010898,-0.096040,-0.379960,0.366445,-0.051872,-0.038016,0.034304
1779676323752975597,2026-05-25T09:32:03.752999,ground_truth,-0.161644,0.779000,0.198620,True,,,,,,,,,0.069505,1.001926,0.628076,0.010029,0.078534,0.104277,0.000000,0.027045,0.007847,-0.084560,-0.359800,0.359556,-0.051872,-0.040576,0.033792
1779676323805559252,2026-05-25T09:32:03.805594,ground_truth,-0.164043,0.792000,0.195613,True,,,,,,,,,0.071488,1.004965,0.623860,0.009598,0.080279,0.111698,0.000000,0.032284,0.010467,-0.104720,-0.331940,0.357979,-0.051872,-0.042912,0.034688
1779676323852165663,2026-05-25T09:32:03.852201,ground_truth,-0.163806,0.801000,0.194624,True,,,,,,,,,0.073025,1.006927,0.620145,0.013087,0.086825,0.120858,0.000000,0.037954,0.010898,-0.111860,-0.352100,0.366279,-0.051488,-0.039904,0.035840
1779676323889853813,2026-05-25T09:32:03.889880,ground_truth,-0.163569,0.810000,0.190970,True,,,,,,,,,0.073025,1.006927,0.620145,0.014831,0.092934,0.131765,0.000000,0.040573,0.013517,-0.100100,-0.349020,0.364038,-0.051776,-0.039520,0.037120
1779676323965281856,2026-05-25T09:32:03.965299,ground_truth,-0.163674,0.806000,0.187485,True,,,,,,,,,0.074721,1.008922,0.615606,0.014394,0.102970,0.146606,0.000000,0.045812,0.013517,-0.078400,-0.334180,0.371757,-0.051488,-0.042304,0.035744
1779676324012900065,2026-05-25T09:32:04.012928,ground_truth,-0.164043,0.792000,0.181993,True,,,,,,,,,0.075942,1.010786,0.611955,0.014394,0.102970,0.146606,0.000000,0.045812,0.013517,-0.078400,-0.334180,0.371757,-0.051488,-0.042304,0.035744
1779676324050257342,2026-05-25T09:32:04.050286,ground_truth,-0.163674,0.806000,0.182083,True,,,,,,,,,0.076815,1.012462,0.608615,0.014394,0.102970,0.146606,0.000000,0.045812,0.013517,-0.078400,-0.334180,0.371757,-0.051488,-0.042304,0.035744
1779676324091688725,2026-05-25T09:32:04.091712,ground_truth,-0.166371,0.806000,0.179381,True,,,,,,,,,0.076815,1.012462,0.608615,0.014831,0.106459,0.154457,0.000000,0.048432,0.013086,-0.071540,-0.330680,0.372089,-0.051488,-0.042304,0.036288
1779676324128533545,2026-05-25T09:32:04.128552,ground_truth,-0.166511,0.801000,0.175659,True,,,,,,,,,0.077599,1.014138,0.603818,0.016576,0.128712,0.188056,0.000000,0.059340,0.018756,-0.098560,-0.323820,0.376571,-0.051488,-0.043648,0.031296
1779676324179597395,2026-05-25T09:32:04.179617,ground_truth,-0.166260,0.810000,0.174803,True,,,,,,,,,0.078289,1.015121,0.599837,0.016138,0.137441,0.195038,0.000000,0.061949,0.016137,-0.098840,-0.362880,0.383958,-0.051488,-0.048640,0.032896
1779676324226058356,2026-05-25T09:32:04.226076,ground_truth,-0.166511,0.801000,0.170241,True,,,,,,,,,0.078289,1.015121,0.599837,0.018320,0.137004,0.198964,0.000000,0.065010,0.016137,-0.106820,-0.346500,0.392424,-0.051488,-0.045248,0.033024
1779676324268255495,2026-05-25T09:32:04.268281,ground_truth,-0.168950,0.810000,0.166720,True,,,,,,,,,0.079143,1.016390,0.594961,0.018320,0.137004,0.198964,0.000000,0.065010,0.016137,-0.106820,-0.346500,0.392424,-0.051488,-0.045248,0.033024
1779676324314627759,2026-05-25T09:32:04.314646,ground_truth,-0.171641,0.810000,0.161331,True,,,,,,,,,0.079931,1.017895,0.591118,0.018320,0.137004,0.198964,0.000000,0.065010,0.016137,-0.106820,-0.346500,0.392424,-0.051488,-0.045248,0.033024
1779676324356718253,2026-05-25T09:32:04.356736,ground_truth,-0.172047,0.797000,0.155832,True,,,,,,,,,0.079931,1.017895,0.591118,0.017889,0.138748,0.200711,0.000000,0.064568,0.018756,-0.099120,-0.366660,0.391345,-0.051488,-0.042592,0.032672
1779676324394023313,2026-05-25T09:32:04.394046,ground_truth,-0.175220,0.783000,0.150073,True,,,,,,,,,0.081006,1.020041,0.586089,0.017889,0.132639,0.174963,0.000000,0.043193,0.018756,-0.097300,-0.392700,0.384124,-0.050432,-0.042080,0.034560
1779676324447802292,2026-05-25T09:32:04.447818,ground_truth,-0.174759,0.797000,0.153116,True,,,,,,,,,0.082053,1.021540,0.581665,0.019634,0.122603,0.150531,0.000000,0.029665,0.018756,-0.099820,-0.381920,0.357647,-0.050432,-0.038752,0.035584
1779676324490549552,2026-05-25T09:32:04.490570,ground_truth,-0.174924,0.792000,0.149305,True,,,,,,,,,0.082053,1.021540,0.581665,0.019634,0.116063,0.137438,0.000000,0.018756,0.018756,-0.113400,-0.372540,0.351422,-0.049536,-0.039808,0.032064
1779676324532589347,2026-05-25T09:32:04.532605,ground_truth,-0.174924,0.792000,0.146581,True,,,,,,,,,0.083354,1.022761,0.576651,0.019634,0.110823,0.113445,0.000000,0.002609,0.018756,-0.088620,-0.406280,0.347853,-0.049376,-0.040416,0.032288
1779676324577456412,2026-05-25T09:32:04.577483,ground_truth,-0.177160,0.806000,0.146969,True,,,,,,,,,0.084442,1.023470,0.572189,0.019634,0.109079,0.109519,0.000000,0.000000,0.018756,-0.081760,-0.413420,0.357647,-0.049376,-0.039360,0.031168
1779676324631812109,2026-05-25T09:32:04.631859,ground_truth,-0.177022,0.810000,0.145164,True,,,,,,,,,0.084442,1.023470,0.572189,0.019634,0.109079,0.109519,0.000000,0.000000,0.018756,-0.081760,-0.413420,0.357647,-0.049376,-0.039360,0.031168
1779676324671971034,2026-05-25T09:32:04.671995,ground_truth,-0.176711,0.819000,0.139141,True,,,,,,,,,0.085928,1.023477,0.567093,0.019634,0.109079,0.109519,0.000000,0.000000,0.018756,-0.081760,-0.413420,0.357647,-0.049376,-0.039360,0.031168
1779676324720123541,2026-05-25T09:32:04.720146,ground_truth,-0.179387,0.819000,0.136461,True,,,,,,,,,0.087122,1.023586,0.563066,0.016576,0.073738,0.025740,0.000000,0.048432,0.016137,-0.090720,-0.401940,0.319965,-0.049440,0.047936,0.032000
1779676324756833983,2026-05-25T09:32:04.756871,ground_truth,-0.179713,0.810000,0.128997,True,,,,,,,,,0.087122,1.023586,0.563066,0.014831,0.068936,0.018759,0.000000,0.051040,0.013517,-0.099820,-0.398860,0.317807,-0.049760,0.050656,0.032896
1779676324793316355,2026-05-25T09:32:04.793352,ground_truth,-0.179858,0.806000,0.125361,True,,,,,,,,,0.088698,1.024435,0.557927,0.013087,0.065010,0.011339,0.000000,0.053659,0.013517,-0.096040,-0.414960,0.313491,-0.049920,0.044640,0.030720
1779676324835250378,2026-05-25T09:32:04.835276,ground_truth,-0.179568,0.814000,0.127245,True,,,,,,,,,0.088698,1.024435,0.557927,0.011342,0.061958,0.005666,0.000000,0.056721,0.010467,-0.095480,-0.409080,0.312993,-0.049536,0.048384,0.031072
1779676324872936029,2026-05-25T09:32:04.872958,ground_truth,-0.179098,0.827000,0.124972,True,,,,,,,,,0.089853,1.025034,0.553795,0.009598,0.060207,0.000000,0.000000,0.059340,0.010467,-0.083580,-0.437360,0.314487,-0.049920,0.048480,0.032128
1779676324917414473,2026-05-25T09:32:04.917438,ground_truth,-0.179243,0.823000,0.121345,True,,,,,,,,,0.091302,1.025829,0.548572,0.008285,0.054105,0.002178,0.000000,0.065010,0.007847,-0.079940,-0.427980,0.140851,-0.049920,0.048544,0.032000
1779676324976818855,2026-05-25T09:32:04.976840,ground_truth,-0.179387,0.819000,0.120383,True,,,,,,,,,0.092368,1.026698,0.544369,0.006540,0.050609,0.022246,0.000000,0.069807,0.007847,-0.080500,-0.433300,0.120931,-0.049824,0.049312,0.032448
1779676325018710440,2026-05-25T09:32:05.018730,ground_truth,-0.181572,0.832000,0.112875,True,,,,,,,,,0.092368,1.026698,0.544369,0.006540,0.048865,0.027919,0.000000,0.072857,0.005228,-0.086380,-0.437920,0.116449,-0.049536,0.048256,0.033280
1779676325060219863,2026-05-25T09:32:05.060243,ground_truth,-0.180777,0.853000,0.112813,True,,,,,,,,,0.093407,1.028035,0.539510,0.006540,0.048865,0.031413,0.000000,0.078096,0.005228,-0.092680,-0.441700,0.120765,-0.049824,0.049760,0.033568
1779676325112393726,2026-05-25T09:32:05.112416,ground_truth,-0.181269,0.840000,0.104270,True,,,,,,,,,0.094089,1.029800,0.535815,0.006540,0.050609,0.027919,0.000000,0.078096,0.008289,-0.100380,-0.416920,0.112465,-0.049824,0.048032,0.034240
1779676325151356872,2026-05-25T09:32:05.151384,ground_truth,-0.181269,0.840000,0.101624,True,,,,,,,,,0.094089,1.029800,0.535815,0.006540,0.052354,0.026179,0.000000,0.078096,0.007847,-0.100660,-0.407960,0.115370,-0.049824,0.048320,0.032896
1779676325208910971,2026-05-25T09:32:05.208936,ground_truth,-0.179098,0.827000,0.092974,True,,,,,,,,,0.094729,1.033172,0.531240,0.008285,0.058901,0.018759,0.000000,0.075477,0.007847,-0.104160,-0.435540,0.127986,-0.049824,0.049984,0.034304
1779676325252813687,2026-05-25T09:32:05.252841,ground_truth,-0.179713,0.810000,0.085886,True,,,,,,,,,0.095172,1.036387,0.527167,0.010029,0.060645,0.020506,0.000000,0.081158,0.007847,-0.107520,-0.426860,0.119686,-0.049664,0.047200,0.035296
1779676325289836532,2026-05-25T09:32:05.289859,ground_truth,-0.175986,0.840000,0.085754,True,,,,,,,,,0.095172,1.036387,0.527167,0.011342,0.058463,0.023993,0.000000,0.083766,0.010467,-0.101360,-0.430220,0.118026,-0.049664,0.043744,0.033504
1779676325326006766,2026-05-25T09:32:05.326030,ground_truth,-0.174036,0.819000,0.080188,True,,,,,,,,,0.095396,1.039889,0.521530,0.011342,0.055849,0.029666,0.000000,0.083766,0.013517,-0.101640,-0.423360,0.114540,-0.049664,0.050720,0.033792
1779676325365008824,2026-05-25T09:32:05.365031,ground_truth,-0.173345,0.840000,0.080463,True,,,,,,,,,0.095396,1.039889,0.521530,0.013087,0.052354,0.039265,0.000000,0.091624,0.010898,-0.106540,-0.469280,0.104912,-0.049664,0.049440,0.034624
1779676325405208463,2026-05-25T09:32:05.405233,ground_truth,-0.171516,0.814000,0.073487,True,,,,,,,,,0.095216,1.042798,0.515034,0.013087,0.044069,0.054098,0.000000,0.099914,0.013517,-0.110600,-0.477400,0.089059,-0.049664,0.046528,0.032128
1779676325457875570,2026-05-25T09:32:05.457905,ground_truth,-0.171516,0.814000,0.073487,True,,,,,,,,,0.094787,1.044817,0.509194,0.014394,0.039267,0.065013,0.000000,0.102533,0.016137,-0.109620,-0.481040,0.094288,-0.049664,0.053376,0.032672
1779676325503254058,2026-05-25T09:32:05.503275,ground_truth,-0.172047,0.797000,0.063495,True,,,,,,,,,0.094208,1.045949,0.504419,0.014394,0.039267,0.065013,0.000000,0.102533,0.016137,-0.109620,-0.481040,0.094288,-0.049664,0.053376,0.032672
1779676325553177104,2026-05-25T09:32:05.553208,ground_truth,-0.172485,0.783000,0.056954,True,,,,,,,,,0.094208,1.045949,0.504419,0.014394,0.039267,0.065013,0.000000,0.102533,0.016137,-0.109620,-0.481040,0.094288,-0.049664,0.053376,0.032672
1779676325599652273,2026-05-25T09:32:05.599676,ground_truth,-0.170017,0.774000,0.051741,True,,,,,,,,,0.093473,1.046293,0.498124,0.017889,0.029231,0.079846,0.000000,0.107772,0.016137,-0.100940,-0.449400,0.101509,-0.049664,0.049984,0.035360
1779676325641939687,2026-05-25T09:32:05.641965,ground_truth,-0.168950,0.810000,0.058942,True,,,,,,,,,0.092787,1.045508,0.492463,0.016138,0.029669,0.076351,0.000000,0.107772,0.018756,-0.100100,-0.418740,0.094288,-0.049664,0.045920,0.032512
1779676325679379996,2026-05-25T09:32:05.679404,ground_truth,-0.169217,0.801000,0.053744,True,,,,,,,,,0.092787,1.045508,0.492463,0.017889,0.035778,0.068938,0.000000,0.102091,0.018756,-0.099120,-0.434280,0.103501,-0.049664,0.049152,0.034080
1779676325731778771,2026-05-25T09:32:05.731797,ground_truth,-0.169217,0.801000,0.051035,True,,,,,,,,,0.091735,1.043135,0.485974,0.016138,0.042318,0.059340,0.000000,0.097294,0.016137,-0.095480,-0.438340,0.108315,-0.049760,0.046880,0.034848
1779676325779476685,2026-05-25T09:32:05.779498,ground_truth,-0.168684,0.819000,0.053392,True,,,,,,,,,0.090778,1.040916,0.480532,0.014831,0.044069,0.051919,0.000000,0.094244,0.013517,-0.084560,-0.418460,0.113544,-0.049760,0.048320,0.034688
1779676325821858616,2026-05-25T09:32:05.821884,ground_truth,-0.169217,0.801000,0.045617,True,,,,,,,,,0.090778,1.040916,0.480532,0.013087,0.047558,0.042759,0.000000,0.089005,0.013517,-0.071540,-0.436380,0.117279,-0.049920,0.043872,0.033280
1779676325864846735,2026-05-25T09:32:05.864866,ground_truth,-0.169217,0.801000,0.042907,True,,,,,,,,,0.089507,1.037531,0.474503,0.010029,0.054105,0.029666,0.000000,0.083335,0.010898,-0.071260,-0.439180,0.121595,-0.050944,0.043360,0.031616
1779676325912041943,2026-05-25T09:32:05.912060,ground_truth,-0.166511,0.801000,0.042907,True,,,,,,,,,0.088456,1.034337,0.469449,0.010029,0.054105,0.029666,0.000000,0.083335,0.010898,-0.071260,-0.439180,0.121595,-0.050944,0.043360,0.031616
1779676325959103604,2026-05-25T09:32:05.959130,ground_truth,-0.166260,0.810000,0.042775,True,,,,,,,,,0.088456,1.034337,0.469449,0.010029,0.054105,0.029666,0.000000,0.083335,0.010898,-0.071260,-0.439180,0.121595,-0.050944,0.043360,0.031616
1779676326008008499,2026-05-25T09:32:06.008032,ground_truth,-0.166511,0.801000,0.037489,True,,,,,,,,,0.087164,1.030757,0.464142,0.010029,0.054105,0.029666,0.000000,0.083335,0.010898,-0.071260,-0.439180,0.121595,-0.050944,0.043360,0.031616
1779676326046661176,2026-05-25T09:32:06.046679,ground_truth,-0.166623,0.797000,0.036337,True,,,,,,,,,0.086181,1.027970,0.459679,0.000000,0.099481,0.072425,0.000000,0.027045,0.000000,-0.035280,-0.424340,0.353165,-0.051200,0.035840,0.018880
1779676326089860308,2026-05-25T09:32:06.089879,ground_truth,-0.166371,0.806000,0.036228,True,,,,,,,,,0.086181,1.027970,0.459679,0.003051,0.107772,0.083771,0.000000,0.027045,0.000000,0.074340,-0.403200,0.354742,-0.050592,0.036960,-0.015712
1779676326140646569,2026-05-25T09:32:06.140667,ground_truth,-0.163569,0.810000,0.034692,True,,,,,,,,,0.085357,1.024707,0.454789,0.006540,0.111261,0.079846,0.000000,0.032284,0.008289,0.110320,-0.409780,0.355406,-0.050432,0.038752,-0.024768
1779676326179638342,2026-05-25T09:32:06.179656,ground_truth,-0.161100,0.801000,0.032070,True,,,,,,,,,0.084632,1.022483,0.450736,0.011780,0.107772,0.065444,0.000000,0.045812,0.010898,0.105280,-0.415380,0.336316,-0.050432,0.037344,-0.028896
1779676326231900563,2026-05-25T09:32:06.231931,ground_truth,-0.158695,0.788000,0.025553,True,,,,,,,,,0.084632,1.022483,0.450736,0.011342,0.098174,0.037518,0.000000,0.061949,0.013517,0.100660,-0.424900,0.326356,-0.049824,0.046304,-0.028512
1779676326280130675,2026-05-25T09:32:06.280151,ground_truth,-0.158902,0.779000,0.020171,True,,,,,,,,,0.083237,1.021071,0.446447,0.013087,0.088139,0.013086,0.000000,0.078096,0.013517,0.107520,-0.479780,0.302120,-0.050144,0.046656,-0.027776
1779676326321231283,2026-05-25T09:32:06.321252,ground_truth,-0.155882,0.792000,0.024001,True,,,,,,,,,0.082091,1.020743,0.443244,0.013087,0.078534,0.005666,0.000000,0.091624,0.013086,0.107800,-0.486640,0.131057,-0.050144,0.042912,-0.026560
1779676326364320962,2026-05-25T09:32:06.364349,ground_truth,-0.153063,0.797000,0.025474,True,,,,,,,,,0.082091,1.020743,0.443244,0.013087,0.060645,0.046685,0.000000,0.107772,0.010467,0.102900,-0.453180,0.093873,-0.050144,0.048768,-0.028896
1779676326400701674,2026-05-25T09:32:06.400726,ground_truth,-0.150442,0.792000,0.024001,True,,,,,,,,,0.080432,1.020648,0.439503,0.011342,0.045814,0.081593,0.000000,0.123908,0.010898,0.088620,-0.471100,0.071380,-0.049216,0.051872,-0.029184
1779676326448005957,2026-05-25T09:32:06.448037,ground_truth,-0.150279,0.801000,0.023943,True,,,,,,,,,0.078818,1.020095,0.436996,0.009598,0.024429,0.132204,0.000000,0.156634,0.010898,0.089880,-0.510860,0.055942,-0.049088,0.053216,-0.030336
1779676326487979299,2026-05-25T09:32:06.488011,ground_truth,-0.147491,0.806000,0.025424,True,,,,,,,,,0.078818,1.020095,0.436996,0.007853,0.008285,0.167112,0.000000,0.172351,0.008289,0.093240,-0.518000,0.044073,-0.049088,0.061440,-0.032576
1779676326541634135,2026-05-25T09:32:06.541664,ground_truth,-0.147425,0.810000,0.023914,True,,,,,,,,,0.076537,1.019718,0.434024,0.006540,0.007853,0.209871,0.000000,0.196777,0.005228,0.083300,-0.773360,0.026145,-0.049088,0.057216,-0.030624
1779676326581834614,2026-05-25T09:32:06.581855,ground_truth,-0.147425,0.810000,0.023914,True,,,,,,,,,0.074585,1.019821,0.432306,0.006540,0.019634,0.232563,0.000000,0.207685,0.005228,0.090160,-0.842800,0.034611,-0.049088,0.061792,-0.032576
1779676326622609582,2026-05-25T09:32:06.622634,ground_truth,-0.147573,0.801000,0.018524,True,,,,,,,,,0.074585,1.019821,0.432306,0.006540,0.041012,0.258303,0.000000,0.218163,0.005670,0.099400,-0.871080,0.047144,-0.049088,0.062944,-0.032288
1779676326674985009,2026-05-25T09:32:06.675013,ground_truth,-0.144868,0.801000,0.018524,True,,,,,,,,,0.072325,1.020572,0.429661,0.004796,0.048865,0.271396,0.000000,0.226452,0.005670,0.099120,-0.835940,0.022742,-0.049152,0.062944,-0.032896
1779676326726797555,2026-05-25T09:32:06.726821,ground_truth,-0.144927,0.797000,0.014610,True,,,,,,,,,0.070571,1.020723,0.428125,0.004796,0.050609,0.278809,0.000000,0.226452,0.005228,0.100100,-0.855260,0.026145,-0.049600,0.064064,-0.035072
1779676326779279494,2026-05-25T09:32:06.779304,ground_truth,-0.145001,0.792000,0.010381,True,,,,,,,,,0.069273,1.020874,0.426621,0.004796,0.054105,0.277069,0.000000,0.223833,0.005670,0.108500,-0.883680,0.038014,-0.049920,0.063168,-0.032896
1779676326816756196,2026-05-25T09:32:06.816783,ground_truth,-0.144927,0.797000,0.009179,True,,,,,,,,,0.069273,1.020874,0.426621,0.004796,0.053667,0.273575,0.000000,0.221213,0.005228,0.105980,-0.857360,0.038761,-0.050208,0.060064,-0.033728
1779676326859404496,2026-05-25T09:32:06.859429,ground_truth,-0.144927,0.797000,0.009179,True,,,,,,,,,0.066886,1.020451,0.423712,0.003489,0.051923,0.263976,0.000000,0.212924,0.005228,0.098840,-0.821800,0.032536,-0.050208,0.062176,-0.033344
1779676326912921184,2026-05-25T09:32:06.912946,ground_truth,-0.142334,0.788000,0.003708,True,,,,,,,,,0.065466,1.019864,0.421685,0.004796,0.045814,0.245217,0.000000,0.199396,0.002609,0.103460,-0.824880,0.055444,-0.051552,0.058784,-0.034560
1779676326964954634,2026-05-25T09:32:06.964984,ground_truth,-0.142519,0.774000,-0.006084,True,,,,,,,,,0.065466,1.019864,0.421685,0.003051,0.039267,0.223395,0.000000,0.180640,0.002609,0.107520,-0.787920,0.057851,-0.051552,0.059776,-0.035232
1779676327010038521,2026-05-25T09:32:07.010062,ground_truth,-0.142334,0.788000,-0.004484,True,,,,,,,,,0.063500,1.019508,0.418879,0.006540,0.027487,0.197216,0.000000,0.167112,0.002609,0.102480,-0.804720,0.060922,-0.052320,0.057056,-0.035840
1779676327048148834,2026-05-25T09:32:07.048174,ground_truth,-0.142162,0.801000,-0.005859,True,,,,,,,,,0.062443,1.019411,0.416607,0.007853,0.019196,0.172785,0.000000,0.156634,0.005228,0.107240,-0.776860,0.066898,-0.053216,0.051104,-0.037024
1779676327085855871,2026-05-25T09:32:07.085881,ground_truth,-0.142572,0.770000,-0.018362,True,,,,,,,,,0.062443,1.019411,0.416607,0.009598,0.011780,0.148784,0.000000,0.131766,0.008289,0.105280,-0.755160,0.075696,-0.053984,0.052832,-0.038464
1779676327125010795,2026-05-25T09:32:07.125044,ground_truth,-0.142162,0.801000,-0.008568,True,,,,,,,,,0.061369,1.019021,0.412714,0.009598,0.011780,0.148784,0.000000,0.131766,0.008289,0.105280,-0.755160,0.075696,-0.053984,0.052832,-0.038464
1779676327166122222,2026-05-25T09:32:07.166153,ground_truth,-0.142281,0.792000,-0.019584,True,,,,,,,,,0.061369,1.019021,0.412714,0.009598,0.011780,0.148784,0.000000,0.131766,0.008289,0.105280,-0.755160,0.075696,-0.053984,0.052832,-0.038464
1779676327217978996,2026-05-25T09:32:07.217998,ground_truth,-0.142162,0.801000,-0.024823,True,,,,,,,,,0.060499,1.018789,0.408163,0.011342,0.006540,0.135698,0.000000,0.129147,0.010898,0.102480,-0.747600,0.085822,-0.053984,0.050816,-0.038912
1779676327259232501,2026-05-25T09:32:07.259258,ground_truth,-0.142334,0.788000,-0.029059,True,,,,,,,,,0.060031,1.018449,0.404431,0.021378,0.013087,0.072425,0.000000,0.083766,0.021375,0.111580,-0.450380,0.098770,-0.054432,0.047808,-0.036192
1779676327300254275,2026-05-25T09:32:07.300281,ground_truth,-0.142334,0.788000,-0.031789,True,,,,,,,,,0.060031,1.018449,0.404431,0.024429,0.016138,0.066752,0.000000,0.080716,0.023995,0.114660,-0.489440,0.099102,-0.054880,0.046592,-0.037792
1779676327339783866,2026-05-25T09:32:07.339808,ground_truth,-0.142043,0.810000,-0.027280,True,,,,,,,,,0.059678,1.017706,0.400922,0.026174,0.014831,0.061079,0.000000,0.078096,0.023995,0.106820,-0.490000,0.100928,-0.055040,0.041632,-0.037120
1779676327382105753,2026-05-25T09:32:07.382129,ground_truth,-0.145269,0.774000,-0.041881,True,,,,,,,,,0.059229,1.016202,0.395945,0.027925,0.014831,0.048432,0.000000,0.064568,0.029665,0.113400,-0.467040,0.098936,-0.055040,0.043744,-0.040032
1779676327423658621,2026-05-25T09:32:07.423685,ground_truth,-0.145194,0.779000,-0.042973,True,,,,,,,,,0.059229,1.016202,0.395945,0.029669,0.016138,0.044499,0.000000,0.059340,0.029665,0.101920,-0.464940,0.109726,-0.055168,0.042528,-0.039968
1779676327474163355,2026-05-25T09:32:07.474190,ground_truth,-0.145328,0.770000,-0.048724,True,,,,,,,,,0.059105,1.014582,0.390052,0.029231,0.018320,0.033161,0.000000,0.048432,0.029665,0.104160,-0.472360,0.120018,-0.055488,0.043968,-0.037408
1779676327514161862,2026-05-25T09:32:07.514189,ground_truth,-0.145194,0.779000,-0.048463,True,,,,,,,,,0.059078,1.013060,0.385114,0.027925,0.019634,0.023993,0.000000,0.043193,0.027045,0.111860,-0.469000,0.119520,-0.055616,0.035072,-0.038688
1779676327555853724,2026-05-25T09:32:07.555880,ground_truth,-0.145536,0.756000,-0.058967,True,,,,,,,,,0.059078,1.013060,0.385114,0.029669,0.019634,0.020506,0.000000,0.037954,0.029234,0.114380,-0.456260,0.118690,-0.055616,0.036736,-0.038016
1779676327594709511,2026-05-25T09:32:07.594741,ground_truth,-0.145402,0.765000,-0.058699,True,,,,,,,,,0.059185,1.011012,0.379019,0.029669,0.019634,0.020506,0.000000,0.037954,0.029234,0.114380,-0.456260,0.118690,-0.055616,0.036736,-0.038016
1779676327632042011,2026-05-25T09:32:07.632071,ground_truth,-0.145402,0.765000,-0.061468,True,,,,,,,,,0.059185,1.011012,0.379019,0.029669,0.019634,0.020506,0.000000,0.037954,0.029234,0.114380,-0.456260,0.118690,-0.055616,0.036736,-0.038016
1779676327674730202,2026-05-25T09:32:07.674757,ground_truth,-0.142638,0.765000,-0.061468,True,,,,,,,,,0.059453,1.008522,0.372521,0.029669,0.019634,0.020506,0.000000,0.037954,0.029234,0.114380,-0.456260,0.118690,-0.055616,0.036736,-0.038016
1779676327728199419,2026-05-25T09:32:07.728221,ground_truth,-0.142572,0.770000,-0.062525,True,,,,,,,,,0.059633,1.006318,0.366942,0.024429,0.010029,0.051919,0.000000,0.061949,0.023995,0.105980,-0.499940,0.088561,-0.054208,0.044256,-0.034848
1779676327766516172,2026-05-25T09:32:07.766538,ground_truth,-0.142704,0.760000,-0.065947,True,,,,,,,,,0.059633,1.006318,0.366942,0.024429,0.008285,0.055845,0.000000,0.067629,0.024426,0.097860,-0.481740,0.088395,-0.054208,0.043136,-0.033728
1779676327807274572,2026-05-25T09:32:07.807316,ground_truth,-0.142704,0.760000,-0.077054,True,,,,,,,,,0.059716,1.003548,0.361122,0.024429,0.008285,0.055845,0.000000,0.067629,0.024426,0.097860,-0.481740,0.088395,-0.054208,0.043136,-0.033728
1779676327844360776,2026-05-25T09:32:07.844386,ground_truth,-0.142519,0.774000,-0.072170,True,,,,,,,,,0.059771,1.000973,0.356022,0.024429,0.008285,0.055845,0.000000,0.067629,0.024426,0.097860,-0.481740,0.088395,-0.054208,0.043136,-0.033728
1779676327882353869,2026-05-25T09:32:07.882387,ground_truth,-0.142572,0.770000,-0.076326,True,,,,,,,,,0.059771,1.000973,0.356022,0.024429,0.008285,0.055845,0.000000,0.067629,0.024426,0.097860,-0.481740,0.088395,-0.054208,0.043136,-0.033728
1779676327926813899,2026-05-25T09:32:07.926837,ground_truth,-0.142757,0.756000,-0.086798,True,,,,,,,,,0.059813,0.997571,0.350513,0.016138,0.017889,0.059340,0.000000,0.080716,0.019198,0.105000,-0.474180,0.093541,-0.051200,0.046304,-0.032512
1779676327983789784,2026-05-25T09:32:07.983812,ground_truth,-0.142453,0.779000,-0.081408,True,,,,,,,,,0.059849,0.994979,0.345642,0.016138,0.019634,0.061079,0.000000,0.083766,0.016137,0.093240,-0.454720,0.086652,-0.051200,0.043808,-0.031840
1779676328025187274,2026-05-25T09:32:08.025210,ground_truth,-0.139815,0.770000,-0.084606,True,,,,,,,,,0.059849,0.994979,0.345642,0.016138,0.019634,0.061079,0.000000,0.083766,0.016137,0.093240,-0.454720,0.086652,-0.051200,0.043808,-0.031840
1779676328063931361,2026-05-25T09:32:08.063957,ground_truth,-0.139978,0.756000,-0.092365,True,,,,,,,,,0.059710,0.992479,0.339969,0.016138,0.019634,0.061079,0.000000,0.083766,0.016137,0.093240,-0.454720,0.086652,-0.051200,0.043808,-0.031840
1779676328102111721,2026-05-25T09:32:08.102137,ground_truth,-0.139769,0.774000,-0.085938,True,,,,,,,,,0.059710,0.992479,0.339969,0.006540,0.020940,0.083333,0.000000,0.105152,0.005670,0.084560,-0.476980,0.070384,-0.050272,0.049440,-0.027680
1779676328143871477,2026-05-25T09:32:08.143900,ground_truth,-0.137109,0.765000,-0.089151,True,,,,,,,,,0.059397,0.990709,0.335232,0.004796,0.021378,0.089006,0.000000,0.110391,0.008289,0.083300,-0.480060,0.069637,-0.049984,0.044928,-0.028160
1779676328186983387,2026-05-25T09:32:08.187032,ground_truth,-0.137109,0.765000,-0.091920,True,,,,,,,,,0.058680,0.989206,0.330139,0.003489,0.017889,0.108203,0.000000,0.123908,0.003051,0.085120,-0.467740,0.065570,-0.048032,0.052832,-0.028448
1779676328234039523,2026-05-25T09:32:08.234063,ground_truth,-0.137059,0.770000,-0.090126,True,,,,,,,,,0.058680,0.989206,0.330139,0.000000,0.016576,0.116932,0.000000,0.129589,0.000000,0.091700,-0.460600,0.069637,-0.047808,0.054656,-0.027776
1779676328278227255,2026-05-25T09:32:08.278249,ground_truth,-0.137019,0.774000,-0.091445,True,,,,,,,,,0.057927,0.988169,0.326330,0.000000,0.014831,0.135698,0.000000,0.142675,0.000000,0.020020,-0.460600,0.055195,-0.046976,0.057344,-0.015808
1779676328331424931,2026-05-25T09:32:08.331454,ground_truth,-0.137059,0.770000,-0.092887,True,,,,,,,,,0.056851,0.987789,0.322260,0.001744,0.014394,0.144858,0.000000,0.161873,0.000000,-0.052920,-0.479220,0.050796,-0.046528,0.049920,0.000800
1779676328377282283,2026-05-25T09:32:08.377306,ground_truth,-0.137059,0.770000,-0.095647,True,,,,,,,,,0.056256,0.987935,0.319342,0.006540,0.013087,0.156204,0.000000,0.175401,0.005228,-0.104160,-0.467040,0.048223,-0.045920,0.053600,0.025664
1779676328417064969,2026-05-25T09:32:08.417093,ground_truth,-0.137158,0.760000,-0.099266,True,,,,,,,,,0.056256,0.987935,0.319342,0.008285,0.013087,0.161877,0.000000,0.174959,0.008289,-0.099400,-0.471380,0.045567,-0.045984,0.056384,0.028832
1779676328471725527,2026-05-25T09:32:08.471748,ground_truth,-0.137248,0.751000,-0.102524,True,,,,,,,,,0.055616,0.988358,0.315525,0.009598,0.013087,0.167550,0.000000,0.174959,0.008289,-0.082040,-0.478240,0.048140,-0.046208,0.055392,0.032448
1779676328512162367,2026-05-25T09:32:08.512186,ground_truth,-0.137248,0.751000,-0.102524,True,,,,,,,,,0.055114,0.988519,0.313091,0.009598,0.011342,0.171037,0.000000,0.180640,0.010898,-0.068460,-0.486360,0.046646,-0.046208,0.057216,0.030784
1779676328551785830,2026-05-25T09:32:08.551811,ground_truth,-0.134535,0.742000,-0.105781,True,,,,,,,,,0.055114,0.988519,0.313091,0.010029,0.008285,0.176710,0.000000,0.188487,0.010898,-0.078960,-0.471800,0.044405,-0.046304,0.055616,0.029056
1779676328593302631,2026-05-25T09:32:08.593342,ground_truth,-0.134576,0.737000,-0.107591,True,,,,,,,,,0.054367,0.987531,0.309578,0.010029,0.004796,0.178458,0.000000,0.186310,0.010898,-0.074620,-0.459340,0.051626,-0.046304,0.054336,0.027776
1779676328638330965,2026-05-25T09:32:08.638364,ground_truth,-0.131520,0.774000,-0.096953,True,,,,,,,,,0.053671,0.985869,0.307825,0.009598,0.003051,0.182383,0.000000,0.180640,0.010898,-0.078680,-0.468300,0.044073,-0.046304,0.059904,0.030112
1779676328724805985,2026-05-25T09:32:08.724834,ground_truth,-0.131580,0.765000,-0.100225,True,,,,,,,,,0.052862,0.984295,0.306757,0.009598,0.000000,0.189365,0.000000,0.183259,0.010898,-0.080220,-0.579320,0.034113,-0.046304,0.058048,0.028512
1779676328783434215,2026-05-25T09:32:08.783463,ground_truth,-0.131520,0.774000,-0.096953,True,,,,,,,,,0.052499,0.984041,0.305345,0.010029,0.001307,0.184131,0.000000,0.183259,0.010467,-0.087080,-0.670180,0.041334,-0.046304,0.055488,0.028064
1779676328835015812,2026-05-25T09:32:08.835047,ground_truth,-0.131706,0.746000,-0.107133,True,,,,,,,,,0.052499,0.984041,0.305345,0.008285,0.000000,0.176710,0.000000,0.174959,0.007847,-0.093240,-0.687260,0.039591,-0.046592,0.056896,0.030240
1779676328886868467,2026-05-25T09:32:08.886899,ground_truth,-0.131706,0.746000,-0.107133,True,,,,,,,,,0.052668,0.984159,0.306001,0.006540,0.000000,0.167550,0.000000,0.172782,0.007847,-0.088340,-0.542080,0.058515,-0.047936,0.049376,0.029792
1779676328954199256,2026-05-25T09:32:08.954227,ground_truth,-0.131706,0.746000,-0.107133,True,,,,,,,,,0.051934,0.983325,0.304882,0.006540,0.000000,0.167550,0.000000,0.172782,0.007847,-0.088340,-0.542080,0.058515,-0.047936,0.049376,0.029792
1779676328996157473,2026-05-25T09:32:08.996188,ground_truth,-0.131706,0.746000,-0.109933,True,,,,,,,,,0.050629,0.981319,0.301919,0.006540,0.000000,0.167550,0.000000,0.172782,0.007847,-0.088340,-0.542080,0.058515,-0.047936,0.049376,0.029792
1779676329049193260,2026-05-25T09:32:09.049220,ground_truth,-0.129006,0.727000,-0.116872,True,,,,,,,,,0.050259,0.979741,0.300290,0.001744,0.024429,0.103846,0.000000,0.126528,0.000000,0.058520,-0.446040,0.076194,-0.050048,0.046976,-0.002624
1779676329093633594,2026-05-25T09:32:09.093661,ground_truth,-0.128910,0.746000,-0.107133,True,,,,,,,,,0.050259,0.979741,0.300290,0.004796,0.026174,0.091192,0.000000,0.118680,0.008289,0.082040,-0.425880,0.083913,-0.050432,0.049600,-0.019328
1779676329134021906,2026-05-25T09:32:09.134065,ground_truth,-0.128930,0.742000,-0.108587,True,,,,,,,,,0.049240,0.977312,0.297913,0.004796,0.026174,0.091192,0.000000,0.118680,0.008289,0.082040,-0.425880,0.083913,-0.050432,0.049600,-0.019328
1779676329174851844,2026-05-25T09:32:09.174880,ground_truth,-0.128910,0.746000,-0.107133,True,,,,,,,,,0.048612,0.975210,0.296978,0.004796,0.026174,0.091192,0.000000,0.118680,0.008289,0.082040,-0.425880,0.083913,-0.050432,0.049600,-0.019328
1779676329230754009,2026-05-25T09:32:09.230782,ground_truth,-0.128885,0.751000,-0.105315,True,,,,,,,,,0.048612,0.975210,0.296978,0.006540,0.027925,0.083771,0.000000,0.113000,0.008289,0.088620,-0.437920,0.076526,-0.051264,0.046304,-0.026336
1779676329275703101,2026-05-25T09:32:09.275728,ground_truth,-0.128885,0.751000,-0.102524,True,,,,,,,,,0.047473,0.972452,0.296129,0.011780,0.039267,0.025740,0.000000,0.064568,0.010898,0.107240,-0.443240,0.099932,-0.051424,0.043200,-0.030784
1779676329313353404,2026-05-25T09:32:09.313370,ground_truth,-0.128956,0.737000,-0.104777,True,,,,,,,,,0.047809,0.973266,0.296380,0.010029,0.039267,0.026179,0.000000,0.061949,0.007847,0.096600,-0.460040,0.096529,-0.051328,0.044416,-0.029440
1779676329353401516,2026-05-25T09:32:09.353427,ground_truth,-0.129006,0.727000,-0.108380,True,,,,,,,,,0.047809,0.973266,0.296380,0.010029,0.034034,0.029666,0.000000,0.064568,0.010467,0.093520,-0.461580,0.091549,-0.051328,0.041312,-0.027552
1779676329395502795,2026-05-25T09:32:09.395525,ground_truth,-0.128956,0.737000,-0.101962,True,,,,,,,,,0.046448,0.971512,0.296207,0.007853,0.027925,0.038826,0.000000,0.067188,0.010898,0.095760,-0.502460,0.079846,-0.051328,0.045024,-0.028288
1779676329433143602,2026-05-25T09:32:09.433179,ground_truth,-0.128956,0.737000,-0.099148,True,,,,,,,,,0.046448,0.971512,0.296207,0.008285,0.013087,0.057592,0.000000,0.070249,0.005228,0.099120,-0.514220,0.074119,-0.051424,0.045312,-0.027456
1779676329480139180,2026-05-25T09:32:09.480162,ground_truth,-0.128981,0.732000,-0.098110,True,,,,,,,,,0.045593,0.970479,0.295531,0.006540,0.003489,0.065013,0.000000,0.072426,0.008289,0.092960,-0.502180,0.065736,-0.051424,0.040640,-0.026400
1779676329522270959,2026-05-25T09:32:09.522297,ground_truth,-0.129006,0.727000,-0.099887,True,,,,,,,,,0.045751,0.967951,0.295923,0.004796,0.001744,0.066752,0.000000,0.067188,0.005228,0.089880,-0.516740,0.078435,-0.051424,0.045248,-0.026880
1779676329560472346,2026-05-25T09:32:09.560496,ground_truth,-0.128981,0.732000,-0.095288,True,,,,,,,,,0.045751,0.967951,0.295923,0.004796,0.001744,0.057592,0.000000,0.054101,0.005228,0.091700,-0.661780,0.089142,-0.053664,0.041696,-0.026784
1779676329600335635,2026-05-25T09:32:09.600364,ground_truth,-0.126226,0.713000,-0.102009,True,,,,,,,,,0.045345,0.964630,0.297041,0.003051,0.003051,0.048432,0.000000,0.043193,0.005228,0.087080,-0.760620,0.082585,-0.053824,0.038240,-0.027616
1779676329645476959,2026-05-25T09:32:09.645503,ground_truth,-0.126209,0.718000,-0.100240,True,,,,,,,,,0.044820,0.962965,0.297529,0.004796,0.004796,0.041012,0.000000,0.032284,0.005670,0.091420,-0.788900,0.089142,-0.053280,0.036288,-0.028160
1779676329708183509,2026-05-25T09:32:09.708209,ground_truth,-0.126179,0.727000,-0.094226,True,,,,,,,,,0.044734,0.961417,0.298269,0.004796,0.003489,0.039265,0.000000,0.037523,0.005670,0.091420,-0.771820,0.080012,-0.051488,0.041760,-0.028224
1779676329758292548,2026-05-25T09:32:09.758323,ground_truth,-0.126192,0.723000,-0.089959,True,,,,,,,,,0.044734,0.961417,0.298269,0.005233,0.003489,0.046685,0.000000,0.045812,0.007847,0.091140,-0.800660,0.074285,-0.051200,0.037632,-0.028896
1779676329807505779,2026-05-25T09:32:09.807530,ground_truth,-0.126192,0.723000,-0.087122,True,,,,,,,,,0.044264,0.958576,0.300528,0.006540,0.006540,0.067191,0.000000,0.061949,0.008289,0.085120,-0.796600,0.062084,-0.048480,0.042080,-0.029504
1779676329849338400,2026-05-25T09:32:09.849357,ground_truth,-0.126192,0.723000,-0.084285,True,,,,,,,,,0.044064,0.956764,0.302245,0.006540,0.010029,0.083771,0.000000,0.075477,0.005228,0.085540,-0.809060,0.049717,-0.048320,0.043872,-0.029952
1779676329892827517,2026-05-25T09:32:09.892864,ground_truth,-0.126179,0.727000,-0.077241,True,,,,,,,,,0.044064,0.956764,0.302245,0.004796,0.011342,0.092931,0.000000,0.083766,0.008289,0.092680,-0.803740,0.051294,-0.048320,0.045376,-0.030944
1779676329950177165,2026-05-25T09:32:09.950202,ground_truth,-0.126081,0.756000,-0.061750,True,,,,,,,,,0.043741,0.954179,0.305070,0.004796,0.011342,0.092931,0.000000,0.083766,0.008289,0.092680,-0.803740,0.051294,-0.048320,0.045376,-0.030944
1779676329988963500,2026-05-25T09:32:09.988990,ground_truth,-0.126192,0.723000,-0.064423,True,,,,,,,,,0.043547,0.952536,0.307805,0.004796,0.011342,0.092931,0.000000,0.083766,0.008289,0.092680,-0.803740,0.051294,-0.048320,0.045376,-0.030944
1779676330035958598,2026-05-25T09:32:10.035986,ground_truth,-0.126209,0.718000,-0.060402,True,,,,,,,,,0.043547,0.952536,0.307805,0.004796,0.011342,0.092931,0.000000,0.083766,0.008289,0.092680,-0.803740,0.051294,-0.048320,0.045376,-0.030944
1779676330079768845,2026-05-25T09:32:10.079798,ground_truth,-0.123343,0.732000,-0.052949,True,,,,,,,,,0.043359,0.950933,0.310424,0.004796,0.011342,0.092931,0.000000,0.083766,0.008289,0.092680,-0.803740,0.051294,-0.048320,0.045376,-0.030944
1779676330120883338,2026-05-25T09:32:10.120904,ground_truth,-0.123352,0.727000,-0.048933,True,,,,,,,,,0.042974,0.949181,0.315139,0.004796,0.013087,0.095117,0.000000,0.085954,0.007847,0.089460,-0.804720,0.046978,-0.048384,0.044320,-0.030240
1779676330167507040,2026-05-25T09:32:10.167533,ground_truth,-0.123376,0.713000,-0.044933,True,,,,,,,,,0.042974,0.949181,0.315139,0.006540,0.019634,0.061518,0.000000,0.043193,0.008289,0.090160,-0.808360,0.078435,-0.051104,0.040192,-0.029568
1779676330225209173,2026-05-25T09:32:10.225233,ground_truth,-0.120525,0.723000,-0.038887,True,,,,,,,,,0.042557,0.947936,0.319204,0.004796,0.019634,0.048432,0.000000,0.032284,0.008289,0.095060,-0.776440,0.084328,-0.050816,0.033856,-0.029888
1779676330277887115,2026-05-25T09:32:10.277911,ground_truth,-0.120525,0.732000,-0.027546,True,,,,,,,,,0.041900,0.946736,0.324758,0.004796,0.019634,0.048432,0.000000,0.032284,0.008289,0.095060,-0.776440,0.084328,-0.050816,0.033856,-0.029888
1779676330315238428,2026-05-25T09:32:10.315261,ground_truth,-0.117706,0.732000,-0.024723,True,,,,,,,,,0.041271,0.945843,0.329839,0.004796,0.019634,0.048432,0.000000,0.032284,0.008289,0.095060,-0.776440,0.084328,-0.050816,0.033856,-0.029888
1779676330351909393,2026-05-25T09:32:10.351935,ground_truth,-0.117692,0.723000,-0.024700,True,,,,,,,,,0.041271,0.945843,0.329839,0.004796,0.019634,0.048432,0.000000,0.032284,0.008289,0.095060,-0.776440,0.084328,-0.050816,0.033856,-0.029888
1779676330387610939,2026-05-25T09:32:10.387637,ground_truth,-0.117692,0.723000,-0.021862,True,,,,,,,,,0.040487,0.945704,0.336655,0.000000,0.045814,0.094679,0.000000,0.048432,0.000000,0.091140,-0.807800,0.051958,-0.049760,0.042464,-0.026400
1779676330430528472,2026-05-25T09:32:10.430563,ground_truth,-0.117698,0.727000,-0.014963,True,,,,,,,,,0.040487,0.945704,0.336655,0.000000,0.048865,0.096426,0.000000,0.045812,0.002609,-0.001540,-0.801220,0.059179,-0.049760,0.037920,-0.004352
1779676330479849271,2026-05-25T09:32:10.479874,ground_truth,-0.114843,0.718000,-0.014872,True,,,,,,,,,0.039584,0.945896,0.344497,0.000000,0.050609,0.095117,0.000000,0.040573,0.002609,-0.047740,-0.827680,0.060590,-0.049760,0.036640,0.017536
1779676330517925073,2026-05-25T09:32:10.517949,ground_truth,-0.114827,0.713000,-0.010687,True,,,,,,,,,0.038720,0.946045,0.351292,0.000000,0.050609,0.095117,0.000000,0.040573,0.002609,-0.047740,-0.827680,0.060590,-0.049760,0.036640,0.017536
1779676330560284081,2026-05-25T09:32:10.560319,ground_truth,-0.114859,0.723000,-0.004838,True,,,,,,,,,0.038720,0.946045,0.351292,0.000000,0.050609,0.095117,0.000000,0.040573,0.002609,-0.047740,-0.827680,0.060590,-0.049760,0.036640,0.017536
1779676330602238919,2026-05-25T09:32:10.602267,ground_truth,-0.114871,0.727000,-0.003640,True,,,,,,,,,0.037597,0.945947,0.359035,0.000000,0.050609,0.095117,0.000000,0.040573,0.002609,-0.047740,-0.827680,0.060590,-0.049760,0.036640,0.017536
1779676330639139040,2026-05-25T09:32:10.639162,ground_truth,-0.114887,0.732000,0.003503,True,,,,,,,,,0.036544,0.945756,0.365680,0.003051,0.058901,0.074611,0.000000,0.016137,0.002609,-0.085820,-0.832300,0.062831,-0.051264,0.037184,0.025888
1779676330676137157,2026-05-25T09:32:10.676166,ground_truth,-0.117698,0.727000,0.004852,True,,,,,,,,,0.036544,0.945756,0.365680,0.003489,0.067192,0.078098,0.000000,0.010898,0.002609,-0.093800,-0.853020,0.063993,-0.052000,0.038400,0.027328
1779676330729425084,2026-05-25T09:32:10.729451,ground_truth,-0.117698,0.727000,0.010514,True,,,,,,,,,0.035370,0.945635,0.373127,0.004796,0.078534,0.078098,0.000000,0.003051,0.002609,-0.087360,-0.817040,0.060922,-0.052480,0.036960,0.026176
1779676330768095665,2026-05-25T09:32:10.768126,ground_truth,-0.117721,0.742000,0.017690,True,,,,,,,,,0.035370,0.945635,0.373127,0.003489,0.084643,0.076351,0.000000,0.002609,0.005670,-0.087640,-0.830480,0.063329,-0.052608,-0.001952,0.026496
1779676330808625885,2026-05-25T09:32:10.808652,ground_truth,-0.117692,0.723000,0.020698,True,,,,,,,,,0.034529,0.945668,0.379369,0.003489,0.091628,0.072425,0.000000,0.021807,0.002609,-0.097580,-0.819560,0.063329,-0.052768,-0.037920,0.028960
1779676330847678277,2026-05-25T09:32:10.847708,ground_truth,-0.117706,0.732000,0.026084,True,,,,,,,,,0.033804,0.945750,0.386523,0.001744,0.092934,0.068500,0.000000,0.024426,0.002609,-0.094500,-0.811160,0.063827,-0.053056,-0.039584,0.028448
1779676330891148681,2026-05-25T09:32:10.891174,ground_truth,-0.117684,0.718000,0.024966,True,,,,,,,,,0.033804,0.945750,0.386523,0.001744,0.092934,0.068500,0.000000,0.024426,0.002609,-0.094500,-0.811160,0.063827,-0.053056,-0.039584,0.028448
1779676330928645170,2026-05-25T09:32:10.928678,ground_truth,-0.117698,0.727000,0.033161,True,,,,,,,,,0.033258,0.946033,0.393971,0.001744,0.092934,0.068500,0.000000,0.024426,0.002609,-0.094500,-0.811160,0.063827,-0.053056,-0.039584,0.028448
1779676330984897502,2026-05-25T09:32:10.984915,ground_truth,-0.120523,0.751000,0.045419,True,,,,,,,,,0.032942,0.946144,0.400249,0.000000,0.091628,0.029666,0.000000,0.064568,0.000000,0.021700,-0.821100,0.097193,-0.053824,-0.046304,0.003904
1779676331027486763,2026-05-25T09:32:11.027507,ground_truth,-0.120525,0.732000,0.045842,True,,,,,,,,,0.032942,0.946144,0.400249,0.003489,0.088139,0.011339,0.000000,0.075477,0.002609,0.076440,-0.798140,0.103169,-0.055168,-0.047360,-0.022048
1779676331076640384,2026-05-25T09:32:11.076663,ground_truth,-0.120525,0.727000,0.052976,True,,,,,,,,,0.033015,0.946168,0.407442,0.008285,0.086825,0.002178,0.000000,0.094244,0.005228,0.092260,-0.790720,0.234060,-0.056384,-0.054496,-0.027680
1779676331131851416,2026-05-25T09:32:11.131884,ground_truth,-0.123335,0.737000,0.061271,True,,,,,,,,,0.033172,0.946409,0.413685,0.011342,0.088139,0.029666,0.000000,0.118238,0.013517,0.095760,-0.804440,0.301124,-0.056992,-0.052320,-0.028832
1779676331179893163,2026-05-25T09:32:11.179913,ground_truth,-0.123335,0.737000,0.072529,True,,,,,,,,,0.033556,0.946826,0.419491,0.011342,0.088139,0.042759,0.000000,0.126528,0.013517,0.107240,-0.819000,0.313823,-0.056992,-0.056832,-0.031008
1779676331227095693,2026-05-25T09:32:11.227119,ground_truth,-0.126192,0.723000,0.077446,True,,,,,,,,,0.033556,0.946826,0.419491,0.011342,0.088139,0.042759,0.000000,0.126528,0.013517,0.107240,-0.819000,0.313823,-0.056992,-0.056832,-0.031008
1779676331267312252,2026-05-25T09:32:11.267333,ground_truth,-0.126162,0.732000,0.091003,True,,,,,,,,,0.034328,0.947927,0.426853,0.011342,0.088139,0.042759,0.000000,0.126528,0.013517,0.107240,-0.819000,0.313823,-0.056992,-0.056832,-0.031008
1779676331310466356,2026-05-25T09:32:11.310489,ground_truth,-0.128956,0.737000,0.095044,True,,,,,,,,,0.035115,0.948915,0.433779,0.016138,0.088139,0.065013,0.000000,0.153584,0.016137,0.090720,-0.805560,0.320380,-0.055392,-0.056608,-0.033504
1779676331351800004,2026-05-25T09:32:11.351819,ground_truth,-0.128956,0.737000,0.097858,True,,,,,,,,,0.035115,0.948915,0.433779,0.016576,0.085081,0.065013,0.000000,0.148345,0.016137,0.094500,-0.795760,0.308677,-0.053760,-0.060288,-0.030336
1779676331404755671,2026-05-25T09:32:11.404781,ground_truth,-0.128981,0.732000,0.102293,True,,,,,,,,,0.036211,0.949874,0.442226,0.016138,0.083336,0.061079,0.000000,0.150964,0.016137,0.078960,-0.791700,0.309009,-0.053888,-0.055488,-0.032576
1779676331461973546,2026-05-25T09:32:11.461993,ground_truth,-0.126145,0.737000,0.114745,True,,,,,,,,,0.037217,0.950745,0.450113,0.016138,0.081592,0.063265,0.000000,0.142675,0.013517,0.095060,-0.785540,0.312412,-0.053888,-0.059616,-0.030464
1779676331502598791,2026-05-25T09:32:11.502617,ground_truth,-0.123326,0.742000,0.124324,True,,,,,,,,,0.037217,0.950745,0.450113,0.014831,0.082030,0.065013,0.000000,0.145726,0.016137,0.103180,-0.791000,0.319633,-0.053888,-0.055264,-0.028288
1779676331549822397,2026-05-25T09:32:11.549840,ground_truth,-0.123367,0.718000,0.124562,True,,,,,,,,,0.038057,0.951537,0.457516,0.014831,0.078534,0.068938,0.000000,0.147914,0.013517,0.095060,-0.826140,0.331834,-0.053888,-0.058624,-0.030176
1779676331587604709,2026-05-25T09:32:11.587628,ground_truth,-0.123343,0.732000,0.130519,True,,,,,,,,,0.038768,0.952387,0.466538,0.013087,0.080279,0.074173,0.000000,0.156634,0.013517,0.086380,-0.806820,0.325028,-0.053888,-0.059840,-0.027904
1779676331635160988,2026-05-25T09:32:11.635194,ground_truth,-0.123359,0.723000,0.134193,True,,,,,,,,,0.038768,0.952387,0.466538,0.010029,0.076790,0.079846,0.000000,0.156203,0.010898,0.088620,-0.752640,0.321708,-0.052384,-0.059104,-0.031296
1779676331673555493,2026-05-25T09:32:11.673587,ground_truth,-0.120526,0.718000,0.141635,True,,,,,,,,,0.039352,0.953134,0.474971,0.010029,0.075045,0.079846,0.000000,0.156203,0.008289,0.086380,-0.771540,0.320546,-0.052224,-0.056672,-0.030176
1779676331727594071,2026-05-25T09:32:11.727623,ground_truth,-0.120526,0.713000,0.149126,True,,,,,,,,,0.039849,0.953582,0.484905,0.006540,0.071994,0.082024,0.000000,0.156203,0.007847,0.086800,-0.779940,0.323119,-0.052096,-0.057728,-0.030624
1779676331788561904,2026-05-25T09:32:11.788602,ground_truth,-0.120526,0.718000,0.155863,True,,,,,,,,,0.040145,0.953656,0.493670,0.006540,0.071994,0.082024,0.000000,0.156203,0.007847,0.086800,-0.779940,0.323119,-0.052096,-0.057728,-0.030624
1779676331825430384,2026-05-25T09:32:11.825457,ground_truth,-0.120525,0.723000,0.165405,True,,,,,,,,,0.040145,0.953656,0.493670,0.006540,0.071994,0.082024,0.000000,0.156203,0.007847,0.086800,-0.779940,0.323119,-0.052096,-0.057728,-0.030624
1779676331865028512,2026-05-25T09:32:11.865057,ground_truth,-0.114827,0.713000,0.177664,True,,,,,,,,,0.040238,0.953121,0.503646,0.006540,0.071994,0.082024,0.000000,0.156203,0.007847,0.086800,-0.779940,0.323119,-0.052096,-0.057728,-0.030624
1779676331901529073,2026-05-25T09:32:11.901556,ground_truth,-0.114811,0.708000,0.182425,True,,,,,,,,,0.040238,0.953121,0.503646,0.006540,0.071994,0.081593,0.000000,0.156203,0.005670,0.080220,-0.774060,0.323783,-0.051648,-0.062720,-0.032288
1779676331953439777,2026-05-25T09:32:11.953464,ground_truth,-0.111977,0.713000,0.189079,True,,,,,,,,,0.040102,0.952345,0.513105,0.003489,0.057156,0.102099,0.000000,0.159254,0.002609,-0.066640,-0.763840,0.339636,-0.049824,-0.056992,0.017536
1779676331994654099,2026-05-25T09:32:11.994673,ground_truth,-0.106196,0.703000,0.192958,True,,,,,,,,,0.039440,0.951002,0.522966,0.006540,0.053667,0.111259,0.000000,0.167112,0.007847,-0.097300,-0.756280,0.339055,-0.050144,-0.057280,0.024992
1779676332036567831,2026-05-25T09:32:12.036607,ground_truth,-0.103281,0.698000,0.200679,True,,,,,,,,,0.038415,0.949479,0.532536,0.008285,0.052354,0.119118,0.000000,0.169731,0.007847,-0.091700,-0.748860,0.348185,-0.050208,-0.069920,0.026944
1779676332101529390,2026-05-25T09:32:12.101570,ground_truth,-0.100292,0.688000,0.204690,True,,,,,,,,,0.038415,0.949479,0.532536,0.009598,0.052354,0.133951,0.000000,0.188929,0.010467,-0.087360,-0.749560,0.345778,-0.050208,-0.061440,0.029120
1779676332150716416,2026-05-25T09:32:12.150741,ground_truth,-0.088460,0.673000,0.207909,True,,,,,,,,,0.037046,0.947733,0.541470,0.011342,0.052354,0.137438,0.000000,0.188929,0.010898,-0.086380,-0.750120,0.356319,-0.050144,-0.066912,0.030176
1779676332239602666,2026-05-25T09:32:12.239638,ground_truth,-0.085642,0.678000,0.208766,True,,,,,,,,,0.032988,0.942951,0.558140,0.011342,0.055412,0.147037,0.000000,0.204635,0.010898,-0.081480,-0.746480,0.364868,-0.050144,-0.065632,0.030944
1779676332296364576,2026-05-25T09:32:12.296394,ground_truth,-0.082501,0.667000,0.209810,True,,,,,,,,,0.032988,0.942951,0.558140,0.010029,0.055849,0.150531,0.000000,0.207685,0.013517,-0.094500,-0.757260,0.365864,-0.050432,-0.065408,0.030848
1779676332340424730,2026-05-25T09:32:12.340450,ground_truth,-0.080056,0.688000,0.219164,True,,,,,,,,,0.030023,0.939124,0.566223,0.008285,0.055412,0.154457,0.000000,0.207254,0.010467,-0.097300,-0.777420,0.354410,-0.050144,-0.067520,0.031072
1779676332383859204,2026-05-25T09:32:12.383877,ground_truth,-0.076920,0.678000,0.217500,True,,,,,,,,,0.026936,0.935145,0.573703,0.009598,0.057156,0.158383,0.000000,0.215543,0.008289,-0.090440,-0.804440,0.362793,-0.050208,-0.067008,0.031232
1779676332432359113,2026-05-25T09:32:12.432382,ground_truth,-0.076798,0.673000,0.219587,True,,,,,,,,,0.026936,0.935145,0.573703,0.006540,0.063703,0.161877,0.000000,0.223833,0.007847,-0.097300,-0.787080,0.357813,-0.050208,-0.066848,0.031616
1779676332492282644,2026-05-25T09:32:12.492312,ground_truth,-0.073725,0.667000,0.221528,True,,,,,,,,,0.022956,0.930490,0.581883,0.006540,0.068936,0.159691,0.000000,0.229071,0.005228,-0.091700,-0.768740,0.377982,-0.049824,-0.066304,0.031008
1779676332544699175,2026-05-25T09:32:12.544725,ground_truth,-0.070800,0.667000,0.224457,True,,,,,,,,,0.019169,0.926267,0.589080,0.006540,0.073301,0.156204,0.000000,0.226452,0.005670,-0.082460,-0.773640,0.367607,-0.049664,-0.068064,0.028960
1779676332588739060,2026-05-25T09:32:12.588765,ground_truth,-0.070522,0.657000,0.222842,True,,,,,,,,,0.015253,0.922087,0.595801,0.003489,0.078534,0.150531,0.000000,0.226452,0.002609,-0.089180,-0.745500,0.354742,-0.049984,-0.072640,0.030016
1779676332632093069,2026-05-25T09:32:12.632116,ground_truth,-0.070661,0.662000,0.226587,True,,,,,,,,,0.015253,0.922087,0.595801,0.000000,0.083336,0.137438,0.000000,0.223833,0.002609,-0.097580,-0.775880,0.344035,-0.048480,-0.067968,0.029952
1779676332674897459,2026-05-25T09:32:12.674915,ground_truth,-0.070661,0.662000,0.229525,True,,,,,,,,,0.010553,0.917077,0.602373,0.001744,0.085081,0.130025,0.000000,0.221213,0.003051,-0.091420,-0.796040,0.355074,-0.048480,-0.072416,0.028288
1779676332738987362,2026-05-25T09:32:12.739024,ground_truth,-0.070383,0.652000,0.227943,True,,,,,,,,,0.006070,0.912159,0.608166,0.000000,0.091190,0.117371,0.000000,0.209873,0.000000,0.017360,-0.815220,0.353331,-0.048480,-0.067136,0.006240
1779676332783211002,2026-05-25T09:32:12.783260,ground_truth,-0.067875,0.667000,0.236175,True,,,,,,,,,0.002269,0.907818,0.612601,0.006540,0.097736,0.107772,0.000000,0.202457,0.008289,0.082740,-0.803460,0.341794,-0.048480,-0.072480,-0.020928
1779676332829368592,2026-05-25T09:32:12.829394,ground_truth,-0.067727,0.662000,0.235400,True,,,,,,,,,0.002269,0.907818,0.612601,0.011342,0.102970,0.098604,0.000000,0.196777,0.013517,0.086100,-0.772520,0.326024,-0.047712,-0.068192,-0.026272
1779676332873041650,2026-05-25T09:32:12.873065,ground_truth,-0.067109,0.641000,0.235119,True,,,,,,,,,-0.002058,0.902613,0.617322,0.016138,0.102970,0.085519,0.000000,0.188929,0.016137,0.080500,-0.747040,0.330340,-0.046656,-0.065728,-0.027008
1779676332917659558,2026-05-25T09:32:12.917689,ground_truth,-0.067433,0.652000,0.239759,True,,,,,,,,,-0.005863,0.898020,0.621273,0.017889,0.104714,0.074173,0.000000,0.183259,0.018756,0.099120,-0.784840,0.329593,-0.046208,-0.059232,-0.026112
1779676332968906072,2026-05-25T09:32:12.968931,ground_truth,-0.067433,0.652000,0.242713,True,,,,,,,,,-0.005863,0.898020,0.621273,0.022685,0.112568,0.052358,0.000000,0.164051,0.021807,0.112140,-0.786100,0.323119,-0.045760,-0.062624,-0.028832
1779676333013595942,2026-05-25T09:32:13.013625,ground_truth,-0.067433,0.652000,0.248621,True,,,,,,,,,-0.008778,0.894082,0.624571,0.026174,0.119114,0.033161,0.000000,0.150964,0.026614,0.108080,-0.787640,0.302286,-0.044544,-0.053888,-0.032736
1779676333051731264,2026-05-25T09:32:13.051756,ground_truth,-0.063986,0.636000,0.249254,True,,,,,,,,,-0.011309,0.890103,0.628731,0.029669,0.122603,0.020067,0.000000,0.142675,0.029665,0.105280,-0.779240,0.295895,-0.044096,-0.054656,-0.034016
1779676333090979808,2026-05-25T09:32:13.091009,ground_truth,-0.064141,0.641000,0.252951,True,,,,,,,,,-0.011309,0.890103,0.628731,0.032720,0.127406,0.003926,0.000000,0.129147,0.032284,0.104440,-0.789460,0.300377,-0.044192,-0.060384,-0.035360
1779676333129512641,2026-05-25T09:32:13.129538,ground_truth,-0.061010,0.636000,0.255214,True,,,,,,,,,-0.013518,0.886090,0.633168,0.034465,0.130457,0.001740,0.000000,0.123908,0.035335,0.128240,-0.784840,0.156289,-0.044480,-0.051872,-0.035456
1779676333168068762,2026-05-25T09:32:13.168098,ground_truth,-0.060650,0.625000,0.256653,True,,,,,,,,,-0.013518,0.886090,0.633168,0.037523,0.135259,0.014833,0.000000,0.118680,0.034903,0.123900,-0.792260,0.119852,-0.044480,-0.051552,-0.036960
1779676333218957331,2026-05-25T09:32:13.218985,ground_truth,-0.057862,0.631000,0.260482,True,,,,,,,,,-0.015102,0.882753,0.636617,0.042318,0.141806,0.035339,0.000000,0.107772,0.043193,0.122640,-0.791420,0.103916,-0.044416,-0.053440,-0.035136
1779676333262852088,2026-05-25T09:32:13.262877,ground_truth,-0.057655,0.625000,0.262650,True,,,,,,,,,-0.016662,0.878701,0.640612,0.044069,0.142243,0.039265,0.000000,0.102533,0.045812,0.130760,-0.768460,0.104414,-0.044704,-0.054944,-0.038144
1779676333306076440,2026-05-25T09:32:13.306098,ground_truth,-0.057106,0.609000,0.263485,True,,,,,,,,,-0.017885,0.875250,0.644041,0.049303,0.141806,0.046246,0.000000,0.099914,0.048432,0.112840,-0.744800,0.105742,-0.044704,-0.050880,-0.038240
1779676333344899350,2026-05-25T09:32:13.344923,ground_truth,-0.057277,0.614000,0.267177,True,,,,,,,,,-0.017885,0.875250,0.644041,0.049303,0.140492,0.050172,0.000000,0.094675,0.051040,0.110320,-0.766500,0.094288,-0.043360,-0.051424,-0.036640
1779676333386895112,2026-05-25T09:32:13.386926,ground_truth,-0.054661,0.625000,0.271645,True,,,,,,,,,-0.019345,0.870910,0.648137,0.049303,0.140492,0.050172,0.000000,0.094675,0.051040,0.110320,-0.766500,0.094288,-0.043360,-0.051424,-0.036640
1779676333426587281,2026-05-25T09:32:13.426615,ground_truth,-0.051065,0.609000,0.272559,True,,,,,,,,,-0.019345,0.870910,0.648137,0.049303,0.140492,0.050172,0.000000,0.094675,0.051040,0.110320,-0.766500,0.094288,-0.043360,-0.051424,-0.036640
1779676333480060658,2026-05-25T09:32:13.480090,ground_truth,-0.050651,0.598000,0.274168,True,,,,,,,,,-0.020995,0.866097,0.652450,0.049303,0.140492,0.050172,0.000000,0.094675,0.051040,0.110320,-0.766500,0.094288,-0.043360,-0.051424,-0.036640
1779676333520382272,2026-05-25T09:32:13.520410,ground_truth,-0.048673,0.625000,0.280640,True,,,,,,,,,-0.022508,0.861691,0.656145,0.055849,0.137441,0.087266,0.000000,0.051040,0.054101,0.121800,-0.755440,0.074451,-0.041696,-0.043584,-0.041408
1779676333572217286,2026-05-25T09:32:13.572242,ground_truth,-0.047376,0.592000,0.276449,True,,,,,,,,,-0.023905,0.857709,0.659529,0.053667,0.137441,0.098173,0.000000,0.040573,0.053659,0.120820,-0.746760,0.078103,-0.041088,-0.042528,-0.036512
1779676333613614802,2026-05-25T09:32:13.613639,ground_truth,-0.047141,0.586000,0.278749,True,,,,,,,,,-0.023905,0.857709,0.659529,0.052354,0.133515,0.100352,0.000000,0.032284,0.051482,0.113960,-0.720440,0.074119,-0.040192,-0.045152,-0.038016
1779676333655075631,2026-05-25T09:32:13.655102,ground_truth,-0.047141,0.586000,0.284874,True,,,,,,,,,-0.025827,0.852444,0.663349,0.050609,0.129150,0.100352,0.000000,0.027045,0.051040,0.100100,-0.704200,0.080676,-0.040032,-0.045536,-0.038144
1779676333712481006,2026-05-25T09:32:13.712507,ground_truth,-0.046276,0.564000,0.285287,True,,,,,,,,,-0.027596,0.847383,0.666687,0.044069,0.119552,0.096865,0.000000,0.027045,0.045812,0.106820,-0.724080,0.086735,-0.040704,-0.041920,-0.034848
1779676333760631538,2026-05-25T09:32:13.760659,ground_truth,-0.045805,0.552000,0.286960,True,,,,,,,,,-0.027596,0.847383,0.666687,0.040574,0.116063,0.089006,0.000000,0.027045,0.037954,0.098560,-0.737380,0.084494,-0.040704,-0.040480,-0.034560
1779676333813359445,2026-05-25T09:32:13.813392,ground_truth,-0.045805,0.552000,0.290079,True,,,,,,,,,-0.029354,0.841418,0.670049,0.034465,0.111261,0.079846,0.000000,0.029665,0.034903,0.105000,-0.720440,0.095118,-0.041024,-0.043968,-0.035360
1779676333858801060,2026-05-25T09:32:13.858830,ground_truth,-0.045098,0.534000,0.291118,True,,,,,,,,,-0.030880,0.835420,0.673124,0.030976,0.107772,0.072425,0.000000,0.034903,0.029665,0.089180,-0.707000,0.100098,-0.041024,-0.041536,-0.033280
1779676333900660879,2026-05-25T09:32:13.900700,ground_truth,-0.045333,0.540000,0.294949,True,,,,,,,,,-0.030880,0.835420,0.673124,0.030976,0.107772,0.072425,0.000000,0.034903,0.029665,0.089180,-0.707000,0.100098,-0.041024,-0.041536,-0.033280
1779676333945983276,2026-05-25T09:32:13.946043,ground_truth,-0.041708,0.528000,0.296740,True,,,,,,,,,-0.032178,0.829589,0.675861,0.030976,0.107772,0.072425,0.000000,0.034903,0.029665,0.089180,-0.707000,0.100098,-0.041024,-0.041536,-0.033280
1779676333989701485,2026-05-25T09:32:13.989731,ground_truth,-0.042200,0.540000,0.301225,True,,,,,,,,,-0.033535,0.822050,0.679008,0.030976,0.107772,0.072425,0.000000,0.034903,0.029665,0.089180,-0.707000,0.100098,-0.041024,-0.041536,-0.033280
1779676334046060123,2026-05-25T09:32:14.046088,ground_truth,-0.042691,0.552000,0.305670,True,,,,,,,,,-0.034779,0.815041,0.681959,0.030976,0.107772,0.072425,0.000000,0.034903,0.029665,0.089180,-0.707000,0.100098,-0.041024,-0.041536,-0.033280
1779676334090696496,2026-05-25T09:32:14.090723,ground_truth,-0.042691,0.552000,0.305670,True,,,,,,,,,-0.034779,0.815041,0.681959,0.014831,0.107772,0.070686,0.000000,0.037954,0.013517,0.097860,-0.705180,0.100596,-0.042080,-0.041472,-0.029120
1779676334137256132,2026-05-25T09:32:14.137282,ground_truth,-0.041708,0.528000,0.303056,True,,,,,,,,,-0.036174,0.807225,0.685522,0.013087,0.111261,0.076351,0.000000,0.037523,0.013517,0.089180,-0.686560,0.087897,-0.042240,-0.044864,-0.030112
1779676334180401805,2026-05-25T09:32:14.180427,ground_truth,-0.038044,0.516000,0.301749,True,,,,,,,,,-0.037360,0.800216,0.688747,0.012649,0.112568,0.078098,0.000000,0.034903,0.013086,0.095060,-0.694960,0.097193,-0.042240,-0.045536,-0.031392
1779676334230757958,2026-05-25T09:32:14.230781,ground_truth,-0.038300,0.522000,0.302402,True,,,,,,,,,-0.037360,0.800216,0.688747,0.013087,0.114319,0.081593,0.000000,0.032284,0.013517,0.088340,-0.712880,0.093043,-0.042688,-0.039680,-0.030784
1779676334269908573,2026-05-25T09:32:14.269933,ground_truth,-0.038555,0.528000,0.303056,True,,,,,,,,,-0.038604,0.792254,0.691835,0.013087,0.116063,0.081593,0.000000,0.034903,0.013517,0.087920,-0.713860,0.090968,-0.042816,-0.040352,-0.030016
1779676334307978291,2026-05-25T09:32:14.308009,ground_truth,-0.038044,0.516000,0.304926,True,,,,,,,,,-0.039634,0.785020,0.694475,0.014831,0.117808,0.083771,0.000000,0.032284,0.013517,0.086380,-0.711060,0.086154,-0.042816,-0.042080,-0.033728
1779676334350603472,2026-05-25T09:32:14.350630,ground_truth,-0.038811,0.534000,0.306857,True,,,,,,,,,-0.039634,0.785020,0.694475,0.014831,0.119552,0.089006,0.000000,0.029665,0.016137,0.087640,-0.678860,0.082585,-0.042816,-0.039072,-0.032736
1779676334393156114,2026-05-25T09:32:14.393202,ground_truth,-0.038044,0.516000,0.304926,True,,,,,,,,,-0.040671,0.777144,0.697257,0.014831,0.120859,0.095117,0.000000,0.023995,0.016137,0.100940,-0.686560,0.089308,-0.042976,-0.038688,-0.032288
1779676334435133858,2026-05-25T09:32:14.435160,ground_truth,-0.036980,0.491000,0.302244,True,,,,,,,,,-0.040671,0.777144,0.697257,0.016138,0.122603,0.104277,0.000000,0.021375,0.016137,0.101920,-0.705180,0.080842,-0.043136,-0.040576,-0.032896
1779676334487331567,2026-05-25T09:32:14.487355,ground_truth,-0.037278,0.498000,0.302995,True,,,,,,,,,-0.041568,0.770129,0.699601,0.016138,0.133952,0.120858,0.000000,0.013517,0.016137,0.096040,-0.731220,0.076194,-0.043584,-0.039808,-0.033184
1779676334525682578,2026-05-25T09:32:14.525714,ground_truth,-0.037533,0.504000,0.303639,True,,,,,,,,,-0.042576,0.762878,0.701721,0.014831,0.146601,0.135698,0.000000,0.008289,0.013517,0.084280,-0.721980,0.057436,-0.043424,-0.041312,-0.034560
1779676334567715169,2026-05-25T09:32:14.567740,ground_truth,-0.034075,0.498000,0.302995,True,,,,,,,,,-0.042576,0.762878,0.701721,0.013087,0.156637,0.152279,0.000000,0.002609,0.013086,0.087360,-0.717640,0.047144,-0.043584,-0.042528,-0.034240
1779676334610296341,2026-05-25T09:32:14.610320,ground_truth,-0.033501,0.485000,0.301600,True,,,,,,,,,-0.043445,0.756660,0.703389,0.011342,0.176708,0.185870,0.000000,0.002609,0.013517,0.071260,-0.746760,0.044405,-0.044032,-0.020992,-0.030112
1779676334650610443,2026-05-25T09:32:14.650640,ground_truth,-0.037278,0.498000,0.306202,True,,,,,,,,,-0.044578,0.750382,0.704657,0.010029,0.189802,0.202889,0.000000,0.005228,0.010467,0.073780,-0.746760,0.051958,-0.044640,0.030112,-0.029888
1779676334708669490,2026-05-25T09:32:14.708692,ground_truth,-0.036980,0.491000,0.305462,True,,,,,,,,,-0.045410,0.745261,0.705499,0.006540,0.204202,0.219470,0.000000,0.019198,0.008289,0.062580,-0.692160,0.047476,-0.044800,0.038144,-0.028224
1779676334753434787,2026-05-25T09:32:14.753457,ground_truth,-0.036469,0.479000,0.307433,True,,,,,,,,,-0.045410,0.745261,0.705499,0.004796,0.202457,0.219470,0.000000,0.016137,0.005228,0.074900,-0.695520,0.053203,-0.045088,0.041088,-0.028000
1779676334797047585,2026-05-25T09:32:14.797066,ground_truth,-0.033235,0.479000,0.307433,True,,,,,,,,,-0.046113,0.739728,0.705770,0.004796,0.200706,0.213797,0.000000,0.013517,0.002609,0.085540,-0.701120,0.048140,-0.045088,0.041920,-0.027840
1779676334835926026,2026-05-25T09:32:14.835947,ground_truth,-0.033235,0.479000,0.307433,True,,,,,,,,,-0.046743,0.734756,0.706044,0.003051,0.196348,0.206384,0.000000,0.010898,0.002609,0.086100,-0.648200,0.044737,-0.045088,0.042912,-0.027456
1779676334875091394,2026-05-25T09:32:14.875134,ground_truth,-0.033501,0.485000,0.308057,True,,,,,,,,,-0.046743,0.734756,0.706044,0.003489,0.192422,0.202458,0.000000,0.010898,0.003051,0.090440,-0.641620,0.046148,-0.045088,0.043264,-0.027680
1779676334919014702,2026-05-25T09:32:14.919040,ground_truth,-0.033235,0.479000,0.310671,True,,,,,,,,,-0.047359,0.728895,0.706588,0.001744,0.179766,0.191543,0.000000,0.010898,0.002609,0.092680,-0.683480,0.060590,-0.045088,0.040352,-0.027008
1779676334971545352,2026-05-25T09:32:14.971569,ground_truth,-0.032661,0.466000,0.309340,True,,,,,,,,,-0.047876,0.724129,0.707180,0.001744,0.179766,0.191543,0.000000,0.010898,0.002609,0.092680,-0.683480,0.060590,-0.045088,0.040352,-0.027008
1779676335012436128,2026-05-25T09:32:15.012460,ground_truth,-0.032661,0.466000,0.312600,True,,,,,,,,,-0.047876,0.724129,0.707180,0.001744,0.179766,0.191543,0.000000,0.010898,0.002609,0.092680,-0.683480,0.060590,-0.045088,0.040352,-0.027008
1779676335049721738,2026-05-25T09:32:15.049752,ground_truth,-0.029131,0.460000,0.311996,True,,,,,,,,,-0.048510,0.718571,0.707799,0.001744,0.173219,0.191543,0.000000,0.016137,0.002609,-0.022260,-0.667380,0.067064,-0.045696,0.040800,0.005856
1779676335093967424,2026-05-25T09:32:15.093986,ground_truth,-0.029131,0.460000,0.315265,True,,,,,,,,,-0.048510,0.718571,0.707799,0.000000,0.171475,0.191112,0.000000,0.018756,0.000000,-0.045780,-0.655340,0.065736,-0.045824,0.041856,0.013536
1779676335139476495,2026-05-25T09:32:15.139505,ground_truth,-0.025533,0.453000,0.317853,True,,,,,,,,,-0.049367,0.712627,0.708730,0.003051,0.169730,0.185870,0.000000,0.016137,0.005228,-0.084280,-0.609700,0.063827,-0.045696,0.041760,0.026624
1779676335177703213,2026-05-25T09:32:15.177722,ground_truth,-0.021962,0.447000,0.317268,True,,,,,,,,,-0.050278,0.707774,0.709845,0.004796,0.163621,0.184131,0.000000,0.019198,0.005228,-0.085820,-0.620620,0.055029,-0.046144,0.038752,0.028288
1779676335230877001,2026-05-25T09:32:15.230899,ground_truth,-0.021618,0.440000,0.316586,True,,,,,,,,,-0.050278,0.707774,0.709845,0.003489,0.158388,0.180205,0.000000,0.021375,0.003051,-0.081480,-0.635460,0.056274,-0.046144,0.037632,0.028384
1779676335267182958,2026-05-25T09:32:15.267207,ground_truth,-0.015704,0.453000,0.317853,True,,,,,,,,,-0.051753,0.702378,0.711366,0.003489,0.157075,0.178458,0.000000,0.024426,0.000000,-0.086800,-0.579600,0.054033,-0.046144,0.038304,0.028064
1779676335307910856,2026-05-25T09:32:15.307933,ground_truth,-0.010644,0.420000,0.314637,True,,,,,,,,,-0.053152,0.697854,0.712730,0.001744,0.145732,0.173223,0.000000,0.024426,0.000000,-0.098840,-0.574700,0.063993,-0.046144,0.040416,0.028000
1779676335347229044,2026-05-25T09:32:15.347253,ground_truth,-0.010319,0.414000,0.314053,True,,,,,,,,,-0.053152,0.697854,0.712730,0.001744,0.140492,0.169290,0.000000,0.027045,0.002609,-0.096600,-0.599480,0.059677,-0.046144,0.043136,0.026272
1779676335391054741,2026-05-25T09:32:15.391077,ground_truth,-0.006589,0.407000,0.313371,True,,,,,,,,,-0.055499,0.692308,0.713752,0.001744,0.132208,0.163624,0.000000,0.032284,0.000000,-0.087640,-0.570640,0.053701,-0.046144,0.041760,0.026784
1779676335435514041,2026-05-25T09:32:15.435539,ground_truth,-0.004384,0.427000,0.315319,True,,,,,,,,,-0.055499,0.692308,0.713752,0.001744,0.125661,0.161877,0.000000,0.037523,0.002609,-0.096040,-0.553000,0.063329,-0.046144,0.043424,0.028000
1779676335479937473,2026-05-25T09:32:15.479961,ground_truth,-0.002836,0.400000,0.312689,True,,,,,,,,,-0.057700,0.687108,0.714444,0.001744,0.120859,0.159691,0.000000,0.040573,0.000000,-0.104720,-0.546140,0.067977,-0.046144,0.040960,0.029440
1779676335519507178,2026-05-25T09:32:15.519533,ground_truth,-0.002435,0.393000,0.312007,True,,,,,,,,,-0.060531,0.680565,0.715141,0.001744,0.120859,0.159691,0.000000,0.040573,0.000000,-0.104720,-0.546140,0.067977,-0.046144,0.040960,0.029440
1779676335560023822,2026-05-25T09:32:15.560040,ground_truth,-0.002033,0.386000,0.311325,True,,,,,,,,,-0.060531,0.680565,0.715141,0.001744,0.120859,0.159691,0.000000,0.040573,0.000000,-0.104720,-0.546140,0.067977,-0.046144,0.040960,0.029440
1779676335621523473,2026-05-25T09:32:15.621542,ground_truth,-0.000428,0.358000,0.308597,True,,,,,,,,,-0.063674,0.673004,0.715613,0.001744,0.119114,0.157951,0.000000,0.040573,0.002609,-0.099820,-0.574000,0.062582,-0.046144,0.038624,0.028896
1779676335656782460,2026-05-25T09:32:15.656797,ground_truth,-0.000026,0.351000,0.307914,True,,,,,,,,,-0.066487,0.665943,0.715858,0.004796,0.119114,0.152710,0.000000,0.037954,0.005228,-0.089460,-0.539700,0.068807,-0.047808,0.042304,0.028736
1779676335711205154,2026-05-25T09:32:15.711230,ground_truth,-0.001231,0.372000,0.309961,True,,,,,,,,,-0.069075,0.658932,0.715844,0.004796,0.119114,0.152710,0.000000,0.037954,0.005228,-0.089460,-0.539700,0.068807,-0.047808,0.042304,0.028736
1779676335749436642,2026-05-25T09:32:15.749454,ground_truth,0.003004,0.358000,0.308597,True,,,,,,,,,-0.069075,0.658932,0.715844,0.004796,0.119114,0.152710,0.000000,0.037954,0.005228,-0.089460,-0.539700,0.068807,-0.047808,0.042304,0.028736
1779676335783568346,2026-05-25T09:32:15.783596,ground_truth,0.009869,0.358000,0.305159,True,,,,,,,,,-0.071761,0.650524,0.715599,0.003051,0.119114,0.150531,0.000000,0.029665,0.002609,-0.089180,-0.563220,0.068973,-0.049312,0.035072,0.025952
1779676335821935374,2026-05-25T09:32:15.821954,ground_truth,0.011176,0.337000,0.303079,True,,,,,,,,,-0.071761,0.650524,0.715599,0.001744,0.119114,0.144858,0.000000,0.024426,0.002609,-0.091980,-0.565040,0.069886,-0.049920,0.036864,0.025664
1779676335859185812,2026-05-25T09:32:15.859213,ground_truth,0.012546,0.315000,0.300899,True,,,,,,,,,-0.074880,0.641072,0.714848,0.000000,0.119114,0.141371,0.000000,0.024426,0.000000,-0.084560,-0.552020,0.076360,-0.050208,0.039136,0.025440
1779676335900800719,2026-05-25T09:32:15.900819,ground_truth,0.014196,0.344000,0.303772,True,,,,,,,,,-0.074880,0.641072,0.714848,0.000000,0.119114,0.141371,0.000000,0.024426,0.000000,-0.084560,-0.552020,0.076360,-0.050208,0.039136,0.025440
1779676335953055822,2026-05-25T09:32:15.953074,ground_truth,0.024600,0.292000,0.295075,True,,,,,,,,,-0.077898,0.631911,0.713921,0.000000,0.119114,0.141371,0.000000,0.024426,0.000000,-0.084560,-0.552020,0.076360,-0.050208,0.039136,0.025440
1779676335997052131,2026-05-25T09:32:15.997071,ground_truth,0.022584,0.322000,0.294600,True,,,,,,,,,-0.080840,0.622444,0.712720,0.000000,0.119114,0.141371,0.000000,0.024426,0.000000,-0.084560,-0.552020,0.076360,-0.050208,0.039136,0.025440
1779676336036906071,2026-05-25T09:32:16.036926,ground_truth,0.025594,0.329000,0.295317,True,,,,,,,,,-0.083795,0.612925,0.711368,0.020940,0.111261,0.119118,0.000000,0.008289,0.021807,0.084000,-0.543340,0.083581,-0.050944,0.036640,-0.031392
1779676336080380281,2026-05-25T09:32:16.080402,ground_truth,0.026076,0.322000,0.294600,True,,,,,,,,,-0.083795,0.612925,0.711368,0.022685,0.112568,0.122605,0.000000,0.007847,0.023995,0.102480,-0.549220,0.082419,-0.050944,0.037632,-0.030560
1779676336117651752,2026-05-25T09:32:16.117679,ground_truth,0.024562,0.344000,0.296852,True,,,,,,,,,-0.086759,0.603529,0.709800,0.027487,0.119552,0.130456,0.000000,0.016137,0.027045,0.115920,-0.537180,0.075862,-0.050944,0.038016,-0.033952
1779676336157472502,2026-05-25T09:32:16.157494,ground_truth,0.021577,0.337000,0.296136,True,,,,,,,,,-0.086759,0.603529,0.709800,0.032720,0.126099,0.144858,0.000000,0.018756,0.032284,0.107520,-0.532560,0.063329,-0.050944,0.040192,-0.034016
1779676336206825900,2026-05-25T09:32:16.206872,ground_truth,0.021577,0.337000,0.296136,True,,,,,,,,,-0.089739,0.594164,0.708118,0.037523,0.130457,0.156204,0.000000,0.023995,0.037954,0.097580,-0.535920,0.061752,-0.050944,0.039200,-0.033408
1779676336245048431,2026-05-25T09:32:16.245075,ground_truth,0.023592,0.307000,0.293065,True,,,,,,,,,-0.092782,0.584776,0.706352,0.037960,0.137441,0.167112,0.000000,0.032284,0.037523,0.115220,-0.544320,0.050049,-0.050944,0.037024,-0.036064
1779676336284858494,2026-05-25T09:32:16.284889,ground_truth,0.024600,0.292000,0.291530,True,,,,,,,,,-0.092782,0.584776,0.706352,0.039267,0.142243,0.176710,0.000000,0.032284,0.040573,0.123900,-0.550480,0.051958,-0.050944,0.036352,-0.034176
1779676336327722203,2026-05-25T09:32:16.327751,ground_truth,0.025607,0.277000,0.289994,True,,,,,,,,,-0.096055,0.575532,0.704358,0.040574,0.148352,0.187618,0.000000,0.037954,0.040573,0.113400,-0.515760,0.049053,-0.050880,0.041984,-0.033024
1779676336364171790,2026-05-25T09:32:16.364195,ground_truth,0.029173,0.277000,0.286424,True,,,,,,,,,-0.096055,0.575532,0.704358,0.039267,0.150097,0.195477,0.000000,0.043193,0.040142,0.119000,-0.533820,0.043741,-0.050880,0.041984,-0.035008
1779676336401739791,2026-05-25T09:32:16.401765,ground_truth,0.027108,0.307000,0.289544,True,,,,,,,,,-0.099433,0.566474,0.702084,0.039267,0.153586,0.202458,0.000000,0.048432,0.037523,0.115220,-0.525140,0.043409,-0.050880,0.045248,-0.036960
1779676336436800185,2026-05-25T09:32:16.436824,ground_truth,0.029173,0.277000,0.282854,True,,,,,,,,,-0.102383,0.557952,0.699977,0.038829,0.158388,0.212057,0.000000,0.053659,0.037523,0.117740,-0.537740,0.043160,-0.050880,0.041536,-0.034304
1779676336486214405,2026-05-25T09:32:16.486261,ground_truth,0.030274,0.261000,0.281163,True,,,,,,,,,-0.102383,0.557952,0.699977,0.037523,0.164928,0.223395,0.000000,0.059340,0.037954,0.110320,-0.513660,0.026726,-0.050880,0.044320,-0.036640
1779676336537583894,2026-05-25T09:32:16.537603,ground_truth,0.024600,0.292000,0.284439,True,,,,,,,,,-0.105022,0.549079,0.697703,0.037960,0.171475,0.241292,0.000000,0.067188,0.037523,0.110320,-0.518280,0.030959,-0.050432,0.046752,-0.033120
1779676336579961266,2026-05-25T09:32:16.579978,ground_truth,0.025070,0.285000,0.283699,True,,,,,,,,,-0.107099,0.541313,0.695623,0.040574,0.179766,0.253069,0.000000,0.075477,0.040573,0.117460,-0.529060,0.034943,-0.050432,0.043520,-0.037568
1779676336624082159,2026-05-25T09:32:16.624119,ground_truth,0.025607,0.277000,0.279284,True,,,,,,,,,-0.107099,0.541313,0.695623,0.039267,0.183255,0.258303,0.000000,0.078096,0.040142,0.110880,-0.503020,0.023738,-0.050432,0.045472,-0.038976
1779676336674056290,2026-05-25T09:32:16.674086,ground_truth,0.030274,0.261000,0.273971,True,,,,,,,,,-0.108435,0.533861,0.693513,0.038829,0.185875,0.267471,0.000000,0.083335,0.042751,0.118020,-0.510160,0.023738,-0.050496,0.045152,-0.036960
1779676336738463837,2026-05-25T09:32:16.738495,ground_truth,0.026917,0.257500,0.273589,True,,,,,,,,,-0.109394,0.527476,0.691403,0.044069,0.185875,0.273144,0.000000,0.083335,0.043193,0.099820,-0.517300,0.021165,-0.050432,0.048384,-0.038080
1779676336780953013,2026-05-25T09:32:16.780981,ground_truth,0.025607,0.277000,0.272143,True,,,,,,,,,-0.109792,0.522801,0.689684,0.042318,0.188057,0.275322,0.000000,0.085954,0.042751,0.114380,-0.469000,0.027722,-0.050208,0.048256,-0.036512
1779676336839466188,2026-05-25T09:32:16.839492,ground_truth,0.027152,0.254000,0.265992,True,,,,,,,,,-0.109966,0.518246,0.687902,0.044069,0.184568,0.274883,0.000000,0.091624,0.045812,0.117180,-0.475440,0.044073,-0.050656,0.045376,-0.037632
1779676336882367997,2026-05-25T09:32:16.882395,ground_truth,0.028140,0.292000,0.263166,True,,,,,,,,,-0.109966,0.518246,0.687902,0.045814,0.181511,0.273575,0.000000,0.091624,0.043193,0.114940,-0.491540,0.035275,-0.050656,0.045696,-0.040480
1779676336922078776,2026-05-25T09:32:16.922104,ground_truth,0.027108,0.307000,0.261377,True,,,,,,,,,-0.110414,0.512117,0.685163,0.047558,0.182817,0.273144,0.000000,0.089005,0.048432,0.133280,-0.466200,0.037682,-0.050656,0.043648,-0.038144
1779676336976422762,2026-05-25T09:32:16.976449,ground_truth,0.030624,0.307000,0.257856,True,,,,,,,,,-0.110801,0.506938,0.682532,0.052354,0.178022,0.271396,0.000000,0.091624,0.051040,0.112840,-0.457800,0.033034,-0.050368,0.049536,-0.038912
1779676337016076691,2026-05-25T09:32:17.016101,ground_truth,0.032738,0.277000,0.250723,True,,,,,,,,,-0.110801,0.506938,0.682532,0.054105,0.172782,0.267471,0.000000,0.091624,0.053659,0.123340,-0.447860,0.032536,-0.050944,0.046368,-0.039136
1779676337054336984,2026-05-25T09:32:17.054358,ground_truth,0.030060,0.315000,0.251791,True,,,,,,,,,-0.111514,0.503163,0.678265,0.057156,0.171913,0.262229,0.000000,0.091624,0.056279,0.115920,-0.433020,0.024070,-0.050944,0.047040,-0.041408
1779676337096407956,2026-05-25T09:32:17.096436,ground_truth,0.035726,0.285000,0.244572,True,,,,,,,,,-0.111514,0.503163,0.678265,0.055412,0.168424,0.260050,0.000000,0.091624,0.056279,0.118300,-0.419720,0.038927,-0.051104,0.042912,-0.037632
1779676337150879010,2026-05-25T09:32:17.150909,ground_truth,0.039278,0.285000,0.244572,True,,,,,,,,,-0.112216,0.501515,0.673343,0.054105,0.161877,0.254816,0.000000,0.088574,0.054101,0.111580,-0.421820,0.040255,-0.051264,0.047712,-0.035744
1779676337205955246,2026-05-25T09:32:17.205983,ground_truth,0.041048,0.261000,0.238006,True,,,,,,,,,-0.112936,0.502018,0.668979,0.050609,0.160133,0.249143,0.000000,0.089005,0.051040,0.100380,-0.418460,0.041002,-0.051424,0.043808,-0.035232
1779676337250569063,2026-05-25T09:32:17.250607,ground_truth,0.044639,0.261000,0.234410,True,,,,,,,,,-0.113766,0.503862,0.665918,0.050609,0.160133,0.249143,0.000000,0.089005,0.051040,0.100380,-0.418460,0.041002,-0.051424,0.043808,-0.035232
1779676337288095967,2026-05-25T09:32:17.288120,ground_truth,0.046382,0.285000,0.233901,True,,,,,,,,,-0.113766,0.503862,0.665918,0.050609,0.160133,0.249143,0.000000,0.089005,0.051040,0.100380,-0.418460,0.041002,-0.051424,0.043808,-0.035232
1779676337330126056,2026-05-25T09:32:17.330157,ground_truth,0.047615,0.269000,0.231843,True,,,,,,,,,-0.115254,0.503924,0.661729,0.026174,0.142243,0.224704,0.000000,0.080716,0.027045,0.092260,-0.397040,0.043409,-0.052320,0.045696,-0.031904
1779676337378818611,2026-05-25T09:32:17.378841,ground_truth,0.048231,0.261000,0.227217,True,,,,,,,,,-0.117176,0.502058,0.657460,0.021378,0.135259,0.215544,0.000000,0.080716,0.021375,0.090160,-0.375060,0.047310,-0.052608,0.046880,-0.032896
1779676337418267629,2026-05-25T09:32:17.418289,ground_truth,0.046998,0.277000,0.229302,True,,,,,,,,,-0.117176,0.502058,0.657460,0.021378,0.135259,0.215544,0.000000,0.080716,0.021375,0.090160,-0.375060,0.047310,-0.052608,0.046880,-0.032896
1779676337477350213,2026-05-25T09:32:17.477374,ground_truth,0.046998,0.277000,0.229302,True,,,,,,,,,-0.119390,0.501114,0.652218,0.021378,0.135259,0.215544,0.000000,0.080716,0.021375,0.090160,-0.375060,0.047310,-0.052608,0.046880,-0.032896
1779676337516399024,2026-05-25T09:32:17.516419,ground_truth,0.048770,0.254000,0.226305,True,,,,,,,,,-0.121333,0.501131,0.647975,0.001307,0.104283,0.176710,0.000000,0.072426,0.000000,0.079940,-0.344960,0.063993,-0.053056,0.044704,-0.026560
1779676337553100519,2026-05-25T09:32:17.553122,ground_truth,0.047615,0.269000,0.228260,True,,,,,,,,,-0.121333,0.501131,0.647975,0.001307,0.099481,0.172785,0.000000,0.072426,0.000000,-0.014140,-0.354200,0.056108,-0.052768,0.044032,-0.004352
1779676337593418387,2026-05-25T09:32:17.593450,ground_truth,0.049386,0.246000,0.225263,True,,,,,,,,,-0.123754,0.501894,0.643388,0.003489,0.094679,0.172785,0.000000,0.075477,0.002609,-0.058800,-0.357980,0.052290,-0.052704,0.045312,0.022432
1779676337645228597,2026-05-25T09:32:17.645251,ground_truth,0.046382,0.285000,0.226787,True,,,,,,,,,-0.125768,0.501079,0.639885,0.004796,0.088139,0.176272,0.000000,0.089005,0.005228,-0.067200,-0.337260,0.053867,-0.052224,0.040864,0.021664
1779676337685737467,2026-05-25T09:32:17.685759,ground_truth,0.051822,0.261000,0.220024,True,,,,,,,,,-0.125768,0.501079,0.639885,0.001744,0.079847,0.181945,0.000000,0.099914,0.002609,-0.062300,-0.328860,0.054033,-0.052096,0.048992,0.023264
1779676337733719610,2026-05-25T09:32:17.733744,ground_truth,0.053002,0.246000,0.218021,True,,,,,,,,,-0.127776,0.497964,0.636329,0.000000,0.065447,0.180205,0.000000,0.115619,0.000000,-0.029120,-0.289520,0.039757,-0.052096,0.046432,0.014880
1779676337774535281,2026-05-25T09:32:17.774557,ground_truth,0.056618,0.246000,0.214400,True,,,,,,,,,-0.129459,0.494944,0.633675,0.007853,0.036209,0.165364,0.000000,0.123908,0.010898,0.086100,-0.252560,0.067230,-0.052480,0.051936,-0.025728
1779676337827305417,2026-05-25T09:32:17.827334,ground_truth,0.063512,0.206000,0.205304,True,,,,,,,,,-0.129459,0.494944,0.633675,0.016138,0.014831,0.148353,0.000000,0.126528,0.016137,0.103740,-0.236740,0.067645,-0.053216,0.051200,-0.032960
1779676337872176229,2026-05-25T09:32:17.872191,ground_truth,0.062201,0.222000,0.207494,True,,,,,,,,,-0.131736,0.490984,0.630192,0.026174,0.016576,0.115185,0.000000,0.134817,0.023995,0.099120,-0.039340,0.082087,-0.055040,0.048992,-0.032064
1779676337909446332,2026-05-25T09:32:17.909461,ground_truth,0.062201,0.222000,0.203833,True,,,,,,,,,-0.133602,0.487139,0.627387,0.027487,0.034465,0.098604,0.000000,0.131766,0.029665,0.101640,-0.000280,0.106157,-0.055168,0.050880,-0.034784
1779676337959440730,2026-05-25T09:32:17.959465,ground_truth,0.065856,0.222000,0.200173,True,,,,,,,,,-0.133602,0.487139,0.627387,0.027487,0.034465,0.098604,0.000000,0.131766,0.029665,0.101640,-0.000280,0.106157,-0.055168,0.050880,-0.034784
1779676338004229112,2026-05-25T09:32:18.004251,ground_truth,0.066525,0.214000,0.195378,True,,,,,,,,,-0.135663,0.482511,0.623977,0.027487,0.034465,0.098604,0.000000,0.131766,0.029665,0.101640,-0.000280,0.106157,-0.055168,0.050880,-0.034784
1779676338048742835,2026-05-25T09:32:18.048769,ground_truth,0.063850,0.246000,0.196294,True,,,,,,,,,-0.137386,0.478563,0.620921,0.044069,0.050609,0.076351,0.000000,0.137436,0.043193,0.113400,-0.035280,0.085490,-0.054784,0.050048,-0.033504
1779676338089060240,2026-05-25T09:32:18.089084,ground_truth,0.068830,0.230000,0.193999,True,,,,,,,,,-0.137386,0.478563,0.620921,0.049303,0.045814,0.085519,0.000000,0.137436,0.048432,0.126420,-0.048020,0.074451,-0.053760,0.052160,-0.036512
1779676338157327798,2026-05-25T09:32:18.157351,ground_truth,0.068148,0.238000,0.191513,True,,,,,,,,,-0.139368,0.473850,0.617344,0.049303,0.045814,0.085519,0.000000,0.137436,0.048432,0.126420,-0.048020,0.074451,-0.053760,0.052160,-0.036512
1779676338208324394,2026-05-25T09:32:18.208352,ground_truth,0.071082,0.246000,0.189052,True,,,,,,,,,-0.141178,0.469997,0.614130,0.049303,0.045814,0.085519,0.000000,0.137436,0.048432,0.126420,-0.048020,0.074451,-0.053760,0.052160,-0.036512
1779676338249789150,2026-05-25T09:32:18.249812,ground_truth,0.075339,0.197000,0.181863,True,,,,,,,,,-0.142894,0.466718,0.611186,0.065010,0.037523,0.106025,0.000000,0.143106,0.064568,0.117460,-0.058240,0.079265,-0.053504,0.047584,-0.035840
1779676338289554560,2026-05-25T09:32:18.289592,ground_truth,0.071082,0.246000,0.189052,True,,,,,,,,,-0.142894,0.466718,0.611186,0.066754,0.032720,0.104277,0.000000,0.134817,0.067188,0.112420,-0.069440,0.076526,-0.053504,0.048864,-0.036512
1779676338332930045,2026-05-25T09:32:18.332953,ground_truth,0.073990,0.254000,0.190226,True,,,,,,,,,-0.145419,0.463461,0.606945,0.063703,0.025742,0.103846,0.000000,0.126970,0.065010,0.105280,-0.071260,0.073123,-0.053504,0.047936,-0.033632
1779676338372966648,2026-05-25T09:32:18.372989,ground_truth,0.073371,0.261000,0.191253,True,,,,,,,,,-0.147755,0.461009,0.603412,0.060207,0.016138,0.106025,0.000000,0.118680,0.059340,0.118300,-0.088620,0.066566,-0.053504,0.048864,-0.038688
1779676338411919448,2026-05-25T09:32:18.411944,ground_truth,0.077531,0.214000,0.180683,True,,,,,,,,,-0.147755,0.461009,0.603412,0.058901,0.000000,0.113445,0.000000,0.113000,0.059340,0.102900,-0.104160,0.066400,-0.053440,0.049152,-0.035584
1779676338467175287,2026-05-25T09:32:18.467210,ground_truth,0.075406,0.238000,0.184244,True,,,,,,,,,-0.150633,0.459062,0.599296,0.055412,0.013087,0.126531,0.000000,0.113000,0.056721,0.113120,-0.297500,0.050962,-0.053440,0.043872,-0.032224
1779676338510560999,2026-05-25T09:32:18.510597,ground_truth,0.075406,0.238000,0.184244,True,,,,,,,,,-0.152686,0.457879,0.596179,0.055412,0.027925,0.137438,0.000000,0.107772,0.056721,0.109060,-0.330680,0.050215,-0.053440,0.049600,-0.036192
1779676338553664341,2026-05-25T09:32:18.553687,ground_truth,0.082732,0.197000,0.178161,True,,,,,,,,,-0.152686,0.457879,0.596179,0.054105,0.039267,0.143111,0.000000,0.107772,0.054101,0.128520,-0.303380,0.043326,-0.053216,0.045024,-0.035680
1779676338604456666,2026-05-25T09:32:18.604491,ground_truth,0.075406,0.238000,0.187878,True,,,,,,,,,-0.154887,0.457318,0.592712,0.055849,0.041012,0.148784,0.000000,0.107772,0.054101,0.096600,-0.321160,0.055776,-0.053440,0.049088,-0.037568
1779676338649059624,2026-05-25T09:32:18.649085,ground_truth,0.079035,0.197000,0.181863,True,,,,,,,,,-0.156387,0.458160,0.590776,0.052354,0.044069,0.150531,0.000000,0.105152,0.056721,0.128520,-0.323540,0.058017,-0.053152,0.049600,-0.033856
1779676338700491855,2026-05-25T09:32:18.700554,ground_truth,0.075406,0.238000,0.187878,True,,,,,,,,,-0.156387,0.458160,0.590776,0.054105,0.045814,0.152279,0.000000,0.107772,0.051040,0.107240,-0.317660,0.052456,-0.053152,0.050048,-0.038304
1779676338750419913,2026-05-25T09:32:18.750443,ground_truth,0.073371,0.261000,0.191253,True,,,,,,,,,-0.157192,0.457032,0.589616,0.052354,0.045814,0.154457,0.000000,0.110391,0.053659,0.117740,-0.293440,0.045816,-0.053152,0.047424,-0.039808
1779676338793811696,2026-05-25T09:32:18.793834,ground_truth,0.076823,0.222000,0.185531,True,,,,,,,,,-0.157770,0.457952,0.589260,0.051923,0.044069,0.156204,0.000000,0.113000,0.053659,0.107800,-0.321720,0.057768,-0.053152,0.044544,-0.035520
1779676338836895968,2026-05-25T09:32:18.836918,ground_truth,0.073371,0.261000,0.191253,True,,,,,,,,,-0.159328,0.459263,0.587950,0.052354,0.042318,0.152279,0.000000,0.110822,0.051482,0.121520,-0.297780,0.060009,-0.053152,0.048320,-0.035520
1779676338911646705,2026-05-25T09:32:18.911675,ground_truth,0.072663,0.269000,0.192427,True,,,,,,,,,-0.159345,0.460315,0.588226,0.057156,0.032720,0.150531,0.000000,0.118238,0.056279,0.118300,-0.291900,0.060009,-0.053152,0.049536,-0.040800
1779676338971006681,2026-05-25T09:32:18.971030,ground_truth,0.074698,0.246000,0.189052,True,,,,,,,,,-0.159101,0.461672,0.588818,0.063703,0.021378,0.143111,0.000000,0.118680,0.064568,0.136640,-0.265860,0.049219,-0.052928,0.050592,-0.037792


============================================================
EXPERIMENT METRICS
  File: experiment_GROUND_TRUTH_20260525_093132.csv
  Total samples: 1049
  Task completion time: 46.90 s
  Mode: GROUND TRUTH (no prediction metrics)
  --- Trajectory Smoothness (Robot EE) ---
  Mean Jerk (3D): 24.8727 m/s³
      Jerk X: 4.9171 m/s³
      Jerk Y: 16.7506 m/s³
      Jerk Z: 12.9184 m/s³
  Max Jerk (3D): 125.4677 m/s³
  RMS Jerk (3D): 30.2393 m/s³
============================================================
