ros_timestamp_ns,wall_time,trajectory_mode,meas_x,meas_y,meas_z,is_tracked,pred_x,pred_y,pred_z,mae_x,mae_y,mae_z,inference_ms,buffer_size,robot_ee_x,robot_ee_y,robot_ee_z,j1_vel,j2_vel,j3_vel,j4_vel,j5_vel,j6_vel,j1_eff,j2_eff,j3_eff,j4_eff,j5_eff,j6_eff
1779677066951613252,2026-05-25T09:44:26.951660,prediction,0.124101,0.010000,-0.005926,True,0.126098,0.042552,0.003215,0.001997,0.032552,0.009141,5.96,20,-0.163826,0.263007,0.394663,0.000000,0.000000,0.000000,0.000000,0.000000,0.000000,-0.006440,-0.117180,0.074700,-0.029888,0.005408,-0.009696
1779677066987114355,2026-05-25T09:44:26.987138,prediction,0.125117,-0.000000,-0.008083,True,0.129836,0.043573,0.001267,0.004719,0.043573,0.009351,4.80,20,-0.163826,0.263007,0.394663,0.000000,0.000000,0.000000,0.000000,0.000000,0.000000,-0.006440,-0.117180,0.074700,-0.029888,0.005408,-0.009696
1779677067033132883,2026-05-25T09:44:27.033149,prediction,0.126134,-0.010000,-0.010241,True,0.132971,0.032754,-0.001958,0.006838,0.042754,0.008283,7.96,20,-0.165561,0.263285,0.395036,0.000000,0.000000,0.000000,0.000000,0.000000,0.000000,-0.006440,-0.117180,0.074700,-0.029888,0.005408,-0.009696
1779677067072163154,2026-05-25T09:44:27.072185,prediction,0.126134,-0.010000,-0.010241,True,0.133886,0.020911,-0.004524,0.007752,0.030911,0.005716,7.19,20,-0.166602,0.265637,0.396077,0.000000,0.000000,0.000000,0.000000,0.000000,0.000000,-0.006440,-0.117180,0.074700,-0.029888,0.005408,-0.009696
1779677067122798055,2026-05-25T09:44:27.122821,prediction,0.130186,-0.010000,-0.010241,True,0.136445,0.013336,-0.004811,0.006259,0.023336,0.005430,5.32,20,-0.166602,0.265637,0.396077,0.000000,0.000000,0.000000,0.000000,0.000000,0.000000,-0.006160,-0.117180,0.074700,-0.029568,0.004800,-0.007584
1779677067173281749,2026-05-25T09:44:27.173312,prediction,0.131219,-0.020000,-0.012398,True,0.137503,0.005114,-0.007671,0.006284,0.025114,0.004727,4.23,20,-0.163827,0.263014,0.394668,0.000000,0.000000,0.000000,0.000000,0.000000,0.000000,-0.006160,-0.117180,0.074700,-0.029568,0.004800,-0.007584
1779677067211840073,2026-05-25T09:44:27.211894,prediction,0.129153,-0.000000,-0.008083,True,0.136293,0.012580,-0.004947,0.007140,0.012580,0.003136,4.47,20,-0.164360,0.265111,0.395294,0.000000,0.000000,0.000000,0.000000,0.000000,0.000000,-0.006160,-0.117180,0.074700,-0.029568,0.004800,-0.007584
1779677067276106657,2026-05-25T09:44:27.276136,prediction,0.130186,-0.010000,-0.010241,True,0.137437,0.005039,-0.003749,0.007251,0.015039,0.006492,11.88,20,-0.163827,0.263014,0.394668,0.000000,0.000000,0.000000,0.000000,0.000000,0.000000,-0.008260,-0.117180,0.074700,-0.029728,0.005184,-0.009920
1779677067328664316,2026-05-25T09:44:27.328682,prediction,0.127088,0.020000,-0.003769,True,0.134043,0.019364,0.000734,0.006955,0.000636,0.004502,7.37,20,-0.164507,0.265012,0.395318,0.000000,0.000000,0.000000,0.000000,0.000000,0.000000,-0.008260,-0.117180,0.074700,-0.029728,0.005184,-0.009920
1779677067375204033,2026-05-25T09:44:27.375234,prediction,0.128121,0.010000,-0.005926,True,0.135588,0.021390,0.002120,0.007467,0.011390,0.008046,7.53,20,-0.164507,0.265012,0.395318,0.000000,0.000000,0.000000,0.000000,0.000000,0.000000,-0.008260,-0.117180,0.074700,-0.029728,0.005184,-0.009920
1779677067415072944,2026-05-25T09:44:27.415091,prediction,0.128121,0.010000,-0.005926,True,0.135545,0.018081,0.002117,0.007425,0.008081,0.008043,8.01,20,-0.165934,0.268924,0.396785,0.029231,0.032720,0.029666,0.000000,0.043193,0.034903,-0.141540,0.064400,0.232151,0.002016,-0.048544,0.040192
1779677067464136790,2026-05-25T09:44:27.464161,prediction,0.127088,0.020000,-0.003769,True,0.134050,0.027678,0.003724,0.006962,0.007678,0.007492,4.92,20,-0.163827,0.263014,0.394668,0.088139,0.088139,0.089006,0.034903,0.123908,0.121300,-0.201740,0.144760,0.273900,0.010240,-0.061120,0.050656
1779677067507721685,2026-05-25T09:44:27.507743,prediction,0.130186,-0.010000,-0.010241,True,0.135938,0.018118,0.001656,0.005752,0.028118,0.011897,4.47,20,-0.163827,0.263014,0.394668,0.147039,0.147039,0.147037,0.051482,0.196777,0.196777,-0.239260,0.191240,0.292990,0.016864,-0.070976,0.059776
1779677067561594214,2026-05-25T09:44:27.561618,prediction,0.126158,0.029000,-0.001827,True,0.132237,0.034118,0.004274,0.006078,0.005119,0.006101,7.80,20,-0.163827,0.263014,0.394668,0.200706,0.201144,0.200711,0.067188,0.264417,0.263975,-0.250040,0.206360,0.312412,0.016768,-0.073088,0.061440
1779677067607653332,2026-05-25T09:44:27.607668,prediction,0.127088,0.020000,-0.003769,True,0.135497,0.037878,0.006520,0.008409,0.017878,0.010289,7.27,20,-0.164561,0.264917,0.395552,0.253067,0.251760,0.252630,0.085954,0.331604,0.331173,-0.232120,0.118300,0.279461,0.020544,-0.083488,0.062944
1779677067640239471,2026-05-25T09:44:27.640261,prediction,0.129153,-0.000000,-0.008083,True,0.138480,0.025909,0.003744,0.009327,0.025909,0.011827,4.45,20,-0.164561,0.264917,0.395552,0.240418,0.239980,0.245217,0.085954,0.312406,0.307168,-0.152460,0.035280,0.229080,0.026624,-0.075520,0.055552
1779677067678191074,2026-05-25T09:44:27.678210,prediction,0.123085,0.020000,-0.003769,True,0.135899,0.030752,0.004365,0.012814,0.010752,0.008134,4.35,20,-0.166136,0.268667,0.397361,0.184568,0.181511,0.189804,0.064568,0.226452,0.218163,-0.077420,-0.036820,0.193971,0.017152,-0.059904,0.037472
1779677067719590242,2026-05-25T09:44:27.719606,prediction,0.123085,0.020000,0.004249,True,0.136094,0.038447,0.015484,0.013009,0.018447,0.011235,4.83,20,-0.166136,0.268667,0.397361,0.067192,0.068498,0.081593,0.021807,0.070249,0.059340,0.043960,-0.189980,0.130393,0.018144,-0.041856,0.021280
1779677067762162801,2026-05-25T09:44:27.762189,prediction,0.124101,0.010000,0.014200,True,0.136569,0.030688,0.027136,0.012468,0.020688,0.012936,4.84,20,-0.168795,0.273611,0.400638,0.009598,0.014831,0.031852,0.005228,0.005670,0.002609,0.032480,-0.202020,0.104912,0.012864,-0.032576,-0.005568
1779677067804502295,2026-05-25T09:44:27.804541,prediction,0.120081,0.010000,0.034326,True,0.131812,0.025230,0.043136,0.011730,0.015230,0.008810,5.06,20,-0.163827,0.263014,0.394668,0.138748,0.130457,0.113445,0.051482,0.194157,0.215543,0.290780,-0.536200,-0.094288,-0.070912,0.071072,-0.062240
1779677067839593999,2026-05-25T09:44:27.839629,prediction,0.117045,-0.000000,0.048500,True,0.125416,0.017276,0.059136,0.008371,0.017276,0.010636,4.42,20,-0.163827,0.263014,0.394668,0.230382,0.223835,0.198964,0.089005,0.288412,0.312848,0.280840,-0.492240,-0.129148,-0.073760,0.076480,-0.064000
1779677067878873998,2026-05-25T09:44:27.878891,prediction,0.106530,0.067000,0.073207,True,0.109416,0.033276,0.075136,0.002886,0.033724,0.001929,4.28,20,-0.163827,0.263014,0.394668,0.250016,0.246527,0.219470,0.094244,0.304559,0.325934,0.260400,-0.436380,-0.100596,-0.077824,0.070016,-0.060832
1779677067922211230,2026-05-25T09:44:27.922228,prediction,0.097836,0.076000,0.082731,True,0.102196,0.049276,0.091136,0.004359,0.026724,0.008405,5.09,20,-0.163827,0.263014,0.394668,0.256562,0.251760,0.232563,0.094244,0.287970,0.304559,0.181860,-0.310520,-0.061918,-0.088768,0.070144,-0.054720
1779677067965940234,2026-05-25T09:44:27.965966,prediction,0.093925,0.076000,0.086648,True,0.097461,0.065276,0.107084,0.003536,0.010724,0.020436,5.47,20,-0.163827,0.263014,0.394668,0.199400,0.192422,0.185870,0.070249,0.212924,0.221213,0.093800,-0.204820,-0.014691,-0.087104,0.057056,-0.046304
1779677068006156385,2026-05-25T09:44:28.006176,prediction,0.084421,0.095000,0.097893,True,0.081783,0.081276,0.123084,0.002638,0.013724,0.025190,4.98,20,-0.164055,0.264586,0.396241,0.125661,0.122603,0.128278,0.040573,0.142675,0.140056,0.089880,-0.232680,0.001411,-0.083488,0.053440,-0.038400
1779677068055608070,2026-05-25T09:44:28.055628,prediction,0.079759,0.104000,0.103380,True,0.073351,0.097276,0.134736,0.006408,0.006724,0.031356,4.87,20,-0.164055,0.264586,0.396241,0.066754,0.065447,0.075920,0.018756,0.075477,0.069807,0.063140,-0.154560,0.026477,-0.083488,0.046368,-0.032128
1779677068094019696,2026-05-25T09:44:28.094036,prediction,0.072143,0.148000,0.115008,True,0.060549,0.113276,0.145957,0.011594,0.034724,0.030949,4.86,20,-0.163941,0.267589,0.399483,0.032720,0.027925,0.041012,0.005670,0.037523,0.029665,0.063420,-0.175140,0.022908,-0.076864,0.039808,-0.028512
1779677068130251969,2026-05-25T09:44:28.130275,prediction,0.070523,0.122000,0.114266,True,0.059582,0.129276,0.149260,0.010941,0.007276,0.034994,4.88,20,-0.163357,0.271567,0.404637,0.018320,0.011780,0.020506,0.000000,0.018756,0.016137,0.065380,-0.175420,0.036188,-0.068128,0.040032,-0.028064
1779677068182685204,2026-05-25T09:44:28.182709,prediction,0.073592,0.131000,0.123490,True,0.052305,0.145276,0.154947,0.021287,0.014276,0.031456,4.34,20,-0.163357,0.271567,0.404637,0.013087,0.014394,0.018320,0.005228,0.005228,0.016137,0.086100,-0.024780,0.198619,0.004064,-0.022272,-0.032224
1779677068224014365,2026-05-25T09:44:28.224037,prediction,0.069927,0.174000,0.130859,True,0.037290,0.161276,0.159165,0.032637,0.012724,0.028306,4.74,20,-0.161866,0.276348,0.411686,0.014831,0.011342,0.022246,0.010898,0.016137,0.018756,0.084560,-0.028140,0.177122,0.005856,-0.040256,-0.030240
1779677068271733108,2026-05-25T09:44:28.271754,prediction,0.069927,0.174000,0.134615,True,0.039544,0.177276,0.160513,0.030383,0.003276,0.025898,9.12,20,-0.159395,0.281613,0.419862,0.001744,0.000000,0.001740,0.002609,0.000000,0.002609,0.061040,-0.040880,0.113710,0.008480,-0.027008,-0.026720
1779677068316808765,2026-05-25T09:44:28.316832,prediction,0.069927,0.174000,0.138371,True,0.043408,0.193276,0.160935,0.026519,0.019276,0.022564,5.07,20,-0.159395,0.281613,0.419862,0.000000,0.001307,0.012647,0.002609,0.005228,0.000000,-0.039620,-0.166460,0.004482,0.009920,0.032512,-0.012864
1779677068359849024,2026-05-25T09:44:28.359872,prediction,0.070695,0.165000,0.136858,True,0.042906,0.209276,0.158817,0.027788,0.044276,0.021959,5.02,20,-0.156432,0.286931,0.427742,0.003051,0.003489,0.017012,0.003051,0.013517,0.002609,-0.065660,-0.192780,0.021746,0.006912,0.042304,0.008032
1779677068402613445,2026-05-25T09:44:28.402640,prediction,0.069927,0.174000,0.142126,True,0.034860,0.225276,0.160608,0.035068,0.051276,0.018482,6.83,20,-0.153283,0.292427,0.435528,0.003051,0.006540,0.012647,0.000000,0.008289,0.002609,-0.080780,-0.192500,0.020003,0.009248,0.042528,0.018720
1779677068442187001,2026-05-25T09:44:28.442208,prediction,0.069246,0.182000,0.143458,True,0.037187,0.241276,0.157617,0.032059,0.059276,0.014159,4.30,20,-0.153283,0.292427,0.435528,0.003051,0.006540,0.012647,0.000000,0.008289,0.002609,-0.080780,-0.192500,0.020003,0.009248,0.042528,0.018720
1779677068477143933,2026-05-25T09:44:28.477162,prediction,0.073678,0.174000,0.145882,True,0.048573,0.249507,0.158323,0.025105,0.075507,0.012441,4.25,20,-0.149853,0.298350,0.442904,0.003051,0.006540,0.012647,0.000000,0.008289,0.002609,-0.080780,-0.192500,0.020003,0.009248,0.042528,0.018720
1779677068518615907,2026-05-25T09:44:28.518668,prediction,0.079730,0.148000,0.141598,True,0.055566,0.236091,0.152690,0.024163,0.088091,0.011093,4.91,20,-0.149853,0.298350,0.442904,0.003489,0.004796,0.011339,0.000000,0.005228,0.002609,-0.079940,-0.192500,0.025813,0.009088,0.043872,0.020768
1779677068575113175,2026-05-25T09:44:28.575129,prediction,0.081179,0.174000,0.145882,True,0.048634,0.252091,0.152391,0.032546,0.078091,0.006508,4.74,20,-0.146443,0.304825,0.449703,0.047120,0.006540,0.072425,0.003051,0.061949,0.043193,0.086380,-0.030660,0.192394,-0.054432,-0.049984,-0.031904
1779677068622206609,2026-05-25T09:44:28.622231,prediction,0.078204,0.207000,0.155022,True,0.050265,0.268091,0.160855,0.027939,0.061091,0.005833,5.63,20,-0.143099,0.311587,0.456184,0.047120,0.006540,0.072425,0.003051,0.061949,0.043193,0.086380,-0.030660,0.192394,-0.054432,-0.049984,-0.031904
1779677068658319067,2026-05-25T09:44:28.658360,prediction,0.084930,0.174000,0.149638,True,0.066213,0.264206,0.160110,0.018717,0.090206,0.010472,5.05,20,-0.143099,0.311587,0.456184,0.047120,0.006540,0.072425,0.003051,0.061949,0.043193,0.086380,-0.030660,0.192394,-0.054432,-0.049984,-0.031904
1779677068707239931,2026-05-25T09:44:28.707262,prediction,0.091109,0.148000,0.149195,True,0.072170,0.253038,0.157550,0.018940,0.105038,0.008355,6.41,20,-0.139792,0.318705,0.462432,0.047120,0.006540,0.072425,0.003051,0.061949,0.043193,0.086380,-0.030660,0.192394,-0.054432,-0.049984,-0.031904
1779677068748610574,2026-05-25T09:44:28.748644,prediction,0.093287,0.165000,0.151940,True,0.064749,0.264265,0.159912,0.028538,0.099265,0.007972,5.02,20,-0.136809,0.326335,0.468079,0.042756,0.007853,0.072425,0.000000,0.067188,0.043193,-0.138460,-0.224000,-0.036520,-0.053888,0.045600,0.032800
1779677068793480272,2026-05-25T09:44:28.793507,prediction,0.098696,0.148000,0.152993,True,0.075055,0.258767,0.161278,0.023641,0.110767,0.008285,4.51,20,-0.136809,0.326335,0.468079,0.058901,0.009598,0.089444,0.000000,0.083335,0.056721,-0.115220,-0.213220,-0.019339,-0.025344,0.047200,0.033504
1779677068829890401,2026-05-25T09:44:28.829915,prediction,0.097052,0.165000,0.155711,True,0.082238,0.249256,0.161546,0.014814,0.084256,0.005835,4.70,20,-0.133975,0.334282,0.473513,0.045814,0.011780,0.057592,0.000000,0.040142,0.037523,-0.086100,-0.215740,0.028220,-0.003520,0.041760,0.029888
1779677068870812120,2026-05-25T09:44:28.870843,prediction,0.100340,0.131000,0.154102,True,0.093553,0.233256,0.162470,0.006787,0.102256,0.008369,4.29,20,-0.131557,0.342580,0.478468,0.021378,0.016576,0.007413,0.005228,0.002609,0.016137,-0.070280,-0.221340,0.066898,0.009472,-0.022048,0.027680
1779677068913247368,2026-05-25T09:44:28.913271,prediction,0.101604,0.157000,0.158216,True,0.085132,0.226168,0.164223,0.016473,0.069168,0.006008,6.70,20,-0.131557,0.342580,0.478468,0.001744,0.026174,0.044499,0.008289,0.078096,0.000000,-0.070280,-0.247380,0.246925,0.005120,-0.054208,0.018144
1779677068949004011,2026-05-25T09:44:28.949030,prediction,0.106282,0.148000,0.156792,True,0.099335,0.213738,0.162969,0.006947,0.065738,0.006177,6.31,20,-0.129622,0.351224,0.483139,0.001744,0.026174,0.044499,0.008289,0.078096,0.000000,-0.070280,-0.247380,0.246925,0.005120,-0.054208,0.018144
1779677068983330926,2026-05-25T09:44:28.983354,prediction,0.114382,0.067000,0.143976,True,0.115335,0.197738,0.155396,0.000953,0.130738,0.011420,4.28,20,-0.129622,0.351224,0.483139,0.001744,0.026174,0.044499,0.008289,0.078096,0.000000,-0.070280,-0.247380,0.246925,0.005120,-0.054208,0.018144
1779677069030351276,2026-05-25T09:44:29.030378,prediction,0.113633,0.113000,0.151254,True,0.111942,0.181738,0.155249,0.001691,0.068738,0.003995,6.32,20,-0.128202,0.360032,0.487618,0.001744,0.026174,0.044499,0.008289,0.078096,0.000000,-0.070280,-0.247380,0.246925,0.005120,-0.054208,0.018144
1779677069082329440,2026-05-25T09:44:29.082358,prediction,0.116377,0.086000,0.146982,True,0.127942,0.165738,0.155089,0.011565,0.079738,0.008107,6.66,20,-0.127070,0.368932,0.492068,0.037523,0.109517,0.185870,0.018756,0.296701,0.016137,-0.148680,-0.332220,0.291247,0.009632,-0.086272,0.035744
1779677069136556433,2026-05-25T09:44:29.136621,prediction,0.132333,-0.071000,0.113824,True,0.140307,0.149738,0.143897,0.007974,0.220738,0.030072,6.09,20,-0.126284,0.377875,0.496524,0.078103,0.151841,0.230377,0.023995,0.380036,0.054101,-0.159320,-0.327600,0.286433,0.015360,-0.087264,0.037184
1779677069173962552,2026-05-25T09:44:29.173984,prediction,0.143095,-0.135000,0.086434,True,0.145513,0.133738,0.127897,0.002417,0.268738,0.041463,5.20,20,-0.126284,0.377875,0.496524,0.095992,0.163184,0.241723,0.029234,0.401422,0.067188,-0.169820,-0.319900,0.306436,0.011648,-0.088320,0.037632
1779677069214067208,2026-05-25T09:44:29.214090,prediction,0.139484,-0.060000,0.086619,True,0.149174,0.117738,0.112903,0.009689,0.177738,0.026284,4.48,20,-0.126290,0.386798,0.501024,0.113006,0.169730,0.249143,0.029665,0.412331,0.083766,-0.183120,-0.300300,0.287014,0.010240,-0.092736,0.040192
1779677069270357680,2026-05-25T09:44:29.270385,prediction,0.140638,-0.071000,0.076400,True,0.160205,0.101738,0.097927,0.019566,0.172738,0.021527,8.18,20,-0.126796,0.395723,0.505563,0.140061,0.166673,0.260489,0.029665,0.431087,0.110391,-0.159600,-0.275240,0.300211,0.010528,-0.094336,0.043424
1779677069317995489,2026-05-25T09:44:29.318017,prediction,0.137386,-0.040000,0.077757,True,0.169822,0.085738,0.090234,0.032436,0.125738,0.012477,8.68,20,-0.126796,0.395723,0.505563,0.147039,0.154893,0.258303,0.032284,0.417569,0.115619,-0.159320,-0.264040,0.310171,0.003968,-0.089344,0.045152
1779677069393132669,2026-05-25T09:44:29.393162,prediction,0.130147,0.029000,0.090035,True,0.163911,0.088000,0.098393,0.033764,0.059000,0.008358,7.69,20,-0.128737,0.404552,0.510048,0.153586,0.123917,0.258303,0.027045,0.380036,0.123908,-0.169540,-0.260960,0.307930,0.002848,-0.080096,0.044096
1779677069439583695,2026-05-25T09:44:29.439613,prediction,0.126144,0.104000,0.103380,True,0.153940,0.104000,0.110641,0.027796,0.000000,0.007260,9.54,20,-0.130634,0.413188,0.514435,0.151841,0.107772,0.262229,0.027045,0.377427,0.126528,-0.153020,-0.232400,0.305772,0.002784,-0.077920,0.044640
1779677069484487398,2026-05-25T09:44:29.484546,prediction,0.126144,0.104000,0.103380,True,0.151234,0.120000,0.113203,0.025090,0.016000,0.009823,8.77,20,-0.134633,0.421163,0.518841,0.147039,0.085081,0.263976,0.024426,0.352991,0.126970,-0.140000,-0.207340,0.303863,0.003968,-0.073856,0.042304
1779677069542120043,2026-05-25T09:44:29.542145,prediction,0.126144,0.104000,0.103380,True,0.147424,0.132888,0.111787,0.021280,0.028888,0.008407,9.07,20,-0.140546,0.428003,0.523162,0.140492,0.060207,0.263538,0.021807,0.323315,0.121300,-0.151900,-0.200200,0.315732,0.000224,-0.075360,0.041856
1779677069592988184,2026-05-25T09:44:29.593020,prediction,0.127103,0.095000,0.105664,True,0.139609,0.139989,0.117680,0.012506,0.044989,0.012015,8.12,20,-0.140546,0.428003,0.523162,0.130457,0.035778,0.263976,0.016137,0.301940,0.113442,-0.142800,-0.179480,0.324945,-0.001856,-0.075520,0.042592
1779677069632437892,2026-05-25T09:44:29.632487,prediction,0.119446,0.131000,0.115837,True,0.123609,0.155989,0.129434,0.004163,0.024989,0.013597,7.74,20,-0.147992,0.433265,0.527133,0.122603,0.021378,0.267471,0.016137,0.294082,0.110822,-0.137900,-0.175980,0.318305,-0.000736,-0.072256,0.037792
1779677069681646955,2026-05-25T09:44:29.681675,prediction,0.118606,0.139000,0.124861,True,0.125793,0.171989,0.136886,0.007186,0.032989,0.012025,5.34,20,-0.156343,0.436725,0.530169,0.112568,0.006540,0.269649,0.016137,0.283173,0.099914,-0.141540,-0.164220,0.331336,-0.002304,-0.076480,0.037696
1779677069725240164,2026-05-25T09:44:29.725269,prediction,0.115625,0.131000,0.127317,True,0.126539,0.178641,0.139039,0.010914,0.047641,0.011722,4.88,20,-0.156343,0.436725,0.530169,0.096423,0.016576,0.267471,0.010898,0.242599,0.083766,-0.128240,0.019180,0.325858,-0.001728,-0.069792,0.034304
1779677069773700503,2026-05-25T09:44:29.773729,prediction,0.110076,0.148000,0.137799,True,0.114531,0.192410,0.151274,0.004456,0.044410,0.013475,7.51,20,-0.164705,0.438342,0.531972,0.086388,0.032720,0.271396,0.010898,0.236919,0.072857,-0.110880,0.036820,0.333245,-0.004800,-0.066688,0.035456
1779677069814521803,2026-05-25T09:44:29.814563,prediction,0.109782,0.113000,0.135830,True,0.112718,0.191705,0.153718,0.002936,0.078705,0.017888,4.98,20,-0.172031,0.438329,0.532659,0.070243,0.049303,0.276631,0.007847,0.231691,0.061949,-0.093520,0.021000,0.329759,-0.006976,-0.067968,0.035072
1779677069861415994,2026-05-25T09:44:29.861438,prediction,0.100340,0.131000,0.142623,True,0.101801,0.201908,0.156124,0.001461,0.070908,0.013501,5.14,20,-0.178079,0.436743,0.532486,0.054105,0.063703,0.276631,0.007847,0.212924,0.048432,-0.089880,0.042140,0.326024,-0.006400,-0.070528,0.034304
1779677069910064092,2026-05-25T09:44:29.910082,prediction,0.094903,0.148000,0.149195,True,0.098551,0.210623,0.164884,0.003648,0.062623,0.015689,4.79,20,-0.178079,0.436743,0.532486,0.054105,0.063703,0.276631,0.007847,0.212924,0.048432,-0.089880,0.042140,0.326024,-0.006400,-0.070528,0.034304
1779677069955838744,2026-05-25T09:44:29.955861,prediction,0.081179,0.174000,0.157150,True,0.083326,0.226623,0.175337,0.002146,0.052623,0.018187,4.83,20,-0.182561,0.433601,0.531959,0.054105,0.063703,0.276631,0.007847,0.212924,0.048432,-0.089880,0.042140,0.326024,-0.006400,-0.070528,0.034304
1779677070002675506,2026-05-25T09:44:30.002709,prediction,0.072201,0.191000,0.163595,True,0.073017,0.242623,0.180715,0.000816,0.051623,0.017120,8.91,20,-0.185534,0.428814,0.531753,0.011780,0.089883,0.286229,0.003051,0.199396,0.007847,-0.066920,0.038640,0.327933,-0.002560,-0.060000,0.029120
1779677070041608646,2026-05-25T09:44:30.041633,prediction,0.075155,0.157000,0.165783,True,0.075529,0.231946,0.181821,0.000374,0.074946,0.016038,4.91,20,-0.185534,0.428814,0.531753,0.011780,0.089883,0.286229,0.003051,0.199396,0.007847,-0.066920,0.038640,0.327933,-0.002560,-0.060000,0.029120
1779677070088265146,2026-05-25T09:44:30.088312,prediction,0.069246,0.182000,0.173399,True,0.060030,0.240650,0.187206,0.009216,0.058650,0.013807,5.85,20,-0.186739,0.424645,0.532796,0.011780,0.089883,0.286229,0.003051,0.199396,0.007847,-0.066920,0.038640,0.327933,-0.002560,-0.060000,0.029120
1779677070136771427,2026-05-25T09:44:30.136828,prediction,0.068479,0.191000,0.182234,True,0.061576,0.256650,0.197762,0.006903,0.065650,0.015528,4.79,20,-0.186391,0.421590,0.534928,0.011780,0.089883,0.286229,0.003051,0.199396,0.007847,-0.066920,0.038640,0.327933,-0.002560,-0.060000,0.029120
1779677070172778159,2026-05-25T09:44:30.172800,prediction,0.064756,0.191000,0.185962,True,0.062926,0.255273,0.200101,0.001830,0.064273,0.014139,4.72,20,-0.186391,0.421590,0.534928,0.001744,0.093372,0.284482,0.002609,0.188487,0.000000,-0.059500,0.055160,0.334241,-0.005696,-0.067008,0.026624
1779677070211325111,2026-05-25T09:44:30.211354,prediction,0.057674,0.232000,0.195706,True,0.052238,0.271273,0.210486,0.005436,0.039273,0.014780,4.65,20,-0.184468,0.419951,0.537814,0.058901,0.107772,0.298884,0.000000,0.188929,0.056721,0.129780,0.057260,0.340798,-0.055264,-0.064000,-0.035680
1779677070250887200,2026-05-25T09:44:30.250921,prediction,0.056026,0.207000,0.195739,True,0.052355,0.274930,0.212445,0.003671,0.067930,0.016706,5.09,20,-0.184468,0.419951,0.537814,0.073301,0.111261,0.299323,0.003051,0.188929,0.072857,0.151900,0.048580,0.349015,-0.087776,-0.060960,-0.034176
1779677070325319589,2026-05-25T09:44:30.325345,prediction,0.054018,0.232000,0.199366,True,0.038891,0.290930,0.212305,0.015128,0.058930,0.012939,5.94,20,-0.181011,0.419831,0.541168,0.114750,0.114319,0.299323,0.010898,0.183259,0.110391,0.175980,0.027580,0.336814,-0.093568,-0.066400,-0.043584
1779677070375030012,2026-05-25T09:44:30.375052,prediction,0.049733,0.240000,0.204174,True,0.037169,0.305224,0.220301,0.012564,0.065224,0.016126,9.78,20,-0.176313,0.421509,0.544800,0.150528,0.111261,0.293650,0.013086,0.178021,0.142675,0.208880,0.008960,0.332249,-0.093952,-0.063904,-0.048992
1779677070420535221,2026-05-25T09:44:30.420566,prediction,0.049104,0.248000,0.208956,True,0.038028,0.302754,0.225917,0.011076,0.054754,0.016961,9.69,20,-0.171022,0.425321,0.548641,0.150528,0.111261,0.293650,0.013086,0.178021,0.142675,0.208880,0.008960,0.332249,-0.093952,-0.063904,-0.048992
1779677070461022106,2026-05-25T09:44:30.461046,prediction,0.045475,0.248000,0.208956,True,0.035545,0.296267,0.225067,0.009930,0.048267,0.016111,5.14,20,-0.165394,0.431317,0.552649,0.150528,0.111261,0.293650,0.013086,0.178021,0.142675,0.208880,0.008960,0.332249,-0.093952,-0.063904,-0.048992
1779677070509034736,2026-05-25T09:44:30.509060,prediction,0.045475,0.248000,0.212590,True,0.033206,0.294551,0.228644,0.012269,0.046551,0.016054,8.37,20,-0.165394,0.431317,0.552649,0.161877,0.109517,0.291464,0.016137,0.175401,0.153584,0.199220,0.018900,0.338557,-0.089664,-0.064288,-0.047936
1779677070567562422,2026-05-25T09:44:30.567592,prediction,0.039509,0.279000,0.216935,True,0.020273,0.310551,0.231493,0.019236,0.031551,0.014558,5.35,20,-0.159791,0.438503,0.556829,0.264416,0.083336,0.212057,0.021807,0.126528,0.253066,0.210420,-0.022260,0.323451,-0.102624,-0.057600,-0.052224
1779677070612383662,2026-05-25T09:44:30.612403,prediction,0.038303,0.295000,0.222734,True,0.027431,0.326551,0.237843,0.010872,0.031551,0.015109,5.29,20,-0.154271,0.445635,0.561032,0.270956,0.076790,0.187618,0.027045,0.108203,0.258736,0.198380,-0.035840,0.301290,-0.096512,-0.049920,-0.054112
1779677070653646298,2026-05-25T09:44:30.653667,prediction,0.038303,0.295000,0.222734,True,0.032319,0.324481,0.236723,0.005984,0.029481,0.013988,7.19,20,-0.154271,0.445635,0.561032,0.264416,0.060645,0.141371,0.024426,0.075477,0.245208,0.183400,-0.039620,0.275477,-0.095456,-0.049536,-0.054560
1779677070695803284,2026-05-25T09:44:30.695828,prediction,0.037037,0.264000,0.222048,True,0.033304,0.308481,0.235345,0.003733,0.044481,0.013297,7.56,20,-0.148891,0.452856,0.565329,0.254818,0.054105,0.113445,0.021807,0.059340,0.242599,0.156240,-0.045780,0.294069,-0.096224,-0.045536,-0.050432
1779677070741870764,2026-05-25T09:44:30.741890,prediction,0.035341,0.287000,0.225196,True,0.019483,0.324481,0.237415,0.015857,0.037481,0.012219,8.81,20,-0.143612,0.460179,0.569660,0.233433,0.035778,0.065013,0.021375,0.024426,0.223833,0.159600,-0.079940,0.271327,-0.098688,-0.039968,-0.047648
1779677070788911266,2026-05-25T09:44:30.788936,prediction,0.034235,0.302000,0.227249,True,0.024607,0.340481,0.238329,0.009628,0.038481,0.011080,5.58,20,-0.143612,0.460179,0.569660,0.205946,0.016138,0.023993,0.018756,0.002609,0.199396,0.162400,-0.085540,0.242277,-0.102016,-0.041632,-0.039808
1779677070839468352,2026-05-25T09:44:30.839491,prediction,0.032022,0.332000,0.234851,True,0.028519,0.356481,0.246126,0.003504,0.024481,0.011275,10.47,20,-0.138497,0.467605,0.574022,0.169730,0.004796,0.014833,0.016137,0.005670,0.158823,0.137900,-0.281120,0.079514,-0.098912,0.029664,-0.039808
1779677070883842246,2026-05-25T09:44:30.883870,prediction,0.030400,0.354000,0.237826,True,0.027996,0.371604,0.248060,0.002404,0.017604,0.010234,5.70,20,-0.133485,0.475113,0.578398,0.143988,0.026174,0.037086,0.013086,0.016137,0.132208,0.125860,-0.355460,0.064325,-0.096960,0.042592,-0.044256
1779677070938553338,2026-05-25T09:44:30.938591,prediction,0.029884,0.361000,0.242221,True,0.026714,0.380707,0.252254,0.003170,0.019707,0.010033,4.66,20,-0.128607,0.482661,0.582751,0.106459,0.051923,0.054098,0.010898,0.005228,0.102091,0.100380,-0.352100,0.060590,-0.099680,0.042144,-0.039744
1779677071000883676,2026-05-25T09:44:31.000906,prediction,0.033328,0.361000,0.242221,True,0.027181,0.396480,0.248786,0.006146,0.035480,0.006565,6.88,20,-0.123875,0.490311,0.587074,0.045814,0.079847,0.051919,0.005228,0.029665,0.045812,0.077140,-0.348320,0.075198,-0.102016,-0.047200,-0.027616
1779677071047417910,2026-05-25T09:44:31.047441,prediction,0.032800,0.368000,0.243156,True,0.027374,0.405298,0.249924,0.005426,0.037298,0.006768,4.86,20,-0.123875,0.490311,0.587074,0.013087,0.088139,0.037086,0.000000,0.051040,0.016137,0.039340,-0.337260,0.089640,-0.104416,-0.049376,-0.026336
1779677071094134692,2026-05-25T09:44:31.094160,prediction,0.033328,0.361000,0.245670,True,0.030533,0.398873,0.254034,0.002795,0.037873,0.008364,8.55,20,-0.119437,0.498271,0.591326,0.027925,0.091628,0.014833,0.000000,0.078538,0.023995,-0.165760,-0.327880,0.094288,-0.081536,-0.055616,0.027168
1779677071135185747,2026-05-25T09:44:31.135209,prediction,0.031744,0.382000,0.248440,True,0.022069,0.414873,0.255089,0.009676,0.032873,0.006649,8.11,20,-0.115245,0.506281,0.595479,0.066754,0.089883,0.001740,0.002609,0.099482,0.067188,-0.169820,-0.323260,0.216298,-0.029440,-0.056000,0.035680
1779677071197211296,2026-05-25T09:44:31.197235,prediction,0.032272,0.375000,0.247517,True,0.027917,0.415067,0.252797,0.004355,0.040067,0.005281,8.45,20,-0.111202,0.514448,0.599579,0.101225,0.080279,0.031413,0.016137,0.113000,0.091624,-0.177520,-0.313040,0.297638,-0.017760,-0.063744,0.038080
1779677071243250284,2026-05-25T09:44:31.243275,prediction,0.031217,0.389000,0.249364,True,0.024738,0.425462,0.253294,0.006479,0.036462,0.003930,8.11,20,-0.111202,0.514448,0.599579,0.133952,0.065010,0.062827,0.016137,0.129589,0.123908,-0.175140,-0.260960,0.320878,-0.014144,-0.058624,0.045600
1779677071288405365,2026-05-25T09:44:31.288428,prediction,0.030689,0.396000,0.253678,True,0.025530,0.432771,0.260641,0.005159,0.036771,0.006963,4.78,20,-0.107521,0.522859,0.603503,0.133952,0.065010,0.062827,0.016137,0.129589,0.123908,-0.175140,-0.260960,0.320878,-0.014144,-0.058624,0.045600
1779677071337154116,2026-05-25T09:44:31.337183,prediction,0.030689,0.396000,0.253678,True,0.026943,0.431454,0.260074,0.003746,0.035454,0.006396,8.61,20,-0.104044,0.531455,0.607363,0.133952,0.065010,0.062827,0.016137,0.129589,0.123908,-0.175140,-0.260960,0.320878,-0.014144,-0.058624,0.045600
1779677071372726193,2026-05-25T09:44:31.372765,prediction,0.031744,0.382000,0.255268,True,0.028742,0.418967,0.259562,0.003002,0.036967,0.004294,6.68,20,-0.104044,0.531455,0.607363,0.141806,0.057156,0.074611,0.016137,0.134386,0.137436,-0.194040,-0.275240,0.327352,-0.015200,-0.060160,0.042592
1779677071410067625,2026-05-25T09:44:31.410095,prediction,0.029634,0.410000,0.258871,True,0.018883,0.434967,0.263387,0.010750,0.024967,0.004516,4.97,20,-0.100982,0.540206,0.610994,0.188057,0.008285,0.165364,0.016137,0.161873,0.172782,-0.178780,-0.065380,0.345944,-0.014752,-0.064448,0.047264
1779677071446309187,2026-05-25T09:44:31.446323,prediction,0.030161,0.403000,0.261350,True,0.025023,0.439400,0.267114,0.005139,0.036400,0.005764,4.37,20,-0.100982,0.540206,0.610994,0.186313,0.029669,0.189804,0.018756,0.164492,0.177579,-0.162120,-0.016380,0.363706,-0.013152,-0.060608,0.044640
1779677071494712975,2026-05-25T09:44:31.494736,prediction,0.029634,0.410000,0.262239,True,0.024580,0.440890,0.267229,0.005054,0.030890,0.004990,4.29,20,-0.098148,0.549292,0.614572,0.184568,0.040574,0.204198,0.016137,0.164492,0.169731,-0.167300,-0.028140,0.347023,-0.007136,-0.063456,0.046144
1779677071543240191,2026-05-25T09:44:31.543263,prediction,0.030161,0.403000,0.264729,True,0.025369,0.434788,0.270798,0.004792,0.031788,0.006069,4.50,20,-0.095555,0.558176,0.617993,0.178022,0.049303,0.212057,0.016137,0.167112,0.164492,-0.152180,-0.021980,0.350260,-0.011648,-0.063520,0.045472
1779677071594433363,2026-05-25T09:44:31.594452,prediction,0.027303,0.396000,0.263852,True,0.020198,0.427885,0.270171,0.007105,0.031885,0.006320,4.59,20,-0.093060,0.567244,0.621405,0.171475,0.055412,0.221217,0.016137,0.164492,0.159254,-0.177520,-0.029120,0.341296,-0.016864,-0.070976,0.044256
1779677071638019651,2026-05-25T09:44:31.638044,prediction,0.025754,0.417000,0.266484,True,0.014580,0.443885,0.272538,0.011174,0.026885,0.006054,6.91,20,-0.093060,0.567244,0.621405,0.166241,0.057156,0.222964,0.016137,0.167112,0.156203,-0.151900,-0.015680,0.354244,-0.015264,-0.067744,0.042688
1779677071680357972,2026-05-25T09:44:31.680381,prediction,0.025238,0.424000,0.267362,True,0.021585,0.451078,0.273912,0.003653,0.027078,0.006551,6.98,20,-0.090725,0.576355,0.624719,0.163184,0.060207,0.224704,0.016137,0.167112,0.150964,-0.140420,-0.016940,0.350924,-0.014304,-0.061120,0.045760
1779677071720743875,2026-05-25T09:44:31.720778,prediction,0.025238,0.424000,0.267362,True,0.023528,0.445757,0.273658,0.001710,0.021757,0.006296,8.41,20,-0.090725,0.576355,0.624719,0.152279,0.063703,0.230816,0.013517,0.167112,0.142675,-0.156800,-0.021700,0.351671,-0.011040,-0.063744,0.046080
1779677071756553957,2026-05-25T09:44:31.756570,prediction,0.023321,0.450000,0.273924,True,0.012987,0.461757,0.282820,0.010334,0.011757,0.008896,8.17,20,-0.088495,0.585529,0.628040,0.150097,0.067192,0.234310,0.016137,0.167112,0.140056,-0.154560,-0.021000,0.354078,-0.013696,-0.066848,0.044032
1779677071806167104,2026-05-25T09:44:31.806191,prediction,0.023763,0.444000,0.273181,True,0.019401,0.468197,0.280272,0.004363,0.024197,0.007091,5.61,20,-0.086269,0.594720,0.631397,0.145732,0.071994,0.241723,0.016137,0.167112,0.137436,-0.134120,-0.041440,0.347687,-0.014880,-0.066176,0.040576
1779677071848381466,2026-05-25T09:44:31.848406,prediction,0.021846,0.470000,0.276398,True,0.014830,0.484197,0.281692,0.007015,0.014198,0.005294,4.56,20,-0.086269,0.594720,0.631397,0.140492,0.075045,0.243470,0.010467,0.172351,0.129147,-0.133560,-0.017920,0.367607,-0.015648,-0.058336,0.043424
1779677071892538881,2026-05-25T09:44:31.892565,prediction,0.020456,0.444000,0.273181,True,0.019489,0.472594,0.280019,0.000966,0.028594,0.006838,8.76,20,-0.084120,0.603830,0.634788,0.132639,0.080279,0.249143,0.010467,0.166670,0.123908,-0.132860,-0.004900,0.361631,-0.013376,-0.061792,0.041696
1779677071934810169,2026-05-25T09:44:31.934838,prediction,0.019086,0.463000,0.278813,True,0.006640,0.485143,0.286475,0.012445,0.022143,0.007663,8.53,20,-0.081999,0.612978,0.638227,0.127406,0.083336,0.250890,0.010898,0.169731,0.118680,-0.122080,-0.018200,0.368271,-0.017600,-0.062560,0.044192
1779677071973306704,2026-05-25T09:44:31.973333,prediction,0.015809,0.463000,0.278813,True,0.007766,0.498054,0.283945,0.008043,0.035054,0.005132,8.53,20,-0.081999,0.612978,0.638227,0.120859,0.088139,0.253069,0.010467,0.167112,0.113442,-0.130760,-0.007000,0.363540,-0.013600,-0.063520,0.039360
1779677072010679918,2026-05-25T09:44:32.010715,prediction,0.014893,0.476000,0.280400,True,0.009854,0.504544,0.283460,0.005039,0.028544,0.003060,8.69,20,-0.079794,0.622327,0.641791,0.114319,0.091628,0.258303,0.010898,0.167112,0.107772,-0.155540,-0.007000,0.355074,-0.012928,-0.060160,0.039424
1779677072074872453,2026-05-25T09:44:32.074897,prediction,0.013977,0.489000,0.281987,True,0.009226,0.511292,0.285933,0.004751,0.022292,0.003946,5.25,20,-0.077669,0.631231,0.645192,0.107772,0.099481,0.260050,0.010467,0.158823,0.099482,-0.101920,-0.018480,0.361050,-0.011872,-0.063456,0.037120
1779677072120200885,2026-05-25T09:44:32.120220,prediction,0.011638,0.476000,0.283659,True,0.008247,0.498077,0.290213,0.003391,0.022077,0.006554,5.99,20,-0.077669,0.631231,0.645192,0.096423,0.106028,0.265723,0.010898,0.158823,0.091624,-0.097580,-0.027860,0.378812,-0.015584,-0.067008,0.036288
1779677072182155739,2026-05-25T09:44:32.182182,prediction,0.009436,0.508000,0.287513,True,-0.007753,0.514077,0.289647,0.017189,0.006077,0.002134,8.90,20,-0.075507,0.640380,0.648660,0.086388,0.110823,0.273575,0.007847,0.158823,0.080716,-0.109620,-0.017360,0.369516,-0.015488,-0.067360,0.037248
1779677072225794545,2026-05-25T09:44:32.225819,prediction,0.009918,0.501000,0.286670,True,0.005070,0.521965,0.286364,0.004848,0.020965,0.000306,7.99,20,-0.073289,0.649495,0.652093,0.078103,0.117370,0.273144,0.008289,0.156203,0.075477,-0.115920,-0.016660,0.374994,-0.018656,-0.057344,0.033504
1779677072280606365,2026-05-25T09:44:32.280631,prediction,0.009436,0.508000,0.290720,True,0.005549,0.527212,0.290568,0.003887,0.019212,0.000152,11.99,20,-0.071031,0.658633,0.655476,0.068498,0.126099,0.280556,0.005228,0.156203,0.064568,-0.113960,-0.022540,0.376903,-0.017312,-0.057952,0.035008
1779677072336145740,2026-05-25T09:44:32.336184,prediction,0.008197,0.526000,0.292859,True,0.001424,0.543212,0.294793,0.006773,0.017212,0.001934,9.18,20,-0.068782,0.667787,0.658800,0.061958,0.130457,0.282304,0.005228,0.150964,0.059340,-0.087360,-0.025620,0.374662,-0.017920,-0.056544,0.038144
1779677072376949191,2026-05-25T09:44:32.376974,prediction,0.008610,0.520000,0.292146,True,0.004734,0.546161,0.293001,0.003877,0.026161,0.000855,6.25,20,-0.068782,0.667787,0.658800,0.061958,0.130457,0.282304,0.005228,0.150964,0.059340,-0.087360,-0.025620,0.374662,-0.017920,-0.056544,0.038144
1779677072418910697,2026-05-25T09:44:32.418947,prediction,0.007784,0.532000,0.293571,True,-0.000094,0.558079,0.291807,0.007878,0.026079,0.001765,4.53,20,-0.066594,0.677024,0.662003,0.061958,0.130457,0.282304,0.005228,0.150964,0.059340,-0.087360,-0.025620,0.374662,-0.017920,-0.056544,0.038144
1779677072461309846,2026-05-25T09:44:32.461327,prediction,0.007371,0.538000,0.294284,True,0.003699,0.561297,0.295352,0.003672,0.023297,0.001068,8.33,20,-0.064426,0.686221,0.665095,0.042318,0.142243,0.291464,0.000000,0.148345,0.043193,-0.107520,-0.031920,0.377235,-0.016864,-0.062336,0.035456
1779677072526058598,2026-05-25T09:44:32.526109,prediction,0.006958,0.544000,0.294997,True,0.000805,0.567111,0.296769,0.006153,0.023111,0.001772,9.49,20,-0.064426,0.686221,0.665095,0.037523,0.147039,0.295828,0.005228,0.150533,0.037523,-0.115220,-0.053200,0.380306,-0.021888,-0.054944,0.034624
1779677072580505895,2026-05-25T09:44:32.580522,prediction,0.008197,0.526000,0.292859,True,0.004421,0.554164,0.293165,0.003776,0.028164,0.000307,8.21,20,-0.062268,0.695691,0.668137,0.032720,0.147039,0.299323,0.005228,0.148345,0.029665,-0.109060,-0.035000,0.390847,-0.020704,-0.061504,0.030624
1779677072636406733,2026-05-25T09:44:32.636431,prediction,0.004550,0.579000,0.299155,True,-0.011579,0.570164,0.299257,0.016129,0.008836,0.000102,8.80,20,-0.060261,0.704978,0.670878,0.029669,0.150097,0.303248,0.005228,0.148345,0.027045,-0.100660,-0.043400,0.389768,-0.020544,-0.058784,0.034240
1779677072679415265,2026-05-25T09:44:32.679446,prediction,0.004894,0.574000,0.298561,True,-0.000639,0.586164,0.298114,0.005533,0.012164,0.000446,9.65,20,-0.058207,0.714349,0.673560,0.027925,0.151841,0.302810,0.002609,0.154015,0.027045,-0.112840,-0.047740,0.390349,-0.015040,-0.059392,0.030944
1779677072720722131,2026-05-25T09:44:32.720751,prediction,0.002967,0.602000,0.301887,True,-0.002539,0.602164,0.300519,0.005506,0.000164,0.001367,9.03,20,-0.058207,0.714349,0.673560,0.026174,0.151841,0.306736,0.005228,0.153584,0.024426,-0.085540,-0.056000,0.389436,-0.022048,-0.057056,0.032672
1779677072755308793,2026-05-25T09:44:32.755332,prediction,0.002210,0.613000,0.303193,True,-0.003084,0.618164,0.302947,0.005294,0.005164,0.000246,6.33,20,-0.056254,0.723795,0.676086,0.024867,0.151841,0.306736,0.002609,0.156203,0.024426,-0.088620,-0.056980,0.382547,-0.016096,-0.063008,0.033344
1779677072799927973,2026-05-25T09:44:32.799951,prediction,0.005240,0.613000,0.303193,True,-0.000333,0.630163,0.303065,0.005573,0.017163,0.000128,4.85,20,-0.054338,0.733362,0.678582,0.024429,0.152279,0.308483,0.002609,0.156634,0.023995,-0.105000,-0.051100,0.395495,-0.022048,-0.059392,0.034560
1779677072863010382,2026-05-25T09:44:32.863026,prediction,0.003690,0.635000,0.305807,True,-0.011260,0.646163,0.305207,0.014950,0.011163,0.000600,4.90,20,-0.052513,0.742874,0.680986,0.022685,0.155330,0.312408,0.002609,0.161442,0.021807,-0.108080,-0.059780,0.393088,-0.019424,-0.059328,0.035296
1779677072915718638,2026-05-25T09:44:32.915754,prediction,-0.000818,0.657000,0.308420,True,-0.009589,0.662163,0.309162,0.008771,0.005163,0.000742,4.59,20,-0.052513,0.742874,0.680986,0.022685,0.154893,0.315903,0.002609,0.161873,0.021375,-0.107240,-0.082040,0.392009,-0.021280,-0.060832,0.030944
1779677072969228052,2026-05-25T09:44:32.969251,prediction,0.000696,0.635000,0.302808,True,-0.000524,0.657199,0.302075,0.001220,0.022199,0.000734,8.71,20,-0.050835,0.752443,0.683223,0.020940,0.154893,0.319390,0.002609,0.161873,0.019198,-0.091140,-0.058800,0.403214,-0.018656,-0.063680,0.030400
1779677073007288408,2026-05-25T09:44:33.007314,prediction,-0.000818,0.657000,0.302496,True,-0.016371,0.673199,0.300103,0.015553,0.016199,0.002393,8.36,20,-0.049267,0.762088,0.685374,0.019634,0.158388,0.323316,0.002609,0.164492,0.019198,-0.110600,-0.080780,0.389602,-0.014752,-0.064448,0.031520
1779677073056561452,2026-05-25T09:44:33.056589,prediction,-0.004448,0.667000,0.303716,True,-0.017906,0.689199,0.304760,0.013458,0.022199,0.001044,6.25,20,-0.049267,0.762088,0.685374,0.023122,0.158388,0.323316,0.002609,0.164492,0.021807,-0.110320,-0.094780,0.392424,-0.019776,-0.062624,0.032896
1779677073093071511,2026-05-25T09:44:33.093089,prediction,-0.007718,0.672000,0.301389,True,-0.018152,0.700429,0.300379,0.010435,0.028429,0.001010,4.98,20,-0.047755,0.771795,0.687282,0.023122,0.158388,0.323316,0.002609,0.164492,0.021375,-0.109060,-0.096040,0.411265,-0.020608,-0.067296,0.030560
1779677073130395538,2026-05-25T09:44:33.130419,prediction,-0.010651,0.672000,0.298452,True,-0.016284,0.696802,0.295905,0.005633,0.024802,0.002547,4.54,20,-0.046242,0.781541,0.689065,0.023122,0.155330,0.325502,0.002609,0.164492,0.018756,-0.113960,-0.058800,0.410269,-0.018208,-0.067904,0.032512
1779677073179227458,2026-05-25T09:44:33.179251,prediction,-0.014581,0.688000,0.297546,True,-0.028383,0.712802,0.295741,0.013802,0.024802,0.001805,8.71,20,-0.046242,0.781541,0.689065,0.023122,0.161877,0.328989,0.000000,0.170162,0.021375,-0.080220,-0.106820,0.416411,-0.018816,-0.061280,0.032128
1779677073221243292,2026-05-25T09:44:33.221266,prediction,-0.017791,0.693000,0.295278,True,-0.032946,0.728802,0.292509,0.015155,0.035802,0.002769,5.91,20,-0.044721,0.791337,0.690578,0.019634,0.161877,0.332483,0.002609,0.172351,0.018756,-0.092960,-0.113960,0.396657,-0.018432,-0.065344,0.033952
1779677073268787335,2026-05-25T09:44:33.268843,prediction,-0.023302,0.688000,0.291724,True,-0.034038,0.724442,0.287839,0.010735,0.036442,0.003885,5.11,20,-0.043150,0.801105,0.691934,0.019634,0.160133,0.328989,0.000000,0.169731,0.021375,-0.106540,-0.097580,0.393586,-0.020000,-0.061504,0.033024
1779677073323867920,2026-05-25T09:44:33.323910,prediction,-0.028159,0.723000,0.293430,True,-0.046727,0.740442,0.288432,0.018568,0.017442,0.004998,4.61,20,-0.043150,0.801105,0.691934,0.019634,0.161877,0.328989,0.002609,0.164492,0.016137,-0.096600,-0.098140,0.399977,-0.019872,-0.062624,0.032512
1779677073368594224,2026-05-25T09:44:33.368833,prediction,-0.027602,0.713000,0.289240,True,-0.035625,0.745029,0.284065,0.008023,0.032029,0.005175,4.68,20,-0.041446,0.810950,0.692985,0.019634,0.164928,0.332915,0.000000,0.167112,0.019198,-0.088900,-0.109340,0.400807,-0.017920,-0.065952,0.030336
1779677073408094722,2026-05-25T09:44:33.408119,prediction,-0.028438,0.728000,0.291244,True,-0.044414,0.761029,0.284065,0.015977,0.033029,0.007179,5.43,20,-0.039723,0.820673,0.693860,0.019634,0.164928,0.332915,0.000000,0.167112,0.019198,-0.088900,-0.109340,0.400807,-0.017920,-0.065952,0.030336
1779677073457352076,2026-05-25T09:44:33.457379,prediction,-0.027881,0.718000,0.287046,True,-0.037315,0.756434,0.278973,0.009434,0.038434,0.008073,4.98,20,-0.039723,0.820673,0.693860,0.019634,0.164928,0.332915,0.000000,0.167112,0.019198,-0.088900,-0.109340,0.400807,-0.017920,-0.065952,0.030336
1779677073497691681,2026-05-25T09:44:33.497717,prediction,-0.030739,0.718000,0.284184,True,-0.044969,0.757787,0.275735,0.014231,0.039787,0.008449,4.47,20,-0.037874,0.830558,0.694420,0.019634,0.164928,0.332915,0.000000,0.167112,0.019198,-0.088900,-0.109340,0.400807,-0.017920,-0.065952,0.030336
1779677073547855190,2026-05-25T09:44:33.547879,prediction,-0.030739,0.718000,0.281322,True,-0.042053,0.760126,0.273463,0.011315,0.042126,0.007859,6.50,20,-0.035988,0.840280,0.694801,0.013087,0.181073,0.349495,0.000000,0.169731,0.013517,-0.078680,-0.124880,0.408194,-0.020608,-0.065280,0.030112
1779677073585774047,2026-05-25T09:44:33.585806,prediction,-0.031766,0.737000,0.278292,True,-0.045031,0.776126,0.270903,0.013265,0.039126,0.007389,5.87,20,-0.035988,0.840280,0.694801,0.013087,0.181511,0.353428,0.002609,0.172782,0.013517,-0.095060,-0.116760,0.410933,-0.020160,-0.063616,0.029344
1779677073624656601,2026-05-25T09:44:33.624679,prediction,-0.031279,0.728000,0.274170,True,-0.041556,0.766578,0.266338,0.010277,0.038579,0.007832,4.42,20,-0.033997,0.850122,0.694827,0.013087,0.181511,0.351242,0.000000,0.169731,0.010898,-0.097860,-0.113680,0.408360,-0.018880,-0.063840,0.030848
1779677073663102352,2026-05-25T09:44:33.663127,prediction,-0.031009,0.723000,0.270599,True,-0.042452,0.753208,0.261960,0.011443,0.030208,0.008639,4.87,20,-0.031947,0.859920,0.694681,0.013087,0.182817,0.351242,0.002609,0.167112,0.010898,-0.089180,-0.118300,0.423632,-0.019648,-0.064128,0.029792
1779677073707806125,2026-05-25T09:44:33.707848,prediction,-0.037927,0.747000,0.268453,True,-0.058452,0.769208,0.258324,0.020524,0.022208,0.010129,7.92,20,-0.031947,0.859920,0.694681,0.011780,0.186313,0.354737,0.002609,0.164051,0.010467,-0.078400,-0.154280,0.411680,-0.021760,-0.065504,0.033120
1779677073746145028,2026-05-25T09:44:33.746169,prediction,-0.044213,0.761000,0.262156,True,-0.057584,0.785208,0.250643,0.013371,0.024208,0.011513,5.54,20,-0.029816,0.869629,0.694180,0.007853,0.186313,0.355168,0.000000,0.169731,0.010467,-0.097020,-0.132860,0.422968,-0.020928,-0.066624,0.031744
1779677073789098170,2026-05-25T09:44:33.789115,prediction,-0.044213,0.761000,0.259364,True,-0.046633,0.783074,0.248837,0.002420,0.022074,0.010527,4.85,20,-0.029816,0.869629,0.694180,0.008285,0.187619,0.358662,0.000000,0.166670,0.007847,-0.106260,-0.125860,0.413340,-0.020608,-0.066688,0.031744
1779677073828473466,2026-05-25T09:44:33.828498,prediction,-0.046771,0.756000,0.252990,True,-0.051249,0.776960,0.241328,0.004477,0.020960,0.011662,4.68,20,-0.027553,0.879317,0.693297,0.008285,0.192853,0.362149,0.000000,0.172782,0.007847,-0.092680,-0.153020,0.429525,-0.019328,-0.069248,0.031296
1779677073868882927,2026-05-25T09:44:33.868916,prediction,-0.047413,0.770000,0.252429,True,-0.063721,0.792960,0.240536,0.016307,0.022960,0.011893,4.82,20,-0.025260,0.889010,0.692211,0.006540,0.192853,0.360410,0.000000,0.172351,0.005670,-0.087640,-0.177940,0.432928,-0.021888,-0.060000,0.031616
1779677073914108155,2026-05-25T09:44:33.914131,prediction,-0.050186,0.770000,0.249652,True,-0.062306,0.805826,0.236945,0.012120,0.035826,0.012707,4.56,20,-0.025260,0.889010,0.692211,0.003051,0.192422,0.366083,0.000000,0.167112,0.002609,-0.090440,-0.121800,0.417158,-0.021984,-0.065792,0.032224
1779677073960028303,2026-05-25T09:44:33.960053,prediction,-0.053384,0.780000,0.245747,True,-0.059721,0.807538,0.232339,0.006337,0.027538,0.013408,4.46,20,-0.022891,0.898627,0.690741,0.003051,0.198962,0.366514,0.000000,0.172782,0.002609,-0.088620,-0.158340,0.422138,-0.020480,-0.059456,0.031072
1779677074002418559,2026-05-25T09:44:34.002452,prediction,-0.053384,0.780000,0.242987,True,-0.057439,0.802534,0.230780,0.004055,0.022534,0.012206,5.37,20,-0.020518,0.908268,0.689066,0.001307,0.200706,0.370008,0.000000,0.169731,0.000000,-0.066220,-0.176260,0.418154,-0.022720,-0.063840,0.031840
1779677074047152189,2026-05-25T09:44:34.047179,prediction,-0.053767,0.789000,0.236249,True,-0.065885,0.816519,0.221227,0.012118,0.027520,0.015022,4.43,20,-0.020518,0.908268,0.689066,0.001307,0.198962,0.371748,0.000000,0.169731,0.000000,-0.085540,-0.149660,0.415747,-0.022560,-0.059552,0.030336
1779677074084866240,2026-05-25T09:44:34.084891,prediction,-0.056304,0.784000,0.232638,True,-0.067469,0.816297,0.218210,0.011164,0.032297,0.014428,4.91,20,-0.018158,0.917718,0.687010,0.000000,0.205946,0.373495,0.000000,0.169731,0.003051,-0.091140,-0.156240,0.418652,-0.022784,-0.064576,0.030112
1779677074131650071,2026-05-25T09:44:34.131675,prediction,-0.056304,0.784000,0.227131,True,-0.066570,0.811283,0.211723,0.010265,0.027283,0.015408,5.12,20,-0.015739,0.927192,0.684725,0.001744,0.208997,0.379168,0.000000,0.169731,0.000000,-0.074340,-0.178220,0.416992,-0.023776,-0.069248,0.031392
1779677074172160744,2026-05-25T09:44:34.172183,prediction,-0.056141,0.780000,0.223666,True,-0.063255,0.803795,0.209111,0.007115,0.023795,0.014555,4.58,20,-0.015739,0.927192,0.684725,0.001744,0.209435,0.375681,0.000000,0.164492,0.003051,-0.082040,-0.147840,0.415581,-0.021504,-0.066464,0.032800
1779677074222413579,2026-05-25T09:44:34.222442,prediction,-0.056673,0.793000,0.217763,True,-0.070498,0.819107,0.200092,0.013826,0.026107,0.017671,8.82,20,-0.013312,0.936429,0.682032,0.003051,0.212493,0.370008,0.000000,0.167112,0.002609,-0.083580,-0.155820,0.411597,-0.022112,-0.064576,0.034176
1779677074264615674,2026-05-25T09:44:34.264641,prediction,-0.057041,0.802000,0.213960,True,-0.069870,0.830215,0.196269,0.012829,0.028215,0.017691,8.02,20,-0.010831,0.945684,0.679073,0.003051,0.214237,0.366514,0.000000,0.169731,0.002609,-0.070560,-0.200200,0.414585,-0.021056,-0.060960,0.034560
1779677074318845766,2026-05-25T09:44:34.318867,prediction,-0.056877,0.798000,0.213216,True,-0.064272,0.821541,0.198017,0.007395,0.023541,0.015199,8.04,20,-0.010831,0.945684,0.679073,0.003051,0.207253,0.356915,0.000000,0.161873,0.005228,-0.069020,-0.197400,0.398566,-0.021664,-0.061728,0.034240
1779677074357219616,2026-05-25T09:44:34.357239,prediction,-0.057041,0.802000,0.205788,True,-0.064947,0.819705,0.188276,0.007906,0.017705,0.017512,9.01,20,-0.008307,0.954709,0.675690,0.004796,0.205509,0.347755,0.000000,0.156634,0.002609,-0.070560,-0.216020,0.408526,-0.020320,-0.061952,0.034080
1779677074405176701,2026-05-25T09:44:34.405197,prediction,-0.051203,0.793000,0.201330,True,-0.057533,0.815585,0.183360,0.006330,0.022585,0.017970,8.23,20,-0.005810,0.963689,0.672075,0.004796,0.197655,0.338156,0.000000,0.145295,0.005228,-0.075320,-0.209440,0.419565,-0.019264,-0.066176,0.034464
1779677074449832948,2026-05-25T09:44:34.449853,prediction,-0.051822,0.807000,0.190449,True,-0.065600,0.831585,0.169161,0.013778,0.024585,0.021288,8.58,20,-0.005810,0.963689,0.672075,0.006540,0.194166,0.347316,0.000000,0.140498,0.005228,-0.087920,-0.206640,0.418320,-0.017760,-0.061952,0.032352
1779677074489730088,2026-05-25T09:44:34.489754,prediction,-0.051998,0.811000,0.183125,True,-0.059522,0.832094,0.165761,0.007524,0.021094,0.017364,8.89,20,-0.003410,0.972496,0.667998,0.006540,0.195911,0.349495,0.000000,0.142675,0.007847,-0.081200,-0.198940,0.422138,-0.017440,-0.058176,0.033024
1779677074536455575,2026-05-25T09:44:34.536477,prediction,-0.051601,0.802000,0.173100,True,-0.053577,0.818052,0.157329,0.001977,0.016052,0.015772,8.75,20,-0.001039,0.981253,0.663654,0.006540,0.200706,0.359101,0.002609,0.140498,0.005228,-0.091420,-0.223160,0.427450,-0.021152,-0.062784,0.031072
1779677074584660702,2026-05-25T09:44:34.584681,prediction,-0.051822,0.807000,0.163291,True,-0.057735,0.823526,0.143519,0.005913,0.016526,0.019772,5.08,20,-0.001039,0.981253,0.663654,0.009598,0.205946,0.368261,0.000000,0.140498,0.008289,-0.096320,-0.168840,0.412842,-0.017824,-0.063520,0.032800
1779677074623917319,2026-05-25T09:44:34.623934,prediction,-0.052573,0.824000,0.158923,True,-0.060877,0.839526,0.139967,0.008304,0.015526,0.018955,4.72,20,0.001076,0.989675,0.658806,0.010029,0.215544,0.375243,0.000000,0.150964,0.010467,-0.086380,-0.195580,0.430023,-0.018880,-0.058784,0.031072
1779677074672377396,2026-05-25T09:44:34.672393,prediction,-0.055257,0.824000,0.153547,True,-0.059418,0.842534,0.136892,0.004161,0.018534,0.016654,4.90,20,0.003126,0.998030,0.653586,0.009598,0.228638,0.387020,0.000000,0.156634,0.010898,-0.090440,-0.211960,0.428446,-0.022272,-0.061568,0.031904
1779677074712450314,2026-05-25T09:44:34.712466,prediction,-0.055087,0.820000,0.144561,True,-0.056264,0.834264,0.127145,0.001177,0.014264,0.017416,4.73,20,0.003126,0.998030,0.653586,0.011780,0.235178,0.386589,0.000000,0.159254,0.010898,-0.101640,-0.211680,0.437410,-0.019264,-0.056384,0.031072
1779677074753955913,2026-05-25T09:44:34.753982,prediction,-0.057614,0.816000,0.135536,True,-0.060238,0.831310,0.115136,0.002624,0.015310,0.020400,5.42,20,0.004950,1.005931,0.647838,0.013087,0.236491,0.386589,0.000000,0.150964,0.010898,-0.097860,-0.237440,0.437078,-0.021664,-0.062400,0.030112
1779677074796649065,2026-05-25T09:44:34.796675,prediction,-0.058310,0.833000,0.134192,True,-0.067311,0.847310,0.114393,0.009001,0.014310,0.019799,4.50,20,0.006669,1.013705,0.641711,0.013087,0.238673,0.386589,0.002609,0.150533,0.010898,-0.097860,-0.221900,0.426454,-0.020768,-0.059552,0.029888
1779677074844390228,2026-05-25T09:44:34.844414,prediction,-0.060822,0.829000,0.127878,True,-0.064634,0.850007,0.111616,0.003812,0.021007,0.016262,4.43,20,0.006669,1.013705,0.641711,0.013087,0.240418,0.388328,0.000000,0.150964,0.013517,-0.088900,-0.230580,0.440896,-0.018880,-0.059168,0.031168
1779677074884029925,2026-05-25T09:44:34.884055,prediction,-0.060626,0.824000,0.118605,True,-0.062423,0.840914,0.101144,0.001797,0.016914,0.017461,5.13,20,0.008204,1.020989,0.635076,0.013087,0.241724,0.390076,0.000000,0.143106,0.013517,-0.085540,-0.234640,0.418320,-0.021888,-0.063744,0.032512
1779677074929060963,2026-05-25T09:44:34.929084,prediction,-0.060979,0.833000,0.115481,True,-0.067272,0.849336,0.095381,0.006292,0.016336,0.020099,5.70,20,0.009633,1.028102,0.628178,0.013087,0.243469,0.388767,0.002609,0.145295,0.013517,-0.085120,-0.224700,0.424379,-0.019040,-0.059168,0.032128
1779677074974378226,2026-05-25T09:44:34.974403,prediction,-0.063498,0.829000,0.109121,True,-0.070202,0.854086,0.091213,0.006704,0.025086,0.017907,8.18,20,0.009633,1.028102,0.628178,0.013087,0.244782,0.388328,0.000000,0.145295,0.013517,-0.091700,-0.244860,0.431268,-0.022560,-0.060448,0.031904
1779677075014379587,2026-05-25T09:44:35.014404,prediction,-0.063159,0.820000,0.101450,True,-0.069004,0.844634,0.083881,0.005845,0.024634,0.017569,7.39,20,0.010896,1.034767,0.620863,0.014831,0.248271,0.390076,0.000000,0.140056,0.013517,-0.098560,-0.252840,0.429193,-0.020320,-0.064576,0.030720
1779677075068485943,2026-05-25T09:44:35.068505,prediction,-0.063008,0.816000,0.095021,True,-0.068556,0.835167,0.075654,0.005547,0.019167,0.019367,8.32,20,0.012113,1.041249,0.613308,0.014394,0.248271,0.390514,0.002609,0.140056,0.016137,-0.114660,-0.260400,0.425209,-0.020608,-0.063296,0.031168
1779677075110995673,2026-05-25T09:44:35.111020,prediction,-0.063799,0.837000,0.095150,True,-0.075216,0.851167,0.075334,0.011417,0.014167,0.019816,7.69,20,0.012113,1.041249,0.613308,0.016138,0.248271,0.388767,0.000000,0.137005,0.013517,-0.100380,-0.241360,0.428280,-0.021152,-0.059104,0.032736
1779677075158275437,2026-05-25T09:44:35.158291,prediction,-0.063498,0.829000,0.085004,True,-0.069916,0.851201,0.068681,0.006418,0.022201,0.016323,5.48,20,0.013288,1.047274,0.605452,0.014831,0.250016,0.388328,0.000000,0.137436,0.016137,-0.100940,-0.262780,0.418901,-0.018880,-0.059168,0.032576
1779677075204143671,2026-05-25T09:44:35.204166,prediction,-0.063498,0.829000,0.076965,True,-0.069830,0.847417,0.058578,0.006332,0.018417,0.018386,5.95,20,0.014466,1.053149,0.597384,0.016576,0.251322,0.383094,0.002609,0.134386,0.013517,-0.108080,-0.264740,0.427284,-0.021760,-0.057600,0.035360
1779677075272290117,2026-05-25T09:44:35.272351,prediction,-0.060626,0.824000,0.072911,True,-0.065171,0.839010,0.055041,0.004545,0.015010,0.017870,8.15,20,0.015655,1.058772,0.589233,0.016138,0.253067,0.383094,0.002609,0.129589,0.013517,-0.085540,-0.278320,0.428695,-0.021056,-0.060608,0.031616
1779677075312863441,2026-05-25T09:44:35.312883,prediction,-0.060311,0.816000,0.062609,True,-0.065108,0.834493,0.046312,0.004797,0.018493,0.016297,7.48,20,0.015655,1.058772,0.589233,0.014831,0.256562,0.379168,0.000000,0.121300,0.016137,-0.091700,-0.282380,0.434173,-0.021152,-0.062560,0.032352
1779677075354737740,2026-05-25T09:44:35.354754,prediction,-0.060822,0.829000,0.058207,True,-0.068579,0.845224,0.039520,0.007757,0.016224,0.018687,8.36,20,0.016811,1.064042,0.580831,0.014394,0.253067,0.377421,0.000000,0.123908,0.016137,-0.105000,-0.265580,0.418320,-0.019488,-0.052768,0.030848
1779677075388723371,2026-05-25T09:44:35.388741,prediction,-0.057778,0.820000,0.055645,True,-0.059574,0.833726,0.039517,0.001796,0.013726,0.016127,5.33,20,0.016811,1.064042,0.580831,0.014831,0.256562,0.375681,0.003051,0.121300,0.016137,-0.112420,-0.299040,0.425707,-0.021984,-0.053504,0.031520
1779677075436923974,2026-05-25T09:44:35.436947,prediction,-0.057041,0.802000,0.050519,True,-0.055974,0.817726,0.035672,0.001067,0.015726,0.014848,4.85,20,0.017926,1.068859,0.572178,0.014831,0.253067,0.373934,0.000000,0.115619,0.016137,-0.093520,-0.277060,0.413008,-0.021216,-0.052768,0.033120
1779677075479252508,2026-05-25T09:44:35.479274,prediction,-0.056673,0.793000,0.042479,True,-0.057360,0.804635,0.026529,0.000688,0.011635,0.015950,4.29,20,0.018987,1.073488,0.563358,0.014831,0.256125,0.368261,0.002609,0.113442,0.016137,-0.090440,-0.290780,0.424213,-0.021152,-0.057120,0.031168
1779677075523242062,2026-05-25T09:44:35.523269,prediction,-0.057041,0.802000,0.042347,True,-0.059894,0.810137,0.026093,0.002853,0.008137,0.016255,5.58,20,0.018987,1.073488,0.563358,0.011780,0.257869,0.364335,0.000000,0.105152,0.010467,-0.109340,-0.303800,0.416660,-0.022560,-0.054784,0.033952
1779677075572098921,2026-05-25T09:44:35.572129,prediction,-0.057246,0.807000,0.043796,True,-0.055908,0.808200,0.031379,0.001338,0.001200,0.012417,9.24,20,0.019897,1.077668,0.553961,0.011342,0.256562,0.360841,0.003051,0.102533,0.010898,-0.105700,-0.288820,0.414004,-0.021376,-0.058272,0.030720
1779677075622046573,2026-05-25T09:44:35.622071,prediction,-0.053938,0.793000,0.039741,True,-0.046195,0.792200,0.030763,0.007743,0.000800,0.008978,8.36,20,0.020677,1.081262,0.544985,0.010029,0.256125,0.351242,0.002609,0.096863,0.008289,-0.095480,-0.292320,0.414253,-0.022784,-0.053056,0.030624
1779677075670513146,2026-05-25T09:44:35.670535,prediction,-0.053767,0.789000,0.038582,True,-0.048819,0.780026,0.026718,0.004948,0.008974,0.011864,4.71,20,0.021337,1.084604,0.535539,0.010029,0.256125,0.351242,0.002609,0.096863,0.008289,-0.095480,-0.292320,0.414253,-0.022784,-0.053056,0.030624
1779677075709187291,2026-05-25T09:44:35.709208,prediction,-0.053767,0.789000,0.033091,True,-0.049951,0.782253,0.021828,0.003816,0.006747,0.011263,5.62,20,0.021337,1.084604,0.535539,0.010029,0.256125,0.351242,0.002609,0.096863,0.008289,-0.095480,-0.292320,0.414253,-0.022784,-0.053056,0.030624
1779677075750471609,2026-05-25T09:44:35.750490,prediction,-0.051203,0.793000,0.034263,True,-0.044535,0.780709,0.026789,0.006667,0.012291,0.007474,5.51,20,0.021650,1.086957,0.525863,0.010029,0.256125,0.351242,0.002609,0.096863,0.008289,-0.095480,-0.292320,0.414253,-0.022784,-0.053056,0.030624
1779677075800301109,2026-05-25T09:44:35.800317,prediction,-0.051424,0.798000,0.032997,True,-0.041612,0.776859,0.027361,0.009812,0.021141,0.005636,5.12,20,0.021766,1.088766,0.516021,0.004796,0.239980,0.297575,0.000000,0.056279,0.005670,-0.093520,-0.326060,0.396657,-0.022272,-0.046656,0.032800
1779677075846421798,2026-05-25T09:44:35.846438,prediction,-0.051203,0.793000,0.031524,True,-0.039516,0.768793,0.025916,0.011686,0.024207,0.005608,5.04,20,0.021766,1.088766,0.516021,0.004796,0.236491,0.284482,0.000000,0.045812,0.005228,-0.085540,-0.337820,0.399396,-0.023168,-0.045472,0.032064
1779677075887877993,2026-05-25T09:44:35.887899,prediction,-0.051203,0.793000,0.031524,True,-0.042295,0.770152,0.024720,0.008908,0.022848,0.006805,6.21,20,0.021345,1.089330,0.506084,0.003051,0.230382,0.265723,0.003051,0.034903,0.005228,-0.095480,-0.343700,0.396823,-0.022880,-0.040640,0.031680
1779677075932498281,2026-05-25T09:44:35.932521,prediction,-0.047872,0.780000,0.024934,True,-0.035835,0.760436,0.020844,0.012037,0.019564,0.004091,4.27,20,0.020655,1.089168,0.496064,0.003489,0.226887,0.252630,0.000000,0.023995,0.002609,-0.097860,-0.364840,0.385369,-0.024448,-0.044640,0.031744
1779677075973249290,2026-05-25T09:44:35.973271,prediction,-0.048697,0.798000,0.024805,True,-0.041307,0.774266,0.019496,0.007390,0.023734,0.005310,5.99,20,0.020655,1.089168,0.496064,0.001307,0.220346,0.239976,0.000000,0.018756,0.002609,-0.099400,-0.342160,0.372089,-0.024544,-0.044640,0.032576
1779677076008664834,2026-05-25T09:44:36.008682,prediction,-0.048284,0.789000,0.016619,True,-0.035698,0.769532,0.014824,0.012586,0.019468,0.001795,4.10,20,0.019455,1.087478,0.486300,0.001744,0.220346,0.234310,0.000000,0.013517,0.002609,-0.096040,-0.362040,0.390017,-0.024544,-0.045536,0.033568
1779677076061772956,2026-05-25T09:44:36.061789,prediction,-0.048880,0.802000,0.020555,True,-0.037914,0.777426,0.016453,0.010966,0.024574,0.004103,4.97,20,0.017956,1.085032,0.476721,0.001744,0.215544,0.217291,0.000000,0.003051,0.002609,-0.092680,-0.366940,0.385867,-0.025280,-0.047712,0.033568
1779677076108487449,2026-05-25T09:44:36.108515,prediction,-0.048284,0.789000,0.016619,True,-0.034115,0.772431,0.014174,0.014169,0.016568,0.002445,4.36,20,0.017956,1.085032,0.476721,0.001744,0.208997,0.204637,0.000000,0.000000,0.003051,-0.101360,-0.360780,0.370014,-0.025440,-0.011136,0.033568
1779677076159558332,2026-05-25T09:44:36.159590,prediction,-0.048055,0.784000,0.012351,True,-0.035267,0.764342,0.008858,0.012788,0.019657,0.003493,4.26,20,0.016034,1.081210,0.467694,0.003489,0.205509,0.191543,0.000000,0.010898,0.000000,-0.085540,-0.393260,0.365366,-0.025440,0.047424,0.033952
1779677076197764283,2026-05-25T09:44:36.197788,prediction,-0.048880,0.802000,0.012383,True,-0.040861,0.780342,0.006592,0.008020,0.021657,0.005791,4.23,20,0.013904,1.076795,0.458954,0.003489,0.205509,0.191543,0.000000,0.010898,0.000000,-0.085540,-0.393260,0.365366,-0.025440,0.047424,0.033952
1779677076241211719,2026-05-25T09:44:36.241241,prediction,-0.048697,0.798000,0.008422,True,-0.036025,0.782080,0.006973,0.012672,0.015920,0.001449,9.07,20,0.013904,1.076795,0.458954,0.003489,0.205509,0.191543,0.000000,0.010898,0.000000,-0.085540,-0.393260,0.365366,-0.025440,0.047424,0.033952
1779677076280696184,2026-05-25T09:44:36.280728,prediction,-0.049110,0.807000,0.003059,True,-0.038952,0.784337,0.000904,0.010158,0.022663,0.002154,10.81,20,0.011443,1.071589,0.450827,0.003489,0.205509,0.191543,0.000000,0.010898,0.000000,-0.085540,-0.393260,0.365366,-0.025440,0.047424,0.033952
1779677076321168042,2026-05-25T09:44:36.321184,prediction,-0.048468,0.793000,-0.004080,True,-0.034881,0.774441,-0.005160,0.013586,0.018559,0.001080,4.00,20,0.011443,1.071589,0.450827,0.003051,0.201144,0.184131,0.000000,0.021375,0.002609,-0.081760,-0.381500,0.378314,-0.025120,0.040352,0.033280
1779677076359543751,2026-05-25T09:44:36.359570,prediction,-0.049110,0.807000,0.000343,True,-0.042346,0.788374,-0.003111,0.006764,0.018626,0.003454,4.26,20,0.008904,1.066086,0.442879,0.003051,0.179766,0.126099,0.000000,0.053659,0.005228,-0.099820,-0.406000,0.351090,-0.021056,0.047488,0.035584
1779677076405145755,2026-05-25T09:44:36.405170,prediction,-0.049293,0.811000,-0.001102,True,-0.039357,0.800097,-0.003313,0.009936,0.010903,0.002210,4.44,20,0.006319,1.060636,0.434861,0.005233,0.171475,0.098604,0.002609,0.070249,0.002609,-0.079660,-0.427420,0.351422,-0.020480,0.048320,0.034560
1779677076445717198,2026-05-25T09:44:36.445758,prediction,-0.049293,0.811000,-0.006521,True,-0.036404,0.798507,-0.008585,0.012889,0.012493,0.002064,4.65,20,0.006319,1.060636,0.434861,0.003489,0.166241,0.087266,0.000000,0.080716,0.005670,-0.086380,-0.443800,0.338059,-0.021664,0.048160,0.034400
1779677076482936253,2026-05-25T09:44:36.482965,prediction,-0.049889,0.824000,-0.005037,True,-0.039871,0.808649,-0.010101,0.010018,0.015351,0.005063,6.09,20,0.003803,1.056049,0.426361,0.001744,0.153586,0.063265,0.000000,0.094244,0.002609,-0.096600,-0.420000,0.327601,-0.021984,0.047488,0.034784
1779677076523273848,2026-05-25T09:44:36.523344,prediction,-0.048880,0.802000,-0.020305,True,-0.035001,0.800275,-0.018913,0.013879,0.001725,0.001392,4.10,20,0.003803,1.056049,0.426361,0.003489,0.148784,0.050172,0.000000,0.099914,0.002609,-0.086800,-0.413840,0.311914,-0.021376,0.053280,0.034624
1779677076564599363,2026-05-25T09:44:36.564624,prediction,-0.049706,0.820000,-0.019800,True,-0.043307,0.811817,-0.023741,0.006398,0.008183,0.003942,4.67,20,0.001772,1.053601,0.418017,0.001307,0.140492,0.022246,0.000000,0.118680,0.002609,-0.078960,-0.478240,0.309507,-0.021984,0.056320,0.034080
1779677076610173355,2026-05-25T09:44:36.610199,prediction,-0.048468,0.793000,-0.031468,True,-0.035177,0.799493,-0.030689,0.013291,0.006493,0.000779,4.58,20,0.000486,1.053019,0.410785,0.000000,0.122603,0.002178,0.000000,0.137436,0.000000,-0.096320,-0.456820,0.147574,-0.024064,0.060448,0.032896
1779677076677774966,2026-05-25T09:44:36.677797,prediction,-0.047642,0.775000,-0.040219,True,-0.032316,0.783493,-0.040720,0.015327,0.008493,0.000500,7.75,20,-0.000219,1.054133,0.404832,0.000000,0.107772,0.050172,0.000000,0.159254,0.000000,-0.080780,-0.463400,0.083581,-0.024992,0.061504,0.030560
1779677076739708003,2026-05-25T09:44:36.739725,prediction,-0.048468,0.793000,-0.036946,True,-0.037680,0.789616,-0.043193,0.010788,0.003384,0.006248,8.71,20,-0.000396,1.056755,0.400395,0.000000,0.079847,0.120858,0.000000,0.199396,0.000000,0.025060,-0.526680,0.065404,-0.028608,0.061184,0.012640
1779677076778641741,2026-05-25T09:44:36.778664,prediction,-0.048055,0.784000,-0.050981,True,-0.031015,0.779983,-0.051509,0.017040,0.004017,0.000528,10.06,20,-0.000396,1.056755,0.400395,0.001307,0.063703,0.155766,0.000000,0.218163,0.002609,0.081200,-0.511140,0.056108,-0.029952,0.067296,-0.007968
1779677076823446601,2026-05-25T09:44:36.823461,prediction,-0.051026,0.789000,-0.057506,True,-0.032376,0.774531,-0.060792,0.018649,0.014469,0.003286,10.63,20,-0.000381,1.059553,0.394933,0.006540,0.042318,0.204637,0.000000,0.247827,0.005228,0.082740,-0.515480,0.024817,-0.036416,0.070080,-0.018816
1779677076868873061,2026-05-25T09:44:36.868898,prediction,-0.052794,0.829000,-0.043620,True,-0.035114,0.790531,-0.047543,0.017680,0.038469,0.003923,8.92,20,-0.000523,1.061196,0.389607,0.010029,0.016138,0.267902,0.000000,0.280553,0.010898,0.090160,-0.571620,0.020003,-0.046144,0.070464,-0.022112
1779677076905300161,2026-05-25T09:44:36.905326,prediction,-0.051998,0.811000,-0.055287,True,-0.028950,0.790907,-0.048413,0.023048,0.020093,0.006874,9.02,20,-0.000523,1.061196,0.389607,0.009598,0.000000,0.301063,0.000000,0.299320,0.008289,0.092260,-0.597940,0.021746,-0.054880,0.072032,-0.022432
1779677076941846904,2026-05-25T09:44:36.941866,prediction,-0.051822,0.807000,-0.067552,True,-0.030543,0.783250,-0.060965,0.021278,0.023750,0.006587,7.88,20,-0.001054,1.062521,0.383350,0.011342,0.001744,0.319829,0.000000,0.309787,0.010898,0.084280,-0.790440,0.004814,-0.060000,0.071520,-0.022784
1779677077005299974,2026-05-25T09:44:37.005329,prediction,-0.051601,0.802000,-0.072061,True,-0.027871,0.775066,-0.068548,0.023730,0.026934,0.003513,8.78,20,-0.001648,1.063516,0.377962,0.013087,0.045814,0.384841,0.000000,0.339462,0.013517,0.119280,-0.957180,0.035275,-0.085152,0.070240,-0.026624
1779677077052287303,2026-05-25T09:44:37.052312,prediction,-0.047872,0.780000,-0.088232,True,-0.021994,0.762256,-0.078625,0.025878,0.017744,0.009607,6.83,20,-0.001648,1.063516,0.377962,0.014831,0.073301,0.429348,0.000000,0.358660,0.013517,0.105280,-0.903560,-0.010707,-0.101184,0.078592,-0.029280
1779677077091564070,2026-05-25T09:44:37.091598,prediction,-0.045115,0.780000,-0.085472,True,-0.019342,0.749407,-0.081381,0.025774,0.030593,0.004090,5.38,20,-0.002760,1.063972,0.371205,0.018320,0.085081,0.455088,0.003051,0.374808,0.013517,0.101640,-0.941360,0.012616,-0.111648,0.073024,-0.029120
1779677077133757066,2026-05-25T09:44:37.133788,prediction,-0.043975,0.756000,-0.096958,True,-0.013935,0.733407,-0.090148,0.030041,0.022593,0.006811,5.89,20,-0.004036,1.063649,0.365194,0.018320,0.091628,0.472107,0.002609,0.380036,0.016137,0.109340,-0.977620,0.002241,-0.116480,0.076480,-0.029120
1779677077171334843,2026-05-25T09:44:37.171356,prediction,-0.045305,0.784000,-0.097792,True,-0.017187,0.732859,-0.097828,0.028119,0.051141,0.000036,5.25,20,-0.004036,1.063649,0.365194,0.020940,0.102532,0.483453,0.002609,0.385275,0.018756,0.110320,-0.964600,0.018758,-0.112256,0.070688,-0.029952
1779677077216963593,2026-05-25T09:44:37.216991,prediction,-0.044640,0.770000,-0.102974,True,-0.007709,0.718159,-0.097584,0.036931,0.051841,0.005391,5.01,20,-0.005816,1.061456,0.358009,0.021378,0.107772,0.486940,0.002609,0.380036,0.019198,0.093240,-0.939260,0.009462,-0.111936,0.077760,-0.029120
1779677077262557858,2026-05-25T09:44:37.262602,prediction,-0.047015,0.820000,-0.087161,True,-0.017566,0.734159,-0.085291,0.029449,0.085840,0.001870,8.32,20,-0.007728,1.058031,0.351319,0.021378,0.111261,0.490873,0.002609,0.382655,0.019198,0.096320,-0.898380,-0.004814,-0.110528,0.074816,-0.031456
1779677077310392464,2026-05-25T09:44:37.310417,prediction,-0.041180,0.756000,-0.113756,True,-0.007951,0.724027,-0.086444,0.033228,0.031973,0.027312,10.02,20,-0.007728,1.058031,0.351319,0.021378,0.106028,0.483453,0.002609,0.377427,0.018756,0.100660,-0.907340,0.014857,-0.111712,0.072192,-0.033120
1779677077354614576,2026-05-25T09:44:37.354641,prediction,-0.042113,0.775000,-0.112197,True,-0.013024,0.722736,-0.096970,0.029090,0.052264,0.015227,9.34,20,-0.010158,1.052509,0.344624,0.022685,0.091628,0.448107,0.000000,0.350371,0.021375,0.113400,-0.881020,0.012118,-0.110144,0.066080,-0.031616
1779677077390723118,2026-05-25T09:44:37.390760,prediction,-0.040983,0.752000,-0.123668,True,0.000899,0.706736,-0.105371,0.041882,0.045264,0.018297,5.79,20,-0.010158,1.052509,0.344624,0.024867,0.079847,0.414515,0.002609,0.342082,0.021375,0.087640,-0.880320,0.000581,-0.111424,0.069568,-0.028672
1779677077435987798,2026-05-25T09:44:37.436024,prediction,-0.041425,0.761000,-0.120263,True,0.001362,0.701690,-0.105142,0.042788,0.059310,0.015121,6.80,20,-0.012959,1.045659,0.337889,0.023122,0.065010,0.390076,0.000000,0.323315,0.021807,0.094220,-0.844060,0.045235,-0.110816,0.072480,-0.027616
1779677077475024811,2026-05-25T09:44:37.475050,prediction,-0.041425,0.761000,-0.120263,True,0.006601,0.685690,-0.106717,0.048026,0.075310,0.013545,4.66,20,-0.015616,1.039401,0.332217,0.020940,0.030976,0.314156,0.000000,0.282742,0.018756,0.073780,-0.785120,0.047310,-0.111648,0.067232,-0.030464
1779677077540164150,2026-05-25T09:44:37.540189,prediction,-0.034383,0.733000,-0.130857,True,0.020634,0.669690,-0.113628,0.055017,0.063310,0.017229,10.18,20,-0.018427,1.033197,0.327241,0.020940,0.022685,0.297575,0.002609,0.271833,0.021375,0.077420,-0.773080,0.065072,-0.110208,0.065504,-0.029888
1779677077579766571,2026-05-25T09:44:37.579785,prediction,-0.033597,0.718000,-0.136533,True,0.018348,0.653690,-0.123241,0.051945,0.064310,0.013292,8.77,20,-0.018427,1.033197,0.327241,0.020940,0.022685,0.297575,0.002609,0.271833,0.021375,0.077420,-0.773080,0.065072,-0.110208,0.065504,-0.029888
1779677077625112161,2026-05-25T09:44:37.625139,prediction,-0.030739,0.718000,-0.136533,True,0.025573,0.637690,-0.122557,0.056312,0.080310,0.013976,9.38,20,-0.022195,1.025833,0.321746,0.020940,0.022685,0.297575,0.002609,0.271833,0.021375,0.077420,-0.773080,0.065072,-0.110208,0.065504,-0.029888
1779677077662223943,2026-05-25T09:44:37.662255,prediction,-0.027324,0.708000,-0.140317,True,0.033946,0.621690,-0.122815,0.061270,0.086310,0.017502,6.53,20,-0.025995,1.018131,0.316587,0.019634,0.011342,0.269649,0.000000,0.253508,0.021375,0.093800,-0.775600,0.068807,-0.110880,0.067232,-0.031456
1779677077701197043,2026-05-25T09:44:37.701223,prediction,-0.023016,0.683000,-0.149776,True,0.036595,0.605690,-0.130155,0.059611,0.077310,0.019621,5.03,20,-0.025995,1.018131,0.316587,0.010029,0.093372,0.015264,0.000000,0.067629,0.008289,0.083020,-0.464940,0.314487,-0.108256,0.041472,-0.031456
1779677077755287252,2026-05-25T09:44:37.755312,prediction,-0.022385,0.672000,-0.153938,True,0.040415,0.589690,-0.136694,0.062800,0.082310,0.017244,4.54,20,-0.029796,1.009927,0.312382,0.008285,0.099919,0.050172,0.000000,0.051482,0.008289,0.083300,-0.462140,0.334822,-0.108320,0.038688,-0.031616
1779677077815210933,2026-05-25T09:44:37.815239,prediction,-0.023016,0.683000,-0.149776,True,0.044077,0.573690,-0.132896,0.067093,0.109310,0.016880,6.13,20,-0.033540,1.001520,0.308450,0.008285,0.097736,0.048432,0.003051,0.051040,0.005228,0.079240,-0.443520,0.316230,-0.108480,0.042240,-0.032352
1779677077852944452,2026-05-25T09:44:37.852969,prediction,-0.023302,0.688000,-0.147884,True,0.049213,0.559414,-0.126087,0.072516,0.128586,0.021797,4.78,20,-0.033540,1.001520,0.308450,0.008285,0.094679,0.033592,0.000000,0.061949,0.007847,0.076860,-0.468300,0.305357,-0.107744,0.042304,-0.033184
1779677077894667510,2026-05-25T09:44:37.894693,prediction,-0.019746,0.677000,-0.152046,True,0.061856,0.546448,-0.124378,0.081603,0.130551,0.027668,8.20,20,-0.037242,0.992766,0.305226,0.007853,0.088139,0.022246,0.000000,0.067188,0.008289,0.083300,-0.438620,0.303116,-0.107584,0.044800,-0.031744
1779677077931269012,2026-05-25T09:44:37.931297,prediction,-0.018213,0.651000,-0.161884,True,0.069093,0.530448,-0.129467,0.087306,0.120551,0.032417,5.79,20,-0.040954,0.983953,0.302392,0.009598,0.083336,0.000000,0.000000,0.085954,0.007847,0.094220,-0.496860,0.273734,-0.108864,0.041632,-0.032736
1779677077977438467,2026-05-25T09:44:37.977464,prediction,-0.019157,0.667000,-0.155830,True,0.072234,0.525069,-0.126049,0.091390,0.141931,0.029781,6.58,20,-0.040954,0.983953,0.302392,0.011342,0.075483,0.018759,0.000000,0.097294,0.010898,0.093240,-0.512960,0.113378,-0.107264,0.044544,-0.032736
1779677078059806546,2026-05-25T09:44:38.059832,prediction,-0.020100,0.683000,-0.149776,True,0.071739,0.528241,-0.116708,0.091840,0.154759,0.033068,8.07,20,-0.044817,0.975068,0.299892,0.016138,0.054105,0.079846,0.000000,0.134817,0.016137,0.108080,-0.504560,0.072791,-0.107200,0.052224,-0.032224
1779677078116192336,2026-05-25T09:44:38.116211,prediction,-0.018862,0.662000,-0.157722,True,0.078804,0.521745,-0.114273,0.097666,0.140255,0.043449,7.84,20,-0.048683,0.966177,0.297390,0.017889,0.026174,0.148784,0.000000,0.178021,0.018756,0.100660,-0.525980,0.034777,-0.106240,0.051488,-0.030624
1779677078159328582,2026-05-25T09:44:38.159347,prediction,-0.017488,0.688000,-0.147884,True,0.067135,0.528247,-0.115426,0.084623,0.159753,0.032458,4.65,20,-0.052581,0.957184,0.295455,0.019634,0.013087,0.182383,0.000000,0.193726,0.018756,0.098140,-0.535920,0.020335,-0.106304,0.059616,-0.030560
1779677078208768798,2026-05-25T09:44:38.208786,prediction,-0.016518,0.672000,-0.153938,True,0.078525,0.525748,-0.112847,0.095043,0.146252,0.041092,5.32,20,-0.056436,0.948084,0.293745,0.019634,0.003489,0.243470,0.000000,0.226452,0.018756,0.097300,-0.826980,0.005063,-0.106080,0.063392,-0.031008
1779677078259202764,2026-05-25T09:44:38.259224,prediction,-0.015609,0.657000,-0.159614,True,0.080184,0.518249,-0.115225,0.095793,0.138751,0.044389,7.20,20,-0.056436,0.948084,0.293745,0.019634,0.003489,0.243470,0.000000,0.226452,0.018756,0.097300,-0.826980,0.005063,-0.106080,0.063392,-0.031008
1779677078312784194,2026-05-25T09:44:38.312810,prediction,-0.015912,0.662000,-0.157722,True,0.085449,0.515749,-0.115438,0.101361,0.146251,0.042284,8.19,20,-0.060252,0.938965,0.292253,0.019634,0.003489,0.243470,0.000000,0.226452,0.018756,0.097300,-0.826980,0.005063,-0.106080,0.063392,-0.031008
1779677078356175645,2026-05-25T09:44:38.356203,prediction,-0.015609,0.657000,-0.159614,True,0.086850,0.512250,-0.116449,0.102459,0.144750,0.043165,8.64,20,-0.064011,0.929781,0.291148,0.019634,0.003489,0.243470,0.000000,0.226452,0.018756,0.097300,-0.826980,0.005063,-0.106080,0.063392,-0.031008
1779677078392067592,2026-05-25T09:44:38.392086,prediction,-0.016215,0.667000,-0.155830,True,0.081557,0.514150,-0.115799,0.097772,0.152850,0.040032,8.17,20,-0.064011,0.929781,0.291148,0.020940,0.014831,0.263976,0.002609,0.239980,0.016137,0.089460,-0.860860,0.006225,-0.104352,0.062848,-0.032960
1779677078442317420,2026-05-25T09:44:38.442342,prediction,-0.016821,0.677000,-0.152046,True,0.085406,0.519290,-0.110661,0.102228,0.157710,0.041386,8.95,20,-0.067777,0.920580,0.290211,0.027487,0.094679,0.408842,0.002609,0.318076,0.027045,0.113680,-0.927080,0.004814,-0.105248,0.067520,-0.035904
1779677078484799649,2026-05-25T09:44:38.484827,prediction,-0.020690,0.693000,-0.145992,True,0.082694,0.528774,-0.103944,0.103384,0.164226,0.042048,8.93,20,-0.071512,0.911338,0.289586,0.029231,0.094679,0.407095,0.005228,0.309787,0.027045,0.118300,-0.904260,0.012782,-0.104800,0.066688,-0.033184
1779677078539642520,2026-05-25T09:44:38.539675,prediction,-0.024736,0.713000,-0.138425,True,0.076791,0.542464,-0.095913,0.101527,0.170536,0.042512,10.81,20,-0.075320,0.901919,0.289180,0.034465,0.099481,0.407095,0.005670,0.307168,0.032284,0.133280,-0.885640,0.003818,-0.103744,0.060672,-0.031680
1779677078588909791,2026-05-25T09:44:38.588935,prediction,-0.022164,0.718000,-0.136533,True,0.076726,0.552679,-0.091714,0.098890,0.165321,0.044819,5.16,20,-0.075320,0.901919,0.289180,0.037960,0.106028,0.414515,0.005228,0.312406,0.032284,0.113680,-0.922180,-0.032370,-0.104800,0.063840,-0.036352
1779677078634672330,2026-05-25T09:44:38.634691,prediction,-0.021870,0.713000,-0.138425,True,0.075709,0.556807,-0.091940,0.097579,0.156193,0.046485,5.26,20,-0.079014,0.892840,0.289266,0.035778,0.113006,0.421928,0.002609,0.315468,0.035335,0.119560,-0.904260,0.004316,-0.106304,0.059904,-0.036800
1779677078674407579,2026-05-25T09:44:38.674424,prediction,-0.021870,0.713000,-0.138425,True,0.072085,0.559284,-0.092750,0.093955,0.153716,0.045675,4.98,20,-0.082810,0.883552,0.289583,0.039267,0.116063,0.421928,0.005228,0.304117,0.034903,0.127960,-0.894880,-0.002822,-0.104256,0.063520,-0.036064
1779677078738428355,2026-05-25T09:44:38.738452,prediction,-0.021870,0.713000,-0.138425,True,0.066988,0.560771,-0.093493,0.088858,0.152229,0.044932,5.28,20,-0.086596,0.874291,0.290168,0.039267,0.126099,0.429348,0.002609,0.301940,0.037954,0.110040,-0.881300,0.011205,-0.108544,0.068736,-0.035584
1779677078785550269,2026-05-25T09:44:38.785587,prediction,-0.017488,0.688000,-0.147884,True,0.066144,0.552012,-0.100273,0.083632,0.135988,0.047611,7.82,20,-0.086596,0.874291,0.290168,0.037523,0.130457,0.425422,0.002609,0.296259,0.034903,0.122360,-0.889280,0.000913,-0.106368,0.067968,-0.035008
1779677078830156411,2026-05-25T09:44:38.830194,prediction,-0.016821,0.677000,-0.152046,True,0.065213,0.542007,-0.108520,0.082034,0.134993,0.043526,8.09,20,-0.090350,0.865106,0.291242,0.039267,0.128712,0.425422,0.002609,0.293650,0.034903,0.118020,-0.928760,-0.008300,-0.106144,0.061792,-0.034240
1779677078875415111,2026-05-25T09:44:38.875437,prediction,-0.014269,0.683000,-0.149776,True,0.067811,0.538404,-0.110459,0.082081,0.144596,0.039317,8.07,20,-0.094080,0.855908,0.292458,0.041012,0.135259,0.421928,0.005670,0.288412,0.037954,0.101360,-0.924980,-0.024983,-0.108416,0.065568,-0.034176
1779677078919546541,2026-05-25T09:44:38.919563,prediction,-0.013273,0.667000,-0.155830,True,0.068021,0.533066,-0.114610,0.081294,0.133934,0.041220,4.92,20,-0.094080,0.855908,0.292458,0.039267,0.142243,0.420188,0.002609,0.283173,0.037523,0.123340,-0.850220,-0.003818,-0.108640,0.062336,-0.035136
1779677078968511733,2026-05-25T09:44:38.968555,prediction,-0.012962,0.662000,-0.157722,True,0.065137,0.531350,-0.120256,0.078099,0.130650,0.037466,5.38,20,-0.097812,0.846751,0.293830,0.042318,0.135259,0.412768,0.005670,0.272264,0.034903,0.104440,-0.874440,-0.012616,-0.109088,0.068576,-0.036736
1779677079007166676,2026-05-25T09:44:39.007191,prediction,-0.011655,0.641000,-0.165668,True,0.071792,0.515350,-0.126708,0.083447,0.125650,0.038960,4.27,20,-0.101495,0.837407,0.295213,0.040574,0.138748,0.412768,0.005228,0.274884,0.040573,0.120260,-0.858340,-0.001079,-0.109920,0.063392,-0.033344
1779677079054998318,2026-05-25T09:44:39.055023,prediction,-0.013273,0.667000,-0.155830,True,0.063407,0.531350,-0.124798,0.076680,0.135650,0.031032,8.05,20,-0.101495,0.837407,0.295213,0.042756,0.137441,0.403169,0.002609,0.266594,0.037954,0.113680,-0.904260,-0.010043,-0.110880,0.064736,-0.034400
1779677079100047447,2026-05-25T09:44:39.100152,prediction,-0.015609,0.657000,-0.159614,True,0.067836,0.523149,-0.122867,0.083445,0.133851,0.036747,6.01,20,-0.104628,0.828149,0.296295,0.044069,0.137441,0.395749,0.003051,0.255686,0.037523,0.113680,-0.862960,0.005893,-0.108032,0.056896,-0.033632
1779677079139653018,2026-05-25T09:44:39.139679,prediction,-0.015245,0.651000,-0.161884,True,0.073533,0.514289,-0.124260,0.088778,0.136711,0.037624,5.69,20,-0.107150,0.819535,0.297100,0.044069,0.137004,0.392262,0.005228,0.253066,0.037523,0.099120,-0.846860,-0.012782,-0.104576,0.063168,-0.034176
1779677079184517955,2026-05-25T09:44:39.184544,prediction,-0.016215,0.667000,-0.155830,True,0.073064,0.515373,-0.122672,0.089279,0.151626,0.033158,5.66,20,-0.107150,0.819535,0.297100,0.042318,0.138748,0.388767,0.005228,0.250447,0.040573,0.121100,-0.864500,-0.029797,-0.103072,0.062464,-0.035584
1779677079250484758,2026-05-25T09:44:39.250519,prediction,-0.015912,0.662000,-0.157722,True,0.075922,0.514024,-0.120022,0.091834,0.147976,0.037700,5.11,20,-0.108575,0.812624,0.296947,0.045376,0.139186,0.382663,0.005228,0.242599,0.040142,0.105700,-0.894040,-0.018426,-0.103136,0.061120,-0.030112
1779677079303785427,2026-05-25T09:44:39.303832,prediction,-0.013972,0.630000,-0.169830,True,0.077373,0.500414,-0.124497,0.091345,0.129586,0.045333,6.00,20,-0.109198,0.807571,0.295859,0.044069,0.142243,0.379168,0.005670,0.236919,0.037523,0.118300,-0.822640,-0.004648,-0.097728,0.054432,-0.033792
1779677079344207407,2026-05-25T09:44:39.344268,prediction,-0.018567,0.657000,-0.159614,True,0.071461,0.503049,-0.123893,0.090028,0.153951,0.035721,6.46,20,-0.107736,0.810740,0.292734,0.044069,0.142243,0.379168,0.005228,0.236919,0.037954,0.110600,-0.829780,-0.009462,-0.100128,0.060608,-0.034560
1779677079389241687,2026-05-25T09:44:39.389269,prediction,-0.014942,0.646000,-0.163776,True,0.074576,0.500229,-0.124463,0.089518,0.145771,0.039313,6.32,20,-0.107736,0.810740,0.292734,0.044069,0.142243,0.373495,0.005670,0.226452,0.040573,0.106260,-0.870380,-0.013612,-0.099456,0.059680,-0.036512
1779677079428435299,2026-05-25T09:44:39.428461,prediction,-0.016821,0.677000,-0.152046,True,0.065040,0.516229,-0.119893,0.081861,0.160771,0.032153,5.04,20,-0.107672,0.809125,0.291231,0.045814,0.145295,0.367822,0.005228,0.223401,0.043193,0.115500,-0.835660,-0.018924,-0.097184,0.056160,-0.032800
1779677079469468835,2026-05-25T09:44:39.469495,prediction,-0.015912,0.662000,-0.157722,True,0.066267,0.514537,-0.119540,0.082179,0.147462,0.038182,5.69,20,-0.107559,0.805650,0.288472,0.047558,0.146601,0.364335,0.005670,0.221213,0.043193,0.110880,-0.843780,-0.021663,-0.100128,0.056896,-0.031296
1779677079515738206,2026-05-25T09:44:39.515762,prediction,-0.014942,0.646000,-0.163776,True,0.068904,0.507122,-0.123570,0.083846,0.138877,0.040206,5.25,20,-0.107559,0.805650,0.288472,0.048865,0.148352,0.362588,0.007847,0.212924,0.043193,0.103740,-0.809900,-0.001411,-0.098848,0.057664,-0.034176
1779677079566560475,2026-05-25T09:44:39.566588,prediction,-0.013972,0.630000,-0.169830,True,0.072682,0.496273,-0.129336,0.086654,0.133727,0.040494,8.79,20,-0.107601,0.799909,0.285398,0.048865,0.148784,0.355168,0.005228,0.210305,0.043193,0.115500,-0.825440,-0.020169,-0.102080,0.054880,-0.033792
1779677079608945875,2026-05-25T09:44:39.608979,prediction,-0.014639,0.641000,-0.165668,True,0.071895,0.494164,-0.127758,0.086534,0.146836,0.037910,7.58,20,-0.107848,0.795412,0.283149,0.047558,0.148352,0.351681,0.005670,0.205066,0.043193,0.117740,-0.824600,-0.015521,-0.101248,0.054496,-0.033504
1779677079677407796,2026-05-25T09:44:39.677432,prediction,-0.013972,0.630000,-0.169830,True,0.080837,0.488498,-0.127038,0.094809,0.141502,0.042792,9.33,20,-0.108178,0.791675,0.281667,0.049303,0.148784,0.334662,0.005670,0.185868,0.042751,0.117180,-0.819000,-0.023406,-0.099136,0.056320,-0.029568
1779677079718547333,2026-05-25T09:44:39.718606,prediction,-0.012639,0.608000,-0.178154,True,0.089094,0.476299,-0.131890,0.101733,0.131701,0.046264,9.66,20,-0.108178,0.791675,0.281667,0.050609,0.150097,0.332483,0.008289,0.183259,0.042751,0.102900,-0.821380,-0.020667,-0.098912,0.051424,-0.033344
1779677079763184095,2026-05-25T09:44:39.763227,prediction,-0.013305,0.619000,-0.173992,True,0.090633,0.473379,-0.134226,0.103938,0.145621,0.039766,9.90,20,-0.109775,0.787114,0.280806,0.048865,0.150528,0.328989,0.005670,0.174959,0.045812,0.128240,-0.807800,-0.016683,-0.101856,0.056160,-0.036288
1779677079804177697,2026-05-25T09:44:39.804212,prediction,-0.012639,0.608000,-0.178154,True,0.097689,0.467228,-0.134066,0.110328,0.140772,0.044088,6.89,20,-0.111563,0.783354,0.280118,0.052354,0.155330,0.325502,0.005670,0.172351,0.043193,0.120260,-0.821380,-0.022078,-0.099968,0.054336,-0.036864
1779677079846255137,2026-05-25T09:44:39.846276,prediction,-0.013972,0.630000,-0.166824,True,0.096770,0.472337,-0.126389,0.110742,0.157663,0.040435,5.45,20,-0.111563,0.783354,0.280118,0.051923,0.158388,0.325502,0.005228,0.167112,0.045812,0.110320,-0.802900,-0.022576,-0.099072,0.052224,-0.032736
1779677079890419758,2026-05-25T09:44:39.890444,prediction,-0.011911,0.596000,-0.182695,True,0.103193,0.461802,-0.129009,0.115104,0.134198,0.053686,8.34,20,-0.114214,0.778446,0.279351,0.052354,0.157075,0.325502,0.005670,0.167112,0.045812,0.124180,-0.772800,-0.028967,-0.095840,0.056160,-0.034304
1779677079940004690,2026-05-25T09:44:39.940032,prediction,-0.012942,0.613000,-0.176263,True,0.098812,0.462281,-0.133476,0.111753,0.150719,0.042786,5.06,20,-0.116605,0.774237,0.278800,0.050609,0.156637,0.323316,0.008289,0.167112,0.045812,0.101360,-0.782040,-0.021165,-0.097184,0.049440,-0.035520
1779677079978540555,2026-05-25T09:44:39.978567,prediction,-0.013972,0.630000,-0.169830,True,0.098680,0.469369,-0.127318,0.112653,0.160631,0.042512,4.73,20,-0.116605,0.774237,0.278800,0.047558,0.155330,0.317643,0.005228,0.164492,0.040142,0.123900,-0.778400,-0.011039,-0.096800,0.047488,-0.037248
1779677080017116705,2026-05-25T09:44:40.017147,prediction,-0.014639,0.641000,-0.165668,True,0.098361,0.478021,-0.119297,0.113000,0.162979,0.046371,4.76,20,-0.119163,0.768851,0.277932,0.045814,0.150097,0.314156,0.005670,0.161442,0.040573,0.096040,-0.764120,-0.003984,-0.097344,0.053600,-0.037920
1779677080078335535,2026-05-25T09:44:40.078363,prediction,-0.016215,0.667000,-0.155830,True,0.089240,0.493613,-0.113529,0.105455,0.173387,0.042301,8.56,20,-0.121438,0.764634,0.277741,0.034034,0.132208,0.287977,0.007847,0.158823,0.032284,0.105980,-0.734300,-0.018592,-0.095232,0.049216,-0.032576
1779677080122190333,2026-05-25T09:44:40.122216,prediction,-0.009600,0.608000,-0.178154,True,0.090409,0.479368,-0.118693,0.100010,0.128632,0.059461,8.96,20,-0.121438,0.764634,0.277741,0.026174,0.114319,0.263976,0.002609,0.148345,0.023995,0.088340,-0.714840,-0.001909,-0.098688,0.052544,-0.033024
1779677080165471527,2026-05-25T09:44:40.165529,prediction,-0.009911,0.613000,-0.176263,True,0.090139,0.472821,-0.125930,0.100050,0.140179,0.050333,8.36,20,-0.124071,0.760380,0.278359,0.019634,0.093372,0.232124,0.005228,0.137436,0.016137,0.070560,-0.686280,0.018758,-0.099680,0.048480,-0.031680
1779677080203648069,2026-05-25T09:44:40.203689,prediction,-0.015912,0.662000,-0.157722,True,0.079489,0.488821,-0.110077,0.095401,0.173179,0.047645,8.47,20,-0.126292,0.757219,0.278230,0.011342,0.052354,0.159691,0.002609,0.107772,0.008289,0.073360,-0.610960,0.034611,-0.098848,0.044192,-0.029568
1779677080241943117,2026-05-25T09:44:40.241970,prediction,-0.014639,0.641000,-0.165668,True,0.082659,0.489692,-0.103896,0.097298,0.151308,0.061772,8.84,20,-0.126292,0.757219,0.278230,0.004796,0.029231,0.128278,0.000000,0.094244,0.000000,0.074900,-0.639520,0.041998,-0.096576,0.044480,-0.029344
1779677080284127700,2026-05-25T09:44:40.284187,prediction,-0.014942,0.646000,-0.163776,True,0.077742,0.492215,-0.109368,0.092684,0.153785,0.054408,10.39,20,-0.127819,0.753510,0.280071,0.004796,0.029231,0.128278,0.000000,0.094244,0.000000,0.074900,-0.639520,0.041998,-0.096576,0.044480,-0.029344
1779677080323892511,2026-05-25T09:44:40.323917,prediction,-0.014639,0.641000,-0.165668,True,0.081778,0.491729,-0.113649,0.096417,0.149271,0.052019,5.14,20,-0.127819,0.753510,0.280071,0.004796,0.029231,0.128278,0.000000,0.094244,0.000000,0.074900,-0.639520,0.041998,-0.096576,0.044480,-0.029344
1779677080373205376,2026-05-25T09:44:40.373230,prediction,-0.016518,0.672000,-0.153938,True,0.074737,0.503837,-0.102155,0.091255,0.168162,0.051783,9.46,20,-0.128700,0.751045,0.282760,0.000000,0.017889,0.107772,0.002609,0.088574,0.000000,0.083300,-0.634200,0.047310,-0.097568,0.042912,-0.022944
1779677080414086866,2026-05-25T09:44:40.414117,prediction,-0.013972,0.630000,-0.169830,True,0.077938,0.494302,-0.102855,0.091910,0.135698,0.066975,8.05,20,-0.128167,0.750258,0.285055,0.006540,0.009598,0.085519,0.000000,0.097294,0.010898,-0.083580,-0.399560,0.020335,-0.089056,0.045472,0.027168
1779677080448278862,2026-05-25T09:44:40.448302,prediction,-0.013305,0.619000,-0.173992,True,0.078049,0.484181,-0.113258,0.091354,0.134818,0.060735,5.61,20,-0.128167,0.750258,0.285055,0.008285,0.000000,0.120858,0.000000,0.115619,0.008289,-0.088340,-0.466760,0.009130,-0.091456,0.049664,0.028448
1779677080486266305,2026-05-25T09:44:40.486290,prediction,-0.012942,0.613000,-0.176263,True,0.083642,0.475709,-0.122612,0.096584,0.137291,0.053650,4.56,20,-0.126454,0.751353,0.287633,0.006102,0.011342,0.150531,0.003051,0.137436,0.008289,-0.073360,-0.651840,0.005893,-0.096000,0.046592,0.029792
1779677080544884977,2026-05-25T09:44:40.544909,prediction,-0.013972,0.630000,-0.169830,True,0.085928,0.477425,-0.119144,0.099901,0.152575,0.050686,7.87,20,-0.124560,0.753453,0.288462,0.003051,0.026174,0.167112,0.000000,0.145295,0.005670,-0.070000,-0.716380,0.000083,-0.097504,0.052384,0.029792
1779677080598245129,2026-05-25T09:44:40.598269,prediction,-0.011608,0.591000,-0.184587,True,0.092112,0.462855,-0.123884,0.103720,0.128145,0.060703,5.38,20,-0.123348,0.753465,0.289551,0.000000,0.032720,0.167112,0.003051,0.137436,0.002609,-0.007700,-0.669480,-0.005561,-0.094240,0.049824,0.028288
1779677080640224891,2026-05-25T09:44:40.640248,prediction,-0.011911,0.596000,-0.182695,True,0.096869,0.456113,-0.131673,0.108780,0.139887,0.051022,8.83,20,-0.123348,0.753465,0.289551,0.004796,0.034034,0.161877,0.002609,0.126528,0.000000,0.067760,-0.664020,0.009711,-0.097024,0.049536,0.010976
1779677080680151476,2026-05-25T09:44:40.680171,prediction,-0.016975,0.630000,-0.169830,True,0.088655,0.466354,-0.126509,0.105629,0.163646,0.043321,7.63,20,-0.123355,0.755013,0.289647,0.014831,0.036209,0.148784,0.002609,0.113442,0.008289,0.112420,-0.692440,0.003652,-0.095072,0.046752,-0.024160
1779677080718967399,2026-05-25T09:44:40.718990,prediction,-0.012639,0.608000,-0.175112,True,0.097356,0.463013,-0.122261,0.109995,0.144987,0.052850,5.31,20,-0.123355,0.755013,0.289647,0.022685,0.039267,0.147037,0.005228,0.107772,0.016137,0.106820,-0.662340,0.005727,-0.095904,0.049536,-0.030176
1779677080765463597,2026-05-25T09:44:40.765498,prediction,-0.013608,0.624000,-0.169084,True,0.097813,0.467408,-0.122605,0.111422,0.156592,0.046479,7.71,20,-0.121990,0.755023,0.288951,0.030976,0.044069,0.145297,0.005228,0.102533,0.027045,0.106820,-0.668640,-0.009628,-0.094336,0.042528,-0.034304
1779677080814865115,2026-05-25T09:44:40.814897,prediction,-0.015245,0.651000,-0.158912,True,0.094662,0.480844,-0.115272,0.109907,0.170155,0.043640,5.92,20,-0.122592,0.753990,0.288159,0.034034,0.045814,0.146606,0.005228,0.102533,0.029665,0.130760,-0.686280,-0.010541,-0.092224,0.044704,-0.038016
1779677080866547704,2026-05-25T09:44:40.866571,prediction,-0.013608,0.624000,-0.169084,True,0.093369,0.478107,-0.115158,0.106977,0.145893,0.053925,4.34,20,-0.124088,0.753954,0.288894,0.039267,0.045814,0.150531,0.005670,0.102091,0.035335,0.125860,-0.677600,-0.000581,-0.093184,0.042912,-0.037408
1779677080911330723,2026-05-25T09:44:40.911355,prediction,-0.017185,0.683000,-0.143937,True,0.077369,0.494107,-0.102988,0.094553,0.188893,0.040949,8.35,20,-0.124088,0.753954,0.288894,0.041012,0.049303,0.152279,0.008289,0.105152,0.034903,0.103460,-0.697060,0.001743,-0.093440,0.045024,-0.038688
1779677080953719031,2026-05-25T09:44:40.953742,prediction,-0.015912,0.662000,-0.151814,True,0.084985,0.501264,-0.097620,0.100897,0.160736,0.054194,8.23,20,-0.124540,0.752224,0.288669,0.041012,0.047558,0.150531,0.007847,0.105152,0.035335,0.120820,-0.702660,-0.003154,-0.092832,0.040256,-0.037344
1779677080992937681,2026-05-25T09:44:40.992954,prediction,-0.011966,0.646000,-0.157815,True,0.087393,0.499158,-0.103628,0.099359,0.146842,0.054187,8.15,20,-0.124540,0.752224,0.288669,0.042756,0.050609,0.146606,0.007847,0.094244,0.034903,0.107800,-0.676340,0.003984,-0.093440,0.044032,-0.034304
1779677081032823982,2026-05-25T09:44:41.032860,prediction,-0.012962,0.662000,-0.151814,True,0.075765,0.505144,-0.108506,0.088727,0.156856,0.043308,9.82,20,-0.124195,0.752910,0.288676,0.042756,0.050609,0.145297,0.005670,0.091624,0.037954,0.106820,-0.685020,0.000913,-0.092512,0.039680,-0.035840
1779677081074418762,2026-05-25T09:44:41.074444,prediction,-0.011966,0.646000,-0.163776,True,0.079342,0.501486,-0.114139,0.091308,0.144514,0.049637,8.37,20,-0.125327,0.752058,0.290504,0.042318,0.052354,0.133512,0.005228,0.083335,0.037954,0.096320,-0.667660,0.005727,-0.093792,0.042368,-0.033952
1779677081116378612,2026-05-25T09:44:41.116397,prediction,-0.011281,0.635000,-0.167938,True,0.080797,0.494892,-0.121748,0.092078,0.140108,0.046191,7.80,20,-0.125327,0.752058,0.290504,0.039267,0.051923,0.122605,0.005228,0.069807,0.037954,0.099400,-0.656880,0.014525,-0.093344,0.042976,-0.035456
1779677081160252361,2026-05-25T09:44:41.160277,prediction,-0.012962,0.662000,-0.154768,True,0.078890,0.501735,-0.116442,0.091852,0.160265,0.038326,9.12,20,-0.125974,0.752377,0.290509,0.037523,0.057156,0.109950,0.008289,0.053659,0.034903,0.090440,-0.665560,0.019339,-0.090112,0.034464,-0.035840
1779677081200923401,2026-05-25T09:44:41.200949,prediction,-0.012277,0.651000,-0.161884,True,0.075759,0.501441,-0.119931,0.088036,0.149559,0.041953,8.98,20,-0.125573,0.753544,0.288744,0.029669,0.060207,0.096426,0.002609,0.037523,0.029234,0.084560,-0.672980,0.023406,-0.092064,0.037696,-0.032064
1779677081244843975,2026-05-25T09:44:41.244869,prediction,-0.009309,0.651000,-0.155940,True,0.079835,0.501265,-0.118633,0.089145,0.149735,0.037307,6.27,20,-0.125573,0.753544,0.288744,0.022685,0.062390,0.079846,0.003051,0.016137,0.021807,0.082460,-0.656460,0.037018,-0.092000,0.035680,-0.032800
1779677081290538924,2026-05-25T09:44:41.290566,prediction,-0.007967,0.630000,-0.163817,True,0.084742,0.492759,-0.122967,0.092710,0.137241,0.040850,6.87,20,-0.124248,0.756227,0.288325,0.016576,0.061958,0.070686,0.002609,0.010898,0.016137,0.078960,-0.664300,0.039923,-0.090496,0.034400,-0.031296
1779677081332228818,2026-05-25T09:44:41.332306,prediction,-0.010651,0.672000,-0.148063,True,0.074190,0.504455,-0.113421,0.084841,0.167545,0.034642,7.72,20,-0.122923,0.759039,0.289764,0.016576,0.061958,0.070686,0.002609,0.010898,0.016137,0.078960,-0.664300,0.039923,-0.090496,0.034400,-0.031296
1779677081367948113,2026-05-25T09:44:41.367974,prediction,-0.008990,0.646000,-0.154835,True,0.073828,0.501073,-0.111653,0.082818,0.144927,0.043182,5.11,20,-0.122923,0.759039,0.289764,0.016576,0.061958,0.070686,0.002609,0.010898,0.016137,0.078960,-0.664300,0.039923,-0.090496,0.034400,-0.031296
1779677081414076356,2026-05-25T09:44:41.414104,prediction,-0.011673,0.688000,-0.136239,True,0.067726,0.515844,-0.104056,0.079400,0.172156,0.032183,4.53,20,-0.120981,0.762826,0.290885,0.014394,0.061958,0.066752,0.002609,0.005228,0.013086,0.078400,-0.651840,0.032868,-0.088992,0.032736,-0.030336
1779677081473034303,2026-05-25T09:44:41.473067,prediction,-0.009693,0.657000,-0.147765,True,0.071603,0.512306,-0.106488,0.081296,0.144694,0.041277,4.54,20,-0.118879,0.765649,0.292136,0.014394,0.061958,0.066752,0.002609,0.005228,0.013086,0.078400,-0.651840,0.032868,-0.088992,0.032736,-0.030336
1779677081516102192,2026-05-25T09:44:41.516133,prediction,-0.011281,0.635000,-0.155945,True,0.065824,0.504420,-0.116103,0.077105,0.130580,0.039841,8.52,20,-0.118879,0.765649,0.292136,0.013087,0.042318,0.000000,0.000000,0.045812,0.010898,-0.099820,-0.659260,0.072293,-0.060896,-0.044864,0.029056
1779677081560547528,2026-05-25T09:44:41.560566,prediction,-0.012651,0.657000,-0.141841,True,0.062214,0.505452,-0.110635,0.074865,0.151548,0.031206,8.12,20,-0.116130,0.769867,0.292829,0.023122,0.003489,0.039265,0.005228,0.040573,0.019198,-0.099400,-0.603260,0.235554,0.001280,-0.040352,0.032224
1779677081614196195,2026-05-25T09:44:41.614225,prediction,-0.015912,0.662000,-0.137044,True,0.060116,0.511671,-0.102855,0.076028,0.150329,0.034189,8.30,20,-0.114281,0.772938,0.292614,0.016576,0.000000,0.026179,0.002609,0.021375,0.016137,-0.100940,-0.508620,0.225760,-0.000896,-0.043968,0.030336
1779677081660463656,2026-05-25T09:44:41.660487,prediction,-0.018862,0.662000,-0.134090,True,0.052340,0.518389,-0.101899,0.071202,0.143611,0.032191,8.07,20,-0.114281,0.772938,0.292614,0.013087,0.001744,0.011339,0.002609,0.008289,0.013086,-0.088620,-0.404740,0.222191,-0.002624,-0.041760,0.030016
1779677081698136822,2026-05-25T09:44:41.698167,prediction,-0.020395,0.688000,-0.118771,True,0.052431,0.526234,-0.089860,0.072826,0.161766,0.028911,7.76,20,-0.112269,0.774750,0.292154,0.007853,0.004796,0.005666,0.000000,0.000000,0.005228,-0.069440,-0.387380,0.221444,-0.003680,-0.039296,0.031232
1779677081733372881,2026-05-25T09:44:41.733397,prediction,-0.020395,0.688000,-0.110037,True,0.042570,0.542234,-0.078252,0.062965,0.145766,0.031785,6.05,20,-0.108959,0.776754,0.293188,0.007853,0.004796,0.005666,0.000000,0.000000,0.005228,-0.069440,-0.387380,0.221444,-0.003680,-0.039296,0.031232
1779677081774534696,2026-05-25T09:44:41.774585,prediction,-0.021870,0.713000,-0.095371,True,0.031459,0.558234,-0.062821,0.053329,0.154766,0.032550,5.06,20,-0.108959,0.776754,0.293188,0.007853,0.004796,0.005666,0.000000,0.000000,0.005228,-0.069440,-0.387380,0.221444,-0.003680,-0.039296,0.031232
1779677081823004811,2026-05-25T09:44:41.823028,prediction,-0.020395,0.688000,-0.101303,True,0.036223,0.554211,-0.060139,0.056618,0.133789,0.041165,8.37,20,-0.105356,0.779076,0.296405,0.007853,0.004796,0.005666,0.000000,0.000000,0.005228,-0.069440,-0.387380,0.221444,-0.003680,-0.039296,0.031232
1779677081864416099,2026-05-25T09:44:41.864440,prediction,-0.020690,0.693000,-0.099543,True,0.029515,0.565579,-0.063896,0.050205,0.127421,0.035647,8.05,20,-0.102214,0.781688,0.300485,0.011342,0.006540,0.020506,0.000000,0.013517,0.010467,0.084840,-0.645960,0.059345,-0.043200,0.036736,-0.028448
1779677081913178528,2026-05-25T09:44:41.913202,prediction,-0.021280,0.703000,-0.090249,True,0.028075,0.581579,-0.052471,0.049354,0.121421,0.037777,7.75,20,-0.102214,0.781688,0.300485,0.013087,0.011342,0.013086,0.000000,0.000000,0.013517,0.077420,-0.646240,0.048887,-0.060512,0.035840,-0.028000
1779677081954676125,2026-05-25T09:44:41.954697,prediction,-0.018094,0.698000,-0.086203,True,0.031389,0.579544,-0.045001,0.049484,0.118456,0.041202,7.50,20,-0.098106,0.785872,0.305616,0.011342,0.014394,0.011339,0.000000,0.000000,0.010898,0.069020,-0.639100,0.050796,-0.067744,0.030176,-0.028448
1779677082007159042,2026-05-25T09:44:42.007179,prediction,-0.018397,0.703000,-0.078702,True,0.024317,0.591290,-0.043873,0.042715,0.111710,0.034829,8.83,20,-0.094282,0.790164,0.310685,0.009598,0.011342,0.005666,0.002609,0.002609,0.007847,0.078680,-0.621180,0.050049,-0.088896,-0.010240,-0.028288
1779677082056697305,2026-05-25T09:44:42.056716,prediction,-0.015203,0.698000,-0.074623,True,0.026438,0.594517,-0.042096,0.041642,0.103483,0.032527,7.35,20,-0.094282,0.790164,0.310685,0.008285,0.000000,0.003487,0.002609,0.010898,0.005228,0.067760,-0.602000,0.199864,-0.084768,-0.038688,-0.027680
1779677082097143384,2026-05-25T09:44:42.097161,prediction,-0.009749,0.703000,-0.070042,True,0.025830,0.606744,-0.038758,0.035580,0.096256,0.031284,8.52,20,-0.089843,0.796311,0.316855,0.006540,0.000000,0.009160,0.002609,0.013517,0.005670,0.065380,-0.531020,0.229578,-0.086272,-0.038912,-0.028224
1779677082137564027,2026-05-25T09:44:42.137595,prediction,-0.000749,0.698000,-0.065939,True,0.034569,0.601797,-0.033458,0.035317,0.096203,0.032481,7.73,20,-0.086026,0.802298,0.322339,0.000000,0.008285,0.026179,0.002609,0.013517,0.003051,0.053900,-0.360500,0.248834,-0.085056,-0.043520,-0.027904
1779677082189945750,2026-05-25T09:44:42.189968,prediction,0.009054,0.683000,-0.065110,True,0.038294,0.603032,-0.034453,0.029239,0.079968,0.030657,6.48,20,-0.086026,0.802298,0.322339,0.004796,0.024429,0.050172,0.000000,0.023995,0.002609,-0.088620,-0.331660,0.262363,-0.076192,-0.047936,0.005696
1779677082235666420,2026-05-25T09:44:42.235685,prediction,0.034537,0.723000,-0.023343,True,0.053810,0.619032,-0.018453,0.019272,0.103968,0.004889,8.06,20,-0.082593,0.809275,0.328474,0.014831,0.030976,0.062827,0.000000,0.034903,0.010467,-0.105280,-0.359800,0.277220,-0.061184,-0.044928,0.028384
1779677082278103056,2026-05-25T09:44:42.278125,prediction,0.055519,0.713000,-0.000654,True,0.069810,0.635032,-0.002453,0.014291,0.077968,0.001800,5.76,20,-0.079883,0.816399,0.334924,0.022685,0.029669,0.082024,0.000000,0.051482,0.018756,-0.111860,-0.340340,0.274398,-0.031456,-0.048544,0.032224
1779677082329507784,2026-05-25T09:44:42.329525,prediction,0.072151,0.718000,0.020878,True,0.085810,0.638307,0.013547,0.013659,0.079693,0.007331,7.73,20,-0.078252,0.823644,0.341625,0.029669,0.027925,0.094679,0.005228,0.070249,0.024426,-0.118720,-0.366940,0.288342,-0.003680,-0.046976,0.033504
1779677082368586271,2026-05-25T09:44:42.368605,prediction,0.078482,0.737000,0.040505,True,0.097636,0.654307,0.029547,0.019153,0.082693,0.010958,8.15,20,-0.078252,0.823644,0.341625,0.034034,0.024867,0.109519,0.008289,0.086386,0.029665,-0.129220,-0.324240,0.289919,-0.004864,-0.051104,0.035680
1779677082404014794,2026-05-25T09:44:42.404039,prediction,0.085378,0.703000,0.045425,True,0.113636,0.652407,0.045547,0.028257,0.050593,0.000122,7.69,20,-0.078790,0.830772,0.348564,0.034465,0.027925,0.113445,0.008289,0.089005,0.032284,-0.129780,-0.340060,0.285105,-0.001952,-0.051712,0.034912
1779677082455035502,2026-05-25T09:44:42.455053,prediction,0.095272,0.693000,0.057224,True,0.121955,0.648979,0.061547,0.026682,0.044021,0.004323,7.51,20,-0.078790,0.830772,0.348564,0.037523,0.029669,0.113006,0.008289,0.083766,0.034903,-0.120820,-0.332500,0.281702,-0.005024,-0.048640,0.036416
1779677082498219369,2026-05-25T09:44:42.498236,prediction,0.092988,0.688000,0.076287,True,0.116840,0.653272,0.077547,0.023852,0.034728,0.001260,4.52,20,-0.081002,0.837641,0.355479,0.039267,0.030976,0.109519,0.005228,0.078096,0.032284,-0.097300,-0.332220,0.269584,-0.003136,-0.047104,0.036736
1779677082555324932,2026-05-25T09:44:42.555349,prediction,0.095272,0.693000,0.080449,True,0.118052,0.669272,0.093547,0.022780,0.023728,0.013098,7.95,20,-0.083775,0.844349,0.362549,0.040574,0.032283,0.100352,0.005670,0.064568,0.034903,-0.119000,-0.331660,0.266513,-0.003072,-0.044416,0.034784
1779677082592914338,2026-05-25T09:44:42.592936,prediction,0.094955,0.672000,0.086945,True,0.127320,0.653272,0.109547,0.032364,0.018728,0.022602,6.47,20,-0.083775,0.844349,0.362549,0.042756,0.030976,0.091192,0.005670,0.059340,0.037954,-0.123340,-0.351820,0.271327,-0.003744,-0.050816,0.034912
1779677082634783664,2026-05-25T09:44:42.634807,prediction,0.090687,0.683000,0.092544,True,0.115526,0.656378,0.119589,0.024838,0.026622,0.027044,4.50,20,-0.086896,0.850595,0.369633,0.045814,0.021378,0.082024,0.005228,0.059340,0.040142,-0.102480,-0.373800,0.257632,-0.002400,-0.045920,0.035520
1779677082672502444,2026-05-25T09:44:42.672529,prediction,0.087772,0.683000,0.092544,True,0.111896,0.659577,0.123454,0.024124,0.023423,0.030910,5.26,20,-0.090545,0.856201,0.377024,0.048865,0.011342,0.074611,0.005228,0.061949,0.043193,-0.136920,-0.378700,0.256387,-0.002688,-0.044640,0.036960
1779677082714554090,2026-05-25T09:44:42.714579,prediction,0.084780,0.708000,0.101473,True,0.103221,0.675577,0.133647,0.018441,0.032423,0.032174,5.56,20,-0.090545,0.856201,0.377024,0.054105,0.000000,0.074611,0.005670,0.072857,0.045812,-0.123060,-0.394240,0.270331,-0.003360,-0.052320,0.038848
1779677082759414639,2026-05-25T09:44:42.759440,prediction,0.083676,0.693000,0.103674,True,0.105812,0.670657,0.136813,0.022136,0.022343,0.033139,4.49,20,-0.094358,0.861308,0.384721,0.060645,0.011342,0.085519,0.010898,0.102533,0.051040,-0.136360,-0.642600,0.273734,-0.003008,-0.053440,0.037792
1779677082821720225,2026-05-25T09:44:42.821742,prediction,0.082496,0.703000,0.106045,True,0.095602,0.669965,0.136061,0.013106,0.033035,0.030017,6.45,20,-0.098190,0.866215,0.392549,0.060645,0.011342,0.085519,0.010898,0.102533,0.051040,-0.136360,-0.642600,0.273734,-0.003008,-0.053440,0.037792
1779677082860101150,2026-05-25T09:44:42.860136,prediction,0.079031,0.708000,0.112987,True,0.085758,0.685965,0.143429,0.006727,0.022035,0.030442,4.77,20,-0.098190,0.866215,0.392549,0.060645,0.011342,0.085519,0.010898,0.102533,0.051040,-0.136360,-0.642600,0.273734,-0.003008,-0.053440,0.037792
1779677082897569720,2026-05-25T09:44:42.897599,prediction,0.080777,0.693000,0.118189,True,0.088862,0.675531,0.148853,0.008085,0.017469,0.030664,4.80,20,-0.101961,0.870953,0.400487,0.060645,0.011342,0.085519,0.010898,0.102533,0.051040,-0.136360,-0.642600,0.273734,-0.003008,-0.053440,0.037792
1779677082938963003,2026-05-25T09:44:42.938981,prediction,0.076157,0.708000,0.121622,True,0.075422,0.684020,0.146748,0.000734,0.023980,0.025125,7.29,20,-0.105466,0.875489,0.408739,0.066754,0.026174,0.167112,0.008289,0.196777,0.059340,-0.139720,-0.653660,0.303697,-0.002912,-0.062176,0.034784
1779677082987549175,2026-05-25T09:44:42.987608,prediction,0.077304,0.698000,0.125123,True,0.081226,0.673936,0.150962,0.003922,0.024064,0.025838,5.05,20,-0.105466,0.875489,0.408739,0.067192,0.019634,0.198964,0.007847,0.218163,0.059340,-0.131040,-0.641060,0.322372,-0.004416,-0.066912,0.035360
1779677083040552817,2026-05-25T09:44:43.040591,prediction,0.072151,0.718000,0.129635,True,0.066450,0.689936,0.152410,0.005701,0.028064,0.022775,13.73,20,-0.108440,0.879881,0.417116,0.067192,0.016138,0.213797,0.013517,0.226010,0.056721,-0.132020,-0.640360,0.324281,-0.010528,-0.066848,0.038400
1779677083081857293,2026-05-25T09:44:43.081892,prediction,0.072151,0.718000,0.132497,True,0.074164,0.696411,0.155448,0.002013,0.021589,0.022951,8.21,20,-0.111148,0.884341,0.425789,0.062390,0.006540,0.243470,0.008289,0.248269,0.053659,-0.113400,-0.631120,0.327352,-0.007296,-0.073984,0.034240
1779677083121761101,2026-05-25T09:44:43.121786,prediction,0.071585,0.723000,0.136471,True,0.074778,0.699050,0.156634,0.003193,0.023950,0.020164,5.08,20,-0.111148,0.884341,0.425789,0.058901,0.001307,0.256563,0.007847,0.255686,0.051040,-0.105700,-0.636020,0.328763,-0.005632,-0.075040,0.036960
1779677083167119161,2026-05-25T09:44:43.167156,prediction,0.071585,0.723000,0.142178,True,0.072171,0.702549,0.161777,0.000586,0.020451,0.019599,5.13,20,-0.113092,0.888696,0.434475,0.049303,0.000000,0.273575,0.005228,0.269214,0.042751,-0.093240,-0.501200,0.338391,-0.006240,-0.070016,0.035968
1779677083210665741,2026-05-25T09:44:43.210689,prediction,0.069850,0.713000,0.142858,True,0.070459,0.697729,0.162650,0.000609,0.015271,0.019792,4.69,20,-0.114711,0.893128,0.443308,0.037523,0.006540,0.287977,0.007847,0.277503,0.032284,-0.076160,-0.406280,0.344450,-0.005792,-0.078880,0.034176
1779677083252438073,2026-05-25T09:44:43.252456,prediction,0.070408,0.708000,0.150407,True,0.068343,0.694269,0.169017,0.002065,0.013731,0.018610,4.87,20,-0.114711,0.893128,0.443308,0.029669,0.011342,0.293650,0.005228,0.285792,0.027045,-0.080500,-0.374780,0.344035,-0.006752,-0.079712,0.034304
1779677083311521148,2026-05-25T09:44:43.311540,prediction,0.069850,0.713000,0.154339,True,0.068420,0.700428,0.170469,0.001430,0.012572,0.016130,8.63,20,-0.115621,0.897665,0.452129,0.008285,0.016138,0.301063,0.002609,0.287970,0.005228,-0.055440,-0.385280,0.357481,-0.006752,-0.078816,0.030176
1779677083357082303,2026-05-25T09:44:43.357100,prediction,0.068736,0.723000,0.156447,True,0.064960,0.713374,0.170746,0.003776,0.009626,0.014299,8.19,20,-0.116212,0.902319,0.461007,0.011342,0.016576,0.304996,0.002609,0.291031,0.010467,0.096600,-0.373240,0.352501,-0.006240,-0.072864,-0.029120
1779677083398212770,2026-05-25T09:44:43.398244,prediction,0.067175,0.737000,0.159398,True,0.062539,0.726089,0.173208,0.004636,0.010911,0.013810,8.32,20,-0.116482,0.907048,0.469821,0.024429,0.017889,0.308483,0.000000,0.291031,0.029665,0.132300,-0.370440,0.345446,-0.009184,-0.078976,-0.028064
1779677083442961139,2026-05-25T09:44:43.442987,prediction,0.068178,0.728000,0.163192,True,0.068503,0.716298,0.178842,0.000324,0.011702,0.015650,7.47,20,-0.116482,0.907048,0.469821,0.040574,0.017889,0.308921,0.000000,0.296701,0.043193,0.123620,-0.367640,0.368354,-0.020096,-0.072704,-0.031616
1779677083491666228,2026-05-25T09:44:43.491689,prediction,0.063250,0.747000,0.164321,True,0.053728,0.732298,0.175938,0.009521,0.014702,0.011618,4.95,20,-0.116212,0.912012,0.478504,0.052354,0.017889,0.312408,0.002609,0.291031,0.054101,0.149660,-0.355460,0.362295,-0.046656,-0.075872,-0.038752
1779677083547958110,2026-05-25T09:44:43.547988,prediction,0.059898,0.752000,0.165366,True,0.055240,0.745759,0.175884,0.004658,0.006241,0.010517,4.52,20,-0.115675,0.917155,0.487180,0.062390,0.014394,0.308483,0.002609,0.288412,0.061949,0.138180,-0.383740,0.360054,-0.087552,-0.077024,-0.039136
1779677083587626886,2026-05-25T09:44:43.587650,prediction,0.056137,0.761000,0.172832,True,0.052800,0.756678,0.184719,0.003337,0.004322,0.011888,4.33,20,-0.115675,0.917155,0.487180,0.068498,0.011342,0.306736,0.008289,0.293650,0.067188,0.140420,-0.388080,0.339802,-0.088320,-0.075648,-0.035840
1779677083633018392,2026-05-25T09:44:43.633048,prediction,0.053349,0.761000,0.172832,True,0.052873,0.757575,0.183592,0.000477,0.003425,0.010760,4.59,20,-0.114731,0.922519,0.495400,0.070243,0.006540,0.297137,0.007847,0.285361,0.072857,0.136920,-0.392140,0.352501,-0.094624,-0.077600,-0.038528
1779677083674768118,2026-05-25T09:44:43.674786,prediction,0.054294,0.752000,0.176591,True,0.053452,0.752117,0.186145,0.000842,0.000117,0.009554,4.73,20,-0.113621,0.928195,0.503636,0.071994,0.003051,0.291902,0.005228,0.291031,0.072857,0.132020,-0.396760,0.357149,-0.096960,-0.077824,-0.039808
1779677083711020557,2026-05-25T09:44:43.711049,prediction,0.052524,0.742000,0.180211,True,0.045346,0.751166,0.187694,0.007178,0.009166,0.007484,5.43,20,-0.113621,0.928195,0.503636,0.071994,0.001744,0.290155,0.005228,0.291031,0.072857,0.135380,-0.386820,0.353829,-0.094624,-0.074592,-0.038016
1779677083751068503,2026-05-25T09:44:43.751091,prediction,0.052524,0.742000,0.183033,True,0.045857,0.750985,0.191459,0.006667,0.008985,0.008426,5.36,20,-0.112272,0.934250,0.511454,0.071994,0.000000,0.282304,0.002609,0.285792,0.072857,0.132860,-0.434840,0.368271,-0.100960,-0.074752,-0.039424
1779677083794287440,2026-05-25T09:44:43.794310,prediction,0.053040,0.737000,0.187706,True,0.048506,0.744594,0.197083,0.004534,0.007594,0.009377,4.73,20,-0.110796,0.940479,0.519115,0.068498,0.000000,0.280556,0.005670,0.282742,0.070249,0.139440,-0.512400,0.361050,-0.096576,-0.077920,-0.041024
1779677083843160018,2026-05-25T09:44:43.843182,prediction,0.052524,0.742000,0.188678,True,0.046477,0.744296,0.196112,0.006047,0.002296,0.007434,7.96,20,-0.110796,0.940479,0.519115,0.068936,0.003051,0.280556,0.005670,0.285792,0.069807,0.103180,-0.651280,0.353829,-0.101408,-0.078528,-0.039424
1779677083879475941,2026-05-25T09:44:43.879491,prediction,0.049197,0.747000,0.192464,True,0.040460,0.749083,0.201590,0.008738,0.002083,0.009125,7.13,20,-0.109074,0.946951,0.526544,0.065010,0.006540,0.282742,0.002609,0.288412,0.067188,0.128520,-0.677320,0.366113,-0.103808,-0.076032,-0.038144
1779677083922940301,2026-05-25T09:44:43.922960,prediction,0.049197,0.747000,0.195279,True,0.043507,0.746760,0.204949,0.005691,0.000240,0.009670,5.30,20,-0.109074,0.946951,0.526544,0.060207,0.008285,0.282742,0.005228,0.285361,0.061949,0.106820,-0.670180,0.352169,-0.100736,-0.072864,-0.039072
1779677083989440603,2026-05-25T09:44:43.989465,prediction,0.045887,0.752000,0.199040,True,0.040492,0.749632,0.208887,0.005395,0.002368,0.009847,4.41,20,-0.107108,0.953536,0.533774,0.055849,0.008285,0.280995,0.002609,0.282742,0.056279,0.118300,-0.672280,0.368686,-0.101248,-0.075424,-0.035136
1779677084048412685,2026-05-25T09:44:44.048436,prediction,0.042691,0.756000,0.202598,True,0.037287,0.752940,0.212277,0.005404,0.003060,0.009680,9.51,20,-0.105021,0.960191,0.540933,0.047558,0.006540,0.286229,0.002609,0.291031,0.048432,0.098560,-0.689640,0.370927,-0.100864,-0.082944,-0.035968
1779677084092437575,2026-05-25T09:44:44.092462,prediction,0.039895,0.756000,0.205397,True,0.034396,0.753585,0.214546,0.005499,0.002415,0.009149,8.47,20,-0.102821,0.966872,0.547997,0.042318,0.006540,0.287977,0.000000,0.293650,0.045812,0.103180,-0.690620,0.391843,-0.102752,-0.076928,-0.036128
1779677084127288081,2026-05-25T09:44:44.127312,prediction,0.039895,0.756000,0.205397,True,0.035310,0.753488,0.214080,0.004586,0.002512,0.008682,7.61,20,-0.100475,0.973620,0.555058,0.035778,0.003051,0.291902,0.000000,0.299320,0.040573,0.090720,-0.671440,0.380306,-0.100064,-0.079104,-0.032736
1779677084166550897,2026-05-25T09:44:44.166596,prediction,0.039412,0.761000,0.206328,True,0.033070,0.758998,0.215312,0.006342,0.002002,0.008984,7.55,20,-0.100475,0.973620,0.555058,0.032720,0.003489,0.293650,0.002609,0.299320,0.034903,0.081480,-0.673260,0.379642,-0.101472,-0.076864,-0.033952
1779677084211131355,2026-05-25T09:44:44.211155,prediction,0.037100,0.756000,0.208197,True,0.030463,0.755338,0.218228,0.006636,0.000662,0.010031,9.62,20,-0.097839,0.980390,0.562075,0.024867,0.000000,0.299323,0.000000,0.299320,0.027045,0.088620,-0.652820,0.390847,-0.101696,-0.077760,-0.032672
1779677084261033447,2026-05-25T09:44:44.261060,prediction,0.036149,0.766000,0.210042,True,0.026786,0.765907,0.218257,0.009363,0.000093,0.008215,7.71,20,-0.095150,0.986946,0.568967,0.019634,0.001744,0.304996,0.000000,0.299320,0.024426,0.084000,-0.480060,0.381053,-0.100512,-0.078592,-0.031072
1779677084307995957,2026-05-25T09:44:44.308011,prediction,0.035293,0.775000,0.211703,True,0.028961,0.774964,0.219650,0.006332,0.000036,0.007947,8.76,20,-0.095150,0.986946,0.568967,0.013087,0.006540,0.306736,0.000000,0.296259,0.018756,0.074620,-0.423640,0.384290,-0.098848,-0.080640,-0.029952
1779677084343313240,2026-05-25T09:44:44.343338,prediction,0.032062,0.780000,0.212625,True,0.025907,0.779365,0.220271,0.006155,0.000635,0.007646,7.63,20,-0.092129,0.993377,0.576054,0.013087,0.006540,0.306736,0.000000,0.296259,0.018756,0.074620,-0.423640,0.384290,-0.098848,-0.080640,-0.029952
1779677084379096631,2026-05-25T09:44:44.379123,prediction,0.031221,0.789000,0.214286,True,0.024901,0.787892,0.221846,0.006320,0.001108,0.007560,5.86,20,-0.092129,0.993377,0.576054,0.013087,0.006540,0.306736,0.000000,0.296259,0.018756,0.074620,-0.423640,0.384290,-0.098848,-0.080640,-0.029952
1779677084418281879,2026-05-25T09:44:44.418306,prediction,0.032529,0.775000,0.214471,True,0.031196,0.776038,0.222783,0.001333,0.001038,0.008312,7.48,20,-0.088851,0.999548,0.583171,0.013087,0.006540,0.306736,0.000000,0.296259,0.018756,0.074620,-0.423640,0.384290,-0.098848,-0.080640,-0.029952
1779677084463471956,2026-05-25T09:44:44.463489,prediction,0.031688,0.784000,0.216117,True,0.021595,0.789202,0.221256,0.010093,0.005202,0.005139,7.12,20,-0.085515,1.005705,0.590334,0.000000,0.027925,0.336409,0.000000,0.310229,0.002609,0.046060,-0.361760,0.407198,-0.061120,-0.080704,-0.032128
1779677084512847150,2026-05-25T09:44:44.512874,prediction,0.032062,0.780000,0.218145,True,0.026189,0.788836,0.224409,0.005873,0.008836,0.006264,4.43,20,-0.085515,1.005705,0.590334,0.001744,0.032720,0.347316,0.000000,0.315468,0.000000,-0.042420,-0.343700,0.397238,-0.046752,-0.080992,-0.028512
1779677084563426683,2026-05-25T09:44:44.563446,prediction,0.030847,0.793000,0.228718,True,0.022555,0.798762,0.238410,0.008292,0.005762,0.009692,4.49,20,-0.081905,1.012075,0.597418,0.006540,0.038829,0.354737,0.000000,0.315468,0.000000,-0.100660,-0.357000,0.403048,-0.030560,-0.081984,-0.009248
1779677084608952707,2026-05-25T09:44:44.608977,prediction,0.030380,0.798000,0.232330,True,0.028542,0.804435,0.238056,0.001838,0.006435,0.005726,4.36,20,-0.078397,1.018361,0.604229,0.013087,0.050609,0.370008,0.005228,0.315468,0.010467,-0.097860,-0.349300,0.409605,-0.025056,-0.085056,0.024992
1779677084650501982,2026-05-25T09:44:44.650525,prediction,0.027286,0.802000,0.243924,True,0.025408,0.805408,0.251125,0.001878,0.003408,0.007201,4.32,20,-0.078397,1.018361,0.604229,0.014394,0.060645,0.375243,0.005228,0.318076,0.010467,-0.084560,-0.348040,0.409605,-0.025440,-0.081312,0.027552
1779677084690791416,2026-05-25T09:44:44.690815,prediction,0.027286,0.802000,0.257545,True,0.026715,0.808814,0.266255,0.000571,0.006814,0.008710,5.02,20,-0.075109,1.024943,0.610814,0.016576,0.061958,0.379168,0.002609,0.315468,0.010898,-0.083020,-0.338100,0.420727,-0.025056,-0.083936,0.030240
1779677084729194865,2026-05-25T09:44:44.729219,prediction,0.027286,0.802000,0.262993,True,0.028876,0.810975,0.269305,0.001589,0.008975,0.006312,4.24,20,-0.072026,1.031737,0.617547,0.014831,0.071556,0.388328,0.002609,0.323315,0.013517,-0.107800,-0.366380,0.406617,-0.022784,-0.075520,0.029888
1779677084773053759,2026-05-25T09:44:44.773072,prediction,0.024566,0.802000,0.273889,True,0.022631,0.810470,0.283166,0.001935,0.008470,0.009277,8.38,20,-0.072026,1.031737,0.617547,0.019634,0.076790,0.399674,0.003051,0.320696,0.016137,-0.112140,-0.376600,0.426454,-0.025888,-0.080544,0.031072
1779677084819985747,2026-05-25T09:44:44.820011,prediction,0.019473,0.798000,0.276019,True,0.017295,0.806024,0.283800,0.002178,0.008024,0.007780,8.45,20,-0.069630,1.038529,0.624482,0.021378,0.086388,0.412768,0.002609,0.320696,0.016137,-0.105980,-0.370440,0.420561,-0.025216,-0.081760,0.030848
1779677084867588537,2026-05-25T09:44:44.867609,prediction,0.019125,0.802000,0.290233,True,0.015788,0.808150,0.299800,0.003337,0.006150,0.009567,8.46,20,-0.067424,1.045194,0.631549,0.021378,0.095992,0.421928,0.003051,0.328554,0.019198,-0.122360,-0.355880,0.419399,-0.022048,-0.083040,0.032736
1779677084912423536,2026-05-25T09:44:44.912454,prediction,0.015979,0.807000,0.299081,True,0.013306,0.816328,0.307705,0.002674,0.009328,0.008624,8.15,20,-0.067424,1.045194,0.631549,0.026174,0.104283,0.433274,0.002609,0.334224,0.021375,-0.110320,-0.351540,0.424877,-0.022336,-0.082592,0.034016
1779677084954998888,2026-05-25T09:44:44.955018,prediction,0.016405,0.802000,0.312025,True,0.015095,0.806367,0.322202,0.001311,0.004367,0.010177,8.45,20,-0.065551,1.051361,0.639231,0.024429,0.106028,0.442002,0.002609,0.331604,0.021375,-0.098560,-0.326340,0.432430,-0.021504,-0.085984,0.033632
1779677084990741497,2026-05-25T09:44:44.990766,prediction,0.017172,0.793000,0.319098,True,0.013532,0.794939,0.329115,0.003640,0.001939,0.010017,5.52,20,-0.065551,1.051361,0.639231,0.026174,0.116063,0.448107,0.002609,0.336843,0.024426,-0.113680,-0.364840,0.421640,-0.021824,-0.078816,0.032896
1779677085034661916,2026-05-25T09:44:45.034684,prediction,0.019473,0.798000,0.327900,True,0.010309,0.804245,0.344532,0.009164,0.006245,0.016631,9.52,20,-0.063962,1.056632,0.647625,0.027925,0.116063,0.452040,0.002609,0.334224,0.023995,-0.107800,-0.379680,0.435916,-0.021888,-0.080096,0.033568
1779677085079315962,2026-05-25T09:44:45.079339,prediction,0.023793,0.780000,0.331312,True,0.020957,0.788245,0.347957,0.002836,0.008245,0.016645,8.43,20,-0.062487,1.061269,0.656337,0.027925,0.119114,0.453348,0.003051,0.339894,0.023995,-0.110880,-0.362880,0.430936,-0.023552,-0.081376,0.034240
1779677085120182216,2026-05-25T09:44:45.120204,prediction,0.027451,0.770000,0.338503,True,0.021148,0.772245,0.357739,0.006303,0.002245,0.019235,9.31,20,-0.062487,1.061269,0.656337,0.027925,0.119114,0.453348,0.003051,0.339894,0.023995,-0.110880,-0.362880,0.430936,-0.023552,-0.081376,0.034240
1779677085169963364,2026-05-25T09:44:45.169982,prediction,0.028262,0.761000,0.343105,True,0.020674,0.761298,0.363774,0.007588,0.000298,0.020669,7.16,20,-0.061395,1.064589,0.665635,0.027925,0.119114,0.453348,0.003051,0.339894,0.023995,-0.110880,-0.362880,0.430936,-0.023552,-0.081376,0.034240
1779677085216755686,2026-05-25T09:44:45.216778,prediction,0.028262,0.761000,0.345897,True,0.018812,0.761844,0.365849,0.009450,0.000844,0.019952,7.07,20,-0.060462,1.067196,0.675320,0.034465,0.133952,0.477780,0.003051,0.342513,0.029665,-0.114380,-0.364560,0.439153,-0.021376,-0.085056,0.037568
1779677085254760207,2026-05-25T09:44:45.254794,prediction,0.028713,0.756000,0.345377,True,0.025025,0.750634,0.363929,0.003687,0.005366,0.018552,4.52,20,-0.060462,1.067196,0.675320,0.037523,0.137004,0.488688,0.002609,0.352991,0.035335,-0.120540,-0.381920,0.442390,-0.018816,-0.087264,0.036960
1779677085306467675,2026-05-25T09:44:45.306488,prediction,0.033252,0.737000,0.346232,True,0.034058,0.734634,0.366417,0.000806,0.002366,0.020186,5.65,20,-0.059777,1.068304,0.685162,0.037523,0.137004,0.490435,0.000000,0.356041,0.034903,-0.102480,-0.374780,0.447370,-0.022432,-0.082368,0.038976
1779677085342571154,2026-05-25T09:44:45.342599,prediction,0.032334,0.747000,0.347255,True,0.018058,0.743343,0.366365,0.014277,0.003657,0.019110,4.50,20,-0.059290,1.068648,0.695174,0.039267,0.137004,0.496108,0.002609,0.352991,0.034903,-0.118020,-0.352100,0.445295,-0.018816,-0.084160,0.036064
1779677085396628944,2026-05-25T09:44:45.396651,prediction,0.030786,0.733000,0.348659,True,0.023255,0.728837,0.365962,0.007532,0.004163,0.017302,4.33,20,-0.058824,1.068122,0.705153,0.041012,0.147039,0.505268,0.005228,0.361280,0.037523,-0.132580,-0.349580,0.439651,-0.018720,-0.089600,0.034464
1779677085438312550,2026-05-25T09:44:45.438335,prediction,0.031688,0.723000,0.350506,True,0.028672,0.712837,0.365114,0.003016,0.010163,0.014608,5.45,20,-0.058824,1.068122,0.705153,0.042756,0.150528,0.514867,0.002609,0.369127,0.037954,-0.105980,-0.374780,0.436082,-0.017216,-0.079712,0.035904
1779677085484937906,2026-05-25T09:44:45.484959,prediction,0.031688,0.723000,0.353360,True,0.026437,0.706638,0.369664,0.005250,0.016361,0.016304,5.74,20,-0.058465,1.065770,0.714866,0.041012,0.150097,0.511379,0.003051,0.355610,0.040573,-0.122360,-0.372540,0.444963,-0.019776,-0.075136,0.037792
1779677085532115171,2026-05-25T09:44:45.532141,prediction,0.033491,0.703000,0.354298,True,0.028997,0.690638,0.371089,0.004493,0.012362,0.016792,9.38,20,-0.058287,1.062420,0.724449,0.041012,0.160133,0.518792,0.003051,0.361280,0.037523,-0.127680,-0.336840,0.456666,-0.020768,-0.082368,0.037792
1779677085581810550,2026-05-25T09:44:45.581834,prediction,0.032138,0.718000,0.358597,True,0.014036,0.705104,0.373173,0.018102,0.012896,0.014577,8.65,20,-0.058287,1.062420,0.724449,0.041012,0.179766,0.544540,0.002609,0.374808,0.035335,-0.114940,-0.356160,0.446540,-0.017984,-0.089504,0.033280
1779677085623339097,2026-05-25T09:44:45.623363,prediction,0.030608,0.703000,0.360071,True,0.025054,0.689104,0.372598,0.005554,0.013896,0.012526,6.15,20,-0.058410,1.057401,0.732938,0.037523,0.181511,0.550213,0.003051,0.374808,0.035335,-0.099820,-0.380660,0.459571,-0.018368,-0.089664,0.032960
1779677085661054305,2026-05-25T09:44:45.661076,prediction,0.029280,0.718000,0.364321,True,0.019142,0.694850,0.376268,0.010138,0.023150,0.011948,5.67,20,-0.058648,1.051462,0.740976,0.034465,0.182817,0.563299,0.002609,0.379605,0.035335,-0.116760,-0.372260,0.462725,-0.022112,-0.091008,0.034016
1779677085703632766,2026-05-25T09:44:45.703675,prediction,0.025269,0.698000,0.362504,True,0.019359,0.678850,0.374278,0.005909,0.019150,0.011775,4.71,20,-0.058648,1.051462,0.740976,0.030976,0.188057,0.574206,0.002609,0.380036,0.026614,-0.106260,-0.332920,0.449113,-0.020000,-0.093056,0.031840
1779677085747521674,2026-05-25T09:44:45.747546,prediction,0.024416,0.708000,0.366291,True,0.007283,0.683271,0.378386,0.017133,0.024729,0.012096,6.45,20,-0.059034,1.044109,0.747755,0.027487,0.199400,0.582065,0.002609,0.385717,0.024426,-0.107520,-0.349300,0.459571,-0.018656,-0.090880,0.032800
1779677085795848449,2026-05-25T09:44:45.795873,prediction,0.025269,0.698000,0.365398,True,0.017340,0.671477,0.374550,0.007928,0.026523,0.009152,9.16,20,-0.059252,1.036216,0.753884,0.024429,0.202457,0.595151,0.002609,0.390513,0.018756,-0.076160,-0.360220,0.468037,-0.026496,-0.081216,0.034464
1779677085837927819,2026-05-25T09:44:45.837957,prediction,0.025269,0.698000,0.365398,True,0.019241,0.660490,0.375123,0.006028,0.037510,0.009725,7.75,20,-0.059252,1.036216,0.753884,0.019634,0.205509,0.602132,0.000000,0.393564,0.016137,-0.103460,-0.356160,0.451852,-0.024160,-0.090048,0.033184
1779677085887390997,2026-05-25T09:44:45.887414,prediction,0.025269,0.698000,0.365398,True,0.015440,0.658906,0.375143,0.009829,0.039094,0.009744,7.76,20,-0.059294,1.027468,0.758690,0.017889,0.212493,0.578139,0.003051,0.390513,0.013086,-0.090160,-0.351540,0.424711,-0.015200,-0.093344,0.031840
1779677085934504370,2026-05-25T09:44:45.934529,prediction,0.022378,0.698000,0.368293,True,0.011701,0.656228,0.379160,0.010677,0.041772,0.010866,8.68,20,-0.059278,1.018360,0.762930,0.016576,0.204202,0.529707,0.002609,0.385275,0.010467,-0.047320,-0.379680,0.408028,-0.020320,-0.094784,0.031168
1779677085977459720,2026-05-25T09:44:45.977486,prediction,0.022796,0.693000,0.367855,True,0.018188,0.648793,0.374355,0.004608,0.044207,0.006500,9.62,20,-0.059278,1.018360,0.762930,0.013087,0.195911,0.421928,0.000000,0.377427,0.010467,-0.076160,-0.379400,0.364868,-0.020000,-0.084832,0.030240
1779677086013686995,2026-05-25T09:44:46.013712,prediction,0.022796,0.693000,0.367855,True,0.019787,0.644519,0.373802,0.003009,0.048481,0.005947,6.65,20,-0.059278,1.018360,0.762930,0.009598,0.178022,0.310230,0.000000,0.347310,0.010898,-0.099120,-0.374780,0.341794,-0.022496,-0.079264,0.030624
1779677086055511589,2026-05-25T09:44:46.055537,prediction,0.019077,0.703000,0.368731,True,0.008918,0.659906,0.375890,0.010160,0.043094,0.007159,4.84,20,-0.059278,1.018360,0.762930,0.011342,0.173219,0.217291,0.000000,0.320696,0.005228,-0.087640,-0.405440,0.329261,-0.023488,-0.083552,0.029888
1779677086104486484,2026-05-25T09:44:46.104516,prediction,0.018258,0.713000,0.366737,True,0.014162,0.672739,0.370650,0.004096,0.040261,0.003913,7.41,20,-0.058591,1.003966,0.767096,0.010029,0.161439,0.135698,0.000000,0.301498,0.005670,-0.080780,-0.385840,0.301124,-0.022112,-0.078592,0.029568
1779677086144068654,2026-05-25T09:44:46.144086,prediction,0.017848,0.718000,0.367183,True,0.020536,0.672735,0.371666,0.002688,0.045265,0.004483,7.65,20,-0.057996,0.994263,0.769656,0.007853,0.148784,0.031413,0.000000,0.298878,0.005228,-0.082740,-0.374780,0.283860,-0.031680,-0.078816,0.029440
1779677086207361897,2026-05-25T09:44:46.207383,prediction,0.019077,0.703000,0.365845,True,0.022952,0.661738,0.368413,0.003875,0.041262,0.002569,5.86,20,-0.057324,0.984491,0.772008,0.006540,0.151841,0.000000,0.000000,0.323315,0.003051,-0.076440,-0.408520,0.311914,-0.041312,-0.080480,0.030624
1779677086249560116,2026-05-25T09:44:46.249593,prediction,0.019077,0.703000,0.362958,True,0.012193,0.669414,0.363550,0.006885,0.033586,0.000592,4.43,20,-0.057324,0.984491,0.772008,0.004796,0.158388,0.000000,0.000000,0.334224,0.005228,-0.083300,-0.421260,0.286267,-0.049600,-0.091168,0.030112
1779677086294403916,2026-05-25T09:44:46.294428,prediction,0.016195,0.703000,0.362958,True,0.008848,0.680084,0.364860,0.007347,0.022916,0.001902,6.66,20,-0.056590,0.974753,0.773803,0.004796,0.158388,0.000000,0.000000,0.334224,0.005228,-0.083300,-0.421260,0.286267,-0.049600,-0.091168,0.030112
1779677086336210692,2026-05-25T09:44:46.336235,prediction,0.015392,0.713000,0.363866,True,0.013293,0.689736,0.364721,0.002099,0.023264,0.000855,4.78,20,-0.055643,0.964909,0.775304,0.004796,0.158388,0.000000,0.000000,0.334224,0.005228,-0.083300,-0.421260,0.286267,-0.049600,-0.091168,0.030112
1779677086387700181,2026-05-25T09:44:46.387733,prediction,0.016998,0.693000,0.364952,True,0.024468,0.673736,0.365395,0.007470,0.019264,0.000442,8.00,20,-0.055643,0.964909,0.775304,0.006540,0.161877,0.000000,0.000000,0.339894,0.003051,-0.089880,-0.389340,0.257383,-0.052160,-0.086496,0.030016
1779677086443605044,2026-05-25T09:44:46.443635,prediction,0.017801,0.683000,0.361141,True,0.014006,0.659927,0.358110,0.003795,0.023073,0.003031,7.92,20,-0.054615,0.955064,0.776027,0.004796,0.174964,0.001740,0.000000,0.336843,0.002609,-0.091140,-0.415380,0.136867,-0.087264,-0.082208,0.031520
1779677086484477198,2026-05-25T09:44:46.484498,prediction,0.012525,0.713000,0.358126,True,-0.001994,0.675927,0.353895,0.014520,0.037073,0.004231,7.61,20,-0.054615,0.955064,0.776027,0.004796,0.179766,0.001740,0.000000,0.334224,0.000000,-0.073080,-0.436100,0.148404,-0.095520,-0.088160,0.031840
1779677086521093384,2026-05-25T09:44:46.521115,prediction,0.012919,0.708000,0.349020,True,0.012296,0.691927,0.343029,0.000622,0.016073,0.005991,7.34,20,-0.054615,0.955064,0.776027,0.005233,0.181511,0.000000,0.000000,0.350371,0.000000,-0.061320,-0.440440,0.158198,-0.102688,-0.091904,0.031840
1779677086576047909,2026-05-25T09:44:46.576074,prediction,0.018668,0.708000,0.343263,True,0.025437,0.689529,0.338421,0.006770,0.018471,0.004842,8.85,20,-0.052756,0.943113,0.773374,0.003051,0.176277,0.000000,0.002609,0.363899,0.000000,-0.091980,-0.425600,0.198785,-0.103968,-0.090560,0.030848
1779677086614129203,2026-05-25T09:44:46.614152,prediction,0.021124,0.713000,0.338034,True,0.015401,0.703880,0.333899,0.005723,0.009120,0.004135,7.25,20,-0.051910,0.937260,0.771063,0.003051,0.166673,0.000000,0.005670,0.336843,0.000000,-0.079660,-0.467040,0.295397,-0.102912,-0.085824,0.029952
1779677086661671960,2026-05-25T09:44:46.661687,prediction,0.044068,0.742000,0.326985,True,0.031401,0.719880,0.317899,0.012667,0.022120,0.009086,6.95,20,-0.052795,0.942052,0.767763,0.003051,0.161439,0.000000,0.002609,0.315468,0.000000,-0.070980,-0.495320,0.322206,-0.105248,-0.085440,0.029792
1779677086707992240,2026-05-25T09:44:46.708014,prediction,0.054818,0.747000,0.321926,True,0.047401,0.735880,0.305919,0.007417,0.011120,0.016007,9.94,20,-0.052795,0.942052,0.767763,0.003051,0.161439,0.000000,0.002609,0.315468,0.000000,-0.070980,-0.495320,0.322206,-0.105248,-0.085440,0.029792
1779677086741900008,2026-05-25T09:44:46.741916,prediction,0.058924,0.761000,0.315192,True,0.060356,0.751880,0.295895,0.001432,0.009120,0.019296,7.64,20,-0.053286,0.943254,0.765986,0.003051,0.161439,0.000000,0.002609,0.315468,0.000000,-0.070980,-0.495320,0.322206,-0.105248,-0.085440,0.029792
1779677086788339308,2026-05-25T09:44:46.788368,prediction,0.066721,0.766000,0.315802,True,0.076356,0.767880,0.298237,0.009635,0.001880,0.017565,10.85,20,-0.053286,0.943254,0.765986,0.000000,0.044069,0.000000,0.000000,0.081158,0.000000,-0.061880,-0.603820,0.340964,-0.103520,-0.054112,0.024160
1779677086824530765,2026-05-25T09:44:46.824557,prediction,0.071814,0.770000,0.313514,True,0.084963,0.783880,0.287435,0.013149,0.013880,0.026078,4.59,20,-0.054758,0.945776,0.762705,0.000000,0.023122,0.000000,0.000000,0.029665,0.000000,-0.063420,-0.611520,0.296061,-0.101632,-0.047200,0.023776
1779677086867732527,2026-05-25T09:44:46.867754,prediction,0.077360,0.770000,0.316290,True,0.092186,0.797088,0.288058,0.014826,0.027088,0.028232,4.88,20,-0.057265,0.949755,0.758024,0.000000,0.004796,0.000000,0.000000,0.002609,0.000000,-0.073780,-0.584220,0.186252,-0.091456,-0.048384,0.021440
1779677086907632143,2026-05-25T09:44:46.907653,prediction,0.080132,0.770000,0.313514,True,0.095901,0.791811,0.287257,0.015768,0.021811,0.026257,4.37,20,-0.057265,0.949755,0.758024,0.000000,0.000000,0.000000,0.000000,0.000000,0.002609,-0.072100,-0.601300,0.163344,-0.086880,-0.047488,0.020832
1779677086947088403,2026-05-25T09:44:46.947107,prediction,0.088282,0.793000,0.297188,True,0.105732,0.807811,0.271257,0.017449,0.014811,0.025931,5.55,20,-0.061033,0.955307,0.752510,0.000000,0.000000,0.001740,0.000000,0.000000,0.000000,-0.061320,-0.667940,0.147740,-0.083936,-0.045024,0.020704
1779677086984561293,2026-05-25T09:44:46.984598,prediction,0.096802,0.811000,0.283366,True,0.117670,0.823811,0.255257,0.020868,0.012811,0.028110,4.76,20,-0.061033,0.955307,0.752510,0.000000,0.000000,0.001740,0.000000,0.000000,0.000000,-0.061320,-0.707000,0.145499,-0.080864,-0.042912,0.019776
1779677087020859496,2026-05-25T09:44:47.020881,prediction,0.104918,0.811000,0.277948,True,0.126037,0.828886,0.252266,0.021119,0.017886,0.025682,4.53,20,-0.065973,0.961898,0.746811,0.000000,0.000000,0.001740,0.000000,0.000000,0.000000,-0.061320,-0.707000,0.145499,-0.080864,-0.042912,0.019776
1779677087061032200,2026-05-25T09:44:47.061054,prediction,0.110726,0.789000,0.274684,True,0.133289,0.812886,0.249084,0.022563,0.023887,0.025600,4.28,20,-0.070920,0.968438,0.741186,0.000000,0.000000,0.001740,0.000000,0.000000,0.000000,-0.061320,-0.707000,0.145499,-0.080864,-0.042912,0.019776
1779677087099384493,2026-05-25T09:44:47.099412,prediction,0.112897,0.793000,0.272539,True,0.125438,0.827802,0.237848,0.012541,0.034802,0.034690,6.17,20,-0.070920,0.968438,0.741186,0.000000,0.000000,0.001740,0.000000,0.000000,0.000000,-0.061320,-0.707000,0.145499,-0.080864,-0.042912,0.019776
1779677087134951230,2026-05-25T09:44:47.134969,prediction,0.118446,0.811000,0.267111,True,0.137947,0.843802,0.223846,0.019502,0.032802,0.043265,5.07,20,-0.076164,0.975111,0.735623,0.000000,0.007853,0.000000,0.000000,0.000000,0.000000,-0.060060,-0.879060,0.229412,-0.074304,-0.045152,0.016768
1779677087178224367,2026-05-25T09:44:47.178243,prediction,0.117118,0.820000,0.265811,True,0.142146,0.858084,0.228924,0.025029,0.038084,0.036887,8.39,20,-0.076164,0.975111,0.735623,0.001307,0.034465,0.001740,0.000000,0.032284,0.002609,-0.084560,-0.967400,0.307266,-0.080032,-0.056544,0.024832
1779677087228279785,2026-05-25T09:44:47.228315,prediction,0.117118,0.820000,0.265811,True,0.145873,0.847205,0.234288,0.028755,0.027205,0.031523,8.06,20,-0.081357,0.981628,0.730317,0.003051,0.070243,0.000000,0.000000,0.067188,0.005228,-0.079660,-0.994980,0.337395,-0.079936,-0.056768,0.032960
1779677087269916693,2026-05-25T09:44:47.269942,prediction,0.116527,0.824000,0.266437,True,0.139225,0.863205,0.230742,0.022698,0.039205,0.035696,7.62,20,-0.081357,0.981628,0.730317,0.005233,0.091190,0.001740,0.000000,0.083335,0.005228,-0.077140,-0.998480,0.334822,-0.079808,-0.066560,0.032896
1779677087319035116,2026-05-25T09:44:47.319058,prediction,0.119808,0.820000,0.263117,True,0.144861,0.877916,0.222214,0.025053,0.057916,0.040903,7.96,20,-0.081357,0.981628,0.730317,0.006540,0.120859,0.001740,0.000000,0.110822,0.005228,-0.085820,-1.018640,0.333079,-0.077984,-0.066304,0.033792
1779677087356784579,2026-05-25T09:44:47.356807,prediction,0.117708,0.816000,0.265185,True,0.139488,0.872973,0.231326,0.021780,0.056973,0.033858,6.87,20,-0.089327,0.991803,0.722705,0.006540,0.139186,0.000000,0.000000,0.132208,0.007847,-0.095480,-1.019480,0.327186,-0.075872,-0.066784,0.031392
1779677087406646827,2026-05-25T09:44:47.406670,prediction,0.117118,0.820000,0.265811,True,0.136124,0.864509,0.238316,0.019007,0.044509,0.027494,7.30,20,-0.089327,0.991803,0.722705,0.008285,0.158388,0.000000,0.000000,0.147914,0.005228,-0.093520,-0.998480,0.185754,-0.059168,-0.069856,0.031680
1779677087453027452,2026-05-25T09:44:47.453050,prediction,0.117708,0.816000,0.265185,True,0.139472,0.858237,0.236262,0.021764,0.042237,0.028922,6.77,20,-0.089327,0.991803,0.722705,0.010029,0.164928,0.001740,0.000000,0.148345,0.007847,-0.086800,-0.973280,0.183679,-0.054496,-0.064576,0.031232
1779677087488328079,2026-05-25T09:44:47.488351,prediction,0.119211,0.824000,0.263749,True,0.135108,0.869970,0.232623,0.015896,0.045970,0.031126,8.12,20,-0.097012,1.002457,0.715466,0.009598,0.164928,0.001740,0.000000,0.150964,0.007847,-0.094220,-0.928060,0.143258,-0.048480,-0.064288,0.031520
1779677087524872632,2026-05-25T09:44:47.524894,prediction,0.117118,0.820000,0.263117,True,0.128487,0.860859,0.239606,0.011369,0.040859,0.023510,8.83,20,-0.097012,1.002457,0.715466,0.011780,0.164928,0.000000,0.000000,0.150964,0.008289,-0.099400,-0.914060,0.131555,-0.045920,-0.065952,0.032672
1779677087575387904,2026-05-25T09:44:47.575411,prediction,0.119808,0.820000,0.263117,True,0.128961,0.850030,0.244493,0.009153,0.030030,0.018624,7.07,20,-0.060012,1.042512,0.568758,0.011780,0.164928,0.000000,0.000000,0.150964,0.008289,-0.099400,-0.914060,0.131555,-0.045920,-0.065952,0.032672
1779677087610362512,2026-05-25T09:44:47.610392,prediction,0.119211,0.824000,0.266437,True,0.125386,0.857017,0.248339,0.006175,0.033017,0.018098,7.38,20,-0.060012,1.042512,0.568758,0.011780,0.164928,0.000000,0.000000,0.150964,0.008289,-0.099400,-0.914060,0.131555,-0.045920,-0.065952,0.032672
1779677087642643223,2026-05-25T09:44:47.642665,prediction,0.122499,0.820000,0.263117,True,0.131832,0.853400,0.239709,0.009333,0.033400,0.023407,7.18,20,-0.060012,1.042512,0.568758,0.008285,0.107772,0.000000,0.005670,0.080716,0.005228,-0.099120,-0.821800,0.137448,-0.018816,-0.053376,0.032960
1779677087678351092,2026-05-25T09:44:47.678374,prediction,0.121895,0.824000,0.263749,True,0.124574,0.852186,0.244535,0.002679,0.028186,0.019215,7.91,20,-0.060012,1.042512,0.568758,0.006540,0.088139,0.000000,0.002609,0.065010,0.005228,-0.101360,-0.786660,0.126741,-0.016640,-0.049824,0.032224
1779677087711113772,2026-05-25T09:44:47.711134,prediction,0.120538,0.833000,0.265173,True,0.123347,0.856382,0.253857,0.002809,0.023382,0.011317,4.94,20,-0.060012,1.042512,0.568758,0.006540,0.070243,0.000000,0.002609,0.051482,0.005670,-0.102480,-0.772520,0.124334,-0.015936,-0.050656,0.034304
1779677087744813507,2026-05-25T09:44:47.744837,prediction,0.128497,0.816000,0.259783,True,0.139347,0.840382,0.247792,0.010850,0.024382,0.011991,4.08,20,-0.060012,1.042512,0.568758,0.006540,0.070243,0.000000,0.002609,0.051482,0.005670,-0.102480,-0.772520,0.124334,-0.015936,-0.050656,0.034304
1779677087788461442,2026-05-25T09:44:47.788488,prediction,0.128497,0.816000,0.259783,True,0.134637,0.835575,0.245636,0.006140,0.019575,0.014147,10.88,20,-0.060012,1.042512,0.568758,0.006540,0.070243,0.000000,0.002609,0.051482,0.005670,-0.102480,-0.772520,0.124334,-0.015936,-0.050656,0.034304
1779677087822909382,2026-05-25T09:44:47.822929,prediction,0.127880,0.820000,0.257728,True,0.132940,0.842889,0.245971,0.005060,0.022889,0.011757,8.06,20,-0.060012,1.042512,0.568758,0.006540,0.070243,0.000000,0.002609,0.051482,0.005670,-0.102480,-0.772520,0.124334,-0.015936,-0.050656,0.034304
1779677087862975045,2026-05-25T09:44:47.862992,prediction,0.130571,0.820000,0.255033,True,0.142663,0.837157,0.246419,0.012092,0.017157,0.008614,4.14,20,-0.060012,1.042512,0.568758,0.006540,0.070243,0.000000,0.002609,0.051482,0.005670,-0.102480,-0.772520,0.124334,-0.015936,-0.050656,0.034304
1779677087901626970,2026-05-25T09:44:47.901649,prediction,0.135316,0.824000,0.250310,True,0.151882,0.833524,0.239827,0.016566,0.009524,0.010483,4.56,20,-0.060012,1.042512,0.568758,0.006540,0.070243,0.000000,0.002609,0.051482,0.005670,-0.102480,-0.772520,0.124334,-0.015936,-0.050656,0.034304
1779677087938977654,2026-05-25T09:44:47.939002,prediction,0.135316,0.824000,0.247622,True,0.146287,0.829342,0.238759,0.010971,0.005342,0.008864,4.08,20,-0.060012,1.042512,0.568758,0.000000,0.000000,0.000000,0.000000,0.000000,0.000000,-0.084840,-0.831600,0.360220,-0.026720,-0.046656,0.029888
1779677087978084287,2026-05-25T09:44:47.978110,prediction,0.134521,0.829000,0.248463,True,0.137547,0.837832,0.242232,0.003026,0.008832,0.006231,4.24,20,-0.060012,1.042512,0.568758,0.000000,0.000000,0.000000,0.000000,0.000000,0.000000,-0.084840,-0.828240,0.369350,-0.026720,-0.046656,0.029888
1779677088023522866,2026-05-25T09:44:48.023543,prediction,0.125877,0.833000,0.251808,True,0.128889,0.842739,0.247856,0.003013,0.009739,0.003952,5.47,20,-0.060012,1.042512,0.568758,0.000000,0.000000,0.000000,0.000000,0.000000,0.000000,-0.084840,-0.828240,0.369350,-0.026720,-0.046656,0.029888
1779677088067885657,2026-05-25T09:44:48.067909,prediction,0.115789,0.829000,0.256502,True,0.122581,0.832727,0.251403,0.006791,0.003727,0.005099,4.85,20,-0.058777,1.031251,0.598964,0.000000,0.000000,0.000000,0.000000,0.000000,0.000000,-0.084840,-0.828240,0.369350,-0.026720,-0.046656,0.029888
1779677088104814467,2026-05-25T09:44:48.104847,prediction,0.115789,0.829000,0.256502,True,0.124746,0.829862,0.247603,0.008956,0.000862,0.008899,7.28,20,-0.058777,1.031251,0.598964,0.000000,0.001744,0.000000,0.000000,0.000000,0.000000,0.000000,0.000000,0.000000,0.000000,0.000000,0.000000
1779677088147476371,2026-05-25T09:44:48.147504,prediction,0.116527,0.824000,0.255686,True,0.119536,0.829075,0.248848,0.003009,0.005075,0.006838,8.92,20,-0.058777,1.031251,0.598964,0.000000,0.000000,0.000000,0.000000,0.000000,0.000000,0.000000,0.000000,0.000000,0.000000,0.000000,0.000000
1779677088183833361,2026-05-25T09:44:48.183854,prediction,0.116527,0.824000,0.255686,True,0.110655,0.829970,0.251322,0.005872,0.005970,0.004364,6.31,20,-0.058777,1.031251,0.598964,0.000000,0.000000,0.000000,0.000000,0.000000,0.000000,0.000000,0.000000,0.000000,0.000000,0.000000,0.000000
1779677088216661743,2026-05-25T09:44:48.216681,prediction,0.116527,0.824000,0.255686,True,0.113424,0.826789,0.252426,0.003103,0.002789,0.003260,4.33,20,-0.058777,1.031251,0.598964,0.000000,0.000000,0.000000,0.000000,0.000000,0.000000,0.000000,0.000000,0.000000,0.000000,0.000000,0.000000
1779677088251740585,2026-05-25T09:44:48.251765,prediction,0.115199,0.833000,0.257154,True,0.112495,0.834798,0.254006,0.002704,0.001798,0.003148,4.62,20,-0.058777,1.031251,0.598964,0.000000,0.000000,0.000000,0.000000,0.000000,0.000000,0.000000,0.000000,0.000000,0.000000,0.000000,0.000000
1779677088292980450,2026-05-25T09:44:48.293000,prediction,0.113843,0.824000,0.261062,True,0.113334,0.824059,0.259965,0.000509,0.000059,0.001097,8.34,20,-0.058777,1.031251,0.598964,0.000000,0.000000,0.000000,0.000000,0.000000,0.000000,0.000000,0.000000,0.000000,0.000000,0.000000,0.000000
1779677088335456168,2026-05-25T09:44:48.335477,prediction,0.111736,0.820000,0.260422,True,0.104019,0.818444,0.257180,0.007717,0.001556,0.003242,7.91,20,-0.058777,1.031251,0.598964,0.000000,0.000000,0.000000,0.000000,0.000000,0.000000,0.000000,0.000000,0.000000,0.000000,0.000000,0.000000
1779677088373971328,2026-05-25T09:44:48.374002,prediction,0.111736,0.820000,0.260422,True,0.105218,0.819980,0.257511,0.006518,0.000020,0.002911,6.48,20,-0.058777,1.031251,0.598964,0.000000,0.000000,0.000000,0.000000,0.000000,0.000000,0.000000,0.000000,0.000000,0.000000,0.000000,0.000000
1779677088414009708,2026-05-25T09:44:48.414030,prediction,0.111736,0.820000,0.260422,True,0.108111,0.819526,0.259387,0.003626,0.000474,0.001035,6.98,20,-0.058777,1.031251,0.598964,0.000000,0.000000,0.000000,0.000000,0.000000,0.000000,0.000000,0.000000,0.000000,0.000000,0.000000,0.000000
1779677088452843214,2026-05-25T09:44:48.452865,prediction,0.112313,0.816000,0.259783,True,0.108909,0.812106,0.260086,0.003404,0.003894,0.000303,7.00,20,-0.058777,1.031251,0.598964,0.000000,0.000000,0.000000,0.000000,0.000000,0.000000,0.000000,0.000000,0.000000,0.000000,0.000000,0.000000
1779677088492987549,2026-05-25T09:44:48.493011,prediction,0.122023,0.858000,0.253337,True,0.113781,0.828106,0.244086,0.008243,0.029893,0.009251,6.71,20,-0.058777,1.031251,0.598964,0.000000,0.000000,0.000000,0.000000,0.000000,0.000000,0.000000,0.000000,0.000000,0.000000,0.000000,0.000000
1779677088533966468,2026-05-25T09:44:48.534018,prediction,0.122023,0.858000,0.255969,True,0.114463,0.844106,0.247584,0.007560,0.013893,0.008385,8.01,20,-0.058777,1.031251,0.598964,0.000000,0.000000,0.000000,0.000000,0.000000,0.000000,0.000000,0.000000,0.000000,0.000000,0.000000,0.000000
1779677088577255280,2026-05-25T09:44:48.577280,prediction,0.123873,0.863000,0.254177,True,0.111534,0.860106,0.238106,0.012339,0.002893,0.016072,6.94,20,-0.058776,1.031259,0.598937,0.000000,0.000000,0.000000,0.000000,0.000000,0.000000,0.000000,0.000000,0.000000,0.000000,0.000000,0.000000
1779677088612706477,2026-05-25T09:44:48.612732,prediction,0.124652,0.858000,0.253337,True,0.117508,0.871009,0.234384,0.007144,0.013009,0.018953,6.60,20,-0.058776,1.031259,0.598937,0.000000,0.000000,0.000000,0.000000,0.000000,0.000000,0.000000,0.000000,0.000000,0.000000,0.000000,0.000000
1779677088645297505,2026-05-25T09:44:48.645317,prediction,0.125863,0.867000,0.252232,True,0.114158,0.887009,0.229266,0.011705,0.020009,0.022966,6.46,20,-0.058776,1.031259,0.598937,0.000000,0.000000,0.000000,0.000000,0.000000,0.000000,0.000000,0.000000,0.000000,0.000000,0.000000,0.000000
1779677088684685352,2026-05-25T09:44:48.684718,prediction,0.126493,0.863000,0.251554,True,0.116625,0.895640,0.231375,0.009868,0.032640,0.020179,7.06,20,-0.058776,1.031259,0.598937,0.000000,0.000000,0.000000,0.000000,0.000000,0.000000,0.000000,0.000000,0.000000,0.000000,0.000000,0.000000
1779677088725583513,2026-05-25T09:44:48.725612,prediction,0.134353,0.863000,0.248930,True,0.131473,0.886591,0.230247,0.002880,0.023591,0.018683,4.70,20,-0.058776,1.031259,0.598937,0.000000,0.000000,0.000000,0.000000,0.000000,0.000000,0.000000,0.000000,0.000000,0.000000,0.000000,0.000000
1779677088758674949,2026-05-25T09:44:48.758694,prediction,0.134353,0.863000,0.248930,True,0.126791,0.890986,0.230274,0.007562,0.027987,0.018656,3.74,20,-0.058776,1.031259,0.598937,0.000000,0.000000,0.000000,0.000000,0.000000,0.000000,0.000000,0.000000,0.000000,0.000000,0.000000,0.000000
1779677088803944817,2026-05-25T09:44:48.803962,prediction,0.141084,0.854000,0.244749,True,0.142791,0.884433,0.224334,0.001707,0.030433,0.020415,4.04,20,-0.058776,1.031259,0.598937,0.000000,0.000000,0.000000,0.000000,0.000000,0.000000,0.000000,0.000000,0.000000,0.000000,0.000000,0.000000
1779677088845076481,2026-05-25T09:44:48.845094,prediction,0.141747,0.850000,0.244057,True,0.144080,0.881394,0.224889,0.002334,0.031394,0.019168,4.40,20,-0.058776,1.031259,0.598937,0.000000,0.000000,0.000000,0.000000,0.000000,0.000000,0.000000,0.000000,0.000000,0.000000,0.000000,0.000000
1779677088882080451,2026-05-25T09:44:48.882146,prediction,0.144388,0.850000,0.244057,True,0.152135,0.873720,0.228710,0.007747,0.023720,0.015347,7.06,20,-0.058776,1.031259,0.598937,0.000000,0.000000,0.000000,0.000000,0.000000,0.000000,0.000000,0.000000,0.000000,0.000000,0.000000,0.000000
1779677088915227413,2026-05-25T09:44:48.915243,prediction,0.142214,0.863000,0.246306,True,0.145441,0.888441,0.233736,0.003228,0.025441,0.012570,7.48,20,-0.058776,1.031259,0.598937,0.000000,0.000000,0.000000,0.000000,0.000000,0.000000,0.000000,0.000000,0.000000,0.000000,0.000000,0.000000
1779677088952403553,2026-05-25T09:44:48.952416,prediction,0.144388,0.850000,0.244057,True,0.157637,0.873048,0.229592,0.013249,0.023048,0.014465,6.76,20,-0.058776,1.031259,0.598937,0.000000,0.000000,0.000000,0.000000,0.000000,0.000000,0.000000,0.000000,0.000000,0.000000,0.000000,0.000000
1779677088989191757,2026-05-25T09:44:48.989213,prediction,0.142214,0.863000,0.246306,True,0.144811,0.887070,0.231153,0.002597,0.024070,0.015153,5.00,20,-0.058776,1.031259,0.598937,0.000000,0.000000,0.000000,0.000000,0.000000,0.000000,0.000000,0.000000,0.000000,0.000000,0.000000,0.000000
1779677089020946463,2026-05-25T09:44:49.020965,prediction,0.141545,0.867000,0.244381,True,0.149091,0.893771,0.232025,0.007546,0.026771,0.012355,3.90,20,-0.058776,1.031259,0.598937,0.000000,0.000000,0.000000,0.000000,0.000000,0.000000,0.000000,0.000000,0.000000,0.000000,0.000000,0.000000
1779677089062235085,2026-05-25T09:44:49.062264,prediction,0.141545,0.867000,0.244381,True,0.151789,0.888678,0.234945,0.010245,0.021678,0.009435,3.75,20,-0.058776,1.031259,0.598937,0.000000,0.000000,0.000000,0.000000,0.000000,0.000000,0.000000,0.000000,0.000000,0.000000,0.000000,0.000000
1779677089099480842,2026-05-25T09:44:49.099514,prediction,0.144158,0.867000,0.244381,True,0.153373,0.888630,0.232683,0.009214,0.021630,0.011697,4.99,20,-0.058776,1.031259,0.598937,0.000000,0.000000,0.000000,0.000000,0.000000,0.000000,0.000000,0.000000,0.000000,0.000000,0.000000,0.000000
1779677089132673646,2026-05-25T09:44:49.132720,prediction,0.142807,0.875000,0.245778,True,0.143063,0.900754,0.235642,0.000256,0.025754,0.010136,3.94,20,-0.058776,1.031259,0.598937,0.000000,0.000000,0.000000,0.000000,0.000000,0.000000,0.000000,0.000000,0.000000,0.000000,0.000000,0.000000
1779677089166634904,2026-05-25T09:44:49.166672,prediction,0.147454,0.863000,0.243682,True,0.154793,0.884754,0.234886,0.007339,0.021755,0.008796,4.57,20,-0.058776,1.031259,0.598937,0.000000,0.000000,0.000000,0.000000,0.000000,0.000000,0.000000,0.000000,0.000000,0.000000,0.000000,0.000000
1779677089199812816,2026-05-25T09:44:49.199841,prediction,0.146354,0.854000,0.244749,True,0.152748,0.869761,0.237551,0.006394,0.015761,0.007198,5.49,20,-0.058776,1.031259,0.598937,0.000000,0.000000,0.000000,0.000000,0.000000,0.000000,0.000000,0.000000,0.000000,0.000000,0.000000,0.000000
1779677089232541515,2026-05-25T09:44:49.232589,prediction,0.147454,0.863000,0.246306,True,0.149758,0.884258,0.239977,0.002304,0.021258,0.006329,4.88,20,-0.058776,1.031259,0.598937,0.000000,0.000000,0.000000,0.000000,0.000000,0.000000,0.000000,0.000000,0.000000,0.000000,0.000000,0.000000
1779677089268043434,2026-05-25T09:44:49.268068,prediction,0.147454,0.863000,0.246306,True,0.153756,0.883483,0.241134,0.006302,0.020483,0.005172,4.88,20,-0.058776,1.031259,0.598937,0.000000,0.000000,0.000000,0.000000,0.000000,0.000000,0.000000,0.000000,0.000000,0.000000,0.000000,0.000000
1779677089311648007,2026-05-25T09:44:49.311668,prediction,0.148989,0.854000,0.244749,True,0.158473,0.867483,0.238491,0.009484,0.013483,0.006258,3.68,20,-0.058776,1.031259,0.598937,0.000000,0.000000,0.000000,0.000000,0.000000,0.000000,0.000000,0.000000,0.000000,0.000000,0.000000,0.000000
1779677089345739615,2026-05-25T09:44:49.345757,prediction,0.148989,0.854000,0.242110,True,0.152011,0.861861,0.235001,0.003022,0.007862,0.007109,4.87,20,-0.058776,1.031259,0.598937,0.000000,0.000000,0.000000,0.000000,0.000000,0.000000,0.000000,0.000000,0.000000,0.000000,0.000000,0.000000
1779677089380779643,2026-05-25T09:44:49.380802,prediction,0.146090,0.871000,0.234637,True,0.139109,0.877861,0.223366,0.006980,0.006862,0.011270,5.29,20,-0.058776,1.031259,0.598937,0.000000,0.000000,0.000000,0.000000,0.000000,0.000000,0.000000,0.000000,0.000000,0.000000,0.000000,0.000000
1779677089413997526,2026-05-25T09:44:49.414018,prediction,0.147454,0.863000,0.222692,True,0.150872,0.877465,0.209901,0.003418,0.014465,0.012791,3.47,20,-0.058776,1.031259,0.598937,0.000000,0.000000,0.000000,0.000000,0.000000,0.000000,0.000000,0.000000,0.000000,0.000000,0.000000,0.000000
1779677089448336582,2026-05-25T09:44:49.448354,prediction,0.157004,0.807000,0.201312,True,0.166872,0.861465,0.193901,0.009867,0.054465,0.007411,4.13,20,-0.058776,1.031259,0.598937,0.000000,0.000000,0.000000,0.000000,0.000000,0.000000,0.000000,0.000000,0.000000,0.000000,0.000000,0.000000
1779677089484089096,2026-05-25T09:44:49.484119,prediction,0.167237,0.747000,0.181207,True,0.173404,0.845465,0.177901,0.006167,0.098465,0.003306,4.74,20,-0.058776,1.031259,0.598937,0.000000,0.000000,0.000000,0.000000,0.000000,0.000000,0.000000,0.000000,0.000000,0.000000,0.000000,0.000000
1779677089519323297,2026-05-25T09:44:49.519392,prediction,0.178151,0.683000,0.150935,True,0.176808,0.829465,0.161901,0.001343,0.146465,0.010966,4.69,20,-0.058776,1.031259,0.598937,0.000000,0.000000,0.000000,0.000000,0.000000,0.000000,0.000000,0.000000,0.000000,0.000000,0.000000,0.000000
1779677089558513726,2026-05-25T09:44:49.558545,prediction,0.169624,0.733000,0.147206,True,0.160808,0.813465,0.145901,0.008816,0.080465,0.001305,3.51,20,-0.058776,1.031259,0.598937,0.000000,0.000000,0.000000,0.000000,0.000000,0.000000,0.000000,0.000000,0.000000,0.000000,0.000000,0.000000
1779677089591034428,2026-05-25T09:44:49.591058,prediction,0.177029,0.723000,0.147886,True,0.176808,0.797465,0.141789,0.000221,0.074465,0.006097,3.78,20,-0.058776,1.031259,0.598937,0.000000,0.000000,0.000000,0.000000,0.000000,0.000000,0.000000,0.000000,0.000000,0.000000,0.000000,0.000000
1779677089624789322,2026-05-25T09:44:49.624813,prediction,0.194009,0.708000,0.141771,True,0.192808,0.781465,0.132987,0.001201,0.073465,0.008785,4.60,20,-0.058776,1.031259,0.598937,0.000000,0.000000,0.000000,0.000000,0.000000,0.000000,0.000000,0.000000,0.000000,0.000000,0.000000,0.000000
1779677089661126448,2026-05-25T09:44:49.661153,prediction,0.200038,0.737000,0.150906,True,0.187329,0.765465,0.132562,0.012708,0.028465,0.018344,3.85,20,-0.058776,1.031259,0.598937,0.000000,0.000000,0.000000,0.000000,0.000000,0.000000,0.000000,0.000000,0.000000,0.000000,0.000000,0.000000
1779677089693979802,2026-05-25T09:44:49.693999,prediction,0.206459,0.733000,0.150043,True,0.203329,0.749465,0.134108,0.003130,0.016465,0.015935,3.83,20,-0.058776,1.031259,0.598937,0.000000,0.000000,0.000000,0.000000,0.000000,0.000000,0.000000,0.000000,0.000000,0.000000,0.000000,0.000000
1779677089727579306,2026-05-25T09:44:49.727601,prediction,0.218895,0.713000,0.148599,True,0.219329,0.733465,0.135506,0.000434,0.020465,0.013093,3.66,20,-0.058776,1.031259,0.598937,0.000000,0.000000,0.000000,0.000000,0.000000,0.000000,0.000000,0.000000,0.000000,0.000000,0.000000,0.000000
1779677089765939171,2026-05-25T09:44:49.765966,prediction,0.230630,0.683000,0.142176,True,0.235329,0.717465,0.130605,0.004700,0.034465,0.011571,3.90,20,-0.058776,1.031259,0.598937,0.000000,0.000000,0.000000,0.000000,0.000000,0.000000,0.000000,0.000000,0.000000,0.000000,0.000000,0.000000
1779677089808179712,2026-05-25T09:44:49.808213,prediction,0.237781,0.662000,0.140635,True,0.240056,0.701465,0.127845,0.002274,0.039465,0.012789,4.61,20,-0.058776,1.031259,0.598937,0.000000,0.000000,0.000000,0.000000,0.000000,0.000000,0.000000,0.000000,0.000000,0.000000,0.000000,0.000000
1779677089838656722,2026-05-25T09:44:49.838677,prediction,0.246631,0.662000,0.140635,True,0.252389,0.685465,0.129237,0.005758,0.023465,0.011397,4.14,20,-0.058776,1.031259,0.598937,0.000000,0.000000,0.000000,0.000000,0.000000,0.000000,0.000000,0.000000,0.000000,0.000000,0.000000,0.000000
1779677089876672277,2026-05-25T09:44:49.876693,prediction,0.247073,0.688000,0.143247,True,0.255988,0.669648,0.135203,0.008915,0.018352,0.008043,4.38,20,-0.058776,1.031259,0.598937,0.000000,0.000000,0.000000,0.000000,0.000000,0.000000,0.000000,0.000000,0.000000,0.000000,0.000000,0.000000
1779677089914371817,2026-05-25T09:44:49.914393,prediction,0.252307,0.677000,0.137962,True,0.271988,0.653648,0.133885,0.019681,0.023352,0.004077,4.35,20,-0.058776,1.031259,0.598937,0.000000,0.000000,0.000000,0.000000,0.000000,0.000000,0.000000,0.000000,0.000000,0.000000,0.000000,0.000000
1779677089945878815,2026-05-25T09:44:49.945901,prediction,0.256537,0.698000,0.136703,True,0.265488,0.637648,0.130109,0.008950,0.060352,0.006594,4.19,20,-0.058776,1.031259,0.598937,0.000000,0.000000,0.000000,0.000000,0.000000,0.000000,0.000000,0.000000,0.000000,0.000000,0.000000,0.000000
1779677089978715241,2026-05-25T09:44:49.978733,prediction,0.255455,0.703000,0.132025,True,0.262259,0.641415,0.127790,0.006804,0.061585,0.004235,3.95,20,-0.058776,1.031259,0.598937,0.000000,0.000000,0.000000,0.000000,0.000000,0.000000,0.000000,0.000000,0.000000,0.000000,0.000000,0.000000
1779677090023161838,2026-05-25T09:44:50.023175,prediction,0.259428,0.698000,0.122229,True,0.269833,0.628514,0.117508,0.010404,0.069486,0.004720,3.74,20,-0.058776,1.031259,0.598937,0.000000,0.000000,0.000000,0.000000,0.000000,0.000000,0.000000,0.000000,0.000000,0.000000,0.000000,0.000000
1779677090067391948,2026-05-25T09:44:50.067411,prediction,0.273238,0.688000,0.105400,True,0.285833,0.612514,0.101508,0.012594,0.075486,0.003892,4.03,20,-0.058776,1.031259,0.598937,0.000000,0.000000,0.000000,0.000000,0.000000,0.000000,0.000000,0.000000,0.000000,0.000000,0.000000,0.000000
1779677090101368685,2026-05-25T09:44:50.101400,prediction,0.269216,0.693000,0.106577,True,0.278669,0.616409,0.101858,0.009453,0.076591,0.004719,3.67,20,-0.058776,1.031259,0.598937,0.000000,0.000000,0.000000,0.000000,0.000000,0.000000,0.000000,0.000000,0.000000,0.000000,0.000000,0.000000
1779677090132971624,2026-05-25T09:44:50.132989,prediction,0.260782,0.718000,0.112463,True,0.262669,0.632409,0.106146,0.001887,0.085591,0.006317,4.07,20,-0.058776,1.031259,0.598937,0.000000,0.000000,0.000000,0.000000,0.000000,0.000000,0.000000,0.000000,0.000000,0.000000,0.000000,0.000000
1779677090166492715,2026-05-25T09:44:50.166513,prediction,0.260294,0.733000,0.107482,True,0.278669,0.648409,0.095795,0.018375,0.084591,0.011687,4.00,20,-0.058776,1.031259,0.598937,0.000000,0.000000,0.000000,0.000000,0.000000,0.000000,0.000000,0.000000,0.000000,0.000000,0.000000,0.000000
1779677090201724571,2026-05-25T09:44:50.201751,prediction,0.262793,0.747000,0.102404,True,0.294669,0.664409,0.082434,0.031877,0.082591,0.019970,4.29,20,-0.058776,1.031259,0.598937,0.000000,0.000000,0.000000,0.000000,0.000000,0.000000,0.000000,0.000000,0.000000,0.000000,0.000000,0.000000
1779677090239774951,2026-05-25T09:44:50.239802,prediction,0.268413,0.747000,0.077075,True,0.297663,0.680409,0.066434,0.029250,0.066591,0.010641,4.04,20,-0.058776,1.031259,0.598937,0.000000,0.000000,0.000000,0.000000,0.000000,0.000000,0.000000,0.000000,0.000000,0.000000,0.000000,0.000000
1779677090275548417,2026-05-25T09:44:50.275570,prediction,0.260360,0.770000,0.083057,True,0.281663,0.696409,0.075288,0.021303,0.073591,0.007769,3.88,20,-0.058776,1.031259,0.598937,0.000000,0.000000,0.000000,0.000000,0.000000,0.000000,0.000000,0.000000,0.000000,0.000000,0.000000,0.000000
1779677090323489583,2026-05-25T09:44:50.323506,prediction,0.253065,0.802000,0.094104,True,0.287555,0.712409,0.077441,0.034490,0.089591,0.016663,3.66,20,-0.058776,1.031259,0.598937,0.000000,0.000000,0.000000,0.000000,0.000000,0.000000,0.000000,0.000000,0.000000,0.000000,0.000000,0.000000
1779677090358374859,2026-05-25T09:44:50.358395,prediction,0.245602,0.811000,0.069337,True,0.292321,0.728409,0.061441,0.046719,0.082591,0.007896,5.94,20,-0.058776,1.031259,0.598937,0.000000,0.000000,0.000000,0.000000,0.000000,0.000000,0.000000,0.000000,0.000000,0.000000,0.000000,0.000000
1779677090394314531,2026-05-25T09:44:50.394336,prediction,0.219562,0.793000,0.042479,True,0.278864,0.744409,0.045441,0.059302,0.048591,0.002962,4.29,20,-0.058776,1.031259,0.598937,0.000000,0.000000,0.000000,0.000000,0.000000,0.000000,0.000000,0.000000,0.000000,0.000000,0.000000,0.000000
1779677090433819153,2026-05-25T09:44:50.433841,prediction,0.223959,0.811000,0.047664,True,0.274211,0.760409,0.040577,0.050252,0.050591,0.007087,4.94,20,-0.058776,1.031259,0.598937,0.000000,0.000000,0.000000,0.000000,0.000000,0.000000,0.000000,0.000000,0.000000,0.000000,0.000000,0.000000
1779677090466240497,2026-05-25T09:44:50.466264,prediction,0.229109,0.837000,0.060485,True,0.272092,0.776409,0.056577,0.042983,0.060591,0.003908,3.76,20,-0.058776,1.031259,0.598937,0.000000,0.000000,0.000000,0.000000,0.000000,0.000000,0.000000,0.000000,0.000000,0.000000,0.000000,0.000000
1779677090502106701,2026-05-25T09:44:50.502140,prediction,0.236840,0.850000,0.069477,True,0.272346,0.792409,0.053325,0.035506,0.057590,0.016152,3.78,20,-0.058776,1.031259,0.598937,0.000000,0.000000,0.000000,0.000000,0.000000,0.000000,0.000000,0.000000,0.000000,0.000000,0.000000,0.000000
1779677090545820953,2026-05-25T09:44:50.545858,prediction,0.237738,0.846000,0.071003,True,0.263852,0.808409,0.038333,0.026114,0.037591,0.032670,9.30,20,-0.058776,1.031259,0.598937,0.000000,0.000000,0.000000,0.000000,0.000000,0.000000,0.000000,0.000000,0.000000,0.000000,0.000000,0.000000
1779677090583043379,2026-05-25T09:44:50.583069,prediction,0.235941,0.854000,0.067964,True,0.249616,0.824409,0.042866,0.013675,0.029591,0.025098,4.87,20,-0.058776,1.031259,0.598937,0.000000,0.000000,0.000000,0.000000,0.000000,0.000000,0.000000,0.000000,0.000000,0.000000,0.000000,0.000000
1779677090616665647,2026-05-25T09:44:50.616690,prediction,0.233020,0.867000,0.066410,True,0.244251,0.840409,0.058811,0.011231,0.026591,0.007599,4.45,20,-0.058776,1.031259,0.598937,0.000000,0.000000,0.000000,0.000000,0.000000,0.000000,0.000000,0.000000,0.000000,0.000000,0.000000,0.000000
1779677090651249473,2026-05-25T09:44:50.651284,prediction,0.231223,0.875000,0.055680,True,0.240906,0.856409,0.048775,0.009683,0.018591,0.006905,4.51,20,-0.058776,1.031259,0.598937,0.000000,0.000000,0.000000,0.000000,0.000000,0.000000,0.000000,0.000000,0.000000,0.000000,0.000000,0.000000
1779677090686080588,2026-05-25T09:44:50.686109,prediction,0.215620,0.875000,0.050472,True,0.224906,0.872409,0.034597,0.009286,0.002591,0.015875,4.95,20,-0.058776,1.031259,0.598937,0.000000,0.000000,0.000000,0.000000,0.000000,0.000000,-0.000280,0.000280,0.000249,0.000000,0.000448,0.001344
1779677090721472962,2026-05-25T09:44:50.721508,prediction,0.206979,0.879000,0.043871,True,0.213619,0.888409,0.025852,0.006641,0.009409,0.018019,4.91,20,-0.058776,1.031259,0.598937,0.000000,0.001744,0.001740,0.000000,0.000000,0.000000,0.001120,-0.047740,0.105078,-0.012256,-0.009856,0.004512
1779677090756008641,2026-05-25T09:44:50.756027,prediction,0.199197,0.879000,0.038676,True,0.206476,0.904409,0.025324,0.007278,0.025409,0.013352,3.79,20,-0.058776,1.031259,0.598937,0.000000,0.001744,0.001740,0.000000,0.000000,0.000000,0.001120,-0.047740,0.105078,-0.012256,-0.009856,0.004512
1779677090802259359,2026-05-25T09:44:50.802289,prediction,0.183079,0.895000,0.033289,True,0.190476,0.920409,0.016912,0.007397,0.025409,0.016376,4.79,20,-0.058776,1.031259,0.598937,0.000000,0.001744,0.001740,0.000000,0.000000,0.000000,0.001120,-0.047740,0.105078,-0.012256,-0.009856,0.004512
1779677090834416763,2026-05-25T09:44:50.834445,prediction,0.161399,0.915000,0.026850,True,0.174476,0.936409,0.006866,0.013076,0.021409,0.019984,5.40,20,-0.058776,1.031259,0.598937,0.000000,0.001744,0.001740,0.000000,0.000000,0.000000,0.001120,-0.047740,0.105078,-0.012256,-0.009856,0.004512
1779677090867856621,2026-05-25T09:44:50.867882,prediction,0.147662,0.949000,0.027830,True,0.158476,0.952409,0.010848,0.010814,0.003409,0.016981,4.43,20,-0.058776,1.031259,0.598937,0.000000,0.000000,0.001740,0.000000,0.000000,0.000000,-0.008680,-0.806820,0.263442,-0.039520,-0.022656,0.010144
1779677090901058860,2026-05-25T09:44:50.901077,prediction,0.147410,0.964000,0.027826,True,0.156833,0.968409,0.015871,0.009423,0.004409,0.011955,4.05,20,-0.058776,1.031259,0.598937,0.000000,0.000000,0.001740,0.000000,0.000000,0.000000,-0.008680,-0.806820,0.263442,-0.039520,-0.022656,0.010144
1779677090936103596,2026-05-25T09:44:50.936142,prediction,0.148924,0.942000,0.010574,True,0.149530,0.979743,0.005451,0.000605,0.037743,0.005123,4.85,20,-0.058776,1.031259,0.598937,0.000000,0.000000,0.001740,0.000000,0.000000,0.000000,-0.008680,-0.806820,0.263442,-0.039520,-0.022656,0.010144
1779677090969984201,2026-05-25T09:44:50.970008,prediction,0.146069,0.930000,-0.008556,True,0.133530,0.981304,-0.010549,0.012539,0.051304,0.001993,4.03,20,-0.058776,1.031259,0.598937,0.000000,0.000000,0.001740,0.000000,0.000000,0.000000,-0.008680,-0.806820,0.263442,-0.039520,-0.022656,0.010144
1779677091002739614,2026-05-25T09:44:51.002775,prediction,0.125987,0.930000,-0.021125,True,0.117530,0.989333,-0.026029,0.008457,0.059333,0.004904,5.20,20,-0.058776,1.031259,0.598937,0.000000,0.000000,0.000000,0.000000,0.000000,0.000000,-0.015120,-0.826420,0.301456,-0.063296,-0.027776,0.014144
1779677091042570901,2026-05-25T09:44:51.042598,prediction,0.119885,0.982000,-0.009930,True,0.111384,1.005333,-0.010029,0.008501,0.023333,0.000099,12.25,20,-0.058767,1.031257,0.598928,0.000000,0.000000,0.000000,0.000000,0.000000,0.000000,-0.013580,-0.826980,0.301622,-0.068128,-0.028960,0.014880
1779677091076223520,2026-05-25T09:44:51.076237,prediction,0.121808,0.985000,-0.025813,True,0.126083,1.021333,-0.009994,0.004275,0.036333,0.015819,6.35,20,-0.058767,1.031257,0.598928,0.000000,0.000000,0.000000,0.000000,0.000000,0.002609,-0.013580,-0.826140,0.301954,-0.072960,-0.029120,0.015936
1779677091113159652,2026-05-25T09:44:51.113181,prediction,0.121139,0.989000,-0.033993,True,0.128100,1.031409,-0.025237,0.006961,0.042409,0.008756,6.93,20,-0.058767,1.031257,0.598928,0.000000,0.000000,0.000000,0.000000,0.000000,0.000000,-0.013580,-0.822640,0.301954,-0.074976,-0.029568,0.016544
1779677091145056435,2026-05-25T09:44:51.145089,prediction,0.117566,0.996000,-0.031344,True,0.117825,1.047409,-0.027055,0.000259,0.051409,0.004289,3.99,20,-0.058767,1.031257,0.598928,0.000000,0.000000,0.000000,0.000000,0.000000,0.000000,-0.013580,-0.822640,0.301954,-0.074976,-0.029568,0.016544
1779677091176006605,2026-05-25T09:44:51.176022,prediction,0.114548,0.985000,-0.035506,True,0.124942,1.047287,-0.025651,0.010394,0.062287,0.009855,4.42,20,-0.058767,1.031257,0.598928,0.000000,0.000000,0.000000,0.000000,0.000000,0.000000,-0.013580,-0.822640,0.301954,-0.074976,-0.029568,0.016544


============================================================
EXPERIMENT METRICS
  File: experiment_GRU_20260525_094426.csv
  Total samples: 557
  Task completion time: 24.29 s
  --- Prediction Accuracy (over 557 samples) ---
  Avg Inference Time: 6.37 ms
  Mean Squared Error (MSE): 0.007236 m²
  Mean Absolute Error (MAE - 3D): 0.0615 m
      MAE X: 0.0244 m
      MAE Y: 0.0506 m
      MAE Z: 0.0169 m
  --- Trajectory Smoothness (Robot EE) ---
  Mean Jerk (3D): 36.4142 m/s³
      Jerk X: 9.7299 m/s³
      Jerk Y: 25.4589 m/s³
      Jerk Z: 18.6627 m/s³
  Max Jerk (3D): 139.4179 m/s³
  RMS Jerk (3D): 43.0624 m/s³
============================================================
