ros_timestamp_ns,wall_time,trajectory_mode,meas_x,meas_y,meas_z,is_tracked,pred_x,pred_y,pred_z,mae_x,mae_y,mae_z,inference_ms,buffer_size,robot_ee_x,robot_ee_y,robot_ee_z,j1_vel,j2_vel,j3_vel,j4_vel,j5_vel,j6_vel,j1_eff,j2_eff,j3_eff,j4_eff,j5_eff,j6_eff
1781086903475259073,2026-06-10T17:21:43.475282,ground_truth,-0.054067,-0.866000,-0.091490,True,,,,,,,,,-0.199617,0.955800,0.404570,0.000000,0.000000,0.000000,0.000000,0.000000,0.000000,nan,nan,nan,nan,nan,nan
1781086903700289021,2026-06-10T17:21:43.700335,ground_truth,-0.055424,-0.865000,-0.092806,True,,,,,,,,,-0.156324,0.559703,0.300694,0.000000,0.000000,0.000000,0.000000,0.000000,0.000000,nan,nan,nan,nan,nan,nan
1781086903748710357,2026-06-10T17:21:43.748739,ground_truth,-0.055745,-0.870000,-0.093342,True,,,,,,,,,-0.197891,0.950455,0.403239,0.000000,0.000000,0.000000,0.000000,0.000000,0.000000,nan,nan,nan,nan,nan,nan
1781086903796936325,2026-06-10T17:21:43.796969,ground_truth,-0.056843,-0.865000,-0.092806,True,,,,,,,,,-0.196122,0.946723,0.401776,0.000000,0.000000,0.000000,0.000000,0.000000,0.000000,nan,nan,nan,nan,nan,nan
1781086903862922889,2026-06-10T17:21:43.862942,ground_truth,-0.056975,-0.867000,-0.093021,True,,,,,,,,,-0.193499,0.941906,0.399384,0.000000,0.000000,0.000000,0.000000,0.000000,0.000000,nan,nan,nan,nan,nan,nan
1781086903956452284,2026-06-10T17:21:43.956475,ground_truth,-0.058263,-0.865000,-0.094227,True,,,,,,,,,-0.190772,0.937330,0.396915,0.000000,0.000000,0.000000,0.000000,0.000000,0.000000,nan,nan,nan,nan,nan,nan
1781086904024252924,2026-06-10T17:21:44.024272,ground_truth,-0.058195,-0.864000,-0.094118,True,,,,,,,,,-0.187648,0.932855,0.394209,0.000000,0.000000,0.000000,0.000000,0.000000,0.000000,nan,nan,nan,nan,nan,nan
1781086904084296944,2026-06-10T17:21:44.084326,ground_truth,-0.058263,-0.865000,-0.094227,True,,,,,,,,,-0.184246,0.928238,0.391470,0.000000,0.000000,0.000000,0.000000,0.000000,0.000000,nan,nan,nan,nan,nan,nan
1781086904147948609,2026-06-10T17:21:44.147974,ground_truth,-0.058263,-0.865000,-0.094227,True,,,,,,,,,-0.180119,0.923493,0.388401,0.000000,0.000000,0.000000,0.000000,0.000000,0.000000,nan,nan,nan,nan,nan,nan
1781086904187562369,2026-06-10T17:21:44.187595,ground_truth,-0.058128,-0.863000,-0.094009,True,,,,,,,,,-0.180119,0.923493,0.388401,0.000000,0.000000,0.000000,0.000000,0.000000,0.000000,nan,nan,nan,nan,nan,nan
1781086904237492331,2026-06-10T17:21:44.237521,ground_truth,-0.059958,-0.869000,-0.096091,True,,,,,,,,,-0.125154,0.618001,0.342827,0.000000,0.000000,0.000000,0.000000,0.000000,0.000000,nan,nan,nan,nan,nan,nan
1781086904299167464,2026-06-10T17:21:44.299197,ground_truth,-0.059544,-0.863000,-0.095427,True,,,,,,,,,-0.169709,0.912318,0.381522,0.000000,0.000000,0.000000,0.000000,0.000000,0.000000,nan,nan,nan,nan,nan,nan
1781086904357686085,2026-06-10T17:21:44.357709,ground_truth,-0.060960,-0.863000,-0.095427,True,,,,,,,,,-0.163160,0.905724,0.377504,0.000000,0.000000,0.000000,0.000000,0.000000,0.000000,nan,nan,nan,nan,nan,nan
1781086904392790461,2026-06-10T17:21:44.392812,ground_truth,-0.061030,-0.864000,-0.095538,True,,,,,,,,,-0.163160,0.905724,0.377504,0.000000,0.000000,0.000000,0.000000,0.000000,0.000000,nan,nan,nan,nan,nan,nan
1781086904453287534,2026-06-10T17:21:44.453321,ground_truth,-0.061030,-0.864000,-0.095538,True,,,,,,,,,-0.156706,0.899230,0.373724,0.000000,0.000000,0.000000,0.000000,0.000000,0.000000,nan,nan,nan,nan,nan,nan
1781086904490083226,2026-06-10T17:21:44.490109,ground_truth,-0.061172,-0.866000,-0.095759,True,,,,,,,,,-0.151588,0.894081,0.370728,0.000000,0.000000,0.000000,0.000000,0.000000,0.000000,nan,nan,nan,nan,nan,nan
1781086904550503961,2026-06-10T17:21:44.550528,ground_truth,-0.059406,-0.861000,-0.095206,True,,,,,,,,,-0.147941,0.887577,0.368680,0.000000,0.000000,0.000000,0.000000,0.000000,0.000000,nan,nan,nan,nan,nan,nan
1781086904591243907,2026-06-10T17:21:44.591273,ground_truth,-0.059682,-0.865000,-0.095648,True,,,,,,,,,-0.147941,0.887577,0.368680,0.000000,0.000000,0.000000,0.000000,0.000000,0.000000,nan,nan,nan,nan,nan,nan
1781086904647881440,2026-06-10T17:21:44.647912,ground_truth,-0.059682,-0.865000,-0.095648,True,,,,,,,,,-0.144931,0.878968,0.367044,0.000000,0.000000,0.000000,0.000000,0.000000,0.000000,nan,nan,nan,nan,nan,nan
1781086904705808489,2026-06-10T17:21:44.705839,ground_truth,-0.060960,-0.863000,-0.095427,True,,,,,,,,,-0.113326,0.634520,0.360322,0.000000,0.000000,0.000000,0.000000,0.000000,0.000000,nan,nan,nan,nan,nan,nan
1781086904767087399,2026-06-10T17:21:44.767117,ground_truth,-0.060960,-0.863000,-0.095427,True,,,,,,,,,-0.140909,0.859499,0.364919,0.000000,0.000000,0.000000,0.000000,0.000000,0.000000,nan,nan,nan,nan,nan,nan
1781086904814107693,2026-06-10T17:21:44.814139,ground_truth,-0.059544,-0.863000,-0.095427,True,,,,,,,,,-0.139799,0.849357,0.364378,0.000000,0.000000,0.000000,0.000000,0.000000,0.000000,nan,nan,nan,nan,nan,nan
1781086904860919533,2026-06-10T17:21:44.860943,ground_truth,-0.061030,-0.864000,-0.096957,True,,,,,,,,,-0.138841,0.839638,0.363959,0.000000,0.000000,0.000000,0.000000,0.000000,0.000000,nan,nan,nan,nan,nan,nan
1781086904893272292,2026-06-10T17:21:44.893302,ground_truth,-0.060818,-0.861000,-0.096621,True,,,,,,,,,-0.138841,0.839638,0.363959,0.000000,0.000000,0.000000,0.000000,0.000000,0.000000,nan,nan,nan,nan,nan,nan
1781086904929218274,2026-06-10T17:21:44.929256,ground_truth,-0.061030,-0.864000,-0.096957,True,,,,,,,,,-0.137838,0.829699,0.363511,0.000000,0.000000,0.000000,0.000000,0.000000,0.000000,nan,nan,nan,nan,nan,nan
1781086904974891992,2026-06-10T17:21:44.974911,ground_truth,-0.061172,-0.866000,-0.097182,True,,,,,,,,,-0.137838,0.829699,0.363511,0.000000,0.000000,0.000000,0.000000,0.000000,0.000000,nan,nan,nan,nan,nan,nan
1781086905011684243,2026-06-10T17:21:45.011717,ground_truth,-0.061030,-0.864000,-0.096957,True,,,,,,,,,-0.136767,0.819762,0.362991,0.000000,0.000000,0.000000,0.000000,0.000000,0.000000,nan,nan,nan,nan,nan,nan
1781086905045287519,2026-06-10T17:21:45.045309,ground_truth,-0.060818,-0.861000,-0.096621,True,,,,,,,,,-0.136767,0.819762,0.362991,0.000000,0.000000,0.000000,0.000000,0.000000,0.000000,nan,nan,nan,nan,nan,nan
1781086905077403712,2026-06-10T17:21:45.077431,ground_truth,-0.059544,-0.863000,-0.096845,True,,,,,,,,,-0.135667,0.809829,0.362435,0.000000,0.000000,0.000000,0.000000,0.000000,0.000000,nan,nan,nan,nan,nan,nan
1781086905111238493,2026-06-10T17:21:45.111274,ground_truth,-0.059751,-0.866000,-0.095759,True,,,,,,,,,-0.135667,0.809829,0.362435,0.000000,0.000000,0.000000,0.000000,0.000000,0.000000,nan,nan,nan,nan,nan,nan
1781086905147049968,2026-06-10T17:21:45.147077,ground_truth,-0.059682,-0.865000,-0.095648,True,,,,,,,,,-0.134549,0.799913,0.361859,0.000000,0.000000,0.000000,0.000000,0.000000,0.000000,nan,nan,nan,nan,nan,nan
1781086905190252721,2026-06-10T17:21:45.190271,ground_truth,-0.059682,-0.865000,-0.095648,True,,,,,,,,,-0.156295,0.559170,0.380148,0.000000,0.000000,0.000000,0.000000,0.000000,0.000000,nan,nan,nan,nan,nan,nan
1781086905241061011,2026-06-10T17:21:45.241090,ground_truth,-0.059751,-0.866000,-0.095759,True,,,,,,,,,-0.133420,0.789972,0.361273,0.000000,0.000000,0.000000,0.000000,0.000000,0.000000,nan,nan,nan,nan,nan,nan
1781086905275554474,2026-06-10T17:21:45.275579,ground_truth,-0.059613,-0.864000,-0.095538,True,,,,,,,,,-0.132283,0.780076,0.360677,0.000000,0.000000,0.000000,0.000000,0.000000,0.000000,nan,nan,nan,nan,nan,nan
1781086905308114622,2026-06-10T17:21:45.308140,ground_truth,-0.061030,-0.864000,-0.095538,True,,,,,,,,,-0.132283,0.780076,0.360677,0.000000,0.000000,0.000000,0.000000,0.000000,0.000000,nan,nan,nan,nan,nan,nan
1781086905351736012,2026-06-10T17:21:45.351786,ground_truth,-0.061242,-0.867000,-0.095869,True,,,,,,,,,-0.131140,0.770180,0.360074,0.000000,0.000000,0.000000,0.000000,0.000000,0.000000,nan,nan,nan,nan,nan,nan
1781086905387061929,2026-06-10T17:21:45.387088,ground_truth,-0.061172,-0.866000,-0.095759,True,,,,,,,,,-0.131140,0.770180,0.360074,0.000000,0.000000,0.000000,0.000000,0.000000,0.000000,nan,nan,nan,nan,nan,nan
1781086905425038527,2026-06-10T17:21:45.425067,ground_truth,-0.060818,-0.861000,-0.095206,True,,,,,,,,,-0.129992,0.760249,0.359468,0.000000,0.000000,0.000000,0.000000,0.000000,0.000000,nan,nan,nan,nan,nan,nan
1781086905477294297,2026-06-10T17:21:45.477331,ground_truth,-0.060960,-0.863000,-0.096845,True,,,,,,,,,-0.128839,0.750323,0.358856,0.000000,0.000000,0.000000,0.000000,0.000000,0.000000,nan,nan,nan,nan,nan,nan
1781086905524954966,2026-06-10T17:21:45.524986,ground_truth,-0.061383,-0.869000,-0.097518,True,,,,,,,,,-0.128839,0.750323,0.358856,0.000000,0.000000,0.000000,0.000000,0.000000,0.000000,nan,nan,nan,nan,nan,nan
1781086905558887680,2026-06-10T17:21:45.558910,ground_truth,-0.060818,-0.861000,-0.096621,True,,,,,,,,,-0.127687,0.740414,0.358245,0.000000,0.000000,0.000000,0.000000,0.000000,0.000000,nan,nan,nan,nan,nan,nan
1781086905592197222,2026-06-10T17:21:45.592220,ground_truth,-0.060818,-0.861000,-0.096621,True,,,,,,,,,-0.126537,0.730523,0.357635,0.000000,0.000000,0.000000,0.000000,0.000000,0.000000,nan,nan,nan,nan,nan,nan
1781086905641356177,2026-06-10T17:21:45.641387,ground_truth,-0.060960,-0.863000,-0.096845,True,,,,,,,,,-0.126537,0.730523,0.357635,0.000000,0.000000,0.000000,0.000000,0.000000,0.000000,nan,nan,nan,nan,nan,nan
1781086905699529938,2026-06-10T17:21:45.699560,ground_truth,-0.060960,-0.863000,-0.096845,True,,,,,,,,,-0.191009,0.473419,0.393829,0.000000,0.000000,0.000000,0.000000,0.000000,0.000000,nan,nan,nan,nan,nan,nan
1781086905735408118,2026-06-10T17:21:45.735443,ground_truth,-0.062665,-0.867000,-0.097294,True,,,,,,,,,-0.124229,0.710669,0.356411,0.000000,0.000000,0.000000,0.000000,0.000000,0.000000,nan,nan,nan,nan,nan,nan
1781086905779077783,2026-06-10T17:21:45.779110,ground_truth,-0.061030,-0.864000,-0.096957,True,,,,,,,,,-0.124229,0.710669,0.356411,0.000000,0.000000,0.000000,0.000000,0.000000,0.000000,nan,nan,nan,nan,nan,nan
1781086905834365346,2026-06-10T17:21:45.834393,ground_truth,-0.061030,-0.864000,-0.096957,True,,,,,,,,,-0.123077,0.700756,0.355799,0.000000,0.000000,0.000000,0.000000,0.000000,0.000000,nan,nan,nan,nan,nan,nan
1781086905879254877,2026-06-10T17:21:45.879283,ground_truth,-0.061030,-0.864000,-0.096957,True,,,,,,,,,-0.121927,0.690866,0.355190,0.000000,0.000000,0.000000,0.000000,0.000000,0.000000,nan,nan,nan,nan,nan,nan
1781086905918481220,2026-06-10T17:21:45.918514,ground_truth,-0.061101,-0.865000,-0.097069,True,,,,,,,,,-0.121927,0.690866,0.355190,0.000000,0.000000,0.000000,0.000000,0.000000,0.000000,nan,nan,nan,nan,nan,nan
1781086905953299807,2026-06-10T17:21:45.953334,ground_truth,-0.061030,-0.864000,-0.096957,True,,,,,,,,,-0.120766,0.680946,0.354570,0.000000,0.000000,0.000000,0.000000,0.000000,0.000000,nan,nan,nan,nan,nan,nan
1781086906001433693,2026-06-10T17:21:46.001462,ground_truth,-0.060818,-0.861000,-0.096621,True,,,,,,,,,-0.119600,0.670990,0.353948,0.000000,0.000000,0.000000,0.000000,0.000000,0.000000,nan,nan,nan,nan,nan,nan
1781086906039902369,2026-06-10T17:21:46.039937,ground_truth,-0.061030,-0.864000,-0.096957,True,,,,,,,,,-0.119600,0.670990,0.353948,0.000000,0.000000,0.000000,0.000000,0.000000,0.000000,nan,nan,nan,nan,nan,nan
1781086906089568109,2026-06-10T17:21:46.089596,ground_truth,-0.060606,-0.858000,-0.096284,True,,,,,,,,,-0.118442,0.661097,0.353331,0.000000,0.000000,0.000000,0.000000,0.000000,0.000000,nan,nan,nan,nan,nan,nan
1781086906142807402,2026-06-10T17:21:46.142835,ground_truth,-0.060818,-0.861000,-0.096621,True,,,,,,,,,-0.117283,0.651198,0.352712,0.000000,0.000000,0.000000,0.000000,0.000000,0.000000,nan,nan,nan,nan,nan,nan
1781086906191410075,2026-06-10T17:21:46.191441,ground_truth,-0.060960,-0.863000,-0.096845,True,,,,,,,,,-0.207817,0.421195,0.369273,0.000000,0.000000,0.000000,0.000000,0.000000,0.000000,nan,nan,nan,nan,nan,nan
1781086906240511295,2026-06-10T17:21:46.240553,ground_truth,-0.060748,-0.860000,-0.096508,True,,,,,,,,,-0.116122,0.641273,0.352093,0.000000,0.000000,0.000000,0.000000,0.000000,0.000000,nan,nan,nan,nan,nan,nan
1781086906275611002,2026-06-10T17:21:46.275635,ground_truth,-0.062375,-0.863000,-0.096845,True,,,,,,,,,-0.114960,0.631350,0.351473,0.000000,0.000000,0.000000,0.000000,0.000000,0.000000,nan,nan,nan,nan,nan,nan
1781086906313004203,2026-06-10T17:21:46.313036,ground_truth,-0.062448,-0.864000,-0.096957,True,,,,,,,,,-0.114960,0.631350,0.351473,0.000000,0.000000,0.000000,0.000000,0.000000,0.000000,nan,nan,nan,nan,nan,nan
1781086906347797989,2026-06-10T17:21:46.347825,ground_truth,-0.062520,-0.865000,-0.097069,True,,,,,,,,,-0.113802,0.621457,0.350855,0.000000,0.000000,0.000000,0.000000,0.000000,0.000000,nan,nan,nan,nan,nan,nan
1781086906395475140,2026-06-10T17:21:46.395497,ground_truth,-0.062592,-0.866000,-0.097182,True,,,,,,,,,-0.112640,0.611531,0.350235,0.000000,0.000000,0.000000,0.000000,0.000000,0.000000,nan,nan,nan,nan,nan,nan
1781086906429709714,2026-06-10T17:21:46.429739,ground_truth,-0.062448,-0.864000,-0.098377,True,,,,,,,,,-0.112640,0.611531,0.350235,0.000000,0.000000,0.000000,0.000000,0.000000,0.000000,nan,nan,nan,nan,nan,nan
1781086906482302708,2026-06-10T17:21:46.482357,ground_truth,-0.062448,-0.864000,-0.096957,True,,,,,,,,,-0.111481,0.601627,0.349617,0.000000,0.000000,0.000000,0.000000,0.000000,0.000000,nan,nan,nan,nan,nan,nan
1781086906516019767,2026-06-10T17:21:46.516049,ground_truth,-0.062520,-0.865000,-0.097069,True,,,,,,,,,-0.111481,0.601627,0.349617,0.000000,0.000000,0.000000,0.000000,0.000000,0.000000,nan,nan,nan,nan,nan,nan
1781086906550390272,2026-06-10T17:21:46.550417,ground_truth,-0.062375,-0.863000,-0.096845,True,,,,,,,,,-0.110321,0.591721,0.348998,0.000000,0.000000,0.000000,0.000000,0.000000,0.000000,nan,nan,nan,nan,nan,nan
1781086906583077735,2026-06-10T17:21:46.583104,ground_truth,-0.062159,-0.860000,-0.096508,True,,,,,,,,,-0.110321,0.591721,0.348998,0.000000,0.000000,0.000000,0.000000,0.000000,0.000000,nan,nan,nan,nan,nan,nan
1781086906617202685,2026-06-10T17:21:46.617233,ground_truth,-0.062448,-0.864000,-0.096957,True,,,,,,,,,-0.109162,0.581822,0.348380,0.000000,0.000000,0.000000,0.000000,0.000000,0.000000,nan,nan,nan,nan,nan,nan
1781086906658952877,2026-06-10T17:21:46.658981,ground_truth,-0.062448,-0.864000,-0.096957,True,,,,,,,,,-0.108000,0.571890,0.347760,0.000000,0.000000,0.000000,0.000000,0.000000,0.000000,nan,nan,nan,nan,nan,nan
1781086906694959855,2026-06-10T17:21:46.694989,ground_truth,-0.062159,-0.860000,-0.096508,True,,,,,,,,,-0.197771,0.437990,0.352774,0.000000,0.000000,0.000000,0.000000,0.000000,0.000000,nan,nan,nan,nan,nan,nan
1781086906731872866,2026-06-10T17:21:46.731900,ground_truth,-0.062375,-0.863000,-0.096845,True,,,,,,,,,-0.106838,0.561967,0.347140,0.000000,0.000000,0.000000,0.000000,0.000000,0.000000,nan,nan,nan,nan,nan,nan
1781086906765472457,2026-06-10T17:21:46.765495,ground_truth,-0.062448,-0.864000,-0.096957,True,,,,,,,,,-0.106838,0.561967,0.347140,0.000000,0.000000,0.000000,0.000000,0.000000,0.000000,nan,nan,nan,nan,nan,nan
1781086906800221779,2026-06-10T17:21:46.800250,ground_truth,-0.062448,-0.864000,-0.095538,True,,,,,,,,,-0.105678,0.552057,0.346521,0.000000,0.000000,0.000000,0.000000,0.000000,0.000000,nan,nan,nan,nan,nan,nan
1781086906840978212,2026-06-10T17:21:46.841008,ground_truth,-0.062520,-0.865000,-0.095648,True,,,,,,,,,-0.105678,0.552057,0.346521,0.000000,0.000000,0.000000,0.000000,0.000000,0.000000,nan,nan,nan,nan,nan,nan
1781086906872913737,2026-06-10T17:21:46.872951,ground_truth,-0.062448,-0.864000,-0.095538,True,,,,,,,,,-0.104516,0.542126,0.345901,0.000000,0.000000,0.000000,0.000000,0.000000,0.000000,nan,nan,nan,nan,nan,nan
1781086906913243605,2026-06-10T17:21:46.913280,ground_truth,-0.062375,-0.863000,-0.095427,True,,,,,,,,,-0.104516,0.542126,0.345901,0.000000,0.000000,0.000000,0.000000,0.000000,0.000000,nan,nan,nan,nan,nan,nan
1781086906947109457,2026-06-10T17:21:46.947141,ground_truth,-0.062520,-0.865000,-0.095648,True,,,,,,,,,-0.103358,0.532239,0.345283,0.000000,0.000000,0.000000,0.000000,0.000000,0.000000,nan,nan,nan,nan,nan,nan
1781086906995375593,2026-06-10T17:21:46.995410,ground_truth,-0.062375,-0.863000,-0.095427,True,,,,,,,,,-0.102197,0.522322,0.344664,0.000000,0.000000,0.000000,0.000000,0.000000,0.000000,nan,nan,nan,nan,nan,nan
1781086907030255621,2026-06-10T17:21:47.030282,ground_truth,-0.061172,-0.866000,-0.095759,True,,,,,,,,,-0.102197,0.522322,0.344664,0.000000,0.000000,0.000000,0.000000,0.000000,0.000000,nan,nan,nan,nan,nan,nan
1781086907066163684,2026-06-10T17:21:47.066194,ground_truth,-0.061242,-0.867000,-0.095869,True,,,,,,,,,-0.101032,0.512369,0.344043,0.000000,0.000000,0.000000,0.000000,0.000000,0.000000,nan,nan,nan,nan,nan,nan
1781086907127702899,2026-06-10T17:21:47.127732,ground_truth,-0.061030,-0.864000,-0.096957,True,,,,,,,,,-0.099876,0.502493,0.343426,0.000000,0.000000,0.000000,0.000000,0.000000,0.000000,nan,nan,nan,nan,nan,nan
1781086907181224148,2026-06-10T17:21:47.181256,ground_truth,-0.060818,-0.861000,-0.096621,True,,,,,,,,,-0.099876,0.502493,0.343426,0.000000,0.000000,0.000000,0.000000,0.000000,0.000000,nan,nan,nan,nan,nan,nan
1781086907234573148,2026-06-10T17:21:47.234604,ground_truth,-0.061101,-0.865000,-0.095648,True,,,,,,,,,-0.098717,0.492587,0.342807,0.000000,0.000000,0.000000,0.000000,0.000000,0.000000,nan,nan,nan,nan,nan,nan
1781086907293113134,2026-06-10T17:21:47.293142,ground_truth,-0.061242,-0.867000,-0.095869,True,,,,,,,,,-0.097548,0.482608,0.342184,0.000000,0.000000,0.000000,0.000000,0.000000,0.000000,nan,nan,nan,nan,nan,nan
1781086907326150889,2026-06-10T17:21:47.326170,ground_truth,-0.061030,-0.864000,-0.095538,True,,,,,,,,,-0.096394,0.472746,0.341568,0.000000,0.000000,0.000000,0.000000,0.000000,0.000000,nan,nan,nan,nan,nan,nan
1781086907365115895,2026-06-10T17:21:47.365151,ground_truth,-0.061101,-0.865000,-0.095648,True,,,,,,,,,-0.096394,0.472746,0.341568,0.000000,0.000000,0.000000,0.000000,0.000000,0.000000,nan,nan,nan,nan,nan,nan
1781086907398246018,2026-06-10T17:21:47.398280,ground_truth,-0.062231,-0.861000,-0.095206,True,,,,,,,,,-0.095234,0.462832,0.340949,0.000000,0.000000,0.000000,0.000000,0.000000,0.000000,nan,nan,nan,nan,nan,nan
1781086907447980634,2026-06-10T17:21:47.448009,ground_truth,-0.061383,-0.869000,-0.096091,True,,,,,,,,,-0.095234,0.462832,0.340949,0.000000,0.000000,0.000000,0.000000,0.000000,0.000000,nan,nan,nan,nan,nan,nan
1781086907481448135,2026-06-10T17:21:47.481477,ground_truth,-0.059682,-0.865000,-0.092806,True,,,,,,,,,-0.094074,0.452930,0.340331,0.000000,0.000000,0.000000,0.000000,0.000000,0.000000,nan,nan,nan,nan,nan,nan
1781086907522103158,2026-06-10T17:21:47.522136,ground_truth,-0.059751,-0.866000,-0.094336,True,,,,,,,,,-0.094074,0.452930,0.340331,0.000000,0.000000,0.000000,0.000000,0.000000,0.000000,nan,nan,nan,nan,nan,nan
1781086907554149311,2026-06-10T17:21:47.554180,ground_truth,-0.061242,-0.867000,-0.094445,True,,,,,,,,,-0.092910,0.442983,0.339709,0.000000,0.000000,0.000000,0.000000,0.000000,0.000000,nan,nan,nan,nan,nan,nan
1781086907588722054,2026-06-10T17:21:47.588747,ground_truth,-0.060818,-0.861000,-0.093791,True,,,,,,,,,-0.092910,0.442983,0.339709,0.000000,0.000000,0.000000,0.000000,0.000000,0.000000,nan,nan,nan,nan,nan,nan
1781086907634339595,2026-06-10T17:21:47.634364,ground_truth,-0.061030,-0.864000,-0.094118,True,,,,,,,,,-0.091750,0.433070,0.339090,0.000000,0.000000,0.000000,0.000000,0.000000,0.000000,nan,nan,nan,nan,nan,nan
1781086907671105442,2026-06-10T17:21:47.671132,ground_truth,-0.061030,-0.864000,-0.094118,True,,,,,,,,,-0.090594,0.423195,0.338474,0.000000,0.000000,0.000000,0.000000,0.000000,0.000000,nan,nan,nan,nan,nan,nan
1781086907710370633,2026-06-10T17:21:47.710399,ground_truth,-0.062231,-0.861000,-0.095206,True,,,,,,,,,-0.204057,0.300907,0.395633,0.000000,0.000000,0.000000,0.000000,0.000000,0.000000,nan,nan,nan,nan,nan,nan
1781086907750715463,2026-06-10T17:21:47.750748,ground_truth,-0.062086,-0.859000,-0.096396,True,,,,,,,,,-0.089434,0.413283,0.337855,0.000000,0.000000,0.000000,0.000000,0.000000,0.000000,nan,nan,nan,nan,nan,nan
1781086907787599553,2026-06-10T17:21:47.787633,ground_truth,-0.062375,-0.863000,-0.096845,True,,,,,,,,,-0.089434,0.413283,0.337855,0.000000,0.000000,0.000000,0.000000,0.000000,0.000000,nan,nan,nan,nan,nan,nan
1781086907825472627,2026-06-10T17:21:47.825498,ground_truth,-0.062520,-0.865000,-0.097069,True,,,,,,,,,-0.088270,0.403345,0.337234,0.000000,0.000000,0.000000,0.000000,0.000000,0.000000,nan,nan,nan,nan,nan,nan
1781086907857649933,2026-06-10T17:21:47.857682,ground_truth,-0.062881,-0.870000,-0.097631,True,,,,,,,,,-0.088270,0.403345,0.337234,0.000000,0.000000,0.000000,0.000000,0.000000,0.000000,nan,nan,nan,nan,nan,nan
1781086907890620507,2026-06-10T17:21:47.890647,ground_truth,-0.062448,-0.864000,-0.096957,True,,,,,,,,,-0.087109,0.393422,0.336614,0.000000,0.000000,0.000000,0.000000,0.000000,0.000000,nan,nan,nan,nan,nan,nan
1781086907923287943,2026-06-10T17:21:47.923310,ground_truth,-0.059544,-0.863000,-0.096845,True,,,,,,,,,-0.087109,0.393422,0.336614,0.000000,0.000000,0.000000,0.000000,0.000000,0.000000,nan,nan,nan,nan,nan,nan
1781086907977554913,2026-06-10T17:21:47.977585,ground_truth,-0.059751,-0.866000,-0.097182,True,,,,,,,,,-0.085942,0.383459,0.335992,0.000000,0.000000,0.000000,0.000000,0.000000,0.000000,nan,nan,nan,nan,nan,nan
1781086908020201947,2026-06-10T17:21:48.020228,ground_truth,-0.059751,-0.866000,-0.097182,True,,,,,,,,,-0.084790,0.373615,0.335377,0.000000,0.000000,0.000000,0.000000,0.000000,0.000000,nan,nan,nan,nan,nan,nan
1781086908059736261,2026-06-10T17:21:48.059759,ground_truth,-0.061101,-0.865000,-0.097069,True,,,,,,,,,-0.083627,0.363681,0.334757,0.000000,0.000000,0.000000,0.000000,0.000000,0.000000,nan,nan,nan,nan,nan,nan
1781086908096449357,2026-06-10T17:21:48.096473,ground_truth,-0.060960,-0.863000,-0.096845,True,,,,,,,,,-0.083627,0.363681,0.334757,0.000000,0.000000,0.000000,0.000000,0.000000,0.000000,nan,nan,nan,nan,nan,nan
1781086908139071300,2026-06-10T17:21:48.139101,ground_truth,-0.061101,-0.865000,-0.097069,True,,,,,,,,,-0.082469,0.353789,0.334139,0.000000,0.000000,0.000000,0.000000,0.000000,0.000000,nan,nan,nan,nan,nan,nan
1781086908184703864,2026-06-10T17:21:48.184731,ground_truth,-0.061172,-0.866000,-0.097182,True,,,,,,,,,-0.082469,0.353789,0.334139,0.000000,0.000000,0.000000,0.000000,0.000000,0.000000,nan,nan,nan,nan,nan,nan
1781086908216524174,2026-06-10T17:21:48.216565,ground_truth,-0.059682,-0.865000,-0.097069,True,,,,,,,,,-0.081310,0.343890,0.333521,0.000000,0.000000,0.000000,0.000000,0.000000,0.000000,nan,nan,nan,nan,nan,nan
1781086908255920093,2026-06-10T17:21:48.255944,ground_truth,-0.059613,-0.864000,-0.096957,True,,,,,,,,,-0.081310,0.343890,0.333521,0.000000,0.000000,0.000000,0.000000,0.000000,0.000000,nan,nan,nan,nan,nan,nan
1781086908292556782,2026-06-10T17:21:48.292581,ground_truth,-0.059682,-0.865000,-0.097069,True,,,,,,,,,-0.080147,0.333948,0.332900,0.000000,0.000000,0.000000,0.000000,0.000000,0.000000,nan,nan,nan,nan,nan,nan
1781086908325464158,2026-06-10T17:21:48.325497,ground_truth,-0.060960,-0.863000,-0.096845,True,,,,,,,,,-0.080147,0.333948,0.332900,0.000000,0.000000,0.000000,0.000000,0.000000,0.000000,nan,nan,nan,nan,nan,nan
1781086908366421323,2026-06-10T17:21:48.366444,ground_truth,-0.060960,-0.863000,-0.096845,True,,,,,,,,,-0.078988,0.324053,0.332282,0.000000,0.000000,0.000000,0.000000,0.000000,0.000000,nan,nan,nan,nan,nan,nan
1781086908419875415,2026-06-10T17:21:48.419902,ground_truth,-0.060606,-0.858000,-0.096284,True,,,,,,,,,-0.077827,0.314135,0.331663,0.000000,0.000000,0.000000,0.000000,0.000000,0.000000,nan,nan,nan,nan,nan,nan
1781086908462179342,2026-06-10T17:21:48.462206,ground_truth,-0.055552,-0.867000,-0.094445,True,,,,,,,,,-0.076659,0.304151,0.331039,0.000000,0.000000,0.000000,0.000000,0.000000,0.000000,nan,nan,nan,nan,nan,nan
1781086908516020070,2026-06-10T17:21:48.516046,ground_truth,-0.056843,-0.865000,-0.095648,True,,,,,,,,,-0.076659,0.304151,0.331039,0.000000,0.000000,0.000000,0.000000,0.000000,0.000000,nan,nan,nan,nan,nan,nan
1781086908555914112,2026-06-10T17:21:48.555944,ground_truth,-0.058195,-0.864000,-0.095538,True,,,,,,,,,-0.075508,0.294317,0.330425,0.000000,0.000000,0.000000,0.000000,0.000000,0.000000,nan,nan,nan,nan,nan,nan
1781086908597769183,2026-06-10T17:21:48.597798,ground_truth,-0.058330,-0.866000,-0.095759,True,,,,,,,,,-0.074347,0.284401,0.329806,0.000000,0.000000,0.000000,0.000000,0.000000,0.000000,nan,nan,nan,nan,nan,nan
1781086908642017650,2026-06-10T17:21:48.642048,ground_truth,-0.058330,-0.866000,-0.095759,True,,,,,,,,,-0.074347,0.284401,0.329806,0.000000,0.000000,0.000000,0.000000,0.000000,0.000000,nan,nan,nan,nan,nan,nan
1781086908686900825,2026-06-10T17:21:48.686933,ground_truth,-0.058195,-0.864000,-0.095538,True,,,,,,,,,-0.073184,0.274471,0.329186,0.000000,0.000000,0.000000,0.000000,0.000000,0.000000,nan,nan,nan,nan,nan,nan
1781086908746658917,2026-06-10T17:21:48.746686,ground_truth,-0.059820,-0.867000,-0.095869,True,,,,,,,,,-0.072027,0.264584,0.328569,0.000000,0.000000,0.000000,0.000000,0.000000,0.000000,nan,nan,nan,nan,nan,nan
1781086908806266823,2026-06-10T17:21:48.806298,ground_truth,-0.059682,-0.865000,-0.097069,True,,,,,,,,,-0.070860,0.254618,0.327946,0.000000,0.000000,0.000000,0.000000,0.000000,0.000000,nan,nan,nan,nan,nan,nan
1781086908841047318,2026-06-10T17:21:48.841083,ground_truth,-0.059682,-0.865000,-0.097069,True,,,,,,,,,-0.070860,0.254618,0.327946,0.000000,0.000000,0.000000,0.000000,0.000000,0.000000,nan,nan,nan,nan,nan,nan
1781086908874660248,2026-06-10T17:21:48.874682,ground_truth,-0.059337,-0.860000,-0.096508,True,,,,,,,,,-0.069705,0.244748,0.327330,0.000000,0.000000,0.000000,0.000000,0.000000,0.000000,nan,nan,nan,nan,nan,nan
1781086908923295384,2026-06-10T17:21:48.923344,ground_truth,-0.059544,-0.863000,-0.096845,True,,,,,,,,,-0.069705,0.244748,0.327330,0.000000,0.000000,0.000000,0.000000,0.000000,0.000000,nan,nan,nan,nan,nan,nan
1781086908983517581,2026-06-10T17:21:48.983546,ground_truth,-0.059406,-0.861000,-0.096621,True,,,,,,,,,-0.068528,0.234688,0.326702,0.000000,0.000000,0.000000,0.000000,0.000000,0.000000,nan,nan,nan,nan,nan,nan
1781086909024632636,2026-06-10T17:21:49.024657,ground_truth,-0.059682,-0.865000,-0.095648,True,,,,,,,,,-0.067386,0.224933,0.326092,0.000000,0.000000,0.000000,0.000000,0.000000,0.000000,nan,nan,nan,nan,nan,nan
1781086909069062299,2026-06-10T17:21:49.069137,ground_truth,-0.059613,-0.864000,-0.095538,True,,,,,,,,,-0.066226,0.215028,0.325474,0.000000,0.000000,0.000000,0.000000,0.000000,0.000000,nan,nan,nan,nan,nan,nan
1781086909122560421,2026-06-10T17:21:49.122586,ground_truth,-0.059613,-0.864000,-0.095538,True,,,,,,,,,-0.066226,0.215028,0.325474,0.000000,0.000000,0.000000,0.000000,0.000000,0.000000,nan,nan,nan,nan,nan,nan
1781086909165441576,2026-06-10T17:21:49.165465,ground_truth,-0.059682,-0.865000,-0.095648,True,,,,,,,,,-0.065059,0.205061,0.324851,0.000000,0.000000,0.000000,0.000000,0.000000,0.000000,nan,nan,nan,nan,nan,nan
1781086909220008092,2026-06-10T17:21:49.220038,ground_truth,-0.059682,-0.865000,-0.095648,True,,,,,,,,,-0.063902,0.195176,0.324234,0.000000,0.000000,0.000000,0.000000,0.000000,0.000000,nan,nan,nan,nan,nan,nan
1781086909280135292,2026-06-10T17:21:49.280179,ground_truth,-0.059613,-0.864000,-0.095538,True,,,,,,,,,-0.062742,0.185261,0.323615,0.000000,0.000000,0.000000,0.000000,0.000000,0.000000,nan,nan,nan,nan,nan,nan
1781086909348297479,2026-06-10T17:21:49.348344,ground_truth,-0.059613,-0.864000,-0.095538,True,,,,,,,,,-0.061506,0.174703,0.322955,0.000000,0.000000,0.000000,0.000000,0.000000,0.000000,nan,nan,nan,nan,nan,nan
1781086909391722283,2026-06-10T17:21:49.391757,ground_truth,-0.059613,-0.864000,-0.095538,True,,,,,,,,,-0.061506,0.174703,0.322955,0.000000,0.000000,0.000000,0.000000,0.000000,0.000000,nan,nan,nan,nan,nan,nan
1781086909423800197,2026-06-10T17:21:49.423819,ground_truth,-0.059544,-0.863000,-0.095427,True,,,,,,,,,-0.060422,0.165449,0.322378,0.000000,0.000000,0.000000,0.000000,0.000000,0.000000,nan,nan,nan,nan,nan,nan
1781086909458093903,2026-06-10T17:21:49.458125,ground_truth,-0.059406,-0.861000,-0.096621,True,,,,,,,,,-0.060422,0.165449,0.322378,0.000000,0.000000,0.000000,0.000000,0.000000,0.000000,nan,nan,nan,nan,nan,nan
1781086909506851469,2026-06-10T17:21:49.506877,ground_truth,-0.059613,-0.864000,-0.095538,True,,,,,,,,,-0.059265,0.155556,0.321760,0.000000,0.000000,0.000000,0.000000,0.000000,0.000000,nan,nan,nan,nan,nan,nan
1781086909559431555,2026-06-10T17:21:49.559457,ground_truth,-0.059682,-0.865000,-0.095648,True,,,,,,,,,-0.058104,0.145646,0.321141,0.000000,0.000000,0.000000,0.000000,0.000000,0.000000,nan,nan,nan,nan,nan,nan
1781086909599471204,2026-06-10T17:21:49.599505,ground_truth,-0.059544,-0.863000,-0.095427,True,,,,,,,,,-0.056941,0.135709,0.320520,0.000000,0.000000,0.000000,0.000000,0.000000,0.000000,nan,nan,nan,nan,nan,nan
1781086909633493944,2026-06-10T17:21:49.633520,ground_truth,-0.059613,-0.864000,-0.095538,True,,,,,,,,,-0.056941,0.135709,0.320520,0.000000,0.000000,0.000000,0.000000,0.000000,0.000000,nan,nan,nan,nan,nan,nan
1781086909702153011,2026-06-10T17:21:49.702207,ground_truth,-0.059682,-0.865000,-0.097069,True,,,,,,,,,-0.190640,0.183950,0.398991,0.000000,0.000000,0.000000,0.000000,0.000000,0.000000,nan,nan,nan,nan,nan,nan
1781086909784535493,2026-06-10T17:21:49.784568,ground_truth,-0.059820,-0.867000,-0.097294,True,,,,,,,,,-0.054616,0.115845,0.319280,0.000000,0.000000,0.000000,0.000000,0.000000,0.000000,nan,nan,nan,nan,nan,nan
1781086909847241584,2026-06-10T17:21:49.847269,ground_truth,-0.059337,-0.860000,-0.096508,True,,,,,,,,,-0.053405,0.105500,0.318634,0.000000,0.000000,0.000000,0.000000,0.000000,0.000000,nan,nan,nan,nan,nan,nan
1781086909884609819,2026-06-10T17:21:49.884642,ground_truth,-0.059544,-0.863000,-0.096845,True,,,,,,,,,-0.052288,0.095956,0.318038,0.000000,0.000000,0.000000,0.000000,0.000000,0.000000,nan,nan,nan,nan,nan,nan
1781086909917789488,2026-06-10T17:21:49.917812,ground_truth,-0.061101,-0.865000,-0.097069,True,,,,,,,,,-0.052288,0.095956,0.318038,0.000000,0.000000,0.000000,0.000000,0.000000,0.000000,nan,nan,nan,nan,nan,nan
1781086909963960639,2026-06-10T17:21:49.963988,ground_truth,-0.061101,-0.865000,-0.095648,True,,,,,,,,,-0.051139,0.086143,0.317425,0.000000,0.000000,0.000000,0.000000,0.000000,0.000000,nan,nan,nan,nan,nan,nan
1781086910005946896,2026-06-10T17:21:50.005978,ground_truth,-0.060960,-0.863000,-0.095427,True,,,,,,,,,-0.049979,0.076232,0.316806,0.000000,0.000000,0.000000,0.000000,0.000000,0.000000,nan,nan,nan,nan,nan,nan
1781086910053633204,2026-06-10T17:21:50.053659,ground_truth,-0.061101,-0.865000,-0.095648,True,,,,,,,,,-0.049979,0.076232,0.316806,0.000000,0.000000,0.000000,0.000000,0.000000,0.000000,nan,nan,nan,nan,nan,nan
1781086910104343803,2026-06-10T17:21:50.104377,ground_truth,-0.059337,-0.860000,-0.093682,True,,,,,,,,,-0.048816,0.066296,0.316186,0.000000,0.000000,0.000000,0.000000,0.000000,0.000000,nan,nan,nan,nan,nan,nan
1781086910138471667,2026-06-10T17:21:50.138517,ground_truth,-0.059751,-0.866000,-0.095759,True,,,,,,,,,-0.047657,0.056394,0.315567,0.000000,0.000000,0.000000,0.000000,0.000000,0.000000,nan,nan,nan,nan,nan,nan
1781086910181437126,2026-06-10T17:21:50.181468,ground_truth,-0.061101,-0.865000,-0.095648,True,,,,,,,,,-0.047657,0.056394,0.315567,0.000000,0.000000,0.000000,0.000000,0.000000,0.000000,nan,nan,nan,nan,nan,nan
1781086910227031577,2026-06-10T17:21:50.227058,ground_truth,-0.060960,-0.863000,-0.095427,True,,,,,,,,,-0.046498,0.046499,0.314949,0.000000,0.000000,0.000000,0.000000,0.000000,0.000000,nan,nan,nan,nan,nan,nan
1781086910264590875,2026-06-10T17:21:50.264623,ground_truth,-0.061101,-0.865000,-0.095648,True,,,,,,,,,-0.045332,0.036535,0.314327,0.000000,0.000000,0.000000,0.000000,0.000000,0.000000,nan,nan,nan,nan,nan,nan
1781086910315232649,2026-06-10T17:21:50.315271,ground_truth,-0.061101,-0.865000,-0.095648,True,,,,,,,,,-0.045332,0.036535,0.314327,0.000000,0.000000,0.000000,0.000000,0.000000,0.000000,nan,nan,nan,nan,nan,nan
1781086910357114309,2026-06-10T17:21:50.357140,ground_truth,-0.061030,-0.864000,-0.095538,True,,,,,,,,,-0.045332,0.036535,0.314327,0.000000,0.000000,0.000000,0.000000,0.000000,0.000000,nan,nan,nan,nan,nan,nan
1781086910392926222,2026-06-10T17:21:50.392946,ground_truth,-0.061242,-0.867000,-0.095869,True,,,,,,,,,-0.043591,0.021665,0.313398,0.000000,0.000000,0.000000,0.000000,0.000000,0.000000,nan,nan,nan,nan,nan,nan
1781086910433376879,2026-06-10T17:21:50.433405,ground_truth,-0.059613,-0.864000,-0.095538,True,,,,,,,,,-0.043591,0.021665,0.313398,0.000000,0.000000,0.000000,0.000000,0.000000,0.000000,nan,nan,nan,nan,nan,nan
1781086910484926120,2026-06-10T17:21:50.484947,ground_truth,-0.060096,-0.871000,-0.094881,True,,,,,,,,,-0.042432,0.011756,0.312780,0.000000,0.000000,0.000000,0.000000,0.000000,0.000000,nan,nan,nan,nan,nan,nan
1781086910523958722,2026-06-10T17:21:50.523986,ground_truth,-0.059820,-0.867000,-0.094445,True,,,,,,,,,-0.042432,0.011756,0.312780,0.000000,0.000000,0.000000,0.000000,0.000000,0.000000,nan,nan,nan,nan,nan,nan
1781086910568416549,2026-06-10T17:21:50.568536,ground_truth,-0.059751,-0.866000,-0.095759,True,,,,,,,,,-0.041267,0.001808,0.312158,0.000000,0.000000,0.000000,0.000000,0.000000,0.000000,nan,nan,nan,nan,nan,nan
1781086910619591599,2026-06-10T17:21:50.619615,ground_truth,-0.059613,-0.864000,-0.095538,True,,,,,,,,,-0.040110,-0.008073,0.311541,0.000000,0.000000,0.000000,0.000000,0.000000,0.000000,nan,nan,nan,nan,nan,nan
1781086910653064302,2026-06-10T17:21:50.653090,ground_truth,-0.059820,-0.867000,-0.095869,True,,,,,,,,,-0.040110,-0.008073,0.311541,0.000000,0.000000,0.000000,0.000000,0.000000,0.000000,nan,nan,nan,nan,nan,nan
1781086910698745880,2026-06-10T17:21:50.698779,ground_truth,-0.059751,-0.866000,-0.095759,True,,,,,,,,,-0.187822,0.157667,0.402930,0.000000,0.000000,0.000000,0.000000,0.000000,0.000000,nan,nan,nan,nan,nan,nan
1781086910737538369,2026-06-10T17:21:50.737565,ground_truth,-0.059958,-0.869000,-0.096091,True,,,,,,,,,-0.037791,-0.027885,0.310304,0.000000,0.000000,0.000000,0.000000,0.000000,0.000000,nan,nan,nan,nan,nan,nan
1781086910777577704,2026-06-10T17:21:50.777614,ground_truth,-0.058195,-0.864000,-0.094118,True,,,,,,,,,-0.037791,-0.027885,0.310304,0.000000,0.000000,0.000000,0.000000,0.000000,0.000000,nan,nan,nan,nan,nan,nan
1781086910818141602,2026-06-10T17:21:50.818170,ground_truth,-0.056909,-0.866000,-0.092913,True,,,,,,,,,-0.036625,-0.037846,0.309682,0.000000,0.000000,0.000000,0.000000,0.000000,0.000000,nan,nan,nan,nan,nan,nan
1781086910870532654,2026-06-10T17:21:50.870561,ground_truth,-0.056778,-0.864000,-0.092699,True,,,,,,,,,-0.036625,-0.037846,0.309682,0.000000,0.000000,0.000000,0.000000,0.000000,0.000000,nan,nan,nan,nan,nan,nan
1781086910906442509,2026-06-10T17:21:50.906468,ground_truth,-0.058397,-0.867000,-0.094445,True,,,,,,,,,-0.036625,-0.037846,0.309682,0.000000,0.000000,0.000000,0.000000,0.000000,0.000000,nan,nan,nan,nan,nan,nan
1781086910945260004,2026-06-10T17:21:50.945280,ground_truth,-0.058195,-0.864000,-0.094118,True,,,,,,,,,-0.034885,-0.052716,0.308753,0.000000,0.000000,0.000000,0.000000,0.000000,0.000000,nan,nan,nan,nan,nan,nan
1781086910997848583,2026-06-10T17:21:50.997872,ground_truth,-0.058330,-0.866000,-0.094336,True,,,,,,,,,-0.033726,-0.062610,0.308135,0.000000,0.000000,0.000000,0.000000,0.000000,0.000000,nan,nan,nan,nan,nan,nan
1781086911053948206,2026-06-10T17:21:51.053978,ground_truth,-0.058263,-0.865000,-0.094227,True,,,,,,,,,-0.033726,-0.062610,0.308135,0.000000,0.000000,0.000000,0.000000,0.000000,0.000000,nan,nan,nan,nan,nan,nan
1781086911087669161,2026-06-10T17:21:51.087696,ground_truth,-0.059682,-0.865000,-0.094227,True,,,,,,,,,-0.032561,-0.072565,0.307514,0.000000,0.000000,0.000000,0.000000,0.000000,0.000000,nan,nan,nan,nan,nan,nan
1781086911135962873,2026-06-10T17:21:51.135986,ground_truth,-0.059820,-0.867000,-0.095869,True,,,,,,,,,-0.031404,-0.082446,0.306897,0.000000,0.000000,0.000000,0.000000,0.000000,0.000000,nan,nan,nan,nan,nan,nan
1781086911170367821,2026-06-10T17:21:51.170393,ground_truth,-0.058263,-0.865000,-0.095648,True,,,,,,,,,-0.031404,-0.082446,0.306897,0.000000,0.000000,0.000000,0.000000,0.000000,0.000000,nan,nan,nan,nan,nan,nan
1781086911212494587,2026-06-10T17:21:51.212536,ground_truth,-0.059613,-0.864000,-0.095538,True,,,,,,,,,-0.030242,-0.092374,0.306277,0.000000,0.000000,0.000000,0.000000,0.000000,0.000000,nan,nan,nan,nan,nan,nan
1781086911255500693,2026-06-10T17:21:51.255530,ground_truth,-0.058263,-0.865000,-0.095648,True,,,,,,,,,-0.030242,-0.092374,0.306277,0.000000,0.000000,0.000000,0.000000,0.000000,0.000000,nan,nan,nan,nan,nan,nan
1781086911293889042,2026-06-10T17:21:51.293918,ground_truth,-0.058263,-0.865000,-0.095648,True,,,,,,,,,-0.029079,-0.102311,0.305656,0.000000,0.000000,0.000000,0.000000,0.000000,0.000000,nan,nan,nan,nan,nan,nan
1781086911327524091,2026-06-10T17:21:51.327552,ground_truth,-0.058397,-0.867000,-0.095869,True,,,,,,,,,-0.027924,-0.112182,0.305040,0.000000,0.000000,0.000000,0.000000,0.000000,0.000000,nan,nan,nan,nan,nan,nan
1781086911371208422,2026-06-10T17:21:51.371235,ground_truth,-0.058263,-0.865000,-0.095648,True,,,,,,,,,-0.027924,-0.112182,0.305040,0.000000,0.000000,0.000000,0.000000,0.000000,0.000000,nan,nan,nan,nan,nan,nan
1781086911403707131,2026-06-10T17:21:51.403739,ground_truth,-0.058263,-0.865000,-0.095648,True,,,,,,,,,-0.026761,-0.122114,0.304420,0.000000,0.000000,0.000000,0.000000,0.000000,0.000000,nan,nan,nan,nan,nan,nan
1781086911445456022,2026-06-10T17:21:51.445481,ground_truth,-0.058128,-0.863000,-0.095427,True,,,,,,,,,-0.026761,-0.122114,0.304420,0.000000,0.000000,0.000000,0.000000,0.000000,0.000000,nan,nan,nan,nan,nan,nan
1781086911483126993,2026-06-10T17:21:51.483149,ground_truth,-0.058599,-0.870000,-0.096201,True,,,,,,,,,-0.025601,-0.132020,0.303801,0.000000,0.000000,0.000000,0.000000,0.000000,0.000000,nan,nan,nan,nan,nan,nan
1781086911528122414,2026-06-10T17:21:51.528146,ground_truth,-0.059613,-0.864000,-0.095538,True,,,,,,,,,-0.024442,-0.141921,0.303183,0.000000,0.000000,0.000000,0.000000,0.000000,0.000000,nan,nan,nan,nan,nan,nan
1781086911560144137,2026-06-10T17:21:51.560216,ground_truth,-0.058397,-0.867000,-0.094445,True,,,,,,,,,-0.024442,-0.141921,0.303183,0.000000,0.000000,0.000000,0.000000,0.000000,0.000000,nan,nan,nan,nan,nan,nan
1781086911597383361,2026-06-10T17:21:51.597421,ground_truth,-0.057993,-0.861000,-0.093791,True,,,,,,,,,-0.023280,-0.151852,0.302562,0.000000,0.000000,0.000000,0.000000,0.000000,0.000000,nan,nan,nan,nan,nan,nan
1781086911632940924,2026-06-10T17:21:51.632968,ground_truth,-0.058397,-0.867000,-0.095869,True,,,,,,,,,-0.023280,-0.151852,0.302562,0.000000,0.000000,0.000000,0.000000,0.000000,0.000000,nan,nan,nan,nan,nan,nan
1781086911668761578,2026-06-10T17:21:51.668799,ground_truth,-0.058532,-0.869000,-0.096091,True,,,,,,,,,-0.022116,-0.161799,0.301941,0.000000,0.000000,0.000000,0.000000,0.000000,0.000000,nan,nan,nan,nan,nan,nan
1781086911703228992,2026-06-10T17:21:51.703259,ground_truth,-0.058195,-0.864000,-0.095538,True,,,,,,,,,-0.151707,0.062372,0.415081,0.000000,0.000000,0.000000,0.000000,0.000000,0.000000,nan,nan,nan,nan,nan,nan
1781086911736373265,2026-06-10T17:21:51.736402,ground_truth,-0.058128,-0.863000,-0.095427,True,,,,,,,,,-0.020961,-0.171666,0.301325,0.000000,0.000000,0.000000,0.000000,0.000000,0.000000,nan,nan,nan,nan,nan,nan
1781086911772541728,2026-06-10T17:21:51.772573,ground_truth,-0.058195,-0.864000,-0.095538,True,,,,,,,,,-0.020961,-0.171666,0.301325,0.000000,0.000000,0.000000,0.000000,0.000000,0.000000,nan,nan,nan,nan,nan,nan
1781086911818110862,2026-06-10T17:21:51.818140,ground_truth,-0.059406,-0.861000,-0.095206,True,,,,,,,,,-0.019802,-0.181567,0.300707,0.000000,0.000000,0.000000,0.000000,0.000000,0.000000,nan,nan,nan,nan,nan,nan
1781086911873721165,2026-06-10T17:21:51.873744,ground_truth,-0.054655,-0.853000,-0.087314,True,,,,,,,,,-0.018637,-0.191518,0.300085,0.000000,0.000000,0.000000,0.000000,0.000000,0.000000,nan,nan,nan,nan,nan,nan
1781086911911689769,2026-06-10T17:21:51.911725,ground_truth,-0.061870,-0.837000,-0.085676,True,,,,,,,,,-0.018637,-0.191518,0.300085,0.000000,0.000000,0.000000,0.000000,0.000000,0.000000,nan,nan,nan,nan,nan,nan
1781086911956806670,2026-06-10T17:21:51.956830,ground_truth,-0.067041,-0.833000,-0.083898,True,,,,,,,,,-0.017479,-0.201405,0.299468,0.000000,0.000000,0.000000,0.000000,0.000000,0.000000,nan,nan,nan,nan,nan,nan
1781086911997895111,2026-06-10T17:21:51.997920,ground_truth,-0.070030,-0.820000,-0.075853,True,,,,,,,,,-0.016318,-0.211326,0.298848,0.000000,0.000000,0.000000,0.000000,0.000000,0.000000,nan,nan,nan,nan,nan,nan
1781086912057739480,2026-06-10T17:21:52.057765,ground_truth,-0.076102,-0.813000,-0.072534,True,,,,,,,,,-0.016318,-0.211326,0.298848,0.000000,0.000000,0.000000,0.000000,0.000000,0.000000,nan,nan,nan,nan,nan,nan
1781086912120643297,2026-06-10T17:21:52.120662,ground_truth,-0.084598,-0.805000,-0.067853,True,,,,,,,,,-0.015279,-0.221526,0.298361,0.000000,0.000000,0.000000,0.000000,0.000000,0.000000,nan,nan,nan,nan,nan,nan
1781086912168942948,2026-06-10T17:21:52.168975,ground_truth,-0.094687,-0.790000,-0.060099,True,,,,,,,,,-0.014533,-0.231245,0.298138,0.000000,0.000000,0.000000,0.000000,0.000000,0.000000,nan,nan,nan,nan,nan,nan
1781086912206342916,2026-06-10T17:21:52.206378,ground_truth,-0.102204,-0.788000,-0.054768,True,,,,,,,,,-0.014714,-0.241157,0.298994,0.000000,0.000000,0.000000,0.000000,0.000000,0.000000,nan,nan,nan,nan,nan,nan
1781086912247559545,2026-06-10T17:21:52.247589,ground_truth,-0.113407,-0.785000,-0.054559,True,,,,,,,,,-0.014714,-0.241157,0.298994,0.000000,0.000000,0.000000,0.000000,0.000000,0.000000,nan,nan,nan,nan,nan,nan
1781086912295682252,2026-06-10T17:21:52.295719,ground_truth,-0.113118,-0.783000,-0.045415,True,,,,,,,,,-0.015639,-0.250994,0.300879,0.000000,0.000000,0.000000,0.000000,0.000000,0.000000,nan,nan,nan,nan,nan,nan
1781086912340488079,2026-06-10T17:21:52.340514,ground_truth,-0.117199,-0.776000,-0.045009,True,,,,,,,,,-0.017713,-0.260286,0.304754,0.000000,0.000000,0.000000,0.000000,0.000000,0.000000,nan,nan,nan,nan,nan,nan
1781086912402568225,2026-06-10T17:21:52.402600,ground_truth,-0.115926,-0.776000,-0.038635,True,,,,,,,,,-0.017713,-0.260286,0.304754,0.000000,0.000000,0.000000,0.000000,0.000000,0.000000,nan,nan,nan,nan,nan,nan
1781086912460686846,2026-06-10T17:21:52.460713,ground_truth,-0.118167,-0.774000,-0.037263,True,,,,,,,,,-0.021777,-0.269864,0.313349,0.000000,0.000000,0.000000,0.000000,0.000000,0.000000,nan,nan,nan,nan,nan,nan
1781086912526235929,2026-06-10T17:21:52.526265,ground_truth,-0.119128,-0.772000,-0.037167,True,,,,,,,,,-0.021777,-0.269864,0.313349,0.000000,0.000000,0.000000,0.000000,0.000000,0.000000,nan,nan,nan,nan,nan,nan
1781086912572181476,2026-06-10T17:21:52.572203,ground_truth,-0.118511,-0.768000,-0.036975,True,,,,,,,,,-0.024737,-0.274512,0.320611,0.000000,0.000000,0.000000,0.000000,0.000000,0.000000,nan,nan,nan,nan,nan,nan
1781086912635583820,2026-06-10T17:21:52.635688,ground_truth,-0.119303,-0.765000,-0.038087,True,,,,,,,,,-0.027149,-0.276892,0.328571,0.000000,0.000000,0.000000,0.000000,0.000000,0.000000,nan,nan,nan,nan,nan,nan
1781086912679708889,2026-06-10T17:21:52.679743,ground_truth,-0.118679,-0.761000,-0.036638,True,,,,,,,,,-0.028518,-0.277220,0.334863,0.000000,0.000000,0.000000,0.000000,0.000000,0.000000,nan,nan,nan,nan,nan,nan
1781086912743639240,2026-06-10T17:21:52.743661,ground_truth,-0.120380,-0.756000,-0.038881,True,,,,,,,,,-0.029513,-0.275481,0.341546,0.000000,0.000000,0.000000,0.000000,0.000000,0.000000,nan,nan,nan,nan,nan,nan
1781086912784039399,2026-06-10T17:21:52.784073,ground_truth,-0.118667,-0.753000,-0.039964,True,,,,,,,,,-0.029513,-0.275481,0.341546,0.000000,0.000000,0.000000,0.000000,0.000000,0.000000,nan,nan,nan,nan,nan,nan
1781086912836447416,2026-06-10T17:21:52.836478,ground_truth,-0.119425,-0.750000,-0.042269,True,,,,,,,,,-0.030066,-0.271613,0.347738,0.000000,0.000000,0.000000,0.000000,0.000000,0.000000,nan,nan,nan,nan,nan,nan
1781086912894564322,2026-06-10T17:21:52.894584,ground_truth,-0.121886,-0.750000,-0.044733,True,,,,,,,,,-0.030233,-0.265231,0.353616,0.000000,0.000000,0.000000,0.000000,0.000000,0.000000,nan,nan,nan,nan,nan,nan
1781086912954225885,2026-06-10T17:21:52.954245,ground_truth,-0.121803,-0.742000,-0.049133,True,,,,,,,,,-0.029952,-0.256985,0.358516,0.000000,0.000000,0.000000,0.000000,0.000000,0.000000,nan,nan,nan,nan,nan,nan
1781086912993870014,2026-06-10T17:21:52.993891,ground_truth,-0.120982,-0.737000,-0.053645,True,,,,,,,,,-0.029514,-0.248485,0.362555,0.000000,0.000000,0.000000,0.000000,0.000000,0.000000,nan,nan,nan,nan,nan,nan
1781086913037261486,2026-06-10T17:21:53.037288,ground_truth,-0.120911,-0.744000,-0.057821,True,,,,,,,,,-0.029514,-0.248485,0.362555,0.000000,0.000000,0.000000,0.000000,0.000000,0.000000,nan,nan,nan,nan,nan,nan
1781086913082058097,2026-06-10T17:21:53.082087,ground_truth,-0.120655,-0.750000,-0.060752,True,,,,,,,,,-0.029016,-0.239195,0.366086,0.000000,0.000000,0.000000,0.000000,0.000000,0.000000,nan,nan,nan,nan,nan,nan
1781086913141685032,2026-06-10T17:21:53.141710,ground_truth,-0.117195,-0.736000,-0.059618,True,,,,,,,,,-0.028505,-0.229714,0.369259,0.000000,0.000000,0.000000,0.000000,0.000000,0.000000,nan,nan,nan,nan,nan,nan
1781086913194069666,2026-06-10T17:21:53.194095,ground_truth,-0.112671,-0.738000,-0.063418,True,,,,,,,,,-0.028006,-0.220086,0.371926,0.000000,0.000000,0.000000,0.000000,0.000000,0.000000,nan,nan,nan,nan,nan,nan
1781086913226670625,2026-06-10T17:21:53.226693,ground_truth,-0.107856,-0.730000,-0.063930,True,,,,,,,,,-0.028006,-0.220086,0.371926,0.000000,0.000000,0.000000,0.000000,0.000000,0.000000,nan,nan,nan,nan,nan,nan
1781086913288235029,2026-06-10T17:21:53.288266,ground_truth,-0.105894,-0.733000,-0.066601,True,,,,,,,,,-0.027619,-0.210207,0.373473,0.000000,0.000000,0.000000,0.000000,0.000000,0.000000,nan,nan,nan,nan,nan,nan
1781086913349093242,2026-06-10T17:21:53.349120,ground_truth,-0.101728,-0.729000,-0.066237,True,,,,,,,,,-0.027349,-0.200274,0.374572,0.000000,0.000000,0.000000,0.000000,0.000000,0.000000,nan,nan,nan,nan,nan,nan
1781086913409815128,2026-06-10T17:21:53.409838,ground_truth,-0.101380,-0.744000,-0.071267,True,,,,,,,,,-0.027241,-0.190331,0.375303,0.000000,0.000000,0.000000,0.000000,0.000000,0.000000,nan,nan,nan,nan,nan,nan
1781086913469816934,2026-06-10T17:21:53.469843,ground_truth,-0.099072,-0.745000,-0.073811,True,,,,,,,,,-0.027336,-0.180329,0.375717,0.000000,0.000000,0.000000,0.000000,0.000000,0.000000,nan,nan,nan,nan,nan,nan
1781086913529114374,2026-06-10T17:21:53.529141,ground_truth,-0.097587,-0.743000,-0.074834,True,,,,,,,,,-0.027680,-0.170319,0.375844,0.000000,0.000000,0.000000,0.000000,0.000000,0.000000,nan,nan,nan,nan,nan,nan
1781086913568715932,2026-06-10T17:21:53.568741,ground_truth,-0.095590,-0.737000,-0.074229,True,,,,,,,,,-0.027680,-0.170319,0.375844,0.000000,0.000000,0.000000,0.000000,0.000000,0.000000,nan,nan,nan,nan,nan,nan
1781086913607224890,2026-06-10T17:21:53.607252,ground_truth,-0.093424,-0.739000,-0.074431,True,,,,,,,,,-0.027680,-0.170319,0.375844,0.000000,0.000000,0.000000,0.000000,0.000000,0.000000,nan,nan,nan,nan,nan,nan
1781086913644389242,2026-06-10T17:21:53.644409,ground_truth,-0.093171,-0.737000,-0.074229,True,,,,,,,,,-0.027680,-0.170319,0.375844,0.000000,0.000000,0.000000,0.000000,0.000000,0.000000,nan,nan,nan,nan,nan,nan
1781086913685726218,2026-06-10T17:21:53.685757,ground_truth,-0.092539,-0.732000,-0.072523,True,,,,,,,,,-0.029498,-0.155447,0.375111,0.000000,0.000000,0.000000,0.000000,0.000000,0.000000,nan,nan,nan,nan,nan,nan
1781086913724745216,2026-06-10T17:21:53.724767,ground_truth,-0.092286,-0.730000,-0.072325,True,,,,,,,,,-0.115201,0.011585,0.416970,0.000000,0.000000,0.000000,0.000000,0.000000,0.000000,nan,nan,nan,nan,nan,nan
1781086913786942606,2026-06-10T17:21:53.786966,ground_truth,-0.092918,-0.735000,-0.072820,True,,,,,,,,,-0.031342,-0.145664,0.374418,0.000000,0.000000,0.000000,0.000000,0.000000,0.000000,nan,nan,nan,nan,nan,nan
1781086913850680135,2026-06-10T17:21:53.850710,ground_truth,-0.092792,-0.734000,-0.072721,True,,,,,,,,,-0.033658,-0.135331,0.373430,0.000000,0.000000,0.000000,0.000000,0.000000,0.000000,nan,nan,nan,nan,nan,nan
1781086913911567590,2026-06-10T17:21:53.911595,ground_truth,-0.092792,-0.734000,-0.071515,True,,,,,,,,,-0.036153,-0.125853,0.372476,0.000000,0.000000,0.000000,0.000000,0.000000,0.000000,nan,nan,nan,nan,nan,nan
1781086913967975616,2026-06-10T17:21:53.967996,ground_truth,-0.095021,-0.742000,-0.072295,True,,,,,,,,,-0.037277,-0.117081,0.370055,0.000000,0.000000,0.000000,0.000000,0.000000,0.000000,nan,nan,nan,nan,nan,nan
1781086914026278945,2026-06-10T17:21:54.026299,ground_truth,-0.094637,-0.739000,-0.072003,True,,,,,,,,,-0.037112,-0.108930,0.366104,0.000000,0.000000,0.000000,0.000000,0.000000,0.000000,nan,nan,nan,nan,nan,nan
1781086914081452833,2026-06-10T17:21:54.081488,ground_truth,-0.097455,-0.742000,-0.071076,True,,,,,,,,,-0.035378,-0.102164,0.361424,0.000000,0.000000,0.000000,0.000000,0.000000,0.000000,nan,nan,nan,nan,nan,nan
1781086914140484941,2026-06-10T17:21:54.140509,ground_truth,-0.104240,-0.747000,-0.072782,True,,,,,,,,,-0.035378,-0.102164,0.361424,0.000000,0.000000,0.000000,0.000000,0.000000,0.000000,nan,nan,nan,nan,nan,nan
1781086914199117181,2026-06-10T17:21:54.199147,ground_truth,-0.105466,-0.747000,-0.072782,True,,,,,,,,,-0.030371,-0.096453,0.354378,0.000000,0.000000,0.000000,0.000000,0.000000,0.000000,nan,nan,nan,nan,nan,nan
1781086914237168773,2026-06-10T17:21:54.237197,ground_truth,-0.105324,-0.746000,-0.073910,True,,,,,,,,,-0.030371,-0.096453,0.354378,0.000000,0.000000,0.000000,0.000000,0.000000,0.000000,nan,nan,nan,nan,nan,nan
1781086914269290685,2026-06-10T17:21:54.269311,ground_truth,-0.105748,-0.749000,-0.074207,True,,,,,,,,,-0.026063,-0.094614,0.350028,0.000000,0.000000,0.000000,0.000000,0.000000,0.000000,nan,nan,nan,nan,nan,nan
1781086914317987925,2026-06-10T17:21:54.318016,ground_truth,-0.105466,-0.747000,-0.074009,True,,,,,,,,,-0.026063,-0.094614,0.350028,0.000000,0.000000,0.000000,0.000000,0.000000,0.000000,nan,nan,nan,nan,nan,nan
1781086914360031014,2026-06-10T17:21:54.360057,ground_truth,-0.105466,-0.747000,-0.074009,True,,,,,,,,,-0.021259,-0.094915,0.346049,0.000000,0.000000,0.000000,0.000000,0.000000,0.000000,nan,nan,nan,nan,nan,nan
1781086914421156876,2026-06-10T17:21:54.421190,ground_truth,-0.105889,-0.750000,-0.074307,True,,,,,,,,,-0.016273,-0.097498,0.342399,0.000000,0.000000,0.000000,0.000000,0.000000,0.000000,nan,nan,nan,nan,nan,nan
1781086914459299453,2026-06-10T17:21:54.459326,ground_truth,-0.105217,-0.754000,-0.073464,True,,,,,,,,,-0.011579,-0.102080,0.339254,0.000000,0.000000,0.000000,0.000000,0.000000,0.000000,nan,nan,nan,nan,nan,nan
1781086914507763039,2026-06-10T17:21:54.507787,ground_truth,-0.104938,-0.752000,-0.072034,True,,,,,,,,,-0.011579,-0.102080,0.339254,0.000000,0.000000,0.000000,0.000000,0.000000,0.000000,nan,nan,nan,nan,nan,nan
1781086914543862214,2026-06-10T17:21:54.543886,ground_truth,-0.104256,-0.756000,-0.069933,True,,,,,,,,,-0.006997,-0.108932,0.336514,0.000000,0.000000,0.000000,0.000000,0.000000,0.000000,nan,nan,nan,nan,nan,nan
1781086914583420186,2026-06-10T17:21:54.583440,ground_truth,-0.103842,-0.753000,-0.068418,True,,,,,,,,,-0.006997,-0.108932,0.336514,0.000000,0.000000,0.000000,0.000000,0.000000,0.000000,nan,nan,nan,nan,nan,nan
1781086914623812324,2026-06-10T17:21:54.623842,ground_truth,-0.103428,-0.750000,-0.069378,True,,,,,,,,,-0.002669,-0.117681,0.334486,0.000000,0.000000,0.000000,0.000000,0.000000,0.000000,nan,nan,nan,nan,nan,nan
1781086914679377227,2026-06-10T17:21:54.679408,ground_truth,-0.103152,-0.748000,-0.071651,True,,,,,,,,,0.001592,-0.126529,0.332702,0.000000,0.000000,0.000000,0.000000,0.000000,0.000000,nan,nan,nan,nan,nan,nan
1781086914720256871,2026-06-10T17:21:54.720279,ground_truth,-0.102198,-0.750000,-0.074307,True,,,,,,,,,-0.087908,-0.028706,0.415824,0.000000,0.000000,0.000000,0.000000,0.000000,0.000000,nan,nan,nan,nan,nan,nan
1781086914761056205,2026-06-10T17:21:54.761084,ground_truth,-0.102061,-0.749000,-0.076669,True,,,,,,,,,0.006012,-0.135363,0.330964,0.000000,0.000000,0.000000,0.000000,0.000000,0.000000,nan,nan,nan,nan,nan,nan
1781086914800617485,2026-06-10T17:21:54.800637,ground_truth,-0.103015,-0.756000,-0.077385,True,,,,,,,,,0.011059,-0.145201,0.328983,0.000000,0.000000,0.000000,0.000000,0.000000,0.000000,nan,nan,nan,nan,nan,nan
1781086914836031044,2026-06-10T17:21:54.836063,ground_truth,-0.103842,-0.753000,-0.077078,True,,,,,,,,,0.011059,-0.145201,0.328983,0.000000,0.000000,0.000000,0.000000,0.000000,0.000000,nan,nan,nan,nan,nan,nan
1781086914872245073,2026-06-10T17:21:54.872274,ground_truth,-0.099737,-0.750000,-0.076771,True,,,,,,,,,0.015775,-0.152670,0.326870,0.000000,0.000000,0.000000,0.000000,0.000000,0.000000,nan,nan,nan,nan,nan,nan
1781086914911676160,2026-06-10T17:21:54.911704,ground_truth,-0.099870,-0.751000,-0.075639,True,,,,,,,,,0.015775,-0.152670,0.326870,0.000000,0.000000,0.000000,0.000000,0.000000,0.000000,nan,nan,nan,nan,nan,nan
1781086914962479624,2026-06-10T17:21:54.962516,ground_truth,-0.098638,-0.751000,-0.075639,True,,,,,,,,,0.021353,-0.160061,0.324079,0.000000,0.000000,0.000000,0.000000,0.000000,0.000000,nan,nan,nan,nan,nan,nan
1781086915006994367,2026-06-10T17:21:55.007017,ground_truth,-0.096557,-0.754000,-0.075942,True,,,,,,,,,0.027126,-0.167711,0.321190,0.000000,0.000000,0.000000,0.000000,0.000000,0.000000,nan,nan,nan,nan,nan,nan
1781086915044666078,2026-06-10T17:21:55.044691,ground_truth,-0.091366,-0.752000,-0.074505,True,,,,,,,,,0.027126,-0.167711,0.321190,0.000000,0.000000,0.000000,0.000000,0.000000,0.000000,nan,nan,nan,nan,nan,nan
1781086915106521160,2026-06-10T17:21:55.106547,ground_truth,-0.089017,-0.753000,-0.074604,True,,,,,,,,,0.032896,-0.175358,0.318303,0.000000,0.000000,0.000000,0.000000,0.000000,0.000000,nan,nan,nan,nan,nan,nan
1781086915166606696,2026-06-10T17:21:55.166638,ground_truth,-0.088364,-0.758000,-0.075099,True,,,,,,,,,0.037383,-0.181303,0.316058,0.000000,0.000000,0.000000,0.000000,0.000000,0.000000,nan,nan,nan,nan,nan,nan
1781086915227546858,2026-06-10T17:21:55.227569,ground_truth,-0.088364,-0.758000,-0.075099,True,,,,,,,,,0.040199,-0.186545,0.315111,0.000000,0.000000,0.000000,0.000000,0.000000,0.000000,nan,nan,nan,nan,nan,nan
1781086915276011713,2026-06-10T17:21:55.276039,ground_truth,-0.087006,-0.757000,-0.075000,True,,,,,,,,,0.035704,-0.184859,0.318594,0.000000,0.000000,0.000000,0.000000,0.000000,0.000000,nan,nan,nan,nan,nan,nan
1781086915331028101,2026-06-10T17:21:55.331052,ground_truth,-0.087006,-0.757000,-0.076244,True,,,,,,,,,0.033992,-0.184129,0.319807,0.000000,0.000000,0.000000,0.000000,0.000000,0.000000,nan,nan,nan,nan,nan,nan
1781086915375273392,2026-06-10T17:21:55.375301,ground_truth,-0.088131,-0.756000,-0.076143,True,,,,,,,,,0.033992,-0.184129,0.319807,0.000000,0.000000,0.000000,0.000000,0.000000,0.000000,nan,nan,nan,nan,nan,nan
1781086915433499590,2026-06-10T17:21:55.433534,ground_truth,-0.088015,-0.755000,-0.077283,True,,,,,,,,,0.030117,-0.183680,0.320611,0.000000,0.000000,0.000000,0.000000,0.000000,0.000000,nan,nan,nan,nan,nan,nan
1781086915495129083,2026-06-10T17:21:55.495159,ground_truth,-0.084298,-0.755000,-0.077283,True,,,,,,,,,0.027304,-0.184480,0.319914,0.000000,0.000000,0.000000,0.000000,0.000000,0.000000,nan,nan,nan,nan,nan,nan
1781086915557645898,2026-06-10T17:21:55.557667,ground_truth,-0.083963,-0.752000,-0.078211,True,,,,,,,,,0.026476,-0.185729,0.318324,0.000000,0.000000,0.000000,0.000000,0.000000,0.000000,nan,nan,nan,nan,nan,nan
1781086915621218905,2026-06-10T17:21:55.621244,ground_truth,-0.083852,-0.751000,-0.076873,True,,,,,,,,,0.027618,-0.187288,0.317715,0.000000,0.000000,0.000000,0.000000,0.000000,0.000000,nan,nan,nan,nan,nan,nan
1781086915686151567,2026-06-10T17:21:55.686183,ground_truth,-0.083852,-0.751000,-0.075639,True,,,,,,,,,0.027293,-0.188061,0.318589,0.000000,0.000000,0.000000,0.000000,0.000000,0.000000,nan,nan,nan,nan,nan,nan
1781086915759179128,2026-06-10T17:21:55.759207,ground_truth,-0.083628,-0.749000,-0.075438,True,,,,,,,,,0.025599,-0.187533,0.320733,0.000000,0.000000,0.000000,0.000000,0.000000,0.000000,nan,nan,nan,nan,nan,nan
1781086915822185716,2026-06-10T17:21:55.822220,ground_truth,-0.088426,-0.748000,-0.075337,True,,,,,,,,,0.022631,-0.185209,0.323143,0.000000,0.000000,0.000000,0.000000,0.000000,0.000000,nan,nan,nan,nan,nan,nan
1781086915876359338,2026-06-10T17:21:55.876391,ground_truth,-0.092600,-0.752000,-0.075740,True,,,,,,,,,0.018417,-0.181213,0.325588,0.000000,0.000000,0.000000,0.000000,0.000000,0.000000,nan,nan,nan,nan,nan,nan
1781086915915334156,2026-06-10T17:21:55.915358,ground_truth,-0.095320,-0.754000,-0.075942,True,,,,,,,,,0.018417,-0.181213,0.325588,0.000000,0.000000,0.000000,0.000000,0.000000,0.000000,nan,nan,nan,nan,nan,nan
1781086915953087780,2026-06-10T17:21:55.953108,ground_truth,-0.096173,-0.751000,-0.075639,True,,,,,,,,,0.014262,-0.177793,0.325946,0.000000,0.000000,0.000000,0.000000,0.000000,0.000000,nan,nan,nan,nan,nan,nan
1781086916014009546,2026-06-10T17:21:56.014036,ground_truth,-0.095573,-0.756000,-0.076143,True,,,,,,,,,0.015354,-0.179788,0.319332,0.000000,0.000000,0.000000,0.000000,0.000000,0.000000,nan,nan,nan,nan,nan,nan
1781086916058178552,2026-06-10T17:21:56.058206,ground_truth,-0.092460,-0.761000,-0.076647,True,,,,,,,,,0.015354,-0.179788,0.319332,0.000000,0.000000,0.000000,0.000000,0.000000,0.000000,nan,nan,nan,nan,nan,nan
1781086916129695412,2026-06-10T17:21:56.129718,ground_truth,-0.088481,-0.759000,-0.076445,True,,,,,,,,,0.018299,-0.184050,0.315178,0.000000,0.000000,0.000000,0.000000,0.000000,0.000000,nan,nan,nan,nan,nan,nan
1781086916168517875,2026-06-10T17:21:56.168545,ground_truth,-0.087925,-0.765000,-0.078306,True,,,,,,,,,0.018299,-0.184050,0.315178,0.000000,0.000000,0.000000,0.000000,0.000000,0.000000,nan,nan,nan,nan,nan,nan
1781086916230230625,2026-06-10T17:21:56.230261,ground_truth,-0.086783,-0.766000,-0.078409,True,,,,,,,,,0.021207,-0.188187,0.312049,0.000000,0.000000,0.000000,0.000000,0.000000,0.000000,nan,nan,nan,nan,nan,nan
1781086916290421930,2026-06-10T17:21:56.290452,ground_truth,-0.087010,-0.768000,-0.079875,True,,,,,,,,,0.023016,-0.190761,0.310101,0.000000,0.000000,0.000000,0.000000,0.000000,0.000000,nan,nan,nan,nan,nan,nan
1781086916359063386,2026-06-10T17:21:56.359111,ground_truth,-0.086557,-0.764000,-0.079459,True,,,,,,,,,0.020867,-0.189895,0.312239,0.000000,0.000000,0.000000,0.000000,0.000000,0.000000,nan,nan,nan,nan,nan,nan
1781086916434382875,2026-06-10T17:21:56.434410,ground_truth,-0.087237,-0.770000,-0.081348,True,,,,,,,,,0.019191,-0.189680,0.313673,0.000000,0.000000,0.000000,0.000000,0.000000,0.000000,nan,nan,nan,nan,nan,nan
1781086916487744048,2026-06-10T17:21:56.487774,ground_truth,-0.087463,-0.772000,-0.081560,True,,,,,,,,,0.016689,-0.188830,0.315612,0.000000,0.000000,0.000000,0.000000,0.000000,0.000000,nan,nan,nan,nan,nan,nan
1781086916556600849,2026-06-10T17:21:56.556630,ground_truth,-0.085973,-0.770000,-0.078818,True,,,,,,,,,0.014223,-0.187597,0.317297,0.000000,0.000000,0.000000,0.000000,0.000000,0.000000,nan,nan,nan,nan,nan,nan
1781086916606556390,2026-06-10T17:21:56.606583,ground_truth,-0.084930,-0.772000,-0.077755,True,,,,,,,,,0.011349,-0.186011,0.319262,0.000000,0.000000,0.000000,0.000000,0.000000,0.000000,nan,nan,nan,nan,nan,nan
1781086916677936156,2026-06-10T17:21:56.677974,ground_truth,-0.085370,-0.776000,-0.078157,True,,,,,,,,,0.008103,-0.184037,0.321195,0.000000,0.000000,0.000000,0.000000,0.000000,0.000000,nan,nan,nan,nan,nan,nan
1781086916752231399,2026-06-10T17:21:56.752255,ground_truth,-0.083555,-0.771000,-0.076387,True,,,,,,,,,0.004570,-0.181776,0.323305,0.000000,0.000000,0.000000,0.000000,0.000000,0.000000,nan,nan,nan,nan,nan,nan
1781086916836144406,2026-06-10T17:21:56.836172,ground_truth,-0.083447,-0.770000,-0.076288,True,,,,,,,,,0.000726,-0.177802,0.325566,0.000000,0.000000,0.000000,0.000000,0.000000,0.000000,nan,nan,nan,nan,nan,nan
1781086916904137178,2026-06-10T17:21:56.904168,ground_truth,-0.084314,-0.778000,-0.077081,True,,,,,,,,,-0.001368,-0.173706,0.326456,0.000000,0.000000,0.000000,0.000000,0.000000,0.000000,nan,nan,nan,nan,nan,nan
1781086916959765883,2026-06-10T17:21:56.959788,ground_truth,-0.084530,-0.780000,-0.077279,True,,,,,,,,,0.001272,-0.176003,0.324398,0.000000,0.000000,0.000000,0.000000,0.000000,0.000000,nan,nan,nan,nan,nan,nan
1781086917010407101,2026-06-10T17:21:57.010445,ground_truth,-0.083144,-0.779000,-0.077180,True,,,,,,,,,0.002273,-0.177890,0.323787,0.000000,0.000000,0.000000,0.000000,0.000000,0.000000,nan,nan,nan,nan,nan,nan
1781086917066625856,2026-06-10T17:21:57.066697,ground_truth,-0.083251,-0.780000,-0.077279,True,,,,,,,,,0.003915,-0.181893,0.322980,0.000000,0.000000,0.000000,0.000000,0.000000,0.000000,nan,nan,nan,nan,nan,nan
1781086917156822688,2026-06-10T17:21:57.156846,ground_truth,-0.083571,-0.783000,-0.077576,True,,,,,,,,,0.006996,-0.187371,0.321379,0.000000,0.000000,0.000000,0.000000,0.000000,0.000000,nan,nan,nan,nan,nan,nan
1781086917241867687,2026-06-10T17:21:57.241899,ground_truth,-0.085181,-0.786000,-0.079165,True,,,,,,,,,0.010121,-0.194748,0.319657,0.000000,0.000000,0.000000,0.000000,0.000000,0.000000,nan,nan,nan,nan,nan,nan
1781086917303716178,2026-06-10T17:21:57.303745,ground_truth,-0.085722,-0.791000,-0.080968,True,,,,,,,,,0.011875,-0.200765,0.318744,0.000000,0.000000,0.000000,0.000000,0.000000,0.000000,nan,nan,nan,nan,nan,nan
1781086917365231091,2026-06-10T17:21:57.365253,ground_truth,-0.085939,-0.793000,-0.081173,True,,,,,,,,,0.012225,-0.205163,0.318484,0.000000,0.000000,0.000000,0.000000,0.000000,0.000000,nan,nan,nan,nan,nan,nan
1781086917424150902,2026-06-10T17:21:57.424179,ground_truth,-0.087570,-0.796000,-0.081480,True,,,,,,,,,0.010824,-0.207917,0.319005,0.000000,0.000000,0.000000,0.000000,0.000000,0.000000,nan,nan,nan,nan,nan,nan
1781086917489980047,2026-06-10T17:21:57.490019,ground_truth,-0.088876,-0.796000,-0.081480,True,,,,,,,,,0.009100,-0.208163,0.319738,0.000000,0.000000,0.000000,0.000000,0.000000,0.000000,nan,nan,nan,nan,nan,nan
1781086917552241711,2026-06-10T17:21:57.552271,ground_truth,-0.093260,-0.800000,-0.083203,True,,,,,,,,,0.009100,-0.208163,0.319738,0.000000,0.000000,0.000000,0.000000,0.000000,0.000000,nan,nan,nan,nan,nan,nan
1781086917651033293,2026-06-10T17:21:57.651061,ground_truth,-0.094337,-0.798000,-0.084306,True,,,,,,,,,0.004888,-0.203823,0.321331,0.000000,0.000000,0.000000,0.000000,0.000000,0.000000,nan,nan,nan,nan,nan,nan
1781086917713518909,2026-06-10T17:21:57.713555,ground_truth,-0.094455,-0.799000,-0.085725,True,,,,,,,,,-0.036368,-0.084823,0.397573,0.000000,0.000000,0.000000,0.000000,0.000000,0.000000,nan,nan,nan,nan,nan,nan
1781086917807735736,2026-06-10T17:21:57.807768,ground_truth,-0.094455,-0.799000,-0.085725,True,,,,,,,,,-0.003512,-0.194447,0.325927,0.000000,0.000000,0.000000,0.000000,0.000000,0.000000,nan,nan,nan,nan,nan,nan
1781086917898029759,2026-06-10T17:21:57.898065,ground_truth,-0.094337,-0.798000,-0.085618,True,,,,,,,,,-0.007462,-0.191081,0.328442,0.000000,0.000000,0.000000,0.000000,0.000000,0.000000,nan,nan,nan,nan,nan,nan
1781086918000265108,2026-06-10T17:21:58.000298,ground_truth,-0.094455,-0.799000,-0.085725,True,,,,,,,,,-0.013000,-0.186070,0.332160,0.000000,0.000000,0.000000,0.000000,0.000000,0.000000,nan,nan,nan,nan,nan,nan
1781086918097399224,2026-06-10T17:21:58.097442,ground_truth,-0.092911,-0.797000,-0.085510,True,,,,,,,,,-0.016585,-0.182862,0.334834,0.000000,0.000000,0.000000,0.000000,0.000000,0.000000,nan,nan,nan,nan,nan,nan
1781086918178073509,2026-06-10T17:21:58.178101,ground_truth,-0.091373,-0.795000,-0.085296,True,,,,,,,,,-0.018501,-0.180444,0.337102,0.000000,0.000000,0.000000,0.000000,0.000000,0.000000,nan,nan,nan,nan,nan,nan
1781086918271763573,2026-06-10T17:21:58.271798,ground_truth,-0.091488,-0.796000,-0.086711,True,,,,,,,,,-0.018875,-0.173928,0.337680,0.000000,0.000000,0.000000,0.000000,0.000000,0.000000,nan,nan,nan,nan,nan,nan
1781086918325684643,2026-06-10T17:21:58.325720,ground_truth,-0.091603,-0.797000,-0.088129,True,,,,,,,,,-0.018875,-0.173928,0.337680,0.000000,0.000000,0.000000,0.000000,0.000000,0.000000,nan,nan,nan,nan,nan,nan
1781086918384373099,2026-06-10T17:21:58.384405,ground_truth,-0.090522,-0.799000,-0.088350,True,,,,,,,,,-0.017205,-0.172966,0.336515,0.000000,0.000000,0.000000,0.000000,0.000000,0.000000,nan,nan,nan,nan,nan,nan
1781086918453844879,2026-06-10T17:21:58.453876,ground_truth,-0.089956,-0.794000,-0.087797,True,,,,,,,,,-0.014231,-0.173504,0.334329,0.000000,0.000000,0.000000,0.000000,0.000000,0.000000,nan,nan,nan,nan,nan,nan
1781086918504200505,2026-06-10T17:21:58.504243,ground_truth,-0.089956,-0.794000,-0.090406,True,,,,,,,,,-0.010178,-0.175799,0.331337,0.000000,0.000000,0.000000,0.000000,0.000000,0.000000,nan,nan,nan,nan,nan,nan
1781086918562905538,2026-06-10T17:21:58.562938,ground_truth,-0.090182,-0.796000,-0.090634,True,,,,,,,,,-0.005632,-0.180187,0.327997,0.000000,0.000000,0.000000,0.000000,0.000000,0.000000,nan,nan,nan,nan,nan,nan
1781086918618424557,2026-06-10T17:21:58.618458,ground_truth,-0.090182,-0.796000,-0.090634,True,,,,,,,,,-0.000776,-0.186811,0.324442,0.000000,0.000000,0.000000,0.000000,0.000000,0.000000,nan,nan,nan,nan,nan,nan
1781086918675090396,2026-06-10T17:21:58.675120,ground_truth,-0.088765,-0.795000,-0.090520,True,,,,,,,,,0.004096,-0.194788,0.320882,0.000000,0.000000,0.000000,0.000000,0.000000,0.000000,nan,nan,nan,nan,nan,nan
1781086918750465124,2026-06-10T17:21:58.750499,ground_truth,-0.088765,-0.795000,-0.091826,True,,,,,,,,,0.008951,-0.202737,0.317334,0.000000,0.000000,0.000000,0.000000,0.000000,0.000000,nan,nan,nan,nan,nan,nan
1781086918823534004,2026-06-10T17:21:58.823568,ground_truth,-0.088988,-0.797000,-0.092057,True,,,,,,,,,0.013847,-0.210752,0.313757,0.000000,0.000000,0.000000,0.000000,0.000000,0.000000,nan,nan,nan,nan,nan,nan
1781086918918603678,2026-06-10T17:21:58.918641,ground_truth,-0.088765,-0.795000,-0.093133,True,,,,,,,,,0.019266,-0.220526,0.309921,0.000000,0.000000,0.000000,0.000000,0.000000,0.000000,nan,nan,nan,nan,nan,nan
1781086918977494592,2026-06-10T17:21:58.977529,ground_truth,-0.088876,-0.796000,-0.093250,True,,,,,,,,,0.023491,-0.228146,0.306930,0.000000,0.000000,0.000000,0.000000,0.000000,0.000000,nan,nan,nan,nan,nan,nan
1781086919072412213,2026-06-10T17:21:59.072443,ground_truth,-0.088988,-0.797000,-0.093367,True,,,,,,,,,0.026080,-0.233908,0.305186,0.000000,0.000000,0.000000,0.000000,0.000000,0.000000,nan,nan,nan,nan,nan,nan
1781086919134143762,2026-06-10T17:21:59.134176,ground_truth,-0.088765,-0.795000,-0.093133,True,,,,,,,,,0.026080,-0.233908,0.305186,0.000000,0.000000,0.000000,0.000000,0.000000,0.000000,nan,nan,nan,nan,nan,nan
1781086919231849969,2026-06-10T17:21:59.231889,ground_truth,-0.088765,-0.795000,-0.094439,True,,,,,,,,,-0.011745,-0.098497,0.390275,0.000000,0.000000,0.000000,0.000000,0.000000,0.000000,nan,nan,nan,nan,nan,nan
1781086919331462424,2026-06-10T17:21:59.331500,ground_truth,-0.088988,-0.797000,-0.094676,True,,,,,,,,,0.019783,-0.231109,0.307362,0.000000,0.000000,0.000000,0.000000,0.000000,0.000000,nan,nan,nan,nan,nan,nan
1781086919428048706,2026-06-10T17:21:59.428074,ground_truth,-0.088876,-0.796000,-0.094558,True,,,,,,,,,0.021151,-0.230627,0.303813,0.000000,0.000000,0.000000,0.000000,0.000000,0.000000,nan,nan,nan,nan,nan,nan
1781086919489167758,2026-06-10T17:21:59.489202,ground_truth,-0.087350,-0.794000,-0.094320,True,,,,,,,,,0.022380,-0.230872,0.302874,0.000000,0.000000,0.000000,0.000000,0.000000,0.000000,nan,nan,nan,nan,nan,nan
1781086919561821891,2026-06-10T17:21:59.561855,ground_truth,-0.087460,-0.795000,-0.094439,True,,,,,,,,,0.025039,-0.231873,0.299586,0.000000,0.000000,0.000000,0.000000,0.000000,0.000000,nan,nan,nan,nan,nan,nan
1781086919633281796,2026-06-10T17:21:59.633307,ground_truth,-0.087460,-0.795000,-0.094439,True,,,,,,,,,0.027860,-0.233692,0.297482,0.000000,0.000000,0.000000,0.000000,0.000000,0.000000,nan,nan,nan,nan,nan,nan
1781086919694353069,2026-06-10T17:21:59.694375,ground_truth,-0.087570,-0.796000,-0.094558,True,,,,,,,,,-0.031821,-0.100543,0.390964,0.000000,0.000000,0.000000,0.000000,0.000000,0.000000,nan,nan,nan,nan,nan,nan
1781086919766930309,2026-06-10T17:21:59.766964,ground_truth,-0.087680,-0.797000,-0.094676,True,,,,,,,,,-0.031821,-0.100543,0.390964,0.000000,0.000000,0.000000,0.000000,0.000000,0.000000,nan,nan,nan,nan,nan,nan
1781086919820670289,2026-06-10T17:21:59.820707,ground_truth,-0.086264,-0.796000,-0.094558,True,,,,,,,,,-0.031821,-0.100543,0.390964,0.000000,0.000000,0.000000,0.000000,0.000000,0.000000,nan,nan,nan,nan,nan,nan
1781086919905498343,2026-06-10T17:21:59.905525,ground_truth,-0.086156,-0.795000,-0.094439,True,,,,,,,,,0.026529,-0.232834,0.298475,0.000000,0.000000,0.000000,0.000000,0.000000,0.000000,nan,nan,nan,nan,nan,nan
1781086919960648216,2026-06-10T17:21:59.960681,ground_truth,-0.085939,-0.793000,-0.094201,True,,,,,,,,,0.025611,-0.233328,0.296130,0.000000,0.000000,0.000000,0.000000,0.000000,0.000000,nan,nan,nan,nan,nan,nan
1781086920007249248,2026-06-10T17:22:00.007278,ground_truth,-0.086156,-0.795000,-0.094439,True,,,,,,,,,0.026153,-0.233036,0.297513,0.000000,0.000000,0.000000,0.000000,0.000000,0.000000,nan,nan,nan,nan,nan,nan
1781086920058699515,2026-06-10T17:22:00.058726,ground_truth,-0.086048,-0.794000,-0.093015,True,,,,,,,,,0.026153,-0.233036,0.297513,0.000000,0.000000,0.000000,0.000000,0.000000,0.000000,nan,nan,nan,nan,nan,nan
1781086920117623572,2026-06-10T17:22:00.117667,ground_truth,-0.086048,-0.794000,-0.093015,True,,,,,,,,,0.026153,-0.233036,0.297513,0.000000,0.000000,0.000000,0.000000,0.000000,0.000000,nan,nan,nan,nan,nan,nan
1781086920162870833,2026-06-10T17:22:00.162903,ground_truth,-0.086264,-0.796000,-0.091942,True,,,,,,,,,0.026153,-0.233036,0.297513,0.000000,0.000000,0.000000,0.000000,0.000000,0.000000,nan,nan,nan,nan,nan,nan
1781086920219702313,2026-06-10T17:22:00.219730,ground_truth,-0.086048,-0.794000,-0.091711,True,,,,,,,,,0.026153,-0.233036,0.297513,0.000000,0.000000,0.000000,0.000000,0.000000,0.000000,nan,nan,nan,nan,nan,nan
1781086920279406764,2026-06-10T17:22:00.279436,ground_truth,-0.086048,-0.794000,-0.090406,True,,,,,,,,,0.026153,-0.233036,0.297513,0.000000,0.000000,0.000000,0.000000,0.000000,0.000000,nan,nan,nan,nan,nan,nan
1781086920328772692,2026-06-10T17:22:00.328812,ground_truth,-0.085065,-0.797000,-0.090748,True,,,,,,,,,0.026153,-0.233036,0.297513,0.000000,0.000000,0.000000,0.000000,0.000000,0.000000,nan,nan,nan,nan,nan,nan
1781086920379986147,2026-06-10T17:22:00.380034,ground_truth,-0.084852,-0.795000,-0.090520,True,,,,,,,,,0.026153,-0.233036,0.297513,0.000000,0.000000,0.000000,0.000000,0.000000,0.000000,nan,nan,nan,nan,nan,nan
1781086920424327598,2026-06-10T17:22:00.424352,ground_truth,-0.084638,-0.793000,-0.088990,True,,,,,,,,,0.027462,-0.233364,0.300415,0.000000,0.000000,0.000000,0.000000,0.000000,0.000000,nan,nan,nan,nan,nan,nan
1781086920480531013,2026-06-10T17:22:00.480567,ground_truth,-0.084745,-0.794000,-0.089102,True,,,,,,,,,0.027425,-0.233355,0.300332,0.000000,0.000000,0.000000,0.000000,0.000000,0.000000,nan,nan,nan,nan,nan,nan
1781086920545116313,2026-06-10T17:22:00.545144,ground_truth,-0.084745,-0.794000,-0.089102,True,,,,,,,,,0.026472,-0.233116,0.298220,0.000000,0.000000,0.000000,0.000000,0.000000,0.000000,nan,nan,nan,nan,nan,nan
1781086920610048749,2026-06-10T17:22:00.610085,ground_truth,-0.084638,-0.793000,-0.087687,True,,,,,,,,,0.026572,-0.233141,0.298442,0.000000,0.000000,0.000000,0.000000,0.000000,0.000000,nan,nan,nan,nan,nan,nan
1781086920667001385,2026-06-10T17:22:00.667034,ground_truth,-0.084211,-0.789000,-0.085948,True,,,,,,,,,0.026572,-0.233141,0.298442,0.000000,0.000000,0.000000,0.000000,0.000000,0.000000,nan,nan,nan,nan,nan,nan
1781086920751390689,2026-06-10T17:22:00.751423,ground_truth,-0.084211,-0.789000,-0.085948,True,,,,,,,,,0.026572,-0.233141,0.298442,0.000000,0.000000,0.000000,0.000000,0.000000,0.000000,nan,nan,nan,nan,nan,nan
1781086920850013811,2026-06-10T17:22:00.850051,ground_truth,-0.084638,-0.793000,-0.086384,True,,,,,,,,,0.026572,-0.233141,0.298442,0.000000,0.000000,0.000000,0.000000,0.000000,0.000000,nan,nan,nan,nan,nan,nan
1781086920925433095,2026-06-10T17:22:00.925472,ground_truth,-0.084318,-0.790000,-0.084759,True,,,,,,,,,0.026572,-0.233141,0.298442,0.000000,0.000000,0.000000,0.000000,0.000000,0.000000,nan,nan,nan,nan,nan,nan
1781086920976859677,2026-06-10T17:22:00.976895,ground_truth,-0.084318,-0.790000,-0.084759,True,,,,,,,,,0.023976,-0.232661,0.301039,0.000000,0.000000,0.000000,0.000000,0.000000,0.000000,nan,nan,nan,nan,nan,nan
1781086921069214622,2026-06-10T17:22:01.069251,ground_truth,-0.083337,-0.793000,-0.085081,True,,,,,,,,,0.023976,-0.232661,0.301039,0.000000,0.000000,0.000000,0.000000,0.000000,0.000000,nan,nan,nan,nan,nan,nan
1781086921168668948,2026-06-10T17:22:01.168696,ground_truth,-0.082917,-0.789000,-0.084652,True,,,,,,,,,0.023976,-0.232661,0.301039,0.000000,0.000000,0.000000,0.000000,0.000000,0.000000,nan,nan,nan,nan,nan,nan
1781086921250105301,2026-06-10T17:22:01.250139,ground_truth,-0.083022,-0.790000,-0.084759,True,,,,,,,,,0.017974,-0.230037,0.307165,0.000000,0.000000,0.000000,0.000000,0.000000,0.000000,nan,nan,nan,nan,nan,nan
1781086921313728044,2026-06-10T17:22:01.313758,ground_truth,-0.082917,-0.789000,-0.084652,True,,,,,,,,,0.018593,-0.230307,0.306533,0.000000,0.000000,0.000000,0.000000,0.000000,0.000000,nan,nan,nan,nan,nan,nan
1781086921367884502,2026-06-10T17:22:01.367919,ground_truth,-0.082812,-0.788000,-0.084545,True,,,,,,,,,0.017888,-0.227823,0.306644,0.000000,0.000000,0.000000,0.000000,0.000000,0.000000,nan,nan,nan,nan,nan,nan
1781086921428869487,2026-06-10T17:22:01.428895,ground_truth,-0.083337,-0.793000,-0.085081,True,,,,,,,,,0.018314,-0.226822,0.306037,0.000000,0.000000,0.000000,0.000000,0.000000,0.000000,nan,nan,nan,nan,nan,nan
1781086921485220665,2026-06-10T17:22:01.485254,ground_truth,-0.083022,-0.790000,-0.084759,True,,,,,,,,,0.018314,-0.226822,0.306037,0.000000,0.000000,0.000000,0.000000,0.000000,0.000000,nan,nan,nan,nan,nan,nan
1781086921532288884,2026-06-10T17:22:01.532327,ground_truth,-0.082812,-0.788000,-0.084545,True,,,,,,,,,0.018314,-0.226822,0.306037,0.000000,0.000000,0.000000,0.000000,0.000000,0.000000,nan,nan,nan,nan,nan,nan
1781086921580196311,2026-06-10T17:22:01.580238,ground_truth,-0.082917,-0.789000,-0.084652,True,,,,,,,,,0.018314,-0.226822,0.306037,0.000000,0.000000,0.000000,0.000000,0.000000,0.000000,nan,nan,nan,nan,nan,nan
1781086921627512566,2026-06-10T17:22:01.627542,ground_truth,-0.083442,-0.794000,-0.085188,True,,,,,,,,,0.018314,-0.226822,0.306037,0.000000,0.000000,0.000000,0.000000,0.000000,0.000000,nan,nan,nan,nan,nan,nan
1781086921684968320,2026-06-10T17:22:01.685003,ground_truth,-0.082917,-0.789000,-0.084652,True,,,,,,,,,0.022265,-0.227753,0.302220,0.000000,0.000000,0.000000,0.000000,0.000000,0.000000,nan,nan,nan,nan,nan,nan
1781086921742670793,2026-06-10T17:22:01.742706,ground_truth,-0.082917,-0.789000,-0.084652,True,,,,,,,,,0.023463,-0.229305,0.301289,0.000000,0.000000,0.000000,0.000000,0.000000,0.000000,nan,nan,nan,nan,nan,nan
1781086921837308792,2026-06-10T17:22:01.837365,ground_truth,-0.083442,-0.794000,-0.085188,True,,,,,,,,,0.023786,-0.228562,0.301975,0.000000,0.000000,0.000000,0.000000,0.000000,0.000000,nan,nan,nan,nan,nan,nan
1781086921887410796,2026-06-10T17:22:01.887447,ground_truth,-0.082917,-0.789000,-0.084652,True,,,,,,,,,0.022822,-0.228907,0.301439,0.000000,0.000000,0.000000,0.000000,0.000000,0.000000,nan,nan,nan,nan,nan,nan
1781086921981700198,2026-06-10T17:22:01.981740,ground_truth,-0.083127,-0.791000,-0.084867,True,,,,,,,,,0.022822,-0.228907,0.301439,0.000000,0.000000,0.000000,0.000000,0.000000,0.000000,nan,nan,nan,nan,nan,nan
1781086922037107010,2026-06-10T17:22:02.037147,ground_truth,-0.082812,-0.788000,-0.084545,True,,,,,,,,,0.025096,-0.228127,0.302676,0.000000,0.000000,0.000000,0.000000,0.000000,0.000000,nan,nan,nan,nan,nan,nan
1781086922109966568,2026-06-10T17:22:02.109998,ground_truth,-0.083127,-0.791000,-0.084867,True,,,,,,,,,0.023437,-0.228696,0.301773,0.000000,0.000000,0.000000,0.000000,0.000000,0.000000,nan,nan,nan,nan,nan,nan
1781086922186760741,2026-06-10T17:22:02.186793,ground_truth,-0.083022,-0.790000,-0.084759,True,,,,,,,,,0.023437,-0.228696,0.301773,0.000000,0.000000,0.000000,0.000000,0.000000,0.000000,nan,nan,nan,nan,nan,nan
1781086922253691666,2026-06-10T17:22:02.253721,ground_truth,-0.083022,-0.790000,-0.084759,True,,,,,,,,,0.023437,-0.228696,0.301773,0.000000,0.000000,0.000000,0.000000,0.000000,0.000000,nan,nan,nan,nan,nan,nan
1781086922305382668,2026-06-10T17:22:02.305417,ground_truth,-0.083022,-0.790000,-0.084759,True,,,,,,,,,0.023437,-0.228696,0.301773,0.000000,0.000000,0.000000,0.000000,0.000000,0.000000,nan,nan,nan,nan,nan,nan
1781086922366650623,2026-06-10T17:22:02.366684,ground_truth,-0.083022,-0.790000,-0.084759,True,,,,,,,,,0.023437,-0.228696,0.301773,0.000000,0.000000,0.000000,0.000000,0.000000,0.000000,nan,nan,nan,nan,nan,nan
1781086922419111501,2026-06-10T17:22:02.419146,ground_truth,-0.083127,-0.791000,-0.084867,True,,,,,,,,,0.023437,-0.228696,0.301773,0.000000,0.000000,0.000000,0.000000,0.000000,0.000000,nan,nan,nan,nan,nan,nan
1781086922499983839,2026-06-10T17:22:02.500016,ground_truth,-0.083022,-0.790000,-0.084759,True,,,,,,,,,0.023437,-0.228696,0.301773,0.000000,0.000000,0.000000,0.000000,0.000000,0.000000,nan,nan,nan,nan,nan,nan
1781086922560811184,2026-06-10T17:22:02.560847,ground_truth,-0.082917,-0.789000,-0.084652,True,,,,,,,,,0.023437,-0.228696,0.301773,0.000000,0.000000,0.000000,0.000000,0.000000,0.000000,nan,nan,nan,nan,nan,nan
1781086922633494484,2026-06-10T17:22:02.633514,ground_truth,-0.083337,-0.793000,-0.085081,True,,,,,,,,,0.023437,-0.228696,0.301773,0.000000,0.000000,0.000000,0.000000,0.000000,0.000000,nan,nan,nan,nan,nan,nan
1781086922699767306,2026-06-10T17:22:02.699806,ground_truth,-0.083022,-0.790000,-0.084759,True,,,,,,,,,-0.013115,-0.155837,0.372724,0.000000,0.000000,0.000000,0.000000,0.000000,0.000000,nan,nan,nan,nan,nan,nan
1781086922776337785,2026-06-10T17:22:02.776371,ground_truth,-0.083022,-0.790000,-0.084759,True,,,,,,,,,0.023437,-0.228696,0.301773,0.000000,0.000000,0.000000,0.000000,0.000000,0.000000,nan,nan,nan,nan,nan,nan
1781086922869827407,2026-06-10T17:22:02.869859,ground_truth,-0.083127,-0.791000,-0.084867,True,,,,,,,,,0.023437,-0.228696,0.301773,0.000000,0.000000,0.000000,0.000000,0.000000,0.000000,nan,nan,nan,nan,nan,nan
1781086922924233360,2026-06-10T17:22:02.924266,ground_truth,-0.083022,-0.790000,-0.084759,True,,,,,,,,,0.023437,-0.228696,0.301773,0.000000,0.000000,0.000000,0.000000,0.000000,0.000000,nan,nan,nan,nan,nan,nan
1781086922978992997,2026-06-10T17:22:02.979025,ground_truth,-0.083127,-0.791000,-0.084867,True,,,,,,,,,0.023437,-0.228696,0.301773,0.000000,0.000000,0.000000,0.000000,0.000000,0.000000,nan,nan,nan,nan,nan,nan
1781086923028256903,2026-06-10T17:22:03.028289,ground_truth,-0.082917,-0.789000,-0.084652,True,,,,,,,,,0.023437,-0.228696,0.301773,0.000000,0.000000,0.000000,0.000000,0.000000,0.000000,nan,nan,nan,nan,nan,nan
1781086923091962211,2026-06-10T17:22:03.092000,ground_truth,-0.082917,-0.789000,-0.084652,True,,,,,,,,,0.023437,-0.228696,0.301773,0.000000,0.000000,0.000000,0.000000,0.000000,0.000000,nan,nan,nan,nan,nan,nan
1781086923186184624,2026-06-10T17:22:03.186238,ground_truth,-0.083127,-0.791000,-0.084867,True,,,,,,,,,0.023437,-0.228696,0.301773,0.000000,0.000000,0.000000,0.000000,0.000000,0.000000,nan,nan,nan,nan,nan,nan
1781086923288903232,2026-06-10T17:22:03.288955,ground_truth,-0.083127,-0.791000,-0.084867,True,,,,,,,,,0.023437,-0.228696,0.301773,0.000000,0.000000,0.000000,0.000000,0.000000,0.000000,nan,nan,nan,nan,nan,nan
1781086923378900639,2026-06-10T17:22:03.378939,ground_truth,-0.082812,-0.788000,-0.084545,True,,,,,,,,,0.023437,-0.228696,0.301773,0.000000,0.000000,0.000000,0.000000,0.000000,0.000000,nan,nan,nan,nan,nan,nan
1781086923471549519,2026-06-10T17:22:03.471588,ground_truth,-0.082917,-0.789000,-0.084652,True,,,,,,,,,0.023437,-0.228696,0.301773,0.000000,0.000000,0.000000,0.000000,0.000000,0.000000,nan,nan,nan,nan,nan,nan
1781086923524290337,2026-06-10T17:22:03.524337,ground_truth,-0.082917,-0.789000,-0.084652,True,,,,,,,,,0.023437,-0.228696,0.301773,0.000000,0.000000,0.000000,0.000000,0.000000,0.000000,nan,nan,nan,nan,nan,nan
1781086923611114893,2026-06-10T17:22:03.611149,ground_truth,-0.082917,-0.789000,-0.084652,True,,,,,,,,,0.023437,-0.228696,0.301773,0.000000,0.000000,0.000000,0.000000,0.000000,0.000000,nan,nan,nan,nan,nan,nan
1781086923691874270,2026-06-10T17:22:03.691911,ground_truth,-0.082917,-0.789000,-0.084652,True,,,,,,,,,-0.014672,-0.164115,0.365660,0.000000,0.000000,0.000000,0.000000,0.000000,0.000000,nan,nan,nan,nan,nan,nan
1781086923740466683,2026-06-10T17:22:03.740707,ground_truth,-0.083127,-0.791000,-0.084867,True,,,,,,,,,-0.014672,-0.164115,0.365660,0.000000,0.000000,0.000000,0.000000,0.000000,0.000000,nan,nan,nan,nan,nan,nan
1781086923822071628,2026-06-10T17:22:03.822099,ground_truth,-0.082917,-0.789000,-0.084652,True,,,,,,,,,0.023437,-0.228696,0.301773,0.000000,0.000000,0.000000,0.000000,0.000000,0.000000,nan,nan,nan,nan,nan,nan
1781086923914361630,2026-06-10T17:22:03.914403,ground_truth,-0.084318,-0.790000,-0.084759,True,,,,,,,,,0.023437,-0.228696,0.301773,0.000000,0.000000,0.000000,0.000000,0.000000,0.000000,nan,nan,nan,nan,nan,nan
1781086923975543513,2026-06-10T17:22:03.975579,ground_truth,-0.084318,-0.790000,-0.084759,True,,,,,,,,,0.023437,-0.228696,0.301773,0.000000,0.000000,0.000000,0.000000,0.000000,0.000000,nan,nan,nan,nan,nan,nan
1781086924050989032,2026-06-10T17:22:04.051024,ground_truth,-0.084638,-0.793000,-0.085081,True,,,,,,,,,0.023437,-0.228696,0.301773,0.000000,0.000000,0.000000,0.000000,0.000000,0.000000,nan,nan,nan,nan,nan,nan
1781086924110133665,2026-06-10T17:22:04.110171,ground_truth,-0.084425,-0.791000,-0.084867,True,,,,,,,,,0.023437,-0.228696,0.301773,0.000000,0.000000,0.000000,0.000000,0.000000,0.000000,nan,nan,nan,nan,nan,nan
1781086924176594947,2026-06-10T17:22:04.176640,ground_truth,-0.084425,-0.791000,-0.084867,True,,,,,,,,,0.023437,-0.228696,0.301773,0.000000,0.000000,0.000000,0.000000,0.000000,0.000000,nan,nan,nan,nan,nan,nan
1781086924259357629,2026-06-10T17:22:04.259404,ground_truth,-0.084211,-0.789000,-0.084652,True,,,,,,,,,0.023437,-0.228696,0.301773,0.000000,0.000000,0.000000,0.000000,0.000000,0.000000,nan,nan,nan,nan,nan,nan
1781086924355885810,2026-06-10T17:22:04.355919,ground_truth,-0.084318,-0.790000,-0.084759,True,,,,,,,,,0.023437,-0.228696,0.301773,0.000000,0.000000,0.000000,0.000000,0.000000,0.000000,nan,nan,nan,nan,nan,nan
1781086924426062942,2026-06-10T17:22:04.426103,ground_truth,-0.084425,-0.791000,-0.084867,True,,,,,,,,,0.023437,-0.228696,0.301773,0.000000,0.000000,0.000000,0.000000,0.000000,0.000000,nan,nan,nan,nan,nan,nan
1781086924504825492,2026-06-10T17:22:04.504866,ground_truth,-0.084638,-0.793000,-0.085081,True,,,,,,,,,0.023437,-0.228696,0.301773,0.000000,0.000000,0.000000,0.000000,0.000000,0.000000,nan,nan,nan,nan,nan,nan
1781086924592408450,2026-06-10T17:22:04.592438,ground_truth,-0.083127,-0.791000,-0.084867,True,,,,,,,,,0.023437,-0.228696,0.301773,0.000000,0.000000,0.000000,0.000000,0.000000,0.000000,nan,nan,nan,nan,nan,nan
1781086924658398426,2026-06-10T17:22:04.658440,ground_truth,-0.083022,-0.790000,-0.084759,True,,,,,,,,,0.023437,-0.228696,0.301773,0.000000,0.000000,0.000000,0.000000,0.000000,0.000000,nan,nan,nan,nan,nan,nan
1781086924722521264,2026-06-10T17:22:04.722559,ground_truth,-0.082812,-0.788000,-0.084545,True,,,,,,,,,0.019169,-0.213389,0.340017,0.000000,0.000000,0.000000,0.000000,0.000000,0.000000,nan,nan,nan,nan,nan,nan
1781086924789170753,2026-06-10T17:22:04.789224,ground_truth,-0.082917,-0.789000,-0.084652,True,,,,,,,,,0.023437,-0.228696,0.301773,0.000000,0.000000,0.000000,0.000000,0.000000,0.000000,nan,nan,nan,nan,nan,nan
1781086924862763424,2026-06-10T17:22:04.862802,ground_truth,-0.082812,-0.788000,-0.084545,True,,,,,,,,,0.023437,-0.228696,0.301773,0.000000,0.000000,0.000000,0.000000,0.000000,0.000000,nan,nan,nan,nan,nan,nan
1781086924911770453,2026-06-10T17:22:04.911806,ground_truth,-0.083022,-0.790000,-0.084759,True,,,,,,,,,0.021103,-0.229702,0.301235,0.000000,0.000000,0.000000,0.000000,0.000000,0.000000,nan,nan,nan,nan,nan,nan
1781086924976088858,2026-06-10T17:22:04.976123,ground_truth,-0.082707,-0.787000,-0.084437,True,,,,,,,,,0.021548,-0.230030,0.301338,0.000000,0.000000,0.000000,0.000000,0.000000,0.000000,nan,nan,nan,nan,nan,nan
1781086925055969532,2026-06-10T17:22:05.056000,ground_truth,-0.083022,-0.790000,-0.084759,True,,,,,,,,,0.021548,-0.230030,0.301338,0.000000,0.000000,0.000000,0.000000,0.000000,0.000000,nan,nan,nan,nan,nan,nan
1781086925140839519,2026-06-10T17:22:05.140874,ground_truth,-0.083022,-0.790000,-0.084759,True,,,,,,,,,0.022493,-0.229220,0.301556,0.000000,0.000000,0.000000,0.000000,0.000000,0.000000,nan,nan,nan,nan,nan,nan
1781086925199427702,2026-06-10T17:22:05.199456,ground_truth,-0.082812,-0.788000,-0.083250,True,,,,,,,,,-0.000316,-0.198123,0.342060,0.000000,0.000000,0.000000,0.000000,0.000000,0.000000,nan,nan,nan,nan,nan,nan
1781086925264465903,2026-06-10T17:22:05.264494,ground_truth,-0.082917,-0.789000,-0.084652,True,,,,,,,,,0.025389,-0.229844,0.302224,0.000000,0.000000,0.000000,0.000000,0.000000,0.000000,nan,nan,nan,nan,nan,nan
1781086925335643724,2026-06-10T17:22:05.335684,ground_truth,-0.084318,-0.790000,-0.084759,True,,,,,,,,,0.023534,-0.229444,0.301796,0.000000,0.000000,0.000000,0.000000,0.000000,0.000000,nan,nan,nan,nan,nan,nan
1781086925391687916,2026-06-10T17:22:05.391720,ground_truth,-0.084425,-0.791000,-0.084867,True,,,,,,,,,0.023534,-0.229444,0.301796,0.000000,0.000000,0.000000,0.000000,0.000000,0.000000,nan,nan,nan,nan,nan,nan
1781086925462113700,2026-06-10T17:22:05.462154,ground_truth,-0.084211,-0.789000,-0.084652,True,,,,,,,,,0.023534,-0.229444,0.301796,0.000000,0.000000,0.000000,0.000000,0.000000,0.000000,nan,nan,nan,nan,nan,nan
1781086925514117378,2026-06-10T17:22:05.514148,ground_truth,-0.084104,-0.788000,-0.084545,True,,,,,,,,,0.023534,-0.229444,0.301796,0.000000,0.000000,0.000000,0.000000,0.000000,0.000000,nan,nan,nan,nan,nan,nan
1781086925577523379,2026-06-10T17:22:05.577564,ground_truth,-0.084104,-0.788000,-0.084545,True,,,,,,,,,0.023534,-0.229444,0.301796,0.000000,0.000000,0.000000,0.000000,0.000000,0.000000,nan,nan,nan,nan,nan,nan
1781086925654088749,2026-06-10T17:22:05.654115,ground_truth,-0.084638,-0.793000,-0.085081,True,,,,,,,,,0.023534,-0.229444,0.301796,0.000000,0.000000,0.000000,0.000000,0.000000,0.000000,nan,nan,nan,nan,nan,nan
1781086925712500987,2026-06-10T17:22:05.712537,ground_truth,-0.083022,-0.790000,-0.084759,True,,,,,,,,,-0.008067,-0.198244,0.339142,0.000000,0.000000,0.000000,0.000000,0.000000,0.000000,nan,nan,nan,nan,nan,nan
1781086925780937632,2026-06-10T17:22:05.780959,ground_truth,-0.084318,-0.790000,-0.084759,True,,,,,,,,,0.023534,-0.229444,0.301796,0.000000,0.000000,0.000000,0.000000,0.000000,0.000000,nan,nan,nan,nan,nan,nan
1781086925830941739,2026-06-10T17:22:05.830974,ground_truth,-0.084318,-0.790000,-0.084759,True,,,,,,,,,0.022124,-0.228310,0.301471,0.000000,0.000000,0.000000,0.000000,0.000000,0.000000,nan,nan,nan,nan,nan,nan
1781086925926871681,2026-06-10T17:22:05.926900,ground_truth,-0.084425,-0.791000,-0.084867,True,,,,,,,,,0.022604,-0.228696,0.301581,0.000000,0.000000,0.000000,0.000000,0.000000,0.000000,nan,nan,nan,nan,nan,nan
1781086926002720181,2026-06-10T17:22:06.002760,ground_truth,-0.084425,-0.791000,-0.084867,True,,,,,,,,,0.022604,-0.228696,0.301581,0.000000,0.000000,0.000000,0.000000,0.000000,0.000000,nan,nan,nan,nan,nan,nan
1781086926097292450,2026-06-10T17:22:06.097364,ground_truth,-0.084211,-0.789000,-0.084652,True,,,,,,,,,0.022604,-0.228696,0.301581,0.000000,0.000000,0.000000,0.000000,0.000000,0.000000,nan,nan,nan,nan,nan,nan
1781086926161891596,2026-06-10T17:22:06.161930,ground_truth,-0.084318,-0.790000,-0.084759,True,,,,,,,,,0.022604,-0.228696,0.301581,0.000000,0.000000,0.000000,0.000000,0.000000,0.000000,nan,nan,nan,nan,nan,nan
1781086926243736539,2026-06-10T17:22:06.243768,ground_truth,-0.084211,-0.789000,-0.084652,True,,,,,,,,,-0.016691,-0.197010,0.334945,0.000000,0.000000,0.000000,0.000000,0.000000,0.000000,nan,nan,nan,nan,nan,nan
1781086926344671269,2026-06-10T17:22:06.344707,ground_truth,-0.084425,-0.791000,-0.084867,True,,,,,,,,,0.022604,-0.228696,0.301581,0.000000,0.000000,0.000000,0.000000,0.000000,0.000000,nan,nan,nan,nan,nan,nan
1781086926406856230,2026-06-10T17:22:06.406896,ground_truth,-0.084318,-0.790000,-0.084759,True,,,,,,,,,0.022604,-0.228696,0.301581,0.000000,0.000000,0.000000,0.000000,0.000000,0.000000,nan,nan,nan,nan,nan,nan
1781086926501436318,2026-06-10T17:22:06.501475,ground_truth,-0.084425,-0.791000,-0.084867,True,,,,,,,,,0.025044,-0.229755,0.302144,0.000000,0.000000,0.000000,0.000000,0.000000,0.000000,nan,nan,nan,nan,nan,nan
1781086926589972737,2026-06-10T17:22:06.590008,ground_truth,-0.084318,-0.790000,-0.084759,True,,,,,,,,,0.025044,-0.229755,0.302144,0.000000,0.000000,0.000000,0.000000,0.000000,0.000000,nan,nan,nan,nan,nan,nan
1781086926642915589,2026-06-10T17:22:06.642955,ground_truth,-0.084211,-0.789000,-0.084652,True,,,,,,,,,0.025044,-0.229755,0.302144,0.000000,0.000000,0.000000,0.000000,0.000000,0.000000,nan,nan,nan,nan,nan,nan
1781086926697501910,2026-06-10T17:22:06.697544,ground_truth,-0.084211,-0.789000,-0.084652,True,,,,,,,,,-0.021503,-0.197066,0.332309,0.000000,0.000000,0.000000,0.000000,0.000000,0.000000,nan,nan,nan,nan,nan,nan
1781086926759867805,2026-06-10T17:22:06.759902,ground_truth,-0.084852,-0.795000,-0.085296,True,,,,,,,,,-0.021503,-0.197066,0.332309,0.000000,0.000000,0.000000,0.000000,0.000000,0.000000,nan,nan,nan,nan,nan,nan
1781086926842572249,2026-06-10T17:22:06.842608,ground_truth,-0.084211,-0.789000,-0.084652,True,,,,,,,,,0.023448,-0.229090,0.301776,0.000000,0.000000,0.000000,0.000000,0.000000,0.000000,nan,nan,nan,nan,nan,nan
1781086926896599269,2026-06-10T17:22:06.896634,ground_truth,-0.084745,-0.794000,-0.085188,True,,,,,,,,,0.023534,-0.229116,0.301796,0.000000,0.000000,0.000000,0.000000,0.000000,0.000000,nan,nan,nan,nan,nan,nan
1781086926985924599,2026-06-10T17:22:06.985961,ground_truth,-0.084318,-0.790000,-0.084759,True,,,,,,,,,0.023534,-0.229116,0.301796,0.000000,0.000000,0.000000,0.000000,0.000000,0.000000,nan,nan,nan,nan,nan,nan
1781086927053710664,2026-06-10T17:22:07.053745,ground_truth,-0.084211,-0.789000,-0.084652,True,,,,,,,,,0.023534,-0.229116,0.301796,0.000000,0.000000,0.000000,0.000000,0.000000,0.000000,nan,nan,nan,nan,nan,nan
1781086927154308776,2026-06-10T17:22:07.154338,ground_truth,-0.084211,-0.789000,-0.084652,True,,,,,,,,,0.023534,-0.229116,0.301796,0.000000,0.000000,0.000000,0.000000,0.000000,0.000000,nan,nan,nan,nan,nan,nan
1781086927227335067,2026-06-10T17:22:07.227367,ground_truth,-0.084318,-0.790000,-0.084759,True,,,,,,,,,-0.018729,-0.198848,0.329726,0.000000,0.000000,0.000000,0.000000,0.000000,0.000000,nan,nan,nan,nan,nan,nan
1781086927290188078,2026-06-10T17:22:07.290222,ground_truth,-0.084318,-0.790000,-0.084759,True,,,,,,,,,-0.018729,-0.198848,0.329726,0.000000,0.000000,0.000000,0.000000,0.000000,0.000000,nan,nan,nan,nan,nan,nan
1781086927366122514,2026-06-10T17:22:07.366156,ground_truth,-0.084318,-0.790000,-0.084759,True,,,,,,,,,0.023534,-0.229116,0.301796,0.000000,0.000000,0.000000,0.000000,0.000000,0.000000,nan,nan,nan,nan,nan,nan
1781086927436022723,2026-06-10T17:22:07.436059,ground_truth,-0.084211,-0.789000,-0.084652,True,,,,,,,,,0.021604,-0.228251,0.301351,0.000000,0.000000,0.000000,0.000000,0.000000,0.000000,nan,nan,nan,nan,nan,nan
1781086927493665864,2026-06-10T17:22:07.493694,ground_truth,-0.082812,-0.788000,-0.084545,True,,,,,,,,,0.022597,-0.228696,0.301580,0.000000,0.000000,0.000000,0.000000,0.000000,0.000000,nan,nan,nan,nan,nan,nan
1781086927550583737,2026-06-10T17:22:07.550616,ground_truth,-0.082917,-0.789000,-0.084652,True,,,,,,,,,0.022597,-0.228696,0.301580,0.000000,0.000000,0.000000,0.000000,0.000000,0.000000,nan,nan,nan,nan,nan,nan
1781086927603386775,2026-06-10T17:22:07.603411,ground_truth,-0.082917,-0.789000,-0.084652,True,,,,,,,,,0.022597,-0.228696,0.301580,0.000000,0.000000,0.000000,0.000000,0.000000,0.000000,nan,nan,nan,nan,nan,nan
1781086927653626727,2026-06-10T17:22:07.653652,ground_truth,-0.082917,-0.789000,-0.084652,True,,,,,,,,,0.022597,-0.228696,0.301580,0.000000,0.000000,0.000000,0.000000,0.000000,0.000000,nan,nan,nan,nan,nan,nan
1781086927706267992,2026-06-10T17:22:07.706297,ground_truth,-0.083022,-0.790000,-0.084759,True,,,,,,,,,-0.039891,-0.182045,0.334948,0.000000,0.000000,0.000000,0.000000,0.000000,0.000000,nan,nan,nan,nan,nan,nan
1781086927771363929,2026-06-10T17:22:07.771396,ground_truth,-0.083022,-0.790000,-0.084759,True,,,,,,,,,-0.039891,-0.182045,0.334948,0.000000,0.000000,0.000000,0.000000,0.000000,0.000000,nan,nan,nan,nan,nan,nan
1781086927822066554,2026-06-10T17:22:07.822108,ground_truth,-0.084104,-0.788000,-0.084545,True,,,,,,,,,-0.039891,-0.182045,0.334948,0.000000,0.000000,0.000000,0.000000,0.000000,0.000000,nan,nan,nan,nan,nan,nan
1781086927899877533,2026-06-10T17:22:07.899907,ground_truth,-0.082917,-0.789000,-0.084652,True,,,,,,,,,0.025167,-0.230624,0.302172,0.000000,0.000000,0.000000,0.000000,0.000000,0.000000,nan,nan,nan,nan,nan,nan
1781086927961663245,2026-06-10T17:22:07.961699,ground_truth,-0.082812,-0.788000,-0.084545,True,,,,,,,,,0.025135,-0.230599,0.302165,0.000000,0.000000,0.000000,0.000000,0.000000,0.000000,nan,nan,nan,nan,nan,nan
1781086928007757642,2026-06-10T17:22:08.007789,ground_truth,-0.084104,-0.788000,-0.084545,True,,,,,,,,,0.023344,-0.229256,0.301752,0.000000,0.000000,0.000000,0.000000,0.000000,0.000000,nan,nan,nan,nan,nan,nan
1781086928064540259,2026-06-10T17:22:08.064572,ground_truth,-0.084211,-0.789000,-0.084652,True,,,,,,,,,0.023437,-0.229326,0.301773,0.000000,0.000000,0.000000,0.000000,0.000000,0.000000,nan,nan,nan,nan,nan,nan
1781086928127602774,2026-06-10T17:22:08.127635,ground_truth,-0.084211,-0.789000,-0.084652,True,,,,,,,,,0.023437,-0.229326,0.301773,0.000000,0.000000,0.000000,0.000000,0.000000,0.000000,nan,nan,nan,nan,nan,nan
1781086928200901314,2026-06-10T17:22:08.200939,ground_truth,-0.084104,-0.788000,-0.084545,True,,,,,,,,,0.023437,-0.229326,0.301773,0.000000,0.000000,0.000000,0.000000,0.000000,0.000000,nan,nan,nan,nan,nan,nan
1781086928247953082,2026-06-10T17:22:08.247987,ground_truth,-0.084318,-0.790000,-0.084759,True,,,,,,,,,0.023437,-0.229326,0.301773,0.000000,0.000000,0.000000,0.000000,0.000000,0.000000,nan,nan,nan,nan,nan,nan
1781086928304327924,2026-06-10T17:22:08.304368,ground_truth,-0.084425,-0.791000,-0.086166,True,,,,,,,,,0.023437,-0.229326,0.301773,0.000000,0.000000,0.000000,0.000000,0.000000,0.000000,nan,nan,nan,nan,nan,nan
1781086928359028613,2026-06-10T17:22:08.359060,ground_truth,-0.082917,-0.789000,-0.084652,True,,,,,,,,,0.023437,-0.229326,0.301773,0.000000,0.000000,0.000000,0.000000,0.000000,0.000000,nan,nan,nan,nan,nan,nan
1781086928429955707,2026-06-10T17:22:08.429993,ground_truth,-0.082812,-0.788000,-0.084545,True,,,,,,,,,0.023437,-0.229326,0.301773,0.000000,0.000000,0.000000,0.000000,0.000000,0.000000,nan,nan,nan,nan,nan,nan
1781086928520497857,2026-06-10T17:22:08.520536,ground_truth,-0.084211,-0.789000,-0.084652,True,,,,,,,,,0.020935,-0.227375,0.301197,0.000000,0.000000,0.000000,0.000000,0.000000,0.000000,nan,nan,nan,nan,nan,nan
1781086928584263680,2026-06-10T17:22:08.584296,ground_truth,-0.084211,-0.789000,-0.084652,True,,,,,,,,,0.021075,-0.227484,0.301229,0.000000,0.000000,0.000000,0.000000,0.000000,0.000000,nan,nan,nan,nan,nan,nan
1781086928647954843,2026-06-10T17:22:08.647989,ground_truth,-0.084104,-0.788000,-0.084545,True,,,,,,,,,0.022774,-0.228809,0.301621,0.000000,0.000000,0.000000,0.000000,0.000000,0.000000,nan,nan,nan,nan,nan,nan
1781086928719167250,2026-06-10T17:22:08.719205,ground_truth,-0.084104,-0.788000,-0.084545,True,,,,,,,,,-0.056444,-0.168760,0.339720,0.000000,0.000000,0.000000,0.000000,0.000000,0.000000,nan,nan,nan,nan,nan,nan
1781086928771848454,2026-06-10T17:22:08.771884,ground_truth,-0.084211,-0.789000,-0.084652,True,,,,,,,,,0.022630,-0.228697,0.301588,0.000000,0.000000,0.000000,0.000000,0.000000,0.000000,nan,nan,nan,nan,nan,nan
1781086928820549371,2026-06-10T17:22:08.820588,ground_truth,-0.084104,-0.788000,-0.084545,True,,,,,,,,,0.022630,-0.228697,0.301588,0.000000,0.000000,0.000000,0.000000,0.000000,0.000000,nan,nan,nan,nan,nan,nan
1781086928871274151,2026-06-10T17:22:08.871309,ground_truth,-0.084104,-0.788000,-0.084545,True,,,,,,,,,0.022630,-0.228697,0.301588,0.000000,0.000000,0.000000,0.000000,0.000000,0.000000,nan,nan,nan,nan,nan,nan
1781086928926235977,2026-06-10T17:22:08.926264,ground_truth,-0.084425,-0.791000,-0.084867,True,,,,,,,,,0.022630,-0.228697,0.301588,0.000000,0.000000,0.000000,0.000000,0.000000,0.000000,nan,nan,nan,nan,nan,nan
1781086928982720838,2026-06-10T17:22:08.982758,ground_truth,-0.083998,-0.787000,-0.084437,True,,,,,,,,,0.022630,-0.228697,0.301588,0.000000,0.000000,0.000000,0.000000,0.000000,0.000000,nan,nan,nan,nan,nan,nan
1781086929038161542,2026-06-10T17:22:09.038188,ground_truth,-0.084211,-0.789000,-0.084652,True,,,,,,,,,0.022630,-0.228697,0.301588,0.000000,0.000000,0.000000,0.000000,0.000000,0.000000,nan,nan,nan,nan,nan,nan
1781086929111296423,2026-06-10T17:22:09.111345,ground_truth,-0.084211,-0.789000,-0.084652,True,,,,,,,,,0.022630,-0.228697,0.301588,0.000000,0.000000,0.000000,0.000000,0.000000,0.000000,nan,nan,nan,nan,nan,nan
1781086929173364460,2026-06-10T17:22:09.173406,ground_truth,-0.084318,-0.790000,-0.084759,True,,,,,,,,,0.022630,-0.228697,0.301588,0.000000,0.000000,0.000000,0.000000,0.000000,0.000000,nan,nan,nan,nan,nan,nan
1781086929225254646,2026-06-10T17:22:09.225289,ground_truth,-0.083998,-0.787000,-0.084437,True,,,,,,,,,0.022630,-0.228697,0.301588,0.000000,0.000000,0.000000,0.000000,0.000000,0.000000,nan,nan,nan,nan,nan,nan
1781086929278903988,2026-06-10T17:22:09.278951,ground_truth,-0.084425,-0.791000,-0.084867,True,,,,,,,,,0.022630,-0.228697,0.301588,0.000000,0.000000,0.000000,0.000000,0.000000,0.000000,nan,nan,nan,nan,nan,nan
1781086929333810697,2026-06-10T17:22:09.333846,ground_truth,-0.084211,-0.789000,-0.084652,True,,,,,,,,,0.022630,-0.228697,0.301588,0.000000,0.000000,0.000000,0.000000,0.000000,0.000000,nan,nan,nan,nan,nan,nan
1781086929393522336,2026-06-10T17:22:09.393555,ground_truth,-0.084318,-0.790000,-0.084759,True,,,,,,,,,0.022630,-0.228697,0.301588,0.000000,0.000000,0.000000,0.000000,0.000000,0.000000,nan,nan,nan,nan,nan,nan
1781086929454674570,2026-06-10T17:22:09.454704,ground_truth,-0.082917,-0.789000,-0.084652,True,,,,,,,,,0.022630,-0.228697,0.301588,0.000000,0.000000,0.000000,0.000000,0.000000,0.000000,nan,nan,nan,nan,nan,nan
1781086929506728150,2026-06-10T17:22:09.506763,ground_truth,-0.084211,-0.789000,-0.084652,True,,,,,,,,,0.022630,-0.228697,0.301588,0.000000,0.000000,0.000000,0.000000,0.000000,0.000000,nan,nan,nan,nan,nan,nan
1781086929559284425,2026-06-10T17:22:09.559342,ground_truth,-0.084104,-0.788000,-0.084545,True,,,,,,,,,0.022630,-0.228697,0.301588,0.000000,0.000000,0.000000,0.000000,0.000000,0.000000,nan,nan,nan,nan,nan,nan
1781086929641949187,2026-06-10T17:22:09.641986,ground_truth,-0.084104,-0.788000,-0.084545,True,,,,,,,,,0.022630,-0.228697,0.301588,0.000000,0.000000,0.000000,0.000000,0.000000,0.000000,nan,nan,nan,nan,nan,nan
1781086929710503802,2026-06-10T17:22:09.710530,ground_truth,-0.084318,-0.790000,-0.084759,True,,,,,,,,,-0.177947,0.053272,0.389532,0.000000,0.000000,0.000000,0.000000,0.000000,0.000000,nan,nan,nan,nan,nan,nan
1781086929759096433,2026-06-10T17:22:09.759130,ground_truth,-0.084211,-0.789000,-0.084652,True,,,,,,,,,0.022630,-0.228697,0.301588,0.000000,0.000000,0.000000,0.000000,0.000000,0.000000,nan,nan,nan,nan,nan,nan


============================================================
EXPERIMENT METRICS
  File: experiment_GROUND_TRUTH_20260610_172133.csv
  Total samples: 474
  Task completion time: 35.81 s
  Mode: GROUND TRUTH (no prediction metrics)
  --- Trajectory Smoothness (Robot EE) ---
  Mean Jerk (3D): 643.4250 m/s³
      Jerk X: 269.3210 m/s³
      Jerk Y: 526.6369 m/s³
      Jerk Z: 163.5113 m/s³
  Max Jerk (3D): 15210.9195 m/s³
  RMS Jerk (3D): 1984.0785 m/s³
============================================================
