ros_timestamp_ns,wall_time,trajectory_mode,meas_x,meas_y,meas_z,is_tracked,pred_x,pred_y,pred_z,mae_x,mae_y,mae_z,inference_ms,buffer_size,robot_ee_x,robot_ee_y,robot_ee_z,j1_vel,j2_vel,j3_vel,j4_vel,j5_vel,j6_vel,j1_eff,j2_eff,j3_eff,j4_eff,j5_eff,j6_eff
1779680404136692816,2026-05-25T10:40:04.136724,ground_truth,0.093084,-0.015000,-0.007066,True,,,,,,,,,-0.163827,0.263014,0.394664,0.000000,0.000000,0.000000,0.000000,0.000000,0.000000,-0.003920,-0.119840,0.098936,-0.034912,0.003232,-0.005120
1779680404169401861,2026-05-25T10:40:04.169433,ground_truth,0.094599,-0.022000,-0.008748,True,,,,,,,,,-0.165387,0.258588,0.392938,0.000000,0.000000,0.000000,0.000000,0.000000,0.000000,-0.003920,-0.119840,0.098936,-0.034912,0.003232,-0.005120
1779680404204802568,2026-05-25T10:40:04.204863,ground_truth,0.094599,-0.022000,-0.008748,True,,,,,,,,,-0.165387,0.258588,0.392938,0.000000,0.000000,0.000000,0.000000,0.000000,0.000000,-0.003920,-0.119840,0.098936,-0.034912,0.003232,-0.005120
1779680404239945525,2026-05-25T10:40:04.239972,ground_truth,0.089836,-0.000000,-0.003460,True,,,,,,,,,-0.166553,0.253423,0.391642,0.000000,0.000000,0.000000,0.000000,0.000000,0.000000,-0.003920,-0.119840,0.098936,-0.034912,0.003232,-0.005120
1779680404272248108,2026-05-25T10:40:04.272272,ground_truth,0.096114,-0.029000,-0.010431,True,,,,,,,,,-0.166553,0.253423,0.391642,0.000000,0.000000,0.000000,0.000000,0.000000,0.000000,-0.003920,-0.119840,0.098936,-0.034912,0.003232,-0.005120
1779680404310893874,2026-05-25T10:40:04.310922,ground_truth,0.089836,-0.000000,-0.003460,True,,,,,,,,,-0.163827,0.263019,0.394668,0.000000,0.000000,0.000000,0.000000,0.000000,0.000000,-0.003920,-0.119840,0.098936,-0.034912,0.003232,-0.005120
1779680404346049506,2026-05-25T10:40:04.346070,ground_truth,0.089836,-0.000000,-0.003460,True,,,,,,,,,-0.163827,0.263019,0.394668,0.000000,0.000000,0.000000,0.000000,0.000000,0.000000,-0.003920,-0.119840,0.098936,-0.034912,0.003232,-0.005120
1779680404381844018,2026-05-25T10:40:04.381876,ground_truth,0.091352,-0.007000,-0.005143,True,,,,,,,,,-0.163827,0.263019,0.394668,0.000000,0.000000,0.000000,0.000000,0.000000,0.000000,-0.003920,-0.119840,0.098936,-0.034912,0.003232,-0.005120
1779680404415166502,2026-05-25T10:40:04.415187,ground_truth,0.091352,-0.007000,-0.005143,True,,,,,,,,,-0.163827,0.263019,0.394668,0.000000,0.000000,0.000000,0.000000,0.000000,0.000000,-0.003920,-0.119840,0.098936,-0.034912,0.003136,-0.005120
1779680404447381574,2026-05-25T10:40:04.447416,ground_truth,0.094599,-0.022000,-0.008748,True,,,,,,,,,-0.163827,0.263019,0.394668,0.000000,0.000000,0.000000,0.000000,0.000000,0.000000,-0.003920,-0.118020,0.098936,-0.034464,0.003360,-0.005696
1779680404478766366,2026-05-25T10:40:04.478790,ground_truth,0.093084,-0.015000,-0.007066,True,,,,,,,,,-0.163827,0.263019,0.394668,0.000000,0.000000,0.000000,0.000000,0.000000,0.000000,-0.003920,-0.119840,0.098936,-0.034784,0.003360,-0.005184
1779680404538271665,2026-05-25T10:40:04.538297,ground_truth,0.091352,-0.007000,-0.005143,True,,,,,,,,,-0.163827,0.263019,0.394668,0.000000,0.000000,0.000000,0.000000,0.000000,0.000000,-0.003920,-0.119840,0.098936,-0.034784,0.003360,-0.005184
1779680404571598405,2026-05-25T10:40:04.571638,ground_truth,0.093084,-0.015000,-0.007066,True,,,,,,,,,-0.163827,0.263019,0.394668,0.000000,0.000000,0.000000,0.000000,0.000000,0.000000,-0.003920,-0.119840,0.098936,-0.034784,0.003360,-0.005184
1779680404605058452,2026-05-25T10:40:04.605084,ground_truth,0.091352,-0.007000,-0.005143,True,,,,,,,,,-0.163827,0.263019,0.394668,0.000000,0.000000,0.000000,0.000000,0.000000,0.000000,-0.003920,-0.119840,0.098936,-0.034784,0.003360,-0.005184
1779680404638663909,2026-05-25T10:40:04.638687,ground_truth,0.094599,-0.022000,-0.008748,True,,,,,,,,,-0.163827,0.263019,0.394668,0.000000,0.000000,0.000000,0.000000,0.000000,0.000000,-0.002660,-0.119560,0.098936,-0.034464,0.002464,-0.005408
1779680404675650328,2026-05-25T10:40:04.675677,ground_truth,0.091352,-0.007000,-0.001671,True,,,,,,,,,-0.163827,0.263019,0.394668,0.000000,0.000000,0.000000,0.000000,0.000000,0.000000,-0.002100,-0.119560,0.098936,-0.034784,0.002304,-0.005248
1779680404709291180,2026-05-25T10:40:04.709315,ground_truth,0.093084,-0.015000,-0.003581,True,,,,,,,,,-0.163827,0.263019,0.394668,0.000000,0.000000,0.000000,0.000000,0.000000,0.000000,-0.001540,-0.119560,0.098936,-0.034784,0.002304,-0.005696
1779680404745640343,2026-05-25T10:40:04.745661,ground_truth,0.093084,-0.015000,-0.003581,True,,,,,,,,,-0.163827,0.263019,0.394668,0.000000,0.000000,0.000000,0.000000,0.000000,0.000000,-0.001540,-0.119560,0.098936,-0.034784,0.002304,-0.005696
1779680404794569399,2026-05-25T10:40:04.794611,ground_truth,0.089836,-0.000000,-0.000000,True,,,,,,,,,-0.163827,0.263019,0.394668,0.000000,0.000000,0.000000,0.000000,0.000000,0.000000,-0.001540,-0.119560,0.098936,-0.034784,0.002304,-0.005696
1779680404837438273,2026-05-25T10:40:04.837467,ground_truth,0.093084,-0.015000,-0.003581,True,,,,,,,,,-0.163827,0.263019,0.394668,0.000000,0.000000,0.000000,0.000000,0.000000,0.000000,-0.001540,-0.119560,0.098936,-0.034784,0.002304,-0.005696
1779680404873297707,2026-05-25T10:40:04.873335,ground_truth,0.094599,-0.022000,-0.005252,True,,,,,,,,,-0.163827,0.263019,0.394668,0.000000,0.000000,0.000000,0.000000,0.000000,0.000000,-0.001540,-0.119560,0.098936,-0.034784,0.002304,-0.005696
1779680404909348400,2026-05-25T10:40:04.909370,ground_truth,0.088321,0.007000,0.001671,True,,,,,,,,,-0.163827,0.263019,0.394668,0.000000,0.000000,0.000000,0.000000,0.000000,0.000000,-0.000840,-0.119560,0.098936,-0.034784,0.001120,-0.004288
1779680404947116735,2026-05-25T10:40:04.947149,ground_truth,0.089836,-0.000000,-0.003460,True,,,,,,,,,-0.163827,0.263019,0.394668,0.000000,0.000000,0.000000,0.000000,0.000000,0.000000,-0.000840,-0.119560,0.098936,-0.034784,0.001120,-0.004288
1779680404988293261,2026-05-25T10:40:04.988320,ground_truth,0.099617,-0.029000,-0.010431,True,,,,,,,,,-0.163827,0.263019,0.394668,0.000000,0.000000,0.000000,0.000000,0.000000,0.000000,-0.000840,-0.119560,0.098936,-0.034784,0.001120,-0.004288
1779680405034000810,2026-05-25T10:40:05.034029,ground_truth,0.099617,-0.029000,-0.010431,True,,,,,,,,,-0.163827,0.263019,0.394668,0.000000,0.000000,0.000000,0.000000,0.000000,0.000000,0.008680,-0.119560,0.108149,-0.034624,-0.002016,-0.005408
1779680405078033813,2026-05-25T10:40:05.078054,ground_truth,0.094819,-0.007000,-0.005143,True,,,,,,,,,-0.163827,0.263019,0.394668,0.000000,0.000000,0.000000,0.000000,0.000000,0.000000,0.009240,-0.119280,0.108398,-0.034624,-0.002560,-0.005696
1779680405125123458,2026-05-25T10:40:05.125147,ground_truth,0.099617,-0.029000,-0.010431,True,,,,,,,,,-0.163827,0.263019,0.394668,0.000000,0.000000,0.000000,0.000000,0.000000,0.000000,0.011060,-0.119280,0.111967,-0.034624,-0.002688,-0.005248
1779680405161645529,2026-05-25T10:40:05.161679,ground_truth,0.094819,-0.007000,-0.005143,True,,,,,,,,,-0.163827,0.263019,0.394668,0.000000,0.000000,0.000000,0.000000,0.002609,0.000000,0.004620,-0.119280,0.111303,-0.034624,-0.001856,-0.003840
1779680405199643115,2026-05-25T10:40:05.199672,ground_truth,0.096563,-0.015000,-0.007066,True,,,,,,,,,-0.163827,0.263019,0.394668,0.000000,0.000000,0.000000,0.000000,0.002609,0.000000,0.004620,-0.119280,0.111303,-0.034624,-0.001856,-0.003840
1779680405234597967,2026-05-25T10:40:05.234620,ground_truth,0.093292,-0.000000,-0.003460,True,,,,,,,,,-0.163827,0.263019,0.394668,0.000000,0.000000,0.000000,0.000000,0.002609,0.000000,0.004620,-0.119280,0.111303,-0.034624,-0.001856,-0.003840
1779680405268714478,2026-05-25T10:40:05.268734,ground_truth,0.093292,-0.000000,-0.003460,True,,,,,,,,,-0.163827,0.263019,0.394668,0.000000,0.000000,0.000000,0.000000,0.002609,0.000000,0.004620,-0.119280,0.111303,-0.034624,-0.001856,-0.003840
1779680405306329721,2026-05-25T10:40:05.306359,ground_truth,0.091765,0.007000,-0.001777,True,,,,,,,,,-0.163827,0.263019,0.394668,0.000000,0.000000,0.000000,0.000000,0.002609,0.000000,0.004620,-0.119280,0.111303,-0.034624,-0.001856,-0.003840
1779680405342865802,2026-05-25T10:40:05.342895,ground_truth,0.094819,-0.007000,-0.005143,True,,,,,,,,,-0.163827,0.263019,0.394668,0.000000,0.000000,0.000000,0.000000,0.002609,0.000000,0.004620,-0.119280,0.111303,-0.034624,-0.001856,-0.003840
1779680405376283789,2026-05-25T10:40:05.376312,ground_truth,0.093292,-0.000000,-0.003460,True,,,,,,,,,-0.163827,0.263019,0.394668,0.000000,0.000000,0.000000,0.000000,0.002609,0.000000,0.004620,-0.119280,0.111303,-0.034624,-0.001856,-0.003840
1779680405414506059,2026-05-25T10:40:05.414531,ground_truth,0.094819,-0.007000,-0.005143,True,,,,,,,,,-0.163827,0.263019,0.394668,0.000000,0.000000,0.000000,0.000000,0.002609,0.000000,0.004620,-0.119280,0.111303,-0.034624,-0.001856,-0.003840
1779680405457891194,2026-05-25T10:40:05.457916,ground_truth,0.093292,-0.000000,-0.003460,True,,,,,,,,,-0.163827,0.263019,0.394668,0.000000,0.000000,0.000000,0.000000,0.000000,0.000000,0.014140,-0.119280,0.121595,-0.034464,-0.003136,-0.005696
1779680405493619659,2026-05-25T10:40:05.493648,ground_truth,0.091765,0.007000,-0.001777,True,,,,,,,,,-0.163827,0.263019,0.394668,0.000000,0.000000,0.000000,0.000000,0.000000,0.000000,0.014140,-0.119280,0.122757,-0.034464,-0.003520,-0.005568
1779680405527951412,2026-05-25T10:40:05.527976,ground_truth,0.093292,-0.000000,-0.003460,True,,,,,,,,,-0.163827,0.263019,0.394668,0.000000,0.000000,0.000000,0.000000,0.000000,0.000000,0.013020,-0.119280,0.122840,-0.034464,-0.003136,-0.005696
1779680405564665681,2026-05-25T10:40:05.564692,ground_truth,0.094819,-0.007000,-0.005143,True,,,,,,,,,-0.163827,0.263019,0.394668,0.000000,0.000000,0.000000,0.000000,0.000000,0.000000,0.014840,-0.119280,0.124500,-0.034176,-0.003584,-0.005696
1779680405598893597,2026-05-25T10:40:05.598925,ground_truth,0.089836,-0.000000,-0.003460,True,,,,,,,,,-0.163827,0.263019,0.394668,0.000000,0.000000,0.000000,0.000000,0.000000,0.000000,0.014840,-0.119280,0.123836,-0.034464,-0.003296,-0.005696
1779680405652234259,2026-05-25T10:40:05.652263,ground_truth,0.088321,0.007000,-0.001777,True,,,,,,,,,-0.163827,0.263019,0.394668,0.000000,0.000000,0.000000,0.000000,0.000000,0.000000,0.012320,-0.119280,0.124832,-0.034464,-0.003072,-0.005120
1779680405686347643,2026-05-25T10:40:05.686377,ground_truth,0.085290,0.021000,0.001588,True,,,,,,,,,-0.163827,0.263019,0.394668,0.000000,0.000000,0.002178,0.000000,0.000000,0.000000,0.011340,-0.119280,0.125164,-0.034464,-0.003072,-0.004800
1779680405720828589,2026-05-25T10:40:05.720855,ground_truth,0.088321,0.007000,-0.001777,True,,,,,,,,,-0.163827,0.263019,0.394668,0.000000,0.000000,0.002178,0.000000,0.000000,0.000000,0.011340,-0.119280,0.125164,-0.034464,-0.003072,-0.004800
1779680405756053685,2026-05-25T10:40:05.756083,ground_truth,0.083775,0.028000,0.003270,True,,,,,,,,,-0.163827,0.263019,0.394668,0.000000,0.000000,0.002178,0.000000,0.000000,0.000000,0.011340,-0.119280,0.125164,-0.034464,-0.003072,-0.004800
1779680405808109472,2026-05-25T10:40:05.808137,ground_truth,0.088321,0.007000,0.001671,True,,,,,,,,,-0.163827,0.263019,0.394668,0.000000,0.000000,0.000000,0.000000,0.000000,0.000000,0.010780,-0.119280,0.125164,-0.034464,-0.002464,-0.004576
1779680405850723674,2026-05-25T10:40:05.850755,ground_truth,0.088321,0.007000,0.001671,True,,,,,,,,,-0.163827,0.263019,0.394668,0.000000,0.000000,0.000000,0.000000,0.000000,0.000000,0.011760,-0.119280,0.128318,-0.034464,-0.003008,-0.004864
1779680405886891305,2026-05-25T10:40:05.886920,ground_truth,0.094819,-0.007000,0.001800,True,,,,,,,,,-0.163827,0.263019,0.394668,0.000000,0.000000,0.000000,0.000000,0.000000,0.000000,0.011760,-0.119280,0.128318,-0.034464,-0.003008,-0.004864
1779680405928772747,2026-05-25T10:40:05.928800,ground_truth,0.090238,0.014000,0.006779,True,,,,,,,,,-0.163827,0.263019,0.394668,0.000000,0.000000,0.000000,0.000000,0.000000,0.000000,0.011760,-0.119280,0.128318,-0.034464,-0.003008,-0.004864
1779680405968855073,2026-05-25T10:40:05.968879,ground_truth,0.091765,0.007000,0.008568,True,,,,,,,,,-0.163827,0.263019,0.394668,0.000000,0.000000,0.000000,0.000000,0.000000,0.000000,0.011760,-0.119280,0.128318,-0.034464,-0.003008,-0.004864
1779680406005629142,2026-05-25T10:40:06.005652,ground_truth,0.086806,0.014000,0.006779,True,,,,,,,,,-0.163827,0.263019,0.394668,0.000000,0.000000,0.000000,0.000000,0.000000,0.000000,0.013020,-0.119280,0.125745,-0.034464,-0.002784,-0.004864
1779680406043948374,2026-05-25T10:40:06.043973,ground_truth,0.086806,0.014000,0.010216,True,,,,,,,,,-0.163827,0.263019,0.394668,0.000000,0.000000,0.000000,0.000000,0.000000,0.000000,0.013020,-0.119280,0.125745,-0.034464,-0.002784,-0.004864
1779680406092003317,2026-05-25T10:40:06.092029,ground_truth,0.088321,0.007000,0.008568,True,,,,,,,,,-0.163827,0.263019,0.394668,0.000000,0.000000,0.000000,0.000000,0.000000,0.000000,0.013020,-0.119280,0.125745,-0.034464,-0.002784,-0.004864
1779680406128321100,2026-05-25T10:40:06.128347,ground_truth,0.083775,0.028000,0.013512,True,,,,,,,,,-0.163827,0.263019,0.394668,0.000000,0.000000,0.000000,0.000000,0.000000,0.000000,0.013020,-0.119280,0.125745,-0.034464,-0.002784,-0.004864
1779680406168891458,2026-05-25T10:40:06.168918,ground_truth,0.083775,0.028000,0.013512,True,,,,,,,,,-0.163827,0.263019,0.394668,0.000000,0.000000,0.000000,0.000000,0.000000,0.000000,0.017360,-0.119280,0.128982,-0.034464,-0.003008,-0.005696
1779680406208205778,2026-05-25T10:40:06.208237,ground_truth,0.089836,-0.000000,0.010380,True,,,,,,,,,-0.163827,0.263019,0.394668,0.000000,0.000000,0.000000,0.000000,0.000000,0.000000,0.017360,-0.119280,0.128982,-0.034464,-0.003008,-0.005696
1779680406242159806,2026-05-25T10:40:06.242188,ground_truth,0.083775,0.028000,0.016926,True,,,,,,,,,-0.163827,0.263019,0.394668,0.000000,0.000000,0.000000,0.000000,0.000000,0.000000,0.017360,-0.119280,0.128982,-0.034464,-0.003008,-0.005696
1779680406278413037,2026-05-25T10:40:06.278443,ground_truth,0.085290,0.021000,0.015290,True,,,,,,,,,-0.163827,0.263019,0.394668,0.000000,0.000000,0.000000,0.000000,0.000000,0.000000,0.011340,-0.119280,0.127654,-0.034464,-0.002176,-0.004416
1779680406319235568,2026-05-25T10:40:06.319269,ground_truth,0.082260,0.035000,0.018563,True,,,,,,,,,-0.163387,0.264600,0.396185,0.000000,0.000000,0.000000,0.000000,0.000000,0.000000,0.015120,-0.117460,0.127405,-0.034304,-0.002848,-0.005696
1779680406360319927,2026-05-25T10:40:06.360340,ground_truth,0.086806,0.014000,0.013653,True,,,,,,,,,-0.162558,0.267893,0.399041,0.000000,0.000000,0.000000,0.000000,0.000000,0.000000,0.015120,-0.117460,0.127405,-0.034304,-0.002848,-0.005696
1779680406395891344,2026-05-25T10:40:06.395919,ground_truth,0.085290,0.021000,0.018716,True,,,,,,,,,-0.162558,0.267893,0.399041,0.000000,0.000000,0.000000,0.000000,0.000000,0.000000,0.015120,-0.117460,0.127405,-0.034304,-0.002848,-0.005696
1779680406431218331,2026-05-25T10:40:06.431246,ground_truth,0.086806,0.014000,0.017090,True,,,,,,,,,-0.161503,0.273100,0.402997,0.000000,0.000000,0.000000,0.000000,0.000000,0.000000,0.015120,-0.117460,0.127405,-0.034304,-0.002848,-0.005696
1779680406467303585,2026-05-25T10:40:06.467326,ground_truth,0.086806,0.014000,0.017090,True,,,,,,,,,-0.161503,0.273100,0.402997,0.000000,0.000000,0.000000,0.000000,0.000000,0.000000,0.016660,-0.119280,0.127654,-0.034304,-0.003136,-0.005696
1779680406510428157,2026-05-25T10:40:06.510461,ground_truth,0.088711,0.021000,0.018716,True,,,,,,,,,-0.160327,0.280055,0.407838,0.000000,0.000000,0.000000,0.000000,0.000000,0.000000,0.011060,-0.119280,0.126741,-0.034304,-0.002304,-0.004736
1779680406554717199,2026-05-25T10:40:06.554746,ground_truth,0.087184,0.028000,0.020341,True,,,,,,,,,-0.160327,0.280055,0.407838,0.000000,0.000000,0.000000,0.000000,0.000000,0.000000,0.011060,-0.119280,0.126741,-0.034304,-0.002304,-0.004736
1779680406595667145,2026-05-25T10:40:06.595696,ground_truth,0.088711,0.021000,0.022141,True,,,,,,,,,-0.159431,0.285128,0.411553,0.000000,0.000000,0.000000,0.000000,0.000000,0.000000,0.011060,-0.119280,0.126741,-0.034304,-0.002304,-0.004736
1779680406631754462,2026-05-25T10:40:06.631783,ground_truth,0.087184,0.028000,0.020341,True,,,,,,,,,-0.158808,0.288701,0.414696,0.000000,0.000000,0.000000,0.000000,0.000000,0.000000,0.011060,-0.119280,0.126741,-0.034304,-0.002304,-0.004736
1779680406669679495,2026-05-25T10:40:06.669705,ground_truth,0.093292,-0.000000,0.013840,True,,,,,,,,,-0.158808,0.288701,0.414696,0.000000,0.000000,0.000000,0.000000,0.000000,0.000000,0.011340,-0.119280,0.126907,-0.034304,-0.001792,-0.004736
1779680406708616249,2026-05-25T10:40:06.708649,ground_truth,0.091765,0.007000,0.015465,True,,,,,,,,,-0.158737,0.290610,0.416471,0.001744,0.001307,0.011339,0.000000,0.002609,0.000000,-0.078960,-0.280140,0.200694,-0.027232,-0.068352,0.009248
1779680406743922476,2026-05-25T10:40:06.743949,ground_truth,0.088711,0.021000,0.018716,True,,,,,,,,,-0.158737,0.290610,0.416471,0.004796,0.007853,0.013086,0.000000,0.018756,0.002609,-0.071260,-0.239260,0.182268,-0.013760,-0.050944,0.029184
1779680406779170324,2026-05-25T10:40:06.779206,ground_truth,0.091765,0.007000,0.018914,True,,,,,,,,,-0.159972,0.291279,0.416961,0.004796,0.008285,0.014833,0.000000,0.021375,0.000000,-0.079660,-0.231840,0.193141,-0.005408,-0.050144,0.040416
1779680406815178993,2026-05-25T10:40:06.815210,ground_truth,0.087184,0.028000,0.023755,True,,,,,,,,,-0.159972,0.291279,0.416961,0.004796,0.008285,0.014833,0.000000,0.021375,0.000000,-0.079660,-0.231840,0.193141,-0.005408,-0.050144,0.040416
1779680406857548632,2026-05-25T10:40:06.857590,ground_truth,0.088711,0.021000,0.025567,True,,,,,,,,,-0.160481,0.289833,0.417449,0.004796,0.008285,0.014833,0.000000,0.021375,0.000000,-0.079660,-0.231840,0.193141,-0.005408,-0.050144,0.040416
1779680406892523066,2026-05-25T10:40:06.892544,ground_truth,0.090238,0.014000,0.023965,True,,,,,,,,,-0.160404,0.287472,0.418886,0.004796,0.008285,0.014833,0.000000,0.021375,0.000000,-0.079660,-0.231840,0.193141,-0.005408,-0.050144,0.040416
1779680406935992715,2026-05-25T10:40:06.936018,ground_truth,0.088711,0.021000,0.025567,True,,,,,,,,,-0.160404,0.287472,0.418886,0.006540,0.010029,0.016580,0.000000,0.027045,0.005670,-0.083300,-0.216300,0.202769,0.003360,-0.051648,0.037632
1779680406971470503,2026-05-25T10:40:06.971488,ground_truth,0.088711,0.021000,0.025567,True,,,,,,,,,-0.161421,0.287043,0.420210,0.042756,0.042318,0.143111,0.016137,0.183259,0.026614,-0.123340,-0.250740,0.274232,0.010816,-0.068512,0.032672
1779680407005879081,2026-05-25T10:40:07.005905,ground_truth,0.085657,0.035000,0.028771,True,,,,,,,,,-0.161421,0.287043,0.420210,0.044069,0.045814,0.156204,0.013517,0.196777,0.029665,-0.109060,-0.245140,0.275477,0.010752,-0.067008,0.032000
1779680407051893989,2026-05-25T10:40:07.051928,ground_truth,0.090238,0.014000,0.023965,True,,,,,,,,,-0.161246,0.288423,0.421370,0.048865,0.048865,0.183692,0.016137,0.226010,0.032284,-0.122360,-0.251300,0.276888,0.014752,-0.078752,0.035232
1779680407089075390,2026-05-25T10:40:07.089114,ground_truth,0.083775,0.028000,0.027169,True,,,,,,,,,-0.161246,0.288423,0.421370,0.049303,0.048865,0.193729,0.016137,0.242158,0.029665,-0.123340,-0.251300,0.266845,0.016640,-0.076320,0.035680
1779680407140958578,2026-05-25T10:40:07.140984,ground_truth,0.086806,0.014000,0.027402,True,,,,,,,,,-0.161349,0.287612,0.420688,0.040574,0.042318,0.184131,0.016137,0.220782,0.027045,-0.102480,-0.222460,0.254810,0.013984,-0.070144,0.035232
1779680407176973841,2026-05-25T10:40:07.177000,ground_truth,0.091765,0.007000,0.025811,True,,,,,,,,,-0.161351,0.288881,0.422513,0.039267,0.040574,0.176710,0.016137,0.212924,0.023995,-0.100100,-0.225960,0.247257,0.011264,-0.069344,0.035072
1779680407219110223,2026-05-25T10:40:07.219136,ground_truth,0.083775,0.028000,0.033997,True,,,,,,,,,-0.161351,0.288881,0.422513,0.018320,0.029231,0.137438,0.005228,0.164051,0.007847,-0.081760,-0.218820,0.226507,0.012032,-0.056992,0.034912
1779680407259501938,2026-05-25T10:40:07.259527,ground_truth,0.078862,0.035000,0.035576,True,,,,,,,,,-0.161246,0.287921,0.424139,0.006540,0.026174,0.115185,0.005228,0.142675,0.000000,-0.058520,-0.199920,0.215634,0.009472,-0.056064,0.028736
1779680407302462562,2026-05-25T10:40:07.302490,ground_truth,0.078862,0.035000,0.038978,True,,,,,,,,,-0.159702,0.287794,0.425059,0.001744,0.024429,0.107772,0.002609,0.132208,0.000000,-0.061040,-0.197120,0.220282,0.011648,-0.059456,0.016544
1779680407342648689,2026-05-25T10:40:07.342691,ground_truth,0.075464,0.035000,0.042381,True,,,,,,,,,-0.159702,0.287794,0.425059,0.001744,0.024429,0.107772,0.002609,0.132208,0.000000,-0.061040,-0.197120,0.220282,0.011648,-0.059456,0.016544
1779680407389045930,2026-05-25T10:40:07.389091,ground_truth,0.066142,0.063000,0.051962,True,,,,,,,,,-0.158630,0.289361,0.427339,0.001744,0.024429,0.107772,0.002609,0.132208,0.000000,-0.061040,-0.197120,0.220282,0.011648,-0.059456,0.016544
1779680407424456579,2026-05-25T10:40:07.424478,ground_truth,0.061911,0.083000,0.063022,True,,,,,,,,,-0.157324,0.291586,0.429914,0.027487,0.039267,0.009160,0.000000,0.045812,0.027045,0.100660,-0.234640,0.185588,-0.015040,-0.042976,-0.032800
1779680407468276927,2026-05-25T10:40:07.468309,ground_truth,0.058592,0.083000,0.069670,True,,,,,,,,,-0.157324,0.291586,0.429914,0.029231,0.044069,0.005666,0.000000,0.045812,0.029665,0.110320,-0.236460,0.191564,-0.035520,-0.043360,-0.033856
1779680407502944161,2026-05-25T10:40:07.502972,ground_truth,0.057123,0.090000,0.074480,True,,,,,,,,,-0.154805,0.295061,0.433577,0.022685,0.045814,0.005234,0.000000,0.051040,0.021375,0.100380,-0.234360,0.197457,-0.053280,-0.048928,-0.030624
1779680407545955949,2026-05-25T10:40:07.545981,ground_truth,0.058592,0.083000,0.076317,True,,,,,,,,,-0.154805,0.295061,0.433577,0.013087,0.041012,0.007413,0.000000,0.051040,0.013517,0.090160,-0.211960,0.196378,-0.066240,-0.045920,-0.032000
1779680407582016332,2026-05-25T10:40:07.582044,ground_truth,0.060062,0.076000,0.081512,True,,,,,,,,,-0.151869,0.299931,0.438126,0.011780,0.034465,0.009160,0.000000,0.042751,0.013517,0.089180,-0.192780,0.199781,-0.071808,-0.040640,-0.033184
1779680407627714039,2026-05-25T10:40:07.627737,ground_truth,0.048400,0.116000,0.096351,True,,,,,,,,,-0.149337,0.304536,0.442414,0.013087,0.032720,0.011339,0.000000,0.040573,0.013517,0.092960,-0.186200,0.204097,-0.073632,-0.040800,-0.032224
1779680407669224573,2026-05-25T10:40:07.669259,ground_truth,0.051108,0.103000,0.093696,True,,,,,,,,,-0.149337,0.304536,0.442414,0.013087,0.032720,0.011339,0.000000,0.040573,0.013517,0.092960,-0.186200,0.204097,-0.073632,-0.040800,-0.032224
1779680407712156227,2026-05-25T10:40:07.712179,ground_truth,0.048400,0.116000,0.099621,True,,,,,,,,,-0.146187,0.310165,0.448027,0.013087,0.032720,0.011339,0.000000,0.040573,0.013517,0.092960,-0.186200,0.204097,-0.073632,-0.040800,-0.032224
1779680407746856872,2026-05-25T10:40:07.746884,ground_truth,0.049858,0.109000,0.101484,True,,,,,,,,,-0.146187,0.310165,0.448027,0.013087,0.027487,0.013086,0.000000,0.037523,0.013517,0.088900,-0.200480,0.206504,-0.075136,-0.044256,-0.032736
1779680407789290150,2026-05-25T10:40:07.789313,ground_truth,0.052566,0.096000,0.102174,True,,,,,,,,,-0.142773,0.317142,0.454515,0.011342,0.037523,0.023993,0.000000,0.061949,0.002609,-0.099120,-0.230300,0.209658,-0.026336,-0.046656,0.016928
1779680407835669897,2026-05-25T10:40:07.835701,ground_truth,0.049858,0.109000,0.104765,True,,,,,,,,,-0.139634,0.323858,0.460551,0.029231,0.047120,0.033592,0.008289,0.083335,0.023995,-0.123340,-0.252280,0.218871,0.013312,-0.053056,0.026720
1779680407880021512,2026-05-25T10:40:07.880041,ground_truth,0.053134,0.109000,0.111326,True,,,,,,,,,-0.139634,0.323858,0.460551,0.039267,0.051923,0.037086,0.013517,0.094244,0.032284,-0.100380,-0.233660,0.213559,0.007072,-0.050496,0.030464
1779680407931032348,2026-05-25T10:40:07.931067,ground_truth,0.057123,0.090000,0.110914,True,,,,,,,,,-0.136677,0.331152,0.466788,0.039267,0.051923,0.037086,0.013517,0.094244,0.032284,-0.100380,-0.233660,0.213559,0.007072,-0.050496,0.030464
1779680407973200162,2026-05-25T10:40:07.973228,ground_truth,0.057123,0.090000,0.114227,True,,,,,,,,,-0.133971,0.338405,0.473068,0.039267,0.051923,0.037086,0.013517,0.094244,0.032284,-0.100380,-0.233660,0.213559,0.007072,-0.050496,0.030464
1779680408009816548,2026-05-25T10:40:08.009835,ground_truth,0.048936,0.129000,0.124991,True,,,,,,,,,-0.133971,0.338405,0.473068,0.042318,0.054105,0.041012,0.008289,0.094244,0.034903,-0.110600,-0.222460,0.221527,0.009088,-0.050432,0.033024
1779680408049839122,2026-05-25T10:40:08.049868,ground_truth,0.060430,0.090000,0.117539,True,,,,,,,,,-0.131628,0.345434,0.479798,0.098174,0.055412,0.105586,0.016137,0.161442,0.080716,-0.161700,-0.232400,0.267426,0.007360,-0.057504,0.042464
1779680408092625562,2026-05-25T10:40:08.092648,ground_truth,0.057680,0.103000,0.123314,True,,,,,,,,,-0.129594,0.352309,0.486760,0.110823,0.057156,0.139624,0.019198,0.196345,0.091624,-0.169540,-0.239260,0.270331,0.006848,-0.059904,0.044032
1779680408138158634,2026-05-25T10:40:08.138182,ground_truth,0.063738,0.090000,0.124163,True,,,,,,,,,-0.129594,0.352309,0.486760,0.119552,0.058901,0.157951,0.023995,0.223833,0.099914,-0.163940,-0.244860,0.274979,0.001632,-0.060608,0.044480
1779680408176649281,2026-05-25T10:40:08.176669,ground_truth,0.056916,0.122000,0.130173,True,,,,,,,,,-0.128338,0.358467,0.494332,0.129150,0.060645,0.176710,0.021807,0.239538,0.105152,-0.135100,-0.230860,0.278050,0.006240,-0.065952,0.048704
1779680408231093968,2026-05-25T10:40:08.231121,ground_truth,0.060171,0.122000,0.133432,True,,,,,,,,,-0.127538,0.363222,0.501047,0.130457,0.060645,0.195477,0.018756,0.256117,0.110822,-0.145600,-0.235200,0.290417,0.005696,-0.074592,0.047488
1779680408272808604,2026-05-25T10:40:08.272834,ground_truth,0.062964,0.109000,0.134293,True,,,,,,,,,-0.127538,0.363222,0.501047,0.130457,0.057156,0.213797,0.021375,0.272264,0.113000,-0.156800,-0.222460,0.293737,0.005472,-0.069024,0.044544
1779680408314596693,2026-05-25T10:40:08.314623,ground_truth,0.061460,0.116000,0.135585,True,,,,,,,,,-0.127500,0.367808,0.507762,0.130895,0.054105,0.222964,0.021375,0.282742,0.110391,-0.140700,-0.230860,0.310171,0.001792,-0.069344,0.044192
1779680408355297044,2026-05-25T10:40:08.355331,ground_truth,0.066240,0.109000,0.137574,True,,,,,,,,,-0.127500,0.367808,0.507762,0.127406,0.050609,0.237797,0.018756,0.283173,0.110391,-0.155260,-0.206080,0.300709,0.000736,-0.076480,0.042240
1779680408401986983,2026-05-25T10:40:08.402017,ground_truth,0.066240,0.109000,0.140855,True,,,,,,,,,-0.127928,0.371493,0.513398,0.124354,0.042756,0.252630,0.018756,0.293650,0.105152,-0.151900,-0.208320,0.314155,-0.000736,-0.074368,0.042144
1779680408446607482,2026-05-25T10:40:08.446632,ground_truth,0.063426,0.122000,0.143211,True,,,,,,,,,-0.129532,0.373688,0.519040,0.119114,0.035778,0.263976,0.016137,0.299320,0.102091,-0.138180,-0.204260,0.313823,-0.001024,-0.076864,0.036960
1779680408501270887,2026-05-25T10:40:08.501297,ground_truth,0.066240,0.109000,0.144136,True,,,,,,,,,-0.130900,0.374788,0.523612,0.107772,0.027487,0.271396,0.016137,0.296259,0.091624,-0.129780,-0.185360,0.310171,0.001728,-0.075584,0.039584
1779680408543151345,2026-05-25T10:40:08.543178,ground_truth,0.061911,0.129000,0.150976,True,,,,,,,,,-0.130900,0.374788,0.523612,0.096423,0.022685,0.273144,0.013517,0.296259,0.086386,-0.148400,-0.198380,0.323285,-0.002016,-0.078816,0.036576
1779680408593879409,2026-05-25T10:40:08.593908,ground_truth,0.066681,0.122000,0.152990,True,,,,,,,,,-0.132508,0.375428,0.528553,0.084643,0.020940,0.280556,0.010898,0.307168,0.075477,-0.119560,-0.208880,0.325526,-0.003232,-0.072480,0.035296
1779680408636679206,2026-05-25T10:40:08.636704,ground_truth,0.062537,0.141000,0.159568,True,,,,,,,,,-0.133540,0.376221,0.532471,0.073301,0.021378,0.282742,0.010898,0.309787,0.062391,-0.114380,-0.216020,0.317060,-0.004800,-0.075264,0.038080
1779680408672915383,2026-05-25T10:40:08.672937,ground_truth,0.058392,0.160000,0.166084,True,,,,,,,,,-0.133540,0.376221,0.532471,0.061958,0.024429,0.280995,0.010898,0.304559,0.053659,-0.096040,-0.217000,0.323451,-0.003360,-0.071424,0.034176
1779680408714580338,2026-05-25T10:40:08.714609,ground_truth,0.055200,0.160000,0.166084,True,,,,,,,,,-0.134331,0.379136,0.536925,0.048865,0.027487,0.277069,0.007847,0.304559,0.040573,-0.088900,-0.227780,0.326356,-0.005248,-0.075520,0.033280
1779680408764609510,2026-05-25T10:40:08.764626,ground_truth,0.052602,0.172000,0.174515,True,,,,,,,,,-0.134460,0.382560,0.540548,0.029231,0.030976,0.265723,0.005228,0.298878,0.021807,-0.064400,-0.220920,0.328265,-0.003296,-0.076800,0.029568
1779680408823322621,2026-05-25T10:40:08.823358,ground_truth,0.052602,0.172000,0.180869,True,,,,,,,,,-0.134264,0.386084,0.543970,0.011342,0.032283,0.254816,0.005670,0.288412,0.008289,-0.068740,-0.232400,0.329842,-0.004736,-0.073472,0.028832
1779680408861094614,2026-05-25T10:40:08.861120,ground_truth,0.051303,0.178000,0.185036,True,,,,,,,,,-0.134264,0.386084,0.543970,0.001744,0.032720,0.237797,0.002609,0.272264,0.002609,0.042140,-0.228340,0.322372,-0.002560,-0.072800,-0.006528
1779680408926864492,2026-05-25T10:40:08.926885,ground_truth,0.047406,0.196000,0.191140,True,,,,,,,,,-0.133676,0.391391,0.548487,0.024429,0.034465,0.217291,0.000000,0.253066,0.029665,0.122080,-0.221620,0.325692,-0.007072,-0.065728,-0.028960
1779680408964933859,2026-05-25T10:40:08.964958,ground_truth,0.038531,0.237000,0.207041,True,,,,,,,,,-0.132934,0.396448,0.552924,0.042318,0.035778,0.198964,0.000000,0.236919,0.043193,0.112140,-0.239540,0.313657,-0.024224,-0.065344,-0.032736
1779680409002777179,2026-05-25T10:40:09.002802,ground_truth,0.047406,0.196000,0.206830,True,,,,,,,,,-0.132934,0.396448,0.552924,0.050609,0.039267,0.185870,0.000000,0.221213,0.051482,0.114940,-0.255360,0.307598,-0.044544,-0.069248,-0.037184
1779680409050437237,2026-05-25T10:40:09.050465,ground_truth,0.048705,0.190000,0.212196,True,,,,,,,,,-0.131506,0.402618,0.558858,0.050609,0.039267,0.185870,0.000000,0.221213,0.051482,0.114940,-0.255360,0.307598,-0.044544,-0.069248,-0.037184
1779680409089722964,2026-05-25T10:40:09.089745,ground_truth,0.042211,0.220000,0.222943,True,,,,,,,,,-0.130176,0.408530,0.564468,0.050609,0.039267,0.185870,0.000000,0.221213,0.051482,0.114940,-0.255360,0.307598,-0.044544,-0.069248,-0.037184
1779680409125702881,2026-05-25T10:40:09.125730,ground_truth,0.028274,0.242000,0.229270,True,,,,,,,,,-0.130176,0.408530,0.564468,0.050609,0.039267,0.185870,0.000000,0.221213,0.051482,0.114940,-0.255360,0.307598,-0.044544,-0.069248,-0.037184
1779680409166495119,2026-05-25T10:40:09.166532,ground_truth,0.027525,0.231000,0.230736,True,,,,,,,,,-0.128211,0.415673,0.571143,0.055412,0.045814,0.133951,0.005670,0.180640,0.056279,0.116760,-0.211680,0.298468,-0.090400,-0.059328,-0.038080
1779680409227229806,2026-05-25T10:40:09.227249,ground_truth,0.031093,0.214000,0.231378,True,,,,,,,,,-0.125984,0.423019,0.577642,0.044069,0.029669,0.137877,0.002609,0.164492,0.043193,0.119000,-0.207620,0.307100,-0.094560,-0.062720,-0.033280
1779680409291268259,2026-05-25T10:40:09.291292,ground_truth,0.024448,0.231000,0.239978,True,,,,,,,,,-0.123754,0.430346,0.583765,0.032720,0.011342,0.143111,0.002609,0.150964,0.032284,0.089180,-0.184380,0.313491,-0.095008,-0.060736,-0.032800
1779680409355533262,2026-05-25T10:40:09.355558,ground_truth,0.013581,0.254000,0.246244,True,,,,,,,,,-0.123754,0.430346,0.583765,0.021378,0.001744,0.154457,0.000000,0.145295,0.021807,0.071820,-0.058520,0.327933,-0.096448,-0.062400,-0.032128
1779680409408038865,2026-05-25T10:40:09.408067,ground_truth,0.000064,0.276000,0.255304,True,,,,,,,,,-0.121323,0.437723,0.589792,0.007853,0.020940,0.170599,0.000000,0.148345,0.010898,0.085820,0.000840,0.328431,-0.091616,-0.060224,-0.031616
1779680409445161661,2026-05-25T10:40:09.445185,ground_truth,0.003465,0.259000,0.256040,True,,,,,,,,,-0.118296,0.445055,0.595778,0.001744,0.029669,0.178458,0.000000,0.147914,0.002609,0.082460,-0.005880,0.335818,-0.086272,-0.056544,-0.031456
1779680409492316695,2026-05-25T10:40:09.492370,ground_truth,-0.004760,0.270000,0.257509,True,,,,,,,,,-0.115056,0.452418,0.601874,0.000000,0.032720,0.185870,0.000000,0.150964,0.000000,-0.015680,0.001120,0.334656,-0.077760,-0.054784,-0.023040
1779680409531435837,2026-05-25T10:40:09.531467,ground_truth,-0.012914,0.281000,0.258979,True,,,,,,,,,-0.115056,0.452418,0.601874,0.011780,0.036209,0.205945,0.000000,0.169731,0.010898,-0.100100,0.009520,0.353165,-0.056608,-0.061056,0.012192
1779680409576313408,2026-05-25T10:40:09.576339,ground_truth,-0.020994,0.292000,0.260448,True,,,,,,,,,-0.111470,0.459626,0.607709,0.021378,0.039267,0.230816,0.000000,0.191107,0.018756,-0.117180,0.004340,0.355240,-0.027776,-0.067296,0.026944
1779680409620914637,2026-05-25T10:40:09.620947,ground_truth,-0.020043,0.287000,0.262769,True,,,,,,,,,-0.111470,0.459626,0.607709,0.026174,0.039267,0.241723,0.002609,0.204635,0.023995,-0.117180,-0.001120,0.357481,-0.009408,-0.058336,0.028672
1779680409662410578,2026-05-25T10:40:09.662439,ground_truth,-0.026012,0.287000,0.262769,True,,,,,,,,,-0.107596,0.466875,0.613441,0.032720,0.040574,0.249143,0.007847,0.209873,0.029665,-0.132300,-0.008960,0.356485,-0.012544,-0.063168,0.029888
1779680409734399931,2026-05-25T10:40:09.734434,ground_truth,-0.031961,0.303000,0.264880,True,,,,,,,,,-0.103393,0.474161,0.618814,0.044069,0.047558,0.271396,0.008289,0.229071,0.040142,-0.127960,-0.016380,0.364370,-0.010752,-0.065280,0.034784
1779680409773209653,2026-05-25T10:40:09.773253,ground_truth,-0.035838,0.308000,0.265539,True,,,,,,,,,-0.098921,0.481459,0.624031,0.048865,0.050609,0.277069,0.007847,0.229071,0.043193,-0.131040,-0.003920,0.354742,-0.010688,-0.068960,0.035968
1779680409819344578,2026-05-25T10:40:09.819364,ground_truth,-0.030879,0.281000,0.261977,True,,,,,,,,,-0.098921,0.481459,0.624031,0.052354,0.055412,0.274883,0.005670,0.220782,0.048432,-0.132300,0.016660,0.372753,-0.010688,-0.061664,0.032288
1779680409857856661,2026-05-25T10:40:09.857884,ground_truth,-0.038593,0.323000,0.267518,True,,,,,,,,,-0.094196,0.488727,0.628992,0.053667,0.057156,0.276631,0.003051,0.215543,0.048432,-0.130480,-0.011340,0.368686,-0.006912,-0.060512,0.032896
1779680409897407485,2026-05-25T10:40:09.897441,ground_truth,-0.035838,0.308000,0.265539,True,,,,,,,,,-0.089207,0.496110,0.633404,0.060645,0.063265,0.282742,0.007847,0.218163,0.054101,-0.104720,0.007000,0.381219,-0.011200,-0.064352,0.035296
1779680409960156901,2026-05-25T10:40:09.960179,ground_truth,-0.042640,0.313000,0.266199,True,,,,,,,,,-0.084071,0.503606,0.637673,0.065010,0.068498,0.282742,0.005228,0.218163,0.059340,-0.121800,0.000560,0.367773,-0.010912,-0.061728,0.036416
1779680410004763860,2026-05-25T10:40:10.004791,ground_truth,-0.040608,0.318000,0.266859,True,,,,,,,,,-0.084071,0.503606,0.637673,0.068936,0.069812,0.282304,0.008289,0.212924,0.064568,-0.141960,-0.002380,0.363457,-0.010976,-0.067136,0.036800
1779680410047916906,2026-05-25T10:40:10.047952,ground_truth,-0.045341,0.344000,0.270289,True,,,,,,,,,-0.078699,0.511090,0.641565,0.076790,0.070243,0.280995,0.007847,0.212924,0.072857,-0.130200,0.004900,0.372919,-0.013984,-0.062016,0.039296
1779680410101548252,2026-05-25T10:40:10.101600,ground_truth,-0.041518,0.323000,0.267518,True,,,,,,,,,-0.073227,0.518708,0.645299,0.076790,0.070243,0.280995,0.007847,0.212924,0.072857,-0.130200,0.004900,0.372919,-0.013984,-0.062016,0.039296
1779680410145747004,2026-05-25T10:40:10.145781,ground_truth,-0.047161,0.354000,0.271608,True,,,,,,,,,-0.073227,0.518708,0.645299,0.076790,0.070243,0.280995,0.007847,0.212924,0.072857,-0.130200,0.004900,0.372919,-0.013984,-0.062016,0.039296
1779680410227515296,2026-05-25T10:40:10.227550,ground_truth,-0.050035,0.354000,0.271608,True,,,,,,,,,-0.062467,0.534225,0.651842,0.080279,0.070243,0.278809,0.008289,0.210305,0.072426,-0.138180,0.000280,0.377733,-0.011136,-0.067680,0.040576
1779680410268631682,2026-05-25T10:40:10.268662,ground_truth,-0.050937,0.359000,0.275138,True,,,,,,,,,-0.062467,0.534225,0.651842,0.102970,0.078103,0.271396,0.008289,0.196777,0.096863,-0.151900,0.003360,0.373168,-0.018432,-0.063072,0.045312
1779680410322634235,2026-05-25T10:40:10.322695,ground_truth,-0.052741,0.369000,0.276441,True,,,,,,,,,-0.057128,0.542456,0.654770,0.107772,0.082899,0.271396,0.007847,0.194157,0.105152,-0.145880,0.000840,0.384290,-0.015360,-0.060000,0.041856
1779680410389259450,2026-05-25T10:40:10.389288,ground_truth,-0.053804,0.359000,0.275138,True,,,,,,,,,-0.052209,0.550431,0.657419,0.113006,0.086388,0.267471,0.010467,0.178021,0.107772,-0.162400,0.009800,0.365034,-0.017536,-0.063296,0.042528
1779680410446292606,2026-05-25T10:40:10.446319,ground_truth,-0.058441,0.369000,0.276441,True,,,,,,,,,-0.047328,0.558698,0.659970,0.116063,0.092934,0.260489,0.010898,0.172351,0.110391,-0.152740,-0.013020,0.374828,-0.020160,-0.057344,0.045088
1779680410490941113,2026-05-25T10:40:10.490974,ground_truth,-0.058441,0.369000,0.276441,True,,,,,,,,,-0.042549,0.567220,0.662402,0.119114,0.095992,0.258303,0.010898,0.161873,0.113442,-0.133280,-0.009800,0.368105,-0.015712,-0.060896,0.041024
1779680410541155958,2026-05-25T10:40:10.541190,ground_truth,-0.061291,0.369000,0.279295,True,,,,,,,,,-0.042549,0.567220,0.662402,0.119552,0.099919,0.250890,0.008289,0.153584,0.113442,-0.149100,-0.005460,0.362959,-0.015936,-0.052224,0.039904
1779680410584388107,2026-05-25T10:40:10.584420,ground_truth,-0.062168,0.374000,0.279938,True,,,,,,,,,-0.038223,0.575925,0.664556,0.119114,0.104283,0.250890,0.010898,0.143106,0.116061,-0.144340,0.000000,0.379642,-0.021504,-0.058496,0.041856
1779680410626204583,2026-05-25T10:40:10.626244,ground_truth,-0.063747,0.383000,0.281096,True,,,,,,,,,-0.033962,0.584732,0.666709,0.117370,0.109517,0.250890,0.010898,0.142675,0.116061,-0.169820,-0.009800,0.368271,-0.019936,-0.056320,0.043808
1779680410676609580,2026-05-25T10:40:10.676643,ground_truth,-0.064625,0.388000,0.281739,True,,,,,,,,,-0.033962,0.584732,0.666709,0.119114,0.113006,0.249143,0.010898,0.137436,0.115619,-0.151900,-0.006720,0.367607,-0.020992,-0.057344,0.043872
1779680410723347214,2026-05-25T10:40:10.723378,ground_truth,-0.066574,0.383000,0.281096,True,,,,,,,,,-0.029942,0.593588,0.668790,0.119114,0.113006,0.249143,0.010898,0.137436,0.115619,-0.151900,-0.006720,0.367607,-0.020992,-0.057344,0.043872
1779680410763059174,2026-05-25T10:40:10.763085,ground_truth,-0.069877,0.402000,0.283540,True,,,,,,,,,-0.026023,0.602576,0.670866,0.119114,0.113006,0.249143,0.010898,0.137436,0.115619,-0.151900,-0.006720,0.367607,-0.020992,-0.057344,0.043872
1779680410803463529,2026-05-25T10:40:10.803493,ground_truth,-0.069181,0.398000,0.283026,True,,,,,,,,,-0.026023,0.602576,0.670866,0.119114,0.113006,0.249143,0.010898,0.137436,0.115619,-0.151900,-0.006720,0.367607,-0.020992,-0.057344,0.043872
1779680410841510751,2026-05-25T10:40:10.841539,ground_truth,-0.071984,0.398000,0.283026,True,,,,,,,,,-0.022328,0.611653,0.672867,0.107772,0.129150,0.253069,0.007847,0.126528,0.107772,-0.158620,0.007420,0.369350,-0.018208,-0.050720,0.042464
1779680410879618877,2026-05-25T10:40:10.879643,ground_truth,-0.077856,0.416000,0.285342,True,,,,,,,,,-0.022328,0.611653,0.672867,0.104283,0.137441,0.252630,0.008289,0.118680,0.097294,-0.135380,-0.021700,0.372089,-0.018816,-0.052320,0.043200
1779680410917947758,2026-05-25T10:40:10.917975,ground_truth,-0.081096,0.435000,0.287786,True,,,,,,,,,-0.018624,0.620708,0.674814,0.101225,0.138748,0.253069,0.008289,0.116061,0.099482,-0.135660,-0.029120,0.382547,-0.016992,-0.052544,0.041472
1779680410965406160,2026-05-25T10:40:10.965429,ground_truth,-0.080243,0.430000,0.287143,True,,,,,,,,,-0.014809,0.629753,0.676800,0.094679,0.143988,0.258303,0.007847,0.116061,0.094675,-0.121800,-0.030380,0.371093,-0.016544,-0.052096,0.037792
1779680411006841018,2026-05-25T10:40:11.006869,ground_truth,-0.084513,0.439000,0.288300,True,,,,,,,,,-0.014809,0.629753,0.676800,0.088139,0.148784,0.260050,0.007847,0.110391,0.086386,-0.109060,-0.024360,0.385369,-0.018720,-0.051776,0.039200
1779680411052148903,2026-05-25T10:40:11.052178,ground_truth,-0.087553,0.457000,0.290616,True,,,,,,,,,-0.010948,0.638829,0.678644,0.085081,0.148352,0.260050,0.007847,0.107772,0.083766,-0.110600,-0.003360,0.374994,-0.018944,-0.056896,0.041248
1779680411090643739,2026-05-25T10:40:11.090661,ground_truth,-0.090259,0.457000,0.290616,True,,,,,,,,,-0.007294,0.647357,0.680349,0.085081,0.148352,0.260050,0.007847,0.107772,0.083766,-0.110600,-0.003360,0.374994,-0.018944,-0.056896,0.041248
1779680411127609032,2026-05-25T10:40:11.127632,ground_truth,-0.092433,0.470000,0.292289,True,,,,,,,,,-0.007294,0.647357,0.680349,0.085081,0.148352,0.260050,0.007847,0.107772,0.083766,-0.110600,-0.003360,0.374994,-0.018944,-0.056896,0.041248
1779680411166678946,2026-05-25T10:40:11.166697,ground_truth,-0.095117,0.470000,0.292289,True,,,,,,,,,-0.003524,0.656474,0.682077,0.067192,0.163184,0.267471,0.005228,0.105152,0.064568,-0.115500,-0.041720,0.383958,-0.019648,-0.054880,0.032736
1779680411203024571,2026-05-25T10:40:11.203049,ground_truth,-0.094455,0.466000,0.291774,True,,,,,,,,,-0.003524,0.656474,0.682077,0.060207,0.163184,0.271396,0.008289,0.105152,0.059340,-0.115220,0.002100,0.395329,-0.023040,-0.050432,0.033120
1779680411239591705,2026-05-25T10:40:11.239618,ground_truth,-0.097270,0.483000,0.291294,True,,,,,,,,,0.000016,0.665662,0.683593,0.058901,0.166241,0.273144,0.005228,0.105152,0.056279,-0.091140,-0.021980,0.383460,-0.019712,-0.049760,0.034688
1779680411276978017,2026-05-25T10:40:11.277005,ground_truth,-0.098098,0.488000,0.291946,True,,,,,,,,,0.000016,0.665662,0.683593,0.057156,0.168424,0.277069,0.002609,0.105152,0.054101,-0.097300,-0.031920,0.376571,-0.018272,-0.050944,0.035072
1779680411315929478,2026-05-25T10:40:11.315963,ground_truth,-0.096608,0.479000,0.290773,True,,,,,,,,,0.003480,0.675096,0.684915,0.057156,0.168424,0.277069,0.002609,0.105152,0.054101,-0.097300,-0.031920,0.376571,-0.018272,-0.050944,0.035072
1779680411357157099,2026-05-25T10:40:11.357182,ground_truth,-0.100748,0.504000,0.294031,True,,,,,,,,,0.006761,0.684365,0.686119,0.057156,0.168424,0.277069,0.002609,0.105152,0.054101,-0.097300,-0.031920,0.376571,-0.018272,-0.050944,0.035072
1779680411396856387,2026-05-25T10:40:11.396884,ground_truth,-0.100748,0.504000,0.291399,True,,,,,,,,,0.006761,0.684365,0.686119,0.057156,0.168424,0.277069,0.002609,0.105152,0.054101,-0.097300,-0.031920,0.376571,-0.018272,-0.050944,0.035072
1779680411435401141,2026-05-25T10:40:11.435423,ground_truth,-0.102239,0.513000,0.292586,True,,,,,,,,,0.009889,0.693739,0.687189,0.041012,0.174964,0.284482,0.005670,0.110391,0.040573,-0.100380,-0.052640,0.388606,-0.020096,-0.053760,0.032576
1779680411473069835,2026-05-25T10:40:11.473087,ground_truth,-0.102901,0.517000,0.293114,True,,,,,,,,,0.009889,0.693739,0.687189,0.037523,0.176277,0.282742,0.002609,0.110391,0.037954,-0.110880,-0.074620,0.400641,-0.020928,-0.050272,0.035232
1779680411514665993,2026-05-25T10:40:11.514695,ground_truth,-0.100748,0.504000,0.291399,True,,,,,,,,,0.012827,0.703281,0.688156,0.039267,0.174964,0.288415,0.002609,0.110391,0.037954,-0.113120,-0.046480,0.387029,-0.018592,-0.055936,0.033184
1779680411552918842,2026-05-25T10:40:11.552955,ground_truth,-0.102901,0.517000,0.290503,True,,,,,,,,,0.012827,0.703281,0.688156,0.037523,0.174964,0.290155,0.002609,0.113442,0.037523,-0.116200,-0.053200,0.381053,-0.016992,-0.052096,0.033184
1779680411597152409,2026-05-25T10:40:11.597178,ground_truth,-0.102901,0.517000,0.290503,True,,,,,,,,,0.015583,0.712887,0.689021,0.037523,0.178022,0.288415,0.005670,0.113000,0.037523,-0.107240,-0.077700,0.397155,-0.021152,-0.053824,0.035232
1779680411638825034,2026-05-25T10:40:11.638856,ground_truth,-0.104889,0.529000,0.292106,True,,,,,,,,,0.018120,0.722499,0.689695,0.037523,0.178022,0.288415,0.005670,0.113000,0.037523,-0.107240,-0.077700,0.397155,-0.021152,-0.053824,0.035232
1779680411683180950,2026-05-25T10:40:11.683203,ground_truth,-0.104889,0.529000,0.292106,True,,,,,,,,,0.018120,0.722499,0.689695,0.037523,0.178022,0.288415,0.005670,0.113000,0.037523,-0.107240,-0.077700,0.397155,-0.021152,-0.053824,0.035232
1779680411727528106,2026-05-25T10:40:11.727556,ground_truth,-0.111412,0.553000,0.295312,True,,,,,,,,,0.020496,0.732179,0.690227,0.037523,0.178022,0.288415,0.005670,0.113000,0.037523,-0.107240,-0.077700,0.397155,-0.021152,-0.053824,0.035232
1779680411770814266,2026-05-25T10:40:11.770837,ground_truth,-0.111412,0.553000,0.292760,True,,,,,,,,,0.022871,0.741941,0.690727,0.032720,0.181511,0.291902,0.002609,0.113000,0.032284,-0.090440,-0.099120,0.409605,-0.020544,-0.051712,0.035136
1779680411809449355,2026-05-25T10:40:11.809475,ground_truth,-0.112724,0.561000,0.293842,True,,,,,,,,,0.022871,0.741941,0.690727,0.029231,0.181511,0.299323,0.003051,0.113000,0.029665,-0.103460,-0.055720,0.385120,-0.016992,-0.056448,0.031680
1779680411847663006,2026-05-25T10:40:11.847687,ground_truth,-0.110189,0.561000,0.293842,True,,,,,,,,,0.025145,0.751655,0.691117,0.026174,0.187619,0.299323,0.002609,0.115619,0.024426,-0.113680,-0.074060,0.402384,-0.018048,-0.050656,0.034304
1779680411908175056,2026-05-25T10:40:11.908201,ground_truth,-0.109526,0.557000,0.288211,True,,,,,,,,,0.027296,0.761372,0.691480,0.024429,0.189802,0.302810,0.005228,0.110391,0.024426,-0.102900,-0.104440,0.407862,-0.018496,-0.054048,0.033120
1779680411952206002,2026-05-25T10:40:11.952231,ground_truth,-0.112011,0.572000,0.290289,True,,,,,,,,,0.027296,0.761372,0.691480,0.024429,0.189802,0.302810,0.005228,0.110391,0.024426,-0.102900,-0.104440,0.407862,-0.018496,-0.054048,0.033120
1779680412014846117,2026-05-25T10:40:12.014874,ground_truth,-0.114527,0.572000,0.285248,True,,,,,,,,,0.029278,0.771269,0.691652,0.024429,0.191108,0.303248,0.002609,0.113000,0.021807,-0.087360,-0.099820,0.402052,-0.019488,-0.056832,0.033632
1779680412057614799,2026-05-25T10:40:12.057641,ground_truth,-0.120204,0.576000,0.283302,True,,,,,,,,,0.031164,0.781006,0.691621,0.024429,0.191108,0.303248,0.002609,0.113000,0.021807,-0.087360,-0.099820,0.402052,-0.019488,-0.056832,0.033632
1779680412091978513,2026-05-25T10:40:12.091999,ground_truth,-0.122132,0.588000,0.282529,True,,,,,,,,,0.033041,0.790250,0.691366,0.024429,0.191108,0.303248,0.002609,0.113000,0.021807,-0.087360,-0.099820,0.402052,-0.019488,-0.056832,0.033632
1779680412126720093,2026-05-25T10:40:12.126745,ground_truth,-0.122614,0.591000,0.280475,True,,,,,,,,,0.033041,0.790250,0.691366,0.024429,0.191108,0.303248,0.002609,0.113000,0.021807,-0.087360,-0.099820,0.402052,-0.019488,-0.056832,0.033632
1779680412161839356,2026-05-25T10:40:12.161860,ground_truth,-0.126372,0.599000,0.279173,True,,,,,,,,,0.035193,0.799599,0.690603,0.006540,0.202457,0.314156,0.000000,0.113442,0.005228,-0.088620,-0.125160,0.405621,-0.018496,-0.050816,0.032576
1779680412205962704,2026-05-25T10:40:12.206034,ground_truth,-0.126849,0.602000,0.277147,True,,,,,,,,,0.035193,0.799599,0.690603,0.003051,0.202457,0.318081,0.000000,0.115619,0.005228,-0.089880,-0.131320,0.403214,-0.019712,-0.054656,0.032896
1779680412242105370,2026-05-25T10:40:12.242129,ground_truth,-0.129947,0.606000,0.275283,True,,,,,,,,,0.037731,0.809106,0.689462,0.001307,0.202457,0.321576,0.000000,0.116061,0.002609,-0.090440,-0.087360,0.394582,-0.021376,-0.051328,0.032672
1779680412289424270,2026-05-25T10:40:12.289456,ground_truth,-0.131048,0.613000,0.273891,True,,,,,,,,,0.037731,0.809106,0.689462,0.000000,0.207253,0.323316,0.000000,0.115619,0.002609,-0.084280,-0.123900,0.407862,-0.023328,-0.056832,0.031232
1779680412326530614,2026-05-25T10:40:12.326560,ground_truth,-0.132308,0.621000,0.270238,True,,,,,,,,,0.040168,0.817696,0.688275,0.000000,0.208997,0.327249,0.000000,0.118680,0.000000,-0.042140,-0.128940,0.399230,-0.025600,-0.056224,0.024768
1779680412368161756,2026-05-25T10:40:12.368195,ground_truth,-0.134121,0.617000,0.267165,True,,,,,,,,,0.042873,0.826669,0.686618,0.001744,0.208997,0.328989,0.000000,0.118680,0.000000,0.021980,-0.134820,0.400309,-0.027456,-0.058176,0.011040
1779680412413890310,2026-05-25T10:40:12.413908,ground_truth,-0.138722,0.631000,0.264534,True,,,,,,,,,0.042873,0.826669,0.686618,0.004796,0.214237,0.336409,0.002609,0.121300,0.002609,0.087080,-0.136640,0.405455,-0.036064,-0.054784,-0.018496
1779680412464878773,2026-05-25T10:40:12.464895,ground_truth,-0.141142,0.631000,0.259687,True,,,,,,,,,0.045695,0.835948,0.684271,0.008285,0.214237,0.334662,0.000000,0.121300,0.008289,0.078680,-0.141960,0.408028,-0.045152,-0.053984,-0.019424
1779680412501589361,2026-05-25T10:40:12.501625,ground_truth,-0.141752,0.635000,0.257930,True,,,,,,,,,0.048404,0.844452,0.681738,0.008285,0.212493,0.332483,0.000000,0.120858,0.005228,0.077140,-0.142520,0.405455,-0.054656,-0.055392,-0.024320
1779680412543859908,2026-05-25T10:40:12.543886,ground_truth,-0.146277,0.649000,0.257866,True,,,,,,,,,0.048404,0.844452,0.681738,0.009598,0.212493,0.336409,0.002609,0.121300,0.007847,0.082460,-0.149660,0.406866,-0.064224,-0.052480,-0.021056
1779680412580119502,2026-05-25T10:40:12.580142,ground_truth,-0.146277,0.649000,0.253078,True,,,,,,,,,0.051672,0.853102,0.678507,0.010029,0.212493,0.334231,0.000000,0.121300,0.007847,0.096600,-0.162960,0.402882,-0.073856,-0.055936,-0.022560
1779680412618414568,2026-05-25T10:40:12.618443,ground_truth,-0.145674,0.645000,0.249993,True,,,,,,,,,0.051672,0.853102,0.678507,0.007853,0.210311,0.330736,0.000000,0.118238,0.007847,0.101920,-0.166040,0.404459,-0.080704,-0.051552,-0.023616
1779680412656016594,2026-05-25T10:40:12.656049,ground_truth,-0.147333,0.656000,0.249513,True,,,,,,,,,0.055141,0.861801,0.674947,0.010029,0.210742,0.328989,0.000000,0.116061,0.008289,0.095060,-0.151900,0.386531,-0.084928,-0.051104,-0.022272
1779680412694997975,2026-05-25T10:40:12.695018,ground_truth,-0.150160,0.659000,0.247660,True,,,,,,,,,0.058362,0.870050,0.671497,0.010029,0.210742,0.328989,0.000000,0.116061,0.008289,0.095060,-0.151900,0.386531,-0.084928,-0.051104,-0.022272
1779680412734598601,2026-05-25T10:40:12.734623,ground_truth,-0.151652,0.669000,0.247062,True,,,,,,,,,0.058362,0.870050,0.671497,0.010029,0.210742,0.328989,0.000000,0.116061,0.008289,0.095060,-0.151900,0.386531,-0.084928,-0.051104,-0.022272
1779680412772295033,2026-05-25T10:40:12.772313,ground_truth,-0.151204,0.666000,0.244162,True,,,,,,,,,0.061625,0.878649,0.667787,0.003489,0.210742,0.318081,0.002609,0.104710,0.003051,0.105980,-0.159600,0.405289,-0.099680,-0.050272,-0.025216
1779680412830349993,2026-05-25T10:40:12.830368,ground_truth,-0.153567,0.666000,0.241796,True,,,,,,,,,0.064547,0.886555,0.664308,0.000000,0.212055,0.310230,0.000000,0.099914,0.000000,0.097580,-0.193620,0.402384,-0.099008,-0.054656,-0.020768
1779680412868549718,2026-05-25T10:40:12.868583,ground_truth,-0.158264,0.682000,0.237677,True,,,,,,,,,0.064547,0.886555,0.664308,0.000000,0.214237,0.310661,0.000000,0.096863,0.000000,0.021980,-0.182560,0.405621,-0.095680,-0.051328,-0.001792
1779680412911324094,2026-05-25T10:40:12.911351,ground_truth,-0.157389,0.676000,0.231862,True,,,,,,,,,0.067629,0.894713,0.660413,0.003489,0.213800,0.310230,0.000000,0.091193,0.005670,-0.047040,-0.167300,0.404210,-0.092224,-0.055264,0.023776
1779680412948360058,2026-05-25T10:40:12.948382,ground_truth,-0.161178,0.686000,0.231423,True,,,,,,,,,0.067629,0.894713,0.660413,0.006540,0.217289,0.306736,0.000000,0.091624,0.007847,-0.070980,-0.198660,0.404957,-0.090048,-0.051040,0.026880
1779680412985259897,2026-05-25T10:40:12.985284,ground_truth,-0.160168,0.679000,0.225396,True,,,,,,,,,0.070837,0.902996,0.656062,0.008285,0.215544,0.299323,0.000000,0.085954,0.010898,-0.078960,-0.185640,0.411099,-0.083040,-0.046432,0.031072
1779680413022676962,2026-05-25T10:40:13.022705,ground_truth,-0.163508,0.686000,0.222091,True,,,,,,,,,0.070837,0.902996,0.656062,0.010029,0.215544,0.293650,0.000000,0.078096,0.008289,-0.094500,-0.191800,0.417656,-0.074752,-0.048096,0.033344
1779680413064790607,2026-05-25T10:40:13.064817,ground_truth,-0.167106,0.695000,0.216915,True,,,,,,,,,0.073743,0.910404,0.651967,0.013087,0.217289,0.287977,0.000000,0.070249,0.013517,-0.080500,-0.208600,0.387776,-0.060512,-0.050592,0.033120
1779680413101830525,2026-05-25T10:40:13.101867,ground_truth,-0.170397,0.702000,0.213720,True,,,,,,,,,0.076729,0.917905,0.647377,0.013087,0.215544,0.280556,0.000000,0.067629,0.013517,-0.095060,-0.223160,0.391843,-0.052384,-0.045984,0.034080
1779680413145165980,2026-05-25T10:40:13.145183,ground_truth,-0.173114,0.705000,0.212036,True,,,,,,,,,0.076729,0.917905,0.647377,0.016576,0.215544,0.276631,0.000000,0.061949,0.013517,-0.100380,-0.214480,0.382381,-0.038464,-0.049216,0.033952
1779680413186678851,2026-05-25T10:40:13.186702,ground_truth,-0.172287,0.699000,0.206167,True,,,,,,,,,0.079911,0.925569,0.642349,0.016138,0.215544,0.274883,0.003051,0.059340,0.016137,-0.093520,-0.224420,0.407530,-0.029664,-0.043744,0.034560
1779680413240037380,2026-05-25T10:40:13.240063,ground_truth,-0.171736,0.695000,0.198370,True,,,,,,,,,0.082757,0.932294,0.637695,0.016138,0.215544,0.274883,0.003051,0.059340,0.016137,-0.093520,-0.224420,0.407530,-0.029664,-0.043744,0.034560
1779680413294880988,2026-05-25T10:40:13.294907,ground_truth,-0.175412,0.705000,0.195923,True,,,,,,,,,0.085336,0.938155,0.633209,0.016138,0.217289,0.277069,0.000000,0.056279,0.016137,-0.097860,-0.228760,0.387029,-0.023936,-0.045376,0.033184
1779680413340803969,2026-05-25T10:40:13.340833,ground_truth,-0.175004,0.702000,0.188346,True,,,,,,,,,0.085336,0.938155,0.633209,0.016576,0.215544,0.269649,0.000000,0.053659,0.019198,-0.098560,-0.250460,0.399977,-0.016704,-0.043040,0.032672
1779680413407904476,2026-05-25T10:40:13.407930,ground_truth,-0.175820,0.708000,0.185096,True,,,,,,,,,0.088116,0.943896,0.627804,0.016576,0.213800,0.273144,0.002609,0.054101,0.016137,-0.100940,-0.235900,0.379974,-0.015872,-0.043040,0.033792
1779680413443117455,2026-05-25T10:40:13.443149,ground_truth,-0.176773,0.715000,0.177545,True,,,,,,,,,0.090591,0.948918,0.622521,0.016576,0.213800,0.273144,0.002609,0.054101,0.016137,-0.100940,-0.235900,0.379974,-0.015872,-0.043040,0.033792
1779680413478716158,2026-05-25T10:40:13.478741,ground_truth,-0.177998,0.724000,0.172838,True,,,,,,,,,0.090591,0.948918,0.622521,0.016576,0.213800,0.273144,0.002609,0.054101,0.016137,-0.100940,-0.235900,0.379974,-0.015872,-0.043040,0.033792
1779680413512417911,2026-05-25T10:40:13.512467,ground_truth,-0.180669,0.727000,0.166757,True,,,,,,,,,0.093228,0.953986,0.616037,0.016576,0.213800,0.273144,0.002609,0.054101,0.016137,-0.100940,-0.235900,0.379974,-0.015872,-0.043040,0.033792
1779680413557888837,2026-05-25T10:40:13.557912,ground_truth,-0.181072,0.730000,0.160706,True,,,,,,,,,0.095497,0.958606,0.609984,0.018320,0.214237,0.269210,0.003051,0.053659,0.016137,-0.105700,-0.233380,0.386199,-0.015488,-0.042752,0.033568
1779680413604314205,2026-05-25T10:40:13.604344,ground_truth,-0.186374,0.736000,0.148692,True,,,,,,,,,0.095497,0.958606,0.609984,0.016576,0.205946,0.249143,0.003051,0.040573,0.016137,-0.084000,-0.269360,0.391511,-0.019104,-0.044704,0.037408
1779680413647684294,2026-05-25T10:40:13.647744,ground_truth,-0.187161,0.742000,0.145761,True,,,,,,,,,0.097922,0.963652,0.602840,0.016138,0.204202,0.241292,0.000000,0.037523,0.016137,-0.093520,-0.262780,0.394416,-0.016480,-0.045088,0.034016
1779680413692545876,2026-05-25T10:40:13.692568,ground_truth,-0.187161,0.742000,0.143520,True,,,,,,,,,0.100179,0.968291,0.596116,0.016138,0.202889,0.239976,0.002609,0.034903,0.016137,-0.096040,-0.277060,0.385867,-0.018144,-0.042304,0.031840
1779680413737646343,2026-05-25T10:40:13.737668,ground_truth,-0.186374,0.736000,0.132937,True,,,,,,,,,0.100179,0.968291,0.596116,0.016138,0.199400,0.230377,0.000000,0.029665,0.016137,-0.107800,-0.286020,0.368520,-0.017440,-0.040128,0.031680
1779680413773361510,2026-05-25T10:40:13.773395,ground_truth,-0.186768,0.739000,0.127009,True,,,,,,,,,0.102512,0.973548,0.588400,0.016576,0.197655,0.226890,0.003051,0.029665,0.016137,-0.103460,-0.272720,0.388108,-0.016256,-0.038752,0.032672
1779680413816443621,2026-05-25T10:40:13.816461,ground_truth,-0.185981,0.733000,0.120848,True,,,,,,,,,0.102512,0.973548,0.588400,0.016576,0.196348,0.222964,0.002609,0.026614,0.016137,-0.105280,-0.302120,0.389768,-0.019424,-0.039680,0.034400
1779680413853978724,2026-05-25T10:40:13.853999,ground_truth,-0.186768,0.739000,0.118025,True,,,,,,,,,0.104504,0.978596,0.580032,0.016576,0.196348,0.222964,0.002609,0.026614,0.016137,-0.105280,-0.302120,0.389768,-0.019424,-0.039680,0.034400
1779680413904146300,2026-05-25T10:40:13.904171,ground_truth,-0.184126,0.736000,0.112679,True,,,,,,,,,0.106329,0.983354,0.571512,0.016576,0.196348,0.222964,0.002609,0.026614,0.016137,-0.105280,-0.302120,0.389768,-0.019424,-0.039680,0.034400
1779680413943264905,2026-05-25T10:40:13.943286,ground_truth,-0.179631,0.736000,0.112679,True,,,,,,,,,0.106329,0.983354,0.571512,0.016576,0.196348,0.222964,0.002609,0.026614,0.016137,-0.105280,-0.302120,0.389768,-0.019424,-0.039680,0.034400
1779680413990416025,2026-05-25T10:40:13.990438,ground_truth,-0.178814,0.730000,0.106449,True,,,,,,,,,0.107738,0.987696,0.562878,0.016138,0.163621,0.147037,0.000000,0.007847,0.019198,-0.109620,-0.321440,0.344450,-0.017536,0.037632,0.034624
1779680414028534385,2026-05-25T10:40:14.028552,ground_truth,-0.178406,0.727000,0.096523,True,,,,,,,,,0.108858,0.991815,0.554380,0.016576,0.158819,0.130025,0.002609,0.032284,0.018756,-0.111860,-0.324800,0.340300,-0.015872,0.040800,0.036192
1779680414069230272,2026-05-25T10:40:14.069249,ground_truth,-0.174491,0.715000,0.092988,True,,,,,,,,,0.108858,0.991815,0.554380,0.017889,0.155330,0.116932,0.002609,0.037954,0.016137,-0.096320,-0.338800,0.354410,-0.017984,0.043424,0.036288
1779680414108938011,2026-05-25T10:40:14.108957,ground_truth,-0.170815,0.705000,0.087740,True,,,,,,,,,0.109506,0.995589,0.545105,0.016138,0.153148,0.107772,0.000000,0.045812,0.016137,-0.100100,-0.344960,0.353497,-0.019488,0.046208,0.035904
1779680414148429185,2026-05-25T10:40:14.148446,ground_truth,-0.172209,0.715000,0.083846,True,,,,,,,,,0.109506,0.995589,0.545105,0.016138,0.150097,0.106025,0.002609,0.048863,0.016137,-0.111860,-0.317380,0.343703,-0.018816,0.044192,0.036512
1779680414187239786,2026-05-25T10:40:14.187263,ground_truth,-0.168093,0.702000,0.075318,True,,,,,,,,,0.109514,0.998196,0.535500,0.016576,0.150097,0.102538,0.000000,0.051040,0.016137,-0.110040,-0.329420,0.333411,-0.016928,0.042688,0.036512
1779680414226052594,2026-05-25T10:40:14.226075,ground_truth,-0.166683,0.692000,0.067627,True,,,,,,,,,0.109169,0.999768,0.526388,0.016576,0.150097,0.102538,0.000000,0.051040,0.016137,-0.110040,-0.329420,0.333411,-0.016928,0.042688,0.036512
1779680414265809906,2026-05-25T10:40:14.265840,ground_truth,-0.172627,0.718000,0.061945,True,,,,,,,,,0.109169,0.999768,0.526388,0.016576,0.150097,0.102538,0.000000,0.051040,0.016137,-0.110040,-0.329420,0.333411,-0.016928,0.042688,0.036512
1779680414311280620,2026-05-25T10:40:14.311308,ground_truth,-0.174491,0.715000,0.051851,True,,,,,,,,,0.107999,0.999426,0.516599,0.016576,0.150097,0.102538,0.000000,0.051040,0.016137,-0.110040,-0.329420,0.333411,-0.016928,0.042688,0.036512
1779680414357057116,2026-05-25T10:40:14.357076,ground_truth,-0.177998,0.724000,0.047957,True,,,,,,,,,0.106884,0.998431,0.508102,0.016576,0.150097,0.102538,0.000000,0.051040,0.016137,-0.110040,-0.329420,0.333411,-0.016928,0.042688,0.036512
1779680414399163143,2026-05-25T10:40:14.399188,ground_truth,-0.173643,0.692000,0.037426,True,,,,,,,,,0.106884,0.998431,0.508102,0.014831,0.158388,0.096865,0.000000,0.067629,0.013517,-0.079660,-0.333480,0.333411,-0.019776,0.046432,0.032224
1779680414435336736,2026-05-25T10:40:14.435357,ground_truth,-0.174596,0.699000,0.037418,True,,,,,,,,,0.105679,0.996486,0.498770,0.010029,0.165366,0.078098,0.000000,0.086386,0.008289,-0.078680,-0.362880,0.338889,-0.021504,0.045920,0.034304
1779680414471093338,2026-05-25T10:40:14.471114,ground_truth,-0.173643,0.692000,0.030457,True,,,,,,,,,0.105679,0.996486,0.498770,0.004796,0.160133,0.066752,0.000000,0.094244,0.008289,-0.091420,-0.343140,0.327933,-0.021056,0.049312,0.032288
1779680414507786135,2026-05-25T10:40:14.507815,ground_truth,-0.172700,0.702000,0.031490,True,,,,,,,,,0.104399,0.993672,0.489302,0.005233,0.160133,0.063265,0.000000,0.097294,0.005228,-0.096320,-0.357980,0.321210,-0.020608,0.052096,0.034080
1779680414551615815,2026-05-25T10:40:14.551647,ground_truth,-0.168517,0.705000,0.032497,True,,,,,,,,,0.104399,0.993672,0.489302,0.003051,0.156637,0.046685,0.000000,0.107772,0.002609,-0.085120,-0.382480,0.329261,-0.019712,0.048864,0.033280
1779680414604394235,2026-05-25T10:40:14.604419,ground_truth,-0.165790,0.702000,0.026877,True,,,,,,,,,0.103115,0.990297,0.479993,0.000000,0.146601,0.030105,0.000000,0.118680,0.000000,-0.072800,-0.372540,0.313159,-0.021280,0.047712,0.028960
1779680414647430077,2026-05-25T10:40:14.647459,ground_truth,-0.165790,0.702000,0.024570,True,,,,,,,,,0.101820,0.986826,0.470913,0.000000,0.143988,0.014833,0.000000,0.129589,0.000000,-0.022260,-0.379400,0.286101,-0.021504,0.054720,0.019264
1779680414694400445,2026-05-25T10:40:14.694424,ground_truth,-0.164785,0.711000,0.023052,True,,,,,,,,,0.100611,0.983638,0.462889,0.004796,0.132208,0.038826,0.000000,0.183259,0.005228,0.070280,-0.405720,0.084079,-0.023616,0.057952,-0.025600
1779680414738057683,2026-05-25T10:40:14.738079,ground_truth,-0.157024,0.705000,0.016385,True,,,,,,,,,0.100611,0.983638,0.462889,0.011342,0.110823,0.106025,0.000000,0.234310,0.013517,0.111580,-0.424900,0.058017,-0.031296,0.063840,-0.028736
1779680414775971970,2026-05-25T10:40:14.775999,ground_truth,-0.154272,0.702000,0.010730,True,,,,,,,,,0.099279,0.980479,0.454447,0.013087,0.098174,0.147037,0.000000,0.253066,0.016137,0.093800,-0.414400,0.044571,-0.040864,0.065120,-0.032800
1779680414811606092,2026-05-25T10:40:14.811631,ground_truth,-0.157919,0.711000,0.011592,True,,,,,,,,,0.099279,0.980479,0.454447,0.014831,0.084643,0.184131,0.000000,0.269214,0.016137,0.087640,-0.441420,0.037018,-0.052096,0.066560,-0.034080
1779680414844737741,2026-05-25T10:40:14.844764,ground_truth,-0.160306,0.727000,0.012694,True,,,,,,,,,0.097702,0.978024,0.445746,0.014831,0.076790,0.200711,0.000000,0.280553,0.018756,0.089180,-0.418460,0.021331,-0.059552,0.068864,-0.033856
1779680414879117938,2026-05-25T10:40:14.879148,ground_truth,-0.159411,0.721000,0.008287,True,,,,,,,,,0.097702,0.978024,0.445746,0.014831,0.055412,0.245217,0.000000,0.299320,0.016137,0.117460,-0.479780,0.030793,-0.074528,0.066912,-0.032736
1779680414928808211,2026-05-25T10:40:14.928841,ground_truth,-0.159411,0.721000,0.003736,True,,,,,,,,,0.096169,0.976806,0.437141,0.014831,0.035778,0.271396,0.000000,0.296259,0.016137,0.115920,-0.472640,0.048223,-0.088672,0.065024,-0.031616
1779680414966328282,2026-05-25T10:40:14.966352,ground_truth,-0.159411,0.721000,-0.009917,True,,,,,,,,,0.094703,0.976327,0.429994,0.011342,0.019634,0.282304,0.000000,0.287970,0.013086,0.093240,-0.465500,0.033200,-0.098304,0.068128,-0.030016
1779680415007513151,2026-05-25T10:40:15.007534,ground_truth,-0.163011,0.730000,-0.011107,True,,,,,,,,,0.094703,0.976327,0.429994,0.011342,0.008285,0.295828,0.000000,0.285361,0.013517,0.079240,-0.506800,0.030627,-0.101344,0.068800,-0.028960
1779680415053484405,2026-05-25T10:40:15.053530,ground_truth,-0.161683,0.721000,-0.021295,True,,,,,,,,,0.092916,0.976547,0.422851,0.006540,0.004796,0.312408,0.002609,0.296259,0.007847,0.098840,-0.736820,0.026145,-0.098848,0.071200,-0.030720
1779680415092337934,2026-05-25T10:40:15.092363,ground_truth,-0.163011,0.730000,-0.017889,True,,,,,,,,,0.091466,0.977223,0.416841,0.006540,0.014831,0.315903,0.002609,0.301940,0.005670,0.097860,-0.783580,0.029797,-0.096960,0.066176,-0.031072
1779680415144179840,2026-05-25T10:40:15.144204,ground_truth,-0.162569,0.727000,-0.019025,True,,,,,,,,,0.091466,0.977223,0.416841,0.006540,0.020940,0.316334,0.000000,0.293650,0.005228,0.093240,-0.761600,0.048721,-0.094176,0.068352,-0.031840
1779680415182246092,2026-05-25T10:40:15.182274,ground_truth,-0.158963,0.718000,-0.022430,True,,,,,,,,,0.090107,0.979494,0.410742,0.006540,0.020940,0.316334,0.000000,0.293650,0.005228,0.093240,-0.761600,0.048721,-0.094176,0.068352,-0.031840
1779680415223269015,2026-05-25T10:40:15.223294,ground_truth,-0.155178,0.708000,-0.026214,True,,,,,,,,,0.089060,0.981672,0.405576,0.006540,0.020940,0.316334,0.000000,0.293650,0.005228,0.093240,-0.761600,0.048721,-0.094176,0.068352,-0.031840
1779680415260755916,2026-05-25T10:40:15.260780,ground_truth,-0.152594,0.721000,-0.021295,True,,,,,,,,,0.089060,0.981672,0.405576,0.006540,0.020940,0.316334,0.000000,0.293650,0.005228,0.093240,-0.761600,0.048721,-0.094176,0.068352,-0.031840
1779680415304012971,2026-05-25T10:40:15.304046,ground_truth,-0.148297,0.708000,-0.026214,True,,,,,,,,,0.087798,0.983992,0.399801,0.009598,0.000000,0.269210,0.000000,0.269645,0.010898,0.084560,-0.725620,0.034445,-0.090400,0.063232,-0.036800
1779680415341019919,2026-05-25T10:40:15.341045,ground_truth,-0.146475,0.711000,-0.025079,True,,,,,,,,,0.087798,0.983992,0.399801,0.011342,0.010029,0.243470,0.002609,0.258736,0.013517,0.089460,-0.501200,0.055444,-0.093568,0.058560,-0.037696
1779680415378378020,2026-05-25T10:40:15.378408,ground_truth,-0.143709,0.708000,-0.026214,True,,,,,,,,,0.086190,0.985793,0.393864,0.011342,0.010029,0.243470,0.002609,0.258736,0.013517,0.089460,-0.501200,0.055444,-0.093568,0.058560,-0.037696
1779680415426563449,2026-05-25T10:40:15.426602,ground_truth,-0.138362,0.689000,-0.033403,True,,,,,,,,,0.084891,0.986967,0.389157,0.011342,0.010029,0.243470,0.002609,0.258736,0.013517,0.089460,-0.501200,0.055444,-0.093568,0.058560,-0.037696
1779680415462708192,2026-05-25T10:40:15.462743,ground_truth,-0.139327,0.695000,-0.031133,True,,,,,,,,,0.084891,0.986967,0.389157,0.011342,0.010029,0.243470,0.002609,0.258736,0.013517,0.089460,-0.501200,0.055444,-0.093568,0.058560,-0.037696
1779680416023742960,2026-05-25T10:40:16.023767,ground_truth,-0.130985,0.628000,-0.056484,True,,,,,,,,,0.082317,0.987312,0.382762,0.024867,0.062390,0.012647,0.003051,0.080716,0.023995,0.102480,-0.474600,0.115204,-0.100352,0.042752,-0.030784
1779680416070249468,2026-05-25T10:40:16.070275,ground_truth,-0.125350,0.638000,-0.052700,True,,,,,,,,,0.082317,0.987312,0.382762,0.024867,0.062390,0.012647,0.003051,0.080716,0.023995,0.102480,-0.474600,0.115204,-0.100352,0.042752,-0.030784
1779680416107053480,2026-05-25T10:40:16.107074,ground_truth,-0.124858,0.635000,-0.053835,True,,,,,,,,,0.081419,0.986411,0.380941,0.024867,0.062390,0.012647,0.003051,0.080716,0.023995,0.102480,-0.474600,0.115204,-0.100352,0.042752,-0.030784
1779680416145387872,2026-05-25T10:40:16.145425,ground_truth,-0.124858,0.635000,-0.053835,True,,,,,,,,,0.081419,0.986411,0.380941,0.022685,0.054105,0.018759,0.000000,0.072857,0.021375,0.092260,-0.441700,0.114872,-0.101696,0.041856,-0.030400
1779680416182440484,2026-05-25T10:40:16.182474,ground_truth,-0.123604,0.642000,-0.051187,True,,,,,,,,,0.079630,0.983988,0.377820,0.003489,0.006540,0.007413,0.000000,0.010898,0.002609,0.100380,-0.470260,0.110805,-0.100352,0.034080,-0.027904
1779680416225330070,2026-05-25T10:40:16.225356,ground_truth,-0.123604,0.642000,-0.051187,True,,,,,,,,,0.076925,0.979703,0.373736,0.000000,0.001744,0.000000,0.000000,0.000000,0.000000,0.104720,-0.459060,0.108896,-0.096000,0.035232,-0.025056
1779680416261870741,2026-05-25T10:40:16.261900,ground_truth,-0.119982,0.649000,-0.048538,True,,,,,,,,,0.076925,0.979703,0.373736,0.001307,0.000000,0.000000,0.000000,0.000000,0.000000,0.098140,-0.466480,0.116781,-0.094784,0.033280,-0.023328
1779680416303027392,2026-05-25T10:40:16.303056,ground_truth,-0.116910,0.645000,-0.050052,True,,,,,,,,,0.073415,0.973365,0.369485,0.000000,0.000000,0.000000,0.000000,0.000000,0.000000,0.094500,-0.476140,0.120931,-0.093280,0.031744,-0.020928
1779680416337627635,2026-05-25T10:40:16.337656,ground_truth,-0.111649,0.656000,-0.045889,True,,,,,,,,,0.073415,0.973365,0.369485,0.000000,0.000000,0.000000,0.000000,0.000000,0.000000,0.094500,-0.476140,0.120931,-0.093280,0.031744,-0.020928
1779680416371730960,2026-05-25T10:40:16.371761,ground_truth,-0.109192,0.642000,-0.051187,True,,,,,,,,,0.069130,0.965083,0.365948,0.000000,0.000000,0.000000,0.000000,0.000000,0.000000,0.094500,-0.476140,0.120931,-0.093280,0.031744,-0.020928
1779680416406347695,2026-05-25T10:40:16.406399,ground_truth,-0.108561,0.652000,-0.047403,True,,,,,,,,,0.069130,0.965083,0.365948,0.000000,0.000000,0.000000,0.000000,0.000000,0.000000,0.094500,-0.476140,0.120931,-0.093280,0.031744,-0.020928
1779680416442823122,2026-05-25T10:40:16.442854,ground_truth,-0.107322,0.645000,-0.050052,True,,,,,,,,,0.064633,0.956796,0.362645,0.000000,0.000000,0.000000,0.000000,0.000000,0.000000,0.094500,-0.481320,0.123172,-0.093184,0.031008,-0.019040
1779680416481906149,2026-05-25T10:40:16.481931,ground_truth,-0.109192,0.642000,-0.051187,True,,,,,,,,,0.064633,0.956796,0.362645,0.000000,0.000000,0.000000,0.000000,0.000000,0.000000,0.094500,-0.481320,0.123172,-0.093184,0.031008,-0.019040
1779680416517993543,2026-05-25T10:40:16.518021,ground_truth,-0.108490,0.638000,-0.052700,True,,,,,,,,,0.060063,0.948536,0.359427,0.000000,0.000000,0.000000,0.000000,0.000000,0.000000,0.094500,-0.481320,0.123172,-0.093184,0.031008,-0.019040
1779680416557233838,2026-05-25T10:40:16.557256,ground_truth,-0.103137,0.635000,-0.053835,True,,,,,,,,,0.055539,0.940178,0.356276,0.004796,0.001744,0.039265,0.000000,0.034903,0.005228,0.118300,-0.710500,0.072459,-0.082656,0.044256,-0.032064
1779680416595392146,2026-05-25T10:40:16.595418,ground_truth,-0.105640,0.649000,-0.048538,True,,,,,,,,,0.055539,0.940178,0.356276,0.008285,0.006540,0.063265,0.000000,0.056721,0.008289,0.114940,-0.755160,0.063329,-0.083040,0.040032,-0.031456
1779680416635710165,2026-05-25T10:40:16.635735,ground_truth,-0.102422,0.631000,-0.055349,True,,,,,,,,,0.050989,0.931703,0.353590,0.011780,0.016138,0.094679,0.000000,0.080716,0.010467,0.112840,-0.787080,0.046646,-0.086336,0.045376,-0.032224
1779680416677565118,2026-05-25T10:40:16.677606,ground_truth,-0.097582,0.631000,-0.055349,True,,,,,,,,,0.050989,0.931703,0.353590,0.014831,0.026174,0.137877,0.000000,0.110391,0.013517,0.121100,-0.810880,0.032204,-0.092960,0.053152,-0.032512
1779680416715116164,2026-05-25T10:40:16.715144,ground_truth,-0.092591,0.617000,-0.060646,True,,,,,,,,,0.045972,0.923473,0.351410,0.017889,0.037523,0.180205,0.003051,0.140498,0.016137,0.108500,-0.816760,0.004648,-0.099520,0.049088,-0.032896
1779680416758863290,2026-05-25T10:40:16.758892,ground_truth,-0.096448,0.638000,-0.052700,True,,,,,,,,,0.041440,0.917322,0.349743,0.022685,0.063703,0.258303,0.002609,0.199396,0.024426,0.109060,-0.833280,-0.002988,-0.104416,0.051424,-0.035520
1779680416802690980,2026-05-25T10:40:16.802723,ground_truth,-0.094611,0.628000,-0.056484,True,,,,,,,,,0.041440,0.917322,0.349743,0.024867,0.075045,0.295828,0.005228,0.215543,0.023995,0.120260,-0.871360,-0.003486,-0.100352,0.061120,-0.036064
1779680416841897904,2026-05-25T10:40:16.841919,ground_truth,-0.095897,0.635000,-0.053835,True,,,,,,,,,0.036508,0.913073,0.348549,0.027487,0.094679,0.338156,0.003051,0.242599,0.029665,0.129500,-0.862400,-0.009462,-0.097024,0.057504,-0.035520
1779680416878270182,2026-05-25T10:40:16.878295,ground_truth,-0.095162,0.631000,-0.055349,True,,,,,,,,,0.036508,0.913073,0.348549,0.032283,0.114319,0.383094,0.000000,0.269214,0.029665,0.116200,-0.882840,-0.003818,-0.102848,0.066080,-0.035840
1779680416920282655,2026-05-25T10:40:16.920314,ground_truth,-0.092591,0.617000,-0.060646,True,,,,,,,,,0.031957,0.910251,0.347536,0.035778,0.123917,0.397935,0.000000,0.280553,0.034903,0.105700,-0.879340,-0.004482,-0.104352,0.064128,-0.033504
1779680416957602240,2026-05-25T10:40:16.957627,ground_truth,-0.091856,0.613000,-0.062160,True,,,,,,,,,0.029032,0.908318,0.346338,0.034034,0.132208,0.403169,0.005228,0.277503,0.035335,0.115220,-0.844620,0.007802,-0.101344,0.067360,-0.036352
1779680416995279835,2026-05-25T10:40:16.995305,ground_truth,-0.091856,0.613000,-0.062160,True,,,,,,,,,0.029032,0.908318,0.346338,0.037523,0.130457,0.401422,0.000000,0.269645,0.040573,0.115220,-0.819560,0.009628,-0.103424,0.066464,-0.033792
1779680417036227939,2026-05-25T10:40:17.036260,ground_truth,-0.091445,0.624000,-0.057997,True,,,,,,,,,0.026941,0.905211,0.344750,0.037523,0.130895,0.399674,0.002609,0.267025,0.040573,0.114660,-0.835940,-0.010375,-0.102400,0.061440,-0.034784
1779680417074304121,2026-05-25T10:40:17.074331,ground_truth,-0.090889,0.621000,-0.059133,True,,,,,,,,,0.026941,0.905211,0.344750,0.040574,0.130895,0.401422,0.003051,0.274884,0.037523,0.100100,-0.860160,-0.010707,-0.102528,0.056608,-0.037792
1779680417110283601,2026-05-25T10:40:17.110308,ground_truth,-0.093326,0.621000,-0.059133,True,,,,,,,,,0.024813,0.901647,0.343634,0.042756,0.133952,0.392262,0.003051,0.258736,0.040573,0.115500,-0.844340,0.017928,-0.100800,0.062112,-0.032960
1779680417146283745,2026-05-25T10:40:17.146310,ground_truth,-0.093877,0.624000,-0.057997,True,,,,,,,,,0.024813,0.901647,0.343634,0.042318,0.132208,0.386589,0.002609,0.255686,0.043193,0.123340,-0.804020,-0.001411,-0.098464,0.054112,-0.034912
1779680417202824113,2026-05-25T10:40:17.202853,ground_truth,-0.091856,0.613000,-0.062160,True,,,,,,,,,0.022813,0.898299,0.342740,0.047558,0.119114,0.351242,0.002609,0.231691,0.045812,0.108500,-0.790440,0.014442,-0.101472,0.054432,-0.035072
1779680417244465246,2026-05-25T10:40:17.244490,ground_truth,-0.090889,0.621000,-0.059133,True,,,,,,,,,0.021605,0.896525,0.341608,0.048865,0.106459,0.312408,0.005670,0.207254,0.048432,0.133840,-0.791000,0.026477,-0.100288,0.049824,-0.037344
1779680417278584446,2026-05-25T10:40:17.278615,ground_truth,-0.090889,0.621000,-0.059133,True,,,,,,,,,0.021605,0.896525,0.341608,0.050609,0.102970,0.298884,0.005670,0.194157,0.048432,0.126140,-0.779520,0.035773,-0.101344,0.051872,-0.038016
1779680417345710580,2026-05-25T10:40:17.345734,ground_truth,-0.090148,0.617000,-0.060646,True,,,,,,,,,0.020215,0.894298,0.341258,0.053667,0.075045,0.221217,0.005228,0.145726,0.054101,0.128240,-0.766500,0.047808,-0.100864,0.045472,-0.037472
1779680417382067598,2026-05-25T10:40:17.382091,ground_truth,-0.091305,0.610000,-0.063295,True,,,,,,,,,0.020778,0.895200,0.341399,0.053667,0.066754,0.196785,0.005228,0.126528,0.054101,0.122360,-0.734020,0.047144,-0.101856,0.052704,-0.039424
1779680417415921703,2026-05-25T10:40:17.415950,ground_truth,-0.092591,0.617000,-0.060646,True,,,,,,,,,0.020778,0.895200,0.341399,0.053667,0.053667,0.165364,0.005228,0.113000,0.051482,0.098140,-0.712320,0.046314,-0.098784,0.047808,-0.036800
1779680417463979565,2026-05-25T10:40:17.464007,ground_truth,-0.091305,0.610000,-0.063295,True,,,,,,,,,0.020065,0.893265,0.340721,0.047120,0.041012,0.139185,0.005228,0.097294,0.045812,0.103180,-0.735000,0.055610,-0.098176,0.045152,-0.037120
1779680417514497055,2026-05-25T10:40:17.514522,ground_truth,-0.092303,0.602000,-0.066322,True,,,,,,,,,0.019472,0.890610,0.339501,0.039267,0.039267,0.128278,0.002609,0.094675,0.037523,0.078400,-0.715680,0.042330,-0.098016,0.040864,-0.035840
1779680417554666867,2026-05-25T10:40:17.554699,ground_truth,-0.094306,0.613000,-0.062160,True,,,,,,,,,0.019472,0.890610,0.339501,0.032720,0.037960,0.130025,0.002609,0.091624,0.032284,0.094220,-0.750400,0.046148,-0.098848,0.045600,-0.037856
1779680417590121249,2026-05-25T10:40:17.590153,ground_truth,-0.101171,0.624000,-0.057997,True,,,,,,,,,0.019405,0.889438,0.338696,0.030976,0.037523,0.132204,0.002609,0.094244,0.027045,0.092960,-0.735560,0.047144,-0.097952,0.047808,-0.039520
1779680417630364175,2026-05-25T10:40:17.630391,ground_truth,-0.101171,0.624000,-0.057997,True,,,,,,,,,0.019526,0.888004,0.339393,0.026174,0.039267,0.132204,0.002609,0.096863,0.024426,0.090440,-0.729960,0.046480,-0.098624,0.041632,-0.037920
1779680417666265240,2026-05-25T10:40:17.666289,ground_truth,-0.108465,0.624000,-0.057997,True,,,,,,,,,0.019526,0.888004,0.339393,0.026174,0.039267,0.132204,0.002609,0.096863,0.024426,0.090440,-0.729960,0.046480,-0.098624,0.041632,-0.037920
1779680417702963730,2026-05-25T10:40:17.702982,ground_truth,-0.109692,0.617000,-0.060646,True,,,,,,,,,0.021397,0.887490,0.339063,0.026174,0.039267,0.132204,0.002609,0.096863,0.024426,0.090440,-0.729960,0.046480,-0.098624,0.041632,-0.037920
1779680417739468513,2026-05-25T10:40:17.739488,ground_truth,-0.112134,0.617000,-0.060646,True,,,,,,,,,0.021397,0.887490,0.339063,0.024429,0.039267,0.132204,0.002609,0.094244,0.024426,0.089460,-0.728420,0.043575,-0.097568,0.043648,-0.037120
1779680417780994366,2026-05-25T10:40:17.781012,ground_truth,-0.114660,0.588000,-0.071619,True,,,,,,,,,0.024538,0.888322,0.339228,0.014831,0.029669,0.091192,0.000000,0.061949,0.013517,0.077700,-0.710080,0.079846,-0.099584,0.038688,-0.036192
1779680417823221226,2026-05-25T10:40:17.823244,ground_truth,-0.120126,0.621000,-0.059133,True,,,,,,,,,0.026173,0.888016,0.338211,0.011780,0.020940,0.065013,0.000000,0.045812,0.008289,0.077420,-0.701400,0.083415,-0.097024,0.040864,-0.035520
1779680417858212189,2026-05-25T10:40:17.858241,ground_truth,-0.119463,0.617000,-0.060646,True,,,,,,,,,0.026173,0.888016,0.338211,0.011780,0.020940,0.065013,0.000000,0.045812,0.008289,0.077420,-0.701400,0.083415,-0.097024,0.040864,-0.035520
1779680417915312542,2026-05-25T10:40:17.915335,ground_truth,-0.120623,0.624000,-0.057997,True,,,,,,,,,0.029367,0.887452,0.338446,0.011780,0.020940,0.065013,0.000000,0.045812,0.008289,0.077420,-0.701400,0.083415,-0.097024,0.040864,-0.035520
1779680417968572245,2026-05-25T10:40:17.968626,ground_truth,-0.122445,0.635000,-0.053835,True,,,,,,,,,0.031560,0.887499,0.338352,0.001744,0.014831,0.057592,0.000000,0.043193,0.000000,0.096600,-0.730940,0.067811,-0.095680,0.036576,-0.030560
1779680418023846430,2026-05-25T10:40:18.023868,ground_truth,-0.118860,0.628000,-0.056484,True,,,,,,,,,0.033570,0.887458,0.339077,0.000000,0.016576,0.067191,0.000000,0.048432,0.000000,0.038080,-0.725620,0.066732,-0.092064,0.040256,-0.019776
1779680418074940784,2026-05-25T10:40:18.074975,ground_truth,-0.121704,0.645000,-0.050052,True,,,,,,,,,0.033570,0.887458,0.339077,0.000000,0.016576,0.067191,0.000000,0.048432,0.000000,0.038080,-0.725620,0.066732,-0.092064,0.040256,-0.019776
1779680418119884907,2026-05-25T10:40:18.119916,ground_truth,-0.123544,0.656000,-0.045889,True,,,,,,,,,0.036968,0.888637,0.339830,0.000000,0.016576,0.067191,0.000000,0.048432,0.000000,0.038080,-0.725620,0.066732,-0.092064,0.040256,-0.019776
1779680418162934933,2026-05-25T10:40:18.162963,ground_truth,-0.120533,0.638000,-0.033405,True,,,,,,,,,0.039158,0.890295,0.341060,0.019634,0.013087,0.035339,0.000000,0.021375,0.019198,-0.105700,-0.699020,0.084660,-0.067072,0.034240,0.031520
1779680418208037945,2026-05-25T10:40:18.208074,ground_truth,-0.114010,0.628000,-0.029773,True,,,,,,,,,0.039158,0.890295,0.341060,0.022685,0.011342,0.027919,0.000000,0.016137,0.021375,-0.104160,-0.697060,0.085822,-0.058336,0.032064,0.029664
1779680418257750745,2026-05-25T10:40:18.257789,ground_truth,-0.112116,0.645000,-0.018847,True,,,,,,,,,0.041708,0.893030,0.344169,0.022685,0.011342,0.027919,0.000000,0.016137,0.021375,-0.104160,-0.697060,0.085822,-0.058336,0.032064,0.029664
1779680418315030771,2026-05-25T10:40:18.315061,ground_truth,-0.107262,0.631000,-0.011728,True,,,,,,,,,0.043095,0.895246,0.347167,0.022685,0.011342,0.027919,0.000000,0.016137,0.021375,-0.104160,-0.697060,0.085822,-0.058336,0.032064,0.029664
1779680418363681253,2026-05-25T10:40:18.363708,ground_truth,-0.104311,0.628000,-0.010347,True,,,,,,,,,0.043693,0.896507,0.350371,0.039267,0.000000,0.000000,0.005670,0.002609,0.037523,-0.111860,-0.678160,0.082419,-0.015264,0.034848,0.038528
1779680418406114761,2026-05-25T10:40:18.406148,ground_truth,-0.101171,0.624000,-0.001996,True,,,,,,,,,0.043693,0.896507,0.350371,0.037523,0.000000,0.000000,0.002609,0.003051,0.037523,-0.111860,-0.604380,0.083747,-0.013152,0.036064,0.037792
1779680418450447222,2026-05-25T10:40:18.450484,ground_truth,-0.102422,0.631000,0.005235,True,,,,,,,,,0.043693,0.896507,0.350371,0.034034,0.000000,0.005666,0.002609,0.005228,0.034903,-0.103740,-0.526680,0.076526,-0.012192,0.035008,0.031680
1779680418491515376,2026-05-25T10:40:18.491538,ground_truth,-0.102422,0.631000,0.010082,True,,,,,,,,,0.042875,0.898475,0.359884,0.029231,0.001744,0.003487,0.000000,0.005670,0.027045,-0.097300,-0.496580,0.086652,-0.014976,0.034688,0.030464
1779680418532221665,2026-05-25T10:40:18.532251,ground_truth,-0.103673,0.638000,0.019655,True,,,,,,,,,0.042875,0.898475,0.359884,0.027925,0.001744,0.002178,0.003051,0.002609,0.024426,-0.092260,-0.491960,0.091715,-0.016640,0.033280,0.032128
1779680418574568587,2026-05-25T10:40:18.574614,ground_truth,-0.108561,0.652000,0.024263,True,,,,,,,,,0.041695,0.899538,0.366703,0.026174,0.003051,0.014833,0.002609,0.008289,0.027045,-0.104720,-0.461580,0.271659,-0.016992,-0.034912,0.031744
1779680418623840010,2026-05-25T10:40:18.623864,ground_truth,-0.107322,0.645000,0.024359,True,,,,,,,,,0.040684,0.900678,0.373090,0.029231,0.004796,0.029666,0.005228,0.026614,0.024426,-0.097860,-0.453740,0.286848,-0.016384,-0.040576,0.035744
1779680418660103517,2026-05-25T10:40:18.660129,ground_truth,-0.108561,0.652000,0.036207,True,,,,,,,,,0.040684,0.900678,0.373090,0.030976,0.004796,0.041012,0.003051,0.035335,0.027045,-0.100660,-0.431760,0.284773,-0.014368,-0.042688,0.036576
1779680418694422734,2026-05-25T10:40:18.694443,ground_truth,-0.108030,0.649000,0.042426,True,,,,,,,,,0.039456,0.902504,0.380941,0.030976,0.004796,0.051919,0.002609,0.045812,0.032284,-0.101920,-0.424060,0.305689,-0.013248,-0.045984,0.036064
1779680418731737984,2026-05-25T10:40:18.731772,ground_truth,-0.106082,0.638000,0.048598,True,,,,,,,,,0.039456,0.902504,0.380941,0.030976,0.006540,0.068938,0.002609,0.065010,0.034903,-0.111160,-0.433300,0.307598,-0.014880,-0.051552,0.034848
1779680418772146428,2026-05-25T10:40:18.772173,ground_truth,-0.106790,0.642000,0.054646,True,,,,,,,,,0.038159,0.904500,0.390042,0.032283,0.006540,0.076351,0.002609,0.072426,0.034903,-0.099400,-0.449120,0.311250,-0.013472,-0.050880,0.032960
1779680418813206989,2026-05-25T10:40:18.813232,ground_truth,-0.110420,0.649000,0.059182,True,,,,,,,,,0.038159,0.904500,0.390042,0.032283,0.006540,0.076351,0.002609,0.072426,0.034903,-0.099400,-0.449120,0.311250,-0.013472,-0.050880,0.032960
1779680418846492672,2026-05-25T10:40:18.846519,ground_truth,-0.109192,0.642000,0.064267,True,,,,,,,,,0.036758,0.905864,0.399808,0.032283,0.006540,0.076351,0.002609,0.072426,0.034903,-0.099400,-0.449120,0.311250,-0.013472,-0.050880,0.032960
1779680418884824088,2026-05-25T10:40:18.884852,ground_truth,-0.107964,0.635000,0.067004,True,,,,,,,,,0.036758,0.905864,0.399808,0.030976,0.003489,0.089006,0.002609,0.083766,0.032284,-0.076160,-0.465920,0.313657,-0.015104,-0.051488,0.033344
1779680418923122967,2026-05-25T10:40:18.923148,ground_truth,-0.107964,0.635000,0.071837,True,,,,,,,,,0.035688,0.906815,0.409712,0.004796,0.039267,0.150531,0.002609,0.185868,0.002609,-0.077420,-0.798560,0.333577,-0.019552,-0.063616,0.030464
1779680418960946153,2026-05-25T10:40:18.960965,ground_truth,-0.115201,0.649000,0.075939,True,,,,,,,,,0.034855,0.907647,0.419681,0.000000,0.049303,0.150531,0.000000,0.196777,0.000000,-0.010780,-0.757820,0.319301,-0.021760,-0.065344,0.018272
1779680418997023882,2026-05-25T10:40:18.997046,ground_truth,-0.117592,0.649000,0.078332,True,,,,,,,,,0.034855,0.907647,0.419681,0.006540,0.057156,0.148784,0.000000,0.202457,0.002609,0.070280,-0.748580,0.323451,-0.028160,-0.066016,-0.013312
1779680419036247874,2026-05-25T10:40:19.036271,ground_truth,-0.118786,0.656000,0.085136,True,,,,,,,,,0.035006,0.908486,0.429417,0.014394,0.061958,0.139185,0.002609,0.207254,0.016137,0.102200,-0.763420,0.321210,-0.042368,-0.067680,-0.024000
1779680419080164256,2026-05-25T10:40:19.080188,ground_truth,-0.121671,0.659000,0.086000,True,,,,,,,,,0.035006,0.908486,0.429417,0.021378,0.066754,0.132204,0.000000,0.193726,0.021807,0.105980,-0.726880,0.322538,-0.068288,-0.062240,-0.029952
1779680419120065213,2026-05-25T10:40:19.120090,ground_truth,-0.125718,0.669000,0.091241,True,,,,,,,,,0.036010,0.909897,0.439234,0.024429,0.066754,0.130025,0.002609,0.196777,0.024426,0.115920,-0.730240,0.316562,-0.086784,-0.066400,-0.031232
1779680419159768908,2026-05-25T10:40:19.159789,ground_truth,-0.124547,0.662000,0.096354,True,,,,,,,,,0.037347,0.911572,0.448205,0.024429,0.065447,0.132204,0.002609,0.202015,0.024426,0.110040,-0.743680,0.332913,-0.099520,-0.068128,-0.029792
1779680419202036325,2026-05-25T10:40:19.202055,ground_truth,-0.126419,0.659000,0.100264,True,,,,,,,,,0.037347,0.911572,0.448205,0.024429,0.065447,0.132204,0.002609,0.202015,0.024426,0.110040,-0.743680,0.332913,-0.099520,-0.068128,-0.029792
1779680419236833833,2026-05-25T10:40:19.236861,ground_truth,-0.125923,0.656000,0.104194,True,,,,,,,,,0.039141,0.913773,0.457277,0.024429,0.065447,0.132204,0.002609,0.202015,0.024426,0.110040,-0.743680,0.332913,-0.099520,-0.068128,-0.029792
1779680419272753825,2026-05-25T10:40:19.272778,ground_truth,-0.125260,0.652000,0.107873,True,,,,,,,,,0.039141,0.913773,0.457277,0.025742,0.066754,0.135698,0.002609,0.205066,0.021375,0.105700,-0.737100,0.335486,-0.101120,-0.072416,-0.032288
1779680419311774209,2026-05-25T10:40:19.311794,ground_truth,-0.128302,0.656000,0.111341,True,,,,,,,,,0.041193,0.915791,0.466391,0.025742,0.066754,0.135698,0.002609,0.205066,0.021375,0.105700,-0.737100,0.335486,-0.101120,-0.072416,-0.032288
1779680419356619561,2026-05-25T10:40:19.356641,ground_truth,-0.127154,0.649000,0.111845,True,,,,,,,,,0.043182,0.917380,0.474262,0.025742,0.066754,0.135698,0.002609,0.205066,0.021375,0.105700,-0.737100,0.335486,-0.101120,-0.072416,-0.032288
1779680419396819730,2026-05-25T10:40:19.396845,ground_truth,-0.127154,0.649000,0.116633,True,,,,,,,,,0.043182,0.917380,0.474262,0.024429,0.078103,0.157951,0.002609,0.237361,0.021375,0.114940,-0.789460,0.334656,-0.097792,-0.067456,-0.030464
1779680419436037150,2026-05-25T10:40:19.436056,ground_truth,-0.130031,0.652000,0.122206,True,,,,,,,,,0.045477,0.918787,0.482121,0.013087,0.076790,0.130456,0.002609,0.207685,0.013517,0.078960,-0.700280,0.313159,-0.097344,-0.064448,-0.030464
1779680419474008583,2026-05-25T10:40:19.474030,ground_truth,-0.129544,0.649000,0.123814,True,,,,,,,,,0.045477,0.918787,0.482121,0.010029,0.071556,0.119118,0.002609,0.188487,0.007847,0.083020,-0.704620,0.306768,-0.097280,-0.062464,-0.030240
1779680419510042640,2026-05-25T10:40:19.510064,ground_truth,-0.131292,0.645000,0.125174,True,,,,,,,,,0.048000,0.920001,0.489886,0.004796,0.060645,0.100352,0.000000,0.153584,0.002609,0.084560,-0.705460,0.316728,-0.099360,-0.061120,-0.030016
1779680419548386721,2026-05-25T10:40:19.548408,ground_truth,-0.131935,0.649000,0.130996,True,,,,,,,,,0.048000,0.920001,0.489886,0.000000,0.050609,0.100352,0.000000,0.147914,0.000000,0.070000,-0.734580,0.322372,-0.098560,-0.057216,-0.028288
1779680419583212974,2026-05-25T10:40:19.583236,ground_truth,-0.130810,0.642000,0.136425,True,,,,,,,,,0.050673,0.921361,0.497487,0.001744,0.049303,0.106025,0.002609,0.145726,0.000000,0.026880,-0.738080,0.320712,-0.097792,-0.062240,-0.019488
1779680419621965896,2026-05-25T10:40:19.621990,ground_truth,-0.131935,0.649000,0.142964,True,,,,,,,,,0.050673,0.921361,0.497487,0.004796,0.045814,0.119118,0.000000,0.153584,0.002609,-0.066920,-0.743960,0.345778,-0.096000,-0.057664,0.018432
1779680419658492176,2026-05-25T10:40:19.658524,ground_truth,-0.129042,0.631000,0.145790,True,,,,,,,,,0.052774,0.922333,0.504056,0.009598,0.047558,0.133951,0.000000,0.169731,0.008289,-0.097860,-0.770560,0.358892,-0.096128,-0.063616,0.023040
1779680419703906732,2026-05-25T10:40:19.703931,ground_truth,-0.129685,0.635000,0.151591,True,,,,,,,,,0.054459,0.922651,0.511086,0.019634,0.052354,0.195038,0.000000,0.255686,0.018756,-0.115920,-0.768180,0.385203,-0.087392,-0.075136,0.028000
1779680419743350770,2026-05-25T10:40:19.743373,ground_truth,-0.132098,0.635000,0.158842,True,,,,,,,,,0.054459,0.922651,0.511086,0.022685,0.054105,0.225143,0.000000,0.296701,0.021807,-0.102200,-0.774060,0.377899,-0.071136,-0.074816,0.030336
1779680419779237315,2026-05-25T10:40:19.779257,ground_truth,-0.131462,0.631000,0.162753,True,,,,,,,,,0.055594,0.921599,0.518487,0.026174,0.058901,0.245217,0.002609,0.307610,0.024426,-0.089460,-0.731220,0.376737,-0.048640,-0.077600,0.032000
1779680419831242415,2026-05-25T10:40:19.831267,ground_truth,-0.130985,0.628000,0.164490,True,,,,,,,,,0.056388,0.920129,0.524782,0.030976,0.053667,0.250890,0.002609,0.309787,0.029665,-0.098560,-0.711060,0.363291,-0.021888,-0.074528,0.034464
1779680419870512250,2026-05-25T10:40:19.870536,ground_truth,-0.129235,0.617000,0.171758,True,,,,,,,,,0.056388,0.920129,0.524782,0.030976,0.050609,0.237797,0.007847,0.298878,0.032284,-0.108500,-0.708260,0.363291,-0.019200,-0.075872,0.037248
1779680419906941985,2026-05-25T10:40:19.906965,ground_truth,-0.130349,0.624000,0.178183,True,,,,,,,,,0.057010,0.917687,0.531612,0.032720,0.047120,0.222964,0.003051,0.269645,0.032284,-0.100660,-0.690340,0.362959,-0.021888,-0.072032,0.035072
1779680419944094938,2026-05-25T10:40:19.944120,ground_truth,-0.130349,0.624000,0.183053,True,,,,,,,,,0.057010,0.917687,0.531612,0.034465,0.045814,0.212057,0.002609,0.250447,0.032284,-0.082460,-0.685720,0.347189,-0.016640,-0.072256,0.032736
1779680419979875743,2026-05-25T10:40:19.979904,ground_truth,-0.128599,0.613000,0.185586,True,,,,,,,,,0.057453,0.914731,0.539031,0.034465,0.041012,0.193291,0.002609,0.220782,0.032284,-0.106260,-0.692160,0.339636,-0.019552,-0.068864,0.035072
1779680420018075796,2026-05-25T10:40:20.018103,ground_truth,-0.128122,0.610000,0.189864,True,,,,,,,,,0.057453,0.914731,0.539031,0.034465,0.037523,0.178458,0.002609,0.212924,0.034903,-0.106540,-0.701120,0.354078,-0.021216,-0.065024,0.033344
1779680420056385670,2026-05-25T10:40:20.056409,ground_truth,-0.129235,0.617000,0.196221,True,,,,,,,,,0.057689,0.911503,0.546896,0.032283,0.034465,0.168859,0.000000,0.204635,0.032284,-0.121100,-0.703360,0.354576,-0.020160,-0.067520,0.033120
1779680420097909021,2026-05-25T10:40:20.097931,ground_truth,-0.128599,0.613000,0.202757,True,,,,,,,,,0.057801,0.908488,0.553897,0.032283,0.037523,0.157951,0.002609,0.193726,0.032284,-0.086100,-0.735840,0.354410,-0.022048,-0.065184,0.035904
1779680420134674892,2026-05-25T10:40:20.134695,ground_truth,-0.126849,0.602000,0.207959,True,,,,,,,,,0.057801,0.908488,0.553897,0.029231,0.042318,0.148784,0.002609,0.188929,0.032284,-0.101640,-0.735000,0.332415,-0.020320,-0.064736,0.035744
1779680420174209101,2026-05-25T10:40:20.174236,ground_truth,-0.126372,0.599000,0.209847,True,,,,,,,,,0.057640,0.905007,0.561695,0.027487,0.047558,0.133951,0.002609,0.180640,0.029665,-0.087920,-0.745500,0.346691,-0.019200,-0.062784,0.032672
1779680420214818524,2026-05-25T10:40:20.214842,ground_truth,-0.125100,0.591000,0.213270,True,,,,,,,,,0.057640,0.905007,0.561695,0.024429,0.053667,0.119118,0.002609,0.169731,0.027045,-0.111860,-0.779520,0.326356,-0.018816,-0.061568,0.033120
1779680420249729260,2026-05-25T10:40:20.249754,ground_truth,-0.126372,0.599000,0.217275,True,,,,,,,,,0.057239,0.900833,0.569914,0.023122,0.063703,0.098604,0.002609,0.161873,0.023995,-0.105980,-0.761040,0.320878,-0.018944,-0.059328,0.033024
1779680420283696898,2026-05-25T10:40:20.283723,ground_truth,-0.126849,0.602000,0.220314,True,,,,,,,,,0.057239,0.900833,0.569914,0.021378,0.073738,0.074611,0.003051,0.145295,0.021375,-0.089180,-0.780500,0.323783,-0.019648,-0.063904,0.034080
1779680420326103379,2026-05-25T10:40:20.326125,ground_truth,-0.127486,0.606000,0.223530,True,,,,,,,,,0.056825,0.896217,0.578318,0.019634,0.082899,0.057592,0.000000,0.142675,0.021375,-0.093240,-0.774340,0.307100,-0.017664,-0.054496,0.031616
1779680420370383652,2026-05-25T10:40:20.370413,ground_truth,-0.126372,0.599000,0.224703,True,,,,,,,,,0.056429,0.892089,0.585784,0.017889,0.094679,0.037086,0.002609,0.134386,0.016137,-0.107240,-0.757820,0.305523,-0.018944,-0.053504,0.034688
1779680420405852959,2026-05-25T10:40:20.405884,ground_truth,-0.128845,0.599000,0.227179,True,,,,,,,,,0.056429,0.892089,0.585784,0.019634,0.097736,0.031852,0.002609,0.129147,0.016137,-0.112140,-0.776160,0.309009,-0.018944,-0.052096,0.036064
1779680420452245061,2026-05-25T10:40:20.452280,ground_truth,-0.123986,0.584000,0.226936,True,,,,,,,,,0.055985,0.887854,0.593456,0.019634,0.097736,0.031852,0.002609,0.129147,0.016137,-0.112140,-0.776160,0.309009,-0.018944,-0.052096,0.036064
1779680420488281055,2026-05-25T10:40:20.488304,ground_truth,-0.125736,0.595000,0.231412,True,,,,,,,,,0.055985,0.887854,0.593456,0.019634,0.097736,0.031852,0.002609,0.129147,0.016137,-0.112140,-0.776160,0.309009,-0.018944,-0.052096,0.036064
1779680420526699309,2026-05-25T10:40:20.526744,ground_truth,-0.123350,0.580000,0.231226,True,,,,,,,,,0.055555,0.884166,0.600131,0.019634,0.097736,0.031852,0.002609,0.129147,0.016137,-0.112140,-0.776160,0.309009,-0.018944,-0.052096,0.036064
1779680420572563863,2026-05-25T10:40:20.572599,ground_truth,-0.126483,0.584000,0.234438,True,,,,,,,,,0.054977,0.880214,0.606794,0.014831,0.124354,0.003487,0.000000,0.126528,0.016137,-0.090440,-0.759500,0.308096,-0.019264,-0.054432,0.034624
1779680420613185523,2026-05-25T10:40:20.613211,ground_truth,-0.125854,0.580000,0.236240,True,,,,,,,,,0.054977,0.880214,0.606794,0.014394,0.125661,0.000000,0.000000,0.126528,0.013517,-0.083300,-0.753480,0.308677,-0.019200,-0.053888,0.035744
1779680420651369965,2026-05-25T10:40:20.651394,ground_truth,-0.123492,0.565000,0.238684,True,,,,,,,,,0.054493,0.875800,0.613316,0.013087,0.130457,0.001740,0.000000,0.126528,0.013517,-0.084280,-0.763420,0.230740,-0.019264,-0.055840,0.033280
1779680420700265388,2026-05-25T10:40:20.700294,ground_truth,-0.119692,0.557000,0.239858,True,,,,,,,,,0.054032,0.871973,0.618678,0.011342,0.135697,0.009599,0.002609,0.123908,0.013517,-0.103180,-0.793240,0.130725,-0.020160,-0.063008,0.031680
1779680420740835989,2026-05-25T10:40:20.740864,ground_truth,-0.117793,0.561000,0.243075,True,,,,,,,,,0.054032,0.871973,0.618678,0.011342,0.140492,0.017012,0.000000,0.126528,0.010898,-0.093520,-0.782320,0.125911,-0.019488,-0.057600,0.031744
1779680420790375372,2026-05-25T10:40:20.790404,ground_truth,-0.113960,0.553000,0.246833,True,,,,,,,,,0.053210,0.867178,0.623598,0.011342,0.145295,0.022246,0.002609,0.126970,0.010898,-0.095060,-0.747040,0.121761,-0.018432,-0.055040,0.033568
1779680420831357291,2026-05-25T10:40:20.831380,ground_truth,-0.119692,0.557000,0.255127,True,,,,,,,,,0.052299,0.862862,0.627566,0.011342,0.143988,0.022246,0.000000,0.123908,0.010898,-0.089460,-0.725900,0.120931,-0.018208,-0.052832,0.033504
1779680420867853806,2026-05-25T10:40:20.867874,ground_truth,-0.117147,0.541000,0.255141,True,,,,,,,,,0.052299,0.862862,0.627566,0.011342,0.143988,0.022246,0.000000,0.123908,0.010898,-0.089460,-0.725900,0.120931,-0.018208,-0.052832,0.033504
1779680420904913739,2026-05-25T10:40:20.904946,ground_truth,-0.118419,0.549000,0.258964,True,,,,,,,,,0.051396,0.858017,0.631913,0.011342,0.143988,0.022246,0.000000,0.123908,0.010898,-0.089460,-0.725900,0.120931,-0.018208,-0.052832,0.033504
1779680420944503573,2026-05-25T10:40:20.944529,ground_truth,-0.116511,0.537000,0.262241,True,,,,,,,,,0.051396,0.858017,0.631913,0.011342,0.143988,0.022246,0.000000,0.123908,0.010898,-0.089460,-0.725900,0.120931,-0.018208,-0.052832,0.033504
1779680420992843435,2026-05-25T10:40:20.992866,ground_truth,-0.114602,0.525000,0.262999,True,,,,,,,,,0.050361,0.852480,0.636403,0.010029,0.142243,0.022246,0.000000,0.121300,0.013517,-0.091140,-0.748300,0.121429,-0.018208,-0.059776,0.032512
1779680421031797669,2026-05-25T10:40:21.031820,ground_truth,-0.110723,0.517000,0.267007,True,,,,,,,,,0.049388,0.847390,0.640151,0.009598,0.127406,0.026179,0.000000,0.107772,0.008289,-0.090720,-0.729960,0.112797,-0.018368,-0.050144,0.035232
1779680421082519100,2026-05-25T10:40:21.082538,ground_truth,-0.110723,0.517000,0.272229,True,,,,,,,,,0.049388,0.847390,0.640151,0.009598,0.124354,0.030105,0.000000,0.096863,0.010898,-0.068740,-0.734020,0.115204,-0.018496,-0.053984,0.035904
1779680421118063684,2026-05-25T10:40:21.118082,ground_truth,-0.113329,0.517000,0.274839,True,,,,,,,,,0.048013,0.840978,0.644222,0.007853,0.122603,0.031852,0.002609,0.091624,0.007847,-0.067200,-0.725900,0.110390,-0.019552,-0.048768,0.035840
1779680421156065654,2026-05-25T10:40:21.156090,ground_truth,-0.112693,0.513000,0.276883,True,,,,,,,,,0.046830,0.834910,0.647926,0.008285,0.122603,0.037086,0.000000,0.083335,0.007847,-0.074900,-0.691600,0.101177,-0.020160,-0.045312,0.036192
1779680421197110638,2026-05-25T10:40:21.197132,ground_truth,-0.109989,0.496000,0.277117,True,,,,,,,,,0.046830,0.834910,0.647926,0.006540,0.120859,0.046685,0.000000,0.072857,0.008289,-0.078120,-0.708260,0.092213,-0.019776,-0.050656,0.035008
1779680421236108254,2026-05-25T10:40:21.236127,ground_truth,-0.103408,0.488000,0.278654,True,,,,,,,,,0.045512,0.827873,0.652272,0.006540,0.119114,0.051919,0.000000,0.067188,0.007847,-0.081200,-0.714840,0.092047,-0.019552,-0.045696,0.035296
1779680421276813581,2026-05-25T10:40:21.276830,ground_truth,-0.097801,0.470000,0.278849,True,,,,,,,,,0.045512,0.827873,0.652272,0.006540,0.119114,0.051919,0.000000,0.067188,0.007847,-0.081200,-0.714840,0.092047,-0.019552,-0.045696,0.035296
1779680421324207059,2026-05-25T10:40:21.324229,ground_truth,-0.097801,0.470000,0.284225,True,,,,,,,,,0.043592,0.819924,0.656731,0.006540,0.119114,0.051919,0.000000,0.067188,0.007847,-0.081200,-0.714840,0.092047,-0.019552,-0.045696,0.035296
1779680421372346312,2026-05-25T10:40:21.372363,ground_truth,-0.095670,0.457000,0.282488,True,,,,,,,,,0.041740,0.812445,0.660726,0.006540,0.130457,0.095117,0.000000,0.034903,0.005228,-0.085540,-0.691180,0.078933,-0.022432,-0.044544,0.037408
1779680421414517876,2026-05-25T10:40:21.414536,ground_truth,-0.099187,0.462000,0.288558,True,,,,,,,,,0.041740,0.812445,0.660726,0.004796,0.132208,0.102099,0.002609,0.032284,0.002609,-0.087080,-0.688100,0.085822,-0.021504,-0.038912,0.037856
1779680421460894967,2026-05-25T10:40:21.460914,ground_truth,-0.099187,0.462000,0.291259,True,,,,,,,,,0.039747,0.803793,0.664920,0.004796,0.133952,0.107772,0.000000,0.029665,0.005228,-0.085540,-0.690340,0.085822,-0.021216,-0.039072,0.037856
1779680421499021397,2026-05-25T10:40:21.499042,ground_truth,-0.096265,0.444000,0.291674,True,,,,,,,,,0.037930,0.795625,0.668651,0.004796,0.133952,0.107772,0.000000,0.029665,0.005228,-0.085540,-0.690340,0.085822,-0.021216,-0.039072,0.037856
1779680421532937276,2026-05-25T10:40:21.532957,ground_truth,-0.096265,0.444000,0.294405,True,,,,,,,,,0.037930,0.795625,0.668651,0.004796,0.133952,0.107772,0.000000,0.029665,0.005228,-0.085540,-0.690340,0.085822,-0.021216,-0.039072,0.037856
1779680421568777257,2026-05-25T10:40:21.568796,ground_truth,-0.097545,0.435000,0.293277,True,,,,,,,,,0.035928,0.786595,0.672393,0.004796,0.133952,0.107772,0.000000,0.029665,0.005228,-0.085540,-0.690340,0.085822,-0.021216,-0.039072,0.037856
1779680421604842259,2026-05-25T10:40:21.604869,ground_truth,-0.095296,0.421000,0.294290,True,,,,,,,,,0.035928,0.786595,0.672393,0.004796,0.133952,0.107772,0.000000,0.029665,0.005228,-0.085540,-0.690340,0.085822,-0.021216,-0.039072,0.037856
1779680421652397629,2026-05-25T10:40:21.652422,ground_truth,-0.096742,0.430000,0.298157,True,,,,,,,,,0.033988,0.777390,0.675800,0.004796,0.133952,0.107772,0.000000,0.029665,0.005228,-0.085540,-0.690340,0.085822,-0.021216,-0.039072,0.037856
1779680421690180547,2026-05-25T10:40:21.690211,ground_truth,-0.096629,0.412000,0.295960,True,,,,,,,,,0.032157,0.768099,0.679109,0.004796,0.133952,0.107772,0.000000,0.029665,0.005228,-0.085540,-0.690340,0.085822,-0.021216,-0.039072,0.037856
1779680421725625675,2026-05-25T10:40:21.725647,ground_truth,-0.089447,0.402000,0.294739,True,,,,,,,,,0.032157,0.768099,0.679109,0.006540,0.174964,0.169290,0.000000,0.005670,0.005228,-0.087360,-0.720720,0.068309,-0.020160,-0.039520,0.034560
1779680421769008557,2026-05-25T10:40:21.769027,ground_truth,-0.089993,0.388000,0.295852,True,,,,,,,,,0.030378,0.758659,0.681956,0.005233,0.178022,0.172785,0.000000,0.002609,0.005228,-0.096600,-0.658420,0.050215,-0.019648,-0.041696,0.033504
1779680421811310937,2026-05-25T10:40:21.811338,ground_truth,-0.088546,0.379000,0.297606,True,,,,,,,,,0.030378,0.758659,0.681956,0.003051,0.171475,0.165364,0.000000,0.002609,0.005670,-0.084840,-0.679140,0.060424,-0.020096,-0.041184,0.033504
1779680421856894616,2026-05-25T10:40:21.856919,ground_truth,-0.089189,0.383000,0.298081,True,,,,,,,,,0.028548,0.749180,0.684297,0.003489,0.167986,0.165364,0.000000,0.000000,0.002609,-0.080500,-0.701820,0.058681,-0.021984,-0.042752,0.035072
1779680421904788788,2026-05-25T10:40:21.904820,ground_truth,-0.087743,0.374000,0.297012,True,,,,,,,,,0.026806,0.739594,0.686487,0.001744,0.174533,0.172785,0.000000,0.000000,0.002609,-0.082460,-0.701400,0.063329,-0.021824,-0.039584,0.034624
1779680421946917030,2026-05-25T10:40:21.946939,ground_truth,-0.084089,0.369000,0.296418,True,,,,,,,,,0.026806,0.739594,0.686487,0.001744,0.174533,0.172785,0.000000,0.000000,0.002609,-0.082460,-0.701400,0.063329,-0.021824,-0.039584,0.034624
1779680421987769393,2026-05-25T10:40:21.987796,ground_truth,-0.079219,0.339000,0.292854,True,,,,,,,,,0.025301,0.729892,0.688396,0.001744,0.174533,0.172785,0.000000,0.000000,0.002609,-0.082460,-0.701400,0.063329,-0.021824,-0.039584,0.034624
1779680422038024916,2026-05-25T10:40:22.038050,ground_truth,-0.080843,0.349000,0.296929,True,,,,,,,,,0.023804,0.720144,0.690138,0.004796,0.228638,0.243470,0.000000,0.018756,0.005228,-0.082460,-0.731500,0.028054,-0.021056,0.039744,0.034016
1779680422077031771,2026-05-25T10:40:22.077060,ground_truth,-0.077960,0.349000,0.296929,True,,,,,,,,,0.023804,0.720144,0.690138,0.004796,0.228638,0.243470,0.000000,0.018756,0.005228,-0.082460,-0.731500,0.028054,-0.021056,0.039744,0.034016
1779680422115062447,2026-05-25T10:40:22.115092,ground_truth,-0.076320,0.339000,0.295757,True,,,,,,,,,0.022238,0.710394,0.691485,0.004796,0.228638,0.243470,0.000000,0.018756,0.005228,-0.082460,-0.731500,0.028054,-0.021056,0.039744,0.034016
1779680422150936975,2026-05-25T10:40:22.150975,ground_truth,-0.074680,0.329000,0.297505,True,,,,,,,,,0.022238,0.710394,0.691485,0.004796,0.228638,0.243470,0.000000,0.018756,0.005228,-0.082460,-0.731500,0.028054,-0.021056,0.039744,0.034016
1779680422192639634,2026-05-25T10:40:22.192665,ground_truth,-0.076320,0.339000,0.298660,True,,,,,,,,,0.020576,0.700598,0.692500,0.004796,0.228638,0.243470,0.000000,0.018756,0.005228,-0.082460,-0.731500,0.028054,-0.021056,0.039744,0.034016
1779680422232193040,2026-05-25T10:40:22.232218,ground_truth,-0.074680,0.329000,0.297505,True,,,,,,,,,0.018855,0.690752,0.693413,0.011342,0.241724,0.273144,0.000000,0.034903,0.013517,-0.099820,-0.649740,0.038761,-0.019200,0.040704,0.034240
1779680422277102178,2026-05-25T10:40:22.277135,ground_truth,-0.071237,0.308000,0.298034,True,,,,,,,,,0.018855,0.690752,0.693413,0.013087,0.233871,0.269649,0.000000,0.037523,0.013517,-0.099820,-0.633640,0.036686,-0.017824,0.038080,0.033728
1779680422324294753,2026-05-25T10:40:22.324344,ground_truth,-0.067846,0.323000,0.299742,True,,,,,,,,,0.017024,0.680952,0.694101,0.013087,0.233871,0.269649,0.000000,0.037523,0.013517,-0.099820,-0.633640,0.036686,-0.017824,0.038080,0.033728
1779680422360623764,2026-05-25T10:40:22.360648,ground_truth,-0.065337,0.308000,0.298034,True,,,,,,,,,0.015059,0.671140,0.694719,0.013087,0.233871,0.269649,0.000000,0.037523,0.013517,-0.099820,-0.633640,0.036686,-0.017824,0.038080,0.033728
1779680422397716893,2026-05-25T10:40:22.397741,ground_truth,-0.063497,0.297000,0.296781,True,,,,,,,,,0.015059,0.671140,0.694719,0.013087,0.233871,0.269649,0.000000,0.037523,0.013517,-0.099820,-0.633640,0.036686,-0.017824,0.038080,0.033728
1779680422451464703,2026-05-25T10:40:22.451490,ground_truth,-0.065637,0.292000,0.296212,True,,,,,,,,,0.012944,0.661382,0.695217,0.019634,0.217289,0.263976,0.000000,0.051482,0.018756,-0.084280,-0.614600,0.031706,-0.018656,0.039520,0.036128
1779680422487669075,2026-05-25T10:40:22.487696,ground_truth,-0.061825,0.287000,0.295643,True,,,,,,,,,0.012944,0.661382,0.695217,0.019634,0.219033,0.265723,0.002609,0.048432,0.018756,-0.068180,-0.606620,0.028054,-0.019200,0.038240,0.038304
1779680422529691374,2026-05-25T10:40:22.529777,ground_truth,-0.059985,0.276000,0.294390,True,,,,,,,,,0.010778,0.651626,0.695630,0.019634,0.219033,0.273575,0.002609,0.051040,0.018756,-0.090440,-0.600040,0.035275,-0.020704,0.044544,0.038464
1779680422578926828,2026-05-25T10:40:22.578953,ground_truth,-0.059985,0.276000,0.294390,True,,,,,,,,,0.008436,0.641884,0.695863,0.019634,0.216851,0.271396,0.000000,0.056721,0.021807,-0.098840,-0.616560,0.025481,-0.019712,0.042240,0.034912
1779680422613417218,2026-05-25T10:40:22.613444,ground_truth,-0.056305,0.254000,0.288842,True,,,,,,,,,0.008436,0.641884,0.695863,0.021378,0.217289,0.273144,0.000000,0.056721,0.018756,-0.100100,-0.602840,0.030627,-0.019264,0.044800,0.034848
1779680422648689847,2026-05-25T10:40:22.648715,ground_truth,-0.053462,0.237000,0.286879,True,,,,,,,,,0.006058,0.632193,0.695953,0.019634,0.217289,0.273144,0.000000,0.059340,0.019198,-0.103460,-0.584640,0.035275,-0.018944,0.041536,0.033856
1779680422705273262,2026-05-25T10:40:22.705327,ground_truth,-0.053462,0.237000,0.286879,True,,,,,,,,,0.003644,0.622531,0.695912,0.019634,0.215544,0.277069,0.000000,0.062391,0.018756,-0.099820,-0.590800,0.042994,-0.018272,0.044256,0.034848
1779680422739224175,2026-05-25T10:40:22.739249,ground_truth,-0.046510,0.214000,0.284222,True,,,,,,,,,0.003644,0.622531,0.695912,0.017889,0.215544,0.275322,0.000000,0.059340,0.016137,-0.095480,-0.570360,0.036852,-0.020000,0.045984,0.035456
1779680422774018913,2026-05-25T10:40:22.774044,ground_truth,-0.046510,0.214000,0.281114,True,,,,,,,,,0.001190,0.612792,0.695605,0.016138,0.212055,0.274883,0.000000,0.061949,0.019198,-0.090720,-0.569660,0.035441,-0.016768,0.041984,0.034688
1779680422827930452,2026-05-25T10:40:22.827954,ground_truth,-0.049382,0.231000,0.283105,True,,,,,,,,,-0.001262,0.603032,0.695138,0.016138,0.215544,0.273144,0.000000,0.059340,0.013517,-0.098840,-0.554540,0.024983,-0.018880,0.046432,0.034688
1779680422862383905,2026-05-25T10:40:22.862475,ground_truth,-0.043470,0.196000,0.275867,True,,,,,,,,,-0.001262,0.603032,0.695138,0.014831,0.213800,0.274883,0.000000,0.061949,0.016137,-0.098560,-0.553000,0.033200,-0.018592,0.045024,0.035008
1779680422924206727,2026-05-25T10:40:22.924237,ground_truth,-0.042457,0.190000,0.272006,True,,,,,,,,,-0.003643,0.593468,0.694385,0.013087,0.210742,0.273144,0.003051,0.061949,0.013517,-0.099820,-0.570640,0.033200,-0.021440,0.041024,0.036736
1779680422964646190,2026-05-25T10:40:22.964674,ground_truth,-0.042383,0.208000,0.274174,True,,,,,,,,,-0.006035,0.583777,0.693438,0.011342,0.212055,0.271396,0.000000,0.059340,0.010898,-0.091700,-0.531860,0.041168,-0.019776,0.045696,0.036512
1779680423006386186,2026-05-25T10:40:23.006421,ground_truth,-0.041443,0.184000,0.268126,True,,,,,,,,,-0.006035,0.583777,0.693438,0.010029,0.212493,0.271396,0.002609,0.059340,0.007847,-0.095060,-0.548940,0.034611,-0.020480,0.042080,0.038240
1779680423046961022,2026-05-25T10:40:23.046990,ground_truth,-0.036376,0.154000,0.264464,True,,,,,,,,,-0.008313,0.574113,0.692158,0.008285,0.208997,0.267902,0.002609,0.061949,0.007847,-0.097020,-0.554820,0.030627,-0.020320,0.042688,0.036640
1779680423094299794,2026-05-25T10:40:23.094320,ground_truth,-0.042457,0.190000,0.268859,True,,,,,,,,,-0.010558,0.564456,0.690706,0.007853,0.210742,0.267471,0.000000,0.059340,0.005228,-0.097020,-0.502180,0.032370,-0.019872,0.041312,0.038080
1779680423130171604,2026-05-25T10:40:23.130194,ground_truth,-0.036244,0.172000,0.266661,True,,,,,,,,,-0.010558,0.564456,0.690706,0.006540,0.207691,0.267471,0.000000,0.058898,0.005670,-0.094220,-0.504000,0.033366,-0.020928,0.045024,0.038240
1779680423167403256,2026-05-25T10:40:23.167430,ground_truth,-0.036170,0.190000,0.268859,True,,,,,,,,,-0.012724,0.554869,0.689036,0.006540,0.207691,0.267902,0.000000,0.061949,0.005670,-0.084840,-0.515480,0.033698,-0.021376,0.040416,0.038240
1779680423223390045,2026-05-25T10:40:23.223416,ground_truth,-0.029898,0.172000,0.263484,True,,,,,,,,,-0.014887,0.545263,0.687280,0.006540,0.209435,0.269649,0.000000,0.061949,0.005670,-0.077420,-0.482020,0.036354,-0.021984,0.038464,0.038752
1779680423262455267,2026-05-25T10:40:23.262474,ground_truth,-0.022338,0.147000,0.260391,True,,,,,,,,,-0.014887,0.545263,0.687280,0.006540,0.205509,0.269649,0.000000,0.061949,0.005228,-0.075880,-0.483840,0.041666,-0.021984,0.044864,0.037856
1779680423309349436,2026-05-25T10:40:23.309369,ground_truth,-0.025672,0.166000,0.259554,True,,,,,,,,,-0.017153,0.535724,0.685344,0.006540,0.204202,0.269649,0.000000,0.067629,0.005228,-0.073360,-0.520380,0.038927,-0.021888,0.042144,0.038144
1779680423345744860,2026-05-25T10:40:23.345765,ground_truth,-0.029883,0.190000,0.262563,True,,,,,,,,,-0.017153,0.535724,0.685344,0.004796,0.207691,0.269649,0.000000,0.067188,0.005228,-0.078960,-0.470820,0.022410,-0.021824,0.040416,0.039520
1779680423382597883,2026-05-25T10:40:23.382625,ground_truth,-0.026724,0.172000,0.257129,True,,,,,,,,,-0.019511,0.526223,0.683267,0.005233,0.204202,0.271396,0.000000,0.070249,0.005228,-0.084840,-0.468020,0.030129,-0.020384,0.037568,0.038464
1779680423418585891,2026-05-25T10:40:23.418609,ground_truth,-0.026724,0.172000,0.257129,True,,,,,,,,,-0.019511,0.526223,0.683267,0.005233,0.204202,0.271396,0.000000,0.070249,0.005228,-0.084840,-0.468020,0.030129,-0.020384,0.037568,0.038464
1779680423462856611,2026-05-25T10:40:23.462877,ground_truth,-0.024619,0.160000,0.249210,True,,,,,,,,,-0.021920,0.516779,0.681008,0.005233,0.204202,0.271396,0.000000,0.070249,0.005228,-0.084840,-0.468020,0.030129,-0.020384,0.037568,0.038464
1779680423501475251,2026-05-25T10:40:23.501504,ground_truth,-0.024619,0.160000,0.249210,True,,,,,,,,,-0.024407,0.507405,0.678583,0.005233,0.204202,0.271396,0.000000,0.070249,0.005228,-0.084840,-0.468020,0.030129,-0.020384,0.037568,0.038464
1779680423552906564,2026-05-25T10:40:23.552926,ground_truth,-0.028830,0.184000,0.249180,True,,,,,,,,,-0.024407,0.507405,0.678583,0.009598,0.199400,0.275322,0.003051,0.078096,0.010898,-0.093240,-0.461860,0.040753,-0.019712,0.041312,0.036736
1779680423612000661,2026-05-25T10:40:23.612023,ground_truth,-0.021285,0.141000,0.243506,True,,,,,,,,,-0.026944,0.498095,0.676016,0.013087,0.201144,0.277069,0.003051,0.078096,0.010898,-0.089460,-0.429660,0.030129,-0.018144,0.041088,0.035840
1779680423651543063,2026-05-25T10:40:23.651560,ground_truth,-0.023566,0.154000,0.242014,True,,,,,,,,,-0.029582,0.488892,0.673137,0.011342,0.197655,0.277069,0.002609,0.080716,0.010467,-0.097300,-0.442680,0.031540,-0.016160,0.040800,0.035584
1779680423699675502,2026-05-25T10:40:23.699700,ground_truth,-0.021285,0.141000,0.240278,True,,,,,,,,,-0.032290,0.479773,0.670086,0.011342,0.197655,0.280995,0.002609,0.080716,0.013517,-0.100380,-0.456540,0.037350,-0.020160,0.041984,0.036512
1779680423737000444,2026-05-25T10:40:23.737027,ground_truth,-0.021426,0.160000,0.239619,True,,,,,,,,,-0.032290,0.479773,0.670086,0.011780,0.199400,0.277069,0.000000,0.080716,0.013517,-0.093240,-0.423080,0.024983,-0.018144,0.040960,0.034912
1779680423774695668,2026-05-25T10:40:23.774729,ground_truth,-0.022489,0.166000,0.240430,True,,,,,,,,,-0.035156,0.470746,0.666667,0.013087,0.196348,0.277069,0.000000,0.083335,0.010467,-0.077140,-0.397600,0.031540,-0.017984,0.042304,0.035520
1779680423816854022,2026-05-25T10:40:23.816881,ground_truth,-0.014837,0.141000,0.237050,True,,,,,,,,,-0.035156,0.470746,0.666667,0.011342,0.192422,0.275322,0.002609,0.080716,0.007847,-0.062860,-0.430780,0.037682,-0.019552,0.039520,0.036128
1779680423855823326,2026-05-25T10:40:23.855845,ground_truth,-0.013765,0.135000,0.236238,True,,,,,,,,,-0.038186,0.462111,0.662807,0.008285,0.194604,0.274883,0.000000,0.083766,0.008289,-0.071820,-0.397600,0.029299,-0.018944,0.044928,0.037856
1779680423902716279,2026-05-25T10:40:23.902743,ground_truth,-0.015910,0.147000,0.237861,True,,,,,,,,,-0.041339,0.453524,0.658664,0.006540,0.189364,0.273144,0.000000,0.083766,0.005228,-0.072100,-0.383040,0.032702,-0.018656,0.044800,0.036960
1779680423947245742,2026-05-25T10:40:23.947264,ground_truth,-0.016123,0.166000,0.237243,True,,,,,,,,,-0.041339,0.453524,0.658664,0.006540,0.186313,0.273144,0.000000,0.083766,0.005228,-0.073780,-0.416220,0.024070,-0.018368,0.042592,0.036416
1779680423991816540,2026-05-25T10:40:23.991864,ground_truth,-0.007297,0.135000,0.229762,True,,,,,,,,,-0.044397,0.445172,0.654144,0.005233,0.188057,0.273144,0.000000,0.086386,0.005670,-0.078400,-0.381500,0.029299,-0.018496,0.042976,0.036288
1779680424064091973,2026-05-25T10:40:24.064121,ground_truth,-0.003839,0.116000,0.227130,True,,,,,,,,,-0.047560,0.437357,0.649387,0.001744,0.182817,0.277069,0.000000,0.089005,0.000000,-0.084560,-0.394520,0.028552,-0.020000,0.042080,0.037792
1779680424106288619,2026-05-25T10:40:24.106329,ground_truth,-0.001676,0.122000,0.224702,True,,,,,,,,,-0.050372,0.431294,0.645236,0.001744,0.182817,0.277069,0.000000,0.089005,0.000000,-0.084560,-0.394520,0.028552,-0.020000,0.042080,0.037792
1779680424143710205,2026-05-25T10:40:24.143739,ground_truth,0.000282,0.129000,0.222434,True,,,,,,,,,-0.050372,0.431294,0.645236,0.001744,0.182817,0.277069,0.000000,0.089005,0.000000,-0.084560,-0.394520,0.028552,-0.020000,0.042080,0.037792
1779680424183822582,2026-05-25T10:40:24.183850,ground_truth,0.001579,0.122000,0.221442,True,,,,,,,,,-0.053477,0.425529,0.641078,0.001744,0.182817,0.277069,0.000000,0.089005,0.000000,-0.084560,-0.394520,0.028552,-0.020000,0.042080,0.037792
1779680424218642297,2026-05-25T10:40:24.218666,ground_truth,0.000282,0.129000,0.219186,True,,,,,,,,,-0.053477,0.425529,0.641078,0.007853,0.174533,0.278809,0.000000,0.105152,0.010898,0.096320,-0.362880,0.019505,-0.026272,0.039680,-0.028960
1779680424254132000,2026-05-25T10:40:24.254161,ground_truth,-0.000830,0.135000,0.216809,True,,,,,,,,,-0.056980,0.419894,0.636953,0.013087,0.171475,0.280556,0.000000,0.107772,0.013517,0.105980,-0.341880,0.025979,-0.032896,0.045536,-0.031168
1779680424291869918,2026-05-25T10:40:24.291894,ground_truth,0.001579,0.122000,0.214923,True,,,,,,,,,-0.059750,0.415562,0.633670,0.014831,0.167986,0.280556,0.000000,0.113000,0.016137,0.104160,-0.328860,0.025481,-0.040800,0.044640,-0.032800
1779680424338942541,2026-05-25T10:40:24.338970,ground_truth,0.008386,0.103000,0.208875,True,,,,,,,,,-0.059750,0.415562,0.633670,0.019196,0.161439,0.280556,0.000000,0.120858,0.018756,0.106260,-0.331660,0.023738,-0.056608,0.044480,-0.032736
1779680424382565853,2026-05-25T10:40:24.382593,ground_truth,0.002404,0.135000,0.213570,True,,,,,,,,,-0.063024,0.411617,0.630010,0.023122,0.157075,0.282742,0.000000,0.126528,0.023995,0.100940,-0.311220,0.042164,-0.076192,0.047424,-0.033952
1779680424416876336,2026-05-25T10:40:24.416922,ground_truth,0.005956,0.116000,0.207513,True,,,,,,,,,-0.063024,0.411617,0.630010,0.024429,0.153586,0.282304,0.000000,0.129147,0.023995,0.097020,-0.313320,0.040089,-0.084704,0.049376,-0.035232
1779680424459786297,2026-05-25T10:40:24.459812,ground_truth,0.005956,0.116000,0.207513,True,,,,,,,,,-0.066378,0.407588,0.626276,0.029231,0.145295,0.275322,0.002609,0.132208,0.029665,0.098560,-0.303380,0.032370,-0.102400,0.045824,-0.036512
1779680424496984354,2026-05-25T10:40:24.497010,ground_truth,0.012993,0.096000,0.204546,True,,,,,,,,,-0.068913,0.403955,0.623213,0.030976,0.133952,0.266162,0.005228,0.134817,0.029665,0.118300,-0.287980,0.030129,-0.102688,0.049760,-0.036576
1779680424533904270,2026-05-25T10:40:24.533934,ground_truth,0.009221,0.116000,0.207513,True,,,,,,,,,-0.068913,0.403955,0.623213,0.038829,0.122603,0.256125,0.002609,0.134817,0.034903,0.110320,-0.253540,0.045235,-0.100512,0.051648,-0.035904
1779680424575093704,2026-05-25T10:40:24.575123,ground_truth,0.008089,0.122000,0.208403,True,,,,,,,,,-0.071851,0.400236,0.619641,0.039267,0.113006,0.247396,0.002609,0.137436,0.040573,0.123340,-0.268100,0.023572,-0.099968,0.042752,-0.037920
1779680424616045258,2026-05-25T10:40:24.616070,ground_truth,0.008871,0.135000,0.210332,True,,,,,,,,,-0.071851,0.400236,0.619641,0.049303,0.097736,0.228637,0.005228,0.129147,0.051482,0.119560,-0.271740,0.037184,-0.101024,0.051104,-0.039584
1779680424679888106,2026-05-25T10:40:24.679916,ground_truth,0.011344,0.122000,0.205144,True,,,,,,,,,-0.074754,0.396405,0.616147,0.055412,0.088570,0.215544,0.002609,0.126528,0.054101,0.116480,-0.256620,0.051294,-0.099296,0.045088,-0.042240
1779680424718488416,2026-05-25T10:40:24.718516,ground_truth,0.006589,0.147000,0.208894,True,,,,,,,,,-0.076869,0.393596,0.613440,0.060645,0.076790,0.198964,0.005228,0.121300,0.059340,0.123340,-0.247660,0.059511,-0.100576,0.047200,-0.040032
1779680424759701355,2026-05-25T10:40:24.759730,ground_truth,0.014600,0.122000,0.205144,True,,,,,,,,,-0.078121,0.392719,0.611397,0.065010,0.070243,0.189365,0.005228,0.118680,0.061949,0.131740,-0.240240,0.059511,-0.102144,0.045600,-0.040800
1779680424805879213,2026-05-25T10:40:24.805910,ground_truth,0.015751,0.116000,0.200974,True,,,,,,,,,-0.078121,0.392719,0.611397,0.073738,0.060207,0.178458,0.005670,0.116061,0.069807,0.138180,-0.235900,0.047144,-0.102848,0.049152,-0.044416
1779680424840814670,2026-05-25T10:40:24.840843,ground_truth,0.008460,0.154000,0.206737,True,,,,,,,,,-0.079993,0.392508,0.609042,0.075483,0.057156,0.171037,0.005670,0.113000,0.075477,0.136080,-0.233660,0.045733,-0.102688,0.047872,-0.037248
1779680424888299871,2026-05-25T10:40:24.888322,ground_truth,0.015751,0.116000,0.200974,True,,,,,,,,,-0.079993,0.392508,0.609042,0.075483,0.048865,0.161439,0.005228,0.110822,0.070249,0.147560,-0.231560,0.059013,-0.103360,0.047104,-0.040480
1779680424925736400,2026-05-25T10:40:24.925761,ground_truth,0.008089,0.122000,0.198625,True,,,,,,,,,-0.080307,0.391675,0.608149,0.076790,0.045376,0.159691,0.003051,0.110391,0.069807,0.128520,-0.230300,0.051792,-0.107200,0.048032,-0.041536
1779680424984790933,2026-05-25T10:40:24.984817,ground_truth,0.012486,0.116000,0.194435,True,,,,,,,,,-0.082280,0.391033,0.606011,0.076790,0.044069,0.154457,0.005228,0.113000,0.075477,0.132020,-0.226520,0.052124,-0.104704,0.047200,-0.038464
1779680425033540123,2026-05-25T10:40:25.033569,ground_truth,0.010954,0.141000,0.198309,True,,,,,,,,,-0.082227,0.390285,0.604755,0.076790,0.044069,0.154457,0.005228,0.113000,0.075477,0.132020,-0.226520,0.052124,-0.104704,0.047200,-0.038464
1779680425072176535,2026-05-25T10:40:25.072203,ground_truth,0.012105,0.135000,0.197379,True,,,,,,,,,-0.082227,0.390285,0.604755,0.076790,0.044069,0.154457,0.005228,0.113000,0.075477,0.132020,-0.226520,0.052124,-0.104704,0.047200,-0.038464
1779680425113656547,2026-05-25T10:40:25.113685,ground_truth,0.017094,0.109000,0.190070,True,,,,,,,,,-0.083293,0.391017,0.604543,0.068498,0.037523,0.141371,0.005228,0.105152,0.067188,0.118020,-0.209440,0.058515,-0.101632,0.045024,-0.036064
1779680425152959997,2026-05-25T10:40:25.152990,ground_truth,0.012105,0.135000,0.194141,True,,,,,,,,,-0.083293,0.391017,0.604543,0.065447,0.027925,0.128278,0.005228,0.099482,0.064568,0.100940,-0.209440,0.076028,-0.103584,0.044704,-0.040480
1779680425198198023,2026-05-25T10:40:25.198223,ground_truth,0.014178,0.141000,0.195080,True,,,,,,,,,-0.084056,0.392564,0.602199,0.063703,0.024429,0.120858,0.005228,0.096863,0.061949,0.111860,-0.196420,0.081340,-0.102624,0.046432,-0.037856
1779680425249370396,2026-05-25T10:40:25.249411,ground_truth,0.019016,0.116000,0.191166,True,,,,,,,,,-0.084115,0.394312,0.600485,0.063703,0.024429,0.120858,0.005228,0.096863,0.061949,0.111860,-0.196420,0.081340,-0.102624,0.046432,-0.037856
1779680425294549669,2026-05-25T10:40:25.294588,ground_truth,0.013017,0.147000,0.196020,True,,,,,,,,,-0.085462,0.395267,0.599769,0.063703,0.024429,0.120858,0.005228,0.096863,0.061949,0.111860,-0.196420,0.081340,-0.102624,0.046432,-0.037856
1779680425336024468,2026-05-25T10:40:25.336054,ground_truth,0.017855,0.122000,0.192105,True,,,,,,,,,-0.085462,0.395267,0.599769,0.063703,0.024429,0.120858,0.005228,0.096863,0.061949,0.111860,-0.196420,0.081340,-0.102624,0.046432,-0.037856
1779680425382179620,2026-05-25T10:40:25.382201,ground_truth,0.015339,0.135000,0.190903,True,,,,,,,,,-0.085477,0.397257,0.597604,0.036209,0.011780,0.050172,0.003051,0.059340,0.034903,0.103180,0.016380,0.086320,-0.105184,0.039744,-0.037696
1779680425430738504,2026-05-25T10:40:25.430761,ground_truth,0.019016,0.116000,0.187896,True,,,,,,,,,-0.086422,0.397396,0.596267,0.034034,0.010029,0.046685,0.002609,0.056721,0.032284,0.097300,0.013300,0.096695,-0.104576,0.035904,-0.032960
1779680425468079348,2026-05-25T10:40:25.468098,ground_truth,0.015339,0.135000,0.187664,True,,,,,,,,,-0.086422,0.397396,0.596267,0.031414,0.010029,0.040573,0.002609,0.045812,0.029665,0.106540,0.021280,0.103584,-0.104416,0.036512,-0.032960
1779680425510147839,2026-05-25T10:40:25.510171,ground_truth,0.020370,0.109000,0.183508,True,,,,,,,,,-0.086509,0.398158,0.594067,0.032720,0.014394,0.033592,0.002609,0.045812,0.032284,0.094220,0.033460,0.095948,-0.105856,0.041984,-0.035136
1779680425545922235,2026-05-25T10:40:25.545976,ground_truth,0.017094,0.109000,0.180227,True,,,,,,,,,-0.086509,0.398158,0.594067,0.035778,0.023122,0.027488,0.002609,0.051040,0.034903,0.117180,0.048300,0.089640,-0.105184,0.039424,-0.037568
1779680425591045619,2026-05-25T10:40:25.591071,ground_truth,0.017094,0.109000,0.180227,True,,,,,,,,,-0.087688,0.397668,0.591481,0.040574,0.032720,0.024432,0.002609,0.056721,0.040573,0.108080,0.048860,0.101343,-0.106592,0.042976,-0.037184
1779680425627194965,2026-05-25T10:40:25.627216,ground_truth,0.014600,0.122000,0.182327,True,,,,,,,,,-0.087904,0.396906,0.590277,0.042756,0.040574,0.014833,0.002609,0.056721,0.040573,0.094780,0.048020,0.103584,-0.102528,0.036128,-0.039584
1779680425664601562,2026-05-25T10:40:25.664626,ground_truth,0.013256,0.129000,0.180209,True,,,,,,,,,-0.087904,0.396906,0.590277,0.040574,0.045814,0.009160,0.003051,0.051040,0.040573,0.094780,0.052080,0.106489,-0.105024,0.038752,-0.036576
1779680425699388683,2026-05-25T10:40:25.699407,ground_truth,0.019588,0.096000,0.178127,True,,,,,,,,,-0.088446,0.396608,0.587997,0.039267,0.053667,0.003487,0.002609,0.056721,0.037523,0.116200,0.056980,0.099600,-0.105472,0.038848,-0.035296
1779680425734185956,2026-05-25T10:40:25.734213,ground_truth,0.015751,0.116000,0.181357,True,,,,,,,,,-0.088446,0.396608,0.587997,0.039267,0.057156,0.003926,0.002609,0.059340,0.037523,0.102480,0.053200,0.097193,-0.106368,0.041472,-0.036736
1779680425769569014,2026-05-25T10:40:25.769604,ground_truth,0.012681,0.132000,0.183942,True,,,,,,,,,-0.088831,0.394622,0.586275,0.034034,0.057156,0.007413,0.003051,0.064568,0.032284,0.092960,0.035560,0.099932,-0.106368,0.034304,-0.036416
1779680425809506867,2026-05-25T10:40:25.809531,ground_truth,0.014600,0.122000,0.179067,True,,,,,,,,,-0.088831,0.394622,0.586275,0.032720,0.053667,0.007413,0.002609,0.061949,0.029665,0.091980,0.027860,0.097691,-0.107424,0.039904,-0.036864


============================================================
EXPERIMENT METRICS
  File: experiment_GROUND_TRUTH_20260525_104004.csv
  Total samples: 508
  Task completion time: 21.73 s
  Mode: GROUND TRUTH (no prediction metrics)
  --- Trajectory Smoothness (Robot EE) ---
  Mean Jerk (3D): 27.3171 m/s³
      Jerk X: 7.4532 m/s³
      Jerk Y: 19.1287 m/s³
      Jerk Z: 13.3335 m/s³
  Max Jerk (3D): 83.8128 m/s³
  RMS Jerk (3D): 33.9081 m/s³
============================================================
