ros_timestamp_ns,wall_time,trajectory_mode,meas_x,meas_y,meas_z,is_tracked,pred_x,pred_y,pred_z,mae_x,mae_y,mae_z,inference_ms,buffer_size,robot_ee_x,robot_ee_y,robot_ee_z,j1_vel,j2_vel,j3_vel,j4_vel,j5_vel,j6_vel,j1_eff,j2_eff,j3_eff,j4_eff,j5_eff,j6_eff
1779938832763442060,2026-05-28T10:27:12.763460,prediction,0.088452,0.045000,0.008944,True,0.107223,0.046026,0.018596,0.018770,0.001026,0.009653,6.92,20,-0.163830,0.263009,0.394666,0.000000,0.000000,0.000000,0.000000,0.000000,0.000000,nan,nan,nan,nan,nan,nan
1779938832803330062,2026-05-28T10:27:12.803348,prediction,0.088964,0.039000,0.008162,True,0.108049,0.044501,0.017587,0.019085,0.005501,0.009425,6.19,20,-0.163830,0.263009,0.394666,0.000000,0.000000,0.000000,0.000000,0.000000,0.000000,nan,nan,nan,nan,nan,nan
1779938832842438791,2026-05-28T10:27:12.842455,prediction,0.086369,0.034000,0.007510,True,0.106737,0.042018,0.015845,0.020368,0.008018,0.008335,3.84,20,-0.163830,0.263009,0.394666,0.000000,0.000000,0.000000,0.000000,0.000000,0.000000,nan,nan,nan,nan,nan,nan
1779938832875578263,2026-05-28T10:27:12.875598,prediction,0.088452,0.045000,0.011950,True,0.107419,0.046352,0.020646,0.018966,0.001352,0.008696,3.40,20,-0.165953,0.262981,0.395508,0.000000,0.000000,0.000000,0.000000,0.000000,0.000000,nan,nan,nan,nan,nan,nan
1779938832912894413,2026-05-28T10:27:12.912926,prediction,0.088964,0.039000,0.011178,True,0.107465,0.042291,0.021327,0.018502,0.003291,0.010149,3.75,20,-0.165953,0.262981,0.395508,0.000000,0.000000,0.000000,0.000000,0.000000,0.000000,nan,nan,nan,nan,nan,nan
1779938832945096562,2026-05-28T10:27:12.945119,prediction,0.088964,0.039000,0.011178,True,0.106798,0.039364,0.020146,0.017835,0.000364,0.008968,4.14,20,-0.163830,0.263009,0.394666,0.000000,0.000000,0.000000,0.000000,0.000000,0.000000,nan,nan,nan,nan,nan,nan
1779938832981576253,2026-05-28T10:27:12.981596,prediction,0.088964,0.039000,0.011178,True,0.106508,0.038463,0.020032,0.017544,0.000537,0.008854,4.54,20,-0.163830,0.263009,0.394666,0.000000,0.000000,0.000000,0.000000,0.000000,0.000000,nan,nan,nan,nan,nan,nan
1779938833019194181,2026-05-28T10:27:13.019212,prediction,0.088452,0.045000,0.011950,True,0.105267,0.044565,0.020932,0.016815,0.000435,0.008981,4.09,20,-0.163830,0.263009,0.394666,0.000000,0.000000,0.000000,0.000000,0.000000,0.000000,nan,nan,nan,nan,nan,nan
1779938833058213490,2026-05-28T10:27:13.058229,prediction,0.088026,0.050000,0.012594,True,0.104452,0.049180,0.021907,0.016426,0.000820,0.009313,3.95,20,-0.163830,0.263009,0.394666,0.000000,0.000000,0.000000,0.000000,0.000000,0.000000,nan,nan,nan,nan,nan,nan
1779938833089565284,2026-05-28T10:27:13.089587,prediction,0.088026,0.050000,0.012594,True,0.103247,0.049367,0.021908,0.015221,0.000633,0.009315,4.10,20,-0.163830,0.263009,0.394666,0.000000,0.000000,0.000000,0.000000,0.000000,0.000000,nan,nan,nan,nan,nan,nan
1779938833120392012,2026-05-28T10:27:13.120412,prediction,0.088452,0.045000,0.011950,True,0.102711,0.045329,0.021045,0.014258,0.000329,0.009094,3.93,20,-0.163830,0.263009,0.394666,0.000000,0.000000,0.000000,0.000000,0.000000,0.000000,nan,nan,nan,nan,nan,nan
1779938833162882778,2026-05-28T10:27:13.162920,prediction,0.088452,0.045000,0.011950,True,0.102009,0.044241,0.020719,0.013557,0.000759,0.008769,3.88,20,-0.163830,0.263009,0.394666,0.000000,0.000000,0.000000,0.000000,0.000000,0.000000,nan,nan,nan,nan,nan,nan
1779938833197566068,2026-05-28T10:27:13.197587,prediction,0.088026,0.050000,0.015592,True,0.100383,0.050701,0.024286,0.012357,0.000701,0.008694,3.71,20,-0.163830,0.263009,0.394666,0.000000,0.000000,0.000000,0.000000,0.000000,0.000000,nan,nan,nan,nan,nan,nan
1779938833229481236,2026-05-28T10:27:13.229503,prediction,0.088452,0.045000,0.014957,True,0.100106,0.046933,0.024923,0.011653,0.001933,0.009967,3.89,20,-0.163830,0.263009,0.394666,0.000000,0.000000,0.000000,0.000000,0.000000,0.000000,nan,nan,nan,nan,nan,nan
1779938833262835986,2026-05-28T10:27:13.262856,prediction,0.088964,0.039000,0.014195,True,0.100278,0.039499,0.023572,0.011314,0.000499,0.009377,3.78,20,-0.163830,0.263009,0.394666,0.000000,0.000000,0.000000,0.000000,0.000000,0.000000,nan,nan,nan,nan,nan,nan
1779938833294720390,2026-05-28T10:27:13.294742,prediction,0.090065,0.061000,0.016989,True,0.099569,0.055499,0.025141,0.009504,0.005501,0.008152,4.10,20,-0.163830,0.263009,0.394666,0.000000,0.000000,0.000000,0.000000,0.000000,0.000000,nan,nan,nan,nan,nan,nan
1779938833336888784,2026-05-28T10:27:13.336927,prediction,0.092410,0.034000,0.013560,True,0.101051,0.049974,0.025008,0.008641,0.015974,0.011448,6.96,20,-0.163830,0.263009,0.394666,0.000000,0.000000,0.000000,0.000000,0.000000,0.000000,nan,nan,nan,nan,nan,nan
1779938833375869184,2026-05-28T10:27:13.375889,prediction,0.092410,0.034000,0.016584,True,0.100405,0.040684,0.025973,0.007995,0.006684,0.009388,6.26,20,-0.163830,0.263009,0.394666,0.000000,0.000000,0.000000,0.000000,0.000000,0.000000,nan,nan,nan,nan,nan,nan
1779938833409373844,2026-05-28T10:27:13.409391,prediction,0.091976,0.039000,0.017211,True,0.100991,0.043775,0.026315,0.009015,0.004775,0.009104,6.14,20,-0.163830,0.263009,0.394666,0.000000,0.000000,0.000000,0.000000,0.000000,0.000000,nan,nan,nan,nan,nan,nan
1779938833439911484,2026-05-28T10:27:13.439933,prediction,0.092410,0.034000,0.019609,True,0.101952,0.042263,0.029276,0.009542,0.008263,0.009666,6.27,20,-0.163830,0.263009,0.394666,0.000000,0.000000,0.000000,0.000000,0.000000,0.000000,nan,nan,nan,nan,nan,nan
1779938833469746130,2026-05-28T10:27:13.469761,prediction,0.094457,0.045000,0.023977,True,0.102600,0.046554,0.033209,0.008143,0.001554,0.009233,3.76,20,-0.163830,0.263009,0.394666,0.000000,0.000000,0.000000,0.000000,0.000000,0.000000,nan,nan,nan,nan,nan,nan
1779938833507180229,2026-05-28T10:27:13.507196,prediction,0.098451,0.034000,0.025658,True,0.106553,0.035510,0.037507,0.008102,0.001509,0.011849,3.99,20,-0.163830,0.263009,0.394666,0.000000,0.000000,0.000000,0.000000,0.000000,0.000000,nan,nan,nan,nan,nan,nan
1779938833538262064,2026-05-28T10:27:13.538282,prediction,0.098993,0.061000,0.031891,True,0.103640,0.051510,0.042231,0.004647,0.009490,0.010340,3.96,20,-0.163830,0.263009,0.394666,0.000000,0.000000,0.000000,0.000000,0.000000,0.000000,nan,nan,nan,nan,nan,nan
1779938833570079818,2026-05-28T10:27:13.570100,prediction,0.100003,0.050000,0.033582,True,0.107135,0.054650,0.047349,0.007131,0.004650,0.013767,4.01,20,-0.163830,0.263009,0.394666,0.000000,0.000000,0.000000,0.000000,0.000000,0.000000,nan,nan,nan,nan,nan,nan
1779938833603188544,2026-05-28T10:27:13.603209,prediction,0.100462,0.045000,0.032996,True,0.108486,0.047859,0.047561,0.008024,0.002859,0.014565,3.91,20,-0.163830,0.263009,0.394666,0.000000,0.000000,0.000000,0.000000,0.000000,0.000000,nan,nan,nan,nan,nan,nan
1779938833635210680,2026-05-28T10:27:13.635232,prediction,0.100462,0.045000,0.036003,True,0.108517,0.046030,0.050878,0.008055,0.001030,0.014875,4.08,20,-0.163830,0.263009,0.394666,0.000000,0.000000,0.000000,0.000000,0.000000,0.000000,nan,nan,nan,nan,nan,nan
1779938833676810185,2026-05-28T10:27:13.676829,prediction,0.101472,0.034000,0.034733,True,0.109588,0.040125,0.050653,0.008116,0.006125,0.015921,3.70,20,-0.163830,0.263009,0.394666,0.000000,0.000000,0.000000,0.000000,0.000000,0.000000,nan,nan,nan,nan,nan,nan
1779938833709574199,2026-05-28T10:27:13.709594,prediction,0.104470,0.066000,0.041401,True,0.107757,0.056125,0.054425,0.003286,0.009875,0.013025,3.92,20,-0.163830,0.263009,0.394666,0.000000,0.000000,0.000000,0.000000,0.000000,0.000000,nan,nan,nan,nan,nan,nan
1779938833752655328,2026-05-28T10:27:13.752673,prediction,0.105992,0.050000,0.039579,True,0.110970,0.061408,0.056175,0.004978,0.011408,0.016596,3.97,20,-0.163830,0.263009,0.394666,0.000000,0.000000,0.000000,0.000000,0.000000,0.000000,nan,nan,nan,nan,nan,nan
1779938833787110758,2026-05-28T10:27:13.787129,prediction,0.105421,0.056000,0.040262,True,0.109293,0.061362,0.054936,0.003872,0.005362,0.014674,3.68,20,-0.163830,0.263009,0.394666,0.000000,0.000000,0.000000,0.000000,0.000000,0.000000,nan,nan,nan,nan,nan,nan
1779938833815897705,2026-05-28T10:27:13.815933,prediction,0.105992,0.050000,0.042577,True,0.110318,0.061980,0.057894,0.004326,0.011980,0.015316,3.86,20,-0.163830,0.263009,0.394666,0.000000,0.000000,0.000000,0.000000,0.000000,0.000000,nan,nan,nan,nan,nan,nan
1779938833851513804,2026-05-28T10:27:13.851535,prediction,0.103464,0.045000,0.042016,True,0.108414,0.062111,0.056794,0.004949,0.017111,0.014778,3.95,20,-0.163830,0.263009,0.394666,0.000000,0.000000,0.000000,0.000000,0.000000,0.000000,nan,nan,nan,nan,nan,nan
1779938833887163828,2026-05-28T10:27:13.887201,prediction,0.105992,0.050000,0.045576,True,0.109887,0.063700,0.058753,0.003895,0.013700,0.013177,4.18,20,-0.163830,0.263009,0.394666,0.000000,0.000000,0.000000,0.000000,0.000000,0.000000,nan,nan,nan,nan,nan,nan
1779938833917846052,2026-05-28T10:27:13.917872,prediction,0.107513,0.034000,0.049856,True,0.112866,0.047700,0.065312,0.005353,0.013700,0.015456,4.57,20,-0.163830,0.263009,0.394666,0.000000,0.000000,0.000000,0.000000,0.000000,0.000000,nan,nan,nan,nan,nan,nan
1779938833952238927,2026-05-28T10:27:13.952257,prediction,0.105992,0.050000,0.051573,True,0.108792,0.055129,0.065195,0.002801,0.005129,0.013623,7.13,20,-0.163830,0.263009,0.394666,0.000000,0.000000,0.000000,0.000000,0.000000,0.000000,nan,nan,nan,nan,nan,nan
1779938833982194249,2026-05-28T10:27:13.982215,prediction,0.106467,0.045000,0.051036,True,0.111586,0.054511,0.064906,0.005119,0.009511,0.013870,4.68,20,-0.163830,0.263009,0.394666,0.000000,0.000000,0.000000,0.000000,0.000000,0.000000,nan,nan,nan,nan,nan,nan
1779938834017233201,2026-05-28T10:27:14.017252,prediction,0.105421,0.056000,0.052216,True,0.110978,0.059755,0.064817,0.005557,0.003755,0.012601,4.92,20,-0.165331,0.263707,0.396166,0.000000,0.000000,0.000000,0.000000,0.000000,0.000000,nan,nan,nan,nan,nan,nan
1779938834049016714,2026-05-28T10:27:14.049032,prediction,0.108406,0.056000,0.055205,True,0.114619,0.059051,0.069917,0.006214,0.003051,0.014712,4.47,20,-0.165331,0.263707,0.396166,0.000000,0.000000,0.000000,0.000000,0.000000,0.000000,nan,nan,nan,nan,nan,nan
1779938834081244168,2026-05-28T10:27:14.081272,prediction,0.106858,0.072000,0.056895,True,0.111305,0.073672,0.070560,0.004447,0.001672,0.013664,4.46,20,-0.167846,0.264765,0.399578,0.000000,0.000000,0.000000,0.000000,0.000000,0.000000,nan,nan,nan,nan,nan,nan
1779938834116446613,2026-05-28T10:27:14.116468,prediction,0.107922,0.061000,0.055733,True,0.112910,0.072524,0.068531,0.004988,0.011524,0.012798,4.10,20,-0.167846,0.264765,0.399578,0.000000,0.000000,0.000000,0.000000,0.000000,0.000000,nan,nan,nan,nan,nan,nan
1779938834148395735,2026-05-28T10:27:14.148432,prediction,0.107922,0.061000,0.058713,True,0.113237,0.067442,0.070589,0.005315,0.006442,0.011876,4.85,20,-0.170879,0.266122,0.405202,0.000000,0.000000,0.000000,0.000000,0.000000,0.000000,nan,nan,nan,nan,nan,nan
1779938834183152917,2026-05-28T10:27:14.183175,prediction,0.107922,0.061000,0.058713,True,0.112478,0.071180,0.070480,0.004556,0.010180,0.011766,6.74,20,-0.170879,0.266122,0.405202,0.000000,0.000000,0.000000,0.000000,0.000000,0.000000,nan,nan,nan,nan,nan,nan
1779938834216923814,2026-05-28T10:27:14.216940,prediction,0.107438,0.066000,0.062205,True,0.111556,0.077464,0.073975,0.004117,0.011464,0.011769,6.93,20,-0.174044,0.267862,0.412932,0.000000,0.000000,0.000000,0.000000,0.000000,0.000000,nan,nan,nan,nan,nan,nan
1779938834247370929,2026-05-28T10:27:14.247390,prediction,0.107438,0.066000,0.062205,True,0.110979,0.079376,0.072874,0.003540,0.013376,0.010669,6.69,20,-0.174044,0.267862,0.412932,0.000000,0.000000,0.000000,0.000000,0.000000,0.000000,nan,nan,nan,nan,nan,nan
1779938834284111292,2026-05-28T10:27:14.284129,prediction,0.108833,0.082000,0.066789,True,0.111249,0.090860,0.077725,0.002417,0.008860,0.010936,6.61,20,-0.177071,0.270450,0.422089,0.000000,0.000000,0.000000,0.000000,0.000000,0.000000,nan,nan,nan,nan,nan,nan
1779938834313269600,2026-05-28T10:27:14.313288,prediction,0.108833,0.082000,0.066789,True,0.111341,0.093605,0.078863,0.002508,0.011605,0.012074,4.08,20,-0.177071,0.270450,0.422089,0.000000,0.000000,0.000000,0.000000,0.000000,0.000000,nan,nan,nan,nan,nan,nan
1779938834350197186,2026-05-28T10:27:14.350220,prediction,0.105891,0.082000,0.066789,True,0.108136,0.098146,0.077984,0.002245,0.016146,0.011195,4.24,20,-0.179864,0.273603,0.431186,0.000000,0.000000,0.000000,0.000000,0.000000,0.000000,nan,nan,nan,nan,nan,nan
1779938834381641503,2026-05-28T10:27:14.381661,prediction,0.106858,0.072000,0.065782,True,0.109315,0.090689,0.076868,0.002457,0.018689,0.011086,4.01,20,-0.179864,0.273603,0.431186,0.000000,0.000000,0.000000,0.000000,0.000000,0.000000,nan,nan,nan,nan,nan,nan
1779938834415417159,2026-05-28T10:27:14.415432,prediction,0.106375,0.077000,0.066285,True,0.107571,0.094363,0.075864,0.001196,0.017363,0.009578,3.71,20,-0.182284,0.277542,0.440018,0.000000,0.000000,0.000000,0.000000,0.000000,0.000000,nan,nan,nan,nan,nan,nan
1779938834456677331,2026-05-28T10:27:14.456694,prediction,0.105891,0.082000,0.069735,True,0.106485,0.101767,0.079907,0.000594,0.019767,0.010172,4.94,20,-0.184287,0.281929,0.448194,0.000000,0.000000,0.000000,0.000000,0.000000,0.000000,nan,nan,nan,nan,nan,nan
1779938834488551047,2026-05-28T10:27:14.488571,prediction,0.105891,0.082000,0.069735,True,0.105652,0.101563,0.079483,0.000239,0.019563,0.009748,3.91,20,-0.184287,0.281929,0.448194,0.000000,0.000000,0.000000,0.000000,0.000000,0.000000,nan,nan,nan,nan,nan,nan
1779938834525703175,2026-05-28T10:27:14.525722,prediction,0.102949,0.082000,0.069735,True,0.102936,0.098610,0.078159,0.000013,0.016610,0.008424,4.05,20,-0.185330,0.287043,0.454478,0.000000,0.000000,0.000000,0.000000,0.000000,0.000000,nan,nan,nan,nan,nan,nan
1779938834557956411,2026-05-28T10:27:14.557974,prediction,0.100477,0.108000,0.072311,True,0.098325,0.114610,0.080210,0.002153,0.006610,0.007900,4.07,20,-0.185330,0.287043,0.454478,0.000000,0.000000,0.000000,0.000000,0.000000,0.000000,nan,nan,nan,nan,nan,nan
1779938834592128046,2026-05-28T10:27:14.592144,prediction,0.100008,0.082000,0.072681,True,0.098568,0.112099,0.083942,0.001440,0.030099,0.011261,3.60,20,-0.185236,0.292888,0.459006,0.000000,0.000000,0.000000,0.000000,0.000000,0.000000,nan,nan,nan,nan,nan,nan
1779938834624945431,2026-05-28T10:27:14.624967,prediction,0.098513,0.098000,0.074240,True,0.092913,0.116471,0.083615,0.005599,0.018471,0.009376,3.75,20,-0.185236,0.292888,0.459006,0.000000,0.000000,0.000000,0.000000,0.000000,0.000000,nan,nan,nan,nan,nan,nan
1779938834657257443,2026-05-28T10:27:14.657277,prediction,0.098046,0.103000,0.074727,True,0.092620,0.128343,0.083920,0.005426,0.025343,0.009194,3.86,20,-0.183816,0.299180,0.461799,0.000000,0.000000,0.000000,0.000000,0.000000,0.000000,nan,nan,nan,nan,nan,nan
1779938834697578417,2026-05-28T10:27:14.697599,prediction,0.097578,0.108000,0.075214,True,0.092137,0.135592,0.084376,0.005441,0.027592,0.009163,3.93,20,-0.183816,0.299180,0.461799,0.000000,0.000000,0.000000,0.000000,0.000000,0.000000,nan,nan,nan,nan,nan,nan
1779938834734217132,2026-05-28T10:27:14.734240,prediction,0.100475,0.077000,0.075148,True,0.095763,0.119592,0.085757,0.004712,0.042592,0.010610,5.49,20,-0.181301,0.305503,0.463559,0.000000,0.000000,0.000000,0.000000,0.000000,0.000000,nan,nan,nan,nan,nan,nan
1779938834772205220,2026-05-28T10:27:14.772226,prediction,0.099073,0.092000,0.076584,True,0.091429,0.114160,0.085092,0.007645,0.022160,0.008508,3.96,20,-0.181301,0.305503,0.463559,0.000000,0.000000,0.000000,0.000000,0.000000,0.000000,nan,nan,nan,nan,nan,nan
1779938834808473349,2026-05-28T10:27:14.808493,prediction,0.098513,0.098000,0.077159,True,0.092583,0.125810,0.084129,0.005930,0.027810,0.006969,4.04,20,-0.178835,0.311855,0.465262,0.000000,0.000000,0.000000,0.000000,0.000000,0.000000,nan,nan,nan,nan,nan,nan
1779938834845341748,2026-05-28T10:27:14.845362,prediction,0.096607,0.087000,0.076105,True,0.094218,0.117860,0.083503,0.002389,0.030860,0.007398,3.61,20,-0.178835,0.311855,0.465262,0.000000,0.000000,0.000000,0.000000,0.000000,0.000000,nan,nan,nan,nan,nan,nan
1779938834880672343,2026-05-28T10:27:14.880691,prediction,0.097525,0.077000,0.075148,True,0.095203,0.101860,0.082546,0.002322,0.024860,0.007399,3.96,20,-0.176362,0.318146,0.466465,0.000000,0.000000,0.000000,0.000000,0.000000,0.000000,nan,nan,nan,nan,nan,nan
1779938834912759212,2026-05-28T10:27:14.912780,prediction,0.098513,0.098000,0.080079,True,0.092196,0.111520,0.087389,0.006317,0.013520,0.007310,3.69,20,-0.176362,0.318146,0.466465,0.000000,0.000000,0.000000,0.000000,0.000000,0.000000,nan,nan,nan,nan,nan,nan
1779938834943963392,2026-05-28T10:27:14.943984,prediction,0.097984,0.072000,0.077631,True,0.092009,0.102128,0.086235,0.005975,0.030128,0.008604,3.57,20,-0.173933,0.323722,0.467601,0.000000,0.000000,0.000000,0.000000,0.000000,0.000000,nan,nan,nan,nan,nan,nan
1779938834980519717,2026-05-28T10:27:14.980536,prediction,0.100462,0.045000,0.078095,True,0.094015,0.086128,0.085480,0.006447,0.041128,0.007384,5.64,20,-0.173933,0.323722,0.467601,0.000000,0.000000,0.000000,0.000000,0.000000,0.000000,nan,nan,nan,nan,nan,nan
1779938835014810318,2026-05-28T10:27:15.014831,prediction,0.098534,0.066000,0.080038,True,0.090371,0.081074,0.085846,0.008164,0.015074,0.005808,5.83,20,-0.171412,0.327918,0.468964,0.000000,0.000000,0.000000,0.000000,0.000000,0.000000,nan,nan,nan,nan,nan,nan
1779938835045861282,2026-05-28T10:27:15.045920,prediction,0.101013,0.039000,0.080557,True,0.095994,0.065074,0.089526,0.005019,0.026074,0.008970,3.59,20,-0.171412,0.327918,0.468964,0.000000,0.000000,0.000000,0.000000,0.000000,0.000000,nan,nan,nan,nan,nan,nan
1779938835076162183,2026-05-28T10:27:15.076178,prediction,0.100003,0.050000,0.081556,True,0.095851,0.054191,0.088391,0.004152,0.004190,0.006834,3.73,20,-0.169339,0.329977,0.469940,0.000000,0.000000,0.000000,0.000000,0.000000,0.000000,nan,nan,nan,nan,nan,nan
1779938835106021450,2026-05-28T10:27:15.106037,prediction,0.100003,0.050000,0.081556,True,0.097642,0.046407,0.089421,0.002362,0.003593,0.007865,3.69,20,-0.169339,0.329977,0.469940,0.000000,0.000000,0.000000,0.000000,0.000000,0.000000,nan,nan,nan,nan,nan,nan
1779938835135945267,2026-05-28T10:27:15.135967,prediction,0.099452,0.056000,0.082102,True,0.097324,0.042379,0.090567,0.002129,0.013621,0.008465,3.80,20,-0.167926,0.329929,0.471108,0.000000,0.000000,0.000000,0.000000,0.000000,0.000000,nan,nan,nan,nan,nan,nan
1779938835168934332,2026-05-28T10:27:15.168949,prediction,0.097066,0.082000,0.087410,True,0.092939,0.058379,0.096654,0.004127,0.023621,0.009245,3.82,20,-0.167926,0.329929,0.471108,0.000000,0.000000,0.000000,0.000000,0.000000,0.000000,nan,nan,nan,nan,nan,nan
1779938835199224359,2026-05-28T10:27:15.199243,prediction,0.099540,0.087000,0.087856,True,0.098840,0.074379,0.098537,0.000700,0.012621,0.010681,3.67,20,-0.167297,0.327786,0.472204,0.000000,0.000000,0.000000,0.000000,0.000000,0.000000,nan,nan,nan,nan,nan,nan
1779938835233210921,2026-05-28T10:27:15.233227,prediction,0.099073,0.092000,0.088302,True,0.100802,0.079113,0.097709,0.001729,0.012887,0.009408,3.66,20,-0.167297,0.327786,0.472204,0.000000,0.000000,0.000000,0.000000,0.000000,0.000000,nan,nan,nan,nan,nan,nan
1779938835266882072,2026-05-28T10:27:15.266911,prediction,0.096148,0.092000,0.091231,True,0.098434,0.085267,0.102808,0.002286,0.006733,0.011577,3.92,20,-0.167418,0.323570,0.473286,0.000000,0.000000,0.000000,0.000000,0.000000,0.000000,nan,nan,nan,nan,nan,nan
1779938835296128023,2026-05-28T10:27:15.296155,prediction,0.098513,0.098000,0.094676,True,0.099484,0.100526,0.106803,0.000972,0.002526,0.012127,3.75,20,-0.167418,0.323570,0.473286,0.000000,0.000000,0.000000,0.000000,0.000000,0.000000,nan,nan,nan,nan,nan,nan
1779938835328447313,2026-05-28T10:27:15.328462,prediction,0.100008,0.082000,0.093301,True,0.103272,0.095695,0.105058,0.003264,0.013695,0.011757,3.88,20,-0.168300,0.317276,0.474654,0.000000,0.000000,0.000000,0.000000,0.000000,0.000000,nan,nan,nan,nan,nan,nan
1779938835360878423,2026-05-28T10:27:15.360898,prediction,0.099540,0.087000,0.096669,True,0.102472,0.091569,0.107353,0.002932,0.004569,0.010685,3.73,20,-0.168300,0.317276,0.474654,0.000000,0.000000,0.000000,0.000000,0.000000,0.000000,nan,nan,nan,nan,nan,nan
1779938835392511569,2026-05-28T10:27:15.392533,prediction,0.100477,0.108000,0.101342,True,0.100463,0.107569,0.113212,0.000015,0.000431,0.011870,3.62,20,-0.170081,0.309277,0.477109,0.000000,0.000000,0.000000,0.000000,0.000000,0.000000,nan,nan,nan,nan,nan,nan
1779938835422418668,2026-05-28T10:27:15.422440,prediction,0.100477,0.108000,0.104245,True,0.103143,0.123070,0.117980,0.002666,0.015070,0.013735,3.59,20,-0.170081,0.309277,0.477109,0.000000,0.000000,0.000000,0.000000,0.000000,0.000000,nan,nan,nan,nan,nan,nan
1779938835457939530,2026-05-28T10:27:15.457954,prediction,0.099121,0.152000,0.107809,True,0.096408,0.139070,0.118116,0.002714,0.012930,0.010307,3.71,20,-0.171908,0.302806,0.480779,0.000000,0.000000,0.000000,0.000000,0.000000,0.000000,nan,nan,nan,nan,nan,nan
1779938835492968581,2026-05-28T10:27:15.492988,prediction,0.100524,0.137500,0.106634,True,0.101824,0.154747,0.120234,0.001301,0.017247,0.013600,3.71,20,-0.171908,0.302806,0.480779,0.000000,0.000000,0.000000,0.000000,0.000000,0.000000,nan,nan,nan,nan,nan,nan
1779938835530660295,2026-05-28T10:27:15.530682,prediction,0.103860,0.103000,0.106751,True,0.104417,0.145338,0.120488,0.000557,0.042338,0.013737,4.00,20,-0.173587,0.298396,0.485294,0.000000,0.000000,0.000000,0.000000,0.000000,0.000000,nan,nan,nan,nan,nan,nan
1779938835568229350,2026-05-28T10:27:15.568252,prediction,0.101926,0.123000,0.111217,True,0.094649,0.161338,0.122814,0.007277,0.038338,0.011597,5.41,20,-0.173587,0.298396,0.485294,0.000000,0.000000,0.000000,0.000000,0.000000,0.000000,nan,nan,nan,nan,nan,nan
1779938835606038219,2026-05-28T10:27:15.606061,prediction,0.100475,0.138000,0.112383,True,0.097422,0.177338,0.121928,0.003053,0.039338,0.009545,3.60,20,-0.175056,0.296178,0.489948,0.000000,0.000000,0.000000,0.000000,0.000000,0.000000,nan,nan,nan,nan,nan,nan
1779938835640516904,2026-05-28T10:27:15.640537,prediction,0.103860,0.103000,0.112574,True,0.106920,0.172955,0.121693,0.003060,0.069955,0.009119,3.97,20,-0.175056,0.296178,0.489948,0.000000,0.000000,0.000000,0.000000,0.000000,0.000000,nan,nan,nan,nan,nan,nan
1779938835669724595,2026-05-28T10:27:15.669745,prediction,0.098638,0.157000,0.116682,True,0.096323,0.188955,0.123198,0.002315,0.031955,0.006517,3.85,20,-0.176248,0.296144,0.494284,0.000000,0.000000,0.000000,0.000000,0.000000,0.000000,nan,nan,nan,nan,nan,nan
1779938835709025542,2026-05-28T10:27:15.709046,prediction,0.099588,0.176000,0.120919,True,0.107893,0.204955,0.130603,0.008305,0.028955,0.009684,4.92,20,-0.176248,0.296144,0.494284,0.000000,0.000000,0.000000,0.000000,0.000000,0.000000,nan,nan,nan,nan,nan,nan
1779938835743276243,2026-05-28T10:27:15.743299,prediction,0.103817,0.133000,0.117718,True,0.121899,0.204823,0.130113,0.018082,0.071823,0.012395,3.84,20,-0.176976,0.298069,0.497688,0.000000,0.000000,0.000000,0.000000,0.000000,0.000000,nan,nan,nan,nan,nan,nan
1779938835774880959,2026-05-28T10:27:15.774913,prediction,0.100079,0.171000,0.123346,True,0.115565,0.218849,0.131636,0.015485,0.047849,0.008290,3.97,20,-0.176976,0.298069,0.497688,0.000000,0.000000,0.000000,0.000000,0.000000,0.000000,nan,nan,nan,nan,nan,nan
1779938835811218812,2026-05-28T10:27:15.811240,prediction,0.100079,0.171000,0.123346,True,0.123832,0.231947,0.136037,0.023753,0.060947,0.012691,4.21,20,-0.177533,0.302060,0.500273,0.000000,0.000000,0.000000,0.000000,0.000000,0.000000,nan,nan,nan,nan,nan,nan
1779938835844258835,2026-05-28T10:27:15.844282,prediction,0.100079,0.171000,0.126146,True,0.128044,0.233271,0.137818,0.027964,0.062271,0.011673,3.85,20,-0.177533,0.302060,0.500273,0.000000,0.000000,0.000000,0.000000,0.000000,0.000000,nan,nan,nan,nan,nan,nan
1779938835878530878,2026-05-28T10:27:15.878551,prediction,0.100522,0.166500,0.125825,True,0.130522,0.221458,0.137086,0.030000,0.054958,0.011261,4.22,20,-0.178138,0.308205,0.502334,0.000000,0.000000,0.000000,0.000000,0.000000,0.000000,nan,nan,nan,nan,nan,nan
1779938835919396111,2026-05-28T10:27:15.919417,prediction,0.101456,0.157000,0.127972,True,0.127121,0.205458,0.138838,0.025665,0.048458,0.010866,3.91,20,-0.178138,0.308205,0.502334,0.000000,0.000000,0.000000,0.000000,0.000000,0.000000,nan,nan,nan,nan,nan,nan
1779938835952456828,2026-05-28T10:27:15.952477,prediction,0.100965,0.162000,0.128320,True,0.119241,0.205086,0.136338,0.018277,0.043086,0.008018,3.72,20,-0.178876,0.316515,0.503955,0.000000,0.000000,0.000000,0.000000,0.000000,0.000000,nan,nan,nan,nan,nan,nan
1779938835985851913,2026-05-28T10:27:15.985874,prediction,0.099588,0.176000,0.132084,True,0.117027,0.210595,0.140294,0.017439,0.034595,0.008210,3.65,20,-0.178876,0.316515,0.503955,0.000000,0.000000,0.000000,0.000000,0.000000,0.000000,nan,nan,nan,nan,nan,nan
1779938836015662676,2026-05-28T10:27:16.015691,prediction,0.102833,0.143000,0.129845,True,0.119631,0.194595,0.139217,0.016798,0.051595,0.009372,3.67,20,-0.179932,0.326404,0.505321,0.000000,0.000000,0.000000,0.000000,0.000000,0.000000,nan,nan,nan,nan,nan,nan
1779938836050520529,2026-05-28T10:27:16.050542,prediction,0.105784,0.113000,0.130704,True,0.118596,0.178595,0.139134,0.012812,0.065595,0.008430,4.10,20,-0.179932,0.326404,0.505321,0.000000,0.000000,0.000000,0.000000,0.000000,0.000000,nan,nan,nan,nan,nan,nan
1779938836085290312,2026-05-28T10:27:16.085312,prediction,0.102342,0.148000,0.133021,True,0.104937,0.182175,0.139665,0.002596,0.034175,0.006644,3.98,20,-0.181169,0.336272,0.506846,0.000000,0.000000,0.000000,0.000000,0.000000,0.000000,nan,nan,nan,nan,nan,nan
1779938836116840482,2026-05-28T10:27:16.116860,prediction,0.105046,0.120500,0.134083,True,0.112456,0.168769,0.142391,0.007410,0.048269,0.008308,3.90,20,-0.181169,0.336272,0.506846,0.000000,0.000000,0.000000,0.000000,0.000000,0.000000,nan,nan,nan,nan,nan,nan
1779938836149030507,2026-05-28T10:27:16.149051,prediction,0.106175,0.138000,0.138067,True,0.117418,0.152769,0.146442,0.011243,0.014769,0.008375,6.19,20,-0.182479,0.345953,0.508505,0.000000,0.000000,0.000000,0.000000,0.000000,0.000000,nan,nan,nan,nan,nan,nan
1779938836186285262,2026-05-28T10:27:16.186311,prediction,0.103775,0.162000,0.139577,True,0.114327,0.157393,0.150703,0.010552,0.004607,0.011126,6.57,20,-0.182479,0.345953,0.508505,0.000000,0.000000,0.000000,0.000000,0.000000,0.000000,nan,nan,nan,nan,nan,nan
1779938836220615656,2026-05-28T10:27:16.220637,prediction,0.103275,0.167000,0.139892,True,0.111741,0.166018,0.150639,0.008466,0.000982,0.010747,7.16,20,-0.183867,0.355731,0.510347,0.000000,0.000000,0.000000,0.000000,0.000000,0.000000,nan,nan,nan,nan,nan,nan
1779938836266100361,2026-05-28T10:27:16.266124,prediction,0.103740,0.190000,0.149644,True,0.108779,0.182018,0.162086,0.005039,0.007982,0.012442,6.69,20,-0.185446,0.365304,0.512618,0.000000,0.000000,0.000000,0.000000,0.000000,0.000000,nan,nan,nan,nan,nan,nan
1779938836301389663,2026-05-28T10:27:16.301409,prediction,0.103537,0.192000,0.149760,True,0.112159,0.179864,0.164999,0.008623,0.012136,0.015238,6.45,20,-0.185446,0.365304,0.512618,0.000000,0.000000,0.000000,0.000000,0.000000,0.000000,nan,nan,nan,nan,nan,nan
1779938836331067674,2026-05-28T10:27:16.331089,prediction,0.102825,0.199000,0.150166,True,0.104343,0.195864,0.162023,0.001518,0.003136,0.011856,6.39,20,-0.186906,0.374682,0.515725,0.000000,0.000000,0.000000,0.000000,0.000000,0.000000,nan,nan,nan,nan,nan,nan
1779938836366478524,2026-05-28T10:27:16.366519,prediction,0.100488,0.222000,0.151500,True,0.096553,0.211864,0.162648,0.003934,0.010136,0.011147,5.02,20,-0.186906,0.374682,0.515725,0.000000,0.000000,0.000000,0.000000,0.000000,0.000000,nan,nan,nan,nan,nan,nan
1779938836401632255,2026-05-28T10:27:16.401662,prediction,0.104645,0.208000,0.153427,True,0.105924,0.217462,0.167718,0.001278,0.009462,0.014291,7.06,20,-0.187750,0.383765,0.519916,0.000000,0.000000,0.000000,0.000000,0.000000,0.000000,nan,nan,nan,nan,nan,nan
1779938836431970380,2026-05-28T10:27:16.432006,prediction,0.103716,0.217000,0.156658,True,0.101190,0.231515,0.169540,0.002526,0.014515,0.012881,3.76,20,-0.187750,0.383765,0.519916,0.000000,0.000000,0.000000,0.000000,0.000000,0.000000,nan,nan,nan,nan,nan,nan
1779938836461705011,2026-05-28T10:27:16.461725,prediction,0.104967,0.231000,0.157424,True,0.102118,0.247515,0.168119,0.002849,0.016515,0.010695,3.52,20,-0.187465,0.392009,0.525550,0.000000,0.000000,0.000000,0.000000,0.000000,0.000000,nan,nan,nan,nan,nan,nan
1779938836493380325,2026-05-28T10:27:16.493399,prediction,0.108523,0.248000,0.161028,True,0.106851,0.263515,0.171404,0.001672,0.015515,0.010377,3.55,20,-0.187465,0.392009,0.525550,0.000000,0.000000,0.000000,0.000000,0.000000,0.000000,nan,nan,nan,nan,nan,nan
1779938836524729527,2026-05-28T10:27:16.524751,prediction,0.109929,0.235000,0.160338,True,0.113425,0.265365,0.171946,0.003495,0.030365,0.011609,3.89,20,-0.186261,0.399106,0.532417,0.000000,0.000000,0.000000,0.000000,0.000000,0.000000,nan,nan,nan,nan,nan,nan
1779938836556262256,2026-05-28T10:27:16.556282,prediction,0.110362,0.231000,0.165527,True,0.112069,0.256597,0.178237,0.001707,0.025596,0.012709,3.82,20,-0.186261,0.399106,0.532417,0.000000,0.000000,0.000000,0.000000,0.000000,0.000000,nan,nan,nan,nan,nan,nan
1779938836593246188,2026-05-28T10:27:16.593268,prediction,0.111631,0.244000,0.168854,True,0.108222,0.272597,0.178098,0.003409,0.028596,0.009244,4.11,20,-0.185063,0.405342,0.538807,0.000000,0.000000,0.000000,0.000000,0.000000,0.000000,nan,nan,nan,nan,nan,nan
1779938836625691410,2026-05-28T10:27:16.625708,prediction,0.112858,0.257000,0.169480,True,0.112438,0.288597,0.174997,0.000420,0.031596,0.005517,6.62,20,-0.185063,0.405342,0.538807,0.000000,0.000000,0.000000,0.000000,0.000000,0.000000,nan,nan,nan,nan,nan,nan
1779938836660213897,2026-05-28T10:27:16.660230,prediction,0.111966,0.265000,0.169865,True,0.116240,0.300745,0.175260,0.004274,0.035745,0.005395,7.06,20,-0.184485,0.412462,0.544403,0.000000,0.000000,0.000000,0.000000,0.000000,0.000000,nan,nan,nan,nan,nan,nan
1779938836692505924,2026-05-28T10:27:16.692529,prediction,0.111520,0.269000,0.172697,True,0.117091,0.301209,0.181652,0.005571,0.032208,0.008956,6.63,20,-0.184485,0.412462,0.544403,0.000000,0.000000,0.000000,0.000000,0.000000,0.000000,nan,nan,nan,nan,nan,nan
1779938836723541719,2026-05-28T10:27:16.723563,prediction,0.114155,0.269000,0.172697,True,0.117899,0.314669,0.178237,0.003743,0.045669,0.005541,6.68,20,-0.184243,0.421256,0.548864,0.000000,0.000000,0.000000,0.000000,0.000000,0.000000,nan,nan,nan,nan,nan,nan
1779938836755783512,2026-05-28T10:27:16.755803,prediction,0.115513,0.257000,0.174797,True,0.120763,0.310206,0.177252,0.005250,0.053205,0.002456,6.37,20,-0.184243,0.421256,0.548864,0.000000,0.000000,0.000000,0.000000,0.000000,0.000000,nan,nan,nan,nan,nan,nan
1779938836786248364,2026-05-28T10:27:16.786272,prediction,0.113703,0.273000,0.178147,True,0.113098,0.326206,0.181056,0.000605,0.053206,0.002910,4.66,20,-0.184243,0.421256,0.548864,0.000000,0.000000,0.000000,0.000000,0.000000,0.000000,nan,nan,nan,nan,nan,nan
1779938836824531196,2026-05-28T10:27:16.824552,prediction,0.114839,0.286000,0.178708,True,0.118631,0.341741,0.183474,0.003792,0.055741,0.004766,4.10,20,-0.184500,0.430827,0.551904,0.000000,0.000000,0.000000,0.000000,0.000000,0.000000,nan,nan,nan,nan,nan,nan
1779938836855184504,2026-05-28T10:27:16.855204,prediction,0.113462,0.298000,0.179227,True,0.119847,0.353649,0.183478,0.006385,0.055648,0.004252,3.82,20,-0.184898,0.440548,0.554098,0.000000,0.000000,0.000000,0.000000,0.000000,0.000000,nan,nan,nan,nan,nan,nan
1779938836886992363,2026-05-28T10:27:16.887016,prediction,0.113462,0.298000,0.179227,True,0.120787,0.355039,0.183381,0.007325,0.057039,0.004154,3.69,20,-0.184898,0.440548,0.554098,0.000000,0.000000,0.000000,0.000000,0.000000,0.000000,nan,nan,nan,nan,nan,nan
1779938836920630755,2026-05-28T10:27:16.920651,prediction,0.113921,0.294000,0.181652,True,0.120046,0.348394,0.187799,0.006125,0.054394,0.006147,3.98,20,-0.185663,0.450306,0.555919,0.000000,0.000000,0.000000,0.000000,0.000000,0.000000,nan,nan,nan,nan,nan,nan
1779938836953399339,2026-05-28T10:27:16.953422,prediction,0.112544,0.306000,0.182150,True,0.112955,0.364394,0.186585,0.000411,0.058394,0.004435,3.75,20,-0.185663,0.450306,0.555919,0.000000,0.000000,0.000000,0.000000,0.000000,0.000000,nan,nan,nan,nan,nan,nan
1779938837000099213,2026-05-28T10:27:17.000120,prediction,0.114859,0.330000,0.183148,True,0.117660,0.380394,0.186019,0.002801,0.050394,0.002871,5.80,20,-0.186578,0.460494,0.557623,0.000000,0.000000,0.000000,0.000000,0.000000,0.000000,nan,nan,nan,nan,nan,nan
1779938837031730363,2026-05-28T10:27:17.031747,prediction,0.116748,0.314000,0.185048,True,0.127598,0.374071,0.189470,0.010850,0.060071,0.004422,5.74,20,-0.186578,0.460494,0.557623,0.000000,0.000000,0.000000,0.000000,0.000000,0.000000,nan,nan,nan,nan,nan,nan
1779938837068882979,2026-05-28T10:27:17.068911,prediction,0.116276,0.318000,0.185207,True,0.120882,0.369363,0.188538,0.004607,0.051363,0.003331,3.67,20,-0.187452,0.470005,0.559108,0.000000,0.000000,0.000000,0.000000,0.000000,0.000000,nan,nan,nan,nan,nan,nan
1779938837099437134,2026-05-28T10:27:17.099454,prediction,0.120414,0.326000,0.188072,True,0.126074,0.385363,0.192482,0.005659,0.059363,0.004410,3.78,20,-0.187452,0.470005,0.559108,0.000000,0.000000,0.000000,0.000000,0.000000,0.000000,nan,nan,nan,nan,nan,nan
1779938837134946356,2026-05-28T10:27:17.134967,prediction,0.122464,0.330000,0.190763,True,0.131048,0.396927,0.195747,0.008584,0.066927,0.004984,3.62,20,-0.188401,0.479846,0.560539,0.000000,0.000000,0.000000,0.000000,0.000000,0.000000,nan,nan,nan,nan,nan,nan
1779938837167790884,2026-05-28T10:27:17.167822,prediction,0.122956,0.326000,0.190617,True,0.134804,0.385980,0.196490,0.011849,0.059980,0.005874,4.03,20,-0.188401,0.479846,0.560539,0.000000,0.000000,0.000000,0.000000,0.000000,0.000000,nan,nan,nan,nan,nan,nan
1779938837198452391,2026-05-28T10:27:17.198469,prediction,0.123939,0.318000,0.190324,True,0.135078,0.369980,0.197453,0.011138,0.051980,0.007129,4.11,20,-0.189480,0.489687,0.562030,0.000000,0.000000,0.000000,0.000000,0.000000,0.000000,nan,nan,nan,nan,nan,nan
1779938837229109675,2026-05-28T10:27:17.229133,prediction,0.126494,0.318000,0.190324,True,0.133343,0.368947,0.195833,0.006849,0.050947,0.005509,3.95,20,-0.189480,0.489687,0.562030,0.000000,0.000000,0.000000,0.000000,0.000000,0.000000,nan,nan,nan,nan,nan,nan
1779938837266750430,2026-05-28T10:27:17.266765,prediction,0.129045,0.338000,0.193582,True,0.133603,0.384947,0.199511,0.004557,0.046947,0.005929,3.78,20,-0.190663,0.499494,0.563552,0.000000,0.000000,0.000000,0.000000,0.000000,0.000000,nan,nan,nan,nan,nan,nan
1779938837298876379,2026-05-28T10:27:17.298892,prediction,0.129045,0.338000,0.193582,True,0.136804,0.387462,0.200715,0.007759,0.049462,0.007134,4.40,20,-0.190663,0.499494,0.563552,0.000000,0.000000,0.000000,0.000000,0.000000,0.000000,nan,nan,nan,nan,nan,nan
1779938837329561965,2026-05-28T10:27:17.329579,prediction,0.128150,0.345000,0.193827,True,0.133080,0.384859,0.200515,0.004930,0.039859,0.006688,4.15,20,-0.191961,0.509254,0.565190,0.000000,0.000000,0.000000,0.000000,0.000000,0.000000,nan,nan,nan,nan,nan,nan
1779938837359034175,2026-05-28T10:27:17.359055,prediction,0.131567,0.338000,0.196107,True,0.139583,0.377293,0.204256,0.008016,0.039293,0.008149,3.91,20,-0.191961,0.509254,0.565190,0.000000,0.000000,0.000000,0.000000,0.000000,0.000000,nan,nan,nan,nan,nan,nan
1779938837391966589,2026-05-28T10:27:17.391984,prediction,0.134613,0.334000,0.195973,True,0.141789,0.374922,0.201834,0.007175,0.040922,0.005860,3.55,20,-0.193393,0.519014,0.566944,0.000000,0.000000,0.000000,0.000000,0.000000,0.000000,nan,nan,nan,nan,nan,nan
1779938837427012083,2026-05-28T10:27:17.427032,prediction,0.134613,0.334000,0.198505,True,0.139148,0.373802,0.204971,0.004535,0.039802,0.006466,4.04,20,-0.193393,0.519014,0.566944,0.000000,0.000000,0.000000,0.000000,0.000000,0.000000,nan,nan,nan,nan,nan,nan
1779938837458337438,2026-05-28T10:27:17.458359,prediction,0.137142,0.334000,0.198505,True,0.144428,0.364996,0.205802,0.007286,0.030996,0.007297,4.69,20,-0.195041,0.528701,0.568852,0.000000,0.000000,0.000000,0.000000,0.000000,0.000000,nan,nan,nan,nan,nan,nan
1779938837497063355,2026-05-28T10:27:17.497103,prediction,0.142985,0.290000,0.197110,True,0.157437,0.348996,0.205042,0.014452,0.058996,0.007932,4.00,20,-0.195041,0.528701,0.568852,0.000000,0.000000,0.000000,0.000000,0.000000,0.000000,nan,nan,nan,nan,nan,nan
1779938837531010960,2026-05-28T10:27:17.531031,prediction,0.142985,0.290000,0.197110,True,0.149319,0.332996,0.202537,0.006334,0.042996,0.005427,6.94,20,-0.197187,0.538225,0.570979,0.000000,0.000000,0.000000,0.000000,0.000000,0.000000,nan,nan,nan,nan,nan,nan
1779938837564453582,2026-05-28T10:27:17.564469,prediction,0.147266,0.277500,0.196713,True,0.159675,0.316996,0.203970,0.012408,0.039496,0.007257,6.44,20,-0.197187,0.538225,0.570979,0.000000,0.000000,0.000000,0.000000,0.000000,0.000000,nan,nan,nan,nan,nan,nan
1779938837597109787,2026-05-28T10:27:17.597130,prediction,0.147097,0.298000,0.197363,True,0.158877,0.317326,0.204741,0.011780,0.019326,0.007378,6.38,20,-0.199914,0.547542,0.573355,0.000000,0.000000,0.000000,0.000000,0.000000,0.000000,nan,nan,nan,nan,nan,nan
1779938837629956820,2026-05-28T10:27:17.629977,prediction,0.146379,0.322000,0.198125,True,0.161728,0.327306,0.208406,0.015349,0.005306,0.010281,6.51,20,-0.199914,0.547542,0.573355,0.000000,0.000000,0.000000,0.000000,0.000000,0.000000,nan,nan,nan,nan,nan,nan
1779938837661671764,2026-05-28T10:27:17.661692,prediction,0.139631,0.371000,0.199679,True,0.146295,0.343306,0.210991,0.006664,0.027694,0.011313,6.63,20,-0.203602,0.556433,0.576162,0.000000,0.000000,0.000000,0.000000,0.000000,0.000000,nan,nan,nan,nan,nan,nan
1779938837694423217,2026-05-28T10:27:17.694439,prediction,0.145722,0.345000,0.198854,True,0.160450,0.350417,0.210258,0.014728,0.005417,0.011404,6.55,20,-0.203602,0.556433,0.576162,0.000000,0.000000,0.000000,0.000000,0.000000,0.000000,nan,nan,nan,nan,nan,nan
1779938837730284401,2026-05-28T10:27:17.730302,prediction,0.143015,0.382000,0.202480,True,0.145195,0.366417,0.209626,0.002180,0.015583,0.007146,6.48,20,-0.208374,0.564398,0.579743,0.000000,0.000000,0.000000,0.000000,0.000000,0.000000,nan,nan,nan,nan,nan,nan
1779938837760941736,2026-05-28T10:27:17.760959,prediction,0.141327,0.411000,0.203352,True,0.148885,0.382417,0.211490,0.007558,0.028583,0.008137,6.59,20,-0.208374,0.564398,0.579743,0.000000,0.000000,0.000000,0.000000,0.000000,0.000000,nan,nan,nan,nan,nan,nan
1779938837793880948,2026-05-28T10:27:17.793915,prediction,0.138474,0.431000,0.203954,True,0.151909,0.398417,0.213999,0.013435,0.032583,0.010045,6.45,20,-0.214451,0.570898,0.584398,0.000000,0.000000,0.000000,0.000000,0.000000,0.000000,nan,nan,nan,nan,nan,nan
1779938837831942994,2026-05-28T10:27:17.831959,prediction,0.144672,0.421000,0.203653,True,0.163955,0.414417,0.213130,0.019283,0.006583,0.009477,6.77,20,-0.214451,0.570898,0.584398,0.000000,0.000000,0.000000,0.000000,0.000000,0.000000,nan,nan,nan,nan,nan,nan
1779938837869423473,2026-05-28T10:27:17.869441,prediction,0.142852,0.449500,0.206852,True,0.147955,0.430417,0.214047,0.005103,0.019083,0.007195,3.80,20,-0.220564,0.575134,0.588928,0.000000,0.000000,0.000000,0.000000,0.000000,0.000000,nan,nan,nan,nan,nan,nan
1779938837915257507,2026-05-28T10:27:17.915276,prediction,0.147303,0.451000,0.206895,True,0.156028,0.446417,0.210400,0.008725,0.004583,0.003505,3.68,20,-0.220564,0.575134,0.588928,0.000000,0.000000,0.000000,0.000000,0.000000,0.000000,nan,nan,nan,nan,nan,nan
1779938837948660268,2026-05-28T10:27:17.948679,prediction,0.147303,0.451000,0.206895,True,0.164629,0.462417,0.208751,0.017326,0.011417,0.001856,6.53,20,-0.225828,0.577488,0.592745,0.000000,0.000000,0.000000,0.000000,0.000000,0.000000,nan,nan,nan,nan,nan,nan
1779938837985085695,2026-05-28T10:27:17.985106,prediction,0.156599,0.421000,0.206042,True,0.180369,0.455438,0.207942,0.023770,0.034438,0.001900,5.39,20,-0.225828,0.577488,0.592745,0.000000,0.000000,0.000000,0.000000,0.000000,0.000000,nan,nan,nan,nan,nan,nan
1779938838013148397,2026-05-28T10:27:18.013167,prediction,0.155869,0.441000,0.206611,True,0.164369,0.471438,0.204873,0.008500,0.030437,0.001738,3.71,20,-0.229643,0.579932,0.594890,0.000000,0.000000,0.000000,0.000000,0.000000,0.000000,nan,nan,nan,nan,nan,nan
1779938838046213935,2026-05-28T10:27:18.046235,prediction,0.157593,0.445000,0.206724,True,0.170891,0.487438,0.202721,0.013298,0.042438,0.004004,3.80,20,-0.229643,0.579932,0.594890,0.000000,0.000000,0.000000,0.000000,0.000000,0.000000,nan,nan,nan,nan,nan,nan
1779938838079588571,2026-05-28T10:27:18.079608,prediction,0.160575,0.441000,0.206611,True,0.184339,0.489537,0.202153,0.023764,0.048537,0.004458,3.96,20,-0.232856,0.584332,0.596177,0.000000,0.000000,0.000000,0.000000,0.000000,0.000000,nan,nan,nan,nan,nan,nan
1779938838111948543,2026-05-28T10:27:18.111968,prediction,0.166977,0.445000,0.209074,True,0.188820,0.487337,0.205696,0.021843,0.042337,0.003378,3.63,20,-0.232856,0.584332,0.596177,0.000000,0.000000,0.000000,0.000000,0.000000,0.000000,nan,nan,nan,nan,nan,nan
1779938838142377247,2026-05-28T10:27:18.142393,prediction,0.165993,0.451000,0.209234,True,0.176351,0.499855,0.205529,0.010358,0.048855,0.003705,3.67,20,-0.235456,0.590701,0.596698,0.000000,0.000000,0.000000,0.000000,0.000000,0.000000,nan,nan,nan,nan,nan,nan
1779938838172732064,2026-05-28T10:27:18.172747,prediction,0.166177,0.464000,0.209583,True,0.173350,0.515855,0.199576,0.007173,0.051855,0.010007,3.69,20,-0.235456,0.590701,0.596698,0.000000,0.000000,0.000000,0.000000,0.000000,0.000000,nan,nan,nan,nan,nan,nan
1779938838210175195,2026-05-28T10:27:18.210190,prediction,0.167823,0.468000,0.209690,True,0.186371,0.517841,0.198932,0.018549,0.049841,0.010758,3.91,20,-0.237274,0.599084,0.596525,0.000000,0.000000,0.000000,0.000000,0.000000,0.000000,nan,nan,nan,nan,nan,nan
1779938838241777956,2026-05-28T10:27:18.241794,prediction,0.173715,0.474000,0.209851,True,0.193823,0.516295,0.201093,0.020108,0.042295,0.008757,3.81,20,-0.237274,0.599084,0.596525,0.000000,0.000000,0.000000,0.000000,0.000000,0.000000,nan,nan,nan,nan,nan,nan
1779938838275798797,2026-05-28T10:27:18.275821,prediction,0.176986,0.455000,0.209342,True,0.193066,0.508579,0.201378,0.016080,0.053579,0.007963,3.76,20,-0.238663,0.608921,0.595780,0.000000,0.000000,0.000000,0.000000,0.000000,0.000000,nan,nan,nan,nan,nan,nan
1779938838308016030,2026-05-28T10:27:18.308036,prediction,0.180066,0.464000,0.209583,True,0.183400,0.524545,0.198073,0.003333,0.060545,0.011509,3.65,20,-0.238663,0.608921,0.595780,0.000000,0.000000,0.000000,0.000000,0.000000,0.000000,nan,nan,nan,nan,nan,nan
1779938838339257473,2026-05-28T10:27:18.339279,prediction,0.183177,0.472500,0.209810,True,0.192121,0.537175,0.200478,0.008944,0.064675,0.009333,3.86,20,-0.240385,0.618741,0.595039,0.000000,0.000000,0.000000,0.000000,0.000000,0.000000,nan,nan,nan,nan,nan,nan
1779938838370110458,2026-05-28T10:27:18.370128,prediction,0.183981,0.468000,0.209690,True,0.199676,0.524250,0.204053,0.015695,0.056250,0.005637,3.80,20,-0.240385,0.618741,0.595039,0.000000,0.000000,0.000000,0.000000,0.000000,0.000000,nan,nan,nan,nan,nan,nan
1779938838404125853,2026-05-28T10:27:18.404140,prediction,0.184125,0.480000,0.210011,True,0.192610,0.527114,0.204080,0.008485,0.047114,0.005931,3.41,20,-0.242338,0.628524,0.594279,0.000000,0.000000,0.000000,0.000000,0.000000,0.000000,nan,nan,nan,nan,nan,nan
1779938838439320044,2026-05-28T10:27:18.439339,prediction,0.186290,0.468000,0.207378,True,0.200286,0.511838,0.202117,0.013996,0.043838,0.005261,3.81,20,-0.242338,0.628524,0.594279,0.000000,0.000000,0.000000,0.000000,0.000000,0.000000,nan,nan,nan,nan,nan,nan
1779938838469309776,2026-05-28T10:27:18.469329,prediction,0.187968,0.484000,0.205548,True,0.194970,0.527838,0.198118,0.007002,0.043838,0.007429,3.85,20,-0.244529,0.638284,0.593552,0.000000,0.000000,0.000000,0.000000,0.000000,0.000000,nan,nan,nan,nan,nan,nan
1779938838505750682,2026-05-28T10:27:18.505772,prediction,0.190907,0.468000,0.205067,True,0.204372,0.511838,0.202309,0.013465,0.043838,0.002757,3.66,20,-0.244529,0.638284,0.593552,0.000000,0.000000,0.000000,0.000000,0.000000,0.000000,nan,nan,nan,nan,nan,nan
1779938838540359680,2026-05-28T10:27:18.540380,prediction,0.191972,0.487000,0.203357,True,0.194900,0.517072,0.198270,0.002928,0.030072,0.005088,3.95,20,-0.246826,0.647961,0.592830,0.000000,0.000000,0.000000,0.000000,0.000000,0.000000,nan,nan,nan,nan,nan,nan
1779938838569845881,2026-05-28T10:27:18.569865,prediction,0.189157,0.514000,0.204214,True,0.188207,0.533072,0.199346,0.000950,0.019072,0.004868,3.53,20,-0.246826,0.647961,0.592830,0.000000,0.000000,0.000000,0.000000,0.000000,0.000000,nan,nan,nan,nan,nan,nan
1779938838603465663,2026-05-28T10:27:18.603487,prediction,0.188536,0.529000,0.202478,True,0.194378,0.549072,0.198298,0.005842,0.020072,0.004180,3.74,20,-0.249182,0.657655,0.592121,0.000000,0.000000,0.000000,0.000000,0.000000,0.000000,nan,nan,nan,nan,nan,nan
1779938838636783898,2026-05-28T10:27:18.636803,prediction,0.196918,0.520000,0.202178,True,0.210378,0.543607,0.198913,0.013461,0.023607,0.003265,6.35,20,-0.249182,0.657655,0.592121,0.000000,0.000000,0.000000,0.000000,0.000000,0.000000,nan,nan,nan,nan,nan,nan
1779938838669380660,2026-05-28T10:27:18.669402,prediction,0.198089,0.514000,0.197506,True,0.205624,0.541923,0.191912,0.007536,0.027923,0.005594,6.92,20,-0.251630,0.667360,0.591360,0.000000,0.000000,0.000000,0.000000,0.000000,0.000000,nan,nan,nan,nan,nan,nan
1779938838701615082,2026-05-28T10:27:18.701634,prediction,0.202683,0.502000,0.194810,True,0.208788,0.541342,0.187875,0.006105,0.039342,0.006935,6.25,20,-0.251630,0.667360,0.591360,0.000000,0.000000,0.000000,0.000000,0.000000,0.000000,nan,nan,nan,nan,nan,nan
1779938838731070477,2026-05-28T10:27:18.731087,prediction,0.199260,0.508000,0.190548,True,0.203097,0.552876,0.181203,0.003838,0.044876,0.009345,3.94,20,-0.254320,0.676927,0.590523,0.000000,0.000000,0.000000,0.000000,0.000000,0.000000,nan,nan,nan,nan,nan,nan
1779938838765309556,2026-05-28T10:27:18.765326,prediction,0.203274,0.499000,0.190174,True,0.219097,0.536876,0.183803,0.015824,0.037876,0.006371,3.87,20,-0.254320,0.676927,0.590523,0.000000,0.000000,0.000000,0.000000,0.000000,0.000000,nan,nan,nan,nan,nan,nan
1779938838799229021,2026-05-28T10:27:18.799245,prediction,0.201502,0.508000,0.186056,True,0.213345,0.532425,0.177028,0.011843,0.024425,0.009028,4.38,20,-0.257160,0.686462,0.589413,0.000000,0.000000,0.000000,0.000000,0.000000,0.000000,nan,nan,nan,nan,nan,nan
1779938838834241999,2026-05-28T10:27:18.834263,prediction,0.202555,0.514000,0.184089,True,0.213744,0.541417,0.174776,0.011190,0.027417,0.009314,4.69,20,-0.257160,0.686462,0.589413,0.000000,0.000000,0.000000,0.000000,0.000000,0.000000,nan,nan,nan,nan,nan,nan
1779938838865371401,2026-05-28T10:27:18.865399,prediction,0.201959,0.517000,0.181998,True,0.214281,0.541955,0.173182,0.012322,0.024955,0.008815,4.02,20,-0.260306,0.695822,0.587935,0.000000,0.000000,0.000000,0.000000,0.000000,0.000000,nan,nan,nan,nan,nan,nan
1779938838899644965,2026-05-28T10:27:18.899665,prediction,0.201186,0.532000,0.178307,True,0.210807,0.553276,0.168271,0.009621,0.021276,0.010036,3.60,20,-0.260306,0.695822,0.587935,0.000000,0.000000,0.000000,0.000000,0.000000,0.000000,nan,nan,nan,nan,nan,nan
1779938838931811011,2026-05-28T10:27:18.931832,prediction,0.199986,0.538000,0.172026,True,0.211408,0.558114,0.161323,0.011422,0.020113,0.010703,3.95,20,-0.263632,0.705017,0.585843,0.000000,0.000000,0.000000,0.000000,0.000000,0.000000,nan,nan,nan,nan,nan,nan
1779938838964430326,2026-05-28T10:27:18.964448,prediction,0.200586,0.535000,0.169655,True,0.210954,0.555615,0.157898,0.010368,0.020614,0.011757,4.03,20,-0.263632,0.705017,0.585843,0.000000,0.000000,0.000000,0.000000,0.000000,0.000000,nan,nan,nan,nan,nan,nan
1779938838996652444,2026-05-28T10:27:18.996696,prediction,0.196585,0.555000,0.164309,True,0.196750,0.571615,0.148041,0.000166,0.016615,0.016268,3.87,20,-0.267029,0.713952,0.582947,0.000000,0.000000,0.000000,0.000000,0.000000,0.000000,nan,nan,nan,nan,nan,nan
1779938839028181997,2026-05-28T10:27:19.028204,prediction,0.213225,0.607000,0.144665,True,0.212750,0.587615,0.132041,0.000475,0.019386,0.012624,4.27,20,-0.267029,0.713952,0.582947,0.000000,0.000000,0.000000,0.000000,0.000000,0.000000,nan,nan,nan,nan,nan,nan
1779938839060595663,2026-05-28T10:27:19.060618,prediction,0.207634,0.604000,0.142334,True,0.228750,0.603615,0.116041,0.021116,0.000386,0.026293,3.71,20,-0.270138,0.722552,0.578921,0.000000,0.000000,0.000000,0.000000,0.000000,0.000000,nan,nan,nan,nan,nan,nan
1779938839096334949,2026-05-28T10:27:19.096356,prediction,0.206984,0.607000,0.136332,True,0.241368,0.619615,0.100041,0.034383,0.012614,0.036291,3.65,20,-0.270138,0.722552,0.578921,0.000000,0.000000,0.000000,0.000000,0.000000,0.000000,nan,nan,nan,nan,nan,nan
1779938839128628665,2026-05-28T10:27:19.128650,prediction,0.199685,0.612000,0.136770,True,0.240407,0.635615,0.091369,0.040721,0.023614,0.045401,3.84,20,-0.273509,0.730382,0.573652,0.000000,0.000000,0.000000,0.000000,0.000000,0.000000,nan,nan,nan,nan,nan,nan
1779938839159966555,2026-05-28T10:27:19.159982,prediction,0.200743,0.607000,0.134249,True,0.252495,0.651615,0.080833,0.051752,0.044614,0.053416,3.80,20,-0.273509,0.730382,0.573652,0.000000,0.000000,0.000000,0.000000,0.000000,0.000000,nan,nan,nan,nan,nan,nan
1779938839193885893,2026-05-28T10:27:19.193915,prediction,0.202756,0.617000,0.126874,True,0.253248,0.667615,0.069747,0.050492,0.050614,0.057126,3.65,20,-0.276821,0.737530,0.567419,0.000000,0.000000,0.000000,0.000000,0.000000,0.000000,nan,nan,nan,nan,nan,nan
1779938839226752599,2026-05-28T10:27:19.226771,prediction,0.204170,0.620000,0.123037,True,0.249912,0.683062,0.072930,0.045742,0.063062,0.050107,3.84,20,-0.276821,0.737530,0.567419,0.000000,0.000000,0.000000,0.000000,0.000000,0.000000,nan,nan,nan,nan,nan,nan
1779938839265346138,2026-05-28T10:27:19.265365,prediction,0.205139,0.625000,0.117372,True,0.241324,0.699062,0.066280,0.036185,0.074062,0.051092,3.94,20,-0.280038,0.744292,0.560822,0.000000,0.000000,0.000000,0.000000,0.000000,0.000000,nan,nan,nan,nan,nan,nan
1779938839299591634,2026-05-28T10:27:19.299613,prediction,0.215764,0.650000,0.113934,True,0.256421,0.715062,0.060905,0.040657,0.065062,0.053029,4.12,20,-0.280038,0.744292,0.560822,0.000000,0.000000,0.000000,0.000000,0.000000,0.000000,nan,nan,nan,nan,nan,nan
1779938839333195546,2026-05-28T10:27:19.333217,prediction,0.211744,0.650000,0.111921,True,0.256228,0.731062,0.063199,0.044483,0.081062,0.048722,3.99,20,-0.282920,0.751124,0.554147,0.000000,0.000000,0.000000,0.000000,0.000000,0.000000,nan,nan,nan,nan,nan,nan
1779938839369722883,2026-05-28T10:27:19.369743,prediction,0.212451,0.638000,0.106530,True,0.251785,0.724266,0.061217,0.039334,0.086266,0.045313,3.70,20,-0.282920,0.751124,0.554147,0.000000,0.000000,0.000000,0.000000,0.000000,0.000000,nan,nan,nan,nan,nan,nan
1779938839404611298,2026-05-28T10:27:19.404633,prediction,0.210866,0.645000,0.103285,True,0.241975,0.735690,0.059353,0.031109,0.090690,0.043933,3.92,20,-0.285612,0.758260,0.547645,0.000000,0.000000,0.000000,0.000000,0.000000,0.000000,nan,nan,nan,nan,nan,nan
1779938839437409625,2026-05-28T10:27:19.437429,prediction,0.209298,0.643000,0.096979,True,0.241436,0.746525,0.053057,0.032138,0.103525,0.043922,3.83,20,-0.285612,0.758260,0.547645,0.000000,0.000000,0.000000,0.000000,0.000000,0.000000,nan,nan,nan,nan,nan,nan
1779938839467913248,2026-05-28T10:27:19.467934,prediction,0.214145,0.657000,0.094685,True,0.242905,0.756260,0.052867,0.028760,0.099259,0.041819,4.15,20,-0.288017,0.765694,0.541458,0.000000,0.000000,0.000000,0.000000,0.000000,0.000000,nan,nan,nan,nan,nan,nan
1779938839504143212,2026-05-28T10:27:19.504166,prediction,0.216458,0.647000,0.095449,True,0.245274,0.740260,0.061220,0.028816,0.093259,0.034229,3.75,20,-0.288017,0.765694,0.541458,0.000000,0.000000,0.000000,0.000000,0.000000,0.000000,nan,nan,nan,nan,nan,nan
1779938839535813134,2026-05-28T10:27:19.535834,prediction,0.202111,0.620000,0.085923,True,0.229274,0.724260,0.055836,0.027163,0.104260,0.030087,4.06,20,-0.290313,0.773445,0.535543,0.000000,0.000000,0.000000,0.000000,0.000000,0.000000,nan,nan,nan,nan,nan,nan
1779938839566323570,2026-05-28T10:27:19.566344,prediction,0.197624,0.602000,0.079425,True,0.221507,0.708260,0.048895,0.023883,0.106259,0.030530,3.78,20,-0.290313,0.773445,0.535543,0.000000,0.000000,0.000000,0.000000,0.000000,0.000000,nan,nan,nan,nan,nan,nan
1779938839600137811,2026-05-28T10:27:19.600167,prediction,0.195958,0.610000,0.080480,True,0.214235,0.697218,0.054736,0.018277,0.087218,0.025744,3.73,20,-0.292324,0.781497,0.529957,0.000000,0.000000,0.000000,0.000000,0.000000,0.000000,nan,nan,nan,nan,nan,nan
1779938839631598910,2026-05-28T10:27:19.631619,prediction,0.196727,0.586000,0.075196,True,0.213530,0.681218,0.057179,0.016803,0.095218,0.018017,4.09,20,-0.292324,0.781497,0.529957,0.000000,0.000000,0.000000,0.000000,0.000000,0.000000,nan,nan,nan,nan,nan,nan
1779938839663652182,2026-05-28T10:27:19.663676,prediction,0.195702,0.591000,0.075864,True,0.201395,0.665218,0.055955,0.005693,0.074218,0.019909,3.69,20,-0.293904,0.789850,0.524632,0.000000,0.000000,0.000000,0.000000,0.000000,0.000000,nan,nan,nan,nan,nan,nan
1779938839699629006,2026-05-28T10:27:19.699650,prediction,0.191583,0.580000,0.074394,True,0.194900,0.649218,0.056574,0.003318,0.069218,0.017820,4.69,20,-0.293904,0.789850,0.524632,0.000000,0.000000,0.000000,0.000000,0.000000,0.000000,nan,nan,nan,nan,nan,nan
1779938839732771030,2026-05-28T10:27:19.732793,prediction,0.191045,0.572000,0.073326,True,0.194602,0.633218,0.059165,0.003556,0.061218,0.014161,3.93,20,-0.294937,0.798311,0.519531,0.000000,0.000000,0.000000,0.000000,0.000000,0.000000,nan,nan,nan,nan,nan,nan
1779938839767448052,2026-05-28T10:27:19.767468,prediction,0.189855,0.578000,0.069865,True,0.189727,0.617218,0.056945,0.000128,0.039218,0.012920,3.99,20,-0.294937,0.798311,0.519531,0.000000,0.000000,0.000000,0.000000,0.000000,0.000000,nan,nan,nan,nan,nan,nan
1779938839803010293,2026-05-28T10:27:19.803031,prediction,0.187727,0.578000,0.069865,True,0.187136,0.601218,0.061473,0.000591,0.023218,0.008392,3.67,20,-0.295472,0.806902,0.514393,0.000000,0.000000,0.000000,0.000000,0.000000,0.000000,nan,nan,nan,nan,nan,nan
1779938839835640730,2026-05-28T10:27:19.835660,prediction,0.210969,0.448000,0.049729,True,0.200950,0.585218,0.058620,0.010019,0.137218,0.008891,3.78,20,-0.295472,0.806902,0.514393,0.000000,0.000000,0.000000,0.000000,0.000000,0.000000,nan,nan,nan,nan,nan,nan
1779938839868193881,2026-05-28T10:27:19.868213,prediction,0.186715,0.550000,0.061679,True,0.184950,0.569218,0.056001,0.001766,0.019218,0.005678,4.09,20,-0.295415,0.815391,0.509083,0.000000,0.000000,0.000000,0.000000,0.000000,0.000000,nan,nan,nan,nan,nan,nan
1779938839903939269,2026-05-28T10:27:19.903955,prediction,0.187395,0.535000,0.055174,True,0.200950,0.553218,0.063051,0.013555,0.018218,0.007877,3.89,20,-0.295415,0.815391,0.509083,0.000000,0.000000,0.000000,0.000000,0.000000,0.000000,nan,nan,nan,nan,nan,nan
1779938839935197216,2026-05-28T10:27:19.935219,prediction,0.194814,0.496000,0.049580,True,0.216950,0.537218,0.064064,0.022136,0.041218,0.014484,3.73,20,-0.294708,0.823486,0.503303,0.000000,0.000000,0.000000,0.000000,0.000000,0.000000,nan,nan,nan,nan,nan,nan
1779938839974779556,2026-05-28T10:27:19.974801,prediction,0.182933,0.547000,0.054713,True,0.232950,0.521218,0.062910,0.050016,0.025782,0.008197,3.81,20,-0.294708,0.823486,0.503303,0.000000,0.000000,0.000000,0.000000,0.000000,0.000000,nan,nan,nan,nan,nan,nan
1779938840006354894,2026-05-28T10:27:20.006376,prediction,0.179688,0.541000,0.051651,True,0.248950,0.505218,0.070333,0.069262,0.035782,0.018681,3.75,20,-0.293533,0.830856,0.496596,0.000000,0.000000,0.000000,0.000000,0.000000,0.000000,nan,nan,nan,nan,nan,nan
1779938840038038072,2026-05-28T10:27:20.038059,prediction,0.175426,0.564000,0.055026,True,0.258278,0.489218,0.070376,0.082853,0.074782,0.015350,4.20,20,-0.293533,0.830856,0.496596,0.000000,0.000000,0.000000,0.000000,0.000000,0.000000,nan,nan,nan,nan,nan,nan
1779938840071593603,2026-05-28T10:27:20.071621,prediction,0.179132,0.544000,0.052091,True,0.274278,0.473218,0.072225,0.095146,0.070782,0.020134,4.01,20,-0.292269,0.836484,0.488516,0.000000,0.000000,0.000000,0.000000,0.000000,0.000000,nan,nan,nan,nan,nan,nan
1779938840101931378,2026-05-28T10:27:20.101950,prediction,0.174499,0.569000,0.055759,True,0.264746,0.457218,0.069834,0.090247,0.111782,0.014074,4.23,20,-0.292269,0.836484,0.488516,0.000000,0.000000,0.000000,0.000000,0.000000,0.000000,nan,nan,nan,nan,nan,nan
1779938840135195713,2026-05-28T10:27:20.135217,prediction,0.174499,0.569000,0.055759,True,0.269694,0.443545,0.071775,0.095194,0.125455,0.016015,4.01,20,-0.291510,0.840119,0.479616,0.000000,0.000000,0.000000,0.000000,0.000000,0.000000,nan,nan,nan,nan,nan,nan
1779938840169300114,2026-05-28T10:27:20.169318,prediction,0.178020,0.550000,0.052972,True,0.277825,0.427545,0.070806,0.099805,0.122455,0.017835,4.83,20,-0.291510,0.840119,0.479616,0.000000,0.000000,0.000000,0.000000,0.000000,0.000000,nan,nan,nan,nan,nan,nan
1779938840205821519,2026-05-28T10:27:20.205847,prediction,0.173943,0.572000,0.058340,True,0.261825,0.426404,0.070518,0.087882,0.145596,0.012178,3.84,20,-0.291699,0.841913,0.471487,0.000000,0.000000,0.000000,0.000000,0.000000,0.000000,nan,nan,nan,nan,nan,nan
1779938840247127782,2026-05-28T10:27:20.247150,prediction,0.178020,0.550000,0.055149,True,0.268059,0.415843,0.073013,0.090039,0.134158,0.017864,3.90,20,-0.291699,0.841913,0.471487,0.000000,0.000000,0.000000,0.000000,0.000000,0.000000,nan,nan,nan,nan,nan,nan
1779938840278121206,2026-05-28T10:27:20.278144,prediction,0.177649,0.552000,0.057612,True,0.256321,0.410306,0.070876,0.078672,0.141695,0.013264,4.04,20,-0.292634,0.842060,0.464686,0.000000,0.000000,0.000000,0.000000,0.000000,0.000000,nan,nan,nan,nan,nan,nan
1779938840309736237,2026-05-28T10:27:20.309752,prediction,0.171670,0.561000,0.058903,True,0.242573,0.419703,0.071548,0.070903,0.141297,0.012645,4.43,20,-0.292634,0.842060,0.464686,0.000000,0.000000,0.000000,0.000000,0.000000,0.000000,nan,nan,nan,nan,nan,nan
1779938840340943644,2026-05-28T10:27:20.340962,prediction,0.174218,0.547000,0.056895,True,0.242326,0.410622,0.071336,0.068108,0.136378,0.014440,4.16,20,-0.294085,0.840620,0.459333,0.000000,0.000000,0.000000,0.000000,0.000000,0.000000,nan,nan,nan,nan,nan,nan
1779938840375776945,2026-05-28T10:27:20.375793,prediction,0.173308,0.552000,0.057612,True,0.228998,0.408263,0.068893,0.055690,0.143737,0.011280,3.90,20,-0.294085,0.840620,0.459333,0.000000,0.000000,0.000000,0.000000,0.000000,0.000000,nan,nan,nan,nan,nan,nan
1779938840406973806,2026-05-28T10:27:20.406993,prediction,0.174377,0.558000,0.058473,True,0.223684,0.418373,0.070152,0.049307,0.139627,0.011679,3.85,20,-0.295836,0.837581,0.455503,0.000000,0.000000,0.000000,0.000000,0.000000,0.000000,nan,nan,nan,nan,nan,nan
1779938840437406413,2026-05-28T10:27:20.437422,prediction,0.173275,0.564000,0.059334,True,0.213089,0.432446,0.069437,0.039814,0.131554,0.010104,4.03,20,-0.295836,0.837581,0.455503,0.000000,0.000000,0.000000,0.000000,0.000000,0.000000,nan,nan,nan,nan,nan,nan
1779938840472967152,2026-05-28T10:27:20.472982,prediction,0.175479,0.552000,0.057612,True,0.215678,0.425731,0.068532,0.040199,0.126269,0.010920,3.68,20,-0.297673,0.832885,0.453131,0.000000,0.000000,0.000000,0.000000,0.000000,0.000000,nan,nan,nan,nan,nan,nan
1779938840506925672,2026-05-28T10:27:20.506946,prediction,0.175479,0.552000,0.059786,True,0.200831,0.441731,0.065698,0.025352,0.110269,0.005912,3.75,20,-0.297673,0.832885,0.453131,0.000000,0.000000,0.000000,0.000000,0.000000,0.000000,nan,nan,nan,nan,nan,nan
1779938840538782346,2026-05-28T10:27:20.538798,prediction,0.174377,0.558000,0.060637,True,0.188927,0.457731,0.063947,0.014550,0.100270,0.003311,3.78,20,-0.299388,0.826231,0.451820,0.000000,0.000000,0.000000,0.000000,0.000000,0.000000,nan,nan,nan,nan,nan,nan
1779938840569651980,2026-05-28T10:27:20.569672,prediction,0.175479,0.552000,0.059786,True,0.191630,0.473318,0.064275,0.016151,0.078682,0.004489,4.06,20,-0.299388,0.826231,0.451820,0.000000,0.000000,0.000000,0.000000,0.000000,0.000000,nan,nan,nan,nan,nan,nan
1779938840612846055,2026-05-28T10:27:20.612867,prediction,0.174928,0.555000,0.060211,True,0.186233,0.489318,0.062565,0.011306,0.065682,0.002353,3.57,20,-0.300581,0.817605,0.451408,0.000000,0.000000,0.000000,0.000000,0.000000,0.000000,nan,nan,nan,nan,nan,nan
1779938840647176401,2026-05-28T10:27:20.647222,prediction,0.178576,0.547000,0.059077,True,0.191202,0.495316,0.062310,0.012626,0.051684,0.003233,3.78,20,-0.300581,0.817605,0.451408,0.000000,0.000000,0.000000,0.000000,0.000000,0.000000,nan,nan,nan,nan,nan,nan
1779938840680392408,2026-05-28T10:27:20.680413,prediction,0.178576,0.547000,0.059077,True,0.186690,0.506039,0.060880,0.008114,0.040961,0.001803,3.90,20,-0.300731,0.807619,0.451575,0.000000,0.000000,0.000000,0.000000,0.000000,0.000000,nan,nan,nan,nan,nan,nan
1779938840714745126,2026-05-28T10:27:20.714766,prediction,0.175982,0.561000,0.061062,True,0.180310,0.522039,0.063068,0.004329,0.038961,0.002006,3.88,20,-0.300731,0.807619,0.451575,0.000000,0.000000,0.000000,0.000000,0.000000,0.000000,nan,nan,nan,nan,nan,nan
1779938840748689887,2026-05-28T10:27:20.748709,prediction,0.179727,0.564000,0.061488,True,0.190948,0.530691,0.065461,0.011221,0.033309,0.003973,3.89,20,-0.300141,0.797614,0.451668,0.000000,0.000000,0.000000,0.000000,0.000000,0.000000,nan,nan,nan,nan,nan,nan
1779938840778153365,2026-05-28T10:27:20.778170,prediction,0.182449,0.561000,0.061062,True,0.197246,0.528457,0.064656,0.014797,0.032543,0.003593,4.06,20,-0.300141,0.797614,0.451668,0.000000,0.000000,0.000000,0.000000,0.000000,0.000000,nan,nan,nan,nan,nan,nan
1779938840831085578,2026-05-28T10:27:20.831106,prediction,0.184029,0.564000,0.061488,True,0.195777,0.534820,0.064603,0.011747,0.029180,0.003116,3.91,20,-0.298819,0.787665,0.451696,0.000000,0.000000,0.000000,0.000000,0.000000,0.000000,nan,nan,nan,nan,nan,nan
1779938840867082321,2026-05-28T10:27:20.867104,prediction,0.184605,0.561000,0.061062,True,0.194963,0.541622,0.064713,0.010358,0.019378,0.003651,4.69,20,-0.297164,0.777823,0.451688,0.000000,0.000000,0.000000,0.000000,0.000000,0.000000,nan,nan,nan,nan,nan,nan
1779938840908055327,2026-05-28T10:27:20.908076,prediction,0.184029,0.564000,0.061488,True,0.194808,0.545205,0.065131,0.010779,0.018795,0.003643,4.04,20,-0.297164,0.777823,0.451688,0.000000,0.000000,0.000000,0.000000,0.000000,0.000000,nan,nan,nan,nan,nan,nan
1779938840948429697,2026-05-28T10:27:20.948450,prediction,0.184632,0.572000,0.062622,True,0.197192,0.552061,0.066524,0.012560,0.019939,0.003902,4.36,20,-0.294712,0.768167,0.451603,0.000000,0.000000,0.000000,0.000000,0.000000,0.000000,nan,nan,nan,nan,nan,nan
1779938840987192208,2026-05-28T10:27:20.987213,prediction,0.183471,0.578000,0.065604,True,0.194284,0.560917,0.070459,0.010813,0.017083,0.004855,4.07,20,-0.291772,0.758564,0.451478,0.000000,0.000000,0.000000,0.000000,0.000000,0.000000,nan,nan,nan,nan,nan,nan
1779938841021436325,2026-05-28T10:27:21.021459,prediction,0.185600,0.567000,0.064062,True,0.197680,0.552315,0.069298,0.012080,0.014685,0.005236,4.18,20,-0.291772,0.758564,0.451478,0.000000,0.000000,0.000000,0.000000,0.000000,0.000000,nan,nan,nan,nan,nan,nan
1779938841055643533,2026-05-28T10:27:21.055660,prediction,0.185213,0.569000,0.064342,True,0.193336,0.554236,0.067521,0.008124,0.014764,0.003179,4.02,20,-0.287581,0.749477,0.451323,0.000000,0.000000,0.000000,0.000000,0.000000,0.000000,nan,nan,nan,nan,nan,nan
1779938841089849671,2026-05-28T10:27:21.089865,prediction,0.184052,0.575000,0.065183,True,0.190930,0.565457,0.069257,0.006878,0.009544,0.004073,4.01,20,-0.287581,0.749477,0.451323,0.000000,0.000000,0.000000,0.000000,0.000000,0.000000,nan,nan,nan,nan,nan,nan
1779938841121398275,2026-05-28T10:27:21.121418,prediction,0.186770,0.572000,0.064763,True,0.197275,0.562900,0.070325,0.010505,0.009100,0.005563,4.10,20,-0.281532,0.741590,0.451219,0.000000,0.000000,0.000000,0.000000,0.000000,0.000000,nan,nan,nan,nan,nan,nan
1779938841153455451,2026-05-28T10:27:21.153472,prediction,0.186184,0.575000,0.065183,True,0.195127,0.562408,0.069278,0.008942,0.012592,0.004095,3.97,20,-0.281532,0.741590,0.451219,0.000000,0.000000,0.000000,0.000000,0.000000,0.000000,nan,nan,nan,nan,nan,nan
1779938841187738892,2026-05-28T10:27:21.187755,prediction,0.189892,0.567000,0.066211,True,0.201963,0.553201,0.071204,0.012072,0.013799,0.004993,5.10,20,-0.274991,0.735842,0.451249,0.000000,0.000000,0.000000,0.000000,0.000000,0.000000,nan,nan,nan,nan,nan,nan
1779938841217249486,2026-05-28T10:27:21.217265,prediction,0.183471,0.578000,0.067734,True,0.188058,0.569102,0.071158,0.004587,0.008899,0.003423,3.79,20,-0.274991,0.735842,0.451249,0.000000,0.000000,0.000000,0.000000,0.000000,0.000000,nan,nan,nan,nan,nan,nan
1779938841253742731,2026-05-28T10:27:21.253758,prediction,0.183070,0.569000,0.066488,True,0.195509,0.561566,0.072093,0.012439,0.007434,0.005605,4.04,20,-0.269293,0.752945,0.453015,0.000000,0.000000,0.000000,0.000000,0.000000,0.000000,nan,nan,nan,nan,nan,nan
1779938841287362532,2026-05-28T10:27:21.287376,prediction,0.185600,0.567000,0.066211,True,0.201082,0.553693,0.070642,0.015482,0.013307,0.004431,4.04,20,-0.269293,0.752945,0.453015,0.000000,0.000000,0.000000,0.000000,0.000000,0.000000,nan,nan,nan,nan,nan,nan
1779938841319484748,2026-05-28T10:27:21.319499,prediction,0.184052,0.575000,0.067319,True,0.194691,0.564221,0.071272,0.010640,0.010779,0.003953,4.10,20,-0.269641,0.755122,0.453249,0.000000,0.000000,0.000000,0.000000,0.000000,0.000000,nan,nan,nan,nan,nan,nan
1779938841356623212,2026-05-28T10:27:21.356638,prediction,0.186180,0.564000,0.065795,True,0.198874,0.555542,0.071468,0.012693,0.008458,0.005672,4.61,20,-0.269641,0.755122,0.453249,0.000000,0.000000,0.000000,0.000000,0.000000,0.000000,nan,nan,nan,nan,nan,nan
1779938841386543739,2026-05-28T10:27:21.386556,prediction,0.184632,0.572000,0.066903,True,0.191574,0.562287,0.069726,0.006942,0.009713,0.002823,3.55,20,-0.270164,0.759517,0.453765,0.000000,0.000000,0.000000,0.000000,0.000000,0.000000,nan,nan,nan,nan,nan,nan
1779938841427466011,2026-05-28T10:27:21.427480,prediction,0.185756,0.555000,0.064549,True,0.199220,0.546287,0.069358,0.013464,0.008713,0.004809,4.04,20,-0.270164,0.759517,0.453765,0.000000,0.000000,0.000000,0.000000,0.000000,0.000000,nan,nan,nan,nan,nan,nan
1779938841463518366,2026-05-28T10:27:21.463534,prediction,0.185756,0.555000,0.066718,True,0.195191,0.540376,0.069533,0.009435,0.014624,0.002815,3.90,20,-0.270691,0.766104,0.454615,0.000000,0.000000,0.000000,0.000000,0.000000,0.000000,nan,nan,nan,nan,nan,nan
1779938841495873987,2026-05-28T10:27:21.495898,prediction,0.183454,0.567000,0.068360,True,0.188855,0.556376,0.070648,0.005402,0.010624,0.002288,4.47,20,-0.270691,0.766104,0.454615,0.000000,0.000000,0.000000,0.000000,0.000000,0.000000,nan,nan,nan,nan,nan,nan
1779938841527087420,2026-05-28T10:27:21.527102,prediction,0.181878,0.564000,0.065795,True,0.189951,0.553939,0.068964,0.008072,0.010061,0.003169,4.07,20,-0.270740,0.772613,0.455469,0.000000,0.000000,0.000000,0.000000,0.000000,0.000000,nan,nan,nan,nan,nan,nan
1779938841558912943,2026-05-28T10:27:21.558929,prediction,0.181878,0.564000,0.065795,True,0.188844,0.547331,0.067645,0.006965,0.016669,0.001850,4.03,20,-0.270740,0.772613,0.455469,0.000000,0.000000,0.000000,0.000000,0.000000,0.000000,nan,nan,nan,nan,nan,nan
1779938841592476440,2026-05-28T10:27:21.592493,prediction,0.303024,0.023000,-0.006094,True,0.200185,0.531331,0.064159,0.102838,0.508331,0.070252,4.01,20,-0.270049,0.777084,0.455976,0.000000,0.000000,0.000000,0.000000,0.000000,0.000000,nan,nan,nan,nan,nan,nan
1779938841630996962,2026-05-28T10:27:21.631018,prediction,0.302366,0.011000,-0.007736,True,0.200063,0.515331,0.058416,0.102303,0.504331,0.066152,4.74,20,-0.270049,0.777084,0.455976,0.000000,0.000000,0.000000,0.000000,0.000000,0.000000,nan,nan,nan,nan,nan,nan
1779938841665323823,2026-05-28T10:27:21.665340,prediction,0.185600,0.567000,0.066211,True,0.190274,0.499331,0.058464,0.004675,0.067669,0.007747,4.48,20,-0.270579,0.775808,0.454979,0.000000,0.000000,0.000000,0.000000,0.000000,0.000000,nan,nan,nan,nan,nan,nan
1779938841697235550,2026-05-28T10:27:21.697263,prediction,0.192234,0.544000,0.063025,True,0.206274,0.483331,0.065085,0.014040,0.060669,0.002060,3.88,20,-0.270579,0.775808,0.454979,0.000000,0.000000,0.000000,0.000000,0.000000,0.000000,nan,nan,nan,nan,nan,nan
1779938841729105612,2026-05-28T10:27:21.729122,prediction,0.183070,0.569000,0.066488,True,0.222274,0.467331,0.064762,0.039205,0.101669,0.001726,4.06,20,-0.270570,0.773724,0.454277,0.000000,0.000000,0.000000,0.000000,0.000000,0.000000,nan,nan,nan,nan,nan,nan
1779938841760314502,2026-05-28T10:27:21.760334,prediction,0.184029,0.564000,0.065795,True,0.238274,0.451331,0.062666,0.054245,0.112669,0.003129,4.37,20,-0.270570,0.773724,0.454277,0.000000,0.000000,0.000000,0.000000,0.000000,0.000000,nan,nan,nan,nan,nan,nan
1779938841792032778,2026-05-28T10:27:21.792054,prediction,0.184029,0.564000,0.065795,True,0.254274,0.436399,0.078666,0.070245,0.127601,0.012871,4.72,20,-0.271909,0.769824,0.453429,0.000000,0.000000,0.000000,0.000000,0.000000,0.000000,nan,nan,nan,nan,nan,nan
1779938841828487360,2026-05-28T10:27:21.828507,prediction,0.183454,0.567000,0.066211,True,0.270274,0.443981,0.079019,0.086821,0.123019,0.012808,4.02,20,-0.271909,0.769824,0.453429,0.000000,0.000000,0.000000,0.000000,0.000000,0.000000,nan,nan,nan,nan,nan,nan
1779938841861887117,2026-05-28T10:27:21.861912,prediction,0.181308,0.567000,0.066211,True,0.286274,0.433189,0.077751,0.104967,0.133811,0.011540,4.18,20,-0.274752,0.764380,0.452930,0.000000,0.000000,0.000000,0.000000,0.000000,0.000000,nan,nan,nan,nan,nan,nan
1779938841894897653,2026-05-28T10:27:21.894926,prediction,0.183454,0.567000,0.066211,True,0.302274,0.426713,0.070403,0.118821,0.140287,0.004192,3.74,20,-0.274752,0.764380,0.452930,0.000000,0.000000,0.000000,0.000000,0.000000,0.000000,nan,nan,nan,nan,nan,nan
1779938841933944097,2026-05-28T10:27:21.933967,prediction,0.183070,0.569000,0.066488,True,0.309827,0.423628,0.076030,0.126757,0.145372,0.009542,3.95,20,-0.279378,0.757654,0.452874,0.000000,0.000000,0.000000,0.000000,0.000000,0.000000,nan,nan,nan,nan,nan,nan
1779938841965572684,2026-05-28T10:27:21.965592,prediction,0.181919,0.575000,0.067319,True,0.312249,0.430699,0.071228,0.130330,0.144301,0.003909,3.69,20,-0.279378,0.757654,0.452874,0.000000,0.000000,0.000000,0.000000,0.000000,0.000000,nan,nan,nan,nan,nan,nan
1779938841998294784,2026-05-28T10:27:21.998313,prediction,0.181878,0.564000,0.065795,True,0.320101,0.424019,0.066443,0.138222,0.139981,0.000648,3.63,20,-0.285937,0.750141,0.453240,0.000000,0.000000,0.000000,0.000000,0.000000,0.000000,nan,nan,nan,nan,nan,nan
1779938842033846655,2026-05-28T10:27:22.033867,prediction,0.182449,0.561000,0.065380,True,0.316264,0.418812,0.064976,0.133815,0.142188,0.000404,3.76,20,-0.285937,0.750141,0.453240,0.000000,0.000000,0.000000,0.000000,0.000000,0.000000,nan,nan,nan,nan,nan,nan
1779938842069518502,2026-05-28T10:27:22.069540,prediction,0.177577,0.564000,0.065795,True,0.300264,0.416887,0.064233,0.122688,0.147113,0.001562,4.84,20,-0.292806,0.742691,0.453397,0.000000,0.000000,0.000000,0.000000,0.000000,0.000000,nan,nan,nan,nan,nan,nan
1779938842103929733,2026-05-28T10:27:22.103953,prediction,0.180927,0.569000,0.068634,True,0.287315,0.417732,0.065005,0.106387,0.151268,0.003629,4.78,20,-0.292806,0.742691,0.453397,0.000000,0.000000,0.000000,0.000000,0.000000,0.000000,nan,nan,nan,nan,nan,nan
1779938842137480417,2026-05-28T10:27:22.137502,prediction,0.180357,0.572000,0.069044,True,0.281602,0.419439,0.067124,0.101245,0.152561,0.001921,3.87,20,-0.299382,0.735325,0.453471,0.000000,0.000000,0.000000,0.000000,0.000000,0.000000,nan,nan,nan,nan,nan,nan
1779938842168335111,2026-05-28T10:27:22.168355,prediction,0.186477,0.573500,0.069249,True,0.276505,0.421064,0.070463,0.090028,0.152436,0.001214,3.89,20,-0.299382,0.735325,0.453471,0.000000,0.000000,0.000000,0.000000,0.000000,0.000000,nan,nan,nan,nan,nan,nan
1779938842199914771,2026-05-28T10:27:22.199936,prediction,0.186184,0.575000,0.071591,True,0.260505,0.422638,0.074107,0.074321,0.152362,0.002516,4.06,20,-0.305814,0.727660,0.453666,0.000000,0.000000,0.000000,0.000000,0.000000,0.000000,nan,nan,nan,nan,nan,nan
1779938842235371460,2026-05-28T10:27:22.235392,prediction,0.185599,0.578000,0.071996,True,0.244505,0.424783,0.072054,0.058906,0.153217,0.000057,3.91,20,-0.305814,0.727660,0.453666,0.000000,0.000000,0.000000,0.000000,0.000000,0.000000,nan,nan,nan,nan,nan,nan
1779938842277877593,2026-05-28T10:27:22.277893,prediction,0.187355,0.569000,0.070779,True,0.249640,0.425481,0.072849,0.062285,0.143520,0.002070,3.93,20,-0.311884,0.719747,0.453960,0.000000,0.000000,0.000000,0.000000,0.000000,0.000000,nan,nan,nan,nan,nan,nan
1779938842313191535,2026-05-28T10:27:22.313212,prediction,0.189695,0.568000,0.070644,True,0.233640,0.441481,0.064428,0.043945,0.126519,0.006216,3.64,20,-0.311884,0.719747,0.453960,0.000000,0.000000,0.000000,0.000000,0.000000,0.000000,nan,nan,nan,nan,nan,nan
1779938842344113554,2026-05-28T10:27:22.344136,prediction,0.187727,0.578000,0.071996,True,0.217640,0.457481,0.065164,0.029913,0.120520,0.006832,3.69,20,-0.317462,0.711452,0.454238,0.000000,0.000000,0.000000,0.000000,0.000000,0.000000,nan,nan,nan,nan,nan,nan
1779938842376561072,2026-05-28T10:27:22.376576,prediction,0.188908,0.572000,0.071185,True,0.201640,0.473481,0.066433,0.012733,0.098520,0.004752,4.00,20,-0.317462,0.711452,0.454238,0.000000,0.000000,0.000000,0.000000,0.000000,0.000000,nan,nan,nan,nan,nan,nan
1779938842411918705,2026-05-28T10:27:22.411938,prediction,0.187341,0.558000,0.069292,True,0.195786,0.489481,0.065626,0.008444,0.068520,0.003666,3.92,20,-0.322031,0.702511,0.454302,0.000000,0.000000,0.000000,0.000000,0.000000,0.000000,nan,nan,nan,nan,nan,nan
1779938842449491305,2026-05-28T10:27:22.449512,prediction,0.188917,0.561000,0.069698,True,0.192499,0.505481,0.066558,0.003582,0.055520,0.003140,4.36,20,-0.322031,0.702511,0.454302,0.000000,0.000000,0.000000,0.000000,0.000000,0.000000,nan,nan,nan,nan,nan,nan
1779938842484209522,2026-05-28T10:27:22.484226,prediction,0.182503,0.583000,0.072672,True,0.176499,0.521481,0.072492,0.006004,0.061520,0.000181,4.13,20,-0.324639,0.692897,0.454198,0.000000,0.000000,0.000000,0.000000,0.000000,0.000000,nan,nan,nan,nan,nan,nan
1779938842517029292,2026-05-28T10:27:22.517050,prediction,0.185599,0.578000,0.071996,True,0.188532,0.537481,0.076113,0.002933,0.040520,0.004117,4.00,20,-0.324639,0.692897,0.454198,0.000000,0.000000,0.000000,0.000000,0.000000,0.000000,nan,nan,nan,nan,nan,nan
1779938842548083610,2026-05-28T10:27:22.548118,prediction,0.185600,0.567000,0.070509,True,0.195306,0.540958,0.074361,0.009706,0.026042,0.003853,4.33,20,-0.325037,0.683062,0.454136,0.000000,0.000000,0.000000,0.000000,0.000000,0.000000,nan,nan,nan,nan,nan,nan
1779938842582849027,2026-05-28T10:27:22.582870,prediction,0.183471,0.578000,0.071996,True,0.185517,0.556958,0.074683,0.002046,0.021042,0.002686,3.83,20,-0.325037,0.683062,0.454136,0.000000,0.000000,0.000000,0.000000,0.000000,0.000000,nan,nan,nan,nan,nan,nan
1779938842617779250,2026-05-28T10:27:22.617794,prediction,0.183454,0.567000,0.072658,True,0.189067,0.563582,0.079181,0.005613,0.003418,0.006523,4.11,20,-0.323503,0.674341,0.454258,0.000000,0.000000,0.000000,0.000000,0.000000,0.000000,nan,nan,nan,nan,nan,nan
1779938842653423732,2026-05-28T10:27:22.653438,prediction,0.192094,0.588000,0.075463,True,0.196271,0.579582,0.079556,0.004177,0.008418,0.004093,3.98,20,-0.320220,0.666943,0.454592,0.000000,0.000000,0.000000,0.000000,0.000000,0.000000,nan,nan,nan,nan,nan,nan
1779938842687189794,2026-05-28T10:27:22.687204,prediction,0.190177,0.597500,0.076732,True,0.195668,0.593771,0.082280,0.005490,0.003729,0.005548,3.97,20,-0.320220,0.666943,0.454592,0.000000,0.000000,0.000000,0.000000,0.000000,0.000000,nan,nan,nan,nan,nan,nan
1779938842724431760,2026-05-28T10:27:22.724448,prediction,0.192094,0.588000,0.075463,True,0.196236,0.586283,0.081176,0.004142,0.001717,0.005713,3.88,20,-0.315343,0.661105,0.455081,0.000000,0.000000,0.000000,0.000000,0.000000,0.000000,nan,nan,nan,nan,nan,nan
1779938842758591832,2026-05-28T10:27:22.758610,prediction,0.189982,0.588000,0.075463,True,0.188445,0.591394,0.079137,0.001537,0.003393,0.003674,3.64,20,-0.315343,0.661105,0.455081,0.000000,0.000000,0.000000,0.000000,0.000000,0.000000,nan,nan,nan,nan,nan,nan
1779938842793341450,2026-05-28T10:27:22.793363,prediction,0.189982,0.588000,0.075463,True,0.191714,0.596139,0.080099,0.001732,0.008139,0.004636,4.00,20,-0.309821,0.657387,0.455632,0.000000,0.000000,0.000000,0.000000,0.000000,0.000000,nan,nan,nan,nan,nan,nan
1779938842829484064,2026-05-28T10:27:22.829505,prediction,0.189270,0.602000,0.077333,True,0.188405,0.612057,0.080857,0.000864,0.010057,0.003524,4.23,20,-0.309821,0.657387,0.455632,0.000000,0.000000,0.000000,0.000000,0.000000,0.000000,nan,nan,nan,nan,nan,nan
1779938842864505606,2026-05-28T10:27:22.864534,prediction,0.196301,0.628000,0.082855,True,0.200906,0.628057,0.089549,0.004605,0.000057,0.006694,3.79,20,-0.304622,0.655870,0.456185,0.000000,0.000000,0.000000,0.000000,0.000000,0.000000,nan,nan,nan,nan,nan,nan
1779938842897402871,2026-05-28T10:27:22.897442,prediction,0.209282,0.652000,0.090040,True,0.216906,0.644057,0.099374,0.007624,0.007943,0.009334,3.88,20,-0.304622,0.655870,0.456185,0.000000,0.000000,0.000000,0.000000,0.000000,0.000000,nan,nan,nan,nan,nan,nan
1779938842929948115,2026-05-28T10:27:22.929969,prediction,0.213754,0.650000,0.091795,True,0.223456,0.656132,0.101111,0.009702,0.006132,0.009316,3.84,20,-0.300151,0.656450,0.456808,0.000000,0.000000,0.000000,0.000000,0.000000,0.000000,nan,nan,nan,nan,nan,nan
1779938842961612934,2026-05-28T10:27:22.961634,prediction,0.210866,0.645000,0.093181,True,0.216699,0.660348,0.101266,0.005833,0.015348,0.008085,4.02,20,-0.300151,0.656450,0.456808,0.000000,0.000000,0.000000,0.000000,0.000000,0.000000,nan,nan,nan,nan,nan,nan
1779938842993605883,2026-05-28T10:27:22.993626,prediction,0.232260,0.640000,0.094583,True,0.232699,0.655820,0.105201,0.000439,0.015820,0.010618,4.38,20,-0.296533,0.659082,0.457557,0.000000,0.000000,0.000000,0.000000,0.000000,0.000000,nan,nan,nan,nan,nan,nan
1779938843027893046,2026-05-28T10:27:23.027923,prediction,0.207725,0.650000,0.099846,True,0.239266,0.671820,0.112008,0.031542,0.021820,0.012162,4.17,20,-0.296533,0.659082,0.457557,0.000000,0.000000,0.000000,0.000000,0.000000,0.000000,nan,nan,nan,nan,nan,nan
1779938843063010653,2026-05-28T10:27:23.063066,prediction,0.200340,0.647000,0.103519,True,0.254965,0.674992,0.118486,0.054625,0.027992,0.014966,3.90,20,-0.293853,0.663715,0.458441,0.000000,0.000000,0.000000,0.000000,0.000000,0.000000,nan,nan,nan,nan,nan,nan
1779938843097496497,2026-05-28T10:27:23.097537,prediction,0.233850,0.625000,0.107103,True,0.270965,0.658992,0.124458,0.037115,0.033992,0.017354,3.99,20,-0.293853,0.663715,0.458441,0.000000,0.000000,0.000000,0.000000,0.000000,0.000000,nan,nan,nan,nan,nan,nan
1779938843128862765,2026-05-28T10:27:23.128883,prediction,0.408844,-0.011000,0.038831,True,0.286965,0.642992,0.120690,0.121879,0.653992,0.081860,4.01,20,-0.292086,0.670349,0.459500,0.000000,0.000000,0.000000,0.000000,0.000000,0.000000,nan,nan,nan,nan,nan,nan
1779938843161033317,2026-05-28T10:27:23.161055,prediction,0.413277,-0.041000,0.035513,True,0.302965,0.626992,0.110716,0.110312,0.667992,0.075203,4.34,20,-0.292086,0.670349,0.459500,0.000000,0.000000,0.000000,0.000000,0.000000,0.000000,nan,nan,nan,nan,nan,nan
1779938843200095329,2026-05-28T10:27:23.200117,prediction,0.246399,0.599000,0.108378,True,0.318965,0.610992,0.105291,0.072566,0.011992,0.003088,4.07,20,-0.291591,0.678913,0.460816,0.000000,0.000000,0.000000,0.000000,0.000000,0.000000,nan,nan,nan,nan,nan,nan
1779938843244236930,2026-05-28T10:27:23.244259,prediction,0.362826,0.114000,0.061332,True,0.334965,0.594992,0.106910,0.027861,0.480992,0.045577,3.70,20,-0.291591,0.678913,0.460816,0.000000,0.000000,0.000000,0.000000,0.000000,0.000000,nan,nan,nan,nan,nan,nan
1779938843276437856,2026-05-28T10:27:23.276456,prediction,0.194255,0.628000,0.123830,True,0.338681,0.578992,0.102585,0.144426,0.049008,0.021245,4.07,20,-0.292935,0.688525,0.462359,0.000000,0.000000,0.000000,0.000000,0.000000,0.000000,nan,nan,nan,nan,nan,nan
1779938843308130938,2026-05-28T10:27:23.308146,prediction,0.190372,0.617000,0.120673,True,0.339357,0.562992,0.111040,0.148985,0.054008,0.009633,4.09,20,-0.292935,0.688525,0.462359,0.000000,0.000000,0.000000,0.000000,0.000000,0.000000,nan,nan,nan,nan,nan,nan
1779938843351147601,2026-05-28T10:27:23.351178,prediction,0.195958,0.610000,0.122047,True,0.341997,0.546992,0.114467,0.146040,0.063008,0.007580,4.20,20,-0.295504,0.698023,0.464050,0.000000,0.000000,0.000000,0.000000,0.000000,0.000000,nan,nan,nan,nan,nan,nan
1779938843382037101,2026-05-28T10:27:23.382060,prediction,0.177653,0.575000,0.129258,True,0.336260,0.530992,0.115524,0.158607,0.044008,0.013734,3.79,20,-0.295504,0.698023,0.464050,0.000000,0.000000,0.000000,0.000000,0.000000,0.000000,nan,nan,nan,nan,nan,nan
1779938843424460083,2026-05-28T10:27:23.424478,prediction,0.170703,0.578000,0.138054,True,0.330037,0.514992,0.130451,0.159334,0.063008,0.007604,3.64,20,-0.299185,0.707223,0.465937,0.000000,0.000000,0.000000,0.000000,0.000000,0.000000,nan,nan,nan,nan,nan,nan
1779938843456975002,2026-05-28T10:27:23.456993,prediction,0.164671,0.564000,0.141182,True,0.323891,0.498992,0.142175,0.159220,0.065008,0.000993,3.88,20,-0.303280,0.716030,0.467906,0.000000,0.000000,0.000000,0.000000,0.000000,0.000000,nan,nan,nan,nan,nan,nan
1779938843488840714,2026-05-28T10:27:23.488864,prediction,0.160891,0.561000,0.162528,True,0.318691,0.482992,0.158175,0.157800,0.078008,0.004353,4.24,20,-0.303280,0.716030,0.467906,0.000000,0.000000,0.000000,0.000000,0.000000,0.000000,nan,nan,nan,nan,nan,nan
1779938843520914202,2026-05-28T10:27:23.520936,prediction,0.155411,0.529000,0.167095,True,0.313379,0.466992,0.174175,0.157968,0.062008,0.007079,3.92,20,-0.308420,0.724261,0.470334,0.000000,0.000000,0.000000,0.000000,0.000000,0.000000,nan,nan,nan,nan,nan,nan
1779938843553086583,2026-05-28T10:27:23.553111,prediction,0.157138,0.505000,0.172417,True,0.310883,0.450992,0.188972,0.153744,0.054008,0.016556,4.42,20,-0.308420,0.724261,0.470334,0.000000,0.000000,0.000000,0.000000,0.000000,0.000000,nan,nan,nan,nan,nan,nan
1779938843587794596,2026-05-28T10:27:23.587816,prediction,0.155326,0.474000,0.175324,True,0.308660,0.434992,0.204972,0.153334,0.039008,0.029648,4.09,20,-0.314624,0.731425,0.473587,0.000000,0.000000,0.000000,0.000000,0.000000,0.000000,nan,nan,nan,nan,nan,nan
1779938843621346622,2026-05-28T10:27:23.621368,prediction,0.156660,0.480000,0.182508,True,0.307860,0.418992,0.217845,0.151200,0.061008,0.035336,3.89,20,-0.314624,0.731425,0.473587,0.000000,0.000000,0.000000,0.000000,0.000000,0.000000,nan,nan,nan,nan,nan,nan
1779938843653420996,2026-05-28T10:27:23.653439,prediction,0.154602,0.464000,0.188719,True,0.306557,0.402992,0.227404,0.151955,0.061008,0.038685,3.96,20,-0.321726,0.736910,0.477995,0.000000,0.000000,0.000000,0.000000,0.000000,0.000000,nan,nan,nan,nan,nan,nan
1779938843685360417,2026-05-28T10:27:23.685383,prediction,0.154610,0.478500,0.196205,True,0.290557,0.386992,0.233725,0.135946,0.091508,0.037520,4.20,20,-0.321726,0.736910,0.477995,0.000000,0.000000,0.000000,0.000000,0.000000,0.000000,nan,nan,nan,nan,nan,nan
1779938843724875565,2026-05-28T10:27:23.724893,prediction,0.153027,0.474000,0.198342,True,0.282895,0.370992,0.234853,0.129867,0.103008,0.036512,3.95,20,-0.329061,0.740485,0.483496,0.000000,0.000000,0.000000,0.000000,0.000000,0.000000,nan,nan,nan,nan,nan,nan
1779938843754647685,2026-05-28T10:27:23.754667,prediction,0.150729,0.474000,0.202945,True,0.271845,0.354992,0.245288,0.121116,0.119008,0.042343,3.36,20,-0.329061,0.740485,0.483496,0.000000,0.000000,0.000000,0.000000,0.000000,0.000000,nan,nan,nan,nan,nan,nan
1779938843786056920,2026-05-28T10:27:23.786078,prediction,0.153209,0.443000,0.204315,True,0.262956,0.338992,0.247037,0.109747,0.104008,0.042723,3.77,20,-0.329061,0.740485,0.483496,0.000000,0.000000,0.000000,0.000000,0.000000,0.000000,nan,nan,nan,nan,nan,nan
1779938843819520392,2026-05-28T10:27:23.819540,prediction,0.146699,0.455000,0.207009,True,0.246956,0.325395,0.247870,0.100256,0.129605,0.040861,3.91,20,-0.336053,0.742090,0.489967,0.000000,0.000000,0.000000,0.000000,0.000000,0.000000,nan,nan,nan,nan,nan,nan
1779938843849495399,2026-05-28T10:27:23.849515,prediction,0.145794,0.461000,0.209502,True,0.230956,0.341395,0.231870,0.085161,0.119605,0.022367,3.59,20,-0.336053,0.742090,0.489967,0.000000,0.000000,0.000000,0.000000,0.000000,0.000000,nan,nan,nan,nan,nan,nan
1779938843884281220,2026-05-28T10:27:23.884295,prediction,0.145342,0.464000,0.211901,True,0.239286,0.330437,0.232801,0.093945,0.133563,0.020900,3.61,20,-0.341801,0.741920,0.496970,0.000000,0.000000,0.000000,0.000000,0.000000,0.000000,nan,nan,nan,nan,nan,nan
1779938843918383212,2026-05-28T10:27:23.918403,prediction,0.146247,0.458000,0.214078,True,0.223286,0.346437,0.230731,0.077039,0.111563,0.016653,4.10,20,-0.341801,0.741920,0.496970,0.000000,0.000000,0.000000,0.000000,0.000000,0.000000,nan,nan,nan,nan,nan,nan
1779938843949998733,2026-05-28T10:27:23.950020,prediction,0.142630,0.451000,0.216253,True,0.207286,0.362437,0.231500,0.064656,0.088563,0.015247,3.81,20,-0.346219,0.740003,0.504266,0.000000,0.000000,0.000000,0.000000,0.000000,0.000000,nan,nan,nan,nan,nan,nan
1779938843985446467,2026-05-28T10:27:23.985467,prediction,0.142286,0.421000,0.215597,True,0.191286,0.361488,0.232816,0.049000,0.059512,0.017219,4.08,20,-0.346219,0.740003,0.504266,0.000000,0.000000,0.000000,0.000000,0.000000,0.000000,nan,nan,nan,nan,nan,nan
1779938844017537936,2026-05-28T10:27:24.017556,prediction,0.142719,0.418000,0.220319,True,0.175286,0.346809,0.243255,0.032567,0.071191,0.022936,4.37,20,-0.349216,0.736368,0.511511,0.000000,0.000000,0.000000,0.000000,0.000000,0.000000,nan,nan,nan,nan,nan,nan
1779938844049255243,2026-05-28T10:27:24.049291,prediction,0.142451,0.386000,0.219725,True,0.160182,0.330809,0.246292,0.017732,0.055191,0.026567,3.99,20,-0.349216,0.736368,0.511511,0.000000,0.000000,0.000000,0.000000,0.000000,0.000000,nan,nan,nan,nan,nan,nan
1779938844081702203,2026-05-28T10:27:24.081725,prediction,0.142098,0.371000,0.219447,True,0.146041,0.314809,0.246162,0.003943,0.056191,0.026715,4.01,20,-0.350589,0.731291,0.518363,0.000000,0.000000,0.000000,0.000000,0.000000,0.000000,nan,nan,nan,nan,nan,nan
1779938844111900797,2026-05-28T10:27:24.111924,prediction,0.139613,0.353000,0.221613,True,0.134157,0.298809,0.251793,0.005456,0.054191,0.030180,3.62,20,-0.350589,0.731291,0.518363,0.000000,0.000000,0.000000,0.000000,0.000000,0.000000,nan,nan,nan,nan,nan,nan
1779938844147829349,2026-05-28T10:27:24.147844,prediction,0.136174,0.360000,0.221731,True,0.124422,0.282809,0.250672,0.011752,0.077191,0.028941,4.05,20,-0.350171,0.724973,0.524751,0.000000,0.000000,0.000000,0.000000,0.000000,0.000000,nan,nan,nan,nan,nan,nan
1779938844183235739,2026-05-28T10:27:24.183254,prediction,0.138729,0.341000,0.223930,True,0.135148,0.266809,0.253410,0.003581,0.074191,0.029480,4.09,20,-0.350171,0.724973,0.524751,0.000000,0.000000,0.000000,0.000000,0.000000,0.000000,nan,nan,nan,nan,nan,nan
1779938844225510250,2026-05-28T10:27:24.225529,prediction,0.136187,0.322000,0.223640,True,0.134764,0.250809,0.252833,0.001423,0.071191,0.029193,3.91,20,-0.347841,0.717775,0.530427,0.000000,0.000000,0.000000,0.000000,0.000000,0.000000,nan,nan,nan,nan,nan,nan
1779938844258533078,2026-05-28T10:27:24.258548,prediction,0.134676,0.314000,0.223517,True,0.128407,0.234809,0.252584,0.006269,0.079191,0.029067,3.99,20,-0.343925,0.710005,0.535412,0.000000,0.000000,0.000000,0.000000,0.000000,0.000000,nan,nan,nan,nan,nan,nan
1779938844291529826,2026-05-28T10:27:24.291546,prediction,0.133138,0.306000,0.223395,True,0.129062,0.218809,0.251016,0.004075,0.087191,0.027621,3.77,20,-0.343925,0.710005,0.535412,0.000000,0.000000,0.000000,0.000000,0.000000,0.000000,nan,nan,nan,nan,nan,nan
1779938844325802947,2026-05-28T10:27:24.325823,prediction,0.133138,0.306000,0.225973,True,0.131953,0.202809,0.254310,0.001184,0.103191,0.028337,3.97,20,-0.339523,0.702288,0.539917,0.000000,0.000000,0.000000,0.000000,0.000000,0.000000,nan,nan,nan,nan,nan,nan
1779938844362259936,2026-05-28T10:27:24.362278,prediction,0.135184,0.290000,0.225755,True,0.138607,0.186809,0.255108,0.003423,0.103191,0.029353,3.77,20,-0.339523,0.702288,0.539917,0.000000,0.000000,0.000000,0.000000,0.000000,0.000000,nan,nan,nan,nan,nan,nan
1779938844394520578,2026-05-28T10:27:24.394543,prediction,0.130456,0.265000,0.225414,True,0.132383,0.170809,0.254433,0.001926,0.094191,0.029019,3.72,20,-0.334828,0.694499,0.544110,0.000000,0.000000,0.000000,0.000000,0.000000,0.000000,nan,nan,nan,nan,nan,nan
1779938844427404277,2026-05-28T10:27:24.427420,prediction,0.127687,0.244000,0.225127,True,0.128061,0.154809,0.254405,0.000374,0.089191,0.029278,3.94,20,-0.334828,0.694499,0.544110,0.000000,0.000000,0.000000,0.000000,0.000000,0.000000,nan,nan,nan,nan,nan,nan
1779938844461346783,2026-05-28T10:27:24.461362,prediction,0.123476,0.257000,0.225304,True,0.118813,0.141396,0.253148,0.004663,0.115604,0.027843,3.59,20,-0.329983,0.686657,0.548036,0.000000,0.000000,0.000000,0.000000,0.000000,0.000000,nan,nan,nan,nan,nan,nan
1779938844500043370,2026-05-28T10:27:24.500059,prediction,0.118167,0.257000,0.225304,True,0.117082,0.127638,0.253656,0.001085,0.129362,0.028351,4.66,20,-0.329983,0.686657,0.548036,0.000000,0.000000,0.000000,0.000000,0.000000,0.000000,nan,nan,nan,nan,nan,nan
1779938844533409630,2026-05-28T10:27:24.533432,prediction,0.118741,0.252000,0.225236,True,0.119954,0.117383,0.254282,0.001214,0.134617,0.029046,4.58,20,-0.325171,0.678716,0.551679,0.000000,0.000000,0.000000,0.000000,0.000000,0.000000,nan,nan,nan,nan,nan,nan
1779938844564525987,2026-05-28T10:27:24.564544,prediction,0.112412,0.261000,0.222707,True,0.108599,0.114830,0.250069,0.003813,0.146170,0.027362,4.18,20,-0.325171,0.678716,0.551679,0.000000,0.000000,0.000000,0.000000,0.000000,0.000000,nan,nan,nan,nan,nan,nan
1779938844596570238,2026-05-28T10:27:24.596588,prediction,0.112858,0.257000,0.222646,True,0.112542,0.111907,0.249144,0.000316,0.145093,0.026498,3.87,20,-0.320518,0.670511,0.555028,0.000000,0.000000,0.000000,0.000000,0.000000,0.000000,nan,nan,nan,nan,nan,nan
1779938844634388087,2026-05-28T10:27:24.634412,prediction,0.108090,0.252000,0.219903,True,0.110766,0.107944,0.243861,0.002677,0.144056,0.023957,4.06,20,-0.320518,0.670511,0.555028,0.000000,0.000000,0.000000,0.000000,0.000000,0.000000,nan,nan,nan,nan,nan,nan
1779938844665159451,2026-05-28T10:27:24.665176,prediction,0.108090,0.252000,0.219903,True,0.111405,0.106102,0.244703,0.003315,0.145898,0.024800,3.98,20,-0.316139,0.662015,0.558061,0.000000,0.000000,0.000000,0.000000,0.000000,0.000000,nan,nan,nan,nan,nan,nan
1779938844699447657,2026-05-28T10:27:24.699464,prediction,0.107238,0.235000,0.219615,True,0.110889,0.097661,0.243269,0.003651,0.137339,0.023654,3.98,20,-0.316139,0.662015,0.558061,0.000000,0.000000,0.000000,0.000000,0.000000,0.000000,nan,nan,nan,nan,nan,nan
1779938844735545032,2026-05-28T10:27:24.735562,prediction,0.106812,0.239000,0.216995,True,0.105402,0.102097,0.235279,0.001410,0.136903,0.018283,4.03,20,-0.312067,0.653347,0.560786,0.000000,0.000000,0.000000,0.000000,0.000000,0.000000,nan,nan,nan,nan,nan,nan
1779938844770842263,2026-05-28T10:27:24.770861,prediction,0.105492,0.226000,0.216754,True,0.107275,0.096324,0.234065,0.001783,0.129676,0.017312,3.93,20,-0.312067,0.653347,0.560786,0.000000,0.000000,0.000000,0.000000,0.000000,0.000000,nan,nan,nan,nan,nan,nan
1779938844805373468,2026-05-28T10:27:24.805389,prediction,0.102270,0.231000,0.214146,True,0.100336,0.104693,0.229539,0.001934,0.126307,0.015393,3.77,20,-0.308161,0.644459,0.563251,0.000000,0.000000,0.000000,0.000000,0.000000,0.000000,nan,nan,nan,nan,nan,nan
1779938844839313809,2026-05-28T10:27:24.839332,prediction,0.102317,0.204000,0.213600,True,0.104022,0.088693,0.230116,0.001705,0.115307,0.016516,4.40,20,-0.308161,0.644459,0.563251,0.000000,0.000000,0.000000,0.000000,0.000000,0.000000,nan,nan,nan,nan,nan,nan
1779938844874040669,2026-05-28T10:27:24.874056,prediction,0.100475,0.195000,0.210658,True,0.099029,0.074492,0.224643,0.001446,0.120508,0.013985,3.65,20,-0.304380,0.635453,0.565468,0.000000,0.000000,0.000000,0.000000,0.000000,0.000000,nan,nan,nan,nan,nan,nan
1779938844904558425,2026-05-28T10:27:24.904577,prediction,0.097719,0.195000,0.210658,True,0.093642,0.079043,0.223357,0.004077,0.115957,0.012699,4.01,20,-0.304380,0.635453,0.565468,0.000000,0.000000,0.000000,0.000000,0.000000,0.000000,nan,nan,nan,nan,nan,nan
1779938844938825223,2026-05-28T10:27:24.938841,prediction,0.095930,0.185000,0.207663,True,0.093904,0.075154,0.220082,0.002026,0.109846,0.012420,4.06,20,-0.300655,0.626405,0.567436,0.000000,0.000000,0.000000,0.000000,0.000000,0.000000,nan,nan,nan,nan,nan,nan
1779938844976166779,2026-05-28T10:27:24.976186,prediction,0.096317,0.181000,0.207569,True,0.093732,0.071090,0.220036,0.002584,0.109910,0.012468,4.02,20,-0.300655,0.626405,0.567436,0.000000,0.000000,0.000000,0.000000,0.000000,0.000000,nan,nan,nan,nan,nan,nan
1779938845009513815,2026-05-28T10:27:25.009534,prediction,0.093537,0.181000,0.204786,True,0.089612,0.072597,0.216512,0.003925,0.108403,0.011726,4.08,20,-0.296956,0.617275,0.569183,0.000000,0.000000,0.000000,0.000000,0.000000,0.000000,nan,nan,nan,nan,nan,nan
1779938845040656698,2026-05-28T10:27:25.040672,prediction,0.091225,0.176000,0.204660,True,0.086003,0.071374,0.215012,0.005222,0.104626,0.010352,3.83,20,-0.296956,0.617275,0.569183,0.000000,0.000000,0.000000,0.000000,0.000000,0.000000,nan,nan,nan,nan,nan,nan
1779938845073132008,2026-05-28T10:27:25.073151,prediction,0.089264,0.167000,0.201627,True,0.085941,0.064531,0.210619,0.003322,0.102469,0.008991,4.00,20,-0.293264,0.608109,0.570714,0.000000,0.000000,0.000000,0.000000,0.000000,0.000000,nan,nan,nan,nan,nan,nan
1779938845106840367,2026-05-28T10:27:25.106858,prediction,0.090182,0.157000,0.201360,True,0.087430,0.058577,0.210550,0.002752,0.098423,0.009190,3.77,20,-0.293264,0.608109,0.570714,0.000000,0.000000,0.000000,0.000000,0.000000,0.000000,nan,nan,nan,nan,nan,nan
1779938845141791681,2026-05-28T10:27:25.141813,prediction,0.087814,0.152000,0.198395,True,0.082726,0.055444,0.206688,0.005087,0.096556,0.008293,4.07,20,-0.289564,0.598918,0.572044,0.000000,0.000000,0.000000,0.000000,0.000000,0.000000,nan,nan,nan,nan,nan,nan
1779938845174452162,2026-05-28T10:27:25.174470,prediction,0.088625,0.143000,0.195293,True,0.084637,0.050016,0.202919,0.003988,0.092984,0.007626,3.98,20,-0.289564,0.598918,0.572044,0.000000,0.000000,0.000000,0.000000,0.000000,0.000000,nan,nan,nan,nan,nan,nan
1779938845208834981,2026-05-28T10:27:25.208850,prediction,0.086226,0.138000,0.195143,True,0.082242,0.047311,0.202637,0.003984,0.090689,0.007494,4.12,20,-0.285823,0.589683,0.573182,0.000000,0.000000,0.000000,0.000000,0.000000,0.000000,nan,nan,nan,nan,nan,nan
1779938845240307908,2026-05-28T10:27:25.240339,prediction,0.087111,0.128000,0.194842,True,0.084644,0.036496,0.203687,0.002467,0.091504,0.008845,3.98,20,-0.285823,0.589683,0.573182,0.000000,0.000000,0.000000,0.000000,0.000000,0.000000,nan,nan,nan,nan,nan,nan
1779938845270456613,2026-05-28T10:27:25.270477,prediction,0.083376,0.138000,0.189435,True,0.079673,0.045199,0.195724,0.003703,0.092801,0.006288,3.94,20,-0.282089,0.580503,0.574129,0.000000,0.000000,0.000000,0.000000,0.000000,0.000000,nan,nan,nan,nan,nan,nan
1779938845306112526,2026-05-28T10:27:25.306132,prediction,0.083810,0.133000,0.189269,True,0.082811,0.044918,0.196100,0.000999,0.088082,0.006832,3.96,20,-0.282089,0.580503,0.574129,0.000000,0.000000,0.000000,0.000000,0.000000,0.000000,nan,nan,nan,nan,nan,nan
1779938845349247588,2026-05-28T10:27:25.349263,prediction,0.083810,0.133000,0.186407,True,0.084180,0.042893,0.193100,0.000369,0.090107,0.006694,3.94,20,-0.278322,0.571247,0.574906,0.000000,0.000000,0.000000,0.000000,0.000000,0.000000,nan,nan,nan,nan,nan,nan
1779938845379272554,2026-05-28T10:27:25.379290,prediction,0.083810,0.133000,0.186407,True,0.083877,0.044852,0.193684,0.000067,0.088148,0.007277,4.03,20,-0.278322,0.571247,0.574906,0.000000,0.000000,0.000000,0.000000,0.000000,0.000000,nan,nan,nan,nan,nan,nan
1779938845415989672,2026-05-28T10:27:25.416020,prediction,0.080100,0.143000,0.183911,True,0.079034,0.060830,0.189038,0.001067,0.082170,0.005127,3.51,20,-0.274574,0.562000,0.575516,0.000000,0.000000,0.000000,0.000000,0.000000,0.000000,nan,nan,nan,nan,nan,nan
1779938845452175705,2026-05-28T10:27:25.452193,prediction,0.080100,0.143000,0.181065,True,0.081057,0.071568,0.184366,0.000957,0.071432,0.003301,3.69,20,-0.274574,0.562000,0.575516,0.000000,0.000000,0.000000,0.000000,0.000000,0.000000,nan,nan,nan,nan,nan,nan
1779938845488570340,2026-05-28T10:27:25.488600,prediction,0.078512,0.128000,0.180491,True,0.083320,0.061128,0.184506,0.004808,0.066872,0.004015,3.94,20,-0.270825,0.552724,0.576046,0.000000,0.000000,0.000000,0.000000,0.000000,0.000000,nan,nan,nan,nan,nan,nan
1779938845519720809,2026-05-28T10:27:25.519736,prediction,0.075236,0.133000,0.174958,True,0.077740,0.064510,0.177438,0.002504,0.068490,0.002479,4.19,20,-0.267097,0.543483,0.576408,0.000000,0.000000,0.000000,0.000000,0.000000,0.000000,nan,nan,nan,nan,nan,nan
1779938845564365164,2026-05-28T10:27:25.564382,prediction,0.075236,0.133000,0.172096,True,0.078586,0.075866,0.172783,0.003350,0.057134,0.000686,3.87,20,-0.267097,0.543483,0.576408,0.000000,0.000000,0.000000,0.000000,0.000000,0.000000,nan,nan,nan,nan,nan,nan
1779938845595956251,2026-05-28T10:27:25.595985,prediction,0.071977,0.138000,0.166605,True,0.076769,0.086477,0.164848,0.004793,0.051523,0.001757,3.98,20,-0.263328,0.534174,0.576586,0.000000,0.000000,0.000000,0.000000,0.000000,0.000000,nan,nan,nan,nan,nan,nan
1779938845632580007,2026-05-28T10:27:25.632613,prediction,0.069914,0.128000,0.160399,True,0.076512,0.081491,0.158891,0.006598,0.046509,0.001508,5.76,20,-0.263328,0.534174,0.576586,0.000000,0.000000,0.000000,0.000000,0.000000,0.000000,nan,nan,nan,nan,nan,nan
1779938845690553893,2026-05-28T10:27:25.690574,prediction,0.070307,0.123000,0.157272,True,0.074526,0.076730,0.154856,0.004219,0.046270,0.002416,5.87,20,-0.259529,0.524888,0.576539,0.000000,0.000000,0.000000,0.000000,0.000000,0.000000,nan,nan,nan,nan,nan,nan
1779938845725976316,2026-05-28T10:27:25.726006,prediction,0.068203,0.113000,0.153863,True,0.071455,0.075214,0.149364,0.003253,0.037786,0.004499,6.37,20,-0.255735,0.515676,0.576366,0.000000,0.000000,0.000000,0.000000,0.000000,0.000000,nan,nan,nan,nan,nan,nan
1779938845764703473,2026-05-28T10:27:25.764730,prediction,0.062421,0.113000,0.150968,True,0.066578,0.077462,0.144566,0.004157,0.035538,0.006402,4.47,20,-0.255735,0.515676,0.576366,0.000000,0.000000,0.000000,0.000000,0.000000,0.000000,nan,nan,nan,nan,nan,nan
1779938845801149374,2026-05-28T10:27:25.801172,prediction,0.062421,0.113000,0.150968,True,0.066874,0.077176,0.145308,0.004453,0.035824,0.005660,4.62,20,-0.251842,0.506468,0.575911,0.000000,0.000000,0.000000,0.000000,0.000000,0.000000,nan,nan,nan,nan,nan,nan
1779938845835725233,2026-05-28T10:27:25.835741,prediction,0.059891,0.108000,0.147791,True,0.065044,0.072570,0.143208,0.005154,0.035430,0.004584,4.17,20,-0.251842,0.506468,0.575911,0.000000,0.000000,0.000000,0.000000,0.000000,0.000000,nan,nan,nan,nan,nan,nan
1779938845872712149,2026-05-28T10:27:25.872746,prediction,0.056639,0.113000,0.145178,True,0.060969,0.077208,0.139478,0.004330,0.035792,0.005700,4.40,20,-0.247846,0.497346,0.575154,0.000000,0.000000,0.000000,0.000000,0.000000,0.000000,nan,nan,nan,nan,nan,nan
1779938845910088107,2026-05-28T10:27:25.910116,prediction,0.058119,0.092000,0.143960,True,0.062412,0.064419,0.139402,0.004293,0.027581,0.004558,6.21,20,-0.247846,0.497346,0.575154,0.000000,0.000000,0.000000,0.000000,0.000000,0.000000,nan,nan,nan,nan,nan,nan
1779938845954543737,2026-05-28T10:27:25.954567,prediction,0.054437,0.103000,0.141687,True,0.058627,0.067100,0.136977,0.004191,0.035900,0.004710,4.11,20,-0.243706,0.488330,0.574083,0.000000,0.000000,0.000000,0.000000,0.000000,0.000000,nan,nan,nan,nan,nan,nan
1779938845994046810,2026-05-28T10:27:25.994072,prediction,0.054437,0.103000,0.141687,True,0.059130,0.072478,0.138744,0.004693,0.030522,0.002943,5.25,20,-0.239464,0.479331,0.572838,0.000000,0.000000,0.000000,0.000000,0.000000,0.000000,nan,nan,nan,nan,nan,nan
1779938846034184001,2026-05-28T10:27:26.034210,prediction,0.052268,0.092000,0.135172,True,0.058426,0.066184,0.133521,0.006158,0.025816,0.001651,4.78,20,-0.239464,0.479331,0.572838,0.000000,0.000000,0.000000,0.000000,0.000000,0.000000,nan,nan,nan,nan,nan,nan
1779938846077769754,2026-05-28T10:27:26.077794,prediction,0.051529,0.103000,0.135864,True,0.056246,0.070464,0.133559,0.004717,0.032536,0.002305,4.10,20,-0.235085,0.470494,0.571275,0.000000,0.000000,0.000000,0.000000,0.000000,0.000000,nan,nan,nan,nan,nan,nan
1779938846117342850,2026-05-28T10:27:26.117365,prediction,0.048950,0.098000,0.132630,True,0.055153,0.071031,0.132404,0.006204,0.026969,0.000226,4.43,20,-0.235085,0.470494,0.571275,0.000000,0.000000,0.000000,0.000000,0.000000,0.000000,nan,nan,nan,nan,nan,nan
1779938846157007219,2026-05-28T10:27:26.157029,prediction,0.044115,0.082000,0.128651,True,0.051720,0.063463,0.128537,0.007606,0.018537,0.000114,3.92,20,-0.230529,0.461714,0.569389,0.000000,0.000000,0.000000,0.000000,0.000000,0.000000,nan,nan,nan,nan,nan,nan
1779938846197533777,2026-05-28T10:27:26.197550,prediction,0.044426,0.077000,0.128320,True,0.051272,0.055110,0.127881,0.006845,0.021890,0.000440,4.32,20,-0.225962,0.453112,0.567383,0.000000,0.000000,0.000000,0.000000,0.000000,0.000000,nan,nan,nan,nan,nan,nan
1779938846240963019,2026-05-28T10:27:26.240980,prediction,0.044738,0.072000,0.122064,True,0.052553,0.050076,0.121765,0.007815,0.021924,0.000300,4.07,20,-0.225962,0.453112,0.567383,0.000000,0.000000,0.000000,0.000000,0.000000,0.000000,nan,nan,nan,nan,nan,nan
1779938846275975373,2026-05-28T10:27:26.275994,prediction,0.042446,0.061000,0.118320,True,0.052960,0.042079,0.117130,0.010513,0.018921,0.001190,3.87,20,-0.221278,0.444607,0.565135,0.000000,0.000000,0.000000,0.000000,0.000000,0.000000,nan,nan,nan,nan,nan,nan
1779938846313216686,2026-05-28T10:27:26.313240,prediction,0.038232,0.082000,0.113922,True,0.052680,0.053264,0.111414,0.014449,0.028736,0.002508,3.91,20,-0.221278,0.444607,0.565135,0.000000,0.000000,0.000000,0.000000,0.000000,0.000000,nan,nan,nan,nan,nan,nan
1779938846347859064,2026-05-28T10:27:26.347877,prediction,0.037288,0.098000,0.115113,True,0.054203,0.069264,0.113866,0.016915,0.028736,0.001247,4.10,20,-0.216524,0.436137,0.562654,0.000000,0.000000,0.000000,0.000000,0.000000,0.000000,nan,nan,nan,nan,nan,nan
1779938846379961933,2026-05-28T10:27:26.379982,prediction,0.035863,0.072000,0.110215,True,0.054262,0.059230,0.111835,0.018399,0.012770,0.001620,4.29,20,-0.216524,0.436137,0.562654,0.000000,0.000000,0.000000,0.000000,0.000000,0.000000,nan,nan,nan,nan,nan,nan
1779938846411018346,2026-05-28T10:27:26.411039,prediction,0.036207,0.066000,0.103815,True,0.054257,0.047780,0.104396,0.018050,0.018220,0.000581,3.63,20,-0.211799,0.427733,0.559994,0.000000,0.000000,0.000000,0.000000,0.000000,0.000000,nan,nan,nan,nan,nan,nan
1779938846445665147,2026-05-28T10:27:26.445686,prediction,0.032627,0.077000,0.101734,True,0.055057,0.059188,0.101101,0.022431,0.017812,0.000632,3.70,20,-0.211799,0.427733,0.559994,0.000000,0.000000,0.000000,0.000000,0.000000,0.000000,nan,nan,nan,nan,nan,nan
1779938846481607761,2026-05-28T10:27:26.481641,prediction,0.033518,0.061000,0.100438,True,0.057084,0.055316,0.101292,0.023566,0.005684,0.000854,3.93,20,-0.207132,0.419394,0.557118,0.000000,0.000000,0.000000,0.000000,0.000000,0.000000,nan,nan,nan,nan,nan,nan
1779938846519850783,2026-05-28T10:27:26.519872,prediction,0.033239,0.066000,0.097871,True,0.058239,0.049735,0.098414,0.025000,0.016265,0.000544,3.98,20,-0.202485,0.411055,0.554114,0.000000,0.000000,0.000000,0.000000,0.000000,0.000000,nan,nan,nan,nan,nan,nan
1779938846551673371,2026-05-28T10:27:26.551697,prediction,0.034409,0.045000,0.093128,True,0.059501,0.034280,0.093937,0.025092,0.010720,0.000809,3.88,20,-0.202485,0.411055,0.554114,0.000000,0.000000,0.000000,0.000000,0.000000,0.000000,nan,nan,nan,nan,nan,nan
1779938846592308705,2026-05-28T10:27:26.592329,prediction,0.033796,0.056000,0.091067,True,0.061024,0.035968,0.089000,0.027228,0.020032,0.002067,3.77,20,-0.197942,0.402753,0.550840,0.000000,0.000000,0.000000,0.000000,0.000000,0.000000,nan,nan,nan,nan,nan,nan
1779938846626712359,2026-05-28T10:27:26.626728,prediction,0.031406,0.045000,0.087115,True,0.063215,0.032175,0.086111,0.031809,0.012826,0.001005,3.62,20,-0.197942,0.402753,0.550840,0.000000,0.000000,0.000000,0.000000,0.000000,0.000000,nan,nan,nan,nan,nan,nan
1779938846670187252,2026-05-28T10:27:26.670208,prediction,0.030812,0.056000,0.082102,True,0.065755,0.034545,0.080397,0.034943,0.021455,0.001704,3.61,20,-0.193563,0.394499,0.547265,0.000000,0.000000,0.000000,0.000000,0.000000,0.000000,nan,nan,nan,nan,nan,nan
1779938846706277049,2026-05-28T10:27:26.706295,prediction,0.028142,0.050000,0.072561,True,0.069716,0.031062,0.071224,0.041574,0.018938,0.001337,3.73,20,-0.193563,0.394499,0.547265,0.000000,0.000000,0.000000,0.000000,0.000000,0.000000,nan,nan,nan,nan,nan,nan
1779938846737527084,2026-05-28T10:27:26.737549,prediction,0.024335,0.066000,0.068150,True,0.072962,0.039652,0.064723,0.048627,0.026348,0.003427,4.03,20,-0.189462,0.386273,0.543350,0.000000,0.000000,0.000000,0.000000,0.000000,0.000000,nan,nan,nan,nan,nan,nan
1779938846768531952,2026-05-28T10:27:26.768570,prediction,0.018399,0.066000,0.062205,True,0.075678,0.047584,0.059434,0.057279,0.018416,0.002771,4.20,20,-0.189462,0.386273,0.543350,0.000000,0.000000,0.000000,0.000000,0.000000,0.000000,nan,nan,nan,nan,nan,nan
1779938846798846495,2026-05-28T10:27:26.798869,prediction,0.015890,0.056000,0.058193,True,0.077648,0.042133,0.056100,0.061758,0.013867,0.002093,3.80,20,-0.185715,0.378069,0.539015,0.000000,0.000000,0.000000,0.000000,0.000000,0.000000,nan,nan,nan,nan,nan,nan
1779938846835252842,2026-05-28T10:27:26.835272,prediction,0.016394,0.045000,0.054043,True,0.081346,0.030899,0.051441,0.064951,0.014101,0.002602,5.06,20,-0.185715,0.378069,0.539015,0.000000,0.000000,0.000000,0.000000,0.000000,0.000000,nan,nan,nan,nan,nan,nan
1779938846868651693,2026-05-28T10:27:26.868668,prediction,0.015890,0.056000,0.052216,True,0.087169,0.037396,0.047960,0.071279,0.018604,0.004257,4.29,20,-0.182346,0.369954,0.534251,0.000000,0.000000,0.000000,0.000000,0.000000,0.000000,nan,nan,nan,nan,nan,nan
1779938846898879763,2026-05-28T10:27:26.898899,prediction,0.019397,0.045000,0.048029,True,0.091253,0.034250,0.044292,0.071856,0.010750,0.003737,4.05,20,-0.182346,0.369954,0.534251,0.000000,0.000000,0.000000,0.000000,0.000000,0.000000,nan,nan,nan,nan,nan,nan
1779938846931408522,2026-05-28T10:27:26.931466,prediction,0.019159,0.050000,0.045576,True,0.093332,0.029487,0.041295,0.074173,0.020513,0.004281,4.07,20,-0.179431,0.361970,0.529004,0.000000,0.000000,0.000000,0.000000,0.000000,0.000000,nan,nan,nan,nan,nan,nan
1779938846963541322,2026-05-28T10:27:26.963559,prediction,0.019159,0.050000,0.039579,True,0.094843,0.027840,0.035851,0.075684,0.022160,0.003728,3.81,20,-0.179431,0.361970,0.529004,0.000000,0.000000,0.000000,0.000000,0.000000,0.000000,nan,nan,nan,nan,nan,nan
1779938847000589903,2026-05-28T10:27:27.000608,prediction,0.018637,0.061000,0.034871,True,0.097746,0.037679,0.030027,0.079109,0.023321,0.004843,4.66,20,-0.177040,0.354120,0.523318,0.000000,0.000000,0.000000,0.000000,0.000000,0.000000,nan,nan,nan,nan,nan,nan
1779938847033699405,2026-05-28T10:27:27.033716,prediction,0.018114,0.072000,0.030235,True,0.101470,0.048539,0.025295,0.083355,0.023461,0.004940,4.06,20,-0.177040,0.354120,0.523318,0.000000,0.000000,0.000000,0.000000,0.000000,0.000000,nan,nan,nan,nan,nan,nan
1779938847071280427,2026-05-28T10:27:27.071296,prediction,0.018637,0.061000,0.025930,True,0.100645,0.042559,0.022997,0.082008,0.018441,0.002933,3.99,20,-0.175215,0.346451,0.517193,0.000000,0.000000,0.000000,0.000000,0.000000,0.000000,nan,nan,nan,nan,nan,nan
1779938847103571985,2026-05-28T10:27:27.103590,prediction,0.017639,0.082000,0.019656,True,0.101560,0.052340,0.015827,0.083920,0.029660,0.003829,3.89,20,-0.175215,0.346451,0.517193,0.000000,0.000000,0.000000,0.000000,0.000000,0.000000,nan,nan,nan,nan,nan,nan
1779938847138947066,2026-05-28T10:27:27.138968,prediction,0.018114,0.072000,0.015424,True,0.102782,0.053180,0.012541,0.084667,0.018820,0.002883,3.70,20,-0.173913,0.338918,0.510515,0.000000,0.000000,0.000000,0.000000,0.000000,0.000000,nan,nan,nan,nan,nan,nan
1779938847175003134,2026-05-28T10:27:27.175025,prediction,0.017639,0.082000,0.010819,True,0.104807,0.057771,0.007551,0.087167,0.024229,0.003268,5.25,20,-0.173913,0.338918,0.510515,0.000000,0.000000,0.000000,0.000000,0.000000,0.000000,nan,nan,nan,nan,nan,nan
1779938847208044713,2026-05-28T10:27:27.208066,prediction,0.018399,0.066000,0.002763,True,0.107217,0.049583,0.001671,0.088817,0.016417,0.001093,4.01,20,-0.173204,0.332506,0.502973,0.000000,0.000000,0.000000,0.000000,0.000000,0.000000,nan,nan,nan,nan,nan,nan
1779938847240468522,2026-05-28T10:27:27.240490,prediction,0.017877,0.077000,0.004251,True,0.108462,0.052024,0.000962,0.090585,0.024976,0.003289,3.82,20,-0.173204,0.332506,0.502973,0.000000,0.000000,0.000000,0.000000,0.000000,0.000000,nan,nan,nan,nan,nan,nan
1779938847274994687,2026-05-28T10:27:27.275021,prediction,0.015661,0.061000,-0.000893,True,0.110818,0.045844,-0.001236,0.095157,0.015156,0.000343,3.73,20,-0.172480,0.327138,0.494607,0.000000,0.000000,0.000000,0.000000,0.000000,0.000000,nan,nan,nan,nan,nan,nan
1779938847309498951,2026-05-28T10:27:27.309520,prediction,0.014239,0.092000,0.000420,True,0.112835,0.061844,-0.001643,0.098596,0.030156,0.002063,4.04,20,-0.172480,0.327138,0.494607,0.000000,0.000000,0.000000,0.000000,0.000000,0.000000,nan,nan,nan,nan,nan,nan
1779938847347197152,2026-05-28T10:27:27.347219,prediction,0.012198,0.072000,-0.005312,True,0.111980,0.058052,-0.002334,0.099781,0.013948,0.002978,4.07,20,-0.171755,0.321770,0.486240,0.000000,0.000000,0.000000,0.000000,0.000000,0.000000,nan,nan,nan,nan,nan,nan
1779938847386020108,2026-05-28T10:27:27.386041,prediction,0.011535,0.087000,-0.003210,True,0.110860,0.061360,-0.000827,0.099325,0.025640,0.002383,4.00,20,-0.171755,0.321770,0.486240,0.000000,0.000000,0.000000,0.000000,0.000000,0.000000,nan,nan,nan,nan,nan,nan
1779938847424873960,2026-05-28T10:27:27.424896,prediction,0.012198,0.072000,-0.008274,True,0.111775,0.057697,-0.002679,0.099576,0.014303,0.005595,3.96,20,-0.171024,0.316348,0.477792,0.000000,0.000000,0.000000,0.000000,0.000000,0.000000,nan,nan,nan,nan,nan,nan
1779938847458651738,2026-05-28T10:27:27.458668,prediction,0.012198,0.072000,-0.008274,True,0.113852,0.053976,-0.003194,0.101654,0.018024,0.005080,4.05,20,-0.170297,0.310959,0.469393,0.000000,0.000000,0.000000,0.000000,0.000000,0.000000,nan,nan,nan,nan,nan,nan
1779938847496674305,2026-05-28T10:27:27.496689,prediction,0.011977,0.077000,-0.010519,True,0.117388,0.055655,-0.004872,0.105411,0.021345,0.005647,3.98,20,-0.170297,0.310959,0.469393,0.000000,0.000000,0.000000,0.000000,0.000000,0.000000,nan,nan,nan,nan,nan,nan
1779938847537249789,2026-05-28T10:27:27.537275,prediction,0.008814,0.082000,-0.009802,True,0.118137,0.057882,-0.002313,0.109323,0.024118,0.007489,3.94,20,-0.169575,0.305605,0.461049,0.000000,0.000000,0.000000,0.000000,0.000000,0.000000,nan,nan,nan,nan,nan,nan
1779938847570004544,2026-05-28T10:27:27.570022,prediction,0.009240,0.072000,-0.011236,True,0.118500,0.049085,-0.001074,0.109260,0.022915,0.010162,4.73,20,-0.169575,0.305605,0.461049,0.000000,0.000000,0.000000,0.000000,0.000000,0.000000,nan,nan,nan,nan,nan,nan
1779938847602163935,2026-05-28T10:27:27.602179,prediction,0.009921,0.056000,-0.013531,True,0.120275,0.034690,-0.001857,0.110354,0.021310,0.011675,3.69,20,-0.168848,0.300213,0.452646,0.000000,0.000000,0.000000,0.000000,0.000000,0.000000,nan,nan,nan,nan,nan,nan
1779938847636092371,2026-05-28T10:27:27.636118,prediction,0.010389,0.045000,-0.015109,True,0.124343,0.022164,-0.003185,0.113954,0.022836,0.011924,4.42,20,-0.168848,0.300213,0.452646,0.000000,0.000000,0.000000,0.000000,0.000000,0.000000,nan,nan,nan,nan,nan,nan
1779938847670794232,2026-05-28T10:27:27.670815,prediction,0.009708,0.061000,-0.015795,True,0.130290,0.030787,-0.004538,0.120582,0.030213,0.011256,4.12,20,-0.168121,0.294823,0.444246,0.000000,0.000000,0.000000,0.000000,0.000000,0.000000,nan,nan,nan,nan,nan,nan
1779938847705364844,2026-05-28T10:27:27.705387,prediction,0.009921,0.056000,-0.016520,True,0.130614,0.030322,-0.003230,0.120692,0.025678,0.013290,3.95,20,-0.168121,0.294823,0.444246,0.000000,0.000000,0.000000,0.000000,0.000000,0.000000,nan,nan,nan,nan,nan,nan
1779938847736841554,2026-05-28T10:27:27.736862,prediction,0.009708,0.061000,-0.015795,True,0.131558,0.025195,-0.001200,0.121850,0.035805,0.014595,4.08,20,-0.167396,0.289450,0.435873,0.000000,0.000000,0.000000,0.000000,0.000000,0.000000,nan,nan,nan,nan,nan,nan
1779938847769996399,2026-05-28T10:27:27.770017,prediction,0.009921,0.056000,-0.016520,True,0.131260,0.021406,-0.000846,0.121339,0.034593,0.015674,4.18,20,-0.167396,0.289450,0.435873,0.000000,0.000000,0.000000,0.000000,0.000000,0.000000,nan,nan,nan,nan,nan,nan
1779938847805139632,2026-05-28T10:27:27.805157,prediction,0.009921,0.056000,-0.016520,True,0.133426,0.019949,-0.000272,0.123505,0.036051,0.016248,4.06,20,-0.166669,0.284053,0.427462,0.000000,0.000000,0.000000,0.000000,0.000000,0.000000,nan,nan,nan,nan,nan,nan
1779938847839260441,2026-05-28T10:27:27.839282,prediction,0.009921,0.056000,-0.016520,True,0.134554,0.021581,0.000235,0.124633,0.034419,0.016755,4.41,20,-0.166669,0.284053,0.427462,0.000000,0.000000,0.000000,0.000000,0.000000,0.000000,nan,nan,nan,nan,nan,nan
1779938847873969960,2026-05-28T10:27:27.873992,prediction,0.009495,0.066000,-0.015069,True,0.135253,0.026587,0.002834,0.125757,0.039413,0.017903,3.98,20,-0.165941,0.278661,0.419058,0.000000,0.000000,0.000000,0.000000,0.000000,0.000000,nan,nan,nan,nan,nan,nan
1779938847906794203,2026-05-28T10:27:27.906810,prediction,0.009495,0.066000,-0.015069,True,0.132913,0.027109,0.004393,0.123417,0.038891,0.019462,3.92,20,-0.165941,0.278661,0.419058,0.000000,0.000000,0.000000,0.000000,0.000000,0.000000,nan,nan,nan,nan,nan,nan
1779938847937118005,2026-05-28T10:27:27.937139,prediction,0.009921,0.056000,-0.016520,True,0.131151,0.018851,0.004374,0.121229,0.037149,0.020894,3.72,20,-0.165218,0.273295,0.410696,0.000000,0.000000,0.000000,0.000000,0.000000,0.000000,nan,nan,nan,nan,nan,nan
1779938847967840752,2026-05-28T10:27:27.967862,prediction,0.009921,0.056000,-0.016520,True,0.130147,0.018768,0.003319,0.120226,0.037232,0.019839,3.96,20,-0.165218,0.273295,0.410696,0.000000,0.000000,0.000000,0.000000,0.000000,0.000000,nan,nan,nan,nan,nan,nan
1779938848003985081,2026-05-28T10:27:28.004007,prediction,0.009708,0.061000,-0.015795,True,0.131236,0.023995,0.004523,0.121527,0.037005,0.020317,3.76,20,-0.165954,0.268738,0.403733,0.000000,0.000000,0.000000,0.000000,0.000000,0.000000,nan,nan,nan,nan,nan,nan
1779938848034752686,2026-05-28T10:27:28.034774,prediction,0.009708,0.061000,-0.015795,True,0.130049,0.027064,0.005327,0.120340,0.033936,0.021122,4.17,20,-0.165954,0.268738,0.403733,0.000000,0.000000,0.000000,0.000000,0.000000,0.000000,nan,nan,nan,nan,nan,nan
1779938848065852571,2026-05-28T10:27:28.065876,prediction,0.009495,0.066000,-0.015069,True,0.129669,0.028686,0.006323,0.120173,0.037314,0.021392,3.91,20,-0.168497,0.264485,0.398057,0.000000,0.000000,0.000000,0.000000,0.000000,0.000000,nan,nan,nan,nan,nan,nan
1779938848096079554,2026-05-28T10:27:28.096104,prediction,0.010177,0.050000,-0.017390,True,0.128185,0.019101,0.005682,0.118009,0.030899,0.023073,3.74,20,-0.168497,0.264485,0.398057,0.000000,0.000000,0.000000,0.000000,0.000000,0.000000,nan,nan,nan,nan,nan,nan
1779938848135218638,2026-05-28T10:27:28.135235,prediction,0.009240,0.072000,-0.014199,True,0.127596,0.032611,0.006616,0.118356,0.039389,0.020815,4.25,20,-0.172852,0.260313,0.393638,0.000000,0.000000,0.000000,0.000000,0.000000,0.000000,nan,nan,nan,nan,nan,nan
1779938848182948433,2026-05-28T10:27:28.182972,prediction,0.009495,0.066000,-0.015069,True,0.125060,0.037797,0.007468,0.115564,0.028203,0.022537,4.42,20,-0.172852,0.260313,0.393638,0.000000,0.000000,0.000000,0.000000,0.000000,0.000000,nan,nan,nan,nan,nan,nan
1779938848215103420,2026-05-28T10:27:28.215126,prediction,0.009240,0.072000,-0.014199,True,0.123216,0.039663,0.007937,0.113976,0.032337,0.022135,4.03,20,-0.179076,0.256038,0.390444,0.000000,0.000000,0.000000,0.000000,0.000000,0.000000,nan,nan,nan,nan,nan,nan
1779938848259110429,2026-05-28T10:27:28.259126,prediction,0.009027,0.077000,-0.013473,True,0.122217,0.042988,0.008616,0.113190,0.034012,0.022089,3.80,20,-0.186960,0.251878,0.388719,0.000000,0.000000,0.000000,0.000000,0.000000,0.000000,nan,nan,nan,nan,nan,nan
1779938848292545920,2026-05-28T10:27:28.292570,prediction,0.009027,0.077000,-0.013473,True,0.121110,0.045183,0.009119,0.112083,0.031817,0.022592,4.43,20,-0.186960,0.251878,0.388719,0.000000,0.000000,0.000000,0.000000,0.000000,0.000000,nan,nan,nan,nan,nan,nan
1779938848324894743,2026-05-28T10:27:28.324918,prediction,0.009708,0.061000,-0.015795,True,0.119420,0.038119,0.006933,0.109711,0.022881,0.022728,4.95,20,-0.195308,0.247987,0.389154,0.000000,0.000000,0.000000,0.000000,0.000000,0.000000,nan,nan,nan,nan,nan,nan
1779938848356620039,2026-05-28T10:27:28.356635,prediction,0.008814,0.082000,-0.012748,True,0.119175,0.049005,0.007540,0.110360,0.032995,0.020288,4.84,20,-0.195308,0.247987,0.389154,0.000000,0.000000,0.000000,0.000000,0.000000,0.000000,nan,nan,nan,nan,nan,nan
1779938848388933220,2026-05-28T10:27:28.388953,prediction,0.009027,0.077000,-0.013473,True,0.117650,0.052167,0.008144,0.108623,0.024833,0.021617,4.80,20,-0.202009,0.245358,0.390391,0.000000,0.000000,0.000000,0.000000,0.000000,0.000000,nan,nan,nan,nan,nan,nan
1779938848423150940,2026-05-28T10:27:28.423166,prediction,0.009240,0.072000,-0.014199,True,0.116435,0.046637,0.007340,0.107195,0.025363,0.021538,3.91,20,-0.202009,0.245358,0.390391,0.000000,0.000000,0.000000,0.000000,0.000000,0.000000,nan,nan,nan,nan,nan,nan
1779938848458194304,2026-05-28T10:27:28.458215,prediction,0.009027,0.077000,-0.013473,True,0.116815,0.046403,0.006733,0.107788,0.030597,0.020206,4.80,20,-0.207065,0.244231,0.391547,0.000000,0.000000,0.000000,0.000000,0.000000,0.000000,nan,nan,nan,nan,nan,nan
1779938848488630515,2026-05-28T10:27:28.488645,prediction,0.009240,0.072000,-0.014199,True,0.117205,0.044212,0.006596,0.107965,0.027788,0.020795,3.47,20,-0.207065,0.244231,0.391547,0.000000,0.000000,0.000000,0.000000,0.000000,0.000000,nan,nan,nan,nan,nan,nan
1779938848521109327,2026-05-28T10:27:28.521125,prediction,0.009495,0.066000,-0.015069,True,0.117334,0.039644,0.005317,0.107838,0.026356,0.020386,4.00,20,-0.210534,0.244646,0.392532,0.000000,0.000000,0.000000,0.000000,0.000000,0.000000,nan,nan,nan,nan,nan,nan
1779938848554430717,2026-05-28T10:27:28.554447,prediction,0.009495,0.066000,-0.015069,True,0.118784,0.036416,0.004757,0.109289,0.029584,0.019826,3.94,20,-0.210534,0.244646,0.392532,0.000000,0.000000,0.000000,0.000000,0.000000,0.000000,nan,nan,nan,nan,nan,nan
1779938848588029234,2026-05-28T10:27:28.588050,prediction,0.009240,0.072000,-0.014199,True,0.120871,0.038469,0.005385,0.111631,0.033531,0.019584,3.97,20,-0.212199,0.246347,0.393297,0.000000,0.000000,0.000000,0.000000,0.000000,0.000000,nan,nan,nan,nan,nan,nan
1779938848619260924,2026-05-28T10:27:28.619280,prediction,0.009027,0.077000,-0.013473,True,0.121946,0.042426,0.006364,0.112919,0.034574,0.019837,3.58,20,-0.212199,0.246347,0.393297,0.000000,0.000000,0.000000,0.000000,0.000000,0.000000,nan,nan,nan,nan,nan,nan
1779938848650209519,2026-05-28T10:27:28.650226,prediction,0.009027,0.077000,-0.013473,True,0.121147,0.041799,0.006795,0.112120,0.035201,0.020269,4.16,20,-0.212199,0.246347,0.393297,0.000000,0.000000,0.000000,0.000000,0.000000,0.000000,nan,nan,nan,nan,nan,nan
1779938848684800361,2026-05-28T10:27:28.684822,prediction,0.009240,0.072000,-0.014199,True,0.120335,0.036762,0.006406,0.111095,0.035238,0.020605,3.90,20,-0.211770,0.248723,0.393839,0.000000,0.000000,0.000000,0.000000,0.000000,0.000000,nan,nan,nan,nan,nan,nan
1779938848722973261,2026-05-28T10:27:28.722989,prediction,0.009240,0.072000,-0.014199,True,0.120623,0.035673,0.005985,0.111383,0.036327,0.020184,4.27,20,-0.209127,0.251316,0.394218,0.000000,0.000000,0.000000,0.000000,0.000000,0.000000,nan,nan,nan,nan,nan,nan
1779938848764882216,2026-05-28T10:27:28.764913,prediction,0.009240,0.072000,-0.011236,True,0.120536,0.035604,0.009192,0.111296,0.036397,0.020429,3.83,20,-0.209127,0.251316,0.394218,0.000000,0.000000,0.000000,0.000000,0.000000,0.000000,nan,nan,nan,nan,nan,nan
1779938848800115325,2026-05-28T10:27:28.800135,prediction,0.009921,0.056000,-0.013531,True,0.118998,0.026986,0.008602,0.109077,0.029014,0.022134,4.24,20,-0.204218,0.253886,0.394478,0.000000,0.000000,0.000000,0.000000,0.000000,0.000000,nan,nan,nan,nan,nan,nan
1779938848830947295,2026-05-28T10:27:28.830969,prediction,0.009495,0.066000,-0.012097,True,0.120712,0.026831,0.008360,0.111216,0.039169,0.020457,4.04,20,-0.204218,0.253886,0.394478,0.000000,0.000000,0.000000,0.000000,0.000000,0.000000,nan,nan,nan,nan,nan,nan
1779938848862346394,2026-05-28T10:27:28.862367,prediction,0.009495,0.066000,-0.012097,True,0.121780,0.029627,0.008992,0.112284,0.036373,0.021089,3.68,20,-0.197154,0.256273,0.394640,0.000000,0.000000,0.000000,0.000000,0.000000,0.000000,nan,nan,nan,nan,nan,nan
1779938848900173747,2026-05-28T10:27:28.900195,prediction,0.009495,0.066000,-0.015069,True,0.122952,0.029956,0.006659,0.113456,0.036044,0.021728,3.90,20,-0.197154,0.256273,0.394640,0.000000,0.000000,0.000000,0.000000,0.000000,0.000000,nan,nan,nan,nan,nan,nan
1779938848935172486,2026-05-28T10:27:28.935196,prediction,0.009027,0.077000,-0.013473,True,0.123818,0.035666,0.007055,0.114791,0.041334,0.020528,3.94,20,-0.187933,0.258326,0.394678,0.000000,0.000000,0.000000,0.000000,0.000000,0.000000,nan,nan,nan,nan,nan,nan
1779938848973842934,2026-05-28T10:27:28.973860,prediction,0.009240,0.072000,-0.014199,True,0.123340,0.032835,0.007915,0.114100,0.039165,0.022114,3.88,20,-0.187933,0.258326,0.394678,0.000000,0.000000,0.000000,0.000000,0.000000,0.000000,nan,nan,nan,nan,nan,nan
1779938849016140667,2026-05-28T10:27:29.016164,prediction,0.009027,0.077000,-0.013473,True,0.122413,0.036505,0.007418,0.113386,0.040495,0.020892,4.12,20,-0.178130,0.260231,0.394673,0.000000,0.000000,0.000000,0.000000,0.000000,0.000000,nan,nan,nan,nan,nan,nan
1779938849046984738,2026-05-28T10:27:29.047000,prediction,0.008814,0.082000,-0.012748,True,0.122350,0.042468,0.007801,0.113535,0.039532,0.020549,4.04,20,-0.178130,0.260231,0.394673,0.000000,0.000000,0.000000,0.000000,0.000000,0.000000,nan,nan,nan,nan,nan,nan
1779938849089822528,2026-05-28T10:27:29.089839,prediction,0.009240,0.072000,-0.014199,True,0.121110,0.037658,0.007524,0.111870,0.034342,0.021722,4.02,20,-0.170210,0.261770,0.394669,0.000000,0.000000,0.000000,0.000000,0.000000,0.000000,nan,nan,nan,nan,nan,nan
1779938849127175621,2026-05-28T10:27:29.127191,prediction,0.009027,0.077000,-0.013473,True,0.120624,0.038295,0.007253,0.111597,0.038705,0.020726,4.17,20,-0.188638,0.258101,0.393481,0.000000,0.000000,0.000000,0.000000,0.000000,0.000000,nan,nan,nan,nan,nan,nan
1779938849161001512,2026-05-28T10:27:29.161027,prediction,0.009240,0.072000,-0.014199,True,0.120972,0.037159,0.007116,0.111732,0.034841,0.021314,3.92,20,-0.188638,0.258101,0.393481,0.000000,0.000000,0.000000,0.000000,0.000000,0.000000,nan,nan,nan,nan,nan,nan
1779938849195813495,2026-05-28T10:27:29.195847,prediction,0.009027,0.077000,-0.013473,True,0.121932,0.039355,0.007049,0.112905,0.037645,0.020522,4.62,20,-0.188346,0.257469,0.394106,0.000000,0.000000,0.000000,0.000000,0.000000,0.000000,nan,nan,nan,nan,nan,nan
1779938849228631295,2026-05-28T10:27:29.228647,prediction,0.012198,0.072000,-0.014199,True,0.121477,0.036063,0.006321,0.109279,0.035938,0.020520,4.30,20,-0.188346,0.257469,0.394106,0.000000,0.000000,0.000000,0.000000,0.000000,0.000000,nan,nan,nan,nan,nan,nan
1779938849264157930,2026-05-28T10:27:29.264181,prediction,0.011756,0.082000,-0.012748,True,0.120076,0.040353,0.006460,0.108320,0.041647,0.019208,4.04,20,-0.188956,0.258222,0.393234,0.000000,0.000000,0.000000,0.000000,0.000000,0.000000,nan,nan,nan,nan,nan,nan
1779938849299294162,2026-05-28T10:27:29.299316,prediction,0.011756,0.082000,-0.012748,True,0.118169,0.043472,0.006857,0.106413,0.038528,0.019605,4.78,20,-0.188956,0.258222,0.393234,0.000000,0.000000,0.000000,0.000000,0.000000,0.000000,nan,nan,nan,nan,nan,nan
1779938849337014391,2026-05-28T10:27:29.337031,prediction,0.012198,0.072000,-0.014199,True,0.116416,0.037514,0.006185,0.104218,0.034486,0.020384,4.08,20,-0.188175,0.257867,0.393666,0.000000,0.000000,0.000000,0.000000,0.000000,0.000000,nan,nan,nan,nan,nan,nan
1779938849370747529,2026-05-28T10:27:29.370765,prediction,0.012463,0.066000,-0.015069,True,0.116712,0.030500,0.004817,0.104249,0.035500,0.019886,4.03,20,-0.188175,0.257867,0.393666,0.000000,0.000000,0.000000,0.000000,0.000000,0.000000,nan,nan,nan,nan,nan,nan
1779938849410769109,2026-05-28T10:27:29.410804,prediction,0.011756,0.082000,-0.009802,True,0.116153,0.042746,0.009163,0.104397,0.039254,0.018965,3.99,20,-0.188231,0.258712,0.392420,0.000000,0.000000,0.000000,0.000000,0.000000,0.000000,nan,nan,nan,nan,nan,nan
1779938849442245352,2026-05-28T10:27:29.442262,prediction,0.011756,0.082000,-0.009802,True,0.115066,0.048560,0.010852,0.103310,0.033440,0.020654,3.90,20,-0.188231,0.258712,0.392420,0.000000,0.000000,0.000000,0.000000,0.000000,0.000000,nan,nan,nan,nan,nan,nan
1779938849477820509,2026-05-28T10:27:29.477837,prediction,0.011535,0.087000,-0.009085,True,0.113946,0.048946,0.011292,0.102411,0.038054,0.020377,3.83,20,-0.187402,0.259310,0.393205,0.000000,0.000000,0.000000,0.000000,0.000000,0.000000,nan,nan,nan,nan,nan,nan
1779938849516721208,2026-05-28T10:27:29.516736,prediction,0.012906,0.056000,-0.013531,True,0.111634,0.033100,0.009295,0.098728,0.022900,0.022826,3.55,20,-0.187402,0.259310,0.393205,0.000000,0.000000,0.000000,0.000000,0.000000,0.000000,nan,nan,nan,nan,nan,nan
1779938849548802348,2026-05-28T10:27:29.548823,prediction,0.011049,0.098000,-0.007507,True,0.108769,0.049100,0.011215,0.097720,0.048900,0.018722,4.33,20,-0.185554,0.260297,0.394215,0.000000,0.000000,0.000000,0.000000,0.000000,0.000000,nan,nan,nan,nan,nan,nan
1779938849579748951,2026-05-28T10:27:29.579771,prediction,0.012198,0.072000,-0.011236,True,0.106149,0.051793,0.011498,0.093951,0.020207,0.022734,3.80,20,-0.185554,0.260297,0.394215,0.000000,0.000000,0.000000,0.000000,0.000000,0.000000,nan,nan,nan,nan,nan,nan
1779938849610633541,2026-05-28T10:27:29.610656,prediction,0.012684,0.061000,-0.012814,True,0.104798,0.041771,0.008892,0.092114,0.019229,0.021707,3.81,20,-0.184123,0.261465,0.393950,0.000000,0.000000,0.000000,0.000000,0.000000,0.000000,nan,nan,nan,nan,nan,nan
1779938849640152645,2026-05-28T10:27:29.640172,prediction,0.008814,0.082000,-0.009802,True,0.105303,0.049878,0.009067,0.096489,0.032122,0.018869,3.44,20,-0.184123,0.261465,0.393950,0.000000,0.000000,0.000000,0.000000,0.000000,0.000000,nan,nan,nan,nan,nan,nan
1779938849671314357,2026-05-28T10:27:29.671337,prediction,0.009240,0.072000,-0.011236,True,0.105565,0.051286,0.009628,0.096325,0.020714,0.020865,3.76,20,-0.182378,0.261742,0.394674,0.000000,0.000000,0.000000,0.000000,0.000000,0.000000,nan,nan,nan,nan,nan,nan
1779938849703597741,2026-05-28T10:27:29.703620,prediction,0.009240,0.072000,-0.011236,True,0.106203,0.048774,0.007874,0.096963,0.023226,0.019110,4.00,20,-0.182378,0.261742,0.394674,0.000000,0.000000,0.000000,0.000000,0.000000,0.000000,nan,nan,nan,nan,nan,nan
1779938849733723896,2026-05-28T10:27:29.733743,prediction,0.009027,0.077000,-0.010519,True,0.107550,0.047010,0.008128,0.098523,0.029990,0.018647,3.84,20,-0.178441,0.262122,0.395178,0.000000,0.000000,0.000000,0.000000,0.000000,0.000000,nan,nan,nan,nan,nan,nan
1779938849772799988,2026-05-28T10:27:29.772822,prediction,0.009495,0.066000,-0.012097,True,0.108148,0.039636,0.007462,0.098652,0.026364,0.019559,3.99,20,-0.178441,0.262122,0.395178,0.000000,0.000000,0.000000,0.000000,0.000000,0.000000,nan,nan,nan,nan,nan,nan
1779938849803366870,2026-05-28T10:27:29.803387,prediction,0.009240,0.072000,-0.011236,True,0.110708,0.040859,0.006799,0.101468,0.031141,0.018036,4.15,20,-0.172305,0.262560,0.395265,0.000000,0.000000,0.000000,0.000000,0.000000,0.000000,nan,nan,nan,nan,nan,nan
1779938849839680447,2026-05-28T10:27:29.839700,prediction,0.012198,0.072000,-0.011236,True,0.112340,0.040788,0.006293,0.100142,0.031212,0.017529,5.76,20,-0.172305,0.262560,0.395265,0.000000,0.000000,0.000000,0.000000,0.000000,0.000000,nan,nan,nan,nan,nan,nan
1779938849869276844,2026-05-28T10:27:29.869295,prediction,0.011756,0.082000,-0.009802,True,0.112706,0.044173,0.007060,0.100950,0.037827,0.016862,4.17,20,-0.166172,0.262885,0.394831,0.000000,0.000000,0.000000,0.000000,0.000000,0.000000,nan,nan,nan,nan,nan,nan
1779938849900966675,2026-05-28T10:27:29.900984,prediction,0.011977,0.077000,-0.010519,True,0.110915,0.041311,0.007517,0.098938,0.035689,0.018036,3.90,20,-0.166172,0.262885,0.394831,0.000000,0.000000,0.000000,0.000000,0.000000,0.000000,nan,nan,nan,nan,nan,nan
1779938849939009175,2026-05-28T10:27:29.939028,prediction,0.011049,0.098000,-0.007507,True,0.109551,0.056105,0.009110,0.098502,0.041895,0.016617,5.07,20,-0.162262,0.263092,0.394555,0.000000,0.000000,0.000000,0.000000,0.000000,0.000000,nan,nan,nan,nan,nan,nan
1779938849973093166,2026-05-28T10:27:29.973116,prediction,0.011977,0.077000,-0.010519,True,0.107146,0.048754,0.008944,0.095169,0.028246,0.019464,3.97,20,-0.162262,0.263092,0.394555,0.000000,0.000000,0.000000,0.000000,0.000000,0.000000,nan,nan,nan,nan,nan,nan
1779938850019928948,2026-05-28T10:27:30.019944,prediction,0.011977,0.077000,-0.010519,True,0.106362,0.040522,0.007810,0.094385,0.036478,0.018329,3.87,20,-0.163830,0.263009,0.394666,0.000000,0.000000,0.000000,0.000000,0.000000,0.000000,nan,nan,nan,nan,nan,nan
1779938850049757030,2026-05-28T10:27:30.049774,prediction,0.012198,0.072000,-0.011236,True,0.107292,0.037993,0.006883,0.095093,0.034007,0.018119,4.10,20,-0.163830,0.263009,0.394666,0.000000,0.000000,0.000000,0.000000,0.000000,0.000000,nan,nan,nan,nan,nan,nan
1779938850079886107,2026-05-28T10:27:30.079906,prediction,0.011535,0.087000,-0.009085,True,0.107976,0.050396,0.008078,0.096441,0.036604,0.017163,3.98,20,-0.163830,0.263009,0.394666,0.000000,0.000000,0.000000,0.000000,0.000000,0.000000,nan,nan,nan,nan,nan,nan
1779938850110654710,2026-05-28T10:27:30.110671,prediction,0.011977,0.077000,-0.010519,True,0.106876,0.046900,0.008118,0.094899,0.030100,0.018637,3.99,20,-0.163830,0.263009,0.394666,0.000000,0.000000,0.000000,0.000000,0.000000,0.000000,nan,nan,nan,nan,nan,nan
1779938850143046094,2026-05-28T10:27:30.143063,prediction,0.012684,0.061000,-0.012814,True,0.106870,0.030900,0.007131,0.094186,0.030100,0.019946,3.62,20,-0.163830,0.263009,0.394666,0.000000,0.000000,0.000000,0.000000,0.000000,0.000000,nan,nan,nan,nan,nan,nan
1779938850177240418,2026-05-28T10:27:30.177256,prediction,0.011535,0.087000,-0.009085,True,0.106716,0.046900,0.007616,0.095181,0.040100,0.016701,3.89,20,-0.163830,0.263009,0.394666,0.000000,0.000000,0.000000,0.000000,0.000000,0.000000,nan,nan,nan,nan,nan,nan
1779938850208878594,2026-05-28T10:27:30.208901,prediction,0.012198,0.072000,-0.011236,True,0.107671,0.047273,0.008424,0.095473,0.024727,0.019661,3.92,20,-0.163830,0.263009,0.394666,0.000000,0.000000,0.000000,0.000000,0.000000,0.000000,nan,nan,nan,nan,nan,nan
1779938850240413561,2026-05-28T10:27:30.240438,prediction,0.011756,0.082000,-0.009802,True,0.108107,0.047239,0.008483,0.096351,0.034761,0.018285,4.54,20,-0.163830,0.263009,0.394666,0.000000,0.000000,0.000000,0.000000,0.000000,0.000000,nan,nan,nan,nan,nan,nan
1779938850271160540,2026-05-28T10:27:30.271188,prediction,0.012198,0.072000,-0.011236,True,0.107822,0.041294,0.008067,0.095624,0.030706,0.019303,4.03,20,-0.163830,0.263009,0.394666,0.000000,0.000000,0.000000,0.000000,0.000000,0.000000,nan,nan,nan,nan,nan,nan
1779938850306913709,2026-05-28T10:27:30.306930,prediction,0.012684,0.061000,-0.012814,True,0.109161,0.030871,0.006713,0.096476,0.030129,0.019528,4.06,20,-0.163830,0.263009,0.394666,0.000000,0.000000,0.000000,0.000000,0.000000,0.000000,nan,nan,nan,nan,nan,nan
1779938850349585807,2026-05-28T10:27:30.349610,prediction,0.012463,0.066000,-0.012097,True,0.112757,0.032910,0.005568,0.100294,0.033090,0.017665,4.31,20,-0.163830,0.263009,0.394666,0.000000,0.000000,0.000000,0.000000,0.000000,0.000000,nan,nan,nan,nan,nan,nan
1779938850380455103,2026-05-28T10:27:30.380475,prediction,0.011756,0.082000,-0.009802,True,0.114642,0.047212,0.007717,0.102885,0.034788,0.017519,3.83,20,-0.163830,0.263009,0.394666,0.000000,0.000000,0.000000,0.000000,0.000000,0.000000,nan,nan,nan,nan,nan,nan
1779938850411132968,2026-05-28T10:27:30.411152,prediction,0.011756,0.082000,-0.009802,True,0.113846,0.047493,0.009538,0.102090,0.034507,0.019341,3.96,20,-0.163830,0.263009,0.394666,0.000000,0.000000,0.000000,0.000000,0.000000,0.000000,nan,nan,nan,nan,nan,nan
1779938850440757162,2026-05-28T10:27:30.440773,prediction,0.011977,0.077000,-0.010519,True,0.112409,0.040321,0.009437,0.100432,0.036679,0.019956,3.93,20,-0.163830,0.263009,0.394666,0.000000,0.000000,0.000000,0.000000,0.000000,0.000000,nan,nan,nan,nan,nan,nan
1779938850480325581,2026-05-28T10:27:30.480351,prediction,0.011535,0.087000,-0.009085,True,0.112988,0.046573,0.009640,0.101453,0.040427,0.018725,3.74,20,-0.163830,0.263009,0.394666,0.000000,0.000000,0.000000,0.000000,0.000000,0.000000,nan,nan,nan,nan,nan,nan
1779938850512242340,2026-05-28T10:27:30.512279,prediction,0.011535,0.087000,-0.009085,True,0.112758,0.052729,0.010131,0.101223,0.034271,0.019216,5.35,20,-0.163830,0.263009,0.394666,0.000000,0.000000,0.000000,0.000000,0.000000,0.000000,nan,nan,nan,nan,nan,nan
1779938850541315548,2026-05-28T10:27:30.541332,prediction,0.012198,0.072000,-0.011236,True,0.111058,0.042181,0.009372,0.098860,0.029819,0.020609,3.90,20,-0.163830,0.263009,0.394666,0.000000,0.000000,0.000000,0.000000,0.000000,0.000000,nan,nan,nan,nan,nan,nan
1779938850578203357,2026-05-28T10:27:30.578220,prediction,0.012198,0.072000,-0.011236,True,0.110701,0.036871,0.007976,0.098503,0.035129,0.019212,4.15,20,-0.163830,0.263009,0.394666,0.000000,0.000000,0.000000,0.000000,0.000000,0.000000,nan,nan,nan,nan,nan,nan
1779938850611266393,2026-05-28T10:27:30.611284,prediction,0.012198,0.072000,-0.011236,True,0.113957,0.036751,0.008063,0.101759,0.035249,0.019299,4.22,20,-0.163830,0.263009,0.394666,0.000000,0.000000,0.000000,0.000000,0.000000,0.000000,nan,nan,nan,nan,nan,nan
1779938850653332013,2026-05-28T10:27:30.653346,prediction,0.011314,0.092000,-0.008368,True,0.116131,0.052751,0.009926,0.104817,0.039249,0.018294,3.91,20,-0.163830,0.263009,0.394666,0.000000,0.000000,0.000000,0.000000,0.000000,0.000000,nan,nan,nan,nan,nan,nan
1779938850685120802,2026-05-28T10:27:30.685150,prediction,0.011756,0.082000,-0.009802,True,0.113814,0.049488,0.011055,0.102058,0.032512,0.020857,4.02,20,-0.163830,0.263009,0.394666,0.000000,0.000000,0.000000,0.000000,0.000000,0.000000,nan,nan,nan,nan,nan,nan
1779938850728639303,2026-05-28T10:27:30.728658,prediction,0.011756,0.082000,-0.009802,True,0.111626,0.044552,0.010492,0.099870,0.037448,0.020294,3.91,20,-0.163830,0.263009,0.394666,0.000000,0.000000,0.000000,0.000000,0.000000,0.000000,nan,nan,nan,nan,nan,nan
1779938850758205600,2026-05-28T10:27:30.758226,prediction,0.012198,0.072000,-0.011236,True,0.112547,0.038542,0.009335,0.100349,0.033458,0.020571,3.95,20,-0.163830,0.263009,0.394666,0.000000,0.000000,0.000000,0.000000,0.000000,0.000000,nan,nan,nan,nan,nan,nan
1779938850798038514,2026-05-28T10:27:30.798077,prediction,0.011756,0.082000,-0.009802,True,0.114770,0.045463,0.009569,0.103014,0.036537,0.019371,3.72,20,-0.163830,0.263009,0.394666,0.000000,0.000000,0.000000,0.000000,0.000000,0.000000,nan,nan,nan,nan,nan,nan
1779938850828483623,2026-05-28T10:27:30.828505,prediction,0.012198,0.072000,-0.011236,True,0.114263,0.043439,0.008806,0.102064,0.028561,0.020042,4.06,20,-0.163830,0.263009,0.394666,0.000000,0.000000,0.000000,0.000000,0.000000,0.000000,nan,nan,nan,nan,nan,nan
1779938850866411617,2026-05-28T10:27:30.866465,prediction,0.011977,0.077000,-0.010519,True,0.114845,0.039616,0.009003,0.102868,0.037384,0.019522,4.22,20,-0.163830,0.263009,0.394666,0.000000,0.000000,0.000000,0.000000,0.000000,0.000000,nan,nan,nan,nan,nan,nan
1779938850896597679,2026-05-28T10:27:30.896628,prediction,0.011977,0.077000,-0.010519,True,0.115600,0.040639,0.008836,0.103623,0.036361,0.019355,3.91,20,-0.163830,0.263009,0.394666,0.000000,0.000000,0.000000,0.000000,0.000000,0.000000,nan,nan,nan,nan,nan,nan
1779938850930625316,2026-05-28T10:27:30.930647,prediction,0.011314,0.092000,-0.008368,True,0.116865,0.053821,0.010188,0.105551,0.038179,0.018555,4.05,20,-0.166040,0.262926,0.394707,0.000000,0.000000,0.000000,0.000000,0.000000,0.000000,nan,nan,nan,nan,nan,nan
1779938850963630175,2026-05-28T10:27:30.963663,prediction,0.011977,0.077000,-0.010519,True,0.115517,0.047120,0.010119,0.103540,0.029880,0.020638,3.92,20,-0.166040,0.262926,0.394707,0.000000,0.000000,0.000000,0.000000,0.000000,0.000000,nan,nan,nan,nan,nan,nan
1779938850994537956,2026-05-28T10:27:30.994584,prediction,0.014469,0.087000,-0.009085,True,0.114406,0.046272,0.009768,0.099937,0.040728,0.018853,3.94,20,-0.170498,0.262792,0.394802,0.000000,0.000000,0.000000,0.000000,0.000000,0.000000,nan,nan,nan,nan,nan,nan
1779938851032936273,2026-05-28T10:27:31.032961,prediction,0.014469,0.087000,-0.009085,True,0.112934,0.051334,0.009504,0.098466,0.035666,0.018589,4.39,20,-0.170498,0.262792,0.394802,0.000000,0.000000,0.000000,0.000000,0.000000,0.000000,nan,nan,nan,nan,nan,nan
1779938851074140969,2026-05-28T10:27:31.074158,prediction,0.015661,0.061000,-0.012814,True,0.111345,0.038669,0.007638,0.095685,0.022331,0.020452,3.91,20,-0.177131,0.262615,0.394939,0.000000,0.000000,0.000000,0.000000,0.000000,0.000000,nan,nan,nan,nan,nan,nan
1779938851113035891,2026-05-28T10:27:31.113085,prediction,0.014469,0.087000,-0.009085,True,0.111649,0.047080,0.007771,0.097181,0.039920,0.016856,4.03,20,-0.177131,0.262615,0.394939,0.000000,0.000000,0.000000,0.000000,0.000000,0.000000,nan,nan,nan,nan,nan,nan
1779938851152055936,2026-05-28T10:27:31.152078,prediction,0.014927,0.077000,-0.010519,True,0.110524,0.047245,0.008645,0.095597,0.029755,0.019164,3.97,20,-0.182247,0.262645,0.394959,0.000000,0.000000,0.000000,0.000000,0.000000,0.000000,nan,nan,nan,nan,nan,nan
1779938851187591828,2026-05-28T10:27:31.187612,prediction,0.014239,0.092000,-0.008368,True,0.109418,0.053648,0.009128,0.095179,0.038352,0.017496,4.06,20,-0.163830,0.263009,0.394666,0.000000,0.000000,0.000000,0.000000,0.000000,0.000000,nan,nan,nan,nan,nan,nan
1779938851218983884,2026-05-28T10:27:31.219005,prediction,0.015431,0.066000,-0.012097,True,0.108443,0.040754,0.008214,0.093011,0.025246,0.020311,4.04,20,-0.163830,0.263009,0.394666,0.000000,0.000000,0.000000,0.000000,0.000000,0.000000,nan,nan,nan,nan,nan,nan
1779938851255700453,2026-05-28T10:27:31.255720,prediction,0.014698,0.082000,-0.009802,True,0.108251,0.041423,0.007824,0.093553,0.040577,0.017626,3.77,20,-0.163830,0.263009,0.394666,0.000000,0.000000,0.000000,0.000000,0.000000,0.000000,nan,nan,nan,nan,nan,nan
1779938851291640386,2026-05-28T10:27:31.291663,prediction,0.015156,0.072000,-0.011236,True,0.108960,0.040378,0.007154,0.093804,0.031622,0.018390,4.17,20,-0.163830,0.263009,0.394666,0.000000,0.000000,0.000000,0.000000,0.000000,0.000000,nan,nan,nan,nan,nan,nan
1779938851323534528,2026-05-28T10:27:31.323551,prediction,0.014698,0.082000,-0.009802,True,0.108309,0.045520,0.007176,0.093612,0.036480,0.016978,3.80,20,-0.163830,0.263009,0.394666,0.000000,0.000000,0.000000,0.000000,0.000000,0.000000,nan,nan,nan,nan,nan,nan
1779938851360692864,2026-05-28T10:27:31.360713,prediction,0.014698,0.082000,-0.009802,True,0.108246,0.045206,0.007531,0.093548,0.036794,0.017333,3.95,20,-0.163830,0.263009,0.394666,0.000000,0.000000,0.000000,0.000000,0.000000,0.000000,nan,nan,nan,nan,nan,nan
1779938851392140140,2026-05-28T10:27:31.392162,prediction,0.015156,0.072000,-0.011236,True,0.107650,0.036735,0.007186,0.092494,0.035265,0.018422,3.86,20,-0.163830,0.263009,0.394666,0.000000,0.000000,0.000000,0.000000,0.000000,0.000000,nan,nan,nan,nan,nan,nan
1779938851430445848,2026-05-28T10:27:31.430470,prediction,0.014698,0.082000,-0.009802,True,0.108947,0.040803,0.006949,0.094249,0.041197,0.016751,3.90,20,-0.163830,0.263009,0.394666,0.000000,0.000000,0.000000,0.000000,0.000000,0.000000,nan,nan,nan,nan,nan,nan
1779938851464785879,2026-05-28T10:27:31.464808,prediction,0.014469,0.087000,-0.009085,True,0.109620,0.049202,0.008198,0.095152,0.037798,0.017283,3.95,20,-0.163830,0.263009,0.394666,0.000000,0.000000,0.000000,0.000000,0.000000,0.000000,nan,nan,nan,nan,nan,nan
1779938851497595206,2026-05-28T10:27:31.497633,prediction,0.014927,0.077000,-0.010519,True,0.108951,0.042627,0.008319,0.094024,0.034373,0.018838,4.10,20,-0.163830,0.263009,0.394666,0.000000,0.000000,0.000000,0.000000,0.000000,0.000000,nan,nan,nan,nan,nan,nan
1779938851528116138,2026-05-28T10:27:31.528137,prediction,0.014698,0.082000,-0.009802,True,0.108899,0.039984,0.008175,0.094202,0.042016,0.017977,4.22,20,-0.163830,0.263009,0.394666,0.000000,0.000000,0.000000,0.000000,0.000000,0.000000,nan,nan,nan,nan,nan,nan
1779938851560565792,2026-05-28T10:27:31.560588,prediction,0.014239,0.092000,-0.008368,True,0.109087,0.049837,0.009403,0.094848,0.042163,0.017771,4.82,20,-0.163830,0.263009,0.394666,0.000000,0.000000,0.000000,0.000000,0.000000,0.000000,nan,nan,nan,nan,nan,nan
1779938851596895304,2026-05-28T10:27:31.596931,prediction,0.014698,0.082000,-0.009802,True,0.108000,0.048685,0.009159,0.093302,0.033315,0.018961,3.80,20,-0.163830,0.263009,0.394666,0.000000,0.000000,0.000000,0.000000,0.000000,0.000000,nan,nan,nan,nan,nan,nan
1779938851638950281,2026-05-28T10:27:31.638979,prediction,0.014698,0.082000,-0.009802,True,0.108239,0.042839,0.008747,0.093542,0.039161,0.018549,4.13,20,-0.163830,0.263009,0.394666,0.000000,0.000000,0.000000,0.000000,0.000000,0.000000,nan,nan,nan,nan,nan,nan
1779938851674805126,2026-05-28T10:27:31.674827,prediction,0.014927,0.077000,-0.010519,True,0.108619,0.038876,0.008238,0.093692,0.038124,0.018757,3.95,20,-0.163830,0.263009,0.394666,0.000000,0.000000,0.000000,0.000000,0.000000,0.000000,nan,nan,nan,nan,nan,nan
1779938851709390900,2026-05-28T10:27:31.709409,prediction,0.014698,0.082000,-0.009802,True,0.109950,0.042663,0.008142,0.095252,0.039337,0.017944,3.67,20,-0.163830,0.263009,0.394666,0.000000,0.000000,0.000000,0.000000,0.000000,0.000000,nan,nan,nan,nan,nan,nan
1779938851740650284,2026-05-28T10:27:31.740671,prediction,0.015156,0.072000,-0.011236,True,0.111709,0.036021,0.007872,0.096553,0.035979,0.019109,4.00,20,-0.163830,0.263009,0.394666,0.000000,0.000000,0.000000,0.000000,0.000000,0.000000,nan,nan,nan,nan,nan,nan
1779938851777361715,2026-05-28T10:27:31.777382,prediction,0.014469,0.087000,-0.009085,True,0.112092,0.042351,0.008457,0.097624,0.044649,0.017542,3.91,20,-0.163830,0.263009,0.394666,0.000000,0.000000,0.000000,0.000000,0.000000,0.000000,nan,nan,nan,nan,nan,nan
1779938851808047528,2026-05-28T10:27:31.808067,prediction,0.014698,0.082000,-0.009802,True,0.111780,0.041627,0.009194,0.097082,0.040373,0.018996,3.93,20,-0.163830,0.263009,0.394666,0.000000,0.000000,0.000000,0.000000,0.000000,0.000000,nan,nan,nan,nan,nan,nan
1779938851839708185,2026-05-28T10:27:31.839729,prediction,0.014469,0.087000,-0.009085,True,0.111005,0.044711,0.009211,0.096537,0.042289,0.018296,3.94,20,-0.163830,0.263009,0.394666,0.000000,0.000000,0.000000,0.000000,0.000000,0.000000,nan,nan,nan,nan,nan,nan
1779938851871092869,2026-05-28T10:27:31.871114,prediction,0.015156,0.072000,-0.011236,True,0.111499,0.035487,0.008402,0.096343,0.036513,0.019638,4.04,20,-0.163830,0.263009,0.394666,0.000000,0.000000,0.000000,0.000000,0.000000,0.000000,nan,nan,nan,nan,nan,nan
1779938851902088173,2026-05-28T10:27:31.902113,prediction,0.015156,0.072000,-0.011236,True,0.112607,0.031630,0.007395,0.097450,0.040370,0.018631,4.08,20,-0.163830,0.263009,0.394666,0.000000,0.000000,0.000000,0.000000,0.000000,0.000000,nan,nan,nan,nan,nan,nan
1779938851933557023,2026-05-28T10:27:31.933579,prediction,0.015156,0.072000,-0.008274,True,0.113473,0.032168,0.010426,0.098317,0.039832,0.018700,4.03,20,-0.163830,0.263009,0.394666,0.000000,0.000000,0.000000,0.000000,0.000000,0.000000,nan,nan,nan,nan,nan,nan
1779938851965338411,2026-05-28T10:27:31.965361,prediction,0.015661,0.061000,-0.009834,True,0.113360,0.025607,0.010389,0.097699,0.035393,0.020223,3.98,20,-0.163830,0.263009,0.394666,0.000000,0.000000,0.000000,0.000000,0.000000,0.000000,nan,nan,nan,nan,nan,nan
1779938851998703997,2026-05-28T10:27:31.998722,prediction,0.015431,0.066000,-0.009125,True,0.115156,0.023978,0.009694,0.099724,0.042022,0.018819,3.98,20,-0.163830,0.263009,0.394666,0.000000,0.000000,0.000000,0.000000,0.000000,0.000000,nan,nan,nan,nan,nan,nan
1779938852032993418,2026-05-28T10:27:32.033016,prediction,0.014698,0.082000,-0.006856,True,0.116865,0.036829,0.012183,0.102167,0.045171,0.019039,3.90,20,-0.163830,0.263009,0.394666,0.000000,0.000000,0.000000,0.000000,0.000000,0.000000,nan,nan,nan,nan,nan,nan
1779938852065336686,2026-05-28T10:27:32.065353,prediction,0.015661,0.061000,-0.009834,True,0.114135,0.029784,0.012320,0.098474,0.031216,0.022154,4.07,20,-0.163830,0.263009,0.394666,0.000000,0.000000,0.000000,0.000000,0.000000,0.000000,nan,nan,nan,nan,nan,nan
1779938852098341374,2026-05-28T10:27:32.098404,prediction,0.015661,0.061000,-0.009834,True,0.114105,0.023196,0.010949,0.098444,0.037804,0.020783,3.79,20,-0.163830,0.263009,0.394666,0.000000,0.000000,0.000000,0.000000,0.000000,0.000000,nan,nan,nan,nan,nan,nan
1779938852131710896,2026-05-28T10:27:32.131731,prediction,0.015156,0.072000,-0.008274,True,0.116699,0.031871,0.011809,0.101543,0.040129,0.020084,3.71,20,-0.163830,0.263009,0.394666,0.000000,0.000000,0.000000,0.000000,0.000000,0.000000,nan,nan,nan,nan,nan,nan
1779938852168953432,2026-05-28T10:27:32.168977,prediction,0.014927,0.077000,-0.007565,True,0.116977,0.041171,0.013030,0.102050,0.035829,0.020595,4.62,20,-0.163830,0.263009,0.394666,0.000000,0.000000,0.000000,0.000000,0.000000,0.000000,nan,nan,nan,nan,nan,nan
1779938852201173438,2026-05-28T10:27:32.201196,prediction,0.014698,0.082000,-0.009802,True,0.116326,0.045213,0.010786,0.101629,0.036787,0.020588,4.57,20,-0.163830,0.263009,0.394666,0.000000,0.000000,0.000000,0.000000,0.000000,0.000000,nan,nan,nan,nan,nan,nan
1779938852235247175,2026-05-28T10:27:32.235261,prediction,0.014927,0.077000,-0.010519,True,0.115459,0.039872,0.010115,0.100532,0.037128,0.020634,3.54,20,-0.163830,0.263009,0.394666,0.000000,0.000000,0.000000,0.000000,0.000000,0.000000,nan,nan,nan,nan,nan,nan
1779938852275866544,2026-05-28T10:27:32.275885,prediction,0.014239,0.092000,-0.008368,True,0.114633,0.051174,0.010808,0.100393,0.040826,0.019175,3.83,20,-0.163830,0.263009,0.394666,0.000000,0.000000,0.000000,0.000000,0.000000,0.000000,nan,nan,nan,nan,nan,nan
1779938852305449597,2026-05-28T10:27:32.305466,prediction,0.015156,0.072000,-0.008274,True,0.111753,0.045279,0.012645,0.096597,0.026721,0.020920,3.60,20,-0.163830,0.263009,0.394666,0.000000,0.000000,0.000000,0.000000,0.000000,0.000000,nan,nan,nan,nan,nan,nan
1779938852336110320,2026-05-28T10:27:32.336133,prediction,0.014927,0.077000,-0.007565,True,0.110584,0.042015,0.011938,0.095657,0.034985,0.019504,3.73,20,-0.163830,0.263009,0.394666,0.000000,0.000000,0.000000,0.000000,0.000000,0.000000,nan,nan,nan,nan,nan,nan
1779938852365896764,2026-05-28T10:27:32.365922,prediction,0.015156,0.072000,-0.008274,True,0.111157,0.038080,0.011423,0.096000,0.033920,0.019697,3.60,20,-0.163830,0.263009,0.394666,0.000000,0.000000,0.000000,0.000000,0.000000,0.000000,nan,nan,nan,nan,nan,nan
1779938852399927396,2026-05-28T10:27:32.399964,prediction,0.014469,0.087000,-0.009085,True,0.111935,0.049469,0.009528,0.097467,0.037531,0.018613,4.54,20,-0.163830,0.263009,0.394666,0.000000,0.000000,0.000000,0.000000,0.000000,0.000000,nan,nan,nan,nan,nan,nan
1779938852432089667,2026-05-28T10:27:32.432123,prediction,0.015431,0.066000,-0.012097,True,0.110765,0.040884,0.008186,0.095333,0.025116,0.020283,4.07,20,-0.163830,0.263009,0.394666,0.000000,0.000000,0.000000,0.000000,0.000000,0.000000,nan,nan,nan,nan,nan,nan
1779938852465274383,2026-05-28T10:27:32.465294,prediction,0.014927,0.077000,-0.010519,True,0.110854,0.040129,0.007805,0.095927,0.036871,0.018324,3.85,20,-0.163830,0.263009,0.394666,0.000000,0.000000,0.000000,0.000000,0.000000,0.000000,nan,nan,nan,nan,nan,nan
1779938852498755695,2026-05-28T10:27:32.498775,prediction,0.014927,0.077000,-0.010519,True,0.113000,0.043550,0.007883,0.098073,0.033450,0.018402,4.04,20,-0.163830,0.263009,0.394666,0.000000,0.000000,0.000000,0.000000,0.000000,0.000000,nan,nan,nan,nan,nan,nan
1779938852532147479,2026-05-28T10:27:32.532164,prediction,0.014927,0.077000,-0.010519,True,0.113617,0.044713,0.007582,0.098690,0.032287,0.018101,3.73,20,-0.163830,0.263009,0.394666,0.000000,0.000000,0.000000,0.000000,0.000000,0.000000,nan,nan,nan,nan,nan,nan
1779938852564316203,2026-05-28T10:27:32.564336,prediction,0.014698,0.082000,-0.009802,True,0.114135,0.046761,0.007561,0.099438,0.035239,0.017364,3.66,20,-0.163830,0.263009,0.394666,0.000000,0.000000,0.000000,0.000000,0.000000,0.000000,nan,nan,nan,nan,nan,nan
1779938852603227463,2026-05-28T10:27:32.603245,prediction,0.014927,0.077000,-0.010519,True,0.113612,0.041257,0.008217,0.098685,0.035743,0.018737,4.16,20,-0.163830,0.263009,0.394666,0.000000,0.000000,0.000000,0.000000,0.000000,0.000000,nan,nan,nan,nan,nan,nan
1779938852639182178,2026-05-28T10:27:32.639203,prediction,0.014927,0.077000,-0.010519,True,0.112987,0.039485,0.007656,0.098060,0.037515,0.018175,3.66,20,-0.163830,0.263009,0.394666,0.000000,0.000000,0.000000,0.000000,0.000000,0.000000,nan,nan,nan,nan,nan,nan
1779938852672145858,2026-05-28T10:27:32.672174,prediction,0.014927,0.077000,-0.010519,True,0.113234,0.042299,0.007099,0.098307,0.034701,0.017619,3.99,20,-0.163830,0.263009,0.394666,0.000000,0.000000,0.000000,0.000000,0.000000,0.000000,nan,nan,nan,nan,nan,nan
1779938852702035492,2026-05-28T10:27:32.702052,prediction,0.014927,0.077000,-0.010519,True,0.114349,0.040899,0.007369,0.099422,0.036101,0.017889,3.96,20,-0.163830,0.263009,0.394666,0.000000,0.000000,0.000000,0.000000,0.000000,0.000000,nan,nan,nan,nan,nan,nan
1779938852733955708,2026-05-28T10:27:32.733977,prediction,0.015156,0.072000,-0.011236,True,0.114604,0.034841,0.007247,0.099447,0.037159,0.018483,4.03,20,-0.163830,0.263009,0.394666,0.000000,0.000000,0.000000,0.000000,0.000000,0.000000,nan,nan,nan,nan,nan,nan
1779938852773718576,2026-05-28T10:27:32.773740,prediction,0.014927,0.077000,-0.010519,True,0.114828,0.036073,0.007312,0.099900,0.040927,0.017831,3.74,20,-0.163830,0.263009,0.394666,0.000000,0.000000,0.000000,0.000000,0.000000,0.000000,nan,nan,nan,nan,nan,nan
1779938852807223413,2026-05-28T10:27:32.807247,prediction,0.015156,0.072000,-0.011236,True,0.115331,0.034614,0.007030,0.100175,0.037386,0.018266,3.69,20,-0.163830,0.263009,0.394666,0.000000,0.000000,0.000000,0.000000,0.000000,0.000000,nan,nan,nan,nan,nan,nan
1779938852837054144,2026-05-28T10:27:32.837074,prediction,0.014698,0.082000,-0.009802,True,0.115383,0.040265,0.007718,0.100685,0.041735,0.017520,3.65,20,-0.163830,0.263009,0.394666,0.000000,0.000000,0.000000,0.000000,0.000000,0.000000,nan,nan,nan,nan,nan,nan
1779938852872700656,2026-05-28T10:27:32.872719,prediction,0.014469,0.087000,-0.009085,True,0.114575,0.045094,0.009302,0.100107,0.041906,0.018387,3.44,20,-0.166039,0.262797,0.394580,0.000000,0.000000,0.000000,0.000000,0.000000,0.000000,nan,nan,nan,nan,nan,nan
1779938852904485231,2026-05-28T10:27:32.904507,prediction,0.014927,0.077000,-0.010519,True,0.111975,0.040541,0.009010,0.097048,0.036459,0.019530,3.81,20,-0.166039,0.262797,0.394580,0.000000,0.000000,0.000000,0.000000,0.000000,0.000000,nan,nan,nan,nan,nan,nan
1779938852935728560,2026-05-28T10:27:32.935750,prediction,0.014698,0.082000,-0.009802,True,0.112612,0.040050,0.008912,0.097914,0.041950,0.018714,3.77,20,-0.170424,0.262315,0.394387,0.000000,0.000000,0.000000,0.000000,0.000000,0.000000,nan,nan,nan,nan,nan,nan
1779938852966804241,2026-05-28T10:27:32.966818,prediction,0.014927,0.077000,-0.010519,True,0.113044,0.039144,0.008899,0.098117,0.037856,0.019419,3.88,20,-0.170424,0.262315,0.394387,0.000000,0.000000,0.000000,0.000000,0.000000,0.000000,nan,nan,nan,nan,nan,nan
1779938853002592644,2026-05-28T10:27:33.002613,prediction,0.014469,0.087000,-0.009085,True,0.113091,0.045996,0.009618,0.098623,0.041004,0.018702,4.69,20,-0.177045,0.261512,0.394121,0.000000,0.000000,0.000000,0.000000,0.000000,0.000000,nan,nan,nan,nan,nan,nan
1779938853038565667,2026-05-28T10:27:33.038587,prediction,0.014698,0.082000,-0.009802,True,0.111623,0.045967,0.009674,0.096925,0.036033,0.019476,3.68,20,-0.177045,0.261512,0.394121,0.000000,0.000000,0.000000,0.000000,0.000000,0.000000,nan,nan,nan,nan,nan,nan
1779938853068444334,2026-05-28T10:27:33.068466,prediction,0.014239,0.092000,-0.008368,True,0.111399,0.049443,0.010530,0.097159,0.042557,0.018898,3.96,20,-0.182065,0.260768,0.394093,0.000000,0.000000,0.000000,0.000000,0.000000,0.000000,nan,nan,nan,nan,nan,nan
1779938853099613077,2026-05-28T10:27:33.099633,prediction,0.015156,0.072000,-0.011236,True,0.110119,0.040654,0.009224,0.094963,0.031346,0.020461,3.69,20,-0.182065,0.260768,0.394093,0.000000,0.000000,0.000000,0.000000,0.000000,0.000000,nan,nan,nan,nan,nan,nan
1779938853135861858,2026-05-28T10:27:33.135887,prediction,0.014927,0.077000,-0.010519,True,0.110740,0.038739,0.008052,0.095813,0.038261,0.018571,4.14,20,-0.184947,0.260547,0.394430,0.000000,0.000000,0.000000,0.000000,0.000000,0.000000,nan,nan,nan,nan,nan,nan
1779938853166971213,2026-05-28T10:27:33.166990,prediction,0.014698,0.082000,-0.009802,True,0.112345,0.045377,0.008440,0.097647,0.036623,0.018242,4.29,20,-0.184947,0.260547,0.394430,0.000000,0.000000,0.000000,0.000000,0.000000,0.000000,nan,nan,nan,nan,nan,nan
1779938853199938321,2026-05-28T10:27:33.199990,prediction,0.015156,0.072000,-0.011236,True,0.111740,0.040168,0.008268,0.096584,0.031832,0.019504,3.97,20,-0.185688,0.260893,0.394671,0.000000,0.000000,0.000000,0.000000,0.000000,0.000000,nan,nan,nan,nan,nan,nan
1779938853234795057,2026-05-28T10:27:33.234815,prediction,0.014469,0.087000,-0.009085,True,0.112154,0.045397,0.008713,0.097686,0.041603,0.017798,4.29,20,-0.185688,0.260893,0.394671,0.000000,0.000000,0.000000,0.000000,0.000000,0.000000,nan,nan,nan,nan,nan,nan
1779938853265439248,2026-05-28T10:27:33.265462,prediction,0.014469,0.087000,-0.009085,True,0.111894,0.048828,0.009926,0.097425,0.038172,0.019011,3.72,20,-0.184218,0.261501,0.394808,0.000000,0.000000,0.000000,0.000000,0.000000,0.000000,nan,nan,nan,nan,nan,nan
1779938853301632861,2026-05-28T10:27:33.301654,prediction,0.015431,0.066000,-0.012097,True,0.110681,0.036833,0.008500,0.095250,0.029167,0.020597,4.04,20,-0.184218,0.261501,0.394808,0.000000,0.000000,0.000000,0.000000,0.000000,0.000000,nan,nan,nan,nan,nan,nan
1779938853341513623,2026-05-28T10:27:33.341535,prediction,0.014469,0.087000,-0.009085,True,0.111140,0.045256,0.008693,0.096672,0.041744,0.017778,3.95,20,-0.180559,0.262147,0.394856,0.000000,0.000000,0.000000,0.000000,0.000000,0.000000,nan,nan,nan,nan,nan,nan
1779938853371500239,2026-05-28T10:27:33.371520,prediction,0.015156,0.072000,-0.011236,True,0.110846,0.041754,0.008892,0.095690,0.030246,0.020129,3.87,20,-0.180559,0.262147,0.394856,0.000000,0.000000,0.000000,0.000000,0.000000,0.000000,nan,nan,nan,nan,nan,nan
1779938853406661593,2026-05-28T10:27:33.406680,prediction,0.014927,0.077000,-0.010519,True,0.111296,0.040087,0.008088,0.096369,0.036913,0.018608,3.66,20,-0.174639,0.262705,0.394839,0.000000,0.000000,0.000000,0.000000,0.000000,0.000000,nan,nan,nan,nan,nan,nan
1779938853445351865,2026-05-28T10:27:33.445373,prediction,0.015156,0.072000,-0.011236,True,0.111963,0.035050,0.007651,0.096806,0.036950,0.018888,3.91,20,-0.174639,0.262705,0.394839,0.000000,0.000000,0.000000,0.000000,0.000000,0.000000,nan,nan,nan,nan,nan,nan
1779938853478500349,2026-05-28T10:27:33.478515,prediction,0.014698,0.082000,-0.009802,True,0.112112,0.040483,0.008125,0.097414,0.041517,0.017927,3.98,20,-0.167722,0.262899,0.394728,0.000000,0.000000,0.000000,0.000000,0.000000,0.000000,nan,nan,nan,nan,nan,nan
1779938853512812901,2026-05-28T10:27:33.512834,prediction,0.014239,0.092000,-0.008368,True,0.111762,0.052410,0.009192,0.097523,0.039590,0.017560,4.10,20,-0.167722,0.262899,0.394728,0.000000,0.000000,0.000000,0.000000,0.000000,0.000000,nan,nan,nan,nan,nan,nan
1779938853545927989,2026-05-28T10:27:33.545951,prediction,0.014469,0.087000,-0.009085,True,0.110114,0.049677,0.010130,0.095646,0.037323,0.019215,3.90,20,-0.163014,0.263032,0.394653,0.000000,0.000000,0.000000,0.000000,0.000000,0.000000,nan,nan,nan,nan,nan,nan
1779938853578258879,2026-05-28T10:27:33.578275,prediction,0.014698,0.082000,-0.009802,True,0.108907,0.043077,0.009223,0.094209,0.038923,0.019025,3.93,20,-0.163014,0.263032,0.394653,0.000000,0.000000,0.000000,0.000000,0.000000,0.000000,nan,nan,nan,nan,nan,nan
1779938853611871175,2026-05-28T10:27:33.611886,prediction,0.015431,0.066000,-0.012097,True,0.109572,0.031690,0.007619,0.094140,0.034310,0.019716,3.80,20,-0.163830,0.263009,0.394666,0.000000,0.000000,0.000000,0.000000,0.000000,0.000000,nan,nan,nan,nan,nan,nan
1779938853644750161,2026-05-28T10:27:33.644766,prediction,0.014927,0.077000,-0.010519,True,0.111512,0.037737,0.007104,0.096585,0.039263,0.017624,3.88,20,-0.163830,0.263009,0.394666,0.000000,0.000000,0.000000,0.000000,0.000000,0.000000,nan,nan,nan,nan,nan,nan
1779938853676528762,2026-05-28T10:27:33.676543,prediction,0.014927,0.077000,-0.010519,True,0.112617,0.040672,0.007877,0.097690,0.036328,0.018397,3.86,20,-0.163830,0.263009,0.394666,0.000000,0.000000,0.000000,0.000000,0.000000,0.000000,nan,nan,nan,nan,nan,nan
1779938853708588268,2026-05-28T10:27:33.708603,prediction,0.015156,0.072000,-0.011236,True,0.112008,0.035008,0.007852,0.096852,0.036993,0.019088,4.28,20,-0.163830,0.263009,0.394666,0.000000,0.000000,0.000000,0.000000,0.000000,0.000000,nan,nan,nan,nan,nan,nan
1779938853740751370,2026-05-28T10:27:33.740767,prediction,0.015431,0.066000,-0.012097,True,0.113581,0.025646,0.007213,0.098150,0.040354,0.019310,3.86,20,-0.163830,0.263009,0.394666,0.000000,0.000000,0.000000,0.000000,0.000000,0.000000,nan,nan,nan,nan,nan,nan
1779938853774900093,2026-05-28T10:27:33.774935,prediction,0.014927,0.077000,-0.010519,True,0.115385,0.033662,0.007780,0.100458,0.043338,0.018299,3.76,20,-0.163830,0.263009,0.394666,0.000000,0.000000,0.000000,0.000000,0.000000,0.000000,nan,nan,nan,nan,nan,nan
1779938853807642947,2026-05-28T10:27:33.807663,prediction,0.015431,0.066000,-0.012097,True,0.115938,0.031385,0.007455,0.100507,0.034615,0.019552,3.71,20,-0.163830,0.263009,0.394666,0.000000,0.000000,0.000000,0.000000,0.000000,0.000000,nan,nan,nan,nan,nan,nan
1779938853843175222,2026-05-28T10:27:33.843193,prediction,0.014698,0.082000,-0.009802,True,0.116330,0.036618,0.008664,0.101632,0.045382,0.018466,4.16,20,-0.163830,0.263009,0.394666,0.000000,0.000000,0.000000,0.000000,0.000000,0.000000,nan,nan,nan,nan,nan,nan
1779938853877536738,2026-05-28T10:27:33.877554,prediction,0.015156,0.072000,-0.011236,True,0.114348,0.033772,0.008841,0.099192,0.038228,0.020078,4.19,20,-0.163830,0.263009,0.394666,0.000000,0.000000,0.000000,0.000000,0.000000,0.000000,nan,nan,nan,nan,nan,nan
1779938853908205153,2026-05-28T10:27:33.908221,prediction,0.014927,0.077000,-0.010519,True,0.113822,0.034914,0.008524,0.098895,0.042086,0.019043,4.21,20,-0.163830,0.263009,0.394666,0.000000,0.000000,0.000000,0.000000,0.000000,0.000000,nan,nan,nan,nan,nan,nan
1779938853951268058,2026-05-28T10:27:33.951286,prediction,0.014698,0.082000,-0.009802,True,0.114891,0.040632,0.009132,0.100193,0.041368,0.018934,4.29,20,-0.166009,0.262605,0.394601,0.000000,0.000000,0.000000,0.000000,0.000000,0.000000,nan,nan,nan,nan,nan,nan
1779938853983444711,2026-05-28T10:27:33.983466,prediction,0.015156,0.072000,-0.011236,True,0.113466,0.037188,0.008841,0.098310,0.034813,0.020077,3.94,20,-0.166009,0.262605,0.394601,0.000000,0.000000,0.000000,0.000000,0.000000,0.000000,nan,nan,nan,nan,nan,nan
1779938854022067534,2026-05-28T10:27:34.022088,prediction,0.015156,0.072000,-0.011236,True,0.113967,0.033112,0.008140,0.098811,0.038888,0.019376,4.04,20,-0.170415,0.261739,0.394490,0.000000,0.000000,0.000000,0.000000,0.000000,0.000000,nan,nan,nan,nan,nan,nan
1779938854059359672,2026-05-28T10:27:34.059379,prediction,0.015661,0.061000,-0.012814,True,0.115093,0.026533,0.007118,0.099432,0.034467,0.019932,3.48,20,-0.163830,0.263009,0.394666,0.000000,0.000000,0.000000,0.000000,0.000000,0.000000,nan,nan,nan,nan,nan,nan
1779938854092051644,2026-05-28T10:27:34.092066,prediction,0.014698,0.082000,-0.009802,True,0.116405,0.039929,0.008052,0.101707,0.042071,0.017854,3.51,20,-0.163830,0.263009,0.394666,0.000000,0.000000,0.000000,0.000000,0.000000,0.000000,nan,nan,nan,nan,nan,nan
1779938854124254984,2026-05-28T10:27:34.124268,prediction,0.014698,0.082000,-0.009802,True,0.114829,0.045276,0.009464,0.100131,0.036724,0.019266,3.61,20,-0.163830,0.263009,0.394666,0.000000,0.000000,0.000000,0.000000,0.000000,0.000000,nan,nan,nan,nan,nan,nan
1779938854159260872,2026-05-28T10:27:34.159279,prediction,0.014927,0.077000,-0.010519,True,0.111869,0.040245,0.009388,0.096942,0.036755,0.019908,4.00,20,-0.163830,0.263009,0.394666,0.000000,0.000000,0.000000,0.000000,0.000000,0.000000,nan,nan,nan,nan,nan,nan
1779938854193620640,2026-05-28T10:27:34.193645,prediction,0.015156,0.072000,-0.011236,True,0.111321,0.034699,0.008404,0.096165,0.037301,0.019640,4.06,20,-0.163830,0.263009,0.394666,0.000000,0.000000,0.000000,0.000000,0.000000,0.000000,nan,nan,nan,nan,nan,nan
1779938854225109872,2026-05-28T10:27:34.225134,prediction,0.015431,0.066000,-0.009125,True,0.111454,0.031666,0.010582,0.096022,0.034334,0.019707,4.24,20,-0.163830,0.263009,0.394666,0.000000,0.000000,0.000000,0.000000,0.000000,0.000000,nan,nan,nan,nan,nan,nan
1779938854261639449,2026-05-28T10:27:34.261658,prediction,0.014698,0.082000,-0.009802,True,0.114133,0.043978,0.009013,0.099435,0.038022,0.018815,4.64,20,-0.163830,0.263009,0.394666,0.000000,0.000000,0.000000,0.000000,0.000000,0.000000,nan,nan,nan,nan,nan,nan
1779938854295799690,2026-05-28T10:27:34.295821,prediction,0.014927,0.077000,-0.010519,True,0.112800,0.044005,0.009009,0.097873,0.032995,0.019528,3.70,20,-0.163830,0.263009,0.394666,0.000000,0.000000,0.000000,0.000000,0.000000,0.000000,nan,nan,nan,nan,nan,nan
1779938854333556944,2026-05-28T10:27:34.333574,prediction,0.014927,0.077000,-0.010519,True,0.111628,0.039380,0.008914,0.096701,0.037620,0.019433,3.91,20,-0.163830,0.263009,0.394666,0.000000,0.000000,0.000000,0.000000,0.000000,0.000000,nan,nan,nan,nan,nan,nan
1779938854364964165,2026-05-28T10:27:34.364982,prediction,0.015431,0.066000,-0.012097,True,0.112126,0.031667,0.007965,0.096694,0.034333,0.020062,4.13,20,-0.163830,0.263009,0.394666,0.000000,0.000000,0.000000,0.000000,0.000000,0.000000,nan,nan,nan,nan,nan,nan
1779938854394959348,2026-05-28T10:27:34.394974,prediction,0.014698,0.082000,-0.009802,True,0.113592,0.043228,0.008276,0.098894,0.038772,0.018078,3.88,20,-0.163830,0.263009,0.394666,0.000000,0.000000,0.000000,0.000000,0.000000,0.000000,nan,nan,nan,nan,nan,nan
1779938854425585775,2026-05-28T10:27:34.425602,prediction,0.015431,0.066000,-0.012097,True,0.112698,0.039219,0.007417,0.097266,0.026781,0.019514,3.59,20,-0.163830,0.263009,0.394666,0.000000,0.000000,0.000000,0.000000,0.000000,0.000000,nan,nan,nan,nan,nan,nan
1779938854456385237,2026-05-28T10:27:34.456399,prediction,0.014698,0.082000,-0.006856,True,0.111206,0.042723,0.011273,0.096508,0.039277,0.018129,3.64,20,-0.163830,0.263009,0.394666,0.000000,0.000000,0.000000,0.000000,0.000000,0.000000,nan,nan,nan,nan,nan,nan
1779938854486842270,2026-05-28T10:27:34.486862,prediction,0.015431,0.066000,-0.009125,True,0.109546,0.037052,0.011346,0.094115,0.028948,0.020471,3.67,20,-0.163830,0.263009,0.394666,0.000000,0.000000,0.000000,0.000000,0.000000,0.000000,nan,nan,nan,nan,nan,nan
1779938854518657116,2026-05-28T10:27:34.518678,prediction,0.014927,0.077000,-0.007565,True,0.109958,0.040433,0.010812,0.095031,0.036567,0.018377,3.86,20,-0.163830,0.263009,0.394666,0.000000,0.000000,0.000000,0.000000,0.000000,0.000000,nan,nan,nan,nan,nan,nan
1779938854556844471,2026-05-28T10:27:34.556864,prediction,0.015156,0.072000,-0.008274,True,0.110227,0.041074,0.010350,0.095071,0.030926,0.018624,3.56,20,-0.163830,0.263009,0.394666,0.000000,0.000000,0.000000,0.000000,0.000000,0.000000,nan,nan,nan,nan,nan,nan
1779938854591779857,2026-05-28T10:27:34.591796,prediction,0.014927,0.077000,-0.007565,True,0.109541,0.042551,0.011158,0.094614,0.034449,0.018723,3.94,20,-0.163830,0.263009,0.394666,0.000000,0.000000,0.000000,0.000000,0.000000,0.000000,nan,nan,nan,nan,nan,nan
1779938854625317652,2026-05-28T10:27:34.625340,prediction,0.015661,0.061000,-0.009834,True,0.109208,0.032652,0.010286,0.093547,0.028348,0.020120,3.95,20,-0.163830,0.263009,0.394666,0.000000,0.000000,0.000000,0.000000,0.000000,0.000000,nan,nan,nan,nan,nan,nan
1779938854660433846,2026-05-28T10:27:34.660453,prediction,0.015431,0.066000,-0.009125,True,0.111086,0.030478,0.009308,0.095655,0.035522,0.018433,3.61,20,-0.163830,0.263009,0.394666,0.000000,0.000000,0.000000,0.000000,0.000000,0.000000,nan,nan,nan,nan,nan,nan
1779938854691016098,2026-05-28T10:27:34.691035,prediction,0.015890,0.056000,-0.010543,True,0.113546,0.024561,0.008176,0.097657,0.031439,0.018719,3.64,20,-0.163830,0.263009,0.394666,0.000000,0.000000,0.000000,0.000000,0.000000,0.000000,nan,nan,nan,nan,nan,nan
1779938854735318144,2026-05-28T10:27:34.735340,prediction,0.015431,0.066000,-0.009125,True,0.115013,0.028756,0.008417,0.099582,0.037244,0.017542,3.67,20,-0.163830,0.263009,0.394666,0.000000,0.000000,0.000000,0.000000,0.000000,0.000000,nan,nan,nan,nan,nan,nan
1779938854766431872,2026-05-28T10:27:34.766462,prediction,0.015890,0.056000,-0.010543,True,0.115051,0.023497,0.008296,0.099161,0.032503,0.018839,3.77,20,-0.163830,0.263009,0.394666,0.000000,0.000000,0.000000,0.000000,0.000000,0.000000,nan,nan,nan,nan,nan,nan
1779938854799366071,2026-05-28T10:27:34.799390,prediction,0.014927,0.077000,-0.007565,True,0.115897,0.034590,0.009806,0.100970,0.042410,0.017371,3.81,20,-0.163830,0.263009,0.394666,0.000000,0.000000,0.000000,0.000000,0.000000,0.000000,nan,nan,nan,nan,nan,nan
1779938854835605798,2026-05-28T10:27:34.835629,prediction,0.014927,0.077000,-0.007565,True,0.115268,0.040040,0.011059,0.100341,0.036960,0.018624,5.25,20,-0.163830,0.263009,0.394666,0.000000,0.000000,0.000000,0.000000,0.000000,0.000000,nan,nan,nan,nan,nan,nan
1779938854868288628,2026-05-28T10:27:34.868304,prediction,0.015890,0.056000,-0.010543,True,0.113327,0.027142,0.010303,0.097437,0.028858,0.020846,4.24,20,-0.165983,0.262518,0.394725,0.000000,0.000000,0.000000,0.000000,0.000000,0.000000,nan,nan,nan,nan,nan,nan
1779938854905632758,2026-05-28T10:27:34.905655,prediction,0.017639,0.082000,-0.006856,True,0.112226,0.040430,0.010289,0.094586,0.041570,0.017145,3.93,20,-0.165983,0.262518,0.394725,0.000000,0.000000,0.000000,0.000000,0.000000,0.000000,nan,nan,nan,nan,nan,nan
1779938854936730851,2026-05-28T10:27:34.936747,prediction,0.018114,0.072000,-0.008274,True,0.110942,0.043320,0.011138,0.092828,0.028680,0.019413,3.88,20,-0.170269,0.261422,0.394883,0.000000,0.000000,0.000000,0.000000,0.000000,0.000000,nan,nan,nan,nan,nan,nan
1779938854971993135,2026-05-28T10:27:34.972021,prediction,0.017402,0.087000,-0.006147,True,0.109102,0.051077,0.011529,0.091700,0.035923,0.017676,4.89,20,-0.170269,0.261422,0.394883,0.000000,0.000000,0.000000,0.000000,0.000000,0.000000,nan,nan,nan,nan,nan,nan
1779938855009688963,2026-05-28T10:27:35.009710,prediction,0.017877,0.077000,-0.004611,True,0.106370,0.045218,0.014685,0.088493,0.031782,0.019296,3.88,20,-0.176709,0.259674,0.395258,0.000000,0.000000,0.000000,0.000000,0.000000,0.000000,nan,nan,nan,nan,nan,nan
1779938855044812312,2026-05-28T10:27:35.044833,prediction,0.017402,0.087000,-0.003210,True,0.103317,0.049211,0.015307,0.085915,0.037789,0.018517,3.70,20,-0.176709,0.259674,0.395258,0.000000,0.000000,0.000000,0.000000,0.000000,0.000000,nan,nan,nan,nan,nan,nan
1779938855079241776,2026-05-28T10:27:35.079265,prediction,0.016880,0.098000,-0.001668,True,0.102560,0.064126,0.015946,0.085680,0.033874,0.017614,4.12,20,-0.163830,0.263009,0.394666,0.000000,0.000000,0.000000,0.000000,0.000000,0.000000,nan,nan,nan,nan,nan,nan
1779938855109994651,2026-05-28T10:27:35.110016,prediction,0.020581,0.082000,-0.000965,True,0.100142,0.058042,0.018323,0.079561,0.023958,0.019288,4.07,20,-0.163830,0.263009,0.394666,0.000000,0.000000,0.000000,0.000000,0.000000,0.000000,nan,nan,nan,nan,nan,nan
1779938855143015467,2026-05-28T10:27:35.143031,prediction,0.020090,0.092000,0.000420,True,0.097802,0.057066,0.018675,0.077712,0.034934,0.018254,3.88,20,-0.163830,0.263009,0.394666,0.000000,0.000000,0.000000,0.000000,0.000000,0.000000,nan,nan,nan,nan,nan,nan
1779938855173089877,2026-05-28T10:27:35.173111,prediction,0.023015,0.092000,0.000420,True,0.097486,0.061248,0.018783,0.074471,0.030752,0.018362,3.70,20,-0.163830,0.263009,0.394666,0.000000,0.000000,0.000000,0.000000,0.000000,0.000000,nan,nan,nan,nan,nan,nan
1779938855207302206,2026-05-28T10:27:35.207316,prediction,0.025941,0.092000,0.000420,True,0.097132,0.063283,0.017290,0.071192,0.028717,0.016870,3.85,20,-0.163830,0.263009,0.394666,0.000000,0.000000,0.000000,0.000000,0.000000,0.000000,nan,nan,nan,nan,nan,nan
1779938855240888437,2026-05-28T10:27:35.240916,prediction,0.025626,0.098000,0.004171,True,0.094374,0.067862,0.020407,0.068747,0.030138,0.016236,3.99,20,-0.163830,0.263009,0.394666,0.000000,0.000000,0.000000,0.000000,0.000000,0.000000,nan,nan,nan,nan,nan,nan
1779938855272668337,2026-05-28T10:27:35.272688,prediction,0.025102,0.108000,0.005540,True,0.092152,0.075739,0.022542,0.067050,0.032261,0.017003,3.38,20,-0.163830,0.263009,0.394666,0.000000,0.000000,0.000000,0.000000,0.000000,0.000000,nan,nan,nan,nan,nan,nan
1779938855303551708,2026-05-28T10:27:35.303576,prediction,0.028271,0.103000,0.004855,True,0.091904,0.076003,0.021207,0.063633,0.026997,0.016352,4.14,20,-0.163830,0.263009,0.394666,0.000000,0.000000,0.000000,0.000000,0.000000,0.000000,nan,nan,nan,nan,nan,nan
1779938855337138018,2026-05-28T10:27:35.337154,prediction,0.027731,0.113000,0.009119,True,0.089195,0.083748,0.023843,0.061464,0.029252,0.014724,3.89,20,-0.163830,0.263009,0.394666,0.000000,0.000000,0.000000,0.000000,0.000000,0.000000,nan,nan,nan,nan,nan,nan
1779938855368402853,2026-05-28T10:27:35.368426,prediction,0.028271,0.103000,0.010678,True,0.086480,0.079991,0.027411,0.058209,0.023009,0.016734,4.40,20,-0.163830,0.263009,0.394666,0.000000,0.000000,0.000000,0.000000,0.000000,0.000000,nan,nan,nan,nan,nan,nan
1779938855405690901,2026-05-28T10:27:35.405706,prediction,0.027731,0.113000,0.014909,True,0.082756,0.084937,0.031282,0.055025,0.028063,0.016373,3.87,20,-0.163830,0.263009,0.394666,0.000000,0.000000,0.000000,0.000000,0.000000,0.000000,nan,nan,nan,nan,nan,nan
1779938855437868324,2026-05-28T10:27:35.437889,prediction,0.030622,0.113000,0.014909,True,0.082470,0.091501,0.030499,0.051849,0.021499,0.015590,4.05,20,-0.163830,0.263009,0.394666,0.000000,0.000000,0.000000,0.000000,0.000000,0.000000,nan,nan,nan,nan,nan,nan
1779938855468546028,2026-05-28T10:27:35.468567,prediction,0.030900,0.108000,0.020055,True,0.080537,0.088419,0.035788,0.049637,0.019581,0.015733,3.89,20,-0.163830,0.263009,0.394666,0.000000,0.000000,0.000000,0.000000,0.000000,0.000000,nan,nan,nan,nan,nan,nan
1779938855503398833,2026-05-28T10:27:35.503425,prediction,0.031457,0.098000,0.021688,True,0.078486,0.076032,0.039382,0.047029,0.021968,0.017694,4.58,20,-0.163830,0.263009,0.394666,0.000000,0.000000,0.000000,0.000000,0.000000,0.000000,nan,nan,nan,nan,nan,nan
1779938855538393702,2026-05-28T10:27:35.538410,prediction,0.031457,0.098000,0.024608,True,0.076308,0.075084,0.041951,0.044851,0.022916,0.017344,4.12,20,-0.164183,0.264535,0.396235,0.000000,0.000000,0.000000,0.000000,0.000000,0.000000,nan,nan,nan,nan,nan,nan
1779938855569677003,2026-05-28T10:27:35.569697,prediction,0.034716,0.092000,0.026785,True,0.077366,0.070608,0.043771,0.042649,0.021392,0.016986,4.09,20,-0.164183,0.264535,0.396235,0.000000,0.000000,0.000000,0.000000,0.000000,0.000000,nan,nan,nan,nan,nan,nan
1779938855607716974,2026-05-28T10:27:35.607737,prediction,0.035003,0.087000,0.032041,True,0.075763,0.064275,0.049818,0.040760,0.022725,0.017776,3.91,20,-0.164333,0.267592,0.399458,0.000000,0.000000,0.000000,0.000000,0.000000,0.000000,nan,nan,nan,nan,nan,nan
1779938855644330269,2026-05-28T10:27:35.644354,prediction,0.036993,0.103000,0.033968,True,0.075096,0.071933,0.051729,0.038103,0.031067,0.017760,3.98,20,-0.164333,0.267592,0.399458,0.000000,0.000000,0.000000,0.000000,0.000000,0.000000,nan,nan,nan,nan,nan,nan
1779938855674772455,2026-05-28T10:27:35.674789,prediction,0.040567,0.092000,0.038502,True,0.076283,0.066521,0.057546,0.035716,0.025479,0.019044,3.74,20,-0.163591,0.271720,0.404359,0.000000,0.000000,0.000000,0.000000,0.000000,0.000000,nan,nan,nan,nan,nan,nan
1779938855706151853,2026-05-28T10:27:35.706174,prediction,0.042496,0.108000,0.043280,True,0.073692,0.077031,0.061054,0.031196,0.030969,0.017774,3.82,20,-0.163591,0.271720,0.404359,0.000000,0.000000,0.000000,0.000000,0.000000,0.000000,nan,nan,nan,nan,nan,nan
1779938855744476356,2026-05-28T10:27:35.744498,prediction,0.044115,0.082000,0.046168,True,0.074629,0.061208,0.067485,0.030514,0.020792,0.021317,3.59,20,-0.161247,0.275357,0.410699,0.000000,0.000000,0.000000,0.000000,0.000000,0.000000,nan,nan,nan,nan,nan,nan
1779938855782983970,2026-05-28T10:27:35.783001,prediction,0.050654,0.072000,0.050971,True,0.075080,0.045208,0.072127,0.024427,0.026792,0.021156,3.72,20,-0.161247,0.275357,0.410699,0.000000,0.000000,0.000000,0.000000,0.000000,0.000000,nan,nan,nan,nan,nan,nan
1779938855815861956,2026-05-28T10:27:35.815885,prediction,0.048950,0.098000,0.056722,True,0.070421,0.061208,0.076201,0.021471,0.036792,0.019479,4.11,20,-0.158812,0.281052,0.417958,0.000000,0.000000,0.000000,0.000000,0.000000,0.000000,nan,nan,nan,nan,nan,nan
1779938855852510640,2026-05-28T10:27:35.852532,prediction,0.047639,0.118000,0.061755,True,0.069893,0.077208,0.083315,0.022254,0.040792,0.021560,3.97,20,-0.158812,0.281052,0.417958,0.000000,0.000000,0.000000,0.000000,0.000000,0.000000,nan,nan,nan,nan,nan,nan
1779938855883760122,2026-05-28T10:27:35.883776,prediction,0.050858,0.113000,0.064122,True,0.073981,0.083388,0.088027,0.023123,0.029613,0.023906,3.77,20,-0.156492,0.286259,0.424837,0.000000,0.000000,0.000000,0.000000,0.000000,0.000000,nan,nan,nan,nan,nan,nan
1779938855914265658,2026-05-28T10:27:35.914286,prediction,0.057728,0.138000,0.072429,True,0.074527,0.099388,0.096653,0.016799,0.038613,0.024224,3.73,20,-0.156492,0.286259,0.424837,0.000000,0.000000,0.000000,0.000000,0.000000,0.000000,nan,nan,nan,nan,nan,nan
1779938855947435738,2026-05-28T10:27:35.947457,prediction,0.061684,0.123000,0.076675,True,0.077116,0.107437,0.102551,0.015432,0.015563,0.025876,3.80,20,-0.154089,0.289663,0.433017,0.000000,0.000000,0.000000,0.000000,0.000000,0.000000,nan,nan,nan,nan,nan,nan
1779938855981292417,2026-05-28T10:27:35.981311,prediction,0.069520,0.133000,0.083374,True,0.079450,0.123437,0.106616,0.009930,0.009563,0.023242,3.87,20,-0.154089,0.289663,0.433017,0.000000,0.000000,0.000000,0.000000,0.000000,0.000000,nan,nan,nan,nan,nan,nan
1779938856017930612,2026-05-28T10:27:36.017952,prediction,0.069914,0.128000,0.088644,True,0.082363,0.125034,0.113838,0.012450,0.002966,0.025195,4.82,20,-0.152305,0.291157,0.442148,0.000000,0.000000,0.000000,0.000000,0.000000,0.000000,nan,nan,nan,nan,nan,nan
1779938856059947173,2026-05-28T10:27:36.059963,prediction,0.069648,0.167000,0.097799,True,0.076204,0.141034,0.123893,0.006556,0.025966,0.026094,4.54,20,-0.151514,0.291913,0.450573,0.000000,0.000000,0.000000,0.000000,0.000000,0.000000,nan,nan,nan,nan,nan,nan
1779938856091341064,2026-05-28T10:27:36.091358,prediction,0.074417,0.143000,0.104234,True,0.086370,0.150207,0.133152,0.011953,0.007207,0.028918,3.81,20,-0.151514,0.291913,0.450573,0.000000,0.000000,0.000000,0.000000,0.000000,0.000000,nan,nan,nan,nan,nan,nan
1779938856128797400,2026-05-28T10:27:36.128813,prediction,0.079674,0.148000,0.110322,True,0.089042,0.153375,0.137537,0.009368,0.005375,0.027215,4.24,20,-0.151403,0.294286,0.459561,0.000000,0.000000,0.000000,0.000000,0.000000,0.000000,nan,nan,nan,nan,nan,nan
1779938856169465285,2026-05-28T10:27:36.169482,prediction,0.079333,0.152000,0.113471,True,0.085881,0.169053,0.140416,0.006548,0.017053,0.026945,5.78,20,-0.151403,0.294286,0.459561,0.000000,0.000000,0.000000,0.000000,0.000000,0.000000,nan,nan,nan,nan,nan,nan
1779938856205768773,2026-05-28T10:27:36.205790,prediction,0.082507,0.148000,0.118834,True,0.089551,0.172009,0.148166,0.007044,0.024009,0.029332,4.02,20,-0.151985,0.298627,0.468571,0.000000,0.000000,0.000000,0.000000,0.000000,0.000000,nan,nan,nan,nan,nan,nan
1779938856240810889,2026-05-28T10:27:36.240828,prediction,0.089076,0.138000,0.126652,True,0.098425,0.159550,0.156907,0.009350,0.021550,0.030256,4.22,20,-0.151985,0.298627,0.468571,0.000000,0.000000,0.000000,0.000000,0.000000,0.000000,nan,nan,nan,nan,nan,nan
1779938856272989553,2026-05-28T10:27:36.273005,prediction,0.095344,0.162000,0.136763,True,0.100128,0.175550,0.167381,0.004785,0.013549,0.030618,3.69,20,-0.153020,0.304092,0.476849,0.000000,0.000000,0.000000,0.000000,0.000000,0.000000,nan,nan,nan,nan,nan,nan
1779938856308515260,2026-05-28T10:27:36.308540,prediction,0.102875,0.171000,0.145743,True,0.108384,0.191550,0.175006,0.005509,0.020550,0.029263,4.22,20,-0.153020,0.304092,0.476849,0.000000,0.000000,0.000000,0.000000,0.000000,0.000000,nan,nan,nan,nan,nan,nan
1779938856354869742,2026-05-28T10:27:36.354893,prediction,0.109396,0.162000,0.150835,True,0.119573,0.187223,0.179607,0.010178,0.025223,0.028772,4.86,20,-0.154521,0.310232,0.484617,0.000000,0.000000,0.000000,0.000000,0.000000,0.000000,nan,nan,nan,nan,nan,nan
1779938856409813942,2026-05-28T10:27:36.409844,prediction,0.111682,0.167000,0.156729,True,0.120671,0.190095,0.185993,0.008989,0.023095,0.029265,6.21,20,-0.156401,0.316608,0.492135,0.000000,0.000000,0.000000,0.000000,0.000000,0.000000,nan,nan,nan,nan,nan,nan
1779938856444375275,2026-05-28T10:27:36.444399,prediction,0.119342,0.148000,0.161395,True,0.133685,0.174369,0.192454,0.014343,0.026369,0.031059,4.31,20,-0.156401,0.316608,0.492135,0.000000,0.000000,0.000000,0.000000,0.000000,0.000000,nan,nan,nan,nan,nan,nan
1779938856482421264,2026-05-28T10:27:36.482446,prediction,0.127463,0.176000,0.168372,True,0.135523,0.190369,0.196019,0.008061,0.014369,0.027647,4.49,20,-0.158865,0.323341,0.499110,0.000000,0.000000,0.000000,0.000000,0.000000,0.000000,nan,nan,nan,nan,nan,nan
1779938856523113727,2026-05-28T10:27:36.523138,prediction,0.132474,0.204000,0.175165,True,0.142323,0.206369,0.202528,0.009849,0.002369,0.027363,4.33,20,-0.161567,0.330119,0.505865,0.000000,0.000000,0.000000,0.000000,0.000000,0.000000,nan,nan,nan,nan,nan,nan
1779938856557002802,2026-05-28T10:27:36.557026,prediction,0.137957,0.204000,0.180655,True,0.152573,0.221041,0.208624,0.014615,0.017041,0.027968,4.00,20,-0.161567,0.330119,0.505865,0.000000,0.000000,0.000000,0.000000,0.000000,0.000000,nan,nan,nan,nan,nan,nan
1779938856597187019,2026-05-28T10:27:36.597208,prediction,0.153035,0.128000,0.189102,True,0.168573,0.205041,0.215496,0.015538,0.077041,0.026394,3.87,20,-0.164797,0.336900,0.512506,0.000000,0.000000,0.000000,0.000000,0.000000,0.000000,nan,nan,nan,nan,nan,nan
1779938856643547330,2026-05-28T10:27:36.643583,prediction,0.156824,0.143000,0.192448,True,0.159753,0.195347,0.216438,0.002929,0.052347,0.023990,3.94,20,-0.164797,0.336900,0.512506,0.000000,0.000000,0.000000,0.000000,0.000000,0.000000,nan,nan,nan,nan,nan,nan
1779938856681287771,2026-05-28T10:27:36.681310,prediction,0.168416,0.162000,0.201493,True,0.175753,0.211347,0.225372,0.007338,0.049347,0.023879,4.05,20,-0.168597,0.343455,0.519020,0.000000,0.000000,0.000000,0.000000,0.000000,0.000000,nan,nan,nan,nan,nan,nan
1779938856719089108,2026-05-28T10:27:36.719111,prediction,0.171722,0.217000,0.208415,True,0.189907,0.227347,0.235880,0.018185,0.010347,0.027465,3.96,20,-0.168597,0.343455,0.519020,0.000000,0.000000,0.000000,0.000000,0.000000,0.000000,nan,nan,nan,nan,nan,nan
1779938856750526512,2026-05-28T10:27:36.750550,prediction,0.173128,0.226000,0.211335,True,0.200961,0.240703,0.243950,0.027833,0.014703,0.032614,4.00,20,-0.172681,0.349907,0.525498,0.000000,0.000000,0.000000,0.000000,0.000000,0.000000,nan,nan,nan,nan,nan,nan
1779938856787314668,2026-05-28T10:27:36.787335,prediction,0.179882,0.217000,0.211139,True,0.200516,0.242663,0.242608,0.020633,0.025663,0.031469,4.12,20,-0.177390,0.355922,0.531935,0.000000,0.000000,0.000000,0.000000,0.000000,0.000000,nan,nan,nan,nan,nan,nan
1779938856821346781,2026-05-28T10:27:36.821370,prediction,0.185318,0.199000,0.213499,True,0.198239,0.250958,0.242890,0.012921,0.051958,0.029391,4.33,20,-0.177390,0.355922,0.531935,0.000000,0.000000,0.000000,0.000000,0.000000,0.000000,nan,nan,nan,nan,nan,nan
1779938856856074043,2026-05-28T10:27:36.856095,prediction,0.188373,0.197000,0.216215,True,0.199714,0.264127,0.245361,0.011341,0.067127,0.029146,3.77,20,-0.182573,0.361675,0.538273,0.000000,0.000000,0.000000,0.000000,0.000000,0.000000,nan,nan,nan,nan,nan,nan
1779938856888181583,2026-05-28T10:27:36.888198,prediction,0.193567,0.199000,0.216252,True,0.208517,0.259333,0.243634,0.014950,0.060333,0.027382,3.91,20,-0.182573,0.361675,0.538273,0.000000,0.000000,0.000000,0.000000,0.000000,0.000000,nan,nan,nan,nan,nan,nan
1779938856920854173,2026-05-28T10:27:36.920870,prediction,0.196204,0.217000,0.216587,True,0.210891,0.260315,0.242350,0.014688,0.043315,0.025764,4.07,20,-0.188062,0.367318,0.544395,0.000000,0.000000,0.000000,0.000000,0.000000,0.000000,nan,nan,nan,nan,nan,nan
1779938856952183780,2026-05-28T10:27:36.952205,prediction,0.201413,0.235000,0.216921,True,0.215517,0.276315,0.238593,0.014104,0.041315,0.021672,4.18,20,-0.188062,0.367318,0.544395,0.000000,0.000000,0.000000,0.000000,0.000000,0.000000,nan,nan,nan,nan,nan,nan
1779938856991610043,2026-05-28T10:27:36.991632,prediction,0.202613,0.244000,0.217088,True,0.216112,0.292315,0.235379,0.013499,0.048315,0.018291,5.12,20,-0.193833,0.373038,0.550303,0.000000,0.000000,0.000000,0.000000,0.000000,0.000000,nan,nan,nan,nan,nan,nan
1779938857025378423,2026-05-28T10:27:37.025399,prediction,0.203114,0.257000,0.217330,True,0.216238,0.304451,0.233954,0.013123,0.047451,0.016625,3.75,20,-0.193833,0.373038,0.550303,0.000000,0.000000,0.000000,0.000000,0.000000,0.000000,nan,nan,nan,nan,nan,nan
1779938857060143435,2026-05-28T10:27:37.060165,prediction,0.208692,0.286000,0.217868,True,0.223204,0.320451,0.232481,0.014512,0.034451,0.014613,4.51,20,-0.199747,0.378856,0.555877,0.000000,0.000000,0.000000,0.000000,0.000000,0.000000,nan,nan,nan,nan,nan,nan
1779938857096860191,2026-05-28T10:27:37.096881,prediction,0.212223,0.310000,0.218314,True,0.227623,0.336451,0.230629,0.015400,0.026451,0.012315,3.78,20,-0.199747,0.378856,0.555877,0.000000,0.000000,0.000000,0.000000,0.000000,0.000000,nan,nan,nan,nan,nan,nan
1779938857132538239,2026-05-28T10:27:37.132561,prediction,0.219191,0.314000,0.218388,True,0.237474,0.348771,0.227470,0.018283,0.034771,0.009082,3.81,20,-0.205820,0.385045,0.561104,0.000000,0.000000,0.000000,0.000000,0.000000,0.000000,nan,nan,nan,nan,nan,nan
1779938857168567602,2026-05-28T10:27:37.168589,prediction,0.227914,0.322000,0.221088,True,0.243411,0.364771,0.228805,0.015497,0.042771,0.007717,4.77,20,-0.205820,0.385045,0.561104,0.000000,0.000000,0.000000,0.000000,0.000000,0.000000,nan,nan,nan,nan,nan,nan
1779938857202809999,2026-05-28T10:27:37.202832,prediction,0.232236,0.326000,0.223701,True,0.246785,0.380771,0.231868,0.014550,0.054770,0.008167,3.85,20,-0.211729,0.391445,0.565680,0.000000,0.000000,0.000000,0.000000,0.000000,0.000000,nan,nan,nan,nan,nan,nan
1779938857234225931,2026-05-28T10:27:37.234244,prediction,0.241601,0.330000,0.228839,True,0.261309,0.396771,0.235729,0.019708,0.066771,0.006890,3.79,20,-0.211729,0.391445,0.565680,0.000000,0.000000,0.000000,0.000000,0.000000,0.000000,nan,nan,nan,nan,nan,nan
1779938857267103655,2026-05-28T10:27:37.267123,prediction,0.243671,0.357000,0.231657,True,0.257195,0.412771,0.235139,0.013525,0.055771,0.003483,3.97,20,-0.217643,0.398405,0.569770,0.000000,0.000000,0.000000,0.000000,0.000000,0.000000,nan,nan,nan,nan,nan,nan
1779938857297100741,2026-05-28T10:27:37.297126,prediction,0.247364,0.375000,0.231843,True,0.266015,0.428771,0.233378,0.018651,0.053771,0.001535,3.86,20,-0.217643,0.398405,0.569770,0.000000,0.000000,0.000000,0.000000,0.000000,0.000000,nan,nan,nan,nan,nan,nan
1779938857327143474,2026-05-28T10:27:37.327162,prediction,0.260455,0.360000,0.234177,True,0.282015,0.418006,0.236493,0.021560,0.058006,0.002317,3.76,20,-0.223318,0.405854,0.573247,0.000000,0.000000,0.000000,0.000000,0.000000,0.000000,nan,nan,nan,nan,nan,nan
1779938857360569920,2026-05-28T10:27:37.360592,prediction,0.265340,0.349000,0.236588,True,0.288027,0.422628,0.238628,0.022687,0.073628,0.002040,4.32,20,-0.223318,0.405854,0.573247,0.000000,0.000000,0.000000,0.000000,0.000000,0.000000,nan,nan,nan,nan,nan,nan
1779938857396853701,2026-05-28T10:27:37.396872,prediction,0.273743,0.345000,0.236560,True,0.300499,0.431689,0.237297,0.026756,0.086689,0.000737,3.96,20,-0.228886,0.413665,0.576186,0.000000,0.000000,0.000000,0.000000,0.000000,0.000000,nan,nan,nan,nan,nan,nan
1779938857434004268,2026-05-28T10:27:37.434026,prediction,0.276942,0.364000,0.236694,True,0.300848,0.447689,0.234977,0.023905,0.083689,0.001717,4.20,20,-0.228886,0.413665,0.576186,0.000000,0.000000,0.000000,0.000000,0.000000,0.000000,nan,nan,nan,nan,nan,nan
1779938857466002184,2026-05-28T10:27:37.466021,prediction,0.280975,0.368000,0.236722,True,0.314263,0.450347,0.237136,0.033287,0.082347,0.000413,3.88,20,-0.234353,0.421669,0.578660,0.000000,0.000000,0.000000,0.000000,0.000000,0.000000,nan,nan,nan,nan,nan,nan
1779938857504829022,2026-05-28T10:27:37.504848,prediction,0.285217,0.371000,0.236744,True,0.317517,0.443380,0.236804,0.032300,0.072380,0.000060,4.09,20,-0.234353,0.421669,0.578660,0.000000,0.000000,0.000000,0.000000,0.000000,0.000000,nan,nan,nan,nan,nan,nan
1779938857546358850,2026-05-28T10:27:37.546377,prediction,0.289545,0.404000,0.239394,True,0.305335,0.459380,0.236927,0.015791,0.055380,0.002466,3.96,20,-0.239746,0.429766,0.580786,0.000000,0.000000,0.000000,0.000000,0.000000,0.000000,nan,nan,nan,nan,nan,nan
1779938857577761890,2026-05-28T10:27:37.577778,prediction,0.298518,0.397000,0.239356,True,0.321335,0.475380,0.235112,0.022817,0.078380,0.004243,3.82,20,-0.239746,0.429766,0.580786,0.000000,0.000000,0.000000,0.000000,0.000000,0.000000,nan,nan,nan,nan,nan,nan
1779938857613147465,2026-05-28T10:27:37.613169,prediction,0.307561,0.390000,0.239318,True,0.333344,0.481684,0.232777,0.025783,0.091684,0.006541,3.66,20,-0.245137,0.438037,0.582687,0.000000,0.000000,0.000000,0.000000,0.000000,0.000000,nan,nan,nan,nan,nan,nan
1779938857646056951,2026-05-28T10:27:37.646084,prediction,0.314828,0.371000,0.239215,True,0.342448,0.468624,0.235350,0.027620,0.097624,0.003864,3.79,20,-0.245137,0.438037,0.582687,0.000000,0.000000,0.000000,0.000000,0.000000,0.000000,nan,nan,nan,nan,nan,nan
1779938857683437489,2026-05-28T10:27:37.683472,prediction,0.316272,0.375000,0.239236,True,0.331446,0.484624,0.232795,0.015174,0.109624,0.006441,4.08,20,-0.250516,0.446278,0.584391,0.000000,0.000000,0.000000,0.000000,0.000000,0.000000,nan,nan,nan,nan,nan,nan
1779938857719738285,2026-05-28T10:27:37.719758,prediction,0.316272,0.375000,0.236772,True,0.337398,0.490771,0.227571,0.021126,0.115771,0.009201,3.85,20,-0.255881,0.454513,0.586017,0.000000,0.000000,0.000000,0.000000,0.000000,0.000000,nan,nan,nan,nan,nan,nan
1779938857754628718,2026-05-28T10:27:37.754645,prediction,0.314870,0.390000,0.236878,True,0.338859,0.490486,0.229938,0.023988,0.100486,0.006940,3.67,20,-0.255881,0.454513,0.586017,0.000000,0.000000,0.000000,0.000000,0.000000,0.000000,nan,nan,nan,nan,nan,nan
1779938857794121317,2026-05-28T10:27:37.794136,prediction,0.310051,0.418000,0.234682,True,0.324084,0.506486,0.227391,0.014033,0.088486,0.007291,3.64,20,-0.261296,0.462841,0.587490,0.000000,0.000000,0.000000,0.000000,0.000000,0.000000,nan,nan,nan,nan,nan,nan
1779938857829453036,2026-05-28T10:27:37.829474,prediction,0.311420,0.431000,0.234795,True,0.331804,0.514800,0.228471,0.020383,0.083800,0.006324,3.74,20,-0.261296,0.462841,0.587490,0.000000,0.000000,0.000000,0.000000,0.000000,0.000000,nan,nan,nan,nan,nan,nan
1779938857864762450,2026-05-28T10:27:37.864781,prediction,0.316956,0.428000,0.232392,True,0.340367,0.504198,0.222881,0.023412,0.076198,0.009511,3.70,20,-0.266669,0.471146,0.588816,0.000000,0.000000,0.000000,0.000000,0.000000,0.000000,nan,nan,nan,nan,nan,nan
1779938857895716762,2026-05-28T10:27:37.895735,prediction,0.331655,0.400000,0.229679,True,0.356367,0.488198,0.220559,0.024712,0.088198,0.009120,3.71,20,-0.266669,0.471146,0.588816,0.000000,0.000000,0.000000,0.000000,0.000000,0.000000,nan,nan,nan,nan,nan,nan
1779938857926120203,2026-05-28T10:27:37.926139,prediction,0.336391,0.382500,0.227016,True,0.355036,0.472198,0.217297,0.018645,0.089698,0.009719,3.68,20,-0.272067,0.479479,0.589987,0.000000,0.000000,0.000000,0.000000,0.000000,0.000000,nan,nan,nan,nan,nan,nan
1779938857961017679,2026-05-28T10:27:37.961038,prediction,0.329174,0.418000,0.222713,True,0.339036,0.488198,0.207822,0.009861,0.070198,0.014891,4.46,20,-0.272067,0.479479,0.589987,0.000000,0.000000,0.000000,0.000000,0.000000,0.000000,nan,nan,nan,nan,nan,nan
1779938857992002400,2026-05-28T10:27:37.992018,prediction,0.329648,0.425000,0.218067,True,0.351380,0.497058,0.203902,0.021733,0.072058,0.014165,3.72,20,-0.277472,0.487837,0.590984,0.000000,0.000000,0.000000,0.000000,0.000000,0.000000,nan,nan,nan,nan,nan,nan
1779938858028122774,2026-05-28T10:27:38.028141,prediction,0.326909,0.435000,0.211172,True,0.352603,0.491100,0.195973,0.025695,0.056100,0.015198,3.52,20,-0.277472,0.487837,0.590984,0.000000,0.000000,0.000000,0.000000,0.000000,0.000000,nan,nan,nan,nan,nan,nan
1779938858061176848,2026-05-28T10:27:38.061198,prediction,0.324795,0.468000,0.200443,True,0.336603,0.507100,0.181298,0.011808,0.039100,0.019145,3.71,20,-0.282888,0.496222,0.591759,0.000000,0.000000,0.000000,0.000000,0.000000,0.000000,nan,nan,nan,nan,nan,nan
1779938858094376359,2026-05-28T10:27:38.094395,prediction,0.319497,0.487000,0.194236,True,0.320603,0.523100,0.176500,0.001106,0.036100,0.017735,3.81,20,-0.282888,0.496222,0.591759,0.000000,0.000000,0.000000,0.000000,0.000000,0.000000,nan,nan,nan,nan,nan,nan
1779938858123498192,2026-05-28T10:27:38.123519,prediction,0.318409,0.499000,0.190174,True,0.320095,0.539100,0.171927,0.001686,0.040100,0.018247,3.69,20,-0.288256,0.504631,0.592218,0.000000,0.000000,0.000000,0.000000,0.000000,0.000000,nan,nan,nan,nan,nan,nan
1779938858160062770,2026-05-28T10:27:38.160084,prediction,0.321513,0.496000,0.183252,True,0.327799,0.542583,0.163816,0.006286,0.046583,0.019436,4.10,20,-0.288256,0.504631,0.592218,0.000000,0.000000,0.000000,0.000000,0.000000,0.000000,nan,nan,nan,nan,nan,nan
1779938858192617582,2026-05-28T10:27:38.192639,prediction,0.323775,0.496000,0.178721,True,0.318692,0.558583,0.153540,0.005084,0.062583,0.025181,3.75,20,-0.293471,0.513165,0.592311,0.000000,0.000000,0.000000,0.000000,0.000000,0.000000,nan,nan,nan,nan,nan,nan
1779938858227021393,2026-05-28T10:27:38.227040,prediction,0.321757,0.511000,0.172745,True,0.306528,0.574583,0.143738,0.015229,0.063583,0.029007,3.61,20,-0.293471,0.513165,0.592311,0.000000,0.000000,0.000000,0.000000,0.000000,0.000000,nan,nan,nan,nan,nan,nan
1779938858260388297,2026-05-28T10:27:38.260411,prediction,0.317106,0.535000,0.169655,True,0.302554,0.590583,0.143919,0.014552,0.055583,0.025736,3.52,20,-0.298444,0.521815,0.591953,0.000000,0.000000,0.000000,0.000000,0.000000,0.000000,nan,nan,nan,nan,nan,nan
1779938858293883067,2026-05-28T10:27:38.293918,prediction,0.325367,0.514000,0.161729,True,0.318554,0.579515,0.138959,0.006813,0.065515,0.022770,4.54,20,-0.298444,0.521815,0.591953,0.000000,0.000000,0.000000,0.000000,0.000000,0.000000,nan,nan,nan,nan,nan,nan
1779938858326225450,2026-05-28T10:27:38.326241,prediction,0.323245,0.529000,0.158250,True,0.307512,0.592613,0.128514,0.015733,0.063613,0.029736,6.46,20,-0.303134,0.530611,0.591112,0.000000,0.000000,0.000000,0.000000,0.000000,0.000000,nan,nan,nan,nan,nan,nan
1779938858357248405,2026-05-28T10:27:38.357263,prediction,0.321074,0.544000,0.152683,True,0.306903,0.608613,0.122040,0.014171,0.064613,0.030643,6.26,20,-0.303134,0.530611,0.591112,0.000000,0.000000,0.000000,0.000000,0.000000,0.000000,nan,nan,nan,nan,nan,nan
1779938858387011978,2026-05-28T10:27:38.387026,prediction,0.327662,0.529000,0.149404,True,0.322903,0.614099,0.122437,0.004759,0.085099,0.026967,4.28,20,-0.307494,0.539547,0.589736,0.000000,0.000000,0.000000,0.000000,0.000000,0.000000,nan,nan,nan,nan,nan,nan
1779938858418756934,2026-05-28T10:27:38.418773,prediction,0.329870,0.529000,0.142770,True,0.326267,0.609461,0.114272,0.003603,0.080461,0.028498,4.09,20,-0.307494,0.539547,0.589736,0.000000,0.000000,0.000000,0.000000,0.000000,0.000000,nan,nan,nan,nan,nan,nan
1779938858456076563,2026-05-28T10:27:38.456092,prediction,0.329407,0.538000,0.136880,True,0.320237,0.623698,0.107550,0.009169,0.085698,0.029329,4.21,20,-0.311437,0.548510,0.587865,0.000000,0.000000,0.000000,0.000000,0.000000,0.000000,nan,nan,nan,nan,nan,nan
1779938858486106316,2026-05-28T10:27:38.486125,prediction,0.326735,0.547000,0.133260,True,0.312324,0.639698,0.104023,0.014411,0.092698,0.029237,3.94,20,-0.311437,0.548510,0.587865,0.000000,0.000000,0.000000,0.000000,0.000000,0.000000,nan,nan,nan,nan,nan,nan
1779938858527043067,2026-05-28T10:27:38.527069,prediction,0.329870,0.529000,0.125079,True,0.328037,0.623698,0.098822,0.001833,0.094698,0.026257,4.15,20,-0.314985,0.557558,0.585548,0.000000,0.000000,0.000000,0.000000,0.000000,0.000000,nan,nan,nan,nan,nan,nan
1779938858556407682,2026-05-28T10:27:38.556425,prediction,0.324578,0.532000,0.118732,True,0.323605,0.607698,0.089265,0.000972,0.075698,0.029466,3.66,20,-0.314985,0.557558,0.585548,0.000000,0.000000,0.000000,0.000000,0.000000,0.000000,nan,nan,nan,nan,nan,nan
1779938858633587350,2026-05-28T10:27:38.633612,prediction,0.321074,0.544000,0.106761,True,0.319471,0.623698,0.074416,0.001603,0.079698,0.032345,4.00,20,-0.318172,0.566686,0.582868,0.000000,0.000000,0.000000,0.000000,0.000000,0.000000,nan,nan,nan,nan,nan,nan
1779938858663943465,2026-05-28T10:27:38.663960,prediction,0.322377,0.547000,0.107078,True,0.327084,0.623717,0.080999,0.004707,0.076717,0.026078,3.72,20,-0.321213,0.575778,0.580030,0.000000,0.000000,0.000000,0.000000,0.000000,0.000000,nan,nan,nan,nan,nan,nan
1779938858742826968,2026-05-28T10:27:38.742846,prediction,0.315841,0.547000,0.096168,True,0.319908,0.614299,0.072905,0.004067,0.067299,0.023263,3.60,20,-0.324144,0.584842,0.577051,0.000000,0.000000,0.000000,0.000000,0.000000,0.000000,nan,nan,nan,nan,nan,nan
1779938858773334592,2026-05-28T10:27:38.773353,prediction,0.317149,0.550000,0.094333,True,0.321138,0.603227,0.071289,0.003989,0.053227,0.023044,3.80,20,-0.324144,0.584842,0.577051,0.000000,0.000000,0.000000,0.000000,0.000000,0.000000,nan,nan,nan,nan,nan,nan
1779938858857221035,2026-05-28T10:27:38.857239,prediction,0.315697,0.555000,0.088404,True,0.315851,0.609686,0.063132,0.000154,0.054686,0.025272,3.83,20,-0.329626,0.602954,0.570521,0.000000,0.000000,0.000000,0.000000,0.000000,0.000000,nan,nan,nan,nan,nan,nan
1779938858891971368,2026-05-28T10:27:38.891991,prediction,0.321308,0.558000,0.084438,True,0.327388,0.608377,0.062005,0.006079,0.050377,0.022434,3.70,20,-0.329626,0.602954,0.570521,0.000000,0.000000,0.000000,0.000000,0.000000,0.000000,nan,nan,nan,nan,nan,nan
1779938858978275069,2026-05-28T10:27:38.978293,prediction,0.301861,0.558000,0.086602,True,0.312509,0.598327,0.066639,0.010647,0.040327,0.019963,4.53,20,-0.332286,0.611904,0.566995,0.000000,0.000000,0.000000,0.000000,0.000000,0.000000,nan,nan,nan,nan,nan,nan
1779938859020379792,2026-05-28T10:27:39.020397,prediction,0.300589,0.547000,0.074350,True,0.317679,0.582327,0.057069,0.017090,0.035327,0.017281,4.82,20,-0.334904,0.620844,0.563321,0.000000,0.000000,0.000000,0.000000,0.000000,0.000000,nan,nan,nan,nan,nan,nan
1779938859105077507,2026-05-28T10:27:39.105095,prediction,0.304947,0.547000,0.065623,True,0.325546,0.580967,0.046008,0.020600,0.033967,0.019615,3.81,20,-0.337488,0.629702,0.559517,0.000000,0.000000,0.000000,0.000000,0.000000,0.000000,nan,nan,nan,nan,nan,nan
1779938859135402492,2026-05-28T10:27:39.135420,prediction,0.312900,0.572000,0.058340,True,0.328679,0.596967,0.038801,0.015779,0.024967,0.019540,3.88,20,-0.340082,0.638496,0.555548,0.000000,0.000000,0.000000,0.000000,0.000000,0.000000,nan,nan,nan,nan,nan,nan
1779938859210062471,2026-05-28T10:27:39.210085,prediction,0.297053,0.544000,0.082706,True,0.315054,0.589052,0.054801,0.018001,0.045052,0.027906,3.91,20,-0.342671,0.647229,0.551377,0.000000,0.000000,0.000000,0.000000,0.000000,0.000000,nan,nan,nan,nan,nan,nan
1779938859240532311,2026-05-28T10:27:39.240553,prediction,0.288526,0.535000,0.072786,True,0.299054,0.573052,0.059836,0.010528,0.038052,0.012950,3.87,20,-0.342671,0.647229,0.551377,0.000000,0.000000,0.000000,0.000000,0.000000,0.000000,nan,nan,nan,nan,nan,nan
1779938859272382785,2026-05-28T10:27:39.272404,prediction,0.287729,0.538000,0.070981,True,0.295255,0.561279,0.052559,0.007526,0.023279,0.018421,3.63,20,-0.345157,0.655810,0.546884,0.000000,0.000000,0.000000,0.000000,0.000000,0.000000,nan,nan,nan,nan,nan,nan
1779938859353520935,2026-05-28T10:27:39.353541,prediction,0.290724,0.535000,0.081593,True,0.295611,0.551937,0.066835,0.004886,0.016937,0.014758,3.92,20,-0.347578,0.664283,0.542236,0.000000,0.000000,0.000000,0.000000,0.000000,0.000000,nan,nan,nan,nan,nan,nan
1779938859387172908,2026-05-28T10:27:39.387192,prediction,0.307972,0.544000,0.071772,True,0.305621,0.544916,0.061306,0.002351,0.000916,0.010467,3.84,20,-0.349943,0.672779,0.537372,0.000000,0.000000,0.000000,0.000000,0.000000,0.000000,nan,nan,nan,nan,nan,nan
1779938859467855856,2026-05-28T10:27:39.467876,prediction,0.298410,0.547000,0.063441,True,0.296363,0.541289,0.050619,0.002047,0.005711,0.012822,4.31,20,-0.352235,0.681104,0.532387,0.000000,0.000000,0.000000,0.000000,0.000000,0.000000,nan,nan,nan,nan,nan,nan
1779938859496971472,2026-05-28T10:27:39.496993,prediction,0.306631,0.564000,0.057180,True,0.312363,0.551498,0.040649,0.005731,0.012502,0.016531,3.57,20,-0.352235,0.681104,0.532387,0.000000,0.000000,0.000000,0.000000,0.000000,0.000000,nan,nan,nan,nan,nan,nan
1779938859527392009,2026-05-28T10:27:39.527412,prediction,0.308344,0.558000,0.062801,True,0.328363,0.551431,0.053360,0.020019,0.006569,0.009441,3.79,20,-0.354445,0.689192,0.526979,0.000000,0.000000,0.000000,0.000000,0.000000,0.000000,nan,nan,nan,nan,nan,nan
1779938859600275415,2026-05-28T10:27:39.600297,prediction,0.284129,0.535000,0.083794,True,0.312363,0.535431,0.069360,0.028234,0.000431,0.014435,3.84,20,-0.356719,0.697172,0.521330,0.000000,0.000000,0.000000,0.000000,0.000000,0.000000,nan,nan,nan,nan,nan,nan
1779938859636401944,2026-05-28T10:27:39.636418,prediction,0.301931,0.550000,0.061679,True,0.323327,0.528078,0.059595,0.021396,0.021922,0.002084,3.51,20,-0.356719,0.697172,0.521330,0.000000,0.000000,0.000000,0.000000,0.000000,0.000000,nan,nan,nan,nan,nan,nan
1779938859716590763,2026-05-28T10:27:39.716606,prediction,0.274726,0.520000,0.077511,True,0.325353,0.519937,0.051756,0.050626,0.000063,0.025755,3.87,20,-0.359083,0.704797,0.515376,0.000000,0.000000,0.000000,0.000000,0.000000,0.000000,nan,nan,nan,nan,nan,nan
1779938859746407252,2026-05-28T10:27:39.746425,prediction,0.289323,0.532000,0.076809,True,0.341353,0.512093,0.047194,0.052030,0.019907,0.029614,3.80,20,-0.361522,0.712269,0.509176,0.000000,0.000000,0.000000,0.000000,0.000000,0.000000,nan,nan,nan,nan,nan,nan
1779938859820925052,2026-05-28T10:27:39.820946,prediction,0.281930,0.535000,0.083794,True,0.341677,0.515868,0.057056,0.059747,0.019132,0.026738,3.45,20,-0.364158,0.719456,0.502712,0.000000,0.000000,0.000000,0.000000,0.000000,0.000000,nan,nan,nan,nan,nan,nan
1779938859852768340,2026-05-28T10:27:39.852787,prediction,0.280623,0.523000,0.075666,True,0.336940,0.504142,0.050100,0.056317,0.018858,0.025566,3.58,20,-0.364158,0.719456,0.502712,0.000000,0.000000,0.000000,0.000000,0.000000,0.000000,nan,nan,nan,nan,nan,nan
1779938859928301769,2026-05-28T10:27:39.928323,prediction,0.285535,0.538000,0.064391,True,0.333150,0.513738,0.036457,0.047615,0.024262,0.027934,3.75,20,-0.370153,0.732734,0.489086,0.000000,0.000000,0.000000,0.000000,0.000000,0.000000,nan,nan,nan,nan,nan,nan
1779938859957219114,2026-05-28T10:27:39.957240,prediction,0.295686,0.541000,0.062610,True,0.339470,0.510704,0.047958,0.043784,0.030296,0.014652,3.60,20,-0.370153,0.732734,0.489086,0.000000,0.000000,0.000000,0.000000,0.000000,0.000000,nan,nan,nan,nan,nan,nan
1779938859987986083,2026-05-28T10:27:39.988007,prediction,0.295933,0.532000,0.070189,True,0.331977,0.499025,0.060691,0.036044,0.032975,0.009498,4.19,20,-0.373836,0.738111,0.481430,0.000000,0.000000,0.000000,0.000000,0.000000,0.000000,nan,nan,nan,nan,nan,nan
1779938860064939514,2026-05-28T10:27:40.064963,prediction,0.288526,0.535000,0.068383,True,0.315977,0.498105,0.055132,0.027451,0.036895,0.013251,3.73,20,-0.377986,0.742683,0.473567,0.000000,0.000000,0.000000,0.000000,0.000000,0.000000,nan,nan,nan,nan,nan,nan
1779938860097619318,2026-05-28T10:27:40.097641,prediction,0.292116,0.538000,0.064391,True,0.324333,0.502376,0.047873,0.032217,0.035624,0.016518,3.63,20,-0.377986,0.742683,0.473567,0.000000,0.000000,0.000000,0.000000,0.000000,0.000000,nan,nan,nan,nan,nan,nan
1779938860128439517,2026-05-28T10:27:40.128461,prediction,0.292923,0.535000,0.072786,True,0.327238,0.500043,0.062234,0.034316,0.034957,0.010552,3.92,20,-0.382946,0.745232,0.465352,0.000000,0.000000,0.000000,0.000000,0.000000,0.000000,nan,nan,nan,nan,nan,nan
1779938860161498353,2026-05-28T10:27:40.161515,prediction,0.296503,0.538000,0.070981,True,0.324623,0.499395,0.065029,0.028120,0.038605,0.005952,4.08,20,-0.382946,0.745232,0.465352,0.000000,0.000000,0.000000,0.000000,0.000000,0.000000,nan,nan,nan,nan,nan,nan
1779938860193785743,2026-05-28T10:27:40.193803,prediction,0.294053,0.547000,0.076532,True,0.313881,0.513921,0.067651,0.019829,0.033079,0.008881,4.04,20,-0.388705,0.745694,0.457240,0.000000,0.000000,0.000000,0.000000,0.000000,0.000000,nan,nan,nan,nan,nan,nan
1779938860224361603,2026-05-28T10:27:40.224379,prediction,0.298953,0.529000,0.078639,True,0.323972,0.498965,0.070426,0.025019,0.030035,0.008213,3.94,20,-0.388705,0.745694,0.457240,0.000000,0.000000,0.000000,0.000000,0.000000,0.000000,nan,nan,nan,nan,nan,nan
1779938860257198929,2026-05-28T10:27:40.257220,prediction,0.297320,0.535000,0.079391,True,0.319910,0.506553,0.071707,0.022590,0.028447,0.007684,3.71,20,-0.394696,0.744053,0.449842,0.000000,0.000000,0.000000,0.000000,0.000000,0.000000,nan,nan,nan,nan,nan,nan
1779938860294700845,2026-05-28T10:27:40.294723,prediction,0.288852,0.517000,0.079366,True,0.307765,0.494422,0.078057,0.018913,0.022578,0.001309,3.83,20,-0.394696,0.744053,0.449842,0.000000,0.000000,0.000000,0.000000,0.000000,0.000000,nan,nan,nan,nan,nan,nan
1779938860325441274,2026-05-28T10:27:40.325461,prediction,0.278405,0.523000,0.080108,True,0.291765,0.497879,0.077631,0.013360,0.025121,0.002477,3.84,20,-0.400082,0.740733,0.443755,0.000000,0.000000,0.000000,0.000000,0.000000,0.000000,nan,nan,nan,nan,nan,nan
1779938860368660759,2026-05-28T10:27:40.368681,prediction,0.278405,0.523000,0.082329,True,0.298336,0.498214,0.081718,0.019931,0.024786,0.000612,3.83,20,-0.400082,0.740733,0.443755,0.000000,0.000000,0.000000,0.000000,0.000000,0.000000,nan,nan,nan,nan,nan,nan
1779938860399724609,2026-05-28T10:27:40.399746,prediction,0.275484,0.517000,0.083828,True,0.293834,0.486486,0.086345,0.018350,0.030514,0.002517,3.94,20,-0.404228,0.736435,0.439203,0.000000,0.000000,0.000000,0.000000,0.000000,0.000000,nan,nan,nan,nan,nan,nan
1779938860430480056,2026-05-28T10:27:40.430502,prediction,0.273969,0.523000,0.084551,True,0.283288,0.493686,0.086941,0.009319,0.029314,0.002390,3.86,20,-0.404228,0.736435,0.439203,0.000000,0.000000,0.000000,0.000000,0.000000,0.000000,nan,nan,nan,nan,nan,nan
1779938860469856369,2026-05-28T10:27:40.469877,prediction,0.274009,0.514000,0.083467,True,0.281394,0.483123,0.089360,0.007385,0.030877,0.005893,4.02,20,-0.406932,0.731419,0.436193,0.000000,0.000000,0.000000,0.000000,0.000000,0.000000,nan,nan,nan,nan,nan,nan
1779938860504843865,2026-05-28T10:27:40.504864,prediction,0.273256,0.517000,0.083828,True,0.277614,0.486814,0.088141,0.004357,0.030187,0.004313,3.85,20,-0.406932,0.731419,0.436193,0.000000,0.000000,0.000000,0.000000,0.000000,0.000000,nan,nan,nan,nan,nan,nan
1779938860546373735,2026-05-28T10:27:40.546395,prediction,0.274768,0.502000,0.082022,True,0.282811,0.471937,0.088669,0.008044,0.030063,0.006647,3.68,20,-0.408116,0.726822,0.434738,0.000000,0.000000,0.000000,0.000000,0.000000,0.000000,nan,nan,nan,nan,nan,nan
1779938860582440529,2026-05-28T10:27:40.582461,prediction,0.285951,0.511000,0.080864,True,0.288797,0.476609,0.085069,0.002846,0.034391,0.004205,3.54,20,-0.408116,0.726822,0.434738,0.000000,0.000000,0.000000,0.000000,0.000000,0.000000,nan,nan,nan,nan,nan,nan
1779938860616072965,2026-05-28T10:27:40.616094,prediction,0.278515,0.505000,0.082383,True,0.278298,0.479074,0.087007,0.000217,0.025926,0.004624,3.46,20,-0.407803,0.722853,0.434793,0.000000,0.000000,0.000000,0.000000,0.000000,0.000000,nan,nan,nan,nan,nan,nan
1779938860649077180,2026-05-28T10:27:40.649097,prediction,0.276263,0.496000,0.081299,True,0.278308,0.466541,0.085708,0.002045,0.029459,0.004409,3.84,20,-0.407803,0.722853,0.434793,0.000000,0.000000,0.000000,0.000000,0.000000,0.000000,nan,nan,nan,nan,nan,nan
1779938860683997152,2026-05-28T10:27:40.684013,prediction,0.271772,0.505000,0.082383,True,0.271826,0.472615,0.084816,0.000054,0.032385,0.002434,4.02,20,-0.405978,0.719490,0.436361,0.000000,0.000000,0.000000,0.000000,0.000000,0.000000,nan,nan,nan,nan,nan,nan
1779938860719628792,2026-05-28T10:27:40.719642,prediction,0.276230,0.487000,0.082495,True,0.285251,0.456615,0.087713,0.009021,0.030385,0.005218,3.82,20,-0.402631,0.716668,0.439454,0.000000,0.000000,0.000000,0.000000,0.000000,0.000000,nan,nan,nan,nan,nan,nan
1779938860753224973,2026-05-28T10:27:40.753251,prediction,0.274690,0.484000,0.082139,True,0.280006,0.448529,0.084643,0.005315,0.035471,0.002504,3.87,20,-0.402631,0.716668,0.439454,0.000000,0.000000,0.000000,0.000000,0.000000,0.000000,nan,nan,nan,nan,nan,nan
1779938860786316590,2026-05-28T10:27:40.786338,prediction,0.271675,0.487000,0.087056,True,0.274220,0.447272,0.094216,0.002545,0.039728,0.007160,4.09,20,-0.402631,0.716668,0.439454,0.000000,0.000000,0.000000,0.000000,0.000000,0.000000,nan,nan,nan,nan,nan,nan
1779938860815864848,2026-05-28T10:27:40.815884,prediction,0.266397,0.490000,0.087403,True,0.268981,0.449620,0.094282,0.002584,0.040380,0.006879,3.72,20,-0.397444,0.714210,0.443800,0.000000,0.000000,0.000000,0.000000,0.000000,0.000000,nan,nan,nan,nan,nan,nan
1779938860854367454,2026-05-28T10:27:40.854389,prediction,0.264843,0.487000,0.089337,True,0.270525,0.442927,0.096580,0.005681,0.044073,0.007243,4.30,20,-0.390298,0.711719,0.449158,0.000000,0.000000,0.000000,0.000000,0.000000,0.000000,nan,nan,nan,nan,nan,nan
1779938860886954309,2026-05-28T10:27:40.886969,prediction,0.267844,0.484000,0.088995,True,0.273440,0.434609,0.096338,0.005596,0.049391,0.007343,3.65,20,-0.390298,0.711719,0.449158,0.000000,0.000000,0.000000,0.000000,0.000000,0.000000,nan,nan,nan,nan,nan,nan
1779938860916944573,2026-05-28T10:27:40.916958,prediction,0.265674,0.493000,0.090020,True,0.261851,0.449568,0.096995,0.003824,0.043432,0.006975,3.64,20,-0.390298,0.711719,0.449158,0.000000,0.000000,0.000000,0.000000,0.000000,0.000000,nan,nan,nan,nan,nan,nan
1779938860954135395,2026-05-28T10:27:40.954151,prediction,0.268808,0.480000,0.090832,True,0.271512,0.436717,0.101243,0.002703,0.043283,0.010412,3.82,20,-0.382785,0.707746,0.454431,0.000000,0.000000,0.000000,0.000000,0.000000,0.000000,nan,nan,nan,nan,nan,nan
1779938860985687764,2026-05-28T10:27:40.985707,prediction,0.270255,0.474000,0.090158,True,0.274083,0.427023,0.098672,0.003828,0.046977,0.008514,3.76,20,-0.382785,0.707746,0.454431,0.000000,0.000000,0.000000,0.000000,0.000000,0.000000,nan,nan,nan,nan,nan,nan
1779938861018163374,2026-05-28T10:27:41.018184,prediction,0.264944,0.477000,0.090495,True,0.264683,0.431546,0.098434,0.000261,0.045454,0.007939,4.39,20,-0.375503,0.703232,0.459576,0.000000,0.000000,0.000000,0.000000,0.000000,0.000000,nan,nan,nan,nan,nan,nan
1779938861053346156,2026-05-28T10:27:41.053361,prediction,0.264231,0.480000,0.090832,True,0.265028,0.437219,0.099816,0.000798,0.042781,0.008984,4.33,20,-0.368882,0.697472,0.464350,0.000000,0.000000,0.000000,0.000000,0.000000,0.000000,nan,nan,nan,nan,nan,nan
1779938861096292121,2026-05-28T10:27:41.096307,prediction,0.265562,0.484000,0.091280,True,0.268939,0.441543,0.100236,0.003377,0.042457,0.008955,3.63,20,-0.368882,0.697472,0.464350,0.000000,0.000000,0.000000,0.000000,0.000000,0.000000,nan,nan,nan,nan,nan,nan
1779938861126786889,2026-05-28T10:27:41.126803,prediction,0.267238,0.477000,0.090495,True,0.273427,0.432168,0.099357,0.006189,0.044832,0.008862,3.95,20,-0.362826,0.690842,0.468709,0.000000,0.000000,0.000000,0.000000,0.000000,0.000000,nan,nan,nan,nan,nan,nan
1779938861162681729,2026-05-28T10:27:41.162701,prediction,0.266371,0.471000,0.089822,True,0.267986,0.427114,0.096756,0.001614,0.043886,0.006935,3.80,20,-0.362826,0.690842,0.468709,0.000000,0.000000,0.000000,0.000000,0.000000,0.000000,nan,nan,nan,nan,nan,nan
1779938861192445193,2026-05-28T10:27:41.192466,prediction,0.261139,0.493000,0.092290,True,0.251986,0.443114,0.098878,0.009154,0.049886,0.006587,4.29,20,-0.357515,0.683365,0.472781,0.000000,0.000000,0.000000,0.000000,0.000000,0.000000,nan,nan,nan,nan,nan,nan
1779938861226994135,2026-05-28T10:27:41.227016,prediction,0.263280,0.484000,0.091280,True,0.265783,0.449702,0.100141,0.002504,0.034298,0.008860,4.07,20,-0.357515,0.683365,0.472781,0.000000,0.000000,0.000000,0.000000,0.000000,0.000000,nan,nan,nan,nan,nan,nan
1779938861261187236,2026-05-28T10:27:41.261205,prediction,0.264843,0.487000,0.091617,True,0.269027,0.450421,0.098121,0.004183,0.036579,0.006504,4.04,20,-0.352490,0.675623,0.476589,0.000000,0.000000,0.000000,0.000000,0.000000,0.000000,nan,nan,nan,nan,nan,nan
1779938861296830367,2026-05-28T10:27:41.296849,prediction,0.266520,0.480000,0.090832,True,0.270701,0.449506,0.097856,0.004182,0.030494,0.007025,4.05,20,-0.352490,0.675623,0.476589,0.000000,0.000000,0.000000,0.000000,0.000000,0.000000,nan,nan,nan,nan,nan,nan
1779938861327862080,2026-05-28T10:27:41.327883,prediction,0.268808,0.480000,0.090832,True,0.268534,0.459693,0.096586,0.000274,0.020307,0.005754,3.72,20,-0.348125,0.668291,0.480058,0.000000,0.000000,0.000000,0.000000,0.000000,0.000000,nan,nan,nan,nan,nan,nan
1779938861363318618,2026-05-28T10:27:41.363343,prediction,0.268670,0.490000,0.091954,True,0.267386,0.475693,0.096928,0.001284,0.014307,0.004975,3.79,20,-0.348125,0.668291,0.480058,0.000000,0.000000,0.000000,0.000000,0.000000,0.000000,nan,nan,nan,nan,nan,nan
1779938861394861282,2026-05-28T10:27:41.394885,prediction,0.270126,0.484000,0.091280,True,0.275797,0.466229,0.097451,0.005671,0.017772,0.006170,4.35,20,-0.344781,0.662676,0.482715,0.000000,0.000000,0.000000,0.000000,0.000000,0.000000,nan,nan,nan,nan,nan,nan
1779938861426848327,2026-05-28T10:27:41.426864,prediction,0.269398,0.487000,0.091617,True,0.270668,0.466187,0.095341,0.001270,0.020813,0.003724,4.36,20,-0.344781,0.662676,0.482715,0.000000,0.000000,0.000000,0.000000,0.000000,0.000000,nan,nan,nan,nan,nan,nan
1779938861460287058,2026-05-28T10:27:41.460304,prediction,0.271825,0.477000,0.090495,True,0.277573,0.460496,0.094967,0.005748,0.016504,0.004472,4.20,20,-0.342515,0.658869,0.484516,0.000000,0.000000,0.000000,0.000000,0.000000,0.000000,nan,nan,nan,nan,nan,nan
1779938861493510258,2026-05-28T10:27:41.493534,prediction,0.268808,0.480000,0.090832,True,0.271102,0.465383,0.093534,0.002294,0.014617,0.002702,4.29,20,-0.342515,0.658869,0.484516,0.000000,0.000000,0.000000,0.000000,0.000000,0.000000,nan,nan,nan,nan,nan,nan
1779938861526729516,2026-05-28T10:27:41.526749,prediction,0.268808,0.480000,0.090832,True,0.275916,0.463185,0.094615,0.007108,0.016815,0.003783,4.62,20,-0.343967,0.663254,0.483462,0.000000,0.000000,0.000000,0.000000,0.000000,0.000000,nan,nan,nan,nan,nan,nan
1779938861560064879,2026-05-28T10:27:41.560086,prediction,0.260997,0.484000,0.091280,True,0.267071,0.465209,0.095009,0.006074,0.018791,0.003729,3.90,20,-0.343967,0.663254,0.483462,0.000000,0.000000,0.000000,0.000000,0.000000,0.000000,nan,nan,nan,nan,nan,nan
1779938861593262055,2026-05-28T10:27:41.593285,prediction,0.263359,0.474000,0.090158,True,0.275273,0.451445,0.094232,0.011914,0.022555,0.004074,4.22,20,-0.344433,0.665413,0.483117,0.000000,0.000000,0.000000,0.000000,0.000000,0.000000,nan,nan,nan,nan,nan,nan
1779938861627791549,2026-05-28T10:27:41.627814,prediction,0.266520,0.480000,0.090832,True,0.276703,0.458147,0.093021,0.010183,0.021853,0.002190,4.02,20,-0.344433,0.665413,0.483117,0.000000,0.000000,0.000000,0.000000,0.000000,0.000000,nan,nan,nan,nan,nan,nan
1779938861659283305,2026-05-28T10:27:41.659304,prediction,0.266520,0.480000,0.090832,True,0.273665,0.463062,0.093669,0.007145,0.016938,0.002838,4.37,20,-0.345230,0.669704,0.482290,0.000000,0.000000,0.000000,0.000000,0.000000,0.000000,nan,nan,nan,nan,nan,nan
1779938861694766944,2026-05-28T10:27:41.694789,prediction,0.272553,0.474000,0.090158,True,0.283011,0.452914,0.093662,0.010458,0.021086,0.003504,4.00,20,-0.345230,0.669704,0.482290,0.000000,0.000000,0.000000,0.000000,0.000000,0.000000,nan,nan,nan,nan,nan,nan
1779938861726440599,2026-05-28T10:27:41.726462,prediction,0.271825,0.477000,0.090495,True,0.279421,0.456216,0.092037,0.007596,0.020784,0.001543,4.19,20,-0.347211,0.673996,0.481567,0.000000,0.000000,0.000000,0.000000,0.000000,0.000000,nan,nan,nan,nan,nan,nan
1779938861759993848,2026-05-28T10:27:41.760016,prediction,0.269398,0.487000,0.091617,True,0.275595,0.470258,0.093917,0.006197,0.016742,0.002299,3.99,20,-0.347211,0.673996,0.481567,0.000000,0.000000,0.000000,0.000000,0.000000,0.000000,nan,nan,nan,nan,nan,nan
1779938861792020710,2026-05-28T10:27:41.792044,prediction,0.274119,0.477000,0.090495,True,0.286881,0.460234,0.093970,0.012762,0.016766,0.003475,4.23,20,-0.349308,0.677232,0.480576,0.000000,0.000000,0.000000,0.000000,0.000000,0.000000,nan,nan,nan,nan,nan,nan
1779938861839610259,2026-05-28T10:27:41.839634,prediction,0.273386,0.480000,0.090832,True,0.284431,0.461198,0.092576,0.011045,0.018802,0.001745,4.00,20,-0.349308,0.677232,0.480576,0.000000,0.000000,0.000000,0.000000,0.000000,0.000000,nan,nan,nan,nan,nan,nan
1779938861869610559,2026-05-28T10:27:41.869631,prediction,0.270255,0.474000,0.090158,True,0.280063,0.457002,0.092970,0.009808,0.016998,0.002812,4.31,20,-0.351751,0.679177,0.479971,0.000000,0.000000,0.000000,0.000000,0.000000,0.000000,nan,nan,nan,nan,nan,nan
1779938861900316804,2026-05-28T10:27:41.900338,prediction,0.268808,0.480000,0.090832,True,0.275017,0.465594,0.092990,0.006209,0.014406,0.002158,3.94,20,-0.351751,0.679177,0.479971,0.000000,0.000000,0.000000,0.000000,0.000000,0.000000,nan,nan,nan,nan,nan,nan
1779938861936436474,2026-05-28T10:27:41.936460,prediction,0.271825,0.477000,0.090495,True,0.283982,0.460720,0.093417,0.012157,0.016280,0.002922,3.92,20,-0.352552,0.679921,0.479602,0.000000,0.000000,0.000000,0.000000,0.000000,0.000000,nan,nan,nan,nan,nan,nan
1779938861967993644,2026-05-28T10:27:41.968013,prediction,0.273282,0.471000,0.092128,True,0.286347,0.450061,0.095050,0.013065,0.020939,0.002922,3.89,20,-0.352552,0.679921,0.479602,0.000000,0.000000,0.000000,0.000000,0.000000,0.000000,nan,nan,nan,nan,nan,nan
1779938862003435668,2026-05-28T10:27:42.003459,prediction,0.271825,0.477000,0.092792,True,0.277014,0.457792,0.094207,0.005189,0.019208,0.001415,3.86,20,-0.353600,0.679559,0.478962,0.000000,0.000000,0.000000,0.000000,0.000000,0.000000,nan,nan,nan,nan,nan,nan
1779938862038095776,2026-05-28T10:27:42.038116,prediction,0.271825,0.477000,0.092792,True,0.280576,0.459975,0.095504,0.008751,0.017025,0.002712,3.90,20,-0.353600,0.679559,0.478962,0.000000,0.000000,0.000000,0.000000,0.000000,0.000000,nan,nan,nan,nan,nan,nan
1779938862079919737,2026-05-28T10:27:42.079942,prediction,0.269398,0.487000,0.093897,True,0.277111,0.469675,0.096074,0.007713,0.017325,0.002177,4.39,20,-0.354463,0.678819,0.480152,0.000000,0.000000,0.000000,0.000000,0.000000,0.000000,nan,nan,nan,nan,nan,nan
1779938862109287752,2026-05-28T10:27:42.109308,prediction,0.272408,0.484000,0.093566,True,0.285647,0.462809,0.097949,0.013239,0.021191,0.004383,3.77,20,-0.354463,0.678819,0.480152,0.000000,0.000000,0.000000,0.000000,0.000000,0.000000,nan,nan,nan,nan,nan,nan
1779938862144596072,2026-05-28T10:27:42.144617,prediction,0.271675,0.487000,0.093897,True,0.279949,0.465571,0.097246,0.008274,0.021429,0.003348,4.01,20,-0.355381,0.678193,0.479127,0.000000,0.000000,0.000000,0.000000,0.000000,0.000000,nan,nan,nan,nan,nan,nan
1779938862180665630,2026-05-28T10:27:42.180688,prediction,0.273386,0.480000,0.093123,True,0.283736,0.463125,0.096587,0.010350,0.016875,0.003463,4.06,20,-0.355381,0.678193,0.479127,0.000000,0.000000,0.000000,0.000000,0.000000,0.000000,nan,nan,nan,nan,nan,nan
1779938862213051747,2026-05-28T10:27:42.213072,prediction,0.273386,0.480000,0.093123,True,0.283101,0.463638,0.096090,0.009715,0.016362,0.002966,3.45,20,-0.356400,0.677944,0.480426,0.000000,0.000000,0.000000,0.000000,0.000000,0.000000,nan,nan,nan,nan,nan,nan
1779938862244063659,2026-05-28T10:27:42.244085,prediction,0.274852,0.474000,0.090158,True,0.286120,0.455727,0.092640,0.011268,0.018273,0.002482,3.76,20,-0.356400,0.677944,0.480426,0.000000,0.000000,0.000000,0.000000,0.000000,0.000000,nan,nan,nan,nan,nan,nan
1779938862274650365,2026-05-28T10:27:42.274671,prediction,0.273386,0.480000,0.090832,True,0.281072,0.461978,0.092900,0.007686,0.018022,0.002069,3.91,20,-0.357680,0.679219,0.480466,0.000000,0.000000,0.000000,0.000000,0.000000,0.000000,nan,nan,nan,nan,nan,nan
1779938862304899686,2026-05-28T10:27:42.304929,prediction,0.268670,0.490000,0.091954,True,0.271345,0.477565,0.093998,0.002676,0.012435,0.002044,3.52,20,-0.357680,0.679219,0.480466,0.000000,0.000000,0.000000,0.000000,0.000000,0.000000,nan,nan,nan,nan,nan,nan
1779938862337898415,2026-05-28T10:27:42.337935,prediction,0.268670,0.490000,0.091954,True,0.276751,0.475057,0.094811,0.008081,0.014943,0.002857,3.76,20,-0.356958,0.678499,0.480443,0.000000,0.000000,0.000000,0.000000,0.000000,0.000000,nan,nan,nan,nan,nan,nan
1779938862372070704,2026-05-28T10:27:42.372092,prediction,0.269398,0.487000,0.091617,True,0.278483,0.470446,0.093129,0.009085,0.016554,0.001512,3.82,20,-0.356958,0.678499,0.480443,0.000000,0.000000,0.000000,0.000000,0.000000,0.000000,nan,nan,nan,nan,nan,nan
1779938862415416507,2026-05-28T10:27:42.415439,prediction,0.267121,0.487000,0.091617,True,0.271461,0.473612,0.093000,0.004340,0.013388,0.001383,3.89,20,-0.355327,0.680019,0.480576,0.000000,0.000000,0.000000,0.000000,0.000000,0.000000,nan,nan,nan,nan,nan,nan
1779938862445972827,2026-05-28T10:27:42.445993,prediction,0.269398,0.487000,0.091617,True,0.274098,0.476605,0.093681,0.004700,0.010395,0.002064,3.94,20,-0.355327,0.680019,0.480576,0.000000,0.000000,0.000000,0.000000,0.000000,0.000000,nan,nan,nan,nan,nan,nan
1779938862476839503,2026-05-28T10:27:42.476858,prediction,0.268670,0.490000,0.094229,True,0.274028,0.480046,0.097364,0.005358,0.009954,0.003134,3.69,20,-0.355902,0.681250,0.480551,0.000000,0.000000,0.000000,0.000000,0.000000,0.000000,nan,nan,nan,nan,nan,nan
1779938862506348856,2026-05-28T10:27:42.506372,prediction,0.260997,0.484000,0.093566,True,0.264598,0.472548,0.096929,0.003600,0.011452,0.003364,3.79,20,-0.355902,0.681250,0.480551,0.000000,0.000000,0.000000,0.000000,0.000000,0.000000,nan,nan,nan,nan,nan,nan
1779938862536987843,2026-05-28T10:27:42.537001,prediction,0.261139,0.493000,0.096832,True,0.262087,0.480995,0.100952,0.000948,0.012005,0.004120,3.58,20,-0.354360,0.683068,0.480770,0.000000,0.000000,0.000000,0.000000,0.000000,0.000000,nan,nan,nan,nan,nan,nan
1779938862572762593,2026-05-28T10:27:42.572781,prediction,0.255901,0.496000,0.099424,True,0.255459,0.490266,0.105922,0.000442,0.005734,0.006498,3.53,20,-0.354360,0.683068,0.480770,0.000000,0.000000,0.000000,0.000000,0.000000,0.000000,nan,nan,nan,nan,nan,nan
1779938862604538644,2026-05-28T10:27:42.604561,prediction,0.257365,0.480000,0.099999,True,0.260147,0.474266,0.108319,0.002782,0.005734,0.008320,3.71,20,-0.350893,0.685378,0.481785,0.000000,0.000000,0.000000,0.000000,0.000000,0.000000,nan,nan,nan,nan,nan,nan
1779938862651297759,2026-05-28T10:27:42.651321,prediction,0.250682,0.499000,0.102007,True,0.244147,0.489713,0.107315,0.006535,0.009287,0.005309,3.91,20,-0.350893,0.685378,0.481785,0.000000,0.000000,0.000000,0.000000,0.000000,0.000000,nan,nan,nan,nan,nan,nan
1779938862681664369,2026-05-28T10:27:42.681685,prediction,0.247047,0.505000,0.104891,True,0.245195,0.499652,0.115075,0.001852,0.005348,0.010183,3.61,20,-0.348679,0.687131,0.482714,0.000000,0.000000,0.000000,0.000000,0.000000,0.000000,nan,nan,nan,nan,nan,nan
1779938862712165090,2026-05-28T10:27:42.712185,prediction,0.242326,0.496000,0.108486,True,0.244943,0.489549,0.121635,0.002617,0.006451,0.013148,3.61,20,-0.348679,0.687131,0.482714,0.000000,0.000000,0.000000,0.000000,0.000000,0.000000,nan,nan,nan,nan,nan,nan
1779938862742541915,2026-05-28T10:27:42.742562,prediction,0.244348,0.487000,0.109860,True,0.246632,0.473610,0.122700,0.002284,0.013390,0.012839,3.89,20,-0.344610,0.689641,0.484577,0.000000,0.000000,0.000000,0.000000,0.000000,0.000000,nan,nan,nan,nan,nan,nan
1779938862773436278,2026-05-28T10:27:42.773456,prediction,0.245022,0.484000,0.114134,True,0.241413,0.471368,0.127959,0.003609,0.012633,0.013825,3.92,20,-0.344610,0.689641,0.484577,0.000000,0.000000,0.000000,0.000000,0.000000,0.000000,nan,nan,nan,nan,nan,nan
1779938862804072747,2026-05-28T10:27:42.804088,prediction,0.237137,0.499000,0.117831,True,0.225413,0.487368,0.131301,0.011724,0.011633,0.013470,3.78,20,-0.339606,0.692716,0.488022,0.000000,0.000000,0.000000,0.000000,0.000000,0.000000,nan,nan,nan,nan,nan,nan
1779938862840809494,2026-05-28T10:27:42.840830,prediction,0.234585,0.490000,0.121535,True,0.228907,0.481432,0.138760,0.005678,0.008568,0.017225,3.89,20,-0.339606,0.692716,0.488022,0.000000,0.000000,0.000000,0.000000,0.000000,0.000000,nan,nan,nan,nan,nan,nan
1779938862873984644,2026-05-28T10:27:42.874006,prediction,0.232189,0.480000,0.120626,True,0.227824,0.465432,0.137243,0.004365,0.014568,0.016616,3.58,20,-0.334337,0.695568,0.492275,0.000000,0.000000,0.000000,0.000000,0.000000,0.000000,nan,nan,nan,nan,nan,nan
1779938862906019230,2026-05-28T10:27:42.906044,prediction,0.221334,0.499000,0.126874,True,0.211824,0.481432,0.144792,0.009510,0.017568,0.017917,3.72,20,-0.334337,0.695568,0.492275,0.000000,0.000000,0.000000,0.000000,0.000000,0.000000,nan,nan,nan,nan,nan,nan
1779938862940258082,2026-05-28T10:27:42.940274,prediction,0.216199,0.502000,0.133904,True,0.206158,0.496135,0.156216,0.010041,0.005865,0.022312,4.06,20,-0.328452,0.697436,0.497286,0.000000,0.000000,0.000000,0.000000,0.000000,0.000000,nan,nan,nan,nan,nan,nan
1779938862971932382,2026-05-28T10:27:42.971955,prediction,0.213524,0.493000,0.137702,True,0.207359,0.484403,0.160768,0.006165,0.008597,0.023067,3.75,20,-0.328452,0.697436,0.497286,0.000000,0.000000,0.000000,0.000000,0.000000,0.000000,nan,nan,nan,nan,nan,nan
1779938863006777368,2026-05-28T10:27:43.006796,prediction,0.209589,0.490000,0.139739,True,0.199045,0.472881,0.161563,0.010544,0.017119,0.021824,3.61,20,-0.321805,0.698681,0.503265,0.000000,0.000000,0.000000,0.000000,0.000000,0.000000,nan,nan,nan,nan,nan,nan
1779938863041225477,2026-05-28T10:27:43.041254,prediction,0.205635,0.487000,0.146347,True,0.184122,0.474620,0.172965,0.021513,0.012380,0.026618,5.63,20,-0.321805,0.698681,0.503265,0.000000,0.000000,0.000000,0.000000,0.000000,0.000000,nan,nan,nan,nan,nan,nan
1779938863075477545,2026-05-28T10:27:43.075504,prediction,0.202187,0.493000,0.149054,True,0.176280,0.489408,0.174120,0.025907,0.003592,0.025066,3.81,20,-0.314569,0.699662,0.510001,0.000000,0.000000,0.000000,0.000000,0.000000,0.000000,nan,nan,nan,nan,nan,nan
1779938863120052355,2026-05-28T10:27:43.120068,prediction,0.193117,0.493000,0.155866,True,0.170024,0.483800,0.182267,0.023093,0.009200,0.026401,3.63,20,-0.307765,0.700413,0.516204,0.000000,0.000000,0.000000,0.000000,0.000000,0.000000,nan,nan,nan,nan,nan,nan
1779938863152047868,2026-05-28T10:27:43.152075,prediction,0.188582,0.493000,0.158137,True,0.163911,0.471959,0.182511,0.024672,0.021041,0.024374,4.22,20,-0.307765,0.700413,0.516204,0.000000,0.000000,0.000000,0.000000,0.000000,0.000000,nan,nan,nan,nan,nan,nan
1779938863181537068,2026-05-28T10:27:43.181574,prediction,0.184125,0.480000,0.164173,True,0.157430,0.460669,0.190948,0.026695,0.019331,0.026775,3.44,20,-0.307765,0.700413,0.516204,0.000000,0.000000,0.000000,0.000000,0.000000,0.000000,nan,nan,nan,nan,nan,nan
1779938863216410826,2026-05-28T10:27:43.216439,prediction,0.174452,0.496000,0.167393,True,0.141430,0.476669,0.191464,0.033022,0.019331,0.024072,3.94,20,-0.300284,0.700572,0.522818,0.000000,0.000000,0.000000,0.000000,0.000000,0.000000,nan,nan,nan,nan,nan,nan
1779938863246499702,2026-05-28T10:27:43.246520,prediction,0.171476,0.487000,0.171432,True,0.144453,0.469733,0.195887,0.027024,0.017267,0.024456,3.43,20,-0.300284,0.700572,0.522818,0.000000,0.000000,0.000000,0.000000,0.000000,0.000000,nan,nan,nan,nan,nan,nan
1779938863275706501,2026-05-28T10:27:43.275728,prediction,0.163882,0.505000,0.172417,True,0.133683,0.481691,0.195252,0.030198,0.023309,0.022835,3.74,20,-0.292499,0.700243,0.529127,0.000000,0.000000,0.000000,0.000000,0.000000,0.000000,nan,nan,nan,nan,nan,nan
1779938863306778142,2026-05-28T10:27:43.306795,prediction,0.162136,0.502000,0.179020,True,0.136026,0.479760,0.207410,0.026110,0.022240,0.028391,4.04,20,-0.292499,0.700243,0.529127,0.000000,0.000000,0.000000,0.000000,0.000000,0.000000,nan,nan,nan,nan,nan,nan
1779938863350687844,2026-05-28T10:27:43.350726,prediction,0.155865,0.499000,0.181131,True,0.125244,0.476496,0.208960,0.030621,0.022504,0.027829,4.01,20,-0.284629,0.699608,0.535227,0.000000,0.000000,0.000000,0.000000,0.000000,0.000000,nan,nan,nan,nan,nan,nan
1779938863382483916,2026-05-28T10:27:43.382506,prediction,0.152304,0.493000,0.185383,True,0.121934,0.468998,0.212435,0.030370,0.024002,0.027052,3.68,20,-0.284629,0.699608,0.535227,0.000000,0.000000,0.000000,0.000000,0.000000,0.000000,nan,nan,nan,nan,nan,nan
1779938863420548396,2026-05-28T10:27:43.420569,prediction,0.147769,0.493000,0.192195,True,0.118484,0.465729,0.222060,0.029285,0.027271,0.029865,4.21,20,-0.276655,0.699022,0.541227,0.000000,0.000000,0.000000,0.000000,0.000000,0.000000,nan,nan,nan,nan,nan,nan
1779938863454382768,2026-05-28T10:27:43.454404,prediction,0.138252,0.496000,0.196846,True,0.103756,0.473440,0.226973,0.034496,0.022560,0.030127,3.93,20,-0.268668,0.698477,0.547292,0.000000,0.000000,0.000000,0.000000,0.000000,0.000000,nan,nan,nan,nan,nan,nan
1779938863494798664,2026-05-28T10:27:43.494817,prediction,0.130914,0.484000,0.200977,True,0.100135,0.457440,0.231834,0.030779,0.026560,0.030857,3.81,20,-0.268668,0.698477,0.547292,0.000000,0.000000,0.000000,0.000000,0.000000,0.000000,nan,nan,nan,nan,nan,nan
1779938863525368984,2026-05-28T10:27:43.525391,prediction,0.123146,0.474000,0.202945,True,0.090955,0.441440,0.231826,0.032191,0.032560,0.028881,3.65,20,-0.260669,0.697917,0.553212,0.000000,0.000000,0.000000,0.000000,0.000000,0.000000,nan,nan,nan,nan,nan,nan
1779938863559240815,2026-05-28T10:27:43.559258,prediction,0.117221,0.484000,0.203262,True,0.078965,0.456812,0.230948,0.038255,0.027188,0.027686,4.27,20,-0.260669,0.697917,0.553212,0.000000,0.000000,0.000000,0.000000,0.000000,0.000000,nan,nan,nan,nan,nan,nan
1779938863596124915,2026-05-28T10:27:43.596140,prediction,0.107804,0.468000,0.207378,True,0.069456,0.446253,0.237525,0.038347,0.021747,0.030147,4.00,20,-0.252530,0.697183,0.558964,0.000000,0.000000,0.000000,0.000000,0.000000,0.000000,nan,nan,nan,nan,nan,nan
1779938863630715166,2026-05-28T10:27:43.630749,prediction,0.103187,0.468000,0.212001,True,0.061621,0.435471,0.241454,0.041566,0.032529,0.029452,3.74,20,-0.252530,0.697183,0.558964,0.000000,0.000000,0.000000,0.000000,0.000000,0.000000,nan,nan,nan,nan,nan,nan
1779938863664035308,2026-05-28T10:27:43.664060,prediction,0.093568,0.451000,0.216253,True,0.052635,0.419471,0.245386,0.040933,0.031529,0.029133,3.97,20,-0.244268,0.696119,0.564531,0.000000,0.000000,0.000000,0.000000,0.000000,0.000000,nan,nan,nan,nan,nan,nan
1779938863698795525,2026-05-28T10:27:43.698815,prediction,0.086559,0.451000,0.218593,True,0.039504,0.412791,0.244999,0.047055,0.038209,0.026406,4.27,20,-0.244268,0.696119,0.564531,0.000000,0.000000,0.000000,0.000000,0.000000,0.000000,nan,nan,nan,nan,nan,nan
1779938863730391207,2026-05-28T10:27:43.730412,prediction,0.082837,0.464000,0.221174,True,0.036902,0.428791,0.247149,0.045935,0.035209,0.025975,4.12,20,-0.235932,0.694721,0.569855,0.000000,0.000000,0.000000,0.000000,0.000000,0.000000,nan,nan,nan,nan,nan,nan
1779938863767004492,2026-05-28T10:27:43.767025,prediction,0.074114,0.435000,0.223001,True,0.035125,0.412791,0.250855,0.038989,0.022209,0.027854,3.83,20,-0.235932,0.694721,0.569855,0.000000,0.000000,0.000000,0.000000,0.000000,0.000000,nan,nan,nan,nan,nan,nan
1779938863800967352,2026-05-28T10:27:43.800988,prediction,0.069818,0.455000,0.225673,True,0.019125,0.413371,0.251717,0.050693,0.041629,0.026045,3.97,20,-0.227546,0.692903,0.574997,0.000000,0.000000,0.000000,0.000000,0.000000,0.000000,nan,nan,nan,nan,nan,nan
1779938863841320796,2026-05-28T10:27:43.841342,prediction,0.064878,0.458000,0.225718,True,0.022234,0.423402,0.249983,0.042644,0.034598,0.024264,3.68,20,-0.227546,0.692903,0.574997,0.000000,0.000000,0.000000,0.000000,0.000000,0.000000,nan,nan,nan,nan,nan,nan
1779938863878479914,2026-05-28T10:27:43.878500,prediction,0.063944,0.468000,0.228183,True,0.024779,0.432912,0.250611,0.039165,0.035088,0.022428,3.77,20,-0.219114,0.690629,0.579902,0.000000,0.000000,0.000000,0.000000,0.000000,0.000000,nan,nan,nan,nan,nan,nan
1779938863909758795,2026-05-28T10:27:43.909779,prediction,0.050527,0.490000,0.228483,True,0.010396,0.448912,0.251460,0.040130,0.041088,0.022977,4.01,20,-0.219114,0.690629,0.579902,0.000000,0.000000,0.000000,0.000000,0.000000,0.000000,nan,nan,nan,nan,nan,nan
1779938863942745500,2026-05-28T10:27:43.942760,prediction,0.040859,0.468000,0.230495,True,0.005939,0.433781,0.254785,0.034920,0.034219,0.024290,3.72,20,-0.210688,0.688005,0.584525,0.000000,0.000000,0.000000,0.000000,0.000000,0.000000,nan,nan,nan,nan,nan,nan
1779938863974333552,2026-05-28T10:27:43.974354,prediction,0.032781,0.484000,0.230686,True,-0.010061,0.445821,0.250250,0.042841,0.038179,0.019564,4.03,20,-0.210688,0.688005,0.584525,0.000000,0.000000,0.000000,0.000000,0.000000,0.000000,nan,nan,nan,nan,nan,nan
1779938864007971724,2026-05-28T10:27:44.007990,prediction,0.026606,0.474000,0.230566,True,-0.010999,0.446105,0.248548,0.037605,0.027895,0.017981,3.70,20,-0.202069,0.685173,0.588853,0.000000,0.000000,0.000000,0.000000,0.000000,0.000000,nan,nan,nan,nan,nan,nan
1779938864040242098,2026-05-28T10:27:44.040264,prediction,0.025159,0.461000,0.230411,True,-0.010664,0.430105,0.247391,0.035823,0.030895,0.016980,3.76,20,-0.202069,0.685173,0.588853,0.000000,0.000000,0.000000,0.000000,0.000000,0.000000,nan,nan,nan,nan,nan,nan
1779938864074380082,2026-05-28T10:27:44.074400,prediction,0.008920,0.461000,0.228087,True,-0.026664,0.421415,0.244979,0.035583,0.039585,0.016891,3.63,20,-0.193301,0.682355,0.592812,0.000000,0.000000,0.000000,0.000000,0.000000,0.000000,nan,nan,nan,nan,nan,nan
1779938864106730811,2026-05-28T10:27:44.106749,prediction,0.003468,0.477000,0.226009,True,-0.028590,0.437415,0.240408,0.032057,0.039585,0.014400,3.53,20,-0.193301,0.682355,0.592812,0.000000,0.000000,0.000000,0.000000,0.000000,0.000000,nan,nan,nan,nan,nan,nan
1779938864138972464,2026-05-28T10:27:44.138994,prediction,0.001321,0.474000,0.225963,True,-0.020414,0.438900,0.238523,0.021736,0.035100,0.012561,3.70,20,-0.184451,0.679617,0.596387,0.000000,0.000000,0.000000,0.000000,0.000000,0.000000,nan,nan,nan,nan,nan,nan
1779938864175116709,2026-05-28T10:27:44.175139,prediction,-0.002022,0.496000,0.224034,True,-0.025427,0.454900,0.234634,0.023405,0.041100,0.010600,4.11,20,-0.184451,0.679617,0.596387,0.000000,0.000000,0.000000,0.000000,0.000000,0.000000,nan,nan,nan,nan,nan,nan
1779938864208761584,2026-05-28T10:27:44.208779,prediction,-0.000496,0.511000,0.224288,True,-0.023647,0.470900,0.234780,0.023151,0.040100,0.010492,4.22,20,-0.175356,0.676958,0.599613,0.000000,0.000000,0.000000,0.000000,0.000000,0.000000,nan,nan,nan,nan,nan,nan
1779938864241083181,2026-05-28T10:27:44.241100,prediction,-0.007077,0.508000,0.224237,True,-0.028791,0.477214,0.233687,0.021714,0.030786,0.009450,4.04,20,-0.175356,0.676958,0.599613,0.000000,0.000000,0.000000,0.000000,0.000000,0.000000,nan,nan,nan,nan,nan,nan
1779938864278294922,2026-05-28T10:27:44.278314,prediction,-0.014159,0.517000,0.224389,True,-0.037244,0.493214,0.230164,0.023084,0.023786,0.005775,3.76,20,-0.166053,0.674523,0.602493,0.000000,0.000000,0.000000,0.000000,0.000000,0.000000,nan,nan,nan,nan,nan,nan
1779938864312405339,2026-05-28T10:27:44.312429,prediction,-0.016839,0.529000,0.222381,True,-0.035254,0.509214,0.225301,0.018415,0.019786,0.002921,3.83,20,-0.166053,0.674523,0.602493,0.000000,0.000000,0.000000,0.000000,0.000000,0.000000,nan,nan,nan,nan,nan,nan
1779938864344847104,2026-05-28T10:27:44.344870,prediction,-0.033844,0.502000,0.217368,True,-0.047634,0.506048,0.219481,0.013790,0.004048,0.002113,4.08,20,-0.156556,0.672735,0.604919,0.000000,0.000000,0.000000,0.000000,0.000000,0.000000,nan,nan,nan,nan,nan,nan
1779938864374111177,2026-05-28T10:27:44.374131,prediction,-0.042244,0.468000,0.212001,True,-0.060599,0.490048,0.213177,0.018355,0.022048,0.001175,3.88,20,-0.156556,0.672735,0.604919,0.000000,0.000000,0.000000,0.000000,0.000000,0.000000,nan,nan,nan,nan,nan,nan
1779938864406421743,2026-05-28T10:27:44.406449,prediction,-0.046949,0.474000,0.207549,True,-0.071811,0.486448,0.207122,0.024862,0.012448,0.000427,4.03,20,-0.146735,0.671897,0.606777,0.000000,0.000000,0.000000,0.000000,0.000000,0.000000,nan,nan,nan,nan,nan,nan
1779938864439796445,2026-05-28T10:27:44.439819,prediction,-0.053844,0.474000,0.202945,True,-0.077920,0.499170,0.199973,0.024075,0.025170,0.002972,3.91,20,-0.146735,0.671897,0.606777,0.000000,0.000000,0.000000,0.000000,0.000000,0.000000,nan,nan,nan,nan,nan,nan
1779938864476936125,2026-05-28T10:27:44.476956,prediction,-0.049769,0.514000,0.204214,True,-0.072508,0.515170,0.199861,0.022739,0.001170,0.004353,4.84,20,-0.136788,0.672002,0.607861,0.000000,0.000000,0.000000,0.000000,0.000000,0.000000,nan,nan,nan,nan,nan,nan
1779938864506775944,2026-05-28T10:27:44.506797,prediction,-0.058584,0.496000,0.201377,True,-0.070164,0.512948,0.200690,0.011580,0.016948,0.000687,3.85,20,-0.136788,0.672002,0.607861,0.000000,0.000000,0.000000,0.000000,0.000000,0.000000,nan,nan,nan,nan,nan,nan
1779938864544765569,2026-05-28T10:27:44.544787,prediction,-0.063147,0.508000,0.197286,True,-0.083103,0.512054,0.193171,0.019956,0.004054,0.004115,5.09,20,-0.126874,0.672912,0.608211,0.000000,0.000000,0.000000,0.000000,0.000000,0.000000,nan,nan,nan,nan,nan,nan
1779938864579205768,2026-05-28T10:27:44.579226,prediction,-0.063186,0.520000,0.191047,True,-0.075535,0.528054,0.182367,0.012350,0.008054,0.008679,3.83,20,-0.126874,0.672912,0.608211,0.000000,0.000000,0.000000,0.000000,0.000000,0.000000,nan,nan,nan,nan,nan,nan
1779938864618923907,2026-05-28T10:27:44.618947,prediction,-0.065441,0.541000,0.187536,True,-0.073311,0.544054,0.179432,0.007870,0.003054,0.008104,3.95,20,-0.117018,0.674617,0.607794,0.000000,0.000000,0.000000,0.000000,0.000000,0.000000,nan,nan,nan,nan,nan,nan
1779938864654930880,2026-05-28T10:27:44.654952,prediction,-0.069834,0.532000,0.182720,True,-0.072420,0.544494,0.176155,0.002586,0.012494,0.006565,3.72,20,-0.107285,0.676757,0.606978,0.000000,0.000000,0.000000,0.000000,0.000000,0.000000,nan,nan,nan,nan,nan,nan
1779938864688777073,2026-05-28T10:27:44.688798,prediction,-0.078772,0.517000,0.175304,True,-0.080540,0.528494,0.168257,0.001767,0.011494,0.007048,4.06,20,-0.107285,0.676757,0.606978,0.000000,0.000000,0.000000,0.000000,0.000000,0.000000,nan,nan,nan,nan,nan,nan
1779938864723285701,2026-05-28T10:27:44.723311,prediction,-0.083193,0.520000,0.171011,True,-0.089181,0.534116,0.158161,0.005987,0.014116,0.012850,4.15,20,-0.097912,0.679818,0.605382,0.000000,0.000000,0.000000,0.000000,0.000000,0.000000,nan,nan,nan,nan,nan,nan
1779938864758442713,2026-05-28T10:27:44.758464,prediction,-0.083055,0.532000,0.165068,True,-0.084758,0.550116,0.148383,0.001703,0.018116,0.016685,3.73,20,-0.097912,0.679818,0.605382,0.000000,0.000000,0.000000,0.000000,0.000000,0.000000,nan,nan,nan,nan,nan,nan
1779938864792848632,2026-05-28T10:27:44.792863,prediction,-0.087283,0.544000,0.167990,True,-0.082169,0.553017,0.155474,0.005114,0.009017,0.012516,4.43,20,-0.088967,0.683678,0.602960,0.000000,0.000000,0.000000,0.000000,0.000000,0.000000,nan,nan,nan,nan,nan,nan
1779938864828897126,2026-05-28T10:27:44.828921,prediction,-0.091977,0.526000,0.164700,True,-0.083929,0.537017,0.154438,0.008048,0.011017,0.010262,4.56,20,-0.088967,0.683678,0.602960,0.000000,0.000000,0.000000,0.000000,0.000000,0.000000,nan,nan,nan,nan,nan,nan
1779938864860925736,2026-05-28T10:27:44.860941,prediction,-0.089516,0.541000,0.165620,True,-0.090141,0.539009,0.150556,0.000624,0.001991,0.015063,3.87,20,-0.080503,0.688046,0.599877,0.000000,0.000000,0.000000,0.000000,0.000000,0.000000,nan,nan,nan,nan,nan,nan
1779938864895541565,2026-05-28T10:27:44.895561,prediction,-0.089335,0.552000,0.164120,True,-0.087167,0.555009,0.147655,0.002168,0.003009,0.016465,4.12,20,-0.080503,0.688046,0.599877,0.000000,0.000000,0.000000,0.000000,0.000000,0.000000,nan,nan,nan,nan,nan,nan
1779938864928755271,2026-05-28T10:27:44.928773,prediction,-0.089285,0.555000,0.162140,True,-0.082227,0.552119,0.149418,0.007058,0.002881,0.012722,3.84,20,-0.072479,0.692678,0.596261,0.000000,0.000000,0.000000,0.000000,0.000000,0.000000,nan,nan,nan,nan,nan,nan
1779938864959487388,2026-05-28T10:27:44.959506,prediction,-0.089285,0.555000,0.157803,True,-0.083419,0.541097,0.146990,0.005867,0.013903,0.010813,4.06,20,-0.072479,0.692678,0.596261,0.000000,0.000000,0.000000,0.000000,0.000000,0.000000,nan,nan,nan,nan,nan,nan
1779938864994060205,2026-05-28T10:27:44.994081,prediction,-0.087461,0.532000,0.154036,True,-0.080483,0.525097,0.142757,0.006978,0.006903,0.011278,3.81,20,-0.064807,0.697732,0.592117,0.000000,0.000000,0.000000,0.000000,0.000000,0.000000,nan,nan,nan,nan,nan,nan
1779938865032885741,2026-05-28T10:27:45.032915,prediction,-0.087075,0.558000,0.149351,True,-0.090658,0.541097,0.130574,0.003583,0.016903,0.018777,3.78,20,-0.064807,0.697732,0.592117,0.000000,0.000000,0.000000,0.000000,0.000000,0.000000,nan,nan,nan,nan,nan,nan
1779938865064486660,2026-05-28T10:27:45.064510,prediction,-0.089615,0.535000,0.145438,True,-0.090312,0.540550,0.128251,0.000697,0.005550,0.017187,4.74,20,-0.057657,0.702929,0.587527,0.000000,0.000000,0.000000,0.000000,0.000000,0.000000,nan,nan,nan,nan,nan,nan
1779938865095617836,2026-05-28T10:27:45.095638,prediction,-0.089566,0.538000,0.141273,True,-0.090848,0.529379,0.124340,0.001282,0.008621,0.016933,3.58,20,-0.057657,0.702929,0.587527,0.000000,0.000000,0.000000,0.000000,0.000000,0.000000,nan,nan,nan,nan,nan,nan
1779938865127604885,2026-05-28T10:27:45.127625,prediction,-0.087729,0.514000,0.137132,True,-0.087663,0.513628,0.120782,0.000066,0.000372,0.016350,4.76,20,-0.050903,0.708188,0.582442,0.000000,0.000000,0.000000,0.000000,0.000000,0.000000,nan,nan,nan,nan,nan,nan
1779938865160375386,2026-05-28T10:27:45.160396,prediction,-0.093029,0.468000,0.133406,True,-0.088494,0.497628,0.117502,0.004535,0.029628,0.015904,4.67,20,-0.050903,0.708188,0.582442,0.000000,0.000000,0.000000,0.000000,0.000000,0.000000,nan,nan,nan,nan,nan,nan
1779938865194577609,2026-05-28T10:27:45.194595,prediction,-0.101268,0.411000,0.128789,True,-0.091513,0.481628,0.114865,0.009756,0.070628,0.013924,3.70,20,-0.044362,0.713366,0.576840,0.000000,0.000000,0.000000,0.000000,0.000000,0.000000,nan,nan,nan,nan,nan,nan
1779938865226531738,2026-05-28T10:27:45.226551,prediction,-0.101684,0.393000,0.127331,True,-0.085017,0.465628,0.117228,0.016667,0.072628,0.010103,4.38,20,-0.044362,0.713366,0.576840,0.000000,0.000000,0.000000,0.000000,0.000000,0.000000,nan,nan,nan,nan,nan,nan
1779938865270219339,2026-05-28T10:27:45.270240,prediction,-0.097389,0.480000,0.122918,True,-0.085851,0.481628,0.107481,0.011538,0.001628,0.015437,4.02,20,-0.038060,0.718132,0.570770,0.000000,0.000000,0.000000,0.000000,0.000000,0.000000,nan,nan,nan,nan,nan,nan
1779938865302750884,2026-05-28T10:27:45.302772,prediction,-0.094784,0.496000,0.122080,True,-0.074766,0.475745,0.111063,0.020018,0.020255,0.011018,3.43,20,-0.038060,0.718132,0.570770,0.000000,0.000000,0.000000,0.000000,0.000000,0.000000,nan,nan,nan,nan,nan,nan
1779938865337255278,2026-05-28T10:27:45.337275,prediction,-0.105019,0.451000,0.120331,True,-0.066380,0.459745,0.115156,0.038639,0.008745,0.005175,3.82,20,-0.031836,0.722084,0.564015,0.000000,0.000000,0.000000,0.000000,0.000000,0.000000,nan,nan,nan,nan,nan,nan
1779938865367116287,2026-05-28T10:27:45.367137,prediction,-0.106257,0.404000,0.120971,True,-0.061171,0.443745,0.119096,0.045086,0.039745,0.001875,3.86,20,-0.031836,0.722084,0.564015,0.000000,0.000000,0.000000,0.000000,0.000000,0.000000,nan,nan,nan,nan,nan,nan
1779938865402691845,2026-05-28T10:27:45.402710,prediction,-0.111291,0.397000,0.120370,True,-0.057512,0.427745,0.121304,0.053779,0.030745,0.000934,3.86,20,-0.025917,0.724896,0.556435,0.000000,0.000000,0.000000,0.000000,0.000000,0.000000,nan,nan,nan,nan,nan,nan
1779938865435308354,2026-05-28T10:27:45.435329,prediction,-0.112061,0.371000,0.120607,True,-0.047576,0.411745,0.123246,0.064485,0.040745,0.002639,4.29,20,-0.025917,0.724896,0.556435,0.000000,0.000000,0.000000,0.000000,0.000000,0.000000,nan,nan,nan,nan,nan,nan
1779938865470441780,2026-05-28T10:27:45.470463,prediction,-0.114747,0.364000,0.120017,True,-0.032374,0.395745,0.128666,0.082374,0.031745,0.008650,4.19,20,-0.020591,0.725756,0.548033,0.000000,0.000000,0.000000,0.000000,0.000000,0.000000,nan,nan,nan,nan,nan,nan
1779938865504754022,2026-05-28T10:27:45.504776,prediction,-0.114747,0.364000,0.120017,True,-0.017594,0.379745,0.133580,0.097153,0.015745,0.013563,4.29,20,-0.020591,0.725756,0.548033,0.000000,0.000000,0.000000,0.000000,0.000000,0.000000,nan,nan,nan,nan,nan,nan
1779938865540462094,2026-05-28T10:27:45.540484,prediction,-0.115216,0.349000,0.121259,True,-0.003964,0.363745,0.136254,0.111252,0.014745,0.014995,3.86,20,-0.016192,0.724628,0.539290,0.000000,0.000000,0.000000,0.000000,0.000000,0.000000,nan,nan,nan,nan,nan,nan
1779938865574589599,2026-05-28T10:27:45.574611,prediction,-0.115091,0.353000,0.121590,True,0.008092,0.347745,0.135550,0.123183,0.005255,0.013960,3.68,20,-0.016192,0.724628,0.539290,0.000000,0.000000,0.000000,0.000000,0.000000,0.000000,nan,nan,nan,nan,nan,nan
1779938865606736724,2026-05-28T10:27:45.606753,prediction,-0.115091,0.353000,0.121590,True,0.015278,0.331745,0.138275,0.130369,0.021255,0.016685,3.77,20,-0.013141,0.721782,0.530963,0.000000,0.000000,0.000000,0.000000,0.000000,0.000000,nan,nan,nan,nan,nan,nan
1779938865643672061,2026-05-28T10:27:45.643692,prediction,-0.115216,0.349000,0.121259,True,0.023080,0.315745,0.141494,0.138297,0.033255,0.020235,4.74,20,-0.013141,0.721782,0.530963,0.000000,0.000000,0.000000,0.000000,0.000000,0.000000,nan,nan,nan,nan,nan,nan
1779938865677780215,2026-05-28T10:27:45.677799,prediction,-0.112950,0.341000,0.120598,True,0.028643,0.299745,0.140761,0.141592,0.041255,0.020163,3.72,20,-0.011421,0.717470,0.523659,0.000000,0.000000,0.000000,0.000000,0.000000,0.000000,nan,nan,nan,nan,nan,nan
1779938865708931023,2026-05-28T10:27:45.708950,prediction,-0.100577,0.441000,0.121795,True,0.031199,0.315745,0.131451,0.131776,0.125255,0.009656,3.70,20,-0.011421,0.717470,0.523659,0.000000,0.000000,0.000000,0.000000,0.000000,0.000000,nan,nan,nan,nan,nan,nan
1779938865746978013,2026-05-28T10:27:45.746999,prediction,-0.100876,0.428000,0.120656,True,0.023003,0.326993,0.132868,0.123880,0.101007,0.012211,5.05,20,-0.011002,0.711889,0.517633,0.000000,0.000000,0.000000,0.000000,0.000000,0.000000,nan,nan,nan,nan,nan,nan
1779938865777747788,2026-05-28T10:27:45.777767,prediction,-0.088174,0.484000,0.123275,True,0.018439,0.332674,0.132580,0.106613,0.151327,0.009305,4.14,20,-0.011002,0.711889,0.517633,0.000000,0.000000,0.000000,0.000000,0.000000,0.000000,nan,nan,nan,nan,nan,nan
1779938865819808684,2026-05-28T10:27:45.819827,prediction,-0.088561,0.458000,0.123284,True,0.022962,0.323738,0.133760,0.111523,0.134262,0.010477,4.27,20,-0.011994,0.705221,0.512938,0.000000,0.000000,0.000000,0.000000,0.000000,0.000000,nan,nan,nan,nan,nan,nan
1779938865854547318,2026-05-28T10:27:45.854569,prediction,-0.100577,0.441000,0.121795,True,0.010875,0.310643,0.130463,0.111452,0.130357,0.008668,3.97,20,-0.014427,0.697868,0.509794,0.000000,0.000000,0.000000,0.000000,0.000000,0.000000,nan,nan,nan,nan,nan,nan
1779938865886270962,2026-05-28T10:27:45.886292,prediction,-0.100415,0.448000,0.122408,True,0.003699,0.320633,0.126726,0.104114,0.127367,0.004318,3.78,20,-0.014427,0.697868,0.509794,0.000000,0.000000,0.000000,0.000000,0.000000,0.000000,nan,nan,nan,nan,nan,nan
1779938865917770388,2026-05-28T10:27:45.917791,prediction,-0.100415,0.448000,0.122408,True,-0.002799,0.336633,0.130232,0.097616,0.111367,0.007824,4.02,20,-0.014427,0.697868,0.509794,0.000000,0.000000,0.000000,0.000000,0.000000,0.000000,nan,nan,nan,nan,nan,nan
1779938865955475024,2026-05-28T10:27:45.955492,prediction,-0.103251,0.428000,0.123034,True,-0.013873,0.332791,0.130107,0.089378,0.095209,0.007073,3.84,20,-0.018048,0.689969,0.508420,0.000000,0.000000,0.000000,0.000000,0.000000,0.000000,nan,nan,nan,nan,nan,nan
1779938865986840489,2026-05-28T10:27:45.986860,prediction,-0.103325,0.425000,0.122776,True,-0.023138,0.326561,0.129351,0.080186,0.098439,0.006575,3.81,20,-0.022742,0.681343,0.508905,0.000000,0.000000,0.000000,0.000000,0.000000,0.000000,nan,nan,nan,nan,nan,nan
1779938866024792338,2026-05-28T10:27:46.024812,prediction,-0.104115,0.393000,0.122461,True,-0.021343,0.310561,0.129463,0.082772,0.082439,0.007002,3.63,20,-0.022742,0.681343,0.508905,0.000000,0.000000,0.000000,0.000000,0.000000,0.000000,nan,nan,nan,nan,nan,nan
1779938866058766440,2026-05-28T10:27:46.058784,prediction,-0.104016,0.397000,0.122798,True,-0.022366,0.299825,0.128750,0.081650,0.097175,0.005952,3.52,20,-0.027210,0.672441,0.509654,0.000000,0.000000,0.000000,0.000000,0.000000,0.000000,nan,nan,nan,nan,nan,nan
1779938866093140333,2026-05-28T10:27:46.093161,prediction,-0.106546,0.393000,0.122461,True,-0.021645,0.294252,0.129982,0.084901,0.098748,0.007521,3.78,20,-0.027210,0.672441,0.509654,0.000000,0.000000,0.000000,0.000000,0.000000,0.000000,nan,nan,nan,nan,nan,nan
1779938866124833067,2026-05-28T10:27:46.124852,prediction,-0.106546,0.393000,0.122461,True,-0.022466,0.293077,0.129341,0.084080,0.099923,0.006880,3.43,20,-0.031191,0.663321,0.510294,0.000000,0.000000,0.000000,0.000000,0.000000,0.000000,nan,nan,nan,nan,nan,nan
1779938866156940473,2026-05-28T10:27:46.156959,prediction,-0.098010,0.451000,0.122671,True,-0.021368,0.309077,0.122161,0.076642,0.141923,0.000510,3.59,20,-0.031191,0.663321,0.510294,0.000000,0.000000,0.000000,0.000000,0.000000,0.000000,nan,nan,nan,nan,nan,nan
1779938866186849997,2026-05-28T10:27:46.186869,prediction,-0.098224,0.441000,0.124151,True,-0.020895,0.325077,0.126409,0.077330,0.115923,0.002258,3.55,20,-0.034609,0.653924,0.510781,0.000000,0.000000,0.000000,0.000000,0.000000,0.000000,nan,nan,nan,nan,nan,nan
1779938866223682606,2026-05-28T10:27:46.223702,prediction,-0.101107,0.418000,0.122174,True,-0.030847,0.330690,0.125206,0.070261,0.087310,0.003032,3.34,20,-0.034609,0.653924,0.510781,0.000000,0.000000,0.000000,0.000000,0.000000,0.000000,nan,nan,nan,nan,nan,nan
1779938866256827984,2026-05-28T10:27:46.256849,prediction,-0.101107,0.418000,0.124568,True,-0.041109,0.346690,0.125299,0.059999,0.071310,0.000730,4.14,20,-0.037381,0.644325,0.511131,0.000000,0.000000,0.000000,0.000000,0.000000,0.000000,nan,nan,nan,nan,nan,nan
1779938866293017737,2026-05-28T10:27:46.293040,prediction,-0.098567,0.425000,0.125158,True,-0.039302,0.362690,0.123951,0.059265,0.062310,0.001207,4.08,20,-0.037381,0.644325,0.511131,0.000000,0.000000,0.000000,0.000000,0.000000,0.000000,nan,nan,nan,nan,nan,nan
1779938866328781732,2026-05-28T10:27:46.328801,prediction,-0.096188,0.425000,0.125158,True,-0.034291,0.360351,0.124658,0.061897,0.064649,0.000500,3.88,20,-0.039467,0.634526,0.511390,0.000000,0.000000,0.000000,0.000000,0.000000,0.000000,nan,nan,nan,nan,nan,nan
1779938866364594756,2026-05-28T10:27:46.364612,prediction,-0.096188,0.425000,0.125158,True,-0.042247,0.375733,0.125919,0.053941,0.049267,0.000761,3.79,20,-0.039467,0.634526,0.511390,0.000000,0.000000,0.000000,0.000000,0.000000,0.000000,nan,nan,nan,nan,nan,nan
1779938866396386022,2026-05-28T10:27:46.396411,prediction,-0.093754,0.428000,0.125411,True,-0.030111,0.381298,0.126369,0.063643,0.046702,0.000958,4.08,20,-0.040865,0.624601,0.511558,0.000000,0.000000,0.000000,0.000000,0.000000,0.000000,nan,nan,nan,nan,nan,nan
1779938866428788685,2026-05-28T10:27:46.428810,prediction,-0.093936,0.418000,0.124568,True,-0.038170,0.385959,0.123624,0.055766,0.032041,0.000944,4.07,20,-0.040865,0.624601,0.511558,0.000000,0.000000,0.000000,0.000000,0.000000,0.000000,nan,nan,nan,nan,nan,nan
1779938866460678965,2026-05-28T10:27:46.460700,prediction,-0.091265,0.435000,0.126001,True,-0.039637,0.395737,0.124854,0.051628,0.039263,0.001147,3.92,20,-0.041737,0.614651,0.511679,0.000000,0.000000,0.000000,0.000000,0.000000,0.000000,nan,nan,nan,nan,nan,nan
1779938866491939090,2026-05-28T10:27:46.491963,prediction,-0.091265,0.435000,0.126001,True,-0.040054,0.390251,0.128171,0.051211,0.044749,0.002170,3.74,20,-0.041737,0.614651,0.511679,0.000000,0.000000,0.000000,0.000000,0.000000,0.000000,nan,nan,nan,nan,nan,nan
1779938866523814030,2026-05-28T10:27:46.523835,prediction,-0.093809,0.425000,0.125158,True,-0.044584,0.374415,0.128780,0.049225,0.050585,0.003622,4.02,20,-0.042206,0.604681,0.511737,0.000000,0.000000,0.000000,0.000000,0.000000,0.000000,nan,nan,nan,nan,nan,nan
1779938866563520105,2026-05-28T10:27:46.563536,prediction,-0.091215,0.438000,0.126254,True,-0.046663,0.383833,0.127499,0.044552,0.054167,0.001245,3.90,20,-0.042206,0.604681,0.511737,0.000000,0.000000,0.000000,0.000000,0.000000,0.000000,nan,nan,nan,nan,nan,nan
1779938866601972734,2026-05-28T10:27:46.601989,prediction,-0.091430,0.425000,0.125158,True,-0.042714,0.375174,0.127860,0.048716,0.049826,0.002701,4.05,20,-0.042093,0.594648,0.511771,0.000000,0.000000,0.000000,0.000000,0.000000,0.000000,nan,nan,nan,nan,nan,nan
1779938866633027807,2026-05-28T10:27:46.633052,prediction,-0.090885,0.458000,0.125612,True,-0.048499,0.391174,0.126172,0.042387,0.066826,0.000560,3.67,20,-0.042093,0.594648,0.511771,0.000000,0.000000,0.000000,0.000000,0.000000,0.000000,nan,nan,nan,nan,nan,nan
1779938866664794570,2026-05-28T10:27:46.664817,prediction,-0.091215,0.438000,0.126254,True,-0.042082,0.381474,0.131239,0.049133,0.056527,0.004985,3.79,20,-0.040808,0.584742,0.511702,0.000000,0.000000,0.000000,0.000000,0.000000,0.000000,nan,nan,nan,nan,nan,nan
1779938866697299235,2026-05-28T10:27:46.697327,prediction,-0.091100,0.445000,0.126844,True,-0.046549,0.380530,0.129846,0.044551,0.064470,0.003002,3.77,20,-0.040808,0.584742,0.511702,0.000000,0.000000,0.000000,0.000000,0.000000,0.000000,nan,nan,nan,nan,nan,nan
1779938866733924671,2026-05-28T10:27:46.733950,prediction,-0.091215,0.438000,0.126254,True,-0.045614,0.382288,0.127684,0.045601,0.055712,0.001430,3.82,20,-0.038542,0.576830,0.511815,0.000000,0.000000,0.000000,0.000000,0.000000,0.000000,nan,nan,nan,nan,nan,nan
1779938866768014426,2026-05-28T10:27:46.768037,prediction,-0.088605,0.455000,0.127687,True,-0.048252,0.398288,0.129422,0.040353,0.056712,0.001735,4.46,20,-0.038542,0.576830,0.511815,0.000000,0.000000,0.000000,0.000000,0.000000,0.000000,nan,nan,nan,nan,nan,nan
1779938866801157354,2026-05-28T10:27:46.801180,prediction,-0.088605,0.455000,0.127687,True,-0.054061,0.414288,0.130894,0.034545,0.040712,0.003207,3.72,20,-0.033675,0.587543,0.512707,0.000000,0.000000,0.000000,0.000000,0.000000,0.000000,nan,nan,nan,nan,nan,nan
1779938866835204728,2026-05-28T10:27:46.835227,prediction,-0.086104,0.468000,0.128783,True,-0.056877,0.429309,0.132591,0.029226,0.038691,0.003809,4.70,20,-0.033675,0.587543,0.512707,0.000000,0.000000,0.000000,0.000000,0.000000,0.000000,nan,nan,nan,nan,nan,nan
1779938866876364544,2026-05-28T10:27:46.876388,prediction,-0.086064,0.471000,0.129036,True,-0.058606,0.440064,0.131521,0.027458,0.030936,0.002486,6.80,20,-0.033049,0.589662,0.512960,0.000000,0.000000,0.000000,0.000000,0.000000,0.000000,nan,nan,nan,nan,nan,nan
1779938866912032361,2026-05-28T10:27:46.912054,prediction,-0.085985,0.477000,0.129541,True,-0.061263,0.453342,0.131143,0.024721,0.023658,0.001602,6.84,20,-0.033049,0.589662,0.512960,0.000000,0.000000,0.000000,0.000000,0.000000,0.000000,nan,nan,nan,nan,nan,nan
1779938866948407007,2026-05-28T10:27:46.948424,prediction,-0.086104,0.468000,0.128783,True,-0.062106,0.453130,0.130564,0.023998,0.014870,0.001782,6.93,20,-0.031652,0.593850,0.513422,0.000000,0.000000,0.000000,0.000000,0.000000,0.000000,nan,nan,nan,nan,nan,nan
1779938866984611247,2026-05-28T10:27:46.984628,prediction,-0.086196,0.461000,0.128193,True,-0.062899,0.444380,0.130255,0.023297,0.016620,0.002062,6.67,20,-0.031652,0.593850,0.513422,0.000000,0.000000,0.000000,0.000000,0.000000,0.000000,nan,nan,nan,nan,nan,nan
1779938867015555627,2026-05-28T10:27:47.015572,prediction,-0.086275,0.455000,0.127687,True,-0.065074,0.440286,0.128928,0.021202,0.014714,0.001241,5.59,20,-0.029393,0.600090,0.514081,0.000000,0.000000,0.000000,0.000000,0.000000,0.000000,nan,nan,nan,nan,nan,nan
1779938867049708053,2026-05-28T10:27:47.049730,prediction,-0.085945,0.480000,0.127502,True,-0.069505,0.456286,0.125541,0.016440,0.023714,0.001961,3.94,20,-0.029393,0.600090,0.514081,0.000000,0.000000,0.000000,0.000000,0.000000,0.000000,nan,nan,nan,nan,nan,nan
1779938867086528638,2026-05-28T10:27:47.086565,prediction,-0.083541,0.490000,0.128362,True,-0.062118,0.472286,0.128214,0.021422,0.017714,0.000148,5.11,20,-0.026244,0.608334,0.514625,0.000000,0.000000,0.000000,0.000000,0.000000,0.000000,nan,nan,nan,nan,nan,nan
1779938867118718461,2026-05-28T10:27:47.118739,prediction,-0.083541,0.490000,0.128362,True,-0.060092,0.474485,0.129465,0.023449,0.015515,0.001103,3.79,20,-0.026244,0.608334,0.514625,0.000000,0.000000,0.000000,0.000000,0.000000,0.000000,nan,nan,nan,nan,nan,nan
1779938867150535956,2026-05-28T10:27:47.150561,prediction,-0.085945,0.480000,0.127502,True,-0.063611,0.467362,0.128294,0.022334,0.012638,0.000792,4.43,20,-0.023358,0.616417,0.514913,0.000000,0.000000,0.000000,0.000000,0.000000,0.000000,nan,nan,nan,nan,nan,nan
1779938867181646854,2026-05-28T10:27:47.181665,prediction,-0.086236,0.458000,0.127940,True,-0.064801,0.452254,0.128950,0.021435,0.005746,0.001010,4.02,20,-0.023358,0.616417,0.514913,0.000000,0.000000,0.000000,0.000000,0.000000,0.000000,nan,nan,nan,nan,nan,nan
1779938867218477804,2026-05-28T10:27:47.218507,prediction,-0.085985,0.477000,0.127244,True,-0.072278,0.468254,0.124472,0.013707,0.008746,0.002773,4.66,20,-0.020680,0.626042,0.515080,0.000000,0.000000,0.000000,0.000000,0.000000,0.000000,nan,nan,nan,nan,nan,nan
1779938867252314479,2026-05-28T10:27:47.252340,prediction,-0.085945,0.480000,0.127502,True,-0.066373,0.471770,0.127726,0.019572,0.008230,0.000224,4.32,20,-0.020680,0.626042,0.515080,0.000000,0.000000,0.000000,0.000000,0.000000,0.000000,nan,nan,nan,nan,nan,nan
1779938867286490969,2026-05-28T10:27:47.286516,prediction,-0.086064,0.471000,0.126729,True,-0.066076,0.464911,0.128407,0.019988,0.006089,0.001678,4.09,20,-0.018124,0.635089,0.515048,0.000000,0.000000,0.000000,0.000000,0.000000,0.000000,nan,nan,nan,nan,nan,nan
1779938867317050020,2026-05-28T10:27:47.317076,prediction,-0.086024,0.474000,0.126987,True,-0.068345,0.459052,0.127948,0.017679,0.014948,0.000962,4.41,20,-0.018124,0.635089,0.515048,0.000000,0.000000,0.000000,0.000000,0.000000,0.000000,nan,nan,nan,nan,nan,nan
1779938867349137017,2026-05-28T10:27:47.349157,prediction,-0.086024,0.474000,0.126987,True,-0.069099,0.465473,0.127579,0.016925,0.008527,0.000592,3.81,20,-0.015801,0.644678,0.514926,0.000000,0.000000,0.000000,0.000000,0.000000,0.000000,nan,nan,nan,nan,nan,nan
1779938867378995933,2026-05-28T10:27:47.379017,prediction,-0.086024,0.474000,0.126987,True,-0.067773,0.464574,0.127453,0.018251,0.009426,0.000466,3.82,20,-0.015801,0.644678,0.514926,0.000000,0.000000,0.000000,0.000000,0.000000,0.000000,nan,nan,nan,nan,nan,nan
1779938867409022622,2026-05-28T10:27:47.409047,prediction,-0.088323,0.474000,0.126987,True,-0.068486,0.459194,0.129147,0.019837,0.014806,0.002161,3.63,20,-0.013700,0.654423,0.514634,0.000000,0.000000,0.000000,0.000000,0.000000,0.000000,nan,nan,nan,nan,nan,nan
1779938867446924992,2026-05-28T10:27:47.446946,prediction,-0.088278,0.477000,0.127244,True,-0.068256,0.455126,0.129718,0.020023,0.021874,0.002474,3.62,20,-0.013700,0.654423,0.514634,0.000000,0.000000,0.000000,0.000000,0.000000,0.000000,nan,nan,nan,nan,nan,nan
1779938867482048664,2026-05-28T10:27:47.482070,prediction,-0.085945,0.480000,0.127502,True,-0.065922,0.460108,0.128778,0.020023,0.019892,0.001276,3.84,20,-0.011699,0.664175,0.514303,0.000000,0.000000,0.000000,0.000000,0.000000,0.000000,nan,nan,nan,nan,nan,nan
1779938867517899113,2026-05-28T10:27:47.517928,prediction,-0.086196,0.461000,0.128193,True,-0.063506,0.444108,0.130616,0.022690,0.016892,0.002423,4.14,20,-0.011699,0.664175,0.514303,0.000000,0.000000,0.000000,0.000000,0.000000,0.000000,nan,nan,nan,nan,nan,nan
1779938867552197742,2026-05-28T10:27:47.552219,prediction,-0.085496,0.514000,0.125952,True,-0.076365,0.460108,0.122586,0.009131,0.053892,0.003365,4.06,20,-0.010130,0.672044,0.514014,0.000000,0.000000,0.000000,0.000000,0.000000,0.000000,nan,nan,nan,nan,nan,nan
1779938867582155956,2026-05-28T10:27:47.582182,prediction,-0.081030,0.514000,0.125952,True,-0.062928,0.476108,0.125798,0.018102,0.037892,0.000153,3.69,20,-0.010130,0.672044,0.514014,0.000000,0.000000,0.000000,0.000000,0.000000,0.000000,nan,nan,nan,nan,nan,nan
1779938867613620965,2026-05-28T10:27:47.613643,prediction,-0.085945,0.480000,0.125210,True,-0.054528,0.460108,0.127139,0.031417,0.019892,0.001929,3.95,20,-0.008993,0.678154,0.513705,0.000000,0.000000,0.000000,0.000000,0.000000,0.000000,nan,nan,nan,nan,nan,nan
1779938867648111965,2026-05-28T10:27:47.648134,prediction,-0.085853,0.487000,0.125823,True,-0.057979,0.448119,0.126538,0.027874,0.038881,0.000714,3.68,20,-0.008993,0.678154,0.513705,0.000000,0.000000,0.000000,0.000000,0.000000,0.000000,nan,nan,nan,nan,nan,nan
1779938867680342587,2026-05-28T10:27:47.680359,prediction,-0.085694,0.499000,0.126874,True,-0.057338,0.464119,0.127651,0.028356,0.034881,0.000777,4.11,20,-0.008246,0.682173,0.513503,0.000000,0.000000,0.000000,0.000000,0.000000,0.000000,nan,nan,nan,nan,nan,nan
1779938867717943071,2026-05-28T10:27:47.717963,prediction,-0.090308,0.493000,0.126349,True,-0.058939,0.472998,0.129043,0.031369,0.020002,0.002694,3.56,20,-0.008246,0.682173,0.513503,0.000000,0.000000,0.000000,0.000000,0.000000,0.000000,nan,nan,nan,nan,nan,nan
1779938867749082474,2026-05-28T10:27:47.749104,prediction,-0.088323,0.474000,0.126987,True,-0.055819,0.456998,0.132857,0.032503,0.017002,0.005870,3.85,20,-0.009541,0.681047,0.513192,0.000000,0.000000,0.000000,0.000000,0.000000,0.000000,nan,nan,nan,nan,nan,nan
1779938867784160218,2026-05-28T10:27:47.784184,prediction,-0.088323,0.474000,0.126987,True,-0.063131,0.440998,0.131969,0.025192,0.033002,0.004982,3.99,20,-0.009541,0.681047,0.513192,0.000000,0.000000,0.000000,0.000000,0.000000,0.000000,nan,nan,nan,nan,nan,nan
1779938867818743455,2026-05-28T10:27:47.818764,prediction,-0.088323,0.474000,0.126987,True,-0.062330,0.441461,0.129593,0.025993,0.032539,0.002607,4.18,20,-0.011483,0.680191,0.513852,0.000000,0.000000,0.000000,0.000000,0.000000,0.000000,nan,nan,nan,nan,nan,nan
1779938867848031143,2026-05-28T10:27:47.848052,prediction,-0.085945,0.480000,0.127502,True,-0.059084,0.447514,0.129435,0.026861,0.032486,0.001933,3.86,20,-0.011483,0.680191,0.513852,0.000000,0.000000,0.000000,0.000000,0.000000,0.000000,nan,nan,nan,nan,nan,nan
1779938867879404383,2026-05-28T10:27:47.879424,prediction,-0.085945,0.480000,0.127502,True,-0.055775,0.435490,0.131982,0.030170,0.044510,0.004479,3.77,20,-0.012781,0.677570,0.514421,0.000000,0.000000,0.000000,0.000000,0.000000,0.000000,nan,nan,nan,nan,nan,nan
1779938867914556975,2026-05-28T10:27:47.914607,prediction,-0.088472,0.464000,0.126127,True,-0.056490,0.419490,0.132231,0.031981,0.044510,0.006104,3.81,20,-0.012781,0.677570,0.514421,0.000000,0.000000,0.000000,0.000000,0.000000,0.000000,nan,nan,nan,nan,nan,nan
1779938867945087965,2026-05-28T10:27:47.945104,prediction,-0.088412,0.468000,0.126471,True,-0.061307,0.416504,0.128944,0.027105,0.051496,0.002473,3.66,20,-0.014402,0.675017,0.514846,0.000000,0.000000,0.000000,0.000000,0.000000,0.000000,nan,nan,nan,nan,nan,nan
1779938867978248825,2026-05-28T10:27:47.978262,prediction,-0.091727,0.407000,0.123641,True,-0.060830,0.400504,0.128131,0.030897,0.006496,0.004490,3.78,20,-0.014402,0.675017,0.514846,0.000000,0.000000,0.000000,0.000000,0.000000,0.000000,nan,nan,nan,nan,nan,nan
1779938868014473592,2026-05-28T10:27:48.014497,prediction,-0.090622,0.474000,0.126987,True,-0.073728,0.412021,0.128139,0.016894,0.061979,0.001153,3.76,20,-0.014933,0.671525,0.514662,0.000000,0.000000,0.000000,0.000000,0.000000,0.000000,nan,nan,nan,nan,nan,nan
1779938868045148153,2026-05-28T10:27:48.045169,prediction,-0.091298,0.433000,0.125833,True,-0.065953,0.396021,0.132738,0.025345,0.036979,0.006906,3.89,20,-0.014933,0.671525,0.514662,0.000000,0.000000,0.000000,0.000000,0.000000,0.000000,nan,nan,nan,nan,nan,nan
1779938868075227220,2026-05-28T10:27:48.075247,prediction,-0.091083,0.446000,0.124581,True,-0.063211,0.380021,0.131572,0.027873,0.065979,0.006992,3.47,20,-0.014830,0.667023,0.515038,0.000000,0.000000,0.000000,0.000000,0.000000,0.000000,nan,nan,nan,nan,nan,nan
1779938868109836820,2026-05-28T10:27:48.109861,prediction,-0.090572,0.477000,0.127244,True,-0.061407,0.396021,0.133925,0.029165,0.080979,0.006681,3.76,20,-0.014830,0.667023,0.515038,0.000000,0.000000,0.000000,0.000000,0.000000,0.000000,nan,nan,nan,nan,nan,nan
1779938868146544232,2026-05-28T10:27:48.146566,prediction,-0.091331,0.431000,0.125664,True,-0.053560,0.380021,0.139403,0.037771,0.050979,0.013739,4.11,20,-0.014649,0.661370,0.515700,0.000000,0.000000,0.000000,0.000000,0.000000,0.000000,nan,nan,nan,nan,nan,nan
1779938868182604490,2026-05-28T10:27:48.182673,prediction,-0.091331,0.431000,0.125664,True,-0.061263,0.364021,0.137504,0.030068,0.066979,0.011840,4.23,20,-0.014649,0.661370,0.515700,0.000000,0.000000,0.000000,0.000000,0.000000,0.000000,nan,nan,nan,nan,nan,nan
1779938868213061588,2026-05-28T10:27:48.213084,prediction,-0.090721,0.468000,0.126471,True,-0.062138,0.380021,0.137881,0.028583,0.087979,0.011410,4.11,20,-0.014602,0.654632,0.516756,0.000000,0.000000,0.000000,0.000000,0.000000,0.000000,nan,nan,nan,nan,nan,nan
1779938868253707669,2026-05-28T10:27:48.253728,prediction,-0.088472,0.464000,0.126127,True,-0.053418,0.380472,0.139881,0.035053,0.083528,0.013753,3.76,20,-0.014441,0.648376,0.517597,0.000000,0.000000,0.000000,0.000000,0.000000,0.000000,nan,nan,nan,nan,nan,nan
1779938868289959076,2026-05-28T10:27:48.289984,prediction,-0.088472,0.464000,0.126127,True,-0.050881,0.366930,0.139292,0.037590,0.097070,0.013164,4.00,20,-0.014441,0.648376,0.517597,0.000000,0.000000,0.000000,0.000000,0.000000,0.000000,nan,nan,nan,nan,nan,nan
1779938868321242128,2026-05-28T10:27:48.321262,prediction,-0.088472,0.464000,0.126127,True,-0.051988,0.358206,0.138796,0.036484,0.105794,0.012669,4.15,20,-0.014810,0.640846,0.518374,0.000000,0.000000,0.000000,0.000000,0.000000,0.000000,nan,nan,nan,nan,nan,nan
1779938868355880021,2026-05-28T10:27:48.355911,prediction,-0.091430,0.425000,0.125158,True,-0.054906,0.342206,0.137254,0.036523,0.082794,0.012096,3.98,20,-0.014810,0.640846,0.518374,0.000000,0.000000,0.000000,0.000000,0.000000,0.000000,nan,nan,nan,nan,nan,nan
1779938868385423865,2026-05-28T10:27:48.385445,prediction,-0.090671,0.471000,0.126729,True,-0.060714,0.358206,0.132424,0.029957,0.112794,0.005695,3.66,20,-0.014810,0.640846,0.518374,0.000000,0.000000,0.000000,0.000000,0.000000,0.000000,nan,nan,nan,nan,nan,nan
1779938868424155436,2026-05-28T10:27:48.424175,prediction,-0.090622,0.474000,0.126987,True,-0.051322,0.366394,0.135085,0.039300,0.107606,0.008098,6.27,20,-0.015494,0.632278,0.519246,0.000000,0.000000,0.000000,0.000000,0.000000,0.000000,nan,nan,nan,nan,nan,nan
1779938868457452758,2026-05-28T10:27:48.457472,prediction,-0.090457,0.484000,0.127846,True,-0.047363,0.359872,0.136083,0.043094,0.124128,0.008238,6.05,20,-0.015833,0.623111,0.519799,0.000000,0.000000,0.000000,0.000000,0.000000,0.000000,nan,nan,nan,nan,nan,nan
1779938868492944025,2026-05-28T10:27:48.492961,prediction,-0.090671,0.471000,0.126729,True,-0.045610,0.347890,0.134849,0.045061,0.123110,0.008120,6.31,20,-0.015833,0.623111,0.519799,0.000000,0.000000,0.000000,0.000000,0.000000,0.000000,nan,nan,nan,nan,nan,nan
1779938868523933485,2026-05-28T10:27:48.523954,prediction,-0.090622,0.474000,0.126987,True,-0.049503,0.353051,0.132921,0.041118,0.120950,0.005935,6.38,20,-0.016804,0.613762,0.520473,0.000000,0.000000,0.000000,0.000000,0.000000,0.000000,nan,nan,nan,nan,nan,nan
1779938868558155639,2026-05-28T10:27:48.558177,prediction,-0.088605,0.455000,0.125354,True,-0.045085,0.343433,0.130329,0.043521,0.111567,0.004975,6.30,20,-0.016804,0.613762,0.520473,0.000000,0.000000,0.000000,0.000000,0.000000,0.000000,nan,nan,nan,nan,nan,nan
1779938868585591733,2026-05-28T10:27:48.585607,prediction,-0.088323,0.474000,0.126987,True,-0.047316,0.354821,0.132066,0.041007,0.119179,0.005080,3.88,20,-0.016804,0.613762,0.520473,0.000000,0.000000,0.000000,0.000000,0.000000,0.000000,nan,nan,nan,nan,nan,nan
1779938868616991975,2026-05-28T10:27:48.617010,prediction,-0.088472,0.464000,0.126127,True,-0.042487,0.342410,0.132953,0.045984,0.121590,0.006826,3.66,20,-0.018697,0.604682,0.520988,0.000000,0.000000,0.000000,0.000000,0.000000,0.000000,nan,nan,nan,nan,nan,nan
1779938868653112219,2026-05-28T10:27:48.653133,prediction,-0.088412,0.468000,0.126471,True,-0.051253,0.358410,0.129434,0.037159,0.109590,0.002963,6.46,20,-0.020927,0.596172,0.521255,0.000000,0.000000,0.000000,0.000000,0.000000,0.000000,nan,nan,nan,nan,nan,nan
1779938868683083574,2026-05-28T10:27:48.683106,prediction,-0.088709,0.448000,0.127097,True,-0.047529,0.347010,0.130446,0.041180,0.100990,0.003349,6.11,20,-0.020927,0.596172,0.521255,0.000000,0.000000,0.000000,0.000000,0.000000,0.000000,nan,nan,nan,nan,nan,nan
1779938868711400110,2026-05-28T10:27:48.711415,prediction,-0.086368,0.448000,0.127097,True,-0.050107,0.350050,0.130036,0.036261,0.097951,0.002939,4.35,20,-0.020927,0.596172,0.521255,0.000000,0.000000,0.000000,0.000000,0.000000,0.000000,nan,nan,nan,nan,nan,nan
1779938868745286527,2026-05-28T10:27:48.745307,prediction,-0.086196,0.461000,0.128193,True,-0.058335,0.366050,0.129696,0.027861,0.094951,0.001504,3.47,20,-0.023078,0.587729,0.520623,0.000000,0.000000,0.000000,0.000000,0.000000,0.000000,nan,nan,nan,nan,nan,nan
1779938868778042328,2026-05-28T10:27:48.778061,prediction,-0.088665,0.451000,0.127350,True,-0.056012,0.368400,0.131307,0.032653,0.082600,0.003958,3.75,20,-0.023078,0.587729,0.520623,0.000000,0.000000,0.000000,0.000000,0.000000,0.000000,nan,nan,nan,nan,nan,nan
1779938868811140041,2026-05-28T10:27:48.811159,prediction,-0.086527,0.436000,0.126085,True,-0.053672,0.352400,0.130680,0.032854,0.083600,0.004595,3.48,20,-0.024133,0.580462,0.519539,0.000000,0.000000,0.000000,0.000000,0.000000,0.000000,nan,nan,nan,nan,nan,nan
1779938868848343222,2026-05-28T10:27:48.848365,prediction,-0.086275,0.455000,0.127687,True,-0.062933,0.368400,0.130788,0.023343,0.086600,0.003101,4.07,20,-0.024133,0.580462,0.519539,0.000000,0.000000,0.000000,0.000000,0.000000,0.000000,nan,nan,nan,nan,nan,nan
1779938868890633709,2026-05-28T10:27:48.890654,prediction,-0.086024,0.474000,0.126987,True,-0.062187,0.384400,0.129527,0.023837,0.089600,0.002540,3.83,20,-0.024590,0.575278,0.518483,0.000000,0.000000,0.000000,0.000000,0.000000,0.000000,nan,nan,nan,nan,nan,nan
1779938868928891679,2026-05-28T10:27:48.928920,prediction,-0.088754,0.445000,0.126844,True,-0.059295,0.389853,0.131469,0.029459,0.055148,0.004625,3.83,20,-0.024101,0.572086,0.517196,0.000000,0.000000,0.000000,0.000000,0.000000,0.000000,nan,nan,nan,nan,nan,nan
1779938868958031501,2026-05-28T10:27:48.958050,prediction,-0.086236,0.458000,0.127940,True,-0.063079,0.392999,0.130822,0.023157,0.065001,0.002882,3.58,20,-0.024101,0.572086,0.517196,0.000000,0.000000,0.000000,0.000000,0.000000,0.000000,nan,nan,nan,nan,nan,nan
1779938868990630510,2026-05-28T10:27:48.990651,prediction,-0.086328,0.451000,0.127350,True,-0.057221,0.392530,0.131187,0.029108,0.058470,0.003837,6.48,20,-0.022717,0.574879,0.516985,0.000000,0.000000,0.000000,0.000000,0.000000,0.000000,nan,nan,nan,nan,nan,nan
1779938869018669221,2026-05-28T10:27:49.018688,prediction,-0.086275,0.455000,0.127687,True,-0.062626,0.408530,0.128841,0.023649,0.046470,0.001154,4.23,20,-0.022717,0.574879,0.516985,0.000000,0.000000,0.000000,0.000000,0.000000,0.000000,nan,nan,nan,nan,nan,nan
1779938869048813937,2026-05-28T10:27:49.048833,prediction,-0.086024,0.474000,0.126987,True,-0.061792,0.424530,0.127463,0.024232,0.049470,0.000477,3.65,20,-0.022717,0.574879,0.516985,0.000000,0.000000,0.000000,0.000000,0.000000,0.000000,nan,nan,nan,nan,nan,nan
1779938869084898598,2026-05-28T10:27:49.084927,prediction,-0.086064,0.471000,0.126729,True,-0.058850,0.426280,0.130156,0.027214,0.044720,0.003427,4.05,20,-0.021790,0.576863,0.516731,0.000000,0.000000,0.000000,0.000000,0.000000,0.000000,nan,nan,nan,nan,nan,nan
1779938869114197261,2026-05-28T10:27:49.114223,prediction,-0.085945,0.480000,0.127502,True,-0.062379,0.432936,0.128568,0.023566,0.047064,0.001066,3.77,20,-0.021790,0.576863,0.516731,0.000000,0.000000,0.000000,0.000000,0.000000,0.000000,nan,nan,nan,nan,nan,nan
1779938869150795957,2026-05-28T10:27:49.150812,prediction,-0.083946,0.455000,0.127687,True,-0.058663,0.419845,0.129221,0.025283,0.035155,0.001534,3.80,20,-0.020208,0.580994,0.516340,0.000000,0.000000,0.000000,0.000000,0.000000,0.000000,nan,nan,nan,nan,nan,nan
1779938869191689865,2026-05-28T10:27:49.191710,prediction,-0.085456,0.517000,0.126219,True,-0.073947,0.435845,0.121226,0.011509,0.081155,0.004994,3.61,20,-0.018437,0.587367,0.515973,0.000000,0.000000,0.000000,0.000000,0.000000,0.000000,nan,nan,nan,nan,nan,nan
1779938869224580243,2026-05-28T10:27:49.224600,prediction,-0.074141,0.552000,0.122821,True,-0.057947,0.451845,0.119845,0.016194,0.100155,0.002976,3.51,20,-0.018437,0.587367,0.515973,0.000000,0.000000,0.000000,0.000000,0.000000,0.000000,nan,nan,nan,nan,nan,nan
1779938869254593379,2026-05-28T10:27:49.254609,prediction,-0.074166,0.547000,0.122350,True,-0.041947,0.467845,0.123149,0.032219,0.079155,0.000799,3.60,20,-0.016610,0.595323,0.515263,0.000000,0.000000,0.000000,0.000000,0.000000,0.000000,nan,nan,nan,nan,nan,nan
1779938869286833593,2026-05-28T10:27:49.286851,prediction,-0.076584,0.511000,0.127925,True,-0.025947,0.461606,0.127885,0.050637,0.049394,0.000040,3.60,20,-0.016610,0.595323,0.515263,0.000000,0.000000,0.000000,0.000000,0.000000,0.000000,nan,nan,nan,nan,nan,nan
1779938869317879392,2026-05-28T10:27:49.317895,prediction,-0.076624,0.505000,0.127400,True,-0.015504,0.462929,0.126468,0.061120,0.042071,0.000932,4.08,20,-0.016610,0.595323,0.515263,0.000000,0.000000,0.000000,0.000000,0.000000,0.000000,nan,nan,nan,nan,nan,nan
1779938869347098497,2026-05-28T10:27:49.347111,prediction,-0.081268,0.490000,0.126086,True,-0.011700,0.467736,0.123149,0.069568,0.022264,0.002937,3.64,20,-0.016799,0.604184,0.514578,0.000000,0.000000,0.000000,0.000000,0.000000,0.000000,nan,nan,nan,nan,nan,nan
1779938869377153794,2026-05-28T10:27:49.377169,prediction,-0.083541,0.490000,0.126086,True,-0.010878,0.461450,0.126493,0.072662,0.028550,0.000407,3.59,20,-0.016799,0.604184,0.514578,0.000000,0.000000,0.000000,0.000000,0.000000,0.000000,nan,nan,nan,nan,nan,nan
1779938869410242718,2026-05-28T10:27:49.410264,prediction,-0.083876,0.461000,0.128193,True,-0.011197,0.445450,0.133664,0.072679,0.015550,0.005472,3.73,20,-0.019191,0.613593,0.513980,0.000000,0.000000,0.000000,0.000000,0.000000,0.000000,nan,nan,nan,nan,nan,nan
1779938869442246056,2026-05-28T10:27:49.442266,prediction,-0.088813,0.441000,0.126507,True,-0.020578,0.429450,0.133438,0.068235,0.011550,0.006931,3.77,20,-0.019191,0.613593,0.513980,0.000000,0.000000,0.000000,0.000000,0.000000,0.000000,nan,nan,nan,nan,nan,nan
1779938869476050712,2026-05-28T10:27:49.476072,prediction,-0.086024,0.474000,0.126987,True,-0.027412,0.444653,0.127054,0.058613,0.029347,0.000068,3.68,20,-0.023031,0.622772,0.513711,0.000000,0.000000,0.000000,0.000000,0.000000,0.000000,nan,nan,nan,nan,nan,nan
1779938869518271065,2026-05-28T10:27:49.518286,prediction,-0.086024,0.474000,0.126987,True,-0.025275,0.441788,0.130553,0.060750,0.032212,0.003566,4.06,20,-0.023031,0.622772,0.513711,0.000000,0.000000,0.000000,0.000000,0.000000,0.000000,nan,nan,nan,nan,nan,nan
1779938869555337625,2026-05-28T10:27:49.555359,prediction,-0.085985,0.477000,0.127244,True,-0.022477,0.425788,0.135335,0.063508,0.051212,0.008091,4.03,20,-0.026971,0.631984,0.513429,0.000000,0.000000,0.000000,0.000000,0.000000,0.000000,nan,nan,nan,nan,nan,nan
1779938869590736320,2026-05-28T10:27:49.590755,prediction,-0.085985,0.477000,0.127244,True,-0.026824,0.409788,0.135268,0.059160,0.067212,0.008024,3.78,20,-0.031417,0.640995,0.513396,0.000000,0.000000,0.000000,0.000000,0.000000,0.000000,nan,nan,nan,nan,nan,nan
1779938869624870402,2026-05-28T10:27:49.624891,prediction,-0.086328,0.451000,0.127350,True,-0.028343,0.393788,0.133529,0.057985,0.057212,0.006180,3.66,20,-0.031417,0.640995,0.513396,0.000000,0.000000,0.000000,0.000000,0.000000,0.000000,nan,nan,nan,nan,nan,nan
1779938869660339474,2026-05-28T10:27:49.660354,prediction,-0.086024,0.474000,0.126987,True,-0.034026,0.401369,0.128868,0.051998,0.072631,0.001882,6.46,20,-0.036682,0.649462,0.513659,0.000000,0.000000,0.000000,0.000000,0.000000,0.000000,nan,nan,nan,nan,nan,nan
1779938869694975793,2026-05-28T10:27:49.694996,prediction,-0.088813,0.441000,0.126507,True,-0.035556,0.385369,0.133079,0.053257,0.055631,0.006572,6.58,20,-0.036682,0.649462,0.513659,0.000000,0.000000,0.000000,0.000000,0.000000,0.000000,nan,nan,nan,nan,nan,nan
1779938869726666672,2026-05-28T10:27:49.726684,prediction,-0.086368,0.448000,0.127097,True,-0.040202,0.369369,0.133454,0.046166,0.078631,0.006357,6.23,20,-0.042576,0.655822,0.514155,0.000000,0.000000,0.000000,0.000000,0.000000,0.000000,nan,nan,nan,nan,nan,nan
1779938869757762925,2026-05-28T10:27:49.757784,prediction,-0.089051,0.425000,0.125158,True,-0.040071,0.353369,0.131384,0.048980,0.071631,0.006226,6.38,20,-0.042576,0.655822,0.514155,0.000000,0.000000,0.000000,0.000000,0.000000,0.000000,nan,nan,nan,nan,nan,nan
1779938869794523610,2026-05-28T10:27:49.794545,prediction,-0.089051,0.425000,0.127541,True,-0.037567,0.337369,0.133910,0.051484,0.087631,0.006370,6.26,20,-0.048391,0.660005,0.515025,0.000000,0.000000,0.000000,0.000000,0.000000,0.000000,nan,nan,nan,nan,nan,nan
1779938869826372730,2026-05-28T10:27:49.826389,prediction,-0.089214,0.414000,0.126631,True,-0.042523,0.329980,0.133305,0.046692,0.084020,0.006673,6.13,20,-0.048391,0.660005,0.515025,0.000000,0.000000,0.000000,0.000000,0.000000,0.000000,nan,nan,nan,nan,nan,nan
1779938869857820608,2026-05-28T10:27:49.857840,prediction,-0.088902,0.435000,0.126001,True,-0.043515,0.333219,0.132937,0.045387,0.101781,0.006936,6.84,20,-0.048225,0.646895,0.517069,0.000000,0.000000,0.000000,0.000000,0.000000,0.000000,nan,nan,nan,nan,nan,nan
1779938869896964371,2026-05-28T10:27:49.896985,prediction,-0.089051,0.425000,0.125158,True,-0.042432,0.322551,0.133470,0.046618,0.102449,0.008312,4.05,20,-0.048225,0.646895,0.517069,0.000000,0.000000,0.000000,0.000000,0.000000,0.000000,nan,nan,nan,nan,nan,nan
1779938869934495647,2026-05-28T10:27:49.934532,prediction,-0.089155,0.418000,0.124568,True,-0.041025,0.306551,0.133677,0.048130,0.111449,0.009109,4.37,20,-0.047650,0.644778,0.517227,0.000000,0.000000,0.000000,0.000000,0.000000,0.000000,nan,nan,nan,nan,nan,nan
1779938869964392263,2026-05-28T10:27:49.964409,prediction,-0.091380,0.428000,0.125411,True,-0.042237,0.307955,0.133864,0.049144,0.120045,0.008453,3.73,20,-0.047650,0.644778,0.517227,0.000000,0.000000,0.000000,0.000000,0.000000,0.000000,nan,nan,nan,nan,nan,nan
1779938870000188901,2026-05-28T10:27:50.000209,prediction,-0.088902,0.435000,0.126001,True,-0.035142,0.314377,0.134968,0.053761,0.120623,0.008967,3.73,20,-0.046358,0.640521,0.517472,0.000000,0.000000,0.000000,0.000000,0.000000,0.000000,nan,nan,nan,nan,nan,nan
1779938870033432957,2026-05-28T10:27:50.033452,prediction,-0.086460,0.441000,0.126507,True,-0.031875,0.322886,0.134625,0.054585,0.118114,0.008118,6.08,20,-0.046358,0.640521,0.517472,0.000000,0.000000,0.000000,0.000000,0.000000,0.000000,nan,nan,nan,nan,nan,nan
1779938870063562833,2026-05-28T10:27:50.063584,prediction,-0.086764,0.418000,0.126962,True,-0.026498,0.306886,0.136852,0.060266,0.111114,0.009890,6.24,20,-0.044926,0.634067,0.517770,0.000000,0.000000,0.000000,0.000000,0.000000,0.000000,nan,nan,nan,nan,nan,nan
1779938870095405248,2026-05-28T10:27:50.095426,prediction,-0.086817,0.414000,0.126631,True,-0.030461,0.290886,0.135485,0.056357,0.123114,0.008854,6.24,20,-0.044926,0.634067,0.517770,0.000000,0.000000,0.000000,0.000000,0.000000,0.000000,nan,nan,nan,nan,nan,nan
1779938870125330284,2026-05-28T10:27:50.125350,prediction,-0.086460,0.441000,0.126507,True,-0.038273,0.306886,0.130658,0.048187,0.134114,0.004151,6.24,20,-0.043677,0.625422,0.518053,0.000000,0.000000,0.000000,0.000000,0.000000,0.000000,nan,nan,nan,nan,nan,nan
1779938870152969019,2026-05-28T10:27:50.152989,prediction,-0.086632,0.428000,0.127788,True,-0.036972,0.322886,0.134305,0.049660,0.105114,0.006516,4.17,20,-0.043677,0.625422,0.518053,0.000000,0.000000,0.000000,0.000000,0.000000,0.000000,nan,nan,nan,nan,nan,nan
1779938870192835293,2026-05-28T10:27:50.192857,prediction,-0.086817,0.414000,0.126631,True,-0.039527,0.319712,0.134411,0.047291,0.094289,0.007779,6.53,20,-0.042722,0.615437,0.518269,0.000000,0.000000,0.000000,0.000000,0.000000,0.000000,nan,nan,nan,nan,nan,nan
1779938870225097523,2026-05-28T10:27:50.225116,prediction,-0.086500,0.438000,0.126254,True,-0.047950,0.335712,0.131843,0.038550,0.102289,0.005589,5.96,20,-0.042722,0.615437,0.518269,0.000000,0.000000,0.000000,0.000000,0.000000,0.000000,nan,nan,nan,nan,nan,nan
1779938870258246405,2026-05-28T10:27:50.258261,prediction,-0.086275,0.455000,0.127687,True,-0.042686,0.351712,0.133204,0.043589,0.103289,0.005517,6.51,20,-0.041846,0.605460,0.518454,0.000000,0.000000,0.000000,0.000000,0.000000,0.000000,nan,nan,nan,nan,nan,nan
1779938870288922856,2026-05-28T10:27:50.288962,prediction,-0.084142,0.438000,0.126254,True,-0.038577,0.366249,0.133515,0.045565,0.071751,0.007261,6.03,20,-0.041846,0.605460,0.518454,0.000000,0.000000,0.000000,0.000000,0.000000,0.000000,nan,nan,nan,nan,nan,nan
1779938870322079827,2026-05-28T10:27:50.322100,prediction,-0.083946,0.455000,0.127687,True,-0.040908,0.370705,0.134187,0.043038,0.084295,0.006500,6.57,20,-0.041039,0.595532,0.518625,0.000000,0.000000,0.000000,0.000000,0.000000,0.000000,nan,nan,nan,nan,nan,nan
1779938870363837550,2026-05-28T10:27:50.363858,prediction,-0.086672,0.425000,0.125158,True,-0.041810,0.362068,0.133266,0.044862,0.062932,0.008108,4.07,20,-0.041039,0.595532,0.518625,0.000000,0.000000,0.000000,0.000000,0.000000,0.000000,nan,nan,nan,nan,nan,nan
1779938870397160041,2026-05-28T10:27:50.397175,prediction,-0.081715,0.445000,0.126844,True,-0.043918,0.378068,0.129558,0.037797,0.066932,0.002714,4.46,20,-0.040263,0.585517,0.518800,0.000000,0.000000,0.000000,0.000000,0.000000,0.000000,nan,nan,nan,nan,nan,nan
1779938870427548514,2026-05-28T10:27:50.427566,prediction,-0.084142,0.438000,0.126254,True,-0.042631,0.381513,0.130052,0.041512,0.056487,0.003798,3.43,20,-0.040263,0.585517,0.518800,0.000000,0.000000,0.000000,0.000000,0.000000,0.000000,nan,nan,nan,nan,nan,nan
1779938870457039859,2026-05-28T10:27:50.457058,prediction,-0.083876,0.461000,0.128193,True,-0.045805,0.391335,0.132510,0.038071,0.069665,0.004317,3.63,20,-0.039430,0.575580,0.518892,0.000000,0.000000,0.000000,0.000000,0.000000,0.000000,nan,nan,nan,nan,nan,nan
1779938870489035088,2026-05-28T10:27:50.489055,prediction,-0.084281,0.426000,0.127623,True,-0.047566,0.380904,0.133634,0.036715,0.045096,0.006011,4.19,20,-0.039430,0.575580,0.518892,0.000000,0.000000,0.000000,0.000000,0.000000,0.000000,nan,nan,nan,nan,nan,nan
1779938870520301733,2026-05-28T10:27:50.520322,prediction,-0.084142,0.438000,0.128615,True,-0.056095,0.381098,0.131251,0.028047,0.056902,0.002636,4.12,20,-0.038052,0.565708,0.518919,0.000000,0.000000,0.000000,0.000000,0.000000,0.000000,nan,nan,nan,nan,nan,nan
1779938870557430019,2026-05-28T10:27:50.557450,prediction,-0.078847,0.508000,0.127662,True,-0.056264,0.397098,0.119441,0.022583,0.110902,0.008221,3.92,20,-0.038052,0.565708,0.518919,0.000000,0.000000,0.000000,0.000000,0.000000,0.000000,nan,nan,nan,nan,nan,nan
1779938870587938469,2026-05-28T10:27:50.587958,prediction,-0.083541,0.490000,0.128362,True,-0.058256,0.413098,0.120350,0.025285,0.076902,0.008011,4.07,20,-0.035697,0.557761,0.518633,0.000000,0.000000,0.000000,0.000000,0.000000,0.000000,nan,nan,nan,nan,nan,nan
1779938870619475173,2026-05-28T10:27:50.619495,prediction,-0.084142,0.438000,0.126254,True,-0.065195,0.429098,0.119155,0.018947,0.008902,0.007099,4.20,20,-0.035697,0.557761,0.518633,0.000000,0.000000,0.000000,0.000000,0.000000,0.000000,nan,nan,nan,nan,nan,nan
1779938870649480457,2026-05-28T10:27:50.649501,prediction,-0.083876,0.461000,0.128193,True,-0.080767,0.445098,0.119109,0.003110,0.015902,0.009083,3.75,20,-0.035697,0.557761,0.518633,0.000000,0.000000,0.000000,0.000000,0.000000,0.000000,nan,nan,nan,nan,nan,nan
1779938870681155359,2026-05-28T10:27:50.681177,prediction,-0.083842,0.464000,0.128446,True,-0.075208,0.461098,0.116984,0.008633,0.002902,0.011462,3.76,20,-0.032561,0.551856,0.517797,0.000000,0.000000,0.000000,0.000000,0.000000,0.000000,nan,nan,nan,nan,nan,nan
1779938870713170360,2026-05-28T10:27:50.713186,prediction,-0.083876,0.461000,0.128193,True,-0.065446,0.477098,0.117924,0.018430,0.016098,0.010269,3.85,20,-0.032561,0.551856,0.517797,0.000000,0.000000,0.000000,0.000000,0.000000,0.000000,nan,nan,nan,nan,nan,nan
1779938870744376868,2026-05-28T10:27:50.744398,prediction,-0.081397,0.477000,0.129541,True,-0.063305,0.493098,0.121358,0.018093,0.016098,0.008183,3.69,20,-0.029692,0.548119,0.516799,0.000000,0.000000,0.000000,0.000000,0.000000,0.000000,nan,nan,nan,nan,nan,nan
1779938870780349995,2026-05-28T10:27:50.780372,prediction,-0.074196,0.541000,0.126169,True,-0.069769,0.509098,0.108312,0.004427,0.031902,0.017857,3.85,20,-0.029692,0.548119,0.516799,0.000000,0.000000,0.000000,0.000000,0.000000,0.000000,nan,nan,nan,nan,nan,nan
1779938870816258829,2026-05-28T10:27:50.816278,prediction,-0.076345,0.547000,0.126714,True,-0.070511,0.525098,0.107953,0.005833,0.021902,0.018761,3.55,20,-0.027308,0.546561,0.515802,0.000000,0.000000,0.000000,0.000000,0.000000,0.000000,nan,nan,nan,nan,nan,nan
1779938870851119565,2026-05-28T10:27:50.851134,prediction,-0.076404,0.538000,0.128093,True,-0.072984,0.541098,0.108548,0.003421,0.003098,0.019545,3.82,20,-0.027308,0.546561,0.515802,0.000000,0.000000,0.000000,0.000000,0.000000,0.000000,nan,nan,nan,nan,nan,nan
1779938870883310139,2026-05-28T10:27:50.883337,prediction,-0.081090,0.508000,0.127662,True,-0.080323,0.536495,0.108611,0.000767,0.028495,0.019051,3.80,20,-0.025340,0.547186,0.514827,0.000000,0.000000,0.000000,0.000000,0.000000,0.000000,nan,nan,nan,nan,nan,nan
1779938870917226583,2026-05-28T10:27:50.917242,prediction,-0.081000,0.517000,0.128451,True,-0.086819,0.550572,0.106309,0.005818,0.033572,0.022141,3.90,20,-0.025340,0.547186,0.514827,0.000000,0.000000,0.000000,0.000000,0.000000,0.000000,nan,nan,nan,nan,nan,nan
1779938870949577098,2026-05-28T10:27:50.949591,prediction,-0.083402,0.502000,0.129393,True,-0.087389,0.552988,0.106419,0.003987,0.050988,0.022974,3.59,20,-0.023606,0.550071,0.513839,0.000000,0.000000,0.000000,0.000000,0.000000,0.000000,nan,nan,nan,nan,nan,nan
1779938870984965894,2026-05-28T10:27:50.984986,prediction,-0.081119,0.505000,0.129651,True,-0.079380,0.536988,0.110146,0.001739,0.031988,0.019504,3.48,20,-0.023606,0.550071,0.513839,0.000000,0.000000,0.000000,0.000000,0.000000,0.000000,nan,nan,nan,nan,nan,nan
1779938871018470084,2026-05-28T10:27:51.018485,prediction,-0.074181,0.544000,0.126442,True,-0.075362,0.552988,0.105563,0.001181,0.008988,0.020878,4.18,20,-0.022003,0.555082,0.512852,0.000000,0.000000,0.000000,0.000000,0.000000,0.000000,nan,nan,nan,nan,nan,nan
1779938871052700714,2026-05-28T10:27:51.052721,prediction,-0.076404,0.538000,0.128093,True,-0.072521,0.546903,0.111349,0.003884,0.008903,0.016744,3.81,20,-0.022003,0.555082,0.512852,0.000000,0.000000,0.000000,0.000000,0.000000,0.000000,nan,nan,nan,nan,nan,nan
1779938871084893425,2026-05-28T10:27:51.084924,prediction,-0.078872,0.505000,0.129651,True,-0.076730,0.530903,0.113396,0.002142,0.025903,0.016255,3.88,20,-0.020457,0.562352,0.511825,0.000000,0.000000,0.000000,0.000000,0.000000,0.000000,nan,nan,nan,nan,nan,nan
1779938871119341393,2026-05-28T10:27:51.119362,prediction,-0.079129,0.474000,0.129288,True,-0.073637,0.514903,0.115686,0.005492,0.040903,0.013602,3.64,20,-0.020457,0.562352,0.511825,0.000000,0.000000,0.000000,0.000000,0.000000,0.000000,nan,nan,nan,nan,nan,nan
1779938871150738466,2026-05-28T10:27:51.150764,prediction,-0.079286,0.455000,0.130020,True,-0.072113,0.498903,0.119128,0.007173,0.043903,0.010892,4.01,20,-0.019058,0.571832,0.510840,0.000000,0.000000,0.000000,0.000000,0.000000,0.000000,nan,nan,nan,nan,nan,nan
1779938871186862172,2026-05-28T10:27:51.186876,prediction,-0.081815,0.435000,0.128367,True,-0.077719,0.482903,0.118560,0.004096,0.047903,0.009807,4.59,20,-0.017822,0.581764,0.509956,0.000000,0.000000,0.000000,0.000000,0.000000,0.000000,nan,nan,nan,nan,nan,nan
1779938871218713578,2026-05-28T10:27:51.218731,prediction,-0.081715,0.445000,0.129193,True,-0.076070,0.466903,0.122820,0.005646,0.021903,0.006373,5.32,20,-0.017822,0.581764,0.509956,0.000000,0.000000,0.000000,0.000000,0.000000,0.000000,nan,nan,nan,nan,nan,nan
1779938871252596281,2026-05-28T10:27:51.252612,prediction,-0.081815,0.435000,0.128367,True,-0.063799,0.450903,0.127187,0.018016,0.015903,0.001180,3.69,20,-0.017822,0.581764,0.509956,0.000000,0.000000,0.000000,0.000000,0.000000,0.000000,nan,nan,nan,nan,nan,nan
1779938871285208568,2026-05-28T10:27:51.285223,prediction,-0.081755,0.441000,0.128863,True,-0.060816,0.434903,0.127098,0.020939,0.006097,0.001765,4.03,20,-0.016658,0.591624,0.509174,0.000000,0.000000,0.000000,0.000000,0.000000,0.000000,nan,nan,nan,nan,nan,nan
1779938871326607993,2026-05-28T10:27:51.326622,prediction,-0.081785,0.438000,0.128615,True,-0.055489,0.418903,0.126444,0.026296,0.019097,0.002171,3.96,20,-0.015543,0.601541,0.508506,0.000000,0.000000,0.000000,0.000000,0.000000,0.000000,nan,nan,nan,nan,nan,nan
1779938871362823558,2026-05-28T10:27:51.362839,prediction,-0.081755,0.441000,0.128863,True,-0.050721,0.402903,0.127883,0.031034,0.038097,0.000980,3.66,20,-0.015543,0.601541,0.508506,0.000000,0.000000,0.000000,0.000000,0.000000,0.000000,nan,nan,nan,nan,nan,nan
1779938871397805789,2026-05-28T10:27:51.397827,prediction,-0.089051,0.425000,0.127541,True,-0.041653,0.386903,0.130705,0.047398,0.038097,0.003164,3.91,20,-0.014557,0.611500,0.508000,0.000000,0.000000,0.000000,0.000000,0.000000,0.000000,nan,nan,nan,nan,nan,nan
1779938871430011327,2026-05-28T10:27:51.430033,prediction,-0.089006,0.428000,0.127788,True,-0.045122,0.370903,0.132101,0.043884,0.057097,0.004312,4.18,20,-0.014557,0.611500,0.508000,0.000000,0.000000,0.000000,0.000000,0.000000,0.000000,nan,nan,nan,nan,nan,nan
1779938871459429022,2026-05-28T10:27:51.459444,prediction,-0.089110,0.421000,0.127210,True,-0.042729,0.354903,0.133560,0.046381,0.066097,0.006350,3.88,20,-0.013902,0.621485,0.507714,0.000000,0.000000,0.000000,0.000000,0.000000,0.000000,nan,nan,nan,nan,nan,nan
1779938871495602722,2026-05-28T10:27:51.495623,prediction,-0.089155,0.418000,0.126962,True,-0.041819,0.338903,0.134901,0.047336,0.079097,0.007939,5.39,20,-0.013902,0.621485,0.507714,0.000000,0.000000,0.000000,0.000000,0.000000,0.000000,nan,nan,nan,nan,nan,nan
1779938871543047422,2026-05-28T10:27:51.543067,prediction,-0.089110,0.421000,0.127210,True,-0.038887,0.322903,0.136599,0.050223,0.098097,0.009389,3.97,20,-0.013765,0.631417,0.507779,0.000000,0.000000,0.000000,0.000000,0.000000,0.000000,nan,nan,nan,nan,nan,nan
1779938871578746469,2026-05-28T10:27:51.578767,prediction,-0.086857,0.411000,0.126383,True,-0.033910,0.307597,0.136595,0.052947,0.103403,0.010212,3.99,20,-0.013765,0.631417,0.507779,0.000000,0.000000,0.000000,0.000000,0.000000,0.000000,nan,nan,nan,nan,nan,nan
1779938871610743855,2026-05-28T10:27:51.610771,prediction,-0.086725,0.421000,0.127210,True,-0.033450,0.306307,0.135417,0.053274,0.114693,0.008207,4.03,20,-0.014588,0.641368,0.508640,0.000000,0.000000,0.000000,0.000000,0.000000,0.000000,nan,nan,nan,nan,nan,nan
1779938871646759810,2026-05-28T10:27:51.646780,prediction,-0.089110,0.421000,0.127210,True,-0.030910,0.298478,0.137368,0.058201,0.122522,0.010158,3.89,20,-0.014588,0.641368,0.508640,0.000000,0.000000,0.000000,0.000000,0.000000,0.000000,nan,nan,nan,nan,nan,nan
1779938871679985029,2026-05-28T10:27:51.680004,prediction,-0.086632,0.428000,0.127788,True,-0.031359,0.306161,0.138658,0.055274,0.121839,0.010870,3.98,20,-0.016783,0.649799,0.510395,0.000000,0.000000,0.000000,0.000000,0.000000,0.000000,nan,nan,nan,nan,nan,nan
1779938871711755095,2026-05-28T10:27:51.711775,prediction,-0.084223,0.431000,0.128036,True,-0.031512,0.312627,0.138966,0.052712,0.118373,0.010930,4.08,20,-0.016783,0.649799,0.510395,0.000000,0.000000,0.000000,0.000000,0.000000,0.000000,nan,nan,nan,nan,nan,nan
1779938871747718568,2026-05-28T10:27:51.747742,prediction,-0.081685,0.448000,0.127097,True,-0.031226,0.328627,0.136150,0.050460,0.119373,0.009053,4.02,20,-0.019807,0.656186,0.512427,0.000000,0.000000,0.000000,0.000000,0.000000,0.000000,nan,nan,nan,nan,nan,nan
1779938871779193402,2026-05-28T10:27:51.779215,prediction,-0.084027,0.448000,0.127097,True,-0.030535,0.334252,0.136552,0.053491,0.113748,0.009455,3.90,20,-0.019807,0.656186,0.512427,0.000000,0.000000,0.000000,0.000000,0.000000,0.000000,nan,nan,nan,nan,nan,nan
1779938871813496934,2026-05-28T10:27:51.813520,prediction,-0.084177,0.435000,0.128367,True,-0.028635,0.323024,0.138677,0.055542,0.111976,0.010310,3.94,20,-0.022554,0.660402,0.514069,0.000000,0.000000,0.000000,0.000000,0.000000,0.000000,nan,nan,nan,nan,nan,nan
1779938871847682344,2026-05-28T10:27:51.847723,prediction,-0.084258,0.428000,0.127788,True,-0.031163,0.318783,0.136514,0.053095,0.109217,0.008725,3.90,20,-0.022554,0.660402,0.514069,0.000000,0.000000,0.000000,0.000000,0.000000,0.000000,nan,nan,nan,nan,nan,nan
1779938871890047867,2026-05-28T10:27:51.890064,prediction,-0.084177,0.435000,0.128367,True,-0.036787,0.334783,0.134640,0.047390,0.100217,0.006273,4.08,20,-0.024919,0.662455,0.515348,0.000000,0.000000,0.000000,0.000000,0.000000,0.000000,nan,nan,nan,nan,nan,nan
1779938871927897534,2026-05-28T10:27:51.927925,prediction,-0.081755,0.441000,0.128863,True,-0.035959,0.350783,0.134911,0.045796,0.090217,0.006048,4.71,20,-0.026925,0.662338,0.516347,0.000000,0.000000,0.000000,0.000000,0.000000,0.000000,nan,nan,nan,nan,nan,nan
1779938871960840517,2026-05-28T10:27:51.960861,prediction,-0.081785,0.438000,0.128615,True,-0.037183,0.357777,0.135932,0.044602,0.080223,0.007317,3.89,20,-0.026925,0.662338,0.516347,0.000000,0.000000,0.000000,0.000000,0.000000,0.000000,nan,nan,nan,nan,nan,nan
1779938871994918917,2026-05-28T10:27:51.994936,prediction,-0.081815,0.435000,0.128367,True,-0.040857,0.359503,0.135250,0.040957,0.075497,0.006883,3.81,20,-0.028624,0.660019,0.517144,0.000000,0.000000,0.000000,0.000000,0.000000,0.000000,nan,nan,nan,nan,nan,nan
1779938872030198454,2026-05-28T10:27:52.030216,prediction,-0.081785,0.438000,0.128615,True,-0.044570,0.373469,0.133750,0.037214,0.064531,0.005135,3.79,20,-0.028624,0.660019,0.517144,0.000000,0.000000,0.000000,0.000000,0.000000,0.000000,nan,nan,nan,nan,nan,nan
1779938872060919086,2026-05-28T10:27:52.060934,prediction,-0.081815,0.435000,0.128367,True,-0.045575,0.380785,0.133234,0.036239,0.054215,0.004867,3.75,20,-0.030061,0.655503,0.517788,0.000000,0.000000,0.000000,0.000000,0.000000,0.000000,nan,nan,nan,nan,nan,nan
1779938872091941751,2026-05-28T10:27:52.091959,prediction,-0.081820,0.434500,0.128326,True,-0.047359,0.383254,0.133409,0.034461,0.051246,0.005084,4.05,20,-0.030061,0.655503,0.517788,0.000000,0.000000,0.000000,0.000000,0.000000,0.000000,nan,nan,nan,nan,nan,nan
1779938872128756710,2026-05-28T10:27:52.128781,prediction,-0.084374,0.418000,0.129356,True,-0.049418,0.369310,0.136022,0.034956,0.048690,0.006666,5.08,20,-0.031291,0.648798,0.518318,0.000000,0.000000,0.000000,0.000000,0.000000,0.000000,nan,nan,nan,nan,nan,nan
1779938872166053672,2026-05-28T10:27:52.166097,prediction,-0.086764,0.418000,0.126962,True,-0.055310,0.367586,0.131982,0.031454,0.050414,0.005020,4.63,20,-0.031291,0.648798,0.518318,0.000000,0.000000,0.000000,0.000000,0.000000,0.000000,nan,nan,nan,nan,nan,nan
1779938872203849492,2026-05-28T10:27:52.203867,prediction,-0.086764,0.418000,0.126962,True,-0.055346,0.374681,0.130855,0.031419,0.043319,0.003893,4.40,20,-0.032121,0.639843,0.518712,0.000000,0.000000,0.000000,0.000000,0.000000,0.000000,nan,nan,nan,nan,nan,nan
1779938872252860805,2026-05-28T10:27:52.252878,prediction,-0.086672,0.425000,0.127541,True,-0.052620,0.376890,0.132738,0.034052,0.048110,0.005197,4.33,20,-0.032121,0.639843,0.518712,0.000000,0.000000,0.000000,0.000000,0.000000,0.000000,nan,nan,nan,nan,nan,nan
1779938872287165739,2026-05-28T10:27:52.287182,prediction,-0.086817,0.414000,0.129032,True,-0.051325,0.366520,0.136509,0.035492,0.047480,0.007477,4.06,20,-0.032561,0.629866,0.518985,0.000000,0.000000,0.000000,0.000000,0.000000,0.000000,nan,nan,nan,nan,nan,nan
1779938872320888985,2026-05-28T10:27:52.320912,prediction,-0.084420,0.414000,0.129032,True,-0.052310,0.361084,0.135249,0.032110,0.052916,0.006217,4.14,20,-0.032628,0.619728,0.519218,0.000000,0.000000,0.000000,0.000000,0.000000,0.000000,nan,nan,nan,nan,nan,nan
1779938872357243547,2026-05-28T10:27:52.357262,prediction,-0.084374,0.418000,0.129356,True,-0.053435,0.369502,0.133591,0.030939,0.048498,0.004236,4.30,20,-0.032628,0.619728,0.519218,0.000000,0.000000,0.000000,0.000000,0.000000,0.000000,nan,nan,nan,nan,nan,nan
1779938872403335301,2026-05-28T10:27:52.403351,prediction,-0.084339,0.421000,0.129599,True,-0.051297,0.370880,0.135243,0.033042,0.050120,0.005644,3.83,20,-0.032076,0.609881,0.519405,0.000000,0.000000,0.000000,0.000000,0.000000,0.000000,nan,nan,nan,nan,nan,nan
1779938872442214944,2026-05-28T10:27:52.442236,prediction,-0.084374,0.418000,0.129356,True,-0.049785,0.364859,0.136827,0.034588,0.053141,0.007471,3.89,20,-0.032076,0.609881,0.519405,0.000000,0.000000,0.000000,0.000000,0.000000,0.000000,nan,nan,nan,nan,nan,nan
1779938872478403636,2026-05-28T10:27:52.478420,prediction,-0.084223,0.431000,0.130409,True,-0.052193,0.373185,0.137179,0.032030,0.057815,0.006770,3.81,20,-0.030659,0.600002,0.519611,0.000000,0.000000,0.000000,0.000000,0.000000,0.000000,nan,nan,nan,nan,nan,nan
1779938872509451601,2026-05-28T10:27:52.509471,prediction,-0.084374,0.418000,0.129356,True,-0.049631,0.365646,0.136296,0.034743,0.052354,0.006941,3.74,20,-0.030659,0.600002,0.519611,0.000000,0.000000,0.000000,0.000000,0.000000,0.000000,nan,nan,nan,nan,nan,nan
1779938872540280864,2026-05-28T10:27:52.540301,prediction,-0.084339,0.421000,0.129599,True,-0.049885,0.362017,0.135370,0.034455,0.058983,0.005772,3.67,20,-0.028104,0.591653,0.519933,0.000000,0.000000,0.000000,0.000000,0.000000,0.000000,nan,nan,nan,nan,nan,nan
1779938872570789760,2026-05-28T10:27:52.570809,prediction,-0.084582,0.400000,0.127898,True,-0.048744,0.347489,0.135265,0.035838,0.052511,0.007367,4.07,20,-0.028104,0.591653,0.519933,0.000000,0.000000,0.000000,0.000000,0.000000,0.000000,nan,nan,nan,nan,nan,nan
1779938872601174502,2026-05-28T10:27:52.601196,prediction,-0.084420,0.414000,0.129032,True,-0.053305,0.354412,0.134952,0.031115,0.059588,0.005920,4.13,20,-0.025314,0.585478,0.520269,0.000000,0.000000,0.000000,0.000000,0.000000,0.000000,nan,nan,nan,nan,nan,nan
1779938872632230253,2026-05-28T10:27:52.632251,prediction,-0.081785,0.438000,0.128615,True,-0.048448,0.370412,0.132049,0.033337,0.067588,0.003434,3.92,20,-0.025314,0.585478,0.520269,0.000000,0.000000,0.000000,0.000000,0.000000,0.000000,nan,nan,nan,nan,nan,nan
1779938872668696007,2026-05-28T10:27:52.668717,prediction,-0.081954,0.421000,0.127210,True,-0.042110,0.371285,0.132320,0.039844,0.049715,0.005110,4.65,20,-0.024555,0.586320,0.520347,0.000000,0.000000,0.000000,0.000000,0.000000,0.000000,nan,nan,nan,nan,nan,nan
1779938872705824462,2026-05-28T10:27:52.705847,prediction,-0.084293,0.425000,0.127541,True,-0.047502,0.368834,0.131065,0.036791,0.056167,0.003525,3.68,20,-0.024555,0.586320,0.520347,0.000000,0.000000,0.000000,0.000000,0.000000,0.000000,nan,nan,nan,nan,nan,nan
1779938872740241562,2026-05-28T10:27:52.740262,prediction,-0.084223,0.431000,0.128036,True,-0.046588,0.383061,0.132096,0.037635,0.047939,0.004059,3.70,20,-0.024555,0.586320,0.520347,0.000000,0.000000,0.000000,0.000000,0.000000,0.000000,nan,nan,nan,nan,nan,nan
1779938872774612748,2026-05-28T10:27:52.774632,prediction,-0.084223,0.431000,0.128036,True,-0.045261,0.393114,0.131327,0.038963,0.037886,0.003290,3.51,20,-0.024555,0.586320,0.520347,0.000000,0.000000,0.000000,0.000000,0.000000,0.000000,nan,nan,nan,nan,nan,nan
1779938872808775994,2026-05-28T10:27:52.808796,prediction,-0.079452,0.435000,0.128367,True,-0.038306,0.390310,0.131149,0.041146,0.044690,0.002782,3.93,20,-0.026368,0.585107,0.519972,0.000000,0.000000,0.000000,0.000000,0.000000,0.000000,nan,nan,nan,nan,nan,nan
1779938872843725912,2026-05-28T10:27:52.843746,prediction,-0.079485,0.431000,0.128036,True,-0.039056,0.383179,0.132006,0.040429,0.047821,0.003970,3.64,20,-0.026368,0.585107,0.519972,0.000000,0.000000,0.000000,0.000000,0.000000,0.000000,nan,nan,nan,nan,nan,nan
1779938872877260020,2026-05-28T10:27:52.877279,prediction,-0.079510,0.428000,0.127788,True,-0.043504,0.382101,0.130726,0.036006,0.045899,0.002937,3.63,20,-0.028053,0.586106,0.519442,0.000000,0.000000,0.000000,0.000000,0.000000,0.000000,nan,nan,nan,nan,nan,nan
1779938872908290462,2026-05-28T10:27:52.908311,prediction,-0.079651,0.411000,0.126383,True,-0.044327,0.375023,0.128680,0.035324,0.035977,0.002297,3.93,20,-0.028053,0.586106,0.519442,0.000000,0.000000,0.000000,0.000000,0.000000,0.000000,nan,nan,nan,nan,nan,nan
1779938872955772569,2026-05-28T10:27:52.955792,prediction,-0.082053,0.411000,0.126383,True,-0.047603,0.368258,0.127842,0.034450,0.042742,0.001459,3.77,20,-0.028872,0.589053,0.518814,0.000000,0.000000,0.000000,0.000000,0.000000,0.000000,nan,nan,nan,nan,nan,nan
1779938872985561076,2026-05-28T10:27:52.985587,prediction,-0.084501,0.407000,0.126053,True,-0.048450,0.360762,0.129270,0.036051,0.046238,0.003218,3.98,20,-0.028872,0.589053,0.518814,0.000000,0.000000,0.000000,0.000000,0.000000,0.000000,nan,nan,nan,nan,nan,nan
1779938873014355553,2026-05-28T10:27:53.014374,prediction,-0.084420,0.414000,0.126631,True,-0.048862,0.363480,0.130008,0.035558,0.050520,0.003376,3.80,20,-0.029050,0.589912,0.517706,0.000000,0.000000,0.000000,0.000000,0.000000,0.000000,nan,nan,nan,nan,nan,nan
1779938873046749482,2026-05-28T10:27:53.046766,prediction,-0.084293,0.425000,0.127541,True,-0.048371,0.374184,0.130287,0.035922,0.050816,0.002746,3.93,20,-0.029050,0.589912,0.517706,0.000000,0.000000,0.000000,0.000000,0.000000,0.000000,nan,nan,nan,nan,nan,nan
1779938873083359765,2026-05-28T10:27:53.083384,prediction,-0.086910,0.407000,0.126053,True,-0.047957,0.360306,0.130736,0.038952,0.046694,0.004683,3.82,20,-0.029661,0.590461,0.516864,0.000000,0.000000,0.000000,0.000000,0.000000,0.000000,nan,nan,nan,nan,nan,nan
1779938873115993353,2026-05-28T10:27:53.116014,prediction,-0.081854,0.431000,0.128036,True,-0.051691,0.376306,0.130782,0.030164,0.054694,0.002746,3.75,20,-0.029661,0.590461,0.516864,0.000000,0.000000,0.000000,0.000000,0.000000,0.000000,nan,nan,nan,nan,nan,nan
1779938873145292318,2026-05-28T10:27:53.145308,prediction,-0.084420,0.414000,0.129032,True,-0.050323,0.370601,0.135065,0.034097,0.043399,0.006034,3.75,20,-0.029047,0.590401,0.515682,0.000000,0.000000,0.000000,0.000000,0.000000,0.000000,nan,nan,nan,nan,nan,nan
1779938873180934590,2026-05-28T10:27:53.180949,prediction,-0.087095,0.393000,0.127331,True,-0.052984,0.354601,0.133991,0.034111,0.038399,0.006660,3.85,20,-0.029047,0.590401,0.515682,0.000000,0.000000,0.000000,0.000000,0.000000,0.000000,nan,nan,nan,nan,nan,nan
1779938873220931703,2026-05-28T10:27:53.220948,prediction,-0.087002,0.400000,0.127898,True,-0.052229,0.344746,0.133957,0.034773,0.055254,0.006059,4.37,20,-0.028590,0.591363,0.516476,0.000000,0.000000,0.000000,0.000000,0.000000,0.000000,nan,nan,nan,nan,nan,nan
1779938873256853247,2026-05-28T10:27:53.256867,prediction,-0.086817,0.414000,0.126631,True,-0.051032,0.360746,0.132772,0.035786,0.053254,0.006140,3.80,20,-0.029486,0.590865,0.517227,0.000000,0.000000,0.000000,0.000000,0.000000,0.000000,nan,nan,nan,nan,nan,nan
1779938873290517603,2026-05-28T10:27:53.290533,prediction,-0.086817,0.414000,0.126631,True,-0.050522,0.369801,0.133350,0.036295,0.044199,0.006718,3.84,20,-0.029486,0.590865,0.517227,0.000000,0.000000,0.000000,0.000000,0.000000,0.000000,nan,nan,nan,nan,nan,nan
1779938873326948693,2026-05-28T10:27:53.326964,prediction,-0.086857,0.411000,0.126383,True,-0.047570,0.357086,0.134267,0.039287,0.053914,0.007883,6.45,20,-0.028260,0.590115,0.517367,0.000000,0.000000,0.000000,0.000000,0.000000,0.000000,nan,nan,nan,nan,nan,nan
1779938873353732929,2026-05-28T10:27:53.353750,prediction,-0.086725,0.421000,0.127210,True,-0.050141,0.363313,0.133611,0.036584,0.057687,0.006401,3.87,20,-0.028260,0.590115,0.517367,0.000000,0.000000,0.000000,0.000000,0.000000,0.000000,nan,nan,nan,nan,nan,nan
1779938873390376824,2026-05-28T10:27:53.390393,prediction,-0.087042,0.397000,0.125226,True,-0.048226,0.352700,0.131701,0.038816,0.044300,0.006474,5.79,20,-0.026161,0.587311,0.517374,0.000000,0.000000,0.000000,0.000000,0.000000,0.000000,nan,nan,nan,nan,nan,nan
1779938873430759326,2026-05-28T10:27:53.430779,prediction,-0.086857,0.411000,0.126383,True,-0.051273,0.356948,0.130432,0.035583,0.054052,0.004049,6.27,20,-0.026161,0.587311,0.517374,0.000000,0.000000,0.000000,0.000000,0.000000,0.000000,nan,nan,nan,nan,nan,nan
1779938873464914877,2026-05-28T10:27:53.464935,prediction,-0.086910,0.407000,0.126053,True,-0.046896,0.351196,0.132459,0.040013,0.055805,0.006406,5.22,20,-0.025562,0.584047,0.517619,0.000000,0.000000,0.000000,0.000000,0.000000,0.000000,nan,nan,nan,nan,nan,nan
1779938873500046478,2026-05-28T10:27:53.500077,prediction,-0.087002,0.400000,0.125474,True,-0.044419,0.336841,0.132423,0.042583,0.063159,0.006949,6.89,20,-0.025562,0.584047,0.517619,0.000000,0.000000,0.000000,0.000000,0.000000,0.000000,nan,nan,nan,nan,nan,nan
1779938873536320976,2026-05-28T10:27:53.536340,prediction,-0.084582,0.400000,0.125474,True,-0.041644,0.330717,0.130741,0.042938,0.069283,0.005267,6.63,20,-0.025907,0.580852,0.518185,0.000000,0.000000,0.000000,0.000000,0.000000,0.000000,nan,nan,nan,nan,nan,nan
1779938873564691317,2026-05-28T10:27:53.564714,prediction,-0.087134,0.390000,0.124648,True,-0.038984,0.316168,0.130908,0.048150,0.073832,0.006260,5.11,20,-0.025907,0.580852,0.518185,0.000000,0.000000,0.000000,0.000000,0.000000,0.000000,nan,nan,nan,nan,nan,nan
1779938873596791160,2026-05-28T10:27:53.596806,prediction,-0.087042,0.397000,0.125226,True,-0.039183,0.317627,0.130939,0.047859,0.079373,0.005712,3.75,20,-0.027114,0.577813,0.518184,0.000000,0.000000,0.000000,0.000000,0.000000,0.000000,nan,nan,nan,nan,nan,nan
1779938873625269363,2026-05-28T10:27:53.625284,prediction,-0.086857,0.411000,0.123978,True,-0.036440,0.331727,0.129195,0.050417,0.079273,0.005217,3.91,20,-0.027114,0.577813,0.518184,0.000000,0.000000,0.000000,0.000000,0.000000,0.000000,nan,nan,nan,nan,nan,nan
1779938873655682327,2026-05-28T10:27:53.655701,prediction,-0.086632,0.428000,0.125411,True,-0.036946,0.347727,0.130427,0.049686,0.080273,0.005016,3.58,20,-0.028453,0.574132,0.518127,0.000000,0.000000,0.000000,0.000000,0.000000,0.000000,nan,nan,nan,nan,nan,nan
1779938873688363616,2026-05-28T10:27:53.688386,prediction,-0.087002,0.400000,0.125474,True,-0.037537,0.337301,0.132526,0.049465,0.062699,0.007052,3.74,20,-0.028453,0.574132,0.518127,0.000000,0.000000,0.000000,0.000000,0.000000,0.000000,nan,nan,nan,nan,nan,nan
1779938873721969723,2026-05-28T10:27:53.721993,prediction,-0.087134,0.390000,0.124648,True,-0.042001,0.321301,0.131083,0.045134,0.068699,0.006435,3.94,20,-0.030116,0.569907,0.517761,0.000000,0.000000,0.000000,0.000000,0.000000,0.000000,nan,nan,nan,nan,nan,nan
1779938873752528654,2026-05-28T10:27:53.752562,prediction,-0.087280,0.379000,0.126197,True,-0.044754,0.320744,0.132840,0.042525,0.058256,0.006644,4.35,20,-0.030116,0.569907,0.517761,0.000000,0.000000,0.000000,0.000000,0.000000,0.000000,nan,nan,nan,nan,nan,nan
1779938873784484371,2026-05-28T10:27:53.784506,prediction,-0.089734,0.379000,0.126197,True,-0.044846,0.320399,0.133562,0.044888,0.058601,0.007365,4.21,20,-0.030116,0.569907,0.517761,0.000000,0.000000,0.000000,0.000000,0.000000,0.000000,nan,nan,nan,nan,nan,nan
1779938873827346553,2026-05-28T10:27:53.827367,prediction,-0.089526,0.393000,0.124896,True,-0.039104,0.322587,0.132553,0.050423,0.070413,0.007657,3.94,20,-0.031423,0.565560,0.517533,0.000000,0.000000,0.000000,0.000000,0.000000,0.000000,nan,nan,nan,nan,nan,nan
1779938873858834449,2026-05-28T10:27:53.858849,prediction,-0.091958,0.393000,0.124896,True,-0.037813,0.317726,0.134598,0.054145,0.075274,0.009702,4.08,20,-0.032333,0.561003,0.517448,0.000000,0.000000,0.000000,0.000000,0.000000,0.000000,nan,nan,nan,nan,nan,nan
1779938873901730177,2026-05-28T10:27:53.901749,prediction,-0.092007,0.390000,0.124648,True,-0.040772,0.317366,0.133632,0.051236,0.072634,0.008984,3.46,20,-0.032333,0.561003,0.517448,0.000000,0.000000,0.000000,0.000000,0.000000,0.000000,nan,nan,nan,nan,nan,nan
1779938873933154033,2026-05-28T10:27:53.933175,prediction,-0.092255,0.375000,0.123408,True,-0.040657,0.307991,0.132170,0.051598,0.067009,0.008762,3.80,20,-0.033544,0.556223,0.517562,0.000000,0.000000,0.000000,0.000000,0.000000,0.000000,nan,nan,nan,nan,nan,nan
1779938873964457612,2026-05-28T10:27:53.964479,prediction,-0.089363,0.404000,0.125805,True,-0.042941,0.323991,0.132016,0.046422,0.080010,0.006211,3.54,20,-0.033544,0.556223,0.517562,0.000000,0.000000,0.000000,0.000000,0.000000,0.000000,nan,nan,nan,nan,nan,nan
1779938873994363449,2026-05-28T10:27:53.994383,prediction,-0.089422,0.400000,0.125474,True,-0.040990,0.335678,0.133843,0.048432,0.064322,0.008368,3.54,20,-0.034568,0.551186,0.517678,0.000000,0.000000,0.000000,0.000000,0.000000,0.000000,nan,nan,nan,nan,nan,nan
1779938874028590687,2026-05-28T10:27:54.028612,prediction,-0.089155,0.418000,0.126962,True,-0.039223,0.340734,0.134970,0.049932,0.077267,0.008008,3.41,20,-0.034568,0.551186,0.517678,0.000000,0.000000,0.000000,0.000000,0.000000,0.000000,nan,nan,nan,nan,nan,nan
1779938874062592050,2026-05-28T10:27:54.062612,prediction,-0.089318,0.407000,0.126053,True,-0.038371,0.339969,0.134293,0.050947,0.067031,0.008240,5.79,20,-0.035113,0.546328,0.517967,0.000000,0.000000,0.000000,0.000000,0.000000,0.000000,nan,nan,nan,nan,nan,nan
1779938874094491911,2026-05-28T10:27:54.094510,prediction,-0.089051,0.425000,0.127541,True,-0.044217,0.355969,0.133413,0.044834,0.069031,0.005872,3.41,20,-0.035113,0.546328,0.517967,0.000000,0.000000,0.000000,0.000000,0.000000,0.000000,nan,nan,nan,nan,nan,nan
1779938874124014902,2026-05-28T10:27:54.124034,prediction,-0.089214,0.414000,0.126631,True,-0.042978,0.360287,0.133244,0.046236,0.053713,0.006613,3.45,20,-0.035335,0.543661,0.518388,0.000000,0.000000,0.000000,0.000000,0.000000,0.000000,nan,nan,nan,nan,nan,nan
1779938874154501242,2026-05-28T10:27:54.154520,prediction,-0.086764,0.418000,0.126962,True,-0.041169,0.358978,0.133230,0.045595,0.059022,0.006268,3.59,20,-0.035335,0.543661,0.518388,0.000000,0.000000,0.000000,0.000000,0.000000,0.000000,nan,nan,nan,nan,nan,nan
1779938874185652778,2026-05-28T10:27:54.185671,prediction,-0.087002,0.400000,0.127898,True,-0.040260,0.343520,0.134721,0.046742,0.056480,0.006823,3.82,20,-0.035335,0.543661,0.518388,0.000000,0.000000,0.000000,0.000000,0.000000,0.000000,nan,nan,nan,nan,nan,nan
1779938874216277532,2026-05-28T10:27:54.216298,prediction,-0.086817,0.414000,0.126631,True,-0.046581,0.356024,0.130329,0.040236,0.057976,0.003698,3.83,20,-0.034322,0.545625,0.518853,0.000000,0.000000,0.000000,0.000000,0.000000,0.000000,nan,nan,nan,nan,nan,nan
1779938874250392215,2026-05-28T10:27:54.250413,prediction,-0.086764,0.418000,0.126962,True,-0.047117,0.371883,0.129896,0.039647,0.046118,0.002934,3.95,20,-0.034322,0.545625,0.518853,0.000000,0.000000,0.000000,0.000000,0.000000,0.000000,nan,nan,nan,nan,nan,nan
1779938874283082509,2026-05-28T10:27:54.283104,prediction,-0.089363,0.404000,0.128222,True,-0.050169,0.365201,0.133527,0.039194,0.038799,0.005306,3.69,20,-0.033974,0.547849,0.518861,0.000000,0.000000,0.000000,0.000000,0.000000,0.000000,nan,nan,nan,nan,nan,nan
1779938874315316717,2026-05-28T10:27:54.315336,prediction,-0.089630,0.386000,0.126764,True,-0.049368,0.349201,0.133341,0.040262,0.036799,0.006577,3.45,20,-0.033974,0.547849,0.518861,0.000000,0.000000,0.000000,0.000000,0.000000,0.000000,nan,nan,nan,nan,nan,nan
1779938874353400364,2026-05-28T10:27:54.353422,prediction,-0.089363,0.404000,0.128222,True,-0.052416,0.357148,0.132637,0.036947,0.046852,0.004415,6.66,20,-0.033162,0.552168,0.518863,0.000000,0.000000,0.000000,0.000000,0.000000,0.000000,nan,nan,nan,nan,nan,nan
1779938874384399147,2026-05-28T10:27:54.384422,prediction,-0.089318,0.407000,0.128465,True,-0.046613,0.362406,0.132819,0.042705,0.044594,0.004355,4.08,20,-0.033162,0.552168,0.518863,0.000000,0.000000,0.000000,0.000000,0.000000,0.000000,nan,nan,nan,nan,nan,nan
1779938874422383801,2026-05-28T10:27:54.422403,prediction,-0.089259,0.411000,0.128789,True,-0.042931,0.357107,0.134906,0.046328,0.053893,0.006117,4.02,20,-0.031874,0.556506,0.518771,0.000000,0.000000,0.000000,0.000000,0.000000,0.000000,nan,nan,nan,nan,nan,nan
1779938874454627260,2026-05-28T10:27:54.454642,prediction,-0.089110,0.421000,0.127210,True,-0.045756,0.362838,0.133145,0.043354,0.058162,0.005935,4.18,20,-0.031163,0.561304,0.518823,0.000000,0.000000,0.000000,0.000000,0.000000,0.000000,nan,nan,nan,nan,nan,nan
1779938874487605763,2026-05-28T10:27:54.487625,prediction,-0.089051,0.425000,0.129923,True,-0.049900,0.376057,0.135906,0.039151,0.048944,0.005983,4.15,20,-0.031163,0.561304,0.518823,0.000000,0.000000,0.000000,0.000000,0.000000,0.000000,nan,nan,nan,nan,nan,nan
1779938874519051418,2026-05-28T10:27:54.519064,prediction,-0.089155,0.418000,0.131750,True,-0.051184,0.376267,0.137442,0.037971,0.041733,0.005693,3.82,20,-0.031163,0.561304,0.518823,0.000000,0.000000,0.000000,0.000000,0.000000,0.000000,nan,nan,nan,nan,nan,nan
1779938874553239425,2026-05-28T10:27:54.553257,prediction,-0.084142,0.438000,0.133337,True,-0.047344,0.390714,0.137507,0.036799,0.047286,0.004170,3.76,20,-0.030507,0.566338,0.519010,0.000000,0.000000,0.000000,0.000000,0.000000,0.000000,nan,nan,nan,nan,nan,nan
1779938874584295129,2026-05-28T10:27:54.584316,prediction,-0.072253,0.468000,0.135718,True,-0.036214,0.406714,0.139393,0.036039,0.061286,0.003676,3.79,20,-0.030507,0.566338,0.519010,0.000000,0.000000,0.000000,0.000000,0.000000,0.000000,nan,nan,nan,nan,nan,nan
1779938874614391471,2026-05-28T10:27:54.614413,prediction,-0.072331,0.445000,0.136242,True,-0.030608,0.416376,0.142558,0.041722,0.028624,0.006317,3.40,20,-0.029288,0.571512,0.519332,0.000000,0.000000,0.000000,0.000000,0.000000,0.000000,nan,nan,nan,nan,nan,nan
1779938874650541094,2026-05-28T10:27:54.650557,prediction,-0.069974,0.451000,0.136708,True,-0.037712,0.425289,0.140704,0.032262,0.025711,0.003996,4.15,20,-0.029288,0.571512,0.519332,0.000000,0.000000,0.000000,0.000000,0.000000,0.000000,nan,nan,nan,nan,nan,nan
1779938874690448404,2026-05-28T10:27:54.690467,prediction,-0.070014,0.428000,0.134921,True,-0.031255,0.417032,0.140414,0.038759,0.010968,0.005494,3.77,20,-0.029831,0.577925,0.520274,0.000000,0.000000,0.000000,0.000000,0.000000,0.000000,nan,nan,nan,nan,nan,nan
1779938874730407436,2026-05-28T10:27:54.730426,prediction,-0.060532,0.431000,0.135154,True,-0.024851,0.423092,0.138674,0.035681,0.007908,0.003521,3.69,20,-0.030643,0.583348,0.521024,0.000000,0.000000,0.000000,0.000000,0.000000,0.000000,nan,nan,nan,nan,nan,nan
1779938874763487064,2026-05-28T10:27:54.763508,prediction,-0.048739,0.435000,0.133099,True,-0.011601,0.424664,0.135731,0.037138,0.010336,0.002633,3.67,20,-0.030643,0.583348,0.521024,0.000000,0.000000,0.000000,0.000000,0.000000,0.000000,nan,nan,nan,nan,nan,nan
1779938874797263054,2026-05-28T10:27:54.797277,prediction,-0.043671,0.414000,0.131432,True,-0.004356,0.408664,0.134914,0.039315,0.005336,0.003482,3.78,20,-0.032990,0.589561,0.521785,0.000000,0.000000,0.000000,0.000000,0.000000,0.000000,nan,nan,nan,nan,nan,nan
1779938874832176769,2026-05-28T10:27:54.832197,prediction,-0.038818,0.411000,0.131194,True,-0.001939,0.392664,0.132133,0.036879,0.018336,0.000938,4.21,20,-0.032990,0.589561,0.521785,0.000000,0.000000,0.000000,0.000000,0.000000,0.000000,nan,nan,nan,nan,nan,nan
1779938874867092944,2026-05-28T10:27:54.867165,prediction,-0.033602,0.393000,0.129766,True,0.006290,0.376664,0.130476,0.039892,0.016336,0.000711,3.86,20,-0.037051,0.596106,0.522093,0.000000,0.000000,0.000000,0.000000,0.000000,0.000000,nan,nan,nan,nan,nan,nan
1779938874897586904,2026-05-28T10:27:54.897602,prediction,-0.030901,0.382000,0.131346,True,0.008715,0.360664,0.131002,0.039616,0.021336,0.000343,4.01,20,-0.037051,0.596106,0.522093,0.000000,0.000000,0.000000,0.000000,0.000000,0.000000,nan,nan,nan,nan,nan,nan
1779938874926966944,2026-05-28T10:27:54.926987,prediction,-0.023553,0.382000,0.133798,True,0.015244,0.344664,0.135011,0.038797,0.037336,0.001213,3.90,20,-0.042614,0.602260,0.522091,0.000000,0.000000,0.000000,0.000000,0.000000,0.000000,nan,nan,nan,nan,nan,nan
1779938874956862543,2026-05-28T10:27:54.956879,prediction,-0.014295,0.397000,0.137368,True,0.024611,0.343718,0.140027,0.038906,0.053282,0.002659,3.75,20,-0.042614,0.602260,0.522091,0.000000,0.000000,0.000000,0.000000,0.000000,0.000000,nan,nan,nan,nan,nan,nan
1779938874992212023,2026-05-28T10:27:54.992247,prediction,-0.011041,0.375000,0.140659,True,0.029702,0.327718,0.145057,0.040744,0.047282,0.004397,3.90,20,-0.049602,0.606837,0.522257,0.000000,0.000000,0.000000,0.000000,0.000000,0.000000,nan,nan,nan,nan,nan,nan
1779938875026697707,2026-05-28T10:27:55.026713,prediction,-0.008305,0.368000,0.142637,True,0.027753,0.311718,0.147433,0.036058,0.056282,0.004796,4.09,20,-0.049602,0.606837,0.522257,0.000000,0.000000,0.000000,0.000000,0.000000,0.000000,nan,nan,nan,nan,nan,nan
1779938875058397323,2026-05-28T10:27:55.058418,prediction,-0.005506,0.360000,0.144570,True,0.029286,0.298024,0.152519,0.034791,0.061976,0.007949,4.19,20,-0.057571,0.609462,0.522772,0.000000,0.000000,0.000000,0.000000,0.000000,0.000000,nan,nan,nan,nan,nan,nan
1779938875090973942,2026-05-28T10:27:55.090995,prediction,-0.005219,0.353000,0.144095,True,0.029318,0.289469,0.153437,0.034537,0.063531,0.009342,6.22,20,-0.057571,0.609462,0.522772,0.000000,0.000000,0.000000,0.000000,0.000000,0.000000,nan,nan,nan,nan,nan,nan
1779938875130177179,2026-05-28T10:27:55.130198,prediction,-0.004728,0.341000,0.145801,True,0.029234,0.273469,0.157401,0.033962,0.067531,0.011600,6.52,20,-0.065965,0.609928,0.523643,0.000000,0.000000,0.000000,0.000000,0.000000,0.000000,nan,nan,nan,nan,nan,nan
1779938875162139867,2026-05-28T10:27:55.162160,prediction,-0.001913,0.334000,0.150401,True,0.030001,0.257469,0.165956,0.031914,0.076531,0.015555,6.71,20,-0.065965,0.609928,0.523643,0.000000,0.000000,0.000000,0.000000,0.000000,0.000000,nan,nan,nan,nan,nan,nan
1779938875208100725,2026-05-28T10:27:55.208121,prediction,0.000969,0.326000,0.152443,True,0.031936,0.241469,0.168182,0.030967,0.084531,0.015739,6.45,20,-0.073968,0.608234,0.524879,0.000000,0.000000,0.000000,0.000000,0.000000,0.000000,nan,nan,nan,nan,nan,nan
1779938875236175885,2026-05-28T10:27:55.236201,prediction,0.001499,0.314000,0.151707,True,0.028984,0.225532,0.167438,0.027484,0.088468,0.015731,4.28,20,-0.073968,0.608234,0.524879,0.000000,0.000000,0.000000,0.000000,0.000000,0.000000,nan,nan,nan,nan,nan,nan
1779938875274185193,2026-05-28T10:27:55.274205,prediction,0.001676,0.310000,0.154033,True,0.027261,0.209532,0.172171,0.025584,0.100468,0.018137,5.28,20,-0.080846,0.604637,0.526329,0.000000,0.000000,0.000000,0.000000,0.000000,0.000000,nan,nan,nan,nan,nan,nan
1779938875305100375,2026-05-28T10:27:55.305120,prediction,0.002737,0.286000,0.152602,True,0.028469,0.193532,0.174314,0.025732,0.092468,0.021712,3.93,20,-0.080846,0.604637,0.526329,0.000000,0.000000,0.000000,0.000000,0.000000,0.000000,nan,nan,nan,nan,nan,nan
1779938875335314132,2026-05-28T10:27:55.335334,prediction,0.004977,0.294000,0.153079,True,0.026193,0.180180,0.173553,0.021216,0.113820,0.020474,3.76,20,-0.086365,0.599296,0.527928,0.000000,0.000000,0.000000,0.000000,0.000000,0.000000,nan,nan,nan,nan,nan,nan
1779938875366475941,2026-05-28T10:27:55.366496,prediction,0.005161,0.290000,0.155445,True,0.026581,0.174697,0.176517,0.021420,0.115303,0.021073,3.83,20,-0.086365,0.599296,0.527928,0.000000,0.000000,0.000000,0.000000,0.000000,0.000000,nan,nan,nan,nan,nan,nan
1779938875402647894,2026-05-28T10:27:55.402664,prediction,0.006674,0.257000,0.156189,True,0.028241,0.158697,0.179061,0.021567,0.098303,0.022873,3.84,20,-0.090480,0.592221,0.529656,0.000000,0.000000,0.000000,0.000000,0.000000,0.000000,nan,nan,nan,nan,nan,nan
1779938875434543548,2026-05-28T10:27:55.434564,prediction,0.007270,0.244000,0.155456,True,0.025580,0.142697,0.178518,0.018310,0.101303,0.023062,3.75,20,-0.090480,0.592221,0.529656,0.000000,0.000000,0.000000,0.000000,0.000000,0.000000,nan,nan,nan,nan,nan,nan
1779938875469522667,2026-05-28T10:27:55.469543,prediction,0.010373,0.235000,0.157643,True,0.027475,0.126697,0.181796,0.017101,0.108303,0.024152,4.02,20,-0.092989,0.583635,0.531514,0.000000,0.000000,0.000000,0.000000,0.000000,0.000000,nan,nan,nan,nan,nan,nan
1779938875502968367,2026-05-28T10:27:55.502988,prediction,0.010183,0.239000,0.157862,True,0.026973,0.121269,0.180298,0.016790,0.117732,0.022436,3.83,20,-0.092989,0.583635,0.531514,0.000000,0.000000,0.000000,0.000000,0.000000,0.000000,nan,nan,nan,nan,nan,nan
1779938875538416304,2026-05-28T10:27:55.538437,prediction,0.010801,0.226000,0.157151,True,0.029502,0.105269,0.180340,0.018701,0.120732,0.023189,6.50,20,-0.093930,0.573879,0.533457,0.000000,0.000000,0.000000,0.000000,0.000000,0.000000,nan,nan,nan,nan,nan,nan
1779938875576275831,2026-05-28T10:27:55.576296,prediction,0.010991,0.222000,0.156932,True,0.028780,0.091961,0.180327,0.017789,0.130039,0.023395,6.33,20,-0.093930,0.573879,0.533457,0.000000,0.000000,0.000000,0.000000,0.000000,0.000000,nan,nan,nan,nan,nan,nan
1779938875606722830,2026-05-28T10:27:55.606743,prediction,0.010801,0.226000,0.157151,True,0.027189,0.094785,0.179668,0.016388,0.131215,0.022517,6.28,20,-0.094677,0.564046,0.535314,0.000000,0.000000,0.000000,0.000000,0.000000,0.000000,nan,nan,nan,nan,nan,nan
1779938875637514518,2026-05-28T10:27:55.637535,prediction,0.011418,0.213000,0.159170,True,0.028919,0.085589,0.181703,0.017501,0.127411,0.022533,6.76,20,-0.094677,0.564046,0.535314,0.000000,0.000000,0.000000,0.000000,0.000000,0.000000,nan,nan,nan,nan,nan,nan
1779938875681453826,2026-05-28T10:27:55.681474,prediction,0.012083,0.199000,0.158427,True,0.029288,0.070953,0.180162,0.017205,0.128047,0.021734,6.61,20,-0.095271,0.554251,0.537047,0.000000,0.000000,0.000000,0.000000,0.000000,0.000000,nan,nan,nan,nan,nan,nan
1779938875715870002,2026-05-28T10:27:55.715893,prediction,0.014391,0.208000,0.158905,True,0.029017,0.072129,0.180044,0.014627,0.135871,0.021140,6.11,20,-0.095271,0.554251,0.537047,0.000000,0.000000,0.000000,0.000000,0.000000,0.000000,nan,nan,nan,nan,nan,nan
1779938875752606498,2026-05-28T10:27:55.752630,prediction,0.014587,0.204000,0.158692,True,0.029614,0.076415,0.179107,0.015027,0.127585,0.020414,7.03,20,-0.095762,0.544321,0.538641,0.000000,0.000000,0.000000,0.000000,0.000000,0.000000,nan,nan,nan,nan,nan,nan
1779938875783703975,2026-05-28T10:27:55.783727,prediction,0.015029,0.195000,0.158215,True,0.030525,0.070175,0.177066,0.015496,0.124825,0.018851,6.44,20,-0.095762,0.544321,0.538641,0.000000,0.000000,0.000000,0.000000,0.000000,0.000000,nan,nan,nan,nan,nan,nan
1779938875813988799,2026-05-28T10:27:55.814014,prediction,0.015275,0.190000,0.157949,True,0.030302,0.063737,0.175862,0.015027,0.126263,0.017913,4.97,20,-0.096213,0.534474,0.540150,0.000000,0.000000,0.000000,0.000000,0.000000,0.000000,nan,nan,nan,nan,nan,nan
1779938875843801323,2026-05-28T10:27:55.843816,prediction,0.016208,0.171000,0.156941,True,0.031256,0.050272,0.174676,0.015048,0.120728,0.017735,3.52,20,-0.096213,0.534474,0.540150,0.000000,0.000000,0.000000,0.000000,0.000000,0.000000,nan,nan,nan,nan,nan,nan
1779938875875613304,2026-05-28T10:27:55.875629,prediction,0.017830,0.138000,0.152336,True,0.032583,0.034272,0.169109,0.014753,0.103728,0.016773,3.72,20,-0.096616,0.524579,0.541438,0.000000,0.000000,0.000000,0.000000,0.000000,0.000000,nan,nan,nan,nan,nan,nan
1779938875910267978,2026-05-28T10:27:55.910287,prediction,0.017338,0.148000,0.152883,True,0.031659,0.031725,0.167502,0.014320,0.116275,0.014619,3.72,20,-0.096616,0.524579,0.541438,0.000000,0.000000,0.000000,0.000000,0.000000,0.000000,nan,nan,nan,nan,nan,nan
1779938875955164199,2026-05-28T10:27:55.955185,prediction,0.014743,0.143000,0.152609,True,0.033303,0.030581,0.168266,0.018561,0.112419,0.015657,5.72,20,-0.097014,0.514662,0.542557,0.000000,0.000000,0.000000,0.000000,0.000000,0.000000,nan,nan,nan,nan,nan,nan
1779938875983265151,2026-05-28T10:27:55.983287,prediction,0.015692,0.123000,0.151515,True,0.035671,0.015673,0.167849,0.019978,0.107327,0.016334,3.71,20,-0.097014,0.514662,0.542557,0.000000,0.000000,0.000000,0.000000,0.000000,0.000000,nan,nan,nan,nan,nan,nan
1779938876017284552,2026-05-28T10:27:56.017299,prediction,0.013964,0.098000,0.150147,True,0.035335,-0.000327,0.166158,0.021371,0.098327,0.016010,3.76,20,-0.097428,0.504664,0.543511,0.000000,0.000000,0.000000,0.000000,0.000000,0.000000,nan,nan,nan,nan,nan,nan
1779938876050691046,2026-05-28T10:27:56.050713,prediction,0.013276,0.113000,0.150968,True,0.035080,0.003781,0.166256,0.021804,0.109219,0.015288,3.95,20,-0.097428,0.504664,0.543511,0.000000,0.000000,0.000000,0.000000,0.000000,0.000000,nan,nan,nan,nan,nan,nan
1779938876090141725,2026-05-28T10:27:56.090166,prediction,0.013735,0.103000,0.150421,True,0.039294,0.005843,0.165461,0.025559,0.097157,0.015040,3.79,20,-0.097856,0.494681,0.544304,0.000000,0.000000,0.000000,0.000000,0.000000,0.000000,nan,nan,nan,nan,nan,nan
1779938876119091366,2026-05-28T10:27:56.119110,prediction,0.014698,0.082000,0.146326,True,0.042615,-0.009602,0.161586,0.027917,0.091602,0.015260,3.65,20,-0.097856,0.494681,0.544304,0.000000,0.000000,0.000000,0.000000,0.000000,0.000000,nan,nan,nan,nan,nan,nan
1779938876163411849,2026-05-28T10:27:56.163431,prediction,0.014469,0.087000,0.146608,True,0.042095,-0.014350,0.160769,0.027626,0.101350,0.014161,6.84,20,-0.098292,0.484811,0.545013,0.000000,0.000000,0.000000,0.000000,0.000000,0.000000,nan,nan,nan,nan,nan,nan
1779938876198714054,2026-05-28T10:27:56.198733,prediction,0.014698,0.082000,0.143380,True,0.044204,-0.011260,0.157095,0.029506,0.093260,0.013715,6.37,20,-0.098792,0.474782,0.545568,0.000000,0.000000,0.000000,0.000000,0.000000,0.000000,nan,nan,nan,nan,nan,nan
1779938876229926727,2026-05-28T10:27:56.229947,prediction,0.014698,0.082000,0.143380,True,0.045431,-0.005105,0.154490,0.030733,0.087105,0.011110,6.34,20,-0.098792,0.474782,0.545568,0.000000,0.000000,0.000000,0.000000,0.000000,0.000000,nan,nan,nan,nan,nan,nan
1779938876262440978,2026-05-28T10:27:56.262462,prediction,0.014698,0.082000,0.143380,True,0.045770,-0.002662,0.153923,0.031073,0.084662,0.010543,6.00,20,-0.099352,0.464826,0.545942,0.000000,0.000000,0.000000,0.000000,0.000000,0.000000,nan,nan,nan,nan,nan,nan
1779938876294043840,2026-05-28T10:27:56.294066,prediction,0.015431,0.066000,0.139480,True,0.046272,-0.014160,0.150350,0.030841,0.080160,0.010870,3.83,20,-0.099352,0.464826,0.545942,0.000000,0.000000,0.000000,0.000000,0.000000,0.000000,nan,nan,nan,nan,nan,nan
1779938876327881662,2026-05-28T10:27:56.327899,prediction,0.015890,0.056000,0.138884,True,0.046257,-0.023343,0.148050,0.030367,0.079343,0.009166,3.54,20,-0.099978,0.454869,0.546139,0.000000,0.000000,0.000000,0.000000,0.000000,0.000000,nan,nan,nan,nan,nan,nan
1779938876359883992,2026-05-28T10:27:56.359910,prediction,0.015431,0.066000,0.136508,True,0.047715,-0.009127,0.143272,0.032283,0.075127,0.006764,3.57,20,-0.099978,0.454869,0.546139,0.000000,0.000000,0.000000,0.000000,0.000000,0.000000,nan,nan,nan,nan,nan,nan
1779938876394014678,2026-05-28T10:27:56.394036,prediction,0.015661,0.061000,0.136201,True,0.049572,-0.005527,0.142907,0.033911,0.066527,0.006705,6.27,20,-0.100674,0.444840,0.546151,0.000000,0.000000,0.000000,0.000000,0.000000,0.000000,nan,nan,nan,nan,nan,nan
1779938876427938930,2026-05-28T10:27:56.427954,prediction,0.015431,0.066000,0.133536,True,0.049896,-0.004008,0.139904,0.034464,0.070008,0.006368,6.31,20,-0.100674,0.444840,0.546151,0.000000,0.000000,0.000000,0.000000,0.000000,0.000000,nan,nan,nan,nan,nan,nan
1779938876466056170,2026-05-28T10:27:56.466080,prediction,0.015890,0.056000,0.129918,True,0.050962,-0.006645,0.135736,0.035072,0.062645,0.005818,6.17,20,-0.101439,0.434897,0.545997,0.000000,0.000000,0.000000,0.000000,0.000000,0.000000,nan,nan,nan,nan,nan,nan
1779938876495173218,2026-05-28T10:27:56.495195,prediction,0.014927,0.077000,0.128320,True,0.051175,0.009355,0.130539,0.036248,0.067645,0.002219,6.20,20,-0.101439,0.434897,0.545997,0.000000,0.000000,0.000000,0.000000,0.000000,0.000000,nan,nan,nan,nan,nan,nan
1779938876527142388,2026-05-28T10:27:56.527157,prediction,0.009708,0.061000,0.121300,True,0.050761,0.015656,0.123653,0.041053,0.045344,0.002353,4.05,20,-0.102284,0.424945,0.545642,0.000000,0.000000,0.000000,0.000000,0.000000,0.000000,nan,nan,nan,nan,nan,nan
1779938876574289479,2026-05-28T10:27:56.574310,prediction,0.008814,0.082000,0.119814,True,0.049592,0.031656,0.120375,0.040778,0.050344,0.000561,6.23,20,-0.102284,0.424945,0.545642,0.000000,0.000000,0.000000,0.000000,0.000000,0.000000,nan,nan,nan,nan,nan,nan
1779938876613188005,2026-05-28T10:27:56.613211,prediction,0.010389,0.045000,0.117181,True,0.050790,0.022512,0.119348,0.040401,0.022488,0.002167,6.61,20,-0.103207,0.415000,0.545025,0.000000,0.000000,0.000000,0.000000,0.000000,0.000000,nan,nan,nan,nan,nan,nan
1779938876644666030,2026-05-28T10:27:56.644687,prediction,0.009240,0.072000,0.116140,True,0.049192,0.034606,0.115093,0.039952,0.037394,0.001047,4.19,20,-0.103207,0.415000,0.545025,0.000000,0.000000,0.000000,0.000000,0.000000,0.000000,nan,nan,nan,nan,nan,nan
1779938876678051314,2026-05-28T10:27:56.678071,prediction,0.009708,0.061000,0.115339,True,0.051277,0.039741,0.114007,0.041568,0.021259,0.001333,3.92,20,-0.104194,0.405085,0.544107,0.000000,0.000000,0.000000,0.000000,0.000000,0.000000,nan,nan,nan,nan,nan,nan
1779938876710268908,2026-05-28T10:27:56.710289,prediction,0.010389,0.045000,0.111168,True,0.052031,0.030308,0.110911,0.041641,0.014692,0.000257,4.38,20,-0.104194,0.405085,0.544107,0.000000,0.000000,0.000000,0.000000,0.000000,0.000000,nan,nan,nan,nan,nan,nan
1779938876745180945,2026-05-28T10:27:56.745203,prediction,0.007387,0.045000,0.108161,True,0.052379,0.024337,0.107338,0.044992,0.020664,0.000823,3.67,20,-0.105251,0.395247,0.542855,0.000000,0.000000,0.000000,0.000000,0.000000,0.000000,nan,nan,nan,nan,nan,nan
1779938876779622754,2026-05-28T10:27:56.779644,prediction,0.007633,0.039000,0.104689,True,0.055285,0.021485,0.104473,0.047653,0.017515,0.000216,3.99,20,-0.105251,0.395247,0.542855,0.000000,0.000000,0.000000,0.000000,0.000000,0.000000,nan,nan,nan,nan,nan,nan
1779938876825563711,2026-05-28T10:27:56.825587,prediction,0.008779,0.011000,0.099450,True,0.057941,0.007536,0.099037,0.049162,0.003464,0.000413,4.47,20,-0.106396,0.385422,0.541206,0.000000,0.000000,0.000000,0.000000,0.000000,0.000000,nan,nan,nan,nan,nan,nan
1779938876861545634,2026-05-28T10:27:56.861565,prediction,0.005249,0.023000,0.094317,True,0.061930,0.004954,0.092547,0.056681,0.018046,0.001770,3.78,20,-0.107596,0.375666,0.539338,0.000000,0.000000,0.000000,0.000000,0.000000,0.000000,nan,nan,nan,nan,nan,nan
1779938876900701888,2026-05-28T10:27:56.900723,prediction,0.005052,0.028000,0.091696,True,0.066568,0.011077,0.090173,0.061516,0.016923,0.001523,4.12,20,-0.107596,0.375666,0.539338,0.000000,0.000000,0.000000,0.000000,0.000000,0.000000,nan,nan,nan,nan,nan,nan
1779938876930742567,2026-05-28T10:27:56.930758,prediction,0.005485,0.017000,0.087716,True,0.070034,0.007389,0.086948,0.064550,0.009611,0.000768,3.95,20,-0.108945,0.366102,0.536987,0.000000,0.000000,0.000000,0.000000,0.000000,0.000000,nan,nan,nan,nan,nan,nan
1779938876966990165,2026-05-28T10:27:56.967009,prediction,0.005052,0.028000,0.085627,True,0.073980,0.008867,0.083205,0.068928,0.019133,0.002421,3.87,20,-0.108945,0.366102,0.536987,0.000000,0.000000,0.000000,0.000000,0.000000,0.000000,nan,nan,nan,nan,nan,nan
1779938876998334235,2026-05-28T10:27:56.998354,prediction,0.005052,0.028000,0.082592,True,0.077286,0.011407,0.080213,0.072233,0.016593,0.002379,4.60,20,-0.110515,0.356602,0.534077,0.000000,0.000000,0.000000,0.000000,0.000000,0.000000,nan,nan,nan,nan,nan,nan
1779938877034547775,2026-05-28T10:27:57.034571,prediction,0.005485,0.017000,0.081611,True,0.077574,0.006555,0.079312,0.072089,0.010445,0.002299,4.13,20,-0.110515,0.356602,0.534077,0.000000,0.000000,0.000000,0.000000,0.000000,0.000000,nan,nan,nan,nan,nan,nan
1779938877068467849,2026-05-28T10:27:57.068489,prediction,0.004620,0.039000,0.080557,True,0.079059,0.021303,0.077236,0.074439,0.017697,0.003321,3.95,20,-0.112321,0.347402,0.530667,0.000000,0.000000,0.000000,0.000000,0.000000,0.000000,nan,nan,nan,nan,nan,nan
1779938877099914428,2026-05-28T10:27:57.099930,prediction,0.004620,0.039000,0.077540,True,0.080105,0.027443,0.075138,0.075485,0.011557,0.002403,3.74,20,-0.112321,0.347402,0.530667,0.000000,0.000000,0.000000,0.000000,0.000000,0.000000,nan,nan,nan,nan,nan,nan
1779938877131554070,2026-05-28T10:27:57.131575,prediction,0.002022,0.028000,0.073488,True,0.079581,0.020115,0.072128,0.077559,0.007885,0.001361,3.91,20,-0.114410,0.338453,0.526804,0.000000,0.000000,0.000000,0.000000,0.000000,0.000000,nan,nan,nan,nan,nan,nan
1779938877167927256,2026-05-28T10:27:57.167949,prediction,-0.000828,0.023000,0.069975,True,0.080070,0.014433,0.069568,0.080898,0.008567,0.000407,4.07,20,-0.114410,0.338453,0.526804,0.000000,0.000000,0.000000,0.000000,0.000000,0.000000,nan,nan,nan,nan,nan,nan
1779938877199698107,2026-05-28T10:27:57.199720,prediction,-0.004039,0.028000,0.067419,True,0.083202,0.019426,0.067342,0.087240,0.008574,0.000077,3.84,20,-0.116800,0.329707,0.522480,0.000000,0.000000,0.000000,0.000000,0.000000,0.000000,nan,nan,nan,nan,nan,nan
1779938877231958747,2026-05-28T10:27:57.231989,prediction,-0.004039,0.028000,0.067419,True,0.085495,0.024885,0.067635,0.089534,0.003115,0.000216,4.00,20,-0.116800,0.329707,0.522480,0.000000,0.000000,0.000000,0.000000,0.000000,0.000000,nan,nan,nan,nan,nan,nan
1779938877274687930,2026-05-28T10:27:57.274710,prediction,-0.004245,0.034000,0.064979,True,0.088458,0.025819,0.066382,0.092702,0.008181,0.001403,4.02,20,-0.119463,0.321294,0.517820,0.000000,0.000000,0.000000,0.000000,0.000000,0.000000,nan,nan,nan,nan,nan,nan
1779938877311832058,2026-05-28T10:27:57.311854,prediction,-0.007069,0.028000,0.061350,True,0.089148,0.023432,0.064057,0.096217,0.004568,0.002707,3.87,20,-0.119463,0.321294,0.517820,0.000000,0.000000,0.000000,0.000000,0.000000,0.000000,nan,nan,nan,nan,nan,nan
1779938877344670923,2026-05-28T10:27:57.344690,prediction,-0.007265,0.034000,0.061955,True,0.091914,0.027238,0.064779,0.099180,0.006762,0.002825,3.99,20,-0.122439,0.313150,0.512855,0.000000,0.000000,0.000000,0.000000,0.000000,0.000000,nan,nan,nan,nan,nan,nan
1779938877377848941,2026-05-28T10:27:57.377868,prediction,-0.007069,0.028000,0.061350,True,0.093428,0.027555,0.065538,0.100497,0.000445,0.004188,3.99,20,-0.122439,0.313150,0.512855,0.000000,0.000000,0.000000,0.000000,0.000000,0.000000,nan,nan,nan,nan,nan,nan
1779938877415695249,2026-05-28T10:27:57.415736,prediction,-0.006905,0.023000,0.060847,True,0.093631,0.023730,0.065420,0.100536,0.000730,0.004573,3.85,20,-0.125889,0.304938,0.507413,0.000000,0.000000,0.000000,0.000000,0.000000,0.000000,nan,nan,nan,nan,nan,nan
1779938877456315524,2026-05-28T10:27:57.456336,prediction,-0.006905,0.023000,0.060847,True,0.094881,0.021959,0.065507,0.101786,0.001041,0.004660,3.84,20,-0.129219,0.297535,0.502292,0.000000,0.000000,0.000000,0.000000,0.000000,0.000000,nan,nan,nan,nan,nan,nan
1779938877495211148,2026-05-28T10:27:57.495233,prediction,-0.007625,0.045000,0.063062,True,0.096197,0.037959,0.067878,0.103822,0.007041,0.004816,4.10,20,-0.129219,0.297535,0.502292,0.000000,0.000000,0.000000,0.000000,0.000000,0.000000,nan,nan,nan,nan,nan,nan
1779938877529720523,2026-05-28T10:27:57.529742,prediction,-0.006709,0.017000,0.060242,True,0.092175,0.031963,0.068077,0.098884,0.014963,0.007835,3.80,20,-0.133018,0.290179,0.496732,0.000000,0.000000,0.000000,0.000000,0.000000,0.000000,nan,nan,nan,nan,nan,nan
1779938877563309057,2026-05-28T10:27:57.563328,prediction,-0.007069,0.028000,0.061350,True,0.090751,0.030159,0.067800,0.097819,0.002159,0.006450,3.56,20,-0.133018,0.290179,0.496732,0.000000,0.000000,0.000000,0.000000,0.000000,0.000000,nan,nan,nan,nan,nan,nan
1779938877595229935,2026-05-28T10:27:57.595250,prediction,-0.007069,0.028000,0.061350,True,0.091467,0.034354,0.068793,0.098536,0.006354,0.007443,3.77,20,-0.137123,0.283114,0.490908,0.000000,0.000000,0.000000,0.000000,0.000000,0.000000,nan,nan,nan,nan,nan,nan
1779938877626789770,2026-05-28T10:27:57.626803,prediction,-0.006905,0.023000,0.060847,True,0.090758,0.035253,0.068522,0.097663,0.012253,0.007676,3.66,20,-0.137123,0.283114,0.490908,0.000000,0.000000,0.000000,0.000000,0.000000,0.000000,nan,nan,nan,nan,nan,nan
1779938877659719611,2026-05-28T10:27:57.659739,prediction,-0.007625,0.045000,0.066069,True,0.088984,0.050027,0.073022,0.096609,0.005027,0.006953,4.08,20,-0.141518,0.276456,0.484861,0.000000,0.000000,0.000000,0.000000,0.000000,0.000000,nan,nan,nan,nan,nan,nan
1779938877694871564,2026-05-28T10:27:57.694892,prediction,-0.007265,0.034000,0.064979,True,0.086232,0.045213,0.075200,0.093497,0.011213,0.010221,3.69,20,-0.141518,0.276456,0.484861,0.000000,0.000000,0.000000,0.000000,0.000000,0.000000,nan,nan,nan,nan,nan,nan
1779938877728082151,2026-05-28T10:27:57.728101,prediction,-0.007069,0.028000,0.064385,True,0.083532,0.038610,0.073840,0.090601,0.010610,0.009455,3.42,20,-0.146188,0.270158,0.478770,0.000000,0.000000,0.000000,0.000000,0.000000,0.000000,nan,nan,nan,nan,nan,nan
1779938877760978188,2026-05-28T10:27:57.761002,prediction,-0.007069,0.028000,0.064385,True,0.083711,0.038992,0.073483,0.090780,0.010992,0.009098,3.77,20,-0.146188,0.270158,0.478770,0.000000,0.000000,0.000000,0.000000,0.000000,0.000000,nan,nan,nan,nan,nan,nan
1779938877795318215,2026-05-28T10:27:57.795339,prediction,-0.007265,0.034000,0.064979,True,0.084620,0.045261,0.074490,0.091885,0.011261,0.009510,3.65,20,-0.151166,0.264081,0.472503,0.000000,0.000000,0.000000,0.000000,0.000000,0.000000,nan,nan,nan,nan,nan,nan
1779938877833127092,2026-05-28T10:27:57.833159,prediction,-0.007625,0.045000,0.066069,True,0.084577,0.053676,0.075578,0.092202,0.008676,0.009509,3.69,20,-0.151166,0.264081,0.472503,0.000000,0.000000,0.000000,0.000000,0.000000,0.000000,nan,nan,nan,nan,nan,nan
1779938877866959871,2026-05-28T10:27:57.866990,prediction,-0.007429,0.039000,0.065475,True,0.082488,0.049150,0.075775,0.089917,0.010150,0.010301,3.58,20,-0.156446,0.258497,0.466078,0.000000,0.000000,0.000000,0.000000,0.000000,0.000000,nan,nan,nan,nan,nan,nan
1779938877901449891,2026-05-28T10:27:57.901471,prediction,-0.007265,0.034000,0.064979,True,0.081286,0.042409,0.074752,0.088551,0.008409,0.009773,6.40,20,-0.156446,0.258497,0.466078,0.000000,0.000000,0.000000,0.000000,0.000000,0.000000,nan,nan,nan,nan,nan,nan
1779938877932215199,2026-05-28T10:27:57.932254,prediction,-0.007265,0.034000,0.064979,True,0.081428,0.043383,0.074308,0.088694,0.009383,0.009328,6.41,20,-0.160773,0.254668,0.460708,0.000000,0.000000,0.000000,0.000000,0.000000,0.000000,nan,nan,nan,nan,nan,nan
1779938877961622944,2026-05-28T10:27:57.961643,prediction,-0.006905,0.023000,0.063889,True,0.081689,0.037031,0.073657,0.088594,0.014031,0.009768,6.24,20,-0.160773,0.254668,0.460708,0.000000,0.000000,0.000000,0.000000,0.000000,0.000000,nan,nan,nan,nan,nan,nan
1779938877990407019,2026-05-28T10:27:57.990427,prediction,-0.004039,0.028000,0.064385,True,0.082643,0.035782,0.072901,0.086682,0.007782,0.008516,6.28,20,-0.163992,0.252492,0.456234,0.000000,0.000000,0.000000,0.000000,0.000000,0.000000,nan,nan,nan,nan,nan,nan
1779938878034821984,2026-05-28T10:27:58.034843,prediction,-0.004245,0.034000,0.068004,True,0.082312,0.039721,0.076981,0.086557,0.005721,0.008978,6.52,20,-0.163992,0.252492,0.456234,0.000000,0.000000,0.000000,0.000000,0.000000,0.000000,nan,nan,nan,nan,nan,nan
1779938878083675791,2026-05-28T10:27:58.083697,prediction,-0.004039,0.028000,0.067419,True,0.081448,0.035106,0.077602,0.085487,0.007106,0.010183,6.52,20,-0.160715,0.256715,0.458815,0.000000,0.000000,0.000000,0.000000,0.000000,0.000000,nan,nan,nan,nan,nan,nan
1779938878112248878,2026-05-28T10:27:58.112270,prediction,-0.004245,0.034000,0.068004,True,0.080308,0.035527,0.077065,0.084552,0.001527,0.009061,3.84,20,-0.160715,0.256715,0.458815,0.000000,0.000000,0.000000,0.000000,0.000000,0.000000,nan,nan,nan,nan,nan,nan
1779938878142850961,2026-05-28T10:27:58.142867,prediction,-0.004245,0.034000,0.068004,True,0.079214,0.038197,0.077474,0.083459,0.004197,0.009470,3.70,20,-0.159332,0.257945,0.460028,0.000000,0.000000,0.000000,0.000000,0.000000,0.000000,nan,nan,nan,nan,nan,nan
1779938878177954969,2026-05-28T10:27:58.177970,prediction,-0.004417,0.039000,0.068491,True,0.079316,0.041170,0.078457,0.083733,0.002170,0.009966,3.85,20,-0.159332,0.257945,0.460028,0.000000,0.000000,0.000000,0.000000,0.000000,0.000000,nan,nan,nan,nan,nan,nan
1779938878213092574,2026-05-28T10:27:58.213107,prediction,-0.004417,0.039000,0.068491,True,0.078408,0.043464,0.078679,0.082825,0.004463,0.010188,3.61,20,-0.157748,0.258534,0.461259,0.000000,0.000000,0.000000,0.000000,0.000000,0.000000,nan,nan,nan,nan,nan,nan
1779938878256045203,2026-05-28T10:27:58.256059,prediction,-0.004039,0.028000,0.067419,True,0.077563,0.035674,0.077705,0.081601,0.007674,0.010286,3.49,20,-0.156517,0.259155,0.461387,0.000000,0.000000,0.000000,0.000000,0.000000,0.000000,nan,nan,nan,nan,nan,nan
1779938878291243008,2026-05-28T10:27:58.291259,prediction,-0.004245,0.034000,0.068004,True,0.077306,0.035894,0.077186,0.081550,0.001894,0.009182,3.73,20,-0.156517,0.259155,0.461387,0.000000,0.000000,0.000000,0.000000,0.000000,0.000000,nan,nan,nan,nan,nan,nan
1779938878333109089,2026-05-28T10:27:58.333125,prediction,-0.004245,0.034000,0.068004,True,0.076961,0.040567,0.077509,0.081206,0.006567,0.009505,6.32,20,-0.156453,0.258289,0.462626,0.000000,0.000000,0.000000,0.000000,0.000000,0.000000,nan,nan,nan,nan,nan,nan
1779938878368211534,2026-05-28T10:27:58.368225,prediction,-0.004245,0.034000,0.068004,True,0.077358,0.040129,0.077554,0.081603,0.006129,0.009550,6.78,20,-0.156453,0.258289,0.462626,0.000000,0.000000,0.000000,0.000000,0.000000,0.000000,nan,nan,nan,nan,nan,nan
1779938878404742365,2026-05-28T10:27:58.404758,prediction,-0.004039,0.028000,0.067419,True,0.077664,0.033761,0.077259,0.081702,0.005761,0.009840,6.44,20,-0.155059,0.258315,0.462320,0.000000,0.000000,0.000000,0.000000,0.000000,0.000000,nan,nan,nan,nan,nan,nan
1779938878439828867,2026-05-28T10:27:58.439844,prediction,-0.007069,0.028000,0.067419,True,0.077857,0.030608,0.077429,0.084926,0.002608,0.010009,6.46,20,-0.155059,0.258315,0.462320,0.000000,0.000000,0.000000,0.000000,0.000000,0.000000,nan,nan,nan,nan,nan,nan
1779938878478867772,2026-05-28T10:27:58.478890,prediction,-0.004245,0.034000,0.068004,True,0.079615,0.036246,0.077267,0.083859,0.002246,0.009263,6.76,20,-0.154683,0.256458,0.462627,0.000000,0.000000,0.000000,0.000000,0.000000,0.000000,nan,nan,nan,nan,nan,nan
1779938878516721341,2026-05-28T10:27:58.516764,prediction,-0.004417,0.039000,0.068491,True,0.079269,0.042519,0.077419,0.083685,0.003519,0.008928,6.51,20,-0.154683,0.256458,0.462627,0.000000,0.000000,0.000000,0.000000,0.000000,0.000000,nan,nan,nan,nan,nan,nan
1779938878552342716,2026-05-28T10:27:58.552381,prediction,-0.004245,0.034000,0.068004,True,0.078064,0.038312,0.077673,0.082309,0.004312,0.009669,6.25,20,-0.154265,0.256337,0.463644,0.000000,0.000000,0.000000,0.000000,0.000000,0.000000,nan,nan,nan,nan,nan,nan
1779938878583104123,2026-05-28T10:27:58.583131,prediction,-0.004039,0.028000,0.067419,True,0.077365,0.031697,0.077344,0.081403,0.003697,0.009925,4.26,20,-0.154265,0.256337,0.463644,0.000000,0.000000,0.000000,0.000000,0.000000,0.000000,nan,nan,nan,nan,nan,nan
1779938878617188485,2026-05-28T10:27:58.617215,prediction,-0.004039,0.028000,0.067419,True,0.078526,0.032278,0.076770,0.082565,0.004278,0.009351,3.83,20,-0.153680,0.254849,0.462964,0.000000,0.000000,0.000000,0.000000,0.000000,0.000000,nan,nan,nan,nan,nan,nan
1779938878652131442,2026-05-28T10:27:58.652147,prediction,-0.004245,0.034000,0.068004,True,0.080477,0.037903,0.076737,0.084722,0.003903,0.008733,3.96,20,-0.153680,0.254849,0.462964,0.000000,0.000000,0.000000,0.000000,0.000000,0.000000,nan,nan,nan,nan,nan,nan
1779938878687284636,2026-05-28T10:27:58.687299,prediction,-0.004245,0.034000,0.068004,True,0.079854,0.038365,0.077156,0.084099,0.004365,0.009152,4.10,20,-0.153997,0.255614,0.463266,0.000000,0.000000,0.000000,0.000000,0.000000,0.000000,nan,nan,nan,nan,nan,nan
1779938878730777206,2026-05-28T10:27:58.730792,prediction,-0.004417,0.039000,0.068491,True,0.078891,0.039305,0.077729,0.083307,0.000305,0.009238,3.76,20,-0.153997,0.255614,0.463266,0.000000,0.000000,0.000000,0.000000,0.000000,0.000000,nan,nan,nan,nan,nan,nan
1779938878762822030,2026-05-28T10:27:58.762836,prediction,-0.003867,0.023000,0.066932,True,0.078128,0.030264,0.077054,0.081994,0.007264,0.010122,3.72,20,-0.153997,0.255614,0.463266,0.000000,0.000000,0.000000,0.000000,0.000000,0.000000,nan,nan,nan,nan,nan,nan
1779938878795936369,2026-05-28T10:27:58.795971,prediction,-0.004417,0.039000,0.068491,True,0.078248,0.039071,0.076791,0.082664,0.000071,0.008300,3.77,20,-0.153997,0.255614,0.463266,0.000000,0.000000,0.000000,0.000000,0.000000,0.000000,nan,nan,nan,nan,nan,nan
1779938878836466791,2026-05-28T10:27:58.836488,prediction,-0.004245,0.034000,0.068004,True,0.078307,0.041249,0.077253,0.082551,0.007249,0.009249,7.05,20,-0.153997,0.255614,0.463266,0.000000,0.000000,0.000000,0.000000,0.000000,0.000000,nan,nan,nan,nan,nan,nan
1779938878872944235,2026-05-28T10:27:58.872963,prediction,-0.004039,0.028000,0.067419,True,0.077138,0.035181,0.076978,0.081177,0.007181,0.009559,7.28,20,-0.153997,0.255614,0.463266,0.000000,0.000000,0.000000,0.000000,0.000000,0.000000,nan,nan,nan,nan,nan,nan
1779938878903526582,2026-05-28T10:27:58.903542,prediction,-0.004039,0.028000,0.067419,True,0.077181,0.031785,0.076604,0.081220,0.003785,0.009184,6.72,20,-0.153997,0.255614,0.463266,0.000000,0.000000,0.000000,0.000000,0.000000,0.000000,nan,nan,nan,nan,nan,nan
1779938878934228005,2026-05-28T10:27:58.934246,prediction,-0.004417,0.039000,0.071508,True,0.077369,0.041384,0.081005,0.081785,0.002384,0.009497,6.90,20,-0.153997,0.255614,0.463266,0.000000,0.000000,0.000000,0.000000,0.000000,0.000000,nan,nan,nan,nan,nan,nan
1779938878969081028,2026-05-28T10:27:58.969102,prediction,-0.004039,0.028000,0.070454,True,0.076462,0.038961,0.081151,0.080500,0.010961,0.010697,6.87,20,-0.153997,0.255614,0.463266,0.000000,0.000000,0.000000,0.000000,0.000000,0.000000,nan,nan,nan,nan,nan,nan
1779938879004057077,2026-05-28T10:27:59.004074,prediction,-0.003867,0.023000,0.069975,True,0.075662,0.031013,0.080206,0.079529,0.008013,0.010232,6.62,20,-0.153997,0.255614,0.463266,0.000000,0.000000,0.000000,0.000000,0.000000,0.000000,nan,nan,nan,nan,nan,nan
1779938879037228088,2026-05-28T10:27:59.037242,prediction,-0.003454,0.011000,0.068825,True,0.076086,0.021003,0.079435,0.079540,0.010003,0.010609,6.56,20,-0.153997,0.255614,0.463266,0.000000,0.000000,0.000000,0.000000,0.000000,0.000000,nan,nan,nan,nan,nan,nan
1779938879073300334,2026-05-28T10:27:59.073321,prediction,-0.007069,0.028000,0.070454,True,0.077001,0.032624,0.080536,0.084070,0.004624,0.010082,6.62,20,-0.153997,0.255614,0.463266,0.000000,0.000000,0.000000,0.000000,0.000000,0.000000,nan,nan,nan,nan,nan,nan
1779938879107971713,2026-05-28T10:27:59.107988,prediction,-0.006905,0.023000,0.069975,True,0.078162,0.034434,0.080807,0.085067,0.011434,0.010832,6.16,20,-0.153997,0.255614,0.463266,0.000000,0.000000,0.000000,0.000000,0.000000,0.000000,nan,nan,nan,nan,nan,nan
1779938879145636011,2026-05-28T10:27:59.145653,prediction,-0.007069,0.028000,0.070454,True,0.078127,0.032945,0.080687,0.085196,0.004945,0.010234,5.77,20,-0.152403,0.254582,0.464414,0.000000,0.000000,0.000000,0.000000,0.000000,0.000000,nan,nan,nan,nan,nan,nan
1779938879173549812,2026-05-28T10:27:59.173565,prediction,-0.006512,0.011000,0.068825,True,0.077234,0.022324,0.080013,0.083747,0.011324,0.011187,3.70,20,-0.152403,0.254582,0.464414,0.000000,0.000000,0.000000,0.000000,0.000000,0.000000,nan,nan,nan,nan,nan,nan
1779938879213762587,2026-05-28T10:27:59.213779,prediction,-0.006709,0.017000,0.069400,True,0.078555,0.022902,0.079555,0.085263,0.005902,0.010155,3.69,20,-0.152950,0.253853,0.465013,0.000000,0.000000,0.000000,0.000000,0.000000,0.000000,nan,nan,nan,nan,nan,nan
1779938879253374054,2026-05-28T10:27:59.253387,prediction,-0.007265,0.034000,0.071029,True,0.081337,0.038902,0.079973,0.088603,0.004902,0.008945,3.83,20,-0.153200,0.254768,0.464143,0.000000,0.000000,0.000000,0.000000,0.000000,0.000000,nan,nan,nan,nan,nan,nan
1779938879288531891,2026-05-28T10:27:59.288546,prediction,-0.007069,0.028000,0.070454,True,0.080582,0.039161,0.080824,0.087651,0.011161,0.010370,4.22,20,-0.153200,0.254768,0.464143,0.000000,0.000000,0.000000,0.000000,0.000000,0.000000,nan,nan,nan,nan,nan,nan
1779938879324979308,2026-05-28T10:27:59.324998,prediction,-0.006905,0.023000,0.069975,True,0.078760,0.031257,0.080416,0.085666,0.008257,0.010441,4.84,20,-0.153274,0.253930,0.464617,0.000000,0.000000,0.000000,0.000000,0.000000,0.000000,nan,nan,nan,nan,nan,nan
1779938879359944961,2026-05-28T10:27:59.359960,prediction,-0.007069,0.028000,0.070454,True,0.078594,0.034221,0.080424,0.085663,0.006221,0.009970,4.53,20,-0.153274,0.253930,0.464617,0.000000,0.000000,0.000000,0.000000,0.000000,0.000000,nan,nan,nan,nan,nan,nan
1779938879393383759,2026-05-28T10:27:59.393405,prediction,-0.006905,0.023000,0.069975,True,0.079536,0.036912,0.079534,0.086441,0.013912,0.009559,3.82,20,-0.152991,0.252587,0.465806,0.000000,0.000000,0.000000,0.000000,0.000000,0.000000,nan,nan,nan,nan,nan,nan
1779938879427234021,2026-05-28T10:27:59.427251,prediction,-0.004417,0.039000,0.071508,True,0.081146,0.046619,0.079592,0.085562,0.007619,0.008084,3.82,20,-0.152991,0.252587,0.465806,0.000000,0.000000,0.000000,0.000000,0.000000,0.000000,nan,nan,nan,nan,nan,nan
1779938879462141347,2026-05-28T10:27:59.462157,prediction,-0.003867,0.023000,0.069975,True,0.078953,0.039258,0.079831,0.082820,0.016258,0.009856,3.92,20,-0.154207,0.251897,0.465598,0.000000,0.000000,0.000000,0.000000,0.000000,0.000000,nan,nan,nan,nan,nan,nan
1779938879493203811,2026-05-28T10:27:59.493219,prediction,-0.004417,0.039000,0.071508,True,0.077343,0.044141,0.079851,0.081759,0.005141,0.008343,3.97,20,-0.154207,0.251897,0.465598,0.000000,0.000000,0.000000,0.000000,0.000000,0.000000,nan,nan,nan,nan,nan,nan
1779938879526611616,2026-05-28T10:27:59.526626,prediction,-0.004417,0.039000,0.071508,True,0.077881,0.050761,0.079736,0.082298,0.011761,0.008228,3.85,20,-0.153518,0.252288,0.465716,0.000000,0.000000,0.000000,0.000000,0.000000,0.000000,nan,nan,nan,nan,nan,nan
1779938879559866350,2026-05-28T10:27:59.559880,prediction,-0.003867,0.023000,0.069975,True,0.076679,0.041353,0.078658,0.080546,0.018353,0.008683,3.90,20,-0.153518,0.252288,0.465716,0.000000,0.000000,0.000000,0.000000,0.000000,0.000000,nan,nan,nan,nan,nan,nan
1779938879589306756,2026-05-28T10:27:59.589321,prediction,-0.004039,0.028000,0.070454,True,0.075620,0.038446,0.078081,0.079659,0.010446,0.007627,4.01,20,-0.152787,0.252703,0.465841,0.000000,0.000000,0.000000,0.000000,0.000000,0.000000,nan,nan,nan,nan,nan,nan
1779938879620150553,2026-05-28T10:27:59.620166,prediction,-0.004245,0.034000,0.071029,True,0.076564,0.045042,0.079239,0.080809,0.011042,0.008210,3.88,20,-0.152787,0.252703,0.465841,0.000000,0.000000,0.000000,0.000000,0.000000,0.000000,nan,nan,nan,nan,nan,nan
1779938879656028797,2026-05-28T10:27:59.656050,prediction,-0.004417,0.039000,0.071508,True,0.077234,0.051310,0.079036,0.081650,0.012310,0.007528,4.00,20,-0.154110,0.253893,0.465606,0.000000,0.000000,0.000000,0.000000,0.000000,0.000000,nan,nan,nan,nan,nan,nan
1779938879686821191,2026-05-28T10:27:59.686836,prediction,-0.007069,0.028000,0.070454,True,0.075532,0.042942,0.079010,0.082600,0.014942,0.008556,4.45,20,-0.154110,0.253893,0.465606,0.000000,0.000000,0.000000,0.000000,0.000000,0.000000,nan,nan,nan,nan,nan,nan
1779938879719921756,2026-05-28T10:27:59.719935,prediction,-0.007069,0.028000,0.070454,True,0.074895,0.037198,0.079155,0.081964,0.009198,0.008701,3.80,20,-0.153499,0.256003,0.465218,0.000000,0.000000,0.000000,0.000000,0.000000,0.000000,nan,nan,nan,nan,nan,nan
1779938879754425375,2026-05-28T10:27:59.754442,prediction,-0.007069,0.028000,0.070454,True,0.076476,0.039441,0.079074,0.083545,0.011441,0.008620,3.80,20,-0.153499,0.256003,0.465218,0.000000,0.000000,0.000000,0.000000,0.000000,0.000000,nan,nan,nan,nan,nan,nan
1779938879787900145,2026-05-28T10:27:59.787925,prediction,-0.007069,0.028000,0.070454,True,0.078129,0.042077,0.078714,0.085198,0.014077,0.008261,3.70,20,-0.153472,0.257284,0.465474,0.000000,0.000000,0.000000,0.000000,0.000000,0.000000,nan,nan,nan,nan,nan,nan
1779938879823349182,2026-05-28T10:27:59.823366,prediction,-0.007069,0.028000,0.070454,True,0.079536,0.038243,0.078919,0.086605,0.010243,0.008465,3.84,20,-0.153472,0.257284,0.465474,0.000000,0.000000,0.000000,0.000000,0.000000,0.000000,nan,nan,nan,nan,nan,nan
1779938879857442120,2026-05-28T10:27:59.857458,prediction,-0.006709,0.017000,0.069400,True,0.078919,0.027332,0.078965,0.085628,0.010332,0.009565,3.83,20,-0.152302,0.258335,0.464594,0.000000,0.000000,0.000000,0.000000,0.000000,0.000000,nan,nan,nan,nan,nan,nan
1779938879895509505,2026-05-28T10:27:59.895526,prediction,-0.007069,0.028000,0.070454,True,0.079392,0.033157,0.078779,0.086461,0.005157,0.008325,6.77,20,-0.152302,0.258335,0.464594,0.000000,0.000000,0.000000,0.000000,0.000000,0.000000,nan,nan,nan,nan,nan,nan
1779938879929221418,2026-05-28T10:27:59.929238,prediction,-0.003867,0.023000,0.069975,True,0.081028,0.033924,0.078158,0.084895,0.010924,0.008183,6.83,20,-0.153039,0.259282,0.464826,0.000000,0.000000,0.000000,0.000000,0.000000,0.000000,nan,nan,nan,nan,nan,nan
1779938879962731438,2026-05-28T10:27:59.962749,prediction,-0.004417,0.039000,0.071508,True,0.080881,0.042571,0.078606,0.085298,0.003571,0.007098,6.21,20,-0.153039,0.259282,0.464826,0.000000,0.000000,0.000000,0.000000,0.000000,0.000000,nan,nan,nan,nan,nan,nan
1779938879996245941,2026-05-28T10:27:59.996261,prediction,-0.007069,0.028000,0.070454,True,0.078041,0.037102,0.079741,0.085110,0.009102,0.009287,6.49,20,-0.153066,0.258114,0.465076,0.000000,0.000000,0.000000,0.000000,0.000000,0.000000,nan,nan,nan,nan,nan,nan
1779938880030700136,2026-05-28T10:28:00.030714,prediction,-0.007625,0.045000,0.072082,True,0.076601,0.045316,0.080491,0.084226,0.000316,0.008409,6.37,20,-0.153066,0.258114,0.465076,0.000000,0.000000,0.000000,0.000000,0.000000,0.000000,nan,nan,nan,nan,nan,nan
1779938880064088057,2026-05-28T10:28:00.064105,prediction,-0.006709,0.017000,0.069400,True,0.075166,0.036770,0.079270,0.081875,0.019770,0.009870,6.26,20,-0.152944,0.259110,0.464807,0.000000,0.000000,0.000000,0.000000,0.000000,0.000000,nan,nan,nan,nan,nan,nan
1779938880100036568,2026-05-28T10:28:00.100053,prediction,-0.007069,0.028000,0.070454,True,0.075492,0.035006,0.078644,0.082561,0.007006,0.008191,6.27,20,-0.152944,0.259110,0.464807,0.000000,0.000000,0.000000,0.000000,0.000000,0.000000,nan,nan,nan,nan,nan,nan
1779938880134765506,2026-05-28T10:28:00.134782,prediction,-0.007069,0.028000,0.070454,True,0.076068,0.039830,0.079048,0.083137,0.011830,0.008594,6.32,20,-0.152936,0.257911,0.464658,0.000000,0.000000,0.000000,0.000000,0.000000,0.000000,nan,nan,nan,nan,nan,nan
1779938880168689790,2026-05-28T10:28:00.168707,prediction,-0.007069,0.028000,0.070454,True,0.076417,0.039913,0.079395,0.083486,0.011913,0.008941,5.70,20,-0.152936,0.257911,0.464658,0.000000,0.000000,0.000000,0.000000,0.000000,0.000000,nan,nan,nan,nan,nan,nan
1779938880206934111,2026-05-28T10:28:00.206950,prediction,-0.006349,0.006000,0.068346,True,0.076805,0.024709,0.078075,0.083154,0.018708,0.009728,3.58,20,-0.153104,0.256824,0.465059,0.000000,0.000000,0.000000,0.000000,0.000000,0.000000,nan,nan,nan,nan,nan,nan
1779938880238817518,2026-05-28T10:28:00.238832,prediction,-0.007429,0.039000,0.071508,True,0.076733,0.040709,0.079403,0.084162,0.001708,0.007895,3.97,20,-0.153104,0.256824,0.465059,0.000000,0.000000,0.000000,0.000000,0.000000,0.000000,nan,nan,nan,nan,nan,nan
1779938880271920653,2026-05-28T10:28:00.271941,prediction,-0.006905,0.023000,0.069975,True,0.076251,0.041786,0.079616,0.083157,0.018786,0.009641,3.82,20,-0.152654,0.255721,0.464120,0.000000,0.000000,0.000000,0.000000,0.000000,0.000000,nan,nan,nan,nan,nan,nan
1779938880305642917,2026-05-28T10:28:00.305657,prediction,-0.007265,0.034000,0.071029,True,0.075591,0.043643,0.079325,0.082857,0.009643,0.008296,3.46,20,-0.152654,0.255721,0.464120,0.000000,0.000000,0.000000,0.000000,0.000000,0.000000,nan,nan,nan,nan,nan,nan
1779938880342077284,2026-05-28T10:28:00.342099,prediction,-0.007789,0.050000,0.072561,True,0.075492,0.056165,0.080709,0.083281,0.006165,0.008148,4.13,20,-0.152861,0.256229,0.464552,0.000000,0.000000,0.000000,0.000000,0.000000,0.000000,nan,nan,nan,nan,nan,nan
1779938880377940140,2026-05-28T10:28:00.377958,prediction,-0.006905,0.023000,0.069975,True,0.073423,0.045872,0.080624,0.080329,0.022872,0.010649,3.50,20,-0.152861,0.256229,0.464552,0.000000,0.000000,0.000000,0.000000,0.000000,0.000000,nan,nan,nan,nan,nan,nan
1779938880408182041,2026-05-28T10:28:00.408196,prediction,-0.007069,0.028000,0.070454,True,0.072581,0.041561,0.078806,0.079650,0.013561,0.008352,3.72,20,-0.153205,0.257073,0.465271,0.000000,0.000000,0.000000,0.000000,0.000000,0.000000,nan,nan,nan,nan,nan,nan
1779938880445801390,2026-05-28T10:28:00.445819,prediction,-0.007265,0.034000,0.071029,True,0.074292,0.049057,0.079541,0.081557,0.015057,0.008513,3.98,20,-0.153205,0.257073,0.465271,0.000000,0.000000,0.000000,0.000000,0.000000,0.000000,nan,nan,nan,nan,nan,nan
1779938880489917574,2026-05-28T10:28:00.489934,prediction,-0.007429,0.039000,0.071508,True,0.074693,0.054394,0.079928,0.082122,0.015393,0.008420,3.65,20,-0.152038,0.256445,0.465304,0.000000,0.000000,0.000000,0.000000,0.000000,0.000000,nan,nan,nan,nan,nan,nan
1779938880523126578,2026-05-28T10:28:00.523146,prediction,-0.007069,0.028000,0.070454,True,0.074078,0.045486,0.079536,0.081147,0.017486,0.009082,3.57,20,-0.150414,0.257978,0.465146,0.000000,0.000000,0.000000,0.000000,0.000000,0.000000,nan,nan,nan,nan,nan,nan
1779938880559340786,2026-05-28T10:28:00.559356,prediction,-0.006512,0.011000,0.068825,True,0.073762,0.029486,0.078112,0.080274,0.018486,0.009286,3.82,20,-0.150414,0.257978,0.465146,0.000000,0.000000,0.000000,0.000000,0.000000,0.000000,nan,nan,nan,nan,nan,nan
1779938880587900590,2026-05-28T10:28:00.587925,prediction,-0.007069,0.028000,0.070454,True,0.076294,0.037273,0.077877,0.083363,0.009273,0.007423,3.45,20,-0.150760,0.260014,0.465038,0.000000,0.000000,0.000000,0.000000,0.000000,0.000000,nan,nan,nan,nan,nan,nan
1779938880633265675,2026-05-28T10:28:00.633284,prediction,-0.006905,0.023000,0.069975,True,0.077593,0.040923,0.078195,0.084498,0.017923,0.008220,6.16,20,-0.150760,0.260014,0.465038,0.000000,0.000000,0.000000,0.000000,0.000000,0.000000,nan,nan,nan,nan,nan,nan
1779938880672286197,2026-05-28T10:28:00.672303,prediction,-0.004417,0.039000,0.071508,True,0.078329,0.045319,0.078634,0.082745,0.006319,0.007126,5.89,20,-0.150681,0.259969,0.464951,0.000000,0.000000,0.000000,0.000000,0.000000,0.000000,nan,nan,nan,nan,nan,nan
1779938880701964547,2026-05-28T10:28:00.701999,prediction,-0.001224,0.034000,0.074053,True,0.076391,0.041313,0.082149,0.077615,0.007313,0.008096,6.39,20,-0.150681,0.259969,0.464951,0.000000,0.000000,0.000000,0.000000,0.000000,0.000000,nan,nan,nan,nan,nan,nan
1779938880730634094,2026-05-28T10:28:00.730652,prediction,0.002022,0.028000,0.073488,True,0.076058,0.033243,0.081737,0.074036,0.005243,0.008249,6.59,20,-0.150681,0.259969,0.464951,0.000000,0.000000,0.000000,0.000000,0.000000,0.000000,nan,nan,nan,nan,nan,nan
1779938880768771546,2026-05-28T10:28:00.768787,prediction,0.001796,0.034000,0.074053,True,0.075553,0.039458,0.080241,0.073757,0.005458,0.006188,6.87,20,-0.150681,0.259969,0.464951,0.000000,0.000000,0.000000,0.000000,0.000000,0.000000,nan,nan,nan,nan,nan,nan
1779938880801415708,2026-05-28T10:28:00.801436,prediction,0.004620,0.039000,0.074524,True,0.075687,0.046512,0.080714,0.071067,0.007512,0.006190,4.41,20,-0.150843,0.261953,0.465799,0.000000,0.000000,0.000000,0.000000,0.000000,0.000000,nan,nan,nan,nan,nan,nan
1779938880830287191,2026-05-28T10:28:00.830304,prediction,0.004817,0.034000,0.074053,True,0.073972,0.041381,0.081124,0.069155,0.007381,0.007070,3.51,20,-0.150843,0.261953,0.465799,0.000000,0.000000,0.000000,0.000000,0.000000,0.000000,nan,nan,nan,nan,nan,nan
1779938880863586076,2026-05-28T10:28:00.863602,prediction,0.007182,0.050000,0.075560,True,0.072550,0.048510,0.081826,0.065368,0.001490,0.006267,3.78,20,-0.150759,0.260923,0.465359,0.000000,0.000000,0.000000,0.000000,0.000000,0.000000,nan,nan,nan,nan,nan,nan
1779938880896804337,2026-05-28T10:28:00.896819,prediction,0.007387,0.045000,0.078095,True,0.069761,0.053814,0.084515,0.062374,0.008814,0.006420,3.73,20,-0.150759,0.260923,0.465359,0.000000,0.000000,0.000000,0.000000,0.000000,0.000000,nan,nan,nan,nan,nan,nan
1779938880932418918,2026-05-28T10:28:00.932436,prediction,0.011113,0.028000,0.076523,True,0.069434,0.041356,0.083692,0.058321,0.013356,0.007169,3.77,20,-0.150759,0.260923,0.465359,0.000000,0.000000,0.000000,0.000000,0.000000,0.000000,nan,nan,nan,nan,nan,nan
1779938880968031898,2026-05-28T10:28:00.968046,prediction,0.013657,0.039000,0.080557,True,0.066952,0.044581,0.086573,0.053295,0.005581,0.006016,3.95,20,-0.150759,0.260923,0.465359,0.000000,0.000000,0.000000,0.000000,0.000000,0.000000,nan,nan,nan,nan,nan,nan
1779938881007210017,2026-05-28T10:28:01.007224,prediction,0.016669,0.039000,0.083573,True,0.065903,0.050701,0.090947,0.049233,0.011701,0.007374,3.56,20,-0.149352,0.261859,0.466839,0.000000,0.000000,0.000000,0.000000,0.000000,0.000000,nan,nan,nan,nan,nan,nan
1779938881042282159,2026-05-28T10:28:01.042298,prediction,0.026727,0.077000,0.089918,True,0.069290,0.066701,0.095259,0.042563,0.010299,0.005341,3.77,20,-0.149352,0.261859,0.466839,0.000000,0.000000,0.000000,0.000000,0.000000,0.000000,nan,nan,nan,nan,nan,nan
1779938881072190235,2026-05-28T10:28:01.072208,prediction,0.027303,0.066000,0.091926,True,0.069443,0.078000,0.100324,0.042140,0.012000,0.008398,3.57,20,-0.148192,0.261434,0.469122,0.000000,0.000000,0.000000,0.000000,0.000000,0.000000,nan,nan,nan,nan,nan,nan
1779938881109523942,2026-05-28T10:28:01.109537,prediction,0.036207,0.066000,0.091926,True,0.069905,0.077778,0.100162,0.033698,0.011778,0.008235,3.48,20,-0.148192,0.261434,0.469122,0.000000,0.000000,0.000000,0.000000,0.000000,0.000000,nan,nan,nan,nan,nan,nan
1779938881143526526,2026-05-28T10:28:01.143542,prediction,0.038821,0.072000,0.092442,True,0.068616,0.093778,0.099610,0.029795,0.021778,0.007168,3.83,20,-0.147818,0.263062,0.471703,0.000000,0.000000,0.000000,0.000000,0.000000,0.000000,nan,nan,nan,nan,nan,nan
1779938881176538920,2026-05-28T10:28:01.176552,prediction,0.043804,0.087000,0.096669,True,0.071345,0.109778,0.105077,0.027541,0.022778,0.008409,3.65,20,-0.147818,0.263062,0.471703,0.000000,0.000000,0.000000,0.000000,0.000000,0.000000,nan,nan,nan,nan,nan,nan
1779938881211675722,2026-05-28T10:28:01.211690,prediction,0.049343,0.092000,0.100019,True,0.077126,0.120387,0.109062,0.027783,0.028387,0.009043,3.84,20,-0.146903,0.266507,0.474168,0.000000,0.000000,0.000000,0.000000,0.000000,0.000000,nan,nan,nan,nan,nan,nan
1779938881244779585,2026-05-28T10:28:01.244795,prediction,0.054781,0.098000,0.100515,True,0.081341,0.123757,0.109075,0.026560,0.025757,0.008560,3.80,20,-0.146903,0.266507,0.474168,0.000000,0.000000,0.000000,0.000000,0.000000,0.000000,nan,nan,nan,nan,nan,nan
1779938881279443331,2026-05-28T10:28:01.279459,prediction,0.064338,0.087000,0.102544,True,0.089903,0.117526,0.110435,0.025565,0.030526,0.007891,4.21,20,-0.147048,0.271493,0.476903,0.000000,0.000000,0.000000,0.000000,0.000000,0.000000,nan,nan,nan,nan,nan,nan
1779938881323372694,2026-05-28T10:28:01.323386,prediction,0.069914,0.128000,0.111605,True,0.084647,0.133526,0.119413,0.014734,0.005526,0.007808,3.48,20,-0.147726,0.276287,0.479159,0.000000,0.000000,0.000000,0.000000,0.000000,0.000000,nan,nan,nan,nan,nan,nan
1779938881363033662,2026-05-28T10:28:01.363050,prediction,0.079674,0.148000,0.118834,True,0.100647,0.149526,0.129741,0.020973,0.001526,0.010907,3.84,20,-0.147726,0.276287,0.479159,0.000000,0.000000,0.000000,0.000000,0.000000,0.000000,nan,nan,nan,nan,nan,nan
1779938881392671766,2026-05-28T10:28:01.392688,prediction,0.088625,0.143000,0.126999,True,0.116647,0.165526,0.139243,0.028022,0.022526,0.012244,3.84,20,-0.149079,0.282817,0.482682,0.000000,0.000000,0.000000,0.000000,0.000000,0.000000,nan,nan,nan,nan,nan,nan
1779938881442382223,2026-05-28T10:28:01.442397,prediction,0.100079,0.171000,0.134544,True,0.123842,0.181526,0.145168,0.023763,0.010526,0.010623,3.68,20,-0.149079,0.282817,0.482682,0.000000,0.000000,0.000000,0.000000,0.000000,0.000000,nan,nan,nan,nan,nan,nan
1779938881477375051,2026-05-28T10:28:01.477390,prediction,0.102317,0.204000,0.136730,True,0.122886,0.197526,0.146812,0.020569,0.006474,0.010083,3.80,20,-0.152085,0.290335,0.487216,0.000000,0.000000,0.000000,0.000000,0.000000,0.000000,nan,nan,nan,nan,nan,nan
1779938881508152029,2026-05-28T10:28:01.508167,prediction,0.112309,0.213000,0.140056,True,0.138544,0.213526,0.152127,0.026235,0.000526,0.012071,3.97,20,-0.152085,0.290335,0.487216,0.000000,0.000000,0.000000,0.000000,0.000000,0.000000,nan,nan,nan,nan,nan,nan
1779938881542173265,2026-05-28T10:28:01.542188,prediction,0.117013,0.195000,0.141654,True,0.150722,0.229526,0.155597,0.033709,0.034526,0.013943,3.49,20,-0.155990,0.298293,0.491810,0.000000,0.000000,0.000000,0.000000,0.000000,0.000000,nan,nan,nan,nan,nan,nan
1779938881576047656,2026-05-28T10:28:01.576063,prediction,0.120884,0.185000,0.141025,True,0.149574,0.245526,0.153312,0.028690,0.060526,0.012287,3.77,20,-0.155990,0.298293,0.491810,0.000000,0.000000,0.000000,0.000000,0.000000,0.000000,nan,nan,nan,nan,nan,nan
1779938881622062552,2026-05-28T10:28:01.622078,prediction,0.129732,0.204000,0.144966,True,0.151814,0.261526,0.153663,0.022081,0.057526,0.008697,6.60,20,-0.160284,0.306384,0.495869,0.000000,0.000000,0.000000,0.000000,0.000000,0.000000,nan,nan,nan,nan,nan,nan
1779938881674765293,2026-05-28T10:28:01.674782,prediction,0.133638,0.217000,0.145762,True,0.157164,0.277526,0.153975,0.023526,0.060526,0.008213,6.21,20,-0.164577,0.314615,0.499602,0.000000,0.000000,0.000000,0.000000,0.000000,0.000000,nan,nan,nan,nan,nan,nan
1779938881708217923,2026-05-28T10:28:01.708240,prediction,0.148405,0.208000,0.147950,True,0.173164,0.281167,0.157913,0.024759,0.073167,0.009964,3.69,20,-0.164577,0.314615,0.499602,0.000000,0.000000,0.000000,0.000000,0.000000,0.000000,nan,nan,nan,nan,nan,nan
1779938881745221007,2026-05-28T10:28:01.745237,prediction,0.158120,0.217000,0.148486,True,0.178789,0.295603,0.155648,0.020668,0.078603,0.007162,4.02,20,-0.168964,0.322949,0.502890,0.000000,0.000000,0.000000,0.000000,0.000000,0.000000,nan,nan,nan,nan,nan,nan
1779938881778628538,2026-05-28T10:28:01.778647,prediction,0.166434,0.235000,0.152254,True,0.184730,0.311603,0.157937,0.018296,0.076603,0.005683,4.13,20,-0.168964,0.322949,0.502890,0.000000,0.000000,0.000000,0.000000,0.000000,0.000000,nan,nan,nan,nan,nan,nan
1779938881811121955,2026-05-28T10:28:01.811141,prediction,0.175834,0.226000,0.154442,True,0.200730,0.323868,0.160125,0.024896,0.097868,0.005683,3.84,20,-0.173506,0.331358,0.505832,0.000000,0.000000,0.000000,0.000000,0.000000,0.000000,nan,nan,nan,nan,nan,nan
1779938881859409162,2026-05-28T10:28:01.859434,prediction,0.178613,0.261000,0.159066,True,0.198987,0.339868,0.164216,0.020374,0.078868,0.005150,7.01,20,-0.178196,0.339823,0.508682,0.000000,0.000000,0.000000,0.000000,0.000000,0.000000,nan,nan,nan,nan,nan,nan
1779938881926766949,2026-05-28T10:28:01.926788,prediction,0.190020,0.239000,0.160550,True,0.214987,0.332549,0.168650,0.024967,0.093549,0.008100,4.85,20,-0.182862,0.348175,0.511415,0.000000,0.000000,0.000000,0.000000,0.000000,0.000000,nan,nan,nan,nan,nan,nan
1779938881975187656,2026-05-28T10:28:01.975210,prediction,0.189793,0.290000,0.163257,True,0.202865,0.348549,0.165257,0.013071,0.058549,0.002001,8.07,20,-0.182862,0.348175,0.511415,0.000000,0.000000,0.000000,0.000000,0.000000,0.000000,nan,nan,nan,nan,nan,nan
1779938882016360136,2026-05-28T10:28:02.016384,prediction,0.191682,0.310000,0.166889,True,0.215793,0.364549,0.172604,0.024112,0.054549,0.005715,7.20,20,-0.187604,0.356558,0.513917,0.000000,0.000000,0.000000,0.000000,0.000000,0.000000,nan,nan,nan,nan,nan,nan
1779938882049504914,2026-05-28T10:28:02.049528,prediction,0.197493,0.306000,0.166684,True,0.229489,0.364803,0.175552,0.031996,0.058803,0.008868,7.18,20,-0.187604,0.356558,0.513917,0.000000,0.000000,0.000000,0.000000,0.000000,0.000000,nan,nan,nan,nan,nan,nan
1779938882081347594,2026-05-28T10:28:02.081368,prediction,0.205695,0.273000,0.162354,True,0.236584,0.353263,0.170815,0.030889,0.080263,0.008461,4.19,20,-0.192325,0.365114,0.516198,0.000000,0.000000,0.000000,0.000000,0.000000,0.000000,nan,nan,nan,nan,nan,nan
1779938882120451334,2026-05-28T10:28:02.120473,prediction,0.212489,0.294000,0.160872,True,0.227000,0.369263,0.165967,0.014511,0.075263,0.005095,5.98,20,-0.197048,0.373641,0.518347,0.000000,0.000000,0.000000,0.000000,0.000000,0.000000,nan,nan,nan,nan,nan,nan
1779938882158585558,2026-05-28T10:28:02.158605,prediction,0.217677,0.294000,0.160872,True,0.231205,0.384554,0.166547,0.013528,0.090554,0.005676,6.88,20,-0.197048,0.373641,0.518347,0.000000,0.000000,0.000000,0.000000,0.000000,0.000000,nan,nan,nan,nan,nan,nan
1779938882195339657,2026-05-28T10:28:02.195368,prediction,0.224717,0.298000,0.158499,True,0.244471,0.377046,0.165381,0.019753,0.079046,0.006882,7.21,20,-0.201734,0.382294,0.520259,0.000000,0.000000,0.000000,0.000000,0.000000,0.000000,nan,nan,nan,nan,nan,nan
1779938882226103369,2026-05-28T10:28:02.226129,prediction,0.223857,0.330000,0.155226,True,0.236429,0.393046,0.158207,0.012572,0.063046,0.002981,5.48,20,-0.201734,0.382294,0.520259,0.000000,0.000000,0.000000,0.000000,0.000000,0.000000,nan,nan,nan,nan,nan,nan
1779938882258674036,2026-05-28T10:28:02.258694,prediction,0.220685,0.360000,0.152037,True,0.232142,0.409046,0.154127,0.011457,0.049046,0.002090,4.54,20,-0.206440,0.390960,0.521967,0.000000,0.000000,0.000000,0.000000,0.000000,0.000000,nan,nan,nan,nan,nan,nan
1779938882293163916,2026-05-28T10:28:02.293185,prediction,0.216691,0.368000,0.147589,True,0.230486,0.425046,0.149476,0.013795,0.057046,0.001887,3.70,20,-0.206440,0.390960,0.521967,0.000000,0.000000,0.000000,0.000000,0.000000,0.000000,nan,nan,nan,nan,nan,nan
1779938882331733359,2026-05-28T10:28:02.331756,prediction,0.221256,0.357000,0.144367,True,0.239134,0.412034,0.145945,0.017878,0.055034,0.001578,3.86,20,-0.211088,0.399628,0.523454,0.000000,0.000000,0.000000,0.000000,0.000000,0.000000,nan,nan,nan,nan,nan,nan
1779938882373419180,2026-05-28T10:28:02.373439,prediction,0.223171,0.360000,0.139592,True,0.233050,0.417137,0.136185,0.009880,0.057137,0.003407,7.11,20,-0.211088,0.399628,0.523454,0.000000,0.000000,0.000000,0.000000,0.000000,0.000000,nan,nan,nan,nan,nan,nan
1779938882405407846,2026-05-28T10:28:02.405429,prediction,0.221636,0.368000,0.140161,True,0.224056,0.433137,0.135281,0.002420,0.065137,0.004880,6.63,20,-0.215926,0.408867,0.524770,0.000000,0.000000,0.000000,0.000000,0.000000,0.000000,nan,nan,nan,nan,nan,nan
1779938882438147964,2026-05-28T10:28:02.438168,prediction,0.220921,0.397000,0.142224,True,0.222331,0.449137,0.136595,0.001410,0.052137,0.005629,7.08,20,-0.215926,0.408867,0.524770,0.000000,0.000000,0.000000,0.000000,0.000000,0.000000,nan,nan,nan,nan,nan,nan
1779938882473956297,2026-05-28T10:28:02.473977,prediction,0.228996,0.393000,0.141940,True,0.238331,0.449349,0.137721,0.009335,0.056349,0.004219,7.54,20,-0.220136,0.417367,0.525706,0.000000,0.000000,0.000000,0.000000,0.000000,0.000000,nan,nan,nan,nan,nan,nan
1779938882516296218,2026-05-28T10:28:02.516335,prediction,0.227192,0.414000,0.141034,True,0.231431,0.465223,0.132745,0.004240,0.051223,0.008288,5.14,20,-0.220136,0.417367,0.525706,0.000000,0.000000,0.000000,0.000000,0.000000,0.000000,nan,nan,nan,nan,nan,nan
1779938882547099040,2026-05-28T10:28:02.547119,prediction,0.234036,0.404000,0.137889,True,0.247431,0.467883,0.131457,0.013396,0.063883,0.006432,3.67,20,-0.224399,0.426393,0.526412,0.000000,0.000000,0.000000,0.000000,0.000000,0.000000,nan,nan,nan,nan,nan,nan
1779938882580615941,2026-05-28T10:28:02.580638,prediction,0.228775,0.418000,0.134143,True,0.243765,0.483883,0.126713,0.014989,0.065883,0.007431,3.97,20,-0.224399,0.426393,0.526412,0.000000,0.000000,0.000000,0.000000,0.000000,0.000000,nan,nan,nan,nan,nan,nan
1779938882614070147,2026-05-28T10:28:02.614087,prediction,0.235003,0.411000,0.131194,True,0.259765,0.473574,0.126892,0.024762,0.062574,0.004302,6.49,20,-0.228497,0.435467,0.526792,0.000000,0.000000,0.000000,0.000000,0.000000,0.000000,nan,nan,nan,nan,nan,nan
1779938882645358639,2026-05-28T10:28:02.645376,prediction,0.237708,0.421000,0.131988,True,0.264133,0.480904,0.126691,0.026425,0.059904,0.005297,4.08,20,-0.228497,0.435467,0.526792,0.000000,0.000000,0.000000,0.000000,0.000000,0.000000,nan,nan,nan,nan,nan,nan
1779938882678686834,2026-05-28T10:28:02.678708,prediction,0.241574,0.414000,0.129032,True,0.269273,0.480510,0.122384,0.027699,0.066510,0.006648,4.04,20,-0.232493,0.444642,0.526878,0.000000,0.000000,0.000000,0.000000,0.000000,0.000000,nan,nan,nan,nan,nan,nan
1779938882709206012,2026-05-28T10:28:02.709226,prediction,0.237131,0.435000,0.128367,True,0.255631,0.496510,0.119116,0.018499,0.061510,0.009251,3.97,20,-0.232493,0.444642,0.526878,0.000000,0.000000,0.000000,0.000000,0.000000,0.000000,nan,nan,nan,nan,nan,nan
1779938882744005779,2026-05-28T10:28:02.744027,prediction,0.242479,0.421000,0.120043,True,0.268707,0.485221,0.112099,0.026229,0.064221,0.007945,3.68,20,-0.236369,0.453853,0.526686,0.000000,0.000000,0.000000,0.000000,0.000000,0.000000,nan,nan,nan,nan,nan,nan
1779938882776108468,2026-05-28T10:28:02.776132,prediction,0.240986,0.428000,0.115902,True,0.268278,0.486868,0.104475,0.027292,0.058868,0.011427,3.73,20,-0.236369,0.453853,0.526686,0.000000,0.000000,0.000000,0.000000,0.000000,0.000000,nan,nan,nan,nan,nan,nan
1779938882809772652,2026-05-28T10:28:02.809797,prediction,0.242920,0.441000,0.114727,True,0.266871,0.502868,0.102922,0.023951,0.061868,0.011805,4.30,20,-0.240183,0.463106,0.526222,0.000000,0.000000,0.000000,0.000000,0.000000,0.000000,nan,nan,nan,nan,nan,nan
1779938882841242375,2026-05-28T10:28:02.841259,prediction,0.247454,0.431000,0.104312,True,0.273951,0.500552,0.092173,0.026497,0.069552,0.012140,3.87,20,-0.240183,0.463106,0.526222,0.000000,0.000000,0.000000,0.000000,0.000000,0.000000,nan,nan,nan,nan,nan,nan
1779938882876686849,2026-05-28T10:28:02.876700,prediction,0.242054,0.445000,0.103350,True,0.262015,0.513007,0.085906,0.019961,0.068007,0.017443,3.92,20,-0.243957,0.472323,0.525497,0.000000,0.000000,0.000000,0.000000,0.000000,0.000000,nan,nan,nan,nan,nan,nan
1779938882910123903,2026-05-28T10:28:02.910140,prediction,0.242054,0.445000,0.101000,True,0.269849,0.510285,0.086476,0.027795,0.065285,0.014525,4.01,20,-0.243957,0.472323,0.525497,0.000000,0.000000,0.000000,0.000000,0.000000,0.000000,nan,nan,nan,nan,nan,nan
1779938882941763433,2026-05-28T10:28:02.941782,prediction,0.242054,0.445000,0.098651,True,0.270081,0.505994,0.082799,0.028027,0.060994,0.015852,3.92,20,-0.247719,0.481515,0.524524,0.000000,0.000000,0.000000,0.000000,0.000000,0.000000,nan,nan,nan,nan,nan,nan
1779938882975303237,2026-05-28T10:28:02.975320,prediction,0.242920,0.441000,0.091167,True,0.270312,0.497658,0.072232,0.027392,0.056658,0.018935,4.05,20,-0.247719,0.481515,0.524524,0.000000,0.000000,0.000000,0.000000,0.000000,0.000000,nan,nan,nan,nan,nan,nan
1779938883007162343,2026-05-28T10:28:03.007182,prediction,0.241212,0.438000,0.086118,True,0.264783,0.487921,0.065412,0.023571,0.049921,0.020706,3.91,20,-0.251532,0.490727,0.523269,0.000000,0.000000,0.000000,0.000000,0.000000,0.000000,nan,nan,nan,nan,nan,nan
1779938883037847388,2026-05-28T10:28:03.037867,prediction,0.240347,0.431000,0.082960,True,0.260808,0.475401,0.064038,0.020461,0.044401,0.018923,3.95,20,-0.251532,0.490727,0.523269,0.000000,0.000000,0.000000,0.000000,0.000000,0.000000,nan,nan,nan,nan,nan,nan
1779938883069851811,2026-05-28T10:28:03.069873,prediction,0.240728,0.418000,0.076693,True,0.261968,0.459401,0.058181,0.021240,0.041401,0.018512,3.87,20,-0.255307,0.499847,0.521694,0.000000,0.000000,0.000000,0.000000,0.000000,0.000000,nan,nan,nan,nan,nan,nan
1779938883105769945,2026-05-28T10:28:03.105792,prediction,0.238337,0.418000,0.071905,True,0.254386,0.446668,0.049655,0.016049,0.028668,0.022250,3.75,20,-0.255307,0.499847,0.521694,0.000000,0.000000,0.000000,0.000000,0.000000,0.000000,nan,nan,nan,nan,nan,nan
1779938883138863439,2026-05-28T10:28:03.138882,prediction,0.239177,0.414000,0.069023,True,0.256384,0.430668,0.048136,0.017207,0.016668,0.020887,3.84,20,-0.259031,0.508896,0.519748,0.000000,0.000000,0.000000,0.000000,0.000000,0.000000,nan,nan,nan,nan,nan,nan
1779938883168912813,2026-05-28T10:28:03.168934,prediction,0.235322,0.421000,0.067489,True,0.248916,0.427557,0.048298,0.013594,0.006557,0.019191,4.00,20,-0.259031,0.508896,0.519748,0.000000,0.000000,0.000000,0.000000,0.000000,0.000000,nan,nan,nan,nan,nan,nan
1779938883199007771,2026-05-28T10:28:03.199026,prediction,0.235322,0.421000,0.067489,True,0.251044,0.416137,0.051357,0.015722,0.004863,0.016132,3.73,20,-0.262691,0.517927,0.517335,0.000000,0.000000,0.000000,0.000000,0.000000,0.000000,nan,nan,nan,nan,nan,nan
1779938883230626093,2026-05-28T10:28:03.230647,prediction,0.233864,0.428000,0.065977,True,0.246574,0.416483,0.049138,0.012710,0.011517,0.016839,3.95,20,-0.262691,0.517927,0.517335,0.000000,0.000000,0.000000,0.000000,0.000000,0.000000,nan,nan,nan,nan,nan,nan
1779938883264173081,2026-05-28T10:28:03.264188,prediction,0.240321,0.397000,0.064519,True,0.259029,0.400483,0.051878,0.018708,0.003483,0.012641,6.30,20,-0.266290,0.526773,0.514477,0.000000,0.000000,0.000000,0.000000,0.000000,0.000000,nan,nan,nan,nan,nan,nan
1779938883294992900,2026-05-28T10:28:03.295009,prediction,0.231781,0.438000,0.069592,True,0.243029,0.416483,0.055689,0.011248,0.021517,0.013903,6.37,20,-0.266290,0.526773,0.514477,0.000000,0.000000,0.000000,0.000000,0.000000,0.000000,nan,nan,nan,nan,nan,nan
1779938883329866918,2026-05-28T10:28:03.329883,prediction,0.235322,0.421000,0.067489,True,0.259029,0.407113,0.061997,0.023707,0.013887,0.005491,6.71,20,-0.269886,0.535473,0.511169,0.000000,0.000000,0.000000,0.000000,0.000000,0.000000,nan,nan,nan,nan,nan,nan
1779938883362303718,2026-05-28T10:28:03.362323,prediction,0.232936,0.421000,0.067489,True,0.266657,0.394927,0.062626,0.033721,0.026073,0.004863,7.01,20,-0.269886,0.535473,0.511169,0.000000,0.000000,0.000000,0.000000,0.000000,0.000000,nan,nan,nan,nan,nan,nan
1779938883397637252,2026-05-28T10:28:03.397657,prediction,0.237276,0.400000,0.064891,True,0.275468,0.378927,0.062759,0.038192,0.021073,0.002132,6.58,20,-0.273597,0.544018,0.507460,0.000000,0.000000,0.000000,0.000000,0.000000,0.000000,nan,nan,nan,nan,nan,nan
1779938883430531304,2026-05-28T10:28:03.430552,prediction,0.235003,0.411000,0.066251,True,0.262017,0.390738,0.064098,0.027014,0.020262,0.002153,6.52,20,-0.273597,0.544018,0.507460,0.000000,0.000000,0.000000,0.000000,0.000000,0.000000,nan,nan,nan,nan,nan,nan
1779938883458656443,2026-05-28T10:28:03.458677,prediction,0.235003,0.411000,0.066251,True,0.260510,0.397131,0.064942,0.025507,0.013869,0.001310,4.81,20,-0.277532,0.552249,0.503329,0.000000,0.000000,0.000000,0.000000,0.000000,0.000000,nan,nan,nan,nan,nan,nan
1779938883491033455,2026-05-28T10:28:03.491054,prediction,0.235829,0.407000,0.065757,True,0.264899,0.383879,0.065825,0.029069,0.023121,0.000069,4.58,20,-0.277532,0.552249,0.503329,0.000000,0.000000,0.000000,0.000000,0.000000,0.000000,nan,nan,nan,nan,nan,nan
1779938883525400989,2026-05-28T10:28:03.525421,prediction,0.233421,0.407000,0.065757,True,0.256175,0.376259,0.064009,0.022754,0.030741,0.001747,3.91,20,-0.281732,0.560056,0.498800,0.000000,0.000000,0.000000,0.000000,0.000000,0.000000,nan,nan,nan,nan,nan,nan
1779938883557548850,2026-05-28T10:28:03.557564,prediction,0.235471,0.397000,0.064519,True,0.257993,0.365402,0.064829,0.022522,0.031598,0.000310,4.43,20,-0.281732,0.560056,0.498800,0.000000,0.000000,0.000000,0.000000,0.000000,0.000000,nan,nan,nan,nan,nan,nan
1779938883593841386,2026-05-28T10:28:03.593861,prediction,0.231166,0.418000,0.067118,True,0.241993,0.381402,0.065492,0.010827,0.036598,0.001625,6.37,20,-0.286349,0.567402,0.493796,0.000000,0.000000,0.000000,0.000000,0.000000,0.000000,nan,nan,nan,nan,nan,nan
1779938883627570355,2026-05-28T10:28:03.627591,prediction,0.231986,0.414000,0.069023,True,0.249013,0.380165,0.072269,0.017027,0.033835,0.003246,6.34,20,-0.286349,0.567402,0.493796,0.000000,0.000000,0.000000,0.000000,0.000000,0.000000,nan,nan,nan,nan,nan,nan
1779938883659727001,2026-05-28T10:28:03.659747,prediction,0.235471,0.397000,0.066948,True,0.254185,0.364165,0.071919,0.018714,0.032835,0.004972,6.46,20,-0.291369,0.574194,0.488463,0.000000,0.000000,0.000000,0.000000,0.000000,0.000000,nan,nan,nan,nan,nan,nan
1779938883696685670,2026-05-28T10:28:03.696703,prediction,0.231166,0.418000,0.069511,True,0.238185,0.380165,0.071740,0.007019,0.037835,0.002229,3.48,20,-0.291369,0.574194,0.488463,0.000000,0.000000,0.000000,0.000000,0.000000,0.000000,nan,nan,nan,nan,nan,nan
1779938883725843802,2026-05-28T10:28:03.725868,prediction,0.236906,0.390000,0.066093,True,0.251292,0.364601,0.073084,0.014386,0.025399,0.006991,3.54,20,-0.296886,0.580406,0.482937,0.000000,0.000000,0.000000,0.000000,0.000000,0.000000,nan,nan,nan,nan,nan,nan
1779938883756569960,2026-05-28T10:28:03.756583,prediction,0.234856,0.400000,0.067314,True,0.249363,0.361207,0.071695,0.014508,0.038793,0.004381,3.43,20,-0.296886,0.580406,0.482937,0.000000,0.000000,0.000000,0.000000,0.000000,0.000000,nan,nan,nan,nan,nan,nan
1779938883793070620,2026-05-28T10:28:03.793085,prediction,0.234036,0.404000,0.067802,True,0.253176,0.361753,0.075504,0.019140,0.042247,0.007702,3.76,20,-0.302995,0.586036,0.477275,0.000000,0.000000,0.000000,0.000000,0.000000,0.000000,nan,nan,nan,nan,nan,nan
1779938883824140064,2026-05-28T10:28:03.824163,prediction,0.234856,0.400000,0.067314,True,0.252007,0.362451,0.074245,0.017151,0.037549,0.006932,3.96,20,-0.302995,0.586036,0.477275,0.000000,0.000000,0.000000,0.000000,0.000000,0.000000,nan,nan,nan,nan,nan,nan
1779938883859870965,2026-05-28T10:28:03.859885,prediction,0.232601,0.411000,0.068657,True,0.242102,0.375288,0.072786,0.009501,0.035712,0.004129,5.93,20,-0.309822,0.590561,0.471537,0.000000,0.000000,0.000000,0.000000,0.000000,0.000000,nan,nan,nan,nan,nan,nan
1779938883889089522,2026-05-28T10:28:03.889110,prediction,0.232601,0.411000,0.068657,True,0.245136,0.369276,0.075785,0.012535,0.041724,0.007129,4.87,20,-0.309822,0.590561,0.471537,0.000000,0.000000,0.000000,0.000000,0.000000,0.000000,nan,nan,nan,nan,nan,nan
1779938883922275342,2026-05-28T10:28:03.922295,prediction,0.230551,0.421000,0.069878,True,0.237177,0.385276,0.075542,0.006626,0.035724,0.005665,4.27,20,-0.316886,0.593639,0.465188,0.000000,0.000000,0.000000,0.000000,0.000000,0.000000,nan,nan,nan,nan,nan,nan
1779938883959731114,2026-05-28T10:28:03.959751,prediction,0.235471,0.397000,0.066948,True,0.249239,0.369276,0.074972,0.013768,0.027724,0.008024,3.96,20,-0.316886,0.593639,0.465188,0.000000,0.000000,0.000000,0.000000,0.000000,0.000000,nan,nan,nan,nan,nan,nan
1779938883989814777,2026-05-28T10:28:03.989835,prediction,0.232601,0.411000,0.068657,True,0.238753,0.377913,0.072335,0.006152,0.033087,0.003679,4.12,20,-0.322757,0.595014,0.459558,0.000000,0.000000,0.000000,0.000000,0.000000,0.000000,nan,nan,nan,nan,nan,nan
1779938884021392460,2026-05-28T10:28:04.021410,prediction,0.233421,0.407000,0.068168,True,0.246720,0.376322,0.074547,0.013299,0.030678,0.006379,4.20,20,-0.322757,0.595014,0.459558,0.000000,0.000000,0.000000,0.000000,0.000000,0.000000,nan,nan,nan,nan,nan,nan
1779938884054158491,2026-05-28T10:28:04.054174,prediction,0.235283,0.386000,0.068051,True,0.255853,0.360322,0.075638,0.020570,0.025678,0.007587,4.14,20,-0.327110,0.595083,0.454939,0.000000,0.000000,0.000000,0.000000,0.000000,0.000000,nan,nan,nan,nan,nan,nan
1779938884105030900,2026-05-28T10:28:04.105049,prediction,0.235471,0.397000,0.066948,True,0.248122,0.360776,0.070297,0.012651,0.036224,0.003349,3.36,20,-0.327110,0.595083,0.454939,0.000000,0.000000,0.000000,0.000000,0.000000,0.000000,nan,nan,nan,nan,nan,nan
1779938884150378507,2026-05-28T10:28:04.150400,prediction,0.235471,0.397000,0.069376,True,0.249013,0.363027,0.076181,0.013542,0.033973,0.006805,4.06,20,-0.322432,0.590817,0.458658,0.000000,0.000000,0.000000,0.000000,0.000000,0.000000,nan,nan,nan,nan,nan,nan
1779938884184291347,2026-05-28T10:28:04.184311,prediction,0.234856,0.400000,0.069737,True,0.245352,0.362225,0.076103,0.010496,0.037776,0.006366,4.07,20,-0.322432,0.590817,0.458658,0.000000,0.000000,0.000000,0.000000,0.000000,0.000000,nan,nan,nan,nan,nan,nan
1779938884215801266,2026-05-28T10:28:04.215827,prediction,0.233421,0.407000,0.070580,True,0.244212,0.361035,0.077577,0.010791,0.045966,0.006997,3.58,20,-0.322768,0.588735,0.459512,0.000000,0.000000,0.000000,0.000000,0.000000,0.000000,nan,nan,nan,nan,nan,nan
1779938884247128021,2026-05-28T10:28:04.247144,prediction,0.233046,0.397000,0.069376,True,0.243203,0.354600,0.076319,0.010157,0.042400,0.006943,3.87,20,-0.322768,0.588735,0.459512,0.000000,0.000000,0.000000,0.000000,0.000000,0.000000,nan,nan,nan,nan,nan,nan
1779938884275883364,2026-05-28T10:28:04.275923,prediction,0.231012,0.407000,0.070580,True,0.233152,0.366671,0.075630,0.002140,0.040329,0.005050,3.55,20,-0.322002,0.585256,0.460419,0.000000,0.000000,0.000000,0.000000,0.000000,0.000000,nan,nan,nan,nan,nan,nan
1779938884304749226,2026-05-28T10:28:04.304769,prediction,0.232436,0.400000,0.069737,True,0.239347,0.361585,0.077342,0.006911,0.038415,0.007605,3.37,20,-0.322002,0.585256,0.460419,0.000000,0.000000,0.000000,0.000000,0.000000,0.000000,nan,nan,nan,nan,nan,nan
1779938884345389840,2026-05-28T10:28:04.345417,prediction,0.231012,0.407000,0.070580,True,0.235882,0.366452,0.076458,0.004870,0.040549,0.005877,3.89,20,-0.319974,0.583542,0.461003,0.000000,0.000000,0.000000,0.000000,0.000000,0.000000,nan,nan,nan,nan,nan,nan
1779938884375646525,2026-05-28T10:28:04.375667,prediction,0.233859,0.393000,0.068894,True,0.243718,0.350960,0.076254,0.009859,0.042040,0.007360,3.78,20,-0.319974,0.583542,0.461003,0.000000,0.000000,0.000000,0.000000,0.000000,0.000000,nan,nan,nan,nan,nan,nan
1779938884406398683,2026-05-28T10:28:04.406421,prediction,0.231012,0.407000,0.070580,True,0.233967,0.366960,0.075536,0.002954,0.040041,0.004955,4.02,20,-0.318340,0.583939,0.461048,0.000000,0.000000,0.000000,0.000000,0.000000,0.000000,nan,nan,nan,nan,nan,nan
1779938884436899548,2026-05-28T10:28:04.436933,prediction,0.227352,0.425000,0.072748,True,0.229271,0.382960,0.078701,0.001919,0.042041,0.005953,4.06,20,-0.318340,0.583939,0.461048,0.000000,0.000000,0.000000,0.000000,0.000000,0.000000,nan,nan,nan,nan,nan,nan
1779938884466273520,2026-05-28T10:28:04.466295,prediction,0.233859,0.393000,0.068894,True,0.243972,0.370736,0.079039,0.010113,0.022264,0.010145,3.68,20,-0.317257,0.584988,0.461629,0.000000,0.000000,0.000000,0.000000,0.000000,0.000000,nan,nan,nan,nan,nan,nan
1779938884496040159,2026-05-28T10:28:04.496061,prediction,0.234036,0.404000,0.070219,True,0.237214,0.372045,0.075254,0.003178,0.031955,0.005035,3.62,20,-0.317257,0.584988,0.461629,0.000000,0.000000,0.000000,0.000000,0.000000,0.000000,nan,nan,nan,nan,nan,nan
1779938884528293655,2026-05-28T10:28:04.528313,prediction,0.234036,0.404000,0.070219,True,0.240888,0.385396,0.078521,0.006852,0.018604,0.008302,3.82,20,-0.317947,0.584320,0.461259,0.000000,0.000000,0.000000,0.000000,0.000000,0.000000,nan,nan,nan,nan,nan,nan
1779938884557610252,2026-05-28T10:28:04.557627,prediction,0.234469,0.390000,0.068533,True,0.244459,0.375766,0.077601,0.009989,0.014234,0.009068,3.49,20,-0.317947,0.584320,0.461259,0.000000,0.000000,0.000000,0.000000,0.000000,0.000000,nan,nan,nan,nan,nan,nan
1779938884587566153,2026-05-28T10:28:04.587585,prediction,0.232601,0.411000,0.073467,True,0.237112,0.388924,0.081979,0.004511,0.022076,0.008512,3.78,20,-0.316357,0.583340,0.462484,0.000000,0.000000,0.000000,0.000000,0.000000,0.000000,nan,nan,nan,nan,nan,nan
1779938884632279775,2026-05-28T10:28:04.632307,prediction,0.234856,0.400000,0.069737,True,0.245520,0.381759,0.079953,0.010664,0.018241,0.010215,3.99,20,-0.316357,0.583340,0.462484,0.000000,0.000000,0.000000,0.000000,0.000000,0.000000,nan,nan,nan,nan,nan,nan
1779938884670316607,2026-05-28T10:28:04.670338,prediction,0.233421,0.407000,0.070580,True,0.239225,0.387594,0.076440,0.005804,0.019406,0.005860,4.30,20,-0.314780,0.584304,0.463085,0.000000,0.000000,0.000000,0.000000,0.000000,0.000000,nan,nan,nan,nan,nan,nan
1779938884704557380,2026-05-28T10:28:04.704579,prediction,0.232601,0.411000,0.071062,True,0.241299,0.392306,0.078748,0.008698,0.018694,0.007686,4.01,20,-0.314780,0.584304,0.463085,0.000000,0.000000,0.000000,0.000000,0.000000,0.000000,nan,nan,nan,nan,nan,nan
1779938884734314116,2026-05-28T10:28:04.734335,prediction,0.236291,0.393000,0.068894,True,0.249504,0.376306,0.077505,0.013213,0.016694,0.008611,3.75,20,-0.314301,0.587167,0.463417,0.000000,0.000000,0.000000,0.000000,0.000000,0.000000,nan,nan,nan,nan,nan,nan
1779938884769009668,2026-05-28T10:28:04.769030,prediction,0.231622,0.404000,0.072636,True,0.237850,0.382152,0.077928,0.006228,0.021848,0.005292,4.23,20,-0.314301,0.587167,0.463417,0.000000,0.000000,0.000000,0.000000,0.000000,0.000000,nan,nan,nan,nan,nan,nan
1779938884798207849,2026-05-28T10:28:04.798227,prediction,0.235471,0.397000,0.069376,True,0.251982,0.376451,0.074939,0.016511,0.020549,0.005563,3.64,20,-0.315417,0.590706,0.463511,0.000000,0.000000,0.000000,0.000000,0.000000,0.000000,nan,nan,nan,nan,nan,nan
1779938884834474067,2026-05-28T10:28:04.834502,prediction,0.234856,0.400000,0.069737,True,0.254957,0.377617,0.072483,0.020101,0.022383,0.002746,3.92,20,-0.315417,0.590706,0.463511,0.000000,0.000000,0.000000,0.000000,0.000000,0.000000,nan,nan,nan,nan,nan,nan
1779938884870154101,2026-05-28T10:28:04.870174,prediction,0.231986,0.414000,0.071423,True,0.250832,0.391122,0.075374,0.018846,0.022878,0.003951,4.16,20,-0.317545,0.593368,0.463093,0.000000,0.000000,0.000000,0.000000,0.000000,0.000000,nan,nan,nan,nan,nan,nan
1779938884899816126,2026-05-28T10:28:04.899835,prediction,0.236291,0.393000,0.068894,True,0.259955,0.375122,0.075433,0.023664,0.017878,0.006539,3.93,20,-0.317545,0.593368,0.463093,0.000000,0.000000,0.000000,0.000000,0.000000,0.000000,nan,nan,nan,nan,nan,nan
1779938884929130592,2026-05-28T10:28:04.929146,prediction,0.234036,0.404000,0.070219,True,0.249354,0.379252,0.071869,0.015318,0.024748,0.001650,3.63,20,-0.319833,0.595499,0.463044,0.000000,0.000000,0.000000,0.000000,0.000000,0.000000,nan,nan,nan,nan,nan,nan
1779938884964218892,2026-05-28T10:28:04.964236,prediction,0.234036,0.404000,0.070219,True,0.253449,0.381837,0.074080,0.019414,0.022163,0.003861,3.64,20,-0.319833,0.595499,0.463044,0.000000,0.000000,0.000000,0.000000,0.000000,0.000000,nan,nan,nan,nan,nan,nan
1779938885005751604,2026-05-28T10:28:05.005773,prediction,0.231986,0.414000,0.071423,True,0.248996,0.387975,0.075840,0.017010,0.026025,0.004417,3.84,20,-0.322112,0.597088,0.462035,0.000000,0.000000,0.000000,0.000000,0.000000,0.000000,nan,nan,nan,nan,nan,nan
1779938885038214462,2026-05-28T10:28:05.038231,prediction,0.232601,0.411000,0.071062,True,0.251860,0.384492,0.076336,0.019259,0.026508,0.005274,4.05,20,-0.322112,0.597088,0.462035,0.000000,0.000000,0.000000,0.000000,0.000000,0.000000,nan,nan,nan,nan,nan,nan
1779938885069499251,2026-05-28T10:28:05.069520,prediction,0.231166,0.418000,0.071905,True,0.245909,0.389789,0.075651,0.014743,0.028211,0.003746,4.24,20,-0.323568,0.598918,0.462340,0.000000,0.000000,0.000000,0.000000,0.000000,0.000000,nan,nan,nan,nan,nan,nan
1779938885106838960,2026-05-28T10:28:05.106857,prediction,0.236291,0.393000,0.071329,True,0.253985,0.373789,0.076780,0.017694,0.019211,0.005451,3.68,20,-0.323568,0.598918,0.462340,0.000000,0.000000,0.000000,0.000000,0.000000,0.000000,nan,nan,nan,nan,nan,nan
1779938885137003533,2026-05-28T10:28:05.137036,prediction,0.231986,0.414000,0.071423,True,0.238726,0.389789,0.072967,0.006740,0.024211,0.001544,3.92,20,-0.324680,0.599857,0.461050,0.000000,0.000000,0.000000,0.000000,0.000000,0.000000,nan,nan,nan,nan,nan,nan
1779938885169505288,2026-05-28T10:28:05.169539,prediction,0.234856,0.400000,0.072161,True,0.249491,0.379110,0.077774,0.014635,0.020890,0.005614,6.40,20,-0.324680,0.599857,0.461050,0.000000,0.000000,0.000000,0.000000,0.000000,0.000000,nan,nan,nan,nan,nan,nan
1779938885201197296,2026-05-28T10:28:05.201229,prediction,0.228501,0.431000,0.075843,True,0.236416,0.395110,0.079883,0.007915,0.035890,0.004040,6.28,20,-0.324054,0.599328,0.461777,0.000000,0.000000,0.000000,0.000000,0.000000,0.000000,nan,nan,nan,nan,nan,nan
1779938885233342192,2026-05-28T10:28:05.233363,prediction,0.234036,0.404000,0.072636,True,0.252416,0.385210,0.081242,0.018380,0.018790,0.008606,3.87,20,-0.324054,0.599328,0.461777,0.000000,0.000000,0.000000,0.000000,0.000000,0.000000,nan,nan,nan,nan,nan,nan
1779938885267180563,2026-05-28T10:28:05.267203,prediction,0.231986,0.414000,0.071423,True,0.247853,0.387077,0.076274,0.015867,0.026923,0.004850,3.95,20,-0.324567,0.601239,0.460926,0.000000,0.000000,0.000000,0.000000,0.000000,0.000000,nan,nan,nan,nan,nan,nan
1779938885299574824,2026-05-28T10:28:05.299596,prediction,0.232601,0.411000,0.071062,True,0.249654,0.396368,0.077809,0.017053,0.014632,0.006747,4.47,20,-0.324567,0.601239,0.460926,0.000000,0.000000,0.000000,0.000000,0.000000,0.000000,nan,nan,nan,nan,nan,nan
1779938885327885966,2026-05-28T10:28:05.327913,prediction,0.231622,0.404000,0.070219,True,0.250048,0.388847,0.078634,0.018426,0.015153,0.008415,3.66,20,-0.324303,0.600258,0.461363,0.000000,0.000000,0.000000,0.000000,0.000000,0.000000,nan,nan,nan,nan,nan,nan
1779938885360307298,2026-05-28T10:28:05.360328,prediction,0.231622,0.404000,0.070219,True,0.245505,0.383620,0.075694,0.013882,0.020380,0.005475,4.06,20,-0.324303,0.600258,0.461363,0.000000,0.000000,0.000000,0.000000,0.000000,0.000000,nan,nan,nan,nan,nan,nan
1779938885403847978,2026-05-28T10:28:05.403870,prediction,0.230199,0.411000,0.071062,True,0.240583,0.389988,0.076096,0.010384,0.021012,0.005034,4.11,20,-0.325078,0.601988,0.462552,0.000000,0.000000,0.000000,0.000000,0.000000,0.000000,nan,nan,nan,nan,nan,nan
1779938885433775270,2026-05-28T10:28:05.433801,prediction,0.227352,0.425000,0.072748,True,0.229853,0.405988,0.076420,0.002501,0.019012,0.003672,3.72,20,-0.325078,0.601988,0.462552,0.000000,0.000000,0.000000,0.000000,0.000000,0.000000,nan,nan,nan,nan,nan,nan
1779938885475582530,2026-05-28T10:28:05.475603,prediction,0.229589,0.414000,0.071423,True,0.237303,0.398361,0.077506,0.007714,0.015639,0.006083,4.00,20,-0.323741,0.603539,0.463067,0.000000,0.000000,0.000000,0.000000,0.000000,0.000000,nan,nan,nan,nan,nan,nan
1779938885510093318,2026-05-28T10:28:05.510109,prediction,0.226742,0.428000,0.073109,True,0.228950,0.407268,0.076352,0.002208,0.020733,0.003243,3.96,20,-0.323741,0.603539,0.463067,0.000000,0.000000,0.000000,0.000000,0.000000,0.000000,nan,nan,nan,nan,nan,nan
1779938885543427204,2026-05-28T10:28:05.543447,prediction,0.226132,0.431000,0.075843,True,0.231088,0.415270,0.081951,0.004956,0.015730,0.006108,3.79,20,-0.320295,0.604890,0.462926,0.000000,0.000000,0.000000,0.000000,0.000000,0.000000,nan,nan,nan,nan,nan,nan
1779938885577798995,2026-05-28T10:28:05.577814,prediction,0.227352,0.425000,0.075130,True,0.234458,0.411794,0.081771,0.007106,0.013206,0.006641,3.74,20,-0.320295,0.604890,0.462926,0.000000,0.000000,0.000000,0.000000,0.000000,0.000000,nan,nan,nan,nan,nan,nan
1779938885623181275,2026-05-28T10:28:05.623197,prediction,0.227352,0.425000,0.075130,True,0.232299,0.410453,0.080099,0.004947,0.014548,0.004969,3.55,20,-0.317212,0.607652,0.463443,0.000000,0.000000,0.000000,0.000000,0.000000,0.000000,nan,nan,nan,nan,nan,nan
1779938885656097367,2026-05-28T10:28:05.656119,prediction,0.229731,0.425000,0.075130,True,0.234745,0.409282,0.081047,0.005014,0.015718,0.005917,3.82,20,-0.315488,0.609807,0.463798,0.000000,0.000000,0.000000,0.000000,0.000000,0.000000,nan,nan,nan,nan,nan,nan
1779938885686159843,2026-05-28T10:28:05.686179,prediction,0.229731,0.425000,0.075130,True,0.232299,0.412568,0.080533,0.002568,0.012433,0.005402,4.30,20,-0.315488,0.609807,0.463798,0.000000,0.000000,0.000000,0.000000,0.000000,0.000000,nan,nan,nan,nan,nan,nan
1779938885715116501,2026-05-28T10:28:05.715132,prediction,0.227066,0.438000,0.076675,True,0.227188,0.425322,0.081673,0.000122,0.012678,0.004998,4.04,20,-0.315488,0.609807,0.463798,0.000000,0.000000,0.000000,0.000000,0.000000,0.000000,nan,nan,nan,nan,nan,nan
1779938885751302025,2026-05-28T10:28:05.751318,prediction,0.228501,0.431000,0.075843,True,0.233202,0.416446,0.081867,0.004701,0.014554,0.006024,4.03,20,-0.313887,0.613811,0.464549,0.000000,0.000000,0.000000,0.000000,0.000000,0.000000,nan,nan,nan,nan,nan,nan
1779938885785977042,2026-05-28T10:28:05.785997,prediction,0.226132,0.431000,0.075843,True,0.228982,0.414049,0.080064,0.002850,0.016951,0.004221,3.78,20,-0.313887,0.613811,0.464549,0.000000,0.000000,0.000000,0.000000,0.000000,0.000000,nan,nan,nan,nan,nan,nan
1779938885817943962,2026-05-28T10:28:05.817964,prediction,0.224708,0.438000,0.076675,True,0.225836,0.424867,0.081320,0.001128,0.013133,0.004645,3.67,20,-0.312207,0.616302,0.464646,0.000000,0.000000,0.000000,0.000000,0.000000,0.000000,nan,nan,nan,nan,nan,nan
1779938885848045983,2026-05-28T10:28:05.848066,prediction,0.222351,0.438000,0.076675,True,0.224113,0.430215,0.082043,0.001762,0.007785,0.005368,3.59,20,-0.312207,0.616302,0.464646,0.000000,0.000000,0.000000,0.000000,0.000000,0.000000,nan,nan,nan,nan,nan,nan
1779938885879897610,2026-05-28T10:28:05.879928,prediction,0.220939,0.445000,0.077506,True,0.222048,0.434455,0.082417,0.001109,0.010545,0.004911,3.83,20,-0.309038,0.620362,0.465157,0.000000,0.000000,0.000000,0.000000,0.000000,0.000000,nan,nan,nan,nan,nan,nan
1779938885912427705,2026-05-28T10:28:05.912447,prediction,0.217392,0.451000,0.078219,True,0.217068,0.442686,0.083400,0.000324,0.008315,0.005181,3.77,20,-0.309038,0.620362,0.465157,0.000000,0.000000,0.000000,0.000000,0.000000,0.000000,nan,nan,nan,nan,nan,nan
1779938885943867456,2026-05-28T10:28:05.943889,prediction,0.214262,0.455000,0.078694,True,0.211145,0.450863,0.083635,0.003117,0.004137,0.004941,3.77,20,-0.305975,0.624918,0.465935,0.000000,0.000000,0.000000,0.000000,0.000000,0.000000,nan,nan,nan,nan,nan,nan
1779938885974757090,2026-05-28T10:28:05.974776,prediction,0.215278,0.438000,0.076675,True,0.215231,0.436131,0.082215,0.000046,0.001869,0.005541,3.84,20,-0.305975,0.624918,0.465935,0.000000,0.000000,0.000000,0.000000,0.000000,0.000000,nan,nan,nan,nan,nan,nan
1779938886012356061,2026-05-28T10:28:06.012372,prediction,0.210969,0.448000,0.080207,True,0.204084,0.442788,0.084211,0.006884,0.005212,0.004004,6.38,20,-0.303281,0.630109,0.466717,0.000000,0.000000,0.000000,0.000000,0.000000,0.000000,nan,nan,nan,nan,nan,nan
1779938886039281963,2026-05-28T10:28:06.039302,prediction,0.207273,0.455000,0.083360,True,0.201189,0.456997,0.089441,0.006084,0.001997,0.006081,3.82,20,-0.303281,0.630109,0.466717,0.000000,0.000000,0.000000,0.000000,0.000000,0.000000,nan,nan,nan,nan,nan,nan
1779938886068695802,2026-05-28T10:28:06.068715,prediction,0.207066,0.468000,0.084862,True,0.203321,0.471066,0.090568,0.003745,0.003066,0.005706,3.98,20,-0.300158,0.635327,0.467596,0.000000,0.000000,0.000000,0.000000,0.000000,0.000000,nan,nan,nan,nan,nan,nan
1779938886106159710,2026-05-28T10:28:06.106182,prediction,0.202449,0.468000,0.084862,True,0.200732,0.470008,0.090799,0.001717,0.002008,0.005938,6.52,20,-0.300158,0.635327,0.467596,0.000000,0.000000,0.000000,0.000000,0.000000,0.000000,nan,nan,nan,nan,nan,nan
1779938886139814459,2026-05-28T10:28:06.139836,prediction,0.192103,0.474000,0.092460,True,0.184732,0.476197,0.102747,0.007372,0.002197,0.010287,7.26,20,-0.296519,0.640640,0.468675,0.000000,0.000000,0.000000,0.000000,0.000000,0.000000,nan,nan,nan,nan,nan,nan
1779938886169872229,2026-05-28T10:28:06.169888,prediction,0.186290,0.468000,0.091797,True,0.179311,0.477161,0.101437,0.006979,0.009161,0.009641,6.54,20,-0.296519,0.640640,0.468675,0.000000,0.000000,0.000000,0.000000,0.000000,0.000000,nan,nan,nan,nan,nan,nan
1779938886202520352,2026-05-28T10:28:06.202536,prediction,0.184684,0.451000,0.092256,True,0.182559,0.461161,0.099908,0.002124,0.010161,0.007652,6.47,20,-0.291753,0.646299,0.470503,0.000000,0.000000,0.000000,0.000000,0.000000,0.000000,nan,nan,nan,nan,nan,nan
1779938886230996636,2026-05-28T10:28:06.231011,prediction,0.181673,0.468000,0.094108,True,0.169241,0.476841,0.098399,0.012432,0.008841,0.004291,4.28,20,-0.291753,0.646299,0.470503,0.000000,0.000000,0.000000,0.000000,0.000000,0.000000,nan,nan,nan,nan,nan,nan
1779938886261272320,2026-05-28T10:28:06.261288,prediction,0.181673,0.468000,0.094108,True,0.171807,0.476978,0.102494,0.009866,0.008977,0.008386,4.02,20,-0.286292,0.652516,0.472433,0.000000,0.000000,0.000000,0.000000,0.000000,0.000000,nan,nan,nan,nan,nan,nan
1779938886292616991,2026-05-28T10:28:06.292633,prediction,0.178067,0.435000,0.095245,True,0.173354,0.460978,0.105613,0.004713,0.025977,0.010368,4.15,20,-0.286292,0.652516,0.472433,0.000000,0.000000,0.000000,0.000000,0.000000,0.000000,nan,nan,nan,nan,nan,nan
1779938886327753939,2026-05-28T10:28:06.327773,prediction,0.172139,0.428000,0.096883,True,0.161452,0.444978,0.104860,0.010686,0.016977,0.007977,5.35,20,-0.280345,0.659148,0.474700,0.000000,0.000000,0.000000,0.000000,0.000000,0.000000,nan,nan,nan,nan,nan,nan
1779938886357992669,2026-05-28T10:28:06.358011,prediction,0.168826,0.448000,0.098963,True,0.152653,0.460978,0.106099,0.016173,0.012977,0.007136,4.34,20,-0.280345,0.659148,0.474700,0.000000,0.000000,0.000000,0.000000,0.000000,0.000000,nan,nan,nan,nan,nan,nan
1779938886392306236,2026-05-28T10:28:06.392324,prediction,0.162643,0.428000,0.099260,True,0.148646,0.448859,0.109712,0.013996,0.020859,0.010452,4.10,20,-0.273394,0.665311,0.477283,0.000000,0.000000,0.000000,0.000000,0.000000,0.000000,nan,nan,nan,nan,nan,nan
1779938886432415496,2026-05-28T10:28:06.432434,prediction,0.165499,0.425000,0.098953,True,0.147870,0.432859,0.109569,0.017628,0.007859,0.010616,3.77,20,-0.273394,0.665311,0.477283,0.000000,0.000000,0.000000,0.000000,0.000000,0.000000,nan,nan,nan,nan,nan,nan
1779938886463778814,2026-05-28T10:28:06.463798,prediction,0.163120,0.425000,0.101335,True,0.139916,0.419327,0.112582,0.023204,0.005673,0.011247,3.85,20,-0.265696,0.670445,0.480210,0.000000,0.000000,0.000000,0.000000,0.000000,0.000000,nan,nan,nan,nan,nan,nan
1779938886495252211,2026-05-28T10:28:06.495269,prediction,0.157895,0.428000,0.101638,True,0.129052,0.422795,0.110958,0.028842,0.005205,0.009321,3.85,20,-0.265696,0.670445,0.480210,0.000000,0.000000,0.000000,0.000000,0.000000,0.000000,nan,nan,nan,nan,nan,nan
1779938886530250474,2026-05-28T10:28:06.530266,prediction,0.160269,0.428000,0.101638,True,0.137986,0.415916,0.110114,0.022283,0.012084,0.008476,4.06,20,-0.257139,0.673826,0.483485,0.000000,0.000000,0.000000,0.000000,0.000000,0.000000,nan,nan,nan,nan,nan,nan
1779938886564287237,2026-05-28T10:28:06.564303,prediction,0.161843,0.418000,0.103024,True,0.148717,0.399916,0.112941,0.013126,0.018084,0.009917,3.90,20,-0.257139,0.673826,0.483485,0.000000,0.000000,0.000000,0.000000,0.000000,0.000000,nan,nan,nan,nan,nan,nan
1779938886597580338,2026-05-28T10:28:06.597596,prediction,0.161843,0.418000,0.100630,True,0.147158,0.383916,0.108630,0.014685,0.034084,0.008000,3.86,20,-0.248376,0.675005,0.486764,0.000000,0.000000,0.000000,0.000000,0.000000,0.000000,nan,nan,nan,nan,nan,nan
1779938886639576230,2026-05-28T10:28:06.639596,prediction,0.161052,0.438000,0.102645,True,0.143290,0.399916,0.109796,0.017762,0.038084,0.007151,3.64,20,-0.248376,0.675005,0.486764,0.000000,0.000000,0.000000,0.000000,0.000000,0.000000,nan,nan,nan,nan,nan,nan
1779938886673195131,2026-05-28T10:28:06.673216,prediction,0.163756,0.421000,0.100933,True,0.154284,0.393118,0.110237,0.009472,0.027882,0.009305,3.71,20,-0.239958,0.674008,0.489733,0.000000,0.000000,0.000000,0.000000,0.000000,0.000000,nan,nan,nan,nan,nan,nan
1779938886710042539,2026-05-28T10:28:06.710057,prediction,0.168826,0.448000,0.101307,True,0.155749,0.406105,0.107606,0.013078,0.041895,0.006299,4.58,20,-0.239958,0.674008,0.489733,0.000000,0.000000,0.000000,0.000000,0.000000,0.000000,nan,nan,nan,nan,nan,nan
1779938886754837902,2026-05-28T10:28:06.754859,prediction,0.167633,0.441000,0.100591,True,0.157829,0.404666,0.109805,0.009804,0.036334,0.009214,3.56,20,-0.232510,0.671051,0.492279,0.000000,0.000000,0.000000,0.000000,0.000000,0.000000,nan,nan,nan,nan,nan,nan
1779938886793426958,2026-05-28T10:28:06.793449,prediction,0.168617,0.435000,0.097611,True,0.155983,0.399146,0.104672,0.012634,0.035854,0.007061,4.16,20,-0.226555,0.666539,0.494328,0.000000,0.000000,0.000000,0.000000,0.000000,0.000000,nan,nan,nan,nan,nan,nan
1779938886829036430,2026-05-28T10:28:06.829053,prediction,0.165993,0.451000,0.099275,True,0.151405,0.415146,0.104492,0.014589,0.035854,0.005217,4.34,20,-0.226555,0.666539,0.494328,0.000000,0.000000,0.000000,0.000000,0.000000,0.000000,nan,nan,nan,nan,nan,nan
1779938886871045411,2026-05-28T10:28:06.871063,prediction,0.167633,0.441000,0.098235,True,0.163165,0.401136,0.106516,0.004468,0.039864,0.008281,4.68,20,-0.222181,0.660580,0.495762,0.000000,0.000000,0.000000,0.000000,0.000000,0.000000,nan,nan,nan,nan,nan,nan
1779938886904899887,2026-05-28T10:28:06.904924,prediction,0.166977,0.445000,0.101000,True,0.160674,0.404250,0.106851,0.006303,0.040750,0.005851,4.28,20,-0.222181,0.660580,0.495762,0.000000,0.000000,0.000000,0.000000,0.000000,0.000000,nan,nan,nan,nan,nan,nan
1779938886942599084,2026-05-28T10:28:06.942619,prediction,0.166485,0.448000,0.098963,True,0.161997,0.411795,0.103467,0.004489,0.036205,0.004504,3.67,20,-0.219442,0.653308,0.496498,0.000000,0.000000,0.000000,0.000000,0.000000,0.000000,nan,nan,nan,nan,nan,nan
1779938886980651318,2026-05-28T10:28:06.980667,prediction,0.171313,0.461000,0.100315,True,0.168954,0.424625,0.104034,0.002359,0.036375,0.003719,5.62,20,-0.219442,0.653308,0.496498,0.000000,0.000000,0.000000,0.000000,0.000000,0.000000,nan,nan,nan,nan,nan,nan
1779938887013133253,2026-05-28T10:28:07.013149,prediction,0.173715,0.474000,0.101667,True,0.174170,0.440625,0.106956,0.000455,0.033375,0.005289,6.30,20,-0.218592,0.645158,0.496474,0.000000,0.000000,0.000000,0.000000,0.000000,0.000000,nan,nan,nan,nan,nan,nan
1779938887046281814,2026-05-28T10:28:07.046300,prediction,0.176031,0.487000,0.100739,True,0.177847,0.456625,0.105933,0.001816,0.030375,0.005194,4.50,20,-0.218592,0.645158,0.496474,0.000000,0.000000,0.000000,0.000000,0.000000,0.000000,nan,nan,nan,nan,nan,nan
1779938887086275757,2026-05-28T10:28:07.086307,prediction,0.180585,0.487000,0.098458,True,0.184356,0.464046,0.101836,0.003770,0.022955,0.003378,3.80,20,-0.219879,0.637143,0.495835,0.000000,0.000000,0.000000,0.000000,0.000000,0.000000,nan,nan,nan,nan,nan,nan
1779938887120726566,2026-05-28T10:28:07.120742,prediction,0.180610,0.474000,0.099365,True,0.187640,0.459631,0.102656,0.007029,0.014370,0.003291,4.29,20,-0.223109,0.630185,0.494920,0.000000,0.000000,0.000000,0.000000,0.000000,0.000000,nan,nan,nan,nan,nan,nan
1779938887154076794,2026-05-28T10:28:07.154099,prediction,0.183404,0.484000,0.093566,True,0.186947,0.475631,0.092129,0.003544,0.008370,0.001437,4.28,20,-0.223109,0.630185,0.494920,0.000000,0.000000,0.000000,0.000000,0.000000,0.000000,nan,nan,nan,nan,nan,nan
1779938887188006943,2026-05-28T10:28:07.188027,prediction,0.186414,0.480000,0.093123,True,0.194377,0.479719,0.092067,0.007963,0.000281,0.001056,4.17,20,-0.227653,0.625005,0.493766,0.000000,0.000000,0.000000,0.000000,0.000000,0.000000,nan,nan,nan,nan,nan,nan
1779938887222630581,2026-05-28T10:28:07.222652,prediction,0.190991,0.480000,0.093123,True,0.200329,0.477490,0.090593,0.009338,0.002510,0.002531,4.56,20,-0.227653,0.625005,0.493766,0.000000,0.000000,0.000000,0.000000,0.000000,0.000000,nan,nan,nan,nan,nan,nan
1779938887256737297,2026-05-28T10:28:07.256752,prediction,0.191641,0.464000,0.098309,True,0.203687,0.461490,0.098020,0.012046,0.002511,0.000289,3.92,20,-0.233481,0.621597,0.492253,0.000000,0.000000,0.000000,0.000000,0.000000,0.000000,nan,nan,nan,nan,nan,nan
1779938887295331569,2026-05-28T10:28:07.295352,prediction,0.191641,0.464000,0.098309,True,0.198475,0.459056,0.094152,0.006834,0.004944,0.004156,4.71,20,-0.233481,0.621597,0.492253,0.000000,0.000000,0.000000,0.000000,0.000000,0.000000,nan,nan,nan,nan,nan,nan
1779938887328215122,2026-05-28T10:28:07.328234,prediction,0.194029,0.451000,0.096935,True,0.205550,0.448743,0.091621,0.011521,0.002257,0.005315,3.82,20,-0.239317,0.620405,0.490691,0.000000,0.000000,0.000000,0.000000,0.000000,0.000000,nan,nan,nan,nan,nan,nan
1779938887361486127,2026-05-28T10:28:07.361506,prediction,0.194029,0.451000,0.094596,True,0.206231,0.438743,0.089789,0.012202,0.012257,0.004807,3.72,20,-0.239317,0.620405,0.490691,0.000000,0.000000,0.000000,0.000000,0.000000,0.000000,nan,nan,nan,nan,nan,nan
1779938887394413964,2026-05-28T10:28:07.394434,prediction,0.194580,0.448000,0.094274,True,0.208074,0.431701,0.092622,0.013494,0.016299,0.001652,3.87,20,-0.244751,0.621404,0.489213,0.000000,0.000000,0.000000,0.000000,0.000000,0.000000,nan,nan,nan,nan,nan,nan
1779938887427129638,2026-05-28T10:28:07.427150,prediction,0.195866,0.441000,0.093523,True,0.210163,0.418284,0.092833,0.014297,0.022716,0.000690,3.63,20,-0.244751,0.621404,0.489213,0.000000,0.000000,0.000000,0.000000,0.000000,0.000000,nan,nan,nan,nan,nan,nan
1779938887462698233,2026-05-28T10:28:07.462722,prediction,0.195333,0.431000,0.092450,True,0.208942,0.404305,0.090032,0.013609,0.026695,0.002418,4.21,20,-0.249844,0.624661,0.487802,0.000000,0.000000,0.000000,0.000000,0.000000,0.000000,nan,nan,nan,nan,nan,nan
1779938887492339740,2026-05-28T10:28:07.492353,prediction,0.196572,0.411000,0.092710,True,0.212082,0.388305,0.092001,0.015510,0.022695,0.000709,3.59,20,-0.249844,0.624661,0.487802,0.000000,0.000000,0.000000,0.000000,0.000000,0.000000,nan,nan,nan,nan,nan,nan
1779938887522524246,2026-05-28T10:28:07.522544,prediction,0.194885,0.407000,0.097111,True,0.205898,0.372305,0.098786,0.011013,0.034695,0.001675,3.74,20,-0.254596,0.629938,0.486466,0.000000,0.000000,0.000000,0.000000,0.000000,0.000000,nan,nan,nan,nan,nan,nan
1779938887559657756,2026-05-28T10:28:07.559676,prediction,0.197924,0.390000,0.100250,True,0.213365,0.356305,0.105297,0.015442,0.033695,0.005047,3.81,20,-0.254596,0.629938,0.486466,0.000000,0.000000,0.000000,0.000000,0.000000,0.000000,nan,nan,nan,nan,nan,nan
1779938887598198826,2026-05-28T10:28:07.598220,prediction,0.192524,0.393000,0.105417,True,0.204942,0.341040,0.110284,0.012418,0.051960,0.004867,4.10,20,-0.259691,0.637573,0.485102,0.000000,0.000000,0.000000,0.000000,0.000000,0.000000,nan,nan,nan,nan,nan,nan
1779938887629116068,2026-05-28T10:28:07.629134,prediction,0.191310,0.386000,0.109639,True,0.206845,0.325040,0.119228,0.015535,0.060960,0.009588,4.18,20,-0.259691,0.637573,0.485102,0.000000,0.000000,0.000000,0.000000,0.000000,0.000000,nan,nan,nan,nan,nan,nan
1779938887661289307,2026-05-28T10:28:07.661305,prediction,0.192005,0.382000,0.111722,True,0.207979,0.309040,0.124733,0.015974,0.072960,0.013011,3.85,20,-0.266561,0.644744,0.484032,0.000000,0.000000,0.000000,0.000000,0.000000,0.000000,nan,nan,nan,nan,nan,nan
1779938887695467255,2026-05-28T10:28:07.695483,prediction,0.191966,0.368000,0.110450,True,0.206915,0.293040,0.125176,0.014949,0.074960,0.014726,3.95,20,-0.266561,0.644744,0.484032,0.000000,0.000000,0.000000,0.000000,0.000000,0.000000,nan,nan,nan,nan,nan,nan
1779938887733509941,2026-05-28T10:28:07.733532,prediction,0.186514,0.371000,0.113194,True,0.194821,0.284853,0.129964,0.008307,0.086147,0.016770,4.03,20,-0.273788,0.649810,0.483556,0.000000,0.000000,0.000000,0.000000,0.000000,0.000000,nan,nan,nan,nan,nan,nan
1779938887764042666,2026-05-28T10:28:07.764064,prediction,0.189065,0.341000,0.110517,True,0.200600,0.268853,0.130584,0.011535,0.072147,0.020067,3.93,20,-0.273788,0.649810,0.483556,0.000000,0.000000,0.000000,0.000000,0.000000,0.000000,nan,nan,nan,nan,nan,nan
1779938887795301022,2026-05-28T10:28:07.795317,prediction,0.183300,0.330000,0.109536,True,0.195277,0.252853,0.127966,0.011977,0.077147,0.018430,3.96,20,-0.280131,0.653137,0.484125,0.000000,0.000000,0.000000,0.000000,0.000000,0.000000,nan,nan,nan,nan,nan,nan
1779938887826858923,2026-05-28T10:28:07.826875,prediction,0.179479,0.338000,0.110249,True,0.186128,0.245962,0.128287,0.006649,0.092038,0.018037,4.02,20,-0.280131,0.653137,0.484125,0.000000,0.000000,0.000000,0.000000,0.000000,0.000000,nan,nan,nan,nan,nan,nan
1779938887857299933,2026-05-28T10:28:07.857318,prediction,0.174407,0.322000,0.108822,True,0.181906,0.229962,0.128586,0.007499,0.092038,0.019764,3.92,20,-0.285100,0.654791,0.485226,0.000000,0.000000,0.000000,0.000000,0.000000,0.000000,nan,nan,nan,nan,nan,nan
1779938887894559501,2026-05-28T10:28:07.894577,prediction,0.171141,0.310000,0.107751,True,0.176167,0.213962,0.126965,0.005026,0.096038,0.019214,4.15,20,-0.285100,0.654791,0.485226,0.000000,0.000000,0.000000,0.000000,0.000000,0.000000,nan,nan,nan,nan,nan,nan
1779938887925401782,2026-05-28T10:28:07.925424,prediction,0.172123,0.269000,0.104093,True,0.176154,0.197962,0.124231,0.004031,0.071038,0.020138,4.09,20,-0.288552,0.654833,0.486571,0.000000,0.000000,0.000000,0.000000,0.000000,0.000000,nan,nan,nan,nan,nan,nan
1779938887958031079,2026-05-28T10:28:07.958051,prediction,0.167437,0.265000,0.103737,True,0.164886,0.181962,0.120926,0.002551,0.083038,0.017189,4.17,20,-0.288552,0.654833,0.486571,0.000000,0.000000,0.000000,0.000000,0.000000,0.000000,nan,nan,nan,nan,nan,nan
1779938887994493715,2026-05-28T10:28:07.994514,prediction,0.162920,0.278000,0.102273,True,0.158673,0.178260,0.117132,0.004247,0.099740,0.014860,3.99,20,-0.290460,0.653278,0.488013,0.000000,0.000000,0.000000,0.000000,0.000000,0.000000,nan,nan,nan,nan,nan,nan
1779938888027023171,2026-05-28T10:28:08.027043,prediction,0.155756,0.273000,0.099186,True,0.155040,0.162260,0.114738,0.000717,0.110740,0.015552,4.06,20,-0.290460,0.653278,0.488013,0.000000,0.000000,0.000000,0.000000,0.000000,0.000000,nan,nan,nan,nan,nan,nan
1779938888060422888,2026-05-28T10:28:08.060441,prediction,0.151588,0.265000,0.095801,True,0.150501,0.146260,0.111072,0.001087,0.118740,0.015271,3.90,20,-0.290960,0.650005,0.489435,0.000000,0.000000,0.000000,0.000000,0.000000,0.000000,nan,nan,nan,nan,nan,nan
1779938888091747959,2026-05-28T10:28:08.091766,prediction,0.144908,0.235000,0.090282,True,0.142627,0.130260,0.105790,0.002281,0.104740,0.015507,3.92,20,-0.290960,0.650005,0.489435,0.000000,0.000000,0.000000,0.000000,0.000000,0.000000,nan,nan,nan,nan,nan,nan
1779938888125025651,2026-05-28T10:28:08.125046,prediction,0.137957,0.226000,0.089420,True,0.132561,0.114260,0.102618,0.005396,0.111740,0.013198,3.69,20,-0.290404,0.644827,0.490724,0.000000,0.000000,0.000000,0.000000,0.000000,0.000000,nan,nan,nan,nan,nan,nan
1779938888166682948,2026-05-28T10:28:08.166696,prediction,0.135216,0.204000,0.081822,True,0.131093,0.098260,0.093694,0.004123,0.105740,0.011872,3.59,20,-0.290404,0.644827,0.490724,0.000000,0.000000,0.000000,0.000000,0.000000,0.000000,nan,nan,nan,nan,nan,nan
1779938888205366007,2026-05-28T10:28:08.205386,prediction,0.131385,0.190000,0.074898,True,0.130154,0.082260,0.084208,0.001232,0.107740,0.009309,3.86,20,-0.289050,0.637505,0.491786,0.000000,0.000000,0.000000,0.000000,0.000000,0.000000,nan,nan,nan,nan,nan,nan
1779938888237141125,2026-05-28T10:28:08.237161,prediction,0.129668,0.181000,0.071194,True,0.127469,0.066260,0.078796,0.002199,0.114740,0.007602,4.06,20,-0.289050,0.637505,0.491786,0.000000,0.000000,0.000000,0.000000,0.000000,0.000000,nan,nan,nan,nan,nan,nan
1779938888273057408,2026-05-28T10:28:08.273078,prediction,0.125856,0.190000,0.069362,True,0.122550,0.055756,0.074933,0.003306,0.134244,0.005571,3.69,20,-0.286829,0.628286,0.492291,0.000000,0.000000,0.000000,0.000000,0.000000,0.000000,nan,nan,nan,nan,nan,nan
1779938888311986343,2026-05-28T10:28:08.312008,prediction,0.126889,0.181000,0.065628,True,0.124000,0.045854,0.069493,0.002889,0.135146,0.003866,3.62,20,-0.286829,0.628286,0.492291,0.000000,0.000000,0.000000,0.000000,0.000000,0.000000,nan,nan,nan,nan,nan,nan
1779938888342545662,2026-05-28T10:28:08.342565,prediction,0.126889,0.181000,0.062844,True,0.124798,0.039912,0.064327,0.002091,0.141088,0.001483,3.84,20,-0.284285,0.618630,0.492297,0.000000,0.000000,0.000000,0.000000,0.000000,0.000000,nan,nan,nan,nan,nan,nan
1779938888386896471,2026-05-28T10:28:08.386919,prediction,0.127390,0.152000,0.056855,True,0.123863,0.024747,0.059613,0.003527,0.127253,0.002759,3.74,20,-0.281708,0.608928,0.492126,0.000000,0.000000,0.000000,0.000000,0.000000,0.000000,nan,nan,nan,nan,nan,nan
1779938888421027412,2026-05-28T10:28:08.421042,prediction,0.131823,0.138000,0.055306,True,0.125654,0.010048,0.056813,0.006170,0.127952,0.001507,4.16,20,-0.281708,0.608928,0.492126,0.000000,0.000000,0.000000,0.000000,0.000000,0.000000,nan,nan,nan,nan,nan,nan
1779938888453886874,2026-05-28T10:28:08.453900,prediction,0.136414,0.098000,0.050883,True,0.130933,-0.005952,0.052815,0.005481,0.103952,0.001932,3.48,20,-0.279140,0.599276,0.491620,0.000000,0.000000,0.000000,0.000000,0.000000,0.000000,nan,nan,nan,nan,nan,nan
1779938888487462401,2026-05-28T10:28:08.487481,prediction,0.144436,0.128000,0.054201,True,0.133162,-0.004147,0.051929,0.011274,0.132147,0.002271,3.86,20,-0.279140,0.599276,0.491620,0.000000,0.000000,0.000000,0.000000,0.000000,0.000000,nan,nan,nan,nan,nan,nan
1779938888521932335,2026-05-28T10:28:08.521953,prediction,0.154363,0.162000,0.057960,True,0.147108,0.011853,0.057625,0.007255,0.150147,0.000335,4.00,20,-0.276649,0.589663,0.490830,0.000000,0.000000,0.000000,0.000000,0.000000,0.000000,nan,nan,nan,nan,nan,nan
1779938888553269529,2026-05-28T10:28:08.553290,prediction,0.164677,0.148000,0.056412,True,0.163108,0.023659,0.062145,0.001569,0.124341,0.005733,3.98,20,-0.276649,0.589663,0.490830,0.000000,0.000000,0.000000,0.000000,0.000000,0.000000,nan,nan,nan,nan,nan,nan
1779938888582511127,2026-05-28T10:28:08.582530,prediction,0.173874,0.143000,0.055859,True,0.175387,0.019175,0.061791,0.001513,0.123825,0.005932,3.79,20,-0.276649,0.589663,0.490830,0.000000,0.000000,0.000000,0.000000,0.000000,0.000000,nan,nan,nan,nan,nan,nan
1779938888619504285,2026-05-28T10:28:08.619522,prediction,0.182410,0.123000,0.053648,True,0.191355,0.015442,0.061735,0.008945,0.107558,0.008087,3.43,20,-0.274459,0.579961,0.489762,0.000000,0.000000,0.000000,0.000000,0.000000,0.000000,nan,nan,nan,nan,nan,nan
1779938888648284883,2026-05-28T10:28:08.648299,prediction,0.199800,0.103000,0.054348,True,0.207355,0.010539,0.062328,0.007555,0.092461,0.007980,3.60,20,-0.274459,0.579961,0.489762,0.000000,0.000000,0.000000,0.000000,0.000000,0.000000,nan,nan,nan,nan,nan,nan
1779938888683715286,2026-05-28T10:28:08.683736,prediction,0.214735,0.082000,0.052060,True,0.223355,-0.004044,0.059320,0.008620,0.086044,0.007260,3.68,20,-0.272627,0.570152,0.488568,0.000000,0.000000,0.000000,0.000000,0.000000,0.000000,nan,nan,nan,nan,nan,nan
1779938888716460299,2026-05-28T10:28:08.716486,prediction,0.231276,0.123000,0.056526,True,0.239355,0.011956,0.061622,0.008079,0.111044,0.005096,4.07,20,-0.272627,0.570152,0.488568,0.000000,0.000000,0.000000,0.000000,0.000000,0.000000,nan,nan,nan,nan,nan,nan
1779938888751558181,2026-05-28T10:28:08.751575,prediction,0.254128,0.108000,0.054892,True,0.255355,0.021007,0.064536,0.001227,0.086993,0.009643,3.90,20,-0.271295,0.560370,0.487309,0.000000,0.000000,0.000000,0.000000,0.000000,0.000000,nan,nan,nan,nan,nan,nan
1779938888782759225,2026-05-28T10:28:08.782780,prediction,0.273454,0.113000,0.058332,True,0.271355,0.033952,0.065250,0.002098,0.079048,0.006918,3.91,20,-0.271295,0.560370,0.487309,0.000000,0.000000,0.000000,0.000000,0.000000,0.000000,nan,nan,nan,nan,nan,nan
1779938888862617836,2026-05-28T10:28:08.862639,prediction,0.305253,0.113000,0.058332,True,0.287355,0.045173,0.065548,0.017898,0.067827,0.007216,3.81,20,-0.269818,0.540564,0.484740,0.000000,0.000000,0.000000,0.000000,0.000000,0.000000,nan,nan,nan,nan,nan,nan
1779938888896760188,2026-05-28T10:28:08.896781,prediction,0.340155,0.006000,0.043781,True,0.303355,0.029173,0.059029,0.036800,0.023173,0.015248,3.95,20,-0.269818,0.540564,0.484740,0.000000,0.000000,0.000000,0.000000,0.000000,0.000000,nan,nan,nan,nan,nan,nan
1779938888930233631,2026-05-28T10:28:08.930249,prediction,0.347617,-0.000000,0.040047,True,0.319355,0.013173,0.046343,0.028261,0.013173,0.006296,6.27,20,-0.269826,0.530680,0.483466,0.000000,0.000000,0.000000,0.000000,0.000000,0.000000,nan,nan,nan,nan,nan,nan
1779938888966215843,2026-05-28T10:28:08.966237,prediction,0.357589,-0.017000,0.031950,True,0.335355,-0.002827,0.041844,0.022234,0.014173,0.009894,3.95,20,-0.269826,0.530680,0.483466,0.000000,0.000000,0.000000,0.000000,0.000000,0.000000,nan,nan,nan,nan,nan,nan
1779938888999202618,2026-05-28T10:28:08.999218,prediction,0.342535,0.050000,0.036581,True,0.347439,0.013173,0.038563,0.004904,0.036827,0.001982,3.99,20,-0.270719,0.520790,0.482148,0.000000,0.000000,0.000000,0.000000,0.000000,0.000000,nan,nan,nan,nan,nan,nan
1779938889032548951,2026-05-28T10:28:09.032568,prediction,0.350508,0.028000,0.031005,True,0.363439,0.029173,0.042618,0.012930,0.001173,0.011613,3.69,20,-0.270719,0.520790,0.482148,0.000000,0.000000,0.000000,0.000000,0.000000,0.000000,nan,nan,nan,nan,nan,nan
1779938889067858153,2026-05-28T10:28:09.067879,prediction,0.343508,0.072000,0.033197,True,0.367507,0.045173,0.040998,0.023999,0.026827,0.007800,3.80,20,-0.272591,0.511057,0.480802,0.000000,0.000000,0.000000,0.000000,0.000000,0.000000,nan,nan,nan,nan,nan,nan
1779938889101837791,2026-05-28T10:28:09.101854,prediction,0.345318,0.077000,0.030837,True,0.379581,0.061173,0.040761,0.034263,0.015827,0.009924,6.25,20,-0.272591,0.511057,0.480802,0.000000,0.000000,0.000000,0.000000,0.000000,0.000000,nan,nan,nan,nan,nan,nan
1779938889129187628,2026-05-28T10:28:09.129208,prediction,0.341874,0.092000,0.032644,True,0.375563,0.077173,0.042321,0.033689,0.014827,0.009677,3.98,20,-0.275427,0.501574,0.479409,0.000000,0.000000,0.000000,0.000000,0.000000,0.000000,nan,nan,nan,nan,nan,nan
1779938889162006292,2026-05-28T10:28:09.162026,prediction,0.334162,0.138000,0.035330,True,0.359563,0.093173,0.042063,0.025401,0.044827,0.006733,4.00,20,-0.275427,0.501574,0.479409,0.000000,0.000000,0.000000,0.000000,0.000000,0.000000,nan,nan,nan,nan,nan,nan
1779938889192232514,2026-05-28T10:28:09.192254,prediction,0.336475,0.128000,0.034109,True,0.364192,0.109173,0.046131,0.027717,0.018827,0.012022,3.73,20,-0.279121,0.492345,0.477942,0.000000,0.000000,0.000000,0.000000,0.000000,0.000000,nan,nan,nan,nan,nan,nan
1779938889228254070,2026-05-28T10:28:09.228271,prediction,0.331312,0.138000,0.035330,True,0.349077,0.125173,0.043682,0.017765,0.012827,0.008352,3.71,20,-0.279121,0.492345,0.477942,0.000000,0.000000,0.000000,0.000000,0.000000,0.000000,nan,nan,nan,nan,nan,nan
1779938889262482498,2026-05-28T10:28:09.262505,prediction,0.337631,0.123000,0.033499,True,0.365029,0.141173,0.045508,0.027398,0.018173,0.012010,6.31,20,-0.283480,0.483496,0.476415,0.000000,0.000000,0.000000,0.000000,0.000000,0.000000,nan,nan,nan,nan,nan,nan
1779938889295092091,2026-05-28T10:28:09.295118,prediction,0.341099,0.108000,0.031668,True,0.368229,0.157173,0.041386,0.027129,0.049173,0.009718,6.29,20,-0.283480,0.483496,0.476415,0.000000,0.000000,0.000000,0.000000,0.000000,0.000000,nan,nan,nan,nan,nan,nan
1779938889328387108,2026-05-28T10:28:09.328418,prediction,0.339943,0.113000,0.032278,True,0.361909,0.165088,0.039744,0.021966,0.052088,0.007466,5.13,20,-0.288470,0.475049,0.474787,0.000000,0.000000,0.000000,0.000000,0.000000,0.000000,nan,nan,nan,nan,nan,nan
1779938889414273106,2026-05-28T10:28:09.414294,prediction,0.345725,0.113000,0.029383,True,0.372022,0.161391,0.038206,0.026297,0.048391,0.008823,6.60,20,-0.293839,0.466699,0.473054,0.000000,0.000000,0.000000,0.000000,0.000000,0.000000,nan,nan,nan,nan,nan,nan
1779938889442539852,2026-05-28T10:28:09.442559,prediction,0.342834,0.113000,0.029383,True,0.370558,0.169183,0.033734,0.027724,0.056183,0.004351,3.96,20,-0.293839,0.466699,0.473054,0.000000,0.000000,0.000000,0.000000,0.000000,0.000000,nan,nan,nan,nan,nan,nan
1779938889477629203,2026-05-28T10:28:09.477652,prediction,0.346327,0.098000,0.027527,True,0.378470,0.153183,0.033138,0.032142,0.055183,0.005611,3.88,20,-0.299754,0.458914,0.471144,0.000000,0.000000,0.000000,0.000000,0.000000,0.000000,nan,nan,nan,nan,nan,nan
1779938889509319168,2026-05-28T10:28:09.509339,prediction,0.344799,0.092000,0.026785,True,0.374130,0.138302,0.029751,0.029330,0.046302,0.002966,3.90,20,-0.299754,0.458914,0.471144,0.000000,0.000000,0.000000,0.000000,0.000000,0.000000,nan,nan,nan,nan,nan,nan
1779938889540861063,2026-05-28T10:28:09.540880,prediction,0.339348,0.103000,0.028146,True,0.365158,0.141223,0.029784,0.025809,0.038223,0.001638,4.26,20,-0.306233,0.451619,0.469067,0.000000,0.000000,0.000000,0.000000,0.000000,0.000000,nan,nan,nan,nan,nan,nan
1779938889621602475,2026-05-28T10:28:09.621623,prediction,0.331271,0.113000,0.023593,True,0.351549,0.145840,0.025276,0.020278,0.032840,0.001682,4.19,20,-0.313018,0.444522,0.466885,0.000000,0.000000,0.000000,0.000000,0.000000,0.000000,nan,nan,nan,nan,nan,nan
1779938889656663293,2026-05-28T10:28:09.656686,prediction,0.337155,0.087000,0.020291,True,0.360077,0.129840,0.023442,0.022922,0.042840,0.003151,3.85,20,-0.319964,0.437726,0.464593,0.000000,0.000000,0.000000,0.000000,0.000000,0.000000,nan,nan,nan,nan,nan,nan
1779938889687092538,2026-05-28T10:28:09.687113,prediction,0.329007,0.123000,0.024863,True,0.344218,0.145840,0.022784,0.015211,0.022840,0.002079,4.32,20,-0.319964,0.437726,0.464593,0.000000,0.000000,0.000000,0.000000,0.000000,0.000000,nan,nan,nan,nan,nan,nan
1779938889719684335,2026-05-28T10:28:09.719706,prediction,0.331271,0.113000,0.023593,True,0.354254,0.148885,0.024519,0.022983,0.035884,0.000926,4.82,20,-0.327260,0.431476,0.461999,0.000000,0.000000,0.000000,0.000000,0.000000,0.000000,nan,nan,nan,nan,nan,nan
1779938889756838826,2026-05-28T10:28:09.756859,prediction,0.336441,0.103000,0.025234,True,0.364410,0.140460,0.025070,0.027969,0.037460,0.000164,3.75,20,-0.327260,0.431476,0.461999,0.000000,0.000000,0.000000,0.000000,0.000000,0.000000,nan,nan,nan,nan,nan,nan
1779938889788626093,2026-05-28T10:28:09.788646,prediction,0.343508,0.072000,0.021348,True,0.372760,0.126085,0.021257,0.029252,0.054085,0.000092,4.06,20,-0.334956,0.425749,0.459059,0.000000,0.000000,0.000000,0.000000,0.000000,0.000000,nan,nan,nan,nan,nan,nan
1779938889819290077,2026-05-28T10:28:09.819322,prediction,0.337581,0.098000,0.024608,True,0.356760,0.142085,0.020644,0.019179,0.044085,0.003964,4.17,20,-0.334956,0.425749,0.459059,0.000000,0.000000,0.000000,0.000000,0.000000,0.000000,nan,nan,nan,nan,nan,nan
1779938889850404545,2026-05-28T10:28:09.850426,prediction,0.336441,0.103000,0.025234,True,0.360293,0.152713,0.024083,0.023852,0.049713,0.001151,4.03,20,-0.334956,0.425749,0.459059,0.000000,0.000000,0.000000,0.000000,0.000000,0.000000,nan,nan,nan,nan,nan,nan
1779938889881190823,2026-05-28T10:28:09.881210,prediction,0.341228,0.082000,0.022602,True,0.372921,0.136713,0.024502,0.031693,0.054713,0.001900,4.07,20,-0.343041,0.420781,0.455642,0.000000,0.000000,0.000000,0.000000,0.000000,0.000000,nan,nan,nan,nan,nan,nan
1779938889922998673,2026-05-28T10:28:09.923016,prediction,0.344876,0.066000,0.020596,True,0.374195,0.120713,0.021256,0.029319,0.054713,0.000660,4.46,20,-0.351038,0.416057,0.452170,0.000000,0.000000,0.000000,0.000000,0.000000,0.000000,nan,nan,nan,nan,nan,nan
1779938890008856372,2026-05-28T10:28:10.008872,prediction,0.332460,0.133000,0.023271,True,0.358195,0.136713,0.020349,0.025735,0.003713,0.002922,3.90,20,-0.359121,0.411400,0.448575,0.000000,0.000000,0.000000,0.000000,0.000000,0.000000,nan,nan,nan,nan,nan,nan
1779938890038052939,2026-05-28T10:28:10.038068,prediction,0.338200,0.108000,0.020055,True,0.362761,0.140791,0.026631,0.024561,0.032791,0.006576,3.84,20,-0.359121,0.411400,0.448575,0.000000,0.000000,0.000000,0.000000,0.000000,0.000000,nan,nan,nan,nan,nan,nan
1779938890070368900,2026-05-28T10:28:10.070383,prediction,0.335301,0.108000,0.020055,True,0.362992,0.130627,0.027778,0.027691,0.022627,0.007723,6.58,20,-0.367072,0.406645,0.444807,0.000000,0.000000,0.000000,0.000000,0.000000,0.000000,nan,nan,nan,nan,nan,nan
1779938890105077929,2026-05-28T10:28:10.105096,prediction,0.336023,0.092000,0.020926,True,0.361080,0.117475,0.030199,0.025056,0.025475,0.009273,3.93,20,-0.367072,0.406645,0.444807,0.000000,0.000000,0.000000,0.000000,0.000000,0.000000,nan,nan,nan,nan,nan,nan
1779938890138534238,2026-05-28T10:28:10.138551,prediction,0.342368,0.077000,0.019021,True,0.360298,0.113267,0.026671,0.017930,0.036267,0.007650,6.43,20,-0.374794,0.401582,0.440998,0.000000,0.000000,0.000000,0.000000,0.000000,0.000000,nan,nan,nan,nan,nan,nan
1779938890225129476,2026-05-28T10:28:10.225147,prediction,0.339348,0.103000,0.019412,True,0.346221,0.129267,0.020283,0.006872,0.026267,0.000871,5.94,20,-0.382444,0.396333,0.437174,0.000000,0.000000,0.000000,0.000000,0.000000,0.000000,nan,nan,nan,nan,nan,nan
1779938890252150768,2026-05-28T10:28:10.252166,prediction,0.335904,0.118000,0.021342,True,0.344177,0.136251,0.026454,0.008273,0.018251,0.005113,3.59,20,-0.382444,0.396333,0.437174,0.000000,0.000000,0.000000,0.000000,0.000000,0.000000,nan,nan,nan,nan,nan,nan
1779938890286111508,2026-05-28T10:28:10.286133,prediction,0.339348,0.103000,0.019412,True,0.343838,0.120559,0.027500,0.004489,0.017559,0.008088,3.47,20,-0.389941,0.390965,0.433359,0.000000,0.000000,0.000000,0.000000,0.000000,0.000000,nan,nan,nan,nan,nan,nan
1779938890323394858,2026-05-28T10:28:10.323436,prediction,0.334162,0.113000,0.023593,True,0.329428,0.133152,0.028397,0.004734,0.020152,0.004804,5.62,20,-0.397221,0.385252,0.429615,0.000000,0.000000,0.000000,0.000000,0.000000,0.000000,nan,nan,nan,nan,nan,nan
1779938890407866967,2026-05-28T10:28:10.407887,prediction,0.334756,0.123000,0.021985,True,0.328130,0.149152,0.024443,0.006626,0.026152,0.002458,4.62,20,-0.404322,0.379255,0.425883,0.000000,0.000000,0.000000,0.000000,0.000000,0.000000,nan,nan,nan,nan,nan,nan
1779938890438846539,2026-05-28T10:28:10.438862,prediction,0.334162,0.113000,0.020698,True,0.332653,0.139316,0.024772,0.001508,0.026316,0.004074,3.97,20,-0.404322,0.379255,0.425883,0.000000,0.000000,0.000000,0.000000,0.000000,0.000000,nan,nan,nan,nan,nan,nan
1779938890468358742,2026-05-28T10:28:10.468374,prediction,0.334162,0.113000,0.020698,True,0.332129,0.134181,0.024906,0.002033,0.021181,0.004208,3.94,20,-0.410626,0.372510,0.422001,0.000000,0.000000,0.000000,0.000000,0.000000,0.000000,nan,nan,nan,nan,nan,nan
1779938890500048888,2026-05-28T10:28:10.500072,prediction,0.342368,0.077000,0.019021,True,0.342282,0.118181,0.025237,0.000086,0.041181,0.006216,5.33,20,-0.410626,0.372510,0.422001,0.000000,0.000000,0.000000,0.000000,0.000000,0.000000,nan,nan,nan,nan,nan,nan
1779938890577492655,2026-05-28T10:28:10.577512,prediction,0.334162,0.138000,0.023915,True,0.326282,0.134181,0.022678,0.007880,0.003819,0.001236,6.48,20,-0.416033,0.365097,0.418102,0.000000,0.000000,0.000000,0.000000,0.000000,0.000000,nan,nan,nan,nan,nan,nan
1779938890607082767,2026-05-28T10:28:10.607109,prediction,0.333608,0.128000,0.022628,True,0.335656,0.134205,0.029017,0.002048,0.006205,0.006389,5.35,20,-0.419699,0.357962,0.414448,0.000000,0.000000,0.000000,0.000000,0.000000,0.000000,nan,nan,nan,nan,nan,nan
1779938890638607416,2026-05-28T10:28:10.638625,prediction,0.334162,0.113000,0.020698,True,0.341353,0.123862,0.029645,0.007192,0.010862,0.008946,3.75,20,-0.419699,0.357962,0.414448,0.000000,0.000000,0.000000,0.000000,0.000000,0.000000,nan,nan,nan,nan,nan,nan
1779938890669951759,2026-05-28T10:28:10.669968,prediction,0.335301,0.108000,0.022958,True,0.338151,0.125838,0.030419,0.002850,0.017838,0.007461,3.79,20,-0.421411,0.351586,0.411621,0.000000,0.000000,0.000000,0.000000,0.000000,0.000000,nan,nan,nan,nan,nan,nan
1779938890699838879,2026-05-28T10:28:10.699858,prediction,0.336441,0.103000,0.022323,True,0.336431,0.123674,0.029111,0.000010,0.020674,0.006788,3.66,20,-0.421411,0.351586,0.411621,0.000000,0.000000,0.000000,0.000000,0.000000,0.000000,nan,nan,nan,nan,nan,nan
1779938890729709431,2026-05-28T10:28:10.729725,prediction,0.340089,0.087000,0.020291,True,0.342979,0.109059,0.026173,0.002890,0.022059,0.005882,4.17,20,-0.421456,0.346377,0.409678,0.000000,0.000000,0.000000,0.000000,0.000000,0.000000,nan,nan,nan,nan,nan,nan
1779938890760577366,2026-05-28T10:28:10.760596,prediction,0.333022,0.118000,0.024228,True,0.333135,0.125059,0.027370,0.000114,0.007059,0.003142,3.58,20,-0.421456,0.346377,0.409678,0.000000,0.000000,0.000000,0.000000,0.000000,0.000000,nan,nan,nan,nan,nan,nan
1779938890791798852,2026-05-28T10:28:10.791815,prediction,0.331882,0.123000,0.024863,True,0.335726,0.131350,0.031416,0.003844,0.008350,0.006552,3.50,20,-0.420100,0.342653,0.408568,0.000000,0.000000,0.000000,0.000000,0.000000,0.000000,nan,nan,nan,nan,nan,nan
1779938890824555491,2026-05-28T10:28:10.824575,prediction,0.338949,0.092000,0.020926,True,0.345711,0.115350,0.029635,0.006763,0.023350,0.008709,3.64,20,-0.420100,0.342653,0.408568,0.000000,0.000000,0.000000,0.000000,0.000000,0.000000,nan,nan,nan,nan,nan,nan
1779938890862332243,2026-05-28T10:28:10.862353,prediction,0.334162,0.113000,0.023593,True,0.332657,0.124470,0.026544,0.001504,0.011470,0.002951,3.69,20,-0.417778,0.340710,0.408392,0.000000,0.000000,0.000000,0.000000,0.000000,0.000000,nan,nan,nan,nan,nan,nan
1779938890894491667,2026-05-28T10:28:10.894511,prediction,0.340089,0.087000,0.020291,True,0.348657,0.108470,0.029327,0.008568,0.021470,0.009036,3.81,20,-0.417778,0.340710,0.408392,0.000000,0.000000,0.000000,0.000000,0.000000,0.000000,nan,nan,nan,nan,nan,nan
1779938890927119588,2026-05-28T10:28:10.927147,prediction,0.336023,0.092000,0.020926,True,0.349192,0.106614,0.026979,0.013168,0.014614,0.006052,3.83,20,-0.414995,0.340743,0.409100,0.000000,0.000000,0.000000,0.000000,0.000000,0.000000,nan,nan,nan,nan,nan,nan
1779938890961306881,2026-05-28T10:28:10.961324,prediction,0.332402,0.108000,0.022958,True,0.346328,0.122593,0.029081,0.013925,0.014593,0.006123,4.20,20,-0.414995,0.340743,0.409100,0.000000,0.000000,0.000000,0.000000,0.000000,0.000000,nan,nan,nan,nan,nan,nan
1779938890995046244,2026-05-28T10:28:10.995063,prediction,0.340550,0.072000,0.018386,True,0.359035,0.106593,0.028810,0.018485,0.034593,0.010424,4.03,20,-0.413081,0.342433,0.411012,0.000000,0.000000,0.000000,0.000000,0.000000,0.000000,nan,nan,nan,nan,nan,nan
1779938891025172828,2026-05-28T10:28:11.025195,prediction,0.333022,0.118000,0.024228,True,0.343035,0.122593,0.027956,0.010013,0.004593,0.003728,3.62,20,-0.413081,0.342433,0.411012,0.000000,0.000000,0.000000,0.000000,0.000000,0.000000,nan,nan,nan,nan,nan,nan
1779938891073289252,2026-05-28T10:28:11.073309,prediction,0.338949,0.092000,0.020926,True,0.359035,0.106593,0.033025,0.020086,0.014593,0.012099,3.63,20,-0.413269,0.343540,0.413365,0.000000,0.000000,0.000000,0.000000,0.000000,0.000000,nan,nan,nan,nan,nan,nan
1779938891104022922,2026-05-28T10:28:11.104042,prediction,0.342368,0.077000,0.021975,True,0.369105,0.092119,0.032453,0.026736,0.015119,0.010478,3.73,20,-0.413269,0.343540,0.413365,0.000000,0.000000,0.000000,0.000000,0.000000,0.000000,nan,nan,nan,nan,nan,nan
1779938891139826618,2026-05-28T10:28:11.139848,prediction,0.337581,0.098000,0.021688,True,0.358844,0.103501,0.028984,0.021263,0.005501,0.007295,6.54,20,-0.415084,0.343199,0.415282,0.000000,0.000000,0.000000,0.000000,0.000000,0.000000,nan,nan,nan,nan,nan,nan
1779938891169552928,2026-05-28T10:28:11.169574,prediction,0.342368,0.077000,0.021975,True,0.370692,0.087501,0.034264,0.028324,0.010501,0.012289,6.48,20,-0.415084,0.343199,0.415282,0.000000,0.000000,0.000000,0.000000,0.000000,0.000000,nan,nan,nan,nan,nan,nan
1779938891200565047,2026-05-28T10:28:11.200586,prediction,0.342368,0.077000,0.021975,True,0.368001,0.085996,0.030345,0.025633,0.008996,0.008370,6.19,20,-0.418211,0.341218,0.416427,0.000000,0.000000,0.000000,0.000000,0.000000,0.000000,nan,nan,nan,nan,nan,nan
1779938891234197834,2026-05-28T10:28:11.234244,prediction,0.337581,0.098000,0.024608,True,0.357445,0.101996,0.033398,0.019864,0.003996,0.008790,6.39,20,-0.418211,0.341218,0.416427,0.000000,0.000000,0.000000,0.000000,0.000000,0.000000,nan,nan,nan,nan,nan,nan
1779938891261910500,2026-05-28T10:28:11.261929,prediction,0.337155,0.087000,0.023229,True,0.352892,0.095164,0.033409,0.015737,0.008164,0.010180,4.15,20,-0.422306,0.337427,0.416732,0.000000,0.000000,0.000000,0.000000,0.000000,0.000000,nan,nan,nan,nan,nan,nan
1779938891292372669,2026-05-28T10:28:11.292390,prediction,0.340550,0.072000,0.021348,True,0.353204,0.080844,0.030430,0.012654,0.008844,0.009081,3.58,20,-0.422306,0.337427,0.416732,0.000000,0.000000,0.000000,0.000000,0.000000,0.000000,nan,nan,nan,nan,nan,nan
1779938891333176113,2026-05-28T10:28:11.333213,prediction,0.340089,0.087000,0.023229,True,0.344618,0.089399,0.029745,0.004529,0.002399,0.006517,3.74,20,-0.426496,0.331564,0.416325,0.000000,0.000000,0.000000,0.000000,0.000000,0.000000,nan,nan,nan,nan,nan,nan
1779938891364713842,2026-05-28T10:28:11.364732,prediction,0.341228,0.082000,0.022602,True,0.346596,0.085861,0.030822,0.005368,0.003861,0.008221,4.78,20,-0.426496,0.331564,0.416325,0.000000,0.000000,0.000000,0.000000,0.000000,0.000000,nan,nan,nan,nan,nan,nan
1779938891404004461,2026-05-28T10:28:11.404020,prediction,0.335301,0.108000,0.022958,True,0.334188,0.101861,0.027835,0.001114,0.006139,0.004877,4.64,20,-0.429084,0.325674,0.416274,0.000000,0.000000,0.000000,0.000000,0.000000,0.000000,nan,nan,nan,nan,nan,nan
1779938891434914948,2026-05-28T10:28:11.434936,prediction,0.333022,0.118000,0.024228,True,0.334049,0.115098,0.031913,0.001027,0.002902,0.007684,3.72,20,-0.429084,0.325674,0.416274,0.000000,0.000000,0.000000,0.000000,0.000000,0.000000,nan,nan,nan,nan,nan,nan
1779938891473910509,2026-05-28T10:28:11.473932,prediction,0.335301,0.108000,0.022958,True,0.337676,0.106540,0.032798,0.002375,0.001460,0.009840,3.82,20,-0.429471,0.320049,0.416388,0.000000,0.000000,0.000000,0.000000,0.000000,0.000000,nan,nan,nan,nan,nan,nan
1779938891509603197,2026-05-28T10:28:11.509624,prediction,0.338287,0.082000,0.019656,True,0.339091,0.091407,0.028772,0.000805,0.009407,0.009116,4.08,20,-0.429471,0.320049,0.416388,0.000000,0.000000,0.000000,0.000000,0.000000,0.000000,nan,nan,nan,nan,nan,nan
1779938891544177975,2026-05-28T10:28:11.544198,prediction,0.340089,0.087000,0.020291,True,0.334707,0.095325,0.026213,0.005381,0.008325,0.005922,3.48,20,-0.428012,0.315646,0.416680,0.000000,0.000000,0.000000,0.000000,0.000000,0.000000,nan,nan,nan,nan,nan,nan
1779938891589646822,2026-05-28T10:28:11.589666,prediction,0.336441,0.103000,0.022323,True,0.327192,0.111325,0.027484,0.009249,0.008325,0.005160,3.88,20,-0.426361,0.313463,0.416932,0.000000,0.000000,0.000000,0.000000,0.000000,0.000000,nan,nan,nan,nan,nan,nan
1779938891624701590,2026-05-28T10:28:11.624723,prediction,0.335301,0.108000,0.022958,True,0.330685,0.115391,0.030670,0.004617,0.007391,0.007712,3.69,20,-0.426361,0.313463,0.416932,0.000000,0.000000,0.000000,0.000000,0.000000,0.000000,nan,nan,nan,nan,nan,nan
1779938891659460049,2026-05-28T10:28:11.659481,prediction,0.336441,0.103000,0.022323,True,0.334434,0.104867,0.031025,0.002007,0.001867,0.008702,3.85,20,-0.423502,0.313097,0.416737,0.000000,0.000000,0.000000,0.000000,0.000000,0.000000,nan,nan,nan,nan,nan,nan
1779938891697317358,2026-05-28T10:28:11.697337,prediction,0.333022,0.118000,0.024228,True,0.324335,0.120867,0.030036,0.008686,0.002867,0.005807,4.09,20,-0.423502,0.313097,0.416737,0.000000,0.000000,0.000000,0.000000,0.000000,0.000000,nan,nan,nan,nan,nan,nan
1779938891729805386,2026-05-28T10:28:11.729826,prediction,0.343508,0.072000,0.021348,True,0.340335,0.104867,0.032666,0.003173,0.032867,0.011318,4.04,20,-0.419069,0.314264,0.416298,0.000000,0.000000,0.000000,0.000000,0.000000,0.000000,nan,nan,nan,nan,nan,nan
1779938891763257963,2026-05-28T10:28:11.763276,prediction,0.344876,0.066000,0.020596,True,0.345621,0.088867,0.029203,0.000745,0.022867,0.008607,4.12,20,-0.419069,0.314264,0.416298,0.000000,0.000000,0.000000,0.000000,0.000000,0.000000,nan,nan,nan,nan,nan,nan
1779938891793030462,2026-05-28T10:28:11.793044,prediction,0.340550,0.072000,0.021348,True,0.341679,0.097656,0.029062,0.001129,0.025656,0.007713,3.83,20,-0.414765,0.316447,0.416013,0.000000,0.000000,0.000000,0.000000,0.000000,0.000000,nan,nan,nan,nan,nan,nan
1779938891884157775,2026-05-28T10:28:11.884179,prediction,0.333534,0.103000,0.022323,True,0.331738,0.113656,0.027921,0.001796,0.010656,0.005598,3.93,20,-0.412591,0.318022,0.415532,0.000000,0.000000,0.000000,0.000000,0.000000,0.000000,nan,nan,nan,nan,nan,nan


============================================================
EXPERIMENT METRICS
  File: experiment_GRU_20260528_102712.csv
  Total samples: 1700
  Task completion time: 59.13 s
  --- Prediction Accuracy (over 1700 samples) ---
  Avg Inference Time: 4.25 ms
  Mean Squared Error (MSE): 0.006989 m²
  Mean Absolute Error (MAE - 3D): 0.0681 m
      MAE X: 0.0392 m
      MAE Y: 0.0433 m
      MAE Z: 0.0110 m
  --- Trajectory Smoothness (Robot EE) ---
  Mean Jerk (3D): 17.8279 m/s³
      Jerk X: 7.5971 m/s³
      Jerk Y: 12.7008 m/s³
      Jerk Z: 4.8093 m/s³
  Max Jerk (3D): 379.9451 m/s³
  RMS Jerk (3D): 33.8924 m/s³
============================================================
