ros_timestamp_ns,wall_time,trajectory_mode,meas_x,meas_y,meas_z,is_tracked,pred_x,pred_y,pred_z,mae_x,mae_y,mae_z,inference_ms,buffer_size,robot_ee_x,robot_ee_y,robot_ee_z,j1_vel,j2_vel,j3_vel,j4_vel,j5_vel,j6_vel,j1_eff,j2_eff,j3_eff,j4_eff,j5_eff,j6_eff
1779677916721564799,2026-05-25T09:58:36.721595,prediction,0.077034,0.049000,-0.001765,True,0.100909,0.063568,0.016758,0.023875,0.014568,0.018523,5.23,20,-0.163827,0.263012,0.394668,0.000000,0.000000,0.000000,0.000000,0.000000,0.000000,-0.006440,-0.116480,0.072791,-0.033024,0.007072,-0.006752
1779677916763384169,2026-05-25T09:58:36.763414,prediction,0.081049,-0.000000,-0.012174,True,0.100778,0.047568,0.011252,0.019729,0.047568,0.023426,6.59,20,-0.168151,0.258321,0.397002,0.000000,0.000000,0.000000,0.000000,0.000000,0.000000,-0.006440,-0.116480,0.072791,-0.033024,0.007072,-0.006752
1779677916820728668,2026-05-25T09:58:36.820755,prediction,0.077034,0.049000,-0.001765,True,0.099347,0.049959,0.011535,0.022313,0.000959,0.013300,4.15,20,-0.168151,0.258321,0.397002,0.000000,0.000000,0.000000,0.000000,0.000000,0.000000,-0.006440,-0.116480,0.072791,-0.033024,0.007072,-0.006752
1779677916866258743,2026-05-25T09:58:36.866283,prediction,0.075477,0.068000,0.002272,True,0.102104,0.065959,0.016705,0.026627,0.002041,0.014434,6.97,20,-0.171950,0.256649,0.399933,0.000000,0.000000,0.000000,0.000000,0.000000,0.000000,-0.006440,-0.116480,0.072791,-0.033024,0.007072,-0.006752
1779677916901055012,2026-05-25T09:58:36.901077,prediction,0.081006,0.049000,-0.001765,True,0.107622,0.068845,0.016025,0.026616,0.019845,0.017790,4.63,20,-0.176098,0.256864,0.403997,0.000000,0.000000,0.000000,0.000000,0.000000,0.000000,-0.007700,-0.116480,0.072791,-0.033024,0.007200,-0.006912
1779677916950937724,2026-05-25T09:58:36.950964,prediction,0.082594,0.030000,-0.005801,True,0.110315,0.053219,0.010982,0.027721,0.023219,0.016783,4.42,20,-0.176098,0.256864,0.403997,0.000000,0.000000,0.000000,0.000000,0.000000,0.000000,-0.007700,-0.116480,0.072791,-0.033024,0.007200,-0.006912
1779677917001676337,2026-05-25T09:58:37.001710,prediction,0.084266,0.010000,-0.010050,True,0.112133,0.037219,0.006427,0.027868,0.027219,0.016477,6.44,20,-0.179424,0.259002,0.407321,0.000000,0.000000,0.000000,0.000000,0.000000,0.000000,-0.007700,-0.116480,0.072791,-0.033024,0.007200,-0.006912
1779677917053009908,2026-05-25T09:58:37.053033,prediction,0.080253,0.058000,0.004110,True,0.106108,0.053219,0.016182,0.025855,0.004781,0.012072,6.25,20,-0.181174,0.261023,0.409103,0.000000,0.000000,0.000000,0.000000,0.000000,0.000000,-0.006440,-0.116480,0.072791,-0.033024,0.006912,-0.006080
1779677917086514090,2026-05-25T09:58:37.086536,prediction,0.081006,0.049000,0.002213,True,0.107689,0.069219,0.018872,0.026683,0.020219,0.016660,6.06,20,-0.181174,0.261023,0.409103,0.000000,0.000000,0.000000,0.000000,0.000000,0.000000,-0.006440,-0.116480,0.072791,-0.033024,0.006912,-0.006080
1779677917133136410,2026-05-25T09:58:37.133164,prediction,0.081842,0.039000,0.004099,True,0.110524,0.059663,0.018860,0.028682,0.020663,0.014761,7.38,20,-0.181381,0.262653,0.409354,0.000000,0.000000,0.000000,0.000000,0.000000,0.000000,-0.006440,-0.116480,0.072791,-0.033024,0.006912,-0.006080
1779677917164490178,2026-05-25T09:58:37.164519,prediction,0.078665,0.077000,0.012047,True,0.105276,0.075663,0.022957,0.026611,0.001337,0.010911,5.75,20,-0.180793,0.266043,0.408507,0.000000,0.000000,0.000000,0.000000,0.000000,0.000000,-0.007700,-0.116480,0.072791,-0.033024,0.007296,-0.007520
1779677917206578727,2026-05-25T09:58:37.206600,prediction,0.079418,0.068000,0.014111,True,0.106431,0.087689,0.028242,0.027013,0.019689,0.014131,4.94,20,-0.180793,0.266043,0.408507,0.019634,0.063703,0.063265,0.002609,0.083335,0.002609,-0.109060,0.132300,0.272074,0.017664,-0.067680,0.018144
1779677917245178627,2026-05-25T09:58:37.245197,prediction,0.077034,0.049000,0.010168,True,0.105446,0.077436,0.026292,0.028412,0.028436,0.016124,4.49,20,-0.179488,0.270610,0.407806,0.037523,0.122172,0.124791,0.027045,0.169731,0.010467,-0.144340,0.198660,0.296808,0.008800,-0.067584,0.028000
1779677917301007257,2026-05-25T09:58:37.301044,prediction,0.077034,0.049000,0.010168,True,0.103944,0.067054,0.024317,0.026911,0.018054,0.014149,6.46,20,-0.176533,0.274385,0.405841,0.075045,0.232127,0.230377,0.045812,0.304559,0.021375,-0.137200,0.173180,0.311582,0.019648,-0.076800,0.031456
1779677917341880596,2026-05-25T09:58:37.341904,prediction,0.075477,0.068000,0.018057,True,0.099423,0.082329,0.031816,0.023947,0.014330,0.013759,7.22,20,-0.176533,0.274385,0.405841,0.076790,0.243469,0.241292,0.048863,0.320696,0.018756,-0.145040,0.168280,0.290085,0.018144,-0.082816,0.030560
1779677917399003154,2026-05-25T09:58:37.399026,prediction,0.077853,0.039000,0.012087,True,0.099210,0.076340,0.029679,0.021357,0.037340,0.017592,10.40,20,-0.172414,0.276714,0.402613,0.065447,0.232127,0.233871,0.048432,0.307168,0.005228,-0.075320,0.001540,0.220614,0.026880,-0.072352,0.023552
1779677917444163404,2026-05-25T09:58:37.444186,prediction,0.075477,0.068000,0.022003,True,0.096481,0.079966,0.032284,0.021004,0.011966,0.010280,8.13,20,-0.178939,0.272807,0.409769,0.042756,0.191108,0.197216,0.043193,0.258736,0.002609,-0.056980,-0.058240,0.192228,0.025600,-0.064576,0.000000
1779677917478433930,2026-05-25T09:58:37.478469,prediction,0.074739,0.077000,0.031705,True,0.094179,0.085016,0.044396,0.019440,0.008016,0.012692,7.37,20,-0.178939,0.272807,0.409769,0.042756,0.191108,0.197216,0.043193,0.258736,0.002609,-0.056980,-0.058240,0.192228,0.025600,-0.064576,0.000000
1779677917518104797,2026-05-25T09:58:37.518158,prediction,0.076296,0.058000,0.027887,True,0.091905,0.077460,0.044769,0.015609,0.019460,0.016882,8.79,20,-0.178622,0.274092,0.411572,0.042756,0.191108,0.197216,0.043193,0.258736,0.002609,-0.056980,-0.058240,0.192228,0.025600,-0.064576,0.000000
1779677917569125162,2026-05-25T09:58:37.569148,prediction,0.076325,0.105000,0.041216,True,0.085639,0.093460,0.052643,0.009314,0.011540,0.011427,7.83,20,-0.176447,0.274411,0.412699,0.179766,0.215544,0.195477,0.061949,0.231691,0.118680,0.227780,-0.539980,-0.128650,-0.069024,0.067840,-0.048640
1779677917609656819,2026-05-25T09:58:37.609685,prediction,0.077913,0.086000,0.041347,True,0.088635,0.094028,0.058707,0.010722,0.008028,0.017360,5.98,20,-0.176447,0.274411,0.412699,0.218602,0.277940,0.241723,0.072857,0.245208,0.140056,0.211400,-0.372540,-0.047476,-0.086656,0.066240,-0.050592
1779677917645211749,2026-05-25T09:58:37.645243,prediction,0.077077,0.096000,0.051124,True,0.084605,0.099882,0.066555,0.007527,0.003882,0.015431,6.89,20,-0.173179,0.273279,0.412494,0.225580,0.274451,0.213797,0.075477,0.196777,0.150533,0.203980,-0.343420,-0.034445,-0.084928,0.054944,-0.047872
1779677917680710769,2026-05-25T09:58:37.680727,prediction,0.077077,0.096000,0.055024,True,0.083761,0.107647,0.070687,0.006684,0.011647,0.015662,5.30,20,-0.173179,0.273279,0.412494,0.223835,0.251760,0.131765,0.056279,0.097294,0.158823,0.185360,-0.294700,0.028884,-0.093664,0.038528,-0.047360
1779677917715587989,2026-05-25T09:58:37.715610,prediction,0.082591,0.077000,0.059226,True,0.088661,0.097376,0.074949,0.006070,0.020376,0.015724,4.74,20,-0.169588,0.270796,0.410591,0.217289,0.233871,0.074611,0.054101,0.037954,0.159254,0.167020,-0.280840,0.050215,-0.088672,0.031072,-0.045984
1779677917757551761,2026-05-25T09:58:37.757595,prediction,0.079418,0.068000,0.061467,True,0.087763,0.083203,0.076568,0.008345,0.015203,0.015101,4.14,20,-0.169588,0.270796,0.410591,0.202889,0.201144,0.009160,0.037523,0.010898,0.153584,0.150920,-0.289800,0.077024,-0.088000,-0.035520,-0.041632
1779677917812825512,2026-05-25T09:58:37.812843,prediction,0.077077,0.096000,0.074526,True,0.083291,0.099203,0.092568,0.006214,0.003203,0.018042,6.24,20,-0.173209,0.280090,0.424373,0.155330,0.132208,0.079846,0.018756,0.110391,0.129147,0.126140,-0.203000,0.284607,-0.081440,-0.057888,-0.036288
1779677917851914303,2026-05-25T09:58:37.851949,prediction,0.077913,0.086000,0.076598,True,0.084025,0.103740,0.096997,0.006112,0.017740,0.020399,5.46,20,-0.173612,0.281638,0.425921,0.130457,0.096423,0.109519,0.013086,0.123908,0.113442,0.095480,-0.192780,0.263442,-0.073088,-0.057280,-0.040192
1779677917886926226,2026-05-25T09:58:37.886951,prediction,0.080253,0.058000,0.079403,True,0.088081,0.087740,0.098937,0.007828,0.029740,0.019534,4.36,20,-0.173612,0.281638,0.425921,0.109079,0.070243,0.120858,0.005228,0.121300,0.096863,0.084840,-0.166040,0.262031,-0.076864,-0.053824,-0.037632
1779677917944711006,2026-05-25T09:58:37.944736,prediction,0.074820,0.123000,0.094932,True,0.074541,0.103740,0.113275,0.000279,0.019260,0.018343,8.03,20,-0.173839,0.284730,0.429012,0.109079,0.070243,0.120858,0.005228,0.121300,0.096863,0.084840,-0.166040,0.262031,-0.076864,-0.053824,-0.037632
1779677917987000424,2026-05-25T09:58:37.987025,prediction,0.069495,0.141000,0.105788,True,0.076643,0.119740,0.127510,0.007148,0.021261,0.021723,6.75,20,-0.173755,0.289107,0.433959,0.109079,0.070243,0.120858,0.005228,0.121300,0.096863,0.084840,-0.166040,0.262031,-0.076864,-0.053824,-0.037632
1779677918037333311,2026-05-25T09:58:38.037364,prediction,0.069495,0.141000,0.109614,True,0.083790,0.134449,0.132540,0.014295,0.006551,0.022926,5.05,20,-0.173153,0.294375,0.440878,0.055412,0.082030,0.048432,0.000000,0.000000,0.043193,-0.139160,0.087360,0.201856,-0.021376,-0.010464,0.033792
1779677918080358852,2026-05-25T09:58:38.080383,prediction,0.072445,0.105000,0.107271,True,0.088470,0.120583,0.131634,0.016025,0.015583,0.024362,4.80,20,-0.173153,0.294375,0.440878,0.092934,0.096423,0.031852,0.016137,0.043193,0.080716,-0.170100,0.070000,0.204263,0.010816,0.046432,0.042464
1779677918127662686,2026-05-25T09:58:38.127698,prediction,0.069495,0.141000,0.117267,True,0.074824,0.136583,0.141013,0.005329,0.004417,0.023746,5.15,20,-0.172046,0.299503,0.449393,0.119114,0.093372,0.018759,0.018756,0.065010,0.105152,-0.167020,0.024780,0.186916,0.011648,0.043968,0.040416
1779677918179170718,2026-05-25T09:58:38.179209,prediction,0.062943,0.175000,0.126808,True,0.070759,0.152583,0.149258,0.007816,0.022417,0.022450,5.81,20,-0.170875,0.304452,0.457940,0.112568,0.067192,0.013086,0.013517,0.043193,0.091624,-0.116200,-0.014560,0.200030,0.012928,0.034912,0.039680
1779677918214403622,2026-05-25T09:58:38.214425,prediction,0.065031,0.149000,0.122438,True,0.078612,0.168583,0.147858,0.013581,0.019583,0.025420,4.67,20,-0.170875,0.304452,0.457940,0.062390,0.021378,0.023993,0.013517,0.005670,0.043193,-0.057540,-0.095760,0.201856,0.009312,-0.010688,0.031296
1779677918271173444,2026-05-25T09:58:38.271217,prediction,0.065674,0.141000,0.124920,True,0.077309,0.176601,0.144496,0.011636,0.035601,0.019577,8.78,20,-0.169639,0.309352,0.466602,0.014831,0.019634,0.035339,0.005228,0.061949,0.003051,-0.056000,-0.259420,0.215136,0.011264,-0.051552,0.027008
1779677918313786053,2026-05-25T09:58:38.313813,prediction,0.065315,0.192000,0.140893,True,0.061816,0.192601,0.160496,0.003499,0.000601,0.019603,4.96,20,-0.168432,0.314417,0.475212,0.000000,0.047120,0.041012,0.002609,0.089005,0.003051,0.000000,-0.307440,0.214223,0.009856,-0.054336,-0.008192
1779677918351971707,2026-05-25T09:58:38.351997,prediction,0.069053,0.192000,0.140893,True,0.068359,0.208601,0.159375,0.000694,0.016601,0.018482,4.86,20,-0.168432,0.314417,0.475212,0.000000,0.047120,0.041012,0.002609,0.089005,0.003051,0.000000,-0.307440,0.214223,0.009856,-0.054336,-0.008192
1779677918390449791,2026-05-25T09:58:38.390474,prediction,0.073472,0.184000,0.143344,True,0.081901,0.224601,0.155046,0.008428,0.040601,0.011703,4.43,20,-0.167153,0.319823,0.483448,0.000000,0.047120,0.041012,0.002609,0.089005,0.003051,0.000000,-0.307440,0.214223,0.009856,-0.054336,-0.008192
1779677918429503850,2026-05-25T09:58:38.429521,prediction,0.074239,0.175000,0.145661,True,0.086889,0.223066,0.154786,0.012650,0.048066,0.009125,5.03,20,-0.165927,0.325649,0.491578,0.000000,0.047120,0.041012,0.002609,0.089005,0.003051,0.000000,-0.307440,0.214223,0.009856,-0.054336,-0.008192
1779677918480709159,2026-05-25T09:58:38.480747,prediction,0.080263,0.149000,0.145318,True,0.089160,0.216564,0.155447,0.008897,0.067564,0.010129,8.74,20,-0.165927,0.325649,0.491578,0.003489,0.055412,0.041012,0.003051,0.097294,0.010898,0.045500,-0.313320,0.211816,0.009696,-0.056608,-0.013536
1779677918553607849,2026-05-25T09:58:38.553635,prediction,0.075746,0.201000,0.153545,True,0.074137,0.232564,0.156166,0.001609,0.031564,0.002621,8.16,20,-0.165050,0.332273,0.499001,0.085081,0.070243,0.046246,0.016137,0.131766,0.061949,-0.087080,-0.273420,0.267177,0.003136,-0.055616,0.035232
1779677918592227247,2026-05-25T09:58:38.592255,prediction,0.078005,0.175000,0.153202,True,0.081048,0.243335,0.156833,0.003043,0.068335,0.003631,8.62,20,-0.164240,0.339288,0.506035,0.050609,0.076790,0.083771,0.013517,0.161442,0.034903,-0.083020,-0.262500,0.258794,0.010912,-0.064896,0.032128
1779677918648082683,2026-05-25T09:58:38.648111,prediction,0.075051,0.209000,0.162240,True,0.075828,0.251030,0.163128,0.000777,0.042030,0.000888,5.15,20,-0.163482,0.346674,0.512650,0.001307,0.075045,0.130025,0.007847,0.199396,0.000000,-0.064400,-0.246680,0.275809,0.007968,-0.068512,0.001728
1779677918694749704,2026-05-25T09:58:38.694787,prediction,0.075746,0.201000,0.164729,True,0.075889,0.260363,0.168478,0.000143,0.059363,0.003749,5.82,20,-0.162823,0.354565,0.518916,0.034465,0.071556,0.176710,0.005228,0.255686,0.048432,0.117740,-0.260960,0.278714,0.005632,-0.070848,-0.032800
1779677918741861539,2026-05-25T09:58:38.741894,prediction,0.075746,0.201000,0.168457,True,0.073762,0.259109,0.169206,0.001984,0.058109,0.000750,4.95,20,-0.162823,0.354565,0.518916,0.040574,0.067192,0.183692,0.005228,0.250447,0.045812,0.099120,-0.211960,0.264438,0.005696,-0.069120,-0.030720
1779677918798721306,2026-05-25T09:58:38.798749,prediction,0.075746,0.201000,0.168457,True,0.073994,0.251959,0.168275,0.001752,0.050959,0.000182,9.84,20,-0.162283,0.362984,0.524163,0.022685,0.053667,0.169290,0.008289,0.215543,0.029665,0.072100,-0.232400,0.264770,0.007296,-0.065952,-0.024768
1779677918842290478,2026-05-25T09:58:38.842309,prediction,0.075051,0.209000,0.173385,True,0.071995,0.256005,0.177950,0.003056,0.047006,0.004566,8.59,20,-0.161694,0.371660,0.529040,0.000000,0.055412,0.169290,0.008289,0.223401,0.007847,0.026880,-0.244860,0.277552,0.004736,-0.067008,-0.023264
1779677918887037589,2026-05-25T09:58:38.887066,prediction,0.078005,0.175000,0.172055,True,0.072141,0.240005,0.179241,0.005864,0.065005,0.007187,8.34,20,-0.161694,0.371660,0.529040,0.014394,0.068498,0.197216,0.013517,0.272264,0.000000,-0.099820,-0.281400,0.308677,0.003840,-0.073984,-0.011200
1779677918931777713,2026-05-25T09:58:38.931804,prediction,0.075051,0.209000,0.177099,True,0.061296,0.250466,0.181215,0.013755,0.041467,0.004116,9.03,20,-0.161181,0.380703,0.533390,0.029669,0.086388,0.222964,0.013517,0.312406,0.010898,-0.103740,-0.284480,0.302784,0.005920,-0.077760,0.025216
1779677918974509318,2026-05-25T09:58:38.974536,prediction,0.075051,0.209000,0.180814,True,0.067915,0.246234,0.186179,0.007136,0.037234,0.005365,6.34,20,-0.160614,0.389770,0.537530,0.029669,0.086388,0.222964,0.013517,0.312406,0.010898,-0.103740,-0.284480,0.302784,0.005920,-0.077760,0.025216
1779677919013417765,2026-05-25T09:58:39.013453,prediction,0.077223,0.184000,0.177146,True,0.075111,0.230234,0.185504,0.002112,0.046233,0.008358,4.73,20,-0.160614,0.389770,0.537530,0.029669,0.086388,0.222964,0.013517,0.312406,0.010898,-0.103740,-0.284480,0.302784,0.005920,-0.077760,0.025216
1779677919083311134,2026-05-25T09:58:39.083337,prediction,0.075051,0.209000,0.180814,True,0.066806,0.234153,0.188467,0.008246,0.025153,0.007653,8.54,20,-0.160096,0.399080,0.541615,0.032720,0.093372,0.232124,0.016137,0.328985,0.013517,-0.114660,-0.308700,0.320214,0.007360,-0.078080,0.029056
1779677919143513348,2026-05-25T09:58:39.143548,prediction,0.077223,0.184000,0.184658,True,0.074007,0.218153,0.195242,0.003215,0.034153,0.010584,10.24,20,-0.159642,0.408098,0.545560,0.061958,0.127406,0.278809,0.013517,0.398803,0.040573,-0.125160,-0.257880,0.324115,-0.000576,-0.082208,0.034912
1779677919194716009,2026-05-25T09:58:39.194759,prediction,0.076528,0.192000,0.185805,True,0.073386,0.207641,0.194296,0.003142,0.015641,0.008491,5.83,20,-0.159160,0.417161,0.549691,0.060645,0.117808,0.282304,0.019198,0.396183,0.043193,-0.123900,-0.250740,0.317973,-0.003968,-0.091168,0.036512
1779677919268610142,2026-05-25T09:58:39.268663,prediction,0.069893,0.226000,0.194369,True,0.066427,0.223641,0.205022,0.003466,0.002359,0.010654,11.70,20,-0.158564,0.426132,0.554115,0.058463,0.093372,0.284482,0.013517,0.377427,0.043193,-0.110040,-0.246680,0.332581,-0.000800,-0.080864,0.034912
1779677919307012607,2026-05-25T09:58:39.307037,prediction,0.066211,0.226000,0.201742,True,0.066513,0.222783,0.214682,0.000302,0.003216,0.012939,5.12,20,-0.157720,0.434815,0.558984,0.055849,0.075045,0.286229,0.013517,0.361280,0.040142,-0.082040,-0.216020,0.337063,-0.000064,-0.075520,0.035744
1779677919361983004,2026-05-25T09:58:39.362014,prediction,0.060563,0.250000,0.205066,True,0.058609,0.235038,0.216665,0.001954,0.014962,0.011599,6.47,20,-0.156720,0.443077,0.564531,0.048865,0.048865,0.289724,0.010467,0.339894,0.034903,-0.115920,-0.199920,0.344782,0.000288,-0.082880,0.036640
1779677919414035328,2026-05-25T09:58:39.414066,prediction,0.052649,0.258000,0.213443,True,0.053056,0.239428,0.226796,0.000408,0.018572,0.013353,7.53,20,-0.156720,0.443077,0.564531,0.045814,0.032720,0.289724,0.008289,0.331173,0.032284,-0.087640,-0.185920,0.339221,-0.002688,-0.075584,0.036288
1779677919451684021,2026-05-25T09:58:39.451711,prediction,0.049636,0.250000,0.212361,True,0.050012,0.234172,0.226135,0.000376,0.015828,0.013774,4.74,20,-0.155054,0.449903,0.571634,0.039267,0.011342,0.289724,0.010467,0.296259,0.029665,-0.106540,-0.177240,0.345944,-0.008704,-0.073536,0.035296
1779677919496108672,2026-05-25T09:58:39.496134,prediction,0.050868,0.234000,0.213871,True,0.049135,0.227681,0.228667,0.001733,0.006319,0.014796,5.57,20,-0.152921,0.455641,0.579488,0.036209,0.001307,0.293650,0.007847,0.282742,0.027045,-0.106260,-0.036540,0.334075,-0.004352,-0.070304,0.031168
1779677919537676935,2026-05-25T09:58:39.537720,prediction,0.047803,0.226000,0.212802,True,0.042994,0.220577,0.228159,0.004809,0.005422,0.015356,4.52,20,-0.152921,0.455641,0.579488,0.032720,0.011342,0.293650,0.010467,0.277503,0.023995,-0.117460,-0.001820,0.352169,-0.008576,-0.073632,0.032448
1779677919583380578,2026-05-25T09:58:39.583409,prediction,0.044787,0.266000,0.221767,True,0.031192,0.236577,0.238049,0.013595,0.029423,0.016282,5.09,20,-0.150161,0.459364,0.588060,0.030976,0.021378,0.293650,0.005228,0.269214,0.021807,-0.104440,0.043680,0.342707,-0.004288,-0.074976,0.031456
1779677919635518268,2026-05-25T09:58:39.635545,prediction,0.042351,0.250000,0.223303,True,0.036013,0.247440,0.240143,0.006339,0.002560,0.016840,8.94,20,-0.147060,0.460919,0.596079,0.030976,0.021378,0.293650,0.005228,0.269214,0.021807,-0.104440,0.043680,0.342707,-0.004288,-0.074976,0.031456
1779677919673397592,2026-05-25T09:58:39.673458,prediction,0.034503,0.258000,0.224345,True,0.029618,0.249579,0.238858,0.004885,0.008420,0.014512,4.75,20,-0.147060,0.460919,0.596079,0.030976,0.021378,0.293650,0.005228,0.269214,0.021807,-0.104440,0.043680,0.342707,-0.004288,-0.074976,0.031456
1779677919719440051,2026-05-25T09:58:39.719464,prediction,0.029291,0.281000,0.230939,True,0.020282,0.265579,0.248127,0.009009,0.015420,0.017188,8.29,20,-0.143386,0.460375,0.603712,0.021378,0.089445,0.287977,0.008289,0.196345,0.016137,-0.108080,0.071260,0.359390,-0.009088,-0.059680,0.035136
1779677919777303578,2026-05-25T09:58:39.777338,prediction,0.021060,0.297000,0.232997,True,0.012730,0.281579,0.249879,0.008330,0.015421,0.016882,6.54,20,-0.139335,0.458497,0.610074,0.019634,0.102532,0.284482,0.005228,0.180640,0.016137,-0.078680,0.059780,0.362627,-0.005184,-0.060064,0.035136
1779677919813614387,2026-05-25T09:58:39.813640,prediction,0.009455,0.312000,0.238472,True,0.004549,0.297579,0.253945,0.004906,0.014421,0.015473,5.13,20,-0.139335,0.458497,0.610074,0.017889,0.109079,0.282742,0.002609,0.175401,0.013517,-0.097860,0.055720,0.349762,-0.005568,-0.056320,0.035680
1779677919859816627,2026-05-25T09:58:39.859845,prediction,0.008970,0.320000,0.239488,True,0.005467,0.311883,0.253996,0.003503,0.008117,0.014508,8.93,20,-0.134071,0.458413,0.616736,0.017889,0.114319,0.282742,0.002609,0.169731,0.016137,-0.096600,0.057260,0.357979,-0.003520,-0.056064,0.034784
1779677919901021775,2026-05-25T09:58:39.901039,prediction,0.004145,0.342000,0.245778,True,-0.006749,0.327883,0.260456,0.010894,0.014117,0.014677,6.61,20,-0.128702,0.460076,0.622545,0.016576,0.120859,0.280556,0.005228,0.164051,0.013517,-0.095480,0.051660,0.368105,-0.004512,-0.055328,0.036128
1779677919939653989,2026-05-25T09:58:39.939682,prediction,0.005442,0.320000,0.243021,True,-0.003513,0.335925,0.256695,0.008956,0.015925,0.013674,8.22,20,-0.128702,0.460076,0.622545,0.016576,0.120859,0.280556,0.002609,0.161873,0.013517,-0.098140,0.068460,0.360884,-0.006976,-0.062944,0.036800
1779677919977353798,2026-05-25T09:58:39.977372,prediction,-0.001009,0.371000,0.249414,True,-0.019513,0.351925,0.259609,0.018504,0.019075,0.010195,7.42,20,-0.122685,0.463845,0.628297,0.016138,0.124354,0.280556,0.003051,0.159254,0.013517,-0.104720,0.039620,0.364038,-0.003744,-0.058624,0.036352
1779677920018784204,2026-05-25T09:58:40.018817,prediction,0.000252,0.349000,0.246656,True,-0.008226,0.366952,0.257658,0.008478,0.017952,0.011002,5.58,20,-0.122685,0.463845,0.628297,0.014831,0.124354,0.284051,0.000000,0.161442,0.013517,-0.103180,0.029400,0.353331,-0.002016,-0.063456,0.036736
1779677920063098255,2026-05-25T09:58:40.063132,prediction,-0.001009,0.371000,0.252863,True,-0.011766,0.382952,0.261273,0.010757,0.011952,0.008411,7.57,20,-0.116648,0.469641,0.633095,0.016138,0.120859,0.282304,0.005228,0.161873,0.010898,-0.094500,0.014840,0.362627,-0.007808,-0.059776,0.034560
1779677920101426935,2026-05-25T09:58:40.101455,prediction,-0.001812,0.385000,0.254595,True,-0.014648,0.398952,0.261689,0.012836,0.013952,0.007094,9.35,20,-0.111091,0.477091,0.636702,0.017889,0.116063,0.282742,0.002609,0.166670,0.013517,-0.079240,0.027860,0.348683,-0.002912,-0.063616,0.033344
1779677920143777592,2026-05-25T09:58:40.143804,prediction,-0.001009,0.371000,0.252863,True,-0.011323,0.406552,0.259032,0.010314,0.035553,0.006169,8.55,20,-0.111091,0.477091,0.636702,0.019634,0.112568,0.284482,0.003051,0.174959,0.013086,-0.087080,0.019460,0.364204,-0.008704,-0.059552,0.032576
1779677920184194888,2026-05-25T09:58:40.184214,prediction,-0.004843,0.378000,0.257166,True,-0.020474,0.418184,0.262884,0.015631,0.040184,0.005718,8.83,20,-0.106234,0.485273,0.639622,0.021378,0.106028,0.290155,0.003051,0.183259,0.016137,-0.105000,0.005180,0.358311,-0.001856,-0.061120,0.033184
1779677920217780261,2026-05-25T09:58:40.217803,prediction,-0.006707,0.349000,0.253625,True,-0.018624,0.404835,0.261239,0.011916,0.055835,0.007614,4.79,20,-0.106234,0.485273,0.639622,0.027487,0.094679,0.291902,0.002609,0.199396,0.021807,-0.108080,-0.025620,0.362959,-0.006976,-0.066304,0.035072
1779677920262453562,2026-05-25T09:58:40.262497,prediction,-0.009032,0.392000,0.258875,True,-0.034624,0.420835,0.262746,0.025592,0.028835,0.003871,9.18,20,-0.101977,0.494019,0.642060,0.030976,0.082030,0.293650,0.005228,0.210305,0.027045,-0.114940,-0.044520,0.371923,-0.008800,-0.068640,0.035840
1779677920316165615,2026-05-25T09:58:40.316191,prediction,-0.008653,0.385000,0.258020,True,-0.022789,0.430528,0.260512,0.014135,0.045528,0.002492,9.70,20,-0.097912,0.502834,0.644231,0.042318,0.054105,0.290155,0.007847,0.234310,0.037523,-0.110040,-0.061320,0.359888,-0.008576,-0.068576,0.037248
1779677920359554238,2026-05-25T09:58:40.359586,prediction,-0.008653,0.385000,0.258020,True,-0.015726,0.423104,0.259547,0.007073,0.038104,0.001526,5.02,20,-0.094002,0.511887,0.646230,0.052354,0.029231,0.280995,0.005670,0.250447,0.045370,-0.136080,-0.086800,0.361299,-0.010368,-0.074688,0.038464
1779677920404392866,2026-05-25T09:58:40.404419,prediction,-0.009032,0.392000,0.258875,True,-0.021293,0.431570,0.261421,0.012261,0.039570,0.002547,6.93,20,-0.094002,0.511887,0.646230,0.061958,0.010029,0.273575,0.005228,0.269645,0.055848,-0.140420,-0.119000,0.366279,-0.009408,-0.069408,0.036640
1779677920445832397,2026-05-25T09:58:40.445866,prediction,-0.009789,0.406000,0.260584,True,-0.023571,0.447570,0.263693,0.013782,0.041570,0.003109,4.82,20,-0.090628,0.521166,0.647832,0.076790,0.025742,0.250890,0.005228,0.282742,0.067188,-0.158340,-0.337540,0.347521,-0.006080,-0.069856,0.038144
1779677920485060195,2026-05-25T09:58:40.485076,prediction,-0.009789,0.406000,0.260584,True,-0.020878,0.452360,0.261104,0.011090,0.046361,0.000520,4.40,20,-0.090628,0.521166,0.647832,0.086388,0.050609,0.230816,0.010898,0.280553,0.075477,-0.148120,-0.357980,0.344616,-0.014144,-0.072640,0.042368
1779677920526196311,2026-05-25T09:58:40.526228,prediction,-0.010924,0.427000,0.263147,True,-0.021741,0.460582,0.264699,0.010817,0.033582,0.001551,5.64,20,-0.087653,0.530604,0.649172,0.098174,0.076352,0.200711,0.010898,0.274884,0.089005,-0.162400,-0.362040,0.339387,-0.009088,-0.074976,0.040864
1779677920576917318,2026-05-25T09:58:40.576942,prediction,-0.010167,0.413000,0.261438,True,-0.018383,0.449986,0.263489,0.008216,0.036986,0.002051,7.71,20,-0.084876,0.540134,0.650399,0.112568,0.099481,0.165803,0.010898,0.264417,0.102091,-0.158620,-0.380660,0.321044,-0.007360,-0.075040,0.046592
1779677920619957325,2026-05-25T09:58:40.619979,prediction,-0.007182,0.420000,0.262293,True,-0.022202,0.453896,0.262316,0.015020,0.033896,0.000023,5.11,20,-0.084876,0.540134,0.650399,0.122603,0.111261,0.144858,0.008289,0.256117,0.116061,-0.161140,-0.358960,0.322953,-0.007680,-0.074464,0.041632
1779677920665352112,2026-05-25T09:58:40.665380,prediction,-0.004965,0.440000,0.264734,True,-0.020086,0.469896,0.264320,0.015121,0.029896,0.000414,6.33,20,-0.082413,0.550010,0.651484,0.133952,0.112568,0.130025,0.013517,0.237361,0.123908,-0.161420,-0.338800,0.320214,-0.013984,-0.072416,0.046080
1779677920712418465,2026-05-25T09:58:40.712457,prediction,-0.006112,0.460000,0.267176,True,-0.017773,0.483689,0.268279,0.011661,0.023689,0.001103,8.24,20,-0.080202,0.559456,0.652468,0.150097,0.106028,0.118679,0.016137,0.226452,0.140056,-0.159600,-0.311220,0.326854,-0.017216,-0.064352,0.048160
1779677920748790696,2026-05-25T09:58:40.748809,prediction,-0.002814,0.460000,0.270478,True,-0.005650,0.476261,0.272383,0.002836,0.016261,0.001905,6.21,20,-0.080202,0.559456,0.652468,0.158388,0.091190,0.122605,0.016137,0.215543,0.153584,-0.189980,-0.282940,0.341296,-0.018272,-0.064512,0.046656
1779677920797520708,2026-05-25T09:58:40.797543,prediction,0.001272,0.447000,0.268913,True,-0.003035,0.465639,0.269289,0.004306,0.018639,0.000376,10.77,20,-0.078247,0.569248,0.653438,0.171475,0.061958,0.143111,0.016137,0.207685,0.164492,-0.182840,-0.233100,0.361465,-0.018944,-0.065120,0.045920
1779677920834765475,2026-05-25T09:58:40.834789,prediction,0.000847,0.454000,0.269756,True,-0.011845,0.481515,0.269627,0.012693,0.027515,0.000128,5.24,20,-0.076473,0.579094,0.654417,0.173219,0.050609,0.150531,0.013517,0.199396,0.164492,-0.179060,-0.223720,0.355904,-0.015584,-0.070976,0.049152
1779677920881423191,2026-05-25T09:58:40.881442,prediction,0.002536,0.480000,0.272887,True,-0.006255,0.497515,0.275274,0.008791,0.017516,0.002387,8.69,20,-0.076473,0.579094,0.654417,0.176708,0.011342,0.176710,0.019198,0.188487,0.164492,-0.159600,-0.208600,0.371591,-0.018880,-0.062464,0.045824
1779677920934885619,2026-05-25T09:58:40.934909,prediction,0.002163,0.486000,0.276869,True,0.003591,0.505460,0.281534,0.001428,0.019460,0.004665,6.49,20,-0.075062,0.588934,0.655421,0.171475,0.020940,0.198964,0.016137,0.172782,0.161873,-0.151900,0.007700,0.354908,-0.015648,-0.061664,0.043808
1779677920976949283,2026-05-25T09:58:40.976973,prediction,0.002536,0.480000,0.276156,True,0.007529,0.496015,0.279422,0.004992,0.016016,0.003265,5.74,20,-0.073969,0.598752,0.656487,0.158388,0.061958,0.211618,0.016137,0.153584,0.153584,-0.151900,0.037380,0.372919,-0.017760,-0.056064,0.047040
1779677921014302514,2026-05-25T09:58:41.014370,prediction,0.004970,0.493000,0.277701,True,0.000337,0.512015,0.280180,0.004633,0.019016,0.002479,5.04,20,-0.073969,0.598752,0.656487,0.148784,0.086388,0.221217,0.013517,0.137436,0.143106,-0.151200,0.033740,0.375741,-0.020704,-0.052384,0.044416
1779677921055057320,2026-05-25T09:58:41.055081,prediction,0.003373,0.518000,0.280670,True,-0.003767,0.528015,0.284843,0.007140,0.010016,0.004173,4.59,20,-0.073400,0.608675,0.657726,0.135697,0.109517,0.230377,0.010898,0.123908,0.131766,-0.143220,0.056700,0.366943,-0.017216,-0.050432,0.042528
1779677921093961749,2026-05-25T09:58:41.093996,prediction,0.007034,0.511000,0.279839,True,0.008652,0.543479,0.283660,0.001618,0.032479,0.003821,5.25,20,-0.073026,0.618602,0.659065,0.117808,0.130895,0.234310,0.007847,0.105152,0.113442,-0.128940,0.044940,0.370014,-0.019200,-0.055328,0.041856
1779677921132010026,2026-05-25T09:58:41.132053,prediction,0.007034,0.511000,0.279839,True,0.009529,0.542290,0.282696,0.002495,0.031290,0.002857,4.71,20,-0.073026,0.618602,0.659065,0.107772,0.138748,0.236050,0.010898,0.099914,0.105152,-0.133280,0.028420,0.362461,-0.020224,-0.050720,0.041024
1779677921173297566,2026-05-25T09:58:41.173332,prediction,0.007034,0.511000,0.279839,True,0.002981,0.553600,0.283002,0.004053,0.042600,0.003163,8.27,20,-0.073167,0.628456,0.660541,0.101225,0.148784,0.236050,0.008289,0.091624,0.097294,-0.103740,0.027160,0.373085,-0.018144,-0.051040,0.040352
1779677921210740944,2026-05-25T09:58:41.210765,prediction,0.006576,0.518000,0.283878,True,-0.001946,0.569600,0.287403,0.008522,0.051600,0.003525,6.34,20,-0.073167,0.628456,0.660541,0.086388,0.155330,0.239976,0.005670,0.089005,0.083766,-0.124880,0.006440,0.374828,-0.018880,-0.050048,0.038688
1779677921249590902,2026-05-25T09:58:41.249618,prediction,0.009375,0.524000,0.284580,True,0.007893,0.576241,0.285929,0.001482,0.052241,0.001349,7.82,20,-0.073649,0.638301,0.662124,0.082030,0.158388,0.241292,0.008289,0.083335,0.078096,-0.129780,0.029400,0.365366,-0.020704,-0.050816,0.042816
1779677921296185474,2026-05-25T09:58:41.296208,prediction,0.009778,0.518000,0.287085,True,0.014361,0.561392,0.289510,0.004583,0.043392,0.002426,4.94,20,-0.074304,0.648137,0.663759,0.070243,0.163184,0.239976,0.008289,0.078096,0.067188,-0.106820,0.032480,0.382796,-0.021216,-0.053888,0.036864
1779677921337434715,2026-05-25T09:58:41.337451,prediction,0.012568,0.524000,0.287778,True,0.008315,0.566380,0.288949,0.004253,0.042380,0.001171,7.92,20,-0.074304,0.648137,0.663759,0.070243,0.163184,0.239976,0.008289,0.078096,0.067188,-0.106820,0.032480,0.382796,-0.021216,-0.053888,0.036864
1779677921381092517,2026-05-25T09:58:41.381117,prediction,0.012155,0.530000,0.288471,True,0.006244,0.580857,0.288975,0.005911,0.050857,0.000505,8.40,20,-0.075310,0.657966,0.665479,0.070243,0.163184,0.239976,0.008289,0.078096,0.067188,-0.106820,0.032480,0.382796,-0.021216,-0.053888,0.036864
1779677921417000270,2026-05-25T09:58:41.417026,prediction,0.011329,0.542000,0.293024,True,0.007690,0.588137,0.294672,0.003639,0.046137,0.001648,5.30,20,-0.075310,0.657966,0.665479,0.066754,0.166673,0.241292,0.008289,0.078096,0.064568,-0.130480,0.016100,0.372753,-0.020480,-0.052544,0.035744
1779677921464479651,2026-05-25T09:58:41.464507,prediction,0.012981,0.518000,0.290292,True,0.017700,0.572137,0.292478,0.004719,0.054137,0.002186,9.25,20,-0.076388,0.667764,0.667243,0.041012,0.182817,0.254816,0.005670,0.067188,0.037523,-0.101640,0.031220,0.378812,-0.020768,-0.046592,0.034848
1779677921500565540,2026-05-25T09:58:41.500593,prediction,0.014915,0.536000,0.292341,True,0.005423,0.577401,0.294353,0.009492,0.041402,0.002012,9.11,20,-0.077555,0.677501,0.669031,0.034465,0.188057,0.254377,0.002609,0.067629,0.034903,-0.073360,-0.009520,0.382381,-0.018592,-0.045248,0.032224
1779677921546724843,2026-05-25T09:58:41.546757,prediction,0.014915,0.536000,0.292341,True,0.007252,0.585030,0.294337,0.007663,0.049030,0.001996,6.16,20,-0.077555,0.677501,0.669031,0.029231,0.189364,0.254816,0.002609,0.067188,0.027045,-0.087920,-0.008960,0.394997,-0.019104,-0.048864,0.030624
1779677921590056888,2026-05-25T09:58:41.590084,prediction,0.014069,0.548000,0.293707,True,0.008473,0.587071,0.296013,0.005596,0.039071,0.002306,8.79,20,-0.078735,0.687293,0.670833,0.022685,0.189364,0.260050,0.002609,0.070249,0.021807,-0.083580,0.020020,0.387361,-0.017600,-0.045536,0.033184
1779677921629079375,2026-05-25T09:58:41.629112,prediction,0.014915,0.536000,0.292341,True,0.017121,0.571071,0.295366,0.002206,0.035071,0.003025,5.32,20,-0.079853,0.697050,0.672626,0.020940,0.191108,0.258742,0.002609,0.069807,0.019198,-0.082460,0.008680,0.392590,-0.018048,-0.048160,0.031904
1779677921668742789,2026-05-25T09:58:41.668770,prediction,0.014069,0.548000,0.293707,True,0.007146,0.573840,0.297123,0.006923,0.025840,0.003415,4.91,20,-0.079853,0.697050,0.672626,0.014831,0.194166,0.261798,0.002609,0.069807,0.013517,-0.081480,-0.032760,0.391179,-0.020480,-0.051200,0.031904
1779677921713527559,2026-05-25T09:58:41.713552,prediction,0.014915,0.536000,0.292341,True,0.010085,0.567926,0.294660,0.004830,0.031926,0.002319,6.96,20,-0.081008,0.706800,0.674412,0.010029,0.191108,0.267471,0.000000,0.075477,0.008289,-0.063140,0.004340,0.386697,-0.019424,-0.047200,0.031744
1779677921759231451,2026-05-25T09:58:41.759270,prediction,0.011329,0.542000,0.293024,True,0.005553,0.565734,0.295303,0.005776,0.023734,0.002279,4.83,20,-0.082151,0.716635,0.676215,0.004796,0.192853,0.269649,0.000000,0.075477,0.005228,-0.048020,-0.004900,0.382713,-0.018720,-0.046144,0.030240
1779677921799888807,2026-05-25T09:58:41.799914,prediction,0.010916,0.548000,0.293707,True,0.010151,0.562617,0.297041,0.000765,0.014617,0.003334,4.72,20,-0.082151,0.716635,0.676215,0.000000,0.195911,0.273144,0.000000,0.078538,0.002609,-0.038080,-0.048300,0.386365,-0.019872,-0.050272,0.027392
1779677921845018738,2026-05-25T09:58:41.845041,prediction,0.010916,0.548000,0.293707,True,0.011501,0.556481,0.297818,0.000584,0.008481,0.004110,5.11,20,-0.083231,0.726397,0.678091,0.003051,0.194604,0.273144,0.000000,0.083766,0.000000,0.028700,-0.047740,0.393420,-0.022560,-0.047936,0.001280
1779677921893251495,2026-05-25T09:58:41.893277,prediction,0.010503,0.554000,0.294391,True,0.006566,0.561472,0.297457,0.003937,0.007472,0.003066,5.29,20,-0.084381,0.736160,0.680029,0.014394,0.194166,0.284482,0.000000,0.085954,0.016137,0.084000,-0.004900,0.383460,-0.033792,-0.051040,-0.023776
1779677921934285803,2026-05-25T09:58:41.934331,prediction,0.006150,0.572000,0.296440,True,-0.000858,0.577472,0.300343,0.007008,0.005472,0.003903,6.50,20,-0.084381,0.736160,0.680029,0.019634,0.199400,0.287977,0.000000,0.091624,0.021375,0.091980,-0.065660,0.402218,-0.046528,-0.047872,-0.028000
1779677921971954815,2026-05-25T09:58:41.971984,prediction,0.002250,0.584000,0.297807,True,0.000224,0.587746,0.301535,0.002026,0.003746,0.003729,4.86,20,-0.085534,0.745828,0.682046,0.024429,0.197655,0.291902,0.000000,0.094244,0.024426,0.097860,-0.067200,0.404625,-0.062176,-0.049760,-0.028000
1779677922014989687,2026-05-25T09:58:42.015015,prediction,0.003430,0.566000,0.295757,True,0.008895,0.571746,0.298846,0.005465,0.005746,0.003089,5.13,20,-0.085534,0.745828,0.682046,0.030976,0.194166,0.301063,0.000000,0.102533,0.029665,0.098560,-0.033460,0.381883,-0.083040,-0.050592,-0.032736
1779677922067879513,2026-05-25T09:58:42.067899,prediction,-0.000078,0.572000,0.296440,True,-0.005817,0.575977,0.298454,0.005739,0.003977,0.002014,5.25,20,-0.086466,0.755685,0.684372,0.036209,0.197655,0.301063,0.005228,0.105152,0.037954,0.121520,-0.065940,0.385369,-0.105696,-0.049760,-0.032000
1779677922110234297,2026-05-25T09:58:42.110261,prediction,-0.000844,0.584000,0.297807,True,-0.006736,0.591977,0.300489,0.005892,0.007977,0.002683,5.02,20,-0.087184,0.765135,0.686816,0.039267,0.198962,0.304557,0.005670,0.107772,0.040573,0.117740,-0.078960,0.401803,-0.106912,-0.056064,-0.036128
1779677922153064966,2026-05-25T09:58:42.153091,prediction,-0.005869,0.615000,0.301336,True,-0.010660,0.607977,0.305154,0.004791,0.007023,0.003818,5.05,20,-0.087184,0.765135,0.686816,0.045814,0.194166,0.314156,0.002609,0.116061,0.045812,0.104720,-0.049840,0.393420,-0.101344,-0.052160,-0.033024
1779677922192492944,2026-05-25T09:58:42.192521,prediction,-0.007700,0.595000,0.295978,True,-0.001803,0.603694,0.298762,0.005896,0.008694,0.002784,5.38,20,-0.087187,0.774837,0.689635,0.045814,0.196348,0.312408,0.002609,0.115619,0.043193,0.116760,-0.061040,0.402716,-0.101248,-0.050720,-0.033504
1779677922228788662,2026-05-25T09:58:42.228814,prediction,-0.011130,0.601000,0.296671,True,-0.016470,0.605596,0.298378,0.005340,0.004596,0.001707,4.74,20,-0.086870,0.784346,0.692456,0.048865,0.199400,0.314156,0.002609,0.120858,0.048432,0.135100,-0.097860,0.413672,-0.104960,-0.050368,-0.036288
1779677922280441757,2026-05-25T09:58:42.280470,prediction,-0.015458,0.623000,0.299213,True,-0.028646,0.621596,0.302625,0.013189,0.001404,0.003412,6.61,20,-0.086870,0.784346,0.692456,0.052354,0.194604,0.319390,0.005228,0.121300,0.051040,0.119280,-0.082040,0.395827,-0.101344,-0.051872,-0.035968
1779677922326596428,2026-05-25T09:58:42.326621,prediction,-0.018822,0.629000,0.296881,True,-0.025292,0.637596,0.297083,0.006470,0.008596,0.000202,7.88,20,-0.084784,0.792647,0.694900,0.052354,0.197655,0.323316,0.005228,0.129147,0.054101,0.118020,-0.090720,0.400973,-0.103808,-0.050880,-0.034560
1779677922364810224,2026-05-25T09:58:42.364840,prediction,-0.021843,0.629000,0.293856,True,-0.022580,0.644753,0.291434,0.000738,0.015753,0.002422,4.89,20,-0.081996,0.799000,0.696491,0.051923,0.197655,0.323754,0.005228,0.129147,0.051040,0.110880,-0.123340,0.407032,-0.106912,-0.053888,-0.035840
1779677922414887169,2026-05-25T09:58:42.414913,prediction,-0.028442,0.640000,0.292156,True,-0.037881,0.659090,0.292175,0.009439,0.019090,0.000019,5.13,20,-0.081996,0.799000,0.696491,0.053667,0.192853,0.326810,0.002609,0.132208,0.053659,0.119840,-0.075600,0.401305,-0.107520,-0.054656,-0.034784
1779677922452171470,2026-05-25T09:58:42.452197,prediction,-0.031150,0.634000,0.285401,True,-0.041746,0.670905,0.283323,0.010596,0.036905,0.002078,4.03,20,-0.078084,0.805298,0.696887,0.051923,0.194166,0.327249,0.002609,0.132208,0.051040,0.098560,-0.087640,0.396159,-0.107648,-0.058336,-0.035232
1779677922493448717,2026-05-25T09:58:42.493480,prediction,-0.034447,0.640000,0.286143,True,-0.047494,0.684369,0.282110,0.013048,0.044369,0.004033,5.12,20,-0.074350,0.811098,0.696639,0.050609,0.195911,0.328989,0.002609,0.134817,0.051040,0.122360,-0.120260,0.401969,-0.111040,-0.054112,-0.035968
1779677922535107984,2026-05-25T09:58:42.535132,prediction,-0.034447,0.640000,0.283137,True,-0.041811,0.678571,0.277297,0.007364,0.038571,0.005840,5.52,20,-0.074350,0.811098,0.696639,0.050609,0.192853,0.334662,0.002609,0.140056,0.051040,0.101360,-0.103180,0.404791,-0.110432,-0.055776,-0.032352
1779677922575164028,2026-05-25T09:58:42.575196,prediction,-0.037679,0.645000,0.277767,True,-0.049014,0.676931,0.270777,0.011336,0.031931,0.006989,4.51,20,-0.069847,0.818780,0.695534,0.048865,0.194166,0.338156,0.005670,0.137436,0.048432,0.098140,-0.092260,0.408028,-0.109472,-0.064736,-0.035456
1779677922618043608,2026-05-25T09:58:42.618061,prediction,-0.041380,0.661000,0.276853,True,-0.059205,0.692931,0.269927,0.017825,0.031932,0.006926,4.48,20,-0.069847,0.818780,0.695534,0.047558,0.199400,0.342082,0.005670,0.143106,0.048863,0.126700,-0.133840,0.416411,-0.112768,-0.055840,-0.033792
1779677922672137867,2026-05-25T09:58:42.672172,prediction,-0.044603,0.667000,0.274672,True,-0.057422,0.701568,0.266956,0.012818,0.034568,0.007716,4.86,20,-0.065240,0.827468,0.693630,0.048865,0.197655,0.345569,0.002609,0.150964,0.048863,0.096040,-0.116480,0.430853,-0.114048,-0.058400,-0.033408
1779677922717087578,2026-05-25T09:58:42.717111,prediction,-0.045455,0.687000,0.271452,True,-0.056347,0.714991,0.261827,0.010892,0.027991,0.009625,4.89,20,-0.060530,0.836082,0.691539,0.047558,0.198962,0.353428,0.002609,0.153584,0.048432,0.113680,-0.099400,0.415083,-0.113440,-0.060960,-0.033856
1779677922757050025,2026-05-25T09:58:42.757076,prediction,-0.045455,0.687000,0.268523,True,-0.053359,0.713273,0.260020,0.007904,0.026273,0.008503,4.89,20,-0.060530,0.836082,0.691539,0.047120,0.204202,0.354737,0.002609,0.158823,0.048432,0.116480,-0.156240,0.423300,-0.117280,-0.060512,-0.032672
1779677922800221900,2026-05-25T09:58:42.800246,prediction,-0.045455,0.687000,0.268523,True,-0.060430,0.715834,0.260065,0.014975,0.028834,0.008458,5.61,20,-0.056070,0.844687,0.689255,0.044069,0.199400,0.360410,0.005670,0.156203,0.043193,0.101640,-0.142240,0.406285,-0.117600,-0.063392,-0.034784
1779677922840663693,2026-05-25T09:58:42.840689,prediction,-0.046136,0.703000,0.264907,True,-0.063018,0.731834,0.252689,0.016882,0.028834,0.012218,4.63,20,-0.052142,0.853474,0.686594,0.044069,0.199400,0.364335,0.002609,0.161873,0.042751,0.108080,-0.119840,0.415747,-0.114720,-0.060384,-0.035840
1779677922898785870,2026-05-25T09:58:42.898814,prediction,-0.046775,0.718000,0.267009,True,-0.058589,0.747834,0.256434,0.011814,0.029834,0.010575,5.70,20,-0.048143,0.862226,0.683749,0.041012,0.202457,0.366083,0.005228,0.167112,0.043193,0.101920,-0.174720,0.420893,-0.116160,-0.062112,-0.030624
1779677922940999514,2026-05-25T09:58:42.941019,prediction,-0.046136,0.703000,0.262003,True,-0.050237,0.734454,0.251409,0.004101,0.031454,0.010594,4.76,20,-0.048143,0.862226,0.683749,0.035778,0.197655,0.379168,0.005670,0.174959,0.037954,0.091980,-0.139160,0.406285,-0.110976,-0.063904,-0.031616
1779677922986609577,2026-05-25T09:58:42.986628,prediction,-0.046562,0.713000,0.260535,True,-0.061107,0.741558,0.249066,0.014545,0.028559,0.011468,8.18,20,-0.044703,0.871059,0.680686,0.032720,0.197655,0.382663,0.002609,0.180198,0.032284,0.086100,-0.131320,0.422138,-0.113920,-0.066400,-0.036352
1779677923031091280,2026-05-25T09:58:43.031142,prediction,-0.046349,0.708000,0.256923,True,-0.058464,0.747001,0.246140,0.012115,0.039001,0.010782,10.72,20,-0.041451,0.880042,0.677473,0.024867,0.199400,0.388767,0.002609,0.191107,0.027045,0.094500,-0.174160,0.438987,-0.117600,-0.064960,-0.031072
1779677923069663692,2026-05-25T09:58:43.069689,prediction,-0.046775,0.718000,0.255495,True,-0.058463,0.756995,0.245036,0.011688,0.038995,0.010459,5.24,20,-0.041451,0.880042,0.677473,0.019196,0.195911,0.388328,0.000000,0.194157,0.018756,0.065940,-0.168560,0.421308,-0.112864,-0.061120,-0.030112
1779677923108762218,2026-05-25T09:58:43.108786,prediction,-0.046562,0.713000,0.254761,True,-0.052437,0.747658,0.245887,0.005875,0.034658,0.008875,5.24,20,-0.038540,0.888934,0.674105,0.014394,0.192853,0.384403,0.002609,0.191107,0.016137,0.059780,-0.150220,0.418154,-0.111104,-0.060448,-0.031392
1779677923149891015,2026-05-25T09:58:43.149913,prediction,-0.047200,0.728000,0.254100,True,-0.058555,0.756744,0.243854,0.011355,0.028745,0.010246,5.25,20,-0.038540,0.888934,0.674105,0.000000,0.183255,0.362588,0.000000,0.178021,0.000000,0.014560,-0.224980,0.407032,-0.107360,-0.069792,-0.023840
1779677923189389908,2026-05-25T09:58:43.189415,prediction,-0.046775,0.718000,0.252617,True,-0.054163,0.751035,0.243010,0.007389,0.033035,0.009606,4.79,20,-0.036061,0.898008,0.670595,0.008285,0.173219,0.345569,0.000000,0.174959,0.002609,-0.074060,-0.214200,0.415249,-0.101344,-0.059232,0.010080
1779677923231263290,2026-05-25T09:58:43.231296,prediction,-0.047413,0.733000,0.249134,True,-0.059917,0.764552,0.237411,0.012504,0.031552,0.011723,4.87,20,-0.033760,0.907029,0.667065,0.021378,0.161877,0.319390,0.000000,0.156203,0.021375,-0.123060,-0.205800,0.393752,-0.086656,-0.060160,0.027840
1779677923282559881,2026-05-25T09:58:43.282598,prediction,-0.047839,0.743000,0.250651,True,-0.056199,0.772976,0.242604,0.008360,0.029976,0.008046,6.00,20,-0.033760,0.907029,0.667065,0.039267,0.145732,0.274883,0.002609,0.132208,0.040142,-0.119560,-0.225260,0.392424,-0.054944,-0.052832,0.033024
1779677923320306335,2026-05-25T09:58:43.320324,prediction,-0.048222,0.752000,0.249193,True,-0.053778,0.776833,0.241440,0.005556,0.024833,0.007754,4.66,20,-0.031820,0.916283,0.663464,0.047558,0.138748,0.250890,0.003051,0.113000,0.048432,-0.124880,-0.236180,0.379476,-0.027552,-0.055616,0.032736
1779677923362086022,2026-05-25T09:58:43.362129,prediction,-0.048435,0.757000,0.247145,True,-0.054000,0.780909,0.237226,0.005565,0.023909,0.009919,5.02,20,-0.030203,0.925414,0.659990,0.053667,0.137004,0.238236,0.007847,0.099914,0.054101,-0.136080,-0.190960,0.380389,-0.026176,-0.051328,0.036736
1779677923408902645,2026-05-25T09:58:43.408937,prediction,-0.046022,0.766000,0.245740,True,-0.051340,0.791855,0.235476,0.005317,0.025855,0.010264,8.02,20,-0.030203,0.925414,0.659990,0.058901,0.143988,0.228637,0.007847,0.086386,0.059340,-0.118300,-0.204540,0.388938,-0.028064,-0.049824,0.038400
1779677923444084156,2026-05-25T09:58:43.444108,prediction,-0.046022,0.766000,0.242940,True,-0.051392,0.795528,0.233974,0.005370,0.029528,0.008966,8.84,20,-0.029043,0.934705,0.656586,0.061958,0.153586,0.230377,0.007847,0.078096,0.059340,-0.121100,-0.225260,0.391843,-0.027328,-0.051776,0.036512
1779677923496870988,2026-05-25T09:58:43.496899,prediction,-0.046243,0.771000,0.238149,True,-0.050778,0.797152,0.229208,0.004535,0.026152,0.008940,8.62,20,-0.028154,0.944066,0.653192,0.063703,0.163184,0.239544,0.002609,0.072857,0.061949,-0.106540,-0.205520,0.393088,-0.024992,-0.050592,0.036640
1779677923543996261,2026-05-25T09:58:43.544016,prediction,-0.046464,0.776000,0.236173,True,-0.050818,0.802413,0.227185,0.004354,0.026413,0.008988,9.64,20,-0.028154,0.944066,0.653192,0.063703,0.181511,0.254816,0.005228,0.072857,0.061949,-0.124180,-0.176960,0.394084,-0.022880,-0.051872,0.037920
1779677923597045521,2026-05-25T09:58:43.597071,prediction,-0.046862,0.785000,0.232105,True,-0.051332,0.813800,0.221880,0.004470,0.028800,0.010225,8.67,20,-0.027830,0.953487,0.649821,0.060207,0.194166,0.263976,0.005228,0.072426,0.061949,-0.127960,-0.211680,0.391013,-0.022272,-0.045088,0.038752
1779677923639448395,2026-05-25T09:58:43.639472,prediction,-0.043456,0.771000,0.226983,True,-0.042756,0.800404,0.217585,0.000700,0.029404,0.009398,8.91,20,-0.027600,0.962886,0.646387,0.060645,0.198962,0.269649,0.005228,0.070249,0.059340,-0.113960,-0.206080,0.397902,-0.025120,-0.046432,0.039680
1779677923679534970,2026-05-25T09:58:43.679553,prediction,-0.041571,0.790000,0.221896,True,-0.049851,0.816404,0.208852,0.008280,0.026404,0.013044,6.22,20,-0.027600,0.962886,0.646387,0.057156,0.202457,0.275322,0.005228,0.069807,0.056721,-0.125860,-0.211680,0.392424,-0.024672,-0.050368,0.036640
1779677923718364349,2026-05-25T09:58:43.718381,prediction,-0.041571,0.790000,0.219136,True,-0.046803,0.819713,0.208898,0.005232,0.029713,0.010238,4.42,20,-0.027888,0.972182,0.642678,0.054105,0.205946,0.277069,0.005228,0.070249,0.054101,-0.126140,-0.209160,0.392756,-0.024000,-0.047712,0.035744
1779677923765106197,2026-05-25T09:58:43.765130,prediction,-0.041333,0.785000,0.212726,True,-0.043362,0.810567,0.202065,0.002029,0.025567,0.010661,5.80,20,-0.028380,0.981405,0.638810,0.052354,0.208997,0.273144,0.002609,0.070249,0.051040,-0.099120,-0.234640,0.412842,-0.023776,-0.045088,0.034784
1779677923812209782,2026-05-25T09:58:43.812233,prediction,-0.038126,0.776000,0.205558,True,-0.039275,0.799884,0.192796,0.001148,0.023884,0.012762,5.04,20,-0.028380,0.981405,0.638810,0.045814,0.210742,0.277069,0.005670,0.064568,0.045812,-0.110880,-0.220080,0.404957,-0.023616,-0.051328,0.037344
1779677923866028327,2026-05-25T09:58:43.866055,prediction,-0.038323,0.780000,0.200730,True,-0.044661,0.805013,0.187562,0.006338,0.025013,0.013168,9.73,20,-0.029276,0.990303,0.634329,0.042318,0.212055,0.280995,0.000000,0.070249,0.043193,-0.124600,-0.205520,0.412842,-0.018432,-0.043584,0.036128
1779677923917089715,2026-05-25T09:58:43.917110,prediction,-0.039256,0.799000,0.198745,True,-0.048609,0.821013,0.185980,0.009352,0.022013,0.012766,5.88,20,-0.030298,0.998903,0.629387,0.035778,0.218602,0.284482,0.002609,0.067188,0.037523,-0.108080,-0.245700,0.417158,-0.025440,-0.049600,0.032064
1779677923959265346,2026-05-25T09:58:43.959292,prediction,-0.038814,0.790000,0.191535,True,-0.038152,0.814374,0.180701,0.000663,0.024374,0.010833,5.15,20,-0.031379,1.006686,0.624271,0.034034,0.220346,0.289724,0.003051,0.069807,0.032715,-0.110320,-0.233660,0.414004,-0.022944,-0.046528,0.033024
1779677923999867099,2026-05-25T09:58:43.999893,prediction,-0.038814,0.790000,0.186014,True,-0.039798,0.808651,0.171548,0.000984,0.018651,0.014466,5.01,20,-0.031379,1.006686,0.624271,0.030976,0.222091,0.297137,0.005228,0.070249,0.029665,-0.097300,-0.235200,0.403380,-0.024608,-0.048032,0.031904
1779677924053740454,2026-05-25T09:58:44.053767,prediction,-0.038814,0.790000,0.180494,True,-0.042189,0.813197,0.166563,0.003375,0.023197,0.013931,7.89,20,-0.032871,1.013806,0.617807,0.023122,0.227324,0.303248,0.002609,0.072857,0.021807,-0.091420,-0.247660,0.405953,-0.023776,-0.052160,0.032800
1779677924095251041,2026-05-25T09:58:44.095287,prediction,-0.038814,0.790000,0.174974,True,-0.044150,0.818599,0.161866,0.005336,0.028599,0.013107,4.74,20,-0.034194,1.019521,0.611612,0.019634,0.228638,0.308483,0.002609,0.078096,0.019198,-0.097860,-0.221340,0.398732,-0.021504,-0.049152,0.034176
1779677924145671125,2026-05-25T09:58:44.145692,prediction,-0.039256,0.799000,0.171291,True,-0.043632,0.822617,0.157579,0.004375,0.023617,0.013712,9.05,20,-0.034194,1.019521,0.611612,0.014831,0.233433,0.314156,0.000000,0.080716,0.016137,-0.091420,-0.250740,0.411431,-0.023104,-0.048704,0.033280
1779677924182073450,2026-05-25T09:58:44.182093,prediction,-0.038569,0.785000,0.165664,True,-0.037532,0.806617,0.152838,0.001037,0.021617,0.012826,4.63,20,-0.035361,1.024496,0.604045,0.013087,0.235178,0.321576,0.000000,0.089005,0.013517,-0.082740,-0.244580,0.414253,-0.023392,-0.050144,0.032800
1779677924223499847,2026-05-25T09:58:44.223525,prediction,-0.039453,0.803000,0.166631,True,-0.048327,0.821238,0.151228,0.008874,0.018238,0.015403,4.63,20,-0.035361,1.024496,0.604045,0.008285,0.238235,0.330736,0.000000,0.091624,0.010898,-0.082740,-0.231560,0.419067,-0.022944,-0.049920,0.029568
1779677924269641579,2026-05-25T09:58:44.269672,prediction,-0.039011,0.794000,0.159256,True,-0.042263,0.819984,0.144447,0.003252,0.025984,0.014809,8.63,20,-0.036456,1.028469,0.596892,0.005233,0.241724,0.338156,0.000000,0.096863,0.005228,-0.075880,-0.260400,0.425873,-0.025504,-0.053280,0.030112
1779677924325139233,2026-05-25T09:58:44.325158,prediction,-0.039011,0.794000,0.153749,True,-0.040462,0.814058,0.137605,0.001451,0.020058,0.016144,8.67,20,-0.037371,1.031852,0.588757,0.000000,0.245213,0.351242,0.000000,0.107772,0.000000,-0.066640,-0.263060,0.431766,-0.027104,-0.051488,0.025504
1779677924360876577,2026-05-25T09:58:44.360904,prediction,-0.039256,0.799000,0.149328,True,-0.040197,0.814593,0.133618,0.000941,0.015593,0.015711,5.48,20,-0.038040,1.034528,0.581272,0.000000,0.246958,0.355168,0.000000,0.107772,0.002609,-0.012040,-0.273420,0.433094,-0.028448,-0.053984,0.015040
1779677924403121130,2026-05-25T09:58:44.403147,prediction,-0.039011,0.794000,0.148242,True,-0.037641,0.807313,0.135811,0.001369,0.013313,0.012430,9.07,20,-0.038040,1.034528,0.581272,0.006540,0.249578,0.367822,0.000000,0.118680,0.007847,0.102900,-0.261240,0.430189,-0.034080,-0.052704,-0.022208
1779677924445760090,2026-05-25T09:58:44.445797,prediction,-0.042188,0.803000,0.144720,True,-0.046559,0.816915,0.128466,0.004371,0.013915,0.016254,8.36,20,-0.038882,1.036304,0.573000,0.011780,0.253505,0.375243,0.000000,0.123908,0.013517,0.107800,-0.274540,0.426288,-0.042080,-0.053984,-0.024608
1779677924488096218,2026-05-25T09:58:44.488124,prediction,-0.042615,0.812000,0.141258,True,-0.042036,0.821609,0.124930,0.000580,0.009610,0.016328,8.02,20,-0.038882,1.036304,0.573000,0.016576,0.254818,0.380916,0.002609,0.126970,0.018756,0.097860,-0.262500,0.427118,-0.053664,-0.058176,-0.024672
1779677924553246423,2026-05-25T09:58:44.553273,prediction,-0.041760,0.794000,0.131720,True,-0.036388,0.807483,0.118172,0.005373,0.013484,0.013548,4.45,20,-0.039257,1.037399,0.564302,0.016138,0.256562,0.384841,0.000000,0.129589,0.018756,0.098140,-0.265020,0.427782,-0.059328,-0.057952,-0.026048
1779677924598793480,2026-05-25T09:58:44.598819,prediction,-0.042188,0.803000,0.128287,True,-0.043243,0.810670,0.113979,0.001055,0.007670,0.014308,9.38,20,-0.039658,1.038311,0.556675,0.016138,0.256562,0.384841,0.000000,0.129589,0.018756,0.098140,-0.265020,0.427782,-0.059328,-0.057952,-0.026048
1779677924649070993,2026-05-25T09:58:44.649089,prediction,-0.042188,0.803000,0.125549,True,-0.041518,0.814734,0.113067,0.000670,0.011734,0.012481,8.03,20,-0.040075,1.039040,0.549944,0.016138,0.256562,0.384841,0.000000,0.129589,0.018756,0.098140,-0.265020,0.427782,-0.059328,-0.057952,-0.026048
1779677924688182679,2026-05-25T09:58:44.688206,prediction,-0.041998,0.799000,0.116384,True,-0.039846,0.810841,0.103233,0.002152,0.011841,0.013151,4.84,20,-0.040075,1.039040,0.549944,0.017889,0.256125,0.386589,0.000000,0.129147,0.016137,0.097020,-0.270620,0.426039,-0.067456,-0.053888,-0.027232
1779677924734165793,2026-05-25T09:58:44.734186,prediction,-0.041760,0.794000,0.112445,True,-0.037650,0.800929,0.098593,0.004111,0.006929,0.013852,7.90,20,-0.040186,1.039378,0.542336,0.030976,0.261358,0.384841,0.005228,0.121300,0.029665,0.098140,-0.296940,0.421308,-0.103136,-0.054336,-0.034784
1779677924783340760,2026-05-25T09:58:44.783359,prediction,-0.041096,0.780000,0.106326,True,-0.037710,0.787853,0.093688,0.003386,0.007853,0.012638,7.68,20,-0.040365,1.039491,0.535859,0.030976,0.259613,0.369570,0.003051,0.113442,0.032715,0.121520,-0.334740,0.437410,-0.106976,-0.056320,-0.034912
1779677924827033718,2026-05-25T09:58:44.827058,prediction,-0.041998,0.799000,0.105402,True,-0.047200,0.803853,0.090600,0.005202,0.004853,0.014802,5.25,20,-0.040692,1.039260,0.530043,0.032720,0.248271,0.345569,0.002609,0.091624,0.032715,0.100380,-0.322980,0.395827,-0.104576,-0.050368,-0.032128
1779677924870436264,2026-05-25T09:58:44.870461,prediction,-0.038323,0.780000,0.100773,True,-0.036784,0.794167,0.088366,0.001539,0.014167,0.012407,4.45,20,-0.040692,1.039260,0.530043,0.034465,0.240418,0.312408,0.002609,0.075477,0.032284,0.085540,-0.351120,0.408360,-0.108800,-0.049984,-0.031840
1779677924909086225,2026-05-25T09:58:44.909110,prediction,-0.036058,0.790000,0.100449,True,-0.036931,0.791655,0.084975,0.000873,0.001655,0.015475,5.10,20,-0.040752,1.038095,0.523193,0.032720,0.226887,0.287977,0.005670,0.059340,0.032284,0.091980,-0.349300,0.374662,-0.106240,-0.043360,-0.032896
1779677924952654364,2026-05-25T09:58:44.952678,prediction,-0.036058,0.790000,0.094929,True,-0.034864,0.791581,0.081217,0.001194,0.001581,0.013712,4.81,20,-0.040752,1.038095,0.523193,0.030976,0.210742,0.234310,0.002609,0.027045,0.032284,0.112840,-0.364840,0.388606,-0.107424,-0.041696,-0.033184
1779677924994735160,2026-05-25T09:58:44.994762,prediction,-0.029788,0.776000,0.091449,True,-0.026925,0.779581,0.079584,0.002864,0.003581,0.011864,5.37,20,-0.041354,1.035999,0.515860,0.030976,0.201144,0.208562,0.002609,0.007847,0.029665,0.111160,-0.394940,0.376073,-0.111040,-0.037632,-0.033952
1779677925041011463,2026-05-25T09:58:45.041027,prediction,-0.030761,0.794000,0.093170,True,-0.034542,0.793364,0.079075,0.003781,0.000636,0.014094,4.64,20,-0.042154,1.033847,0.509635,0.027487,0.178022,0.157951,0.002609,0.010898,0.029665,0.078960,-0.402920,0.339470,-0.110528,0.054112,-0.032800
1779677925083838491,2026-05-25T09:58:45.083857,prediction,-0.027009,0.776000,0.085883,True,-0.023214,0.782198,0.075711,0.003795,0.006198,0.010171,5.34,20,-0.042154,1.033847,0.509635,0.026174,0.158388,0.107772,0.000000,0.056721,0.026614,0.100100,-0.421260,0.339802,-0.111200,0.050272,-0.033344
1779677925129846863,2026-05-25T09:58:45.129876,prediction,-0.027510,0.785000,0.082613,True,-0.025451,0.781380,0.069287,0.002059,0.003619,0.013325,7.07,20,-0.043200,1.031080,0.503058,0.023122,0.145732,0.072425,0.000000,0.075477,0.024426,0.108500,-0.430780,0.331668,-0.113152,0.050496,-0.028448
1779677925185543622,2026-05-25T09:58:45.185566,prediction,-0.024459,0.780000,0.075784,True,-0.015837,0.776945,0.065043,0.008622,0.003055,0.010741,8.87,20,-0.044495,1.028492,0.497414,0.021378,0.120859,0.022246,0.003051,0.102533,0.021375,0.096040,-0.415940,0.294899,-0.111488,0.055840,-0.030400
1779677925236051590,2026-05-25T09:58:45.236069,prediction,-0.025033,0.790000,0.070088,True,-0.017310,0.783598,0.059824,0.007723,0.006402,0.010264,8.51,20,-0.046123,1.025995,0.492478,0.017889,0.109079,0.001740,0.000000,0.118680,0.016137,0.095060,-0.454440,0.178118,-0.113376,0.054432,-0.031232
1779677925279982373,2026-05-25T09:58:45.280024,prediction,-0.025778,0.803000,0.059817,True,-0.016761,0.794723,0.049081,0.009017,0.008277,0.010736,10.03,20,-0.046123,1.025995,0.492478,0.014831,0.091628,0.050172,0.000000,0.142675,0.013517,0.100380,-0.462420,0.096280,-0.113984,0.060672,-0.031008
1779677925337439854,2026-05-25T09:58:45.337462,prediction,-0.026294,0.812000,0.056814,True,-0.012594,0.798980,0.047551,0.013700,0.013020,0.009262,8.24,20,-0.048306,1.022847,0.486477,0.013087,0.073301,0.087697,0.003051,0.156203,0.013517,0.078400,-0.430220,0.076526,-0.112256,0.058624,-0.029952
1779677925380091022,2026-05-25T09:58:45.380107,prediction,-0.022512,0.794000,0.046359,True,-0.007590,0.789341,0.038999,0.014922,0.004659,0.007360,4.68,20,-0.050481,1.020386,0.480988,0.013087,0.073301,0.087697,0.003051,0.156203,0.013517,0.078400,-0.430220,0.076526,-0.112256,0.058624,-0.029952
1779677925422381825,2026-05-25T09:58:45.422400,prediction,-0.022512,0.794000,0.040852,True,-0.011721,0.787838,0.030460,0.010792,0.006162,0.010392,4.80,20,-0.050481,1.020386,0.480988,0.013087,0.073301,0.087697,0.003051,0.156203,0.013517,0.078400,-0.430220,0.076526,-0.112256,0.058624,-0.029952
1779677925457634641,2026-05-25T09:58:45.457656,prediction,-0.022807,0.799000,0.036768,True,-0.014239,0.798317,0.024862,0.008569,0.000683,0.011906,4.90,20,-0.052742,1.018493,0.475926,0.013087,0.073301,0.087697,0.003051,0.156203,0.013517,0.078400,-0.430220,0.076526,-0.112256,0.058624,-0.029952
1779677925505036186,2026-05-25T09:58:45.505060,prediction,-0.023574,0.812000,0.035022,True,-0.013301,0.809131,0.023909,0.010273,0.002868,0.011113,4.68,20,-0.055322,1.016537,0.469436,0.006540,0.042318,0.141371,0.000000,0.183259,0.005228,0.099820,-0.473900,0.060756,-0.113440,0.055168,-0.031168
1779677925547139431,2026-05-25T09:58:45.547161,prediction,-0.020066,0.799000,0.028532,True,-0.004960,0.797607,0.020016,0.015106,0.001393,0.008516,4.26,20,-0.055322,1.016537,0.469436,0.006540,0.039267,0.144858,0.000000,0.183259,0.005228,0.099820,-0.473620,0.071214,-0.113760,0.058720,-0.030624
1779677925591324922,2026-05-25T09:58:45.591356,prediction,-0.020308,0.803000,0.024213,True,-0.009805,0.795962,0.012729,0.010503,0.007038,0.011484,4.91,20,-0.058523,1.015230,0.462171,0.004796,0.034034,0.141371,0.000000,0.180640,0.002609,0.105000,-0.497840,0.075530,-0.113920,0.060000,-0.031520
1779677925636917804,2026-05-25T09:58:45.636942,prediction,-0.019762,0.794000,0.021577,True,-0.009311,0.791536,0.011394,0.010451,0.002464,0.010182,7.87,20,-0.061303,1.014503,0.455623,0.004796,0.027925,0.145297,0.000000,0.175401,0.005228,0.100380,-0.502740,0.064989,-0.113152,0.056768,-0.031392
1779677925677224447,2026-05-25T09:58:45.677242,prediction,-0.017013,0.794000,0.018823,True,-0.007798,0.792880,0.009180,0.009215,0.001120,0.009643,8.28,20,-0.061303,1.014503,0.455623,0.003051,0.022685,0.156204,0.000000,0.178021,0.003051,0.099120,-0.520800,0.063495,-0.112864,0.058336,-0.031616
1779677925716945661,2026-05-25T09:58:45.716967,prediction,-0.016764,0.790000,0.014884,True,-0.006104,0.785513,0.005574,0.010660,0.004487,0.009310,9.11,20,-0.064147,1.014305,0.447908,0.003489,0.011780,0.176710,0.000000,0.185868,0.000000,0.103180,-0.525980,0.050215,-0.112992,0.058400,-0.031296
1779677925755221588,2026-05-25T09:58:45.755247,prediction,-0.017884,0.808000,0.017486,True,-0.011201,0.797421,0.007212,0.006683,0.010579,0.010274,6.31,20,-0.064147,1.014305,0.447908,0.003051,0.006540,0.187618,0.000000,0.193726,0.002609,0.101360,-0.522900,0.054863,-0.113152,0.058336,-0.031744
1779677925796205487,2026-05-25T09:58:45.796226,prediction,-0.015157,0.808000,0.014755,True,-0.005480,0.801905,0.006660,0.009677,0.006095,0.008096,4.46,20,-0.066503,1.014237,0.441451,0.003051,0.001744,0.208124,0.000000,0.202457,0.000000,0.098140,-0.633920,0.045982,-0.112640,0.060672,-0.032576
1779677925847406809,2026-05-25T09:58:45.847436,prediction,-0.014263,0.794000,0.007809,True,-0.001646,0.788538,0.001943,0.012617,0.005462,0.005866,9.55,20,-0.068696,1.014721,0.434054,0.003051,0.013087,0.234310,0.000000,0.215975,0.002609,0.093240,-0.804440,0.040587,-0.112544,0.066016,-0.031840
1779677925892953544,2026-05-25T09:58:45.892978,prediction,-0.014582,0.799000,0.006569,True,-0.006531,0.791585,-0.001539,0.008051,0.007415,0.008108,8.05,20,-0.070513,1.015486,0.427463,0.006540,0.029231,0.260050,0.000000,0.231691,0.002609,0.108080,-0.869540,0.038180,-0.116480,0.063168,-0.034016
1779677925938847867,2026-05-25T09:58:45.938874,prediction,-0.014582,0.799000,0.003824,True,-0.004792,0.794231,-0.001545,0.009790,0.004769,0.005368,8.66,20,-0.070513,1.015486,0.427463,0.007853,0.035778,0.269210,0.002609,0.237361,0.005670,0.101640,-0.835660,0.043160,-0.116704,0.060960,-0.034560
1779677925977068528,2026-05-25T09:58:45.977092,prediction,-0.014582,0.799000,-0.001667,True,-0.003432,0.794685,-0.006051,0.011150,0.004315,0.004384,8.86,20,-0.072084,1.016579,0.420654,0.009598,0.037523,0.271396,0.000000,0.237361,0.005228,0.102480,-0.841960,0.046480,-0.115936,0.062176,-0.033728
1779677926010091402,2026-05-25T09:58:46.010115,prediction,-0.014263,0.794000,-0.005959,True,-0.001396,0.786692,-0.010650,0.012867,0.007308,0.004690,6.04,20,-0.072084,1.016579,0.420654,0.011342,0.039267,0.267902,0.000000,0.229071,0.010898,0.108080,-0.831320,0.041666,-0.115872,0.057600,-0.031904
1779677926049326582,2026-05-25T09:58:46.049351,prediction,-0.014582,0.799000,-0.007158,True,-0.004547,0.788284,-0.012452,0.010035,0.010716,0.005294,4.41,20,-0.073436,1.017377,0.413641,0.014831,0.039267,0.263976,0.002609,0.223833,0.013517,0.111160,-0.841960,0.052622,-0.117760,0.059776,-0.029728
1779677926094776968,2026-05-25T09:58:46.094805,prediction,-0.013688,0.785000,-0.014280,True,-0.001131,0.780171,-0.017003,0.012557,0.004829,0.002722,5.20,20,-0.074450,1.017833,0.407976,0.017889,0.040574,0.263976,0.000000,0.223401,0.016137,0.100100,-0.824880,0.058017,-0.117376,0.057280,-0.030848
1779677926133521602,2026-05-25T09:58:46.133544,prediction,-0.014838,0.803000,-0.011391,True,-0.007067,0.793633,-0.017128,0.007771,0.009367,0.005736,4.67,20,-0.074450,1.017833,0.407976,0.019634,0.041012,0.254816,0.002609,0.212924,0.018756,0.099820,-0.808080,0.044405,-0.114880,0.057440,-0.029120
1779677926172138501,2026-05-25T09:58:46.172162,prediction,-0.014007,0.790000,-0.018237,True,-0.001457,0.784868,-0.020492,0.012551,0.005132,0.002254,4.64,20,-0.075657,1.017720,0.402321,0.019634,0.038829,0.248704,0.000000,0.212924,0.018756,0.107520,-0.810600,0.048555,-0.115488,0.056224,-0.028672
1779677926212622309,2026-05-25T09:58:46.212660,prediction,-0.010333,0.776000,-0.025444,True,0.002623,0.768868,-0.027542,0.012956,0.007132,0.002098,5.64,20,-0.075657,1.017720,0.402321,0.022685,0.034465,0.239544,0.000000,0.207254,0.021807,0.118300,-0.803740,0.056772,-0.117056,0.059232,-0.032064
1779677926248412767,2026-05-25T09:58:46.248453,prediction,-0.014263,0.794000,-0.019727,True,-0.008138,0.781848,-0.024793,0.006125,0.012152,0.005066,4.78,20,-0.076717,1.016774,0.396746,0.026174,0.029231,0.234310,0.003051,0.202015,0.024426,0.119560,-0.796880,0.048389,-0.116928,0.058720,-0.033024
1779677926300962701,2026-05-25T09:58:46.300988,prediction,-0.013283,0.821000,-0.013862,True,-0.002389,0.797848,-0.016039,0.010894,0.023152,0.002177,6.13,20,-0.077307,1.015720,0.392585,0.029231,0.022685,0.225143,0.000000,0.202457,0.029665,0.102900,-0.757540,0.061254,-0.118656,0.055328,-0.033120
1779677926339608431,2026-05-25T09:58:46.339635,prediction,-0.010596,0.780000,-0.029727,True,0.008533,0.788994,-0.018525,0.019128,0.008994,0.011202,8.59,20,-0.077307,1.015720,0.392585,0.030976,0.014394,0.217291,0.002609,0.199396,0.029665,0.099120,-0.750400,0.056440,-0.116480,0.059680,-0.034784
1779677926377273715,2026-05-25T09:58:46.377300,prediction,-0.011251,0.790000,-0.026518,True,0.004199,0.783090,-0.024109,0.015450,0.006910,0.002409,4.92,20,-0.078437,1.014396,0.388762,0.034465,0.004796,0.202889,0.002609,0.199396,0.032715,0.122360,-0.748860,0.065902,-0.117984,0.057504,-0.035136
1779677926415673912,2026-05-25T09:58:46.415709,prediction,-0.011251,0.790000,-0.026518,True,0.008032,0.791282,-0.021023,0.019283,0.001282,0.005495,5.87,20,-0.078437,1.014396,0.388762,0.035778,0.000000,0.195477,0.002609,0.194157,0.034903,0.112420,-0.687540,0.075862,-0.118560,0.062464,-0.034016
1779677926459221396,2026-05-25T09:58:46.459244,prediction,-0.010596,0.780000,-0.032503,True,0.011048,0.784163,-0.023312,0.021644,0.004163,0.009191,4.77,20,-0.080273,1.013550,0.385001,0.039267,0.011342,0.178458,0.005228,0.185868,0.035335,0.089460,-0.491260,0.069803,-0.117760,0.060832,-0.031456
1779677926497620941,2026-05-25T09:58:46.497645,prediction,-0.010333,0.776000,-0.036576,True,0.013101,0.768163,-0.030494,0.023434,0.007837,0.006083,5.95,20,-0.081518,1.012613,0.382489,0.037523,0.024429,0.161877,0.002609,0.183259,0.040573,0.109620,-0.410340,0.071214,-0.112160,0.057600,-0.031392
1779677926555903361,2026-05-25T09:58:46.555926,prediction,-0.011251,0.790000,-0.034798,True,0.010657,0.769332,-0.031358,0.021908,0.020668,0.003440,4.61,20,-0.081518,1.012613,0.382489,0.039267,0.039267,0.143111,0.000000,0.178021,0.034903,0.106820,-0.448560,0.090470,-0.112864,0.056768,-0.037344
1779677926607142104,2026-05-25T09:58:46.607158,prediction,-0.012431,0.808000,-0.031664,True,0.006465,0.785332,-0.026475,0.018896,0.022668,0.005190,6.36,20,-0.082871,1.012132,0.380618,0.037523,0.048865,0.117371,0.002609,0.167112,0.037523,0.096320,-0.423080,0.085324,-0.113664,0.053504,-0.033728
1779677926671903501,2026-05-25T09:58:46.671922,prediction,-0.010923,0.785000,-0.041964,True,0.011925,0.771715,-0.030147,0.022848,0.013285,0.011817,9.03,20,-0.084279,1.009939,0.377642,0.036209,0.057156,0.098604,0.002609,0.158823,0.035335,0.112140,-0.418740,0.086901,-0.109824,0.049664,-0.032960
1779677926722026929,2026-05-25T09:58:46.722051,prediction,-0.010923,0.785000,-0.044733,True,0.008633,0.759075,-0.038262,0.019556,0.025925,0.006471,7.47,20,-0.085419,1.008163,0.375919,0.034465,0.065447,0.085519,0.002609,0.148345,0.032284,0.100940,-0.427420,0.103501,-0.111360,0.052768,-0.031232
1779677926773021657,2026-05-25T09:58:46.773067,prediction,-0.011251,0.790000,-0.048599,True,0.008132,0.763308,-0.042354,0.019383,0.026692,0.006245,8.21,20,-0.086259,1.007074,0.374090,0.032720,0.066754,0.079846,0.002609,0.145295,0.029665,0.104440,-0.425600,0.106323,-0.112384,0.048544,-0.030624
1779677926815224983,2026-05-25T09:58:46.815251,prediction,-0.011513,0.794000,-0.052770,True,0.008020,0.767233,-0.044321,0.019533,0.026767,0.008449,4.50,20,-0.086259,1.007074,0.374090,0.032720,0.066754,0.079846,0.002609,0.145295,0.029665,0.104440,-0.425600,0.106323,-0.112384,0.048544,-0.030624
1779677926859126171,2026-05-25T09:58:46.859185,prediction,-0.012103,0.803000,-0.052473,True,0.008080,0.764736,-0.045719,0.020183,0.038264,0.006754,6.77,20,-0.087587,1.004496,0.371286,0.032720,0.066754,0.079846,0.002609,0.145295,0.029665,0.104440,-0.425600,0.106323,-0.112384,0.048544,-0.030624
1779677926897136469,2026-05-25T09:58:46.897166,prediction,-0.013283,0.821000,-0.046372,True,0.005281,0.775441,-0.041315,0.018564,0.045559,0.005057,4.86,20,-0.088494,1.002713,0.369114,0.022685,0.075045,0.046685,0.002609,0.126528,0.021375,0.113120,-0.435120,0.104746,-0.110528,0.043264,-0.034176
1779677926943873154,2026-05-25T09:58:46.943891,prediction,-0.010333,0.776000,-0.064408,True,0.010861,0.759441,-0.048203,0.021194,0.016559,0.016205,6.17,20,-0.088494,1.002713,0.369114,0.021378,0.071556,0.048432,0.000000,0.118680,0.018756,0.099820,-0.411880,0.103916,-0.108320,0.048544,-0.034080
1779677926986762175,2026-05-25T09:58:46.986785,prediction,-0.014263,0.794000,-0.072045,True,-0.000464,0.759193,-0.061767,0.013799,0.034807,0.010279,6.08,20,-0.089759,1.000250,0.366757,0.021378,0.071556,0.048432,0.000000,0.118680,0.018756,0.099820,-0.411880,0.103916,-0.108320,0.048544,-0.034080
1779677927050439506,2026-05-25T09:58:47.050463,prediction,-0.014582,0.799000,-0.073047,True,0.003361,0.760986,-0.060924,0.017943,0.038013,0.012123,4.26,20,-0.089999,0.999021,0.363892,0.021378,0.071556,0.048432,0.000000,0.118680,0.018756,0.099820,-0.411880,0.103916,-0.108320,0.048544,-0.034080
1779677927095346665,2026-05-25T09:58:47.095364,prediction,-0.015157,0.808000,-0.075354,True,0.007027,0.754385,-0.060576,0.022184,0.053615,0.014777,4.65,20,-0.089791,0.997295,0.361291,0.021378,0.071556,0.048432,0.000000,0.118680,0.018756,0.099820,-0.411880,0.103916,-0.108320,0.048544,-0.034080
1779677927140328265,2026-05-25T09:58:47.140354,prediction,-0.013113,0.776000,-0.095023,True,0.013098,0.738385,-0.071870,0.026211,0.037615,0.023153,6.12,20,-0.089791,0.997295,0.361291,0.021378,0.071556,0.048432,0.000000,0.118680,0.018756,0.099820,-0.411880,0.103916,-0.108320,0.048544,-0.034080
1779677927176810618,2026-05-25T09:58:47.176837,prediction,-0.017573,0.803000,-0.101772,True,0.001431,0.746909,-0.087639,0.019004,0.056090,0.014133,6.06,20,-0.090146,0.994470,0.357036,0.021378,0.071556,0.048432,0.000000,0.118680,0.018756,0.099820,-0.411880,0.103916,-0.108320,0.048544,-0.034080
1779677927222321510,2026-05-25T09:58:47.222345,prediction,-0.020854,0.812000,-0.109351,True,0.004887,0.753248,-0.092919,0.025741,0.058752,0.016432,5.62,20,-0.090146,0.994470,0.357036,0.014831,0.019634,0.104277,0.000000,0.123908,0.013517,0.103740,-0.503020,0.078103,-0.111200,0.046432,-0.030624
1779677927276653207,2026-05-25T09:58:47.276685,prediction,-0.021399,0.821000,-0.111394,True,0.009487,0.753635,-0.092523,0.030887,0.067365,0.018871,7.95,20,-0.089887,0.992038,0.352822,0.016576,0.013087,0.098604,0.002609,0.110391,0.013517,0.099820,-0.512120,0.095948,-0.114048,0.050816,-0.033792
1779677927321821480,2026-05-25T09:58:47.321838,prediction,-0.021157,0.817000,-0.112907,True,0.011666,0.744645,-0.096173,0.032822,0.072355,0.016735,6.30,20,-0.089411,0.989151,0.347138,0.018320,0.009598,0.087266,0.002609,0.099482,0.016137,0.090160,-0.495600,0.089640,-0.111936,0.042240,-0.033408
1779677927367615922,2026-05-25T09:58:47.367635,prediction,-0.017013,0.794000,-0.121610,True,0.016693,0.728645,-0.104832,0.033705,0.065355,0.016778,4.83,20,-0.089352,0.986950,0.341693,0.017889,0.010029,0.081593,0.002609,0.091624,0.016137,0.102900,-0.508620,0.099932,-0.111200,0.043968,-0.035296
1779677927419387232,2026-05-25T09:58:47.419404,prediction,-0.016764,0.790000,-0.123123,True,0.014098,0.720914,-0.110382,0.030862,0.069086,0.012742,6.15,20,-0.089352,0.986950,0.341693,0.019634,0.006540,0.078098,0.002609,0.086386,0.019198,0.110600,-0.514500,0.090470,-0.111872,0.043872,-0.034912
1779677927458610497,2026-05-25T09:58:47.458639,prediction,-0.016141,0.780000,-0.126907,True,0.018608,0.709841,-0.111264,0.034749,0.070159,0.015644,5.36,20,-0.089693,0.984276,0.334897,0.018320,0.000000,0.085519,0.000000,0.083766,0.019198,0.105280,-0.526680,0.078435,-0.110592,0.046144,-0.033504
1779677927506859575,2026-05-25T09:58:47.506885,prediction,-0.016141,0.780000,-0.126907,True,0.018873,0.703868,-0.112188,0.035015,0.076132,0.014719,6.20,20,-0.090226,0.981472,0.328741,0.018320,0.001307,0.090753,0.002609,0.086386,0.016137,0.089180,-0.750820,0.081921,-0.108928,0.044320,-0.036064
1779677927571851779,2026-05-25T09:58:47.571887,prediction,-0.014709,0.757000,-0.135610,True,0.025210,0.687868,-0.117622,0.039919,0.069132,0.017988,4.96,20,-0.090886,0.978461,0.323354,0.016138,0.011342,0.100790,0.002609,0.089005,0.016579,0.086800,-0.843500,0.076858,-0.112320,0.045536,-0.033632
1779677927609649826,2026-05-25T09:58:47.609675,prediction,-0.017013,0.794000,-0.121610,True,0.016394,0.703868,-0.111092,0.033407,0.090132,0.010518,4.39,20,-0.090886,0.978461,0.323354,0.014394,0.016138,0.105586,0.000000,0.094675,0.016137,0.088620,-0.849940,0.068973,-0.112256,0.043200,-0.032512
1779677927652001040,2026-05-25T09:58:47.652025,prediction,-0.016141,0.780000,-0.126907,True,0.023830,0.694161,-0.107572,0.039971,0.085839,0.019335,4.94,20,-0.092027,0.973898,0.316957,0.014831,0.021378,0.113006,0.002609,0.094244,0.016137,0.082740,-0.795760,0.069803,-0.109536,0.042240,-0.030848
1779677927690813564,2026-05-25T09:58:47.690838,prediction,-0.011899,0.757000,-0.135610,True,0.031565,0.678161,-0.111153,0.043464,0.078839,0.024457,4.70,20,-0.092027,0.973898,0.316957,0.014394,0.017889,0.111698,0.000000,0.091624,0.010467,0.099400,-0.809620,0.075364,-0.112640,0.043744,-0.030624
1779677927732247280,2026-05-25T09:58:47.732273,prediction,-0.011579,0.752000,-0.137502,True,0.033516,0.662161,-0.117221,0.045095,0.089839,0.020280,7.63,20,-0.093106,0.969162,0.311250,0.013087,0.016138,0.111259,0.002609,0.094675,0.010898,0.097580,-0.822920,0.067064,-0.113312,0.040032,-0.031232
1779677927787912444,2026-05-25T09:58:47.787930,prediction,-0.011579,0.752000,-0.137502,True,0.031562,0.666056,-0.117150,0.043141,0.085944,0.020352,8.93,20,-0.095293,0.963049,0.305616,0.011342,0.016576,0.113006,0.002609,0.096863,0.010898,0.099820,-0.811160,0.065736,-0.111936,0.047424,-0.032000
1779677927835707509,2026-05-25T09:58:47.835724,prediction,-0.011260,0.747000,-0.139394,True,0.038209,0.650056,-0.115572,0.049469,0.096944,0.023821,8.19,20,-0.097398,0.956910,0.300583,0.011342,0.016576,0.113006,0.002609,0.096863,0.010898,0.099820,-0.811160,0.065736,-0.111936,0.047424,-0.032000
1779677927875428394,2026-05-25T09:58:47.875449,prediction,-0.011579,0.752000,-0.137502,True,0.040359,0.639277,-0.115585,0.051938,0.112723,0.021917,7.61,20,-0.097398,0.956910,0.300583,0.011780,0.016576,0.117371,0.000000,0.102533,0.010898,0.097300,-0.796600,0.061752,-0.112704,0.044192,-0.030016
1779677927913301021,2026-05-25T09:58:47.913325,prediction,-0.010685,0.738000,-0.142799,True,0.043373,0.625698,-0.119057,0.054057,0.112302,0.023742,7.83,20,-0.100060,0.949136,0.296068,0.006540,0.016138,0.152279,0.002609,0.137436,0.005228,0.087640,-0.804020,0.052124,-0.112096,0.052832,-0.031296
1779677927949765559,2026-05-25T09:58:47.949788,prediction,-0.010365,0.733000,-0.144691,True,0.040583,0.624250,-0.122092,0.050948,0.108749,0.022599,5.91,20,-0.100060,0.949136,0.296068,0.004796,0.014831,0.165364,0.002609,0.150964,0.002609,0.081760,-0.801640,0.060756,-0.110880,0.046528,-0.031904
1779677928003546964,2026-05-25T09:58:48.003568,prediction,-0.014398,0.752000,-0.137502,True,0.040835,0.620994,-0.114248,0.055233,0.131006,0.023254,8.10,20,-0.103072,0.940315,0.292530,0.001744,0.013087,0.176710,0.000000,0.164492,0.000000,0.083300,-0.780780,0.053701,-0.110752,0.052000,-0.022944
1779677928052718944,2026-05-25T09:58:48.052743,prediction,-0.014709,0.757000,-0.135610,True,0.043970,0.623372,-0.108817,0.058679,0.133628,0.026793,9.85,20,-0.106032,0.930837,0.289458,0.000000,0.009598,0.178458,0.000000,0.169731,0.000000,0.029120,-0.776440,0.039591,-0.110528,0.048480,0.002464
1779677928087709194,2026-05-25T09:58:48.087733,prediction,-0.011899,0.757000,-0.135610,True,0.046719,0.621730,-0.108289,0.058617,0.135270,0.027321,8.16,20,-0.106032,0.930837,0.289458,0.001744,0.004796,0.176710,0.000000,0.161873,0.005228,-0.065380,-0.763140,0.043907,-0.109152,0.054944,0.023488
1779677928126056289,2026-05-25T09:58:48.126087,prediction,-0.014709,0.757000,-0.135610,True,0.041785,0.627119,-0.109075,0.056494,0.129881,0.026535,8.51,20,-0.108629,0.921586,0.287866,0.003051,0.000000,0.176710,0.000000,0.164492,0.007847,-0.082040,-0.744520,0.043326,-0.108032,0.057344,0.026784
1779677928166580504,2026-05-25T09:58:48.166617,prediction,-0.017013,0.794000,-0.121610,True,0.029387,0.643119,-0.094247,0.046399,0.150881,0.027363,7.85,20,-0.111189,0.912095,0.286707,0.004796,0.001744,0.172785,0.000000,0.178021,0.007847,-0.080500,-0.566580,0.049385,-0.107872,0.047488,0.027616
1779677928229116021,2026-05-25T09:58:48.229163,prediction,-0.018914,0.780000,-0.126907,True,0.035010,0.649109,-0.088178,0.053924,0.130890,0.038729,8.57,20,-0.113518,0.902348,0.286204,0.003489,0.011780,0.174963,0.000000,0.183259,0.005228,-0.066920,-0.456540,0.038346,-0.109920,0.058560,0.028448
1779677928270020156,2026-05-25T09:58:48.270039,prediction,-0.016764,0.790000,-0.123123,True,0.035065,0.656440,-0.089073,0.051829,0.133560,0.034050,8.35,20,-0.113518,0.902348,0.286204,0.000000,0.016138,0.174532,0.000000,0.188929,0.002609,-0.068740,-0.457800,0.041168,-0.110528,0.054944,0.029280
1779677928322976683,2026-05-25T09:58:48.323001,prediction,-0.018671,0.776000,-0.128421,True,0.035150,0.658256,-0.093216,0.053821,0.117744,0.035205,7.74,20,-0.115586,0.892682,0.287206,0.000000,0.014394,0.180205,0.000000,0.194157,0.000000,0.034300,-0.478520,0.035275,-0.110304,0.054496,0.021152
1779677928378318271,2026-05-25T09:58:48.378342,prediction,-0.015269,0.766000,-0.132205,True,0.034518,0.659043,-0.096678,0.049787,0.106957,0.035526,7.62,20,-0.117455,0.884049,0.288475,0.001744,0.013087,0.183692,0.002609,0.196777,0.000000,0.059080,-0.481740,0.042994,-0.110304,0.057888,0.017152
1779677928412851235,2026-05-25T09:58:48.412891,prediction,-0.017520,0.757000,-0.135610,True,0.034486,0.648072,-0.100728,0.052005,0.108928,0.034882,5.55,20,-0.117455,0.884049,0.288475,0.001744,0.013087,0.183692,0.002609,0.196777,0.000000,0.059080,-0.481740,0.042994,-0.110304,0.057888,0.017152
1779677928451197861,2026-05-25T09:58:48.451222,prediction,-0.018671,0.776000,-0.128421,True,0.026209,0.664072,-0.099434,0.044881,0.111928,0.028987,7.82,20,-0.118811,0.876220,0.290307,0.001744,0.013087,0.183692,0.002609,0.196777,0.000000,0.059080,-0.481740,0.042994,-0.110304,0.057888,0.017152
1779677928487310998,2026-05-25T09:58:48.487337,prediction,-0.011579,0.752000,-0.137502,True,0.033769,0.663612,-0.104002,0.045348,0.088387,0.033500,7.66,20,-0.118811,0.876220,0.290307,0.001744,0.011342,0.188056,0.002609,0.199396,0.002609,0.076860,-0.486920,0.042330,-0.112640,0.051776,0.011136
1779677928530845252,2026-05-25T09:58:48.530884,prediction,-0.012218,0.762000,-0.133718,True,0.034398,0.657723,-0.106920,0.046616,0.104277,0.026798,10.11,20,-0.119294,0.870062,0.292697,0.014831,0.019634,0.254816,0.003051,0.234310,0.013517,0.099120,-0.840000,0.017264,-0.112096,0.055776,-0.032960
1779677928589287544,2026-05-25T09:58:48.589319,prediction,-0.011004,0.743000,-0.140907,True,0.040739,0.644095,-0.111242,0.051743,0.098905,0.029665,4.92,20,-0.119616,0.865952,0.294293,0.020940,0.037960,0.282304,0.002609,0.250889,0.016137,0.101360,-0.812140,-0.003984,-0.109024,0.055040,-0.034848
1779677928627940142,2026-05-25T09:58:48.627971,prediction,-0.007188,0.728000,-0.146583,True,0.045452,0.628590,-0.117265,0.052639,0.099410,0.029318,5.87,20,-0.118954,0.867124,0.295162,0.024867,0.045814,0.298884,0.003051,0.256117,0.021375,0.102900,-0.835380,0.002988,-0.109088,0.059776,-0.036064
1779677928663772323,2026-05-25T09:58:48.663796,prediction,-0.015020,0.762000,-0.133718,True,0.033189,0.644590,-0.111429,0.048210,0.117410,0.022289,4.35,20,-0.118954,0.867124,0.295162,0.027487,0.058901,0.315903,0.002609,0.258736,0.021375,0.129220,-0.853020,0.002656,-0.111104,0.060224,-0.035456
1779677928715954860,2026-05-25T09:58:48.715980,prediction,-0.011004,0.743000,-0.140907,True,0.040934,0.644076,-0.111145,0.051938,0.098924,0.029762,4.61,20,-0.118758,0.869189,0.296008,0.030976,0.067192,0.331175,0.005670,0.261356,0.023995,0.110320,-0.850640,-0.005561,-0.108416,0.065504,-0.036864
1779677928757105085,2026-05-25T09:58:48.757122,prediction,-0.015269,0.766000,-0.132205,True,0.039153,0.646813,-0.110631,0.054423,0.119187,0.021573,7.01,20,-0.118758,0.869189,0.296008,0.034465,0.086388,0.352989,0.005670,0.267025,0.029665,0.105280,-0.871920,-0.025149,-0.105248,0.063744,-0.037344
1779677928809439441,2026-05-25T09:58:48.809464,prediction,-0.015581,0.771000,-0.130313,True,0.046510,0.650349,-0.106831,0.062091,0.120651,0.023481,4.76,20,-0.118289,0.870927,0.295586,0.034465,0.102970,0.370008,0.005228,0.269645,0.029665,0.124180,-0.874720,-0.025813,-0.106464,0.066176,-0.033344
1779677928852194025,2026-05-25T09:58:48.852219,prediction,-0.012474,0.766000,-0.132205,True,0.046207,0.657567,-0.106583,0.058681,0.108433,0.025621,8.11,20,-0.118173,0.873606,0.295916,0.034465,0.109517,0.379168,0.002609,0.269214,0.029665,0.116760,-0.890820,-0.026311,-0.106464,0.064800,-0.032800
1779677928915805651,2026-05-25T09:58:48.915830,prediction,-0.013368,0.780000,-0.126907,True,0.037591,0.673567,-0.105056,0.050959,0.106433,0.021852,9.48,20,-0.119354,0.874943,0.295025,0.036209,0.127406,0.386589,0.005670,0.261797,0.026614,0.095760,-0.835660,-0.016932,-0.102848,0.060512,-0.033856
1779677928963734025,2026-05-25T09:58:48.963761,prediction,-0.012474,0.766000,-0.132205,True,0.041455,0.670301,-0.105610,0.053929,0.095699,0.026595,6.95,20,-0.119325,0.875808,0.293432,0.032720,0.137004,0.388328,0.005228,0.250447,0.027045,0.110040,-0.839440,-0.020833,-0.105760,0.059840,-0.031680
1779677928999210464,2026-05-25T09:58:48.999234,prediction,-0.008761,0.752000,-0.137502,True,0.043485,0.658679,-0.110746,0.052246,0.093321,0.026756,4.70,20,-0.119325,0.875808,0.293432,0.032720,0.141806,0.383094,0.005670,0.236919,0.026614,0.104440,-0.861420,-0.018592,-0.105184,0.059776,-0.033792
1779677929057691659,2026-05-25T09:58:49.057719,prediction,-0.007843,0.738000,-0.142799,True,0.040422,0.663034,-0.117528,0.048265,0.074966,0.025271,7.96,20,-0.120570,0.878456,0.291792,0.030976,0.148352,0.370008,0.005228,0.218163,0.024426,0.095060,-0.864220,-0.021331,-0.103296,0.059328,-0.035584
1779677929099753418,2026-05-25T09:58:49.099773,prediction,-0.010685,0.738000,-0.142799,True,0.036525,0.662040,-0.119784,0.047210,0.075960,0.023015,9.57,20,-0.120945,0.879069,0.289886,0.027487,0.156637,0.360841,0.005228,0.207254,0.024426,0.089180,-0.841260,-0.010209,-0.103584,0.057280,-0.033024
1779677929140537267,2026-05-25T09:58:49.140568,prediction,-0.011004,0.743000,-0.140907,True,0.037139,0.664222,-0.118781,0.048143,0.078778,0.022126,9.04,20,-0.120945,0.879069,0.289886,0.024429,0.157075,0.349495,0.003051,0.194157,0.018756,0.097020,-0.808360,-0.006391,-0.104416,0.050816,-0.032576
1779677929182638357,2026-05-25T09:58:49.182663,prediction,-0.009416,0.762000,-0.133718,True,0.038918,0.673168,-0.113345,0.048334,0.088832,0.020373,8.59,20,-0.121808,0.880029,0.287418,0.021378,0.152279,0.323316,0.005670,0.167112,0.018756,0.100940,-0.836640,-0.011039,-0.100960,0.052928,-0.032224
1779677929229130135,2026-05-25T09:58:49.229168,prediction,-0.012218,0.762000,-0.133718,True,0.039960,0.665637,-0.109868,0.052178,0.096363,0.023850,9.28,20,-0.121483,0.879668,0.288346,0.019634,0.151841,0.301063,0.003051,0.145295,0.013517,0.078680,-0.812140,0.003818,-0.101856,0.055392,-0.030944
1779677929274671724,2026-05-25T09:58:49.274698,prediction,-0.010365,0.733000,-0.144691,True,0.043046,0.649637,-0.114032,0.053411,0.083363,0.030659,7.30,20,-0.121483,0.879668,0.288346,0.013087,0.142243,0.269649,0.002609,0.126528,0.010898,0.082040,-0.788200,0.005395,-0.101792,0.042144,-0.028960
1779677929328049973,2026-05-25T09:58:49.328085,prediction,-0.011899,0.757000,-0.135610,True,0.030820,0.665637,-0.113133,0.042719,0.091363,0.022477,5.57,20,-0.122605,0.880399,0.286561,0.008285,0.124354,0.226890,0.003051,0.102533,0.005670,0.065940,-0.738080,0.024485,-0.102976,0.047104,-0.030944
1779677929377517881,2026-05-25T09:58:49.377544,prediction,-0.010685,0.738000,-0.142799,True,0.039864,0.649637,-0.112459,0.050549,0.088363,0.030340,7.21,20,-0.122250,0.881802,0.286286,0.003051,0.091628,0.150531,0.002609,0.059340,0.002609,0.077700,-0.714420,0.062831,-0.103424,0.037792,-0.028672
1779677929419296729,2026-05-25T09:58:49.419324,prediction,-0.008171,0.743000,-0.140907,True,0.040071,0.644949,-0.114409,0.048242,0.098051,0.026498,4.69,20,-0.122250,0.881802,0.286286,0.001744,0.062390,0.087266,0.000000,0.023995,0.000000,0.071820,-0.703640,0.090304,-0.099456,0.036288,-0.024064
1779677929463028172,2026-05-25T09:58:49.463065,prediction,-0.008761,0.752000,-0.137502,True,0.041008,0.644081,-0.113305,0.049768,0.107919,0.024197,7.03,20,-0.121819,0.883349,0.287292,0.001744,0.062390,0.087266,0.000000,0.023995,0.000000,0.071820,-0.703640,0.090304,-0.099456,0.036288,-0.024064
1779677929500954540,2026-05-25T09:58:49.500980,prediction,-0.007188,0.728000,-0.146583,True,0.046234,0.628081,-0.116024,0.053421,0.099919,0.030559,4.35,20,-0.122066,0.882464,0.286717,0.001744,0.062390,0.087266,0.000000,0.023995,0.000000,0.071820,-0.703640,0.090304,-0.099456,0.036288,-0.024064
1779677929550073793,2026-05-25T09:58:49.550092,prediction,-0.005001,0.738000,-0.142799,True,0.038505,0.637463,-0.118484,0.043506,0.100537,0.024315,8.17,20,-0.122066,0.882464,0.286717,0.000000,0.055849,0.076351,0.000000,0.018756,0.000000,0.064120,-0.722260,0.094952,-0.098848,0.036512,-0.021664
1779677929599071792,2026-05-25T09:58:49.599097,prediction,-0.007843,0.738000,-0.142799,True,0.043247,0.627040,-0.115830,0.051090,0.110959,0.026969,9.38,20,-0.121677,0.882746,0.284557,0.001744,0.027925,0.075920,0.000000,0.048863,0.000000,-0.078400,-0.376600,0.291828,-0.063232,-0.047648,0.024992
1779677929643068923,2026-05-25T09:58:49.643094,prediction,-0.007188,0.728000,-0.146583,True,0.041553,0.625068,-0.118084,0.048741,0.102932,0.028499,8.41,20,-0.121886,0.881525,0.283932,0.000000,0.035778,0.076351,0.000000,0.040573,0.002609,-0.068460,-0.399280,0.288674,-0.049088,-0.043424,0.011040
1779677929680740979,2026-05-25T09:58:49.680766,prediction,-0.008433,0.747000,-0.139394,True,0.035668,0.639229,-0.116006,0.044101,0.107771,0.023388,6.62,20,-0.121886,0.881525,0.283932,0.000000,0.035778,0.066752,0.000000,0.029665,0.002609,0.031500,-0.402640,0.284441,-0.041984,-0.042144,-0.017312
1779677929725282076,2026-05-25T09:58:49.725307,prediction,-0.007188,0.728000,-0.146583,True,0.043107,0.623229,-0.116469,0.050294,0.104771,0.030114,8.12,20,-0.121773,0.878146,0.283369,0.004796,0.040574,0.063265,0.000000,0.023995,0.005228,0.082460,-0.380940,0.284441,-0.038528,-0.040640,-0.027616
1779677929764482623,2026-05-25T09:58:49.764509,prediction,-0.006532,0.718000,-0.150367,True,0.042035,0.612984,-0.121053,0.048567,0.105016,0.029314,9.15,20,-0.121672,0.874665,0.283272,0.004796,0.040574,0.063265,0.000000,0.023995,0.005228,0.082460,-0.380940,0.284441,-0.038528,-0.040640,-0.027616
1779677929802812988,2026-05-25T09:58:49.802838,prediction,-0.007188,0.728000,-0.146583,True,0.042154,0.612801,-0.119903,0.049342,0.115199,0.026680,7.63,20,-0.121672,0.874665,0.283272,0.004796,0.040574,0.063265,0.000000,0.023995,0.005228,0.082460,-0.380940,0.284441,-0.038528,-0.040640,-0.027616
1779677929843620836,2026-05-25T09:58:49.843648,prediction,-0.007843,0.738000,-0.142799,True,0.046270,0.612341,-0.113632,0.054113,0.125659,0.029167,9.10,20,-0.122233,0.870252,0.283110,0.004796,0.040574,0.063265,0.000000,0.023995,0.005228,0.082460,-0.380940,0.284441,-0.038528,-0.040640,-0.027616
1779677929885938740,2026-05-25T09:58:49.885958,prediction,-0.006205,0.713000,-0.152259,True,0.054149,0.596341,-0.115182,0.060354,0.116659,0.037077,7.73,20,-0.122233,0.870252,0.283110,0.008285,0.042318,0.063265,0.000000,0.021807,0.010898,0.096320,-0.371280,0.275311,-0.037632,-0.037472,-0.030848
1779677929922341035,2026-05-25T09:58:49.922362,prediction,-0.006205,0.713000,-0.152259,True,0.054162,0.583004,-0.119784,0.060367,0.129995,0.032475,7.78,20,-0.123218,0.865023,0.282872,0.013087,0.045376,0.041012,0.000000,0.002609,0.010898,0.100940,-0.384580,0.265185,-0.057600,0.010976,-0.032128
1779677929971822301,2026-05-25T09:58:49.971847,prediction,-0.007843,0.738000,-0.142799,True,0.048523,0.599004,-0.112100,0.056366,0.138995,0.030699,8.36,20,-0.124120,0.860400,0.282508,0.013087,0.045376,0.041012,0.000000,0.002609,0.010898,0.100940,-0.384580,0.265185,-0.057600,0.010976,-0.032128
1779677930013179642,2026-05-25T09:58:50.013206,prediction,-0.007843,0.738000,-0.142799,True,0.048255,0.609207,-0.107151,0.056098,0.128793,0.035648,7.72,20,-0.124120,0.860400,0.282508,0.013087,0.045376,0.041012,0.000000,0.002609,0.010898,0.100940,-0.384580,0.265185,-0.057600,0.010976,-0.032128
1779677930076285735,2026-05-25T09:58:50.076321,prediction,-0.005549,0.703000,-0.156042,True,0.049218,0.596607,-0.112223,0.054767,0.106393,0.043819,4.65,20,-0.125440,0.854391,0.282590,0.011342,0.044069,0.039265,0.000000,0.005228,0.010467,0.103180,-0.395220,0.267924,-0.064800,0.033024,-0.032128
1779677930116245063,2026-05-25T09:58:50.116266,prediction,-0.006532,0.718000,-0.150367,True,0.049676,0.585164,-0.115635,0.056209,0.132836,0.034731,7.09,20,-0.126425,0.849309,0.282760,0.004796,0.021378,0.020067,0.003051,0.003051,0.005228,0.087640,-0.415940,0.261699,-0.102016,0.036640,-0.031168
1779677930168104899,2026-05-25T09:58:50.168131,prediction,-0.004894,0.693000,-0.159826,True,0.053542,0.579399,-0.120558,0.058435,0.113601,0.039268,8.25,20,-0.127186,0.845011,0.282743,0.004796,0.020940,0.022246,0.002609,0.000000,0.005228,0.083580,-0.427420,0.264438,-0.100736,0.023840,-0.030240
1779677930212370811,2026-05-25T09:58:50.212388,prediction,-0.007188,0.728000,-0.146583,True,0.049321,0.589719,-0.113920,0.056508,0.138281,0.032663,7.50,20,-0.127186,0.845011,0.282743,0.004796,0.020940,0.022246,0.002609,0.000000,0.005228,0.083580,-0.427420,0.264438,-0.100736,0.023840,-0.030240
1779677930253002866,2026-05-25T09:58:50.253025,prediction,-0.008768,0.708000,-0.154150,True,0.055007,0.577032,-0.114521,0.063775,0.130968,0.039629,6.00,20,-0.128096,0.839429,0.282675,0.004796,0.020940,0.022246,0.002609,0.000000,0.005228,0.083580,-0.427420,0.264438,-0.100736,0.023840,-0.030240
1779677930313432546,2026-05-25T09:58:50.313467,prediction,-0.008768,0.708000,-0.154150,True,0.053530,0.571032,-0.119748,0.062298,0.136968,0.034402,4.82,20,-0.129024,0.834731,0.282750,0.000000,0.014394,0.016580,0.000000,0.002609,0.000000,0.074340,-0.428400,0.256221,-0.091104,-0.038240,-0.015712
1779677930354194709,2026-05-25T09:58:50.354220,prediction,-0.009726,0.723000,-0.148475,True,0.054931,0.573657,-0.117008,0.064657,0.149343,0.031467,4.68,20,-0.129024,0.834731,0.282750,0.001744,0.010029,0.001740,0.000000,0.002609,0.000000,0.001820,-0.442260,0.242609,-0.086880,-0.001120,0.006144
1779677930399539541,2026-05-25T09:58:50.399566,prediction,-0.012592,0.723000,-0.148475,True,0.054813,0.573394,-0.112347,0.067406,0.149606,0.036127,7.23,20,-0.130533,0.829151,0.282682,0.001744,0.004796,0.013086,0.000000,0.023995,0.000000,-0.046760,-0.446320,0.078435,-0.084160,0.040864,0.019776
1779677930439691940,2026-05-25T09:58:50.439717,prediction,-0.011659,0.708000,-0.154150,True,0.055271,0.567236,-0.115114,0.066929,0.140763,0.039036,4.66,20,-0.131765,0.824458,0.282809,0.003489,0.000000,0.039265,0.000000,0.040142,0.005670,-0.071260,-0.537180,0.044405,-0.082208,0.044480,0.021376
1779677930478279625,2026-05-25T09:58:50.478304,prediction,-0.012592,0.723000,-0.148475,True,0.054332,0.569542,-0.115259,0.066924,0.153458,0.033216,4.96,20,-0.131765,0.824458,0.282809,0.003051,0.009598,0.068938,0.000000,0.053659,0.005670,-0.079240,-0.726880,0.038180,-0.081440,0.048384,0.026400
1779677930529330236,2026-05-25T09:58:50.529366,prediction,-0.012904,0.728000,-0.146583,True,0.050281,0.584833,-0.112820,0.063185,0.143167,0.033763,7.21,20,-0.133189,0.819003,0.283302,0.001744,0.024429,0.091192,0.000000,0.067188,0.005228,-0.083020,-0.810320,0.035939,-0.083488,0.043360,0.026112
1779677930573314642,2026-05-25T09:58:50.573348,prediction,-0.012281,0.718000,-0.150367,True,0.053861,0.578100,-0.112359,0.066142,0.139900,0.038007,4.71,20,-0.134040,0.814502,0.283579,0.001744,0.042318,0.115185,0.000000,0.075477,0.002609,-0.087640,-0.751940,0.015687,-0.089056,0.045600,0.026400
1779677930621776405,2026-05-25T09:58:50.621808,prediction,-0.013526,0.738000,-0.142799,True,0.052214,0.582060,-0.109470,0.065740,0.155940,0.033330,4.60,20,-0.134040,0.814502,0.283579,0.000000,0.057156,0.148784,0.000000,0.094244,0.002609,-0.057260,-0.777420,0.022244,-0.100128,0.045696,0.024672
1779677930667725114,2026-05-25T09:58:50.667745,prediction,-0.013838,0.743000,-0.140907,True,0.052881,0.589958,-0.106158,0.066718,0.153042,0.034750,4.88,20,-0.134182,0.809766,0.284240,0.001744,0.063703,0.159691,0.002609,0.094244,0.000000,0.011340,-0.749140,0.019671,-0.103904,0.050368,0.021152
1779677930711884194,2026-05-25T09:58:50.711921,prediction,-0.010365,0.733000,-0.144691,True,0.052004,0.593704,-0.107828,0.062369,0.139296,0.036863,4.92,20,-0.134467,0.806964,0.284959,0.006540,0.068498,0.174532,0.002609,0.105152,0.002609,0.092260,-0.753200,0.011205,-0.100736,0.045536,-0.015104
1779677930751408087,2026-05-25T09:58:50.751434,prediction,-0.010685,0.738000,-0.142799,True,0.052195,0.591422,-0.108226,0.062880,0.146578,0.034573,4.65,20,-0.134467,0.806964,0.284959,0.009598,0.071994,0.180205,0.002609,0.107772,0.007847,0.106820,-0.765940,0.007968,-0.099968,0.047712,-0.027904
1779677930813205990,2026-05-25T09:58:50.813231,prediction,-0.009416,0.762000,-0.133718,True,0.051185,0.607422,-0.099879,0.060601,0.154578,0.033839,5.59,20,-0.134943,0.806032,0.284506,0.014831,0.075045,0.189804,0.002609,0.113000,0.010898,0.086380,-0.766220,0.004648,-0.100640,0.047104,-0.033408
1779677930855853365,2026-05-25T09:58:50.855878,prediction,-0.007188,0.728000,-0.146583,True,0.049826,0.613718,-0.102503,0.057013,0.114282,0.044080,5.49,20,-0.135025,0.804706,0.286206,0.014831,0.076790,0.189804,0.002609,0.113442,0.010898,0.083300,-0.787080,0.001743,-0.099904,0.045600,-0.034240
1779677930918444152,2026-05-25T09:58:50.918466,prediction,-0.006205,0.713000,-0.152259,True,0.046011,0.608372,-0.111164,0.052216,0.104627,0.041094,5.00,20,-0.134719,0.805534,0.287645,0.013087,0.078534,0.185870,0.002609,0.110391,0.007847,0.103180,-0.749140,0.012450,-0.101472,0.048032,-0.031840
1779677930964114663,2026-05-25T09:58:50.964138,prediction,-0.007188,0.728000,-0.146583,True,0.047035,0.606672,-0.110893,0.054222,0.121328,0.035689,5.00,20,-0.134823,0.805416,0.286849,0.013087,0.078534,0.185870,0.002609,0.110391,0.007847,0.103180,-0.749140,0.012450,-0.101472,0.048032,-0.031840
1779677931009154252,2026-05-25T09:58:51.009178,prediction,-0.002650,0.703000,-0.156042,True,0.054158,0.598720,-0.114272,0.056808,0.104280,0.041770,5.18,20,-0.134823,0.805416,0.286849,0.013087,0.078534,0.185870,0.002609,0.110391,0.007847,0.103180,-0.749140,0.012450,-0.101472,0.048032,-0.031840
1779677931052596457,2026-05-25T09:58:51.052622,prediction,-0.001978,0.693000,-0.159826,True,0.060283,0.582720,-0.120505,0.062261,0.110280,0.039321,5.46,20,-0.134398,0.807512,0.287549,0.013087,0.078534,0.185870,0.002609,0.110391,0.007847,0.103180,-0.749140,0.012450,-0.101472,0.048032,-0.031840
1779677931093348353,2026-05-25T09:58:51.093371,prediction,-0.002314,0.698000,-0.157934,True,0.058408,0.582120,-0.124990,0.060722,0.115880,0.032944,4.92,20,-0.134287,0.811110,0.288077,0.014831,0.073738,0.176710,0.002609,0.102533,0.010898,0.100100,-0.708540,0.014691,-0.100800,0.048544,-0.029728
1779677931146862464,2026-05-25T09:58:51.146891,prediction,-0.001575,0.687000,-0.162096,True,0.063349,0.567759,-0.127208,0.064924,0.119241,0.034888,5.40,20,-0.134287,0.811110,0.288077,0.014831,0.071994,0.174532,0.002609,0.105152,0.013517,0.107800,-0.748860,0.010375,-0.100640,0.044704,-0.030720
1779677931185944327,2026-05-25T09:58:51.185970,prediction,-0.005877,0.708000,-0.154150,True,0.059324,0.571798,-0.123272,0.065201,0.136202,0.030879,6.91,20,-0.134954,0.813697,0.286799,0.016576,0.071994,0.174963,0.005228,0.104710,0.013517,0.106820,-0.740880,0.007304,-0.097568,0.046144,-0.031232
1779677931221854171,2026-05-25T09:58:51.221879,prediction,-0.005549,0.703000,-0.156042,True,0.061594,0.568711,-0.122531,0.067144,0.134289,0.033511,4.80,20,-0.134954,0.813697,0.286799,0.018320,0.073301,0.176272,0.002609,0.102091,0.013517,0.101920,-0.761600,0.011205,-0.099680,0.046080,-0.034080
1779677931271955954,2026-05-25T09:58:51.271975,prediction,-0.006205,0.713000,-0.152259,True,0.058089,0.572601,-0.121974,0.064293,0.140399,0.030284,5.55,20,-0.136344,0.814270,0.284843,0.018320,0.076790,0.176710,0.003051,0.102091,0.016137,0.106260,-0.731780,0.004482,-0.098400,0.047040,-0.032672
1779677931320879276,2026-05-25T09:58:51.320899,prediction,-0.005549,0.703000,-0.156042,True,0.062961,0.564760,-0.122399,0.068510,0.138240,0.033643,5.81,20,-0.135941,0.813627,0.285480,0.018320,0.076790,0.174532,0.002609,0.097294,0.013517,0.112840,-0.716380,-0.003984,-0.098400,0.043968,-0.033632
1779677931361209647,2026-05-25T09:58:51.361228,prediction,-0.007426,0.687000,-0.162096,True,0.060522,0.554130,-0.126258,0.067948,0.132870,0.035838,4.55,20,-0.137212,0.813270,0.283684,0.014831,0.075483,0.167550,0.002609,0.091624,0.010898,0.108780,-0.725620,0.022244,-0.097504,0.044928,-0.031904
1779677931414233622,2026-05-25T09:58:51.414252,prediction,-0.006205,0.713000,-0.152259,True,0.055375,0.569231,-0.121881,0.061580,0.143769,0.030378,4.23,20,-0.137212,0.813270,0.283684,0.011342,0.073301,0.157951,0.002609,0.086386,0.010898,0.086380,-0.704900,0.016683,-0.094784,0.042976,-0.030336
1779677931454329843,2026-05-25T09:58:51.454349,prediction,-0.005549,0.703000,-0.153139,True,0.061609,0.562739,-0.117026,0.067158,0.140261,0.036113,4.80,20,-0.138029,0.811071,0.281314,0.007853,0.065010,0.143111,0.002609,0.075477,0.005228,0.090720,-0.680680,0.018426,-0.096896,0.041024,-0.031392
1779677931498466110,2026-05-25T09:58:51.498490,prediction,-0.004894,0.693000,-0.156906,True,0.059348,0.554843,-0.119806,0.064242,0.138157,0.037100,4.70,20,-0.138732,0.809200,0.280999,0.006540,0.057156,0.119118,0.002609,0.061949,0.005228,0.099400,-0.686000,0.033034,-0.096800,0.035968,-0.032800
1779677931543119884,2026-05-25T09:58:51.543143,prediction,-0.008768,0.708000,-0.151255,True,0.051777,0.564117,-0.119098,0.060545,0.143883,0.032158,7.14,20,-0.138732,0.809200,0.280999,0.006540,0.057156,0.119118,0.002609,0.061949,0.005228,0.099400,-0.686000,0.033034,-0.096800,0.035968,-0.032800
1779677931576519127,2026-05-25T09:58:51.576546,prediction,-0.012592,0.723000,-0.148475,True,0.052747,0.571988,-0.112756,0.065339,0.151012,0.035719,4.66,20,-0.139235,0.806023,0.278758,0.006540,0.057156,0.119118,0.002609,0.061949,0.005228,0.099400,-0.686000,0.033034,-0.096800,0.035968,-0.032800
1779677931623067309,2026-05-25T09:58:51.623086,prediction,-0.015459,0.723000,-0.148475,True,0.053877,0.572393,-0.109177,0.069335,0.150607,0.039298,4.40,20,-0.139235,0.806023,0.278758,0.004796,0.054105,0.111698,0.002609,0.061949,0.005228,0.098840,-0.699860,0.032868,-0.096736,0.032960,-0.031008
1779677931663712984,2026-05-25T09:58:51.663729,prediction,-0.013640,0.693000,-0.159826,True,0.052812,0.566080,-0.115435,0.066452,0.126920,0.044391,5.20,20,-0.139674,0.802993,0.278368,0.001744,0.020940,0.014833,0.000000,0.002609,0.002609,0.096320,-0.679700,0.084079,-0.089664,-0.007200,-0.033120
1779677931706360930,2026-05-25T09:58:51.706387,prediction,-0.014246,0.703000,-0.156042,True,0.051854,0.560848,-0.118397,0.066101,0.142152,0.037646,6.11,20,-0.140095,0.798776,0.278310,0.000000,0.013087,0.003926,0.000000,0.024426,0.000000,0.084560,-0.670740,0.206836,-0.086720,-0.038304,-0.031072
1779677931747148479,2026-05-25T09:58:51.747172,prediction,-0.018325,0.723000,-0.148475,True,0.050832,0.575160,-0.108973,0.069157,0.147840,0.039501,5.06,20,-0.140095,0.798776,0.278310,0.000000,0.008285,0.020067,0.000000,0.034903,0.000000,0.058800,-0.641620,0.255391,-0.080384,-0.039200,-0.027840
1779677931788364526,2026-05-25T09:58:51.788389,prediction,-0.018325,0.723000,-0.148475,True,0.052079,0.580234,-0.105151,0.070404,0.142766,0.043324,4.50,20,-0.139261,0.794663,0.279127,0.000000,0.000000,0.040573,0.000000,0.040573,0.000000,-0.002100,-0.606340,0.263774,-0.069696,-0.043808,-0.019712
1779677931827427088,2026-05-25T09:58:51.827451,prediction,-0.018915,0.733000,-0.144691,True,0.055660,0.581340,-0.104411,0.074574,0.151660,0.040280,5.02,20,-0.138309,0.792576,0.280855,0.001744,0.010029,0.055845,0.000000,0.043193,0.000000,-0.027860,-0.406700,0.263608,-0.056320,-0.046880,-0.008416
1779677931870799002,2026-05-25T09:58:51.870822,prediction,-0.016368,0.738000,-0.142799,True,0.058648,0.584004,-0.103253,0.075016,0.153996,0.039546,6.08,20,-0.138309,0.792576,0.280855,0.000000,0.024429,0.065013,0.000000,0.043193,0.000000,-0.048860,-0.334180,0.276473,-0.041536,-0.042240,-0.003904
1779677931912604494,2026-05-25T09:58:51.912643,prediction,-0.011659,0.708000,-0.154150,True,0.062498,0.573602,-0.108146,0.074156,0.134398,0.046004,4.78,20,-0.137724,0.792508,0.283459,0.001744,0.034034,0.070686,0.000000,0.034903,0.000000,0.026040,-0.366940,0.268090,-0.029120,-0.042304,-0.016096
1779677931957605637,2026-05-25T09:58:51.957629,prediction,-0.011347,0.703000,-0.156042,True,0.062016,0.565361,-0.114102,0.073364,0.137639,0.041940,5.38,20,-0.137724,0.792508,0.283459,0.004796,0.041012,0.065444,0.000000,0.026614,0.008289,0.113680,-0.375060,0.269252,-0.022880,-0.039584,-0.036960
1779677932002171754,2026-05-25T09:58:52.002193,prediction,-0.011970,0.713000,-0.152259,True,0.058579,0.574289,-0.114732,0.070549,0.138711,0.037527,4.62,20,-0.138239,0.793786,0.284686,0.006540,0.039267,0.061079,0.000000,0.021807,0.007847,0.106820,-0.356720,0.253980,-0.021216,-0.038848,-0.035744
1779677932058319394,2026-05-25T09:58:52.058345,prediction,-0.010725,0.693000,-0.159826,True,0.063005,0.562105,-0.118347,0.073730,0.130895,0.041479,6.30,20,-0.137669,0.794250,0.286309,0.006540,0.039267,0.061079,0.000000,0.021807,0.007847,0.106820,-0.356720,0.253980,-0.021216,-0.038848,-0.035744
1779677932095761791,2026-05-25T09:58:52.095800,prediction,-0.011347,0.703000,-0.156042,True,0.059096,0.562366,-0.121550,0.070443,0.140634,0.034493,4.76,20,-0.138013,0.793970,0.285329,0.006540,0.039267,0.061079,0.000000,0.021807,0.007847,0.106820,-0.356720,0.253980,-0.021216,-0.038848,-0.035744
1779677932151002456,2026-05-25T09:58:52.151025,prediction,-0.016065,0.733000,-0.144691,True,0.055190,0.578366,-0.111376,0.071255,0.154634,0.033315,4.38,20,-0.138013,0.793970,0.285329,0.009598,0.037523,0.057592,0.000000,0.016137,0.008289,0.094220,-0.339080,0.248004,-0.020480,-0.039520,-0.034464
1779677932201732887,2026-05-25T09:58:52.201757,prediction,-0.016065,0.733000,-0.144691,True,0.059607,0.580219,-0.105326,0.075672,0.152780,0.039365,4.75,20,-0.138013,0.793970,0.285329,0.013087,0.010029,0.033592,0.000000,0.045812,0.008289,0.109060,-0.388360,0.037350,-0.065344,0.041536,-0.031616
1779677932248984599,2026-05-25T09:58:52.249007,prediction,-0.019504,0.743000,-0.140907,True,0.052056,0.594176,-0.104881,0.071560,0.148824,0.036026,4.82,20,-0.138507,0.795168,0.287139,0.013087,0.003489,0.059340,0.002609,0.059340,0.008289,0.110880,-0.384020,0.027058,-0.095008,0.040192,-0.031232
1779677932295377088,2026-05-25T09:58:52.295407,prediction,-0.018620,0.728000,-0.146583,True,0.054600,0.588047,-0.107829,0.073220,0.139953,0.038754,5.19,20,-0.138404,0.794918,0.286762,0.011342,0.000000,0.072425,0.008289,0.072857,0.007847,0.099820,-0.411040,0.021165,-0.097280,0.047040,-0.031520
1779677932348275385,2026-05-25T09:58:52.348298,prediction,-0.017735,0.713000,-0.152259,True,0.056514,0.578028,-0.112236,0.074249,0.134972,0.040023,4.68,20,-0.138404,0.794918,0.286762,0.011342,0.000000,0.083333,0.005228,0.078096,0.010898,0.101920,-0.588980,0.019339,-0.090880,0.046208,-0.030560
1779677932398887781,2026-05-25T09:58:52.398918,prediction,-0.017735,0.713000,-0.152259,True,0.053294,0.580387,-0.114923,0.071029,0.132613,0.037335,5.53,20,-0.138555,0.796858,0.287830,0.008285,0.020940,0.102538,0.002609,0.078538,0.005228,0.091420,-0.719460,0.022244,-0.094848,0.044256,-0.030784
1779677932448958445,2026-05-25T09:58:52.448985,prediction,-0.018325,0.723000,-0.145604,True,0.048079,0.594651,-0.111419,0.066404,0.128349,0.034185,4.31,20,-0.139023,0.799422,0.288262,0.006540,0.030976,0.107772,0.002609,0.080716,0.005228,0.087360,-0.712040,0.013612,-0.091456,0.041536,-0.029792
1779677932485294314,2026-05-25T09:58:52.485317,prediction,-0.019504,0.743000,-0.140907,True,0.041760,0.610651,-0.109245,0.061264,0.132349,0.031662,4.07,20,-0.139023,0.799422,0.288262,0.003051,0.042318,0.117371,0.002609,0.081158,0.002609,0.075880,-0.705180,0.018426,-0.091776,0.042688,-0.029888
1779677932528002877,2026-05-25T09:58:52.528058,prediction,-0.019210,0.738000,-0.142799,True,0.049111,0.601590,-0.107914,0.068321,0.136410,0.034885,7.12,20,-0.137708,0.801262,0.287578,0.000000,0.052354,0.120858,0.003051,0.072857,0.000000,0.035560,-0.720440,0.020003,-0.092512,0.042592,-0.013536
1779677932571223013,2026-05-25T09:58:52.571250,prediction,-0.019740,0.747000,-0.139394,True,0.045783,0.607764,-0.107009,0.065524,0.139236,0.032385,4.42,20,-0.138127,0.802493,0.287842,0.001744,0.057156,0.117371,0.000000,0.061949,0.002609,-0.058800,-0.716380,0.020833,-0.091232,0.041312,0.020384
1779677932615260705,2026-05-25T09:58:52.615282,prediction,-0.016368,0.738000,-0.131417,True,0.043378,0.617737,-0.098232,0.059746,0.120263,0.033185,8.48,20,-0.138127,0.802493,0.287842,0.007853,0.060207,0.100352,0.000000,0.043193,0.010467,-0.109620,-0.697480,0.033947,-0.087552,0.035136,0.025824
1779677932655004465,2026-05-25T09:58:52.655027,prediction,-0.012592,0.723000,-0.122643,True,0.043113,0.609690,-0.089183,0.055705,0.113310,0.033460,8.09,20,-0.136579,0.804618,0.287864,0.011780,0.057156,0.085519,0.000000,0.027045,0.010898,-0.105000,-0.710780,0.046148,-0.084768,0.031392,0.028960
1779677932693778175,2026-05-25T09:58:52.693793,prediction,-0.013526,0.738000,-0.120034,True,0.033321,0.625690,-0.090417,0.046847,0.112310,0.029617,4.20,20,-0.134384,0.807038,0.289253,0.011342,0.050609,0.054098,0.000000,0.002609,0.010898,-0.099820,-0.679420,0.056274,-0.074816,0.030560,0.029280
1779677932736530190,2026-05-25T09:58:52.736553,prediction,-0.013215,0.733000,-0.124714,True,0.033824,0.633932,-0.093217,0.047039,0.099068,0.031498,8.50,20,-0.134384,0.807038,0.289253,0.006540,0.034465,0.010907,0.002609,0.027045,0.005228,-0.089460,-0.653100,0.079514,-0.052320,-0.039136,0.028736
1779677932787721553,2026-05-25T09:58:52.787747,prediction,-0.012904,0.728000,-0.126549,True,0.040674,0.617932,-0.092914,0.053578,0.110068,0.033635,9.15,20,-0.131982,0.811095,0.291604,0.004796,0.024429,0.001740,0.000000,0.034903,0.002609,-0.087920,-0.653660,0.158696,-0.037120,-0.042592,0.029184
1779677932823443478,2026-05-25T09:58:52.823466,prediction,-0.010046,0.728000,-0.117963,True,0.044643,0.608856,-0.084115,0.054689,0.119144,0.033847,4.42,20,-0.131982,0.811095,0.291604,0.003489,0.017889,0.013086,0.000000,0.037954,0.003051,-0.070980,-0.638260,0.237629,-0.024448,-0.037632,0.028672
1779677932859400567,2026-05-25T09:58:52.859426,prediction,-0.009726,0.723000,-0.122643,True,0.041371,0.611869,-0.087608,0.051097,0.111131,0.035035,5.47,20,-0.130237,0.815046,0.293690,0.000000,0.010029,0.020506,0.002609,0.027045,0.000000,-0.074340,-0.631680,0.239372,-0.012256,-0.039520,0.024608
1779677932902184423,2026-05-25T09:58:52.902208,prediction,-0.009407,0.718000,-0.121582,True,0.043710,0.603642,-0.090740,0.053117,0.114358,0.030842,5.65,20,-0.128587,0.820201,0.296205,0.000000,0.010029,0.020506,0.002609,0.027045,0.000000,-0.074340,-0.631680,0.239372,-0.012256,-0.039520,0.024608
1779677932945978469,2026-05-25T09:58:52.946029,prediction,-0.013526,0.738000,-0.122880,True,0.037634,0.619642,-0.094385,0.051160,0.118358,0.028495,8.78,20,-0.128587,0.820201,0.296205,0.000000,0.010029,0.020506,0.002609,0.027045,0.000000,-0.074340,-0.631680,0.239372,-0.012256,-0.039520,0.024608
1779677932994437542,2026-05-25T09:58:52.994459,prediction,-0.015156,0.718000,-0.135974,True,0.034447,0.628855,-0.101738,0.049602,0.089145,0.034237,7.96,20,-0.126807,0.825217,0.298455,0.000000,0.010029,0.020506,0.002609,0.027045,0.000000,-0.074340,-0.631680,0.239372,-0.012256,-0.039520,0.024608
1779677933043295326,2026-05-25T09:58:53.043331,prediction,-0.015762,0.728000,-0.132273,True,0.030664,0.632195,-0.104681,0.046426,0.095805,0.027592,10.56,20,-0.124946,0.828921,0.299941,0.000000,0.010029,0.020506,0.002609,0.027045,0.000000,-0.074340,-0.631680,0.239372,-0.012256,-0.039520,0.024608
1779677933083214377,2026-05-25T09:58:53.083239,prediction,-0.016065,0.733000,-0.138983,True,0.029211,0.648195,-0.112512,0.045276,0.084805,0.026472,7.56,20,-0.124946,0.828921,0.299941,0.000000,0.010029,0.020506,0.002609,0.027045,0.000000,-0.074340,-0.631680,0.239372,-0.012256,-0.039520,0.024608
1779677933125664550,2026-05-25T09:58:53.125698,prediction,-0.015459,0.723000,-0.139864,True,0.033850,0.640383,-0.113984,0.049309,0.082617,0.025880,7.70,20,-0.122633,0.833548,0.300711,0.000000,0.006540,0.020506,0.000000,0.026614,0.000000,-0.071820,-0.631400,0.238127,-0.007424,-0.035136,0.020384
1779677933163723367,2026-05-25T09:58:53.163754,prediction,-0.018620,0.728000,-0.143721,True,0.033713,0.629701,-0.118417,0.052332,0.098299,0.025304,4.72,20,-0.121337,0.837582,0.300720,0.000000,0.006540,0.020506,0.000000,0.026614,0.000000,-0.071820,-0.631400,0.238127,-0.007424,-0.035136,0.020384
1779677933204102485,2026-05-25T09:58:53.204127,prediction,-0.021478,0.728000,-0.135135,True,0.034696,0.622776,-0.110498,0.056174,0.105224,0.024637,5.21,20,-0.121337,0.837582,0.300720,0.000000,0.006540,0.020506,0.000000,0.026614,0.000000,-0.071820,-0.631400,0.238127,-0.007424,-0.035136,0.020384
1779677933256365552,2026-05-25T09:58:53.256395,prediction,-0.021191,0.723000,-0.128383,True,0.033035,0.619144,-0.103848,0.054226,0.103856,0.024535,7.47,20,-0.119780,0.842076,0.299959,0.000000,0.006540,0.020506,0.000000,0.026614,0.000000,-0.071820,-0.631400,0.238127,-0.007424,-0.035136,0.020384
1779677933298516263,2026-05-25T09:58:53.298539,prediction,-0.020904,0.718000,-0.127339,True,0.029159,0.621032,-0.103582,0.050064,0.096968,0.023757,7.17,20,-0.118586,0.845048,0.299376,0.000000,0.024867,0.066752,0.000000,0.043193,0.000000,-0.012600,-0.378700,0.260205,-0.003072,-0.046080,-0.019328
1779677933349094395,2026-05-25T09:58:53.349130,prediction,-0.020331,0.708000,-0.130991,True,0.030324,0.608634,-0.105993,0.050655,0.099366,0.024999,9.23,20,-0.118586,0.845048,0.299376,0.004796,0.024429,0.065444,0.002609,0.040573,0.000000,-0.090440,-0.365680,0.264770,-0.003744,-0.045600,0.001280
1779677933393775894,2026-05-25T09:58:53.393800,prediction,-0.020618,0.713000,-0.126278,True,0.026626,0.611748,-0.102728,0.047243,0.101252,0.023550,8.00,20,-0.118586,0.845048,0.299376,0.013087,0.024429,0.063265,0.002609,0.040142,0.008289,-0.104160,-0.362880,0.257383,-0.002624,-0.039904,0.028896
1779677933442475335,2026-05-25T09:58:53.442503,prediction,-0.020618,0.713000,-0.126278,True,0.028476,0.609941,-0.099257,0.049094,0.103059,0.027022,7.09,20,-0.116562,0.848004,0.296187,0.014831,0.024429,0.063265,0.002609,0.040573,0.013517,-0.098140,-0.374080,0.263608,-0.002016,-0.041024,0.029888
1779677933481360710,2026-05-25T09:58:53.481382,prediction,-0.020904,0.718000,-0.121582,True,0.032297,0.598502,-0.094673,0.053202,0.119498,0.026909,4.47,20,-0.116562,0.848004,0.296187,0.014831,0.024429,0.063265,0.002609,0.040573,0.013517,-0.098140,-0.374080,0.263608,-0.002016,-0.041024,0.029888
1779677933556477900,2026-05-25T09:58:53.556503,prediction,-0.020618,0.713000,-0.123392,True,0.032949,0.596281,-0.095837,0.053566,0.116719,0.027555,7.10,20,-0.115276,0.847893,0.294814,0.017889,0.021378,0.063265,0.002609,0.040142,0.018756,-0.098560,-0.366100,0.268256,-0.003232,-0.042752,0.030016
1779677933594315566,2026-05-25T09:58:53.594341,prediction,-0.020904,0.718000,-0.121582,True,0.033059,0.596421,-0.094510,0.053963,0.121579,0.027073,4.71,20,-0.114928,0.846414,0.294916,0.034034,0.016576,0.115185,0.005228,0.099482,0.032284,-0.119560,-0.386260,0.297970,-0.004640,-0.047872,0.031232
1779677933642012703,2026-05-25T09:58:53.642049,prediction,-0.018030,0.718000,-0.121582,True,0.037518,0.594057,-0.092481,0.055548,0.123943,0.029101,4.32,20,-0.114073,0.843602,0.295012,0.035778,0.023122,0.148784,0.005228,0.126528,0.029665,-0.112420,-0.355460,0.304859,-0.004512,-0.054784,0.034400
1779677933678689285,2026-05-25T09:58:53.678731,prediction,-0.017440,0.708000,-0.125202,True,0.039178,0.586006,-0.093869,0.056618,0.121994,0.031333,5.17,20,-0.114073,0.843602,0.295012,0.035778,0.026174,0.159691,0.005228,0.137436,0.029665,-0.115920,-0.346220,0.307100,-0.004288,-0.054720,0.036736
1779677933736523474,2026-05-25T09:58:53.736541,prediction,-0.017145,0.703000,-0.127011,True,0.041168,0.576910,-0.096833,0.058313,0.126090,0.030178,7.61,20,-0.114407,0.841466,0.295509,0.037523,0.041012,0.197216,0.008289,0.158823,0.032284,-0.099120,-0.359800,0.316230,-0.006976,-0.060384,0.037344
1779677933787545610,2026-05-25T09:58:53.787563,prediction,-0.017145,0.703000,-0.129914,True,0.044219,0.571389,-0.099708,0.061364,0.131610,0.030206,10.85,20,-0.115147,0.839721,0.295967,0.036209,0.044069,0.204637,0.005228,0.167112,0.032715,-0.105700,-0.347480,0.324779,-0.006528,-0.052832,0.035360
1779677933834752432,2026-05-25T09:58:53.834777,prediction,-0.019758,0.698000,-0.131732,True,0.041232,0.576517,-0.101470,0.060989,0.121483,0.030262,8.29,20,-0.115808,0.837137,0.296701,0.036209,0.044069,0.204637,0.005228,0.167112,0.032715,-0.105700,-0.347480,0.324779,-0.006528,-0.052832,0.035360
1779677933876901110,2026-05-25T09:58:53.876925,prediction,-0.020331,0.708000,-0.128096,True,0.043707,0.574279,-0.099155,0.064038,0.133720,0.028942,8.55,20,-0.115808,0.837137,0.296701,0.036209,0.044069,0.204637,0.005228,0.167112,0.032715,-0.105700,-0.347480,0.324779,-0.006528,-0.052832,0.035360
1779677933914341304,2026-05-25T09:58:53.914366,prediction,-0.020044,0.703000,-0.129914,True,0.044508,0.575768,-0.099850,0.064552,0.127232,0.030065,7.75,20,-0.116630,0.832402,0.297990,0.036209,0.044069,0.204637,0.005228,0.167112,0.032715,-0.105700,-0.347480,0.324779,-0.006528,-0.052832,0.035360
1779677933951452110,2026-05-25T09:58:53.951477,prediction,-0.020331,0.708000,-0.122307,True,0.042030,0.580903,-0.095286,0.062361,0.127097,0.027021,7.60,20,-0.116630,0.832402,0.297990,0.037523,0.045814,0.206384,0.008289,0.158823,0.032284,-0.120540,-0.321440,0.323451,-0.007424,-0.059456,0.035232
1779677934006249768,2026-05-25T09:58:54.006274,prediction,-0.019471,0.693000,-0.127711,True,0.045791,0.567956,-0.096277,0.065262,0.125044,0.031435,8.94,20,-0.117673,0.826385,0.299324,0.034465,0.078103,0.130025,0.005670,0.051040,0.032284,-0.108780,-0.361060,0.269252,-0.003136,-0.044096,0.036352
1779677934054841901,2026-05-25T09:58:54.054857,prediction,-0.020618,0.713000,-0.120505,True,0.040520,0.579680,-0.093595,0.061138,0.133320,0.026910,8.40,20,-0.118850,0.821450,0.300263,0.030976,0.058901,0.074173,0.005228,0.018756,0.029665,-0.103460,-0.403620,0.244352,-0.003968,-0.041088,0.036512
1779677934116053833,2026-05-25T09:58:54.116075,prediction,-0.019758,0.698000,-0.122998,True,0.041308,0.580586,-0.092663,0.061066,0.117414,0.030335,8.62,20,-0.119834,0.817539,0.301170,0.029669,0.039267,0.031413,0.000000,0.000000,0.029665,-0.108080,-0.429940,0.230408,-0.003456,-0.025216,0.031680
1779677934161184578,2026-05-25T09:58:54.161206,prediction,-0.016556,0.693000,-0.121872,True,0.040888,0.574917,-0.093152,0.057444,0.118083,0.028721,8.10,20,-0.120944,0.814330,0.302009,0.026174,0.027925,0.013086,0.002609,0.005228,0.027045,-0.091420,-0.426440,0.225594,-0.003840,0.015360,0.033280
1779677934203402480,2026-05-25T09:58:54.203430,prediction,-0.017440,0.708000,-0.116517,True,0.036626,0.584837,-0.090857,0.054066,0.123163,0.025660,4.45,20,-0.120944,0.814330,0.302009,0.026174,0.027925,0.013086,0.002609,0.005228,0.027045,-0.091420,-0.426440,0.225594,-0.003840,0.015360,0.033280
1779677934240880442,2026-05-25T09:58:54.240905,prediction,-0.016556,0.693000,-0.121872,True,0.041442,0.574945,-0.091130,0.057997,0.118055,0.030742,4.37,20,-0.122085,0.810244,0.302699,0.026174,0.027925,0.013086,0.002609,0.005228,0.027045,-0.091420,-0.426440,0.225594,-0.003840,0.015360,0.033280
1779677934287311484,2026-05-25T09:58:54.287341,prediction,-0.016202,0.687000,-0.124014,True,0.040692,0.567786,-0.094601,0.056894,0.119214,0.029414,7.65,20,-0.122085,0.810244,0.302699,0.000000,0.045814,0.083771,0.000000,0.040573,0.000000,-0.071540,-0.736820,0.040919,-0.011520,0.040864,0.029504
1779677934328862178,2026-05-25T09:58:54.328888,prediction,-0.016556,0.693000,-0.121872,True,0.040428,0.570239,-0.094442,0.056983,0.122761,0.027430,5.82,20,-0.123181,0.806395,0.303138,0.001744,0.050609,0.089444,0.000000,0.043193,0.000000,0.034720,-0.714420,0.026311,-0.018880,0.042080,0.010976
1779677934371377636,2026-05-25T09:58:54.371404,prediction,-0.016556,0.693000,-0.121872,True,0.039064,0.575556,-0.093755,0.055620,0.117444,0.028117,5.03,20,-0.123568,0.803875,0.302996,0.008285,0.054105,0.096865,0.000000,0.043193,0.005228,0.093520,-0.767760,0.033698,-0.031616,0.038912,-0.020096
1779677934417697430,2026-05-25T09:58:54.417729,prediction,-0.016850,0.698000,-0.122998,True,0.039511,0.576676,-0.095252,0.056362,0.121324,0.027746,6.33,20,-0.123568,0.803875,0.302996,0.011342,0.063703,0.113006,0.000000,0.051040,0.010898,0.088620,-0.749140,0.015687,-0.048768,0.040704,-0.023616
1779677934456499492,2026-05-25T09:58:54.456520,prediction,-0.016556,0.693000,-0.124792,True,0.040474,0.575150,-0.097181,0.057030,0.117850,0.027610,7.33,20,-0.123414,0.800921,0.303174,0.013087,0.071994,0.126531,0.000000,0.054101,0.010467,0.085820,-0.720440,0.007055,-0.059776,0.047488,-0.023616
1779677934496988033,2026-05-25T09:58:54.497008,prediction,-0.016850,0.698000,-0.122998,True,0.039345,0.576551,-0.096589,0.056195,0.121449,0.026410,7.07,20,-0.123469,0.801984,0.303110,0.013087,0.071994,0.126531,0.000000,0.054101,0.010467,0.085820,-0.720440,0.007055,-0.059776,0.047488,-0.023616
1779677934538395348,2026-05-25T09:58:54.538419,prediction,-0.020044,0.703000,-0.121205,True,0.038553,0.579788,-0.093632,0.058597,0.123212,0.027573,8.72,20,-0.123469,0.801984,0.303110,0.013087,0.071994,0.126531,0.000000,0.054101,0.010467,0.085820,-0.720440,0.007055,-0.059776,0.047488,-0.023616
1779677934600830790,2026-05-25T09:58:54.600859,prediction,-0.019758,0.698000,-0.122998,True,0.041309,0.574890,-0.093654,0.061067,0.123109,0.029345,6.78,20,-0.122962,0.799917,0.303733,0.013087,0.071994,0.126531,0.000000,0.054101,0.010467,0.085820,-0.720440,0.007055,-0.059776,0.047488,-0.023616


============================================================
EXPERIMENT METRICS
  File: experiment_GRU_20260525_095836.csv
  Total samples: 400
  Task completion time: 17.95 s
  --- Prediction Accuracy (over 400 samples) ---
  Avg Inference Time: 6.45 ms
  Mean Squared Error (MSE): 0.008155 m²
  Mean Absolute Error (MAE - 3D): 0.0717 m
      MAE X: 0.0287 m
      MAE Y: 0.0611 m
      MAE Z: 0.0180 m
  --- Trajectory Smoothness (Robot EE) ---
  Mean Jerk (3D): 27.0353 m/s³
      Jerk X: 6.5666 m/s³
      Jerk Y: 19.6847 m/s³
      Jerk Z: 12.2302 m/s³
  Max Jerk (3D): 119.2249 m/s³
  RMS Jerk (3D): 33.7481 m/s³
============================================================
