ros_timestamp_ns,wall_time,trajectory_mode,meas_x,meas_y,meas_z,is_tracked,pred_x,pred_y,pred_z,mae_x,mae_y,mae_z,inference_ms,buffer_size,robot_ee_x,robot_ee_y,robot_ee_z,j1_vel,j2_vel,j3_vel,j4_vel,j5_vel,j6_vel,j1_eff,j2_eff,j3_eff,j4_eff,j5_eff,j6_eff
1779678032846721933,2026-05-25T10:00:32.846755,prediction,0.103063,0.068000,-0.001675,True,0.115476,0.061303,0.008692,0.012413,0.006697,0.010367,4.24,20,-0.163826,0.263007,0.394663,0.000000,0.000000,0.000000,0.000000,0.000000,0.000000,-0.005460,-0.123900,0.082419,-0.029120,0.012416,-0.011360
1779678032883961983,2026-05-25T10:00:32.883986,prediction,0.100866,0.049000,-0.005742,True,0.113955,0.058051,0.009138,0.013089,0.009051,0.014880,6.82,20,-0.163826,0.263007,0.394663,0.000000,0.000000,0.000000,0.000000,0.000000,0.000000,-0.008260,-0.123900,0.082419,-0.029120,0.012416,-0.012480
1779678032918709658,2026-05-25T10:00:32.918732,prediction,0.100040,0.058000,0.000147,True,0.110690,0.058422,0.011610,0.010650,0.000422,0.011463,3.93,20,-0.167185,0.261115,0.397848,0.000000,0.000000,0.000000,0.000000,0.002609,0.000000,-0.008260,-0.123900,0.082419,-0.029280,0.012704,-0.012640
1779678032963770404,2026-05-25T10:00:32.963794,prediction,0.100040,0.058000,0.000147,True,0.110980,0.057472,0.012599,0.010940,0.000527,0.012452,4.43,20,-0.170161,0.258481,0.402222,0.000000,0.000000,0.000000,0.000000,0.002609,0.000000,-0.004900,-0.123620,0.081340,-0.029728,0.012096,-0.011648
1779678033009960545,2026-05-25T10:00:33.010046,prediction,0.100040,0.058000,0.000147,True,0.109503,0.056464,0.012350,0.009463,0.001535,0.012203,8.65,20,-0.170161,0.258481,0.402222,0.000000,0.000000,0.000000,0.000000,0.002609,0.000000,-0.007000,-0.123620,0.082751,-0.029728,0.012704,-0.012320
1779678033049456640,2026-05-25T10:00:33.049476,prediction,0.098296,0.077000,0.008115,True,0.104836,0.072464,0.019109,0.006540,0.004535,0.010994,9.35,20,-0.163827,0.263014,0.394668,0.000000,0.000000,0.000000,0.000000,0.002609,0.000000,-0.006720,-0.125440,0.082751,-0.029728,0.012032,-0.011744
1779678033092228582,2026-05-25T10:00:33.092254,prediction,0.099122,0.068000,0.006218,True,0.106648,0.069973,0.020739,0.007526,0.001974,0.014521,6.97,20,-0.163827,0.263014,0.394668,0.000000,0.000000,0.000000,0.000000,0.000000,0.000000,-0.006440,-0.123620,0.082751,-0.029888,0.012256,-0.011200
1779678033142366353,2026-05-25T10:00:33.142385,prediction,0.101784,0.039000,0.000105,True,0.108223,0.053973,0.016514,0.006439,0.014974,0.016410,7.84,20,-0.163827,0.263014,0.394668,0.000000,0.000000,0.000000,0.000000,0.002609,0.000000,-0.007700,-0.125440,0.082751,-0.029888,0.012544,-0.011872
1779678033180225378,2026-05-25T10:00:33.180253,prediction,0.102610,0.030000,-0.001792,True,0.108485,0.042761,0.011220,0.005875,0.012761,0.013012,7.78,20,-0.163827,0.263014,0.394668,0.000000,0.000000,0.000000,0.000000,0.002609,0.000000,-0.007700,-0.125440,0.082751,-0.029888,0.012544,-0.011872
1779678033220640629,2026-05-25T10:00:33.220661,prediction,0.104446,0.010000,-0.010050,True,0.112124,0.027646,0.003143,0.007678,0.017646,0.013193,5.34,20,-0.163827,0.263014,0.394668,0.000000,0.000000,0.000000,0.000000,0.002609,0.000000,-0.007700,-0.125440,0.082751,-0.029888,0.012544,-0.011872
1779678033266305313,2026-05-25T10:00:33.266332,prediction,0.101784,0.039000,-0.003889,True,0.112402,0.039736,0.004383,0.010618,0.000736,0.008272,8.42,20,-0.163827,0.263014,0.394668,0.000000,0.000000,0.000000,0.000000,0.002609,0.000000,-0.007700,-0.125440,0.082751,-0.029888,0.012544,-0.011872
1779678033331055594,2026-05-25T10:00:33.331090,prediction,0.106613,0.030000,-0.009810,True,0.116942,0.035564,0.000976,0.010329,0.005564,0.010786,9.06,20,-0.163827,0.263014,0.394668,0.122603,0.178022,0.178458,0.034903,0.242599,0.091624,-0.216020,0.225680,0.301456,0.013376,-0.080768,0.048928
1779678033371894955,2026-05-25T10:00:33.371916,prediction,0.108482,0.010000,-0.014092,True,0.120298,0.019564,-0.004534,0.011816,0.009564,0.009557,7.50,20,-0.163827,0.263014,0.394668,0.140492,0.200706,0.200711,0.040142,0.269645,0.099482,-0.188720,0.221340,0.306104,0.012864,-0.076544,0.048640
1779678033416544357,2026-05-25T10:00:33.416564,prediction,0.105772,0.039000,-0.007883,True,0.118837,0.028999,-0.003407,0.013064,0.010001,0.004477,8.43,20,-0.163827,0.263014,0.394668,0.171475,0.244782,0.245217,0.053659,0.328985,0.121300,-0.163240,0.070000,0.260371,0.019648,-0.085440,0.045312
1779678033450256901,2026-05-25T10:00:33.450274,prediction,0.105772,0.039000,-0.007883,True,0.120450,0.037875,-0.001467,0.014678,0.001125,0.006417,4.24,20,-0.163827,0.263014,0.394668,0.158388,0.230382,0.232563,0.051040,0.304559,0.110391,-0.143220,-0.016380,0.219037,0.023712,-0.073184,0.044032
1779678033486065303,2026-05-25T10:00:33.486081,prediction,0.103997,0.058000,-0.003816,True,0.119573,0.046644,0.001624,0.015575,0.011356,0.005440,4.36,20,-0.163827,0.263014,0.394668,0.082899,0.127406,0.133951,0.029665,0.167112,0.045812,-0.040600,-0.099120,0.166166,0.022048,-0.056160,0.032224
1779678033543249330,2026-05-25T10:00:33.543282,prediction,0.102222,0.077000,0.004184,True,0.116432,0.061915,0.011055,0.014209,0.015085,0.006871,4.79,20,-0.163827,0.263014,0.394668,0.003051,0.014831,0.027919,0.005670,0.026614,0.007847,0.119280,-0.233380,0.101841,0.017760,-0.035968,-0.024000
1779678033583059501,2026-05-25T10:00:33.583087,prediction,0.097083,0.132000,0.027391,True,0.103738,0.077915,0.027055,0.006655,0.054085,0.000336,7.58,20,-0.163827,0.263014,0.394668,0.101225,0.099481,0.090753,0.010898,0.129147,0.094244,0.241080,-0.464380,-0.091466,-0.057952,0.062400,-0.045760
1779678033630362409,2026-05-25T10:00:33.630388,prediction,0.099606,0.105000,0.037331,True,0.105154,0.093915,0.043055,0.005548,0.011085,0.005724,7.86,20,-0.163827,0.263014,0.394668,0.204202,0.225580,0.198525,0.056721,0.256117,0.159254,0.255080,-0.526960,-0.133298,-0.065408,0.070912,-0.051104
1779678033684879920,2026-05-25T10:00:33.684902,prediction,0.094900,0.114000,0.058493,True,0.099382,0.109915,0.059055,0.004482,0.004085,0.000562,7.90,20,-0.163827,0.263014,0.394668,0.246527,0.297574,0.228637,0.067629,0.239538,0.191549,0.207060,-0.361340,-0.050630,-0.085824,0.064064,-0.047584
1779678033727286906,2026-05-25T10:00:33.727311,prediction,0.095726,0.105000,0.080072,True,0.099863,0.125915,0.075055,0.004138,0.020915,0.005017,7.45,20,-0.163827,0.263014,0.394668,0.210742,0.264416,0.193291,0.053659,0.202457,0.150964,0.088620,-0.241780,-0.021497,-0.081376,0.060160,-0.041184
1779678033788539190,2026-05-25T10:00:33.788557,prediction,0.090035,0.167000,0.106545,True,0.083863,0.141915,0.091055,0.006171,0.025085,0.015490,6.80,20,-0.163827,0.263014,0.394668,0.078103,0.139186,0.130025,0.029665,0.167112,0.043193,0.033040,-0.186620,-0.010043,-0.080480,0.056544,-0.031232
1779678033829894576,2026-05-25T10:00:33.829911,prediction,0.087740,0.192000,0.125923,True,0.086010,0.157915,0.107055,0.001730,0.034085,0.018868,5.22,20,-0.164409,0.262547,0.396766,0.063703,0.123917,0.120858,0.027045,0.161442,0.034903,0.042700,-0.180600,0.002822,-0.077760,0.051040,-0.028896
1779678033873132958,2026-05-25T10:00:33.873159,prediction,0.092421,0.141000,0.132573,True,0.096043,0.173915,0.123055,0.003622,0.032915,0.009518,7.86,20,-0.164409,0.262547,0.396766,0.063703,0.123917,0.120858,0.027045,0.161442,0.034903,0.042700,-0.180600,0.002822,-0.077760,0.051040,-0.028896
1779678033914091767,2026-05-25T10:00:33.914115,prediction,0.084619,0.226000,0.153814,True,0.080043,0.189915,0.139055,0.004576,0.036085,0.014759,5.63,20,-0.165166,0.262598,0.400997,0.063703,0.123917,0.120858,0.027045,0.161442,0.034903,0.042700,-0.180600,0.002822,-0.077760,0.051040,-0.028896
1779678033974241314,2026-05-25T10:00:33.974259,prediction,0.084003,0.192000,0.155864,True,0.094544,0.205915,0.155055,0.010541,0.013915,0.000809,4.31,20,-0.163827,0.263014,0.394668,0.073301,0.050609,0.029666,0.005228,0.085954,0.070249,-0.110320,0.031920,0.005229,0.010752,0.045152,0.035680
1779678034018032174,2026-05-25T10:00:34.018051,prediction,0.099508,0.020000,0.141008,True,0.110544,0.191549,0.168253,0.011035,0.171549,0.027245,7.67,20,-0.163827,0.263014,0.394668,0.063703,0.050609,0.026179,0.010898,0.070249,0.056721,-0.086800,-0.020440,0.008466,0.007968,0.040480,0.034016
1779678034066429958,2026-05-25T10:00:34.066447,prediction,0.078053,0.217000,0.174585,True,0.103336,0.207549,0.184253,0.025283,0.009451,0.009669,8.82,20,-0.163882,0.264580,0.396234,0.063703,0.050609,0.026179,0.010898,0.070249,0.056721,-0.086800,-0.020440,0.008466,0.007968,0.040480,0.034016
1779678034106560322,2026-05-25T10:00:34.106604,prediction,0.076548,0.234000,0.184482,True,0.119336,0.223549,0.197474,0.042788,0.010451,0.012992,7.25,20,-0.163901,0.267044,0.399868,0.063703,0.050609,0.026179,0.010898,0.070249,0.056721,-0.086800,-0.020440,0.008466,0.007968,0.040480,0.034016
1779678034151932025,2026-05-25T10:00:34.151956,prediction,0.072388,0.281000,0.191378,True,0.135336,0.239549,0.202044,0.062948,0.041451,0.010666,8.29,20,-0.163901,0.267044,0.399868,0.048865,0.040574,0.018320,0.005228,0.051040,0.040573,-0.071540,-0.033460,0.011039,0.009088,0.034016,0.031072
1779678034189055869,2026-05-25T10:00:34.189074,prediction,0.070795,0.258000,0.195272,True,0.151336,0.243989,0.208773,0.080541,0.014011,0.013501,8.61,20,-0.163916,0.270304,0.405521,0.048865,0.040574,0.018320,0.005228,0.051040,0.040573,-0.071540,-0.033460,0.011039,0.009088,0.034016,0.031072
1779678034229926777,2026-05-25T10:00:34.229963,prediction,0.068102,0.289000,0.203301,True,0.147622,0.259989,0.220120,0.079520,0.029011,0.016818,8.88,20,-0.164014,0.274588,0.413272,0.048865,0.040574,0.018320,0.005228,0.051040,0.040573,-0.071540,-0.033460,0.011039,0.009088,0.034016,0.031072
1779678034266630949,2026-05-25T10:00:34.266654,prediction,0.070100,0.266000,0.200040,True,0.159995,0.275989,0.213654,0.089895,0.009989,0.013614,8.54,20,-0.164014,0.274588,0.413272,0.048865,0.040574,0.018320,0.005228,0.051040,0.040573,-0.071540,-0.033460,0.011039,0.009088,0.034016,0.031072
1779678034306555060,2026-05-25T10:00:34.306590,prediction,0.068797,0.281000,0.205764,True,0.175060,0.291989,0.213660,0.106263,0.010989,0.007896,7.19,20,-0.164465,0.279886,0.421627,0.000000,0.000000,0.000000,0.000000,0.000000,0.002609,-0.039340,-0.069440,0.077024,0.003584,0.024320,0.020992
1779678034348763470,2026-05-25T10:00:34.348788,prediction,0.067407,0.297000,0.208006,True,0.171472,0.289543,0.215313,0.104065,0.007457,0.007307,8.08,20,-0.164465,0.279886,0.421627,0.000000,0.000000,0.000000,0.000000,0.000000,0.000000,-0.031220,-0.078960,0.087565,0.002400,0.022656,0.020000
1779678034387423326,2026-05-25T10:00:34.387449,prediction,0.066104,0.312000,0.213654,True,0.155472,0.298401,0.223571,0.089368,0.013599,0.009917,8.52,20,-0.165348,0.285740,0.429771,0.000000,0.000000,0.000000,0.000000,0.000000,0.000000,-0.022540,-0.087080,0.093375,0.001344,0.020384,0.018944
1779678034428016283,2026-05-25T10:00:34.428044,prediction,0.068317,0.327000,0.215731,True,0.141961,0.314401,0.216226,0.073644,0.012598,0.000495,9.58,20,-0.166372,0.291731,0.437686,0.000000,0.000000,0.000000,0.000000,0.000000,0.000000,-0.014560,-0.095480,0.100098,0.000448,0.018592,0.018432
1779678034469931465,2026-05-25T10:00:34.469957,prediction,0.070264,0.305000,0.216241,True,0.142649,0.305374,0.213725,0.072385,0.000374,0.002516,9.18,20,-0.166372,0.291731,0.437686,0.000000,0.000000,0.000000,0.000000,0.000000,0.000000,-0.006440,-0.103460,0.107485,-0.000576,0.016768,0.017824
1779678034510842236,2026-05-25T10:00:34.510878,prediction,0.072464,0.320000,0.218294,True,0.131016,0.294153,0.216066,0.058552,0.025847,0.002228,7.94,20,-0.167644,0.298064,0.445290,0.000000,0.000000,0.000000,0.000000,0.003051,0.000000,0.006440,-0.136080,0.117279,-0.001184,0.012928,0.016480
1779678034550682560,2026-05-25T10:00:34.550703,prediction,0.073185,0.312000,0.217199,True,0.124539,0.283799,0.217021,0.051354,0.028201,0.000178,9.29,20,-0.167644,0.298064,0.445290,0.001307,0.004796,0.000000,0.000000,0.002609,0.003051,0.047040,-0.205520,0.168490,-0.001856,-0.018208,0.007136
1779678034588649116,2026-05-25T10:00:34.588675,prediction,0.075980,0.281000,0.212956,True,0.120876,0.267799,0.211045,0.044897,0.013200,0.001912,7.59,20,-0.169050,0.304677,0.452634,0.003051,0.011342,0.005234,0.000000,0.010898,0.002609,0.071820,-0.229320,0.182434,-0.002080,-0.060832,-0.004288
1779678034629901057,2026-05-25T10:00:34.629925,prediction,0.097083,0.132000,0.188723,True,0.129454,0.251799,0.197326,0.032371,0.119799,0.008604,8.08,20,-0.170506,0.311437,0.459904,0.013087,0.041012,0.027488,0.000000,0.075477,0.016137,0.086100,-0.259980,0.198951,0.006912,-0.052544,-0.026944
1779678034671507631,2026-05-25T10:00:34.671539,prediction,0.108482,0.010000,0.159700,True,0.129848,0.235799,0.181326,0.021366,0.225799,0.021627,8.21,20,-0.170506,0.311437,0.459904,0.014394,0.045814,0.029666,0.000000,0.083335,0.018756,0.084280,-0.248500,0.201856,0.013472,-0.053376,-0.029184
1779678034711304237,2026-05-25T10:00:34.711328,prediction,0.096831,0.175000,0.175825,True,0.113848,0.219799,0.178093,0.017017,0.044799,0.002267,8.28,20,-0.172035,0.318408,0.466931,0.008285,0.026174,0.018759,0.002609,0.037954,0.010898,0.081200,-0.177940,0.185754,0.009696,-0.041248,-0.025888
1779678034764104230,2026-05-25T10:00:34.764137,prediction,0.138995,-0.268500,0.092758,True,0.100799,0.203799,0.167296,0.038196,0.472300,0.074538,7.77,20,-0.173559,0.325473,0.473823,0.000000,0.001744,0.005666,0.000000,0.016137,0.000000,0.013860,-0.159600,0.190236,0.003904,-0.048256,-0.014592
1779678034816316368,2026-05-25T10:00:34.816349,prediction,0.115587,0.020000,0.124907,True,0.099812,0.187799,0.152901,0.015775,0.167799,0.027994,4.72,20,-0.173559,0.325473,0.473823,0.001744,0.000000,0.009599,0.000000,0.023995,0.000000,-0.039900,-0.118720,0.194635,0.004960,-0.048864,-0.003744
1779678034875131639,2026-05-25T10:00:34.875160,prediction,0.126564,-0.093500,0.094314,True,0.104866,0.171799,0.141044,0.021698,0.265300,0.046730,7.75,20,-0.174885,0.332771,0.480550,0.001744,0.000000,0.009599,0.000000,0.023995,0.000000,-0.039900,-0.118720,0.194635,0.004960,-0.048864,-0.003744
1779678034908985326,2026-05-25T10:00:34.909020,prediction,0.130130,-0.087000,0.091173,True,0.120866,0.155799,0.127741,0.009264,0.242800,0.036568,4.71,20,-0.176084,0.340185,0.487190,0.001744,0.000000,0.009599,0.000000,0.023995,0.000000,-0.039900,-0.118720,0.194635,0.004960,-0.048864,-0.003744
1779678034947970530,2026-05-25T10:00:34.947988,prediction,0.118623,0.030000,0.110454,True,0.120927,0.165480,0.127082,0.002304,0.135480,0.016628,5.84,20,-0.176084,0.340185,0.487190,0.004796,0.001307,0.016580,0.000000,0.029665,0.002609,-0.067760,-0.092260,0.201690,0.008256,-0.046656,0.009632
1779678035006526305,2026-05-25T10:00:35.006551,prediction,0.110361,0.114000,0.124297,True,0.123752,0.181480,0.143082,0.013390,0.067480,0.018785,7.84,20,-0.177009,0.347863,0.493810,0.003051,0.120859,0.198964,0.013517,0.331173,0.021807,0.070000,-0.375060,0.306436,0.004512,-0.091168,-0.033408
1779678035047004711,2026-05-25T10:00:35.047025,prediction,0.120590,0.010000,0.107158,True,0.119019,0.172888,0.147136,0.001571,0.162888,0.039977,7.93,20,-0.177717,0.355267,0.500211,0.009598,0.148784,0.230816,0.016137,0.372189,0.032284,0.081480,-0.348320,0.286433,0.008640,-0.083776,-0.031520
1779678035089839414,2026-05-25T10:00:35.089865,prediction,0.117738,0.039000,0.103949,True,0.110417,0.179333,0.141415,0.007321,0.140333,0.037465,4.51,20,-0.177717,0.355267,0.500211,0.014831,0.158388,0.254816,0.013517,0.404473,0.034903,0.087640,-0.289800,0.303531,0.006976,-0.084928,-0.034464
1779678035139637282,2026-05-25T10:00:35.139661,prediction,0.120726,0.049000,0.101652,True,0.107603,0.187200,0.138885,0.013123,0.138200,0.037233,4.69,20,-0.178254,0.362767,0.506771,0.023122,0.157075,0.284482,0.013517,0.441995,0.040142,0.093800,-0.306880,0.298551,0.010976,-0.086656,-0.038752
1779678035181888634,2026-05-25T10:00:35.181915,prediction,0.132725,-0.071000,0.081286,True,0.113354,0.171200,0.129291,0.019372,0.242200,0.048005,7.93,20,-0.178364,0.370101,0.513552,0.029669,0.151841,0.297575,0.013517,0.441995,0.045812,0.094500,-0.286440,0.307598,0.008576,-0.082048,-0.037472
1779678035233853821,2026-05-25T10:00:35.233870,prediction,0.119826,0.058000,0.091292,True,0.109108,0.180850,0.121900,0.010718,0.122850,0.030609,8.86,20,-0.178250,0.377315,0.520511,0.035778,0.135697,0.302810,0.010898,0.414950,0.054101,0.124600,-0.248920,0.301622,0.006464,-0.087040,-0.037856
1779678035278020025,2026-05-25T10:00:35.278046,prediction,0.130626,-0.050000,0.072429,True,0.125082,0.164850,0.115210,0.005544,0.214850,0.042781,8.36,20,-0.178250,0.377315,0.520511,0.035778,0.135697,0.302810,0.010898,0.414950,0.054101,0.124600,-0.248920,0.301622,0.006464,-0.087040,-0.037856
1779678035321798928,2026-05-25T10:00:35.321822,prediction,0.122626,0.030000,0.082393,True,0.129461,0.152150,0.107293,0.006835,0.122150,0.024901,7.73,20,-0.177672,0.384118,0.527803,0.035778,0.135697,0.302810,0.010898,0.414950,0.054101,0.124600,-0.248920,0.301622,0.006464,-0.087040,-0.037856
1779678035370191649,2026-05-25T10:00:35.370214,prediction,0.117477,0.081500,0.095396,True,0.134895,0.168150,0.119048,0.017419,0.086650,0.023653,7.78,20,-0.176841,0.389573,0.534576,0.057156,0.068498,0.311977,0.005228,0.382655,0.064568,0.128520,-0.235200,0.321708,-0.000512,-0.079584,-0.039360
1779678035407919921,2026-05-25T10:00:35.407951,prediction,0.120938,0.086000,0.096182,True,0.142362,0.166357,0.122905,0.021424,0.080357,0.026723,8.37,20,-0.176841,0.389573,0.534576,0.058463,0.055412,0.312408,0.000000,0.363457,0.067188,0.126980,-0.220360,0.315732,0.004288,-0.085376,-0.038528
1779678035452749490,2026-05-25T10:00:35.452775,prediction,0.110978,0.184000,0.117053,True,0.126362,0.182357,0.134663,0.015384,0.001643,0.017609,4.56,20,-0.177552,0.382065,0.532023,0.060207,0.045814,0.313717,0.000000,0.355610,0.069807,0.137620,-0.220640,0.321210,0.002848,-0.076800,-0.039968
1779678035493045745,2026-05-25T10:00:35.493063,prediction,0.119169,0.141000,0.121093,True,0.142362,0.198357,0.142915,0.023193,0.057357,0.021822,4.32,20,-0.178141,0.380214,0.530952,0.062390,0.035778,0.314156,0.002609,0.347752,0.070249,0.134540,-0.222880,0.322538,0.000512,-0.078304,-0.035744
1779678035562463077,2026-05-25T10:00:35.562480,prediction,0.116484,0.167000,0.133031,True,0.144072,0.214357,0.148115,0.027587,0.047357,0.015084,8.42,20,-0.179839,0.376600,0.529124,0.060645,0.013087,0.308483,0.002609,0.318076,0.067188,0.117740,-0.198380,0.323285,0.001280,-0.080480,-0.037856
1779678035607171268,2026-05-25T10:00:35.607192,prediction,0.115658,0.175000,0.141890,True,0.148391,0.230357,0.162414,0.032733,0.055357,0.020524,5.10,20,-0.179839,0.376600,0.529124,0.055412,0.006540,0.312408,0.002609,0.318076,0.065010,0.117180,-0.198660,0.323451,-0.000576,-0.074528,-0.031520
1779678035654018282,2026-05-25T10:00:35.654039,prediction,0.116484,0.167000,0.144382,True,0.148172,0.226476,0.165875,0.031688,0.059476,0.021493,8.10,20,-0.183450,0.373019,0.528399,0.052354,0.000000,0.308921,0.000000,0.307168,0.059340,0.114660,-0.104440,0.327601,0.001024,-0.075744,-0.035904
1779678035690987399,2026-05-25T10:00:35.691018,prediction,0.120099,0.132000,0.146469,True,0.152457,0.210476,0.166621,0.032358,0.078476,0.020152,7.74,20,-0.183450,0.373019,0.528399,0.050609,0.004796,0.310230,0.000000,0.298878,0.056279,0.102480,-0.033740,0.336316,-0.001024,-0.079040,-0.037024
1779678035744050203,2026-05-25T10:00:35.744073,prediction,0.118291,0.149500,0.156834,True,0.146307,0.203818,0.175439,0.028016,0.054318,0.018605,4.77,20,-0.187326,0.371145,0.529075,0.042756,0.016576,0.308483,0.000000,0.288412,0.048863,0.109620,0.006720,0.336648,-0.001408,-0.076320,-0.035296
1779678035787476764,2026-05-25T10:00:35.787500,prediction,0.111320,0.217000,0.170883,True,0.130307,0.219818,0.183104,0.018987,0.002818,0.012221,4.83,20,-0.190904,0.371291,0.530659,0.037523,0.022685,0.306736,0.002609,0.288412,0.043193,0.102900,0.003640,0.332166,0.000128,-0.072256,-0.030240
1779678035821347335,2026-05-25T10:00:35.821369,prediction,0.112147,0.209000,0.177099,True,0.124987,0.235818,0.184946,0.012841,0.026818,0.007847,4.52,20,-0.190904,0.371291,0.530659,0.027487,0.026174,0.308483,0.002609,0.287970,0.032715,0.091700,-0.004620,0.328431,0.000064,-0.071520,-0.033504
1779678035856853837,2026-05-25T10:00:35.856886,prediction,0.115658,0.175000,0.172055,True,0.120571,0.251818,0.181089,0.004913,0.076818,0.009034,4.46,20,-0.193980,0.373331,0.533259,0.024429,0.027487,0.306736,0.002609,0.280122,0.032284,0.097020,-0.007700,0.341296,0.000512,-0.070624,-0.032800
1779678035902113706,2026-05-25T10:00:35.902136,prediction,0.114728,0.184000,0.177146,True,0.108636,0.259865,0.187224,0.006092,0.075865,0.010078,8.08,20,-0.196170,0.377142,0.536823,0.016576,0.027925,0.303248,0.002609,0.274884,0.023995,0.097020,-0.003920,0.340134,0.001120,-0.075424,-0.032128
1779678035943850214,2026-05-25T10:00:35.943875,prediction,0.109250,0.201000,0.183368,True,0.093148,0.275865,0.192626,0.016103,0.074865,0.009258,8.35,20,-0.196170,0.377142,0.536823,0.013087,0.027925,0.303248,0.005228,0.272264,0.019198,0.099400,-0.010220,0.352999,-0.004640,-0.077472,-0.030560
1779678036006049434,2026-05-25T10:00:36.006074,prediction,0.117178,0.123000,0.175908,True,0.097620,0.274719,0.188126,0.019557,0.151719,0.012218,4.44,20,-0.197179,0.382466,0.541582,0.001307,0.024429,0.302810,0.002609,0.282742,0.005670,0.045500,-0.012320,0.359888,-0.004416,-0.072480,-0.029792
1779678036052727609,2026-05-25T10:00:36.052751,prediction,0.108437,0.209000,0.195673,True,0.082971,0.290719,0.196929,0.025466,0.081719,0.001256,10.43,20,-0.196512,0.389062,0.547364,0.004796,0.022685,0.302810,0.005670,0.285792,0.000000,-0.063140,-0.034300,0.338225,-0.000352,-0.072352,-0.028832
1779678036094523359,2026-05-25T10:00:36.094543,prediction,0.102228,0.234000,0.202850,True,0.091948,0.306719,0.204088,0.010279,0.072719,0.001238,7.71,20,-0.193908,0.396173,0.553388,0.016576,0.014831,0.295828,0.005228,0.280122,0.000000,-0.066920,-0.036820,0.337727,-0.002400,-0.079104,0.007424
1779678036145034491,2026-05-25T10:00:36.145058,prediction,0.099828,0.258000,0.209809,True,0.099967,0.322719,0.207934,0.000139,0.064719,0.001875,8.45,20,-0.193908,0.396173,0.553388,0.019634,0.001307,0.249143,0.005228,0.250447,0.013517,-0.098560,-0.070980,0.310918,-0.001344,-0.070304,0.025728
1779678036183890540,2026-05-25T10:00:36.183916,prediction,0.102228,0.234000,0.210198,True,0.101098,0.338719,0.206582,0.001129,0.104719,0.003616,9.31,20,-0.191000,0.403838,0.559146,0.016138,0.011342,0.187618,0.002609,0.202457,0.008289,-0.091420,-0.260400,0.275311,0.001184,-0.065408,0.026560
1779678036218869316,2026-05-25T10:00:36.218893,prediction,0.099828,0.258000,0.217077,True,0.085579,0.354719,0.216659,0.014249,0.096719,0.000418,5.81,20,-0.191000,0.403838,0.559146,0.008285,0.027925,0.111698,0.002609,0.142675,0.005228,-0.076160,-0.287560,0.256055,0.000288,-0.049920,0.025056
1779678036265780788,2026-05-25T10:00:36.265814,prediction,0.086754,0.281000,0.223746,True,0.069579,0.370719,0.222082,0.017175,0.089719,0.001664,8.14,20,-0.188074,0.411899,0.564298,0.008285,0.027925,0.111698,0.002609,0.142675,0.005228,-0.076160,-0.287560,0.256055,0.000288,-0.049920,0.025056
1779678036304223195,2026-05-25T10:00:36.304249,prediction,0.085233,0.297000,0.229427,True,0.077976,0.386719,0.225136,0.007256,0.089719,0.004291,7.93,20,-0.184824,0.420037,0.569140,0.008285,0.027925,0.111698,0.002609,0.142675,0.005228,-0.076160,-0.287560,0.256055,0.000288,-0.049920,0.025056
1779678036347031819,2026-05-25T10:00:36.347065,prediction,0.081667,0.297000,0.232997,True,0.091378,0.379594,0.230602,0.009710,0.082594,0.002395,8.06,20,-0.184824,0.420037,0.569140,0.008285,0.027925,0.111698,0.002609,0.142675,0.005228,-0.076160,-0.287560,0.256055,0.000288,-0.049920,0.025056
1779678036381049684,2026-05-25T10:00:36.381069,prediction,0.080266,0.312000,0.238472,True,0.083039,0.388999,0.241756,0.002773,0.076999,0.003284,4.75,20,-0.181285,0.428297,0.573523,0.052354,0.042756,0.083771,0.000000,0.048432,0.054101,0.157080,-0.253260,0.045235,-0.065632,0.053152,-0.038304
1779678036434694489,2026-05-25T10:00:36.434718,prediction,0.081667,0.297000,0.240137,True,0.082133,0.390746,0.244660,0.000465,0.093746,0.004523,8.29,20,-0.177753,0.436642,0.577743,0.084643,0.030976,0.079846,0.010898,0.051040,0.078096,0.167580,-0.215040,0.076692,-0.090880,0.044320,-0.042304
1779678036471616580,2026-05-25T10:00:36.471641,prediction,0.075349,0.327000,0.247419,True,0.070646,0.406746,0.250861,0.004702,0.079746,0.003442,4.48,20,-0.177753,0.436642,0.577743,0.107772,0.019634,0.048432,0.016137,0.029665,0.099482,0.164220,-0.229040,0.075032,-0.093440,0.042816,-0.045824
1779678036515418034,2026-05-25T10:00:36.515449,prediction,0.075349,0.327000,0.250940,True,0.081707,0.390746,0.255943,0.006359,0.063746,0.005003,5.46,20,-0.174423,0.445226,0.581714,0.122603,0.013087,0.023993,0.010898,0.013517,0.118680,0.162680,-0.244160,0.093873,-0.099136,0.044320,-0.044864
1779678036556755555,2026-05-25T10:00:36.556774,prediction,0.075991,0.320000,0.253618,True,0.083562,0.374746,0.260362,0.007571,0.054746,0.006745,4.51,20,-0.174423,0.445226,0.581714,0.135697,0.004796,0.005666,0.016579,0.005228,0.129147,0.143500,-0.215320,0.269667,-0.096512,-0.011520,-0.044480
1779678036604524788,2026-05-25T10:00:36.604549,prediction,0.073972,0.342000,0.256267,True,0.067562,0.390746,0.262482,0.006410,0.048746,0.006215,9.21,20,-0.171239,0.453859,0.585673,0.130457,0.001744,0.055845,0.013517,0.051040,0.126528,0.157360,-0.053200,0.318471,-0.102304,-0.051264,-0.045152
1779678036649965176,2026-05-25T10:00:36.649996,prediction,0.074614,0.335000,0.258932,True,0.071709,0.386826,0.266145,0.002906,0.051826,0.007213,9.04,20,-0.168417,0.462537,0.589704,0.122172,0.013087,0.089444,0.010898,0.075477,0.118680,0.125440,-0.000280,0.328597,-0.096128,-0.055328,-0.041632
1779678036690906765,2026-05-25T10:00:36.690943,prediction,0.075991,0.320000,0.260682,True,0.077729,0.370826,0.268184,0.001738,0.050826,0.007502,8.66,20,-0.168417,0.462537,0.589704,0.101225,0.027925,0.130456,0.010898,0.102091,0.096863,0.108080,-0.007980,0.341130,-0.094944,-0.056832,-0.039680
1779678036724163320,2026-05-25T10:00:36.724186,prediction,0.072595,0.357000,0.265017,True,0.061729,0.386826,0.273552,0.010866,0.029826,0.008535,4.52,20,-0.165701,0.471262,0.593866,0.084643,0.030976,0.152710,0.005670,0.116061,0.083766,0.106820,-0.004340,0.341462,-0.096960,-0.062400,-0.035840
1779678036769152923,2026-05-25T10:00:36.769180,prediction,0.072595,0.357000,0.265017,True,0.066815,0.395516,0.270817,0.005780,0.038517,0.005800,9.47,20,-0.163212,0.480080,0.598289,0.047558,0.035778,0.189365,0.000000,0.150964,0.048432,0.071540,-0.008260,0.355240,-0.094784,-0.065408,-0.034080
1779678036810250719,2026-05-25T10:00:36.810286,prediction,0.078117,0.335000,0.262439,True,0.080056,0.379516,0.265236,0.001939,0.044516,0.002796,7.26,20,-0.163212,0.480080,0.598289,0.034465,0.037523,0.198525,0.002609,0.161873,0.037523,0.071540,-0.009240,0.356651,-0.094624,-0.065792,-0.031456
1779678036854552600,2026-05-25T10:00:36.854603,prediction,0.076809,0.349000,0.264080,True,0.068917,0.394164,0.269725,0.007892,0.045164,0.005645,11.03,20,-0.160832,0.488466,0.602713,0.004796,0.036209,0.228637,0.002609,0.191549,0.000000,-0.105700,-0.019460,0.349264,-0.066784,-0.064288,-0.012544
1779678036895983105,2026-05-25T10:00:36.896020,prediction,0.076809,0.349000,0.267564,True,0.067695,0.406304,0.276353,0.009114,0.057304,0.008789,8.58,20,-0.158416,0.497015,0.607339,0.050609,0.037523,0.243470,0.002609,0.210305,0.045812,-0.156800,-0.016940,0.345944,-0.010912,-0.069408,0.033792
1779678036956913674,2026-05-25T10:00:36.956941,prediction,0.076062,0.357000,0.268488,True,0.067024,0.412233,0.274558,0.009038,0.055233,0.006070,9.38,20,-0.158416,0.497015,0.607339,0.084643,0.039267,0.253069,0.016137,0.212924,0.075477,-0.157780,-0.006160,0.363291,-0.017152,-0.070464,0.044544
1779678037009998840,2026-05-25T10:00:37.010020,prediction,0.081620,0.335000,0.265947,True,0.081246,0.396233,0.271318,0.000374,0.061233,0.005371,8.00,20,-0.156075,0.505525,0.612104,0.109517,0.044069,0.254816,0.016137,0.215543,0.099482,-0.166040,-0.001540,0.366445,-0.014304,-0.069344,0.044192
1779678037057690701,2026-05-25T10:00:37.057712,prediction,0.078863,0.364000,0.272757,True,0.067488,0.408574,0.279828,0.011375,0.044574,0.007072,7.99,20,-0.153827,0.513829,0.617077,0.119114,0.051047,0.256563,0.013086,0.207685,0.107772,-0.166040,0.000280,0.365366,-0.013248,-0.072480,0.045600
1779678037104186977,2026-05-25T10:00:37.104219,prediction,0.078197,0.371000,0.277002,True,0.075087,0.421013,0.283794,0.003111,0.050013,0.006791,7.82,20,-0.151540,0.522143,0.622215,0.124354,0.060645,0.254377,0.013517,0.196777,0.113000,-0.136640,0.018480,0.360220,-0.012032,-0.067136,0.041408
1779678037147221580,2026-05-25T10:00:37.147252,prediction,0.085123,0.335000,0.276470,True,0.091087,0.405013,0.281094,0.005964,0.070013,0.004624,5.49,20,-0.151540,0.522143,0.622215,0.125661,0.067192,0.250890,0.013517,0.188929,0.116061,-0.133840,0.033040,0.365864,-0.009984,-0.065280,0.043584
1779678037225844339,2026-05-25T10:00:37.225880,prediction,0.083769,0.349000,0.281503,True,0.085388,0.392617,0.283863,0.001619,0.043617,0.002359,4.91,20,-0.147297,0.538457,0.632976,0.126099,0.079847,0.250890,0.013517,0.174959,0.115619,-0.165480,0.003080,0.357813,-0.008704,-0.065024,0.040192
1779678037278507360,2026-05-25T10:00:37.278537,prediction,0.080964,0.378000,0.288099,True,0.079191,0.408617,0.296704,0.001773,0.030617,0.008605,9.09,20,-0.147297,0.538457,0.632976,0.125661,0.088139,0.247396,0.010898,0.159254,0.115619,-0.141260,0.009520,0.355738,-0.009920,-0.063072,0.043424
1779678037337812298,2026-05-25T10:00:37.337841,prediction,0.076201,0.392000,0.293015,True,0.081254,0.421118,0.300213,0.005053,0.029118,0.007198,8.53,20,-0.145368,0.546459,0.638653,0.120859,0.091190,0.248704,0.010467,0.161442,0.113000,-0.126140,0.025620,0.363125,-0.012640,-0.055936,0.040416
1779678037389639965,2026-05-25T10:00:37.389675,prediction,0.075535,0.399000,0.297157,True,0.087325,0.414687,0.302188,0.011789,0.015687,0.005030,8.61,20,-0.143607,0.554386,0.644555,0.112568,0.098174,0.250890,0.008289,0.153584,0.107772,-0.160160,-0.014560,0.354410,-0.011040,-0.060160,0.041024
1779678037441962171,2026-05-25T10:00:37.441990,prediction,0.074204,0.413000,0.301993,True,0.079970,0.419047,0.308984,0.005765,0.006047,0.006991,9.26,20,-0.142116,0.562184,0.650627,0.102970,0.102970,0.254377,0.008289,0.150533,0.094244,-0.145040,0.003360,0.367607,-0.013696,-0.060064,0.042144
1779678037480866519,2026-05-25T10:00:37.480892,prediction,0.071484,0.406000,0.304667,True,0.072947,0.423586,0.313110,0.001463,0.017586,0.008442,4.98,20,-0.142116,0.562184,0.650627,0.097736,0.104283,0.260050,0.010898,0.159254,0.091624,-0.129220,0.006160,0.364702,-0.014752,-0.059232,0.038912
1779678037534614731,2026-05-25T10:00:37.534640,prediction,0.068740,0.399000,0.307365,True,0.070197,0.421691,0.313784,0.001458,0.022691,0.006419,9.36,20,-0.141045,0.569745,0.657040,0.088139,0.109517,0.267471,0.007847,0.158823,0.083766,-0.126140,0.007980,0.364204,-0.011424,-0.058720,0.040704
1779678037573053573,2026-05-25T10:00:37.573079,prediction,0.061944,0.399000,0.307365,True,0.064989,0.411366,0.313276,0.003045,0.012366,0.005911,8.23,20,-0.140154,0.577221,0.663643,0.083336,0.109517,0.271396,0.010898,0.161873,0.078096,-0.111160,-0.021280,0.369018,-0.013152,-0.067072,0.039904
1779678037612037751,2026-05-25T10:00:37.612063,prediction,0.063183,0.385000,0.305978,True,0.069473,0.395366,0.314067,0.006289,0.010366,0.008089,5.02,20,-0.140154,0.577221,0.663643,0.078534,0.109517,0.273144,0.008289,0.164051,0.075477,-0.126420,-0.015680,0.378646,-0.012800,-0.062944,0.040192
1779678037656299896,2026-05-25T10:00:37.656325,prediction,0.047206,0.413000,0.312132,True,0.053473,0.411366,0.322787,0.006267,0.001634,0.010655,8.82,20,-0.139254,0.584287,0.670591,0.075045,0.107772,0.278809,0.008289,0.169731,0.070249,-0.134120,-0.015400,0.368686,-0.012640,-0.061952,0.039520
1779678037697613977,2026-05-25T10:00:37.697650,prediction,0.041663,0.440000,0.314762,True,0.057725,0.427366,0.320383,0.016063,0.012634,0.005621,9.99,20,-0.138222,0.591111,0.677832,0.073301,0.109517,0.280556,0.008289,0.172351,0.067629,-0.119840,-0.015120,0.386365,-0.014656,-0.061728,0.035680
1779678037735470333,2026-05-25T10:00:37.735489,prediction,0.033461,0.460000,0.316711,True,0.059616,0.443366,0.321250,0.026155,0.016634,0.004539,8.13,20,-0.138222,0.591111,0.677832,0.070243,0.109079,0.280556,0.005670,0.174959,0.064568,-0.111860,-0.016940,0.377899,-0.016544,-0.065856,0.036640
1779678037776869143,2026-05-25T10:00:37.776906,prediction,0.034462,0.447000,0.315444,True,0.059743,0.437941,0.321260,0.025281,0.009059,0.005815,8.30,20,-0.136754,0.597101,0.685694,0.067192,0.109517,0.284482,0.007847,0.177579,0.061949,-0.126700,-0.034020,0.382962,-0.018432,-0.064960,0.038400
1779678037816283582,2026-05-25T10:00:37.816302,prediction,0.030163,0.460000,0.316711,True,0.043743,0.453941,0.323815,0.013580,0.006059,0.007104,8.42,20,-0.136754,0.597101,0.685694,0.065447,0.109517,0.287977,0.005228,0.180198,0.058898,-0.113400,-0.036260,0.367441,-0.015584,-0.064672,0.039200
1779678037855668209,2026-05-25T10:00:37.855691,prediction,0.027308,0.454000,0.319439,True,0.037069,0.468383,0.325518,0.009761,0.014383,0.006079,8.12,20,-0.134689,0.602764,0.693708,0.063703,0.106028,0.289724,0.005228,0.186310,0.056721,-0.116760,-0.039340,0.386697,-0.021152,-0.062624,0.037472
1779678037896293482,2026-05-25T10:00:37.896329,prediction,0.020270,0.460000,0.320013,True,0.031494,0.471398,0.324275,0.011224,0.011398,0.004262,8.39,20,-0.131871,0.607617,0.700388,0.061958,0.106028,0.293650,0.007847,0.188929,0.056279,-0.123900,-0.042420,0.383792,-0.016768,-0.063904,0.035136
1779678037935429583,2026-05-25T10:00:37.935465,prediction,0.016490,0.467000,0.320684,True,0.024317,0.476752,0.326433,0.007827,0.009752,0.005749,9.72,20,-0.131871,0.607617,0.700388,0.058901,0.104714,0.299323,0.003051,0.194157,0.053659,-0.130200,-0.048300,0.371591,-0.018144,-0.067584,0.040128
1779678037979620789,2026-05-25T10:00:37.979648,prediction,0.013674,0.460000,0.320013,True,0.014854,0.472636,0.326911,0.001180,0.012636,0.006897,8.27,20,-0.127237,0.613127,0.705984,0.058463,0.106028,0.303248,0.005228,0.193726,0.054101,-0.100100,-0.036260,0.370180,-0.013824,-0.073024,0.039360
1779678038020077127,2026-05-25T10:00:38.020103,prediction,0.010377,0.460000,0.320013,True,0.003579,0.475496,0.325793,0.006798,0.015496,0.005780,8.15,20,-0.127237,0.613127,0.705984,0.055412,0.104714,0.302810,0.005228,0.196777,0.051040,-0.118720,-0.044520,0.375492,-0.015424,-0.068736,0.034560
1779678038082196066,2026-05-25T10:00:38.082218,prediction,0.002972,0.473000,0.321259,True,-0.005739,0.490326,0.326605,0.008711,0.017326,0.005346,8.01,20,-0.120842,0.619321,0.710334,0.050609,0.106459,0.308921,0.002609,0.204635,0.048432,-0.119840,-0.060340,0.385535,-0.011200,-0.065792,0.034784
1779678038132318377,2026-05-25T10:00:38.132344,prediction,-0.001881,0.499000,0.323749,True,-0.009046,0.506326,0.328795,0.007165,0.007326,0.005046,5.45,20,-0.114396,0.624844,0.713516,0.047558,0.104714,0.312408,0.005228,0.207685,0.043193,-0.119000,-0.064120,0.399811,-0.017664,-0.065856,0.035232
1779678038174825098,2026-05-25T10:00:38.174850,prediction,-0.005822,0.511000,0.324899,True,-0.009233,0.515788,0.330316,0.003411,0.004789,0.005418,4.36,20,-0.107968,0.630109,0.715883,0.044069,0.102532,0.314156,0.002609,0.212924,0.037523,-0.094780,-0.052360,0.401637,-0.013536,-0.069024,0.033408
1779678038248849954,2026-05-25T10:00:38.248894,prediction,-0.008348,0.499000,0.323749,True,-0.012668,0.506694,0.328556,0.004320,0.007695,0.004807,5.03,20,-0.101875,0.635317,0.717664,0.034034,0.101225,0.319829,0.005670,0.218163,0.032284,-0.100380,-0.059080,0.404459,-0.018656,-0.068800,0.033408
1779678038286200395,2026-05-25T10:00:38.286225,prediction,-0.011582,0.499000,0.323749,True,-0.026090,0.514240,0.327817,0.014508,0.015240,0.004068,5.23,20,-0.101875,0.635317,0.717664,0.030976,0.102970,0.323754,0.000000,0.226452,0.029665,-0.093800,-0.077420,0.385535,-0.013248,-0.069568,0.029344
1779678038329257773,2026-05-25T10:00:38.329275,prediction,-0.016491,0.530000,0.323531,True,-0.034836,0.530240,0.326261,0.018345,0.000240,0.002730,9.08,20,-0.094711,0.642047,0.719208,0.026174,0.099481,0.327249,0.002609,0.226010,0.021807,-0.070980,-0.069020,0.398732,-0.016256,-0.071680,0.031072
1779678038368366238,2026-05-25T10:00:38.368394,prediction,-0.019674,0.530000,0.323531,True,-0.028623,0.546240,0.325473,0.008949,0.016240,0.001942,9.40,20,-0.087801,0.648848,0.720337,0.021378,0.099919,0.328989,0.002609,0.231691,0.016137,-0.091700,-0.100380,0.403712,-0.018592,-0.072800,0.031520
1779678038408266748,2026-05-25T10:00:38.408291,prediction,-0.019989,0.536000,0.320938,True,-0.029366,0.547709,0.321026,0.009378,0.011709,0.000088,8.89,20,-0.087801,0.648848,0.720337,0.019634,0.096423,0.331175,0.002609,0.234310,0.016137,-0.092260,-0.099820,0.407032,-0.018880,-0.072576,0.031744
1779678038453021272,2026-05-25T10:00:38.453038,prediction,-0.023466,0.542000,0.318365,True,-0.038729,0.562150,0.317989,0.015263,0.020150,0.000376,9.75,20,-0.081147,0.656304,0.720959,0.017889,0.091628,0.334662,0.000000,0.242599,0.013517,-0.087640,-0.093240,0.404625,-0.015264,-0.072800,0.031840
1779678038495277602,2026-05-25T10:00:38.495304,prediction,-0.023466,0.542000,0.318365,True,-0.041146,0.576505,0.317515,0.017680,0.034505,0.000850,8.98,20,-0.074555,0.663767,0.721343,0.019634,0.088139,0.334662,0.005228,0.250447,0.016137,-0.102900,-0.087080,0.407862,-0.017312,-0.071072,0.033568
1779678038537827951,2026-05-25T10:00:38.537853,prediction,-0.026629,0.542000,0.315198,True,-0.041497,0.580262,0.312561,0.014867,0.038262,0.002637,8.59,20,-0.074555,0.663767,0.721343,0.021378,0.083336,0.332483,0.002609,0.247827,0.016137,-0.102900,-0.095480,0.418652,-0.016320,-0.075648,0.033120
1779678038582882546,2026-05-25T10:00:38.582905,prediction,-0.026629,0.542000,0.315198,True,-0.039060,0.572345,0.313891,0.012431,0.030345,0.001307,7.61,20,-0.068249,0.671554,0.721287,0.026174,0.078534,0.332915,0.002609,0.258736,0.021807,-0.083580,-0.103740,0.391013,-0.014592,-0.071808,0.033120
1779678038621591302,2026-05-25T10:00:38.621612,prediction,-0.027219,0.554000,0.316426,True,-0.044770,0.583516,0.315210,0.017551,0.029516,0.001216,6.32,20,-0.068249,0.671554,0.721287,0.030976,0.071994,0.327249,0.005228,0.258736,0.027045,-0.116200,-0.120260,0.399396,-0.018432,-0.069344,0.032288
1779678038671315509,2026-05-25T10:00:38.671343,prediction,-0.027514,0.560000,0.317040,True,-0.044633,0.595630,0.313251,0.017119,0.035630,0.003789,4.53,20,-0.062248,0.679617,0.720947,0.047120,0.063703,0.312408,0.002609,0.248269,0.042751,-0.120260,-0.127680,0.382796,-0.017600,-0.070848,0.035680
1779678038716627097,2026-05-25T10:00:38.716662,prediction,-0.027514,0.560000,0.313902,True,-0.039897,0.592165,0.307710,0.012383,0.032165,0.006192,5.05,20,-0.056496,0.687730,0.720487,0.061958,0.060207,0.298884,0.005228,0.239980,0.056721,-0.125160,-0.112840,0.378480,-0.017920,-0.071136,0.038624
1779678038754583700,2026-05-25T10:00:38.754612,prediction,-0.028398,0.578000,0.315774,True,-0.042427,0.605081,0.313089,0.014029,0.027081,0.002685,4.76,20,-0.056496,0.687730,0.720487,0.071994,0.060207,0.287977,0.005228,0.226452,0.070249,-0.152180,-0.116200,0.384456,-0.017440,-0.072416,0.042752
1779678038814768147,2026-05-25T10:00:38.814803,prediction,-0.028398,0.578000,0.315774,True,-0.037777,0.606298,0.314628,0.009379,0.028298,0.001146,8.75,20,-0.051342,0.696298,0.719772,0.101225,0.065447,0.261798,0.005670,0.196777,0.099914,-0.156800,-0.112140,0.369682,-0.016544,-0.066400,0.040864
1779678038853908311,2026-05-25T10:00:38.853940,prediction,-0.028103,0.572000,0.315150,True,-0.037642,0.600464,0.311245,0.009539,0.028464,0.003905,6.84,20,-0.046611,0.704978,0.718985,0.113006,0.066754,0.243470,0.013517,0.177579,0.110391,-0.170380,-0.100380,0.371757,-0.019040,-0.060608,0.047808
1779678038889552203,2026-05-25T10:00:38.889592,prediction,-0.026157,0.595000,0.317542,True,-0.040079,0.616464,0.312687,0.013922,0.021464,0.004855,4.82,20,-0.046611,0.704978,0.718985,0.126099,0.071994,0.226451,0.010898,0.156634,0.123908,-0.179060,-0.105280,0.366777,-0.014144,-0.054656,0.042752
1779678038931954138,2026-05-25T10:00:38.931990,prediction,-0.020599,0.606000,0.318686,True,-0.025490,0.630891,0.315426,0.004891,0.024891,0.003260,9.34,20,-0.042151,0.713928,0.718066,0.135259,0.075045,0.212057,0.013517,0.137436,0.131766,-0.152740,-0.115920,0.368686,-0.020384,-0.063456,0.044544
1779678038980406847,2026-05-25T10:00:38.980426,prediction,-0.013508,0.589000,0.316918,True,-0.012547,0.616234,0.313889,0.000961,0.027234,0.003029,9.20,20,-0.038408,0.723211,0.716996,0.140492,0.078103,0.198964,0.010467,0.121300,0.137436,-0.173880,-0.114380,0.365034,-0.018272,-0.052320,0.048480
1779678039028570094,2026-05-25T10:00:39.028599,prediction,-0.014196,0.601000,0.318166,True,-0.024777,0.625347,0.315076,0.010581,0.024347,0.003091,8.73,20,-0.035361,0.732629,0.715898,0.143988,0.083336,0.189365,0.010898,0.107772,0.140056,-0.156240,-0.102900,0.353331,-0.017920,-0.050656,0.042080
1779678039066839768,2026-05-25T10:00:39.066860,prediction,-0.011425,0.606000,0.318686,True,-0.012925,0.638344,0.316044,0.001500,0.032345,0.002642,8.82,20,-0.035361,0.732629,0.715898,0.143550,0.089883,0.182383,0.010467,0.096863,0.140056,-0.152460,-0.127400,0.373168,-0.021600,-0.049152,0.044320
1779678039113782453,2026-05-25T10:00:39.113817,prediction,-0.008730,0.612000,0.319310,True,-0.001904,0.641767,0.317531,0.006826,0.029767,0.001779,8.98,20,-0.033322,0.742364,0.714816,0.143550,0.096423,0.181945,0.010898,0.091624,0.140056,-0.139440,-0.103180,0.383460,-0.022880,-0.048320,0.045824
1779678039157463106,2026-05-25T10:00:39.157490,prediction,-0.004623,0.595000,0.317542,True,0.007518,0.625767,0.315717,0.012142,0.030767,0.001826,8.44,20,-0.033322,0.742364,0.714816,0.140492,0.102532,0.187618,0.010898,0.083335,0.140056,-0.155540,-0.076440,0.367939,-0.021888,-0.051488,0.041760
1779678039211397353,2026-05-25T10:00:39.211415,prediction,-0.006367,0.623000,0.320454,True,-0.008482,0.641767,0.320064,0.002115,0.018767,0.000390,8.50,20,-0.031975,0.752181,0.713834,0.140492,0.120859,0.198964,0.013517,0.078096,0.137436,-0.143220,-0.082460,0.361050,-0.023488,-0.051712,0.046592
1779678039251526530,2026-05-25T10:00:39.251552,prediction,-0.003336,0.623000,0.320454,True,0.007518,0.651773,0.318357,0.010855,0.028774,0.002097,10.26,20,-0.032087,0.762169,0.713105,0.137004,0.127406,0.198964,0.010898,0.075477,0.134386,-0.149100,-0.093520,0.373998,-0.023936,-0.048320,0.043968
1779678039313603181,2026-05-25T10:00:39.313628,prediction,-0.004742,0.645000,0.322742,True,0.010126,0.667773,0.319949,0.014868,0.022774,0.002793,8.82,20,-0.032900,0.772110,0.712540,0.130457,0.138748,0.202889,0.010898,0.067188,0.126528,-0.133280,-0.107520,0.384290,-0.026624,-0.050048,0.046432
1779678039351281992,2026-05-25T10:00:39.351317,prediction,-0.004742,0.645000,0.319744,True,0.014514,0.662189,0.317471,0.019256,0.017189,0.002273,4.90,20,-0.032900,0.772110,0.712540,0.126099,0.141806,0.208124,0.008289,0.065010,0.123908,-0.124600,-0.094780,0.377401,-0.023104,-0.045696,0.042688
1779678039404209791,2026-05-25T10:00:39.404233,prediction,-0.004742,0.645000,0.319744,True,0.008141,0.659812,0.319744,0.012883,0.014812,0.000000,9.40,20,-0.035250,0.781832,0.712271,0.120859,0.147039,0.209871,0.010898,0.059340,0.118680,-0.153720,-0.090160,0.370678,-0.022944,-0.048384,0.044192
1779678039449532597,2026-05-25T10:00:39.449558,prediction,-0.008421,0.656000,0.320906,True,-0.003763,0.675812,0.319635,0.004659,0.019812,0.001271,11.36,20,-0.038179,0.791417,0.712215,0.112568,0.157075,0.212057,0.008289,0.053659,0.110391,-0.139440,-0.107240,0.379310,-0.023264,-0.047648,0.043648
1779678039493388070,2026-05-25T10:00:39.493412,prediction,-0.008110,0.651000,0.317389,True,0.004600,0.677693,0.312677,0.012709,0.026693,0.004712,7.94,20,-0.041512,0.800844,0.712328,0.104714,0.163621,0.215544,0.007847,0.056721,0.102533,-0.122360,-0.110880,0.395163,-0.027008,-0.043744,0.040576
1779678039527066305,2026-05-25T10:00:39.527094,prediction,-0.008732,0.661000,0.315490,True,0.001004,0.682160,0.309800,0.009737,0.021160,0.005691,4.80,20,-0.041512,0.800844,0.712328,0.101225,0.164928,0.217730,0.005228,0.053659,0.099482,-0.114660,-0.112420,0.396657,-0.024992,-0.043520,0.041536
1779678039578731330,2026-05-25T10:00:39.578748,prediction,-0.011700,0.661000,0.312518,True,-0.003702,0.681326,0.309613,0.007999,0.020326,0.002905,8.21,20,-0.045423,0.810022,0.712421,0.091190,0.169730,0.224704,0.007847,0.054101,0.091624,-0.128520,-0.085820,0.383128,-0.023712,-0.043648,0.038016
1779678039622089958,2026-05-25T10:00:39.622107,prediction,-0.012064,0.667000,0.313182,True,-0.009400,0.690441,0.310443,0.002664,0.023441,0.002738,7.97,20,-0.045423,0.810022,0.712421,0.083336,0.178022,0.230377,0.005228,0.051040,0.081158,-0.131320,-0.098560,0.381717,-0.024608,-0.049760,0.038688
1779678039664412063,2026-05-25T10:00:39.664442,prediction,-0.015907,0.682000,0.311903,True,-0.015091,0.706441,0.305216,0.000816,0.024441,0.006687,8.75,20,-0.049357,0.819233,0.712360,0.078534,0.181073,0.232124,0.005670,0.054101,0.078096,-0.105280,-0.114940,0.392922,-0.020992,-0.045824,0.036736
1779678039710021523,2026-05-25T10:00:39.710051,prediction,-0.019471,0.693000,0.310217,True,-0.014710,0.710885,0.303350,0.004761,0.017885,0.006867,8.43,20,-0.052778,0.828606,0.712138,0.066754,0.186313,0.243470,0.005670,0.054101,0.067188,-0.112840,-0.079940,0.388108,-0.021760,-0.044416,0.035584
1779678039751008823,2026-05-25T10:00:39.751032,prediction,-0.020044,0.703000,0.311356,True,-0.017775,0.718449,0.306496,0.002270,0.015449,0.004860,5.72,20,-0.052778,0.828606,0.712138,0.058901,0.191108,0.249143,0.003051,0.056279,0.056721,-0.105700,-0.099120,0.371591,-0.022432,-0.042240,0.035520
1779678039809544121,2026-05-25T10:00:39.809561,prediction,-0.023779,0.718000,0.310186,True,-0.027131,0.734449,0.304292,0.003352,0.016449,0.005893,9.20,20,-0.055159,0.838287,0.711519,0.047558,0.199400,0.254377,0.005670,0.059340,0.048863,-0.091980,-0.136640,0.394997,-0.025344,-0.049600,0.032064
1779678039850935640,2026-05-25T10:00:39.850959,prediction,-0.023500,0.713000,0.306721,True,-0.022931,0.734053,0.298388,0.000569,0.021053,0.008333,9.07,20,-0.056526,0.848175,0.710682,0.036209,0.202457,0.267902,0.002609,0.065010,0.035335,-0.072100,-0.106260,0.406285,-0.023328,-0.045696,0.032288
1779678039896671769,2026-05-25T10:00:39.896706,prediction,-0.024057,0.723000,0.305023,True,-0.029000,0.746160,0.296034,0.004943,0.023160,0.008989,8.03,20,-0.056534,0.857222,0.709644,0.024429,0.208997,0.274883,0.000000,0.064568,0.027045,-0.084560,-0.104440,0.396491,-0.020096,-0.045760,0.030400
1779678039940996498,2026-05-25T10:00:39.941015,prediction,-0.023779,0.718000,0.301550,True,-0.026470,0.745037,0.294762,0.002691,0.027037,0.006788,4.88,20,-0.056534,0.857222,0.709644,0.016138,0.212493,0.278809,0.002609,0.067188,0.018756,-0.076860,-0.119280,0.406451,-0.022784,-0.051552,0.026784
1779678039983764373,2026-05-25T10:00:39.983790,prediction,-0.023500,0.713000,0.298061,True,-0.029448,0.740317,0.290597,0.005948,0.027317,0.007465,5.76,20,-0.054988,0.866731,0.707879,0.001744,0.215544,0.290155,0.000000,0.072426,0.002609,-0.059080,-0.121520,0.404957,-0.027776,-0.048640,0.026880
1779678040022023795,2026-05-25T10:00:40.022047,prediction,-0.024057,0.723000,0.296412,True,-0.032700,0.752009,0.287794,0.008642,0.029009,0.008617,3.97,20,-0.054988,0.866731,0.707879,0.009598,0.217289,0.301063,0.000000,0.083766,0.005670,0.075320,-0.110600,0.409937,-0.033504,-0.051936,-0.021440
1779678040070078754,2026-05-25T10:00:40.070102,prediction,-0.027194,0.728000,0.294168,True,-0.035251,0.758565,0.285701,0.008057,0.030565,0.008468,9.36,20,-0.052145,0.876205,0.705551,0.023122,0.222091,0.308483,0.000000,0.088574,0.024426,0.109060,-0.149100,0.408028,-0.045376,-0.054496,-0.026784
1779678040121334933,2026-05-25T10:00:40.121351,prediction,-0.027194,0.728000,0.291306,True,-0.031893,0.753496,0.282845,0.004699,0.025496,0.008462,8.02,20,-0.048983,0.885150,0.703059,0.042318,0.219033,0.317643,0.000000,0.097294,0.043193,0.142520,-0.139160,0.429027,-0.081920,-0.055040,-0.034912
1779678040170154787,2026-05-25T10:00:40.170178,prediction,-0.028491,0.752000,0.288709,True,-0.039155,0.769496,0.279850,0.010664,0.017496,0.008860,5.56,20,-0.045968,0.893541,0.700404,0.055849,0.222091,0.323316,0.002609,0.102533,0.056279,0.125860,-0.145880,0.410103,-0.108416,-0.054656,-0.035680
1779678040218080013,2026-05-25T10:00:40.218097,prediction,-0.028221,0.747000,0.285227,True,-0.034578,0.770788,0.276949,0.006357,0.023788,0.008278,4.75,20,-0.045968,0.893541,0.700404,0.068498,0.220778,0.331175,0.008289,0.110822,0.067188,0.146860,-0.162120,0.415249,-0.111264,-0.059904,-0.037120
1779678040265925792,2026-05-25T10:00:40.265952,prediction,-0.028005,0.743000,0.279025,True,-0.035890,0.766384,0.268890,0.007885,0.023384,0.010135,4.82,20,-0.042389,0.902409,0.697290,0.078103,0.216851,0.340335,0.005228,0.121300,0.078096,0.149100,-0.164220,0.403380,-0.113824,-0.054112,-0.038304
1779678040307476830,2026-05-25T10:00:40.307507,prediction,-0.028491,0.752000,0.277419,True,-0.040467,0.779180,0.268994,0.011976,0.027180,0.008425,8.80,20,-0.039076,0.910761,0.694144,0.083336,0.219033,0.339896,0.008289,0.121300,0.083335,0.143220,-0.177240,0.412178,-0.114592,-0.057888,-0.035904
1779678040343178701,2026-05-25T10:00:40.343202,prediction,-0.029032,0.762000,0.273175,True,-0.038884,0.793065,0.263947,0.009853,0.031065,0.009228,9.94,20,-0.039076,0.910761,0.694144,0.088139,0.219033,0.343829,0.007847,0.126528,0.089005,0.144340,-0.176260,0.416245,-0.112864,-0.054208,-0.039424
1779678040403841425,2026-05-25T10:00:40.403866,prediction,-0.029032,0.762000,0.270369,True,-0.035211,0.791734,0.260637,0.006179,0.029734,0.009732,9.08,20,-0.035927,0.919489,0.690468,0.091628,0.217289,0.349495,0.008289,0.129147,0.094675,0.144060,-0.182840,0.420893,-0.109920,-0.058336,-0.037856
1779678040445899629,2026-05-25T10:00:40.445924,prediction,-0.028761,0.757000,0.264031,True,-0.033972,0.782816,0.252591,0.005210,0.025816,0.011441,8.53,20,-0.033104,0.928066,0.686694,0.091190,0.219033,0.351242,0.007847,0.131766,0.091624,0.136080,-0.180040,0.424711,-0.110976,-0.061120,-0.043520
1779678040491765432,2026-05-25T10:00:40.491788,prediction,-0.029032,0.762000,0.261951,True,-0.039675,0.789353,0.251307,0.010644,0.027353,0.010644,7.80,20,-0.030866,0.935806,0.682877,0.091190,0.220346,0.355168,0.005228,0.132208,0.091624,0.116200,-0.165760,0.418818,-0.108192,-0.060448,-0.038080
1779678040529483611,2026-05-25T10:00:40.529517,prediction,-0.029788,0.776000,0.255655,True,-0.040118,0.805353,0.242433,0.010330,0.029353,0.013222,8.89,20,-0.030866,0.935806,0.682877,0.088139,0.222091,0.356915,0.008289,0.134817,0.089005,0.119280,-0.177520,0.414419,-0.105632,-0.059008,-0.038016
1779678040568228277,2026-05-25T10:00:40.568245,prediction,-0.030005,0.780000,0.250709,True,-0.034158,0.807982,0.237299,0.004153,0.027982,0.013409,8.47,20,-0.028859,0.944037,0.677808,0.078534,0.225580,0.356915,0.005228,0.132208,0.078096,0.113400,-0.189700,0.422470,-0.110880,-0.062240,-0.040960
1779678040603316243,2026-05-25T10:00:40.603338,prediction,-0.030545,0.790000,0.249498,True,-0.034405,0.810112,0.236872,0.003860,0.020112,0.012626,8.44,20,-0.028859,0.944037,0.677808,0.066754,0.225580,0.360410,0.005228,0.134817,0.070249,0.102900,-0.170380,0.413506,-0.107424,-0.055616,-0.035072
1779678040644804176,2026-05-25T10:00:40.644827,prediction,-0.031032,0.799000,0.248162,True,-0.036456,0.823124,0.235318,0.005424,0.024124,0.012843,7.67,20,-0.027371,0.952004,0.672046,0.060207,0.225580,0.358662,0.005228,0.129147,0.061949,0.083300,-0.181300,0.429857,-0.109088,-0.061792,-0.033792
1779678040682825874,2026-05-25T10:00:40.682849,prediction,-0.030275,0.785000,0.243178,True,-0.032025,0.814895,0.228545,0.001750,0.029895,0.014634,8.80,20,-0.027371,0.952004,0.672046,0.047558,0.229069,0.356915,0.002609,0.129589,0.051040,0.093240,-0.218120,0.430189,-0.111936,-0.058176,-0.032672
1779678040722477257,2026-05-25T10:00:40.722503,prediction,-0.028290,0.799000,0.239926,True,-0.036675,0.829721,0.222203,0.008385,0.030721,0.017723,8.26,20,-0.026317,0.959819,0.665940,0.034034,0.230382,0.356915,0.002609,0.129147,0.034903,0.071260,-0.216020,0.408858,-0.111872,-0.055264,-0.031616
1779678040768203010,2026-05-25T10:00:40.768219,prediction,-0.028012,0.794000,0.233603,True,-0.031911,0.826118,0.219130,0.003899,0.032118,0.014472,5.31,20,-0.025526,0.967407,0.659780,0.014831,0.230382,0.349495,0.000000,0.118238,0.016137,0.058800,-0.202720,0.417324,-0.113440,-0.060160,-0.029664
1779678040816030888,2026-05-25T10:00:40.816048,prediction,-0.028513,0.803000,0.232362,True,-0.035729,0.830091,0.219222,0.007216,0.027091,0.013140,5.10,20,-0.025526,0.967407,0.659780,0.001744,0.228638,0.343829,0.000000,0.115619,0.000000,0.056980,-0.222460,0.421640,-0.111936,-0.051552,-0.025216
1779678040856409889,2026-05-25T10:00:40.856433,prediction,-0.025778,0.803000,0.232362,True,-0.026988,0.830430,0.218565,0.001210,0.027430,0.013797,4.74,20,-0.025178,0.975009,0.653340,0.007853,0.228638,0.338156,0.000000,0.110391,0.007847,-0.093520,-0.223440,0.410933,-0.105984,-0.053440,0.023616
1779678040909350349,2026-05-25T10:00:40.909397,prediction,-0.026294,0.812000,0.231151,True,-0.029152,0.838483,0.215188,0.002859,0.026483,0.015963,5.53,20,-0.025121,0.982200,0.647156,0.017889,0.226887,0.327249,0.000000,0.102091,0.024426,-0.112840,-0.237720,0.421972,-0.097344,-0.050432,0.025216
1779678040957601666,2026-05-25T10:00:40.957621,prediction,-0.025778,0.803000,0.226884,True,-0.024742,0.828710,0.211639,0.001036,0.025710,0.015245,4.34,20,-0.025121,0.982200,0.647156,0.029231,0.225142,0.323316,0.000000,0.097294,0.029665,-0.120540,-0.243320,0.404376,-0.072864,-0.051872,0.030720
1779678040997989471,2026-05-25T10:00:40.998015,prediction,-0.023043,0.803000,0.221407,True,-0.023554,0.824946,0.207068,0.000511,0.021946,0.014339,5.69,20,-0.025309,0.988642,0.641604,0.034465,0.223835,0.314156,0.000000,0.091624,0.032284,-0.102200,-0.236460,0.420395,-0.049600,-0.049760,0.033952
1779678041041588479,2026-05-25T10:00:41.041606,prediction,-0.023574,0.812000,0.220255,True,-0.028174,0.836949,0.208512,0.004600,0.024949,0.011742,6.08,20,-0.026310,0.995763,0.635113,0.034034,0.222091,0.308921,0.002609,0.088574,0.034903,-0.108780,-0.243320,0.413174,-0.027680,-0.056896,0.035584
1779678041089617584,2026-05-25T10:00:41.089636,prediction,-0.020854,0.812000,0.217530,True,-0.019836,0.835659,0.206072,0.001018,0.023659,0.011459,4.91,20,-0.026310,0.995763,0.635113,0.035778,0.220346,0.304557,0.005228,0.086386,0.034903,-0.126420,-0.256340,0.396989,-0.026720,-0.047808,0.033792
1779678041137144031,2026-05-25T10:00:41.137160,prediction,-0.020066,0.799000,0.209727,True,-0.015938,0.820646,0.196805,0.004128,0.021646,0.012921,5.45,20,-0.027151,1.001075,0.629957,0.036209,0.222091,0.301063,0.002609,0.083335,0.034903,-0.097860,-0.246680,0.412012,-0.026112,-0.051552,0.033184
1779678041180819861,2026-05-25T10:00:41.180842,prediction,-0.017573,0.803000,0.204974,True,-0.017807,0.821052,0.191424,0.000234,0.018052,0.013550,5.82,20,-0.028685,1.006882,0.623948,0.032720,0.222091,0.306736,0.002609,0.080716,0.032284,-0.113960,-0.254800,0.397570,-0.023840,-0.050880,0.031840
1779678041222932222,2026-05-25T10:00:41.222962,prediction,-0.017884,0.808000,0.200435,True,-0.019893,0.830241,0.189538,0.002009,0.022241,0.010897,4.56,20,-0.028685,1.006882,0.623948,0.030976,0.220778,0.302810,0.002609,0.081158,0.032284,-0.109060,-0.249480,0.395329,-0.024320,-0.046880,0.031456
1779678041269415204,2026-05-25T10:00:41.269433,prediction,-0.017573,0.803000,0.194019,True,-0.015854,0.824051,0.183619,0.001719,0.021051,0.010400,4.52,20,-0.030430,1.011812,0.618457,0.027487,0.222091,0.293650,0.002609,0.075477,0.027045,-0.113400,-0.275520,0.403380,-0.026880,-0.052160,0.033792
1779678041312993191,2026-05-25T10:00:41.313045,prediction,-0.018133,0.812000,0.190290,True,-0.017579,0.824502,0.177440,0.000554,0.012502,0.012851,7.63,20,-0.032382,1.015689,0.612636,0.026174,0.218602,0.291902,0.002609,0.072857,0.027045,-0.098140,-0.276080,0.407696,-0.023936,-0.046880,0.031392
1779678041357374967,2026-05-25T10:00:41.357402,prediction,-0.017884,0.808000,0.184052,True,-0.015469,0.821146,0.171175,0.002416,0.013146,0.012877,7.61,20,-0.032382,1.015689,0.612636,0.026174,0.218602,0.291902,0.002609,0.072857,0.027045,-0.098140,-0.276080,0.407696,-0.023936,-0.046880,0.031392
1779678041407193258,2026-05-25T10:00:41.407214,prediction,-0.017884,0.808000,0.175860,True,-0.017737,0.821232,0.162244,0.000147,0.013232,0.013616,7.93,20,-0.034214,1.018586,0.607152,0.024429,0.219033,0.290155,0.002609,0.069807,0.021375,-0.082740,-0.257880,0.403878,-0.024064,-0.049088,0.032736
1779678041446217962,2026-05-25T10:00:41.446239,prediction,-0.017884,0.808000,0.167668,True,-0.017473,0.820441,0.153643,0.000411,0.012441,0.014025,8.89,20,-0.036241,1.020467,0.600701,0.011342,0.220346,0.263538,0.000000,0.043193,0.010898,-0.093240,-0.282380,0.392424,-0.024448,-0.041408,0.031840
1779678041485937938,2026-05-25T10:00:41.485955,prediction,-0.014838,0.803000,0.163892,True,-0.012961,0.812397,0.150731,0.001877,0.009397,0.013161,5.43,20,-0.036241,1.020467,0.600701,0.008285,0.223835,0.254377,0.002609,0.032284,0.005228,-0.082040,-0.303380,0.398898,-0.027168,-0.042592,0.032576
1779678041528230573,2026-05-25T10:00:41.528261,prediction,-0.015413,0.812000,0.157602,True,-0.017442,0.820440,0.141432,0.002029,0.008440,0.016171,7.89,20,-0.038328,1.021165,0.593486,0.008285,0.223835,0.254377,0.002609,0.032284,0.005228,-0.082040,-0.303380,0.398898,-0.027168,-0.042592,0.032576
1779678041561639414,2026-05-25T10:00:41.561658,prediction,-0.015157,0.808000,0.148554,True,-0.014620,0.818678,0.131281,0.000538,0.010678,0.017273,6.97,20,-0.039893,1.021280,0.586876,0.008285,0.223835,0.254377,0.002609,0.032284,0.005228,-0.082040,-0.303380,0.398898,-0.027168,-0.042592,0.032576
1779678041603536485,2026-05-25T10:00:41.603555,prediction,-0.019254,0.830000,0.145289,True,-0.024079,0.834678,0.126287,0.004825,0.004678,0.019003,6.20,20,-0.039893,1.021280,0.586876,0.004796,0.222529,0.254816,0.002609,0.029665,0.005228,-0.074620,-0.290080,0.387195,-0.028384,-0.041984,0.032736
1779678041646978750,2026-05-25T10:00:41.647003,prediction,-0.018133,0.812000,0.138534,True,-0.014074,0.824431,0.123352,0.004059,0.012431,0.015182,5.27,20,-0.041058,1.020719,0.578961,0.004796,0.217289,0.233871,0.000000,0.016137,0.010467,0.076160,-0.324520,0.381551,-0.039072,-0.045920,-0.019040
1779678041688071890,2026-05-25T10:00:41.688097,prediction,-0.018445,0.817000,0.134230,True,-0.017499,0.822029,0.115995,0.000946,0.005029,0.018236,4.56,20,-0.041058,1.020719,0.578961,0.011342,0.213800,0.230377,0.000000,0.016137,0.013086,0.102200,-0.303380,0.395329,-0.048704,-0.045312,-0.024320
1779678041744360677,2026-05-25T10:00:41.744392,prediction,-0.018694,0.821000,0.124309,True,-0.018682,0.833362,0.103095,0.000011,0.012362,0.021214,5.45,20,-0.042131,1.020064,0.569928,0.016576,0.210742,0.222964,0.000000,0.016137,0.016137,0.104160,-0.325780,0.402218,-0.064896,-0.042080,-0.025888
1779678041786194822,2026-05-25T10:00:41.786210,prediction,-0.021945,0.830000,0.118345,True,-0.022052,0.841557,0.098609,0.000108,0.011557,0.019736,5.12,20,-0.042842,1.019439,0.561720,0.017889,0.205509,0.222964,0.000000,0.016137,0.018756,0.097580,-0.336840,0.381717,-0.084000,-0.039584,-0.030848
1779678041835339249,2026-05-25T10:00:41.835365,prediction,-0.021399,0.821000,0.108054,True,-0.017268,0.832113,0.090562,0.004132,0.011114,0.017492,5.27,20,-0.043104,1.018909,0.553887,0.019634,0.202889,0.217291,0.002609,0.013517,0.021375,0.135100,-0.353080,0.387029,-0.098016,-0.040128,-0.030240
1779678041876133014,2026-05-25T10:00:41.876158,prediction,-0.021702,0.826000,0.103878,True,-0.019549,0.831935,0.084911,0.002154,0.005935,0.018967,4.79,20,-0.043104,1.018909,0.553887,0.022685,0.194166,0.208124,0.000000,0.013517,0.021375,0.122360,-0.345520,0.381551,-0.110976,-0.038624,-0.031232
1779678041917511498,2026-05-25T10:00:41.917536,prediction,-0.021399,0.821000,0.099926,True,-0.021644,0.833814,0.079201,0.000245,0.012814,0.020725,5.28,20,-0.043185,1.018931,0.544548,0.026174,0.189364,0.200711,0.005228,0.010898,0.027045,0.098140,-0.362880,0.371757,-0.105408,-0.038976,-0.030720
1779678041957964012,2026-05-25T10:00:41.957984,prediction,-0.020066,0.799000,0.091676,True,-0.018756,0.818250,0.071536,0.001309,0.019250,0.020140,5.02,20,-0.043185,1.018931,0.544548,0.029231,0.182817,0.191543,0.003051,0.008289,0.029665,0.095760,-0.359800,0.370346,-0.107424,-0.038976,-0.032576
1779678042009717463,2026-05-25T10:00:42.009742,prediction,-0.020308,0.803000,0.089944,True,-0.023967,0.814927,0.067780,0.003659,0.011927,0.022164,7.98,20,-0.043103,1.019161,0.535833,0.030976,0.169730,0.171037,0.002609,0.000000,0.032284,0.130200,-0.353360,0.367275,-0.109600,-0.039360,-0.033728
1779678042049693532,2026-05-25T10:00:42.049711,prediction,-0.016764,0.790000,0.083888,True,-0.015895,0.802803,0.064141,0.000868,0.012803,0.019748,8.13,20,-0.042822,1.019514,0.525921,0.032720,0.163184,0.157951,0.003051,0.002609,0.034903,0.120260,-0.373520,0.342375,-0.108640,-0.015040,-0.031680
1779678042091649151,2026-05-25T10:00:42.091683,prediction,-0.016141,0.780000,0.078560,True,-0.014878,0.788374,0.058372,0.001263,0.008374,0.020188,7.88,20,-0.042619,1.019681,0.516659,0.034034,0.147039,0.123044,0.000000,0.027045,0.032715,0.097860,-0.408800,0.356319,-0.111424,0.042144,-0.032352
1779678042152164825,2026-05-25T10:00:42.152186,prediction,-0.015892,0.776000,0.071967,True,-0.014925,0.779317,0.051377,0.000967,0.003317,0.020590,7.88,20,-0.042619,1.019681,0.516659,0.034034,0.125661,0.079846,0.002609,0.051040,0.032284,0.114380,-0.406000,0.336980,-0.114048,0.049536,-0.033792
1779678042192033310,2026-05-25T10:00:42.192070,prediction,-0.017013,0.794000,0.065634,True,-0.018223,0.791135,0.045151,0.001211,0.002864,0.020483,7.89,20,-0.042540,1.019006,0.506699,0.034034,0.112568,0.055845,0.002609,0.061949,0.034903,0.100100,-0.411320,0.309009,-0.110592,0.049824,-0.031904
1779678042241820738,2026-05-25T10:00:42.241847,prediction,-0.017573,0.803000,0.062556,True,-0.014441,0.795316,0.045837,0.003132,0.007684,0.016719,7.49,20,-0.042467,1.017842,0.497434,0.034465,0.106028,0.039265,0.005228,0.070249,0.034903,0.105980,-0.406700,0.303282,-0.108320,0.051264,-0.032800
1779678042285288495,2026-05-25T10:00:42.285317,prediction,-0.016452,0.785000,0.054929,True,-0.008479,0.779316,0.041940,0.007974,0.005684,0.012989,7.76,20,-0.042467,1.017842,0.497434,0.034465,0.106028,0.039265,0.005228,0.070249,0.034903,0.105980,-0.406700,0.303282,-0.108320,0.051264,-0.032800
1779678042319728487,2026-05-25T10:00:42.319760,prediction,-0.016452,0.785000,0.049392,True,-0.013469,0.770932,0.033839,0.002983,0.014068,0.015553,7.68,20,-0.042725,1.015735,0.487709,0.034465,0.106028,0.039265,0.005228,0.070249,0.034903,0.105980,-0.406700,0.303282,-0.108320,0.051264,-0.032800
1779678042358250347,2026-05-25T10:00:42.358272,prediction,-0.016764,0.790000,0.048006,True,-0.014601,0.780398,0.033724,0.002162,0.009602,0.014283,4.31,20,-0.043010,1.013339,0.478896,0.027487,0.039267,0.126531,0.000000,0.164492,0.027045,0.109340,-0.472080,0.056440,-0.115040,0.062464,-0.030336
1779678042410963707,2026-05-25T10:00:42.410982,prediction,-0.016452,0.785000,0.046624,True,-0.010964,0.774106,0.035918,0.005488,0.010894,0.010705,8.06,20,-0.043010,1.013339,0.478896,0.024867,0.024429,0.173223,0.002609,0.191549,0.021375,0.087920,-0.479500,0.045401,-0.115552,0.064224,-0.031456
1779678042455703806,2026-05-25T10:00:42.455728,prediction,-0.013113,0.776000,0.041352,True,-0.005785,0.760996,0.031634,0.007328,0.015004,0.009718,9.92,20,-0.043434,1.009697,0.469868,0.020940,0.013087,0.204198,0.002609,0.215543,0.018756,0.090720,-0.496580,0.035441,-0.116384,0.065632,-0.030720
1779678042500614040,2026-05-25T10:00:42.500641,prediction,-0.012793,0.771000,0.034378,True,-0.006879,0.750673,0.023594,0.005914,0.020326,0.010785,8.05,20,-0.044117,1.005842,0.462127,0.017889,0.006102,0.225143,0.002609,0.226452,0.019198,0.084280,-0.473060,0.047808,-0.114816,0.065792,-0.029888
1779678042538954931,2026-05-25T10:00:42.538979,prediction,-0.012218,0.762000,0.031846,True,-0.006878,0.743979,0.022096,0.005340,0.018021,0.009749,8.03,20,-0.044117,1.005842,0.462127,0.013087,0.006540,0.234310,0.000000,0.234310,0.013517,0.087640,-0.478240,0.050547,-0.115200,0.066400,-0.029120
1779678042579623709,2026-05-25T10:00:42.579650,prediction,-0.012474,0.766000,0.030172,True,-0.007644,0.744586,0.021556,0.004830,0.021414,0.008616,8.71,20,-0.045156,1.000143,0.454476,0.011342,0.004796,0.237797,0.002609,0.245208,0.010898,0.095060,-0.485100,0.047310,-0.116096,0.064000,-0.030016
1779678042619031588,2026-05-25T10:00:42.619054,prediction,-0.012793,0.771000,0.028796,True,-0.005659,0.744165,0.020731,0.007134,0.026835,0.008064,7.01,20,-0.045156,1.000143,0.454476,0.008285,0.008285,0.236050,0.000000,0.245208,0.007847,0.091980,-0.468020,0.049053,-0.116544,0.064224,-0.030176
1779678042655651893,2026-05-25T10:00:42.655676,prediction,-0.011899,0.757000,0.019181,True,-0.001285,0.729687,0.012963,0.010613,0.027313,0.006218,7.74,20,-0.046401,0.993014,0.447590,0.008285,0.010029,0.232563,0.000000,0.245208,0.005228,0.094220,-0.449400,0.051460,-0.116544,0.067584,-0.030240
1779678042701603893,2026-05-25T10:00:42.701641,prediction,-0.012793,0.771000,0.020422,True,-0.007301,0.739103,0.011672,0.005492,0.031897,0.008750,12.17,20,-0.047815,0.985951,0.441421,0.003489,0.021378,0.215544,0.002609,0.237361,0.005670,0.096040,-0.424340,0.066400,-0.115040,0.065184,-0.029792
1779678042745559055,2026-05-25T10:00:42.745594,prediction,-0.012793,0.771000,0.017630,True,-0.004010,0.743914,0.012332,0.008783,0.027086,0.005299,8.82,20,-0.047815,0.985951,0.441421,0.001744,0.026174,0.208124,0.000000,0.234741,0.000000,0.089180,-0.415380,0.063827,-0.114368,0.060672,-0.028224
1779678042784893422,2026-05-25T10:00:42.784919,prediction,-0.013368,0.780000,0.014699,True,-0.004409,0.746973,0.009232,0.008960,0.033027,0.005467,4.85,20,-0.049206,0.978119,0.435405,0.001307,0.030976,0.204637,0.000000,0.234310,0.000000,0.094500,-0.422520,0.067479,-0.113600,0.065856,-0.026624
1779678042822494764,2026-05-25T10:00:42.822518,prediction,-0.013368,0.780000,0.006369,True,-0.001578,0.748595,0.000728,0.011790,0.031405,0.005641,4.13,20,-0.049206,0.978119,0.435405,0.000000,0.038829,0.197216,0.000000,0.237361,0.000000,0.083300,-0.427700,0.063329,-0.112256,0.064064,-0.013312
1779678042866084121,2026-05-25T10:00:42.866107,prediction,-0.011899,0.757000,-0.003334,True,0.002481,0.733763,-0.007353,0.014379,0.023237,0.004019,5.83,20,-0.050460,0.971062,0.430064,0.000000,0.042756,0.193291,0.000000,0.234741,0.000000,0.060760,-0.430220,0.060009,-0.111360,0.065568,0.003520
1779678042907536413,2026-05-25T10:00:42.907561,prediction,-0.013113,0.776000,-0.003179,True,-0.008591,0.749763,-0.010490,0.004522,0.026237,0.007311,4.59,20,-0.052077,0.964263,0.424365,0.000000,0.045814,0.197216,0.000000,0.242599,0.005670,-0.009240,-0.444220,0.071048,-0.110304,0.058048,0.022112
1779678042953725668,2026-05-25T10:00:42.953750,prediction,-0.011899,0.757000,-0.014592,True,-0.000954,0.742236,-0.016965,0.010945,0.014764,0.002373,4.20,20,-0.052077,0.964263,0.424365,0.003489,0.041012,0.206384,0.000000,0.245208,0.005670,-0.051660,-0.445060,0.059677,-0.108320,0.063744,0.024000
1779678043010465746,2026-05-25T10:00:43.010498,prediction,-0.011899,0.757000,-0.020220,True,0.000741,0.735492,-0.026143,0.012640,0.021508,0.005923,6.85,20,-0.053420,0.957833,0.418066,0.003489,0.034465,0.224704,0.000000,0.261356,0.002609,-0.049560,-0.444500,0.049883,-0.106816,0.063904,0.026496
1779678043055245929,2026-05-25T10:00:43.055267,prediction,-0.011899,0.757000,-0.023035,True,0.003235,0.735095,-0.030164,0.015134,0.021905,0.007129,11.11,20,-0.054697,0.952622,0.412323,0.003051,0.029231,0.236050,0.000000,0.272264,0.002609,-0.052920,-0.472080,0.045816,-0.106240,0.059616,0.027552
1779678043099326283,2026-05-25T10:00:43.099346,prediction,-0.011899,0.757000,-0.028664,True,0.003190,0.733126,-0.034064,0.015089,0.023874,0.005400,8.05,20,-0.055918,0.948359,0.406825,0.003489,0.016138,0.256563,0.000000,0.274884,0.005228,-0.064680,-0.494060,0.035607,-0.105024,0.066304,0.027008
1779678043149009665,2026-05-25T10:00:43.149039,prediction,-0.009678,0.766000,-0.028620,True,0.003842,0.737952,-0.035758,0.013520,0.028048,0.007139,8.13,20,-0.055918,0.948359,0.406825,0.001744,0.008285,0.273144,0.000000,0.280122,0.002609,-0.069020,-0.509880,0.032370,-0.104416,0.067008,0.028288
1779678043189308244,2026-05-25T10:00:43.189333,prediction,-0.009088,0.757000,-0.034292,True,0.008031,0.729991,-0.039032,0.017119,0.027009,0.004739,8.98,20,-0.057122,0.944209,0.400307,0.001744,0.000000,0.286229,0.000000,0.288412,0.002609,-0.060760,-0.525980,0.038761,-0.105472,0.068416,0.027840
1779678043231339726,2026-05-25T10:00:43.231369,prediction,-0.007218,0.771000,-0.032614,True,0.005411,0.737735,-0.039587,0.012629,0.033265,0.006972,8.14,20,-0.058313,0.940921,0.394359,0.000000,0.004796,0.297575,0.000000,0.291031,0.000000,-0.058800,-0.783580,0.028884,-0.107424,0.065504,0.028000
1779678043272975351,2026-05-25T10:00:43.272999,prediction,-0.007554,0.776000,-0.033793,True,0.007416,0.744590,-0.037896,0.014970,0.031410,0.004103,8.34,20,-0.058313,0.940921,0.394359,0.001744,0.022685,0.314156,0.000000,0.288412,0.002609,-0.026880,-0.858060,0.033034,-0.109376,0.072192,0.027904
1779678043317217642,2026-05-25T10:00:43.317241,prediction,-0.006882,0.766000,-0.039818,True,0.009807,0.737374,-0.040759,0.016689,0.028626,0.000941,9.64,20,-0.059759,0.938510,0.387566,0.000000,0.039267,0.338156,0.000000,0.299320,0.000000,0.027580,-0.862400,0.007968,-0.114432,0.069792,0.025280
1779678043355321460,2026-05-25T10:00:43.355346,prediction,-0.006882,0.766000,-0.042618,True,0.008707,0.732301,-0.044759,0.015589,0.033699,0.002141,7.26,20,-0.059759,0.938510,0.387566,0.000000,0.047120,0.349495,0.000000,0.304559,0.000000,0.063840,-0.826140,0.008964,-0.115424,0.067744,0.023840
1779678043394252905,2026-05-25T10:00:43.394277,prediction,-0.007823,0.780000,-0.043610,True,0.006264,0.747854,-0.045073,0.014087,0.032146,0.001463,7.96,20,-0.061007,0.936845,0.381693,0.003489,0.065447,0.383094,0.000000,0.312406,0.000000,0.093240,-0.854560,0.014857,-0.117504,0.062784,0.007808
1779678043443350844,2026-05-25T10:00:43.443384,prediction,-0.006278,0.757000,-0.053993,True,0.010441,0.740436,-0.049359,0.016719,0.016564,0.004634,8.83,20,-0.062477,0.935876,0.375235,0.005233,0.079847,0.394001,0.000000,0.318076,0.000000,0.096040,-0.837620,0.031706,-0.118272,0.063840,-0.007296
1779678043491665556,2026-05-25T10:00:43.491682,prediction,-0.007823,0.780000,-0.054716,True,0.003820,0.746381,-0.054748,0.011643,0.033618,0.000032,6.77,20,-0.063789,0.935252,0.369603,0.006540,0.099919,0.416255,0.003051,0.323315,0.005228,0.090720,-0.843500,-0.003818,-0.117376,0.069792,-0.022432
1779678043544492258,2026-05-25T10:00:43.544520,prediction,-0.003123,0.752000,-0.066937,True,0.014425,0.733317,-0.060949,0.017548,0.018683,0.005988,7.67,20,-0.063789,0.935252,0.369603,0.006540,0.101225,0.424114,0.002609,0.320696,0.005228,0.105700,-0.852740,-0.012118,-0.117440,0.066912,-0.023264
1779678043589327793,2026-05-25T10:00:43.589352,prediction,-0.006278,0.757000,-0.068065,True,0.011811,0.726836,-0.066100,0.018089,0.030164,0.001965,8.39,20,-0.064921,0.934795,0.363396,0.006540,0.109517,0.431095,0.000000,0.320696,0.005228,0.097020,-0.865200,0.028386,-0.117888,0.066912,-0.026400
1779678043626979867,2026-05-25T10:00:43.627013,prediction,-0.004431,0.771000,-0.068902,True,0.016906,0.737447,-0.067905,0.021337,0.033553,0.000998,7.97,20,-0.066264,0.934152,0.358099,0.008285,0.110823,0.420188,0.000000,0.312406,0.005670,0.100100,-0.842800,0.005727,-0.116704,0.068960,-0.030016
1779678043666181435,2026-05-25T10:00:43.666209,prediction,-0.003811,0.762000,-0.074789,True,0.023100,0.731716,-0.070017,0.026911,0.030284,0.004772,6.15,20,-0.066264,0.934152,0.358099,0.008285,0.111261,0.416255,0.000000,0.312406,0.005228,0.091700,-0.802480,0.002656,-0.116704,0.062400,-0.029504
1779678043719225756,2026-05-25T10:00:43.719251,prediction,-0.003811,0.762000,-0.077595,True,0.024249,0.718456,-0.074308,0.028060,0.043544,0.003287,9.45,20,-0.068343,0.933157,0.352401,0.008285,0.099481,0.397935,0.002609,0.298878,0.005670,0.103180,-0.788200,-0.015687,-0.116768,0.069792,-0.031456
1779678043765351122,2026-05-25T10:00:43.765377,prediction,-0.003811,0.762000,-0.083207,True,0.024966,0.720605,-0.078761,0.028777,0.041394,0.004446,6.77,20,-0.070264,0.932403,0.347853,0.010029,0.086825,0.379607,0.000000,0.291031,0.008289,0.074340,-0.801920,0.002241,-0.115552,0.066688,-0.032000
1779678043811749960,2026-05-25T10:00:43.811781,prediction,-0.002779,0.747000,-0.088439,True,0.027485,0.707868,-0.081884,0.030264,0.039132,0.006555,5.71,20,-0.070264,0.932403,0.347853,0.009598,0.078103,0.362588,0.002609,0.283173,0.008289,0.084000,-0.795060,0.020335,-0.115648,0.058624,-0.032128
1779678043860685635,2026-05-25T10:00:43.860716,prediction,-0.003467,0.757000,-0.087766,True,0.025050,0.708813,-0.083372,0.028517,0.048187,0.004394,9.03,20,-0.072705,0.931169,0.342812,0.011780,0.063703,0.328989,0.000000,0.266594,0.010467,0.085120,-0.779520,0.031291,-0.116000,0.062240,-0.030784
1779678043899747066,2026-05-25T10:00:43.899766,prediction,-0.003123,0.752000,-0.095163,True,0.028104,0.704529,-0.087895,0.031227,0.047471,0.007268,8.72,20,-0.074583,0.929744,0.338600,0.011342,0.050609,0.302810,0.000000,0.258736,0.008289,0.095480,-0.753900,0.028718,-0.115552,0.059104,-0.030624
1779678043943948446,2026-05-25T10:00:43.943991,prediction,-0.002504,0.743000,-0.098347,True,0.030100,0.693663,-0.091515,0.032603,0.049337,0.006831,8.79,20,-0.074583,0.929744,0.338600,0.011342,0.050609,0.302810,0.000000,0.258736,0.008289,0.095480,-0.753900,0.028718,-0.115552,0.059104,-0.030624
1779678043988951023,2026-05-25T10:00:43.988971,prediction,-0.002504,0.743000,-0.104021,True,0.028848,0.690300,-0.097021,0.031352,0.052700,0.007000,8.35,20,-0.076834,0.927255,0.333526,0.011342,0.050609,0.302810,0.000000,0.258736,0.008289,0.095480,-0.753900,0.028718,-0.115552,0.059104,-0.030624
1779678044040803379,2026-05-25T10:00:44.040826,prediction,-0.001009,0.762000,-0.102850,True,0.028904,0.700478,-0.096207,0.029914,0.061522,0.006644,7.91,20,-0.078599,0.924686,0.329054,0.011342,0.050609,0.302810,0.000000,0.258736,0.008289,0.095480,-0.753900,0.028718,-0.115552,0.059104,-0.030624
1779678044086607344,2026-05-25T10:00:44.086636,prediction,-0.003123,0.752000,-0.109276,True,0.030693,0.695493,-0.097403,0.033816,0.056507,0.011872,8.51,20,-0.078599,0.924686,0.329054,0.013087,0.000000,0.204198,0.000000,0.207685,0.010898,0.106260,-0.597660,0.056440,-0.113824,0.054944,-0.031616
1779678044126321578,2026-05-25T10:00:44.126343,prediction,-0.001009,0.762000,-0.105656,True,0.030058,0.697117,-0.096540,0.031067,0.064883,0.009116,8.45,20,-0.080728,0.920967,0.323848,0.016576,0.011342,0.184131,0.002609,0.202015,0.013517,0.097580,-0.458780,0.049219,-0.112320,0.050144,-0.029120
1779678044165334478,2026-05-25T10:00:44.165358,prediction,-0.001643,0.771000,-0.107982,True,0.029560,0.704801,-0.097662,0.031203,0.066199,0.010320,5.29,20,-0.082607,0.917455,0.319342,0.016138,0.024429,0.165364,0.003051,0.191549,0.016137,0.088900,-0.401660,0.054863,-0.110592,0.057664,-0.030176
1779678044209061987,2026-05-25T10:00:44.209100,prediction,0.000048,0.747000,-0.116747,True,0.033882,0.690345,-0.100979,0.033834,0.056655,0.015768,5.09,20,-0.082607,0.917455,0.319342,0.017889,0.032720,0.150531,0.002609,0.180640,0.016137,0.093800,-0.390880,0.059013,-0.108256,0.054272,-0.031296
1779678044255008656,2026-05-25T10:00:44.255033,prediction,-0.000657,0.757000,-0.113095,True,0.027428,0.694931,-0.102109,0.028084,0.062069,0.010986,7.99,20,-0.084934,0.912939,0.314665,0.019634,0.044069,0.124352,0.003051,0.166670,0.016137,0.094780,-0.398300,0.060258,-0.111584,0.052384,-0.032128
1779678044300034779,2026-05-25T10:00:44.300058,prediction,-0.000657,0.757000,-0.113095,True,0.032821,0.688798,-0.098971,0.033478,0.068202,0.014124,4.60,20,-0.086814,0.908902,0.310743,0.017889,0.048865,0.111698,0.002609,0.161442,0.016137,0.095760,-0.411600,0.068475,-0.110080,0.046816,-0.032128
1779678044344808662,2026-05-25T10:00:44.344827,prediction,-0.000305,0.752000,-0.114921,True,0.032686,0.688809,-0.099321,0.032991,0.063190,0.015600,7.79,20,-0.086814,0.908902,0.310743,0.019634,0.054105,0.096865,0.003051,0.150964,0.016137,0.102200,-0.408800,0.072791,-0.107520,0.048160,-0.030560
1779678044388023149,2026-05-25T10:00:44.388047,prediction,0.002875,0.747000,-0.116747,True,0.039142,0.672809,-0.100866,0.036267,0.074190,0.015881,5.15,20,-0.088555,0.904074,0.306886,0.020940,0.057156,0.082024,0.003051,0.140056,0.018756,0.093800,-0.413140,0.069305,-0.107264,0.049152,-0.031840
1779678044431771925,2026-05-25T10:00:44.431815,prediction,-0.001291,0.766000,-0.109808,True,0.031724,0.684667,-0.095026,0.033015,0.081333,0.014782,5.93,20,-0.089976,0.899901,0.303890,0.019196,0.055412,0.079846,0.002609,0.137436,0.016137,0.092960,-0.393260,0.075862,-0.105984,0.050496,-0.032448
1779678044470904759,2026-05-25T10:00:44.470931,prediction,0.002154,0.757000,-0.113095,True,0.037061,0.684886,-0.093504,0.034908,0.072114,0.019591,4.76,20,-0.089976,0.899901,0.303890,0.019196,0.055412,0.079846,0.002609,0.137436,0.016137,0.092960,-0.393260,0.075862,-0.105984,0.050496,-0.032448
1779678044517859854,2026-05-25T10:00:44.517886,prediction,0.002514,0.752000,-0.117744,True,0.039951,0.675144,-0.097349,0.037437,0.076856,0.020394,8.84,20,-0.091201,0.895093,0.301542,0.019196,0.055412,0.079846,0.002609,0.137436,0.016137,0.092960,-0.393260,0.075862,-0.105984,0.050496,-0.032448
1779678044557769159,2026-05-25T10:00:44.557790,prediction,0.003163,0.743000,-0.129558,True,0.041871,0.667189,-0.107332,0.038708,0.075811,0.022226,8.01,20,-0.091201,0.895093,0.301542,0.027925,0.048865,0.078098,0.003051,0.129147,0.026614,0.106540,-0.397040,0.063163,-0.104256,0.048864,-0.028832
1779678044612749142,2026-05-25T10:00:44.612777,prediction,0.003932,0.771000,-0.119147,True,0.036971,0.683189,-0.100053,0.033039,0.087811,0.019094,8.08,20,-0.092483,0.891451,0.299872,0.029669,0.047558,0.082024,0.002609,0.129589,0.027045,0.105980,-0.420280,0.062831,-0.104960,0.045024,-0.031616
1779678044647029513,2026-05-25T10:00:44.647063,prediction,0.005996,0.743000,-0.132395,True,0.044200,0.671163,-0.101707,0.038204,0.071837,0.030688,5.59,20,-0.093831,0.887678,0.298131,0.030976,0.042318,0.083771,0.002609,0.126528,0.029665,0.103740,-0.419020,0.067396,-0.104256,0.051776,-0.032576
1779678044688033609,2026-05-25T10:00:44.688058,prediction,0.004964,0.757000,-0.129981,True,0.039515,0.672319,-0.107871,0.034551,0.084681,0.022110,5.14,20,-0.093831,0.887678,0.298131,0.030976,0.035778,0.089444,0.002609,0.126528,0.029665,0.101920,-0.402920,0.060009,-0.102912,0.047104,-0.031168
1779678044734779730,2026-05-25T10:00:44.734803,prediction,0.003932,0.771000,-0.124730,True,0.040506,0.687100,-0.105337,0.036574,0.083900,0.019392,8.52,20,-0.095574,0.883918,0.296889,0.029231,0.032720,0.098173,0.005228,0.131766,0.029234,0.111860,-0.433020,0.046978,-0.101696,0.046592,-0.031744
1779678044768028383,2026-05-25T10:00:44.768053,prediction,0.003563,0.776000,-0.122854,True,0.042557,0.691871,-0.099450,0.038994,0.084129,0.023405,5.20,20,-0.096612,0.881473,0.296012,0.030976,0.029231,0.106025,0.003051,0.137436,0.026614,0.111580,-0.435120,0.053369,-0.102240,0.048992,-0.032288
1779678044813486617,2026-05-25T10:00:44.813515,prediction,0.004964,0.757000,-0.127167,True,0.044812,0.676043,-0.100409,0.039848,0.080957,0.026758,4.98,20,-0.096612,0.881473,0.296012,0.029231,0.022685,0.122605,0.003051,0.145726,0.027045,0.103740,-0.450940,0.043907,-0.103904,0.051424,-0.030944
1779678044858217504,2026-05-25T10:00:44.858242,prediction,0.005333,0.752000,-0.131857,True,0.041418,0.669275,-0.107340,0.036086,0.082725,0.024517,4.67,20,-0.098627,0.879462,0.295664,0.029669,0.017889,0.130025,0.002609,0.153584,0.027045,0.090160,-0.453740,0.039757,-0.101792,0.051104,-0.031072
1779678044902632767,2026-05-25T10:00:44.902658,prediction,0.004595,0.762000,-0.128106,True,0.037363,0.680682,-0.105625,0.032768,0.081318,0.022481,9.13,20,-0.098565,0.878073,0.294988,0.027925,0.011780,0.154457,0.002609,0.164492,0.023995,0.118720,-0.456260,0.038014,-0.103424,0.053984,-0.029344
1779678044942986652,2026-05-25T10:00:44.943004,prediction,0.005333,0.752000,-0.131857,True,0.040461,0.676079,-0.104786,0.035128,0.075921,0.027070,8.44,20,-0.098565,0.878073,0.294988,0.027925,0.005233,0.167112,0.005228,0.172351,0.024426,0.111580,-0.462420,0.026477,-0.101408,0.059232,-0.032448
1779678044987408421,2026-05-25T10:00:44.987434,prediction,0.009207,0.738000,-0.137108,True,0.043071,0.660416,-0.109685,0.033864,0.077584,0.027423,8.08,20,-0.100487,0.875915,0.294697,0.027925,0.003489,0.172785,0.003051,0.178021,0.024426,0.120540,-0.464940,0.019671,-0.102304,0.049600,-0.032960
1779678045029885314,2026-05-25T10:00:45.029915,prediction,0.007775,0.757000,-0.129981,True,0.040436,0.660015,-0.108407,0.032662,0.096985,0.021574,8.34,20,-0.100749,0.874960,0.293522,0.029231,0.000000,0.183692,0.005228,0.180640,0.023995,0.100660,-0.560140,0.020833,-0.105248,0.049984,-0.034080
1779678045075155249,2026-05-25T10:00:45.075180,prediction,0.009207,0.738000,-0.137108,True,0.045282,0.652891,-0.110227,0.036075,0.085109,0.026880,7.53,20,-0.100749,0.874960,0.293522,0.026174,0.009598,0.191112,0.005228,0.178021,0.021807,0.109340,-0.738920,0.024983,-0.106752,0.059104,-0.034688
1779678045123432402,2026-05-25T10:00:45.123458,prediction,0.013204,0.723000,-0.142734,True,0.048684,0.636891,-0.115746,0.035480,0.086109,0.026988,8.23,20,-0.101703,0.871978,0.292587,0.026174,0.014831,0.195038,0.002609,0.183259,0.023995,0.115220,-0.768180,0.020833,-0.105088,0.047360,-0.033120
1779678045172923956,2026-05-25T10:00:45.172950,prediction,0.012434,0.733000,-0.136130,True,0.047545,0.629917,-0.114520,0.035111,0.103083,0.021609,8.33,20,-0.102518,0.870467,0.290865,0.024429,0.022685,0.196785,0.002609,0.172782,0.021807,0.105280,-0.768180,0.017430,-0.102304,0.054656,-0.033408
1779678045218319442,2026-05-25T10:00:45.218343,prediction,0.013204,0.723000,-0.139864,True,0.053631,0.615985,-0.114547,0.040427,0.107015,0.025317,4.67,20,-0.102518,0.870467,0.290865,0.020940,0.026174,0.195477,0.002609,0.170162,0.019198,0.091980,-0.765660,0.020335,-0.105248,0.047040,-0.031616
1779678045263996658,2026-05-25T10:00:45.264014,prediction,0.013589,0.718000,-0.138853,True,0.052366,0.613205,-0.115727,0.038777,0.104795,0.023126,6.36,20,-0.103446,0.866751,0.289584,0.019634,0.030976,0.193291,0.002609,0.164051,0.016137,0.091140,-0.777700,0.030129,-0.105920,0.047488,-0.029184
1779678045312754008,2026-05-25T10:00:45.312779,prediction,0.014359,0.708000,-0.145466,True,0.056642,0.597205,-0.120384,0.042283,0.110795,0.025082,4.52,20,-0.104466,0.862789,0.288690,0.017889,0.032283,0.185870,0.002609,0.153584,0.013517,0.097300,-0.750820,0.028220,-0.104032,0.049984,-0.031904
1779678045350602864,2026-05-25T10:00:45.350629,prediction,0.015129,0.698000,-0.152112,True,0.060342,0.581205,-0.126064,0.045213,0.116795,0.026047,5.39,20,-0.104466,0.862789,0.288690,0.016138,0.034034,0.180205,0.005670,0.145295,0.013517,0.109060,-0.764120,0.026477,-0.103520,0.050592,-0.030624
1779678045397193646,2026-05-25T10:00:45.397219,prediction,0.009584,0.733000,-0.138983,True,0.052348,0.597205,-0.115709,0.042764,0.135795,0.023274,9.19,20,-0.105967,0.857361,0.286987,0.016138,0.037523,0.172785,0.002609,0.140056,0.013517,0.103460,-0.743260,0.028552,-0.104128,0.044704,-0.030784
1779678045441843714,2026-05-25T10:00:45.441881,prediction,0.004964,0.757000,-0.129981,True,0.049798,0.613205,-0.103480,0.044834,0.143795,0.026501,7.90,20,-0.107138,0.852258,0.285820,0.017889,0.037523,0.161439,0.002609,0.126970,0.013517,0.092960,-0.751380,0.027556,-0.102304,0.046080,-0.033568
1779678045490457087,2026-05-25T10:00:45.490476,prediction,0.004300,0.766000,-0.123806,True,0.055529,0.614996,-0.094990,0.051229,0.151004,0.028816,8.35,20,-0.107138,0.852258,0.285820,0.017889,0.035778,0.148784,0.003051,0.110391,0.016137,0.100940,-0.744240,0.029299,-0.103808,0.044192,-0.034240
1779678045532757168,2026-05-25T10:00:45.532781,prediction,0.005333,0.752000,-0.129034,True,0.057176,0.613831,-0.097322,0.051843,0.138169,0.031712,8.24,20,-0.107892,0.847062,0.285205,0.019634,0.034034,0.133951,0.002609,0.099914,0.016137,0.091700,-0.733460,0.032536,-0.102752,0.040704,-0.033120
1779678045577269449,2026-05-25T10:00:45.577296,prediction,0.005333,0.752000,-0.129034,True,0.049538,0.629299,-0.098644,0.044205,0.122701,0.030390,8.20,20,-0.109018,0.840224,0.285469,0.019634,0.032720,0.122605,0.002609,0.089005,0.018756,0.080780,-0.731780,0.043741,-0.101568,0.043520,-0.034080
1779678045617211902,2026-05-25T10:00:45.617237,prediction,0.007103,0.728000,-0.137997,True,0.048914,0.629931,-0.102605,0.041812,0.098069,0.035392,8.55,20,-0.109018,0.840224,0.285469,0.017889,0.030976,0.113445,0.002609,0.083766,0.019198,0.097300,-0.715680,0.042164,-0.101472,0.043648,-0.035456
1779678045656776237,2026-05-25T10:00:45.656801,prediction,0.009961,0.728000,-0.137997,True,0.051076,0.621916,-0.105962,0.041115,0.106084,0.032035,8.05,20,-0.110301,0.832958,0.285987,0.017889,0.030976,0.113445,0.002609,0.083766,0.019198,0.097300,-0.715680,0.042164,-0.101472,0.043648,-0.035456
1779678045690101644,2026-05-25T10:00:45.690127,prediction,0.005996,0.743000,-0.135232,True,0.048522,0.629788,-0.106857,0.042525,0.113211,0.028376,4.64,20,-0.110301,0.832958,0.285987,0.017889,0.030976,0.113445,0.002609,0.083766,0.019198,0.097300,-0.715680,0.042164,-0.101472,0.043648,-0.035456
1779678045734994674,2026-05-25T10:00:45.735016,prediction,0.006734,0.733000,-0.141837,True,0.050829,0.630439,-0.110847,0.044095,0.102561,0.030990,5.09,20,-0.111339,0.826855,0.286419,0.019634,0.029231,0.107772,0.002609,0.078096,0.018756,0.101360,-0.696500,0.044903,-0.100288,0.040704,-0.033728
1779678045782096796,2026-05-25T10:00:45.782127,prediction,0.010714,0.718000,-0.147488,True,0.054844,0.615169,-0.116882,0.044130,0.102831,0.030606,8.89,20,-0.112366,0.821001,0.286677,0.016576,0.017889,0.067191,0.000000,0.051040,0.016137,0.092680,-0.707980,0.058515,-0.098848,0.034624,-0.032352
1779678045824096156,2026-05-25T10:00:45.824120,prediction,0.012222,0.698000,-0.155023,True,0.060678,0.599169,-0.123940,0.048456,0.098831,0.031083,7.79,20,-0.112366,0.821001,0.286677,0.016576,0.017889,0.067191,0.000000,0.051040,0.016137,0.092680,-0.707980,0.058515,-0.098848,0.034624,-0.032352
1779678045865854753,2026-05-25T10:00:45.865884,prediction,0.010338,0.723000,-0.145604,True,0.050512,0.615169,-0.120712,0.040174,0.107831,0.024892,7.85,20,-0.113161,0.816691,0.286730,0.016576,0.017889,0.067191,0.000000,0.051040,0.016137,0.092680,-0.707980,0.058515,-0.098848,0.034624,-0.032352
1779678045907907517,2026-05-25T10:00:45.907932,prediction,0.009961,0.728000,-0.143721,True,0.055958,0.617567,-0.115709,0.045997,0.110433,0.028012,8.67,20,-0.114076,0.812968,0.285789,0.016576,0.017889,0.067191,0.000000,0.051040,0.016137,0.092680,-0.707980,0.058515,-0.098848,0.034624,-0.032352
1779678045959411341,2026-05-25T10:00:45.959436,prediction,0.009584,0.733000,-0.141837,True,0.061404,0.604974,-0.113487,0.051821,0.128026,0.028350,5.87,20,-0.113977,0.813373,0.285892,0.011342,0.013087,0.081593,0.002609,0.067188,0.010898,0.100660,-0.730940,0.042496,-0.097344,0.039904,-0.032672
1779678046002180949,2026-05-25T10:00:46.002210,prediction,0.009584,0.733000,-0.141837,True,0.061702,0.602822,-0.114013,0.052118,0.130178,0.027824,8.10,20,-0.113977,0.813373,0.285892,0.013087,0.016576,0.085519,0.000000,0.069807,0.007847,0.099400,-0.741160,0.041666,-0.098560,0.042368,-0.031168
1779678046039282798,2026-05-25T10:00:46.039313,prediction,0.009584,0.733000,-0.141837,True,0.060546,0.606149,-0.112309,0.050963,0.126851,0.029528,8.42,20,-0.114689,0.811189,0.286049,0.013087,0.016576,0.085519,0.000000,0.069807,0.007847,0.099400,-0.741160,0.041666,-0.098560,0.042368,-0.031168
1779678046082643407,2026-05-25T10:00:46.082668,prediction,0.005333,0.752000,-0.131857,True,0.050967,0.622149,-0.102046,0.045634,0.129851,0.029810,5.31,20,-0.114689,0.811189,0.286049,0.013087,0.016576,0.085519,0.000000,0.069807,0.007847,0.099400,-0.741160,0.041666,-0.098560,0.042368,-0.031168
1779678046132548306,2026-05-25T10:00:46.132567,prediction,0.005702,0.747000,-0.133732,True,0.055844,0.622558,-0.099363,0.050143,0.124442,0.034369,8.89,20,-0.115329,0.811054,0.287056,0.013087,0.016576,0.085519,0.000000,0.069807,0.007847,0.099400,-0.741160,0.041666,-0.098560,0.042368,-0.031168
1779678046174700025,2026-05-25T10:00:46.174724,prediction,0.004595,0.762000,-0.130912,True,0.054118,0.630179,-0.100592,0.049522,0.131821,0.030320,7.51,20,-0.114920,0.812600,0.287105,0.014394,0.047558,0.167550,0.002609,0.118238,0.013517,0.088620,-0.763140,0.007304,-0.099296,0.048096,-0.033408
1779678046216053223,2026-05-25T10:00:46.216077,prediction,0.006365,0.738000,-0.137108,True,0.054685,0.634232,-0.103899,0.048320,0.103768,0.033209,4.93,20,-0.114920,0.812600,0.287105,0.014831,0.053667,0.180205,0.002609,0.129589,0.010898,0.086100,-0.764120,-0.008300,-0.099136,0.044928,-0.032224
1779678046257354693,2026-05-25T10:00:46.257372,prediction,0.005702,0.747000,-0.133732,True,0.042955,0.650232,-0.105251,0.037253,0.096768,0.028481,7.08,20,-0.115568,0.814161,0.286467,0.013087,0.061958,0.193291,0.002609,0.129147,0.010467,0.092680,-0.755440,-0.002656,-0.099360,0.052160,-0.033344
1779678046305297173,2026-05-25T10:00:46.305321,prediction,0.001793,0.762000,-0.122493,True,0.034945,0.666232,-0.094886,0.033151,0.095768,0.027607,6.12,20,-0.114432,0.815116,0.286084,0.012649,0.068498,0.204198,0.002609,0.131766,0.008289,0.079940,-0.761040,-0.008632,-0.100192,0.054112,-0.032352
1779678046346097922,2026-05-25T10:00:46.346116,prediction,-0.000226,0.790000,-0.114843,True,0.034147,0.682232,-0.087632,0.034372,0.107768,0.027211,5.06,20,-0.114432,0.815116,0.286084,0.013087,0.078534,0.211618,0.002609,0.132208,0.008289,0.095060,-0.757540,0.009130,-0.097728,0.046656,-0.034560
1779678046386645541,2026-05-25T10:00:46.386668,prediction,-0.000226,0.790000,-0.114843,True,0.037139,0.698232,-0.086107,0.037365,0.091768,0.028736,6.29,20,-0.113246,0.817135,0.287660,0.011342,0.081592,0.215983,0.003051,0.131766,0.007847,0.094500,-0.754180,0.003486,-0.099840,0.050944,-0.033408
1779678046430906054,2026-05-25T10:00:46.430931,prediction,0.007775,0.757000,-0.121538,True,0.047305,0.682232,-0.088539,0.039531,0.074768,0.032999,5.46,20,-0.112423,0.819811,0.289574,0.013087,0.094679,0.226890,0.002609,0.132208,0.007847,0.108500,-0.764960,-0.002075,-0.099456,0.049984,-0.035584
1779678046472966307,2026-05-25T10:00:46.472988,prediction,0.007775,0.757000,-0.118724,True,0.039967,0.680612,-0.089974,0.032192,0.076388,0.028749,8.00,20,-0.112423,0.819811,0.289574,0.011342,0.098174,0.226890,0.000000,0.132208,0.008289,0.093800,-0.766220,-0.012948,-0.099072,0.043968,-0.036512
1779678046516310835,2026-05-25T10:00:46.516353,prediction,0.008151,0.752000,-0.120566,True,0.040856,0.692453,-0.090788,0.032705,0.059547,0.029779,7.50,20,-0.111146,0.824360,0.292291,0.013087,0.099919,0.226890,0.002609,0.129147,0.010898,0.088340,-0.766500,-0.004482,-0.096960,0.046144,-0.034688
1779678046565865893,2026-05-25T10:00:46.565904,prediction,0.008151,0.752000,-0.117744,True,0.042908,0.692864,-0.090527,0.034757,0.059136,0.027217,7.89,20,-0.110164,0.828720,0.294644,0.011780,0.091628,0.211618,0.003051,0.116061,0.007847,0.105280,-0.728140,-0.001577,-0.096128,0.045088,-0.034688
1779678046602135480,2026-05-25T10:00:46.602161,prediction,0.013204,0.723000,-0.125513,True,0.052778,0.676864,-0.095267,0.039574,0.046136,0.030245,7.62,20,-0.110164,0.828720,0.294644,0.011342,0.085081,0.196785,0.002609,0.107772,0.008289,0.096600,-0.698040,0.014276,-0.097568,0.046144,-0.032576
1779678046641744899,2026-05-25T10:00:46.641765,prediction,0.009584,0.733000,-0.121860,True,0.046836,0.661884,-0.098321,0.037252,0.071116,0.023540,8.04,20,-0.109091,0.834990,0.296937,0.009598,0.071556,0.169290,0.002609,0.096863,0.007847,0.084280,-0.690900,0.020833,-0.097024,0.038688,-0.032064
1779678046677912530,2026-05-25T10:00:46.677951,prediction,0.013974,0.713000,-0.129165,True,0.052488,0.651621,-0.103381,0.038514,0.061379,0.025784,4.67,20,-0.109091,0.834990,0.296937,0.010029,0.060645,0.144858,0.002609,0.083335,0.008289,0.070280,-0.670180,0.029465,-0.098240,0.042688,-0.032896
1779678046719863023,2026-05-25T10:00:46.719884,prediction,0.010338,0.723000,-0.122643,True,0.049055,0.650239,-0.102359,0.038718,0.072761,0.020284,6.60,20,-0.107853,0.842294,0.298818,0.008285,0.047120,0.119118,0.002609,0.070249,0.005228,0.077420,-0.680120,0.029631,-0.096576,0.043520,-0.030336
1779678046777960152,2026-05-25T10:00:46.777979,prediction,0.011845,0.703000,-0.127011,True,0.053893,0.634359,-0.104373,0.042047,0.068641,0.022638,7.56,20,-0.107028,0.848539,0.299925,0.008285,0.035778,0.091192,0.003051,0.056721,0.005228,0.082740,-0.677880,0.044737,-0.097568,0.038080,-0.030176
1779678046817183562,2026-05-25T10:00:46.817201,prediction,0.012599,0.693000,-0.121872,True,0.054762,0.618359,-0.103476,0.042163,0.074641,0.018396,8.05,20,-0.107028,0.848539,0.299925,0.008285,0.026174,0.063265,0.000000,0.043193,0.005228,0.090440,-0.677600,0.053203,-0.096576,0.035456,-0.029504
1779678046859064024,2026-05-25T10:00:46.859081,prediction,0.012222,0.698000,-0.111353,True,0.051277,0.613688,-0.095030,0.039055,0.084312,0.016323,7.61,20,-0.106584,0.854443,0.300067,0.006540,0.020940,0.048432,0.002609,0.029665,0.008289,0.092960,-0.674520,0.056108,-0.094720,0.035584,-0.030560
1779678046901159914,2026-05-25T10:00:46.901179,prediction,0.012599,0.693000,-0.098516,True,0.049428,0.609139,-0.079030,0.036829,0.083861,0.019486,8.98,20,-0.106201,0.858166,0.300509,0.006540,0.016576,0.031852,0.000000,0.018756,0.005228,0.097860,-0.675360,0.057270,-0.095072,0.033504,-0.031520
1779678046942172668,2026-05-25T10:00:46.942197,prediction,0.014182,0.672000,-0.096875,True,0.050403,0.593139,-0.072656,0.036221,0.078861,0.024219,7.55,20,-0.106201,0.858166,0.300509,0.006540,0.009598,0.013086,0.000000,0.005228,0.005228,0.099120,-0.674520,0.074866,-0.094016,0.035136,-0.031616
1779678046983676895,2026-05-25T10:00:46.983696,prediction,0.014182,0.672000,-0.088013,True,0.045896,0.580813,-0.066150,0.031713,0.091187,0.021863,8.44,20,-0.106360,0.859905,0.301815,0.006540,0.003489,0.000000,0.000000,0.000000,0.005228,0.091420,-0.664300,0.117279,-0.094336,0.017152,-0.031456
1779678047030679231,2026-05-25T10:00:47.030705,prediction,0.015011,0.661000,-0.091687,True,0.047755,0.564813,-0.065257,0.032744,0.096187,0.026430,8.30,20,-0.106902,0.859474,0.303405,0.003051,0.003051,0.018320,0.000000,0.013086,0.005670,0.094780,-0.462700,0.256553,-0.092064,-0.041856,-0.030016
1779678047072412432,2026-05-25T10:00:47.072440,prediction,0.014559,0.667000,-0.083759,True,0.045808,0.555738,-0.056551,0.031249,0.111262,0.027208,10.33,20,-0.106902,0.859474,0.303405,0.000000,0.013087,0.035339,0.000000,0.021807,0.002609,0.078400,-0.389900,0.254976,-0.089824,-0.040192,-0.027616
1779678047112091662,2026-05-25T10:00:47.112108,prediction,0.015011,0.661000,-0.082771,True,0.047457,0.543267,-0.053149,0.032446,0.117733,0.029623,7.78,20,-0.107594,0.856816,0.305200,0.001744,0.020940,0.050172,0.000000,0.029665,0.002609,-0.040180,-0.385560,0.266181,-0.083552,-0.045024,0.002912
1779678047156313575,2026-05-25T10:00:47.156334,prediction,0.015388,0.656000,-0.081436,True,0.047266,0.537533,-0.053639,0.031878,0.118467,0.027797,4.59,20,-0.107594,0.856816,0.305200,0.007853,0.017889,0.057592,0.000000,0.040573,0.010898,-0.094500,-0.387800,0.281121,-0.070016,-0.041920,0.022432
1779678047199140610,2026-05-25T10:00:47.199171,prediction,0.013223,0.645000,-0.085038,True,0.043921,0.534305,-0.057764,0.030698,0.110695,0.027274,9.16,20,-0.108333,0.851973,0.307185,0.013087,0.016576,0.068938,0.000000,0.051482,0.010898,-0.102900,-0.386820,0.273568,-0.053376,-0.048928,0.028064
1779678047237961936,2026-05-25T10:00:47.237981,prediction,0.012781,0.651000,-0.083073,True,0.044174,0.526854,-0.056089,0.031393,0.124146,0.026985,6.82,20,-0.108961,0.844902,0.309325,0.014831,0.014831,0.083771,0.000000,0.072857,0.016137,-0.095760,-0.402920,0.288674,-0.031840,-0.048384,0.032352
1779678047286798327,2026-05-25T10:00:47.286817,prediction,0.014846,0.623000,-0.083138,True,0.048667,0.510854,-0.052744,0.033822,0.112146,0.030394,4.52,20,-0.108961,0.844902,0.309325,0.016576,0.013087,0.109519,0.002609,0.096863,0.016579,-0.101640,-0.378140,0.301456,-0.005472,-0.051040,0.030624
1779678047332771312,2026-05-25T10:00:47.332793,prediction,0.015214,0.618000,-0.081708,True,0.047350,0.494854,-0.053716,0.032135,0.123146,0.027992,6.61,20,-0.109189,0.835722,0.311651,0.016138,0.018320,0.135698,0.005228,0.118680,0.013086,-0.105000,-0.375340,0.316894,-0.009312,-0.054272,0.030464
1779678047377678415,2026-05-25T10:00:47.377697,prediction,0.014403,0.629000,-0.075154,True,0.044182,0.500067,-0.050203,0.029779,0.128933,0.024951,7.14,20,-0.109227,0.826022,0.314177,0.014831,0.025742,0.161877,0.005228,0.134817,0.010898,-0.099820,-0.376320,0.333743,-0.010240,-0.059552,0.029728
1779678047418071766,2026-05-25T10:00:47.418090,prediction,0.015214,0.618000,-0.072580,True,0.048895,0.487240,-0.044082,0.033681,0.130760,0.028498,4.72,20,-0.109227,0.826022,0.314177,0.014394,0.035778,0.187618,0.005670,0.153584,0.010898,-0.082740,-0.333200,0.339221,-0.006240,-0.054944,0.028288
1779678047479624018,2026-05-25T10:00:47.479643,prediction,0.015214,0.618000,-0.063452,True,0.047514,0.479544,-0.036263,0.032300,0.138456,0.027189,8.30,20,-0.109144,0.816418,0.317016,0.013087,0.050609,0.217291,0.005228,0.167112,0.007847,-0.071820,-0.322700,0.327767,-0.008032,-0.054432,0.028896
1779678047521681184,2026-05-25T10:00:47.521795,prediction,0.015214,0.618000,-0.060409,True,0.049006,0.474926,-0.032540,0.033791,0.143073,0.027869,4.83,20,-0.109003,0.806921,0.320045,0.011342,0.060207,0.226890,0.002609,0.167112,0.005670,-0.069720,-0.330400,0.330672,-0.006752,-0.060672,0.029568
1779678047569826441,2026-05-25T10:00:47.569842,prediction,0.015214,0.618000,-0.054323,True,0.046234,0.478434,-0.027731,0.031020,0.139566,0.026593,5.37,20,-0.108843,0.797382,0.323277,0.008285,0.073738,0.236050,0.000000,0.164492,0.005228,-0.086380,-0.323540,0.322040,-0.006304,-0.059104,0.028736
1779678047622468687,2026-05-25T10:00:47.622486,prediction,0.016468,0.601000,-0.056456,True,0.048713,0.467460,-0.027260,0.032245,0.133540,0.029196,4.46,20,-0.108843,0.797382,0.323277,0.006540,0.078534,0.230377,0.002609,0.153584,0.002609,-0.090720,-0.348040,0.320214,-0.008960,-0.061888,0.030464
1779678047678878032,2026-05-25T10:00:47.678904,prediction,0.016910,0.595000,-0.049041,True,0.048366,0.458476,-0.021537,0.031456,0.136524,0.027505,9.37,20,-0.108673,0.787890,0.326580,0.004796,0.070243,0.201142,0.002609,0.132208,0.002609,-0.086380,-0.375340,0.305523,-0.007424,-0.054560,0.029792
1779678047733408106,2026-05-25T10:00:47.733437,prediction,0.015657,0.612000,-0.040897,True,0.041907,0.474476,-0.015787,0.026251,0.137524,0.025110,9.92,20,-0.108538,0.778505,0.329848,0.001307,0.060207,0.172785,0.002609,0.113000,0.000000,-0.082740,-0.408800,0.295231,-0.006688,-0.054880,0.027904
1779678047783738435,2026-05-25T10:00:47.783766,prediction,0.012781,0.651000,-0.020314,True,0.034686,0.490476,0.000213,0.021905,0.160524,0.020528,9.59,20,-0.108382,0.768891,0.333244,0.000000,0.034465,0.118679,0.000000,0.080716,0.000000,-0.045500,-0.435120,0.261201,-0.008480,-0.050816,0.003520
1779678047834459738,2026-05-25T10:00:47.834486,prediction,0.012781,0.651000,-0.017326,True,0.039361,0.506476,0.010814,0.026580,0.144524,0.028140,6.37,20,-0.108166,0.759691,0.336640,0.003051,0.001744,0.054098,0.000000,0.051040,0.005228,0.066920,-0.470820,0.242277,-0.010240,-0.048640,-0.024672
1779678047882523168,2026-05-25T10:00:47.882550,prediction,0.014034,0.634000,-0.013229,True,0.041286,0.507118,0.015082,0.027252,0.126882,0.028311,5.65,20,-0.108166,0.759691,0.336640,0.006540,0.026174,0.001740,0.000000,0.023995,0.007847,0.081480,-0.760060,0.148404,-0.013696,-0.041184,-0.029280
1779678047925129497,2026-05-25T10:00:47.925159,prediction,0.011022,0.634000,-0.010212,True,0.032703,0.521974,0.018060,0.021681,0.112026,0.028273,5.35,20,-0.107842,0.750558,0.340657,0.008285,0.042318,0.031413,0.000000,0.008289,0.007847,0.084280,-0.790440,0.047808,-0.016768,-0.040864,-0.029568
1779678047974714577,2026-05-25T10:00:47.974743,prediction,0.011022,0.634000,-0.007196,True,0.030470,0.537974,0.023061,0.019448,0.096026,0.030257,5.24,20,-0.107436,0.741459,0.345175,0.008285,0.081592,0.109519,0.000000,0.032715,0.007847,0.092260,-0.796040,-0.017430,-0.031168,0.041984,-0.031904
1779678048018093766,2026-05-25T10:00:48.018121,prediction,0.007235,0.645000,-0.001083,True,0.026963,0.553974,0.027983,0.019728,0.091026,0.029066,4.99,20,-0.107436,0.741459,0.345175,0.006540,0.101225,0.158383,0.002609,0.059340,0.005228,0.098840,-0.823340,-0.008964,-0.042912,0.043808,-0.030848
1779678048061160644,2026-05-25T10:00:48.061206,prediction,0.005685,0.667000,0.011033,True,0.026164,0.569974,0.039042,0.020480,0.097026,0.028009,5.25,20,-0.106776,0.733326,0.350570,0.003489,0.129150,0.215544,0.003051,0.088574,0.000000,0.088620,-0.815920,-0.033947,-0.062464,0.051712,-0.029504
1779678048103543552,2026-05-25T10:00:48.103566,prediction,0.006460,0.656000,0.013934,True,0.028244,0.575807,0.043142,0.021784,0.080193,0.029208,7.50,20,-0.105869,0.725338,0.357018,0.000000,0.143988,0.245649,0.000000,0.102091,0.000000,0.077140,-0.817740,-0.031540,-0.074816,0.053280,-0.023264
1779678048149732458,2026-05-25T10:00:48.149758,prediction,0.006460,0.656000,0.016914,True,0.020384,0.591243,0.042212,0.013924,0.064757,0.025298,9.41,20,-0.105869,0.725338,0.357018,0.001744,0.163184,0.284051,0.000000,0.121300,0.002609,-0.028700,-0.809620,-0.031540,-0.090112,0.053504,0.013312
1779678048203568480,2026-05-25T10:00:48.203610,prediction,0.006460,0.656000,0.022875,True,0.018675,0.599599,0.048534,0.012215,0.056401,0.025659,11.09,20,-0.104637,0.719322,0.364506,0.006540,0.179766,0.310230,0.002609,0.129147,0.008289,-0.078400,-0.801640,-0.020667,-0.091168,0.055776,0.025728
1779678048248934413,2026-05-25T10:00:48.248976,prediction,0.005332,0.672000,0.036056,True,0.014592,0.615599,0.063202,0.009260,0.056401,0.027146,8.34,20,-0.102955,0.715003,0.373315,0.010029,0.186313,0.314156,0.000000,0.134817,0.013517,-0.086100,-0.783300,-0.034777,-0.090400,0.052832,0.026784
1779678048287050699,2026-05-25T10:00:48.287069,prediction,0.003484,0.656000,0.037776,True,0.014564,0.617807,0.065539,0.011081,0.038193,0.027763,6.52,20,-0.102955,0.715003,0.373315,0.013087,0.187619,0.318081,0.002609,0.129589,0.013517,-0.093520,-0.792960,-0.040919,-0.086432,0.053440,0.032000
1779678048330178356,2026-05-25T10:00:48.330217,prediction,0.002382,0.672000,0.044918,True,0.006037,0.631565,0.066662,0.003655,0.040435,0.021744,8.88,20,-0.100953,0.712819,0.382597,0.014831,0.189364,0.317643,0.000000,0.126970,0.013517,-0.083020,-0.789460,-0.033034,-0.086048,0.048320,0.031680
1779678048369876361,2026-05-25T10:00:48.369893,prediction,0.003484,0.656000,0.046717,True,0.008103,0.630608,0.069994,0.004619,0.025392,0.023277,8.86,20,-0.098679,0.712848,0.391972,0.014831,0.194604,0.312408,0.000000,0.118680,0.016137,-0.096040,-0.769300,-0.026311,-0.083200,0.051328,0.032896
1779678048413273350,2026-05-25T10:00:48.413297,prediction,0.003828,0.651000,0.054399,True,0.005431,0.628233,0.078083,0.001603,0.022767,0.023684,5.85,20,-0.098679,0.712848,0.391972,0.016138,0.192853,0.308921,0.000000,0.116061,0.016137,-0.087920,-0.763840,-0.037848,-0.079584,0.045760,0.030400
1779678048486885127,2026-05-25T10:00:48.486903,prediction,0.003139,0.661000,0.062862,True,0.000530,0.640608,0.083550,0.002609,0.020392,0.020688,5.10,20,-0.096297,0.715018,0.400733,0.016138,0.195911,0.301063,0.000000,0.105152,0.016137,-0.088620,-0.756980,-0.026477,-0.072864,0.048160,0.033280
1779678048524700289,2026-05-25T10:00:48.524724,prediction,-0.000232,0.667000,0.067315,True,-0.001566,0.647704,0.085899,0.001334,0.019296,0.018584,4.56,20,-0.093899,0.719257,0.408695,0.016576,0.197655,0.301063,0.000000,0.107772,0.016137,-0.093800,-0.753200,-0.033698,-0.071520,0.047104,0.032960
1779678048566904152,2026-05-25T10:00:48.566923,prediction,0.000843,0.651000,0.069341,True,0.001686,0.634562,0.087472,0.000842,0.016438,0.018130,5.39,20,-0.091521,0.725475,0.415631,0.017889,0.194604,0.297575,0.000000,0.099914,0.016137,-0.081760,-0.764400,-0.031872,-0.061280,0.049536,0.034912
1779678048621884738,2026-05-25T10:00:48.621910,prediction,-0.001420,0.640000,0.072675,True,-0.002195,0.622389,0.090626,0.000775,0.017611,0.017951,4.51,20,-0.091521,0.725475,0.415631,0.016138,0.196348,0.291902,0.000000,0.096863,0.016137,-0.094500,-0.758800,-0.028884,-0.051936,0.047648,0.035744
1779678048670748473,2026-05-25T10:00:48.670773,prediction,-0.005445,0.656000,0.082481,True,-0.013778,0.638389,0.099876,0.008333,0.017611,0.017395,5.10,20,-0.089166,0.733483,0.421298,0.017889,0.199400,0.288415,0.000000,0.089005,0.019198,-0.113400,-0.704200,-0.022576,-0.039904,0.043968,0.033792
1779678048716456879,2026-05-25T10:00:48.716480,prediction,-0.005126,0.651000,0.084284,True,-0.008363,0.644522,0.100861,0.003237,0.006478,0.016577,4.98,20,-0.086792,0.741424,0.426779,0.019634,0.199400,0.282742,0.000000,0.080716,0.021375,-0.097020,-0.757820,-0.006391,-0.029568,0.044256,0.031008
1779678048757657702,2026-05-25T10:00:48.757676,prediction,-0.005445,0.656000,0.088442,True,-0.005486,0.642552,0.102090,0.000041,0.013448,0.013648,4.95,20,-0.086792,0.741424,0.426779,0.019634,0.199400,0.277069,0.000000,0.078096,0.018756,-0.094780,-0.758520,-0.011039,-0.023712,0.040032,0.031616
1779678048797943287,2026-05-25T10:00:48.797984,prediction,-0.007736,0.645000,0.094865,True,-0.006676,0.631519,0.110466,0.001060,0.013481,0.015601,4.84,20,-0.084369,0.749445,0.432249,0.021378,0.207253,0.256563,0.000000,0.054101,0.018756,-0.102200,-0.690900,-0.020335,-0.003008,0.037344,0.032352
1779678048841905113,2026-05-25T10:00:48.841932,prediction,-0.007736,0.645000,0.100862,True,-0.011845,0.631593,0.116275,0.004109,0.013407,0.015414,8.39,20,-0.081875,0.757456,0.437705,0.022685,0.204202,0.250890,0.000000,0.048432,0.021375,-0.109340,-0.730660,-0.027058,0.000960,0.036128,0.032448
1779678048906215689,2026-05-25T10:00:48.906242,prediction,-0.007052,0.634000,0.104413,True,-0.009196,0.625929,0.117980,0.002144,0.008071,0.013567,9.11,20,-0.079337,0.765349,0.443251,0.022685,0.204202,0.250890,0.000000,0.048432,0.021375,-0.109340,-0.730660,-0.027058,0.000960,0.036128,0.032448
1779678048949394047,2026-05-25T10:00:48.949413,prediction,-0.010731,0.645000,0.112855,True,-0.014251,0.630536,0.124881,0.003521,0.014464,0.012025,7.27,20,-0.079337,0.765349,0.443251,0.022685,0.207691,0.246957,0.005228,0.040573,0.021807,-0.105000,-0.716940,-0.002822,0.000352,0.037472,0.033280
1779678048990766392,2026-05-25T10:00:48.990794,prediction,-0.010427,0.640000,0.114767,True,-0.010813,0.623322,0.128683,0.000386,0.016677,0.013916,6.69,20,-0.076679,0.772995,0.449117,0.034465,0.215544,0.157951,0.005228,0.064568,0.029234,-0.131040,-0.726600,0.033532,-0.006752,-0.049216,0.036640
1779678049075289471,2026-05-25T10:00:49.075310,prediction,-0.010427,0.640000,0.120780,True,-0.011595,0.618488,0.135074,0.001167,0.021512,0.014294,9.94,20,-0.073938,0.780473,0.455213,0.041012,0.207691,0.072425,0.008289,0.137436,0.034903,-0.126980,-0.670180,0.066732,-0.008960,-0.059392,0.033856
1779678049129329480,2026-05-25T10:00:49.129363,prediction,-0.010731,0.645000,0.127847,True,-0.013694,0.622219,0.140910,0.002963,0.022781,0.013063,10.97,20,-0.071179,0.787646,0.461559,0.042318,0.194604,0.023993,0.005228,0.175401,0.037523,-0.136080,-0.665140,0.089806,-0.008128,-0.060160,0.033120
1779678049180098564,2026-05-25T10:00:49.180125,prediction,-0.009761,0.629000,0.136573,True,-0.010518,0.611346,0.150597,0.000758,0.017654,0.014023,5.73,20,-0.068342,0.794498,0.468316,0.044069,0.166673,0.042759,0.007847,0.215543,0.037523,-0.120820,-0.622720,0.304195,-0.013312,-0.065632,0.034688
1779678049234538967,2026-05-25T10:00:49.234572,prediction,-0.009094,0.618000,0.137369,True,-0.011102,0.595980,0.150722,0.002008,0.022020,0.013353,10.25,20,-0.065488,0.800853,0.475486,0.045814,0.148784,0.078098,0.008289,0.231691,0.037523,-0.119840,-0.621180,0.311914,-0.011584,-0.065024,0.035840
1779678049274311764,2026-05-25T10:00:49.274343,prediction,-0.009094,0.618000,0.143455,True,-0.013722,0.594276,0.157490,0.004628,0.023724,0.014035,7.01,20,-0.065488,0.800853,0.475486,0.045814,0.119114,0.135698,0.008289,0.247827,0.037954,-0.085120,-0.589540,0.328597,-0.010464,-0.076032,0.036288
1779678049323570787,2026-05-25T10:00:49.323610,prediction,-0.009094,0.618000,0.146498,True,-0.014374,0.593961,0.161596,0.005280,0.024039,0.015098,5.41,20,-0.062653,0.805949,0.483606,0.042318,0.096423,0.165364,0.005228,0.261356,0.037523,-0.117460,-0.564480,0.336482,-0.009248,-0.073472,0.034400
1779678049370636315,2026-05-25T10:00:49.370663,prediction,-0.004997,0.601000,0.146208,True,-0.006892,0.577961,0.162111,0.001895,0.023039,0.015902,5.83,20,-0.059826,0.810103,0.492186,0.039267,0.039267,0.232124,0.008289,0.274884,0.032284,-0.100380,-0.533120,0.354078,-0.007424,-0.073536,0.034080
1779678049415679596,2026-05-25T10:00:49.415716,prediction,-0.004997,0.601000,0.152350,True,-0.008744,0.569315,0.167326,0.003747,0.031685,0.014977,5.86,20,-0.059826,0.810103,0.492186,0.036209,0.009598,0.260050,0.007847,0.272264,0.029665,-0.103180,-0.492800,0.364868,-0.008128,-0.074240,0.033792
1779678049459536634,2026-05-25T10:00:49.459564,prediction,-0.001164,0.589000,0.153127,True,-0.003637,0.561310,0.167890,0.002473,0.027690,0.014762,6.53,20,-0.057333,0.812245,0.501716,0.036209,0.000000,0.273144,0.005670,0.274884,0.029665,-0.101920,-0.470540,0.364702,-0.007136,-0.073984,0.035008
1779678049498987304,2026-05-25T10:00:49.499015,prediction,-0.000844,0.584000,0.158369,True,-0.003077,0.553886,0.172957,0.002233,0.030114,0.014588,5.36,20,-0.055238,0.812937,0.511439,0.034465,0.022685,0.297575,0.005228,0.272264,0.029665,-0.100380,-0.254800,0.350426,-0.005184,-0.077152,0.034400
1779678049543154891,2026-05-25T10:00:49.543172,prediction,-0.003939,0.584000,0.161468,True,-0.005113,0.547744,0.175607,0.001174,0.036256,0.014139,6.21,20,-0.055238,0.812937,0.511439,0.032720,0.045814,0.310661,0.005228,0.263975,0.026614,-0.091700,-0.243880,0.362295,-0.008576,-0.075968,0.033792
1779678049587895330,2026-05-25T10:00:49.587925,prediction,-0.008063,0.601000,0.167703,True,-0.009751,0.559869,0.182607,0.001687,0.041131,0.014904,7.03,20,-0.053651,0.811477,0.521080,0.032720,0.052354,0.319829,0.005670,0.269214,0.027045,-0.102900,-0.259140,0.366445,-0.008800,-0.070240,0.034016
1779678049639442990,2026-05-25T10:00:49.639465,prediction,-0.003565,0.578000,0.175893,True,0.002115,0.543869,0.192292,0.005681,0.034131,0.016399,7.33,20,-0.052594,0.807905,0.530288,0.032720,0.055412,0.323754,0.005228,0.269214,0.027045,-0.110320,-0.239540,0.347023,-0.007200,-0.071296,0.032064
1779678049696247864,2026-05-25T10:00:49.696291,prediction,-0.004250,0.589000,0.184031,True,-0.004445,0.546781,0.197935,0.000195,0.042219,0.013904,5.78,20,-0.052146,0.802757,0.538826,0.030976,0.057156,0.321576,0.002609,0.267025,0.026614,-0.126140,-0.256060,0.369682,-0.008032,-0.068640,0.034080
1779678049742377566,2026-05-25T10:00:49.742404,prediction,-0.002444,0.560000,0.194657,True,-0.000114,0.530781,0.210504,0.002330,0.029219,0.015848,4.62,20,-0.052146,0.802757,0.538826,0.034034,0.058901,0.325502,0.002609,0.266594,0.029665,-0.098840,-0.282940,0.357315,-0.009920,-0.074592,0.033792
1779678049788737751,2026-05-25T10:00:49.788755,prediction,-0.002444,0.560000,0.197795,True,-0.005148,0.522720,0.212350,0.002703,0.037280,0.014556,4.94,20,-0.052351,0.796477,0.546593,0.034465,0.057156,0.327249,0.005670,0.269645,0.032284,-0.118300,-0.273000,0.371757,-0.011872,-0.076096,0.034176
1779678049839861369,2026-05-25T10:00:49.839880,prediction,-0.001324,0.542000,0.204331,True,-0.000338,0.506720,0.221687,0.000986,0.035280,0.017355,7.20,20,-0.052689,0.789841,0.554106,0.035778,0.055412,0.323754,0.005228,0.272264,0.029665,-0.116480,-0.279860,0.370927,-0.011360,-0.070624,0.036352
1779678049885034057,2026-05-25T10:00:49.885054,prediction,-0.001697,0.548000,0.211606,True,-0.004245,0.501950,0.231006,0.002548,0.046050,0.019400,5.01,20,-0.052689,0.789841,0.554106,0.035778,0.055412,0.323754,0.005228,0.272264,0.029665,-0.116480,-0.279860,0.370927,-0.011360,-0.070624,0.036352
1779678049930413322,2026-05-25T10:00:49.930440,prediction,-0.002818,0.566000,0.220681,True,-0.006774,0.517757,0.241168,0.003956,0.048243,0.020487,4.97,20,-0.053243,0.782711,0.561076,0.035778,0.055412,0.323754,0.005228,0.272264,0.029665,-0.116480,-0.279860,0.370927,-0.011360,-0.070624,0.036352
1779678049970147239,2026-05-25T10:00:49.970167,prediction,-0.001324,0.542000,0.220169,True,0.002471,0.501757,0.241176,0.003795,0.040243,0.021007,7.00,20,-0.053764,0.775425,0.567944,0.035778,0.055412,0.323754,0.005228,0.272264,0.029665,-0.116480,-0.279860,0.370927,-0.011360,-0.070624,0.036352
1779678050008283709,2026-05-25T10:00:50.008308,prediction,0.000606,0.511000,0.218687,True,0.004102,0.485757,0.238286,0.003495,0.025243,0.019599,7.00,20,-0.053764,0.775425,0.567944,0.035778,0.055412,0.323754,0.005228,0.272264,0.029665,-0.116480,-0.279860,0.370927,-0.011360,-0.070624,0.036352
1779678050045204051,2026-05-25T10:00:50.045223,prediction,-0.001697,0.548000,0.230552,True,-0.011898,0.501757,0.254286,0.010201,0.046243,0.023734,5.65,20,-0.054538,0.768070,0.574559,0.037523,0.030976,0.312408,0.002609,0.280553,0.034903,-0.116200,-0.318360,0.368686,-0.016320,-0.079264,0.037856
1779678050084982868,2026-05-25T10:00:50.084998,prediction,0.000170,0.518000,0.229358,True,-0.001342,0.500459,0.254183,0.001512,0.017541,0.024825,5.17,20,-0.054538,0.768070,0.574559,0.039267,0.023122,0.306736,0.005228,0.285792,0.034903,-0.104720,-0.334740,0.362959,-0.016480,-0.072800,0.038976
1779678050126469202,2026-05-25T10:00:50.126492,prediction,-0.000203,0.524000,0.233425,True,0.002017,0.492846,0.252477,0.002220,0.031154,0.019051,5.76,20,-0.055157,0.760690,0.581354,0.039267,0.014394,0.299323,0.002609,0.285792,0.037523,-0.123620,-0.352660,0.370678,-0.013824,-0.076416,0.035456
1779678050169966988,2026-05-25T10:00:50.169988,prediction,-0.000577,0.530000,0.237473,True,0.000311,0.495654,0.259374,0.000888,0.034346,0.021901,6.63,20,-0.055753,0.753392,0.588248,0.041012,0.000000,0.277069,0.005228,0.283173,0.034903,-0.108780,-0.495600,0.356485,-0.016096,-0.081440,0.034464
1779678050208966210,2026-05-25T10:00:50.208990,prediction,0.000170,0.518000,0.238979,True,-0.000875,0.487153,0.263147,0.001046,0.030847,0.024169,5.88,20,-0.055753,0.753392,0.588248,0.041012,0.009598,0.267471,0.002609,0.283173,0.034903,-0.109620,-0.612500,0.352335,-0.012864,-0.075520,0.037184
1779678050247418347,2026-05-25T10:00:50.247446,prediction,0.000606,0.511000,0.237998,True,-0.003356,0.479649,0.258918,0.003962,0.031351,0.020920,5.86,20,-0.056279,0.746404,0.595358,0.038829,0.032720,0.245217,0.005228,0.274884,0.037954,-0.110320,-0.698040,0.355074,-0.016384,-0.081824,0.033952
1779678050286729928,2026-05-25T10:00:50.286753,prediction,0.000170,0.518000,0.242186,True,-0.004117,0.478248,0.263449,0.004288,0.039752,0.021263,4.40,20,-0.056279,0.746404,0.595358,0.041012,0.052354,0.222964,0.005670,0.271833,0.037523,-0.100660,-0.684040,0.351090,-0.017600,-0.077376,0.037120
1779678050327540381,2026-05-25T10:00:50.327565,prediction,0.004587,0.499000,0.242793,True,0.003252,0.462248,0.264122,0.001335,0.036752,0.021329,6.35,20,-0.056717,0.739454,0.602629,0.037523,0.071994,0.191543,0.002609,0.261356,0.034903,-0.123060,-0.672700,0.323451,-0.012416,-0.073536,0.035904
1779678050373224214,2026-05-25T10:00:50.373241,prediction,0.004204,0.505000,0.246842,True,-0.002492,0.460747,0.267175,0.006695,0.044253,0.020333,4.33,20,-0.057150,0.732591,0.609776,0.034465,0.098174,0.141371,0.002609,0.239980,0.034903,-0.110320,-0.726600,0.319467,-0.015936,-0.073472,0.034400
1779678050417021972,2026-05-25T10:00:50.417062,prediction,0.004587,0.499000,0.249269,True,-0.000441,0.457477,0.267451,0.005028,0.041523,0.018182,5.98,20,-0.057150,0.732591,0.609776,0.034465,0.122603,0.100352,0.003051,0.221213,0.032284,-0.106260,-0.715680,0.312578,-0.015488,-0.067136,0.031520
1779678050455755843,2026-05-25T10:00:50.455775,prediction,0.004587,0.499000,0.249269,True,0.002148,0.449856,0.265861,0.002439,0.049144,0.016592,6.13,20,-0.057519,0.725478,0.616752,0.030976,0.137441,0.070686,0.002609,0.204635,0.027045,-0.092680,-0.729400,0.288508,-0.016096,-0.072032,0.033728
1779678050494027960,2026-05-25T10:00:50.494055,prediction,0.004970,0.493000,0.248468,True,0.004146,0.442346,0.265825,0.000824,0.050653,0.017357,5.10,20,-0.057882,0.718215,0.623605,0.030976,0.137441,0.070686,0.002609,0.204635,0.027045,-0.092680,-0.729400,0.288508,-0.016096,-0.072032,0.033728
1779678050534752385,2026-05-25T10:00:50.534778,prediction,0.004587,0.499000,0.252507,True,0.001155,0.441965,0.272421,0.003432,0.057035,0.019914,4.87,20,-0.057882,0.718215,0.623605,0.030976,0.137441,0.070686,0.002609,0.204635,0.027045,-0.092680,-0.729400,0.288508,-0.016096,-0.072032,0.033728
1779678050579470206,2026-05-25T10:00:50.579495,prediction,0.004970,0.493000,0.254964,True,0.003703,0.437872,0.272452,0.001267,0.055128,0.017488,6.31,20,-0.058366,0.710625,0.630096,0.030976,0.137441,0.070686,0.002609,0.204635,0.027045,-0.092680,-0.729400,0.288508,-0.016096,-0.072032,0.033728
1779678050617515566,2026-05-25T10:00:50.617539,prediction,0.006248,0.473000,0.252358,True,0.009494,0.421872,0.266611,0.003245,0.051128,0.014253,5.03,20,-0.058366,0.710625,0.630096,0.027925,0.148784,0.046246,0.002609,0.196777,0.024426,-0.114380,-0.725620,0.284109,-0.017152,-0.061888,0.035136
1779678050660245052,2026-05-25T10:00:50.660269,prediction,0.005801,0.480000,0.256540,True,0.003137,0.421553,0.271913,0.002664,0.058447,0.015373,6.09,20,-0.058871,0.702719,0.636204,0.016576,0.194604,0.079846,0.000000,0.113000,0.013517,-0.069720,-0.690060,0.060756,-0.014528,-0.053824,0.032064
1779678050704023442,2026-05-25T10:00:50.704067,prediction,0.004970,0.493000,0.261460,True,0.002436,0.437553,0.279396,0.002535,0.055447,0.017935,7.12,20,-0.059503,0.694586,0.641967,0.011780,0.198962,0.103846,0.000000,0.099914,0.010898,-0.087640,-0.705460,0.064491,-0.016704,-0.051328,0.033184
1779678050746738773,2026-05-25T10:00:50.746766,prediction,0.006632,0.467000,0.261449,True,0.011746,0.421553,0.277806,0.005115,0.045447,0.016358,5.24,20,-0.059503,0.694586,0.641967,0.009598,0.199400,0.111698,0.000000,0.091624,0.010898,-0.089460,-0.705180,0.067479,-0.017664,-0.050656,0.035584
1779678050785024495,2026-05-25T10:00:50.785047,prediction,0.006248,0.473000,0.265482,True,0.007799,0.412883,0.279544,0.001551,0.060117,0.014062,6.07,20,-0.060227,0.685988,0.647139,0.007853,0.204202,0.113445,0.002609,0.086386,0.008289,-0.094500,-0.683480,0.063827,-0.017152,-0.054784,0.036128
1779678050827343050,2026-05-25T10:00:50.827372,prediction,0.006632,0.467000,0.264740,True,0.007200,0.419382,0.280038,0.000568,0.047618,0.015298,4.57,20,-0.060989,0.677278,0.651952,0.008285,0.204202,0.119118,0.002609,0.083766,0.008289,-0.101640,-0.662760,0.059013,-0.017664,-0.049152,0.035904
1779678050866031689,2026-05-25T10:00:50.866062,prediction,0.007462,0.454000,0.273068,True,0.009023,0.410574,0.291483,0.001561,0.043426,0.018415,6.73,20,-0.060989,0.677278,0.651952,0.008285,0.202457,0.120858,0.002609,0.080716,0.005228,-0.087080,-0.693700,0.063827,-0.019104,-0.054880,0.035136
1779678050906539539,2026-05-25T10:00:50.906565,prediction,0.007910,0.447000,0.272236,True,0.010402,0.399606,0.288260,0.002492,0.047394,0.016023,6.09,20,-0.061879,0.668324,0.656248,0.008285,0.204202,0.119118,0.000000,0.089005,0.007847,-0.090720,-0.658980,0.061254,-0.017824,-0.049216,0.035520
1779678050944072106,2026-05-25T10:00:50.944098,prediction,0.008740,0.434000,0.274037,True,0.011213,0.383606,0.289488,0.002473,0.050394,0.015450,4.28,20,-0.061879,0.668324,0.656248,0.006540,0.202457,0.115185,0.000000,0.089005,0.008289,-0.094780,-0.650020,0.065404,-0.016992,-0.049824,0.036288
1779678050984942150,2026-05-25T10:00:50.984967,prediction,0.009188,0.427000,0.273217,True,0.007580,0.373708,0.288516,0.001607,0.053292,0.015299,6.30,20,-0.062932,0.659250,0.660257,0.008285,0.201144,0.109519,0.000000,0.088574,0.007847,-0.086800,-0.672980,0.065736,-0.016480,-0.055168,0.035584
1779678051036544785,2026-05-25T10:00:51.036563,prediction,0.009188,0.427000,0.276574,True,0.007823,0.372041,0.294940,0.001365,0.054959,0.018367,4.55,20,-0.064050,0.649817,0.664194,0.008285,0.200706,0.106025,0.000000,0.099914,0.007847,-0.083580,-0.668360,0.076028,-0.017920,-0.050496,0.035456
1779678051080451426,2026-05-25T10:00:51.080470,prediction,0.010082,0.413000,0.274957,True,0.011501,0.356776,0.292433,0.001419,0.056224,0.017476,6.15,20,-0.064050,0.649817,0.664194,0.008285,0.200706,0.106025,0.000000,0.099914,0.007847,-0.083580,-0.668360,0.076028,-0.017920,-0.050496,0.035456
1779678051129085924,2026-05-25T10:00:51.129120,prediction,0.015751,0.378000,0.274351,True,0.020066,0.340776,0.290581,0.004315,0.037224,0.016230,8.55,20,-0.065102,0.640732,0.667676,0.008285,0.200706,0.106025,0.000000,0.099914,0.007847,-0.083580,-0.668360,0.076028,-0.017920,-0.050496,0.035456
1779678051166717142,2026-05-25T10:00:51.166741,prediction,0.015751,0.378000,0.274351,True,0.011306,0.324776,0.291025,0.004445,0.053224,0.016674,7.78,20,-0.066255,0.631445,0.671059,0.010029,0.202457,0.102099,0.000000,0.099914,0.007847,-0.084840,-0.660520,0.069803,-0.018592,-0.053824,0.035296
1779678051201166061,2026-05-25T10:00:51.201192,prediction,0.013916,0.406000,0.277539,True,0.007211,0.340776,0.295211,0.006705,0.065224,0.017672,5.61,20,-0.066255,0.631445,0.671059,0.010029,0.202457,0.102099,0.000000,0.099914,0.007847,-0.084840,-0.660520,0.069803,-0.018592,-0.053824,0.035296
1779678051246079575,2026-05-25T10:00:51.246118,prediction,0.015292,0.385000,0.278574,True,0.019304,0.335419,0.294832,0.004012,0.049581,0.016258,6.38,20,-0.067322,0.621892,0.674013,0.010029,0.202457,0.102099,0.000000,0.099914,0.007847,-0.084840,-0.660520,0.069803,-0.018592,-0.053824,0.035296
1779678051299386313,2026-05-25T10:00:51.299410,prediction,0.016210,0.371000,0.277002,True,0.022190,0.319419,0.292058,0.005980,0.051581,0.015055,4.84,20,-0.068329,0.612386,0.676854,0.009598,0.201144,0.085519,0.000000,0.116061,0.010898,-0.090160,-0.635180,0.078767,-0.018944,-0.055488,0.038016
1779678051354197643,2026-05-25T10:00:51.354228,prediction,0.016668,0.364000,0.279677,True,0.014971,0.311778,0.297732,0.001697,0.052222,0.018055,6.28,20,-0.068329,0.612386,0.676854,0.013087,0.199400,0.091192,0.000000,0.110822,0.013517,-0.095060,-0.608160,0.081672,-0.018944,-0.053056,0.035072
1779678051392896891,2026-05-25T10:00:51.392933,prediction,0.017127,0.357000,0.282374,True,0.012551,0.313910,0.299740,0.004576,0.043089,0.017365,4.51,20,-0.069513,0.602856,0.679396,0.014831,0.201144,0.098604,0.002609,0.102533,0.013517,-0.091700,-0.643440,0.078103,-0.019712,-0.055936,0.037472
1779678051432493567,2026-05-25T10:00:51.432518,prediction,0.017652,0.349000,0.281503,True,0.019076,0.301588,0.296261,0.001424,0.047412,0.014758,4.57,20,-0.070554,0.593152,0.681851,0.014394,0.204202,0.102099,0.002609,0.102533,0.013517,-0.084280,-0.608440,0.085490,-0.018272,-0.051552,0.038144
1779678051472088338,2026-05-25T10:00:51.472107,prediction,0.018110,0.342000,0.284237,True,0.023403,0.285588,0.300865,0.005293,0.056412,0.016628,5.63,20,-0.070554,0.593152,0.681851,0.013087,0.207691,0.109950,0.000000,0.096863,0.013517,-0.083020,-0.569660,0.078269,-0.017216,-0.053216,0.037792
1779678051513146154,2026-05-25T10:00:51.513163,prediction,0.018110,0.342000,0.284237,True,0.018121,0.276320,0.301697,0.000011,0.065680,0.017460,4.51,20,-0.071593,0.583445,0.683993,0.014831,0.207691,0.115185,0.000000,0.091624,0.013517,-0.090720,-0.620900,0.068973,-0.017984,-0.050656,0.037120
1779678051561663323,2026-05-25T10:00:51.561689,prediction,0.016668,0.364000,0.290057,True,0.013886,0.292320,0.307877,0.002782,0.071679,0.017820,5.47,20,-0.072602,0.573664,0.685898,0.013087,0.212055,0.128278,0.000000,0.083335,0.013517,-0.092680,-0.594860,0.067396,-0.017664,-0.049664,0.036192
1779678051598208691,2026-05-25T10:00:51.598252,prediction,0.019093,0.327000,0.286148,True,0.023658,0.278984,0.302336,0.004564,0.048016,0.016187,4.81,20,-0.072602,0.573664,0.685898,0.013087,0.212493,0.137438,0.000000,0.078096,0.010898,-0.080500,-0.590800,0.064823,-0.016864,-0.045696,0.037184
1779678051639354009,2026-05-25T10:00:51.639382,prediction,0.021131,0.349000,0.288472,True,0.017312,0.282808,0.303521,0.003819,0.066192,0.015048,4.34,20,-0.073460,0.563905,0.687542,0.013087,0.210742,0.141371,0.000000,0.069807,0.010467,-0.068180,-0.598500,0.058349,-0.018656,-0.047104,0.039072
1779678051696787962,2026-05-25T10:00:51.696820,prediction,0.022609,0.327000,0.286148,True,0.022508,0.272484,0.304524,0.000101,0.054516,0.018376,6.18,20,-0.074336,0.553949,0.689141,0.013087,0.210742,0.141371,0.000000,0.069807,0.010467,-0.068180,-0.598500,0.058349,-0.018656,-0.047104,0.039072
1779678051743334766,2026-05-25T10:00:51.743357,prediction,0.021060,0.297000,0.282979,True,0.021609,0.256484,0.298934,0.000549,0.040516,0.015955,6.59,20,-0.074336,0.553949,0.689141,0.013087,0.210742,0.143111,0.002609,0.067629,0.013517,-0.064120,-0.608720,0.060756,-0.017824,-0.046208,0.037248
1779678051783301367,2026-05-25T10:00:51.783319,prediction,0.020535,0.305000,0.283824,True,0.016873,0.252037,0.298065,0.003662,0.052963,0.014241,5.12,20,-0.075296,0.544135,0.690487,0.009598,0.212493,0.163624,0.002609,0.051040,0.008289,-0.085540,-0.593320,0.057602,-0.018432,-0.045824,0.035360
1779678051823318749,2026-05-25T10:00:51.823363,prediction,0.020535,0.305000,0.283824,True,0.021358,0.248738,0.299700,0.000823,0.056262,0.015876,5.82,20,-0.075296,0.544135,0.690487,0.009598,0.217289,0.169290,0.000000,0.048432,0.007847,-0.088900,-0.548660,0.062582,-0.017440,-0.042752,0.033952
1779678051859494270,2026-05-25T10:00:51.859519,prediction,0.020535,0.305000,0.283824,True,0.022005,0.244947,0.299292,0.001470,0.060053,0.015468,4.73,20,-0.076116,0.534221,0.691733,0.009598,0.215544,0.173223,0.000000,0.042751,0.008289,-0.085120,-0.557620,0.055610,-0.016768,-0.045824,0.031744
1779678051902679558,2026-05-25T10:00:51.902702,prediction,0.020535,0.305000,0.287381,True,0.022529,0.237936,0.302520,0.001993,0.067064,0.015140,4.60,20,-0.076992,0.524348,0.692803,0.008285,0.215982,0.174532,0.000000,0.040573,0.007847,-0.083580,-0.561400,0.044737,-0.018592,-0.045760,0.033184
1779678051947132613,2026-05-25T10:00:51.947182,prediction,0.021584,0.289000,0.285717,True,0.025084,0.221936,0.298700,0.003501,0.067065,0.012983,4.89,20,-0.076992,0.524348,0.692803,0.006540,0.217289,0.178458,0.000000,0.040142,0.005228,-0.094500,-0.539980,0.058515,-0.017760,-0.042240,0.033024
1779678051988012888,2026-05-25T10:00:51.988036,prediction,0.020076,0.312000,0.288109,True,0.017506,0.237936,0.300902,0.002570,0.074065,0.012793,4.18,20,-0.077776,0.514395,0.693776,0.008285,0.218602,0.182383,0.000000,0.034903,0.008289,-0.095480,-0.534100,0.069637,-0.016992,-0.041408,0.033632
1779678052033501232,2026-05-25T10:00:52.033522,prediction,0.021060,0.297000,0.286549,True,0.024743,0.237770,0.299496,0.003683,0.059230,0.012947,5.21,20,-0.078485,0.504506,0.694667,0.007853,0.216851,0.184131,0.000000,0.032284,0.007847,-0.089460,-0.527520,0.059179,-0.017824,-0.040416,0.032736
1779678052077820923,2026-05-25T10:00:52.077844,prediction,0.025700,0.281000,0.284885,True,0.031397,0.221770,0.297202,0.005698,0.059230,0.012317,6.06,20,-0.078485,0.504506,0.694667,0.008285,0.220778,0.185870,0.000000,0.032284,0.007847,-0.104720,-0.504560,0.062665,-0.017440,-0.040192,0.035360
1779678052116769999,2026-05-25T10:00:52.116807,prediction,0.024087,0.305000,0.287381,True,0.020339,0.237770,0.300489,0.003748,0.067230,0.013108,5.05,20,-0.079339,0.494588,0.695351,0.010029,0.217289,0.188056,0.000000,0.029665,0.008289,-0.084000,-0.513940,0.054863,-0.018592,-0.042080,0.034240
1779678052155200738,2026-05-25T10:00:52.155224,prediction,0.024625,0.297000,0.286549,True,0.026683,0.244622,0.297948,0.002058,0.052378,0.011399,4.33,20,-0.079339,0.494588,0.695351,0.010029,0.216851,0.187618,0.000000,0.026614,0.010898,-0.078120,-0.528500,0.055610,-0.018144,-0.047200,0.035680
1779678052208514842,2026-05-25T10:00:52.208538,prediction,0.025700,0.281000,0.284885,True,0.033350,0.230747,0.293723,0.007650,0.050253,0.008838,7.25,20,-0.080138,0.484568,0.695837,0.011780,0.217289,0.191543,0.000000,0.026614,0.010898,-0.080780,-0.498680,0.054199,-0.018656,-0.040480,0.033728
1779678052250403038,2026-05-25T10:00:52.250427,prediction,0.024625,0.297000,0.286549,True,0.027751,0.239390,0.296879,0.003126,0.057610,0.010330,5.44,20,-0.081139,0.474685,0.696051,0.009598,0.215544,0.191112,0.000000,0.027045,0.010898,-0.084840,-0.509600,0.044903,-0.018144,-0.040864,0.033792
1779678052295332531,2026-05-25T10:00:52.295355,prediction,0.025700,0.281000,0.284885,True,0.030797,0.231718,0.295580,0.005098,0.049282,0.010695,5.87,20,-0.082220,0.464730,0.696053,0.009598,0.215544,0.191112,0.000000,0.027045,0.010898,-0.084840,-0.509600,0.044903,-0.018144,-0.040864,0.033792
1779678052332448605,2026-05-25T10:00:52.332476,prediction,0.025162,0.289000,0.282134,True,0.027680,0.238815,0.289254,0.002518,0.050185,0.007121,4.56,20,-0.082220,0.464730,0.696053,0.009598,0.215544,0.191112,0.000000,0.027045,0.010898,-0.084840,-0.509600,0.044903,-0.018144,-0.040864,0.033792
1779678052376269708,2026-05-25T10:00:52.376296,prediction,0.029773,0.274000,0.276941,True,0.036614,0.226856,0.283830,0.006841,0.047144,0.006889,6.32,20,-0.083537,0.454921,0.695447,0.009598,0.215544,0.191112,0.000000,0.027045,0.010898,-0.084840,-0.509600,0.044903,-0.018144,-0.040864,0.033792
1779678052415899829,2026-05-25T10:00:52.415922,prediction,0.030323,0.266000,0.272462,True,0.037481,0.213802,0.279597,0.007158,0.052198,0.007136,4.94,20,-0.083537,0.454921,0.695447,0.009598,0.215544,0.191112,0.000000,0.027045,0.010898,-0.084840,-0.509600,0.044903,-0.018144,-0.040864,0.033792
1779678052459027063,2026-05-25T10:00:52.459062,prediction,0.030874,0.258000,0.271590,True,0.035172,0.212673,0.280188,0.004298,0.045327,0.008598,5.07,20,-0.085323,0.446279,0.694053,0.009598,0.215544,0.191112,0.000000,0.027045,0.010898,-0.084840,-0.509600,0.044903,-0.018144,-0.040864,0.033792
1779678052495854402,2026-05-25T10:00:52.495891,prediction,0.030874,0.258000,0.271590,True,0.035816,0.212277,0.278214,0.004943,0.045723,0.006624,6.24,20,-0.087055,0.439329,0.692425,0.009598,0.215544,0.191112,0.000000,0.027045,0.010898,-0.084840,-0.509600,0.044903,-0.018144,-0.040864,0.033792
1779678052535041496,2026-05-25T10:00:52.535066,prediction,0.033939,0.266000,0.272462,True,0.041327,0.215153,0.276513,0.007388,0.050847,0.004052,8.10,20,-0.087055,0.439329,0.692425,0.009598,0.215544,0.191112,0.000000,0.027045,0.010898,-0.084840,-0.509600,0.044903,-0.018144,-0.040864,0.033792
1779678052575840148,2026-05-25T10:00:52.575871,prediction,0.032319,0.289000,0.271384,True,0.038220,0.231153,0.275420,0.005902,0.057847,0.004036,7.10,20,-0.089126,0.433330,0.689851,0.011342,0.215544,0.193291,0.000000,0.024426,0.010898,-0.077420,-0.520380,0.054033,-0.019040,-0.038976,0.034176
1779678052618837870,2026-05-25T10:00:52.618864,prediction,0.035630,0.242000,0.266187,True,0.043905,0.215153,0.270984,0.008275,0.026847,0.004797,4.79,20,-0.089126,0.433330,0.689851,0.019634,0.217289,0.206384,0.000000,0.013517,0.021375,-0.089460,-0.463120,0.046812,-0.018432,-0.041312,0.034688
1779678052657096940,2026-05-25T10:00:52.657175,prediction,0.036194,0.234000,0.265302,True,0.037366,0.201828,0.268169,0.001172,0.032172,0.002867,4.53,20,-0.091613,0.428391,0.686508,0.019634,0.220346,0.204637,0.002609,0.016137,0.021807,-0.114660,-0.446040,0.054033,-0.019264,-0.038912,0.037248
1779678052697905900,2026-05-25T10:00:52.697935,prediction,0.035630,0.242000,0.266187,True,0.033253,0.217181,0.270360,0.002377,0.024819,0.004174,5.62,20,-0.093531,0.424955,0.683427,0.020940,0.218602,0.202458,0.002609,0.013517,0.018756,-0.101920,-0.417760,0.053037,-0.021152,-0.036800,0.037248
1779678052740349988,2026-05-25T10:00:52.740374,prediction,0.039153,0.192000,0.260658,True,0.041179,0.201181,0.265417,0.002026,0.009181,0.004759,8.25,20,-0.093531,0.424955,0.683427,0.022685,0.219033,0.202458,0.000000,0.016137,0.021375,-0.109340,-0.448840,0.042164,-0.018272,-0.037120,0.035296
1779678052777953792,2026-05-25T10:00:52.777989,prediction,0.032882,0.281000,0.266903,True,0.025179,0.217181,0.269191,0.007703,0.063819,0.002288,4.59,20,-0.095024,0.421575,0.679676,0.024429,0.220778,0.204637,0.002609,0.016137,0.021807,-0.111160,-0.421820,0.054863,-0.021984,-0.037120,0.036736
1779678052838298044,2026-05-25T10:00:52.838322,prediction,0.034503,0.258000,0.264322,True,0.041080,0.225930,0.269121,0.006577,0.032070,0.004800,9.25,20,-0.095667,0.418999,0.676695,0.026174,0.220346,0.204637,0.002609,0.016137,0.023995,-0.095760,-0.415380,0.056606,-0.022272,-0.038528,0.037248
1779678052881184003,2026-05-25T10:00:52.881209,prediction,0.035630,0.242000,0.262526,True,0.052586,0.213592,0.266047,0.016956,0.028408,0.003521,6.89,20,-0.095667,0.418999,0.676695,0.024867,0.222091,0.204198,0.002609,0.016137,0.026614,-0.110320,-0.419300,0.053203,-0.018432,-0.037792,0.037344
1779678052916903340,2026-05-25T10:00:52.916922,prediction,0.037956,0.209000,0.255108,True,0.053260,0.198564,0.260658,0.015305,0.010436,0.005550,5.64,20,-0.097225,0.416230,0.673370,0.026174,0.223835,0.206384,0.003051,0.016137,0.027045,-0.100100,-0.411320,0.042994,-0.019712,-0.037184,0.037472
1779678052957990991,2026-05-25T10:00:52.958028,prediction,0.042183,0.149000,0.248277,True,0.053300,0.182564,0.256010,0.011117,0.033564,0.007734,4.97,20,-0.097225,0.416230,0.673370,0.026174,0.227324,0.209871,0.002609,0.016137,0.027045,-0.098560,-0.414120,0.043326,-0.017920,-0.038240,0.035680
1779678052999261036,2026-05-25T10:00:52.999290,prediction,0.036758,0.226000,0.253357,True,0.037300,0.198564,0.258817,0.000542,0.027436,0.005459,4.82,20,-0.098967,0.414437,0.670607,0.024429,0.236491,0.226890,0.000000,0.010898,0.023995,-0.099120,-0.423360,0.029133,-0.017984,-0.037184,0.034464
1779678053035694490,2026-05-25T10:00:53.035718,prediction,0.034797,0.201000,0.250470,True,0.046398,0.198997,0.257489,0.011601,0.002003,0.007019,6.48,20,-0.100691,0.411131,0.667339,0.024429,0.247833,0.237797,0.003051,0.005228,0.024426,-0.069720,-0.416640,0.026726,-0.020928,-0.037472,0.033792
1779678053076190890,2026-05-25T10:00:53.076215,prediction,0.031424,0.250000,0.252482,True,0.043673,0.207140,0.255929,0.012248,0.042860,0.003448,5.76,20,-0.100691,0.411131,0.667339,0.019634,0.257869,0.256563,0.000000,0.002609,0.018756,-0.081760,-0.412580,0.018426,-0.019200,-0.031904,0.033184
1779678053113557102,2026-05-25T10:00:53.113596,prediction,0.032526,0.234000,0.250608,True,0.047400,0.202070,0.257169,0.014874,0.031930,0.006562,6.66,20,-0.101907,0.407619,0.664129,0.016138,0.263102,0.266162,0.002609,0.002609,0.016137,-0.096320,-0.392420,0.033947,-0.018144,0.001568,0.030240
1779678053158411516,2026-05-25T10:00:53.158433,prediction,0.034797,0.201000,0.246742,True,0.046411,0.186070,0.253662,0.011614,0.014930,0.006920,5.28,20,-0.103008,0.405490,0.661722,0.011780,0.261358,0.275322,0.000000,0.018756,0.008289,-0.086100,-0.372820,0.043741,-0.021760,0.045984,0.031744
1779678053207338761,2026-05-25T10:00:53.207360,prediction,0.040165,0.123000,0.233748,True,0.046993,0.170070,0.242444,0.006829,0.047070,0.008696,9.64,20,-0.103008,0.405490,0.661722,0.000000,0.243469,0.269649,0.000000,0.032284,0.000000,-0.065100,-0.314020,0.037516,-0.025888,0.043520,0.025504
1779678053256209493,2026-05-25T10:00:53.256226,prediction,0.034246,0.209000,0.240249,True,0.030993,0.186070,0.245300,0.003253,0.022930,0.005051,8.26,20,-0.103847,0.403356,0.658481,0.006540,0.215544,0.258303,0.000000,0.040142,0.005228,0.077140,-0.292600,0.056108,-0.031232,0.046304,-0.022272
1779678053293696161,2026-05-25T10:00:53.293739,prediction,0.038375,0.149000,0.233023,True,0.039585,0.170196,0.239871,0.001210,0.021196,0.006848,5.11,20,-0.103171,0.401323,0.656344,0.022685,0.178022,0.232563,0.000000,0.053659,0.021807,0.099400,-0.245420,0.051128,-0.046208,0.046816,-0.028960
1779678053342605238,2026-05-25T10:00:53.342633,prediction,0.036314,0.123000,0.229892,True,0.049871,0.154196,0.233660,0.013558,0.031196,0.003768,8.78,20,-0.103171,0.401323,0.656344,0.032720,0.137004,0.208124,0.000000,0.064568,0.032284,0.127960,-0.252000,0.048721,-0.069408,0.050144,-0.032000
1779678053379370851,2026-05-25T10:00:53.379396,prediction,0.028857,0.234000,0.239587,True,0.033871,0.170196,0.239009,0.005014,0.063804,0.000577,7.34,20,-0.103868,0.397794,0.653310,0.038829,0.113006,0.193729,0.000000,0.075477,0.035335,0.117740,-0.222180,0.050381,-0.088448,0.051424,-0.035968
1779678053416690555,2026-05-25T10:00:53.416718,prediction,0.029999,0.217000,0.233810,True,0.046251,0.178499,0.235870,0.016252,0.038501,0.002061,4.28,20,-0.103868,0.397794,0.653310,0.042318,0.083336,0.172785,0.005228,0.086386,0.040573,0.107800,-0.215740,0.069471,-0.113312,0.051040,-0.034912
1779678053462935966,2026-05-25T10:00:53.462960,prediction,0.031679,0.192000,0.226974,True,0.055367,0.176590,0.226492,0.023689,0.015410,0.000482,6.50,20,-0.104667,0.393482,0.649830,0.042318,0.068498,0.163624,0.007847,0.094244,0.043193,0.113120,-0.233660,0.075198,-0.104576,0.049536,-0.029728
1779678053499856340,2026-05-25T10:00:53.499882,prediction,0.030536,0.209000,0.225391,True,0.053883,0.161747,0.223951,0.023347,0.047253,0.001439,4.75,20,-0.105717,0.389962,0.646597,0.037523,0.054105,0.150531,0.005228,0.099914,0.037954,0.104440,-0.224420,0.077024,-0.109824,0.048928,-0.032352
1779678053537654190,2026-05-25T10:00:53.537683,prediction,0.033358,0.167000,0.216273,True,0.055399,0.145747,0.217810,0.022041,0.021253,0.001537,4.73,20,-0.105717,0.389962,0.646597,0.034034,0.042318,0.143111,0.002609,0.099914,0.032284,0.109060,-0.221340,0.082087,-0.107584,0.045696,-0.033856
1779678053588824195,2026-05-25T10:00:53.588854,prediction,0.027782,0.250000,0.223303,True,0.039399,0.161747,0.217554,0.011617,0.088253,0.005749,5.24,20,-0.106231,0.385588,0.642345,0.030976,0.037960,0.135698,0.002609,0.099482,0.032284,0.098140,-0.240240,0.067977,-0.109760,0.049216,-0.032672
1779678053632835033,2026-05-25T10:00:53.632875,prediction,0.033963,0.158000,0.211316,True,0.032007,0.177747,0.212486,0.001955,0.019747,0.001170,8.07,20,-0.105950,0.381852,0.638757,0.032720,0.030976,0.128278,0.005228,0.096863,0.032284,0.115500,-0.221340,0.071380,-0.108928,0.046144,-0.034624
1779678053672511175,2026-05-25T10:00:53.672535,prediction,0.032821,0.175000,0.209761,True,0.018098,0.190378,0.206148,0.014723,0.015378,0.003613,7.92,20,-0.105950,0.381852,0.638757,0.037523,0.029231,0.124791,0.002609,0.094244,0.034903,0.105000,-0.213500,0.079431,-0.109760,0.048768,-0.032960
1779678053716213588,2026-05-25T10:00:53.716238,prediction,0.028857,0.234000,0.213871,True,0.004046,0.206378,0.208728,0.024811,0.027622,0.005143,6.21,20,-0.104651,0.377976,0.633912,0.039267,0.029231,0.126531,0.005670,0.096863,0.037523,0.096040,-0.224420,0.067396,-0.106144,0.042816,-0.030848
1779678053755586928,2026-05-25T10:00:53.755611,prediction,0.032216,0.184000,0.207192,True,0.010520,0.218816,0.204145,0.021696,0.034816,0.003047,4.37,20,-0.104651,0.377976,0.633912,0.039267,0.029231,0.128278,0.002609,0.094244,0.037523,0.108780,-0.230580,0.074285,-0.110880,0.046816,-0.036128
1779678053804937218,2026-05-25T10:00:53.804962,prediction,0.034797,0.201000,0.205735,True,0.010200,0.219532,0.197451,0.024596,0.018532,0.008284,4.60,20,-0.102399,0.375410,0.629644,0.039267,0.032720,0.124791,0.002609,0.094244,0.037523,0.103460,-0.228340,0.071712,-0.107360,0.041024,-0.034688
1779678053858093701,2026-05-25T10:00:53.858117,prediction,0.040784,0.114000,0.193971,True,0.018222,0.203532,0.191671,0.022562,0.089532,0.002300,9.11,20,-0.098961,0.374359,0.624366,0.036209,0.032720,0.122605,0.003051,0.094244,0.034903,0.081480,-0.209440,0.054697,-0.106528,0.044928,-0.034560
1779678053897383879,2026-05-25T10:00:53.897413,prediction,0.034797,0.201000,0.202007,True,0.002222,0.219532,0.192070,0.032575,0.018532,0.009937,8.25,20,-0.095926,0.374775,0.619575,0.036209,0.032720,0.122605,0.003051,0.094244,0.034903,0.081480,-0.209440,0.054697,-0.106528,0.044928,-0.034560
1779678053969585366,2026-05-25T10:00:53.969613,prediction,0.038836,0.196500,0.201391,True,0.018222,0.224199,0.189532,0.020614,0.027699,0.011860,8.02,20,-0.093453,0.376104,0.615321,0.036209,0.032720,0.122605,0.003051,0.094244,0.034903,0.081480,-0.209440,0.054697,-0.106528,0.044928,-0.034560
1779678054013487834,2026-05-25T10:00:54.013512,prediction,0.039153,0.192000,0.197033,True,0.034222,0.208199,0.185632,0.004931,0.016199,0.011401,8.64,20,-0.093453,0.376104,0.615321,0.030976,0.032720,0.122605,0.000000,0.091624,0.032284,0.087360,-0.221340,0.066234,-0.108416,0.048480,-0.035520
1779678054056817337,2026-05-25T10:00:54.056841,prediction,0.042183,0.149000,0.191077,True,0.050222,0.192199,0.182466,0.008039,0.043199,0.008611,8.38,20,-0.091245,0.379476,0.610328,0.000000,0.037523,0.122605,0.000000,0.083335,0.000000,0.088900,-0.229040,0.077024,-0.101472,0.045152,-0.026336
1779678054097030305,2026-05-25T10:00:54.097054,prediction,0.045283,0.105000,0.184983,True,0.062242,0.179735,0.177610,0.016958,0.074735,0.007373,9.26,20,-0.090662,0.382755,0.605679,0.000000,0.042318,0.130025,0.000000,0.089005,0.000000,0.032760,-0.233940,0.068973,-0.100192,0.042752,-0.010528
1779678054142267409,2026-05-25T10:00:54.142292,prediction,0.041232,0.162500,0.189156,True,0.059904,0.195735,0.174175,0.018672,0.033235,0.014981,8.44,20,-0.090662,0.382755,0.605679,0.000000,0.049303,0.140933,0.000000,0.091624,0.002609,-0.013020,-0.217560,0.070384,-0.098080,0.046752,0.010080
1779678054188453449,2026-05-25T10:00:54.188480,prediction,0.042183,0.149000,0.183451,True,0.075180,0.179735,0.173357,0.032997,0.030735,0.010093,9.75,20,-0.091398,0.385912,0.599906,0.000000,0.052354,0.148784,0.000000,0.099914,0.000000,0.018200,-0.224000,0.052954,-0.096576,0.044480,0.012192
1779678054235744936,2026-05-25T10:00:54.235772,prediction,0.039153,0.192000,0.189548,True,0.072557,0.185215,0.179906,0.033403,0.006785,0.009642,10.04,20,-0.092564,0.388052,0.594842,0.003489,0.055412,0.159691,0.000000,0.105152,0.000000,0.101640,-0.228760,0.049219,-0.100064,0.047936,-0.014368
1779678054279145628,2026-05-25T10:00:54.279166,prediction,0.039717,0.184000,0.184658,True,0.073852,0.175190,0.179413,0.034135,0.008810,0.005245,8.92,20,-0.092564,0.388052,0.594842,0.001744,0.055412,0.161877,0.000000,0.104710,0.000000,0.093520,-0.214760,0.055361,-0.101472,0.047936,-0.023840
1779678054322399274,2026-05-25T10:00:54.322427,prediction,0.042747,0.141000,0.174663,True,0.072195,0.159190,0.169952,0.029448,0.018190,0.004712,6.80,20,-0.094999,0.390317,0.589858,0.001744,0.055412,0.161877,0.000000,0.104710,0.000000,0.093520,-0.214760,0.055361,-0.101472,0.047936,-0.023840
1779678054367929589,2026-05-25T10:00:54.367955,prediction,0.048515,0.114000,0.170746,True,0.072123,0.143190,0.164063,0.023608,0.029190,0.006683,8.74,20,-0.097822,0.391970,0.585934,0.001744,0.055412,0.161877,0.000000,0.104710,0.000000,0.093520,-0.214760,0.055361,-0.101472,0.047936,-0.023840
1779678054412040167,2026-05-25T10:00:54.412061,prediction,0.044693,0.167000,0.174652,True,0.061162,0.156747,0.169856,0.016469,0.010253,0.004796,8.53,20,-0.097822,0.391970,0.585934,0.001744,0.055412,0.161877,0.000000,0.107772,0.000000,0.087080,-0.218120,0.053037,-0.102016,0.048096,-0.028064
1779678054476939820,2026-05-25T10:00:54.476963,prediction,0.045342,0.158000,0.173331,True,0.062330,0.157279,0.171482,0.016988,0.000721,0.001850,7.88,20,-0.102268,0.392153,0.581841,0.083336,0.035778,0.172785,0.008289,0.134817,0.083335,-0.160860,-0.169540,0.049053,-0.011040,0.054272,0.042080
1779678054521649198,2026-05-25T10:00:54.521675,prediction,0.049136,0.158000,0.169533,True,0.067662,0.141279,0.165355,0.018527,0.016721,0.004178,9.66,20,-0.106972,0.390392,0.578595,0.104283,0.022685,0.171037,0.013517,0.143106,0.099914,-0.149100,-0.164220,0.046646,-0.021280,0.056832,0.044704
1779678054562478553,2026-05-25T10:00:54.562502,prediction,0.060111,0.114000,0.163005,True,0.075550,0.125279,0.159784,0.015439,0.011279,0.003220,8.96,20,-0.111145,0.387767,0.575993,0.114319,0.006540,0.163624,0.010898,0.153584,0.110391,-0.163240,-0.145040,0.076360,-0.021376,0.050208,0.048256
1779678054612622774,2026-05-25T10:00:54.612666,prediction,0.052380,0.114000,0.159134,True,0.065703,0.111600,0.156088,0.013323,0.002400,0.003046,9.01,20,-0.111145,0.387767,0.575993,0.119552,0.013087,0.143111,0.007847,0.161442,0.115619,-0.145040,0.034300,0.077771,-0.019648,0.052704,0.042688
1779678054649891562,2026-05-25T10:00:54.649917,prediction,0.055772,0.068000,0.152234,True,0.070858,0.095600,0.152320,0.015086,0.027600,0.000086,8.57,20,-0.116073,0.383042,0.573121,0.116063,0.035778,0.126531,0.010898,0.164492,0.110822,-0.146300,0.103180,0.082253,-0.020384,0.055840,0.046528
1779678054685808878,2026-05-25T10:00:54.685834,prediction,0.047218,0.184000,0.165879,True,0.056136,0.111600,0.161849,0.008917,0.072400,0.004030,8.51,20,-0.116073,0.383042,0.573121,0.102970,0.060645,0.109519,0.008289,0.164492,0.102091,-0.132860,0.107800,0.082253,-0.020224,0.059680,0.040864
1779678054745389420,2026-05-25T10:00:54.745411,prediction,0.054445,0.086000,0.151017,True,0.055088,0.127600,0.162572,0.000643,0.041600,0.011555,5.12,20,-0.120805,0.376119,0.570097,0.096423,0.068498,0.100352,0.007847,0.167112,0.094244,-0.114660,0.124180,0.089308,-0.018880,0.056832,0.041312
1779678054788118808,2026-05-25T10:00:54.788138,prediction,0.063368,-0.035000,0.128552,True,0.044767,0.122560,0.155395,0.018601,0.157560,0.026844,8.47,20,-0.123948,0.368139,0.567544,0.096423,0.068498,0.100352,0.007847,0.167112,0.094244,-0.114660,0.124180,0.089308,-0.018880,0.056832,0.041312
1779678054839460599,2026-05-25T10:00:54.839480,prediction,0.053708,0.096000,0.144733,True,0.030213,0.138560,0.153691,0.023495,0.042560,0.008958,8.71,20,-0.125447,0.360617,0.565315,0.022685,0.122172,0.066752,0.000000,0.185868,0.021375,-0.070980,0.110600,0.083913,-0.016544,0.057216,0.031456
1779678054885328125,2026-05-25T10:00:54.885349,prediction,0.062262,-0.020000,0.126760,True,0.043564,0.135136,0.147524,0.018698,0.155136,0.020764,8.03,20,-0.125447,0.360617,0.565315,0.003489,0.129150,0.063265,0.002609,0.191107,0.003051,-0.059080,0.112140,0.081506,-0.018048,0.062720,0.028736
1779678054921055577,2026-05-25T10:00:54.921074,prediction,0.060787,-0.000000,0.125801,True,0.059180,0.125098,0.137801,0.001607,0.125098,0.012001,8.69,20,-0.124788,0.352653,0.562851,0.003489,0.129150,0.063265,0.002609,0.191107,0.003051,-0.059080,0.112140,0.081506,-0.018048,0.062720,0.028736
1779678054961688584,2026-05-25T10:00:54.961716,prediction,0.055772,0.068000,0.132502,True,0.062715,0.141098,0.138880,0.006943,0.073098,0.006378,9.22,20,-0.123204,0.345888,0.560032,0.003489,0.129150,0.063265,0.002609,0.191107,0.003051,-0.059080,0.112140,0.081506,-0.018048,0.062720,0.028736
1779678054997968860,2026-05-25T10:00:54.997995,prediction,0.059312,0.020000,0.124907,True,0.066069,0.142908,0.135307,0.006757,0.122908,0.010400,8.75,20,-0.123204,0.345888,0.560032,0.003489,0.129150,0.063265,0.002609,0.191107,0.003051,-0.059080,0.112140,0.081506,-0.018048,0.062720,0.028736
1779678055036243202,2026-05-25T10:00:55.036270,prediction,0.064839,-0.000000,0.121743,True,0.065953,0.129566,0.126505,0.001113,0.129566,0.004762,9.21,20,-0.121711,0.339429,0.556027,0.092934,0.127406,0.063265,0.010898,0.188487,0.086386,0.156800,0.066220,0.074285,-0.097120,0.058880,-0.044640
1779678055090666794,2026-05-25T10:00:55.090687,prediction,0.062999,-0.030000,0.116996,True,0.062603,0.113566,0.120808,0.000396,0.143566,0.003812,5.38,20,-0.121711,0.339429,0.556027,0.109517,0.116063,0.061079,0.010898,0.180198,0.105152,0.174160,0.051660,0.078103,-0.100640,0.053216,-0.043584
1779678055136756607,2026-05-25T10:00:55.136782,prediction,0.049799,0.149000,0.141504,True,0.046603,0.129566,0.135293,0.003196,0.019434,0.006211,8.70,20,-0.120612,0.334498,0.552234,0.138748,0.094679,0.066752,0.010467,0.161442,0.134817,0.178780,0.048860,0.072459,-0.104256,0.052608,-0.044416
1779678055177672960,2026-05-25T10:00:55.177700,prediction,0.051053,0.132000,0.138787,True,0.040928,0.145566,0.141372,0.010124,0.013566,0.002585,6.72,20,-0.119740,0.330307,0.547340,0.148784,0.085081,0.066752,0.013517,0.159254,0.137436,0.178780,0.046060,0.067396,-0.104864,0.050496,-0.048096
1779678055249344008,2026-05-25T10:00:55.249379,prediction,0.049799,0.149000,0.141504,True,0.041223,0.161566,0.141866,0.008576,0.012566,0.000362,5.79,20,-0.118174,0.326957,0.543673,0.158819,0.054105,0.079846,0.013517,0.129147,0.148345,0.168280,-0.013300,0.051128,-0.102400,0.050496,-0.045760
1779678055292568500,2026-05-25T10:00:55.292590,prediction,0.053708,0.096000,0.133032,True,0.041680,0.177566,0.139595,0.012028,0.081566,0.006563,7.55,20,-0.115643,0.325140,0.541317,0.163621,0.027925,0.095117,0.016137,0.126528,0.156203,0.164920,-0.031500,0.046314,-0.101472,0.043264,-0.045472
1779678055329822810,2026-05-25T10:00:55.329840,prediction,0.046568,0.141000,0.140225,True,0.025738,0.193566,0.143522,0.020830,0.052566,0.003297,7.86,20,-0.115643,0.325140,0.541317,0.163184,0.000000,0.111259,0.013517,0.110391,0.153584,0.159600,-0.071260,0.039923,-0.100864,0.044416,-0.046144
1779678055370728263,2026-05-25T10:00:55.370754,prediction,0.047217,0.132000,0.138787,True,0.028207,0.209566,0.140028,0.019010,0.077566,0.001242,7.65,20,-0.112505,0.325421,0.539324,0.157075,0.024429,0.130025,0.013517,0.105152,0.145726,0.163660,-0.269080,0.040255,-0.104192,0.041856,-0.046528
1779678055411498514,2026-05-25T10:00:55.411536,prediction,0.042183,0.149000,0.141504,True,0.034825,0.225566,0.138539,0.007358,0.076566,0.002966,5.96,20,-0.112505,0.325421,0.539324,0.157075,0.024429,0.130025,0.013517,0.105152,0.145726,0.163660,-0.269080,0.040255,-0.104192,0.041856,-0.046528
1779678055451701457,2026-05-25T10:00:55.451748,prediction,0.042183,0.149000,0.141504,True,0.036797,0.222017,0.136241,0.005387,0.073017,0.005263,5.52,20,-0.109463,0.327924,0.537498,0.157075,0.024429,0.130025,0.013517,0.105152,0.145726,0.163660,-0.269080,0.040255,-0.104192,0.041856,-0.046528
1779678055489272660,2026-05-25T10:00:55.489297,prediction,0.042747,0.141000,0.140225,True,0.037294,0.210053,0.134380,0.005453,0.069053,0.005846,4.38,20,-0.109463,0.327924,0.537498,0.155330,0.034465,0.137438,0.013517,0.102533,0.142675,0.145880,-0.285460,0.040255,-0.104192,0.045696,-0.048320
1779678055540967543,2026-05-25T10:00:55.540990,prediction,0.037136,0.167000,0.144382,True,0.026712,0.226053,0.134088,0.010424,0.059053,0.010294,4.09,20,-0.107107,0.332502,0.535967,0.067192,0.119114,0.196785,0.005228,0.083766,0.067629,0.069020,-0.283220,0.015853,-0.102624,0.039744,-0.028512
1779678055590249160,2026-05-25T10:00:55.590276,prediction,0.035967,0.184000,0.150855,True,0.034145,0.222922,0.142227,0.001822,0.038922,0.008628,8.35,20,-0.105582,0.339161,0.534531,0.044069,0.126099,0.202458,0.002609,0.075477,0.042751,0.064680,-0.283220,0.018094,-0.104480,0.040640,-0.030848
1779678055629694064,2026-05-25T10:00:55.629716,prediction,0.034246,0.209000,0.154811,True,0.032862,0.226995,0.147149,0.001384,0.017995,0.007662,8.49,20,-0.104966,0.347762,0.533629,0.008285,0.133952,0.208124,0.000000,0.072426,0.003051,-0.114940,-0.280420,0.026892,-0.097952,0.041856,0.012032
1779678055671827143,2026-05-25T10:00:55.671844,prediction,0.035967,0.184000,0.154611,True,0.034148,0.215158,0.146572,0.001819,0.031158,0.008039,8.25,20,-0.104966,0.347762,0.533629,0.047120,0.132208,0.210310,0.002609,0.078096,0.048432,-0.158340,-0.267820,0.008964,-0.071904,0.039680,0.037920
1779678055713900118,2026-05-25T10:00:55.713938,prediction,0.035416,0.192000,0.159607,True,0.030021,0.209575,0.148579,0.005395,0.017575,0.011028,5.92,20,-0.103291,0.357595,0.533750,0.067192,0.130895,0.209871,0.000000,0.080716,0.067629,-0.128520,-0.240240,0.016517,-0.044096,0.044192,0.039296
1779678055768772587,2026-05-25T10:00:55.768795,prediction,0.034246,0.209000,0.165955,True,0.029170,0.225575,0.158746,0.005076,0.016575,0.007209,5.30,20,-0.101132,0.366415,0.534397,0.088139,0.116063,0.211618,0.013517,0.096863,0.080716,-0.143220,-0.222880,0.014442,-0.019200,0.044192,0.044704
1779678055818551845,2026-05-25T10:00:55.818582,prediction,0.033695,0.217000,0.170883,True,0.026892,0.241575,0.166204,0.006803,0.024575,0.004679,5.74,20,-0.101132,0.366415,0.534397,0.089883,0.094679,0.208124,0.010467,0.113442,0.085954,-0.127400,-0.203000,0.027556,-0.020768,0.049312,0.043520
1779678055866374781,2026-05-25T10:00:55.866400,prediction,0.034246,0.209000,0.177099,True,0.026535,0.242110,0.171961,0.007712,0.033110,0.005139,7.72,20,-0.098382,0.375656,0.536548,0.085081,0.066754,0.198964,0.005228,0.134386,0.081158,-0.142800,-0.197120,0.035275,-0.015712,0.050720,0.040416
1779678055918567210,2026-05-25T10:00:55.918606,prediction,0.033076,0.226000,0.183308,True,0.025484,0.233873,0.179924,0.007592,0.007873,0.003384,8.53,20,-0.096176,0.384275,0.538810,0.086388,0.054105,0.189365,0.007847,0.134386,0.083766,-0.138880,-0.183400,0.044239,-0.020160,0.049376,0.041696
1779678055962915679,2026-05-25T10:00:55.962956,prediction,0.033076,0.226000,0.186995,True,0.030774,0.229159,0.187284,0.002302,0.003159,0.000289,5.98,20,-0.094401,0.392324,0.541266,0.094679,0.039267,0.168859,0.007847,0.126528,0.089005,-0.136360,-0.164920,0.043160,-0.017984,0.052832,0.040640
1779678056004870167,2026-05-25T10:00:56.004890,prediction,0.033695,0.217000,0.189391,True,0.026060,0.245159,0.190638,0.007636,0.028159,0.001247,4.92,20,-0.094401,0.392324,0.541266,0.102970,0.024429,0.147037,0.005670,0.118680,0.096863,-0.154280,-0.150920,0.060258,-0.015872,0.048928,0.043264
1779678056055543029,2026-05-25T10:00:56.055562,prediction,0.029394,0.226000,0.194369,True,0.023133,0.255645,0.198819,0.006261,0.029645,0.004450,4.67,20,-0.093089,0.400886,0.545114,0.112568,0.009598,0.115185,0.010898,0.102533,0.107772,-0.149380,-0.133840,0.078601,-0.018272,0.048992,0.041632
1779678056093431965,2026-05-25T10:00:56.093458,prediction,0.027941,0.192000,0.189548,True,0.023626,0.241676,0.198432,0.004315,0.049676,0.008885,4.56,20,-0.092121,0.408402,0.549367,0.122603,0.001744,0.085519,0.010467,0.091624,0.116061,-0.154280,0.035000,0.075696,-0.015648,0.045376,0.043360
1779678056137803186,2026-05-25T10:00:56.137837,prediction,0.025713,0.226000,0.198055,True,0.014245,0.257676,0.206211,0.011468,0.031676,0.008155,5.36,20,-0.092121,0.408402,0.549367,0.122603,0.029231,0.051919,0.010898,0.080716,0.116061,-0.147140,0.111160,0.099268,-0.014528,0.045312,0.040032
1779678056180547967,2026-05-25T10:00:56.180566,prediction,0.025188,0.234000,0.202850,True,0.019866,0.273676,0.212424,0.005322,0.039676,0.009574,5.79,20,-0.090831,0.414890,0.555236,0.116063,0.054105,0.026179,0.010898,0.081158,0.110391,-0.145880,0.143500,0.103501,-0.016032,0.040352,0.044416
1779678056217038181,2026-05-25T10:00:56.217056,prediction,0.025713,0.226000,0.201742,True,0.026487,0.263761,0.212237,0.000774,0.037761,0.010495,5.00,20,-0.090831,0.414890,0.555236,0.094679,0.092934,0.005666,0.007847,0.078096,0.091624,-0.115920,0.150920,0.262612,-0.015872,0.042080,0.037632
1779678056262176838,2026-05-25T10:00:56.262200,prediction,0.025188,0.234000,0.206524,True,0.022859,0.262621,0.216951,0.002330,0.028621,0.010428,5.40,20,-0.089459,0.420651,0.562777,0.065010,0.130895,0.048432,0.007847,0.080716,0.064568,-0.082740,0.166740,0.334822,-0.018592,0.040960,0.037024
1779678056301940886,2026-05-25T10:00:56.301964,prediction,0.025188,0.234000,0.210198,True,0.022036,0.265643,0.222457,0.003153,0.031643,0.012260,6.68,20,-0.088320,0.425476,0.569825,0.037523,0.160133,0.085519,0.002609,0.078096,0.034903,-0.067760,0.182840,0.337229,-0.017376,0.044704,0.027680
1779678056345388223,2026-05-25T10:00:56.345413,prediction,0.026303,0.217000,0.211600,True,0.024258,0.253833,0.223041,0.002045,0.036833,0.011441,5.34,20,-0.088320,0.425476,0.569825,0.014831,0.184568,0.118679,0.002609,0.067188,0.013517,-0.073360,0.188440,0.348019,-0.015264,0.042080,0.027616
1779678056385486334,2026-05-25T10:00:56.385511,prediction,0.023091,0.266000,0.221767,True,0.012479,0.269833,0.234091,0.010612,0.003833,0.012324,4.96,20,-0.087160,0.430175,0.577802,0.006540,0.194604,0.135698,0.000000,0.061949,0.008289,-0.068740,0.172340,0.345280,-0.016256,0.035360,0.026272
1779678056428677564,2026-05-25T10:00:56.428708,prediction,0.025713,0.226000,0.220176,True,0.019238,0.269586,0.235146,0.006474,0.043586,0.014970,4.37,20,-0.085983,0.434375,0.585188,0.003489,0.197655,0.144858,0.000000,0.056721,0.005228,-0.070560,0.154560,0.341794,-0.016704,0.036192,0.027328
1779678056483646239,2026-05-25T10:00:56.483685,prediction,0.024140,0.250000,0.226950,True,0.009865,0.277826,0.238699,0.014275,0.027826,0.011748,8.20,20,-0.085983,0.434375,0.585188,0.003489,0.197655,0.144858,0.000000,0.056721,0.005228,-0.070560,0.154560,0.341794,-0.016704,0.036192,0.027328
1779678056544270894,2026-05-25T10:00:56.544295,prediction,0.023616,0.258000,0.227980,True,0.013598,0.293061,0.240977,0.010018,0.035061,0.012997,7.15,20,-0.084632,0.439166,0.593181,0.000000,0.202457,0.157951,0.000000,0.048432,0.000000,-0.085820,0.130760,0.344948,-0.017920,0.033792,0.027616
1779678056584721062,2026-05-25T10:00:56.584746,prediction,0.023616,0.258000,0.227980,True,0.016952,0.293050,0.241004,0.006664,0.035050,0.013025,4.96,20,-0.083353,0.443488,0.600395,0.026174,0.176708,0.215983,0.002609,0.043193,0.024426,-0.100380,0.065940,0.348351,-0.011744,-0.046976,0.032224
1779678056622679316,2026-05-25T10:00:56.622705,prediction,0.023091,0.266000,0.232630,True,0.015875,0.293725,0.246079,0.007216,0.027725,0.013449,4.79,20,-0.083353,0.443488,0.600395,0.029231,0.161877,0.222964,0.002609,0.061949,0.027045,-0.104160,0.062300,0.333909,-0.011040,-0.050496,0.035136
1779678056667880478,2026-05-25T10:00:56.667905,prediction,0.023091,0.266000,0.232630,True,0.016975,0.288140,0.246846,0.006117,0.022140,0.014216,8.05,20,-0.082258,0.447625,0.606813,0.024429,0.153586,0.230377,0.002609,0.078096,0.023995,-0.093800,0.087080,0.346442,-0.014528,-0.050720,0.033280
1779678056709325859,2026-05-25T10:00:56.709349,prediction,0.015577,0.327000,0.240377,True,0.000975,0.304140,0.251281,0.014603,0.022860,0.010904,4.87,20,-0.081040,0.452771,0.613221,0.018320,0.147039,0.238236,0.000000,0.094675,0.018756,-0.100100,0.061880,0.345612,-0.013696,-0.052384,0.032736
1779678056751734783,2026-05-25T10:00:56.751759,prediction,0.018517,0.281000,0.238131,True,0.007337,0.320140,0.248516,0.011180,0.039140,0.010384,4.96,20,-0.081040,0.452771,0.613221,0.011342,0.135697,0.243470,0.000000,0.110822,0.008289,-0.070980,0.032760,0.341794,-0.014208,-0.052320,0.031456
1779678056787157553,2026-05-25T10:00:56.787177,prediction,0.018517,0.281000,0.238131,True,0.004819,0.325127,0.245129,0.013697,0.044127,0.006998,4.91,20,-0.079289,0.458783,0.619790,0.001744,0.120859,0.245217,0.000000,0.126528,0.000000,-0.070000,0.038360,0.347189,-0.016160,-0.063616,0.030464
1779678056833332551,2026-05-25T10:00:56.833370,prediction,0.015577,0.327000,0.247419,True,-0.011181,0.341127,0.257695,0.026758,0.014127,0.010276,4.56,20,-0.077875,0.464287,0.625024,0.000000,0.096423,0.254816,0.000000,0.158823,0.000000,-0.021000,0.017640,0.366611,-0.018816,-0.060960,0.013760
1779678056875242677,2026-05-25T10:00:56.875261,prediction,0.014925,0.281000,0.241728,True,-0.011433,0.357127,0.254321,0.026358,0.076127,0.012593,4.08,20,-0.077875,0.464287,0.625024,0.000000,0.091628,0.258303,0.000000,0.169731,0.000000,0.000000,-0.005880,0.355240,-0.019712,-0.069696,0.007680
1779678056915179747,2026-05-25T10:00:56.915210,prediction,0.012995,0.312000,0.249109,True,-0.020238,0.373010,0.254804,0.033234,0.061010,0.005696,4.70,20,-0.075361,0.470899,0.630074,0.000000,0.091628,0.258303,0.000000,0.169731,0.000000,0.000000,-0.005880,0.355240,-0.019712,-0.069696,0.007680
1779678056955324953,2026-05-25T10:00:56.955349,prediction,0.012061,0.327000,0.250940,True,-0.017252,0.389010,0.259985,0.029313,0.062010,0.009045,5.21,20,-0.075361,0.470899,0.630074,0.000000,0.091628,0.258303,0.000000,0.169731,0.000000,0.000000,-0.005880,0.355240,-0.019712,-0.069696,0.007680
1779678056998566533,2026-05-25T10:00:56.998610,prediction,0.011128,0.342000,0.252771,True,-0.021496,0.405010,0.260115,0.032623,0.063010,0.007345,4.74,20,-0.072574,0.477279,0.634207,0.000000,0.091628,0.258303,0.000000,0.169731,0.000000,0.000000,-0.005880,0.355240,-0.019712,-0.069696,0.007680
1779678057035451140,2026-05-25T10:00:57.035475,prediction,0.012995,0.312000,0.249109,True,-0.015042,0.392766,0.254042,0.028037,0.080766,0.004934,4.58,20,-0.069022,0.485584,0.638042,0.011342,0.013087,0.269649,0.000000,0.256117,0.008289,-0.076440,-0.044520,0.360220,-0.011200,-0.072256,0.034304
1779678057074517142,2026-05-25T10:00:57.074552,prediction,0.006727,0.357000,0.258074,True,-0.031042,0.408766,0.262920,0.037769,0.051766,0.004847,4.39,20,-0.069022,0.485584,0.638042,0.011342,0.003489,0.269649,0.000000,0.263975,0.013517,-0.081760,-0.050120,0.363706,-0.014080,-0.071424,0.031168
1779678057132979848,2026-05-25T10:00:57.132998,prediction,0.008546,0.327000,0.254461,True,-0.015984,0.402396,0.258913,0.024529,0.075396,0.004452,4.70,20,-0.065731,0.494569,0.640891,0.011342,0.000000,0.267902,0.002609,0.272264,0.013517,-0.095480,-0.108500,0.360718,-0.015360,-0.078528,0.031840
1779678057174378662,2026-05-25T10:00:57.174398,prediction,0.007212,0.349000,0.260595,True,-0.011978,0.406938,0.260217,0.019190,0.057938,0.000378,4.52,20,-0.062709,0.503749,0.643376,0.013087,0.003051,0.267471,0.002609,0.272264,0.010898,-0.101640,-0.201460,0.363872,-0.015040,-0.070752,0.032736
1779678057214215655,2026-05-25T10:00:57.214244,prediction,0.005030,0.327000,0.257981,True,-0.011670,0.396094,0.257491,0.016699,0.069095,0.000490,5.75,20,-0.062709,0.503749,0.643376,0.014831,0.004796,0.265723,0.000000,0.274884,0.013517,-0.097020,-0.213220,0.364868,-0.014880,-0.069696,0.028832
1779678057259176082,2026-05-25T10:00:57.259194,prediction,0.000654,0.342000,0.263260,True,-0.020789,0.395792,0.264230,0.021442,0.053792,0.000970,4.61,20,-0.060091,0.513189,0.645375,0.014831,0.003051,0.263976,0.003051,0.263975,0.013086,-0.094500,-0.205520,0.352335,-0.014656,-0.074080,0.030400
1779678057306492484,2026-05-25T10:00:57.306511,prediction,-0.002002,0.327000,0.265023,True,-0.018705,0.387718,0.266649,0.016702,0.060719,0.001626,7.52,20,-0.057419,0.522653,0.647256,0.014394,0.000000,0.256563,0.000000,0.256117,0.013517,-0.102900,-0.083300,0.361465,-0.014080,-0.076096,0.031008
1779678057343756482,2026-05-25T10:00:57.343781,prediction,-0.006707,0.349000,0.267564,True,-0.025275,0.394691,0.267281,0.018568,0.045691,0.000283,7.73,20,-0.057419,0.522653,0.647256,0.014831,0.004796,0.254816,0.002609,0.253508,0.010467,-0.105000,-0.051380,0.365532,-0.016704,-0.068416,0.033024
1779678057384444325,2026-05-25T10:00:57.384469,prediction,-0.007897,0.371000,0.273554,True,-0.026615,0.410691,0.274233,0.018719,0.039691,0.000679,8.46,20,-0.054687,0.532098,0.649020,0.014831,0.019634,0.254816,0.000000,0.231691,0.013517,-0.085120,-0.016100,0.350758,-0.015712,-0.071968,0.033280
1779678057425760797,2026-05-25T10:00:57.425786,prediction,-0.008275,0.378000,0.277788,True,-0.021346,0.402144,0.280848,0.013071,0.024144,0.003060,8.08,20,-0.051890,0.541541,0.650861,0.014831,0.027925,0.254377,0.000000,0.226452,0.013517,-0.083300,-0.010220,0.367939,-0.017088,-0.071584,0.033024
1779678057468405524,2026-05-25T10:00:57.468434,prediction,-0.012441,0.392000,0.279359,True,-0.026465,0.406486,0.281144,0.014024,0.014486,0.001785,10.22,20,-0.051890,0.541541,0.650861,0.014831,0.032720,0.254816,0.002609,0.223401,0.013517,-0.085540,-0.002380,0.371259,-0.017536,-0.066304,0.032576
1779678057507260856,2026-05-25T10:00:57.507288,prediction,-0.010974,0.364000,0.276217,True,-0.022780,0.390486,0.277943,0.011806,0.026486,0.001726,8.77,20,-0.049203,0.550930,0.653083,0.014831,0.032720,0.254816,0.002609,0.223401,0.013517,-0.085540,-0.002380,0.371259,-0.017536,-0.066304,0.032576
1779678057544743612,2026-05-25T10:00:57.544789,prediction,-0.010974,0.364000,0.279677,True,-0.025551,0.382582,0.283273,0.014577,0.018582,0.003596,7.48,20,-0.049203,0.550930,0.653083,0.014831,0.032720,0.254816,0.002609,0.223401,0.013517,-0.085540,-0.002380,0.371259,-0.017536,-0.066304,0.032576
1779678057578022878,2026-05-25T10:00:57.578053,prediction,-0.011707,0.378000,0.284662,True,-0.024713,0.398582,0.291447,0.013005,0.020582,0.006785,4.55,20,-0.046816,0.560296,0.655641,0.014831,0.032720,0.254816,0.002609,0.223401,0.013517,-0.085540,-0.002380,0.371259,-0.017536,-0.066304,0.032576
1779678057619231068,2026-05-25T10:00:57.619257,prediction,-0.012074,0.385000,0.285425,True,-0.020423,0.402443,0.290041,0.008349,0.017443,0.004617,5.03,20,-0.046816,0.560296,0.655641,0.014831,0.037523,0.254377,0.000000,0.218594,0.013517,-0.087640,-0.014140,0.365947,-0.016544,-0.069696,0.033184
1779678057660669774,2026-05-25T10:00:57.660695,prediction,-0.012808,0.399000,0.286950,True,-0.017961,0.406587,0.289991,0.005153,0.007587,0.003041,6.97,20,-0.044658,0.569436,0.658939,0.034465,0.080279,0.249143,0.002609,0.169731,0.032284,-0.121520,0.037800,0.357149,-0.015424,-0.065856,0.035072
1779678057695557343,2026-05-25T10:00:57.695593,prediction,-0.013909,0.420000,0.289237,True,-0.021734,0.422587,0.296577,0.007825,0.002587,0.007340,5.02,20,-0.042595,0.578448,0.662876,0.040574,0.099481,0.252630,0.002609,0.150964,0.040573,-0.133560,0.030380,0.361133,-0.015104,-0.059680,0.036128
1779678057734563577,2026-05-25T10:00:57.734595,prediction,-0.014276,0.427000,0.293356,True,-0.021774,0.438587,0.302239,0.007498,0.011587,0.008882,5.45,20,-0.042595,0.578448,0.662876,0.045814,0.107772,0.253069,0.005228,0.145726,0.045812,-0.120260,0.050120,0.381385,-0.014976,-0.052768,0.033568
1779678057774940593,2026-05-25T10:00:57.774965,prediction,-0.014276,0.427000,0.293356,True,-0.019440,0.439841,0.299409,0.005165,0.012841,0.006053,5.78,20,-0.041193,0.585963,0.668086,0.050609,0.126099,0.258303,0.005670,0.134386,0.048863,-0.119840,0.039620,0.377069,-0.015808,-0.057824,0.038528
1779678057812789129,2026-05-25T10:00:57.812825,prediction,-0.013909,0.420000,0.295973,True,-0.016667,0.432066,0.302030,0.002758,0.012067,0.006057,5.09,20,-0.041193,0.585963,0.668086,0.050609,0.133952,0.260050,0.005670,0.129147,0.048432,-0.108080,0.035840,0.380721,-0.018208,-0.055840,0.037696
1779678057849154578,2026-05-25T10:00:57.849195,prediction,-0.017627,0.427000,0.296713,True,-0.028970,0.447698,0.303904,0.011342,0.020698,0.007191,6.86,20,-0.040007,0.592066,0.673974,0.047558,0.145295,0.262229,0.002609,0.116061,0.045812,-0.103460,0.047320,0.370927,-0.013536,-0.057120,0.038752
1779678057892535716,2026-05-25T10:00:57.892559,prediction,-0.018287,0.440000,0.298086,True,-0.024947,0.463698,0.305084,0.006660,0.023698,0.006998,4.57,20,-0.039041,0.596936,0.678994,0.040574,0.163184,0.261798,0.005670,0.102533,0.037954,-0.094780,0.057540,0.383460,-0.019104,-0.050816,0.033856
1779678057950874539,2026-05-25T10:00:57.950924,prediction,-0.018643,0.447000,0.302150,True,-0.020282,0.470154,0.309656,0.001639,0.023154,0.007507,5.32,20,-0.039041,0.596936,0.678994,0.030976,0.174533,0.263976,0.000000,0.091624,0.032284,-0.099400,0.016100,0.376571,-0.014080,-0.049536,0.034176
1779678057995439406,2026-05-25T10:00:57.995469,prediction,-0.023239,0.473000,0.304854,True,-0.028604,0.486154,0.311441,0.005365,0.013154,0.006588,8.17,20,-0.038468,0.602441,0.684027,0.026174,0.178022,0.263976,0.003051,0.086386,0.027045,-0.093520,0.006160,0.365864,-0.015488,-0.049440,0.032512
1779678058033205880,2026-05-25T10:00:58.033244,prediction,-0.022945,0.467000,0.304230,True,-0.023473,0.489191,0.309698,0.000528,0.022191,0.005468,8.58,20,-0.038169,0.607653,0.688001,0.024429,0.178022,0.262229,0.002609,0.083335,0.024426,-0.103180,0.047320,0.372255,-0.016160,-0.050432,0.031456
1779678058072023874,2026-05-25T10:00:58.072041,prediction,-0.023239,0.473000,0.304854,True,-0.026759,0.497539,0.309209,0.003520,0.024540,0.004355,8.39,20,-0.038169,0.607653,0.688001,0.022685,0.181073,0.262229,0.000000,0.080716,0.021375,-0.087640,0.012600,0.384290,-0.013984,-0.049152,0.031904
1779678058109831907,2026-05-25T10:00:58.109856,prediction,-0.025898,0.460000,0.303502,True,-0.029271,0.494589,0.308102,0.003372,0.034589,0.004600,7.73,20,-0.037990,0.614643,0.691455,0.023122,0.182817,0.262229,0.002609,0.081158,0.018756,-0.075600,-0.027580,0.373168,-0.015872,-0.053664,0.034688
1779678058161311687,2026-05-25T10:00:58.161347,prediction,-0.029517,0.467000,0.304230,True,-0.039109,0.500661,0.309316,0.009592,0.033661,0.005086,8.43,20,-0.037722,0.621291,0.694301,0.020940,0.181511,0.267902,0.002609,0.089005,0.021807,-0.097020,0.013860,0.373085,-0.014880,-0.049664,0.034784
1779678058208780831,2026-05-25T10:00:58.208812,prediction,-0.029517,0.467000,0.304230,True,-0.034852,0.502301,0.308754,0.005335,0.035301,0.004525,10.05,20,-0.037722,0.621291,0.694301,0.019634,0.179766,0.273575,0.000000,0.094244,0.018756,-0.096320,-0.005460,0.381385,-0.013312,-0.051104,0.032896
1779678058254448774,2026-05-25T10:00:58.254479,prediction,-0.030113,0.480000,0.305582,True,-0.037293,0.511628,0.309809,0.007180,0.031628,0.004227,7.82,20,-0.036947,0.629790,0.696809,0.016576,0.179766,0.278809,0.002609,0.102091,0.016137,-0.096600,-0.025340,0.395993,-0.015104,-0.051648,0.028896
1779678058305501625,2026-05-25T10:00:58.305525,prediction,-0.033953,0.493000,0.306934,True,-0.042934,0.522193,0.310996,0.008981,0.029193,0.004063,8.01,20,-0.036025,0.637839,0.698841,0.013087,0.173219,0.289724,0.000000,0.113442,0.013517,-0.095060,-0.024080,0.382962,-0.017824,-0.059168,0.030720
1779678058345455372,2026-05-25T10:00:58.345481,prediction,-0.036345,0.473000,0.304854,True,-0.041247,0.506193,0.308447,0.004902,0.033193,0.003594,6.57,20,-0.036025,0.637839,0.698841,0.009598,0.168424,0.297575,0.002609,0.123908,0.007847,-0.091140,-0.006160,0.386365,-0.017600,-0.054880,0.031840
1779678058384895788,2026-05-25T10:00:58.384933,prediction,-0.036643,0.480000,0.308851,True,-0.049138,0.510716,0.312635,0.012495,0.030716,0.003784,9.29,20,-0.034412,0.647322,0.700721,0.008285,0.166673,0.301063,0.002609,0.132208,0.007847,-0.087360,-0.023800,0.397404,-0.017152,-0.057344,0.032288
1779678058421639131,2026-05-25T10:00:58.421664,prediction,-0.040440,0.493000,0.310182,True,-0.053854,0.526716,0.312903,0.013414,0.033716,0.002721,7.60,20,-0.034412,0.647322,0.700721,0.006540,0.158388,0.302810,0.000000,0.145295,0.005670,-0.078120,-0.086100,0.381883,-0.018272,-0.059456,0.028896
1779678058464091995,2026-05-25T10:00:58.464147,prediction,-0.040440,0.493000,0.310182,True,-0.049951,0.526906,0.311401,0.009511,0.033907,0.001219,8.04,20,-0.032108,0.657007,0.702322,0.001744,0.140492,0.304557,0.000000,0.164492,0.002609,-0.077700,-0.071820,0.386033,-0.020928,-0.060832,0.029888
1779678058497126409,2026-05-25T10:00:58.497150,prediction,-0.043684,0.493000,0.310182,True,-0.053504,0.520625,0.311611,0.009820,0.027625,0.001429,4.80,20,-0.029571,0.666187,0.703721,0.000000,0.129150,0.303248,0.000000,0.169731,0.000000,-0.082460,-0.060760,0.391677,-0.020480,-0.068576,0.029184
1779678058542236655,2026-05-25T10:00:58.542264,prediction,-0.045373,0.536000,0.314583,True,-0.065629,0.536625,0.318689,0.020256,0.000625,0.004105,4.79,20,-0.029571,0.666187,0.703721,0.000000,0.119552,0.297575,0.000000,0.178021,0.000000,-0.066220,-0.100660,0.382215,-0.022560,-0.065792,0.026560
1779678058585651384,2026-05-25T10:00:58.585677,prediction,-0.047868,0.518000,0.312741,True,-0.061777,0.552625,0.314657,0.013908,0.034625,0.001917,9.32,20,-0.026518,0.675619,0.705003,0.000000,0.119552,0.297575,0.000000,0.178021,0.000000,-0.066220,-0.100660,0.382215,-0.022560,-0.065792,0.026560
1779678058628473374,2026-05-25T10:00:58.628496,prediction,-0.047153,0.499000,0.310796,True,-0.061311,0.541457,0.309897,0.014158,0.042457,0.000899,7.63,20,-0.023266,0.684311,0.706076,0.000000,0.119552,0.297575,0.000000,0.178021,0.000000,-0.066220,-0.100660,0.382215,-0.022560,-0.065792,0.026560
1779678058664639895,2026-05-25T10:00:58.664668,prediction,-0.051287,0.524000,0.313355,True,-0.077311,0.557457,0.315438,0.026024,0.033457,0.002083,7.85,20,-0.023266,0.684311,0.706076,0.000000,0.119552,0.297575,0.000000,0.178021,0.000000,-0.066220,-0.100660,0.382215,-0.022560,-0.065792,0.026560
1779678058703884218,2026-05-25T10:00:58.703905,prediction,-0.050819,0.511000,0.312024,True,-0.069456,0.564581,0.312998,0.018637,0.053581,0.000974,8.86,20,-0.019132,0.693187,0.706792,0.013087,0.082899,0.254377,0.000000,0.172782,0.013517,0.093240,-0.088340,0.379144,-0.047360,-0.057664,-0.029344
1779678058743256793,2026-05-25T10:00:58.743284,prediction,-0.051719,0.536000,0.314583,True,-0.071335,0.580581,0.313820,0.019616,0.044582,0.000763,9.04,20,-0.019132,0.693187,0.706792,0.014831,0.084643,0.250890,0.000000,0.167112,0.013517,0.094500,-0.078960,0.390847,-0.053152,-0.057504,-0.028224
1779678058790256615,2026-05-25T10:00:58.790281,prediction,-0.054892,0.536000,0.314583,True,-0.069929,0.575417,0.315143,0.015037,0.039417,0.000560,8.61,20,-0.014425,0.701951,0.707431,0.019634,0.096423,0.250890,0.002609,0.150964,0.021807,0.090160,-0.067480,0.384124,-0.078432,-0.061792,-0.033344
1779678058827922046,2026-05-25T10:00:58.827968,prediction,-0.054480,0.524000,0.313355,True,-0.071500,0.559417,0.313904,0.017020,0.035417,0.000549,8.12,20,-0.010292,0.709915,0.708020,0.020940,0.104714,0.251322,0.000000,0.150964,0.021375,0.095060,-0.066640,0.375741,-0.086048,-0.056224,-0.032576
1779678058879191924,2026-05-25T10:00:58.879216,prediction,-0.054686,0.530000,0.313969,True,-0.079224,0.570731,0.314126,0.024538,0.040731,0.000156,8.22,20,-0.010292,0.709915,0.708020,0.024429,0.120859,0.258303,0.002609,0.134817,0.026614,0.103180,-0.071820,0.380389,-0.104960,-0.058784,-0.029184
1779678058917214783,2026-05-25T10:00:58.917242,prediction,-0.054892,0.536000,0.314583,True,-0.074773,0.576197,0.314459,0.019881,0.040198,0.000124,8.57,20,-0.005901,0.718355,0.708618,0.024429,0.124354,0.258303,0.002609,0.132208,0.027045,0.112840,-0.056000,0.398068,-0.104128,-0.057952,-0.028896
1779678058960621942,2026-05-25T10:00:58.960638,prediction,-0.055511,0.554000,0.316426,True,-0.074493,0.585703,0.315667,0.018982,0.031703,0.000759,9.03,20,-0.002049,0.725762,0.709113,0.024429,0.142243,0.265723,0.002609,0.126528,0.024426,0.098840,-0.058800,0.390681,-0.103904,-0.054432,-0.032352
1779678059003325564,2026-05-25T10:00:59.003350,prediction,-0.055923,0.566000,0.317654,True,-0.068081,0.586154,0.318110,0.012158,0.020154,0.000456,4.78,20,-0.002049,0.725762,0.709113,0.019634,0.155330,0.274883,0.002609,0.118680,0.021375,0.084840,-0.052080,0.389436,-0.100736,-0.060160,-0.032000
1779678059048343627,2026-05-25T10:00:59.048375,prediction,-0.054892,0.536000,0.314583,True,-0.062584,0.570154,0.313826,0.007692,0.034154,0.000757,8.12,20,0.001598,0.733585,0.709726,0.016138,0.164928,0.282742,0.002609,0.118238,0.016137,0.077700,-0.047320,0.398566,-0.104352,-0.054560,-0.031744
1779678059087237989,2026-05-25T10:00:59.087263,prediction,-0.055305,0.548000,0.315812,True,-0.077571,0.579432,0.313864,0.022267,0.031432,0.001947,5.75,20,0.001598,0.733585,0.709726,0.009598,0.174964,0.291902,0.000000,0.118238,0.010898,0.075320,-0.067200,0.398898,-0.103296,-0.053056,-0.032064
1779678059126763370,2026-05-25T10:00:59.126781,prediction,-0.054892,0.536000,0.314583,True,-0.067655,0.573308,0.313423,0.012762,0.037308,0.001161,6.46,20,0.004629,0.741971,0.710198,0.003051,0.179766,0.297137,0.000000,0.113442,0.003051,0.073080,-0.056980,0.381551,-0.102400,-0.054656,-0.031008
1779678059200583286,2026-05-25T10:00:59.200612,prediction,-0.059047,0.566000,0.317654,True,-0.073515,0.589308,0.317559,0.014468,0.023308,0.000095,8.64,20,0.007068,0.749089,0.710553,0.001744,0.186313,0.297575,0.000000,0.113000,0.002609,-0.039340,-0.067200,0.385203,-0.097344,-0.053760,-0.008640
1779678059265908328,2026-05-25T10:00:59.265938,prediction,-0.058458,0.548000,0.318969,True,-0.062518,0.573308,0.318400,0.004061,0.025308,0.000570,8.34,20,0.008795,0.755190,0.710728,0.014831,0.191108,0.299323,0.000000,0.110391,0.016137,-0.101640,-0.091420,0.402550,-0.084768,-0.050432,0.027456
1779678059313012756,2026-05-25T10:00:59.313038,prediction,-0.058851,0.560000,0.320178,True,-0.069597,0.569712,0.317836,0.010747,0.009712,0.002342,8.76,20,0.009690,0.760215,0.710933,0.024429,0.188057,0.295397,0.000000,0.107772,0.024426,-0.113120,-0.085540,0.398566,-0.063008,-0.056768,0.031744
1779678059366666057,2026-05-25T10:00:59.366704,prediction,-0.058851,0.560000,0.320178,True,-0.067755,0.574620,0.318496,0.008904,0.014620,0.001682,9.74,20,0.010357,0.764156,0.711414,0.034034,0.185875,0.287977,0.002609,0.105152,0.032284,-0.097300,-0.115220,0.408360,-0.032512,-0.052480,0.035584
1779678059443454354,2026-05-25T10:00:59.443496,prediction,-0.059243,0.572000,0.321387,True,-0.068840,0.582331,0.321700,0.009597,0.010331,0.000313,10.39,20,0.009849,0.767040,0.711771,0.037960,0.186313,0.288415,0.002609,0.102091,0.032284,-0.082460,-0.131040,0.396325,-0.023264,-0.056384,0.036128
1779678059522343392,2026-05-25T10:00:59.522371,prediction,-0.059636,0.584000,0.322595,True,-0.065541,0.585546,0.323898,0.005905,0.001546,0.001303,9.16,20,0.010018,0.768674,0.712551,0.037960,0.186313,0.288415,0.002609,0.102091,0.032284,-0.082460,-0.131040,0.396325,-0.023264,-0.056384,0.036128
1779678059572302827,2026-05-25T10:00:59.572330,prediction,-0.062544,0.578000,0.321991,True,-0.063155,0.573447,0.324313,0.000611,0.004553,0.002322,8.99,20,0.009070,0.770197,0.712948,0.052354,0.174964,0.273575,0.003051,0.094244,0.053659,-0.121800,-0.111160,0.384954,-0.018816,-0.051040,0.037248
1779678059613463606,2026-05-25T10:00:59.613489,prediction,-0.063072,0.595000,0.323703,True,-0.073701,0.589447,0.322885,0.010629,0.005553,0.000819,8.37,20,0.009070,0.770197,0.712948,0.052354,0.173219,0.267471,0.002609,0.094244,0.054101,-0.119000,-0.128940,0.385369,-0.014976,-0.050816,0.034624
1779678059657888649,2026-05-25T10:00:59.657914,prediction,-0.063601,0.612000,0.325415,True,-0.068095,0.605447,0.324657,0.004495,0.006553,0.000759,9.09,20,0.009279,0.772161,0.714619,0.050609,0.173219,0.263538,0.000000,0.094675,0.048432,-0.117460,-0.169260,0.395993,-0.017376,-0.053440,0.033632
1779678059696332479,2026-05-25T10:00:59.696363,prediction,-0.063414,0.606000,0.324811,True,-0.061821,0.604066,0.324796,0.001593,0.001934,0.000015,6.31,20,0.008104,0.773081,0.714910,0.045376,0.167986,0.263976,0.002609,0.094244,0.048432,-0.113680,-0.136640,0.399396,-0.021056,-0.049312,0.031744
1779678059737747277,2026-05-25T10:00:59.737774,prediction,-0.063787,0.618000,0.326020,True,-0.067747,0.612554,0.326349,0.003959,0.005446,0.000329,4.95,20,0.008104,0.773081,0.714910,0.044069,0.166673,0.265723,0.002609,0.094244,0.042751,-0.082460,-0.105700,0.386531,-0.017376,-0.049152,0.033408
1779678059787587286,2026-05-25T10:00:59.787608,prediction,-0.063601,0.612000,0.325415,True,-0.065938,0.615305,0.325719,0.002338,0.003305,0.000303,8.74,20,0.007200,0.776013,0.716125,0.035778,0.171475,0.267471,0.002609,0.099482,0.037954,-0.101640,-0.157360,0.389768,-0.021664,-0.049312,0.035680
1779678059841187088,2026-05-25T10:00:59.841213,prediction,-0.063601,0.612000,0.322363,True,-0.069295,0.622408,0.319462,0.005694,0.010408,0.002901,8.12,20,0.007066,0.778407,0.716878,0.027925,0.166673,0.261798,0.003051,0.094244,0.029665,-0.087080,-0.188160,0.387195,-0.022944,-0.051552,0.032128
1779678059876205627,2026-05-25T10:00:59.876232,prediction,-0.064285,0.634000,0.324615,True,-0.070323,0.638408,0.324238,0.006038,0.004408,0.000377,4.59,20,0.007066,0.778407,0.716878,0.022685,0.161877,0.256563,0.003051,0.094244,0.024426,-0.070280,-0.154280,0.387029,-0.019552,-0.047360,0.030112
1779678059914637316,2026-05-25T10:00:59.914666,prediction,-0.067150,0.629000,0.324103,True,-0.066602,0.632402,0.325452,0.000548,0.003402,0.001349,4.78,20,0.007069,0.782011,0.717738,0.016576,0.155330,0.243470,0.002609,0.089005,0.016579,-0.072800,-0.164220,0.383460,-0.018592,-0.048384,0.030016
1779678059951991775,2026-05-25T10:00:59.952023,prediction,-0.067473,0.640000,0.325229,True,-0.073064,0.641419,0.324625,0.005591,0.001419,0.000604,4.81,20,0.007069,0.782011,0.717738,0.016576,0.155330,0.243470,0.002609,0.089005,0.016579,-0.072800,-0.164220,0.383460,-0.018592,-0.048384,0.030016
1779678059998645855,2026-05-25T10:00:59.998668,prediction,-0.067297,0.634000,0.324615,True,-0.069273,0.641553,0.323108,0.001976,0.007553,0.001507,5.10,20,0.006896,0.786961,0.718749,0.016576,0.155330,0.243470,0.002609,0.089005,0.016579,-0.072800,-0.164220,0.383460,-0.018592,-0.048384,0.030016
1779678060050345503,2026-05-25T10:01:00.050384,prediction,-0.067621,0.645000,0.325741,True,-0.076176,0.656662,0.323921,0.008555,0.011662,0.001820,4.99,20,0.007137,0.791431,0.719289,0.016576,0.155330,0.243470,0.002609,0.089005,0.016579,-0.072800,-0.164220,0.383460,-0.018592,-0.048384,0.030016
1779678060102080317,2026-05-25T10:01:00.102104,prediction,-0.067621,0.645000,0.325741,True,-0.070007,0.655706,0.325137,0.002386,0.010707,0.000604,4.71,20,0.007531,0.795723,0.719713,0.001744,0.096423,0.154018,0.000000,0.061949,0.000000,-0.000840,-0.237440,0.356485,-0.028608,-0.046432,0.010368
1779678060145183125,2026-05-25T10:01:00.145199,prediction,-0.070782,0.651000,0.323366,True,-0.074745,0.659249,0.321940,0.003963,0.008249,0.001427,8.10,20,0.007531,0.795723,0.719713,0.006540,0.076790,0.130025,0.000000,0.054101,0.005670,0.090160,-0.247660,0.344948,-0.035296,-0.047040,-0.026112
1779678060186703138,2026-05-25T10:01:00.186728,prediction,-0.070921,0.656000,0.323886,True,-0.074348,0.665579,0.323135,0.003427,0.009579,0.000752,9.17,20,0.007908,0.802188,0.720105,0.009598,0.066754,0.118679,0.000000,0.051040,0.013086,0.104720,-0.255360,0.341130,-0.042240,-0.043872,-0.024672
1779678060224681514,2026-05-25T10:01:00.224708,prediction,-0.070921,0.656000,0.323886,True,-0.074363,0.669263,0.323641,0.003442,0.013263,0.000245,5.65,20,0.007908,0.802188,0.720105,0.014831,0.053667,0.098173,0.000000,0.045812,0.016137,0.093520,-0.247380,0.336814,-0.055040,-0.047488,-0.025280
1779678060278136528,2026-05-25T10:01:00.278188,prediction,-0.071060,0.661000,0.321434,True,-0.076624,0.675092,0.319298,0.005565,0.014092,0.002137,5.64,20,0.008413,0.808218,0.720260,0.016576,0.042318,0.087266,0.002609,0.043193,0.013517,0.095480,-0.264320,0.336980,-0.074528,-0.045600,-0.028832
1779678060316723355,2026-05-25T10:01:00.316750,prediction,-0.074577,0.682000,0.323653,True,-0.083073,0.691092,0.323527,0.008496,0.009092,0.000126,4.75,20,0.009113,0.815671,0.720183,0.016138,0.039267,0.082024,0.000000,0.043193,0.013517,0.101360,-0.268100,0.332000,-0.086560,-0.045536,-0.029184
1779678060365157368,2026-05-25T10:01:00.365186,prediction,-0.074577,0.682000,0.323653,True,-0.075104,0.692497,0.322727,0.000527,0.010497,0.000926,4.95,20,0.009929,0.822604,0.720080,0.017889,0.034465,0.075920,0.000000,0.042751,0.016137,0.105000,-0.240520,0.335320,-0.102400,-0.044864,-0.031008
1779678060405680741,2026-05-25T10:01:00.405697,prediction,-0.074708,0.687000,0.324181,True,-0.075655,0.695159,0.322228,0.000947,0.008159,0.001953,5.20,20,0.009929,0.822604,0.720080,0.019634,0.034465,0.078098,0.002609,0.042751,0.018756,0.089460,-0.239540,0.346857,-0.104640,-0.045920,-0.030944
1779678060455111825,2026-05-25T10:01:00.455144,prediction,-0.074865,0.693000,0.324815,True,-0.079155,0.706379,0.322402,0.004290,0.013379,0.002413,4.99,20,0.010964,0.830705,0.719863,0.019634,0.035778,0.083771,0.002609,0.048432,0.021375,0.082740,-0.230860,0.353165,-0.102912,-0.049216,-0.029440
1779678060492076978,2026-05-25T10:01:00.492103,prediction,-0.074577,0.682000,0.320715,True,-0.078476,0.700884,0.317112,0.003899,0.018884,0.003603,4.27,20,0.011969,0.838206,0.719619,0.019634,0.035778,0.083771,0.002609,0.048432,0.021375,0.082740,-0.230860,0.353165,-0.102912,-0.049216,-0.029440
1779678060539258881,2026-05-25T10:01:00.539283,prediction,-0.074577,0.682000,0.320715,True,-0.080345,0.699043,0.319209,0.005768,0.017043,0.001507,4.82,20,0.011969,0.838206,0.719619,0.019634,0.035778,0.083771,0.002609,0.048432,0.021375,0.082740,-0.230860,0.353165,-0.102912,-0.049216,-0.029440
1779678060578949151,2026-05-25T10:01:00.578981,prediction,-0.074446,0.677000,0.320179,True,-0.078608,0.694546,0.319474,0.004161,0.017546,0.000705,4.31,20,0.013029,0.846680,0.719293,0.019634,0.057156,0.113445,0.002609,0.054101,0.018756,0.105700,-0.228060,0.357315,-0.103808,-0.049312,-0.031456
1779678060619467951,2026-05-25T10:01:00.619501,prediction,-0.074577,0.682000,0.320715,True,-0.082279,0.699102,0.318688,0.007702,0.017102,0.002027,4.36,20,0.013029,0.846680,0.719293,0.019634,0.070243,0.133951,0.002609,0.064568,0.019198,0.097300,-0.227220,0.363540,-0.103520,-0.051424,-0.032960
1779678060658361543,2026-05-25T10:01:00.658380,prediction,-0.075127,0.703000,0.322968,True,-0.082851,0.715102,0.320168,0.007724,0.012102,0.002800,5.36,20,0.014252,0.855632,0.718762,0.017889,0.078534,0.146606,0.002609,0.069807,0.018756,0.091980,-0.249760,0.361963,-0.103424,-0.047872,-0.031232
1779678060698391608,2026-05-25T10:01:00.698415,prediction,-0.074708,0.687000,0.321252,True,-0.075032,0.703694,0.318166,0.000324,0.016694,0.003086,4.79,20,0.015392,0.863025,0.718321,0.017889,0.079847,0.152279,0.002609,0.069807,0.016137,0.094500,-0.217560,0.370180,-0.103680,-0.047808,-0.030944
1779678060739372500,2026-05-25T10:01:00.739398,prediction,-0.075257,0.708000,0.323505,True,-0.086657,0.719694,0.320839,0.011399,0.011694,0.002665,4.44,20,0.015392,0.863025,0.718321,0.017889,0.079847,0.152279,0.002609,0.069807,0.016137,0.094500,-0.217560,0.370180,-0.103680,-0.047808,-0.030944
1779678060780759024,2026-05-25T10:01:00.780791,prediction,-0.075388,0.713000,0.324041,True,-0.079994,0.733953,0.321451,0.004606,0.020953,0.002591,5.10,20,0.016456,0.870841,0.717774,0.017889,0.079847,0.152279,0.002609,0.069807,0.016137,0.094500,-0.217560,0.370180,-0.103680,-0.047808,-0.030944
1779678060834272659,2026-05-25T10:01:00.834290,prediction,-0.075127,0.703000,0.322968,True,-0.075488,0.724001,0.318979,0.000362,0.021001,0.003990,8.11,20,0.017333,0.877556,0.717410,0.016138,0.111261,0.195038,0.002609,0.080716,0.016137,0.109060,-0.207340,0.372421,-0.104640,-0.051040,-0.034784
1779678060882764783,2026-05-25T10:01:00.882787,prediction,-0.075650,0.723000,0.325114,True,-0.083841,0.740001,0.321843,0.008192,0.017001,0.003271,8.60,20,0.017333,0.877556,0.717410,0.016138,0.119114,0.204637,0.002609,0.083335,0.016137,0.106540,-0.215040,0.378812,-0.105248,-0.046816,-0.032000
1779678060921797837,2026-05-25T10:01:00.921823,prediction,-0.075519,0.718000,0.324578,True,-0.076056,0.735837,0.323379,0.000537,0.017838,0.001199,8.40,20,0.018049,0.884908,0.717062,0.016138,0.130895,0.217730,0.000000,0.085954,0.016137,0.090160,-0.194040,0.381053,-0.104960,-0.052096,-0.030176
1779678060958890369,2026-05-25T10:01:00.958936,prediction,-0.075519,0.718000,0.324578,True,-0.079403,0.735295,0.321589,0.003884,0.017295,0.002989,8.58,20,0.018477,0.891305,0.716989,0.016576,0.137441,0.228637,0.000000,0.091624,0.013517,0.100100,-0.206080,0.388772,-0.104800,-0.052160,-0.030848
1779678060998801020,2026-05-25T10:01:00.998830,prediction,-0.075388,0.713000,0.324041,True,-0.077738,0.730156,0.320836,0.002349,0.017157,0.003205,7.81,20,0.018477,0.891305,0.716989,0.016138,0.146601,0.243470,0.000000,0.094675,0.016137,0.092960,-0.197400,0.399811,-0.106592,-0.051424,-0.029344
1779678061033150049,2026-05-25T10:01:01.033173,prediction,-0.075650,0.723000,0.325114,True,-0.082644,0.739753,0.323356,0.006994,0.016753,0.001759,7.45,20,0.018577,0.898211,0.716880,0.014394,0.155330,0.252630,0.000000,0.096863,0.013086,0.087360,-0.191240,0.397404,-0.105408,-0.055392,-0.032000
1779678061073705924,2026-05-25T10:01:01.073729,prediction,-0.075650,0.723000,0.325114,True,-0.077648,0.739056,0.323042,0.001998,0.016056,0.002072,9.11,20,0.018577,0.898211,0.716880,0.014831,0.163621,0.265723,0.002609,0.099914,0.013517,0.074620,-0.199640,0.388938,-0.104800,-0.053440,-0.032000
1779678061118561501,2026-05-25T10:01:01.118601,prediction,-0.075781,0.728000,0.325651,True,-0.077474,0.737598,0.323602,0.001694,0.009598,0.002048,8.66,20,0.018865,0.905131,0.716872,0.013087,0.171475,0.276631,0.000000,0.105152,0.013517,0.091140,-0.213220,0.395993,-0.104352,-0.056064,-0.032512
1779678061159070194,2026-05-25T10:01:01.159093,prediction,-0.076278,0.747000,0.327689,True,-0.081692,0.753598,0.325760,0.005415,0.006598,0.001929,8.15,20,0.018964,0.910388,0.717106,0.011780,0.174533,0.284051,0.000000,0.110391,0.010898,0.100940,-0.220080,0.422470,-0.105632,-0.052224,-0.031904
1779678061200682275,2026-05-25T10:01:01.200709,prediction,-0.075911,0.733000,0.326187,True,-0.074162,0.743456,0.323902,0.001749,0.010456,0.002285,8.31,20,0.018964,0.910388,0.717106,0.011342,0.178459,0.293650,0.002609,0.113000,0.013517,0.099400,-0.186200,0.406866,-0.105536,-0.053888,-0.033408
1779678061243394429,2026-05-25T10:01:01.243419,prediction,-0.076042,0.738000,0.326724,True,-0.082093,0.747243,0.323683,0.006050,0.009243,0.003040,7.51,20,0.018881,0.915900,0.717724,0.011342,0.184568,0.302810,0.000000,0.113442,0.010467,0.086800,-0.188720,0.401471,-0.103744,-0.053056,-0.031840
1779678061281170841,2026-05-25T10:01:01.281197,prediction,-0.076173,0.743000,0.324423,True,-0.079737,0.759145,0.320336,0.003564,0.016145,0.004087,5.35,20,0.018881,0.915900,0.717724,0.011780,0.195911,0.312408,0.000000,0.118680,0.010898,0.091140,-0.216020,0.419233,-0.103200,-0.057440,-0.032736
1779678061321878224,2026-05-25T10:01:01.321897,prediction,-0.076539,0.757000,0.325948,True,-0.081465,0.775145,0.324005,0.004925,0.018145,0.001943,8.09,20,0.018689,0.921612,0.718189,0.011342,0.197655,0.318081,0.000000,0.121300,0.010467,0.103460,-0.237720,0.416992,-0.106240,-0.057280,-0.032448
1779678061371067001,2026-05-25T10:01:01.371084,prediction,-0.076670,0.762000,0.326492,True,-0.076114,0.776319,0.323390,0.000556,0.014319,0.003102,8.83,20,0.018845,0.926345,0.718598,0.011342,0.199400,0.325502,0.002609,0.126528,0.007847,0.080500,-0.216300,0.399562,-0.103200,-0.055264,-0.034016
1779678061410148687,2026-05-25T10:01:01.410177,prediction,-0.076539,0.757000,0.323133,True,-0.073255,0.764870,0.317935,0.003285,0.007870,0.005198,7.38,20,0.018845,0.926345,0.718598,0.010029,0.199400,0.325502,0.000000,0.123908,0.008289,0.082040,-0.222180,0.420561,-0.102528,-0.055328,-0.034400
1779678061446709874,2026-05-25T10:01:01.446730,prediction,-0.076906,0.771000,0.321890,True,-0.085643,0.780870,0.315467,0.008737,0.009870,0.006423,8.34,20,0.018239,0.932101,0.718722,0.009598,0.197655,0.321576,0.000000,0.126528,0.008289,0.087360,-0.248500,0.405289,-0.104640,-0.054720,-0.034560
1779678061487432942,2026-05-25T10:01:01.487456,prediction,-0.077272,0.785000,0.323461,True,-0.080214,0.796870,0.321014,0.002943,0.011870,0.002447,4.41,20,0.018239,0.932101,0.718722,0.009598,0.192853,0.317643,0.000000,0.121300,0.007847,0.085120,-0.257600,0.404957,-0.105856,-0.059168,-0.034240
1779678061525047869,2026-05-25T10:01:01.525069,prediction,-0.077507,0.794000,0.321718,True,-0.074762,0.805018,0.317725,0.002746,0.011018,0.003993,4.56,20,0.018274,0.938351,0.718551,0.009598,0.186313,0.308483,0.000000,0.121300,0.007847,0.078960,-0.238980,0.408028,-0.103296,-0.054784,-0.033344
1779678061568923373,2026-05-25T10:01:01.568947,prediction,-0.077403,0.790000,0.321262,True,-0.072922,0.797112,0.316024,0.004481,0.007112,0.005238,9.20,20,0.018222,0.943599,0.718255,0.009598,0.182817,0.304557,0.000000,0.124350,0.010898,0.090720,-0.277340,0.406451,-0.104128,-0.061792,-0.033632
1779678061618070559,2026-05-25T10:01:01.618100,prediction,-0.077743,0.803000,0.320003,True,-0.083289,0.813112,0.313232,0.005546,0.010112,0.006772,8.68,20,0.018222,0.943599,0.718255,0.013087,0.174964,0.301063,0.000000,0.118680,0.010467,0.101360,-0.267820,0.395163,-0.106912,-0.061568,-0.031392
1779678061664649891,2026-05-25T10:01:01.664675,prediction,-0.077978,0.812000,0.318319,True,-0.082246,0.829112,0.311232,0.004268,0.017113,0.007087,8.22,20,0.018093,0.949850,0.717666,0.013087,0.174533,0.297575,0.000000,0.123908,0.010898,0.101640,-0.260400,0.405289,-0.107360,-0.056672,-0.031296
1779678061718864078,2026-05-25T10:01:01.718884,prediction,-0.077978,0.812000,0.315595,True,-0.075481,0.830744,0.308558,0.002497,0.018744,0.007037,5.84,20,0.018073,0.955497,0.716938,0.014394,0.176277,0.301063,0.000000,0.129589,0.016137,0.113680,-0.281120,0.421474,-0.108416,-0.059328,-0.030112
1779678061756570503,2026-05-25T10:01:01.756598,prediction,-0.078214,0.821000,0.313955,True,-0.078188,0.837347,0.306541,0.000026,0.016347,0.007414,4.47,20,0.018073,0.955497,0.716938,0.018320,0.176708,0.306736,0.000000,0.132208,0.018756,0.105280,-0.286440,0.416245,-0.110368,-0.058560,-0.031904
1779678061818229420,2026-05-25T10:01:01.818248,prediction,-0.078109,0.817000,0.313473,True,-0.078478,0.838755,0.307341,0.000369,0.021755,0.006132,4.98,20,0.018001,0.960938,0.716072,0.017889,0.167986,0.299323,0.003051,0.131766,0.016137,0.090440,-0.276500,0.398400,-0.102912,-0.059904,-0.034848
1779678061860029188,2026-05-25T10:01:01.860061,prediction,-0.078109,0.817000,0.313473,True,-0.083886,0.848149,0.304576,0.005777,0.031149,0.008897,7.72,20,0.017911,0.968390,0.714664,0.019634,0.166673,0.295397,0.000000,0.134817,0.018756,0.090160,-0.317380,0.409439,-0.106816,-0.055488,-0.033856
1779678061894698599,2026-05-25T10:01:01.894719,prediction,-0.078214,0.821000,0.308536,True,-0.080556,0.852040,0.296278,0.002342,0.031040,0.012258,5.56,20,0.018102,0.975445,0.713275,0.017889,0.161877,0.295828,0.002609,0.134817,0.016137,0.089880,-0.296660,0.421474,-0.109024,-0.056160,-0.034400
1779678061943416658,2026-05-25T10:01:01.943434,prediction,-0.081140,0.830000,0.309650,True,-0.082366,0.853924,0.302269,0.001226,0.023924,0.007381,8.45,20,0.018102,0.975445,0.713275,0.017889,0.158819,0.295828,0.000000,0.137436,0.019198,0.095760,-0.289100,0.404791,-0.107136,-0.056384,-0.033728
1779678061993075340,2026-05-25T10:01:01.993093,prediction,-0.081140,0.830000,0.306955,True,-0.079771,0.853754,0.297825,0.001369,0.023754,0.009131,5.19,20,0.018261,0.984129,0.711354,0.017889,0.151841,0.284051,0.002609,0.132208,0.018756,0.109620,-0.310800,0.395993,-0.108704,-0.059456,-0.034016
1779678062040701961,2026-05-25T10:01:02.040720,prediction,-0.083625,0.821000,0.303118,True,-0.082739,0.845349,0.291873,0.000885,0.024349,0.011245,4.34,20,0.018332,0.992210,0.709473,0.017889,0.147039,0.278809,0.000000,0.132208,0.018756,0.111160,-0.317660,0.403546,-0.110208,-0.064576,-0.034016
1779678062078663312,2026-05-25T10:01:02.078686,prediction,-0.083533,0.817000,0.299894,True,-0.086601,0.842558,0.286982,0.003068,0.025558,0.012912,4.58,20,0.018332,0.992210,0.709473,0.019634,0.147039,0.284051,0.002609,0.137436,0.018756,0.104160,-0.290780,0.400973,-0.107264,-0.059456,-0.034016
1779678062131040898,2026-05-25T10:01:02.131075,prediction,-0.083625,0.821000,0.297700,True,-0.087509,0.848406,0.287489,0.003884,0.027406,0.010211,9.75,20,0.018819,1.001071,0.706799,0.019634,0.153586,0.290155,0.000000,0.137436,0.019198,0.095480,-0.294700,0.396159,-0.107648,-0.060064,-0.033568
1779678062175254494,2026-05-25T10:01:02.175278,prediction,-0.086436,0.826000,0.295650,True,-0.090326,0.850778,0.287001,0.003890,0.024778,0.008649,8.04,20,0.019271,1.008952,0.704221,0.017889,0.154893,0.289724,0.000000,0.134817,0.019198,0.105700,-0.317660,0.409439,-0.109472,-0.065024,-0.031744
1779678062226246340,2026-05-25T10:01:02.226268,prediction,-0.086330,0.821000,0.292281,True,-0.086997,0.839736,0.282024,0.000667,0.018736,0.010257,8.14,20,0.019835,1.015968,0.701596,0.019634,0.158388,0.295397,0.002609,0.134817,0.018756,0.119840,-0.301000,0.397570,-0.110208,-0.060512,-0.030336
1779678062274337569,2026-05-25T10:01:02.274364,prediction,-0.092136,0.843000,0.295220,True,-0.102476,0.855736,0.286441,0.010339,0.012736,0.008779,8.13,20,0.019835,1.015968,0.701596,0.019634,0.163184,0.302810,0.002609,0.137436,0.018756,0.100100,-0.279300,0.402218,-0.107136,-0.055616,-0.031232
1779678062322949137,2026-05-25T10:01:02.322968,prediction,-0.094528,0.826000,0.290248,True,-0.095700,0.848998,0.280610,0.001172,0.022998,0.009638,7.96,20,0.021281,1.023122,0.698220,0.019196,0.170168,0.303248,0.000000,0.137436,0.019198,0.102480,-0.325500,0.407032,-0.109472,-0.058176,-0.032576
1779678062357464917,2026-05-25T10:01:02.357489,prediction,-0.097416,0.839000,0.289326,True,-0.104471,0.856603,0.278649,0.007055,0.017603,0.010677,4.27,20,0.021281,1.023122,0.698220,0.019634,0.171475,0.301063,0.000000,0.132208,0.018756,0.118720,-0.343420,0.426620,-0.112160,-0.060960,-0.034464
1779678062409446499,2026-05-25T10:01:02.409471,prediction,-0.100262,0.852000,0.291105,True,-0.105826,0.872014,0.284036,0.005564,0.020014,0.007070,6.61,20,0.022730,1.029178,0.695071,0.019634,0.167986,0.302810,0.003051,0.132208,0.019198,0.101920,-0.297780,0.407032,-0.111360,-0.056224,-0.032448
1779678062451273651,2026-05-25T10:01:02.451298,prediction,-0.100262,0.852000,0.285789,True,-0.101744,0.867434,0.277923,0.001483,0.015434,0.007866,9.04,20,0.025154,1.034959,0.691530,0.017889,0.176708,0.314156,0.002609,0.137436,0.018756,0.091980,-0.291900,0.404376,-0.106368,-0.059840,-0.033792
1779678062491242321,2026-05-25T10:01:02.491264,prediction,-0.100196,0.847000,0.282422,True,-0.104220,0.859416,0.272830,0.004023,0.012416,0.009591,4.87,20,0.027483,1.039539,0.688515,0.017889,0.185875,0.327249,0.000000,0.140056,0.018756,0.110600,-0.303800,0.413008,-0.108416,-0.067584,-0.034176
1779678062533737965,2026-05-25T10:01:02.533760,prediction,-0.100196,0.847000,0.279755,True,-0.108256,0.859376,0.271688,0.008060,0.012376,0.008067,4.53,20,0.027483,1.039539,0.688515,0.017889,0.197655,0.342082,0.000000,0.147914,0.018756,0.126980,-0.315560,0.424877,-0.112480,-0.062112,-0.033792
1779678062580048595,2026-05-25T10:01:02.580073,prediction,-0.100027,0.834000,0.275202,True,-0.107515,0.849880,0.267948,0.007488,0.015880,0.007255,4.74,20,0.030420,1.043739,0.684709,0.020940,0.202889,0.358662,0.002609,0.156203,0.018756,0.106820,-0.289800,0.421806,-0.109152,-0.063616,-0.033504
1779678062622919159,2026-05-25T10:01:02.622936,prediction,-0.100092,0.839000,0.273248,True,-0.109823,0.852682,0.264784,0.009731,0.013682,0.008464,4.44,20,0.030420,1.043739,0.684709,0.019196,0.227324,0.397935,0.002609,0.169731,0.021375,0.097860,-0.275240,0.418486,-0.106240,-0.067360,-0.031232
1779678062674750312,2026-05-25T10:01:02.674775,prediction,-0.102916,0.852000,0.272497,True,-0.112606,0.864600,0.263754,0.009690,0.012600,0.008743,8.55,20,0.033051,1.046605,0.681538,0.021378,0.243469,0.425422,0.000000,0.183259,0.021807,0.109620,-0.307440,0.446540,-0.111104,-0.071424,-0.029952
1779678062720198131,2026-05-25T10:01:02.720220,prediction,-0.102916,0.852000,0.269839,True,-0.106742,0.858782,0.261633,0.003826,0.006782,0.008206,5.05,20,0.036438,1.048055,0.677483,0.020940,0.254818,0.455527,0.003051,0.194157,0.021375,0.095480,-0.266840,0.434505,-0.106240,-0.072800,-0.030240
1779678062763290030,2026-05-25T10:01:02.763320,prediction,-0.103007,0.860000,0.265749,True,-0.107821,0.863297,0.255609,0.004814,0.003297,0.010140,6.74,20,0.039123,1.048880,0.674263,0.019634,0.269649,0.474293,0.000000,0.202015,0.018756,0.088620,-0.265860,0.452018,-0.107968,-0.073920,-0.029728
1779678062811095819,2026-05-25T10:01:02.811114,prediction,-0.102962,0.856000,0.262484,True,-0.106820,0.860359,0.253569,0.003858,0.004359,0.008915,7.98,20,0.039123,1.048880,0.674263,0.017889,0.282742,0.498286,0.002609,0.215975,0.018756,0.112140,-0.286440,0.452018,-0.108800,-0.071200,-0.030784
1779678062847960150,2026-05-25T10:01:02.847979,prediction,-0.105688,0.864000,0.261085,True,-0.114424,0.871011,0.252491,0.008737,0.007011,0.008594,8.38,20,0.041693,1.050311,0.670433,0.016576,0.282305,0.497855,0.002609,0.212924,0.018756,0.102200,-0.296240,0.454757,-0.110592,-0.070240,-0.031008
1779678062901462459,2026-05-25T10:01:02.901487,prediction,-0.108290,0.860000,0.255168,True,-0.111201,0.869308,0.245335,0.002911,0.009308,0.009833,5.45,20,0.043728,1.051509,0.667407,0.014831,0.282305,0.494361,0.000000,0.212924,0.016137,0.097580,-0.305900,0.432596,-0.109984,-0.069696,-0.031520
1779678062943166434,2026-05-25T10:01:02.943193,prediction,-0.111016,0.873000,0.251999,True,-0.115090,0.879015,0.240753,0.004074,0.006015,0.011245,4.66,20,0.043728,1.051509,0.667407,0.013087,0.280991,0.483015,0.000000,0.207254,0.013517,0.077700,-0.301280,0.425541,-0.105696,-0.066784,-0.030560
1779678062994733360,2026-05-25T10:01:02.994764,prediction,-0.111042,0.877000,0.250034,True,-0.111909,0.884883,0.240266,0.000867,0.007883,0.009768,5.03,20,0.045849,1.053395,0.663185,0.008285,0.266160,0.440694,0.003051,0.196777,0.008289,0.071540,-0.351120,0.387029,-0.104704,-0.064128,-0.029888
1779678063049766619,2026-05-25T10:01:03.049816,prediction,-0.113636,0.873000,0.241504,True,-0.114879,0.880773,0.231126,0.001243,0.007773,0.010377,8.41,20,0.047305,1.055280,0.659681,0.003051,0.238673,0.336409,0.000000,0.169731,0.002609,0.075880,-0.373240,0.370927,-0.104256,-0.059840,-0.031904
1779678063094092299,2026-05-25T10:01:03.094116,prediction,-0.113612,0.868000,0.238023,True,-0.114999,0.874637,0.227066,0.001388,0.006637,0.010957,7.81,20,0.048159,1.056965,0.656457,0.000000,0.210742,0.245649,0.000000,0.150533,0.000000,0.062580,-0.390180,0.342209,-0.103680,-0.058560,-0.029120
1779678063133933114,2026-05-25T10:01:03.133957,prediction,-0.113636,0.873000,0.236256,True,-0.118249,0.884246,0.225909,0.004613,0.011246,0.010347,8.60,20,0.048159,1.056965,0.656457,0.000000,0.184568,0.160130,0.000000,0.126528,0.000000,-0.019740,-0.406280,0.335984,-0.101120,-0.057344,-0.012416
1779678063169709885,2026-05-25T10:01:03.169731,prediction,-0.113612,0.868000,0.232759,True,-0.115788,0.882157,0.222498,0.002176,0.014157,0.010261,9.40,20,0.049374,1.059092,0.651233,0.006540,0.161877,0.074611,0.000000,0.105152,0.002609,-0.083020,-0.420000,0.309673,-0.097792,-0.057504,0.024448
1779678063209792012,2026-05-25T10:01:03.209825,prediction,-0.113593,0.864000,0.229422,True,-0.116090,0.875396,0.217310,0.002498,0.011396,0.012112,7.77,20,0.049374,1.059092,0.651233,0.008285,0.145732,0.022246,0.000000,0.094244,0.010898,-0.102900,-0.385840,0.294401,-0.093184,-0.056992,0.024672
1779678063252749160,2026-05-25T10:01:03.252772,prediction,-0.113593,0.864000,0.224145,True,-0.118705,0.874155,0.210839,0.005113,0.010155,0.013306,8.03,20,0.050609,1.061200,0.645486,0.011342,0.143988,0.003926,0.000000,0.091624,0.010898,-0.111160,-0.405440,0.300543,-0.087616,-0.054432,0.025504
1779678063296505565,2026-05-25T10:01:03.296544,prediction,-0.116240,0.868000,0.222231,True,-0.122499,0.879242,0.211547,0.006259,0.011242,0.010684,7.84,20,0.051630,1.062952,0.640381,0.014831,0.147039,0.000000,0.000000,0.091624,0.013517,-0.111160,-0.399280,0.295729,-0.076928,-0.057824,0.027104
1779678063342412725,2026-05-25T10:01:03.342445,prediction,-0.118876,0.873000,0.223137,True,-0.122814,0.882608,0.214046,0.003937,0.009608,0.009091,7.93,20,0.051630,1.062952,0.640381,0.014831,0.147039,0.000000,0.000000,0.091624,0.013517,-0.111160,-0.399280,0.295729,-0.076928,-0.057824,0.027104
1779678063384599711,2026-05-25T10:01:03.384618,prediction,-0.121497,0.864000,0.216229,True,-0.121270,0.872776,0.205108,0.000227,0.008776,0.011121,8.58,20,0.052858,1.065226,0.634639,0.014831,0.147039,0.000000,0.000000,0.091624,0.013517,-0.111160,-0.399280,0.295729,-0.076928,-0.057824,0.027104
1779678063423391490,2026-05-25T10:01:03.423409,prediction,-0.124117,0.873000,0.215266,True,-0.128850,0.878794,0.202488,0.004733,0.005794,0.012777,8.25,20,0.052858,1.065226,0.634639,0.016576,0.147039,0.000000,0.000000,0.091624,0.016137,-0.087360,-0.424060,0.299713,-0.071136,-0.052608,0.029504
1779678063463773116,2026-05-25T10:01:03.463809,prediction,-0.124132,0.864000,0.213590,True,-0.124962,0.873216,0.203906,0.000830,0.009216,0.009685,6.34,20,0.054000,1.067194,0.629686,0.030976,0.120859,0.000000,0.002609,0.032715,0.032284,-0.117460,-0.509880,0.345114,-0.021152,-0.042240,0.035456
1779678063506030307,2026-05-25T10:01:03.506054,prediction,-0.124117,0.873000,0.215266,True,-0.129427,0.881488,0.206376,0.005310,0.008488,0.008890,8.40,20,0.055899,1.069203,0.623962,0.032720,0.096423,0.000000,0.005228,0.002609,0.032284,-0.119560,-0.528500,0.343205,-0.033632,-0.041312,0.037696
1779678063543823138,2026-05-25T10:01:03.543844,prediction,-0.124125,0.868000,0.211703,True,-0.125314,0.876210,0.200931,0.001189,0.008210,0.010772,8.26,20,0.055899,1.069203,0.623962,0.034465,0.067192,0.000000,0.002609,0.024426,0.034903,-0.112420,-0.483840,0.312412,-0.028512,0.056064,0.035008
1779678063590772837,2026-05-25T10:01:03.590797,prediction,-0.124125,0.868000,0.209071,True,-0.126916,0.872509,0.197127,0.002791,0.004509,0.011944,8.28,20,0.057851,1.071085,0.618070,0.034465,0.055412,0.000000,0.003051,0.048432,0.035335,-0.136360,-0.492800,0.278714,-0.025664,0.049376,0.035072
1779678063638689045,2026-05-25T10:01:03.638716,prediction,-0.126737,0.873000,0.207394,True,-0.132134,0.879810,0.197763,0.005397,0.006810,0.009631,7.94,20,0.059356,1.072375,0.613218,0.034465,0.037523,0.000000,0.002609,0.072426,0.037954,-0.105280,-0.515760,0.227503,-0.026720,0.048992,0.033728
1779678063681738791,2026-05-25T10:01:03.681761,prediction,-0.126737,0.873000,0.202147,True,-0.128700,0.879739,0.193288,0.001963,0.006740,0.008859,7.01,20,0.059356,1.072375,0.613218,0.032720,0.030976,0.000000,0.002609,0.075477,0.029665,-0.087920,-0.466200,0.145001,-0.023328,0.048768,0.037792
1779678063729099947,2026-05-25T10:01:03.729132,prediction,-0.126767,0.864000,0.197759,True,-0.125947,0.869332,0.187706,0.000820,0.005333,0.010053,5.88,20,0.061327,1.072931,0.608092,0.029669,0.034034,0.001740,0.002609,0.072857,0.029665,-0.103460,-0.445760,0.135207,-0.020704,0.048096,0.035744
1779678063781238247,2026-05-25T10:01:03.781266,prediction,-0.124153,0.852000,0.195407,True,-0.124143,0.857082,0.185366,0.000010,0.005082,0.010041,5.48,20,0.062697,1.073142,0.604030,0.026174,0.041012,0.000000,0.002609,0.061949,0.027045,-0.087920,-0.460040,0.147242,-0.022720,0.043808,0.036576
1779678063819983123,2026-05-25T10:01:03.820011,prediction,-0.124175,0.839000,0.192859,True,-0.128037,0.845385,0.183605,0.003861,0.006385,0.009254,4.76,20,0.062697,1.073142,0.604030,0.022685,0.048865,0.000000,0.002609,0.053659,0.021807,-0.083020,-0.492240,0.154795,-0.023616,0.042912,0.035232
1779678063872874990,2026-05-25T10:01:03.872900,prediction,-0.124162,0.847000,0.191760,True,-0.131483,0.854632,0.181010,0.007321,0.007632,0.010750,4.28,20,0.063786,1.072145,0.599405,0.018320,0.051923,0.001740,0.002609,0.048432,0.018756,-0.091140,-0.481740,0.148404,-0.021984,0.043200,0.031296
1779678063907594862,2026-05-25T10:01:03.907618,prediction,-0.124162,0.847000,0.191760,True,-0.125462,0.851231,0.182466,0.001300,0.004231,0.009294,4.18,20,0.064969,1.070618,0.595998,0.016138,0.055412,0.000000,0.002609,0.051040,0.016137,-0.091700,-0.482020,0.151475,-0.021824,0.044800,0.031840
1779678063944724183,2026-05-25T10:01:03.944757,prediction,-0.124153,0.852000,0.192748,True,-0.123964,0.848204,0.184295,0.000189,0.003796,0.008453,4.55,20,0.064969,1.070618,0.595998,0.016138,0.055412,0.000000,0.002609,0.051040,0.016137,-0.091700,-0.482020,0.151475,-0.021824,0.044800,0.031840
1779678063986417014,2026-05-25T10:01:03.986442,prediction,-0.124162,0.847000,0.189094,True,-0.123091,0.842092,0.180458,0.001070,0.004908,0.008636,5.48,20,0.065706,1.067979,0.592444,0.016138,0.055412,0.000000,0.002609,0.051040,0.016137,-0.091700,-0.482020,0.151475,-0.021824,0.044800,0.031840
1779678064038114679,2026-05-25T10:01:04.038136,prediction,-0.124153,0.852000,0.187432,True,-0.126687,0.847605,0.178390,0.002534,0.004395,0.009041,4.87,20,0.065854,1.065782,0.589712,0.014394,0.055412,0.000000,0.002609,0.053659,0.013086,-0.081200,-0.484400,0.158945,-0.023168,0.041088,0.030848
1779678064074296884,2026-05-25T10:01:04.074324,prediction,-0.124162,0.847000,0.183761,True,-0.123527,0.845088,0.175942,0.000635,0.001912,0.007818,4.61,20,0.065854,1.065782,0.589712,0.009598,0.055412,0.000000,0.000000,0.091624,0.010467,-0.103740,-0.476700,0.193639,-0.022336,0.049824,0.032128
1779678064110673765,2026-05-25T10:01:04.110722,prediction,-0.124162,0.847000,0.181094,True,-0.122390,0.841636,0.174344,0.001771,0.005364,0.006750,4.41,20,0.065958,1.062435,0.586642,0.011342,0.057156,0.000000,0.000000,0.097294,0.010898,-0.096600,-0.494340,0.197955,-0.023392,0.048992,0.031008
1779678064147836670,2026-05-25T10:01:04.147885,prediction,-0.124184,0.834000,0.175751,True,-0.121478,0.828590,0.168690,0.002707,0.005410,0.007061,5.50,20,0.065958,1.062435,0.586642,0.011780,0.055412,0.000000,0.000000,0.102533,0.010898,-0.088900,-0.472080,0.201192,-0.021504,0.046592,0.032288
1779678064189313966,2026-05-25T10:01:04.189339,prediction,-0.124175,0.839000,0.174101,True,-0.126489,0.833227,0.165689,0.002313,0.005773,0.008412,7.89,20,0.065482,1.058822,0.582960,0.010029,0.055849,0.000000,0.000000,0.102533,0.013517,-0.091420,-0.456540,0.202603,-0.019488,0.049600,0.031008
1779678064245328921,2026-05-25T10:01:04.245353,prediction,-0.124162,0.847000,0.173095,True,-0.126280,0.846159,0.165220,0.002118,0.000841,0.007875,8.39,20,0.065310,1.055705,0.579948,0.011342,0.057156,0.000000,0.000000,0.097294,0.010898,-0.098140,-0.483840,0.214057,-0.021440,0.046432,0.033120
1779678064300455570,2026-05-25T10:01:04.300495,prediction,-0.124169,0.843000,0.166912,True,-0.121081,0.840482,0.159924,0.003087,0.002518,0.006988,8.43,20,0.065246,1.052759,0.577478,0.014394,0.057156,0.000000,0.000000,0.099482,0.013517,-0.102900,-0.485380,0.225594,-0.021280,0.052544,0.033856
1779678064337710776,2026-05-25T10:01:04.337732,prediction,-0.124169,0.843000,0.161566,True,-0.122290,0.835527,0.152713,0.001878,0.007473,0.008853,5.28,20,0.065246,1.052759,0.577478,0.016576,0.055849,0.000000,0.002609,0.099914,0.016137,-0.087360,-0.517020,0.238874,-0.023264,0.044864,0.034176
1779678064377680100,2026-05-25T10:01:04.377700,prediction,-0.124153,0.852000,0.160849,True,-0.125256,0.847192,0.153112,0.001103,0.004808,0.007737,4.46,20,0.064473,1.048920,0.573644,0.017889,0.052354,0.000000,0.000000,0.102533,0.018756,-0.077420,-0.510160,0.263276,-0.024160,0.050208,0.035968
1779678064422709779,2026-05-25T10:01:04.422733,prediction,-0.126824,0.847000,0.157096,True,-0.126185,0.847415,0.150376,0.000639,0.000415,0.006720,4.45,20,0.064473,1.048920,0.573644,0.017889,0.045814,0.000000,0.000000,0.110822,0.019198,-0.087360,-0.522900,0.287678,-0.024224,0.045696,0.034912
1779678064471539977,2026-05-25T10:01:04.471559,prediction,-0.126838,0.843000,0.153546,True,-0.124796,0.840749,0.145088,0.002042,0.002251,0.008459,8.58,20,0.064126,1.045603,0.570496,0.019634,0.029669,0.000000,0.000000,0.123908,0.021375,-0.099820,-0.518000,0.315898,-0.022880,0.051264,0.033952
1779678064545508812,2026-05-25T10:01:04.545534,prediction,-0.126794,0.856000,0.151111,True,-0.127404,0.851734,0.140900,0.000609,0.004266,0.010211,5.72,20,0.064023,1.042401,0.566316,0.019634,0.006540,0.001740,0.000000,0.140056,0.021375,-0.105000,-0.553840,0.338723,-0.025600,0.050592,0.033728
1779678064585611207,2026-05-25T10:01:04.585637,prediction,-0.126824,0.847000,0.146430,True,-0.125486,0.849175,0.138443,0.001338,0.002175,0.007986,7.77,20,0.063761,1.040539,0.562642,0.019634,0.000000,0.000000,0.002609,0.150964,0.019198,-0.107240,-0.655900,0.324945,-0.024544,0.055840,0.035584
1779678064629133389,2026-05-25T10:01:04.629170,prediction,-0.126824,0.847000,0.143763,True,-0.128476,0.847241,0.134639,0.001652,0.000241,0.009124,8.20,20,0.063687,1.039774,0.559322,0.021378,0.025742,0.010907,0.002609,0.172351,0.018756,-0.086800,-0.916580,0.136701,-0.023712,0.060512,0.033408
1779678064677196500,2026-05-25T10:01:04.677223,prediction,-0.126808,0.852000,0.139583,True,-0.127970,0.851483,0.128911,0.001163,0.000517,0.010672,8.10,20,0.063687,1.039774,0.559322,0.019634,0.048865,0.038826,0.003051,0.188487,0.018756,-0.084840,-0.959140,0.118192,-0.027328,0.060448,0.034912
1779678064713355335,2026-05-25T10:01:04.713381,prediction,-0.126838,0.843000,0.134835,True,-0.125868,0.846835,0.124483,0.000970,0.003835,0.010351,6.34,20,0.064085,1.039267,0.554349,0.017889,0.063703,0.063265,0.002609,0.199396,0.018756,-0.103460,-0.929040,0.085656,-0.024064,0.058720,0.036960
1779678064757605891,2026-05-25T10:01:04.757625,prediction,-0.124184,0.834000,0.132745,True,-0.123967,0.837959,0.122131,0.000217,0.003960,0.010615,4.72,20,0.064085,1.039267,0.554349,0.016138,0.085081,0.115185,0.000000,0.207685,0.016137,-0.108080,-0.892080,0.051958,-0.020160,0.061728,0.034912
1779678064815746248,2026-05-25T10:01:04.815770,prediction,-0.124222,0.812000,0.124914,True,-0.124475,0.821959,0.114942,0.000253,0.009960,0.009972,4.50,20,0.064206,1.039014,0.549984,0.016576,0.096423,0.172785,0.000000,0.212924,0.018756,-0.096040,-0.934220,0.018758,-0.021504,0.066400,0.033280
1779678064862445728,2026-05-25T10:01:04.862463,prediction,-0.124184,0.834000,0.124682,True,-0.132937,0.837959,0.111360,0.008753,0.003960,0.013322,4.72,20,0.064315,1.038802,0.544342,0.016576,0.109517,0.234310,0.002609,0.221213,0.016137,-0.096040,-0.902020,0.017264,-0.022720,0.064800,0.036288
1779678064908210044,2026-05-25T10:01:04.908235,prediction,-0.126824,0.847000,0.122431,True,-0.129461,0.851451,0.111359,0.002636,0.004451,0.011072,4.60,20,0.064822,1.038540,0.539475,0.011342,0.122603,0.310661,0.000000,0.234310,0.010898,-0.105000,-0.871920,0.005893,-0.021440,0.057056,0.033856
1779678064951799020,2026-05-25T10:01:04.951816,prediction,-0.126824,0.847000,0.119764,True,-0.122024,0.843920,0.110916,0.004800,0.003080,0.008848,4.51,20,0.064822,1.038540,0.539475,0.011780,0.120859,0.319829,0.000000,0.229071,0.010467,-0.091700,-0.882140,-0.003320,-0.021216,0.064576,0.032128
1779678064997758411,2026-05-25T10:01:04.997783,prediction,-0.126824,0.847000,0.117098,True,-0.123113,0.838885,0.106636,0.003711,0.008115,0.010462,5.34,20,0.065047,1.038717,0.533535,0.008285,0.125661,0.360410,0.000000,0.236919,0.007847,-0.085120,-0.957460,0.029465,-0.026176,0.059840,0.031232
1779678065042049457,2026-05-25T10:01:05.042068,prediction,-0.126794,0.856000,0.113987,True,-0.126874,0.852796,0.102608,0.000080,0.003204,0.011380,5.26,20,0.065169,1.039000,0.528573,0.008285,0.130895,0.364335,0.000000,0.239538,0.008289,-0.079240,-0.913220,0.024070,-0.026048,0.059904,0.031520
1779678065085998727,2026-05-25T10:01:05.086023,prediction,-0.126794,0.856000,0.113987,True,-0.125663,0.858641,0.104736,0.001131,0.002641,0.009252,4.56,20,0.065169,1.039000,0.528573,0.006540,0.127406,0.364335,0.000000,0.234741,0.005228,-0.079940,-0.891800,0.030461,-0.024000,0.065568,0.031520
1779678065134536818,2026-05-25T10:01:05.134560,prediction,-0.126794,0.856000,0.113987,True,-0.123414,0.855297,0.105641,0.003381,0.000703,0.008346,4.66,20,0.065424,1.039586,0.522918,0.004796,0.123917,0.358662,0.000000,0.231691,0.005670,-0.097860,-0.871360,0.038346,-0.024672,0.064128,0.030112
1779678065191993713,2026-05-25T10:01:05.192011,prediction,-0.126895,0.826000,0.106579,True,-0.120487,0.839297,0.099754,0.006409,0.013297,0.006825,4.80,20,0.065411,1.040234,0.518359,0.005233,0.116063,0.343829,0.000000,0.223401,0.005228,-0.097860,-0.902020,0.042828,-0.024000,0.063232,0.029568
1779678065234926150,2026-05-25T10:01:05.234948,prediction,-0.126794,0.856000,0.111336,True,-0.134456,0.855297,0.100508,0.007662,0.000703,0.010828,4.87,20,0.065157,1.040866,0.514605,0.004796,0.117370,0.340335,0.002609,0.226452,0.002609,-0.101360,-0.904820,0.044073,-0.024000,0.063904,0.030624
1779678065283335282,2026-05-25T10:01:05.283360,prediction,-0.126808,0.852000,0.107683,True,-0.126786,0.861926,0.100586,0.000022,0.009926,0.007097,4.79,20,0.065157,1.040866,0.514605,0.004796,0.115626,0.340335,0.000000,0.229071,0.005228,-0.102200,-0.881860,0.035607,-0.024224,0.060000,0.030624
1779678065347173461,2026-05-25T10:01:05.347191,prediction,-0.126838,0.843000,0.102758,True,-0.120440,0.847870,0.097009,0.006398,0.004870,0.005749,4.71,20,0.065536,1.041717,0.509995,0.004796,0.115626,0.340335,0.000000,0.229071,0.005228,-0.102200,-0.881860,0.035607,-0.024224,0.060000,0.030624
1779678065385959995,2026-05-25T10:01:05.385988,prediction,-0.126956,0.808000,0.093942,True,-0.115951,0.831870,0.089451,0.011005,0.023870,0.004492,4.59,20,0.065193,1.042340,0.506473,0.004796,0.115626,0.340335,0.000000,0.229071,0.005228,-0.102200,-0.881860,0.035607,-0.024224,0.060000,0.030624
1779678065424768031,2026-05-25T10:01:05.424784,prediction,-0.126868,0.834000,0.097803,True,-0.130242,0.846237,0.090510,0.003374,0.012237,0.007293,6.39,20,0.064363,1.042509,0.503622,0.004796,0.058901,0.236050,0.000000,0.180640,0.005228,-0.097300,-0.818300,0.065404,-0.022208,0.050592,0.031456
1779678065466195476,2026-05-25T10:01:05.466220,prediction,-0.126895,0.826000,0.095775,True,-0.124513,0.843926,0.091046,0.002382,0.017926,0.004729,8.67,20,0.064363,1.042509,0.503622,0.003489,0.044069,0.208562,0.000000,0.161442,0.003051,-0.098840,-0.806260,0.087067,-0.023776,0.056448,0.032736
1779678065512439943,2026-05-25T10:01:05.512467,prediction,-0.126882,0.830000,0.094095,True,-0.118273,0.828493,0.088678,0.008609,0.001507,0.005417,7.85,20,0.064645,1.042564,0.499589,0.003051,0.029669,0.176272,0.002609,0.148345,0.005228,-0.095060,-0.808360,0.086320,-0.023488,0.051200,0.032128
1779678065546191603,2026-05-25T10:01:05.546211,prediction,-0.124229,0.808000,0.088481,True,-0.111492,0.812493,0.083269,0.012738,0.004493,0.005212,6.56,20,0.064645,1.042564,0.499589,0.003051,0.029669,0.176272,0.002609,0.148345,0.005228,-0.095060,-0.808360,0.086320,-0.023488,0.051200,0.032128
1779678065587042988,2026-05-25T10:01:05.587068,prediction,-0.124238,0.803000,0.084467,True,-0.117413,0.798376,0.077972,0.006825,0.004624,0.006495,7.21,20,0.063191,1.042550,0.495842,0.003051,0.029669,0.176272,0.002609,0.148345,0.005228,-0.095060,-0.808360,0.086320,-0.023488,0.051200,0.032128
1779678065627113213,2026-05-25T10:01:05.627133,prediction,-0.124260,0.790000,0.081128,True,-0.119124,0.788428,0.074714,0.005137,0.001572,0.006414,4.46,20,0.062102,1.041409,0.493272,0.003051,0.029669,0.176272,0.002609,0.148345,0.005228,-0.095060,-0.808360,0.086320,-0.023488,0.051200,0.032128
1779678065670535243,2026-05-25T10:01:05.670555,prediction,-0.121503,0.799000,0.083439,True,-0.114519,0.780918,0.076939,0.006984,0.018081,0.006500,5.20,20,0.062102,1.041409,0.493272,0.003489,0.019634,0.163624,0.000000,0.145295,0.002609,-0.088340,-0.799680,0.083249,-0.023168,0.051424,0.031744
1779678065712583630,2026-05-25T10:01:05.712619,prediction,-0.121505,0.780000,0.075784,True,-0.108727,0.764918,0.071533,0.012778,0.015081,0.004251,5.95,20,0.061481,1.038202,0.490078,0.004796,0.005233,0.137877,0.000000,0.145295,0.002609,-0.101360,-0.527800,0.076858,-0.023168,0.053152,0.032576
1779678065755379766,2026-05-25T10:01:05.755402,prediction,-0.118718,0.771000,0.070666,True,-0.108817,0.749440,0.064269,0.009901,0.021560,0.006398,4.34,20,0.061481,1.038202,0.490078,0.003489,0.014831,0.131765,0.000000,0.145726,0.002609,-0.101920,-0.476420,0.075364,-0.022880,0.053376,0.032064
1779678065802164764,2026-05-25T10:01:05.802187,prediction,-0.115975,0.785000,0.074308,True,-0.112797,0.763468,0.067597,0.003178,0.021532,0.006710,4.49,20,0.060135,1.032839,0.486708,0.003489,0.019196,0.126531,0.000000,0.140056,0.002609,-0.106540,-0.512120,0.092711,-0.024064,0.052832,0.031072
1779678065848221574,2026-05-25T10:01:05.848247,prediction,-0.116033,0.803000,0.076250,True,-0.109247,0.778078,0.072174,0.006786,0.024922,0.004076,8.62,20,0.059066,1.027443,0.483824,0.003051,0.022685,0.116932,0.000000,0.140498,0.002609,-0.097860,-0.478940,0.096363,-0.023840,0.048032,0.030176
1779678065887501491,2026-05-25T10:01:05.887526,prediction,-0.116004,0.794000,0.068388,True,-0.101761,0.768617,0.066704,0.014243,0.025383,0.001683,8.42,20,0.059066,1.027443,0.483824,0.001744,0.027925,0.104277,0.000000,0.132208,0.002609,-0.102200,-0.474880,0.100762,-0.024608,0.048640,0.029952
1779678065929595110,2026-05-25T10:01:05.929648,prediction,-0.116020,0.799000,0.066967,True,-0.101709,0.762935,0.061879,0.014311,0.036065,0.005088,7.84,20,0.057463,1.020140,0.480815,0.001744,0.031414,0.098604,0.000000,0.129147,0.002609,-0.109620,-0.489720,0.098770,-0.024992,0.047936,0.030944
1779678065972164026,2026-05-25T10:01:05.972189,prediction,-0.115991,0.790000,0.061807,True,-0.102825,0.764316,0.058250,0.013166,0.025683,0.003557,9.77,20,0.055704,1.013295,0.477928,0.001307,0.030976,0.085519,0.000000,0.116061,0.000000,-0.094780,-0.441420,0.106489,-0.027552,0.044640,0.027232
1779678066015170827,2026-05-25T10:01:06.015199,prediction,-0.116004,0.794000,0.060127,True,-0.102347,0.765596,0.056967,0.013657,0.028403,0.003160,7.66,20,0.055704,1.013295,0.477928,0.001307,0.030976,0.085519,0.000000,0.116061,0.000000,-0.094780,-0.441420,0.106489,-0.027552,0.044640,0.027232
1779678066054862406,2026-05-25T10:01:06.054886,prediction,-0.113235,0.790000,0.056287,True,-0.097748,0.765746,0.052062,0.015487,0.024254,0.004225,5.02,20,0.053905,1.005231,0.474546,0.001307,0.030976,0.085519,0.000000,0.116061,0.000000,-0.094780,-0.441420,0.106489,-0.027552,0.044640,0.027232
1779678066104002045,2026-05-25T10:01:06.104045,prediction,-0.113298,0.803000,0.054340,True,-0.099025,0.773494,0.047525,0.014273,0.029506,0.006815,9.47,20,0.051916,0.997627,0.471287,0.001307,0.037523,0.051919,0.000000,0.086386,0.005228,0.078120,-0.459620,0.118192,-0.033952,0.044864,-0.021280
1779678066149061116,2026-05-25T10:01:06.149085,prediction,-0.113298,0.803000,0.048862,True,-0.099274,0.780035,0.042838,0.014024,0.022965,0.006025,8.24,20,0.051916,0.997627,0.471287,0.004796,0.034034,0.046246,0.000000,0.081158,0.005670,0.091980,-0.470260,0.115619,-0.040128,0.044256,-0.025664
1779678066196041937,2026-05-25T10:01:06.196070,prediction,-0.113298,0.803000,0.046123,True,-0.097506,0.776267,0.040562,0.015792,0.026733,0.005562,8.56,20,0.049683,0.989787,0.467383,0.004796,0.034465,0.044938,0.000000,0.080716,0.005228,0.085120,-0.472360,0.115785,-0.043264,0.039072,-0.025120
1779678066234869881,2026-05-25T10:01:06.234888,prediction,-0.113298,0.803000,0.046123,True,-0.099419,0.782432,0.039484,0.013879,0.020568,0.006639,8.38,20,0.047734,0.982628,0.463470,0.005233,0.030976,0.047994,0.000000,0.078096,0.005228,0.085120,-0.490000,0.105742,-0.047872,0.043520,-0.024160
1779678066276878092,2026-05-25T10:01:06.276907,prediction,-0.113322,0.808000,0.044792,True,-0.098712,0.788892,0.037624,0.014610,0.019108,0.007167,7.93,20,0.047734,0.982628,0.463470,0.004796,0.026174,0.057592,0.000000,0.083335,0.002609,0.095060,-0.481040,0.101094,-0.058048,0.042304,-0.026560
1779678066316899005,2026-05-25T10:01:06.316930,prediction,-0.113298,0.803000,0.040646,True,-0.099111,0.791520,0.033393,0.014187,0.011480,0.007253,8.05,20,0.045514,0.976031,0.458862,0.005233,0.022685,0.061079,0.002609,0.083335,0.002609,0.094220,-0.480060,0.103169,-0.061184,0.042816,-0.028512
1779678066349227687,2026-05-25T10:01:06.349256,prediction,-0.113235,0.790000,0.034206,True,-0.097976,0.780232,0.027655,0.015259,0.009768,0.006550,4.39,20,0.045514,0.976031,0.458862,0.006540,0.014394,0.074611,0.000000,0.088574,0.005670,0.094500,-0.498680,0.098770,-0.070848,0.043744,-0.028512
1779678066391319397,2026-05-25T10:01:06.391337,prediction,-0.113278,0.799000,0.036768,True,-0.103494,0.787832,0.029274,0.009784,0.011167,0.007494,8.60,20,0.043233,0.971373,0.453231,0.007853,0.008285,0.087266,0.002609,0.094244,0.007847,0.084280,-0.502180,0.093707,-0.077984,0.044864,-0.030112
1779678066445866536,2026-05-25T10:01:06.445887,prediction,-0.113254,0.794000,0.032591,True,-0.099340,0.787368,0.026975,0.013914,0.006632,0.005616,8.66,20,0.041529,0.968789,0.448173,0.009598,0.003051,0.122605,0.000000,0.113000,0.007847,0.101640,-0.775180,0.062582,-0.089280,0.049312,-0.028832
1779678066501445661,2026-05-25T10:01:06.501470,prediction,-0.110414,0.780000,0.028582,True,-0.095142,0.777194,0.022286,0.015272,0.002806,0.006295,7.90,20,0.040161,0.968294,0.443742,0.007853,0.027487,0.163186,0.002609,0.134817,0.007847,0.094500,-0.886900,0.058183,-0.097408,0.050048,-0.030464
1779678066537043672,2026-05-25T10:01:06.537072,prediction,-0.110504,0.794000,0.029837,True,-0.100323,0.784046,0.020457,0.010181,0.009954,0.009380,8.48,20,0.040161,0.968294,0.443742,0.006540,0.060645,0.222964,0.003051,0.167112,0.010898,0.096040,-0.887180,0.035275,-0.106304,0.046592,-0.032000
1779678066572547011,2026-05-25T10:01:06.572591,prediction,-0.110479,0.790000,0.025925,True,-0.096294,0.781985,0.019802,0.014184,0.008015,0.006123,7.42,20,0.039136,0.969994,0.438963,0.005233,0.082899,0.261798,0.000000,0.183259,0.008289,0.090160,-0.881860,0.020667,-0.106464,0.053504,-0.033184
1779678066605119252,2026-05-25T10:01:06.605145,prediction,-0.107722,0.790000,0.025925,True,-0.091506,0.777589,0.019931,0.016216,0.012411,0.005994,4.80,20,0.039136,0.969994,0.438963,0.003051,0.093372,0.286668,0.002609,0.194157,0.005670,0.094500,-0.856800,0.010707,-0.105248,0.055616,-0.032352
1779678066656102034,2026-05-25T10:01:06.656129,prediction,-0.107609,0.776000,0.021870,True,-0.090046,0.767521,0.016459,0.017562,0.008479,0.005411,8.25,20,0.038308,0.972409,0.433837,0.001744,0.119114,0.345569,0.000000,0.223833,0.000000,0.111860,-0.932400,0.019505,-0.103744,0.063392,-0.031072
1779678066704945033,2026-05-25T10:01:06.705001,prediction,-0.107495,0.762000,0.015009,True,-0.090036,0.752771,0.010092,0.017459,0.009229,0.004917,8.59,20,0.037326,0.974112,0.429657,0.000000,0.142243,0.390514,0.000000,0.247827,0.000000,0.096600,-0.952000,0.018260,-0.096576,0.059680,-0.029952
1779678066745318582,2026-05-25T10:01:06.745337,prediction,-0.104546,0.747000,0.007808,True,-0.087801,0.740788,0.002882,0.016746,0.006212,0.004926,5.76,20,0.037326,0.974112,0.429657,0.000000,0.158388,0.420188,0.000000,0.266594,0.000000,0.103740,-0.881020,0.007968,-0.093440,0.062848,-0.030944
1779678066788914967,2026-05-25T10:01:06.788943,prediction,-0.104410,0.733000,0.003707,True,-0.084687,0.724788,-0.000797,0.019723,0.008212,0.004504,5.01,20,0.036186,0.974749,0.424663,0.001744,0.160133,0.436768,0.002609,0.274884,0.002609,0.112140,-0.894600,-0.011205,-0.092384,0.062784,-0.032800
1779678066833727469,2026-05-25T10:01:06.833761,prediction,-0.104459,0.738000,0.002326,True,-0.085449,0.719146,-0.003688,0.019010,0.018853,0.006014,5.16,20,0.035066,0.973954,0.420744,0.001744,0.163184,0.440255,0.000000,0.272264,0.000000,0.109620,-0.884100,-0.007470,-0.091392,0.067072,-0.032352
1779678066874056755,2026-05-25T10:01:06.874075,prediction,-0.101674,0.743000,0.000962,True,-0.077235,0.713346,-0.004793,0.024439,0.029654,0.005755,8.18,20,0.035066,0.973954,0.420744,0.001744,0.163184,0.440255,0.000000,0.272264,0.000000,0.109620,-0.884100,-0.007470,-0.091392,0.067072,-0.032352
1779678066911110297,2026-05-25T10:01:06.911136,prediction,-0.101720,0.747000,-0.000684,True,-0.074165,0.710634,-0.006150,0.027554,0.036366,0.005466,7.64,20,0.033608,0.970989,0.416498,0.001744,0.163184,0.440255,0.000000,0.272264,0.000000,0.109620,-0.884100,-0.007470,-0.091392,0.067072,-0.032352
1779678066957369161,2026-05-25T10:01:06.957479,prediction,-0.098893,0.747000,-0.000684,True,-0.069013,0.704004,-0.004851,0.029880,0.042996,0.004166,7.60,20,0.033608,0.970989,0.416498,0.000000,0.168424,0.447675,0.000000,0.277503,0.000000,0.113120,-0.896140,0.020999,-0.091168,0.068864,-0.033344
1779678066997784847,2026-05-25T10:01:06.997807,prediction,-0.098841,0.743000,-0.004713,True,-0.067183,0.696840,-0.006831,0.031658,0.046160,0.002118,9.53,20,0.031943,0.966851,0.412997,0.006540,0.158388,0.444181,0.000000,0.285792,0.005228,0.099820,-0.842240,0.005063,-0.089952,0.056064,-0.032896
1779678067035101406,2026-05-25T10:01:07.035126,prediction,-0.098893,0.747000,-0.003515,True,-0.066357,0.696932,-0.005597,0.032536,0.050068,0.002082,8.53,20,0.029440,0.960927,0.409454,0.008285,0.150528,0.435021,0.000000,0.282742,0.008289,0.107240,-0.882840,0.012284,-0.089056,0.061888,-0.032000
1779678067072970138,2026-05-25T10:01:07.072995,prediction,-0.098893,0.747000,-0.006346,True,-0.064126,0.697871,-0.006887,0.034766,0.049129,0.000541,8.23,20,0.029440,0.960927,0.409454,0.008285,0.142243,0.421928,0.000000,0.280553,0.008289,0.103740,-0.834820,0.015023,-0.093568,0.064960,-0.033024
1779678067113956052,2026-05-25T10:01:07.113981,prediction,-0.098958,0.752000,-0.004840,True,-0.064594,0.700614,-0.004945,0.034363,0.051386,0.000105,7.92,20,0.026290,0.953517,0.405941,0.010029,0.128712,0.397935,0.000000,0.274884,0.008289,0.096320,-0.788900,0.023240,-0.098400,0.063392,-0.031392
1779678067149699500,2026-05-25T10:01:07.149734,prediction,-0.098841,0.743000,-0.007550,True,-0.060356,0.689499,-0.005130,0.038485,0.053501,0.002421,5.15,20,0.026290,0.953517,0.405941,0.011342,0.099481,0.362588,0.000000,0.258736,0.013517,0.097300,-0.794500,0.026726,-0.100736,0.060512,-0.030336
1779678067185762028,2026-05-25T10:01:07.185784,prediction,-0.098958,0.752000,-0.004840,True,-0.064539,0.697932,-0.003730,0.034419,0.054068,0.001110,5.23,20,0.022772,0.944966,0.402634,0.013087,0.086825,0.332483,0.002609,0.250447,0.013517,0.113400,-0.772800,0.044571,-0.100800,0.055552,-0.032064
1779678067238846812,2026-05-25T10:01:07.238863,prediction,-0.099023,0.757000,-0.006149,True,-0.064807,0.710193,-0.004123,0.034216,0.046807,0.002025,4.42,20,0.019564,0.937055,0.399844,0.014394,0.062390,0.286229,0.002609,0.223401,0.016137,0.095760,-0.761040,0.062582,-0.102144,0.057728,-0.033184
1779678067289838490,2026-05-25T10:01:07.289857,prediction,-0.096139,0.752000,-0.007663,True,-0.057218,0.701659,-0.003522,0.038921,0.050341,0.004141,4.09,20,0.019564,0.937055,0.399844,0.017889,0.020940,0.202889,0.000000,0.183259,0.016137,0.075320,-0.695240,0.070384,-0.100800,0.053440,-0.037184
1779678067330378286,2026-05-25T10:01:07.330399,prediction,-0.096213,0.757000,-0.008963,True,-0.060287,0.706430,-0.005609,0.035925,0.050570,0.003354,4.47,20,0.016738,0.929622,0.397424,0.017889,0.004796,0.169290,0.002609,0.164492,0.018756,0.095480,-0.680960,0.089142,-0.100640,0.048992,-0.036736
1779678067386990612,2026-05-25T10:01:07.387013,prediction,-0.098958,0.752000,-0.010485,True,-0.061807,0.707051,-0.005486,0.037151,0.044949,0.004999,4.69,20,0.013517,0.921425,0.395117,0.018320,0.022685,0.107772,0.002609,0.132208,0.018756,0.105280,-0.432740,0.112631,-0.101248,0.051712,-0.036800
1779678067426088114,2026-05-25T10:01:07.426110,prediction,-0.095934,0.738000,-0.014747,True,-0.059451,0.700443,-0.008771,0.036483,0.037556,0.005976,4.10,20,0.010613,0.914320,0.393340,0.018320,0.022685,0.107772,0.002609,0.132208,0.018756,0.105280,-0.432740,0.112631,-0.101248,0.051712,-0.036800
1779678067477926442,2026-05-25T10:01:07.477950,prediction,-0.095860,0.733000,-0.016270,True,-0.059678,0.693426,-0.011818,0.036182,0.039574,0.004452,9.22,20,0.010613,0.914320,0.393340,0.019634,0.034465,0.079846,0.000000,0.118680,0.018756,0.109060,-0.385280,0.108149,-0.101248,0.043520,-0.037920
1779678067546669423,2026-05-25T10:01:07.546688,prediction,-0.098645,0.728000,-0.020654,True,-0.061922,0.688153,-0.015585,0.036723,0.039847,0.005069,6.33,20,0.007305,0.907586,0.391854,0.019634,0.073738,0.001740,0.002609,0.072857,0.018756,0.087080,-0.411320,0.278382,-0.100960,0.046432,-0.038464
1779678067590862166,2026-05-25T10:01:07.590878,prediction,-0.098645,0.728000,-0.020654,True,-0.059087,0.681786,-0.015809,0.039558,0.046214,0.004844,8.18,20,0.004601,0.902283,0.390567,0.017889,0.058901,0.016580,0.000000,0.086386,0.018756,0.093240,-0.454720,0.087731,-0.102304,0.040352,-0.035072
1779678067636770534,2026-05-25T10:01:07.636790,prediction,-0.098710,0.733000,-0.019123,True,-0.055062,0.677852,-0.014282,0.043648,0.055148,0.004842,7.55,20,0.002571,0.898396,0.389475,0.018320,0.044069,0.047994,0.002609,0.096863,0.018756,0.096040,-0.457800,0.075862,-0.100864,0.048480,-0.032352
1779678067674789728,2026-05-25T10:01:07.674815,prediction,-0.095860,0.733000,-0.021977,True,-0.053013,0.679144,-0.016868,0.042847,0.053856,0.005109,8.62,20,0.002571,0.898396,0.389475,0.016138,0.026174,0.087266,0.000000,0.113000,0.016137,0.109620,-0.480060,0.054033,-0.099680,0.045536,-0.033952
1779678067714450259,2026-05-25T10:01:07.714483,prediction,-0.095934,0.738000,-0.020439,True,-0.055477,0.683928,-0.016625,0.040456,0.054071,0.003813,9.05,20,0.000604,0.894497,0.388174,0.014831,0.009598,0.119118,0.002609,0.126528,0.013517,0.103740,-0.501760,0.050049,-0.102016,0.050368,-0.036416
1779678067749926747,2026-05-25T10:01:07.749945,prediction,-0.095934,0.738000,-0.023284,True,-0.056772,0.689800,-0.018459,0.039162,0.048200,0.004825,5.87,20,0.000604,0.894497,0.388174,0.016576,0.016138,0.172785,0.002609,0.156634,0.013517,0.087360,-0.780780,0.013612,-0.099744,0.051424,-0.036512
1779678067786905490,2026-05-25T10:01:07.786945,prediction,-0.096139,0.752000,-0.018953,True,-0.059392,0.703185,-0.014604,0.036747,0.048815,0.004349,5.27,20,-0.000993,0.891216,0.386534,0.016138,0.036209,0.209871,0.000000,0.167112,0.016137,0.098840,-0.823900,0.025813,-0.100640,0.056320,-0.038304
1779678067824312375,2026-05-25T10:01:07.824336,prediction,-0.096213,0.757000,-0.017406,True,-0.057041,0.709674,-0.011578,0.039171,0.047326,0.005828,5.37,20,-0.000993,0.891216,0.386534,0.016576,0.054105,0.238236,0.000000,0.183259,0.016137,0.092960,-0.857360,0.014442,-0.102080,0.057120,-0.037568
1779678067863691899,2026-05-25T10:01:07.863709,prediction,-0.096066,0.747000,-0.023331,True,-0.056768,0.705965,-0.015425,0.039298,0.041035,0.007906,7.15,20,-0.001615,0.889713,0.385375,0.019634,0.080279,0.287977,0.002609,0.207254,0.019198,0.097300,-0.825160,0.008632,-0.100288,0.056448,-0.038624
1779678067903867502,2026-05-25T10:01:07.903885,prediction,-0.096066,0.747000,-0.023331,True,-0.059310,0.705626,-0.017403,0.036756,0.041374,0.005928,8.74,20,-0.002557,0.890401,0.384012,0.019634,0.098174,0.321576,0.002609,0.226010,0.018756,0.102200,-0.811160,-0.004150,-0.101408,0.060512,-0.038848
1779678067940988713,2026-05-25T10:01:07.941011,prediction,-0.093239,0.747000,-0.028992,True,-0.058096,0.713402,-0.022368,0.035143,0.033598,0.006625,5.46,20,-0.002557,0.890401,0.384012,0.021378,0.104714,0.345569,0.002609,0.237361,0.021375,0.115220,-0.839720,-0.012782,-0.102624,0.061280,-0.039424
1779678067987475829,2026-05-25T10:01:07.987500,prediction,-0.093321,0.752000,-0.027421,True,-0.056989,0.716300,-0.020943,0.036332,0.035700,0.006477,8.80,20,-0.002444,0.890454,0.381783,0.023122,0.119114,0.360841,0.002609,0.242599,0.024426,0.128520,-0.852740,-0.020335,-0.101344,0.062720,-0.040128
1779678068023005361,2026-05-25T10:01:08.023029,prediction,-0.093321,0.752000,-0.027421,True,-0.056011,0.715689,-0.021014,0.037309,0.036311,0.006406,7.55,20,-0.002444,0.890454,0.381783,0.026174,0.122603,0.370008,0.002609,0.250447,0.026614,0.112140,-0.833840,-0.006723,-0.101856,0.052480,-0.038912
1779678068060656322,2026-05-25T10:01:08.060683,prediction,-0.093092,0.738000,-0.031821,True,-0.055476,0.707836,-0.025101,0.037616,0.030164,0.006720,7.37,20,-0.003069,0.891273,0.381508,0.026174,0.122603,0.370008,0.002609,0.250447,0.026614,0.112140,-0.833840,-0.006723,-0.101856,0.052480,-0.038912
1779678068097924328,2026-05-25T10:01:08.097950,prediction,-0.093174,0.743000,-0.033087,True,-0.057663,0.707528,-0.028859,0.035510,0.035472,0.004228,7.93,20,-0.003422,0.891946,0.379043,0.026174,0.122603,0.370008,0.002609,0.250447,0.026614,0.112140,-0.833840,-0.006723,-0.101856,0.052480,-0.038912
1779678068138779867,2026-05-25T10:01:08.138802,prediction,-0.093010,0.733000,-0.039100,True,-0.054476,0.702226,-0.032667,0.038535,0.030774,0.006433,7.55,20,-0.003422,0.891946,0.379043,0.026174,0.122603,0.370008,0.002609,0.250447,0.026614,0.112140,-0.833840,-0.006723,-0.101856,0.052480,-0.038912
1779678068186016540,2026-05-25T10:01:08.186041,prediction,-0.093239,0.747000,-0.037485,True,-0.058607,0.710951,-0.033027,0.034632,0.036049,0.004458,8.68,20,-0.004077,0.893379,0.376641,0.024429,0.125661,0.356915,0.002609,0.231691,0.021375,0.122360,-0.811160,0.005727,-0.104352,0.064128,-0.034688
1779678068226662151,2026-05-25T10:01:08.226684,prediction,-0.090161,0.733000,-0.041954,True,-0.048778,0.696572,-0.034628,0.041383,0.036428,0.007326,5.94,20,-0.003861,0.894612,0.375766,0.026174,0.123917,0.340335,0.002609,0.215543,0.024426,0.110320,-0.810880,0.006391,-0.103680,0.056320,-0.035232
1779678068271125787,2026-05-25T10:01:08.271155,prediction,-0.090071,0.728000,-0.043550,True,-0.046501,0.682266,-0.037894,0.043570,0.045734,0.005657,7.76,20,-0.003861,0.894612,0.375766,0.026174,0.120859,0.327249,0.003051,0.207254,0.026614,0.102200,-0.800660,0.012782,-0.102080,0.054432,-0.036192
1779678068314373795,2026-05-25T10:01:08.314400,prediction,-0.089981,0.723000,-0.045146,True,-0.045970,0.676227,-0.040337,0.044011,0.046773,0.004810,8.41,20,-0.004942,0.896431,0.373138,0.027925,0.114319,0.306736,0.002609,0.191107,0.027045,0.115220,-0.757260,0.030295,-0.101472,0.055712,-0.035232
1779678068347486206,2026-05-25T10:01:08.347510,prediction,-0.090071,0.728000,-0.043550,True,-0.046092,0.677855,-0.038324,0.043979,0.050145,0.005227,5.03,20,-0.004942,0.896431,0.373138,0.026174,0.106028,0.286229,0.002609,0.180640,0.027045,0.110040,-0.761880,0.040089,-0.103296,0.055840,-0.036128
1779678068384935183,2026-05-25T10:01:08.384958,prediction,-0.087115,0.723000,-0.045146,True,-0.043021,0.674614,-0.038829,0.044094,0.048386,0.006317,8.45,20,-0.006226,0.897262,0.370126,0.027925,0.094679,0.258303,0.002609,0.161442,0.027045,0.109620,-0.772100,0.039923,-0.103904,0.051424,-0.037632
1779678068426844600,2026-05-25T10:01:08.426868,prediction,-0.083824,0.703000,-0.048628,True,-0.036767,0.658614,-0.041112,0.047057,0.044386,0.007516,7.75,20,-0.007505,0.896519,0.368446,0.026174,0.084643,0.226451,0.002609,0.143106,0.027045,0.098840,-0.746060,0.038346,-0.101472,0.051264,-0.032512
1779678068485463606,2026-05-25T10:01:08.485485,prediction,-0.083718,0.698000,-0.050216,True,-0.040166,0.646148,-0.044641,0.043552,0.051852,0.005575,8.53,20,-0.007505,0.896519,0.368446,0.024429,0.070243,0.202458,0.002609,0.126970,0.024426,0.097300,-0.754180,0.055444,-0.103680,0.046880,-0.031616
1779678068540237016,2026-05-25T10:01:08.540261,prediction,-0.083718,0.698000,-0.050216,True,-0.037089,0.640074,-0.043528,0.046629,0.057926,0.006687,8.02,20,-0.009297,0.894125,0.365430,0.019634,0.058463,0.170599,0.002609,0.113000,0.018756,0.082460,-0.698320,0.040255,-0.100352,0.050368,-0.032000
1779678068581395819,2026-05-25T10:01:08.581424,prediction,-0.083484,0.687000,-0.053709,True,-0.032480,0.628503,-0.044249,0.051004,0.058497,0.009460,4.82,20,-0.010794,0.891141,0.363488,0.018320,0.040574,0.141371,0.000000,0.099914,0.016137,0.103740,-0.717220,0.067479,-0.098688,0.044032,-0.030560
1779678068618794300,2026-05-25T10:01:08.618821,prediction,-0.083611,0.693000,-0.051804,True,-0.033012,0.623984,-0.044331,0.050599,0.069016,0.007473,4.54,20,-0.010794,0.891141,0.363488,0.016138,0.034465,0.122605,0.002609,0.089005,0.016137,0.098140,-0.694960,0.062831,-0.099520,0.043648,-0.031392
1779678068672217814,2026-05-25T10:01:08.672241,prediction,-0.083611,0.693000,-0.051804,True,-0.029558,0.616866,-0.042864,0.054053,0.076134,0.008940,8.21,20,-0.012897,0.886087,0.361415,0.014394,0.020940,0.096426,0.000000,0.075477,0.016137,0.096040,-0.680680,0.071546,-0.100288,0.037856,-0.031904
1779678068723010993,2026-05-25T10:01:08.723044,prediction,-0.083484,0.687000,-0.050780,True,-0.028624,0.608522,-0.040574,0.054860,0.078478,0.010206,8.39,20,-0.014826,0.880707,0.359696,0.011342,0.006540,0.068938,0.000000,0.061949,0.010898,0.091140,-0.643160,0.087399,-0.100576,0.039424,-0.030464
1779678068770205266,2026-05-25T10:01:08.770229,prediction,-0.083611,0.693000,-0.048884,True,-0.025687,0.602248,-0.038276,0.057924,0.090752,0.010608,8.37,20,-0.016616,0.875168,0.358380,0.010029,0.010029,0.029666,0.000000,0.045812,0.005228,0.095060,-0.435820,0.101343,-0.102080,0.037696,-0.030560
1779678068812679417,2026-05-25T10:01:08.812723,prediction,-0.083611,0.693000,-0.048884,True,-0.023139,0.599518,-0.036465,0.060473,0.093482,0.012419,7.86,20,-0.016616,0.875168,0.358380,0.007853,0.020940,0.010907,0.000000,0.034903,0.005670,0.095480,-0.381500,0.104414,-0.100064,0.032896,-0.032736
1779678068851587516,2026-05-25T10:01:08.851614,prediction,-0.080559,0.687000,-0.047850,True,-0.021164,0.594934,-0.034558,0.059394,0.092066,0.013293,8.97,20,-0.019090,0.867562,0.357420,0.009598,0.029231,0.000000,0.000000,0.029665,0.008289,0.075320,-0.382200,0.106489,-0.099904,0.033728,-0.031232
1779678068891249677,2026-05-25T10:01:08.891272,prediction,-0.080444,0.682000,-0.049422,True,-0.018491,0.582380,-0.034669,0.061953,0.099620,0.014753,9.02,20,-0.021621,0.860045,0.356865,0.008285,0.034034,0.003487,0.000000,0.024426,0.008289,0.092260,-0.401100,0.286433,-0.101792,0.037856,-0.032064
1779678068947605499,2026-05-25T10:01:08.947631,prediction,-0.080215,0.672000,-0.052565,True,-0.018192,0.574879,-0.036750,0.062023,0.097121,0.015815,6.02,20,-0.021621,0.860045,0.356865,0.008285,0.034465,0.011339,0.000000,0.024426,0.007847,0.085820,-0.362880,0.282864,-0.102976,0.037856,-0.033792
1779678068989922952,2026-05-25T10:01:08.989942,prediction,-0.080696,0.693000,-0.045965,True,-0.017921,0.582603,-0.031416,0.062775,0.110397,0.014548,8.14,20,-0.024446,0.850780,0.356634,0.009598,0.039267,0.023993,0.000000,0.016137,0.007847,0.091700,-0.376600,0.284773,-0.102464,0.035840,-0.034464
1779678069027853231,2026-05-25T10:01:09.027890,prediction,-0.077511,0.682000,-0.046484,True,-0.015130,0.586140,-0.028531,0.062380,0.095860,0.017953,7.93,20,-0.026997,0.842056,0.356695,0.009598,0.039267,0.023993,0.000000,0.016137,0.007847,0.091700,-0.376600,0.284773,-0.102464,0.035840,-0.034464
1779678069069176255,2026-05-25T10:01:09.069200,prediction,-0.077511,0.682000,-0.046484,True,-0.013229,0.574749,-0.028868,0.064282,0.107251,0.017616,7.69,20,-0.026997,0.842056,0.356695,0.009598,0.039267,0.023993,0.000000,0.016137,0.007847,0.091700,-0.376600,0.284773,-0.102464,0.035840,-0.034464
1779678069106906734,2026-05-25T10:01:09.106931,prediction,-0.077780,0.693000,-0.043045,True,-0.013944,0.581280,-0.026630,0.063837,0.111720,0.016415,9.09,20,-0.029848,0.832492,0.357233,0.009598,0.039267,0.023993,0.000000,0.016137,0.007847,0.091700,-0.376600,0.284773,-0.102464,0.035840,-0.034464
1779678069140289974,2026-05-25T10:01:09.140315,prediction,-0.077265,0.672000,-0.049611,True,-0.009100,0.569823,-0.027851,0.068166,0.102177,0.021760,4.84,20,-0.029848,0.832492,0.357233,0.009598,0.039267,0.026179,0.000000,0.013517,0.010898,0.094780,-0.366380,0.283528,-0.102464,0.035840,-0.033728
1779678069179744964,2026-05-25T10:01:09.179770,prediction,-0.077633,0.687000,-0.044921,True,-0.016595,0.581614,-0.027668,0.061038,0.105386,0.017253,5.27,20,-0.032650,0.822964,0.358210,0.017889,0.045814,0.020067,0.003051,0.024426,0.013517,0.112140,-0.394940,0.268754,-0.103680,0.038240,-0.032064
1779678069221091254,2026-05-25T10:01:09.221115,prediction,-0.074708,0.687000,-0.044921,True,-0.012214,0.587580,-0.026563,0.062494,0.099420,0.018358,4.89,20,-0.032650,0.822964,0.358210,0.019634,0.039267,0.000000,0.003051,0.034903,0.019198,0.098140,-0.390880,0.253814,-0.103360,0.037024,-0.030400
1779678069258885940,2026-05-25T10:01:09.258911,prediction,-0.074865,0.693000,-0.043045,True,-0.009073,0.584041,-0.025013,0.065792,0.108959,0.018032,4.81,20,-0.035439,0.813486,0.359598,0.019634,0.029669,0.022246,0.002609,0.056279,0.018756,0.099120,-0.408800,0.067396,-0.102464,0.042144,-0.031904
1779678069311945180,2026-05-25T10:01:09.311968,prediction,-0.071783,0.687000,-0.044921,True,-0.004180,0.579207,-0.026551,0.067603,0.107793,0.018370,7.65,20,-0.038389,0.804001,0.361284,0.021378,0.009598,0.070686,0.002609,0.080716,0.018756,0.086380,-0.453460,0.043741,-0.102848,0.042912,-0.032224
1779678069359316704,2026-05-25T10:01:09.359334,prediction,-0.069181,0.698000,-0.041482,True,-0.006478,0.591216,-0.025162,0.062703,0.106784,0.016320,5.65,20,-0.041059,0.796349,0.362917,0.019634,0.001744,0.100352,0.000000,0.094244,0.019198,0.114940,-0.638540,0.033532,-0.103680,0.043040,-0.032736
1779678069394167805,2026-05-25T10:01:09.394193,prediction,-0.069034,0.693000,-0.043045,True,-0.006110,0.593188,-0.025164,0.062924,0.099812,0.017881,5.10,20,-0.041059,0.796349,0.362917,0.019634,0.011342,0.119118,0.002609,0.102533,0.018756,0.111860,-0.723100,0.021497,-0.103296,0.049664,-0.032128
1779678069436855583,2026-05-25T10:01:09.436873,prediction,-0.069034,0.693000,-0.045965,True,-0.010532,0.600982,-0.029142,0.058502,0.092018,0.016823,5.70,20,-0.044045,0.789562,0.364869,0.019634,0.011342,0.119118,0.002609,0.102533,0.018756,0.111860,-0.723100,0.021497,-0.103296,0.049664,-0.032128
1779678069474832105,2026-05-25T10:01:09.474852,prediction,-0.069328,0.703000,-0.045725,True,-0.015807,0.616982,-0.031724,0.053522,0.086018,0.014000,4.54,20,-0.044045,0.789562,0.364869,0.019634,0.011342,0.119118,0.002609,0.102533,0.018756,0.111860,-0.723100,0.021497,-0.103296,0.049664,-0.032128
1779678069510184397,2026-05-25T10:01:09.510203,prediction,-0.066429,0.703000,-0.051531,True,-0.012509,0.624333,-0.036220,0.053921,0.078667,0.015311,4.36,20,-0.046805,0.784123,0.366627,0.019634,0.011342,0.119118,0.002609,0.102533,0.018756,0.111860,-0.723100,0.021497,-0.103296,0.049664,-0.032128
1779678069550035214,2026-05-25T10:01:09.550055,prediction,-0.060975,0.713000,-0.048339,True,-0.012881,0.639597,-0.035627,0.048093,0.073403,0.012711,4.47,20,-0.046805,0.784123,0.366627,0.019634,0.019634,0.131765,0.000000,0.110391,0.018756,0.110320,-0.753900,0.021912,-0.102016,0.046880,-0.033024
1779678069591986947,2026-05-25T10:01:09.592012,prediction,-0.054833,0.703000,-0.051531,True,-0.009328,0.641323,-0.038071,0.045505,0.061677,0.013460,7.43,20,-0.049546,0.780884,0.368053,0.016138,0.078103,0.232563,0.003051,0.150964,0.013086,0.100660,-0.787360,0.014276,-0.105984,0.052096,-0.033856
1779678069642078142,2026-05-25T10:01:09.642097,prediction,-0.054457,0.693000,-0.054723,True,-0.010715,0.633859,-0.042820,0.043742,0.059141,0.011903,8.37,20,-0.049349,0.785201,0.367233,0.018320,0.096423,0.258303,0.002609,0.161873,0.016137,0.111580,-0.767760,0.009711,-0.104864,0.048032,-0.030176
1779678069685866426,2026-05-25T10:01:09.685892,prediction,-0.051541,0.693000,-0.054723,True,-0.008970,0.634504,-0.044971,0.042571,0.058496,0.009752,9.29,20,-0.049349,0.785201,0.367233,0.019196,0.107772,0.271396,0.002609,0.161873,0.018756,0.101640,-0.756000,-0.009711,-0.103424,0.050144,-0.030240
1779678069747192652,2026-05-25T10:01:09.747220,prediction,-0.051305,0.687000,-0.059568,True,-0.004425,0.627222,-0.047849,0.046881,0.059778,0.011719,5.95,20,-0.049593,0.787321,0.366641,0.019634,0.120859,0.291902,0.002609,0.167112,0.018756,0.103740,-0.787640,-0.010043,-0.101856,0.054048,-0.032960
1779678069786519637,2026-05-25T10:01:09.786545,prediction,-0.049240,0.708000,-0.052830,True,-0.010144,0.643222,-0.044167,0.039096,0.064778,0.008662,5.94,20,-0.050148,0.791525,0.365302,0.021378,0.132208,0.304996,0.002609,0.174959,0.021807,0.100940,-0.783020,-0.006723,-0.102976,0.049664,-0.033504
1779678069840986647,2026-05-25T10:01:09.841008,prediction,-0.049035,0.703000,-0.054434,True,-0.006743,0.643377,-0.042511,0.042293,0.059623,0.011922,8.09,20,-0.050591,0.796742,0.363576,0.021378,0.145295,0.321576,0.002609,0.175401,0.018756,0.097300,-0.780500,-0.015521,-0.104480,0.055616,-0.033728
1779678069896074172,2026-05-25T10:01:09.896123,prediction,-0.048626,0.693000,-0.057643,True,-0.006425,0.635302,-0.045409,0.042201,0.057697,0.012234,8.67,20,-0.051125,0.801349,0.362243,0.021378,0.153586,0.328989,0.002609,0.178021,0.021807,0.093520,-0.769020,-0.016683,-0.102080,0.053440,-0.032224
1779678069942151624,2026-05-25T10:01:09.942177,prediction,-0.048380,0.687000,-0.059568,True,-0.009622,0.637143,-0.048890,0.038759,0.049857,0.010678,9.49,20,-0.051125,0.801349,0.362243,0.022685,0.157075,0.330736,0.000000,0.169731,0.018756,0.106820,-0.790720,-0.021497,-0.102016,0.052384,-0.034016
1779678069998627802,2026-05-25T10:01:09.998655,prediction,-0.048380,0.687000,-0.059568,True,-0.007339,0.632655,-0.047738,0.041041,0.054345,0.011830,8.46,20,-0.051544,0.807136,0.360274,0.023122,0.164928,0.330736,0.002609,0.164051,0.018756,0.095760,-0.779940,-0.018426,-0.101344,0.055040,-0.034912
1779678070041170730,2026-05-25T10:01:10.041198,prediction,-0.048176,0.682000,-0.061172,True,-0.008510,0.633571,-0.048490,0.039665,0.048429,0.012682,8.56,20,-0.051602,0.812081,0.358431,0.022685,0.168424,0.330736,0.002609,0.164492,0.021375,0.094500,-0.752920,-0.004150,-0.100736,0.048928,-0.034784
1779678070081249285,2026-05-25T10:01:10.081276,prediction,-0.048830,0.698000,-0.050216,True,-0.010691,0.639715,-0.040017,0.038140,0.058285,0.010199,6.17,20,-0.051602,0.812081,0.358431,0.022685,0.168424,0.330736,0.002609,0.164492,0.021375,0.094500,-0.752920,-0.004150,-0.100736,0.048928,-0.034784
1779678070126947910,2026-05-25T10:01:10.126973,prediction,-0.047971,0.677000,-0.050993,True,-0.008896,0.630851,-0.037224,0.039075,0.046149,0.013769,6.09,20,-0.051343,0.817735,0.356193,0.022685,0.168424,0.330736,0.002609,0.164492,0.021375,0.094500,-0.752920,-0.004150,-0.100736,0.048928,-0.034784
1779678070171701477,2026-05-25T10:01:10.171720,prediction,-0.048176,0.682000,-0.046484,True,-0.011594,0.624305,-0.035344,0.036581,0.057695,0.011140,9.06,20,-0.051247,0.822353,0.354763,0.026174,0.161439,0.286229,0.002609,0.129589,0.023995,0.113960,-0.738920,-0.003154,-0.100192,0.041536,-0.032064
1779678070222274364,2026-05-25T10:01:10.222300,prediction,-0.048626,0.693000,-0.040125,True,-0.013583,0.636231,-0.028404,0.035042,0.056769,0.011722,10.07,20,-0.051247,0.822353,0.354763,0.031414,0.148352,0.252630,0.002609,0.105152,0.029665,0.093240,-0.694400,0.015023,-0.098912,0.040704,-0.034912
1779678070261559576,2026-05-25T10:01:10.261594,prediction,-0.045710,0.693000,-0.028447,True,-0.009924,0.633043,-0.012693,0.035786,0.059957,0.015754,5.02,20,-0.051449,0.825953,0.354107,0.032720,0.138748,0.234310,0.002609,0.091624,0.029665,0.090720,-0.688380,0.027224,-0.098688,0.045600,-0.035296
1779678070307887523,2026-05-25T10:01:10.307911,prediction,-0.045029,0.677000,-0.024481,True,-0.008855,0.617043,-0.006011,0.036174,0.059957,0.018470,8.78,20,-0.051592,0.829279,0.355662,0.032720,0.117808,0.185870,0.002609,0.067629,0.032284,0.101640,-0.661220,0.048721,-0.098560,0.043968,-0.036800
1779678070363265508,2026-05-25T10:01:10.363285,prediction,-0.044603,0.667000,-0.021552,True,-0.012523,0.606416,-0.004436,0.032081,0.060584,0.017115,5.45,20,-0.051686,0.830480,0.357944,0.032283,0.086388,0.131765,0.003051,0.042751,0.032284,0.105280,-0.612780,0.060424,-0.096960,0.035232,-0.034464
1779678070410967162,2026-05-25T10:01:10.411005,prediction,-0.044816,0.672000,-0.017117,True,-0.015815,0.610426,0.000284,0.029001,0.061574,0.017401,7.53,20,-0.051686,0.830480,0.357944,0.030976,0.042756,0.059340,0.002609,0.013517,0.027045,0.094220,-0.565320,0.084660,-0.097632,0.038304,-0.030784
1779678070454204287,2026-05-25T10:01:10.454228,prediction,-0.044603,0.667000,-0.009703,True,-0.015092,0.607464,0.011969,0.029512,0.059536,0.021671,6.58,20,-0.051486,0.829786,0.361301,0.026174,0.011342,0.010907,0.002609,0.000000,0.024426,0.084560,-0.557060,0.100596,-0.097632,0.033728,-0.031296
1779678070507798309,2026-05-25T10:01:10.507821,prediction,-0.044603,0.667000,-0.006741,True,-0.013871,0.593480,0.016433,0.030733,0.073520,0.023173,7.71,20,-0.050750,0.827410,0.365478,0.021378,0.024867,0.046685,0.000000,0.024426,0.021807,0.102480,-0.295680,0.311914,-0.099968,-0.037920,-0.032352
1779678070555635310,2026-05-25T10:01:10.555661,prediction,-0.041159,0.656000,-0.003948,True,-0.009616,0.578053,0.018107,0.031543,0.077947,0.022055,8.68,20,-0.050750,0.827410,0.365478,0.019634,0.060207,0.098604,0.003051,0.043193,0.016137,0.104720,-0.255360,0.304361,-0.093280,-0.047712,-0.033408
1779678070592738895,2026-05-25T10:01:10.592762,prediction,-0.037954,0.651000,-0.002383,True,-0.009202,0.571808,0.018677,0.028752,0.079192,0.021060,8.91,20,-0.050333,0.825817,0.369636,0.019634,0.078103,0.122605,0.000000,0.045812,0.013517,0.104440,-0.268380,0.321542,-0.096800,-0.046368,-0.035520
1779678070636378198,2026-05-25T10:01:10.636405,prediction,-0.034447,0.640000,0.000516,True,-0.005941,0.559427,0.023039,0.028505,0.080573,0.022522,4.48,20,-0.050014,0.822446,0.375034,0.017889,0.086388,0.130456,0.003051,0.045812,0.019198,0.105700,-0.272440,0.307930,-0.096000,-0.044704,-0.033568
1779678070677182010,2026-05-25T10:01:10.677206,prediction,-0.031985,0.651000,0.006582,True,-0.009111,0.568837,0.027399,0.022874,0.082163,0.020817,4.85,20,-0.050014,0.822446,0.375034,0.021378,0.093372,0.141371,0.002609,0.048432,0.018756,0.096320,-0.267400,0.325028,-0.097856,-0.042816,-0.034624
1779678070718183583,2026-05-25T10:01:10.718217,prediction,-0.028696,0.645000,0.007912,True,-0.004899,0.567900,0.028209,0.023797,0.077100,0.020297,9.87,20,-0.049957,0.817414,0.381619,0.020940,0.099481,0.150531,0.002609,0.051040,0.021375,0.104160,-0.296660,0.331170,-0.100640,-0.044096,-0.036064
1779678070757844189,2026-05-25T10:01:10.757869,prediction,-0.028696,0.645000,0.007912,True,-0.004949,0.565551,0.026401,0.023747,0.079449,0.018489,8.27,20,-0.049957,0.817414,0.381619,0.020940,0.107772,0.163624,0.002609,0.056721,0.021375,0.113120,-0.279580,0.325028,-0.099008,-0.047360,-0.035968
1779678070793851169,2026-05-25T10:01:10.793873,prediction,-0.029508,0.661000,0.012336,True,-0.008362,0.580834,0.030356,0.021146,0.080165,0.018020,6.64,20,-0.050009,0.812587,0.387742,0.019634,0.110823,0.167550,0.003051,0.056279,0.018756,0.093240,-0.296240,0.316728,-0.100288,-0.044544,-0.035360
1779678070835996051,2026-05-25T10:01:10.836020,prediction,-0.025440,0.640000,0.009536,True,-0.001310,0.572224,0.031342,0.024130,0.067776,0.021806,4.80,20,-0.050238,0.806636,0.394513,0.017889,0.112568,0.167112,0.000000,0.056721,0.016137,0.106820,-0.291620,0.309009,-0.100640,-0.044928,-0.031296
1779678070877685289,2026-05-25T10:01:10.877709,prediction,-0.022707,0.645000,0.010910,True,-0.001977,0.570341,0.028429,0.020731,0.074659,0.017519,6.68,20,-0.050238,0.806636,0.394513,0.016138,0.112568,0.169290,0.003051,0.056721,0.016137,0.103180,-0.298480,0.303697,-0.100800,-0.043360,-0.031008
1779678070913182651,2026-05-25T10:01:10.913215,prediction,-0.023897,0.667000,0.016957,True,-0.009001,0.586341,0.032969,0.014895,0.080659,0.016011,4.64,20,-0.050879,0.800080,0.401612,0.016138,0.112568,0.168859,0.002609,0.056279,0.013517,0.096040,-0.315140,0.311250,-0.099904,-0.047936,-0.031232
1779678070957869420,2026-05-25T10:01:10.957904,prediction,-0.019713,0.645000,0.013909,True,-0.001393,0.586146,0.034065,0.018320,0.058854,0.020156,4.77,20,-0.050879,0.800080,0.401612,0.013087,0.106028,0.161439,0.000000,0.053659,0.013517,0.082460,-0.331940,0.306934,-0.099840,-0.044032,-0.030336
1779678070998250049,2026-05-25T10:01:10.998298,prediction,-0.016432,0.640000,0.012542,True,-0.000661,0.580560,0.029469,0.015771,0.059440,0.016927,4.79,20,-0.051413,0.793994,0.407692,0.013087,0.104714,0.159691,0.000000,0.054101,0.010467,0.084840,-0.346220,0.304361,-0.099520,-0.043744,-0.031840
1779678071036834615,2026-05-25T10:01:11.036860,prediction,-0.015022,0.667000,0.019920,True,-0.006396,0.596560,0.035265,0.008627,0.070440,0.015345,5.07,20,-0.052230,0.787581,0.413433,0.013087,0.104714,0.159691,0.000000,0.054101,0.010467,0.084840,-0.346220,0.304361,-0.099520,-0.043744,-0.031840
1779678071072816380,2026-05-25T10:01:11.072841,prediction,-0.012064,0.667000,0.022882,True,-0.002072,0.612560,0.040837,0.009992,0.054440,0.017955,4.69,20,-0.052230,0.787581,0.413433,0.011342,0.101225,0.156204,0.000000,0.054101,0.008289,0.091980,-0.323260,0.315566,-0.100192,-0.043424,-0.032576
1779678071111469829,2026-05-25T10:01:11.111496,prediction,-0.009106,0.667000,0.022882,True,0.002202,0.615585,0.039260,0.011308,0.051415,0.016378,5.10,20,-0.053445,0.781904,0.418893,0.009598,0.052354,0.122605,0.000000,0.069807,0.010898,0.095060,-0.373520,0.295397,-0.099840,-0.046432,-0.034784
1779678071155108044,2026-05-25T10:01:11.155126,prediction,-0.005126,0.651000,0.018537,True,0.008533,0.603544,0.033582,0.013658,0.047456,0.015046,8.35,20,-0.053445,0.781904,0.418893,0.008285,0.037523,0.109950,0.000000,0.072857,0.010898,0.091980,-0.396060,0.288176,-0.100640,-0.046880,-0.032512
1779678071211140028,2026-05-25T10:01:11.211166,prediction,-0.002469,0.656000,0.022875,True,0.004036,0.615501,0.035736,0.006505,0.040499,0.012861,4.58,20,-0.055591,0.778040,0.424044,0.001744,0.003489,0.063265,0.002609,0.075477,0.005228,0.092960,-0.631960,0.269252,-0.098016,-0.045696,-0.033504
1779678071253148683,2026-05-25T10:01:11.253174,prediction,0.003139,0.661000,0.027197,True,0.011314,0.628797,0.040922,0.008174,0.032203,0.013725,5.11,20,-0.057559,0.776308,0.428007,0.000000,0.022685,0.046685,0.000000,0.072857,0.000000,0.082460,-0.702100,0.260205,-0.095840,-0.050368,-0.030624
1779678071294057869,2026-05-25T10:01:11.294083,prediction,0.003139,0.661000,0.024224,True,0.015586,0.629455,0.037339,0.012447,0.031544,0.013114,7.71,20,-0.059306,0.776375,0.430911,0.001744,0.051047,0.018320,0.000000,0.067629,0.003051,-0.045780,-0.735560,0.256221,-0.090048,-0.050592,-0.006400
1779678071335256650,2026-05-25T10:01:11.335279,prediction,0.006107,0.661000,0.027197,True,0.020781,0.623768,0.037270,0.014673,0.037232,0.010074,8.99,20,-0.059306,0.776375,0.430911,0.006540,0.070243,0.000000,0.000000,0.067629,0.008289,-0.090440,-0.726880,0.198951,-0.080384,-0.046656,0.023168
1779678071380334594,2026-05-25T10:01:11.380373,prediction,0.006460,0.656000,0.025855,True,0.021585,0.622722,0.036401,0.015126,0.033278,0.010546,9.13,20,-0.061029,0.778390,0.432715,0.006540,0.070243,0.000000,0.000000,0.067629,0.008289,-0.090440,-0.726880,0.198951,-0.080384,-0.046656,0.023168
1779678071419052236,2026-05-25T10:01:11.419077,prediction,0.009075,0.661000,0.027197,True,0.022068,0.628879,0.037066,0.012993,0.032121,0.009870,6.53,20,-0.061029,0.778390,0.432715,0.006540,0.070243,0.000000,0.000000,0.067629,0.008289,-0.090440,-0.726880,0.198951,-0.080384,-0.046656,0.023168
1779678071456804181,2026-05-25T10:01:11.456831,prediction,0.012781,0.651000,0.027502,True,0.028037,0.623839,0.036933,0.015256,0.027161,0.009431,4.43,20,-0.062965,0.782351,0.433591,0.006540,0.070243,0.000000,0.000000,0.067629,0.008289,-0.090440,-0.726880,0.198951,-0.080384,-0.046656,0.023168
1779678071503026135,2026-05-25T10:01:11.503053,prediction,0.011232,0.672000,0.033102,True,0.021568,0.639217,0.039545,0.010336,0.032783,0.006443,9.57,20,-0.065197,0.788329,0.433394,0.014394,0.130895,0.070247,0.000000,0.061949,0.010898,-0.097860,-0.760620,0.048887,-0.013760,-0.044096,0.031840
1779678071543193962,2026-05-25T10:01:11.543219,prediction,0.011601,0.667000,0.031769,True,0.027522,0.638202,0.040566,0.015921,0.028797,0.008797,6.22,20,-0.065197,0.788329,0.433394,0.013087,0.138748,0.078098,0.000000,0.061949,0.013517,-0.104720,-0.761320,0.046480,-0.006304,-0.045472,0.032960
1779678071582517606,2026-05-25T10:01:11.582540,prediction,0.010495,0.682000,0.038706,True,0.023481,0.654202,0.045843,0.012986,0.027797,0.007137,5.13,20,-0.068321,0.796051,0.433184,0.013087,0.138748,0.078098,0.000000,0.061949,0.013517,-0.104720,-0.761320,0.046480,-0.006304,-0.045472,0.032960
1779678071629789657,2026-05-25T10:01:11.629825,prediction,0.014182,0.672000,0.036056,True,0.031314,0.650434,0.044644,0.017132,0.021566,0.008588,4.52,20,-0.071186,0.802653,0.433504,0.013087,0.138748,0.078098,0.000000,0.061949,0.013517,-0.104720,-0.761320,0.046480,-0.006304,-0.045472,0.032960
1779678071668427795,2026-05-25T10:01:11.668451,prediction,0.014182,0.672000,0.039010,True,0.030882,0.649160,0.045933,0.016700,0.022840,0.006923,5.14,20,-0.071186,0.802653,0.433504,0.013087,0.138748,0.078098,0.000000,0.061949,0.013517,-0.104720,-0.761320,0.046480,-0.006304,-0.045472,0.032960
1779678071719170476,2026-05-25T10:01:11.719188,prediction,0.013428,0.682000,0.044581,True,0.026577,0.665160,0.050882,0.013149,0.016840,0.006301,10.30,20,-0.074691,0.809606,0.434581,0.008285,0.191108,0.137438,0.000000,0.054101,0.005228,-0.089460,-0.745780,0.033532,-0.014752,-0.042080,0.035008
1779678071761686724,2026-05-25T10:01:11.761717,prediction,0.014559,0.667000,0.040655,True,0.031386,0.660101,0.049634,0.016827,0.006899,0.008979,8.53,20,-0.077725,0.815508,0.435562,0.006540,0.191108,0.143111,0.000000,0.051482,0.005670,-0.086100,-0.736820,0.017596,-0.015712,-0.047584,0.035456
1779678071802308861,2026-05-25T10:01:11.802331,prediction,0.015765,0.651000,0.039456,True,0.032178,0.644101,0.046026,0.016413,0.006899,0.006570,9.10,20,-0.077725,0.815508,0.435562,0.004796,0.191108,0.147037,0.002609,0.045812,0.005228,-0.085540,-0.752360,0.027058,-0.016480,-0.042464,0.034912
1779678071847783405,2026-05-25T10:01:11.847808,prediction,0.014559,0.667000,0.043618,True,0.023668,0.660101,0.048772,0.009109,0.006899,0.005155,7.89,20,-0.081032,0.821838,0.436807,0.003051,0.191108,0.143111,0.000000,0.042751,0.002609,-0.090440,-0.704620,0.021165,-0.017920,-0.041632,0.034560
1779678071901857263,2026-05-25T10:01:11.901889,prediction,0.015011,0.661000,0.042057,True,0.025945,0.660319,0.049764,0.010934,0.000681,0.007707,8.61,20,-0.083600,0.827097,0.437990,0.000000,0.179766,0.137877,0.000000,0.043193,0.000000,-0.036540,-0.703920,0.041334,-0.020000,-0.041248,0.025280
1779678071950133270,2026-05-25T10:01:11.950171,prediction,0.015011,0.661000,0.042057,True,0.026251,0.654504,0.047915,0.011239,0.006496,0.005858,8.99,20,-0.083600,0.827097,0.437990,0.010029,0.160133,0.111698,0.000000,0.048432,0.010467,0.110880,-0.701120,0.056108,-0.027392,-0.045600,-0.028832
1779678071993681848,2026-05-25T10:01:11.993708,prediction,0.015765,0.651000,0.042445,True,0.027788,0.639821,0.047872,0.012023,0.011179,0.005428,7.68,20,-0.085715,0.832700,0.439289,0.016576,0.145295,0.090753,0.000000,0.054101,0.018756,0.111860,-0.649740,0.061088,-0.037696,-0.045376,-0.033568
1779678072037536471,2026-05-25T10:01:12.037559,prediction,0.015765,0.651000,0.045433,True,0.022750,0.637800,0.050524,0.006985,0.013199,0.005090,9.43,20,-0.087067,0.836965,0.440438,0.024429,0.112568,0.051919,0.000000,0.061949,0.026614,0.112840,-0.618940,0.092711,-0.062624,-0.046752,-0.031904
1779678072074900575,2026-05-25T10:01:12.074925,prediction,0.016217,0.645000,0.046891,True,0.022262,0.633895,0.051969,0.006044,0.011105,0.005078,8.15,20,-0.087067,0.836965,0.440438,0.029669,0.092934,0.026179,0.002609,0.067629,0.029665,0.107240,-0.615580,0.095450,-0.078080,-0.043808,-0.034176
1779678072115980528,2026-05-25T10:01:12.116007,prediction,0.012781,0.651000,0.048422,True,0.018005,0.633190,0.052196,0.005225,0.017809,0.003774,8.14,20,-0.087512,0.840649,0.442410,0.032720,0.066754,0.001740,0.002609,0.072426,0.032284,0.109340,-0.566300,0.183679,-0.099840,-0.048928,-0.038016
1779678072171162359,2026-05-25T10:01:12.171208,prediction,0.013592,0.640000,0.045615,True,0.020939,0.620654,0.050509,0.007348,0.019346,0.004894,7.74,20,-0.086796,0.842448,0.444029,0.035778,0.029231,0.046246,0.005228,0.078096,0.037523,0.130760,-0.563500,0.303531,-0.106304,-0.046304,-0.037632
1779678072212387545,2026-05-25T10:01:12.212427,prediction,0.010589,0.640000,0.048622,True,0.016283,0.614318,0.053402,0.005694,0.025682,0.004780,8.97,20,-0.086796,0.842448,0.444029,0.039267,0.001744,0.081593,0.005228,0.080716,0.034903,0.110320,-0.527800,0.323949,-0.102016,-0.048480,-0.039968
1779678072271015123,2026-05-25T10:01:12.271039,prediction,0.011022,0.634000,0.050117,True,0.015941,0.610352,0.055264,0.004919,0.023648,0.005147,8.40,20,-0.085917,0.842319,0.445933,0.045376,0.044069,0.135698,0.005670,0.083335,0.045812,0.119840,-0.255080,0.330506,-0.105024,-0.050432,-0.036960
1779678072314975295,2026-05-25T10:01:12.315021,prediction,0.006812,0.651000,0.057387,True,0.008569,0.620219,0.061623,0.001757,0.030781,0.004235,8.49,20,-0.085551,0.841177,0.445943,0.052354,0.073301,0.169290,0.005228,0.094244,0.048432,0.131740,-0.240520,0.347521,-0.109824,-0.053760,-0.037248
1779678072366673386,2026-05-25T10:01:12.366706,prediction,0.008010,0.634000,0.056150,True,0.013551,0.611302,0.062682,0.005541,0.022698,0.006532,7.82,20,-0.084002,0.839736,0.447182,0.058901,0.101225,0.206384,0.005670,0.105152,0.056721,0.131320,-0.231140,0.354742,-0.108192,-0.051488,-0.037792
1779678072403007758,2026-05-25T10:01:12.403044,prediction,0.005342,0.629000,0.054907,True,0.010978,0.599170,0.060539,0.005636,0.029830,0.005632,9.30,20,-0.084002,0.839736,0.447182,0.062390,0.106028,0.213797,0.005228,0.107772,0.059340,0.135100,-0.232120,0.368354,-0.109920,-0.054656,-0.038688
1779678072433933526,2026-05-25T10:01:12.433957,prediction,0.004998,0.634000,0.056150,True,0.007705,0.605083,0.062079,0.002707,0.028917,0.005929,5.74,20,-0.082345,0.836138,0.448581,0.065010,0.116063,0.232124,0.005228,0.115619,0.061949,0.131040,-0.256900,0.351256,-0.109248,-0.053984,-0.040960
1779678072487616527,2026-05-25T10:01:12.487638,prediction,0.004585,0.640000,0.057642,True,0.007384,0.612137,0.065415,0.002799,0.027863,0.007773,4.24,20,-0.082345,0.836138,0.448581,0.071994,0.122172,0.249143,0.008289,0.126970,0.069807,0.133280,-0.278040,0.349264,-0.107424,-0.057824,-0.038304
1779678072538313786,2026-05-25T10:01:12.538338,prediction,0.004241,0.645000,0.061883,True,0.008288,0.611987,0.069692,0.004048,0.033013,0.007809,7.84,20,-0.079993,0.831493,0.450104,0.073301,0.119552,0.249143,0.005670,0.132208,0.070249,0.121800,-0.286440,0.362959,-0.107200,-0.054560,-0.038624
1779678072579519382,2026-05-25T10:01:12.579546,prediction,0.004585,0.640000,0.060648,True,0.010043,0.605492,0.068321,0.005459,0.034508,0.007673,7.40,20,-0.078329,0.827479,0.451675,0.073301,0.116063,0.247396,0.005228,0.137436,0.072426,0.131040,-0.293860,0.363706,-0.107968,-0.055168,-0.035136
1779678072623208621,2026-05-25T10:01:12.623230,prediction,0.001246,0.645000,0.058884,True,0.002645,0.611111,0.064669,0.001399,0.033889,0.005784,7.54,20,-0.078329,0.827479,0.451675,0.069812,0.109517,0.247396,0.008289,0.137436,0.070249,0.132300,-0.291900,0.351671,-0.102624,-0.057440,-0.039360
1779678072660885022,2026-05-25T10:01:12.660901,prediction,0.003060,0.618000,0.055215,True,0.007477,0.595111,0.063645,0.004417,0.022889,0.008429,8.55,20,-0.077040,0.823834,0.453118,0.070243,0.101225,0.237797,0.002609,0.137436,0.065010,0.093240,-0.293440,0.342541,-0.102304,-0.056672,-0.040128
1779678072714312522,2026-05-25T10:01:12.714336,prediction,0.004998,0.634000,0.059166,True,0.002649,0.604217,0.064542,0.002349,0.029783,0.005376,8.38,20,-0.074919,0.818971,0.454811,0.063703,0.099919,0.232124,0.005228,0.137436,0.061949,0.113960,-0.306460,0.345612,-0.102080,-0.054208,-0.035584
1779678072754811162,2026-05-25T10:01:12.754832,prediction,0.004998,0.634000,0.059166,True,0.005568,0.607034,0.065222,0.000570,0.026965,0.006055,9.18,20,-0.074919,0.818971,0.454811,0.058901,0.091628,0.223395,0.005670,0.131766,0.056721,0.091420,-0.314020,0.344782,-0.101696,-0.057888,-0.036736
1779678072789947995,2026-05-25T10:01:12.789968,prediction,0.006099,0.618000,0.058258,True,0.009120,0.593339,0.063966,0.003022,0.024661,0.005708,8.33,20,-0.072526,0.813734,0.456625,0.050609,0.086388,0.213797,0.002609,0.126528,0.051040,0.103740,-0.319480,0.337893,-0.103200,-0.056992,-0.034688
1779678072836134332,2026-05-25T10:01:12.836161,prediction,0.005342,0.629000,0.060956,True,0.003729,0.596120,0.063670,0.001613,0.032880,0.002713,8.85,20,-0.071034,0.809871,0.457975,0.044069,0.076790,0.198964,0.002609,0.123908,0.043193,0.089180,-0.327600,0.342541,-0.103424,-0.053504,-0.035136
1779678072885248073,2026-05-25T10:01:12.885268,prediction,0.006099,0.618000,0.058258,True,0.008325,0.590509,0.063599,0.002226,0.027491,0.005341,8.00,20,-0.071034,0.809871,0.457975,0.030976,0.065447,0.182383,0.000000,0.113442,0.032284,0.077140,-0.321440,0.329759,-0.102848,-0.058496,-0.029664
1779678072922232450,2026-05-25T10:01:12.922252,prediction,0.005755,0.623000,0.062519,True,0.006454,0.590188,0.066368,0.000700,0.032812,0.003849,7.53,20,-0.069423,0.805608,0.459467,0.022685,0.057594,0.163624,0.002609,0.107772,0.021375,0.091140,-0.344680,0.319633,-0.103968,-0.052320,-0.030016
1779678072958494051,2026-05-25T10:01:12.958515,prediction,0.006925,0.606000,0.058377,True,0.011206,0.577713,0.063660,0.004282,0.028287,0.005283,4.11,20,-0.068372,0.802565,0.460614,0.014831,0.042318,0.139624,0.002609,0.096863,0.010898,0.089180,-0.361340,0.317392,-0.102688,-0.053056,-0.030720
1779678073003446497,2026-05-25T10:01:13.003465,prediction,0.003060,0.618000,0.061301,True,0.004030,0.580370,0.063897,0.000969,0.037630,0.002596,9.03,20,-0.068372,0.802565,0.460614,0.006540,0.027925,0.113445,0.000000,0.085954,0.005670,0.087640,-0.366660,0.305938,-0.099744,-0.047360,-0.030400
1779678073041432564,2026-05-25T10:01:13.041463,prediction,0.003060,0.618000,0.061301,True,0.007425,0.584020,0.064909,0.004364,0.033980,0.003608,8.01,20,-0.067981,0.798929,0.460921,0.000000,0.009598,0.074173,0.000000,0.064568,0.000000,0.045220,-0.372260,0.287346,-0.095904,-0.042816,-0.022496
1779678073090735776,2026-05-25T10:01:13.090759,prediction,0.001582,0.640000,0.066661,True,0.006288,0.600020,0.070732,0.004705,0.039980,0.004071,4.72,20,-0.067981,0.798929,0.460921,0.007853,0.001744,0.029666,0.000000,0.037954,0.005228,-0.069720,-0.581140,0.266015,-0.084768,-0.045536,0.023552
1779678073127894625,2026-05-25T10:01:13.127912,prediction,0.001985,0.634000,0.068216,True,0.010034,0.599763,0.073657,0.008048,0.034237,0.005441,4.32,20,-0.067541,0.796521,0.461276,0.014831,0.019634,0.000000,0.000000,0.021807,0.016137,-0.089180,-0.680680,0.248004,-0.071136,-0.042752,0.027392
1779678073160733692,2026-05-25T10:01:13.160751,prediction,0.001246,0.645000,0.070878,True,0.005564,0.606885,0.074793,0.004317,0.038115,0.003915,4.19,20,-0.067658,0.793768,0.462493,0.019634,0.029231,0.011339,0.000000,0.013517,0.018756,-0.092960,-0.720440,0.106489,-0.060512,-0.042080,0.029504
1779678073202303122,2026-05-25T10:01:13.202331,prediction,0.001985,0.634000,0.068216,True,0.007498,0.606008,0.073155,0.005513,0.027992,0.004939,5.31,20,-0.067658,0.793768,0.462493,0.026174,0.048865,0.052358,0.002609,0.000000,0.023995,-0.108080,-0.671440,0.062582,-0.038848,-0.023936,0.034848
1779678073241777513,2026-05-25T10:01:13.241800,prediction,0.001582,0.640000,0.069668,True,0.004586,0.612852,0.074447,0.003004,0.027148,0.004780,7.47,20,-0.067091,0.792863,0.462665,0.030976,0.060645,0.076351,0.000000,0.007847,0.029665,-0.101360,-0.692160,0.047808,-0.020704,0.043424,0.032352
1779678073288540394,2026-05-25T10:01:13.288566,prediction,0.001582,0.640000,0.072675,True,0.005216,0.616216,0.078784,0.003634,0.023784,0.006109,7.14,20,-0.067091,0.792863,0.462665,0.034465,0.071994,0.100352,0.008289,0.029665,0.032284,-0.110320,-0.719740,0.055776,-0.016704,0.037344,0.032000
1779678073327812299,2026-05-25T10:01:13.327845,prediction,0.001582,0.640000,0.072675,True,0.005631,0.616232,0.078455,0.004049,0.023768,0.005780,7.47,20,-0.067761,0.791610,0.464208,0.034465,0.071994,0.100352,0.008289,0.029665,0.032284,-0.110320,-0.719740,0.055776,-0.016704,0.037344,0.032000
1779678073364825299,2026-05-25T10:01:13.364852,prediction,0.001582,0.640000,0.075681,True,0.004497,0.616325,0.080077,0.002915,0.023675,0.004396,8.22,20,-0.067449,0.792337,0.465929,0.034465,0.071994,0.100352,0.008289,0.029665,0.032284,-0.110320,-0.719740,0.055776,-0.016704,0.037344,0.032000
1779678073412719925,2026-05-25T10:01:13.412744,prediction,0.000843,0.651000,0.078307,True,0.001296,0.631032,0.082735,0.000452,0.019967,0.004428,6.91,20,-0.067449,0.792337,0.465929,0.035778,0.076790,0.105586,0.005670,0.029665,0.032284,-0.100940,-0.728700,0.055195,-0.017920,0.039296,0.036192
1779678073450125150,2026-05-25T10:01:13.450159,prediction,0.000507,0.656000,0.079501,True,0.002101,0.636594,0.085402,0.001594,0.019406,0.005901,5.40,20,-0.066838,0.794039,0.468052,0.038829,0.098174,0.133951,0.002609,0.037954,0.037954,-0.101360,-0.717920,0.048555,-0.018592,0.044192,0.036576
1779678073488909498,2026-05-25T10:01:13.488934,prediction,-0.002797,0.661000,0.080694,True,-0.001008,0.642771,0.086537,0.001788,0.018229,0.005842,4.87,20,-0.066838,0.794039,0.468052,0.041012,0.101225,0.137438,0.002609,0.037954,0.040142,-0.123620,-0.706160,0.050630,-0.017984,0.043744,0.036800
1779678073537983692,2026-05-25T10:01:13.538009,prediction,-0.002797,0.661000,0.080694,True,-0.000758,0.646838,0.086036,0.002038,0.014162,0.005342,8.87,20,-0.066927,0.795519,0.469296,0.042318,0.101225,0.141371,0.005670,0.037954,0.040573,-0.124600,-0.684740,0.043326,-0.016096,0.038528,0.033408
1779678073578018219,2026-05-25T10:01:13.578052,prediction,-0.002469,0.656000,0.079501,True,-0.000625,0.645498,0.084930,0.001844,0.010501,0.005429,7.59,20,-0.066080,0.798887,0.471321,0.042756,0.101225,0.143111,0.002609,0.040142,0.040142,-0.109620,-0.703920,0.036354,-0.016544,0.040704,0.035520
1779678073615890535,2026-05-25T10:01:13.615921,prediction,-0.003190,0.667000,0.085089,True,-0.006561,0.661498,0.090885,0.003371,0.005502,0.005796,7.99,20,-0.066080,0.798887,0.471321,0.044069,0.104714,0.144858,0.002609,0.040573,0.040573,-0.118300,-0.714140,0.038346,-0.019776,0.044416,0.036960
1779678073652580310,2026-05-25T10:01:13.652599,prediction,-0.004173,0.682000,0.088645,True,-0.006974,0.677498,0.094441,0.002801,0.004502,0.005796,9.15,20,-0.064922,0.804084,0.473719,0.042756,0.102532,0.144858,0.000000,0.040142,0.043193,-0.115500,-0.702660,0.046646,-0.016256,0.040480,0.036064
1779678073691395858,2026-05-25T10:01:13.691419,prediction,-0.003845,0.677000,0.087460,True,-0.002385,0.678176,0.093055,0.001460,0.001176,0.005595,7.77,20,-0.063913,0.808952,0.475861,0.042318,0.102970,0.139624,0.005228,0.037954,0.043193,-0.102900,-0.693140,0.046148,-0.019104,0.041856,0.037856
1779678073736768482,2026-05-25T10:01:13.736792,prediction,-0.003845,0.677000,0.087460,True,-0.003800,0.676735,0.091090,0.000045,0.000265,0.003630,9.15,20,-0.063913,0.808952,0.475861,0.036209,0.094679,0.130456,0.002609,0.032284,0.037523,-0.112840,-0.644700,0.052622,-0.017920,0.039072,0.032064
1779678073780290512,2026-05-25T10:01:13.780307,prediction,-0.003190,0.667000,0.085089,True,-0.004689,0.675663,0.089690,0.001499,0.008663,0.004601,9.93,20,-0.062842,0.815885,0.477962,0.034465,0.084643,0.120858,0.002609,0.034903,0.029234,-0.097300,-0.651560,0.057851,-0.017664,0.035840,0.034784
1779678073836988333,2026-05-25T10:01:13.837012,prediction,-0.004501,0.687000,0.089831,True,-0.013194,0.691663,0.094328,0.008694,0.004663,0.004497,8.92,20,-0.061862,0.822464,0.479649,0.026174,0.075045,0.111259,0.000000,0.034903,0.024426,-0.078680,-0.635460,0.062665,-0.019872,0.042144,0.033728
1779678073877384968,2026-05-25T10:01:13.877426,prediction,-0.004501,0.687000,0.089831,True,-0.007463,0.700015,0.094809,0.002962,0.013016,0.004978,5.63,20,-0.061862,0.822464,0.479649,0.021378,0.068498,0.102099,0.003051,0.032284,0.021375,-0.073360,-0.651280,0.060922,-0.019776,0.039744,0.035456
1779678073920610002,2026-05-25T10:01:13.920633,prediction,-0.005221,0.698000,0.089527,True,-0.006664,0.704696,0.092106,0.001443,0.006696,0.002579,5.42,20,-0.060484,0.829644,0.481507,0.016576,0.061958,0.094679,0.000000,0.029665,0.013517,-0.078120,-0.652540,0.070052,-0.019424,0.040352,0.033728
1779678073973677345,2026-05-25T10:01:13.973701,prediction,-0.004501,0.687000,0.086901,True,-0.004263,0.700247,0.089920,0.000237,0.013247,0.003019,4.60,20,-0.059279,0.836591,0.483080,0.013087,0.057156,0.085519,0.000000,0.029665,0.010898,-0.093240,-0.648200,0.078767,-0.020384,0.039584,0.033504
1779678074012619942,2026-05-25T10:01:14.012641,prediction,-0.005221,0.698000,0.089527,True,-0.011471,0.712907,0.092400,0.006249,0.014907,0.002873,5.91,20,-0.059279,0.836591,0.483080,0.013087,0.057156,0.085519,0.000000,0.029665,0.010898,-0.093240,-0.648200,0.078767,-0.020384,0.039584,0.033504
1779678074051696488,2026-05-25T10:01:14.051733,prediction,-0.008448,0.703000,0.090721,True,-0.013840,0.723426,0.093603,0.005392,0.020426,0.002882,4.57,20,-0.057996,0.844823,0.484505,0.013087,0.057156,0.085519,0.000000,0.029665,0.010898,-0.093240,-0.648200,0.078767,-0.020384,0.039584,0.033504
1779678074096617681,2026-05-25T10:01:14.096649,prediction,-0.008448,0.703000,0.087818,True,-0.009938,0.720509,0.089761,0.001490,0.017509,0.001943,6.01,20,-0.056770,0.852480,0.485674,0.013087,0.053667,0.080284,0.000000,0.029665,0.010467,-0.091700,-0.634760,0.081174,-0.020160,0.037792,0.034464
1779678074144007013,2026-05-25T10:01:14.144033,prediction,-0.011659,0.708000,0.086125,True,-0.014451,0.722826,0.085691,0.002793,0.014826,0.000433,4.58,20,-0.056770,0.852480,0.485674,0.005233,0.034465,0.027919,0.000000,0.002609,0.002609,-0.083020,-0.600040,0.102837,-0.020096,0.009024,0.035296
1779678074184326333,2026-05-25T10:01:14.184350,prediction,-0.012281,0.718000,0.088545,True,-0.016655,0.733736,0.090431,0.004373,0.015736,0.001887,7.43,20,-0.055444,0.861220,0.486397,0.005233,0.034465,0.027919,0.000000,0.002609,0.002609,-0.083020,-0.600040,0.102837,-0.020096,0.009024,0.035296
1779678074220292159,2026-05-25T10:01:14.220316,prediction,-0.015156,0.718000,0.085666,True,-0.019657,0.738297,0.087581,0.004501,0.020297,0.001915,7.54,20,-0.055444,0.861220,0.486397,0.005233,0.034465,0.027919,0.000000,0.002609,0.002609,-0.083020,-0.600040,0.102837,-0.020096,0.009024,0.035296
1779678074261966937,2026-05-25T10:01:14.261992,prediction,-0.015459,0.723000,0.084014,True,-0.019185,0.740092,0.083371,0.003727,0.017092,0.000643,7.54,20,-0.053820,0.870574,0.486932,0.005233,0.034465,0.027919,0.000000,0.002609,0.002609,-0.083020,-0.600040,0.102837,-0.020096,0.009024,0.035296
1779678074297098795,2026-05-25T10:01:14.297126,prediction,-0.018325,0.723000,0.084014,True,-0.021532,0.740009,0.083036,0.003207,0.017009,0.000979,4.32,20,-0.052357,0.879198,0.487121,0.000000,0.000000,0.063265,0.000000,0.061949,0.000000,-0.099820,-0.562520,0.320546,-0.021984,-0.046432,0.023840
1779678074352185269,2026-05-25T10:01:14.352220,prediction,-0.018325,0.723000,0.084014,True,-0.023367,0.741823,0.083383,0.005042,0.018823,0.000631,4.31,20,-0.052357,0.879198,0.487121,0.003489,0.014831,0.098173,0.000000,0.083766,0.000000,-0.093240,-0.327600,0.336482,-0.021664,-0.050144,0.027168
1779678074387910707,2026-05-25T10:01:14.387938,prediction,-0.017735,0.713000,0.081561,True,-0.022518,0.734404,0.080335,0.004782,0.021404,0.001226,6.61,20,-0.050629,0.888240,0.486627,0.001307,0.021378,0.111259,0.000000,0.086386,0.000000,-0.091980,-0.296940,0.333245,-0.020000,-0.052224,0.034560
1779678074421065994,2026-05-25T10:01:14.421084,prediction,-0.020904,0.718000,0.082788,True,-0.028714,0.735321,0.079044,0.007810,0.017321,0.003744,5.14,20,-0.050629,0.888240,0.486627,0.004796,0.037960,0.137438,0.002609,0.099914,0.005228,-0.103460,-0.277060,0.344201,-0.017984,-0.056896,0.035968
1779678074461416940,2026-05-25T10:01:14.461437,prediction,-0.021764,0.733000,0.083614,True,-0.029216,0.750935,0.079928,0.007452,0.017935,0.003685,7.80,20,-0.048418,0.897316,0.485703,0.006540,0.050609,0.167112,0.000000,0.115619,0.005228,-0.101920,-0.278600,0.351837,-0.018880,-0.053984,0.034400
1779678074506128154,2026-05-25T10:01:14.506147,prediction,-0.021764,0.733000,0.083614,True,-0.024245,0.749607,0.082325,0.002480,0.016607,0.001288,8.07,20,-0.046438,0.905010,0.484677,0.006540,0.063703,0.197216,0.000000,0.134817,0.008289,-0.104440,-0.266560,0.357315,-0.016320,-0.055840,0.031520
1779678074537789889,2026-05-25T10:01:14.537805,prediction,-0.021764,0.733000,0.083614,True,-0.025014,0.745565,0.081204,0.003250,0.012565,0.002409,4.72,20,-0.046438,0.905010,0.484677,0.006540,0.068498,0.206384,0.000000,0.134817,0.005228,-0.099120,-0.262500,0.353663,-0.018048,-0.058880,0.032672
1779678074582754030,2026-05-25T10:01:14.582776,prediction,-0.024614,0.733000,0.080760,True,-0.030029,0.745868,0.077374,0.005415,0.012868,0.003385,6.44,20,-0.044272,0.912713,0.483337,0.006540,0.082030,0.226890,0.003051,0.145295,0.005228,-0.088900,-0.276500,0.373500,-0.018272,-0.056224,0.032736
1779678074619308148,2026-05-25T10:01:14.619326,prediction,-0.024893,0.738000,0.082003,True,-0.031350,0.754406,0.079667,0.006458,0.016406,0.002336,5.16,20,-0.044272,0.912713,0.483337,0.006102,0.089883,0.239976,0.003051,0.150964,0.002609,-0.081480,-0.267120,0.375326,-0.020480,-0.061184,0.031904
1779678074667310361,2026-05-25T10:01:14.667335,prediction,-0.024893,0.738000,0.082003,True,-0.028200,0.753508,0.081065,0.003308,0.015508,0.000938,4.77,20,-0.041633,0.919987,0.481798,0.004796,0.099481,0.256563,0.000000,0.156203,0.005670,-0.072520,-0.251020,0.375575,-0.018656,-0.056832,0.031616
1779678074704700513,2026-05-25T10:01:14.704725,prediction,-0.025394,0.747000,0.084240,True,-0.029906,0.758418,0.082679,0.004512,0.011418,0.001561,5.16,20,-0.039430,0.926007,0.480385,0.004796,0.109517,0.269649,0.000000,0.159254,0.002609,-0.069440,-0.253540,0.370761,-0.019872,-0.061344,0.031520
1779678074742775874,2026-05-25T10:01:14.742799,prediction,-0.027734,0.738000,0.082003,True,-0.031332,0.751836,0.080552,0.003598,0.013836,0.001450,5.02,20,-0.039430,0.926007,0.480385,0.004796,0.113006,0.274883,0.000000,0.164492,0.005670,-0.067760,-0.273700,0.384788,-0.019936,-0.067296,0.032288
1779678074782282279,2026-05-25T10:01:14.782299,prediction,-0.027734,0.738000,0.082003,True,-0.033737,0.751297,0.079617,0.006003,0.013297,0.002386,4.85,20,-0.036991,0.931613,0.479192,0.004796,0.119114,0.286229,0.000000,0.167112,0.005228,-0.080220,-0.282100,0.367939,-0.019648,-0.067072,0.031616
1779678074851100217,2026-05-25T10:01:14.851126,prediction,-0.027734,0.738000,0.082003,True,-0.033309,0.752948,0.080546,0.005574,0.014948,0.001457,14.23,20,-0.034998,0.935814,0.478164,0.005233,0.127406,0.291464,0.000000,0.167112,0.005670,-0.082460,-0.267820,0.379974,-0.018592,-0.065792,0.031296
1779678074887698196,2026-05-25T10:01:14.887724,prediction,-0.028005,0.743000,0.083246,True,-0.034090,0.754917,0.082422,0.006085,0.011917,0.000824,8.11,20,-0.034998,0.935814,0.478164,0.006540,0.129150,0.291902,0.002609,0.167112,0.005228,-0.093800,-0.280140,0.393586,-0.021984,-0.060832,0.031520
1779678074935685276,2026-05-25T10:01:14.935710,prediction,-0.028005,0.743000,0.080408,True,-0.032900,0.753063,0.078840,0.004895,0.010063,0.001568,9.13,20,-0.032798,0.939545,0.477317,0.006540,0.137004,0.310661,0.000000,0.169731,0.002609,-0.092680,-0.239820,0.388606,-0.020480,-0.060512,0.032288
1779678074990720318,2026-05-25T10:01:14.990741,prediction,-0.028005,0.743000,0.080408,True,-0.032646,0.750909,0.078445,0.004641,0.007909,0.001963,8.08,20,-0.031425,0.941545,0.476901,0.004796,0.151841,0.323316,0.000000,0.169731,0.002609,-0.091420,-0.288540,0.390515,-0.019328,-0.066848,0.032448
1779678075037363139,2026-05-25T10:01:15.037390,prediction,-0.028005,0.743000,0.080408,True,-0.033099,0.750983,0.078844,0.005095,0.007983,0.001565,8.71,20,-0.031023,0.942436,0.476398,0.006540,0.158388,0.328989,0.000000,0.169731,0.002609,-0.089180,-0.282940,0.386697,-0.020992,-0.064352,0.033632
1779678075075215052,2026-05-25T10:01:15.075240,prediction,-0.024893,0.738000,0.082003,True,-0.028464,0.745665,0.081448,0.003571,0.007665,0.000555,6.68,20,-0.031023,0.942436,0.476398,0.006540,0.164928,0.336409,0.000000,0.172782,0.005228,-0.096040,-0.266840,0.402882,-0.019936,-0.061344,0.033568
1779678075120934998,2026-05-25T10:01:15.120967,prediction,-0.025394,0.747000,0.084240,True,-0.031529,0.751721,0.081907,0.006135,0.004721,0.002333,8.92,20,-0.029913,0.944637,0.476838,0.006540,0.169730,0.341643,0.002609,0.175401,0.005670,-0.094780,-0.246400,0.390847,-0.018144,-0.059904,0.033728
1779678075156826013,2026-05-25T10:01:15.156845,prediction,-0.025171,0.743000,0.086083,True,-0.028456,0.748530,0.084803,0.003284,0.005530,0.001280,6.45,20,-0.029913,0.944637,0.476838,0.008285,0.178022,0.344261,0.003051,0.164492,0.005670,-0.084280,-0.271460,0.382049,-0.016928,-0.067904,0.034400
1779678075196509362,2026-05-25T10:01:15.196543,prediction,-0.025394,0.747000,0.087071,True,-0.029621,0.748801,0.085783,0.004227,0.001801,0.001288,4.57,20,-0.030422,0.945421,0.476717,0.009598,0.178022,0.338588,0.000000,0.161442,0.008289,-0.097020,-0.278600,0.384290,-0.018432,-0.056384,0.034080
1779678075250332071,2026-05-25T10:01:15.250355,prediction,-0.022567,0.747000,0.087071,True,-0.024574,0.748423,0.086672,0.002007,0.001423,0.000399,4.71,20,-0.028962,0.945864,0.477564,0.011342,0.179766,0.328989,0.000000,0.153584,0.008289,-0.103180,-0.291620,0.396491,-0.019488,-0.057600,0.034848
1779678075292735748,2026-05-25T10:01:15.292758,prediction,-0.023141,0.757000,0.092355,True,-0.027155,0.758598,0.093220,0.004015,0.001598,0.000865,4.25,20,-0.029674,0.945602,0.477142,0.014831,0.178022,0.323316,0.003051,0.145726,0.013517,-0.113680,-0.285180,0.371259,-0.018048,-0.057824,0.033184
1779678075334541716,2026-05-25T10:01:15.334566,prediction,-0.020330,0.757000,0.092355,True,-0.020915,0.760347,0.093524,0.000585,0.003347,0.001169,4.45,20,-0.029674,0.945602,0.477142,0.016576,0.178022,0.314156,0.002609,0.140056,0.016137,-0.096600,-0.311500,0.380306,-0.021760,-0.060000,0.035232
1779678075377559643,2026-05-25T10:01:15.377597,prediction,-0.020330,0.757000,0.095169,True,-0.018895,0.758522,0.096335,0.001435,0.001522,0.001166,5.58,20,-0.030260,0.946408,0.479143,0.017889,0.174964,0.304557,0.000000,0.129147,0.016137,-0.090440,-0.322700,0.380887,-0.022560,-0.058720,0.037472
1779678075448067545,2026-05-25T10:01:15.448094,prediction,-0.016913,0.747000,0.095563,True,-0.014019,0.751305,0.096822,0.002894,0.004305,0.001259,10.25,20,-0.031752,0.946887,0.480891,0.020940,0.163184,0.280556,0.002609,0.116061,0.018756,-0.118020,-0.319200,0.372421,-0.019488,-0.054560,0.035680
1779678075490099904,2026-05-25T10:01:15.490125,prediction,-0.017217,0.752000,0.096773,True,-0.017869,0.757720,0.097733,0.000652,0.005721,0.000959,8.17,20,-0.031752,0.946887,0.480891,0.022685,0.158388,0.267902,0.002609,0.110391,0.021375,-0.112140,-0.341600,0.379476,-0.020832,-0.058944,0.036192
1779678075536239619,2026-05-25T10:01:15.536275,prediction,-0.017217,0.752000,0.096773,True,-0.015985,0.758525,0.098679,0.001231,0.006525,0.001905,9.00,20,-0.032714,0.947163,0.481580,0.022685,0.147039,0.249143,0.000000,0.102091,0.023995,-0.109620,-0.343420,0.365034,-0.021664,-0.052608,0.034784
1779678075572598708,2026-05-25T10:01:15.572616,prediction,-0.017217,0.752000,0.096773,True,-0.013909,0.755518,0.098924,0.003307,0.003518,0.002151,8.55,20,-0.034675,0.947840,0.484067,0.024429,0.135697,0.230377,0.000000,0.097294,0.023995,-0.122360,-0.331940,0.359556,-0.018720,-0.048928,0.032896
1779678075611511301,2026-05-25T10:01:15.611533,prediction,-0.016913,0.747000,0.098394,True,-0.012718,0.748599,0.101063,0.004196,0.001599,0.002669,5.28,20,-0.034675,0.947840,0.484067,0.024429,0.125661,0.212057,0.003051,0.085954,0.024426,-0.096600,-0.363860,0.348683,-0.018368,-0.048096,0.031456
1779678075658488253,2026-05-25T10:01:15.658511,prediction,-0.017217,0.752000,0.099596,True,-0.016411,0.753810,0.101330,0.000806,0.001810,0.001734,8.09,20,-0.037271,0.948387,0.486371,0.024429,0.125661,0.212057,0.003051,0.085954,0.024426,-0.096600,-0.363860,0.348683,-0.018368,-0.048096,0.031456
1779678075701167490,2026-05-25T10:01:15.701206,prediction,-0.017520,0.757000,0.100798,True,-0.017333,0.760685,0.102297,0.000187,0.003685,0.001499,8.99,20,-0.038491,0.948522,0.488300,0.024429,0.125661,0.212057,0.003051,0.085954,0.024426,-0.096600,-0.363860,0.348683,-0.018368,-0.048096,0.031456
1779678075738799454,2026-05-25T10:01:15.738816,prediction,-0.017217,0.752000,0.099596,True,-0.014033,0.754631,0.101838,0.003183,0.002631,0.002243,9.13,20,-0.038491,0.948522,0.488300,0.024429,0.120859,0.198964,0.002609,0.078538,0.024426,-0.095760,-0.379400,0.352003,-0.021824,-0.051488,0.032064
1779678075787769100,2026-05-25T10:01:15.787793,prediction,-0.017217,0.752000,0.099596,True,-0.015433,0.751017,0.101411,0.001784,0.000983,0.001815,8.34,20,-0.040487,0.948960,0.490966,0.019634,0.067192,0.111259,0.000000,0.045812,0.018756,-0.109340,-0.389620,0.328929,-0.019712,-0.046976,0.035296
1779678075838436646,2026-05-25T10:01:15.838477,prediction,-0.017520,0.757000,0.100798,True,-0.017999,0.757598,0.102884,0.000479,0.000599,0.002086,8.57,20,-0.041732,0.949217,0.492493,0.016576,0.054105,0.091192,0.003051,0.040142,0.016137,-0.071260,-0.419020,0.340632,-0.022272,-0.042368,0.036736
1779678075877476329,2026-05-25T10:01:15.877500,prediction,-0.017217,0.752000,0.099596,True,-0.017089,0.756489,0.101613,0.000128,0.004489,0.002017,7.46,20,-0.041732,0.949217,0.492493,0.010029,0.042756,0.079846,0.000000,0.037954,0.013517,-0.077420,-0.396480,0.316894,-0.020384,-0.042240,0.038080
1779678075920674246,2026-05-25T10:01:15.920691,prediction,-0.014398,0.752000,0.099596,True,-0.014246,0.752087,0.100576,0.000152,0.000087,0.000980,8.83,20,-0.043206,0.950040,0.494841,0.010029,0.035778,0.065013,0.002609,0.029665,0.005228,-0.083300,-0.415660,0.321542,-0.021600,-0.041536,0.038976
1779678075961111103,2026-05-25T10:01:15.961137,prediction,-0.014398,0.752000,0.099596,True,-0.015148,0.751475,0.100698,0.000750,0.000525,0.001102,7.30,20,-0.044038,0.950615,0.495510,0.007853,0.027925,0.057592,0.000000,0.029665,0.005228,-0.088900,-0.418180,0.311914,-0.021664,-0.039136,0.038688
1779678076007898527,2026-05-25T10:01:16.007922,prediction,-0.014398,0.752000,0.102418,True,-0.016435,0.751297,0.104360,0.002037,0.000703,0.001941,8.26,20,-0.044038,0.950615,0.495510,0.007853,0.027925,0.057592,0.000000,0.029665,0.005228,-0.088900,-0.418180,0.311914,-0.021664,-0.039136,0.038688
1779678076043774088,2026-05-25T10:01:16.043794,prediction,-0.014087,0.747000,0.101225,True,-0.015133,0.747355,0.102215,0.001046,0.000355,0.000990,7.47,20,-0.044752,0.950346,0.496277,0.007853,0.027925,0.057592,0.000000,0.029665,0.005228,-0.088900,-0.418180,0.311914,-0.021664,-0.039136,0.038688
1779678076088358962,2026-05-25T10:01:16.088377,prediction,-0.014087,0.747000,0.101225,True,-0.014979,0.744430,0.101023,0.000893,0.002570,0.000202,7.90,20,-0.044752,0.950346,0.496277,0.006540,0.027487,0.053667,0.000000,0.026614,0.005228,-0.083580,-0.428400,0.317060,-0.021824,-0.038016,0.039584
1779678076137235711,2026-05-25T10:01:16.137261,prediction,-0.014087,0.747000,0.101225,True,-0.015395,0.743769,0.101638,0.001309,0.003231,0.000414,7.91,20,-0.045401,0.950459,0.497884,0.000000,0.003051,0.027919,0.000000,0.024426,0.002609,-0.036820,-0.436380,0.305523,-0.025728,-0.039744,0.019424
1779678076176268471,2026-05-25T10:01:16.176290,prediction,-0.014087,0.747000,0.101225,True,-0.015481,0.742755,0.102538,0.001394,0.004245,0.001313,10.01,20,-0.045353,0.949031,0.497960,0.003051,0.001744,0.029666,0.000000,0.029665,0.000000,0.071260,-0.432320,0.313491,-0.027328,-0.038688,-0.007808
1779678076232740218,2026-05-25T10:01:16.232761,prediction,-0.014087,0.747000,0.101225,True,-0.015324,0.741834,0.101838,0.001237,0.005166,0.000613,8.25,20,-0.045027,0.949543,0.497075,0.010029,0.000000,0.031413,0.000000,0.032284,0.013517,0.112420,-0.445760,0.311416,-0.033504,-0.041920,-0.027008
1779678076272710119,2026-05-25T10:01:16.272727,prediction,-0.014398,0.752000,0.102418,True,-0.016078,0.744739,0.102379,0.001680,0.007261,0.000040,8.73,20,-0.045027,0.949543,0.497075,0.016576,0.000000,0.037086,0.000000,0.037954,0.016137,0.109620,-0.534380,0.326024,-0.050592,-0.041760,-0.031008
1779678076314457757,2026-05-25T10:01:16.314478,prediction,-0.014398,0.752000,0.102418,True,-0.015204,0.745490,0.103076,0.000806,0.006510,0.000658,8.44,20,-0.045062,0.948319,0.497497,0.021378,0.000000,0.046685,0.000000,0.048432,0.018756,0.118300,-0.571200,0.329261,-0.064224,-0.046656,-0.031616
1779678076351923488,2026-05-25T10:01:16.351941,prediction,-0.014709,0.757000,0.103612,True,-0.016434,0.749478,0.104389,0.001725,0.007522,0.000777,8.24,20,-0.045062,0.948319,0.497497,0.024429,0.000000,0.052358,0.000000,0.056721,0.023995,0.113680,-0.635180,0.319799,-0.080384,-0.047360,-0.033280
1779678076390057616,2026-05-25T10:01:16.390081,prediction,-0.014087,0.747000,0.101225,True,-0.013751,0.742832,0.102309,0.000335,0.004168,0.001085,8.06,20,-0.045086,0.945369,0.498633,0.024429,0.001744,0.051919,0.000000,0.054101,0.023995,0.110320,-0.677600,0.325194,-0.088000,-0.045152,-0.033344
1779678076426067099,2026-05-25T10:01:16.426104,prediction,-0.013838,0.743000,0.100270,True,-0.015261,0.737659,0.100197,0.001423,0.005341,0.000073,7.09,20,-0.045257,0.943970,0.498240,0.027487,0.003489,0.048432,0.002609,0.051040,0.027045,0.109620,-0.707700,0.326522,-0.107200,-0.045824,-0.034080
1779678076473345648,2026-05-25T10:01:16.473369,prediction,-0.014398,0.752000,0.102418,True,-0.018651,0.748718,0.102682,0.004253,0.003282,0.000263,8.44,20,-0.045257,0.943970,0.498240,0.027487,0.003489,0.048432,0.002609,0.051040,0.027045,0.109620,-0.707700,0.326522,-0.107200,-0.045824,-0.034080
1779678076512003037,2026-05-25T10:01:16.512077,prediction,-0.014087,0.747000,0.104056,True,-0.015044,0.745393,0.106236,0.000958,0.001607,0.002180,7.62,20,-0.044916,0.942561,0.498847,0.027487,0.003489,0.048432,0.002609,0.051040,0.027045,0.109620,-0.707700,0.326522,-0.107200,-0.045824,-0.034080
1779678076553733140,2026-05-25T10:01:16.553752,prediction,-0.014087,0.747000,0.104056,True,-0.015486,0.740838,0.104568,0.001399,0.006162,0.000513,7.38,20,-0.044916,0.942561,0.498847,0.027925,0.004796,0.050172,0.005670,0.054101,0.027045,0.104440,-0.714840,0.322621,-0.109824,-0.045984,-0.034304
1779678076603114714,2026-05-25T10:01:16.603134,prediction,-0.014398,0.752000,0.105241,True,-0.016669,0.744682,0.105448,0.002271,0.007318,0.000207,8.49,20,-0.045646,0.941056,0.498961,0.027925,0.006540,0.052358,0.002609,0.059340,0.027045,0.083300,-0.742700,0.323617,-0.103904,-0.047104,-0.033280
1779678076640953814,2026-05-25T10:01:16.640973,prediction,-0.014087,0.747000,0.104056,True,-0.015778,0.743054,0.105551,0.001691,0.003946,0.001496,4.98,20,-0.045191,0.941995,0.498890,0.027925,0.006540,0.053667,0.002609,0.059340,0.029665,0.096320,-0.740460,0.326190,-0.105472,-0.050272,-0.031392
1779678076686899275,2026-05-25T10:01:16.686917,prediction,-0.017217,0.752000,0.105241,True,-0.020931,0.746523,0.106762,0.003715,0.005476,0.001521,4.85,20,-0.045191,0.941995,0.498890,0.024429,0.004796,0.055845,0.002609,0.061949,0.024426,0.099400,-0.732200,0.311914,-0.105536,-0.044544,-0.034176
1779678076730729625,2026-05-25T10:01:16.730753,prediction,-0.016913,0.747000,0.104056,True,-0.017109,0.741008,0.106063,0.000196,0.005992,0.002007,7.42,20,-0.045068,0.939874,0.499642,0.022685,0.001744,0.051919,0.002609,0.056721,0.021807,0.094500,-0.735000,0.314819,-0.106816,-0.041920,-0.031904
1779678076766430720,2026-05-25T10:01:16.766452,prediction,-0.017217,0.752000,0.105241,True,-0.019160,0.744955,0.105899,0.001943,0.007045,0.000658,5.03,20,-0.043908,0.939537,0.500399,0.019634,0.003489,0.046246,0.000000,0.048432,0.021807,0.088900,-0.732760,0.317392,-0.107584,-0.040960,-0.030400
1779678076803715285,2026-05-25T10:01:16.803737,prediction,-0.016913,0.747000,0.104056,True,-0.017742,0.742996,0.105168,0.000828,0.004004,0.001112,5.09,20,-0.043908,0.939537,0.500399,0.017889,0.001744,0.041012,0.002609,0.040573,0.019198,0.076860,-0.724780,0.311582,-0.107872,-0.045376,-0.031904
1779678076849065907,2026-05-25T10:01:16.849086,prediction,-0.016913,0.747000,0.104056,True,-0.019283,0.741098,0.104850,0.002369,0.005902,0.000794,8.63,20,-0.044538,0.939720,0.499988,0.016138,0.001744,0.035339,0.002609,0.037954,0.013517,0.074620,-0.736120,0.317060,-0.107200,-0.045376,-0.033504
1779678076885477977,2026-05-25T10:01:16.885502,prediction,-0.017217,0.752000,0.105241,True,-0.020481,0.746341,0.105749,0.003264,0.005659,0.000508,8.51,20,-0.044538,0.939720,0.499988,0.011342,0.004796,0.025740,0.000000,0.029665,0.013517,0.081200,-0.735280,0.301954,-0.104800,-0.041024,-0.033568
1779678076922617196,2026-05-25T10:01:16.922642,prediction,-0.016913,0.747000,0.101225,True,-0.017437,0.743194,0.101683,0.000524,0.003806,0.000459,6.26,20,-0.043777,0.938901,0.501023,0.008285,0.008285,0.003487,0.000000,0.013517,0.008289,0.087640,-0.729680,0.302950,-0.104480,-0.038400,-0.032448
1779678076960002513,2026-05-25T10:01:16.960024,prediction,-0.020330,0.757000,0.103612,True,-0.024712,0.751831,0.103039,0.004382,0.005169,0.000573,4.39,20,-0.044074,0.939318,0.500532,0.004796,0.010029,0.001740,0.000000,0.008289,0.005670,0.087640,-0.732760,0.266513,-0.103968,-0.039296,-0.032000
1779678077022957013,2026-05-25T10:01:17.022979,prediction,-0.020330,0.757000,0.103612,True,-0.020430,0.752893,0.104291,0.000100,0.004107,0.000679,5.57,20,-0.044074,0.939318,0.500532,0.001307,0.010029,0.011339,0.000000,0.000000,0.000000,0.089460,-0.736540,0.124832,-0.102304,-0.039904,-0.032352
1779678077087341189,2026-05-25T10:01:17.087360,prediction,-0.020625,0.762000,0.104806,True,-0.020379,0.757174,0.104610,0.000246,0.004826,0.000196,4.79,20,-0.043927,0.938859,0.501003,0.000000,0.017889,0.029666,0.000000,0.005670,0.000000,0.068460,-0.750820,0.106655,-0.099008,0.011808,-0.025344
1779678077122927017,2026-05-25T10:01:17.122944,prediction,-0.020861,0.766000,0.105761,True,-0.020188,0.762131,0.104738,0.000673,0.003869,0.001023,4.42,20,-0.041933,0.939462,0.500814,0.000000,0.024867,0.048432,0.000000,0.024426,0.000000,-0.017360,-0.754740,0.095616,-0.096896,0.041984,-0.001952
1779678077174182943,2026-05-25T10:01:17.174205,prediction,-0.020625,0.762000,0.104806,True,-0.019640,0.760771,0.104316,0.000985,0.001229,0.000490,3.82,20,-0.041816,0.940889,0.501471,0.001744,0.032283,0.057592,0.000000,0.027045,0.003051,-0.075320,-0.752920,0.094288,-0.094112,0.042592,0.022784
1779678077209302012,2026-05-25T10:01:17.209325,prediction,-0.023943,0.771000,0.104163,True,-0.027131,0.770787,0.102806,0.003188,0.000213,0.001357,4.20,20,-0.041816,0.940889,0.501471,0.003489,0.032720,0.059340,0.000000,0.027045,0.005228,-0.082460,-0.762160,0.089059,-0.092160,0.038912,0.018656
1779678077268123129,2026-05-25T10:01:17.268171,prediction,-0.027009,0.776000,0.102582,True,-0.027415,0.777031,0.102217,0.000406,0.001031,0.000364,6.12,20,-0.040781,0.942853,0.500791,0.004796,0.042756,0.070686,0.000000,0.029665,0.005228,-0.075880,-0.765940,0.089308,-0.082496,0.036192,0.024064
1779678077305290155,2026-05-25T10:01:17.305313,prediction,-0.026731,0.771000,0.101371,True,-0.025023,0.774100,0.101181,0.001707,0.003100,0.000190,4.33,20,-0.040183,0.943849,0.501340,0.004796,0.044069,0.074173,0.000000,0.029665,0.005228,-0.075320,-0.728420,0.093375,-0.077248,0.036864,0.023488
1779678077357154653,2026-05-25T10:01:17.357173,prediction,-0.029788,0.776000,0.102582,True,-0.031434,0.778559,0.101270,0.001646,0.002559,0.001311,4.56,20,-0.040183,0.943849,0.501340,0.001744,0.030976,0.055845,0.000000,0.023995,0.002609,-0.084840,-0.716100,0.111137,-0.068960,0.041536,0.024064
1779678077394309217,2026-05-25T10:01:17.394333,prediction,-0.029788,0.776000,0.099798,True,-0.031232,0.782054,0.097979,0.001444,0.006054,0.001820,4.55,20,-0.039753,0.945598,0.500052,0.001307,0.025742,0.046685,0.000000,0.021807,0.000000,-0.082740,-0.727440,0.114706,-0.066688,0.039968,0.023616
1779678077439057681,2026-05-25T10:01:17.439092,prediction,-0.032777,0.780000,0.097996,True,-0.035341,0.787930,0.094960,0.002564,0.007930,0.003037,7.63,20,-0.038271,0.948977,0.499836,0.001744,0.021378,0.033592,0.000000,0.016137,0.000000,-0.091420,-0.715680,0.106987,-0.060672,0.037632,0.023776
1779678077495607922,2026-05-25T10:01:17.495656,prediction,-0.032777,0.780000,0.097996,True,-0.033274,0.786524,0.095933,0.000496,0.006524,0.002063,6.06,20,-0.037057,0.951595,0.499014,0.004796,0.019634,0.033161,0.000000,0.013517,0.000000,-0.090720,-0.731500,0.108315,-0.054496,0.038912,0.027104
1779678077539404920,2026-05-25T10:01:17.539426,prediction,-0.035550,0.780000,0.095220,True,-0.037244,0.786424,0.092875,0.001693,0.006424,0.002345,8.04,20,-0.037057,0.951595,0.499014,0.004796,0.017889,0.026179,0.000000,0.007847,0.005670,-0.085820,-0.740460,0.118026,-0.048928,0.039968,0.027776
1779678077578774560,2026-05-25T10:01:17.578800,prediction,-0.035804,0.785000,0.093686,True,-0.039324,0.792314,0.089769,0.003520,0.007314,0.003917,5.02,20,-0.035340,0.955764,0.497950,0.006540,0.014831,0.017012,0.000000,0.002609,0.005228,-0.079240,-0.716380,0.120018,-0.042976,0.040864,0.027840
1779678077637541338,2026-05-25T10:01:17.637563,prediction,-0.038323,0.780000,0.089667,True,-0.040729,0.791120,0.085955,0.002406,0.011120,0.003712,7.73,20,-0.033867,0.959112,0.496808,0.006540,0.016576,0.020506,0.000000,0.002609,0.005670,-0.083580,-0.721280,0.115204,-0.032800,0.041024,0.029184
1779678077676297748,2026-05-25T10:01:17.676321,prediction,-0.038323,0.780000,0.086890,True,-0.042004,0.789069,0.082746,0.003681,0.009069,0.004144,4.74,20,-0.033867,0.959112,0.496808,0.004796,0.013087,0.016580,0.000000,0.002609,0.005228,-0.088340,-0.727440,0.116947,-0.026176,0.039136,0.030176
1779678077727869284,2026-05-25T10:01:17.727904,prediction,-0.041096,0.780000,0.084113,True,-0.045283,0.789032,0.080007,0.004187,0.009032,0.004107,4.69,20,-0.031799,0.963628,0.495066,0.003489,0.010029,0.009599,0.000000,0.000000,0.005228,-0.084840,-0.718200,0.121927,-0.022880,0.035584,0.030720
1779678077766118401,2026-05-25T10:01:17.766144,prediction,-0.040668,0.771000,0.081832,True,-0.044786,0.782546,0.077338,0.004117,0.011546,0.004494,5.08,20,-0.029881,0.967274,0.493243,0.003489,0.010029,0.009599,0.000000,0.000000,0.005228,-0.084840,-0.718200,0.121927,-0.022880,0.035584,0.030720
1779678077801823810,2026-05-25T10:01:17.801856,prediction,-0.041333,0.785000,0.085381,True,-0.050033,0.794081,0.079198,0.008700,0.009081,0.006183,4.30,20,-0.029881,0.967274,0.493243,0.003489,0.010029,0.009599,0.000000,0.000000,0.005228,-0.084840,-0.718200,0.121927,-0.022880,0.035584,0.030720
1779678077842536032,2026-05-25T10:01:17.842570,prediction,-0.041096,0.780000,0.081337,True,-0.046342,0.792513,0.076305,0.005246,0.012513,0.005032,4.83,20,-0.027135,0.971309,0.490523,0.003489,0.010029,0.009599,0.000000,0.000000,0.005228,-0.084840,-0.718200,0.121927,-0.022880,0.035584,0.030720
1779678077881849327,2026-05-25T10:01:17.881872,prediction,-0.044327,0.790000,0.081128,True,-0.051379,0.796896,0.074321,0.007052,0.006896,0.006807,5.18,20,-0.027135,0.971309,0.490523,0.003489,0.008285,0.003926,0.000000,0.000000,0.005228,-0.087640,-0.707000,0.115951,-0.021376,0.028736,0.030336
1779678077922952602,2026-05-25T10:01:17.922975,prediction,-0.044327,0.790000,0.081128,True,-0.047820,0.796945,0.075822,0.003493,0.006946,0.005306,8.38,20,-0.024051,0.975405,0.487304,0.010029,0.006540,0.022246,0.002609,0.016137,0.005670,-0.099820,-0.469000,0.316396,-0.029440,-0.039968,0.033120
1779678077971484675,2026-05-25T10:01:17.971526,prediction,-0.046862,0.785000,0.077076,True,-0.049169,0.793190,0.072504,0.002307,0.008190,0.004572,10.47,20,-0.021688,0.978616,0.484600,0.009598,0.014831,0.037086,0.000000,0.018756,0.010898,-0.088340,-0.400400,0.324779,-0.028960,-0.040640,0.031232
1779678078019936235,2026-05-25T10:01:18.019952,prediction,-0.046862,0.785000,0.077076,True,-0.050630,0.791977,0.071411,0.003768,0.006977,0.005665,9.29,20,-0.021688,0.978616,0.484600,0.009598,0.024429,0.050172,0.002609,0.024426,0.010467,-0.070980,-0.415940,0.332000,-0.027904,-0.041024,0.034176
1779678078058252477,2026-05-25T10:01:18.058278,prediction,-0.050393,0.803000,0.078989,True,-0.057093,0.807977,0.073570,0.006700,0.004977,0.005420,7.58,20,-0.019043,0.981675,0.481191,0.010029,0.029231,0.055845,0.002609,0.029665,0.010898,-0.068180,-0.419020,0.330174,-0.029056,-0.039296,0.034016
1779678078090908936,2026-05-25T10:01:18.090924,prediction,-0.050606,0.808000,0.080290,True,-0.053554,0.814883,0.076924,0.002948,0.006883,0.003366,4.13,20,-0.019043,0.981675,0.481191,0.010029,0.029231,0.055845,0.002609,0.029665,0.010898,-0.068180,-0.419020,0.330174,-0.029056,-0.039296,0.034016
1779678078132649350,2026-05-25T10:01:18.132674,prediction,-0.050393,0.803000,0.076250,True,-0.050192,0.808347,0.073150,0.000201,0.005347,0.003100,5.73,20,-0.016728,0.983753,0.478564,0.010029,0.029231,0.055845,0.002609,0.029665,0.010898,-0.068180,-0.419020,0.330174,-0.029056,-0.039296,0.034016
1779678078174763774,2026-05-25T10:01:18.174788,prediction,-0.053496,0.812000,0.078606,True,-0.058353,0.817167,0.074101,0.004857,0.005168,0.004505,4.26,20,-0.014376,0.986513,0.475931,0.010029,0.029231,0.055845,0.002609,0.029665,0.010898,-0.068180,-0.419020,0.330174,-0.029056,-0.039296,0.034016
1779678078218162867,2026-05-25T10:01:18.218201,prediction,-0.055706,0.799000,0.075203,True,-0.057790,0.812285,0.073275,0.002085,0.013285,0.001928,8.16,20,-0.014376,0.986513,0.475931,0.010029,0.029669,0.059340,0.000000,0.029665,0.010467,-0.067200,-0.416920,0.321210,-0.029280,-0.041248,0.035072
1779678078282825935,2026-05-25T10:01:18.282843,prediction,-0.055863,0.803000,0.076250,True,-0.059996,0.814528,0.072910,0.004133,0.011528,0.003340,8.90,20,-0.011902,0.989652,0.473547,0.011342,0.060207,0.102538,0.000000,0.040142,0.010898,-0.117180,-0.362320,0.353497,-0.023328,-0.045696,0.037696
1779678078320492142,2026-05-25T10:01:18.320513,prediction,-0.055863,0.803000,0.073511,True,-0.057861,0.814164,0.069701,0.001998,0.011164,0.003810,9.21,20,-0.010039,0.992020,0.472087,0.013087,0.070243,0.115185,0.002609,0.045812,0.010898,-0.102200,-0.381500,0.367109,-0.024000,-0.044928,0.037344
1779678078360137571,2026-05-25T10:01:18.360158,prediction,-0.058786,0.808000,0.074828,True,-0.062537,0.816271,0.070989,0.003751,0.008271,0.003839,6.48,20,-0.008796,0.993868,0.471080,0.014394,0.078534,0.132204,0.000000,0.051040,0.013517,-0.101920,-0.355880,0.361133,-0.023552,-0.051872,0.039072
1779678078405487090,2026-05-25T10:01:18.405506,prediction,-0.058937,0.812000,0.075882,True,-0.062336,0.820379,0.072295,0.003399,0.008379,0.003586,5.11,20,-0.008796,0.993868,0.471080,0.016576,0.083336,0.137438,0.000000,0.056721,0.013086,-0.121800,-0.347200,0.361133,-0.022944,-0.048032,0.037920
1779678078455062592,2026-05-25T10:01:18.455088,prediction,-0.059276,0.821000,0.078252,True,-0.061759,0.827698,0.074831,0.002483,0.006698,0.003421,5.40,20,-0.006717,0.996852,0.470222,0.019634,0.091190,0.144858,0.000000,0.053659,0.016137,-0.095480,-0.372260,0.361133,-0.022944,-0.048480,0.037024
1779678078497437734,2026-05-25T10:01:18.497457,prediction,-0.058786,0.808000,0.072098,True,-0.059123,0.819712,0.069354,0.000337,0.011712,0.002743,5.64,20,-0.005718,0.999226,0.469852,0.019634,0.096423,0.152710,0.000000,0.054101,0.016137,-0.097300,-0.366380,0.358892,-0.021824,-0.049152,0.035584
1779678078535603762,2026-05-25T10:01:18.535631,prediction,-0.058937,0.812000,0.073158,True,-0.063892,0.821558,0.068983,0.004955,0.009558,0.004175,4.74,20,-0.005718,0.999226,0.469852,0.021378,0.098174,0.154457,0.002609,0.053659,0.021375,-0.108780,-0.355460,0.358892,-0.020608,-0.049824,0.035744
1779678078601293551,2026-05-25T10:01:18.601326,prediction,-0.058786,0.808000,0.072098,True,-0.062808,0.820645,0.069672,0.004022,0.012645,0.002426,4.91,20,-0.004159,1.002471,0.469075,0.024867,0.104283,0.148353,0.003051,0.045812,0.021375,-0.123060,-0.364840,0.353829,-0.020096,-0.042304,0.040032
1779678078679638502,2026-05-25T10:01:18.679694,prediction,-0.061837,0.817000,0.074483,True,-0.067079,0.827963,0.071376,0.005242,0.010963,0.003107,7.01,20,-0.002931,1.004623,0.468591,0.030976,0.107772,0.143111,0.002609,0.034903,0.029665,-0.093520,-0.390600,0.345778,-0.023552,-0.038624,0.038976
1779678078741927090,2026-05-25T10:01:18.741954,prediction,-0.061189,0.799000,0.066967,True,-0.062241,0.815850,0.065207,0.001052,0.016850,0.001760,5.24,20,-0.001698,1.006270,0.468641,0.031414,0.104714,0.128278,0.002609,0.024426,0.029665,-0.117180,-0.395500,0.347521,-0.021504,-0.044096,0.042816
1779678078790937098,2026-05-25T10:01:18.790961,prediction,-0.061837,0.817000,0.069051,True,-0.068001,0.824924,0.063856,0.006164,0.007924,0.005195,8.30,20,-0.001212,1.008120,0.467871,0.032720,0.101225,0.116932,0.002609,0.016137,0.032284,-0.110880,-0.380660,0.345280,-0.020224,-0.042080,0.038304
1779678078838970496,2026-05-25T10:01:18.838997,prediction,-0.059125,0.817000,0.069051,True,-0.062517,0.827764,0.066854,0.003393,0.010764,0.002197,9.28,20,-0.000133,1.010000,0.467605,0.032720,0.101225,0.116932,0.002609,0.016137,0.032284,-0.110880,-0.380660,0.345280,-0.020224,-0.042080,0.038304
1779678078877965445,2026-05-25T10:01:18.877991,prediction,-0.059125,0.817000,0.069051,True,-0.061668,0.824875,0.067080,0.002543,0.007875,0.001972,8.27,20,-0.000133,1.010000,0.467605,0.032720,0.101225,0.116932,0.002609,0.016137,0.032284,-0.110880,-0.380660,0.345280,-0.020224,-0.042080,0.038304
1779678078916233645,2026-05-25T10:01:18.916265,prediction,-0.059125,0.817000,0.066335,True,-0.061198,0.820580,0.062187,0.002073,0.003580,0.004149,8.37,20,0.001011,1.012758,0.466284,0.032720,0.101225,0.116932,0.002609,0.016137,0.032284,-0.110880,-0.380660,0.345280,-0.020224,-0.042080,0.038304
1779678078971335711,2026-05-25T10:01:18.971368,prediction,-0.059276,0.821000,0.067415,True,-0.061173,0.824391,0.063713,0.001897,0.003391,0.003702,9.72,20,0.001233,1.013864,0.465291,0.032720,0.101225,0.116932,0.002609,0.016137,0.032284,-0.110880,-0.380660,0.345280,-0.020224,-0.042080,0.038304
1779678079008471138,2026-05-25T10:01:19.008490,prediction,-0.059276,0.821000,0.064706,True,-0.061635,0.826903,0.062170,0.002359,0.005903,0.002536,6.56,20,0.001233,1.013864,0.465291,0.032720,0.101225,0.116932,0.002609,0.016137,0.032284,-0.110880,-0.380660,0.345280,-0.020224,-0.042080,0.038304
1779678079079443387,2026-05-25T10:01:19.079463,prediction,-0.058937,0.812000,0.059538,True,-0.058625,0.817668,0.058050,0.000312,0.005668,0.001488,8.03,20,0.001779,1.015876,0.464037,0.026174,0.076790,0.087266,0.002609,0.013086,0.027045,-0.094780,-0.422520,0.337229,-0.020768,-0.039296,0.036576
1779678079141748751,2026-05-25T10:01:19.141773,prediction,-0.058937,0.812000,0.059538,True,-0.061071,0.815341,0.055781,0.002135,0.003341,0.003756,5.15,20,0.001407,1.015921,0.463186,0.024429,0.071994,0.094679,0.003051,0.021807,0.023995,-0.087640,-0.399280,0.339221,-0.020384,-0.041856,0.036192
1779678079183663305,2026-05-25T10:01:19.183699,prediction,-0.058598,0.803000,0.057079,True,-0.059127,0.809827,0.054184,0.000529,0.006827,0.002894,7.23,20,0.001969,1.017086,0.462428,0.021378,0.070243,0.100352,0.000000,0.032284,0.023995,-0.088900,-0.418740,0.348351,-0.020928,-0.042592,0.034784
1779678079224554982,2026-05-25T10:01:19.224589,prediction,-0.058598,0.803000,0.054340,True,-0.060681,0.807753,0.050675,0.002083,0.004753,0.003664,7.72,20,0.001969,1.017086,0.462428,0.019634,0.068498,0.104277,0.002609,0.040142,0.018756,-0.088620,-0.425600,0.340466,-0.021216,-0.041024,0.035296
1779678079269613113,2026-05-25T10:01:19.269644,prediction,-0.058598,0.803000,0.054340,True,-0.059965,0.804746,0.050151,0.001367,0.001746,0.004189,6.52,20,0.001183,1.016527,0.461228,0.019634,0.067192,0.106025,0.002609,0.043193,0.016137,-0.080780,-0.445340,0.336150,-0.021824,-0.046752,0.035584
1779678079303313434,2026-05-25T10:01:19.303339,prediction,-0.058786,0.808000,0.052984,True,-0.060292,0.806022,0.048759,0.001506,0.001978,0.004224,4.25,20,0.001414,1.015963,0.458167,0.016576,0.066754,0.111698,0.000000,0.045812,0.013517,-0.074340,-0.430780,0.358145,-0.021664,-0.049536,0.035584
1779678079349521934,2026-05-25T10:01:19.349549,prediction,-0.059125,0.817000,0.055472,True,-0.059937,0.812064,0.051674,0.000812,0.004936,0.003798,9.13,20,0.001414,1.015963,0.458167,0.016576,0.066754,0.111698,0.000000,0.045812,0.013517,-0.074340,-0.430780,0.358145,-0.021664,-0.049536,0.035584
1779678079387177376,2026-05-25T10:01:19.387201,prediction,-0.058259,0.794000,0.049112,True,-0.055846,0.797734,0.048073,0.002413,0.003734,0.001040,8.58,20,0.000838,1.014143,0.455722,0.016576,0.066754,0.111698,0.000000,0.045812,0.013517,-0.074340,-0.430780,0.358145,-0.021664,-0.049536,0.035584
1779678079425637329,2026-05-25T10:01:19.425653,prediction,-0.058447,0.799000,0.047750,True,-0.061098,0.795152,0.043323,0.002651,0.003848,0.004427,7.79,20,-0.000011,1.013395,0.454124,0.016576,0.066754,0.111698,0.000000,0.045812,0.013517,-0.074340,-0.430780,0.358145,-0.021664,-0.049536,0.035584
1779678079467098967,2026-05-25T10:01:19.467163,prediction,-0.058447,0.799000,0.047750,True,-0.059293,0.797811,0.045430,0.000845,0.001189,0.002320,8.89,20,-0.000011,1.013395,0.454124,0.016576,0.066754,0.111698,0.000000,0.045812,0.013517,-0.074340,-0.430780,0.358145,-0.021664,-0.049536,0.035584
1779678079506541699,2026-05-25T10:01:19.506564,prediction,-0.058447,0.799000,0.047750,True,-0.057466,0.794320,0.046786,0.000981,0.004680,0.000963,8.04,20,-0.000297,1.010737,0.451793,0.013087,0.057156,0.106025,0.000000,0.048432,0.013086,-0.088620,-0.446600,0.343371,-0.020832,-0.045312,0.039200
1779678079551855327,2026-05-25T10:01:19.551880,prediction,-0.058598,0.803000,0.048862,True,-0.057704,0.794027,0.046403,0.000894,0.008973,0.002459,7.95,20,-0.000297,1.010737,0.451793,0.010029,0.055412,0.100352,0.000000,0.043193,0.010898,-0.105000,-0.448840,0.324613,-0.021056,-0.044928,0.039072
1779678079591331279,2026-05-25T10:01:19.591355,prediction,-0.058259,0.794000,0.046359,True,-0.055069,0.783662,0.044377,0.003190,0.010338,0.001982,7.89,20,-0.000986,1.007547,0.449355,0.010029,0.051923,0.091192,0.002609,0.040142,0.007847,-0.100380,-0.441000,0.340134,-0.020608,-0.042368,0.036352
1779678079633164539,2026-05-25T10:01:19.633194,prediction,-0.058259,0.794000,0.046359,True,-0.058616,0.785069,0.043510,0.000357,0.008931,0.002848,8.08,20,-0.001457,1.005095,0.447792,0.008285,0.055412,0.092931,0.000000,0.037523,0.008289,-0.096320,-0.432320,0.340134,-0.021216,-0.045984,0.035072
1779678079674128599,2026-05-25T10:01:19.674151,prediction,-0.058447,0.799000,0.047750,True,-0.058430,0.790661,0.046420,0.000017,0.008339,0.001330,6.47,20,-0.001457,1.005095,0.447792,0.008285,0.058901,0.098604,0.000000,0.040142,0.007847,-0.076860,-0.419720,0.340466,-0.021664,-0.046208,0.035904
1779678079716186543,2026-05-25T10:01:19.716228,prediction,-0.058598,0.803000,0.048862,True,-0.057136,0.792211,0.048202,0.001462,0.010789,0.000660,7.85,20,-0.001771,1.001265,0.445811,0.006540,0.063703,0.104277,0.000000,0.037954,0.007847,-0.075600,-0.427140,0.334241,-0.021824,-0.043808,0.035072
1779678079753467821,2026-05-25T10:01:19.753492,prediction,-0.058786,0.808000,0.047522,True,-0.056095,0.794592,0.045959,0.002691,0.013408,0.001564,4.77,20,-0.001771,1.001265,0.445811,0.006540,0.063703,0.104277,0.003051,0.037523,0.007847,-0.078960,-0.437920,0.341628,-0.021824,-0.041920,0.034784
1779678079793509029,2026-05-25T10:01:19.793534,prediction,-0.059125,0.817000,0.050041,True,-0.056826,0.803320,0.049201,0.002299,0.013680,0.000840,5.10,20,-0.002168,0.997019,0.444336,0.006540,0.063703,0.104277,0.003051,0.037523,0.007847,-0.078960,-0.437920,0.341628,-0.021824,-0.041920,0.034784
1779678079839002553,2026-05-25T10:01:19.839027,prediction,-0.055706,0.799000,0.045004,True,-0.050940,0.793471,0.046845,0.004765,0.005529,0.001841,4.85,20,-0.002467,0.994220,0.443604,0.006540,0.063703,0.104277,0.003051,0.037523,0.007847,-0.078960,-0.437920,0.341628,-0.021824,-0.041920,0.034784
1779678079873123212,2026-05-25T10:01:19.873149,prediction,-0.055706,0.799000,0.045004,True,-0.054646,0.790539,0.044489,0.001060,0.008461,0.000515,4.69,20,-0.002467,0.994220,0.443604,0.005233,0.063703,0.102538,0.000000,0.035335,0.008289,-0.080220,-0.446320,0.330838,-0.021824,-0.042240,0.035744
1779678079911985310,2026-05-25T10:01:19.912011,prediction,-0.056216,0.812000,0.048642,True,-0.056887,0.806539,0.048349,0.000670,0.005461,0.000292,4.68,20,-0.003639,0.991563,0.442955,0.001307,0.039267,0.050172,0.000000,0.010898,0.002609,-0.092260,-0.469000,0.306768,-0.022432,-0.038464,0.035360
1779678079952975972,2026-05-25T10:01:19.953012,prediction,-0.058937,0.812000,0.048642,True,-0.055872,0.808877,0.050483,0.003064,0.003123,0.001841,5.75,20,-0.003639,0.991563,0.442955,0.001307,0.024429,0.014833,0.000000,0.002609,0.000000,-0.093520,-0.485380,0.300875,-0.022720,-0.015360,0.030944
1779678080010862658,2026-05-25T10:01:20.010882,prediction,-0.055509,0.794000,0.043605,True,-0.049663,0.793080,0.045968,0.005846,0.000920,0.002362,4.36,20,-0.003417,0.990421,0.443136,0.001307,0.024429,0.014833,0.000000,0.002609,0.000000,-0.093520,-0.485380,0.300875,-0.022720,-0.015360,0.030944
1779678080059205470,2026-05-25T10:01:20.059224,prediction,-0.058259,0.794000,0.043605,True,-0.056728,0.788518,0.043073,0.001531,0.005482,0.000533,4.51,20,-0.005045,0.990126,0.442418,0.001307,0.024429,0.014833,0.000000,0.002609,0.000000,-0.093520,-0.485380,0.300875,-0.022720,-0.015360,0.030944
1779678080099346393,2026-05-25T10:01:20.099365,prediction,-0.058259,0.794000,0.043605,True,-0.056920,0.793269,0.044503,0.001339,0.000731,0.000898,5.01,20,-0.004185,0.990319,0.442794,0.001744,0.000000,0.066752,0.000000,0.065010,0.000000,0.062580,-0.491540,0.093209,-0.031840,0.050272,-0.019104
1779678080147286297,2026-05-25T10:01:20.147311,prediction,-0.055352,0.790000,0.042486,True,-0.051524,0.790939,0.043965,0.003828,0.000940,0.001479,5.08,20,-0.004185,0.990319,0.442794,0.003051,0.006540,0.089444,0.000000,0.081158,0.005228,0.084840,-0.735000,0.073621,-0.038464,0.054208,-0.025600
1779678080197782061,2026-05-25T10:01:20.197806,prediction,-0.055352,0.790000,0.042486,True,-0.050290,0.782625,0.042143,0.005062,0.007375,0.000343,5.50,20,-0.005613,0.988676,0.442368,0.004796,0.021378,0.113445,0.000000,0.094244,0.002609,0.089460,-0.830480,0.072957,-0.047488,0.051872,-0.026784
1779678080238541009,2026-05-25T10:01:20.238568,prediction,-0.055706,0.799000,0.045004,True,-0.053024,0.788091,0.044254,0.002681,0.010909,0.000750,5.14,20,-0.005048,0.989326,0.442537,0.004796,0.026174,0.122605,0.000000,0.099914,0.002609,0.090440,-0.840000,0.071380,-0.051264,0.048032,-0.027680
1779678080285702072,2026-05-25T10:01:20.285722,prediction,-0.055863,0.803000,0.046123,True,-0.053313,0.795505,0.046566,0.002550,0.007495,0.000442,5.11,20,-0.005048,0.989326,0.442537,0.004796,0.026174,0.122605,0.000000,0.099914,0.002609,0.090440,-0.840000,0.071380,-0.051264,0.048032,-0.027680
1779678080328139033,2026-05-25T10:01:20.328157,prediction,-0.056059,0.808000,0.044792,True,-0.051812,0.798954,0.044993,0.004247,0.009046,0.000201,4.55,20,-0.006810,0.988056,0.442146,0.004796,0.026174,0.122605,0.000000,0.099914,0.002609,0.090440,-0.840000,0.071380,-0.051264,0.048032,-0.027680
1779678080368661484,2026-05-25T10:01:20.368713,prediction,-0.055863,0.803000,0.043385,True,-0.049816,0.794330,0.043622,0.006047,0.008670,0.000237,4.82,20,-0.006042,0.988610,0.442316,0.001744,0.050609,0.172785,0.002609,0.123908,0.000000,0.091980,-0.851760,0.048555,-0.076480,0.054112,-0.026560
1779678080411001693,2026-05-25T10:01:20.411019,prediction,-0.055863,0.803000,0.043385,True,-0.052324,0.794564,0.043573,0.003539,0.008436,0.000188,4.75,20,-0.006042,0.988610,0.442316,0.000000,0.055849,0.181945,0.003051,0.123908,0.000000,0.085540,-0.857360,0.046148,-0.082208,0.055328,-0.022272
1779678080465084626,2026-05-25T10:01:20.465107,prediction,-0.053128,0.803000,0.043385,True,-0.050169,0.798350,0.043731,0.002959,0.004650,0.000346,9.00,20,-0.007875,0.989670,0.441677,0.000000,0.063703,0.189365,0.000000,0.123908,0.000000,0.019740,-0.837900,0.058183,-0.090400,0.053376,-0.000224
1779678080507502347,2026-05-25T10:01:20.507520,prediction,-0.053128,0.803000,0.043385,True,-0.050217,0.799524,0.043112,0.002911,0.003476,0.000273,8.31,20,-0.007218,0.989290,0.441906,0.000000,0.066754,0.187618,0.000000,0.121300,0.002609,-0.023240,-0.830760,0.061088,-0.092832,0.053600,0.013088
1779678080545895730,2026-05-25T10:01:20.545930,prediction,-0.053496,0.812000,0.045918,True,-0.051411,0.805217,0.045030,0.002086,0.006783,0.000888,6.72,20,-0.007218,0.989290,0.441906,0.001307,0.068498,0.187618,0.000000,0.118680,0.005228,-0.038640,-0.823340,0.062084,-0.094176,0.053440,0.024320
1779678080583517438,2026-05-25T10:01:20.583547,prediction,-0.052964,0.799000,0.039514,True,-0.046436,0.795617,0.040971,0.006528,0.003383,0.001457,4.79,20,-0.008707,0.990395,0.440685,0.001307,0.068936,0.184131,0.000000,0.118680,0.005228,-0.052360,-0.825440,0.059179,-0.097024,0.046592,0.026272
1779678080625183674,2026-05-25T10:01:20.625200,prediction,-0.052964,0.799000,0.039514,True,-0.050001,0.795204,0.038624,0.002963,0.003796,0.000889,4.92,20,-0.007992,0.989865,0.441272,0.000000,0.065447,0.172785,0.000000,0.105152,0.000000,-0.039620,-0.808780,0.070052,-0.100288,0.049920,0.024832
1779678080669316175,2026-05-25T10:01:20.669353,prediction,-0.052760,0.794000,0.038098,True,-0.049720,0.793313,0.037751,0.003039,0.000686,0.000347,5.11,20,-0.007992,0.989865,0.441272,0.000000,0.058901,0.152279,0.000000,0.091624,0.000000,0.015680,-0.776440,0.080676,-0.103200,0.045248,0.011872
1779678080707276695,2026-05-25T10:01:20.707304,prediction,-0.052596,0.790000,0.036966,True,-0.049270,0.787497,0.036712,0.003326,0.002503,0.000254,4.55,20,-0.009531,0.990224,0.439704,0.001744,0.045814,0.120858,0.002609,0.075477,0.000000,0.086380,-0.781200,0.099434,-0.106240,0.041632,-0.016992
1779678080746087174,2026-05-25T10:01:20.746113,prediction,-0.052596,0.790000,0.036966,True,-0.049121,0.784654,0.035334,0.003475,0.005346,0.001632,4.84,20,-0.009531,0.990224,0.439704,0.004796,0.034465,0.089006,0.000000,0.053659,0.007847,0.099120,-0.771260,0.108730,-0.109248,0.037472,-0.026336
1779678080783695993,2026-05-25T10:01:20.783730,prediction,-0.055352,0.790000,0.036966,True,-0.052046,0.784277,0.035237,0.003306,0.005723,0.001728,6.11,20,-0.009671,0.988920,0.438561,0.006540,0.026174,0.065013,0.002609,0.037954,0.008289,0.096600,-0.777980,0.104746,-0.110144,0.037792,-0.028832
1779678080825605984,2026-05-25T10:01:20.825622,prediction,-0.055352,0.790000,0.036966,True,-0.052451,0.782341,0.035560,0.002901,0.007659,0.001406,7.79,20,-0.010790,0.988891,0.437321,0.008285,0.017889,0.042759,0.000000,0.027045,0.005228,0.086100,-0.749840,0.105908,-0.109376,0.035584,-0.029280
1779678080860335603,2026-05-25T10:01:20.860364,prediction,-0.055156,0.785000,0.035550,True,-0.051317,0.777049,0.034521,0.003839,0.007951,0.001029,4.52,20,-0.010790,0.988891,0.437321,0.006540,0.016576,0.037086,0.000000,0.021375,0.002609,0.076860,-0.763840,0.104580,-0.108032,0.034400,-0.026560
1779678080909440346,2026-05-25T10:01:20.909458,prediction,-0.055156,0.785000,0.035550,True,-0.053168,0.775601,0.033782,0.001988,0.009399,0.001768,9.06,20,-0.010030,0.987754,0.436538,0.004796,0.012649,0.031413,0.000000,0.019198,0.008289,0.085540,-0.783580,0.116615,-0.106240,0.032288,-0.026048
1779678080972352641,2026-05-25T10:01:20.972374,prediction,-0.055352,0.790000,0.036966,True,-0.054740,0.779908,0.035567,0.000612,0.010092,0.001399,10.02,20,-0.009945,0.988164,0.437205,0.004796,0.011342,0.027919,0.000000,0.016137,0.007847,0.088620,-0.786380,0.099434,-0.103808,0.033184,-0.024384
1779678081024733361,2026-05-25T10:01:21.024752,prediction,-0.055156,0.785000,0.035550,True,-0.052584,0.775328,0.035529,0.002572,0.009672,0.000022,8.14,20,-0.009967,0.987223,0.436136,0.006540,0.011342,0.025740,0.000000,0.016137,0.005228,0.075880,-0.776160,0.106821,-0.102752,0.037120,-0.027616
1779678081064892324,2026-05-25T10:01:21.064911,prediction,-0.055156,0.785000,0.035550,True,-0.052976,0.772848,0.034661,0.002180,0.012152,0.000889,5.04,20,-0.009967,0.987223,0.436136,0.006540,0.008285,0.026179,0.002609,0.013517,0.005228,0.077140,-0.764400,0.109228,-0.103072,0.036960,-0.026336
1779678081111641938,2026-05-25T10:01:21.111661,prediction,-0.054802,0.776000,0.033003,True,-0.051400,0.765282,0.032886,0.003403,0.010718,0.000116,4.55,20,-0.009740,0.984270,0.434095,0.006540,0.008285,0.026179,0.002609,0.013517,0.005228,0.077140,-0.764400,0.109228,-0.103072,0.036960,-0.026336
1779678081147674445,2026-05-25T10:01:21.147693,prediction,-0.054606,0.771000,0.028796,True,-0.052564,0.760854,0.028479,0.002042,0.010146,0.000316,4.66,20,-0.009740,0.984270,0.434095,0.006540,0.008285,0.026179,0.002609,0.013517,0.005228,0.077140,-0.764400,0.109228,-0.103072,0.036960,-0.026336
1779678081190805796,2026-05-25T10:01:21.190828,prediction,-0.057732,0.780000,0.031358,True,-0.057490,0.767073,0.030849,0.000242,0.012927,0.000509,4.22,20,-0.009501,0.981091,0.432497,0.006540,0.008285,0.026179,0.002609,0.013517,0.005228,0.077140,-0.764400,0.109228,-0.103072,0.036960,-0.026336
1779678081240938252,2026-05-25T10:01:21.240958,prediction,-0.057732,0.780000,0.031358,True,-0.053747,0.765857,0.032278,0.003985,0.014143,0.000919,6.33,20,-0.009040,0.978962,0.431485,0.006540,0.014831,0.020506,0.002609,0.010898,0.005228,0.071820,-0.473060,0.303116,-0.101632,-0.037568,-0.028224
1779678081281883854,2026-05-25T10:01:21.281904,prediction,-0.057920,0.785000,0.032782,True,-0.053516,0.766588,0.032493,0.004405,0.018412,0.000289,5.85,20,-0.009040,0.978962,0.431485,0.008285,0.014831,0.020506,0.000000,0.005670,0.007847,0.082460,-0.482580,0.298551,-0.104192,-0.035680,-0.030176
1779678081317753596,2026-05-25T10:01:21.317774,prediction,-0.058108,0.790000,0.034206,True,-0.053114,0.770180,0.033711,0.004995,0.019820,0.000494,4.31,20,-0.008430,0.975353,0.430597,0.006540,0.014831,0.018320,0.000000,0.005670,0.007847,0.082040,-0.483560,0.295397,-0.105312,-0.036192,-0.029184
1779678081361246739,2026-05-25T10:01:21.361264,prediction,-0.057920,0.785000,0.032782,True,-0.052973,0.769613,0.033497,0.004948,0.015387,0.000715,4.88,20,-0.008145,0.972853,0.430206,0.007853,0.009598,0.009599,0.000000,0.000000,0.005228,0.088340,-0.469560,0.296144,-0.104128,-0.034176,-0.031072
1779678081406991274,2026-05-25T10:01:21.407015,prediction,-0.058108,0.790000,0.034206,True,-0.055024,0.773992,0.034825,0.003084,0.016008,0.000620,8.22,20,-0.008145,0.972853,0.430206,0.007853,0.009598,0.009599,0.000000,0.000000,0.005228,0.088340,-0.469560,0.296144,-0.104128,-0.034176,-0.031072
1779678081448867107,2026-05-25T10:01:21.448895,prediction,-0.057732,0.780000,0.031358,True,-0.052149,0.768602,0.033392,0.005583,0.011398,0.002033,8.28,20,-0.007498,0.969709,0.429917,0.007853,0.009598,0.009599,0.000000,0.000000,0.005228,0.088340,-0.469560,0.296144,-0.104128,-0.034176,-0.031072
1779678081504079013,2026-05-25T10:01:21.504101,prediction,-0.057732,0.780000,0.031358,True,-0.054660,0.767555,0.031871,0.003072,0.012445,0.000512,5.63,20,-0.007659,0.968277,0.429793,0.008285,0.001744,0.023993,0.000000,0.029665,0.007847,0.088340,-0.462140,0.100264,-0.101696,0.039072,-0.030016
1779678081541923873,2026-05-25T10:01:21.541949,prediction,-0.057920,0.785000,0.032782,True,-0.055684,0.773803,0.033359,0.002236,0.011197,0.000577,4.44,20,-0.007659,0.968277,0.429793,0.006540,0.000000,0.035339,0.000000,0.032284,0.005228,0.087640,-0.476700,0.101343,-0.100800,0.041632,-0.032448
1779678081587722495,2026-05-25T10:01:21.587748,prediction,-0.057920,0.785000,0.032782,True,-0.054493,0.774302,0.034435,0.003427,0.010698,0.001653,7.19,20,-0.006806,0.965910,0.429373,0.006540,0.000000,0.039265,0.000000,0.040142,0.005228,0.078960,-0.590240,0.098687,-0.102304,0.041920,-0.029952
1779678081621420424,2026-05-25T10:01:21.621438,prediction,-0.057581,0.776000,0.030219,True,-0.052781,0.766144,0.031843,0.004800,0.009855,0.001624,4.30,20,-0.006806,0.965910,0.429373,0.004796,0.001744,0.040573,0.003051,0.040142,0.005228,0.076440,-0.672280,0.096114,-0.102240,0.037792,-0.029344
1779678081659128798,2026-05-25T10:01:21.659148,prediction,-0.057732,0.780000,0.031358,True,-0.055663,0.768425,0.031598,0.002069,0.011575,0.000240,4.54,20,-0.007645,0.964950,0.429356,0.003489,0.004796,0.035339,0.000000,0.029665,0.003051,0.087080,-0.755160,0.107319,-0.099360,0.035072,-0.028288
1779678081705845148,2026-05-25T10:01:21.705864,prediction,-0.057581,0.776000,0.027436,True,-0.055095,0.768682,0.028446,0.002486,0.007318,0.001010,7.51,20,-0.007055,0.965690,0.429376,0.003489,0.004796,0.035339,0.000000,0.029665,0.003051,0.087080,-0.755160,0.107319,-0.099360,0.035072,-0.028288
1779678081743911854,2026-05-25T10:01:21.743980,prediction,-0.057732,0.780000,0.028582,True,-0.055335,0.770059,0.029205,0.002397,0.009941,0.000624,8.26,20,-0.007055,0.965690,0.429376,0.003489,0.004796,0.035339,0.000000,0.029665,0.003051,0.087080,-0.755160,0.107319,-0.099360,0.035072,-0.028288
1779678081781971313,2026-05-25T10:01:21.781990,prediction,-0.057581,0.776000,0.027436,True,-0.053350,0.765972,0.028314,0.004231,0.010028,0.000878,9.47,20,-0.006560,0.964377,0.428545,0.003489,0.004796,0.035339,0.000000,0.029665,0.003051,0.087080,-0.755160,0.107319,-0.099360,0.035072,-0.028288
1779678081814134666,2026-05-25T10:01:21.814153,prediction,-0.057581,0.776000,0.027436,True,-0.053852,0.763567,0.027478,0.003730,0.012432,0.000042,6.45,20,-0.006560,0.964377,0.428545,0.001744,0.004796,0.033592,0.002609,0.023995,0.000000,0.091700,-0.764680,0.105991,-0.098080,0.035296,-0.027456
1779678081853322839,2026-05-25T10:01:21.853340,prediction,-0.057732,0.780000,0.028582,True,-0.055521,0.769660,0.027942,0.002211,0.010340,0.000640,5.37,20,-0.006813,0.964651,0.428795,0.008285,0.024429,0.081593,0.000000,0.059340,0.007847,-0.079660,-0.808780,0.075032,-0.080384,0.045088,0.024544
1779678081896082327,2026-05-25T10:01:21.896104,prediction,-0.057581,0.776000,0.024653,True,-0.054075,0.767444,0.024859,0.003507,0.008556,0.000206,5.49,20,-0.006317,0.963282,0.427120,0.008285,0.035778,0.115185,0.000000,0.080716,0.007847,-0.075320,-0.821380,0.054531,-0.068640,0.047648,0.025952
1779678081937782820,2026-05-25T10:01:21.937814,prediction,-0.057920,0.785000,0.027245,True,-0.055922,0.771804,0.026808,0.001998,0.013196,0.000437,9.46,20,-0.006317,0.963282,0.427120,0.009598,0.042318,0.132204,0.000000,0.091624,0.010898,-0.073080,-0.805280,0.057104,-0.060736,0.050592,0.029728
1779678081979082166,2026-05-25T10:01:21.979107,prediction,-0.057732,0.780000,0.025805,True,-0.053170,0.770404,0.026827,0.004562,0.009596,0.001022,6.02,20,-0.006569,0.963979,0.427973,0.011780,0.050609,0.150531,0.000000,0.102533,0.010898,-0.084000,-0.833560,0.062416,-0.050272,0.046208,0.030464
1779678082020238340,2026-05-25T10:01:22.020263,prediction,-0.058108,0.790000,0.028685,True,-0.056585,0.779444,0.028293,0.001523,0.010556,0.000393,4.63,20,-0.006569,0.963979,0.427973,0.013087,0.055412,0.159691,0.000000,0.102091,0.016137,-0.096040,-0.826700,0.063163,-0.038624,0.046880,0.028896
1779678082065630239,2026-05-25T10:01:22.065673,prediction,-0.058108,0.790000,0.025925,True,-0.054016,0.783182,0.025681,0.004093,0.006818,0.000244,8.19,20,-0.006191,0.964227,0.425786,0.013087,0.058901,0.156204,0.000000,0.096863,0.013517,-0.097020,-0.784560,0.061254,-0.029568,0.042464,0.031168
1779678082106913544,2026-05-25T10:01:22.106930,prediction,-0.057393,0.771000,0.020422,True,-0.050414,0.770116,0.021400,0.006979,0.000884,0.000978,8.46,20,-0.006013,0.965361,0.425597,0.014831,0.054105,0.143111,0.000000,0.083335,0.013517,-0.100660,-0.796600,0.063329,-0.018368,0.043744,0.033184
1779678082144477249,2026-05-25T10:01:22.144498,prediction,-0.058108,0.790000,0.025925,True,-0.058751,0.784138,0.024705,0.000642,0.005862,0.001220,6.57,20,-0.006013,0.965361,0.425597,0.014831,0.055849,0.139185,0.000000,0.081158,0.010898,-0.091140,-0.795760,0.072293,-0.016096,0.043648,0.033024
1779678082179396147,2026-05-25T10:01:22.179416,prediction,-0.058108,0.790000,0.025925,True,-0.053412,0.790221,0.027295,0.004696,0.000221,0.001370,4.46,20,-0.006398,0.965990,0.423457,0.011342,0.054105,0.130025,0.002609,0.078096,0.010898,-0.097860,-0.793520,0.073787,-0.020224,0.035744,0.034176
1779678082216023422,2026-05-25T10:01:22.216040,prediction,-0.058259,0.794000,0.024330,True,-0.051904,0.789760,0.024278,0.006355,0.004240,0.000052,4.23,20,-0.006398,0.965990,0.423457,0.011342,0.052354,0.126531,0.000000,0.070249,0.013517,-0.100660,-0.782040,0.080178,-0.022880,0.041984,0.034080
1779678082259711269,2026-05-25T10:01:22.259728,prediction,-0.058259,0.794000,0.021577,True,-0.049606,0.786430,0.020590,0.008653,0.007570,0.000986,5.01,20,-0.006289,0.967924,0.423046,0.011342,0.050609,0.115185,0.000000,0.064568,0.013517,-0.096040,-0.756000,0.074285,-0.021440,0.043968,0.032800
1779678082297510480,2026-05-25T10:01:22.297539,prediction,-0.057920,0.785000,0.018940,True,-0.048762,0.778885,0.019788,0.009158,0.006115,0.000848,5.06,20,-0.007083,0.968963,0.422404,0.010029,0.044069,0.100352,0.000000,0.059340,0.008289,-0.092680,-0.763840,0.069305,-0.022432,0.037184,0.032576
1779678082335418445,2026-05-25T10:01:22.335440,prediction,-0.058259,0.794000,0.021577,True,-0.055103,0.791189,0.021500,0.003156,0.002811,0.000077,5.19,20,-0.007083,0.968963,0.422404,0.009598,0.042318,0.098604,0.000000,0.056721,0.007847,-0.087640,-0.767760,0.089142,-0.023104,0.037344,0.031616
1779678082375002830,2026-05-25T10:01:22.375022,prediction,-0.058108,0.790000,0.017645,True,-0.050856,0.789898,0.017986,0.007253,0.000102,0.000342,8.64,20,-0.007045,0.971483,0.421252,0.009598,0.042318,0.098604,0.000000,0.056721,0.007847,-0.087640,-0.767760,0.089142,-0.023104,0.037344,0.031616
1779678082418344333,2026-05-25T10:01:22.418365,prediction,-0.058108,0.790000,0.017645,True,-0.050349,0.786202,0.015398,0.007759,0.003798,0.002247,4.69,20,-0.007045,0.971483,0.421252,0.009598,0.042318,0.098604,0.000000,0.056721,0.007847,-0.087640,-0.767760,0.089142,-0.023104,0.037344,0.031616
1779678082463568122,2026-05-25T10:01:22.463635,prediction,-0.057732,0.780000,0.011922,True,-0.048327,0.776662,0.010417,0.009405,0.003338,0.001505,11.56,20,-0.007609,0.974002,0.419837,0.009598,0.042318,0.098604,0.000000,0.056721,0.007847,-0.087640,-0.767760,0.089142,-0.023104,0.037344,0.031616
1779678082500885300,2026-05-25T10:01:22.500912,prediction,-0.057732,0.780000,0.011922,True,-0.051526,0.775823,0.009949,0.006206,0.004177,0.001973,8.15,20,-0.008078,0.975289,0.418525,0.008285,0.039267,0.092931,0.000000,0.056279,0.007847,-0.079940,-0.763140,0.085822,-0.023168,0.036352,0.031072
1779678082547593404,2026-05-25T10:01:22.547625,prediction,-0.054802,0.776000,0.010737,True,-0.047921,0.772447,0.008365,0.006882,0.003553,0.002372,5.70,20,-0.008078,0.975289,0.418525,0.008285,0.039267,0.092931,0.000000,0.056279,0.007847,-0.079940,-0.763140,0.085822,-0.023168,0.036352,0.031072
1779678082585348456,2026-05-25T10:01:22.585377,prediction,-0.054802,0.776000,0.010737,True,-0.046714,0.768012,0.007532,0.008088,0.007988,0.003205,8.61,20,-0.008707,0.977042,0.416365,0.008285,0.039267,0.092931,0.000000,0.056279,0.007847,-0.079940,-0.763140,0.085822,-0.023168,0.036352,0.031072
1779678082617980799,2026-05-25T10:01:22.618004,prediction,-0.055156,0.785000,0.013403,True,-0.048746,0.773258,0.009654,0.006410,0.011742,0.003749,5.18,20,-0.008707,0.977042,0.416365,0.003489,0.011342,0.029666,0.000000,0.018756,0.003051,-0.088340,-0.747600,0.111801,-0.026944,0.033024,0.032224
1779678082659949198,2026-05-25T10:01:22.659972,prediction,-0.054959,0.780000,0.011922,True,-0.045221,0.767665,0.010332,0.009738,0.012335,0.001590,8.42,20,-0.009784,0.977442,0.413721,0.004796,0.000000,0.013086,0.000000,0.013517,0.005670,-0.096600,-0.763140,0.109394,-0.026048,0.033856,0.034304
1779678082703778968,2026-05-25T10:01:22.703803,prediction,-0.055706,0.799000,0.017551,True,-0.051173,0.783665,0.015167,0.004533,0.015335,0.002384,9.31,20,-0.010453,0.976673,0.412934,0.003489,0.000000,0.011339,0.000000,0.013517,0.002609,-0.103180,-0.623700,0.108730,-0.023840,0.036640,0.034464
1779678082742209255,2026-05-25T10:01:22.742234,prediction,-0.055156,0.785000,0.013403,True,-0.044841,0.777003,0.014902,0.010314,0.007997,0.001499,8.68,20,-0.010453,0.976673,0.412934,0.003051,0.003051,0.009160,0.000000,0.016137,0.000000,-0.099120,-0.505820,0.110390,-0.024544,0.037792,0.034624
1779678082779295248,2026-05-25T10:01:22.779322,prediction,-0.055706,0.799000,0.017551,True,-0.049887,0.785510,0.016637,0.005819,0.013490,0.000914,5.82,20,-0.011231,0.976679,0.411274,0.001307,0.007853,0.007413,0.000000,0.018756,0.002609,-0.097580,-0.453180,0.107319,-0.026176,0.034016,0.035456
1779678082817278722,2026-05-25T10:01:22.817302,prediction,-0.055352,0.790000,0.014884,True,-0.046246,0.785461,0.016135,0.009106,0.004539,0.001251,4.62,20,-0.011231,0.976679,0.411274,0.001744,0.017889,0.000000,0.000000,0.007847,0.003051,-0.103740,-0.436380,0.184343,-0.026784,0.034464,0.035232
1779678082856509389,2026-05-25T10:01:22.856533,prediction,-0.055156,0.785000,0.013403,True,-0.045415,0.776246,0.014738,0.009741,0.008754,0.001334,7.80,20,-0.012067,0.975531,0.410412,0.000000,0.022685,0.007413,0.000000,0.007847,0.000000,-0.102200,-0.440160,0.295729,-0.026624,0.037120,0.031168
1779678082889959072,2026-05-25T10:01:22.889978,prediction,-0.055509,0.794000,0.016069,True,-0.049619,0.787247,0.015982,0.005890,0.006752,0.000088,5.41,20,-0.012067,0.975531,0.410412,0.000000,0.025742,0.020506,0.000000,0.005228,0.000000,-0.084560,-0.438900,0.299215,-0.027552,0.034912,0.021664
1779678082928443072,2026-05-25T10:01:22.928467,prediction,-0.055156,0.785000,0.013403,True,-0.045553,0.780936,0.015966,0.009603,0.004063,0.002563,5.23,20,-0.011542,0.976252,0.410954,0.000000,0.027925,0.023993,0.000000,0.005228,0.000000,-0.047740,-0.436100,0.309839,-0.028736,0.035232,0.014752
1779678082970765452,2026-05-25T10:01:22.970791,prediction,-0.055863,0.803000,0.018735,True,-0.052314,0.795161,0.018891,0.003549,0.007839,0.000156,5.00,20,-0.012732,0.975269,0.409309,0.000000,0.027925,0.023993,0.000000,0.005228,0.000000,-0.047740,-0.436100,0.309839,-0.028736,0.035232,0.014752
1779678083031961071,2026-05-25T10:01:23.031985,prediction,-0.055863,0.803000,0.018735,True,-0.047556,0.798303,0.021025,0.008307,0.004697,0.002290,4.62,20,-0.012368,0.975569,0.409811,0.000000,0.027925,0.023993,0.000000,0.005228,0.000000,-0.047740,-0.436100,0.309839,-0.028736,0.035232,0.014752
1779678083078143415,2026-05-25T10:01:23.078163,prediction,-0.055509,0.794000,0.016069,True,-0.045161,0.787585,0.019067,0.010348,0.006415,0.002998,6.85,20,-0.012368,0.975569,0.409811,0.000000,0.029669,0.029666,0.000000,0.005670,0.000000,-0.001120,-0.402360,0.311582,-0.029728,0.034784,0.006688
1779678083119423280,2026-05-25T10:01:23.119443,prediction,-0.055863,0.803000,0.018735,True,-0.049910,0.795933,0.019942,0.005953,0.007066,0.001207,8.83,20,-0.012368,0.975569,0.409811,0.011342,0.047558,0.066752,0.000000,0.024426,0.010467,0.096320,-0.391720,0.330672,-0.061056,-0.040576,-0.028160
1779678083151854206,2026-05-25T10:01:23.151875,prediction,-0.056059,0.808000,0.020217,True,-0.048649,0.804214,0.023907,0.007410,0.003786,0.003690,5.68,20,-0.012368,0.975569,0.409811,0.011342,0.052354,0.078098,0.000000,0.027045,0.010467,0.096320,-0.407960,0.323285,-0.073920,-0.040480,-0.028384
1779678083188308782,2026-05-25T10:01:23.188330,prediction,-0.054959,0.780000,0.011922,True,-0.044960,0.788214,0.019349,0.009999,0.008214,0.007427,5.14,20,-0.012855,0.976910,0.411509,0.011342,0.054105,0.078098,0.002609,0.023995,0.010898,0.090720,-0.388360,0.319135,-0.084768,-0.043424,-0.029664
1779678083237175880,2026-05-25T10:01:23.237202,prediction,-0.055156,0.785000,0.013403,True,-0.050516,0.780653,0.015929,0.004640,0.004347,0.002526,6.82,20,-0.013136,0.979168,0.413317,0.013087,0.057156,0.072425,0.000000,0.018756,0.010898,0.081200,-0.407540,0.332166,-0.098304,-0.044192,-0.029280
1779678083279421556,2026-05-25T10:01:23.279443,prediction,-0.054959,0.780000,0.011922,True,-0.049297,0.779690,0.015458,0.005662,0.000310,0.003536,5.79,20,-0.013136,0.979168,0.413317,0.013087,0.055412,0.068500,0.000000,0.010898,0.010467,0.091420,-0.398300,0.320214,-0.107520,-0.041184,-0.027776
1779678083323477795,2026-05-25T10:01:23.323495,prediction,-0.055509,0.794000,0.016069,True,-0.052582,0.789550,0.019360,0.002928,0.004449,0.003290,6.23,20,-0.012538,0.981543,0.413915,0.013087,0.055412,0.068500,0.000000,0.010898,0.010467,0.091420,-0.398300,0.320214,-0.107520,-0.041184,-0.027776
1779678083363363794,2026-05-25T10:01:23.363393,prediction,-0.057732,0.780000,0.009146,True,-0.050206,0.777450,0.014698,0.007526,0.002550,0.005552,5.84,20,-0.012795,0.980522,0.413658,0.013087,0.055412,0.068500,0.000000,0.010898,0.010467,0.091420,-0.398300,0.320214,-0.107520,-0.041184,-0.027776
1779678083403300082,2026-05-25T10:01:23.403320,prediction,-0.054959,0.780000,0.011922,True,-0.050100,0.768910,0.013883,0.004859,0.011090,0.001961,4.41,20,-0.012795,0.980522,0.413658,0.013087,0.055412,0.068500,0.000000,0.010898,0.010467,0.091420,-0.398300,0.320214,-0.107520,-0.041184,-0.027776
1779678083443424666,2026-05-25T10:01:23.443459,prediction,-0.054959,0.780000,0.011922,True,-0.051828,0.770615,0.013643,0.003132,0.009385,0.001721,6.23,20,-0.012178,0.982594,0.414318,0.011342,0.020940,0.001740,0.000000,0.032284,0.010467,0.085120,-0.485100,0.168324,-0.103904,0.037696,-0.030400
1779678083488612292,2026-05-25T10:01:23.488630,prediction,-0.055706,0.799000,0.014805,True,-0.056465,0.786615,0.016208,0.000759,0.012385,0.001403,4.95,20,-0.012178,0.982594,0.414318,0.011342,0.014831,0.020506,0.000000,0.037523,0.010467,0.091420,-0.490000,0.116283,-0.102080,0.041856,-0.031072
1779678083540023387,2026-05-25T10:01:23.540050,prediction,-0.055156,0.785000,0.010635,True,-0.050353,0.777918,0.014556,0.004803,0.007082,0.003921,7.61,20,-0.011281,0.982570,0.414325,0.009598,0.005233,0.035339,0.000000,0.040142,0.013517,0.084840,-0.480060,0.107485,-0.102752,0.039680,-0.030112
1779678083579046066,2026-05-25T10:01:23.579089,prediction,-0.054802,0.776000,0.007954,True,-0.049499,0.765413,0.010160,0.005303,0.010587,0.002206,6.27,20,-0.011307,0.980622,0.413714,0.007853,0.003051,0.031413,0.003051,0.029665,0.005228,0.082740,-0.478240,0.110058,-0.102848,0.040128,-0.032576
1779678083619627652,2026-05-25T10:01:23.619672,prediction,-0.055352,0.790000,0.012124,True,-0.056955,0.781413,0.013646,0.001603,0.008587,0.001522,4.56,20,-0.011307,0.980622,0.413714,0.006540,0.001744,0.020067,0.000000,0.018756,0.005228,0.083020,-0.473060,0.112797,-0.100864,0.036640,-0.031008
1779678083659047400,2026-05-25T10:01:23.659072,prediction,-0.058447,0.799000,0.014805,True,-0.058862,0.794090,0.018787,0.000414,0.004910,0.003982,6.54,20,-0.010269,0.979517,0.413280,0.004796,0.001744,0.014833,0.000000,0.016137,0.005670,0.082040,-0.479500,0.114706,-0.100416,0.036576,-0.031840
1779678083696518967,2026-05-25T10:01:23.696546,prediction,-0.057920,0.785000,0.010635,True,-0.054550,0.783546,0.016248,0.003370,0.001454,0.005613,4.71,20,-0.009675,0.978263,0.412567,0.003489,0.000000,0.014833,0.000000,0.013517,0.002609,0.080220,-0.486360,0.114042,-0.099968,0.034688,-0.031680
1779678083746375430,2026-05-25T10:01:23.746401,prediction,-0.057920,0.785000,0.010635,True,-0.054302,0.771139,0.013076,0.003619,0.013861,0.002442,5.15,20,-0.009675,0.978263,0.412567,0.001744,0.000000,0.010907,0.000000,0.010898,0.003051,0.083580,-0.515480,0.111801,-0.099744,0.033280,-0.031680
1779678083790449663,2026-05-25T10:01:23.790466,prediction,-0.057393,0.771000,0.006465,True,-0.053952,0.764045,0.010205,0.003441,0.006955,0.003740,7.46,20,-0.008274,0.976828,0.412347,0.003489,0.000000,0.003926,0.000000,0.005670,0.002609,0.089460,-0.500920,0.115038,-0.098848,0.035360,-0.030624
1779678083837158449,2026-05-25T10:01:23.837177,prediction,-0.057732,0.780000,0.009146,True,-0.060311,0.773875,0.011748,0.002579,0.006125,0.002602,6.90,20,-0.008798,0.975931,0.411132,0.003489,0.001307,0.001740,0.000000,0.000000,0.002609,0.085120,-0.464940,0.184675,-0.100064,0.028448,-0.031232
1779678083880140551,2026-05-25T10:01:23.880166,prediction,-0.057581,0.776000,0.007954,True,-0.054927,0.766095,0.011360,0.002654,0.009905,0.003406,4.90,20,-0.008798,0.975931,0.411132,0.004796,0.001744,0.003926,0.000000,0.003051,0.005228,0.085820,-0.463680,0.289421,-0.100800,0.007744,-0.030848
1779678083920592636,2026-05-25T10:01:23.920645,prediction,-0.058259,0.794000,0.013316,True,-0.054820,0.771785,0.014590,0.003439,0.022215,0.001274,7.70,20,-0.007666,0.973692,0.410439,0.006540,0.008285,0.031413,0.000000,0.026614,0.008289,0.084280,-0.477680,0.323451,-0.103072,-0.044800,-0.031296
1779678083958172765,2026-05-25T10:01:23.958187,prediction,-0.058259,0.794000,0.013316,True,-0.052739,0.776278,0.015691,0.005520,0.017722,0.002375,4.61,20,-0.006382,0.971804,0.410718,0.006540,0.014831,0.063265,0.000000,0.048432,0.008289,0.086100,-0.448140,0.334573,-0.102912,-0.045824,-0.031008
1779678084005222360,2026-05-25T10:01:24.005266,prediction,-0.058447,0.799000,0.014805,True,-0.053761,0.777967,0.017229,0.004686,0.021033,0.002424,5.74,20,-0.006382,0.971804,0.410718,0.006540,0.016138,0.068500,0.000000,0.053659,0.005228,0.084560,-0.445060,0.337063,-0.101472,-0.047104,-0.031392
1779678084041550088,2026-05-25T10:01:24.041587,prediction,-0.058108,0.790000,0.012124,True,-0.053017,0.774154,0.015072,0.005091,0.015846,0.002948,4.33,20,-0.007008,0.970338,0.409930,0.003051,0.016576,0.072425,0.000000,0.056279,0.005228,0.069720,-0.424900,0.324613,-0.100640,-0.047200,-0.032512
1779678084076705745,2026-05-25T10:01:24.076731,prediction,-0.058447,0.799000,0.012060,True,-0.054844,0.780845,0.014193,0.003604,0.018155,0.002133,4.62,20,-0.007008,0.970338,0.409930,0.003051,0.019634,0.072864,0.000000,0.051482,0.005228,0.080500,-0.444500,0.331170,-0.100640,-0.050720,-0.032576
1779678084115327000,2026-05-25T10:01:24.115353,prediction,-0.058598,0.803000,0.013258,True,-0.054930,0.790930,0.016467,0.003668,0.012070,0.003209,5.49,20,-0.006647,0.971218,0.410395,0.001744,0.020940,0.070247,0.000000,0.051482,0.002609,0.071260,-0.438900,0.320546,-0.099904,-0.048928,-0.031232
1779678084156878695,2026-05-25T10:01:24.156899,prediction,-0.055352,0.790000,0.009364,True,-0.048875,0.781487,0.014159,0.006478,0.008513,0.004795,5.07,20,-0.006647,0.971218,0.410395,0.000000,0.019634,0.059340,0.000000,0.037954,0.000000,0.017640,-0.443800,0.317807,-0.096576,-0.042752,-0.022880
1779678084203770345,2026-05-25T10:01:24.203794,prediction,-0.056059,0.808000,0.014755,True,-0.056974,0.795708,0.015705,0.000914,0.012292,0.000949,6.68,20,-0.006647,0.971218,0.410395,0.001744,0.014831,0.041012,0.000000,0.027045,0.000000,-0.058520,-0.466760,0.296061,-0.094720,-0.040864,0.001952
1779678084246114689,2026-05-25T10:01:24.246138,prediction,-0.055352,0.790000,0.009364,True,-0.049269,0.786076,0.014006,0.006083,0.003924,0.004642,6.75,20,-0.006647,0.971218,0.410395,0.006540,0.007853,0.018759,0.000000,0.010898,0.007847,-0.095060,-0.476140,0.285271,-0.089120,-0.041024,0.022496
1779678084284985172,2026-05-25T10:01:24.285004,prediction,-0.055156,0.785000,0.007867,True,-0.049985,0.779698,0.009991,0.005170,0.005302,0.002124,4.89,20,-0.006647,0.971218,0.410395,0.010029,0.001744,0.001740,0.000000,0.000000,0.007847,-0.090440,-0.482860,0.282366,-0.082656,-0.040416,0.026176
1779678084327016645,2026-05-25T10:01:24.327038,prediction,-0.055863,0.803000,0.013258,True,-0.053935,0.795698,0.014538,0.001927,0.007302,0.001280,5.82,20,-0.005891,0.973131,0.411243,0.011342,0.001744,0.015264,0.000000,0.003051,0.010898,-0.092960,-0.702100,0.104248,-0.069696,0.006976,0.027008
1779678084368353413,2026-05-25T10:01:24.368379,prediction,-0.055706,0.799000,0.012060,True,-0.048965,0.793601,0.016666,0.006741,0.005399,0.004606,5.30,20,-0.006489,0.973920,0.410754,0.011780,0.013087,0.040573,0.000000,0.027045,0.010467,-0.079240,-0.784280,0.084328,-0.058624,0.037472,0.028224
1779678084414784227,2026-05-25T10:01:24.414802,prediction,-0.055509,0.794000,0.010562,True,-0.048434,0.785713,0.013661,0.007076,0.008287,0.003099,4.61,20,-0.006489,0.973920,0.410754,0.013087,0.022685,0.063265,0.000000,0.040142,0.013086,-0.086100,-0.807240,0.093873,-0.045984,0.043424,0.028160
1779678084454495471,2026-05-25T10:01:24.454518,prediction,-0.055352,0.790000,0.009364,True,-0.048778,0.781843,0.011340,0.006574,0.008157,0.001976,5.28,20,-0.008527,0.974795,0.410421,0.014831,0.026174,0.070686,0.000000,0.048432,0.013517,-0.079940,-0.777420,0.075032,-0.033632,0.041088,0.029952
1779678084500814699,2026-05-25T10:01:24.500846,prediction,-0.055352,0.790000,0.009364,True,-0.051147,0.783218,0.011851,0.004205,0.006782,0.002487,6.22,20,-0.008458,0.975945,0.410699,0.014394,0.024429,0.067191,0.000000,0.043193,0.016137,-0.083580,-0.755440,0.087731,-0.017920,0.040704,0.029664
1779678084542025265,2026-05-25T10:01:24.542054,prediction,-0.055352,0.790000,0.006604,True,-0.051220,0.785126,0.009200,0.004132,0.004874,0.002596,8.12,20,-0.008458,0.975945,0.410699,0.013087,0.022685,0.065444,0.003051,0.043193,0.013517,-0.088620,-0.768740,0.084660,-0.014080,0.042080,0.030016
1779678084581432223,2026-05-25T10:01:24.581463,prediction,-0.055863,0.803000,0.010519,True,-0.051878,0.790606,0.011924,0.003985,0.012394,0.001405,7.84,20,-0.008709,0.977172,0.410585,0.013087,0.023122,0.070686,0.002609,0.045812,0.013086,-0.102900,-0.791420,0.088893,-0.019104,0.042464,0.032288
1779678084617565384,2026-05-25T10:01:24.617613,prediction,-0.053128,0.803000,0.010519,True,-0.046718,0.790744,0.012545,0.006409,0.012256,0.002026,5.85,20,-0.008709,0.977172,0.410585,0.014831,0.026174,0.076351,0.000000,0.048432,0.013517,-0.108780,-0.783020,0.079431,-0.021504,0.046080,0.033120
1779678084657827697,2026-05-25T10:01:24.657854,prediction,-0.052760,0.794000,0.007809,True,-0.044868,0.781480,0.010132,0.007892,0.012520,0.002323,8.21,20,-0.009591,0.979884,0.409607,0.013087,0.027925,0.079846,0.002609,0.051040,0.016137,-0.085820,-0.791000,0.074617,-0.022272,0.040864,0.035520
1779678084699920229,2026-05-25T10:01:24.699948,prediction,-0.052760,0.794000,0.007809,True,-0.048085,0.782862,0.008493,0.004675,0.011138,0.000685,8.00,20,-0.010493,0.980539,0.409461,0.013087,0.029669,0.081593,0.002609,0.051040,0.010898,-0.093800,-0.797300,0.077273,-0.020928,0.043584,0.033952
1779678084738066019,2026-05-25T10:01:24.738094,prediction,-0.052964,0.799000,0.006569,True,-0.047573,0.789640,0.007695,0.005391,0.009360,0.001126,8.49,20,-0.010493,0.980539,0.409461,0.011780,0.029231,0.079846,0.000000,0.051040,0.010898,-0.108500,-0.783860,0.088229,-0.021504,0.042816,0.031456
1779678084773567286,2026-05-25T10:01:24.773611,prediction,-0.053701,0.817000,0.012019,True,-0.048922,0.805640,0.014374,0.004779,0.011360,0.002354,5.68,20,-0.010998,0.981788,0.407901,0.011342,0.026174,0.070686,0.000000,0.045812,0.010467,-0.095480,-0.787640,0.081672,-0.021216,0.040480,0.032288
1779678084817488937,2026-05-25T10:01:24.817532,prediction,-0.053128,0.803000,0.007780,True,-0.043063,0.796349,0.013542,0.010065,0.006651,0.005762,8.81,20,-0.010998,0.981788,0.407901,0.010029,0.024429,0.063265,0.000000,0.037523,0.010898,-0.085120,-0.787920,0.091715,-0.020704,0.039200,0.031840
1779678084854137756,2026-05-25T10:01:24.854162,prediction,-0.052964,0.799000,0.006569,True,-0.045722,0.788401,0.009272,0.007242,0.010599,0.002703,6.31,20,-0.012090,0.982569,0.408419,0.010029,0.024429,0.063265,0.000000,0.037523,0.010898,-0.085120,-0.787920,0.091715,-0.020704,0.039200,0.031840
1779678084897559191,2026-05-25T10:01:24.897599,prediction,-0.053701,0.817000,0.012019,True,-0.052739,0.804401,0.015004,0.000962,0.012599,0.002985,5.20,20,-0.011511,0.981938,0.408584,0.010029,0.024429,0.063265,0.000000,0.037523,0.010898,-0.085120,-0.787920,0.091715,-0.020704,0.039200,0.031840
1779678084942152603,2026-05-25T10:01:24.942177,prediction,-0.053333,0.808000,0.006564,True,-0.046345,0.805402,0.014391,0.006988,0.002598,0.007827,8.32,20,-0.011511,0.981938,0.408584,0.008285,0.021378,0.050172,0.000000,0.027045,0.007847,-0.076440,-0.767200,0.104248,-0.020608,0.038624,0.030944
1779678084981245741,2026-05-25T10:01:24.981271,prediction,-0.052760,0.794000,0.002301,True,-0.043906,0.793949,0.008530,0.008853,0.000051,0.006229,10.15,20,-0.011865,0.983274,0.408278,0.001744,0.003051,0.018759,0.000000,0.010467,0.000000,-0.064120,-0.516740,0.312246,-0.030400,-0.034080,0.030176
1779678085016805661,2026-05-25T10:01:25.016835,prediction,-0.053333,0.808000,0.006564,True,-0.050834,0.803834,0.009432,0.002499,0.004166,0.002868,4.90,20,-0.011865,0.983274,0.408278,0.000000,0.011342,0.035339,0.000000,0.027045,0.002609,-0.059780,-0.467740,0.307266,-0.029504,-0.041536,0.031008
1779678085062852725,2026-05-25T10:01:25.062878,prediction,-0.053333,0.808000,0.001103,True,-0.048278,0.810836,0.005250,0.005054,0.002836,0.004147,8.08,20,-0.013078,0.985779,0.407816,0.001744,0.014831,0.037086,0.000000,0.021807,0.000000,0.008960,-0.452480,0.305025,-0.031456,-0.038240,0.024064
1779678085105546428,2026-05-25T10:01:25.105571,prediction,-0.052964,0.799000,-0.001667,True,-0.045271,0.803994,0.001353,0.007694,0.004995,0.003020,9.41,20,-0.012345,0.987399,0.406811,0.004796,0.019634,0.041012,0.000000,0.023995,0.003051,0.077700,-0.484120,0.312578,-0.034688,-0.037568,-0.005856
1779678085142889770,2026-05-25T10:01:25.142905,prediction,-0.053496,0.812000,-0.000391,True,-0.048572,0.807427,-0.001016,0.004924,0.004573,0.000625,8.18,20,-0.012345,0.987399,0.406811,0.007853,0.021378,0.048432,0.000000,0.024426,0.013517,0.104160,-0.463680,0.306270,-0.041696,-0.039072,-0.022336
1779678085182538912,2026-05-25T10:01:25.182584,prediction,-0.053496,0.812000,-0.005839,True,-0.046391,0.809983,-0.005464,0.007105,0.002017,0.000374,8.58,20,-0.013569,0.989807,0.405688,0.013087,0.023122,0.050172,0.000000,0.027045,0.013517,0.092960,-0.436380,0.320380,-0.048704,-0.040864,-0.026496
1779678085223644497,2026-05-25T10:01:25.223684,prediction,-0.053701,0.817000,-0.004275,True,-0.047868,0.813925,-0.005082,0.005833,0.003075,0.000807,8.59,20,-0.013569,0.989807,0.405688,0.013087,0.023122,0.050172,0.000000,0.027045,0.013517,0.092960,-0.436380,0.320380,-0.048704,-0.040864,-0.026496
1779678085262933400,2026-05-25T10:01:25.262957,prediction,-0.053865,0.821000,-0.008443,True,-0.047499,0.815859,-0.009979,0.006366,0.005141,0.001536,8.35,20,-0.013276,0.991056,0.404314,0.013087,0.023122,0.050172,0.000000,0.027045,0.013517,0.092960,-0.436380,0.320380,-0.048704,-0.040864,-0.026496
1779678085304654304,2026-05-25T10:01:25.304680,prediction,-0.053865,0.821000,-0.011152,True,-0.045685,0.812579,-0.012840,0.008179,0.008421,0.001688,9.65,20,-0.013451,0.993729,0.402268,0.013087,0.023122,0.050172,0.000000,0.027045,0.013517,0.092960,-0.436380,0.320380,-0.048704,-0.040864,-0.026496
1779678085348743453,2026-05-25T10:01:25.348766,prediction,-0.053701,0.817000,-0.017854,True,-0.045275,0.811093,-0.019745,0.008426,0.005907,0.001890,8.11,20,-0.013451,0.993729,0.402268,0.013087,0.024429,0.050172,0.000000,0.029665,0.013517,0.083580,-0.448840,0.320546,-0.053440,-0.040800,-0.027904
1779678085391055719,2026-05-25T10:01:25.391081,prediction,-0.053701,0.817000,-0.017854,True,-0.046189,0.811645,-0.020269,0.007512,0.005355,0.002415,9.58,20,-0.013617,0.996811,0.399523,0.013087,0.034034,0.065013,0.000000,0.029665,0.013517,0.071820,-0.419720,0.323617,-0.106816,-0.042912,-0.028160
1779678085431144739,2026-05-25T10:01:25.431170,prediction,-0.052596,0.790000,-0.026518,True,-0.042891,0.795645,-0.025700,0.009705,0.005645,0.000818,9.25,20,-0.013825,0.998827,0.396902,0.011342,0.037960,0.063265,0.002609,0.027045,0.010898,0.085820,-0.428960,0.324447,-0.104800,-0.038624,-0.030240
1779678085474823721,2026-05-25T10:01:25.474852,prediction,-0.052760,0.794000,-0.027988,True,-0.047648,0.787410,-0.031633,0.005112,0.006590,0.003645,9.20,20,-0.013825,0.998827,0.396902,0.011342,0.037523,0.061518,0.002609,0.018756,0.010467,0.095060,-0.435820,0.316396,-0.102464,-0.039072,-0.030560
1779678085514713536,2026-05-25T10:01:25.514738,prediction,-0.053333,0.808000,-0.026203,True,-0.046342,0.797363,-0.029673,0.006990,0.010637,0.003470,8.89,20,-0.013773,1.000429,0.392716,0.011780,0.032720,0.052358,0.000000,0.016137,0.013517,0.084560,-0.435820,0.308843,-0.103584,-0.039424,-0.030624
1779678085556900519,2026-05-25T10:01:25.556926,prediction,-0.054069,0.826000,-0.023069,True,-0.045437,0.811555,-0.024231,0.008632,0.014445,0.001162,8.78,20,-0.013773,1.000429,0.392716,0.011342,0.024429,0.033592,0.002609,0.007847,0.010898,0.081480,-0.434000,0.302618,-0.101920,-0.039968,-0.030240
1779678085597984701,2026-05-25T10:01:25.598006,prediction,-0.053496,0.812000,-0.033079,True,-0.040247,0.800033,-0.028577,0.013249,0.011967,0.004502,5.17,20,-0.014079,1.001065,0.389100,0.010029,0.021378,0.027919,0.000000,0.008289,0.008289,0.078400,-0.439880,0.297140,-0.101184,-0.039520,-0.031904
1779678085649932608,2026-05-25T10:01:25.649965,prediction,-0.054069,0.826000,-0.028471,True,-0.043881,0.801181,-0.028818,0.010188,0.024819,0.000346,4.84,20,-0.014356,1.000994,0.384564,0.010029,0.017889,0.023993,0.003051,0.008289,0.008289,0.083300,-0.429240,0.296144,-0.100416,-0.041184,-0.031904
1779678085706763908,2026-05-25T10:01:25.706793,prediction,-0.054929,0.847000,-0.021561,True,-0.045929,0.817181,-0.019275,0.008999,0.029819,0.002286,4.97,20,-0.014843,1.000855,0.381185,0.010029,0.017889,0.023993,0.003051,0.008289,0.008289,0.083300,-0.429240,0.296144,-0.100416,-0.041184,-0.031904
1779678085758866849,2026-05-25T10:01:25.758897,prediction,-0.054069,0.826000,-0.031173,True,-0.040649,0.820995,-0.020248,0.013420,0.005005,0.010924,7.22,20,-0.015077,1.000656,0.378896,0.008285,0.016576,0.020506,0.000000,0.005228,0.008289,0.084840,-0.447860,0.309507,-0.099968,-0.040480,-0.030720
1779678085808434781,2026-05-25T10:01:25.808465,prediction,-0.054397,0.834000,-0.028527,True,-0.042991,0.818351,-0.024139,0.011405,0.015649,0.004388,9.50,20,-0.015077,1.000656,0.378896,0.011342,0.035778,0.063265,0.000000,0.029665,0.010898,0.086800,-0.405440,0.330174,-0.103968,-0.043584,-0.032128
1779678085851562469,2026-05-25T10:01:25.851604,prediction,-0.053701,0.817000,-0.036865,True,-0.037951,0.812953,-0.030027,0.015750,0.004047,0.006838,9.85,20,-0.015781,1.001791,0.376010,0.010029,0.042318,0.074173,0.002609,0.029665,0.007847,0.079240,-0.403900,0.333743,-0.103744,-0.042816,-0.034688
1779678085902347972,2026-05-25T10:01:25.902376,prediction,-0.053865,0.821000,-0.043663,True,-0.043153,0.819027,-0.037608,0.010712,0.001973,0.006055,11.13,20,-0.016428,1.002348,0.374193,0.011780,0.052354,0.085519,0.000000,0.032284,0.013517,0.084280,-0.400400,0.331502,-0.101248,-0.040960,-0.033792
1779678085955260015,2026-05-25T10:01:25.955289,prediction,-0.054397,0.834000,-0.041966,True,-0.042227,0.824656,-0.037108,0.012170,0.009344,0.004858,9.59,20,-0.016428,1.002348,0.374193,0.009598,0.055412,0.083333,0.003051,0.027045,0.010898,0.089880,-0.411600,0.321874,-0.101472,-0.041312,-0.031008
1779678085999765438,2026-05-25T10:01:25.999812,prediction,-0.054233,0.830000,-0.046016,True,-0.037833,0.817076,-0.039152,0.016400,0.012924,0.006864,9.11,20,-0.016464,1.002893,0.372112,0.010029,0.057156,0.079846,0.000000,0.021375,0.005670,0.099120,-0.428680,0.317973,-0.101568,-0.039744,-0.032288
1779678086044324475,2026-05-25T10:01:26.044347,prediction,-0.053496,0.812000,-0.065767,True,-0.035718,0.801202,-0.052897,0.017779,0.010798,0.012870,9.18,20,-0.017475,1.003647,0.368916,0.008285,0.065447,0.083771,0.000000,0.018756,0.007847,0.087080,-0.411320,0.324945,-0.101920,-0.041632,-0.031904
1779678086080396946,2026-05-25T10:01:26.080423,prediction,-0.052964,0.799000,-0.081283,True,-0.034419,0.787909,-0.068897,0.018545,0.011091,0.012386,5.93,20,-0.017475,1.003647,0.368916,0.006540,0.067192,0.087697,0.002609,0.018756,0.008289,0.093520,-0.410060,0.324115,-0.102240,-0.041632,-0.032128
1779678086126130626,2026-05-25T10:01:26.126154,prediction,-0.052760,0.794000,-0.085813,True,-0.033615,0.779062,-0.076745,0.019144,0.014938,0.009068,4.83,20,-0.018561,1.003811,0.364664,0.008285,0.068936,0.087266,0.000000,0.016137,0.008289,0.094780,-0.386820,0.320878,-0.102304,-0.041408,-0.032352
1779678086174379169,2026-05-25T10:01:26.174399,prediction,-0.052760,0.794000,-0.085813,True,-0.030180,0.769588,-0.077613,0.022579,0.024412,0.008200,8.77,20,-0.019325,1.003045,0.360905,0.008285,0.068936,0.087266,0.000000,0.016137,0.008289,0.094780,-0.386820,0.320878,-0.102304,-0.041408,-0.032352
1779678086226508503,2026-05-25T10:01:26.226534,prediction,-0.052187,0.780000,-0.090812,True,-0.023277,0.753588,-0.082582,0.028910,0.026412,0.008230,6.40,20,-0.020409,1.002150,0.357726,0.004796,0.073301,0.061079,0.000000,0.008289,0.005228,0.083580,-0.400400,0.301954,-0.102240,0.022208,-0.031168
1779678086272051991,2026-05-25T10:01:26.272081,prediction,-0.054069,0.826000,-0.079791,True,-0.032944,0.769588,-0.080696,0.021125,0.056412,0.000905,5.15,20,-0.020409,1.002150,0.357726,0.004796,0.070243,0.046246,0.000000,0.027045,0.005228,0.093240,-0.415940,0.305689,-0.102688,0.037408,-0.031680
1779678086318283880,2026-05-25T10:01:26.318321,prediction,-0.050393,0.803000,-0.088078,True,-0.019063,0.754791,-0.078164,0.031330,0.048209,0.009913,4.62,20,-0.022088,1.000211,0.352723,0.004796,0.062390,0.014833,0.000000,0.048432,0.005670,0.084000,-0.459340,0.283196,-0.102976,0.044032,-0.029792
1779678086365238253,2026-05-25T10:01:26.365264,prediction,-0.050606,0.808000,-0.094468,True,-0.017009,0.739676,-0.082187,0.033597,0.068324,0.012281,5.40,20,-0.023624,0.997895,0.348474,0.004796,0.052354,0.001740,0.000000,0.062391,0.002609,0.080780,-0.484400,0.157036,-0.104576,0.049440,-0.033504
1779678086409110706,2026-05-25T10:01:26.409135,prediction,-0.051713,0.834000,-0.098411,True,-0.016571,0.755676,-0.087456,0.035141,0.078324,0.010956,4.54,20,-0.023624,0.997895,0.348474,0.004796,0.044069,0.027919,0.002609,0.072857,0.005228,0.086800,-0.469000,0.106821,-0.105408,0.044928,-0.033024
1779678086458033213,2026-05-25T10:01:26.458049,prediction,-0.050393,0.803000,-0.109988,True,-0.010433,0.749254,-0.090834,0.039959,0.053746,0.019154,9.24,20,-0.025984,0.994324,0.343136,0.006540,0.037523,0.039265,0.000000,0.072426,0.005670,0.089460,-0.470820,0.099102,-0.103680,0.046144,-0.033856
1779678086503865136,2026-05-25T10:01:26.503883,prediction,-0.050776,0.812000,-0.114799,True,-0.013566,0.739305,-0.098015,0.037210,0.072695,0.016784,8.31,20,-0.028165,0.990690,0.338129,0.004796,0.035778,0.038826,0.000000,0.072857,0.005670,0.094500,-0.465220,0.098189,-0.103808,0.045696,-0.033856
1779678086542706161,2026-05-25T10:01:26.542725,prediction,-0.051372,0.826000,-0.109502,True,-0.008581,0.742259,-0.093542,0.042791,0.083741,0.015960,7.01,20,-0.028165,0.990690,0.338129,0.004796,0.035778,0.038826,0.000000,0.072857,0.005670,0.094500,-0.465220,0.098189,-0.103808,0.045696,-0.033856
1779678086586300235,2026-05-25T10:01:26.586325,prediction,-0.048852,0.830000,-0.107988,True,-0.007235,0.750294,-0.091326,0.041617,0.079706,0.016663,8.95,20,-0.030781,0.985404,0.332007,0.004796,0.035778,0.038826,0.000000,0.072857,0.005670,0.094500,-0.465220,0.098189,-0.103808,0.045696,-0.033856
1779678086630317780,2026-05-25T10:01:26.630364,prediction,-0.047083,0.790000,-0.123123,True,-0.000139,0.734294,-0.097558,0.046944,0.055706,0.025566,8.18,20,-0.033366,0.980110,0.326728,0.004796,0.035778,0.038826,0.000000,0.072857,0.005670,0.094500,-0.465220,0.098189,-0.103808,0.045696,-0.033856
1779678086680919136,2026-05-25T10:01:26.680954,prediction,-0.049028,0.834000,-0.106475,True,-0.014222,0.749984,-0.094451,0.034806,0.084016,0.012024,7.84,20,-0.033366,0.980110,0.326728,0.004796,0.035778,0.038826,0.000000,0.072857,0.005670,0.094500,-0.465220,0.098189,-0.103808,0.045696,-0.033856
1779678086718114918,2026-05-25T10:01:26.718142,prediction,-0.047260,0.794000,-0.121610,True,-0.001547,0.733984,-0.097296,0.045713,0.060016,0.024314,8.08,20,-0.036503,0.973554,0.321048,0.004796,0.035778,0.037086,0.000000,0.072857,0.005670,0.090160,-0.475440,0.103003,-0.103904,0.047584,-0.034304
1779678086761919881,2026-05-25T10:01:26.761945,prediction,-0.043685,0.776000,-0.128421,True,0.008438,0.717984,-0.105595,0.052123,0.058016,0.022826,7.96,20,-0.039405,0.967205,0.316135,0.009598,0.041012,0.005666,0.000000,0.037523,0.010898,0.101360,-0.454720,0.283362,-0.103360,0.036512,-0.036960
1779678086802277384,2026-05-25T10:01:26.802302,prediction,-0.045565,0.817000,-0.112907,True,0.000400,0.733313,-0.101886,0.045964,0.083687,0.011021,8.99,20,-0.039405,0.967205,0.316135,0.009598,0.039267,0.000000,0.000000,0.040142,0.010467,0.111580,-0.460040,0.280291,-0.103200,0.040128,-0.037696
1779678086840037492,2026-05-25T10:01:26.840060,prediction,-0.044327,0.790000,-0.123123,True,0.007739,0.717313,-0.101245,0.052066,0.072687,0.021878,8.14,20,-0.043105,0.959960,0.311650,0.009598,0.039267,0.000000,0.000000,0.040142,0.010467,0.111580,-0.460040,0.280291,-0.103200,0.040128,-0.037696
1779678086881960706,2026-05-25T10:01:26.881986,prediction,-0.044098,0.785000,-0.125015,True,0.011470,0.701313,-0.105452,0.055568,0.083687,0.019563,8.17,20,-0.043105,0.959960,0.311650,0.009598,0.039267,0.000000,0.000000,0.040142,0.010467,0.111580,-0.460040,0.280291,-0.103200,0.040128,-0.037696
1779678086921430041,2026-05-25T10:01:26.921456,prediction,-0.044510,0.794000,-0.121610,True,0.016706,0.685313,-0.105048,0.061216,0.108687,0.016562,8.67,20,-0.047265,0.952438,0.307806,0.009598,0.039267,0.000000,0.000000,0.040142,0.010467,0.111580,-0.460040,0.280291,-0.103200,0.040128,-0.037696
1779678086964964934,2026-05-25T10:01:26.964992,prediction,-0.046161,0.830000,-0.107988,True,0.008079,0.701313,-0.089048,0.054240,0.128687,0.018940,9.31,20,-0.051297,0.945786,0.304682,0.012649,0.027925,0.063265,0.000000,0.091624,0.013086,0.105980,-0.474180,0.075696,-0.101632,0.049216,-0.037120
1779678087003604106,2026-05-25T10:01:27.003647,prediction,-0.041571,0.790000,-0.123123,True,0.011165,0.697772,-0.086714,0.052736,0.092228,0.036409,5.41,20,-0.051297,0.945786,0.304682,0.014831,0.020940,0.087266,0.002609,0.110391,0.013517,0.112840,-0.465220,0.061752,-0.100640,0.044864,-0.039424
1779678087046714938,2026-05-25T10:01:27.046742,prediction,-0.041998,0.799000,-0.119718,True,0.008908,0.684187,-0.092508,0.050906,0.114813,0.027210,4.72,20,-0.055450,0.938479,0.302350,0.017889,0.016138,0.102099,0.000000,0.118680,0.016137,0.102480,-0.491540,0.062997,-0.100960,0.048384,-0.041088
1779678087090483130,2026-05-25T10:01:27.090507,prediction,-0.044923,0.803000,-0.118205,True,0.000489,0.700187,-0.094383,0.045412,0.102813,0.023821,4.44,20,-0.055450,0.938479,0.302350,0.017889,0.016138,0.102099,0.000000,0.118680,0.016137,0.102480,-0.491540,0.062997,-0.100960,0.048384,-0.041088
1779678087132147223,2026-05-25T10:01:27.132172,prediction,-0.046344,0.834000,-0.106475,True,-0.004844,0.716187,-0.078827,0.041500,0.117813,0.027648,5.28,20,-0.058737,0.932290,0.300862,0.017889,0.016138,0.102099,0.000000,0.118680,0.016137,0.102480,-0.491540,0.062997,-0.100960,0.048384,-0.041088
1779678087174662650,2026-05-25T10:01:27.174686,prediction,-0.045748,0.821000,-0.111394,True,-0.000673,0.719201,-0.076779,0.045075,0.101799,0.034615,4.44,20,-0.061212,0.925390,0.300516,0.017889,0.016138,0.102099,0.000000,0.118680,0.016137,0.102480,-0.491540,0.062997,-0.100960,0.048384,-0.041088
1779678087220065566,2026-05-25T10:01:27.220091,prediction,-0.044510,0.794000,-0.121610,True,-0.001555,0.711715,-0.086517,0.042955,0.082285,0.035093,5.52,20,-0.061212,0.925390,0.300516,0.017889,0.014831,0.107772,0.003051,0.121300,0.016137,0.103460,-0.502180,0.064159,-0.101856,0.051104,-0.039904
1779678087266814479,2026-05-25T10:01:27.266844,prediction,-0.046161,0.830000,-0.107988,True,-0.013694,0.727715,-0.082894,0.032467,0.102285,0.025094,5.05,20,-0.062970,0.919039,0.301379,0.030976,0.030976,0.275322,0.002609,0.256117,0.029665,0.121100,-0.852180,-0.002822,-0.103296,0.071904,-0.037248
1779678087305191279,2026-05-25T10:01:27.305207,prediction,-0.045565,0.817000,-0.112907,True,-0.004232,0.726498,-0.080246,0.041333,0.090502,0.032661,4.52,20,-0.063405,0.914229,0.302531,0.034465,0.042318,0.308483,0.005670,0.293650,0.029234,0.109620,-0.807800,-0.018758,-0.101184,0.073408,-0.037696
1779678087347038615,2026-05-25T10:01:27.347057,prediction,-0.044923,0.803000,-0.118205,True,0.000081,0.710498,-0.085439,0.045004,0.092502,0.032766,5.91,20,-0.063405,0.914229,0.302531,0.034034,0.047120,0.331175,0.002609,0.301940,0.032284,0.130480,-0.809620,-0.014525,-0.102752,0.071744,-0.039072
1779678087388839342,2026-05-25T10:01:27.388860,prediction,-0.044510,0.794000,-0.121610,True,0.001926,0.694498,-0.094459,0.046436,0.099502,0.027151,9.30,20,-0.063920,0.910433,0.304447,0.037523,0.053667,0.351242,0.005228,0.307168,0.032284,0.112840,-0.842520,0.024817,-0.106368,0.066464,-0.039680
1779678087433496112,2026-05-25T10:01:27.433517,prediction,-0.044923,0.803000,-0.118205,True,0.005862,0.684302,-0.092225,0.050785,0.118698,0.025980,9.60,20,-0.063510,0.908183,0.305682,0.039267,0.060207,0.349495,0.005228,0.291031,0.032284,0.096600,-0.806820,0.004316,-0.102080,0.066016,-0.035360
1779678087479072931,2026-05-25T10:01:27.479100,prediction,-0.041998,0.799000,-0.119718,True,0.003148,0.692435,-0.092879,0.045146,0.106565,0.026839,9.33,20,-0.063510,0.908183,0.305682,0.035778,0.063703,0.345569,0.002609,0.280122,0.032284,0.116480,-0.796040,-0.024651,-0.101248,0.066784,-0.034304
1779678087514830065,2026-05-25T10:01:27.514849,prediction,-0.042615,0.812000,-0.114799,True,0.007517,0.682835,-0.090993,0.050132,0.129165,0.023806,5.32,20,-0.063744,0.904749,0.306648,0.037523,0.068936,0.345569,0.005228,0.263975,0.035335,0.118020,-0.825440,0.003154,-0.106592,0.059616,-0.036288
1779678087554759268,2026-05-25T10:01:27.554780,prediction,-0.042188,0.803000,-0.118205,True,0.016695,0.670901,-0.093541,0.058883,0.132099,0.024664,5.48,20,-0.063744,0.904749,0.306648,0.041012,0.071994,0.336409,0.005228,0.245208,0.034903,0.112140,-0.813680,-0.012450,-0.107136,0.064224,-0.035232
1779678087595057798,2026-05-25T10:01:27.595078,prediction,-0.036702,0.747000,-0.139394,True,0.017338,0.659288,-0.106036,0.054039,0.087712,0.033358,5.14,20,-0.063341,0.901303,0.308322,0.042318,0.076790,0.332483,0.002609,0.239980,0.040573,0.110040,-0.817460,0.007221,-0.108480,0.062240,-0.035456
1779678087640607376,2026-05-25T10:01:27.640629,prediction,-0.037439,0.762000,-0.133718,True,0.012187,0.647822,-0.112548,0.049626,0.114178,0.021170,8.27,20,-0.063698,0.898687,0.308076,0.044500,0.080279,0.328989,0.005670,0.242599,0.040573,0.126420,-0.861140,0.014442,-0.109248,0.061280,-0.040128
1779678087697392721,2026-05-25T10:01:27.697420,prediction,-0.037881,0.771000,-0.130313,True,0.020669,0.646105,-0.107315,0.058549,0.124895,0.022997,4.45,20,-0.064072,0.897169,0.305906,0.045376,0.089883,0.319829,0.005670,0.234310,0.045812,0.110880,-0.832580,0.009711,-0.108416,0.055712,-0.034688
1779678087748320394,2026-05-25T10:01:27.748337,prediction,-0.034382,0.757000,-0.135610,True,0.029759,0.631160,-0.107939,0.064141,0.125840,0.027671,4.93,20,-0.064072,0.897169,0.305906,0.045376,0.092934,0.301063,0.005670,0.207254,0.040573,0.116760,-0.794500,-0.002241,-0.107040,0.058720,-0.035904
1779678087783702813,2026-05-25T10:01:27.783724,prediction,-0.032402,0.718000,-0.150367,True,0.030043,0.619808,-0.118263,0.062446,0.098192,0.032104,4.64,20,-0.065369,0.893700,0.304225,0.044069,0.094679,0.295828,0.005670,0.199396,0.040142,0.104440,-0.818300,0.011205,-0.105920,0.060832,-0.033344
1779678087825102282,2026-05-25T10:01:27.825119,prediction,-0.033418,0.738000,-0.142799,True,0.029853,0.607085,-0.120049,0.063271,0.130915,0.022750,4.72,20,-0.065369,0.893700,0.304225,0.040574,0.096423,0.286229,0.005228,0.185868,0.037523,0.097020,-0.842800,0.011869,-0.103296,0.056544,-0.035232
1779678087861402069,2026-05-25T10:01:27.861426,prediction,-0.033164,0.733000,-0.144691,True,0.036774,0.598724,-0.117196,0.069938,0.134276,0.027495,4.89,20,-0.067654,0.889390,0.302510,0.036209,0.099481,0.282304,0.002609,0.180640,0.035335,0.099400,-0.840000,0.026892,-0.104480,0.054208,-0.036064
1779678087899866619,2026-05-25T10:01:27.899897,prediction,-0.034839,0.766000,-0.132205,True,0.035533,0.610339,-0.107053,0.070373,0.155661,0.025152,4.84,20,-0.070346,0.883223,0.299727,0.029669,0.104283,0.267902,0.002609,0.164492,0.027045,0.097300,-0.848680,0.023572,-0.102752,0.050592,-0.033184
1779678087943194665,2026-05-25T10:01:27.943220,prediction,-0.034636,0.762000,-0.133718,True,0.036645,0.614569,-0.105925,0.071282,0.147431,0.027793,4.38,20,-0.070346,0.883223,0.299727,0.023122,0.107772,0.247396,0.002609,0.140056,0.018756,0.082040,-0.826700,0.021165,-0.100192,0.052768,-0.027616
1779678087987695391,2026-05-25T10:01:27.987725,prediction,-0.029004,0.708000,-0.154150,True,0.039799,0.598569,-0.113947,0.068802,0.109431,0.040203,9.61,20,-0.073878,0.874955,0.296992,0.017889,0.107772,0.230377,0.002609,0.126528,0.013517,0.070000,-0.799400,0.026477,-0.100128,0.050656,-0.031072
1779678088024367646,2026-05-25T10:01:28.024394,prediction,-0.031834,0.762000,-0.133718,True,0.030923,0.603941,-0.108323,0.062757,0.158059,0.025395,5.76,20,-0.073878,0.874955,0.296992,0.017889,0.107772,0.230377,0.002609,0.126528,0.013517,0.070000,-0.799400,0.026477,-0.100128,0.050656,-0.031072
1779678088075288309,2026-05-25T10:01:28.075317,prediction,-0.026383,0.713000,-0.152259,True,0.040310,0.591928,-0.111319,0.066693,0.121072,0.040940,4.68,20,-0.077229,0.866643,0.294598,0.017889,0.107772,0.230377,0.002609,0.126528,0.013517,0.070000,-0.799400,0.026477,-0.100128,0.050656,-0.031072
1779678088116486939,2026-05-25T10:01:28.116511,prediction,-0.031834,0.762000,-0.133718,True,0.040280,0.599957,-0.111811,0.072114,0.162043,0.021907,8.88,20,-0.080472,0.857400,0.292552,0.017889,0.107772,0.230377,0.002609,0.126528,0.013517,0.070000,-0.799400,0.026477,-0.100128,0.050656,-0.031072
1779678088153649620,2026-05-25T10:01:28.153667,prediction,-0.028005,0.743000,-0.140907,True,0.056280,0.597174,-0.113448,0.084285,0.145826,0.027459,4.60,20,-0.080472,0.857400,0.292552,0.013087,0.104714,0.217291,0.000000,0.116061,0.010898,0.073080,-0.793800,0.019671,-0.099296,0.043968,-0.029888
1779678088191523330,2026-05-25T10:01:28.191546,prediction,-0.026653,0.718000,-0.150367,True,0.072280,0.585504,-0.119442,0.098934,0.132496,0.030924,4.43,20,-0.083958,0.848276,0.290591,0.003489,0.073301,0.120858,0.000000,0.045812,0.005228,-0.080780,-0.809900,0.047476,-0.090784,0.043360,0.024608
1779678088235302407,2026-05-25T10:01:28.235327,prediction,-0.028086,0.744500,-0.140340,True,0.068661,0.589103,-0.118326,0.096747,0.155397,0.022014,5.02,20,-0.087843,0.839234,0.288527,0.006540,0.070243,0.115185,0.000000,0.045812,0.008289,-0.090720,-0.793240,0.046148,-0.086560,0.040480,0.026400
1779678088282902648,2026-05-25T10:01:28.282937,prediction,-0.033511,0.794000,-0.121610,True,0.066796,0.605103,-0.102326,0.100307,0.188897,0.019284,5.02,20,-0.087843,0.839234,0.288527,0.006540,0.063703,0.111698,0.000000,0.048432,0.008289,-0.078400,-0.768740,0.045816,-0.080032,0.037568,0.027840
1779678088323369702,2026-05-25T10:01:28.323395,prediction,-0.032777,0.780000,-0.126907,True,0.066151,0.615062,-0.089221,0.098929,0.164938,0.037686,4.61,20,-0.092343,0.830488,0.287041,0.006540,0.055849,0.111698,0.000000,0.053659,0.005228,-0.075320,-0.727860,0.055195,-0.074080,0.043200,0.030336
1779678088373250638,2026-05-25T10:01:28.373274,prediction,-0.032306,0.771000,-0.130313,True,0.061374,0.617437,-0.091525,0.093680,0.153563,0.038788,4.45,20,-0.097238,0.821749,0.286185,0.004796,0.051047,0.109519,0.000000,0.059340,0.005670,-0.079240,-0.725340,0.050049,-0.071808,0.042752,0.028896
1779678088419795976,2026-05-25T10:01:28.419819,prediction,-0.034926,0.821000,-0.111394,True,0.045374,0.633437,-0.075732,0.080301,0.187563,0.035661,4.45,20,-0.097238,0.821749,0.286185,0.004796,0.051047,0.109519,0.000000,0.059340,0.005670,-0.079240,-0.725340,0.050049,-0.071808,0.042752,0.028896
1779678088456375643,2026-05-25T10:01:28.456401,prediction,-0.033302,0.790000,-0.123123,True,0.046798,0.638431,-0.072223,0.080099,0.151569,0.050901,4.72,20,-0.102266,0.813372,0.287057,0.004796,0.051047,0.109519,0.000000,0.059340,0.005670,-0.079240,-0.725340,0.050049,-0.071808,0.042752,0.028896
1779678088517177309,2026-05-25T10:01:28.517217,prediction,-0.032568,0.776000,-0.128421,True,0.043314,0.633458,-0.080161,0.075882,0.142542,0.048260,5.66,20,-0.106630,0.806619,0.289133,0.017889,0.030976,0.147037,0.002609,0.118680,0.016137,0.104160,-0.747600,0.020999,-0.092608,0.044032,-0.031296
1779678088608005328,2026-05-25T10:01:28.608030,prediction,-0.033040,0.785000,-0.125015,True,0.040467,0.634272,-0.087575,0.073506,0.150728,0.037441,8.17,20,-0.110039,0.801945,0.291952,0.029231,0.055412,0.219470,0.005228,0.164492,0.029665,0.118020,-0.765380,-0.025813,-0.095744,0.052384,-0.034400
1779678088670818060,2026-05-25T10:01:28.670859,prediction,-0.034839,0.766000,-0.132205,True,0.039525,0.626963,-0.091997,0.074364,0.139037,0.040208,13.43,20,-0.112630,0.799197,0.295139,0.037960,0.071556,0.265723,0.005670,0.191549,0.032284,0.098840,-0.770560,-0.031872,-0.094624,0.058880,-0.036864
1779678088721740250,2026-05-25T10:01:28.721787,prediction,-0.033418,0.738000,-0.142799,True,0.036265,0.611378,-0.101846,0.069683,0.126622,0.040953,9.82,20,-0.111164,0.803917,0.296529,0.039267,0.079847,0.291902,0.007847,0.212924,0.034903,0.091980,-0.792540,-0.024817,-0.096128,0.059680,-0.036512
1779678088775150803,2026-05-25T10:01:28.775181,prediction,-0.035093,0.771000,-0.130313,True,0.029289,0.615227,-0.102550,0.064383,0.155773,0.027763,9.48,20,-0.111084,0.805583,0.297990,0.042756,0.094679,0.323316,0.005670,0.229071,0.037954,0.107240,-0.804440,-0.011205,-0.097952,0.061664,-0.034240
1779678088819311075,2026-05-25T10:01:28.819337,prediction,-0.039453,0.803000,-0.118205,True,0.021188,0.631227,-0.092155,0.060641,0.171773,0.026049,10.47,20,-0.111084,0.805583,0.297990,0.044069,0.101225,0.331175,0.005228,0.229071,0.037523,0.106820,-0.761880,-0.026892,-0.098080,0.064672,-0.034688
1779678088856521399,2026-05-25T10:01:28.856549,prediction,-0.035550,0.780000,-0.126907,True,0.022683,0.640960,-0.091732,0.058233,0.139040,0.035175,6.84,20,-0.109719,0.807638,0.299632,0.044069,0.101225,0.334662,0.007847,0.234310,0.037523,0.119280,-0.751380,-0.034279,-0.098464,0.061120,-0.035680
1779678088900159466,2026-05-25T10:01:28.900189,prediction,-0.039895,0.812000,-0.114799,True,0.014844,0.649376,-0.090190,0.054739,0.162624,0.024609,8.24,20,-0.108530,0.809125,0.300972,0.047120,0.104283,0.336409,0.005228,0.234310,0.040142,0.117180,-0.753200,-0.036105,-0.099296,0.062016,-0.035744
1779678088952988554,2026-05-25T10:01:28.953017,prediction,-0.039011,0.794000,-0.121610,True,0.018471,0.657569,-0.091833,0.057481,0.136431,0.029777,6.04,20,-0.108530,0.809125,0.300972,0.052354,0.102970,0.323316,0.008289,0.218163,0.045812,0.136640,-0.774620,-0.018758,-0.100416,0.054272,-0.038016
1779678088999163808,2026-05-25T10:01:28.999189,prediction,-0.038546,0.839000,-0.104583,True,0.013790,0.673569,-0.078827,0.052336,0.165431,0.025756,8.79,20,-0.105518,0.811806,0.302799,0.058901,0.104714,0.310661,0.008289,0.204635,0.054101,0.137620,-0.784560,-0.016517,-0.099456,0.057664,-0.035296
1779678089046721046,2026-05-25T10:01:29.046759,prediction,-0.038749,0.843000,-0.103069,True,0.013524,0.689569,-0.074532,0.052273,0.153431,0.028538,8.69,20,-0.101575,0.815372,0.305084,0.063703,0.106459,0.301063,0.007847,0.199396,0.054101,0.135380,-0.763420,-0.013446,-0.099296,0.050496,-0.039424
1779678089093045360,2026-05-25T10:01:29.093066,prediction,-0.038952,0.847000,-0.101556,True,0.015422,0.702608,-0.074806,0.054373,0.144392,0.026750,8.91,20,-0.097985,0.819461,0.307143,0.068936,0.111261,0.291902,0.007847,0.183259,0.061949,0.139720,-0.754460,-0.020169,-0.095616,0.051552,-0.039296
1779678089145645237,2026-05-25T10:01:29.145679,prediction,-0.034926,0.821000,-0.100557,True,0.024041,0.691355,-0.073869,0.058967,0.129645,0.026687,8.09,20,-0.097985,0.819461,0.307143,0.071994,0.114319,0.271396,0.008289,0.156634,0.064568,0.132020,-0.759080,-0.015687,-0.097792,0.050720,-0.038144
1779678089186742351,2026-05-25T10:01:29.186766,prediction,-0.028513,0.803000,-0.090817,True,0.023435,0.694167,-0.065258,0.051948,0.108833,0.025559,5.60,20,-0.093799,0.825685,0.308978,0.071556,0.116063,0.253069,0.008289,0.137436,0.064568,0.113680,-0.764680,-0.010541,-0.096448,0.049824,-0.039968
1779678089226989410,2026-05-25T10:01:29.227016,prediction,-0.027009,0.776000,-0.092240,True,0.009561,0.704114,-0.067748,0.036570,0.071886,0.024492,5.67,20,-0.090578,0.831857,0.310395,0.070243,0.117808,0.228637,0.008289,0.113000,0.064568,0.117180,-0.758520,0.001079,-0.096960,0.047040,-0.038752
1779678089268917995,2026-05-25T10:01:29.268939,prediction,-0.024230,0.776000,-0.086673,True,0.005023,0.709873,-0.067945,0.029252,0.066127,0.018729,8.17,20,-0.090578,0.831857,0.310395,0.063703,0.112568,0.198525,0.005228,0.089005,0.059340,0.093240,-0.721980,0.028054,-0.098080,0.042592,-0.039360
1779678089311970422,2026-05-25T10:01:29.311996,prediction,-0.020861,0.766000,-0.076213,True,0.013131,0.693873,-0.057195,0.033992,0.072127,0.019018,8.30,20,-0.086922,0.838955,0.311518,0.063703,0.112568,0.198525,0.005228,0.089005,0.059340,0.093240,-0.721980,0.028054,-0.098080,0.042592,-0.039360
1779678089358311314,2026-05-25T10:01:29.358328,prediction,-0.021451,0.776000,-0.072758,True,0.003430,0.709409,-0.054603,0.024880,0.066591,0.018154,8.56,20,-0.083833,0.845373,0.313040,0.063703,0.112568,0.198525,0.005228,0.089005,0.059340,0.093240,-0.721980,0.028054,-0.098080,0.042592,-0.039360
1779678089410900308,2026-05-25T10:01:29.410918,prediction,-0.017823,0.762000,-0.060758,True,0.008031,0.694517,-0.041220,0.025854,0.067483,0.019538,6.94,20,-0.083833,0.845373,0.313040,0.063703,0.112568,0.198525,0.005228,0.089005,0.059340,0.093240,-0.721980,0.028054,-0.098080,0.042592,-0.039360
1779678089449300190,2026-05-25T10:01:29.449323,prediction,-0.016913,0.747000,-0.062962,True,0.010474,0.678517,-0.039846,0.027388,0.068483,0.023116,4.94,20,-0.080568,0.852457,0.316441,0.063703,0.112568,0.198525,0.005228,0.089005,0.059340,0.093240,-0.721980,0.028054,-0.098080,0.042592,-0.039360
1779678089489177681,2026-05-25T10:01:29.489195,prediction,-0.014087,0.747000,-0.060131,True,0.010652,0.671219,-0.038440,0.024738,0.075781,0.021691,5.09,20,-0.080568,0.852457,0.316441,0.063703,0.112568,0.198525,0.005228,0.089005,0.059340,0.093240,-0.721980,0.028054,-0.098080,0.042592,-0.039360
1779678089526142040,2026-05-25T10:01:29.526162,prediction,-0.011004,0.743000,-0.058623,True,0.013879,0.662860,-0.034557,0.024884,0.080140,0.024067,4.54,20,-0.078039,0.858856,0.320373,0.060207,0.107772,0.181945,0.007847,0.075477,0.059340,0.097580,-0.676340,0.037018,-0.099136,0.036288,-0.034080
1779678089566393763,2026-05-25T10:01:29.566427,prediction,-0.009726,0.723000,-0.059497,True,0.018632,0.646860,-0.033004,0.028358,0.076140,0.026494,5.36,20,-0.078039,0.858856,0.320373,0.000000,0.006540,0.052358,0.000000,0.045812,0.002609,0.005180,-0.419720,0.247921,-0.057664,-0.045920,0.010144
1779678089603778224,2026-05-25T10:01:29.603798,prediction,-0.007515,0.733000,-0.053369,True,0.014714,0.645895,-0.031335,0.022229,0.087105,0.022034,5.26,20,-0.078039,0.858856,0.320373,0.003051,0.003051,0.033161,0.000000,0.029665,0.002609,-0.048300,-0.401380,0.236633,-0.047424,-0.042368,0.021888
1779678089641392679,2026-05-25T10:01:29.641410,prediction,-0.004330,0.728000,-0.052136,True,0.015949,0.654497,-0.031154,0.020279,0.073503,0.020982,4.24,20,-0.078039,0.858856,0.320373,0.001744,0.001744,0.013086,0.000000,0.010467,0.002609,-0.060340,-0.409080,0.245016,-0.035904,-0.041248,0.022880
1779678089677022457,2026-05-25T10:01:29.677041,prediction,-0.000439,0.713000,-0.054112,True,0.022131,0.638497,-0.031999,0.022570,0.074503,0.022113,4.41,20,-0.078039,0.858856,0.320373,0.003051,0.001744,0.005234,0.000000,0.005228,0.000000,-0.062860,-0.406980,0.244518,-0.030112,-0.043136,0.024608
1779678089714551575,2026-05-25T10:01:29.714584,prediction,-0.000783,0.718000,-0.049621,True,0.016347,0.641462,-0.030617,0.017131,0.076538,0.019004,5.01,20,-0.078039,0.858856,0.320373,0.001307,0.000000,0.000000,0.000000,0.002609,0.002609,-0.070280,-0.399840,0.252071,-0.023552,-0.041984,0.022432
1779678089749724494,2026-05-25T10:01:29.749744,prediction,0.002091,0.718000,-0.046742,True,0.022623,0.636744,-0.026381,0.020532,0.081256,0.020362,4.82,20,-0.078039,0.858856,0.320373,0.000000,0.001744,0.001740,0.002609,0.000000,0.000000,-0.070560,-0.402360,0.251407,-0.022048,-0.040704,0.022048
1779678089783387543,2026-05-25T10:01:29.783404,prediction,0.002796,0.708000,-0.041250,True,0.025089,0.633432,-0.021008,0.022294,0.074568,0.020242,4.51,20,-0.110733,0.806445,0.298737,0.000000,0.000000,0.000000,0.000000,0.000000,0.000000,-0.100940,-0.389620,0.256553,-0.014144,-0.042688,0.024544
1779678089824234851,2026-05-25T10:01:29.824258,prediction,0.005687,0.708000,-0.041250,True,0.027638,0.628109,-0.022328,0.021951,0.079891,0.018922,4.16,20,-0.110733,0.806445,0.298737,0.000000,0.000000,0.000000,0.000000,0.000000,0.000000,-0.108500,-0.386260,0.256553,-0.011424,-0.042688,0.025280
1779678089860562780,2026-05-25T10:01:29.860594,prediction,0.008946,0.703000,-0.034112,True,0.030824,0.623727,-0.014607,0.021878,0.079273,0.019506,3.82,20,-0.110733,0.806445,0.298737,0.000000,0.000000,0.000000,0.000000,0.000000,0.000000,-0.108500,-0.386260,0.256553,-0.011424,-0.042688,0.025280
1779678089901755362,2026-05-25T10:01:29.901814,prediction,0.008209,0.713000,-0.028132,True,0.026493,0.632967,-0.008422,0.018284,0.080033,0.019710,4.93,20,-0.110733,0.806445,0.298737,0.000000,0.000000,0.000000,0.000000,0.000000,0.000000,-0.108500,-0.386260,0.256553,-0.011424,-0.042688,0.025280
1779678089935838420,2026-05-25T10:01:29.935860,prediction,0.008209,0.713000,-0.022359,True,0.029308,0.631611,-0.000712,0.021099,0.081389,0.021647,5.04,20,-0.110733,0.806445,0.298737,0.000000,0.000000,0.000000,0.000000,0.000000,0.000000,0.000000,0.000000,0.000000,0.000000,0.000000,0.000000
1779678089970679033,2026-05-25T10:01:29.970704,prediction,0.007471,0.723000,-0.016444,True,0.028708,0.634577,0.004522,0.021237,0.088423,0.020966,5.57,20,-0.110733,0.806445,0.298737,0.000000,0.000000,0.000000,0.000000,0.000000,0.000000,0.000000,0.000000,0.000000,0.000000,0.000000,0.000000
1779678090008347343,2026-05-25T10:01:30.008370,prediction,0.007471,0.723000,-0.013574,True,0.029847,0.640959,0.008598,0.022376,0.082041,0.022172,4.13,20,-0.110733,0.806445,0.298737,0.000000,0.000000,0.000000,0.000000,0.000000,0.000000,0.000000,0.000000,0.000000,0.000000,0.000000,0.000000
1779678090044034843,2026-05-25T10:01:30.044056,prediction,0.006365,0.738000,-0.003365,True,0.024133,0.656959,0.022035,0.017767,0.081041,0.025400,4.04,20,-0.110733,0.806445,0.298737,0.000000,0.000000,0.000000,0.000000,0.000000,0.000000,0.000000,0.000000,0.000000,0.000000,0.000000,0.000000
1779678090083903825,2026-05-25T10:01:30.083934,prediction,0.008528,0.747000,0.007808,True,0.027428,0.672959,0.035118,0.018899,0.074041,0.027310,4.43,20,-0.110733,0.806445,0.298737,0.000000,0.000000,0.000000,0.000000,0.000000,0.000000,0.000000,0.000000,0.000000,0.000000,0.000000,0.000000
1779678090121293473,2026-05-25T10:01:30.121315,prediction,0.005664,0.785000,0.057697,True,0.018319,0.688959,0.051118,0.012655,0.096041,0.006579,4.12,20,-0.110733,0.806445,0.298737,0.000000,0.000000,0.000000,0.000000,0.000000,0.000000,0.000000,0.000000,0.000000,0.000000,0.000000,0.000000
1779678090162584207,2026-05-25T10:01:30.162618,prediction,0.006349,0.812000,0.108570,True,0.034319,0.704959,0.067118,0.027970,0.107041,0.041452,4.59,20,-0.110733,0.806445,0.298737,0.000000,0.000000,0.000000,0.000000,0.000000,0.000000,0.000000,0.000000,0.000000,0.000000,0.000000,0.000000
1779678090192758520,2026-05-25T10:01:30.192774,prediction,0.005293,0.860000,0.152007,True,0.036019,0.720959,0.083118,0.030726,0.139041,0.068889,4.38,20,-0.110733,0.806445,0.298737,0.000000,0.000000,0.000000,0.000000,0.000000,0.000000,0.000000,0.000000,0.000000,0.000000,0.000000,0.000000
1779678090231627641,2026-05-25T10:01:30.231649,prediction,0.005606,0.889000,0.205257,True,0.031751,0.736959,0.099118,0.026145,0.152041,0.106138,4.28,20,-0.110733,0.806445,0.298737,0.000000,0.000000,0.000000,0.000000,0.000000,0.000000,0.000000,0.000000,0.000000,0.000000,0.000000,0.000000
1779678090271001182,2026-05-25T10:01:30.271021,prediction,0.000333,0.985000,0.258073,True,0.015751,0.752959,0.115118,0.015418,0.232041,0.142954,4.84,20,-0.110733,0.806445,0.298721,0.000000,0.000000,0.000000,0.000000,0.000000,0.000000,0.000000,0.000000,0.000000,0.000000,0.000000,0.000000
1779678090307063444,2026-05-25T10:01:30.307089,prediction,0.002223,1.020000,0.318863,True,0.010340,0.768959,0.131118,0.008118,0.251041,0.187745,4.15,20,-0.110733,0.806445,0.298721,0.000000,0.000000,0.000000,0.000000,0.000000,0.000000,0.000000,0.000000,0.000000,0.000000,0.000000,0.000000
1779678090353951889,2026-05-25T10:01:30.353979,prediction,0.012623,1.036000,0.349272,True,0.002094,0.784959,0.147118,0.010528,0.251041,0.202154,6.09,20,-0.110733,0.806445,0.298721,0.000000,0.000000,0.000000,0.000000,0.000000,0.000000,0.000000,0.000000,0.000000,0.000000,0.000000,0.000000
1779678090387513602,2026-05-25T10:01:30.387534,prediction,0.024674,1.056000,0.402658,True,-0.013906,0.800959,0.163118,0.038579,0.255041,0.239540,6.46,20,-0.110733,0.806445,0.298721,0.000000,0.000000,0.000000,0.000000,0.000000,0.000000,0.000000,0.000000,0.000000,0.000000,0.000000,0.000000
1779678090421612546,2026-05-25T10:01:30.421629,prediction,0.031018,1.040000,0.427258,True,-0.003230,0.816959,0.179118,0.034248,0.223041,0.248140,5.33,20,-0.110733,0.806445,0.298721,0.000000,0.000000,0.000000,0.000000,0.000000,0.000000,0.000000,0.000000,0.000000,0.000000,0.000000,0.000000
1779678090465366316,2026-05-25T10:01:30.465394,prediction,0.036479,1.033000,0.438646,True,0.000662,0.832959,0.195118,0.035818,0.200041,0.243527,4.78,20,-0.110733,0.806445,0.298721,0.000000,0.000000,0.000000,0.000000,0.000000,0.000000,0.000000,0.000000,0.000000,0.000000,0.000000,0.000000
1779678090504839980,2026-05-25T10:01:30.504863,prediction,0.039272,1.050000,0.455851,True,0.008602,0.848959,0.211118,0.030669,0.201041,0.244732,4.38,20,-0.110733,0.806445,0.298721,0.000000,0.000000,0.000000,0.000000,0.000000,0.000000,0.000000,0.000000,0.000000,0.000000,0.000000,0.000000
1779678090539479651,2026-05-25T10:01:30.539503,prediction,0.044746,1.043000,0.462605,True,0.009301,0.864959,0.227118,0.035445,0.178041,0.235486,4.31,20,-0.110733,0.806445,0.298721,0.000000,0.000000,0.000000,0.000000,0.000000,0.000000,0.000000,0.000000,0.000000,0.000000,0.000000,0.000000
1779678090583286723,2026-05-25T10:01:30.583310,prediction,0.052983,1.033000,0.452811,True,0.001524,0.880959,0.243118,0.051459,0.152041,0.209693,7.33,20,-0.110733,0.806445,0.298721,0.000000,0.000000,0.000000,0.000000,0.000000,0.000000,0.000000,0.000000,0.000000,0.000000,0.000000,0.000000
1779678090618252804,2026-05-25T10:01:30.618284,prediction,0.059472,1.056000,0.446798,True,0.006979,0.896959,0.259118,0.052493,0.159041,0.187680,6.36,20,-0.110733,0.806445,0.298721,0.000000,0.000000,0.000000,0.000000,0.000000,0.000000,0.000000,0.000000,0.000000,0.000000,0.000000,0.000000
1779678090652501484,2026-05-25T10:01:30.652523,prediction,0.087484,1.006000,0.427636,True,0.022979,0.912959,0.275118,0.064505,0.093041,0.152518,4.90,20,-0.110733,0.806445,0.298721,0.000000,0.000000,0.000000,0.000000,0.000000,0.000000,0.000000,0.000000,0.000000,0.000000,0.000000,0.000000
1779678090687619758,2026-05-25T10:01:30.687640,prediction,0.129999,0.728000,0.402925,True,0.038979,0.898975,0.291118,0.091020,0.170975,0.111807,4.49,20,-0.110733,0.806445,0.298721,0.000000,0.000000,0.000000,0.000000,0.000000,0.000000,0.000000,0.000000,0.000000,0.000000,0.000000,0.000000
1779678090731914240,2026-05-25T10:01:30.731939,prediction,0.135715,0.728000,0.371443,True,0.054979,0.886171,0.304012,0.080736,0.158171,0.067432,5.34,20,-0.110733,0.806445,0.298721,0.000000,0.000000,0.000000,0.000000,0.000000,0.000000,0.000000,0.000000,0.000000,0.000000,0.000000,0.000000
1779678090773053531,2026-05-25T10:01:30.773081,prediction,0.140929,0.821000,0.341047,True,0.070979,0.882756,0.302756,0.069950,0.061756,0.038291,9.50,20,-0.110733,0.806445,0.298721,0.000000,0.000000,0.000000,0.000000,0.000000,0.000000,0.000000,0.000000,0.000000,0.000000,0.000000,0.000000
1779678090811108619,2026-05-25T10:01:30.811125,prediction,0.151372,0.901000,0.318434,True,0.086979,0.890912,0.299829,0.064393,0.010088,0.018605,6.72,20,-0.110733,0.806445,0.298721,0.000000,0.000000,0.000000,0.000000,0.000000,0.000000,0.000000,0.000000,0.000000,0.000000,0.000000,0.000000
1779678090848134248,2026-05-25T10:01:30.848157,prediction,0.158783,0.917000,0.302553,True,0.102979,0.874912,0.301241,0.055804,0.042088,0.001312,7.46,20,-0.110733,0.806445,0.298721,0.000000,0.000000,0.000000,0.000000,0.000000,0.000000,0.000000,0.000000,0.000000,0.000000,0.000000,0.000000
1779678090886229175,2026-05-25T10:01:30.886251,prediction,0.164203,0.929000,0.278858,True,0.118979,0.858912,0.303723,0.045224,0.070087,0.024865,7.42,20,-0.110733,0.806445,0.298721,0.000000,0.000000,0.000000,0.000000,0.000000,0.000000,0.000000,0.000000,0.000000,0.000000,0.000000,0.000000
1779678090920969714,2026-05-25T10:01:30.920993,prediction,0.170470,0.909000,0.255308,True,0.134979,0.842912,0.287723,0.035491,0.066088,0.032415,7.17,20,-0.110733,0.806445,0.298721,0.000000,0.000000,0.000000,0.000000,0.000000,0.000000,0.000000,0.000000,0.000000,0.000000,0.000000,0.000000
1779678090958016011,2026-05-25T10:01:30.958039,prediction,0.173785,0.905000,0.241792,True,0.150979,0.826912,0.271723,0.022807,0.078088,0.029930,7.54,20,-0.110733,0.806445,0.298721,0.000000,0.000000,0.000000,0.000000,0.000000,0.000000,0.000000,0.000000,0.000000,0.000000,0.000000,0.000000
1779678090991939272,2026-05-25T10:01:30.991964,prediction,0.176618,0.917000,0.238765,True,0.166979,0.810912,0.259435,0.009640,0.106088,0.020670,7.67,20,-0.110733,0.806445,0.298721,0.000000,0.000000,0.000000,0.000000,0.000000,0.000000,0.000000,0.000000,0.000000,0.000000,0.000000,0.000000
1779678091022677420,2026-05-25T10:01:31.022708,prediction,0.176844,0.929000,0.233286,True,0.182979,0.798147,0.246510,0.006135,0.130852,0.013225,6.38,20,-0.110733,0.806445,0.298721,0.000000,0.000000,0.000000,0.000000,0.000000,0.000000,0.000000,0.000000,0.000000,0.000000,0.000000,0.000000
1779678091055698851,2026-05-25T10:01:31.055718,prediction,0.176070,0.933000,0.226435,True,0.182818,0.792088,0.230510,0.006748,0.140912,0.004075,5.81,20,-0.110733,0.806445,0.298721,0.000000,0.000000,0.000000,0.000000,0.000000,0.000000,0.000000,0.000000,0.000000,0.000000,0.000000,0.000000
1779678091089512775,2026-05-25T10:01:31.089537,prediction,0.175665,0.948000,0.216724,True,0.193703,0.794453,0.214510,0.018039,0.153547,0.002214,4.69,20,-0.110733,0.806445,0.298721,0.000000,0.000000,0.000000,0.000000,0.000000,0.000000,0.000000,0.000000,0.000000,0.000000,0.000000,0.000000
1779678091120569229,2026-05-25T10:01:31.120605,prediction,0.179270,0.955000,0.213107,True,0.209703,0.798672,0.201649,0.030434,0.156328,0.011458,5.66,20,-0.110733,0.806445,0.298721,0.000000,0.000000,0.000000,0.000000,0.000000,0.000000,0.000000,0.000000,0.000000,0.000000,0.000000,0.000000
1779678091151654441,2026-05-25T10:01:31.151685,prediction,0.175753,0.985000,0.214157,True,0.195539,0.813203,0.200940,0.019786,0.171797,0.013216,5.58,20,-0.110733,0.806445,0.298721,0.000000,0.000000,0.000000,0.000000,0.000000,0.000000,0.000000,0.000000,0.000000,0.000000,0.000000,0.000000
1779678091193927221,2026-05-25T10:01:31.193953,prediction,0.176355,1.006000,0.211161,True,0.211539,0.829203,0.184940,0.035183,0.176797,0.026220,5.00,20,-0.110733,0.806445,0.298721,0.000000,0.000000,0.000000,0.000000,0.000000,0.000000,0.000000,0.000000,0.000000,0.000000,0.000000,0.000000
1779678091235830843,2026-05-25T10:01:31.235853,prediction,0.180539,1.009000,0.204577,True,0.225665,0.845203,0.168940,0.045126,0.163797,0.035637,8.13,20,-0.110733,0.806445,0.298721,0.000000,0.000000,0.000000,0.000000,0.000000,0.000000,0.000000,0.000000,0.000000,0.000000,0.000000,0.000000
1779678091270845450,2026-05-25T10:01:31.270866,prediction,0.182103,1.013000,0.203026,True,0.223779,0.861203,0.169875,0.041675,0.151797,0.033151,6.81,20,-0.110733,0.806445,0.298721,0.000000,0.000000,0.000000,0.000000,0.000000,0.000000,0.000000,0.000000,0.000000,0.000000,0.000000,0.000000
1779678091312175502,2026-05-25T10:01:31.312196,prediction,0.183288,1.030000,0.197175,True,0.217059,0.877203,0.162173,0.033771,0.152797,0.035001,4.97,20,-0.110733,0.806445,0.298721,0.000000,0.000000,0.000000,0.000000,0.000000,0.000000,0.000000,0.000000,0.000000,0.000000,0.000000,0.000000
1779678091351255613,2026-05-25T10:01:31.351285,prediction,0.184575,1.046000,0.198339,True,0.215804,0.893203,0.158802,0.031228,0.152797,0.039538,7.33,20,-0.110733,0.806445,0.298721,0.000000,0.000000,0.000000,0.000000,0.000000,0.000000,0.000000,0.000000,0.000000,0.000000,0.000000,0.000000
1779678091383192941,2026-05-25T10:01:31.383217,prediction,0.191796,1.066000,0.193525,True,0.229124,0.909203,0.148056,0.037328,0.156797,0.045470,9.01,20,-0.110733,0.806445,0.298721,0.000000,0.000000,0.000000,0.000000,0.000000,0.000000,0.000000,0.000000,0.000000,0.000000,0.000000,0.000000
1779678091418308964,2026-05-25T10:01:31.418345,prediction,0.201192,1.085000,0.188741,True,0.227490,0.925203,0.147568,0.026298,0.159797,0.041173,4.84,20,-0.110733,0.806445,0.298721,0.000000,0.000000,0.000000,0.000000,0.000000,0.000000,0.000000,0.000000,0.000000,0.000000,0.000000,0.000000
1779678091451628226,2026-05-25T10:01:31.451662,prediction,0.209729,1.106000,0.189169,True,0.218959,0.941203,0.155234,0.009230,0.164797,0.033934,4.57,20,-0.110733,0.806445,0.298721,0.000000,0.000000,0.000000,0.000000,0.000000,0.000000,0.000000,0.000000,0.000000,0.000000,0.000000,0.000000
1779678091490776474,2026-05-25T10:01:31.490798,prediction,0.213471,1.118000,0.185350,True,0.224297,0.957203,0.148464,0.010826,0.160797,0.036886,3.92,20,-0.110733,0.806445,0.298721,0.000000,0.000000,0.000000,0.000000,0.000000,0.000000,0.000000,0.000000,0.000000,0.000000,0.000000,0.000000
1779678091525902870,2026-05-25T10:01:31.525929,prediction,0.213445,1.127000,0.183115,True,0.226285,0.973203,0.145517,0.012840,0.153797,0.037598,4.00,20,-0.110733,0.806445,0.298721,0.000000,0.000000,0.000000,0.000000,0.000000,0.000000,0.000000,0.000000,0.000000,0.000000,0.000000,0.000000
1779678091561961251,2026-05-25T10:01:31.561986,prediction,0.216242,1.142000,0.186794,True,0.231373,0.989203,0.155034,0.015131,0.152797,0.031760,4.47,20,-0.110733,0.806445,0.298721,0.000000,0.000000,0.000000,0.000000,0.000000,0.000000,0.000000,0.000000,0.000000,0.000000,0.000000,0.000000
1779678091594205267,2026-05-25T10:01:31.594238,prediction,0.219189,1.139000,0.186058,True,0.238559,1.005203,0.157392,0.019370,0.133797,0.028667,3.88,20,-0.110733,0.806445,0.298721,0.000000,0.000000,0.000000,0.000000,0.000000,0.000000,0.000000,0.000000,0.000000,0.000000,0.000000,0.000000
1779678091628514181,2026-05-25T10:01:31.628551,prediction,0.221483,1.147000,0.188021,True,0.227022,1.021203,0.157187,0.005539,0.125797,0.030833,4.56,20,-0.110733,0.806445,0.298721,0.000000,0.000000,0.000000,0.000000,0.000000,0.000000,0.000000,0.000000,0.000000,0.000000,0.000000,0.000000
1779678091663321774,2026-05-25T10:01:31.663356,prediction,0.224034,1.162000,0.189551,True,0.236100,1.037203,0.160635,0.012066,0.124797,0.028916,4.62,20,-0.110733,0.806445,0.298721,0.000000,0.000000,0.000000,0.000000,0.000000,0.000000,0.000000,0.000000,0.000000,0.000000,0.000000,0.000000
1779678091698442338,2026-05-25T10:01:31.698477,prediction,0.224054,1.170000,0.193663,True,0.240544,1.053203,0.175701,0.016489,0.116797,0.017962,5.40,20,-0.110733,0.806445,0.298721,0.000000,0.000000,0.000000,0.000000,0.000000,0.000000,0.000000,0.000000,0.000000,0.000000,0.000000,0.000000
1779678091737642498,2026-05-25T10:01:31.737668,prediction,0.226168,1.178000,0.193502,True,0.240841,1.069203,0.172887,0.014673,0.108797,0.020615,5.24,20,-0.110733,0.806445,0.298721,0.000000,0.000000,0.000000,0.000000,0.000000,0.000000,0.000000,0.000000,0.000000,0.000000,0.000000,0.000000
1779678091769958011,2026-05-25T10:01:31.769980,prediction,0.226935,1.183000,0.194737,True,0.236237,1.085203,0.175374,0.009302,0.097797,0.019363,4.34,20,-0.110733,0.806445,0.298721,0.000000,0.000000,0.000000,0.000000,0.000000,0.000000,0.000000,0.000000,0.000000,0.000000,0.000000,0.000000
1779678091804193991,2026-05-25T10:01:31.804212,prediction,0.225311,1.189000,0.196219,True,0.227389,1.101203,0.179877,0.002078,0.087797,0.016342,4.37,20,-0.110733,0.806445,0.298721,0.000000,0.000000,0.000000,0.000000,0.000000,0.000000,0.000000,0.000000,0.000000,0.000000,0.000000,0.000000
1779678091839466495,2026-05-25T10:01:31.839490,prediction,0.226868,1.191000,0.196713,True,0.238443,1.117203,0.184280,0.011574,0.073797,0.012433,4.00,20,-0.110733,0.806445,0.298721,0.000000,0.000000,0.000000,0.000000,0.000000,0.000000,0.000000,0.000000,0.000000,0.000000,0.000000,0.000000
1779678091872937616,2026-05-25T10:01:31.872953,prediction,0.228230,1.186000,0.195478,True,0.242244,1.133203,0.182499,0.014014,0.052797,0.012979,3.96,20,-0.110733,0.806445,0.298721,0.000000,0.000000,0.000000,0.000000,0.000000,0.000000,0.000000,0.000000,0.000000,0.000000,0.000000,0.000000
1779678091906948010,2026-05-25T10:01:31.906968,prediction,0.226051,1.194000,0.197453,True,0.226244,1.149203,0.185676,0.000192,0.044797,0.011777,6.21,20,-0.110733,0.806445,0.298721,0.000000,0.000000,0.000000,0.000000,0.000000,0.000000,0.000000,0.000000,0.000000,0.000000,0.000000,0.000000
1779678091942420050,2026-05-25T10:01:31.942443,prediction,0.226868,1.191000,0.196713,True,0.235981,1.165203,0.188355,0.009113,0.025797,0.008358,4.26,20,-0.110733,0.806445,0.298721,0.000000,0.000000,0.000000,0.000000,0.000000,0.000000,0.000000,0.000000,0.000000,0.000000,0.000000,0.000000
1779678091973224567,2026-05-25T10:01:31.973247,prediction,0.226051,1.194000,0.197453,True,0.232397,1.181203,0.190154,0.006345,0.012797,0.007299,4.44,20,-0.110733,0.806445,0.298721,0.000000,0.000000,0.000000,0.000000,0.000000,0.000000,0.000000,0.000000,0.000000,0.000000,0.000000,0.000000
1779678092011467750,2026-05-25T10:01:32.011498,prediction,0.225235,1.197000,0.198194,True,0.230766,1.197203,0.192134,0.005531,0.000203,0.006060,4.60,20,-0.110733,0.806445,0.298721,0.000000,0.000000,0.000000,0.000000,0.000000,0.000000,0.000000,0.000000,0.000000,0.000000,0.000000,0.000000
1779678092046371988,2026-05-25T10:01:32.046406,prediction,0.226051,1.194000,0.197453,True,0.230420,1.207449,0.191599,0.004369,0.013449,0.005854,6.43,20,-0.110733,0.806445,0.298721,0.000000,0.000000,0.000000,0.000000,0.000000,0.000000,0.000000,0.000000,0.000000,0.000000,0.000000,0.000000
1779678092080859837,2026-05-25T10:01:32.080883,prediction,0.223057,1.205000,0.200170,True,0.214420,1.223449,0.196522,0.008636,0.018449,0.003648,8.77,20,-0.110733,0.806445,0.298721,0.000000,0.000000,0.000000,0.000000,0.000000,0.000000,0.000000,0.000000,0.000000,0.000000,0.000000,0.000000
1779678092114052542,2026-05-25T10:01:32.114077,prediction,0.223057,1.205000,0.200170,True,0.228146,1.227252,0.197145,0.005090,0.022252,0.003024,7.68,20,-0.110733,0.806445,0.298721,0.000000,0.000000,0.000000,0.000000,0.000000,0.000000,0.000000,0.000000,0.000000,0.000000,0.000000,0.000000
1779678092144643316,2026-05-25T10:01:32.144674,prediction,0.221695,1.210000,0.201404,True,0.221513,1.236819,0.196964,0.000183,0.026819,0.004440,6.76,20,-0.110733,0.806445,0.298721,0.000000,0.000000,0.000000,0.000000,0.000000,0.000000,0.000000,0.000000,0.000000,0.000000,0.000000,0.000000
1779678092178115553,2026-05-25T10:01:32.178137,prediction,0.220334,1.215000,0.202639,True,0.217160,1.251210,0.199657,0.003174,0.036210,0.002983,5.14,20,-0.110733,0.806445,0.298721,0.000000,0.000000,0.000000,0.000000,0.000000,0.000000,0.000000,0.000000,0.000000,0.000000,0.000000,0.000000
1779678092218635794,2026-05-25T10:01:32.218676,prediction,0.219087,1.212000,0.201898,True,0.215377,1.243529,0.199980,0.003709,0.031529,0.001918,4.22,20,-0.110733,0.806445,0.298721,0.000000,0.000000,0.000000,0.000000,0.000000,0.000000,0.000000,0.000000,0.000000,0.000000,0.000000,0.000000
1779678092258929749,2026-05-25T10:01:32.258945,prediction,0.212098,1.215000,0.206763,True,0.199377,1.246636,0.209181,0.012720,0.031636,0.002418,3.95,20,-0.110733,0.806445,0.298721,0.000000,0.000000,0.000000,0.000000,0.000000,0.000000,0.000000,0.000000,0.000000,0.000000,0.000000,0.000000
1779678092295012917,2026-05-25T10:01:32.295031,prediction,0.209292,1.210000,0.207615,True,0.210461,1.232565,0.207135,0.001169,0.022565,0.000480,3.87,20,-0.110733,0.806445,0.298721,0.000000,0.000000,0.000000,0.000000,0.000000,0.000000,0.000000,0.000000,0.000000,0.000000,0.000000,0.000000
1779678092327153871,2026-05-25T10:01:32.327174,prediction,0.205884,1.191000,0.209321,True,0.210020,1.216565,0.208073,0.004135,0.025565,0.001247,3.88,20,-0.110733,0.806445,0.298721,0.000000,0.000000,0.000000,0.000000,0.000000,0.000000,0.000000,0.000000,0.000000,0.000000,0.000000,0.000000
1779678092360353496,2026-05-25T10:01:32.360376,prediction,0.202851,1.178000,0.210484,True,0.196963,1.200565,0.208637,0.005888,0.022565,0.001847,4.58,20,-0.110733,0.806445,0.298721,0.000000,0.000000,0.000000,0.000000,0.000000,0.000000,0.000000,0.000000,0.000000,0.000000,0.000000,0.000000
1779678092393122535,2026-05-25T10:01:32.393168,prediction,0.193639,1.181000,0.213303,True,0.180963,1.206894,0.215644,0.012676,0.025894,0.002341,3.85,20,-0.110733,0.806445,0.298721,0.000000,0.000000,0.000000,0.000000,0.000000,0.000000,0.000000,0.000000,0.000000,0.000000,0.000000,0.000000
1779678092427028911,2026-05-25T10:01:32.427054,prediction,0.187294,1.181000,0.217539,True,0.180627,1.193835,0.222523,0.006667,0.012835,0.004984,4.35,20,-0.110733,0.806445,0.298721,0.000000,0.000000,0.000000,0.000000,0.000000,0.000000,0.000000,0.000000,0.000000,0.000000,0.000000,0.000000
1779678092459232269,2026-05-25T10:01:32.459256,prediction,0.183530,1.170000,0.219293,True,0.183701,1.177835,0.223360,0.000171,0.007836,0.004067,3.91,20,-0.110733,0.806445,0.298721,0.000000,0.000000,0.000000,0.000000,0.000000,0.000000,0.000000,0.000000,0.000000,0.000000,0.000000,0.000000
1779678092496283962,2026-05-25T10:01:32.496306,prediction,0.173175,1.178000,0.223220,True,0.167701,1.182910,0.227332,0.005474,0.004910,0.004112,5.19,20,-0.110733,0.806445,0.298721,0.000000,0.000000,0.000000,0.000000,0.000000,0.000000,0.000000,0.000000,0.000000,0.000000,0.000000,0.000000
1779678092535385987,2026-05-25T10:01:32.535404,prediction,0.168600,1.170000,0.223564,True,0.163830,1.168298,0.228209,0.004769,0.001702,0.004645,4.61,20,-0.110733,0.806445,0.298721,0.000000,0.000000,0.000000,0.000000,0.000000,0.000000,0.000000,0.000000,0.000000,0.000000,0.000000,0.000000
1779678092570812661,2026-05-25T10:01:32.570831,prediction,0.165653,1.164000,0.222231,True,0.159783,1.153561,0.226239,0.005869,0.010439,0.004008,5.12,20,-0.110733,0.806445,0.298721,0.000000,0.000000,0.000000,0.000000,0.000000,0.000000,0.000000,0.000000,0.000000,0.000000,0.000000,0.000000
1779678092607644265,2026-05-25T10:01:32.607669,prediction,0.166751,1.159000,0.221119,True,0.161327,1.139019,0.225326,0.005424,0.019981,0.004207,3.82,20,-0.110733,0.806445,0.298721,0.000000,0.000000,0.000000,0.000000,0.000000,0.000000,0.000000,0.000000,0.000000,0.000000,0.000000,0.000000
1779678092640603516,2026-05-25T10:01:32.640640,prediction,0.164600,1.159000,0.221119,True,0.145327,1.140822,0.227336,0.019273,0.018178,0.006217,4.13,20,-0.110733,0.806445,0.298721,0.000000,0.000000,0.000000,0.000000,0.000000,0.000000,0.000000,0.000000,0.000000,0.000000,0.000000,0.000000
1779678092672041652,2026-05-25T10:01:32.672066,prediction,0.162855,1.167000,0.222897,True,0.137187,1.156822,0.228698,0.025668,0.010178,0.005800,4.65,20,-0.110733,0.806445,0.298721,0.000000,0.000000,0.000000,0.000000,0.000000,0.000000,0.000000,0.000000,0.000000,0.000000,0.000000,0.000000
1779678092705326338,2026-05-25T10:01:32.705349,prediction,0.163946,1.162000,0.226084,True,0.153187,1.140911,0.232759,0.010759,0.021089,0.006675,3.90,20,-0.110733,0.806445,0.298721,0.000000,0.000000,0.000000,0.000000,0.000000,0.000000,0.000000,0.000000,0.000000,0.000000,0.000000,0.000000
1779678092738196766,2026-05-25T10:01:32.738216,prediction,0.164600,1.159000,0.229735,True,0.150994,1.133666,0.234468,0.013606,0.025333,0.004733,5.32,20,-0.110733,0.806445,0.298721,0.000000,0.000000,0.000000,0.000000,0.000000,0.000000,0.000000,0.000000,0.000000,0.000000,0.000000,0.000000
1779678092772748220,2026-05-25T10:01:32.772764,prediction,0.157254,1.183000,0.241256,True,0.134994,1.149666,0.250468,0.022260,0.033333,0.009212,4.90,20,-0.110733,0.806445,0.298721,0.000000,0.000000,0.000000,0.000000,0.000000,0.000000,0.000000,0.000000,0.000000,0.000000,0.000000,0.000000
1779678092814096216,2026-05-25T10:01:32.814154,prediction,0.152058,1.207000,0.248390,True,0.143081,1.165666,0.252247,0.008977,0.041334,0.003857,4.26,20,-0.110733,0.806445,0.298721,0.000000,0.000000,0.000000,0.000000,0.000000,0.000000,0.000000,0.000000,0.000000,0.000000,0.000000,0.000000
1779678092849228283,2026-05-25T10:01:32.849257,prediction,0.143399,1.247000,0.268812,True,0.133379,1.181666,0.268247,0.010020,0.065333,0.000565,4.77,20,-0.110733,0.806445,0.298721,0.000000,0.000000,0.000000,0.000000,0.000000,0.000000,0.000000,0.000000,0.000000,0.000000,0.000000,0.000000
1779678092885892921,2026-05-25T10:01:32.885920,prediction,0.131295,1.294000,0.297500,True,0.117379,1.197666,0.284247,0.013916,0.096334,0.013253,4.64,20,-0.110733,0.806445,0.298721,0.000000,0.000000,0.000000,0.000000,0.000000,0.000000,0.000000,0.000000,0.000000,0.000000,0.000000,0.000000
1779678092917973176,2026-05-25T10:01:32.918002,prediction,0.125121,1.340000,0.385743,True,0.101379,1.213666,0.300247,0.023742,0.126334,0.085496,4.34,20,-0.110733,0.806445,0.298721,0.000000,0.000000,0.000000,0.000000,0.000000,0.000000,0.000000,0.000000,0.000000,0.000000,0.000000,0.000000
1779678092951517994,2026-05-25T10:01:32.951545,prediction,0.147861,1.314000,0.439803,True,0.117379,1.214499,0.316247,0.030482,0.099501,0.123556,4.58,20,-0.110733,0.806445,0.298721,0.000000,0.000000,0.000000,0.000000,0.000000,0.000000,0.000000,0.000000,0.000000,0.000000,0.000000,0.000000
1779678092988947858,2026-05-25T10:01:32.988969,prediction,0.147781,1.376000,0.463475,True,0.101379,1.230499,0.315138,0.046403,0.145501,0.148337,5.25,20,-0.110733,0.806445,0.298721,0.000000,0.000000,0.000000,0.000000,0.000000,0.000000,0.000000,0.000000,0.000000,0.000000,0.000000,0.000000
1779678093022484519,2026-05-25T10:01:33.022505,prediction,0.155736,1.387000,0.476424,True,0.085379,1.246499,0.330721,0.070357,0.140501,0.145703,3.71,20,-0.110733,0.806445,0.298721,0.000000,0.000000,0.000000,0.000000,0.000000,0.000000,0.000000,0.000000,0.000000,0.000000,0.000000,0.000000
1779678093056548798,2026-05-25T10:01:33.056588,prediction,0.160586,1.382000,0.486983,True,0.085017,1.262499,0.346721,0.075569,0.119501,0.140261,4.07,20,-0.110733,0.806445,0.298721,0.000000,0.000000,0.000000,0.000000,0.000000,0.000000,0.000000,0.000000,0.000000,0.000000,0.000000,0.000000
1779678093092763246,2026-05-25T10:01:33.092787,prediction,0.158253,1.391000,0.490740,True,0.072942,1.278499,0.344954,0.085311,0.112501,0.145786,4.54,20,-0.110733,0.806445,0.298721,0.000000,0.000000,0.000000,0.000000,0.000000,0.000000,0.000000,0.000000,0.000000,0.000000,0.000000,0.000000
1779678093125877803,2026-05-25T10:01:33.125898,prediction,0.163436,1.364000,0.497462,True,0.088942,1.294499,0.345957,0.074493,0.069501,0.151505,5.56,20,-0.110733,0.806445,0.298721,0.000000,0.000000,0.000000,0.000000,0.000000,0.000000,0.000000,0.000000,0.000000,0.000000,0.000000,0.000000
1779678093158341154,2026-05-25T10:01:33.158357,prediction,0.183113,1.280000,0.490451,True,0.104942,1.278499,0.346175,0.078170,0.001501,0.144276,5.14,20,-0.110733,0.806445,0.298721,0.000000,0.000000,0.000000,0.000000,0.000000,0.000000,0.000000,0.000000,0.000000,0.000000,0.000000,0.000000
1779678093199240482,2026-05-25T10:01:33.199269,prediction,0.190473,1.259000,0.474144,True,0.088942,1.262499,0.362175,0.101530,0.003499,0.111969,4.91,20,-0.110733,0.806445,0.298721,0.000000,0.000000,0.000000,0.000000,0.000000,0.000000,0.000000,0.000000,0.000000,0.000000,0.000000,0.000000
1779678093238772062,2026-05-25T10:01:33.238797,prediction,0.205921,1.215000,0.462439,True,0.104942,1.246499,0.364636,0.100978,0.031499,0.097803,4.94,20,-0.110733,0.806445,0.298721,0.000000,0.000000,0.000000,0.000000,0.000000,0.000000,0.000000,0.000000,0.000000,0.000000,0.000000,0.000000
1779678093278147974,2026-05-25T10:01:33.278167,prediction,0.215552,1.202000,0.434838,True,0.120942,1.230499,0.348636,0.094609,0.028499,0.086202,5.01,20,-0.110733,0.806445,0.298721,0.000000,0.000000,0.000000,0.000000,0.000000,0.000000,0.000000,0.000000,0.000000,0.000000,0.000000,0.000000
1779678093312495971,2026-05-25T10:01:33.312519,prediction,0.206368,1.259000,0.382622,True,0.106313,1.246499,0.332636,0.100055,0.012501,0.049986,4.18,20,-0.110733,0.806445,0.298721,0.000000,0.000000,0.000000,0.000000,0.000000,0.000000,0.000000,0.000000,0.000000,0.000000,0.000000,0.000000
1779678093352470964,2026-05-25T10:01:33.352494,prediction,0.211501,1.262000,0.335311,True,0.122313,1.230499,0.316636,0.089189,0.031501,0.018676,5.45,20,-0.110733,0.806445,0.298721,0.000000,0.000000,0.000000,0.000000,0.000000,0.000000,0.000000,0.000000,0.000000,0.000000,0.000000,0.000000
1779678093387979079,2026-05-25T10:01:33.388004,prediction,0.231278,1.220000,0.275753,True,0.138313,1.214499,0.300636,0.092965,0.005501,0.024883,6.85,20,-0.110733,0.806445,0.298721,0.000000,0.000000,0.000000,0.000000,0.000000,0.000000,0.000000,0.000000,0.000000,0.000000,0.000000,0.000000
1779678093419535608,2026-05-25T10:01:33.419555,prediction,0.230629,1.215000,0.260372,True,0.131726,1.198499,0.284636,0.098904,0.016501,0.024263,5.69,20,-0.110733,0.806445,0.298721,0.000000,0.000000,0.000000,0.000000,0.000000,0.000000,0.000000,0.000000,0.000000,0.000000,0.000000,0.000000
1779678093454158778,2026-05-25T10:01:33.454182,prediction,0.231470,1.212000,0.259770,True,0.140376,1.204353,0.268636,0.091095,0.007647,0.008866,6.56,20,-0.110733,0.806445,0.298721,0.000000,0.000000,0.000000,0.000000,0.000000,0.000000,0.000000,0.000000,0.000000,0.000000,0.000000,0.000000
1779678093492340261,2026-05-25T10:01:33.492362,prediction,0.228570,1.215000,0.254187,True,0.156376,1.191899,0.252636,0.072194,0.023101,0.001551,9.75,20,-0.110733,0.806445,0.298721,0.000000,0.000000,0.000000,0.000000,0.000000,0.000000,0.000000,0.000000,0.000000,0.000000,0.000000,0.000000
1779678093525495232,2026-05-25T10:01:33.525516,prediction,0.228012,1.217000,0.256657,True,0.172376,1.175899,0.236636,0.055637,0.041101,0.020022,8.58,20,-0.110733,0.806445,0.298721,0.000000,0.000000,0.000000,0.000000,0.000000,0.000000,0.000000,0.000000,0.000000,0.000000,0.000000,0.000000
1779678093559728872,2026-05-25T10:01:33.559748,prediction,0.229407,1.212000,0.251502,True,0.160808,1.171613,0.220636,0.068599,0.040387,0.030867,7.15,20,-0.110733,0.806445,0.298721,0.000000,0.000000,0.000000,0.000000,0.000000,0.000000,0.000000,0.000000,0.000000,0.000000,0.000000,0.000000
1779678093590495101,2026-05-25T10:01:33.590520,prediction,0.227176,1.220000,0.255216,True,0.148418,1.187613,0.220587,0.078758,0.032387,0.034629,3.86,20,-0.110733,0.806445,0.298721,0.000000,0.000000,0.000000,0.000000,0.000000,0.000000,0.000000,0.000000,0.000000,0.000000,0.000000,0.000000
1779678093623447434,2026-05-25T10:01:33.623471,prediction,0.228012,1.217000,0.256657,True,0.164418,1.180095,0.204587,0.063595,0.036905,0.052070,4.51,20,-0.110733,0.806445,0.298721,0.000000,0.000000,0.000000,0.000000,0.000000,0.000000,0.000000,0.000000,0.000000,0.000000,0.000000,0.000000
1779678093666682547,2026-05-25T10:01:33.666701,prediction,0.228012,1.217000,0.250481,True,0.180418,1.193115,0.188587,0.047595,0.023885,0.061894,4.30,20,-0.110733,0.806445,0.298721,0.000000,0.000000,0.000000,0.000000,0.000000,0.000000,0.000000,0.000000,0.000000,0.000000,0.000000,0.000000
1779678093699171986,2026-05-25T10:01:33.699191,prediction,0.229407,1.212000,0.251502,True,0.196418,1.177115,0.192358,0.032989,0.034885,0.059145,5.51,20,-0.110733,0.806445,0.298721,0.000000,0.000000,0.000000,0.000000,0.000000,0.000000,0.000000,0.000000,0.000000,0.000000,0.000000,0.000000
1779678093735915038,2026-05-25T10:01:33.735939,prediction,0.229964,1.210000,0.249017,True,0.197785,1.193115,0.197402,0.032180,0.016884,0.051615,4.71,20,-0.110733,0.806445,0.298721,0.000000,0.000000,0.000000,0.000000,0.000000,0.000000,0.000000,0.000000,0.000000,0.000000,0.000000,0.000000
1779678093766876792,2026-05-25T10:01:33.766902,prediction,0.227343,1.212000,0.241168,True,0.207878,1.209115,0.181402,0.019465,0.002885,0.059766,4.82,20,-0.110733,0.806445,0.298721,0.000000,0.000000,0.000000,0.000000,0.000000,0.000000,0.000000,0.000000,0.000000,0.000000,0.000000,0.000000
1779678093800333541,2026-05-25T10:01:33.800357,prediction,0.221522,1.233000,0.237569,True,0.210111,1.225115,0.165402,0.011411,0.007884,0.072167,4.36,20,-0.110733,0.806445,0.298721,0.000000,0.000000,0.000000,0.000000,0.000000,0.000000,0.000000,0.000000,0.000000,0.000000,0.000000,0.000000
1779678093832741862,2026-05-25T10:01:33.832766,prediction,0.218941,1.235000,0.235985,True,0.215988,1.228983,0.181336,0.002953,0.006017,0.054648,4.68,20,-0.110733,0.806445,0.298721,0.000000,0.000000,0.000000,0.000000,0.000000,0.000000,0.000000,0.000000,0.000000,0.000000,0.000000,0.000000
1779678093867716884,2026-05-25T10:01:33.867773,prediction,0.217463,1.233000,0.233504,True,0.200156,1.231493,0.188719,0.017306,0.001507,0.044785,4.68,20,-0.110733,0.806445,0.298721,0.000000,0.000000,0.000000,0.000000,0.000000,0.000000,0.000000,0.000000,0.000000,0.000000,0.000000,0.000000
1779678093905475572,2026-05-25T10:01:33.905494,prediction,0.217611,1.225000,0.225563,True,0.193127,1.229155,0.174282,0.024484,0.004155,0.051281,4.15,20,-0.110733,0.806445,0.298721,0.000000,0.000000,0.000000,0.000000,0.000000,0.000000,0.000000,0.000000,0.000000,0.000000,0.000000,0.000000
1779678093943759235,2026-05-25T10:01:33.943779,prediction,0.214757,1.228000,0.226255,True,0.185088,1.235424,0.182648,0.029669,0.007424,0.043606,5.48,20,-0.110733,0.806445,0.298721,0.000000,0.000000,0.000000,0.000000,0.000000,0.000000,0.000000,0.000000,0.000000,0.000000,0.000000,0.000000
1779678093979940913,2026-05-25T10:01:33.979970,prediction,0.211374,1.233000,0.229440,True,0.193620,1.243882,0.198331,0.017755,0.010883,0.031109,4.87,20,-0.110733,0.806445,0.298721,0.000000,0.000000,0.000000,0.000000,0.000000,0.000000,0.000000,0.000000,0.000000,0.000000,0.000000,0.000000
1779678094013925846,2026-05-25T10:01:34.013955,prediction,0.208644,1.228000,0.228295,True,0.200822,1.228555,0.196240,0.007822,0.000556,0.032055,3.99,20,-0.110733,0.806445,0.298721,0.000000,0.000000,0.000000,0.000000,0.000000,0.000000,0.000000,0.000000,0.000000,0.000000,0.000000,0.000000
1779678094049628522,2026-05-25T10:01:34.049655,prediction,0.207398,1.225000,0.229654,True,0.188713,1.232687,0.192440,0.018685,0.007687,0.037215,3.94,20,-0.110733,0.806445,0.298721,0.000000,0.000000,0.000000,0.000000,0.000000,0.000000,0.000000,0.000000,0.000000,0.000000,0.000000,0.000000
1779678094081711114,2026-05-25T10:01:34.081739,prediction,0.208718,1.220000,0.228518,True,0.196035,1.239060,0.197724,0.012683,0.019060,0.030794,4.62,20,-0.110733,0.806445,0.298721,0.000000,0.000000,0.000000,0.000000,0.000000,0.000000,0.000000,0.000000,0.000000,0.000000,0.000000,0.000000
1779678094116745768,2026-05-25T10:01:34.116769,prediction,0.209311,1.202000,0.224428,True,0.201643,1.223060,0.201468,0.007668,0.021060,0.022960,6.43,20,-0.110733,0.806445,0.298721,0.000000,0.000000,0.000000,0.000000,0.000000,0.000000,0.000000,0.000000,0.000000,0.000000,0.000000,0.000000
1779678094153563816,2026-05-25T10:01:34.153594,prediction,0.209311,1.202000,0.226511,True,0.194162,1.214154,0.207186,0.015148,0.012154,0.019326,5.20,20,-0.110733,0.806445,0.298721,0.000000,0.000000,0.000000,0.000000,0.000000,0.000000,0.000000,0.000000,0.000000,0.000000,0.000000,0.000000
1779678094200557427,2026-05-25T10:01:34.200595,prediction,0.208526,1.197000,0.225383,True,0.201806,1.203813,0.204008,0.006720,0.006813,0.021376,4.56,20,-0.110733,0.806445,0.298721,0.000000,0.000000,0.000000,0.000000,0.000000,0.000000,0.000000,0.000000,0.000000,0.000000,0.000000,0.000000
1779678094243282176,2026-05-25T10:01:34.243314,prediction,0.209303,1.194000,0.226803,True,0.202283,1.195022,0.209180,0.007020,0.001022,0.017623,4.49,20,-0.110733,0.806445,0.298721,0.000000,0.000000,0.000000,0.000000,0.000000,0.000000,0.000000,0.000000,0.000000,0.000000,0.000000,0.000000
1779678094278361592,2026-05-25T10:01:34.278382,prediction,0.208443,1.181000,0.230245,True,0.200536,1.179022,0.220748,0.007906,0.001978,0.009498,4.10,20,-0.110733,0.806445,0.298721,0.000000,0.000000,0.000000,0.000000,0.000000,0.000000,0.000000,0.000000,0.000000,0.000000,0.000000,0.000000
1779678094312691556,2026-05-25T10:01:34.312721,prediction,0.204213,1.181000,0.234481,True,0.186956,1.174426,0.227895,0.017257,0.006574,0.006586,4.01,20,-0.110733,0.806445,0.298721,0.000000,0.000000,0.000000,0.000000,0.000000,0.000000,0.000000,0.000000,0.000000,0.000000,0.000000,0.000000
1779678094348119239,2026-05-25T10:01:34.348158,prediction,0.198460,1.170000,0.234244,True,0.187102,1.160032,0.223755,0.011357,0.009968,0.010488,4.14,20,-0.110733,0.806445,0.298721,0.000000,0.000000,0.000000,0.000000,0.000000,0.000000,0.000000,0.000000,0.000000,0.000000,0.000000,0.000000
1779678094391128648,2026-05-25T10:01:34.391154,prediction,0.196883,1.150000,0.234299,True,0.191864,1.144032,0.224370,0.005019,0.005968,0.009930,4.03,20,-0.110733,0.806445,0.298721,0.000000,0.000000,0.000000,0.000000,0.000000,0.000000,0.000000,0.000000,0.000000,0.000000,0.000000,0.000000
1779678094427770801,2026-05-25T10:01:34.427789,prediction,0.191983,1.115000,0.226921,True,0.183254,1.128032,0.217596,0.008728,0.013032,0.009325,4.38,20,-0.110733,0.806445,0.298721,0.000000,0.000000,0.000000,0.000000,0.000000,0.000000,0.000000,0.000000,0.000000,0.000000,0.000000,0.000000
1779678094464845174,2026-05-25T10:01:34.464872,prediction,0.192324,1.094000,0.215713,True,0.177734,1.112032,0.204648,0.014590,0.018032,0.011065,4.64,20,-0.110733,0.806445,0.298721,0.000000,0.000000,0.000000,0.000000,0.000000,0.000000,0.000000,0.000000,0.000000,0.000000,0.000000,0.000000
1779678094498858999,2026-05-25T10:01:34.498880,prediction,0.191983,1.115000,0.175719,True,0.163827,1.116055,0.188648,0.028156,0.001055,0.012929,4.41,20,-0.110733,0.806445,0.298721,0.000000,0.000000,0.000000,0.000000,0.000000,0.000000,0.000000,0.000000,0.000000,0.000000,0.000000,0.000000
1779678094533958267,2026-05-25T10:01:34.533987,prediction,0.205156,1.097000,0.159965,True,0.179827,1.100055,0.172648,0.025329,0.003055,0.012682,5.01,20,-0.110733,0.806445,0.298721,0.000000,0.000000,0.000000,0.000000,0.000000,0.000000,0.000000,0.000000,0.000000,0.000000,0.000000,0.000000
1779678094568226483,2026-05-25T10:01:34.568244,prediction,0.226157,1.103000,0.168244,True,0.195827,1.084055,0.164380,0.030330,0.018945,0.003864,3.85,20,-0.110733,0.806445,0.298721,0.000000,0.000000,0.000000,0.000000,0.000000,0.000000,0.000000,0.000000,0.000000,0.000000,0.000000,0.000000
1779678094601617831,2026-05-25T10:01:34.601656,prediction,0.254953,1.036000,0.156081,True,0.211827,1.068055,0.148380,0.043126,0.032055,0.007700,5.11,20,-0.110733,0.806445,0.298721,0.000000,0.000000,0.000000,0.000000,0.000000,0.000000,0.000000,0.000000,0.000000,0.000000,0.000000,0.000000
1779678094637732168,2026-05-25T10:01:34.637763,prediction,0.271792,1.026000,0.155967,True,0.227002,1.052055,0.132380,0.044789,0.026055,0.023587,6.47,20,-0.110733,0.806445,0.298721,0.000000,0.000000,0.000000,0.000000,0.000000,0.000000,0.000000,0.000000,0.000000,0.000000,0.000000,0.000000
1779678094676384269,2026-05-25T10:01:34.676398,prediction,0.282941,1.020000,0.154486,True,0.243002,1.036055,0.129159,0.039939,0.016055,0.025327,3.92,20,-0.110733,0.806445,0.298721,0.000000,0.000000,0.000000,0.000000,0.000000,0.000000,0.000000,0.000000,0.000000,0.000000,0.000000,0.000000
1779678094716258761,2026-05-25T10:01:34.716278,prediction,0.292064,1.013000,0.155151,True,0.259002,1.020055,0.142980,0.033062,0.007055,0.012171,4.84,20,-0.110733,0.806445,0.298721,0.000000,0.000000,0.000000,0.000000,0.000000,0.000000,0.000000,0.000000,0.000000,0.000000,0.000000,0.000000
1779678094750588675,2026-05-25T10:01:34.750611,prediction,0.302411,1.002000,0.152453,True,0.275002,1.004055,0.132992,0.027409,0.002055,0.019460,5.13,20,-0.110733,0.806445,0.298721,0.000000,0.000000,0.000000,0.000000,0.000000,0.000000,0.000000,0.000000,0.000000,0.000000,0.000000,0.000000
1779678094784785384,2026-05-25T10:01:34.784817,prediction,0.308884,0.988000,0.149018,True,0.291002,0.988055,0.118283,0.017881,0.000055,0.030735,4.09,20,-0.110733,0.806445,0.298721,0.000000,0.000000,0.000000,0.000000,0.000000,0.000000,0.000000,0.000000,0.000000,0.000000,0.000000,0.000000
1779678094818782977,2026-05-25T10:01:34.818813,prediction,0.306452,0.988000,0.149018,True,0.285301,0.972055,0.121840,0.021151,0.015945,0.027178,4.59,20,-0.110733,0.806445,0.298721,0.000000,0.000000,0.000000,0.000000,0.000000,0.000000,0.000000,0.000000,0.000000,0.000000,0.000000,0.000000
1779678094856128621,2026-05-25T10:01:34.856150,prediction,0.310494,0.974000,0.138211,True,0.301301,0.956055,0.119686,0.009193,0.017945,0.018525,4.12,20,-0.110733,0.806445,0.298721,0.000000,0.000000,0.000000,0.000000,0.000000,0.000000,0.000000,0.000000,0.000000,0.000000,0.000000,0.000000
1779678094888717360,2026-05-25T10:01:34.888736,prediction,0.310335,0.966000,0.128796,True,0.317301,0.940055,0.108056,0.006966,0.025945,0.020740,5.39,20,-0.110733,0.806445,0.298721,0.000000,0.000000,0.000000,0.000000,0.000000,0.000000,0.000000,0.000000,0.000000,0.000000,0.000000,0.000000
1779678094934254595,2026-05-25T10:01:34.934286,prediction,0.313669,0.963000,0.130506,True,0.329799,0.924055,0.111114,0.016130,0.038945,0.019392,5.64,20,-0.110733,0.806445,0.298721,0.000000,0.000000,0.000000,0.000000,0.000000,0.000000,0.000000,0.000000,0.000000,0.000000,0.000000,0.000000
1779678094970079786,2026-05-25T10:01:34.970106,prediction,0.307178,0.977000,0.134056,True,0.313799,0.937785,0.118882,0.006621,0.039215,0.015174,4.46,20,-0.110733,0.806445,0.298721,0.000000,0.000000,0.000000,0.000000,0.000000,0.000000,0.000000,0.000000,0.000000,0.000000,0.000000,0.000000
1779678095011888005,2026-05-25T10:01:35.011915,prediction,0.306030,0.981000,0.135070,True,0.324631,0.927591,0.120948,0.018601,0.053409,0.014121,3.76,20,-0.110733,0.806445,0.298721,0.000000,0.000000,0.000000,0.000000,0.000000,0.000000,0.000000,0.000000,0.000000,0.000000,0.000000,0.000000
1779678095049180213,2026-05-25T10:01:35.049218,prediction,0.302873,0.992000,0.137858,True,0.324742,0.929981,0.120866,0.021869,0.062019,0.016992,4.39,20,-0.110733,0.806445,0.298721,0.000000,0.000000,0.000000,0.000000,0.000000,0.000000,0.000000,0.000000,0.000000,0.000000,0.000000,0.000000
1779678095082943631,2026-05-25T10:01:35.082975,prediction,0.306452,0.988000,0.134409,True,0.328768,0.930406,0.117979,0.022316,0.057593,0.016430,4.63,20,-0.110733,0.806445,0.298721,0.000000,0.000000,0.000000,0.000000,0.000000,0.000000,0.000000,0.000000,0.000000,0.000000,0.000000,0.000000
1779678095118714539,2026-05-25T10:01:35.118740,prediction,0.307318,0.985000,0.133644,True,0.314356,0.934997,0.122737,0.007037,0.050003,0.010907,5.45,20,-0.110733,0.806445,0.298721,0.000000,0.000000,0.000000,0.000000,0.000000,0.000000,0.000000,0.000000,0.000000,0.000000,0.000000,0.000000
1779678095151415266,2026-05-25T10:01:35.151453,prediction,0.307318,0.985000,0.133644,True,0.307097,0.947498,0.125105,0.000221,0.037502,0.008538,5.99,20,-0.110733,0.806445,0.298721,0.000000,0.000000,0.000000,0.000000,0.000000,0.000000,0.000000,0.000000,0.000000,0.000000,0.000000,0.000000
1779678095190497441,2026-05-25T10:01:35.190518,prediction,0.304021,0.988000,0.127105,True,0.307992,0.955975,0.116019,0.003972,0.032025,0.011086,4.16,20,-0.110733,0.806445,0.298721,0.000000,0.000000,0.000000,0.000000,0.000000,0.000000,0.000000,0.000000,0.000000,0.000000,0.000000,0.000000
1779678095226534407,2026-05-25T10:01:35.226552,prediction,0.289432,0.988000,0.127105,True,0.291992,0.959890,0.116462,0.002560,0.028110,0.010643,4.45,20,-0.110733,0.806445,0.298721,0.000000,0.000000,0.000000,0.000000,0.000000,0.000000,0.000000,0.000000,0.000000,0.000000,0.000000,0.000000
1779678095265893336,2026-05-25T10:01:35.265913,prediction,0.282954,0.985000,0.126325,True,0.292529,0.960770,0.114835,0.009575,0.024230,0.011489,4.91,20,-0.110733,0.806445,0.298721,0.000000,0.000000,0.000000,0.000000,0.000000,0.000000,0.000000,0.000000,0.000000,0.000000,0.000000,0.000000
1779678095298134510,2026-05-25T10:01:35.298169,prediction,0.275645,0.985000,0.121445,True,0.280710,0.974102,0.104623,0.005065,0.010898,0.016822,4.12,20,-0.110733,0.806445,0.298721,0.000000,0.000000,0.000000,0.000000,0.000000,0.000000,0.000000,0.000000,0.000000,0.000000,0.000000,0.000000
1779678095333134887,2026-05-25T10:01:35.333179,prediction,0.241536,0.985000,0.109246,True,0.264710,0.982691,0.088623,0.023174,0.002309,0.020623,4.74,20,-0.110733,0.806445,0.298721,0.000000,0.000000,0.000000,0.000000,0.000000,0.000000,0.000000,0.000000,0.000000,0.000000,0.000000,0.000000
1779678095368313526,2026-05-25T10:01:35.368332,prediction,0.221445,0.977000,0.089903,True,0.248710,0.974154,0.072623,0.027265,0.002846,0.017280,3.44,20,-0.110733,0.806445,0.298721,0.000000,0.000000,0.000000,0.000000,0.000000,0.000000,0.000000,0.000000,0.000000,0.000000,0.000000,0.000000
1779678095399684745,2026-05-25T10:01:35.399710,prediction,0.162996,0.988000,0.078408,True,0.232710,0.982499,0.057546,0.069715,0.005501,0.020861,3.85,20,-0.110733,0.806445,0.298721,0.000000,0.000000,0.000000,0.000000,0.000000,0.000000,0.000000,0.000000,0.000000,0.000000,0.000000,0.000000
1779678095438705487,2026-05-25T10:01:35.438724,prediction,0.179555,0.966000,0.059608,True,0.248710,0.966499,0.043698,0.069156,0.000499,0.015910,6.43,20,-0.110733,0.806445,0.298721,0.000000,0.000000,0.000000,0.000000,0.000000,0.000000,0.000000,0.000000,0.000000,0.000000,0.000000,0.000000
1779678095471883606,2026-05-25T10:01:35.471908,prediction,0.164749,0.966000,0.052195,True,0.264710,0.960888,0.027698,0.099961,0.005112,0.024497,5.13,20,-0.110733,0.806445,0.298721,0.000000,0.000000,0.000000,0.000000,0.000000,0.000000,0.000000,0.000000,0.000000,0.000000,0.000000,0.000000
1779678095509980900,2026-05-25T10:01:35.510005,prediction,0.166842,0.955000,0.038872,True,0.280710,0.955394,0.013586,0.113868,0.000394,0.025286,4.26,20,-0.110733,0.806445,0.298721,0.000000,0.000000,0.000000,0.000000,0.000000,0.000000,0.000000,0.000000,0.000000,0.000000,0.000000,0.000000
1779678095541105517,2026-05-25T10:01:35.541122,prediction,0.149944,0.966000,0.032427,True,0.264710,0.968981,0.003749,0.114766,0.002981,0.028678,4.52,20,-0.110733,0.806445,0.298721,0.000000,0.000000,0.000000,0.000000,0.000000,0.000000,0.000000,0.000000,0.000000,0.000000,0.000000,0.000000
1779678095573689912,2026-05-25T10:01:35.573724,prediction,0.141137,0.974000,0.022691,True,0.257132,0.982290,-0.008861,0.115995,0.008290,0.031553,3.72,20,-0.110733,0.806445,0.298721,0.000000,0.000000,0.000000,0.000000,0.000000,0.000000,0.000000,0.000000,0.000000,0.000000,0.000000,0.000000
1779678095611620963,2026-05-25T10:01:35.611646,prediction,0.130203,0.966000,0.005246,True,0.244118,0.979339,-0.024861,0.113915,0.013339,0.030107,4.35,20,-0.110733,0.806445,0.298721,0.000000,0.000000,0.000000,0.000000,0.000000,0.000000,0.000000,0.000000,0.000000,0.000000,0.000000,0.000000
1779678095651904959,2026-05-25T10:01:35.651928,prediction,0.115870,0.963000,-0.015573,True,0.228118,0.979715,-0.040861,0.112248,0.016715,0.025288,4.87,20,-0.110733,0.806445,0.298721,0.000000,0.000000,0.000000,0.000000,0.000000,0.000000,0.000000,0.000000,0.000000,0.000000,0.000000,0.000000
1779678095702391755,2026-05-25T10:01:35.702414,prediction,0.110594,0.981000,-0.033729,True,0.212118,0.995715,-0.056861,0.101525,0.014715,0.023133,4.83,20,-0.110733,0.806445,0.298721,0.000000,0.000000,0.000000,0.000000,0.000000,0.000000,0.000000,0.000000,0.000000,0.000000,0.000000,0.000000
1779678095751957561,2026-05-25T10:01:35.751979,prediction,0.115480,0.981000,-0.045961,True,0.203993,0.997150,-0.069136,0.088514,0.016151,0.023176,5.76,20,-0.110733,0.806445,0.298721,0.000000,0.000000,0.000000,0.000000,0.000000,0.000000,0.000000,0.000000,0.000000,0.000000,0.000000,0.000000
1779678095786549915,2026-05-25T10:01:35.786585,prediction,0.110594,0.981000,-0.050853,True,0.187993,0.993375,-0.077777,0.077400,0.012375,0.026924,5.30,20,-0.110733,0.806445,0.298721,0.000000,0.000000,0.000000,0.000000,0.000000,0.000000,0.000000,0.000000,0.000000,0.000000,0.000000,0.000000
1779678095827625927,2026-05-25T10:01:35.827647,prediction,0.108151,0.981000,-0.050853,True,0.171993,0.991302,-0.082170,0.063843,0.010302,0.031316,4.98,20,-0.110733,0.806445,0.298721,0.000000,0.000000,0.000000,0.000000,0.000000,0.000000,0.000000,0.000000,0.000000,0.000000,0.000000,0.000000
1779678095869988998,2026-05-25T10:01:35.870005,prediction,0.111684,0.974000,-0.053502,True,0.166642,0.987747,-0.085232,0.054958,0.013747,0.031730,4.43,20,-0.110733,0.806445,0.298721,0.000000,0.000000,0.000000,0.000000,0.000000,0.000000,0.000000,0.000000,0.000000,0.000000,0.000000,0.000000
1779678095905769336,2026-05-25T10:01:35.905785,prediction,0.108151,0.981000,-0.050853,True,0.153882,0.997642,-0.082006,0.045731,0.016642,0.031152,4.25,20,-0.110733,0.806445,0.298721,0.000000,0.000000,0.000000,0.000000,0.000000,0.000000,0.000000,0.000000,0.000000,0.000000,0.000000,0.000000
1779678095944355453,2026-05-25T10:01:35.944375,prediction,0.104321,0.974000,-0.053502,True,0.145937,0.987102,-0.079111,0.041616,0.013102,0.025609,4.30,20,-0.110733,0.806445,0.298721,0.000000,0.000000,0.000000,0.000000,0.000000,0.000000,0.000000,0.000000,0.000000,0.000000,0.000000,0.000000
1779678095994687739,2026-05-25T10:01:35.994708,prediction,0.104640,0.988000,-0.048205,True,0.133916,0.995740,-0.073085,0.029275,0.007740,0.024880,4.17,20,-0.110733,0.806445,0.298721,0.000000,0.000000,0.000000,0.000000,0.000000,0.000000,0.000000,0.000000,0.000000,0.000000,0.000000,0.000000
1779678096028548862,2026-05-25T10:01:36.028592,prediction,0.102756,1.016000,-0.037610,True,0.125683,1.011740,-0.057085,0.022927,0.004260,0.019475,4.03,20,-0.110733,0.806445,0.298721,0.000000,0.000000,0.000000,0.000000,0.000000,0.000000,0.000000,0.000000,0.000000,0.000000,0.000000,0.000000
1779678096066185268,2026-05-25T10:01:36.066205,prediction,0.105993,0.995000,-0.045556,True,0.129564,1.011299,-0.053085,0.023572,0.016299,0.007529,3.94,20,-0.110733,0.806445,0.298721,0.000000,0.000000,0.000000,0.000000,0.000000,0.000000,0.000000,0.000000,0.000000,0.000000,0.000000,0.000000
1779678096106970127,2026-05-25T10:01:36.106992,prediction,0.104030,0.992000,-0.046691,True,0.121034,1.003097,-0.056030,0.017004,0.011097,0.009339,4.10,20,-0.110733,0.806445,0.298721,0.000000,0.000000,0.000000,0.000000,0.000000,0.000000,0.000000,0.000000,0.000000,0.000000,0.000000,0.000000
1779678096150624900,2026-05-25T10:01:36.150647,prediction,0.091266,1.013000,-0.038745,True,0.105034,1.019097,-0.042013,0.013768,0.006097,0.003267,5.65,20,-0.110733,0.806445,0.298721,0.000000,0.000000,0.000000,0.000000,0.000000,0.000000,0.000000,0.000000,0.000000,0.000000,0.000000,0.000000
1779678096194471620,2026-05-25T10:01:36.194488,prediction,0.090463,1.002000,-0.042907,True,0.107542,1.020937,-0.037384,0.017079,0.018937,0.005524,4.18,20,-0.110733,0.806445,0.298721,0.000000,0.000000,0.000000,0.000000,0.000000,0.000000,0.000000,0.000000,0.000000,0.000000,0.000000,0.000000
1779678096227237106,2026-05-25T10:01:36.227259,prediction,0.085557,1.036000,-0.030043,True,0.093005,1.036937,-0.029768,0.007448,0.000937,0.000275,4.16,20,-0.110733,0.806445,0.298721,0.000000,0.000000,0.000000,0.000000,0.000000,0.000000,0.000000,0.000000,0.000000,0.000000,0.000000,0.000000
1779678096287450332,2026-05-25T10:01:36.287476,prediction,0.081661,1.063000,-0.019826,True,0.094841,1.052937,-0.014852,0.013180,0.010063,0.004974,4.71,20,-0.110733,0.806445,0.298721,0.000000,0.000000,0.000000,0.000000,0.000000,0.000000,0.000000,0.000000,0.000000,0.000000,0.000000,0.000000
1779678096321254172,2026-05-25T10:01:36.321275,prediction,0.075786,1.088000,-0.010367,True,0.081555,1.068937,-0.001883,0.005768,0.019063,0.008484,4.58,20,-0.110733,0.806445,0.298721,0.000000,0.000000,0.000000,0.000000,0.000000,0.000000,0.000000,0.000000,0.000000,0.000000,0.000000,0.000000
1779678096358227902,2026-05-25T10:01:36.358247,prediction,0.072250,1.097000,-0.006962,True,0.079774,1.084937,0.001455,0.007524,0.012063,0.008417,4.89,20,-0.110733,0.806445,0.298721,0.000000,0.000000,0.000000,0.000000,0.000000,0.000000,0.000000,0.000000,0.000000,0.000000,0.000000,0.000000
1779678096431667985,2026-05-25T10:01:36.431692,prediction,0.066514,1.153000,0.014227,True,0.063774,1.100937,0.017455,0.002740,0.052063,0.003228,5.72,20,-0.110733,0.806445,0.298721,0.000000,0.000000,0.000000,0.000000,0.000000,0.000000,0.000000,0.000000,0.000000,0.000000,0.000000,0.000000
1779678096468656195,2026-05-25T10:01:36.468676,prediction,0.088373,1.191000,0.028606,True,0.079774,1.116937,0.033455,0.008599,0.074063,0.004850,5.54,20,-0.110733,0.806445,0.298721,0.000000,0.000000,0.000000,0.000000,0.000000,0.000000,0.000000,0.000000,0.000000,0.000000,0.000000,0.000000


============================================================
EXPERIMENT METRICS
  File: experiment_GRU_20260525_100032.csv
  Total samples: 1480
  Task completion time: 69.71 s
  --- Prediction Accuracy (over 1480 samples) ---
  Avg Inference Time: 6.61 ms
  Mean Squared Error (MSE): 0.005126 m²
  Mean Absolute Error (MAE - 3D): 0.0501 m
      MAE X: 0.0172 m
      MAE Y: 0.0408 m
      MAE Z: 0.0134 m
  --- Trajectory Smoothness (Robot EE) ---
  Mean Jerk (3D): 24.7689 m/s³
      Jerk X: 6.5478 m/s³
      Jerk Y: 17.5476 m/s³
      Jerk Z: 11.7067 m/s³
  Max Jerk (3D): 101.8762 m/s³
  RMS Jerk (3D): 30.6777 m/s³
============================================================
