ros_timestamp_ns,wall_time,trajectory_mode,meas_x,meas_y,meas_z,is_tracked,pred_x,pred_y,pred_z,mae_x,mae_y,mae_z,inference_ms,buffer_size,robot_ee_x,robot_ee_y,robot_ee_z,j1_vel,j2_vel,j3_vel,j4_vel,j5_vel,j6_vel,j1_eff,j2_eff,j3_eff,j4_eff,j5_eff,j6_eff
1781258145189287108,2026-06-12T16:55:45.189305,prediction,0.153173,-0.275000,0.054458,True,-0.041610,0.637700,0.144960,0.194783,0.912700,0.090501,4.67,20,-0.161992,0.280059,0.378527,0.000000,0.000000,0.000000,0.000000,0.000000,0.000000,0.006160,-0.146300,0.073953,-0.035008,0.019264,-0.011264
1781258145222836437,2026-06-12T16:55:45.222855,prediction,0.147298,-0.219000,0.055682,True,-0.033610,0.629700,0.136960,0.180908,0.848700,0.081277,3.75,20,-0.161991,0.280058,0.378521,0.000000,0.000000,0.000000,0.000000,0.000000,0.000000,0.006160,-0.146300,0.073953,-0.035008,0.019264,-0.011264
1781258145266960237,2026-06-12T16:55:45.266985,prediction,0.155271,-0.295000,0.054021,True,-0.025610,0.621700,0.128960,0.180881,0.916700,0.074939,4.14,20,-0.161991,0.280058,0.378521,0.000000,0.000000,0.000000,0.000000,0.000000,0.000000,0.006160,-0.146300,0.073953,-0.035008,0.019264,-0.011264
1781258145294243940,2026-06-12T16:55:45.294263,prediction,0.154222,-0.285000,0.054240,True,-0.017610,0.613700,0.120960,0.171832,0.898700,0.066720,3.82,20,-0.161991,0.280058,0.378521,0.000000,0.000000,0.000000,0.000000,0.000000,0.000000,0.006160,-0.146300,0.073953,-0.035008,0.019264,-0.011264
1781258145323667044,2026-06-12T16:55:45.323693,prediction,0.148714,-0.232500,0.055387,True,-0.009610,0.605700,0.114032,0.158324,0.838200,0.058644,4.18,20,-0.161991,0.280058,0.378521,0.000000,0.000000,0.000000,0.000000,0.000000,0.000000,0.006160,-0.146300,0.073953,-0.035008,0.019264,-0.011264
1781258145351291220,2026-06-12T16:55:45.351307,prediction,0.147718,-0.223000,0.055595,True,-0.001610,0.597700,0.109041,0.149328,0.820700,0.053446,4.40,20,-0.161991,0.280058,0.378521,0.000000,0.000000,0.000000,0.000000,0.000000,0.000000,0.006160,-0.146300,0.073953,-0.035008,0.019264,-0.011264
1781258145383181762,2026-06-12T16:55:45.383198,prediction,0.149186,-0.237000,0.055289,True,0.006390,0.589700,0.103104,0.142796,0.826700,0.047815,4.61,20,-0.161991,0.280058,0.378521,0.000000,0.000000,0.000000,0.000000,0.000000,0.000000,0.006160,-0.146300,0.073953,-0.035008,0.019264,-0.011264
1781258145417704503,2026-06-12T16:55:45.417721,prediction,0.150236,-0.247000,0.059033,True,0.014390,0.581700,0.100308,0.135846,0.828700,0.041274,4.27,20,-0.161991,0.280058,0.378521,0.000000,0.000000,0.000000,0.000000,0.000000,0.000000,0.006160,-0.146300,0.073953,-0.035008,0.019264,-0.011264
1781258145448319376,2026-06-12T16:55:45.448354,prediction,0.149186,-0.237000,0.059235,True,0.022390,0.573700,0.097485,0.126796,0.810700,0.038250,3.77,20,-0.161991,0.280058,0.378521,0.000000,0.000000,0.000000,0.000000,0.000000,0.000000,0.006720,-0.147840,0.073621,-0.035008,0.019328,-0.011264
1781258145484664966,2026-06-12T16:55:45.484681,prediction,0.148242,-0.228000,0.059417,True,0.030390,0.565700,0.093962,0.117852,0.793700,0.034544,4.45,20,-0.161991,0.280058,0.378521,0.000000,0.000000,0.000000,0.000000,0.000000,0.000000,0.005880,-0.147840,0.073953,-0.035008,0.019104,-0.010976
1781258145516004966,2026-06-12T16:55:45.516023,prediction,0.146249,-0.209000,0.059801,True,0.038390,0.557700,0.090470,0.107859,0.766700,0.030669,3.88,20,-0.161991,0.280058,0.378521,0.000000,0.000000,0.000000,0.000000,0.000000,0.000000,0.005880,-0.145880,0.072957,-0.035008,0.019104,-0.010752
1781258145549863363,2026-06-12T16:55:45.549878,prediction,0.148714,-0.232500,0.059326,True,0.046390,0.549700,0.087036,0.102324,0.782200,0.027710,4.10,20,-0.161991,0.280058,0.378521,0.000000,0.000000,0.000000,0.000000,0.000000,0.000000,0.007000,-0.149940,0.073289,-0.035008,0.019104,-0.010912
1781258145585994048,2026-06-12T16:55:45.586014,prediction,0.150236,-0.247000,0.059033,True,0.054390,0.541700,0.082868,0.095846,0.788700,0.023835,4.21,20,-0.161991,0.280058,0.378521,0.000000,0.000000,0.000000,0.000000,0.000000,0.000000,0.026880,-0.186200,0.068807,-0.018880,0.045312,-0.032672
1781258145616282671,2026-06-12T16:55:45.616301,prediction,0.152229,-0.266000,0.062643,True,0.062390,0.533700,0.081559,0.089839,0.799700,0.018916,4.38,20,-0.161991,0.280058,0.378521,0.000000,0.000000,0.000000,0.000000,0.000000,0.000000,0.026880,-0.186200,0.068807,-0.018880,0.045312,-0.032672
1781258145649891433,2026-06-12T16:55:45.649905,prediction,0.149186,-0.237000,0.063182,True,0.070390,0.525700,0.078831,0.078796,0.762700,0.015650,4.22,20,-0.161991,0.280058,0.378521,0.000000,0.000000,0.000000,0.000000,0.000000,0.000000,0.026880,-0.186200,0.068807,-0.018880,0.045312,-0.032672
1781258145683572867,2026-06-12T16:55:45.683588,prediction,0.148242,-0.228000,0.063349,True,0.078390,0.517700,0.077740,0.069852,0.745700,0.014391,4.30,20,-0.161991,0.280058,0.378521,0.000000,0.000000,0.000000,0.000000,0.000000,0.000000,0.026880,-0.186200,0.068807,-0.018880,0.045312,-0.032672
1781258145715893679,2026-06-12T16:55:45.715907,prediction,0.151180,-0.256000,0.066806,True,0.086390,0.509700,0.078012,0.064790,0.765700,0.011206,4.15,20,-0.161991,0.280058,0.378521,0.000000,0.000000,0.000000,0.000000,0.002609,0.000000,0.043680,-0.212940,0.067479,-0.001728,0.065952,-0.050368
1781258145755167903,2026-06-12T16:55:45.755188,prediction,0.155271,-0.295000,0.066146,True,0.094390,0.501700,0.076428,0.060881,0.796700,0.010282,4.09,20,-0.161991,0.280058,0.378521,0.005233,0.004796,0.000000,0.021807,0.032284,0.027045,0.087640,-0.252000,0.037350,0.006464,0.042752,-0.036512
1781258145788576732,2026-06-12T16:55:45.788600,prediction,0.154222,-0.285000,0.066315,True,0.097861,0.493700,0.076450,0.056361,0.778700,0.010135,4.00,20,-0.161991,0.280058,0.378521,0.005233,0.004796,0.000000,0.021807,0.032284,0.027045,0.087640,-0.252000,0.037350,0.006464,0.042752,-0.036512
1781258145821912356,2026-06-12T16:55:45.821932,prediction,0.156321,-0.305000,0.070035,True,0.102336,0.485700,0.082063,0.053984,0.790700,0.012028,4.49,20,-0.161991,0.280058,0.378521,0.005233,0.004796,0.000000,0.021807,0.032284,0.027045,0.087640,-0.252000,0.037350,0.006464,0.042752,-0.036512
1781258145854817360,2026-06-12T16:55:45.854838,prediction,0.157370,-0.315000,0.069882,True,0.108681,0.477700,0.084427,0.048688,0.792700,0.014545,4.73,20,-0.161991,0.280058,0.378521,0.005233,0.004796,0.000000,0.021807,0.032284,0.027045,0.087640,-0.252000,0.037350,0.006464,0.042752,-0.036512
1781258145885961029,2026-06-12T16:55:45.885976,prediction,0.158943,-0.330000,0.069653,True,0.115670,0.469700,0.086520,0.043274,0.799700,0.016867,4.36,20,-0.161991,0.280058,0.378521,0.005233,0.004796,0.000000,0.021807,0.032284,0.027045,0.087640,-0.252000,0.037350,0.006464,0.042752,-0.036512
1781258145916264698,2026-06-12T16:55:45.916275,prediction,0.157370,-0.315000,0.069882,True,0.117111,0.461700,0.089695,0.040259,0.776700,0.019813,4.03,20,-0.161991,0.280058,0.378521,0.003489,0.005233,0.000000,0.018756,0.029665,0.024426,0.087640,-0.252280,0.033532,0.010688,0.042240,-0.038464
1781258145948954816,2026-06-12T16:55:45.948971,prediction,0.154222,-0.285000,0.070341,True,0.121687,0.453700,0.092606,0.032535,0.738700,0.022266,4.05,20,-0.161991,0.280058,0.378521,0.000000,0.000000,0.000000,0.000000,0.000000,0.000000,0.072520,-0.212240,-0.004316,-0.015488,-0.000576,-0.000448
1781258145987374658,2026-06-12T16:55:45.987388,prediction,0.146249,-0.209000,0.071502,True,0.123743,0.445700,0.094690,0.022506,0.654700,0.023188,4.77,20,-0.161991,0.280058,0.378521,0.000000,0.000000,0.000000,0.002609,0.005228,0.005670,0.044520,-0.158060,-0.007802,-0.051424,-0.043520,0.025952
1781258146029067424,2026-06-12T16:55:46.029083,prediction,0.149186,-0.237000,0.071074,True,0.122368,0.437700,0.095886,0.026819,0.674700,0.024812,4.40,20,-0.161991,0.280058,0.378521,0.000000,0.000000,0.000000,0.002609,0.005228,0.005670,0.044520,-0.158060,-0.007802,-0.051424,-0.043520,0.025952
1781258146058107932,2026-06-12T16:55:46.058128,prediction,0.146249,-0.209000,0.071502,True,0.114368,0.429700,0.095694,0.031881,0.638700,0.024192,4.18,20,-0.161991,0.280058,0.378521,0.000000,0.000000,0.000000,0.002609,0.005228,0.005670,0.044520,-0.158060,-0.007802,-0.051424,-0.043520,0.025952
1781258146091336882,2026-06-12T16:55:46.091362,prediction,0.145305,-0.200000,0.071640,True,0.107285,0.421700,0.096168,0.038020,0.621700,0.024528,4.12,20,-0.161991,0.280058,0.378521,0.000000,0.000000,0.000000,0.002609,0.005228,0.005670,0.044520,-0.158060,-0.007802,-0.051424,-0.043520,0.025952
1781258146119944090,2026-06-12T16:55:46.119963,prediction,0.143416,-0.182000,0.071915,True,0.105127,0.413700,0.097548,0.038289,0.595700,0.025633,3.83,20,-0.161991,0.280058,0.378521,0.000000,0.000000,0.000000,0.002609,0.010467,0.007847,0.034720,-0.141960,-0.007221,-0.061792,-0.035584,0.024160
1781258146151787410,2026-06-12T16:55:46.151802,prediction,0.146249,-0.209000,0.071502,True,0.109634,0.405700,0.096270,0.036615,0.614700,0.024768,4.11,20,-0.161991,0.280058,0.378521,0.000000,0.000000,0.000000,0.000000,0.000000,0.000000,-0.026320,-0.064120,0.008798,-0.063392,-0.035232,0.024384
1781258146185047560,2026-06-12T16:55:46.185068,prediction,0.148242,-0.228000,0.071212,True,0.110369,0.397700,0.093315,0.037873,0.625700,0.022103,3.90,20,-0.161991,0.280058,0.378521,0.000000,0.001744,0.000000,0.000000,0.000000,0.000000,-0.031920,-0.063140,0.009462,-0.062624,-0.034080,0.023552
1781258146216161239,2026-06-12T16:55:46.216179,prediction,0.152229,-0.266000,0.070631,True,0.112831,0.389700,0.089506,0.039397,0.655700,0.018875,3.87,20,-0.161991,0.280058,0.378521,0.000000,0.001744,0.000000,0.000000,0.000000,0.000000,-0.031920,-0.063140,0.009462,-0.062624,-0.034080,0.023552
1781258146252983799,2026-06-12T16:55:46.253000,prediction,0.145305,-0.200000,0.071640,True,0.107204,0.381700,0.087145,0.038101,0.581700,0.015505,4.17,20,-0.161991,0.280058,0.378521,0.000000,0.001744,0.000000,0.000000,0.000000,0.000000,-0.031920,-0.063140,0.009462,-0.062624,-0.034080,0.023552
1781258146294700999,2026-06-12T16:55:46.294713,prediction,0.143416,-0.182000,0.071915,True,0.103142,0.373700,0.087803,0.040274,0.555700,0.015888,3.72,20,-0.161991,0.280058,0.378521,0.000000,0.001744,0.000000,0.000000,0.000000,0.000000,-0.031920,-0.063140,0.009462,-0.062624,-0.034080,0.023552
1781258146330779678,2026-06-12T16:55:46.330795,prediction,0.148242,-0.228000,0.075143,True,0.105955,0.365700,0.088659,0.042287,0.593700,0.013515,3.99,20,-0.161991,0.280058,0.378521,0.000000,0.001744,0.000000,0.000000,0.000000,0.000000,-0.031920,-0.063140,0.009462,-0.062624,-0.034080,0.023552
1781258146359777654,2026-06-12T16:55:46.359803,prediction,0.144360,-0.191000,0.075648,True,0.097955,0.357700,0.088931,0.046405,0.548700,0.013283,4.28,20,-0.161991,0.280058,0.378521,0.000000,0.001744,0.000000,0.000000,0.000000,0.000000,-0.031920,-0.063140,0.009462,-0.062624,-0.034080,0.023552
1781258146397109016,2026-06-12T16:55:46.397135,prediction,0.142472,-0.173000,0.075894,True,0.090858,0.349700,0.090791,0.051614,0.522700,0.014897,4.16,20,-0.161991,0.280058,0.378521,0.000000,0.001744,0.000000,0.000000,0.000000,0.000000,-0.031920,-0.063140,0.009462,-0.062624,-0.034080,0.023552
1781258146423711182,2026-06-12T16:55:46.423729,prediction,0.149186,-0.237000,0.075021,True,0.091559,0.341700,0.092611,0.057627,0.578700,0.017591,3.75,20,-0.161991,0.280058,0.378521,0.000000,0.000000,0.000000,0.000000,0.000000,0.000000,-0.037800,-0.062580,0.012948,-0.062240,-0.033792,0.022880
1781258146450684028,2026-06-12T16:55:46.450698,prediction,0.147298,-0.219000,0.079183,True,0.086707,0.333700,0.094957,0.060591,0.552700,0.015774,4.11,20,-0.161991,0.280058,0.378521,0.000000,0.000000,0.000000,0.000000,0.000000,0.000000,-0.074340,-0.072520,0.035275,-0.055488,-0.025888,0.017536
1781258146486402521,2026-06-12T16:55:46.486419,prediction,0.141528,-0.164000,0.079843,True,0.081671,0.325700,0.095750,0.059857,0.489700,0.015907,4.21,20,-0.161991,0.280058,0.378521,0.000000,0.000000,0.000000,0.000000,0.000000,0.000000,-0.072800,-0.074340,0.038512,-0.054272,-0.024224,0.016160
1781258146517646979,2026-06-12T16:55:46.517678,prediction,0.144360,-0.191000,0.079519,True,0.081731,0.317700,0.096082,0.062629,0.508700,0.016563,4.40,20,-0.161991,0.280058,0.378521,0.000000,0.000000,0.000000,0.000000,0.000000,0.000000,-0.072800,-0.074340,0.038512,-0.054272,-0.024224,0.016160
1781258146554345192,2026-06-12T16:55:46.554365,prediction,0.145305,-0.200000,0.083297,True,0.084442,0.309700,0.096508,0.060863,0.509700,0.013211,4.27,20,-0.160695,0.281354,0.379817,0.000000,0.000000,0.000000,0.000000,0.000000,0.000000,-0.072800,-0.074340,0.038512,-0.054272,-0.024224,0.016160
1781258146588322424,2026-06-12T16:55:46.588342,prediction,0.150236,-0.247000,0.082810,True,0.087600,0.301700,0.095869,0.062636,0.548700,0.013059,4.00,20,-0.160695,0.281354,0.379817,0.000000,0.000000,0.000000,0.000000,0.000000,0.000000,-0.072800,-0.074340,0.038512,-0.054272,-0.024224,0.016160
1781258146617882053,2026-06-12T16:55:46.617901,prediction,0.147298,-0.219000,0.083100,True,0.083539,0.293700,0.094903,0.063759,0.512700,0.011803,4.22,20,-0.158788,0.284764,0.381338,0.000000,0.000000,0.000000,0.000000,0.000000,0.000000,-0.072800,-0.074340,0.038512,-0.054272,-0.024224,0.016160
1781258146650269678,2026-06-12T16:55:46.650290,prediction,0.152229,-0.266000,0.082613,True,0.081277,0.285700,0.095742,0.070952,0.551700,0.013129,3.94,20,-0.158788,0.284764,0.381338,0.000000,0.000000,0.000000,0.000000,0.000000,0.000000,-0.072800,-0.074340,0.038512,-0.054272,-0.024224,0.016160
1781258146685298154,2026-06-12T16:55:46.685317,prediction,0.140688,-0.156000,0.083752,True,0.077159,0.277700,0.098522,0.063529,0.433700,0.014769,3.91,20,-0.156936,0.290368,0.382695,0.000000,0.000000,0.000000,0.000000,0.000000,0.000000,-0.072800,-0.074340,0.038512,-0.054272,-0.024224,0.016160
1781258146717524998,2026-06-12T16:55:46.717544,prediction,0.147718,-0.223000,0.083058,True,0.075271,0.269700,0.101575,0.072447,0.492700,0.018517,4.13,20,-0.156936,0.290368,0.382695,0.000000,0.000000,0.000000,0.000000,0.000000,0.000000,-0.069720,-0.087360,0.060258,-0.047872,-0.017920,0.011584
1781258146752239643,2026-06-12T16:55:46.752255,prediction,0.153173,-0.275000,0.082520,True,0.074851,0.261700,0.103258,0.078322,0.536700,0.020738,4.40,20,-0.155293,0.298185,0.383805,0.000000,0.000000,0.000000,0.000000,0.000000,0.000000,-0.066920,-0.088900,0.061586,-0.046976,-0.017760,0.012096
1781258146786060695,2026-06-12T16:55:46.786077,prediction,0.149186,-0.237000,0.082913,True,0.073718,0.253700,0.104201,0.075468,0.490700,0.021288,3.84,20,-0.155293,0.298185,0.383805,0.000000,0.000000,0.000000,0.000000,0.000000,0.000000,-0.066920,-0.088900,0.061586,-0.046976,-0.017760,0.012096
1781258146818014657,2026-06-12T16:55:46.818033,prediction,0.148242,-0.228000,0.086938,True,0.072623,0.245700,0.107352,0.075619,0.473700,0.020414,4.13,20,-0.154070,0.308086,0.384539,0.000000,0.000000,0.000000,0.000000,0.000000,0.000000,-0.066920,-0.088900,0.061586,-0.046976,-0.017760,0.012096
1781258146851036018,2026-06-12T16:55:46.851056,prediction,0.146249,-0.209000,0.087104,True,0.071624,0.237700,0.109455,0.074625,0.446700,0.022351,4.51,20,-0.154070,0.308086,0.384539,0.000000,0.000000,0.000000,0.000000,0.000000,0.000000,-0.065660,-0.087640,0.060922,-0.046528,-0.016992,0.010592
1781258146885083477,2026-06-12T16:55:46.885103,prediction,0.153173,-0.275000,0.086529,True,0.077971,0.229700,0.109090,0.075202,0.504700,0.022562,4.03,20,-0.152911,0.317978,0.385239,0.000000,0.000000,0.000000,0.000000,0.000000,0.000000,-0.065660,-0.087640,0.060922,-0.046528,-0.016992,0.010592
1781258146923211532,2026-06-12T16:55:46.923229,prediction,0.152229,-0.266000,0.086607,True,0.076823,0.221700,0.107851,0.075406,0.487700,0.021244,4.01,20,-0.152911,0.317978,0.385239,0.000000,0.000000,0.000000,0.000000,0.000000,0.000000,-0.065660,-0.087640,0.060922,-0.046528,-0.016992,0.010592
1781258146956635445,2026-06-12T16:55:46.956666,prediction,0.149186,-0.237000,0.086860,True,0.075295,0.213700,0.107633,0.073891,0.450700,0.020773,4.36,20,-0.151676,0.327897,0.386007,0.000000,0.000000,0.000000,0.000000,0.000000,0.000000,-0.065660,-0.087640,0.060922,-0.046528,-0.016992,0.010592
1781258146984152464,2026-06-12T16:55:46.984170,prediction,0.150236,-0.247000,0.086773,True,0.074283,0.205700,0.106790,0.075952,0.452700,0.020018,4.26,20,-0.151676,0.327897,0.386007,0.000000,0.000000,0.000000,0.000000,0.000000,0.000000,-0.065660,-0.087640,0.060922,-0.046528,-0.016992,0.010592
1781258147021430069,2026-06-12T16:55:47.021445,prediction,0.155271,-0.295000,0.086354,True,0.080681,0.197700,0.103214,0.074590,0.492700,0.016860,4.05,20,-0.150382,0.337761,0.386828,0.011342,0.001744,0.013086,0.000000,0.021375,0.013517,-0.109060,-0.037800,0.203931,-0.049984,-0.039584,0.032064
1781258147052108443,2026-06-12T16:55:47.052149,prediction,0.155271,-0.295000,0.086354,True,0.079693,0.189700,0.100907,0.075578,0.484700,0.014553,4.06,20,-0.150382,0.337761,0.386828,0.029231,0.004796,0.039265,0.002609,0.048432,0.040573,-0.116480,-0.039340,0.220780,-0.073248,-0.047040,0.034240
1781258147085151527,2026-06-12T16:55:47.085169,prediction,0.151180,-0.256000,0.086694,True,0.077990,0.181700,0.099950,0.073189,0.437700,0.013256,4.40,20,-0.150097,0.347750,0.386627,0.044069,0.007853,0.061518,0.010467,0.075477,0.061949,-0.160160,-0.041440,0.252735,-0.072192,-0.056160,0.036736
1781258147117645920,2026-06-12T16:55:47.117671,prediction,0.150236,-0.247000,0.086773,True,0.080594,0.173700,0.100513,0.069642,0.420700,0.013740,4.25,20,-0.150097,0.347750,0.386627,0.065010,0.007853,0.083333,0.013517,0.102533,0.080716,-0.149380,-0.030660,0.248502,-0.070976,-0.052928,0.042976
1781258147156737408,2026-06-12T16:55:47.156757,prediction,0.146249,-0.209000,0.087104,True,0.082759,0.165700,0.099455,0.063490,0.374700,0.012351,4.02,20,-0.150490,0.357732,0.386359,0.083336,0.013087,0.107772,0.010467,0.121300,0.099482,-0.144760,-0.022820,0.266679,-0.071200,-0.056000,0.047360
1781258147195144447,2026-06-12T16:55:47.195163,prediction,0.147245,-0.218500,0.087021,True,0.087972,0.157700,0.098389,0.059273,0.376200,0.011368,4.15,20,-0.150490,0.357732,0.386359,0.088139,0.014831,0.116932,0.013517,0.129147,0.102091,-0.159880,-0.018480,0.262944,-0.073312,-0.052992,0.046752
1781258147224316345,2026-06-12T16:55:47.224350,prediction,0.144360,-0.191000,0.087261,True,0.086261,0.149700,0.096304,0.058099,0.340700,0.009043,4.54,20,-0.151088,0.367724,0.385951,0.088139,0.014831,0.116932,0.013517,0.129147,0.102091,-0.159880,-0.018480,0.262944,-0.073312,-0.052992,0.046752
1781258147260819486,2026-06-12T16:55:47.260836,prediction,0.147298,-0.219000,0.087017,True,0.087063,0.141700,0.094141,0.060235,0.360700,0.007124,4.22,20,-0.151088,0.367724,0.385951,0.088139,0.014831,0.116932,0.013517,0.129147,0.102091,-0.159880,-0.018480,0.262944,-0.073312,-0.052992,0.046752
1781258147290518928,2026-06-12T16:55:47.290533,prediction,0.144316,-0.228000,0.086938,True,0.085283,0.133700,0.092088,0.059033,0.361700,0.005150,4.28,20,-0.152402,0.377612,0.385056,0.088139,0.014831,0.116932,0.013517,0.129147,0.102091,-0.159880,-0.018480,0.262944,-0.073312,-0.052992,0.046752
1781258147321264513,2026-06-12T16:55:47.321279,prediction,0.141424,-0.200000,0.087182,True,0.080511,0.125700,0.092439,0.060913,0.325700,0.005257,4.82,20,-0.152402,0.377612,0.385056,0.096423,0.020940,0.133951,0.013086,0.137436,0.110391,-0.163240,-0.002100,0.262944,-0.072192,-0.052992,0.044320
1781258147352994808,2026-06-12T16:55:47.353015,prediction,0.143387,-0.219000,0.087017,True,0.084856,0.117700,0.092114,0.058530,0.336700,0.005097,4.74,20,-0.154800,0.385686,0.383422,0.075045,0.097736,0.226451,0.007847,0.132208,0.078096,-0.112840,0.044940,0.277718,-0.069792,-0.051200,0.035456
1781258147384884302,2026-06-12T16:55:47.384899,prediction,0.139565,-0.182000,0.087339,True,0.079798,0.109700,0.091539,0.059767,0.291700,0.004200,3.97,20,-0.154800,0.385686,0.383422,0.075045,0.097736,0.226451,0.007847,0.132208,0.078096,-0.112840,0.044940,0.277718,-0.069792,-0.051200,0.035456
1781258147429281265,2026-06-12T16:55:47.429299,prediction,0.145246,-0.237000,0.090806,True,0.076888,0.101700,0.093430,0.068358,0.338700,0.002624,4.39,20,-0.156464,0.391741,0.382288,0.075045,0.097736,0.226451,0.007847,0.132208,0.078096,-0.112840,0.044940,0.277718,-0.069792,-0.051200,0.035456
1781258147462196033,2026-06-12T16:55:47.462213,prediction,0.140495,-0.191000,0.091131,True,0.073609,0.093700,0.095576,0.066886,0.284700,0.004444,4.15,20,-0.156464,0.391741,0.382288,0.065447,0.109517,0.230377,0.005670,0.123908,0.065010,-0.112140,0.052920,0.288176,-0.071136,-0.050048,0.038240
1781258147491876408,2026-06-12T16:55:47.491889,prediction,0.136880,-0.156000,0.091379,True,0.070263,0.085700,0.098982,0.066617,0.241700,0.007603,3.89,20,-0.157628,0.395660,0.381495,0.065447,0.109517,0.230377,0.005670,0.123908,0.065010,-0.112140,0.052920,0.288176,-0.071136,-0.050048,0.038240
1781258147528931425,2026-06-12T16:55:47.528953,prediction,0.145246,-0.237000,0.090806,True,0.073475,0.077700,0.100326,0.071770,0.314700,0.009520,4.11,20,-0.157628,0.395660,0.381495,0.065447,0.109517,0.230377,0.005670,0.123908,0.065010,-0.112140,0.052920,0.288176,-0.071136,-0.050048,0.038240
1781258147557381787,2026-06-12T16:55:47.557400,prediction,0.139565,-0.182000,0.095051,True,0.070693,0.069700,0.102887,0.068872,0.251700,0.007836,4.26,20,-0.158452,0.397393,0.380933,0.065447,0.109517,0.230377,0.005670,0.123908,0.065010,-0.112140,0.052920,0.288176,-0.071136,-0.050048,0.038240
1781258147590378914,2026-06-12T16:55:47.590400,prediction,0.130430,-0.130000,0.095333,True,0.066641,0.061700,0.106543,0.063789,0.191700,0.011209,4.27,20,-0.158452,0.397393,0.380933,0.030976,0.142243,0.245217,0.000000,0.107772,0.034903,-0.111580,0.017640,0.277884,-0.061664,-0.048544,0.031296
1781258147624282449,2026-06-12T16:55:47.624302,prediction,0.132564,-0.151000,0.095219,True,0.065401,0.053700,0.108870,0.067163,0.204700,0.013651,4.34,20,-0.158052,0.397698,0.381557,0.030976,0.142243,0.245217,0.000000,0.107772,0.034903,-0.111580,0.017640,0.277884,-0.061664,-0.048544,0.031296
1781258147660964886,2026-06-12T16:55:47.660988,prediction,0.131243,-0.138000,0.095290,True,0.064291,0.045700,0.108596,0.066952,0.183700,0.013306,4.35,20,-0.158052,0.397698,0.381557,0.030976,0.142243,0.245217,0.000000,0.107772,0.034903,-0.111580,0.017640,0.277884,-0.061664,-0.048544,0.031296
1781258147690852319,2026-06-12T16:55:47.690870,prediction,0.131243,-0.138000,0.095290,True,0.062867,0.037700,0.109030,0.068376,0.175700,0.013741,4.43,20,-0.155897,0.398644,0.383379,0.030976,0.142243,0.245217,0.000000,0.107772,0.034903,-0.111580,0.017640,0.277884,-0.061664,-0.048544,0.031296
1781258147729160727,2026-06-12T16:55:47.729176,prediction,0.124433,-0.071000,0.095653,True,0.059214,0.031960,0.109635,0.065219,0.102960,0.013982,4.21,20,-0.155897,0.398644,0.383379,0.000000,0.160133,0.247396,0.000000,0.086386,0.000000,-0.007420,0.015400,0.267592,-0.051328,-0.047808,0.020000
1781258147761964339,2026-06-12T16:55:47.761989,prediction,0.128702,-0.113000,0.095425,True,0.057112,0.023960,0.109922,0.071590,0.136960,0.014497,4.49,20,-0.152917,0.401650,0.385308,0.055412,0.179766,0.239976,0.000000,0.059340,0.056721,0.137200,0.002660,0.276141,-0.042912,-0.043200,-0.036192
1781258147800968304,2026-06-12T16:55:47.800988,prediction,0.124027,-0.067000,0.095675,True,0.054495,0.021768,0.108680,0.069532,0.088768,0.013005,4.53,20,-0.152917,0.401650,0.385308,0.067192,0.179766,0.228637,0.000000,0.051482,0.064568,0.134540,-0.018900,0.268754,-0.039296,-0.040640,-0.039424
1781258147835526606,2026-06-12T16:55:47.835546,prediction,0.124433,-0.071000,0.095653,True,0.052483,0.019215,0.109683,0.071951,0.090214,0.014029,4.38,20,-0.149924,0.406895,0.387121,0.070243,0.171475,0.212057,0.000000,0.040142,0.067629,0.125160,-0.039620,0.262197,-0.037184,-0.040960,-0.040576
1781258147868310268,2026-06-12T16:55:47.868333,prediction,0.120368,-0.031000,0.099478,True,0.050060,0.025172,0.114660,0.070308,0.056172,0.015182,6.42,20,-0.149924,0.406895,0.387121,0.070243,0.158819,0.195038,0.000000,0.034903,0.069807,0.139720,-0.027160,0.265517,-0.036864,-0.038752,-0.040576
1781258147899386976,2026-06-12T16:55:47.899407,prediction,0.133266,-0.121000,0.099138,True,0.052943,0.017172,0.116110,0.080322,0.138171,0.016972,5.89,20,-0.146766,0.414355,0.388938,0.071994,0.150097,0.178458,0.000000,0.029665,0.070249,0.112420,-0.037380,0.255557,-0.035840,-0.039584,-0.038624
1781258147935402568,2026-06-12T16:55:47.935423,prediction,0.130684,-0.096000,0.099232,True,0.052492,0.010537,0.116447,0.078192,0.106537,0.017215,6.49,20,-0.146766,0.414355,0.388938,0.060207,0.125661,0.144858,0.000000,0.021375,0.061949,0.120540,-0.094780,0.225428,-0.033280,-0.035680,-0.037344
1781258147966953245,2026-06-12T16:55:47.966974,prediction,0.130092,-0.055000,0.099388,True,0.052012,0.013430,0.116345,0.078080,0.068430,0.016957,5.91,20,-0.143080,0.423516,0.391015,0.060207,0.125661,0.144858,0.000000,0.021375,0.061949,0.120540,-0.094780,0.225428,-0.033280,-0.035680,-0.037344
1781258148006789995,2026-06-12T16:55:48.006816,prediction,0.131771,-0.071000,0.099327,True,0.054087,0.012544,0.115535,0.077684,0.083544,0.016207,6.96,20,-0.139113,0.432281,0.393316,0.060207,0.125661,0.144858,0.000000,0.021375,0.061949,0.120540,-0.094780,0.225428,-0.033280,-0.035680,-0.037344
1781258148057108868,2026-06-12T16:55:48.057131,prediction,0.139744,-0.147000,0.099039,True,0.062087,0.004544,0.111981,0.077657,0.151544,0.012942,5.65,20,-0.139113,0.432281,0.393316,0.060207,0.125661,0.144858,0.000000,0.021375,0.061949,0.120540,-0.094780,0.225428,-0.033280,-0.035680,-0.037344
1781258148102343918,2026-06-12T16:55:48.102367,prediction,0.130431,-0.024000,0.099505,True,0.059756,0.012544,0.110061,0.070675,0.036544,0.010557,5.38,20,-0.134725,0.441060,0.395912,0.057156,0.116063,0.135698,0.000000,0.018756,0.056721,0.110040,-0.100100,0.222357,-0.032672,-0.035680,-0.038400
1781258148138735118,2026-06-12T16:55:48.138757,prediction,0.128726,-0.008000,0.099565,True,0.057550,0.020544,0.110741,0.071176,0.028544,0.011176,6.25,20,-0.130319,0.449479,0.398523,0.057156,0.116063,0.135698,0.000000,0.018756,0.056721,0.110040,-0.100100,0.222357,-0.032672,-0.035680,-0.038400
1781258148174064174,2026-06-12T16:55:48.174087,prediction,0.136292,-0.079000,0.099297,True,0.058601,0.016635,0.110705,0.077691,0.095635,0.011408,4.88,20,-0.130319,0.449479,0.398523,0.057156,0.116063,0.135698,0.000000,0.018756,0.056721,0.110040,-0.100100,0.222357,-0.032672,-0.035680,-0.038400
1781258148211314112,2026-06-12T16:55:48.211335,prediction,0.137251,-0.088000,0.102964,True,0.058331,0.011708,0.110499,0.078920,0.099708,0.007534,4.96,20,-0.125584,0.457838,0.401311,0.001744,0.027925,0.055845,0.000000,0.027045,0.002609,0.069720,-0.140980,0.210986,-0.035136,-0.041920,-0.023264
1781258148248914990,2026-06-12T16:55:48.248934,prediction,0.136292,-0.079000,0.102984,True,0.057923,0.009567,0.111664,0.078369,0.088567,0.008681,5.15,20,-0.125584,0.457838,0.401311,0.088139,0.016576,0.078098,0.000000,0.094675,0.085954,-0.152460,-0.302120,0.255225,-0.042080,-0.050720,0.046144
1781258148283420251,2026-06-12T16:55:48.283436,prediction,0.138103,-0.096000,0.102947,True,0.058198,0.004453,0.112466,0.079905,0.100453,0.009519,4.66,20,-0.120632,0.466054,0.404216,0.094679,0.013087,0.089444,0.000000,0.105152,0.094244,-0.167580,-0.299040,0.255557,-0.042080,-0.048160,0.044320
1781258148322645529,2026-06-12T16:55:48.322667,prediction,0.125529,0.022000,0.103200,True,0.055664,0.012453,0.114922,0.069865,0.009547,0.011722,4.71,20,-0.120632,0.466054,0.404216,0.094679,0.013087,0.089444,0.000000,0.105152,0.094244,-0.167580,-0.299040,0.255557,-0.042080,-0.048160,0.044320
1781258148357826128,2026-06-12T16:55:48.357843,prediction,0.123587,0.007000,0.106713,True,0.053442,0.020453,0.117257,0.070146,0.013453,0.010544,4.57,20,-0.115565,0.474103,0.407229,0.094679,0.013087,0.089444,0.000000,0.105152,0.094244,-0.167580,-0.299040,0.255557,-0.042080,-0.048160,0.044320
1781258148394313943,2026-06-12T16:55:48.394336,prediction,0.122013,0.022000,0.106721,True,0.051156,0.028453,0.118193,0.070857,0.006453,0.011473,4.59,20,-0.115565,0.474103,0.407229,0.102970,0.008285,0.102099,0.000000,0.110391,0.099482,-0.140700,-0.301560,0.261201,-0.042080,-0.052320,0.044800
1781258148431045415,2026-06-12T16:55:48.431062,prediction,0.122748,0.015000,0.110250,True,0.049474,0.036453,0.120588,0.073273,0.021453,0.010338,4.35,20,-0.110447,0.482082,0.410381,0.116063,0.044069,0.195038,0.000000,0.153584,0.116061,-0.149100,-0.060340,0.282532,-0.038528,-0.058944,0.047712
1781258148461202340,2026-06-12T16:55:48.461224,prediction,0.120770,-0.000000,0.110267,True,0.049972,0.044453,0.122251,0.070798,0.044453,0.011985,4.35,20,-0.110447,0.482082,0.410381,0.119552,0.052354,0.213797,0.000000,0.164492,0.121300,-0.161140,-0.065660,0.277884,-0.034784,-0.059232,0.046304
1781258148499575915,2026-06-12T16:55:48.499591,prediction,0.112746,0.044000,0.110216,True,0.046527,0.052453,0.122230,0.066219,0.008453,0.012014,4.14,20,-0.105397,0.490060,0.413566,0.119552,0.052354,0.213797,0.000000,0.164492,0.121300,-0.161140,-0.065660,0.277884,-0.034784,-0.059232,0.046304
1781258148532004885,2026-06-12T16:55:48.532019,prediction,0.108466,0.052000,0.110207,True,0.044915,0.060453,0.123508,0.063551,0.008453,0.013300,4.01,20,-0.105397,0.490060,0.413566,0.119552,0.052354,0.213797,0.000000,0.164492,0.121300,-0.161140,-0.065660,0.277884,-0.034784,-0.059232,0.046304
1781258148562638120,2026-06-12T16:55:48.562662,prediction,0.112966,0.007000,0.110259,True,0.048437,0.065763,0.124310,0.064529,0.058762,0.014051,4.36,20,-0.100468,0.498178,0.416713,0.119552,0.052354,0.213797,0.000000,0.164492,0.121300,-0.161140,-0.065660,0.277884,-0.034784,-0.059232,0.046304
1781258148596566745,2026-06-12T16:55:48.596581,prediction,0.113665,-0.000000,0.113824,True,0.045483,0.068610,0.125975,0.068183,0.068610,0.012151,4.36,20,-0.100468,0.498178,0.416713,0.120859,0.052354,0.217730,0.000000,0.167112,0.121300,-0.137900,-0.072520,0.277054,-0.033504,-0.062176,0.042976
1781258148628110777,2026-06-12T16:55:48.628130,prediction,0.107163,0.030000,0.113740,True,0.041819,0.076610,0.126515,0.065344,0.046610,0.012775,4.01,20,-0.095762,0.506447,0.419792,0.133952,0.048865,0.234310,0.000000,0.191549,0.137436,-0.160580,-0.093800,0.279793,-0.019872,-0.060512,0.047104
1781258148663228695,2026-06-12T16:55:48.663247,prediction,0.100178,0.066000,0.117088,True,0.039949,0.084610,0.131136,0.060229,0.018610,0.014048,4.06,20,-0.095762,0.506447,0.419792,0.135259,0.047120,0.232124,0.000000,0.191549,0.140056,-0.171920,-0.091980,0.283528,-0.018208,-0.061184,0.046080
1781258148695191977,2026-06-12T16:55:48.695212,prediction,0.100178,0.066000,0.120537,True,0.047949,0.092610,0.133665,0.052229,0.026610,0.013128,4.22,20,-0.091253,0.514852,0.422860,0.137004,0.045376,0.232124,0.000000,0.186310,0.134386,-0.155260,-0.107800,0.274481,-0.016384,-0.060064,0.045376
1781258148726973919,2026-06-12T16:55:48.726993,prediction,0.102306,0.044000,0.120670,True,0.050541,0.098888,0.133566,0.051765,0.054888,0.012896,4.57,20,-0.091253,0.514852,0.422860,0.139186,0.045814,0.228637,0.000000,0.180640,0.134817,-0.165200,-0.112420,0.287512,-0.015360,-0.062560,0.046528
1781258148757859715,2026-06-12T16:55:48.757877,prediction,0.099501,0.073000,0.123931,True,0.044333,0.106888,0.135877,0.055169,0.033888,0.011946,4.49,20,-0.087161,0.523418,0.425939,0.138748,0.042756,0.230377,0.000000,0.191107,0.140056,-0.153720,-0.104160,0.282532,-0.013376,-0.062400,0.045600
1781258148787838612,2026-06-12T16:55:48.787860,prediction,0.102306,0.044000,0.124155,True,0.042352,0.110311,0.138842,0.059955,0.066310,0.014687,4.85,20,-0.087161,0.523418,0.425939,0.138748,0.042318,0.230816,0.000000,0.196345,0.142675,-0.176260,-0.111580,0.291994,-0.011744,-0.063392,0.041472
1781258148820088911,2026-06-12T16:55:48.820108,prediction,0.104434,0.022000,0.127846,True,0.046192,0.108648,0.141110,0.058242,0.086648,0.013265,3.99,20,-0.083441,0.532216,0.428983,0.138748,0.041012,0.232563,0.000000,0.196345,0.142675,-0.177940,-0.111160,0.293156,-0.010976,-0.060064,0.041920
1781258148855543513,2026-06-12T16:55:48.855566,prediction,0.102306,0.044000,0.131125,True,0.041415,0.111719,0.143519,0.060891,0.067719,0.012395,4.43,20,-0.083441,0.532216,0.428983,0.138748,0.041012,0.232563,0.000000,0.196345,0.142675,-0.177940,-0.111160,0.293156,-0.010976,-0.060064,0.041920
1781258148892972503,2026-06-12T16:55:48.892990,prediction,0.101532,0.052000,0.131037,True,0.039754,0.115775,0.143779,0.061778,0.063775,0.012742,6.02,20,-0.080157,0.541179,0.431957,0.138748,0.041012,0.232563,0.000000,0.196345,0.142675,-0.177940,-0.111160,0.293156,-0.010976,-0.060064,0.041920
1781258148925881741,2026-06-12T16:55:48.925907,prediction,0.099501,0.073000,0.130805,True,0.042786,0.123220,0.144806,0.056716,0.050220,0.014001,5.71,20,-0.080157,0.541179,0.431957,0.138748,0.041012,0.232563,0.000000,0.196345,0.142675,-0.177940,-0.111160,0.293156,-0.010976,-0.060064,0.041920
1781258148955092011,2026-06-12T16:55:48.955113,prediction,0.107950,0.022000,0.134887,True,0.050786,0.118976,0.146012,0.057164,0.096976,0.011125,4.22,20,-0.077228,0.550223,0.434876,0.133952,0.041012,0.234310,0.000000,0.191107,0.129147,-0.142520,-0.112840,0.295563,-0.007520,-0.059392,0.042752
1781258148988536932,2026-06-12T16:55:48.988558,prediction,0.099501,0.073000,0.134243,True,0.044529,0.125781,0.144463,0.054973,0.052781,0.010220,4.27,20,-0.077228,0.550223,0.434876,0.130895,0.044069,0.239976,0.002609,0.196777,0.132208,-0.146860,-0.104440,0.291247,-0.006464,-0.058112,0.043040
1781258149025110223,2026-06-12T16:55:49.025129,prediction,0.098824,0.080000,0.134154,True,0.039388,0.132625,0.145170,0.059436,0.052625,0.011016,4.15,20,-0.074649,0.559452,0.437801,0.127406,0.045814,0.239544,0.000000,0.191107,0.126970,-0.152180,-0.090440,0.305025,-0.006080,-0.063456,0.042528
1781258149057658071,2026-06-12T16:55:49.057678,prediction,0.094763,0.122000,0.136979,True,0.043329,0.140625,0.150278,0.051434,0.018625,0.013298,4.46,20,-0.074649,0.559452,0.437801,0.122603,0.049303,0.239544,0.003051,0.191549,0.121300,-0.157360,-0.107240,0.303697,-0.006304,-0.058560,0.039296
1781258149087027545,2026-06-12T16:55:49.087040,prediction,0.098824,0.080000,0.137580,True,0.051329,0.144500,0.153339,0.047496,0.064500,0.015760,3.90,20,-0.072301,0.568717,0.440745,0.117808,0.052354,0.241723,0.000000,0.188487,0.116061,-0.137200,-0.107800,0.298136,-0.006304,-0.060224,0.042304
1781258149119870327,2026-06-12T16:55:49.119883,prediction,0.096794,0.101000,0.137279,True,0.044422,0.151800,0.154943,0.052372,0.050800,0.017664,3.80,20,-0.072301,0.568717,0.440745,0.112568,0.055412,0.245649,0.000000,0.188487,0.110391,-0.142520,-0.104440,0.308677,-0.007200,-0.066688,0.040480
1781258149154347007,2026-06-12T16:55:49.154368,prediction,0.093407,0.101000,0.140671,True,0.038455,0.157640,0.158584,0.054952,0.056640,0.017913,4.06,20,-0.070297,0.578080,0.443785,0.108210,0.055849,0.245217,0.000000,0.191549,0.107772,-0.150220,-0.100100,0.319135,-0.007424,-0.063840,0.040352
1781258149186523116,2026-06-12T16:55:49.186542,prediction,0.097400,0.059000,0.141340,True,0.045282,0.153912,0.160116,0.052118,0.094912,0.018776,4.35,20,-0.070297,0.578080,0.443785,0.099481,0.061958,0.250890,0.000000,0.191549,0.099914,-0.131740,-0.115920,0.314819,-0.007808,-0.061664,0.041760
1781258149219701172,2026-06-12T16:55:49.219715,prediction,0.090021,0.101000,0.140671,True,0.038230,0.159330,0.160984,0.051791,0.058329,0.020313,4.29,20,-0.068514,0.587396,0.446861,0.095116,0.063703,0.252630,0.000000,0.188487,0.094675,-0.137900,-0.104720,0.321708,-0.007968,-0.063392,0.038240
1781258149254430818,2026-06-12T16:55:49.254452,prediction,0.086844,0.135000,0.143464,True,0.034618,0.167330,0.165729,0.052227,0.032330,0.022264,4.34,20,-0.068514,0.587396,0.446861,0.085081,0.068498,0.258303,0.000000,0.183259,0.083335,-0.136920,-0.122080,0.303863,-0.010240,-0.064224,0.040032
1781258149291591763,2026-06-12T16:55:49.291608,prediction,0.091329,0.087000,0.144308,True,0.039698,0.167264,0.168248,0.051631,0.080264,0.023940,4.51,20,-0.066751,0.596712,0.450056,0.078534,0.071994,0.263976,0.000000,0.191549,0.078096,-0.106540,-0.113120,0.323949,-0.012192,-0.062336,0.039968
1781258149326336594,2026-06-12T16:55:49.326350,prediction,0.082229,0.149000,0.143218,True,0.032354,0.175264,0.168930,0.049875,0.026264,0.025712,4.64,20,-0.066751,0.596712,0.450056,0.068498,0.078103,0.273144,0.000000,0.193726,0.070249,-0.113400,-0.121800,0.325360,-0.012640,-0.059776,0.035840
1781258149365420415,2026-06-12T16:55:49.365447,prediction,0.075259,0.115000,0.143816,True,0.024935,0.179211,0.171238,0.050324,0.064211,0.027423,4.39,20,-0.065045,0.605986,0.453367,0.062390,0.079847,0.277069,0.000000,0.194157,0.064568,-0.123620,-0.115500,0.323119,-0.012928,-0.065952,0.034016
1781258149397279214,2026-06-12T16:55:49.397295,prediction,0.072914,0.142000,0.143341,True,0.020410,0.187211,0.175033,0.052504,0.045211,0.031692,4.33,20,-0.065045,0.605986,0.453367,0.055412,0.084643,0.280556,0.000000,0.194157,0.056721,-0.101640,-0.112840,0.326854,-0.014144,-0.065952,0.035520
1781258149427245737,2026-06-12T16:55:49.427260,prediction,0.076476,0.101000,0.147453,True,0.025167,0.185969,0.175782,0.051308,0.084969,0.028329,4.40,20,-0.063222,0.615366,0.456817,0.050609,0.088139,0.282742,0.000000,0.194157,0.051482,-0.096040,-0.111160,0.327020,-0.015360,-0.061568,0.037248
1781258149467627120,2026-06-12T16:55:49.467659,prediction,0.071299,0.122000,0.147049,True,0.018394,0.189175,0.175313,0.052906,0.067175,0.028264,4.51,20,-0.063222,0.615366,0.456817,0.047558,0.088570,0.284051,0.000000,0.194157,0.048863,-0.101640,-0.100100,0.340632,-0.016256,-0.060960,0.035584
1781258149500377194,2026-06-12T16:55:49.500398,prediction,0.066861,0.135000,0.146799,True,0.012087,0.194340,0.176108,0.054774,0.059340,0.029309,4.11,20,-0.061419,0.624471,0.460211,0.047558,0.088570,0.284051,0.000000,0.194157,0.048863,-0.101640,-0.100100,0.340632,-0.016256,-0.060960,0.035584
1781258149529937600,2026-06-12T16:55:49.529961,prediction,0.066276,0.142000,0.146665,True,0.015540,0.199872,0.178940,0.050735,0.057872,0.032275,4.33,20,-0.061419,0.624471,0.460211,0.047558,0.088570,0.284051,0.000000,0.194157,0.048863,-0.101640,-0.100100,0.340632,-0.016256,-0.060960,0.035584
1781258149560642005,2026-06-12T16:55:49.560672,prediction,0.060826,0.168000,0.149446,True,0.013441,0.207872,0.179996,0.047385,0.039872,0.030550,4.42,20,-0.059244,0.633516,0.463733,0.047558,0.088570,0.284051,0.000000,0.194157,0.048863,-0.101640,-0.100100,0.340632,-0.016256,-0.060960,0.035584
1781258149590784094,2026-06-12T16:55:49.590805,prediction,0.062957,0.142000,0.149988,True,0.015490,0.209579,0.180522,0.047467,0.067579,0.030533,4.63,20,-0.059244,0.633516,0.463733,0.045814,0.089883,0.286229,0.000000,0.196777,0.048432,-0.094780,-0.114940,0.337727,-0.017152,-0.062400,0.034784
1781258149625034793,2026-06-12T16:55:49.625054,prediction,0.060200,0.135000,0.150134,True,0.008432,0.209915,0.178542,0.051768,0.074915,0.028408,4.37,20,-0.056806,0.642555,0.467289,0.019634,0.099481,0.295397,0.000000,0.194157,0.019198,-0.094500,-0.138180,0.344948,-0.022784,-0.063168,0.031072
1781258149658578571,2026-06-12T16:55:49.658597,prediction,0.054273,0.168000,0.149446,True,0.002490,0.217532,0.176540,0.051784,0.049532,0.027093,4.52,20,-0.056806,0.642555,0.467289,0.017889,0.099919,0.297575,0.000000,0.196345,0.018756,-0.091700,-0.131740,0.344782,-0.023712,-0.063232,0.029568
1781258149695873449,2026-06-12T16:55:49.695892,prediction,0.055296,0.155000,0.153020,True,0.005899,0.221025,0.177960,0.049397,0.066025,0.024941,4.38,20,-0.054082,0.651533,0.470759,0.017889,0.099919,0.297575,0.000000,0.196345,0.018756,-0.091700,-0.131740,0.344782,-0.023712,-0.063232,0.029568
1781258149723639423,2026-06-12T16:55:49.723666,prediction,0.053723,0.175000,0.152570,True,0.003134,0.227820,0.174034,0.050588,0.052820,0.021464,4.27,20,-0.054082,0.651533,0.470759,0.017889,0.099919,0.297575,0.000000,0.196345,0.018756,-0.091700,-0.131740,0.344782,-0.023712,-0.063232,0.029568
1781258149753915611,2026-06-12T16:55:49.753935,prediction,0.051459,0.162000,0.156153,True,0.002008,0.228642,0.174005,0.049451,0.066642,0.017852,4.59,20,-0.051085,0.660461,0.474069,0.017889,0.099919,0.297575,0.000000,0.196345,0.018756,-0.091700,-0.131740,0.344782,-0.023712,-0.063232,0.029568
1781258149786904930,2026-06-12T16:55:49.786924,prediction,0.050997,0.168000,0.156008,True,0.000580,0.232514,0.171155,0.050417,0.064514,0.015147,4.33,20,-0.051085,0.660461,0.474069,0.016576,0.099919,0.299323,0.000000,0.199396,0.013517,-0.090720,-0.122360,0.336150,-0.024768,-0.060896,0.030624
1781258149820834952,2026-06-12T16:55:49.820855,prediction,0.046213,0.188000,0.155525,True,-0.001924,0.239611,0.169593,0.048137,0.051611,0.014068,4.75,20,-0.047834,0.669473,0.477111,0.004796,0.104283,0.310230,0.000000,0.207685,0.007847,-0.070000,-0.158340,0.346691,-0.032288,-0.063456,0.035744
1781258149855970191,2026-06-12T16:55:49.855990,prediction,0.047193,0.175000,0.159108,True,0.001496,0.236122,0.171187,0.045697,0.061122,0.012079,4.10,20,-0.047834,0.669473,0.477111,0.004796,0.101225,0.306736,0.000000,0.207254,0.005228,-0.081480,-0.166740,0.335818,-0.034688,-0.063744,0.035840
1781258149888593829,2026-06-12T16:55:49.888611,prediction,0.044856,0.206000,0.158309,True,-0.005832,0.244122,0.171207,0.050688,0.038122,0.012898,4.24,20,-0.044485,0.678480,0.479811,0.004796,0.099481,0.306736,0.000000,0.204635,0.005228,-0.080500,-0.173880,0.327601,-0.034688,-0.064512,0.035904
1781258149923429677,2026-06-12T16:55:49.923448,prediction,0.046213,0.188000,0.158773,True,-0.009430,0.242928,0.171492,0.055642,0.054928,0.012719,4.18,20,-0.044485,0.678480,0.479811,0.006540,0.096423,0.293650,0.000000,0.194157,0.005228,-0.093520,-0.161700,0.346857,-0.037408,-0.067296,0.035744
1781258149957241172,2026-06-12T16:55:49.957257,prediction,0.046213,0.188000,0.158773,True,-0.014301,0.247942,0.172510,0.060514,0.059942,0.013737,4.10,20,-0.040976,0.687545,0.482166,0.006540,0.096423,0.293650,0.000000,0.194157,0.005228,-0.093520,-0.161700,0.346857,-0.037408,-0.067296,0.035744
1781258149987081426,2026-06-12T16:55:49.987095,prediction,0.044328,0.213000,0.161336,True,-0.017393,0.255942,0.175427,0.061722,0.042942,0.014091,3.89,20,-0.040976,0.687545,0.482166,0.006540,0.096423,0.293650,0.000000,0.194157,0.005228,-0.093520,-0.161700,0.346857,-0.037408,-0.067296,0.035744
1781258150031687494,2026-06-12T16:55:50.031712,prediction,0.043424,0.225000,0.161006,True,-0.013731,0.263942,0.176318,0.057154,0.038942,0.015312,4.27,20,-0.037316,0.696616,0.484241,0.006540,0.096423,0.293650,0.000000,0.194157,0.005228,-0.093520,-0.161700,0.346857,-0.037408,-0.067296,0.035744
1781258150061014020,2026-06-12T16:55:50.061035,prediction,0.042519,0.237000,0.163845,True,-0.010931,0.271450,0.178383,0.053450,0.034450,0.014538,4.32,20,-0.037316,0.696616,0.484241,0.008285,0.096423,0.293650,0.000000,0.193726,0.008289,-0.096040,-0.165200,0.357149,-0.039200,-0.064288,0.035136
1781258150091371266,2026-06-12T16:55:50.091390,prediction,0.042971,0.231000,0.164019,True,-0.007097,0.272920,0.179059,0.050068,0.041920,0.015040,4.29,20,-0.033620,0.705705,0.486039,0.016576,0.099481,0.304557,0.000000,0.210305,0.016137,-0.113680,-0.184940,0.349762,-0.045248,-0.063072,0.032064
1781258150122383487,2026-06-12T16:55:50.122400,prediction,0.038913,0.243000,0.166828,True,-0.013776,0.280920,0.181042,0.052689,0.037920,0.014214,4.31,20,-0.033620,0.705705,0.486039,0.021378,0.099919,0.289724,0.000000,0.199396,0.021807,-0.123340,-0.192500,0.327020,-0.044096,-0.063008,0.032736
1781258150154473006,2026-06-12T16:55:50.154491,prediction,0.039798,0.231000,0.167197,True,-0.012913,0.282310,0.182573,0.052711,0.051310,0.015376,4.72,20,-0.029948,0.714883,0.487645,0.022685,0.099919,0.276631,0.000000,0.204635,0.023995,-0.113680,-0.176260,0.331336,-0.043648,-0.063744,0.032672
1781258150190553600,2026-06-12T16:55:50.190574,prediction,0.034030,0.267000,0.166091,True,-0.018994,0.290310,0.181985,0.053024,0.023310,0.015894,4.16,20,-0.029948,0.714883,0.487645,0.025742,0.102970,0.241723,0.000000,0.210305,0.026614,-0.101920,-0.153720,0.309673,-0.040352,-0.069568,0.035840
1781258150221991841,2026-06-12T16:55:50.222012,prediction,0.034895,0.255000,0.166459,True,-0.018934,0.296258,0.181443,0.053829,0.041258,0.014983,4.01,20,-0.026379,0.724102,0.489138,0.029231,0.102970,0.217291,0.000000,0.212924,0.029665,-0.114380,-0.175700,0.310586,-0.040256,-0.064800,0.034016
1781258150259109637,2026-06-12T16:55:50.259129,prediction,0.031578,0.301000,0.168109,True,-0.023910,0.304258,0.183122,0.055488,0.003258,0.015013,4.32,20,-0.026379,0.724102,0.489138,0.030976,0.102970,0.189365,0.000000,0.199396,0.032284,-0.106260,-0.190960,0.296642,-0.045696,-0.064128,0.033632
1781258150288270363,2026-06-12T16:55:50.288289,prediction,0.033597,0.273000,0.169015,True,-0.025614,0.312258,0.182930,0.059211,0.039258,0.013915,3.88,20,-0.022853,0.733330,0.490583,0.030976,0.096423,0.176710,0.000000,0.178021,0.029665,-0.108780,-0.191800,0.318139,-0.050048,-0.059232,0.033280
1781258150321777478,2026-06-12T16:55:50.321798,prediction,0.028097,0.307000,0.167915,True,-0.030871,0.320258,0.181630,0.058969,0.013258,0.013715,4.34,20,-0.022853,0.733330,0.490583,0.029669,0.088570,0.174963,0.000000,0.156203,0.027045,-0.119280,-0.222180,0.316562,-0.054432,-0.058880,0.034848
1781258150364724397,2026-06-12T16:55:50.364747,prediction,0.029718,0.284000,0.168659,True,-0.033635,0.328258,0.181442,0.063353,0.044258,0.012783,5.49,20,-0.019339,0.742597,0.492034,0.026174,0.080279,0.183692,0.000000,0.143106,0.027045,-0.106540,-0.230860,0.345446,-0.059168,-0.055488,0.033856
1781258150393220348,2026-06-12T16:55:50.393240,prediction,0.028520,0.301000,0.168109,True,-0.035361,0.336258,0.182730,0.063881,0.035258,0.014621,4.17,20,-0.019339,0.742597,0.492034,0.026174,0.071994,0.206384,0.000000,0.123908,0.024426,-0.093520,-0.228340,0.352999,-0.062720,-0.056608,0.030560
1781258150426952168,2026-06-12T16:55:50.426971,prediction,0.028520,0.301000,0.171171,True,-0.035250,0.344258,0.184532,0.063770,0.043258,0.013360,3.81,20,-0.015826,0.751864,0.493442,0.026174,0.071994,0.206384,0.000000,0.123908,0.024426,-0.093520,-0.228340,0.352999,-0.062720,-0.056608,0.030560
1781258150461931591,2026-06-12T16:55:50.461950,prediction,0.025806,0.296000,0.171341,True,-0.033070,0.345062,0.185604,0.058876,0.049061,0.014263,4.03,20,-0.015826,0.751864,0.493442,0.026174,0.071994,0.206384,0.000000,0.123908,0.024426,-0.093520,-0.228340,0.352999,-0.062720,-0.056608,0.030560
1781258150492952546,2026-06-12T16:55:50.492970,prediction,0.025049,0.307000,0.170967,True,-0.035595,0.351934,0.184785,0.060644,0.044934,0.013818,3.93,20,-0.012518,0.761183,0.494835,0.026174,0.071994,0.206384,0.000000,0.123908,0.024426,-0.093520,-0.228340,0.352999,-0.062720,-0.056608,0.030560
1781258150522151165,2026-06-12T16:55:50.522166,prediction,0.025806,0.296000,0.171341,True,-0.031031,0.350562,0.186317,0.056836,0.054562,0.014976,4.17,20,-0.012518,0.761183,0.494835,0.026174,0.071994,0.206384,0.000000,0.123908,0.024426,-0.093520,-0.228340,0.352999,-0.062720,-0.056608,0.030560
1781258150553930498,2026-06-12T16:55:50.553950,prediction,0.022778,0.340000,0.169845,True,-0.035493,0.358562,0.185379,0.058271,0.018562,0.015534,4.40,20,-0.009428,0.770619,0.496172,0.026174,0.071994,0.206384,0.000000,0.123908,0.024426,-0.093520,-0.228340,0.352999,-0.062720,-0.056608,0.030560
1781258150587110162,2026-06-12T16:55:50.587129,prediction,0.024292,0.318000,0.173628,True,-0.036852,0.362239,0.185968,0.061144,0.044239,0.012340,3.97,20,-0.009428,0.770619,0.496172,0.026174,0.071994,0.206384,0.000000,0.123908,0.024426,-0.093520,-0.228340,0.352999,-0.062720,-0.056608,0.030560
1781258150623268486,2026-06-12T16:55:50.623282,prediction,0.022365,0.346000,0.172630,True,-0.041009,0.370239,0.184397,0.063374,0.024239,0.011768,4.03,20,-0.006366,0.780053,0.497423,0.026174,0.071994,0.206384,0.000000,0.123908,0.024426,-0.093520,-0.228340,0.352999,-0.062720,-0.056608,0.030560
1781258150664994773,2026-06-12T16:55:50.665012,prediction,0.022778,0.340000,0.175842,True,-0.043047,0.374425,0.186349,0.065825,0.034425,0.010507,4.30,20,-0.006366,0.780053,0.497423,0.039267,0.127406,0.299323,0.000000,0.158823,0.043193,-0.131040,-0.184100,0.368520,-0.060896,-0.060288,0.035456
1781258150703589309,2026-06-12T16:55:50.703603,prediction,0.023122,0.335000,0.176028,True,-0.041600,0.372736,0.188363,0.064722,0.037735,0.012334,3.93,20,-0.003293,0.789533,0.498556,0.042756,0.132639,0.301063,0.000000,0.167112,0.040142,-0.124180,-0.203980,0.358892,-0.061952,-0.056832,0.035072
1781258150737817560,2026-06-12T16:55:50.737837,prediction,0.023122,0.335000,0.176028,True,-0.042779,0.369068,0.188774,0.065901,0.034068,0.012746,4.61,20,-0.000287,0.798963,0.499650,0.042756,0.132639,0.301063,0.000000,0.167112,0.040142,-0.124180,-0.203980,0.358892,-0.061952,-0.056832,0.035072
1781258150767575674,2026-06-12T16:55:50.767595,prediction,0.020119,0.335000,0.176028,True,-0.040652,0.362805,0.192570,0.060772,0.027805,0.016541,4.44,20,-0.000287,0.798963,0.499650,0.042756,0.132639,0.301063,0.000000,0.167112,0.040142,-0.124180,-0.203980,0.358892,-0.061952,-0.056832,0.035072
1781258150799520956,2026-06-12T16:55:50.799540,prediction,0.019045,0.351000,0.178412,True,-0.041773,0.369615,0.196014,0.060818,0.018615,0.017602,4.20,20,-0.000287,0.798963,0.499650,0.042756,0.132639,0.301063,0.000000,0.167112,0.040142,-0.124180,-0.203980,0.358892,-0.061952,-0.056832,0.035072
1781258150832080541,2026-06-12T16:55:50.832098,prediction,0.015741,0.356000,0.178217,True,-0.038606,0.367989,0.197677,0.054347,0.011989,0.019459,4.00,20,0.002642,0.808502,0.500783,0.042756,0.132639,0.301063,0.000000,0.167112,0.040142,-0.124180,-0.203980,0.358892,-0.061952,-0.056832,0.035072
1781258150865945827,2026-06-12T16:55:50.865961,prediction,0.011431,0.377000,0.177400,True,-0.042318,0.374149,0.196566,0.053748,0.002851,0.019166,4.17,20,0.002642,0.808502,0.500783,0.042318,0.133952,0.301063,0.000000,0.167112,0.043193,-0.111580,-0.205520,0.375326,-0.062720,-0.057664,0.034016
1781258150894568563,2026-06-12T16:55:50.894582,prediction,0.007813,0.388000,0.176972,True,-0.042759,0.382149,0.198007,0.050571,0.005851,0.021035,4.01,20,0.005431,0.818000,0.502048,0.037523,0.147039,0.310661,0.000000,0.161873,0.037523,-0.127400,-0.204820,0.383626,-0.062400,-0.059456,0.034304
1781258150931439461,2026-06-12T16:55:50.931456,prediction,0.006170,0.367000,0.177789,True,-0.038070,0.374149,0.199214,0.044240,0.007149,0.021425,5.92,20,0.005431,0.818000,0.502048,0.037523,0.148352,0.312408,0.000000,0.164051,0.035335,-0.125860,-0.203980,0.373832,-0.061728,-0.055264,0.032576
1781258150962212388,2026-06-12T16:55:50.962230,prediction,0.005867,0.372000,0.180540,True,-0.042465,0.381404,0.199391,0.048332,0.009404,0.018851,4.15,20,0.008092,0.827470,0.503453,0.035778,0.150097,0.312408,0.000000,0.161442,0.034903,-0.128520,-0.202720,0.367275,-0.061440,-0.058176,0.033792
1781258150994843180,2026-06-12T16:55:50.994858,prediction,0.006837,0.356000,0.181190,True,-0.041385,0.379617,0.198559,0.048222,0.023617,0.017369,4.39,20,0.008092,0.827470,0.503453,0.037523,0.153586,0.311977,0.000000,0.164051,0.034903,-0.109060,-0.196140,0.371757,-0.061440,-0.055392,0.033792
1781258151027369935,2026-06-12T16:55:51.027392,prediction,0.005261,0.382000,0.180135,True,-0.045311,0.387617,0.195788,0.050572,0.005617,0.015654,4.37,20,0.010737,0.837035,0.505012,0.037523,0.153586,0.311977,0.000000,0.164051,0.034903,-0.109060,-0.196140,0.371757,-0.061440,-0.055392,0.033792
1781258151055917373,2026-06-12T16:55:51.055940,prediction,0.005564,0.377000,0.183275,True,-0.042011,0.395617,0.196412,0.047575,0.018617,0.013137,4.01,20,0.010737,0.837035,0.505012,0.037523,0.153586,0.311977,0.000000,0.164051,0.034903,-0.109060,-0.196140,0.371757,-0.061440,-0.055392,0.033792
1781258151092315954,2026-06-12T16:55:51.092332,prediction,0.002925,0.372000,0.183486,True,-0.044781,0.394779,0.195077,0.047706,0.022779,0.011591,4.10,20,0.013382,0.846527,0.506645,0.037523,0.153586,0.311977,0.000000,0.164051,0.034903,-0.109060,-0.196140,0.371757,-0.061440,-0.055392,0.033792
1781258151127556895,2026-06-12T16:55:51.127577,prediction,0.001687,0.393000,0.185511,True,-0.047082,0.402779,0.194897,0.048769,0.009779,0.009386,4.33,20,0.013382,0.846527,0.506645,0.036209,0.157075,0.314156,0.000000,0.166670,0.034903,-0.111580,-0.189000,0.374662,-0.060896,-0.061568,0.032448
1781258151167657693,2026-06-12T16:55:51.167681,prediction,0.001392,0.398000,0.185292,True,-0.042184,0.410779,0.195019,0.043576,0.012779,0.009728,4.36,20,0.015982,0.856045,0.508355,0.030976,0.192853,0.346008,0.000000,0.210305,0.032715,-0.096600,-0.210980,0.391013,-0.058048,-0.065856,0.033568
1781258151201170353,2026-06-12T16:55:51.201188,prediction,-0.001794,0.403000,0.187967,True,-0.041295,0.417411,0.197266,0.039501,0.014411,0.009299,3.83,20,0.015982,0.856045,0.508355,0.026174,0.189364,0.345569,0.000000,0.199396,0.026614,-0.118020,-0.257180,0.396989,-0.061664,-0.065632,0.030464
1781258151233039613,2026-06-12T16:55:51.233055,prediction,-0.001507,0.398000,0.188195,True,-0.035930,0.412787,0.198369,0.034423,0.014787,0.010174,5.15,20,0.018482,0.865583,0.510098,0.026174,0.182817,0.347755,0.000000,0.194157,0.026614,-0.119840,-0.265860,0.397570,-0.061952,-0.069184,0.030560
1781258151267237861,2026-06-12T16:55:51.267255,prediction,-0.005520,0.418000,0.190155,True,-0.043773,0.420787,0.197185,0.038253,0.002787,0.007030,4.40,20,0.018482,0.865583,0.510098,0.022685,0.168424,0.343829,0.000000,0.172351,0.021375,-0.111580,-0.262500,0.382049,-0.059456,-0.062176,0.032736
1781258151303306222,2026-06-12T16:55:51.303326,prediction,-0.007846,0.408000,0.190626,True,-0.046234,0.428787,0.196655,0.038388,0.020787,0.006028,4.57,20,0.020676,0.875171,0.511904,0.021378,0.153586,0.336409,0.000000,0.156203,0.021375,-0.110320,-0.272720,0.368520,-0.058400,-0.059552,0.033568
1781258151333356628,2026-06-12T16:55:51.333374,prediction,-0.009942,0.393000,0.191334,True,-0.046119,0.426343,0.196980,0.036177,0.033343,0.005647,3.88,20,0.020676,0.875171,0.511904,0.018320,0.145295,0.327249,0.000000,0.140498,0.019198,-0.117180,-0.293440,0.383792,-0.058496,-0.057056,0.032128
1781258151367592398,2026-06-12T16:55:51.367611,prediction,-0.014119,0.418000,0.190155,True,-0.053564,0.434343,0.195537,0.039445,0.016343,0.005382,4.11,20,0.022720,0.884913,0.513574,0.017889,0.140492,0.323316,0.000000,0.140056,0.016137,-0.107800,-0.279580,0.398234,-0.059232,-0.054656,0.031744
1781258151402210793,2026-06-12T16:55:51.402228,prediction,-0.014880,0.433000,0.189448,True,-0.052217,0.442343,0.196011,0.037336,0.009343,0.006563,4.81,20,0.022720,0.884913,0.513574,0.017889,0.140492,0.323316,0.000000,0.140056,0.016137,-0.107800,-0.279580,0.398234,-0.059232,-0.054656,0.031744
1781258151433087949,2026-06-12T16:55:51.433104,prediction,-0.018410,0.447000,0.188788,True,-0.049834,0.448555,0.196215,0.031424,0.001555,0.007427,3.89,20,0.024683,0.894608,0.514954,0.017889,0.140492,0.323316,0.000000,0.140056,0.016137,-0.107800,-0.279580,0.398234,-0.059232,-0.054656,0.031744
1781258151475104456,2026-06-12T16:55:51.475123,prediction,-0.020564,0.433000,0.189448,True,-0.045265,0.440555,0.197782,0.024701,0.007555,0.008335,4.21,20,0.026578,0.904260,0.516020,0.016576,0.137441,0.325502,0.000000,0.131766,0.016137,-0.102200,-0.296940,0.391179,-0.059840,-0.060672,0.034240
1781258151503484711,2026-06-12T16:55:51.503503,prediction,-0.021466,0.452000,0.191366,True,-0.050317,0.448535,0.198866,0.028851,0.003465,0.007500,4.12,20,0.026578,0.904260,0.516020,0.013087,0.155330,0.343829,0.000000,0.170162,0.016137,-0.101360,-0.255080,0.396823,-0.054272,-0.064224,0.034304
1781258151542455310,2026-06-12T16:55:51.542476,prediction,-0.020801,0.438000,0.192049,True,-0.051147,0.447723,0.199605,0.030346,0.009723,0.007556,4.23,20,0.028315,0.914075,0.516888,0.013087,0.155330,0.343829,0.000000,0.170162,0.016137,-0.101360,-0.255080,0.396823,-0.054272,-0.064224,0.034304
1781258151573042515,2026-06-12T16:55:51.573063,prediction,-0.024506,0.457000,0.191122,True,-0.053780,0.455553,0.199359,0.029275,0.001447,0.008237,4.41,20,0.028315,0.914075,0.516888,0.013087,0.155330,0.343829,0.000000,0.170162,0.016137,-0.101360,-0.255080,0.396823,-0.054272,-0.064224,0.034304
1781258151605522460,2026-06-12T16:55:51.605539,prediction,-0.026645,0.442000,0.191854,True,-0.052890,0.448370,0.200677,0.026245,0.006369,0.008823,4.23,20,0.029982,0.923910,0.517691,0.013087,0.155330,0.343829,0.000000,0.170162,0.016137,-0.101360,-0.255080,0.396823,-0.054272,-0.064224,0.034304
1781258151637676053,2026-06-12T16:55:51.637695,prediction,-0.027087,0.452000,0.191366,True,-0.055022,0.449692,0.202225,0.027935,0.002308,0.010859,4.11,20,0.029982,0.923910,0.517691,0.013087,0.155330,0.343829,0.000000,0.170162,0.016137,-0.101360,-0.255080,0.396823,-0.054272,-0.064224,0.034304
1781258151674620885,2026-06-12T16:55:51.674641,prediction,-0.026866,0.447000,0.194433,True,-0.056029,0.454828,0.203193,0.029163,0.007827,0.008760,5.52,20,0.031610,0.933740,0.518555,0.011342,0.171475,0.368261,0.000000,0.199396,0.010467,-0.114380,-0.287280,0.409937,-0.055264,-0.060736,0.030240
1781258151704939321,2026-06-12T16:55:51.704960,prediction,-0.028546,0.485000,0.192516,True,-0.056958,0.462828,0.201593,0.028412,0.022173,0.009077,5.65,20,0.031610,0.933740,0.518555,0.011342,0.169730,0.369570,0.000000,0.199396,0.007847,-0.117740,-0.287000,0.411265,-0.055264,-0.064224,0.033184
1781258151740530312,2026-06-12T16:55:51.740548,prediction,-0.026866,0.447000,0.194433,True,-0.052835,0.470828,0.199960,0.025969,0.023827,0.005528,5.84,20,0.033460,0.943519,0.519484,0.011342,0.169730,0.369570,0.000000,0.199396,0.007847,-0.117740,-0.287000,0.411265,-0.055264,-0.064224,0.033184
1781258151773595903,2026-06-12T16:55:51.773616,prediction,-0.028325,0.480000,0.192768,True,-0.060045,0.478828,0.197021,0.031720,0.001173,0.004252,4.77,20,0.033460,0.943519,0.519484,0.011342,0.169730,0.369570,0.000000,0.199396,0.007847,-0.117740,-0.287000,0.411265,-0.055264,-0.064224,0.033184
1781258151806422193,2026-06-12T16:55:51.806438,prediction,-0.030493,0.466000,0.193475,True,-0.064257,0.485299,0.195943,0.033764,0.019299,0.002468,4.39,20,0.035550,0.953264,0.520265,0.011780,0.171475,0.369570,0.000000,0.199396,0.010467,-0.117460,-0.294140,0.408858,-0.055328,-0.066016,0.031072
1781258151835812916,2026-06-12T16:55:51.835829,prediction,-0.033854,0.480000,0.195537,True,-0.064483,0.493299,0.199301,0.030629,0.013299,0.003765,4.26,20,0.035550,0.953264,0.520265,0.006540,0.176277,0.386589,0.000000,0.212924,0.008289,-0.095060,-0.293860,0.425375,-0.055776,-0.069248,0.030624
1781258151867263226,2026-06-12T16:55:51.867283,prediction,-0.036815,0.485000,0.195276,True,-0.062680,0.492270,0.199754,0.025865,0.007270,0.004478,4.41,20,0.035550,0.953264,0.520265,0.004796,0.178022,0.384841,0.000000,0.210305,0.005228,-0.082040,-0.290080,0.417324,-0.054784,-0.069184,0.032448
1781258151895202847,2026-06-12T16:55:51.895222,prediction,-0.040061,0.498000,0.194599,True,-0.064190,0.499154,0.202041,0.024130,0.001154,0.007441,4.14,20,0.037846,0.962957,0.520899,0.004796,0.178022,0.384841,0.000000,0.210305,0.005228,-0.082040,-0.290080,0.417324,-0.054784,-0.069184,0.032448
1781258151925765002,2026-06-12T16:55:51.925786,prediction,-0.039571,0.485000,0.195276,True,-0.065068,0.496230,0.202955,0.025496,0.011229,0.007678,4.54,20,0.037846,0.962957,0.520899,0.004796,0.178022,0.384841,0.000000,0.210305,0.005228,-0.082040,-0.290080,0.417324,-0.054784,-0.069184,0.032448
1781258151959816087,2026-06-12T16:55:51.959835,prediction,-0.040249,0.503000,0.197070,True,-0.065199,0.504230,0.207608,0.024951,0.001229,0.010538,4.40,20,0.040056,0.972710,0.521632,0.004796,0.178022,0.384841,0.000000,0.210305,0.005228,-0.082040,-0.290080,0.417324,-0.054784,-0.069184,0.032448
1781258151998195022,2026-06-12T16:55:51.998213,prediction,-0.039910,0.494000,0.197553,True,-0.066336,0.505765,0.207150,0.026426,0.011765,0.009597,4.14,20,0.040056,0.972710,0.521632,0.003051,0.176277,0.383094,0.000000,0.207254,0.005670,-0.091980,-0.308980,0.418486,-0.054880,-0.066688,0.031456
1781258152035013005,2026-06-12T16:55:52.035033,prediction,-0.040399,0.507000,0.196855,True,-0.069889,0.512908,0.206717,0.029490,0.005908,0.009862,5.91,20,0.042456,0.982429,0.522544,0.003051,0.176277,0.383094,0.000000,0.207254,0.005670,-0.091980,-0.308980,0.418486,-0.054880,-0.066688,0.031456
1781258152061600433,2026-06-12T16:55:52.061619,prediction,-0.043300,0.512000,0.199302,True,-0.072999,0.516868,0.209743,0.029700,0.004868,0.010441,3.96,20,0.042456,0.982429,0.522544,0.003051,0.176277,0.383094,0.000000,0.207254,0.005670,-0.091980,-0.308980,0.418486,-0.054880,-0.066688,0.031456
1781258152095364047,2026-06-12T16:55:52.095385,prediction,-0.046149,0.516000,0.199081,True,-0.073272,0.517621,0.211124,0.027123,0.001621,0.012044,4.20,20,0.044968,0.991964,0.523558,0.003051,0.176277,0.383094,0.000000,0.207254,0.005670,-0.091980,-0.308980,0.418486,-0.054880,-0.066688,0.031456
1781258152134742572,2026-06-12T16:55:52.134770,prediction,-0.046149,0.516000,0.199081,True,-0.073105,0.516189,0.210461,0.026955,0.000189,0.011381,4.62,20,0.044968,0.991964,0.523558,0.000000,0.186313,0.403600,0.000000,0.215975,0.000000,-0.079660,-0.301000,0.441560,-0.057120,-0.064800,0.025600
1781258152163359474,2026-06-12T16:55:52.163380,prediction,-0.051716,0.521000,0.198804,True,-0.079018,0.517025,0.211791,0.027302,0.003975,0.012987,4.29,20,0.047560,1.001572,0.524656,0.004796,0.202457,0.390514,0.000000,0.221213,0.005670,0.086100,-0.309960,0.414751,-0.054656,-0.068736,-0.022432
1781258152199077945,2026-06-12T16:55:52.199095,prediction,-0.052120,0.534000,0.198084,True,-0.079298,0.525025,0.211051,0.027178,0.008975,0.012967,4.17,20,0.047560,1.001572,0.524656,0.006540,0.204202,0.369570,0.002609,0.218163,0.005670,0.062580,-0.302120,0.409024,-0.050144,-0.063296,-0.028384
1781258152239120856,2026-06-12T16:55:52.239134,prediction,-0.049149,0.525000,0.198582,True,-0.071298,0.523796,0.211427,0.022149,0.001204,0.012845,4.14,20,0.050351,1.011159,0.525826,0.006540,0.203764,0.346008,0.000000,0.210305,0.008289,0.054460,-0.297780,0.393254,-0.049824,-0.065728,-0.027456
1781258152276737972,2026-06-12T16:55:52.276758,prediction,-0.051716,0.521000,0.198804,True,-0.077209,0.522868,0.208793,0.025494,0.001868,0.009989,4.13,20,0.053131,1.020660,0.527084,0.006540,0.208997,0.317643,0.000000,0.218163,0.005228,0.068460,-0.309960,0.389104,-0.047424,-0.069856,-0.029056
1781258152309548311,2026-06-12T16:55:52.309562,prediction,-0.051560,0.516000,0.199081,True,-0.076916,0.516123,0.209823,0.025356,0.000123,0.010742,4.09,20,0.053131,1.020660,0.527084,0.004796,0.207253,0.290155,0.000000,0.226452,0.005670,0.076860,-0.332500,0.399811,-0.047712,-0.069184,-0.029792
1781258152339658045,2026-06-12T16:55:52.339675,prediction,-0.051964,0.529000,0.198361,True,-0.077529,0.524123,0.208117,0.025565,0.004877,0.009756,4.16,20,0.055912,1.030132,0.528673,0.004796,0.207253,0.290155,0.000000,0.226452,0.005670,0.076860,-0.332500,0.399811,-0.047712,-0.069184,-0.029792
1781258152376935171,2026-06-12T16:55:52.376952,prediction,-0.054531,0.525000,0.198582,True,-0.073700,0.525132,0.208128,0.019169,0.000132,0.009546,4.17,20,0.055912,1.030132,0.528673,0.004796,0.207253,0.290155,0.000000,0.226452,0.005670,0.076860,-0.332500,0.399811,-0.047712,-0.069184,-0.029792
1781258152405951045,2026-06-12T16:55:52.405970,prediction,-0.054796,0.534000,0.198084,True,-0.076526,0.533132,0.205599,0.021731,0.000868,0.007515,4.10,20,0.058575,1.038907,0.530304,0.004796,0.207253,0.290155,0.000000,0.226452,0.005670,0.076860,-0.332500,0.399811,-0.047712,-0.069184,-0.029792
1781258152434637069,2026-06-12T16:55:52.434666,prediction,-0.054648,0.529000,0.195673,True,-0.078243,0.537661,0.202205,0.023595,0.008660,0.006532,4.53,20,0.058575,1.038907,0.530304,0.004796,0.207253,0.290155,0.000000,0.226452,0.005670,0.076860,-0.332500,0.399811,-0.047712,-0.069184,-0.029792
1781258152463997409,2026-06-12T16:55:52.464012,prediction,-0.057583,0.538000,0.195190,True,-0.081309,0.545661,0.201067,0.023726,0.007660,0.005877,5.34,20,0.058575,1.038907,0.530304,0.004796,0.204202,0.284051,0.000000,0.229071,0.005670,0.073780,-0.328860,0.393752,-0.048320,-0.072032,-0.028672
1781258152500943742,2026-06-12T16:55:52.500962,prediction,-0.057471,0.534000,0.195404,True,-0.079429,0.548893,0.200834,0.021957,0.014893,0.005430,4.23,20,0.061430,1.047284,0.531081,0.000000,0.130895,0.295397,0.000000,0.147914,0.000000,0.044940,-0.406700,0.436912,-0.072960,-0.060896,-0.023936
1781258152531604023,2026-06-12T16:55:52.531628,prediction,-0.057471,0.534000,0.192725,True,-0.080796,0.551671,0.197143,0.023325,0.017670,0.004418,4.28,20,0.061430,1.047284,0.531081,0.000000,0.125661,0.304996,0.000000,0.134386,0.000000,0.040180,-0.433020,0.431434,-0.072800,-0.054208,-0.021664
1781258152574853951,2026-06-12T16:55:52.574868,prediction,-0.057221,0.525000,0.193193,True,-0.080976,0.547374,0.197189,0.023755,0.022374,0.003996,3.99,20,0.063938,1.055125,0.530924,0.000000,0.109079,0.306736,0.000000,0.107772,0.000000,0.013020,-0.435820,0.421806,-0.066848,-0.053760,-0.012544
1781258152604410738,2026-06-12T16:55:52.604424,prediction,-0.057583,0.538000,0.192516,True,-0.083413,0.555374,0.194781,0.025831,0.017374,0.002265,4.33,20,0.065656,1.061068,0.530262,0.000000,0.109079,0.306736,0.000000,0.107772,0.000000,0.013020,-0.435820,0.421806,-0.066848,-0.053760,-0.012544
1781258152634742922,2026-06-12T16:55:52.634760,prediction,-0.057332,0.529000,0.192985,True,-0.080254,0.556742,0.194451,0.022921,0.027742,0.001466,4.37,20,0.065656,1.061068,0.530262,0.000000,0.109079,0.306736,0.000000,0.107772,0.000000,0.013020,-0.435820,0.421806,-0.066848,-0.053760,-0.012544
1781258152667594592,2026-06-12T16:55:52.667610,prediction,-0.057694,0.542000,0.194975,True,-0.081110,0.564742,0.195169,0.023417,0.022742,0.000194,3.84,20,0.065656,1.061068,0.530262,0.000000,0.109079,0.306736,0.000000,0.107772,0.000000,0.013020,-0.435820,0.421806,-0.066848,-0.053760,-0.012544
1781258152699708265,2026-06-12T16:55:52.699723,prediction,-0.060592,0.551000,0.194491,True,-0.084546,0.572742,0.192918,0.023953,0.021742,0.001573,4.05,20,0.067075,1.066633,0.528454,0.003051,0.114319,0.146606,0.000000,0.129589,0.002609,-0.099820,-0.324520,0.322372,-0.046816,-0.056992,0.023264
1781258152732542356,2026-06-12T16:55:52.732559,prediction,-0.060357,0.542000,0.194975,True,-0.082477,0.569607,0.193966,0.022120,0.027606,0.001009,4.14,20,0.067075,1.066633,0.528454,0.003051,0.122172,0.107772,0.000000,0.134817,0.003051,-0.098140,-0.363860,0.311084,-0.045312,-0.066304,0.024384
1781258152769240552,2026-06-12T16:55:52.769256,prediction,-0.060357,0.542000,0.194975,True,-0.084231,0.566530,0.193625,0.023875,0.024529,0.001350,4.16,20,0.068159,1.073315,0.525886,0.003051,0.129150,0.063265,0.000000,0.142675,0.002609,-0.095760,-0.378420,0.305772,-0.046304,-0.061888,0.025952
1781258152801005757,2026-06-12T16:55:52.801023,prediction,-0.060488,0.547000,0.194706,True,-0.085365,0.568457,0.194805,0.024877,0.021457,0.000099,5.23,20,0.068159,1.073315,0.525886,0.003051,0.132208,0.057592,0.000000,0.153584,0.002609,-0.103180,-0.397320,0.337063,-0.058560,-0.063680,0.026176
1781258152835966163,2026-06-12T16:55:52.835984,prediction,-0.060801,0.559000,0.196700,True,-0.086927,0.576457,0.196832,0.026125,0.017457,0.000132,4.08,20,0.069016,1.078725,0.523930,0.003489,0.141806,0.087266,0.000000,0.164051,0.002609,-0.113680,-0.405720,0.376239,-0.070240,-0.063744,0.028160
1781258152866765767,2026-06-12T16:55:52.866786,prediction,-0.060592,0.551000,0.194491,True,-0.082158,0.571062,0.195912,0.021566,0.020061,0.001421,4.18,20,0.069016,1.078725,0.523930,0.003489,0.143988,0.133951,0.000000,0.169731,0.005228,-0.112420,-0.401380,0.417158,-0.074592,-0.060384,0.028608
1781258152897463178,2026-06-12T16:55:52.897478,prediction,-0.063657,0.568000,0.193578,True,-0.088013,0.578579,0.195654,0.024356,0.010579,0.002076,4.43,20,0.070084,1.084421,0.522197,0.003051,0.147039,0.160130,0.000000,0.172782,0.002609,-0.113960,-0.399560,0.415415,-0.075808,-0.061344,0.029184
1781258152933220621,2026-06-12T16:55:52.933238,prediction,-0.063657,0.568000,0.190954,True,-0.086659,0.578219,0.195643,0.023002,0.010219,0.004688,4.04,20,0.070084,1.084421,0.522197,0.003051,0.147039,0.160130,0.000000,0.172782,0.002609,-0.113960,-0.399560,0.415415,-0.075808,-0.061344,0.029184
1781258152963958511,2026-06-12T16:55:52.963979,prediction,-0.063755,0.572000,0.190746,True,-0.084696,0.581807,0.196379,0.020941,0.009807,0.005633,4.33,20,0.071291,1.090422,0.520716,0.003051,0.147039,0.160130,0.000000,0.172782,0.002609,-0.113960,-0.399560,0.415415,-0.075808,-0.061344,0.029184
1781258152996425143,2026-06-12T16:55:52.996445,prediction,-0.063534,0.563000,0.191215,True,-0.081834,0.573807,0.197177,0.018300,0.010807,0.005962,4.13,20,0.071291,1.090422,0.520716,0.003051,0.147039,0.160130,0.000000,0.172782,0.002609,-0.113960,-0.399560,0.415415,-0.075808,-0.061344,0.029184
1781258153036471551,2026-06-12T16:55:53.036490,prediction,-0.066643,0.584000,0.187523,True,-0.087196,0.581807,0.192404,0.020553,0.002193,0.004880,6.39,20,0.072222,1.097258,0.519680,0.003051,0.147039,0.160130,0.000000,0.172782,0.002609,-0.113960,-0.399560,0.415415,-0.075808,-0.061344,0.029184
1781258153069834142,2026-06-12T16:55:53.069850,prediction,-0.066552,0.580000,0.187725,True,-0.085533,0.583415,0.192124,0.018982,0.003414,0.004399,6.57,20,0.073033,1.102437,0.518912,0.005233,0.150097,0.191543,0.000000,0.172351,0.002609,-0.114380,-0.394240,0.418486,-0.076864,-0.063072,0.029056
1781258153106918258,2026-06-12T16:55:53.106938,prediction,-0.066163,0.563000,0.188583,True,-0.081172,0.575415,0.192614,0.015009,0.012414,0.004031,6.13,20,0.073033,1.102437,0.518912,0.004796,0.127406,0.421928,0.000000,0.145295,0.005228,-0.124180,-0.447300,0.458741,-0.077376,-0.060512,0.030016
1781258153142035128,2026-06-12T16:55:53.142051,prediction,-0.066552,0.580000,0.187725,True,-0.087715,0.579801,0.190084,0.021163,0.000199,0.002359,6.67,20,0.073310,1.107206,0.518341,0.004796,0.114319,0.425422,0.000000,0.132208,0.003051,-0.120260,-0.462140,0.452350,-0.078208,-0.058944,0.032896
1781258153179111105,2026-06-12T16:55:53.179137,prediction,-0.066369,0.572000,0.188129,True,-0.088758,0.580619,0.190436,0.022389,0.008619,0.002308,5.14,20,0.073310,1.107206,0.518341,0.003051,0.107772,0.423675,0.000000,0.126970,0.005228,-0.130760,-0.465220,0.446540,-0.079872,-0.059776,0.032672
1781258153216966899,2026-06-12T16:55:53.216984,prediction,-0.069237,0.584000,0.187523,True,-0.090145,0.580626,0.191379,0.020908,0.003375,0.003856,5.24,20,0.073310,1.107206,0.518341,0.004796,0.101225,0.419749,0.000000,0.118238,0.005228,-0.146300,-0.451640,0.450358,-0.076480,-0.057280,0.032512
1781258153251578136,2026-06-12T16:55:53.251600,prediction,-0.069152,0.580000,0.187725,True,-0.086624,0.574791,0.193578,0.017472,0.005209,0.005852,4.83,20,0.073310,1.107206,0.518341,0.004796,0.102970,0.418002,0.000000,0.116061,0.005670,-0.140700,-0.444780,0.439983,-0.072576,-0.059552,0.031296
1781258153299990830,2026-06-12T16:55:53.300018,prediction,-0.071753,0.580000,0.187725,True,-0.092585,0.569761,0.194508,0.020832,0.010239,0.006783,4.33,20,0.075486,1.114546,0.517326,0.005233,0.116063,0.423675,0.000000,0.137436,0.005228,-0.128940,-0.391160,0.466460,-0.068192,-0.063168,0.031904
1781258153337706388,2026-06-12T16:55:53.337742,prediction,-0.072302,0.608000,0.186313,True,-0.093801,0.577761,0.191952,0.021499,0.030239,0.005639,5.74,20,0.075547,1.113315,0.517616,0.004796,0.129150,0.434582,0.000000,0.153584,0.005228,-0.143780,-0.413420,0.450109,-0.066688,-0.062400,0.031904
1781258153371848572,2026-06-12T16:55:53.371863,prediction,-0.072302,0.608000,0.186313,True,-0.088524,0.585761,0.190587,0.016223,0.022239,0.004274,4.48,20,0.075547,1.113315,0.517616,0.006540,0.152279,0.455527,0.000000,0.185868,0.008289,-0.156240,-0.384300,0.470278,-0.067008,-0.065632,0.030944
1781258153409666749,2026-06-12T16:55:53.409690,prediction,-0.075072,0.620000,0.185708,True,-0.091969,0.592732,0.188773,0.016897,0.027269,0.003065,4.56,20,0.075547,1.113315,0.517616,0.008285,0.171475,0.477780,0.000000,0.207254,0.008289,-0.150220,-0.373800,0.471274,-0.065344,-0.073984,0.033344
1781258153447333250,2026-06-12T16:55:53.447352,prediction,-0.075072,0.620000,0.185708,True,-0.090244,0.596905,0.189559,0.015173,0.023095,0.003851,4.28,20,0.075547,1.113315,0.517616,0.010029,0.199400,0.503521,0.000000,0.245208,0.010898,-0.131740,-0.343700,0.460816,-0.059168,-0.077024,0.032352
1781258153479718751,2026-06-12T16:55:53.479737,prediction,-0.074928,0.612000,0.186111,True,-0.091044,0.599844,0.188425,0.016117,0.012156,0.002314,4.36,20,0.077579,1.117395,0.515561,0.010029,0.216851,0.516614,0.000000,0.269214,0.010898,-0.138880,-0.362320,0.480238,-0.059680,-0.076704,0.031744
1781258153512542560,2026-06-12T16:55:53.512561,prediction,-0.074928,0.612000,0.186111,True,-0.091876,0.602324,0.187706,0.016948,0.009677,0.001594,4.17,20,0.077579,1.117395,0.515561,0.011342,0.235178,0.529707,0.000000,0.288412,0.010898,-0.146860,-0.350280,0.458907,-0.060832,-0.073696,0.033408
1781258153544269217,2026-06-12T16:55:53.544289,prediction,-0.077476,0.612000,0.186111,True,-0.092656,0.599661,0.189925,0.015180,0.012339,0.003813,4.15,20,0.077579,1.117395,0.515561,0.011780,0.238235,0.527960,0.000000,0.288412,0.013517,-0.142800,-0.383460,0.464219,-0.059904,-0.069120,0.032000
1781258153579908899,2026-06-12T16:55:53.579927,prediction,-0.077737,0.628000,0.185304,True,-0.094991,0.607661,0.187977,0.017254,0.020339,0.002673,4.25,20,0.077579,1.117395,0.515561,0.011342,0.235178,0.505707,0.000000,0.269645,0.010898,-0.151200,-0.424900,0.460982,-0.061792,-0.070080,0.033344
1781258153611918908,2026-06-12T16:55:53.611936,prediction,-0.077606,0.620000,0.185708,True,-0.090924,0.612227,0.187595,0.013318,0.007773,0.001887,4.56,20,0.079701,1.123629,0.513703,0.009598,0.231689,0.494361,0.000000,0.261356,0.010898,-0.137900,-0.423360,0.469448,-0.061568,-0.066784,0.031744
1781258153648240588,2026-06-12T16:55:53.648260,prediction,-0.077606,0.620000,0.188246,True,-0.095397,0.618411,0.188268,0.017791,0.001589,0.000022,4.69,20,0.079701,1.123629,0.513703,0.008285,0.223398,0.468620,0.003051,0.242599,0.007847,-0.135380,-0.438620,0.448947,-0.057344,-0.063904,0.034176
1781258153684772474,2026-06-12T16:55:53.684787,prediction,-0.077606,0.620000,0.188246,True,-0.095732,0.619591,0.188522,0.018126,0.000409,0.000276,4.58,20,0.080716,1.126238,0.513695,0.008285,0.218602,0.451601,0.000000,0.226452,0.008289,-0.128940,-0.452480,0.444963,-0.057056,-0.058944,0.034016
1781258153717483946,2026-06-12T16:55:53.717499,prediction,-0.080259,0.628000,0.187830,True,-0.098564,0.627591,0.186352,0.018305,0.000409,0.001477,4.76,20,0.080716,1.126238,0.513695,0.008285,0.218602,0.451601,0.000000,0.226452,0.008289,-0.128940,-0.452480,0.444963,-0.057056,-0.058944,0.034016
1781258153748751157,2026-06-12T16:55:53.748767,prediction,-0.080420,0.639000,0.187257,True,-0.097213,0.635591,0.185867,0.016793,0.003409,0.001389,4.15,20,0.080716,1.126238,0.513695,0.008285,0.218602,0.451601,0.000000,0.226452,0.008289,-0.128940,-0.452480,0.444963,-0.057056,-0.058944,0.034016
1781258153783819364,2026-06-12T16:55:53.783836,prediction,-0.085256,0.624000,0.188038,True,-0.095369,0.630138,0.188565,0.010113,0.006137,0.000527,4.59,20,0.080716,1.126238,0.513695,0.008285,0.218602,0.451601,0.000000,0.226452,0.008289,-0.128940,-0.452480,0.444963,-0.057056,-0.058944,0.034016
1781258153815862592,2026-06-12T16:55:53.815878,prediction,-0.085473,0.643000,0.187048,True,-0.098092,0.638138,0.185790,0.012619,0.004863,0.001259,4.39,20,0.082470,1.135073,0.512858,0.008285,0.214237,0.440694,0.000000,0.215543,0.008289,-0.122080,-0.435120,0.454757,-0.057728,-0.065408,0.033280
1781258153850548647,2026-06-12T16:55:53.850569,prediction,-0.087853,0.631000,0.187673,True,-0.095859,0.640732,0.185927,0.008006,0.009732,0.001747,4.42,20,0.082470,1.135073,0.512858,0.000000,0.202457,0.377421,0.000000,0.172351,0.000000,-0.078400,-0.427420,0.456832,-0.057952,-0.060832,0.022944
1781258153888028590,2026-06-12T16:55:53.888047,prediction,-0.090435,0.639000,0.187257,True,-0.099176,0.648732,0.185274,0.008741,0.009732,0.001982,6.55,20,0.082887,1.141567,0.512030,0.000000,0.202457,0.377421,0.000000,0.172351,0.000000,-0.078400,-0.427420,0.456832,-0.057952,-0.060832,0.022944
1781258153919434395,2026-06-12T16:55:53.919454,prediction,-0.090345,0.628000,0.185304,True,-0.097736,0.643949,0.185303,0.007391,0.015949,0.000001,4.58,20,0.082887,1.141567,0.512030,0.000000,0.202457,0.377421,0.000000,0.172351,0.000000,-0.078400,-0.427420,0.456832,-0.057952,-0.060832,0.022944
1781258153950731288,2026-06-12T16:55:53.950753,prediction,-0.090402,0.635000,0.184951,True,-0.101903,0.644035,0.187057,0.011501,0.009035,0.002106,4.46,20,0.083695,1.148579,0.511418,0.000000,0.202457,0.377421,0.000000,0.172351,0.000000,-0.078400,-0.427420,0.456832,-0.057952,-0.060832,0.022944
1781258153987805365,2026-06-12T16:55:53.987824,prediction,-0.090370,0.631000,0.185153,True,-0.104320,0.646311,0.186537,0.013950,0.015311,0.001384,5.44,20,0.083695,1.148579,0.511418,0.003051,0.212493,0.375681,0.000000,0.194157,0.002609,0.048020,-0.415940,0.447204,-0.055264,-0.062112,-0.022496
1781258154020640802,2026-06-12T16:55:54.020663,prediction,-0.092867,0.628000,0.185304,True,-0.105088,0.639760,0.188214,0.012221,0.011760,0.002910,4.29,20,0.085047,1.155474,0.511003,0.004796,0.215544,0.368261,0.000000,0.207685,0.005228,0.036540,-0.449680,0.458243,-0.054336,-0.064672,-0.022208
1781258154052423268,2026-06-12T16:55:54.052443,prediction,-0.093010,0.650000,0.181706,True,-0.107487,0.647760,0.183711,0.014478,0.002240,0.002006,4.65,20,0.085047,1.155474,0.511003,0.004796,0.217289,0.362588,0.000000,0.220782,0.005228,0.028140,-0.482860,0.449611,-0.054560,-0.066560,-0.023488
1781258154090283831,2026-06-12T16:55:54.090306,prediction,-0.092990,0.647000,0.181852,True,-0.104765,0.649793,0.183548,0.011775,0.002793,0.001696,4.73,20,0.085047,1.155474,0.511003,0.004796,0.208997,0.366083,0.000000,0.218163,0.005228,0.037800,-0.473900,0.457579,-0.061184,-0.065120,-0.025440
1781258154126873076,2026-06-12T16:55:54.126892,prediction,-0.095534,0.658000,0.178840,True,-0.110263,0.652133,0.180432,0.014729,0.005867,0.001593,4.68,20,0.085047,1.155474,0.511003,0.004796,0.202889,0.366083,0.000000,0.210305,0.005228,0.036260,-0.508060,0.474013,-0.066912,-0.063744,-0.026400
1781258154156666124,2026-06-12T16:55:54.156684,prediction,-0.095461,0.643000,0.179547,True,-0.110398,0.644133,0.181594,0.014937,0.001133,0.002048,4.35,20,0.088607,1.167863,0.509923,0.004796,0.192853,0.368261,0.000000,0.204635,0.005228,0.037380,-0.544320,0.468203,-0.067072,-0.057600,-0.026560
1781258154190087697,2026-06-12T16:55:54.190106,prediction,-0.095534,0.658000,0.178840,True,-0.114886,0.647769,0.181356,0.019352,0.010231,0.002517,4.59,20,0.088607,1.167863,0.509923,0.004796,0.184568,0.366083,0.000000,0.199838,0.005670,0.042700,-0.555100,0.461148,-0.067072,-0.059840,-0.027168
1781258154225478182,2026-06-12T16:55:54.225497,prediction,-0.098042,0.669000,0.175863,True,-0.118504,0.655769,0.178369,0.020463,0.013231,0.002506,4.46,20,0.090959,1.173931,0.509059,0.006540,0.150528,0.332483,0.000000,0.164492,0.005228,0.031500,-0.591080,0.444797,-0.067680,-0.054784,-0.028288
1781258154262456652,2026-06-12T16:55:54.262473,prediction,-0.098042,0.669000,0.175863,True,-0.114547,0.653922,0.180540,0.016506,0.015078,0.004677,4.37,20,0.090959,1.173931,0.509059,0.003489,0.119114,0.291902,0.000000,0.129589,0.005228,0.036540,-0.605920,0.445710,-0.068576,-0.045984,-0.027392
1781258154296175144,2026-06-12T16:55:54.296192,prediction,-0.098029,0.665000,0.173581,True,-0.115890,0.646171,0.179168,0.017862,0.018829,0.005588,4.14,20,0.090959,1.173931,0.509059,0.003489,0.094679,0.258303,0.000000,0.094244,0.002609,0.050400,-0.631680,0.418320,-0.069920,-0.045376,-0.028000
1781258154341283978,2026-06-12T16:55:54.341302,prediction,-0.098042,0.669000,0.173405,True,-0.115833,0.649619,0.180495,0.017792,0.019381,0.007090,4.50,20,0.095998,1.181826,0.507085,0.003489,0.094679,0.258303,0.000000,0.094244,0.002609,0.050400,-0.631680,0.418320,-0.069920,-0.045376,-0.028000
1781258154378552330,2026-06-12T16:55:54.378574,prediction,-0.098064,0.676000,0.173098,True,-0.117204,0.657619,0.178974,0.019140,0.018381,0.005876,4.25,20,0.095998,1.181826,0.507085,0.003489,0.094679,0.258303,0.000000,0.094244,0.002609,0.050400,-0.631680,0.418320,-0.069920,-0.045376,-0.028000
1781258154411676131,2026-06-12T16:55:54.411697,prediction,-0.100518,0.683000,0.170356,True,-0.116618,0.664311,0.176850,0.016100,0.018689,0.006494,4.22,20,0.099138,1.184920,0.506025,0.003489,0.094679,0.258303,0.000000,0.094244,0.002609,0.050400,-0.631680,0.418320,-0.069920,-0.045376,-0.028000
1781258154443194243,2026-06-12T16:55:54.443221,prediction,-0.100518,0.683000,0.170356,True,-0.113315,0.659454,0.178984,0.012797,0.023546,0.008628,4.46,20,0.099138,1.184920,0.506025,0.003489,0.094679,0.258303,0.000000,0.094244,0.002609,0.050400,-0.631680,0.418320,-0.069920,-0.045376,-0.028000
1781258154476413871,2026-06-12T16:55:54.476437,prediction,-0.100513,0.680000,0.170483,True,-0.116884,0.665923,0.177410,0.016371,0.014077,0.006928,4.55,20,0.101449,1.185877,0.504989,0.003489,0.083336,0.234310,0.000000,0.083766,0.005670,0.059500,-0.610260,0.420395,-0.069856,-0.044544,-0.028384
1781258154520242510,2026-06-12T16:55:54.520263,prediction,-0.100518,0.683000,0.170356,True,-0.117279,0.673923,0.175712,0.016761,0.009077,0.005356,4.78,20,0.101449,1.185877,0.504989,0.000000,0.000000,0.001740,0.000000,0.000000,0.000000,0.041160,-0.608720,0.359722,-0.061664,-0.039808,-0.023840
1781258154553955833,2026-06-12T16:55:54.553977,prediction,-0.100518,0.683000,0.167921,True,-0.115972,0.681178,0.172207,0.015455,0.001822,0.004286,5.83,20,0.102759,1.188785,0.503743,0.000000,0.000000,0.001740,0.000000,0.000000,0.000000,0.039900,-0.615580,0.358145,-0.061792,-0.039360,-0.023552
1781258154582462743,2026-06-12T16:55:54.582493,prediction,-0.100529,0.690000,0.167637,True,-0.114398,0.686589,0.173163,0.013869,0.003411,0.005525,4.18,20,0.102759,1.188785,0.503743,0.000000,0.000000,0.002178,0.000000,0.000000,0.000000,0.037380,-0.626780,0.356485,-0.061952,-0.037408,-0.022880
1781258154619893363,2026-06-12T16:55:54.619913,prediction,-0.100518,0.683000,0.167921,True,-0.113132,0.687792,0.173489,0.012615,0.004791,0.005568,4.69,20,0.103695,1.192550,0.502138,0.000000,0.000000,0.000000,0.000000,0.000000,0.000000,0.036820,-0.630840,0.353912,-0.062400,-0.036192,-0.022112
1781258154655421849,2026-06-12T16:55:54.655444,prediction,-0.100501,0.672000,0.165915,True,-0.114480,0.684780,0.169758,0.013979,0.012780,0.003843,4.50,20,0.103695,1.192550,0.502138,0.000000,0.000000,0.000000,0.000000,0.003051,0.000000,0.036260,-0.636020,0.353663,-0.062240,-0.035456,-0.020928
1781258154685692323,2026-06-12T16:55:54.685716,prediction,-0.100501,0.672000,0.165915,True,-0.114363,0.682584,0.170452,0.013863,0.010584,0.004537,4.35,20,0.103695,1.192550,0.502138,0.000000,0.000000,0.000000,0.000000,0.000000,0.000000,0.035280,-0.647780,0.351422,-0.062400,-0.034688,-0.019648
1781258154719199436,2026-06-12T16:55:54.719221,prediction,-0.100507,0.676000,0.165759,True,-0.113778,0.690584,0.170381,0.013272,0.014584,0.004622,4.66,20,0.103695,1.192550,0.502138,0.000000,0.000000,0.000000,0.000000,0.000000,0.000000,0.034020,-0.651280,0.352335,-0.062400,-0.033952,-0.019424
1781258154759620565,2026-06-12T16:55:54.759640,prediction,-0.102949,0.680000,0.163164,True,-0.114146,0.691092,0.168076,0.011196,0.011092,0.004912,4.56,20,0.104668,1.202113,0.499378,0.000000,0.000000,0.000000,0.000000,0.000000,0.000000,0.032200,-0.658980,0.349098,-0.062720,-0.032672,-0.018368
1781258154793270135,2026-06-12T16:55:54.793293,prediction,-0.102950,0.669000,0.163574,True,-0.112484,0.686233,0.168321,0.009534,0.017233,0.004747,4.77,20,0.104668,1.202113,0.499378,0.000000,0.000000,0.000000,0.000000,0.000000,0.000000,0.032200,-0.658980,0.349098,-0.062720,-0.032672,-0.018368
1781258154823833219,2026-06-12T16:55:54.823852,prediction,-0.102950,0.669000,0.163574,True,-0.116307,0.685332,0.167319,0.013356,0.016332,0.003745,4.62,20,0.104284,1.206850,0.498032,0.000000,0.000000,0.000000,0.000000,0.000000,0.000000,0.032200,-0.658980,0.349098,-0.062720,-0.032672,-0.018368
1781258154858573526,2026-06-12T16:55:54.858593,prediction,-0.105424,0.658000,0.163984,True,-0.119126,0.680396,0.167770,0.013702,0.022396,0.003786,4.45,20,0.104284,1.206850,0.498032,0.000000,0.000000,0.000000,0.000000,0.000000,0.000000,0.032200,-0.658980,0.349098,-0.062720,-0.032672,-0.018368
1781258154894728082,2026-06-12T16:55:54.894741,prediction,-0.105405,0.669000,0.161116,True,-0.119083,0.688396,0.164039,0.013678,0.019396,0.002923,4.68,20,0.104468,1.211487,0.496408,0.000000,0.000000,0.000000,0.000000,0.000000,0.000000,0.029400,-0.661780,0.347853,-0.062720,-0.031904,-0.018048
1781258154928746936,2026-06-12T16:55:54.928774,prediction,-0.105393,0.676000,0.160866,True,-0.117562,0.691633,0.163898,0.012170,0.015633,0.003032,4.64,20,0.104468,1.211487,0.496408,0.001744,0.000000,0.000000,0.000000,0.000000,0.000000,0.025340,-0.692160,0.341794,-0.063296,-0.027232,-0.015936
1781258154962104709,2026-06-12T16:55:54.962119,prediction,-0.105412,0.665000,0.161258,True,-0.114683,0.683633,0.165390,0.009271,0.018633,0.004132,4.17,20,0.104657,1.216005,0.494566,0.001744,0.000000,0.000000,0.000000,0.000000,0.000000,0.025340,-0.692160,0.341794,-0.063296,-0.027232,-0.015936
1781258154991267618,2026-06-12T16:55:54.991282,prediction,-0.105412,0.665000,0.161258,True,-0.118369,0.680921,0.163424,0.012957,0.015920,0.002166,4.07,20,0.104657,1.216005,0.494566,0.001744,0.000000,0.000000,0.000000,0.000000,0.000000,0.025340,-0.692160,0.341794,-0.063296,-0.027232,-0.015936
1781258155026828082,2026-06-12T16:55:55.026844,prediction,-0.105419,0.661000,0.158930,True,-0.117647,0.677337,0.160914,0.012228,0.016337,0.001983,4.74,20,0.104869,1.219903,0.492515,0.001744,0.000000,0.000000,0.000000,0.000000,0.000000,0.025340,-0.692160,0.341794,-0.063296,-0.027232,-0.015936
1781258155062222274,2026-06-12T16:55:55.062241,prediction,-0.105405,0.669000,0.158658,True,-0.116942,0.682510,0.160965,0.011537,0.013510,0.002307,4.41,20,0.104869,1.219903,0.492515,0.001744,0.000000,0.000000,0.000000,0.000000,0.000000,0.025340,-0.692160,0.341794,-0.063296,-0.027232,-0.015936
1781258155099224795,2026-06-12T16:55:55.099242,prediction,-0.105412,0.665000,0.158794,True,-0.114018,0.676869,0.163058,0.008606,0.011869,0.004263,4.18,20,0.104987,1.222129,0.490171,0.000000,0.000000,0.000000,0.000000,0.000000,0.002609,0.018900,-0.722820,0.333245,-0.063904,-0.021376,-0.013984
1781258155130945231,2026-06-12T16:55:55.130965,prediction,-0.105400,0.672000,0.158556,True,-0.115649,0.675932,0.161985,0.010249,0.003932,0.003429,4.26,20,0.104987,1.222129,0.490171,0.000000,0.000000,0.000000,0.000000,0.000000,0.002609,0.009800,-0.726880,0.333245,-0.063904,-0.019712,-0.011648
1781258155169069573,2026-06-12T16:55:55.169089,prediction,-0.105400,0.672000,0.158556,True,-0.115750,0.675254,0.161180,0.010350,0.003254,0.002624,4.32,20,0.105142,1.222189,0.488296,0.000000,0.000000,0.000000,0.000000,0.000000,0.000000,0.014840,-0.734020,0.330340,-0.064224,-0.018432,-0.012480
1781258155200686777,2026-06-12T16:55:55.200704,prediction,-0.105405,0.669000,0.156200,True,-0.113174,0.670172,0.160062,0.007769,0.001172,0.003861,4.09,20,0.105142,1.222189,0.488296,0.000000,0.000000,0.000000,0.000000,0.000000,0.000000,0.011760,-0.735560,0.329759,-0.064224,-0.018880,-0.012416
1781258155229312155,2026-06-12T16:55:55.229348,prediction,-0.107849,0.672000,0.156103,True,-0.105650,0.668600,0.158918,0.002199,0.003400,0.002815,0.00,20,0.105243,1.220575,0.487890,0.000000,0.000000,0.000000,0.000000,0.000000,0.000000,0.011760,-0.735560,0.329759,-0.064224,-0.018880,-0.012416
1781258155260901416,2026-06-12T16:55:55.260928,prediction,-0.107873,0.665000,0.156330,True,-0.105650,0.668600,0.158918,0.002222,0.003600,0.002588,0.00,20,0.105243,1.220575,0.487890,0.000000,0.000000,0.000000,0.000000,0.000000,0.000000,0.011760,-0.735560,0.329759,-0.064224,-0.018880,-0.012416
1781258155299204691,2026-06-12T16:55:55.299231,prediction,-0.105412,0.665000,0.156330,True,-0.105650,0.668600,0.158918,0.000239,0.003600,0.002588,0.00,20,0.105243,1.220575,0.487890,0.000000,0.000000,0.000000,0.000000,0.000000,0.000000,0.011760,-0.735560,0.329759,-0.064224,-0.018880,-0.012416
1781258155334197151,2026-06-12T16:55:55.334217,prediction,-0.107873,0.665000,0.156330,True,-0.105650,0.668600,0.158918,0.002222,0.003600,0.002588,0.00,20,0.105243,1.220575,0.487890,0.000000,0.000000,0.000000,0.000000,0.000000,0.000000,0.011760,-0.735560,0.329759,-0.064224,-0.018880,-0.012416
1781258155366200272,2026-06-12T16:55:55.366220,prediction,-0.107812,0.683000,0.155747,True,-0.105650,0.668600,0.158918,0.002162,0.014400,0.003171,0.00,20,0.102946,1.214199,0.485461,0.000000,0.000000,0.000000,0.000000,0.000000,0.000000,0.011760,-0.735560,0.329759,-0.064224,-0.018880,-0.012416
1781258155398758453,2026-06-12T16:55:55.398782,prediction,-0.107859,0.669000,0.156200,True,-0.105650,0.668600,0.158918,0.002209,0.000400,0.002718,0.00,20,0.102946,1.214199,0.485461,0.000000,0.000000,0.000000,0.000000,0.000000,0.000000,0.011760,-0.735560,0.329759,-0.064224,-0.018880,-0.012416
1781258155436570323,2026-06-12T16:55:55.436588,prediction,-0.107836,0.676000,0.155974,True,-0.105650,0.668600,0.158918,0.002185,0.007400,0.002944,0.00,20,0.100540,1.211914,0.484381,0.000000,0.000000,0.000000,0.000000,0.000000,0.000000,0.011760,-0.735560,0.329759,-0.064224,-0.018880,-0.012416
1781258155466072699,2026-06-12T16:55:55.466090,prediction,-0.107859,0.669000,0.153742,True,-0.105650,0.668600,0.158918,0.002209,0.000400,0.005176,0.00,20,0.100540,1.211914,0.484381,0.000000,0.000000,0.000000,0.000000,0.000000,0.000000,0.011760,-0.735560,0.329759,-0.064224,-0.018880,-0.012416
1781258155502914626,2026-06-12T16:55:55.502930,prediction,-0.107822,0.680000,0.153404,True,-0.105650,0.668600,0.158918,0.002172,0.011400,0.005514,0.00,20,0.099295,1.208997,0.483638,0.000000,0.000000,0.000000,0.000000,0.000000,0.000000,0.011760,-0.735560,0.329759,-0.064224,-0.018880,-0.012416
1781258155532362771,2026-06-12T16:55:55.532385,prediction,-0.107836,0.676000,0.153527,True,-0.105650,0.668600,0.158918,0.002185,0.007400,0.005391,0.00,20,0.099295,1.208997,0.483638,0.000000,0.000000,0.000000,0.000000,0.000000,0.000000,0.011760,-0.735560,0.329759,-0.064224,-0.018880,-0.012416
1781258155568190086,2026-06-12T16:55:55.568208,prediction,-0.107873,0.665000,0.153865,True,-0.105650,0.668600,0.158918,0.002222,0.003600,0.005053,0.00,20,0.097213,1.207195,0.483273,0.000000,0.000000,0.000000,0.000000,0.000000,0.000000,0.011760,-0.735560,0.329759,-0.064224,-0.018880,-0.012416
1781258155602549203,2026-06-12T16:55:55.602569,prediction,-0.107849,0.672000,0.153650,True,-0.105650,0.668600,0.158918,0.002199,0.003400,0.005268,0.00,20,0.097139,1.206274,0.483238,0.000000,0.000000,0.000000,0.000000,0.002609,0.000000,0.003080,-0.779240,0.311748,-0.065568,-0.013088,-0.009184
1781258155638399687,2026-06-12T16:55:55.638417,prediction,-0.107849,0.672000,0.153650,True,-0.105650,0.668600,0.158918,0.002199,0.003400,0.005268,0.00,20,0.097139,1.206274,0.483238,0.000000,0.000000,0.000000,0.000000,0.000000,0.000000,0.001120,-0.783860,0.309839,-0.065568,-0.014656,-0.009632
1781258155668068415,2026-06-12T16:55:55.668091,prediction,-0.107836,0.676000,0.153527,True,-0.105650,0.668600,0.158918,0.002185,0.007400,0.005391,0.00,20,0.097139,1.206274,0.483238,0.000000,0.001307,0.000000,0.000000,0.000000,0.000000,0.000000,-0.783020,0.308843,-0.065568,-0.014368,-0.009984
1781258155696944810,2026-06-12T16:55:55.696965,prediction,-0.107812,0.683000,0.153312,True,-0.105650,0.668600,0.158918,0.002162,0.014400,0.005606,0.00,20,0.097139,1.206274,0.483238,0.000000,0.000000,0.000000,0.000000,0.000000,0.000000,0.000000,-0.784280,0.308511,-0.065728,-0.014592,-0.009920
1781258155726159877,2026-06-12T16:55:55.726181,prediction,-0.107836,0.676000,0.153527,True,-0.105650,0.668600,0.158918,0.002185,0.007400,0.005391,0.00,20,0.097139,1.206274,0.483238,0.000000,0.000000,0.000000,0.000000,0.000000,0.000000,-0.000840,-0.786660,0.306602,-0.065856,-0.014144,-0.010528
1781258155765458829,2026-06-12T16:55:55.765474,prediction,-0.107822,0.680000,0.153404,True,-0.105650,0.668600,0.158918,0.002172,0.011400,0.005514,0.00,20,0.092842,1.203338,0.481982,0.000000,0.000000,0.000000,0.000000,0.000000,0.000000,-0.000840,-0.786660,0.306602,-0.065856,-0.014144,-0.010528
1781258155797713893,2026-06-12T16:55:55.797743,prediction,-0.107849,0.672000,0.153650,True,-0.105650,0.668600,0.158918,0.002199,0.003400,0.005268,0.00,20,0.092842,1.203338,0.481982,0.000000,0.000000,0.000000,0.000000,0.000000,0.000000,-0.000840,-0.786660,0.306602,-0.065856,-0.014144,-0.010528
1781258155826676436,2026-06-12T16:55:55.826692,prediction,-0.107812,0.683000,0.153312,True,-0.105650,0.668600,0.158918,0.002162,0.014400,0.005606,0.00,20,0.092842,1.203338,0.481982,0.000000,0.000000,0.000000,0.000000,0.000000,0.000000,-0.000840,-0.786660,0.306602,-0.065856,-0.014144,-0.010528
1781258155854794550,2026-06-12T16:55:55.854808,prediction,-0.107822,0.680000,0.153404,True,-0.105650,0.668600,0.158918,0.002172,0.011400,0.005514,0.00,20,0.092842,1.203338,0.481982,0.000000,0.000000,0.000000,0.000000,0.000000,0.000000,-0.000840,-0.786660,0.306602,-0.065856,-0.014144,-0.010528
1781258155889622728,2026-06-12T16:55:55.889638,prediction,-0.107849,0.672000,0.153650,True,-0.105650,0.668600,0.158918,0.002199,0.003400,0.005268,0.00,20,0.094839,1.204658,0.482566,0.000000,0.000000,0.000000,0.000000,0.000000,0.000000,-0.000840,-0.786660,0.306602,-0.065856,-0.014144,-0.010528
1781258155922995708,2026-06-12T16:55:55.923015,prediction,-0.107836,0.676000,0.153527,True,-0.105650,0.668600,0.158918,0.002185,0.007400,0.005391,0.00,20,0.094839,1.204658,0.482566,0.000000,0.000000,0.000000,0.000000,0.000000,0.000000,-0.002380,-0.793240,0.300875,-0.066464,-0.013696,-0.009920
1781258155953892295,2026-06-12T16:55:55.953913,prediction,-0.107849,0.672000,0.153650,True,-0.105650,0.668600,0.158918,0.002199,0.003400,0.005268,0.00,20,0.094839,1.204658,0.482566,0.000000,0.000000,0.000000,0.000000,0.002609,0.000000,-0.002380,-0.793800,0.299879,-0.066464,-0.013472,-0.009632
1781258155992148502,2026-06-12T16:55:55.992176,prediction,-0.107812,0.683000,0.153312,True,-0.105650,0.668600,0.158918,0.002162,0.014400,0.005606,0.00,20,0.094839,1.204658,0.482566,0.000000,0.000000,0.000000,0.000000,0.002609,0.000000,-0.003360,-0.794500,0.299215,-0.066912,-0.013472,-0.009920
1781258156021109850,2026-06-12T16:55:56.021126,prediction,-0.107836,0.676000,0.151081,True,-0.105650,0.668600,0.158918,0.002185,0.007400,0.007837,0.00,20,0.094839,1.204658,0.482566,0.000000,0.000000,0.000000,0.000000,0.000000,0.000000,-0.003920,-0.795340,0.298302,-0.066624,-0.013472,-0.009632
1781258156052144801,2026-06-12T16:55:56.052167,prediction,-0.105381,0.683000,0.153312,True,-0.105650,0.668600,0.158918,0.000270,0.014400,0.005606,0.00,20,0.094839,1.204658,0.482566,0.000000,0.000000,0.000000,0.000000,0.000000,0.000000,-0.003920,-0.795340,0.298302,-0.066624,-0.013472,-0.009632
1781258156089588229,2026-06-12T16:55:56.089607,prediction,-0.105386,0.680000,0.150965,True,-0.105650,0.668600,0.158918,0.000265,0.011400,0.007953,0.00,20,0.094839,1.204658,0.482566,0.000000,0.000000,0.000000,0.000000,0.000000,0.000000,-0.003920,-0.795340,0.298302,-0.066624,-0.013472,-0.009632
1781258156119297440,2026-06-12T16:55:56.119311,prediction,-0.105400,0.672000,0.151197,True,-0.105650,0.668600,0.158918,0.000251,0.003400,0.007721,0.00,20,0.094839,1.204658,0.482566,0.000000,0.000000,0.000000,0.000000,0.000000,0.000000,-0.003920,-0.795340,0.298302,-0.066624,-0.013472,-0.009632
1781258156152566241,2026-06-12T16:55:56.152578,prediction,-0.105405,0.669000,0.151284,True,-0.105650,0.668600,0.158918,0.000246,0.000400,0.007634,0.00,20,0.094839,1.204658,0.482566,0.000000,0.000000,0.000000,0.000000,0.000000,0.000000,-0.003920,-0.795340,0.298302,-0.066624,-0.013472,-0.009632
1781258156185613980,2026-06-12T16:55:56.185627,prediction,-0.105386,0.680000,0.150965,True,-0.105650,0.668600,0.158918,0.000265,0.011400,0.007953,0.00,20,0.094839,1.204658,0.482566,0.000000,0.000000,0.000000,0.000000,0.000000,0.000000,-0.003920,-0.795340,0.298302,-0.066624,-0.013472,-0.009632
1781258156224692931,2026-06-12T16:55:56.224707,prediction,-0.107822,0.680000,0.150965,True,-0.105650,0.668600,0.158918,0.002172,0.011400,0.007953,0.00,20,0.094839,1.204658,0.482566,0.000000,0.000000,0.000000,0.000000,0.000000,0.000000,-0.004900,-0.796040,0.293488,-0.067232,-0.013920,-0.009184
1781258156255784353,2026-06-12T16:55:56.255800,prediction,-0.105400,0.672000,0.151197,True,-0.105650,0.668600,0.158918,0.000251,0.003400,0.007721,0.00,20,0.094839,1.204658,0.482566,0.000000,0.000000,0.000000,0.000000,0.000000,0.000000,-0.006160,-0.796040,0.293156,-0.067232,-0.014208,-0.010240
1781258156287667961,2026-06-12T16:55:56.287697,prediction,-0.105400,0.672000,0.151197,True,-0.105650,0.668600,0.158918,0.000251,0.003400,0.007721,0.00,20,0.094839,1.204658,0.482566,0.000000,0.000000,0.000000,0.000000,0.002609,0.000000,-0.005460,-0.797300,0.293156,-0.067232,-0.012800,-0.008960
1781258156323560916,2026-06-12T16:55:56.323581,prediction,-0.105386,0.680000,0.150965,True,-0.105650,0.668600,0.158918,0.000265,0.011400,0.007953,0.00,20,0.094839,1.204658,0.482566,0.000000,0.000000,0.000000,0.000000,0.002609,0.000000,-0.005460,-0.797300,0.293156,-0.067232,-0.012800,-0.008960
1781258156352195871,2026-06-12T16:55:56.352217,prediction,-0.105386,0.680000,0.150965,True,-0.105650,0.668600,0.158918,0.000265,0.011400,0.007953,0.00,20,0.094839,1.204658,0.482566,0.000000,0.000000,0.000000,0.000000,0.002609,0.000000,-0.005460,-0.797300,0.293156,-0.067232,-0.012800,-0.008960
1781258156385952223,2026-06-12T16:55:56.385972,prediction,-0.110259,0.680000,0.150965,True,-0.105650,0.668600,0.158918,0.004608,0.011400,0.007953,0.00,20,0.094839,1.204658,0.482566,0.000000,0.000000,0.000000,0.000000,0.002609,0.000000,-0.005460,-0.797300,0.293156,-0.067232,-0.012800,-0.008960
1781258156419003332,2026-06-12T16:55:56.419017,prediction,-0.107849,0.672000,0.153650,True,-0.105650,0.668600,0.158918,0.002199,0.003400,0.005268,0.00,20,0.094839,1.204658,0.482566,0.000000,0.000000,0.000000,0.000000,0.002609,0.000000,-0.005460,-0.795340,0.293156,-0.067360,-0.012544,-0.008032
1781258156453999533,2026-06-12T16:55:56.454016,prediction,-0.107812,0.683000,0.150877,True,-0.105650,0.668600,0.158918,0.002162,0.014400,0.008041,0.00,20,0.094839,1.204658,0.482566,0.000000,0.000000,0.000000,0.000000,0.000000,0.000000,-0.007700,-0.793800,0.290915,-0.067520,-0.015488,-0.010688
1781258156494725721,2026-06-12T16:55:56.494742,prediction,-0.107836,0.676000,0.151081,True,-0.105650,0.668600,0.158918,0.002185,0.007400,0.007837,0.00,20,0.094839,1.204658,0.482566,0.000000,0.000000,0.000000,0.000000,0.000000,0.000000,-0.008260,-0.793240,0.289919,-0.067680,-0.015200,-0.010688
1781258156525218134,2026-06-12T16:55:56.525237,prediction,-0.107789,0.690000,0.150674,True,-0.105650,0.668600,0.158918,0.002138,0.021400,0.008244,0.00,20,0.094839,1.204658,0.482566,0.000000,0.000000,0.000000,0.000000,0.000000,0.000000,-0.008260,-0.793240,0.289919,-0.067680,-0.015200,-0.010688
1781258156553739521,2026-06-12T16:55:56.553759,prediction,-0.107822,0.680000,0.150965,True,-0.105650,0.668600,0.158918,0.002172,0.011400,0.007953,0.00,20,0.094839,1.204658,0.482566,0.000000,0.000000,0.000000,0.000000,0.000000,0.000000,-0.008260,-0.793240,0.289919,-0.067680,-0.015200,-0.010688
1781258156591778332,2026-06-12T16:55:56.591797,prediction,-0.107799,0.687000,0.150761,True,-0.105650,0.668600,0.158918,0.002148,0.018400,0.008157,0.00,20,0.094839,1.204658,0.482566,0.000000,0.000000,0.000000,0.000000,0.000000,0.000000,-0.008260,-0.793240,0.289919,-0.067680,-0.015200,-0.010688
1781258156620878678,2026-06-12T16:55:56.620894,prediction,-0.107849,0.672000,0.151197,True,-0.105650,0.668600,0.158918,0.002199,0.003400,0.007721,0.00,20,0.094839,1.204658,0.482566,0.000000,0.000000,0.000000,0.000000,0.000000,0.000000,-0.008260,-0.794780,0.290251,-0.067680,-0.015040,-0.010688
1781258156654578632,2026-06-12T16:55:56.654599,prediction,-0.107789,0.690000,0.150674,True,-0.105650,0.668600,0.158918,0.002138,0.021400,0.008244,0.00,20,0.094839,1.204658,0.482566,0.000000,0.000000,0.000000,0.000000,0.000000,0.000000,-0.008260,-0.794780,0.290251,-0.067680,-0.015040,-0.010688
1781258156688303144,2026-06-12T16:55:56.688323,prediction,-0.107836,0.676000,0.151081,True,-0.105650,0.668600,0.158918,0.002185,0.007400,0.007837,0.00,20,0.094839,1.204658,0.482566,0.000000,0.000000,0.000000,0.000000,0.000000,0.000000,-0.008260,-0.794780,0.290251,-0.067680,-0.015040,-0.010688
1781258156721137692,2026-06-12T16:55:56.721158,prediction,-0.107836,0.676000,0.151081,True,-0.105650,0.668600,0.158918,0.002185,0.007400,0.007837,0.00,20,0.094839,1.204658,0.482566,0.000000,0.000000,0.000000,0.000000,0.000000,0.000000,-0.008260,-0.794780,0.290251,-0.067680,-0.015040,-0.010688
1781258156752987491,2026-06-12T16:55:56.753006,prediction,-0.107836,0.676000,0.151081,True,-0.105650,0.668600,0.158918,0.002185,0.007400,0.007837,0.00,20,0.094839,1.204658,0.482566,0.000000,0.000000,0.000000,0.000000,0.000000,0.000000,-0.009520,-0.792960,0.288674,-0.068416,-0.015040,-0.010688
1781258156788785252,2026-06-12T16:55:56.788801,prediction,-0.107799,0.687000,0.150761,True,-0.105650,0.668600,0.158918,0.002148,0.018400,0.008157,0.00,20,0.094839,1.204658,0.482566,0.000000,0.000000,0.000000,0.000000,0.002609,0.000000,-0.009800,-0.791420,0.287014,-0.068576,-0.014816,-0.010368
1781258156821630470,2026-06-12T16:55:56.821664,prediction,-0.107812,0.683000,0.150877,True,-0.105650,0.668600,0.158918,0.002162,0.014400,0.008041,0.00,20,0.094839,1.204658,0.482566,0.000000,0.000000,0.000000,0.000000,0.002609,0.000000,-0.009800,-0.791420,0.287014,-0.068576,-0.014816,-0.010368
1781258156854919089,2026-06-12T16:55:56.854943,prediction,-0.107812,0.683000,0.150877,True,-0.105650,0.668600,0.158918,0.002162,0.014400,0.008041,0.00,20,0.094839,1.204658,0.482566,0.000000,0.000000,0.000000,0.000000,0.002609,0.000000,-0.009800,-0.791420,0.287014,-0.068576,-0.014816,-0.010368
1781258156889412866,2026-06-12T16:55:56.889437,prediction,-0.107799,0.687000,0.150761,True,-0.105650,0.668600,0.158918,0.002148,0.018400,0.008157,0.00,20,0.094839,1.204658,0.482566,0.000000,0.000000,0.000000,0.000000,0.002609,0.000000,-0.009800,-0.791420,0.287014,-0.068576,-0.014816,-0.010368
1781258156923450173,2026-06-12T16:55:56.923469,prediction,-0.107799,0.687000,0.150761,True,-0.105650,0.668600,0.158918,0.002148,0.018400,0.008157,0.00,20,0.094839,1.204658,0.482566,0.000000,0.000000,0.000000,0.000000,0.002609,0.000000,-0.009800,-0.791420,0.287014,-0.068576,-0.014816,-0.010368
1781258156953552822,2026-06-12T16:55:56.953575,prediction,-0.107799,0.687000,0.150761,True,-0.105650,0.668600,0.158918,0.002148,0.018400,0.008157,0.00,20,0.094839,1.204658,0.482566,0.000000,0.000000,0.000000,0.000000,0.002609,0.000000,-0.009800,-0.791420,0.286433,-0.068416,-0.014432,-0.010080
1781258156988990500,2026-06-12T16:55:56.989011,prediction,-0.107836,0.676000,0.151081,True,-0.105650,0.668600,0.158918,0.002185,0.007400,0.007837,0.00,20,0.094839,1.204658,0.482566,0.000000,0.000000,0.000000,0.000000,0.002609,0.000000,-0.011760,-0.786100,0.286101,-0.068736,-0.012320,-0.008960
1781258157024224475,2026-06-12T16:55:57.024239,prediction,-0.107789,0.690000,0.150674,True,-0.105650,0.668600,0.158918,0.002138,0.021400,0.008244,0.00,20,0.094839,1.204658,0.482566,0.000000,0.000000,0.000000,0.000000,0.002609,0.000000,-0.013300,-0.787640,0.287014,-0.068736,-0.014880,-0.010528
1781258157055067395,2026-06-12T16:55:57.055083,prediction,-0.107812,0.683000,0.150877,True,-0.105650,0.668600,0.158918,0.002162,0.014400,0.008041,0.00,20,0.094839,1.204658,0.482566,0.000000,0.000000,0.000000,0.000000,0.000000,0.000000,-0.012320,-0.784840,0.286682,-0.068864,-0.013600,-0.010240
1781258157095868330,2026-06-12T16:55:57.095888,prediction,-0.107836,0.676000,0.151081,True,-0.105650,0.668600,0.158918,0.002185,0.007400,0.007837,0.00,20,0.094839,1.204658,0.482566,0.000000,0.000000,0.000000,0.000000,0.002609,0.000000,-0.012320,-0.784560,0.286682,-0.068864,-0.013696,-0.009472
1781258157125408549,2026-06-12T16:55:57.125426,prediction,-0.107812,0.683000,0.150877,True,-0.105650,0.668600,0.158918,0.002162,0.014400,0.008041,0.00,20,0.094839,1.204658,0.482566,0.000000,0.000000,0.000000,0.000000,0.002609,0.000000,-0.012320,-0.784560,0.286682,-0.068864,-0.013696,-0.009472
1781258157155248353,2026-06-12T16:55:57.155267,prediction,-0.107775,0.694000,0.150558,True,-0.105650,0.668600,0.158918,0.002125,0.025400,0.008360,0.00,20,0.094839,1.204658,0.482566,0.000000,0.000000,0.000000,0.000000,0.002609,0.000000,-0.012320,-0.784560,0.286682,-0.068864,-0.013696,-0.009472
1781258157187134424,2026-06-12T16:55:57.187151,prediction,-0.107812,0.683000,0.150877,True,-0.105650,0.668600,0.158918,0.002162,0.014400,0.008041,0.00,20,0.094839,1.204658,0.482566,0.000000,0.000000,0.000000,0.000000,0.002609,0.000000,-0.012320,-0.784560,0.286682,-0.068864,-0.013696,-0.009472
1781258157219918586,2026-06-12T16:55:57.219936,prediction,-0.107822,0.680000,0.150965,True,-0.105650,0.668600,0.158918,0.002172,0.011400,0.007953,0.00,20,0.094839,1.204658,0.482566,0.000000,0.000000,0.000000,0.000000,0.002609,0.000000,-0.013860,-0.782740,0.286682,-0.069184,-0.014752,-0.010528
1781258157255541107,2026-06-12T16:55:57.255563,prediction,-0.107812,0.683000,0.150877,True,-0.105650,0.668600,0.158918,0.002162,0.014400,0.008041,0.00,20,0.094839,1.204658,0.482566,0.000000,0.000000,0.000000,0.000000,0.002609,0.000000,-0.013860,-0.782740,0.286682,-0.069184,-0.014752,-0.010528
1781258157288975597,2026-06-12T16:55:57.288996,prediction,-0.107849,0.672000,0.151197,True,-0.105650,0.668600,0.158918,0.002199,0.003400,0.007721,0.00,20,0.094839,1.204658,0.482566,0.000000,0.000000,0.000000,0.000000,0.002609,0.000000,-0.013860,-0.782740,0.286682,-0.069184,-0.014752,-0.010528
1781258157322311006,2026-06-12T16:55:57.322341,prediction,-0.107812,0.683000,0.150877,True,-0.105650,0.668600,0.158918,0.002162,0.014400,0.008041,0.00,20,0.094839,1.204658,0.482566,0.000000,0.000000,0.000000,0.000000,0.002609,0.000000,-0.013860,-0.782740,0.286682,-0.069184,-0.014752,-0.010528
1781258157355902949,2026-06-12T16:55:57.355919,prediction,-0.107822,0.680000,0.150965,True,-0.105650,0.668600,0.158918,0.002172,0.011400,0.007953,0.00,20,0.094839,1.204658,0.482566,0.000000,0.000000,0.000000,0.000000,0.002609,0.000000,-0.013020,-0.782040,0.285769,-0.069184,-0.012544,-0.008352
1781258157390501039,2026-06-12T16:55:57.390516,prediction,-0.107812,0.683000,0.150877,True,-0.105650,0.668600,0.158918,0.002162,0.014400,0.008041,0.00,20,0.094839,1.204658,0.482566,0.000000,0.000000,0.000000,0.000000,0.002609,0.000000,-0.015120,-0.779240,0.286682,-0.069472,-0.014080,-0.010080
1781258157422208381,2026-06-12T16:55:57.422229,prediction,-0.107859,0.669000,0.151284,True,-0.105650,0.668600,0.158918,0.002209,0.000400,0.007634,0.00,20,0.094839,1.204658,0.482566,0.000000,0.000000,0.000000,0.000000,0.000000,0.000000,-0.015120,-0.777980,0.285105,-0.069472,-0.012480,-0.009312
1781258157453016385,2026-06-12T16:55:57.453035,prediction,-0.107799,0.687000,0.150761,True,-0.105650,0.668600,0.158918,0.002148,0.018400,0.008157,0.00,20,0.094839,1.204658,0.482566,0.000000,0.000000,0.000000,0.000000,0.000000,0.000000,-0.014140,-0.777980,0.286433,-0.069472,-0.013024,-0.009312
1781258157488006002,2026-06-12T16:55:57.488031,prediction,-0.107822,0.680000,0.150965,True,-0.105650,0.668600,0.158918,0.002172,0.011400,0.007953,0.00,20,0.094839,1.204658,0.482566,0.000000,0.000000,0.000000,0.000000,0.000000,0.000000,-0.014140,-0.777140,0.286433,-0.069472,-0.012544,-0.009248
1781258157520397810,2026-06-12T16:55:57.520414,prediction,-0.107873,0.665000,0.151401,True,-0.105650,0.668600,0.158918,0.002222,0.003600,0.007517,0.00,20,0.094839,1.204658,0.482566,0.000000,0.000000,0.000000,0.000000,0.002609,0.000000,-0.014840,-0.776440,0.285769,-0.069632,-0.011968,-0.007808
1781258157553531344,2026-06-12T16:55:57.553552,prediction,-0.107836,0.676000,0.151081,True,-0.105650,0.668600,0.158918,0.002185,0.007400,0.007837,0.00,20,0.094839,1.204658,0.482566,0.000000,0.000000,0.000000,0.000000,0.002609,0.000000,-0.015680,-0.775600,0.285437,-0.069632,-0.012544,-0.009248
1781258157587382861,2026-06-12T16:55:57.587402,prediction,-0.107822,0.680000,0.150965,True,-0.105650,0.668600,0.158918,0.002172,0.011400,0.007953,0.00,20,0.094839,1.204658,0.482566,0.000000,0.000000,0.000000,0.000000,0.000000,0.000000,-0.014840,-0.774900,0.285437,-0.069792,-0.013248,-0.009184
1781258157620693091,2026-06-12T16:55:57.620710,prediction,-0.105405,0.669000,0.151284,True,-0.105650,0.668600,0.158918,0.000246,0.000400,0.007634,0.00,20,0.094839,1.204658,0.482566,0.000000,0.000000,0.000000,0.000000,0.002609,0.000000,-0.015680,-0.774340,0.286682,-0.069792,-0.013312,-0.009184
1781258157654381521,2026-06-12T16:55:57.654408,prediction,-0.105386,0.680000,0.150965,True,-0.105650,0.668600,0.158918,0.000265,0.011400,0.007953,0.00,20,0.094839,1.204658,0.482566,0.000000,0.000000,0.000000,0.000000,0.000000,0.000000,-0.016380,-0.774340,0.285437,-0.069792,-0.012032,-0.008800
1781258157687427308,2026-06-12T16:55:57.687441,prediction,-0.107789,0.690000,0.150674,True,-0.105650,0.668600,0.158918,0.002138,0.021400,0.008244,0.00,20,0.094839,1.204658,0.482566,0.000000,0.000000,0.000000,0.000000,0.002609,0.000000,-0.016380,-0.775180,0.285437,-0.069920,-0.013600,-0.010528
1781258157723953945,2026-06-12T16:55:57.723970,prediction,-0.107836,0.676000,0.151081,True,-0.105650,0.668600,0.158918,0.002185,0.007400,0.007837,0.00,20,0.094839,1.204658,0.482566,0.000000,0.000000,0.000000,0.000000,0.000000,0.000000,-0.016380,-0.774340,0.286682,-0.070080,-0.011968,-0.008416
1781258157753610138,2026-06-12T16:55:57.753628,prediction,-0.107873,0.665000,0.151401,True,-0.105650,0.668600,0.158918,0.002222,0.003600,0.007517,0.00,20,0.094839,1.204658,0.482566,0.000000,0.000000,0.000000,0.000000,0.000000,0.000000,-0.016380,-0.774060,0.285437,-0.070400,-0.013600,-0.010144
1781258157788572250,2026-06-12T16:55:57.788593,prediction,-0.107822,0.680000,0.150965,True,-0.105650,0.668600,0.158918,0.002172,0.011400,0.007953,0.00,20,0.094839,1.204658,0.482566,0.000000,0.000000,0.000000,0.000000,0.000000,0.000000,-0.016380,-0.773080,0.285437,-0.070400,-0.013376,-0.010080
1781258157822677890,2026-06-12T16:55:57.822695,prediction,-0.110299,0.672000,0.151197,True,-0.105650,0.668600,0.158918,0.004648,0.003400,0.007721,0.00,20,0.094839,1.204658,0.482566,0.000000,0.000000,0.000000,0.000000,0.000000,0.000000,-0.016380,-0.773080,0.285437,-0.070400,-0.013376,-0.010080
1781258157857527535,2026-06-12T16:55:57.857550,prediction,-0.110244,0.683000,0.150877,True,-0.105650,0.668600,0.158918,0.004593,0.014400,0.008041,0.00,20,0.094839,1.204658,0.482566,0.000000,0.000000,0.000000,0.000000,0.000000,0.000000,-0.016380,-0.773080,0.285437,-0.070400,-0.013376,-0.010080
1781258157886912694,2026-06-12T16:55:57.886938,prediction,-0.107849,0.672000,0.151197,True,-0.105650,0.668600,0.158918,0.002199,0.003400,0.007721,0.00,20,0.094839,1.204658,0.482566,0.000000,0.000000,0.000000,0.000000,0.000000,0.000000,-0.016380,-0.773080,0.285437,-0.070400,-0.013376,-0.010080
1781258157920866134,2026-06-12T16:55:57.920896,prediction,-0.107799,0.687000,0.150761,True,-0.105650,0.668600,0.158918,0.002148,0.018400,0.008157,0.00,20,0.094839,1.204658,0.482566,0.000000,0.000000,0.000000,0.000000,0.000000,0.000000,-0.016380,-0.773080,0.285437,-0.070400,-0.013376,-0.010080
1781258157959233027,2026-06-12T16:55:57.959253,prediction,-0.107799,0.687000,0.150761,True,-0.105650,0.668600,0.158918,0.002148,0.018400,0.008157,0.00,20,0.094839,1.204658,0.482566,0.000000,0.000000,0.000000,0.000000,0.000000,0.000000,-0.016380,-0.773080,0.285437,-0.070400,-0.013376,-0.010080
1781258157990429359,2026-06-12T16:55:57.990448,prediction,-0.107836,0.676000,0.151081,True,-0.105650,0.668600,0.158918,0.002185,0.007400,0.007837,0.00,20,0.094839,1.204658,0.482566,0.000000,0.000000,0.000000,0.000000,0.000000,0.000000,-0.016660,-0.768460,0.285437,-0.070400,-0.012416,-0.008352
1781258158022993624,2026-06-12T16:55:58.023020,prediction,-0.107812,0.683000,0.150877,True,-0.105650,0.668600,0.158918,0.002162,0.014400,0.008041,0.00,20,0.094839,1.204658,0.482566,0.000000,0.000000,0.000000,0.000000,0.000000,0.000000,-0.016660,-0.769300,0.285437,-0.070400,-0.012096,-0.008256
1781258158055253029,2026-06-12T16:55:58.055273,prediction,-0.107822,0.680000,0.150965,True,-0.105650,0.668600,0.158918,0.002172,0.011400,0.007953,0.00,20,0.094839,1.204658,0.482566,0.000000,0.000000,0.000000,0.000000,0.000000,0.000000,-0.016660,-0.769300,0.285437,-0.070400,-0.012096,-0.008256
1781258158088384914,2026-06-12T16:55:58.088404,prediction,-0.107849,0.672000,0.151197,True,-0.105650,0.668600,0.158918,0.002199,0.003400,0.007721,0.00,20,0.094839,1.204658,0.482566,0.000000,0.000000,0.000000,0.000000,0.000000,0.000000,-0.016660,-0.769300,0.285437,-0.070400,-0.012096,-0.008256
1781258158121688337,2026-06-12T16:55:58.121709,prediction,-0.107812,0.683000,0.150877,True,-0.105650,0.668600,0.158918,0.002162,0.014400,0.008041,0.00,20,0.094839,1.204658,0.482566,0.000000,0.000000,0.000000,0.000000,0.000000,0.000000,-0.016660,-0.769300,0.285437,-0.070400,-0.012096,-0.008256
1781258158155318560,2026-06-12T16:55:58.155339,prediction,-0.107812,0.683000,0.150877,True,-0.105650,0.668600,0.158918,0.002162,0.014400,0.008041,0.00,20,0.094839,1.204658,0.482566,0.000000,0.000000,0.000000,0.000000,0.002609,0.000000,-0.017640,-0.767200,0.285437,-0.070400,-0.012928,-0.009632
1781258158191166815,2026-06-12T16:55:58.191189,prediction,-0.107849,0.672000,0.151197,True,-0.105650,0.668600,0.158918,0.002199,0.003400,0.007721,0.00,20,0.094839,1.204658,0.482566,0.000000,0.000000,0.000000,0.000000,0.002609,0.000000,-0.017640,-0.767200,0.285437,-0.070400,-0.012928,-0.009632
1781258158237586193,2026-06-12T16:55:58.237609,prediction,-0.107799,0.687000,0.150761,True,-0.105650,0.668600,0.158918,0.002148,0.018400,0.008157,0.00,20,0.094839,1.204658,0.482566,0.000000,0.000000,0.000000,0.000000,0.002609,0.000000,-0.017640,-0.767200,0.285437,-0.070400,-0.012928,-0.009632
1781258158274103159,2026-06-12T16:55:58.274125,prediction,-0.107812,0.683000,0.150877,True,-0.105650,0.668600,0.158918,0.002162,0.014400,0.008041,0.00,20,0.094839,1.204658,0.482566,0.000000,0.000000,0.000000,0.000000,0.002609,0.000000,-0.017640,-0.767200,0.285437,-0.070400,-0.012928,-0.009632
1781258158307412477,2026-06-12T16:55:58.307435,prediction,-0.107799,0.687000,0.150761,True,-0.105650,0.668600,0.158918,0.002148,0.018400,0.008157,0.00,20,0.094839,1.204658,0.482566,0.000000,0.000000,0.000000,0.000000,0.002609,0.000000,-0.017920,-0.767480,0.286682,-0.070528,-0.011968,-0.009024
1781258158347327103,2026-06-12T16:55:58.347350,prediction,-0.107849,0.672000,0.151197,True,-0.105650,0.668600,0.158918,0.002199,0.003400,0.007721,0.00,20,0.094839,1.204658,0.482566,0.000000,0.000000,0.000000,0.000000,0.002609,0.000000,-0.017920,-0.764400,0.286682,-0.070688,-0.011744,-0.008704
1781258158393015958,2026-06-12T16:55:58.393039,prediction,-0.107849,0.672000,0.151197,True,-0.105650,0.668600,0.158918,0.002199,0.003400,0.007721,0.00,20,0.094839,1.204658,0.482566,0.000000,0.000000,0.000000,0.000000,0.000000,0.000000,-0.017920,-0.762160,0.285603,-0.070688,-0.011808,-0.008416
1781258158450770342,2026-06-12T16:55:58.450795,prediction,-0.107849,0.672000,0.151197,True,-0.105650,0.668600,0.158918,0.002199,0.003400,0.007721,0.00,20,0.094839,1.204658,0.482566,0.000000,0.000000,0.000000,0.000000,0.002609,0.000000,-0.017920,-0.762860,0.285603,-0.070848,-0.013696,-0.010528
1781258158486344304,2026-06-12T16:55:58.486360,prediction,-0.107822,0.680000,0.150965,True,-0.105650,0.668600,0.158918,0.002172,0.011400,0.007953,0.00,20,0.094839,1.204658,0.482566,0.000000,0.000000,0.000000,0.000000,0.002609,0.000000,-0.017920,-0.762860,0.285603,-0.070848,-0.013696,-0.010528
1781258158525599602,2026-06-12T16:55:58.525620,prediction,-0.107812,0.683000,0.150877,True,-0.105650,0.668600,0.158918,0.002162,0.014400,0.008041,0.00,20,0.094839,1.204658,0.482566,0.000000,0.000000,0.000000,0.000000,0.002609,0.000000,-0.017920,-0.762860,0.285603,-0.070848,-0.013696,-0.010528
1781258158563120707,2026-06-12T16:55:58.563136,prediction,-0.107836,0.676000,0.151081,True,-0.105650,0.668600,0.158918,0.002185,0.007400,0.007837,0.00,20,0.094839,1.204658,0.482566,0.000000,0.000000,0.000000,0.000000,0.000000,0.000000,-0.019460,-0.762860,0.286682,-0.070848,-0.013536,-0.010080
1781258158597606310,2026-06-12T16:55:58.597629,prediction,-0.107822,0.680000,0.150965,True,-0.105650,0.668600,0.158918,0.002172,0.011400,0.007953,0.00,20,0.094839,1.204658,0.482566,0.000000,0.000000,0.000000,0.000000,0.002609,0.000000,-0.018480,-0.759780,0.286433,-0.070976,-0.011264,-0.008128
1781258158630221519,2026-06-12T16:55:58.630242,prediction,-0.107822,0.680000,0.150965,True,-0.105650,0.668600,0.158918,0.002172,0.011400,0.007953,0.00,20,0.094839,1.204658,0.482566,0.000000,0.000000,0.000000,0.000000,0.000000,0.000000,-0.018480,-0.759500,0.286433,-0.071296,-0.011968,-0.007904
1781258158663603577,2026-06-12T16:55:58.663625,prediction,-0.107836,0.676000,0.151081,True,-0.105650,0.668600,0.158918,0.002185,0.007400,0.007837,0.00,20,0.094839,1.204658,0.482566,0.000000,0.000000,0.000000,0.000000,0.000000,0.000000,-0.018480,-0.759500,0.286433,-0.071296,-0.011968,-0.007904
1781258158697308903,2026-06-12T16:55:58.697332,prediction,-0.107822,0.680000,0.150965,True,-0.105650,0.668600,0.158918,0.002172,0.011400,0.007953,0.00,20,0.094839,1.204658,0.482566,0.000000,0.000000,0.000000,0.000000,0.000000,0.000000,-0.018480,-0.759500,0.286433,-0.071296,-0.011968,-0.007904
1781258158732393360,2026-06-12T16:55:58.732414,prediction,-0.107836,0.676000,0.151081,True,-0.105650,0.668600,0.158918,0.002185,0.007400,0.007837,0.00,20,0.094839,1.204658,0.482566,0.000000,0.000000,0.000000,0.000000,0.000000,0.000000,-0.018480,-0.759500,0.286433,-0.071296,-0.011968,-0.007904
1781258158764181918,2026-06-12T16:55:58.764198,prediction,-0.107849,0.672000,0.151197,True,-0.105650,0.668600,0.158918,0.002199,0.003400,0.007721,0.00,20,0.094839,1.204658,0.482566,0.000000,0.000000,0.000000,0.000000,0.002609,0.000000,-0.019460,-0.759080,0.287844,-0.071296,-0.012800,-0.009632
1781258158797155329,2026-06-12T16:55:58.797175,prediction,-0.107789,0.690000,0.150674,True,-0.105650,0.668600,0.158918,0.002138,0.021400,0.008244,0.00,20,0.094839,1.204658,0.482566,0.000000,0.000000,0.000000,0.000000,0.002609,0.000000,-0.019460,-0.759080,0.287844,-0.071296,-0.012800,-0.009632
1781258158828714474,2026-06-12T16:55:58.828737,prediction,-0.107822,0.680000,0.150965,True,-0.105650,0.668600,0.158918,0.002172,0.011400,0.007953,0.00,20,0.094839,1.204658,0.482566,0.000000,0.000000,0.000000,0.000000,0.002609,0.000000,-0.019460,-0.759080,0.287844,-0.071296,-0.012800,-0.009632
1781258158861241720,2026-06-12T16:55:58.861267,prediction,-0.107775,0.694000,0.150558,True,-0.105650,0.668600,0.158918,0.002125,0.025400,0.008360,0.00,20,0.094839,1.204658,0.482566,0.000000,0.000000,0.000000,0.000000,0.002609,0.000000,-0.019460,-0.759080,0.287844,-0.071296,-0.012800,-0.009632
1781258158899755788,2026-06-12T16:55:58.899774,prediction,-0.107822,0.680000,0.150965,True,-0.105650,0.668600,0.158918,0.002172,0.011400,0.007953,0.00,20,0.094839,1.204658,0.482566,0.000000,0.000000,0.000000,0.000000,0.000000,0.000000,-0.019180,-0.755720,0.286516,-0.071296,-0.012320,-0.008640
1781258158933525699,2026-06-12T16:55:58.933546,prediction,-0.107822,0.680000,0.150965,True,-0.105650,0.668600,0.158918,0.002172,0.011400,0.007953,0.00,20,0.094839,1.204658,0.482566,0.000000,0.000000,0.000000,0.000000,0.000000,0.000000,-0.019180,-0.757260,0.286516,-0.071296,-0.011968,-0.008864
1781258158967641897,2026-06-12T16:55:58.967663,prediction,-0.107789,0.690000,0.150674,True,-0.105650,0.668600,0.158918,0.002138,0.021400,0.008244,0.00,20,0.094839,1.204658,0.482566,0.000000,0.000000,0.000000,0.000000,0.002609,0.000000,-0.020720,-0.757260,0.286516,-0.071296,-0.013248,-0.010528
1781258159000225325,2026-06-12T16:55:59.000253,prediction,-0.107812,0.683000,0.150877,True,-0.105650,0.668600,0.158918,0.002162,0.014400,0.008041,0.00,20,0.094839,1.204658,0.482566,0.000000,0.000000,0.000000,0.000000,0.002609,0.000000,-0.020720,-0.757260,0.286516,-0.071296,-0.013248,-0.010528
1781258159029644916,2026-06-12T16:55:59.029668,prediction,-0.105405,0.669000,0.151284,True,-0.105650,0.668600,0.158918,0.000246,0.000400,0.007634,0.00,20,0.094839,1.204658,0.482566,0.000000,0.000000,0.000000,0.000000,0.002609,0.000000,-0.020720,-0.757260,0.286516,-0.071296,-0.013248,-0.010528
1781258159059234325,2026-06-12T16:55:59.059259,prediction,-0.107836,0.676000,0.151081,True,-0.105650,0.668600,0.158918,0.002185,0.007400,0.007837,0.00,20,0.094839,1.204658,0.482566,0.000000,0.000000,0.000000,0.000000,0.002609,0.000000,-0.020720,-0.757260,0.286516,-0.071296,-0.013248,-0.010528
1781258159090785250,2026-06-12T16:55:59.090806,prediction,-0.110244,0.683000,0.150877,True,-0.105650,0.668600,0.158918,0.004593,0.014400,0.008041,0.00,20,0.094839,1.204658,0.482566,0.000000,0.000000,0.000000,0.000000,0.002609,0.000000,-0.020720,-0.757260,0.286516,-0.071296,-0.013248,-0.010528
1781258159134738882,2026-06-12T16:55:59.134762,prediction,-0.110299,0.672000,0.151197,True,-0.105650,0.668600,0.158918,0.004648,0.003400,0.007721,0.00,20,0.094839,1.204658,0.482566,0.000000,0.000000,0.000000,0.000000,0.002609,0.000000,-0.020720,-0.757260,0.286516,-0.071296,-0.013248,-0.010528
1781258159166073215,2026-06-12T16:55:59.166093,prediction,-0.107799,0.687000,0.150761,True,-0.105650,0.668600,0.158918,0.002148,0.018400,0.008157,0.00,20,0.094839,1.204658,0.482566,0.000000,0.000000,0.000000,0.000000,0.000000,0.000000,-0.020720,-0.752920,0.286516,-0.071296,-0.012544,-0.009920
1781258159196687427,2026-06-12T16:55:59.196707,prediction,-0.110279,0.676000,0.151081,True,-0.105650,0.668600,0.158918,0.004628,0.007400,0.007837,0.00,20,0.094839,1.204658,0.482566,0.000000,0.000000,0.000000,0.000000,0.000000,0.000000,-0.020720,-0.754460,0.286516,-0.071296,-0.012480,-0.010528
1781258159226679990,2026-06-12T16:55:59.226695,prediction,-0.107859,0.669000,0.151284,True,-0.105650,0.668600,0.158918,0.002209,0.000400,0.007634,0.00,20,0.094839,1.204658,0.482566,0.000000,0.000000,0.000000,0.000000,0.002609,0.000000,-0.020720,-0.752640,0.286516,-0.071296,-0.012800,-0.009184
1781258159255591821,2026-06-12T16:55:59.255617,prediction,-0.110244,0.683000,0.150877,True,-0.105650,0.668600,0.158918,0.004593,0.014400,0.008041,0.00,20,0.094839,1.204658,0.482566,0.000000,0.000000,0.000000,0.000000,0.002609,0.000000,-0.020720,-0.752640,0.286516,-0.071296,-0.012800,-0.009184
1781258159291297070,2026-06-12T16:55:59.291313,prediction,-0.110244,0.683000,0.150877,True,-0.105650,0.668600,0.158918,0.004593,0.014400,0.008041,0.00,20,0.094839,1.204658,0.482566,0.000000,0.000000,0.000000,0.000000,0.002609,0.000000,-0.020720,-0.752640,0.286516,-0.071296,-0.012800,-0.009184
1781258159324224560,2026-06-12T16:55:59.324246,prediction,-0.107836,0.676000,0.151081,True,-0.105650,0.668600,0.158918,0.002185,0.007400,0.007837,0.00,20,0.094839,1.204658,0.482566,0.000000,0.000000,0.000000,0.000000,0.002609,0.000000,-0.020720,-0.752640,0.286516,-0.071296,-0.012800,-0.009184
1781258159357569784,2026-06-12T16:55:59.357590,prediction,-0.107849,0.672000,0.151197,True,-0.105650,0.668600,0.158918,0.002199,0.003400,0.007721,0.00,20,0.094839,1.204658,0.482566,0.000000,0.000000,0.000000,0.000000,0.002609,0.000000,-0.020720,-0.752360,0.285271,-0.071296,-0.012544,-0.010368
1781258159390536226,2026-06-12T16:55:59.390555,prediction,-0.107789,0.690000,0.150674,True,-0.105650,0.668600,0.158918,0.002138,0.021400,0.008244,0.00,20,0.094839,1.204658,0.482566,0.000000,0.000000,0.000000,0.000000,0.000000,0.000000,-0.019740,-0.750820,0.286516,-0.071296,-0.011520,-0.008192
1781258159422241334,2026-06-12T16:55:59.422260,prediction,-0.107836,0.676000,0.151081,True,-0.105650,0.668600,0.158918,0.002185,0.007400,0.007837,0.00,20,0.094839,1.204658,0.482566,0.000000,0.000000,0.000000,0.000000,0.000000,0.000000,-0.020720,-0.752360,0.286516,-0.071296,-0.012192,-0.009920
1781258159457375549,2026-06-12T16:55:59.457395,prediction,-0.107812,0.683000,0.150877,True,-0.105650,0.668600,0.158918,0.002162,0.014400,0.008041,0.00,20,0.094839,1.204658,0.482566,0.000000,0.000000,0.000000,0.000000,0.000000,0.000000,-0.020720,-0.752360,0.286516,-0.071296,-0.012192,-0.009920
1781258159489420899,2026-06-12T16:55:59.489434,prediction,-0.107822,0.680000,0.150965,True,-0.105650,0.668600,0.158918,0.002172,0.011400,0.007953,0.00,20,0.094839,1.204658,0.482566,0.000000,0.000000,0.000000,0.000000,0.000000,0.000000,-0.020720,-0.752360,0.286516,-0.071296,-0.012192,-0.009920
1781258159524316419,2026-06-12T16:55:59.524335,prediction,-0.107859,0.669000,0.151284,True,-0.105650,0.668600,0.158918,0.002209,0.000400,0.007634,0.00,20,0.094839,1.204658,0.482566,0.000000,0.000000,0.000000,0.000000,0.000000,0.000000,-0.020720,-0.752360,0.286516,-0.071296,-0.012192,-0.009920
1781258159564608880,2026-06-12T16:55:59.564634,prediction,-0.107812,0.683000,0.150877,True,-0.105650,0.668600,0.158918,0.002162,0.014400,0.008041,0.00,20,0.094839,1.204658,0.482566,0.000000,0.000000,0.000000,0.000000,0.000000,0.000000,-0.019740,-0.752360,0.286848,-0.071296,-0.011520,-0.008192
1781258159595985496,2026-06-12T16:55:59.596007,prediction,-0.107849,0.672000,0.151197,True,-0.105650,0.668600,0.158918,0.002199,0.003400,0.007721,0.00,20,0.094839,1.204658,0.482566,0.000000,0.000000,0.000000,0.000000,0.000000,0.000000,-0.019740,-0.752360,0.286848,-0.071296,-0.011520,-0.008192
1781258159631390509,2026-06-12T16:55:59.631418,prediction,-0.107799,0.687000,0.150761,True,-0.105650,0.668600,0.158918,0.002148,0.018400,0.008157,0.00,20,0.094839,1.204658,0.482566,0.000000,0.000000,0.000000,0.000000,0.000000,0.000000,-0.019740,-0.752360,0.286848,-0.071296,-0.011520,-0.008192
1781258159664883201,2026-06-12T16:55:59.664902,prediction,-0.107836,0.676000,0.151081,True,-0.105650,0.668600,0.158918,0.002185,0.007400,0.007837,0.00,20,0.094839,1.204658,0.482566,0.000000,0.000000,0.000000,0.000000,0.000000,0.000000,-0.019740,-0.752360,0.286848,-0.071296,-0.011520,-0.008192
1781258159698968087,2026-06-12T16:55:59.698985,prediction,-0.107849,0.672000,0.151197,True,-0.105650,0.668600,0.158918,0.002199,0.003400,0.007721,0.00,20,0.094839,1.204658,0.482566,0.000000,0.000000,0.000000,0.000000,0.002609,0.000000,-0.020440,-0.748020,0.285935,-0.071424,-0.010464,-0.007424
1781258159737076778,2026-06-12T16:55:59.737104,prediction,-0.107822,0.680000,0.150965,True,-0.105650,0.668600,0.158918,0.002172,0.011400,0.007953,0.00,20,0.094839,1.204658,0.482566,0.000000,0.000000,0.000000,0.000000,0.002609,0.000000,-0.019180,-0.748020,0.287180,-0.071424,-0.010464,-0.007744
1781258159766407424,2026-06-12T16:55:59.766427,prediction,-0.107812,0.683000,0.150877,True,-0.105650,0.668600,0.158918,0.002162,0.014400,0.008041,0.00,20,0.094839,1.204658,0.482566,0.000000,0.000000,0.000000,0.000000,0.002609,0.000000,-0.019180,-0.748020,0.287180,-0.071424,-0.010464,-0.007744
1781258159795852228,2026-06-12T16:55:59.795884,prediction,-0.107836,0.676000,0.151081,True,-0.105650,0.668600,0.158918,0.002185,0.007400,0.007837,0.00,20,0.094839,1.204658,0.482566,0.000000,0.000000,0.000000,0.000000,0.002609,0.000000,-0.019180,-0.748020,0.287180,-0.071424,-0.010464,-0.007744
1781258159829873500,2026-06-12T16:55:59.829892,prediction,-0.107812,0.683000,0.150877,True,-0.105650,0.668600,0.158918,0.002162,0.014400,0.008041,0.00,20,0.094839,1.204658,0.482566,0.000000,0.000000,0.000000,0.000000,0.002609,0.000000,-0.019180,-0.748020,0.287180,-0.071424,-0.010464,-0.007744
1781258159869220169,2026-06-12T16:55:59.869242,prediction,-0.107836,0.676000,0.151081,True,-0.105650,0.668600,0.158918,0.002185,0.007400,0.007837,0.00,20,0.094839,1.204658,0.482566,0.000000,0.000000,0.000000,0.000000,0.002609,0.000000,-0.019180,-0.748020,0.287180,-0.071424,-0.010464,-0.007744
1781258159898879439,2026-06-12T16:55:59.898900,prediction,-0.107859,0.669000,0.151284,True,-0.105650,0.668600,0.158918,0.002209,0.000400,0.007634,0.00,20,0.094839,1.204658,0.482566,0.000000,0.000000,0.000000,0.000000,0.002609,0.000000,-0.021000,-0.749560,0.285769,-0.071424,-0.010464,-0.007744
1781258159928364808,2026-06-12T16:55:59.928385,prediction,-0.107799,0.687000,0.150761,True,-0.105650,0.668600,0.158918,0.002148,0.018400,0.008157,0.00,20,0.094839,1.204658,0.482566,0.000000,0.000000,0.000000,0.000000,0.002609,0.000000,-0.021000,-0.746760,0.287512,-0.071584,-0.011584,-0.009248
1781258159959904399,2026-06-12T16:55:59.959925,prediction,-0.107849,0.672000,0.151197,True,-0.105650,0.668600,0.158918,0.002199,0.003400,0.007721,0.00,20,0.094839,1.204658,0.482566,0.000000,0.000000,0.000000,0.000000,0.000000,0.000000,-0.018900,-0.746480,0.287512,-0.071584,-0.010464,-0.008352
1781258159988973900,2026-06-12T16:55:59.988987,prediction,-0.107789,0.690000,0.150674,True,-0.105650,0.668600,0.158918,0.002138,0.021400,0.008244,0.00,20,0.094839,1.204658,0.482566,0.000000,0.000000,0.000000,0.000000,0.000000,0.000000,-0.018900,-0.746480,0.287512,-0.071584,-0.010464,-0.008352
1781258160021834974,2026-06-12T16:56:00.021847,prediction,-0.105393,0.676000,0.151081,True,-0.105650,0.668600,0.158918,0.000258,0.007400,0.007837,0.00,20,0.094839,1.204658,0.482566,0.000000,0.000000,0.000000,0.000000,0.000000,0.000000,-0.018900,-0.746480,0.287512,-0.071584,-0.010464,-0.008352
1781258160058119288,2026-06-12T16:56:00.058132,prediction,-0.105400,0.672000,0.151197,True,-0.105650,0.668600,0.158918,0.000251,0.003400,0.007721,0.00,20,0.094839,1.204658,0.482566,0.000000,0.000000,0.000000,0.000000,0.000000,0.000000,-0.018900,-0.746480,0.287512,-0.071584,-0.010464,-0.008352
1781258160089669311,2026-06-12T16:56:00.089702,prediction,-0.105405,0.669000,0.151284,True,-0.105650,0.668600,0.158918,0.000246,0.000400,0.007634,0.00,20,0.094839,1.204658,0.482566,0.000000,0.000000,0.000000,0.000000,0.000000,0.000000,-0.018900,-0.746480,0.287512,-0.071584,-0.010464,-0.008352
1781258160123573239,2026-06-12T16:56:00.123600,prediction,-0.105400,0.672000,0.151197,True,-0.105650,0.668600,0.158918,0.000251,0.003400,0.007721,0.00,20,0.094839,1.204658,0.482566,0.000000,0.000000,0.000000,0.000000,0.000000,0.000000,-0.018900,-0.746480,0.287512,-0.071584,-0.010464,-0.008352
1781258160157034433,2026-06-12T16:56:00.157054,prediction,-0.105386,0.680000,0.150965,True,-0.105650,0.668600,0.158918,0.000265,0.011400,0.007953,0.00,20,0.094839,1.204658,0.482566,0.000000,0.000000,0.000000,0.000000,0.000000,0.000000,-0.021000,-0.744240,0.287512,-0.071584,-0.013088,-0.010240
1781258160192494481,2026-06-12T16:56:00.192509,prediction,-0.105412,0.665000,0.151401,True,-0.105650,0.668600,0.158918,0.000239,0.003600,0.007517,0.00,20,0.094839,1.204658,0.482566,0.000000,0.000000,0.000000,0.000000,0.000000,0.000000,-0.021280,-0.744800,0.287844,-0.072032,-0.012928,-0.010368
1781258160227713655,2026-06-12T16:56:00.227728,prediction,-0.105386,0.680000,0.150965,True,-0.105650,0.668600,0.158918,0.000265,0.011400,0.007953,0.00,20,0.094839,1.204658,0.482566,0.000000,0.000000,0.000000,0.000000,0.000000,0.000000,-0.021280,-0.744800,0.287844,-0.072032,-0.012928,-0.010368
1781258160258515112,2026-06-12T16:56:00.258529,prediction,-0.105393,0.676000,0.151081,True,-0.105650,0.668600,0.158918,0.000258,0.007400,0.007837,0.00,20,0.094839,1.204658,0.482566,0.000000,0.000000,0.000000,0.000000,0.000000,0.000000,-0.021280,-0.744800,0.287844,-0.072032,-0.012928,-0.010368
1781258160294514409,2026-06-12T16:56:00.294531,prediction,-0.107799,0.687000,0.150761,True,-0.105650,0.668600,0.158918,0.002148,0.018400,0.008157,0.00,20,0.094839,1.204658,0.482566,0.000000,0.000000,0.000000,0.000000,0.000000,0.000000,-0.021280,-0.744800,0.287844,-0.072032,-0.012928,-0.010368
1781258160325470782,2026-06-12T16:56:00.325488,prediction,-0.107812,0.683000,0.150877,True,-0.105650,0.668600,0.158918,0.002162,0.014400,0.008041,0.00,20,0.094839,1.204658,0.482566,0.000000,0.000000,0.000000,0.000000,0.000000,0.000000,-0.021280,-0.744800,0.287844,-0.072032,-0.012928,-0.010368
1781258160359796622,2026-06-12T16:56:00.359818,prediction,-0.107822,0.680000,0.150965,True,-0.105650,0.668600,0.158918,0.002172,0.011400,0.007953,0.00,20,0.094839,1.204658,0.482566,0.000000,0.000000,0.000000,0.000000,0.000000,0.000000,-0.020440,-0.743260,0.288176,-0.071744,-0.011584,-0.008416
1781258160392462193,2026-06-12T16:56:00.392476,prediction,-0.107849,0.672000,0.151197,True,-0.105650,0.668600,0.158918,0.002199,0.003400,0.007721,0.00,20,0.094839,1.204658,0.482566,0.000000,0.000000,0.000000,0.000000,0.000000,0.000000,-0.020720,-0.742980,0.286848,-0.071744,-0.011744,-0.008576
1781258160424116633,2026-06-12T16:56:00.424135,prediction,-0.107849,0.672000,0.151197,True,-0.105650,0.668600,0.158918,0.002199,0.003400,0.007721,0.00,20,0.094839,1.204658,0.482566,0.000000,0.000000,0.000000,0.000000,0.002609,0.000000,-0.019740,-0.744800,0.288176,-0.071744,-0.011264,-0.009024
1781258160454756529,2026-06-12T16:56:00.454777,prediction,-0.107812,0.683000,0.150877,True,-0.105650,0.668600,0.158918,0.002162,0.014400,0.008041,0.00,20,0.094839,1.204658,0.482566,0.000000,0.000000,0.000000,0.000000,0.002609,0.000000,-0.019740,-0.744800,0.288176,-0.071744,-0.011264,-0.009024
1781258160489350868,2026-06-12T16:56:00.489373,prediction,-0.107849,0.672000,0.151197,True,-0.105650,0.668600,0.158918,0.002199,0.003400,0.007721,0.00,20,0.094839,1.204658,0.482566,0.000000,0.000000,0.000000,0.000000,0.002609,0.000000,-0.019740,-0.744800,0.288176,-0.071744,-0.011264,-0.009024
1781258160522515622,2026-06-12T16:56:00.522535,prediction,-0.107873,0.665000,0.151401,True,-0.105650,0.668600,0.158918,0.002222,0.003600,0.007517,0.00,20,0.094839,1.204658,0.482566,0.000000,0.000000,0.000000,0.000000,0.002609,0.000000,-0.019740,-0.744800,0.288176,-0.071744,-0.011264,-0.009024
1781258160556321829,2026-06-12T16:56:00.556339,prediction,-0.107849,0.672000,0.151197,True,-0.105650,0.668600,0.158918,0.002199,0.003400,0.007721,0.00,20,0.094839,1.204658,0.482566,0.000000,0.000000,0.000000,0.000000,0.002609,0.000000,-0.019740,-0.744800,0.288176,-0.071744,-0.011264,-0.009024
1781258160589616038,2026-06-12T16:56:00.589635,prediction,-0.107836,0.676000,0.151081,True,-0.105650,0.668600,0.158918,0.002185,0.007400,0.007837,0.00,20,0.094839,1.204658,0.482566,0.000000,0.000000,0.000000,0.000000,0.002609,0.000000,-0.019740,-0.744800,0.288176,-0.071744,-0.011264,-0.009024
1781258160623026778,2026-06-12T16:56:00.623042,prediction,-0.107849,0.672000,0.151197,True,-0.105650,0.668600,0.158918,0.002199,0.003400,0.007721,0.00,20,0.094839,1.204658,0.482566,0.000000,0.000000,0.000000,0.000000,0.002609,0.000000,-0.019740,-0.744800,0.288176,-0.071744,-0.011264,-0.009024
1781258160657114725,2026-06-12T16:56:00.657132,prediction,-0.107812,0.683000,0.150877,True,-0.105650,0.668600,0.158918,0.002162,0.014400,0.008041,0.00,20,0.094839,1.204658,0.482566,0.000000,0.000000,0.000000,0.000000,0.002609,0.000000,-0.019740,-0.744800,0.288176,-0.071744,-0.011264,-0.009024
1781258160701352268,2026-06-12T16:56:00.701376,prediction,-0.107849,0.672000,0.151197,True,-0.105650,0.668600,0.158918,0.002199,0.003400,0.007721,0.00,20,0.094839,1.204658,0.482566,0.000000,0.000000,0.000000,0.000000,0.002609,0.000000,-0.019740,-0.744800,0.288176,-0.071744,-0.011264,-0.009024
1781258160737751794,2026-06-12T16:56:00.737776,prediction,-0.107822,0.680000,0.150965,True,-0.105650,0.668600,0.158918,0.002172,0.011400,0.007953,0.00,20,0.094839,1.204658,0.482566,0.000000,0.000000,0.000000,0.000000,0.002609,0.000000,-0.019740,-0.744800,0.288176,-0.071744,-0.011264,-0.009024
1781258160765702587,2026-06-12T16:56:00.765726,prediction,-0.107812,0.683000,0.150877,True,-0.105650,0.668600,0.158918,0.002162,0.014400,0.008041,0.00,20,0.094839,1.204658,0.482566,0.000000,0.000000,0.000000,0.000000,0.002609,0.000000,-0.019740,-0.744800,0.288176,-0.071744,-0.011264,-0.009024
1781258160796571717,2026-06-12T16:56:00.796593,prediction,-0.107812,0.683000,0.150877,True,-0.105650,0.668600,0.158918,0.002162,0.014400,0.008041,0.00,20,0.094839,1.204658,0.482566,0.000000,0.000000,0.000000,0.000000,0.002609,0.000000,-0.019740,-0.744800,0.288176,-0.071744,-0.011264,-0.009024
1781258160824519487,2026-06-12T16:56:00.824534,prediction,-0.107822,0.680000,0.150965,True,-0.105650,0.668600,0.158918,0.002172,0.011400,0.007953,0.00,20,0.094839,1.204658,0.482566,0.000000,0.000000,0.000000,0.000000,0.002609,0.000000,-0.021980,-0.740880,0.288508,-0.071904,-0.012640,-0.010528
1781258160858395001,2026-06-12T16:56:00.858423,prediction,-0.107822,0.680000,0.150965,True,-0.105650,0.668600,0.158918,0.002172,0.011400,0.007953,0.00,20,0.094839,1.204658,0.482566,0.000000,0.000000,0.000000,0.000000,0.000000,0.000000,-0.019740,-0.740880,0.287180,-0.071904,-0.010304,-0.007904
1781258160888754040,2026-06-12T16:56:00.888772,prediction,-0.107859,0.669000,0.151284,True,-0.105650,0.668600,0.158918,0.002209,0.000400,0.007634,0.00,20,0.094839,1.204658,0.482566,0.000000,0.000000,0.000000,0.000000,0.000000,0.000000,-0.020020,-0.742700,0.287014,-0.071904,-0.012640,-0.010464
1781258160922368149,2026-06-12T16:56:00.922386,prediction,-0.107822,0.680000,0.150965,True,-0.105650,0.668600,0.158918,0.002172,0.011400,0.007953,0.00,20,0.094839,1.204658,0.482566,0.000000,0.000000,0.000000,0.000000,0.000000,0.000000,-0.020020,-0.742700,0.287014,-0.071904,-0.012640,-0.010464
1781258160960754966,2026-06-12T16:56:00.960771,prediction,-0.107859,0.669000,0.151284,True,-0.105650,0.668600,0.158918,0.002209,0.000400,0.007634,0.00,20,0.094839,1.204658,0.482566,0.000000,0.000000,0.000000,0.000000,0.000000,0.000000,-0.020020,-0.742700,0.287014,-0.071904,-0.012640,-0.010464
1781258160992781306,2026-06-12T16:56:00.992802,prediction,-0.107836,0.676000,0.151081,True,-0.105650,0.668600,0.158918,0.002185,0.007400,0.007837,0.00,20,0.094839,1.204658,0.482566,0.000000,0.000000,0.000000,0.000000,0.000000,0.000000,-0.020020,-0.742700,0.287014,-0.071904,-0.012640,-0.010464
1781258161027414361,2026-06-12T16:56:01.027433,prediction,-0.107873,0.665000,0.151401,True,-0.105650,0.668600,0.158918,0.002222,0.003600,0.007517,0.00,20,0.094839,1.204658,0.482566,0.000000,0.000000,0.000000,0.000000,0.000000,0.000000,-0.019740,-0.739900,0.288508,-0.071904,-0.010752,-0.007584
1781258161055725361,2026-06-12T16:56:01.055748,prediction,-0.107849,0.672000,0.151197,True,-0.105650,0.668600,0.158918,0.002199,0.003400,0.007721,0.00,20,0.094839,1.204658,0.482566,0.000000,0.000000,0.000000,0.000000,0.000000,0.000000,-0.019740,-0.739900,0.288508,-0.071904,-0.010752,-0.007584
1781258161091610720,2026-06-12T16:56:01.091623,prediction,-0.107836,0.676000,0.151081,True,-0.105650,0.668600,0.158918,0.002185,0.007400,0.007837,0.00,20,0.094839,1.204658,0.482566,0.000000,0.000000,0.000000,0.000000,0.000000,0.000000,-0.019740,-0.739900,0.288508,-0.071904,-0.010752,-0.007584
1781258161125508684,2026-06-12T16:56:01.125525,prediction,-0.105400,0.672000,0.151197,True,-0.105650,0.668600,0.158918,0.000251,0.003400,0.007721,0.00,20,0.094839,1.204658,0.482566,0.000000,0.000000,0.000000,0.000000,0.000000,0.000000,-0.019740,-0.739900,0.288508,-0.071904,-0.010752,-0.007584
1781258161155346920,2026-06-12T16:56:01.155365,prediction,-0.105386,0.680000,0.150965,True,-0.105650,0.668600,0.158918,0.000265,0.011400,0.007953,0.00,20,0.094839,1.204658,0.482566,0.000000,0.000000,0.000000,0.000000,0.000000,0.000000,-0.019740,-0.739900,0.288508,-0.071904,-0.010752,-0.007584
1781258161188933221,2026-06-12T16:56:01.188950,prediction,-0.105386,0.680000,0.150965,True,-0.105650,0.668600,0.158918,0.000265,0.011400,0.007953,0.00,20,0.094839,1.204658,0.482566,0.000000,0.000000,0.000000,0.000000,0.000000,0.000000,-0.019740,-0.739900,0.288508,-0.071904,-0.010752,-0.007584
1781258161224575550,2026-06-12T16:56:01.224595,prediction,-0.107849,0.672000,0.151197,True,-0.105650,0.668600,0.158918,0.002199,0.003400,0.007721,0.00,20,0.094839,1.204658,0.482566,0.000000,0.000000,0.000000,0.000000,0.000000,0.000000,-0.019740,-0.739900,0.288508,-0.071904,-0.010752,-0.007584
1781258161256866709,2026-06-12T16:56:01.256884,prediction,-0.107812,0.683000,0.150877,True,-0.105650,0.668600,0.158918,0.002162,0.014400,0.008041,0.00,20,0.094839,1.204658,0.482566,0.000000,0.000000,0.000000,0.000000,0.000000,0.000000,-0.019740,-0.739900,0.288508,-0.071904,-0.010752,-0.007584
1781258161291437275,2026-06-12T16:56:01.291458,prediction,-0.107812,0.683000,0.150877,True,-0.105650,0.668600,0.158918,0.002162,0.014400,0.008041,0.00,20,0.094839,1.204658,0.482566,0.000000,0.000000,0.000000,0.000000,0.000000,0.000000,-0.019740,-0.739900,0.288508,-0.071904,-0.010752,-0.007584
1781258161323605151,2026-06-12T16:56:01.323624,prediction,-0.107859,0.669000,0.151284,True,-0.105650,0.668600,0.158918,0.002209,0.000400,0.007634,0.00,20,0.094839,1.204658,0.482566,0.000000,0.000000,0.000000,0.000000,0.000000,0.000000,-0.019740,-0.739900,0.288508,-0.071904,-0.010752,-0.007584
1781258161359003876,2026-06-12T16:56:01.359019,prediction,-0.107812,0.683000,0.150877,True,-0.105650,0.668600,0.158918,0.002162,0.014400,0.008041,0.00,20,0.094839,1.204658,0.482566,0.000000,0.000000,0.000000,0.000000,0.000000,0.000000,-0.019740,-0.739900,0.288508,-0.071904,-0.010752,-0.007584
1781258161392895967,2026-06-12T16:56:01.392908,prediction,-0.107849,0.672000,0.151197,True,-0.105650,0.668600,0.158918,0.002199,0.003400,0.007721,0.00,20,0.094839,1.204658,0.482566,0.000000,0.000000,0.000000,0.000000,0.000000,0.000000,-0.019740,-0.739900,0.288508,-0.071904,-0.010752,-0.007584
1781258161423304895,2026-06-12T16:56:01.423320,prediction,-0.107859,0.669000,0.151284,True,-0.105650,0.668600,0.158918,0.002209,0.000400,0.007634,0.00,20,0.094839,1.204658,0.482566,0.000000,0.000000,0.000000,0.000000,0.000000,0.000000,-0.020440,-0.741720,0.288508,-0.071904,-0.011136,-0.008032
1781258161467155187,2026-06-12T16:56:01.467191,prediction,-0.107822,0.680000,0.150965,True,-0.105650,0.668600,0.158918,0.002172,0.011400,0.007953,0.00,20,0.094839,1.204658,0.482566,0.000000,0.000000,0.000000,0.000000,0.002609,0.000000,-0.019740,-0.738360,0.289089,-0.071904,-0.012320,-0.009760
1781258161497486468,2026-06-12T16:56:01.497499,prediction,-0.107849,0.672000,0.151197,True,-0.105650,0.668600,0.158918,0.002199,0.003400,0.007721,0.00,20,0.094839,1.204658,0.482566,0.000000,0.000000,0.000000,0.000000,0.002609,0.000000,-0.019740,-0.738360,0.289089,-0.071904,-0.012320,-0.009760
1781258161532676317,2026-06-12T16:56:01.532690,prediction,-0.105400,0.672000,0.151197,True,-0.105650,0.668600,0.158918,0.000251,0.003400,0.007721,0.00,20,0.094839,1.204658,0.482566,0.000000,0.000000,0.000000,0.000000,0.002609,0.000000,-0.019740,-0.738360,0.289089,-0.071904,-0.012320,-0.009760
1781258161568844883,2026-06-12T16:56:01.568864,prediction,-0.105386,0.680000,0.150965,True,-0.105650,0.668600,0.158918,0.000265,0.011400,0.007953,0.00,20,0.094839,1.204658,0.482566,0.000000,0.000000,0.000000,0.000000,0.002609,0.000000,-0.019740,-0.738360,0.289089,-0.071904,-0.012320,-0.009760
1781258161598566414,2026-06-12T16:56:01.598584,prediction,-0.105386,0.680000,0.150965,True,-0.105650,0.668600,0.158918,0.000265,0.011400,0.007953,0.00,20,0.094839,1.204658,0.482566,0.000000,0.000000,0.000000,0.000000,0.002609,0.000000,-0.019740,-0.738360,0.289089,-0.071904,-0.012320,-0.009760
1781258161630370572,2026-06-12T16:56:01.630384,prediction,-0.105374,0.687000,0.150761,True,-0.105650,0.668600,0.158918,0.000277,0.018400,0.008157,0.00,20,0.094839,1.204658,0.482566,0.000000,0.000000,0.000000,0.000000,0.000000,0.000000,-0.020020,-0.739340,0.289089,-0.071904,-0.011584,-0.009760
1781258161660522048,2026-06-12T16:56:01.660536,prediction,-0.105400,0.672000,0.151197,True,-0.105650,0.668600,0.158918,0.000251,0.003400,0.007721,0.00,20,0.094839,1.204658,0.482566,0.000000,0.000000,0.000000,0.000000,0.000000,0.000000,-0.019180,-0.739340,0.287844,-0.071904,-0.011136,-0.009024
1781258161691513814,2026-06-12T16:56:01.691534,prediction,-0.105393,0.676000,0.151081,True,-0.105650,0.668600,0.158918,0.000258,0.007400,0.007837,0.00,20,0.094839,1.204658,0.482566,0.000000,0.000000,0.000000,0.000000,0.000000,0.000000,-0.019180,-0.739340,0.287844,-0.071904,-0.011136,-0.009024
1781258161725729317,2026-06-12T16:56:01.725749,prediction,-0.105405,0.669000,0.151284,True,-0.105650,0.668600,0.158918,0.000246,0.000400,0.007634,0.00,20,0.094839,1.204658,0.482566,0.000000,0.000000,0.000000,0.000000,0.000000,0.000000,-0.019180,-0.739340,0.287844,-0.071904,-0.011136,-0.009024
1781258161759415225,2026-06-12T16:56:01.759432,prediction,-0.105393,0.676000,0.151081,True,-0.105650,0.668600,0.158918,0.000258,0.007400,0.007837,0.00,20,0.094839,1.204658,0.482566,0.000000,0.000000,0.000000,0.000000,0.000000,0.000000,-0.019180,-0.739340,0.287844,-0.071904,-0.011136,-0.009024
1781258161790035220,2026-06-12T16:56:01.790054,prediction,-0.105386,0.680000,0.150965,True,-0.105650,0.668600,0.158918,0.000265,0.011400,0.007953,0.00,20,0.094839,1.204658,0.482566,0.000000,0.000000,0.000000,0.000000,0.000000,0.000000,-0.019180,-0.739340,0.287844,-0.071904,-0.011136,-0.009024
1781258161822598808,2026-06-12T16:56:01.822619,prediction,-0.105393,0.676000,0.151081,True,-0.105650,0.668600,0.158918,0.000258,0.007400,0.007837,0.00,20,0.094839,1.204658,0.482566,0.000000,0.000000,0.000000,0.000000,0.000000,0.000000,-0.019180,-0.739340,0.287844,-0.071904,-0.011136,-0.009024
1781258161857580929,2026-06-12T16:56:01.857601,prediction,-0.105400,0.672000,0.151197,True,-0.105650,0.668600,0.158918,0.000251,0.003400,0.007721,0.00,20,0.094839,1.204658,0.482566,0.000000,0.000000,0.000000,0.000000,0.000000,0.000000,-0.019180,-0.739340,0.287844,-0.071904,-0.011136,-0.009024
1781258161890760060,2026-06-12T16:56:01.890778,prediction,-0.105386,0.680000,0.150965,True,-0.105650,0.668600,0.158918,0.000265,0.011400,0.007953,0.00,20,0.094839,1.204658,0.482566,0.000000,0.000000,0.000000,0.000000,0.002609,0.000000,-0.019180,-0.737100,0.287844,-0.071904,-0.009696,-0.007808
1781258161923634380,2026-06-12T16:56:01.923671,prediction,-0.105405,0.669000,0.151284,True,-0.105650,0.668600,0.158918,0.000246,0.000400,0.007634,0.00,20,0.094839,1.204658,0.482566,0.000000,0.000000,0.000000,0.000000,0.002609,0.000000,-0.019180,-0.737100,0.287844,-0.071904,-0.009696,-0.007808
1781258161958680571,2026-06-12T16:56:01.958700,prediction,-0.105381,0.683000,0.150877,True,-0.105650,0.668600,0.158918,0.000270,0.014400,0.008041,0.00,20,0.094839,1.204658,0.482566,0.000000,0.000000,0.000000,0.000000,0.002609,0.000000,-0.019180,-0.737100,0.287844,-0.071904,-0.009696,-0.007808
1781258161990205000,2026-06-12T16:56:01.990224,prediction,-0.105393,0.676000,0.151081,True,-0.105650,0.668600,0.158918,0.000258,0.007400,0.007837,0.00,20,0.094839,1.204658,0.482566,0.000000,0.000000,0.000000,0.000000,0.002609,0.000000,-0.019180,-0.737100,0.287844,-0.071904,-0.009696,-0.007808
1781258162025872373,2026-06-12T16:56:02.025892,prediction,-0.105374,0.687000,0.150761,True,-0.105650,0.668600,0.158918,0.000277,0.018400,0.008157,0.00,20,0.094839,1.204658,0.482566,0.000000,0.000000,0.000000,0.000000,0.002609,0.000000,-0.019180,-0.737100,0.287844,-0.071904,-0.009696,-0.007808
1781258162056511336,2026-06-12T16:56:02.056530,prediction,-0.105393,0.676000,0.151081,True,-0.105650,0.668600,0.158918,0.000258,0.007400,0.007837,0.00,20,0.094839,1.204658,0.482566,0.000000,0.000000,0.000000,0.000000,0.002609,0.000000,-0.019180,-0.737100,0.287844,-0.071904,-0.009696,-0.007808
1781258162093187594,2026-06-12T16:56:02.093206,prediction,-0.105400,0.672000,0.151197,True,-0.105650,0.668600,0.158918,0.000251,0.003400,0.007721,0.00,20,0.094839,1.204658,0.482566,0.000000,0.000000,0.000000,0.000000,0.002609,0.000000,-0.019180,-0.737100,0.287844,-0.071904,-0.009696,-0.007808
1781258162124775850,2026-06-12T16:56:02.124799,prediction,-0.105393,0.676000,0.151081,True,-0.105650,0.668600,0.158918,0.000258,0.007400,0.007837,0.00,20,0.094839,1.204658,0.482566,0.000000,0.000000,0.000000,0.000000,0.002609,0.000000,-0.019460,-0.738360,0.289421,-0.071904,-0.011136,-0.009024
1781258162156834536,2026-06-12T16:56:02.156853,prediction,-0.105393,0.676000,0.151081,True,-0.105650,0.668600,0.158918,0.000258,0.007400,0.007837,0.00,20,0.094839,1.204658,0.482566,0.000000,0.000000,0.000000,0.000000,0.002609,0.000000,-0.018900,-0.737380,0.288508,-0.071904,-0.011872,-0.010080
1781258162194907542,2026-06-12T16:56:02.194922,prediction,-0.105400,0.672000,0.151197,True,-0.105650,0.668600,0.158918,0.000251,0.003400,0.007721,0.00,20,0.094839,1.204658,0.482566,0.000000,0.000000,0.000000,0.000000,0.002609,0.000000,-0.018900,-0.735560,0.288508,-0.071904,-0.010080,-0.008800
1781258162226201112,2026-06-12T16:56:02.226215,prediction,-0.107812,0.683000,0.150877,True,-0.105650,0.668600,0.158918,0.002162,0.014400,0.008041,0.00,20,0.094839,1.204658,0.482566,0.000000,0.000000,0.000000,0.000000,0.000000,0.000000,-0.019460,-0.737380,0.289753,-0.071904,-0.010976,-0.008704
1781258162261028737,2026-06-12T16:56:02.261042,prediction,-0.107812,0.683000,0.150877,True,-0.105650,0.668600,0.158918,0.002162,0.014400,0.008041,0.00,20,0.094839,1.204658,0.482566,0.000000,0.000000,0.000000,0.000000,0.000000,0.000000,-0.019460,-0.735560,0.288508,-0.071904,-0.011744,-0.010240
1781258162296180594,2026-06-12T16:56:02.296194,prediction,-0.107822,0.680000,0.150965,True,-0.105650,0.668600,0.158918,0.002172,0.011400,0.007953,0.00,20,0.094839,1.204658,0.482566,0.000000,0.000000,0.000000,0.000000,0.002609,0.000000,-0.018480,-0.735280,0.289753,-0.071904,-0.009760,-0.007424
1781258162330576082,2026-06-12T16:56:02.330601,prediction,-0.105393,0.676000,0.151081,True,-0.105650,0.668600,0.158918,0.000258,0.007400,0.007837,0.00,20,0.094839,1.204658,0.482566,0.000000,0.000000,0.000000,0.000000,0.002609,0.000000,-0.018480,-0.735280,0.289753,-0.071904,-0.009760,-0.007424
1781258162360036100,2026-06-12T16:56:02.360056,prediction,-0.105356,0.697000,0.150470,True,-0.105650,0.668600,0.158918,0.000294,0.028400,0.008448,0.00,20,0.094839,1.204658,0.482566,0.000000,0.000000,0.000000,0.000000,0.002609,0.000000,-0.018480,-0.735280,0.289753,-0.071904,-0.009760,-0.007424
1781258162392676911,2026-06-12T16:56:02.392694,prediction,-0.105386,0.680000,0.150965,True,-0.105650,0.668600,0.158918,0.000265,0.011400,0.007953,0.00,20,0.094839,1.204658,0.482566,0.000000,0.000000,0.000000,0.000000,0.002609,0.000000,-0.018480,-0.735280,0.289753,-0.071904,-0.009760,-0.007424
1781258162426097000,2026-06-12T16:56:02.426116,prediction,-0.105381,0.683000,0.150877,True,-0.105650,0.668600,0.158918,0.000270,0.014400,0.008041,0.00,20,0.094839,1.204658,0.482566,0.000000,0.000000,0.000000,0.000000,0.002609,0.000000,-0.017920,-0.735280,0.289753,-0.071904,-0.009760,-0.007424
1781258162464749137,2026-06-12T16:56:02.464767,prediction,-0.105412,0.665000,0.151401,True,-0.105650,0.668600,0.158918,0.000239,0.003600,0.007517,0.00,20,0.094839,1.204658,0.482566,0.000000,0.000000,0.000000,0.000000,0.000000,0.000000,-0.017920,-0.736120,0.289753,-0.071904,-0.009856,-0.007584
1781258162494620474,2026-06-12T16:56:02.494640,prediction,-0.107822,0.680000,0.150965,True,-0.105650,0.668600,0.158918,0.002172,0.011400,0.007953,0.00,20,0.094839,1.204658,0.482566,0.000000,0.000000,0.000000,0.000000,0.000000,0.000000,-0.017920,-0.734300,0.289753,-0.071904,-0.010240,-0.007424
1781258162525566132,2026-06-12T16:56:02.525589,prediction,-0.107799,0.687000,0.150761,True,-0.105650,0.668600,0.158918,0.002148,0.018400,0.008157,0.00,20,0.094839,1.204658,0.482566,0.000000,0.000000,0.000000,0.000000,0.000000,0.000000,-0.018900,-0.734300,0.288508,-0.071904,-0.011200,-0.009760
1781258162559445965,2026-06-12T16:56:02.559462,prediction,-0.110279,0.676000,0.151081,True,-0.105650,0.668600,0.158918,0.004628,0.007400,0.007837,0.00,20,0.094839,1.204658,0.482566,0.000000,0.000000,0.000000,0.000000,0.000000,0.000000,-0.017920,-0.736120,0.289753,-0.071904,-0.011584,-0.009312
1781258162598821514,2026-06-12T16:56:02.598837,prediction,-0.107859,0.669000,0.151284,True,-0.105650,0.668600,0.158918,0.002209,0.000400,0.007634,0.00,20,0.094839,1.204658,0.482566,0.000000,0.000000,0.000000,0.000000,0.000000,0.000000,-0.017920,-0.736120,0.289753,-0.071904,-0.011584,-0.009312
1781258162632885191,2026-06-12T16:56:02.632907,prediction,-0.107849,0.672000,0.151197,True,-0.105650,0.668600,0.158918,0.002199,0.003400,0.007721,0.00,20,0.094839,1.204658,0.482566,0.000000,0.000000,0.000000,0.000000,0.000000,0.000000,-0.017920,-0.736120,0.289753,-0.071904,-0.011584,-0.009312
1781258162662203340,2026-06-12T16:56:02.662230,prediction,-0.110259,0.680000,0.150965,True,-0.105650,0.668600,0.158918,0.004608,0.011400,0.007953,0.00,20,0.094839,1.204658,0.482566,0.000000,0.000000,0.000000,0.000000,0.000000,0.000000,-0.017920,-0.736120,0.289753,-0.071904,-0.011584,-0.009312
1781258162691999140,2026-06-12T16:56:02.692019,prediction,-0.110244,0.683000,0.150877,True,-0.105650,0.668600,0.158918,0.004593,0.014400,0.008041,0.00,20,0.094839,1.204658,0.482566,0.000000,0.000000,0.000000,0.000000,0.000000,0.000000,-0.017920,-0.736120,0.289753,-0.071904,-0.011584,-0.009312
1781258162723963496,2026-06-12T16:56:02.723980,prediction,-0.107849,0.672000,0.151197,True,-0.105650,0.668600,0.158918,0.002199,0.003400,0.007721,0.00,20,0.094839,1.204658,0.482566,0.000000,0.000000,0.000000,0.000000,0.000000,0.000000,-0.017920,-0.736120,0.289753,-0.071904,-0.011584,-0.009312
1781258162757173614,2026-06-12T16:56:02.757187,prediction,-0.107859,0.669000,0.151284,True,-0.105650,0.668600,0.158918,0.002209,0.000400,0.007634,0.00,20,0.094839,1.204658,0.482566,0.000000,0.000000,0.000000,0.000000,0.002609,0.000000,-0.017920,-0.734300,0.289753,-0.071904,-0.011520,-0.009696
1781258162793738538,2026-06-12T16:56:02.793756,prediction,-0.110224,0.687000,0.150761,True,-0.105650,0.668600,0.158918,0.004573,0.018400,0.008157,0.00,20,0.094839,1.204658,0.482566,0.000000,0.000000,0.000000,0.000000,0.002609,0.000000,-0.017920,-0.734300,0.289753,-0.071904,-0.011520,-0.009696
1781258162827145642,2026-06-12T16:56:02.827165,prediction,-0.110244,0.683000,0.150877,True,-0.105650,0.668600,0.158918,0.004593,0.014400,0.008041,0.00,20,0.094839,1.204658,0.482566,0.000000,0.000000,0.000000,0.000000,0.002609,0.000000,-0.017920,-0.734300,0.289753,-0.071904,-0.011520,-0.009696
1781258162861790187,2026-06-12T16:56:02.861817,prediction,-0.110299,0.672000,0.151197,True,-0.105650,0.668600,0.158918,0.004648,0.003400,0.007721,0.00,20,0.094839,1.204658,0.482566,0.000000,0.000000,0.000000,0.000000,0.002609,0.000000,-0.017920,-0.734300,0.289753,-0.071904,-0.011520,-0.009696
1781258162894387684,2026-06-12T16:56:02.894410,prediction,-0.110259,0.680000,0.150965,True,-0.105650,0.668600,0.158918,0.004608,0.011400,0.007953,0.00,20,0.094839,1.204658,0.482566,0.000000,0.000000,0.000000,0.000000,0.002609,0.000000,-0.017920,-0.734300,0.289753,-0.071904,-0.011520,-0.009696
1781258162926209765,2026-06-12T16:56:02.926226,prediction,-0.110299,0.672000,0.151197,True,-0.105650,0.668600,0.158918,0.004648,0.003400,0.007721,0.00,20,0.094839,1.204658,0.482566,0.000000,0.000000,0.000000,0.000000,0.002609,0.000000,-0.017920,-0.734300,0.289753,-0.071904,-0.011520,-0.009696
1781258162961111698,2026-06-12T16:56:02.961130,prediction,-0.107873,0.665000,0.151401,True,-0.105650,0.668600,0.158918,0.002222,0.003600,0.007517,0.00,20,0.094839,1.204658,0.482566,0.000000,0.000000,0.000000,0.000000,0.002609,0.000000,-0.017920,-0.734300,0.289753,-0.071904,-0.011520,-0.009696
1781258162996889053,2026-06-12T16:56:02.996906,prediction,-0.110279,0.676000,0.148635,True,-0.105650,0.668600,0.158918,0.004628,0.007400,0.010283,0.00,20,0.094839,1.204658,0.482566,0.000000,0.000000,0.000000,0.000000,0.000000,0.000000,-0.018900,-0.734300,0.288840,-0.071904,-0.010688,-0.009184
1781258163025582453,2026-06-12T16:56:03.025600,prediction,-0.110259,0.680000,0.148525,True,-0.105650,0.668600,0.158918,0.004608,0.011400,0.010393,0.00,20,0.094839,1.204658,0.482566,0.000000,0.000000,0.000000,0.000000,0.002609,0.000000,-0.018200,-0.733740,0.288840,-0.071904,-0.011744,-0.009920
1781258163057932967,2026-06-12T16:56:03.057956,prediction,-0.110244,0.683000,0.148443,True,-0.105650,0.668600,0.158918,0.004593,0.014400,0.010476,0.00,20,0.094839,1.204658,0.482566,0.000000,0.000000,0.000000,0.000000,0.002609,0.000000,-0.018200,-0.733740,0.288840,-0.071904,-0.011744,-0.009920
1781258163104162854,2026-06-12T16:56:03.104182,prediction,-0.110224,0.687000,0.148333,True,-0.105650,0.668600,0.158918,0.004573,0.018400,0.010585,0.00,20,0.094839,1.204658,0.482566,0.000000,0.000000,0.000000,0.000000,0.002609,0.000000,-0.018200,-0.733740,0.288840,-0.071904,-0.011744,-0.009920
1781258163139378048,2026-06-12T16:56:03.139398,prediction,-0.110299,0.672000,0.148744,True,-0.105650,0.668600,0.158918,0.004648,0.003400,0.010174,0.00,20,0.094839,1.204658,0.482566,0.000000,0.000000,0.000000,0.000000,0.000000,0.000000,-0.016660,-0.733740,0.288840,-0.071904,-0.009856,-0.008352
1781258163171350252,2026-06-12T16:56:03.171370,prediction,-0.110299,0.672000,0.148744,True,-0.105650,0.668600,0.158918,0.004648,0.003400,0.010174,0.00,20,0.094839,1.204658,0.482566,0.000000,0.000000,0.000000,0.000000,0.000000,0.000000,-0.017360,-0.733740,0.290085,-0.071904,-0.010528,-0.008704
1781258163207131180,2026-06-12T16:56:03.207148,prediction,-0.110259,0.680000,0.148525,True,-0.105650,0.668600,0.158918,0.004608,0.011400,0.010393,0.00,20,0.094839,1.204658,0.482566,0.000000,0.000000,0.000000,0.000000,0.000000,0.000000,-0.017360,-0.733460,0.288840,-0.071904,-0.010816,-0.009088
1781258163239173786,2026-06-12T16:56:03.239189,prediction,-0.110259,0.680000,0.148525,True,-0.105650,0.668600,0.158918,0.004608,0.011400,0.010393,0.00,20,0.094839,1.204658,0.482566,0.000000,0.000000,0.000000,0.000000,0.002609,0.000000,-0.016660,-0.733460,0.288840,-0.071904,-0.009248,-0.007968
1781258163271367133,2026-06-12T16:56:03.271382,prediction,-0.110259,0.680000,0.148525,True,-0.105650,0.668600,0.158918,0.004608,0.011400,0.010393,0.00,20,0.094839,1.204658,0.482566,0.000000,0.000000,0.000000,0.000000,0.000000,0.000000,-0.017640,-0.735280,0.288840,-0.071904,-0.011744,-0.010080
1781258163306364810,2026-06-12T16:56:03.306389,prediction,-0.110279,0.676000,0.148635,True,-0.105650,0.668600,0.158918,0.004628,0.007400,0.010283,0.00,20,0.094839,1.204658,0.482566,0.000000,0.000000,0.000000,0.000000,0.000000,0.000000,-0.017640,-0.735280,0.288840,-0.071904,-0.011744,-0.010080
1781258163340409981,2026-06-12T16:56:03.340430,prediction,-0.110279,0.676000,0.148635,True,-0.105650,0.668600,0.158918,0.004628,0.007400,0.010283,0.00,20,0.094839,1.204658,0.482566,0.000000,0.000000,0.000000,0.000000,0.000000,0.000000,-0.017640,-0.735280,0.288840,-0.071904,-0.011744,-0.010080
1781258163378700610,2026-06-12T16:56:03.378725,prediction,-0.110279,0.676000,0.148635,True,-0.105650,0.668600,0.158918,0.004628,0.007400,0.010283,0.00,20,0.094839,1.204658,0.482566,0.000000,0.000000,0.000000,0.000000,0.000000,0.000000,-0.017640,-0.735280,0.288840,-0.071904,-0.011744,-0.010080
1781258163428808947,2026-06-12T16:56:03.428825,prediction,-0.110244,0.683000,0.148443,True,-0.105650,0.668600,0.158918,0.004593,0.014400,0.010476,0.00,20,0.094839,1.204658,0.482566,0.000000,0.000000,0.000000,0.000000,0.000000,0.000000,-0.017640,-0.733460,0.290085,-0.071904,-0.012096,-0.010080
1781258163461182458,2026-06-12T16:56:03.461205,prediction,-0.107812,0.683000,0.148443,True,-0.105650,0.668600,0.158918,0.002162,0.014400,0.010476,0.00,20,0.094839,1.204658,0.482566,0.000000,0.000000,0.000000,0.000000,0.002609,0.000000,-0.017640,-0.733040,0.290085,-0.071904,-0.011264,-0.009536
1781258163493549027,2026-06-12T16:56:03.493569,prediction,-0.107812,0.683000,0.148443,True,-0.105650,0.668600,0.158918,0.002162,0.014400,0.010476,0.00,20,0.094839,1.204658,0.482566,0.000000,0.000000,0.000000,0.000000,0.000000,0.000000,-0.016100,-0.735000,0.290085,-0.071904,-0.009984,-0.007584
1781258163525631887,2026-06-12T16:56:03.525667,prediction,-0.107822,0.680000,0.148525,True,-0.105650,0.668600,0.158918,0.002172,0.011400,0.010393,0.00,20,0.094839,1.204658,0.482566,0.000000,0.000000,0.000000,0.000000,0.000000,0.000000,-0.017640,-0.733040,0.290085,-0.071904,-0.011744,-0.010080
1781258163559146662,2026-06-12T16:56:03.559167,prediction,-0.107799,0.687000,0.148333,True,-0.105650,0.668600,0.158918,0.002148,0.018400,0.010585,0.00,20,0.094839,1.204658,0.482566,0.000000,0.000000,0.000000,0.000000,0.000000,0.000000,-0.016940,-0.735000,0.290085,-0.071904,-0.009696,-0.007808
1781258163590883731,2026-06-12T16:56:03.590902,prediction,-0.107789,0.690000,0.148251,True,-0.105650,0.668600,0.158918,0.002138,0.021400,0.010668,0.00,20,0.094839,1.204658,0.482566,0.000000,0.000000,0.000000,0.000000,0.002609,0.000000,-0.016940,-0.731220,0.290085,-0.071904,-0.011360,-0.009536
1781258163620840754,2026-06-12T16:56:03.620860,prediction,-0.107849,0.672000,0.148744,True,-0.105650,0.668600,0.158918,0.002199,0.003400,0.010174,0.00,20,0.094839,1.204658,0.482566,0.000000,0.000000,0.000000,0.000000,0.002609,0.000000,-0.016940,-0.731220,0.290085,-0.071904,-0.011360,-0.009536
1781258163652243994,2026-06-12T16:56:03.652262,prediction,-0.107812,0.683000,0.150877,True,-0.105650,0.668600,0.158918,0.002162,0.014400,0.008041,0.00,20,0.094839,1.204658,0.482566,0.000000,0.000000,0.000000,0.000000,0.002609,0.000000,-0.016940,-0.731220,0.290085,-0.071904,-0.011360,-0.009536
1781258163683352520,2026-06-12T16:56:03.683372,prediction,-0.107812,0.683000,0.150877,True,-0.105650,0.668600,0.158918,0.002162,0.014400,0.008041,0.00,20,0.094839,1.204658,0.482566,0.000000,0.000000,0.000000,0.000000,0.002609,0.000000,-0.016940,-0.731220,0.290085,-0.071904,-0.011360,-0.009536
1781258163714351486,2026-06-12T16:56:03.714372,prediction,-0.105381,0.683000,0.150877,True,-0.105650,0.668600,0.158918,0.000270,0.014400,0.008041,0.00,20,0.094839,1.204658,0.482566,0.000000,0.000000,0.000000,0.000000,0.002609,0.000000,-0.016940,-0.731220,0.290085,-0.071904,-0.011360,-0.009536
1781258163749745428,2026-06-12T16:56:03.749773,prediction,-0.105386,0.680000,0.150965,True,-0.105650,0.668600,0.158918,0.000265,0.011400,0.007953,0.00,20,0.094839,1.204658,0.482566,0.000000,0.000000,0.000000,0.000000,0.002609,0.000000,-0.016100,-0.732760,0.290085,-0.071904,-0.009248,-0.007424
1781258163781501929,2026-06-12T16:56:03.781523,prediction,-0.105381,0.683000,0.150877,True,-0.105650,0.668600,0.158918,0.000270,0.014400,0.008041,0.00,20,0.094839,1.204658,0.482566,0.000000,0.000000,0.000000,0.000000,0.002609,0.000000,-0.016380,-0.732480,0.290085,-0.071904,-0.009632,-0.008640
1781258163813618342,2026-06-12T16:56:03.813638,prediction,-0.105386,0.680000,0.150965,True,-0.105650,0.668600,0.158918,0.000265,0.011400,0.007953,0.00,20,0.094839,1.204658,0.482566,0.000000,0.000000,0.000000,0.000000,0.002609,0.000000,-0.016380,-0.732480,0.290085,-0.071904,-0.009632,-0.008640
1781258163845257714,2026-06-12T16:56:03.845276,prediction,-0.105381,0.683000,0.150877,True,-0.105650,0.668600,0.158918,0.000270,0.014400,0.008041,0.00,20,0.094839,1.204658,0.482566,0.000000,0.000000,0.000000,0.000000,0.002609,0.000000,-0.016380,-0.732480,0.290085,-0.071904,-0.009632,-0.008640
1781258163877947229,2026-06-12T16:56:03.877970,prediction,-0.102950,0.672000,0.151197,True,-0.105650,0.668600,0.158918,0.002700,0.003400,0.007721,0.00,20,0.094839,1.204658,0.482566,0.000000,0.000000,0.000000,0.000000,0.002609,0.000000,-0.016380,-0.732480,0.290085,-0.071904,-0.009632,-0.008640
1781258163910775334,2026-06-12T16:56:03.910803,prediction,-0.102950,0.676000,0.151081,True,-0.105650,0.668600,0.158918,0.002701,0.007400,0.007837,0.00,20,0.094839,1.204658,0.482566,0.000000,0.000000,0.000000,0.000000,0.002609,0.000000,-0.016380,-0.732480,0.290085,-0.071904,-0.009632,-0.008640
1781258163944586625,2026-06-12T16:56:03.944602,prediction,-0.102949,0.683000,0.150877,True,-0.105650,0.668600,0.158918,0.002701,0.014400,0.008041,0.00,20,0.094839,1.204658,0.482566,0.000000,0.000000,0.000000,0.000000,0.002609,0.000000,-0.016380,-0.732480,0.290085,-0.071904,-0.011424,-0.009760
1781258163977240284,2026-06-12T16:56:03.977257,prediction,-0.105386,0.680000,0.150965,True,-0.105650,0.668600,0.158918,0.000265,0.011400,0.007953,0.00,20,0.094839,1.204658,0.482566,0.000000,0.000000,0.000000,0.000000,0.002609,0.000000,-0.015120,-0.732200,0.290085,-0.071904,-0.011424,-0.009760
1781258164012110782,2026-06-12T16:56:04.012130,prediction,-0.102949,0.687000,0.150761,True,-0.105650,0.668600,0.158918,0.002702,0.018400,0.008157,0.00,20,0.094839,1.204658,0.482566,0.000000,0.000000,0.000000,0.000000,0.002609,0.000000,-0.015120,-0.732200,0.290085,-0.071904,-0.011424,-0.009760
1781258164043540823,2026-06-12T16:56:04.043563,prediction,-0.105381,0.683000,0.150877,True,-0.105650,0.668600,0.158918,0.000270,0.014400,0.008041,0.00,20,0.094839,1.204658,0.482566,0.000000,0.000000,0.000000,0.000000,0.002609,0.000000,-0.015120,-0.732200,0.290085,-0.071904,-0.011424,-0.009760
1781258164073680491,2026-06-12T16:56:04.073695,prediction,-0.102950,0.676000,0.151081,True,-0.105650,0.668600,0.158918,0.002701,0.007400,0.007837,0.00,20,0.094839,1.204658,0.482566,0.000000,0.000000,0.000000,0.000000,0.002609,0.000000,-0.015120,-0.732200,0.290085,-0.071904,-0.011424,-0.009760
1781258164102862895,2026-06-12T16:56:04.102877,prediction,-0.102950,0.676000,0.151081,True,-0.105650,0.668600,0.158918,0.002701,0.007400,0.007837,0.00,20,0.094839,1.204658,0.482566,0.000000,0.000000,0.000000,0.000000,0.002609,0.000000,-0.015120,-0.732200,0.290085,-0.071904,-0.011424,-0.009760
1781258164136409178,2026-06-12T16:56:04.136429,prediction,-0.102949,0.683000,0.150877,True,-0.105650,0.668600,0.158918,0.002701,0.014400,0.008041,0.00,20,0.094839,1.204658,0.482566,0.000000,0.000000,0.000000,0.000000,0.002609,0.000000,-0.015120,-0.732200,0.290085,-0.071904,-0.011424,-0.009760
1781258164168331626,2026-06-12T16:56:04.168353,prediction,-0.102949,0.687000,0.150761,True,-0.105650,0.668600,0.158918,0.002702,0.018400,0.008157,0.00,20,0.094839,1.204658,0.482566,0.000000,0.000000,0.000000,0.000000,0.002609,0.000000,-0.015120,-0.732200,0.290085,-0.071904,-0.011424,-0.009760
1781258164199256818,2026-06-12T16:56:04.199278,prediction,-0.102949,0.683000,0.150877,True,-0.105650,0.668600,0.158918,0.002701,0.014400,0.008041,0.00,20,0.094839,1.204658,0.482566,0.000000,0.000000,0.000000,0.000000,0.002609,0.000000,-0.014140,-0.732200,0.288840,-0.071904,-0.009760,-0.007424
1781258164228741939,2026-06-12T16:56:04.228766,prediction,-0.105386,0.680000,0.150965,True,-0.105650,0.668600,0.158918,0.000265,0.011400,0.007953,0.00,20,0.094839,1.204658,0.482566,0.000000,0.000000,0.000000,0.000000,0.002609,0.000000,-0.014560,-0.731780,0.290085,-0.071904,-0.009248,-0.007744
1781258164258564549,2026-06-12T16:56:04.258582,prediction,-0.105393,0.676000,0.151081,True,-0.105650,0.668600,0.158918,0.000258,0.007400,0.007837,0.00,20,0.094839,1.204658,0.482566,0.000000,0.000000,0.000000,0.000000,0.002609,0.000000,-0.014560,-0.731780,0.290085,-0.071904,-0.009248,-0.007744
1781258164294269112,2026-06-12T16:56:04.294291,prediction,-0.105374,0.687000,0.150761,True,-0.105650,0.668600,0.158918,0.000277,0.018400,0.008157,0.00,20,0.094839,1.204658,0.482566,0.000000,0.000000,0.000000,0.000000,0.002609,0.000000,-0.014560,-0.731780,0.290085,-0.071904,-0.009248,-0.007744
1781258164325877266,2026-06-12T16:56:04.325894,prediction,-0.105381,0.683000,0.150877,True,-0.105650,0.668600,0.158918,0.000270,0.014400,0.008041,0.00,20,0.094839,1.204658,0.482566,0.000000,0.000000,0.000000,0.000000,0.002609,0.000000,-0.014560,-0.731780,0.290085,-0.071904,-0.009248,-0.007744
1781258164359492845,2026-06-12T16:56:04.359512,prediction,-0.105381,0.683000,0.150877,True,-0.105650,0.668600,0.158918,0.000270,0.014400,0.008041,0.00,20,0.094839,1.204658,0.482566,0.000000,0.000000,0.000000,0.000000,0.002609,0.000000,-0.013860,-0.731780,0.289919,-0.071904,-0.011200,-0.009184
1781258164393944780,2026-06-12T16:56:04.393959,prediction,-0.105393,0.676000,0.151081,True,-0.105650,0.668600,0.158918,0.000258,0.007400,0.007837,0.00,20,0.094839,1.204658,0.482566,0.000000,0.000000,0.000000,0.000000,0.002609,0.000000,-0.013020,-0.733460,0.289919,-0.071904,-0.008960,-0.007424
1781258164435212068,2026-06-12T16:56:04.435235,prediction,-0.105381,0.683000,0.150877,True,-0.105650,0.668600,0.158918,0.000270,0.014400,0.008041,0.00,20,0.094839,1.204658,0.482566,0.000000,0.000000,0.000000,0.000000,0.002609,0.000000,-0.013020,-0.731500,0.289919,-0.071904,-0.008704,-0.007360
1781258164465468007,2026-06-12T16:56:04.465488,prediction,-0.105381,0.683000,0.148443,True,-0.105650,0.668600,0.158918,0.000270,0.014400,0.010476,0.00,20,0.094839,1.204658,0.482566,0.000000,0.000000,0.000000,0.000000,0.002609,0.000000,-0.013020,-0.731500,0.289919,-0.071904,-0.008704,-0.007360
1781258164495546897,2026-06-12T16:56:04.495564,prediction,-0.105393,0.676000,0.151081,True,-0.105650,0.668600,0.158918,0.000258,0.007400,0.007837,0.00,20,0.094839,1.204658,0.482566,0.000000,0.000000,0.000000,0.000000,0.002609,0.000000,-0.013020,-0.731500,0.289919,-0.071904,-0.008704,-0.007360
1781258164529835404,2026-06-12T16:56:04.529855,prediction,-0.105374,0.687000,0.150761,True,-0.105650,0.668600,0.158918,0.000277,0.018400,0.008157,0.00,20,0.094839,1.204658,0.482566,0.000000,0.000000,0.000000,0.000000,0.002609,0.000000,-0.013020,-0.731500,0.289919,-0.071904,-0.008704,-0.007360
1781258164571455510,2026-06-12T16:56:04.571483,prediction,-0.105369,0.690000,0.150674,True,-0.105650,0.668600,0.158918,0.000282,0.021400,0.008244,0.00,20,0.094839,1.204658,0.482566,0.000000,0.000000,0.000000,0.000000,0.002609,0.000000,-0.013020,-0.731500,0.289919,-0.071904,-0.008704,-0.007360
1781258164607588312,2026-06-12T16:56:04.607608,prediction,-0.102949,0.683000,0.150877,True,-0.105650,0.668600,0.158918,0.002701,0.014400,0.008041,0.00,20,0.094839,1.204658,0.482566,0.000000,0.000000,0.000000,0.000000,0.000000,0.000000,-0.013020,-0.731500,0.288840,-0.071904,-0.010080,-0.007744
1781258164644015791,2026-06-12T16:56:04.644051,prediction,-0.102949,0.687000,0.150761,True,-0.105650,0.668600,0.158918,0.002702,0.018400,0.008157,0.00,20,0.094839,1.204658,0.482566,0.000000,0.000000,0.000000,0.000000,0.000000,0.000000,-0.013020,-0.731500,0.288840,-0.071904,-0.010080,-0.007744
1781258164675855169,2026-06-12T16:56:04.675876,prediction,-0.102949,0.687000,0.150761,True,-0.105650,0.668600,0.158918,0.002702,0.018400,0.008157,0.00,20,0.094839,1.204658,0.482566,0.000000,0.000000,0.000000,0.000000,0.000000,0.000000,-0.013020,-0.731500,0.288840,-0.071904,-0.010080,-0.007744
1781258164705614723,2026-06-12T16:56:04.705633,prediction,-0.102949,0.680000,0.150965,True,-0.105650,0.668600,0.158918,0.002701,0.011400,0.007953,0.00,20,0.094839,1.204658,0.482566,0.000000,0.000000,0.000000,0.000000,0.000000,0.000000,-0.013020,-0.731500,0.288840,-0.071904,-0.010080,-0.007744
1781258164734826543,2026-06-12T16:56:04.734848,prediction,-0.102949,0.683000,0.150877,True,-0.105650,0.668600,0.158918,0.002701,0.014400,0.008041,0.00,20,0.094839,1.204658,0.482566,0.000000,0.000000,0.000000,0.000000,0.002609,0.000000,-0.012320,-0.733040,0.289919,-0.071904,-0.011264,-0.009632
1781258164764407036,2026-06-12T16:56:04.764425,prediction,-0.102949,0.687000,0.150761,True,-0.105650,0.668600,0.158918,0.002702,0.018400,0.008157,0.00,20,0.094839,1.204658,0.482566,0.000000,0.000000,0.000000,0.000000,0.000000,0.000000,-0.012600,-0.731220,0.288674,-0.071904,-0.011584,-0.009920
1781258164798581054,2026-06-12T16:56:04.798601,prediction,-0.102950,0.676000,0.153527,True,-0.105650,0.668600,0.158918,0.002701,0.007400,0.005391,0.00,20,0.094839,1.204658,0.482566,0.000000,0.000000,0.000000,0.000000,0.000000,0.000000,-0.011340,-0.730940,0.289919,-0.071904,-0.009184,-0.007296
1781258164831982933,2026-06-12T16:56:04.832004,prediction,-0.102949,0.683000,0.153312,True,-0.105650,0.668600,0.158918,0.002701,0.014400,0.005606,0.00,20,0.094839,1.204658,0.482566,0.000000,0.000000,0.000000,0.000000,0.000000,0.000000,-0.011060,-0.730940,0.288840,-0.071904,-0.010976,-0.008864
1781258164861059266,2026-06-12T16:56:04.861083,prediction,-0.102949,0.687000,0.150761,True,-0.105650,0.668600,0.158918,0.002702,0.018400,0.008157,0.00,20,0.094839,1.204658,0.482566,0.000000,0.000000,0.000000,0.000000,0.000000,0.000000,-0.011060,-0.730940,0.288840,-0.071904,-0.010976,-0.008864
1781258164893388117,2026-06-12T16:56:04.893408,prediction,-0.102948,0.694000,0.150558,True,-0.105650,0.668600,0.158918,0.002702,0.025400,0.008360,0.00,20,0.094839,1.204658,0.482566,0.000000,0.000000,0.000000,0.000000,0.000000,0.000000,-0.011060,-0.730940,0.288840,-0.071904,-0.010976,-0.008864
1781258164928793440,2026-06-12T16:56:04.928813,prediction,-0.100518,0.683000,0.153312,True,-0.105650,0.668600,0.158918,0.005133,0.014400,0.005606,0.00,20,0.094839,1.204658,0.482566,0.000000,0.000000,0.000000,0.000000,0.000000,0.000000,-0.011060,-0.730940,0.288840,-0.071904,-0.010976,-0.008864
1781258164962205297,2026-06-12T16:56:04.962221,prediction,-0.100507,0.676000,0.153527,True,-0.105650,0.668600,0.158918,0.005144,0.007400,0.005391,0.00,20,0.094839,1.204658,0.482566,0.000000,0.000000,0.000000,0.000000,0.000000,0.000000,-0.011060,-0.730940,0.288840,-0.071904,-0.010976,-0.008864
1781258164992783004,2026-06-12T16:56:04.992805,prediction,-0.100524,0.687000,0.153189,True,-0.105650,0.668600,0.158918,0.005127,0.018400,0.005729,0.00,20,0.094839,1.204658,0.482566,0.000000,0.000000,0.000000,0.000000,0.000000,0.000000,-0.011060,-0.730940,0.288840,-0.071904,-0.010976,-0.008864
1781258165028193757,2026-06-12T16:56:05.028214,prediction,-0.102949,0.690000,0.153097,True,-0.105650,0.668600,0.158918,0.002702,0.021400,0.005821,0.00,20,0.094839,1.204658,0.482566,0.000000,0.000000,0.000000,0.000000,0.000000,0.000000,-0.011340,-0.732480,0.288840,-0.071904,-0.011424,-0.009920
1781258165062393693,2026-06-12T16:56:05.062415,prediction,-0.102949,0.687000,0.150761,True,-0.105650,0.668600,0.158918,0.002702,0.018400,0.008157,0.00,20,0.094839,1.204658,0.482566,0.000000,0.000000,0.000000,0.000000,0.000000,0.000000,-0.011340,-0.732480,0.289919,-0.071904,-0.011648,-0.009984
1781258165093513967,2026-06-12T16:56:05.093533,prediction,-0.102950,0.676000,0.151081,True,-0.105650,0.668600,0.158918,0.002701,0.007400,0.007837,0.00,20,0.094839,1.204658,0.482566,0.000000,0.000000,0.000000,0.000000,0.002609,0.000000,-0.010500,-0.731780,0.288840,-0.071904,-0.008800,-0.007584
1781258165129080118,2026-06-12T16:56:05.129099,prediction,-0.102949,0.687000,0.153189,True,-0.105650,0.668600,0.158918,0.002702,0.018400,0.005729,0.00,20,0.094839,1.204658,0.482566,0.000000,0.000000,0.000000,0.000000,0.002609,0.000000,-0.010500,-0.731780,0.288840,-0.071904,-0.008800,-0.007584
1781258165163680373,2026-06-12T16:56:05.163703,prediction,-0.102949,0.690000,0.153097,True,-0.105650,0.668600,0.158918,0.002702,0.021400,0.005821,0.00,20,0.094839,1.204658,0.482566,0.000000,0.000000,0.000000,0.000000,0.002609,0.000000,-0.010500,-0.731780,0.288840,-0.071904,-0.008800,-0.007584
1781258165197989153,2026-06-12T16:56:05.198000,prediction,-0.102949,0.687000,0.150761,True,-0.105650,0.668600,0.158918,0.002702,0.018400,0.008157,0.00,20,0.094839,1.204658,0.482566,0.000000,0.000000,0.000000,0.000000,0.002609,0.000000,-0.010500,-0.731780,0.288840,-0.071904,-0.008800,-0.007584
1781258165228389625,2026-06-12T16:56:05.228410,prediction,-0.102949,0.680000,0.150965,True,-0.105650,0.668600,0.158918,0.002701,0.011400,0.007953,0.00,20,0.094839,1.204658,0.482566,0.000000,0.000000,0.000000,0.000000,0.000000,0.000000,-0.009800,-0.729960,0.290085,-0.071904,-0.008960,-0.007744
1781258165264838444,2026-06-12T16:56:05.264855,prediction,-0.102949,0.680000,0.150965,True,-0.105650,0.668600,0.158918,0.002701,0.011400,0.007953,0.00,20,0.094839,1.204658,0.482566,0.000000,0.000000,0.000000,0.000000,0.000000,0.000000,-0.010780,-0.729120,0.288840,-0.071904,-0.010688,-0.009472
1781258165297323613,2026-06-12T16:56:05.297338,prediction,-0.102950,0.676000,0.151081,True,-0.105650,0.668600,0.158918,0.002701,0.007400,0.007837,0.00,20,0.094839,1.204658,0.482566,0.000000,0.000000,0.000000,0.000000,0.000000,0.000000,-0.010780,-0.729120,0.288840,-0.071904,-0.010688,-0.009472
1781258165326638023,2026-06-12T16:56:05.326671,prediction,-0.102950,0.669000,0.151284,True,-0.105650,0.668600,0.158918,0.002700,0.000400,0.007634,0.00,20,0.094839,1.204658,0.482566,0.000000,0.000000,0.000000,0.000000,0.000000,0.000000,-0.010780,-0.729120,0.288840,-0.071904,-0.010688,-0.009472
1781258165368599154,2026-06-12T16:56:05.368667,prediction,-0.102949,0.680000,0.153404,True,-0.105650,0.668600,0.158918,0.002701,0.011400,0.005514,0.00,20,0.094839,1.204658,0.482566,0.000000,0.000000,0.000000,0.000000,0.000000,0.000000,-0.010780,-0.729120,0.288840,-0.071904,-0.010688,-0.009472
1781258165398563665,2026-06-12T16:56:05.398584,prediction,-0.102950,0.676000,0.153527,True,-0.105650,0.668600,0.158918,0.002701,0.007400,0.005391,0.00,20,0.094839,1.204658,0.482566,0.000000,0.000000,0.000000,0.000000,0.000000,0.000000,-0.010780,-0.729120,0.288840,-0.071904,-0.010688,-0.009472
1781258165428742874,2026-06-12T16:56:05.428759,prediction,-0.105386,0.680000,0.153404,True,-0.105650,0.668600,0.158918,0.000265,0.011400,0.005514,0.00,20,0.094839,1.204658,0.482566,0.000000,0.000000,0.000000,0.000000,0.000000,0.000000,-0.010780,-0.729120,0.288840,-0.071904,-0.010688,-0.009472
1781258165462778663,2026-06-12T16:56:05.462805,prediction,-0.105386,0.680000,0.150965,True,-0.105650,0.668600,0.158918,0.000265,0.011400,0.007953,0.00,20,0.094839,1.204658,0.482566,0.000000,0.000000,0.000000,0.000000,0.002609,0.000000,-0.009520,-0.730940,0.288840,-0.071904,-0.008704,-0.007584
1781258165499620604,2026-06-12T16:56:05.499639,prediction,-0.105369,0.690000,0.150674,True,-0.105650,0.668600,0.158918,0.000282,0.021400,0.008244,0.00,20,0.094839,1.204658,0.482566,0.000000,0.000000,0.000000,0.000000,0.000000,0.000000,-0.009520,-0.730660,0.290085,-0.071904,-0.009920,-0.008192
1781258165528518122,2026-06-12T16:56:05.528530,prediction,-0.105374,0.687000,0.150761,True,-0.105650,0.668600,0.158918,0.000277,0.018400,0.008157,0.00,20,0.094839,1.204658,0.482566,0.000000,0.000000,0.000000,0.000000,0.000000,0.000000,-0.009520,-0.730660,0.289919,-0.071904,-0.010592,-0.008192
1781258165560629652,2026-06-12T16:56:05.560673,prediction,-0.105386,0.680000,0.150965,True,-0.105650,0.668600,0.158918,0.000265,0.011400,0.007953,0.00,20,0.094839,1.204658,0.482566,0.000000,0.000000,0.000000,0.000000,0.000000,0.000000,-0.009520,-0.730660,0.289919,-0.071904,-0.010592,-0.008192
1781258165594306093,2026-06-12T16:56:05.594324,prediction,-0.105369,0.690000,0.150674,True,-0.105650,0.668600,0.158918,0.000282,0.021400,0.008244,0.00,20,0.094839,1.204658,0.482566,0.000000,0.000000,0.000000,0.000000,0.000000,0.000000,-0.009520,-0.730660,0.289919,-0.071904,-0.010592,-0.008192
1781258165626670275,2026-06-12T16:56:05.626691,prediction,-0.105362,0.694000,0.150558,True,-0.105650,0.668600,0.158918,0.000289,0.025400,0.008360,0.00,20,0.094839,1.204658,0.482566,0.000000,0.000000,0.000000,0.000000,0.000000,0.000000,-0.009520,-0.730660,0.289919,-0.071904,-0.010592,-0.008192
1781258165661656926,2026-06-12T16:56:05.661674,prediction,-0.105374,0.687000,0.150761,True,-0.105650,0.668600,0.158918,0.000277,0.018400,0.008157,0.00,20,0.094839,1.204658,0.482566,0.000000,0.000000,0.000000,0.000000,0.000000,0.000000,-0.009520,-0.730660,0.289919,-0.071904,-0.010592,-0.008192
1781258165695827194,2026-06-12T16:56:05.695843,prediction,-0.105369,0.690000,0.150674,True,-0.105650,0.668600,0.158918,0.000282,0.021400,0.008244,0.00,20,0.094839,1.204658,0.482566,0.000000,0.000000,0.000000,0.000000,0.002609,0.000000,-0.008260,-0.730660,0.290085,-0.071904,-0.011424,-0.009920
1781258165730087806,2026-06-12T16:56:05.730105,prediction,-0.107799,0.687000,0.150761,True,-0.105650,0.668600,0.158918,0.002148,0.018400,0.008157,0.00,20,0.094839,1.204658,0.482566,0.000000,0.000000,0.000000,0.000000,0.000000,0.000000,-0.007980,-0.730660,0.288840,-0.071904,-0.008704,-0.007808
1781258165763356210,2026-06-12T16:56:05.763372,prediction,-0.105381,0.683000,0.150877,True,-0.105650,0.668600,0.158918,0.000270,0.014400,0.008041,0.00,20,0.094839,1.204658,0.482566,0.000000,0.000000,0.000000,0.000000,0.000000,0.000000,-0.007980,-0.730660,0.288840,-0.071904,-0.008704,-0.007808
1781258165795071590,2026-06-12T16:56:05.795091,prediction,-0.105381,0.683000,0.150877,True,-0.105650,0.668600,0.158918,0.000270,0.014400,0.008041,0.00,20,0.094839,1.204658,0.482566,0.000000,0.000000,0.000000,0.000000,0.000000,0.000000,-0.007980,-0.730660,0.288840,-0.071904,-0.008704,-0.007808
1781258165827541070,2026-06-12T16:56:05.827556,prediction,-0.105381,0.683000,0.150877,True,-0.105650,0.668600,0.158918,0.000270,0.014400,0.008041,0.00,20,0.094839,1.204658,0.482566,0.000000,0.000000,0.000000,0.000000,0.000000,0.000000,-0.007980,-0.730660,0.288840,-0.071904,-0.008704,-0.007808
1781258165863280605,2026-06-12T16:56:05.863300,prediction,-0.105393,0.676000,0.151081,True,-0.105650,0.668600,0.158918,0.000258,0.007400,0.007837,0.00,20,0.094839,1.204658,0.482566,0.000000,0.000000,0.000000,0.000000,0.000000,0.000000,-0.007980,-0.730660,0.288840,-0.071904,-0.008704,-0.007808
1781258165893881692,2026-06-12T16:56:05.893903,prediction,-0.105386,0.680000,0.150965,True,-0.105650,0.668600,0.158918,0.000265,0.011400,0.007953,0.00,20,0.094839,1.204658,0.482566,0.000000,0.000000,0.000000,0.000000,0.000000,0.000000,-0.007420,-0.728420,0.289919,-0.071904,-0.008640,-0.007584
1781258165927842541,2026-06-12T16:56:05.927860,prediction,-0.105374,0.687000,0.150761,True,-0.105650,0.668600,0.158918,0.000277,0.018400,0.008157,0.00,20,0.094839,1.204658,0.482566,0.000000,0.000000,0.000000,0.000000,0.002609,0.000000,-0.007420,-0.728420,0.289919,-0.071904,-0.008352,-0.007584
1781258165962784126,2026-06-12T16:56:05.962803,prediction,-0.105400,0.672000,0.151197,True,-0.105650,0.668600,0.158918,0.000251,0.003400,0.007721,0.00,20,0.094839,1.204658,0.482566,0.000000,0.000000,0.000000,0.000000,0.002609,0.000000,-0.007420,-0.728420,0.289919,-0.071904,-0.008352,-0.007584
1781258165993977815,2026-06-12T16:56:05.994000,prediction,-0.105381,0.683000,0.150877,True,-0.105650,0.668600,0.158918,0.000270,0.014400,0.008041,0.00,20,0.094839,1.204658,0.482566,0.000000,0.000000,0.000000,0.000000,0.002609,0.000000,-0.007420,-0.728420,0.289919,-0.071904,-0.008352,-0.007584
1781258166026354686,2026-06-12T16:56:06.026371,prediction,-0.105386,0.680000,0.150965,True,-0.105650,0.668600,0.158918,0.000265,0.011400,0.007953,0.00,20,0.094839,1.204658,0.482566,0.000000,0.000000,0.000000,0.000000,0.002609,0.000000,-0.007420,-0.728420,0.289919,-0.071904,-0.008352,-0.007584
1781258166061016056,2026-06-12T16:56:06.061029,prediction,-0.105381,0.683000,0.150877,True,-0.105650,0.668600,0.158918,0.000270,0.014400,0.008041,0.00,20,0.094839,1.204658,0.482566,0.000000,0.000000,0.000000,0.000000,0.000000,0.000000,-0.006720,-0.728420,0.288840,-0.071904,-0.011264,-0.009920


============================================================
EXPERIMENT METRICS
  File: experiment_GRU_20260612_165545.csv
  Total samples: 620
  Task completion time: 20.91 s
  --- Prediction Accuracy (over 620 samples) ---
  Avg Inference Time: 2.12 ms
  Mean Squared Error (MSE): 0.046607 m²
  Mean Absolute Error (MAE - 3D): 0.0958 m
      MAE X: 0.0237 m
      MAE Y: 0.0853 m
      MAE Z: 0.0102 m
  --- Trajectory Smoothness (Robot EE) ---
  Mean Jerk (3D): 12.1026 m/s³
      Jerk X: 3.8959 m/s³
      Jerk Y: 10.7945 m/s³
      Jerk Z: 2.2916 m/s³
  Max Jerk (3D): 94.9542 m/s³
  RMS Jerk (3D): 21.9413 m/s³
============================================================
