ros_timestamp_ns,wall_time,trajectory_mode,meas_x,meas_y,meas_z,is_tracked,pred_x,pred_y,pred_z,mae_x,mae_y,mae_z,inference_ms,buffer_size,robot_ee_x,robot_ee_y,robot_ee_z,j1_vel,j2_vel,j3_vel,j4_vel,j5_vel,j6_vel,j1_eff,j2_eff,j3_eff,j4_eff,j5_eff,j6_eff
1781085046238588443,2026-06-10T16:50:46.238621,ground_truth,0.096404,-0.316000,-0.092570,True,,,,,,,,,-0.195661,-0.200352,0.320855,,,,,,,,,,,,
1781085046461746855,2026-06-10T16:50:46.461779,ground_truth,0.096099,-0.315000,-0.099005,True,,,,,,,,,-0.195067,-0.203074,0.319446,,,,,,,,,,,,
1781085046501730531,2026-06-10T16:50:46.501753,ground_truth,0.099084,-0.313000,-0.101462,True,,,,,,,,,-0.195067,-0.203074,0.319446,,,,,,,,,,,,
1781085046542079735,2026-06-10T16:50:46.542109,ground_truth,0.087831,-0.306000,-0.108242,True,,,,,,,,,-0.194503,-0.205172,0.319016,,,,,,,,,,,,
1781085046583123452,2026-06-10T16:50:46.583154,ground_truth,0.087614,-0.307000,-0.107083,True,,,,,,,,,-0.194503,-0.205172,0.319016,,,,,,,,,,,,
1781085046657835505,2026-06-10T16:50:46.657861,ground_truth,0.086103,-0.307000,-0.113135,True,,,,,,,,,-0.194243,-0.209499,0.318419,,,,,,,,,,,,
1781085046734550021,2026-06-10T16:50:46.734579,ground_truth,0.086889,-0.308000,-0.111480,True,,,,,,,,,-0.198660,-0.216420,0.319044,,,,,,,,,,,,
1781085046801579246,2026-06-10T16:50:46.801606,ground_truth,0.084636,-0.309000,-0.110319,True,,,,,,,,,-0.201231,-0.216627,0.319684,,,,,,,,,,,,
1781085046874675506,2026-06-10T16:50:46.874699,ground_truth,0.089488,-0.310000,-0.104564,True,,,,,,,,,-0.203687,-0.214606,0.320430,,,,,,,,,,,,
1781085046920708721,2026-06-10T16:50:46.920736,ground_truth,0.084868,-0.308000,-0.108950,True,,,,,,,,,-0.203687,-0.214606,0.320430,,,,,,,,,,,,
1781085046984227778,2026-06-10T16:50:46.984256,ground_truth,0.082341,-0.308000,-0.111986,True,,,,,,,,,-0.206132,-0.210373,0.321276,,,,,,,,,,,,
1781085047039281847,2026-06-10T16:50:47.039308,ground_truth,0.083922,-0.312000,-0.101650,True,,,,,,,,,-0.209076,-0.205603,0.322161,,,,,,,,,,,,
1781085047076098543,2026-06-10T16:50:47.076130,ground_truth,0.088245,-0.311000,-0.101836,True,,,,,,,,,-0.213426,-0.200413,0.323377,,,,,,,,,,,,
1781085047151752902,2026-06-10T16:50:47.151781,ground_truth,0.088118,-0.307000,-0.104561,True,,,,,,,,,-0.217869,-0.193396,0.327043,,,,,,,,,,,,
1781085047192134228,2026-06-10T16:50:47.192158,ground_truth,0.099515,-0.316000,-0.095166,True,,,,,,,,,-0.220378,-0.187097,0.331323,,,,,,,,,,,,
1781085047255682621,2026-06-10T16:50:47.255703,ground_truth,0.103043,-0.311000,-0.096726,True,,,,,,,,,-0.220378,-0.187097,0.331323,,,,,,,,,,,,
1781085047297863975,2026-06-10T16:50:47.297884,ground_truth,0.103901,-0.309000,-0.094073,True,,,,,,,,,-0.221196,-0.180873,0.335808,,,,,,,,,,,,
1781085047343490883,2026-06-10T16:50:47.343515,ground_truth,0.105084,-0.311000,-0.100814,True,,,,,,,,,-0.220564,-0.176352,0.338918,,,,,,,,,,,,
1781085047413829841,2026-06-10T16:50:47.413858,ground_truth,0.103901,-0.309000,-0.092550,True,,,,,,,,,-0.218537,-0.172867,0.340971,,,,,,,,,,,,
1781085047451442026,2026-06-10T16:50:47.451467,ground_truth,0.107913,-0.306000,-0.092657,True,,,,,,,,,-0.218537,-0.172867,0.340971,,,,,,,,,,,,
1781085047512488354,2026-06-10T16:50:47.512514,ground_truth,0.107411,-0.306000,-0.092657,True,,,,,,,,,-0.215187,-0.170675,0.341779,,,,,,,,,,,,
1781085047572249261,2026-06-10T16:50:47.572273,ground_truth,0.108265,-0.307000,-0.091447,True,,,,,,,,,-0.210823,-0.170039,0.341390,,,,,,,,,,,,
1781085047624041334,2026-06-10T16:50:47.624111,ground_truth,0.109061,-0.305000,-0.096363,True,,,,,,,,,-0.205944,-0.171263,0.339887,,,,,,,,,,,,
1781085047693671997,2026-06-10T16:50:47.693702,ground_truth,0.108561,-0.305000,-0.097365,True,,,,,,,,,-0.200936,-0.174604,0.337703,,,,,,,,,,,,
1781085047747752757,2026-06-10T16:50:47.747784,ground_truth,0.110062,-0.305000,-0.092856,True,,,,,,,,,-0.196457,-0.180074,0.335364,,,,,,,,,,,,
1781085047802413296,2026-06-10T16:50:47.802439,ground_truth,0.116447,-0.306000,-0.089138,True,,,,,,,,,-0.192862,-0.187619,0.333035,,,,,,,,,,,,
1781085047836574927,2026-06-10T16:50:47.836601,ground_truth,0.110849,-0.310000,-0.109148,True,,,,,,,,,-0.192862,-0.187619,0.333035,,,,,,,,,,,,
1781085047912794612,2026-06-10T16:50:47.912817,ground_truth,0.111696,-0.304000,-0.105537,True,,,,,,,,,-0.191449,-0.195553,0.331017,,,,,,,,,,,,
1781085047950272703,2026-06-10T16:50:47.950295,ground_truth,0.116828,-0.307000,-0.088421,True,,,,,,,,,-0.191704,-0.202106,0.329609,,,,,,,,,,,,
1781085047981680556,2026-06-10T16:50:47.981711,ground_truth,0.113180,-0.300000,-0.097248,True,,,,,,,,,-0.191704,-0.202106,0.329609,,,,,,,,,,,,
1781085048018463710,2026-06-10T16:50:48.018492,ground_truth,0.112312,-0.299000,-0.098889,True,,,,,,,,,-0.190237,-0.209044,0.326894,,,,,,,,,,,,
1781085048076906134,2026-06-10T16:50:48.076927,ground_truth,0.108561,-0.305000,-0.100372,True,,,,,,,,,-0.186560,-0.216420,0.323932,,,,,,,,,,,,
1781085048144746459,2026-06-10T16:50:48.144775,ground_truth,0.109340,-0.303000,-0.098718,True,,,,,,,,,-0.183965,-0.224557,0.322274,,,,,,,,,,,,
1781085048204437118,2026-06-10T16:50:48.204461,ground_truth,0.107706,-0.304000,-0.097046,True,,,,,,,,,-0.182287,-0.230628,0.321206,,,,,,,,,,,,
1781085048235973676,2026-06-10T16:50:48.236020,ground_truth,0.109701,-0.304000,-0.092052,True,,,,,,,,,-0.182287,-0.230628,0.321206,,,,,,,,,,,,
1781085048275656359,2026-06-10T16:50:48.275684,ground_truth,0.108306,-0.310000,-0.107111,True,,,,,,,,,-0.181188,-0.234644,0.320506,,,,,,,,,,,,
1781085048335750235,2026-06-10T16:50:48.335779,ground_truth,0.108655,-0.311000,-0.106945,True,,,,,,,,,-0.181558,-0.233307,0.320741,,,,,,,,,,,,
1781085048403179826,2026-06-10T16:50:48.403206,ground_truth,0.108815,-0.310000,-0.106092,True,,,,,,,,,-0.183512,-0.233918,0.321604,,,,,,,,,,,,
1781085048463095989,2026-06-10T16:50:48.463123,ground_truth,0.109166,-0.311000,-0.107456,True,,,,,,,,,-0.185273,-0.232932,0.322108,,,,,,,,,,,,
1781085048522144791,2026-06-10T16:50:48.522178,ground_truth,0.106104,-0.311000,-0.105412,True,,,,,,,,,-0.185273,-0.232932,0.322108,,,,,,,,,,,,
1781085048580144671,2026-06-10T16:50:48.580167,ground_truth,0.106445,-0.312000,-0.108827,True,,,,,,,,,-0.187405,-0.232507,0.322559,,,,,,,,,,,,
1781085048649920098,2026-06-10T16:50:48.649951,ground_truth,0.097595,-0.299000,-0.111661,True,,,,,,,,,-0.189936,-0.230229,0.321888,,,,,,,,,,,,
1781085048707796687,2026-06-10T16:50:48.707821,ground_truth,0.101838,-0.312000,-0.103188,True,,,,,,,,,-0.189439,-0.230640,0.321995,,,,,,,,,,,,
1781085048766113881,2026-06-10T16:50:48.766134,ground_truth,0.100884,-0.306000,-0.109750,True,,,,,,,,,-0.188362,-0.230773,0.320066,,,,,,,,,,,,
1781085048829020317,2026-06-10T16:50:48.829049,ground_truth,0.106406,-0.306000,-0.091149,True,,,,,,,,,-0.185911,-0.231375,0.317831,,,,,,,,,,,,
1781085048903612834,2026-06-10T16:50:48.903638,ground_truth,0.104915,-0.309000,-0.107780,True,,,,,,,,,-0.182111,-0.233411,0.316059,,,,,,,,,,,,
1781085048944206420,2026-06-10T16:50:48.944243,ground_truth,0.104408,-0.309000,-0.099658,True,,,,,,,,,-0.180328,-0.235215,0.315210,,,,,,,,,,,,
1781085048982092836,2026-06-10T16:50:48.982125,ground_truth,0.103043,-0.311000,-0.103879,True,,,,,,,,,-0.180328,-0.235215,0.315210,,,,,,,,,,,,
1781085049019694211,2026-06-10T16:50:49.019729,ground_truth,0.103886,-0.312000,-0.103701,True,,,,,,,,,-0.181278,-0.234363,0.315660,,,,,,,,,,,,
1781085049064168780,2026-06-10T16:50:49.064199,ground_truth,0.105933,-0.312000,-0.105751,True,,,,,,,,,-0.181278,-0.234363,0.315660,,,,,,,,,,,,
1781085049145738356,2026-06-10T16:50:49.145769,ground_truth,0.105422,-0.312000,-0.105751,True,,,,,,,,,-0.181278,-0.234363,0.315660,,,,,,,,,,,,
1781085049240930125,2026-06-10T16:50:49.240959,ground_truth,0.109478,-0.309000,-0.105750,True,,,,,,,,,-0.182915,-0.234738,0.317514,,,,,,,,,,,,
1781085049323294704,2026-06-10T16:50:49.323327,ground_truth,0.106272,-0.310000,-0.109657,True,,,,,,,,,-0.182596,-0.234665,0.317152,,,,,,,,,,,,
1781085049389478561,2026-06-10T16:50:49.389508,ground_truth,0.107207,-0.304000,-0.099543,True,,,,,,,,,-0.184631,-0.234149,0.318092,,,,,,,,,,,,
1781085049467736893,2026-06-10T16:50:49.467768,ground_truth,0.108113,-0.308000,-0.104902,True,,,,,,,,,-0.188587,-0.232083,0.319626,,,,,,,,,,,,
1781085049519398902,2026-06-10T16:50:49.519426,ground_truth,0.107560,-0.305000,-0.099871,True,,,,,,,,,-0.188587,-0.232083,0.319626,,,,,,,,,,,,
1781085049565818333,2026-06-10T16:50:49.565852,ground_truth,0.108205,-0.304000,-0.098045,True,,,,,,,,,-0.189500,-0.230499,0.320692,,,,,,,,,,,,
1781085049635269971,2026-06-10T16:50:49.635295,ground_truth,0.109273,-0.307000,-0.087916,True,,,,,,,,,-0.189005,-0.229903,0.320341,,,,,,,,,,,,
1781085049723404653,2026-06-10T16:50:49.723436,ground_truth,0.105747,-0.307000,-0.093464,True,,,,,,,,,-0.187089,-0.230530,0.318824,,,,,,,,,,,,
1781085049806170575,2026-06-10T16:50:49.806205,ground_truth,0.113166,-0.308000,-0.087190,True,,,,,,,,,-0.180739,-0.234367,0.315171,,,,,,,,,,,,
1781085049897429335,2026-06-10T16:50:49.897456,ground_truth,0.112295,-0.307000,-0.087412,True,,,,,,,,,-0.178554,-0.235428,0.314223,,,,,,,,,,,,
1781085049995223934,2026-06-10T16:50:49.995249,ground_truth,0.114176,-0.308000,-0.086684,True,,,,,,,,,-0.179889,-0.236063,0.315542,,,,,,,,,,,,
1781085050076332307,2026-06-10T16:50:50.076363,ground_truth,0.110200,-0.304000,-0.091053,True,,,,,,,,,-0.183708,-0.235107,0.318090,,,,,,,,,,,,
1781085050163432236,2026-06-10T16:50:50.163462,ground_truth,0.110925,-0.306000,-0.088133,True,,,,,,,,,-0.185118,-0.234177,0.318905,,,,,,,,,,,,
1781085050248678321,2026-06-10T16:50:50.248710,ground_truth,0.108484,-0.302000,-0.095415,True,,,,,,,,,-0.187648,-0.232874,0.320911,,,,,,,,,,,,
1781085050337172544,2026-06-10T16:50:50.337207,ground_truth,0.110784,-0.307000,-0.088925,True,,,,,,,,,-0.188963,-0.231956,0.321415,,,,,,,,,,,,
1781085050417420864,2026-06-10T16:50:50.417452,ground_truth,0.108979,-0.302000,-0.095912,True,,,,,,,,,-0.192294,-0.229537,0.323045,,,,,,,,,,,,
1781085050499541657,2026-06-10T16:50:50.499574,ground_truth,0.111287,-0.307000,-0.087412,True,,,,,,,,,-0.196252,-0.226328,0.324952,,,,,,,,,,,,
1781085050572689295,2026-06-10T16:50:50.572714,ground_truth,0.113166,-0.308000,-0.086684,True,,,,,,,,,-0.199794,-0.222895,0.326435,,,,,,,,,,,,
1781085050639510999,2026-06-10T16:50:50.639564,ground_truth,0.113166,-0.308000,-0.087190,True,,,,,,,,,-0.201150,-0.219579,0.327577,,,,,,,,,,,,
1781085050702218075,2026-06-10T16:50:50.702249,ground_truth,0.112431,-0.306000,-0.089641,True,,,,,,,,,-0.198062,-0.220681,0.326930,,,,,,,,,,,,
1781085050793759925,2026-06-10T16:50:50.793786,ground_truth,0.107706,-0.304000,-0.095548,True,,,,,,,,,-0.196106,-0.221690,0.326763,,,,,,,,,,,,
1781085050846570776,2026-06-10T16:50:50.846601,ground_truth,0.107102,-0.308000,-0.088709,True,,,,,,,,,-0.192910,-0.223340,0.326490,,,,,,,,,,,,
1781085050903389973,2026-06-10T16:50:50.903424,ground_truth,0.106406,-0.306000,-0.096679,True,,,,,,,,,-0.188487,-0.226930,0.325815,,,,,,,,,,,,
1781085050949536868,2026-06-10T16:50:50.949571,ground_truth,0.106406,-0.306000,-0.095171,True,,,,,,,,,-0.184636,-0.230628,0.325249,,,,,,,,,,,,
1781085050997769795,2026-06-10T16:50:50.997798,ground_truth,0.105904,-0.306000,-0.096679,True,,,,,,,,,-0.182628,-0.233292,0.324604,,,,,,,,,,,,
1781085051054824264,2026-06-10T16:50:51.054858,ground_truth,0.108484,-0.302000,-0.093927,True,,,,,,,,,-0.182628,-0.233292,0.324604,,,,,,,,,,,,
1781085051098589795,2026-06-10T16:50:51.098623,ground_truth,0.110100,-0.301000,-0.098561,True,,,,,,,,,-0.183298,-0.232491,0.324777,,,,,,,,,,,,
1781085051169399209,2026-06-10T16:50:51.169432,ground_truth,0.108917,-0.306000,-0.088635,True,,,,,,,,,-0.183298,-0.232491,0.324777,,,,,,,,,,,,
1781085051218455153,2026-06-10T16:50:51.218489,ground_truth,0.108205,-0.304000,-0.096047,True,,,,,,,,,-0.183298,-0.232491,0.324777,,,,,,,,,,,,
1781085051301446049,2026-06-10T16:50:51.301475,ground_truth,0.108979,-0.302000,-0.094919,True,,,,,,,,,-0.183298,-0.232491,0.324777,,,,,,,,,,,,
1781085051395825249,2026-06-10T16:50:51.395848,ground_truth,0.109061,-0.305000,-0.091352,True,,,,,,,,,-0.184577,-0.232749,0.324592,,,,,,,,,,,,
1781085051485551702,2026-06-10T16:50:51.485585,ground_truth,0.109061,-0.305000,-0.091853,True,,,,,,,,,-0.186564,-0.232453,0.324220,,,,,,,,,,,,
1781085051572898881,2026-06-10T16:50:51.572928,ground_truth,0.110134,-0.308000,-0.107432,True,,,,,,,,,-0.189808,-0.231038,0.324193,,,,,,,,,,,,
1781085051663694735,2026-06-10T16:50:51.663742,ground_truth,0.109475,-0.302000,-0.099881,True,,,,,,,,,-0.189834,-0.230890,0.324063,,,,,,,,,,,,
1781085051749221320,2026-06-10T16:50:51.749244,ground_truth,0.109475,-0.302000,-0.099385,True,,,,,,,,,-0.191091,-0.229037,0.322815,,,,,,,,,,,,
1781085051815870322,2026-06-10T16:50:51.815899,ground_truth,0.110562,-0.305000,-0.090851,True,,,,,,,,,-0.190561,-0.229817,0.323341,,,,,,,,,,,,
1781085051900879156,2026-06-10T16:50:51.900911,ground_truth,0.111329,-0.303000,-0.091749,True,,,,,,,,,-0.188874,-0.228995,0.322180,,,,,,,,,,,,
1781085051980040721,2026-06-10T16:50:51.980072,ground_truth,0.105904,-0.306000,-0.098187,True,,,,,,,,,-0.186155,-0.228786,0.321287,,,,,,,,,,,,
1781085052028278525,2026-06-10T16:50:52.028305,ground_truth,0.107913,-0.306000,-0.099696,True,,,,,,,,,-0.183935,-0.229691,0.321140,,,,,,,,,,,,
1781085052071092920,2026-06-10T16:50:52.071123,ground_truth,0.107411,-0.306000,-0.099696,True,,,,,,,,,-0.181390,-0.230514,0.320315,,,,,,,,,,,,
1781085052147956695,2026-06-10T16:50:52.147977,ground_truth,0.106597,-0.308000,-0.090227,True,,,,,,,,,-0.182334,-0.230209,0.320621,,,,,,,,,,,,
1781085052203606734,2026-06-10T16:50:52.203631,ground_truth,0.108769,-0.307000,-0.090438,True,,,,,,,,,-0.182334,-0.230209,0.320621,,,,,,,,,,,,
1781085052253027918,2026-06-10T16:50:52.253066,ground_truth,0.107411,-0.306000,-0.091652,True,,,,,,,,,-0.182334,-0.230209,0.320621,,,,,,,,,,,,
1781085052304281792,2026-06-10T16:50:52.304311,ground_truth,0.107411,-0.306000,-0.091652,True,,,,,,,,,-0.182334,-0.230209,0.320621,,,,,,,,,,,,
1781085052350646742,2026-06-10T16:50:52.350704,ground_truth,0.104063,-0.311000,-0.094682,True,,,,,,,,,-0.182334,-0.230209,0.320621,,,,,,,,,,,,
1781085052409887031,2026-06-10T16:50:52.409920,ground_truth,0.107631,-0.317000,-0.081926,True,,,,,,,,,-0.182334,-0.230209,0.320621,,,,,,,,,,,,
1781085052465962598,2026-06-10T16:50:52.465989,ground_truth,0.100430,-0.314000,-0.097659,True,,,,,,,,,-0.180831,-0.231678,0.320274,,,,,,,,,,,,
1781085052521292904,2026-06-10T16:50:52.521343,ground_truth,0.103517,-0.322000,-0.083218,True,,,,,,,,,-0.180831,-0.231678,0.320274,,,,,,,,,,,,
1781085052593834752,2026-06-10T16:50:52.593868,ground_truth,0.103400,-0.320000,-0.084804,True,,,,,,,,,-0.181609,-0.230917,0.320453,,,,,,,,,,,,
1781085052699586080,2026-06-10T16:50:52.699613,ground_truth,0.102874,-0.320000,-0.086382,True,,,,,,,,,-0.185623,-0.230867,0.322365,,,,,,,,,,,,
1781085052826129289,2026-06-10T16:50:52.826158,ground_truth,0.098996,-0.316000,-0.097243,True,,,,,,,,,-0.186239,-0.230491,0.322684,,,,,,,,,,,,
1781085052938549553,2026-06-10T16:50:52.938593,ground_truth,0.100249,-0.320000,-0.093742,True,,,,,,,,,-0.188311,-0.229474,0.323794,,,,,,,,,,,,
1781085053022215950,2026-06-10T16:50:53.022254,ground_truth,0.100350,-0.317000,-0.101717,True,,,,,,,,,-0.188339,-0.228525,0.325723,,,,,,,,,,,,
1781085053120002918,2026-06-10T16:50:53.120044,ground_truth,0.099084,-0.313000,-0.100948,True,,,,,,,,,-0.187747,-0.229324,0.326440,,,,,,,,,,,,
1781085053192927007,2026-06-10T16:50:53.192964,ground_truth,0.097959,-0.316000,-0.096724,True,,,,,,,,,-0.187472,-0.230532,0.324973,,,,,,,,,,,,
1781085053251202427,2026-06-10T16:50:53.251224,ground_truth,0.092241,-0.309000,-0.106257,True,,,,,,,,,-0.185763,-0.232224,0.325106,,,,,,,,,,,,
1781085053320706236,2026-06-10T16:50:53.320738,ground_truth,0.098370,-0.314000,-0.094564,True,,,,,,,,,-0.182227,-0.235128,0.325019,,,,,,,,,,,,
1781085053375509528,2026-06-10T16:50:53.375544,ground_truth,0.098370,-0.314000,-0.102302,True,,,,,,,,,-0.179258,-0.237730,0.324081,,,,,,,,,,,,
1781085053474885425,2026-06-10T16:50:53.474922,ground_truth,0.096923,-0.316000,-0.102434,True,,,,,,,,,-0.179197,-0.240357,0.324302,,,,,,,,,,,,
1781085053572232671,2026-06-10T16:50:53.572260,ground_truth,0.099310,-0.317000,-0.101196,True,,,,,,,,,-0.181479,-0.239561,0.324809,,,,,,,,,,,,
1781085053672637494,2026-06-10T16:50:53.672669,ground_truth,0.095985,-0.308000,-0.107432,True,,,,,,,,,-0.186127,-0.236061,0.325426,,,,,,,,,,,,
1781085053723032827,2026-06-10T16:50:53.723062,ground_truth,0.097133,-0.315000,-0.106251,True,,,,,,,,,-0.186127,-0.236061,0.325426,,,,,,,,,,,,
1781085053798053529,2026-06-10T16:50:53.798084,ground_truth,0.101138,-0.313000,-0.085520,True,,,,,,,,,-0.192492,-0.231251,0.325339,,,,,,,,,,,,
1781085053865270213,2026-06-10T16:50:53.865306,ground_truth,0.088622,-0.307000,-0.106074,True,,,,,,,,,-0.195398,-0.227992,0.326154,,,,,,,,,,,,
1781085053968806284,2026-06-10T16:50:53.968836,ground_truth,0.098056,-0.313000,-0.089634,True,,,,,,,,,-0.197990,-0.224675,0.326863,,,,,,,,,,,,
1781085054060629114,2026-06-10T16:50:54.060650,ground_truth,0.084434,-0.312000,-0.101138,True,,,,,,,,,-0.200318,-0.220888,0.327886,,,,,,,,,,,,
1781085054155814872,2026-06-10T16:50:54.155847,ground_truth,0.096099,-0.315000,-0.091242,True,,,,,,,,,-0.201375,-0.217632,0.328146,,,,,,,,,,,,
1781085054244715881,2026-06-10T16:50:54.244744,ground_truth,0.084975,-0.314000,-0.098691,True,,,,,,,,,-0.201976,-0.213929,0.328349,,,,,,,,,,,,
1781085054319744894,2026-06-10T16:50:54.319776,ground_truth,0.094629,-0.317000,-0.093384,True,,,,,,,,,-0.201898,-0.214407,0.328323,,,,,,,,,,,,
1781085054397268618,2026-06-10T16:50:54.397297,ground_truth,0.091220,-0.316000,-0.097762,True,,,,,,,,,-0.202246,-0.207930,0.330296,,,,,,,,,,,,
1781085054484734603,2026-06-10T16:50:54.484766,ground_truth,0.091797,-0.318000,-0.095768,True,,,,,,,,,-0.202299,-0.203679,0.332397,,,,,,,,,,,,
1781085054544331697,2026-06-10T16:50:54.544368,ground_truth,0.094629,-0.317000,-0.098592,True,,,,,,,,,-0.202499,-0.199562,0.334769,,,,,,,,,,,,
1781085054604177472,2026-06-10T16:50:54.604203,ground_truth,0.090577,-0.312000,-0.101650,True,,,,,,,,,-0.203340,-0.195564,0.337283,,,,,,,,,,,,
1781085054671920715,2026-06-10T16:50:54.671951,ground_truth,0.092241,-0.309000,-0.100673,True,,,,,,,,,-0.204345,-0.191402,0.339648,,,,,,,,,,,,
1781085054725000411,2026-06-10T16:50:54.725027,ground_truth,0.091444,-0.303000,-0.105688,True,,,,,,,,,-0.204345,-0.191402,0.339648,,,,,,,,,,,,
1781085054789151851,2026-06-10T16:50:54.789189,ground_truth,0.109516,-0.321000,-0.099836,True,,,,,,,,,-0.205301,-0.187383,0.342301,,,,,,,,,,,,
1781085054850358460,2026-06-10T16:50:54.850386,ground_truth,0.105759,-0.313000,-0.084492,True,,,,,,,,,-0.206611,-0.183217,0.344700,,,,,,,,,,,,
1781085054947099042,2026-06-10T16:50:54.947134,ground_truth,0.105582,-0.314000,-0.087341,True,,,,,,,,,-0.209564,-0.175556,0.349155,,,,,,,,,,,,
1781085055001074592,2026-06-10T16:50:55.001101,ground_truth,0.110381,-0.313000,-0.085520,True,,,,,,,,,-0.210552,-0.172232,0.350996,,,,,,,,,,,,
1781085055079645539,2026-06-10T16:50:55.079673,ground_truth,0.100870,-0.317000,-0.102238,True,,,,,,,,,-0.211198,-0.169324,0.352794,,,,,,,,,,,,
1781085055174595155,2026-06-10T16:50:55.174630,ground_truth,0.104398,-0.312000,-0.096524,True,,,,,,,,,-0.211198,-0.169324,0.352794,,,,,,,,,,,,
1781085055260153963,2026-06-10T16:50:55.260188,ground_truth,0.100033,-0.316000,-0.097762,True,,,,,,,,,-0.211379,-0.168088,0.353473,,,,,,,,,,,,
1781085055347694093,2026-06-10T16:50:55.347729,ground_truth,0.101694,-0.310000,-0.087757,True,,,,,,,,,-0.211982,-0.165752,0.354982,,,,,,,,,,,,
1781085055449409813,2026-06-10T16:50:55.449438,ground_truth,0.102725,-0.307000,-0.088421,True,,,,,,,,,-0.208764,-0.165612,0.357335,,,,,,,,,,,,
1781085055529567908,2026-06-10T16:50:55.529600,ground_truth,0.100889,-0.303000,-0.098220,True,,,,,,,,,-0.208764,-0.165612,0.357335,,,,,,,,,,,,
1781085055627899166,2026-06-10T16:50:55.627947,ground_truth,0.102010,-0.299000,-0.095941,True,,,,,,,,,-0.210229,-0.164988,0.356877,,,,,,,,,,,,
1781085055747818305,2026-06-10T16:50:55.747848,ground_truth,0.098735,-0.298000,-0.097579,True,,,,,,,,,-0.212083,-0.161719,0.357883,,,,,,,,,,,,
1781085055855765574,2026-06-10T16:50:55.855803,ground_truth,0.104163,-0.294000,-0.091922,True,,,,,,,,,-0.214509,-0.160337,0.356953,,,,,,,,,,,,
1781085055926974111,2026-06-10T16:50:55.927008,ground_truth,0.104602,-0.298000,-0.089256,True,,,,,,,,,-0.213389,-0.160888,0.357178,,,,,,,,,,,,
1781085056026177310,2026-06-10T16:50:56.026213,ground_truth,0.107207,-0.304000,-0.085559,True,,,,,,,,,-0.213389,-0.160888,0.357178,,,,,,,,,,,,
1781085056136795967,2026-06-10T16:50:56.136836,ground_truth,0.102221,-0.307000,-0.085899,True,,,,,,,,,-0.213389,-0.160888,0.357178,,,,,,,,,,,,
1781085056249961322,2026-06-10T16:50:56.249998,ground_truth,0.112798,-0.307000,-0.084890,True,,,,,,,,,-0.216797,-0.159240,0.354309,,,,,,,,,,,,
1781085056355095481,2026-06-10T16:50:56.355130,ground_truth,0.107352,-0.303000,-0.090753,True,,,,,,,,,-0.217211,-0.156398,0.355367,,,,,,,,,,,,
1781085056467954595,2026-06-10T16:50:56.467999,ground_truth,0.108769,-0.307000,-0.086907,True,,,,,,,,,-0.217466,-0.152732,0.357690,,,,,,,,,,,,
1781085056574741163,2026-06-10T16:50:56.574777,ground_truth,0.107988,-0.302000,-0.092935,True,,,,,,,,,-0.214862,-0.152077,0.360252,,,,,,,,,,,,
1781085056687736313,2026-06-10T16:50:56.687773,ground_truth,0.108704,-0.304000,-0.089554,True,,,,,,,,,-0.215704,-0.152196,0.359275,,,,,,,,,,,,
1781085056785130863,2026-06-10T16:50:56.785166,ground_truth,0.122845,-0.316000,-0.088936,True,,,,,,,,,-0.216227,-0.150467,0.359629,,,,,,,,,,,,
1781085056846709210,2026-06-10T16:50:56.846734,ground_truth,0.117714,-0.308000,-0.087190,True,,,,,,,,,-0.216227,-0.150467,0.359629,,,,,,,,,,,,
1781085056945851976,2026-06-10T16:50:56.945886,ground_truth,0.115054,-0.309000,-0.087981,True,,,,,,,,,-0.215544,-0.150916,0.357024,,,,,,,,,,,,
1781085057002715427,2026-06-10T16:50:57.002742,ground_truth,0.119110,-0.309000,-0.087981,True,,,,,,,,,-0.214118,-0.151657,0.355890,,,,,,,,,,,,
1781085057067907579,2026-06-10T16:50:57.067942,ground_truth,0.106614,-0.311000,-0.090595,True,,,,,,,,,-0.214118,-0.151657,0.355890,,,,,,,,,,,,
1781085057139350719,2026-06-10T16:50:57.139387,ground_truth,0.111717,-0.311000,-0.087529,True,,,,,,,,,-0.214118,-0.151657,0.355890,,,,,,,,,,,,
1781085057196096473,2026-06-10T16:50:57.196129,ground_truth,0.116819,-0.311000,-0.086507,True,,,,,,,,,-0.209649,-0.156976,0.352335,,,,,,,,,,,,
1781085057272371809,2026-06-10T16:50:57.272403,ground_truth,0.116819,-0.311000,-0.086507,True,,,,,,,,,-0.209649,-0.156976,0.352335,,,,,,,,,,,,
1781085057364850170,2026-06-10T16:50:57.364877,ground_truth,0.117840,-0.311000,-0.087018,True,,,,,,,,,-0.203025,-0.169293,0.346152,,,,,,,,,,,,
1781085057441056879,2026-06-10T16:50:57.441091,ground_truth,0.118219,-0.312000,-0.086785,True,,,,,,,,,-0.200771,-0.178424,0.343055,,,,,,,,,,,,
1781085057520369942,2026-06-10T16:50:57.520406,ground_truth,0.115821,-0.307000,-0.088925,True,,,,,,,,,-0.199046,-0.187594,0.340230,,,,,,,,,,,,
1781085057610481518,2026-06-10T16:50:57.610524,ground_truth,0.117208,-0.308000,-0.087190,True,,,,,,,,,-0.195213,-0.206383,0.334499,,,,,,,,,,,,
1781085057689653641,2026-06-10T16:50:57.689687,ground_truth,0.119230,-0.308000,-0.088203,True,,,,,,,,,-0.192728,-0.215611,0.331850,,,,,,,,,,,,
1781085057736974936,2026-06-10T16:50:57.737008,ground_truth,0.120778,-0.312000,-0.086272,True,,,,,,,,,-0.189371,-0.224022,0.329940,,,,,,,,,,,,
1781085057784014218,2026-06-10T16:50:57.784039,ground_truth,0.116067,-0.305000,-0.090851,True,,,,,,,,,-0.189371,-0.224022,0.329940,,,,,,,,,,,,
1781085057829675129,2026-06-10T16:50:57.829697,ground_truth,0.121918,-0.319000,-0.084539,True,,,,,,,,,-0.186681,-0.231123,0.328644,,,,,,,,,,,,
1781085057880063917,2026-06-10T16:50:57.880099,ground_truth,0.112933,-0.306000,-0.098187,True,,,,,,,,,-0.184748,-0.236225,0.327713,,,,,,,,,,,,
1781085057940548456,2026-06-10T16:50:57.940578,ground_truth,0.114813,-0.307000,-0.095986,True,,,,,,,,,-0.183599,-0.239258,0.327160,,,,,,,,,,,,
1781085057990409498,2026-06-10T16:50:57.990446,ground_truth,0.111408,-0.313000,-0.097862,True,,,,,,,,,-0.183599,-0.239258,0.327160,,,,,,,,,,,,
1781085058032368989,2026-06-10T16:50:58.032405,ground_truth,0.113462,-0.313000,-0.097348,True,,,,,,,,,-0.184659,-0.236461,0.327670,,,,,,,,,,,,
1781085058091550695,2026-06-10T16:50:58.091580,ground_truth,0.109700,-0.320000,-0.105834,True,,,,,,,,,-0.184659,-0.236461,0.327670,,,,,,,,,,,,
1781085058167330018,2026-06-10T16:50:58.167364,ground_truth,0.108847,-0.316000,-0.091013,True,,,,,,,,,-0.184659,-0.236461,0.327670,,,,,,,,,,,,
1781085058255231865,2026-06-10T16:50:58.255265,ground_truth,0.108671,-0.317000,-0.091301,True,,,,,,,,,-0.186566,-0.235587,0.328250,,,,,,,,,,,,
1781085058308310956,2026-06-10T16:50:58.308367,ground_truth,0.107787,-0.319000,-0.096594,True,,,,,,,,,-0.186255,-0.235730,0.328156,,,,,,,,,,,,
1781085058399554663,2026-06-10T16:50:58.399596,ground_truth,0.107810,-0.316000,-0.092051,True,,,,,,,,,-0.190035,-0.232925,0.328993,,,,,,,,,,,,
1781085058478962484,2026-06-10T16:50:58.478990,ground_truth,0.105631,-0.322000,-0.099618,True,,,,,,,,,-0.191824,-0.230912,0.329624,,,,,,,,,,,,
1781085058540027371,2026-06-10T16:50:58.540059,ground_truth,0.107787,-0.319000,-0.086636,True,,,,,,,,,-0.193945,-0.228691,0.329823,,,,,,,,,,,,
1781085058608388097,2026-06-10T16:50:58.608419,ground_truth,0.099592,-0.330000,-0.095587,True,,,,,,,,,-0.196272,-0.225820,0.331186,,,,,,,,,,,,
1781085058683029073,2026-06-10T16:50:58.683065,ground_truth,0.111792,-0.317000,-0.085572,True,,,,,,,,,-0.196670,-0.222319,0.331638,,,,,,,,,,,,
1781085058735569697,2026-06-10T16:50:58.735599,ground_truth,0.107111,-0.317000,-0.089738,True,,,,,,,,,-0.194661,-0.223948,0.331189,,,,,,,,,,,,
1781085058785747984,2026-06-10T16:50:58.785778,ground_truth,0.107111,-0.317000,-0.089217,True,,,,,,,,,-0.194661,-0.223948,0.331189,,,,,,,,,,,,
1781085058846905703,2026-06-10T16:50:58.846938,ground_truth,0.111792,-0.317000,-0.084009,True,,,,,,,,,-0.193265,-0.225681,0.331276,,,,,,,,,,,,
1781085058922505039,2026-06-10T16:50:58.922573,ground_truth,0.116916,-0.314000,-0.082698,True,,,,,,,,,-0.190549,-0.229198,0.331292,,,,,,,,,,,,
1781085059026635626,2026-06-10T16:50:59.026672,ground_truth,0.116255,-0.315000,-0.082962,True,,,,,,,,,-0.183821,-0.240054,0.330258,,,,,,,,,,,,
1781085059132233451,2026-06-10T16:50:59.132270,ground_truth,0.114550,-0.316000,-0.083225,True,,,,,,,,,-0.183668,-0.246576,0.328824,,,,,,,,,,,,
1781085059245789393,2026-06-10T16:50:59.245819,ground_truth,0.112375,-0.310000,-0.084701,True,,,,,,,,,-0.185033,-0.244937,0.328481,,,,,,,,,,,,
1781085059386486419,2026-06-10T16:50:59.386526,ground_truth,0.111427,-0.306000,-0.083608,True,,,,,,,,,-0.184314,-0.244649,0.328929,,,,,,,,,,,,
1781085059518936762,2026-06-10T16:50:59.518967,ground_truth,0.110334,-0.303000,-0.085277,True,,,,,,,,,-0.184314,-0.244649,0.328929,,,,,,,,,,,,
1781085059635509122,2026-06-10T16:50:59.635545,ground_truth,0.108150,-0.297000,-0.089932,True,,,,,,,,,-0.184314,-0.244649,0.328929,,,,,,,,,,,,
1781085059734477932,2026-06-10T16:50:59.734517,ground_truth,0.122536,-0.322000,-0.091683,True,,,,,,,,,-0.189392,-0.243648,0.329547,,,,,,,,,,,,
1781085059828172386,2026-06-10T16:50:59.828207,ground_truth,0.124593,-0.326000,-0.083181,True,,,,,,,,,-0.190142,-0.241242,0.329035,,,,,,,,,,,,
1781085059931782750,2026-06-10T16:50:59.931822,ground_truth,0.126877,-0.325000,-0.083994,True,,,,,,,,,-0.186710,-0.238576,0.329380,,,,,,,,,,,,
1781085059985133475,2026-06-10T16:50:59.985164,ground_truth,0.131635,-0.321000,-0.086124,True,,,,,,,,,-0.186710,-0.238576,0.329380,,,,,,,,,,,,
1781085060087237138,2026-06-10T16:51:00.087273,ground_truth,0.131109,-0.321000,-0.086124,True,,,,,,,,,-0.183925,-0.239731,0.329319,,,,,,,,,,,,
1781085060185775959,2026-06-10T16:51:00.185808,ground_truth,0.128840,-0.318000,-0.092111,True,,,,,,,,,-0.183925,-0.239731,0.329319,,,,,,,,,,,,
1781085060236802873,2026-06-10T16:51:00.236831,ground_truth,0.130292,-0.319000,-0.089780,True,,,,,,,,,-0.185133,-0.241618,0.328715,,,,,,,,,,,,
1781085060332020189,2026-06-10T16:51:00.332055,ground_truth,0.112042,-0.287000,-0.096806,True,,,,,,,,,-0.186338,-0.241353,0.328610,,,,,,,,,,,,
1781085060403058248,2026-06-10T16:51:00.403087,ground_truth,0.111875,-0.289000,-0.096056,True,,,,,,,,,-0.191241,-0.237884,0.330010,,,,,,,,,,,,
1781085060499042631,2026-06-10T16:51:00.499075,ground_truth,0.105125,-0.290000,-0.098294,True,,,,,,,,,-0.193845,-0.235125,0.330649,,,,,,,,,,,,
1781085060557987660,2026-06-10T16:51:00.558016,ground_truth,0.103217,-0.304000,-0.107035,True,,,,,,,,,-0.196727,-0.231608,0.331280,,,,,,,,,,,,
1781085060615044576,2026-06-10T16:51:00.615067,ground_truth,0.104762,-0.289000,-0.100330,True,,,,,,,,,-0.200083,-0.227515,0.332471,,,,,,,,,,,,
1781085060717462734,2026-06-10T16:51:00.717495,ground_truth,0.103814,-0.289000,-0.100330,True,,,,,,,,,-0.203008,-0.222333,0.333931,,,,,,,,,,,,
1781085060769731516,2026-06-10T16:51:00.769757,ground_truth,0.102746,-0.290000,-0.102106,True,,,,,,,,,-0.204874,-0.219029,0.334862,,,,,,,,,,,,
1781085060859698990,2026-06-10T16:51:00.859721,ground_truth,0.100382,-0.306000,-0.111259,True,,,,,,,,,-0.208358,-0.207324,0.337498,,,,,,,,,,,,
1781085060938764899,2026-06-10T16:51:00.938798,ground_truth,0.103340,-0.289000,-0.098905,True,,,,,,,,,-0.210516,-0.200426,0.338223,,,,,,,,,,,,
1781085061027908319,2026-06-10T16:51:01.027933,ground_truth,0.101214,-0.307000,-0.109605,True,,,,,,,,,-0.212179,-0.193172,0.339342,,,,,,,,,,,,
1781085061076667797,2026-06-10T16:51:01.076692,ground_truth,0.110058,-0.293000,-0.090646,True,,,,,,,,,-0.213268,-0.186021,0.340827,,,,,,,,,,,,
1781085061166599160,2026-06-10T16:51:01.166622,ground_truth,0.108135,-0.293000,-0.091128,True,,,,,,,,,-0.214174,-0.179199,0.342628,,,,,,,,,,,,
1781085061254484474,2026-06-10T16:51:01.254514,ground_truth,0.102145,-0.291000,-0.099111,True,,,,,,,,,-0.214914,-0.172901,0.344577,,,,,,,,,,,,
1781085061299005235,2026-06-10T16:51:01.299038,ground_truth,0.094239,-0.304000,-0.110532,True,,,,,,,,,-0.215412,-0.168666,0.345889,,,,,,,,,,,,
1781085061358679853,2026-06-10T16:51:01.358711,ground_truth,0.077482,-0.299000,-0.113135,True,,,,,,,,,-0.214404,-0.164128,0.348816,,,,,,,,,,,,
1781085061458275734,2026-06-10T16:51:01.458330,ground_truth,0.073007,-0.307000,-0.116162,True,,,,,,,,,-0.215059,-0.158984,0.350588,,,,,,,,,,,,
1781085061506938992,2026-06-10T16:51:01.506965,ground_truth,0.074289,-0.304000,-0.111031,True,,,,,,,,,-0.215449,-0.155913,0.351646,,,,,,,,,,,,
1781085061590703611,2026-06-10T16:51:01.590738,ground_truth,0.098414,-0.300000,-0.090348,True,,,,,,,,,-0.215090,-0.154015,0.351505,,,,,,,,,,,,
1781085061649041314,2026-06-10T16:51:01.649074,ground_truth,0.122989,-0.326000,-0.084788,True,,,,,,,,,-0.216719,-0.152729,0.350639,,,,,,,,,,,,
1781085061737212334,2026-06-10T16:51:01.737260,ground_truth,0.123451,-0.337500,-0.077798,True,,,,,,,,,-0.217958,-0.150172,0.351530,,,,,,,,,,,,
1781085061791766411,2026-06-10T16:51:01.791795,ground_truth,0.106928,-0.307500,-0.078966,True,,,,,,,,,-0.217958,-0.150172,0.351530,,,,,,,,,,,,
1781085061851200268,2026-06-10T16:51:01.851245,ground_truth,0.105904,-0.306000,-0.081597,True,,,,,,,,,-0.218026,-0.149871,0.354471,,,,,,,,,,,,
1781085061907742809,2026-06-10T16:51:01.907777,ground_truth,0.121439,-0.332000,-0.081439,True,,,,,,,,,-0.218013,-0.151360,0.356087,,,,,,,,,,,,
1781085061971645541,2026-06-10T16:51:01.971673,ground_truth,0.125834,-0.335000,-0.076671,True,,,,,,,,,-0.216230,-0.152188,0.358908,,,,,,,,,,,,
1781085062069746289,2026-06-10T16:51:02.069782,ground_truth,0.106059,-0.305000,-0.082332,True,,,,,,,,,-0.217696,-0.155275,0.364742,,,,,,,,,,,,
1781085062129883837,2026-06-10T16:51:02.129920,ground_truth,0.125955,-0.324000,-0.085332,True,,,,,,,,,-0.217891,-0.157028,0.367788,,,,,,,,,,,,
1781085062222220280,2026-06-10T16:51:02.222253,ground_truth,0.124892,-0.324000,-0.095446,True,,,,,,,,,-0.218883,-0.158772,0.368720,,,,,,,,,,,,
1781085062282190124,2026-06-10T16:51:02.282219,ground_truth,0.126487,-0.324000,-0.085332,True,,,,,,,,,-0.220205,-0.160595,0.367494,,,,,,,,,,,,
1781085062344688651,2026-06-10T16:51:02.344717,ground_truth,0.125955,-0.324000,-0.085864,True,,,,,,,,,-0.220763,-0.162696,0.367702,,,,,,,,,,,,
1781085062434086694,2026-06-10T16:51:02.434120,ground_truth,0.123297,-0.324000,-0.088526,True,,,,,,,,,-0.222702,-0.163154,0.367165,,,,,,,,,,,,
1781085062527515846,2026-06-10T16:51:02.527537,ground_truth,0.109340,-0.303000,-0.086273,True,,,,,,,,,-0.223710,-0.163861,0.366343,,,,,,,,,,,,
1781085062608085847,2026-06-10T16:51:02.608114,ground_truth,0.104386,-0.296000,-0.088657,True,,,,,,,,,-0.224895,-0.165118,0.364847,,,,,,,,,,,,
1781085062703838761,2026-06-10T16:51:02.703885,ground_truth,0.094239,-0.304000,-0.095548,True,,,,,,,,,-0.225469,-0.165430,0.362334,,,,,,,,,,,,
1781085062789236254,2026-06-10T16:51:02.789260,ground_truth,0.098576,-0.299000,-0.091029,True,,,,,,,,,-0.225321,-0.165511,0.364339,,,,,,,,,,,,
1781085062879190294,2026-06-10T16:51:02.879213,ground_truth,0.096445,-0.300000,-0.094291,True,,,,,,,,,-0.226247,-0.164019,0.360664,,,,,,,,,,,,
1781085062945524943,2026-06-10T16:51:02.945557,ground_truth,0.097104,-0.299000,-0.092011,True,,,,,,,,,-0.226503,-0.163595,0.357177,,,,,,,,,,,,
1781085063016939214,2026-06-10T16:51:03.016978,ground_truth,0.103828,-0.300000,-0.086897,True,,,,,,,,,-0.225703,-0.161991,0.355258,,,,,,,,,,,,
1781085063074751648,2026-06-10T16:51:03.074792,ground_truth,0.104025,-0.302000,-0.084996,True,,,,,,,,,-0.223885,-0.159805,0.355037,,,,,,,,,,,,
1781085063144960855,2026-06-10T16:51:03.144989,ground_truth,0.101052,-0.302000,-0.085988,True,,,,,,,,,-0.222931,-0.157618,0.353724,,,,,,,,,,,,
1781085063202825030,2026-06-10T16:51:03.202855,ground_truth,0.112279,-0.314000,-0.081151,True,,,,,,,,,-0.221730,-0.156002,0.354490,,,,,,,,,,,,
1781085063259294690,2026-06-10T16:51:03.259358,ground_truth,0.113352,-0.317000,-0.080364,True,,,,,,,,,-0.221730,-0.156002,0.354490,,,,,,,,,,,,
1781085063322354143,2026-06-10T16:51:03.322384,ground_truth,0.113188,-0.318000,-0.081662,True,,,,,,,,,-0.222334,-0.153863,0.354170,,,,,,,,,,,,
1781085063409953832,2026-06-10T16:51:03.409985,ground_truth,0.114612,-0.322000,-0.079515,True,,,,,,,,,-0.221144,-0.153029,0.358657,,,,,,,,,,,,
1781085063462532549,2026-06-10T16:51:03.462563,ground_truth,0.110225,-0.320000,-0.081124,True,,,,,,,,,-0.221763,-0.153210,0.359922,,,,,,,,,,,,
1781085063539610799,2026-06-10T16:51:03.539638,ground_truth,0.109536,-0.318000,-0.081140,True,,,,,,,,,-0.222969,-0.153746,0.359101,,,,,,,,,,,,
1781085063586694133,2026-06-10T16:51:03.586725,ground_truth,0.113555,-0.322000,-0.078986,True,,,,,,,,,-0.222969,-0.153746,0.359101,,,,,,,,,,,,
1781085063675672936,2026-06-10T16:51:03.675707,ground_truth,0.099199,-0.307000,-0.082368,True,,,,,,,,,-0.224107,-0.155235,0.359301,,,,,,,,,,,,
1781085063729118340,2026-06-10T16:51:03.729152,ground_truth,0.100206,-0.307000,-0.082368,True,,,,,,,,,-0.224111,-0.156853,0.360123,,,,,,,,,,,,
1781085063825656222,2026-06-10T16:51:03.825690,ground_truth,0.110008,-0.324000,-0.078412,True,,,,,,,,,-0.224830,-0.159306,0.359440,,,,,,,,,,,,
1781085063913644115,2026-06-10T16:51:03.913683,ground_truth,0.101555,-0.305000,-0.082332,True,,,,,,,,,-0.224107,-0.160859,0.360188,,,,,,,,,,,,
1781085064005325585,2026-06-10T16:51:04.005359,ground_truth,0.114083,-0.322000,-0.081631,True,,,,,,,,,-0.219988,-0.159882,0.363261,,,,,,,,,,,,
1781085064059897200,2026-06-10T16:51:04.059926,ground_truth,0.104713,-0.304000,-0.082062,True,,,,,,,,,-0.218752,-0.160803,0.363831,,,,,,,,,,,,
1781085064139788069,2026-06-10T16:51:04.139823,ground_truth,0.108265,-0.307000,-0.082872,True,,,,,,,,,-0.219247,-0.161348,0.363032,,,,,,,,,,,,
1781085064215036560,2026-06-10T16:51:04.215069,ground_truth,0.106406,-0.306000,-0.082602,True,,,,,,,,,-0.217846,-0.161290,0.363196,,,,,,,,,,,,
1781085064290610964,2026-06-10T16:51:04.290650,ground_truth,0.117253,-0.322000,-0.086921,True,,,,,,,,,-0.214517,-0.160531,0.364212,,,,,,,,,,,,
1781085064386810579,2026-06-10T16:51:04.386863,ground_truth,0.120108,-0.324000,-0.084267,True,,,,,,,,,-0.215414,-0.160039,0.362154,,,,,,,,,,,,
1781085064477292852,2026-06-10T16:51:04.477338,ground_truth,0.121220,-0.327000,-0.080212,True,,,,,,,,,-0.213454,-0.159547,0.361397,,,,,,,,,,,,
1781085064537458481,2026-06-10T16:51:04.537496,ground_truth,0.122293,-0.327000,-0.079675,True,,,,,,,,,-0.213054,-0.160449,0.361309,,,,,,,,,,,,
1781085064595042530,2026-06-10T16:51:04.595078,ground_truth,0.122008,-0.322000,-0.081631,True,,,,,,,,,-0.214178,-0.160176,0.360106,,,,,,,,,,,,
1781085064670516875,2026-06-10T16:51:04.670552,ground_truth,0.122682,-0.321000,-0.081905,True,,,,,,,,,-0.213650,-0.160089,0.360380,,,,,,,,,,,,
1781085064732672773,2026-06-10T16:51:04.732702,ground_truth,0.121857,-0.323000,-0.082415,True,,,,,,,,,-0.214727,-0.161104,0.359615,,,,,,,,,,,,
1781085064815298932,2026-06-10T16:51:04.815343,ground_truth,0.122825,-0.320000,-0.082701,True,,,,,,,,,-0.217154,-0.162999,0.358545,,,,,,,,,,,,
1781085064920743730,2026-06-10T16:51:04.920800,ground_truth,0.120951,-0.322000,-0.084276,True,,,,,,,,,-0.219317,-0.164010,0.357887,,,,,,,,,,,,
1781085064993215889,2026-06-10T16:51:04.993243,ground_truth,0.121102,-0.321000,-0.084015,True,,,,,,,,,-0.218396,-0.163579,0.358167,,,,,,,,,,,,
1781085065094444675,2026-06-10T16:51:05.094486,ground_truth,0.123875,-0.320000,-0.082176,True,,,,,,,,,-0.223033,-0.166146,0.356756,,,,,,,,,,,,
1781085065192410056,2026-06-10T16:51:05.192434,ground_truth,0.125811,-0.325000,-0.077586,True,,,,,,,,,-0.225140,-0.166205,0.355774,,,,,,,,,,,,
1781085065247422857,2026-06-10T16:51:05.247457,ground_truth,0.125617,-0.324500,-0.077467,True,,,,,,,,,-0.225392,-0.166372,0.356112,,,,,,,,,,,,
1781085065342475452,2026-06-10T16:51:05.342518,ground_truth,0.122454,-0.326000,-0.079967,True,,,,,,,,,-0.221392,-0.169707,0.353466,,,,,,,,,,,,
1781085065431878175,2026-06-10T16:51:05.431910,ground_truth,0.119083,-0.330000,-0.080948,True,,,,,,,,,-0.218856,-0.174221,0.350877,,,,,,,,,,,,
1781085065489472476,2026-06-10T16:51:05.489501,ground_truth,0.124649,-0.322000,-0.080044,True,,,,,,,,,-0.216161,-0.180735,0.348382,,,,,,,,,,,,
1781085065578622605,2026-06-10T16:51:05.578656,ground_truth,0.125423,-0.324000,-0.080541,True,,,,,,,,,-0.212732,-0.189428,0.346329,,,,,,,,,,,,
1781085065661455921,2026-06-10T16:51:05.661478,ground_truth,0.124506,-0.323000,-0.081354,True,,,,,,,,,-0.206065,-0.207754,0.341739,,,,,,,,,,,,
1781085065714601347,2026-06-10T16:51:05.714638,ground_truth,0.122825,-0.320000,-0.085330,True,,,,,,,,,-0.206065,-0.207754,0.341739,,,,,,,,,,,,
1781085065758676078,2026-06-10T16:51:05.758707,ground_truth,0.118469,-0.321000,-0.086651,True,,,,,,,,,-0.203615,-0.217253,0.340112,,,,,,,,,,,,
1781085065811098984,2026-06-10T16:51:05.811133,ground_truth,0.120849,-0.326000,-0.081574,True,,,,,,,,,-0.201222,-0.226838,0.338522,,,,,,,,,,,,
1781085065862698889,2026-06-10T16:51:05.862719,ground_truth,0.121012,-0.325000,-0.082392,True,,,,,,,,,-0.198833,-0.236406,0.336934,,,,,,,,,,,,
1781085065926102360,2026-06-10T16:51:05.926129,ground_truth,0.121756,-0.327000,-0.082361,True,,,,,,,,,-0.196976,-0.243842,0.335701,,,,,,,,,,,,
1781085065984358133,2026-06-10T16:51:05.984391,ground_truth,0.123581,-0.329000,-0.079081,True,,,,,,,,,-0.196976,-0.243842,0.335701,,,,,,,,,,,,
1781085066055706186,2026-06-10T16:51:06.055742,ground_truth,0.123581,-0.329000,-0.080163,True,,,,,,,,,-0.195642,-0.249182,0.334815,,,,,,,,,,,,
1781085066111540394,2026-06-10T16:51:06.111574,ground_truth,0.121984,-0.332000,-0.081439,True,,,,,,,,,-0.195705,-0.248933,0.334856,,,,,,,,,,,,
1781085066191677473,2026-06-10T16:51:06.191714,ground_truth,0.122160,-0.331000,-0.081194,True,,,,,,,,,-0.195705,-0.248933,0.334856,,,,,,,,,,,,
1781085066239539064,2026-06-10T16:51:06.239573,ground_truth,0.122703,-0.331000,-0.081194,True,,,,,,,,,-0.195705,-0.248933,0.334856,,,,,,,,,,,,
1781085066290804347,2026-06-10T16:51:06.290837,ground_truth,0.119081,-0.328500,-0.084898,True,,,,,,,,,-0.195705,-0.248933,0.334856,,,,,,,,,,,,
1781085066362742394,2026-06-10T16:51:06.362775,ground_truth,0.108971,-0.309000,-0.079858,True,,,,,,,,,-0.195705,-0.248933,0.334856,,,,,,,,,,,,
1781085066443487777,2026-06-10T16:51:06.443520,ground_truth,0.118845,-0.337000,-0.082665,True,,,,,,,,,-0.197744,-0.249624,0.335252,,,,,,,,,,,,
1781085066526792086,2026-06-10T16:51:06.526816,ground_truth,0.118883,-0.334000,-0.083576,True,,,,,,,,,-0.198657,-0.248764,0.335535,,,,,,,,,,,,
1781085066593589802,2026-06-10T16:51:06.593624,ground_truth,0.108704,-0.304000,-0.085059,True,,,,,,,,,-0.199512,-0.247414,0.335787,,,,,,,,,,,,
1781085066683257264,2026-06-10T16:51:06.683278,ground_truth,0.110849,-0.310000,-0.081645,True,,,,,,,,,-0.200823,-0.246452,0.336646,,,,,,,,,,,,
1781085066763626644,2026-06-10T16:51:06.763657,ground_truth,0.111564,-0.312000,-0.082684,True,,,,,,,,,-0.201601,-0.244219,0.336669,,,,,,,,,,,,
1781085066814872919,2026-06-10T16:51:06.814906,ground_truth,0.109478,-0.309000,-0.081889,True,,,,,,,,,-0.203597,-0.242229,0.337230,,,,,,,,,,,,
1781085066911244978,2026-06-10T16:51:06.911277,ground_truth,0.118171,-0.332000,-0.084166,True,,,,,,,,,-0.205171,-0.239318,0.337476,,,,,,,,,,,,
1781085066976279157,2026-06-10T16:51:06.976311,ground_truth,0.114545,-0.339000,-0.085941,True,,,,,,,,,-0.204973,-0.237768,0.337582,,,,,,,,,,,,
1781085067040167868,2026-06-10T16:51:07.040193,ground_truth,0.104915,-0.309000,-0.079351,True,,,,,,,,,-0.206676,-0.235080,0.337580,,,,,,,,,,,,
1781085067104749617,2026-06-10T16:51:07.104787,ground_truth,0.116747,-0.328000,-0.084230,True,,,,,,,,,-0.207989,-0.231334,0.337674,,,,,,,,,,,,
1781085067210900602,2026-06-10T16:51:07.210928,ground_truth,0.103729,-0.310000,-0.080626,True,,,,,,,,,-0.210483,-0.223484,0.338929,,,,,,,,,,,,
1781085067261724217,2026-06-10T16:51:07.261757,ground_truth,0.119968,-0.345000,-0.078960,True,,,,,,,,,-0.210202,-0.221490,0.338880,,,,,,,,,,,,
1781085067354575199,2026-06-10T16:51:07.354605,ground_truth,0.114436,-0.342000,-0.083330,True,,,,,,,,,-0.210890,-0.218878,0.339441,,,,,,,,,,,,
1781085067449124826,2026-06-10T16:51:07.449155,ground_truth,0.105243,-0.307000,-0.083881,True,,,,,,,,,-0.210082,-0.216592,0.339986,,,,,,,,,,,,
1781085067539187535,2026-06-10T16:51:07.539218,ground_truth,0.104739,-0.307000,-0.083377,True,,,,,,,,,-0.210216,-0.215739,0.340304,,,,,,,,,,,,
1781085067612880576,2026-06-10T16:51:07.612904,ground_truth,0.108917,-0.306000,-0.082602,True,,,,,,,,,-0.209150,-0.214613,0.340724,,,,,,,,,,,,
1781085067701611242,2026-06-10T16:51:07.701646,ground_truth,0.108917,-0.306000,-0.082602,True,,,,,,,,,-0.207145,-0.213773,0.340748,,,,,,,,,,,,
1781085067753605282,2026-06-10T16:51:07.753629,ground_truth,0.108917,-0.306000,-0.082100,True,,,,,,,,,-0.206142,-0.214883,0.340349,,,,,,,,,,,,
1781085067809178307,2026-06-10T16:51:07.809213,ground_truth,0.098404,-0.303000,-0.090255,True,,,,,,,,,-0.206597,-0.214317,0.339974,,,,,,,,,,,,
1781085067915153390,2026-06-10T16:51:07.915190,ground_truth,0.096366,-0.306000,-0.092154,True,,,,,,,,,-0.207708,-0.211637,0.339740,,,,,,,,,,,,
1781085068016901456,2026-06-10T16:51:08.016938,ground_truth,0.098728,-0.304000,-0.091552,True,,,,,,,,,-0.209447,-0.203612,0.340443,,,,,,,,,,,,
1781085068124882965,2026-06-10T16:51:08.124910,ground_truth,0.113026,-0.309000,-0.082905,True,,,,,,,,,-0.210479,-0.202035,0.341302,,,,,,,,,,,,
1781085068245848942,2026-06-10T16:51:08.245884,ground_truth,0.115426,-0.310000,-0.083173,True,,,,,,,,,-0.211179,-0.201889,0.341971,,,,,,,,,,,,
1781085068321319675,2026-06-10T16:51:08.321348,ground_truth,0.105933,-0.312000,-0.084735,True,,,,,,,,,-0.211560,-0.201314,0.342348,,,,,,,,,,,,
1781085068420994026,2026-06-10T16:51:08.421019,ground_truth,0.126781,-0.339000,-0.081485,True,,,,,,,,,-0.213226,-0.194404,0.345935,,,,,,,,,,,,
1781085068509955133,2026-06-10T16:51:08.509987,ground_truth,0.113310,-0.314000,-0.081667,True,,,,,,,,,-0.214222,-0.190541,0.348669,,,,,,,,,,,,
1781085068571393886,2026-06-10T16:51:08.571428,ground_truth,0.120895,-0.332000,-0.085803,True,,,,,,,,,-0.214788,-0.188350,0.350221,,,,,,,,,,,,
1781085068652531284,2026-06-10T16:51:08.652561,ground_truth,0.124925,-0.320000,-0.087959,True,,,,,,,,,-0.213754,-0.187655,0.352209,,,,,,,,,,,,
1781085068740439012,2026-06-10T16:51:08.740472,ground_truth,0.125178,-0.322000,-0.088509,True,,,,,,,,,-0.215998,-0.184363,0.356411,,,,,,,,,,,,
1781085068824132016,2026-06-10T16:51:08.824159,ground_truth,0.120007,-0.314000,-0.087341,True,,,,,,,,,-0.215916,-0.179812,0.357729,,,,,,,,,,,,
1781085068916505325,2026-06-10T16:51:08.916541,ground_truth,0.121775,-0.320000,-0.086907,True,,,,,,,,,-0.216028,-0.176219,0.358999,,,,,,,,,,,,
1781085069004610262,2026-06-10T16:51:09.004647,ground_truth,0.112914,-0.298000,-0.096600,True,,,,,,,,,-0.216447,-0.174622,0.359386,,,,,,,,,,,,
1781085069102352071,2026-06-10T16:51:09.102396,ground_truth,0.115255,-0.299000,-0.094468,True,,,,,,,,,-0.216289,-0.172666,0.358123,,,,,,,,,,,,
1781085069202456765,2026-06-10T16:51:09.202491,ground_truth,0.116727,-0.299000,-0.093485,True,,,,,,,,,-0.215926,-0.171666,0.357925,,,,,,,,,,,,
1781085069260364123,2026-06-10T16:51:09.260395,ground_truth,0.115255,-0.299000,-0.093485,True,,,,,,,,,-0.217436,-0.169576,0.356348,,,,,,,,,,,,
1781085069341292632,2026-06-10T16:51:09.341338,ground_truth,0.110562,-0.305000,-0.089348,True,,,,,,,,,-0.217961,-0.167036,0.355182,,,,,,,,,,,,
1781085069408684832,2026-06-10T16:51:09.408736,ground_truth,0.110562,-0.305000,-0.090350,True,,,,,,,,,-0.218819,-0.164703,0.353723,,,,,,,,,,,,
1781085069465239148,2026-06-10T16:51:09.465270,ground_truth,0.086245,-0.313000,-0.100948,True,,,,,,,,,-0.219377,-0.162454,0.352771,,,,,,,,,,,,
1781085069522641300,2026-06-10T16:51:09.522680,ground_truth,0.094368,-0.311000,-0.099281,True,,,,,,,,,-0.219377,-0.162454,0.352771,,,,,,,,,,,,
1781085069587477192,2026-06-10T16:51:09.587512,ground_truth,0.097552,-0.305000,-0.094860,True,,,,,,,,,-0.220121,-0.160329,0.350980,,,,,,,,,,,,
1781085069675307688,2026-06-10T16:51:09.675365,ground_truth,0.102818,-0.315000,-0.096935,True,,,,,,,,,-0.218367,-0.156991,0.352550,,,,,,,,,,,,
1781085069745434944,2026-06-10T16:51:09.745466,ground_truth,0.104368,-0.315000,-0.095900,True,,,,,,,,,-0.218450,-0.156196,0.352400,,,,,,,,,,,,
1781085069832297851,2026-06-10T16:51:09.832339,ground_truth,0.099471,-0.311000,-0.103879,True,,,,,,,,,-0.218609,-0.155474,0.350088,,,,,,,,,,,,
1781085069881017139,2026-06-10T16:51:09.881063,ground_truth,0.102165,-0.313000,-0.103519,True,,,,,,,,,-0.218537,-0.155800,0.351133,,,,,,,,,,,,
1781085069959162026,2026-06-10T16:51:09.959202,ground_truth,0.083410,-0.312000,-0.103701,True,,,,,,,,,-0.216420,-0.155706,0.350411,,,,,,,,,,,,
1781085070027642947,2026-06-10T16:51:10.027673,ground_truth,0.096950,-0.323000,-0.096743,True,,,,,,,,,-0.214557,-0.155871,0.351876,,,,,,,,,,,,
1781085070097171145,2026-06-10T16:51:10.097212,ground_truth,0.100870,-0.317000,-0.086093,True,,,,,,,,,-0.216438,-0.156585,0.349939,,,,,,,,,,,,
1781085070165619156,2026-06-10T16:51:10.165651,ground_truth,0.103334,-0.315000,-0.085032,True,,,,,,,,,-0.216163,-0.157947,0.348638,,,,,,,,,,,,
1781085070244157102,2026-06-10T16:51:10.244189,ground_truth,0.106591,-0.317000,-0.081926,True,,,,,,,,,-0.214911,-0.158666,0.349235,,,,,,,,,,,,
1781085070326993128,2026-06-10T16:51:10.327021,ground_truth,0.106255,-0.316000,-0.083225,True,,,,,,,,,-0.215272,-0.158570,0.350403,,,,,,,,,,,,
1781085070417051802,2026-06-10T16:51:10.417088,ground_truth,0.110750,-0.320000,-0.080598,True,,,,,,,,,-0.213927,-0.158953,0.352156,,,,,,,,,,,,
1781085070499503574,2026-06-10T16:51:10.499531,ground_truth,0.107449,-0.318000,-0.081140,True,,,,,,,,,-0.214664,-0.160051,0.353561,,,,,,,,,,,,
1781085070546970130,2026-06-10T16:51:10.546999,ground_truth,0.107292,-0.316000,-0.081148,True,,,,,,,,,-0.216234,-0.161017,0.354618,,,,,,,,,,,,
1781085070631664869,2026-06-10T16:51:10.631695,ground_truth,0.104511,-0.317000,-0.082447,True,,,,,,,,,-0.215837,-0.161455,0.356575,,,,,,,,,,,,
1781085070719093863,2026-06-10T16:51:10.719125,ground_truth,0.104398,-0.312000,-0.086272,True,,,,,,,,,-0.215900,-0.161198,0.355653,,,,,,,,,,,,
1781085070796943517,2026-06-10T16:51:10.796972,ground_truth,0.107814,-0.313000,-0.083463,True,,,,,,,,,-0.217809,-0.162402,0.358201,,,,,,,,,,,,
1781085070866001147,2026-06-10T16:51:10.866031,ground_truth,0.086444,-0.288000,-0.103768,True,,,,,,,,,-0.219519,-0.162736,0.359521,,,,,,,,,,,,
1781085070946993647,2026-06-10T16:51:10.947025,ground_truth,0.085322,-0.289000,-0.065668,True,,,,,,,,,-0.220504,-0.162842,0.358749,,,,,,,,,,,,
1781085070994087742,2026-06-10T16:51:10.994109,ground_truth,0.095417,-0.325000,-0.040743,True,,,,,,,,,-0.219501,-0.162464,0.358864,,,,,,,,,,,,
1781085071072798115,2026-06-10T16:51:11.072822,ground_truth,0.118749,-0.400000,-0.046859,True,,,,,,,,,-0.217377,-0.161536,0.360818,,,,,,,,,,,,
1781085071164465103,2026-06-10T16:51:11.164499,ground_truth,0.143483,-0.486000,-0.072903,True,,,,,,,,,-0.217213,-0.160454,0.363814,,,,,,,,,,,,
1781085071248428947,2026-06-10T16:51:11.248456,ground_truth,0.172617,-0.551000,-0.092612,True,,,,,,,,,-0.215195,-0.160146,0.367737,,,,,,,,,,,,
1781085071335529892,2026-06-10T16:51:11.335556,ground_truth,0.185018,-0.564000,-0.099430,True,,,,,,,,,-0.213260,-0.161213,0.371227,,,,,,,,,,,,
1781085071395789850,2026-06-10T16:51:11.395820,ground_truth,0.210374,-0.565000,-0.103319,True,,,,,,,,,-0.213260,-0.161213,0.371227,,,,,,,,,,,,
1781085071497212470,2026-06-10T16:51:11.497249,ground_truth,0.221530,-0.549000,-0.101295,True,,,,,,,,,-0.217416,-0.164398,0.377434,,,,,,,,,,,,
1781085071591301626,2026-06-10T16:51:11.591346,ground_truth,1.112898,-2.758000,-0.391063,True,,,,,,,,,-0.221030,-0.167716,0.380558,,,,,,,,,,,,
1781085071686249150,2026-06-10T16:51:11.686282,ground_truth,0.194375,-0.500000,-0.051181,True,,,,,,,,,-0.228500,-0.174271,0.381920,,,,,,,,,,,,
1781085071780920944,2026-06-10T16:51:11.780948,ground_truth,0.126434,-0.328000,-0.034652,True,,,,,,,,,-0.230823,-0.178380,0.383174,,,,,,,,,,,,
1781085071878546035,2026-06-10T16:51:11.878581,ground_truth,0.075029,-0.299000,-0.085625,True,,,,,,,,,-0.230823,-0.178380,0.383174,,,,,,,,,,,,
1781085071960391149,2026-06-10T16:51:11.960415,ground_truth,0.083409,-0.326000,-0.094428,True,,,,,,,,,-0.234509,-0.184265,0.384873,,,,,,,,,,,,
1781085072057116925,2026-06-10T16:51:12.057153,ground_truth,0.103732,-0.307000,-0.080855,True,,,,,,,,,-0.240414,-0.192420,0.384499,,,,,,,,,,,,
1781085072214833687,2026-06-10T16:51:12.214858,ground_truth,0.114430,-0.302000,-0.090950,True,,,,,,,,,-0.243194,-0.202178,0.385243,,,,,,,,,,,,
1781085072314310568,2026-06-10T16:51:12.314345,ground_truth,0.127018,-0.324000,-0.095446,True,,,,,,,,,-0.243194,-0.202178,0.385243,,,,,,,,,,,,
1781085072413984184,2026-06-10T16:51:12.414007,ground_truth,0.116026,-0.301000,-0.095594,True,,,,,,,,,-0.244737,-0.205302,0.386797,,,,,,,,,,,,
1781085072502395769,2026-06-10T16:51:12.502422,ground_truth,0.107060,-0.305000,-0.096864,True,,,,,,,,,-0.242385,-0.205529,0.389545,,,,,,,,,,,,
1781085072578777872,2026-06-10T16:51:12.578805,ground_truth,0.100430,-0.314000,-0.097143,True,,,,,,,,,-0.236763,-0.202165,0.392499,,,,,,,,,,,,
1781085072679147413,2026-06-10T16:51:12.679182,ground_truth,0.105162,-0.301000,-0.091638,True,,,,,,,,,-0.236763,-0.202165,0.392499,,,,,,,,,,,,
1781085072770741711,2026-06-10T16:51:12.770775,ground_truth,0.110639,-0.308000,-0.089215,True,,,,,,,,,-0.231281,-0.196501,0.394773,,,,,,,,,,,,
1781085072868958961,2026-06-10T16:51:12.868992,ground_truth,0.110423,-0.306000,-0.093160,True,,,,,,,,,-0.231281,-0.196501,0.394773,,,,,,,,,,,,
1781085072945742276,2026-06-10T16:51:12.945770,ground_truth,0.110832,-0.303000,-0.094736,True,,,,,,,,,-0.230092,-0.192211,0.394883,,,,,,,,,,,,
1781085073059873787,2026-06-10T16:51:13.059917,ground_truth,0.127268,-0.333000,-0.090985,True,,,,,,,,,-0.226836,-0.178715,0.392349,,,,,,,,,,,,
1781085073173479942,2026-06-10T16:51:13.173517,ground_truth,0.116567,-0.305000,-0.090350,True,,,,,,,,,-0.226349,-0.176253,0.391865,,,,,,,,,,,,
1781085073278142681,2026-06-10T16:51:13.278175,ground_truth,0.108346,-0.303000,-0.095234,True,,,,,,,,,-0.226349,-0.176253,0.391865,,,,,,,,,,,,
1781085073382604339,2026-06-10T16:51:13.382640,ground_truth,0.114809,-0.303000,-0.093242,True,,,,,,,,,-0.227373,-0.172507,0.388597,,,,,,,,,,,,
1781085073473682528,2026-06-10T16:51:13.473716,ground_truth,0.111696,-0.304000,-0.092551,True,,,,,,,,,-0.226954,-0.170821,0.389651,,,,,,,,,,,,
1781085073572613783,2026-06-10T16:51:13.572642,ground_truth,0.110832,-0.303000,-0.093740,True,,,,,,,,,-0.227649,-0.168118,0.386477,,,,,,,,,,,,
1781085073688614329,2026-06-10T16:51:13.688652,ground_truth,0.109340,-0.303000,-0.095731,True,,,,,,,,,-0.227636,-0.168859,0.386718,,,,,,,,,,,,
1781085073842611885,2026-06-10T16:51:13.842640,ground_truth,0.108258,-0.300000,-0.099219,True,,,,,,,,,-0.230945,-0.162782,0.380546,,,,,,,,,,,,
1781085073964024561,2026-06-10T16:51:13.964063,ground_truth,0.107765,-0.300000,-0.099219,True,,,,,,,,,-0.230945,-0.162782,0.380546,,,,,,,,,,,,
1781085074083231117,2026-06-10T16:51:14.083266,ground_truth,0.108125,-0.301000,-0.098067,True,,,,,,,,,-0.230235,-0.163047,0.376903,,,,,,,,,,,,
1781085074237504252,2026-06-10T16:51:14.237591,ground_truth,0.109202,-0.304000,-0.094549,True,,,,,,,,,-0.232249,-0.160682,0.375193,,,,,,,,,,,,
1781085074458633941,2026-06-10T16:51:14.458676,ground_truth,0.110200,-0.304000,-0.094549,True,,,,,,,,,-0.231410,-0.160756,0.373615,,,,,,,,,,,,
1781085074533771537,2026-06-10T16:51:14.533801,ground_truth,0.111427,-0.306000,-0.092657,True,,,,,,,,,-0.231410,-0.160756,0.373615,,,,,,,,,,,,
1781085074602444043,2026-06-10T16:51:14.602491,ground_truth,0.112694,-0.304000,-0.092551,True,,,,,,,,,-0.231410,-0.160756,0.373615,,,,,,,,,,,,
1781085074743893203,2026-06-10T16:51:14.743950,ground_truth,0.108205,-0.304000,-0.095048,True,,,,,,,,,-0.231410,-0.160756,0.373615,,,,,,,,,,,,
1781085074870454583,2026-06-10T16:51:14.870501,ground_truth,0.109202,-0.304000,-0.095048,True,,,,,,,,,-0.232279,-0.161130,0.376381,,,,,,,,,,,,
1781085074992123337,2026-06-10T16:51:14.992156,ground_truth,0.107207,-0.304000,-0.095548,True,,,,,,,,,-0.231623,-0.158016,0.375906,,,,,,,,,,,,
1781085075085581105,2026-06-10T16:51:15.085617,ground_truth,0.127431,-0.332000,-0.093439,True,,,,,,,,,-0.229325,-0.153523,0.367585,,,,,,,,,,,,
1781085075178840646,2026-06-10T16:51:15.178883,ground_truth,0.128361,-0.333000,-0.091532,True,,,,,,,,,-0.226592,-0.152834,0.362958,,,,,,,,,,,,
1781085075273476019,2026-06-10T16:51:15.273515,ground_truth,0.127815,-0.333000,-0.095362,True,,,,,,,,,-0.218058,-0.157722,0.352488,,,,,,,,,,,,
1781085075387760154,2026-06-10T16:51:15.387799,ground_truth,0.130546,-0.333000,-0.092079,True,,,,,,,,,-0.213847,-0.163115,0.348102,,,,,,,,,,,,
1781085075489565387,2026-06-10T16:51:15.489601,ground_truth,0.129610,-0.332000,-0.095621,True,,,,,,,,,-0.205731,-0.179588,0.340899,,,,,,,,,,,,
1781085075547729287,2026-06-10T16:51:15.547765,ground_truth,0.127590,-0.331000,-0.098052,True,,,,,,,,,-0.202425,-0.188574,0.337892,,,,,,,,,,,,
1781085075651008777,2026-06-10T16:51:15.651045,ground_truth,0.109124,-0.297000,-0.103595,True,,,,,,,,,-0.199724,-0.197756,0.335188,,,,,,,,,,,,
1781085075725196526,2026-06-10T16:51:15.725234,ground_truth,0.109492,-0.298000,-0.101496,True,,,,,,,,,-0.196676,-0.208115,0.332137,,,,,,,,,,,,
1781085075783219126,2026-06-10T16:51:15.783253,ground_truth,0.109242,-0.300000,-0.100698,True,,,,,,,,,-0.195344,-0.215199,0.330609,,,,,,,,,,,,
1781085075852638227,2026-06-10T16:51:15.852669,ground_truth,0.108750,-0.300000,-0.099712,True,,,,,,,,,-0.195054,-0.221646,0.329828,,,,,,,,,,,,
1781085075919869570,2026-06-10T16:51:15.919921,ground_truth,0.109970,-0.302000,-0.096408,True,,,,,,,,,-0.202614,-0.211516,0.335332,,,,,,,,,,,,
1781085075993611607,2026-06-10T16:51:15.993644,ground_truth,0.108619,-0.301000,-0.098561,True,,,,,,,,,-0.205701,-0.205938,0.337316,,,,,,,,,,,,
1781085076076045137,2026-06-10T16:51:16.076070,ground_truth,0.112588,-0.312000,-0.089861,True,,,,,,,,,-0.208130,-0.200029,0.339036,,,,,,,,,,,,
1781085076176419779,2026-06-10T16:51:16.176450,ground_truth,0.111427,-0.306000,-0.092657,True,,,,,,,,,-0.210731,-0.192168,0.340986,,,,,,,,,,,,
1781085076241002792,2026-06-10T16:51:16.241039,ground_truth,0.113192,-0.304000,-0.094049,True,,,,,,,,,-0.212667,-0.186318,0.342437,,,,,,,,,,,,
1781085076304577144,2026-06-10T16:51:16.304613,ground_truth,0.112694,-0.304000,-0.094049,True,,,,,,,,,-0.215207,-0.180835,0.343552,,,,,,,,,,,,
1781085076373065158,2026-06-10T16:51:16.373106,ground_truth,0.105904,-0.306000,-0.096679,True,,,,,,,,,-0.217216,-0.175448,0.344987,,,,,,,,,,,,
1781085076475060882,2026-06-10T16:51:16.475087,ground_truth,0.106406,-0.306000,-0.096679,True,,,,,,,,,-0.219412,-0.166115,0.348743,,,,,,,,,,,,
1781085076531722309,2026-06-10T16:51:16.531745,ground_truth,0.109701,-0.304000,-0.096047,True,,,,,,,,,-0.220673,-0.162231,0.350251,,,,,,,,,,,,
1781085076615074695,2026-06-10T16:51:16.615104,ground_truth,0.109837,-0.303000,-0.096229,True,,,,,,,,,-0.220468,-0.159742,0.352153,,,,,,,,,,,,
1781085076707629652,2026-06-10T16:51:16.707652,ground_truth,0.108979,-0.302000,-0.097400,True,,,,,,,,,-0.218604,-0.158056,0.352642,,,,,,,,,,,,
1781085076759988488,2026-06-10T16:51:16.760031,ground_truth,0.107411,-0.306000,-0.094668,True,,,,,,,,,-0.215806,-0.157597,0.351918,,,,,,,,,,,,
1781085076816377577,2026-06-10T16:51:16.816409,ground_truth,0.107913,-0.306000,-0.094668,True,,,,,,,,,-0.212122,-0.158719,0.349735,,,,,,,,,,,,
1781085076914862526,2026-06-10T16:51:16.914896,ground_truth,0.107207,-0.304000,-0.096547,True,,,,,,,,,-0.208189,-0.161888,0.346777,,,,,,,,,,,,
1781085076957589701,2026-06-10T16:51:16.957615,ground_truth,0.105904,-0.306000,-0.096679,True,,,,,,,,,-0.204332,-0.167234,0.343423,,,,,,,,,,,,
1781085077004011079,2026-06-10T16:51:17.004064,ground_truth,0.105081,-0.308000,-0.104902,True,,,,,,,,,-0.200918,-0.174791,0.340135,,,,,,,,,,,,
1781085077045962617,2026-06-10T16:51:17.045990,ground_truth,0.102725,-0.307000,-0.100526,True,,,,,,,,,-0.200918,-0.174791,0.340135,,,,,,,,,,,,
1781085077092078864,2026-06-10T16:51:17.092117,ground_truth,0.102221,-0.307000,-0.100526,True,,,,,,,,,-0.198025,-0.183841,0.337093,,,,,,,,,,,,
1781085077180069070,2026-06-10T16:51:17.180104,ground_truth,0.101543,-0.308000,-0.100853,True,,,,,,,,,-0.195120,-0.192932,0.334037,,,,,,,,,,,,
1781085077237832782,2026-06-10T16:51:17.237862,ground_truth,0.103217,-0.304000,-0.098045,True,,,,,,,,,-0.192216,-0.202015,0.330984,,,,,,,,,,,,
1781085077316030314,2026-06-10T16:51:17.316069,ground_truth,0.106997,-0.302000,-0.090454,True,,,,,,,,,-0.189317,-0.211085,0.327935,,,,,,,,,,,,
1781085077384411589,2026-06-10T16:51:17.384443,ground_truth,0.095886,-0.316000,-0.101915,True,,,,,,,,,-0.187007,-0.220242,0.324969,,,,,,,,,,,,
1781085077449262420,2026-06-10T16:51:17.449298,ground_truth,0.098889,-0.319000,-0.103407,True,,,,,,,,,-0.185809,-0.227699,0.322628,,,,,,,,,,,,
1781085077525200652,2026-06-10T16:51:17.525222,ground_truth,0.106773,-0.316000,-0.086340,True,,,,,,,,,-0.185823,-0.233207,0.320981,,,,,,,,,,,,
1781085077620646214,2026-06-10T16:51:17.620673,ground_truth,0.105031,-0.317000,-0.089217,True,,,,,,,,,-0.189048,-0.229271,0.322524,,,,,,,,,,,,
1781085077729853520,2026-06-10T16:51:17.729875,ground_truth,0.112498,-0.322000,-0.084805,True,,,,,,,,,-0.188655,-0.228380,0.322287,,,,,,,,,,,,
1781085077785295524,2026-06-10T16:51:17.785339,ground_truth,0.111101,-0.318000,-0.086887,True,,,,,,,,,-0.188655,-0.228380,0.322287,,,,,,,,,,,,
1781085077870986464,2026-06-10T16:51:17.871013,ground_truth,0.109703,-0.314000,-0.089921,True,,,,,,,,,-0.183385,-0.230497,0.320961,,,,,,,,,,,,
1781085077931302765,2026-06-10T16:51:17.931340,ground_truth,0.124923,-0.340000,-0.088987,True,,,,,,,,,-0.181984,-0.231868,0.321479,,,,,,,,,,,,
1781085078001983577,2026-06-10T16:51:18.002023,ground_truth,0.123634,-0.338000,-0.090685,True,,,,,,,,,-0.181984,-0.231868,0.321479,,,,,,,,,,,,
1781085078086808969,2026-06-10T16:51:18.086842,ground_truth,0.114340,-0.314000,-0.088373,True,,,,,,,,,-0.183302,-0.232953,0.322799,,,,,,,,,,,,
1781085078190685271,2026-06-10T16:51:18.190714,ground_truth,0.113513,-0.316000,-0.086340,True,,,,,,,,,-0.185353,-0.231573,0.324387,,,,,,,,,,,,
1781085078261360592,2026-06-10T16:51:18.261387,ground_truth,0.113872,-0.317000,-0.087134,True,,,,,,,,,-0.190426,-0.227319,0.327957,,,,,,,,,,,,
1781085078344672823,2026-06-10T16:51:18.344699,ground_truth,0.105918,-0.315000,-0.091242,True,,,,,,,,,-0.193400,-0.223714,0.330682,,,,,,,,,,,,
1781085078398014309,2026-06-10T16:51:18.398045,ground_truth,0.103470,-0.317000,-0.092342,True,,,,,,,,,-0.193400,-0.223714,0.330682,,,,,,,,,,,,
1781085078483116165,2026-06-10T16:51:18.483145,ground_truth,0.104647,-0.319000,-0.088732,True,,,,,,,,,-0.199836,-0.214463,0.336654,,,,,,,,,,,,
1781085078581800285,2026-06-10T16:51:18.581830,ground_truth,0.104318,-0.318000,-0.090021,True,,,,,,,,,-0.202832,-0.208811,0.339731,,,,,,,,,,,,
1781085078650501308,2026-06-10T16:51:18.650539,ground_truth,0.105693,-0.319000,-0.087160,True,,,,,,,,,-0.204887,-0.204934,0.341842,,,,,,,,,,,,
1781085078764736025,2026-06-10T16:51:18.764772,ground_truth,0.107216,-0.322000,-0.104379,True,,,,,,,,,-0.208283,-0.194590,0.345150,,,,,,,,,,,,
1781085078877963835,2026-06-10T16:51:18.878007,ground_truth,0.106740,-0.319000,-0.102883,True,,,,,,,,,-0.209839,-0.187466,0.348235,,,,,,,,,,,,
1781085078986821956,2026-06-10T16:51:18.986858,ground_truth,0.107986,-0.315000,-0.088655,True,,,,,,,,,-0.212024,-0.183604,0.348988,,,,,,,,,,,,
1781085079097984420,2026-06-10T16:51:19.098022,ground_truth,0.107300,-0.313000,-0.090149,True,,,,,,,,,-0.212656,-0.178232,0.351392,,,,,,,,,,,,
1781085079191762332,2026-06-10T16:51:19.191804,ground_truth,0.105402,-0.315000,-0.090725,True,,,,,,,,,-0.212880,-0.179846,0.350436,,,,,,,,,,,,
1781085079312951856,2026-06-10T16:51:19.312997,ground_truth,0.108671,-0.317000,-0.086613,True,,,,,,,,,-0.214764,-0.174272,0.351697,,,,,,,,,,,,
1781085079369027931,2026-06-10T16:51:19.369078,ground_truth,0.110402,-0.316000,-0.087898,True,,,,,,,,,-0.214764,-0.174272,0.351697,,,,,,,,,,,,
1781085079468411648,2026-06-10T16:51:19.468438,ground_truth,0.112850,-0.320000,-0.084279,True,,,,,,,,,-0.214711,-0.174420,0.351672,,,,,,,,,,,,
1781085079574218814,2026-06-10T16:51:19.574256,ground_truth,0.112144,-0.318000,-0.086887,True,,,,,,,,,-0.214711,-0.174420,0.351672,,,,,,,,,,,,
1781085079652603547,2026-06-10T16:51:19.652641,ground_truth,0.113020,-0.319000,-0.087160,True,,,,,,,,,-0.212506,-0.172253,0.355528,,,,,,,,,,,,
1781085079776665600,2026-06-10T16:51:19.776713,ground_truth,0.106071,-0.317000,-0.094946,True,,,,,,,,,-0.214148,-0.168257,0.356781,,,,,,,,,,,,
1781085079885061528,2026-06-10T16:51:19.885100,ground_truth,0.109365,-0.316000,-0.089455,True,,,,,,,,,-0.216586,-0.166831,0.355581,,,,,,,,,,,,
1781085079990538586,2026-06-10T16:51:19.990571,ground_truth,0.108847,-0.316000,-0.091532,True,,,,,,,,,-0.216586,-0.166831,0.355581,,,,,,,,,,,,
1781085080073188897,2026-06-10T16:51:20.073229,ground_truth,0.108847,-0.316000,-0.089974,True,,,,,,,,,-0.218613,-0.166759,0.354602,,,,,,,,,,,,
1781085080145222087,2026-06-10T16:51:20.145250,ground_truth,0.109191,-0.317000,-0.090259,True,,,,,,,,,-0.220321,-0.166013,0.352024,,,,,,,,,,,,
1781085080285202657,2026-06-10T16:51:20.285238,ground_truth,0.105362,-0.318000,-0.094723,True,,,,,,,,,-0.220916,-0.165895,0.352542,,,,,,,,,,,,
1781085080350084386,2026-06-10T16:51:20.350109,ground_truth,0.107881,-0.324000,-0.103431,True,,,,,,,,,-0.218874,-0.166713,0.354891,,,,,,,,,,,,
1781085080434786597,2026-06-10T16:51:20.434827,ground_truth,0.106383,-0.319500,-0.100944,True,,,,,,,,,-0.218874,-0.166713,0.354891,,,,,,,,,,,,
1781085080533021314,2026-06-10T16:51:20.533052,ground_truth,0.111090,-0.332000,-0.105439,True,,,,,,,,,-0.211407,-0.170016,0.349902,,,,,,,,,,,,
1781085080628634551,2026-06-10T16:51:20.628665,ground_truth,0.104949,-0.335000,-0.101989,True,,,,,,,,,-0.206746,-0.176635,0.345977,,,,,,,,,,,,
1781085080711288057,2026-06-10T16:51:20.711322,ground_truth,0.105125,-0.327000,-0.106000,True,,,,,,,,,-0.203997,-0.181679,0.343682,,,,,,,,,,,,
1781085080773355396,2026-06-10T16:51:20.773387,ground_truth,0.105768,-0.329000,-0.106108,True,,,,,,,,,-0.200874,-0.190329,0.341043,,,,,,,,,,,,
1781085080837484783,2026-06-10T16:51:20.837522,ground_truth,0.107313,-0.325500,-0.102305,True,,,,,,,,,-0.198426,-0.199847,0.338438,,,,,,,,,,,,
1781085080934110378,2026-06-10T16:51:20.934147,ground_truth,0.106942,-0.316500,-0.099477,True,,,,,,,,,-0.194596,-0.218785,0.333121,,,,,,,,,,,,
1781085081024687630,2026-06-10T16:51:21.024719,ground_truth,0.108151,-0.317000,-0.097550,True,,,,,,,,,-0.193889,-0.228043,0.330161,,,,,,,,,,,,
1781085081116769890,2026-06-10T16:51:21.116801,ground_truth,0.108328,-0.316000,-0.096724,True,,,,,,,,,-0.194460,-0.235694,0.327445,,,,,,,,,,,,
1781085081181937868,2026-06-10T16:51:21.181974,ground_truth,0.110225,-0.320000,-0.087433,True,,,,,,,,,-0.195764,-0.241311,0.325243,,,,,,,,,,,,
1781085081277280018,2026-06-10T16:51:21.277327,ground_truth,0.108833,-0.319000,-0.088732,True,,,,,,,,,-0.202329,-0.229965,0.327338,,,,,,,,,,,,
1781085081368172888,2026-06-10T16:51:21.368204,ground_truth,0.108310,-0.319000,-0.089256,True,,,,,,,,,-0.204471,-0.226283,0.328513,,,,,,,,,,,,
1781085081462190076,2026-06-10T16:51:21.462213,ground_truth,0.114591,-0.319000,-0.088208,True,,,,,,,,,-0.210859,-0.215898,0.332333,,,,,,,,,,,,
1781085081515227094,2026-06-10T16:51:21.515266,ground_truth,0.112279,-0.314000,-0.094048,True,,,,,,,,,-0.210859,-0.215898,0.332333,,,,,,,,,,,,
1781085081570871720,2026-06-10T16:51:21.570903,ground_truth,0.113612,-0.312000,-0.093961,True,,,,,,,,,-0.213536,-0.210047,0.334886,,,,,,,,,,,,
1781085081675625924,2026-06-10T16:51:21.675662,ground_truth,0.109884,-0.316000,-0.103992,True,,,,,,,,,-0.217499,-0.197794,0.341720,,,,,,,,,,,,
1781085081777177370,2026-06-10T16:51:21.777225,ground_truth,0.109703,-0.314000,-0.102818,True,,,,,,,,,-0.218006,-0.193018,0.344811,,,,,,,,,,,,
1781085081869514459,2026-06-10T16:51:21.869549,ground_truth,0.106927,-0.318000,-0.096813,True,,,,,,,,,-0.217790,-0.189785,0.347174,,,,,,,,,,,,
1781085081971462576,2026-06-10T16:51:21.971497,ground_truth,0.102989,-0.322000,-0.096444,True,,,,,,,,,-0.219070,-0.186467,0.349311,,,,,,,,,,,,
1781085082037751015,2026-06-10T16:51:22.037781,ground_truth,0.103400,-0.320000,-0.095845,True,,,,,,,,,-0.218808,-0.185382,0.350805,,,,,,,,,,,,
1781085082114676123,2026-06-10T16:51:22.114709,ground_truth,0.103723,-0.321000,-0.091398,True,,,,,,,,,-0.218081,-0.183553,0.349870,,,,,,,,,,,,
1781085082181971594,2026-06-10T16:51:22.181996,ground_truth,0.103925,-0.320000,-0.093216,True,,,,,,,,,-0.218081,-0.183553,0.349870,,,,,,,,,,,,
1781085082279914841,2026-06-10T16:51:22.279952,ground_truth,0.102249,-0.323000,-0.094090,True,,,,,,,,,-0.213612,-0.180543,0.344210,,,,,,,,,,,,
1781085082345529113,2026-06-10T16:51:22.345565,ground_truth,0.102143,-0.321000,-0.100364,True,,,,,,,,,-0.207633,-0.183390,0.337525,,,,,,,,,,,,
1781085082437007647,2026-06-10T16:51:22.437037,ground_truth,0.103925,-0.320000,-0.095319,True,,,,,,,,,-0.204052,-0.187696,0.334659,,,,,,,,,,,,
1781085082504822185,2026-06-10T16:51:22.504856,ground_truth,0.104249,-0.321000,-0.099836,True,,,,,,,,,-0.200478,-0.194208,0.332149,,,,,,,,,,,,
1781085082560143278,2026-06-10T16:51:22.560168,ground_truth,0.099070,-0.323000,-0.107357,True,,,,,,,,,-0.197154,-0.202819,0.330172,,,,,,,,,,,,
1781085082654970059,2026-06-10T16:51:22.655008,ground_truth,0.101816,-0.325000,-0.107488,True,,,,,,,,,-0.194425,-0.212250,0.328436,,,,,,,,,,,,
1781085082729756818,2026-06-10T16:51:22.729777,ground_truth,0.102664,-0.326000,-0.107283,True,,,,,,,,,-0.189724,-0.231239,0.324974,,,,,,,,,,,,
1781085082782835576,2026-06-10T16:51:22.782861,ground_truth,0.102979,-0.327000,-0.107075,True,,,,,,,,,-0.189724,-0.231239,0.324974,,,,,,,,,,,,
1781085082838848132,2026-06-10T16:51:22.838874,ground_truth,0.103949,-0.325000,-0.108022,True,,,,,,,,,-0.189085,-0.239024,0.323506,,,,,,,,,,,,
1781085082891334472,2026-06-10T16:51:22.891370,ground_truth,0.111922,-0.313000,-0.093234,True,,,,,,,,,-0.189696,-0.244934,0.322317,,,,,,,,,,,,
1781085082974661877,2026-06-10T16:51:22.974690,ground_truth,0.111086,-0.315000,-0.107286,True,,,,,,,,,-0.199433,-0.234912,0.323635,,,,,,,,,,,,
1781085083044622012,2026-06-10T16:51:23.044653,ground_truth,0.109191,-0.317000,-0.107446,True,,,,,,,,,-0.199951,-0.232900,0.323351,,,,,,,,,,,,
1781085083097846858,2026-06-10T16:51:23.097883,ground_truth,0.108310,-0.319000,-0.107600,True,,,,,,,,,-0.202477,-0.230287,0.324013,,,,,,,,,,,,
1781085083171569872,2026-06-10T16:51:23.171606,ground_truth,0.107631,-0.317000,-0.097030,True,,,,,,,,,-0.203149,-0.227044,0.323656,,,,,,,,,,,,
1781085083233892834,2026-06-10T16:51:23.233928,ground_truth,0.105170,-0.319000,-0.093973,True,,,,,,,,,-0.202283,-0.225260,0.322757,,,,,,,,,,,,
1781085083298252706,2026-06-10T16:51:23.298289,ground_truth,0.108502,-0.315000,-0.093830,True,,,,,,,,,-0.200055,-0.225218,0.321642,,,,,,,,,,,,
1781085083388702910,2026-06-10T16:51:23.388737,ground_truth,0.108671,-0.317000,-0.090259,True,,,,,,,,,-0.196647,-0.227044,0.320265,,,,,,,,,,,,
1781085083497385476,2026-06-10T16:51:23.497408,ground_truth,0.108151,-0.317000,-0.090780,True,,,,,,,,,-0.187742,-0.236955,0.317576,,,,,,,,,,,,
1781085083556794850,2026-06-10T16:51:23.556835,ground_truth,0.108151,-0.317000,-0.091301,True,,,,,,,,,-0.183624,-0.242333,0.316368,,,,,,,,,,,,
1781085083616860161,2026-06-10T16:51:23.616899,ground_truth,0.120461,-0.340000,-0.085636,True,,,,,,,,,-0.181329,-0.247087,0.316175,,,,,,,,,,,,
1781085083714843357,2026-06-10T16:51:23.714880,ground_truth,0.102669,-0.321000,-0.096144,True,,,,,,,,,-0.185048,-0.245506,0.318540,,,,,,,,,,,,
1781085083777335018,2026-06-10T16:51:23.777370,ground_truth,0.104123,-0.319000,-0.096594,True,,,,,,,,,-0.185048,-0.245506,0.318540,,,,,,,,,,,,
1781085083830181994,2026-06-10T16:51:23.830213,ground_truth,0.104318,-0.318000,-0.096813,True,,,,,,,,,-0.186647,-0.244318,0.319539,,,,,,,,,,,,
1781085083942903649,2026-06-10T16:51:23.942954,ground_truth,0.105362,-0.318000,-0.092634,True,,,,,,,,,-0.192367,-0.239166,0.323368,,,,,,,,,,,,
1781085084030246185,2026-06-10T16:51:24.030281,ground_truth,0.101719,-0.323000,-0.107888,True,,,,,,,,,-0.194919,-0.236436,0.323756,,,,,,,,,,,,
1781085084095296974,2026-06-10T16:51:24.095344,ground_truth,0.100249,-0.320000,-0.105834,True,,,,,,,,,-0.197640,-0.233181,0.324658,,,,,,,,,,,,
1781085084202561140,2026-06-10T16:51:24.202587,ground_truth,0.103415,-0.325000,-0.106954,True,,,,,,,,,-0.199732,-0.229743,0.325710,,,,,,,,,,,,
1781085084287534672,2026-06-10T16:51:24.287567,ground_truth,0.102143,-0.321000,-0.105110,True,,,,,,,,,-0.200742,-0.227839,0.326204,,,,,,,,,,,,
1781085084365015895,2026-06-10T16:51:24.365053,ground_truth,0.103949,-0.325000,-0.105352,True,,,,,,,,,-0.202705,-0.223946,0.326985,,,,,,,,,,,,
1781085084452604205,2026-06-10T16:51:24.452637,ground_truth,0.103949,-0.325000,-0.104818,True,,,,,,,,,-0.205312,-0.219962,0.327334,,,,,,,,,,,,
1781085084526472096,2026-06-10T16:51:24.526498,ground_truth,0.103839,-0.323000,-0.104173,True,,,,,,,,,-0.208130,-0.216073,0.327089,,,,,,,,,,,,
1781085084615268799,2026-06-10T16:51:24.615305,ground_truth,0.108214,-0.325000,-0.105352,True,,,,,,,,,-0.209563,-0.213726,0.327453,,,,,,,,,,,,
1781085084702093710,2026-06-10T16:51:24.702125,ground_truth,0.109703,-0.314000,-0.093532,True,,,,,,,,,-0.211329,-0.211971,0.327207,,,,,,,,,,,,
1781085084787528162,2026-06-10T16:51:24.787555,ground_truth,0.107986,-0.315000,-0.097970,True,,,,,,,,,-0.211978,-0.210495,0.327995,,,,,,,,,,,,
1781085084861602489,2026-06-10T16:51:24.861621,ground_truth,0.110540,-0.312000,-0.097550,True,,,,,,,,,-0.209307,-0.212085,0.326869,,,,,,,,,,,,
1781085084922235912,2026-06-10T16:51:24.922271,ground_truth,0.118469,-0.321000,-0.088234,True,,,,,,,,,-0.209307,-0.212085,0.326869,,,,,,,,,,,,
1781085084973598552,2026-06-10T16:51:24.973632,ground_truth,0.116840,-0.318000,-0.088976,True,,,,,,,,,-0.206030,-0.215287,0.325137,,,,,,,,,,,,
1781085085063441839,2026-06-10T16:51:25.063465,ground_truth,0.111958,-0.316000,-0.089455,True,,,,,,,,,-0.195713,-0.226804,0.321382,,,,,,,,,,,,
1781085085115380904,2026-06-10T16:51:25.115410,ground_truth,0.111450,-0.319000,-0.087684,True,,,,,,,,,-0.195713,-0.226804,0.321382,,,,,,,,,,,,
1781085085180375937,2026-06-10T16:51:25.180411,ground_truth,0.113352,-0.317000,-0.089738,True,,,,,,,,,-0.190423,-0.233441,0.320247,,,,,,,,,,,,
1781085085274818859,2026-06-10T16:51:25.274852,ground_truth,0.108158,-0.314000,-0.097143,True,,,,,,,,,-0.183389,-0.244620,0.319099,,,,,,,,,,,,
1781085085327189585,2026-06-10T16:51:25.327219,ground_truth,0.107643,-0.314000,-0.097143,True,,,,,,,,,-0.183389,-0.244620,0.319099,,,,,,,,,,,,
1781085085380612500,2026-06-10T16:51:25.380642,ground_truth,0.107300,-0.313000,-0.097348,True,,,,,,,,,-0.186632,-0.243968,0.320463,,,,,,,,,,,,
1781085085469034661,2026-06-10T16:51:25.469066,ground_truth,0.109884,-0.316000,-0.091013,True,,,,,,,,,-0.191815,-0.240478,0.322684,,,,,,,,,,,,
1781085085560993168,2026-06-10T16:51:25.561025,ground_truth,0.108502,-0.315000,-0.092795,True,,,,,,,,,-0.195754,-0.237245,0.323963,,,,,,,,,,,,
1781085085635773693,2026-06-10T16:51:25.635803,ground_truth,0.106612,-0.314000,-0.098175,True,,,,,,,,,-0.197686,-0.234810,0.324753,,,,,,,,,,,,
1781085085707877038,2026-06-10T16:51:25.707909,ground_truth,0.107814,-0.313000,-0.095291,True,,,,,,,,,-0.197562,-0.233165,0.325047,,,,,,,,,,,,
1781085085759608578,2026-06-10T16:51:25.759635,ground_truth,0.107128,-0.314000,-0.096627,True,,,,,,,,,-0.195866,-0.232965,0.324961,,,,,,,,,,,,
1781085085809782644,2026-06-10T16:51:25.809817,ground_truth,0.108841,-0.313000,-0.093234,True,,,,,,,,,-0.192746,-0.234459,0.324508,,,,,,,,,,,,
1781085085863448862,2026-06-10T16:51:25.863487,ground_truth,0.108493,-0.312000,-0.093449,True,,,,,,,,,-0.188284,-0.237720,0.323983,,,,,,,,,,,,
1781085085947668892,2026-06-10T16:51:25.947703,ground_truth,0.106786,-0.313000,-0.098891,True,,,,,,,,,-0.184525,-0.241473,0.323631,,,,,,,,,,,,
1781085085992035336,2026-06-10T16:51:25.992061,ground_truth,0.107300,-0.313000,-0.100434,True,,,,,,,,,-0.184525,-0.241473,0.323631,,,,,,,,,,,,
1781085086074031438,2026-06-10T16:51:26.074060,ground_truth,0.107128,-0.314000,-0.100754,True,,,,,,,,,-0.182918,-0.244595,0.323337,,,,,,,,,,,,
1781085086143444109,2026-06-10T16:51:26.143473,ground_truth,0.107635,-0.311000,-0.098259,True,,,,,,,,,-0.187206,-0.242480,0.323750,,,,,,,,,,,,
1781085086220502524,2026-06-10T16:51:26.220539,ground_truth,0.107981,-0.312000,-0.094474,True,,,,,,,,,-0.190573,-0.241027,0.324066,,,,,,,,,,,,
1781085086306492953,2026-06-10T16:51:26.306521,ground_truth,0.103851,-0.315000,-0.092795,True,,,,,,,,,-0.191967,-0.239116,0.323459,,,,,,,,,,,,
1781085086391523818,2026-06-10T16:51:26.391554,ground_truth,0.103851,-0.315000,-0.092795,True,,,,,,,,,-0.191406,-0.238223,0.322692,,,,,,,,,,,,
1781085086457560419,2026-06-10T16:51:26.457592,ground_truth,0.102107,-0.316000,-0.093089,True,,,,,,,,,-0.189989,-0.239219,0.322734,,,,,,,,,,,,
1781085086518204860,2026-06-10T16:51:26.518242,ground_truth,0.101784,-0.315000,-0.094347,True,,,,,,,,,-0.187655,-0.238098,0.321987,,,,,,,,,,,,
1781085086566305208,2026-06-10T16:51:26.566351,ground_truth,0.104573,-0.311000,-0.093660,True,,,,,,,,,-0.184129,-0.238531,0.320784,,,,,,,,,,,,
1781085086609038988,2026-06-10T16:51:26.609071,ground_truth,0.105084,-0.311000,-0.093149,True,,,,,,,,,-0.181107,-0.239429,0.320223,,,,,,,,,,,,
1781085086674201585,2026-06-10T16:51:26.674229,ground_truth,0.106786,-0.313000,-0.089634,True,,,,,,,,,-0.181834,-0.239213,0.320358,,,,,,,,,,,,
1781085086726432706,2026-06-10T16:51:26.726455,ground_truth,0.108158,-0.314000,-0.089405,True,,,,,,,,,-0.181834,-0.239213,0.320358,,,,,,,,,,,,
1781085086771796657,2026-06-10T16:51:26.771825,ground_truth,0.107111,-0.317000,-0.086613,True,,,,,,,,,-0.181834,-0.239213,0.320358,,,,,,,,,,,,
1781085086826604775,2026-06-10T16:51:26.826641,ground_truth,0.108328,-0.316000,-0.087378,True,,,,,,,,,-0.181834,-0.239213,0.320358,,,,,,,,,,,,
1781085086881593048,2026-06-10T16:51:26.881622,ground_truth,0.107986,-0.315000,-0.088137,True,,,,,,,,,-0.181834,-0.239213,0.320358,,,,,,,,,,,,
1781085086951065570,2026-06-10T16:51:26.951101,ground_truth,0.107258,-0.307000,-0.096995,True,,,,,,,,,-0.183826,-0.239543,0.321554,,,,,,,,,,,,
1781085087039235916,2026-06-10T16:51:27.039265,ground_truth,0.104063,-0.311000,-0.095193,True,,,,,,,,,-0.187494,-0.238827,0.323038,,,,,,,,,,,,
1781085087090828582,2026-06-10T16:51:27.090858,ground_truth,0.104237,-0.310000,-0.092850,True,,,,,,,,,-0.186013,-0.239116,0.322439,,,,,,,,,,,,
1781085087185285914,2026-06-10T16:51:27.185340,ground_truth,0.108671,-0.317000,-0.085572,True,,,,,,,,,-0.187806,-0.238333,0.323361,,,,,,,,,,,,
1781085087267831354,2026-06-10T16:51:27.267859,ground_truth,0.111272,-0.317000,-0.086093,True,,,,,,,,,-0.188910,-0.237495,0.325071,,,,,,,,,,,,
1781085087354670682,2026-06-10T16:51:27.354703,ground_truth,0.110921,-0.316000,-0.085821,True,,,,,,,,,-0.186680,-0.237367,0.325159,,,,,,,,,,,,
1781085087448142385,2026-06-10T16:51:27.448195,ground_truth,0.111086,-0.315000,-0.086067,True,,,,,,,,,-0.184532,-0.237437,0.324988,,,,,,,,,,,,
1781085087498419947,2026-06-10T16:51:27.498453,ground_truth,0.108847,-0.316000,-0.086859,True,,,,,,,,,-0.182809,-0.238219,0.324080,,,,,,,,,,,,
1781085087546198348,2026-06-10T16:51:27.546240,ground_truth,0.104699,-0.316000,-0.088936,True,,,,,,,,,-0.179622,-0.239765,0.323960,,,,,,,,,,,,
1781085087595739203,2026-06-10T16:51:27.595769,ground_truth,0.104181,-0.316000,-0.088936,True,,,,,,,,,-0.179622,-0.239765,0.323960,,,,,,,,,,,,
1781085087655904911,2026-06-10T16:51:27.655944,ground_truth,0.103851,-0.315000,-0.089690,True,,,,,,,,,-0.180298,-0.239437,0.323985,,,,,,,,,,,,
1781085087722502515,2026-06-10T16:51:27.722537,ground_truth,0.102491,-0.314000,-0.093016,True,,,,,,,,,-0.180298,-0.239437,0.323985,,,,,,,,,,,,
1781085087779255912,2026-06-10T16:51:27.779294,ground_truth,0.105254,-0.310000,-0.094887,True,,,,,,,,,-0.180298,-0.239437,0.323985,,,,,,,,,,,,
1781085087843211772,2026-06-10T16:51:27.843242,ground_truth,0.105254,-0.310000,-0.093868,True,,,,,,,,,-0.180298,-0.239437,0.323985,,,,,,,,,,,,
1781085087941703316,2026-06-10T16:51:27.941732,ground_truth,0.100750,-0.315000,-0.093312,True,,,,,,,,,-0.180298,-0.239437,0.323985,,,,,,,,,,,,
1781085087991279844,2026-06-10T16:51:27.991312,ground_truth,0.101070,-0.316000,-0.092051,True,,,,,,,,,-0.180298,-0.239437,0.323985,,,,,,,,,,,,
1781085088045648615,2026-06-10T16:51:28.045686,ground_truth,0.101070,-0.316000,-0.097762,True,,,,,,,,,-0.180298,-0.239437,0.323985,,,,,,,,,,,,
1781085088105913359,2026-06-10T16:51:28.105943,ground_truth,0.101070,-0.316000,-0.096724,True,,,,,,,,,-0.180298,-0.239437,0.323985,,,,,,,,,,,,
1781085088153993982,2026-06-10T16:51:28.154056,ground_truth,0.105246,-0.313000,-0.090149,True,,,,,,,,,-0.180298,-0.239437,0.323985,,,,,,,,,,,,
1781085088222307354,2026-06-10T16:51:28.222353,ground_truth,0.104552,-0.314000,-0.091984,True,,,,,,,,,-0.180298,-0.239437,0.323985,,,,,,,,,,,,
1781085088280436855,2026-06-10T16:51:28.280466,ground_truth,0.101910,-0.317000,-0.092863,True,,,,,,,,,-0.180298,-0.239437,0.323985,,,,,,,,,,,,
1781085088335263911,2026-06-10T16:51:28.335295,ground_truth,0.101910,-0.317000,-0.092863,True,,,,,,,,,-0.180298,-0.239437,0.323985,,,,,,,,,,,,
1781085088387046488,2026-06-10T16:51:28.387077,ground_truth,0.101910,-0.317000,-0.094946,True,,,,,,,,,-0.180298,-0.239437,0.323985,,,,,,,,,,,,
1781085088491885611,2026-06-10T16:51:28.491920,ground_truth,0.103196,-0.321000,-0.104583,True,,,,,,,,,-0.180298,-0.239437,0.323985,,,,,,,,,,,,
1781085088554525460,2026-06-10T16:51:28.554558,ground_truth,0.105224,-0.324000,-0.105560,True,,,,,,,,,-0.180298,-0.239437,0.323985,,,,,,,,,,,,
1781085088617741412,2026-06-10T16:51:28.617776,ground_truth,0.102034,-0.324000,-0.086397,True,,,,,,,,,-0.181822,-0.239540,0.323956,,,,,,,,,,,,
1781085088724214298,2026-06-10T16:51:28.724248,ground_truth,0.100774,-0.320000,-0.090062,True,,,,,,,,,-0.184182,-0.239499,0.324351,,,,,,,,,,,,
1781085088806732034,2026-06-10T16:51:28.806762,ground_truth,0.109188,-0.314000,-0.086310,True,,,,,,,,,-0.188324,-0.237523,0.325493,,,,,,,,,,,,
1781085088874447564,2026-06-10T16:51:28.874471,ground_truth,0.108145,-0.311000,-0.089062,True,,,,,,,,,-0.190796,-0.235879,0.326068,,,,,,,,,,,,
1781085088939942708,2026-06-10T16:51:28.939973,ground_truth,0.119976,-0.328000,-0.086924,True,,,,,,,,,-0.193369,-0.233884,0.326794,,,,,,,,,,,,
1781085088993091537,2026-06-10T16:51:28.993112,ground_truth,0.115114,-0.319000,-0.085063,True,,,,,,,,,-0.196323,-0.231555,0.327602,,,,,,,,,,,,
1781085089079594221,2026-06-10T16:51:29.079627,ground_truth,0.117050,-0.320000,-0.085856,True,,,,,,,,,-0.198825,-0.228586,0.328581,,,,,,,,,,,,
1781085089160978589,2026-06-10T16:51:29.161003,ground_truth,0.111052,-0.312000,-0.088835,True,,,,,,,,,-0.201146,-0.225192,0.329464,,,,,,,,,,,,
1781085089240206355,2026-06-10T16:51:29.240239,ground_truth,0.105918,-0.315000,-0.088137,True,,,,,,,,,-0.201003,-0.225400,0.329409,,,,,,,,,,,,
1781085089316354475,2026-06-10T16:51:29.316382,ground_truth,0.105582,-0.314000,-0.088373,True,,,,,,,,,-0.202041,-0.223406,0.329717,,,,,,,,,,,,
1781085089390187842,2026-06-10T16:51:29.390218,ground_truth,0.110998,-0.309000,-0.091535,True,,,,,,,,,-0.203284,-0.219326,0.329975,,,,,,,,,,,,
1781085089483226886,2026-06-10T16:51:29.483258,ground_truth,0.105422,-0.312000,-0.092424,True,,,,,,,,,-0.207620,-0.212933,0.330109,,,,,,,,,,,,
1781085089539499773,2026-06-10T16:51:29.539527,ground_truth,0.101976,-0.314000,-0.092500,True,,,,,,,,,-0.208673,-0.210505,0.329624,,,,,,,,,,,,
1781085089587777237,2026-06-10T16:51:29.587811,ground_truth,0.098579,-0.318000,-0.096291,True,,,,,,,,,-0.208673,-0.210505,0.329624,,,,,,,,,,,,
1781085089644848998,2026-06-10T16:51:29.644889,ground_truth,0.098789,-0.317000,-0.097030,True,,,,,,,,,-0.209002,-0.208757,0.328691,,,,,,,,,,,,
1781085089748673449,2026-06-10T16:51:29.748708,ground_truth,0.102678,-0.313000,-0.095805,True,,,,,,,,,-0.208556,-0.207642,0.326551,,,,,,,,,,,,
1781085089832476236,2026-06-10T16:51:29.832501,ground_truth,0.101838,-0.312000,-0.093961,True,,,,,,,,,-0.211052,-0.205709,0.326794,,,,,,,,,,,,
1781085089881231865,2026-06-10T16:51:29.881260,ground_truth,0.104573,-0.311000,-0.093660,True,,,,,,,,,-0.212206,-0.204325,0.325586,,,,,,,,,,,,
1781085089951187879,2026-06-10T16:51:29.951267,ground_truth,0.101651,-0.313000,-0.097862,True,,,,,,,,,-0.212739,-0.204040,0.326208,,,,,,,,,,,,
1781085090029964908,2026-06-10T16:51:30.029988,ground_truth,0.103043,-0.311000,-0.094171,True,,,,,,,,,-0.213476,-0.203161,0.325089,,,,,,,,,,,,
1781085090110033509,2026-06-10T16:51:30.110062,ground_truth,0.103374,-0.312000,-0.094474,True,,,,,,,,,-0.212556,-0.203738,0.324271,,,,,,,,,,,,
1781085090189571430,2026-06-10T16:51:30.189608,ground_truth,0.097843,-0.319000,-0.096594,True,,,,,,,,,-0.210100,-0.205889,0.323718,,,,,,,,,,,,
1781085090242615085,2026-06-10T16:51:30.242648,ground_truth,0.101070,-0.316000,-0.094128,True,,,,,,,,,-0.206078,-0.209731,0.323675,,,,,,,,,,,,
1781085090290057302,2026-06-10T16:51:30.290091,ground_truth,0.100552,-0.316000,-0.094128,True,,,,,,,,,-0.200746,-0.215094,0.323516,,,,,,,,,,,,
1781085090358538366,2026-06-10T16:51:30.358565,ground_truth,0.100552,-0.316000,-0.093089,True,,,,,,,,,-0.193895,-0.222067,0.323043,,,,,,,,,,,,
1781085090403090202,2026-06-10T16:51:30.403131,ground_truth,0.100033,-0.316000,-0.093089,True,,,,,,,,,-0.187068,-0.229624,0.322524,,,,,,,,,,,,
1781085090457838838,2026-06-10T16:51:30.457870,ground_truth,0.100552,-0.316000,-0.092570,True,,,,,,,,,-0.187068,-0.229624,0.322524,,,,,,,,,,,,
1781085090500311252,2026-06-10T16:51:30.500383,ground_truth,0.105422,-0.312000,-0.091398,True,,,,,,,,,-0.181922,-0.235321,0.322132,,,,,,,,,,,,
1781085090550155922,2026-06-10T16:51:30.550187,ground_truth,0.105759,-0.313000,-0.089120,True,,,,,,,,,-0.178187,-0.239457,0.321848,,,,,,,,,,,,
1781085090613076849,2026-06-10T16:51:30.613106,ground_truth,0.106614,-0.311000,-0.091616,True,,,,,,,,,-0.175926,-0.241960,0.321676,,,,,,,,,,,,
1781085090694481987,2026-06-10T16:51:30.694508,ground_truth,0.103006,-0.314000,-0.092500,True,,,,,,,,,-0.178037,-0.239622,0.321837,,,,,,,,,,,,
1781085090771792455,2026-06-10T16:51:30.771826,ground_truth,0.104910,-0.312000,-0.101650,True,,,,,,,,,-0.178037,-0.239622,0.321837,,,,,,,,,,,,
1781085090820597639,2026-06-10T16:51:30.820628,ground_truth,0.100774,-0.320000,-0.102154,True,,,,,,,,,-0.178037,-0.239622,0.321837,,,,,,,,,,,,
1781085090863458393,2026-06-10T16:51:30.863505,ground_truth,0.100983,-0.319000,-0.100786,True,,,,,,,,,-0.178037,-0.239622,0.321837,,,,,,,,,,,,
1781085090917103658,2026-06-10T16:51:30.917174,ground_truth,0.100350,-0.317000,-0.098071,True,,,,,,,,,-0.178037,-0.239622,0.321837,,,,,,,,,,,,
1781085090976684093,2026-06-10T16:51:30.976715,ground_truth,0.101710,-0.318000,-0.088976,True,,,,,,,,,-0.178037,-0.239622,0.321837,,,,,,,,,,,,
1781085091026363541,2026-06-10T16:51:31.026401,ground_truth,0.103662,-0.316000,-0.088417,True,,,,,,,,,-0.178037,-0.239622,0.321837,,,,,,,,,,,,
1781085091086302228,2026-06-10T16:51:31.086365,ground_truth,0.115738,-0.315000,-0.088655,True,,,,,,,,,-0.178037,-0.239622,0.321837,,,,,,,,,,,,
1781085091130611743,2026-06-10T16:51:31.130642,ground_truth,0.107469,-0.315000,-0.088137,True,,,,,,,,,-0.178037,-0.239622,0.321837,,,,,,,,,,,,
1781085091221860343,2026-06-10T16:51:31.221894,ground_truth,0.105759,-0.313000,-0.093234,True,,,,,,,,,-0.178037,-0.239622,0.321837,,,,,,,,,,,,
1781085091297220158,2026-06-10T16:51:31.297253,ground_truth,0.103990,-0.317000,-0.096509,True,,,,,,,,,-0.178037,-0.239622,0.321837,,,,,,,,,,,,
1781085091349191913,2026-06-10T16:51:31.349227,ground_truth,0.102753,-0.318000,-0.087409,True,,,,,,,,,-0.178037,-0.239622,0.321837,,,,,,,,,,,,
1781085091429177069,2026-06-10T16:51:31.429231,ground_truth,0.102553,-0.319000,-0.087160,True,,,,,,,,,-0.178037,-0.239622,0.321837,,,,,,,,,,,,
1781085091476822713,2026-06-10T16:51:31.476853,ground_truth,0.104511,-0.317000,-0.087134,True,,,,,,,,,-0.178037,-0.239622,0.321837,,,,,,,,,,,,
1781085091565581672,2026-06-10T16:51:31.565616,ground_truth,0.102950,-0.317000,-0.087134,True,,,,,,,,,-0.178037,-0.239622,0.321837,,,,,,,,,,,,
1781085091666677020,2026-06-10T16:51:31.666714,ground_truth,0.103196,-0.321000,-0.084542,True,,,,,,,,,-0.179766,-0.239723,0.322049,,,,,,,,,,,,
1781085091721770560,2026-06-10T16:51:31.721801,ground_truth,0.107277,-0.332000,-0.080894,True,,,,,,,,,-0.179766,-0.239723,0.322049,,,,,,,,,,,,
1781085091791510743,2026-06-10T16:51:31.791542,ground_truth,0.103196,-0.321000,-0.085069,True,,,,,,,,,-0.182697,-0.239618,0.322761,,,,,,,,,,,,
1781085091877437407,2026-06-10T16:51:31.877468,ground_truth,0.102874,-0.320000,-0.084804,True,,,,,,,,,-0.185883,-0.238170,0.324004,,,,,,,,,,,,
1781085091951460971,2026-06-10T16:51:31.951488,ground_truth,0.102950,-0.317000,-0.087655,True,,,,,,,,,-0.187168,-0.237652,0.325413,,,,,,,,,,,,
1781085092029795021,2026-06-10T16:51:32.029831,ground_truth,0.104450,-0.320000,-0.085330,True,,,,,,,,,-0.187053,-0.238607,0.326004,,,,,,,,,,,,
1781085092088220971,2026-06-10T16:51:32.088254,ground_truth,0.103851,-0.315000,-0.091242,True,,,,,,,,,-0.184939,-0.240554,0.326830,,,,,,,,,,,,
1781085092138427545,2026-06-10T16:51:32.138456,ground_truth,0.103851,-0.315000,-0.091242,True,,,,,,,,,-0.182724,-0.241674,0.326769,,,,,,,,,,,,
1781085092219797173,2026-06-10T16:51:32.219826,ground_truth,0.105067,-0.314000,-0.091468,True,,,,,,,,,-0.179226,-0.244365,0.326681,,,,,,,,,,,,
1781085092268645271,2026-06-10T16:51:32.268676,ground_truth,0.104732,-0.313000,-0.091177,True,,,,,,,,,-0.177895,-0.246562,0.326532,,,,,,,,,,,,
1781085092306983791,2026-06-10T16:51:32.307013,ground_truth,0.105246,-0.313000,-0.091177,True,,,,,,,,,-0.177895,-0.246562,0.326532,,,,,,,,,,,,
1781085092360389448,2026-06-10T16:51:32.360426,ground_truth,0.104037,-0.314000,-0.091468,True,,,,,,,,,-0.178689,-0.245495,0.326597,,,,,,,,,,,,
1781085092415400929,2026-06-10T16:51:32.415437,ground_truth,0.104732,-0.313000,-0.091177,True,,,,,,,,,-0.178689,-0.245495,0.326597,,,,,,,,,,,,
1781085092478037023,2026-06-10T16:51:32.478067,ground_truth,0.105594,-0.311000,-0.097748,True,,,,,,,,,-0.178689,-0.245495,0.326597,,,,,,,,,,,,
1781085092532264779,2026-06-10T16:51:32.532297,ground_truth,0.105594,-0.311000,-0.096726,True,,,,,,,,,-0.178689,-0.245495,0.326597,,,,,,,,,,,,
1781085092620888663,2026-06-10T16:51:32.620919,ground_truth,0.109676,-0.311000,-0.092638,True,,,,,,,,,-0.180634,-0.246085,0.326928,,,,,,,,,,,,
1781085092701872460,2026-06-10T16:51:32.701899,ground_truth,0.107635,-0.311000,-0.094171,True,,,,,,,,,-0.183039,-0.244750,0.326575,,,,,,,,,,,,
1781085092751825965,2026-06-10T16:51:32.751861,ground_truth,0.108841,-0.313000,-0.088606,True,,,,,,,,,-0.181803,-0.245436,0.326756,,,,,,,,,,,,
1781085092834538073,2026-06-10T16:51:32.834573,ground_truth,0.109188,-0.314000,-0.088373,True,,,,,,,,,-0.185436,-0.243609,0.326986,,,,,,,,,,,,
1781085092942129872,2026-06-10T16:51:32.942165,ground_truth,0.104368,-0.315000,-0.091760,True,,,,,,,,,-0.188199,-0.241449,0.326356,,,,,,,,,,,,
1781085092997588422,2026-06-10T16:51:32.997624,ground_truth,0.105246,-0.313000,-0.095291,True,,,,,,,,,-0.187698,-0.239380,0.325657,,,,,,,,,,,,
1781085093047267698,2026-06-10T16:51:33.047302,ground_truth,0.103705,-0.313000,-0.100948,True,,,,,,,,,-0.187698,-0.239380,0.325657,,,,,,,,,,,,
1781085093108735140,2026-06-10T16:51:33.108773,ground_truth,0.105402,-0.315000,-0.103145,True,,,,,,,,,-0.185185,-0.238068,0.324410,,,,,,,,,,,,
1781085093201464305,2026-06-10T16:51:33.201495,ground_truth,0.100624,-0.313000,-0.106604,True,,,,,,,,,-0.179647,-0.239841,0.323226,,,,,,,,,,,,
1781085093257841766,2026-06-10T16:51:33.257877,ground_truth,0.101070,-0.316000,-0.104511,True,,,,,,,,,-0.179647,-0.239841,0.323226,,,,,,,,,,,,
1781085093305897332,2026-06-10T16:51:33.305930,ground_truth,0.102553,-0.319000,-0.088208,True,,,,,,,,,-0.181049,-0.239207,0.323464,,,,,,,,,,,,
1781085093355093945,2026-06-10T16:51:33.355120,ground_truth,0.107292,-0.316000,-0.087898,True,,,,,,,,,-0.181049,-0.239207,0.323464,,,,,,,,,,,,
1781085093419199858,2026-06-10T16:51:33.419237,ground_truth,0.108310,-0.319000,-0.085063,True,,,,,,,,,-0.181049,-0.239207,0.323464,,,,,,,,,,,,
1781085093465676305,2026-06-10T16:51:33.465708,ground_truth,0.107971,-0.318000,-0.084797,True,,,,,,,,,-0.181049,-0.239207,0.323464,,,,,,,,,,,,
1781085093550212227,2026-06-10T16:51:33.550242,ground_truth,0.104219,-0.313000,-0.093234,True,,,,,,,,,-0.181049,-0.239207,0.323464,,,,,,,,,,,,
1781085093610804685,2026-06-10T16:51:33.610834,ground_truth,0.104219,-0.313000,-0.093234,True,,,,,,,,,-0.181049,-0.239207,0.323464,,,,,,,,,,,,
1781085093671025762,2026-06-10T16:51:33.671059,ground_truth,0.107216,-0.322000,-0.083218,True,,,,,,,,,-0.181049,-0.239207,0.323464,,,,,,,,,,,,
1781085093730813541,2026-06-10T16:51:33.730846,ground_truth,0.108327,-0.313000,-0.090149,True,,,,,,,,,-0.181049,-0.239207,0.323464,,,,,,,,,,,,
1781085093823191629,2026-06-10T16:51:33.823234,ground_truth,0.106952,-0.315000,-0.088137,True,,,,,,,,,-0.181049,-0.239207,0.323464,,,,,,,,,,,,
1781085093883485859,2026-06-10T16:51:33.883521,ground_truth,0.106435,-0.315000,-0.089172,True,,,,,,,,,-0.181049,-0.239207,0.323464,,,,,,,,,,,,
1781085093994550612,2026-06-10T16:51:33.994585,ground_truth,0.113896,-0.326000,-0.083716,True,,,,,,,,,-0.181049,-0.239207,0.323464,,,,,,,,,,,,
1781085094072769295,2026-06-10T16:51:34.072807,ground_truth,0.109703,-0.314000,-0.088373,True,,,,,,,,,-0.181049,-0.239207,0.323464,,,,,,,,,,,,
1781085094168226674,2026-06-10T16:51:34.168277,ground_truth,0.107797,-0.310000,-0.094378,True,,,,,,,,,-0.181049,-0.239207,0.323464,,,,,,,,,,,,
1781085094268016935,2026-06-10T16:51:34.268049,ground_truth,0.107797,-0.310000,-0.096924,True,,,,,,,,,-0.181049,-0.239207,0.323464,,,,,,,,,,,,
1781085094357809267,2026-06-10T16:51:34.357844,ground_truth,0.106591,-0.317000,-0.085572,True,,,,,,,,,-0.183385,-0.239425,0.323625,,,,,,,,,,,,
1781085094460011392,2026-06-10T16:51:34.460042,ground_truth,0.106614,-0.311000,-0.096215,True,,,,,,,,,-0.184653,-0.239020,0.323931,,,,,,,,,,,,
1781085094518565043,2026-06-10T16:51:34.518600,ground_truth,0.103521,-0.314000,-0.104881,True,,,,,,,,,-0.188751,-0.237712,0.324921,,,,,,,,,,,,
1781085094585022829,2026-06-10T16:51:34.585051,ground_truth,0.106614,-0.311000,-0.093660,True,,,,,,,,,-0.188746,-0.237714,0.324920,,,,,,,,,,,,
1781085094677659411,2026-06-10T16:51:34.677707,ground_truth,0.106614,-0.311000,-0.095193,True,,,,,,,,,-0.185252,-0.239108,0.325146,,,,,,,,,,,,
1781085094738047436,2026-06-10T16:51:34.738079,ground_truth,0.113729,-0.321000,-0.084542,True,,,,,,,,,-0.182303,-0.240733,0.325155,,,,,,,,,,,,
1781085094805793922,2026-06-10T16:51:34.805827,ground_truth,0.106614,-0.311000,-0.095704,True,,,,,,,,,-0.180710,-0.242956,0.325433,,,,,,,,,,,,
1781085094854335583,2026-06-10T16:51:34.854369,ground_truth,0.107125,-0.311000,-0.095704,True,,,,,,,,,-0.180710,-0.242956,0.325433,,,,,,,,,,,,
1781085094959878413,2026-06-10T16:51:34.959930,ground_truth,0.107635,-0.311000,-0.094171,True,,,,,,,,,-0.181320,-0.242105,0.325327,,,,,,,,,,,,
1781085095059348917,2026-06-10T16:51:35.059382,ground_truth,0.108492,-0.318000,-0.085842,True,,,,,,,,,-0.183669,-0.242307,0.325588,,,,,,,,,,,,
1781085095117594420,2026-06-10T16:51:35.117626,ground_truth,0.106273,-0.313000,-0.092206,True,,,,,,,,,-0.182603,-0.242215,0.325469,,,,,,,,,,,,
1781085095210068653,2026-06-10T16:51:35.210106,ground_truth,0.105422,-0.312000,-0.094987,True,,,,,,,,,-0.182603,-0.242215,0.325469,,,,,,,,,,,,
1781085095282600305,2026-06-10T16:51:35.282638,ground_truth,0.105594,-0.311000,-0.098770,True,,,,,,,,,-0.187967,-0.240969,0.325738,,,,,,,,,,,,
1781085095373907352,2026-06-10T16:51:35.373935,ground_truth,0.105422,-0.312000,-0.092424,True,,,,,,,,,-0.189853,-0.238848,0.325619,,,,,,,,,,,,
1781085095461115934,2026-06-10T16:51:35.461150,ground_truth,0.105582,-0.314000,-0.091468,True,,,,,,,,,-0.189171,-0.239615,0.325662,,,,,,,,,,,,
1781085095554369040,2026-06-10T16:51:35.554391,ground_truth,0.109005,-0.312000,-0.088835,True,,,,,,,,,-0.187688,-0.238395,0.324557,,,,,,,,,,,,
1781085095639425264,2026-06-10T16:51:35.639453,ground_truth,0.110381,-0.313000,-0.088606,True,,,,,,,,,-0.185121,-0.238391,0.323678,,,,,,,,,,,,
1781085095700081828,2026-06-10T16:51:35.700115,ground_truth,0.114425,-0.320000,-0.084804,True,,,,,,,,,-0.181195,-0.239689,0.322863,,,,,,,,,,,,
1781085095752575352,2026-06-10T16:51:35.752605,ground_truth,0.111207,-0.311000,-0.091616,True,,,,,,,,,-0.181628,-0.239546,0.322953,,,,,,,,,,,,
1781085095800531785,2026-06-10T16:51:35.800560,ground_truth,0.113352,-0.317000,-0.085572,True,,,,,,,,,-0.181628,-0.239546,0.322953,,,,,,,,,,,,
1781085095846121933,2026-06-10T16:51:35.846155,ground_truth,0.107075,-0.320000,-0.084279,True,,,,,,,,,-0.181628,-0.239546,0.322953,,,,,,,,,,,,
1781085095896025776,2026-06-10T16:51:35.896059,ground_truth,0.104046,-0.322000,-0.085863,True,,,,,,,,,-0.181628,-0.239546,0.322953,,,,,,,,,,,,
1781085095953457963,2026-06-10T16:51:35.953498,ground_truth,0.103006,-0.314000,-0.095596,True,,,,,,,,,-0.181628,-0.239546,0.322953,,,,,,,,,,,,
1781085096002074867,2026-06-10T16:51:36.002105,ground_truth,0.103705,-0.313000,-0.098377,True,,,,,,,,,-0.181628,-0.239546,0.322953,,,,,,,,,,,,
1781085096045087702,2026-06-10T16:51:36.045116,ground_truth,0.109517,-0.312000,-0.090373,True,,,,,,,,,-0.181628,-0.239546,0.322953,,,,,,,,,,,,
1781085096120968223,2026-06-10T16:51:36.120990,ground_truth,0.108306,-0.310000,-0.096415,True,,,,,,,,,-0.181628,-0.239546,0.322953,,,,,,,,,,,,
1781085096180167617,2026-06-10T16:51:36.180213,ground_truth,0.107450,-0.309000,-0.098135,True,,,,,,,,,-0.181628,-0.239546,0.322953,,,,,,,,,,,,
1781085096248787470,2026-06-10T16:51:36.248818,ground_truth,0.107450,-0.309000,-0.097627,True,,,,,,,,,-0.181628,-0.239546,0.322953,,,,,,,,,,,,
1781085096307515037,2026-06-10T16:51:36.307547,ground_truth,0.104910,-0.312000,-0.097037,True,,,,,,,,,-0.181628,-0.239546,0.322953,,,,,,,,,,,,
1781085096362244835,2026-06-10T16:51:36.362278,ground_truth,0.106445,-0.312000,-0.093449,True,,,,,,,,,-0.181628,-0.239546,0.322953,,,,,,,,,,,,
1781085096421416724,2026-06-10T16:51:36.421447,ground_truth,0.106104,-0.311000,-0.095193,True,,,,,,,,,-0.181628,-0.239546,0.322953,,,,,,,,,,,,
1781085096481410296,2026-06-10T16:51:36.481441,ground_truth,0.111272,-0.317000,-0.085572,True,,,,,,,,,-0.181628,-0.239546,0.322953,,,,,,,,,,,,
1781085096541063661,2026-06-10T16:51:36.541088,ground_truth,0.117643,-0.329000,-0.085027,True,,,,,,,,,-0.181628,-0.239546,0.322953,,,,,,,,,,,,
1781085096605132229,2026-06-10T16:51:36.605165,ground_truth,0.113729,-0.321000,-0.084542,True,,,,,,,,,-0.181628,-0.239546,0.322953,,,,,,,,,,,,
1781085096653088363,2026-06-10T16:51:36.653116,ground_truth,0.108492,-0.318000,-0.084274,True,,,,,,,,,-0.181628,-0.239546,0.322953,,,,,,,,,,,,
1781085096749177887,2026-06-10T16:51:36.749212,ground_truth,0.107125,-0.311000,-0.093149,True,,,,,,,,,-0.181628,-0.239546,0.322953,,,,,,,,,,,,
1781085096808570403,2026-06-10T16:51:36.808597,ground_truth,0.106957,-0.312000,-0.092936,True,,,,,,,,,-0.181628,-0.239546,0.322953,,,,,,,,,,,,
1781085096870494214,2026-06-10T16:51:36.870526,ground_truth,0.106614,-0.311000,-0.092638,True,,,,,,,,,-0.181628,-0.239546,0.322953,,,,,,,,,,,,
1781085096937942872,2026-06-10T16:51:36.937969,ground_truth,0.107300,-0.313000,-0.089120,True,,,,,,,,,-0.181628,-0.239546,0.322953,,,,,,,,,,,,
1781085097002400846,2026-06-10T16:51:37.002443,ground_truth,0.107643,-0.314000,-0.088889,True,,,,,,,,,-0.181628,-0.239546,0.322953,,,,,,,,,,,,
1781085097068606415,2026-06-10T16:51:37.068641,ground_truth,0.107797,-0.310000,-0.093868,True,,,,,,,,,-0.181628,-0.239546,0.322953,,,,,,,,,,,,
1781085097131835760,2026-06-10T16:51:37.131858,ground_truth,0.107125,-0.311000,-0.091616,True,,,,,,,,,-0.181628,-0.239546,0.322953,,,,,,,,,,,,
1781085097234915753,2026-06-10T16:51:37.234940,ground_truth,0.105246,-0.313000,-0.092206,True,,,,,,,,,-0.184201,-0.240006,0.323143,,,,,,,,,,,,
1781085097311006646,2026-06-10T16:51:37.311055,ground_truth,0.105594,-0.311000,-0.092638,True,,,,,,,,,-0.186609,-0.238982,0.323423,,,,,,,,,,,,
1781085097364384369,2026-06-10T16:51:37.364416,ground_truth,0.105422,-0.312000,-0.092424,True,,,,,,,,,-0.185917,-0.239276,0.323343,,,,,,,,,,,,
1781085097465763266,2026-06-10T16:51:37.465798,ground_truth,0.104910,-0.312000,-0.093961,True,,,,,,,,,-0.189158,-0.237955,0.323457,,,,,,,,,,,,
1781085097515536934,2026-06-10T16:51:37.515571,ground_truth,0.105402,-0.315000,-0.088655,True,,,,,,,,,-0.189158,-0.237955,0.323457,,,,,,,,,,,,
1781085097562367040,2026-06-10T16:51:37.562398,ground_truth,0.104368,-0.315000,-0.090207,True,,,,,,,,,-0.188868,-0.236501,0.323951,,,,,,,,,,,,
1781085097621311393,2026-06-10T16:51:37.621348,ground_truth,0.104699,-0.316000,-0.089974,True,,,,,,,,,-0.186750,-0.236201,0.323915,,,,,,,,,,,,
1781085097685948940,2026-06-10T16:51:37.686010,ground_truth,0.103521,-0.314000,-0.093016,True,,,,,,,,,-0.182802,-0.237218,0.323688,,,,,,,,,,,,
1781085097745012116,2026-06-10T16:51:37.745048,ground_truth,0.104732,-0.313000,-0.092206,True,,,,,,,,,-0.182802,-0.237218,0.323688,,,,,,,,,,,,
1781085097796892088,2026-06-10T16:51:37.796922,ground_truth,0.109703,-0.314000,-0.088889,True,,,,,,,,,-0.179230,-0.239225,0.323371,,,,,,,,,,,,
1781085097852227357,2026-06-10T16:51:37.852265,ground_truth,0.107635,-0.311000,-0.092127,True,,,,,,,,,-0.181211,-0.238112,0.323547,,,,,,,,,,,,
1781085097895503967,2026-06-10T16:51:37.895537,ground_truth,0.107635,-0.311000,-0.093149,True,,,,,,,,,-0.181211,-0.238112,0.323547,,,,,,,,,,,,
1781085097977067203,2026-06-10T16:51:37.977098,ground_truth,0.107810,-0.316000,-0.086859,True,,,,,,,,,-0.181211,-0.238112,0.323547,,,,,,,,,,,,
1781085098041386355,2026-06-10T16:51:38.041418,ground_truth,0.105582,-0.314000,-0.089405,True,,,,,,,,,-0.181211,-0.238112,0.323547,,,,,,,,,,,,
1781085098094307777,2026-06-10T16:51:38.094363,ground_truth,0.105246,-0.313000,-0.091177,True,,,,,,,,,-0.181211,-0.238112,0.323547,,,,,,,,,,,,
1781085098142031225,2026-06-10T16:51:38.142061,ground_truth,0.105422,-0.312000,-0.092424,True,,,,,,,,,-0.181211,-0.238112,0.323547,,,,,,,,,,,,
1781085098214984182,2026-06-10T16:51:38.215014,ground_truth,0.106445,-0.312000,-0.092424,True,,,,,,,,,-0.181211,-0.238112,0.323547,,,,,,,,,,,,
1781085098309304492,2026-06-10T16:51:38.309350,ground_truth,0.105067,-0.314000,-0.091468,True,,,,,,,,,-0.181211,-0.238112,0.323547,,,,,,,,,,,,
1781085098359023275,2026-06-10T16:51:38.359052,ground_truth,0.106405,-0.318000,-0.086887,True,,,,,,,,,-0.181211,-0.238112,0.323547,,,,,,,,,,,,
1781085098454116749,2026-06-10T16:51:38.454152,ground_truth,0.102669,-0.321000,-0.086124,True,,,,,,,,,-0.181211,-0.238112,0.323547,,,,,,,,,,,,
1781085098500084779,2026-06-10T16:51:38.500117,ground_truth,0.104181,-0.316000,-0.088417,True,,,,,,,,,-0.181211,-0.238112,0.323547,,,,,,,,,,,,
1781085098562827803,2026-06-10T16:51:38.562861,ground_truth,0.110569,-0.321000,-0.084542,True,,,,,,,,,-0.181211,-0.238112,0.323547,,,,,,,,,,,,
1781085098649828790,2026-06-10T16:51:38.649862,ground_truth,0.106591,-0.317000,-0.086613,True,,,,,,,,,-0.181211,-0.238112,0.323547,,,,,,,,,,,,
1781085098716657325,2026-06-10T16:51:38.716690,ground_truth,0.109953,-0.327000,-0.082899,True,,,,,,,,,-0.181211,-0.238112,0.323547,,,,,,,,,,,,
1781085098807442145,2026-06-10T16:51:38.807465,ground_truth,0.107744,-0.322000,-0.083218,True,,,,,,,,,-0.181211,-0.238112,0.323547,,,,,,,,,,,,
1781085098907563829,2026-06-10T16:51:38.907602,ground_truth,0.103723,-0.321000,-0.085069,True,,,,,,,,,-0.181211,-0.238112,0.323547,,,,,,,,,,,,
1781085098975090151,2026-06-10T16:51:38.975126,ground_truth,0.118787,-0.340000,-0.082843,True,,,,,,,,,-0.181211,-0.238112,0.323547,,,,,,,,,,,,
1781085099051747608,2026-06-10T16:51:39.051781,ground_truth,0.109884,-0.316000,-0.086340,True,,,,,,,,,-0.184052,-0.239822,0.324552,,,,,,,,,,,,
1781085099123987637,2026-06-10T16:51:39.124016,ground_truth,0.116918,-0.330000,-0.084201,True,,,,,,,,,-0.185469,-0.239834,0.325091,,,,,,,,,,,,
1781085099223724765,2026-06-10T16:51:39.223747,ground_truth,0.116376,-0.330000,-0.083659,True,,,,,,,,,-0.192749,-0.234648,0.328266,,,,,,,,,,,,
1781085099272209699,2026-06-10T16:51:39.272245,ground_truth,0.113027,-0.322000,-0.084805,True,,,,,,,,,-0.196447,-0.232040,0.329679,,,,,,,,,,,,
1781085099324635739,2026-06-10T16:51:39.324664,ground_truth,0.109536,-0.318000,-0.085319,True,,,,,,,,,-0.196447,-0.232040,0.329679,,,,,,,,,,,,
1781085099386422580,2026-06-10T16:51:39.386455,ground_truth,0.105362,-0.318000,-0.086364,True,,,,,,,,,-0.199758,-0.229231,0.330928,,,,,,,,,,,,
1781085099471758304,2026-06-10T16:51:39.471794,ground_truth,0.113027,-0.322000,-0.084805,True,,,,,,,,,-0.204716,-0.222810,0.332345,,,,,,,,,,,,
1781085099538628196,2026-06-10T16:51:39.538658,ground_truth,0.102301,-0.315000,-0.094347,True,,,,,,,,,-0.206615,-0.219760,0.332456,,,,,,,,,,,,
1781085099608194461,2026-06-10T16:51:39.608224,ground_truth,0.105031,-0.317000,-0.087655,True,,,,,,,,,-0.207435,-0.216924,0.331989,,,,,,,,,,,,
1781085099702406351,2026-06-10T16:51:39.702434,ground_truth,0.110225,-0.320000,-0.084279,True,,,,,,,,,-0.208578,-0.214674,0.332050,,,,,,,,,,,,
1781085099769864669,2026-06-10T16:51:39.769898,ground_truth,0.107981,-0.312000,-0.090886,True,,,,,,,,,-0.208222,-0.213998,0.331618,,,,,,,,,,,,
1781085099823617728,2026-06-10T16:51:39.823647,ground_truth,0.107971,-0.318000,-0.085842,True,,,,,,,,,-0.206102,-0.214436,0.330443,,,,,,,,,,,,
1781085099874350374,2026-06-10T16:51:39.874384,ground_truth,0.107111,-0.317000,-0.086093,True,,,,,,,,,-0.205685,-0.213625,0.329966,,,,,,,,,,,,
1781085099956896643,2026-06-10T16:51:39.956925,ground_truth,0.106071,-0.317000,-0.087134,True,,,,,,,,,-0.207122,-0.211535,0.330243,,,,,,,,,,,,
1781085100045390669,2026-06-10T16:51:40.045422,ground_truth,0.112676,-0.321000,-0.084542,True,,,,,,,,,-0.204506,-0.213022,0.330562,,,,,,,,,,,,
1781085100096781454,2026-06-10T16:51:40.096815,ground_truth,0.111623,-0.318000,-0.084797,True,,,,,,,,,-0.203206,-0.214785,0.330904,,,,,,,,,,,,
1781085100152174675,2026-06-10T16:51:40.152202,ground_truth,0.108492,-0.318000,-0.085319,True,,,,,,,,,-0.200490,-0.218191,0.330712,,,,,,,,,,,,
1781085100226311033,2026-06-10T16:51:40.226347,ground_truth,0.108492,-0.318000,-0.086364,True,,,,,,,,,-0.196227,-0.223572,0.330034,,,,,,,,,,,,
1781085100296573945,2026-06-10T16:51:40.296607,ground_truth,0.105933,-0.312000,-0.095499,True,,,,,,,,,-0.190942,-0.230068,0.328938,,,,,,,,,,,,
1781085100348205236,2026-06-10T16:51:40.348236,ground_truth,0.106957,-0.312000,-0.094474,True,,,,,,,,,-0.185873,-0.237035,0.327790,,,,,,,,,,,,
1781085100394643956,2026-06-10T16:51:40.394675,ground_truth,0.104910,-0.312000,-0.093961,True,,,,,,,,,-0.185873,-0.237035,0.327790,,,,,,,,,,,,
1781085100460405929,2026-06-10T16:51:40.460438,ground_truth,0.108847,-0.316000,-0.086859,True,,,,,,,,,-0.182035,-0.242310,0.326921,,,,,,,,,,,,
1781085100505915460,2026-06-10T16:51:40.505943,ground_truth,0.114613,-0.325000,-0.084528,True,,,,,,,,,-0.179516,-0.245772,0.326350,,,,,,,,,,,,
1781085100562250928,2026-06-10T16:51:40.562283,ground_truth,0.108113,-0.308000,-0.096805,True,,,,,,,,,-0.181032,-0.243688,0.326693,,,,,,,,,,,,
1781085100611112220,2026-06-10T16:51:40.611144,ground_truth,0.112832,-0.317000,-0.086093,True,,,,,,,,,-0.181032,-0.243688,0.326693,,,,,,,,,,,,
1781085100668563109,2026-06-10T16:51:40.668605,ground_truth,0.110639,-0.308000,-0.093769,True,,,,,,,,,-0.181032,-0.243688,0.326693,,,,,,,,,,,,
1781085100733928602,2026-06-10T16:51:40.733960,ground_truth,0.109984,-0.309000,-0.093566,True,,,,,,,,,-0.181032,-0.243688,0.326693,,,,,,,,,,,,
1781085100801668141,2026-06-10T16:51:40.801701,ground_truth,0.109832,-0.310000,-0.093359,True,,,,,,,,,-0.181032,-0.243688,0.326693,,,,,,,,,,,,
1781085100891586167,2026-06-10T16:51:40.891617,ground_truth,0.107635,-0.311000,-0.092127,True,,,,,,,,,-0.183107,-0.244335,0.326430,,,,,,,,,,,,
1781085100979468549,2026-06-10T16:51:40.979503,ground_truth,0.104219,-0.313000,-0.095805,True,,,,,,,,,-0.182375,-0.244107,0.326523,,,,,,,,,,,,
1781085101051936973,2026-06-10T16:51:41.051975,ground_truth,0.102232,-0.318000,-0.105173,True,,,,,,,,,-0.185449,-0.243567,0.325982,,,,,,,,,,,,
1781085101111665769,2026-06-10T16:51:41.111697,ground_truth,0.106435,-0.315000,-0.088137,True,,,,,,,,,-0.186575,-0.242812,0.326568,,,,,,,,,,,,
1781085101208265553,2026-06-10T16:51:41.208301,ground_truth,0.106952,-0.315000,-0.088137,True,,,,,,,,,-0.189333,-0.240981,0.326028,,,,,,,,,,,,
1781085101262407867,2026-06-10T16:51:41.262432,ground_truth,0.106255,-0.316000,-0.088936,True,,,,,,,,,-0.189691,-0.239336,0.324645,,,,,,,,,,,,
1781085101351430169,2026-06-10T16:51:41.351462,ground_truth,0.111258,-0.323000,-0.083477,True,,,,,,,,,-0.188183,-0.238414,0.324178,,,,,,,,,,,,
1781085101445709872,2026-06-10T16:51:41.445744,ground_truth,0.105759,-0.313000,-0.091691,True,,,,,,,,,-0.185864,-0.239060,0.324210,,,,,,,,,,,,
1781085101497180560,2026-06-10T16:51:41.497213,ground_truth,0.106786,-0.313000,-0.091691,True,,,,,,,,,-0.182133,-0.239765,0.322929,,,,,,,,,,,,
1781085101556953297,2026-06-10T16:51:41.556985,ground_truth,0.111792,-0.317000,-0.086613,True,,,,,,,,,-0.182500,-0.239695,0.323055,,,,,,,,,,,,
1781085101610807865,2026-06-10T16:51:41.610860,ground_truth,0.108847,-0.316000,-0.086340,True,,,,,,,,,-0.182500,-0.239695,0.323055,,,,,,,,,,,,
1781085101686354829,2026-06-10T16:51:41.686391,ground_truth,0.110404,-0.319000,-0.084539,True,,,,,,,,,-0.182500,-0.239695,0.323055,,,,,,,,,,,,
1781085101739775064,2026-06-10T16:51:41.739803,ground_truth,0.108078,-0.323000,-0.082946,True,,,,,,,,,-0.182500,-0.239695,0.323055,,,,,,,,,,,,
1781085101828984048,2026-06-10T16:51:41.829025,ground_truth,0.104699,-0.316000,-0.087898,True,,,,,,,,,-0.182500,-0.239695,0.323055,,,,,,,,,,,,
1781085101911565861,2026-06-10T16:51:41.911597,ground_truth,0.104369,-0.323000,-0.084538,True,,,,,,,,,-0.182500,-0.239695,0.323055,,,,,,,,,,,,
1781085102034110149,2026-06-10T16:51:42.034158,ground_truth,0.112134,-0.324000,-0.083735,True,,,,,,,,,-0.184823,-0.241705,0.323896,,,,,,,,,,,,
1781085102100260586,2026-06-10T16:51:42.100296,ground_truth,0.107635,-0.311000,-0.094171,True,,,,,,,,,-0.183745,-0.240773,0.323506,,,,,,,,,,,,
1781085102165420460,2026-06-10T16:51:42.165461,ground_truth,0.105422,-0.312000,-0.093449,True,,,,,,,,,-0.184029,-0.240326,0.323609,,,,,,,,,,,,
1781085102283430884,2026-06-10T16:51:42.283457,ground_truth,0.111623,-0.318000,-0.084797,True,,,,,,,,,-0.189945,-0.238541,0.326138,,,,,,,,,,,,
1781085102340884841,2026-06-10T16:51:42.340913,ground_truth,0.107469,-0.312000,-0.090373,True,,,,,,,,,-0.189534,-0.238621,0.325961,,,,,,,,,,,,
1781085102397814569,2026-06-10T16:51:42.397850,ground_truth,0.107469,-0.312000,-0.091398,True,,,,,,,,,-0.187973,-0.239898,0.326901,,,,,,,,,,,,
1781085102479286463,2026-06-10T16:51:42.479330,ground_truth,0.107125,-0.311000,-0.095704,True,,,,,,,,,-0.185516,-0.240775,0.326419,,,,,,,,,,,,
1781085102533269016,2026-06-10T16:51:42.533306,ground_truth,0.107469,-0.312000,-0.090886,True,,,,,,,,,-0.181889,-0.243046,0.326505,,,,,,,,,,,,
1781085102585402541,2026-06-10T16:51:42.585435,ground_truth,0.106952,-0.315000,-0.087102,True,,,,,,,,,-0.181889,-0.243046,0.326505,,,,,,,,,,,,
1781085102648131814,2026-06-10T16:51:42.648161,ground_truth,0.100666,-0.318000,-0.090544,True,,,,,,,,,-0.180308,-0.244876,0.325829,,,,,,,,,,,,
1781085102720648526,2026-06-10T16:51:42.720681,ground_truth,0.108310,-0.319000,-0.085063,True,,,,,,,,,-0.181539,-0.243813,0.326048,,,,,,,,,,,,
1781085102769282526,2026-06-10T16:51:42.769332,ground_truth,0.103374,-0.312000,-0.097550,True,,,,,,,,,-0.181539,-0.243813,0.326048,,,,,,,,,,,,
1781085102838047022,2026-06-10T16:51:42.838082,ground_truth,0.103374,-0.312000,-0.099087,True,,,,,,,,,-0.181539,-0.243813,0.326048,,,,,,,,,,,,
1781085102949002215,2026-06-10T16:51:42.949041,ground_truth,0.106097,-0.314000,-0.089405,True,,,,,,,,,-0.181539,-0.243813,0.326048,,,,,,,,,,,,
1781085103054724040,2026-06-10T16:51:43.054754,ground_truth,0.106097,-0.314000,-0.089921,True,,,,,,,,,-0.184067,-0.244418,0.327037,,,,,,,,,,,,
1781085103124688913,2026-06-10T16:51:43.124724,ground_truth,0.104885,-0.315000,-0.089690,True,,,,,,,,,-0.184067,-0.244418,0.327037,,,,,,,,,,,,
1781085103223597163,2026-06-10T16:51:43.223631,ground_truth,0.110219,-0.314000,-0.087857,True,,,,,,,,,-0.182824,-0.244120,0.326550,,,,,,,,,,,,
1781085103279826252,2026-06-10T16:51:43.279857,ground_truth,0.107762,-0.307000,-0.100526,True,,,,,,,,,-0.182824,-0.244120,0.326550,,,,,,,,,,,,
1781085103335886806,2026-06-10T16:51:43.335922,ground_truth,0.109354,-0.313000,-0.088606,True,,,,,,,,,-0.187364,-0.243011,0.326009,,,,,,,,,,,,
1781085103437940139,2026-06-10T16:51:43.437980,ground_truth,0.108655,-0.311000,-0.093149,True,,,,,,,,,-0.188941,-0.239939,0.326322,,,,,,,,,,,,
1781085103491561949,2026-06-10T16:51:43.491587,ground_truth,0.106957,-0.312000,-0.093449,True,,,,,,,,,-0.188566,-0.237809,0.326141,,,,,,,,,,,,
1781085103568507382,2026-06-10T16:51:43.568540,ground_truth,0.106591,-0.317000,-0.086093,True,,,,,,,,,-0.186701,-0.237304,0.325629,,,,,,,,,,,,
1781085103625442985,2026-06-10T16:51:43.625474,ground_truth,0.105246,-0.313000,-0.092720,True,,,,,,,,,-0.183245,-0.238288,0.324692,,,,,,,,,,,,
1781085103701121563,2026-06-10T16:51:43.701156,ground_truth,0.105918,-0.315000,-0.088137,True,,,,,,,,,-0.179763,-0.240799,0.323756,,,,,,,,,,,,
1781085103758181979,2026-06-10T16:51:43.758219,ground_truth,0.116391,-0.327000,-0.085048,True,,,,,,,,,-0.180572,-0.240215,0.323974,,,,,,,,,,,,
1781085103860784896,2026-06-10T16:51:43.860816,ground_truth,0.104552,-0.314000,-0.090437,True,,,,,,,,,-0.180572,-0.240215,0.323974,,,,,,,,,,,,
1781085103956478761,2026-06-10T16:51:43.956518,ground_truth,0.104975,-0.320000,-0.085856,True,,,,,,,,,-0.180572,-0.240215,0.323974,,,,,,,,,,,,
1781085104028477991,2026-06-10T16:51:44.028512,ground_truth,0.105500,-0.320000,-0.085856,True,,,,,,,,,-0.180572,-0.240215,0.323974,,,,,,,,,,,,
1781085104097705894,2026-06-10T16:51:44.097741,ground_truth,0.104840,-0.318000,-0.086364,True,,,,,,,,,-0.180572,-0.240215,0.323974,,,,,,,,,,,,
1781085104154194666,2026-06-10T16:51:44.154234,ground_truth,0.109880,-0.319000,-0.085063,True,,,,,,,,,-0.180572,-0.240215,0.323974,,,,,,,,,,,,
1781085104235690680,2026-06-10T16:51:44.235717,ground_truth,0.118358,-0.331000,-0.084457,True,,,,,,,,,-0.180572,-0.240215,0.323974,,,,,,,,,,,,
1781085104337549413,2026-06-10T16:51:44.337599,ground_truth,0.105551,-0.317000,-0.087655,True,,,,,,,,,-0.180572,-0.240215,0.323974,,,,,,,,,,,,
1781085104396929133,2026-06-10T16:51:44.396963,ground_truth,0.108463,-0.321000,-0.083487,True,,,,,,,,,-0.180572,-0.240215,0.323974,,,,,,,,,,,,
1781085104502938132,2026-06-10T16:51:44.502981,ground_truth,0.108463,-0.321000,-0.084015,True,,,,,,,,,-0.180572,-0.240215,0.323974,,,,,,,,,,,,
1781085104557917934,2026-06-10T16:51:44.557951,ground_truth,0.108272,-0.322000,-0.083747,True,,,,,,,,,-0.183379,-0.241836,0.325067,,,,,,,,,,,,
1781085104615116160,2026-06-10T16:51:44.615137,ground_truth,0.106786,-0.313000,-0.090663,True,,,,,,,,,-0.185739,-0.241096,0.326347,,,,,,,,,,,,
1781085104708818972,2026-06-10T16:51:44.708852,ground_truth,0.108492,-0.318000,-0.085319,True,,,,,,,,,-0.187232,-0.239202,0.328370,,,,,,,,,,,,
1781085104760593325,2026-06-10T16:51:44.760626,ground_truth,0.110914,-0.322000,-0.084276,True,,,,,,,,,-0.185861,-0.240749,0.328165,,,,,,,,,,,,
1781085104834477801,2026-06-10T16:51:44.834507,ground_truth,0.104552,-0.314000,-0.090437,True,,,,,,,,,-0.184266,-0.242260,0.328613,,,,,,,,,,,,
1781085104887304822,2026-06-10T16:51:44.887359,ground_truth,0.104552,-0.314000,-0.089921,True,,,,,,,,,-0.181556,-0.245171,0.327816,,,,,,,,,,,,
1781085104960390404,2026-06-10T16:51:44.960436,ground_truth,0.104219,-0.313000,-0.094263,True,,,,,,,,,-0.180911,-0.247575,0.327571,,,,,,,,,,,,
1781085105013445713,2026-06-10T16:51:45.013471,ground_truth,0.104552,-0.314000,-0.091468,True,,,,,,,,,-0.181334,-0.245996,0.327732,,,,,,,,,,,,
1781085105063006984,2026-06-10T16:51:45.063042,ground_truth,0.104552,-0.314000,-0.093016,True,,,,,,,,,-0.181334,-0.245996,0.327732,,,,,,,,,,,,
1781085105123402224,2026-06-10T16:51:45.123429,ground_truth,0.104219,-0.313000,-0.094777,True,,,,,,,,,-0.181334,-0.245996,0.327732,,,,,,,,,,,,
1781085105223546398,2026-06-10T16:51:45.223599,ground_truth,0.104219,-0.313000,-0.094263,True,,,,,,,,,-0.182752,-0.246395,0.326821,,,,,,,,,,,,
1781085105302920613,2026-06-10T16:51:45.302958,ground_truth,0.103374,-0.312000,-0.098062,True,,,,,,,,,-0.184637,-0.245699,0.326505,,,,,,,,,,,,
1781085105402508189,2026-06-10T16:51:45.402543,ground_truth,0.105594,-0.311000,-0.096215,True,,,,,,,,,-0.186348,-0.244985,0.326312,,,,,,,,,,,,
1781085105478856932,2026-06-10T16:51:45.478892,ground_truth,0.104219,-0.313000,-0.097862,True,,,,,,,,,-0.189203,-0.243338,0.325324,,,,,,,,,,,,
1781085105560472205,2026-06-10T16:51:45.560505,ground_truth,0.105594,-0.311000,-0.096726,True,,,,,,,,,-0.189943,-0.241516,0.324490,,,,,,,,,,,,
1781085105629030904,2026-06-10T16:51:45.629078,ground_truth,0.107469,-0.312000,-0.090886,True,,,,,,,,,-0.188485,-0.239914,0.323476,,,,,,,,,,,,
1781085105733617955,2026-06-10T16:51:45.733662,ground_truth,0.106445,-0.312000,-0.090886,True,,,,,,,,,-0.185659,-0.239271,0.322913,,,,,,,,,,,,
1781085105798144844,2026-06-10T16:51:45.798177,ground_truth,0.114968,-0.323000,-0.085069,True,,,,,,,,,-0.185380,-0.239190,0.322803,,,,,,,,,,,,
1781085105850884893,2026-06-10T16:51:45.850919,ground_truth,0.107300,-0.313000,-0.090663,True,,,,,,,,,-0.185380,-0.239190,0.322803,,,,,,,,,,,,
1781085105908026191,2026-06-10T16:51:45.908069,ground_truth,0.108502,-0.315000,-0.087102,True,,,,,,,,,-0.181593,-0.239261,0.322342,,,,,,,,,,,,
1781085105996492637,2026-06-10T16:51:45.996524,ground_truth,0.105933,-0.312000,-0.092424,True,,,,,,,,,-0.178696,-0.239756,0.322178,,,,,,,,,,,,
1781085106055539914,2026-06-10T16:51:46.055583,ground_truth,0.104910,-0.312000,-0.096012,True,,,,,,,,,-0.178696,-0.239756,0.322178,,,,,,,,,,,,
1781085106136765460,2026-06-10T16:51:46.136798,ground_truth,0.103886,-0.312000,-0.094987,True,,,,,,,,,-0.178696,-0.239756,0.322178,,,,,,,,,,,,
1781085106210497715,2026-06-10T16:51:46.210530,ground_truth,0.105422,-0.309000,-0.100673,True,,,,,,,,,-0.178696,-0.239756,0.322178,,,,,,,,,,,,
1781085106263186280,2026-06-10T16:51:46.263219,ground_truth,0.103076,-0.319000,-0.102359,True,,,,,,,,,-0.178696,-0.239756,0.322178,,,,,,,,,,,,
1781085106321882122,2026-06-10T16:51:46.321912,ground_truth,0.105218,-0.316000,-0.088936,True,,,,,,,,,-0.178696,-0.239756,0.322178,,,,,,,,,,,,
1781085106378373775,2026-06-10T16:51:46.378407,ground_truth,0.105031,-0.317000,-0.088697,True,,,,,,,,,-0.178696,-0.239756,0.322178,,,,,,,,,,,,
1781085106461017861,2026-06-10T16:51:46.461078,ground_truth,0.104910,-0.312000,-0.098062,True,,,,,,,,,-0.178696,-0.239756,0.322178,,,,,,,,,,,,
1781085106520997354,2026-06-10T16:51:46.521029,ground_truth,0.107797,-0.310000,-0.093359,True,,,,,,,,,-0.178696,-0.239756,0.322178,,,,,,,,,,,,
1781085106579457301,2026-06-10T16:51:46.579488,ground_truth,0.107128,-0.314000,-0.088889,True,,,,,,,,,-0.178696,-0.239756,0.322178,,,,,,,,,,,,
1781085106654939091,2026-06-10T16:51:46.654974,ground_truth,0.115855,-0.327000,-0.084510,True,,,,,,,,,-0.178696,-0.239756,0.322178,,,,,,,,,,,,
1781085106748537732,2026-06-10T16:51:46.748572,ground_truth,0.112476,-0.316000,-0.086859,True,,,,,,,,,-0.178696,-0.239756,0.322178,,,,,,,,,,,,
1781085106803175904,2026-06-10T16:51:46.803217,ground_truth,0.114782,-0.321000,-0.085597,True,,,,,,,,,-0.178696,-0.239756,0.322178,,,,,,,,,,,,
1781085106870353129,2026-06-10T16:51:46.870378,ground_truth,0.122719,-0.334000,-0.084673,True,,,,,,,,,-0.178696,-0.239756,0.322178,,,,,,,,,,,,
1781085106982622870,2026-06-10T16:51:46.982661,ground_truth,0.115324,-0.324000,-0.084800,True,,,,,,,,,-0.178696,-0.239756,0.322178,,,,,,,,,,,,
1781085107092681677,2026-06-10T16:51:47.092716,ground_truth,0.107300,-0.313000,-0.090149,True,,,,,,,,,-0.178696,-0.239756,0.322178,,,,,,,,,,,,
1781085107203841460,2026-06-10T16:51:47.203880,ground_truth,0.107797,-0.310000,-0.097434,True,,,,,,,,,-0.181929,-0.239954,0.322566,,,,,,,,,,,,
1781085107309868588,2026-06-10T16:51:47.309904,ground_truth,0.106943,-0.309000,-0.097119,True,,,,,,,,,-0.181863,-0.239764,0.322900,,,,,,,,,,,,
1781085107414959752,2026-06-10T16:51:47.415037,ground_truth,0.111792,-0.317000,-0.085572,True,,,,,,,,,-0.186132,-0.238402,0.324171,,,,,,,,,,,,
1781085107484326914,2026-06-10T16:51:47.484363,ground_truth,0.106272,-0.310000,-0.095906,True,,,,,,,,,-0.188573,-0.236237,0.324464,,,,,,,,,,,,
1781085107547054072,2026-06-10T16:51:47.547087,ground_truth,0.103886,-0.312000,-0.096012,True,,,,,,,,,-0.192519,-0.232859,0.325226,,,,,,,,,,,,
1781085107645302011,2026-06-10T16:51:47.645358,ground_truth,0.104385,-0.313500,-0.099049,True,,,,,,,,,-0.195343,-0.229301,0.325605,,,,,,,,,,,,
1781085107753699109,2026-06-10T16:51:47.753731,ground_truth,0.104910,-0.312000,-0.099600,True,,,,,,,,,-0.197514,-0.224664,0.325685,,,,,,,,,,,,
1781085107816049689,2026-06-10T16:51:47.816079,ground_truth,0.109166,-0.311000,-0.091616,True,,,,,,,,,-0.199499,-0.221538,0.325529,,,,,,,,,,,,
1781085107899636916,2026-06-10T16:51:47.899672,ground_truth,0.113729,-0.324000,-0.084267,True,,,,,,,,,-0.201104,-0.218111,0.325458,,,,,,,,,,,,
1781085107979846433,2026-06-10T16:51:47.979875,ground_truth,0.106957,-0.312000,-0.091398,True,,,,,,,,,-0.203016,-0.214794,0.325190,,,,,,,,,,,,
1781085108064402537,2026-06-10T16:51:48.064429,ground_truth,0.108151,-0.317000,-0.085051,True,,,,,,,,,-0.203636,-0.213666,0.325352,,,,,,,,,,,,
1781085108148955841,2026-06-10T16:51:48.148984,ground_truth,0.096608,-0.310000,-0.102017,True,,,,,,,,,-0.205353,-0.210468,0.325838,,,,,,,,,,,,
1781085108216233014,2026-06-10T16:51:48.216270,ground_truth,0.081539,-0.305000,-0.105884,True,,,,,,,,,-0.207046,-0.208658,0.326451,,,,,,,,,,,,
1781085108351007586,2026-06-10T16:51:48.351035,ground_truth,0.019028,-0.415000,-0.082708,True,,,,,,,,,-0.207308,-0.208148,0.326423,,,,,,,,,,,,
1781085108448848772,2026-06-10T16:51:48.448880,ground_truth,0.002228,-0.461000,-0.082786,True,,,,,,,,,-0.207456,-0.206772,0.328149,,,,,,,,,,,,
1781085108519574560,2026-06-10T16:51:48.519602,ground_truth,-0.044699,-0.579000,-0.087805,True,,,,,,,,,-0.207397,-0.207318,0.327465,,,,,,,,,,,,
1781085108607762425,2026-06-10T16:51:48.607795,ground_truth,-0.068383,-0.631000,-0.090508,True,,,,,,,,,-0.204426,-0.204740,0.331408,,,,,,,,,,,,
1781085108699066596,2026-06-10T16:51:48.699097,ground_truth,-0.074127,-0.684000,-0.086872,True,,,,,,,,,-0.201021,-0.202900,0.334007,,,,,,,,,,,,
1781085108782863901,2026-06-10T16:51:48.782895,ground_truth,-0.074930,-0.713000,-0.080012,True,,,,,,,,,-0.197030,-0.203147,0.336965,,,,,,,,,,,,
1781085108842021078,2026-06-10T16:51:48.842059,ground_truth,-0.078461,-0.724000,-0.077678,True,,,,,,,,,-0.194718,-0.203996,0.338652,,,,,,,,,,,,
1781085108920382565,2026-06-10T16:51:48.920426,ground_truth,-0.080639,-0.733000,-0.076235,True,,,,,,,,,-0.191069,-0.206489,0.340929,,,,,,,,,,,,
1781085108994763098,2026-06-10T16:51:48.994802,ground_truth,-0.077347,-0.736000,-0.070501,True,,,,,,,,,-0.180359,-0.214531,0.348039,,,,,,,,,,,,
1781085109093212837,2026-06-10T16:51:49.093245,ground_truth,-0.081300,-0.739000,-0.068360,True,,,,,,,,,-0.174222,-0.221013,0.352291,,,,,,,,,,,,
1781085109161796964,2026-06-10T16:51:49.161828,ground_truth,-0.080737,-0.745000,-0.061571,True,,,,,,,,,-0.168010,-0.227807,0.356316,,,,,,,,,,,,
1781085109252779578,2026-06-10T16:51:49.252817,ground_truth,-0.080737,-0.745000,-0.061571,True,,,,,,,,,-0.162214,-0.234915,0.360422,,,,,,,,,,,,
1781085109314161410,2026-06-10T16:51:49.314197,ground_truth,-0.080412,-0.742000,-0.063761,True,,,,,,,,,-0.162214,-0.234915,0.360422,,,,,,,,,,,,
1781085109373791082,2026-06-10T16:51:49.373816,ground_truth,-0.078875,-0.739000,-0.064718,True,,,,,,,,,-0.153691,-0.245765,0.366306,,,,,,,,,,,,
1781085109475851177,2026-06-10T16:51:49.475884,ground_truth,-0.075441,-0.741000,-0.062458,True,,,,,,,,,-0.143010,-0.259919,0.374388,,,,,,,,,,,,
1781085109537345661,2026-06-10T16:51:49.537375,ground_truth,-0.075950,-0.746000,-0.062879,True,,,,,,,,,-0.143010,-0.259919,0.374388,,,,,,,,,,,,
1781085109638077924,2026-06-10T16:51:49.638109,ground_truth,-0.073502,-0.746000,-0.061654,True,,,,,,,,,-0.143010,-0.259919,0.374388,,,,,,,,,,,,
1781085109714091488,2026-06-10T16:51:49.714123,ground_truth,-0.074325,-0.742000,-0.061323,True,,,,,,,,,-0.131460,-0.275203,0.382671,,,,,,,,,,,,
1781085109773077665,2026-06-10T16:51:49.773115,ground_truth,-0.073009,-0.741000,-0.058806,True,,,,,,,,,-0.126860,-0.280685,0.386169,,,,,,,,,,,,
1781085109873220864,2026-06-10T16:51:49.873257,ground_truth,-0.072084,-0.744000,-0.059044,True,,,,,,,,,-0.118271,-0.290829,0.392012,,,,,,,,,,,,
1781085109980861351,2026-06-10T16:51:49.980887,ground_truth,-0.072714,-0.738000,-0.058568,True,,,,,,,,,-0.118271,-0.290829,0.392012,,,,,,,,,,,,
1781085110052828874,2026-06-10T16:51:50.052862,ground_truth,-0.073108,-0.742000,-0.058885,True,,,,,,,,,-0.118271,-0.290829,0.392012,,,,,,,,,,,,
1781085110113834904,2026-06-10T16:51:50.113860,ground_truth,-0.073009,-0.741000,-0.058806,True,,,,,,,,,-0.111086,-0.297635,0.397203,,,,,,,,,,,,
1781085110175927572,2026-06-10T16:51:50.175964,ground_truth,-0.072615,-0.737000,-0.057277,True,,,,,,,,,-0.106295,-0.302919,0.399233,,,,,,,,,,,,
1781085110252215061,2026-06-10T16:51:50.252247,ground_truth,-0.073108,-0.742000,-0.057666,True,,,,,,,,,-0.101120,-0.309902,0.400455,,,,,,,,,,,,
1781085110341030037,2026-06-10T16:51:50.341061,ground_truth,-0.073206,-0.743000,-0.057744,True,,,,,,,,,-0.095607,-0.317490,0.399782,,,,,,,,,,,,
1781085110392783430,2026-06-10T16:51:50.392818,ground_truth,-0.072812,-0.739000,-0.058647,True,,,,,,,,,-0.095607,-0.317490,0.399782,,,,,,,,,,,,
1781085110468900132,2026-06-10T16:51:50.468936,ground_truth,-0.072714,-0.738000,-0.058568,True,,,,,,,,,-0.095607,-0.317490,0.399782,,,,,,,,,,,,
1781085110533137851,2026-06-10T16:51:50.533178,ground_truth,-0.073108,-0.742000,-0.058885,True,,,,,,,,,-0.090367,-0.331399,0.397763,,,,,,,,,,,,
1781085110589587511,2026-06-10T16:51:50.589625,ground_truth,-0.072714,-0.738000,-0.058568,True,,,,,,,,,-0.083435,-0.345116,0.394580,,,,,,,,,,,,
1781085110642592765,2026-06-10T16:51:50.642696,ground_truth,-0.072615,-0.737000,-0.058488,True,,,,,,,,,-0.083435,-0.345116,0.394580,,,,,,,,,,,,
1781085110728956847,2026-06-10T16:51:50.729006,ground_truth,-0.072517,-0.736000,-0.058409,True,,,,,,,,,-0.076430,-0.357982,0.391353,,,,,,,,,,,,
1781085110786486131,2026-06-10T16:51:50.786511,ground_truth,-0.073925,-0.738000,-0.058568,True,,,,,,,,,-0.076430,-0.357982,0.391353,,,,,,,,,,,,
1781085110839201381,2026-06-10T16:51:50.839228,ground_truth,-0.073524,-0.734000,-0.058250,True,,,,,,,,,-0.076430,-0.357982,0.391353,,,,,,,,,,,,
1781085110916265729,2026-06-10T16:51:50.916308,ground_truth,-0.073925,-0.738000,-0.058568,True,,,,,,,,,-0.069426,-0.370847,0.388127,,,,,,,,,,,,
1781085111024282723,2026-06-10T16:51:51.024353,ground_truth,-0.073824,-0.737000,-0.059699,True,,,,,,,,,-0.061689,-0.384731,0.384558,,,,,,,,,,,,
1781085111123179563,2026-06-10T16:51:51.123217,ground_truth,-0.072615,-0.737000,-0.059699,True,,,,,,,,,-0.054538,-0.397498,0.381260,,,,,,,,,,,,
1781085111230040737,2026-06-10T16:51:51.230095,ground_truth,-0.072812,-0.739000,-0.061075,True,,,,,,,,,-0.054538,-0.397498,0.381260,,,,,,,,,,,,
1781085111329900208,2026-06-10T16:51:51.329935,ground_truth,-0.072615,-0.737000,-0.060910,True,,,,,,,,,-0.054538,-0.397498,0.381260,,,,,,,,,,,,
1781085111435845229,2026-06-10T16:51:51.435882,ground_truth,-0.072615,-0.737000,-0.059699,True,,,,,,,,,-0.047385,-0.410263,0.377960,,,,,,,,,,,,
1781085111505209637,2026-06-10T16:51:51.505255,ground_truth,-0.072418,-0.735000,-0.059537,True,,,,,,,,,-0.042038,-0.419805,0.375493,,,,,,,,,,,,
1781085111554073638,2026-06-10T16:51:51.554107,ground_truth,-0.072418,-0.735000,-0.060745,True,,,,,,,,,-0.042038,-0.419805,0.375493,,,,,,,,,,,,
1781085111608420416,2026-06-10T16:51:51.608451,ground_truth,-0.072418,-0.735000,-0.060745,True,,,,,,,,,-0.035030,-0.432691,0.372355,,,,,,,,,,,,
1781085111659081809,2026-06-10T16:51:51.659103,ground_truth,-0.072615,-0.737000,-0.060910,True,,,,,,,,,-0.035030,-0.432691,0.372355,,,,,,,,,,,,
1781085111735735428,2026-06-10T16:51:51.735767,ground_truth,-0.072418,-0.735000,-0.061952,True,,,,,,,,,-0.028221,-0.445728,0.369410,,,,,,,,,,,,
1781085111798310229,2026-06-10T16:51:51.798371,ground_truth,-0.072221,-0.733000,-0.061784,True,,,,,,,,,-0.028221,-0.445728,0.369410,,,,,,,,,,,,
1781085111916229369,2026-06-10T16:51:51.916269,ground_truth,-0.071309,-0.736000,-0.062037,True,,,,,,,,,-0.021951,-0.460746,0.367173,,,,,,,,,,,,
1781085112021200063,2026-06-10T16:51:52.021236,ground_truth,-0.071212,-0.735000,-0.061952,True,,,,,,,,,-0.015695,-0.474147,0.364667,,,,,,,,,,,,
1781085112073612934,2026-06-10T16:51:52.073649,ground_truth,-0.071019,-0.733000,-0.061784,True,,,,,,,,,-0.015695,-0.474147,0.364667,,,,,,,,,,,,
1781085112133722415,2026-06-10T16:51:52.133760,ground_truth,-0.069911,-0.734000,-0.061868,True,,,,,,,,,-0.008705,-0.487044,0.361537,,,,,,,,,,,,
1781085112203453535,2026-06-10T16:51:52.203493,ground_truth,-0.071212,-0.735000,-0.064367,True,,,,,,,,,-0.008705,-0.487044,0.361537,,,,,,,,,,,,
1781085112266703426,2026-06-10T16:51:52.266738,ground_truth,-0.071406,-0.737000,-0.063332,True,,,,,,,,,0.001251,-0.500758,0.356613,,,,,,,,,,,,
1781085112334638173,2026-06-10T16:51:52.334676,ground_truth,-0.070006,-0.735000,-0.063160,True,,,,,,,,,0.001190,-0.500000,0.356577,,,,,,,,,,,,
1781085112384560367,2026-06-10T16:51:52.384600,ground_truth,-0.070197,-0.737000,-0.063332,True,,,,,,,,,0.001190,-0.500000,0.356577,,,,,,,,,,,,
1781085112483446746,2026-06-10T16:51:52.483475,ground_truth,-0.070102,-0.736000,-0.064455,True,,,,,,,,,0.001190,-0.500000,0.356577,,,,,,,,,,,,
1781085112580242334,2026-06-10T16:51:52.580276,ground_truth,-0.069911,-0.734000,-0.064280,True,,,,,,,,,0.001190,-0.500000,0.356577,,,,,,,,,,,,
1781085112642835450,2026-06-10T16:51:52.642866,ground_truth,-0.069816,-0.733000,-0.064192,True,,,,,,,,,0.001190,-0.500000,0.356577,,,,,,,,,,,,
1781085112741214043,2026-06-10T16:51:52.741249,ground_truth,-0.069721,-0.732000,-0.064105,True,,,,,,,,,0.001190,-0.500000,0.356577,,,,,,,,,,,,
1781085112829110284,2026-06-10T16:51:52.829137,ground_truth,-0.069911,-0.734000,-0.063074,True,,,,,,,,,0.001190,-0.500000,0.356577,,,,,,,,,,,,
1781085112888301975,2026-06-10T16:51:52.888353,ground_truth,-0.069816,-0.733000,-0.062988,True,,,,,,,,,-0.001383,-0.500000,0.358432,,,,,,,,,,,,
1781085112964254857,2026-06-10T16:51:52.964299,ground_truth,-0.069816,-0.733000,-0.062988,True,,,,,,,,,-0.001383,-0.500000,0.358432,,,,,,,,,,,,
1781085113042295426,2026-06-10T16:51:53.042381,ground_truth,-0.070102,-0.736000,-0.064455,True,,,,,,,,,-0.006015,-0.500000,0.360915,,,,,,,,,,,,
1781085113125985989,2026-06-10T16:51:53.126013,ground_truth,-0.069816,-0.733000,-0.062988,True,,,,,,,,,-0.006015,-0.500000,0.360915,,,,,,,,,,,,
1781085113199896443,2026-06-10T16:51:53.199922,ground_truth,-0.069911,-0.734000,-0.063074,True,,,,,,,,,-0.006015,-0.500000,0.360915,,,,,,,,,,,,
1781085113267232918,2026-06-10T16:51:53.267268,ground_truth,-0.069816,-0.733000,-0.061784,True,,,,,,,,,-0.009389,-0.500000,0.359075,,,,,,,,,,,,
1781085113317724265,2026-06-10T16:51:53.317752,ground_truth,-0.069816,-0.733000,-0.062988,True,,,,,,,,,-0.009389,-0.500000,0.359075,,,,,,,,,,,,
1781085113400638383,2026-06-10T16:51:53.400676,ground_truth,-0.070006,-0.735000,-0.063160,True,,,,,,,,,-0.007965,-0.500000,0.358638,,,,,,,,,,,,
1781085113508792689,2026-06-10T16:51:53.508832,ground_truth,-0.069911,-0.734000,-0.061868,True,,,,,,,,,-0.004581,-0.500000,0.357633,,,,,,,,,,,,
1781085113563396135,2026-06-10T16:51:53.563425,ground_truth,-0.071019,-0.733000,-0.062988,True,,,,,,,,,-0.000915,-0.500000,0.353923,,,,,,,,,,,,
1781085113624153679,2026-06-10T16:51:53.624184,ground_truth,-0.071019,-0.733000,-0.061784,True,,,,,,,,,-0.000915,-0.500000,0.353923,,,,,,,,,,,,
1781085113694160821,2026-06-10T16:51:53.694199,ground_truth,-0.070922,-0.732000,-0.062902,True,,,,,,,,,-0.000915,-0.500000,0.353923,,,,,,,,,,,,
1781085113759279202,2026-06-10T16:51:53.759311,ground_truth,-0.071309,-0.736000,-0.063246,True,,,,,,,,,0.000712,-0.500000,0.351845,,,,,,,,,,,,
1781085113813299970,2026-06-10T16:51:53.813353,ground_truth,-0.071019,-0.733000,-0.064192,True,,,,,,,,,0.000712,-0.500000,0.351845,,,,,,,,,,,,
1781085113864838987,2026-06-10T16:51:53.864863,ground_truth,-0.070922,-0.732000,-0.062902,True,,,,,,,,,-0.000744,-0.500000,0.353704,,,,,,,,,,,,
1781085113966062576,2026-06-10T16:51:53.966091,ground_truth,-0.071406,-0.737000,-0.064543,True,,,,,,,,,-0.000486,-0.500000,0.353375,,,,,,,,,,,,
1781085114023948483,2026-06-10T16:51:54.023985,ground_truth,-0.071115,-0.734000,-0.064280,True,,,,,,,,,-0.000486,-0.500000,0.353375,,,,,,,,,,,,
1781085114104742427,2026-06-10T16:51:54.104769,ground_truth,-0.071019,-0.733000,-0.064192,True,,,,,,,,,-0.000486,-0.500000,0.353375,,,,,,,,,,,,
1781085114161345728,2026-06-10T16:51:54.161380,ground_truth,-0.071019,-0.733000,-0.064192,True,,,,,,,,,-0.000486,-0.500000,0.353375,,,,,,,,,,,,
1781085114238248781,2026-06-10T16:51:54.238287,ground_truth,-0.070825,-0.731000,-0.064017,True,,,,,,,,,-0.000486,-0.500000,0.353375,,,,,,,,,,,,
1781085114298622186,2026-06-10T16:51:54.298656,ground_truth,-0.071503,-0.738000,-0.063418,True,,,,,,,,,-0.000486,-0.500000,0.353375,,,,,,,,,,,,
1781085114365660613,2026-06-10T16:51:54.365695,ground_truth,-0.071019,-0.733000,-0.060579,True,,,,,,,,,-0.000486,-0.500000,0.353375,,,,,,,,,,,,
1781085114416808301,2026-06-10T16:51:54.416864,ground_truth,-0.071115,-0.734000,-0.063074,True,,,,,,,,,-0.000486,-0.500000,0.353375,,,,,,,,,,,,
1781085114478528463,2026-06-10T16:51:54.478562,ground_truth,-0.071115,-0.734000,-0.061868,True,,,,,,,,,-0.000486,-0.500000,0.353375,,,,,,,,,,,,
1781085114540027634,2026-06-10T16:51:54.540060,ground_truth,-0.071115,-0.734000,-0.061868,True,,,,,,,,,-0.000486,-0.500000,0.353375,,,,,,,,,,,,
1781085114588808585,2026-06-10T16:51:54.588837,ground_truth,-0.071212,-0.735000,-0.063160,True,,,,,,,,,-0.000486,-0.500000,0.353375,,,,,,,,,,,,
1781085114650460005,2026-06-10T16:51:54.650487,ground_truth,-0.070922,-0.732000,-0.062902,True,,,,,,,,,-0.000486,-0.500000,0.353375,,,,,,,,,,,,
1781085114719054882,2026-06-10T16:51:54.719090,ground_truth,-0.071019,-0.733000,-0.062988,True,,,,,,,,,-0.000486,-0.500000,0.353375,,,,,,,,,,,,
1781085114772271970,2026-06-10T16:51:54.772301,ground_truth,-0.071115,-0.734000,-0.064280,True,,,,,,,,,-0.000486,-0.500000,0.353375,,,,,,,,,,,,
1781085114841159562,2026-06-10T16:51:54.841190,ground_truth,-0.071019,-0.733000,-0.064192,True,,,,,,,,,-0.000486,-0.500000,0.353375,,,,,,,,,,,,
1781085114892048803,2026-06-10T16:51:54.892082,ground_truth,-0.070922,-0.732000,-0.061699,True,,,,,,,,,-0.000486,-0.500000,0.353375,,,,,,,,,,,,
1781085114966375651,2026-06-10T16:51:54.966411,ground_truth,-0.071019,-0.733000,-0.061784,True,,,,,,,,,-0.000486,-0.500000,0.353375,,,,,,,,,,,,
1781085115014341629,2026-06-10T16:51:55.014379,ground_truth,-0.070922,-0.732000,-0.061699,True,,,,,,,,,-0.000486,-0.500000,0.353375,,,,,,,,,,,,
1781085115102526089,2026-06-10T16:51:55.102561,ground_truth,-0.071019,-0.733000,-0.061784,True,,,,,,,,,-0.000486,-0.500000,0.353375,,,,,,,,,,,,
1781085115160527151,2026-06-10T16:51:55.160559,ground_truth,-0.071115,-0.734000,-0.061868,True,,,,,,,,,-0.000486,-0.500000,0.353375,,,,,,,,,,,,
1781085115234255617,2026-06-10T16:51:55.234289,ground_truth,-0.072221,-0.733000,-0.061784,True,,,,,,,,,-0.000486,-0.500000,0.353375,,,,,,,,,,,,
1781085115303057401,2026-06-10T16:51:55.303086,ground_truth,-0.072615,-0.737000,-0.062121,True,,,,,,,,,-0.000486,-0.500000,0.353375,,,,,,,,,,,,
1781085115350866744,2026-06-10T16:51:55.350898,ground_truth,-0.071019,-0.733000,-0.061784,True,,,,,,,,,-0.000486,-0.500000,0.353375,,,,,,,,,,,,
1781085115404862433,2026-06-10T16:51:55.404895,ground_truth,-0.071019,-0.733000,-0.061784,True,,,,,,,,,-0.000486,-0.500000,0.353375,,,,,,,,,,,,
1781085115475804716,2026-06-10T16:51:55.475838,ground_truth,-0.070922,-0.732000,-0.061699,True,,,,,,,,,-0.000486,-0.500000,0.353375,,,,,,,,,,,,
1781085115527231040,2026-06-10T16:51:55.527260,ground_truth,-0.071212,-0.735000,-0.061952,True,,,,,,,,,-0.000486,-0.500000,0.353375,,,,,,,,,,,,
1781085115574597302,2026-06-10T16:51:55.574630,ground_truth,-0.070825,-0.731000,-0.062816,True,,,,,,,,,-0.000486,-0.500000,0.353375,,,,,,,,,,,,
1781085115622542149,2026-06-10T16:51:55.622572,ground_truth,-0.071019,-0.733000,-0.061784,True,,,,,,,,,-0.000486,-0.500000,0.353375,,,,,,,,,,,,
1781085115677861982,2026-06-10T16:51:55.677924,ground_truth,-0.070825,-0.731000,-0.062816,True,,,,,,,,,-0.000486,-0.500000,0.353375,,,,,,,,,,,,
1781085115736845109,2026-06-10T16:51:55.736876,ground_truth,-0.071019,-0.733000,-0.061784,True,,,,,,,,,-0.000486,-0.500000,0.353375,,,,,,,,,,,,
1781085115786617886,2026-06-10T16:51:55.786646,ground_truth,-0.070825,-0.731000,-0.061615,True,,,,,,,,,-0.000486,-0.500000,0.353375,,,,,,,,,,,,
1781085115846173792,2026-06-10T16:51:55.846204,ground_truth,-0.070922,-0.732000,-0.062902,True,,,,,,,,,-0.000486,-0.500000,0.353375,,,,,,,,,,,,
1781085115894168653,2026-06-10T16:51:55.894200,ground_truth,-0.070922,-0.732000,-0.062902,True,,,,,,,,,-0.000486,-0.500000,0.353375,,,,,,,,,,,,
1781085115970628872,2026-06-10T16:51:55.970663,ground_truth,-0.072418,-0.735000,-0.063160,True,,,,,,,,,-0.000486,-0.500000,0.353375,,,,,,,,,,,,
1781085116031874047,2026-06-10T16:51:56.031903,ground_truth,-0.072418,-0.735000,-0.063160,True,,,,,,,,,-0.000486,-0.500000,0.353375,,,,,,,,,,,,
1781085116083086264,2026-06-10T16:51:56.083115,ground_truth,-0.072418,-0.735000,-0.063160,True,,,,,,,,,-0.000486,-0.500000,0.353375,,,,,,,,,,,,
1781085116131688077,2026-06-10T16:51:56.131719,ground_truth,-0.072221,-0.733000,-0.062988,True,,,,,,,,,-0.000486,-0.500000,0.353375,,,,,,,,,,,,
1781085116190997279,2026-06-10T16:51:56.191028,ground_truth,-0.072517,-0.736000,-0.063246,True,,,,,,,,,-0.000486,-0.500000,0.353375,,,,,,,,,,,,
1781085116245041200,2026-06-10T16:51:56.245069,ground_truth,-0.072221,-0.733000,-0.062988,True,,,,,,,,,-0.000486,-0.500000,0.353375,,,,,,,,,,,,
1781085116290400852,2026-06-10T16:51:56.290431,ground_truth,-0.072320,-0.734000,-0.063074,True,,,,,,,,,-0.000486,-0.500000,0.353375,,,,,,,,,,,,
1781085116375122663,2026-06-10T16:51:56.375147,ground_truth,-0.072221,-0.733000,-0.061784,True,,,,,,,,,-0.000486,-0.500000,0.353375,,,,,,,,,,,,
1781085116425552001,2026-06-10T16:51:56.425596,ground_truth,-0.072320,-0.734000,-0.063074,True,,,,,,,,,-0.000486,-0.500000,0.353375,,,,,,,,,,,,
1781085116480491440,2026-06-10T16:51:56.480523,ground_truth,-0.072221,-0.733000,-0.062988,True,,,,,,,,,-0.000486,-0.500000,0.353375,,,,,,,,,,,,
1781085116554771726,2026-06-10T16:51:56.554802,ground_truth,-0.072517,-0.736000,-0.063246,True,,,,,,,,,-0.000486,-0.500000,0.353375,,,,,,,,,,,,
1781085116602859087,2026-06-10T16:51:56.602885,ground_truth,-0.072024,-0.731000,-0.061615,True,,,,,,,,,-0.000486,-0.500000,0.353375,,,,,,,,,,,,
1781085116699963184,2026-06-10T16:51:56.700005,ground_truth,-0.070922,-0.732000,-0.061699,True,,,,,,,,,-0.000486,-0.500000,0.353375,,,,,,,,,,,,
1781085116750660518,2026-06-10T16:51:56.750692,ground_truth,-0.071019,-0.733000,-0.061784,True,,,,,,,,,-0.000486,-0.500000,0.353375,,,,,,,,,,,,
1781085116804392877,2026-06-10T16:51:56.804427,ground_truth,-0.070825,-0.731000,-0.061615,True,,,,,,,,,-0.000486,-0.500000,0.353375,,,,,,,,,,,,
1781085116851970161,2026-06-10T16:51:56.852002,ground_truth,-0.071019,-0.733000,-0.061784,True,,,,,,,,,-0.000486,-0.500000,0.353375,,,,,,,,,,,,
1781085116902596217,2026-06-10T16:51:56.902627,ground_truth,-0.071115,-0.734000,-0.061868,True,,,,,,,,,-0.000486,-0.500000,0.353375,,,,,,,,,,,,
1781085116987006631,2026-06-10T16:51:56.987046,ground_truth,-0.070922,-0.732000,-0.062902,True,,,,,,,,,-0.000486,-0.500000,0.353375,,,,,,,,,,,,
1781085117045619291,2026-06-10T16:51:57.045650,ground_truth,-0.070922,-0.732000,-0.062902,True,,,,,,,,,-0.000486,-0.500000,0.353375,,,,,,,,,,,,
1781085117103396105,2026-06-10T16:51:57.103427,ground_truth,-0.071019,-0.733000,-0.062988,True,,,,,,,,,-0.000486,-0.500000,0.353375,,,,,,,,,,,,
1781085117158335057,2026-06-10T16:51:57.158363,ground_truth,-0.071019,-0.733000,-0.062988,True,,,,,,,,,-0.000486,-0.500000,0.353375,,,,,,,,,,,,
1781085117260416834,2026-06-10T16:51:57.260450,ground_truth,-0.071019,-0.733000,-0.062988,True,,,,,,,,,-0.000486,-0.500000,0.353375,,,,,,,,,,,,
1781085117307981462,2026-06-10T16:51:57.308016,ground_truth,-0.071019,-0.733000,-0.062988,True,,,,,,,,,-0.000486,-0.500000,0.353375,,,,,,,,,,,,
1781085117368424365,2026-06-10T16:51:57.368465,ground_truth,-0.070922,-0.732000,-0.062902,True,,,,,,,,,-0.000486,-0.500000,0.353375,,,,,,,,,,,,
1781085117444858211,2026-06-10T16:51:57.444914,ground_truth,-0.071019,-0.733000,-0.062988,True,,,,,,,,,-0.000486,-0.500000,0.353375,,,,,,,,,,,,
1781085117515454627,2026-06-10T16:51:57.515491,ground_truth,-0.071115,-0.734000,-0.061868,True,,,,,,,,,-0.000486,-0.500000,0.353375,,,,,,,,,,,,
1781085117596635350,2026-06-10T16:51:57.596671,ground_truth,-0.071019,-0.733000,-0.061784,True,,,,,,,,,-0.000486,-0.500000,0.353375,,,,,,,,,,,,
1781085117654349729,2026-06-10T16:51:57.654398,ground_truth,-0.072221,-0.733000,-0.062988,True,,,,,,,,,-0.000486,-0.500000,0.353375,,,,,,,,,,,,
1781085117721798176,2026-06-10T16:51:57.721829,ground_truth,-0.072320,-0.734000,-0.061868,True,,,,,,,,,-0.000486,-0.500000,0.353375,,,,,,,,,,,,
1781085117785163558,2026-06-10T16:51:57.785199,ground_truth,-0.072320,-0.734000,-0.061868,True,,,,,,,,,-0.000486,-0.500000,0.353375,,,,,,,,,,,,
1781085117844619600,2026-06-10T16:51:57.844657,ground_truth,-0.072320,-0.734000,-0.061868,True,,,,,,,,,-0.000486,-0.500000,0.353375,,,,,,,,,,,,
1781085117955671620,2026-06-10T16:51:57.955703,ground_truth,-0.072024,-0.731000,-0.061615,True,,,,,,,,,-0.000486,-0.500000,0.353375,,,,,,,,,,,,
1781085118063274512,2026-06-10T16:51:58.063305,ground_truth,-0.072221,-0.733000,-0.061784,True,,,,,,,,,-0.000486,-0.500000,0.353375,,,,,,,,,,,,
1781085118161243663,2026-06-10T16:51:58.161278,ground_truth,-0.072320,-0.734000,-0.061868,True,,,,,,,,,-0.000486,-0.500000,0.353375,,,,,,,,,,,,
1781085118267467473,2026-06-10T16:51:58.267501,ground_truth,-0.071926,-0.730000,-0.062730,True,,,,,,,,,-0.000486,-0.500000,0.353375,,,,,,,,,,,,
1781085118364834827,2026-06-10T16:51:58.364877,ground_truth,-0.072024,-0.731000,-0.062816,True,,,,,,,,,-0.000486,-0.500000,0.353375,,,,,,,,,,,,
1781085118429704896,2026-06-10T16:51:58.429735,ground_truth,-0.072024,-0.731000,-0.062816,True,,,,,,,,,-0.000486,-0.500000,0.353375,,,,,,,,,,,,
1781085118526349042,2026-06-10T16:51:58.526388,ground_truth,-0.071926,-0.730000,-0.062730,True,,,,,,,,,-0.000486,-0.500000,0.353375,,,,,,,,,,,,
1781085118578457304,2026-06-10T16:51:58.578496,ground_truth,-0.072418,-0.735000,-0.063160,True,,,,,,,,,-0.000486,-0.500000,0.353375,,,,,,,,,,,,
1781085118654247148,2026-06-10T16:51:58.654282,ground_truth,-0.071926,-0.730000,-0.062730,True,,,,,,,,,-0.000486,-0.500000,0.353375,,,,,,,,,,,,
1781085118723266421,2026-06-10T16:51:58.723294,ground_truth,-0.072221,-0.733000,-0.062988,True,,,,,,,,,-0.000486,-0.500000,0.353375,,,,,,,,,,,,
1781085118811159559,2026-06-10T16:51:58.811196,ground_truth,-0.072320,-0.734000,-0.063074,True,,,,,,,,,-0.000486,-0.500000,0.353375,,,,,,,,,,,,
1781085118875758641,2026-06-10T16:51:58.875804,ground_truth,-0.072221,-0.733000,-0.061784,True,,,,,,,,,-0.000486,-0.500000,0.353375,,,,,,,,,,,,
1781085118948963919,2026-06-10T16:51:58.949010,ground_truth,-0.072123,-0.732000,-0.061699,True,,,,,,,,,-0.000486,-0.500000,0.353375,,,,,,,,,,,,
1781085119031722985,2026-06-10T16:51:59.031749,ground_truth,-0.072123,-0.732000,-0.061699,True,,,,,,,,,-0.000486,-0.500000,0.353375,,,,,,,,,,,,
1781085119101042686,2026-06-10T16:51:59.101075,ground_truth,-0.071115,-0.734000,-0.059456,True,,,,,,,,,-0.000486,-0.500000,0.353375,,,,,,,,,,,,
1781085119162890021,2026-06-10T16:51:59.162926,ground_truth,-0.070102,-0.736000,-0.059618,True,,,,,,,,,-0.000486,-0.500000,0.353375,,,,,,,,,,,,
1781085119251587827,2026-06-10T16:51:59.251624,ground_truth,-0.070197,-0.737000,-0.059699,True,,,,,,,,,-0.000486,-0.500000,0.353375,,,,,,,,,,,,
1781085119302342052,2026-06-10T16:51:59.302383,ground_truth,-0.070292,-0.738000,-0.059780,True,,,,,,,,,-0.000486,-0.500000,0.353375,,,,,,,,,,,,
1781085119357161358,2026-06-10T16:51:59.357196,ground_truth,-0.067503,-0.734000,-0.057044,True,,,,,,,,,-0.000486,-0.500000,0.353375,,,,,,,,,,,,
1781085119434687148,2026-06-10T16:51:59.434735,ground_truth,-0.068988,-0.737000,-0.058488,True,,,,,,,,,-0.000486,-0.500000,0.353375,,,,,,,,,,,,
1781085119485296146,2026-06-10T16:51:59.485338,ground_truth,-0.068988,-0.737000,-0.058488,True,,,,,,,,,-0.000486,-0.500000,0.353375,,,,,,,,,,,,
1781085119535460978,2026-06-10T16:51:59.535495,ground_truth,-0.067779,-0.737000,-0.058488,True,,,,,,,,,-0.000486,-0.500000,0.353375,,,,,,,,,,,,
1781085119588085910,2026-06-10T16:51:59.588121,ground_truth,-0.067871,-0.738000,-0.059780,True,,,,,,,,,-0.000486,-0.500000,0.353375,,,,,,,,,,,,
1781085119650347748,2026-06-10T16:51:59.650386,ground_truth,-0.067871,-0.738000,-0.059780,True,,,,,,,,,-0.000486,-0.500000,0.353375,,,,,,,,,,,,
1781085119744394621,2026-06-10T16:51:59.744430,ground_truth,-0.069362,-0.741000,-0.062458,True,,,,,,,,,-0.000486,-0.500000,0.353375,,,,,,,,,,,,
1781085119808961302,2026-06-10T16:51:59.808999,ground_truth,-0.069549,-0.743000,-0.062627,True,,,,,,,,,-0.000486,-0.500000,0.353375,,,,,,,,,,,,
1781085119907596922,2026-06-10T16:51:59.907630,ground_truth,-0.068988,-0.737000,-0.062121,True,,,,,,,,,-0.000486,-0.500000,0.353375,,,,,,,,,,,,
1781085119980639499,2026-06-10T16:51:59.980677,ground_truth,-0.068988,-0.737000,-0.062121,True,,,,,,,,,-0.000486,-0.500000,0.353375,,,,,,,,,,,,
1781085120032852036,2026-06-10T16:52:00.032887,ground_truth,-0.068801,-0.735000,-0.061952,True,,,,,,,,,-0.003499,-0.500000,0.356257,,,,,,,,,,,,
1781085120123353545,2026-06-10T16:52:00.123382,ground_truth,-0.068707,-0.734000,-0.063074,True,,,,,,,,,-0.006891,-0.500000,0.358436,,,,,,,,,,,,
1781085120217567069,2026-06-10T16:52:00.217592,ground_truth,-0.069911,-0.734000,-0.064280,True,,,,,,,,,-0.008189,-0.500000,0.359794,,,,,,,,,,,,
1781085120310801934,2026-06-10T16:52:00.310835,ground_truth,-0.070728,-0.730000,-0.063930,True,,,,,,,,,-0.008189,-0.500000,0.359794,,,,,,,,,,,,
1781085120405767905,2026-06-10T16:52:00.405799,ground_truth,-0.070728,-0.730000,-0.065129,True,,,,,,,,,-0.006382,-0.500000,0.357968,,,,,,,,,,,,
1781085120500219759,2026-06-10T16:52:00.500259,ground_truth,-0.070631,-0.729000,-0.063842,True,,,,,,,,,-0.007827,-0.500000,0.359833,,,,,,,,,,,,
1781085120564657605,2026-06-10T16:52:00.564688,ground_truth,-0.072221,-0.733000,-0.065397,True,,,,,,,,,-0.007184,-0.500000,0.359714,,,,,,,,,,,,
1781085120609692523,2026-06-10T16:52:00.609725,ground_truth,-0.070825,-0.731000,-0.064017,True,,,,,,,,,-0.004803,-0.500000,0.358018,,,,,,,,,,,,
1781085120661501675,2026-06-10T16:52:00.661532,ground_truth,-0.071019,-0.733000,-0.064192,True,,,,,,,,,-0.001683,-0.500000,0.355252,,,,,,,,,,,,
1781085120767507041,2026-06-10T16:52:00.767541,ground_truth,-0.071926,-0.730000,-0.063930,True,,,,,,,,,-0.002616,-0.500000,0.356385,,,,,,,,,,,,
1781085120818985695,2026-06-10T16:52:00.819013,ground_truth,-0.072615,-0.737000,-0.065753,True,,,,,,,,,-0.002616,-0.500000,0.356385,,,,,,,,,,,,
1781085120872847348,2026-06-10T16:52:00.872869,ground_truth,-0.071309,-0.736000,-0.063246,True,,,,,,,,,-0.004998,-0.500000,0.358041,,,,,,,,,,,,
1781085120933914389,2026-06-10T16:52:00.934484,ground_truth,-0.071115,-0.734000,-0.063074,True,,,,,,,,,-0.004998,-0.500000,0.358041,,,,,,,,,,,,
1781085121040987606,2026-06-10T16:52:01.041015,ground_truth,-0.071019,-0.733000,-0.062988,True,,,,,,,,,-0.009400,-0.500000,0.360890,,,,,,,,,,,,
1781085121126119254,2026-06-10T16:52:01.126143,ground_truth,-0.072615,-0.737000,-0.063332,True,,,,,,,,,-0.008075,-0.500000,0.359786,,,,,,,,,,,,
1781085121215900810,2026-06-10T16:52:01.215937,ground_truth,-0.072615,-0.737000,-0.063332,True,,,,,,,,,-0.008075,-0.500000,0.359786,,,,,,,,,,,,
1781085121304864288,2026-06-10T16:52:01.304895,ground_truth,-0.071019,-0.733000,-0.060579,True,,,,,,,,,-0.008075,-0.500000,0.359786,,,,,,,,,,,,
1781085121353972553,2026-06-10T16:52:01.354000,ground_truth,-0.069244,-0.727000,-0.058889,True,,,,,,,,,-0.009821,-0.500000,0.360853,,,,,,,,,,,,
1781085121407237585,2026-06-10T16:52:01.407270,ground_truth,-0.069149,-0.726000,-0.058808,True,,,,,,,,,-0.008945,-0.500000,0.359898,,,,,,,,,,,,
1781085121486573369,2026-06-10T16:52:01.486614,ground_truth,-0.069244,-0.727000,-0.060084,True,,,,,,,,,-0.006297,-0.500000,0.357671,,,,,,,,,,,,
1781085121542200941,2026-06-10T16:52:01.542235,ground_truth,-0.068959,-0.724000,-0.061025,True,,,,,,,,,-0.002842,-0.500000,0.354741,,,,,,,,,,,,
1781085121615156756,2026-06-10T16:52:01.615183,ground_truth,-0.069565,-0.718000,-0.060519,True,,,,,,,,,0.000161,-0.500000,0.353141,,,,,,,,,,,,
1781085121714546174,2026-06-10T16:52:01.714576,ground_truth,-0.070743,-0.718000,-0.062879,True,,,,,,,,,0.001657,-0.500000,0.352344,,,,,,,,,,,,
1781085121806144429,2026-06-10T16:52:01.806180,ground_truth,-0.071334,-0.724000,-0.063404,True,,,,,,,,,-0.001589,-0.500000,0.353264,,,,,,,,,,,,
1781085121897345098,2026-06-10T16:52:01.897373,ground_truth,-0.070922,-0.732000,-0.064105,True,,,,,,,,,-0.001589,-0.500000,0.353264,,,,,,,,,,,,
1781085122005884605,2026-06-10T16:52:02.005917,ground_truth,-0.069625,-0.731000,-0.064017,True,,,,,,,,,-0.001589,-0.500000,0.353264,,,,,,,,,,,,
1781085122097994184,2026-06-10T16:52:02.098056,ground_truth,-0.069911,-0.734000,-0.064280,True,,,,,,,,,-0.008723,-0.500000,0.361084,,,,,,,,,,,,
1781085122195995584,2026-06-10T16:52:02.196033,ground_truth,-0.068894,-0.736000,-0.064455,True,,,,,,,,,-0.011683,-0.500000,0.364093,,,,,,,,,,,,
1781085122267507475,2026-06-10T16:52:02.267551,ground_truth,-0.068894,-0.736000,-0.065664,True,,,,,,,,,-0.015073,-0.500000,0.366345,,,,,,,,,,,,
1781085122330225186,2026-06-10T16:52:02.330257,ground_truth,-0.069175,-0.739000,-0.065932,True,,,,,,,,,-0.015073,-0.500000,0.366345,,,,,,,,,,,,
1781085122390472233,2026-06-10T16:52:02.390505,ground_truth,-0.069175,-0.739000,-0.067146,True,,,,,,,,,-0.019353,-0.500000,0.370677,,,,,,,,,,,,
1781085122461404776,2026-06-10T16:52:02.461440,ground_truth,-0.068894,-0.736000,-0.066873,True,,,,,,,,,-0.017680,-0.500000,0.368983,,,,,,,,,,,,
1781085122521969874,2026-06-10T16:52:02.522002,ground_truth,-0.068988,-0.737000,-0.066964,True,,,,,,,,,-0.019804,-0.500000,0.370222,,,,,,,,,,,,
1781085122619981383,2026-06-10T16:52:02.620005,ground_truth,-0.067687,-0.736000,-0.065664,True,,,,,,,,,-0.019804,-0.500000,0.370222,,,,,,,,,,,,
1781085122714718943,2026-06-10T16:52:02.714747,ground_truth,-0.068988,-0.737000,-0.066964,True,,,,,,,,,-0.026598,-0.500000,0.375277,,,,,,,,,,,,
1781085122808085698,2026-06-10T16:52:02.808125,ground_truth,-0.067779,-0.737000,-0.064543,True,,,,,,,,,-0.032451,-0.500000,0.380157,,,,,,,,,,,,
1781085122876353203,2026-06-10T16:52:02.876384,ground_truth,-0.066569,-0.737000,-0.062121,True,,,,,,,,,-0.037368,-0.500000,0.383512,,,,,,,,,,,,
1781085122955770226,2026-06-10T16:52:02.955802,ground_truth,-0.066931,-0.741000,-0.062458,True,,,,,,,,,-0.043926,-0.500000,0.387481,,,,,,,,,,,,
1781085123026521858,2026-06-10T16:52:03.026555,ground_truth,-0.066750,-0.739000,-0.062289,True,,,,,,,,,-0.057060,-0.500000,0.394152,,,,,,,,,,,,
1781085123121132049,2026-06-10T16:52:03.121170,ground_truth,-0.066479,-0.736000,-0.062037,True,,,,,,,,,-0.063735,-0.500000,0.397233,,,,,,,,,,,,
1781085123217792382,2026-06-10T16:52:03.217831,ground_truth,-0.065006,-0.733000,-0.061784,True,,,,,,,,,-0.059511,-0.500000,0.391039,,,,,,,,,,,,
1781085123280186327,2026-06-10T16:52:03.280219,ground_truth,-0.065006,-0.733000,-0.061784,True,,,,,,,,,-0.056733,-0.500000,0.388707,,,,,,,,,,,,
1781085123327276459,2026-06-10T16:52:03.327307,ground_truth,-0.065360,-0.737000,-0.063332,True,,,,,,,,,-0.056733,-0.500000,0.388707,,,,,,,,,,,,
1781085123375525888,2026-06-10T16:52:03.375558,ground_truth,-0.062429,-0.731000,-0.060414,True,,,,,,,,,-0.056733,-0.500000,0.388707,,,,,,,,,,,,
1781085123436250555,2026-06-10T16:52:03.436348,ground_truth,-0.062600,-0.733000,-0.061784,True,,,,,,,,,-0.047016,-0.500000,0.381314,,,,,,,,,,,,
1781085123500706593,2026-06-10T16:52:03.500739,ground_truth,-0.062857,-0.736000,-0.062037,True,,,,,,,,,-0.047016,-0.500000,0.381314,,,,,,,,,,,,
1781085123591106065,2026-06-10T16:52:03.591134,ground_truth,-0.063716,-0.732000,-0.062902,True,,,,,,,,,-0.034857,-0.500000,0.372530,,,,,,,,,,,,
1781085123689838220,2026-06-10T16:52:03.689866,ground_truth,-0.063716,-0.732000,-0.065307,True,,,,,,,,,-0.022496,-0.500000,0.364033,,,,,,,,,,,,
1781085123798349044,2026-06-10T16:52:03.798383,ground_truth,-0.064828,-0.731000,-0.065218,True,,,,,,,,,-0.014611,-0.500000,0.358232,,,,,,,,,,,,
1781085123856843621,2026-06-10T16:52:03.856874,ground_truth,-0.063629,-0.731000,-0.065218,True,,,,,,,,,-0.008598,-0.500000,0.353790,,,,,,,,,,,,
1781085123907957484,2026-06-10T16:52:03.907993,ground_truth,-0.063803,-0.733000,-0.065397,True,,,,,,,,,-0.008598,-0.500000,0.353790,,,,,,,,,,,,
1781085124000894393,2026-06-10T16:52:04.000916,ground_truth,-0.063716,-0.732000,-0.065307,True,,,,,,,,,-0.002719,-0.500000,0.349440,,,,,,,,,,,,
1781085124048458607,2026-06-10T16:52:04.048491,ground_truth,-0.065183,-0.735000,-0.066783,True,,,,,,,,,-0.002719,-0.500000,0.349440,,,,,,,,,,,,
1781085124139774690,2026-06-10T16:52:04.139804,ground_truth,-0.063803,-0.733000,-0.065397,True,,,,,,,,,-0.005623,-0.500000,0.351868,,,,,,,,,,,,
1781085124244671670,2026-06-10T16:52:04.244705,ground_truth,-0.063542,-0.730000,-0.065129,True,,,,,,,,,-0.008130,-0.500000,0.353926,,,,,,,,,,,,
1781085124319741086,2026-06-10T16:52:04.319781,ground_truth,-0.062600,-0.733000,-0.065397,True,,,,,,,,,-0.014531,-0.500000,0.357284,,,,,,,,,,,,
1781085124372535095,2026-06-10T16:52:04.372575,ground_truth,-0.063803,-0.733000,-0.065397,True,,,,,,,,,-0.014531,-0.500000,0.357284,,,,,,,,,,,,
1781085124424247276,2026-06-10T16:52:04.424286,ground_truth,-0.063977,-0.735000,-0.066783,True,,,,,,,,,-0.014531,-0.500000,0.357284,,,,,,,,,,,,
1781085124496428478,2026-06-10T16:52:04.496466,ground_truth,-0.063977,-0.735000,-0.066783,True,,,,,,,,,-0.014531,-0.500000,0.357284,,,,,,,,,,,,
1781085124554042255,2026-06-10T16:52:04.554070,ground_truth,-0.063629,-0.731000,-0.065218,True,,,,,,,,,-0.011687,-0.500000,0.355332,,,,,,,,,,,,
1781085124614124369,2026-06-10T16:52:04.614158,ground_truth,-0.062515,-0.732000,-0.065307,True,,,,,,,,,-0.010625,-0.500000,0.354367,,,,,,,,,,,,
1781085124727693912,2026-06-10T16:52:04.727728,ground_truth,-0.062344,-0.730000,-0.065129,True,,,,,,,,,-0.006965,-0.500000,0.351874,,,,,,,,,,,,
1781085124792671291,2026-06-10T16:52:04.792698,ground_truth,-0.063803,-0.733000,-0.065397,True,,,,,,,,,-0.007205,-0.500000,0.352024,,,,,,,,,,,,
1781085124870257032,2026-06-10T16:52:04.870292,ground_truth,-0.062600,-0.733000,-0.065397,True,,,,,,,,,-0.007205,-0.500000,0.352024,,,,,,,,,,,,
1781085124940844256,2026-06-10T16:52:04.940880,ground_truth,-0.062429,-0.731000,-0.065218,True,,,,,,,,,-0.007205,-0.500000,0.352024,,,,,,,,,,,,
1781085125052461742,2026-06-10T16:52:05.052496,ground_truth,-0.062344,-0.730000,-0.065129,True,,,,,,,,,-0.007205,-0.500000,0.352024,,,,,,,,,,,,
1781085125104210764,2026-06-10T16:52:05.104239,ground_truth,-0.062429,-0.731000,-0.065218,True,,,,,,,,,-0.007205,-0.500000,0.352024,,,,,,,,,,,,
1781085125181926416,2026-06-10T16:52:05.181992,ground_truth,-0.062429,-0.731000,-0.065218,True,,,,,,,,,-0.007205,-0.500000,0.352024,,,,,,,,,,,,
1781085125247781028,2026-06-10T16:52:05.247816,ground_truth,-0.062600,-0.733000,-0.065397,True,,,,,,,,,-0.007205,-0.500000,0.352024,,,,,,,,,,,,
1781085125311945025,2026-06-10T16:52:05.311976,ground_truth,-0.062515,-0.732000,-0.065307,True,,,,,,,,,-0.007205,-0.500000,0.352024,,,,,,,,,,,,
1781085125366217222,2026-06-10T16:52:05.366246,ground_truth,-0.062344,-0.730000,-0.065129,True,,,,,,,,,-0.007205,-0.500000,0.352024,,,,,,,,,,,,
1781085125419019804,2026-06-10T16:52:05.419069,ground_truth,-0.062344,-0.730000,-0.065129,True,,,,,,,,,-0.007205,-0.500000,0.352024,,,,,,,,,,,,
1781085125501672587,2026-06-10T16:52:05.501706,ground_truth,-0.062344,-0.730000,-0.065129,True,,,,,,,,,-0.007205,-0.500000,0.352024,,,,,,,,,,,,
1781085125558301095,2026-06-10T16:52:05.558363,ground_truth,-0.061314,-0.732000,-0.065307,True,,,,,,,,,-0.007205,-0.500000,0.352024,,,,,,,,,,,,
1781085125615694309,2026-06-10T16:52:05.615734,ground_truth,-0.061230,-0.731000,-0.065218,True,,,,,,,,,-0.007205,-0.500000,0.352024,,,,,,,,,,,,
1781085125698676769,2026-06-10T16:52:05.698707,ground_truth,-0.061146,-0.730000,-0.063930,True,,,,,,,,,-0.007205,-0.500000,0.352024,,,,,,,,,,,,
1781085125754862047,2026-06-10T16:52:05.754892,ground_truth,-0.061146,-0.730000,-0.063930,True,,,,,,,,,-0.007205,-0.500000,0.352024,,,,,,,,,,,,
1781085125817442446,2026-06-10T16:52:05.817478,ground_truth,-0.062686,-0.734000,-0.065486,True,,,,,,,,,-0.007205,-0.500000,0.352024,,,,,,,,,,,,
1781085125868285412,2026-06-10T16:52:05.868331,ground_truth,-0.063803,-0.733000,-0.066601,True,,,,,,,,,-0.007205,-0.500000,0.352024,,,,,,,,,,,,
1781085125940832584,2026-06-10T16:52:05.940893,ground_truth,-0.063542,-0.730000,-0.066328,True,,,,,,,,,-0.007205,-0.500000,0.352024,,,,,,,,,,,,
1781085125998877703,2026-06-10T16:52:05.998919,ground_truth,-0.062429,-0.731000,-0.066419,True,,,,,,,,,-0.007205,-0.500000,0.352024,,,,,,,,,,,,
1781085126060251033,2026-06-10T16:52:06.060273,ground_truth,-0.063629,-0.731000,-0.066419,True,,,,,,,,,-0.007205,-0.500000,0.352024,,,,,,,,,,,,
1781085126128985345,2026-06-10T16:52:06.129016,ground_truth,-0.063716,-0.732000,-0.066510,True,,,,,,,,,-0.007205,-0.500000,0.352024,,,,,,,,,,,,
1781085126190953658,2026-06-10T16:52:06.190997,ground_truth,-0.063629,-0.731000,-0.066419,True,,,,,,,,,-0.007205,-0.500000,0.352024,,,,,,,,,,,,
1781085126256646276,2026-06-10T16:52:06.256675,ground_truth,-0.062429,-0.731000,-0.066419,True,,,,,,,,,-0.007205,-0.500000,0.352024,,,,,,,,,,,,
1781085126306775738,2026-06-10T16:52:06.306806,ground_truth,-0.062686,-0.734000,-0.066692,True,,,,,,,,,-0.007205,-0.500000,0.352024,,,,,,,,,,,,
1781085126353149867,2026-06-10T16:52:06.353177,ground_truth,-0.062686,-0.734000,-0.065486,True,,,,,,,,,-0.007205,-0.500000,0.352024,,,,,,,,,,,,
1781085126405741705,2026-06-10T16:52:06.405777,ground_truth,-0.062771,-0.735000,-0.065575,True,,,,,,,,,-0.007205,-0.500000,0.352024,,,,,,,,,,,,
1781085126474827404,2026-06-10T16:52:06.474860,ground_truth,-0.061230,-0.731000,-0.065218,True,,,,,,,,,-0.007205,-0.500000,0.352024,,,,,,,,,,,,
1781085126528343324,2026-06-10T16:52:06.528373,ground_truth,-0.062600,-0.733000,-0.066601,True,,,,,,,,,-0.007205,-0.500000,0.352024,,,,,,,,,,,,
1781085126585455284,2026-06-10T16:52:06.585483,ground_truth,-0.063890,-0.734000,-0.066692,True,,,,,,,,,-0.007205,-0.500000,0.352024,,,,,,,,,,,,
1781085126654183359,2026-06-10T16:52:06.654215,ground_truth,-0.062857,-0.736000,-0.065664,True,,,,,,,,,-0.007205,-0.500000,0.352024,,,,,,,,,,,,
1781085126744208235,2026-06-10T16:52:06.744239,ground_truth,-0.062600,-0.733000,-0.065397,True,,,,,,,,,-0.007205,-0.500000,0.352024,,,,,,,,,,,,
1781085126810369026,2026-06-10T16:52:06.810401,ground_truth,-0.062857,-0.736000,-0.065664,True,,,,,,,,,-0.007205,-0.500000,0.352024,,,,,,,,,,,,
1781085126904420020,2026-06-10T16:52:06.904451,ground_truth,-0.063284,-0.741000,-0.066110,True,,,,,,,,,-0.007205,-0.500000,0.352024,,,,,,,,,,,,
1781085126993302867,2026-06-10T16:52:06.993361,ground_truth,-0.063198,-0.740000,-0.066021,True,,,,,,,,,-0.007205,-0.500000,0.352024,,,,,,,,,,,,
1781085127065709476,2026-06-10T16:52:07.065741,ground_truth,-0.063113,-0.739000,-0.065932,True,,,,,,,,,-0.007205,-0.500000,0.352024,,,,,,,,,,,,
1781085127122368400,2026-06-10T16:52:07.122405,ground_truth,-0.063284,-0.741000,-0.066110,True,,,,,,,,,-0.007205,-0.500000,0.352024,,,,,,,,,,,,
1781085127177840409,2026-06-10T16:52:07.177874,ground_truth,-0.062942,-0.737000,-0.065753,True,,,,,,,,,-0.007205,-0.500000,0.352024,,,,,,,,,,,,
1781085127241495482,2026-06-10T16:52:07.241523,ground_truth,-0.062942,-0.737000,-0.065753,True,,,,,,,,,-0.007205,-0.500000,0.352024,,,,,,,,,,,,
1781085127341607203,2026-06-10T16:52:07.341654,ground_truth,-0.063027,-0.738000,-0.065843,True,,,,,,,,,-0.007205,-0.500000,0.352024,,,,,,,,,,,,
1781085127394833194,2026-06-10T16:52:07.394867,ground_truth,-0.063113,-0.739000,-0.065932,True,,,,,,,,,-0.007205,-0.500000,0.352024,,,,,,,,,,,,
1781085127510106670,2026-06-10T16:52:07.510140,ground_truth,-0.064325,-0.739000,-0.065932,True,,,,,,,,,-0.007205,-0.500000,0.352024,,,,,,,,,,,,
1781085127594522159,2026-06-10T16:52:07.594553,ground_truth,-0.064325,-0.739000,-0.065932,True,,,,,,,,,-0.007205,-0.500000,0.352024,,,,,,,,,,,,
1781085127703723699,2026-06-10T16:52:07.703770,ground_truth,-0.064325,-0.739000,-0.067146,True,,,,,,,,,-0.009849,-0.500000,0.354052,,,,,,,,,,,,
1781085127797434221,2026-06-10T16:52:07.797458,ground_truth,-0.065538,-0.739000,-0.067146,True,,,,,,,,,-0.011499,-0.500000,0.355138,,,,,,,,,,,,
1781085127889451399,2026-06-10T16:52:07.889499,ground_truth,-0.065715,-0.741000,-0.067328,True,,,,,,,,,-0.014363,-0.500000,0.356894,,,,,,,,,,,,
1781085127966907396,2026-06-10T16:52:07.966937,ground_truth,-0.065715,-0.741000,-0.067328,True,,,,,,,,,-0.014363,-0.500000,0.356894,,,,,,,,,,,,
1781085128021801535,2026-06-10T16:52:08.021836,ground_truth,-0.064325,-0.739000,-0.067146,True,,,,,,,,,-0.014363,-0.500000,0.356894,,,,,,,,,,,,
1781085128066980002,2026-06-10T16:52:08.067014,ground_truth,-0.064499,-0.741000,-0.067328,True,,,,,,,,,-0.014363,-0.500000,0.356894,,,,,,,,,,,,
1781085128122155148,2026-06-10T16:52:08.122188,ground_truth,-0.064325,-0.739000,-0.067146,True,,,,,,,,,-0.014363,-0.500000,0.356894,,,,,,,,,,,,
1781085128182100291,2026-06-10T16:52:08.182144,ground_truth,-0.064064,-0.736000,-0.066873,True,,,,,,,,,-0.015064,-0.500000,0.354284,,,,,,,,,,,,
1781085128256009734,2026-06-10T16:52:08.256044,ground_truth,-0.063977,-0.735000,-0.066783,True,,,,,,,,,-0.012946,-0.500000,0.351870,,,,,,,,,,,,
1781085128324087814,2026-06-10T16:52:08.324113,ground_truth,-0.064499,-0.741000,-0.067328,True,,,,,,,,,-0.008795,-0.500000,0.350297,,,,,,,,,,,,
1781085128374279514,2026-06-10T16:52:08.374313,ground_truth,-0.064412,-0.740000,-0.067237,True,,,,,,,,,-0.006295,-0.500000,0.350409,,,,,,,,,,,,
1781085128456462655,2026-06-10T16:52:08.456500,ground_truth,-0.064499,-0.741000,-0.067328,True,,,,,,,,,-0.007704,-0.500000,0.350369,,,,,,,,,,,,
1781085128511014673,2026-06-10T16:52:08.511041,ground_truth,-0.064151,-0.737000,-0.068175,True,,,,,,,,,-0.007704,-0.500000,0.350369,,,,,,,,,,,,
1781085128561619291,2026-06-10T16:52:08.561661,ground_truth,-0.062942,-0.737000,-0.065753,True,,,,,,,,,-0.007704,-0.500000,0.350369,,,,,,,,,,,,
1781085128637104238,2026-06-10T16:52:08.637134,ground_truth,-0.062942,-0.737000,-0.065753,True,,,,,,,,,-0.007704,-0.500000,0.350369,,,,,,,,,,,,
1781085128687483477,2026-06-10T16:52:08.687521,ground_truth,-0.062942,-0.737000,-0.065753,True,,,,,,,,,-0.007704,-0.500000,0.350369,,,,,,,,,,,,
1781085128744953658,2026-06-10T16:52:08.744988,ground_truth,-0.064238,-0.738000,-0.065843,True,,,,,,,,,-0.007704,-0.500000,0.350369,,,,,,,,,,,,
1781085128805455253,2026-06-10T16:52:08.805497,ground_truth,-0.064238,-0.738000,-0.067055,True,,,,,,,,,-0.007704,-0.500000,0.350369,,,,,,,,,,,,
1781085128861766827,2026-06-10T16:52:08.861798,ground_truth,-0.064238,-0.738000,-0.067055,True,,,,,,,,,-0.007704,-0.500000,0.350369,,,,,,,,,,,,
1781085128910177654,2026-06-10T16:52:08.910215,ground_truth,-0.063027,-0.738000,-0.065843,True,,,,,,,,,-0.007704,-0.500000,0.350369,,,,,,,,,,,,
1781085129008563510,2026-06-10T16:52:09.008588,ground_truth,-0.062942,-0.737000,-0.065753,True,,,,,,,,,-0.007704,-0.500000,0.350369,,,,,,,,,,,,
1781085129066670606,2026-06-10T16:52:09.066703,ground_truth,-0.062942,-0.737000,-0.066964,True,,,,,,,,,-0.007704,-0.500000,0.350369,,,,,,,,,,,,
1781085129116611893,2026-06-10T16:52:09.116641,ground_truth,-0.063198,-0.740000,-0.067237,True,,,,,,,,,-0.007704,-0.500000,0.350369,,,,,,,,,,,,
1781085129173938329,2026-06-10T16:52:09.173966,ground_truth,-0.063027,-0.738000,-0.065843,True,,,,,,,,,-0.007704,-0.500000,0.350369,,,,,,,,,,,,
1781085129256076658,2026-06-10T16:52:09.256109,ground_truth,-0.062942,-0.737000,-0.065753,True,,,,,,,,,-0.007704,-0.500000,0.350369,,,,,,,,,,,,
1781085129328761949,2026-06-10T16:52:09.328789,ground_truth,-0.062942,-0.737000,-0.065753,True,,,,,,,,,-0.007704,-0.500000,0.350369,,,,,,,,,,,,
1781085129377042328,2026-06-10T16:52:09.377087,ground_truth,-0.062942,-0.737000,-0.064543,True,,,,,,,,,-0.007704,-0.500000,0.350369,,,,,,,,,,,,
1781085129466576951,2026-06-10T16:52:09.466605,ground_truth,-0.062942,-0.737000,-0.064543,True,,,,,,,,,-0.007704,-0.500000,0.350369,,,,,,,,,,,,
1781085129522859383,2026-06-10T16:52:09.522892,ground_truth,-0.062771,-0.735000,-0.064367,True,,,,,,,,,-0.007704,-0.500000,0.350369,,,,,,,,,,,,
1781085129590473594,2026-06-10T16:52:09.590507,ground_truth,-0.062942,-0.737000,-0.064543,True,,,,,,,,,-0.007704,-0.500000,0.350369,,,,,,,,,,,,
1781085129670652327,2026-06-10T16:52:09.670675,ground_truth,-0.063113,-0.739000,-0.064718,True,,,,,,,,,-0.007704,-0.500000,0.350369,,,,,,,,,,,,
1781085129747237599,2026-06-10T16:52:09.747262,ground_truth,-0.062857,-0.736000,-0.064455,True,,,,,,,,,-0.007704,-0.500000,0.350369,,,,,,,,,,,,
1781085129806908365,2026-06-10T16:52:09.806938,ground_truth,-0.063027,-0.738000,-0.064630,True,,,,,,,,,-0.007704,-0.500000,0.350369,,,,,,,,,,,,
1781085129864645453,2026-06-10T16:52:09.864677,ground_truth,-0.062942,-0.737000,-0.064543,True,,,,,,,,,-0.007704,-0.500000,0.350369,,,,,,,,,,,,
1781085129922922066,2026-06-10T16:52:09.922957,ground_truth,-0.064412,-0.740000,-0.066021,True,,,,,,,,,-0.007704,-0.500000,0.350369,,,,,,,,,,,,
1781085129997659625,2026-06-10T16:52:09.997686,ground_truth,-0.064151,-0.737000,-0.065753,True,,,,,,,,,-0.007704,-0.500000,0.350369,,,,,,,,,,,,
1781085130052395330,2026-06-10T16:52:10.052427,ground_truth,-0.064151,-0.737000,-0.065753,True,,,,,,,,,-0.007704,-0.500000,0.350369,,,,,,,,,,,,
1781085130112423279,2026-06-10T16:52:10.112454,ground_truth,-0.064238,-0.738000,-0.065843,True,,,,,,,,,-0.007704,-0.500000,0.350369,,,,,,,,,,,,
1781085130167850280,2026-06-10T16:52:10.167881,ground_truth,-0.064325,-0.739000,-0.065932,True,,,,,,,,,-0.007704,-0.500000,0.350369,,,,,,,,,,,,
1781085130232004662,2026-06-10T16:52:10.232037,ground_truth,-0.064325,-0.739000,-0.065932,True,,,,,,,,,-0.007704,-0.500000,0.350369,,,,,,,,,,,,
1781085130320270520,2026-06-10T16:52:10.320293,ground_truth,-0.064064,-0.736000,-0.065664,True,,,,,,,,,-0.007704,-0.500000,0.350369,,,,,,,,,,,,
1781085130372523298,2026-06-10T16:52:10.372552,ground_truth,-0.062942,-0.737000,-0.065753,True,,,,,,,,,-0.007704,-0.500000,0.350369,,,,,,,,,,,,
1781085130441986991,2026-06-10T16:52:10.442014,ground_truth,-0.063113,-0.739000,-0.065932,True,,,,,,,,,-0.007704,-0.500000,0.350369,,,,,,,,,,,,
1781085130503232284,2026-06-10T16:52:10.503278,ground_truth,-0.062942,-0.737000,-0.065753,True,,,,,,,,,-0.007704,-0.500000,0.350369,,,,,,,,,,,,
1781085130557115903,2026-06-10T16:52:10.557148,ground_truth,-0.062942,-0.737000,-0.065753,True,,,,,,,,,-0.007704,-0.500000,0.350369,,,,,,,,,,,,
1781085130609832520,2026-06-10T16:52:10.609875,ground_truth,-0.061733,-0.737000,-0.065753,True,,,,,,,,,-0.007704,-0.500000,0.350369,,,,,,,,,,,,
1781085130670128943,2026-06-10T16:52:10.670160,ground_truth,-0.061733,-0.737000,-0.064543,True,,,,,,,,,-0.007704,-0.500000,0.350369,,,,,,,,,,,,
1781085130771594872,2026-06-10T16:52:10.771621,ground_truth,-0.061733,-0.737000,-0.064543,True,,,,,,,,,-0.007704,-0.500000,0.350369,,,,,,,,,,,,
1781085130834975224,2026-06-10T16:52:10.835006,ground_truth,-0.061816,-0.738000,-0.067055,True,,,,,,,,,-0.007704,-0.500000,0.350369,,,,,,,,,,,,
1781085130883995929,2026-06-10T16:52:10.884025,ground_truth,-0.061984,-0.740000,-0.067237,True,,,,,,,,,-0.007704,-0.500000,0.350369,,,,,,,,,,,,
1781085130942663158,2026-06-10T16:52:10.942709,ground_truth,-0.063027,-0.738000,-0.069480,True,,,,,,,,,-0.007704,-0.500000,0.350369,,,,,,,,,,,,
1781085131001857395,2026-06-10T16:52:11.001889,ground_truth,-0.063454,-0.743000,-0.069951,True,,,,,,,,,-0.007704,-0.500000,0.350369,,,,,,,,,,,,
1781085131051551200,2026-06-10T16:52:11.051582,ground_truth,-0.062942,-0.737000,-0.069386,True,,,,,,,,,-0.007704,-0.500000,0.350369,,,,,,,,,,,,
1781085131097305044,2026-06-10T16:52:11.097350,ground_truth,-0.061984,-0.740000,-0.068453,True,,,,,,,,,-0.007704,-0.500000,0.350369,,,,,,,,,,,,
1781085131140522224,2026-06-10T16:52:11.140549,ground_truth,-0.063027,-0.738000,-0.068268,True,,,,,,,,,-0.007704,-0.500000,0.350369,,,,,,,,,,,,
1781085131210567003,2026-06-10T16:52:11.210599,ground_truth,-0.063113,-0.739000,-0.068360,True,,,,,,,,,-0.007704,-0.500000,0.350369,,,,,,,,,,,,
1781085131262430352,2026-06-10T16:52:11.262461,ground_truth,-0.063198,-0.740000,-0.068453,True,,,,,,,,,-0.007704,-0.500000,0.350369,,,,,,,,,,,,
1781085131344288636,2026-06-10T16:52:11.344325,ground_truth,-0.063113,-0.739000,-0.068360,True,,,,,,,,,-0.007704,-0.500000,0.350369,,,,,,,,,,,,
1781085131389295220,2026-06-10T16:52:11.389342,ground_truth,-0.063027,-0.738000,-0.068268,True,,,,,,,,,-0.007704,-0.500000,0.350369,,,,,,,,,,,,
1781085131483824953,2026-06-10T16:52:11.483864,ground_truth,-0.062942,-0.737000,-0.068175,True,,,,,,,,,-0.007704,-0.500000,0.350369,,,,,,,,,,,,
1781085131551170102,2026-06-10T16:52:11.551203,ground_truth,-0.061900,-0.739000,-0.068360,True,,,,,,,,,-0.007704,-0.500000,0.350369,,,,,,,,,,,,
1781085131614072090,2026-06-10T16:52:11.614104,ground_truth,-0.061733,-0.737000,-0.068175,True,,,,,,,,,-0.007704,-0.500000,0.350369,,,,,,,,,,,,
1781085131670539782,2026-06-10T16:52:11.670573,ground_truth,-0.061649,-0.736000,-0.068083,True,,,,,,,,,-0.007704,-0.500000,0.350369,,,,,,,,,,,,
1781085131736544760,2026-06-10T16:52:11.736575,ground_truth,-0.060606,-0.738000,-0.067055,True,,,,,,,,,-0.007704,-0.500000,0.350369,,,,,,,,,,,,
1781085131806019410,2026-06-10T16:52:11.806050,ground_truth,-0.061649,-0.736000,-0.066873,True,,,,,,,,,-0.007704,-0.500000,0.350369,,,,,,,,,,,,
1781085131864628733,2026-06-10T16:52:11.864667,ground_truth,-0.061649,-0.736000,-0.066873,True,,,,,,,,,-0.007704,-0.500000,0.350369,,,,,,,,,,,,
1781085131925893108,2026-06-10T16:52:11.925927,ground_truth,-0.061900,-0.739000,-0.067146,True,,,,,,,,,-0.007704,-0.500000,0.350369,,,,,,,,,,,,
1781085132004283195,2026-06-10T16:52:12.004346,ground_truth,-0.061733,-0.737000,-0.068175,True,,,,,,,,,-0.007704,-0.500000,0.350369,,,,,,,,,,,,
1781085132057871297,2026-06-10T16:52:12.057903,ground_truth,-0.062942,-0.737000,-0.068175,True,,,,,,,,,-0.007704,-0.500000,0.350369,,,,,,,,,,,,
1781085132111347721,2026-06-10T16:52:12.111386,ground_truth,-0.063113,-0.739000,-0.068360,True,,,,,,,,,-0.007704,-0.500000,0.350369,,,,,,,,,,,,
1781085132185099411,2026-06-10T16:52:12.185141,ground_truth,-0.063198,-0.740000,-0.068453,True,,,,,,,,,-0.007704,-0.500000,0.350369,,,,,,,,,,,,
1781085132282950673,2026-06-10T16:52:12.282986,ground_truth,-0.062942,-0.737000,-0.069386,True,,,,,,,,,-0.007704,-0.500000,0.350369,,,,,,,,,,,,
1781085132341561060,2026-06-10T16:52:12.341591,ground_truth,-0.062942,-0.737000,-0.069386,True,,,,,,,,,-0.007704,-0.500000,0.350369,,,,,,,,,,,,
1781085132421219371,2026-06-10T16:52:12.421256,ground_truth,-0.063027,-0.738000,-0.068268,True,,,,,,,,,-0.007704,-0.500000,0.350369,,,,,,,,,,,,
1781085132498789633,2026-06-10T16:52:12.498820,ground_truth,-0.063454,-0.743000,-0.068730,True,,,,,,,,,-0.007704,-0.500000,0.350369,,,,,,,,,,,,
1781085132553684563,2026-06-10T16:52:12.553707,ground_truth,-0.063625,-0.745000,-0.068915,True,,,,,,,,,-0.007704,-0.500000,0.350369,,,,,,,,,,,,
1781085132612678939,2026-06-10T16:52:12.612714,ground_truth,-0.063454,-0.743000,-0.068730,True,,,,,,,,,-0.007704,-0.500000,0.350369,,,,,,,,,,,,
1781085132668598300,2026-06-10T16:52:12.668619,ground_truth,-0.061565,-0.735000,-0.067990,True,,,,,,,,,-0.007704,-0.500000,0.350369,,,,,,,,,,,,
1781085132742702868,2026-06-10T16:52:12.742739,ground_truth,-0.061733,-0.737000,-0.069386,True,,,,,,,,,-0.007704,-0.500000,0.350369,,,,,,,,,,,,
1781085132799893142,2026-06-10T16:52:12.799925,ground_truth,-0.063198,-0.740000,-0.069668,True,,,,,,,,,-0.007704,-0.500000,0.350369,,,,,,,,,,,,
1781085132882850367,2026-06-10T16:52:12.882883,ground_truth,-0.063113,-0.739000,-0.068360,True,,,,,,,,,-0.007704,-0.500000,0.350369,,,,,,,,,,,,
1781085132948161411,2026-06-10T16:52:12.948202,ground_truth,-0.061733,-0.737000,-0.068175,True,,,,,,,,,-0.007704,-0.500000,0.350369,,,,,,,,,,,,
1781085133004363480,2026-06-10T16:52:13.004393,ground_truth,-0.063027,-0.738000,-0.068268,True,,,,,,,,,-0.007704,-0.500000,0.350369,,,,,,,,,,,,
1781085133049430028,2026-06-10T16:52:13.049466,ground_truth,-0.063113,-0.739000,-0.068360,True,,,,,,,,,-0.007704,-0.500000,0.350369,,,,,,,,,,,,
1781085133104890088,2026-06-10T16:52:13.104930,ground_truth,-0.062942,-0.737000,-0.068175,True,,,,,,,,,-0.007704,-0.500000,0.350369,,,,,,,,,,,,
1781085133151307782,2026-06-10T16:52:13.151360,ground_truth,-0.062235,-0.743000,-0.068730,True,,,,,,,,,-0.007704,-0.500000,0.350369,,,,,,,,,,,,
1781085133229005614,2026-06-10T16:52:13.229039,ground_truth,-0.061900,-0.739000,-0.068360,True,,,,,,,,,-0.007704,-0.500000,0.350369,,,,,,,,,,,,
1781085133282124337,2026-06-10T16:52:13.282161,ground_truth,-0.063027,-0.738000,-0.068268,True,,,,,,,,,-0.007704,-0.500000,0.350369,,,,,,,,,,,,
1781085133337219706,2026-06-10T16:52:13.337251,ground_truth,-0.062942,-0.737000,-0.068175,True,,,,,,,,,-0.007704,-0.500000,0.350369,,,,,,,,,,,,
1781085133396240393,2026-06-10T16:52:13.396281,ground_truth,-0.063113,-0.739000,-0.068360,True,,,,,,,,,-0.007704,-0.500000,0.350369,,,,,,,,,,,,
1781085133465621713,2026-06-10T16:52:13.465654,ground_truth,-0.062857,-0.736000,-0.068083,True,,,,,,,,,-0.007704,-0.500000,0.350369,,,,,,,,,,,,
1781085133512514676,2026-06-10T16:52:13.512551,ground_truth,-0.062942,-0.737000,-0.068175,True,,,,,,,,,-0.007704,-0.500000,0.350369,,,,,,,,,,,,
1781085133555734146,2026-06-10T16:52:13.555763,ground_truth,-0.063113,-0.739000,-0.068360,True,,,,,,,,,-0.007704,-0.500000,0.350369,,,,,,,,,,,,
1781085133610463045,2026-06-10T16:52:13.610490,ground_truth,-0.063198,-0.740000,-0.068453,True,,,,,,,,,-0.007704,-0.500000,0.350369,,,,,,,,,,,,
1781085133659748314,2026-06-10T16:52:13.659772,ground_truth,-0.062942,-0.737000,-0.068175,True,,,,,,,,,-0.007704,-0.500000,0.350369,,,,,,,,,,,,
1781085133734554370,2026-06-10T16:52:13.734585,ground_truth,-0.061733,-0.737000,-0.068175,True,,,,,,,,,-0.007704,-0.500000,0.350369,,,,,,,,,,,,
1781085133776860735,2026-06-10T16:52:13.776894,ground_truth,-0.061481,-0.734000,-0.067898,True,,,,,,,,,-0.007704,-0.500000,0.350369,,,,,,,,,,,,
1781085133828339129,2026-06-10T16:52:13.828369,ground_truth,-0.061649,-0.736000,-0.069292,True,,,,,,,,,-0.007704,-0.500000,0.350369,,,,,,,,,,,,
1781085133903777238,2026-06-10T16:52:13.903808,ground_truth,-0.062942,-0.737000,-0.069386,True,,,,,,,,,-0.007704,-0.500000,0.350369,,,,,,,,,,,,
1781085133980886137,2026-06-10T16:52:13.980916,ground_truth,-0.063027,-0.738000,-0.069480,True,,,,,,,,,-0.007704,-0.500000,0.350369,,,,,,,,,,,,
1781085134041187075,2026-06-10T16:52:14.041222,ground_truth,-0.062771,-0.735000,-0.069198,True,,,,,,,,,-0.007704,-0.500000,0.350369,,,,,,,,,,,,
1781085134088403495,2026-06-10T16:52:14.088437,ground_truth,-0.062942,-0.737000,-0.068175,True,,,,,,,,,-0.007704,-0.500000,0.350369,,,,,,,,,,,,
1781085134136130942,2026-06-10T16:52:14.136163,ground_truth,-0.062942,-0.737000,-0.069386,True,,,,,,,,,-0.007704,-0.500000,0.350369,,,,,,,,,,,,
1781085134200332501,2026-06-10T16:52:14.200360,ground_truth,-0.061900,-0.739000,-0.068360,True,,,,,,,,,-0.007704,-0.500000,0.350369,,,,,,,,,,,,
1781085134249894192,2026-06-10T16:52:14.249918,ground_truth,-0.061481,-0.734000,-0.067898,True,,,,,,,,,-0.007704,-0.500000,0.350369,,,,,,,,,,,,
1781085134302962093,2026-06-10T16:52:14.302995,ground_truth,-0.061481,-0.734000,-0.067898,True,,,,,,,,,-0.007704,-0.500000,0.350369,,,,,,,,,,,,
1781085134357275539,2026-06-10T16:52:14.357307,ground_truth,-0.062857,-0.736000,-0.070501,True,,,,,,,,,-0.007704,-0.500000,0.350369,,,,,,,,,,,,
1781085134424339133,2026-06-10T16:52:14.424376,ground_truth,-0.063027,-0.738000,-0.070693,True,,,,,,,,,-0.007704,-0.500000,0.350369,,,,,,,,,,,,
1781085134477940062,2026-06-10T16:52:14.477980,ground_truth,-0.062942,-0.737000,-0.070597,True,,,,,,,,,-0.007704,-0.500000,0.350369,,,,,,,,,,,,
1781085134526619052,2026-06-10T16:52:14.526654,ground_truth,-0.061816,-0.738000,-0.069480,True,,,,,,,,,-0.007704,-0.500000,0.350369,,,,,,,,,,,,
1781085134582967448,2026-06-10T16:52:14.582995,ground_truth,-0.061733,-0.737000,-0.069386,True,,,,,,,,,-0.007704,-0.500000,0.350369,,,,,,,,,,,,
1781085134636388957,2026-06-10T16:52:14.636419,ground_truth,-0.060524,-0.737000,-0.069386,True,,,,,,,,,-0.007704,-0.500000,0.350369,,,,,,,,,,,,
1781085134730242745,2026-06-10T16:52:14.730275,ground_truth,-0.061816,-0.738000,-0.069480,True,,,,,,,,,-0.007704,-0.500000,0.350369,,,,,,,,,,,,
1781085134784973324,2026-06-10T16:52:14.785004,ground_truth,-0.061816,-0.738000,-0.069480,True,,,,,,,,,-0.007704,-0.500000,0.350369,,,,,,,,,,,,
1781085134838485477,2026-06-10T16:52:14.838517,ground_truth,-0.061733,-0.737000,-0.069386,True,,,,,,,,,-0.007704,-0.500000,0.350369,,,,,,,,,,,,
1781085134886930709,2026-06-10T16:52:14.886965,ground_truth,-0.061733,-0.737000,-0.069386,True,,,,,,,,,-0.007704,-0.500000,0.350369,,,,,,,,,,,,
1781085134950810768,2026-06-10T16:52:14.950841,ground_truth,-0.061733,-0.737000,-0.069386,True,,,,,,,,,-0.007704,-0.500000,0.350369,,,,,,,,,,,,
1781085135012228862,2026-06-10T16:52:15.012264,ground_truth,-0.061649,-0.736000,-0.069292,True,,,,,,,,,-0.007704,-0.500000,0.350369,,,,,,,,,,,,
1781085135085099622,2026-06-10T16:52:15.085135,ground_truth,-0.061565,-0.735000,-0.069198,True,,,,,,,,,-0.007704,-0.500000,0.350369,,,,,,,,,,,,
1781085135152794369,2026-06-10T16:52:15.152841,ground_truth,-0.061900,-0.739000,-0.069574,True,,,,,,,,,-0.007704,-0.500000,0.350369,,,,,,,,,,,,
1781085135224708747,2026-06-10T16:52:15.224745,ground_truth,-0.062942,-0.737000,-0.069386,True,,,,,,,,,-0.007704,-0.500000,0.350369,,,,,,,,,,,,
1781085135283355364,2026-06-10T16:52:15.283388,ground_truth,-0.062942,-0.737000,-0.069386,True,,,,,,,,,-0.007704,-0.500000,0.350369,,,,,,,,,,,,
1781085135349446854,2026-06-10T16:52:15.349481,ground_truth,-0.063198,-0.740000,-0.070884,True,,,,,,,,,-0.007704,-0.500000,0.350369,,,,,,,,,,,,
1781085135409409571,2026-06-10T16:52:15.409441,ground_truth,-0.063027,-0.738000,-0.070693,True,,,,,,,,,-0.007704,-0.500000,0.350369,,,,,,,,,,,,
1781085135479473912,2026-06-10T16:52:15.479512,ground_truth,-0.062942,-0.737000,-0.070597,True,,,,,,,,,-0.007704,-0.500000,0.350369,,,,,,,,,,,,
1781085135526737540,2026-06-10T16:52:15.526765,ground_truth,-0.062857,-0.736000,-0.070501,True,,,,,,,,,-0.007704,-0.500000,0.350369,,,,,,,,,,,,
1781085135582346352,2026-06-10T16:52:15.582382,ground_truth,-0.062942,-0.737000,-0.070597,True,,,,,,,,,-0.007704,-0.500000,0.350369,,,,,,,,,,,,
1781085135638641568,2026-06-10T16:52:15.638672,ground_truth,-0.063027,-0.738000,-0.070693,True,,,,,,,,,-0.007704,-0.500000,0.350369,,,,,,,,,,,,
1781085135682039278,2026-06-10T16:52:15.682072,ground_truth,-0.063027,-0.738000,-0.070693,True,,,,,,,,,-0.007704,-0.500000,0.350369,,,,,,,,,,,,
1781085135752876242,2026-06-10T16:52:15.752907,ground_truth,-0.061649,-0.736000,-0.070501,True,,,,,,,,,-0.007704,-0.500000,0.350369,,,,,,,,,,,,
1781085135808096300,2026-06-10T16:52:15.808123,ground_truth,-0.061733,-0.737000,-0.070597,True,,,,,,,,,-0.007704,-0.500000,0.350369,,,,,,,,,,,,
1781085135857677002,2026-06-10T16:52:15.857703,ground_truth,-0.061649,-0.736000,-0.070501,True,,,,,,,,,-0.007704,-0.500000,0.350369,,,,,,,,,,,,
1781085135911805774,2026-06-10T16:52:15.911833,ground_truth,-0.061816,-0.738000,-0.070693,True,,,,,,,,,-0.007704,-0.500000,0.350369,,,,,,,,,,,,
1781085135975163520,2026-06-10T16:52:15.975201,ground_truth,-0.061565,-0.735000,-0.070405,True,,,,,,,,,-0.007704,-0.500000,0.350369,,,,,,,,,,,,
1781085136076995244,2026-06-10T16:52:16.077023,ground_truth,-0.061733,-0.737000,-0.070597,True,,,,,,,,,-0.007704,-0.500000,0.350369,,,,,,,,,,,,
1781085136176965428,2026-06-10T16:52:16.176997,ground_truth,-0.061733,-0.737000,-0.070597,True,,,,,,,,,-0.007704,-0.500000,0.350369,,,,,,,,,,,,
1781085136282588654,2026-06-10T16:52:16.282620,ground_truth,-0.061649,-0.736000,-0.070501,True,,,,,,,,,-0.007704,-0.500000,0.350369,,,,,,,,,,,,
1781085136378749916,2026-06-10T16:52:16.378784,ground_truth,-0.061649,-0.736000,-0.070501,True,,,,,,,,,-0.012173,-0.500000,0.353832,,,,,,,,,,,,
1781085136467143004,2026-06-10T16:52:16.467176,ground_truth,-0.061816,-0.738000,-0.070693,True,,,,,,,,,-0.012173,-0.500000,0.353832,,,,,,,,,,,,
1781085136558901054,2026-06-10T16:52:16.558934,ground_truth,-0.061733,-0.737000,-0.070597,True,,,,,,,,,-0.012099,-0.500000,0.353809,,,,,,,,,,,,
1781085136650204351,2026-06-10T16:52:16.650238,ground_truth,-0.061733,-0.737000,-0.070597,True,,,,,,,,,-0.016374,-0.500000,0.356402,,,,,,,,,,,,
1781085136750310363,2026-06-10T16:52:16.750345,ground_truth,-0.061900,-0.739000,-0.070788,True,,,,,,,,,-0.014929,-0.500000,0.353367,,,,,,,,,,,,
1781085136824065257,2026-06-10T16:52:16.824093,ground_truth,-0.061398,-0.733000,-0.069009,True,,,,,,,,,-0.014929,-0.500000,0.353367,,,,,,,,,,,,
1781085136871594418,2026-06-10T16:52:16.871615,ground_truth,-0.061733,-0.737000,-0.069386,True,,,,,,,,,-0.011689,-0.500000,0.349647,,,,,,,,,,,,
1781085136925128503,2026-06-10T16:52:16.925158,ground_truth,-0.061816,-0.738000,-0.069480,True,,,,,,,,,-0.011689,-0.500000,0.349647,,,,,,,,,,,,
1781085136984765804,2026-06-10T16:52:16.984797,ground_truth,-0.061398,-0.733000,-0.069009,True,,,,,,,,,-0.010437,-0.500000,0.349492,,,,,,,,,,,,
1781085137038246215,2026-06-10T16:52:17.038283,ground_truth,-0.061565,-0.735000,-0.069198,True,,,,,,,,,-0.009186,-0.500000,0.347587,,,,,,,,,,,,
1781085137107683919,2026-06-10T16:52:17.107717,ground_truth,-0.061733,-0.737000,-0.069386,True,,,,,,,,,-0.007958,-0.500000,0.346668,,,,,,,,,,,,
1781085137192587783,2026-06-10T16:52:17.192618,ground_truth,-0.061649,-0.736000,-0.070501,True,,,,,,,,,-0.008845,-0.500000,0.347332,,,,,,,,,,,,
1781085137270687691,2026-06-10T16:52:17.270720,ground_truth,-0.061733,-0.737000,-0.070597,True,,,,,,,,,-0.008845,-0.500000,0.347332,,,,,,,,,,,,
1781085137317953586,2026-06-10T16:52:17.317985,ground_truth,-0.061565,-0.735000,-0.070405,True,,,,,,,,,-0.008845,-0.500000,0.347332,,,,,,,,,,,,
1781085137372669765,2026-06-10T16:52:17.372701,ground_truth,-0.061816,-0.738000,-0.070693,True,,,,,,,,,-0.008845,-0.500000,0.347332,,,,,,,,,,,,
1781085137427550436,2026-06-10T16:52:17.427579,ground_truth,-0.061733,-0.737000,-0.070597,True,,,,,,,,,-0.008845,-0.500000,0.347332,,,,,,,,,,,,
1781085137487473213,2026-06-10T16:52:17.487500,ground_truth,-0.061733,-0.737000,-0.070597,True,,,,,,,,,-0.008845,-0.500000,0.347332,,,,,,,,,,,,
1781085137541154790,2026-06-10T16:52:17.541187,ground_truth,-0.061733,-0.737000,-0.070597,True,,,,,,,,,-0.008845,-0.500000,0.347332,,,,,,,,,,,,
1781085137597169658,2026-06-10T16:52:17.597215,ground_truth,-0.061398,-0.733000,-0.070214,True,,,,,,,,,-0.008845,-0.500000,0.347332,,,,,,,,,,,,
1781085137651353093,2026-06-10T16:52:17.651386,ground_truth,-0.061649,-0.736000,-0.070501,True,,,,,,,,,-0.008845,-0.500000,0.347332,,,,,,,,,,,,
1781085137721758890,2026-06-10T16:52:17.721797,ground_truth,-0.061733,-0.737000,-0.069386,True,,,,,,,,,-0.008845,-0.500000,0.347332,,,,,,,,,,,,
1781085137775250105,2026-06-10T16:52:17.775285,ground_truth,-0.061816,-0.738000,-0.069480,True,,,,,,,,,-0.008845,-0.500000,0.347332,,,,,,,,,,,,
1781085137831016883,2026-06-10T16:52:17.831036,ground_truth,-0.061733,-0.737000,-0.069386,True,,,,,,,,,-0.008845,-0.500000,0.347332,,,,,,,,,,,,
1781085137911429759,2026-06-10T16:52:17.911462,ground_truth,-0.061649,-0.736000,-0.069292,True,,,,,,,,,-0.008845,-0.500000,0.347332,,,,,,,,,,,,
1781085137994257229,2026-06-10T16:52:17.994287,ground_truth,-0.061733,-0.737000,-0.070597,True,,,,,,,,,-0.008845,-0.500000,0.347332,,,,,,,,,,,,
1781085138039473471,2026-06-10T16:52:18.039499,ground_truth,-0.061649,-0.736000,-0.069292,True,,,,,,,,,-0.008845,-0.500000,0.347332,,,,,,,,,,,,
1781085138088713835,2026-06-10T16:52:18.088740,ground_truth,-0.061481,-0.734000,-0.069104,True,,,,,,,,,-0.008845,-0.500000,0.347332,,,,,,,,,,,,
1781085138161239260,2026-06-10T16:52:18.161269,ground_truth,-0.061733,-0.737000,-0.071808,True,,,,,,,,,-0.008845,-0.500000,0.347332,,,,,,,,,,,,
1781085138231373858,2026-06-10T16:52:18.231409,ground_truth,-0.061649,-0.736000,-0.070501,True,,,,,,,,,-0.008845,-0.500000,0.347332,,,,,,,,,,,,
1781085138286642635,2026-06-10T16:52:18.286685,ground_truth,-0.061733,-0.737000,-0.070597,True,,,,,,,,,-0.008845,-0.500000,0.347332,,,,,,,,,,,,
1781085138340880898,2026-06-10T16:52:18.340920,ground_truth,-0.061649,-0.736000,-0.070501,True,,,,,,,,,-0.008845,-0.500000,0.347332,,,,,,,,,,,,
1781085138417889848,2026-06-10T16:52:18.417921,ground_truth,-0.061565,-0.735000,-0.070405,True,,,,,,,,,-0.008845,-0.500000,0.347332,,,,,,,,,,,,
1781085138499525417,2026-06-10T16:52:18.499554,ground_truth,-0.060277,-0.734000,-0.070309,True,,,,,,,,,-0.008845,-0.500000,0.347332,,,,,,,,,,,,
1781085138567552298,2026-06-10T16:52:18.567584,ground_truth,-0.060524,-0.737000,-0.070597,True,,,,,,,,,-0.008845,-0.500000,0.347332,,,,,,,,,,,,
1781085138629660683,2026-06-10T16:52:18.629691,ground_truth,-0.060359,-0.735000,-0.070405,True,,,,,,,,,-0.008845,-0.500000,0.347332,,,,,,,,,,,,
1781085138721768363,2026-06-10T16:52:18.721817,ground_truth,-0.061314,-0.732000,-0.070118,True,,,,,,,,,-0.008845,-0.500000,0.347332,,,,,,,,,,,,
1781085138780682371,2026-06-10T16:52:18.780714,ground_truth,-0.060113,-0.732000,-0.070118,True,,,,,,,,,-0.008845,-0.500000,0.347332,,,,,,,,,,,,
1781085138839193706,2026-06-10T16:52:18.839227,ground_truth,-0.061398,-0.733000,-0.070214,True,,,,,,,,,-0.008845,-0.500000,0.347332,,,,,,,,,,,,
1781085138895002547,2026-06-10T16:52:18.895035,ground_truth,-0.061733,-0.737000,-0.070597,True,,,,,,,,,-0.008845,-0.500000,0.347332,,,,,,,,,,,,
1781085138967234665,2026-06-10T16:52:18.967265,ground_truth,-0.061565,-0.735000,-0.070405,True,,,,,,,,,-0.008845,-0.500000,0.347332,,,,,,,,,,,,
1781085139018418280,2026-06-10T16:52:19.018454,ground_truth,-0.060277,-0.734000,-0.070309,True,,,,,,,,,-0.008845,-0.500000,0.347332,,,,,,,,,,,,
1781085139072097512,2026-06-10T16:52:19.072130,ground_truth,-0.061481,-0.734000,-0.070309,True,,,,,,,,,-0.008845,-0.500000,0.347332,,,,,,,,,,,,
1781085139129380917,2026-06-10T16:52:19.129409,ground_truth,-0.060441,-0.736000,-0.070501,True,,,,,,,,,-0.008845,-0.500000,0.347332,,,,,,,,,,,,
1781085139192212421,2026-06-10T16:52:19.192249,ground_truth,-0.061649,-0.736000,-0.071710,True,,,,,,,,,-0.008845,-0.500000,0.347332,,,,,,,,,,,,
1781085139258768903,2026-06-10T16:52:19.258806,ground_truth,-0.060359,-0.735000,-0.071613,True,,,,,,,,,-0.008845,-0.500000,0.347332,,,,,,,,,,,,
1781085139333143675,2026-06-10T16:52:19.333181,ground_truth,-0.060277,-0.734000,-0.071515,True,,,,,,,,,-0.008845,-0.500000,0.347332,,,,,,,,,,,,
1781085139405850053,2026-06-10T16:52:19.405886,ground_truth,-0.061649,-0.736000,-0.071710,True,,,,,,,,,-0.008845,-0.500000,0.347332,,,,,,,,,,,,
1781085139488406024,2026-06-10T16:52:19.488448,ground_truth,-0.061565,-0.735000,-0.071613,True,,,,,,,,,-0.008845,-0.500000,0.347332,,,,,,,,,,,,
1781085139541374122,2026-06-10T16:52:19.541404,ground_truth,-0.061649,-0.736000,-0.071710,True,,,,,,,,,-0.008845,-0.500000,0.347332,,,,,,,,,,,,
1781085139632729774,2026-06-10T16:52:19.632760,ground_truth,-0.061481,-0.734000,-0.071515,True,,,,,,,,,-0.008845,-0.500000,0.347332,,,,,,,,,,,,
1781085139739725640,2026-06-10T16:52:19.739773,ground_truth,-0.061565,-0.735000,-0.071613,True,,,,,,,,,-0.008845,-0.500000,0.347332,,,,,,,,,,,,
1781085139800737029,2026-06-10T16:52:19.800774,ground_truth,-0.061733,-0.737000,-0.070597,True,,,,,,,,,-0.008845,-0.500000,0.347332,,,,,,,,,,,,
1781085139855228234,2026-06-10T16:52:19.855257,ground_truth,-0.061649,-0.736000,-0.070501,True,,,,,,,,,-0.008845,-0.500000,0.347332,,,,,,,,,,,,
1781085139907387524,2026-06-10T16:52:19.907416,ground_truth,-0.061481,-0.734000,-0.071515,True,,,,,,,,,-0.008845,-0.500000,0.347332,,,,,,,,,,,,
1781085139976060634,2026-06-10T16:52:19.976088,ground_truth,-0.063027,-0.738000,-0.071905,True,,,,,,,,,-0.008845,-0.500000,0.347332,,,,,,,,,,,,
1781085140052587877,2026-06-10T16:52:20.052610,ground_truth,-0.062942,-0.737000,-0.071808,True,,,,,,,,,-0.008845,-0.500000,0.347332,,,,,,,,,,,,
1781085140106415418,2026-06-10T16:52:20.106448,ground_truth,-0.062771,-0.735000,-0.071613,True,,,,,,,,,-0.008845,-0.500000,0.347332,,,,,,,,,,,,
1781085140161931464,2026-06-10T16:52:20.161959,ground_truth,-0.062857,-0.736000,-0.071710,True,,,,,,,,,-0.008845,-0.500000,0.347332,,,,,,,,,,,,
1781085140242524809,2026-06-10T16:52:20.242559,ground_truth,-0.061649,-0.736000,-0.071710,True,,,,,,,,,-0.008845,-0.500000,0.347332,,,,,,,,,,,,
1781085140295008001,2026-06-10T16:52:20.295040,ground_truth,-0.061649,-0.736000,-0.070501,True,,,,,,,,,-0.008845,-0.500000,0.347332,,,,,,,,,,,,
1781085140349490300,2026-06-10T16:52:20.349527,ground_truth,-0.061649,-0.736000,-0.070501,True,,,,,,,,,-0.008845,-0.500000,0.347332,,,,,,,,,,,,
1781085140418826585,2026-06-10T16:52:20.418853,ground_truth,-0.061565,-0.735000,-0.070405,True,,,,,,,,,-0.008845,-0.500000,0.347332,,,,,,,,,,,,
1781085140495262652,2026-06-10T16:52:20.495303,ground_truth,-0.061314,-0.732000,-0.070118,True,,,,,,,,,-0.008845,-0.500000,0.347332,,,,,,,,,,,,
1781085140552305517,2026-06-10T16:52:20.552366,ground_truth,-0.061481,-0.734000,-0.070309,True,,,,,,,,,-0.008845,-0.500000,0.347332,,,,,,,,,,,,
1781085140627230214,2026-06-10T16:52:20.627265,ground_truth,-0.061398,-0.733000,-0.070214,True,,,,,,,,,-0.008845,-0.500000,0.347332,,,,,,,,,,,,
1781085140678759271,2026-06-10T16:52:20.678791,ground_truth,-0.062942,-0.737000,-0.070597,True,,,,,,,,,-0.008845,-0.500000,0.347332,,,,,,,,,,,,
1781085140748428555,2026-06-10T16:52:20.748467,ground_truth,-0.062942,-0.737000,-0.070597,True,,,,,,,,,-0.008845,-0.500000,0.347332,,,,,,,,,,,,
1781085140807525797,2026-06-10T16:52:20.807561,ground_truth,-0.063198,-0.740000,-0.070884,True,,,,,,,,,-0.008845,-0.500000,0.347332,,,,,,,,,,,,
1781085140858846472,2026-06-10T16:52:20.858880,ground_truth,-0.062771,-0.735000,-0.070405,True,,,,,,,,,-0.008845,-0.500000,0.347332,,,,,,,,,,,,
1781085140907591290,2026-06-10T16:52:20.907624,ground_truth,-0.063113,-0.739000,-0.070788,True,,,,,,,,,-0.008845,-0.500000,0.347332,,,,,,,,,,,,
1781085140993925395,2026-06-10T16:52:20.993957,ground_truth,-0.062771,-0.735000,-0.070405,True,,,,,,,,,-0.008845,-0.500000,0.347332,,,,,,,,,,,,
1781085141046853587,2026-06-10T16:52:21.046889,ground_truth,-0.061733,-0.737000,-0.070597,True,,,,,,,,,-0.008845,-0.500000,0.347332,,,,,,,,,,,,
1781085141095814606,2026-06-10T16:52:21.095848,ground_truth,-0.061565,-0.735000,-0.070405,True,,,,,,,,,-0.008845,-0.500000,0.347332,,,,,,,,,,,,
1781085141140938533,2026-06-10T16:52:21.140971,ground_truth,-0.060195,-0.733000,-0.070214,True,,,,,,,,,-0.008845,-0.500000,0.347332,,,,,,,,,,,,
1781085141211754497,2026-06-10T16:52:21.211786,ground_truth,-0.060359,-0.735000,-0.070405,True,,,,,,,,,-0.008845,-0.500000,0.347332,,,,,,,,,,,,
1781085141299205958,2026-06-10T16:52:21.299236,ground_truth,-0.061733,-0.737000,-0.070597,True,,,,,,,,,-0.008845,-0.500000,0.347332,,,,,,,,,,,,
1781085141347638343,2026-06-10T16:52:21.347671,ground_truth,-0.061398,-0.733000,-0.070214,True,,,,,,,,,-0.008845,-0.500000,0.347332,,,,,,,,,,,,
1781085141396379924,2026-06-10T16:52:21.396406,ground_truth,-0.061733,-0.737000,-0.070597,True,,,,,,,,,-0.008845,-0.500000,0.347332,,,,,,,,,,,,
1781085141451034560,2026-06-10T16:52:21.451060,ground_truth,-0.060359,-0.735000,-0.070405,True,,,,,,,,,-0.008845,-0.500000,0.347332,,,,,,,,,,,,
1781085141522484288,2026-06-10T16:52:21.522519,ground_truth,-0.060441,-0.736000,-0.069292,True,,,,,,,,,-0.008845,-0.500000,0.347332,,,,,,,,,,,,
1781085141620303799,2026-06-10T16:52:21.620357,ground_truth,-0.060195,-0.733000,-0.069009,True,,,,,,,,,-0.008845,-0.500000,0.347332,,,,,,,,,,,,
1781085141721120615,2026-06-10T16:52:21.721162,ground_truth,-0.060441,-0.736000,-0.070501,True,,,,,,,,,-0.008845,-0.500000,0.347332,,,,,,,,,,,,
1781085141774935658,2026-06-10T16:52:21.774968,ground_truth,-0.061733,-0.737000,-0.070597,True,,,,,,,,,-0.008845,-0.500000,0.347332,,,,,,,,,,,,
1781085141826977509,2026-06-10T16:52:21.827009,ground_truth,-0.061565,-0.735000,-0.070405,True,,,,,,,,,-0.008845,-0.500000,0.347332,,,,,,,,,,,,
1781085141895585882,2026-06-10T16:52:21.895618,ground_truth,-0.061398,-0.733000,-0.070214,True,,,,,,,,,-0.008845,-0.500000,0.347332,,,,,,,,,,,,
1781085141990062960,2026-06-10T16:52:21.990098,ground_truth,-0.061733,-0.737000,-0.070597,True,,,,,,,,,-0.008845,-0.500000,0.347332,,,,,,,,,,,,
1781085142053901973,2026-06-10T16:52:22.053925,ground_truth,-0.061565,-0.735000,-0.070405,True,,,,,,,,,-0.008845,-0.500000,0.347332,,,,,,,,,,,,
1781085142108984619,2026-06-10T16:52:22.109018,ground_truth,-0.061565,-0.735000,-0.072820,True,,,,,,,,,-0.008845,-0.500000,0.347332,,,,,,,,,,,,
1781085142156846509,2026-06-10T16:52:22.156872,ground_truth,-0.061649,-0.736000,-0.072920,True,,,,,,,,,-0.008845,-0.500000,0.347332,,,,,,,,,,,,
1781085142216188239,2026-06-10T16:52:22.216222,ground_truth,-0.062857,-0.736000,-0.072920,True,,,,,,,,,-0.008845,-0.500000,0.347332,,,,,,,,,,,,
1781085142269467385,2026-06-10T16:52:22.269500,ground_truth,-0.062942,-0.737000,-0.073019,True,,,,,,,,,-0.008845,-0.500000,0.347332,,,,,,,,,,,,
1781085142326015169,2026-06-10T16:52:22.326041,ground_truth,-0.062942,-0.737000,-0.073019,True,,,,,,,,,-0.008845,-0.500000,0.347332,,,,,,,,,,,,
1781085142384224541,2026-06-10T16:52:22.384257,ground_truth,-0.062857,-0.736000,-0.072920,True,,,,,,,,,-0.008845,-0.500000,0.347332,,,,,,,,,,,,
1781085142443062912,2026-06-10T16:52:22.443148,ground_truth,-0.061565,-0.735000,-0.074028,True,,,,,,,,,-0.008845,-0.500000,0.347332,,,,,,,,,,,,
1781085142519347089,2026-06-10T16:52:22.519384,ground_truth,-0.061565,-0.735000,-0.074028,True,,,,,,,,,-0.008845,-0.500000,0.347332,,,,,,,,,,,,
1781085142597097196,2026-06-10T16:52:22.597133,ground_truth,-0.061816,-0.738000,-0.074330,True,,,,,,,,,-0.008845,-0.500000,0.347332,,,,,,,,,,,,
1781085142656793870,2026-06-10T16:52:22.656823,ground_truth,-0.061565,-0.735000,-0.074028,True,,,,,,,,,-0.008845,-0.500000,0.347332,,,,,,,,,,,,
1781085142724706269,2026-06-10T16:52:22.724742,ground_truth,-0.061565,-0.735000,-0.072820,True,,,,,,,,,-0.008845,-0.500000,0.347332,,,,,,,,,,,,
1781085142772899044,2026-06-10T16:52:22.772931,ground_truth,-0.061398,-0.733000,-0.072622,True,,,,,,,,,-0.008845,-0.500000,0.347332,,,,,,,,,,,,
1781085142842479604,2026-06-10T16:52:22.842515,ground_truth,-0.061733,-0.737000,-0.070597,True,,,,,,,,,-0.008845,-0.500000,0.347332,,,,,,,,,,,,
1781085142912205113,2026-06-10T16:52:22.912255,ground_truth,-0.060359,-0.735000,-0.070405,True,,,,,,,,,-0.008845,-0.500000,0.347332,,,,,,,,,,,,
1781085143007709819,2026-06-10T16:52:23.007736,ground_truth,-0.060277,-0.734000,-0.070309,True,,,,,,,,,-0.008845,-0.500000,0.347332,,,,,,,,,,,,
1781085143069654400,2026-06-10T16:52:23.069685,ground_truth,-0.060359,-0.735000,-0.070405,True,,,,,,,,,-0.008845,-0.500000,0.347332,,,,,,,,,,,,
1781085143128100879,2026-06-10T16:52:23.128145,ground_truth,-0.060359,-0.735000,-0.070405,True,,,,,,,,,-0.008845,-0.500000,0.347332,,,,,,,,,,,,
1781085143216585223,2026-06-10T16:52:23.216614,ground_truth,-0.060195,-0.733000,-0.070214,True,,,,,,,,,-0.008845,-0.500000,0.347332,,,,,,,,,,,,
1781085143303639787,2026-06-10T16:52:23.303676,ground_truth,-0.060359,-0.735000,-0.070405,True,,,,,,,,,-0.008845,-0.500000,0.347332,,,,,,,,,,,,
1781085143356893418,2026-06-10T16:52:23.356928,ground_truth,-0.060031,-0.731000,-0.070022,True,,,,,,,,,-0.008845,-0.500000,0.347332,,,,,,,,,,,,
1781085143407079318,2026-06-10T16:52:23.407108,ground_truth,-0.060113,-0.732000,-0.071321,True,,,,,,,,,-0.008845,-0.500000,0.347332,,,,,,,,,,,,
1781085143494475263,2026-06-10T16:52:23.494508,ground_truth,-0.061481,-0.734000,-0.071515,True,,,,,,,,,-0.008845,-0.500000,0.347332,,,,,,,,,,,,
1781085143584638274,2026-06-10T16:52:23.584671,ground_truth,-0.060359,-0.735000,-0.070405,True,,,,,,,,,-0.008845,-0.500000,0.347332,,,,,,,,,,,,
1781085143645356628,2026-06-10T16:52:23.645385,ground_truth,-0.060441,-0.736000,-0.070501,True,,,,,,,,,-0.008845,-0.500000,0.347332,,,,,,,,,,,,
1781085143717413774,2026-06-10T16:52:23.717450,ground_truth,-0.061398,-0.733000,-0.070214,True,,,,,,,,,-0.008845,-0.500000,0.347332,,,,,,,,,,,,
1781085143770819866,2026-06-10T16:52:23.770842,ground_truth,-0.061398,-0.733000,-0.070214,True,,,,,,,,,-0.008845,-0.500000,0.347332,,,,,,,,,,,,
1781085143825842097,2026-06-10T16:52:23.825870,ground_truth,-0.061649,-0.736000,-0.070501,True,,,,,,,,,-0.008845,-0.500000,0.347332,,,,,,,,,,,,
1781085143877853744,2026-06-10T16:52:23.877885,ground_truth,-0.060441,-0.736000,-0.070501,True,,,,,,,,,-0.008845,-0.500000,0.347332,,,,,,,,,,,,
1781085143946194735,2026-06-10T16:52:23.946240,ground_truth,-0.060277,-0.734000,-0.071515,True,,,,,,,,,-0.008845,-0.500000,0.347332,,,,,,,,,,,,
1781085144000105096,2026-06-10T16:52:24.000136,ground_truth,-0.060113,-0.732000,-0.071321,True,,,,,,,,,-0.008845,-0.500000,0.347332,,,,,,,,,,,,
1781085144055213307,2026-06-10T16:52:24.055246,ground_truth,-0.060359,-0.735000,-0.070405,True,,,,,,,,,-0.008845,-0.500000,0.347332,,,,,,,,,,,,
1781085144101504691,2026-06-10T16:52:24.101538,ground_truth,-0.060441,-0.736000,-0.070501,True,,,,,,,,,-0.008845,-0.500000,0.347332,,,,,,,,,,,,
1781085144145337194,2026-06-10T16:52:24.145364,ground_truth,-0.060359,-0.735000,-0.070405,True,,,,,,,,,-0.008845,-0.500000,0.347332,,,,,,,,,,,,
1781085144200004864,2026-06-10T16:52:24.200040,ground_truth,-0.060441,-0.736000,-0.070501,True,,,,,,,,,-0.008845,-0.500000,0.347332,,,,,,,,,,,,
1781085144266237190,2026-06-10T16:52:24.266267,ground_truth,-0.060441,-0.736000,-0.070501,True,,,,,,,,,-0.008845,-0.500000,0.347332,,,,,,,,,,,,
1781085144326774930,2026-06-10T16:52:24.326802,ground_truth,-0.060277,-0.734000,-0.070309,True,,,,,,,,,-0.008845,-0.500000,0.347332,,,,,,,,,,,,
1781085144385853752,2026-06-10T16:52:24.385880,ground_truth,-0.060113,-0.732000,-0.070118,True,,,,,,,,,-0.008845,-0.500000,0.347332,,,,,,,,,,,,
1781085144460218668,2026-06-10T16:52:24.460248,ground_truth,-0.060441,-0.736000,-0.071710,True,,,,,,,,,-0.008845,-0.500000,0.347332,,,,,,,,,,,,
1781085144507602999,2026-06-10T16:52:24.507633,ground_truth,-0.059073,-0.734000,-0.070309,True,,,,,,,,,-0.008845,-0.500000,0.347332,,,,,,,,,,,,
1781085144562726760,2026-06-10T16:52:24.562757,ground_truth,-0.059153,-0.735000,-0.070405,True,,,,,,,,,-0.008845,-0.500000,0.347332,,,,,,,,,,,,
1781085144612055539,2026-06-10T16:52:24.612093,ground_truth,-0.059395,-0.738000,-0.071905,True,,,,,,,,,-0.008845,-0.500000,0.347332,,,,,,,,,,,,
1781085144670959984,2026-06-10T16:52:24.670995,ground_truth,-0.059234,-0.736000,-0.071710,True,,,,,,,,,-0.008845,-0.500000,0.347332,,,,,,,,,,,,
1781085144764776746,2026-06-10T16:52:24.764810,ground_truth,-0.060277,-0.734000,-0.071515,True,,,,,,,,,-0.008845,-0.500000,0.347332,,,,,,,,,,,,
1781085144831400945,2026-06-10T16:52:24.831436,ground_truth,-0.060441,-0.736000,-0.071710,True,,,,,,,,,-0.008845,-0.500000,0.347332,,,,,,,,,,,,
1781085144896195011,2026-06-10T16:52:24.896231,ground_truth,-0.060359,-0.735000,-0.071613,True,,,,,,,,,-0.008845,-0.500000,0.347332,,,,,,,,,,,,
1781085144984871651,2026-06-10T16:52:24.984902,ground_truth,-0.060277,-0.734000,-0.071515,True,,,,,,,,,-0.008845,-0.500000,0.347332,,,,,,,,,,,,
1781085145076856396,2026-06-10T16:52:25.076884,ground_truth,-0.060441,-0.736000,-0.072920,True,,,,,,,,,-0.008845,-0.500000,0.347332,,,,,,,,,,,,
1781085145132601159,2026-06-10T16:52:25.132634,ground_truth,-0.060195,-0.733000,-0.072622,True,,,,,,,,,-0.008845,-0.500000,0.347332,,,,,,,,,,,,
1781085145185637310,2026-06-10T16:52:25.185675,ground_truth,-0.060441,-0.736000,-0.072920,True,,,,,,,,,-0.008845,-0.500000,0.347332,,,,,,,,,,,,
1781085145250747753,2026-06-10T16:52:25.250786,ground_truth,-0.060441,-0.736000,-0.074129,True,,,,,,,,,-0.008845,-0.500000,0.347332,,,,,,,,,,,,
1781085145298866764,2026-06-10T16:52:25.298900,ground_truth,-0.060277,-0.734000,-0.073927,True,,,,,,,,,-0.008845,-0.500000,0.347332,,,,,,,,,,,,
1781085145346750471,2026-06-10T16:52:25.346780,ground_truth,-0.060359,-0.735000,-0.072820,True,,,,,,,,,-0.008845,-0.500000,0.347332,,,,,,,,,,,,
1781085145425529931,2026-06-10T16:52:25.425581,ground_truth,-0.060359,-0.735000,-0.072820,True,,,,,,,,,-0.008845,-0.500000,0.347332,,,,,,,,,,,,
1781085145506091123,2026-06-10T16:52:25.506126,ground_truth,-0.060359,-0.735000,-0.071613,True,,,,,,,,,-0.008845,-0.500000,0.347332,,,,,,,,,,,,
1781085145551563815,2026-06-10T16:52:25.551597,ground_truth,-0.060359,-0.735000,-0.071613,True,,,,,,,,,-0.008845,-0.500000,0.347332,,,,,,,,,,,,
1781085145613148876,2026-06-10T16:52:25.613197,ground_truth,-0.060195,-0.733000,-0.072622,True,,,,,,,,,-0.008845,-0.500000,0.347332,,,,,,,,,,,,
1781085145661474905,2026-06-10T16:52:25.661509,ground_truth,-0.061565,-0.735000,-0.072820,True,,,,,,,,,-0.008845,-0.500000,0.347332,,,,,,,,,,,,
1781085145722726152,2026-06-10T16:52:25.722762,ground_truth,-0.061649,-0.736000,-0.072920,True,,,,,,,,,-0.008845,-0.500000,0.347332,,,,,,,,,,,,
1781085145779669378,2026-06-10T16:52:25.779700,ground_truth,-0.061481,-0.734000,-0.072721,True,,,,,,,,,-0.008845,-0.500000,0.347332,,,,,,,,,,,,
1781085145836341562,2026-06-10T16:52:25.836375,ground_truth,-0.061733,-0.737000,-0.073019,True,,,,,,,,,-0.008845,-0.500000,0.347332,,,,,,,,,,,,
1781085145907739236,2026-06-10T16:52:25.907770,ground_truth,-0.061565,-0.735000,-0.072820,True,,,,,,,,,-0.008845,-0.500000,0.347332,,,,,,,,,,,,
1781085145981757452,2026-06-10T16:52:25.981791,ground_truth,-0.061733,-0.737000,-0.073019,True,,,,,,,,,-0.008845,-0.500000,0.347332,,,,,,,,,,,,
1781085146075261774,2026-06-10T16:52:26.075299,ground_truth,-0.061398,-0.733000,-0.072622,True,,,,,,,,,-0.008845,-0.500000,0.347332,,,,,,,,,,,,
1781085146126102105,2026-06-10T16:52:26.126136,ground_truth,-0.061565,-0.735000,-0.072820,True,,,,,,,,,-0.008845,-0.500000,0.347332,,,,,,,,,,,,
1781085146172463326,2026-06-10T16:52:26.172495,ground_truth,-0.061398,-0.733000,-0.071418,True,,,,,,,,,-0.008845,-0.500000,0.347332,,,,,,,,,,,,
1781085146241660518,2026-06-10T16:52:26.241694,ground_truth,-0.062771,-0.735000,-0.075236,True,,,,,,,,,-0.008845,-0.500000,0.347332,,,,,,,,,,,,
1781085146307469062,2026-06-10T16:52:26.307501,ground_truth,-0.061314,-0.732000,-0.073726,True,,,,,,,,,-0.008845,-0.500000,0.347332,,,,,,,,,,,,
1781085146374223151,2026-06-10T16:52:26.374258,ground_truth,-0.062942,-0.737000,-0.074229,True,,,,,,,,,-0.008845,-0.500000,0.347332,,,,,,,,,,,,
1781085146417820512,2026-06-10T16:52:26.417850,ground_truth,-0.062515,-0.732000,-0.074928,True,,,,,,,,,-0.008845,-0.500000,0.347332,,,,,,,,,,,,
1781085146499308724,2026-06-10T16:52:26.499358,ground_truth,-0.062600,-0.733000,-0.075031,True,,,,,,,,,-0.008845,-0.500000,0.347332,,,,,,,,,,,,
1781085146557504112,2026-06-10T16:52:26.557531,ground_truth,-0.062771,-0.735000,-0.074028,True,,,,,,,,,-0.008845,-0.500000,0.347332,,,,,,,,,,,,
1781085146606772095,2026-06-10T16:52:26.606799,ground_truth,-0.062857,-0.736000,-0.072920,True,,,,,,,,,-0.008845,-0.500000,0.347332,,,,,,,,,,,,
1781085146660571867,2026-06-10T16:52:26.660601,ground_truth,-0.061733,-0.737000,-0.071808,True,,,,,,,,,-0.008845,-0.500000,0.347332,,,,,,,,,,,,
1781085146725199396,2026-06-10T16:52:26.725230,ground_truth,-0.061649,-0.736000,-0.071710,True,,,,,,,,,-0.008845,-0.500000,0.347332,,,,,,,,,,,,
1781085146800802726,2026-06-10T16:52:26.800836,ground_truth,-0.061565,-0.735000,-0.071613,True,,,,,,,,,-0.008845,-0.500000,0.347332,,,,,,,,,,,,
1781085146850022134,2026-06-10T16:52:26.850056,ground_truth,-0.061565,-0.735000,-0.071613,True,,,,,,,,,-0.008845,-0.500000,0.347332,,,,,,,,,,,,
1781085146956244124,2026-06-10T16:52:26.956276,ground_truth,-0.061649,-0.736000,-0.070501,True,,,,,,,,,-0.008845,-0.500000,0.347332,,,,,,,,,,,,
1781085147003657231,2026-06-10T16:52:27.003687,ground_truth,-0.061649,-0.736000,-0.069292,True,,,,,,,,,-0.008845,-0.500000,0.347332,,,,,,,,,,,,
1781085147062448490,2026-06-10T16:52:27.062479,ground_truth,-0.061398,-0.733000,-0.069009,True,,,,,,,,,-0.008845,-0.500000,0.347332,,,,,,,,,,,,
1781085147146635365,2026-06-10T16:52:27.146665,ground_truth,-0.061398,-0.733000,-0.069009,True,,,,,,,,,-0.008845,-0.500000,0.347332,,,,,,,,,,,,
1781085147228198125,2026-06-10T16:52:27.228228,ground_truth,-0.061481,-0.734000,-0.069104,True,,,,,,,,,-0.008845,-0.500000,0.347332,,,,,,,,,,,,
1781085147309834177,2026-06-10T16:52:27.309864,ground_truth,-0.061398,-0.733000,-0.069009,True,,,,,,,,,-0.008845,-0.500000,0.347332,,,,,,,,,,,,
1781085147364151586,2026-06-10T16:52:27.364180,ground_truth,-0.060359,-0.735000,-0.069198,True,,,,,,,,,-0.008845,-0.500000,0.347332,,,,,,,,,,,,
1781085147419021368,2026-06-10T16:52:27.419062,ground_truth,-0.060277,-0.734000,-0.069104,True,,,,,,,,,-0.008845,-0.500000,0.347332,,,,,,,,,,,,
1781085147521776485,2026-06-10T16:52:27.521806,ground_truth,-0.060195,-0.733000,-0.069009,True,,,,,,,,,-0.008845,-0.500000,0.347332,,,,,,,,,,,,
1781085147594792391,2026-06-10T16:52:27.594824,ground_truth,-0.060277,-0.734000,-0.069104,True,,,,,,,,,-0.008845,-0.500000,0.347332,,,,,,,,,,,,
1781085147687238394,2026-06-10T16:52:27.687277,ground_truth,-0.060441,-0.736000,-0.070501,True,,,,,,,,,-0.008845,-0.500000,0.347332,,,,,,,,,,,,
1781085147798017937,2026-06-10T16:52:27.798051,ground_truth,-0.060195,-0.733000,-0.070214,True,,,,,,,,,-0.008845,-0.500000,0.347332,,,,,,,,,,,,
1781085147876454694,2026-06-10T16:52:27.876486,ground_truth,-0.060113,-0.732000,-0.070118,True,,,,,,,,,-0.008845,-0.500000,0.347332,,,,,,,,,,,,
1781085147923448845,2026-06-10T16:52:27.923482,ground_truth,-0.060113,-0.732000,-0.070118,True,,,,,,,,,-0.008845,-0.500000,0.347332,,,,,,,,,,,,
1781085147998613553,2026-06-10T16:52:27.998647,ground_truth,-0.061733,-0.737000,-0.070597,True,,,,,,,,,-0.008845,-0.500000,0.347332,,,,,,,,,,,,
1781085148049721985,2026-06-10T16:52:28.049750,ground_truth,-0.062600,-0.733000,-0.075031,True,,,,,,,,,-0.008845,-0.500000,0.347332,,,,,,,,,,,,
1781085148114239401,2026-06-10T16:52:28.114269,ground_truth,-0.062771,-0.735000,-0.074028,True,,,,,,,,,-0.008845,-0.500000,0.347332,,,,,,,,,,,,
1781085148163270359,2026-06-10T16:52:28.163301,ground_truth,-0.062600,-0.733000,-0.073827,True,,,,,,,,,-0.008845,-0.500000,0.347332,,,,,,,,,,,,
1781085148222282210,2026-06-10T16:52:28.222331,ground_truth,-0.062515,-0.732000,-0.073726,True,,,,,,,,,-0.008845,-0.500000,0.347332,,,,,,,,,,,,
1781085148284973060,2026-06-10T16:52:28.285007,ground_truth,-0.062686,-0.734000,-0.073927,True,,,,,,,,,-0.008845,-0.500000,0.347332,,,,,,,,,,,,
1781085148353720555,2026-06-10T16:52:28.353752,ground_truth,-0.062771,-0.735000,-0.072820,True,,,,,,,,,-0.008845,-0.500000,0.347332,,,,,,,,,,,,
1781085148426414446,2026-06-10T16:52:28.426445,ground_truth,-0.062515,-0.732000,-0.072523,True,,,,,,,,,-0.008845,-0.500000,0.347332,,,,,,,,,,,,
1781085148501646795,2026-06-10T16:52:28.501678,ground_truth,-0.062600,-0.733000,-0.072622,True,,,,,,,,,-0.008845,-0.500000,0.347332,,,,,,,,,,,,
1781085148573532327,2026-06-10T16:52:28.573562,ground_truth,-0.062857,-0.736000,-0.072920,True,,,,,,,,,-0.008845,-0.500000,0.347332,,,,,,,,,,,,
1781085148623637106,2026-06-10T16:52:28.623671,ground_truth,-0.062771,-0.735000,-0.072820,True,,,,,,,,,-0.008845,-0.500000,0.347332,,,,,,,,,,,,
1781085148680402928,2026-06-10T16:52:28.680435,ground_truth,-0.061649,-0.736000,-0.072920,True,,,,,,,,,-0.008845,-0.500000,0.347332,,,,,,,,,,,,
1781085148761595068,2026-06-10T16:52:28.761630,ground_truth,-0.061733,-0.737000,-0.071808,True,,,,,,,,,-0.008845,-0.500000,0.347332,,,,,,,,,,,,
1781085148814288719,2026-06-10T16:52:28.814339,ground_truth,-0.061398,-0.733000,-0.071418,True,,,,,,,,,-0.008845,-0.500000,0.347332,,,,,,,,,,,,
1781085148859633067,2026-06-10T16:52:28.859656,ground_truth,-0.061565,-0.735000,-0.071613,True,,,,,,,,,-0.008845,-0.500000,0.347332,,,,,,,,,,,,
1781085148923919337,2026-06-10T16:52:28.923950,ground_truth,-0.061481,-0.734000,-0.071515,True,,,,,,,,,-0.008845,-0.500000,0.347332,,,,,,,,,,,,
1781085149001736691,2026-06-10T16:52:29.001764,ground_truth,-0.061649,-0.736000,-0.071710,True,,,,,,,,,-0.008845,-0.500000,0.347332,,,,,,,,,,,,
1781085149058477080,2026-06-10T16:52:29.058508,ground_truth,-0.061565,-0.735000,-0.070405,True,,,,,,,,,-0.008845,-0.500000,0.347332,,,,,,,,,,,,


============================================================
EXPERIMENT METRICS
  File: experiment_GROUND_TRUTH_20260610_165035.csv
  Total samples: 1433
  Task completion time: 113.25 s
  Mode: GROUND TRUTH (no prediction metrics)
  --- Trajectory Smoothness (Robot EE) ---
  Mean Jerk (3D): 9.5967 m/s³
      Jerk X: 5.3143 m/s³
      Jerk Y: 5.6679 m/s³
      Jerk Z: 3.3292 m/s³
  Max Jerk (3D): 83.2090 m/s³
  RMS Jerk (3D): 13.7330 m/s³
============================================================
