[0.088s] [34mcolcon[0m [1;30mDEBUG[0m [32mCommand line arguments: ['/usr/bin/colcon', 'build'][0m
[0.088s] [34mcolcon[0m [1;30mDEBUG[0m [32mParsed command line arguments: Namespace(log_base=None, log_level=None, verb_name='build', build_base='build', install_base='install', merge_install=False, symlink_install=False, test_result_base=None, continue_on_error=False, executor='parallel', parallel_workers=16, event_handlers=None, ignore_user_meta=False, metas=['./colcon.meta'], base_paths=['.'], packages_ignore=None, packages_ignore_regex=None, paths=None, packages_up_to=None, packages_up_to_regex=None, packages_above=None, packages_above_and_dependencies=None, packages_above_depth=None, packages_select_by_dep=None, packages_skip_by_dep=None, packages_skip_up_to=None, packages_select_build_failed=False, packages_skip_build_finished=False, packages_select_test_failures=False, packages_skip_test_passed=False, packages_select=None, packages_skip=None, packages_select_regex=None, packages_skip_regex=None, packages_start=None, packages_end=None, allow_overriding=[], cmake_args=None, cmake_target=None, cmake_target_skip_unavailable=False, cmake_clean_cache=False, cmake_clean_first=False, cmake_force_configure=False, ament_cmake_args=None, catkin_cmake_args=None, catkin_skip_building_tests=False, verb_parser=<colcon_defaults.argument_parser.defaults.DefaultArgumentsDecorator object at 0x74fbcd52db70>, verb_extension=<colcon_core.verb.build.BuildVerb object at 0x74fbcd63ef20>, main=<bound method BuildVerb.main of <colcon_core.verb.build.BuildVerb object at 0x74fbcd63ef20>>)[0m
[0.222s] [34mcolcon.colcon_core.package_discovery[0m [1;30mLevel 1[0m discover_packages(colcon_meta) check parameters
[0.222s] [34mcolcon.colcon_core.package_discovery[0m [1;30mLevel 1[0m discover_packages(recursive) check parameters
[0.222s] [34mcolcon.colcon_core.package_discovery[0m [1;30mLevel 1[0m discover_packages(ignore) check parameters
[0.222s] [34mcolcon.colcon_core.package_discovery[0m [1;30mLevel 1[0m discover_packages(path) check parameters
[0.222s] [34mcolcon.colcon_core.package_discovery[0m [1;30mLevel 1[0m discover_packages(colcon_meta) discover
[0.222s] [34mcolcon.colcon_core.package_discovery[0m [1;30mLevel 1[0m discover_packages(recursive) discover
[0.222s] [34mcolcon.colcon_core.package_discovery[0m [1;30mINFO[0m Crawling recursively for packages in '/home/duy/cocarry_ws'
[0.222s] [34mcolcon.colcon_core.package_identification[0m [1;30mLevel 1[0m _identify(.) by extensions ['ignore', 'ignore_ament_install']
[0.222s] [34mcolcon.colcon_core.package_identification[0m [1;30mLevel 1[0m _identify(.) by extension 'ignore'
[0.222s] [34mcolcon.colcon_core.package_identification[0m [1;30mLevel 1[0m _identify(.) by extension 'ignore_ament_install'
[0.222s] [34mcolcon.colcon_core.package_identification[0m [1;30mLevel 1[0m _identify(.) by extensions ['colcon_pkg']
[0.222s] [34mcolcon.colcon_core.package_identification[0m [1;30mLevel 1[0m _identify(.) by extension 'colcon_pkg'
[0.222s] [34mcolcon.colcon_core.package_identification[0m [1;30mLevel 1[0m _identify(.) by extensions ['colcon_meta']
[0.222s] [34mcolcon.colcon_core.package_identification[0m [1;30mLevel 1[0m _identify(.) by extension 'colcon_meta'
[0.222s] [34mcolcon.colcon_core.package_identification[0m [1;30mLevel 1[0m _identify(.) by extensions ['ros']
[0.222s] [34mcolcon.colcon_core.package_identification[0m [1;30mLevel 1[0m _identify(.) by extension 'ros'
[0.235s] [34mcolcon.colcon_core.package_identification[0m [1;30mLevel 1[0m _identify(.) by extensions ['cmake', 'python']
[0.235s] [34mcolcon.colcon_core.package_identification[0m [1;30mLevel 1[0m _identify(.) by extension 'cmake'
[0.235s] [34mcolcon.colcon_core.package_identification[0m [1;30mLevel 1[0m _identify(.) by extension 'python'
[0.235s] [34mcolcon.colcon_core.package_identification[0m [1;30mLevel 1[0m _identify(.) by extensions ['python_setup_py']
[0.235s] [34mcolcon.colcon_core.package_identification[0m [1;30mLevel 1[0m _identify(.) by extension 'python_setup_py'
[0.235s] [34mcolcon.colcon_core.package_identification[0m [1;30mLevel 1[0m _identify(adaptive_weight) by extensions ['ignore', 'ignore_ament_install']
[0.235s] [34mcolcon.colcon_core.package_identification[0m [1;30mLevel 1[0m _identify(adaptive_weight) by extension 'ignore'
[0.235s] [34mcolcon.colcon_core.package_identification[0m [1;30mLevel 1[0m _identify(adaptive_weight) by extension 'ignore_ament_install'
[0.235s] [34mcolcon.colcon_core.package_identification[0m [1;30mLevel 1[0m _identify(adaptive_weight) by extensions ['colcon_pkg']
[0.235s] [34mcolcon.colcon_core.package_identification[0m [1;30mLevel 1[0m _identify(adaptive_weight) by extension 'colcon_pkg'
[0.235s] [34mcolcon.colcon_core.package_identification[0m [1;30mLevel 1[0m _identify(adaptive_weight) by extensions ['colcon_meta']
[0.235s] [34mcolcon.colcon_core.package_identification[0m [1;30mLevel 1[0m _identify(adaptive_weight) by extension 'colcon_meta'
[0.235s] [34mcolcon.colcon_core.package_identification[0m [1;30mLevel 1[0m _identify(adaptive_weight) by extensions ['ros']
[0.235s] [34mcolcon.colcon_core.package_identification[0m [1;30mLevel 1[0m _identify(adaptive_weight) by extension 'ros'
[0.235s] [34mcolcon.colcon_core.package_identification[0m [1;30mLevel 1[0m _identify(adaptive_weight) by extensions ['cmake', 'python']
[0.235s] [34mcolcon.colcon_core.package_identification[0m [1;30mLevel 1[0m _identify(adaptive_weight) by extension 'cmake'
[0.235s] [34mcolcon.colcon_core.package_identification[0m [1;30mLevel 1[0m _identify(adaptive_weight) by extension 'python'
[0.235s] [34mcolcon.colcon_core.package_identification[0m [1;30mLevel 1[0m _identify(adaptive_weight) by extensions ['python_setup_py']
[0.235s] [34mcolcon.colcon_core.package_identification[0m [1;30mLevel 1[0m _identify(adaptive_weight) by extension 'python_setup_py'
[0.235s] [34mcolcon.colcon_core.package_identification[0m [1;30mLevel 1[0m _identify(build) by extensions ['ignore', 'ignore_ament_install']
[0.235s] [34mcolcon.colcon_core.package_identification[0m [1;30mLevel 1[0m _identify(build) by extension 'ignore'
[0.235s] [34mcolcon.colcon_core.package_identification[0m [1;30mLevel 1[0m _identify(build) ignored
[0.235s] [34mcolcon.colcon_core.package_identification[0m [1;30mLevel 1[0m _identify(cocarry_logs) by extensions ['ignore', 'ignore_ament_install']
[0.235s] [34mcolcon.colcon_core.package_identification[0m [1;30mLevel 1[0m _identify(cocarry_logs) by extension 'ignore'
[0.235s] [34mcolcon.colcon_core.package_identification[0m [1;30mLevel 1[0m _identify(cocarry_logs) by extension 'ignore_ament_install'
[0.235s] [34mcolcon.colcon_core.package_identification[0m [1;30mLevel 1[0m _identify(cocarry_logs) by extensions ['colcon_pkg']
[0.235s] [34mcolcon.colcon_core.package_identification[0m [1;30mLevel 1[0m _identify(cocarry_logs) by extension 'colcon_pkg'
[0.235s] [34mcolcon.colcon_core.package_identification[0m [1;30mLevel 1[0m _identify(cocarry_logs) by extensions ['colcon_meta']
[0.236s] [34mcolcon.colcon_core.package_identification[0m [1;30mLevel 1[0m _identify(cocarry_logs) by extension 'colcon_meta'
[0.236s] [34mcolcon.colcon_core.package_identification[0m [1;30mLevel 1[0m _identify(cocarry_logs) by extensions ['ros']
[0.236s] [34mcolcon.colcon_core.package_identification[0m [1;30mLevel 1[0m _identify(cocarry_logs) by extension 'ros'
[0.236s] [34mcolcon.colcon_core.package_identification[0m [1;30mLevel 1[0m _identify(cocarry_logs) by extensions ['cmake', 'python']
[0.236s] [34mcolcon.colcon_core.package_identification[0m [1;30mLevel 1[0m _identify(cocarry_logs) by extension 'cmake'
[0.236s] [34mcolcon.colcon_core.package_identification[0m [1;30mLevel 1[0m _identify(cocarry_logs) by extension 'python'
[0.236s] [34mcolcon.colcon_core.package_identification[0m [1;30mLevel 1[0m _identify(cocarry_logs) by extensions ['python_setup_py']
[0.236s] [34mcolcon.colcon_core.package_identification[0m [1;30mLevel 1[0m _identify(cocarry_logs) by extension 'python_setup_py'
[0.236s] [34mcolcon.colcon_core.package_identification[0m [1;30mLevel 1[0m _identify(cocarry_logs/Bách) by extensions ['ignore', 'ignore_ament_install']
[0.236s] [34mcolcon.colcon_core.package_identification[0m [1;30mLevel 1[0m _identify(cocarry_logs/Bách) by extension 'ignore'
[0.236s] [34mcolcon.colcon_core.package_identification[0m [1;30mLevel 1[0m _identify(cocarry_logs/Bách) by extension 'ignore_ament_install'
[0.236s] [34mcolcon.colcon_core.package_identification[0m [1;30mLevel 1[0m _identify(cocarry_logs/Bách) by extensions ['colcon_pkg']
[0.236s] [34mcolcon.colcon_core.package_identification[0m [1;30mLevel 1[0m _identify(cocarry_logs/Bách) by extension 'colcon_pkg'
[0.236s] [34mcolcon.colcon_core.package_identification[0m [1;30mLevel 1[0m _identify(cocarry_logs/Bách) by extensions ['colcon_meta']
[0.236s] [34mcolcon.colcon_core.package_identification[0m [1;30mLevel 1[0m _identify(cocarry_logs/Bách) by extension 'colcon_meta'
[0.236s] [34mcolcon.colcon_core.package_identification[0m [1;30mLevel 1[0m _identify(cocarry_logs/Bách) by extensions ['ros']
[0.236s] [34mcolcon.colcon_core.package_identification[0m [1;30mLevel 1[0m _identify(cocarry_logs/Bách) by extension 'ros'
[0.236s] [34mcolcon.colcon_core.package_identification[0m [1;30mLevel 1[0m _identify(cocarry_logs/Bách) by extensions ['cmake', 'python']
[0.236s] [34mcolcon.colcon_core.package_identification[0m [1;30mLevel 1[0m _identify(cocarry_logs/Bách) by extension 'cmake'
[0.236s] [34mcolcon.colcon_core.package_identification[0m [1;30mLevel 1[0m _identify(cocarry_logs/Bách) by extension 'python'
[0.236s] [34mcolcon.colcon_core.package_identification[0m [1;30mLevel 1[0m _identify(cocarry_logs/Bách) by extensions ['python_setup_py']
[0.236s] [34mcolcon.colcon_core.package_identification[0m [1;30mLevel 1[0m _identify(cocarry_logs/Bách) by extension 'python_setup_py'
[0.236s] [34mcolcon.colcon_core.package_identification[0m [1;30mLevel 1[0m _identify(cocarry_logs/Duy) by extensions ['ignore', 'ignore_ament_install']
[0.236s] [34mcolcon.colcon_core.package_identification[0m [1;30mLevel 1[0m _identify(cocarry_logs/Duy) by extension 'ignore'
[0.236s] [34mcolcon.colcon_core.package_identification[0m [1;30mLevel 1[0m _identify(cocarry_logs/Duy) by extension 'ignore_ament_install'
[0.236s] [34mcolcon.colcon_core.package_identification[0m [1;30mLevel 1[0m _identify(cocarry_logs/Duy) by extensions ['colcon_pkg']
[0.236s] [34mcolcon.colcon_core.package_identification[0m [1;30mLevel 1[0m _identify(cocarry_logs/Duy) by extension 'colcon_pkg'
[0.236s] [34mcolcon.colcon_core.package_identification[0m [1;30mLevel 1[0m _identify(cocarry_logs/Duy) by extensions ['colcon_meta']
[0.236s] [34mcolcon.colcon_core.package_identification[0m [1;30mLevel 1[0m _identify(cocarry_logs/Duy) by extension 'colcon_meta'
[0.236s] [34mcolcon.colcon_core.package_identification[0m [1;30mLevel 1[0m _identify(cocarry_logs/Duy) by extensions ['ros']
[0.236s] [34mcolcon.colcon_core.package_identification[0m [1;30mLevel 1[0m _identify(cocarry_logs/Duy) by extension 'ros'
[0.236s] [34mcolcon.colcon_core.package_identification[0m [1;30mLevel 1[0m _identify(cocarry_logs/Duy) by extensions ['cmake', 'python']
[0.236s] [34mcolcon.colcon_core.package_identification[0m [1;30mLevel 1[0m _identify(cocarry_logs/Duy) by extension 'cmake'
[0.236s] [34mcolcon.colcon_core.package_identification[0m [1;30mLevel 1[0m _identify(cocarry_logs/Duy) by extension 'python'
[0.236s] [34mcolcon.colcon_core.package_identification[0m [1;30mLevel 1[0m _identify(cocarry_logs/Duy) by extensions ['python_setup_py']
[0.236s] [34mcolcon.colcon_core.package_identification[0m [1;30mLevel 1[0m _identify(cocarry_logs/Duy) by extension 'python_setup_py'
[0.236s] [34mcolcon.colcon_core.package_identification[0m [1;30mLevel 1[0m _identify(cocarry_logs/Long) by extensions ['ignore', 'ignore_ament_install']
[0.237s] [34mcolcon.colcon_core.package_identification[0m [1;30mLevel 1[0m _identify(cocarry_logs/Long) by extension 'ignore'
[0.237s] [34mcolcon.colcon_core.package_identification[0m [1;30mLevel 1[0m _identify(cocarry_logs/Long) by extension 'ignore_ament_install'
[0.237s] [34mcolcon.colcon_core.package_identification[0m [1;30mLevel 1[0m _identify(cocarry_logs/Long) by extensions ['colcon_pkg']
[0.237s] [34mcolcon.colcon_core.package_identification[0m [1;30mLevel 1[0m _identify(cocarry_logs/Long) by extension 'colcon_pkg'
[0.237s] [34mcolcon.colcon_core.package_identification[0m [1;30mLevel 1[0m _identify(cocarry_logs/Long) by extensions ['colcon_meta']
[0.237s] [34mcolcon.colcon_core.package_identification[0m [1;30mLevel 1[0m _identify(cocarry_logs/Long) by extension 'colcon_meta'
[0.237s] [34mcolcon.colcon_core.package_identification[0m [1;30mLevel 1[0m _identify(cocarry_logs/Long) by extensions ['ros']
[0.237s] [34mcolcon.colcon_core.package_identification[0m [1;30mLevel 1[0m _identify(cocarry_logs/Long) by extension 'ros'
[0.237s] [34mcolcon.colcon_core.package_identification[0m [1;30mLevel 1[0m _identify(cocarry_logs/Long) by extensions ['cmake', 'python']
[0.237s] [34mcolcon.colcon_core.package_identification[0m [1;30mLevel 1[0m _identify(cocarry_logs/Long) by extension 'cmake'
[0.237s] [34mcolcon.colcon_core.package_identification[0m [1;30mLevel 1[0m _identify(cocarry_logs/Long) by extension 'python'
[0.237s] [34mcolcon.colcon_core.package_identification[0m [1;30mLevel 1[0m _identify(cocarry_logs/Long) by extensions ['python_setup_py']
[0.237s] [34mcolcon.colcon_core.package_identification[0m [1;30mLevel 1[0m _identify(cocarry_logs/Long) by extension 'python_setup_py'
[0.237s] [34mcolcon.colcon_core.package_identification[0m [1;30mLevel 1[0m _identify(cocarry_logs/Lộc) by extensions ['ignore', 'ignore_ament_install']
[0.237s] [34mcolcon.colcon_core.package_identification[0m [1;30mLevel 1[0m _identify(cocarry_logs/Lộc) by extension 'ignore'
[0.237s] [34mcolcon.colcon_core.package_identification[0m [1;30mLevel 1[0m _identify(cocarry_logs/Lộc) by extension 'ignore_ament_install'
[0.237s] [34mcolcon.colcon_core.package_identification[0m [1;30mLevel 1[0m _identify(cocarry_logs/Lộc) by extensions ['colcon_pkg']
[0.237s] [34mcolcon.colcon_core.package_identification[0m [1;30mLevel 1[0m _identify(cocarry_logs/Lộc) by extension 'colcon_pkg'
[0.237s] [34mcolcon.colcon_core.package_identification[0m [1;30mLevel 1[0m _identify(cocarry_logs/Lộc) by extensions ['colcon_meta']
[0.237s] [34mcolcon.colcon_core.package_identification[0m [1;30mLevel 1[0m _identify(cocarry_logs/Lộc) by extension 'colcon_meta'
[0.237s] [34mcolcon.colcon_core.package_identification[0m [1;30mLevel 1[0m _identify(cocarry_logs/Lộc) by extensions ['ros']
[0.237s] [34mcolcon.colcon_core.package_identification[0m [1;30mLevel 1[0m _identify(cocarry_logs/Lộc) by extension 'ros'
[0.237s] [34mcolcon.colcon_core.package_identification[0m [1;30mLevel 1[0m _identify(cocarry_logs/Lộc) by extensions ['cmake', 'python']
[0.237s] [34mcolcon.colcon_core.package_identification[0m [1;30mLevel 1[0m _identify(cocarry_logs/Lộc) by extension 'cmake'
[0.237s] [34mcolcon.colcon_core.package_identification[0m [1;30mLevel 1[0m _identify(cocarry_logs/Lộc) by extension 'python'
[0.237s] [34mcolcon.colcon_core.package_identification[0m [1;30mLevel 1[0m _identify(cocarry_logs/Lộc) by extensions ['python_setup_py']
[0.237s] [34mcolcon.colcon_core.package_identification[0m [1;30mLevel 1[0m _identify(cocarry_logs/Lộc) by extension 'python_setup_py'
[0.237s] [34mcolcon.colcon_core.package_identification[0m [1;30mLevel 1[0m _identify(cocarry_logs/Minh) by extensions ['ignore', 'ignore_ament_install']
[0.237s] [34mcolcon.colcon_core.package_identification[0m [1;30mLevel 1[0m _identify(cocarry_logs/Minh) by extension 'ignore'
[0.237s] [34mcolcon.colcon_core.package_identification[0m [1;30mLevel 1[0m _identify(cocarry_logs/Minh) by extension 'ignore_ament_install'
[0.237s] [34mcolcon.colcon_core.package_identification[0m [1;30mLevel 1[0m _identify(cocarry_logs/Minh) by extensions ['colcon_pkg']
[0.237s] [34mcolcon.colcon_core.package_identification[0m [1;30mLevel 1[0m _identify(cocarry_logs/Minh) by extension 'colcon_pkg'
[0.237s] [34mcolcon.colcon_core.package_identification[0m [1;30mLevel 1[0m _identify(cocarry_logs/Minh) by extensions ['colcon_meta']
[0.237s] [34mcolcon.colcon_core.package_identification[0m [1;30mLevel 1[0m _identify(cocarry_logs/Minh) by extension 'colcon_meta'
[0.237s] [34mcolcon.colcon_core.package_identification[0m [1;30mLevel 1[0m _identify(cocarry_logs/Minh) by extensions ['ros']
[0.237s] [34mcolcon.colcon_core.package_identification[0m [1;30mLevel 1[0m _identify(cocarry_logs/Minh) by extension 'ros'
[0.237s] [34mcolcon.colcon_core.package_identification[0m [1;30mLevel 1[0m _identify(cocarry_logs/Minh) by extensions ['cmake', 'python']
[0.237s] [34mcolcon.colcon_core.package_identification[0m [1;30mLevel 1[0m _identify(cocarry_logs/Minh) by extension 'cmake'
[0.237s] [34mcolcon.colcon_core.package_identification[0m [1;30mLevel 1[0m _identify(cocarry_logs/Minh) by extension 'python'
[0.237s] [34mcolcon.colcon_core.package_identification[0m [1;30mLevel 1[0m _identify(cocarry_logs/Minh) by extensions ['python_setup_py']
[0.237s] [34mcolcon.colcon_core.package_identification[0m [1;30mLevel 1[0m _identify(cocarry_logs/Minh) by extension 'python_setup_py'
[0.238s] [34mcolcon.colcon_core.package_identification[0m [1;30mLevel 1[0m _identify(cocarry_logs/Nam) by extensions ['ignore', 'ignore_ament_install']
[0.238s] [34mcolcon.colcon_core.package_identification[0m [1;30mLevel 1[0m _identify(cocarry_logs/Nam) by extension 'ignore'
[0.238s] [34mcolcon.colcon_core.package_identification[0m [1;30mLevel 1[0m _identify(cocarry_logs/Nam) by extension 'ignore_ament_install'
[0.238s] [34mcolcon.colcon_core.package_identification[0m [1;30mLevel 1[0m _identify(cocarry_logs/Nam) by extensions ['colcon_pkg']
[0.238s] [34mcolcon.colcon_core.package_identification[0m [1;30mLevel 1[0m _identify(cocarry_logs/Nam) by extension 'colcon_pkg'
[0.238s] [34mcolcon.colcon_core.package_identification[0m [1;30mLevel 1[0m _identify(cocarry_logs/Nam) by extensions ['colcon_meta']
[0.238s] [34mcolcon.colcon_core.package_identification[0m [1;30mLevel 1[0m _identify(cocarry_logs/Nam) by extension 'colcon_meta'
[0.238s] [34mcolcon.colcon_core.package_identification[0m [1;30mLevel 1[0m _identify(cocarry_logs/Nam) by extensions ['ros']
[0.238s] [34mcolcon.colcon_core.package_identification[0m [1;30mLevel 1[0m _identify(cocarry_logs/Nam) by extension 'ros'
[0.238s] [34mcolcon.colcon_core.package_identification[0m [1;30mLevel 1[0m _identify(cocarry_logs/Nam) by extensions ['cmake', 'python']
[0.238s] [34mcolcon.colcon_core.package_identification[0m [1;30mLevel 1[0m _identify(cocarry_logs/Nam) by extension 'cmake'
[0.238s] [34mcolcon.colcon_core.package_identification[0m [1;30mLevel 1[0m _identify(cocarry_logs/Nam) by extension 'python'
[0.238s] [34mcolcon.colcon_core.package_identification[0m [1;30mLevel 1[0m _identify(cocarry_logs/Nam) by extensions ['python_setup_py']
[0.238s] [34mcolcon.colcon_core.package_identification[0m [1;30mLevel 1[0m _identify(cocarry_logs/Nam) by extension 'python_setup_py'
[0.238s] [34mcolcon.colcon_core.package_identification[0m [1;30mLevel 1[0m _identify(cocarry_logs/Phong) by extensions ['ignore', 'ignore_ament_install']
[0.238s] [34mcolcon.colcon_core.package_identification[0m [1;30mLevel 1[0m _identify(cocarry_logs/Phong) by extension 'ignore'
[0.238s] [34mcolcon.colcon_core.package_identification[0m [1;30mLevel 1[0m _identify(cocarry_logs/Phong) by extension 'ignore_ament_install'
[0.238s] [34mcolcon.colcon_core.package_identification[0m [1;30mLevel 1[0m _identify(cocarry_logs/Phong) by extensions ['colcon_pkg']
[0.238s] [34mcolcon.colcon_core.package_identification[0m [1;30mLevel 1[0m _identify(cocarry_logs/Phong) by extension 'colcon_pkg'
[0.238s] [34mcolcon.colcon_core.package_identification[0m [1;30mLevel 1[0m _identify(cocarry_logs/Phong) by extensions ['colcon_meta']
[0.238s] [34mcolcon.colcon_core.package_identification[0m [1;30mLevel 1[0m _identify(cocarry_logs/Phong) by extension 'colcon_meta'
[0.238s] [34mcolcon.colcon_core.package_identification[0m [1;30mLevel 1[0m _identify(cocarry_logs/Phong) by extensions ['ros']
[0.238s] [34mcolcon.colcon_core.package_identification[0m [1;30mLevel 1[0m _identify(cocarry_logs/Phong) by extension 'ros'
[0.238s] [34mcolcon.colcon_core.package_identification[0m [1;30mLevel 1[0m _identify(cocarry_logs/Phong) by extensions ['cmake', 'python']
[0.238s] [34mcolcon.colcon_core.package_identification[0m [1;30mLevel 1[0m _identify(cocarry_logs/Phong) by extension 'cmake'
[0.238s] [34mcolcon.colcon_core.package_identification[0m [1;30mLevel 1[0m _identify(cocarry_logs/Phong) by extension 'python'
[0.238s] [34mcolcon.colcon_core.package_identification[0m [1;30mLevel 1[0m _identify(cocarry_logs/Phong) by extensions ['python_setup_py']
[0.238s] [34mcolcon.colcon_core.package_identification[0m [1;30mLevel 1[0m _identify(cocarry_logs/Phong) by extension 'python_setup_py'
[0.238s] [34mcolcon.colcon_core.package_identification[0m [1;30mLevel 1[0m _identify(cocarry_logs/Phát) by extensions ['ignore', 'ignore_ament_install']
[0.238s] [34mcolcon.colcon_core.package_identification[0m [1;30mLevel 1[0m _identify(cocarry_logs/Phát) by extension 'ignore'
[0.238s] [34mcolcon.colcon_core.package_identification[0m [1;30mLevel 1[0m _identify(cocarry_logs/Phát) by extension 'ignore_ament_install'
[0.238s] [34mcolcon.colcon_core.package_identification[0m [1;30mLevel 1[0m _identify(cocarry_logs/Phát) by extensions ['colcon_pkg']
[0.238s] [34mcolcon.colcon_core.package_identification[0m [1;30mLevel 1[0m _identify(cocarry_logs/Phát) by extension 'colcon_pkg'
[0.238s] [34mcolcon.colcon_core.package_identification[0m [1;30mLevel 1[0m _identify(cocarry_logs/Phát) by extensions ['colcon_meta']
[0.238s] [34mcolcon.colcon_core.package_identification[0m [1;30mLevel 1[0m _identify(cocarry_logs/Phát) by extension 'colcon_meta'
[0.238s] [34mcolcon.colcon_core.package_identification[0m [1;30mLevel 1[0m _identify(cocarry_logs/Phát) by extensions ['ros']
[0.238s] [34mcolcon.colcon_core.package_identification[0m [1;30mLevel 1[0m _identify(cocarry_logs/Phát) by extension 'ros'
[0.238s] [34mcolcon.colcon_core.package_identification[0m [1;30mLevel 1[0m _identify(cocarry_logs/Phát) by extensions ['cmake', 'python']
[0.238s] [34mcolcon.colcon_core.package_identification[0m [1;30mLevel 1[0m _identify(cocarry_logs/Phát) by extension 'cmake'
[0.238s] [34mcolcon.colcon_core.package_identification[0m [1;30mLevel 1[0m _identify(cocarry_logs/Phát) by extension 'python'
[0.238s] [34mcolcon.colcon_core.package_identification[0m [1;30mLevel 1[0m _identify(cocarry_logs/Phát) by extensions ['python_setup_py']
[0.239s] [34mcolcon.colcon_core.package_identification[0m [1;30mLevel 1[0m _identify(cocarry_logs/Phát) by extension 'python_setup_py'
[0.239s] [34mcolcon.colcon_core.package_identification[0m [1;30mLevel 1[0m _identify(cocarry_logs/Tuấn) by extensions ['ignore', 'ignore_ament_install']
[0.239s] [34mcolcon.colcon_core.package_identification[0m [1;30mLevel 1[0m _identify(cocarry_logs/Tuấn) by extension 'ignore'
[0.239s] [34mcolcon.colcon_core.package_identification[0m [1;30mLevel 1[0m _identify(cocarry_logs/Tuấn) by extension 'ignore_ament_install'
[0.239s] [34mcolcon.colcon_core.package_identification[0m [1;30mLevel 1[0m _identify(cocarry_logs/Tuấn) by extensions ['colcon_pkg']
[0.239s] [34mcolcon.colcon_core.package_identification[0m [1;30mLevel 1[0m _identify(cocarry_logs/Tuấn) by extension 'colcon_pkg'
[0.239s] [34mcolcon.colcon_core.package_identification[0m [1;30mLevel 1[0m _identify(cocarry_logs/Tuấn) by extensions ['colcon_meta']
[0.239s] [34mcolcon.colcon_core.package_identification[0m [1;30mLevel 1[0m _identify(cocarry_logs/Tuấn) by extension 'colcon_meta'
[0.239s] [34mcolcon.colcon_core.package_identification[0m [1;30mLevel 1[0m _identify(cocarry_logs/Tuấn) by extensions ['ros']
[0.239s] [34mcolcon.colcon_core.package_identification[0m [1;30mLevel 1[0m _identify(cocarry_logs/Tuấn) by extension 'ros'
[0.239s] [34mcolcon.colcon_core.package_identification[0m [1;30mLevel 1[0m _identify(cocarry_logs/Tuấn) by extensions ['cmake', 'python']
[0.239s] [34mcolcon.colcon_core.package_identification[0m [1;30mLevel 1[0m _identify(cocarry_logs/Tuấn) by extension 'cmake'
[0.239s] [34mcolcon.colcon_core.package_identification[0m [1;30mLevel 1[0m _identify(cocarry_logs/Tuấn) by extension 'python'
[0.239s] [34mcolcon.colcon_core.package_identification[0m [1;30mLevel 1[0m _identify(cocarry_logs/Tuấn) by extensions ['python_setup_py']
[0.239s] [34mcolcon.colcon_core.package_identification[0m [1;30mLevel 1[0m _identify(cocarry_logs/Tuấn) by extension 'python_setup_py'
[0.239s] [34mcolcon.colcon_core.package_identification[0m [1;30mLevel 1[0m _identify(cocarry_logs/ros_log) by extensions ['ignore', 'ignore_ament_install']
[0.239s] [34mcolcon.colcon_core.package_identification[0m [1;30mLevel 1[0m _identify(cocarry_logs/ros_log) by extension 'ignore'
[0.239s] [34mcolcon.colcon_core.package_identification[0m [1;30mLevel 1[0m _identify(cocarry_logs/ros_log) by extension 'ignore_ament_install'
[0.239s] [34mcolcon.colcon_core.package_identification[0m [1;30mLevel 1[0m _identify(cocarry_logs/ros_log) by extensions ['colcon_pkg']
[0.239s] [34mcolcon.colcon_core.package_identification[0m [1;30mLevel 1[0m _identify(cocarry_logs/ros_log) by extension 'colcon_pkg'
[0.239s] [34mcolcon.colcon_core.package_identification[0m [1;30mLevel 1[0m _identify(cocarry_logs/ros_log) by extensions ['colcon_meta']
[0.239s] [34mcolcon.colcon_core.package_identification[0m [1;30mLevel 1[0m _identify(cocarry_logs/ros_log) by extension 'colcon_meta'
[0.239s] [34mcolcon.colcon_core.package_identification[0m [1;30mLevel 1[0m _identify(cocarry_logs/ros_log) by extensions ['ros']
[0.239s] [34mcolcon.colcon_core.package_identification[0m [1;30mLevel 1[0m _identify(cocarry_logs/ros_log) by extension 'ros'
[0.239s] [34mcolcon.colcon_core.package_identification[0m [1;30mLevel 1[0m _identify(cocarry_logs/ros_log) by extensions ['cmake', 'python']
[0.239s] [34mcolcon.colcon_core.package_identification[0m [1;30mLevel 1[0m _identify(cocarry_logs/ros_log) by extension 'cmake'
[0.239s] [34mcolcon.colcon_core.package_identification[0m [1;30mLevel 1[0m _identify(cocarry_logs/ros_log) by extension 'python'
[0.239s] [34mcolcon.colcon_core.package_identification[0m [1;30mLevel 1[0m _identify(cocarry_logs/ros_log) by extensions ['python_setup_py']
[0.239s] [34mcolcon.colcon_core.package_identification[0m [1;30mLevel 1[0m _identify(cocarry_logs/ros_log) by extension 'python_setup_py'
[0.240s] [34mcolcon.colcon_core.package_identification[0m [1;30mLevel 1[0m _identify(cocarry_logs/Đức) by extensions ['ignore', 'ignore_ament_install']
[0.240s] [34mcolcon.colcon_core.package_identification[0m [1;30mLevel 1[0m _identify(cocarry_logs/Đức) by extension 'ignore'
[0.240s] [34mcolcon.colcon_core.package_identification[0m [1;30mLevel 1[0m _identify(cocarry_logs/Đức) by extension 'ignore_ament_install'
[0.240s] [34mcolcon.colcon_core.package_identification[0m [1;30mLevel 1[0m _identify(cocarry_logs/Đức) by extensions ['colcon_pkg']
[0.240s] [34mcolcon.colcon_core.package_identification[0m [1;30mLevel 1[0m _identify(cocarry_logs/Đức) by extension 'colcon_pkg'
[0.240s] [34mcolcon.colcon_core.package_identification[0m [1;30mLevel 1[0m _identify(cocarry_logs/Đức) by extensions ['colcon_meta']
[0.240s] [34mcolcon.colcon_core.package_identification[0m [1;30mLevel 1[0m _identify(cocarry_logs/Đức) by extension 'colcon_meta'
[0.240s] [34mcolcon.colcon_core.package_identification[0m [1;30mLevel 1[0m _identify(cocarry_logs/Đức) by extensions ['ros']
[0.240s] [34mcolcon.colcon_core.package_identification[0m [1;30mLevel 1[0m _identify(cocarry_logs/Đức) by extension 'ros'
[0.240s] [34mcolcon.colcon_core.package_identification[0m [1;30mLevel 1[0m _identify(cocarry_logs/Đức) by extensions ['cmake', 'python']
[0.240s] [34mcolcon.colcon_core.package_identification[0m [1;30mLevel 1[0m _identify(cocarry_logs/Đức) by extension 'cmake'
[0.240s] [34mcolcon.colcon_core.package_identification[0m [1;30mLevel 1[0m _identify(cocarry_logs/Đức) by extension 'python'
[0.240s] [34mcolcon.colcon_core.package_identification[0m [1;30mLevel 1[0m _identify(cocarry_logs/Đức) by extensions ['python_setup_py']
[0.240s] [34mcolcon.colcon_core.package_identification[0m [1;30mLevel 1[0m _identify(cocarry_logs/Đức) by extension 'python_setup_py'
[0.240s] [34mcolcon.colcon_core.package_identification[0m [1;30mLevel 1[0m _identify(docs) by extensions ['ignore', 'ignore_ament_install']
[0.240s] [34mcolcon.colcon_core.package_identification[0m [1;30mLevel 1[0m _identify(docs) by extension 'ignore'
[0.240s] [34mcolcon.colcon_core.package_identification[0m [1;30mLevel 1[0m _identify(docs) by extension 'ignore_ament_install'
[0.240s] [34mcolcon.colcon_core.package_identification[0m [1;30mLevel 1[0m _identify(docs) by extensions ['colcon_pkg']
[0.240s] [34mcolcon.colcon_core.package_identification[0m [1;30mLevel 1[0m _identify(docs) by extension 'colcon_pkg'
[0.240s] [34mcolcon.colcon_core.package_identification[0m [1;30mLevel 1[0m _identify(docs) by extensions ['colcon_meta']
[0.240s] [34mcolcon.colcon_core.package_identification[0m [1;30mLevel 1[0m _identify(docs) by extension 'colcon_meta'
[0.240s] [34mcolcon.colcon_core.package_identification[0m [1;30mLevel 1[0m _identify(docs) by extensions ['ros']
[0.240s] [34mcolcon.colcon_core.package_identification[0m [1;30mLevel 1[0m _identify(docs) by extension 'ros'
[0.240s] [34mcolcon.colcon_core.package_identification[0m [1;30mLevel 1[0m _identify(docs) by extensions ['cmake', 'python']
[0.240s] [34mcolcon.colcon_core.package_identification[0m [1;30mLevel 1[0m _identify(docs) by extension 'cmake'
[0.240s] [34mcolcon.colcon_core.package_identification[0m [1;30mLevel 1[0m _identify(docs) by extension 'python'
[0.240s] [34mcolcon.colcon_core.package_identification[0m [1;30mLevel 1[0m _identify(docs) by extensions ['python_setup_py']
[0.240s] [34mcolcon.colcon_core.package_identification[0m [1;30mLevel 1[0m _identify(docs) by extension 'python_setup_py'
[0.240s] [34mcolcon.colcon_core.package_identification[0m [1;30mLevel 1[0m _identify(install) by extensions ['ignore', 'ignore_ament_install']
[0.240s] [34mcolcon.colcon_core.package_identification[0m [1;30mLevel 1[0m _identify(install) by extension 'ignore'
[0.240s] [34mcolcon.colcon_core.package_identification[0m [1;30mLevel 1[0m _identify(install) ignored
[0.240s] [34mcolcon.colcon_core.package_identification[0m [1;30mLevel 1[0m _identify(libfreenect2) by extensions ['ignore', 'ignore_ament_install']
[0.240s] [34mcolcon.colcon_core.package_identification[0m [1;30mLevel 1[0m _identify(libfreenect2) by extension 'ignore'
[0.240s] [34mcolcon.colcon_core.package_identification[0m [1;30mLevel 1[0m _identify(libfreenect2) by extension 'ignore_ament_install'
[0.241s] [34mcolcon.colcon_core.package_identification[0m [1;30mLevel 1[0m _identify(libfreenect2) by extensions ['colcon_pkg']
[0.241s] [34mcolcon.colcon_core.package_identification[0m [1;30mLevel 1[0m _identify(libfreenect2) by extension 'colcon_pkg'
[0.241s] [34mcolcon.colcon_core.package_identification[0m [1;30mLevel 1[0m _identify(libfreenect2) by extensions ['colcon_meta']
[0.241s] [34mcolcon.colcon_core.package_identification[0m [1;30mLevel 1[0m _identify(libfreenect2) by extension 'colcon_meta'
[0.241s] [34mcolcon.colcon_core.package_identification[0m [1;30mLevel 1[0m _identify(libfreenect2) by extensions ['ros']
[0.241s] [34mcolcon.colcon_core.package_identification[0m [1;30mLevel 1[0m _identify(libfreenect2) by extension 'ros'
[0.241s] [34mcolcon.colcon_core.package_identification[0m [1;30mLevel 1[0m _identify(libfreenect2) by extensions ['cmake', 'python']
[0.241s] [34mcolcon.colcon_core.package_identification[0m [1;30mLevel 1[0m _identify(libfreenect2) by extension 'cmake'
[0.248s] [34mcolcon.colcon_core.package_identification[0m [1;30mLevel 1[0m _identify(libfreenect2) by extension 'python'
[0.248s] [34mcolcon.colcon_core.package_identification[0m [1;30mDEBUG[0m [32mPackage 'libfreenect2' with type 'cmake' and name 'libfreenect2'[0m
[0.248s] [34mcolcon.colcon_core.package_identification[0m [1;30mLevel 1[0m _identify(log) by extensions ['ignore', 'ignore_ament_install']
[0.248s] [34mcolcon.colcon_core.package_identification[0m [1;30mLevel 1[0m _identify(log) by extension 'ignore'
[0.248s] [34mcolcon.colcon_core.package_identification[0m [1;30mLevel 1[0m _identify(log) ignored
[0.248s] [34mcolcon.colcon_core.package_identification[0m [1;30mLevel 1[0m _identify(log_temp) by extensions ['ignore', 'ignore_ament_install']
[0.248s] [34mcolcon.colcon_core.package_identification[0m [1;30mLevel 1[0m _identify(log_temp) by extension 'ignore'
[0.248s] [34mcolcon.colcon_core.package_identification[0m [1;30mLevel 1[0m _identify(log_temp) by extension 'ignore_ament_install'
[0.249s] [34mcolcon.colcon_core.package_identification[0m [1;30mLevel 1[0m _identify(log_temp) by extensions ['colcon_pkg']
[0.249s] [34mcolcon.colcon_core.package_identification[0m [1;30mLevel 1[0m _identify(log_temp) by extension 'colcon_pkg'
[0.249s] [34mcolcon.colcon_core.package_identification[0m [1;30mLevel 1[0m _identify(log_temp) by extensions ['colcon_meta']
[0.249s] [34mcolcon.colcon_core.package_identification[0m [1;30mLevel 1[0m _identify(log_temp) by extension 'colcon_meta'
[0.249s] [34mcolcon.colcon_core.package_identification[0m [1;30mLevel 1[0m _identify(log_temp) by extensions ['ros']
[0.249s] [34mcolcon.colcon_core.package_identification[0m [1;30mLevel 1[0m _identify(log_temp) by extension 'ros'
[0.249s] [34mcolcon.colcon_core.package_identification[0m [1;30mLevel 1[0m _identify(log_temp) by extensions ['cmake', 'python']
[0.249s] [34mcolcon.colcon_core.package_identification[0m [1;30mLevel 1[0m _identify(log_temp) by extension 'cmake'
[0.249s] [34mcolcon.colcon_core.package_identification[0m [1;30mLevel 1[0m _identify(log_temp) by extension 'python'
[0.249s] [34mcolcon.colcon_core.package_identification[0m [1;30mLevel 1[0m _identify(log_temp) by extensions ['python_setup_py']
[0.249s] [34mcolcon.colcon_core.package_identification[0m [1;30mLevel 1[0m _identify(log_temp) by extension 'python_setup_py'
[0.249s] [34mcolcon.colcon_core.package_identification[0m [1;30mLevel 1[0m _identify(ros_log) by extensions ['ignore', 'ignore_ament_install']
[0.249s] [34mcolcon.colcon_core.package_identification[0m [1;30mLevel 1[0m _identify(ros_log) by extension 'ignore'
[0.249s] [34mcolcon.colcon_core.package_identification[0m [1;30mLevel 1[0m _identify(ros_log) by extension 'ignore_ament_install'
[0.249s] [34mcolcon.colcon_core.package_identification[0m [1;30mLevel 1[0m _identify(ros_log) by extensions ['colcon_pkg']
[0.249s] [34mcolcon.colcon_core.package_identification[0m [1;30mLevel 1[0m _identify(ros_log) by extension 'colcon_pkg'
[0.249s] [34mcolcon.colcon_core.package_identification[0m [1;30mLevel 1[0m _identify(ros_log) by extensions ['colcon_meta']
[0.249s] [34mcolcon.colcon_core.package_identification[0m [1;30mLevel 1[0m _identify(ros_log) by extension 'colcon_meta'
[0.249s] [34mcolcon.colcon_core.package_identification[0m [1;30mLevel 1[0m _identify(ros_log) by extensions ['ros']
[0.249s] [34mcolcon.colcon_core.package_identification[0m [1;30mLevel 1[0m _identify(ros_log) by extension 'ros'
[0.249s] [34mcolcon.colcon_core.package_identification[0m [1;30mLevel 1[0m _identify(ros_log) by extensions ['cmake', 'python']
[0.249s] [34mcolcon.colcon_core.package_identification[0m [1;30mLevel 1[0m _identify(ros_log) by extension 'cmake'
[0.249s] [34mcolcon.colcon_core.package_identification[0m [1;30mLevel 1[0m _identify(ros_log) by extension 'python'
[0.249s] [34mcolcon.colcon_core.package_identification[0m [1;30mLevel 1[0m _identify(ros_log) by extensions ['python_setup_py']
[0.249s] [34mcolcon.colcon_core.package_identification[0m [1;30mLevel 1[0m _identify(ros_log) by extension 'python_setup_py'
[0.249s] [34mcolcon.colcon_core.package_identification[0m [1;30mLevel 1[0m _identify(src) by extensions ['ignore', 'ignore_ament_install']
[0.250s] [34mcolcon.colcon_core.package_identification[0m [1;30mLevel 1[0m _identify(src) by extension 'ignore'
[0.250s] [34mcolcon.colcon_core.package_identification[0m [1;30mLevel 1[0m _identify(src) by extension 'ignore_ament_install'
[0.250s] [34mcolcon.colcon_core.package_identification[0m [1;30mLevel 1[0m _identify(src) by extensions ['colcon_pkg']
[0.250s] [34mcolcon.colcon_core.package_identification[0m [1;30mLevel 1[0m _identify(src) by extension 'colcon_pkg'
[0.250s] [34mcolcon.colcon_core.package_identification[0m [1;30mLevel 1[0m _identify(src) by extensions ['colcon_meta']
[0.250s] [34mcolcon.colcon_core.package_identification[0m [1;30mLevel 1[0m _identify(src) by extension 'colcon_meta'
[0.250s] [34mcolcon.colcon_core.package_identification[0m [1;30mLevel 1[0m _identify(src) by extensions ['ros']
[0.250s] [34mcolcon.colcon_core.package_identification[0m [1;30mLevel 1[0m _identify(src) by extension 'ros'
[0.250s] [34mcolcon.colcon_core.package_identification[0m [1;30mLevel 1[0m _identify(src) by extensions ['cmake', 'python']
[0.250s] [34mcolcon.colcon_core.package_identification[0m [1;30mLevel 1[0m _identify(src) by extension 'cmake'
[0.250s] [34mcolcon.colcon_core.package_identification[0m [1;30mLevel 1[0m _identify(src) by extension 'python'
[0.250s] [34mcolcon.colcon_core.package_identification[0m [1;30mLevel 1[0m _identify(src) by extensions ['python_setup_py']
[0.250s] [34mcolcon.colcon_core.package_identification[0m [1;30mLevel 1[0m _identify(src) by extension 'python_setup_py'
[0.250s] [34mcolcon.colcon_core.package_identification[0m [1;30mLevel 1[0m _identify(src/GRU-Model) by extensions ['ignore', 'ignore_ament_install']
[0.250s] [34mcolcon.colcon_core.package_identification[0m [1;30mLevel 1[0m _identify(src/GRU-Model) by extension 'ignore'
[0.250s] [34mcolcon.colcon_core.package_identification[0m [1;30mLevel 1[0m _identify(src/GRU-Model) by extension 'ignore_ament_install'
[0.250s] [34mcolcon.colcon_core.package_identification[0m [1;30mLevel 1[0m _identify(src/GRU-Model) by extensions ['colcon_pkg']
[0.250s] [34mcolcon.colcon_core.package_identification[0m [1;30mLevel 1[0m _identify(src/GRU-Model) by extension 'colcon_pkg'
[0.250s] [34mcolcon.colcon_core.package_identification[0m [1;30mLevel 1[0m _identify(src/GRU-Model) by extensions ['colcon_meta']
[0.250s] [34mcolcon.colcon_core.package_identification[0m [1;30mLevel 1[0m _identify(src/GRU-Model) by extension 'colcon_meta'
[0.250s] [34mcolcon.colcon_core.package_identification[0m [1;30mLevel 1[0m _identify(src/GRU-Model) by extensions ['ros']
[0.250s] [34mcolcon.colcon_core.package_identification[0m [1;30mLevel 1[0m _identify(src/GRU-Model) by extension 'ros'
[0.250s] [34mcolcon.colcon_core.package_identification[0m [1;30mLevel 1[0m _identify(src/GRU-Model) by extensions ['cmake', 'python']
[0.250s] [34mcolcon.colcon_core.package_identification[0m [1;30mLevel 1[0m _identify(src/GRU-Model) by extension 'cmake'
[0.250s] [34mcolcon.colcon_core.package_identification[0m [1;30mLevel 1[0m _identify(src/GRU-Model) by extension 'python'
[0.250s] [34mcolcon.colcon_core.package_identification[0m [1;30mLevel 1[0m _identify(src/GRU-Model) by extensions ['python_setup_py']
[0.250s] [34mcolcon.colcon_core.package_identification[0m [1;30mLevel 1[0m _identify(src/GRU-Model) by extension 'python_setup_py'
[0.250s] [34mcolcon.colcon_core.package_identification[0m [1;30mLevel 1[0m _identify(src/GRU-Model/Best_Autoregressive) by extensions ['ignore', 'ignore_ament_install']
[0.251s] [34mcolcon.colcon_core.package_identification[0m [1;30mLevel 1[0m _identify(src/GRU-Model/Best_Autoregressive) by extension 'ignore'
[0.251s] [34mcolcon.colcon_core.package_identification[0m [1;30mLevel 1[0m _identify(src/GRU-Model/Best_Autoregressive) by extension 'ignore_ament_install'
[0.251s] [34mcolcon.colcon_core.package_identification[0m [1;30mLevel 1[0m _identify(src/GRU-Model/Best_Autoregressive) by extensions ['colcon_pkg']
[0.251s] [34mcolcon.colcon_core.package_identification[0m [1;30mLevel 1[0m _identify(src/GRU-Model/Best_Autoregressive) by extension 'colcon_pkg'
[0.251s] [34mcolcon.colcon_core.package_identification[0m [1;30mLevel 1[0m _identify(src/GRU-Model/Best_Autoregressive) by extensions ['colcon_meta']
[0.251s] [34mcolcon.colcon_core.package_identification[0m [1;30mLevel 1[0m _identify(src/GRU-Model/Best_Autoregressive) by extension 'colcon_meta'
[0.251s] [34mcolcon.colcon_core.package_identification[0m [1;30mLevel 1[0m _identify(src/GRU-Model/Best_Autoregressive) by extensions ['ros']
[0.251s] [34mcolcon.colcon_core.package_identification[0m [1;30mLevel 1[0m _identify(src/GRU-Model/Best_Autoregressive) by extension 'ros'
[0.251s] [34mcolcon.colcon_core.package_identification[0m [1;30mLevel 1[0m _identify(src/GRU-Model/Best_Autoregressive) by extensions ['cmake', 'python']
[0.251s] [34mcolcon.colcon_core.package_identification[0m [1;30mLevel 1[0m _identify(src/GRU-Model/Best_Autoregressive) by extension 'cmake'
[0.251s] [34mcolcon.colcon_core.package_identification[0m [1;30mLevel 1[0m _identify(src/GRU-Model/Best_Autoregressive) by extension 'python'
[0.251s] [34mcolcon.colcon_core.package_identification[0m [1;30mLevel 1[0m _identify(src/GRU-Model/Best_Autoregressive) by extensions ['python_setup_py']
[0.251s] [34mcolcon.colcon_core.package_identification[0m [1;30mLevel 1[0m _identify(src/GRU-Model/Best_Autoregressive) by extension 'python_setup_py'
[0.251s] [34mcolcon.colcon_core.package_identification[0m [1;30mLevel 1[0m _identify(src/coord_transform) by extensions ['ignore', 'ignore_ament_install']
[0.251s] [34mcolcon.colcon_core.package_identification[0m [1;30mLevel 1[0m _identify(src/coord_transform) by extension 'ignore'
[0.251s] [34mcolcon.colcon_core.package_identification[0m [1;30mLevel 1[0m _identify(src/coord_transform) by extension 'ignore_ament_install'
[0.251s] [34mcolcon.colcon_core.package_identification[0m [1;30mLevel 1[0m _identify(src/coord_transform) by extensions ['colcon_pkg']
[0.251s] [34mcolcon.colcon_core.package_identification[0m [1;30mLevel 1[0m _identify(src/coord_transform) by extension 'colcon_pkg'
[0.251s] [34mcolcon.colcon_core.package_identification[0m [1;30mLevel 1[0m _identify(src/coord_transform) by extensions ['colcon_meta']
[0.251s] [34mcolcon.colcon_core.package_identification[0m [1;30mLevel 1[0m _identify(src/coord_transform) by extension 'colcon_meta'
[0.251s] [34mcolcon.colcon_core.package_identification[0m [1;30mLevel 1[0m _identify(src/coord_transform) by extensions ['ros']
[0.251s] [34mcolcon.colcon_core.package_identification[0m [1;30mLevel 1[0m _identify(src/coord_transform) by extension 'ros'
[0.254s] [34mcolcon.colcon_core.package_identification[0m [1;30mDEBUG[0m [32mPackage 'src/coord_transform' with type 'ros.ament_python' and name 'coord_transform'[0m
[0.254s] [34mcolcon.colcon_core.package_identification[0m [1;30mLevel 1[0m _identify(src/experiment_logger) by extensions ['ignore', 'ignore_ament_install']
[0.254s] [34mcolcon.colcon_core.package_identification[0m [1;30mLevel 1[0m _identify(src/experiment_logger) by extension 'ignore'
[0.254s] [34mcolcon.colcon_core.package_identification[0m [1;30mLevel 1[0m _identify(src/experiment_logger) by extension 'ignore_ament_install'
[0.254s] [34mcolcon.colcon_core.package_identification[0m [1;30mLevel 1[0m _identify(src/experiment_logger) by extensions ['colcon_pkg']
[0.254s] [34mcolcon.colcon_core.package_identification[0m [1;30mLevel 1[0m _identify(src/experiment_logger) by extension 'colcon_pkg'
[0.254s] [34mcolcon.colcon_core.package_identification[0m [1;30mLevel 1[0m _identify(src/experiment_logger) by extensions ['colcon_meta']
[0.254s] [34mcolcon.colcon_core.package_identification[0m [1;30mLevel 1[0m _identify(src/experiment_logger) by extension 'colcon_meta'
[0.254s] [34mcolcon.colcon_core.package_identification[0m [1;30mLevel 1[0m _identify(src/experiment_logger) by extensions ['ros']
[0.254s] [34mcolcon.colcon_core.package_identification[0m [1;30mLevel 1[0m _identify(src/experiment_logger) by extension 'ros'
[0.255s] [34mcolcon.colcon_core.package_identification[0m [1;30mDEBUG[0m [32mPackage 'src/experiment_logger' with type 'ros.ament_python' and name 'experiment_logger'[0m
[0.255s] [34mcolcon.colcon_core.package_identification[0m [1;30mLevel 1[0m _identify(src/hc10dtp_bringup) by extensions ['ignore', 'ignore_ament_install']
[0.255s] [34mcolcon.colcon_core.package_identification[0m [1;30mLevel 1[0m _identify(src/hc10dtp_bringup) by extension 'ignore'
[0.255s] [34mcolcon.colcon_core.package_identification[0m [1;30mLevel 1[0m _identify(src/hc10dtp_bringup) by extension 'ignore_ament_install'
[0.255s] [34mcolcon.colcon_core.package_identification[0m [1;30mLevel 1[0m _identify(src/hc10dtp_bringup) by extensions ['colcon_pkg']
[0.255s] [34mcolcon.colcon_core.package_identification[0m [1;30mLevel 1[0m _identify(src/hc10dtp_bringup) by extension 'colcon_pkg'
[0.255s] [34mcolcon.colcon_core.package_identification[0m [1;30mLevel 1[0m _identify(src/hc10dtp_bringup) by extensions ['colcon_meta']
[0.255s] [34mcolcon.colcon_core.package_identification[0m [1;30mLevel 1[0m _identify(src/hc10dtp_bringup) by extension 'colcon_meta'
[0.255s] [34mcolcon.colcon_core.package_identification[0m [1;30mLevel 1[0m _identify(src/hc10dtp_bringup) by extensions ['ros']
[0.255s] [34mcolcon.colcon_core.package_identification[0m [1;30mLevel 1[0m _identify(src/hc10dtp_bringup) by extension 'ros'
[0.255s] [34mcolcon.colcon_core.package_identification[0m [1;30mDEBUG[0m [32mPackage 'src/hc10dtp_bringup' with type 'ros.ament_cmake' and name 'hc10dtp_bringup'[0m
[0.256s] [34mcolcon.colcon_core.package_identification[0m [1;30mLevel 1[0m _identify(src/hc10dtp_moveit_config) by extensions ['ignore', 'ignore_ament_install']
[0.256s] [34mcolcon.colcon_core.package_identification[0m [1;30mLevel 1[0m _identify(src/hc10dtp_moveit_config) by extension 'ignore'
[0.256s] [34mcolcon.colcon_core.package_identification[0m [1;30mLevel 1[0m _identify(src/hc10dtp_moveit_config) by extension 'ignore_ament_install'
[0.256s] [34mcolcon.colcon_core.package_identification[0m [1;30mLevel 1[0m _identify(src/hc10dtp_moveit_config) by extensions ['colcon_pkg']
[0.256s] [34mcolcon.colcon_core.package_identification[0m [1;30mLevel 1[0m _identify(src/hc10dtp_moveit_config) by extension 'colcon_pkg'
[0.256s] [34mcolcon.colcon_core.package_identification[0m [1;30mLevel 1[0m _identify(src/hc10dtp_moveit_config) by extensions ['colcon_meta']
[0.256s] [34mcolcon.colcon_core.package_identification[0m [1;30mLevel 1[0m _identify(src/hc10dtp_moveit_config) by extension 'colcon_meta'
[0.256s] [34mcolcon.colcon_core.package_identification[0m [1;30mLevel 1[0m _identify(src/hc10dtp_moveit_config) by extensions ['ros']
[0.256s] [34mcolcon.colcon_core.package_identification[0m [1;30mLevel 1[0m _identify(src/hc10dtp_moveit_config) by extension 'ros'
[0.256s] [34mcolcon.colcon_core.package_identification[0m [1;30mDEBUG[0m [32mPackage 'src/hc10dtp_moveit_config' with type 'ros.ament_cmake' and name 'hc10dtp_moveit_config'[0m
[0.257s] [34mcolcon.colcon_core.package_identification[0m [1;30mLevel 1[0m _identify(src/hc10dtp_simulation) by extensions ['ignore', 'ignore_ament_install']
[0.257s] [34mcolcon.colcon_core.package_identification[0m [1;30mLevel 1[0m _identify(src/hc10dtp_simulation) by extension 'ignore'
[0.257s] [34mcolcon.colcon_core.package_identification[0m [1;30mLevel 1[0m _identify(src/hc10dtp_simulation) by extension 'ignore_ament_install'
[0.257s] [34mcolcon.colcon_core.package_identification[0m [1;30mLevel 1[0m _identify(src/hc10dtp_simulation) by extensions ['colcon_pkg']
[0.257s] [34mcolcon.colcon_core.package_identification[0m [1;30mLevel 1[0m _identify(src/hc10dtp_simulation) by extension 'colcon_pkg'
[0.257s] [34mcolcon.colcon_core.package_identification[0m [1;30mLevel 1[0m _identify(src/hc10dtp_simulation) by extensions ['colcon_meta']
[0.257s] [34mcolcon.colcon_core.package_identification[0m [1;30mLevel 1[0m _identify(src/hc10dtp_simulation) by extension 'colcon_meta'
[0.257s] [34mcolcon.colcon_core.package_identification[0m [1;30mLevel 1[0m _identify(src/hc10dtp_simulation) by extensions ['ros']
[0.257s] [34mcolcon.colcon_core.package_identification[0m [1;30mLevel 1[0m _identify(src/hc10dtp_simulation) by extension 'ros'
[0.257s] [34mcolcon.colcon_core.package_identification[0m [1;30mDEBUG[0m [32mPackage 'src/hc10dtp_simulation' with type 'ros.ament_cmake' and name 'hc10dtp_simulation'[0m
[0.257s] [34mcolcon.colcon_core.package_identification[0m [1;30mLevel 1[0m _identify(src/hrc_bringup) by extensions ['ignore', 'ignore_ament_install']
[0.258s] [34mcolcon.colcon_core.package_identification[0m [1;30mLevel 1[0m _identify(src/hrc_bringup) by extension 'ignore'
[0.258s] [34mcolcon.colcon_core.package_identification[0m [1;30mLevel 1[0m _identify(src/hrc_bringup) by extension 'ignore_ament_install'
[0.258s] [34mcolcon.colcon_core.package_identification[0m [1;30mLevel 1[0m _identify(src/hrc_bringup) by extensions ['colcon_pkg']
[0.258s] [34mcolcon.colcon_core.package_identification[0m [1;30mLevel 1[0m _identify(src/hrc_bringup) by extension 'colcon_pkg'
[0.258s] [34mcolcon.colcon_core.package_identification[0m [1;30mLevel 1[0m _identify(src/hrc_bringup) by extensions ['colcon_meta']
[0.258s] [34mcolcon.colcon_core.package_identification[0m [1;30mLevel 1[0m _identify(src/hrc_bringup) by extension 'colcon_meta'
[0.258s] [34mcolcon.colcon_core.package_identification[0m [1;30mLevel 1[0m _identify(src/hrc_bringup) by extensions ['ros']
[0.258s] [34mcolcon.colcon_core.package_identification[0m [1;30mLevel 1[0m _identify(src/hrc_bringup) by extension 'ros'
[0.258s] [34mcolcon.colcon_core.package_identification[0m [1;30mDEBUG[0m [32mPackage 'src/hrc_bringup' with type 'ros.ament_cmake' and name 'hrc_bringup'[0m
[0.258s] [34mcolcon.colcon_core.package_identification[0m [1;30mLevel 1[0m _identify(src/human_hand_msgs) by extensions ['ignore', 'ignore_ament_install']
[0.258s] [34mcolcon.colcon_core.package_identification[0m [1;30mLevel 1[0m _identify(src/human_hand_msgs) by extension 'ignore'
[0.258s] [34mcolcon.colcon_core.package_identification[0m [1;30mLevel 1[0m _identify(src/human_hand_msgs) by extension 'ignore_ament_install'
[0.258s] [34mcolcon.colcon_core.package_identification[0m [1;30mLevel 1[0m _identify(src/human_hand_msgs) by extensions ['colcon_pkg']
[0.258s] [34mcolcon.colcon_core.package_identification[0m [1;30mLevel 1[0m _identify(src/human_hand_msgs) by extension 'colcon_pkg'
[0.258s] [34mcolcon.colcon_core.package_identification[0m [1;30mLevel 1[0m _identify(src/human_hand_msgs) by extensions ['colcon_meta']
[0.258s] [34mcolcon.colcon_core.package_identification[0m [1;30mLevel 1[0m _identify(src/human_hand_msgs) by extension 'colcon_meta'
[0.259s] [34mcolcon.colcon_core.package_identification[0m [1;30mLevel 1[0m _identify(src/human_hand_msgs) by extensions ['ros']
[0.259s] [34mcolcon.colcon_core.package_identification[0m [1;30mLevel 1[0m _identify(src/human_hand_msgs) by extension 'ros'
[0.259s] [34mcolcon.colcon_core.package_identification[0m [1;30mDEBUG[0m [32mPackage 'src/human_hand_msgs' with type 'ros.catkin' and name 'human_hand_msgs'[0m
[0.259s] [34mcolcon.colcon_core.package_identification[0m [1;30mLevel 1[0m _identify(src/kinect2_ros2) by extensions ['ignore', 'ignore_ament_install']
[0.259s] [34mcolcon.colcon_core.package_identification[0m [1;30mLevel 1[0m _identify(src/kinect2_ros2) by extension 'ignore'
[0.259s] [34mcolcon.colcon_core.package_identification[0m [1;30mLevel 1[0m _identify(src/kinect2_ros2) by extension 'ignore_ament_install'
[0.259s] [34mcolcon.colcon_core.package_identification[0m [1;30mLevel 1[0m _identify(src/kinect2_ros2) by extensions ['colcon_pkg']
[0.259s] [34mcolcon.colcon_core.package_identification[0m [1;30mLevel 1[0m _identify(src/kinect2_ros2) by extension 'colcon_pkg'
[0.259s] [34mcolcon.colcon_core.package_identification[0m [1;30mLevel 1[0m _identify(src/kinect2_ros2) by extensions ['colcon_meta']
[0.259s] [34mcolcon.colcon_core.package_identification[0m [1;30mLevel 1[0m _identify(src/kinect2_ros2) by extension 'colcon_meta'
[0.259s] [34mcolcon.colcon_core.package_identification[0m [1;30mLevel 1[0m _identify(src/kinect2_ros2) by extensions ['ros']
[0.259s] [34mcolcon.colcon_core.package_identification[0m [1;30mLevel 1[0m _identify(src/kinect2_ros2) by extension 'ros'
[0.259s] [34mcolcon.colcon_core.package_identification[0m [1;30mLevel 1[0m _identify(src/kinect2_ros2) by extensions ['cmake', 'python']
[0.259s] [34mcolcon.colcon_core.package_identification[0m [1;30mLevel 1[0m _identify(src/kinect2_ros2) by extension 'cmake'
[0.259s] [34mcolcon.colcon_core.package_identification[0m [1;30mLevel 1[0m _identify(src/kinect2_ros2) by extension 'python'
[0.259s] [34mcolcon.colcon_core.package_identification[0m [1;30mLevel 1[0m _identify(src/kinect2_ros2) by extensions ['python_setup_py']
[0.260s] [34mcolcon.colcon_core.package_identification[0m [1;30mLevel 1[0m _identify(src/kinect2_ros2) by extension 'python_setup_py'
[0.260s] [34mcolcon.colcon_core.package_identification[0m [1;30mLevel 1[0m _identify(src/kinect2_ros2/kinect2_bridge) by extensions ['ignore', 'ignore_ament_install']
[0.260s] [34mcolcon.colcon_core.package_identification[0m [1;30mLevel 1[0m _identify(src/kinect2_ros2/kinect2_bridge) by extension 'ignore'
[0.260s] [34mcolcon.colcon_core.package_identification[0m [1;30mLevel 1[0m _identify(src/kinect2_ros2/kinect2_bridge) by extension 'ignore_ament_install'
[0.260s] [34mcolcon.colcon_core.package_identification[0m [1;30mLevel 1[0m _identify(src/kinect2_ros2/kinect2_bridge) by extensions ['colcon_pkg']
[0.260s] [34mcolcon.colcon_core.package_identification[0m [1;30mLevel 1[0m _identify(src/kinect2_ros2/kinect2_bridge) by extension 'colcon_pkg'
[0.260s] [34mcolcon.colcon_core.package_identification[0m [1;30mLevel 1[0m _identify(src/kinect2_ros2/kinect2_bridge) by extensions ['colcon_meta']
[0.260s] [34mcolcon.colcon_core.package_identification[0m [1;30mLevel 1[0m _identify(src/kinect2_ros2/kinect2_bridge) by extension 'colcon_meta'
[0.260s] [34mcolcon.colcon_core.package_identification[0m [1;30mLevel 1[0m _identify(src/kinect2_ros2/kinect2_bridge) by extensions ['ros']
[0.260s] [34mcolcon.colcon_core.package_identification[0m [1;30mLevel 1[0m _identify(src/kinect2_ros2/kinect2_bridge) by extension 'ros'
[0.261s] [34mcolcon.colcon_core.package_identification[0m [1;30mDEBUG[0m [32mPackage 'src/kinect2_ros2/kinect2_bridge' with type 'ros.ament_cmake' and name 'kinect2_bridge'[0m
[0.261s] [34mcolcon.colcon_core.package_identification[0m [1;30mLevel 1[0m _identify(src/kinect2_ros2/kinect2_calibration) by extensions ['ignore', 'ignore_ament_install']
[0.261s] [34mcolcon.colcon_core.package_identification[0m [1;30mLevel 1[0m _identify(src/kinect2_ros2/kinect2_calibration) by extension 'ignore'
[0.261s] [34mcolcon.colcon_core.package_identification[0m [1;30mLevel 1[0m _identify(src/kinect2_ros2/kinect2_calibration) by extension 'ignore_ament_install'
[0.261s] [34mcolcon.colcon_core.package_identification[0m [1;30mLevel 1[0m _identify(src/kinect2_ros2/kinect2_calibration) by extensions ['colcon_pkg']
[0.261s] [34mcolcon.colcon_core.package_identification[0m [1;30mLevel 1[0m _identify(src/kinect2_ros2/kinect2_calibration) by extension 'colcon_pkg'
[0.261s] [34mcolcon.colcon_core.package_identification[0m [1;30mLevel 1[0m _identify(src/kinect2_ros2/kinect2_calibration) by extensions ['colcon_meta']
[0.261s] [34mcolcon.colcon_core.package_identification[0m [1;30mLevel 1[0m _identify(src/kinect2_ros2/kinect2_calibration) by extension 'colcon_meta'
[0.261s] [34mcolcon.colcon_core.package_identification[0m [1;30mLevel 1[0m _identify(src/kinect2_ros2/kinect2_calibration) by extensions ['ros']
[0.261s] [34mcolcon.colcon_core.package_identification[0m [1;30mLevel 1[0m _identify(src/kinect2_ros2/kinect2_calibration) by extension 'ros'
[0.262s] [34mcolcon.colcon_core.package_identification[0m [1;30mDEBUG[0m [32mPackage 'src/kinect2_ros2/kinect2_calibration' with type 'ros.ament_cmake' and name 'kinect2_calibration'[0m
[0.262s] [34mcolcon.colcon_core.package_identification[0m [1;30mLevel 1[0m _identify(src/kinect2_ros2/kinect2_registration) by extensions ['ignore', 'ignore_ament_install']
[0.262s] [34mcolcon.colcon_core.package_identification[0m [1;30mLevel 1[0m _identify(src/kinect2_ros2/kinect2_registration) by extension 'ignore'
[0.262s] [34mcolcon.colcon_core.package_identification[0m [1;30mLevel 1[0m _identify(src/kinect2_ros2/kinect2_registration) by extension 'ignore_ament_install'
[0.262s] [34mcolcon.colcon_core.package_identification[0m [1;30mLevel 1[0m _identify(src/kinect2_ros2/kinect2_registration) by extensions ['colcon_pkg']
[0.262s] [34mcolcon.colcon_core.package_identification[0m [1;30mLevel 1[0m _identify(src/kinect2_ros2/kinect2_registration) by extension 'colcon_pkg'
[0.262s] [34mcolcon.colcon_core.package_identification[0m [1;30mLevel 1[0m _identify(src/kinect2_ros2/kinect2_registration) by extensions ['colcon_meta']
[0.262s] [34mcolcon.colcon_core.package_identification[0m [1;30mLevel 1[0m _identify(src/kinect2_ros2/kinect2_registration) by extension 'colcon_meta'
[0.262s] [34mcolcon.colcon_core.package_identification[0m [1;30mLevel 1[0m _identify(src/kinect2_ros2/kinect2_registration) by extensions ['ros']
[0.262s] [34mcolcon.colcon_core.package_identification[0m [1;30mLevel 1[0m _identify(src/kinect2_ros2/kinect2_registration) by extension 'ros'
[0.263s] [34mcolcon.colcon_core.package_identification[0m [1;30mDEBUG[0m [32mPackage 'src/kinect2_ros2/kinect2_registration' with type 'ros.ament_cmake' and name 'kinect2_registration'[0m
[0.263s] [34mcolcon.colcon_core.package_identification[0m [1;30mLevel 1[0m _identify(src/motoman_ros2_support_packages) by extensions ['ignore', 'ignore_ament_install']
[0.263s] [34mcolcon.colcon_core.package_identification[0m [1;30mLevel 1[0m _identify(src/motoman_ros2_support_packages) by extension 'ignore'
[0.263s] [34mcolcon.colcon_core.package_identification[0m [1;30mLevel 1[0m _identify(src/motoman_ros2_support_packages) by extension 'ignore_ament_install'
[0.263s] [34mcolcon.colcon_core.package_identification[0m [1;30mLevel 1[0m _identify(src/motoman_ros2_support_packages) by extensions ['colcon_pkg']
[0.263s] [34mcolcon.colcon_core.package_identification[0m [1;30mLevel 1[0m _identify(src/motoman_ros2_support_packages) by extension 'colcon_pkg'
[0.263s] [34mcolcon.colcon_core.package_identification[0m [1;30mLevel 1[0m _identify(src/motoman_ros2_support_packages) by extensions ['colcon_meta']
[0.263s] [34mcolcon.colcon_core.package_identification[0m [1;30mLevel 1[0m _identify(src/motoman_ros2_support_packages) by extension 'colcon_meta'
[0.263s] [34mcolcon.colcon_core.package_identification[0m [1;30mLevel 1[0m _identify(src/motoman_ros2_support_packages) by extensions ['ros']
[0.263s] [34mcolcon.colcon_core.package_identification[0m [1;30mLevel 1[0m _identify(src/motoman_ros2_support_packages) by extension 'ros'
[0.263s] [34mcolcon.colcon_core.package_identification[0m [1;30mLevel 1[0m _identify(src/motoman_ros2_support_packages) by extensions ['cmake', 'python']
[0.263s] [34mcolcon.colcon_core.package_identification[0m [1;30mLevel 1[0m _identify(src/motoman_ros2_support_packages) by extension 'cmake'
[0.263s] [34mcolcon.colcon_core.package_identification[0m [1;30mLevel 1[0m _identify(src/motoman_ros2_support_packages) by extension 'python'
[0.263s] [34mcolcon.colcon_core.package_identification[0m [1;30mLevel 1[0m _identify(src/motoman_ros2_support_packages) by extensions ['python_setup_py']
[0.263s] [34mcolcon.colcon_core.package_identification[0m [1;30mLevel 1[0m _identify(src/motoman_ros2_support_packages) by extension 'python_setup_py'
[0.263s] [34mcolcon.colcon_core.package_identification[0m [1;30mLevel 1[0m _identify(src/motoman_ros2_support_packages/motoman_gp4_support) by extensions ['ignore', 'ignore_ament_install']
[0.263s] [34mcolcon.colcon_core.package_identification[0m [1;30mLevel 1[0m _identify(src/motoman_ros2_support_packages/motoman_gp4_support) by extension 'ignore'
[0.264s] [34mcolcon.colcon_core.package_identification[0m [1;30mLevel 1[0m _identify(src/motoman_ros2_support_packages/motoman_gp4_support) by extension 'ignore_ament_install'
[0.264s] [34mcolcon.colcon_core.package_identification[0m [1;30mLevel 1[0m _identify(src/motoman_ros2_support_packages/motoman_gp4_support) by extensions ['colcon_pkg']
[0.264s] [34mcolcon.colcon_core.package_identification[0m [1;30mLevel 1[0m _identify(src/motoman_ros2_support_packages/motoman_gp4_support) by extension 'colcon_pkg'
[0.264s] [34mcolcon.colcon_core.package_identification[0m [1;30mLevel 1[0m _identify(src/motoman_ros2_support_packages/motoman_gp4_support) by extensions ['colcon_meta']
[0.264s] [34mcolcon.colcon_core.package_identification[0m [1;30mLevel 1[0m _identify(src/motoman_ros2_support_packages/motoman_gp4_support) by extension 'colcon_meta'
[0.264s] [34mcolcon.colcon_core.package_identification[0m [1;30mLevel 1[0m _identify(src/motoman_ros2_support_packages/motoman_gp4_support) by extensions ['ros']
[0.264s] [34mcolcon.colcon_core.package_identification[0m [1;30mLevel 1[0m _identify(src/motoman_ros2_support_packages/motoman_gp4_support) by extension 'ros'
[0.264s] [34mcolcon.colcon_core.package_identification[0m [1;30mDEBUG[0m [32mPackage 'src/motoman_ros2_support_packages/motoman_gp4_support' with type 'ros.ament_cmake' and name 'motoman_gp4_support'[0m
[0.264s] [34mcolcon.colcon_core.package_identification[0m [1;30mLevel 1[0m _identify(src/motoman_ros2_support_packages/motoman_hc10dtp_support) by extensions ['ignore', 'ignore_ament_install']
[0.264s] [34mcolcon.colcon_core.package_identification[0m [1;30mLevel 1[0m _identify(src/motoman_ros2_support_packages/motoman_hc10dtp_support) by extension 'ignore'
[0.264s] [34mcolcon.colcon_core.package_identification[0m [1;30mLevel 1[0m _identify(src/motoman_ros2_support_packages/motoman_hc10dtp_support) by extension 'ignore_ament_install'
[0.265s] [34mcolcon.colcon_core.package_identification[0m [1;30mLevel 1[0m _identify(src/motoman_ros2_support_packages/motoman_hc10dtp_support) by extensions ['colcon_pkg']
[0.265s] [34mcolcon.colcon_core.package_identification[0m [1;30mLevel 1[0m _identify(src/motoman_ros2_support_packages/motoman_hc10dtp_support) by extension 'colcon_pkg'
[0.265s] [34mcolcon.colcon_core.package_identification[0m [1;30mLevel 1[0m _identify(src/motoman_ros2_support_packages/motoman_hc10dtp_support) by extensions ['colcon_meta']
[0.265s] [34mcolcon.colcon_core.package_identification[0m [1;30mLevel 1[0m _identify(src/motoman_ros2_support_packages/motoman_hc10dtp_support) by extension 'colcon_meta'
[0.265s] [34mcolcon.colcon_core.package_identification[0m [1;30mLevel 1[0m _identify(src/motoman_ros2_support_packages/motoman_hc10dtp_support) by extensions ['ros']
[0.265s] [34mcolcon.colcon_core.package_identification[0m [1;30mLevel 1[0m _identify(src/motoman_ros2_support_packages/motoman_hc10dtp_support) by extension 'ros'
[0.265s] [34mcolcon.colcon_core.package_identification[0m [1;30mDEBUG[0m [32mPackage 'src/motoman_ros2_support_packages/motoman_hc10dtp_support' with type 'ros.ament_cmake' and name 'motoman_hc10dtp_support'[0m
[0.265s] [34mcolcon.colcon_core.package_identification[0m [1;30mLevel 1[0m _identify(src/motoman_ros2_support_packages/motoman_resources) by extensions ['ignore', 'ignore_ament_install']
[0.265s] [34mcolcon.colcon_core.package_identification[0m [1;30mLevel 1[0m _identify(src/motoman_ros2_support_packages/motoman_resources) by extension 'ignore'
[0.265s] [34mcolcon.colcon_core.package_identification[0m [1;30mLevel 1[0m _identify(src/motoman_ros2_support_packages/motoman_resources) by extension 'ignore_ament_install'
[0.266s] [34mcolcon.colcon_core.package_identification[0m [1;30mLevel 1[0m _identify(src/motoman_ros2_support_packages/motoman_resources) by extensions ['colcon_pkg']
[0.266s] [34mcolcon.colcon_core.package_identification[0m [1;30mLevel 1[0m _identify(src/motoman_ros2_support_packages/motoman_resources) by extension 'colcon_pkg'
[0.266s] [34mcolcon.colcon_core.package_identification[0m [1;30mLevel 1[0m _identify(src/motoman_ros2_support_packages/motoman_resources) by extensions ['colcon_meta']
[0.266s] [34mcolcon.colcon_core.package_identification[0m [1;30mLevel 1[0m _identify(src/motoman_ros2_support_packages/motoman_resources) by extension 'colcon_meta'
[0.266s] [34mcolcon.colcon_core.package_identification[0m [1;30mLevel 1[0m _identify(src/motoman_ros2_support_packages/motoman_resources) by extensions ['ros']
[0.266s] [34mcolcon.colcon_core.package_identification[0m [1;30mLevel 1[0m _identify(src/motoman_ros2_support_packages/motoman_resources) by extension 'ros'
[0.266s] [34mcolcon.colcon_core.package_identification[0m [1;30mDEBUG[0m [32mPackage 'src/motoman_ros2_support_packages/motoman_resources' with type 'ros.ament_cmake' and name 'motoman_resources'[0m
[0.266s] [34mcolcon.colcon_core.package_identification[0m [1;30mLevel 1[0m _identify(src/motoros2_client_interface_dependencies) by extensions ['ignore', 'ignore_ament_install']
[0.266s] [34mcolcon.colcon_core.package_identification[0m [1;30mLevel 1[0m _identify(src/motoros2_client_interface_dependencies) by extension 'ignore'
[0.266s] [34mcolcon.colcon_core.package_identification[0m [1;30mLevel 1[0m _identify(src/motoros2_client_interface_dependencies) by extension 'ignore_ament_install'
[0.266s] [34mcolcon.colcon_core.package_identification[0m [1;30mLevel 1[0m _identify(src/motoros2_client_interface_dependencies) by extensions ['colcon_pkg']
[0.266s] [34mcolcon.colcon_core.package_identification[0m [1;30mLevel 1[0m _identify(src/motoros2_client_interface_dependencies) by extension 'colcon_pkg'
[0.266s] [34mcolcon.colcon_core.package_identification[0m [1;30mLevel 1[0m _identify(src/motoros2_client_interface_dependencies) by extensions ['colcon_meta']
[0.266s] [34mcolcon.colcon_core.package_identification[0m [1;30mLevel 1[0m _identify(src/motoros2_client_interface_dependencies) by extension 'colcon_meta'
[0.266s] [34mcolcon.colcon_core.package_identification[0m [1;30mLevel 1[0m _identify(src/motoros2_client_interface_dependencies) by extensions ['ros']
[0.266s] [34mcolcon.colcon_core.package_identification[0m [1;30mLevel 1[0m _identify(src/motoros2_client_interface_dependencies) by extension 'ros'
[0.267s] [34mcolcon.colcon_core.package_identification[0m [1;30mDEBUG[0m [32mPackage 'src/motoros2_client_interface_dependencies' with type 'ros.ament_cmake' and name 'motoros2_client_interface_dependencies'[0m
[0.267s] [34mcolcon.colcon_core.package_identification[0m [1;30mLevel 1[0m _identify(src/motoros2_client_library) by extensions ['ignore', 'ignore_ament_install']
[0.267s] [34mcolcon.colcon_core.package_identification[0m [1;30mLevel 1[0m _identify(src/motoros2_client_library) by extension 'ignore'
[0.267s] [34mcolcon.colcon_core.package_identification[0m [1;30mLevel 1[0m _identify(src/motoros2_client_library) by extension 'ignore_ament_install'
[0.267s] [34mcolcon.colcon_core.package_identification[0m [1;30mLevel 1[0m _identify(src/motoros2_client_library) by extensions ['colcon_pkg']
[0.267s] [34mcolcon.colcon_core.package_identification[0m [1;30mLevel 1[0m _identify(src/motoros2_client_library) by extension 'colcon_pkg'
[0.267s] [34mcolcon.colcon_core.package_identification[0m [1;30mLevel 1[0m _identify(src/motoros2_client_library) by extensions ['colcon_meta']
[0.267s] [34mcolcon.colcon_core.package_identification[0m [1;30mLevel 1[0m _identify(src/motoros2_client_library) by extension 'colcon_meta'
[0.267s] [34mcolcon.colcon_core.package_identification[0m [1;30mLevel 1[0m _identify(src/motoros2_client_library) by extensions ['ros']
[0.267s] [34mcolcon.colcon_core.package_identification[0m [1;30mLevel 1[0m _identify(src/motoros2_client_library) by extension 'ros'
[0.267s] [34mcolcon.colcon_core.package_identification[0m [1;30mLevel 1[0m _identify(src/motoros2_client_library) by extensions ['cmake', 'python']
[0.267s] [34mcolcon.colcon_core.package_identification[0m [1;30mLevel 1[0m _identify(src/motoros2_client_library) by extension 'cmake'
[0.267s] [34mcolcon.colcon_core.package_identification[0m [1;30mLevel 1[0m _identify(src/motoros2_client_library) by extension 'python'
[0.267s] [34mcolcon.colcon_core.package_identification[0m [1;30mLevel 1[0m _identify(src/motoros2_client_library) by extensions ['python_setup_py']
[0.267s] [34mcolcon.colcon_core.package_identification[0m [1;30mLevel 1[0m _identify(src/motoros2_client_library) by extension 'python_setup_py'
[0.268s] [34mcolcon.colcon_core.package_identification[0m [1;30mLevel 1[0m _identify(src/predictor_ui) by extensions ['ignore', 'ignore_ament_install']
[0.268s] [34mcolcon.colcon_core.package_identification[0m [1;30mLevel 1[0m _identify(src/predictor_ui) by extension 'ignore'
[0.268s] [34mcolcon.colcon_core.package_identification[0m [1;30mLevel 1[0m _identify(src/predictor_ui) by extension 'ignore_ament_install'
[0.268s] [34mcolcon.colcon_core.package_identification[0m [1;30mLevel 1[0m _identify(src/predictor_ui) by extensions ['colcon_pkg']
[0.268s] [34mcolcon.colcon_core.package_identification[0m [1;30mLevel 1[0m _identify(src/predictor_ui) by extension 'colcon_pkg'
[0.268s] [34mcolcon.colcon_core.package_identification[0m [1;30mLevel 1[0m _identify(src/predictor_ui) by extensions ['colcon_meta']
[0.268s] [34mcolcon.colcon_core.package_identification[0m [1;30mLevel 1[0m _identify(src/predictor_ui) by extension 'colcon_meta'
[0.268s] [34mcolcon.colcon_core.package_identification[0m [1;30mLevel 1[0m _identify(src/predictor_ui) by extensions ['ros']
[0.268s] [34mcolcon.colcon_core.package_identification[0m [1;30mLevel 1[0m _identify(src/predictor_ui) by extension 'ros'
[0.268s] [34mcolcon.colcon_core.package_identification[0m [1;30mDEBUG[0m [32mPackage 'src/predictor_ui' with type 'ros.ament_python' and name 'predictor_ui'[0m
[0.268s] [34mcolcon.colcon_core.package_identification[0m [1;30mLevel 1[0m _identify(src/realsense_tracker) by extensions ['ignore', 'ignore_ament_install']
[0.269s] [34mcolcon.colcon_core.package_identification[0m [1;30mLevel 1[0m _identify(src/realsense_tracker) by extension 'ignore'
[0.269s] [34mcolcon.colcon_core.package_identification[0m [1;30mLevel 1[0m _identify(src/realsense_tracker) by extension 'ignore_ament_install'
[0.269s] [34mcolcon.colcon_core.package_identification[0m [1;30mLevel 1[0m _identify(src/realsense_tracker) by extensions ['colcon_pkg']
[0.269s] [34mcolcon.colcon_core.package_identification[0m [1;30mLevel 1[0m _identify(src/realsense_tracker) by extension 'colcon_pkg'
[0.269s] [34mcolcon.colcon_core.package_identification[0m [1;30mLevel 1[0m _identify(src/realsense_tracker) by extensions ['colcon_meta']
[0.269s] [34mcolcon.colcon_core.package_identification[0m [1;30mLevel 1[0m _identify(src/realsense_tracker) by extension 'colcon_meta'
[0.269s] [34mcolcon.colcon_core.package_identification[0m [1;30mLevel 1[0m _identify(src/realsense_tracker) by extensions ['ros']
[0.269s] [34mcolcon.colcon_core.package_identification[0m [1;30mLevel 1[0m _identify(src/realsense_tracker) by extension 'ros'
[0.269s] [34mcolcon.colcon_core.package_identification[0m [1;30mDEBUG[0m [32mPackage 'src/realsense_tracker' with type 'ros.ament_python' and name 'realsense_tracker'[0m
[0.269s] [34mcolcon.colcon_core.package_identification[0m [1;30mLevel 1[0m _identify(src/ros-industrial) by extensions ['ignore', 'ignore_ament_install']
[0.269s] [34mcolcon.colcon_core.package_identification[0m [1;30mLevel 1[0m _identify(src/ros-industrial) by extension 'ignore'
[0.270s] [34mcolcon.colcon_core.package_identification[0m [1;30mLevel 1[0m _identify(src/ros-industrial) by extension 'ignore_ament_install'
[0.270s] [34mcolcon.colcon_core.package_identification[0m [1;30mLevel 1[0m _identify(src/ros-industrial) by extensions ['colcon_pkg']
[0.270s] [34mcolcon.colcon_core.package_identification[0m [1;30mLevel 1[0m _identify(src/ros-industrial) by extension 'colcon_pkg'
[0.270s] [34mcolcon.colcon_core.package_identification[0m [1;30mLevel 1[0m _identify(src/ros-industrial) by extensions ['colcon_meta']
[0.270s] [34mcolcon.colcon_core.package_identification[0m [1;30mLevel 1[0m _identify(src/ros-industrial) by extension 'colcon_meta'
[0.270s] [34mcolcon.colcon_core.package_identification[0m [1;30mLevel 1[0m _identify(src/ros-industrial) by extensions ['ros']
[0.270s] [34mcolcon.colcon_core.package_identification[0m [1;30mLevel 1[0m _identify(src/ros-industrial) by extension 'ros'
[0.270s] [34mcolcon.colcon_core.package_identification[0m [1;30mLevel 1[0m _identify(src/ros-industrial) by extensions ['cmake', 'python']
[0.270s] [34mcolcon.colcon_core.package_identification[0m [1;30mLevel 1[0m _identify(src/ros-industrial) by extension 'cmake'
[0.270s] [34mcolcon.colcon_core.package_identification[0m [1;30mLevel 1[0m _identify(src/ros-industrial) by extension 'python'
[0.270s] [34mcolcon.colcon_core.package_identification[0m [1;30mLevel 1[0m _identify(src/ros-industrial) by extensions ['python_setup_py']
[0.270s] [34mcolcon.colcon_core.package_identification[0m [1;30mLevel 1[0m _identify(src/ros-industrial) by extension 'python_setup_py'
[0.270s] [34mcolcon.colcon_core.package_identification[0m [1;30mLevel 1[0m _identify(src/ros-industrial/industrial_core_ros2_msgs_only) by extensions ['ignore', 'ignore_ament_install']
[0.270s] [34mcolcon.colcon_core.package_identification[0m [1;30mLevel 1[0m _identify(src/ros-industrial/industrial_core_ros2_msgs_only) by extension 'ignore'
[0.270s] [34mcolcon.colcon_core.package_identification[0m [1;30mLevel 1[0m _identify(src/ros-industrial/industrial_core_ros2_msgs_only) by extension 'ignore_ament_install'
[0.270s] [34mcolcon.colcon_core.package_identification[0m [1;30mLevel 1[0m _identify(src/ros-industrial/industrial_core_ros2_msgs_only) by extensions ['colcon_pkg']
[0.270s] [34mcolcon.colcon_core.package_identification[0m [1;30mLevel 1[0m _identify(src/ros-industrial/industrial_core_ros2_msgs_only) by extension 'colcon_pkg'
[0.270s] [34mcolcon.colcon_core.package_identification[0m [1;30mLevel 1[0m _identify(src/ros-industrial/industrial_core_ros2_msgs_only) by extensions ['colcon_meta']
[0.270s] [34mcolcon.colcon_core.package_identification[0m [1;30mLevel 1[0m _identify(src/ros-industrial/industrial_core_ros2_msgs_only) by extension 'colcon_meta'
[0.270s] [34mcolcon.colcon_core.package_identification[0m [1;30mLevel 1[0m _identify(src/ros-industrial/industrial_core_ros2_msgs_only) by extensions ['ros']
[0.270s] [34mcolcon.colcon_core.package_identification[0m [1;30mLevel 1[0m _identify(src/ros-industrial/industrial_core_ros2_msgs_only) by extension 'ros'
[0.270s] [34mcolcon.colcon_core.package_identification[0m [1;30mLevel 1[0m _identify(src/ros-industrial/industrial_core_ros2_msgs_only) by extensions ['cmake', 'python']
[0.270s] [34mcolcon.colcon_core.package_identification[0m [1;30mLevel 1[0m _identify(src/ros-industrial/industrial_core_ros2_msgs_only) by extension 'cmake'
[0.270s] [34mcolcon.colcon_core.package_identification[0m [1;30mLevel 1[0m _identify(src/ros-industrial/industrial_core_ros2_msgs_only) by extension 'python'
[0.270s] [34mcolcon.colcon_core.package_identification[0m [1;30mLevel 1[0m _identify(src/ros-industrial/industrial_core_ros2_msgs_only) by extensions ['python_setup_py']
[0.270s] [34mcolcon.colcon_core.package_identification[0m [1;30mLevel 1[0m _identify(src/ros-industrial/industrial_core_ros2_msgs_only) by extension 'python_setup_py'
[0.270s] [34mcolcon.colcon_core.package_identification[0m [1;30mLevel 1[0m _identify(src/ros-industrial/industrial_core_ros2_msgs_only/industrial_msgs) by extensions ['ignore', 'ignore_ament_install']
[0.270s] [34mcolcon.colcon_core.package_identification[0m [1;30mLevel 1[0m _identify(src/ros-industrial/industrial_core_ros2_msgs_only/industrial_msgs) by extension 'ignore'
[0.270s] [34mcolcon.colcon_core.package_identification[0m [1;30mLevel 1[0m _identify(src/ros-industrial/industrial_core_ros2_msgs_only/industrial_msgs) by extension 'ignore_ament_install'
[0.270s] [34mcolcon.colcon_core.package_identification[0m [1;30mLevel 1[0m _identify(src/ros-industrial/industrial_core_ros2_msgs_only/industrial_msgs) by extensions ['colcon_pkg']
[0.270s] [34mcolcon.colcon_core.package_identification[0m [1;30mLevel 1[0m _identify(src/ros-industrial/industrial_core_ros2_msgs_only/industrial_msgs) by extension 'colcon_pkg'
[0.270s] [34mcolcon.colcon_core.package_identification[0m [1;30mLevel 1[0m _identify(src/ros-industrial/industrial_core_ros2_msgs_only/industrial_msgs) by extensions ['colcon_meta']
[0.271s] [34mcolcon.colcon_core.package_identification[0m [1;30mLevel 1[0m _identify(src/ros-industrial/industrial_core_ros2_msgs_only/industrial_msgs) by extension 'colcon_meta'
[0.271s] [34mcolcon.colcon_core.package_identification[0m [1;30mLevel 1[0m _identify(src/ros-industrial/industrial_core_ros2_msgs_only/industrial_msgs) by extensions ['ros']
[0.271s] [34mcolcon.colcon_core.package_identification[0m [1;30mLevel 1[0m _identify(src/ros-industrial/industrial_core_ros2_msgs_only/industrial_msgs) by extension 'ros'
[0.271s] [34mcolcon.colcon_core.package_identification[0m [1;30mDEBUG[0m [32mPackage 'src/ros-industrial/industrial_core_ros2_msgs_only/industrial_msgs' with type 'ros.ament_cmake' and name 'industrial_msgs'[0m
[0.271s] [34mcolcon.colcon_core.package_identification[0m [1;30mLevel 1[0m _identify(src/rula_tracker) by extensions ['ignore', 'ignore_ament_install']
[0.271s] [34mcolcon.colcon_core.package_identification[0m [1;30mLevel 1[0m _identify(src/rula_tracker) by extension 'ignore'
[0.271s] [34mcolcon.colcon_core.package_identification[0m [1;30mLevel 1[0m _identify(src/rula_tracker) by extension 'ignore_ament_install'
[0.271s] [34mcolcon.colcon_core.package_identification[0m [1;30mLevel 1[0m _identify(src/rula_tracker) by extensions ['colcon_pkg']
[0.271s] [34mcolcon.colcon_core.package_identification[0m [1;30mLevel 1[0m _identify(src/rula_tracker) by extension 'colcon_pkg'
[0.271s] [34mcolcon.colcon_core.package_identification[0m [1;30mLevel 1[0m _identify(src/rula_tracker) by extensions ['colcon_meta']
[0.271s] [34mcolcon.colcon_core.package_identification[0m [1;30mLevel 1[0m _identify(src/rula_tracker) by extension 'colcon_meta'
[0.271s] [34mcolcon.colcon_core.package_identification[0m [1;30mLevel 1[0m _identify(src/rula_tracker) by extensions ['ros']
[0.271s] [34mcolcon.colcon_core.package_identification[0m [1;30mLevel 1[0m _identify(src/rula_tracker) by extension 'ros'
[0.272s] [34mcolcon.colcon_core.package_identification[0m [1;30mDEBUG[0m [32mPackage 'src/rula_tracker' with type 'ros.ament_python' and name 'rula_tracker'[0m
[0.272s] [34mcolcon.colcon_core.package_identification[0m [1;30mLevel 1[0m _identify(src/trac_ik) by extensions ['ignore', 'ignore_ament_install']
[0.272s] [34mcolcon.colcon_core.package_identification[0m [1;30mLevel 1[0m _identify(src/trac_ik) by extension 'ignore'
[0.272s] [34mcolcon.colcon_core.package_identification[0m [1;30mLevel 1[0m _identify(src/trac_ik) by extension 'ignore_ament_install'
[0.272s] [34mcolcon.colcon_core.package_identification[0m [1;30mLevel 1[0m _identify(src/trac_ik) by extensions ['colcon_pkg']
[0.272s] [34mcolcon.colcon_core.package_identification[0m [1;30mLevel 1[0m _identify(src/trac_ik) by extension 'colcon_pkg'
[0.272s] [34mcolcon.colcon_core.package_identification[0m [1;30mLevel 1[0m _identify(src/trac_ik) by extensions ['colcon_meta']
[0.272s] [34mcolcon.colcon_core.package_identification[0m [1;30mLevel 1[0m _identify(src/trac_ik) by extension 'colcon_meta'
[0.272s] [34mcolcon.colcon_core.package_identification[0m [1;30mLevel 1[0m _identify(src/trac_ik) by extensions ['ros']
[0.273s] [34mcolcon.colcon_core.package_identification[0m [1;30mLevel 1[0m _identify(src/trac_ik) by extension 'ros'
[0.273s] [34mcolcon.colcon_core.package_identification[0m [1;30mLevel 1[0m _identify(src/trac_ik) by extensions ['cmake', 'python']
[0.273s] [34mcolcon.colcon_core.package_identification[0m [1;30mLevel 1[0m _identify(src/trac_ik) by extension 'cmake'
[0.273s] [34mcolcon.colcon_core.package_identification[0m [1;30mLevel 1[0m _identify(src/trac_ik) by extension 'python'
[0.273s] [34mcolcon.colcon_core.package_identification[0m [1;30mLevel 1[0m _identify(src/trac_ik) by extensions ['python_setup_py']
[0.273s] [34mcolcon.colcon_core.package_identification[0m [1;30mLevel 1[0m _identify(src/trac_ik) by extension 'python_setup_py'
[0.273s] [34mcolcon.colcon_core.package_identification[0m [1;30mLevel 1[0m _identify(src/trac_ik/nlopt) by extensions ['ignore', 'ignore_ament_install']
[0.273s] [34mcolcon.colcon_core.package_identification[0m [1;30mLevel 1[0m _identify(src/trac_ik/nlopt) by extension 'ignore'
[0.273s] [34mcolcon.colcon_core.package_identification[0m [1;30mLevel 1[0m _identify(src/trac_ik/nlopt) by extension 'ignore_ament_install'
[0.273s] [34mcolcon.colcon_core.package_identification[0m [1;30mLevel 1[0m _identify(src/trac_ik/nlopt) by extensions ['colcon_pkg']
[0.273s] [34mcolcon.colcon_core.package_identification[0m [1;30mLevel 1[0m _identify(src/trac_ik/nlopt) by extension 'colcon_pkg'
[0.273s] [34mcolcon.colcon_core.package_identification[0m [1;30mLevel 1[0m _identify(src/trac_ik/nlopt) by extensions ['colcon_meta']
[0.273s] [34mcolcon.colcon_core.package_identification[0m [1;30mLevel 1[0m _identify(src/trac_ik/nlopt) by extension 'colcon_meta'
[0.273s] [34mcolcon.colcon_core.package_identification[0m [1;30mLevel 1[0m _identify(src/trac_ik/nlopt) by extensions ['ros']
[0.273s] [34mcolcon.colcon_core.package_identification[0m [1;30mLevel 1[0m _identify(src/trac_ik/nlopt) by extension 'ros'
[0.273s] [34mcolcon.colcon_core.package_identification[0m [1;30mLevel 1[0m _identify(src/trac_ik/nlopt) by extensions ['cmake', 'python']
[0.273s] [34mcolcon.colcon_core.package_identification[0m [1;30mLevel 1[0m _identify(src/trac_ik/nlopt) by extension 'cmake'
[0.273s] [34mcolcon.colcon_core.package_identification[0m [1;30mLevel 1[0m _identify(src/trac_ik/nlopt) by extension 'python'
[0.273s] [34mcolcon.colcon_core.package_identification[0m [1;30mLevel 1[0m _identify(src/trac_ik/nlopt) by extensions ['python_setup_py']
[0.273s] [34mcolcon.colcon_core.package_identification[0m [1;30mLevel 1[0m _identify(src/trac_ik/nlopt) by extension 'python_setup_py'
[0.273s] [34mcolcon.colcon_core.package_identification[0m [1;30mLevel 1[0m _identify(src/trac_ik/trac_ik) by extensions ['ignore', 'ignore_ament_install']
[0.273s] [34mcolcon.colcon_core.package_identification[0m [1;30mLevel 1[0m _identify(src/trac_ik/trac_ik) by extension 'ignore'
[0.273s] [34mcolcon.colcon_core.package_identification[0m [1;30mLevel 1[0m _identify(src/trac_ik/trac_ik) by extension 'ignore_ament_install'
[0.273s] [34mcolcon.colcon_core.package_identification[0m [1;30mLevel 1[0m _identify(src/trac_ik/trac_ik) by extensions ['colcon_pkg']
[0.273s] [34mcolcon.colcon_core.package_identification[0m [1;30mLevel 1[0m _identify(src/trac_ik/trac_ik) by extension 'colcon_pkg'
[0.273s] [34mcolcon.colcon_core.package_identification[0m [1;30mLevel 1[0m _identify(src/trac_ik/trac_ik) by extensions ['colcon_meta']
[0.273s] [34mcolcon.colcon_core.package_identification[0m [1;30mLevel 1[0m _identify(src/trac_ik/trac_ik) by extension 'colcon_meta'
[0.273s] [34mcolcon.colcon_core.package_identification[0m [1;30mLevel 1[0m _identify(src/trac_ik/trac_ik) by extensions ['ros']
[0.273s] [34mcolcon.colcon_core.package_identification[0m [1;30mLevel 1[0m _identify(src/trac_ik/trac_ik) by extension 'ros'
[0.274s] [34mcolcon.colcon_core.package_identification[0m [1;30mDEBUG[0m [32mPackage 'src/trac_ik/trac_ik' with type 'ros.ament_cmake' and name 'trac_ik'[0m
[0.274s] [34mcolcon.colcon_core.package_identification[0m [1;30mLevel 1[0m _identify(src/trac_ik/trac_ik_examples) by extensions ['ignore', 'ignore_ament_install']
[0.274s] [34mcolcon.colcon_core.package_identification[0m [1;30mLevel 1[0m _identify(src/trac_ik/trac_ik_examples) by extension 'ignore'
[0.274s] [34mcolcon.colcon_core.package_identification[0m [1;30mLevel 1[0m _identify(src/trac_ik/trac_ik_examples) ignored
[0.274s] [34mcolcon.colcon_core.package_identification[0m [1;30mLevel 1[0m _identify(src/trac_ik/trac_ik_kinematics) by extensions ['ignore', 'ignore_ament_install']
[0.274s] [34mcolcon.colcon_core.package_identification[0m [1;30mLevel 1[0m _identify(src/trac_ik/trac_ik_kinematics) by extension 'ignore'
[0.274s] [34mcolcon.colcon_core.package_identification[0m [1;30mLevel 1[0m _identify(src/trac_ik/trac_ik_kinematics) by extension 'ignore_ament_install'
[0.274s] [34mcolcon.colcon_core.package_identification[0m [1;30mLevel 1[0m _identify(src/trac_ik/trac_ik_kinematics) by extensions ['colcon_pkg']
[0.274s] [34mcolcon.colcon_core.package_identification[0m [1;30mLevel 1[0m _identify(src/trac_ik/trac_ik_kinematics) by extension 'colcon_pkg'
[0.274s] [34mcolcon.colcon_core.package_identification[0m [1;30mLevel 1[0m _identify(src/trac_ik/trac_ik_kinematics) by extensions ['colcon_meta']
[0.274s] [34mcolcon.colcon_core.package_identification[0m [1;30mLevel 1[0m _identify(src/trac_ik/trac_ik_kinematics) by extension 'colcon_meta'
[0.274s] [34mcolcon.colcon_core.package_identification[0m [1;30mLevel 1[0m _identify(src/trac_ik/trac_ik_kinematics) by extensions ['ros']
[0.274s] [34mcolcon.colcon_core.package_identification[0m [1;30mLevel 1[0m _identify(src/trac_ik/trac_ik_kinematics) by extension 'ros'
[0.275s] [34mcolcon.colcon_core.package_identification[0m [1;30mDEBUG[0m [32mPackage 'src/trac_ik/trac_ik_kinematics' with type 'ros.ament_cmake' and name 'trac_ik_kinematics'[0m
[0.275s] [34mcolcon.colcon_core.package_identification[0m [1;30mLevel 1[0m _identify(src/trac_ik/trac_ik_lib) by extensions ['ignore', 'ignore_ament_install']
[0.275s] [34mcolcon.colcon_core.package_identification[0m [1;30mLevel 1[0m _identify(src/trac_ik/trac_ik_lib) by extension 'ignore'
[0.275s] [34mcolcon.colcon_core.package_identification[0m [1;30mLevel 1[0m _identify(src/trac_ik/trac_ik_lib) by extension 'ignore_ament_install'
[0.275s] [34mcolcon.colcon_core.package_identification[0m [1;30mLevel 1[0m _identify(src/trac_ik/trac_ik_lib) by extensions ['colcon_pkg']
[0.275s] [34mcolcon.colcon_core.package_identification[0m [1;30mLevel 1[0m _identify(src/trac_ik/trac_ik_lib) by extension 'colcon_pkg'
[0.275s] [34mcolcon.colcon_core.package_identification[0m [1;30mLevel 1[0m _identify(src/trac_ik/trac_ik_lib) by extensions ['colcon_meta']
[0.275s] [34mcolcon.colcon_core.package_identification[0m [1;30mLevel 1[0m _identify(src/trac_ik/trac_ik_lib) by extension 'colcon_meta'
[0.275s] [34mcolcon.colcon_core.package_identification[0m [1;30mLevel 1[0m _identify(src/trac_ik/trac_ik_lib) by extensions ['ros']
[0.275s] [34mcolcon.colcon_core.package_identification[0m [1;30mLevel 1[0m _identify(src/trac_ik/trac_ik_lib) by extension 'ros'
[0.276s] [34mcolcon.colcon_core.package_identification[0m [1;30mDEBUG[0m [32mPackage 'src/trac_ik/trac_ik_lib' with type 'ros.ament_cmake' and name 'trac_ik_lib'[0m
[0.276s] [34mcolcon.colcon_core.package_identification[0m [1;30mLevel 1[0m _identify(src/trac_ik/trac_ik_python) by extensions ['ignore', 'ignore_ament_install']
[0.276s] [34mcolcon.colcon_core.package_identification[0m [1;30mLevel 1[0m _identify(src/trac_ik/trac_ik_python) by extension 'ignore'
[0.276s] [34mcolcon.colcon_core.package_identification[0m [1;30mLevel 1[0m _identify(src/trac_ik/trac_ik_python) ignored
[0.276s] [34mcolcon.colcon_core.package_identification[0m [1;30mLevel 1[0m _identify(src/trajectory_predictor) by extensions ['ignore', 'ignore_ament_install']
[0.276s] [34mcolcon.colcon_core.package_identification[0m [1;30mLevel 1[0m _identify(src/trajectory_predictor) by extension 'ignore'
[0.276s] [34mcolcon.colcon_core.package_identification[0m [1;30mLevel 1[0m _identify(src/trajectory_predictor) by extension 'ignore_ament_install'
[0.276s] [34mcolcon.colcon_core.package_identification[0m [1;30mLevel 1[0m _identify(src/trajectory_predictor) by extensions ['colcon_pkg']
[0.276s] [34mcolcon.colcon_core.package_identification[0m [1;30mLevel 1[0m _identify(src/trajectory_predictor) by extension 'colcon_pkg'
[0.276s] [34mcolcon.colcon_core.package_identification[0m [1;30mLevel 1[0m _identify(src/trajectory_predictor) by extensions ['colcon_meta']
[0.277s] [34mcolcon.colcon_core.package_identification[0m [1;30mLevel 1[0m _identify(src/trajectory_predictor) by extension 'colcon_meta'
[0.277s] [34mcolcon.colcon_core.package_identification[0m [1;30mLevel 1[0m _identify(src/trajectory_predictor) by extensions ['ros']
[0.277s] [34mcolcon.colcon_core.package_identification[0m [1;30mLevel 1[0m _identify(src/trajectory_predictor) by extension 'ros'
[0.277s] [34mcolcon.colcon_core.package_identification[0m [1;30mDEBUG[0m [32mPackage 'src/trajectory_predictor' with type 'ros.ament_python' and name 'trajectory_predictor'[0m
[0.278s] [34mcolcon.colcon_core.package_identification[0m [1;30mLevel 1[0m _identify(src/yaskawa-global) by extensions ['ignore', 'ignore_ament_install']
[0.278s] [34mcolcon.colcon_core.package_identification[0m [1;30mLevel 1[0m _identify(src/yaskawa-global) by extension 'ignore'
[0.278s] [34mcolcon.colcon_core.package_identification[0m [1;30mLevel 1[0m _identify(src/yaskawa-global) by extension 'ignore_ament_install'
[0.278s] [34mcolcon.colcon_core.package_identification[0m [1;30mLevel 1[0m _identify(src/yaskawa-global) by extensions ['colcon_pkg']
[0.278s] [34mcolcon.colcon_core.package_identification[0m [1;30mLevel 1[0m _identify(src/yaskawa-global) by extension 'colcon_pkg'
[0.278s] [34mcolcon.colcon_core.package_identification[0m [1;30mLevel 1[0m _identify(src/yaskawa-global) by extensions ['colcon_meta']
[0.278s] [34mcolcon.colcon_core.package_identification[0m [1;30mLevel 1[0m _identify(src/yaskawa-global) by extension 'colcon_meta'
[0.278s] [34mcolcon.colcon_core.package_identification[0m [1;30mLevel 1[0m _identify(src/yaskawa-global) by extensions ['ros']
[0.278s] [34mcolcon.colcon_core.package_identification[0m [1;30mLevel 1[0m _identify(src/yaskawa-global) by extension 'ros'
[0.278s] [34mcolcon.colcon_core.package_identification[0m [1;30mLevel 1[0m _identify(src/yaskawa-global) by extensions ['cmake', 'python']
[0.278s] [34mcolcon.colcon_core.package_identification[0m [1;30mLevel 1[0m _identify(src/yaskawa-global) by extension 'cmake'
[0.278s] [34mcolcon.colcon_core.package_identification[0m [1;30mLevel 1[0m _identify(src/yaskawa-global) by extension 'python'
[0.278s] [34mcolcon.colcon_core.package_identification[0m [1;30mLevel 1[0m _identify(src/yaskawa-global) by extensions ['python_setup_py']
[0.278s] [34mcolcon.colcon_core.package_identification[0m [1;30mLevel 1[0m _identify(src/yaskawa-global) by extension 'python_setup_py'
[0.278s] [34mcolcon.colcon_core.package_identification[0m [1;30mLevel 1[0m _identify(src/yaskawa-global/motoros2_interfaces) by extensions ['ignore', 'ignore_ament_install']
[0.278s] [34mcolcon.colcon_core.package_identification[0m [1;30mLevel 1[0m _identify(src/yaskawa-global/motoros2_interfaces) by extension 'ignore'
[0.278s] [34mcolcon.colcon_core.package_identification[0m [1;30mLevel 1[0m _identify(src/yaskawa-global/motoros2_interfaces) by extension 'ignore_ament_install'
[0.278s] [34mcolcon.colcon_core.package_identification[0m [1;30mLevel 1[0m _identify(src/yaskawa-global/motoros2_interfaces) by extensions ['colcon_pkg']
[0.278s] [34mcolcon.colcon_core.package_identification[0m [1;30mLevel 1[0m _identify(src/yaskawa-global/motoros2_interfaces) by extension 'colcon_pkg'
[0.278s] [34mcolcon.colcon_core.package_identification[0m [1;30mLevel 1[0m _identify(src/yaskawa-global/motoros2_interfaces) by extensions ['colcon_meta']
[0.278s] [34mcolcon.colcon_core.package_identification[0m [1;30mLevel 1[0m _identify(src/yaskawa-global/motoros2_interfaces) by extension 'colcon_meta'
[0.278s] [34mcolcon.colcon_core.package_identification[0m [1;30mLevel 1[0m _identify(src/yaskawa-global/motoros2_interfaces) by extensions ['ros']
[0.278s] [34mcolcon.colcon_core.package_identification[0m [1;30mLevel 1[0m _identify(src/yaskawa-global/motoros2_interfaces) by extension 'ros'
[0.279s] [34mcolcon.colcon_core.package_identification[0m [1;30mDEBUG[0m [32mPackage 'src/yaskawa-global/motoros2_interfaces' with type 'ros.ament_cmake' and name 'motoros2_interfaces'[0m
[0.279s] [34mcolcon.colcon_core.package_discovery[0m [1;30mLevel 1[0m discover_packages(recursive) using defaults
[0.279s] [34mcolcon.colcon_core.package_discovery[0m [1;30mLevel 1[0m discover_packages(ignore) discover
[0.279s] [34mcolcon.colcon_core.package_discovery[0m [1;30mLevel 1[0m discover_packages(ignore) using defaults
[0.279s] [34mcolcon.colcon_core.package_discovery[0m [1;30mLevel 1[0m discover_packages(path) discover
[0.279s] [34mcolcon.colcon_core.package_discovery[0m [1;30mLevel 1[0m discover_packages(path) using defaults
[0.293s] [34mcolcon.colcon_core.package_discovery[0m [1;30mLevel 1[0m discover_packages(prefix_path) check parameters
[0.293s] [34mcolcon.colcon_core.package_discovery[0m [1;30mLevel 1[0m discover_packages(prefix_path) discover
[0.295s] [34mcolcon.colcon_installed_package_information.package_discovery[0m [1;30mDEBUG[0m [32mFound 24 installed packages in /home/duy/cocarry_ws/install[0m
[0.296s] [34mcolcon.colcon_installed_package_information.package_discovery[0m [1;30mDEBUG[0m [32mFound 383 installed packages in /opt/ros/humble[0m
[0.297s] [34mcolcon.colcon_core.package_discovery[0m [1;30mLevel 1[0m discover_packages(prefix_path) using defaults
[0.365s] [34mcolcon.colcon_core.verb[0m [1;30mLevel 5[0m set package 'human_hand_msgs' build argument 'cmake_args' from command line to 'None'
[0.365s] [34mcolcon.colcon_core.verb[0m [1;30mLevel 5[0m set package 'human_hand_msgs' build argument 'cmake_target' from command line to 'None'
[0.365s] [34mcolcon.colcon_core.verb[0m [1;30mLevel 5[0m set package 'human_hand_msgs' build argument 'cmake_target_skip_unavailable' from command line to 'False'
[0.365s] [34mcolcon.colcon_core.verb[0m [1;30mLevel 5[0m set package 'human_hand_msgs' build argument 'cmake_clean_cache' from command line to 'False'
[0.365s] [34mcolcon.colcon_core.verb[0m [1;30mLevel 5[0m set package 'human_hand_msgs' build argument 'cmake_clean_first' from command line to 'False'
[0.365s] [34mcolcon.colcon_core.verb[0m [1;30mLevel 5[0m set package 'human_hand_msgs' build argument 'cmake_force_configure' from command line to 'False'
[0.366s] [34mcolcon.colcon_core.verb[0m [1;30mLevel 5[0m set package 'human_hand_msgs' build argument 'ament_cmake_args' from command line to 'None'
[0.366s] [34mcolcon.colcon_core.verb[0m [1;30mLevel 5[0m set package 'human_hand_msgs' build argument 'catkin_cmake_args' from command line to 'None'
[0.366s] [34mcolcon.colcon_core.verb[0m [1;30mLevel 5[0m set package 'human_hand_msgs' build argument 'catkin_skip_building_tests' from command line to 'False'
[0.366s] [34mcolcon.colcon_core.verb[0m [1;30mDEBUG[0m [32mBuilding package 'human_hand_msgs' with the following arguments: {'ament_cmake_args': None, 'build_base': '/home/duy/cocarry_ws/build/human_hand_msgs', 'catkin_cmake_args': None, 'catkin_skip_building_tests': False, 'cmake_args': None, 'cmake_clean_cache': False, 'cmake_clean_first': False, 'cmake_force_configure': False, 'cmake_target': None, 'cmake_target_skip_unavailable': False, 'install_base': '/home/duy/cocarry_ws/install/human_hand_msgs', 'merge_install': False, 'path': '/home/duy/cocarry_ws/src/human_hand_msgs', 'symlink_install': False, 'test_result_base': None}[0m
[0.366s] [34mcolcon.colcon_core.verb[0m [1;30mLevel 5[0m set package 'industrial_msgs' build argument 'cmake_args' from command line to 'None'
[0.366s] [34mcolcon.colcon_core.verb[0m [1;30mLevel 5[0m set package 'industrial_msgs' build argument 'cmake_target' from command line to 'None'
[0.366s] [34mcolcon.colcon_core.verb[0m [1;30mLevel 5[0m set package 'industrial_msgs' build argument 'cmake_target_skip_unavailable' from command line to 'False'
[0.366s] [34mcolcon.colcon_core.verb[0m [1;30mLevel 5[0m set package 'industrial_msgs' build argument 'cmake_clean_cache' from command line to 'False'
[0.366s] [34mcolcon.colcon_core.verb[0m [1;30mLevel 5[0m set package 'industrial_msgs' build argument 'cmake_clean_first' from command line to 'False'
[0.366s] [34mcolcon.colcon_core.verb[0m [1;30mLevel 5[0m set package 'industrial_msgs' build argument 'cmake_force_configure' from command line to 'False'
[0.366s] [34mcolcon.colcon_core.verb[0m [1;30mLevel 5[0m set package 'industrial_msgs' build argument 'ament_cmake_args' from command line to 'None'
[0.366s] [34mcolcon.colcon_core.verb[0m [1;30mLevel 5[0m set package 'industrial_msgs' build argument 'catkin_cmake_args' from command line to 'None'
[0.366s] [34mcolcon.colcon_core.verb[0m [1;30mLevel 5[0m set package 'industrial_msgs' build argument 'catkin_skip_building_tests' from command line to 'False'
[0.366s] [34mcolcon.colcon_core.verb[0m [1;30mDEBUG[0m [32mBuilding package 'industrial_msgs' with the following arguments: {'ament_cmake_args': None, 'build_base': '/home/duy/cocarry_ws/build/industrial_msgs', 'catkin_cmake_args': None, 'catkin_skip_building_tests': False, 'cmake_args': None, 'cmake_clean_cache': False, 'cmake_clean_first': False, 'cmake_force_configure': False, 'cmake_target': None, 'cmake_target_skip_unavailable': False, 'install_base': '/home/duy/cocarry_ws/install/industrial_msgs', 'merge_install': False, 'path': '/home/duy/cocarry_ws/src/ros-industrial/industrial_core_ros2_msgs_only/industrial_msgs', 'symlink_install': False, 'test_result_base': None}[0m
[0.366s] [34mcolcon.colcon_core.verb[0m [1;30mLevel 5[0m set package 'kinect2_registration' build argument 'cmake_args' from command line to 'None'
[0.367s] [34mcolcon.colcon_core.verb[0m [1;30mLevel 5[0m set package 'kinect2_registration' build argument 'cmake_target' from command line to 'None'
[0.367s] [34mcolcon.colcon_core.verb[0m [1;30mLevel 5[0m set package 'kinect2_registration' build argument 'cmake_target_skip_unavailable' from command line to 'False'
[0.367s] [34mcolcon.colcon_core.verb[0m [1;30mLevel 5[0m set package 'kinect2_registration' build argument 'cmake_clean_cache' from command line to 'False'
[0.367s] [34mcolcon.colcon_core.verb[0m [1;30mLevel 5[0m set package 'kinect2_registration' build argument 'cmake_clean_first' from command line to 'False'
[0.367s] [34mcolcon.colcon_core.verb[0m [1;30mLevel 5[0m set package 'kinect2_registration' build argument 'cmake_force_configure' from command line to 'False'
[0.367s] [34mcolcon.colcon_core.verb[0m [1;30mLevel 5[0m set package 'kinect2_registration' build argument 'ament_cmake_args' from command line to 'None'
[0.367s] [34mcolcon.colcon_core.verb[0m [1;30mLevel 5[0m set package 'kinect2_registration' build argument 'catkin_cmake_args' from command line to 'None'
[0.367s] [34mcolcon.colcon_core.verb[0m [1;30mLevel 5[0m set package 'kinect2_registration' build argument 'catkin_skip_building_tests' from command line to 'False'
[0.367s] [34mcolcon.colcon_core.verb[0m [1;30mDEBUG[0m [32mBuilding package 'kinect2_registration' with the following arguments: {'ament_cmake_args': None, 'build_base': '/home/duy/cocarry_ws/build/kinect2_registration', 'catkin_cmake_args': None, 'catkin_skip_building_tests': False, 'cmake_args': None, 'cmake_clean_cache': False, 'cmake_clean_first': False, 'cmake_force_configure': False, 'cmake_target': None, 'cmake_target_skip_unavailable': False, 'install_base': '/home/duy/cocarry_ws/install/kinect2_registration', 'merge_install': False, 'path': '/home/duy/cocarry_ws/src/kinect2_ros2/kinect2_registration', 'symlink_install': False, 'test_result_base': None}[0m
[0.367s] [34mcolcon.colcon_core.verb[0m [1;30mLevel 5[0m set package 'libfreenect2' build argument 'cmake_args' from command line to 'None'
[0.367s] [34mcolcon.colcon_core.verb[0m [1;30mLevel 5[0m set package 'libfreenect2' build argument 'cmake_target' from command line to 'None'
[0.367s] [34mcolcon.colcon_core.verb[0m [1;30mLevel 5[0m set package 'libfreenect2' build argument 'cmake_target_skip_unavailable' from command line to 'False'
[0.367s] [34mcolcon.colcon_core.verb[0m [1;30mLevel 5[0m set package 'libfreenect2' build argument 'cmake_clean_cache' from command line to 'False'
[0.367s] [34mcolcon.colcon_core.verb[0m [1;30mLevel 5[0m set package 'libfreenect2' build argument 'cmake_clean_first' from command line to 'False'
[0.367s] [34mcolcon.colcon_core.verb[0m [1;30mLevel 5[0m set package 'libfreenect2' build argument 'cmake_force_configure' from command line to 'False'
[0.367s] [34mcolcon.colcon_core.verb[0m [1;30mLevel 5[0m set package 'libfreenect2' build argument 'ament_cmake_args' from command line to 'None'
[0.367s] [34mcolcon.colcon_core.verb[0m [1;30mLevel 5[0m set package 'libfreenect2' build argument 'catkin_cmake_args' from command line to 'None'
[0.367s] [34mcolcon.colcon_core.verb[0m [1;30mLevel 5[0m set package 'libfreenect2' build argument 'catkin_skip_building_tests' from command line to 'False'
[0.367s] [34mcolcon.colcon_core.verb[0m [1;30mDEBUG[0m [32mBuilding package 'libfreenect2' with the following arguments: {'ament_cmake_args': None, 'build_base': '/home/duy/cocarry_ws/build/libfreenect2', 'catkin_cmake_args': None, 'catkin_skip_building_tests': False, 'cmake_args': None, 'cmake_clean_cache': False, 'cmake_clean_first': False, 'cmake_force_configure': False, 'cmake_target': None, 'cmake_target_skip_unavailable': False, 'install_base': '/home/duy/cocarry_ws/install/libfreenect2', 'merge_install': False, 'path': '/home/duy/cocarry_ws/libfreenect2', 'symlink_install': False, 'test_result_base': None}[0m
[0.367s] [34mcolcon.colcon_core.verb[0m [1;30mLevel 5[0m set package 'motoman_resources' build argument 'cmake_args' from command line to 'None'
[0.367s] [34mcolcon.colcon_core.verb[0m [1;30mLevel 5[0m set package 'motoman_resources' build argument 'cmake_target' from command line to 'None'
[0.367s] [34mcolcon.colcon_core.verb[0m [1;30mLevel 5[0m set package 'motoman_resources' build argument 'cmake_target_skip_unavailable' from command line to 'False'
[0.367s] [34mcolcon.colcon_core.verb[0m [1;30mLevel 5[0m set package 'motoman_resources' build argument 'cmake_clean_cache' from command line to 'False'
[0.367s] [34mcolcon.colcon_core.verb[0m [1;30mLevel 5[0m set package 'motoman_resources' build argument 'cmake_clean_first' from command line to 'False'
[0.367s] [34mcolcon.colcon_core.verb[0m [1;30mLevel 5[0m set package 'motoman_resources' build argument 'cmake_force_configure' from command line to 'False'
[0.368s] [34mcolcon.colcon_core.verb[0m [1;30mLevel 5[0m set package 'motoman_resources' build argument 'ament_cmake_args' from command line to 'None'
[0.368s] [34mcolcon.colcon_core.verb[0m [1;30mLevel 5[0m set package 'motoman_resources' build argument 'catkin_cmake_args' from command line to 'None'
[0.368s] [34mcolcon.colcon_core.verb[0m [1;30mLevel 5[0m set package 'motoman_resources' build argument 'catkin_skip_building_tests' from command line to 'False'
[0.368s] [34mcolcon.colcon_core.verb[0m [1;30mDEBUG[0m [32mBuilding package 'motoman_resources' with the following arguments: {'ament_cmake_args': None, 'build_base': '/home/duy/cocarry_ws/build/motoman_resources', 'catkin_cmake_args': None, 'catkin_skip_building_tests': False, 'cmake_args': None, 'cmake_clean_cache': False, 'cmake_clean_first': False, 'cmake_force_configure': False, 'cmake_target': None, 'cmake_target_skip_unavailable': False, 'install_base': '/home/duy/cocarry_ws/install/motoman_resources', 'merge_install': False, 'path': '/home/duy/cocarry_ws/src/motoman_ros2_support_packages/motoman_resources', 'symlink_install': False, 'test_result_base': None}[0m
[0.368s] [34mcolcon.colcon_core.verb[0m [1;30mLevel 5[0m set package 'motoros2_interfaces' build argument 'cmake_args' from command line to 'None'
[0.368s] [34mcolcon.colcon_core.verb[0m [1;30mLevel 5[0m set package 'motoros2_interfaces' build argument 'cmake_target' from command line to 'None'
[0.368s] [34mcolcon.colcon_core.verb[0m [1;30mLevel 5[0m set package 'motoros2_interfaces' build argument 'cmake_target_skip_unavailable' from command line to 'False'
[0.368s] [34mcolcon.colcon_core.verb[0m [1;30mLevel 5[0m set package 'motoros2_interfaces' build argument 'cmake_clean_cache' from command line to 'False'
[0.368s] [34mcolcon.colcon_core.verb[0m [1;30mLevel 5[0m set package 'motoros2_interfaces' build argument 'cmake_clean_first' from command line to 'False'
[0.368s] [34mcolcon.colcon_core.verb[0m [1;30mLevel 5[0m set package 'motoros2_interfaces' build argument 'cmake_force_configure' from command line to 'False'
[0.368s] [34mcolcon.colcon_core.verb[0m [1;30mLevel 5[0m set package 'motoros2_interfaces' build argument 'ament_cmake_args' from command line to 'None'
[0.368s] [34mcolcon.colcon_core.verb[0m [1;30mLevel 5[0m set package 'motoros2_interfaces' build argument 'catkin_cmake_args' from command line to 'None'
[0.368s] [34mcolcon.colcon_core.verb[0m [1;30mLevel 5[0m set package 'motoros2_interfaces' build argument 'catkin_skip_building_tests' from command line to 'False'
[0.368s] [34mcolcon.colcon_core.verb[0m [1;30mDEBUG[0m [32mBuilding package 'motoros2_interfaces' with the following arguments: {'ament_cmake_args': None, 'build_base': '/home/duy/cocarry_ws/build/motoros2_interfaces', 'catkin_cmake_args': None, 'catkin_skip_building_tests': False, 'cmake_args': None, 'cmake_clean_cache': False, 'cmake_clean_first': False, 'cmake_force_configure': False, 'cmake_target': None, 'cmake_target_skip_unavailable': False, 'install_base': '/home/duy/cocarry_ws/install/motoros2_interfaces', 'merge_install': False, 'path': '/home/duy/cocarry_ws/src/yaskawa-global/motoros2_interfaces', 'symlink_install': False, 'test_result_base': None}[0m
[0.368s] [34mcolcon.colcon_core.verb[0m [1;30mLevel 5[0m set package 'rula_tracker' build argument 'cmake_args' from command line to 'None'
[0.368s] [34mcolcon.colcon_core.verb[0m [1;30mLevel 5[0m set package 'rula_tracker' build argument 'cmake_target' from command line to 'None'
[0.368s] [34mcolcon.colcon_core.verb[0m [1;30mLevel 5[0m set package 'rula_tracker' build argument 'cmake_target_skip_unavailable' from command line to 'False'
[0.368s] [34mcolcon.colcon_core.verb[0m [1;30mLevel 5[0m set package 'rula_tracker' build argument 'cmake_clean_cache' from command line to 'False'
[0.368s] [34mcolcon.colcon_core.verb[0m [1;30mLevel 5[0m set package 'rula_tracker' build argument 'cmake_clean_first' from command line to 'False'
[0.368s] [34mcolcon.colcon_core.verb[0m [1;30mLevel 5[0m set package 'rula_tracker' build argument 'cmake_force_configure' from command line to 'False'
[0.368s] [34mcolcon.colcon_core.verb[0m [1;30mLevel 5[0m set package 'rula_tracker' build argument 'ament_cmake_args' from command line to 'None'
[0.368s] [34mcolcon.colcon_core.verb[0m [1;30mLevel 5[0m set package 'rula_tracker' build argument 'catkin_cmake_args' from command line to 'None'
[0.368s] [34mcolcon.colcon_core.verb[0m [1;30mLevel 5[0m set package 'rula_tracker' build argument 'catkin_skip_building_tests' from command line to 'False'
[0.368s] [34mcolcon.colcon_core.verb[0m [1;30mDEBUG[0m [32mBuilding package 'rula_tracker' with the following arguments: {'ament_cmake_args': None, 'build_base': '/home/duy/cocarry_ws/build/rula_tracker', 'catkin_cmake_args': None, 'catkin_skip_building_tests': False, 'cmake_args': None, 'cmake_clean_cache': False, 'cmake_clean_first': False, 'cmake_force_configure': False, 'cmake_target': None, 'cmake_target_skip_unavailable': False, 'install_base': '/home/duy/cocarry_ws/install/rula_tracker', 'merge_install': False, 'path': '/home/duy/cocarry_ws/src/rula_tracker', 'symlink_install': False, 'test_result_base': None}[0m
[0.369s] [34mcolcon.colcon_core.verb[0m [1;30mLevel 5[0m set package 'trac_ik_lib' build argument 'cmake_args' from command line to 'None'
[0.369s] [34mcolcon.colcon_core.verb[0m [1;30mLevel 5[0m set package 'trac_ik_lib' build argument 'cmake_target' from command line to 'None'
[0.369s] [34mcolcon.colcon_core.verb[0m [1;30mLevel 5[0m set package 'trac_ik_lib' build argument 'cmake_target_skip_unavailable' from command line to 'False'
[0.369s] [34mcolcon.colcon_core.verb[0m [1;30mLevel 5[0m set package 'trac_ik_lib' build argument 'cmake_clean_cache' from command line to 'False'
[0.369s] [34mcolcon.colcon_core.verb[0m [1;30mLevel 5[0m set package 'trac_ik_lib' build argument 'cmake_clean_first' from command line to 'False'
[0.369s] [34mcolcon.colcon_core.verb[0m [1;30mLevel 5[0m set package 'trac_ik_lib' build argument 'cmake_force_configure' from command line to 'False'
[0.369s] [34mcolcon.colcon_core.verb[0m [1;30mLevel 5[0m set package 'trac_ik_lib' build argument 'ament_cmake_args' from command line to 'None'
[0.369s] [34mcolcon.colcon_core.verb[0m [1;30mLevel 5[0m set package 'trac_ik_lib' build argument 'catkin_cmake_args' from command line to 'None'
[0.369s] [34mcolcon.colcon_core.verb[0m [1;30mLevel 5[0m set package 'trac_ik_lib' build argument 'catkin_skip_building_tests' from command line to 'False'
[0.369s] [34mcolcon.colcon_core.verb[0m [1;30mDEBUG[0m [32mBuilding package 'trac_ik_lib' with the following arguments: {'ament_cmake_args': None, 'build_base': '/home/duy/cocarry_ws/build/trac_ik_lib', 'catkin_cmake_args': None, 'catkin_skip_building_tests': False, 'cmake_args': None, 'cmake_clean_cache': False, 'cmake_clean_first': False, 'cmake_force_configure': False, 'cmake_target': None, 'cmake_target_skip_unavailable': False, 'install_base': '/home/duy/cocarry_ws/install/trac_ik_lib', 'merge_install': False, 'path': '/home/duy/cocarry_ws/src/trac_ik/trac_ik_lib', 'symlink_install': False, 'test_result_base': None}[0m
[0.369s] [34mcolcon.colcon_core.verb[0m [1;30mLevel 5[0m set package 'coord_transform' build argument 'cmake_args' from command line to 'None'
[0.369s] [34mcolcon.colcon_core.verb[0m [1;30mLevel 5[0m set package 'coord_transform' build argument 'cmake_target' from command line to 'None'
[0.369s] [34mcolcon.colcon_core.verb[0m [1;30mLevel 5[0m set package 'coord_transform' build argument 'cmake_target_skip_unavailable' from command line to 'False'
[0.369s] [34mcolcon.colcon_core.verb[0m [1;30mLevel 5[0m set package 'coord_transform' build argument 'cmake_clean_cache' from command line to 'False'
[0.369s] [34mcolcon.colcon_core.verb[0m [1;30mLevel 5[0m set package 'coord_transform' build argument 'cmake_clean_first' from command line to 'False'
[0.369s] [34mcolcon.colcon_core.verb[0m [1;30mLevel 5[0m set package 'coord_transform' build argument 'cmake_force_configure' from command line to 'False'
[0.369s] [34mcolcon.colcon_core.verb[0m [1;30mLevel 5[0m set package 'coord_transform' build argument 'ament_cmake_args' from command line to 'None'
[0.369s] [34mcolcon.colcon_core.verb[0m [1;30mLevel 5[0m set package 'coord_transform' build argument 'catkin_cmake_args' from command line to 'None'
[0.369s] [34mcolcon.colcon_core.verb[0m [1;30mLevel 5[0m set package 'coord_transform' build argument 'catkin_skip_building_tests' from command line to 'False'
[0.369s] [34mcolcon.colcon_core.verb[0m [1;30mDEBUG[0m [32mBuilding package 'coord_transform' with the following arguments: {'ament_cmake_args': None, 'build_base': '/home/duy/cocarry_ws/build/coord_transform', 'catkin_cmake_args': None, 'catkin_skip_building_tests': False, 'cmake_args': None, 'cmake_clean_cache': False, 'cmake_clean_first': False, 'cmake_force_configure': False, 'cmake_target': None, 'cmake_target_skip_unavailable': False, 'install_base': '/home/duy/cocarry_ws/install/coord_transform', 'merge_install': False, 'path': '/home/duy/cocarry_ws/src/coord_transform', 'symlink_install': False, 'test_result_base': None}[0m
[0.370s] [34mcolcon.colcon_core.verb[0m [1;30mLevel 5[0m set package 'experiment_logger' build argument 'cmake_args' from command line to 'None'
[0.370s] [34mcolcon.colcon_core.verb[0m [1;30mLevel 5[0m set package 'experiment_logger' build argument 'cmake_target' from command line to 'None'
[0.370s] [34mcolcon.colcon_core.verb[0m [1;30mLevel 5[0m set package 'experiment_logger' build argument 'cmake_target_skip_unavailable' from command line to 'False'
[0.370s] [34mcolcon.colcon_core.verb[0m [1;30mLevel 5[0m set package 'experiment_logger' build argument 'cmake_clean_cache' from command line to 'False'
[0.370s] [34mcolcon.colcon_core.verb[0m [1;30mLevel 5[0m set package 'experiment_logger' build argument 'cmake_clean_first' from command line to 'False'
[0.370s] [34mcolcon.colcon_core.verb[0m [1;30mLevel 5[0m set package 'experiment_logger' build argument 'cmake_force_configure' from command line to 'False'
[0.370s] [34mcolcon.colcon_core.verb[0m [1;30mLevel 5[0m set package 'experiment_logger' build argument 'ament_cmake_args' from command line to 'None'
[0.370s] [34mcolcon.colcon_core.verb[0m [1;30mLevel 5[0m set package 'experiment_logger' build argument 'catkin_cmake_args' from command line to 'None'
[0.370s] [34mcolcon.colcon_core.verb[0m [1;30mLevel 5[0m set package 'experiment_logger' build argument 'catkin_skip_building_tests' from command line to 'False'
[0.370s] [34mcolcon.colcon_core.verb[0m [1;30mDEBUG[0m [32mBuilding package 'experiment_logger' with the following arguments: {'ament_cmake_args': None, 'build_base': '/home/duy/cocarry_ws/build/experiment_logger', 'catkin_cmake_args': None, 'catkin_skip_building_tests': False, 'cmake_args': None, 'cmake_clean_cache': False, 'cmake_clean_first': False, 'cmake_force_configure': False, 'cmake_target': None, 'cmake_target_skip_unavailable': False, 'install_base': '/home/duy/cocarry_ws/install/experiment_logger', 'merge_install': False, 'path': '/home/duy/cocarry_ws/src/experiment_logger', 'symlink_install': False, 'test_result_base': None}[0m
[0.370s] [34mcolcon.colcon_core.verb[0m [1;30mLevel 5[0m set package 'kinect2_bridge' build argument 'cmake_args' from command line to 'None'
[0.370s] [34mcolcon.colcon_core.verb[0m [1;30mLevel 5[0m set package 'kinect2_bridge' build argument 'cmake_target' from command line to 'None'
[0.370s] [34mcolcon.colcon_core.verb[0m [1;30mLevel 5[0m set package 'kinect2_bridge' build argument 'cmake_target_skip_unavailable' from command line to 'False'
[0.370s] [34mcolcon.colcon_core.verb[0m [1;30mLevel 5[0m set package 'kinect2_bridge' build argument 'cmake_clean_cache' from command line to 'False'
[0.370s] [34mcolcon.colcon_core.verb[0m [1;30mLevel 5[0m set package 'kinect2_bridge' build argument 'cmake_clean_first' from command line to 'False'
[0.370s] [34mcolcon.colcon_core.verb[0m [1;30mLevel 5[0m set package 'kinect2_bridge' build argument 'cmake_force_configure' from command line to 'False'
[0.370s] [34mcolcon.colcon_core.verb[0m [1;30mLevel 5[0m set package 'kinect2_bridge' build argument 'ament_cmake_args' from command line to 'None'
[0.370s] [34mcolcon.colcon_core.verb[0m [1;30mLevel 5[0m set package 'kinect2_bridge' build argument 'catkin_cmake_args' from command line to 'None'
[0.370s] [34mcolcon.colcon_core.verb[0m [1;30mLevel 5[0m set package 'kinect2_bridge' build argument 'catkin_skip_building_tests' from command line to 'False'
[0.370s] [34mcolcon.colcon_core.verb[0m [1;30mDEBUG[0m [32mBuilding package 'kinect2_bridge' with the following arguments: {'ament_cmake_args': None, 'build_base': '/home/duy/cocarry_ws/build/kinect2_bridge', 'catkin_cmake_args': None, 'catkin_skip_building_tests': False, 'cmake_args': None, 'cmake_clean_cache': False, 'cmake_clean_first': False, 'cmake_force_configure': False, 'cmake_target': None, 'cmake_target_skip_unavailable': False, 'install_base': '/home/duy/cocarry_ws/install/kinect2_bridge', 'merge_install': False, 'path': '/home/duy/cocarry_ws/src/kinect2_ros2/kinect2_bridge', 'symlink_install': False, 'test_result_base': None}[0m
[0.371s] [34mcolcon.colcon_core.verb[0m [1;30mLevel 5[0m set package 'motoman_gp4_support' build argument 'cmake_args' from command line to 'None'
[0.371s] [34mcolcon.colcon_core.verb[0m [1;30mLevel 5[0m set package 'motoman_gp4_support' build argument 'cmake_target' from command line to 'None'
[0.371s] [34mcolcon.colcon_core.verb[0m [1;30mLevel 5[0m set package 'motoman_gp4_support' build argument 'cmake_target_skip_unavailable' from command line to 'False'
[0.371s] [34mcolcon.colcon_core.verb[0m [1;30mLevel 5[0m set package 'motoman_gp4_support' build argument 'cmake_clean_cache' from command line to 'False'
[0.371s] [34mcolcon.colcon_core.verb[0m [1;30mLevel 5[0m set package 'motoman_gp4_support' build argument 'cmake_clean_first' from command line to 'False'
[0.371s] [34mcolcon.colcon_core.verb[0m [1;30mLevel 5[0m set package 'motoman_gp4_support' build argument 'cmake_force_configure' from command line to 'False'
[0.371s] [34mcolcon.colcon_core.verb[0m [1;30mLevel 5[0m set package 'motoman_gp4_support' build argument 'ament_cmake_args' from command line to 'None'
[0.371s] [34mcolcon.colcon_core.verb[0m [1;30mLevel 5[0m set package 'motoman_gp4_support' build argument 'catkin_cmake_args' from command line to 'None'
[0.371s] [34mcolcon.colcon_core.verb[0m [1;30mLevel 5[0m set package 'motoman_gp4_support' build argument 'catkin_skip_building_tests' from command line to 'False'
[0.371s] [34mcolcon.colcon_core.verb[0m [1;30mDEBUG[0m [32mBuilding package 'motoman_gp4_support' with the following arguments: {'ament_cmake_args': None, 'build_base': '/home/duy/cocarry_ws/build/motoman_gp4_support', 'catkin_cmake_args': None, 'catkin_skip_building_tests': False, 'cmake_args': None, 'cmake_clean_cache': False, 'cmake_clean_first': False, 'cmake_force_configure': False, 'cmake_target': None, 'cmake_target_skip_unavailable': False, 'install_base': '/home/duy/cocarry_ws/install/motoman_gp4_support', 'merge_install': False, 'path': '/home/duy/cocarry_ws/src/motoman_ros2_support_packages/motoman_gp4_support', 'symlink_install': False, 'test_result_base': None}[0m
[0.371s] [34mcolcon.colcon_core.verb[0m [1;30mLevel 5[0m set package 'motoman_hc10dtp_support' build argument 'cmake_args' from command line to 'None'
[0.371s] [34mcolcon.colcon_core.verb[0m [1;30mLevel 5[0m set package 'motoman_hc10dtp_support' build argument 'cmake_target' from command line to 'None'
[0.371s] [34mcolcon.colcon_core.verb[0m [1;30mLevel 5[0m set package 'motoman_hc10dtp_support' build argument 'cmake_target_skip_unavailable' from command line to 'False'
[0.371s] [34mcolcon.colcon_core.verb[0m [1;30mLevel 5[0m set package 'motoman_hc10dtp_support' build argument 'cmake_clean_cache' from command line to 'False'
[0.371s] [34mcolcon.colcon_core.verb[0m [1;30mLevel 5[0m set package 'motoman_hc10dtp_support' build argument 'cmake_clean_first' from command line to 'False'
[0.371s] [34mcolcon.colcon_core.verb[0m [1;30mLevel 5[0m set package 'motoman_hc10dtp_support' build argument 'cmake_force_configure' from command line to 'False'
[0.371s] [34mcolcon.colcon_core.verb[0m [1;30mLevel 5[0m set package 'motoman_hc10dtp_support' build argument 'ament_cmake_args' from command line to 'None'
[0.371s] [34mcolcon.colcon_core.verb[0m [1;30mLevel 5[0m set package 'motoman_hc10dtp_support' build argument 'catkin_cmake_args' from command line to 'None'
[0.371s] [34mcolcon.colcon_core.verb[0m [1;30mLevel 5[0m set package 'motoman_hc10dtp_support' build argument 'catkin_skip_building_tests' from command line to 'False'
[0.371s] [34mcolcon.colcon_core.verb[0m [1;30mDEBUG[0m [32mBuilding package 'motoman_hc10dtp_support' with the following arguments: {'ament_cmake_args': None, 'build_base': '/home/duy/cocarry_ws/build/motoman_hc10dtp_support', 'catkin_cmake_args': None, 'catkin_skip_building_tests': False, 'cmake_args': None, 'cmake_clean_cache': False, 'cmake_clean_first': False, 'cmake_force_configure': False, 'cmake_target': None, 'cmake_target_skip_unavailable': False, 'install_base': '/home/duy/cocarry_ws/install/motoman_hc10dtp_support', 'merge_install': False, 'path': '/home/duy/cocarry_ws/src/motoman_ros2_support_packages/motoman_hc10dtp_support', 'symlink_install': False, 'test_result_base': None}[0m
[0.371s] [34mcolcon.colcon_core.verb[0m [1;30mLevel 5[0m set package 'motoros2_client_interface_dependencies' build argument 'cmake_args' from command line to 'None'
[0.371s] [34mcolcon.colcon_core.verb[0m [1;30mLevel 5[0m set package 'motoros2_client_interface_dependencies' build argument 'cmake_target' from command line to 'None'
[0.371s] [34mcolcon.colcon_core.verb[0m [1;30mLevel 5[0m set package 'motoros2_client_interface_dependencies' build argument 'cmake_target_skip_unavailable' from command line to 'False'
[0.371s] [34mcolcon.colcon_core.verb[0m [1;30mLevel 5[0m set package 'motoros2_client_interface_dependencies' build argument 'cmake_clean_cache' from command line to 'False'
[0.371s] [34mcolcon.colcon_core.verb[0m [1;30mLevel 5[0m set package 'motoros2_client_interface_dependencies' build argument 'cmake_clean_first' from command line to 'False'
[0.371s] [34mcolcon.colcon_core.verb[0m [1;30mLevel 5[0m set package 'motoros2_client_interface_dependencies' build argument 'cmake_force_configure' from command line to 'False'
[0.372s] [34mcolcon.colcon_core.verb[0m [1;30mLevel 5[0m set package 'motoros2_client_interface_dependencies' build argument 'ament_cmake_args' from command line to 'None'
[0.372s] [34mcolcon.colcon_core.verb[0m [1;30mLevel 5[0m set package 'motoros2_client_interface_dependencies' build argument 'catkin_cmake_args' from command line to 'None'
[0.372s] [34mcolcon.colcon_core.verb[0m [1;30mLevel 5[0m set package 'motoros2_client_interface_dependencies' build argument 'catkin_skip_building_tests' from command line to 'False'
[0.372s] [34mcolcon.colcon_core.verb[0m [1;30mDEBUG[0m [32mBuilding package 'motoros2_client_interface_dependencies' with the following arguments: {'ament_cmake_args': None, 'build_base': '/home/duy/cocarry_ws/build/motoros2_client_interface_dependencies', 'catkin_cmake_args': None, 'catkin_skip_building_tests': False, 'cmake_args': None, 'cmake_clean_cache': False, 'cmake_clean_first': False, 'cmake_force_configure': False, 'cmake_target': None, 'cmake_target_skip_unavailable': False, 'install_base': '/home/duy/cocarry_ws/install/motoros2_client_interface_dependencies', 'merge_install': False, 'path': '/home/duy/cocarry_ws/src/motoros2_client_interface_dependencies', 'symlink_install': False, 'test_result_base': None}[0m
[0.372s] [34mcolcon.colcon_core.verb[0m [1;30mLevel 5[0m set package 'predictor_ui' build argument 'cmake_args' from command line to 'None'
[0.372s] [34mcolcon.colcon_core.verb[0m [1;30mLevel 5[0m set package 'predictor_ui' build argument 'cmake_target' from command line to 'None'
[0.372s] [34mcolcon.colcon_core.verb[0m [1;30mLevel 5[0m set package 'predictor_ui' build argument 'cmake_target_skip_unavailable' from command line to 'False'
[0.372s] [34mcolcon.colcon_core.verb[0m [1;30mLevel 5[0m set package 'predictor_ui' build argument 'cmake_clean_cache' from command line to 'False'
[0.372s] [34mcolcon.colcon_core.verb[0m [1;30mLevel 5[0m set package 'predictor_ui' build argument 'cmake_clean_first' from command line to 'False'
[0.372s] [34mcolcon.colcon_core.verb[0m [1;30mLevel 5[0m set package 'predictor_ui' build argument 'cmake_force_configure' from command line to 'False'
[0.372s] [34mcolcon.colcon_core.verb[0m [1;30mLevel 5[0m set package 'predictor_ui' build argument 'ament_cmake_args' from command line to 'None'
[0.372s] [34mcolcon.colcon_core.verb[0m [1;30mLevel 5[0m set package 'predictor_ui' build argument 'catkin_cmake_args' from command line to 'None'
[0.372s] [34mcolcon.colcon_core.verb[0m [1;30mLevel 5[0m set package 'predictor_ui' build argument 'catkin_skip_building_tests' from command line to 'False'
[0.372s] [34mcolcon.colcon_core.verb[0m [1;30mDEBUG[0m [32mBuilding package 'predictor_ui' with the following arguments: {'ament_cmake_args': None, 'build_base': '/home/duy/cocarry_ws/build/predictor_ui', 'catkin_cmake_args': None, 'catkin_skip_building_tests': False, 'cmake_args': None, 'cmake_clean_cache': False, 'cmake_clean_first': False, 'cmake_force_configure': False, 'cmake_target': None, 'cmake_target_skip_unavailable': False, 'install_base': '/home/duy/cocarry_ws/install/predictor_ui', 'merge_install': False, 'path': '/home/duy/cocarry_ws/src/predictor_ui', 'symlink_install': False, 'test_result_base': None}[0m
[0.372s] [34mcolcon.colcon_core.verb[0m [1;30mLevel 5[0m set package 'realsense_tracker' build argument 'cmake_args' from command line to 'None'
[0.372s] [34mcolcon.colcon_core.verb[0m [1;30mLevel 5[0m set package 'realsense_tracker' build argument 'cmake_target' from command line to 'None'
[0.372s] [34mcolcon.colcon_core.verb[0m [1;30mLevel 5[0m set package 'realsense_tracker' build argument 'cmake_target_skip_unavailable' from command line to 'False'
[0.372s] [34mcolcon.colcon_core.verb[0m [1;30mLevel 5[0m set package 'realsense_tracker' build argument 'cmake_clean_cache' from command line to 'False'
[0.372s] [34mcolcon.colcon_core.verb[0m [1;30mLevel 5[0m set package 'realsense_tracker' build argument 'cmake_clean_first' from command line to 'False'
[0.372s] [34mcolcon.colcon_core.verb[0m [1;30mLevel 5[0m set package 'realsense_tracker' build argument 'cmake_force_configure' from command line to 'False'
[0.372s] [34mcolcon.colcon_core.verb[0m [1;30mLevel 5[0m set package 'realsense_tracker' build argument 'ament_cmake_args' from command line to 'None'
[0.372s] [34mcolcon.colcon_core.verb[0m [1;30mLevel 5[0m set package 'realsense_tracker' build argument 'catkin_cmake_args' from command line to 'None'
[0.372s] [34mcolcon.colcon_core.verb[0m [1;30mLevel 5[0m set package 'realsense_tracker' build argument 'catkin_skip_building_tests' from command line to 'False'
[0.372s] [34mcolcon.colcon_core.verb[0m [1;30mDEBUG[0m [32mBuilding package 'realsense_tracker' with the following arguments: {'ament_cmake_args': None, 'build_base': '/home/duy/cocarry_ws/build/realsense_tracker', 'catkin_cmake_args': None, 'catkin_skip_building_tests': False, 'cmake_args': None, 'cmake_clean_cache': False, 'cmake_clean_first': False, 'cmake_force_configure': False, 'cmake_target': None, 'cmake_target_skip_unavailable': False, 'install_base': '/home/duy/cocarry_ws/install/realsense_tracker', 'merge_install': False, 'path': '/home/duy/cocarry_ws/src/realsense_tracker', 'symlink_install': False, 'test_result_base': None}[0m
[0.373s] [34mcolcon.colcon_core.verb[0m [1;30mLevel 5[0m set package 'trac_ik_kinematics' build argument 'cmake_args' from command line to 'None'
[0.373s] [34mcolcon.colcon_core.verb[0m [1;30mLevel 5[0m set package 'trac_ik_kinematics' build argument 'cmake_target' from command line to 'None'
[0.373s] [34mcolcon.colcon_core.verb[0m [1;30mLevel 5[0m set package 'trac_ik_kinematics' build argument 'cmake_target_skip_unavailable' from command line to 'False'
[0.373s] [34mcolcon.colcon_core.verb[0m [1;30mLevel 5[0m set package 'trac_ik_kinematics' build argument 'cmake_clean_cache' from command line to 'False'
[0.373s] [34mcolcon.colcon_core.verb[0m [1;30mLevel 5[0m set package 'trac_ik_kinematics' build argument 'cmake_clean_first' from command line to 'False'
[0.373s] [34mcolcon.colcon_core.verb[0m [1;30mLevel 5[0m set package 'trac_ik_kinematics' build argument 'cmake_force_configure' from command line to 'False'
[0.373s] [34mcolcon.colcon_core.verb[0m [1;30mLevel 5[0m set package 'trac_ik_kinematics' build argument 'ament_cmake_args' from command line to 'None'
[0.373s] [34mcolcon.colcon_core.verb[0m [1;30mLevel 5[0m set package 'trac_ik_kinematics' build argument 'catkin_cmake_args' from command line to 'None'
[0.373s] [34mcolcon.colcon_core.verb[0m [1;30mLevel 5[0m set package 'trac_ik_kinematics' build argument 'catkin_skip_building_tests' from command line to 'False'
[0.373s] [34mcolcon.colcon_core.verb[0m [1;30mDEBUG[0m [32mBuilding package 'trac_ik_kinematics' with the following arguments: {'ament_cmake_args': None, 'build_base': '/home/duy/cocarry_ws/build/trac_ik_kinematics', 'catkin_cmake_args': None, 'catkin_skip_building_tests': False, 'cmake_args': None, 'cmake_clean_cache': False, 'cmake_clean_first': False, 'cmake_force_configure': False, 'cmake_target': None, 'cmake_target_skip_unavailable': False, 'install_base': '/home/duy/cocarry_ws/install/trac_ik_kinematics', 'merge_install': False, 'path': '/home/duy/cocarry_ws/src/trac_ik/trac_ik_kinematics', 'symlink_install': False, 'test_result_base': None}[0m
[0.373s] [34mcolcon.colcon_core.verb[0m [1;30mLevel 5[0m set package 'trajectory_predictor' build argument 'cmake_args' from command line to 'None'
[0.373s] [34mcolcon.colcon_core.verb[0m [1;30mLevel 5[0m set package 'trajectory_predictor' build argument 'cmake_target' from command line to 'None'
[0.373s] [34mcolcon.colcon_core.verb[0m [1;30mLevel 5[0m set package 'trajectory_predictor' build argument 'cmake_target_skip_unavailable' from command line to 'False'
[0.373s] [34mcolcon.colcon_core.verb[0m [1;30mLevel 5[0m set package 'trajectory_predictor' build argument 'cmake_clean_cache' from command line to 'False'
[0.373s] [34mcolcon.colcon_core.verb[0m [1;30mLevel 5[0m set package 'trajectory_predictor' build argument 'cmake_clean_first' from command line to 'False'
[0.373s] [34mcolcon.colcon_core.verb[0m [1;30mLevel 5[0m set package 'trajectory_predictor' build argument 'cmake_force_configure' from command line to 'False'
[0.373s] [34mcolcon.colcon_core.verb[0m [1;30mLevel 5[0m set package 'trajectory_predictor' build argument 'ament_cmake_args' from command line to 'None'
[0.373s] [34mcolcon.colcon_core.verb[0m [1;30mLevel 5[0m set package 'trajectory_predictor' build argument 'catkin_cmake_args' from command line to 'None'
[0.373s] [34mcolcon.colcon_core.verb[0m [1;30mLevel 5[0m set package 'trajectory_predictor' build argument 'catkin_skip_building_tests' from command line to 'False'
[0.373s] [34mcolcon.colcon_core.verb[0m [1;30mDEBUG[0m [32mBuilding package 'trajectory_predictor' with the following arguments: {'ament_cmake_args': None, 'build_base': '/home/duy/cocarry_ws/build/trajectory_predictor', 'catkin_cmake_args': None, 'catkin_skip_building_tests': False, 'cmake_args': None, 'cmake_clean_cache': False, 'cmake_clean_first': False, 'cmake_force_configure': False, 'cmake_target': None, 'cmake_target_skip_unavailable': False, 'install_base': '/home/duy/cocarry_ws/install/trajectory_predictor', 'merge_install': False, 'path': '/home/duy/cocarry_ws/src/trajectory_predictor', 'symlink_install': False, 'test_result_base': None}[0m
[0.374s] [34mcolcon.colcon_core.verb[0m [1;30mLevel 5[0m set package 'hc10dtp_moveit_config' build argument 'cmake_args' from command line to 'None'
[0.374s] [34mcolcon.colcon_core.verb[0m [1;30mLevel 5[0m set package 'hc10dtp_moveit_config' build argument 'cmake_target' from command line to 'None'
[0.374s] [34mcolcon.colcon_core.verb[0m [1;30mLevel 5[0m set package 'hc10dtp_moveit_config' build argument 'cmake_target_skip_unavailable' from command line to 'False'
[0.374s] [34mcolcon.colcon_core.verb[0m [1;30mLevel 5[0m set package 'hc10dtp_moveit_config' build argument 'cmake_clean_cache' from command line to 'False'
[0.374s] [34mcolcon.colcon_core.verb[0m [1;30mLevel 5[0m set package 'hc10dtp_moveit_config' build argument 'cmake_clean_first' from command line to 'False'
[0.374s] [34mcolcon.colcon_core.verb[0m [1;30mLevel 5[0m set package 'hc10dtp_moveit_config' build argument 'cmake_force_configure' from command line to 'False'
[0.374s] [34mcolcon.colcon_core.verb[0m [1;30mLevel 5[0m set package 'hc10dtp_moveit_config' build argument 'ament_cmake_args' from command line to 'None'
[0.374s] [34mcolcon.colcon_core.verb[0m [1;30mLevel 5[0m set package 'hc10dtp_moveit_config' build argument 'catkin_cmake_args' from command line to 'None'
[0.374s] [34mcolcon.colcon_core.verb[0m [1;30mLevel 5[0m set package 'hc10dtp_moveit_config' build argument 'catkin_skip_building_tests' from command line to 'False'
[0.374s] [34mcolcon.colcon_core.verb[0m [1;30mDEBUG[0m [32mBuilding package 'hc10dtp_moveit_config' with the following arguments: {'ament_cmake_args': None, 'build_base': '/home/duy/cocarry_ws/build/hc10dtp_moveit_config', 'catkin_cmake_args': None, 'catkin_skip_building_tests': False, 'cmake_args': None, 'cmake_clean_cache': False, 'cmake_clean_first': False, 'cmake_force_configure': False, 'cmake_target': None, 'cmake_target_skip_unavailable': False, 'install_base': '/home/duy/cocarry_ws/install/hc10dtp_moveit_config', 'merge_install': False, 'path': '/home/duy/cocarry_ws/src/hc10dtp_moveit_config', 'symlink_install': False, 'test_result_base': None}[0m
[0.374s] [34mcolcon.colcon_core.verb[0m [1;30mLevel 5[0m set package 'kinect2_calibration' build argument 'cmake_args' from command line to 'None'
[0.374s] [34mcolcon.colcon_core.verb[0m [1;30mLevel 5[0m set package 'kinect2_calibration' build argument 'cmake_target' from command line to 'None'
[0.374s] [34mcolcon.colcon_core.verb[0m [1;30mLevel 5[0m set package 'kinect2_calibration' build argument 'cmake_target_skip_unavailable' from command line to 'False'
[0.374s] [34mcolcon.colcon_core.verb[0m [1;30mLevel 5[0m set package 'kinect2_calibration' build argument 'cmake_clean_cache' from command line to 'False'
[0.374s] [34mcolcon.colcon_core.verb[0m [1;30mLevel 5[0m set package 'kinect2_calibration' build argument 'cmake_clean_first' from command line to 'False'
[0.374s] [34mcolcon.colcon_core.verb[0m [1;30mLevel 5[0m set package 'kinect2_calibration' build argument 'cmake_force_configure' from command line to 'False'
[0.374s] [34mcolcon.colcon_core.verb[0m [1;30mLevel 5[0m set package 'kinect2_calibration' build argument 'ament_cmake_args' from command line to 'None'
[0.374s] [34mcolcon.colcon_core.verb[0m [1;30mLevel 5[0m set package 'kinect2_calibration' build argument 'catkin_cmake_args' from command line to 'None'
[0.374s] [34mcolcon.colcon_core.verb[0m [1;30mLevel 5[0m set package 'kinect2_calibration' build argument 'catkin_skip_building_tests' from command line to 'False'
[0.374s] [34mcolcon.colcon_core.verb[0m [1;30mDEBUG[0m [32mBuilding package 'kinect2_calibration' with the following arguments: {'ament_cmake_args': None, 'build_base': '/home/duy/cocarry_ws/build/kinect2_calibration', 'catkin_cmake_args': None, 'catkin_skip_building_tests': False, 'cmake_args': None, 'cmake_clean_cache': False, 'cmake_clean_first': False, 'cmake_force_configure': False, 'cmake_target': None, 'cmake_target_skip_unavailable': False, 'install_base': '/home/duy/cocarry_ws/install/kinect2_calibration', 'merge_install': False, 'path': '/home/duy/cocarry_ws/src/kinect2_ros2/kinect2_calibration', 'symlink_install': False, 'test_result_base': None}[0m
[0.374s] [34mcolcon.colcon_core.verb[0m [1;30mLevel 5[0m set package 'trac_ik' build argument 'cmake_args' from command line to 'None'
[0.375s] [34mcolcon.colcon_core.verb[0m [1;30mLevel 5[0m set package 'trac_ik' build argument 'cmake_target' from command line to 'None'
[0.375s] [34mcolcon.colcon_core.verb[0m [1;30mLevel 5[0m set package 'trac_ik' build argument 'cmake_target_skip_unavailable' from command line to 'False'
[0.375s] [34mcolcon.colcon_core.verb[0m [1;30mLevel 5[0m set package 'trac_ik' build argument 'cmake_clean_cache' from command line to 'False'
[0.375s] [34mcolcon.colcon_core.verb[0m [1;30mLevel 5[0m set package 'trac_ik' build argument 'cmake_clean_first' from command line to 'False'
[0.375s] [34mcolcon.colcon_core.verb[0m [1;30mLevel 5[0m set package 'trac_ik' build argument 'cmake_force_configure' from command line to 'False'
[0.375s] [34mcolcon.colcon_core.verb[0m [1;30mLevel 5[0m set package 'trac_ik' build argument 'ament_cmake_args' from command line to 'None'
[0.375s] [34mcolcon.colcon_core.verb[0m [1;30mLevel 5[0m set package 'trac_ik' build argument 'catkin_cmake_args' from command line to 'None'
[0.375s] [34mcolcon.colcon_core.verb[0m [1;30mLevel 5[0m set package 'trac_ik' build argument 'catkin_skip_building_tests' from command line to 'False'
[0.375s] [34mcolcon.colcon_core.verb[0m [1;30mDEBUG[0m [32mBuilding package 'trac_ik' with the following arguments: {'ament_cmake_args': None, 'build_base': '/home/duy/cocarry_ws/build/trac_ik', 'catkin_cmake_args': None, 'catkin_skip_building_tests': False, 'cmake_args': None, 'cmake_clean_cache': False, 'cmake_clean_first': False, 'cmake_force_configure': False, 'cmake_target': None, 'cmake_target_skip_unavailable': False, 'install_base': '/home/duy/cocarry_ws/install/trac_ik', 'merge_install': False, 'path': '/home/duy/cocarry_ws/src/trac_ik/trac_ik', 'symlink_install': False, 'test_result_base': None}[0m
[0.375s] [34mcolcon.colcon_core.verb[0m [1;30mLevel 5[0m set package 'hc10dtp_bringup' build argument 'cmake_args' from command line to 'None'
[0.375s] [34mcolcon.colcon_core.verb[0m [1;30mLevel 5[0m set package 'hc10dtp_bringup' build argument 'cmake_target' from command line to 'None'
[0.375s] [34mcolcon.colcon_core.verb[0m [1;30mLevel 5[0m set package 'hc10dtp_bringup' build argument 'cmake_target_skip_unavailable' from command line to 'False'
[0.375s] [34mcolcon.colcon_core.verb[0m [1;30mLevel 5[0m set package 'hc10dtp_bringup' build argument 'cmake_clean_cache' from command line to 'False'
[0.375s] [34mcolcon.colcon_core.verb[0m [1;30mLevel 5[0m set package 'hc10dtp_bringup' build argument 'cmake_clean_first' from command line to 'False'
[0.375s] [34mcolcon.colcon_core.verb[0m [1;30mLevel 5[0m set package 'hc10dtp_bringup' build argument 'cmake_force_configure' from command line to 'False'
[0.375s] [34mcolcon.colcon_core.verb[0m [1;30mLevel 5[0m set package 'hc10dtp_bringup' build argument 'ament_cmake_args' from command line to 'None'
[0.375s] [34mcolcon.colcon_core.verb[0m [1;30mLevel 5[0m set package 'hc10dtp_bringup' build argument 'catkin_cmake_args' from command line to 'None'
[0.375s] [34mcolcon.colcon_core.verb[0m [1;30mLevel 5[0m set package 'hc10dtp_bringup' build argument 'catkin_skip_building_tests' from command line to 'False'
[0.375s] [34mcolcon.colcon_core.verb[0m [1;30mDEBUG[0m [32mBuilding package 'hc10dtp_bringup' with the following arguments: {'ament_cmake_args': None, 'build_base': '/home/duy/cocarry_ws/build/hc10dtp_bringup', 'catkin_cmake_args': None, 'catkin_skip_building_tests': False, 'cmake_args': None, 'cmake_clean_cache': False, 'cmake_clean_first': False, 'cmake_force_configure': False, 'cmake_target': None, 'cmake_target_skip_unavailable': False, 'install_base': '/home/duy/cocarry_ws/install/hc10dtp_bringup', 'merge_install': False, 'path': '/home/duy/cocarry_ws/src/hc10dtp_bringup', 'symlink_install': False, 'test_result_base': None}[0m
[0.375s] [34mcolcon.colcon_core.verb[0m [1;30mLevel 5[0m set package 'hc10dtp_simulation' build argument 'cmake_args' from command line to 'None'
[0.375s] [34mcolcon.colcon_core.verb[0m [1;30mLevel 5[0m set package 'hc10dtp_simulation' build argument 'cmake_target' from command line to 'None'
[0.376s] [34mcolcon.colcon_core.verb[0m [1;30mLevel 5[0m set package 'hc10dtp_simulation' build argument 'cmake_target_skip_unavailable' from command line to 'False'
[0.376s] [34mcolcon.colcon_core.verb[0m [1;30mLevel 5[0m set package 'hc10dtp_simulation' build argument 'cmake_clean_cache' from command line to 'False'
[0.376s] [34mcolcon.colcon_core.verb[0m [1;30mLevel 5[0m set package 'hc10dtp_simulation' build argument 'cmake_clean_first' from command line to 'False'
[0.376s] [34mcolcon.colcon_core.verb[0m [1;30mLevel 5[0m set package 'hc10dtp_simulation' build argument 'cmake_force_configure' from command line to 'False'
[0.376s] [34mcolcon.colcon_core.verb[0m [1;30mLevel 5[0m set package 'hc10dtp_simulation' build argument 'ament_cmake_args' from command line to 'None'
[0.376s] [34mcolcon.colcon_core.verb[0m [1;30mLevel 5[0m set package 'hc10dtp_simulation' build argument 'catkin_cmake_args' from command line to 'None'
[0.376s] [34mcolcon.colcon_core.verb[0m [1;30mLevel 5[0m set package 'hc10dtp_simulation' build argument 'catkin_skip_building_tests' from command line to 'False'
[0.376s] [34mcolcon.colcon_core.verb[0m [1;30mDEBUG[0m [32mBuilding package 'hc10dtp_simulation' with the following arguments: {'ament_cmake_args': None, 'build_base': '/home/duy/cocarry_ws/build/hc10dtp_simulation', 'catkin_cmake_args': None, 'catkin_skip_building_tests': False, 'cmake_args': None, 'cmake_clean_cache': False, 'cmake_clean_first': False, 'cmake_force_configure': False, 'cmake_target': None, 'cmake_target_skip_unavailable': False, 'install_base': '/home/duy/cocarry_ws/install/hc10dtp_simulation', 'merge_install': False, 'path': '/home/duy/cocarry_ws/src/hc10dtp_simulation', 'symlink_install': False, 'test_result_base': None}[0m
[0.376s] [34mcolcon.colcon_core.verb[0m [1;30mLevel 5[0m set package 'hrc_bringup' build argument 'cmake_args' from command line to 'None'
[0.376s] [34mcolcon.colcon_core.verb[0m [1;30mLevel 5[0m set package 'hrc_bringup' build argument 'cmake_target' from command line to 'None'
[0.376s] [34mcolcon.colcon_core.verb[0m [1;30mLevel 5[0m set package 'hrc_bringup' build argument 'cmake_target_skip_unavailable' from command line to 'False'
[0.376s] [34mcolcon.colcon_core.verb[0m [1;30mLevel 5[0m set package 'hrc_bringup' build argument 'cmake_clean_cache' from command line to 'False'
[0.376s] [34mcolcon.colcon_core.verb[0m [1;30mLevel 5[0m set package 'hrc_bringup' build argument 'cmake_clean_first' from command line to 'False'
[0.376s] [34mcolcon.colcon_core.verb[0m [1;30mLevel 5[0m set package 'hrc_bringup' build argument 'cmake_force_configure' from command line to 'False'
[0.376s] [34mcolcon.colcon_core.verb[0m [1;30mLevel 5[0m set package 'hrc_bringup' build argument 'ament_cmake_args' from command line to 'None'
[0.376s] [34mcolcon.colcon_core.verb[0m [1;30mLevel 5[0m set package 'hrc_bringup' build argument 'catkin_cmake_args' from command line to 'None'
[0.376s] [34mcolcon.colcon_core.verb[0m [1;30mLevel 5[0m set package 'hrc_bringup' build argument 'catkin_skip_building_tests' from command line to 'False'
[0.376s] [34mcolcon.colcon_core.verb[0m [1;30mDEBUG[0m [32mBuilding package 'hrc_bringup' with the following arguments: {'ament_cmake_args': None, 'build_base': '/home/duy/cocarry_ws/build/hrc_bringup', 'catkin_cmake_args': None, 'catkin_skip_building_tests': False, 'cmake_args': None, 'cmake_clean_cache': False, 'cmake_clean_first': False, 'cmake_force_configure': False, 'cmake_target': None, 'cmake_target_skip_unavailable': False, 'install_base': '/home/duy/cocarry_ws/install/hrc_bringup', 'merge_install': False, 'path': '/home/duy/cocarry_ws/src/hrc_bringup', 'symlink_install': False, 'test_result_base': None}[0m
[0.376s] [34mcolcon.colcon_core.executor[0m [1;30mINFO[0m Executing jobs using 'parallel' executor
[0.377s] [34mcolcon.colcon_parallel_executor.executor.parallel[0m [1;30mDEBUG[0m [32mrun_until_complete[0m
[0.378s] [34mcolcon.colcon_ros.task.catkin.build[0m [1;30mINFO[0m Building ROS package in '/home/duy/cocarry_ws/src/human_hand_msgs' with build type 'catkin'
[0.378s] [34mcolcon.colcon_cmake.task.cmake.build[0m [1;30mINFO[0m Building CMake package in '/home/duy/cocarry_ws/src/human_hand_msgs'
[0.380s] [34mcolcon.colcon_core.plugin_system[0m [1;30mINFO[0m Skipping extension 'colcon_core.shell.bat': Not used on non-Windows systems
[0.381s] [34mcolcon.colcon_core.shell[0m [1;30mINFO[0m Skip shell extension 'powershell' for command environment: Not usable outside of PowerShell
[0.381s] [34mcolcon.colcon_core.shell[0m [1;30mDEBUG[0m [32mSkip shell extension 'dsv' for command environment[0m
[0.384s] [34mcolcon.colcon_ros.task.ament_cmake.build[0m [1;30mINFO[0m Building ROS package in '/home/duy/cocarry_ws/src/motoman_ros2_support_packages/motoman_resources' with build type 'ament_cmake'
[0.384s] [34mcolcon.colcon_cmake.task.cmake.build[0m [1;30mINFO[0m Building CMake package in '/home/duy/cocarry_ws/src/motoman_ros2_support_packages/motoman_resources'
[0.385s] [34mcolcon.colcon_core.shell[0m [1;30mINFO[0m Skip shell extension 'powershell' for command environment: Not usable outside of PowerShell
[0.385s] [34mcolcon.colcon_core.shell[0m [1;30mDEBUG[0m [32mSkip shell extension 'dsv' for command environment[0m
[0.388s] [34mcolcon.colcon_ros.task.ament_cmake.build[0m [1;30mINFO[0m Building ROS package in '/home/duy/cocarry_ws/src/yaskawa-global/motoros2_interfaces' with build type 'ament_cmake'
[0.388s] [34mcolcon.colcon_cmake.task.cmake.build[0m [1;30mINFO[0m Building CMake package in '/home/duy/cocarry_ws/src/yaskawa-global/motoros2_interfaces'
[0.388s] [34mcolcon.colcon_core.shell[0m [1;30mINFO[0m Skip shell extension 'powershell' for command environment: Not usable outside of PowerShell
[0.388s] [34mcolcon.colcon_core.shell[0m [1;30mDEBUG[0m [32mSkip shell extension 'dsv' for command environment[0m
[0.391s] [34mcolcon.colcon_ros.task.ament_cmake.build[0m [1;30mINFO[0m Building ROS package in '/home/duy/cocarry_ws/src/kinect2_ros2/kinect2_registration' with build type 'ament_cmake'
[0.391s] [34mcolcon.colcon_cmake.task.cmake.build[0m [1;30mINFO[0m Building CMake package in '/home/duy/cocarry_ws/src/kinect2_ros2/kinect2_registration'
[0.392s] [34mcolcon.colcon_core.shell[0m [1;30mINFO[0m Skip shell extension 'powershell' for command environment: Not usable outside of PowerShell
[0.392s] [34mcolcon.colcon_core.shell[0m [1;30mDEBUG[0m [32mSkip shell extension 'dsv' for command environment[0m
[0.394s] [34mcolcon.colcon_ros.task.ament_cmake.build[0m [1;30mINFO[0m Building ROS package in '/home/duy/cocarry_ws/src/trac_ik/trac_ik_lib' with build type 'ament_cmake'
[0.395s] [34mcolcon.colcon_cmake.task.cmake.build[0m [1;30mINFO[0m Building CMake package in '/home/duy/cocarry_ws/src/trac_ik/trac_ik_lib'
[0.395s] [34mcolcon.colcon_core.shell[0m [1;30mINFO[0m Skip shell extension 'powershell' for command environment: Not usable outside of PowerShell
[0.395s] [34mcolcon.colcon_core.shell[0m [1;30mDEBUG[0m [32mSkip shell extension 'dsv' for command environment[0m
[0.398s] [34mcolcon.colcon_ros.task.ament_cmake.build[0m [1;30mINFO[0m Building ROS package in '/home/duy/cocarry_ws/src/ros-industrial/industrial_core_ros2_msgs_only/industrial_msgs' with build type 'ament_cmake'
[0.398s] [34mcolcon.colcon_cmake.task.cmake.build[0m [1;30mINFO[0m Building CMake package in '/home/duy/cocarry_ws/src/ros-industrial/industrial_core_ros2_msgs_only/industrial_msgs'
[0.398s] [34mcolcon.colcon_core.shell[0m [1;30mINFO[0m Skip shell extension 'powershell' for command environment: Not usable outside of PowerShell
[0.398s] [34mcolcon.colcon_core.shell[0m [1;30mDEBUG[0m [32mSkip shell extension 'dsv' for command environment[0m
[0.400s] [34mcolcon.colcon_cmake.task.cmake.build[0m [1;30mINFO[0m Building CMake package in '/home/duy/cocarry_ws/libfreenect2'
[0.401s] [34mcolcon.colcon_core.shell[0m [1;30mINFO[0m Skip shell extension 'powershell' for command environment: Not usable outside of PowerShell
[0.401s] [34mcolcon.colcon_core.shell[0m [1;30mDEBUG[0m [32mSkip shell extension 'dsv' for command environment[0m
[0.403s] [34mcolcon.colcon_ros.task.ament_python.build[0m [1;30mINFO[0m Building ROS package in '/home/duy/cocarry_ws/src/rula_tracker' with build type 'ament_python'
[0.403s] [34mcolcon.colcon_core.shell[0m [1;30mLevel 1[0m create_environment_hook('rula_tracker', 'ament_prefix_path')
[0.403s] [34mcolcon.colcon_core.shell[0m [1;30mINFO[0m Creating environment hook '/home/duy/cocarry_ws/install/rula_tracker/share/rula_tracker/hook/ament_prefix_path.ps1'
[0.404s] [34mcolcon.colcon_core.shell[0m [1;30mINFO[0m Creating environment descriptor '/home/duy/cocarry_ws/install/rula_tracker/share/rula_tracker/hook/ament_prefix_path.dsv'
[0.404s] [34mcolcon.colcon_core.shell[0m [1;30mINFO[0m Creating environment hook '/home/duy/cocarry_ws/install/rula_tracker/share/rula_tracker/hook/ament_prefix_path.sh'
[0.405s] [34mcolcon.colcon_core.shell[0m [1;30mINFO[0m Skip shell extension 'powershell' for command environment: Not usable outside of PowerShell
[0.405s] [34mcolcon.colcon_core.shell[0m [1;30mDEBUG[0m [32mSkip shell extension 'dsv' for command environment[0m
[0.416s] [34mcolcon.colcon_core.event_handler.log_command[0m [1;30mDEBUG[0m [32mInvoking command in '/home/duy/cocarry_ws/build/human_hand_msgs': /usr/bin/cmake --build /home/duy/cocarry_ws/build/human_hand_msgs -- -j16 -l16[0m
[0.418s] [34mcolcon.colcon_core.event_handler.log_command[0m [1;30mDEBUG[0m [32mInvoking command in '/home/duy/cocarry_ws/build/motoman_resources': CMAKE_PREFIX_PATH=/home/duy/cocarry_ws/install/hrc_bringup:/home/duy/cocarry_ws/install/trac_ik:/home/duy/cocarry_ws/install/trac_ik_kinematics:/home/duy/cocarry_ws/install/trac_ik_lib:/home/duy/cocarry_ws/install/motoros2_client_interface_dependencies:/home/duy/cocarry_ws/install/hc10dtp_simulation:/home/duy/cocarry_ws/install/motoros2_interfaces:/home/duy/cocarry_ws/install/hc10dtp_bringup:/home/duy/cocarry_ws/install/hc10dtp_moveit_config:/home/duy/cocarry_ws/install/motoman_hc10dtp_support:/home/duy/cocarry_ws/install/motoman_gp4_support:/home/duy/cocarry_ws/install/motoman_resources:/home/duy/cocarry_ws/install/libfreenect2:/home/duy/cocarry_ws/install/kinect2_calibration:/home/duy/cocarry_ws/install/kinect2_bridge:/home/duy/cocarry_ws/install/kinect2_registration:/home/duy/cocarry_ws/install/industrial_msgs:/home/duy/cocarry_ws/install/trajectory_predictor:/home/duy/cocarry_ws/install/rula_tracker:/home/duy/cocarry_ws/install/realsense_tracker:/home/duy/cocarry_ws/install/predictor_ui:/home/duy/cocarry_ws/install/experiment_logger:/home/duy/cocarry_ws/install/coord_transform:/opt/ros/humble:/home/duy/cocarry_ws/install/human_hand_msgs /usr/bin/cmake --build /home/duy/cocarry_ws/build/motoman_resources -- -j16 -l16[0m
[0.420s] [34mcolcon.colcon_core.event_handler.log_command[0m [1;30mDEBUG[0m [32mInvoking command in '/home/duy/cocarry_ws/build/motoros2_interfaces': CMAKE_PREFIX_PATH=/home/duy/cocarry_ws/install/hrc_bringup:/home/duy/cocarry_ws/install/trac_ik:/home/duy/cocarry_ws/install/trac_ik_kinematics:/home/duy/cocarry_ws/install/trac_ik_lib:/home/duy/cocarry_ws/install/motoros2_client_interface_dependencies:/home/duy/cocarry_ws/install/hc10dtp_simulation:/home/duy/cocarry_ws/install/motoros2_interfaces:/home/duy/cocarry_ws/install/hc10dtp_bringup:/home/duy/cocarry_ws/install/hc10dtp_moveit_config:/home/duy/cocarry_ws/install/motoman_hc10dtp_support:/home/duy/cocarry_ws/install/motoman_gp4_support:/home/duy/cocarry_ws/install/motoman_resources:/home/duy/cocarry_ws/install/libfreenect2:/home/duy/cocarry_ws/install/kinect2_calibration:/home/duy/cocarry_ws/install/kinect2_bridge:/home/duy/cocarry_ws/install/kinect2_registration:/home/duy/cocarry_ws/install/industrial_msgs:/home/duy/cocarry_ws/install/trajectory_predictor:/home/duy/cocarry_ws/install/rula_tracker:/home/duy/cocarry_ws/install/realsense_tracker:/home/duy/cocarry_ws/install/predictor_ui:/home/duy/cocarry_ws/install/experiment_logger:/home/duy/cocarry_ws/install/coord_transform:/opt/ros/humble:/home/duy/cocarry_ws/install/human_hand_msgs /usr/bin/cmake --build /home/duy/cocarry_ws/build/motoros2_interfaces -- -j16 -l16[0m
[0.422s] [34mcolcon.colcon_core.event_handler.log_command[0m [1;30mDEBUG[0m [32mInvoking command in '/home/duy/cocarry_ws/build/kinect2_registration': CMAKE_PREFIX_PATH=/home/duy/cocarry_ws/install/hrc_bringup:/home/duy/cocarry_ws/install/trac_ik:/home/duy/cocarry_ws/install/trac_ik_kinematics:/home/duy/cocarry_ws/install/trac_ik_lib:/home/duy/cocarry_ws/install/motoros2_client_interface_dependencies:/home/duy/cocarry_ws/install/hc10dtp_simulation:/home/duy/cocarry_ws/install/motoros2_interfaces:/home/duy/cocarry_ws/install/hc10dtp_bringup:/home/duy/cocarry_ws/install/hc10dtp_moveit_config:/home/duy/cocarry_ws/install/motoman_hc10dtp_support:/home/duy/cocarry_ws/install/motoman_gp4_support:/home/duy/cocarry_ws/install/motoman_resources:/home/duy/cocarry_ws/install/libfreenect2:/home/duy/cocarry_ws/install/kinect2_calibration:/home/duy/cocarry_ws/install/kinect2_bridge:/home/duy/cocarry_ws/install/kinect2_registration:/home/duy/cocarry_ws/install/industrial_msgs:/home/duy/cocarry_ws/install/trajectory_predictor:/home/duy/cocarry_ws/install/rula_tracker:/home/duy/cocarry_ws/install/realsense_tracker:/home/duy/cocarry_ws/install/predictor_ui:/home/duy/cocarry_ws/install/experiment_logger:/home/duy/cocarry_ws/install/coord_transform:/opt/ros/humble:/home/duy/cocarry_ws/install/human_hand_msgs /usr/bin/cmake --build /home/duy/cocarry_ws/build/kinect2_registration -- -j16 -l16[0m
[0.424s] [34mcolcon.colcon_core.event_handler.log_command[0m [1;30mDEBUG[0m [32mInvoking command in '/home/duy/cocarry_ws/build/trac_ik_lib': CMAKE_PREFIX_PATH=/home/duy/cocarry_ws/install/hrc_bringup:/home/duy/cocarry_ws/install/trac_ik:/home/duy/cocarry_ws/install/trac_ik_kinematics:/home/duy/cocarry_ws/install/trac_ik_lib:/home/duy/cocarry_ws/install/motoros2_client_interface_dependencies:/home/duy/cocarry_ws/install/hc10dtp_simulation:/home/duy/cocarry_ws/install/motoros2_interfaces:/home/duy/cocarry_ws/install/hc10dtp_bringup:/home/duy/cocarry_ws/install/hc10dtp_moveit_config:/home/duy/cocarry_ws/install/motoman_hc10dtp_support:/home/duy/cocarry_ws/install/motoman_gp4_support:/home/duy/cocarry_ws/install/motoman_resources:/home/duy/cocarry_ws/install/libfreenect2:/home/duy/cocarry_ws/install/kinect2_calibration:/home/duy/cocarry_ws/install/kinect2_bridge:/home/duy/cocarry_ws/install/kinect2_registration:/home/duy/cocarry_ws/install/industrial_msgs:/home/duy/cocarry_ws/install/trajectory_predictor:/home/duy/cocarry_ws/install/rula_tracker:/home/duy/cocarry_ws/install/realsense_tracker:/home/duy/cocarry_ws/install/predictor_ui:/home/duy/cocarry_ws/install/experiment_logger:/home/duy/cocarry_ws/install/coord_transform:/opt/ros/humble:/home/duy/cocarry_ws/install/human_hand_msgs /usr/bin/cmake --build /home/duy/cocarry_ws/build/trac_ik_lib -- -j16 -l16[0m
[0.426s] [34mcolcon.colcon_core.event_handler.log_command[0m [1;30mDEBUG[0m [32mInvoking command in '/home/duy/cocarry_ws/build/industrial_msgs': CMAKE_PREFIX_PATH=/home/duy/cocarry_ws/install/hrc_bringup:/home/duy/cocarry_ws/install/trac_ik:/home/duy/cocarry_ws/install/trac_ik_kinematics:/home/duy/cocarry_ws/install/trac_ik_lib:/home/duy/cocarry_ws/install/motoros2_client_interface_dependencies:/home/duy/cocarry_ws/install/hc10dtp_simulation:/home/duy/cocarry_ws/install/motoros2_interfaces:/home/duy/cocarry_ws/install/hc10dtp_bringup:/home/duy/cocarry_ws/install/hc10dtp_moveit_config:/home/duy/cocarry_ws/install/motoman_hc10dtp_support:/home/duy/cocarry_ws/install/motoman_gp4_support:/home/duy/cocarry_ws/install/motoman_resources:/home/duy/cocarry_ws/install/libfreenect2:/home/duy/cocarry_ws/install/kinect2_calibration:/home/duy/cocarry_ws/install/kinect2_bridge:/home/duy/cocarry_ws/install/kinect2_registration:/home/duy/cocarry_ws/install/industrial_msgs:/home/duy/cocarry_ws/install/trajectory_predictor:/home/duy/cocarry_ws/install/rula_tracker:/home/duy/cocarry_ws/install/realsense_tracker:/home/duy/cocarry_ws/install/predictor_ui:/home/duy/cocarry_ws/install/experiment_logger:/home/duy/cocarry_ws/install/coord_transform:/opt/ros/humble:/home/duy/cocarry_ws/install/human_hand_msgs /usr/bin/cmake --build /home/duy/cocarry_ws/build/industrial_msgs -- -j16 -l16[0m
[0.429s] [34mcolcon.colcon_core.event_handler.log_command[0m [1;30mDEBUG[0m [32mInvoking command in '/home/duy/cocarry_ws/build/libfreenect2': /usr/bin/cmake --build /home/duy/cocarry_ws/build/libfreenect2 -- -j16 -l16[0m
[0.884s] [34mcolcon.colcon_core.task.python.build[0m [1;30mINFO[0m Building Python package in '/home/duy/cocarry_ws/src/rula_tracker'
[0.884s] [34mcolcon.colcon_core.shell[0m [1;30mINFO[0m Skip shell extension 'powershell' for command environment: Not usable outside of PowerShell
[0.884s] [34mcolcon.colcon_core.shell[0m [1;30mDEBUG[0m [32mSkip shell extension 'dsv' for command environment[0m
[0.894s] [34mcolcon.colcon_core.event_handler.log_command[0m [1;30mDEBUG[0m [32mInvoked command in '/home/duy/cocarry_ws/build/trac_ik_lib' returned '0': CMAKE_PREFIX_PATH=/home/duy/cocarry_ws/install/hrc_bringup:/home/duy/cocarry_ws/install/trac_ik:/home/duy/cocarry_ws/install/trac_ik_kinematics:/home/duy/cocarry_ws/install/trac_ik_lib:/home/duy/cocarry_ws/install/motoros2_client_interface_dependencies:/home/duy/cocarry_ws/install/hc10dtp_simulation:/home/duy/cocarry_ws/install/motoros2_interfaces:/home/duy/cocarry_ws/install/hc10dtp_bringup:/home/duy/cocarry_ws/install/hc10dtp_moveit_config:/home/duy/cocarry_ws/install/motoman_hc10dtp_support:/home/duy/cocarry_ws/install/motoman_gp4_support:/home/duy/cocarry_ws/install/motoman_resources:/home/duy/cocarry_ws/install/libfreenect2:/home/duy/cocarry_ws/install/kinect2_calibration:/home/duy/cocarry_ws/install/kinect2_bridge:/home/duy/cocarry_ws/install/kinect2_registration:/home/duy/cocarry_ws/install/industrial_msgs:/home/duy/cocarry_ws/install/trajectory_predictor:/home/duy/cocarry_ws/install/rula_tracker:/home/duy/cocarry_ws/install/realsense_tracker:/home/duy/cocarry_ws/install/predictor_ui:/home/duy/cocarry_ws/install/experiment_logger:/home/duy/cocarry_ws/install/coord_transform:/opt/ros/humble:/home/duy/cocarry_ws/install/human_hand_msgs /usr/bin/cmake --build /home/duy/cocarry_ws/build/trac_ik_lib -- -j16 -l16[0m
[0.913s] [34mcolcon.colcon_core.event_handler.log_command[0m [1;30mDEBUG[0m [32mInvoking command in '/home/duy/cocarry_ws/build/trac_ik_lib': CMAKE_PREFIX_PATH=/home/duy/cocarry_ws/install/hrc_bringup:/home/duy/cocarry_ws/install/trac_ik:/home/duy/cocarry_ws/install/trac_ik_kinematics:/home/duy/cocarry_ws/install/trac_ik_lib:/home/duy/cocarry_ws/install/motoros2_client_interface_dependencies:/home/duy/cocarry_ws/install/hc10dtp_simulation:/home/duy/cocarry_ws/install/motoros2_interfaces:/home/duy/cocarry_ws/install/hc10dtp_bringup:/home/duy/cocarry_ws/install/hc10dtp_moveit_config:/home/duy/cocarry_ws/install/motoman_hc10dtp_support:/home/duy/cocarry_ws/install/motoman_gp4_support:/home/duy/cocarry_ws/install/motoman_resources:/home/duy/cocarry_ws/install/libfreenect2:/home/duy/cocarry_ws/install/kinect2_calibration:/home/duy/cocarry_ws/install/kinect2_bridge:/home/duy/cocarry_ws/install/kinect2_registration:/home/duy/cocarry_ws/install/industrial_msgs:/home/duy/cocarry_ws/install/trajectory_predictor:/home/duy/cocarry_ws/install/rula_tracker:/home/duy/cocarry_ws/install/realsense_tracker:/home/duy/cocarry_ws/install/predictor_ui:/home/duy/cocarry_ws/install/experiment_logger:/home/duy/cocarry_ws/install/coord_transform:/opt/ros/humble:/home/duy/cocarry_ws/install/human_hand_msgs /usr/bin/cmake --install /home/duy/cocarry_ws/build/trac_ik_lib[0m
[0.915s] [34mcolcon.colcon_core.event_handler.log_command[0m [1;30mDEBUG[0m [32mInvoked command in '/home/duy/cocarry_ws/build/motoman_resources' returned '0': CMAKE_PREFIX_PATH=/home/duy/cocarry_ws/install/hrc_bringup:/home/duy/cocarry_ws/install/trac_ik:/home/duy/cocarry_ws/install/trac_ik_kinematics:/home/duy/cocarry_ws/install/trac_ik_lib:/home/duy/cocarry_ws/install/motoros2_client_interface_dependencies:/home/duy/cocarry_ws/install/hc10dtp_simulation:/home/duy/cocarry_ws/install/motoros2_interfaces:/home/duy/cocarry_ws/install/hc10dtp_bringup:/home/duy/cocarry_ws/install/hc10dtp_moveit_config:/home/duy/cocarry_ws/install/motoman_hc10dtp_support:/home/duy/cocarry_ws/install/motoman_gp4_support:/home/duy/cocarry_ws/install/motoman_resources:/home/duy/cocarry_ws/install/libfreenect2:/home/duy/cocarry_ws/install/kinect2_calibration:/home/duy/cocarry_ws/install/kinect2_bridge:/home/duy/cocarry_ws/install/kinect2_registration:/home/duy/cocarry_ws/install/industrial_msgs:/home/duy/cocarry_ws/install/trajectory_predictor:/home/duy/cocarry_ws/install/rula_tracker:/home/duy/cocarry_ws/install/realsense_tracker:/home/duy/cocarry_ws/install/predictor_ui:/home/duy/cocarry_ws/install/experiment_logger:/home/duy/cocarry_ws/install/coord_transform:/opt/ros/humble:/home/duy/cocarry_ws/install/human_hand_msgs /usr/bin/cmake --build /home/duy/cocarry_ws/build/motoman_resources -- -j16 -l16[0m
[0.919s] [34mcolcon.colcon_core.event_handler.log_command[0m [1;30mDEBUG[0m [32mInvoking command in '/home/duy/cocarry_ws/build/motoman_resources': CMAKE_PREFIX_PATH=/home/duy/cocarry_ws/install/hrc_bringup:/home/duy/cocarry_ws/install/trac_ik:/home/duy/cocarry_ws/install/trac_ik_kinematics:/home/duy/cocarry_ws/install/trac_ik_lib:/home/duy/cocarry_ws/install/motoros2_client_interface_dependencies:/home/duy/cocarry_ws/install/hc10dtp_simulation:/home/duy/cocarry_ws/install/motoros2_interfaces:/home/duy/cocarry_ws/install/hc10dtp_bringup:/home/duy/cocarry_ws/install/hc10dtp_moveit_config:/home/duy/cocarry_ws/install/motoman_hc10dtp_support:/home/duy/cocarry_ws/install/motoman_gp4_support:/home/duy/cocarry_ws/install/motoman_resources:/home/duy/cocarry_ws/install/libfreenect2:/home/duy/cocarry_ws/install/kinect2_calibration:/home/duy/cocarry_ws/install/kinect2_bridge:/home/duy/cocarry_ws/install/kinect2_registration:/home/duy/cocarry_ws/install/industrial_msgs:/home/duy/cocarry_ws/install/trajectory_predictor:/home/duy/cocarry_ws/install/rula_tracker:/home/duy/cocarry_ws/install/realsense_tracker:/home/duy/cocarry_ws/install/predictor_ui:/home/duy/cocarry_ws/install/experiment_logger:/home/duy/cocarry_ws/install/coord_transform:/opt/ros/humble:/home/duy/cocarry_ws/install/human_hand_msgs /usr/bin/cmake --install /home/duy/cocarry_ws/build/motoman_resources[0m
[0.920s] [34mcolcon.colcon_core.event_handler.log_command[0m [1;30mDEBUG[0m [32mInvoked command in '/home/duy/cocarry_ws/build/kinect2_registration' returned '0': CMAKE_PREFIX_PATH=/home/duy/cocarry_ws/install/hrc_bringup:/home/duy/cocarry_ws/install/trac_ik:/home/duy/cocarry_ws/install/trac_ik_kinematics:/home/duy/cocarry_ws/install/trac_ik_lib:/home/duy/cocarry_ws/install/motoros2_client_interface_dependencies:/home/duy/cocarry_ws/install/hc10dtp_simulation:/home/duy/cocarry_ws/install/motoros2_interfaces:/home/duy/cocarry_ws/install/hc10dtp_bringup:/home/duy/cocarry_ws/install/hc10dtp_moveit_config:/home/duy/cocarry_ws/install/motoman_hc10dtp_support:/home/duy/cocarry_ws/install/motoman_gp4_support:/home/duy/cocarry_ws/install/motoman_resources:/home/duy/cocarry_ws/install/libfreenect2:/home/duy/cocarry_ws/install/kinect2_calibration:/home/duy/cocarry_ws/install/kinect2_bridge:/home/duy/cocarry_ws/install/kinect2_registration:/home/duy/cocarry_ws/install/industrial_msgs:/home/duy/cocarry_ws/install/trajectory_predictor:/home/duy/cocarry_ws/install/rula_tracker:/home/duy/cocarry_ws/install/realsense_tracker:/home/duy/cocarry_ws/install/predictor_ui:/home/duy/cocarry_ws/install/experiment_logger:/home/duy/cocarry_ws/install/coord_transform:/opt/ros/humble:/home/duy/cocarry_ws/install/human_hand_msgs /usr/bin/cmake --build /home/duy/cocarry_ws/build/kinect2_registration -- -j16 -l16[0m
[0.923s] [34mcolcon.colcon_core.event_handler.log_command[0m [1;30mDEBUG[0m [32mInvoking command in '/home/duy/cocarry_ws/build/kinect2_registration': CMAKE_PREFIX_PATH=/home/duy/cocarry_ws/install/hrc_bringup:/home/duy/cocarry_ws/install/trac_ik:/home/duy/cocarry_ws/install/trac_ik_kinematics:/home/duy/cocarry_ws/install/trac_ik_lib:/home/duy/cocarry_ws/install/motoros2_client_interface_dependencies:/home/duy/cocarry_ws/install/hc10dtp_simulation:/home/duy/cocarry_ws/install/motoros2_interfaces:/home/duy/cocarry_ws/install/hc10dtp_bringup:/home/duy/cocarry_ws/install/hc10dtp_moveit_config:/home/duy/cocarry_ws/install/motoman_hc10dtp_support:/home/duy/cocarry_ws/install/motoman_gp4_support:/home/duy/cocarry_ws/install/motoman_resources:/home/duy/cocarry_ws/install/libfreenect2:/home/duy/cocarry_ws/install/kinect2_calibration:/home/duy/cocarry_ws/install/kinect2_bridge:/home/duy/cocarry_ws/install/kinect2_registration:/home/duy/cocarry_ws/install/industrial_msgs:/home/duy/cocarry_ws/install/trajectory_predictor:/home/duy/cocarry_ws/install/rula_tracker:/home/duy/cocarry_ws/install/realsense_tracker:/home/duy/cocarry_ws/install/predictor_ui:/home/duy/cocarry_ws/install/experiment_logger:/home/duy/cocarry_ws/install/coord_transform:/opt/ros/humble:/home/duy/cocarry_ws/install/human_hand_msgs /usr/bin/cmake --install /home/duy/cocarry_ws/build/kinect2_registration[0m
[0.925s] [34mcolcon.colcon_core.event_handler.log_command[0m [1;30mDEBUG[0m [32mInvoked command in '/home/duy/cocarry_ws/build/libfreenect2' returned '0': /usr/bin/cmake --build /home/duy/cocarry_ws/build/libfreenect2 -- -j16 -l16[0m
[0.927s] [34mcolcon.colcon_core.event_handler.log_command[0m [1;30mDEBUG[0m [32mInvoking command in '/home/duy/cocarry_ws/build/libfreenect2': /usr/bin/cmake --install /home/duy/cocarry_ws/build/libfreenect2[0m
[0.934s] [34mcolcon.colcon_core.event_handler.log_command[0m [1;30mDEBUG[0m [32mInvoked command in '/home/duy/cocarry_ws/build/human_hand_msgs' returned '0': /usr/bin/cmake --build /home/duy/cocarry_ws/build/human_hand_msgs -- -j16 -l16[0m
[0.950s] [34mcolcon.colcon_core.event_handler.log_command[0m [1;30mDEBUG[0m [32mInvoking command in '/home/duy/cocarry_ws/build/human_hand_msgs': /usr/bin/cmake --install /home/duy/cocarry_ws/build/human_hand_msgs[0m
[0.951s] [34mcolcon.colcon_core.event_handler.log_command[0m [1;30mDEBUG[0m [32mInvoked command in '/home/duy/cocarry_ws/build/industrial_msgs' returned '0': CMAKE_PREFIX_PATH=/home/duy/cocarry_ws/install/hrc_bringup:/home/duy/cocarry_ws/install/trac_ik:/home/duy/cocarry_ws/install/trac_ik_kinematics:/home/duy/cocarry_ws/install/trac_ik_lib:/home/duy/cocarry_ws/install/motoros2_client_interface_dependencies:/home/duy/cocarry_ws/install/hc10dtp_simulation:/home/duy/cocarry_ws/install/motoros2_interfaces:/home/duy/cocarry_ws/install/hc10dtp_bringup:/home/duy/cocarry_ws/install/hc10dtp_moveit_config:/home/duy/cocarry_ws/install/motoman_hc10dtp_support:/home/duy/cocarry_ws/install/motoman_gp4_support:/home/duy/cocarry_ws/install/motoman_resources:/home/duy/cocarry_ws/install/libfreenect2:/home/duy/cocarry_ws/install/kinect2_calibration:/home/duy/cocarry_ws/install/kinect2_bridge:/home/duy/cocarry_ws/install/kinect2_registration:/home/duy/cocarry_ws/install/industrial_msgs:/home/duy/cocarry_ws/install/trajectory_predictor:/home/duy/cocarry_ws/install/rula_tracker:/home/duy/cocarry_ws/install/realsense_tracker:/home/duy/cocarry_ws/install/predictor_ui:/home/duy/cocarry_ws/install/experiment_logger:/home/duy/cocarry_ws/install/coord_transform:/opt/ros/humble:/home/duy/cocarry_ws/install/human_hand_msgs /usr/bin/cmake --build /home/duy/cocarry_ws/build/industrial_msgs -- -j16 -l16[0m
[0.955s] [34mcolcon.colcon_core.event_handler.log_command[0m [1;30mDEBUG[0m [32mInvoking command in '/home/duy/cocarry_ws/build/industrial_msgs': CMAKE_PREFIX_PATH=/home/duy/cocarry_ws/install/hrc_bringup:/home/duy/cocarry_ws/install/trac_ik:/home/duy/cocarry_ws/install/trac_ik_kinematics:/home/duy/cocarry_ws/install/trac_ik_lib:/home/duy/cocarry_ws/install/motoros2_client_interface_dependencies:/home/duy/cocarry_ws/install/hc10dtp_simulation:/home/duy/cocarry_ws/install/motoros2_interfaces:/home/duy/cocarry_ws/install/hc10dtp_bringup:/home/duy/cocarry_ws/install/hc10dtp_moveit_config:/home/duy/cocarry_ws/install/motoman_hc10dtp_support:/home/duy/cocarry_ws/install/motoman_gp4_support:/home/duy/cocarry_ws/install/motoman_resources:/home/duy/cocarry_ws/install/libfreenect2:/home/duy/cocarry_ws/install/kinect2_calibration:/home/duy/cocarry_ws/install/kinect2_bridge:/home/duy/cocarry_ws/install/kinect2_registration:/home/duy/cocarry_ws/install/industrial_msgs:/home/duy/cocarry_ws/install/trajectory_predictor:/home/duy/cocarry_ws/install/rula_tracker:/home/duy/cocarry_ws/install/realsense_tracker:/home/duy/cocarry_ws/install/predictor_ui:/home/duy/cocarry_ws/install/experiment_logger:/home/duy/cocarry_ws/install/coord_transform:/opt/ros/humble:/home/duy/cocarry_ws/install/human_hand_msgs /usr/bin/cmake --install /home/duy/cocarry_ws/build/industrial_msgs[0m
[0.958s] [34mcolcon.colcon_core.environment[0m [1;30mLevel 1[0m create_environment_scripts_only(motoman_resources)
[0.966s] [34mcolcon.colcon_core.environment[0m [1;30mLevel 1[0m checking '/home/duy/cocarry_ws/install/motoman_resources' for CMake module files
[0.967s] [34mcolcon.colcon_core.environment[0m [1;30mLevel 1[0m checking '/home/duy/cocarry_ws/install/motoman_resources' for CMake config files
[0.967s] [34mcolcon.colcon_core.shell[0m [1;30mLevel 1[0m create_environment_hook('motoman_resources', 'cmake_prefix_path')
[0.968s] [34mcolcon.colcon_core.shell[0m [1;30mINFO[0m Creating environment hook '/home/duy/cocarry_ws/install/motoman_resources/share/motoman_resources/hook/cmake_prefix_path.ps1'
[0.969s] [34mcolcon.colcon_core.shell[0m [1;30mINFO[0m Creating environment descriptor '/home/duy/cocarry_ws/install/motoman_resources/share/motoman_resources/hook/cmake_prefix_path.dsv'
[0.969s] [34mcolcon.colcon_core.shell[0m [1;30mINFO[0m Creating environment hook '/home/duy/cocarry_ws/install/motoman_resources/share/motoman_resources/hook/cmake_prefix_path.sh'
[0.970s] [34mcolcon.colcon_core.environment[0m [1;30mLevel 1[0m checking '/home/duy/cocarry_ws/install/motoman_resources/bin'
[0.970s] [34mcolcon.colcon_core.environment[0m [1;30mLevel 1[0m checking '/home/duy/cocarry_ws/install/motoman_resources/lib/pkgconfig/motoman_resources.pc'
[0.971s] [34mcolcon.colcon_core.environment[0m [1;30mLevel 1[0m checking '/home/duy/cocarry_ws/install/motoman_resources/lib/python3.10/site-packages'
[0.971s] [34mcolcon.colcon_core.environment[0m [1;30mLevel 1[0m checking '/home/duy/cocarry_ws/install/motoman_resources/bin'
[0.971s] [34mcolcon.colcon_core.shell[0m [1;30mINFO[0m Creating package script '/home/duy/cocarry_ws/install/motoman_resources/share/motoman_resources/package.ps1'
[0.973s] [34mcolcon.colcon_core.shell[0m [1;30mINFO[0m Creating package descriptor '/home/duy/cocarry_ws/install/motoman_resources/share/motoman_resources/package.dsv'
[0.975s] [34mcolcon.colcon_core.shell[0m [1;30mINFO[0m Creating package script '/home/duy/cocarry_ws/install/motoman_resources/share/motoman_resources/package.sh'
[0.977s] [34mcolcon.colcon_core.event_handler.log_command[0m [1;30mDEBUG[0m [32mInvoked command in '/home/duy/cocarry_ws/build/motoman_resources' returned '0': CMAKE_PREFIX_PATH=/home/duy/cocarry_ws/install/hrc_bringup:/home/duy/cocarry_ws/install/trac_ik:/home/duy/cocarry_ws/install/trac_ik_kinematics:/home/duy/cocarry_ws/install/trac_ik_lib:/home/duy/cocarry_ws/install/motoros2_client_interface_dependencies:/home/duy/cocarry_ws/install/hc10dtp_simulation:/home/duy/cocarry_ws/install/motoros2_interfaces:/home/duy/cocarry_ws/install/hc10dtp_bringup:/home/duy/cocarry_ws/install/hc10dtp_moveit_config:/home/duy/cocarry_ws/install/motoman_hc10dtp_support:/home/duy/cocarry_ws/install/motoman_gp4_support:/home/duy/cocarry_ws/install/motoman_resources:/home/duy/cocarry_ws/install/libfreenect2:/home/duy/cocarry_ws/install/kinect2_calibration:/home/duy/cocarry_ws/install/kinect2_bridge:/home/duy/cocarry_ws/install/kinect2_registration:/home/duy/cocarry_ws/install/industrial_msgs:/home/duy/cocarry_ws/install/trajectory_predictor:/home/duy/cocarry_ws/install/rula_tracker:/home/duy/cocarry_ws/install/realsense_tracker:/home/duy/cocarry_ws/install/predictor_ui:/home/duy/cocarry_ws/install/experiment_logger:/home/duy/cocarry_ws/install/coord_transform:/opt/ros/humble:/home/duy/cocarry_ws/install/human_hand_msgs /usr/bin/cmake --install /home/duy/cocarry_ws/build/motoman_resources[0m
[0.978s] [34mcolcon.colcon_core.shell[0m [1;30mINFO[0m Creating package script '/home/duy/cocarry_ws/install/motoman_resources/share/motoman_resources/package.bash'
[0.979s] [34mcolcon.colcon_core.shell[0m [1;30mINFO[0m Creating package script '/home/duy/cocarry_ws/install/motoman_resources/share/motoman_resources/package.zsh'
[0.980s] [34mcolcon.colcon_core.environment[0m [1;30mLevel 1[0m create_file_with_runtime_dependencies(/home/duy/cocarry_ws/install/motoman_resources/share/colcon-core/packages/motoman_resources)
[0.984s] [34mcolcon.colcon_core.environment[0m [1;30mLevel 1[0m create_environment_scripts_only(motoman_resources)
[0.985s] [34mcolcon.colcon_core.environment[0m [1;30mLevel 1[0m checking '/home/duy/cocarry_ws/install/motoman_resources' for CMake module files
[0.987s] [34mcolcon.colcon_core.environment[0m [1;30mLevel 1[0m checking '/home/duy/cocarry_ws/install/motoman_resources' for CMake config files
[0.992s] [34mcolcon.colcon_core.shell[0m [1;30mLevel 1[0m create_environment_hook('motoman_resources', 'cmake_prefix_path')
[0.993s] [34mcolcon.colcon_core.shell[0m [1;30mINFO[0m Creating environment hook '/home/duy/cocarry_ws/install/motoman_resources/share/motoman_resources/hook/cmake_prefix_path.ps1'
[0.994s] [34mcolcon.colcon_core.shell[0m [1;30mINFO[0m Creating environment descriptor '/home/duy/cocarry_ws/install/motoman_resources/share/motoman_resources/hook/cmake_prefix_path.dsv'
[0.996s] [34mcolcon.colcon_core.shell[0m [1;30mINFO[0m Creating environment hook '/home/duy/cocarry_ws/install/motoman_resources/share/motoman_resources/hook/cmake_prefix_path.sh'
[1.000s] [34mcolcon.colcon_core.environment[0m [1;30mLevel 1[0m checking '/home/duy/cocarry_ws/install/motoman_resources/bin'
[1.000s] [34mcolcon.colcon_core.environment[0m [1;30mLevel 1[0m checking '/home/duy/cocarry_ws/install/motoman_resources/lib/pkgconfig/motoman_resources.pc'
[1.001s] [34mcolcon.colcon_core.environment[0m [1;30mLevel 1[0m checking '/home/duy/cocarry_ws/install/motoman_resources/lib/python3.10/site-packages'
[1.001s] [34mcolcon.colcon_core.environment[0m [1;30mLevel 1[0m checking '/home/duy/cocarry_ws/install/motoman_resources/bin'
[1.002s] [34mcolcon.colcon_core.shell[0m [1;30mINFO[0m Creating package script '/home/duy/cocarry_ws/install/motoman_resources/share/motoman_resources/package.ps1'
[1.003s] [34mcolcon.colcon_core.shell[0m [1;30mINFO[0m Creating package descriptor '/home/duy/cocarry_ws/install/motoman_resources/share/motoman_resources/package.dsv'
[1.006s] [34mcolcon.colcon_core.shell[0m [1;30mINFO[0m Creating package script '/home/duy/cocarry_ws/install/motoman_resources/share/motoman_resources/package.sh'
[1.007s] [34mcolcon.colcon_core.shell[0m [1;30mINFO[0m Creating package script '/home/duy/cocarry_ws/install/motoman_resources/share/motoman_resources/package.bash'
[1.009s] [34mcolcon.colcon_core.shell[0m [1;30mINFO[0m Creating package script '/home/duy/cocarry_ws/install/motoman_resources/share/motoman_resources/package.zsh'
[1.011s] [34mcolcon.colcon_core.environment[0m [1;30mLevel 1[0m create_file_with_runtime_dependencies(/home/duy/cocarry_ws/install/motoman_resources/share/colcon-core/packages/motoman_resources)
[1.012s] [34mcolcon.colcon_core.environment[0m [1;30mLevel 1[0m create_environment_scripts_only(libfreenect2)
[1.013s] [34mcolcon.colcon_core.environment[0m [1;30mLevel 1[0m checking '/home/duy/cocarry_ws/install/libfreenect2' for CMake module files
[1.014s] [34mcolcon.colcon_core.environment[0m [1;30mLevel 1[0m checking '/home/duy/cocarry_ws/install/libfreenect2' for CMake config files
[1.016s] [34mcolcon.colcon_core.shell[0m [1;30mLevel 1[0m create_environment_hook('libfreenect2', 'cmake_prefix_path')
[1.017s] [34mcolcon.colcon_core.shell[0m [1;30mINFO[0m Creating environment hook '/home/duy/cocarry_ws/install/libfreenect2/share/libfreenect2/hook/cmake_prefix_path.ps1'
[1.019s] [34mcolcon.colcon_core.shell[0m [1;30mINFO[0m Creating environment descriptor '/home/duy/cocarry_ws/install/libfreenect2/share/libfreenect2/hook/cmake_prefix_path.dsv'
[1.021s] [34mcolcon.colcon_core.shell[0m [1;30mINFO[0m Creating environment hook '/home/duy/cocarry_ws/install/libfreenect2/share/libfreenect2/hook/cmake_prefix_path.sh'
[1.024s] [34mcolcon.colcon_core.environment[0m [1;30mLevel 1[0m checking '/home/duy/cocarry_ws/install/libfreenect2/lib'
[1.025s] [34mcolcon.colcon_core.shell[0m [1;30mLevel 1[0m create_environment_hook('libfreenect2', 'ld_library_path_lib')
[1.025s] [34mcolcon.colcon_core.shell[0m [1;30mINFO[0m Creating environment hook '/home/duy/cocarry_ws/install/libfreenect2/share/libfreenect2/hook/ld_library_path_lib.ps1'
[1.026s] [34mcolcon.colcon_core.shell[0m [1;30mINFO[0m Creating environment descriptor '/home/duy/cocarry_ws/install/libfreenect2/share/libfreenect2/hook/ld_library_path_lib.dsv'
[1.026s] [34mcolcon.colcon_core.event_handler.log_command[0m [1;30mDEBUG[0m [32mInvoked command in '/home/duy/cocarry_ws/build/libfreenect2' returned '0': /usr/bin/cmake --install /home/duy/cocarry_ws/build/libfreenect2[0m
[1.027s] [34mcolcon.colcon_core.shell[0m [1;30mINFO[0m Creating environment hook '/home/duy/cocarry_ws/install/libfreenect2/share/libfreenect2/hook/ld_library_path_lib.sh'
[1.027s] [34mcolcon.colcon_core.environment[0m [1;30mLevel 1[0m checking '/home/duy/cocarry_ws/install/libfreenect2/bin'
[1.027s] [34mcolcon.colcon_core.environment[0m [1;30mLevel 1[0m checking '/home/duy/cocarry_ws/install/libfreenect2/lib/pkgconfig/libfreenect2.pc'
[1.028s] [34mcolcon.colcon_core.environment[0m [1;30mLevel 1[0m checking '/home/duy/cocarry_ws/install/libfreenect2/lib/python3.10/site-packages'
[1.028s] [34mcolcon.colcon_core.environment[0m [1;30mLevel 1[0m checking '/home/duy/cocarry_ws/install/libfreenect2/bin'
[1.029s] [34mcolcon.colcon_core.shell[0m [1;30mINFO[0m Creating package script '/home/duy/cocarry_ws/install/libfreenect2/share/libfreenect2/package.ps1'
[1.030s] [34mcolcon.colcon_core.shell[0m [1;30mINFO[0m Creating package descriptor '/home/duy/cocarry_ws/install/libfreenect2/share/libfreenect2/package.dsv'
[1.030s] [34mcolcon.colcon_core.shell[0m [1;30mINFO[0m Creating package script '/home/duy/cocarry_ws/install/libfreenect2/share/libfreenect2/package.sh'
[1.031s] [34mcolcon.colcon_core.shell[0m [1;30mINFO[0m Creating package script '/home/duy/cocarry_ws/install/libfreenect2/share/libfreenect2/package.bash'
[1.031s] [34mcolcon.colcon_core.shell[0m [1;30mINFO[0m Creating package script '/home/duy/cocarry_ws/install/libfreenect2/share/libfreenect2/package.zsh'
[1.032s] [34mcolcon.colcon_core.environment[0m [1;30mLevel 1[0m create_file_with_runtime_dependencies(/home/duy/cocarry_ws/install/libfreenect2/share/colcon-core/packages/libfreenect2)
[1.032s] [34mcolcon.colcon_core.environment[0m [1;30mLevel 1[0m create_environment_scripts_only(trac_ik_lib)
[1.032s] [34mcolcon.colcon_core.environment[0m [1;30mLevel 1[0m checking '/home/duy/cocarry_ws/install/trac_ik_lib' for CMake module files
[1.033s] [34mcolcon.colcon_core.environment[0m [1;30mLevel 1[0m checking '/home/duy/cocarry_ws/install/trac_ik_lib' for CMake config files
[1.033s] [34mcolcon.colcon_core.event_handler.log_command[0m [1;30mDEBUG[0m [32mInvoked command in '/home/duy/cocarry_ws/build/trac_ik_lib' returned '0': CMAKE_PREFIX_PATH=/home/duy/cocarry_ws/install/hrc_bringup:/home/duy/cocarry_ws/install/trac_ik:/home/duy/cocarry_ws/install/trac_ik_kinematics:/home/duy/cocarry_ws/install/trac_ik_lib:/home/duy/cocarry_ws/install/motoros2_client_interface_dependencies:/home/duy/cocarry_ws/install/hc10dtp_simulation:/home/duy/cocarry_ws/install/motoros2_interfaces:/home/duy/cocarry_ws/install/hc10dtp_bringup:/home/duy/cocarry_ws/install/hc10dtp_moveit_config:/home/duy/cocarry_ws/install/motoman_hc10dtp_support:/home/duy/cocarry_ws/install/motoman_gp4_support:/home/duy/cocarry_ws/install/motoman_resources:/home/duy/cocarry_ws/install/libfreenect2:/home/duy/cocarry_ws/install/kinect2_calibration:/home/duy/cocarry_ws/install/kinect2_bridge:/home/duy/cocarry_ws/install/kinect2_registration:/home/duy/cocarry_ws/install/industrial_msgs:/home/duy/cocarry_ws/install/trajectory_predictor:/home/duy/cocarry_ws/install/rula_tracker:/home/duy/cocarry_ws/install/realsense_tracker:/home/duy/cocarry_ws/install/predictor_ui:/home/duy/cocarry_ws/install/experiment_logger:/home/duy/cocarry_ws/install/coord_transform:/opt/ros/humble:/home/duy/cocarry_ws/install/human_hand_msgs /usr/bin/cmake --install /home/duy/cocarry_ws/build/trac_ik_lib[0m
[1.033s] [34mcolcon.colcon_core.shell[0m [1;30mLevel 1[0m create_environment_hook('trac_ik_lib', 'cmake_prefix_path')
[1.034s] [34mcolcon.colcon_core.shell[0m [1;30mINFO[0m Creating environment hook '/home/duy/cocarry_ws/install/trac_ik_lib/share/trac_ik_lib/hook/cmake_prefix_path.ps1'
[1.034s] [34mcolcon.colcon_core.shell[0m [1;30mINFO[0m Creating environment descriptor '/home/duy/cocarry_ws/install/trac_ik_lib/share/trac_ik_lib/hook/cmake_prefix_path.dsv'
[1.034s] [34mcolcon.colcon_core.shell[0m [1;30mINFO[0m Creating environment hook '/home/duy/cocarry_ws/install/trac_ik_lib/share/trac_ik_lib/hook/cmake_prefix_path.sh'
[1.035s] [34mcolcon.colcon_core.environment[0m [1;30mLevel 1[0m checking '/home/duy/cocarry_ws/install/trac_ik_lib/lib'
[1.035s] [34mcolcon.colcon_core.shell[0m [1;30mLevel 1[0m create_environment_hook('trac_ik_lib', 'ld_library_path_lib')
[1.035s] [34mcolcon.colcon_core.shell[0m [1;30mINFO[0m Creating environment hook '/home/duy/cocarry_ws/install/trac_ik_lib/share/trac_ik_lib/hook/ld_library_path_lib.ps1'
[1.035s] [34mcolcon.colcon_core.shell[0m [1;30mINFO[0m Creating environment descriptor '/home/duy/cocarry_ws/install/trac_ik_lib/share/trac_ik_lib/hook/ld_library_path_lib.dsv'
[1.035s] [34mcolcon.colcon_core.shell[0m [1;30mINFO[0m Creating environment hook '/home/duy/cocarry_ws/install/trac_ik_lib/share/trac_ik_lib/hook/ld_library_path_lib.sh'
[1.036s] [34mcolcon.colcon_core.environment[0m [1;30mLevel 1[0m checking '/home/duy/cocarry_ws/install/trac_ik_lib/bin'
[1.036s] [34mcolcon.colcon_core.environment[0m [1;30mLevel 1[0m checking '/home/duy/cocarry_ws/install/trac_ik_lib/lib/pkgconfig/trac_ik_lib.pc'
[1.036s] [34mcolcon.colcon_core.environment[0m [1;30mLevel 1[0m checking '/home/duy/cocarry_ws/install/trac_ik_lib/lib/python3.10/site-packages'
[1.036s] [34mcolcon.colcon_core.environment[0m [1;30mLevel 1[0m checking '/home/duy/cocarry_ws/install/trac_ik_lib/bin'
[1.036s] [34mcolcon.colcon_core.shell[0m [1;30mINFO[0m Creating package script '/home/duy/cocarry_ws/install/trac_ik_lib/share/trac_ik_lib/package.ps1'
[1.037s] [34mcolcon.colcon_core.shell[0m [1;30mINFO[0m Creating package descriptor '/home/duy/cocarry_ws/install/trac_ik_lib/share/trac_ik_lib/package.dsv'
[1.037s] [34mcolcon.colcon_core.shell[0m [1;30mINFO[0m Creating package script '/home/duy/cocarry_ws/install/trac_ik_lib/share/trac_ik_lib/package.sh'
[1.037s] [34mcolcon.colcon_core.shell[0m [1;30mINFO[0m Creating package script '/home/duy/cocarry_ws/install/trac_ik_lib/share/trac_ik_lib/package.bash'
[1.038s] [34mcolcon.colcon_core.shell[0m [1;30mINFO[0m Creating package script '/home/duy/cocarry_ws/install/trac_ik_lib/share/trac_ik_lib/package.zsh'
[1.038s] [34mcolcon.colcon_core.environment[0m [1;30mLevel 1[0m create_file_with_runtime_dependencies(/home/duy/cocarry_ws/install/trac_ik_lib/share/colcon-core/packages/trac_ik_lib)
[1.038s] [34mcolcon.colcon_core.environment[0m [1;30mLevel 1[0m create_environment_scripts_only(trac_ik_lib)
[1.039s] [34mcolcon.colcon_core.environment[0m [1;30mLevel 1[0m checking '/home/duy/cocarry_ws/install/trac_ik_lib' for CMake module files
[1.039s] [34mcolcon.colcon_core.environment[0m [1;30mLevel 1[0m checking '/home/duy/cocarry_ws/install/trac_ik_lib' for CMake config files
[1.039s] [34mcolcon.colcon_core.shell[0m [1;30mLevel 1[0m create_environment_hook('trac_ik_lib', 'cmake_prefix_path')
[1.039s] [34mcolcon.colcon_core.shell[0m [1;30mINFO[0m Creating environment hook '/home/duy/cocarry_ws/install/trac_ik_lib/share/trac_ik_lib/hook/cmake_prefix_path.ps1'
[1.040s] [34mcolcon.colcon_core.shell[0m [1;30mINFO[0m Creating environment descriptor '/home/duy/cocarry_ws/install/trac_ik_lib/share/trac_ik_lib/hook/cmake_prefix_path.dsv'
[1.040s] [34mcolcon.colcon_core.shell[0m [1;30mINFO[0m Creating environment hook '/home/duy/cocarry_ws/install/trac_ik_lib/share/trac_ik_lib/hook/cmake_prefix_path.sh'
[1.040s] [34mcolcon.colcon_core.environment[0m [1;30mLevel 1[0m checking '/home/duy/cocarry_ws/install/trac_ik_lib/lib'
[1.040s] [34mcolcon.colcon_core.shell[0m [1;30mLevel 1[0m create_environment_hook('trac_ik_lib', 'ld_library_path_lib')
[1.041s] [34mcolcon.colcon_core.shell[0m [1;30mINFO[0m Creating environment hook '/home/duy/cocarry_ws/install/trac_ik_lib/share/trac_ik_lib/hook/ld_library_path_lib.ps1'
[1.041s] [34mcolcon.colcon_core.shell[0m [1;30mINFO[0m Creating environment descriptor '/home/duy/cocarry_ws/install/trac_ik_lib/share/trac_ik_lib/hook/ld_library_path_lib.dsv'
[1.041s] [34mcolcon.colcon_core.shell[0m [1;30mINFO[0m Creating environment hook '/home/duy/cocarry_ws/install/trac_ik_lib/share/trac_ik_lib/hook/ld_library_path_lib.sh'
[1.041s] [34mcolcon.colcon_core.environment[0m [1;30mLevel 1[0m checking '/home/duy/cocarry_ws/install/trac_ik_lib/bin'
[1.041s] [34mcolcon.colcon_core.environment[0m [1;30mLevel 1[0m checking '/home/duy/cocarry_ws/install/trac_ik_lib/lib/pkgconfig/trac_ik_lib.pc'
[1.042s] [34mcolcon.colcon_core.environment[0m [1;30mLevel 1[0m checking '/home/duy/cocarry_ws/install/trac_ik_lib/lib/python3.10/site-packages'
[1.042s] [34mcolcon.colcon_core.environment[0m [1;30mLevel 1[0m checking '/home/duy/cocarry_ws/install/trac_ik_lib/bin'
[1.042s] [34mcolcon.colcon_core.shell[0m [1;30mINFO[0m Creating package script '/home/duy/cocarry_ws/install/trac_ik_lib/share/trac_ik_lib/package.ps1'
[1.043s] [34mcolcon.colcon_core.shell[0m [1;30mINFO[0m Creating package descriptor '/home/duy/cocarry_ws/install/trac_ik_lib/share/trac_ik_lib/package.dsv'
[1.043s] [34mcolcon.colcon_core.shell[0m [1;30mINFO[0m Creating package script '/home/duy/cocarry_ws/install/trac_ik_lib/share/trac_ik_lib/package.sh'
[1.043s] [34mcolcon.colcon_core.shell[0m [1;30mINFO[0m Creating package script '/home/duy/cocarry_ws/install/trac_ik_lib/share/trac_ik_lib/package.bash'
[1.044s] [34mcolcon.colcon_core.shell[0m [1;30mINFO[0m Creating package script '/home/duy/cocarry_ws/install/trac_ik_lib/share/trac_ik_lib/package.zsh'
[1.044s] [34mcolcon.colcon_core.environment[0m [1;30mLevel 1[0m create_file_with_runtime_dependencies(/home/duy/cocarry_ws/install/trac_ik_lib/share/colcon-core/packages/trac_ik_lib)
[1.044s] [34mcolcon.colcon_core.environment[0m [1;30mLevel 1[0m create_environment_scripts_only(kinect2_registration)
[1.045s] [34mcolcon.colcon_core.environment[0m [1;30mLevel 1[0m checking '/home/duy/cocarry_ws/install/kinect2_registration' for CMake module files
[1.046s] [34mcolcon.colcon_core.environment[0m [1;30mLevel 1[0m checking '/home/duy/cocarry_ws/install/kinect2_registration' for CMake config files
[1.046s] [34mcolcon.colcon_core.event_handler.log_command[0m [1;30mDEBUG[0m [32mInvoked command in '/home/duy/cocarry_ws/build/kinect2_registration' returned '0': CMAKE_PREFIX_PATH=/home/duy/cocarry_ws/install/hrc_bringup:/home/duy/cocarry_ws/install/trac_ik:/home/duy/cocarry_ws/install/trac_ik_kinematics:/home/duy/cocarry_ws/install/trac_ik_lib:/home/duy/cocarry_ws/install/motoros2_client_interface_dependencies:/home/duy/cocarry_ws/install/hc10dtp_simulation:/home/duy/cocarry_ws/install/motoros2_interfaces:/home/duy/cocarry_ws/install/hc10dtp_bringup:/home/duy/cocarry_ws/install/hc10dtp_moveit_config:/home/duy/cocarry_ws/install/motoman_hc10dtp_support:/home/duy/cocarry_ws/install/motoman_gp4_support:/home/duy/cocarry_ws/install/motoman_resources:/home/duy/cocarry_ws/install/libfreenect2:/home/duy/cocarry_ws/install/kinect2_calibration:/home/duy/cocarry_ws/install/kinect2_bridge:/home/duy/cocarry_ws/install/kinect2_registration:/home/duy/cocarry_ws/install/industrial_msgs:/home/duy/cocarry_ws/install/trajectory_predictor:/home/duy/cocarry_ws/install/rula_tracker:/home/duy/cocarry_ws/install/realsense_tracker:/home/duy/cocarry_ws/install/predictor_ui:/home/duy/cocarry_ws/install/experiment_logger:/home/duy/cocarry_ws/install/coord_transform:/opt/ros/humble:/home/duy/cocarry_ws/install/human_hand_msgs /usr/bin/cmake --install /home/duy/cocarry_ws/build/kinect2_registration[0m
[1.047s] [34mcolcon.colcon_core.shell[0m [1;30mLevel 1[0m create_environment_hook('kinect2_registration', 'cmake_prefix_path')
[1.047s] [34mcolcon.colcon_core.shell[0m [1;30mINFO[0m Creating environment hook '/home/duy/cocarry_ws/install/kinect2_registration/share/kinect2_registration/hook/cmake_prefix_path.ps1'
[1.048s] [34mcolcon.colcon_core.shell[0m [1;30mINFO[0m Creating environment descriptor '/home/duy/cocarry_ws/install/kinect2_registration/share/kinect2_registration/hook/cmake_prefix_path.dsv'
[1.048s] [34mcolcon.colcon_core.shell[0m [1;30mINFO[0m Creating environment hook '/home/duy/cocarry_ws/install/kinect2_registration/share/kinect2_registration/hook/cmake_prefix_path.sh'
[1.049s] [34mcolcon.colcon_core.environment[0m [1;30mLevel 1[0m checking '/home/duy/cocarry_ws/install/kinect2_registration/lib'
[1.049s] [34mcolcon.colcon_core.environment[0m [1;30mLevel 1[0m checking '/home/duy/cocarry_ws/install/kinect2_registration/bin'
[1.049s] [34mcolcon.colcon_core.environment[0m [1;30mLevel 1[0m checking '/home/duy/cocarry_ws/install/kinect2_registration/lib/pkgconfig/kinect2_registration.pc'
[1.050s] [34mcolcon.colcon_core.environment[0m [1;30mLevel 1[0m checking '/home/duy/cocarry_ws/install/kinect2_registration/lib/python3.10/site-packages'
[1.050s] [34mcolcon.colcon_core.environment[0m [1;30mLevel 1[0m checking '/home/duy/cocarry_ws/install/kinect2_registration/bin'
[1.050s] [34mcolcon.colcon_core.shell[0m [1;30mINFO[0m Creating package script '/home/duy/cocarry_ws/install/kinect2_registration/share/kinect2_registration/package.ps1'
[1.051s] [34mcolcon.colcon_core.shell[0m [1;30mINFO[0m Creating package descriptor '/home/duy/cocarry_ws/install/kinect2_registration/share/kinect2_registration/package.dsv'
[1.052s] [34mcolcon.colcon_core.shell[0m [1;30mINFO[0m Creating package script '/home/duy/cocarry_ws/install/kinect2_registration/share/kinect2_registration/package.sh'
[1.052s] [34mcolcon.colcon_core.shell[0m [1;30mINFO[0m Creating package script '/home/duy/cocarry_ws/install/kinect2_registration/share/kinect2_registration/package.bash'
[1.053s] [34mcolcon.colcon_core.shell[0m [1;30mINFO[0m Creating package script '/home/duy/cocarry_ws/install/kinect2_registration/share/kinect2_registration/package.zsh'
[1.053s] [34mcolcon.colcon_core.environment[0m [1;30mLevel 1[0m create_file_with_runtime_dependencies(/home/duy/cocarry_ws/install/kinect2_registration/share/colcon-core/packages/kinect2_registration)
[1.054s] [34mcolcon.colcon_core.environment[0m [1;30mLevel 1[0m create_environment_scripts_only(kinect2_registration)
[1.054s] [34mcolcon.colcon_core.environment[0m [1;30mLevel 1[0m checking '/home/duy/cocarry_ws/install/kinect2_registration' for CMake module files
[1.055s] [34mcolcon.colcon_core.environment[0m [1;30mLevel 1[0m checking '/home/duy/cocarry_ws/install/kinect2_registration' for CMake config files
[1.055s] [34mcolcon.colcon_core.shell[0m [1;30mLevel 1[0m create_environment_hook('kinect2_registration', 'cmake_prefix_path')
[1.056s] [34mcolcon.colcon_core.shell[0m [1;30mINFO[0m Creating environment hook '/home/duy/cocarry_ws/install/kinect2_registration/share/kinect2_registration/hook/cmake_prefix_path.ps1'
[1.056s] [34mcolcon.colcon_core.shell[0m [1;30mINFO[0m Creating environment descriptor '/home/duy/cocarry_ws/install/kinect2_registration/share/kinect2_registration/hook/cmake_prefix_path.dsv'
[1.056s] [34mcolcon.colcon_core.shell[0m [1;30mINFO[0m Creating environment hook '/home/duy/cocarry_ws/install/kinect2_registration/share/kinect2_registration/hook/cmake_prefix_path.sh'
[1.057s] [34mcolcon.colcon_core.environment[0m [1;30mLevel 1[0m checking '/home/duy/cocarry_ws/install/kinect2_registration/lib'
[1.057s] [34mcolcon.colcon_core.environment[0m [1;30mLevel 1[0m checking '/home/duy/cocarry_ws/install/kinect2_registration/bin'
[1.057s] [34mcolcon.colcon_core.environment[0m [1;30mLevel 1[0m checking '/home/duy/cocarry_ws/install/kinect2_registration/lib/pkgconfig/kinect2_registration.pc'
[1.057s] [34mcolcon.colcon_core.environment[0m [1;30mLevel 1[0m checking '/home/duy/cocarry_ws/install/kinect2_registration/lib/python3.10/site-packages'
[1.057s] [34mcolcon.colcon_core.environment[0m [1;30mLevel 1[0m checking '/home/duy/cocarry_ws/install/kinect2_registration/bin'
[1.057s] [34mcolcon.colcon_core.shell[0m [1;30mINFO[0m Creating package script '/home/duy/cocarry_ws/install/kinect2_registration/share/kinect2_registration/package.ps1'
[1.058s] [34mcolcon.colcon_core.shell[0m [1;30mINFO[0m Creating package descriptor '/home/duy/cocarry_ws/install/kinect2_registration/share/kinect2_registration/package.dsv'
[1.058s] [34mcolcon.colcon_core.shell[0m [1;30mINFO[0m Creating package script '/home/duy/cocarry_ws/install/kinect2_registration/share/kinect2_registration/package.sh'
[1.059s] [34mcolcon.colcon_core.shell[0m [1;30mINFO[0m Creating package script '/home/duy/cocarry_ws/install/kinect2_registration/share/kinect2_registration/package.bash'
[1.059s] [34mcolcon.colcon_core.shell[0m [1;30mINFO[0m Creating package script '/home/duy/cocarry_ws/install/kinect2_registration/share/kinect2_registration/package.zsh'
[1.059s] [34mcolcon.colcon_core.environment[0m [1;30mLevel 1[0m create_file_with_runtime_dependencies(/home/duy/cocarry_ws/install/kinect2_registration/share/colcon-core/packages/kinect2_registration)
[1.060s] [34mcolcon.colcon_ros.task.ament_cmake.build[0m [1;30mINFO[0m Building ROS package in '/home/duy/cocarry_ws/src/motoman_ros2_support_packages/motoman_hc10dtp_support' with build type 'ament_cmake'
[1.060s] [34mcolcon.colcon_cmake.task.cmake.build[0m [1;30mINFO[0m Building CMake package in '/home/duy/cocarry_ws/src/motoman_ros2_support_packages/motoman_hc10dtp_support'
[1.060s] [34mcolcon.colcon_core.shell[0m [1;30mINFO[0m Skip shell extension 'powershell' for command environment: Not usable outside of PowerShell
[1.060s] [34mcolcon.colcon_core.shell[0m [1;30mDEBUG[0m [32mSkip shell extension 'dsv' for command environment[0m
[1.066s] [34mcolcon.colcon_ros.task.ament_cmake.build[0m [1;30mINFO[0m Building ROS package in '/home/duy/cocarry_ws/src/kinect2_ros2/kinect2_bridge' with build type 'ament_cmake'
[1.066s] [34mcolcon.colcon_cmake.task.cmake.build[0m [1;30mINFO[0m Building CMake package in '/home/duy/cocarry_ws/src/kinect2_ros2/kinect2_bridge'
[1.066s] [34mcolcon.colcon_core.shell[0m [1;30mINFO[0m Skip shell extension 'powershell' for command environment: Not usable outside of PowerShell
[1.066s] [34mcolcon.colcon_core.shell[0m [1;30mDEBUG[0m [32mSkip shell extension 'dsv' for command environment[0m
[1.071s] [34mcolcon.colcon_ros.task.ament_cmake.build[0m [1;30mINFO[0m Building ROS package in '/home/duy/cocarry_ws/src/trac_ik/trac_ik_kinematics' with build type 'ament_cmake'
[1.072s] [34mcolcon.colcon_cmake.task.cmake.build[0m [1;30mINFO[0m Building CMake package in '/home/duy/cocarry_ws/src/trac_ik/trac_ik_kinematics'
[1.072s] [34mcolcon.colcon_core.shell[0m [1;30mINFO[0m Skip shell extension 'powershell' for command environment: Not usable outside of PowerShell
[1.072s] [34mcolcon.colcon_core.shell[0m [1;30mDEBUG[0m [32mSkip shell extension 'dsv' for command environment[0m
[1.077s] [34mcolcon.colcon_ros.task.ament_cmake.build[0m [1;30mINFO[0m Building ROS package in '/home/duy/cocarry_ws/src/motoman_ros2_support_packages/motoman_gp4_support' with build type 'ament_cmake'
[1.077s] [34mcolcon.colcon_cmake.task.cmake.build[0m [1;30mINFO[0m Building CMake package in '/home/duy/cocarry_ws/src/motoman_ros2_support_packages/motoman_gp4_support'
[1.078s] [34mcolcon.colcon_core.shell[0m [1;30mINFO[0m Skip shell extension 'powershell' for command environment: Not usable outside of PowerShell
[1.078s] [34mcolcon.colcon_core.shell[0m [1;30mDEBUG[0m [32mSkip shell extension 'dsv' for command environment[0m
[1.084s] [34mcolcon.colcon_core.event_handler.log_command[0m [1;30mDEBUG[0m [32mInvoked command in '/home/duy/cocarry_ws/build/motoros2_interfaces' returned '0': CMAKE_PREFIX_PATH=/home/duy/cocarry_ws/install/hrc_bringup:/home/duy/cocarry_ws/install/trac_ik:/home/duy/cocarry_ws/install/trac_ik_kinematics:/home/duy/cocarry_ws/install/trac_ik_lib:/home/duy/cocarry_ws/install/motoros2_client_interface_dependencies:/home/duy/cocarry_ws/install/hc10dtp_simulation:/home/duy/cocarry_ws/install/motoros2_interfaces:/home/duy/cocarry_ws/install/hc10dtp_bringup:/home/duy/cocarry_ws/install/hc10dtp_moveit_config:/home/duy/cocarry_ws/install/motoman_hc10dtp_support:/home/duy/cocarry_ws/install/motoman_gp4_support:/home/duy/cocarry_ws/install/motoman_resources:/home/duy/cocarry_ws/install/libfreenect2:/home/duy/cocarry_ws/install/kinect2_calibration:/home/duy/cocarry_ws/install/kinect2_bridge:/home/duy/cocarry_ws/install/kinect2_registration:/home/duy/cocarry_ws/install/industrial_msgs:/home/duy/cocarry_ws/install/trajectory_predictor:/home/duy/cocarry_ws/install/rula_tracker:/home/duy/cocarry_ws/install/realsense_tracker:/home/duy/cocarry_ws/install/predictor_ui:/home/duy/cocarry_ws/install/experiment_logger:/home/duy/cocarry_ws/install/coord_transform:/opt/ros/humble:/home/duy/cocarry_ws/install/human_hand_msgs /usr/bin/cmake --build /home/duy/cocarry_ws/build/motoros2_interfaces -- -j16 -l16[0m
[1.085s] [34mcolcon.colcon_core.environment[0m [1;30mLevel 1[0m create_environment_scripts_only(industrial_msgs)
[1.085s] [34mcolcon.colcon_core.environment[0m [1;30mLevel 1[0m checking '/home/duy/cocarry_ws/install/industrial_msgs' for CMake module files
[1.086s] [34mcolcon.colcon_core.event_handler.log_command[0m [1;30mDEBUG[0m [32mInvoking command in '/home/duy/cocarry_ws/build/motoros2_interfaces': CMAKE_PREFIX_PATH=/home/duy/cocarry_ws/install/hrc_bringup:/home/duy/cocarry_ws/install/trac_ik:/home/duy/cocarry_ws/install/trac_ik_kinematics:/home/duy/cocarry_ws/install/trac_ik_lib:/home/duy/cocarry_ws/install/motoros2_client_interface_dependencies:/home/duy/cocarry_ws/install/hc10dtp_simulation:/home/duy/cocarry_ws/install/motoros2_interfaces:/home/duy/cocarry_ws/install/hc10dtp_bringup:/home/duy/cocarry_ws/install/hc10dtp_moveit_config:/home/duy/cocarry_ws/install/motoman_hc10dtp_support:/home/duy/cocarry_ws/install/motoman_gp4_support:/home/duy/cocarry_ws/install/motoman_resources:/home/duy/cocarry_ws/install/libfreenect2:/home/duy/cocarry_ws/install/kinect2_calibration:/home/duy/cocarry_ws/install/kinect2_bridge:/home/duy/cocarry_ws/install/kinect2_registration:/home/duy/cocarry_ws/install/industrial_msgs:/home/duy/cocarry_ws/install/trajectory_predictor:/home/duy/cocarry_ws/install/rula_tracker:/home/duy/cocarry_ws/install/realsense_tracker:/home/duy/cocarry_ws/install/predictor_ui:/home/duy/cocarry_ws/install/experiment_logger:/home/duy/cocarry_ws/install/coord_transform:/opt/ros/humble:/home/duy/cocarry_ws/install/human_hand_msgs /usr/bin/cmake --install /home/duy/cocarry_ws/build/motoros2_interfaces[0m
[1.086s] [34mcolcon.colcon_core.event_handler.log_command[0m [1;30mDEBUG[0m [32mInvoked command in '/home/duy/cocarry_ws/build/industrial_msgs' returned '0': CMAKE_PREFIX_PATH=/home/duy/cocarry_ws/install/hrc_bringup:/home/duy/cocarry_ws/install/trac_ik:/home/duy/cocarry_ws/install/trac_ik_kinematics:/home/duy/cocarry_ws/install/trac_ik_lib:/home/duy/cocarry_ws/install/motoros2_client_interface_dependencies:/home/duy/cocarry_ws/install/hc10dtp_simulation:/home/duy/cocarry_ws/install/motoros2_interfaces:/home/duy/cocarry_ws/install/hc10dtp_bringup:/home/duy/cocarry_ws/install/hc10dtp_moveit_config:/home/duy/cocarry_ws/install/motoman_hc10dtp_support:/home/duy/cocarry_ws/install/motoman_gp4_support:/home/duy/cocarry_ws/install/motoman_resources:/home/duy/cocarry_ws/install/libfreenect2:/home/duy/cocarry_ws/install/kinect2_calibration:/home/duy/cocarry_ws/install/kinect2_bridge:/home/duy/cocarry_ws/install/kinect2_registration:/home/duy/cocarry_ws/install/industrial_msgs:/home/duy/cocarry_ws/install/trajectory_predictor:/home/duy/cocarry_ws/install/rula_tracker:/home/duy/cocarry_ws/install/realsense_tracker:/home/duy/cocarry_ws/install/predictor_ui:/home/duy/cocarry_ws/install/experiment_logger:/home/duy/cocarry_ws/install/coord_transform:/opt/ros/humble:/home/duy/cocarry_ws/install/human_hand_msgs /usr/bin/cmake --install /home/duy/cocarry_ws/build/industrial_msgs[0m
[1.087s] [34mcolcon.colcon_core.environment[0m [1;30mLevel 1[0m checking '/home/duy/cocarry_ws/install/industrial_msgs' for CMake config files
[1.087s] [34mcolcon.colcon_core.shell[0m [1;30mLevel 1[0m create_environment_hook('industrial_msgs', 'cmake_prefix_path')
[1.088s] [34mcolcon.colcon_core.shell[0m [1;30mINFO[0m Creating environment hook '/home/duy/cocarry_ws/install/industrial_msgs/share/industrial_msgs/hook/cmake_prefix_path.ps1'
[1.088s] [34mcolcon.colcon_core.shell[0m [1;30mINFO[0m Creating environment descriptor '/home/duy/cocarry_ws/install/industrial_msgs/share/industrial_msgs/hook/cmake_prefix_path.dsv'
[1.088s] [34mcolcon.colcon_core.shell[0m [1;30mINFO[0m Creating environment hook '/home/duy/cocarry_ws/install/industrial_msgs/share/industrial_msgs/hook/cmake_prefix_path.sh'
[1.089s] [34mcolcon.colcon_core.environment[0m [1;30mLevel 1[0m checking '/home/duy/cocarry_ws/install/industrial_msgs/lib'
[1.089s] [34mcolcon.colcon_core.shell[0m [1;30mLevel 1[0m create_environment_hook('industrial_msgs', 'ld_library_path_lib')
[1.089s] [34mcolcon.colcon_core.shell[0m [1;30mINFO[0m Creating environment hook '/home/duy/cocarry_ws/install/industrial_msgs/share/industrial_msgs/hook/ld_library_path_lib.ps1'
[1.089s] [34mcolcon.colcon_core.shell[0m [1;30mINFO[0m Creating environment descriptor '/home/duy/cocarry_ws/install/industrial_msgs/share/industrial_msgs/hook/ld_library_path_lib.dsv'
[1.090s] [34mcolcon.colcon_core.shell[0m [1;30mINFO[0m Creating environment hook '/home/duy/cocarry_ws/install/industrial_msgs/share/industrial_msgs/hook/ld_library_path_lib.sh'
[1.090s] [34mcolcon.colcon_core.environment[0m [1;30mLevel 1[0m checking '/home/duy/cocarry_ws/install/industrial_msgs/bin'
[1.090s] [34mcolcon.colcon_core.environment[0m [1;30mLevel 1[0m checking '/home/duy/cocarry_ws/install/industrial_msgs/lib/pkgconfig/industrial_msgs.pc'
[1.090s] [34mcolcon.colcon_core.environment[0m [1;30mLevel 1[0m checking '/home/duy/cocarry_ws/install/industrial_msgs/lib/python3.10/site-packages'
[1.090s] [34mcolcon.colcon_core.environment[0m [1;30mLevel 1[0m checking '/home/duy/cocarry_ws/install/industrial_msgs/bin'
[1.091s] [34mcolcon.colcon_core.shell[0m [1;30mINFO[0m Creating package script '/home/duy/cocarry_ws/install/industrial_msgs/share/industrial_msgs/package.ps1'
[1.091s] [34mcolcon.colcon_core.shell[0m [1;30mINFO[0m Creating package descriptor '/home/duy/cocarry_ws/install/industrial_msgs/share/industrial_msgs/package.dsv'
[1.091s] [34mcolcon.colcon_core.shell[0m [1;30mINFO[0m Creating package script '/home/duy/cocarry_ws/install/industrial_msgs/share/industrial_msgs/package.sh'
[1.092s] [34mcolcon.colcon_core.shell[0m [1;30mINFO[0m Creating package script '/home/duy/cocarry_ws/install/industrial_msgs/share/industrial_msgs/package.bash'
[1.092s] [34mcolcon.colcon_core.shell[0m [1;30mINFO[0m Creating package script '/home/duy/cocarry_ws/install/industrial_msgs/share/industrial_msgs/package.zsh'
[1.092s] [34mcolcon.colcon_core.environment[0m [1;30mLevel 1[0m create_file_with_runtime_dependencies(/home/duy/cocarry_ws/install/industrial_msgs/share/colcon-core/packages/industrial_msgs)
[1.093s] [34mcolcon.colcon_core.environment[0m [1;30mLevel 1[0m create_environment_scripts_only(industrial_msgs)
[1.093s] [34mcolcon.colcon_core.environment[0m [1;30mLevel 1[0m checking '/home/duy/cocarry_ws/install/industrial_msgs' for CMake module files
[1.093s] [34mcolcon.colcon_core.environment[0m [1;30mLevel 1[0m checking '/home/duy/cocarry_ws/install/industrial_msgs' for CMake config files
[1.094s] [34mcolcon.colcon_core.shell[0m [1;30mLevel 1[0m create_environment_hook('industrial_msgs', 'cmake_prefix_path')
[1.094s] [34mcolcon.colcon_core.shell[0m [1;30mINFO[0m Creating environment hook '/home/duy/cocarry_ws/install/industrial_msgs/share/industrial_msgs/hook/cmake_prefix_path.ps1'
[1.095s] [34mcolcon.colcon_core.shell[0m [1;30mINFO[0m Creating environment descriptor '/home/duy/cocarry_ws/install/industrial_msgs/share/industrial_msgs/hook/cmake_prefix_path.dsv'
[1.095s] [34mcolcon.colcon_core.shell[0m [1;30mINFO[0m Creating environment hook '/home/duy/cocarry_ws/install/industrial_msgs/share/industrial_msgs/hook/cmake_prefix_path.sh'
[1.095s] [34mcolcon.colcon_core.environment[0m [1;30mLevel 1[0m checking '/home/duy/cocarry_ws/install/industrial_msgs/lib'
[1.095s] [34mcolcon.colcon_core.shell[0m [1;30mLevel 1[0m create_environment_hook('industrial_msgs', 'ld_library_path_lib')
[1.096s] [34mcolcon.colcon_core.shell[0m [1;30mINFO[0m Creating environment hook '/home/duy/cocarry_ws/install/industrial_msgs/share/industrial_msgs/hook/ld_library_path_lib.ps1'
[1.096s] [34mcolcon.colcon_core.shell[0m [1;30mINFO[0m Creating environment descriptor '/home/duy/cocarry_ws/install/industrial_msgs/share/industrial_msgs/hook/ld_library_path_lib.dsv'
[1.096s] [34mcolcon.colcon_core.shell[0m [1;30mINFO[0m Creating environment hook '/home/duy/cocarry_ws/install/industrial_msgs/share/industrial_msgs/hook/ld_library_path_lib.sh'
[1.096s] [34mcolcon.colcon_core.environment[0m [1;30mLevel 1[0m checking '/home/duy/cocarry_ws/install/industrial_msgs/bin'
[1.096s] [34mcolcon.colcon_core.environment[0m [1;30mLevel 1[0m checking '/home/duy/cocarry_ws/install/industrial_msgs/lib/pkgconfig/industrial_msgs.pc'
[1.097s] [34mcolcon.colcon_core.environment[0m [1;30mLevel 1[0m checking '/home/duy/cocarry_ws/install/industrial_msgs/lib/python3.10/site-packages'
[1.097s] [34mcolcon.colcon_core.environment[0m [1;30mLevel 1[0m checking '/home/duy/cocarry_ws/install/industrial_msgs/bin'
[1.097s] [34mcolcon.colcon_core.shell[0m [1;30mINFO[0m Creating package script '/home/duy/cocarry_ws/install/industrial_msgs/share/industrial_msgs/package.ps1'
[1.098s] [34mcolcon.colcon_core.shell[0m [1;30mINFO[0m Creating package descriptor '/home/duy/cocarry_ws/install/industrial_msgs/share/industrial_msgs/package.dsv'
[1.098s] [34mcolcon.colcon_core.shell[0m [1;30mINFO[0m Creating package script '/home/duy/cocarry_ws/install/industrial_msgs/share/industrial_msgs/package.sh'
[1.098s] [34mcolcon.colcon_core.shell[0m [1;30mINFO[0m Creating package script '/home/duy/cocarry_ws/install/industrial_msgs/share/industrial_msgs/package.bash'
[1.099s] [34mcolcon.colcon_core.shell[0m [1;30mINFO[0m Creating package script '/home/duy/cocarry_ws/install/industrial_msgs/share/industrial_msgs/package.zsh'
[1.099s] [34mcolcon.colcon_core.environment[0m [1;30mLevel 1[0m create_file_with_runtime_dependencies(/home/duy/cocarry_ws/install/industrial_msgs/share/colcon-core/packages/industrial_msgs)
[1.100s] [34mcolcon.colcon_core.shell[0m [1;30mLevel 1[0m create_environment_hook('human_hand_msgs', 'ros_package_path')
[1.100s] [34mcolcon.colcon_core.shell[0m [1;30mINFO[0m Creating environment hook '/home/duy/cocarry_ws/install/human_hand_msgs/share/human_hand_msgs/hook/ros_package_path.ps1'
[1.101s] [34mcolcon.colcon_core.event_handler.log_command[0m [1;30mDEBUG[0m [32mInvoked command in '/home/duy/cocarry_ws/build/human_hand_msgs' returned '0': /usr/bin/cmake --install /home/duy/cocarry_ws/build/human_hand_msgs[0m
[1.101s] [34mcolcon.colcon_core.shell[0m [1;30mINFO[0m Creating environment descriptor '/home/duy/cocarry_ws/install/human_hand_msgs/share/human_hand_msgs/hook/ros_package_path.dsv'
[1.102s] [34mcolcon.colcon_core.shell[0m [1;30mINFO[0m Creating environment hook '/home/duy/cocarry_ws/install/human_hand_msgs/share/human_hand_msgs/hook/ros_package_path.sh'
[1.103s] [34mcolcon.colcon_ros.task.catkin[0m [1;30mLevel 1[0m checking '/home/duy/cocarry_ws/install/human_hand_msgs/local/lib/python3.10/dist-packages'
[1.103s] [34mcolcon.colcon_core.shell[0m [1;30mLevel 1[0m create_environment_hook('human_hand_msgs', 'catkin_pythonpath')
[1.103s] [34mcolcon.colcon_core.shell[0m [1;30mINFO[0m Creating environment hook '/home/duy/cocarry_ws/install/human_hand_msgs/share/human_hand_msgs/hook/catkin_pythonpath.ps1'
[1.103s] [34mcolcon.colcon_core.shell[0m [1;30mINFO[0m Creating environment descriptor '/home/duy/cocarry_ws/install/human_hand_msgs/share/human_hand_msgs/hook/catkin_pythonpath.dsv'
[1.104s] [34mcolcon.colcon_core.shell[0m [1;30mINFO[0m Creating environment hook '/home/duy/cocarry_ws/install/human_hand_msgs/share/human_hand_msgs/hook/catkin_pythonpath.sh'
[1.104s] [34mcolcon.colcon_core.shell[0m [1;30mLevel 1[0m create_environment_hook('human_hand_msgs', 'pkg_config_path')
[1.105s] [34mcolcon.colcon_core.shell[0m [1;30mINFO[0m Creating environment hook '/home/duy/cocarry_ws/install/human_hand_msgs/share/human_hand_msgs/hook/pkg_config_path.ps1'
[1.105s] [34mcolcon.colcon_core.shell[0m [1;30mINFO[0m Creating environment descriptor '/home/duy/cocarry_ws/install/human_hand_msgs/share/human_hand_msgs/hook/pkg_config_path.dsv'
[1.106s] [34mcolcon.colcon_core.shell[0m [1;30mINFO[0m Creating environment hook '/home/duy/cocarry_ws/install/human_hand_msgs/share/human_hand_msgs/hook/pkg_config_path.sh'
[1.108s] [34mcolcon.colcon_core.shell[0m [1;30mLevel 1[0m create_environment_hook('human_hand_msgs', 'pkg_config_path_multiarch')
[1.108s] [34mcolcon.colcon_core.shell[0m [1;30mINFO[0m Creating environment hook '/home/duy/cocarry_ws/install/human_hand_msgs/share/human_hand_msgs/hook/pkg_config_path_multiarch.ps1'
[1.109s] [34mcolcon.colcon_core.shell[0m [1;30mINFO[0m Creating environment descriptor '/home/duy/cocarry_ws/install/human_hand_msgs/share/human_hand_msgs/hook/pkg_config_path_multiarch.dsv'
[1.109s] [34mcolcon.colcon_core.shell[0m [1;30mINFO[0m Creating environment hook '/home/duy/cocarry_ws/install/human_hand_msgs/share/human_hand_msgs/hook/pkg_config_path_multiarch.sh'
[1.111s] [34mcolcon.colcon_core.environment[0m [1;30mLevel 1[0m create_environment_scripts_only(human_hand_msgs)
[1.111s] [34mcolcon.colcon_core.environment[0m [1;30mLevel 1[0m checking '/home/duy/cocarry_ws/install/human_hand_msgs' for CMake module files
[1.112s] [34mcolcon.colcon_core.environment[0m [1;30mLevel 1[0m checking '/home/duy/cocarry_ws/install/human_hand_msgs' for CMake config files
[1.113s] [34mcolcon.colcon_core.shell[0m [1;30mLevel 1[0m create_environment_hook('human_hand_msgs', 'cmake_prefix_path')
[1.114s] [34mcolcon.colcon_core.shell[0m [1;30mINFO[0m Creating environment hook '/home/duy/cocarry_ws/install/human_hand_msgs/share/human_hand_msgs/hook/cmake_prefix_path.ps1'
[1.114s] [34mcolcon.colcon_core.shell[0m [1;30mINFO[0m Creating environment descriptor '/home/duy/cocarry_ws/install/human_hand_msgs/share/human_hand_msgs/hook/cmake_prefix_path.dsv'
[1.115s] [34mcolcon.colcon_core.shell[0m [1;30mINFO[0m Creating environment hook '/home/duy/cocarry_ws/install/human_hand_msgs/share/human_hand_msgs/hook/cmake_prefix_path.sh'
[1.115s] [34mcolcon.colcon_core.environment[0m [1;30mLevel 1[0m checking '/home/duy/cocarry_ws/install/human_hand_msgs/lib'
[1.115s] [34mcolcon.colcon_core.shell[0m [1;30mLevel 1[0m create_environment_hook('human_hand_msgs', 'ld_library_path_lib')
[1.115s] [34mcolcon.colcon_core.shell[0m [1;30mINFO[0m Creating environment hook '/home/duy/cocarry_ws/install/human_hand_msgs/share/human_hand_msgs/hook/ld_library_path_lib.ps1'
[1.116s] [34mcolcon.colcon_core.shell[0m [1;30mINFO[0m Creating environment descriptor '/home/duy/cocarry_ws/install/human_hand_msgs/share/human_hand_msgs/hook/ld_library_path_lib.dsv'
[1.116s] [34mcolcon.colcon_core.shell[0m [1;30mINFO[0m Creating environment hook '/home/duy/cocarry_ws/install/human_hand_msgs/share/human_hand_msgs/hook/ld_library_path_lib.sh'
[1.116s] [34mcolcon.colcon_core.environment[0m [1;30mLevel 1[0m checking '/home/duy/cocarry_ws/install/human_hand_msgs/bin'
[1.116s] [34mcolcon.colcon_core.environment[0m [1;30mLevel 1[0m checking '/home/duy/cocarry_ws/install/human_hand_msgs/lib/pkgconfig/human_hand_msgs.pc'
[1.116s] [34mcolcon.colcon_core.environment[0m [1;30mLevel 1[0m checking '/home/duy/cocarry_ws/install/human_hand_msgs/lib/python3.10/site-packages'
[1.117s] [34mcolcon.colcon_core.environment[0m [1;30mLevel 1[0m checking '/home/duy/cocarry_ws/install/human_hand_msgs/bin'
[1.117s] [34mcolcon.colcon_core.shell[0m [1;30mINFO[0m Creating package script '/home/duy/cocarry_ws/install/human_hand_msgs/share/human_hand_msgs/package.ps1'
[1.118s] [34mcolcon.colcon_core.shell[0m [1;30mINFO[0m Creating package descriptor '/home/duy/cocarry_ws/install/human_hand_msgs/share/human_hand_msgs/package.dsv'
[1.118s] [34mcolcon.colcon_core.shell[0m [1;30mINFO[0m Creating package script '/home/duy/cocarry_ws/install/human_hand_msgs/share/human_hand_msgs/package.sh'
[1.118s] [34mcolcon.colcon_core.shell[0m [1;30mINFO[0m Creating package script '/home/duy/cocarry_ws/install/human_hand_msgs/share/human_hand_msgs/package.bash'
[1.119s] [34mcolcon.colcon_core.shell[0m [1;30mINFO[0m Creating package script '/home/duy/cocarry_ws/install/human_hand_msgs/share/human_hand_msgs/package.zsh'
[1.119s] [34mcolcon.colcon_core.environment[0m [1;30mLevel 1[0m create_file_with_runtime_dependencies(/home/duy/cocarry_ws/install/human_hand_msgs/share/colcon-core/packages/human_hand_msgs)
[1.119s] [34mcolcon.colcon_ros.task.ament_python.build[0m [1;30mINFO[0m Building ROS package in '/home/duy/cocarry_ws/src/coord_transform' with build type 'ament_python'
[1.119s] [34mcolcon.colcon_core.shell[0m [1;30mLevel 1[0m create_environment_hook('coord_transform', 'ament_prefix_path')
[1.120s] [34mcolcon.colcon_core.shell[0m [1;30mINFO[0m Creating environment hook '/home/duy/cocarry_ws/install/coord_transform/share/coord_transform/hook/ament_prefix_path.ps1'
[1.122s] [34mcolcon.colcon_core.shell[0m [1;30mINFO[0m Creating environment descriptor '/home/duy/cocarry_ws/install/coord_transform/share/coord_transform/hook/ament_prefix_path.dsv'
[1.123s] [34mcolcon.colcon_core.shell[0m [1;30mINFO[0m Creating environment hook '/home/duy/cocarry_ws/install/coord_transform/share/coord_transform/hook/ament_prefix_path.sh'
[1.126s] [34mcolcon.colcon_core.shell[0m [1;30mINFO[0m Skip shell extension 'powershell' for command environment: Not usable outside of PowerShell
[1.126s] [34mcolcon.colcon_core.shell[0m [1;30mDEBUG[0m [32mSkip shell extension 'dsv' for command environment[0m
[1.148s] [34mcolcon.colcon_ros.task.ament_python.build[0m [1;30mINFO[0m Building ROS package in '/home/duy/cocarry_ws/src/experiment_logger' with build type 'ament_python'
[1.148s] [34mcolcon.colcon_core.shell[0m [1;30mLevel 1[0m create_environment_hook('experiment_logger', 'ament_prefix_path')
[1.148s] [34mcolcon.colcon_core.shell[0m [1;30mINFO[0m Creating environment hook '/home/duy/cocarry_ws/install/experiment_logger/share/experiment_logger/hook/ament_prefix_path.ps1'
[1.152s] [34mcolcon.colcon_core.shell[0m [1;30mINFO[0m Creating environment descriptor '/home/duy/cocarry_ws/install/experiment_logger/share/experiment_logger/hook/ament_prefix_path.dsv'
[1.154s] [34mcolcon.colcon_core.shell[0m [1;30mINFO[0m Creating environment hook '/home/duy/cocarry_ws/install/experiment_logger/share/experiment_logger/hook/ament_prefix_path.sh'
[1.154s] [34mcolcon.colcon_core.shell[0m [1;30mINFO[0m Skip shell extension 'powershell' for command environment: Not usable outside of PowerShell
[1.155s] [34mcolcon.colcon_core.shell[0m [1;30mDEBUG[0m [32mSkip shell extension 'dsv' for command environment[0m
[1.162s] [34mcolcon.colcon_ros.task.ament_python.build[0m [1;30mINFO[0m Building ROS package in '/home/duy/cocarry_ws/src/predictor_ui' with build type 'ament_python'
[1.163s] [34mcolcon.colcon_core.shell[0m [1;30mLevel 1[0m create_environment_hook('predictor_ui', 'ament_prefix_path')
[1.163s] [34mcolcon.colcon_core.shell[0m [1;30mINFO[0m Creating environment hook '/home/duy/cocarry_ws/install/predictor_ui/share/predictor_ui/hook/ament_prefix_path.ps1'
[1.164s] [34mcolcon.colcon_core.shell[0m [1;30mINFO[0m Creating environment descriptor '/home/duy/cocarry_ws/install/predictor_ui/share/predictor_ui/hook/ament_prefix_path.dsv'
[1.165s] [34mcolcon.colcon_core.shell[0m [1;30mINFO[0m Creating environment hook '/home/duy/cocarry_ws/install/predictor_ui/share/predictor_ui/hook/ament_prefix_path.sh'
[1.166s] [34mcolcon.colcon_core.shell[0m [1;30mINFO[0m Skip shell extension 'powershell' for command environment: Not usable outside of PowerShell
[1.166s] [34mcolcon.colcon_core.shell[0m [1;30mDEBUG[0m [32mSkip shell extension 'dsv' for command environment[0m
[1.175s] [34mcolcon.colcon_ros.task.ament_python.build[0m [1;30mINFO[0m Building ROS package in '/home/duy/cocarry_ws/src/realsense_tracker' with build type 'ament_python'
[1.175s] [34mcolcon.colcon_core.shell[0m [1;30mLevel 1[0m create_environment_hook('realsense_tracker', 'ament_prefix_path')
[1.176s] [34mcolcon.colcon_core.shell[0m [1;30mINFO[0m Creating environment hook '/home/duy/cocarry_ws/install/realsense_tracker/share/realsense_tracker/hook/ament_prefix_path.ps1'
[1.176s] [34mcolcon.colcon_core.shell[0m [1;30mINFO[0m Creating environment descriptor '/home/duy/cocarry_ws/install/realsense_tracker/share/realsense_tracker/hook/ament_prefix_path.dsv'
[1.177s] [34mcolcon.colcon_core.shell[0m [1;30mINFO[0m Creating environment hook '/home/duy/cocarry_ws/install/realsense_tracker/share/realsense_tracker/hook/ament_prefix_path.sh'
[1.178s] [34mcolcon.colcon_core.shell[0m [1;30mINFO[0m Skip shell extension 'powershell' for command environment: Not usable outside of PowerShell
[1.178s] [34mcolcon.colcon_core.shell[0m [1;30mDEBUG[0m [32mSkip shell extension 'dsv' for command environment[0m
[1.185s] [34mcolcon.colcon_ros.task.ament_python.build[0m [1;30mINFO[0m Building ROS package in '/home/duy/cocarry_ws/src/trajectory_predictor' with build type 'ament_python'
[1.185s] [34mcolcon.colcon_core.shell[0m [1;30mLevel 1[0m create_environment_hook('trajectory_predictor', 'ament_prefix_path')
[1.185s] [34mcolcon.colcon_core.shell[0m [1;30mINFO[0m Creating environment hook '/home/duy/cocarry_ws/install/trajectory_predictor/share/trajectory_predictor/hook/ament_prefix_path.ps1'
[1.186s] [34mcolcon.colcon_core.shell[0m [1;30mINFO[0m Creating environment descriptor '/home/duy/cocarry_ws/install/trajectory_predictor/share/trajectory_predictor/hook/ament_prefix_path.dsv'
[1.186s] [34mcolcon.colcon_core.shell[0m [1;30mINFO[0m Creating environment hook '/home/duy/cocarry_ws/install/trajectory_predictor/share/trajectory_predictor/hook/ament_prefix_path.sh'
[1.187s] [34mcolcon.colcon_core.shell[0m [1;30mINFO[0m Skip shell extension 'powershell' for command environment: Not usable outside of PowerShell
[1.187s] [34mcolcon.colcon_core.shell[0m [1;30mDEBUG[0m [32mSkip shell extension 'dsv' for command environment[0m
[1.194s] [34mcolcon.colcon_core.event_handler.log_command[0m [1;30mDEBUG[0m [32mInvoking command in '/home/duy/cocarry_ws/build/motoman_hc10dtp_support': CMAKE_PREFIX_PATH=/home/duy/cocarry_ws/install/motoman_resources:/home/duy/cocarry_ws/install/hrc_bringup:/home/duy/cocarry_ws/install/trac_ik:/home/duy/cocarry_ws/install/trac_ik_kinematics:/home/duy/cocarry_ws/install/trac_ik_lib:/home/duy/cocarry_ws/install/motoros2_client_interface_dependencies:/home/duy/cocarry_ws/install/hc10dtp_simulation:/home/duy/cocarry_ws/install/motoros2_interfaces:/home/duy/cocarry_ws/install/hc10dtp_bringup:/home/duy/cocarry_ws/install/hc10dtp_moveit_config:/home/duy/cocarry_ws/install/motoman_hc10dtp_support:/home/duy/cocarry_ws/install/motoman_gp4_support:/home/duy/cocarry_ws/install/libfreenect2:/home/duy/cocarry_ws/install/kinect2_calibration:/home/duy/cocarry_ws/install/kinect2_bridge:/home/duy/cocarry_ws/install/kinect2_registration:/home/duy/cocarry_ws/install/industrial_msgs:/home/duy/cocarry_ws/install/trajectory_predictor:/home/duy/cocarry_ws/install/rula_tracker:/home/duy/cocarry_ws/install/realsense_tracker:/home/duy/cocarry_ws/install/predictor_ui:/home/duy/cocarry_ws/install/experiment_logger:/home/duy/cocarry_ws/install/coord_transform:/opt/ros/humble:/home/duy/cocarry_ws/install/human_hand_msgs /usr/bin/cmake --build /home/duy/cocarry_ws/build/motoman_hc10dtp_support -- -j16 -l16[0m
[1.197s] [34mcolcon.colcon_core.event_handler.log_command[0m [1;30mDEBUG[0m [32mInvoking command in '/home/duy/cocarry_ws/build/kinect2_bridge': CMAKE_PREFIX_PATH=/home/duy/cocarry_ws/install/kinect2_registration:/home/duy/cocarry_ws/install/hrc_bringup:/home/duy/cocarry_ws/install/trac_ik:/home/duy/cocarry_ws/install/trac_ik_kinematics:/home/duy/cocarry_ws/install/trac_ik_lib:/home/duy/cocarry_ws/install/motoros2_client_interface_dependencies:/home/duy/cocarry_ws/install/hc10dtp_simulation:/home/duy/cocarry_ws/install/motoros2_interfaces:/home/duy/cocarry_ws/install/hc10dtp_bringup:/home/duy/cocarry_ws/install/hc10dtp_moveit_config:/home/duy/cocarry_ws/install/motoman_hc10dtp_support:/home/duy/cocarry_ws/install/motoman_gp4_support:/home/duy/cocarry_ws/install/motoman_resources:/home/duy/cocarry_ws/install/libfreenect2:/home/duy/cocarry_ws/install/kinect2_calibration:/home/duy/cocarry_ws/install/kinect2_bridge:/home/duy/cocarry_ws/install/industrial_msgs:/home/duy/cocarry_ws/install/trajectory_predictor:/home/duy/cocarry_ws/install/rula_tracker:/home/duy/cocarry_ws/install/realsense_tracker:/home/duy/cocarry_ws/install/predictor_ui:/home/duy/cocarry_ws/install/experiment_logger:/home/duy/cocarry_ws/install/coord_transform:/opt/ros/humble:/home/duy/cocarry_ws/install/human_hand_msgs /usr/bin/cmake --build /home/duy/cocarry_ws/build/kinect2_bridge -- -j16 -l16[0m
[1.200s] [34mcolcon.colcon_core.event_handler.log_command[0m [1;30mDEBUG[0m [32mInvoking command in '/home/duy/cocarry_ws/build/trac_ik_kinematics': CMAKE_PREFIX_PATH=/home/duy/cocarry_ws/install/trac_ik_lib:/home/duy/cocarry_ws/install/hrc_bringup:/home/duy/cocarry_ws/install/trac_ik:/home/duy/cocarry_ws/install/trac_ik_kinematics:/home/duy/cocarry_ws/install/motoros2_client_interface_dependencies:/home/duy/cocarry_ws/install/hc10dtp_simulation:/home/duy/cocarry_ws/install/motoros2_interfaces:/home/duy/cocarry_ws/install/hc10dtp_bringup:/home/duy/cocarry_ws/install/hc10dtp_moveit_config:/home/duy/cocarry_ws/install/motoman_hc10dtp_support:/home/duy/cocarry_ws/install/motoman_gp4_support:/home/duy/cocarry_ws/install/motoman_resources:/home/duy/cocarry_ws/install/libfreenect2:/home/duy/cocarry_ws/install/kinect2_calibration:/home/duy/cocarry_ws/install/kinect2_bridge:/home/duy/cocarry_ws/install/kinect2_registration:/home/duy/cocarry_ws/install/industrial_msgs:/home/duy/cocarry_ws/install/trajectory_predictor:/home/duy/cocarry_ws/install/rula_tracker:/home/duy/cocarry_ws/install/realsense_tracker:/home/duy/cocarry_ws/install/predictor_ui:/home/duy/cocarry_ws/install/experiment_logger:/home/duy/cocarry_ws/install/coord_transform:/opt/ros/humble:/home/duy/cocarry_ws/install/human_hand_msgs LD_LIBRARY_PATH=/home/duy/cocarry_ws/install/trac_ik_lib/lib:/home/duy/cocarry_ws/install/trac_ik_kinematics/lib:/home/duy/cocarry_ws/install/motoros2_interfaces/lib:/home/duy/cocarry_ws/install/libfreenect2/lib:/home/duy/cocarry_ws/install/kinect2_registration/lib:/home/duy/cocarry_ws/install/industrial_msgs/lib:/home/duy/cocarry_ws/install/human_hand_msgs/lib:/usr/local/lib/nuitrack:/usr/lib/x86_64-linux-gnu/gazebo-11/plugins:/opt/ros/humble/opt/rviz_ogre_vendor/lib:/opt/ros/humble/lib/x86_64-linux-gnu:/opt/ros/humble/lib:/usr/local/lib/nuitrack /usr/bin/cmake --build /home/duy/cocarry_ws/build/trac_ik_kinematics -- -j16 -l16[0m
[1.205s] [34mcolcon.colcon_core.event_handler.log_command[0m [1;30mDEBUG[0m [32mInvoking command in '/home/duy/cocarry_ws/build/motoman_gp4_support': CMAKE_PREFIX_PATH=/home/duy/cocarry_ws/install/motoman_resources:/home/duy/cocarry_ws/install/hrc_bringup:/home/duy/cocarry_ws/install/trac_ik:/home/duy/cocarry_ws/install/trac_ik_kinematics:/home/duy/cocarry_ws/install/trac_ik_lib:/home/duy/cocarry_ws/install/motoros2_client_interface_dependencies:/home/duy/cocarry_ws/install/hc10dtp_simulation:/home/duy/cocarry_ws/install/motoros2_interfaces:/home/duy/cocarry_ws/install/hc10dtp_bringup:/home/duy/cocarry_ws/install/hc10dtp_moveit_config:/home/duy/cocarry_ws/install/motoman_hc10dtp_support:/home/duy/cocarry_ws/install/motoman_gp4_support:/home/duy/cocarry_ws/install/libfreenect2:/home/duy/cocarry_ws/install/kinect2_calibration:/home/duy/cocarry_ws/install/kinect2_bridge:/home/duy/cocarry_ws/install/kinect2_registration:/home/duy/cocarry_ws/install/industrial_msgs:/home/duy/cocarry_ws/install/trajectory_predictor:/home/duy/cocarry_ws/install/rula_tracker:/home/duy/cocarry_ws/install/realsense_tracker:/home/duy/cocarry_ws/install/predictor_ui:/home/duy/cocarry_ws/install/experiment_logger:/home/duy/cocarry_ws/install/coord_transform:/opt/ros/humble:/home/duy/cocarry_ws/install/human_hand_msgs /usr/bin/cmake --build /home/duy/cocarry_ws/build/motoman_gp4_support -- -j16 -l16[0m
[1.440s] [34mcolcon.colcon_core.task.python.build[0m [1;30mINFO[0m Building Python package in '/home/duy/cocarry_ws/src/coord_transform'
[1.440s] [34mcolcon.colcon_core.shell[0m [1;30mINFO[0m Skip shell extension 'powershell' for command environment: Not usable outside of PowerShell
[1.440s] [34mcolcon.colcon_core.shell[0m [1;30mDEBUG[0m [32mSkip shell extension 'dsv' for command environment[0m
[1.664s] [34mcolcon.colcon_core.task.python.build[0m [1;30mINFO[0m Building Python package in '/home/duy/cocarry_ws/src/experiment_logger'
[1.665s] [34mcolcon.colcon_core.shell[0m [1;30mINFO[0m Skip shell extension 'powershell' for command environment: Not usable outside of PowerShell
[1.665s] [34mcolcon.colcon_core.shell[0m [1;30mDEBUG[0m [32mSkip shell extension 'dsv' for command environment[0m
[1.878s] [34mcolcon.colcon_core.task.python.build[0m [1;30mINFO[0m Building Python package in '/home/duy/cocarry_ws/src/predictor_ui'
[1.878s] [34mcolcon.colcon_core.shell[0m [1;30mINFO[0m Skip shell extension 'powershell' for command environment: Not usable outside of PowerShell
[1.878s] [34mcolcon.colcon_core.shell[0m [1;30mDEBUG[0m [32mSkip shell extension 'dsv' for command environment[0m
[2.071s] [34mcolcon.colcon_core.task.python.build[0m [1;30mINFO[0m Building Python package in '/home/duy/cocarry_ws/src/realsense_tracker'
[2.071s] [34mcolcon.colcon_core.shell[0m [1;30mINFO[0m Skip shell extension 'powershell' for command environment: Not usable outside of PowerShell
[2.071s] [34mcolcon.colcon_core.shell[0m [1;30mDEBUG[0m [32mSkip shell extension 'dsv' for command environment[0m
[2.281s] [34mcolcon.colcon_core.task.python.build[0m [1;30mINFO[0m Building Python package in '/home/duy/cocarry_ws/src/trajectory_predictor'
[2.281s] [34mcolcon.colcon_core.shell[0m [1;30mINFO[0m Skip shell extension 'powershell' for command environment: Not usable outside of PowerShell
[2.281s] [34mcolcon.colcon_core.shell[0m [1;30mDEBUG[0m [32mSkip shell extension 'dsv' for command environment[0m
[2.287s] [34mcolcon.colcon_core.environment[0m [1;30mLevel 1[0m create_environment_scripts_only(motoros2_interfaces)
[2.287s] [34mcolcon.colcon_core.environment[0m [1;30mLevel 1[0m checking '/home/duy/cocarry_ws/install/motoros2_interfaces' for CMake module files
[2.288s] [34mcolcon.colcon_core.event_handler.log_command[0m [1;30mDEBUG[0m [32mInvoked command in '/home/duy/cocarry_ws/build/motoros2_interfaces' returned '0': CMAKE_PREFIX_PATH=/home/duy/cocarry_ws/install/hrc_bringup:/home/duy/cocarry_ws/install/trac_ik:/home/duy/cocarry_ws/install/trac_ik_kinematics:/home/duy/cocarry_ws/install/trac_ik_lib:/home/duy/cocarry_ws/install/motoros2_client_interface_dependencies:/home/duy/cocarry_ws/install/hc10dtp_simulation:/home/duy/cocarry_ws/install/motoros2_interfaces:/home/duy/cocarry_ws/install/hc10dtp_bringup:/home/duy/cocarry_ws/install/hc10dtp_moveit_config:/home/duy/cocarry_ws/install/motoman_hc10dtp_support:/home/duy/cocarry_ws/install/motoman_gp4_support:/home/duy/cocarry_ws/install/motoman_resources:/home/duy/cocarry_ws/install/libfreenect2:/home/duy/cocarry_ws/install/kinect2_calibration:/home/duy/cocarry_ws/install/kinect2_bridge:/home/duy/cocarry_ws/install/kinect2_registration:/home/duy/cocarry_ws/install/industrial_msgs:/home/duy/cocarry_ws/install/trajectory_predictor:/home/duy/cocarry_ws/install/rula_tracker:/home/duy/cocarry_ws/install/realsense_tracker:/home/duy/cocarry_ws/install/predictor_ui:/home/duy/cocarry_ws/install/experiment_logger:/home/duy/cocarry_ws/install/coord_transform:/opt/ros/humble:/home/duy/cocarry_ws/install/human_hand_msgs /usr/bin/cmake --install /home/duy/cocarry_ws/build/motoros2_interfaces[0m
[2.288s] [34mcolcon.colcon_core.environment[0m [1;30mLevel 1[0m checking '/home/duy/cocarry_ws/install/motoros2_interfaces' for CMake config files
[2.291s] [34mcolcon.colcon_core.shell[0m [1;30mLevel 1[0m create_environment_hook('motoros2_interfaces', 'cmake_prefix_path')
[2.291s] [34mcolcon.colcon_core.shell[0m [1;30mINFO[0m Creating environment hook '/home/duy/cocarry_ws/install/motoros2_interfaces/share/motoros2_interfaces/hook/cmake_prefix_path.ps1'
[2.292s] [34mcolcon.colcon_core.shell[0m [1;30mINFO[0m Creating environment descriptor '/home/duy/cocarry_ws/install/motoros2_interfaces/share/motoros2_interfaces/hook/cmake_prefix_path.dsv'
[2.292s] [34mcolcon.colcon_core.shell[0m [1;30mINFO[0m Creating environment hook '/home/duy/cocarry_ws/install/motoros2_interfaces/share/motoros2_interfaces/hook/cmake_prefix_path.sh'
[2.292s] [34mcolcon.colcon_core.environment[0m [1;30mLevel 1[0m checking '/home/duy/cocarry_ws/install/motoros2_interfaces/lib'
[2.292s] [34mcolcon.colcon_core.shell[0m [1;30mLevel 1[0m create_environment_hook('motoros2_interfaces', 'ld_library_path_lib')
[2.293s] [34mcolcon.colcon_core.shell[0m [1;30mINFO[0m Creating environment hook '/home/duy/cocarry_ws/install/motoros2_interfaces/share/motoros2_interfaces/hook/ld_library_path_lib.ps1'
[2.293s] [34mcolcon.colcon_core.shell[0m [1;30mINFO[0m Creating environment descriptor '/home/duy/cocarry_ws/install/motoros2_interfaces/share/motoros2_interfaces/hook/ld_library_path_lib.dsv'
[2.293s] [34mcolcon.colcon_core.shell[0m [1;30mINFO[0m Creating environment hook '/home/duy/cocarry_ws/install/motoros2_interfaces/share/motoros2_interfaces/hook/ld_library_path_lib.sh'
[2.293s] [34mcolcon.colcon_core.environment[0m [1;30mLevel 1[0m checking '/home/duy/cocarry_ws/install/motoros2_interfaces/bin'
[2.293s] [34mcolcon.colcon_core.environment[0m [1;30mLevel 1[0m checking '/home/duy/cocarry_ws/install/motoros2_interfaces/lib/pkgconfig/motoros2_interfaces.pc'
[2.293s] [34mcolcon.colcon_core.environment[0m [1;30mLevel 1[0m checking '/home/duy/cocarry_ws/install/motoros2_interfaces/lib/python3.10/site-packages'
[2.294s] [34mcolcon.colcon_core.environment[0m [1;30mLevel 1[0m checking '/home/duy/cocarry_ws/install/motoros2_interfaces/bin'
[2.294s] [34mcolcon.colcon_core.shell[0m [1;30mINFO[0m Creating package script '/home/duy/cocarry_ws/install/motoros2_interfaces/share/motoros2_interfaces/package.ps1'
[2.294s] [34mcolcon.colcon_core.shell[0m [1;30mINFO[0m Creating package descriptor '/home/duy/cocarry_ws/install/motoros2_interfaces/share/motoros2_interfaces/package.dsv'
[2.294s] [34mcolcon.colcon_core.shell[0m [1;30mINFO[0m Creating package script '/home/duy/cocarry_ws/install/motoros2_interfaces/share/motoros2_interfaces/package.sh'
[2.295s] [34mcolcon.colcon_core.shell[0m [1;30mINFO[0m Creating package script '/home/duy/cocarry_ws/install/motoros2_interfaces/share/motoros2_interfaces/package.bash'
[2.295s] [34mcolcon.colcon_core.shell[0m [1;30mINFO[0m Creating package script '/home/duy/cocarry_ws/install/motoros2_interfaces/share/motoros2_interfaces/package.zsh'
[2.295s] [34mcolcon.colcon_core.environment[0m [1;30mLevel 1[0m create_file_with_runtime_dependencies(/home/duy/cocarry_ws/install/motoros2_interfaces/share/colcon-core/packages/motoros2_interfaces)
[2.296s] [34mcolcon.colcon_core.environment[0m [1;30mLevel 1[0m create_environment_scripts_only(motoros2_interfaces)
[2.296s] [34mcolcon.colcon_core.environment[0m [1;30mLevel 1[0m checking '/home/duy/cocarry_ws/install/motoros2_interfaces' for CMake module files
[2.296s] [34mcolcon.colcon_core.environment[0m [1;30mLevel 1[0m checking '/home/duy/cocarry_ws/install/motoros2_interfaces' for CMake config files
[2.298s] [34mcolcon.colcon_core.shell[0m [1;30mLevel 1[0m create_environment_hook('motoros2_interfaces', 'cmake_prefix_path')
[2.298s] [34mcolcon.colcon_core.shell[0m [1;30mINFO[0m Creating environment hook '/home/duy/cocarry_ws/install/motoros2_interfaces/share/motoros2_interfaces/hook/cmake_prefix_path.ps1'
[2.298s] [34mcolcon.colcon_core.shell[0m [1;30mINFO[0m Creating environment descriptor '/home/duy/cocarry_ws/install/motoros2_interfaces/share/motoros2_interfaces/hook/cmake_prefix_path.dsv'
[2.298s] [34mcolcon.colcon_core.shell[0m [1;30mINFO[0m Creating environment hook '/home/duy/cocarry_ws/install/motoros2_interfaces/share/motoros2_interfaces/hook/cmake_prefix_path.sh'
[2.299s] [34mcolcon.colcon_core.environment[0m [1;30mLevel 1[0m checking '/home/duy/cocarry_ws/install/motoros2_interfaces/lib'
[2.299s] [34mcolcon.colcon_core.shell[0m [1;30mLevel 1[0m create_environment_hook('motoros2_interfaces', 'ld_library_path_lib')
[2.299s] [34mcolcon.colcon_core.shell[0m [1;30mINFO[0m Creating environment hook '/home/duy/cocarry_ws/install/motoros2_interfaces/share/motoros2_interfaces/hook/ld_library_path_lib.ps1'
[2.299s] [34mcolcon.colcon_core.shell[0m [1;30mINFO[0m Creating environment descriptor '/home/duy/cocarry_ws/install/motoros2_interfaces/share/motoros2_interfaces/hook/ld_library_path_lib.dsv'
[2.299s] [34mcolcon.colcon_core.shell[0m [1;30mINFO[0m Creating environment hook '/home/duy/cocarry_ws/install/motoros2_interfaces/share/motoros2_interfaces/hook/ld_library_path_lib.sh'
[2.300s] [34mcolcon.colcon_core.environment[0m [1;30mLevel 1[0m checking '/home/duy/cocarry_ws/install/motoros2_interfaces/bin'
[2.300s] [34mcolcon.colcon_core.environment[0m [1;30mLevel 1[0m checking '/home/duy/cocarry_ws/install/motoros2_interfaces/lib/pkgconfig/motoros2_interfaces.pc'
[2.300s] [34mcolcon.colcon_core.environment[0m [1;30mLevel 1[0m checking '/home/duy/cocarry_ws/install/motoros2_interfaces/lib/python3.10/site-packages'
[2.300s] [34mcolcon.colcon_core.environment[0m [1;30mLevel 1[0m checking '/home/duy/cocarry_ws/install/motoros2_interfaces/bin'
[2.300s] [34mcolcon.colcon_core.shell[0m [1;30mINFO[0m Creating package script '/home/duy/cocarry_ws/install/motoros2_interfaces/share/motoros2_interfaces/package.ps1'
[2.301s] [34mcolcon.colcon_core.shell[0m [1;30mINFO[0m Creating package descriptor '/home/duy/cocarry_ws/install/motoros2_interfaces/share/motoros2_interfaces/package.dsv'
[2.301s] [34mcolcon.colcon_core.shell[0m [1;30mINFO[0m Creating package script '/home/duy/cocarry_ws/install/motoros2_interfaces/share/motoros2_interfaces/package.sh'
[2.301s] [34mcolcon.colcon_core.shell[0m [1;30mINFO[0m Creating package script '/home/duy/cocarry_ws/install/motoros2_interfaces/share/motoros2_interfaces/package.bash'
[2.301s] [34mcolcon.colcon_core.shell[0m [1;30mINFO[0m Creating package script '/home/duy/cocarry_ws/install/motoros2_interfaces/share/motoros2_interfaces/package.zsh'
[2.302s] [34mcolcon.colcon_core.environment[0m [1;30mLevel 1[0m create_file_with_runtime_dependencies(/home/duy/cocarry_ws/install/motoros2_interfaces/share/colcon-core/packages/motoros2_interfaces)
[2.304s] [34mcolcon.colcon_core.event_handler.log_command[0m [1;30mDEBUG[0m [32mInvoked command in '/home/duy/cocarry_ws/build/motoman_gp4_support' returned '0': CMAKE_PREFIX_PATH=/home/duy/cocarry_ws/install/motoman_resources:/home/duy/cocarry_ws/install/hrc_bringup:/home/duy/cocarry_ws/install/trac_ik:/home/duy/cocarry_ws/install/trac_ik_kinematics:/home/duy/cocarry_ws/install/trac_ik_lib:/home/duy/cocarry_ws/install/motoros2_client_interface_dependencies:/home/duy/cocarry_ws/install/hc10dtp_simulation:/home/duy/cocarry_ws/install/motoros2_interfaces:/home/duy/cocarry_ws/install/hc10dtp_bringup:/home/duy/cocarry_ws/install/hc10dtp_moveit_config:/home/duy/cocarry_ws/install/motoman_hc10dtp_support:/home/duy/cocarry_ws/install/motoman_gp4_support:/home/duy/cocarry_ws/install/libfreenect2:/home/duy/cocarry_ws/install/kinect2_calibration:/home/duy/cocarry_ws/install/kinect2_bridge:/home/duy/cocarry_ws/install/kinect2_registration:/home/duy/cocarry_ws/install/industrial_msgs:/home/duy/cocarry_ws/install/trajectory_predictor:/home/duy/cocarry_ws/install/rula_tracker:/home/duy/cocarry_ws/install/realsense_tracker:/home/duy/cocarry_ws/install/predictor_ui:/home/duy/cocarry_ws/install/experiment_logger:/home/duy/cocarry_ws/install/coord_transform:/opt/ros/humble:/home/duy/cocarry_ws/install/human_hand_msgs /usr/bin/cmake --build /home/duy/cocarry_ws/build/motoman_gp4_support -- -j16 -l16[0m
[2.305s] [34mcolcon.colcon_core.event_handler.log_command[0m [1;30mDEBUG[0m [32mInvoking command in '/home/duy/cocarry_ws/build/motoman_gp4_support': CMAKE_PREFIX_PATH=/home/duy/cocarry_ws/install/motoman_resources:/home/duy/cocarry_ws/install/hrc_bringup:/home/duy/cocarry_ws/install/trac_ik:/home/duy/cocarry_ws/install/trac_ik_kinematics:/home/duy/cocarry_ws/install/trac_ik_lib:/home/duy/cocarry_ws/install/motoros2_client_interface_dependencies:/home/duy/cocarry_ws/install/hc10dtp_simulation:/home/duy/cocarry_ws/install/motoros2_interfaces:/home/duy/cocarry_ws/install/hc10dtp_bringup:/home/duy/cocarry_ws/install/hc10dtp_moveit_config:/home/duy/cocarry_ws/install/motoman_hc10dtp_support:/home/duy/cocarry_ws/install/motoman_gp4_support:/home/duy/cocarry_ws/install/libfreenect2:/home/duy/cocarry_ws/install/kinect2_calibration:/home/duy/cocarry_ws/install/kinect2_bridge:/home/duy/cocarry_ws/install/kinect2_registration:/home/duy/cocarry_ws/install/industrial_msgs:/home/duy/cocarry_ws/install/trajectory_predictor:/home/duy/cocarry_ws/install/rula_tracker:/home/duy/cocarry_ws/install/realsense_tracker:/home/duy/cocarry_ws/install/predictor_ui:/home/duy/cocarry_ws/install/experiment_logger:/home/duy/cocarry_ws/install/coord_transform:/opt/ros/humble:/home/duy/cocarry_ws/install/human_hand_msgs /usr/bin/cmake --install /home/duy/cocarry_ws/build/motoman_gp4_support[0m
[2.306s] [34mcolcon.colcon_core.event_handler.log_command[0m [1;30mDEBUG[0m [32mInvoked command in '/home/duy/cocarry_ws/build/motoman_hc10dtp_support' returned '0': CMAKE_PREFIX_PATH=/home/duy/cocarry_ws/install/motoman_resources:/home/duy/cocarry_ws/install/hrc_bringup:/home/duy/cocarry_ws/install/trac_ik:/home/duy/cocarry_ws/install/trac_ik_kinematics:/home/duy/cocarry_ws/install/trac_ik_lib:/home/duy/cocarry_ws/install/motoros2_client_interface_dependencies:/home/duy/cocarry_ws/install/hc10dtp_simulation:/home/duy/cocarry_ws/install/motoros2_interfaces:/home/duy/cocarry_ws/install/hc10dtp_bringup:/home/duy/cocarry_ws/install/hc10dtp_moveit_config:/home/duy/cocarry_ws/install/motoman_hc10dtp_support:/home/duy/cocarry_ws/install/motoman_gp4_support:/home/duy/cocarry_ws/install/libfreenect2:/home/duy/cocarry_ws/install/kinect2_calibration:/home/duy/cocarry_ws/install/kinect2_bridge:/home/duy/cocarry_ws/install/kinect2_registration:/home/duy/cocarry_ws/install/industrial_msgs:/home/duy/cocarry_ws/install/trajectory_predictor:/home/duy/cocarry_ws/install/rula_tracker:/home/duy/cocarry_ws/install/realsense_tracker:/home/duy/cocarry_ws/install/predictor_ui:/home/duy/cocarry_ws/install/experiment_logger:/home/duy/cocarry_ws/install/coord_transform:/opt/ros/humble:/home/duy/cocarry_ws/install/human_hand_msgs /usr/bin/cmake --build /home/duy/cocarry_ws/build/motoman_hc10dtp_support -- -j16 -l16[0m
[2.306s] [34mcolcon.colcon_core.event_handler.log_command[0m [1;30mDEBUG[0m [32mInvoking command in '/home/duy/cocarry_ws/build/motoman_hc10dtp_support': CMAKE_PREFIX_PATH=/home/duy/cocarry_ws/install/motoman_resources:/home/duy/cocarry_ws/install/hrc_bringup:/home/duy/cocarry_ws/install/trac_ik:/home/duy/cocarry_ws/install/trac_ik_kinematics:/home/duy/cocarry_ws/install/trac_ik_lib:/home/duy/cocarry_ws/install/motoros2_client_interface_dependencies:/home/duy/cocarry_ws/install/hc10dtp_simulation:/home/duy/cocarry_ws/install/motoros2_interfaces:/home/duy/cocarry_ws/install/hc10dtp_bringup:/home/duy/cocarry_ws/install/hc10dtp_moveit_config:/home/duy/cocarry_ws/install/motoman_hc10dtp_support:/home/duy/cocarry_ws/install/motoman_gp4_support:/home/duy/cocarry_ws/install/libfreenect2:/home/duy/cocarry_ws/install/kinect2_calibration:/home/duy/cocarry_ws/install/kinect2_bridge:/home/duy/cocarry_ws/install/kinect2_registration:/home/duy/cocarry_ws/install/industrial_msgs:/home/duy/cocarry_ws/install/trajectory_predictor:/home/duy/cocarry_ws/install/rula_tracker:/home/duy/cocarry_ws/install/realsense_tracker:/home/duy/cocarry_ws/install/predictor_ui:/home/duy/cocarry_ws/install/experiment_logger:/home/duy/cocarry_ws/install/coord_transform:/opt/ros/humble:/home/duy/cocarry_ws/install/human_hand_msgs /usr/bin/cmake --install /home/duy/cocarry_ws/build/motoman_hc10dtp_support[0m
[2.307s] [34mcolcon.colcon_core.event_handler.log_command[0m [1;30mDEBUG[0m [32mInvoking command in '/home/duy/cocarry_ws/src/rula_tracker': PYTHONPATH=/home/duy/cocarry_ws/build/rula_tracker/prefix_override:/usr/lib/python3/dist-packages/colcon_core/task/python/colcon_distutils_commands:/home/duy/cocarry_ws/install/rula_tracker/lib/python3.10/site-packages:${PYTHONPATH} /usr/bin/python3 -W ignore:setup.py install is deprecated -W ignore:easy_install command is deprecated setup.py egg_info --egg-base ../../build/rula_tracker build --build-base /home/duy/cocarry_ws/build/rula_tracker/build install --record /home/duy/cocarry_ws/build/rula_tracker/install.log --single-version-externally-managed install_data[0m
[2.308s] [34mcolcon.colcon_core.event_handler.log_command[0m [1;30mDEBUG[0m [32mInvoked command in '/home/duy/cocarry_ws/build/trac_ik_kinematics' returned '0': CMAKE_PREFIX_PATH=/home/duy/cocarry_ws/install/trac_ik_lib:/home/duy/cocarry_ws/install/hrc_bringup:/home/duy/cocarry_ws/install/trac_ik:/home/duy/cocarry_ws/install/trac_ik_kinematics:/home/duy/cocarry_ws/install/motoros2_client_interface_dependencies:/home/duy/cocarry_ws/install/hc10dtp_simulation:/home/duy/cocarry_ws/install/motoros2_interfaces:/home/duy/cocarry_ws/install/hc10dtp_bringup:/home/duy/cocarry_ws/install/hc10dtp_moveit_config:/home/duy/cocarry_ws/install/motoman_hc10dtp_support:/home/duy/cocarry_ws/install/motoman_gp4_support:/home/duy/cocarry_ws/install/motoman_resources:/home/duy/cocarry_ws/install/libfreenect2:/home/duy/cocarry_ws/install/kinect2_calibration:/home/duy/cocarry_ws/install/kinect2_bridge:/home/duy/cocarry_ws/install/kinect2_registration:/home/duy/cocarry_ws/install/industrial_msgs:/home/duy/cocarry_ws/install/trajectory_predictor:/home/duy/cocarry_ws/install/rula_tracker:/home/duy/cocarry_ws/install/realsense_tracker:/home/duy/cocarry_ws/install/predictor_ui:/home/duy/cocarry_ws/install/experiment_logger:/home/duy/cocarry_ws/install/coord_transform:/opt/ros/humble:/home/duy/cocarry_ws/install/human_hand_msgs LD_LIBRARY_PATH=/home/duy/cocarry_ws/install/trac_ik_lib/lib:/home/duy/cocarry_ws/install/trac_ik_kinematics/lib:/home/duy/cocarry_ws/install/motoros2_interfaces/lib:/home/duy/cocarry_ws/install/libfreenect2/lib:/home/duy/cocarry_ws/install/kinect2_registration/lib:/home/duy/cocarry_ws/install/industrial_msgs/lib:/home/duy/cocarry_ws/install/human_hand_msgs/lib:/usr/local/lib/nuitrack:/usr/lib/x86_64-linux-gnu/gazebo-11/plugins:/opt/ros/humble/opt/rviz_ogre_vendor/lib:/opt/ros/humble/lib/x86_64-linux-gnu:/opt/ros/humble/lib:/usr/local/lib/nuitrack /usr/bin/cmake --build /home/duy/cocarry_ws/build/trac_ik_kinematics -- -j16 -l16[0m
[2.309s] [34mcolcon.colcon_core.event_handler.log_command[0m [1;30mDEBUG[0m [32mInvoking command in '/home/duy/cocarry_ws/build/trac_ik_kinematics': CMAKE_PREFIX_PATH=/home/duy/cocarry_ws/install/trac_ik_lib:/home/duy/cocarry_ws/install/hrc_bringup:/home/duy/cocarry_ws/install/trac_ik:/home/duy/cocarry_ws/install/trac_ik_kinematics:/home/duy/cocarry_ws/install/motoros2_client_interface_dependencies:/home/duy/cocarry_ws/install/hc10dtp_simulation:/home/duy/cocarry_ws/install/motoros2_interfaces:/home/duy/cocarry_ws/install/hc10dtp_bringup:/home/duy/cocarry_ws/install/hc10dtp_moveit_config:/home/duy/cocarry_ws/install/motoman_hc10dtp_support:/home/duy/cocarry_ws/install/motoman_gp4_support:/home/duy/cocarry_ws/install/motoman_resources:/home/duy/cocarry_ws/install/libfreenect2:/home/duy/cocarry_ws/install/kinect2_calibration:/home/duy/cocarry_ws/install/kinect2_bridge:/home/duy/cocarry_ws/install/kinect2_registration:/home/duy/cocarry_ws/install/industrial_msgs:/home/duy/cocarry_ws/install/trajectory_predictor:/home/duy/cocarry_ws/install/rula_tracker:/home/duy/cocarry_ws/install/realsense_tracker:/home/duy/cocarry_ws/install/predictor_ui:/home/duy/cocarry_ws/install/experiment_logger:/home/duy/cocarry_ws/install/coord_transform:/opt/ros/humble:/home/duy/cocarry_ws/install/human_hand_msgs LD_LIBRARY_PATH=/home/duy/cocarry_ws/install/trac_ik_lib/lib:/home/duy/cocarry_ws/install/trac_ik_kinematics/lib:/home/duy/cocarry_ws/install/motoros2_interfaces/lib:/home/duy/cocarry_ws/install/libfreenect2/lib:/home/duy/cocarry_ws/install/kinect2_registration/lib:/home/duy/cocarry_ws/install/industrial_msgs/lib:/home/duy/cocarry_ws/install/human_hand_msgs/lib:/usr/local/lib/nuitrack:/usr/lib/x86_64-linux-gnu/gazebo-11/plugins:/opt/ros/humble/opt/rviz_ogre_vendor/lib:/opt/ros/humble/lib/x86_64-linux-gnu:/opt/ros/humble/lib:/usr/local/lib/nuitrack /usr/bin/cmake --install /home/duy/cocarry_ws/build/trac_ik_kinematics[0m
[2.310s] [34mcolcon.colcon_core.event_handler.log_command[0m [1;30mDEBUG[0m [32mInvoked command in '/home/duy/cocarry_ws/build/kinect2_bridge' returned '0': CMAKE_PREFIX_PATH=/home/duy/cocarry_ws/install/kinect2_registration:/home/duy/cocarry_ws/install/hrc_bringup:/home/duy/cocarry_ws/install/trac_ik:/home/duy/cocarry_ws/install/trac_ik_kinematics:/home/duy/cocarry_ws/install/trac_ik_lib:/home/duy/cocarry_ws/install/motoros2_client_interface_dependencies:/home/duy/cocarry_ws/install/hc10dtp_simulation:/home/duy/cocarry_ws/install/motoros2_interfaces:/home/duy/cocarry_ws/install/hc10dtp_bringup:/home/duy/cocarry_ws/install/hc10dtp_moveit_config:/home/duy/cocarry_ws/install/motoman_hc10dtp_support:/home/duy/cocarry_ws/install/motoman_gp4_support:/home/duy/cocarry_ws/install/motoman_resources:/home/duy/cocarry_ws/install/libfreenect2:/home/duy/cocarry_ws/install/kinect2_calibration:/home/duy/cocarry_ws/install/kinect2_bridge:/home/duy/cocarry_ws/install/industrial_msgs:/home/duy/cocarry_ws/install/trajectory_predictor:/home/duy/cocarry_ws/install/rula_tracker:/home/duy/cocarry_ws/install/realsense_tracker:/home/duy/cocarry_ws/install/predictor_ui:/home/duy/cocarry_ws/install/experiment_logger:/home/duy/cocarry_ws/install/coord_transform:/opt/ros/humble:/home/duy/cocarry_ws/install/human_hand_msgs /usr/bin/cmake --build /home/duy/cocarry_ws/build/kinect2_bridge -- -j16 -l16[0m
[2.311s] [34mcolcon.colcon_core.event_handler.log_command[0m [1;30mDEBUG[0m [32mInvoking command in '/home/duy/cocarry_ws/build/kinect2_bridge': CMAKE_PREFIX_PATH=/home/duy/cocarry_ws/install/kinect2_registration:/home/duy/cocarry_ws/install/hrc_bringup:/home/duy/cocarry_ws/install/trac_ik:/home/duy/cocarry_ws/install/trac_ik_kinematics:/home/duy/cocarry_ws/install/trac_ik_lib:/home/duy/cocarry_ws/install/motoros2_client_interface_dependencies:/home/duy/cocarry_ws/install/hc10dtp_simulation:/home/duy/cocarry_ws/install/motoros2_interfaces:/home/duy/cocarry_ws/install/hc10dtp_bringup:/home/duy/cocarry_ws/install/hc10dtp_moveit_config:/home/duy/cocarry_ws/install/motoman_hc10dtp_support:/home/duy/cocarry_ws/install/motoman_gp4_support:/home/duy/cocarry_ws/install/motoman_resources:/home/duy/cocarry_ws/install/libfreenect2:/home/duy/cocarry_ws/install/kinect2_calibration:/home/duy/cocarry_ws/install/kinect2_bridge:/home/duy/cocarry_ws/install/industrial_msgs:/home/duy/cocarry_ws/install/trajectory_predictor:/home/duy/cocarry_ws/install/rula_tracker:/home/duy/cocarry_ws/install/realsense_tracker:/home/duy/cocarry_ws/install/predictor_ui:/home/duy/cocarry_ws/install/experiment_logger:/home/duy/cocarry_ws/install/coord_transform:/opt/ros/humble:/home/duy/cocarry_ws/install/human_hand_msgs /usr/bin/cmake --install /home/duy/cocarry_ws/build/kinect2_bridge[0m
[2.311s] [34mcolcon.colcon_ros.task.ament_cmake.build[0m [1;30mINFO[0m Building ROS package in '/home/duy/cocarry_ws/src/motoros2_client_interface_dependencies' with build type 'ament_cmake'
[2.311s] [34mcolcon.colcon_cmake.task.cmake.build[0m [1;30mINFO[0m Building CMake package in '/home/duy/cocarry_ws/src/motoros2_client_interface_dependencies'
[2.312s] [34mcolcon.colcon_core.shell[0m [1;30mINFO[0m Skip shell extension 'powershell' for command environment: Not usable outside of PowerShell
[2.312s] [34mcolcon.colcon_core.shell[0m [1;30mDEBUG[0m [32mSkip shell extension 'dsv' for command environment[0m
[2.334s] [34mcolcon.colcon_core.environment[0m [1;30mLevel 1[0m create_environment_scripts_only(motoman_hc10dtp_support)
[2.334s] [34mcolcon.colcon_core.environment[0m [1;30mLevel 1[0m checking '/home/duy/cocarry_ws/install/motoman_hc10dtp_support' for CMake module files
[2.337s] [34mcolcon.colcon_core.environment[0m [1;30mLevel 1[0m checking '/home/duy/cocarry_ws/install/motoman_hc10dtp_support' for CMake config files
[2.338s] [34mcolcon.colcon_core.shell[0m [1;30mLevel 1[0m create_environment_hook('motoman_hc10dtp_support', 'cmake_prefix_path')
[2.339s] [34mcolcon.colcon_core.shell[0m [1;30mINFO[0m Creating environment hook '/home/duy/cocarry_ws/install/motoman_hc10dtp_support/share/motoman_hc10dtp_support/hook/cmake_prefix_path.ps1'
[2.340s] [34mcolcon.colcon_core.event_handler.log_command[0m [1;30mDEBUG[0m [32mInvoked command in '/home/duy/cocarry_ws/build/motoman_hc10dtp_support' returned '0': CMAKE_PREFIX_PATH=/home/duy/cocarry_ws/install/motoman_resources:/home/duy/cocarry_ws/install/hrc_bringup:/home/duy/cocarry_ws/install/trac_ik:/home/duy/cocarry_ws/install/trac_ik_kinematics:/home/duy/cocarry_ws/install/trac_ik_lib:/home/duy/cocarry_ws/install/motoros2_client_interface_dependencies:/home/duy/cocarry_ws/install/hc10dtp_simulation:/home/duy/cocarry_ws/install/motoros2_interfaces:/home/duy/cocarry_ws/install/hc10dtp_bringup:/home/duy/cocarry_ws/install/hc10dtp_moveit_config:/home/duy/cocarry_ws/install/motoman_hc10dtp_support:/home/duy/cocarry_ws/install/motoman_gp4_support:/home/duy/cocarry_ws/install/libfreenect2:/home/duy/cocarry_ws/install/kinect2_calibration:/home/duy/cocarry_ws/install/kinect2_bridge:/home/duy/cocarry_ws/install/kinect2_registration:/home/duy/cocarry_ws/install/industrial_msgs:/home/duy/cocarry_ws/install/trajectory_predictor:/home/duy/cocarry_ws/install/rula_tracker:/home/duy/cocarry_ws/install/realsense_tracker:/home/duy/cocarry_ws/install/predictor_ui:/home/duy/cocarry_ws/install/experiment_logger:/home/duy/cocarry_ws/install/coord_transform:/opt/ros/humble:/home/duy/cocarry_ws/install/human_hand_msgs /usr/bin/cmake --install /home/duy/cocarry_ws/build/motoman_hc10dtp_support[0m
[2.340s] [34mcolcon.colcon_core.shell[0m [1;30mINFO[0m Creating environment descriptor '/home/duy/cocarry_ws/install/motoman_hc10dtp_support/share/motoman_hc10dtp_support/hook/cmake_prefix_path.dsv'
[2.340s] [34mcolcon.colcon_core.shell[0m [1;30mINFO[0m Creating environment hook '/home/duy/cocarry_ws/install/motoman_hc10dtp_support/share/motoman_hc10dtp_support/hook/cmake_prefix_path.sh'
[2.341s] [34mcolcon.colcon_core.environment[0m [1;30mLevel 1[0m checking '/home/duy/cocarry_ws/install/motoman_hc10dtp_support/bin'
[2.341s] [34mcolcon.colcon_core.environment[0m [1;30mLevel 1[0m checking '/home/duy/cocarry_ws/install/motoman_hc10dtp_support/lib/pkgconfig/motoman_hc10dtp_support.pc'
[2.341s] [34mcolcon.colcon_core.environment[0m [1;30mLevel 1[0m checking '/home/duy/cocarry_ws/install/motoman_hc10dtp_support/lib/python3.10/site-packages'
[2.342s] [34mcolcon.colcon_core.environment[0m [1;30mLevel 1[0m checking '/home/duy/cocarry_ws/install/motoman_hc10dtp_support/bin'
[2.342s] [34mcolcon.colcon_core.shell[0m [1;30mINFO[0m Creating package script '/home/duy/cocarry_ws/install/motoman_hc10dtp_support/share/motoman_hc10dtp_support/package.ps1'
[2.343s] [34mcolcon.colcon_core.shell[0m [1;30mINFO[0m Creating package descriptor '/home/duy/cocarry_ws/install/motoman_hc10dtp_support/share/motoman_hc10dtp_support/package.dsv'
[2.344s] [34mcolcon.colcon_core.shell[0m [1;30mINFO[0m Creating package script '/home/duy/cocarry_ws/install/motoman_hc10dtp_support/share/motoman_hc10dtp_support/package.sh'
[2.344s] [34mcolcon.colcon_core.shell[0m [1;30mINFO[0m Creating package script '/home/duy/cocarry_ws/install/motoman_hc10dtp_support/share/motoman_hc10dtp_support/package.bash'
[2.345s] [34mcolcon.colcon_core.shell[0m [1;30mINFO[0m Creating package script '/home/duy/cocarry_ws/install/motoman_hc10dtp_support/share/motoman_hc10dtp_support/package.zsh'
[2.345s] [34mcolcon.colcon_core.environment[0m [1;30mLevel 1[0m create_file_with_runtime_dependencies(/home/duy/cocarry_ws/install/motoman_hc10dtp_support/share/colcon-core/packages/motoman_hc10dtp_support)
[2.346s] [34mcolcon.colcon_core.environment[0m [1;30mLevel 1[0m create_environment_scripts_only(motoman_hc10dtp_support)
[2.346s] [34mcolcon.colcon_core.environment[0m [1;30mLevel 1[0m checking '/home/duy/cocarry_ws/install/motoman_hc10dtp_support' for CMake module files
[2.347s] [34mcolcon.colcon_core.environment[0m [1;30mLevel 1[0m checking '/home/duy/cocarry_ws/install/motoman_hc10dtp_support' for CMake config files
[2.347s] [34mcolcon.colcon_core.shell[0m [1;30mLevel 1[0m create_environment_hook('motoman_hc10dtp_support', 'cmake_prefix_path')
[2.347s] [34mcolcon.colcon_core.shell[0m [1;30mINFO[0m Creating environment hook '/home/duy/cocarry_ws/install/motoman_hc10dtp_support/share/motoman_hc10dtp_support/hook/cmake_prefix_path.ps1'
[2.348s] [34mcolcon.colcon_core.shell[0m [1;30mINFO[0m Creating environment descriptor '/home/duy/cocarry_ws/install/motoman_hc10dtp_support/share/motoman_hc10dtp_support/hook/cmake_prefix_path.dsv'
[2.349s] [34mcolcon.colcon_core.shell[0m [1;30mINFO[0m Creating environment hook '/home/duy/cocarry_ws/install/motoman_hc10dtp_support/share/motoman_hc10dtp_support/hook/cmake_prefix_path.sh'
[2.349s] [34mcolcon.colcon_core.environment[0m [1;30mLevel 1[0m checking '/home/duy/cocarry_ws/install/motoman_hc10dtp_support/bin'
[2.349s] [34mcolcon.colcon_core.environment[0m [1;30mLevel 1[0m checking '/home/duy/cocarry_ws/install/motoman_hc10dtp_support/lib/pkgconfig/motoman_hc10dtp_support.pc'
[2.350s] [34mcolcon.colcon_core.environment[0m [1;30mLevel 1[0m checking '/home/duy/cocarry_ws/install/motoman_hc10dtp_support/lib/python3.10/site-packages'
[2.350s] [34mcolcon.colcon_core.environment[0m [1;30mLevel 1[0m checking '/home/duy/cocarry_ws/install/motoman_hc10dtp_support/bin'
[2.351s] [34mcolcon.colcon_core.shell[0m [1;30mINFO[0m Creating package script '/home/duy/cocarry_ws/install/motoman_hc10dtp_support/share/motoman_hc10dtp_support/package.ps1'
[2.352s] [34mcolcon.colcon_core.shell[0m [1;30mINFO[0m Creating package descriptor '/home/duy/cocarry_ws/install/motoman_hc10dtp_support/share/motoman_hc10dtp_support/package.dsv'
[2.352s] [34mcolcon.colcon_core.shell[0m [1;30mINFO[0m Creating package script '/home/duy/cocarry_ws/install/motoman_hc10dtp_support/share/motoman_hc10dtp_support/package.sh'
[2.353s] [34mcolcon.colcon_core.shell[0m [1;30mINFO[0m Creating package script '/home/duy/cocarry_ws/install/motoman_hc10dtp_support/share/motoman_hc10dtp_support/package.bash'
[2.353s] [34mcolcon.colcon_core.shell[0m [1;30mINFO[0m Creating package script '/home/duy/cocarry_ws/install/motoman_hc10dtp_support/share/motoman_hc10dtp_support/package.zsh'
[2.354s] [34mcolcon.colcon_core.environment[0m [1;30mLevel 1[0m create_file_with_runtime_dependencies(/home/duy/cocarry_ws/install/motoman_hc10dtp_support/share/colcon-core/packages/motoman_hc10dtp_support)
[2.354s] [34mcolcon.colcon_core.environment[0m [1;30mLevel 1[0m create_environment_scripts_only(motoman_gp4_support)
[2.355s] [34mcolcon.colcon_core.environment[0m [1;30mLevel 1[0m checking '/home/duy/cocarry_ws/install/motoman_gp4_support' for CMake module files
[2.356s] [34mcolcon.colcon_core.event_handler.log_command[0m [1;30mDEBUG[0m [32mInvoked command in '/home/duy/cocarry_ws/build/motoman_gp4_support' returned '0': CMAKE_PREFIX_PATH=/home/duy/cocarry_ws/install/motoman_resources:/home/duy/cocarry_ws/install/hrc_bringup:/home/duy/cocarry_ws/install/trac_ik:/home/duy/cocarry_ws/install/trac_ik_kinematics:/home/duy/cocarry_ws/install/trac_ik_lib:/home/duy/cocarry_ws/install/motoros2_client_interface_dependencies:/home/duy/cocarry_ws/install/hc10dtp_simulation:/home/duy/cocarry_ws/install/motoros2_interfaces:/home/duy/cocarry_ws/install/hc10dtp_bringup:/home/duy/cocarry_ws/install/hc10dtp_moveit_config:/home/duy/cocarry_ws/install/motoman_hc10dtp_support:/home/duy/cocarry_ws/install/motoman_gp4_support:/home/duy/cocarry_ws/install/libfreenect2:/home/duy/cocarry_ws/install/kinect2_calibration:/home/duy/cocarry_ws/install/kinect2_bridge:/home/duy/cocarry_ws/install/kinect2_registration:/home/duy/cocarry_ws/install/industrial_msgs:/home/duy/cocarry_ws/install/trajectory_predictor:/home/duy/cocarry_ws/install/rula_tracker:/home/duy/cocarry_ws/install/realsense_tracker:/home/duy/cocarry_ws/install/predictor_ui:/home/duy/cocarry_ws/install/experiment_logger:/home/duy/cocarry_ws/install/coord_transform:/opt/ros/humble:/home/duy/cocarry_ws/install/human_hand_msgs /usr/bin/cmake --install /home/duy/cocarry_ws/build/motoman_gp4_support[0m
[2.356s] [34mcolcon.colcon_core.environment[0m [1;30mLevel 1[0m checking '/home/duy/cocarry_ws/install/motoman_gp4_support' for CMake config files
[2.357s] [34mcolcon.colcon_core.shell[0m [1;30mLevel 1[0m create_environment_hook('motoman_gp4_support', 'cmake_prefix_path')
[2.357s] [34mcolcon.colcon_core.shell[0m [1;30mINFO[0m Creating environment hook '/home/duy/cocarry_ws/install/motoman_gp4_support/share/motoman_gp4_support/hook/cmake_prefix_path.ps1'
[2.358s] [34mcolcon.colcon_core.shell[0m [1;30mINFO[0m Creating environment descriptor '/home/duy/cocarry_ws/install/motoman_gp4_support/share/motoman_gp4_support/hook/cmake_prefix_path.dsv'
[2.358s] [34mcolcon.colcon_core.shell[0m [1;30mINFO[0m Creating environment hook '/home/duy/cocarry_ws/install/motoman_gp4_support/share/motoman_gp4_support/hook/cmake_prefix_path.sh'
[2.359s] [34mcolcon.colcon_core.environment[0m [1;30mLevel 1[0m checking '/home/duy/cocarry_ws/install/motoman_gp4_support/bin'
[2.359s] [34mcolcon.colcon_core.environment[0m [1;30mLevel 1[0m checking '/home/duy/cocarry_ws/install/motoman_gp4_support/lib/pkgconfig/motoman_gp4_support.pc'
[2.359s] [34mcolcon.colcon_core.environment[0m [1;30mLevel 1[0m checking '/home/duy/cocarry_ws/install/motoman_gp4_support/lib/python3.10/site-packages'
[2.360s] [34mcolcon.colcon_core.environment[0m [1;30mLevel 1[0m checking '/home/duy/cocarry_ws/install/motoman_gp4_support/bin'
[2.360s] [34mcolcon.colcon_core.shell[0m [1;30mINFO[0m Creating package script '/home/duy/cocarry_ws/install/motoman_gp4_support/share/motoman_gp4_support/package.ps1'
[2.361s] [34mcolcon.colcon_core.shell[0m [1;30mINFO[0m Creating package descriptor '/home/duy/cocarry_ws/install/motoman_gp4_support/share/motoman_gp4_support/package.dsv'
[2.362s] [34mcolcon.colcon_core.shell[0m [1;30mINFO[0m Creating package script '/home/duy/cocarry_ws/install/motoman_gp4_support/share/motoman_gp4_support/package.sh'
[2.363s] [34mcolcon.colcon_core.shell[0m [1;30mINFO[0m Creating package script '/home/duy/cocarry_ws/install/motoman_gp4_support/share/motoman_gp4_support/package.bash'
[2.363s] [34mcolcon.colcon_core.shell[0m [1;30mINFO[0m Creating package script '/home/duy/cocarry_ws/install/motoman_gp4_support/share/motoman_gp4_support/package.zsh'
[2.364s] [34mcolcon.colcon_core.environment[0m [1;30mLevel 1[0m create_file_with_runtime_dependencies(/home/duy/cocarry_ws/install/motoman_gp4_support/share/colcon-core/packages/motoman_gp4_support)
[2.365s] [34mcolcon.colcon_core.environment[0m [1;30mLevel 1[0m create_environment_scripts_only(motoman_gp4_support)
[2.365s] [34mcolcon.colcon_core.environment[0m [1;30mLevel 1[0m checking '/home/duy/cocarry_ws/install/motoman_gp4_support' for CMake module files
[2.365s] [34mcolcon.colcon_core.environment[0m [1;30mLevel 1[0m checking '/home/duy/cocarry_ws/install/motoman_gp4_support' for CMake config files
[2.366s] [34mcolcon.colcon_core.shell[0m [1;30mLevel 1[0m create_environment_hook('motoman_gp4_support', 'cmake_prefix_path')
[2.366s] [34mcolcon.colcon_core.shell[0m [1;30mINFO[0m Creating environment hook '/home/duy/cocarry_ws/install/motoman_gp4_support/share/motoman_gp4_support/hook/cmake_prefix_path.ps1'
[2.367s] [34mcolcon.colcon_core.shell[0m [1;30mINFO[0m Creating environment descriptor '/home/duy/cocarry_ws/install/motoman_gp4_support/share/motoman_gp4_support/hook/cmake_prefix_path.dsv'
[2.368s] [34mcolcon.colcon_core.shell[0m [1;30mINFO[0m Creating environment hook '/home/duy/cocarry_ws/install/motoman_gp4_support/share/motoman_gp4_support/hook/cmake_prefix_path.sh'
[2.368s] [34mcolcon.colcon_core.environment[0m [1;30mLevel 1[0m checking '/home/duy/cocarry_ws/install/motoman_gp4_support/bin'
[2.368s] [34mcolcon.colcon_core.environment[0m [1;30mLevel 1[0m checking '/home/duy/cocarry_ws/install/motoman_gp4_support/lib/pkgconfig/motoman_gp4_support.pc'
[2.369s] [34mcolcon.colcon_core.environment[0m [1;30mLevel 1[0m checking '/home/duy/cocarry_ws/install/motoman_gp4_support/lib/python3.10/site-packages'
[2.369s] [34mcolcon.colcon_core.environment[0m [1;30mLevel 1[0m checking '/home/duy/cocarry_ws/install/motoman_gp4_support/bin'
[2.370s] [34mcolcon.colcon_core.shell[0m [1;30mINFO[0m Creating package script '/home/duy/cocarry_ws/install/motoman_gp4_support/share/motoman_gp4_support/package.ps1'
[2.370s] [34mcolcon.colcon_core.shell[0m [1;30mINFO[0m Creating package descriptor '/home/duy/cocarry_ws/install/motoman_gp4_support/share/motoman_gp4_support/package.dsv'
[2.371s] [34mcolcon.colcon_core.shell[0m [1;30mINFO[0m Creating package script '/home/duy/cocarry_ws/install/motoman_gp4_support/share/motoman_gp4_support/package.sh'
[2.372s] [34mcolcon.colcon_core.shell[0m [1;30mINFO[0m Creating package script '/home/duy/cocarry_ws/install/motoman_gp4_support/share/motoman_gp4_support/package.bash'
[2.372s] [34mcolcon.colcon_core.shell[0m [1;30mINFO[0m Creating package script '/home/duy/cocarry_ws/install/motoman_gp4_support/share/motoman_gp4_support/package.zsh'
[2.373s] [34mcolcon.colcon_core.environment[0m [1;30mLevel 1[0m create_file_with_runtime_dependencies(/home/duy/cocarry_ws/install/motoman_gp4_support/share/colcon-core/packages/motoman_gp4_support)
[2.374s] [34mcolcon.colcon_core.environment[0m [1;30mLevel 1[0m create_environment_scripts_only(kinect2_bridge)
[2.374s] [34mcolcon.colcon_core.environment[0m [1;30mLevel 1[0m checking '/home/duy/cocarry_ws/install/kinect2_bridge' for CMake module files
[2.375s] [34mcolcon.colcon_core.event_handler.log_command[0m [1;30mDEBUG[0m [32mInvoked command in '/home/duy/cocarry_ws/build/kinect2_bridge' returned '0': CMAKE_PREFIX_PATH=/home/duy/cocarry_ws/install/kinect2_registration:/home/duy/cocarry_ws/install/hrc_bringup:/home/duy/cocarry_ws/install/trac_ik:/home/duy/cocarry_ws/install/trac_ik_kinematics:/home/duy/cocarry_ws/install/trac_ik_lib:/home/duy/cocarry_ws/install/motoros2_client_interface_dependencies:/home/duy/cocarry_ws/install/hc10dtp_simulation:/home/duy/cocarry_ws/install/motoros2_interfaces:/home/duy/cocarry_ws/install/hc10dtp_bringup:/home/duy/cocarry_ws/install/hc10dtp_moveit_config:/home/duy/cocarry_ws/install/motoman_hc10dtp_support:/home/duy/cocarry_ws/install/motoman_gp4_support:/home/duy/cocarry_ws/install/motoman_resources:/home/duy/cocarry_ws/install/libfreenect2:/home/duy/cocarry_ws/install/kinect2_calibration:/home/duy/cocarry_ws/install/kinect2_bridge:/home/duy/cocarry_ws/install/industrial_msgs:/home/duy/cocarry_ws/install/trajectory_predictor:/home/duy/cocarry_ws/install/rula_tracker:/home/duy/cocarry_ws/install/realsense_tracker:/home/duy/cocarry_ws/install/predictor_ui:/home/duy/cocarry_ws/install/experiment_logger:/home/duy/cocarry_ws/install/coord_transform:/opt/ros/humble:/home/duy/cocarry_ws/install/human_hand_msgs /usr/bin/cmake --install /home/duy/cocarry_ws/build/kinect2_bridge[0m
[2.375s] [34mcolcon.colcon_core.environment[0m [1;30mLevel 1[0m checking '/home/duy/cocarry_ws/install/kinect2_bridge' for CMake config files
[2.376s] [34mcolcon.colcon_core.shell[0m [1;30mLevel 1[0m create_environment_hook('kinect2_bridge', 'cmake_prefix_path')
[2.376s] [34mcolcon.colcon_core.shell[0m [1;30mINFO[0m Creating environment hook '/home/duy/cocarry_ws/install/kinect2_bridge/share/kinect2_bridge/hook/cmake_prefix_path.ps1'
[2.377s] [34mcolcon.colcon_core.shell[0m [1;30mINFO[0m Creating environment descriptor '/home/duy/cocarry_ws/install/kinect2_bridge/share/kinect2_bridge/hook/cmake_prefix_path.dsv'
[2.378s] [34mcolcon.colcon_core.shell[0m [1;30mINFO[0m Creating environment hook '/home/duy/cocarry_ws/install/kinect2_bridge/share/kinect2_bridge/hook/cmake_prefix_path.sh'
[2.379s] [34mcolcon.colcon_core.environment[0m [1;30mLevel 1[0m checking '/home/duy/cocarry_ws/install/kinect2_bridge/lib'
[2.379s] [34mcolcon.colcon_core.environment[0m [1;30mLevel 1[0m checking '/home/duy/cocarry_ws/install/kinect2_bridge/bin'
[2.379s] [34mcolcon.colcon_core.environment[0m [1;30mLevel 1[0m checking '/home/duy/cocarry_ws/install/kinect2_bridge/lib/pkgconfig/kinect2_bridge.pc'
[2.379s] [34mcolcon.colcon_core.environment[0m [1;30mLevel 1[0m checking '/home/duy/cocarry_ws/install/kinect2_bridge/lib/python3.10/site-packages'
[2.380s] [34mcolcon.colcon_core.environment[0m [1;30mLevel 1[0m checking '/home/duy/cocarry_ws/install/kinect2_bridge/bin'
[2.380s] [34mcolcon.colcon_core.shell[0m [1;30mINFO[0m Creating package script '/home/duy/cocarry_ws/install/kinect2_bridge/share/kinect2_bridge/package.ps1'
[2.381s] [34mcolcon.colcon_core.shell[0m [1;30mINFO[0m Creating package descriptor '/home/duy/cocarry_ws/install/kinect2_bridge/share/kinect2_bridge/package.dsv'
[2.382s] [34mcolcon.colcon_core.shell[0m [1;30mINFO[0m Creating package script '/home/duy/cocarry_ws/install/kinect2_bridge/share/kinect2_bridge/package.sh'
[2.382s] [34mcolcon.colcon_core.shell[0m [1;30mINFO[0m Creating package script '/home/duy/cocarry_ws/install/kinect2_bridge/share/kinect2_bridge/package.bash'
[2.383s] [34mcolcon.colcon_core.shell[0m [1;30mINFO[0m Creating package script '/home/duy/cocarry_ws/install/kinect2_bridge/share/kinect2_bridge/package.zsh'
[2.383s] [34mcolcon.colcon_core.environment[0m [1;30mLevel 1[0m create_file_with_runtime_dependencies(/home/duy/cocarry_ws/install/kinect2_bridge/share/colcon-core/packages/kinect2_bridge)
[2.384s] [34mcolcon.colcon_core.environment[0m [1;30mLevel 1[0m create_environment_scripts_only(kinect2_bridge)
[2.385s] [34mcolcon.colcon_core.environment[0m [1;30mLevel 1[0m checking '/home/duy/cocarry_ws/install/kinect2_bridge' for CMake module files
[2.386s] [34mcolcon.colcon_core.environment[0m [1;30mLevel 1[0m checking '/home/duy/cocarry_ws/install/kinect2_bridge' for CMake config files
[2.386s] [34mcolcon.colcon_core.shell[0m [1;30mLevel 1[0m create_environment_hook('kinect2_bridge', 'cmake_prefix_path')
[2.386s] [34mcolcon.colcon_core.shell[0m [1;30mINFO[0m Creating environment hook '/home/duy/cocarry_ws/install/kinect2_bridge/share/kinect2_bridge/hook/cmake_prefix_path.ps1'
[2.387s] [34mcolcon.colcon_core.shell[0m [1;30mINFO[0m Creating environment descriptor '/home/duy/cocarry_ws/install/kinect2_bridge/share/kinect2_bridge/hook/cmake_prefix_path.dsv'
[2.388s] [34mcolcon.colcon_core.shell[0m [1;30mINFO[0m Creating environment hook '/home/duy/cocarry_ws/install/kinect2_bridge/share/kinect2_bridge/hook/cmake_prefix_path.sh'
[2.388s] [34mcolcon.colcon_core.environment[0m [1;30mLevel 1[0m checking '/home/duy/cocarry_ws/install/kinect2_bridge/lib'
[2.389s] [34mcolcon.colcon_core.environment[0m [1;30mLevel 1[0m checking '/home/duy/cocarry_ws/install/kinect2_bridge/bin'
[2.389s] [34mcolcon.colcon_core.environment[0m [1;30mLevel 1[0m checking '/home/duy/cocarry_ws/install/kinect2_bridge/lib/pkgconfig/kinect2_bridge.pc'
[2.389s] [34mcolcon.colcon_core.environment[0m [1;30mLevel 1[0m checking '/home/duy/cocarry_ws/install/kinect2_bridge/lib/python3.10/site-packages'
[2.390s] [34mcolcon.colcon_core.environment[0m [1;30mLevel 1[0m checking '/home/duy/cocarry_ws/install/kinect2_bridge/bin'
[2.390s] [34mcolcon.colcon_core.shell[0m [1;30mINFO[0m Creating package script '/home/duy/cocarry_ws/install/kinect2_bridge/share/kinect2_bridge/package.ps1'
[2.391s] [34mcolcon.colcon_core.shell[0m [1;30mINFO[0m Creating package descriptor '/home/duy/cocarry_ws/install/kinect2_bridge/share/kinect2_bridge/package.dsv'
[2.392s] [34mcolcon.colcon_core.shell[0m [1;30mINFO[0m Creating package script '/home/duy/cocarry_ws/install/kinect2_bridge/share/kinect2_bridge/package.sh'
[2.393s] [34mcolcon.colcon_core.shell[0m [1;30mINFO[0m Creating package script '/home/duy/cocarry_ws/install/kinect2_bridge/share/kinect2_bridge/package.bash'
[2.393s] [34mcolcon.colcon_core.shell[0m [1;30mINFO[0m Creating package script '/home/duy/cocarry_ws/install/kinect2_bridge/share/kinect2_bridge/package.zsh'
[2.394s] [34mcolcon.colcon_core.environment[0m [1;30mLevel 1[0m create_file_with_runtime_dependencies(/home/duy/cocarry_ws/install/kinect2_bridge/share/colcon-core/packages/kinect2_bridge)
[2.398s] [34mcolcon.colcon_ros.task.ament_cmake.build[0m [1;30mINFO[0m Building ROS package in '/home/duy/cocarry_ws/src/hc10dtp_moveit_config' with build type 'ament_cmake'
[2.399s] [34mcolcon.colcon_cmake.task.cmake.build[0m [1;30mINFO[0m Building CMake package in '/home/duy/cocarry_ws/src/hc10dtp_moveit_config'
[2.399s] [34mcolcon.colcon_core.shell[0m [1;30mINFO[0m Skip shell extension 'powershell' for command environment: Not usable outside of PowerShell
[2.399s] [34mcolcon.colcon_core.shell[0m [1;30mDEBUG[0m [32mSkip shell extension 'dsv' for command environment[0m
[2.400s] [34mcolcon.colcon_core.event_handler.log_command[0m [1;30mDEBUG[0m [32mInvoking command in '/home/duy/cocarry_ws/build/motoros2_client_interface_dependencies': CMAKE_PREFIX_PATH=/home/duy/cocarry_ws/install/motoros2_interfaces:/home/duy/cocarry_ws/install/industrial_msgs:/home/duy/cocarry_ws/install/hrc_bringup:/home/duy/cocarry_ws/install/trac_ik:/home/duy/cocarry_ws/install/trac_ik_kinematics:/home/duy/cocarry_ws/install/trac_ik_lib:/home/duy/cocarry_ws/install/motoros2_client_interface_dependencies:/home/duy/cocarry_ws/install/hc10dtp_simulation:/home/duy/cocarry_ws/install/hc10dtp_bringup:/home/duy/cocarry_ws/install/hc10dtp_moveit_config:/home/duy/cocarry_ws/install/motoman_hc10dtp_support:/home/duy/cocarry_ws/install/motoman_gp4_support:/home/duy/cocarry_ws/install/motoman_resources:/home/duy/cocarry_ws/install/libfreenect2:/home/duy/cocarry_ws/install/kinect2_calibration:/home/duy/cocarry_ws/install/kinect2_bridge:/home/duy/cocarry_ws/install/kinect2_registration:/home/duy/cocarry_ws/install/trajectory_predictor:/home/duy/cocarry_ws/install/rula_tracker:/home/duy/cocarry_ws/install/realsense_tracker:/home/duy/cocarry_ws/install/predictor_ui:/home/duy/cocarry_ws/install/experiment_logger:/home/duy/cocarry_ws/install/coord_transform:/opt/ros/humble:/home/duy/cocarry_ws/install/human_hand_msgs LD_LIBRARY_PATH=/home/duy/cocarry_ws/install/motoros2_interfaces/lib:/home/duy/cocarry_ws/install/industrial_msgs/lib:/home/duy/cocarry_ws/install/trac_ik_kinematics/lib:/home/duy/cocarry_ws/install/trac_ik_lib/lib:/home/duy/cocarry_ws/install/libfreenect2/lib:/home/duy/cocarry_ws/install/kinect2_registration/lib:/home/duy/cocarry_ws/install/human_hand_msgs/lib:/usr/local/lib/nuitrack:/usr/lib/x86_64-linux-gnu/gazebo-11/plugins:/opt/ros/humble/opt/rviz_ogre_vendor/lib:/opt/ros/humble/lib/x86_64-linux-gnu:/opt/ros/humble/lib:/usr/local/lib/nuitrack /usr/bin/cmake --build /home/duy/cocarry_ws/build/motoros2_client_interface_dependencies -- -j16 -l16[0m
[2.410s] [34mcolcon.colcon_ros.task.ament_cmake.build[0m [1;30mINFO[0m Building ROS package in '/home/duy/cocarry_ws/src/kinect2_ros2/kinect2_calibration' with build type 'ament_cmake'
[2.411s] [34mcolcon.colcon_cmake.task.cmake.build[0m [1;30mINFO[0m Building CMake package in '/home/duy/cocarry_ws/src/kinect2_ros2/kinect2_calibration'
[2.411s] [34mcolcon.colcon_core.shell[0m [1;30mINFO[0m Skip shell extension 'powershell' for command environment: Not usable outside of PowerShell
[2.412s] [34mcolcon.colcon_core.shell[0m [1;30mDEBUG[0m [32mSkip shell extension 'dsv' for command environment[0m
[2.421s] [34mcolcon.colcon_core.environment[0m [1;30mLevel 1[0m create_environment_scripts_only(trac_ik_kinematics)
[2.422s] [34mcolcon.colcon_core.environment[0m [1;30mLevel 1[0m checking '/home/duy/cocarry_ws/install/trac_ik_kinematics' for CMake module files
[2.422s] [34mcolcon.colcon_core.event_handler.log_command[0m [1;30mDEBUG[0m [32mInvoked command in '/home/duy/cocarry_ws/build/trac_ik_kinematics' returned '0': CMAKE_PREFIX_PATH=/home/duy/cocarry_ws/install/trac_ik_lib:/home/duy/cocarry_ws/install/hrc_bringup:/home/duy/cocarry_ws/install/trac_ik:/home/duy/cocarry_ws/install/trac_ik_kinematics:/home/duy/cocarry_ws/install/motoros2_client_interface_dependencies:/home/duy/cocarry_ws/install/hc10dtp_simulation:/home/duy/cocarry_ws/install/motoros2_interfaces:/home/duy/cocarry_ws/install/hc10dtp_bringup:/home/duy/cocarry_ws/install/hc10dtp_moveit_config:/home/duy/cocarry_ws/install/motoman_hc10dtp_support:/home/duy/cocarry_ws/install/motoman_gp4_support:/home/duy/cocarry_ws/install/motoman_resources:/home/duy/cocarry_ws/install/libfreenect2:/home/duy/cocarry_ws/install/kinect2_calibration:/home/duy/cocarry_ws/install/kinect2_bridge:/home/duy/cocarry_ws/install/kinect2_registration:/home/duy/cocarry_ws/install/industrial_msgs:/home/duy/cocarry_ws/install/trajectory_predictor:/home/duy/cocarry_ws/install/rula_tracker:/home/duy/cocarry_ws/install/realsense_tracker:/home/duy/cocarry_ws/install/predictor_ui:/home/duy/cocarry_ws/install/experiment_logger:/home/duy/cocarry_ws/install/coord_transform:/opt/ros/humble:/home/duy/cocarry_ws/install/human_hand_msgs LD_LIBRARY_PATH=/home/duy/cocarry_ws/install/trac_ik_lib/lib:/home/duy/cocarry_ws/install/trac_ik_kinematics/lib:/home/duy/cocarry_ws/install/motoros2_interfaces/lib:/home/duy/cocarry_ws/install/libfreenect2/lib:/home/duy/cocarry_ws/install/kinect2_registration/lib:/home/duy/cocarry_ws/install/industrial_msgs/lib:/home/duy/cocarry_ws/install/human_hand_msgs/lib:/usr/local/lib/nuitrack:/usr/lib/x86_64-linux-gnu/gazebo-11/plugins:/opt/ros/humble/opt/rviz_ogre_vendor/lib:/opt/ros/humble/lib/x86_64-linux-gnu:/opt/ros/humble/lib:/usr/local/lib/nuitrack /usr/bin/cmake --install /home/duy/cocarry_ws/build/trac_ik_kinematics[0m
[2.423s] [34mcolcon.colcon_core.environment[0m [1;30mLevel 1[0m checking '/home/duy/cocarry_ws/install/trac_ik_kinematics' for CMake config files
[2.423s] [34mcolcon.colcon_core.shell[0m [1;30mLevel 1[0m create_environment_hook('trac_ik_kinematics', 'cmake_prefix_path')
[2.424s] [34mcolcon.colcon_core.shell[0m [1;30mINFO[0m Creating environment hook '/home/duy/cocarry_ws/install/trac_ik_kinematics/share/trac_ik_kinematics/hook/cmake_prefix_path.ps1'
[2.424s] [34mcolcon.colcon_core.shell[0m [1;30mINFO[0m Creating environment descriptor '/home/duy/cocarry_ws/install/trac_ik_kinematics/share/trac_ik_kinematics/hook/cmake_prefix_path.dsv'
[2.425s] [34mcolcon.colcon_core.shell[0m [1;30mINFO[0m Creating environment hook '/home/duy/cocarry_ws/install/trac_ik_kinematics/share/trac_ik_kinematics/hook/cmake_prefix_path.sh'
[2.425s] [34mcolcon.colcon_core.environment[0m [1;30mLevel 1[0m checking '/home/duy/cocarry_ws/install/trac_ik_kinematics/lib'
[2.425s] [34mcolcon.colcon_core.shell[0m [1;30mLevel 1[0m create_environment_hook('trac_ik_kinematics', 'ld_library_path_lib')
[2.426s] [34mcolcon.colcon_core.shell[0m [1;30mINFO[0m Creating environment hook '/home/duy/cocarry_ws/install/trac_ik_kinematics/share/trac_ik_kinematics/hook/ld_library_path_lib.ps1'
[2.426s] [34mcolcon.colcon_core.shell[0m [1;30mINFO[0m Creating environment descriptor '/home/duy/cocarry_ws/install/trac_ik_kinematics/share/trac_ik_kinematics/hook/ld_library_path_lib.dsv'
[2.427s] [34mcolcon.colcon_core.shell[0m [1;30mINFO[0m Creating environment hook '/home/duy/cocarry_ws/install/trac_ik_kinematics/share/trac_ik_kinematics/hook/ld_library_path_lib.sh'
[2.427s] [34mcolcon.colcon_core.environment[0m [1;30mLevel 1[0m checking '/home/duy/cocarry_ws/install/trac_ik_kinematics/bin'
[2.427s] [34mcolcon.colcon_core.environment[0m [1;30mLevel 1[0m checking '/home/duy/cocarry_ws/install/trac_ik_kinematics/lib/pkgconfig/trac_ik_kinematics.pc'
[2.427s] [34mcolcon.colcon_core.environment[0m [1;30mLevel 1[0m checking '/home/duy/cocarry_ws/install/trac_ik_kinematics/lib/python3.10/site-packages'
[2.428s] [34mcolcon.colcon_core.environment[0m [1;30mLevel 1[0m checking '/home/duy/cocarry_ws/install/trac_ik_kinematics/bin'
[2.429s] [34mcolcon.colcon_core.shell[0m [1;30mINFO[0m Creating package script '/home/duy/cocarry_ws/install/trac_ik_kinematics/share/trac_ik_kinematics/package.ps1'
[2.429s] [34mcolcon.colcon_core.shell[0m [1;30mINFO[0m Creating package descriptor '/home/duy/cocarry_ws/install/trac_ik_kinematics/share/trac_ik_kinematics/package.dsv'
[2.430s] [34mcolcon.colcon_core.shell[0m [1;30mINFO[0m Creating package script '/home/duy/cocarry_ws/install/trac_ik_kinematics/share/trac_ik_kinematics/package.sh'
[2.430s] [34mcolcon.colcon_core.shell[0m [1;30mINFO[0m Creating package script '/home/duy/cocarry_ws/install/trac_ik_kinematics/share/trac_ik_kinematics/package.bash'
[2.431s] [34mcolcon.colcon_core.shell[0m [1;30mINFO[0m Creating package script '/home/duy/cocarry_ws/install/trac_ik_kinematics/share/trac_ik_kinematics/package.zsh'
[2.431s] [34mcolcon.colcon_core.environment[0m [1;30mLevel 1[0m create_file_with_runtime_dependencies(/home/duy/cocarry_ws/install/trac_ik_kinematics/share/colcon-core/packages/trac_ik_kinematics)
[2.432s] [34mcolcon.colcon_core.environment[0m [1;30mLevel 1[0m create_environment_scripts_only(trac_ik_kinematics)
[2.432s] [34mcolcon.colcon_core.environment[0m [1;30mLevel 1[0m checking '/home/duy/cocarry_ws/install/trac_ik_kinematics' for CMake module files
[2.432s] [34mcolcon.colcon_core.environment[0m [1;30mLevel 1[0m checking '/home/duy/cocarry_ws/install/trac_ik_kinematics' for CMake config files
[2.433s] [34mcolcon.colcon_core.shell[0m [1;30mLevel 1[0m create_environment_hook('trac_ik_kinematics', 'cmake_prefix_path')
[2.433s] [34mcolcon.colcon_core.shell[0m [1;30mINFO[0m Creating environment hook '/home/duy/cocarry_ws/install/trac_ik_kinematics/share/trac_ik_kinematics/hook/cmake_prefix_path.ps1'
[2.433s] [34mcolcon.colcon_core.shell[0m [1;30mINFO[0m Creating environment descriptor '/home/duy/cocarry_ws/install/trac_ik_kinematics/share/trac_ik_kinematics/hook/cmake_prefix_path.dsv'
[2.434s] [34mcolcon.colcon_core.shell[0m [1;30mINFO[0m Creating environment hook '/home/duy/cocarry_ws/install/trac_ik_kinematics/share/trac_ik_kinematics/hook/cmake_prefix_path.sh'
[2.434s] [34mcolcon.colcon_core.environment[0m [1;30mLevel 1[0m checking '/home/duy/cocarry_ws/install/trac_ik_kinematics/lib'
[2.434s] [34mcolcon.colcon_core.shell[0m [1;30mLevel 1[0m create_environment_hook('trac_ik_kinematics', 'ld_library_path_lib')
[2.434s] [34mcolcon.colcon_core.shell[0m [1;30mINFO[0m Creating environment hook '/home/duy/cocarry_ws/install/trac_ik_kinematics/share/trac_ik_kinematics/hook/ld_library_path_lib.ps1'
[2.435s] [34mcolcon.colcon_core.shell[0m [1;30mINFO[0m Creating environment descriptor '/home/duy/cocarry_ws/install/trac_ik_kinematics/share/trac_ik_kinematics/hook/ld_library_path_lib.dsv'
[2.435s] [34mcolcon.colcon_core.shell[0m [1;30mINFO[0m Creating environment hook '/home/duy/cocarry_ws/install/trac_ik_kinematics/share/trac_ik_kinematics/hook/ld_library_path_lib.sh'
[2.436s] [34mcolcon.colcon_core.environment[0m [1;30mLevel 1[0m checking '/home/duy/cocarry_ws/install/trac_ik_kinematics/bin'
[2.436s] [34mcolcon.colcon_core.environment[0m [1;30mLevel 1[0m checking '/home/duy/cocarry_ws/install/trac_ik_kinematics/lib/pkgconfig/trac_ik_kinematics.pc'
[2.436s] [34mcolcon.colcon_core.environment[0m [1;30mLevel 1[0m checking '/home/duy/cocarry_ws/install/trac_ik_kinematics/lib/python3.10/site-packages'
[2.437s] [34mcolcon.colcon_core.environment[0m [1;30mLevel 1[0m checking '/home/duy/cocarry_ws/install/trac_ik_kinematics/bin'
[2.437s] [34mcolcon.colcon_core.shell[0m [1;30mINFO[0m Creating package script '/home/duy/cocarry_ws/install/trac_ik_kinematics/share/trac_ik_kinematics/package.ps1'
[2.438s] [34mcolcon.colcon_core.shell[0m [1;30mINFO[0m Creating package descriptor '/home/duy/cocarry_ws/install/trac_ik_kinematics/share/trac_ik_kinematics/package.dsv'
[2.438s] [34mcolcon.colcon_core.shell[0m [1;30mINFO[0m Creating package script '/home/duy/cocarry_ws/install/trac_ik_kinematics/share/trac_ik_kinematics/package.sh'
[2.439s] [34mcolcon.colcon_core.shell[0m [1;30mINFO[0m Creating package script '/home/duy/cocarry_ws/install/trac_ik_kinematics/share/trac_ik_kinematics/package.bash'
[2.439s] [34mcolcon.colcon_core.shell[0m [1;30mINFO[0m Creating package script '/home/duy/cocarry_ws/install/trac_ik_kinematics/share/trac_ik_kinematics/package.zsh'
[2.439s] [34mcolcon.colcon_core.environment[0m [1;30mLevel 1[0m create_file_with_runtime_dependencies(/home/duy/cocarry_ws/install/trac_ik_kinematics/share/colcon-core/packages/trac_ik_kinematics)
[2.440s] [34mcolcon.colcon_ros.task.ament_cmake.build[0m [1;30mINFO[0m Building ROS package in '/home/duy/cocarry_ws/src/trac_ik/trac_ik' with build type 'ament_cmake'
[2.441s] [34mcolcon.colcon_cmake.task.cmake.build[0m [1;30mINFO[0m Building CMake package in '/home/duy/cocarry_ws/src/trac_ik/trac_ik'
[2.441s] [34mcolcon.colcon_core.shell[0m [1;30mINFO[0m Skip shell extension 'powershell' for command environment: Not usable outside of PowerShell
[2.441s] [34mcolcon.colcon_core.shell[0m [1;30mDEBUG[0m [32mSkip shell extension 'dsv' for command environment[0m
[2.452s] [34mcolcon.colcon_core.event_handler.log_command[0m [1;30mDEBUG[0m [32mInvoking command in '/home/duy/cocarry_ws/build/hc10dtp_moveit_config': CMAKE_PREFIX_PATH=/home/duy/cocarry_ws/install/motoman_hc10dtp_support:/home/duy/cocarry_ws/install/motoman_resources:/home/duy/cocarry_ws/install/hrc_bringup:/home/duy/cocarry_ws/install/trac_ik:/home/duy/cocarry_ws/install/trac_ik_kinematics:/home/duy/cocarry_ws/install/trac_ik_lib:/home/duy/cocarry_ws/install/motoros2_client_interface_dependencies:/home/duy/cocarry_ws/install/hc10dtp_simulation:/home/duy/cocarry_ws/install/motoros2_interfaces:/home/duy/cocarry_ws/install/hc10dtp_bringup:/home/duy/cocarry_ws/install/hc10dtp_moveit_config:/home/duy/cocarry_ws/install/motoman_gp4_support:/home/duy/cocarry_ws/install/libfreenect2:/home/duy/cocarry_ws/install/kinect2_calibration:/home/duy/cocarry_ws/install/kinect2_bridge:/home/duy/cocarry_ws/install/kinect2_registration:/home/duy/cocarry_ws/install/industrial_msgs:/home/duy/cocarry_ws/install/trajectory_predictor:/home/duy/cocarry_ws/install/rula_tracker:/home/duy/cocarry_ws/install/realsense_tracker:/home/duy/cocarry_ws/install/predictor_ui:/home/duy/cocarry_ws/install/experiment_logger:/home/duy/cocarry_ws/install/coord_transform:/opt/ros/humble:/home/duy/cocarry_ws/install/human_hand_msgs /usr/bin/cmake --build /home/duy/cocarry_ws/build/hc10dtp_moveit_config -- -j16 -l16[0m
[2.456s] [34mcolcon.colcon_core.event_handler.log_command[0m [1;30mDEBUG[0m [32mInvoking command in '/home/duy/cocarry_ws/build/kinect2_calibration': CMAKE_PREFIX_PATH=/home/duy/cocarry_ws/install/kinect2_bridge:/home/duy/cocarry_ws/install/kinect2_registration:/home/duy/cocarry_ws/install/hrc_bringup:/home/duy/cocarry_ws/install/trac_ik:/home/duy/cocarry_ws/install/trac_ik_kinematics:/home/duy/cocarry_ws/install/trac_ik_lib:/home/duy/cocarry_ws/install/motoros2_client_interface_dependencies:/home/duy/cocarry_ws/install/hc10dtp_simulation:/home/duy/cocarry_ws/install/motoros2_interfaces:/home/duy/cocarry_ws/install/hc10dtp_bringup:/home/duy/cocarry_ws/install/hc10dtp_moveit_config:/home/duy/cocarry_ws/install/motoman_hc10dtp_support:/home/duy/cocarry_ws/install/motoman_gp4_support:/home/duy/cocarry_ws/install/motoman_resources:/home/duy/cocarry_ws/install/libfreenect2:/home/duy/cocarry_ws/install/kinect2_calibration:/home/duy/cocarry_ws/install/industrial_msgs:/home/duy/cocarry_ws/install/trajectory_predictor:/home/duy/cocarry_ws/install/rula_tracker:/home/duy/cocarry_ws/install/realsense_tracker:/home/duy/cocarry_ws/install/predictor_ui:/home/duy/cocarry_ws/install/experiment_logger:/home/duy/cocarry_ws/install/coord_transform:/opt/ros/humble:/home/duy/cocarry_ws/install/human_hand_msgs /usr/bin/cmake --build /home/duy/cocarry_ws/build/kinect2_calibration -- -j16 -l16[0m
[2.460s] [34mcolcon.colcon_core.event_handler.log_command[0m [1;30mDEBUG[0m [32mInvoking command in '/home/duy/cocarry_ws/build/trac_ik': CMAKE_PREFIX_PATH=/home/duy/cocarry_ws/install/trac_ik_kinematics:/home/duy/cocarry_ws/install/trac_ik_lib:/home/duy/cocarry_ws/install/hrc_bringup:/home/duy/cocarry_ws/install/trac_ik:/home/duy/cocarry_ws/install/motoros2_client_interface_dependencies:/home/duy/cocarry_ws/install/hc10dtp_simulation:/home/duy/cocarry_ws/install/motoros2_interfaces:/home/duy/cocarry_ws/install/hc10dtp_bringup:/home/duy/cocarry_ws/install/hc10dtp_moveit_config:/home/duy/cocarry_ws/install/motoman_hc10dtp_support:/home/duy/cocarry_ws/install/motoman_gp4_support:/home/duy/cocarry_ws/install/motoman_resources:/home/duy/cocarry_ws/install/libfreenect2:/home/duy/cocarry_ws/install/kinect2_calibration:/home/duy/cocarry_ws/install/kinect2_bridge:/home/duy/cocarry_ws/install/kinect2_registration:/home/duy/cocarry_ws/install/industrial_msgs:/home/duy/cocarry_ws/install/trajectory_predictor:/home/duy/cocarry_ws/install/rula_tracker:/home/duy/cocarry_ws/install/realsense_tracker:/home/duy/cocarry_ws/install/predictor_ui:/home/duy/cocarry_ws/install/experiment_logger:/home/duy/cocarry_ws/install/coord_transform:/opt/ros/humble:/home/duy/cocarry_ws/install/human_hand_msgs /usr/bin/cmake --build /home/duy/cocarry_ws/build/trac_ik -- -j16 -l16[0m
[2.464s] [34mcolcon.colcon_core.event_handler.log_command[0m [1;30mDEBUG[0m [32mInvoked command in '/home/duy/cocarry_ws/build/motoros2_client_interface_dependencies' returned '0': CMAKE_PREFIX_PATH=/home/duy/cocarry_ws/install/motoros2_interfaces:/home/duy/cocarry_ws/install/industrial_msgs:/home/duy/cocarry_ws/install/hrc_bringup:/home/duy/cocarry_ws/install/trac_ik:/home/duy/cocarry_ws/install/trac_ik_kinematics:/home/duy/cocarry_ws/install/trac_ik_lib:/home/duy/cocarry_ws/install/motoros2_client_interface_dependencies:/home/duy/cocarry_ws/install/hc10dtp_simulation:/home/duy/cocarry_ws/install/hc10dtp_bringup:/home/duy/cocarry_ws/install/hc10dtp_moveit_config:/home/duy/cocarry_ws/install/motoman_hc10dtp_support:/home/duy/cocarry_ws/install/motoman_gp4_support:/home/duy/cocarry_ws/install/motoman_resources:/home/duy/cocarry_ws/install/libfreenect2:/home/duy/cocarry_ws/install/kinect2_calibration:/home/duy/cocarry_ws/install/kinect2_bridge:/home/duy/cocarry_ws/install/kinect2_registration:/home/duy/cocarry_ws/install/trajectory_predictor:/home/duy/cocarry_ws/install/rula_tracker:/home/duy/cocarry_ws/install/realsense_tracker:/home/duy/cocarry_ws/install/predictor_ui:/home/duy/cocarry_ws/install/experiment_logger:/home/duy/cocarry_ws/install/coord_transform:/opt/ros/humble:/home/duy/cocarry_ws/install/human_hand_msgs LD_LIBRARY_PATH=/home/duy/cocarry_ws/install/motoros2_interfaces/lib:/home/duy/cocarry_ws/install/industrial_msgs/lib:/home/duy/cocarry_ws/install/trac_ik_kinematics/lib:/home/duy/cocarry_ws/install/trac_ik_lib/lib:/home/duy/cocarry_ws/install/libfreenect2/lib:/home/duy/cocarry_ws/install/kinect2_registration/lib:/home/duy/cocarry_ws/install/human_hand_msgs/lib:/usr/local/lib/nuitrack:/usr/lib/x86_64-linux-gnu/gazebo-11/plugins:/opt/ros/humble/opt/rviz_ogre_vendor/lib:/opt/ros/humble/lib/x86_64-linux-gnu:/opt/ros/humble/lib:/usr/local/lib/nuitrack /usr/bin/cmake --build /home/duy/cocarry_ws/build/motoros2_client_interface_dependencies -- -j16 -l16[0m
[2.467s] [34mcolcon.colcon_core.event_handler.log_command[0m [1;30mDEBUG[0m [32mInvoking command in '/home/duy/cocarry_ws/build/motoros2_client_interface_dependencies': CMAKE_PREFIX_PATH=/home/duy/cocarry_ws/install/motoros2_interfaces:/home/duy/cocarry_ws/install/industrial_msgs:/home/duy/cocarry_ws/install/hrc_bringup:/home/duy/cocarry_ws/install/trac_ik:/home/duy/cocarry_ws/install/trac_ik_kinematics:/home/duy/cocarry_ws/install/trac_ik_lib:/home/duy/cocarry_ws/install/motoros2_client_interface_dependencies:/home/duy/cocarry_ws/install/hc10dtp_simulation:/home/duy/cocarry_ws/install/hc10dtp_bringup:/home/duy/cocarry_ws/install/hc10dtp_moveit_config:/home/duy/cocarry_ws/install/motoman_hc10dtp_support:/home/duy/cocarry_ws/install/motoman_gp4_support:/home/duy/cocarry_ws/install/motoman_resources:/home/duy/cocarry_ws/install/libfreenect2:/home/duy/cocarry_ws/install/kinect2_calibration:/home/duy/cocarry_ws/install/kinect2_bridge:/home/duy/cocarry_ws/install/kinect2_registration:/home/duy/cocarry_ws/install/trajectory_predictor:/home/duy/cocarry_ws/install/rula_tracker:/home/duy/cocarry_ws/install/realsense_tracker:/home/duy/cocarry_ws/install/predictor_ui:/home/duy/cocarry_ws/install/experiment_logger:/home/duy/cocarry_ws/install/coord_transform:/opt/ros/humble:/home/duy/cocarry_ws/install/human_hand_msgs LD_LIBRARY_PATH=/home/duy/cocarry_ws/install/motoros2_interfaces/lib:/home/duy/cocarry_ws/install/industrial_msgs/lib:/home/duy/cocarry_ws/install/trac_ik_kinematics/lib:/home/duy/cocarry_ws/install/trac_ik_lib/lib:/home/duy/cocarry_ws/install/libfreenect2/lib:/home/duy/cocarry_ws/install/kinect2_registration/lib:/home/duy/cocarry_ws/install/human_hand_msgs/lib:/usr/local/lib/nuitrack:/usr/lib/x86_64-linux-gnu/gazebo-11/plugins:/opt/ros/humble/opt/rviz_ogre_vendor/lib:/opt/ros/humble/lib/x86_64-linux-gnu:/opt/ros/humble/lib:/usr/local/lib/nuitrack /usr/bin/cmake --install /home/duy/cocarry_ws/build/motoros2_client_interface_dependencies[0m
[2.500s] [34mcolcon.colcon_core.environment[0m [1;30mLevel 1[0m create_environment_scripts_only(motoros2_client_interface_dependencies)
[2.500s] [34mcolcon.colcon_core.environment[0m [1;30mLevel 1[0m checking '/home/duy/cocarry_ws/install/motoros2_client_interface_dependencies' for CMake module files
[2.501s] [34mcolcon.colcon_core.event_handler.log_command[0m [1;30mDEBUG[0m [32mInvoked command in '/home/duy/cocarry_ws/build/motoros2_client_interface_dependencies' returned '0': CMAKE_PREFIX_PATH=/home/duy/cocarry_ws/install/motoros2_interfaces:/home/duy/cocarry_ws/install/industrial_msgs:/home/duy/cocarry_ws/install/hrc_bringup:/home/duy/cocarry_ws/install/trac_ik:/home/duy/cocarry_ws/install/trac_ik_kinematics:/home/duy/cocarry_ws/install/trac_ik_lib:/home/duy/cocarry_ws/install/motoros2_client_interface_dependencies:/home/duy/cocarry_ws/install/hc10dtp_simulation:/home/duy/cocarry_ws/install/hc10dtp_bringup:/home/duy/cocarry_ws/install/hc10dtp_moveit_config:/home/duy/cocarry_ws/install/motoman_hc10dtp_support:/home/duy/cocarry_ws/install/motoman_gp4_support:/home/duy/cocarry_ws/install/motoman_resources:/home/duy/cocarry_ws/install/libfreenect2:/home/duy/cocarry_ws/install/kinect2_calibration:/home/duy/cocarry_ws/install/kinect2_bridge:/home/duy/cocarry_ws/install/kinect2_registration:/home/duy/cocarry_ws/install/trajectory_predictor:/home/duy/cocarry_ws/install/rula_tracker:/home/duy/cocarry_ws/install/realsense_tracker:/home/duy/cocarry_ws/install/predictor_ui:/home/duy/cocarry_ws/install/experiment_logger:/home/duy/cocarry_ws/install/coord_transform:/opt/ros/humble:/home/duy/cocarry_ws/install/human_hand_msgs LD_LIBRARY_PATH=/home/duy/cocarry_ws/install/motoros2_interfaces/lib:/home/duy/cocarry_ws/install/industrial_msgs/lib:/home/duy/cocarry_ws/install/trac_ik_kinematics/lib:/home/duy/cocarry_ws/install/trac_ik_lib/lib:/home/duy/cocarry_ws/install/libfreenect2/lib:/home/duy/cocarry_ws/install/kinect2_registration/lib:/home/duy/cocarry_ws/install/human_hand_msgs/lib:/usr/local/lib/nuitrack:/usr/lib/x86_64-linux-gnu/gazebo-11/plugins:/opt/ros/humble/opt/rviz_ogre_vendor/lib:/opt/ros/humble/lib/x86_64-linux-gnu:/opt/ros/humble/lib:/usr/local/lib/nuitrack /usr/bin/cmake --install /home/duy/cocarry_ws/build/motoros2_client_interface_dependencies[0m
[2.502s] [34mcolcon.colcon_core.environment[0m [1;30mLevel 1[0m checking '/home/duy/cocarry_ws/install/motoros2_client_interface_dependencies' for CMake config files
[2.502s] [34mcolcon.colcon_core.shell[0m [1;30mLevel 1[0m create_environment_hook('motoros2_client_interface_dependencies', 'cmake_prefix_path')
[2.503s] [34mcolcon.colcon_core.shell[0m [1;30mINFO[0m Creating environment hook '/home/duy/cocarry_ws/install/motoros2_client_interface_dependencies/share/motoros2_client_interface_dependencies/hook/cmake_prefix_path.ps1'
[2.503s] [34mcolcon.colcon_core.shell[0m [1;30mINFO[0m Creating environment descriptor '/home/duy/cocarry_ws/install/motoros2_client_interface_dependencies/share/motoros2_client_interface_dependencies/hook/cmake_prefix_path.dsv'
[2.504s] [34mcolcon.colcon_core.shell[0m [1;30mINFO[0m Creating environment hook '/home/duy/cocarry_ws/install/motoros2_client_interface_dependencies/share/motoros2_client_interface_dependencies/hook/cmake_prefix_path.sh'
[2.505s] [34mcolcon.colcon_core.environment[0m [1;30mLevel 1[0m checking '/home/duy/cocarry_ws/install/motoros2_client_interface_dependencies/bin'
[2.505s] [34mcolcon.colcon_core.environment[0m [1;30mLevel 1[0m checking '/home/duy/cocarry_ws/install/motoros2_client_interface_dependencies/lib/pkgconfig/motoros2_client_interface_dependencies.pc'
[2.506s] [34mcolcon.colcon_core.environment[0m [1;30mLevel 1[0m checking '/home/duy/cocarry_ws/install/motoros2_client_interface_dependencies/lib/python3.10/site-packages'
[2.506s] [34mcolcon.colcon_core.environment[0m [1;30mLevel 1[0m checking '/home/duy/cocarry_ws/install/motoros2_client_interface_dependencies/bin'
[2.507s] [34mcolcon.colcon_core.shell[0m [1;30mINFO[0m Creating package script '/home/duy/cocarry_ws/install/motoros2_client_interface_dependencies/share/motoros2_client_interface_dependencies/package.ps1'
[2.508s] [34mcolcon.colcon_core.shell[0m [1;30mINFO[0m Creating package descriptor '/home/duy/cocarry_ws/install/motoros2_client_interface_dependencies/share/motoros2_client_interface_dependencies/package.dsv'
[2.509s] [34mcolcon.colcon_core.shell[0m [1;30mINFO[0m Creating package script '/home/duy/cocarry_ws/install/motoros2_client_interface_dependencies/share/motoros2_client_interface_dependencies/package.sh'
[2.510s] [34mcolcon.colcon_core.shell[0m [1;30mINFO[0m Creating package script '/home/duy/cocarry_ws/install/motoros2_client_interface_dependencies/share/motoros2_client_interface_dependencies/package.bash'
[2.510s] [34mcolcon.colcon_core.shell[0m [1;30mINFO[0m Creating package script '/home/duy/cocarry_ws/install/motoros2_client_interface_dependencies/share/motoros2_client_interface_dependencies/package.zsh'
[2.511s] [34mcolcon.colcon_core.environment[0m [1;30mLevel 1[0m create_file_with_runtime_dependencies(/home/duy/cocarry_ws/install/motoros2_client_interface_dependencies/share/colcon-core/packages/motoros2_client_interface_dependencies)
[2.512s] [34mcolcon.colcon_core.environment[0m [1;30mLevel 1[0m create_environment_scripts_only(motoros2_client_interface_dependencies)
[2.512s] [34mcolcon.colcon_core.environment[0m [1;30mLevel 1[0m checking '/home/duy/cocarry_ws/install/motoros2_client_interface_dependencies' for CMake module files
[2.513s] [34mcolcon.colcon_core.environment[0m [1;30mLevel 1[0m checking '/home/duy/cocarry_ws/install/motoros2_client_interface_dependencies' for CMake config files
[2.514s] [34mcolcon.colcon_core.shell[0m [1;30mLevel 1[0m create_environment_hook('motoros2_client_interface_dependencies', 'cmake_prefix_path')
[2.514s] [34mcolcon.colcon_core.shell[0m [1;30mINFO[0m Creating environment hook '/home/duy/cocarry_ws/install/motoros2_client_interface_dependencies/share/motoros2_client_interface_dependencies/hook/cmake_prefix_path.ps1'
[2.515s] [34mcolcon.colcon_core.shell[0m [1;30mINFO[0m Creating environment descriptor '/home/duy/cocarry_ws/install/motoros2_client_interface_dependencies/share/motoros2_client_interface_dependencies/hook/cmake_prefix_path.dsv'
[2.515s] [34mcolcon.colcon_core.shell[0m [1;30mINFO[0m Creating environment hook '/home/duy/cocarry_ws/install/motoros2_client_interface_dependencies/share/motoros2_client_interface_dependencies/hook/cmake_prefix_path.sh'
[2.516s] [34mcolcon.colcon_core.environment[0m [1;30mLevel 1[0m checking '/home/duy/cocarry_ws/install/motoros2_client_interface_dependencies/bin'
[2.516s] [34mcolcon.colcon_core.environment[0m [1;30mLevel 1[0m checking '/home/duy/cocarry_ws/install/motoros2_client_interface_dependencies/lib/pkgconfig/motoros2_client_interface_dependencies.pc'
[2.517s] [34mcolcon.colcon_core.environment[0m [1;30mLevel 1[0m checking '/home/duy/cocarry_ws/install/motoros2_client_interface_dependencies/lib/python3.10/site-packages'
[2.517s] [34mcolcon.colcon_core.environment[0m [1;30mLevel 1[0m checking '/home/duy/cocarry_ws/install/motoros2_client_interface_dependencies/bin'
[2.518s] [34mcolcon.colcon_core.shell[0m [1;30mINFO[0m Creating package script '/home/duy/cocarry_ws/install/motoros2_client_interface_dependencies/share/motoros2_client_interface_dependencies/package.ps1'
[2.520s] [34mcolcon.colcon_core.shell[0m [1;30mINFO[0m Creating package descriptor '/home/duy/cocarry_ws/install/motoros2_client_interface_dependencies/share/motoros2_client_interface_dependencies/package.dsv'
[2.521s] [34mcolcon.colcon_core.shell[0m [1;30mINFO[0m Creating package script '/home/duy/cocarry_ws/install/motoros2_client_interface_dependencies/share/motoros2_client_interface_dependencies/package.sh'
[2.522s] [34mcolcon.colcon_core.shell[0m [1;30mINFO[0m Creating package script '/home/duy/cocarry_ws/install/motoros2_client_interface_dependencies/share/motoros2_client_interface_dependencies/package.bash'
[2.523s] [34mcolcon.colcon_core.shell[0m [1;30mINFO[0m Creating package script '/home/duy/cocarry_ws/install/motoros2_client_interface_dependencies/share/motoros2_client_interface_dependencies/package.zsh'
[2.523s] [34mcolcon.colcon_core.environment[0m [1;30mLevel 1[0m create_file_with_runtime_dependencies(/home/duy/cocarry_ws/install/motoros2_client_interface_dependencies/share/colcon-core/packages/motoros2_client_interface_dependencies)
[2.526s] [34mcolcon.colcon_core.event_handler.log_command[0m [1;30mDEBUG[0m [32mInvoked command in '/home/duy/cocarry_ws/build/hc10dtp_moveit_config' returned '0': CMAKE_PREFIX_PATH=/home/duy/cocarry_ws/install/motoman_hc10dtp_support:/home/duy/cocarry_ws/install/motoman_resources:/home/duy/cocarry_ws/install/hrc_bringup:/home/duy/cocarry_ws/install/trac_ik:/home/duy/cocarry_ws/install/trac_ik_kinematics:/home/duy/cocarry_ws/install/trac_ik_lib:/home/duy/cocarry_ws/install/motoros2_client_interface_dependencies:/home/duy/cocarry_ws/install/hc10dtp_simulation:/home/duy/cocarry_ws/install/motoros2_interfaces:/home/duy/cocarry_ws/install/hc10dtp_bringup:/home/duy/cocarry_ws/install/hc10dtp_moveit_config:/home/duy/cocarry_ws/install/motoman_gp4_support:/home/duy/cocarry_ws/install/libfreenect2:/home/duy/cocarry_ws/install/kinect2_calibration:/home/duy/cocarry_ws/install/kinect2_bridge:/home/duy/cocarry_ws/install/kinect2_registration:/home/duy/cocarry_ws/install/industrial_msgs:/home/duy/cocarry_ws/install/trajectory_predictor:/home/duy/cocarry_ws/install/rula_tracker:/home/duy/cocarry_ws/install/realsense_tracker:/home/duy/cocarry_ws/install/predictor_ui:/home/duy/cocarry_ws/install/experiment_logger:/home/duy/cocarry_ws/install/coord_transform:/opt/ros/humble:/home/duy/cocarry_ws/install/human_hand_msgs /usr/bin/cmake --build /home/duy/cocarry_ws/build/hc10dtp_moveit_config -- -j16 -l16[0m
[2.528s] [34mcolcon.colcon_core.event_handler.log_command[0m [1;30mDEBUG[0m [32mInvoking command in '/home/duy/cocarry_ws/build/hc10dtp_moveit_config': CMAKE_PREFIX_PATH=/home/duy/cocarry_ws/install/motoman_hc10dtp_support:/home/duy/cocarry_ws/install/motoman_resources:/home/duy/cocarry_ws/install/hrc_bringup:/home/duy/cocarry_ws/install/trac_ik:/home/duy/cocarry_ws/install/trac_ik_kinematics:/home/duy/cocarry_ws/install/trac_ik_lib:/home/duy/cocarry_ws/install/motoros2_client_interface_dependencies:/home/duy/cocarry_ws/install/hc10dtp_simulation:/home/duy/cocarry_ws/install/motoros2_interfaces:/home/duy/cocarry_ws/install/hc10dtp_bringup:/home/duy/cocarry_ws/install/hc10dtp_moveit_config:/home/duy/cocarry_ws/install/motoman_gp4_support:/home/duy/cocarry_ws/install/libfreenect2:/home/duy/cocarry_ws/install/kinect2_calibration:/home/duy/cocarry_ws/install/kinect2_bridge:/home/duy/cocarry_ws/install/kinect2_registration:/home/duy/cocarry_ws/install/industrial_msgs:/home/duy/cocarry_ws/install/trajectory_predictor:/home/duy/cocarry_ws/install/rula_tracker:/home/duy/cocarry_ws/install/realsense_tracker:/home/duy/cocarry_ws/install/predictor_ui:/home/duy/cocarry_ws/install/experiment_logger:/home/duy/cocarry_ws/install/coord_transform:/opt/ros/humble:/home/duy/cocarry_ws/install/human_hand_msgs /usr/bin/cmake --install /home/duy/cocarry_ws/build/hc10dtp_moveit_config[0m
[2.529s] [34mcolcon.colcon_core.event_handler.log_command[0m [1;30mDEBUG[0m [32mInvoked command in '/home/duy/cocarry_ws/build/trac_ik' returned '0': CMAKE_PREFIX_PATH=/home/duy/cocarry_ws/install/trac_ik_kinematics:/home/duy/cocarry_ws/install/trac_ik_lib:/home/duy/cocarry_ws/install/hrc_bringup:/home/duy/cocarry_ws/install/trac_ik:/home/duy/cocarry_ws/install/motoros2_client_interface_dependencies:/home/duy/cocarry_ws/install/hc10dtp_simulation:/home/duy/cocarry_ws/install/motoros2_interfaces:/home/duy/cocarry_ws/install/hc10dtp_bringup:/home/duy/cocarry_ws/install/hc10dtp_moveit_config:/home/duy/cocarry_ws/install/motoman_hc10dtp_support:/home/duy/cocarry_ws/install/motoman_gp4_support:/home/duy/cocarry_ws/install/motoman_resources:/home/duy/cocarry_ws/install/libfreenect2:/home/duy/cocarry_ws/install/kinect2_calibration:/home/duy/cocarry_ws/install/kinect2_bridge:/home/duy/cocarry_ws/install/kinect2_registration:/home/duy/cocarry_ws/install/industrial_msgs:/home/duy/cocarry_ws/install/trajectory_predictor:/home/duy/cocarry_ws/install/rula_tracker:/home/duy/cocarry_ws/install/realsense_tracker:/home/duy/cocarry_ws/install/predictor_ui:/home/duy/cocarry_ws/install/experiment_logger:/home/duy/cocarry_ws/install/coord_transform:/opt/ros/humble:/home/duy/cocarry_ws/install/human_hand_msgs /usr/bin/cmake --build /home/duy/cocarry_ws/build/trac_ik -- -j16 -l16[0m
[2.532s] [34mcolcon.colcon_core.event_handler.log_command[0m [1;30mDEBUG[0m [32mInvoking command in '/home/duy/cocarry_ws/build/trac_ik': CMAKE_PREFIX_PATH=/home/duy/cocarry_ws/install/trac_ik_kinematics:/home/duy/cocarry_ws/install/trac_ik_lib:/home/duy/cocarry_ws/install/hrc_bringup:/home/duy/cocarry_ws/install/trac_ik:/home/duy/cocarry_ws/install/motoros2_client_interface_dependencies:/home/duy/cocarry_ws/install/hc10dtp_simulation:/home/duy/cocarry_ws/install/motoros2_interfaces:/home/duy/cocarry_ws/install/hc10dtp_bringup:/home/duy/cocarry_ws/install/hc10dtp_moveit_config:/home/duy/cocarry_ws/install/motoman_hc10dtp_support:/home/duy/cocarry_ws/install/motoman_gp4_support:/home/duy/cocarry_ws/install/motoman_resources:/home/duy/cocarry_ws/install/libfreenect2:/home/duy/cocarry_ws/install/kinect2_calibration:/home/duy/cocarry_ws/install/kinect2_bridge:/home/duy/cocarry_ws/install/kinect2_registration:/home/duy/cocarry_ws/install/industrial_msgs:/home/duy/cocarry_ws/install/trajectory_predictor:/home/duy/cocarry_ws/install/rula_tracker:/home/duy/cocarry_ws/install/realsense_tracker:/home/duy/cocarry_ws/install/predictor_ui:/home/duy/cocarry_ws/install/experiment_logger:/home/duy/cocarry_ws/install/coord_transform:/opt/ros/humble:/home/duy/cocarry_ws/install/human_hand_msgs /usr/bin/cmake --install /home/duy/cocarry_ws/build/trac_ik[0m
[2.555s] [34mcolcon.colcon_core.event_handler.log_command[0m [1;30mDEBUG[0m [32mInvoked command in '/home/duy/cocarry_ws/build/kinect2_calibration' returned '0': CMAKE_PREFIX_PATH=/home/duy/cocarry_ws/install/kinect2_bridge:/home/duy/cocarry_ws/install/kinect2_registration:/home/duy/cocarry_ws/install/hrc_bringup:/home/duy/cocarry_ws/install/trac_ik:/home/duy/cocarry_ws/install/trac_ik_kinematics:/home/duy/cocarry_ws/install/trac_ik_lib:/home/duy/cocarry_ws/install/motoros2_client_interface_dependencies:/home/duy/cocarry_ws/install/hc10dtp_simulation:/home/duy/cocarry_ws/install/motoros2_interfaces:/home/duy/cocarry_ws/install/hc10dtp_bringup:/home/duy/cocarry_ws/install/hc10dtp_moveit_config:/home/duy/cocarry_ws/install/motoman_hc10dtp_support:/home/duy/cocarry_ws/install/motoman_gp4_support:/home/duy/cocarry_ws/install/motoman_resources:/home/duy/cocarry_ws/install/libfreenect2:/home/duy/cocarry_ws/install/kinect2_calibration:/home/duy/cocarry_ws/install/industrial_msgs:/home/duy/cocarry_ws/install/trajectory_predictor:/home/duy/cocarry_ws/install/rula_tracker:/home/duy/cocarry_ws/install/realsense_tracker:/home/duy/cocarry_ws/install/predictor_ui:/home/duy/cocarry_ws/install/experiment_logger:/home/duy/cocarry_ws/install/coord_transform:/opt/ros/humble:/home/duy/cocarry_ws/install/human_hand_msgs /usr/bin/cmake --build /home/duy/cocarry_ws/build/kinect2_calibration -- -j16 -l16[0m
[2.558s] [34mcolcon.colcon_core.event_handler.log_command[0m [1;30mDEBUG[0m [32mInvoking command in '/home/duy/cocarry_ws/build/kinect2_calibration': CMAKE_PREFIX_PATH=/home/duy/cocarry_ws/install/kinect2_bridge:/home/duy/cocarry_ws/install/kinect2_registration:/home/duy/cocarry_ws/install/hrc_bringup:/home/duy/cocarry_ws/install/trac_ik:/home/duy/cocarry_ws/install/trac_ik_kinematics:/home/duy/cocarry_ws/install/trac_ik_lib:/home/duy/cocarry_ws/install/motoros2_client_interface_dependencies:/home/duy/cocarry_ws/install/hc10dtp_simulation:/home/duy/cocarry_ws/install/motoros2_interfaces:/home/duy/cocarry_ws/install/hc10dtp_bringup:/home/duy/cocarry_ws/install/hc10dtp_moveit_config:/home/duy/cocarry_ws/install/motoman_hc10dtp_support:/home/duy/cocarry_ws/install/motoman_gp4_support:/home/duy/cocarry_ws/install/motoman_resources:/home/duy/cocarry_ws/install/libfreenect2:/home/duy/cocarry_ws/install/kinect2_calibration:/home/duy/cocarry_ws/install/industrial_msgs:/home/duy/cocarry_ws/install/trajectory_predictor:/home/duy/cocarry_ws/install/rula_tracker:/home/duy/cocarry_ws/install/realsense_tracker:/home/duy/cocarry_ws/install/predictor_ui:/home/duy/cocarry_ws/install/experiment_logger:/home/duy/cocarry_ws/install/coord_transform:/opt/ros/humble:/home/duy/cocarry_ws/install/human_hand_msgs /usr/bin/cmake --install /home/duy/cocarry_ws/build/kinect2_calibration[0m
[2.565s] [34mcolcon.colcon_core.environment[0m [1;30mLevel 1[0m create_environment_scripts_only(hc10dtp_moveit_config)
[2.565s] [34mcolcon.colcon_core.environment[0m [1;30mLevel 1[0m checking '/home/duy/cocarry_ws/install/hc10dtp_moveit_config' for CMake module files
[2.566s] [34mcolcon.colcon_core.event_handler.log_command[0m [1;30mDEBUG[0m [32mInvoked command in '/home/duy/cocarry_ws/build/hc10dtp_moveit_config' returned '0': CMAKE_PREFIX_PATH=/home/duy/cocarry_ws/install/motoman_hc10dtp_support:/home/duy/cocarry_ws/install/motoman_resources:/home/duy/cocarry_ws/install/hrc_bringup:/home/duy/cocarry_ws/install/trac_ik:/home/duy/cocarry_ws/install/trac_ik_kinematics:/home/duy/cocarry_ws/install/trac_ik_lib:/home/duy/cocarry_ws/install/motoros2_client_interface_dependencies:/home/duy/cocarry_ws/install/hc10dtp_simulation:/home/duy/cocarry_ws/install/motoros2_interfaces:/home/duy/cocarry_ws/install/hc10dtp_bringup:/home/duy/cocarry_ws/install/hc10dtp_moveit_config:/home/duy/cocarry_ws/install/motoman_gp4_support:/home/duy/cocarry_ws/install/libfreenect2:/home/duy/cocarry_ws/install/kinect2_calibration:/home/duy/cocarry_ws/install/kinect2_bridge:/home/duy/cocarry_ws/install/kinect2_registration:/home/duy/cocarry_ws/install/industrial_msgs:/home/duy/cocarry_ws/install/trajectory_predictor:/home/duy/cocarry_ws/install/rula_tracker:/home/duy/cocarry_ws/install/realsense_tracker:/home/duy/cocarry_ws/install/predictor_ui:/home/duy/cocarry_ws/install/experiment_logger:/home/duy/cocarry_ws/install/coord_transform:/opt/ros/humble:/home/duy/cocarry_ws/install/human_hand_msgs /usr/bin/cmake --install /home/duy/cocarry_ws/build/hc10dtp_moveit_config[0m
[2.567s] [34mcolcon.colcon_core.environment[0m [1;30mLevel 1[0m checking '/home/duy/cocarry_ws/install/hc10dtp_moveit_config' for CMake config files
[2.567s] [34mcolcon.colcon_core.shell[0m [1;30mLevel 1[0m create_environment_hook('hc10dtp_moveit_config', 'cmake_prefix_path')
[2.568s] [34mcolcon.colcon_core.shell[0m [1;30mINFO[0m Creating environment hook '/home/duy/cocarry_ws/install/hc10dtp_moveit_config/share/hc10dtp_moveit_config/hook/cmake_prefix_path.ps1'
[2.569s] [34mcolcon.colcon_core.shell[0m [1;30mINFO[0m Creating environment descriptor '/home/duy/cocarry_ws/install/hc10dtp_moveit_config/share/hc10dtp_moveit_config/hook/cmake_prefix_path.dsv'
[2.569s] [34mcolcon.colcon_core.shell[0m [1;30mINFO[0m Creating environment hook '/home/duy/cocarry_ws/install/hc10dtp_moveit_config/share/hc10dtp_moveit_config/hook/cmake_prefix_path.sh'
[2.570s] [34mcolcon.colcon_core.environment[0m [1;30mLevel 1[0m checking '/home/duy/cocarry_ws/install/hc10dtp_moveit_config/bin'
[2.571s] [34mcolcon.colcon_core.environment[0m [1;30mLevel 1[0m checking '/home/duy/cocarry_ws/install/hc10dtp_moveit_config/lib/pkgconfig/hc10dtp_moveit_config.pc'
[2.571s] [34mcolcon.colcon_core.environment[0m [1;30mLevel 1[0m checking '/home/duy/cocarry_ws/install/hc10dtp_moveit_config/lib/python3.10/site-packages'
[2.572s] [34mcolcon.colcon_core.environment[0m [1;30mLevel 1[0m checking '/home/duy/cocarry_ws/install/hc10dtp_moveit_config/bin'
[2.572s] [34mcolcon.colcon_core.shell[0m [1;30mINFO[0m Creating package script '/home/duy/cocarry_ws/install/hc10dtp_moveit_config/share/hc10dtp_moveit_config/package.ps1'
[2.574s] [34mcolcon.colcon_core.shell[0m [1;30mINFO[0m Creating package descriptor '/home/duy/cocarry_ws/install/hc10dtp_moveit_config/share/hc10dtp_moveit_config/package.dsv'
[2.576s] [34mcolcon.colcon_core.shell[0m [1;30mINFO[0m Creating package script '/home/duy/cocarry_ws/install/hc10dtp_moveit_config/share/hc10dtp_moveit_config/package.sh'
[2.577s] [34mcolcon.colcon_core.shell[0m [1;30mINFO[0m Creating package script '/home/duy/cocarry_ws/install/hc10dtp_moveit_config/share/hc10dtp_moveit_config/package.bash'
[2.577s] [34mcolcon.colcon_core.shell[0m [1;30mINFO[0m Creating package script '/home/duy/cocarry_ws/install/hc10dtp_moveit_config/share/hc10dtp_moveit_config/package.zsh'
[2.578s] [34mcolcon.colcon_core.environment[0m [1;30mLevel 1[0m create_file_with_runtime_dependencies(/home/duy/cocarry_ws/install/hc10dtp_moveit_config/share/colcon-core/packages/hc10dtp_moveit_config)
[2.578s] [34mcolcon.colcon_core.environment[0m [1;30mLevel 1[0m create_environment_scripts_only(hc10dtp_moveit_config)
[2.579s] [34mcolcon.colcon_core.environment[0m [1;30mLevel 1[0m checking '/home/duy/cocarry_ws/install/hc10dtp_moveit_config' for CMake module files
[2.579s] [34mcolcon.colcon_core.environment[0m [1;30mLevel 1[0m checking '/home/duy/cocarry_ws/install/hc10dtp_moveit_config' for CMake config files
[2.580s] [34mcolcon.colcon_core.shell[0m [1;30mLevel 1[0m create_environment_hook('hc10dtp_moveit_config', 'cmake_prefix_path')
[2.580s] [34mcolcon.colcon_core.shell[0m [1;30mINFO[0m Creating environment hook '/home/duy/cocarry_ws/install/hc10dtp_moveit_config/share/hc10dtp_moveit_config/hook/cmake_prefix_path.ps1'
[2.581s] [34mcolcon.colcon_core.shell[0m [1;30mINFO[0m Creating environment descriptor '/home/duy/cocarry_ws/install/hc10dtp_moveit_config/share/hc10dtp_moveit_config/hook/cmake_prefix_path.dsv'
[2.581s] [34mcolcon.colcon_core.shell[0m [1;30mINFO[0m Creating environment hook '/home/duy/cocarry_ws/install/hc10dtp_moveit_config/share/hc10dtp_moveit_config/hook/cmake_prefix_path.sh'
[2.582s] [34mcolcon.colcon_core.environment[0m [1;30mLevel 1[0m checking '/home/duy/cocarry_ws/install/hc10dtp_moveit_config/bin'
[2.582s] [34mcolcon.colcon_core.environment[0m [1;30mLevel 1[0m checking '/home/duy/cocarry_ws/install/hc10dtp_moveit_config/lib/pkgconfig/hc10dtp_moveit_config.pc'
[2.583s] [34mcolcon.colcon_core.environment[0m [1;30mLevel 1[0m checking '/home/duy/cocarry_ws/install/hc10dtp_moveit_config/lib/python3.10/site-packages'
[2.583s] [34mcolcon.colcon_core.environment[0m [1;30mLevel 1[0m checking '/home/duy/cocarry_ws/install/hc10dtp_moveit_config/bin'
[2.584s] [34mcolcon.colcon_core.shell[0m [1;30mINFO[0m Creating package script '/home/duy/cocarry_ws/install/hc10dtp_moveit_config/share/hc10dtp_moveit_config/package.ps1'
[2.586s] [34mcolcon.colcon_core.shell[0m [1;30mINFO[0m Creating package descriptor '/home/duy/cocarry_ws/install/hc10dtp_moveit_config/share/hc10dtp_moveit_config/package.dsv'
[2.586s] [34mcolcon.colcon_core.shell[0m [1;30mINFO[0m Creating package script '/home/duy/cocarry_ws/install/hc10dtp_moveit_config/share/hc10dtp_moveit_config/package.sh'
[2.587s] [34mcolcon.colcon_core.shell[0m [1;30mINFO[0m Creating package script '/home/duy/cocarry_ws/install/hc10dtp_moveit_config/share/hc10dtp_moveit_config/package.bash'
[2.588s] [34mcolcon.colcon_core.shell[0m [1;30mINFO[0m Creating package script '/home/duy/cocarry_ws/install/hc10dtp_moveit_config/share/hc10dtp_moveit_config/package.zsh'
[2.589s] [34mcolcon.colcon_core.environment[0m [1;30mLevel 1[0m create_file_with_runtime_dependencies(/home/duy/cocarry_ws/install/hc10dtp_moveit_config/share/colcon-core/packages/hc10dtp_moveit_config)
[2.590s] [34mcolcon.colcon_ros.task.ament_cmake.build[0m [1;30mINFO[0m Building ROS package in '/home/duy/cocarry_ws/src/hc10dtp_bringup' with build type 'ament_cmake'
[2.590s] [34mcolcon.colcon_cmake.task.cmake.build[0m [1;30mINFO[0m Building CMake package in '/home/duy/cocarry_ws/src/hc10dtp_bringup'
[2.591s] [34mcolcon.colcon_core.shell[0m [1;30mINFO[0m Skip shell extension 'powershell' for command environment: Not usable outside of PowerShell
[2.591s] [34mcolcon.colcon_core.shell[0m [1;30mDEBUG[0m [32mSkip shell extension 'dsv' for command environment[0m
[2.605s] [34mcolcon.colcon_core.environment[0m [1;30mLevel 1[0m create_environment_scripts_only(trac_ik)
[2.606s] [34mcolcon.colcon_core.environment[0m [1;30mLevel 1[0m checking '/home/duy/cocarry_ws/install/trac_ik' for CMake module files
[2.607s] [34mcolcon.colcon_core.event_handler.log_command[0m [1;30mDEBUG[0m [32mInvoked command in '/home/duy/cocarry_ws/build/trac_ik' returned '0': CMAKE_PREFIX_PATH=/home/duy/cocarry_ws/install/trac_ik_kinematics:/home/duy/cocarry_ws/install/trac_ik_lib:/home/duy/cocarry_ws/install/hrc_bringup:/home/duy/cocarry_ws/install/trac_ik:/home/duy/cocarry_ws/install/motoros2_client_interface_dependencies:/home/duy/cocarry_ws/install/hc10dtp_simulation:/home/duy/cocarry_ws/install/motoros2_interfaces:/home/duy/cocarry_ws/install/hc10dtp_bringup:/home/duy/cocarry_ws/install/hc10dtp_moveit_config:/home/duy/cocarry_ws/install/motoman_hc10dtp_support:/home/duy/cocarry_ws/install/motoman_gp4_support:/home/duy/cocarry_ws/install/motoman_resources:/home/duy/cocarry_ws/install/libfreenect2:/home/duy/cocarry_ws/install/kinect2_calibration:/home/duy/cocarry_ws/install/kinect2_bridge:/home/duy/cocarry_ws/install/kinect2_registration:/home/duy/cocarry_ws/install/industrial_msgs:/home/duy/cocarry_ws/install/trajectory_predictor:/home/duy/cocarry_ws/install/rula_tracker:/home/duy/cocarry_ws/install/realsense_tracker:/home/duy/cocarry_ws/install/predictor_ui:/home/duy/cocarry_ws/install/experiment_logger:/home/duy/cocarry_ws/install/coord_transform:/opt/ros/humble:/home/duy/cocarry_ws/install/human_hand_msgs /usr/bin/cmake --install /home/duy/cocarry_ws/build/trac_ik[0m
[2.607s] [34mcolcon.colcon_core.environment[0m [1;30mLevel 1[0m checking '/home/duy/cocarry_ws/install/trac_ik' for CMake config files
[2.608s] [34mcolcon.colcon_core.shell[0m [1;30mLevel 1[0m create_environment_hook('trac_ik', 'cmake_prefix_path')
[2.608s] [34mcolcon.colcon_core.shell[0m [1;30mINFO[0m Creating environment hook '/home/duy/cocarry_ws/install/trac_ik/share/trac_ik/hook/cmake_prefix_path.ps1'
[2.609s] [34mcolcon.colcon_core.shell[0m [1;30mINFO[0m Creating environment descriptor '/home/duy/cocarry_ws/install/trac_ik/share/trac_ik/hook/cmake_prefix_path.dsv'
[2.610s] [34mcolcon.colcon_core.shell[0m [1;30mINFO[0m Creating environment hook '/home/duy/cocarry_ws/install/trac_ik/share/trac_ik/hook/cmake_prefix_path.sh'
[2.611s] [34mcolcon.colcon_core.environment[0m [1;30mLevel 1[0m checking '/home/duy/cocarry_ws/install/trac_ik/bin'
[2.611s] [34mcolcon.colcon_core.environment[0m [1;30mLevel 1[0m checking '/home/duy/cocarry_ws/install/trac_ik/lib/pkgconfig/trac_ik.pc'
[2.611s] [34mcolcon.colcon_core.environment[0m [1;30mLevel 1[0m checking '/home/duy/cocarry_ws/install/trac_ik/lib/python3.10/site-packages'
[2.612s] [34mcolcon.colcon_core.environment[0m [1;30mLevel 1[0m checking '/home/duy/cocarry_ws/install/trac_ik/bin'
[2.613s] [34mcolcon.colcon_core.shell[0m [1;30mINFO[0m Creating package script '/home/duy/cocarry_ws/install/trac_ik/share/trac_ik/package.ps1'
[2.614s] [34mcolcon.colcon_core.shell[0m [1;30mINFO[0m Creating package descriptor '/home/duy/cocarry_ws/install/trac_ik/share/trac_ik/package.dsv'
[2.615s] [34mcolcon.colcon_core.shell[0m [1;30mINFO[0m Creating package script '/home/duy/cocarry_ws/install/trac_ik/share/trac_ik/package.sh'
[2.615s] [34mcolcon.colcon_core.shell[0m [1;30mINFO[0m Creating package script '/home/duy/cocarry_ws/install/trac_ik/share/trac_ik/package.bash'
[2.616s] [34mcolcon.colcon_core.shell[0m [1;30mINFO[0m Creating package script '/home/duy/cocarry_ws/install/trac_ik/share/trac_ik/package.zsh'
[2.617s] [34mcolcon.colcon_core.environment[0m [1;30mLevel 1[0m create_file_with_runtime_dependencies(/home/duy/cocarry_ws/install/trac_ik/share/colcon-core/packages/trac_ik)
[2.618s] [34mcolcon.colcon_core.environment[0m [1;30mLevel 1[0m create_environment_scripts_only(trac_ik)
[2.618s] [34mcolcon.colcon_core.environment[0m [1;30mLevel 1[0m checking '/home/duy/cocarry_ws/install/trac_ik' for CMake module files
[2.619s] [34mcolcon.colcon_core.environment[0m [1;30mLevel 1[0m checking '/home/duy/cocarry_ws/install/trac_ik' for CMake config files
[2.619s] [34mcolcon.colcon_core.shell[0m [1;30mLevel 1[0m create_environment_hook('trac_ik', 'cmake_prefix_path')
[2.620s] [34mcolcon.colcon_core.shell[0m [1;30mINFO[0m Creating environment hook '/home/duy/cocarry_ws/install/trac_ik/share/trac_ik/hook/cmake_prefix_path.ps1'
[2.621s] [34mcolcon.colcon_core.shell[0m [1;30mINFO[0m Creating environment descriptor '/home/duy/cocarry_ws/install/trac_ik/share/trac_ik/hook/cmake_prefix_path.dsv'
[2.621s] [34mcolcon.colcon_core.shell[0m [1;30mINFO[0m Creating environment hook '/home/duy/cocarry_ws/install/trac_ik/share/trac_ik/hook/cmake_prefix_path.sh'
[2.622s] [34mcolcon.colcon_core.environment[0m [1;30mLevel 1[0m checking '/home/duy/cocarry_ws/install/trac_ik/bin'
[2.622s] [34mcolcon.colcon_core.environment[0m [1;30mLevel 1[0m checking '/home/duy/cocarry_ws/install/trac_ik/lib/pkgconfig/trac_ik.pc'
[2.623s] [34mcolcon.colcon_core.environment[0m [1;30mLevel 1[0m checking '/home/duy/cocarry_ws/install/trac_ik/lib/python3.10/site-packages'
[2.623s] [34mcolcon.colcon_core.environment[0m [1;30mLevel 1[0m checking '/home/duy/cocarry_ws/install/trac_ik/bin'
[2.624s] [34mcolcon.colcon_core.shell[0m [1;30mINFO[0m Creating package script '/home/duy/cocarry_ws/install/trac_ik/share/trac_ik/package.ps1'
[2.625s] [34mcolcon.colcon_core.shell[0m [1;30mINFO[0m Creating package descriptor '/home/duy/cocarry_ws/install/trac_ik/share/trac_ik/package.dsv'
[2.626s] [34mcolcon.colcon_core.shell[0m [1;30mINFO[0m Creating package script '/home/duy/cocarry_ws/install/trac_ik/share/trac_ik/package.sh'
[2.627s] [34mcolcon.colcon_core.shell[0m [1;30mINFO[0m Creating package script '/home/duy/cocarry_ws/install/trac_ik/share/trac_ik/package.bash'
[2.627s] [34mcolcon.colcon_core.shell[0m [1;30mINFO[0m Creating package script '/home/duy/cocarry_ws/install/trac_ik/share/trac_ik/package.zsh'
[2.628s] [34mcolcon.colcon_core.environment[0m [1;30mLevel 1[0m create_file_with_runtime_dependencies(/home/duy/cocarry_ws/install/trac_ik/share/colcon-core/packages/trac_ik)
[2.630s] [34mcolcon.colcon_core.environment[0m [1;30mLevel 1[0m create_environment_scripts_only(kinect2_calibration)
[2.631s] [34mcolcon.colcon_core.environment[0m [1;30mLevel 1[0m checking '/home/duy/cocarry_ws/install/kinect2_calibration' for CMake module files
[2.632s] [34mcolcon.colcon_core.event_handler.log_command[0m [1;30mDEBUG[0m [32mInvoked command in '/home/duy/cocarry_ws/build/kinect2_calibration' returned '0': CMAKE_PREFIX_PATH=/home/duy/cocarry_ws/install/kinect2_bridge:/home/duy/cocarry_ws/install/kinect2_registration:/home/duy/cocarry_ws/install/hrc_bringup:/home/duy/cocarry_ws/install/trac_ik:/home/duy/cocarry_ws/install/trac_ik_kinematics:/home/duy/cocarry_ws/install/trac_ik_lib:/home/duy/cocarry_ws/install/motoros2_client_interface_dependencies:/home/duy/cocarry_ws/install/hc10dtp_simulation:/home/duy/cocarry_ws/install/motoros2_interfaces:/home/duy/cocarry_ws/install/hc10dtp_bringup:/home/duy/cocarry_ws/install/hc10dtp_moveit_config:/home/duy/cocarry_ws/install/motoman_hc10dtp_support:/home/duy/cocarry_ws/install/motoman_gp4_support:/home/duy/cocarry_ws/install/motoman_resources:/home/duy/cocarry_ws/install/libfreenect2:/home/duy/cocarry_ws/install/kinect2_calibration:/home/duy/cocarry_ws/install/industrial_msgs:/home/duy/cocarry_ws/install/trajectory_predictor:/home/duy/cocarry_ws/install/rula_tracker:/home/duy/cocarry_ws/install/realsense_tracker:/home/duy/cocarry_ws/install/predictor_ui:/home/duy/cocarry_ws/install/experiment_logger:/home/duy/cocarry_ws/install/coord_transform:/opt/ros/humble:/home/duy/cocarry_ws/install/human_hand_msgs /usr/bin/cmake --install /home/duy/cocarry_ws/build/kinect2_calibration[0m
[2.632s] [34mcolcon.colcon_core.environment[0m [1;30mLevel 1[0m checking '/home/duy/cocarry_ws/install/kinect2_calibration' for CMake config files
[2.633s] [34mcolcon.colcon_core.shell[0m [1;30mLevel 1[0m create_environment_hook('kinect2_calibration', 'cmake_prefix_path')
[2.633s] [34mcolcon.colcon_core.shell[0m [1;30mINFO[0m Creating environment hook '/home/duy/cocarry_ws/install/kinect2_calibration/share/kinect2_calibration/hook/cmake_prefix_path.ps1'
[2.634s] [34mcolcon.colcon_core.shell[0m [1;30mINFO[0m Creating environment descriptor '/home/duy/cocarry_ws/install/kinect2_calibration/share/kinect2_calibration/hook/cmake_prefix_path.dsv'
[2.634s] [34mcolcon.colcon_core.shell[0m [1;30mINFO[0m Creating environment hook '/home/duy/cocarry_ws/install/kinect2_calibration/share/kinect2_calibration/hook/cmake_prefix_path.sh'
[2.635s] [34mcolcon.colcon_core.environment[0m [1;30mLevel 1[0m checking '/home/duy/cocarry_ws/install/kinect2_calibration/lib'
[2.635s] [34mcolcon.colcon_core.environment[0m [1;30mLevel 1[0m checking '/home/duy/cocarry_ws/install/kinect2_calibration/bin'
[2.635s] [34mcolcon.colcon_core.environment[0m [1;30mLevel 1[0m checking '/home/duy/cocarry_ws/install/kinect2_calibration/lib/pkgconfig/kinect2_calibration.pc'
[2.636s] [34mcolcon.colcon_core.environment[0m [1;30mLevel 1[0m checking '/home/duy/cocarry_ws/install/kinect2_calibration/lib/python3.10/site-packages'
[2.636s] [34mcolcon.colcon_core.environment[0m [1;30mLevel 1[0m checking '/home/duy/cocarry_ws/install/kinect2_calibration/bin'
[2.637s] [34mcolcon.colcon_core.shell[0m [1;30mINFO[0m Creating package script '/home/duy/cocarry_ws/install/kinect2_calibration/share/kinect2_calibration/package.ps1'
[2.638s] [34mcolcon.colcon_core.shell[0m [1;30mINFO[0m Creating package descriptor '/home/duy/cocarry_ws/install/kinect2_calibration/share/kinect2_calibration/package.dsv'
[2.638s] [34mcolcon.colcon_core.shell[0m [1;30mINFO[0m Creating package script '/home/duy/cocarry_ws/install/kinect2_calibration/share/kinect2_calibration/package.sh'
[2.639s] [34mcolcon.colcon_core.shell[0m [1;30mINFO[0m Creating package script '/home/duy/cocarry_ws/install/kinect2_calibration/share/kinect2_calibration/package.bash'
[2.640s] [34mcolcon.colcon_core.shell[0m [1;30mINFO[0m Creating package script '/home/duy/cocarry_ws/install/kinect2_calibration/share/kinect2_calibration/package.zsh'
[2.640s] [34mcolcon.colcon_core.environment[0m [1;30mLevel 1[0m create_file_with_runtime_dependencies(/home/duy/cocarry_ws/install/kinect2_calibration/share/colcon-core/packages/kinect2_calibration)
[2.641s] [34mcolcon.colcon_core.environment[0m [1;30mLevel 1[0m create_environment_scripts_only(kinect2_calibration)
[2.642s] [34mcolcon.colcon_core.environment[0m [1;30mLevel 1[0m checking '/home/duy/cocarry_ws/install/kinect2_calibration' for CMake module files
[2.642s] [34mcolcon.colcon_core.environment[0m [1;30mLevel 1[0m checking '/home/duy/cocarry_ws/install/kinect2_calibration' for CMake config files
[2.643s] [34mcolcon.colcon_core.shell[0m [1;30mLevel 1[0m create_environment_hook('kinect2_calibration', 'cmake_prefix_path')
[2.643s] [34mcolcon.colcon_core.shell[0m [1;30mINFO[0m Creating environment hook '/home/duy/cocarry_ws/install/kinect2_calibration/share/kinect2_calibration/hook/cmake_prefix_path.ps1'
[2.644s] [34mcolcon.colcon_core.shell[0m [1;30mINFO[0m Creating environment descriptor '/home/duy/cocarry_ws/install/kinect2_calibration/share/kinect2_calibration/hook/cmake_prefix_path.dsv'
[2.644s] [34mcolcon.colcon_core.shell[0m [1;30mINFO[0m Creating environment hook '/home/duy/cocarry_ws/install/kinect2_calibration/share/kinect2_calibration/hook/cmake_prefix_path.sh'
[2.645s] [34mcolcon.colcon_core.environment[0m [1;30mLevel 1[0m checking '/home/duy/cocarry_ws/install/kinect2_calibration/lib'
[2.645s] [34mcolcon.colcon_core.environment[0m [1;30mLevel 1[0m checking '/home/duy/cocarry_ws/install/kinect2_calibration/bin'
[2.646s] [34mcolcon.colcon_core.environment[0m [1;30mLevel 1[0m checking '/home/duy/cocarry_ws/install/kinect2_calibration/lib/pkgconfig/kinect2_calibration.pc'
[2.646s] [34mcolcon.colcon_core.environment[0m [1;30mLevel 1[0m checking '/home/duy/cocarry_ws/install/kinect2_calibration/lib/python3.10/site-packages'
[2.646s] [34mcolcon.colcon_core.environment[0m [1;30mLevel 1[0m checking '/home/duy/cocarry_ws/install/kinect2_calibration/bin'
[2.647s] [34mcolcon.colcon_core.shell[0m [1;30mINFO[0m Creating package script '/home/duy/cocarry_ws/install/kinect2_calibration/share/kinect2_calibration/package.ps1'
[2.648s] [34mcolcon.colcon_core.shell[0m [1;30mINFO[0m Creating package descriptor '/home/duy/cocarry_ws/install/kinect2_calibration/share/kinect2_calibration/package.dsv'
[2.648s] [34mcolcon.colcon_core.shell[0m [1;30mINFO[0m Creating package script '/home/duy/cocarry_ws/install/kinect2_calibration/share/kinect2_calibration/package.sh'
[2.649s] [34mcolcon.colcon_core.shell[0m [1;30mINFO[0m Creating package script '/home/duy/cocarry_ws/install/kinect2_calibration/share/kinect2_calibration/package.bash'
[2.649s] [34mcolcon.colcon_core.shell[0m [1;30mINFO[0m Creating package script '/home/duy/cocarry_ws/install/kinect2_calibration/share/kinect2_calibration/package.zsh'
[2.650s] [34mcolcon.colcon_core.environment[0m [1;30mLevel 1[0m create_file_with_runtime_dependencies(/home/duy/cocarry_ws/install/kinect2_calibration/share/colcon-core/packages/kinect2_calibration)
[2.655s] [34mcolcon.colcon_core.event_handler.log_command[0m [1;30mDEBUG[0m [32mInvoking command in '/home/duy/cocarry_ws/build/hc10dtp_bringup': CMAKE_PREFIX_PATH=/home/duy/cocarry_ws/install/hc10dtp_moveit_config:/home/duy/cocarry_ws/install/motoman_hc10dtp_support:/home/duy/cocarry_ws/install/motoman_resources:/home/duy/cocarry_ws/install/hrc_bringup:/home/duy/cocarry_ws/install/trac_ik:/home/duy/cocarry_ws/install/trac_ik_kinematics:/home/duy/cocarry_ws/install/trac_ik_lib:/home/duy/cocarry_ws/install/motoros2_client_interface_dependencies:/home/duy/cocarry_ws/install/hc10dtp_simulation:/home/duy/cocarry_ws/install/motoros2_interfaces:/home/duy/cocarry_ws/install/hc10dtp_bringup:/home/duy/cocarry_ws/install/motoman_gp4_support:/home/duy/cocarry_ws/install/libfreenect2:/home/duy/cocarry_ws/install/kinect2_calibration:/home/duy/cocarry_ws/install/kinect2_bridge:/home/duy/cocarry_ws/install/kinect2_registration:/home/duy/cocarry_ws/install/industrial_msgs:/home/duy/cocarry_ws/install/trajectory_predictor:/home/duy/cocarry_ws/install/rula_tracker:/home/duy/cocarry_ws/install/realsense_tracker:/home/duy/cocarry_ws/install/predictor_ui:/home/duy/cocarry_ws/install/experiment_logger:/home/duy/cocarry_ws/install/coord_transform:/opt/ros/humble:/home/duy/cocarry_ws/install/human_hand_msgs /usr/bin/cmake --build /home/duy/cocarry_ws/build/hc10dtp_bringup -- -j16 -l16[0m
[2.663s] [34mcolcon.colcon_core.environment[0m [1;30mLevel 1[0m checking '/home/duy/cocarry_ws/install/rula_tracker' for CMake module files
[2.665s] [34mcolcon.colcon_core.event_handler.log_command[0m [1;30mDEBUG[0m [32mInvoked command in '/home/duy/cocarry_ws/src/rula_tracker' returned '0': PYTHONPATH=/home/duy/cocarry_ws/build/rula_tracker/prefix_override:/usr/lib/python3/dist-packages/colcon_core/task/python/colcon_distutils_commands:/home/duy/cocarry_ws/install/rula_tracker/lib/python3.10/site-packages:${PYTHONPATH} /usr/bin/python3 -W ignore:setup.py install is deprecated -W ignore:easy_install command is deprecated setup.py egg_info --egg-base ../../build/rula_tracker build --build-base /home/duy/cocarry_ws/build/rula_tracker/build install --record /home/duy/cocarry_ws/build/rula_tracker/install.log --single-version-externally-managed install_data[0m
[2.666s] [34mcolcon.colcon_core.environment[0m [1;30mLevel 1[0m checking '/home/duy/cocarry_ws/install/rula_tracker' for CMake config files
[2.667s] [34mcolcon.colcon_core.environment[0m [1;30mLevel 1[0m checking '/home/duy/cocarry_ws/install/rula_tracker/lib'
[2.667s] [34mcolcon.colcon_core.environment[0m [1;30mLevel 1[0m checking '/home/duy/cocarry_ws/install/rula_tracker/bin'
[2.667s] [34mcolcon.colcon_core.environment[0m [1;30mLevel 1[0m checking '/home/duy/cocarry_ws/install/rula_tracker/lib/pkgconfig/rula_tracker.pc'
[2.668s] [34mcolcon.colcon_core.environment[0m [1;30mLevel 1[0m checking '/home/duy/cocarry_ws/install/rula_tracker/lib/python3.10/site-packages'
[2.668s] [34mcolcon.colcon_core.shell[0m [1;30mLevel 1[0m create_environment_hook('rula_tracker', 'pythonpath')
[2.668s] [34mcolcon.colcon_core.shell[0m [1;30mINFO[0m Creating environment hook '/home/duy/cocarry_ws/install/rula_tracker/share/rula_tracker/hook/pythonpath.ps1'
[2.669s] [34mcolcon.colcon_core.shell[0m [1;30mINFO[0m Creating environment descriptor '/home/duy/cocarry_ws/install/rula_tracker/share/rula_tracker/hook/pythonpath.dsv'
[2.669s] [34mcolcon.colcon_core.shell[0m [1;30mINFO[0m Creating environment hook '/home/duy/cocarry_ws/install/rula_tracker/share/rula_tracker/hook/pythonpath.sh'
[2.670s] [34mcolcon.colcon_core.environment[0m [1;30mLevel 1[0m checking '/home/duy/cocarry_ws/install/rula_tracker/bin'
[2.670s] [34mcolcon.colcon_core.environment[0m [1;30mLevel 1[0m create_environment_scripts_only(rula_tracker)
[2.671s] [34mcolcon.colcon_core.shell[0m [1;30mINFO[0m Creating package script '/home/duy/cocarry_ws/install/rula_tracker/share/rula_tracker/package.ps1'
[2.671s] [34mcolcon.colcon_core.shell[0m [1;30mINFO[0m Creating package descriptor '/home/duy/cocarry_ws/install/rula_tracker/share/rula_tracker/package.dsv'
[2.672s] [34mcolcon.colcon_core.shell[0m [1;30mINFO[0m Creating package script '/home/duy/cocarry_ws/install/rula_tracker/share/rula_tracker/package.sh'
[2.672s] [34mcolcon.colcon_core.shell[0m [1;30mINFO[0m Creating package script '/home/duy/cocarry_ws/install/rula_tracker/share/rula_tracker/package.bash'
[2.672s] [34mcolcon.colcon_core.shell[0m [1;30mINFO[0m Creating package script '/home/duy/cocarry_ws/install/rula_tracker/share/rula_tracker/package.zsh'
[2.673s] [34mcolcon.colcon_core.environment[0m [1;30mLevel 1[0m create_file_with_runtime_dependencies(/home/duy/cocarry_ws/install/rula_tracker/share/colcon-core/packages/rula_tracker)
[2.706s] [34mcolcon.colcon_core.event_handler.log_command[0m [1;30mDEBUG[0m [32mInvoked command in '/home/duy/cocarry_ws/build/hc10dtp_bringup' returned '0': CMAKE_PREFIX_PATH=/home/duy/cocarry_ws/install/hc10dtp_moveit_config:/home/duy/cocarry_ws/install/motoman_hc10dtp_support:/home/duy/cocarry_ws/install/motoman_resources:/home/duy/cocarry_ws/install/hrc_bringup:/home/duy/cocarry_ws/install/trac_ik:/home/duy/cocarry_ws/install/trac_ik_kinematics:/home/duy/cocarry_ws/install/trac_ik_lib:/home/duy/cocarry_ws/install/motoros2_client_interface_dependencies:/home/duy/cocarry_ws/install/hc10dtp_simulation:/home/duy/cocarry_ws/install/motoros2_interfaces:/home/duy/cocarry_ws/install/hc10dtp_bringup:/home/duy/cocarry_ws/install/motoman_gp4_support:/home/duy/cocarry_ws/install/libfreenect2:/home/duy/cocarry_ws/install/kinect2_calibration:/home/duy/cocarry_ws/install/kinect2_bridge:/home/duy/cocarry_ws/install/kinect2_registration:/home/duy/cocarry_ws/install/industrial_msgs:/home/duy/cocarry_ws/install/trajectory_predictor:/home/duy/cocarry_ws/install/rula_tracker:/home/duy/cocarry_ws/install/realsense_tracker:/home/duy/cocarry_ws/install/predictor_ui:/home/duy/cocarry_ws/install/experiment_logger:/home/duy/cocarry_ws/install/coord_transform:/opt/ros/humble:/home/duy/cocarry_ws/install/human_hand_msgs /usr/bin/cmake --build /home/duy/cocarry_ws/build/hc10dtp_bringup -- -j16 -l16[0m
[2.708s] [34mcolcon.colcon_core.event_handler.log_command[0m [1;30mDEBUG[0m [32mInvoking command in '/home/duy/cocarry_ws/build/hc10dtp_bringup': CMAKE_PREFIX_PATH=/home/duy/cocarry_ws/install/hc10dtp_moveit_config:/home/duy/cocarry_ws/install/motoman_hc10dtp_support:/home/duy/cocarry_ws/install/motoman_resources:/home/duy/cocarry_ws/install/hrc_bringup:/home/duy/cocarry_ws/install/trac_ik:/home/duy/cocarry_ws/install/trac_ik_kinematics:/home/duy/cocarry_ws/install/trac_ik_lib:/home/duy/cocarry_ws/install/motoros2_client_interface_dependencies:/home/duy/cocarry_ws/install/hc10dtp_simulation:/home/duy/cocarry_ws/install/motoros2_interfaces:/home/duy/cocarry_ws/install/hc10dtp_bringup:/home/duy/cocarry_ws/install/motoman_gp4_support:/home/duy/cocarry_ws/install/libfreenect2:/home/duy/cocarry_ws/install/kinect2_calibration:/home/duy/cocarry_ws/install/kinect2_bridge:/home/duy/cocarry_ws/install/kinect2_registration:/home/duy/cocarry_ws/install/industrial_msgs:/home/duy/cocarry_ws/install/trajectory_predictor:/home/duy/cocarry_ws/install/rula_tracker:/home/duy/cocarry_ws/install/realsense_tracker:/home/duy/cocarry_ws/install/predictor_ui:/home/duy/cocarry_ws/install/experiment_logger:/home/duy/cocarry_ws/install/coord_transform:/opt/ros/humble:/home/duy/cocarry_ws/install/human_hand_msgs /usr/bin/cmake --install /home/duy/cocarry_ws/build/hc10dtp_bringup[0m
[2.730s] [34mcolcon.colcon_core.environment[0m [1;30mLevel 1[0m create_environment_scripts_only(hc10dtp_bringup)
[2.730s] [34mcolcon.colcon_core.environment[0m [1;30mLevel 1[0m checking '/home/duy/cocarry_ws/install/hc10dtp_bringup' for CMake module files
[2.731s] [34mcolcon.colcon_core.event_handler.log_command[0m [1;30mDEBUG[0m [32mInvoked command in '/home/duy/cocarry_ws/build/hc10dtp_bringup' returned '0': CMAKE_PREFIX_PATH=/home/duy/cocarry_ws/install/hc10dtp_moveit_config:/home/duy/cocarry_ws/install/motoman_hc10dtp_support:/home/duy/cocarry_ws/install/motoman_resources:/home/duy/cocarry_ws/install/hrc_bringup:/home/duy/cocarry_ws/install/trac_ik:/home/duy/cocarry_ws/install/trac_ik_kinematics:/home/duy/cocarry_ws/install/trac_ik_lib:/home/duy/cocarry_ws/install/motoros2_client_interface_dependencies:/home/duy/cocarry_ws/install/hc10dtp_simulation:/home/duy/cocarry_ws/install/motoros2_interfaces:/home/duy/cocarry_ws/install/hc10dtp_bringup:/home/duy/cocarry_ws/install/motoman_gp4_support:/home/duy/cocarry_ws/install/libfreenect2:/home/duy/cocarry_ws/install/kinect2_calibration:/home/duy/cocarry_ws/install/kinect2_bridge:/home/duy/cocarry_ws/install/kinect2_registration:/home/duy/cocarry_ws/install/industrial_msgs:/home/duy/cocarry_ws/install/trajectory_predictor:/home/duy/cocarry_ws/install/rula_tracker:/home/duy/cocarry_ws/install/realsense_tracker:/home/duy/cocarry_ws/install/predictor_ui:/home/duy/cocarry_ws/install/experiment_logger:/home/duy/cocarry_ws/install/coord_transform:/opt/ros/humble:/home/duy/cocarry_ws/install/human_hand_msgs /usr/bin/cmake --install /home/duy/cocarry_ws/build/hc10dtp_bringup[0m
[2.732s] [34mcolcon.colcon_core.environment[0m [1;30mLevel 1[0m checking '/home/duy/cocarry_ws/install/hc10dtp_bringup' for CMake config files
[2.732s] [34mcolcon.colcon_core.shell[0m [1;30mLevel 1[0m create_environment_hook('hc10dtp_bringup', 'cmake_prefix_path')
[2.733s] [34mcolcon.colcon_core.shell[0m [1;30mINFO[0m Creating environment hook '/home/duy/cocarry_ws/install/hc10dtp_bringup/share/hc10dtp_bringup/hook/cmake_prefix_path.ps1'
[2.734s] [34mcolcon.colcon_core.shell[0m [1;30mINFO[0m Creating environment descriptor '/home/duy/cocarry_ws/install/hc10dtp_bringup/share/hc10dtp_bringup/hook/cmake_prefix_path.dsv'
[2.734s] [34mcolcon.colcon_core.shell[0m [1;30mINFO[0m Creating environment hook '/home/duy/cocarry_ws/install/hc10dtp_bringup/share/hc10dtp_bringup/hook/cmake_prefix_path.sh'
[2.735s] [34mcolcon.colcon_core.environment[0m [1;30mLevel 1[0m checking '/home/duy/cocarry_ws/install/hc10dtp_bringup/lib'
[2.735s] [34mcolcon.colcon_core.environment[0m [1;30mLevel 1[0m checking '/home/duy/cocarry_ws/install/hc10dtp_bringup/bin'
[2.735s] [34mcolcon.colcon_core.environment[0m [1;30mLevel 1[0m checking '/home/duy/cocarry_ws/install/hc10dtp_bringup/lib/pkgconfig/hc10dtp_bringup.pc'
[2.735s] [34mcolcon.colcon_core.environment[0m [1;30mLevel 1[0m checking '/home/duy/cocarry_ws/install/hc10dtp_bringup/lib/python3.10/site-packages'
[2.736s] [34mcolcon.colcon_core.environment[0m [1;30mLevel 1[0m checking '/home/duy/cocarry_ws/install/hc10dtp_bringup/bin'
[2.736s] [34mcolcon.colcon_core.shell[0m [1;30mINFO[0m Creating package script '/home/duy/cocarry_ws/install/hc10dtp_bringup/share/hc10dtp_bringup/package.ps1'
[2.737s] [34mcolcon.colcon_core.shell[0m [1;30mINFO[0m Creating package descriptor '/home/duy/cocarry_ws/install/hc10dtp_bringup/share/hc10dtp_bringup/package.dsv'
[2.737s] [34mcolcon.colcon_core.shell[0m [1;30mINFO[0m Creating package script '/home/duy/cocarry_ws/install/hc10dtp_bringup/share/hc10dtp_bringup/package.sh'
[2.738s] [34mcolcon.colcon_core.shell[0m [1;30mINFO[0m Creating package script '/home/duy/cocarry_ws/install/hc10dtp_bringup/share/hc10dtp_bringup/package.bash'
[2.738s] [34mcolcon.colcon_core.shell[0m [1;30mINFO[0m Creating package script '/home/duy/cocarry_ws/install/hc10dtp_bringup/share/hc10dtp_bringup/package.zsh'
[2.738s] [34mcolcon.colcon_core.environment[0m [1;30mLevel 1[0m create_file_with_runtime_dependencies(/home/duy/cocarry_ws/install/hc10dtp_bringup/share/colcon-core/packages/hc10dtp_bringup)
[2.739s] [34mcolcon.colcon_core.environment[0m [1;30mLevel 1[0m create_environment_scripts_only(hc10dtp_bringup)
[2.739s] [34mcolcon.colcon_core.environment[0m [1;30mLevel 1[0m checking '/home/duy/cocarry_ws/install/hc10dtp_bringup' for CMake module files
[2.739s] [34mcolcon.colcon_core.environment[0m [1;30mLevel 1[0m checking '/home/duy/cocarry_ws/install/hc10dtp_bringup' for CMake config files
[2.739s] [34mcolcon.colcon_core.shell[0m [1;30mLevel 1[0m create_environment_hook('hc10dtp_bringup', 'cmake_prefix_path')
[2.740s] [34mcolcon.colcon_core.shell[0m [1;30mINFO[0m Creating environment hook '/home/duy/cocarry_ws/install/hc10dtp_bringup/share/hc10dtp_bringup/hook/cmake_prefix_path.ps1'
[2.740s] [34mcolcon.colcon_core.shell[0m [1;30mINFO[0m Creating environment descriptor '/home/duy/cocarry_ws/install/hc10dtp_bringup/share/hc10dtp_bringup/hook/cmake_prefix_path.dsv'
[2.740s] [34mcolcon.colcon_core.shell[0m [1;30mINFO[0m Creating environment hook '/home/duy/cocarry_ws/install/hc10dtp_bringup/share/hc10dtp_bringup/hook/cmake_prefix_path.sh'
[2.741s] [34mcolcon.colcon_core.environment[0m [1;30mLevel 1[0m checking '/home/duy/cocarry_ws/install/hc10dtp_bringup/lib'
[2.741s] [34mcolcon.colcon_core.environment[0m [1;30mLevel 1[0m checking '/home/duy/cocarry_ws/install/hc10dtp_bringup/bin'
[2.741s] [34mcolcon.colcon_core.environment[0m [1;30mLevel 1[0m checking '/home/duy/cocarry_ws/install/hc10dtp_bringup/lib/pkgconfig/hc10dtp_bringup.pc'
[2.741s] [34mcolcon.colcon_core.environment[0m [1;30mLevel 1[0m checking '/home/duy/cocarry_ws/install/hc10dtp_bringup/lib/python3.10/site-packages'
[2.742s] [34mcolcon.colcon_core.environment[0m [1;30mLevel 1[0m checking '/home/duy/cocarry_ws/install/hc10dtp_bringup/bin'
[2.742s] [34mcolcon.colcon_core.shell[0m [1;30mINFO[0m Creating package script '/home/duy/cocarry_ws/install/hc10dtp_bringup/share/hc10dtp_bringup/package.ps1'
[2.743s] [34mcolcon.colcon_core.shell[0m [1;30mINFO[0m Creating package descriptor '/home/duy/cocarry_ws/install/hc10dtp_bringup/share/hc10dtp_bringup/package.dsv'
[2.743s] [34mcolcon.colcon_core.shell[0m [1;30mINFO[0m Creating package script '/home/duy/cocarry_ws/install/hc10dtp_bringup/share/hc10dtp_bringup/package.sh'
[2.743s] [34mcolcon.colcon_core.shell[0m [1;30mINFO[0m Creating package script '/home/duy/cocarry_ws/install/hc10dtp_bringup/share/hc10dtp_bringup/package.bash'
[2.744s] [34mcolcon.colcon_core.shell[0m [1;30mINFO[0m Creating package script '/home/duy/cocarry_ws/install/hc10dtp_bringup/share/hc10dtp_bringup/package.zsh'
[2.744s] [34mcolcon.colcon_core.environment[0m [1;30mLevel 1[0m create_file_with_runtime_dependencies(/home/duy/cocarry_ws/install/hc10dtp_bringup/share/colcon-core/packages/hc10dtp_bringup)
[2.745s] [34mcolcon.colcon_ros.task.ament_cmake.build[0m [1;30mINFO[0m Building ROS package in '/home/duy/cocarry_ws/src/hc10dtp_simulation' with build type 'ament_cmake'
[2.745s] [34mcolcon.colcon_cmake.task.cmake.build[0m [1;30mINFO[0m Building CMake package in '/home/duy/cocarry_ws/src/hc10dtp_simulation'
[2.746s] [34mcolcon.colcon_core.shell[0m [1;30mINFO[0m Skip shell extension 'powershell' for command environment: Not usable outside of PowerShell
[2.746s] [34mcolcon.colcon_core.shell[0m [1;30mDEBUG[0m [32mSkip shell extension 'dsv' for command environment[0m
[2.769s] [34mcolcon.colcon_core.event_handler.log_command[0m [1;30mDEBUG[0m [32mInvoking command in '/home/duy/cocarry_ws/build/hc10dtp_simulation': CMAKE_PREFIX_PATH=/home/duy/cocarry_ws/install/hc10dtp_bringup:/home/duy/cocarry_ws/install/hc10dtp_moveit_config:/home/duy/cocarry_ws/install/motoman_hc10dtp_support:/home/duy/cocarry_ws/install/motoros2_interfaces:/home/duy/cocarry_ws/install/motoman_resources:/home/duy/cocarry_ws/install/hrc_bringup:/home/duy/cocarry_ws/install/trac_ik:/home/duy/cocarry_ws/install/trac_ik_kinematics:/home/duy/cocarry_ws/install/trac_ik_lib:/home/duy/cocarry_ws/install/motoros2_client_interface_dependencies:/home/duy/cocarry_ws/install/hc10dtp_simulation:/home/duy/cocarry_ws/install/motoman_gp4_support:/home/duy/cocarry_ws/install/libfreenect2:/home/duy/cocarry_ws/install/kinect2_calibration:/home/duy/cocarry_ws/install/kinect2_bridge:/home/duy/cocarry_ws/install/kinect2_registration:/home/duy/cocarry_ws/install/industrial_msgs:/home/duy/cocarry_ws/install/trajectory_predictor:/home/duy/cocarry_ws/install/rula_tracker:/home/duy/cocarry_ws/install/realsense_tracker:/home/duy/cocarry_ws/install/predictor_ui:/home/duy/cocarry_ws/install/experiment_logger:/home/duy/cocarry_ws/install/coord_transform:/opt/ros/humble:/home/duy/cocarry_ws/install/human_hand_msgs LD_LIBRARY_PATH=/home/duy/cocarry_ws/install/motoros2_interfaces/lib:/home/duy/cocarry_ws/install/trac_ik_kinematics/lib:/home/duy/cocarry_ws/install/trac_ik_lib/lib:/home/duy/cocarry_ws/install/libfreenect2/lib:/home/duy/cocarry_ws/install/kinect2_registration/lib:/home/duy/cocarry_ws/install/industrial_msgs/lib:/home/duy/cocarry_ws/install/human_hand_msgs/lib:/usr/local/lib/nuitrack:/usr/lib/x86_64-linux-gnu/gazebo-11/plugins:/opt/ros/humble/opt/rviz_ogre_vendor/lib:/opt/ros/humble/lib/x86_64-linux-gnu:/opt/ros/humble/lib:/usr/local/lib/nuitrack /usr/bin/cmake --build /home/duy/cocarry_ws/build/hc10dtp_simulation -- -j16 -l16[0m
[2.805s] [34mcolcon.colcon_core.event_handler.log_command[0m [1;30mDEBUG[0m [32mInvoking command in '/home/duy/cocarry_ws/src/realsense_tracker': CMAKE_PREFIX_PATH=/home/duy/cocarry_ws/install/human_hand_msgs:/home/duy/cocarry_ws/install/hrc_bringup:/home/duy/cocarry_ws/install/trac_ik:/home/duy/cocarry_ws/install/trac_ik_kinematics:/home/duy/cocarry_ws/install/trac_ik_lib:/home/duy/cocarry_ws/install/motoros2_client_interface_dependencies:/home/duy/cocarry_ws/install/hc10dtp_simulation:/home/duy/cocarry_ws/install/motoros2_interfaces:/home/duy/cocarry_ws/install/hc10dtp_bringup:/home/duy/cocarry_ws/install/hc10dtp_moveit_config:/home/duy/cocarry_ws/install/motoman_hc10dtp_support:/home/duy/cocarry_ws/install/motoman_gp4_support:/home/duy/cocarry_ws/install/motoman_resources:/home/duy/cocarry_ws/install/libfreenect2:/home/duy/cocarry_ws/install/kinect2_calibration:/home/duy/cocarry_ws/install/kinect2_bridge:/home/duy/cocarry_ws/install/kinect2_registration:/home/duy/cocarry_ws/install/industrial_msgs LD_LIBRARY_PATH=/home/duy/cocarry_ws/install/human_hand_msgs/lib:/home/duy/cocarry_ws/install/trac_ik_kinematics/lib:/home/duy/cocarry_ws/install/trac_ik_lib/lib:/home/duy/cocarry_ws/install/motoros2_interfaces/lib:/home/duy/cocarry_ws/install/libfreenect2/lib:/home/duy/cocarry_ws/install/kinect2_registration/lib:/home/duy/cocarry_ws/install/industrial_msgs/lib:/usr/local/lib/nuitrack:/usr/lib/x86_64-linux-gnu/gazebo-11/plugins:/opt/ros/humble/opt/rviz_ogre_vendor/lib:/opt/ros/humble/lib/x86_64-linux-gnu:/opt/ros/humble/lib:/usr/local/lib/nuitrack PYTHONPATH=/home/duy/cocarry_ws/build/realsense_tracker/prefix_override:/usr/lib/python3/dist-packages/colcon_core/task/python/colcon_distutils_commands:/home/duy/cocarry_ws/install/realsense_tracker/lib/python3.10/site-packages:/home/duy/cocarry_ws/install/human_hand_msgs/local/lib/python3.10/dist-packages:/home/duy/cocarry_ws/install/trajectory_predictor/lib/python3.10/site-packages:/home/duy/cocarry_ws/install/rula_tracker/lib/python3.10/site-packages:/home/duy/cocarry_ws/install/realsense_tracker/lib/python3.10/site-packages:/home/duy/cocarry_ws/install/predictor_ui/lib/python3.10/site-packages:/home/duy/cocarry_ws/install/motoros2_interfaces/local/lib/python3.10/dist-packages:/home/duy/cocarry_ws/install/industrial_msgs/local/lib/python3.10/dist-packages:/home/duy/cocarry_ws/install/experiment_logger/lib/python3.10/site-packages:/home/duy/cocarry_ws/install/coord_transform/lib/python3.10/site-packages:/opt/ros/humble/lib/python3.10/site-packages:/opt/ros/humble/local/lib/python3.10/dist-packages /usr/bin/python3 -W ignore:setup.py install is deprecated -W ignore:easy_install command is deprecated setup.py egg_info --egg-base ../../build/realsense_tracker build --build-base /home/duy/cocarry_ws/build/realsense_tracker/build install --record /home/duy/cocarry_ws/build/realsense_tracker/install.log --single-version-externally-managed install_data[0m
[2.810s] [34mcolcon.colcon_core.event_handler.log_command[0m [1;30mDEBUG[0m [32mInvoking command in '/home/duy/cocarry_ws/src/experiment_logger': CMAKE_PREFIX_PATH=/home/duy/cocarry_ws/install/human_hand_msgs:/home/duy/cocarry_ws/install/hrc_bringup:/home/duy/cocarry_ws/install/trac_ik:/home/duy/cocarry_ws/install/trac_ik_kinematics:/home/duy/cocarry_ws/install/trac_ik_lib:/home/duy/cocarry_ws/install/motoros2_client_interface_dependencies:/home/duy/cocarry_ws/install/hc10dtp_simulation:/home/duy/cocarry_ws/install/motoros2_interfaces:/home/duy/cocarry_ws/install/hc10dtp_bringup:/home/duy/cocarry_ws/install/hc10dtp_moveit_config:/home/duy/cocarry_ws/install/motoman_hc10dtp_support:/home/duy/cocarry_ws/install/motoman_gp4_support:/home/duy/cocarry_ws/install/motoman_resources:/home/duy/cocarry_ws/install/libfreenect2:/home/duy/cocarry_ws/install/kinect2_calibration:/home/duy/cocarry_ws/install/kinect2_bridge:/home/duy/cocarry_ws/install/kinect2_registration:/home/duy/cocarry_ws/install/industrial_msgs LD_LIBRARY_PATH=/home/duy/cocarry_ws/install/human_hand_msgs/lib:/home/duy/cocarry_ws/install/trac_ik_kinematics/lib:/home/duy/cocarry_ws/install/trac_ik_lib/lib:/home/duy/cocarry_ws/install/motoros2_interfaces/lib:/home/duy/cocarry_ws/install/libfreenect2/lib:/home/duy/cocarry_ws/install/kinect2_registration/lib:/home/duy/cocarry_ws/install/industrial_msgs/lib:/usr/local/lib/nuitrack:/usr/lib/x86_64-linux-gnu/gazebo-11/plugins:/opt/ros/humble/opt/rviz_ogre_vendor/lib:/opt/ros/humble/lib/x86_64-linux-gnu:/opt/ros/humble/lib:/usr/local/lib/nuitrack PYTHONPATH=/home/duy/cocarry_ws/build/experiment_logger/prefix_override:/usr/lib/python3/dist-packages/colcon_core/task/python/colcon_distutils_commands:/home/duy/cocarry_ws/install/experiment_logger/lib/python3.10/site-packages:/home/duy/cocarry_ws/install/human_hand_msgs/local/lib/python3.10/dist-packages:/home/duy/cocarry_ws/install/trajectory_predictor/lib/python3.10/site-packages:/home/duy/cocarry_ws/install/rula_tracker/lib/python3.10/site-packages:/home/duy/cocarry_ws/install/realsense_tracker/lib/python3.10/site-packages:/home/duy/cocarry_ws/install/predictor_ui/lib/python3.10/site-packages:/home/duy/cocarry_ws/install/motoros2_interfaces/local/lib/python3.10/dist-packages:/home/duy/cocarry_ws/install/industrial_msgs/local/lib/python3.10/dist-packages:/home/duy/cocarry_ws/install/experiment_logger/lib/python3.10/site-packages:/home/duy/cocarry_ws/install/coord_transform/lib/python3.10/site-packages:/opt/ros/humble/lib/python3.10/site-packages:/opt/ros/humble/local/lib/python3.10/dist-packages /usr/bin/python3 -W ignore:setup.py install is deprecated -W ignore:easy_install command is deprecated setup.py egg_info --egg-base ../../build/experiment_logger build --build-base /home/duy/cocarry_ws/build/experiment_logger/build install --record /home/duy/cocarry_ws/build/experiment_logger/install.log --single-version-externally-managed install_data[0m
[2.824s] [34mcolcon.colcon_core.event_handler.log_command[0m [1;30mDEBUG[0m [32mInvoked command in '/home/duy/cocarry_ws/build/hc10dtp_simulation' returned '0': CMAKE_PREFIX_PATH=/home/duy/cocarry_ws/install/hc10dtp_bringup:/home/duy/cocarry_ws/install/hc10dtp_moveit_config:/home/duy/cocarry_ws/install/motoman_hc10dtp_support:/home/duy/cocarry_ws/install/motoros2_interfaces:/home/duy/cocarry_ws/install/motoman_resources:/home/duy/cocarry_ws/install/hrc_bringup:/home/duy/cocarry_ws/install/trac_ik:/home/duy/cocarry_ws/install/trac_ik_kinematics:/home/duy/cocarry_ws/install/trac_ik_lib:/home/duy/cocarry_ws/install/motoros2_client_interface_dependencies:/home/duy/cocarry_ws/install/hc10dtp_simulation:/home/duy/cocarry_ws/install/motoman_gp4_support:/home/duy/cocarry_ws/install/libfreenect2:/home/duy/cocarry_ws/install/kinect2_calibration:/home/duy/cocarry_ws/install/kinect2_bridge:/home/duy/cocarry_ws/install/kinect2_registration:/home/duy/cocarry_ws/install/industrial_msgs:/home/duy/cocarry_ws/install/trajectory_predictor:/home/duy/cocarry_ws/install/rula_tracker:/home/duy/cocarry_ws/install/realsense_tracker:/home/duy/cocarry_ws/install/predictor_ui:/home/duy/cocarry_ws/install/experiment_logger:/home/duy/cocarry_ws/install/coord_transform:/opt/ros/humble:/home/duy/cocarry_ws/install/human_hand_msgs LD_LIBRARY_PATH=/home/duy/cocarry_ws/install/motoros2_interfaces/lib:/home/duy/cocarry_ws/install/trac_ik_kinematics/lib:/home/duy/cocarry_ws/install/trac_ik_lib/lib:/home/duy/cocarry_ws/install/libfreenect2/lib:/home/duy/cocarry_ws/install/kinect2_registration/lib:/home/duy/cocarry_ws/install/industrial_msgs/lib:/home/duy/cocarry_ws/install/human_hand_msgs/lib:/usr/local/lib/nuitrack:/usr/lib/x86_64-linux-gnu/gazebo-11/plugins:/opt/ros/humble/opt/rviz_ogre_vendor/lib:/opt/ros/humble/lib/x86_64-linux-gnu:/opt/ros/humble/lib:/usr/local/lib/nuitrack /usr/bin/cmake --build /home/duy/cocarry_ws/build/hc10dtp_simulation -- -j16 -l16[0m
[2.826s] [34mcolcon.colcon_core.event_handler.log_command[0m [1;30mDEBUG[0m [32mInvoking command in '/home/duy/cocarry_ws/build/hc10dtp_simulation': CMAKE_PREFIX_PATH=/home/duy/cocarry_ws/install/hc10dtp_bringup:/home/duy/cocarry_ws/install/hc10dtp_moveit_config:/home/duy/cocarry_ws/install/motoman_hc10dtp_support:/home/duy/cocarry_ws/install/motoros2_interfaces:/home/duy/cocarry_ws/install/motoman_resources:/home/duy/cocarry_ws/install/hrc_bringup:/home/duy/cocarry_ws/install/trac_ik:/home/duy/cocarry_ws/install/trac_ik_kinematics:/home/duy/cocarry_ws/install/trac_ik_lib:/home/duy/cocarry_ws/install/motoros2_client_interface_dependencies:/home/duy/cocarry_ws/install/hc10dtp_simulation:/home/duy/cocarry_ws/install/motoman_gp4_support:/home/duy/cocarry_ws/install/libfreenect2:/home/duy/cocarry_ws/install/kinect2_calibration:/home/duy/cocarry_ws/install/kinect2_bridge:/home/duy/cocarry_ws/install/kinect2_registration:/home/duy/cocarry_ws/install/industrial_msgs:/home/duy/cocarry_ws/install/trajectory_predictor:/home/duy/cocarry_ws/install/rula_tracker:/home/duy/cocarry_ws/install/realsense_tracker:/home/duy/cocarry_ws/install/predictor_ui:/home/duy/cocarry_ws/install/experiment_logger:/home/duy/cocarry_ws/install/coord_transform:/opt/ros/humble:/home/duy/cocarry_ws/install/human_hand_msgs LD_LIBRARY_PATH=/home/duy/cocarry_ws/install/motoros2_interfaces/lib:/home/duy/cocarry_ws/install/trac_ik_kinematics/lib:/home/duy/cocarry_ws/install/trac_ik_lib/lib:/home/duy/cocarry_ws/install/libfreenect2/lib:/home/duy/cocarry_ws/install/kinect2_registration/lib:/home/duy/cocarry_ws/install/industrial_msgs/lib:/home/duy/cocarry_ws/install/human_hand_msgs/lib:/usr/local/lib/nuitrack:/usr/lib/x86_64-linux-gnu/gazebo-11/plugins:/opt/ros/humble/opt/rviz_ogre_vendor/lib:/opt/ros/humble/lib/x86_64-linux-gnu:/opt/ros/humble/lib:/usr/local/lib/nuitrack /usr/bin/cmake --install /home/duy/cocarry_ws/build/hc10dtp_simulation[0m
[2.854s] [34mcolcon.colcon_core.environment[0m [1;30mLevel 1[0m create_environment_scripts_only(hc10dtp_simulation)
[2.855s] [34mcolcon.colcon_core.environment[0m [1;30mLevel 1[0m checking '/home/duy/cocarry_ws/install/hc10dtp_simulation' for CMake module files
[2.855s] [34mcolcon.colcon_core.event_handler.log_command[0m [1;30mDEBUG[0m [32mInvoked command in '/home/duy/cocarry_ws/build/hc10dtp_simulation' returned '0': CMAKE_PREFIX_PATH=/home/duy/cocarry_ws/install/hc10dtp_bringup:/home/duy/cocarry_ws/install/hc10dtp_moveit_config:/home/duy/cocarry_ws/install/motoman_hc10dtp_support:/home/duy/cocarry_ws/install/motoros2_interfaces:/home/duy/cocarry_ws/install/motoman_resources:/home/duy/cocarry_ws/install/hrc_bringup:/home/duy/cocarry_ws/install/trac_ik:/home/duy/cocarry_ws/install/trac_ik_kinematics:/home/duy/cocarry_ws/install/trac_ik_lib:/home/duy/cocarry_ws/install/motoros2_client_interface_dependencies:/home/duy/cocarry_ws/install/hc10dtp_simulation:/home/duy/cocarry_ws/install/motoman_gp4_support:/home/duy/cocarry_ws/install/libfreenect2:/home/duy/cocarry_ws/install/kinect2_calibration:/home/duy/cocarry_ws/install/kinect2_bridge:/home/duy/cocarry_ws/install/kinect2_registration:/home/duy/cocarry_ws/install/industrial_msgs:/home/duy/cocarry_ws/install/trajectory_predictor:/home/duy/cocarry_ws/install/rula_tracker:/home/duy/cocarry_ws/install/realsense_tracker:/home/duy/cocarry_ws/install/predictor_ui:/home/duy/cocarry_ws/install/experiment_logger:/home/duy/cocarry_ws/install/coord_transform:/opt/ros/humble:/home/duy/cocarry_ws/install/human_hand_msgs LD_LIBRARY_PATH=/home/duy/cocarry_ws/install/motoros2_interfaces/lib:/home/duy/cocarry_ws/install/trac_ik_kinematics/lib:/home/duy/cocarry_ws/install/trac_ik_lib/lib:/home/duy/cocarry_ws/install/libfreenect2/lib:/home/duy/cocarry_ws/install/kinect2_registration/lib:/home/duy/cocarry_ws/install/industrial_msgs/lib:/home/duy/cocarry_ws/install/human_hand_msgs/lib:/usr/local/lib/nuitrack:/usr/lib/x86_64-linux-gnu/gazebo-11/plugins:/opt/ros/humble/opt/rviz_ogre_vendor/lib:/opt/ros/humble/lib/x86_64-linux-gnu:/opt/ros/humble/lib:/usr/local/lib/nuitrack /usr/bin/cmake --install /home/duy/cocarry_ws/build/hc10dtp_simulation[0m
[2.856s] [34mcolcon.colcon_core.environment[0m [1;30mLevel 1[0m checking '/home/duy/cocarry_ws/install/hc10dtp_simulation' for CMake config files
[2.856s] [34mcolcon.colcon_core.shell[0m [1;30mLevel 1[0m create_environment_hook('hc10dtp_simulation', 'cmake_prefix_path')
[2.857s] [34mcolcon.colcon_core.shell[0m [1;30mINFO[0m Creating environment hook '/home/duy/cocarry_ws/install/hc10dtp_simulation/share/hc10dtp_simulation/hook/cmake_prefix_path.ps1'
[2.858s] [34mcolcon.colcon_core.shell[0m [1;30mINFO[0m Creating environment descriptor '/home/duy/cocarry_ws/install/hc10dtp_simulation/share/hc10dtp_simulation/hook/cmake_prefix_path.dsv'
[2.858s] [34mcolcon.colcon_core.shell[0m [1;30mINFO[0m Creating environment hook '/home/duy/cocarry_ws/install/hc10dtp_simulation/share/hc10dtp_simulation/hook/cmake_prefix_path.sh'
[2.859s] [34mcolcon.colcon_core.environment[0m [1;30mLevel 1[0m checking '/home/duy/cocarry_ws/install/hc10dtp_simulation/lib'
[2.859s] [34mcolcon.colcon_core.environment[0m [1;30mLevel 1[0m checking '/home/duy/cocarry_ws/install/hc10dtp_simulation/bin'
[2.859s] [34mcolcon.colcon_core.environment[0m [1;30mLevel 1[0m checking '/home/duy/cocarry_ws/install/hc10dtp_simulation/lib/pkgconfig/hc10dtp_simulation.pc'
[2.860s] [34mcolcon.colcon_core.environment[0m [1;30mLevel 1[0m checking '/home/duy/cocarry_ws/install/hc10dtp_simulation/lib/python3.10/site-packages'
[2.860s] [34mcolcon.colcon_core.environment[0m [1;30mLevel 1[0m checking '/home/duy/cocarry_ws/install/hc10dtp_simulation/bin'
[2.861s] [34mcolcon.colcon_core.shell[0m [1;30mINFO[0m Creating package script '/home/duy/cocarry_ws/install/hc10dtp_simulation/share/hc10dtp_simulation/package.ps1'
[2.862s] [34mcolcon.colcon_core.shell[0m [1;30mINFO[0m Creating package descriptor '/home/duy/cocarry_ws/install/hc10dtp_simulation/share/hc10dtp_simulation/package.dsv'
[2.862s] [34mcolcon.colcon_core.shell[0m [1;30mINFO[0m Creating package script '/home/duy/cocarry_ws/install/hc10dtp_simulation/share/hc10dtp_simulation/package.sh'
[2.863s] [34mcolcon.colcon_core.shell[0m [1;30mINFO[0m Creating package script '/home/duy/cocarry_ws/install/hc10dtp_simulation/share/hc10dtp_simulation/package.bash'
[2.863s] [34mcolcon.colcon_core.shell[0m [1;30mINFO[0m Creating package script '/home/duy/cocarry_ws/install/hc10dtp_simulation/share/hc10dtp_simulation/package.zsh'
[2.864s] [34mcolcon.colcon_core.environment[0m [1;30mLevel 1[0m create_file_with_runtime_dependencies(/home/duy/cocarry_ws/install/hc10dtp_simulation/share/colcon-core/packages/hc10dtp_simulation)
[2.865s] [34mcolcon.colcon_core.environment[0m [1;30mLevel 1[0m create_environment_scripts_only(hc10dtp_simulation)
[2.865s] [34mcolcon.colcon_core.environment[0m [1;30mLevel 1[0m checking '/home/duy/cocarry_ws/install/hc10dtp_simulation' for CMake module files
[2.866s] [34mcolcon.colcon_core.environment[0m [1;30mLevel 1[0m checking '/home/duy/cocarry_ws/install/hc10dtp_simulation' for CMake config files
[2.866s] [34mcolcon.colcon_core.shell[0m [1;30mLevel 1[0m create_environment_hook('hc10dtp_simulation', 'cmake_prefix_path')
[2.867s] [34mcolcon.colcon_core.shell[0m [1;30mINFO[0m Creating environment hook '/home/duy/cocarry_ws/install/hc10dtp_simulation/share/hc10dtp_simulation/hook/cmake_prefix_path.ps1'
[2.868s] [34mcolcon.colcon_core.shell[0m [1;30mINFO[0m Creating environment descriptor '/home/duy/cocarry_ws/install/hc10dtp_simulation/share/hc10dtp_simulation/hook/cmake_prefix_path.dsv'
[2.868s] [34mcolcon.colcon_core.shell[0m [1;30mINFO[0m Creating environment hook '/home/duy/cocarry_ws/install/hc10dtp_simulation/share/hc10dtp_simulation/hook/cmake_prefix_path.sh'
[2.869s] [34mcolcon.colcon_core.environment[0m [1;30mLevel 1[0m checking '/home/duy/cocarry_ws/install/hc10dtp_simulation/lib'
[2.869s] [34mcolcon.colcon_core.environment[0m [1;30mLevel 1[0m checking '/home/duy/cocarry_ws/install/hc10dtp_simulation/bin'
[2.870s] [34mcolcon.colcon_core.environment[0m [1;30mLevel 1[0m checking '/home/duy/cocarry_ws/install/hc10dtp_simulation/lib/pkgconfig/hc10dtp_simulation.pc'
[2.870s] [34mcolcon.colcon_core.environment[0m [1;30mLevel 1[0m checking '/home/duy/cocarry_ws/install/hc10dtp_simulation/lib/python3.10/site-packages'
[2.870s] [34mcolcon.colcon_core.environment[0m [1;30mLevel 1[0m checking '/home/duy/cocarry_ws/install/hc10dtp_simulation/bin'
[2.871s] [34mcolcon.colcon_core.shell[0m [1;30mINFO[0m Creating package script '/home/duy/cocarry_ws/install/hc10dtp_simulation/share/hc10dtp_simulation/package.ps1'
[2.872s] [34mcolcon.colcon_core.shell[0m [1;30mINFO[0m Creating package descriptor '/home/duy/cocarry_ws/install/hc10dtp_simulation/share/hc10dtp_simulation/package.dsv'
[2.873s] [34mcolcon.colcon_core.shell[0m [1;30mINFO[0m Creating package script '/home/duy/cocarry_ws/install/hc10dtp_simulation/share/hc10dtp_simulation/package.sh'
[2.873s] [34mcolcon.colcon_core.shell[0m [1;30mINFO[0m Creating package script '/home/duy/cocarry_ws/install/hc10dtp_simulation/share/hc10dtp_simulation/package.bash'
[2.874s] [34mcolcon.colcon_core.shell[0m [1;30mINFO[0m Creating package script '/home/duy/cocarry_ws/install/hc10dtp_simulation/share/hc10dtp_simulation/package.zsh'
[2.875s] [34mcolcon.colcon_core.environment[0m [1;30mLevel 1[0m create_file_with_runtime_dependencies(/home/duy/cocarry_ws/install/hc10dtp_simulation/share/colcon-core/packages/hc10dtp_simulation)
[2.897s] [34mcolcon.colcon_core.event_handler.log_command[0m [1;30mDEBUG[0m [32mInvoking command in '/home/duy/cocarry_ws/src/predictor_ui': CMAKE_PREFIX_PATH=/home/duy/cocarry_ws/install/human_hand_msgs:/home/duy/cocarry_ws/install/hrc_bringup:/home/duy/cocarry_ws/install/trac_ik:/home/duy/cocarry_ws/install/trac_ik_kinematics:/home/duy/cocarry_ws/install/trac_ik_lib:/home/duy/cocarry_ws/install/motoros2_client_interface_dependencies:/home/duy/cocarry_ws/install/hc10dtp_simulation:/home/duy/cocarry_ws/install/motoros2_interfaces:/home/duy/cocarry_ws/install/hc10dtp_bringup:/home/duy/cocarry_ws/install/hc10dtp_moveit_config:/home/duy/cocarry_ws/install/motoman_hc10dtp_support:/home/duy/cocarry_ws/install/motoman_gp4_support:/home/duy/cocarry_ws/install/motoman_resources:/home/duy/cocarry_ws/install/libfreenect2:/home/duy/cocarry_ws/install/kinect2_calibration:/home/duy/cocarry_ws/install/kinect2_bridge:/home/duy/cocarry_ws/install/kinect2_registration:/home/duy/cocarry_ws/install/industrial_msgs LD_LIBRARY_PATH=/home/duy/cocarry_ws/install/human_hand_msgs/lib:/home/duy/cocarry_ws/install/trac_ik_kinematics/lib:/home/duy/cocarry_ws/install/trac_ik_lib/lib:/home/duy/cocarry_ws/install/motoros2_interfaces/lib:/home/duy/cocarry_ws/install/libfreenect2/lib:/home/duy/cocarry_ws/install/kinect2_registration/lib:/home/duy/cocarry_ws/install/industrial_msgs/lib:/usr/local/lib/nuitrack:/usr/lib/x86_64-linux-gnu/gazebo-11/plugins:/opt/ros/humble/opt/rviz_ogre_vendor/lib:/opt/ros/humble/lib/x86_64-linux-gnu:/opt/ros/humble/lib:/usr/local/lib/nuitrack PYTHONPATH=/home/duy/cocarry_ws/build/predictor_ui/prefix_override:/usr/lib/python3/dist-packages/colcon_core/task/python/colcon_distutils_commands:/home/duy/cocarry_ws/install/predictor_ui/lib/python3.10/site-packages:/home/duy/cocarry_ws/install/human_hand_msgs/local/lib/python3.10/dist-packages:/home/duy/cocarry_ws/install/trajectory_predictor/lib/python3.10/site-packages:/home/duy/cocarry_ws/install/rula_tracker/lib/python3.10/site-packages:/home/duy/cocarry_ws/install/realsense_tracker/lib/python3.10/site-packages:/home/duy/cocarry_ws/install/predictor_ui/lib/python3.10/site-packages:/home/duy/cocarry_ws/install/motoros2_interfaces/local/lib/python3.10/dist-packages:/home/duy/cocarry_ws/install/industrial_msgs/local/lib/python3.10/dist-packages:/home/duy/cocarry_ws/install/experiment_logger/lib/python3.10/site-packages:/home/duy/cocarry_ws/install/coord_transform/lib/python3.10/site-packages:/opt/ros/humble/lib/python3.10/site-packages:/opt/ros/humble/local/lib/python3.10/dist-packages /usr/bin/python3 -W ignore:setup.py install is deprecated -W ignore:easy_install command is deprecated setup.py egg_info --egg-base ../../build/predictor_ui build --build-base /home/duy/cocarry_ws/build/predictor_ui/build install --record /home/duy/cocarry_ws/build/predictor_ui/install.log --single-version-externally-managed install_data[0m
[2.929s] [34mcolcon.colcon_core.event_handler.log_command[0m [1;30mDEBUG[0m [32mInvoking command in '/home/duy/cocarry_ws/src/coord_transform': CMAKE_PREFIX_PATH=/home/duy/cocarry_ws/install/human_hand_msgs:/home/duy/cocarry_ws/install/hrc_bringup:/home/duy/cocarry_ws/install/trac_ik:/home/duy/cocarry_ws/install/trac_ik_kinematics:/home/duy/cocarry_ws/install/trac_ik_lib:/home/duy/cocarry_ws/install/motoros2_client_interface_dependencies:/home/duy/cocarry_ws/install/hc10dtp_simulation:/home/duy/cocarry_ws/install/motoros2_interfaces:/home/duy/cocarry_ws/install/hc10dtp_bringup:/home/duy/cocarry_ws/install/hc10dtp_moveit_config:/home/duy/cocarry_ws/install/motoman_hc10dtp_support:/home/duy/cocarry_ws/install/motoman_gp4_support:/home/duy/cocarry_ws/install/motoman_resources:/home/duy/cocarry_ws/install/libfreenect2:/home/duy/cocarry_ws/install/kinect2_calibration:/home/duy/cocarry_ws/install/kinect2_bridge:/home/duy/cocarry_ws/install/kinect2_registration:/home/duy/cocarry_ws/install/industrial_msgs LD_LIBRARY_PATH=/home/duy/cocarry_ws/install/human_hand_msgs/lib:/home/duy/cocarry_ws/install/trac_ik_kinematics/lib:/home/duy/cocarry_ws/install/trac_ik_lib/lib:/home/duy/cocarry_ws/install/motoros2_interfaces/lib:/home/duy/cocarry_ws/install/libfreenect2/lib:/home/duy/cocarry_ws/install/kinect2_registration/lib:/home/duy/cocarry_ws/install/industrial_msgs/lib:/usr/local/lib/nuitrack:/usr/lib/x86_64-linux-gnu/gazebo-11/plugins:/opt/ros/humble/opt/rviz_ogre_vendor/lib:/opt/ros/humble/lib/x86_64-linux-gnu:/opt/ros/humble/lib:/usr/local/lib/nuitrack PYTHONPATH=/home/duy/cocarry_ws/build/coord_transform/prefix_override:/usr/lib/python3/dist-packages/colcon_core/task/python/colcon_distutils_commands:/home/duy/cocarry_ws/install/coord_transform/lib/python3.10/site-packages:/home/duy/cocarry_ws/install/human_hand_msgs/local/lib/python3.10/dist-packages:/home/duy/cocarry_ws/install/trajectory_predictor/lib/python3.10/site-packages:/home/duy/cocarry_ws/install/rula_tracker/lib/python3.10/site-packages:/home/duy/cocarry_ws/install/realsense_tracker/lib/python3.10/site-packages:/home/duy/cocarry_ws/install/predictor_ui/lib/python3.10/site-packages:/home/duy/cocarry_ws/install/motoros2_interfaces/local/lib/python3.10/dist-packages:/home/duy/cocarry_ws/install/industrial_msgs/local/lib/python3.10/dist-packages:/home/duy/cocarry_ws/install/experiment_logger/lib/python3.10/site-packages:/home/duy/cocarry_ws/install/coord_transform/lib/python3.10/site-packages:/opt/ros/humble/lib/python3.10/site-packages:/opt/ros/humble/local/lib/python3.10/dist-packages /usr/bin/python3 -W ignore:setup.py install is deprecated -W ignore:easy_install command is deprecated setup.py egg_info --egg-base ../../build/coord_transform build --build-base /home/duy/cocarry_ws/build/coord_transform/build install --record /home/duy/cocarry_ws/build/coord_transform/install.log --single-version-externally-managed install_data[0m
[3.000s] [34mcolcon.colcon_core.event_handler.log_command[0m [1;30mDEBUG[0m [32mInvoking command in '/home/duy/cocarry_ws/src/trajectory_predictor': CMAKE_PREFIX_PATH=/home/duy/cocarry_ws/install/human_hand_msgs:/home/duy/cocarry_ws/install/hrc_bringup:/home/duy/cocarry_ws/install/trac_ik:/home/duy/cocarry_ws/install/trac_ik_kinematics:/home/duy/cocarry_ws/install/trac_ik_lib:/home/duy/cocarry_ws/install/motoros2_client_interface_dependencies:/home/duy/cocarry_ws/install/hc10dtp_simulation:/home/duy/cocarry_ws/install/motoros2_interfaces:/home/duy/cocarry_ws/install/hc10dtp_bringup:/home/duy/cocarry_ws/install/hc10dtp_moveit_config:/home/duy/cocarry_ws/install/motoman_hc10dtp_support:/home/duy/cocarry_ws/install/motoman_gp4_support:/home/duy/cocarry_ws/install/motoman_resources:/home/duy/cocarry_ws/install/libfreenect2:/home/duy/cocarry_ws/install/kinect2_calibration:/home/duy/cocarry_ws/install/kinect2_bridge:/home/duy/cocarry_ws/install/kinect2_registration:/home/duy/cocarry_ws/install/industrial_msgs LD_LIBRARY_PATH=/home/duy/cocarry_ws/install/human_hand_msgs/lib:/home/duy/cocarry_ws/install/trac_ik_kinematics/lib:/home/duy/cocarry_ws/install/trac_ik_lib/lib:/home/duy/cocarry_ws/install/motoros2_interfaces/lib:/home/duy/cocarry_ws/install/libfreenect2/lib:/home/duy/cocarry_ws/install/kinect2_registration/lib:/home/duy/cocarry_ws/install/industrial_msgs/lib:/usr/local/lib/nuitrack:/usr/lib/x86_64-linux-gnu/gazebo-11/plugins:/opt/ros/humble/opt/rviz_ogre_vendor/lib:/opt/ros/humble/lib/x86_64-linux-gnu:/opt/ros/humble/lib:/usr/local/lib/nuitrack PYTHONPATH=/home/duy/cocarry_ws/build/trajectory_predictor/prefix_override:/usr/lib/python3/dist-packages/colcon_core/task/python/colcon_distutils_commands:/home/duy/cocarry_ws/install/trajectory_predictor/lib/python3.10/site-packages:/home/duy/cocarry_ws/install/human_hand_msgs/local/lib/python3.10/dist-packages:/home/duy/cocarry_ws/install/trajectory_predictor/lib/python3.10/site-packages:/home/duy/cocarry_ws/install/rula_tracker/lib/python3.10/site-packages:/home/duy/cocarry_ws/install/realsense_tracker/lib/python3.10/site-packages:/home/duy/cocarry_ws/install/predictor_ui/lib/python3.10/site-packages:/home/duy/cocarry_ws/install/motoros2_interfaces/local/lib/python3.10/dist-packages:/home/duy/cocarry_ws/install/industrial_msgs/local/lib/python3.10/dist-packages:/home/duy/cocarry_ws/install/experiment_logger/lib/python3.10/site-packages:/home/duy/cocarry_ws/install/coord_transform/lib/python3.10/site-packages:/opt/ros/humble/lib/python3.10/site-packages:/opt/ros/humble/local/lib/python3.10/dist-packages /usr/bin/python3 -W ignore:setup.py install is deprecated -W ignore:easy_install command is deprecated setup.py egg_info --egg-base ../../build/trajectory_predictor build --build-base /home/duy/cocarry_ws/build/trajectory_predictor/build install --record /home/duy/cocarry_ws/build/trajectory_predictor/install.log --single-version-externally-managed install_data[0m
[3.146s] [34mcolcon.colcon_core.environment[0m [1;30mLevel 1[0m checking '/home/duy/cocarry_ws/install/realsense_tracker' for CMake module files
[3.147s] [34mcolcon.colcon_core.event_handler.log_command[0m [1;30mDEBUG[0m [32mInvoked command in '/home/duy/cocarry_ws/src/realsense_tracker' returned '0': CMAKE_PREFIX_PATH=/home/duy/cocarry_ws/install/human_hand_msgs:/home/duy/cocarry_ws/install/hrc_bringup:/home/duy/cocarry_ws/install/trac_ik:/home/duy/cocarry_ws/install/trac_ik_kinematics:/home/duy/cocarry_ws/install/trac_ik_lib:/home/duy/cocarry_ws/install/motoros2_client_interface_dependencies:/home/duy/cocarry_ws/install/hc10dtp_simulation:/home/duy/cocarry_ws/install/motoros2_interfaces:/home/duy/cocarry_ws/install/hc10dtp_bringup:/home/duy/cocarry_ws/install/hc10dtp_moveit_config:/home/duy/cocarry_ws/install/motoman_hc10dtp_support:/home/duy/cocarry_ws/install/motoman_gp4_support:/home/duy/cocarry_ws/install/motoman_resources:/home/duy/cocarry_ws/install/libfreenect2:/home/duy/cocarry_ws/install/kinect2_calibration:/home/duy/cocarry_ws/install/kinect2_bridge:/home/duy/cocarry_ws/install/kinect2_registration:/home/duy/cocarry_ws/install/industrial_msgs LD_LIBRARY_PATH=/home/duy/cocarry_ws/install/human_hand_msgs/lib:/home/duy/cocarry_ws/install/trac_ik_kinematics/lib:/home/duy/cocarry_ws/install/trac_ik_lib/lib:/home/duy/cocarry_ws/install/motoros2_interfaces/lib:/home/duy/cocarry_ws/install/libfreenect2/lib:/home/duy/cocarry_ws/install/kinect2_registration/lib:/home/duy/cocarry_ws/install/industrial_msgs/lib:/usr/local/lib/nuitrack:/usr/lib/x86_64-linux-gnu/gazebo-11/plugins:/opt/ros/humble/opt/rviz_ogre_vendor/lib:/opt/ros/humble/lib/x86_64-linux-gnu:/opt/ros/humble/lib:/usr/local/lib/nuitrack PYTHONPATH=/home/duy/cocarry_ws/build/realsense_tracker/prefix_override:/usr/lib/python3/dist-packages/colcon_core/task/python/colcon_distutils_commands:/home/duy/cocarry_ws/install/realsense_tracker/lib/python3.10/site-packages:/home/duy/cocarry_ws/install/human_hand_msgs/local/lib/python3.10/dist-packages:/home/duy/cocarry_ws/install/trajectory_predictor/lib/python3.10/site-packages:/home/duy/cocarry_ws/install/rula_tracker/lib/python3.10/site-packages:/home/duy/cocarry_ws/install/realsense_tracker/lib/python3.10/site-packages:/home/duy/cocarry_ws/install/predictor_ui/lib/python3.10/site-packages:/home/duy/cocarry_ws/install/motoros2_interfaces/local/lib/python3.10/dist-packages:/home/duy/cocarry_ws/install/industrial_msgs/local/lib/python3.10/dist-packages:/home/duy/cocarry_ws/install/experiment_logger/lib/python3.10/site-packages:/home/duy/cocarry_ws/install/coord_transform/lib/python3.10/site-packages:/opt/ros/humble/lib/python3.10/site-packages:/opt/ros/humble/local/lib/python3.10/dist-packages /usr/bin/python3 -W ignore:setup.py install is deprecated -W ignore:easy_install command is deprecated setup.py egg_info --egg-base ../../build/realsense_tracker build --build-base /home/duy/cocarry_ws/build/realsense_tracker/build install --record /home/duy/cocarry_ws/build/realsense_tracker/install.log --single-version-externally-managed install_data[0m
[3.147s] [34mcolcon.colcon_core.environment[0m [1;30mLevel 1[0m checking '/home/duy/cocarry_ws/install/realsense_tracker' for CMake config files
[3.148s] [34mcolcon.colcon_core.environment[0m [1;30mLevel 1[0m checking '/home/duy/cocarry_ws/install/realsense_tracker/lib'
[3.148s] [34mcolcon.colcon_core.environment[0m [1;30mLevel 1[0m checking '/home/duy/cocarry_ws/install/realsense_tracker/bin'
[3.148s] [34mcolcon.colcon_core.environment[0m [1;30mLevel 1[0m checking '/home/duy/cocarry_ws/install/realsense_tracker/lib/pkgconfig/realsense_tracker.pc'
[3.148s] [34mcolcon.colcon_core.environment[0m [1;30mLevel 1[0m checking '/home/duy/cocarry_ws/install/realsense_tracker/lib/python3.10/site-packages'
[3.148s] [34mcolcon.colcon_core.shell[0m [1;30mLevel 1[0m create_environment_hook('realsense_tracker', 'pythonpath')
[3.149s] [34mcolcon.colcon_core.shell[0m [1;30mINFO[0m Creating environment hook '/home/duy/cocarry_ws/install/realsense_tracker/share/realsense_tracker/hook/pythonpath.ps1'
[3.150s] [34mcolcon.colcon_core.shell[0m [1;30mINFO[0m Creating environment descriptor '/home/duy/cocarry_ws/install/realsense_tracker/share/realsense_tracker/hook/pythonpath.dsv'
[3.150s] [34mcolcon.colcon_core.shell[0m [1;30mINFO[0m Creating environment hook '/home/duy/cocarry_ws/install/realsense_tracker/share/realsense_tracker/hook/pythonpath.sh'
[3.151s] [34mcolcon.colcon_core.environment[0m [1;30mLevel 1[0m checking '/home/duy/cocarry_ws/install/realsense_tracker/bin'
[3.151s] [34mcolcon.colcon_core.environment[0m [1;30mLevel 1[0m create_environment_scripts_only(realsense_tracker)
[3.152s] [34mcolcon.colcon_core.shell[0m [1;30mINFO[0m Creating package script '/home/duy/cocarry_ws/install/realsense_tracker/share/realsense_tracker/package.ps1'
[3.153s] [34mcolcon.colcon_core.shell[0m [1;30mINFO[0m Creating package descriptor '/home/duy/cocarry_ws/install/realsense_tracker/share/realsense_tracker/package.dsv'
[3.153s] [34mcolcon.colcon_core.shell[0m [1;30mINFO[0m Creating package script '/home/duy/cocarry_ws/install/realsense_tracker/share/realsense_tracker/package.sh'
[3.154s] [34mcolcon.colcon_core.shell[0m [1;30mINFO[0m Creating package script '/home/duy/cocarry_ws/install/realsense_tracker/share/realsense_tracker/package.bash'
[3.155s] [34mcolcon.colcon_core.shell[0m [1;30mINFO[0m Creating package script '/home/duy/cocarry_ws/install/realsense_tracker/share/realsense_tracker/package.zsh'
[3.155s] [34mcolcon.colcon_core.environment[0m [1;30mLevel 1[0m create_file_with_runtime_dependencies(/home/duy/cocarry_ws/install/realsense_tracker/share/colcon-core/packages/realsense_tracker)
[3.158s] [34mcolcon.colcon_core.environment[0m [1;30mLevel 1[0m checking '/home/duy/cocarry_ws/install/experiment_logger' for CMake module files
[3.159s] [34mcolcon.colcon_core.event_handler.log_command[0m [1;30mDEBUG[0m [32mInvoked command in '/home/duy/cocarry_ws/src/experiment_logger' returned '0': CMAKE_PREFIX_PATH=/home/duy/cocarry_ws/install/human_hand_msgs:/home/duy/cocarry_ws/install/hrc_bringup:/home/duy/cocarry_ws/install/trac_ik:/home/duy/cocarry_ws/install/trac_ik_kinematics:/home/duy/cocarry_ws/install/trac_ik_lib:/home/duy/cocarry_ws/install/motoros2_client_interface_dependencies:/home/duy/cocarry_ws/install/hc10dtp_simulation:/home/duy/cocarry_ws/install/motoros2_interfaces:/home/duy/cocarry_ws/install/hc10dtp_bringup:/home/duy/cocarry_ws/install/hc10dtp_moveit_config:/home/duy/cocarry_ws/install/motoman_hc10dtp_support:/home/duy/cocarry_ws/install/motoman_gp4_support:/home/duy/cocarry_ws/install/motoman_resources:/home/duy/cocarry_ws/install/libfreenect2:/home/duy/cocarry_ws/install/kinect2_calibration:/home/duy/cocarry_ws/install/kinect2_bridge:/home/duy/cocarry_ws/install/kinect2_registration:/home/duy/cocarry_ws/install/industrial_msgs LD_LIBRARY_PATH=/home/duy/cocarry_ws/install/human_hand_msgs/lib:/home/duy/cocarry_ws/install/trac_ik_kinematics/lib:/home/duy/cocarry_ws/install/trac_ik_lib/lib:/home/duy/cocarry_ws/install/motoros2_interfaces/lib:/home/duy/cocarry_ws/install/libfreenect2/lib:/home/duy/cocarry_ws/install/kinect2_registration/lib:/home/duy/cocarry_ws/install/industrial_msgs/lib:/usr/local/lib/nuitrack:/usr/lib/x86_64-linux-gnu/gazebo-11/plugins:/opt/ros/humble/opt/rviz_ogre_vendor/lib:/opt/ros/humble/lib/x86_64-linux-gnu:/opt/ros/humble/lib:/usr/local/lib/nuitrack PYTHONPATH=/home/duy/cocarry_ws/build/experiment_logger/prefix_override:/usr/lib/python3/dist-packages/colcon_core/task/python/colcon_distutils_commands:/home/duy/cocarry_ws/install/experiment_logger/lib/python3.10/site-packages:/home/duy/cocarry_ws/install/human_hand_msgs/local/lib/python3.10/dist-packages:/home/duy/cocarry_ws/install/trajectory_predictor/lib/python3.10/site-packages:/home/duy/cocarry_ws/install/rula_tracker/lib/python3.10/site-packages:/home/duy/cocarry_ws/install/realsense_tracker/lib/python3.10/site-packages:/home/duy/cocarry_ws/install/predictor_ui/lib/python3.10/site-packages:/home/duy/cocarry_ws/install/motoros2_interfaces/local/lib/python3.10/dist-packages:/home/duy/cocarry_ws/install/industrial_msgs/local/lib/python3.10/dist-packages:/home/duy/cocarry_ws/install/experiment_logger/lib/python3.10/site-packages:/home/duy/cocarry_ws/install/coord_transform/lib/python3.10/site-packages:/opt/ros/humble/lib/python3.10/site-packages:/opt/ros/humble/local/lib/python3.10/dist-packages /usr/bin/python3 -W ignore:setup.py install is deprecated -W ignore:easy_install command is deprecated setup.py egg_info --egg-base ../../build/experiment_logger build --build-base /home/duy/cocarry_ws/build/experiment_logger/build install --record /home/duy/cocarry_ws/build/experiment_logger/install.log --single-version-externally-managed install_data[0m
[3.160s] [34mcolcon.colcon_core.environment[0m [1;30mLevel 1[0m checking '/home/duy/cocarry_ws/install/experiment_logger' for CMake config files
[3.160s] [34mcolcon.colcon_core.environment[0m [1;30mLevel 1[0m checking '/home/duy/cocarry_ws/install/experiment_logger/lib'
[3.160s] [34mcolcon.colcon_core.environment[0m [1;30mLevel 1[0m checking '/home/duy/cocarry_ws/install/experiment_logger/bin'
[3.160s] [34mcolcon.colcon_core.environment[0m [1;30mLevel 1[0m checking '/home/duy/cocarry_ws/install/experiment_logger/lib/pkgconfig/experiment_logger.pc'
[3.161s] [34mcolcon.colcon_core.environment[0m [1;30mLevel 1[0m checking '/home/duy/cocarry_ws/install/experiment_logger/lib/python3.10/site-packages'
[3.161s] [34mcolcon.colcon_core.shell[0m [1;30mLevel 1[0m create_environment_hook('experiment_logger', 'pythonpath')
[3.161s] [34mcolcon.colcon_core.shell[0m [1;30mINFO[0m Creating environment hook '/home/duy/cocarry_ws/install/experiment_logger/share/experiment_logger/hook/pythonpath.ps1'
[3.162s] [34mcolcon.colcon_core.shell[0m [1;30mINFO[0m Creating environment descriptor '/home/duy/cocarry_ws/install/experiment_logger/share/experiment_logger/hook/pythonpath.dsv'
[3.163s] [34mcolcon.colcon_core.shell[0m [1;30mINFO[0m Creating environment hook '/home/duy/cocarry_ws/install/experiment_logger/share/experiment_logger/hook/pythonpath.sh'
[3.164s] [34mcolcon.colcon_core.environment[0m [1;30mLevel 1[0m checking '/home/duy/cocarry_ws/install/experiment_logger/bin'
[3.164s] [34mcolcon.colcon_core.environment[0m [1;30mLevel 1[0m create_environment_scripts_only(experiment_logger)
[3.164s] [34mcolcon.colcon_core.shell[0m [1;30mINFO[0m Creating package script '/home/duy/cocarry_ws/install/experiment_logger/share/experiment_logger/package.ps1'
[3.165s] [34mcolcon.colcon_core.shell[0m [1;30mINFO[0m Creating package descriptor '/home/duy/cocarry_ws/install/experiment_logger/share/experiment_logger/package.dsv'
[3.166s] [34mcolcon.colcon_core.shell[0m [1;30mINFO[0m Creating package script '/home/duy/cocarry_ws/install/experiment_logger/share/experiment_logger/package.sh'
[3.167s] [34mcolcon.colcon_core.shell[0m [1;30mINFO[0m Creating package script '/home/duy/cocarry_ws/install/experiment_logger/share/experiment_logger/package.bash'
[3.168s] [34mcolcon.colcon_core.shell[0m [1;30mINFO[0m Creating package script '/home/duy/cocarry_ws/install/experiment_logger/share/experiment_logger/package.zsh'
[3.169s] [34mcolcon.colcon_core.environment[0m [1;30mLevel 1[0m create_file_with_runtime_dependencies(/home/duy/cocarry_ws/install/experiment_logger/share/colcon-core/packages/experiment_logger)
[3.221s] [34mcolcon.colcon_core.environment[0m [1;30mLevel 1[0m checking '/home/duy/cocarry_ws/install/predictor_ui' for CMake module files
[3.222s] [34mcolcon.colcon_core.event_handler.log_command[0m [1;30mDEBUG[0m [32mInvoked command in '/home/duy/cocarry_ws/src/predictor_ui' returned '0': CMAKE_PREFIX_PATH=/home/duy/cocarry_ws/install/human_hand_msgs:/home/duy/cocarry_ws/install/hrc_bringup:/home/duy/cocarry_ws/install/trac_ik:/home/duy/cocarry_ws/install/trac_ik_kinematics:/home/duy/cocarry_ws/install/trac_ik_lib:/home/duy/cocarry_ws/install/motoros2_client_interface_dependencies:/home/duy/cocarry_ws/install/hc10dtp_simulation:/home/duy/cocarry_ws/install/motoros2_interfaces:/home/duy/cocarry_ws/install/hc10dtp_bringup:/home/duy/cocarry_ws/install/hc10dtp_moveit_config:/home/duy/cocarry_ws/install/motoman_hc10dtp_support:/home/duy/cocarry_ws/install/motoman_gp4_support:/home/duy/cocarry_ws/install/motoman_resources:/home/duy/cocarry_ws/install/libfreenect2:/home/duy/cocarry_ws/install/kinect2_calibration:/home/duy/cocarry_ws/install/kinect2_bridge:/home/duy/cocarry_ws/install/kinect2_registration:/home/duy/cocarry_ws/install/industrial_msgs LD_LIBRARY_PATH=/home/duy/cocarry_ws/install/human_hand_msgs/lib:/home/duy/cocarry_ws/install/trac_ik_kinematics/lib:/home/duy/cocarry_ws/install/trac_ik_lib/lib:/home/duy/cocarry_ws/install/motoros2_interfaces/lib:/home/duy/cocarry_ws/install/libfreenect2/lib:/home/duy/cocarry_ws/install/kinect2_registration/lib:/home/duy/cocarry_ws/install/industrial_msgs/lib:/usr/local/lib/nuitrack:/usr/lib/x86_64-linux-gnu/gazebo-11/plugins:/opt/ros/humble/opt/rviz_ogre_vendor/lib:/opt/ros/humble/lib/x86_64-linux-gnu:/opt/ros/humble/lib:/usr/local/lib/nuitrack PYTHONPATH=/home/duy/cocarry_ws/build/predictor_ui/prefix_override:/usr/lib/python3/dist-packages/colcon_core/task/python/colcon_distutils_commands:/home/duy/cocarry_ws/install/predictor_ui/lib/python3.10/site-packages:/home/duy/cocarry_ws/install/human_hand_msgs/local/lib/python3.10/dist-packages:/home/duy/cocarry_ws/install/trajectory_predictor/lib/python3.10/site-packages:/home/duy/cocarry_ws/install/rula_tracker/lib/python3.10/site-packages:/home/duy/cocarry_ws/install/realsense_tracker/lib/python3.10/site-packages:/home/duy/cocarry_ws/install/predictor_ui/lib/python3.10/site-packages:/home/duy/cocarry_ws/install/motoros2_interfaces/local/lib/python3.10/dist-packages:/home/duy/cocarry_ws/install/industrial_msgs/local/lib/python3.10/dist-packages:/home/duy/cocarry_ws/install/experiment_logger/lib/python3.10/site-packages:/home/duy/cocarry_ws/install/coord_transform/lib/python3.10/site-packages:/opt/ros/humble/lib/python3.10/site-packages:/opt/ros/humble/local/lib/python3.10/dist-packages /usr/bin/python3 -W ignore:setup.py install is deprecated -W ignore:easy_install command is deprecated setup.py egg_info --egg-base ../../build/predictor_ui build --build-base /home/duy/cocarry_ws/build/predictor_ui/build install --record /home/duy/cocarry_ws/build/predictor_ui/install.log --single-version-externally-managed install_data[0m
[3.222s] [34mcolcon.colcon_core.environment[0m [1;30mLevel 1[0m checking '/home/duy/cocarry_ws/install/predictor_ui' for CMake config files
[3.223s] [34mcolcon.colcon_core.environment[0m [1;30mLevel 1[0m checking '/home/duy/cocarry_ws/install/predictor_ui/lib'
[3.223s] [34mcolcon.colcon_core.environment[0m [1;30mLevel 1[0m checking '/home/duy/cocarry_ws/install/predictor_ui/bin'
[3.223s] [34mcolcon.colcon_core.environment[0m [1;30mLevel 1[0m checking '/home/duy/cocarry_ws/install/predictor_ui/lib/pkgconfig/predictor_ui.pc'
[3.223s] [34mcolcon.colcon_core.environment[0m [1;30mLevel 1[0m checking '/home/duy/cocarry_ws/install/predictor_ui/lib/python3.10/site-packages'
[3.223s] [34mcolcon.colcon_core.shell[0m [1;30mLevel 1[0m create_environment_hook('predictor_ui', 'pythonpath')
[3.224s] [34mcolcon.colcon_core.shell[0m [1;30mINFO[0m Creating environment hook '/home/duy/cocarry_ws/install/predictor_ui/share/predictor_ui/hook/pythonpath.ps1'
[3.224s] [34mcolcon.colcon_core.shell[0m [1;30mINFO[0m Creating environment descriptor '/home/duy/cocarry_ws/install/predictor_ui/share/predictor_ui/hook/pythonpath.dsv'
[3.225s] [34mcolcon.colcon_core.shell[0m [1;30mINFO[0m Creating environment hook '/home/duy/cocarry_ws/install/predictor_ui/share/predictor_ui/hook/pythonpath.sh'
[3.226s] [34mcolcon.colcon_core.environment[0m [1;30mLevel 1[0m checking '/home/duy/cocarry_ws/install/predictor_ui/bin'
[3.226s] [34mcolcon.colcon_core.environment[0m [1;30mLevel 1[0m create_environment_scripts_only(predictor_ui)
[3.227s] [34mcolcon.colcon_core.shell[0m [1;30mINFO[0m Creating package script '/home/duy/cocarry_ws/install/predictor_ui/share/predictor_ui/package.ps1'
[3.228s] [34mcolcon.colcon_core.shell[0m [1;30mINFO[0m Creating package descriptor '/home/duy/cocarry_ws/install/predictor_ui/share/predictor_ui/package.dsv'
[3.229s] [34mcolcon.colcon_core.shell[0m [1;30mINFO[0m Creating package script '/home/duy/cocarry_ws/install/predictor_ui/share/predictor_ui/package.sh'
[3.229s] [34mcolcon.colcon_core.shell[0m [1;30mINFO[0m Creating package script '/home/duy/cocarry_ws/install/predictor_ui/share/predictor_ui/package.bash'
[3.230s] [34mcolcon.colcon_core.shell[0m [1;30mINFO[0m Creating package script '/home/duy/cocarry_ws/install/predictor_ui/share/predictor_ui/package.zsh'
[3.230s] [34mcolcon.colcon_core.environment[0m [1;30mLevel 1[0m create_file_with_runtime_dependencies(/home/duy/cocarry_ws/install/predictor_ui/share/colcon-core/packages/predictor_ui)
[3.338s] [34mcolcon.colcon_core.environment[0m [1;30mLevel 1[0m checking '/home/duy/cocarry_ws/install/coord_transform' for CMake module files
[3.339s] [34mcolcon.colcon_core.event_handler.log_command[0m [1;30mDEBUG[0m [32mInvoked command in '/home/duy/cocarry_ws/src/coord_transform' returned '0': CMAKE_PREFIX_PATH=/home/duy/cocarry_ws/install/human_hand_msgs:/home/duy/cocarry_ws/install/hrc_bringup:/home/duy/cocarry_ws/install/trac_ik:/home/duy/cocarry_ws/install/trac_ik_kinematics:/home/duy/cocarry_ws/install/trac_ik_lib:/home/duy/cocarry_ws/install/motoros2_client_interface_dependencies:/home/duy/cocarry_ws/install/hc10dtp_simulation:/home/duy/cocarry_ws/install/motoros2_interfaces:/home/duy/cocarry_ws/install/hc10dtp_bringup:/home/duy/cocarry_ws/install/hc10dtp_moveit_config:/home/duy/cocarry_ws/install/motoman_hc10dtp_support:/home/duy/cocarry_ws/install/motoman_gp4_support:/home/duy/cocarry_ws/install/motoman_resources:/home/duy/cocarry_ws/install/libfreenect2:/home/duy/cocarry_ws/install/kinect2_calibration:/home/duy/cocarry_ws/install/kinect2_bridge:/home/duy/cocarry_ws/install/kinect2_registration:/home/duy/cocarry_ws/install/industrial_msgs LD_LIBRARY_PATH=/home/duy/cocarry_ws/install/human_hand_msgs/lib:/home/duy/cocarry_ws/install/trac_ik_kinematics/lib:/home/duy/cocarry_ws/install/trac_ik_lib/lib:/home/duy/cocarry_ws/install/motoros2_interfaces/lib:/home/duy/cocarry_ws/install/libfreenect2/lib:/home/duy/cocarry_ws/install/kinect2_registration/lib:/home/duy/cocarry_ws/install/industrial_msgs/lib:/usr/local/lib/nuitrack:/usr/lib/x86_64-linux-gnu/gazebo-11/plugins:/opt/ros/humble/opt/rviz_ogre_vendor/lib:/opt/ros/humble/lib/x86_64-linux-gnu:/opt/ros/humble/lib:/usr/local/lib/nuitrack PYTHONPATH=/home/duy/cocarry_ws/build/coord_transform/prefix_override:/usr/lib/python3/dist-packages/colcon_core/task/python/colcon_distutils_commands:/home/duy/cocarry_ws/install/coord_transform/lib/python3.10/site-packages:/home/duy/cocarry_ws/install/human_hand_msgs/local/lib/python3.10/dist-packages:/home/duy/cocarry_ws/install/trajectory_predictor/lib/python3.10/site-packages:/home/duy/cocarry_ws/install/rula_tracker/lib/python3.10/site-packages:/home/duy/cocarry_ws/install/realsense_tracker/lib/python3.10/site-packages:/home/duy/cocarry_ws/install/predictor_ui/lib/python3.10/site-packages:/home/duy/cocarry_ws/install/motoros2_interfaces/local/lib/python3.10/dist-packages:/home/duy/cocarry_ws/install/industrial_msgs/local/lib/python3.10/dist-packages:/home/duy/cocarry_ws/install/experiment_logger/lib/python3.10/site-packages:/home/duy/cocarry_ws/install/coord_transform/lib/python3.10/site-packages:/opt/ros/humble/lib/python3.10/site-packages:/opt/ros/humble/local/lib/python3.10/dist-packages /usr/bin/python3 -W ignore:setup.py install is deprecated -W ignore:easy_install command is deprecated setup.py egg_info --egg-base ../../build/coord_transform build --build-base /home/duy/cocarry_ws/build/coord_transform/build install --record /home/duy/cocarry_ws/build/coord_transform/install.log --single-version-externally-managed install_data[0m
[3.339s] [34mcolcon.colcon_core.environment[0m [1;30mLevel 1[0m checking '/home/duy/cocarry_ws/install/coord_transform' for CMake config files
[3.340s] [34mcolcon.colcon_core.environment[0m [1;30mLevel 1[0m checking '/home/duy/cocarry_ws/install/coord_transform/lib'
[3.340s] [34mcolcon.colcon_core.environment[0m [1;30mLevel 1[0m checking '/home/duy/cocarry_ws/install/coord_transform/bin'
[3.340s] [34mcolcon.colcon_core.environment[0m [1;30mLevel 1[0m checking '/home/duy/cocarry_ws/install/coord_transform/lib/pkgconfig/coord_transform.pc'
[3.340s] [34mcolcon.colcon_core.environment[0m [1;30mLevel 1[0m checking '/home/duy/cocarry_ws/install/coord_transform/lib/python3.10/site-packages'
[3.340s] [34mcolcon.colcon_core.shell[0m [1;30mLevel 1[0m create_environment_hook('coord_transform', 'pythonpath')
[3.340s] [34mcolcon.colcon_core.shell[0m [1;30mINFO[0m Creating environment hook '/home/duy/cocarry_ws/install/coord_transform/share/coord_transform/hook/pythonpath.ps1'
[3.341s] [34mcolcon.colcon_core.shell[0m [1;30mINFO[0m Creating environment descriptor '/home/duy/cocarry_ws/install/coord_transform/share/coord_transform/hook/pythonpath.dsv'
[3.341s] [34mcolcon.colcon_core.shell[0m [1;30mINFO[0m Creating environment hook '/home/duy/cocarry_ws/install/coord_transform/share/coord_transform/hook/pythonpath.sh'
[3.342s] [34mcolcon.colcon_core.environment[0m [1;30mLevel 1[0m checking '/home/duy/cocarry_ws/install/coord_transform/bin'
[3.342s] [34mcolcon.colcon_core.environment[0m [1;30mLevel 1[0m create_environment_scripts_only(coord_transform)
[3.342s] [34mcolcon.colcon_core.shell[0m [1;30mINFO[0m Creating package script '/home/duy/cocarry_ws/install/coord_transform/share/coord_transform/package.ps1'
[3.343s] [34mcolcon.colcon_core.shell[0m [1;30mINFO[0m Creating package descriptor '/home/duy/cocarry_ws/install/coord_transform/share/coord_transform/package.dsv'
[3.343s] [34mcolcon.colcon_core.shell[0m [1;30mINFO[0m Creating package script '/home/duy/cocarry_ws/install/coord_transform/share/coord_transform/package.sh'
[3.343s] [34mcolcon.colcon_core.shell[0m [1;30mINFO[0m Creating package script '/home/duy/cocarry_ws/install/coord_transform/share/coord_transform/package.bash'
[3.344s] [34mcolcon.colcon_core.shell[0m [1;30mINFO[0m Creating package script '/home/duy/cocarry_ws/install/coord_transform/share/coord_transform/package.zsh'
[3.344s] [34mcolcon.colcon_core.environment[0m [1;30mLevel 1[0m create_file_with_runtime_dependencies(/home/duy/cocarry_ws/install/coord_transform/share/colcon-core/packages/coord_transform)
[3.372s] [34mcolcon.colcon_core.environment[0m [1;30mLevel 1[0m checking '/home/duy/cocarry_ws/install/trajectory_predictor' for CMake module files
[3.373s] [34mcolcon.colcon_core.event_handler.log_command[0m [1;30mDEBUG[0m [32mInvoked command in '/home/duy/cocarry_ws/src/trajectory_predictor' returned '0': CMAKE_PREFIX_PATH=/home/duy/cocarry_ws/install/human_hand_msgs:/home/duy/cocarry_ws/install/hrc_bringup:/home/duy/cocarry_ws/install/trac_ik:/home/duy/cocarry_ws/install/trac_ik_kinematics:/home/duy/cocarry_ws/install/trac_ik_lib:/home/duy/cocarry_ws/install/motoros2_client_interface_dependencies:/home/duy/cocarry_ws/install/hc10dtp_simulation:/home/duy/cocarry_ws/install/motoros2_interfaces:/home/duy/cocarry_ws/install/hc10dtp_bringup:/home/duy/cocarry_ws/install/hc10dtp_moveit_config:/home/duy/cocarry_ws/install/motoman_hc10dtp_support:/home/duy/cocarry_ws/install/motoman_gp4_support:/home/duy/cocarry_ws/install/motoman_resources:/home/duy/cocarry_ws/install/libfreenect2:/home/duy/cocarry_ws/install/kinect2_calibration:/home/duy/cocarry_ws/install/kinect2_bridge:/home/duy/cocarry_ws/install/kinect2_registration:/home/duy/cocarry_ws/install/industrial_msgs LD_LIBRARY_PATH=/home/duy/cocarry_ws/install/human_hand_msgs/lib:/home/duy/cocarry_ws/install/trac_ik_kinematics/lib:/home/duy/cocarry_ws/install/trac_ik_lib/lib:/home/duy/cocarry_ws/install/motoros2_interfaces/lib:/home/duy/cocarry_ws/install/libfreenect2/lib:/home/duy/cocarry_ws/install/kinect2_registration/lib:/home/duy/cocarry_ws/install/industrial_msgs/lib:/usr/local/lib/nuitrack:/usr/lib/x86_64-linux-gnu/gazebo-11/plugins:/opt/ros/humble/opt/rviz_ogre_vendor/lib:/opt/ros/humble/lib/x86_64-linux-gnu:/opt/ros/humble/lib:/usr/local/lib/nuitrack PYTHONPATH=/home/duy/cocarry_ws/build/trajectory_predictor/prefix_override:/usr/lib/python3/dist-packages/colcon_core/task/python/colcon_distutils_commands:/home/duy/cocarry_ws/install/trajectory_predictor/lib/python3.10/site-packages:/home/duy/cocarry_ws/install/human_hand_msgs/local/lib/python3.10/dist-packages:/home/duy/cocarry_ws/install/trajectory_predictor/lib/python3.10/site-packages:/home/duy/cocarry_ws/install/rula_tracker/lib/python3.10/site-packages:/home/duy/cocarry_ws/install/realsense_tracker/lib/python3.10/site-packages:/home/duy/cocarry_ws/install/predictor_ui/lib/python3.10/site-packages:/home/duy/cocarry_ws/install/motoros2_interfaces/local/lib/python3.10/dist-packages:/home/duy/cocarry_ws/install/industrial_msgs/local/lib/python3.10/dist-packages:/home/duy/cocarry_ws/install/experiment_logger/lib/python3.10/site-packages:/home/duy/cocarry_ws/install/coord_transform/lib/python3.10/site-packages:/opt/ros/humble/lib/python3.10/site-packages:/opt/ros/humble/local/lib/python3.10/dist-packages /usr/bin/python3 -W ignore:setup.py install is deprecated -W ignore:easy_install command is deprecated setup.py egg_info --egg-base ../../build/trajectory_predictor build --build-base /home/duy/cocarry_ws/build/trajectory_predictor/build install --record /home/duy/cocarry_ws/build/trajectory_predictor/install.log --single-version-externally-managed install_data[0m
[3.373s] [34mcolcon.colcon_core.environment[0m [1;30mLevel 1[0m checking '/home/duy/cocarry_ws/install/trajectory_predictor' for CMake config files
[3.374s] [34mcolcon.colcon_core.environment[0m [1;30mLevel 1[0m checking '/home/duy/cocarry_ws/install/trajectory_predictor/lib'
[3.374s] [34mcolcon.colcon_core.environment[0m [1;30mLevel 1[0m checking '/home/duy/cocarry_ws/install/trajectory_predictor/bin'
[3.374s] [34mcolcon.colcon_core.environment[0m [1;30mLevel 1[0m checking '/home/duy/cocarry_ws/install/trajectory_predictor/lib/pkgconfig/trajectory_predictor.pc'
[3.374s] [34mcolcon.colcon_core.environment[0m [1;30mLevel 1[0m checking '/home/duy/cocarry_ws/install/trajectory_predictor/lib/python3.10/site-packages'
[3.374s] [34mcolcon.colcon_core.shell[0m [1;30mLevel 1[0m create_environment_hook('trajectory_predictor', 'pythonpath')
[3.374s] [34mcolcon.colcon_core.shell[0m [1;30mINFO[0m Creating environment hook '/home/duy/cocarry_ws/install/trajectory_predictor/share/trajectory_predictor/hook/pythonpath.ps1'
[3.375s] [34mcolcon.colcon_core.shell[0m [1;30mINFO[0m Creating environment descriptor '/home/duy/cocarry_ws/install/trajectory_predictor/share/trajectory_predictor/hook/pythonpath.dsv'
[3.375s] [34mcolcon.colcon_core.shell[0m [1;30mINFO[0m Creating environment hook '/home/duy/cocarry_ws/install/trajectory_predictor/share/trajectory_predictor/hook/pythonpath.sh'
[3.376s] [34mcolcon.colcon_core.environment[0m [1;30mLevel 1[0m checking '/home/duy/cocarry_ws/install/trajectory_predictor/bin'
[3.376s] [34mcolcon.colcon_core.environment[0m [1;30mLevel 1[0m create_environment_scripts_only(trajectory_predictor)
[3.377s] [34mcolcon.colcon_core.shell[0m [1;30mINFO[0m Creating package script '/home/duy/cocarry_ws/install/trajectory_predictor/share/trajectory_predictor/package.ps1'
[3.378s] [34mcolcon.colcon_core.shell[0m [1;30mINFO[0m Creating package descriptor '/home/duy/cocarry_ws/install/trajectory_predictor/share/trajectory_predictor/package.dsv'
[3.378s] [34mcolcon.colcon_core.shell[0m [1;30mINFO[0m Creating package script '/home/duy/cocarry_ws/install/trajectory_predictor/share/trajectory_predictor/package.sh'
[3.379s] [34mcolcon.colcon_core.shell[0m [1;30mINFO[0m Creating package script '/home/duy/cocarry_ws/install/trajectory_predictor/share/trajectory_predictor/package.bash'
[3.379s] [34mcolcon.colcon_core.shell[0m [1;30mINFO[0m Creating package script '/home/duy/cocarry_ws/install/trajectory_predictor/share/trajectory_predictor/package.zsh'
[3.379s] [34mcolcon.colcon_core.environment[0m [1;30mLevel 1[0m create_file_with_runtime_dependencies(/home/duy/cocarry_ws/install/trajectory_predictor/share/colcon-core/packages/trajectory_predictor)
[3.380s] [34mcolcon.colcon_ros.task.ament_cmake.build[0m [1;30mINFO[0m Building ROS package in '/home/duy/cocarry_ws/src/hrc_bringup' with build type 'ament_cmake'
[3.380s] [34mcolcon.colcon_cmake.task.cmake.build[0m [1;30mINFO[0m Building CMake package in '/home/duy/cocarry_ws/src/hrc_bringup'
[3.380s] [34mcolcon.colcon_core.shell[0m [1;30mINFO[0m Skip shell extension 'powershell' for command environment: Not usable outside of PowerShell
[3.380s] [34mcolcon.colcon_core.shell[0m [1;30mDEBUG[0m [32mSkip shell extension 'dsv' for command environment[0m
[3.407s] [34mcolcon.colcon_core.event_handler.log_command[0m [1;30mDEBUG[0m [32mInvoking command in '/home/duy/cocarry_ws/build/hrc_bringup': AMENT_PREFIX_PATH=/home/duy/cocarry_ws/install/trajectory_predictor:/home/duy/cocarry_ws/install/realsense_tracker:/home/duy/cocarry_ws/install/predictor_ui:/home/duy/cocarry_ws/install/experiment_logger:/home/duy/cocarry_ws/install/coord_transform:/home/duy/cocarry_ws/install/hrc_bringup:/home/duy/cocarry_ws/install/trac_ik:/home/duy/cocarry_ws/install/trac_ik_kinematics:/home/duy/cocarry_ws/install/trac_ik_lib:/home/duy/cocarry_ws/install/rula_tracker:/home/duy/cocarry_ws/install/motoros2_client_interface_dependencies:/home/duy/cocarry_ws/install/hc10dtp_simulation:/home/duy/cocarry_ws/install/motoros2_interfaces:/home/duy/cocarry_ws/install/hc10dtp_bringup:/home/duy/cocarry_ws/install/hc10dtp_moveit_config:/home/duy/cocarry_ws/install/motoman_hc10dtp_support:/home/duy/cocarry_ws/install/motoman_gp4_support:/home/duy/cocarry_ws/install/motoman_resources:/home/duy/cocarry_ws/install/kinect2_calibration:/home/duy/cocarry_ws/install/kinect2_bridge:/home/duy/cocarry_ws/install/kinect2_registration:/home/duy/cocarry_ws/install/industrial_msgs:/opt/ros/humble CMAKE_PREFIX_PATH=/home/duy/cocarry_ws/install/hc10dtp_simulation:/home/duy/cocarry_ws/install/hc10dtp_bringup:/home/duy/cocarry_ws/install/hc10dtp_moveit_config:/home/duy/cocarry_ws/install/motoman_hc10dtp_support:/home/duy/cocarry_ws/install/motoros2_interfaces:/home/duy/cocarry_ws/install/motoman_resources:/home/duy/cocarry_ws/install/trajectory_predictor:/home/duy/cocarry_ws/install/rula_tracker:/home/duy/cocarry_ws/install/realsense_tracker:/home/duy/cocarry_ws/install/predictor_ui:/home/duy/cocarry_ws/install/experiment_logger:/home/duy/cocarry_ws/install/coord_transform:/opt/ros/humble:/home/duy/cocarry_ws/install/human_hand_msgs:/home/duy/cocarry_ws/install/hrc_bringup:/home/duy/cocarry_ws/install/trac_ik:/home/duy/cocarry_ws/install/trac_ik_kinematics:/home/duy/cocarry_ws/install/trac_ik_lib:/home/duy/cocarry_ws/install/motoros2_client_interface_dependencies:/home/duy/cocarry_ws/install/motoman_gp4_support:/home/duy/cocarry_ws/install/libfreenect2:/home/duy/cocarry_ws/install/kinect2_calibration:/home/duy/cocarry_ws/install/kinect2_bridge:/home/duy/cocarry_ws/install/kinect2_registration:/home/duy/cocarry_ws/install/industrial_msgs LD_LIBRARY_PATH=/home/duy/cocarry_ws/install/motoros2_interfaces/lib:/home/duy/cocarry_ws/install/human_hand_msgs/lib:/home/duy/cocarry_ws/install/trac_ik_kinematics/lib:/home/duy/cocarry_ws/install/trac_ik_lib/lib:/home/duy/cocarry_ws/install/libfreenect2/lib:/home/duy/cocarry_ws/install/kinect2_registration/lib:/home/duy/cocarry_ws/install/industrial_msgs/lib:/usr/local/lib/nuitrack:/usr/lib/x86_64-linux-gnu/gazebo-11/plugins:/opt/ros/humble/opt/rviz_ogre_vendor/lib:/opt/ros/humble/lib/x86_64-linux-gnu:/opt/ros/humble/lib:/usr/local/lib/nuitrack PYTHONPATH=/home/duy/cocarry_ws/install/trajectory_predictor/lib/python3.10/site-packages:/home/duy/cocarry_ws/install/realsense_tracker/lib/python3.10/site-packages:/home/duy/cocarry_ws/install/predictor_ui/lib/python3.10/site-packages:/home/duy/cocarry_ws/install/experiment_logger/lib/python3.10/site-packages:/home/duy/cocarry_ws/install/coord_transform/lib/python3.10/site-packages:/home/duy/cocarry_ws/install/human_hand_msgs/local/lib/python3.10/dist-packages:/home/duy/cocarry_ws/install/rula_tracker/lib/python3.10/site-packages:/home/duy/cocarry_ws/install/motoros2_interfaces/local/lib/python3.10/dist-packages:/home/duy/cocarry_ws/install/industrial_msgs/local/lib/python3.10/dist-packages:/opt/ros/humble/lib/python3.10/site-packages:/opt/ros/humble/local/lib/python3.10/dist-packages /usr/bin/cmake --build /home/duy/cocarry_ws/build/hrc_bringup -- -j16 -l16[0m
[3.445s] [34mcolcon.colcon_core.event_handler.log_command[0m [1;30mDEBUG[0m [32mInvoked command in '/home/duy/cocarry_ws/build/hrc_bringup' returned '0': AMENT_PREFIX_PATH=/home/duy/cocarry_ws/install/trajectory_predictor:/home/duy/cocarry_ws/install/realsense_tracker:/home/duy/cocarry_ws/install/predictor_ui:/home/duy/cocarry_ws/install/experiment_logger:/home/duy/cocarry_ws/install/coord_transform:/home/duy/cocarry_ws/install/hrc_bringup:/home/duy/cocarry_ws/install/trac_ik:/home/duy/cocarry_ws/install/trac_ik_kinematics:/home/duy/cocarry_ws/install/trac_ik_lib:/home/duy/cocarry_ws/install/rula_tracker:/home/duy/cocarry_ws/install/motoros2_client_interface_dependencies:/home/duy/cocarry_ws/install/hc10dtp_simulation:/home/duy/cocarry_ws/install/motoros2_interfaces:/home/duy/cocarry_ws/install/hc10dtp_bringup:/home/duy/cocarry_ws/install/hc10dtp_moveit_config:/home/duy/cocarry_ws/install/motoman_hc10dtp_support:/home/duy/cocarry_ws/install/motoman_gp4_support:/home/duy/cocarry_ws/install/motoman_resources:/home/duy/cocarry_ws/install/kinect2_calibration:/home/duy/cocarry_ws/install/kinect2_bridge:/home/duy/cocarry_ws/install/kinect2_registration:/home/duy/cocarry_ws/install/industrial_msgs:/opt/ros/humble CMAKE_PREFIX_PATH=/home/duy/cocarry_ws/install/hc10dtp_simulation:/home/duy/cocarry_ws/install/hc10dtp_bringup:/home/duy/cocarry_ws/install/hc10dtp_moveit_config:/home/duy/cocarry_ws/install/motoman_hc10dtp_support:/home/duy/cocarry_ws/install/motoros2_interfaces:/home/duy/cocarry_ws/install/motoman_resources:/home/duy/cocarry_ws/install/trajectory_predictor:/home/duy/cocarry_ws/install/rula_tracker:/home/duy/cocarry_ws/install/realsense_tracker:/home/duy/cocarry_ws/install/predictor_ui:/home/duy/cocarry_ws/install/experiment_logger:/home/duy/cocarry_ws/install/coord_transform:/opt/ros/humble:/home/duy/cocarry_ws/install/human_hand_msgs:/home/duy/cocarry_ws/install/hrc_bringup:/home/duy/cocarry_ws/install/trac_ik:/home/duy/cocarry_ws/install/trac_ik_kinematics:/home/duy/cocarry_ws/install/trac_ik_lib:/home/duy/cocarry_ws/install/motoros2_client_interface_dependencies:/home/duy/cocarry_ws/install/motoman_gp4_support:/home/duy/cocarry_ws/install/libfreenect2:/home/duy/cocarry_ws/install/kinect2_calibration:/home/duy/cocarry_ws/install/kinect2_bridge:/home/duy/cocarry_ws/install/kinect2_registration:/home/duy/cocarry_ws/install/industrial_msgs LD_LIBRARY_PATH=/home/duy/cocarry_ws/install/motoros2_interfaces/lib:/home/duy/cocarry_ws/install/human_hand_msgs/lib:/home/duy/cocarry_ws/install/trac_ik_kinematics/lib:/home/duy/cocarry_ws/install/trac_ik_lib/lib:/home/duy/cocarry_ws/install/libfreenect2/lib:/home/duy/cocarry_ws/install/kinect2_registration/lib:/home/duy/cocarry_ws/install/industrial_msgs/lib:/usr/local/lib/nuitrack:/usr/lib/x86_64-linux-gnu/gazebo-11/plugins:/opt/ros/humble/opt/rviz_ogre_vendor/lib:/opt/ros/humble/lib/x86_64-linux-gnu:/opt/ros/humble/lib:/usr/local/lib/nuitrack PYTHONPATH=/home/duy/cocarry_ws/install/trajectory_predictor/lib/python3.10/site-packages:/home/duy/cocarry_ws/install/realsense_tracker/lib/python3.10/site-packages:/home/duy/cocarry_ws/install/predictor_ui/lib/python3.10/site-packages:/home/duy/cocarry_ws/install/experiment_logger/lib/python3.10/site-packages:/home/duy/cocarry_ws/install/coord_transform/lib/python3.10/site-packages:/home/duy/cocarry_ws/install/human_hand_msgs/local/lib/python3.10/dist-packages:/home/duy/cocarry_ws/install/rula_tracker/lib/python3.10/site-packages:/home/duy/cocarry_ws/install/motoros2_interfaces/local/lib/python3.10/dist-packages:/home/duy/cocarry_ws/install/industrial_msgs/local/lib/python3.10/dist-packages:/opt/ros/humble/lib/python3.10/site-packages:/opt/ros/humble/local/lib/python3.10/dist-packages /usr/bin/cmake --build /home/duy/cocarry_ws/build/hrc_bringup -- -j16 -l16[0m
[3.446s] [34mcolcon.colcon_core.event_handler.log_command[0m [1;30mDEBUG[0m [32mInvoking command in '/home/duy/cocarry_ws/build/hrc_bringup': AMENT_PREFIX_PATH=/home/duy/cocarry_ws/install/trajectory_predictor:/home/duy/cocarry_ws/install/realsense_tracker:/home/duy/cocarry_ws/install/predictor_ui:/home/duy/cocarry_ws/install/experiment_logger:/home/duy/cocarry_ws/install/coord_transform:/home/duy/cocarry_ws/install/hrc_bringup:/home/duy/cocarry_ws/install/trac_ik:/home/duy/cocarry_ws/install/trac_ik_kinematics:/home/duy/cocarry_ws/install/trac_ik_lib:/home/duy/cocarry_ws/install/rula_tracker:/home/duy/cocarry_ws/install/motoros2_client_interface_dependencies:/home/duy/cocarry_ws/install/hc10dtp_simulation:/home/duy/cocarry_ws/install/motoros2_interfaces:/home/duy/cocarry_ws/install/hc10dtp_bringup:/home/duy/cocarry_ws/install/hc10dtp_moveit_config:/home/duy/cocarry_ws/install/motoman_hc10dtp_support:/home/duy/cocarry_ws/install/motoman_gp4_support:/home/duy/cocarry_ws/install/motoman_resources:/home/duy/cocarry_ws/install/kinect2_calibration:/home/duy/cocarry_ws/install/kinect2_bridge:/home/duy/cocarry_ws/install/kinect2_registration:/home/duy/cocarry_ws/install/industrial_msgs:/opt/ros/humble CMAKE_PREFIX_PATH=/home/duy/cocarry_ws/install/hc10dtp_simulation:/home/duy/cocarry_ws/install/hc10dtp_bringup:/home/duy/cocarry_ws/install/hc10dtp_moveit_config:/home/duy/cocarry_ws/install/motoman_hc10dtp_support:/home/duy/cocarry_ws/install/motoros2_interfaces:/home/duy/cocarry_ws/install/motoman_resources:/home/duy/cocarry_ws/install/trajectory_predictor:/home/duy/cocarry_ws/install/rula_tracker:/home/duy/cocarry_ws/install/realsense_tracker:/home/duy/cocarry_ws/install/predictor_ui:/home/duy/cocarry_ws/install/experiment_logger:/home/duy/cocarry_ws/install/coord_transform:/opt/ros/humble:/home/duy/cocarry_ws/install/human_hand_msgs:/home/duy/cocarry_ws/install/hrc_bringup:/home/duy/cocarry_ws/install/trac_ik:/home/duy/cocarry_ws/install/trac_ik_kinematics:/home/duy/cocarry_ws/install/trac_ik_lib:/home/duy/cocarry_ws/install/motoros2_client_interface_dependencies:/home/duy/cocarry_ws/install/motoman_gp4_support:/home/duy/cocarry_ws/install/libfreenect2:/home/duy/cocarry_ws/install/kinect2_calibration:/home/duy/cocarry_ws/install/kinect2_bridge:/home/duy/cocarry_ws/install/kinect2_registration:/home/duy/cocarry_ws/install/industrial_msgs LD_LIBRARY_PATH=/home/duy/cocarry_ws/install/motoros2_interfaces/lib:/home/duy/cocarry_ws/install/human_hand_msgs/lib:/home/duy/cocarry_ws/install/trac_ik_kinematics/lib:/home/duy/cocarry_ws/install/trac_ik_lib/lib:/home/duy/cocarry_ws/install/libfreenect2/lib:/home/duy/cocarry_ws/install/kinect2_registration/lib:/home/duy/cocarry_ws/install/industrial_msgs/lib:/usr/local/lib/nuitrack:/usr/lib/x86_64-linux-gnu/gazebo-11/plugins:/opt/ros/humble/opt/rviz_ogre_vendor/lib:/opt/ros/humble/lib/x86_64-linux-gnu:/opt/ros/humble/lib:/usr/local/lib/nuitrack PYTHONPATH=/home/duy/cocarry_ws/install/trajectory_predictor/lib/python3.10/site-packages:/home/duy/cocarry_ws/install/realsense_tracker/lib/python3.10/site-packages:/home/duy/cocarry_ws/install/predictor_ui/lib/python3.10/site-packages:/home/duy/cocarry_ws/install/experiment_logger/lib/python3.10/site-packages:/home/duy/cocarry_ws/install/coord_transform/lib/python3.10/site-packages:/home/duy/cocarry_ws/install/human_hand_msgs/local/lib/python3.10/dist-packages:/home/duy/cocarry_ws/install/rula_tracker/lib/python3.10/site-packages:/home/duy/cocarry_ws/install/motoros2_interfaces/local/lib/python3.10/dist-packages:/home/duy/cocarry_ws/install/industrial_msgs/local/lib/python3.10/dist-packages:/opt/ros/humble/lib/python3.10/site-packages:/opt/ros/humble/local/lib/python3.10/dist-packages /usr/bin/cmake --install /home/duy/cocarry_ws/build/hrc_bringup[0m
[3.465s] [34mcolcon.colcon_core.environment[0m [1;30mLevel 1[0m create_environment_scripts_only(hrc_bringup)
[3.465s] [34mcolcon.colcon_core.event_handler.log_command[0m [1;30mDEBUG[0m [32mInvoked command in '/home/duy/cocarry_ws/build/hrc_bringup' returned '0': AMENT_PREFIX_PATH=/home/duy/cocarry_ws/install/trajectory_predictor:/home/duy/cocarry_ws/install/realsense_tracker:/home/duy/cocarry_ws/install/predictor_ui:/home/duy/cocarry_ws/install/experiment_logger:/home/duy/cocarry_ws/install/coord_transform:/home/duy/cocarry_ws/install/hrc_bringup:/home/duy/cocarry_ws/install/trac_ik:/home/duy/cocarry_ws/install/trac_ik_kinematics:/home/duy/cocarry_ws/install/trac_ik_lib:/home/duy/cocarry_ws/install/rula_tracker:/home/duy/cocarry_ws/install/motoros2_client_interface_dependencies:/home/duy/cocarry_ws/install/hc10dtp_simulation:/home/duy/cocarry_ws/install/motoros2_interfaces:/home/duy/cocarry_ws/install/hc10dtp_bringup:/home/duy/cocarry_ws/install/hc10dtp_moveit_config:/home/duy/cocarry_ws/install/motoman_hc10dtp_support:/home/duy/cocarry_ws/install/motoman_gp4_support:/home/duy/cocarry_ws/install/motoman_resources:/home/duy/cocarry_ws/install/kinect2_calibration:/home/duy/cocarry_ws/install/kinect2_bridge:/home/duy/cocarry_ws/install/kinect2_registration:/home/duy/cocarry_ws/install/industrial_msgs:/opt/ros/humble CMAKE_PREFIX_PATH=/home/duy/cocarry_ws/install/hc10dtp_simulation:/home/duy/cocarry_ws/install/hc10dtp_bringup:/home/duy/cocarry_ws/install/hc10dtp_moveit_config:/home/duy/cocarry_ws/install/motoman_hc10dtp_support:/home/duy/cocarry_ws/install/motoros2_interfaces:/home/duy/cocarry_ws/install/motoman_resources:/home/duy/cocarry_ws/install/trajectory_predictor:/home/duy/cocarry_ws/install/rula_tracker:/home/duy/cocarry_ws/install/realsense_tracker:/home/duy/cocarry_ws/install/predictor_ui:/home/duy/cocarry_ws/install/experiment_logger:/home/duy/cocarry_ws/install/coord_transform:/opt/ros/humble:/home/duy/cocarry_ws/install/human_hand_msgs:/home/duy/cocarry_ws/install/hrc_bringup:/home/duy/cocarry_ws/install/trac_ik:/home/duy/cocarry_ws/install/trac_ik_kinematics:/home/duy/cocarry_ws/install/trac_ik_lib:/home/duy/cocarry_ws/install/motoros2_client_interface_dependencies:/home/duy/cocarry_ws/install/motoman_gp4_support:/home/duy/cocarry_ws/install/libfreenect2:/home/duy/cocarry_ws/install/kinect2_calibration:/home/duy/cocarry_ws/install/kinect2_bridge:/home/duy/cocarry_ws/install/kinect2_registration:/home/duy/cocarry_ws/install/industrial_msgs LD_LIBRARY_PATH=/home/duy/cocarry_ws/install/motoros2_interfaces/lib:/home/duy/cocarry_ws/install/human_hand_msgs/lib:/home/duy/cocarry_ws/install/trac_ik_kinematics/lib:/home/duy/cocarry_ws/install/trac_ik_lib/lib:/home/duy/cocarry_ws/install/libfreenect2/lib:/home/duy/cocarry_ws/install/kinect2_registration/lib:/home/duy/cocarry_ws/install/industrial_msgs/lib:/usr/local/lib/nuitrack:/usr/lib/x86_64-linux-gnu/gazebo-11/plugins:/opt/ros/humble/opt/rviz_ogre_vendor/lib:/opt/ros/humble/lib/x86_64-linux-gnu:/opt/ros/humble/lib:/usr/local/lib/nuitrack PYTHONPATH=/home/duy/cocarry_ws/install/trajectory_predictor/lib/python3.10/site-packages:/home/duy/cocarry_ws/install/realsense_tracker/lib/python3.10/site-packages:/home/duy/cocarry_ws/install/predictor_ui/lib/python3.10/site-packages:/home/duy/cocarry_ws/install/experiment_logger/lib/python3.10/site-packages:/home/duy/cocarry_ws/install/coord_transform/lib/python3.10/site-packages:/home/duy/cocarry_ws/install/human_hand_msgs/local/lib/python3.10/dist-packages:/home/duy/cocarry_ws/install/rula_tracker/lib/python3.10/site-packages:/home/duy/cocarry_ws/install/motoros2_interfaces/local/lib/python3.10/dist-packages:/home/duy/cocarry_ws/install/industrial_msgs/local/lib/python3.10/dist-packages:/opt/ros/humble/lib/python3.10/site-packages:/opt/ros/humble/local/lib/python3.10/dist-packages /usr/bin/cmake --install /home/duy/cocarry_ws/build/hrc_bringup[0m
[3.466s] [34mcolcon.colcon_core.environment[0m [1;30mLevel 1[0m checking '/home/duy/cocarry_ws/install/hrc_bringup' for CMake module files
[3.466s] [34mcolcon.colcon_core.environment[0m [1;30mLevel 1[0m checking '/home/duy/cocarry_ws/install/hrc_bringup' for CMake config files
[3.466s] [34mcolcon.colcon_core.shell[0m [1;30mLevel 1[0m create_environment_hook('hrc_bringup', 'cmake_prefix_path')
[3.466s] [34mcolcon.colcon_core.shell[0m [1;30mINFO[0m Creating environment hook '/home/duy/cocarry_ws/install/hrc_bringup/share/hrc_bringup/hook/cmake_prefix_path.ps1'
[3.466s] [34mcolcon.colcon_core.shell[0m [1;30mINFO[0m Creating environment descriptor '/home/duy/cocarry_ws/install/hrc_bringup/share/hrc_bringup/hook/cmake_prefix_path.dsv'
[3.467s] [34mcolcon.colcon_core.shell[0m [1;30mINFO[0m Creating environment hook '/home/duy/cocarry_ws/install/hrc_bringup/share/hrc_bringup/hook/cmake_prefix_path.sh'
[3.467s] [34mcolcon.colcon_core.environment[0m [1;30mLevel 1[0m checking '/home/duy/cocarry_ws/install/hrc_bringup/bin'
[3.467s] [34mcolcon.colcon_core.environment[0m [1;30mLevel 1[0m checking '/home/duy/cocarry_ws/install/hrc_bringup/lib/pkgconfig/hrc_bringup.pc'
[3.467s] [34mcolcon.colcon_core.environment[0m [1;30mLevel 1[0m checking '/home/duy/cocarry_ws/install/hrc_bringup/lib/python3.10/site-packages'
[3.467s] [34mcolcon.colcon_core.environment[0m [1;30mLevel 1[0m checking '/home/duy/cocarry_ws/install/hrc_bringup/bin'
[3.468s] [34mcolcon.colcon_core.shell[0m [1;30mINFO[0m Creating package script '/home/duy/cocarry_ws/install/hrc_bringup/share/hrc_bringup/package.ps1'
[3.468s] [34mcolcon.colcon_core.shell[0m [1;30mINFO[0m Creating package descriptor '/home/duy/cocarry_ws/install/hrc_bringup/share/hrc_bringup/package.dsv'
[3.468s] [34mcolcon.colcon_core.shell[0m [1;30mINFO[0m Creating package script '/home/duy/cocarry_ws/install/hrc_bringup/share/hrc_bringup/package.sh'
[3.468s] [34mcolcon.colcon_core.shell[0m [1;30mINFO[0m Creating package script '/home/duy/cocarry_ws/install/hrc_bringup/share/hrc_bringup/package.bash'
[3.468s] [34mcolcon.colcon_core.shell[0m [1;30mINFO[0m Creating package script '/home/duy/cocarry_ws/install/hrc_bringup/share/hrc_bringup/package.zsh'
[3.469s] [34mcolcon.colcon_core.environment[0m [1;30mLevel 1[0m create_file_with_runtime_dependencies(/home/duy/cocarry_ws/install/hrc_bringup/share/colcon-core/packages/hrc_bringup)
[3.469s] [34mcolcon.colcon_core.environment[0m [1;30mLevel 1[0m create_environment_scripts_only(hrc_bringup)
[3.469s] [34mcolcon.colcon_core.environment[0m [1;30mLevel 1[0m checking '/home/duy/cocarry_ws/install/hrc_bringup' for CMake module files
[3.469s] [34mcolcon.colcon_core.environment[0m [1;30mLevel 1[0m checking '/home/duy/cocarry_ws/install/hrc_bringup' for CMake config files
[3.469s] [34mcolcon.colcon_core.shell[0m [1;30mLevel 1[0m create_environment_hook('hrc_bringup', 'cmake_prefix_path')
[3.469s] [34mcolcon.colcon_core.shell[0m [1;30mINFO[0m Creating environment hook '/home/duy/cocarry_ws/install/hrc_bringup/share/hrc_bringup/hook/cmake_prefix_path.ps1'
[3.470s] [34mcolcon.colcon_core.shell[0m [1;30mINFO[0m Creating environment descriptor '/home/duy/cocarry_ws/install/hrc_bringup/share/hrc_bringup/hook/cmake_prefix_path.dsv'
[3.470s] [34mcolcon.colcon_core.shell[0m [1;30mINFO[0m Creating environment hook '/home/duy/cocarry_ws/install/hrc_bringup/share/hrc_bringup/hook/cmake_prefix_path.sh'
[3.470s] [34mcolcon.colcon_core.environment[0m [1;30mLevel 1[0m checking '/home/duy/cocarry_ws/install/hrc_bringup/bin'
[3.470s] [34mcolcon.colcon_core.environment[0m [1;30mLevel 1[0m checking '/home/duy/cocarry_ws/install/hrc_bringup/lib/pkgconfig/hrc_bringup.pc'
[3.470s] [34mcolcon.colcon_core.environment[0m [1;30mLevel 1[0m checking '/home/duy/cocarry_ws/install/hrc_bringup/lib/python3.10/site-packages'
[3.470s] [34mcolcon.colcon_core.environment[0m [1;30mLevel 1[0m checking '/home/duy/cocarry_ws/install/hrc_bringup/bin'
[3.471s] [34mcolcon.colcon_core.shell[0m [1;30mINFO[0m Creating package script '/home/duy/cocarry_ws/install/hrc_bringup/share/hrc_bringup/package.ps1'
[3.471s] [34mcolcon.colcon_core.shell[0m [1;30mINFO[0m Creating package descriptor '/home/duy/cocarry_ws/install/hrc_bringup/share/hrc_bringup/package.dsv'
[3.471s] [34mcolcon.colcon_core.shell[0m [1;30mINFO[0m Creating package script '/home/duy/cocarry_ws/install/hrc_bringup/share/hrc_bringup/package.sh'
[3.471s] [34mcolcon.colcon_core.shell[0m [1;30mINFO[0m Creating package script '/home/duy/cocarry_ws/install/hrc_bringup/share/hrc_bringup/package.bash'
[3.472s] [34mcolcon.colcon_core.shell[0m [1;30mINFO[0m Creating package script '/home/duy/cocarry_ws/install/hrc_bringup/share/hrc_bringup/package.zsh'
[3.472s] [34mcolcon.colcon_core.environment[0m [1;30mLevel 1[0m create_file_with_runtime_dependencies(/home/duy/cocarry_ws/install/hrc_bringup/share/colcon-core/packages/hrc_bringup)
[3.472s] [34mcolcon.colcon_parallel_executor.executor.parallel[0m [1;30mDEBUG[0m [32mclosing loop[0m
[3.472s] [34mcolcon.colcon_parallel_executor.executor.parallel[0m [1;30mDEBUG[0m [32mloop closed[0m
[3.472s] [34mcolcon.colcon_parallel_executor.executor.parallel[0m [1;30mDEBUG[0m [32mrun_until_complete finished with '0'[0m
[3.472s] [34mcolcon.colcon_core.event_reactor[0m [1;30mDEBUG[0m [32mjoining thread[0m
[3.476s] [34mcolcon.colcon_core.plugin_system[0m [1;30mINFO[0m Skipping extension 'colcon_notification.desktop_notification.terminal_notifier': Not used on non-Darwin systems
[3.476s] [34mcolcon.colcon_core.plugin_system[0m [1;30mINFO[0m Skipping extension 'colcon_notification.desktop_notification.win32': Not used on non-Windows systems
[3.476s] [34mcolcon.colcon_notification.desktop_notification[0m [1;30mINFO[0m Sending desktop notification using 'notify2'
[3.485s] [34mcolcon.colcon_core.event_reactor[0m [1;30mDEBUG[0m [32mjoined thread[0m
[3.485s] [34mcolcon.colcon_core.shell[0m [1;30mINFO[0m Creating prefix script '/home/duy/cocarry_ws/install/local_setup.ps1'
[3.486s] [34mcolcon.colcon_core.shell[0m [1;30mINFO[0m Creating prefix util module '/home/duy/cocarry_ws/install/_local_setup_util_ps1.py'
[3.487s] [34mcolcon.colcon_core.shell[0m [1;30mINFO[0m Creating prefix chain script '/home/duy/cocarry_ws/install/setup.ps1'
[3.488s] [34mcolcon.colcon_core.shell[0m [1;30mINFO[0m Creating prefix script '/home/duy/cocarry_ws/install/local_setup.sh'
[3.488s] [34mcolcon.colcon_core.shell[0m [1;30mINFO[0m Creating prefix util module '/home/duy/cocarry_ws/install/_local_setup_util_sh.py'
[3.489s] [34mcolcon.colcon_core.shell[0m [1;30mINFO[0m Creating prefix chain script '/home/duy/cocarry_ws/install/setup.sh'
[3.489s] [34mcolcon.colcon_core.shell[0m [1;30mINFO[0m Creating prefix script '/home/duy/cocarry_ws/install/local_setup.bash'
[3.490s] [34mcolcon.colcon_core.shell[0m [1;30mINFO[0m Creating prefix chain script '/home/duy/cocarry_ws/install/setup.bash'
[3.491s] [34mcolcon.colcon_core.shell[0m [1;30mINFO[0m Creating prefix script '/home/duy/cocarry_ws/install/local_setup.zsh'
[3.491s] [34mcolcon.colcon_core.shell[0m [1;30mINFO[0m Creating prefix chain script '/home/duy/cocarry_ws/install/setup.zsh'
